,0,1,2,3,4,5,6,7,8,9,10,11,12,13,14,15,16,17,18,19,20,21,22,23,24,25,26,27,28,29,30,31,32,33,34,35,36,37,38,39,40,41,42,43,44,45,46,47,48,49,50,51,52,53,54,55,56,57,58,59,60,61,62,63,64,65,66,67,68,69,70,71,72,73,74,75,76,77,78,79,80,81,82,83,84,85,86,87,88,89,90,91,92,93,94,95,96,97,98,99,100,101,102,103,104,105,106,107,108,109,110,111,112,113,114,115,116,117,118,119,120,121,122,123,124,125,126,127,128,129,130,131,132,133,134,135,136,137,138,139,140,141,142,143,144,145,146,147,148,149,150,151,152,153,154,155,156,157,158,159,160,161,162,163,164,165,166,167,168,169,170,171,172,173,174,175,176,177,178,179,180,181,182,183,184,185,186,187,188,189,190,191,192,193,194,195,196,197,198,199,200,201,202,203,204,205,206,207,208,209,210,211,212,213,214,215,216,217,218,219,220,221,222,223,224,225,226,227,228,229,230,231,232,233,234,235,236,237,238,239,240,241,242,243,244,245,246,247,248,249,250,251,252,253,254,255,256,257,258,259,260,261,262,263,264,265,266,267,268,269,270,271,272,273,274,275,276,277,278,279,280,281,282,283,284,285,286,287,288,289,290,291,292,293,294,295,296,297,298,299,300,301,302,303,304,305,306,307,308,309,310,311,312,313,314,315,316,317,318,319,320,321,322,323,324,325,326,327,328,329,330,331,332,333,334,335,336,337,338,339,340,341,342,343,344,345,346,347,348,349,350,351,352,353,354,355,356,357,358,359,360,361,362,363,364,365,366,367,368,369,370,371,372,373,374,375,376,377,378,379,380,381,382,383,384,385,386,387,388,389,390,391,392,393,394,395,396,397,398,399,400,401,402,403,404,405,406,407,408,409,410,411,412,413,414,415,416,417,418,419,420,421,422,423,424,425,426,427,428,429,430,431,432,433,434,435,436,437,438,439,440,441,442,443,444,445,446,447,448,449,450,451,452,453,454,455,456,457,458,459,460,461,462,463,464,465,466,467,468,469,470,471,472,473,474,475,476,477,478,479,480,481,482,483,484,485,486,487,488,489,490,491,492,493,494,495,496,497,498,499,500,501,502,503,504,505,506,507,508,509,510,511,512,513,514,515,516,517,518,519,520,521,522,523,524,525,526,527,528,529,530,531,532,533,534,535,536,537,538,539,540,541,542,543,544,545,546,547,548,549,550,551,552,553,554,555,556,557,558,559,560,561,562,563,564,565,566,567,568,569,570,571,572,573,574,575,576,577,578,579,580,581,582,583,584,585,586,587,588,589,590,591,592,593,594,595,596,597,598,599,600,601,602,603,604,605,606,607,608,609,610,611,612,613,614,615,616,617,618,619,620,621,622,623,624,625,626,627,628,629,630,631,632,633,634,635,636,637,638,639,640,641,642,643,644,645,646,647,648,649,650,651,652,653,654,655,656,657,658,659,660,661,662,663,664,665,666,667,668,669,670,671,672,673,674,675,676,677,678,679,680,681,682,683,684,685,686,687,688,689,690,691,692,693,694,695,696,697
A0A069S9I0,0,-1,-1,-1,-1,-1,-1,-1,-1,-1,-1,-1,-1,-1,-1,-1,-1,-1,-1,-1,-1,1,2,3,4,-1,-1,-1,-1,-1,-1,-1,-1,-1,-1,-1,-1,-1,-1,5,6,7,8,9,10,11,12,13,14,15,-1,-1,-1,-1,-1,-1,-1,-1,-1,-1,-1,-1,-1,-1,-1,-1,-1,-1,-1,-1,-1,-1,-1,-1,-1,-1,-1,-1,-1,-1,-1,-1,-1,-1,-1,-1,-1,-1,-1,-1,-1,-1,-1,-1,-1,-1,-1,-1,-1,-1,-1,-1,-1,-1,-1,-1,-1,-1,-1,-1,-1,-1,-1,-1,-1,-1,-1,-1,-1,-1,-1,-1,-1,-1,-1,16,17,18,19,20,21,22,23,-1,24,25,26,27,28,-1,29,30,31,32,33,-1,-1,-1,34,35,36,37,38,39,40,41,42,43,44,45,46,-1,47,48,49,50,51,52,53,54,55,56,57,58,59,60,61,62,63,-1,-1,-1,-1,-1,-1,-1,64,65,66,67,68,-1,-1,-1,-1,69,70,71,72,73,74,75,76,77,78,79,80,81,82,83,84,-1,-1,-1,-1,-1,-1,-1,-1,-1,-1,-1,-1,-1,-1,85,86,87,88,89,90,91,92,93,94,95,96,97,98,99,100,101,102,103,104,105,106,107,108,109,110,111,112,-1,113,114,115,116,117,-1,-1,118,119,-1,-1,-1,-1,-1,-1,-1,-1,-1,-1,-1,120,121,122,123,124,-1,125,126,127,128,129,130,131,132,133,134,135,136,137,138,139,140,141,142,143,144,145,146,147,148,149,-1,-1,150,151,152,153,154,155,156,157,158,-1,-1,-1,159,160,-1,-1,-1,-1,-1,-1,-1,-1,-1,-1,-1,-1,-1,-1,-1,-1,-1,-1,-1,-1,-1,-1,-1,-1,-1,-1,-1,-1,161,162,163,164,165,166,167,168,169,170,171,172,173,174,175,176,177,178,179,180,181,182,-1,183,184,-1,-1,-1,-1,185,186,187,188,189,190,-1,-1,-1,-1,-1,-1,-1,-1,-1,191,192,193,194,195,196,197,198,199,200,201,202,203,204,205,206,207,208,209,210,-1,-1,-1,-1,-1,211,212,213,214,-1,-1,-1,-1,-1,-1,-1,-1,-1,-1,-1,215,216,217,218,219,220,221,222,223,224,-1,-1,-1,225,226,227,228,229,230,-1,-1,-1,-1,-1,-1,-1,-1,-1,-1,231,232,233,234,235,236,237,238,-1,-1,-1,-1,-1,-1,239,240,241,242,243,244,-1,-1,245,246,247,248,249,250,251,252,253,254,255,256,257,258,259,260,-1,-1,-1,-1,-1,-1,-1,-1,-1,-1,-1,-1,-1,-1,-1,-1,-1,-1,-1,261,262,263,264,265,-1,266,267,268,269,270,271,272,273,274,-1,275,276,277,278,279,280,281,282,283,284,285,-1,-1,286,287,288,289,290,-1,-1,291,-1,292,293,294,-1,-1,-1,-1,-1,295,-1,296,297,298,299,300,301,302,303,304,305,-1,-1,-1,-1,-1,-1,-1,-1,-1,-1,-1,306,307,308,309,310,311,312,313,-1,-1,-1,314,315,316,317,318,319,320,321,322,-1,323,324,325,326,327,328,329,330,331,332,333,334,335,336,337,338,-1,339,340,341,342,343,344,345,346,-1,-1,-1,-1,-1,-1,-1,347,348,349,350,351,352,353,354,355,356,357,358,-1,-1,-1,-1,-1,-1,-1,-1,-1,-1,-1,-1,-1,-1,-1,-1,-1,-1,-1,-1,-1,-1,-1,-1,-1,-1,-1,-1,-1,-1,-1,-1,-1,-1,-1,-1,-1,-1,-1,-1,-1,-1,-1,-1,-1
A0A078S2R5,-1,-1,-1,-1,-1,-1,-1,-1,-1,-1,-1,-1,-1,-1,-1,-1,-1,-1,-1,-1,-1,-1,0,1,2,3,4,5,6,-1,-1,-1,-1,-1,-1,-1,-1,-1,-1,7,8,9,10,11,12,13,14,15,16,17,-1,-1,-1,-1,-1,-1,-1,-1,-1,-1,-1,-1,-1,-1,-1,-1,-1,-1,-1,-1,-1,-1,-1,-1,-1,-1,-1,-1,-1,-1,-1,-1,-1,-1,-1,-1,-1,-1,-1,-1,-1,-1,-1,-1,-1,-1,-1,-1,-1,-1,-1,-1,-1,-1,-1,-1,-1,-1,-1,-1,-1,-1,-1,-1,-1,-1,-1,-1,-1,-1,-1,-1,-1,-1,-1,18,19,20,21,22,23,24,25,-1,26,27,28,29,30,-1,31,32,33,34,35,-1,-1,-1,36,37,38,39,40,41,42,43,44,45,46,47,48,-1,49,50,51,52,53,54,55,56,57,58,59,60,61,62,63,64,65,-1,-1,-1,-1,-1,-1,-1,66,67,68,69,70,-1,-1,-1,71,72,73,74,75,76,77,78,79,80,81,82,83,84,85,86,87,-1,-1,-1,-1,-1,-1,-1,-1,-1,-1,-1,-1,-1,-1,88,89,90,91,92,93,94,95,96,97,98,99,100,101,102,103,104,105,106,107,108,109,110,111,112,113,114,115,-1,116,117,118,119,120,-1,-1,121,122,-1,-1,-1,-1,-1,-1,-1,-1,-1,-1,-1,123,124,125,126,127,-1,128,129,130,131,132,133,134,135,136,137,138,139,140,141,142,143,144,145,146,147,148,149,150,151,152,-1,-1,153,154,155,156,157,158,159,160,-1,-1,-1,-1,-1,161,-1,-1,-1,-1,-1,-1,-1,-1,-1,-1,-1,-1,-1,-1,-1,-1,-1,-1,-1,-1,-1,-1,-1,-1,-1,-1,-1,-1,162,163,164,165,166,167,168,169,170,171,172,173,174,175,176,177,178,179,180,181,182,183,-1,184,185,-1,-1,-1,-1,186,187,188,189,190,191,-1,-1,-1,-1,-1,-1,-1,-1,-1,192,193,194,195,196,197,198,199,200,201,202,203,204,205,206,207,208,209,210,211,-1,-1,-1,-1,-1,212,213,214,215,-1,-1,-1,-1,-1,-1,-1,-1,-1,-1,-1,216,217,218,219,220,221,222,223,224,225,-1,-1,-1,226,227,228,229,230,231,-1,-1,-1,-1,-1,-1,-1,-1,-1,-1,232,233,234,235,236,237,238,239,-1,-1,-1,-1,-1,-1,240,241,242,243,244,245,-1,-1,246,247,248,249,250,251,252,253,254,255,256,257,258,259,260,261,-1,-1,-1,-1,-1,-1,-1,-1,-1,-1,-1,-1,-1,-1,-1,-1,-1,-1,-1,262,263,264,265,266,-1,267,268,269,270,271,272,273,274,275,-1,276,277,278,279,280,281,282,283,284,285,286,-1,-1,287,288,289,290,291,-1,-1,292,-1,293,294,295,-1,-1,-1,-1,-1,296,297,298,299,300,301,302,303,304,305,306,307,-1,-1,-1,-1,-1,-1,-1,-1,-1,-1,-1,308,309,310,311,312,313,314,315,-1,-1,-1,316,317,318,319,320,321,322,323,324,-1,325,326,327,328,329,330,331,332,333,334,335,336,337,338,339,340,-1,341,342,343,344,345,346,347,348,-1,-1,-1,-1,-1,-1,-1,349,350,351,352,353,354,355,356,357,358,359,360,-1,-1,-1,-1,-1,-1,-1,-1,-1,-1,-1,-1,-1,-1,-1,-1,-1,-1,-1,-1,-1,-1,-1,-1,-1,-1,-1,-1,-1,-1,-1,-1,-1,-1,-1,-1,-1,-1,-1,-1,-1,-1,-1,-1,-1
A0A096B1U0,-1,-1,-1,-1,-1,-1,-1,-1,-1,-1,-1,-1,-1,-1,-1,-1,-1,-1,-1,-1,-1,-1,0,1,2,3,4,5,6,7,8,9,10,11,12,13,14,15,16,17,18,19,20,21,22,23,24,25,26,27,28,29,30,31,32,33,34,35,36,37,38,39,40,41,42,43,44,45,46,47,48,49,50,-1,-1,-1,-1,51,52,53,54,55,56,57,58,59,60,61,62,63,64,65,66,67,68,69,70,71,72,73,74,75,76,77,78,79,80,81,82,83,84,85,86,87,88,89,90,91,92,93,-1,94,95,96,97,98,99,100,101,102,103,104,105,-1,106,107,108,109,110,-1,111,112,113,114,115,-1,-1,-1,116,117,118,119,120,121,122,123,124,125,-1,126,127,-1,128,129,130,131,132,133,134,135,136,137,138,139,140,141,142,143,144,-1,-1,-1,-1,-1,-1,-1,-1,-1,-1,-1,-1,-1,-1,-1,-1,-1,-1,-1,-1,-1,145,146,147,148,149,150,151,152,153,154,155,156,157,158,159,160,161,162,163,164,165,166,167,168,169,170,171,172,173,174,175,176,177,178,179,180,181,182,183,184,185,186,187,188,189,190,191,192,193,194,195,196,197,-1,198,-1,-1,-1,-1,-1,-1,199,200,-1,-1,-1,-1,-1,-1,-1,-1,-1,-1,-1,201,202,203,204,205,-1,206,207,208,209,210,211,212,213,214,215,216,217,218,219,220,221,222,223,224,225,226,227,228,229,230,-1,-1,231,232,233,234,235,236,237,-1,-1,-1,-1,-1,-1,-1,-1,-1,-1,-1,-1,-1,-1,-1,-1,-1,-1,-1,-1,-1,-1,-1,-1,-1,-1,-1,-1,-1,-1,-1,-1,-1,-1,-1,238,239,240,241,242,243,244,245,246,247,248,249,250,251,252,253,254,255,256,257,258,259,-1,260,261,-1,-1,-1,-1,262,263,264,265,266,267,268,269,-1,-1,-1,-1,-1,-1,-1,-1,-1,-1,-1,270,271,272,-1,-1,-1,-1,-1,-1,-1,-1,-1,-1,-1,-1,-1,-1,-1,-1,-1,-1,273,274,275,276,-1,-1,-1,-1,-1,-1,-1,-1,-1,-1,-1,-1,-1,-1,-1,-1,-1,-1,-1,-1,-1,-1,-1,-1,-1,-1,-1,-1,-1,-1,-1,-1,-1,-1,-1,-1,-1,-1,-1,-1,277,278,279,280,281,282,283,-1,-1,-1,-1,-1,-1,-1,-1,-1,-1,-1,-1,-1,-1,-1,-1,284,285,286,287,288,289,290,291,292,293,294,295,296,297,298,-1,-1,-1,-1,-1,-1,-1,-1,299,-1,-1,-1,-1,-1,-1,-1,-1,-1,-1,-1,-1,-1,-1,-1,-1,300,301,302,303,304,305,306,307,308,-1,309,310,311,312,313,314,315,316,317,318,319,320,-1,-1,-1,-1,-1,-1,-1,-1,321,-1,322,323,324,-1,-1,-1,-1,-1,-1,-1,-1,-1,-1,325,326,327,328,329,330,331,-1,-1,-1,-1,-1,-1,-1,-1,-1,-1,-1,332,333,334,335,336,337,338,339,340,341,342,343,344,345,346,347,348,349,350,351,-1,-1,-1,-1,-1,-1,-1,-1,-1,-1,-1,-1,-1,-1,-1,-1,-1,-1,352,353,-1,354,355,356,357,358,-1,-1,-1,-1,-1,-1,-1,-1,-1,-1,-1,-1,-1,-1,-1,-1,-1,-1,-1,-1,-1,-1,-1,-1,-1,-1,-1,-1,-1,-1,-1,-1,-1,-1,-1,-1,-1,-1,-1,-1,-1,-1,-1,-1,-1,-1,-1,-1,-1,-1,-1,-1,-1,-1,-1,-1,-1,-1,-1,-1,-1,-1,-1,-1
A0A096DGB7,-1,-1,-1,-1,-1,-1,-1,-1,-1,-1,-1,-1,-1,-1,-1,-1,-1,-1,-1,-1,-1,-1,0,1,2,3,4,5,6,-1,-1,-1,-1,-1,-1,-1,-1,-1,-1,-1,-1,-1,-1,-1,-1,7,8,9,10,11,-1,-1,-1,-1,-1,-1,-1,-1,-1,-1,-1,-1,-1,-1,-1,-1,-1,-1,-1,-1,-1,-1,-1,-1,-1,-1,-1,-1,-1,-1,-1,-1,-1,-1,-1,-1,-1,-1,-1,-1,-1,-1,-1,-1,-1,-1,-1,-1,-1,-1,-1,-1,-1,-1,-1,-1,-1,-1,-1,-1,-1,-1,-1,-1,-1,-1,-1,-1,-1,-1,-1,-1,-1,-1,-1,12,13,14,15,16,17,18,19,-1,20,21,22,23,24,-1,25,26,27,28,29,-1,-1,-1,30,31,32,33,34,35,36,37,38,39,40,41,42,-1,43,44,45,46,47,48,49,50,51,52,53,54,55,56,57,58,59,-1,-1,-1,-1,-1,-1,-1,60,61,62,63,64,65,66,67,68,69,70,71,72,73,74,75,76,77,78,79,80,81,82,83,84,85,-1,-1,-1,-1,-1,86,87,88,-1,-1,-1,-1,-1,-1,89,90,91,92,93,94,95,96,97,98,99,100,101,102,103,104,105,106,107,108,109,110,111,112,113,114,115,-1,116,117,118,119,-1,-1,-1,120,121,-1,-1,-1,-1,-1,-1,-1,-1,-1,-1,-1,122,123,124,125,126,-1,127,128,129,130,131,132,133,134,135,136,137,138,139,140,141,142,143,144,145,146,147,148,149,150,151,152,-1,153,154,155,156,157,158,159,160,161,162,163,-1,-1,-1,-1,-1,-1,-1,-1,-1,-1,-1,-1,-1,-1,-1,-1,-1,-1,-1,-1,-1,-1,-1,-1,-1,-1,-1,-1,-1,-1,-1,164,165,166,167,168,169,170,171,172,173,174,175,176,177,178,179,180,181,182,183,184,185,-1,186,187,-1,-1,-1,-1,188,189,190,191,192,193,-1,-1,-1,-1,-1,-1,-1,-1,-1,194,195,196,197,198,199,200,201,202,203,204,205,206,207,208,209,210,211,212,213,-1,-1,-1,-1,-1,214,215,216,217,-1,-1,-1,-1,-1,-1,-1,-1,-1,-1,-1,218,219,220,221,222,223,224,225,226,227,-1,-1,-1,228,229,230,231,232,233,-1,-1,-1,-1,-1,-1,-1,-1,-1,-1,234,235,236,237,238,239,240,241,-1,-1,-1,-1,-1,-1,242,243,244,245,246,247,-1,-1,248,249,250,251,252,253,254,255,256,257,258,259,260,261,262,263,-1,-1,-1,-1,-1,-1,-1,-1,-1,-1,-1,-1,-1,-1,-1,-1,-1,-1,-1,264,265,266,267,268,-1,269,270,271,272,273,274,275,276,277,-1,278,279,280,281,282,283,284,285,286,287,288,-1,-1,289,290,291,292,293,294,-1,295,296,297,298,299,300,301,302,303,304,305,306,307,308,309,310,311,312,313,314,315,316,-1,-1,-1,-1,-1,-1,-1,-1,-1,-1,-1,317,318,319,320,321,322,323,324,-1,-1,-1,325,326,327,328,329,330,331,332,333,-1,334,335,336,337,338,339,340,341,342,343,-1,344,345,346,347,348,-1,349,350,351,352,353,354,355,356,-1,-1,-1,-1,-1,-1,-1,-1,-1,357,358,359,360,361,362,363,364,-1,-1,-1,-1,-1,-1,-1,-1,-1,-1,-1,-1,-1,-1,-1,-1,-1,-1,-1,-1,-1,-1,-1,-1,-1,-1,-1,-1,-1,-1,-1,-1,-1,-1,-1,-1,-1,365,366,-1,-1,-1,-1,-1,-1,367,368
A0A096KTH7,-1,-1,-1,-1,-1,-1,-1,-1,-1,-1,-1,-1,-1,-1,-1,-1,-1,-1,-1,-1,-1,-1,-1,-1,-1,-1,-1,-1,-1,-1,-1,-1,-1,-1,-1,-1,-1,-1,-1,-1,-1,-1,-1,-1,-1,-1,-1,-1,-1,-1,-1,-1,-1,-1,-1,-1,-1,-1,-1,-1,-1,-1,-1,-1,-1,-1,-1,-1,-1,-1,-1,-1,-1,-1,-1,-1,-1,-1,-1,-1,-1,-1,-1,-1,-1,-1,-1,-1,-1,-1,-1,-1,-1,-1,-1,-1,-1,-1,-1,-1,-1,-1,-1,-1,-1,-1,-1,-1,-1,-1,-1,-1,-1,-1,-1,-1,-1,-1,-1,-1,-1,-1,-1,-1,-1,-1,-1,-1,-1,-1,0,1,2,-1,3,4,5,6,7,-1,8,9,10,11,12,-1,-1,-1,13,14,15,16,17,18,19,20,21,22,-1,23,24,-1,25,26,27,28,29,30,31,32,33,34,35,36,37,38,39,40,41,-1,-1,-1,-1,-1,-1,-1,42,43,-1,-1,-1,-1,-1,-1,-1,-1,-1,44,45,46,47,48,49,50,51,52,53,54,55,56,57,-1,-1,-1,-1,-1,-1,58,59,60,-1,-1,-1,-1,-1,-1,61,62,63,64,65,66,67,68,69,70,71,72,73,74,75,76,77,78,79,80,81,82,83,84,85,86,87,-1,88,89,90,91,-1,-1,-1,92,93,-1,-1,-1,-1,-1,-1,-1,-1,-1,-1,-1,94,95,96,97,98,-1,99,100,101,102,103,104,105,106,107,108,109,110,111,112,113,114,115,116,117,118,119,120,121,122,123,-1,-1,124,125,126,127,128,129,130,131,132,133,134,-1,135,136,-1,-1,-1,-1,-1,-1,-1,-1,-1,-1,-1,-1,-1,-1,-1,-1,-1,-1,-1,-1,-1,-1,-1,-1,-1,-1,-1,-1,137,138,139,140,141,142,143,144,145,146,147,148,-1,149,150,151,152,153,154,155,156,157,-1,158,159,-1,-1,-1,-1,160,161,162,163,164,165,-1,-1,-1,-1,-1,-1,-1,-1,-1,166,167,168,169,170,171,172,173,174,175,176,177,178,179,180,181,182,183,184,185,-1,-1,-1,-1,-1,186,187,188,189,-1,-1,-1,-1,-1,-1,-1,-1,-1,-1,-1,190,191,192,193,194,195,196,197,198,199,-1,-1,-1,200,201,202,203,204,205,-1,-1,-1,-1,-1,-1,-1,-1,-1,-1,206,207,208,209,210,211,212,213,-1,-1,-1,-1,-1,-1,214,215,216,217,218,219,-1,-1,220,221,222,223,224,225,226,227,228,229,230,231,232,233,234,235,-1,-1,-1,-1,-1,-1,-1,-1,-1,-1,-1,-1,-1,-1,-1,-1,-1,-1,-1,236,237,238,239,240,-1,241,242,243,244,245,246,247,248,249,-1,250,251,252,253,254,255,256,257,258,259,260,-1,-1,261,262,263,264,265,266,-1,267,-1,268,269,270,-1,-1,-1,-1,-1,-1,-1,-1,-1,-1,271,272,273,274,275,276,277,-1,-1,-1,-1,-1,-1,-1,-1,-1,-1,-1,278,279,280,281,282,283,284,285,-1,-1,-1,286,287,288,289,290,291,292,293,294,-1,295,296,297,298,299,300,301,302,303,304,305,306,307,308,309,310,-1,311,312,313,314,315,316,317,318,-1,-1,-1,-1,-1,-1,-1,-1,-1,-1,-1,-1,-1,-1,-1,-1,-1,-1,-1,-1,-1,-1,-1,-1,-1,-1,-1,-1,-1,-1,-1,-1,-1,-1,-1,-1,-1,-1,-1,-1,-1,-1,-1,-1,-1,-1,-1,-1,-1,-1,-1,-1,-1,-1,-1,-1,-1,-1,-1,-1,-1,-1,319,320
A0A0B8QU93,-1,-1,-1,-1,-1,-1,-1,-1,-1,-1,-1,-1,-1,-1,-1,-1,-1,-1,-1,-1,-1,-1,-1,-1,-1,-1,-1,-1,-1,-1,-1,-1,-1,-1,-1,-1,-1,-1,-1,-1,-1,-1,-1,-1,-1,-1,-1,-1,-1,-1,-1,-1,-1,-1,-1,-1,-1,-1,-1,-1,-1,-1,-1,-1,-1,-1,-1,-1,-1,-1,-1,-1,-1,-1,-1,-1,-1,-1,-1,-1,-1,-1,-1,-1,-1,-1,-1,-1,-1,-1,-1,-1,-1,-1,-1,-1,-1,-1,-1,-1,-1,-1,-1,-1,-1,-1,-1,-1,-1,-1,-1,-1,-1,-1,-1,-1,-1,-1,-1,-1,-1,-1,-1,-1,-1,-1,-1,-1,-1,-1,0,1,2,-1,3,4,5,6,7,-1,8,9,10,11,12,-1,-1,-1,13,14,15,16,17,18,19,20,21,22,-1,-1,23,-1,24,25,26,27,28,29,30,31,32,33,34,35,36,37,38,39,40,-1,-1,-1,-1,-1,-1,-1,41,42,43,-1,-1,-1,-1,-1,-1,-1,-1,44,45,46,47,48,49,50,51,52,53,54,55,56,57,58,-1,-1,-1,-1,-1,59,60,61,-1,-1,-1,-1,-1,-1,62,63,64,65,66,67,68,69,70,71,72,73,74,75,76,77,78,79,80,81,82,83,84,85,86,87,88,-1,89,90,91,92,-1,-1,-1,93,94,-1,-1,-1,-1,-1,-1,-1,-1,-1,-1,-1,95,96,97,98,99,-1,100,101,102,103,104,105,106,107,108,109,110,111,112,113,114,115,116,117,118,119,120,121,122,123,124,-1,-1,125,126,127,128,129,130,131,132,133,134,135,136,137,138,-1,-1,-1,-1,-1,-1,-1,-1,-1,-1,-1,-1,-1,-1,-1,-1,-1,-1,-1,-1,-1,-1,-1,-1,-1,-1,-1,-1,139,140,141,142,143,144,145,146,147,148,149,150,151,152,153,154,155,156,157,158,159,160,-1,161,162,-1,-1,-1,-1,163,164,165,166,167,168,-1,-1,-1,-1,-1,-1,-1,-1,-1,169,170,171,172,173,174,175,176,177,178,179,180,181,182,183,184,185,186,187,188,-1,-1,-1,-1,-1,189,190,191,192,193,194,195,196,197,198,199,200,201,202,203,204,205,206,207,208,209,210,211,212,213,-1,-1,-1,214,215,216,217,218,219,220,221,222,223,224,225,-1,-1,-1,226,227,228,229,230,231,232,233,234,-1,-1,-1,-1,-1,-1,235,236,237,238,239,240,-1,-1,241,242,243,244,245,246,247,248,249,250,251,252,253,254,255,256,-1,-1,-1,-1,-1,-1,-1,-1,-1,-1,-1,-1,-1,-1,-1,-1,-1,-1,-1,257,258,259,260,261,-1,262,263,264,265,266,267,268,269,270,-1,271,272,273,274,275,276,277,278,279,280,281,-1,-1,282,-1,-1,-1,-1,-1,-1,283,-1,284,285,286,-1,-1,-1,-1,-1,-1,-1,-1,-1,287,288,289,290,291,292,293,294,-1,-1,-1,-1,-1,-1,-1,-1,-1,-1,-1,295,296,297,298,299,300,301,302,-1,-1,-1,303,304,305,306,307,308,309,310,311,-1,312,313,314,315,316,317,318,319,320,321,322,-1,-1,-1,-1,-1,-1,-1,-1,-1,-1,-1,-1,-1,-1,-1,-1,-1,-1,-1,-1,-1,-1,-1,-1,-1,-1,-1,-1,-1,-1,-1,-1,-1,-1,-1,-1,-1,-1,-1,-1,-1,-1,-1,-1,-1,-1,-1,-1,-1,-1,-1,-1,-1,-1,-1,-1,-1,-1,-1,-1,-1,-1,-1,-1,-1,-1,-1,-1,-1,-1,-1,-1,-1,-1,-1,-1,-1,-1
A0A0D8IVP2,-1,-1,-1,-1,-1,-1,-1,-1,-1,-1,-1,-1,-1,-1,-1,-1,-1,-1,-1,-1,-1,-1,-1,-1,-1,-1,-1,-1,-1,-1,-1,-1,-1,-1,-1,-1,-1,-1,-1,-1,-1,-1,-1,-1,-1,-1,-1,-1,-1,-1,-1,-1,-1,-1,-1,-1,-1,-1,-1,-1,-1,-1,-1,-1,-1,-1,-1,-1,-1,-1,-1,-1,-1,-1,-1,-1,-1,-1,-1,-1,-1,-1,-1,-1,-1,-1,-1,-1,-1,-1,-1,-1,-1,-1,-1,-1,-1,-1,-1,-1,-1,-1,-1,-1,-1,-1,-1,-1,-1,-1,-1,-1,-1,-1,-1,-1,-1,-1,-1,-1,-1,-1,-1,-1,-1,-1,-1,-1,-1,-1,0,1,2,-1,3,4,5,6,7,-1,8,9,10,-1,-1,-1,-1,-1,11,12,13,14,15,16,17,18,19,20,-1,21,22,-1,23,24,25,26,27,28,29,30,31,32,33,34,35,36,37,38,39,-1,-1,-1,-1,-1,-1,-1,40,41,-1,-1,-1,-1,-1,-1,-1,-1,-1,42,43,44,45,46,47,48,49,50,51,52,53,54,55,-1,-1,-1,-1,-1,-1,56,57,58,-1,-1,-1,-1,-1,-1,59,60,61,62,63,64,65,66,67,68,69,70,71,72,73,74,75,76,77,78,79,80,81,82,83,84,85,86,87,88,89,-1,-1,-1,-1,90,91,-1,-1,-1,-1,-1,-1,-1,-1,-1,-1,-1,92,93,94,95,96,-1,97,98,99,100,101,102,103,104,105,106,107,108,109,110,111,112,113,114,115,116,117,118,119,120,121,-1,-1,122,123,124,125,126,127,128,129,130,131,132,-1,133,134,-1,-1,-1,-1,-1,-1,-1,-1,-1,-1,-1,-1,-1,-1,-1,-1,-1,-1,-1,-1,-1,-1,-1,-1,-1,-1,-1,-1,135,136,137,138,139,140,141,142,143,144,145,146,-1,147,148,149,150,151,152,153,154,155,-1,156,157,-1,-1,-1,-1,158,159,160,161,162,163,-1,-1,-1,-1,-1,-1,-1,-1,-1,164,165,166,167,168,169,170,171,172,173,174,175,176,177,178,179,180,181,182,183,-1,-1,-1,-1,-1,184,185,186,187,-1,-1,-1,-1,-1,-1,-1,-1,-1,-1,-1,188,189,190,191,192,193,194,195,196,197,-1,-1,-1,198,199,200,201,202,203,-1,-1,-1,-1,-1,-1,-1,-1,-1,-1,204,205,206,207,208,209,210,211,-1,-1,-1,-1,-1,-1,212,213,214,215,216,217,-1,-1,218,219,220,221,222,223,224,225,226,227,228,229,230,231,232,233,-1,-1,-1,-1,-1,-1,-1,-1,-1,-1,-1,-1,-1,-1,-1,-1,-1,-1,-1,234,235,236,237,238,-1,239,240,241,242,243,244,245,246,247,-1,248,249,250,251,252,253,254,255,256,257,258,-1,-1,259,260,261,262,263,264,-1,265,-1,266,267,268,-1,-1,-1,-1,-1,-1,-1,-1,-1,-1,269,270,271,272,273,274,275,-1,-1,-1,-1,-1,-1,-1,-1,-1,-1,-1,276,277,278,279,280,281,282,283,-1,-1,-1,284,285,286,287,288,289,290,291,292,-1,293,294,295,296,297,298,299,300,301,302,303,304,305,306,307,308,-1,309,310,311,312,313,314,315,316,-1,-1,-1,-1,-1,-1,-1,-1,-1,317,318,319,320,321,322,323,324,-1,-1,-1,-1,-1,-1,-1,-1,-1,-1,-1,-1,-1,-1,-1,-1,-1,-1,-1,-1,-1,-1,-1,-1,-1,-1,-1,-1,-1,-1,-1,-1,-1,-1,-1,-1,-1,-1,-1,-1,-1,-1,-1,-1,-1,-1,-1
A0A0F0CI09,-1,-1,-1,-1,-1,-1,-1,-1,-1,-1,-1,-1,-1,-1,-1,-1,-1,-1,-1,-1,-1,-1,0,1,2,3,4,5,6,-1,-1,-1,-1,7,8,9,10,11,12,13,14,15,16,17,18,19,20,21,22,23,24,25,26,27,28,29,30,31,32,33,34,35,36,37,38,39,40,41,42,43,44,45,46,-1,-1,-1,-1,47,48,49,50,51,52,53,54,55,56,57,58,59,60,61,62,63,64,65,66,-1,67,68,69,70,71,72,73,74,75,76,77,78,79,80,81,82,83,84,85,86,87,88,-1,89,90,91,92,93,94,95,96,97,98,99,100,-1,101,102,103,104,105,-1,106,107,108,109,110,-1,-1,-1,111,112,113,114,115,116,117,118,119,120,-1,121,122,-1,123,124,125,126,127,128,129,130,131,132,133,134,135,136,137,138,139,-1,-1,-1,-1,-1,-1,-1,-1,-1,-1,-1,-1,-1,-1,-1,-1,-1,-1,-1,-1,-1,140,141,142,143,144,145,146,147,148,149,150,151,152,153,154,155,156,157,158,159,160,161,162,163,164,165,166,167,168,169,170,171,172,173,174,175,176,177,178,179,180,181,182,183,184,185,186,187,188,189,190,191,192,-1,193,-1,-1,-1,-1,-1,-1,194,195,-1,-1,-1,-1,-1,-1,-1,-1,-1,-1,-1,196,197,198,199,200,-1,201,202,203,204,205,206,207,208,209,210,211,212,213,214,215,216,217,218,219,220,221,222,223,224,225,-1,-1,226,227,228,229,230,231,232,-1,-1,-1,-1,-1,-1,-1,-1,-1,-1,-1,-1,-1,-1,-1,-1,-1,-1,-1,-1,-1,-1,-1,-1,-1,-1,-1,-1,-1,-1,-1,-1,-1,-1,-1,233,234,235,236,237,238,239,240,241,242,243,244,245,246,247,248,249,250,251,252,253,254,-1,255,256,-1,-1,-1,-1,257,258,259,260,261,262,263,264,-1,-1,-1,-1,-1,-1,-1,265,266,267,268,269,270,271,-1,-1,-1,-1,-1,-1,-1,-1,-1,-1,-1,-1,-1,-1,-1,-1,-1,-1,272,273,274,275,-1,-1,-1,-1,-1,-1,-1,-1,-1,-1,-1,-1,-1,-1,-1,-1,-1,-1,-1,-1,-1,-1,-1,-1,-1,-1,-1,-1,-1,-1,-1,-1,-1,-1,-1,-1,-1,-1,-1,-1,276,277,278,279,280,281,282,-1,-1,-1,-1,-1,-1,-1,-1,-1,-1,-1,-1,-1,-1,-1,-1,283,284,285,286,287,288,289,290,291,292,293,294,295,296,297,-1,-1,-1,-1,-1,-1,-1,-1,298,-1,-1,-1,-1,-1,-1,-1,-1,-1,-1,-1,-1,-1,-1,-1,-1,299,300,301,302,303,304,305,306,307,308,309,310,311,312,313,314,315,316,317,318,319,320,-1,-1,-1,321,322,323,324,-1,325,-1,326,327,328,-1,-1,-1,-1,-1,-1,-1,-1,-1,-1,329,330,331,332,333,334,335,-1,-1,-1,-1,-1,-1,-1,-1,-1,-1,-1,336,337,338,339,340,341,342,343,344,345,346,347,348,349,350,351,352,353,354,355,-1,-1,-1,-1,-1,-1,-1,-1,-1,-1,-1,-1,-1,-1,-1,-1,-1,-1,356,357,358,359,360,361,362,363,-1,-1,-1,-1,-1,-1,-1,-1,-1,-1,-1,-1,-1,-1,-1,-1,-1,-1,-1,-1,-1,-1,-1,-1,-1,-1,-1,-1,-1,-1,-1,-1,-1,-1,-1,-1,-1,-1,-1,-1,-1,-1,-1,-1,-1,-1,-1,-1,-1,-1,-1,-1,-1,-1,-1,-1,-1,-1,-1,-1,-1,-1,-1,-1
A0A0F5JPH2,-1,-1,-1,-1,-1,-1,-1,-1,-1,-1,-1,-1,-1,-1,-1,-1,-1,-1,-1,-1,-1,-1,0,1,2,3,4,5,6,-1,-1,-1,-1,-1,-1,-1,-1,-1,-1,7,8,9,10,11,12,13,14,15,16,17,-1,-1,-1,-1,-1,-1,-1,-1,-1,-1,-1,-1,-1,-1,-1,-1,-1,-1,-1,-1,-1,-1,-1,-1,-1,-1,-1,-1,-1,-1,-1,-1,-1,-1,-1,-1,-1,-1,-1,-1,-1,-1,-1,-1,-1,-1,-1,-1,-1,-1,-1,-1,-1,-1,-1,-1,-1,-1,-1,-1,-1,-1,-1,-1,-1,-1,-1,-1,-1,-1,-1,-1,-1,-1,-1,18,19,20,21,22,23,24,25,-1,26,27,28,29,30,-1,31,32,33,34,35,-1,-1,-1,36,37,38,39,40,41,42,43,44,45,46,47,48,-1,49,50,51,52,53,54,55,56,57,58,59,60,61,62,63,64,65,-1,-1,-1,-1,-1,-1,-1,66,67,68,69,70,-1,-1,-1,-1,71,72,73,74,75,76,77,78,79,80,81,82,83,84,85,86,-1,-1,-1,-1,-1,-1,-1,-1,-1,-1,-1,-1,-1,-1,87,88,89,90,91,92,93,94,95,96,97,98,99,100,101,102,103,104,105,106,107,108,109,110,111,112,113,114,-1,115,116,117,118,119,-1,-1,120,121,-1,-1,-1,-1,-1,-1,-1,-1,-1,-1,-1,122,123,124,125,126,-1,127,128,129,130,131,132,133,134,135,136,137,138,139,140,141,142,143,144,145,146,147,148,149,150,151,-1,-1,152,153,154,155,156,157,158,159,-1,-1,-1,-1,-1,160,-1,-1,-1,-1,-1,-1,-1,-1,-1,-1,-1,-1,-1,-1,-1,-1,-1,-1,-1,-1,-1,-1,-1,-1,-1,-1,-1,-1,161,162,163,164,165,166,167,168,169,170,171,172,173,174,175,176,177,178,179,180,181,182,-1,183,184,-1,-1,-1,-1,185,186,187,188,189,190,-1,-1,-1,-1,-1,-1,-1,-1,-1,191,192,193,194,195,196,197,198,199,200,201,202,203,204,205,206,207,208,209,210,-1,-1,-1,-1,-1,211,212,213,214,-1,-1,-1,-1,-1,-1,-1,-1,-1,-1,-1,215,216,217,218,219,220,221,222,223,224,-1,-1,-1,225,226,227,228,229,230,-1,-1,-1,-1,-1,-1,-1,-1,-1,-1,231,232,233,234,235,236,237,238,-1,-1,-1,-1,-1,-1,239,240,241,242,243,244,-1,-1,245,246,247,248,249,250,251,252,253,254,255,256,257,258,259,260,-1,-1,-1,-1,-1,-1,-1,-1,-1,-1,-1,-1,-1,-1,-1,-1,-1,-1,-1,261,262,263,264,265,-1,266,267,268,269,270,271,272,273,274,-1,275,276,277,278,279,280,281,282,283,284,285,-1,-1,286,287,288,289,290,-1,-1,291,-1,292,293,294,-1,-1,-1,-1,-1,295,296,297,298,299,300,301,302,303,304,305,306,-1,-1,-1,-1,-1,-1,-1,-1,-1,-1,-1,307,308,309,310,311,312,313,314,-1,-1,-1,315,316,317,318,319,320,321,322,323,-1,324,325,326,327,328,329,330,331,332,333,334,335,336,337,338,339,-1,340,341,342,343,344,345,346,347,-1,-1,-1,-1,-1,-1,-1,348,349,350,351,352,353,354,355,356,357,358,359,-1,-1,-1,-1,-1,-1,-1,-1,-1,-1,-1,-1,-1,-1,-1,-1,-1,-1,-1,-1,-1,-1,-1,-1,-1,-1,-1,-1,-1,-1,-1,-1,-1,-1,-1,-1,-1,-1,-1,-1,-1,-1,-1,-1,-1
A0A0G8G768,-1,-1,-1,-1,-1,-1,-1,-1,-1,-1,-1,-1,-1,-1,-1,-1,-1,-1,-1,-1,-1,-1,-1,-1,-1,-1,-1,-1,-1,-1,-1,-1,-1,-1,-1,-1,-1,-1,-1,-1,-1,-1,-1,-1,-1,-1,-1,-1,-1,-1,-1,-1,-1,-1,-1,-1,-1,-1,-1,-1,-1,-1,-1,-1,-1,-1,-1,-1,-1,-1,-1,-1,-1,-1,-1,-1,-1,-1,-1,-1,-1,-1,-1,-1,-1,-1,-1,-1,-1,-1,-1,-1,-1,-1,-1,-1,-1,-1,-1,-1,-1,-1,-1,-1,-1,-1,-1,-1,-1,-1,-1,-1,-1,-1,-1,-1,-1,-1,-1,-1,-1,-1,-1,-1,-1,-1,-1,-1,-1,-1,0,1,2,-1,3,4,5,6,7,-1,8,9,10,-1,-1,-1,-1,-1,11,12,13,14,15,16,17,18,19,20,-1,21,22,-1,23,24,25,26,27,28,29,30,31,32,33,34,35,36,37,38,39,-1,-1,-1,-1,-1,-1,-1,40,41,-1,-1,-1,-1,-1,-1,-1,-1,-1,42,43,44,45,46,47,48,49,50,51,52,53,54,55,-1,-1,-1,-1,-1,-1,56,57,58,-1,-1,-1,-1,-1,-1,59,60,61,62,63,64,65,66,67,68,69,70,71,72,73,74,75,76,77,78,79,80,81,82,83,84,85,-1,86,87,88,-1,-1,-1,-1,89,90,-1,-1,-1,-1,-1,-1,-1,-1,-1,-1,-1,91,92,93,94,95,-1,96,97,98,99,100,101,102,103,104,105,106,107,108,109,110,111,112,113,114,115,116,117,118,119,120,-1,-1,121,122,123,124,125,126,127,128,129,130,131,-1,132,133,-1,-1,-1,-1,-1,-1,-1,-1,-1,-1,-1,-1,-1,-1,-1,-1,-1,-1,-1,-1,-1,-1,-1,-1,-1,-1,-1,-1,134,135,136,137,138,139,140,141,142,143,144,145,-1,146,147,148,149,150,151,152,153,154,-1,155,156,-1,-1,-1,-1,157,158,159,160,161,162,-1,-1,-1,-1,-1,-1,-1,-1,-1,163,164,165,166,167,168,169,170,171,172,173,174,175,176,177,178,179,180,181,182,-1,-1,-1,-1,-1,183,184,185,186,-1,-1,-1,-1,-1,-1,-1,-1,-1,-1,-1,187,188,189,190,191,192,193,194,195,196,-1,-1,-1,197,198,199,200,201,202,-1,-1,-1,-1,-1,-1,-1,-1,-1,-1,203,204,205,206,207,208,209,210,-1,-1,-1,-1,-1,-1,211,212,213,214,215,216,-1,-1,217,218,219,220,221,222,223,224,225,226,227,228,229,230,231,232,-1,-1,-1,-1,-1,-1,-1,-1,-1,-1,-1,-1,-1,-1,-1,-1,-1,-1,-1,233,234,235,236,237,-1,238,239,240,241,242,243,244,245,246,-1,247,248,249,250,251,252,253,254,255,256,257,-1,-1,258,259,260,261,262,263,-1,264,-1,265,266,267,-1,-1,-1,-1,-1,-1,-1,-1,-1,-1,268,269,270,271,272,273,274,-1,-1,-1,-1,-1,-1,-1,-1,-1,-1,-1,275,276,277,278,279,280,281,282,-1,-1,-1,283,284,285,286,287,288,289,290,291,-1,292,293,294,295,296,297,298,299,300,301,302,303,304,305,306,307,-1,308,309,310,311,312,313,314,315,-1,-1,-1,-1,-1,-1,-1,-1,-1,316,317,318,319,320,321,322,323,-1,-1,-1,-1,-1,-1,-1,-1,-1,-1,-1,-1,-1,-1,-1,-1,-1,-1,-1,-1,-1,-1,-1,-1,-1,-1,-1,-1,-1,-1,-1,-1,-1,-1,-1,-1,-1,-1,-1,-1,-1,-1,-1,-1,-1,-1,-1
A0A0M6WH75,-1,-1,-1,-1,-1,-1,-1,-1,-1,-1,-1,-1,-1,-1,-1,-1,-1,-1,-1,-1,-1,-1,-1,-1,-1,-1,-1,-1,-1,-1,-1,-1,-1,-1,-1,-1,-1,-1,-1,-1,-1,-1,-1,-1,-1,-1,-1,-1,-1,-1,-1,-1,-1,-1,-1,-1,-1,-1,-1,-1,-1,-1,-1,-1,-1,-1,-1,-1,-1,-1,-1,-1,-1,-1,-1,-1,-1,-1,-1,-1,-1,-1,-1,-1,-1,-1,-1,-1,-1,-1,-1,-1,-1,-1,-1,-1,-1,-1,-1,-1,-1,-1,-1,-1,-1,-1,-1,-1,-1,-1,-1,-1,-1,-1,-1,-1,-1,-1,-1,-1,-1,-1,-1,-1,-1,-1,-1,-1,-1,-1,0,1,2,-1,3,4,5,6,7,-1,8,9,10,-1,-1,-1,-1,-1,11,12,13,14,15,16,17,18,19,20,-1,21,22,-1,23,24,25,26,27,28,29,30,31,32,33,34,35,36,37,38,39,-1,-1,-1,-1,-1,-1,-1,40,41,-1,-1,-1,-1,-1,-1,-1,-1,-1,42,43,44,45,46,47,48,49,50,51,52,53,54,55,-1,-1,-1,-1,-1,-1,56,57,58,-1,-1,-1,-1,-1,-1,59,60,61,62,63,64,65,66,67,68,69,70,71,72,73,74,75,76,77,78,79,80,81,82,83,84,85,-1,86,87,88,-1,-1,-1,-1,89,90,-1,-1,-1,-1,-1,-1,-1,-1,-1,-1,-1,91,92,93,94,95,-1,96,97,98,99,100,101,102,103,104,105,106,107,108,109,110,111,112,113,114,115,116,117,118,119,120,-1,-1,121,122,123,124,125,126,127,128,129,130,131,-1,132,133,-1,-1,-1,-1,-1,-1,-1,-1,-1,-1,-1,-1,-1,-1,-1,-1,-1,-1,-1,-1,-1,-1,-1,-1,-1,-1,-1,-1,134,135,136,137,138,139,140,141,142,143,144,145,-1,146,147,148,149,150,151,152,153,154,-1,155,156,-1,-1,-1,-1,157,158,159,160,161,162,-1,-1,-1,-1,-1,-1,-1,-1,-1,163,164,165,166,167,168,169,170,171,172,173,174,175,176,177,178,179,180,181,182,-1,-1,-1,-1,-1,183,184,185,186,-1,-1,-1,-1,-1,-1,-1,-1,-1,-1,-1,187,188,189,190,191,192,193,194,195,196,-1,-1,-1,197,198,199,200,201,202,-1,-1,-1,-1,-1,-1,-1,-1,-1,-1,203,204,205,206,207,208,209,210,-1,-1,-1,-1,-1,-1,211,212,213,214,215,216,-1,-1,217,218,219,220,221,222,223,224,225,226,227,228,229,230,231,232,-1,-1,-1,-1,-1,-1,-1,-1,-1,-1,-1,-1,-1,-1,-1,-1,-1,-1,-1,233,234,235,236,237,-1,238,239,240,241,242,243,244,245,246,-1,247,248,249,250,251,252,253,254,255,256,257,-1,-1,258,259,260,261,262,263,-1,264,-1,265,266,267,-1,-1,-1,-1,-1,-1,-1,-1,-1,-1,268,269,270,271,272,273,274,-1,-1,-1,-1,-1,-1,-1,-1,-1,-1,-1,275,276,277,278,279,280,281,282,-1,-1,-1,283,284,285,286,287,288,289,290,291,-1,292,293,294,295,296,297,298,299,300,301,302,303,304,305,306,307,-1,308,309,310,311,312,313,314,315,-1,-1,-1,-1,-1,-1,-1,-1,-1,316,317,318,319,320,321,322,323,-1,-1,-1,-1,-1,-1,-1,-1,-1,-1,-1,-1,-1,-1,-1,-1,-1,-1,-1,-1,-1,-1,-1,-1,-1,-1,-1,-1,-1,-1,-1,-1,-1,-1,-1,-1,-1,-1,-1,-1,-1,-1,-1,-1,-1,-1,-1
A0A0M6WMX1,-1,-1,-1,-1,-1,-1,-1,-1,-1,-1,-1,-1,-1,-1,-1,-1,-1,-1,-1,-1,-1,-1,-1,-1,-1,-1,-1,-1,-1,-1,-1,-1,-1,-1,-1,-1,-1,-1,-1,-1,-1,-1,-1,-1,-1,-1,-1,-1,-1,-1,-1,-1,-1,-1,-1,-1,-1,-1,-1,-1,-1,-1,-1,-1,-1,-1,-1,-1,-1,-1,-1,-1,-1,-1,-1,-1,-1,-1,-1,-1,-1,-1,-1,-1,-1,-1,-1,-1,-1,-1,-1,-1,-1,-1,-1,-1,-1,-1,-1,-1,-1,-1,-1,-1,-1,-1,-1,-1,-1,-1,-1,-1,-1,-1,-1,-1,-1,-1,-1,-1,-1,-1,-1,-1,-1,-1,-1,-1,-1,-1,0,1,2,-1,3,4,5,6,7,-1,8,9,10,-1,-1,-1,-1,-1,11,12,13,14,15,16,17,18,19,20,-1,21,22,-1,23,24,25,26,27,28,29,30,31,32,33,34,35,36,37,38,39,-1,-1,-1,-1,-1,-1,-1,40,41,-1,-1,-1,-1,-1,-1,-1,-1,-1,42,43,44,45,46,47,48,49,50,51,52,53,54,55,-1,-1,-1,-1,-1,-1,56,57,58,-1,-1,-1,-1,-1,-1,59,60,61,62,63,64,65,66,67,68,69,70,71,72,73,74,75,76,77,78,79,80,81,82,83,84,85,-1,86,87,88,-1,-1,-1,-1,89,90,-1,-1,-1,-1,-1,-1,-1,-1,-1,-1,-1,91,92,93,94,95,-1,96,97,98,99,100,101,102,103,104,105,106,107,108,109,110,111,112,113,114,115,116,117,118,119,120,-1,-1,121,122,123,124,125,126,127,128,129,130,131,-1,132,133,-1,-1,-1,-1,-1,-1,-1,-1,-1,-1,-1,-1,-1,-1,-1,-1,-1,-1,-1,-1,-1,-1,-1,-1,-1,-1,-1,-1,134,135,136,137,138,139,140,141,142,143,144,145,-1,146,147,148,149,150,151,152,153,154,-1,155,156,-1,-1,-1,-1,157,158,159,160,161,162,-1,-1,-1,-1,-1,-1,-1,-1,-1,163,164,165,166,167,168,169,170,171,172,173,174,175,176,177,178,179,180,181,182,-1,-1,-1,-1,-1,183,184,185,186,-1,-1,-1,-1,-1,-1,-1,-1,-1,-1,-1,187,188,189,190,191,192,193,194,195,196,-1,-1,-1,197,198,199,200,201,202,-1,-1,-1,-1,-1,-1,-1,-1,-1,-1,203,204,205,206,207,208,209,210,-1,-1,-1,-1,-1,-1,211,212,213,214,215,216,-1,-1,217,218,219,220,221,222,223,224,225,226,227,228,229,230,231,232,-1,-1,-1,-1,-1,-1,-1,-1,-1,-1,-1,-1,-1,-1,-1,-1,-1,-1,-1,233,234,235,236,237,-1,238,239,240,241,242,243,244,245,246,-1,247,248,249,250,251,252,253,254,255,256,257,-1,-1,258,259,260,261,262,263,-1,264,-1,265,266,267,-1,-1,-1,-1,-1,-1,-1,-1,-1,-1,268,269,270,271,272,273,274,-1,-1,-1,-1,-1,-1,-1,-1,-1,-1,-1,275,276,277,278,279,280,281,282,-1,-1,-1,283,284,285,286,287,288,289,290,291,-1,292,293,294,295,296,297,298,299,300,301,302,303,304,305,306,307,-1,308,309,310,311,312,313,314,315,-1,-1,-1,-1,-1,-1,-1,-1,-1,316,317,318,319,320,321,322,323,-1,-1,-1,-1,-1,-1,-1,-1,-1,-1,-1,-1,-1,-1,-1,-1,-1,-1,-1,-1,-1,-1,-1,-1,-1,-1,-1,-1,-1,-1,-1,-1,-1,-1,-1,-1,-1,-1,-1,-1,-1,-1,-1,-1,-1,-1,-1
A0A0M6WSM3,-1,-1,-1,-1,-1,-1,-1,-1,-1,-1,-1,-1,-1,-1,-1,-1,-1,-1,-1,-1,-1,-1,-1,-1,-1,-1,-1,-1,-1,-1,-1,-1,-1,-1,-1,-1,-1,-1,-1,-1,-1,-1,-1,-1,-1,-1,-1,-1,-1,-1,-1,-1,-1,-1,-1,-1,-1,-1,-1,-1,-1,-1,-1,-1,-1,-1,-1,-1,-1,-1,-1,-1,-1,-1,-1,-1,-1,-1,-1,-1,-1,-1,-1,-1,-1,-1,-1,-1,-1,-1,-1,-1,-1,-1,-1,-1,-1,-1,-1,-1,-1,-1,-1,-1,-1,-1,-1,-1,-1,-1,-1,-1,-1,-1,-1,-1,-1,-1,-1,-1,-1,-1,-1,-1,-1,-1,-1,-1,-1,-1,0,1,2,-1,3,4,5,6,7,-1,8,9,10,-1,-1,-1,-1,-1,11,12,13,14,15,16,17,18,19,20,-1,21,22,-1,23,24,25,26,27,28,29,30,31,32,33,34,35,36,37,38,39,-1,-1,-1,-1,-1,-1,-1,40,41,-1,-1,-1,-1,-1,-1,-1,-1,-1,42,43,44,45,46,47,48,49,50,51,52,53,54,55,-1,-1,-1,-1,-1,-1,56,57,58,-1,-1,-1,-1,-1,-1,59,60,61,62,63,64,65,66,67,68,69,70,71,72,73,74,75,76,77,78,79,80,81,82,83,84,85,-1,86,87,88,-1,-1,-1,-1,89,90,91,92,93,94,95,96,97,98,99,100,101,102,103,104,105,106,-1,107,108,109,110,111,112,113,114,115,116,117,118,119,120,121,122,123,124,125,126,127,128,129,130,131,-1,-1,132,133,134,135,136,137,138,139,140,141,142,-1,143,144,-1,-1,-1,-1,-1,-1,-1,-1,-1,-1,-1,-1,-1,-1,-1,-1,-1,-1,-1,-1,-1,-1,-1,-1,-1,-1,-1,-1,145,146,147,148,149,150,151,152,153,154,155,156,-1,157,158,159,160,161,162,163,164,165,-1,166,167,-1,-1,-1,-1,168,169,170,171,172,173,-1,-1,-1,-1,-1,-1,-1,-1,-1,174,175,176,177,178,179,180,181,182,183,184,185,186,187,188,189,190,191,192,193,-1,-1,-1,-1,-1,194,195,196,197,-1,-1,-1,-1,-1,-1,-1,-1,-1,-1,-1,198,199,200,201,202,203,204,205,206,207,-1,-1,-1,208,209,210,211,212,213,-1,-1,-1,-1,-1,-1,-1,-1,-1,-1,214,215,216,217,218,219,220,221,-1,-1,-1,-1,-1,-1,222,223,224,225,226,227,-1,-1,228,229,230,231,232,233,234,235,236,237,238,239,240,241,242,243,-1,-1,-1,-1,-1,-1,-1,-1,-1,-1,-1,-1,-1,-1,-1,-1,-1,-1,-1,244,245,246,247,248,-1,249,250,251,252,253,254,255,256,257,-1,258,259,260,261,262,263,264,265,266,267,268,-1,-1,269,270,271,272,273,274,-1,275,-1,276,277,278,-1,-1,-1,-1,-1,-1,-1,-1,-1,-1,279,280,281,282,283,284,285,-1,-1,-1,-1,-1,-1,-1,-1,-1,-1,-1,286,287,288,289,290,291,292,293,-1,-1,-1,294,295,296,297,298,299,300,301,302,-1,303,304,305,306,307,308,309,310,311,312,313,314,315,316,317,318,-1,319,320,321,322,323,324,325,326,-1,-1,-1,-1,-1,-1,-1,-1,-1,327,328,329,330,331,332,333,334,-1,-1,-1,-1,-1,-1,-1,-1,-1,-1,-1,-1,-1,-1,-1,-1,-1,-1,-1,-1,-1,-1,-1,-1,-1,-1,-1,-1,-1,-1,-1,-1,-1,-1,-1,-1,-1,-1,-1,-1,-1,-1,-1,-1,-1,-1,-1
A0A0P0FKS2,-1,-1,-1,-1,-1,-1,-1,-1,-1,-1,-1,-1,-1,-1,-1,-1,-1,-1,-1,-1,-1,-1,0,1,2,3,4,5,6,-1,-1,-1,-1,-1,-1,-1,-1,7,8,9,10,11,12,13,14,15,16,17,18,19,-1,-1,-1,-1,-1,-1,-1,-1,-1,-1,-1,-1,-1,-1,-1,-1,-1,-1,-1,-1,-1,-1,-1,-1,-1,-1,-1,-1,-1,-1,-1,-1,-1,-1,-1,-1,-1,-1,-1,-1,-1,-1,-1,-1,-1,-1,-1,-1,-1,-1,-1,-1,-1,-1,-1,-1,-1,-1,-1,-1,-1,-1,-1,-1,-1,-1,-1,-1,-1,-1,-1,-1,-1,-1,-1,20,21,22,23,24,25,26,27,-1,28,29,30,31,32,-1,33,34,35,36,37,-1,-1,-1,38,39,40,41,42,43,44,45,46,47,-1,48,49,-1,50,51,52,53,54,55,56,57,58,59,60,61,62,63,64,65,66,-1,-1,-1,-1,-1,-1,-1,67,68,69,-1,-1,-1,-1,-1,-1,70,71,72,73,74,75,76,77,78,79,80,81,82,83,84,85,-1,-1,-1,-1,-1,-1,-1,-1,-1,-1,-1,-1,-1,-1,-1,86,87,88,89,90,91,92,93,94,95,96,97,98,99,100,101,102,103,104,105,106,107,108,-1,109,110,111,-1,112,113,-1,-1,114,-1,-1,115,116,-1,-1,-1,-1,-1,-1,-1,-1,-1,-1,-1,117,118,119,120,121,-1,122,123,124,125,126,127,128,129,130,131,132,133,134,135,136,137,138,139,140,141,142,143,144,145,146,147,148,149,150,151,152,153,154,155,156,157,158,159,-1,160,161,-1,-1,-1,-1,-1,-1,-1,-1,-1,-1,-1,-1,-1,-1,-1,-1,-1,-1,-1,-1,-1,-1,-1,-1,-1,-1,-1,-1,162,163,164,165,166,167,168,169,170,171,172,173,174,175,176,177,178,179,180,181,182,183,-1,184,185,-1,-1,-1,-1,186,187,188,189,190,191,192,-1,-1,-1,-1,-1,-1,-1,-1,193,194,195,196,197,198,199,200,201,202,203,204,205,206,207,208,-1,209,210,211,-1,-1,-1,-1,-1,212,-1,-1,-1,-1,-1,-1,-1,-1,-1,-1,-1,-1,-1,-1,-1,-1,-1,-1,-1,-1,-1,-1,-1,-1,-1,-1,-1,-1,-1,-1,-1,-1,-1,-1,-1,-1,-1,-1,-1,-1,-1,-1,-1,-1,213,214,215,216,217,218,219,-1,-1,-1,-1,-1,-1,220,221,222,223,224,225,-1,-1,226,227,228,229,230,231,232,233,234,235,236,237,238,239,240,241,-1,-1,-1,-1,-1,-1,-1,-1,-1,-1,-1,-1,-1,-1,-1,-1,-1,-1,-1,242,243,244,245,246,-1,247,248,249,250,251,252,253,254,255,-1,256,257,258,259,260,261,262,263,264,265,266,-1,-1,267,268,269,270,271,272,-1,273,-1,274,275,276,-1,-1,-1,-1,-1,-1,-1,-1,-1,-1,277,278,279,280,281,282,283,-1,-1,-1,-1,-1,-1,-1,-1,-1,-1,-1,284,285,286,287,288,289,290,291,-1,-1,-1,292,293,294,295,296,297,298,299,300,-1,301,302,303,304,305,306,307,308,309,310,311,312,313,314,315,316,317,318,319,320,321,322,323,324,325,326,327,328,-1,329,330,331,332,333,334,335,336,337,338,339,340,341,-1,342,343,344,345,346,-1,347,348,-1,-1,-1,-1,-1,-1,-1,-1,-1,-1,-1,-1,349,-1,-1,-1,-1,-1,-1,-1,-1,-1,-1,-1,-1,-1,-1,-1,-1,-1,-1,-1,-1,-1,-1,-1,-1,-1
A0A0S2W269,-1,-1,-1,-1,-1,-1,-1,-1,-1,-1,-1,-1,-1,-1,-1,-1,-1,-1,-1,-1,-1,-1,0,1,2,3,4,5,6,7,8,9,10,11,12,13,14,15,16,17,18,19,20,21,22,23,24,25,26,27,28,29,30,31,32,33,34,35,36,37,38,39,40,41,42,43,44,45,46,47,48,49,50,-1,-1,-1,-1,51,52,53,54,55,56,57,58,59,60,61,62,63,64,65,66,67,68,69,70,-1,71,72,73,74,75,76,77,78,79,80,81,82,83,84,85,86,87,88,89,90,91,92,-1,93,94,95,96,97,98,99,100,101,102,103,104,-1,105,106,107,108,109,-1,110,111,112,113,114,-1,-1,-1,115,116,117,118,119,120,121,122,123,124,-1,125,126,-1,127,128,129,130,131,132,133,134,135,136,137,138,139,140,141,142,143,-1,-1,-1,-1,-1,-1,-1,-1,-1,-1,-1,-1,-1,-1,-1,-1,-1,-1,-1,-1,-1,144,145,146,147,148,149,150,151,152,153,154,155,156,157,158,159,160,161,162,163,164,165,166,167,168,169,170,171,172,173,174,175,176,177,178,179,180,181,182,183,184,185,186,187,188,189,190,191,192,193,194,195,196,-1,197,-1,-1,-1,-1,-1,-1,198,199,-1,-1,-1,-1,-1,-1,-1,-1,-1,-1,-1,200,201,202,203,204,-1,205,206,207,208,209,210,211,212,213,214,215,216,217,218,219,220,221,222,223,224,225,226,227,228,229,-1,-1,230,231,232,233,234,235,236,-1,-1,-1,-1,-1,-1,-1,-1,-1,-1,-1,-1,-1,-1,-1,-1,-1,-1,-1,-1,-1,-1,-1,-1,-1,-1,-1,-1,-1,-1,-1,-1,-1,-1,-1,237,238,239,240,241,242,243,244,245,246,247,248,249,250,251,252,253,254,255,256,257,258,-1,259,260,-1,-1,-1,-1,261,262,263,264,265,266,267,268,-1,-1,-1,-1,-1,-1,-1,-1,-1,-1,-1,269,270,271,-1,-1,-1,-1,-1,-1,-1,-1,-1,-1,-1,-1,-1,-1,-1,-1,-1,-1,272,273,274,275,-1,-1,-1,-1,-1,-1,-1,-1,-1,-1,-1,-1,-1,-1,-1,-1,-1,-1,-1,-1,-1,-1,-1,-1,-1,-1,-1,-1,-1,-1,-1,-1,-1,-1,-1,-1,-1,-1,-1,-1,276,277,278,279,280,281,282,-1,-1,-1,-1,-1,-1,-1,-1,-1,-1,-1,-1,-1,-1,-1,-1,283,284,285,286,287,288,289,290,291,292,293,294,295,296,297,-1,-1,-1,-1,-1,-1,-1,-1,298,-1,-1,-1,-1,-1,-1,-1,-1,-1,-1,-1,-1,-1,-1,-1,-1,299,300,301,302,303,304,305,306,307,-1,308,309,310,311,312,313,314,315,316,317,318,319,-1,-1,-1,-1,-1,-1,-1,-1,320,-1,321,322,323,-1,-1,-1,-1,-1,-1,-1,-1,-1,-1,324,325,326,327,328,329,330,-1,-1,-1,-1,-1,-1,-1,-1,-1,-1,-1,331,332,333,334,335,336,337,338,339,340,341,342,343,344,345,346,347,348,349,350,-1,-1,-1,-1,-1,-1,-1,-1,-1,-1,-1,-1,-1,-1,-1,-1,-1,-1,351,352,-1,353,354,355,356,357,-1,-1,-1,-1,-1,-1,-1,-1,-1,-1,-1,-1,-1,-1,-1,-1,-1,-1,-1,-1,-1,-1,-1,-1,-1,-1,-1,-1,-1,-1,-1,-1,-1,-1,-1,-1,-1,-1,-1,-1,-1,-1,-1,-1,-1,-1,-1,-1,-1,-1,-1,-1,-1,-1,-1,-1,-1,-1,-1,-1,-1,-1,-1,-1
A0A173ZD58,-1,-1,-1,-1,-1,-1,-1,-1,-1,-1,-1,-1,-1,-1,-1,-1,-1,-1,-1,-1,-1,-1,-1,-1,-1,-1,-1,-1,-1,-1,-1,-1,-1,-1,-1,-1,-1,-1,-1,-1,-1,-1,-1,-1,-1,-1,-1,-1,-1,-1,-1,-1,-1,-1,-1,-1,-1,-1,-1,-1,-1,-1,-1,-1,-1,-1,-1,-1,-1,-1,-1,-1,-1,-1,-1,-1,-1,-1,-1,-1,-1,-1,-1,-1,-1,-1,-1,-1,-1,-1,-1,-1,-1,-1,-1,-1,-1,-1,-1,-1,-1,-1,-1,-1,-1,-1,-1,-1,-1,-1,-1,-1,-1,-1,-1,-1,-1,-1,-1,-1,-1,-1,-1,-1,-1,-1,-1,-1,-1,-1,0,1,2,-1,3,4,5,6,7,-1,8,9,10,11,12,-1,-1,-1,13,14,15,16,17,18,19,20,21,22,-1,23,24,-1,25,26,27,28,29,30,31,32,33,34,35,36,37,38,39,40,41,-1,-1,-1,-1,-1,-1,-1,42,43,44,-1,-1,-1,-1,-1,-1,-1,-1,45,46,47,48,49,50,51,52,53,54,55,56,57,58,-1,-1,-1,-1,-1,-1,59,60,-1,-1,-1,-1,-1,-1,-1,61,62,63,64,65,66,67,68,69,70,71,72,73,74,75,76,77,78,79,80,81,82,83,84,85,86,87,-1,88,89,90,91,92,93,-1,94,95,-1,-1,-1,-1,-1,-1,-1,-1,-1,-1,-1,96,97,98,99,100,-1,101,102,103,104,105,106,107,108,109,110,111,112,113,114,115,116,117,118,119,120,121,122,123,124,125,-1,-1,126,127,128,129,130,131,132,133,134,135,136,-1,137,138,-1,-1,-1,-1,-1,-1,-1,-1,-1,-1,-1,-1,-1,-1,-1,-1,-1,-1,-1,-1,-1,-1,-1,-1,-1,-1,-1,-1,139,140,141,142,143,144,145,146,147,148,149,150,151,152,153,154,155,156,157,158,159,160,-1,161,162,-1,-1,-1,-1,163,164,165,166,167,168,-1,-1,-1,-1,-1,-1,-1,-1,-1,169,170,171,172,173,174,175,176,177,178,179,180,181,182,183,184,185,186,187,188,-1,-1,-1,-1,-1,189,190,191,192,-1,-1,-1,-1,-1,-1,-1,-1,-1,-1,-1,193,194,195,196,197,198,199,200,201,202,-1,-1,-1,203,204,205,206,207,208,-1,-1,-1,-1,-1,-1,-1,-1,-1,-1,209,210,211,212,213,214,215,216,-1,-1,-1,-1,-1,-1,217,218,219,220,221,222,-1,-1,223,224,225,226,227,228,229,230,231,232,233,234,235,236,237,238,-1,-1,-1,-1,-1,-1,-1,-1,-1,-1,-1,-1,-1,-1,-1,-1,-1,-1,-1,239,240,241,242,243,-1,244,245,246,247,248,249,250,251,252,-1,253,254,255,256,257,258,259,260,261,262,263,-1,-1,264,265,266,267,268,269,-1,270,-1,271,272,273,-1,-1,-1,-1,-1,-1,-1,-1,-1,-1,274,275,276,277,278,279,280,-1,-1,-1,-1,-1,-1,-1,-1,-1,-1,-1,281,282,283,284,285,286,287,288,-1,-1,-1,289,290,291,292,293,294,295,296,297,-1,298,299,300,301,302,303,304,305,306,307,308,309,310,311,312,313,314,315,316,317,318,319,320,321,322,-1,-1,-1,-1,-1,-1,-1,-1,-1,323,324,325,326,327,328,329,330,331,-1,-1,-1,-1,-1,-1,-1,-1,-1,-1,-1,-1,-1,-1,-1,-1,-1,-1,-1,-1,-1,-1,-1,-1,-1,-1,-1,-1,-1,-1,-1,-1,-1,-1,-1,-1,-1,-1,-1,-1,-1,-1,-1,-1,-1,-1
A0A174CW35,-1,-1,-1,-1,-1,-1,-1,-1,-1,-1,-1,-1,-1,-1,-1,-1,-1,-1,-1,-1,-1,-1,-1,-1,-1,-1,-1,-1,-1,-1,-1,-1,-1,-1,-1,-1,-1,-1,-1,-1,-1,-1,-1,-1,-1,-1,-1,-1,-1,-1,-1,-1,-1,-1,-1,-1,-1,-1,-1,-1,-1,-1,-1,-1,-1,-1,-1,-1,-1,-1,-1,-1,-1,-1,-1,-1,-1,-1,-1,-1,-1,-1,-1,-1,-1,-1,-1,-1,-1,-1,-1,-1,-1,-1,-1,-1,-1,-1,-1,-1,-1,-1,-1,-1,-1,-1,-1,-1,-1,-1,-1,-1,-1,-1,-1,-1,-1,-1,-1,-1,-1,-1,-1,-1,-1,-1,-1,-1,-1,-1,0,1,2,-1,3,4,5,6,7,-1,8,9,10,11,12,-1,-1,-1,13,14,15,16,17,18,19,20,21,22,-1,23,24,-1,25,26,27,28,29,30,31,32,33,34,35,36,37,38,39,40,41,-1,-1,-1,-1,-1,-1,-1,42,43,44,-1,-1,-1,-1,-1,-1,45,46,47,48,49,50,51,52,53,54,55,56,57,58,59,60,-1,-1,-1,-1,-1,-1,-1,-1,-1,-1,-1,-1,-1,-1,-1,61,62,63,64,65,66,67,68,69,70,71,72,73,74,75,76,77,78,79,80,81,82,83,-1,84,85,86,-1,87,88,-1,-1,89,-1,-1,90,91,-1,-1,-1,-1,-1,-1,-1,-1,-1,-1,-1,92,93,94,95,96,-1,97,98,99,100,101,102,103,104,105,106,107,108,109,110,111,112,113,114,115,116,117,118,119,120,121,122,123,124,125,126,127,128,129,130,131,132,133,134,-1,135,136,-1,-1,-1,-1,-1,-1,-1,-1,-1,-1,-1,-1,-1,-1,-1,-1,-1,-1,-1,-1,-1,-1,-1,-1,-1,-1,-1,-1,137,138,139,140,141,142,143,144,145,146,147,148,149,150,151,152,153,154,155,156,157,158,-1,159,160,-1,-1,-1,-1,161,162,163,164,165,166,167,-1,-1,-1,-1,-1,-1,-1,-1,168,169,170,171,172,173,174,175,176,177,178,179,180,181,182,183,-1,184,185,186,-1,-1,-1,-1,-1,187,-1,-1,-1,-1,-1,-1,-1,-1,-1,-1,-1,-1,-1,-1,-1,-1,-1,-1,-1,-1,-1,-1,-1,-1,-1,-1,-1,-1,-1,-1,-1,-1,-1,-1,-1,-1,-1,-1,-1,-1,-1,-1,-1,-1,188,189,190,191,192,193,194,-1,-1,-1,-1,-1,-1,195,196,197,198,199,200,-1,-1,201,202,203,204,205,206,207,208,209,210,211,212,213,214,215,216,-1,-1,-1,-1,-1,-1,-1,-1,-1,-1,-1,-1,-1,-1,-1,-1,-1,-1,-1,217,218,219,220,221,-1,222,223,224,225,226,227,228,229,230,-1,231,232,233,234,235,236,237,238,239,240,241,-1,-1,242,243,244,245,246,247,-1,248,-1,249,250,251,-1,-1,-1,-1,-1,-1,-1,-1,-1,-1,252,253,254,255,256,257,258,-1,-1,-1,-1,-1,-1,-1,-1,-1,-1,-1,259,260,261,262,263,264,265,266,-1,-1,-1,267,268,269,270,271,272,273,274,275,-1,276,277,278,279,280,281,282,283,284,285,286,287,288,289,290,291,292,293,294,295,296,297,298,299,300,301,302,303,-1,304,305,306,307,308,309,310,311,312,313,314,315,316,-1,317,318,319,320,321,-1,322,323,-1,-1,-1,-1,-1,-1,-1,-1,-1,-1,-1,-1,324,325,-1,-1,-1,-1,-1,-1,-1,-1,-1,-1,-1,-1,-1,-1,-1,-1,-1,-1,-1,-1,-1,-1,326,327
A0A174DZA2,-1,-1,-1,-1,-1,-1,-1,-1,-1,-1,-1,-1,-1,-1,-1,-1,-1,-1,-1,-1,-1,-1,-1,-1,-1,-1,-1,-1,-1,-1,-1,-1,-1,-1,-1,-1,-1,-1,-1,-1,-1,-1,-1,-1,-1,-1,-1,-1,-1,-1,-1,-1,-1,-1,-1,-1,-1,-1,-1,-1,-1,-1,-1,-1,-1,-1,-1,-1,-1,-1,-1,-1,-1,-1,-1,-1,-1,-1,-1,-1,-1,-1,-1,-1,-1,-1,-1,-1,-1,-1,-1,-1,-1,-1,-1,-1,-1,-1,-1,-1,-1,-1,-1,-1,-1,-1,-1,-1,-1,-1,-1,-1,-1,-1,-1,-1,-1,-1,-1,-1,-1,-1,-1,-1,-1,-1,-1,-1,-1,-1,0,1,2,-1,3,4,5,6,7,-1,8,9,10,-1,-1,-1,-1,-1,11,12,13,14,15,16,17,18,19,20,-1,21,22,-1,23,24,25,26,27,28,29,30,31,32,33,34,35,36,37,38,39,-1,-1,-1,-1,-1,-1,-1,40,41,-1,-1,-1,-1,-1,-1,-1,-1,-1,42,43,44,45,46,47,48,49,50,51,52,53,54,55,-1,-1,-1,-1,-1,-1,56,57,58,-1,-1,-1,-1,-1,-1,59,60,61,62,63,64,65,66,67,68,69,70,71,72,73,74,75,76,77,78,79,80,81,82,83,84,85,-1,86,87,88,-1,-1,-1,-1,89,90,-1,-1,-1,-1,-1,-1,-1,-1,-1,-1,-1,91,92,93,94,95,-1,96,97,98,99,100,101,102,103,104,105,106,107,108,109,110,111,112,113,114,115,116,117,118,119,120,-1,-1,121,122,123,124,125,126,127,128,129,130,131,-1,132,133,-1,-1,-1,-1,-1,-1,-1,-1,-1,-1,-1,-1,-1,-1,-1,-1,-1,-1,-1,-1,-1,-1,-1,-1,-1,-1,-1,-1,134,135,136,137,138,139,140,141,142,143,144,145,-1,146,147,148,149,150,151,152,153,154,-1,155,156,-1,-1,-1,-1,157,158,159,160,161,162,-1,-1,-1,-1,-1,-1,-1,-1,-1,163,164,165,166,167,168,169,170,171,172,173,174,175,176,177,178,179,180,181,182,-1,-1,-1,-1,-1,183,184,185,186,-1,-1,-1,-1,-1,-1,-1,-1,-1,-1,-1,187,188,189,190,191,192,193,194,195,196,-1,-1,-1,197,198,199,200,201,202,-1,-1,-1,-1,-1,-1,-1,-1,-1,-1,203,204,205,206,207,208,209,210,-1,-1,-1,-1,-1,-1,211,212,213,214,215,216,-1,-1,217,218,219,220,221,222,223,224,225,226,227,228,229,230,231,232,-1,-1,-1,-1,-1,-1,-1,-1,-1,-1,-1,-1,-1,-1,-1,-1,-1,-1,-1,233,234,235,236,237,-1,238,239,240,241,242,243,244,245,246,-1,247,248,249,250,251,252,253,254,255,256,257,-1,-1,258,259,260,261,262,263,-1,264,-1,265,266,267,-1,-1,-1,-1,-1,-1,-1,-1,-1,-1,268,269,270,271,272,273,274,-1,-1,-1,-1,-1,-1,-1,-1,-1,-1,-1,275,276,277,278,279,280,281,282,-1,-1,-1,283,284,285,286,287,288,289,290,291,-1,292,293,294,295,296,297,298,299,300,301,302,303,304,305,306,307,-1,308,309,310,311,312,313,314,315,-1,-1,-1,-1,-1,-1,-1,-1,-1,316,317,318,319,320,321,322,323,-1,-1,-1,-1,-1,-1,-1,-1,-1,-1,-1,-1,-1,-1,-1,-1,-1,-1,-1,-1,-1,-1,-1,-1,-1,-1,-1,-1,-1,-1,-1,-1,-1,-1,-1,-1,-1,-1,-1,-1,-1,-1,-1,-1,-1,-1,-1
A0A174MBD8,-1,-1,-1,-1,-1,-1,-1,-1,-1,-1,-1,-1,-1,-1,-1,-1,-1,-1,-1,-1,-1,-1,0,1,2,-1,-1,3,4,-1,-1,-1,-1,5,6,7,8,9,10,11,12,13,14,15,16,17,18,19,20,21,22,23,24,25,26,27,28,29,30,31,32,33,34,35,36,37,38,39,40,41,42,43,44,-1,-1,-1,-1,45,46,47,48,49,50,51,52,53,54,55,56,57,58,59,60,61,62,63,64,-1,65,66,67,68,69,70,71,72,73,74,75,76,77,78,79,80,81,82,83,84,85,86,-1,87,88,89,90,91,92,93,94,95,96,97,98,-1,99,100,101,102,103,-1,104,105,106,107,108,-1,-1,-1,109,110,111,112,113,114,115,116,117,118,-1,119,120,-1,121,122,123,124,125,126,127,128,129,130,131,132,133,134,135,136,137,-1,-1,-1,-1,-1,-1,-1,-1,-1,-1,-1,-1,-1,-1,-1,-1,-1,-1,-1,-1,-1,138,139,140,141,142,143,144,145,146,147,148,149,150,151,152,153,154,155,156,157,158,159,160,161,162,163,164,165,166,167,168,169,170,171,172,173,174,175,176,177,178,179,180,181,182,183,184,185,186,187,188,189,190,-1,191,-1,-1,-1,-1,-1,-1,192,193,-1,-1,-1,-1,-1,-1,-1,-1,-1,-1,-1,194,195,196,197,198,-1,199,200,201,202,203,204,205,206,207,208,209,210,211,212,213,214,215,216,217,218,219,220,221,222,223,-1,-1,224,225,226,227,228,229,230,-1,-1,-1,-1,-1,-1,-1,-1,-1,-1,-1,-1,-1,-1,-1,-1,-1,-1,-1,-1,-1,-1,-1,-1,-1,-1,-1,-1,-1,-1,-1,-1,-1,-1,-1,231,232,233,234,235,236,237,238,239,240,241,242,243,244,245,246,247,248,249,250,251,252,-1,253,254,-1,-1,-1,-1,255,256,257,258,259,260,261,262,-1,-1,-1,-1,-1,-1,-1,263,264,265,266,267,268,269,-1,-1,-1,-1,-1,-1,-1,-1,-1,-1,-1,-1,-1,-1,-1,-1,-1,-1,270,271,272,273,-1,-1,-1,-1,-1,-1,-1,-1,-1,-1,-1,-1,-1,-1,-1,-1,-1,-1,-1,-1,-1,-1,-1,-1,-1,-1,-1,-1,-1,-1,-1,-1,-1,-1,-1,-1,-1,-1,-1,-1,274,275,276,277,278,279,280,-1,-1,-1,-1,-1,-1,-1,-1,-1,-1,-1,-1,-1,-1,-1,-1,281,282,283,284,285,286,287,288,289,290,291,292,293,294,295,-1,-1,-1,-1,-1,-1,-1,-1,296,-1,-1,-1,-1,-1,-1,-1,-1,-1,-1,-1,-1,-1,-1,-1,-1,297,298,299,300,301,302,303,304,305,306,307,308,309,310,311,312,313,314,315,316,317,318,-1,-1,-1,319,320,321,322,-1,323,-1,324,325,326,-1,-1,-1,-1,-1,-1,-1,-1,-1,-1,327,328,329,330,331,332,333,-1,-1,-1,-1,-1,-1,-1,-1,-1,-1,-1,334,335,336,337,338,339,340,341,342,343,344,345,346,347,348,349,350,351,352,353,-1,-1,-1,-1,-1,-1,-1,-1,-1,-1,-1,-1,-1,-1,-1,-1,-1,-1,354,355,356,357,358,359,360,361,-1,-1,-1,-1,-1,-1,-1,-1,-1,-1,-1,-1,-1,-1,-1,-1,-1,-1,-1,-1,-1,-1,-1,-1,-1,-1,-1,-1,-1,-1,-1,-1,-1,-1,-1,-1,-1,-1,-1,-1,-1,-1,-1,-1,-1,-1,-1,-1,-1,-1,-1,-1,-1,-1,-1,-1,-1,362,363,364,-1,-1,365,366
A0A174Z2R4,-1,-1,-1,-1,-1,-1,-1,-1,-1,-1,-1,-1,-1,-1,-1,-1,-1,-1,-1,-1,-1,-1,-1,-1,-1,-1,-1,-1,-1,-1,-1,-1,-1,-1,-1,-1,-1,-1,-1,-1,-1,-1,-1,-1,-1,-1,-1,-1,-1,-1,-1,-1,-1,-1,-1,-1,-1,-1,-1,-1,-1,-1,-1,-1,-1,-1,-1,-1,-1,-1,-1,-1,-1,-1,-1,-1,-1,-1,-1,-1,-1,-1,-1,-1,-1,-1,-1,-1,-1,-1,-1,-1,-1,-1,-1,-1,-1,-1,-1,-1,-1,-1,-1,-1,-1,-1,-1,-1,-1,-1,-1,-1,-1,-1,-1,-1,-1,-1,-1,-1,-1,-1,-1,-1,-1,-1,-1,-1,-1,-1,0,1,2,-1,3,4,5,6,7,-1,8,9,10,-1,-1,-1,-1,-1,11,12,13,14,15,16,17,18,19,20,-1,21,22,-1,23,24,25,26,27,28,29,30,31,32,33,34,35,36,37,38,39,-1,-1,-1,-1,-1,-1,-1,40,41,-1,-1,-1,-1,-1,-1,-1,-1,-1,42,43,44,45,46,47,48,49,50,51,52,53,54,55,-1,-1,-1,-1,-1,-1,56,57,58,-1,-1,-1,-1,-1,-1,59,60,61,62,63,64,65,66,67,68,69,70,71,72,73,74,75,76,77,78,79,80,81,82,83,84,85,-1,86,87,88,-1,-1,-1,-1,89,90,91,92,93,-1,-1,94,95,96,97,-1,-1,98,99,100,101,102,-1,103,104,105,106,107,108,109,110,111,112,113,114,115,116,117,118,119,120,121,122,123,124,125,126,127,-1,-1,128,129,130,131,132,133,134,135,136,137,138,-1,139,140,-1,-1,-1,-1,-1,-1,-1,-1,-1,-1,-1,-1,-1,-1,-1,-1,-1,-1,-1,-1,-1,-1,-1,-1,-1,-1,-1,-1,141,142,143,144,145,146,147,148,149,150,151,152,-1,153,154,155,156,157,158,159,160,161,-1,162,163,-1,-1,-1,-1,164,165,166,167,168,169,-1,-1,-1,-1,-1,-1,-1,-1,-1,170,171,172,173,174,175,176,177,178,179,180,181,182,183,184,185,186,187,188,189,-1,-1,-1,-1,-1,190,191,192,193,-1,-1,-1,-1,-1,-1,-1,-1,-1,-1,-1,194,195,196,197,198,199,200,201,202,203,-1,-1,-1,204,205,206,207,208,209,-1,-1,-1,-1,-1,-1,-1,-1,-1,-1,210,211,212,213,214,215,216,217,-1,-1,-1,-1,-1,-1,218,219,220,221,222,223,-1,-1,224,225,226,227,228,229,230,231,232,233,234,235,236,237,238,239,-1,-1,-1,-1,-1,-1,-1,-1,-1,-1,-1,-1,-1,-1,-1,-1,-1,-1,-1,240,241,242,243,244,-1,245,246,247,248,249,250,251,252,253,-1,254,255,256,257,258,259,260,261,262,263,264,-1,-1,265,266,267,268,269,270,-1,271,-1,272,273,274,-1,-1,-1,-1,-1,-1,-1,-1,-1,-1,275,276,277,278,279,280,281,-1,-1,-1,-1,-1,-1,-1,-1,-1,-1,-1,282,283,284,285,286,287,288,289,-1,-1,-1,290,291,292,293,294,295,296,297,298,-1,299,300,301,302,303,304,305,306,307,308,309,310,311,312,313,314,-1,315,316,317,318,319,320,321,322,-1,-1,-1,-1,-1,-1,-1,-1,-1,323,324,325,326,327,328,329,330,-1,-1,-1,-1,-1,-1,-1,-1,-1,-1,-1,-1,-1,-1,-1,-1,-1,-1,-1,-1,-1,-1,-1,-1,-1,-1,-1,-1,-1,-1,-1,-1,-1,-1,-1,-1,-1,-1,-1,-1,-1,-1,-1,-1,-1,-1,-1
A0A174ZD20,-1,-1,-1,-1,-1,-1,-1,-1,-1,-1,-1,-1,-1,-1,-1,-1,-1,-1,-1,-1,-1,-1,-1,-1,-1,-1,-1,-1,-1,-1,-1,-1,-1,-1,-1,-1,-1,-1,-1,-1,-1,-1,-1,-1,-1,-1,-1,-1,-1,-1,-1,-1,-1,-1,-1,-1,-1,-1,-1,-1,-1,-1,-1,-1,-1,-1,-1,-1,-1,-1,-1,-1,-1,-1,-1,-1,-1,-1,-1,-1,-1,-1,-1,-1,-1,-1,-1,-1,-1,-1,-1,-1,-1,-1,-1,-1,-1,-1,-1,-1,-1,-1,-1,-1,-1,-1,-1,-1,-1,-1,-1,-1,-1,-1,-1,-1,-1,-1,-1,-1,-1,-1,-1,-1,-1,-1,-1,-1,-1,-1,0,1,2,-1,3,4,5,6,7,-1,8,9,10,-1,-1,-1,-1,-1,11,12,13,14,15,16,17,18,19,20,-1,21,22,-1,23,24,25,26,27,28,29,30,31,32,33,34,35,36,37,38,39,-1,-1,-1,-1,-1,-1,-1,40,41,-1,-1,-1,-1,-1,-1,-1,-1,-1,42,43,44,45,46,47,48,49,50,51,52,53,54,55,-1,-1,-1,-1,-1,-1,56,57,58,-1,-1,-1,-1,-1,-1,59,60,61,62,63,64,65,66,67,68,69,70,71,72,73,74,75,76,77,78,79,80,81,82,83,84,85,-1,86,87,88,-1,-1,-1,-1,89,90,-1,-1,-1,-1,-1,-1,-1,-1,-1,-1,-1,91,92,93,94,95,-1,96,97,98,99,100,101,102,103,104,105,106,107,108,109,110,111,112,113,114,115,116,117,118,119,120,-1,-1,121,122,123,124,125,126,127,128,129,130,131,-1,132,133,-1,-1,-1,-1,-1,-1,-1,-1,-1,-1,-1,-1,-1,-1,-1,-1,-1,-1,-1,-1,-1,-1,-1,-1,-1,-1,-1,-1,134,135,136,137,138,139,140,141,142,143,144,145,-1,146,147,148,149,150,151,152,153,154,-1,155,156,-1,-1,-1,-1,157,158,159,160,161,162,-1,-1,-1,-1,-1,-1,-1,-1,-1,163,164,165,166,167,168,169,170,171,172,173,174,175,176,177,178,179,180,181,182,-1,-1,-1,-1,-1,183,184,185,186,-1,-1,-1,-1,-1,-1,-1,-1,-1,-1,-1,187,188,189,190,191,192,193,194,195,196,-1,-1,-1,197,198,199,200,201,202,-1,-1,-1,-1,-1,-1,-1,-1,-1,-1,203,204,205,206,207,208,209,210,-1,-1,-1,-1,-1,-1,211,212,213,214,215,216,-1,-1,217,218,219,220,221,222,223,224,225,226,227,228,229,230,231,232,-1,-1,-1,-1,-1,-1,-1,-1,-1,-1,-1,-1,-1,-1,-1,-1,-1,-1,-1,233,234,235,236,237,-1,238,239,240,241,242,243,244,245,246,-1,247,248,249,250,251,252,253,254,255,256,257,-1,-1,258,259,260,261,262,263,-1,264,-1,265,266,267,-1,-1,-1,-1,-1,-1,-1,-1,-1,-1,268,269,270,271,272,273,274,-1,-1,-1,-1,-1,-1,-1,-1,-1,-1,-1,275,276,277,278,279,280,281,282,-1,-1,-1,283,284,285,286,287,288,289,290,291,-1,292,293,294,295,296,297,298,299,300,301,302,303,304,305,306,307,-1,308,309,310,311,312,313,314,315,-1,-1,-1,-1,-1,-1,-1,-1,-1,316,317,318,319,320,321,322,323,-1,-1,-1,-1,-1,-1,-1,-1,-1,-1,-1,-1,-1,-1,-1,-1,-1,-1,-1,-1,-1,-1,-1,-1,-1,-1,-1,-1,-1,-1,-1,-1,-1,-1,-1,-1,-1,-1,-1,-1,-1,-1,-1,-1,-1,-1,-1
A0A1C5L0B6,-1,-1,-1,-1,-1,-1,-1,-1,-1,-1,-1,-1,-1,-1,-1,-1,-1,-1,-1,-1,-1,-1,-1,-1,-1,-1,-1,-1,-1,-1,-1,-1,-1,-1,-1,-1,-1,-1,-1,-1,-1,-1,-1,-1,-1,-1,-1,-1,-1,-1,-1,-1,-1,-1,-1,-1,-1,-1,-1,-1,-1,-1,-1,-1,-1,-1,-1,-1,-1,-1,-1,-1,-1,-1,-1,-1,-1,-1,-1,-1,-1,-1,-1,-1,-1,-1,-1,-1,-1,-1,-1,-1,-1,-1,-1,-1,-1,-1,-1,-1,-1,-1,-1,-1,-1,-1,-1,-1,-1,-1,-1,-1,-1,-1,-1,-1,-1,-1,-1,-1,-1,-1,-1,-1,-1,-1,-1,-1,-1,-1,0,1,2,-1,3,4,5,6,7,-1,8,9,10,-1,-1,-1,-1,-1,11,12,13,14,15,16,17,18,19,20,-1,21,22,-1,23,24,25,26,27,28,29,30,31,32,33,34,35,36,37,38,39,-1,-1,-1,-1,-1,-1,-1,40,41,-1,-1,-1,-1,-1,-1,-1,-1,-1,42,43,44,45,46,47,48,49,50,51,52,53,54,55,-1,-1,-1,-1,-1,-1,56,57,58,-1,-1,-1,-1,-1,-1,59,60,61,62,63,64,65,66,67,68,69,70,71,72,73,74,75,76,77,78,79,80,81,82,83,84,85,-1,86,87,88,-1,-1,-1,-1,89,90,-1,-1,-1,-1,-1,-1,-1,-1,-1,-1,-1,91,92,93,94,95,-1,96,97,98,99,100,101,102,103,104,105,106,107,108,109,110,111,112,113,114,115,116,117,118,119,120,-1,-1,121,122,123,124,125,126,127,128,129,130,131,-1,132,133,-1,-1,-1,-1,-1,-1,-1,-1,-1,-1,-1,-1,-1,-1,-1,-1,-1,-1,-1,-1,-1,-1,-1,-1,-1,-1,-1,-1,134,135,136,137,138,139,140,141,142,143,144,145,-1,146,147,148,149,150,151,152,153,154,-1,155,156,-1,-1,-1,-1,157,158,159,160,161,162,-1,-1,-1,-1,-1,-1,-1,-1,-1,163,164,165,166,167,168,169,170,171,172,173,174,175,176,177,178,179,180,181,182,-1,-1,-1,-1,-1,183,184,185,186,-1,-1,-1,-1,-1,-1,-1,-1,-1,-1,-1,187,188,189,190,191,192,193,194,195,196,-1,-1,-1,197,198,199,200,201,202,-1,-1,-1,-1,-1,-1,-1,-1,-1,-1,203,204,205,206,207,208,209,210,-1,-1,-1,-1,-1,-1,211,212,213,214,215,216,-1,-1,217,218,219,220,221,222,223,224,225,226,227,228,229,230,231,232,-1,-1,-1,-1,-1,-1,-1,-1,-1,-1,-1,-1,-1,-1,-1,-1,-1,-1,-1,233,234,235,236,237,-1,238,239,240,241,242,243,244,245,246,-1,247,248,249,250,251,252,253,254,255,256,257,-1,-1,258,259,260,261,262,263,-1,264,-1,265,266,267,-1,-1,-1,-1,-1,-1,-1,-1,-1,-1,268,269,270,271,272,273,274,-1,-1,-1,-1,-1,-1,-1,-1,-1,-1,-1,275,276,277,278,279,280,281,282,-1,-1,-1,283,284,285,286,287,288,289,290,291,-1,292,293,294,295,296,297,298,299,300,301,302,303,304,305,306,307,-1,308,309,310,311,312,313,314,315,-1,-1,-1,-1,-1,-1,-1,-1,-1,316,317,318,319,320,321,322,323,-1,-1,-1,-1,-1,-1,-1,-1,-1,-1,-1,-1,-1,-1,-1,-1,-1,-1,-1,-1,-1,-1,-1,-1,-1,-1,-1,-1,-1,-1,-1,-1,-1,-1,-1,-1,-1,-1,-1,-1,-1,-1,-1,-1,-1,-1,-1
A0A1C5LGL2,-1,-1,-1,-1,-1,-1,-1,-1,-1,-1,-1,-1,-1,-1,-1,-1,-1,-1,-1,-1,-1,-1,-1,-1,-1,-1,-1,-1,-1,-1,-1,-1,-1,-1,-1,-1,-1,-1,-1,-1,-1,-1,-1,-1,-1,-1,-1,-1,-1,-1,-1,-1,-1,-1,-1,-1,-1,-1,-1,-1,-1,-1,-1,-1,-1,-1,-1,-1,-1,-1,-1,-1,-1,-1,-1,-1,-1,-1,-1,-1,-1,-1,-1,-1,-1,-1,-1,-1,-1,-1,-1,-1,-1,-1,-1,-1,-1,-1,-1,-1,-1,-1,-1,-1,-1,-1,-1,-1,-1,-1,-1,-1,-1,-1,-1,-1,-1,-1,-1,-1,-1,-1,-1,-1,-1,-1,-1,-1,-1,-1,0,1,2,-1,3,4,5,6,7,-1,8,9,10,-1,-1,-1,-1,-1,11,12,13,14,15,16,17,18,19,20,-1,21,22,-1,23,24,25,26,27,28,29,30,31,32,33,34,35,36,37,38,39,-1,-1,-1,-1,-1,-1,-1,40,41,-1,-1,-1,-1,-1,-1,-1,-1,-1,42,43,44,45,46,47,48,49,50,51,52,53,54,55,-1,-1,-1,-1,-1,-1,56,57,58,-1,-1,-1,-1,-1,-1,59,60,61,62,63,64,65,66,67,68,69,70,71,72,73,74,75,76,77,78,79,80,81,82,83,84,85,-1,86,87,88,-1,-1,-1,-1,89,90,-1,-1,-1,-1,-1,-1,-1,-1,-1,-1,-1,91,92,93,94,95,-1,96,97,98,99,100,101,102,103,104,105,106,107,108,109,110,111,112,113,114,115,116,117,118,119,120,-1,-1,121,122,123,124,125,126,127,128,129,130,131,-1,132,133,-1,-1,-1,-1,-1,-1,-1,-1,-1,-1,-1,-1,-1,-1,-1,-1,-1,-1,-1,-1,-1,-1,-1,-1,-1,-1,-1,-1,134,135,136,137,138,139,140,141,142,143,144,145,-1,146,147,148,149,150,151,152,153,154,-1,155,156,-1,-1,-1,-1,157,158,159,160,161,162,-1,-1,-1,-1,-1,-1,-1,-1,-1,163,164,165,166,167,168,169,170,171,172,173,174,175,176,177,178,179,180,181,182,-1,-1,-1,-1,-1,183,184,185,186,-1,-1,-1,-1,-1,-1,-1,-1,-1,-1,-1,187,188,189,190,191,192,193,194,195,196,-1,-1,-1,197,198,199,200,201,202,-1,-1,-1,-1,-1,-1,-1,-1,-1,-1,203,204,205,206,207,208,209,210,-1,-1,-1,-1,-1,-1,211,212,213,214,215,216,-1,-1,217,218,219,220,221,222,223,224,225,226,227,228,229,230,231,232,-1,-1,-1,-1,-1,-1,-1,-1,-1,-1,-1,-1,-1,-1,-1,-1,-1,-1,-1,233,234,235,236,237,-1,238,239,240,241,242,243,244,245,246,-1,247,248,249,250,251,252,253,254,255,256,257,-1,-1,258,259,260,261,262,263,-1,264,-1,265,266,267,-1,-1,-1,-1,-1,-1,-1,-1,-1,-1,268,269,270,271,272,273,274,-1,-1,-1,-1,-1,-1,-1,-1,-1,-1,-1,275,276,277,278,279,280,281,282,-1,-1,-1,283,284,285,286,287,288,289,290,291,-1,292,293,294,295,296,297,298,299,300,301,302,303,304,305,306,307,-1,308,309,310,311,312,313,314,315,-1,-1,-1,-1,-1,-1,-1,-1,-1,316,317,318,319,320,321,322,323,-1,-1,-1,-1,-1,-1,-1,-1,-1,-1,-1,-1,-1,-1,-1,-1,-1,-1,-1,-1,-1,-1,-1,-1,-1,-1,-1,-1,-1,-1,-1,-1,-1,-1,-1,-1,-1,-1,-1,-1,-1,-1,-1,-1,-1,-1,-1
A0A1C5M2J2,-1,-1,-1,-1,-1,-1,-1,-1,-1,-1,-1,-1,-1,-1,-1,-1,-1,-1,-1,-1,-1,-1,-1,-1,-1,-1,-1,-1,-1,-1,-1,-1,-1,-1,-1,-1,-1,-1,-1,-1,-1,-1,-1,-1,-1,-1,-1,-1,-1,-1,-1,-1,-1,-1,-1,-1,-1,-1,-1,-1,-1,-1,-1,-1,-1,-1,-1,-1,-1,-1,-1,-1,-1,-1,-1,-1,-1,-1,-1,-1,-1,-1,-1,-1,-1,-1,-1,-1,-1,-1,-1,-1,-1,-1,-1,-1,-1,-1,-1,-1,-1,-1,-1,-1,-1,-1,-1,-1,-1,-1,-1,-1,-1,-1,-1,-1,-1,-1,-1,-1,-1,-1,-1,-1,-1,-1,-1,-1,-1,-1,0,1,2,-1,3,4,5,6,7,-1,8,9,10,-1,-1,-1,-1,-1,11,12,13,14,15,16,17,18,19,20,-1,21,22,-1,23,24,25,26,27,28,29,30,31,32,33,34,35,36,37,38,39,-1,-1,-1,-1,-1,-1,-1,40,41,-1,-1,-1,-1,-1,-1,-1,-1,-1,42,43,44,45,46,47,48,49,50,51,52,53,54,55,-1,-1,-1,-1,-1,-1,56,57,58,-1,-1,-1,-1,-1,-1,59,60,61,62,63,64,65,66,67,68,69,70,71,72,73,74,75,76,77,78,79,80,81,82,83,84,85,-1,86,87,88,-1,-1,-1,-1,89,90,-1,-1,-1,-1,-1,-1,-1,-1,-1,-1,-1,91,92,93,94,95,-1,96,97,98,99,100,101,102,103,104,105,106,107,108,109,110,111,112,113,114,115,116,117,118,119,120,-1,-1,121,122,123,124,125,126,127,128,129,130,131,-1,132,133,-1,-1,-1,-1,-1,-1,-1,-1,-1,-1,-1,-1,-1,-1,-1,-1,-1,-1,-1,-1,-1,-1,-1,-1,-1,-1,-1,-1,134,135,136,137,138,139,140,141,142,143,144,145,-1,146,147,148,149,150,151,152,153,154,-1,155,156,-1,-1,-1,-1,157,158,159,160,161,162,-1,-1,-1,-1,-1,-1,-1,-1,-1,163,164,165,166,167,168,169,170,171,172,173,174,175,176,177,178,179,180,181,182,-1,-1,-1,-1,-1,183,184,185,186,-1,-1,-1,-1,-1,-1,-1,-1,-1,-1,-1,187,188,189,190,191,192,193,194,195,196,-1,-1,-1,197,198,199,200,201,202,-1,-1,-1,-1,-1,-1,-1,-1,-1,-1,203,204,205,206,207,208,209,210,-1,-1,-1,-1,-1,-1,211,212,213,214,215,216,-1,-1,217,218,219,220,221,222,223,224,225,226,227,228,229,230,231,232,-1,-1,-1,-1,-1,-1,-1,-1,-1,-1,-1,-1,-1,-1,-1,-1,-1,-1,-1,233,234,235,236,237,-1,238,239,240,241,242,243,244,245,246,-1,247,248,249,250,251,252,253,254,255,256,257,-1,-1,258,259,260,261,262,263,-1,264,-1,265,266,267,-1,-1,-1,-1,-1,-1,-1,-1,-1,-1,268,269,270,271,272,273,274,-1,-1,-1,-1,-1,-1,-1,-1,-1,-1,-1,275,276,277,278,279,280,281,282,-1,-1,-1,283,284,285,286,287,288,289,290,291,-1,292,293,294,295,296,297,298,299,300,301,302,303,304,305,306,307,-1,308,309,310,311,312,313,314,315,-1,-1,-1,-1,-1,-1,-1,-1,-1,316,317,318,319,320,321,322,323,-1,-1,-1,-1,-1,-1,-1,-1,-1,-1,-1,-1,-1,-1,-1,-1,-1,-1,-1,-1,-1,-1,-1,-1,-1,-1,-1,-1,-1,-1,-1,-1,-1,-1,-1,-1,-1,-1,-1,-1,-1,-1,-1,-1,-1,-1,-1
A0A1C5MIH1,-1,-1,-1,-1,-1,-1,-1,-1,-1,-1,-1,-1,-1,-1,-1,-1,-1,-1,-1,-1,-1,-1,-1,-1,-1,-1,-1,-1,-1,-1,-1,-1,-1,-1,-1,-1,-1,-1,-1,-1,-1,-1,-1,-1,-1,-1,-1,-1,-1,-1,-1,-1,-1,-1,-1,-1,-1,-1,-1,-1,-1,-1,-1,-1,-1,-1,-1,-1,-1,-1,-1,-1,-1,-1,-1,-1,-1,-1,-1,-1,-1,-1,-1,-1,-1,-1,-1,-1,-1,-1,-1,-1,-1,-1,-1,-1,-1,-1,-1,-1,-1,-1,-1,-1,-1,-1,-1,-1,-1,-1,-1,-1,-1,-1,-1,-1,-1,-1,-1,-1,-1,-1,-1,-1,-1,-1,-1,-1,-1,-1,0,1,2,-1,3,4,5,6,7,-1,8,9,10,-1,-1,-1,-1,-1,11,12,13,14,15,16,17,18,19,20,-1,21,22,-1,23,24,25,26,27,28,29,30,31,32,33,34,35,36,37,38,39,-1,-1,-1,-1,-1,-1,-1,40,41,-1,-1,-1,-1,-1,-1,-1,-1,-1,42,43,44,45,46,47,48,49,50,51,52,53,54,55,-1,-1,-1,-1,-1,-1,56,57,58,-1,-1,-1,-1,-1,-1,59,60,61,62,63,64,65,66,67,68,69,70,71,72,73,74,75,76,77,78,79,80,81,82,83,84,85,-1,86,87,88,-1,-1,-1,-1,89,90,-1,-1,-1,-1,-1,-1,-1,-1,-1,-1,-1,91,92,93,94,95,-1,96,97,98,99,100,101,102,103,104,105,106,107,108,109,110,111,112,113,114,115,116,117,118,119,120,-1,-1,121,122,123,124,125,126,127,128,129,130,-1,-1,131,132,-1,-1,-1,-1,-1,-1,-1,-1,-1,-1,-1,-1,-1,-1,-1,-1,-1,-1,-1,-1,-1,-1,-1,-1,-1,-1,-1,-1,133,134,135,136,137,138,139,140,141,142,143,144,-1,145,146,147,148,149,150,151,152,153,-1,154,155,-1,-1,-1,-1,156,157,158,159,160,161,-1,-1,-1,-1,-1,-1,-1,-1,-1,162,163,164,165,166,167,168,169,170,171,172,173,174,175,176,177,178,179,180,181,-1,-1,-1,-1,-1,182,183,184,185,-1,-1,-1,-1,-1,-1,-1,-1,-1,-1,-1,186,187,188,189,190,191,192,193,194,195,-1,-1,-1,196,197,198,199,200,201,-1,-1,-1,-1,-1,-1,-1,-1,-1,-1,202,203,204,205,206,207,208,209,-1,-1,-1,-1,-1,-1,210,211,212,213,214,215,-1,-1,216,217,218,219,220,221,222,223,224,225,226,227,228,229,230,231,-1,-1,-1,-1,-1,-1,-1,-1,-1,-1,-1,-1,-1,-1,-1,-1,-1,-1,-1,232,233,234,235,236,-1,237,238,239,240,241,242,243,244,245,-1,246,247,248,249,250,251,252,253,254,255,256,-1,-1,257,258,259,260,261,262,-1,263,-1,264,265,266,-1,-1,-1,-1,-1,-1,-1,-1,-1,-1,267,268,269,270,271,272,273,-1,-1,-1,-1,-1,-1,-1,-1,-1,-1,-1,274,275,276,277,278,279,280,281,-1,-1,-1,282,283,284,285,286,287,288,289,290,-1,291,292,293,294,295,296,297,298,299,300,301,302,303,304,305,306,-1,307,308,309,310,311,312,313,314,-1,-1,-1,-1,-1,-1,-1,-1,-1,315,316,317,318,319,320,321,322,-1,-1,-1,-1,-1,-1,-1,-1,-1,-1,-1,-1,-1,-1,-1,-1,-1,-1,-1,-1,-1,-1,-1,-1,-1,-1,-1,-1,-1,-1,-1,-1,-1,-1,-1,-1,-1,-1,-1,-1,-1,-1,-1,-1,-1,-1,-1
A0A1C5MV31,-1,-1,-1,-1,-1,-1,-1,-1,-1,-1,-1,-1,-1,-1,-1,-1,-1,-1,-1,-1,-1,-1,-1,-1,-1,-1,-1,-1,-1,-1,-1,-1,-1,-1,-1,-1,-1,-1,-1,-1,-1,-1,-1,-1,-1,-1,-1,-1,-1,-1,-1,-1,-1,-1,-1,-1,-1,-1,-1,-1,-1,-1,-1,-1,-1,-1,-1,-1,-1,-1,-1,-1,-1,-1,-1,-1,-1,-1,-1,-1,-1,-1,-1,-1,-1,-1,-1,-1,-1,-1,-1,-1,-1,-1,-1,-1,-1,-1,-1,-1,-1,-1,-1,-1,-1,-1,-1,-1,-1,-1,-1,-1,-1,-1,-1,-1,-1,-1,-1,-1,-1,-1,-1,-1,-1,-1,-1,-1,-1,-1,0,1,2,-1,3,4,5,6,7,-1,8,9,10,-1,-1,-1,-1,-1,11,12,13,14,15,16,17,18,19,20,-1,21,22,-1,23,24,25,26,27,28,29,30,31,32,33,34,35,36,37,38,39,-1,-1,-1,-1,-1,-1,-1,40,41,-1,-1,-1,-1,-1,-1,-1,-1,-1,42,43,44,45,46,47,48,49,50,51,52,53,54,55,-1,-1,-1,-1,-1,-1,56,57,58,-1,-1,-1,-1,-1,-1,59,60,61,62,63,64,65,66,67,68,69,70,71,72,73,74,75,76,77,78,79,80,81,82,83,84,85,-1,86,87,88,-1,-1,-1,-1,89,90,-1,-1,-1,-1,-1,-1,-1,-1,-1,-1,-1,91,92,93,94,95,-1,96,97,98,99,100,101,102,103,104,105,106,107,108,109,110,111,112,113,114,115,116,117,118,119,120,-1,-1,121,122,123,124,125,126,127,128,129,130,131,-1,132,133,-1,-1,-1,-1,-1,-1,-1,-1,-1,-1,-1,-1,-1,-1,-1,-1,-1,-1,-1,-1,-1,-1,-1,-1,-1,-1,-1,-1,134,135,136,137,138,139,140,141,142,143,144,145,-1,146,147,148,149,150,151,152,153,154,-1,155,156,-1,-1,-1,-1,157,158,159,160,161,162,-1,-1,-1,-1,-1,-1,-1,-1,-1,163,164,165,166,167,168,169,170,171,172,173,174,175,176,177,178,179,180,181,182,-1,-1,-1,-1,-1,183,184,185,186,-1,-1,-1,-1,-1,-1,-1,-1,-1,-1,-1,187,188,189,190,191,192,193,194,195,196,-1,-1,-1,197,198,199,200,201,202,-1,-1,-1,-1,-1,-1,-1,-1,-1,-1,203,204,205,206,207,208,209,210,-1,-1,-1,-1,-1,-1,211,212,213,214,215,216,-1,-1,217,218,219,220,221,222,223,224,225,226,227,228,229,230,231,232,-1,-1,-1,-1,-1,-1,-1,-1,-1,-1,-1,-1,-1,-1,-1,-1,-1,-1,-1,233,234,235,236,237,-1,238,239,240,241,242,243,244,245,246,-1,247,248,249,250,251,252,253,254,255,256,257,-1,-1,258,259,260,261,262,263,-1,264,-1,265,266,267,-1,-1,-1,-1,-1,-1,-1,-1,-1,-1,268,269,270,271,272,273,274,-1,-1,-1,-1,-1,-1,-1,-1,-1,-1,-1,275,276,277,278,279,280,281,282,-1,-1,-1,283,284,285,286,287,288,289,290,291,-1,292,293,294,295,296,297,298,299,300,301,302,303,304,305,306,307,-1,308,309,310,311,312,313,314,315,-1,-1,-1,-1,-1,-1,-1,-1,-1,316,317,318,319,320,321,322,323,-1,-1,-1,-1,-1,-1,-1,-1,-1,-1,-1,-1,-1,-1,-1,-1,-1,-1,-1,-1,-1,-1,-1,-1,-1,-1,-1,-1,-1,-1,-1,-1,-1,-1,-1,-1,-1,-1,-1,-1,-1,-1,-1,-1,-1,-1,-1
A0A1C5PCN0,-1,-1,-1,-1,-1,-1,-1,-1,-1,-1,-1,-1,-1,-1,-1,-1,-1,-1,-1,-1,-1,-1,-1,-1,-1,-1,-1,-1,-1,-1,-1,-1,-1,-1,-1,-1,-1,-1,-1,-1,-1,-1,-1,-1,-1,-1,-1,-1,-1,-1,-1,-1,-1,-1,-1,-1,-1,-1,-1,-1,-1,-1,-1,-1,-1,-1,-1,-1,-1,-1,-1,-1,-1,-1,-1,-1,-1,-1,-1,-1,-1,-1,-1,-1,-1,-1,-1,-1,-1,-1,-1,-1,-1,-1,-1,-1,-1,-1,-1,-1,-1,-1,-1,-1,-1,-1,-1,-1,-1,-1,-1,-1,-1,-1,-1,-1,-1,-1,-1,-1,-1,-1,-1,-1,-1,-1,-1,-1,-1,-1,0,1,2,-1,3,4,5,6,7,-1,8,9,10,-1,-1,-1,-1,-1,11,12,13,14,15,16,17,18,19,20,-1,21,22,-1,23,24,25,26,27,28,29,30,31,32,33,34,35,36,37,38,39,-1,-1,-1,-1,-1,-1,-1,40,41,-1,-1,-1,-1,-1,-1,-1,-1,-1,42,43,44,45,46,47,48,49,50,51,52,53,54,55,-1,-1,-1,-1,-1,-1,56,57,58,-1,-1,-1,-1,-1,-1,59,60,61,62,63,64,65,66,67,68,69,70,71,72,73,74,75,76,77,78,79,80,81,82,83,84,85,-1,86,87,88,-1,-1,-1,-1,89,90,-1,-1,-1,-1,-1,-1,-1,-1,-1,-1,-1,91,92,93,94,95,-1,96,97,98,99,100,101,102,103,104,105,106,107,108,109,110,111,112,113,114,115,116,117,118,119,120,-1,-1,121,122,123,124,125,126,127,128,129,130,131,-1,132,133,-1,-1,-1,-1,-1,-1,-1,-1,-1,-1,-1,-1,-1,-1,-1,-1,-1,-1,-1,-1,-1,-1,-1,-1,-1,-1,-1,-1,134,135,136,137,138,139,140,141,142,143,144,145,-1,146,147,148,149,150,151,152,153,154,-1,155,156,-1,-1,-1,-1,157,158,159,160,161,162,-1,-1,-1,-1,-1,-1,-1,-1,-1,163,164,165,166,167,168,169,170,171,172,173,174,175,176,177,178,179,180,181,182,-1,-1,-1,-1,-1,183,184,185,186,-1,-1,-1,-1,-1,-1,-1,-1,-1,-1,-1,187,188,189,190,191,192,193,194,195,196,-1,-1,-1,197,198,199,200,201,202,-1,-1,-1,-1,-1,-1,-1,-1,-1,-1,203,204,205,206,207,208,209,210,-1,-1,-1,-1,-1,-1,211,212,213,214,215,216,-1,-1,217,218,219,220,221,222,223,224,225,226,227,228,229,230,231,232,-1,-1,-1,-1,-1,-1,-1,-1,-1,-1,-1,-1,-1,-1,-1,-1,-1,-1,-1,233,234,235,236,237,-1,238,239,240,241,242,243,244,245,246,-1,247,248,249,250,251,252,253,254,255,256,257,-1,-1,258,259,260,261,262,263,-1,264,-1,265,266,267,-1,-1,-1,-1,-1,-1,-1,-1,-1,-1,268,269,270,271,272,273,274,-1,-1,-1,-1,-1,-1,-1,-1,-1,-1,-1,275,276,277,278,279,280,281,282,-1,-1,-1,283,284,285,286,287,288,289,290,291,-1,292,293,294,295,296,297,298,299,300,301,302,303,304,305,306,307,-1,308,309,310,311,312,313,314,315,-1,-1,-1,-1,-1,-1,-1,-1,-1,316,317,318,319,320,321,322,323,-1,-1,-1,-1,-1,-1,-1,-1,-1,-1,-1,-1,-1,-1,-1,-1,-1,-1,-1,-1,-1,-1,-1,-1,-1,-1,-1,-1,-1,-1,-1,-1,-1,-1,-1,-1,-1,-1,-1,-1,-1,-1,-1,-1,-1,-1,-1
A0A1C5QNJ0,-1,-1,-1,-1,-1,-1,-1,-1,-1,-1,-1,-1,-1,-1,-1,-1,-1,-1,-1,-1,-1,-1,-1,-1,-1,-1,-1,-1,-1,-1,-1,-1,-1,-1,-1,-1,-1,-1,-1,-1,-1,-1,-1,-1,-1,-1,-1,-1,-1,-1,-1,-1,-1,-1,-1,-1,-1,-1,-1,-1,-1,-1,-1,-1,-1,-1,-1,-1,-1,-1,-1,-1,-1,-1,-1,-1,-1,-1,-1,-1,-1,-1,-1,-1,-1,-1,-1,-1,-1,-1,-1,-1,-1,-1,-1,-1,-1,-1,-1,-1,-1,-1,-1,-1,-1,-1,-1,-1,-1,-1,-1,-1,-1,-1,-1,-1,-1,-1,-1,-1,-1,-1,-1,-1,-1,-1,-1,-1,-1,-1,0,1,2,-1,3,4,5,6,7,-1,8,9,10,-1,-1,-1,-1,-1,11,12,13,14,15,16,17,18,19,20,-1,21,22,-1,23,24,25,26,27,28,29,30,31,32,33,34,35,36,37,38,39,-1,-1,-1,-1,-1,-1,-1,40,41,-1,-1,-1,-1,-1,-1,-1,-1,-1,42,43,44,45,46,47,48,49,50,51,52,53,54,55,-1,-1,-1,-1,-1,-1,56,57,58,-1,-1,-1,-1,-1,-1,59,60,61,62,63,64,65,66,67,68,69,70,71,72,73,74,75,76,77,78,79,80,81,82,83,84,85,-1,86,87,88,-1,-1,-1,-1,89,90,-1,-1,-1,-1,-1,-1,-1,-1,-1,-1,-1,91,92,93,94,95,-1,96,97,98,99,100,101,102,103,104,105,106,107,108,109,110,111,112,113,114,115,116,117,118,119,120,-1,-1,121,122,123,124,125,126,127,128,129,130,131,-1,132,133,-1,-1,-1,-1,-1,-1,-1,-1,-1,-1,-1,-1,-1,-1,-1,-1,-1,-1,-1,-1,-1,-1,-1,-1,-1,-1,-1,-1,134,135,136,137,138,139,140,141,142,143,144,145,-1,146,147,148,149,150,151,152,153,154,-1,155,156,-1,-1,-1,-1,157,158,159,160,161,162,-1,-1,-1,-1,-1,-1,-1,-1,-1,163,164,165,166,167,168,169,170,171,172,173,174,175,176,177,178,179,180,181,182,-1,-1,-1,-1,-1,183,184,185,186,-1,-1,-1,-1,-1,-1,-1,-1,-1,-1,-1,187,188,189,190,191,192,193,194,195,196,-1,-1,-1,197,198,199,200,201,202,-1,-1,-1,-1,-1,-1,-1,-1,-1,-1,203,204,205,206,207,208,209,210,-1,-1,-1,-1,-1,-1,211,212,213,214,215,216,-1,-1,217,218,219,220,221,222,223,224,225,226,227,228,229,230,231,232,-1,-1,-1,-1,-1,-1,-1,-1,-1,-1,-1,-1,-1,-1,-1,-1,-1,-1,-1,233,234,235,236,237,-1,238,239,240,241,242,243,244,245,246,-1,247,248,249,250,251,252,253,254,255,256,257,-1,-1,258,259,260,261,262,263,-1,264,-1,265,266,267,-1,-1,-1,-1,-1,-1,-1,-1,-1,-1,268,269,270,271,272,273,274,-1,-1,-1,-1,-1,-1,-1,-1,-1,-1,-1,275,276,277,278,279,280,281,282,-1,-1,-1,283,284,285,286,287,288,289,290,291,-1,292,293,294,295,296,297,298,299,300,301,302,303,304,305,306,307,-1,308,309,310,311,312,313,314,315,-1,-1,-1,-1,-1,-1,-1,-1,-1,316,317,318,319,320,321,322,323,-1,-1,-1,-1,-1,-1,-1,-1,-1,-1,-1,-1,-1,-1,-1,-1,-1,-1,-1,-1,-1,-1,-1,-1,-1,-1,-1,-1,-1,-1,-1,-1,-1,-1,-1,-1,-1,-1,-1,-1,-1,-1,-1,-1,-1,-1,-1
A0A1C5S406,-1,-1,-1,-1,-1,-1,-1,-1,-1,-1,-1,-1,-1,-1,-1,-1,-1,-1,-1,-1,-1,-1,0,1,2,3,4,5,6,-1,-1,-1,-1,-1,-1,-1,-1,-1,-1,-1,-1,-1,-1,-1,-1,-1,-1,-1,-1,-1,-1,-1,-1,-1,-1,-1,-1,-1,-1,-1,-1,-1,-1,-1,-1,-1,-1,-1,-1,-1,-1,-1,-1,-1,-1,-1,-1,7,8,-1,-1,-1,-1,-1,-1,-1,-1,-1,-1,9,10,11,12,13,14,15,-1,-1,-1,-1,-1,-1,-1,-1,-1,-1,-1,-1,-1,-1,-1,-1,-1,-1,-1,-1,-1,-1,-1,-1,-1,-1,-1,16,17,18,19,20,21,22,23,24,25,-1,26,27,28,29,30,-1,31,32,33,-1,-1,-1,-1,-1,34,35,36,37,38,39,40,41,42,43,-1,44,45,-1,46,47,48,49,50,51,52,53,54,55,56,57,58,59,60,61,62,-1,-1,-1,-1,-1,-1,-1,63,64,-1,-1,-1,-1,-1,-1,-1,-1,-1,65,66,67,68,69,70,71,72,73,74,75,76,77,78,-1,-1,-1,-1,-1,-1,79,80,81,-1,-1,-1,-1,-1,-1,82,83,84,85,86,87,88,89,90,91,92,93,94,95,96,97,98,99,100,101,102,103,104,105,106,107,108,-1,109,110,111,112,113,114,115,116,117,-1,-1,-1,-1,-1,-1,-1,-1,-1,-1,-1,118,119,120,121,122,-1,123,124,125,126,127,128,129,130,131,132,133,134,135,136,137,138,139,140,141,142,143,144,145,146,147,-1,-1,148,149,150,151,152,153,154,155,156,157,158,-1,159,160,-1,-1,-1,-1,-1,-1,-1,-1,-1,-1,-1,-1,-1,-1,-1,-1,-1,-1,-1,-1,-1,-1,-1,-1,-1,-1,-1,-1,161,162,163,164,165,166,167,168,169,170,171,172,-1,173,174,175,176,177,178,179,180,181,-1,182,183,-1,-1,-1,-1,184,185,186,187,188,189,-1,-1,-1,-1,-1,-1,-1,-1,-1,190,191,192,193,194,195,196,197,198,199,200,201,202,203,204,205,206,207,208,209,-1,-1,-1,-1,-1,210,211,212,213,-1,-1,-1,-1,-1,-1,-1,-1,-1,-1,-1,214,215,216,217,218,219,220,221,222,223,-1,-1,-1,224,225,226,227,228,229,-1,-1,-1,-1,-1,-1,-1,-1,-1,-1,230,231,232,233,234,235,236,237,-1,-1,-1,-1,-1,-1,238,239,240,241,242,243,-1,-1,244,245,246,247,248,249,250,251,252,253,254,255,256,257,258,259,-1,-1,-1,-1,-1,-1,-1,-1,-1,-1,-1,-1,-1,-1,-1,-1,-1,-1,-1,260,261,262,263,264,-1,265,266,267,268,269,270,271,272,273,-1,274,275,276,277,278,279,280,281,282,283,284,-1,-1,285,286,287,288,289,290,-1,291,-1,292,293,294,-1,-1,-1,-1,-1,-1,-1,-1,-1,-1,295,296,297,298,299,300,301,-1,-1,-1,-1,-1,-1,-1,-1,-1,-1,-1,302,303,304,305,306,307,308,309,-1,-1,-1,310,311,312,313,314,315,316,317,318,-1,319,320,321,322,323,324,325,326,327,328,329,330,331,332,333,334,-1,335,336,337,338,339,340,341,342,-1,-1,-1,-1,-1,-1,-1,-1,-1,343,344,345,346,347,348,349,350,351,-1,-1,-1,-1,-1,-1,-1,-1,-1,-1,-1,-1,-1,-1,-1,-1,-1,-1,-1,-1,-1,-1,-1,-1,-1,-1,-1,-1,-1,-1,-1,-1,-1,-1,-1,-1,-1,-1,-1,-1,-1,-1,-1,-1,-1,-1
A0A1C5V0T2,-1,-1,-1,-1,-1,-1,-1,-1,-1,-1,-1,-1,-1,-1,-1,-1,-1,-1,-1,-1,-1,-1,-1,-1,-1,-1,-1,-1,-1,-1,-1,-1,-1,-1,-1,-1,-1,-1,-1,-1,-1,-1,-1,-1,-1,-1,-1,-1,-1,-1,-1,-1,-1,-1,-1,-1,-1,-1,-1,-1,-1,-1,-1,-1,-1,-1,-1,-1,-1,-1,-1,-1,-1,-1,-1,-1,-1,-1,-1,-1,-1,-1,-1,-1,-1,-1,-1,-1,-1,-1,-1,-1,-1,-1,-1,-1,-1,-1,-1,-1,-1,-1,-1,-1,-1,-1,-1,-1,-1,-1,-1,-1,-1,-1,-1,-1,-1,-1,-1,-1,-1,-1,-1,-1,-1,-1,-1,-1,-1,-1,0,1,2,-1,3,4,5,6,7,-1,8,9,10,-1,-1,-1,-1,-1,11,12,13,14,15,16,17,18,19,20,-1,21,22,-1,23,24,25,26,27,28,29,30,31,32,33,34,35,36,37,38,39,-1,-1,-1,-1,-1,-1,-1,40,41,-1,-1,-1,-1,-1,-1,-1,-1,-1,42,43,44,45,46,47,48,49,50,51,52,53,54,55,-1,-1,-1,-1,-1,-1,56,57,58,59,-1,-1,60,61,62,63,64,65,66,67,68,69,70,71,72,73,74,75,76,77,78,79,80,81,82,83,84,85,86,87,88,89,-1,90,91,92,-1,-1,-1,-1,93,94,-1,-1,-1,-1,-1,-1,-1,-1,-1,-1,-1,95,96,97,98,99,-1,100,101,102,103,104,105,106,107,108,109,110,111,112,113,114,115,116,117,118,119,120,121,122,123,124,-1,-1,125,126,127,128,129,130,131,132,133,134,135,-1,136,137,-1,-1,-1,-1,-1,-1,-1,-1,-1,-1,-1,-1,-1,-1,-1,-1,-1,-1,-1,-1,-1,-1,-1,-1,-1,-1,-1,-1,138,139,140,141,142,143,144,145,146,147,148,149,-1,150,151,152,153,154,155,156,157,158,-1,159,160,-1,-1,-1,-1,161,162,163,164,165,166,-1,-1,-1,-1,-1,-1,-1,-1,-1,167,168,169,170,171,172,173,174,175,176,177,178,179,180,181,182,183,184,185,186,-1,-1,-1,-1,-1,187,188,189,190,-1,-1,-1,-1,-1,-1,-1,-1,-1,-1,-1,191,192,193,194,195,196,197,198,199,200,-1,-1,-1,201,202,203,204,205,206,-1,-1,-1,-1,-1,-1,-1,-1,-1,-1,207,208,209,210,211,212,213,214,-1,-1,-1,-1,-1,-1,215,216,217,218,219,220,-1,-1,221,222,223,224,225,226,227,228,229,230,231,232,233,234,235,236,-1,-1,-1,-1,-1,-1,-1,-1,-1,-1,-1,-1,-1,-1,-1,-1,-1,-1,-1,237,238,239,240,241,-1,242,243,244,245,246,247,248,249,250,-1,251,252,253,254,255,256,257,258,259,260,261,-1,-1,262,263,264,265,266,267,-1,268,-1,269,270,271,-1,-1,-1,-1,-1,-1,-1,-1,-1,-1,272,273,274,275,276,277,278,-1,-1,-1,-1,-1,-1,-1,-1,-1,-1,-1,279,280,281,282,283,284,285,286,-1,-1,-1,287,288,289,290,291,292,293,294,295,-1,296,297,298,299,300,301,302,303,304,305,306,307,308,309,310,311,-1,312,313,314,315,316,317,318,319,-1,-1,-1,-1,-1,-1,-1,-1,-1,320,321,322,323,324,325,326,327,-1,-1,-1,-1,-1,-1,-1,-1,-1,-1,-1,-1,-1,-1,-1,-1,-1,-1,-1,-1,-1,-1,-1,-1,-1,-1,-1,-1,-1,-1,-1,-1,-1,-1,-1,-1,-1,-1,-1,-1,-1,-1,-1,-1,-1,-1,-1
A0A1C5VKY6,-1,-1,-1,-1,-1,-1,-1,-1,-1,-1,-1,-1,-1,-1,-1,-1,-1,-1,-1,-1,-1,-1,-1,-1,-1,-1,-1,-1,-1,-1,-1,-1,-1,-1,-1,-1,-1,-1,-1,-1,-1,-1,-1,-1,-1,-1,-1,-1,-1,-1,-1,-1,-1,-1,-1,-1,-1,-1,-1,-1,-1,-1,-1,-1,-1,-1,-1,-1,-1,-1,-1,-1,-1,-1,-1,-1,-1,-1,-1,-1,-1,-1,-1,-1,-1,-1,-1,-1,-1,-1,-1,-1,-1,-1,-1,-1,-1,-1,-1,-1,-1,-1,-1,-1,-1,-1,-1,-1,-1,-1,-1,-1,-1,-1,-1,-1,-1,-1,-1,-1,-1,-1,-1,-1,-1,-1,-1,-1,-1,-1,0,1,2,-1,3,4,5,6,7,-1,8,9,10,-1,-1,-1,-1,-1,11,12,13,14,15,16,17,18,19,20,-1,21,22,-1,23,24,25,26,27,28,29,30,31,32,33,34,35,36,37,38,39,-1,-1,-1,-1,-1,-1,-1,40,41,-1,-1,-1,-1,-1,-1,-1,-1,-1,42,43,44,45,46,47,48,49,50,51,52,53,54,55,-1,-1,-1,-1,-1,-1,56,57,58,-1,-1,-1,-1,-1,-1,59,60,61,62,63,64,65,66,67,68,69,70,71,72,73,74,75,76,77,78,79,80,81,82,83,84,85,-1,86,87,88,-1,-1,-1,-1,89,90,-1,-1,-1,-1,-1,-1,-1,-1,-1,-1,-1,91,92,93,94,95,-1,96,97,98,99,100,101,102,103,104,105,106,107,108,109,110,111,112,113,114,115,116,117,118,119,120,-1,-1,121,122,123,124,125,126,127,128,129,130,131,-1,132,133,-1,-1,-1,-1,-1,-1,-1,-1,-1,-1,-1,-1,-1,-1,-1,-1,-1,-1,-1,-1,-1,-1,-1,-1,-1,-1,-1,-1,134,135,136,137,138,139,140,141,142,143,144,145,-1,146,147,148,149,150,151,152,153,154,-1,155,156,-1,-1,-1,-1,157,158,159,160,161,162,-1,-1,-1,-1,-1,-1,-1,-1,-1,163,164,165,166,167,168,169,170,171,172,173,174,175,176,177,178,179,180,181,182,-1,-1,-1,-1,-1,183,184,185,186,-1,-1,-1,-1,-1,-1,-1,-1,-1,-1,-1,187,188,189,190,191,192,193,194,195,196,-1,-1,-1,197,198,199,200,201,202,-1,-1,-1,-1,-1,-1,-1,-1,-1,-1,203,204,205,206,207,208,209,210,-1,-1,-1,-1,-1,-1,211,212,213,214,215,216,-1,-1,217,218,219,220,221,222,223,224,225,226,227,228,229,230,231,232,-1,-1,-1,-1,-1,-1,-1,-1,-1,-1,-1,-1,-1,-1,-1,-1,-1,-1,-1,233,234,235,236,237,-1,238,239,240,241,242,243,244,245,246,-1,247,248,249,250,251,252,253,254,255,256,257,-1,-1,258,259,260,261,262,263,-1,264,-1,265,266,267,-1,-1,-1,-1,-1,-1,-1,-1,-1,-1,268,269,270,271,272,273,274,-1,-1,-1,-1,-1,-1,-1,-1,-1,-1,-1,275,276,277,278,279,280,281,282,-1,-1,-1,283,284,285,286,287,288,289,290,291,-1,292,293,294,295,296,297,298,299,300,301,302,303,304,305,306,307,-1,308,309,310,311,312,313,314,315,-1,-1,-1,-1,-1,-1,-1,-1,-1,316,317,318,319,320,321,322,323,-1,-1,-1,-1,-1,-1,-1,-1,-1,-1,-1,-1,-1,-1,-1,-1,-1,-1,-1,-1,-1,-1,-1,-1,-1,-1,-1,-1,-1,-1,-1,-1,-1,-1,-1,-1,-1,-1,-1,-1,-1,-1,-1,-1,-1,-1,-1
A0A1C5X749,-1,-1,-1,-1,-1,-1,-1,-1,-1,-1,-1,-1,-1,-1,-1,-1,-1,-1,-1,-1,-1,-1,-1,-1,-1,-1,-1,-1,-1,-1,-1,-1,-1,-1,-1,-1,-1,-1,-1,-1,-1,-1,-1,-1,-1,-1,-1,-1,-1,-1,-1,-1,-1,-1,-1,-1,-1,-1,-1,-1,-1,-1,-1,-1,-1,-1,-1,-1,-1,-1,-1,-1,-1,-1,-1,-1,-1,-1,-1,-1,-1,-1,-1,-1,-1,-1,-1,-1,-1,-1,-1,-1,-1,-1,-1,-1,-1,-1,-1,-1,-1,-1,-1,-1,-1,-1,-1,-1,-1,-1,-1,-1,-1,-1,-1,-1,-1,-1,-1,-1,-1,-1,-1,-1,-1,-1,-1,-1,-1,-1,0,1,2,-1,3,4,5,6,7,-1,8,9,10,-1,-1,-1,-1,-1,11,12,13,14,15,16,17,18,19,20,-1,21,22,-1,23,24,25,26,27,28,29,30,31,32,33,34,35,36,37,38,39,-1,-1,-1,-1,-1,-1,-1,40,41,-1,-1,-1,-1,-1,-1,-1,-1,-1,42,43,44,45,46,47,48,49,50,51,52,53,54,55,-1,-1,-1,-1,-1,-1,56,57,58,-1,-1,-1,-1,-1,-1,59,60,61,62,63,64,65,66,67,68,69,70,71,72,73,74,75,76,77,78,79,80,81,82,83,84,85,-1,86,87,88,-1,-1,-1,-1,89,90,-1,-1,-1,-1,-1,-1,-1,-1,-1,-1,-1,91,92,93,94,95,-1,96,97,98,99,100,101,102,103,104,105,106,107,108,109,110,111,112,113,114,115,116,117,118,119,120,-1,-1,121,122,123,124,125,126,127,128,129,130,131,-1,132,133,-1,-1,-1,-1,-1,-1,-1,-1,-1,-1,-1,-1,-1,-1,-1,-1,-1,-1,-1,-1,-1,-1,-1,-1,-1,-1,-1,-1,134,135,136,137,138,139,140,141,142,143,144,145,-1,146,147,148,149,150,151,152,153,154,-1,155,156,-1,-1,-1,-1,157,158,159,160,161,162,-1,-1,-1,-1,-1,-1,-1,-1,-1,163,164,165,166,167,168,169,170,171,172,173,174,175,176,177,178,179,180,181,182,-1,-1,-1,-1,-1,183,184,185,186,-1,-1,-1,-1,-1,-1,-1,-1,-1,-1,-1,187,188,189,190,191,192,193,194,195,196,-1,-1,-1,197,198,199,200,201,202,-1,-1,-1,-1,-1,-1,-1,-1,-1,-1,203,204,205,206,207,208,209,210,-1,-1,-1,-1,-1,-1,211,212,213,214,215,216,-1,-1,217,218,219,220,221,222,223,224,225,226,227,228,229,230,231,232,-1,-1,-1,-1,-1,-1,-1,-1,-1,-1,-1,-1,-1,-1,-1,-1,-1,-1,-1,233,234,235,236,237,-1,238,239,240,241,242,243,244,245,246,-1,247,248,249,250,251,252,253,254,255,256,257,-1,-1,258,259,260,261,262,263,-1,264,-1,265,266,267,-1,-1,-1,-1,-1,-1,-1,-1,-1,-1,268,269,270,271,272,273,274,-1,-1,-1,-1,-1,-1,-1,-1,-1,-1,-1,275,276,277,278,279,280,281,282,-1,-1,-1,283,284,285,286,287,288,289,290,291,-1,292,293,294,295,296,297,298,299,300,301,302,303,304,305,306,307,-1,308,309,310,311,312,313,314,315,-1,-1,-1,-1,-1,-1,-1,-1,-1,316,317,318,319,320,321,322,323,324,325,-1,-1,-1,-1,-1,-1,-1,-1,-1,-1,-1,-1,-1,-1,-1,-1,-1,-1,-1,-1,-1,-1,-1,-1,-1,-1,-1,-1,-1,-1,-1,-1,-1,-1,-1,-1,-1,-1,-1,-1,-1,-1,-1,-1,-1
A0A1C6A728,-1,-1,-1,-1,-1,-1,-1,-1,-1,-1,-1,-1,-1,-1,-1,-1,-1,-1,-1,-1,-1,-1,-1,-1,-1,-1,-1,-1,-1,-1,-1,-1,-1,-1,-1,-1,-1,-1,-1,-1,-1,-1,-1,-1,-1,-1,-1,-1,-1,-1,-1,-1,-1,-1,-1,-1,-1,-1,-1,-1,-1,-1,-1,-1,-1,-1,-1,-1,-1,-1,-1,-1,-1,-1,-1,-1,-1,-1,-1,-1,-1,-1,-1,-1,-1,-1,-1,-1,-1,-1,-1,-1,-1,-1,-1,-1,-1,-1,-1,-1,-1,-1,-1,-1,-1,-1,-1,-1,-1,-1,-1,-1,-1,-1,-1,-1,-1,-1,-1,-1,-1,-1,-1,-1,-1,-1,-1,-1,-1,-1,0,1,2,-1,3,4,5,6,7,-1,8,9,10,-1,-1,-1,-1,-1,11,12,13,14,15,16,17,18,19,20,-1,21,22,-1,23,24,25,26,27,28,29,30,31,32,33,34,35,36,37,38,39,-1,-1,-1,-1,-1,-1,-1,40,41,-1,-1,-1,-1,-1,-1,-1,-1,-1,42,43,44,45,46,47,48,49,50,51,52,53,54,55,-1,-1,-1,-1,-1,-1,56,57,58,-1,-1,-1,-1,-1,-1,59,60,61,62,63,64,65,66,67,68,69,70,71,72,73,74,75,76,77,78,79,80,81,82,83,84,85,-1,86,87,88,-1,-1,-1,-1,89,90,-1,-1,-1,-1,-1,-1,-1,-1,-1,-1,-1,91,92,93,94,95,-1,96,97,98,99,100,101,102,103,104,105,106,107,108,109,110,111,112,113,114,115,116,117,118,119,120,-1,-1,121,122,123,124,125,126,127,128,129,130,131,-1,132,133,-1,-1,-1,-1,-1,-1,-1,-1,-1,-1,-1,-1,-1,-1,-1,-1,-1,-1,-1,-1,-1,-1,-1,-1,-1,-1,-1,-1,134,135,136,137,138,139,140,141,142,143,144,145,-1,146,147,148,149,150,151,152,153,154,-1,155,156,-1,-1,-1,-1,157,158,159,160,161,162,-1,-1,-1,-1,-1,-1,-1,-1,-1,163,164,165,166,167,168,169,170,171,172,173,174,175,176,177,178,179,180,181,182,-1,-1,-1,-1,-1,183,184,185,186,-1,-1,-1,-1,-1,-1,-1,-1,-1,-1,-1,187,188,189,190,191,192,193,194,195,196,-1,-1,-1,197,198,199,200,201,202,-1,-1,-1,-1,-1,-1,-1,-1,-1,-1,203,204,205,206,207,208,209,210,-1,-1,-1,-1,-1,-1,211,212,213,214,215,216,-1,-1,217,218,219,220,221,222,223,224,225,226,227,228,229,230,231,232,-1,-1,-1,-1,-1,-1,-1,-1,-1,-1,-1,-1,-1,-1,-1,-1,-1,-1,-1,233,234,235,236,237,-1,238,239,240,241,242,243,244,245,246,-1,247,248,249,250,251,252,253,254,255,256,257,-1,-1,258,259,260,261,262,263,-1,264,-1,265,266,267,-1,-1,-1,-1,-1,-1,-1,-1,-1,-1,268,269,270,271,272,273,274,-1,-1,-1,-1,-1,-1,-1,-1,-1,-1,-1,275,276,277,278,279,280,281,282,-1,-1,-1,283,284,285,286,287,288,289,290,291,-1,292,293,294,295,296,297,298,299,300,301,302,303,304,305,306,307,-1,308,309,310,311,312,313,314,315,-1,-1,-1,-1,-1,-1,-1,-1,-1,316,317,318,319,320,321,322,323,324,325,326,327,328,329,330,331,-1,-1,-1,-1,-1,-1,-1,-1,-1,-1,-1,-1,-1,-1,-1,-1,-1,-1,-1,-1,-1,-1,-1,-1,-1,-1,-1,-1,-1,-1,-1,-1,-1,-1,-1,-1,-1,332,333
A0A1C6E6X3,-1,-1,-1,-1,-1,-1,-1,-1,-1,-1,-1,-1,-1,-1,-1,-1,-1,-1,-1,-1,-1,-1,-1,-1,-1,-1,-1,-1,-1,-1,-1,-1,-1,-1,-1,-1,-1,-1,-1,-1,-1,-1,-1,-1,-1,-1,-1,-1,-1,-1,-1,-1,-1,-1,-1,-1,-1,-1,-1,-1,-1,-1,-1,-1,-1,-1,-1,-1,-1,-1,-1,-1,-1,-1,-1,-1,-1,-1,-1,-1,-1,-1,-1,-1,-1,-1,-1,-1,-1,-1,-1,-1,-1,-1,-1,-1,-1,-1,-1,-1,-1,-1,-1,-1,-1,-1,-1,-1,-1,-1,-1,-1,-1,-1,-1,-1,-1,-1,-1,-1,-1,-1,-1,-1,-1,-1,-1,-1,-1,-1,0,1,2,-1,3,4,5,6,7,-1,8,9,10,-1,-1,-1,-1,-1,11,12,13,14,15,16,17,18,19,20,-1,21,22,-1,23,24,25,26,27,28,29,30,31,32,33,34,35,36,37,38,39,-1,-1,-1,-1,-1,-1,-1,40,41,-1,-1,-1,-1,-1,-1,-1,-1,-1,42,43,44,45,46,47,48,49,50,51,52,53,54,55,-1,-1,-1,-1,-1,-1,56,57,58,-1,-1,-1,-1,-1,-1,59,60,61,62,63,64,65,66,67,68,69,70,71,72,73,74,75,76,77,78,79,80,81,82,83,84,85,-1,86,87,88,-1,-1,-1,-1,89,90,-1,-1,-1,-1,-1,-1,-1,-1,-1,-1,-1,91,92,93,94,95,-1,96,97,98,99,100,101,102,103,104,105,106,107,108,109,110,111,112,113,114,115,116,117,118,119,120,-1,-1,121,122,123,124,125,126,127,128,129,130,131,-1,132,133,-1,-1,-1,-1,-1,-1,-1,-1,-1,-1,-1,-1,-1,-1,-1,-1,-1,-1,-1,-1,-1,-1,-1,-1,-1,-1,-1,-1,134,135,136,137,138,139,140,141,142,143,144,145,-1,146,147,148,149,150,151,152,153,154,-1,155,156,-1,-1,-1,-1,157,158,159,160,161,162,-1,-1,-1,-1,-1,-1,-1,-1,-1,163,164,165,166,167,168,169,170,171,172,173,174,175,176,177,178,179,180,181,182,-1,-1,-1,-1,-1,183,184,185,186,-1,-1,-1,-1,-1,-1,-1,-1,-1,-1,-1,187,188,189,190,191,192,193,194,195,196,-1,-1,-1,197,198,199,200,201,202,-1,-1,-1,-1,-1,-1,-1,-1,-1,-1,203,204,205,206,207,208,209,210,-1,-1,-1,-1,-1,-1,211,212,213,214,215,216,-1,-1,217,218,219,220,221,222,223,224,225,226,227,228,229,230,231,232,-1,-1,-1,-1,-1,-1,-1,-1,-1,-1,-1,-1,-1,-1,-1,-1,-1,-1,-1,233,234,235,236,237,-1,238,239,240,241,242,243,244,245,246,-1,247,248,249,250,251,252,253,254,255,256,257,-1,-1,258,259,260,261,262,263,-1,264,-1,265,266,267,-1,-1,-1,-1,-1,-1,-1,-1,-1,-1,268,269,270,271,272,273,274,-1,-1,-1,-1,-1,-1,-1,-1,-1,-1,-1,275,276,277,278,279,280,281,282,-1,-1,-1,283,284,285,286,287,288,289,290,291,-1,292,293,294,295,296,297,298,299,300,301,302,303,304,305,306,307,-1,308,309,310,311,312,313,314,315,-1,-1,-1,-1,-1,-1,-1,-1,-1,316,317,318,319,320,321,322,323,-1,-1,-1,-1,-1,-1,-1,-1,-1,-1,-1,-1,-1,-1,-1,-1,-1,-1,-1,-1,-1,-1,-1,-1,-1,-1,-1,-1,-1,-1,-1,-1,-1,-1,-1,-1,-1,-1,-1,-1,-1,-1,-1,-1,-1,-1,-1
A0A1C6E707,0,-1,-1,-1,-1,-1,-1,-1,-1,-1,-1,-1,-1,-1,-1,-1,-1,-1,-1,-1,-1,1,2,3,4,5,6,7,8,-1,-1,-1,-1,-1,9,10,11,12,13,14,15,16,17,18,19,20,21,22,23,24,25,26,27,28,29,30,31,32,33,34,35,36,37,38,39,40,41,42,43,44,45,46,47,48,49,50,-1,51,52,53,54,55,56,57,58,59,60,61,62,63,64,65,66,67,68,69,70,-1,71,72,73,74,75,76,77,78,79,80,81,82,83,84,85,86,87,88,89,90,91,92,-1,93,94,95,96,97,98,99,100,101,102,103,104,-1,105,106,107,108,109,-1,110,111,112,113,114,-1,-1,-1,115,116,117,118,119,120,121,122,123,124,-1,125,126,127,128,129,130,131,132,133,134,135,136,137,138,139,140,141,142,143,144,-1,-1,-1,-1,-1,-1,-1,-1,-1,-1,-1,-1,-1,-1,-1,-1,-1,-1,-1,-1,-1,145,146,147,148,149,150,151,152,153,154,155,-1,-1,156,157,158,159,160,161,162,163,164,165,166,167,168,169,170,171,172,173,174,175,176,177,178,179,180,181,182,183,184,185,186,187,188,189,190,191,192,193,194,195,-1,196,-1,-1,-1,-1,-1,-1,197,198,-1,-1,-1,-1,-1,-1,-1,-1,-1,-1,-1,199,200,201,202,203,-1,204,205,206,207,208,209,210,211,212,213,214,215,216,217,218,219,220,221,222,223,224,225,226,227,228,-1,-1,229,230,231,232,233,234,235,-1,-1,-1,-1,-1,-1,-1,-1,-1,-1,-1,-1,-1,-1,-1,-1,-1,-1,-1,-1,-1,-1,-1,-1,-1,-1,-1,-1,-1,-1,-1,-1,-1,-1,-1,236,237,238,239,240,241,242,243,244,245,246,247,248,249,250,251,252,253,254,255,256,257,-1,258,259,260,261,262,263,264,265,266,267,268,269,270,271,-1,-1,-1,-1,-1,-1,-1,-1,-1,-1,-1,272,273,274,-1,-1,-1,-1,-1,-1,-1,-1,-1,-1,-1,-1,-1,-1,-1,-1,-1,-1,275,276,277,278,-1,-1,-1,-1,-1,-1,-1,-1,-1,-1,-1,-1,-1,-1,-1,-1,-1,-1,-1,-1,-1,-1,279,280,281,282,283,284,285,286,-1,-1,-1,-1,-1,-1,-1,-1,-1,-1,287,288,289,290,291,292,293,-1,-1,-1,-1,-1,-1,-1,-1,-1,-1,-1,-1,-1,-1,-1,-1,294,295,296,297,298,299,300,301,302,303,304,305,306,307,308,-1,-1,-1,-1,-1,-1,-1,-1,-1,-1,-1,-1,-1,-1,-1,-1,-1,-1,-1,-1,-1,-1,-1,-1,-1,309,310,311,312,313,314,315,316,317,-1,318,319,320,321,322,323,324,325,326,327,-1,-1,-1,-1,-1,-1,-1,328,329,330,331,-1,332,333,334,-1,-1,-1,-1,-1,-1,-1,-1,-1,-1,335,336,337,338,339,340,341,-1,-1,-1,-1,-1,-1,-1,-1,-1,-1,-1,342,343,344,345,346,347,348,349,350,351,352,353,354,355,356,357,358,359,360,361,-1,-1,-1,-1,-1,-1,-1,-1,-1,-1,-1,-1,-1,-1,-1,-1,-1,-1,362,363,-1,364,365,366,367,368,369,370,371,-1,-1,-1,-1,-1,-1,-1,-1,-1,-1,-1,372,373,374,-1,-1,-1,-1,-1,-1,-1,-1,-1,-1,-1,-1,-1,-1,-1,-1,-1,-1,-1,-1,-1,-1,-1,-1,-1,-1,-1,-1,-1,-1,-1,-1,-1,-1,-1,-1,-1,-1,-1,-1,-1,-1,-1,-1,-1,-1,-1
A0A1C6FDU7,-1,-1,-1,-1,-1,-1,-1,-1,-1,-1,-1,-1,-1,-1,-1,-1,-1,-1,-1,-1,-1,-1,-1,-1,-1,-1,-1,-1,-1,-1,-1,-1,-1,-1,-1,-1,-1,-1,-1,-1,-1,-1,-1,-1,-1,-1,-1,-1,-1,-1,-1,-1,-1,-1,-1,-1,-1,-1,-1,-1,-1,-1,-1,-1,-1,-1,-1,-1,-1,-1,-1,-1,-1,-1,-1,-1,-1,-1,-1,-1,-1,-1,-1,-1,-1,-1,-1,-1,-1,-1,-1,-1,-1,-1,-1,-1,-1,-1,-1,-1,-1,-1,-1,-1,-1,-1,-1,-1,-1,-1,-1,-1,-1,-1,-1,-1,-1,-1,-1,-1,-1,-1,-1,-1,-1,-1,-1,-1,-1,-1,0,1,2,-1,3,4,5,6,7,-1,8,9,10,-1,-1,-1,-1,-1,11,12,13,14,15,16,17,18,19,20,-1,21,22,-1,23,24,25,26,27,28,29,30,31,32,33,34,35,36,37,38,39,-1,-1,-1,-1,-1,-1,-1,40,41,-1,-1,-1,-1,-1,-1,-1,-1,-1,42,43,44,45,46,47,48,49,50,51,52,53,54,55,-1,-1,-1,-1,-1,-1,56,57,58,-1,-1,-1,-1,-1,-1,59,60,61,62,63,64,65,66,67,68,69,70,71,72,73,74,75,76,77,78,79,80,81,82,83,84,85,-1,86,87,88,-1,-1,-1,-1,89,90,-1,-1,-1,-1,-1,-1,-1,-1,-1,-1,-1,91,92,93,94,95,-1,96,97,98,99,100,101,102,103,104,105,106,107,108,109,110,111,112,113,114,115,116,117,118,119,120,-1,-1,121,122,123,124,125,126,127,128,129,130,131,-1,132,133,-1,-1,-1,-1,-1,-1,-1,-1,-1,-1,-1,-1,-1,-1,-1,-1,-1,-1,-1,-1,-1,-1,-1,-1,-1,-1,-1,-1,134,135,136,137,138,139,140,141,142,143,144,145,-1,146,147,148,149,150,151,152,153,154,-1,155,156,-1,-1,-1,-1,157,158,159,160,161,162,-1,-1,-1,-1,-1,-1,-1,-1,-1,163,164,165,166,167,168,169,170,171,172,173,174,175,176,177,178,179,180,181,182,-1,-1,-1,-1,-1,183,184,185,186,-1,-1,-1,-1,-1,-1,-1,-1,-1,-1,-1,187,188,189,190,191,192,193,194,195,196,-1,-1,-1,197,198,199,200,201,202,-1,-1,-1,-1,-1,-1,-1,-1,-1,-1,203,204,205,206,207,208,209,210,-1,-1,-1,-1,-1,-1,211,212,213,214,215,216,-1,-1,217,218,219,220,221,222,223,224,225,226,227,228,229,230,231,232,-1,-1,-1,-1,-1,-1,-1,-1,-1,-1,-1,-1,-1,-1,-1,-1,-1,-1,-1,233,234,235,236,237,-1,238,239,240,241,242,243,244,245,246,-1,247,248,249,250,251,252,253,254,255,256,257,-1,-1,258,259,260,261,262,263,-1,-1,-1,264,265,266,-1,-1,-1,-1,-1,-1,-1,-1,-1,-1,267,268,269,270,271,272,273,-1,-1,-1,-1,-1,-1,-1,-1,-1,-1,-1,274,275,276,277,278,279,280,281,-1,-1,-1,282,283,284,285,286,287,288,289,290,-1,291,292,293,294,295,296,297,298,299,300,301,302,303,304,305,306,-1,307,308,309,310,311,312,313,314,-1,-1,-1,-1,-1,-1,-1,-1,-1,315,316,317,318,319,320,321,322,-1,-1,-1,-1,-1,-1,-1,-1,-1,-1,-1,-1,-1,-1,-1,-1,-1,-1,-1,-1,-1,-1,-1,-1,-1,-1,-1,-1,-1,-1,-1,-1,-1,-1,-1,-1,-1,-1,-1,-1,-1,-1,-1,-1,-1,-1,-1
A0A1C7H271,-1,-1,-1,-1,-1,-1,-1,-1,-1,-1,-1,-1,-1,-1,-1,-1,-1,-1,-1,-1,-1,0,1,2,3,4,5,6,-1,-1,-1,-1,-1,-1,-1,-1,-1,-1,-1,7,8,9,10,11,12,13,14,15,16,17,-1,-1,-1,-1,-1,-1,-1,-1,-1,-1,-1,-1,-1,-1,-1,-1,-1,-1,-1,-1,-1,-1,-1,-1,-1,-1,-1,-1,-1,-1,-1,-1,-1,-1,-1,-1,-1,-1,-1,-1,-1,-1,-1,-1,-1,-1,-1,-1,-1,-1,-1,-1,-1,-1,-1,-1,-1,-1,-1,-1,-1,-1,-1,-1,-1,-1,-1,-1,-1,-1,-1,-1,-1,-1,-1,18,19,20,21,22,23,24,25,-1,26,27,28,29,30,-1,31,32,33,34,35,-1,-1,-1,36,37,38,39,40,41,42,43,44,45,46,47,48,-1,49,50,51,52,53,54,55,56,57,58,59,60,61,62,63,64,65,-1,-1,-1,-1,-1,-1,-1,66,67,68,69,70,-1,-1,-1,-1,71,72,73,74,75,76,77,78,79,80,81,82,83,84,85,86,-1,-1,-1,-1,-1,-1,-1,-1,-1,-1,-1,-1,-1,-1,87,88,89,90,91,92,93,94,95,96,97,98,99,100,101,102,103,104,105,106,107,108,109,110,111,112,113,114,-1,115,116,117,118,119,-1,-1,120,121,-1,-1,-1,-1,-1,-1,-1,-1,-1,-1,-1,122,123,124,125,126,-1,127,128,129,130,131,132,133,134,135,136,137,138,139,140,141,142,143,144,145,146,147,148,149,150,151,-1,-1,152,153,154,155,156,157,158,-1,-1,-1,-1,-1,-1,159,-1,-1,-1,-1,-1,-1,-1,-1,-1,-1,-1,-1,-1,-1,-1,-1,-1,-1,-1,-1,-1,-1,-1,-1,-1,-1,-1,-1,160,161,162,163,164,165,166,167,168,169,170,171,172,173,174,175,176,177,178,179,180,181,-1,182,183,-1,-1,-1,-1,184,185,186,187,188,189,-1,-1,-1,-1,-1,-1,-1,-1,-1,190,191,192,193,194,195,196,197,198,199,200,201,202,203,204,205,206,207,208,209,-1,-1,-1,-1,-1,210,211,212,213,-1,-1,-1,-1,-1,-1,-1,-1,-1,-1,-1,214,215,216,217,218,219,220,221,222,223,-1,-1,-1,224,225,226,227,228,229,-1,-1,-1,-1,-1,-1,-1,-1,-1,-1,230,231,232,233,234,235,236,237,-1,-1,-1,-1,-1,-1,238,239,240,241,242,243,-1,-1,244,245,246,247,248,249,250,251,252,253,254,255,256,257,258,259,-1,-1,-1,-1,-1,-1,-1,-1,-1,-1,-1,-1,-1,-1,-1,-1,-1,-1,-1,260,261,262,263,264,-1,265,266,267,268,269,270,271,272,273,-1,274,275,276,277,278,279,280,281,282,283,284,-1,-1,285,286,287,288,289,290,-1,291,-1,292,293,294,-1,-1,-1,-1,-1,295,-1,296,297,298,299,300,301,302,303,304,305,-1,-1,-1,-1,-1,-1,-1,-1,-1,-1,-1,306,307,308,309,310,311,312,313,-1,-1,-1,314,315,316,317,318,319,320,321,322,-1,323,324,325,326,327,328,329,330,331,332,333,334,335,336,337,338,-1,339,340,341,342,343,344,345,346,-1,-1,-1,-1,-1,-1,-1,347,348,349,350,351,352,353,354,355,356,357,358,359,-1,-1,-1,-1,-1,-1,-1,-1,-1,-1,-1,-1,-1,-1,-1,-1,-1,-1,-1,-1,-1,-1,-1,-1,-1,-1,-1,-1,-1,-1,-1,-1,-1,-1,-1,-1,-1,-1,-1,-1,-1,-1,-1,-1
A0A1D2WV04,-1,-1,-1,-1,-1,-1,-1,-1,-1,-1,-1,-1,-1,-1,-1,-1,-1,-1,-1,-1,-1,-1,-1,-1,-1,-1,-1,-1,-1,-1,-1,-1,-1,-1,-1,-1,-1,-1,-1,-1,-1,-1,-1,-1,-1,-1,-1,-1,-1,-1,-1,-1,-1,-1,-1,-1,-1,-1,-1,-1,-1,-1,-1,-1,-1,-1,-1,-1,-1,-1,-1,-1,-1,-1,-1,-1,-1,-1,-1,-1,-1,-1,-1,-1,-1,-1,-1,-1,-1,-1,-1,-1,-1,-1,-1,-1,-1,-1,-1,-1,-1,-1,-1,-1,-1,-1,-1,-1,-1,-1,-1,-1,-1,-1,-1,-1,-1,-1,-1,-1,-1,-1,-1,-1,-1,-1,-1,-1,-1,-1,0,1,2,-1,3,4,5,6,7,-1,8,9,10,-1,-1,-1,-1,-1,11,12,13,14,15,16,17,18,19,20,-1,21,22,-1,23,24,25,26,27,28,29,30,31,32,33,34,35,36,37,38,39,-1,-1,-1,-1,-1,-1,-1,40,41,-1,-1,-1,-1,-1,-1,-1,-1,-1,42,43,44,45,46,47,48,49,50,51,52,53,54,55,-1,-1,-1,-1,-1,-1,56,57,58,-1,-1,-1,-1,-1,-1,59,60,61,62,63,64,65,66,67,68,69,70,71,72,73,74,75,76,77,78,79,80,81,82,83,84,85,-1,86,87,88,-1,-1,-1,-1,89,90,-1,-1,-1,-1,-1,-1,-1,-1,-1,-1,-1,91,92,93,94,95,-1,96,97,98,99,100,101,102,103,104,105,106,107,108,109,110,111,112,113,114,115,116,117,118,119,120,-1,-1,121,122,123,124,125,126,127,128,129,130,131,-1,132,133,-1,-1,-1,-1,-1,-1,-1,-1,-1,-1,-1,-1,-1,-1,-1,-1,-1,-1,-1,-1,-1,-1,-1,-1,-1,-1,-1,-1,134,135,136,137,138,139,140,141,142,143,144,145,-1,146,147,148,149,150,151,152,153,154,-1,155,156,-1,-1,-1,-1,157,158,159,160,161,162,-1,-1,-1,-1,-1,-1,-1,-1,-1,163,164,165,166,167,168,169,170,171,172,173,174,175,176,177,178,179,180,181,182,-1,-1,-1,-1,-1,183,184,185,186,-1,-1,-1,-1,-1,-1,-1,-1,-1,-1,-1,187,188,189,190,191,192,193,194,195,196,-1,-1,-1,197,198,199,200,201,202,-1,-1,-1,-1,-1,-1,-1,-1,-1,-1,203,204,205,206,207,208,209,210,-1,-1,-1,-1,-1,-1,211,212,213,214,215,216,-1,-1,217,218,219,220,221,222,223,224,225,226,227,228,229,230,231,232,-1,-1,-1,-1,-1,-1,-1,-1,-1,-1,-1,-1,-1,-1,-1,-1,-1,-1,-1,233,234,235,236,237,-1,238,239,240,241,242,243,244,245,246,-1,247,248,249,250,251,252,253,254,255,256,257,-1,-1,258,259,260,261,262,263,-1,264,265,266,267,268,-1,-1,-1,-1,-1,-1,-1,-1,-1,-1,269,270,271,272,273,274,275,-1,-1,-1,-1,-1,-1,-1,-1,-1,-1,-1,276,277,278,279,280,281,282,283,-1,-1,-1,284,285,286,287,288,289,290,291,292,-1,293,-1,294,295,296,297,298,299,300,301,302,303,304,305,306,307,-1,308,309,310,311,312,313,314,315,-1,-1,-1,-1,-1,-1,-1,-1,-1,-1,-1,-1,-1,-1,-1,-1,-1,-1,-1,-1,-1,-1,-1,-1,-1,-1,-1,-1,-1,-1,-1,-1,-1,-1,-1,-1,-1,-1,-1,-1,-1,-1,-1,-1,-1,-1,-1,-1,-1,-1,-1,-1,-1,-1,-1,-1,-1,-1,-1,-1,-1,-1,-1,-1
A0A1E3ADP5,-1,-1,-1,-1,-1,-1,-1,-1,-1,-1,-1,-1,-1,-1,-1,-1,-1,-1,-1,-1,-1,0,1,2,3,4,5,6,7,-1,-1,-1,-1,-1,8,9,10,11,12,13,14,15,16,17,18,19,20,21,22,23,24,25,26,27,28,29,30,31,32,33,34,35,36,37,38,39,40,41,42,43,44,45,46,47,-1,-1,-1,48,49,50,51,52,53,54,55,56,57,58,59,60,61,62,63,64,65,66,67,68,69,70,71,72,73,74,75,76,77,78,79,80,81,82,83,84,85,86,87,88,89,90,91,92,93,94,95,96,97,98,99,100,101,102,103,-1,104,105,106,107,108,-1,109,110,111,112,113,-1,-1,-1,114,115,116,117,118,119,120,121,122,123,-1,124,125,-1,126,127,128,129,130,131,132,133,134,135,136,137,138,139,140,141,142,-1,-1,-1,-1,-1,-1,-1,-1,-1,-1,-1,-1,-1,-1,-1,-1,-1,-1,-1,-1,-1,143,144,145,146,147,148,149,150,151,152,153,154,155,156,157,158,159,160,161,162,163,164,165,166,167,168,169,170,171,172,173,174,175,176,177,178,179,180,181,182,183,184,185,186,187,188,189,190,191,192,193,194,195,-1,196,197,-1,-1,-1,-1,-1,198,199,-1,-1,-1,-1,-1,-1,-1,-1,-1,-1,-1,200,201,202,203,204,-1,205,206,207,208,209,210,211,212,213,214,215,216,217,218,219,220,221,222,223,224,225,226,227,228,229,-1,-1,230,231,232,233,234,235,236,-1,-1,-1,-1,-1,-1,-1,-1,-1,-1,-1,-1,-1,-1,-1,-1,-1,-1,-1,-1,-1,-1,-1,-1,-1,-1,-1,-1,-1,-1,-1,-1,-1,-1,-1,237,238,239,240,241,242,243,244,245,246,247,248,249,250,251,252,253,254,255,256,257,258,-1,259,260,-1,-1,-1,-1,261,262,263,264,265,266,267,268,-1,-1,-1,-1,-1,-1,-1,-1,-1,-1,-1,269,270,271,-1,-1,-1,-1,-1,-1,-1,-1,-1,-1,-1,-1,-1,-1,-1,-1,-1,-1,272,273,274,-1,-1,-1,-1,-1,-1,-1,-1,-1,-1,-1,-1,-1,-1,-1,-1,-1,-1,-1,-1,-1,-1,-1,-1,-1,-1,-1,-1,-1,-1,275,-1,-1,-1,-1,-1,-1,-1,-1,-1,-1,276,277,278,279,280,281,282,283,-1,-1,-1,-1,-1,-1,-1,-1,-1,-1,-1,-1,-1,-1,284,285,286,287,288,289,290,291,292,293,294,295,296,297,298,299,-1,-1,-1,-1,-1,-1,-1,-1,300,-1,-1,-1,-1,-1,-1,-1,-1,-1,-1,-1,-1,-1,-1,-1,-1,301,302,303,304,305,306,307,308,309,-1,310,311,312,313,314,315,316,317,318,-1,-1,-1,-1,-1,-1,-1,-1,-1,-1,-1,319,-1,320,321,322,-1,-1,-1,-1,-1,-1,-1,-1,-1,-1,323,324,325,326,327,328,329,-1,-1,-1,-1,-1,-1,-1,-1,-1,-1,-1,330,331,332,333,334,335,336,337,338,339,340,341,342,343,344,345,346,347,348,349,-1,-1,-1,-1,-1,-1,-1,-1,-1,-1,-1,-1,-1,-1,-1,-1,-1,-1,350,351,-1,352,353,354,355,356,-1,-1,-1,-1,-1,-1,-1,-1,-1,-1,-1,-1,-1,-1,-1,-1,-1,-1,-1,-1,-1,-1,-1,-1,-1,-1,-1,-1,-1,-1,-1,-1,-1,-1,-1,-1,-1,-1,-1,-1,-1,-1,-1,-1,-1,-1,-1,-1,-1,-1,-1,-1,-1,-1,-1,-1,-1,-1,-1,-1,-1,-1,-1,-1
A0A1I4P275,-1,-1,-1,-1,-1,-1,-1,-1,-1,-1,-1,-1,-1,-1,-1,-1,-1,-1,-1,-1,-1,-1,0,1,2,-1,-1,3,4,-1,-1,-1,-1,-1,-1,-1,-1,5,6,7,8,9,10,11,12,13,14,15,16,17,-1,-1,-1,-1,-1,-1,-1,-1,-1,-1,-1,-1,-1,-1,-1,-1,-1,-1,-1,-1,-1,-1,-1,-1,-1,-1,-1,-1,-1,-1,-1,-1,-1,-1,-1,-1,-1,-1,-1,-1,-1,-1,-1,-1,-1,-1,-1,-1,-1,-1,-1,-1,-1,-1,-1,-1,-1,-1,-1,-1,-1,-1,-1,-1,-1,-1,-1,-1,-1,-1,-1,-1,-1,-1,-1,18,19,20,21,22,23,24,25,-1,26,27,28,29,30,-1,31,32,33,34,35,-1,-1,-1,36,37,38,39,40,41,42,43,44,45,-1,46,47,-1,48,49,50,51,52,53,54,55,56,57,58,59,60,61,62,63,64,-1,-1,-1,-1,-1,-1,-1,65,66,67,-1,-1,-1,-1,-1,-1,68,69,70,71,72,73,74,75,76,77,78,79,80,81,82,83,-1,-1,-1,-1,-1,-1,-1,-1,-1,-1,-1,-1,-1,-1,-1,84,85,86,87,88,89,90,91,92,93,94,95,96,97,98,99,100,101,102,103,104,105,106,-1,107,108,109,-1,110,111,-1,-1,112,-1,-1,113,114,-1,-1,-1,-1,-1,-1,-1,-1,-1,-1,-1,115,116,117,118,119,-1,120,121,122,123,124,125,126,127,128,129,130,131,132,133,134,135,136,137,138,139,140,141,142,143,144,145,146,147,148,149,150,151,152,153,154,155,156,157,-1,158,159,-1,-1,-1,-1,-1,-1,-1,-1,-1,-1,-1,-1,-1,-1,-1,-1,-1,-1,-1,-1,-1,-1,-1,-1,-1,-1,-1,-1,160,161,162,163,164,165,166,167,168,169,170,171,172,173,174,175,176,177,178,179,180,181,-1,182,183,-1,-1,-1,-1,184,185,186,187,188,189,190,-1,-1,-1,-1,-1,-1,-1,-1,191,192,193,194,195,196,197,198,199,200,201,202,203,204,205,206,-1,207,208,209,-1,-1,-1,-1,-1,210,-1,-1,-1,-1,-1,-1,-1,-1,-1,-1,-1,-1,-1,-1,-1,-1,-1,-1,-1,-1,-1,-1,-1,-1,-1,-1,-1,-1,-1,-1,-1,-1,-1,-1,-1,-1,-1,-1,-1,-1,-1,-1,-1,-1,211,212,213,214,215,216,217,-1,-1,-1,-1,-1,-1,218,219,220,221,222,223,-1,-1,224,225,226,227,228,229,230,231,232,233,234,235,236,237,238,239,-1,-1,-1,-1,-1,-1,-1,-1,-1,-1,-1,-1,-1,-1,-1,-1,-1,-1,-1,240,241,242,243,244,-1,245,246,247,248,249,250,251,252,253,-1,254,255,256,257,258,259,260,261,262,263,264,-1,-1,265,266,267,268,269,270,-1,271,-1,272,273,274,-1,-1,-1,-1,-1,-1,-1,-1,-1,-1,275,276,277,278,279,280,281,-1,-1,-1,-1,-1,-1,-1,-1,-1,-1,-1,282,283,284,285,286,287,288,289,-1,-1,-1,290,291,292,293,294,295,296,297,298,-1,299,300,301,302,303,304,305,306,307,308,309,310,311,312,313,314,315,316,317,318,319,320,321,322,323,324,325,326,-1,327,328,329,330,331,332,333,334,335,336,337,338,339,-1,340,341,342,343,344,-1,345,346,-1,-1,-1,-1,-1,-1,-1,-1,-1,-1,-1,-1,-1,-1,-1,-1,-1,-1,-1,-1,-1,-1,-1,-1,-1,-1,-1,-1,-1,-1,-1,-1,-1,-1,-1,-1,-1,-1
A0A1M3L7G3,-1,-1,-1,-1,-1,-1,-1,-1,-1,-1,-1,-1,-1,-1,-1,-1,-1,-1,-1,-1,-1,-1,0,1,2,3,4,5,-1,-1,-1,-1,-1,-1,-1,-1,-1,-1,-1,6,7,8,9,10,11,12,13,14,15,16,-1,-1,-1,-1,-1,-1,-1,-1,-1,-1,-1,-1,-1,-1,-1,-1,-1,-1,-1,-1,-1,-1,-1,-1,-1,-1,-1,-1,-1,-1,-1,-1,-1,-1,-1,-1,-1,-1,-1,-1,-1,-1,-1,-1,-1,-1,-1,-1,-1,-1,-1,-1,-1,-1,-1,-1,-1,-1,-1,-1,-1,-1,-1,-1,-1,-1,-1,-1,-1,-1,-1,-1,-1,-1,-1,17,18,19,20,21,22,23,24,-1,25,26,27,28,29,-1,30,31,32,33,34,-1,-1,-1,35,36,37,38,39,40,41,42,43,44,45,46,47,-1,48,49,50,51,52,53,54,55,56,57,58,59,60,61,62,63,64,-1,-1,-1,-1,-1,-1,-1,65,66,67,68,69,-1,-1,-1,-1,70,71,72,73,74,75,76,77,78,79,80,81,82,83,84,85,-1,-1,-1,-1,-1,-1,-1,-1,-1,-1,-1,-1,-1,-1,86,87,88,89,90,91,92,93,94,95,96,97,98,99,100,101,102,103,104,105,106,107,108,109,110,111,112,113,-1,114,115,116,117,118,-1,-1,119,120,-1,-1,-1,-1,-1,-1,-1,-1,-1,-1,-1,121,122,123,124,125,-1,126,127,128,129,130,131,132,133,134,135,136,137,138,139,140,141,142,143,144,145,146,147,148,149,150,-1,-1,151,152,153,154,155,156,157,158,-1,-1,-1,-1,-1,159,-1,-1,-1,-1,-1,-1,-1,-1,-1,-1,-1,-1,-1,-1,-1,-1,-1,-1,-1,-1,-1,-1,-1,-1,-1,-1,-1,-1,160,161,162,163,164,165,166,167,168,169,170,171,172,173,174,175,176,177,178,179,180,181,-1,182,183,-1,-1,-1,-1,184,185,186,187,188,189,-1,-1,-1,-1,-1,-1,-1,-1,-1,190,191,192,193,194,195,196,197,198,199,200,201,202,203,204,205,206,207,208,209,-1,-1,-1,-1,-1,210,211,212,213,-1,-1,-1,-1,-1,-1,-1,-1,-1,-1,-1,214,215,216,217,218,219,220,221,222,223,-1,-1,-1,224,225,226,227,228,229,-1,-1,-1,-1,-1,-1,-1,-1,-1,-1,230,231,232,233,234,235,236,237,-1,-1,-1,-1,-1,-1,238,239,240,241,242,243,-1,-1,244,245,246,247,248,249,250,251,252,253,254,255,256,257,258,259,-1,-1,-1,-1,-1,-1,-1,-1,-1,-1,-1,-1,-1,-1,-1,-1,-1,-1,-1,260,261,262,263,264,-1,265,266,267,268,269,270,271,272,273,-1,274,275,276,277,278,279,280,281,282,283,284,-1,-1,285,286,287,288,289,-1,-1,290,-1,291,292,293,-1,-1,-1,-1,-1,294,295,296,297,298,299,300,301,302,303,304,305,-1,-1,-1,-1,-1,-1,-1,-1,-1,-1,-1,306,307,308,309,310,311,312,313,-1,-1,-1,314,315,316,317,318,319,320,321,322,-1,323,324,325,326,327,328,329,330,331,332,333,334,335,336,337,338,-1,339,340,341,342,343,344,345,346,-1,-1,-1,-1,-1,-1,-1,347,348,349,350,351,352,353,354,355,356,357,358,359,-1,-1,-1,-1,-1,-1,-1,-1,-1,-1,-1,-1,-1,-1,-1,-1,-1,-1,-1,-1,-1,-1,-1,-1,-1,-1,-1,-1,-1,-1,-1,-1,-1,-1,-1,-1,-1,-1,-1,-1,-1,-1,-1,-1
A0A1Q6E5Z9,-1,-1,-1,-1,-1,-1,-1,-1,-1,-1,-1,-1,-1,-1,-1,-1,-1,-1,-1,-1,-1,-1,0,1,2,3,4,5,6,-1,-1,-1,-1,-1,-1,-1,-1,-1,-1,7,8,9,10,11,12,13,14,15,16,17,-1,-1,-1,-1,-1,-1,-1,-1,-1,-1,-1,-1,-1,-1,-1,-1,-1,-1,-1,-1,-1,-1,-1,-1,-1,-1,-1,-1,-1,-1,-1,-1,-1,-1,-1,-1,-1,-1,-1,-1,-1,-1,-1,-1,-1,-1,-1,-1,-1,-1,-1,-1,-1,-1,-1,-1,-1,-1,-1,-1,-1,-1,-1,-1,-1,-1,-1,-1,-1,-1,-1,-1,-1,-1,-1,18,19,20,21,22,23,24,25,-1,26,27,28,29,30,-1,31,32,33,34,35,-1,-1,-1,36,37,38,39,40,41,42,43,44,45,46,47,48,-1,49,50,51,52,53,54,55,56,57,58,59,60,61,62,63,64,65,-1,-1,-1,-1,-1,-1,-1,66,67,68,69,70,-1,-1,-1,-1,71,72,73,74,75,76,77,78,79,80,81,82,83,84,85,86,-1,-1,-1,-1,-1,-1,-1,-1,-1,-1,-1,-1,-1,-1,87,88,89,90,91,92,93,94,95,96,97,98,99,100,101,102,103,104,105,106,107,108,109,110,111,112,113,114,-1,115,116,117,118,119,-1,-1,120,121,-1,-1,-1,-1,-1,-1,-1,-1,-1,-1,-1,122,123,124,125,126,-1,127,128,129,130,131,132,133,134,135,136,137,138,139,140,141,142,143,144,145,146,147,148,149,150,151,-1,-1,152,153,154,155,156,157,158,159,-1,-1,-1,-1,-1,160,-1,-1,-1,-1,-1,-1,-1,-1,-1,-1,-1,-1,-1,-1,-1,-1,-1,-1,-1,-1,-1,-1,-1,-1,-1,-1,-1,-1,161,162,163,164,165,166,167,168,169,170,171,172,173,174,175,176,177,178,179,180,181,182,-1,183,184,-1,-1,-1,-1,185,186,187,188,189,190,-1,-1,-1,-1,-1,-1,-1,-1,-1,191,192,193,194,195,196,197,198,199,200,201,202,203,204,205,206,207,208,209,210,-1,-1,-1,-1,-1,211,212,213,214,-1,-1,-1,-1,-1,-1,-1,-1,-1,-1,-1,215,216,217,218,219,220,221,222,223,224,-1,-1,-1,225,226,227,228,229,230,-1,-1,-1,-1,-1,-1,-1,-1,-1,-1,231,232,233,234,235,236,237,238,-1,-1,-1,-1,-1,-1,239,240,241,242,243,244,-1,-1,245,246,247,248,249,250,251,252,253,254,255,256,257,258,259,260,-1,-1,-1,-1,-1,-1,-1,-1,-1,-1,-1,-1,-1,-1,-1,-1,-1,-1,-1,261,262,263,264,265,-1,266,267,268,269,270,271,272,273,274,-1,275,276,277,278,279,280,281,282,283,284,285,-1,-1,286,287,288,289,290,-1,-1,291,-1,292,293,294,-1,-1,-1,-1,-1,295,296,297,298,299,300,301,302,303,304,305,306,-1,-1,-1,-1,-1,-1,-1,-1,-1,-1,-1,307,308,309,310,311,312,313,314,-1,-1,-1,315,316,317,318,319,320,321,322,323,-1,324,325,326,327,328,329,330,331,332,333,334,335,336,337,338,339,-1,340,341,342,343,344,345,346,347,-1,-1,-1,-1,-1,-1,-1,348,349,350,351,352,353,354,355,356,357,358,359,-1,-1,-1,-1,-1,-1,-1,-1,-1,-1,-1,-1,-1,-1,-1,-1,-1,-1,-1,-1,-1,-1,-1,-1,-1,-1,-1,-1,-1,-1,-1,-1,-1,-1,-1,-1,-1,-1,-1,-1,-1,-1,-1,-1,-1
A0A1Q6F0C9,-1,-1,-1,-1,-1,-1,-1,-1,-1,-1,-1,-1,-1,-1,-1,-1,-1,-1,-1,-1,-1,-1,0,1,2,3,4,5,6,-1,-1,-1,-1,-1,-1,-1,-1,-1,-1,-1,7,8,9,10,11,12,13,14,15,16,17,18,19,20,21,22,23,24,25,26,27,28,29,30,31,32,33,34,35,36,37,38,39,40,41,42,43,44,45,46,47,48,49,50,51,52,53,54,55,56,57,58,59,60,61,62,63,-1,64,65,66,67,68,69,70,71,72,73,74,75,76,77,78,79,80,81,82,83,84,85,-1,86,87,88,89,90,91,92,93,94,95,96,97,-1,98,99,100,101,102,-1,103,104,105,106,107,-1,-1,-1,108,109,110,111,112,113,114,115,116,117,-1,118,119,120,121,122,123,124,125,126,127,128,129,130,131,132,133,134,135,136,137,-1,-1,-1,-1,-1,-1,-1,-1,-1,-1,-1,-1,-1,-1,-1,-1,-1,-1,-1,-1,-1,138,139,140,141,142,143,144,145,146,147,148,-1,-1,149,150,151,152,153,154,155,156,157,158,159,160,161,162,163,164,165,166,167,168,169,170,171,172,173,174,175,176,177,178,179,180,181,182,183,184,185,186,187,188,-1,189,-1,-1,-1,-1,-1,-1,190,191,-1,-1,-1,-1,-1,-1,-1,-1,-1,-1,-1,192,193,194,195,196,-1,197,198,199,200,201,202,203,204,205,206,207,208,209,210,211,212,213,214,215,216,217,218,219,220,221,-1,-1,222,223,224,225,226,227,228,-1,-1,-1,-1,-1,-1,-1,-1,-1,-1,-1,-1,-1,-1,-1,-1,-1,-1,-1,-1,-1,-1,-1,-1,-1,-1,-1,-1,-1,-1,-1,-1,-1,-1,-1,229,230,231,232,233,234,235,236,237,238,239,240,241,242,243,244,245,246,247,248,249,250,-1,251,252,253,254,255,256,257,258,259,260,261,262,263,264,-1,-1,-1,-1,-1,-1,-1,-1,-1,-1,-1,265,266,267,-1,-1,-1,-1,-1,-1,-1,-1,-1,-1,-1,-1,-1,-1,-1,-1,-1,-1,268,269,270,271,-1,-1,-1,-1,-1,-1,-1,-1,-1,-1,-1,-1,-1,-1,-1,-1,-1,-1,-1,-1,-1,-1,272,273,274,275,276,277,278,279,-1,-1,-1,-1,-1,-1,-1,-1,-1,-1,280,281,282,283,284,285,286,-1,-1,-1,-1,-1,-1,-1,-1,-1,-1,-1,-1,-1,-1,-1,-1,287,288,289,290,291,292,293,294,295,296,297,298,299,300,301,-1,-1,-1,-1,-1,-1,-1,-1,302,-1,-1,-1,-1,-1,-1,-1,-1,-1,-1,-1,-1,-1,-1,-1,-1,303,304,305,306,307,308,309,310,311,-1,312,313,314,315,316,317,318,319,320,321,-1,-1,-1,-1,-1,-1,-1,322,323,324,325,-1,326,327,328,-1,-1,-1,-1,-1,-1,-1,-1,-1,-1,329,330,331,332,333,334,335,-1,-1,-1,-1,-1,-1,-1,-1,-1,-1,-1,336,337,338,339,340,341,342,343,344,345,346,347,348,349,350,351,352,353,354,355,-1,-1,-1,-1,-1,-1,-1,-1,-1,-1,-1,-1,-1,-1,-1,-1,-1,-1,356,357,-1,358,359,360,-1,-1,-1,-1,-1,-1,-1,-1,-1,-1,-1,-1,-1,-1,-1,-1,-1,-1,-1,-1,-1,-1,-1,-1,-1,-1,-1,-1,-1,-1,-1,-1,-1,-1,-1,-1,-1,-1,-1,-1,-1,-1,-1,-1,-1,-1,-1,-1,-1,-1,-1,-1,-1,-1,-1,-1,-1,-1,-1,-1,-1,-1,-1,-1,-1,-1
A0A1Q6JXM9,-1,-1,-1,-1,-1,-1,-1,-1,-1,-1,-1,-1,-1,-1,-1,-1,-1,-1,-1,-1,-1,-1,-1,-1,-1,-1,-1,-1,-1,-1,-1,-1,-1,-1,-1,-1,-1,-1,-1,-1,-1,-1,-1,-1,-1,-1,-1,-1,-1,-1,-1,-1,-1,-1,-1,-1,-1,-1,-1,-1,-1,-1,-1,-1,-1,-1,-1,-1,-1,-1,-1,-1,-1,-1,-1,-1,-1,-1,-1,-1,-1,-1,-1,-1,-1,-1,-1,-1,-1,-1,-1,-1,-1,-1,-1,-1,-1,-1,-1,-1,-1,-1,-1,-1,-1,-1,-1,-1,-1,-1,-1,-1,-1,-1,-1,-1,-1,-1,-1,-1,-1,-1,-1,-1,-1,-1,-1,-1,-1,-1,0,1,2,-1,3,4,5,6,7,-1,8,9,10,-1,-1,-1,-1,-1,11,12,13,14,15,16,17,18,19,20,-1,21,22,-1,23,24,25,26,27,28,29,30,31,32,33,34,35,36,37,38,39,-1,-1,-1,-1,-1,-1,-1,40,41,-1,-1,-1,-1,-1,-1,-1,-1,-1,42,43,44,45,46,47,48,49,50,51,52,53,54,55,-1,-1,-1,-1,-1,-1,56,57,58,-1,-1,-1,-1,-1,-1,59,60,61,62,63,64,65,66,67,68,69,70,71,72,73,74,75,76,77,78,79,80,81,82,83,84,85,-1,86,87,88,-1,-1,-1,-1,89,90,-1,-1,-1,-1,-1,-1,-1,-1,-1,-1,-1,91,92,93,94,95,-1,96,97,98,99,100,101,102,103,104,105,106,107,108,109,110,111,112,113,114,115,116,117,118,119,120,-1,-1,121,122,123,124,125,126,127,128,129,130,131,-1,132,133,-1,-1,-1,-1,-1,-1,-1,-1,-1,-1,-1,-1,-1,-1,-1,-1,-1,-1,-1,-1,-1,-1,-1,-1,-1,-1,-1,-1,134,135,136,137,138,139,140,141,142,143,144,145,-1,146,147,148,149,150,151,152,153,154,-1,155,156,-1,-1,-1,-1,157,158,159,160,161,162,-1,-1,-1,-1,-1,-1,-1,-1,-1,163,164,165,166,167,168,169,170,171,172,173,174,175,176,177,178,179,180,181,182,-1,-1,-1,-1,-1,183,184,185,186,-1,-1,-1,-1,-1,-1,-1,-1,-1,-1,-1,187,188,189,190,191,192,193,194,195,196,-1,-1,-1,197,198,199,200,201,202,-1,-1,-1,-1,-1,-1,-1,-1,-1,-1,203,204,205,206,207,208,209,210,-1,-1,-1,-1,-1,-1,211,212,213,214,215,216,-1,-1,217,218,219,220,221,222,223,224,225,226,227,228,229,230,231,232,-1,-1,-1,-1,-1,-1,-1,-1,-1,-1,-1,-1,-1,-1,-1,-1,-1,-1,-1,233,234,235,236,237,-1,238,239,240,241,242,243,244,245,246,-1,247,248,249,250,251,252,253,254,255,256,257,-1,-1,258,259,260,261,262,263,-1,264,-1,265,266,267,-1,-1,-1,-1,-1,-1,-1,-1,-1,-1,268,269,270,271,272,273,274,-1,-1,-1,-1,-1,-1,-1,-1,-1,-1,-1,275,276,277,278,279,280,281,282,-1,-1,-1,283,284,285,286,287,288,289,290,291,-1,292,293,294,295,296,297,298,299,300,301,302,303,304,305,306,307,-1,308,309,310,311,312,313,314,315,-1,-1,-1,-1,-1,-1,-1,-1,-1,316,317,318,319,320,321,322,323,-1,-1,-1,-1,-1,-1,-1,-1,-1,-1,-1,-1,-1,-1,-1,-1,-1,-1,-1,-1,-1,-1,-1,-1,-1,-1,-1,-1,-1,-1,-1,-1,-1,-1,-1,-1,-1,-1,-1,-1,-1,-1,-1,-1,-1,-1,-1
A0A1Q6K9G3,-1,-1,-1,-1,-1,-1,-1,-1,-1,-1,-1,-1,-1,-1,-1,-1,-1,-1,-1,-1,-1,-1,-1,-1,-1,-1,-1,-1,-1,-1,-1,-1,-1,-1,-1,-1,-1,-1,-1,-1,-1,-1,-1,-1,-1,-1,-1,-1,-1,-1,-1,-1,-1,-1,-1,-1,-1,-1,-1,-1,-1,-1,-1,-1,-1,-1,-1,-1,-1,-1,-1,-1,-1,-1,-1,-1,-1,-1,-1,-1,-1,-1,-1,-1,-1,-1,-1,-1,-1,-1,-1,-1,-1,-1,-1,-1,-1,-1,-1,-1,-1,-1,-1,-1,-1,-1,-1,-1,-1,-1,-1,-1,-1,-1,-1,-1,-1,-1,-1,-1,-1,-1,-1,-1,-1,-1,-1,-1,-1,-1,0,1,2,-1,3,4,5,6,7,-1,8,9,10,-1,-1,-1,-1,-1,11,12,13,14,15,16,17,18,19,20,-1,21,22,-1,23,24,25,26,27,28,29,30,31,32,33,34,35,36,37,38,39,-1,-1,-1,-1,-1,-1,-1,40,41,-1,-1,-1,-1,-1,-1,-1,-1,-1,42,43,44,45,46,47,48,49,50,51,52,53,54,55,-1,-1,-1,-1,-1,-1,56,57,58,-1,-1,-1,-1,-1,-1,59,60,61,62,63,64,65,66,67,68,69,70,71,72,73,74,75,76,77,78,79,80,81,82,83,84,85,-1,86,87,88,-1,-1,-1,-1,89,90,-1,-1,-1,-1,-1,-1,-1,-1,-1,-1,-1,91,92,93,94,95,-1,96,97,98,99,100,101,102,103,104,105,106,107,108,109,110,111,112,113,114,115,116,117,118,119,120,-1,-1,121,122,123,124,125,126,127,128,129,130,131,-1,132,133,-1,-1,-1,-1,-1,-1,-1,-1,-1,-1,-1,-1,-1,-1,-1,-1,-1,-1,-1,-1,-1,-1,-1,-1,-1,-1,-1,-1,134,135,136,137,138,139,140,141,142,143,144,145,-1,146,147,148,149,150,151,152,153,154,-1,155,156,-1,-1,-1,-1,157,158,159,160,161,162,-1,-1,-1,-1,-1,-1,-1,-1,-1,163,164,165,166,167,168,169,170,171,172,173,174,175,176,177,178,179,180,181,182,-1,-1,-1,-1,-1,183,184,185,186,-1,-1,-1,-1,-1,-1,-1,-1,-1,-1,-1,187,188,189,190,191,192,193,194,195,196,-1,-1,-1,197,198,199,-1,200,201,-1,-1,-1,-1,-1,-1,-1,-1,-1,-1,202,203,204,205,206,207,208,209,-1,-1,-1,-1,-1,-1,210,211,212,213,214,215,-1,-1,216,217,218,219,220,221,222,223,224,225,226,227,228,229,230,231,-1,-1,-1,-1,-1,-1,-1,-1,-1,-1,-1,-1,-1,-1,-1,-1,-1,-1,-1,232,233,234,235,236,-1,237,238,239,240,241,242,243,244,245,-1,246,247,248,249,250,251,252,253,254,255,256,-1,-1,257,258,259,260,261,262,-1,263,-1,264,265,266,-1,-1,-1,-1,-1,-1,-1,-1,-1,-1,267,268,269,270,271,272,273,-1,-1,-1,-1,-1,-1,-1,-1,-1,-1,-1,274,275,276,277,278,279,280,281,-1,-1,-1,282,283,284,285,286,287,288,289,290,-1,291,292,293,294,295,296,297,298,299,300,301,302,303,304,305,306,-1,307,308,309,310,311,312,313,314,-1,-1,-1,-1,-1,-1,-1,-1,-1,315,316,317,318,319,320,321,322,-1,-1,-1,-1,-1,-1,-1,-1,-1,-1,-1,-1,-1,-1,-1,-1,-1,-1,-1,-1,-1,-1,-1,-1,-1,-1,-1,-1,-1,-1,-1,-1,-1,-1,-1,-1,-1,-1,-1,-1,-1,-1,-1,-1,-1,-1,-1
A0A1Q6M5M7,-1,-1,-1,-1,-1,-1,-1,-1,-1,-1,-1,-1,-1,-1,-1,-1,-1,-1,-1,-1,-1,-1,-1,-1,-1,-1,-1,-1,-1,-1,-1,-1,-1,-1,-1,-1,-1,-1,-1,-1,-1,-1,-1,-1,-1,-1,-1,-1,-1,-1,-1,-1,-1,-1,-1,-1,-1,-1,-1,-1,-1,-1,-1,-1,-1,-1,-1,-1,-1,-1,-1,-1,-1,-1,-1,-1,-1,-1,-1,-1,-1,-1,-1,-1,-1,-1,-1,-1,-1,-1,-1,-1,-1,-1,-1,-1,-1,-1,-1,-1,-1,-1,-1,-1,-1,-1,-1,-1,-1,-1,-1,-1,-1,-1,-1,-1,-1,-1,-1,-1,-1,-1,-1,-1,-1,-1,-1,-1,-1,-1,0,1,2,-1,3,4,5,6,7,-1,8,9,10,-1,-1,-1,-1,-1,11,12,13,14,15,16,17,18,19,20,-1,21,22,-1,23,24,25,26,27,28,29,30,31,32,33,34,35,36,37,38,39,-1,-1,-1,-1,-1,-1,-1,40,41,-1,-1,-1,-1,-1,-1,-1,-1,-1,42,43,44,45,46,47,48,49,50,51,52,53,54,55,-1,-1,-1,-1,-1,-1,56,57,58,-1,-1,-1,-1,-1,-1,59,60,61,62,63,64,65,66,67,68,69,70,71,72,73,74,75,76,77,78,79,80,81,82,83,84,85,-1,86,87,88,-1,-1,-1,-1,89,90,-1,-1,-1,-1,-1,-1,-1,-1,-1,-1,-1,91,92,93,94,95,-1,96,97,98,99,100,101,102,103,104,105,106,107,108,109,110,111,112,113,114,115,116,117,118,119,120,-1,-1,121,122,123,124,125,126,127,128,129,130,131,-1,132,133,-1,-1,-1,-1,-1,-1,-1,-1,-1,-1,-1,-1,-1,-1,-1,-1,-1,-1,-1,-1,-1,-1,-1,-1,-1,-1,-1,-1,134,135,136,137,138,139,140,141,142,143,144,145,-1,146,147,148,149,150,151,152,153,154,-1,155,156,-1,-1,-1,-1,157,158,159,160,161,162,-1,-1,-1,-1,-1,-1,-1,-1,-1,163,164,165,166,167,168,169,170,171,172,173,174,175,176,177,178,179,180,181,182,-1,-1,-1,-1,-1,183,184,185,186,-1,-1,-1,-1,-1,-1,-1,-1,-1,-1,-1,187,188,189,190,191,192,193,194,195,196,-1,-1,-1,-1,-1,197,198,199,200,-1,-1,-1,-1,-1,-1,-1,-1,-1,-1,201,202,203,204,205,206,207,208,-1,-1,-1,-1,-1,-1,209,210,211,212,213,214,-1,-1,215,216,217,218,219,220,221,222,223,224,225,226,227,228,229,230,-1,-1,-1,-1,-1,-1,-1,-1,-1,-1,-1,-1,-1,-1,-1,-1,-1,-1,-1,231,232,233,234,235,-1,236,237,238,239,240,241,242,243,244,-1,245,246,247,248,249,250,251,252,253,254,255,-1,-1,256,257,258,259,260,261,-1,262,-1,-1,263,264,-1,-1,-1,-1,-1,-1,-1,-1,-1,-1,265,266,267,268,269,270,271,-1,-1,-1,-1,-1,-1,-1,-1,-1,-1,-1,272,273,274,275,276,277,278,279,-1,-1,-1,280,281,282,283,284,285,286,287,288,-1,289,290,291,292,293,294,295,296,297,298,299,300,301,302,303,304,-1,305,306,307,308,309,310,311,312,-1,-1,-1,-1,-1,-1,-1,-1,-1,313,314,-1,315,316,317,318,319,-1,-1,-1,-1,-1,-1,-1,-1,-1,-1,-1,-1,-1,-1,-1,-1,-1,-1,-1,-1,-1,-1,-1,-1,-1,-1,-1,-1,-1,-1,-1,-1,-1,-1,-1,-1,-1,-1,-1,-1,-1,-1,-1,-1,-1,-1,-1
A0A1Q6PYZ4,-1,-1,-1,-1,-1,-1,-1,-1,-1,-1,-1,-1,-1,-1,-1,-1,-1,-1,-1,-1,-1,-1,-1,-1,-1,-1,-1,-1,-1,-1,-1,-1,-1,-1,-1,-1,-1,-1,-1,-1,-1,-1,-1,-1,-1,-1,-1,-1,-1,-1,-1,-1,-1,-1,-1,-1,-1,-1,-1,-1,-1,-1,-1,-1,-1,-1,-1,-1,-1,-1,-1,-1,-1,-1,-1,-1,-1,-1,-1,-1,-1,-1,-1,-1,-1,-1,-1,-1,-1,-1,-1,-1,-1,-1,-1,-1,-1,-1,-1,-1,-1,-1,-1,-1,-1,-1,-1,-1,-1,-1,-1,-1,-1,-1,-1,-1,-1,-1,-1,-1,-1,-1,-1,-1,-1,-1,-1,-1,-1,-1,0,1,2,-1,3,4,5,6,7,-1,8,9,10,-1,-1,-1,-1,-1,11,12,13,14,15,16,17,18,19,20,-1,21,22,-1,23,24,25,26,27,28,29,30,31,32,33,34,35,36,37,38,39,-1,-1,-1,-1,-1,-1,-1,40,41,-1,-1,-1,-1,-1,-1,-1,-1,-1,42,43,44,45,46,47,48,49,50,51,52,53,54,55,-1,-1,-1,-1,-1,-1,56,57,58,-1,-1,-1,-1,-1,-1,59,60,61,62,63,64,65,66,67,68,69,70,71,72,73,74,75,76,77,78,79,80,81,82,83,84,85,-1,86,87,88,-1,-1,-1,-1,89,90,-1,-1,-1,-1,-1,-1,-1,-1,-1,-1,-1,91,92,93,94,95,-1,96,97,98,99,100,101,102,103,104,105,106,107,108,109,110,111,112,113,114,115,116,117,118,119,120,-1,-1,121,122,123,124,125,126,127,128,129,130,131,-1,132,133,-1,-1,-1,-1,-1,-1,-1,-1,-1,-1,-1,-1,-1,-1,-1,-1,-1,-1,-1,-1,-1,-1,-1,-1,-1,-1,-1,-1,134,135,136,137,138,139,140,141,142,143,144,145,-1,146,147,148,149,150,151,152,153,154,-1,155,156,-1,-1,-1,-1,157,158,159,160,161,162,-1,-1,-1,-1,-1,-1,-1,-1,-1,163,164,165,166,167,168,169,170,171,172,173,174,175,176,177,178,179,180,181,182,-1,-1,-1,-1,-1,183,184,185,186,-1,-1,-1,-1,-1,-1,-1,-1,-1,-1,-1,187,188,189,190,191,192,193,194,195,196,-1,-1,-1,197,198,199,200,201,202,-1,-1,-1,-1,-1,-1,-1,-1,-1,-1,203,204,205,206,207,208,209,210,-1,-1,-1,-1,-1,-1,211,212,213,214,215,216,-1,-1,217,218,219,220,221,222,223,224,225,226,227,228,229,230,231,232,-1,-1,-1,-1,-1,-1,-1,-1,-1,-1,-1,-1,-1,-1,-1,-1,-1,-1,-1,233,234,235,236,237,-1,238,239,240,241,242,243,244,245,246,-1,247,248,249,250,251,252,253,254,255,256,257,-1,-1,258,259,260,261,262,263,-1,264,-1,265,-1,266,-1,-1,-1,-1,-1,-1,-1,-1,-1,-1,267,268,269,270,271,272,273,-1,-1,-1,-1,-1,-1,-1,-1,-1,-1,-1,274,275,276,277,278,279,280,281,-1,-1,-1,282,283,284,285,286,287,288,289,290,-1,291,292,293,294,295,296,297,298,299,300,301,302,303,304,305,306,-1,307,308,309,310,311,312,313,314,-1,-1,-1,-1,-1,-1,-1,-1,-1,315,316,317,318,319,320,321,322,-1,-1,-1,-1,-1,-1,-1,-1,-1,-1,-1,-1,-1,-1,-1,-1,-1,-1,-1,-1,-1,-1,-1,-1,-1,-1,-1,-1,-1,-1,-1,-1,-1,-1,-1,-1,-1,-1,-1,-1,-1,-1,-1,-1,-1,-1,-1
A0A1Q6RAM4,-1,-1,-1,-1,-1,-1,-1,-1,-1,-1,-1,-1,-1,-1,-1,-1,-1,-1,-1,-1,-1,-1,0,1,2,3,4,5,6,-1,-1,-1,-1,-1,-1,-1,7,8,9,10,11,12,13,14,15,16,17,18,19,20,21,22,23,24,25,26,27,28,29,30,31,32,33,34,35,36,37,38,39,40,41,42,43,-1,-1,-1,-1,44,45,46,47,48,49,50,51,52,53,54,55,56,57,58,59,60,61,62,63,-1,64,65,66,67,68,69,70,71,72,73,74,75,76,77,78,79,80,81,82,83,84,85,-1,86,87,88,89,90,91,92,93,94,95,96,97,-1,98,99,100,101,102,-1,103,104,105,106,107,-1,-1,-1,108,109,110,111,112,113,114,115,116,117,-1,118,119,120,121,122,123,124,125,126,127,128,129,130,131,132,133,134,135,136,137,-1,-1,-1,-1,-1,-1,-1,-1,-1,-1,-1,-1,-1,-1,-1,-1,-1,-1,-1,-1,-1,138,139,140,141,142,143,144,145,146,147,148,149,150,151,152,153,154,155,156,157,158,159,160,161,162,163,164,165,166,167,168,169,170,171,172,173,174,175,176,177,178,179,180,181,182,183,184,185,186,187,188,189,190,-1,191,-1,-1,-1,-1,-1,-1,192,193,-1,-1,-1,-1,-1,-1,-1,-1,-1,-1,-1,194,195,196,197,198,-1,199,200,201,202,203,204,205,206,207,208,209,210,211,212,213,214,215,216,217,218,219,220,221,222,223,-1,-1,224,225,226,227,228,229,230,231,-1,-1,-1,-1,-1,-1,-1,-1,-1,-1,-1,-1,-1,-1,-1,-1,-1,-1,-1,-1,-1,-1,-1,-1,-1,-1,-1,-1,-1,-1,-1,-1,-1,-1,232,233,234,235,236,237,238,239,240,241,242,243,244,245,246,247,248,249,250,251,252,253,-1,254,255,-1,-1,-1,-1,256,257,258,259,260,261,262,263,-1,-1,-1,-1,-1,-1,-1,-1,-1,-1,-1,264,265,266,-1,-1,-1,-1,-1,-1,-1,-1,-1,-1,-1,-1,-1,-1,-1,-1,-1,-1,267,268,269,270,-1,-1,-1,-1,-1,-1,-1,-1,-1,-1,-1,-1,-1,-1,-1,-1,-1,-1,-1,-1,-1,-1,-1,-1,-1,-1,-1,-1,-1,-1,-1,-1,-1,-1,-1,-1,-1,-1,-1,-1,271,272,273,274,275,276,277,-1,-1,-1,-1,-1,-1,-1,-1,-1,-1,-1,-1,-1,-1,-1,-1,278,279,280,281,282,283,284,285,286,287,288,289,290,291,292,-1,-1,-1,-1,-1,-1,-1,-1,293,-1,-1,-1,-1,-1,-1,-1,-1,-1,-1,-1,-1,-1,-1,-1,-1,294,295,296,297,298,299,300,301,302,-1,303,304,305,306,307,308,309,310,311,312,313,314,-1,-1,-1,-1,-1,-1,-1,-1,315,-1,316,317,318,-1,-1,-1,-1,-1,-1,-1,-1,-1,-1,319,320,321,322,323,324,325,-1,-1,-1,-1,-1,-1,-1,-1,-1,-1,-1,326,327,328,329,330,331,332,333,334,335,336,337,338,339,340,341,342,343,344,345,-1,-1,-1,-1,-1,-1,-1,-1,-1,-1,-1,-1,-1,-1,-1,-1,-1,-1,346,347,-1,348,349,350,351,352,-1,-1,-1,-1,-1,-1,-1,-1,-1,-1,-1,-1,-1,-1,-1,353,354,-1,-1,-1,-1,-1,-1,-1,-1,-1,-1,-1,-1,-1,-1,-1,-1,-1,-1,-1,-1,355,356,357,-1,-1,-1,-1,-1,-1,-1,-1,-1,-1,-1,-1,-1,-1,-1,-1,-1,-1,-1,-1,-1,-1,358,359
A0A1Y3QT37,-1,-1,-1,-1,-1,-1,-1,-1,-1,-1,-1,-1,-1,-1,-1,-1,-1,-1,-1,-1,0,1,2,3,4,-1,5,-1,-1,-1,-1,-1,-1,-1,-1,-1,-1,6,7,8,9,10,11,12,13,14,15,16,17,18,-1,-1,-1,-1,-1,-1,-1,-1,-1,-1,-1,-1,-1,-1,-1,-1,-1,-1,-1,-1,-1,-1,-1,-1,-1,-1,-1,-1,-1,-1,-1,-1,-1,-1,-1,-1,-1,-1,-1,-1,-1,-1,-1,-1,-1,-1,-1,-1,-1,-1,-1,-1,-1,-1,-1,-1,-1,-1,-1,-1,-1,-1,-1,-1,-1,-1,-1,-1,-1,-1,-1,-1,-1,-1,-1,19,20,21,22,23,24,25,26,-1,27,28,29,30,31,-1,32,33,34,35,36,-1,-1,-1,37,38,39,40,41,42,43,44,45,46,-1,47,48,-1,49,50,51,52,53,54,55,56,57,58,59,60,61,62,63,64,65,-1,-1,-1,-1,-1,-1,-1,66,67,68,-1,-1,-1,-1,-1,-1,69,70,71,72,73,74,75,76,77,78,79,80,81,82,83,84,-1,-1,-1,-1,-1,-1,-1,-1,-1,-1,-1,-1,-1,-1,-1,85,86,87,88,89,90,91,92,93,94,95,96,97,98,99,100,101,102,103,104,105,106,107,-1,108,109,110,-1,111,112,-1,-1,113,-1,-1,114,115,-1,-1,-1,-1,-1,-1,-1,-1,-1,-1,-1,116,117,118,119,120,-1,121,122,123,124,125,126,127,128,129,130,131,132,133,134,135,136,137,138,139,140,141,142,143,144,145,146,147,148,149,150,151,152,153,154,155,156,157,158,-1,159,160,-1,-1,-1,-1,-1,-1,-1,-1,-1,-1,-1,-1,-1,-1,-1,-1,-1,-1,-1,-1,-1,-1,-1,-1,-1,-1,-1,-1,-1,161,162,163,164,165,166,167,168,169,170,171,172,173,174,175,176,177,178,179,180,181,-1,182,183,-1,-1,-1,-1,184,185,186,187,188,189,190,-1,-1,-1,-1,-1,-1,-1,-1,191,192,193,194,195,196,197,198,199,200,201,202,203,204,205,206,-1,207,208,209,-1,-1,-1,-1,-1,210,-1,-1,-1,-1,-1,-1,-1,-1,-1,-1,-1,-1,-1,-1,-1,-1,-1,-1,-1,-1,-1,-1,-1,-1,-1,-1,-1,-1,-1,-1,-1,-1,-1,-1,-1,-1,-1,-1,-1,-1,-1,-1,-1,-1,211,212,213,214,215,216,217,-1,-1,-1,-1,-1,-1,218,219,220,221,222,223,-1,-1,224,225,226,227,228,229,230,231,232,233,234,235,236,237,238,239,-1,-1,-1,-1,-1,-1,-1,-1,-1,-1,-1,-1,-1,-1,-1,-1,-1,-1,-1,240,241,242,243,244,-1,245,246,247,248,249,250,251,252,253,-1,254,255,256,257,258,259,260,261,262,263,264,-1,-1,265,266,267,268,269,270,-1,271,-1,272,273,274,-1,-1,-1,-1,-1,-1,-1,-1,-1,-1,275,276,277,278,279,280,281,-1,-1,-1,-1,-1,-1,-1,-1,-1,-1,-1,282,283,284,285,286,287,288,289,-1,-1,-1,290,291,292,293,294,295,296,297,298,-1,299,300,301,302,303,304,305,306,307,308,309,310,311,312,313,314,315,316,317,318,319,320,321,322,323,324,325,326,-1,327,328,329,330,331,332,333,334,335,336,337,338,339,340,341,342,343,344,345,346,347,348,-1,-1,-1,-1,-1,-1,-1,-1,-1,-1,-1,-1,-1,-1,-1,-1,-1,-1,-1,-1,-1,-1,-1,-1,-1,-1,-1,-1,-1,-1,-1,-1,-1,-1,-1,-1,-1,-1
A0A1Y3TDY5,-1,-1,-1,-1,-1,-1,-1,-1,-1,-1,-1,-1,-1,-1,-1,-1,-1,-1,-1,-1,-1,-1,-1,-1,-1,-1,-1,-1,-1,-1,-1,-1,-1,-1,-1,-1,-1,-1,-1,-1,-1,-1,-1,-1,-1,-1,-1,-1,-1,-1,-1,-1,-1,-1,-1,-1,-1,-1,-1,-1,-1,-1,-1,-1,-1,-1,-1,-1,-1,-1,-1,-1,-1,-1,-1,-1,-1,-1,-1,-1,-1,-1,-1,-1,-1,-1,-1,-1,-1,-1,-1,-1,-1,-1,-1,-1,-1,-1,-1,-1,-1,-1,-1,-1,-1,-1,-1,-1,-1,-1,-1,-1,-1,-1,-1,-1,-1,-1,-1,-1,-1,-1,-1,-1,-1,-1,-1,-1,-1,-1,0,1,2,-1,3,4,5,6,7,-1,-1,-1,-1,-1,-1,-1,-1,-1,8,9,10,11,12,13,14,15,16,17,-1,18,19,-1,20,21,22,23,24,25,26,27,28,29,30,31,32,33,34,35,36,-1,-1,-1,-1,-1,-1,-1,37,38,-1,-1,-1,-1,-1,-1,-1,-1,-1,39,40,41,42,43,44,45,46,47,48,49,50,51,52,-1,-1,-1,-1,-1,-1,53,54,55,-1,-1,-1,-1,-1,-1,56,57,58,59,60,61,62,63,64,65,66,67,68,69,70,71,72,73,74,75,76,77,78,79,80,81,82,-1,83,84,85,-1,-1,-1,-1,86,87,-1,-1,-1,-1,-1,-1,-1,-1,-1,-1,-1,88,89,90,91,92,-1,93,94,95,96,97,98,99,100,101,102,103,104,105,106,107,108,109,110,111,112,113,114,115,116,117,-1,-1,118,119,120,121,122,123,124,125,126,127,128,-1,129,130,-1,-1,-1,-1,-1,-1,-1,-1,-1,-1,-1,-1,-1,-1,-1,-1,-1,-1,-1,-1,-1,-1,-1,-1,-1,-1,-1,-1,131,132,133,134,135,136,137,138,139,140,141,142,-1,143,144,145,146,147,148,149,150,151,-1,152,153,-1,-1,-1,-1,154,155,156,157,158,159,-1,-1,-1,-1,-1,-1,-1,-1,-1,160,161,162,163,164,165,166,167,168,169,170,171,172,173,174,175,176,177,178,179,-1,-1,-1,-1,-1,180,181,182,183,-1,-1,-1,-1,-1,-1,-1,-1,-1,-1,-1,184,185,186,187,188,189,190,191,192,193,-1,-1,-1,-1,194,195,196,197,198,-1,-1,-1,-1,-1,-1,-1,-1,-1,-1,199,200,201,202,203,204,205,206,-1,-1,-1,-1,-1,-1,207,208,209,210,211,212,-1,-1,213,214,215,216,217,218,219,220,221,222,223,224,225,226,227,228,-1,-1,-1,-1,-1,-1,-1,-1,-1,-1,-1,-1,-1,-1,-1,-1,-1,-1,-1,229,230,231,232,233,-1,234,235,236,237,238,239,240,241,242,-1,243,244,245,246,247,248,249,250,251,252,253,-1,-1,254,255,256,257,258,259,-1,260,-1,261,262,263,-1,-1,-1,-1,-1,-1,-1,-1,-1,-1,264,265,266,267,268,269,270,-1,-1,-1,-1,-1,-1,-1,-1,-1,-1,-1,271,272,273,274,275,276,277,278,-1,-1,-1,279,280,281,282,283,284,285,286,287,-1,288,289,290,291,292,293,294,295,296,297,-1,298,299,300,301,302,-1,303,304,305,306,307,308,309,310,-1,-1,-1,-1,-1,-1,-1,-1,-1,311,312,313,314,315,316,317,-1,-1,-1,-1,-1,-1,-1,-1,-1,-1,-1,-1,-1,-1,-1,-1,-1,-1,-1,-1,-1,-1,-1,-1,-1,-1,-1,-1,-1,-1,-1,-1,-1,-1,-1,-1,-1,-1,-1,-1,-1,-1,-1,-1,-1,-1,-1,-1
A0A1Y3VSR9,-1,-1,-1,-1,-1,-1,-1,-1,-1,-1,-1,-1,-1,-1,-1,-1,-1,-1,-1,-1,-1,-1,0,1,2,3,4,5,6,7,-1,-1,-1,-1,-1,-1,-1,-1,-1,8,9,10,11,12,13,14,15,16,17,18,-1,-1,-1,-1,-1,-1,-1,-1,-1,-1,-1,-1,-1,-1,-1,-1,-1,-1,-1,-1,-1,-1,-1,-1,-1,-1,-1,-1,-1,-1,-1,-1,-1,-1,-1,-1,-1,-1,-1,-1,-1,-1,-1,-1,-1,-1,-1,-1,-1,-1,-1,-1,-1,-1,-1,-1,-1,-1,-1,-1,-1,-1,-1,-1,-1,-1,-1,-1,-1,-1,-1,-1,-1,-1,-1,19,20,21,22,23,24,25,26,-1,27,28,29,30,31,-1,32,33,34,35,36,-1,-1,-1,37,38,39,40,41,42,43,44,45,46,47,48,49,-1,50,51,52,53,54,55,56,57,58,59,60,61,62,63,64,65,66,-1,-1,-1,-1,-1,-1,-1,67,68,69,70,71,-1,-1,-1,72,73,74,75,76,77,78,79,80,81,82,83,84,85,86,87,88,-1,-1,-1,-1,-1,-1,-1,-1,-1,-1,-1,-1,-1,-1,89,90,91,92,93,94,95,96,97,98,99,100,101,102,103,104,105,106,107,108,109,110,111,112,113,114,115,116,-1,117,118,119,120,121,-1,-1,122,123,-1,-1,-1,-1,-1,-1,-1,-1,-1,-1,-1,124,125,126,127,128,-1,129,130,131,132,133,134,135,136,137,138,139,140,141,142,143,144,145,146,147,148,149,150,151,152,153,-1,-1,154,155,156,157,158,159,160,161,-1,-1,-1,-1,-1,162,-1,-1,-1,-1,-1,-1,-1,-1,-1,-1,-1,-1,-1,-1,-1,-1,-1,-1,-1,-1,-1,-1,-1,-1,-1,-1,-1,-1,163,164,165,166,167,168,169,170,171,172,173,174,175,176,177,178,179,180,181,182,183,184,-1,185,186,-1,-1,-1,-1,187,188,189,190,191,192,-1,-1,-1,-1,-1,-1,-1,-1,-1,193,194,195,196,197,198,199,200,201,202,203,204,205,206,207,208,209,210,211,212,-1,-1,-1,-1,-1,213,214,215,216,-1,-1,-1,-1,-1,-1,-1,-1,-1,-1,-1,217,218,219,220,221,222,223,224,225,226,-1,-1,-1,227,228,229,230,231,232,-1,-1,-1,-1,-1,-1,-1,-1,-1,-1,233,234,235,236,237,238,239,240,-1,-1,-1,-1,-1,-1,241,242,243,244,245,246,-1,-1,247,248,249,250,251,252,253,254,255,256,257,258,259,260,261,262,-1,-1,-1,-1,-1,-1,-1,-1,-1,-1,-1,-1,-1,-1,-1,-1,-1,-1,-1,263,264,265,266,267,-1,268,269,270,271,272,273,274,275,276,-1,277,278,279,280,281,282,283,284,285,286,287,-1,-1,288,289,290,291,292,-1,-1,293,-1,294,295,296,-1,-1,-1,-1,-1,297,298,299,300,301,302,303,304,305,306,307,308,-1,-1,-1,-1,-1,-1,-1,-1,-1,-1,-1,309,310,311,312,313,314,315,316,-1,-1,-1,317,318,319,320,321,322,323,324,325,-1,326,327,328,329,330,331,332,333,334,335,336,337,338,339,340,341,-1,342,343,344,345,346,347,348,349,-1,-1,-1,-1,-1,-1,-1,350,351,352,353,354,355,356,357,358,359,360,361,-1,-1,-1,-1,-1,-1,-1,-1,-1,-1,-1,-1,-1,-1,-1,-1,-1,-1,-1,-1,-1,-1,-1,-1,-1,-1,-1,-1,-1,-1,-1,-1,-1,-1,-1,-1,-1,-1,-1,-1,-1,-1,-1,-1,-1
A0A2S7KLN3,-1,-1,-1,-1,-1,-1,-1,-1,-1,-1,-1,-1,-1,-1,-1,-1,-1,-1,-1,-1,-1,-1,0,1,2,3,4,5,6,-1,-1,-1,-1,-1,-1,-1,-1,7,8,9,10,11,12,13,14,15,16,17,18,19,-1,-1,-1,-1,-1,-1,-1,-1,-1,-1,-1,-1,-1,-1,-1,-1,-1,-1,-1,-1,-1,-1,-1,-1,-1,-1,-1,-1,-1,-1,-1,-1,-1,-1,-1,-1,-1,-1,-1,-1,-1,-1,-1,-1,-1,-1,-1,-1,-1,-1,-1,-1,-1,-1,-1,-1,-1,-1,-1,-1,-1,-1,-1,-1,-1,-1,-1,-1,-1,-1,-1,-1,-1,-1,-1,20,21,22,23,24,25,26,27,-1,28,29,30,31,32,-1,33,34,35,36,-1,-1,-1,-1,37,38,39,40,41,42,43,44,45,-1,-1,46,47,-1,48,49,50,51,52,53,54,55,56,57,58,59,-1,-1,-1,-1,-1,-1,-1,-1,-1,-1,-1,-1,-1,-1,-1,-1,-1,-1,-1,-1,-1,-1,-1,-1,-1,-1,60,61,62,63,64,65,66,67,68,69,70,-1,-1,-1,-1,-1,-1,-1,-1,-1,-1,-1,-1,-1,71,72,73,74,75,76,77,78,79,80,81,82,83,84,85,86,87,88,89,90,91,92,93,94,95,-1,96,97,98,-1,99,100,101,102,103,-1,-1,-1,-1,-1,-1,-1,-1,-1,-1,-1,-1,-1,-1,-1,104,105,106,107,108,-1,109,110,111,112,113,114,115,116,117,118,119,120,121,122,123,124,125,126,127,128,129,130,131,132,133,-1,-1,134,135,136,-1,-1,-1,-1,-1,-1,-1,-1,-1,-1,-1,-1,-1,-1,-1,-1,-1,-1,-1,-1,-1,-1,-1,137,138,-1,-1,-1,-1,-1,-1,-1,-1,-1,-1,-1,-1,-1,-1,139,140,141,142,143,144,145,146,147,148,149,150,151,152,153,154,155,156,157,158,159,160,161,162,163,-1,-1,-1,-1,164,165,166,167,168,169,-1,-1,-1,-1,-1,-1,-1,-1,-1,170,171,172,173,174,175,176,177,178,179,-1,-1,-1,-1,-1,-1,-1,-1,-1,-1,-1,-1,-1,-1,-1,-1,-1,-1,-1,-1,-1,-1,-1,-1,-1,-1,-1,-1,-1,-1,-1,-1,-1,-1,-1,-1,-1,-1,-1,-1,-1,-1,-1,180,181,182,183,184,185,-1,-1,-1,-1,-1,-1,-1,-1,-1,-1,-1,-1,-1,-1,-1,-1,-1,-1,-1,-1,-1,-1,-1,-1,186,187,188,189,190,-1,-1,-1,-1,-1,-1,-1,-1,-1,191,192,193,194,195,196,197,198,199,200,-1,-1,-1,-1,-1,-1,-1,-1,-1,-1,-1,-1,-1,-1,-1,-1,-1,-1,-1,-1,-1,-1,-1,-1,-1,201,202,203,204,205,206,207,208,209,-1,210,211,212,213,214,215,216,217,218,-1,-1,-1,-1,-1,-1,-1,-1,-1,-1,-1,219,-1,220,221,222,-1,-1,-1,-1,-1,-1,-1,-1,-1,-1,-1,223,224,225,226,227,228,-1,-1,-1,-1,-1,-1,-1,-1,-1,-1,-1,229,230,231,232,233,234,235,236,237,238,239,240,241,242,243,244,245,246,247,248,-1,249,250,-1,-1,251,252,253,-1,-1,-1,-1,-1,-1,-1,-1,-1,-1,254,255,256,257,258,259,260,261,262,263,264,265,266,267,268,269,270,271,272,273,274,275,276,277,278,-1,-1,-1,-1,-1,-1,-1,-1,-1,-1,-1,-1,-1,-1,-1,-1,-1,-1,-1,-1,-1,-1,-1,-1,-1,-1,-1,-1,-1,-1,-1,-1,-1,-1,-1,-1,-1,-1,-1,-1,-1,279,280,-1,-1,281,282
A0A2S8G2H3,-1,-1,-1,-1,-1,-1,-1,-1,-1,-1,-1,-1,-1,-1,-1,-1,-1,-1,-1,-1,-1,-1,0,1,2,3,4,5,6,-1,-1,-1,-1,-1,-1,-1,7,8,9,10,11,12,13,14,15,16,17,18,19,20,-1,-1,-1,-1,-1,-1,-1,-1,-1,-1,-1,-1,-1,-1,-1,-1,-1,-1,-1,-1,-1,-1,-1,-1,-1,-1,-1,-1,-1,-1,-1,-1,-1,-1,-1,-1,-1,-1,-1,-1,-1,-1,-1,-1,-1,-1,-1,-1,-1,-1,-1,-1,-1,-1,-1,-1,-1,-1,-1,-1,-1,-1,-1,-1,-1,-1,-1,-1,-1,-1,-1,-1,-1,-1,-1,21,22,23,24,25,26,27,28,-1,29,30,31,32,33,-1,34,35,36,37,38,-1,-1,-1,39,40,41,42,43,44,45,46,47,48,-1,49,50,-1,51,52,53,54,55,56,57,58,59,60,61,62,63,64,65,66,67,68,69,70,71,72,73,74,75,76,77,-1,-1,-1,-1,-1,-1,78,79,80,81,82,83,84,85,86,87,88,89,90,91,92,93,-1,-1,-1,-1,-1,-1,-1,-1,-1,-1,-1,-1,-1,-1,-1,94,95,96,97,98,99,100,101,102,103,104,105,106,107,108,109,110,111,112,113,114,115,116,-1,117,118,119,-1,120,121,-1,-1,122,-1,-1,123,124,-1,-1,-1,-1,-1,-1,-1,-1,-1,-1,-1,125,126,127,128,129,-1,130,131,132,133,134,135,136,137,138,139,140,141,142,143,144,145,146,147,148,149,150,151,152,153,154,-1,-1,155,156,157,158,159,160,161,162,163,164,165,-1,-1,-1,-1,-1,-1,-1,-1,-1,-1,-1,-1,-1,-1,-1,-1,-1,-1,-1,-1,-1,-1,-1,-1,-1,-1,-1,-1,-1,-1,-1,166,167,168,169,170,171,172,173,174,175,176,177,178,179,180,181,182,183,184,185,186,187,-1,188,189,-1,-1,-1,-1,190,191,192,193,194,195,196,-1,-1,-1,-1,-1,-1,-1,-1,197,198,199,200,201,202,203,204,205,206,207,208,209,210,211,212,213,214,215,216,217,-1,-1,-1,-1,-1,-1,-1,-1,-1,-1,-1,-1,-1,-1,-1,-1,-1,-1,-1,-1,-1,-1,-1,-1,-1,-1,-1,-1,-1,-1,-1,-1,-1,-1,-1,-1,-1,-1,-1,-1,-1,-1,-1,-1,-1,-1,-1,-1,218,219,220,221,222,223,224,225,-1,-1,-1,-1,-1,-1,226,227,228,229,230,231,-1,-1,232,233,234,235,236,237,238,239,240,241,242,243,244,245,246,247,-1,-1,-1,-1,-1,-1,-1,-1,-1,-1,-1,-1,-1,-1,-1,-1,-1,-1,-1,248,249,250,251,252,-1,253,254,255,256,257,258,259,260,261,-1,262,263,264,265,266,267,268,269,270,271,272,-1,-1,273,274,275,276,277,278,-1,-1,-1,279,280,281,-1,-1,-1,-1,-1,-1,-1,-1,-1,-1,282,283,284,285,286,287,288,-1,-1,-1,-1,-1,-1,-1,-1,-1,-1,-1,289,290,291,292,293,294,295,296,-1,-1,-1,297,298,299,300,301,302,303,304,305,-1,306,307,308,309,310,311,312,313,314,315,316,317,318,319,320,321,322,323,324,325,326,327,328,329,330,331,332,333,-1,-1,334,335,336,337,338,339,340,341,342,343,344,345,-1,346,347,348,349,-1,-1,-1,-1,-1,-1,-1,-1,-1,-1,-1,-1,-1,-1,-1,-1,-1,-1,-1,-1,-1,-1,-1,-1,-1,-1,-1,-1,-1,-1,-1,-1,-1,-1,-1,-1,-1,-1,-1,-1,-1,-1
A0A2S8GTJ2,-1,-1,-1,-1,-1,-1,-1,-1,-1,-1,-1,-1,-1,-1,-1,-1,-1,-1,-1,-1,-1,-1,-1,-1,-1,-1,-1,-1,-1,-1,-1,-1,-1,-1,-1,-1,-1,-1,-1,-1,-1,-1,-1,-1,-1,0,1,2,3,4,-1,-1,-1,-1,-1,-1,-1,-1,-1,-1,-1,-1,-1,-1,-1,-1,-1,-1,-1,-1,-1,-1,-1,-1,-1,-1,-1,-1,-1,-1,-1,-1,-1,-1,-1,-1,-1,-1,-1,-1,-1,-1,-1,-1,-1,-1,-1,-1,-1,-1,-1,-1,-1,-1,-1,-1,-1,-1,-1,-1,-1,-1,-1,-1,-1,-1,-1,-1,-1,-1,-1,-1,-1,-1,-1,5,6,7,8,9,10,11,12,-1,13,14,15,16,17,-1,18,19,20,21,22,-1,-1,-1,23,24,25,26,27,28,29,30,31,32,-1,33,34,-1,35,36,37,38,39,40,41,42,43,44,45,46,47,48,49,50,51,52,53,54,55,56,57,58,59,60,61,-1,-1,-1,-1,-1,-1,62,63,64,65,66,67,68,69,70,71,72,73,74,75,76,77,-1,-1,-1,-1,-1,-1,-1,-1,-1,-1,-1,-1,-1,-1,-1,78,79,80,81,82,83,84,85,86,87,88,89,90,91,92,93,94,95,96,97,98,99,100,-1,101,102,103,-1,104,105,-1,-1,106,-1,-1,107,108,-1,-1,-1,-1,-1,-1,-1,-1,-1,-1,-1,109,110,111,112,113,-1,114,115,116,117,118,119,120,121,122,123,124,125,126,127,128,129,130,131,132,133,134,135,136,137,138,-1,-1,139,140,141,142,143,144,145,146,147,148,149,-1,-1,-1,-1,-1,-1,-1,-1,-1,-1,-1,-1,-1,-1,-1,-1,-1,-1,-1,-1,-1,-1,-1,-1,-1,-1,-1,-1,-1,-1,-1,150,151,152,153,154,155,156,157,158,159,160,161,162,163,164,165,166,167,168,169,170,171,-1,172,173,-1,-1,-1,-1,174,175,176,177,178,179,180,-1,-1,-1,-1,-1,-1,-1,-1,181,182,183,184,185,186,187,188,189,190,191,192,193,194,195,196,197,198,199,200,201,-1,-1,-1,-1,-1,-1,-1,-1,-1,-1,-1,-1,-1,-1,-1,-1,-1,-1,-1,-1,-1,-1,-1,-1,-1,-1,-1,-1,-1,-1,-1,-1,-1,-1,-1,-1,-1,-1,-1,-1,-1,-1,-1,-1,-1,-1,-1,-1,202,203,204,205,206,207,208,209,-1,-1,-1,-1,-1,-1,210,211,212,213,214,215,-1,-1,216,217,218,219,220,221,222,223,224,225,226,227,228,229,230,231,-1,-1,-1,-1,-1,-1,-1,-1,-1,-1,-1,-1,-1,-1,-1,-1,-1,-1,-1,232,233,234,235,236,-1,237,238,239,240,241,242,243,244,245,-1,246,247,248,249,250,251,252,253,254,255,256,-1,-1,257,258,259,260,261,262,-1,-1,-1,263,264,265,-1,-1,-1,-1,-1,-1,-1,-1,-1,-1,266,267,268,269,270,271,272,-1,-1,-1,-1,-1,-1,-1,-1,-1,-1,-1,273,274,275,276,277,278,279,280,-1,-1,-1,281,282,283,284,285,286,287,288,289,-1,290,291,292,293,294,295,296,297,298,299,300,301,302,303,304,305,306,307,308,309,310,311,312,313,314,315,316,317,-1,-1,318,319,320,321,322,323,324,325,326,327,328,329,-1,330,331,332,333,-1,-1,-1,-1,-1,-1,-1,-1,-1,-1,-1,-1,-1,-1,-1,-1,-1,-1,-1,-1,-1,-1,-1,-1,-1,-1,-1,-1,-1,-1,-1,-1,-1,-1,-1,-1,-1,-1,-1,-1,-1,-1
A0A2T3FKY8,-1,-1,-1,-1,-1,-1,-1,-1,-1,-1,-1,-1,-1,-1,-1,-1,-1,-1,-1,-1,-1,-1,-1,-1,-1,-1,-1,-1,-1,-1,-1,-1,-1,-1,-1,-1,-1,-1,-1,-1,-1,-1,-1,-1,-1,-1,-1,-1,-1,-1,-1,-1,-1,-1,-1,-1,-1,-1,-1,-1,-1,-1,-1,-1,-1,-1,-1,-1,-1,-1,-1,-1,-1,-1,-1,-1,-1,-1,-1,-1,-1,-1,-1,-1,-1,-1,-1,-1,-1,-1,-1,-1,-1,-1,-1,-1,-1,-1,-1,-1,-1,-1,-1,-1,-1,-1,-1,-1,-1,-1,-1,-1,-1,-1,-1,-1,-1,-1,-1,-1,-1,-1,-1,-1,-1,-1,-1,-1,-1,-1,0,1,2,-1,3,4,5,6,7,-1,8,9,10,-1,-1,-1,-1,-1,11,12,13,14,15,16,17,18,19,20,-1,21,22,-1,23,24,25,26,27,28,29,30,31,32,33,34,35,36,37,38,39,-1,-1,-1,-1,-1,-1,-1,40,41,-1,-1,-1,-1,-1,-1,-1,-1,-1,42,43,44,45,46,47,48,49,50,51,52,53,54,55,-1,-1,-1,-1,-1,-1,56,57,58,-1,-1,-1,-1,-1,-1,59,60,61,62,63,64,65,66,67,68,69,70,71,72,73,74,75,76,77,78,79,80,81,82,83,84,85,-1,86,87,88,-1,-1,-1,-1,89,90,-1,-1,-1,-1,-1,-1,-1,-1,-1,-1,-1,91,92,93,94,95,-1,96,97,98,99,100,101,102,103,104,105,106,107,108,109,110,111,112,113,114,115,116,117,118,119,120,-1,-1,121,122,123,124,125,126,127,128,129,130,131,-1,132,133,-1,-1,-1,-1,-1,-1,-1,-1,-1,-1,-1,-1,-1,-1,-1,-1,-1,-1,-1,-1,-1,-1,-1,-1,-1,-1,-1,-1,134,135,136,137,138,139,140,141,142,143,144,145,-1,146,147,148,149,150,151,152,153,154,-1,155,156,-1,-1,-1,-1,157,158,159,160,161,162,-1,-1,-1,-1,-1,-1,-1,-1,-1,163,164,165,166,167,168,169,170,171,172,173,174,175,176,177,178,179,180,181,182,-1,-1,-1,-1,-1,183,184,185,186,-1,-1,-1,-1,-1,-1,-1,-1,-1,-1,-1,187,188,189,190,191,192,193,194,195,196,-1,-1,-1,197,198,199,200,201,202,-1,-1,-1,-1,-1,-1,-1,-1,-1,-1,203,204,205,206,207,208,209,210,-1,-1,-1,-1,-1,-1,211,212,213,214,215,216,-1,-1,217,218,219,220,221,222,223,224,225,226,227,228,229,230,231,232,-1,-1,-1,-1,-1,-1,-1,-1,-1,-1,-1,-1,-1,-1,-1,-1,-1,-1,-1,233,234,235,236,237,-1,238,239,240,241,242,243,244,245,246,-1,247,248,249,250,251,252,253,254,255,256,257,-1,-1,258,259,260,261,262,263,-1,264,-1,265,266,267,-1,-1,-1,-1,-1,-1,-1,-1,-1,-1,268,269,270,271,272,273,274,-1,-1,-1,-1,-1,-1,-1,-1,-1,-1,-1,275,276,277,278,279,280,281,282,-1,-1,-1,283,284,285,286,287,288,289,290,291,-1,292,293,294,295,296,297,298,299,300,301,302,303,304,305,306,307,-1,308,309,310,311,312,313,314,315,-1,-1,-1,-1,-1,-1,-1,-1,-1,316,317,318,319,320,321,322,323,-1,-1,-1,-1,-1,-1,-1,-1,-1,-1,-1,-1,-1,-1,-1,-1,-1,-1,-1,-1,-1,-1,-1,-1,-1,-1,-1,-1,-1,-1,-1,-1,-1,-1,-1,-1,-1,-1,-1,-1,-1,-1,-1,-1,-1,-1,-1
A0A2V1JL81,-1,-1,-1,-1,-1,-1,-1,-1,-1,-1,-1,-1,-1,-1,-1,-1,-1,-1,-1,-1,-1,-1,-1,-1,-1,-1,-1,-1,-1,-1,-1,-1,-1,-1,-1,-1,-1,-1,-1,-1,-1,-1,-1,-1,-1,-1,-1,-1,-1,-1,-1,-1,-1,-1,-1,-1,-1,-1,-1,-1,-1,-1,-1,-1,-1,-1,-1,-1,-1,-1,-1,-1,-1,-1,-1,-1,-1,-1,-1,-1,-1,-1,-1,-1,-1,-1,-1,-1,-1,-1,-1,-1,-1,-1,-1,-1,-1,-1,-1,-1,-1,-1,-1,-1,-1,-1,-1,-1,-1,-1,-1,-1,-1,-1,-1,-1,-1,-1,-1,-1,-1,-1,-1,-1,-1,-1,-1,-1,-1,-1,0,1,2,-1,3,4,5,6,7,-1,8,9,10,-1,-1,-1,-1,-1,11,12,13,14,15,16,17,18,19,20,-1,21,22,-1,23,24,25,26,27,28,29,30,31,32,33,34,35,36,37,38,39,-1,-1,-1,-1,-1,-1,-1,40,41,-1,-1,-1,-1,-1,-1,-1,-1,-1,42,43,44,45,46,47,48,49,50,51,52,53,54,55,-1,-1,-1,-1,-1,-1,56,57,58,-1,-1,-1,-1,-1,-1,59,60,61,62,63,64,65,66,67,68,69,70,71,72,73,74,75,76,77,78,79,80,81,82,83,84,85,-1,86,87,88,-1,-1,-1,-1,89,90,-1,-1,-1,-1,-1,-1,-1,-1,-1,-1,-1,91,92,93,94,95,-1,96,97,98,99,100,101,102,103,104,105,106,107,108,109,110,111,112,113,114,115,116,117,118,119,120,-1,-1,121,122,123,124,125,126,127,128,129,130,131,-1,132,133,-1,-1,-1,-1,-1,-1,-1,-1,-1,-1,-1,-1,-1,-1,-1,-1,-1,-1,-1,-1,-1,-1,-1,-1,-1,-1,-1,-1,134,135,136,137,138,139,140,141,142,143,144,145,-1,146,147,148,149,150,151,152,153,154,-1,155,156,-1,-1,-1,-1,157,158,159,160,161,162,-1,-1,-1,-1,-1,-1,-1,-1,-1,163,164,165,166,167,168,169,170,171,172,173,174,175,176,177,178,179,180,181,182,-1,-1,-1,-1,-1,183,184,185,186,-1,-1,-1,-1,-1,-1,-1,-1,-1,-1,-1,187,188,189,190,191,192,193,194,195,196,-1,-1,-1,197,198,199,200,201,202,-1,-1,-1,-1,-1,-1,-1,-1,-1,-1,203,204,205,206,207,208,209,210,-1,-1,-1,-1,-1,-1,211,212,213,214,215,216,-1,-1,217,218,219,220,221,222,223,224,225,226,227,228,229,230,231,232,-1,-1,-1,-1,-1,-1,-1,-1,-1,-1,-1,-1,-1,-1,-1,-1,-1,-1,-1,233,234,235,236,237,-1,238,239,240,241,242,243,244,245,246,-1,247,248,249,250,251,252,253,254,255,256,257,-1,-1,258,259,260,261,262,263,-1,264,-1,265,266,267,-1,-1,-1,-1,-1,-1,-1,-1,-1,-1,268,269,270,271,272,273,274,-1,-1,-1,-1,-1,-1,-1,-1,-1,-1,-1,275,276,277,278,279,280,281,282,-1,-1,-1,283,284,285,286,287,288,289,290,291,-1,292,293,294,295,296,297,298,299,300,301,302,303,304,305,306,307,-1,308,309,310,311,312,313,314,315,-1,-1,-1,-1,-1,-1,-1,-1,-1,316,317,318,319,320,321,322,323,324,-1,-1,-1,-1,-1,-1,-1,-1,-1,-1,-1,-1,-1,-1,-1,-1,-1,-1,-1,-1,-1,-1,-1,-1,-1,-1,-1,-1,-1,-1,-1,-1,-1,-1,-1,-1,-1,-1,-1,-1,-1,-1,-1,-1,-1,-1
A0A316LWP8,-1,-1,-1,-1,-1,-1,-1,-1,-1,-1,-1,-1,-1,-1,-1,-1,-1,-1,-1,-1,-1,-1,-1,-1,-1,-1,-1,-1,-1,-1,-1,-1,-1,-1,-1,-1,-1,-1,-1,-1,-1,-1,-1,-1,-1,-1,-1,-1,-1,-1,-1,-1,-1,-1,-1,-1,-1,-1,-1,-1,-1,-1,-1,-1,-1,-1,-1,-1,-1,-1,-1,-1,-1,-1,-1,-1,-1,-1,-1,-1,-1,-1,-1,-1,-1,-1,-1,-1,-1,-1,-1,-1,-1,-1,-1,-1,-1,-1,-1,-1,-1,-1,-1,-1,-1,-1,-1,-1,-1,-1,-1,-1,-1,-1,-1,-1,-1,-1,-1,-1,-1,-1,-1,-1,-1,-1,-1,-1,-1,-1,0,1,2,-1,3,4,5,6,7,-1,8,9,10,-1,-1,-1,-1,-1,11,12,13,14,15,16,17,18,19,20,-1,21,22,-1,23,24,25,26,27,28,29,30,31,32,33,34,35,36,37,38,39,-1,-1,-1,-1,-1,-1,-1,40,41,-1,-1,-1,-1,-1,-1,-1,-1,-1,42,43,44,45,46,47,48,49,50,51,52,53,54,55,-1,-1,-1,-1,-1,-1,56,57,58,-1,-1,-1,-1,-1,-1,59,60,61,62,63,64,65,66,67,68,69,70,71,72,73,74,75,76,77,78,79,80,81,82,83,84,85,-1,86,87,88,-1,-1,-1,-1,89,90,-1,-1,-1,-1,-1,-1,-1,-1,-1,-1,-1,91,92,93,94,95,-1,96,97,98,99,100,101,102,103,104,105,106,107,108,109,110,111,112,113,114,115,116,117,118,119,120,-1,-1,121,122,123,124,125,126,127,128,129,130,131,-1,132,133,-1,-1,-1,-1,-1,-1,-1,-1,-1,-1,-1,-1,-1,-1,-1,-1,-1,-1,-1,-1,-1,-1,-1,-1,-1,-1,-1,-1,134,135,136,137,138,139,140,141,142,143,144,145,-1,146,147,148,149,150,151,152,153,154,-1,155,156,-1,-1,-1,-1,157,158,159,160,161,162,-1,-1,-1,-1,-1,-1,-1,-1,-1,163,164,165,166,167,168,169,170,171,172,173,174,175,176,177,178,179,180,181,182,-1,-1,-1,-1,-1,183,184,185,186,-1,-1,-1,-1,-1,-1,-1,-1,-1,-1,-1,187,188,189,190,191,192,193,194,195,196,-1,-1,-1,197,198,199,200,201,202,-1,-1,-1,-1,-1,-1,-1,-1,-1,-1,203,204,205,206,207,208,209,210,-1,-1,-1,-1,-1,-1,211,212,213,214,215,216,-1,-1,217,218,219,220,221,222,223,224,225,226,227,228,229,230,231,232,-1,-1,-1,-1,-1,-1,-1,-1,-1,-1,-1,-1,-1,-1,-1,-1,-1,-1,-1,233,234,235,236,237,-1,238,239,240,241,242,243,244,245,246,-1,247,248,249,250,251,252,253,254,255,256,257,-1,-1,258,259,260,261,262,263,-1,264,-1,265,266,267,-1,-1,-1,-1,-1,-1,-1,-1,-1,-1,268,269,270,271,272,273,274,-1,-1,-1,-1,-1,-1,-1,-1,-1,-1,-1,275,276,277,278,279,280,281,282,-1,-1,-1,283,284,285,286,287,288,289,290,291,-1,292,293,294,295,296,297,298,299,300,301,302,303,304,305,306,307,-1,308,309,310,311,312,313,314,315,-1,-1,-1,-1,-1,-1,-1,-1,-1,316,317,318,319,320,321,322,323,-1,-1,-1,-1,-1,-1,-1,-1,-1,-1,-1,-1,-1,-1,-1,-1,-1,-1,-1,-1,-1,-1,-1,-1,-1,-1,-1,-1,-1,-1,-1,-1,-1,-1,-1,-1,-1,-1,-1,-1,-1,-1,-1,-1,-1,-1,-1
A0A316Q414,-1,-1,-1,-1,-1,-1,-1,-1,-1,-1,-1,-1,-1,-1,-1,-1,-1,-1,-1,-1,-1,-1,-1,-1,-1,-1,-1,-1,-1,-1,-1,-1,-1,-1,-1,-1,-1,-1,-1,-1,-1,-1,-1,-1,-1,-1,-1,-1,-1,-1,-1,-1,-1,-1,-1,-1,-1,-1,-1,-1,-1,-1,-1,-1,-1,-1,-1,-1,-1,-1,-1,-1,-1,-1,-1,-1,-1,-1,-1,-1,-1,-1,-1,-1,-1,-1,-1,-1,-1,-1,-1,-1,-1,-1,-1,-1,-1,-1,-1,-1,-1,-1,-1,-1,-1,-1,-1,-1,-1,-1,-1,-1,-1,-1,-1,-1,-1,-1,-1,-1,-1,-1,-1,-1,-1,-1,-1,-1,-1,-1,0,1,2,-1,3,4,5,6,7,-1,8,9,10,11,12,-1,-1,-1,13,14,15,16,17,18,19,20,21,22,-1,23,24,-1,25,26,27,28,29,30,31,32,33,34,35,36,37,38,39,40,41,-1,-1,-1,-1,-1,-1,-1,42,-1,-1,-1,-1,-1,-1,-1,-1,-1,-1,43,44,45,46,47,48,49,50,51,52,53,54,55,56,-1,-1,-1,-1,-1,-1,57,58,59,-1,-1,-1,-1,-1,-1,60,61,62,63,64,65,66,67,68,69,70,71,72,73,74,75,76,77,78,79,80,81,82,83,84,85,86,-1,87,88,89,90,-1,-1,-1,91,92,-1,-1,-1,-1,-1,-1,-1,-1,-1,-1,-1,93,94,95,96,97,-1,98,99,100,101,102,103,104,105,106,107,108,109,110,111,112,113,114,115,116,117,118,119,120,121,122,-1,-1,123,124,125,126,127,128,129,130,131,132,133,-1,134,135,-1,-1,-1,-1,-1,-1,-1,-1,-1,-1,-1,-1,-1,-1,-1,-1,-1,-1,-1,-1,-1,-1,-1,-1,-1,-1,-1,-1,136,137,138,139,140,141,142,143,144,145,146,147,-1,148,149,150,151,152,153,154,155,156,-1,157,158,-1,-1,-1,-1,159,160,161,162,163,164,-1,-1,-1,-1,-1,-1,-1,-1,-1,165,166,167,168,169,170,171,172,173,174,175,176,177,178,179,180,181,182,183,184,-1,-1,-1,-1,-1,185,186,187,188,-1,-1,-1,-1,-1,-1,-1,-1,-1,-1,-1,189,190,191,192,193,194,195,196,197,198,-1,-1,-1,199,200,201,202,203,204,-1,-1,-1,-1,-1,-1,-1,-1,-1,-1,205,206,207,208,209,210,211,212,-1,-1,-1,-1,-1,-1,213,214,215,216,217,218,-1,-1,219,220,221,222,223,224,225,226,227,228,229,230,231,232,233,234,-1,-1,-1,-1,-1,-1,-1,-1,-1,-1,-1,-1,-1,-1,-1,-1,-1,-1,-1,235,236,237,238,239,-1,240,241,242,243,244,245,246,247,248,-1,249,250,251,252,253,254,255,256,257,258,259,-1,-1,260,261,262,263,264,265,-1,266,-1,267,268,269,-1,-1,-1,-1,-1,-1,-1,-1,-1,-1,270,271,272,273,274,275,276,-1,-1,-1,-1,-1,-1,-1,-1,-1,-1,-1,277,278,279,280,281,282,283,284,-1,-1,-1,285,286,287,288,289,290,291,292,293,-1,294,295,296,297,298,299,300,301,302,303,304,305,306,307,308,309,-1,310,311,312,313,314,-1,-1,-1,-1,-1,-1,-1,-1,-1,-1,-1,-1,-1,-1,-1,-1,-1,-1,-1,-1,-1,-1,-1,-1,-1,-1,-1,-1,-1,-1,-1,-1,-1,-1,-1,-1,-1,-1,-1,-1,-1,-1,-1,-1,-1,-1,-1,-1,-1,-1,-1,-1,-1,-1,-1,-1,-1,-1,-1,-1,-1,-1,-1,-1,-1,-1,-1
A0A316R4M9,-1,-1,-1,-1,-1,-1,-1,-1,-1,-1,-1,-1,-1,-1,-1,-1,-1,-1,-1,-1,-1,-1,-1,-1,-1,-1,-1,-1,-1,-1,-1,-1,-1,-1,-1,-1,-1,-1,-1,-1,-1,-1,-1,-1,-1,-1,-1,-1,-1,-1,-1,-1,-1,-1,-1,-1,-1,-1,-1,-1,-1,-1,-1,-1,-1,-1,-1,-1,-1,-1,-1,-1,-1,-1,-1,-1,-1,-1,-1,-1,-1,-1,-1,-1,-1,-1,-1,-1,-1,-1,-1,-1,-1,-1,-1,-1,-1,-1,-1,-1,-1,-1,-1,-1,-1,-1,-1,-1,-1,-1,-1,-1,-1,-1,-1,-1,-1,-1,-1,-1,-1,-1,-1,-1,-1,-1,-1,-1,-1,-1,0,1,2,-1,3,4,5,6,7,-1,8,9,10,-1,-1,-1,-1,-1,11,12,13,14,15,16,17,18,19,20,-1,21,22,-1,23,24,25,26,27,28,29,30,31,32,33,34,35,36,37,38,39,-1,-1,-1,-1,-1,-1,-1,40,41,-1,-1,-1,-1,-1,-1,-1,-1,-1,42,43,44,45,46,47,48,49,50,51,52,53,54,55,-1,-1,-1,-1,-1,-1,56,57,58,-1,-1,-1,-1,-1,-1,59,60,61,62,63,64,65,66,67,68,69,70,71,72,73,74,75,76,77,78,79,80,81,82,83,84,85,-1,86,87,88,-1,-1,-1,-1,89,90,-1,-1,-1,-1,-1,-1,-1,-1,-1,-1,-1,91,92,93,94,95,-1,96,97,98,99,100,101,102,103,104,105,106,107,108,109,110,111,112,113,114,115,116,117,118,119,120,-1,-1,121,122,123,124,125,126,127,128,129,130,131,-1,132,133,-1,-1,-1,-1,-1,-1,-1,-1,-1,-1,-1,-1,-1,-1,-1,-1,-1,-1,-1,-1,-1,-1,-1,-1,-1,-1,-1,-1,134,135,136,137,138,139,140,141,142,143,144,145,-1,146,147,148,149,150,151,152,153,154,-1,155,156,-1,-1,-1,-1,157,158,159,160,161,162,-1,-1,-1,-1,-1,-1,-1,-1,-1,163,164,165,166,167,168,169,170,171,172,173,174,175,176,177,178,179,180,181,182,-1,-1,-1,-1,-1,183,184,185,186,-1,-1,-1,-1,-1,-1,-1,-1,-1,-1,-1,187,188,189,190,191,192,193,194,195,196,-1,-1,-1,197,198,199,200,201,202,-1,-1,-1,-1,-1,-1,-1,-1,-1,-1,203,204,205,206,207,208,209,210,-1,-1,-1,-1,-1,-1,211,212,213,214,215,216,-1,-1,217,218,219,220,221,222,223,224,225,226,227,228,229,230,231,232,-1,-1,-1,-1,-1,-1,-1,-1,-1,-1,-1,-1,-1,-1,-1,-1,-1,-1,-1,233,234,235,236,237,-1,238,239,240,241,242,243,244,245,246,-1,247,248,249,250,251,252,253,254,255,256,257,-1,-1,258,259,260,261,262,263,-1,264,-1,265,266,267,-1,-1,-1,-1,-1,-1,-1,-1,-1,-1,268,269,270,271,272,273,274,-1,-1,-1,-1,-1,-1,-1,-1,-1,-1,-1,275,276,277,278,279,280,281,282,-1,-1,-1,283,284,285,286,287,288,289,290,291,-1,292,293,294,295,296,297,298,299,300,301,302,303,304,305,306,307,-1,308,309,310,311,312,313,314,315,-1,-1,-1,-1,-1,-1,-1,-1,-1,316,317,318,319,320,321,322,323,-1,-1,-1,-1,-1,-1,-1,-1,-1,-1,-1,-1,-1,-1,-1,-1,-1,-1,-1,-1,-1,-1,-1,-1,-1,-1,-1,-1,-1,-1,-1,-1,-1,-1,-1,-1,-1,-1,-1,-1,-1,-1,-1,-1,-1,-1,-1
A0A317T5Z6,-1,-1,-1,-1,-1,-1,-1,-1,-1,-1,-1,-1,-1,-1,-1,-1,-1,-1,-1,-1,-1,-1,-1,-1,-1,-1,-1,-1,-1,-1,-1,-1,-1,-1,-1,-1,-1,-1,-1,-1,-1,-1,-1,-1,-1,-1,-1,-1,-1,-1,-1,-1,-1,-1,-1,-1,-1,-1,-1,-1,-1,-1,-1,-1,-1,-1,-1,-1,-1,-1,-1,-1,-1,-1,-1,-1,-1,-1,-1,-1,-1,-1,-1,-1,-1,-1,-1,-1,-1,-1,-1,-1,-1,-1,-1,-1,-1,-1,-1,-1,-1,-1,-1,-1,-1,-1,-1,-1,-1,-1,-1,-1,-1,-1,-1,-1,-1,-1,-1,-1,-1,-1,-1,-1,-1,-1,-1,-1,-1,-1,0,1,2,-1,3,4,5,6,7,-1,8,9,10,11,12,13,14,15,16,17,18,19,20,21,22,23,24,25,-1,26,27,-1,28,29,30,31,32,33,34,35,36,37,38,39,40,41,42,43,44,45,46,47,-1,-1,-1,-1,-1,-1,-1,-1,-1,-1,-1,48,49,50,51,52,53,54,55,56,57,58,59,60,61,62,63,64,65,-1,-1,-1,-1,-1,-1,66,67,68,69,70,71,72,73,74,75,76,77,78,79,80,81,82,83,84,85,86,87,88,89,90,91,92,93,94,95,96,97,-1,98,99,100,-1,101,102,103,104,-1,-1,-1,105,106,-1,-1,-1,-1,-1,-1,-1,-1,-1,-1,-1,107,108,109,110,111,-1,112,113,114,115,116,117,118,119,120,121,122,123,124,125,126,127,128,129,130,131,132,133,134,135,136,137,138,139,140,141,142,143,144,145,146,147,148,149,-1,-1,-1,-1,-1,-1,-1,-1,-1,-1,-1,-1,-1,-1,-1,-1,-1,-1,-1,-1,-1,-1,-1,-1,-1,-1,-1,-1,-1,-1,-1,150,151,152,153,154,155,156,157,158,159,160,161,162,163,164,165,166,167,168,169,170,171,-1,172,173,-1,-1,-1,-1,174,175,176,177,178,179,-1,-1,-1,-1,-1,-1,-1,-1,-1,180,181,182,183,184,185,186,187,188,189,190,191,192,193,194,195,196,197,198,199,200,201,-1,-1,-1,202,203,204,205,-1,-1,-1,-1,-1,-1,-1,-1,-1,-1,-1,206,207,208,209,210,211,212,213,214,215,-1,-1,-1,-1,-1,-1,-1,-1,-1,-1,-1,-1,-1,-1,-1,-1,-1,-1,-1,216,217,218,219,220,221,222,223,-1,-1,-1,-1,-1,-1,224,225,226,227,228,229,-1,-1,230,231,232,233,234,235,236,237,238,239,240,241,242,243,244,245,246,247,-1,-1,-1,-1,-1,-1,-1,-1,-1,-1,-1,-1,-1,-1,-1,-1,-1,248,249,250,251,252,-1,253,254,255,256,257,258,259,260,261,-1,262,263,264,265,266,267,268,269,270,271,272,-1,-1,273,274,275,276,277,278,-1,279,280,281,282,283,-1,-1,-1,-1,-1,-1,-1,-1,284,285,286,287,288,289,290,291,292,-1,-1,-1,-1,-1,-1,-1,-1,-1,-1,-1,293,294,295,296,297,298,299,300,-1,-1,-1,301,302,303,304,305,306,307,308,309,-1,310,311,312,313,314,315,316,317,318,319,320,321,322,323,324,325,326,327,328,329,330,331,332,333,334,-1,-1,-1,-1,-1,-1,-1,-1,-1,335,336,337,338,339,340,341,342,343,344,345,346,-1,-1,-1,-1,-1,-1,-1,-1,-1,-1,-1,-1,-1,-1,-1,-1,-1,-1,-1,-1,-1,-1,-1,-1,-1,-1,-1,-1,-1,-1,-1,-1,-1,-1,-1,-1,-1,-1,-1,-1,-1,-1,-1
A0A349QN89,-1,-1,-1,-1,-1,-1,-1,-1,-1,-1,-1,-1,-1,-1,-1,-1,-1,-1,-1,-1,-1,-1,0,1,-1,-1,-1,-1,-1,-1,-1,-1,-1,-1,-1,-1,-1,-1,-1,-1,-1,-1,-1,-1,-1,-1,-1,-1,-1,-1,-1,-1,-1,-1,-1,-1,-1,-1,-1,-1,-1,-1,-1,-1,-1,-1,-1,-1,-1,-1,-1,-1,-1,-1,-1,-1,-1,-1,-1,-1,-1,-1,-1,-1,-1,-1,-1,-1,-1,-1,-1,-1,-1,-1,-1,-1,-1,-1,-1,-1,-1,-1,-1,-1,-1,-1,-1,-1,-1,-1,-1,-1,-1,-1,-1,-1,-1,-1,-1,-1,-1,-1,-1,-1,-1,-1,-1,-1,2,3,4,5,6,-1,7,8,9,10,11,-1,12,13,14,-1,-1,-1,-1,-1,15,16,17,18,19,20,21,22,23,24,-1,25,26,-1,27,28,29,30,31,32,33,34,35,36,37,38,39,40,41,42,43,-1,-1,-1,-1,-1,-1,-1,44,45,-1,-1,-1,-1,-1,-1,-1,-1,-1,46,47,48,49,50,51,52,53,54,55,56,57,58,59,-1,-1,-1,-1,-1,-1,60,61,62,-1,-1,-1,-1,-1,-1,63,64,65,66,67,68,69,70,71,72,73,74,75,76,77,78,79,80,81,82,83,84,85,86,87,88,89,-1,90,91,92,-1,-1,-1,-1,93,94,-1,-1,-1,-1,-1,-1,-1,-1,-1,-1,-1,95,96,97,98,99,-1,100,101,102,103,104,105,106,107,108,109,110,111,112,113,114,115,116,117,118,119,120,121,122,123,124,-1,-1,125,126,127,128,129,130,131,132,133,134,135,-1,136,137,-1,-1,-1,-1,-1,-1,-1,-1,-1,-1,-1,-1,-1,-1,-1,-1,-1,-1,-1,-1,-1,-1,-1,-1,-1,-1,-1,-1,138,139,140,141,142,143,144,145,146,147,148,149,-1,150,151,152,153,154,155,156,157,158,-1,159,160,-1,-1,-1,-1,161,162,163,164,165,166,-1,-1,-1,-1,-1,-1,-1,-1,-1,167,168,169,170,171,172,173,174,175,176,177,178,179,180,181,182,183,184,185,186,-1,-1,-1,-1,-1,187,188,189,190,-1,-1,-1,-1,-1,-1,-1,-1,-1,-1,-1,191,192,193,194,195,196,197,198,199,200,-1,-1,-1,201,202,203,204,205,206,-1,-1,-1,-1,-1,-1,-1,-1,-1,-1,207,208,209,210,211,212,213,214,-1,-1,-1,-1,-1,-1,215,216,217,218,219,220,-1,-1,221,222,223,224,225,226,227,228,229,230,231,232,233,234,235,236,-1,-1,-1,-1,-1,-1,-1,-1,-1,-1,-1,-1,-1,-1,-1,-1,-1,-1,-1,237,238,239,240,241,-1,242,243,244,245,246,247,248,249,250,-1,251,252,253,254,255,256,257,258,259,260,261,-1,-1,262,263,264,265,266,267,-1,268,-1,269,270,271,-1,-1,-1,-1,-1,-1,-1,-1,-1,-1,272,273,274,275,276,277,278,-1,-1,-1,-1,-1,-1,-1,-1,-1,-1,-1,279,280,281,282,283,284,285,286,-1,-1,-1,287,288,289,290,291,292,293,294,295,-1,296,297,298,299,300,301,302,303,304,305,306,307,308,309,310,311,-1,312,313,314,315,316,317,318,319,-1,-1,-1,-1,-1,-1,-1,-1,-1,320,321,322,323,324,325,326,327,-1,-1,-1,-1,-1,-1,-1,-1,-1,-1,-1,-1,-1,-1,-1,-1,-1,-1,-1,-1,-1,-1,-1,-1,-1,-1,-1,-1,-1,-1,-1,-1,-1,-1,-1,-1,-1,-1,-1,-1,-1,-1,-1,-1,-1,-1,-1
A0A350RPF7,-1,-1,-1,-1,-1,-1,-1,-1,-1,-1,-1,-1,-1,-1,-1,-1,-1,-1,-1,-1,-1,-1,-1,-1,-1,-1,-1,-1,-1,-1,-1,-1,-1,-1,-1,-1,-1,-1,-1,-1,-1,-1,-1,-1,-1,-1,-1,-1,-1,-1,-1,-1,-1,-1,-1,-1,-1,-1,-1,-1,-1,-1,-1,-1,-1,-1,-1,-1,-1,-1,-1,-1,-1,-1,-1,-1,-1,-1,-1,-1,-1,-1,-1,-1,-1,-1,-1,-1,-1,-1,-1,-1,-1,-1,-1,-1,-1,-1,-1,-1,-1,-1,-1,-1,-1,-1,-1,-1,-1,-1,-1,-1,-1,-1,-1,-1,-1,-1,-1,-1,-1,-1,-1,-1,-1,-1,-1,-1,-1,-1,0,1,2,-1,3,4,5,6,7,-1,8,9,10,-1,-1,-1,-1,-1,11,12,13,14,15,16,17,18,19,20,-1,21,22,-1,23,24,25,26,27,28,29,30,31,32,33,34,35,36,37,38,39,-1,-1,-1,-1,-1,-1,-1,40,41,-1,-1,-1,-1,-1,-1,-1,-1,-1,42,43,44,45,46,47,48,49,50,51,52,53,54,55,-1,-1,-1,-1,-1,-1,56,57,58,-1,-1,-1,-1,-1,-1,59,60,61,62,63,64,65,66,67,68,69,70,71,72,73,74,75,76,77,78,79,80,81,82,83,84,85,-1,86,87,88,-1,-1,-1,-1,89,90,-1,-1,-1,-1,-1,-1,-1,-1,-1,-1,-1,91,92,93,94,95,-1,96,97,98,99,100,101,102,103,104,105,106,107,108,109,110,111,112,113,114,115,116,117,118,119,120,-1,-1,121,122,123,124,125,126,127,128,129,130,131,-1,132,133,-1,-1,-1,-1,-1,-1,-1,-1,-1,-1,-1,-1,-1,-1,-1,-1,-1,-1,-1,-1,-1,-1,-1,-1,-1,-1,-1,-1,134,135,136,137,138,139,140,141,142,143,144,145,-1,146,147,148,149,150,151,152,153,154,-1,155,156,-1,-1,-1,-1,157,158,159,160,161,162,-1,-1,-1,-1,-1,-1,-1,-1,-1,163,164,165,166,167,168,169,170,171,172,173,174,175,176,177,178,179,180,181,182,-1,-1,-1,-1,-1,183,184,185,186,-1,-1,-1,-1,-1,-1,-1,-1,-1,-1,-1,187,188,189,190,191,192,193,194,195,196,-1,-1,-1,197,198,199,200,201,202,-1,-1,-1,-1,-1,-1,-1,-1,-1,-1,203,204,205,206,207,208,209,210,-1,-1,-1,-1,-1,-1,211,212,213,214,215,216,-1,-1,217,218,219,220,221,222,223,224,225,226,227,228,229,230,231,232,-1,-1,-1,-1,-1,-1,-1,-1,-1,-1,-1,-1,-1,-1,-1,-1,-1,-1,-1,233,234,235,236,237,-1,238,239,240,241,242,243,244,245,246,-1,247,248,249,250,251,252,253,254,255,256,257,-1,-1,258,259,260,261,262,263,-1,264,-1,265,266,267,-1,-1,-1,-1,-1,-1,-1,-1,-1,-1,268,269,270,271,272,273,274,-1,-1,-1,-1,-1,-1,-1,-1,-1,-1,-1,275,276,277,278,279,280,281,282,-1,-1,-1,283,284,285,286,287,288,289,290,291,-1,292,293,294,295,296,297,298,299,300,301,302,303,304,305,306,307,-1,308,309,310,311,312,313,314,315,-1,-1,-1,-1,-1,-1,-1,-1,-1,316,317,-1,318,319,320,321,322,-1,-1,-1,-1,-1,-1,-1,-1,-1,-1,-1,-1,-1,-1,-1,-1,-1,-1,-1,-1,-1,-1,-1,-1,-1,-1,-1,-1,-1,-1,-1,-1,-1,-1,-1,-1,-1,-1,-1,-1,-1,-1,-1,-1,-1,-1,-1
A0A350THC0,-1,-1,-1,-1,-1,-1,-1,-1,-1,-1,-1,-1,-1,-1,-1,-1,-1,-1,-1,-1,-1,-1,-1,-1,-1,-1,-1,-1,-1,-1,-1,-1,-1,-1,-1,-1,-1,-1,-1,-1,-1,-1,-1,-1,-1,-1,-1,-1,-1,-1,-1,-1,-1,-1,-1,-1,-1,-1,-1,-1,-1,-1,-1,-1,-1,-1,-1,-1,-1,-1,-1,-1,-1,-1,-1,-1,-1,-1,-1,-1,-1,-1,-1,-1,-1,-1,-1,-1,-1,-1,-1,-1,-1,-1,-1,-1,-1,-1,-1,-1,-1,-1,-1,-1,-1,-1,-1,-1,-1,-1,-1,-1,-1,-1,-1,-1,-1,-1,-1,-1,-1,-1,-1,-1,-1,-1,-1,-1,-1,-1,0,1,2,-1,3,4,5,6,7,-1,8,9,10,-1,-1,-1,-1,-1,11,12,13,14,15,16,17,18,19,20,-1,21,22,-1,23,24,25,26,27,28,29,30,31,32,33,34,35,36,37,38,39,-1,-1,-1,-1,-1,-1,-1,40,41,-1,-1,-1,-1,-1,-1,-1,-1,-1,42,43,44,45,46,47,48,49,50,51,52,53,54,55,-1,-1,-1,-1,-1,-1,56,57,58,-1,-1,-1,-1,-1,-1,59,60,61,62,63,64,65,66,67,68,69,70,71,72,73,74,75,76,77,78,79,80,81,82,83,84,85,-1,86,87,88,-1,-1,-1,-1,89,90,-1,-1,-1,-1,-1,-1,-1,-1,-1,-1,-1,91,92,93,94,95,-1,96,97,98,99,100,101,102,103,104,105,106,107,108,109,110,111,112,113,114,115,116,117,118,119,120,-1,-1,121,122,123,124,125,126,127,128,129,130,131,-1,132,133,-1,-1,-1,-1,-1,-1,-1,-1,-1,-1,-1,-1,-1,-1,-1,-1,-1,-1,-1,-1,-1,-1,-1,-1,-1,-1,-1,-1,134,135,136,137,138,139,140,141,142,143,144,145,-1,146,147,148,149,150,151,152,153,154,-1,155,156,-1,-1,-1,-1,157,158,159,160,161,162,-1,-1,-1,-1,-1,-1,-1,-1,-1,163,164,165,166,167,168,169,170,171,172,173,174,175,176,177,178,179,180,181,182,-1,-1,-1,-1,-1,183,184,185,186,-1,-1,-1,-1,-1,-1,-1,-1,-1,-1,-1,187,188,189,190,191,192,193,194,195,196,-1,-1,-1,197,198,199,200,201,202,-1,-1,-1,-1,-1,-1,-1,-1,-1,-1,203,204,205,206,207,208,209,210,-1,-1,-1,-1,-1,-1,211,212,213,214,215,216,-1,-1,217,218,219,220,221,222,223,224,225,226,227,228,229,230,231,232,-1,-1,-1,-1,-1,-1,-1,-1,-1,-1,-1,-1,-1,-1,-1,-1,-1,-1,-1,233,234,235,236,237,-1,238,239,240,241,242,243,244,245,246,-1,247,248,249,250,251,252,253,254,255,256,257,-1,-1,258,259,260,261,262,263,-1,264,-1,265,266,267,-1,-1,-1,-1,-1,-1,-1,-1,-1,-1,268,269,270,271,272,273,274,-1,-1,-1,-1,-1,-1,-1,-1,-1,-1,-1,275,276,277,278,279,280,281,282,-1,-1,-1,283,284,285,286,287,288,289,290,291,-1,292,293,294,295,296,297,298,299,300,301,302,303,304,305,306,307,-1,308,309,310,311,312,313,314,315,-1,-1,-1,-1,-1,-1,-1,-1,-1,316,317,318,319,320,321,322,323,-1,-1,-1,-1,-1,-1,-1,-1,-1,-1,-1,-1,-1,-1,-1,-1,-1,-1,-1,-1,-1,-1,-1,-1,-1,-1,-1,-1,-1,-1,-1,-1,-1,-1,-1,-1,-1,-1,-1,-1,-1,-1,-1,-1,-1,-1,-1
A0A357TLK7,-1,-1,-1,-1,-1,-1,-1,-1,-1,-1,-1,-1,-1,-1,-1,-1,-1,-1,-1,-1,-1,-1,-1,-1,-1,-1,-1,-1,-1,-1,-1,-1,-1,-1,0,1,2,3,4,5,6,7,8,9,10,11,12,13,14,15,16,17,18,19,20,21,22,23,24,25,26,27,28,29,30,31,32,33,34,35,36,37,38,39,40,41,-1,42,43,44,45,46,47,48,49,50,51,52,53,54,55,56,57,58,59,60,61,-1,62,63,64,65,66,67,68,69,70,71,72,73,74,75,76,77,78,79,80,81,82,83,-1,84,85,86,87,88,89,90,91,92,93,94,95,-1,96,97,98,99,100,-1,101,102,103,104,105,-1,-1,-1,106,107,108,109,110,111,112,113,114,115,-1,116,117,118,119,120,121,122,123,124,125,126,127,128,129,130,131,132,133,134,135,-1,-1,-1,-1,-1,-1,-1,-1,-1,-1,-1,-1,-1,-1,-1,-1,-1,-1,-1,-1,-1,136,137,138,139,140,141,142,143,144,145,146,-1,-1,147,148,149,150,151,152,153,154,155,156,157,158,159,160,161,162,163,164,165,166,167,168,169,170,171,172,173,174,175,176,177,178,179,180,181,182,183,184,185,186,-1,187,-1,-1,-1,-1,-1,-1,188,189,-1,-1,-1,-1,-1,-1,-1,-1,-1,-1,-1,190,191,192,193,194,-1,195,196,197,198,199,200,201,202,203,204,205,206,207,208,209,210,211,212,213,214,215,216,217,218,219,-1,-1,220,221,222,223,224,225,226,-1,-1,-1,-1,-1,-1,-1,-1,-1,-1,-1,-1,-1,-1,-1,-1,-1,-1,-1,-1,-1,-1,-1,-1,-1,-1,-1,-1,-1,-1,-1,-1,-1,-1,-1,227,228,229,230,231,232,233,234,235,236,237,238,239,240,241,242,243,244,245,246,247,248,-1,249,250,251,252,253,254,255,256,257,258,259,260,261,262,-1,-1,-1,-1,-1,-1,-1,-1,-1,-1,-1,263,264,265,-1,-1,-1,-1,-1,-1,-1,-1,-1,-1,-1,-1,-1,-1,-1,-1,-1,-1,266,267,268,269,-1,-1,-1,-1,-1,-1,-1,-1,-1,-1,-1,-1,-1,-1,-1,-1,-1,-1,-1,-1,-1,-1,270,271,272,273,274,275,276,277,-1,-1,-1,-1,-1,-1,-1,-1,-1,-1,278,279,280,281,282,283,284,-1,-1,-1,-1,-1,-1,-1,-1,-1,-1,-1,-1,-1,-1,-1,-1,285,286,287,288,289,290,291,292,293,294,295,296,297,298,299,-1,-1,-1,-1,-1,-1,-1,-1,300,-1,-1,-1,-1,-1,-1,-1,-1,-1,-1,-1,-1,-1,-1,-1,-1,301,302,303,304,305,306,307,308,309,-1,310,311,312,313,314,315,316,317,318,319,-1,-1,-1,-1,-1,-1,-1,320,321,322,323,-1,324,325,326,-1,-1,-1,-1,-1,-1,-1,-1,-1,-1,327,328,329,330,331,332,333,-1,-1,-1,-1,-1,-1,-1,-1,-1,-1,-1,334,335,336,337,338,339,340,341,342,343,344,345,346,347,348,349,350,351,352,353,-1,-1,-1,-1,-1,-1,-1,-1,-1,-1,-1,-1,-1,-1,-1,-1,-1,-1,354,355,-1,356,357,358,359,360,361,362,363,-1,-1,-1,-1,-1,-1,364,365,366,367,368,-1,-1,-1,-1,-1,-1,-1,-1,-1,-1,-1,-1,-1,-1,-1,-1,-1,-1,-1,-1,-1,-1,-1,-1,-1,-1,-1,-1,-1,-1,-1,-1,-1,-1,-1,-1,-1,-1,-1,-1,-1,-1,-1,-1,-1,-1,-1,-1,-1,-1
A0A357TN00,-1,-1,-1,-1,-1,-1,-1,-1,-1,-1,-1,-1,-1,-1,-1,-1,-1,-1,-1,-1,-1,-1,-1,-1,-1,-1,-1,-1,-1,-1,-1,-1,-1,-1,-1,-1,-1,-1,-1,-1,-1,-1,-1,-1,-1,-1,-1,-1,-1,-1,-1,-1,-1,-1,-1,-1,-1,-1,-1,-1,-1,-1,-1,-1,-1,-1,-1,-1,-1,-1,-1,-1,-1,-1,-1,-1,-1,-1,-1,-1,-1,-1,-1,-1,-1,-1,-1,-1,-1,-1,-1,-1,-1,-1,-1,-1,-1,-1,-1,-1,-1,-1,-1,-1,-1,-1,-1,-1,-1,-1,-1,-1,-1,-1,-1,-1,-1,-1,-1,-1,-1,-1,-1,-1,-1,-1,-1,-1,-1,-1,0,1,2,-1,3,4,5,6,7,-1,8,9,10,-1,-1,-1,-1,-1,11,12,13,14,15,16,17,18,19,20,-1,21,22,-1,23,24,25,26,27,28,29,30,31,32,33,34,35,36,37,38,39,-1,-1,-1,-1,-1,-1,-1,40,41,-1,-1,-1,-1,-1,-1,-1,-1,-1,42,43,44,45,46,47,48,49,50,51,52,53,54,55,-1,-1,-1,-1,-1,-1,56,57,58,-1,-1,-1,-1,-1,-1,59,60,61,62,63,64,65,66,67,68,69,70,71,72,73,74,75,76,77,78,79,80,81,82,83,84,85,-1,86,87,88,-1,-1,-1,-1,89,90,-1,-1,-1,-1,-1,-1,-1,-1,-1,-1,-1,91,92,93,94,95,-1,96,97,98,99,100,101,102,103,104,105,106,107,108,109,110,111,112,113,114,115,116,117,118,119,120,-1,-1,121,122,123,124,125,126,127,128,129,130,131,-1,132,133,-1,-1,-1,-1,-1,-1,-1,-1,-1,-1,-1,-1,-1,-1,-1,-1,-1,-1,-1,-1,-1,-1,-1,-1,-1,-1,-1,-1,134,135,136,137,138,139,140,141,142,143,144,145,-1,146,147,148,149,150,151,152,153,154,-1,155,156,-1,-1,-1,-1,157,158,159,160,161,162,-1,-1,-1,-1,-1,-1,-1,-1,-1,163,164,165,166,167,168,169,170,171,172,173,174,175,176,177,178,179,180,181,182,-1,-1,-1,-1,-1,183,184,185,186,-1,-1,-1,-1,-1,-1,-1,-1,-1,-1,-1,187,188,189,190,191,192,193,194,195,196,-1,-1,-1,197,198,199,200,201,202,-1,-1,-1,-1,-1,-1,-1,-1,-1,-1,203,204,205,206,207,208,209,210,-1,-1,-1,-1,-1,-1,211,212,213,214,215,216,-1,-1,217,218,219,220,221,222,223,224,225,226,227,228,229,230,231,232,-1,-1,-1,-1,-1,-1,-1,-1,-1,-1,-1,-1,-1,-1,-1,-1,-1,-1,-1,233,234,235,236,237,-1,238,239,240,241,242,243,244,245,246,-1,247,248,249,250,251,252,253,254,255,256,257,-1,-1,258,259,260,261,262,263,-1,264,-1,265,266,267,-1,-1,-1,-1,-1,-1,-1,-1,-1,-1,268,269,270,271,272,273,274,-1,-1,-1,-1,-1,-1,-1,-1,-1,-1,-1,275,276,277,278,279,280,281,282,-1,-1,-1,283,284,285,286,287,288,289,290,291,-1,292,293,294,295,296,297,298,299,300,301,302,303,304,305,306,307,-1,308,309,310,311,312,313,314,315,-1,-1,-1,-1,-1,-1,-1,-1,-1,316,317,318,319,320,321,322,323,-1,-1,-1,-1,-1,-1,-1,-1,-1,-1,-1,-1,-1,-1,-1,-1,-1,-1,-1,-1,-1,-1,-1,-1,-1,-1,-1,-1,-1,-1,-1,-1,-1,-1,-1,-1,-1,-1,-1,-1,-1,-1,-1,-1,-1,-1,-1
A0A358VEZ8,-1,-1,-1,-1,-1,-1,-1,-1,-1,-1,-1,-1,-1,-1,-1,-1,-1,-1,-1,-1,-1,-1,-1,-1,-1,-1,-1,-1,-1,-1,-1,-1,-1,-1,-1,-1,-1,-1,-1,-1,-1,-1,-1,-1,-1,-1,-1,-1,-1,-1,-1,-1,-1,-1,-1,-1,-1,-1,-1,-1,-1,-1,-1,-1,-1,-1,-1,-1,-1,-1,-1,-1,-1,-1,-1,-1,-1,-1,-1,-1,-1,-1,-1,-1,-1,-1,-1,-1,-1,-1,-1,-1,-1,-1,-1,-1,-1,-1,-1,-1,-1,-1,-1,-1,-1,-1,-1,-1,-1,-1,-1,-1,-1,-1,-1,-1,-1,-1,-1,-1,-1,-1,-1,-1,-1,-1,-1,-1,-1,-1,0,1,2,-1,3,4,5,6,7,-1,8,9,10,-1,-1,-1,-1,-1,11,12,13,14,15,16,17,18,19,20,-1,21,22,-1,23,24,25,26,27,28,29,30,31,32,33,34,35,36,37,38,39,-1,-1,-1,-1,-1,-1,-1,40,41,-1,-1,-1,-1,-1,-1,-1,-1,-1,42,43,44,45,46,47,48,49,50,51,52,53,54,55,-1,-1,-1,-1,-1,-1,56,57,58,-1,-1,-1,-1,-1,-1,59,60,61,62,63,64,65,66,67,68,69,70,71,72,73,74,75,76,77,78,79,80,81,82,83,84,85,-1,86,87,88,-1,-1,-1,-1,89,90,-1,-1,-1,-1,-1,-1,-1,-1,-1,-1,-1,91,92,93,94,95,-1,96,97,98,99,100,101,102,103,104,105,106,107,108,109,110,111,112,113,114,115,116,117,118,119,120,-1,-1,121,122,123,124,125,126,127,128,129,130,131,-1,132,133,-1,-1,-1,-1,-1,-1,-1,-1,-1,-1,-1,-1,-1,-1,-1,-1,-1,-1,-1,-1,-1,-1,-1,-1,-1,-1,-1,-1,134,135,136,137,138,139,140,141,142,143,144,145,-1,146,147,148,149,150,151,152,153,154,-1,155,156,-1,-1,-1,-1,157,158,159,160,161,162,-1,-1,-1,-1,-1,-1,-1,-1,-1,163,164,165,166,167,168,169,170,171,172,173,174,175,176,177,178,179,180,181,182,-1,-1,-1,-1,-1,183,184,185,186,-1,-1,-1,-1,-1,-1,-1,-1,-1,-1,-1,187,188,189,190,191,192,193,194,195,196,-1,-1,-1,197,198,199,200,201,202,-1,-1,-1,-1,-1,-1,-1,-1,-1,-1,203,204,205,206,207,208,209,210,-1,-1,-1,-1,-1,-1,211,212,213,214,215,216,-1,-1,217,218,219,220,221,222,223,224,225,226,227,228,229,230,231,232,-1,-1,-1,-1,-1,-1,-1,-1,-1,-1,-1,-1,-1,-1,-1,-1,-1,-1,-1,233,234,235,236,237,-1,238,239,240,241,242,243,244,245,246,-1,247,248,249,250,251,252,253,254,255,256,257,-1,-1,258,259,260,261,262,263,-1,264,-1,265,266,267,-1,-1,-1,-1,-1,-1,-1,-1,-1,-1,268,269,270,271,272,273,274,-1,-1,-1,-1,-1,-1,-1,-1,-1,-1,-1,275,276,277,278,279,280,281,282,-1,-1,-1,283,284,285,286,287,288,289,290,291,-1,292,293,294,295,296,297,298,299,300,301,302,303,304,305,306,307,-1,308,309,310,311,312,313,314,315,-1,-1,-1,-1,-1,-1,-1,-1,-1,316,317,318,319,320,321,322,323,-1,-1,-1,-1,-1,-1,-1,-1,-1,-1,-1,-1,-1,-1,-1,-1,-1,-1,-1,-1,-1,-1,-1,-1,-1,-1,-1,-1,-1,-1,-1,-1,-1,-1,-1,-1,-1,-1,-1,-1,-1,-1,-1,-1,-1,-1,-1
A0A373HJM3,-1,-1,-1,-1,-1,-1,-1,-1,-1,-1,-1,-1,-1,-1,-1,-1,-1,-1,-1,-1,-1,-1,-1,-1,-1,-1,-1,-1,-1,-1,-1,-1,-1,-1,-1,-1,-1,-1,-1,-1,-1,-1,-1,-1,-1,-1,-1,-1,-1,-1,-1,-1,-1,-1,-1,-1,-1,-1,-1,-1,-1,-1,-1,-1,-1,-1,-1,-1,-1,-1,-1,-1,-1,-1,-1,-1,-1,-1,-1,-1,-1,-1,-1,-1,-1,-1,-1,-1,-1,-1,-1,-1,-1,-1,-1,-1,-1,-1,-1,-1,-1,-1,-1,-1,-1,-1,-1,-1,-1,-1,-1,-1,-1,-1,-1,-1,-1,-1,-1,-1,-1,-1,-1,-1,-1,-1,-1,-1,-1,-1,0,1,2,-1,3,4,5,6,7,-1,8,9,10,-1,-1,-1,-1,-1,11,12,13,14,15,16,17,18,19,20,-1,21,22,-1,23,24,25,26,27,28,29,30,31,32,33,34,35,36,37,38,39,-1,-1,-1,-1,-1,-1,-1,40,41,-1,-1,-1,-1,-1,-1,-1,-1,-1,42,43,44,45,46,47,48,49,50,51,52,53,54,55,-1,-1,-1,-1,-1,-1,56,57,58,-1,-1,-1,-1,-1,-1,59,60,61,62,63,64,65,66,67,68,69,70,71,72,73,74,75,76,77,78,79,80,81,82,83,84,85,-1,86,87,88,-1,-1,-1,-1,89,90,-1,-1,-1,-1,-1,-1,-1,-1,-1,-1,-1,91,92,93,94,95,-1,96,97,98,99,100,101,102,103,104,105,106,107,108,109,110,111,112,113,114,115,116,117,118,119,120,-1,-1,121,122,123,124,125,126,127,128,129,130,131,-1,132,133,-1,-1,-1,-1,-1,-1,-1,-1,-1,-1,-1,-1,-1,-1,-1,-1,-1,-1,-1,-1,-1,-1,-1,-1,-1,-1,-1,-1,134,135,136,137,138,139,140,141,142,143,144,145,-1,146,147,148,149,150,151,152,153,154,-1,155,156,-1,-1,-1,-1,157,158,159,160,161,162,-1,-1,-1,-1,-1,-1,-1,-1,-1,163,164,165,166,167,168,169,170,171,172,173,174,175,176,177,178,179,180,181,182,-1,-1,-1,-1,-1,183,184,185,186,-1,-1,-1,-1,-1,-1,-1,-1,-1,-1,-1,187,188,189,190,191,192,193,194,195,196,-1,-1,-1,197,198,199,200,201,202,-1,-1,-1,-1,-1,-1,-1,-1,-1,-1,203,204,205,206,207,208,209,210,-1,-1,-1,-1,-1,-1,211,212,213,214,215,216,-1,-1,217,218,219,220,221,222,223,224,225,226,227,228,229,230,231,232,-1,-1,-1,-1,-1,-1,-1,-1,-1,-1,-1,-1,-1,-1,-1,-1,-1,-1,-1,233,234,235,236,237,-1,238,239,240,241,242,243,244,245,246,-1,247,248,249,250,251,252,253,254,255,256,257,-1,-1,258,259,260,261,262,263,-1,264,-1,265,266,267,-1,-1,-1,-1,-1,-1,-1,-1,-1,-1,268,269,270,271,272,273,274,-1,-1,-1,-1,-1,-1,-1,-1,-1,-1,-1,275,276,277,278,279,280,281,282,-1,-1,-1,283,284,285,286,287,288,289,290,291,-1,292,293,294,295,296,297,298,299,300,301,302,303,304,305,306,307,-1,308,309,310,311,312,313,314,315,-1,-1,-1,-1,-1,-1,-1,-1,-1,316,317,318,319,320,321,322,323,-1,-1,-1,-1,-1,-1,-1,-1,-1,-1,-1,-1,-1,-1,-1,-1,-1,-1,-1,-1,-1,-1,-1,-1,-1,-1,-1,-1,-1,-1,-1,-1,-1,-1,-1,-1,-1,-1,-1,-1,-1,-1,-1,-1,-1,-1,-1
A0A395V718,-1,-1,-1,-1,-1,-1,-1,-1,-1,-1,-1,-1,-1,-1,-1,-1,-1,-1,-1,-1,-1,-1,-1,-1,-1,-1,-1,-1,-1,-1,-1,-1,-1,-1,-1,-1,-1,-1,-1,-1,-1,-1,-1,-1,-1,-1,-1,-1,-1,-1,-1,-1,-1,-1,-1,-1,-1,-1,-1,-1,-1,-1,-1,-1,-1,-1,-1,-1,-1,-1,-1,-1,-1,-1,-1,-1,-1,-1,-1,-1,-1,-1,-1,-1,-1,-1,-1,-1,-1,-1,-1,-1,-1,-1,-1,-1,-1,-1,-1,-1,-1,-1,-1,-1,-1,-1,-1,-1,-1,-1,-1,-1,-1,-1,-1,-1,-1,-1,-1,-1,-1,-1,-1,-1,-1,-1,-1,-1,-1,-1,0,1,2,-1,3,4,5,6,7,-1,8,9,10,-1,-1,-1,-1,-1,11,12,13,14,15,16,17,18,19,20,-1,21,22,-1,23,24,25,26,27,28,29,30,31,32,33,34,35,36,37,38,39,-1,-1,-1,-1,-1,-1,-1,40,41,-1,-1,-1,-1,-1,-1,-1,-1,-1,42,43,44,45,46,47,48,49,50,51,52,53,54,55,-1,-1,-1,-1,-1,-1,56,57,58,-1,-1,-1,-1,-1,-1,59,60,61,62,63,64,65,66,67,68,69,70,71,72,73,74,75,76,77,78,79,80,81,82,83,84,85,-1,86,87,88,-1,-1,-1,-1,89,90,-1,-1,-1,-1,-1,-1,-1,-1,-1,-1,-1,91,92,93,94,95,-1,96,97,98,99,100,101,102,103,104,105,106,107,108,109,110,111,112,113,114,115,116,117,118,119,120,-1,-1,121,122,123,124,125,126,127,128,129,130,131,-1,132,133,-1,-1,-1,-1,-1,-1,-1,-1,-1,-1,-1,-1,-1,-1,-1,-1,-1,-1,-1,-1,-1,-1,-1,-1,-1,-1,-1,-1,134,135,136,137,138,139,140,141,142,143,144,145,-1,146,147,148,149,150,151,152,153,154,-1,155,156,-1,-1,-1,-1,157,158,159,160,161,162,-1,-1,-1,-1,-1,-1,-1,-1,-1,163,164,165,166,167,168,169,170,171,172,173,174,175,176,177,178,179,180,181,182,-1,-1,-1,-1,-1,183,184,185,186,-1,-1,-1,-1,-1,-1,-1,-1,-1,-1,-1,187,188,189,190,191,192,193,194,195,196,-1,-1,-1,197,198,199,200,201,202,-1,-1,-1,-1,-1,-1,-1,-1,-1,-1,203,204,205,206,207,208,209,210,-1,-1,-1,-1,-1,-1,211,212,213,214,215,216,-1,-1,217,218,219,220,221,222,223,224,225,226,227,228,229,230,231,232,-1,-1,-1,-1,-1,-1,-1,-1,-1,-1,-1,-1,-1,-1,-1,-1,-1,-1,-1,233,234,235,236,237,-1,238,239,240,241,242,243,244,245,246,-1,247,248,249,250,251,252,253,254,255,256,257,-1,-1,258,259,260,261,262,263,-1,264,-1,265,266,267,-1,-1,-1,-1,-1,-1,-1,-1,-1,-1,268,269,270,271,272,273,274,-1,-1,-1,-1,-1,-1,-1,-1,-1,-1,-1,275,276,277,278,279,280,281,282,-1,-1,-1,283,284,285,286,287,288,289,290,291,-1,292,293,294,295,296,297,298,299,300,301,302,303,304,305,306,307,-1,308,309,310,311,312,313,314,315,-1,-1,-1,-1,-1,-1,-1,-1,-1,316,317,318,319,320,321,322,323,324,325,326,-1,-1,-1,-1,-1,-1,-1,-1,-1,-1,-1,-1,-1,-1,-1,-1,-1,-1,-1,-1,-1,-1,-1,-1,-1,-1,-1,-1,-1,-1,-1,-1,-1,-1,-1,-1,-1,-1,-1,-1,-1,-1,-1,-1
A0A395WCM1,-1,-1,-1,-1,-1,-1,-1,-1,-1,-1,-1,-1,-1,-1,-1,-1,-1,-1,-1,-1,-1,-1,-1,-1,-1,-1,-1,-1,-1,-1,-1,-1,-1,-1,-1,-1,-1,-1,-1,-1,-1,-1,-1,-1,-1,-1,-1,-1,-1,-1,-1,-1,-1,-1,-1,-1,-1,-1,-1,-1,-1,-1,-1,-1,-1,-1,-1,-1,-1,-1,-1,-1,-1,-1,-1,-1,-1,-1,-1,-1,-1,-1,-1,-1,-1,-1,-1,-1,-1,-1,-1,-1,-1,-1,-1,-1,-1,-1,-1,-1,-1,-1,-1,-1,-1,-1,-1,-1,-1,-1,-1,-1,-1,-1,-1,-1,-1,-1,-1,-1,-1,-1,-1,-1,-1,-1,-1,-1,-1,-1,0,1,2,-1,3,4,5,6,7,-1,8,-1,-1,-1,-1,-1,-1,-1,-1,9,10,11,12,13,14,15,16,17,-1,18,19,-1,20,21,22,23,24,25,26,27,28,29,30,31,32,33,34,35,36,-1,-1,-1,-1,-1,-1,-1,37,38,-1,-1,-1,-1,-1,-1,-1,-1,-1,39,40,41,42,43,44,45,46,47,48,49,50,51,52,-1,-1,-1,-1,-1,-1,53,54,55,-1,-1,-1,-1,-1,-1,56,57,58,59,60,61,62,63,64,65,66,67,68,69,70,71,72,73,74,75,76,77,78,79,80,81,82,-1,83,84,85,-1,-1,-1,-1,86,87,-1,-1,-1,-1,-1,-1,-1,-1,-1,-1,-1,88,89,90,91,92,-1,93,94,95,96,97,98,99,100,101,102,103,104,105,106,107,108,109,110,111,112,113,114,115,116,117,-1,-1,118,119,120,121,122,123,124,125,126,127,128,-1,129,130,-1,-1,-1,-1,-1,-1,-1,-1,-1,-1,-1,-1,-1,-1,-1,-1,-1,-1,-1,-1,-1,-1,-1,-1,-1,-1,-1,-1,131,132,133,134,135,136,137,138,139,140,141,142,-1,143,144,145,146,147,148,149,150,151,-1,152,153,-1,-1,-1,-1,154,155,156,157,158,159,-1,-1,-1,-1,-1,-1,-1,-1,-1,160,161,162,163,164,165,166,167,168,169,170,171,172,173,174,175,176,177,178,179,-1,-1,-1,-1,-1,180,181,182,183,-1,-1,-1,-1,-1,-1,-1,-1,-1,-1,-1,184,185,186,187,188,189,190,191,192,193,-1,-1,-1,-1,-1,194,195,196,197,-1,-1,-1,-1,-1,-1,-1,-1,-1,-1,198,199,200,201,202,203,204,205,-1,-1,-1,-1,-1,-1,206,207,208,209,210,211,-1,-1,212,213,214,215,216,217,218,219,220,221,222,223,224,225,226,227,-1,-1,-1,-1,-1,-1,-1,-1,-1,-1,-1,-1,-1,-1,-1,-1,-1,-1,-1,228,229,230,-1,-1,-1,-1,231,232,233,234,235,236,237,238,-1,239,240,241,242,243,244,245,246,247,248,249,-1,-1,250,251,252,253,254,255,-1,256,-1,257,258,259,-1,-1,-1,-1,-1,-1,-1,-1,-1,-1,260,261,262,263,264,265,266,-1,-1,-1,-1,-1,-1,-1,-1,-1,-1,-1,267,268,269,270,271,272,273,274,-1,-1,-1,275,276,277,278,279,280,281,282,283,-1,284,285,286,287,288,289,290,291,292,293,294,295,296,297,298,299,-1,300,301,302,303,304,305,306,307,-1,-1,-1,-1,-1,-1,-1,-1,-1,308,309,310,311,312,313,314,315,-1,-1,-1,-1,-1,-1,-1,-1,-1,-1,-1,-1,-1,-1,-1,-1,-1,-1,-1,-1,-1,-1,-1,-1,-1,-1,-1,-1,-1,-1,-1,-1,-1,-1,-1,-1,-1,-1,-1,-1,-1,-1,-1,-1,-1,-1,-1
A0A396KEZ6,-1,-1,-1,-1,-1,-1,-1,-1,-1,-1,-1,-1,-1,-1,-1,-1,-1,-1,-1,-1,-1,-1,-1,-1,-1,-1,-1,-1,-1,-1,-1,-1,-1,-1,-1,-1,-1,-1,-1,-1,-1,-1,-1,-1,-1,-1,-1,-1,-1,-1,-1,-1,-1,-1,-1,-1,-1,-1,-1,-1,-1,-1,-1,-1,-1,-1,-1,-1,-1,-1,-1,-1,-1,-1,-1,-1,-1,-1,-1,-1,-1,-1,-1,-1,-1,-1,-1,-1,-1,-1,-1,-1,-1,-1,-1,-1,-1,-1,-1,-1,-1,-1,-1,-1,-1,-1,-1,-1,-1,-1,-1,-1,-1,-1,-1,-1,-1,-1,-1,-1,-1,-1,-1,-1,-1,-1,-1,-1,-1,-1,0,1,2,-1,3,4,5,6,7,-1,8,9,10,-1,-1,-1,-1,-1,11,12,13,14,15,16,17,18,19,20,-1,21,22,-1,23,24,25,26,27,28,29,30,31,32,33,34,35,36,37,38,39,-1,-1,-1,-1,-1,-1,-1,40,41,-1,-1,-1,-1,-1,-1,-1,-1,-1,42,43,44,45,46,47,48,49,50,51,52,53,54,55,-1,-1,-1,-1,-1,-1,56,57,58,-1,-1,-1,-1,-1,-1,59,60,61,62,63,64,65,66,67,68,69,70,71,72,73,74,75,76,77,78,79,80,81,82,83,84,85,-1,86,87,88,89,90,-1,-1,91,92,-1,-1,-1,-1,-1,-1,-1,-1,-1,-1,-1,93,94,95,96,97,-1,98,99,100,101,102,103,104,105,106,107,108,109,110,111,112,113,114,115,116,117,118,119,120,121,122,-1,-1,123,124,125,126,127,128,129,130,131,132,133,-1,134,135,-1,-1,-1,-1,-1,-1,-1,-1,-1,-1,-1,-1,-1,-1,-1,-1,-1,-1,-1,-1,-1,-1,-1,-1,-1,-1,-1,-1,136,137,138,139,140,141,142,143,144,145,146,147,-1,148,149,150,151,152,153,154,155,156,-1,157,158,-1,-1,-1,-1,159,160,161,162,163,164,-1,-1,-1,-1,-1,-1,-1,-1,-1,165,166,167,168,169,170,171,172,173,174,175,176,177,178,179,180,181,182,183,184,-1,-1,-1,-1,-1,185,186,187,188,-1,-1,-1,-1,-1,-1,-1,-1,-1,-1,-1,189,190,191,192,193,194,195,196,197,198,-1,-1,-1,199,200,201,202,203,204,-1,-1,-1,-1,-1,-1,-1,-1,-1,-1,205,206,207,208,209,210,211,212,-1,-1,-1,-1,-1,-1,213,214,215,216,217,218,-1,-1,219,220,221,222,223,224,225,226,227,228,229,230,231,232,233,234,-1,-1,-1,-1,-1,-1,-1,-1,-1,-1,-1,-1,-1,-1,-1,-1,-1,-1,-1,235,236,237,238,239,-1,240,241,242,243,244,245,246,247,248,-1,249,250,251,252,253,254,255,256,257,258,259,-1,-1,260,261,262,263,264,265,-1,266,-1,267,268,269,-1,-1,-1,-1,-1,-1,-1,-1,-1,-1,270,271,272,273,274,275,276,-1,-1,-1,-1,-1,-1,-1,-1,-1,-1,-1,277,278,279,280,281,282,283,284,-1,-1,-1,285,286,287,288,289,290,291,292,293,-1,294,295,296,297,298,299,300,301,302,303,304,305,306,307,308,309,-1,310,311,312,313,314,315,316,317,-1,-1,-1,-1,-1,-1,-1,-1,-1,318,319,320,321,322,323,324,325,-1,-1,-1,-1,-1,-1,-1,-1,-1,-1,-1,-1,-1,-1,-1,-1,-1,-1,-1,-1,-1,-1,-1,-1,-1,-1,-1,-1,-1,-1,-1,-1,-1,-1,-1,-1,-1,-1,-1,-1,-1,-1,-1,-1,-1,-1,-1
A0A3D0HN78,-1,-1,-1,-1,-1,-1,-1,-1,-1,-1,-1,-1,-1,-1,-1,-1,-1,-1,-1,-1,-1,-1,-1,-1,-1,-1,-1,-1,-1,-1,-1,-1,-1,-1,-1,-1,-1,-1,-1,-1,-1,-1,-1,-1,-1,-1,-1,-1,-1,-1,-1,-1,-1,-1,-1,-1,-1,-1,-1,-1,-1,-1,-1,-1,-1,-1,-1,-1,-1,-1,-1,-1,-1,-1,-1,-1,-1,-1,-1,-1,-1,-1,-1,-1,-1,-1,-1,-1,-1,-1,-1,-1,-1,-1,-1,-1,-1,-1,-1,-1,-1,-1,-1,-1,-1,-1,-1,-1,-1,-1,-1,-1,-1,-1,-1,-1,-1,-1,-1,-1,-1,-1,-1,-1,-1,-1,-1,-1,-1,-1,0,1,2,-1,3,4,5,6,7,-1,8,9,10,-1,-1,-1,-1,-1,11,12,13,14,15,16,17,18,19,20,-1,21,22,-1,23,24,25,26,27,28,29,30,31,32,33,34,35,36,37,38,39,-1,-1,-1,-1,-1,40,41,42,43,-1,-1,-1,-1,-1,-1,-1,-1,-1,44,45,46,47,48,49,50,51,52,53,54,55,56,57,-1,-1,-1,-1,-1,-1,58,59,60,-1,-1,-1,-1,-1,-1,61,62,63,64,65,66,67,68,69,70,71,72,73,74,75,76,77,78,79,80,81,82,83,84,85,86,87,-1,88,89,90,-1,-1,-1,-1,91,92,-1,-1,-1,-1,-1,-1,-1,-1,-1,-1,-1,93,94,95,96,97,-1,98,99,100,101,102,103,104,105,106,107,108,109,110,111,112,113,114,115,116,117,118,119,120,121,122,-1,-1,123,124,125,126,127,128,129,130,131,132,133,-1,134,135,-1,-1,-1,-1,-1,-1,-1,-1,-1,-1,-1,-1,-1,-1,-1,-1,-1,-1,-1,-1,-1,-1,-1,-1,-1,-1,-1,-1,136,137,138,139,140,141,142,143,144,145,146,147,-1,148,149,150,151,152,153,154,155,156,-1,157,158,-1,-1,-1,-1,159,160,161,162,163,164,-1,-1,-1,-1,-1,-1,-1,-1,-1,165,166,167,168,169,170,171,172,173,174,175,176,177,178,179,180,181,182,183,184,-1,-1,-1,-1,-1,185,186,187,188,-1,-1,-1,-1,-1,-1,-1,-1,-1,-1,-1,189,190,191,192,193,194,195,196,197,198,-1,-1,-1,199,200,201,202,203,204,-1,-1,-1,-1,-1,-1,-1,-1,-1,-1,205,206,207,208,209,210,211,212,-1,-1,-1,-1,-1,-1,213,214,215,216,217,218,-1,-1,219,220,221,222,223,224,225,226,227,228,229,230,231,232,233,234,-1,-1,-1,-1,-1,-1,-1,-1,-1,-1,-1,-1,-1,-1,-1,-1,-1,-1,-1,235,236,237,238,239,-1,240,241,242,243,244,245,246,247,248,-1,249,250,251,252,253,254,255,256,257,258,259,-1,-1,260,261,262,263,264,265,-1,266,-1,267,268,269,-1,-1,-1,-1,-1,-1,-1,-1,-1,-1,270,271,272,273,274,275,276,-1,-1,-1,-1,-1,-1,-1,-1,-1,-1,-1,277,278,279,280,281,282,283,284,-1,-1,-1,285,286,287,288,289,290,291,292,293,-1,294,295,296,297,298,299,300,301,302,303,304,305,306,307,308,309,-1,310,311,312,313,314,315,316,317,-1,-1,-1,-1,-1,-1,-1,-1,-1,318,319,320,321,322,323,324,325,-1,-1,-1,-1,-1,-1,-1,-1,-1,-1,-1,-1,-1,-1,-1,-1,-1,-1,-1,-1,-1,-1,-1,-1,-1,-1,-1,-1,-1,-1,-1,-1,-1,-1,-1,-1,-1,-1,-1,-1,-1,-1,-1,-1,-1,-1,-1
A0A3D3YKZ5,-1,-1,-1,-1,-1,-1,-1,-1,-1,-1,-1,-1,-1,-1,-1,-1,-1,-1,-1,-1,-1,-1,0,1,2,-1,3,4,5,-1,-1,-1,-1,-1,-1,-1,-1,6,7,8,9,10,11,12,13,14,15,16,17,18,-1,-1,-1,-1,-1,-1,-1,-1,-1,-1,-1,-1,-1,-1,-1,-1,-1,-1,-1,-1,-1,-1,-1,-1,-1,-1,-1,-1,-1,-1,-1,-1,-1,-1,-1,-1,-1,-1,-1,-1,-1,-1,-1,-1,-1,-1,-1,-1,-1,-1,-1,-1,-1,-1,-1,-1,-1,-1,-1,-1,-1,-1,-1,-1,-1,-1,-1,-1,-1,-1,-1,-1,-1,-1,-1,19,20,21,22,23,24,25,26,-1,27,28,29,30,31,-1,32,33,34,35,36,-1,-1,-1,37,38,39,40,41,42,43,44,45,46,-1,47,48,-1,49,50,51,52,53,54,55,56,57,58,59,60,61,62,63,64,65,-1,-1,-1,-1,-1,-1,-1,66,67,68,-1,-1,-1,-1,-1,-1,69,70,71,72,73,74,75,76,77,78,79,80,81,82,83,84,-1,-1,-1,-1,-1,-1,-1,-1,-1,-1,-1,-1,-1,-1,-1,85,86,87,88,89,90,91,92,93,94,95,96,97,98,99,100,101,102,103,104,105,106,107,-1,108,109,110,-1,111,112,-1,-1,-1,-1,-1,113,114,-1,-1,-1,-1,-1,-1,-1,-1,-1,-1,-1,115,116,117,118,119,-1,120,121,122,123,124,125,126,127,128,129,130,131,132,133,134,135,136,137,138,139,140,141,142,143,144,145,146,147,148,149,150,151,152,153,154,155,156,157,-1,158,159,-1,-1,-1,-1,-1,-1,-1,-1,-1,-1,-1,-1,-1,-1,-1,-1,-1,-1,-1,-1,-1,-1,-1,-1,-1,-1,-1,-1,-1,160,161,162,163,164,165,166,167,168,169,170,171,172,173,174,175,176,177,178,179,180,-1,181,182,-1,-1,-1,-1,183,184,185,186,187,188,189,-1,-1,-1,-1,-1,-1,-1,-1,190,191,192,193,194,195,196,197,198,199,200,201,202,203,204,205,-1,206,207,208,-1,-1,-1,-1,-1,209,-1,-1,-1,-1,-1,-1,-1,-1,-1,-1,-1,-1,-1,-1,-1,-1,-1,-1,-1,-1,-1,-1,-1,-1,-1,-1,-1,-1,-1,-1,-1,-1,-1,-1,-1,-1,-1,-1,-1,-1,-1,-1,-1,-1,210,211,212,213,214,215,216,-1,-1,-1,-1,-1,-1,217,218,219,220,221,222,-1,-1,223,224,225,226,227,228,229,230,231,232,233,234,235,236,237,238,-1,-1,-1,-1,-1,-1,-1,-1,-1,-1,-1,-1,-1,-1,-1,-1,-1,-1,-1,239,240,241,242,243,-1,244,245,246,247,248,249,250,251,252,-1,253,254,255,256,257,258,259,260,261,262,263,-1,-1,264,265,266,267,268,269,-1,270,-1,271,272,273,-1,-1,-1,-1,-1,-1,-1,-1,-1,-1,274,275,276,277,278,279,280,-1,-1,-1,-1,-1,-1,-1,-1,-1,-1,-1,281,282,283,284,285,286,287,288,-1,-1,-1,289,290,291,292,293,294,295,296,297,-1,298,299,300,301,302,303,304,305,306,307,308,309,310,311,312,313,314,315,316,317,318,319,320,321,322,323,324,325,-1,326,327,328,329,330,331,332,333,334,335,336,337,338,-1,339,340,341,342,343,344,345,346,-1,-1,-1,-1,-1,-1,-1,-1,-1,-1,-1,347,348,349,-1,-1,-1,-1,-1,-1,-1,-1,-1,-1,-1,-1,-1,-1,-1,-1,-1,-1,-1,-1,-1,-1,-1,-1
A0A3D4LSP0,-1,-1,-1,-1,-1,-1,-1,-1,-1,-1,-1,-1,-1,-1,-1,-1,-1,-1,-1,-1,-1,-1,-1,-1,-1,-1,-1,-1,-1,-1,-1,-1,-1,-1,-1,-1,-1,-1,-1,-1,-1,-1,-1,-1,-1,-1,-1,-1,-1,-1,-1,-1,-1,-1,-1,-1,-1,-1,-1,-1,-1,-1,-1,-1,-1,-1,-1,-1,-1,-1,-1,-1,-1,-1,-1,-1,-1,-1,-1,-1,-1,-1,-1,-1,-1,-1,-1,-1,-1,-1,-1,-1,-1,-1,-1,-1,-1,-1,-1,-1,-1,-1,-1,-1,-1,-1,-1,-1,-1,-1,-1,-1,-1,-1,-1,-1,-1,-1,-1,-1,-1,-1,-1,-1,-1,-1,-1,-1,-1,-1,0,1,2,-1,3,4,5,6,7,-1,8,9,10,-1,-1,-1,-1,-1,11,12,13,14,15,16,17,18,19,20,-1,21,22,-1,23,24,25,26,27,28,29,30,31,32,33,34,35,36,37,38,39,-1,-1,-1,-1,-1,-1,-1,40,41,-1,-1,-1,-1,-1,-1,-1,-1,-1,42,43,44,45,46,47,48,49,50,51,52,53,54,55,-1,-1,-1,-1,-1,-1,56,57,58,-1,-1,-1,-1,-1,-1,59,60,61,62,63,64,65,66,67,68,69,70,71,72,73,74,75,76,77,78,79,80,81,82,83,84,85,-1,86,87,88,-1,-1,-1,-1,89,90,-1,-1,-1,-1,-1,-1,-1,-1,-1,-1,-1,91,92,93,94,95,-1,96,97,98,99,100,101,102,103,104,105,106,107,108,109,110,111,112,113,114,115,116,117,118,119,120,-1,-1,121,122,123,124,125,126,127,128,129,130,131,-1,132,133,-1,-1,-1,-1,-1,-1,-1,-1,-1,-1,-1,-1,-1,-1,-1,-1,-1,-1,-1,-1,-1,-1,-1,-1,-1,-1,-1,-1,134,135,136,137,138,139,140,141,142,143,144,145,-1,146,147,148,149,150,151,152,153,154,-1,155,156,-1,-1,-1,-1,157,158,159,160,161,162,-1,-1,-1,-1,-1,-1,-1,-1,-1,163,164,165,166,167,168,169,170,171,172,173,174,175,176,177,178,179,180,181,182,-1,-1,-1,-1,-1,183,184,185,186,-1,-1,-1,-1,-1,-1,-1,-1,-1,-1,-1,187,188,189,190,191,192,193,194,195,196,-1,-1,-1,197,198,199,200,201,202,-1,-1,-1,-1,-1,-1,-1,-1,-1,-1,203,204,205,206,207,208,209,210,-1,-1,-1,-1,-1,-1,211,212,213,214,215,216,-1,-1,217,218,219,220,221,222,223,224,225,226,227,228,229,230,231,232,-1,-1,-1,-1,-1,-1,-1,-1,-1,-1,-1,-1,-1,-1,-1,-1,-1,-1,-1,233,234,235,236,237,-1,238,239,240,241,242,243,244,245,246,-1,247,248,249,250,251,252,253,254,255,256,257,-1,-1,258,259,260,261,262,263,-1,264,-1,265,266,267,-1,-1,-1,-1,-1,-1,-1,-1,-1,-1,268,269,270,271,272,273,274,-1,-1,-1,-1,-1,-1,-1,-1,-1,-1,-1,275,276,277,278,279,280,281,282,-1,-1,-1,283,284,285,286,287,288,289,290,291,-1,292,293,294,295,296,297,298,299,300,301,302,303,304,305,306,307,-1,308,309,310,311,312,313,314,315,-1,-1,-1,-1,-1,-1,-1,-1,-1,316,317,318,319,320,321,322,323,-1,-1,-1,-1,-1,-1,-1,-1,-1,-1,-1,-1,-1,-1,-1,-1,-1,-1,-1,-1,-1,-1,-1,-1,-1,-1,-1,-1,-1,-1,-1,-1,-1,-1,-1,-1,-1,-1,-1,-1,-1,-1,-1,-1,-1,-1,-1
A0A3E2XR62,-1,-1,-1,-1,-1,-1,-1,-1,-1,-1,-1,-1,-1,-1,-1,-1,-1,-1,-1,-1,-1,-1,-1,-1,-1,-1,-1,-1,-1,-1,-1,-1,-1,-1,-1,-1,-1,-1,-1,-1,-1,-1,-1,-1,-1,-1,-1,-1,-1,-1,-1,-1,-1,-1,-1,-1,-1,-1,-1,-1,-1,-1,-1,-1,-1,-1,-1,-1,-1,-1,-1,-1,-1,-1,-1,-1,-1,-1,-1,-1,-1,-1,-1,-1,-1,-1,-1,-1,-1,-1,-1,-1,-1,-1,-1,-1,-1,-1,-1,-1,-1,-1,-1,-1,-1,-1,-1,-1,-1,-1,-1,-1,-1,-1,-1,-1,-1,-1,-1,-1,-1,-1,-1,-1,-1,-1,-1,-1,-1,-1,0,1,2,-1,3,4,5,6,7,-1,8,9,10,-1,-1,-1,-1,-1,11,12,13,14,15,16,17,18,19,20,-1,21,22,-1,23,24,25,26,27,28,29,30,31,32,33,34,35,36,37,38,39,-1,-1,-1,-1,-1,-1,-1,40,41,-1,-1,-1,-1,-1,-1,-1,-1,-1,42,43,44,45,46,47,48,49,50,51,52,53,54,55,-1,-1,-1,-1,-1,-1,56,57,58,-1,-1,-1,-1,-1,-1,59,60,61,62,63,64,65,66,67,68,69,70,71,72,73,74,75,76,77,78,79,80,81,82,83,84,85,-1,86,87,88,-1,-1,-1,-1,89,90,-1,-1,-1,-1,-1,-1,-1,-1,-1,-1,-1,91,92,93,94,95,-1,96,97,98,99,100,101,102,103,104,105,106,107,108,109,110,111,112,113,114,115,116,117,118,119,120,-1,-1,121,122,123,124,125,126,127,128,129,130,131,-1,132,133,-1,-1,-1,-1,-1,-1,-1,-1,-1,-1,-1,-1,-1,-1,-1,-1,-1,-1,-1,-1,-1,-1,-1,-1,-1,-1,-1,-1,134,135,136,137,138,139,140,141,142,143,144,145,-1,146,147,148,149,150,151,152,153,154,-1,155,156,-1,-1,-1,-1,157,158,159,160,161,162,-1,-1,-1,-1,-1,-1,-1,-1,-1,163,164,165,166,167,168,169,170,171,172,173,174,175,176,177,178,179,180,181,182,-1,-1,-1,-1,-1,183,184,185,186,-1,-1,-1,-1,-1,-1,-1,-1,-1,-1,-1,187,188,189,190,191,192,193,194,195,196,-1,-1,-1,197,198,199,200,201,202,-1,-1,-1,-1,-1,-1,-1,-1,-1,-1,203,204,205,206,207,208,209,210,-1,-1,-1,-1,-1,-1,211,212,213,214,215,216,-1,-1,217,218,219,220,221,222,223,224,225,226,227,228,229,230,231,232,-1,-1,-1,-1,-1,-1,-1,-1,-1,-1,-1,-1,-1,-1,-1,-1,-1,-1,-1,233,234,235,236,237,-1,238,239,240,241,242,243,244,245,246,-1,247,248,249,250,251,252,253,254,255,256,257,-1,-1,258,259,260,261,262,263,-1,264,-1,265,266,267,-1,-1,-1,-1,-1,-1,-1,-1,-1,-1,268,269,270,271,272,273,274,-1,-1,-1,-1,-1,-1,-1,-1,-1,-1,-1,275,276,277,278,279,280,281,282,-1,-1,-1,283,284,285,286,287,288,289,290,291,-1,292,293,294,295,296,297,298,299,300,301,302,303,304,305,306,307,-1,308,309,310,311,312,313,314,315,-1,-1,-1,-1,-1,-1,-1,-1,-1,316,317,318,319,320,321,322,323,-1,-1,-1,-1,-1,-1,-1,-1,-1,-1,-1,-1,-1,-1,-1,-1,-1,-1,-1,-1,-1,-1,-1,-1,-1,-1,-1,-1,-1,-1,-1,-1,-1,-1,-1,-1,-1,-1,-1,-1,-1,-1,-1,-1,-1,-1,-1
A0A3E4KT54,-1,-1,-1,-1,-1,-1,-1,-1,-1,-1,-1,-1,-1,-1,-1,-1,-1,-1,-1,-1,-1,-1,0,1,2,3,4,5,6,-1,-1,-1,-1,-1,-1,-1,-1,-1,-1,7,8,9,10,11,12,13,14,15,16,17,-1,-1,-1,-1,-1,-1,-1,-1,-1,-1,-1,-1,-1,-1,-1,-1,-1,-1,-1,-1,-1,-1,-1,-1,-1,-1,-1,-1,-1,-1,-1,-1,-1,-1,-1,-1,-1,-1,-1,-1,-1,-1,-1,-1,-1,-1,-1,-1,-1,-1,-1,-1,-1,-1,-1,-1,-1,-1,-1,-1,-1,-1,-1,-1,-1,-1,-1,-1,-1,-1,-1,-1,-1,-1,-1,18,19,20,21,22,23,24,25,-1,26,27,28,29,30,-1,31,32,33,34,35,-1,-1,-1,36,37,38,39,40,41,42,43,44,45,46,47,48,-1,49,50,51,52,53,54,55,56,57,58,59,60,61,62,63,64,65,-1,-1,-1,-1,-1,-1,-1,66,67,68,69,70,-1,-1,-1,-1,71,72,73,74,75,76,77,78,79,80,81,82,83,84,85,86,-1,-1,-1,-1,-1,-1,-1,-1,-1,-1,-1,-1,-1,-1,87,88,89,90,91,92,93,94,95,96,97,98,99,100,101,102,103,104,105,106,107,108,109,110,111,112,113,114,-1,115,116,117,118,119,-1,-1,120,121,-1,-1,-1,-1,-1,-1,-1,-1,-1,-1,-1,122,123,124,125,126,-1,127,128,129,130,131,132,133,134,135,136,137,138,139,140,141,142,143,144,145,146,147,148,149,150,151,-1,-1,152,153,154,155,156,157,158,159,-1,-1,-1,-1,-1,160,-1,-1,-1,-1,-1,-1,-1,-1,-1,-1,-1,-1,-1,-1,-1,-1,-1,-1,-1,-1,-1,-1,-1,-1,-1,-1,-1,-1,161,162,163,164,165,166,167,168,169,170,171,172,173,174,175,176,177,178,179,180,181,182,-1,183,184,-1,-1,-1,-1,185,186,187,188,189,190,-1,-1,-1,-1,-1,-1,-1,-1,-1,191,192,193,194,195,196,197,198,199,200,201,202,203,204,205,206,207,208,209,210,-1,-1,-1,-1,-1,211,212,213,214,-1,-1,-1,-1,-1,-1,-1,-1,-1,-1,-1,215,216,217,218,219,220,221,222,223,224,-1,-1,-1,225,226,227,228,229,230,-1,-1,-1,-1,-1,-1,-1,-1,-1,-1,231,232,233,234,235,236,237,238,-1,-1,-1,-1,-1,-1,239,240,241,242,243,244,-1,-1,245,246,247,248,249,250,251,252,253,254,255,256,257,258,259,260,-1,-1,-1,-1,-1,-1,-1,-1,-1,-1,-1,-1,-1,-1,-1,-1,-1,-1,-1,261,262,263,264,265,-1,266,267,268,269,270,271,272,273,274,-1,275,276,277,278,279,280,281,282,283,284,285,-1,-1,286,287,288,289,290,-1,-1,291,-1,292,293,294,-1,-1,-1,-1,-1,295,296,297,298,299,300,301,302,303,304,305,306,-1,-1,-1,-1,-1,-1,-1,-1,-1,-1,-1,307,308,309,310,311,312,313,314,-1,-1,-1,315,316,317,318,319,320,321,322,323,-1,324,325,326,327,328,329,330,331,332,333,334,335,336,337,338,339,-1,340,341,342,343,344,345,346,347,-1,-1,-1,-1,-1,-1,-1,348,349,350,351,352,353,354,355,356,357,358,359,-1,-1,-1,-1,-1,-1,-1,-1,-1,-1,-1,-1,-1,-1,-1,-1,-1,-1,-1,-1,-1,-1,-1,-1,-1,-1,-1,-1,-1,-1,-1,-1,-1,-1,-1,-1,-1,-1,-1,-1,-1,-1,-1,-1,-1
A0A3E4LQA4,-1,-1,-1,-1,-1,-1,-1,-1,-1,-1,-1,-1,-1,-1,-1,-1,-1,-1,-1,-1,-1,-1,-1,-1,-1,-1,-1,-1,-1,-1,-1,-1,-1,-1,-1,-1,-1,-1,-1,-1,-1,-1,-1,-1,-1,-1,-1,-1,-1,-1,-1,-1,-1,-1,-1,-1,-1,-1,-1,-1,-1,-1,-1,-1,-1,-1,-1,-1,-1,-1,-1,-1,-1,-1,-1,-1,-1,-1,-1,-1,-1,-1,-1,-1,-1,-1,-1,-1,-1,-1,-1,-1,-1,-1,-1,-1,-1,-1,-1,-1,-1,-1,-1,-1,-1,-1,-1,-1,-1,-1,-1,-1,-1,-1,-1,-1,-1,-1,-1,-1,-1,-1,-1,-1,-1,-1,-1,-1,-1,-1,0,1,2,-1,3,4,5,6,7,-1,8,9,10,-1,-1,-1,-1,-1,11,12,13,14,15,16,17,18,19,20,-1,21,22,-1,23,24,25,26,27,28,29,30,31,32,33,34,35,36,37,38,39,-1,-1,-1,-1,-1,-1,-1,40,41,-1,-1,-1,-1,-1,-1,-1,-1,-1,42,43,44,45,46,47,48,49,50,51,52,53,54,55,-1,-1,-1,-1,-1,-1,56,57,58,-1,-1,-1,-1,-1,-1,59,60,61,62,63,64,65,66,67,68,69,70,71,72,73,74,75,76,77,78,79,80,81,82,83,84,85,-1,86,87,88,89,90,-1,91,92,93,-1,-1,-1,-1,-1,-1,-1,-1,-1,-1,-1,94,95,96,97,98,-1,99,100,101,102,103,104,105,106,107,108,109,110,111,112,113,114,115,116,117,118,119,120,121,122,123,-1,-1,124,125,126,127,128,129,130,131,132,133,134,-1,135,136,-1,-1,-1,-1,-1,-1,-1,-1,-1,-1,-1,-1,-1,-1,-1,-1,-1,-1,-1,-1,-1,-1,-1,-1,-1,-1,-1,-1,137,138,139,140,141,142,143,144,145,146,147,148,-1,149,150,151,152,153,154,155,156,157,-1,158,159,-1,-1,-1,-1,160,161,162,163,164,165,-1,-1,-1,-1,-1,-1,-1,-1,-1,166,167,168,169,170,171,172,173,174,175,176,177,178,179,180,181,182,183,184,185,-1,-1,-1,-1,-1,186,187,188,189,-1,-1,-1,-1,-1,-1,-1,-1,-1,-1,-1,190,191,192,193,194,195,196,197,198,199,-1,-1,-1,200,201,202,203,204,205,-1,-1,-1,-1,-1,-1,-1,-1,-1,-1,206,207,208,209,210,211,212,213,-1,-1,-1,-1,-1,-1,214,215,216,217,218,219,-1,-1,220,221,222,223,224,225,226,227,228,229,230,231,232,233,234,235,-1,-1,-1,-1,-1,-1,-1,-1,-1,-1,-1,-1,-1,-1,-1,-1,-1,-1,-1,236,237,238,239,240,-1,241,242,243,244,245,246,247,248,249,-1,250,251,252,253,254,255,256,257,258,259,260,-1,-1,261,262,263,264,265,266,-1,267,-1,268,269,270,-1,-1,-1,-1,-1,-1,-1,-1,-1,-1,271,272,273,274,275,276,277,-1,-1,-1,-1,-1,-1,-1,-1,-1,-1,-1,278,279,280,281,282,283,284,285,-1,-1,-1,286,287,288,289,290,291,292,293,294,-1,295,296,297,298,299,300,301,302,303,304,305,306,307,308,309,310,-1,311,312,313,314,315,316,317,318,-1,-1,-1,-1,-1,-1,-1,-1,-1,319,320,321,322,323,324,325,326,-1,-1,-1,-1,-1,-1,-1,-1,-1,-1,-1,-1,-1,-1,-1,-1,-1,-1,-1,-1,-1,-1,-1,-1,-1,-1,-1,-1,-1,-1,-1,-1,-1,-1,-1,-1,-1,-1,-1,-1,-1,-1,-1,-1,-1,-1,-1
A0A3N2MZX6,-1,-1,-1,-1,-1,-1,-1,-1,-1,-1,-1,-1,-1,-1,-1,-1,-1,-1,-1,-1,-1,-1,0,1,2,-1,-1,-1,3,-1,-1,-1,-1,-1,-1,-1,-1,4,5,6,7,8,9,10,11,12,13,14,15,16,-1,-1,-1,-1,-1,-1,-1,-1,-1,-1,-1,-1,-1,-1,-1,-1,-1,-1,-1,-1,-1,-1,-1,-1,-1,-1,-1,-1,-1,-1,-1,-1,-1,-1,-1,-1,-1,-1,-1,-1,-1,-1,-1,-1,-1,-1,-1,-1,-1,-1,-1,-1,-1,-1,-1,-1,-1,-1,-1,-1,-1,-1,-1,-1,-1,-1,-1,-1,-1,-1,-1,-1,-1,-1,-1,17,18,19,20,21,22,23,24,-1,25,26,27,28,29,-1,30,31,32,33,34,-1,-1,-1,35,36,37,38,39,40,41,42,43,44,-1,45,46,-1,47,48,49,50,51,52,53,54,55,56,57,58,59,60,61,62,63,-1,-1,-1,-1,-1,-1,-1,64,65,66,-1,-1,-1,-1,-1,-1,67,68,69,70,71,72,73,74,75,76,77,78,79,80,81,82,-1,-1,-1,-1,-1,-1,-1,-1,-1,-1,-1,-1,-1,-1,-1,83,84,85,86,87,88,89,90,91,92,93,94,95,96,97,98,99,100,101,102,103,104,105,-1,106,107,108,-1,109,110,-1,111,112,-1,-1,113,114,-1,-1,-1,-1,-1,-1,-1,-1,-1,-1,-1,115,116,117,118,119,-1,120,121,122,123,124,125,126,127,128,129,130,131,132,133,134,135,136,137,138,139,140,141,142,143,144,145,146,147,148,149,150,151,152,153,154,155,156,157,-1,158,159,-1,-1,-1,-1,-1,-1,-1,-1,-1,-1,-1,-1,-1,-1,-1,-1,-1,-1,-1,-1,-1,-1,-1,-1,-1,-1,-1,-1,-1,160,161,162,163,164,165,166,167,168,169,170,171,172,173,174,175,176,177,178,179,180,-1,181,182,-1,-1,-1,-1,183,184,185,186,187,188,189,-1,-1,-1,-1,-1,-1,-1,-1,190,191,192,193,194,195,196,197,198,199,200,201,202,203,204,205,-1,206,207,208,-1,-1,-1,-1,-1,209,-1,-1,-1,-1,-1,-1,-1,-1,-1,-1,-1,-1,-1,-1,-1,-1,-1,-1,-1,-1,-1,-1,-1,-1,-1,-1,-1,-1,-1,-1,-1,-1,-1,-1,-1,-1,-1,-1,-1,-1,-1,-1,-1,-1,210,211,212,213,214,215,216,-1,-1,-1,-1,-1,-1,217,218,219,220,221,222,-1,-1,223,224,225,226,227,228,229,230,231,232,233,234,235,236,237,238,-1,-1,-1,-1,-1,-1,-1,-1,-1,-1,-1,-1,-1,-1,-1,-1,-1,-1,-1,239,240,241,242,243,-1,244,245,246,247,248,249,250,251,252,-1,253,254,255,256,257,258,259,260,261,262,263,-1,-1,264,265,266,267,268,269,-1,270,-1,271,272,273,-1,-1,-1,-1,-1,-1,-1,-1,-1,-1,274,275,276,277,278,279,280,-1,-1,-1,-1,-1,-1,-1,-1,-1,-1,-1,281,282,283,284,285,286,287,288,-1,-1,-1,289,290,291,292,293,294,295,296,297,-1,298,299,300,301,302,303,304,305,306,307,308,309,310,311,312,313,314,315,316,317,318,319,320,321,322,323,324,325,-1,326,327,328,329,330,331,332,333,334,335,336,337,338,-1,339,340,341,342,343,344,-1,-1,-1,-1,-1,-1,-1,-1,-1,-1,-1,-1,-1,-1,-1,-1,-1,-1,-1,-1,-1,-1,-1,-1,-1,-1,-1,-1,-1,-1,-1,-1,-1,-1,-1,-1,-1,-1,-1,-1
A0A3Q0NGD6,-1,-1,-1,-1,-1,-1,-1,-1,-1,-1,-1,-1,-1,-1,-1,-1,-1,-1,-1,-1,-1,-1,-1,-1,-1,-1,-1,-1,-1,-1,-1,-1,-1,-1,-1,-1,-1,-1,-1,-1,-1,-1,-1,-1,-1,-1,-1,-1,-1,-1,-1,-1,-1,-1,-1,-1,-1,-1,-1,-1,-1,-1,-1,-1,-1,-1,-1,-1,-1,-1,-1,-1,-1,-1,-1,-1,-1,-1,-1,-1,-1,-1,-1,-1,-1,-1,-1,-1,-1,-1,-1,-1,-1,-1,-1,-1,-1,-1,-1,-1,-1,-1,-1,-1,-1,-1,-1,-1,-1,-1,-1,-1,-1,-1,-1,-1,-1,-1,-1,-1,-1,-1,-1,-1,-1,-1,-1,-1,-1,-1,0,1,2,-1,3,4,5,6,7,-1,8,9,10,-1,-1,-1,-1,-1,11,12,13,14,15,16,17,18,19,20,-1,21,22,-1,23,24,25,26,27,28,29,30,31,32,33,34,35,36,37,38,39,-1,-1,-1,-1,-1,-1,-1,40,41,-1,-1,-1,-1,-1,-1,-1,-1,-1,42,43,44,45,46,47,48,49,50,51,52,53,54,55,-1,-1,-1,-1,-1,-1,56,57,58,-1,-1,-1,-1,-1,-1,59,60,61,62,63,64,65,66,67,68,69,70,71,72,73,74,75,76,77,78,79,80,81,82,83,84,85,-1,86,87,88,-1,-1,-1,-1,89,90,-1,-1,-1,-1,-1,-1,-1,-1,-1,-1,-1,91,92,93,94,95,-1,96,97,98,99,100,101,102,103,104,105,106,107,108,109,110,111,112,113,114,115,116,117,118,119,120,-1,-1,121,122,123,124,125,126,127,128,129,130,131,-1,132,133,-1,-1,-1,-1,-1,-1,-1,-1,-1,-1,-1,-1,-1,-1,-1,-1,-1,-1,-1,-1,-1,-1,-1,-1,-1,-1,-1,-1,134,135,136,137,138,139,140,141,142,143,144,145,-1,146,147,148,149,150,151,152,153,154,-1,155,156,-1,-1,-1,-1,157,158,159,160,161,162,-1,-1,-1,-1,-1,-1,-1,-1,-1,163,164,165,166,167,168,169,170,171,172,173,174,175,176,177,178,179,180,181,182,-1,-1,-1,-1,-1,183,184,185,186,-1,-1,-1,-1,-1,-1,-1,-1,-1,-1,-1,187,188,189,190,191,192,193,194,195,196,-1,-1,-1,197,198,199,200,201,202,-1,-1,-1,-1,-1,-1,-1,-1,-1,-1,203,204,205,206,207,208,209,210,-1,-1,-1,-1,-1,-1,211,212,213,214,215,216,-1,-1,217,218,219,220,221,222,223,224,225,226,227,228,229,230,231,232,-1,-1,-1,-1,-1,-1,-1,-1,-1,-1,-1,-1,-1,-1,-1,-1,-1,-1,-1,233,234,235,236,237,-1,238,239,240,241,242,243,244,245,246,-1,247,248,249,250,251,252,253,254,255,256,257,-1,-1,258,259,260,261,262,263,-1,264,-1,265,266,267,-1,-1,-1,-1,-1,-1,-1,-1,-1,-1,268,269,270,271,272,273,274,-1,-1,-1,-1,-1,-1,-1,-1,-1,-1,-1,275,276,277,278,279,280,281,282,-1,-1,-1,283,284,285,286,287,288,289,290,291,-1,292,293,294,295,296,297,298,299,300,301,302,303,304,305,306,307,-1,308,309,310,311,312,313,314,315,-1,-1,-1,-1,-1,-1,-1,-1,-1,316,317,318,319,320,321,322,323,324,-1,-1,-1,-1,-1,-1,-1,-1,-1,-1,-1,-1,-1,-1,-1,-1,-1,-1,-1,-1,-1,-1,-1,-1,-1,-1,-1,-1,-1,-1,-1,-1,-1,-1,-1,-1,-1,-1,-1,-1,-1,-1,-1,-1,-1,-1
A0A3R6IUG4,-1,-1,-1,-1,-1,-1,-1,-1,-1,-1,-1,-1,-1,-1,-1,-1,-1,-1,-1,-1,-1,-1,-1,-1,-1,-1,-1,-1,-1,-1,-1,-1,-1,-1,-1,-1,-1,-1,-1,-1,-1,-1,-1,-1,-1,-1,-1,-1,-1,-1,-1,-1,-1,-1,-1,-1,-1,-1,-1,-1,-1,-1,-1,-1,-1,-1,-1,-1,-1,-1,-1,-1,-1,-1,-1,-1,-1,-1,-1,-1,-1,-1,-1,-1,-1,-1,-1,-1,-1,-1,-1,-1,-1,-1,-1,-1,-1,-1,-1,-1,-1,-1,-1,-1,-1,-1,-1,-1,-1,-1,-1,-1,-1,-1,-1,-1,-1,-1,-1,-1,-1,-1,-1,-1,-1,-1,-1,-1,-1,-1,0,1,2,-1,3,4,5,6,7,-1,8,9,10,-1,-1,-1,-1,-1,11,12,13,14,15,16,17,18,19,20,-1,21,22,-1,23,24,25,26,27,28,29,30,31,32,33,34,35,36,37,38,39,-1,-1,-1,-1,-1,-1,-1,40,41,-1,-1,-1,-1,-1,-1,-1,-1,-1,42,43,44,45,46,47,48,49,50,51,52,53,54,55,-1,-1,-1,-1,-1,-1,56,57,58,-1,-1,-1,-1,-1,-1,59,60,61,62,63,64,65,66,67,68,69,70,71,72,73,74,75,76,77,78,79,80,81,82,83,84,85,-1,86,87,88,-1,-1,-1,-1,89,90,-1,-1,-1,-1,-1,-1,-1,-1,-1,-1,-1,91,92,93,94,95,-1,96,97,98,99,100,101,102,103,104,105,106,107,108,109,110,111,112,113,114,115,116,117,118,119,120,-1,-1,121,122,123,124,125,126,127,128,129,130,131,-1,132,133,-1,-1,-1,-1,-1,-1,-1,-1,-1,-1,-1,-1,-1,-1,-1,-1,-1,-1,-1,-1,-1,-1,-1,-1,-1,-1,-1,-1,134,135,136,137,138,139,140,141,142,143,144,145,-1,146,147,148,149,150,151,152,153,154,-1,155,156,-1,-1,-1,-1,157,158,159,160,161,162,-1,-1,-1,-1,-1,-1,-1,-1,-1,163,164,165,166,167,168,169,170,171,172,173,174,175,176,177,178,179,180,181,182,-1,-1,-1,-1,-1,183,184,185,186,-1,-1,-1,-1,-1,-1,-1,-1,-1,-1,-1,187,188,189,190,191,192,193,194,195,196,-1,-1,-1,197,198,199,200,201,202,-1,-1,-1,-1,-1,-1,-1,-1,-1,-1,203,204,205,206,207,208,209,210,-1,-1,-1,-1,-1,-1,211,212,213,214,215,216,-1,-1,217,218,219,220,221,222,223,224,225,226,227,228,229,230,231,232,-1,-1,-1,-1,-1,-1,-1,-1,-1,-1,-1,-1,-1,-1,-1,-1,-1,-1,-1,233,234,235,236,237,-1,238,239,240,241,242,243,244,245,246,-1,247,248,249,250,251,252,253,254,255,256,257,-1,-1,258,259,260,261,262,263,-1,264,-1,265,266,267,-1,-1,-1,-1,-1,-1,-1,-1,-1,-1,268,269,270,271,272,273,274,-1,-1,-1,-1,-1,-1,-1,-1,-1,-1,-1,275,276,277,278,279,280,281,282,-1,-1,-1,283,284,285,286,287,288,289,290,291,-1,292,293,294,295,296,297,298,299,300,301,302,303,304,305,306,307,-1,308,309,310,311,312,313,314,315,-1,-1,-1,-1,-1,-1,-1,-1,-1,316,317,318,319,320,321,322,323,-1,-1,-1,-1,-1,-1,-1,-1,-1,-1,-1,-1,-1,-1,-1,-1,-1,-1,-1,-1,-1,-1,-1,-1,-1,-1,-1,-1,-1,-1,-1,-1,-1,-1,-1,-1,-1,-1,-1,-1,-1,-1,-1,-1,-1,-1,-1
A0A412TTM9,-1,-1,-1,-1,-1,-1,-1,-1,-1,-1,-1,-1,-1,-1,-1,-1,-1,-1,-1,-1,-1,-1,0,1,2,-1,-1,-1,-1,-1,-1,-1,-1,-1,3,-1,-1,-1,-1,4,5,6,7,8,9,10,11,12,13,14,-1,-1,-1,-1,-1,-1,-1,-1,-1,-1,-1,-1,-1,-1,-1,-1,-1,-1,-1,-1,-1,-1,-1,-1,-1,-1,-1,-1,-1,-1,-1,-1,-1,-1,-1,-1,-1,-1,-1,-1,-1,-1,-1,-1,-1,-1,-1,-1,-1,-1,-1,-1,-1,-1,-1,-1,-1,-1,-1,-1,-1,-1,-1,-1,-1,-1,-1,-1,-1,-1,-1,-1,-1,-1,-1,15,16,17,18,19,20,21,22,-1,23,24,25,26,27,-1,28,29,30,31,32,-1,-1,-1,33,34,35,36,37,38,39,40,41,42,43,44,45,-1,46,47,48,49,50,51,52,53,54,55,56,57,58,59,60,61,62,-1,-1,-1,-1,-1,-1,-1,63,64,65,66,67,-1,-1,-1,-1,68,69,70,71,72,73,74,75,76,77,78,79,80,81,82,83,-1,-1,-1,-1,-1,-1,-1,-1,-1,-1,-1,-1,-1,-1,84,85,86,87,88,89,90,91,92,93,94,95,96,97,98,99,100,101,102,103,104,105,106,107,108,109,110,111,-1,112,113,114,115,116,-1,-1,117,118,-1,-1,-1,-1,-1,-1,-1,-1,-1,-1,-1,119,120,121,122,123,-1,124,125,126,127,128,129,130,131,132,133,134,135,136,137,138,139,140,141,142,143,144,145,146,147,148,-1,-1,149,150,151,152,153,154,155,156,157,-1,-1,-1,158,159,-1,-1,-1,-1,-1,-1,-1,-1,-1,-1,-1,-1,-1,-1,-1,-1,-1,-1,-1,-1,-1,-1,-1,-1,-1,-1,-1,-1,160,161,162,163,164,165,166,167,168,169,170,171,172,173,174,175,176,177,178,179,180,181,-1,182,183,-1,-1,-1,-1,184,185,186,187,188,189,-1,-1,-1,-1,-1,-1,-1,-1,-1,190,191,192,193,194,195,196,197,198,199,200,201,202,203,204,205,206,207,208,209,-1,-1,-1,-1,-1,210,211,212,213,-1,-1,-1,-1,-1,-1,-1,-1,-1,-1,-1,214,215,216,217,218,219,220,221,222,223,-1,-1,-1,224,225,226,227,228,229,-1,-1,-1,-1,-1,-1,-1,-1,-1,-1,230,231,232,233,234,235,236,237,-1,-1,-1,-1,-1,-1,238,239,240,241,242,243,-1,-1,244,245,246,247,248,249,250,251,252,253,254,255,256,257,258,259,-1,-1,-1,-1,-1,-1,-1,-1,-1,-1,-1,-1,-1,-1,-1,-1,-1,-1,-1,260,261,262,263,264,-1,265,266,267,268,269,270,271,272,273,-1,274,275,276,277,278,279,280,281,282,283,284,-1,-1,285,286,287,288,289,-1,-1,290,-1,291,292,293,-1,-1,-1,-1,-1,294,-1,295,296,297,298,299,300,301,302,303,304,-1,-1,-1,-1,-1,-1,-1,-1,-1,-1,-1,305,306,307,308,309,310,311,312,-1,-1,-1,313,314,315,316,317,318,319,320,321,-1,322,323,324,325,326,327,328,329,330,331,332,333,334,335,336,337,-1,338,339,340,341,342,343,344,345,-1,-1,-1,-1,-1,-1,-1,346,347,348,349,350,351,352,353,354,355,356,357,-1,-1,-1,-1,-1,-1,-1,-1,-1,-1,-1,-1,-1,-1,-1,-1,-1,-1,-1,-1,-1,-1,-1,-1,-1,-1,-1,-1,-1,-1,-1,-1,-1,-1,-1,-1,-1,-1,-1,-1,-1,-1,-1,-1,-1
A0A413RDG7,-1,-1,-1,-1,-1,-1,-1,-1,-1,-1,-1,-1,-1,-1,-1,-1,-1,-1,-1,-1,-1,-1,-1,-1,-1,-1,-1,-1,-1,-1,-1,-1,-1,-1,-1,-1,-1,-1,-1,-1,-1,-1,-1,-1,-1,-1,-1,-1,-1,-1,-1,-1,-1,-1,-1,-1,-1,-1,-1,-1,-1,-1,-1,-1,-1,-1,-1,-1,-1,-1,-1,-1,-1,-1,-1,-1,-1,-1,-1,-1,-1,-1,-1,-1,-1,-1,-1,-1,-1,-1,-1,-1,-1,-1,-1,-1,-1,-1,-1,-1,-1,-1,-1,-1,-1,-1,-1,-1,-1,-1,-1,-1,-1,-1,-1,-1,-1,-1,-1,-1,-1,-1,-1,-1,-1,-1,-1,-1,-1,-1,0,1,2,-1,3,4,5,6,7,-1,8,9,10,-1,-1,-1,-1,-1,11,12,13,14,15,16,17,18,19,20,-1,21,22,-1,23,24,25,26,27,28,29,30,31,32,33,34,35,36,37,38,39,-1,-1,-1,-1,-1,-1,-1,40,41,-1,-1,-1,-1,-1,-1,-1,-1,-1,42,43,44,45,46,47,48,49,50,51,52,53,54,55,-1,-1,-1,-1,-1,-1,56,57,58,-1,-1,-1,-1,-1,-1,59,60,61,62,63,64,65,66,67,68,69,70,71,72,73,74,75,76,77,78,79,80,81,82,83,84,85,-1,86,87,88,-1,-1,-1,-1,89,90,-1,-1,-1,-1,-1,-1,-1,-1,-1,-1,-1,91,92,93,94,95,-1,96,97,98,99,100,101,102,103,104,105,106,107,108,109,110,111,112,113,114,115,116,117,118,119,120,-1,-1,121,122,123,124,125,126,127,128,129,130,131,-1,132,133,-1,-1,-1,-1,-1,-1,-1,-1,-1,-1,-1,-1,-1,-1,-1,-1,-1,-1,-1,-1,-1,-1,-1,-1,-1,-1,-1,-1,134,135,136,137,138,139,140,141,142,143,144,145,-1,146,147,148,149,150,151,152,153,154,-1,155,156,-1,-1,-1,-1,157,158,159,160,161,162,-1,-1,-1,-1,-1,-1,-1,-1,-1,163,164,165,166,167,168,169,170,171,172,173,174,175,176,177,178,179,180,181,182,-1,-1,-1,-1,-1,183,184,185,186,-1,-1,-1,-1,-1,-1,-1,-1,-1,-1,-1,187,188,189,190,191,192,193,194,195,196,-1,-1,-1,197,198,199,200,201,202,-1,-1,-1,-1,-1,-1,-1,-1,-1,-1,203,204,205,206,207,208,209,210,-1,-1,-1,-1,-1,-1,211,212,213,214,215,216,-1,-1,217,218,219,220,221,222,223,224,225,226,227,228,229,230,231,232,-1,-1,-1,-1,-1,-1,-1,-1,-1,-1,-1,-1,-1,-1,-1,-1,-1,-1,-1,233,234,235,236,237,-1,238,239,240,241,242,243,244,245,246,-1,247,248,249,250,251,252,253,254,255,256,257,-1,-1,258,259,260,261,262,263,-1,264,-1,265,266,267,-1,-1,-1,-1,-1,-1,-1,-1,-1,-1,268,269,270,271,272,273,274,-1,-1,-1,-1,-1,-1,-1,-1,-1,-1,-1,275,276,277,278,279,280,281,282,-1,-1,-1,283,284,285,286,287,288,289,290,291,-1,292,293,294,295,296,297,298,299,300,301,302,303,304,305,306,307,-1,308,309,310,311,312,313,314,315,-1,-1,-1,-1,-1,-1,-1,-1,-1,316,317,318,319,320,321,322,323,-1,-1,-1,-1,-1,-1,-1,-1,-1,-1,-1,-1,-1,-1,-1,-1,-1,-1,-1,-1,-1,-1,-1,-1,-1,-1,-1,-1,-1,-1,-1,-1,-1,-1,-1,-1,-1,-1,-1,-1,-1,-1,-1,-1,-1,-1,-1
A0A414M9L3,0,1,2,3,4,5,6,7,8,9,10,11,12,13,14,-1,-1,-1,-1,-1,-1,15,16,17,18,19,20,21,22,-1,-1,-1,-1,-1,-1,-1,-1,-1,-1,23,24,25,26,27,28,29,30,31,32,33,-1,-1,-1,-1,-1,-1,-1,-1,-1,-1,-1,-1,-1,-1,-1,-1,-1,-1,-1,-1,-1,-1,-1,-1,-1,-1,-1,-1,-1,-1,-1,-1,-1,-1,-1,-1,-1,-1,-1,-1,-1,-1,-1,-1,-1,-1,-1,-1,-1,-1,-1,-1,-1,-1,-1,-1,-1,-1,-1,-1,-1,-1,-1,-1,-1,-1,-1,-1,-1,-1,-1,-1,-1,-1,-1,34,35,36,37,38,39,40,41,-1,42,43,44,45,46,-1,47,48,49,50,51,-1,-1,-1,52,53,54,55,56,57,58,59,60,61,62,63,64,-1,65,66,67,68,69,70,71,72,73,74,75,76,77,78,79,80,81,-1,-1,-1,-1,-1,-1,-1,82,83,84,85,86,-1,-1,-1,87,88,89,90,91,92,93,94,95,96,97,98,99,100,101,102,103,-1,-1,-1,-1,-1,-1,-1,-1,-1,-1,-1,-1,-1,-1,104,105,106,107,108,109,110,111,112,113,114,115,116,117,118,119,120,121,122,123,124,125,126,127,128,129,130,131,-1,132,133,134,135,136,-1,-1,137,138,-1,-1,-1,-1,-1,-1,-1,-1,-1,-1,-1,139,140,141,142,143,-1,144,145,146,147,148,149,150,151,152,153,154,155,156,157,158,159,160,161,162,163,164,165,166,167,168,-1,-1,169,170,171,172,173,174,175,176,-1,-1,-1,-1,-1,177,-1,-1,-1,-1,-1,-1,-1,-1,-1,-1,-1,-1,-1,-1,-1,-1,-1,-1,-1,-1,-1,-1,-1,-1,-1,-1,-1,-1,178,179,180,181,182,183,184,185,186,187,188,189,190,191,192,193,194,195,196,197,198,199,-1,200,201,-1,-1,-1,-1,202,203,204,205,206,207,-1,-1,-1,-1,-1,-1,-1,-1,-1,208,209,210,211,212,213,214,215,216,217,218,219,220,221,222,223,224,225,226,227,-1,-1,-1,-1,-1,228,229,230,231,-1,-1,-1,-1,-1,-1,-1,-1,-1,-1,-1,232,233,234,235,236,237,238,239,240,241,-1,-1,-1,242,243,244,245,246,247,-1,-1,-1,-1,-1,-1,-1,-1,-1,-1,248,249,250,251,252,253,254,255,-1,-1,-1,-1,-1,-1,256,257,258,259,260,261,-1,-1,262,263,264,265,266,267,268,269,270,271,272,273,274,275,276,277,-1,-1,-1,-1,-1,-1,-1,-1,-1,-1,-1,-1,-1,-1,-1,-1,-1,-1,-1,278,279,280,281,282,-1,283,284,285,286,287,288,289,290,291,-1,292,293,294,295,296,297,298,299,300,301,302,-1,-1,303,304,305,306,307,-1,-1,308,-1,309,310,311,-1,-1,-1,-1,-1,312,313,314,315,316,317,318,319,320,321,322,323,-1,-1,-1,-1,-1,-1,-1,-1,-1,-1,-1,324,325,326,327,328,329,330,331,-1,-1,-1,332,333,334,335,336,337,338,339,340,-1,341,342,343,344,345,346,347,348,349,350,351,352,353,354,355,356,-1,357,358,359,360,361,362,363,364,-1,-1,-1,-1,-1,-1,-1,365,366,367,368,369,370,371,372,373,374,375,376,-1,-1,-1,-1,-1,-1,-1,-1,-1,-1,-1,-1,-1,-1,-1,-1,-1,-1,-1,-1,-1,-1,-1,-1,-1,-1,-1,-1,-1,-1,-1,-1,-1,-1,-1,-1,-1,-1,-1,-1,-1,-1,-1,-1,-1
A0A414Q275,-1,-1,-1,-1,-1,-1,-1,-1,-1,-1,-1,-1,-1,-1,-1,-1,-1,-1,-1,-1,-1,-1,0,1,2,3,-1,-1,-1,-1,-1,-1,-1,-1,-1,-1,-1,-1,-1,4,5,6,7,8,9,10,11,12,13,14,-1,-1,-1,-1,-1,-1,-1,-1,-1,-1,-1,-1,-1,-1,-1,-1,-1,-1,-1,-1,-1,-1,-1,-1,-1,-1,-1,-1,-1,-1,-1,-1,-1,-1,-1,-1,-1,-1,-1,-1,-1,-1,-1,-1,-1,-1,-1,-1,-1,-1,-1,-1,-1,-1,-1,-1,-1,-1,-1,-1,-1,-1,-1,-1,-1,-1,-1,-1,-1,-1,-1,-1,-1,-1,-1,15,16,17,18,19,20,21,22,-1,23,24,25,26,27,-1,28,29,30,31,32,-1,-1,-1,33,34,35,36,37,38,39,40,41,42,43,44,45,-1,46,47,48,49,50,51,52,53,54,55,56,57,58,59,60,61,62,-1,-1,-1,-1,-1,-1,-1,63,64,65,66,67,-1,-1,-1,68,69,70,71,72,73,74,75,76,77,78,79,80,81,82,83,84,-1,-1,-1,-1,-1,-1,-1,-1,-1,-1,-1,-1,-1,-1,85,86,87,88,89,90,91,92,93,94,95,96,97,98,99,100,101,102,103,104,105,106,107,108,109,110,111,112,-1,113,114,115,116,117,-1,-1,118,119,-1,-1,-1,-1,-1,-1,-1,-1,-1,-1,-1,120,121,122,123,124,-1,125,126,127,128,129,130,131,132,133,134,135,136,137,138,139,140,141,142,143,144,145,146,147,148,149,-1,-1,150,151,152,153,154,155,156,157,158,159,160,161,162,163,-1,-1,-1,-1,-1,-1,-1,-1,-1,-1,-1,-1,-1,-1,-1,-1,-1,-1,-1,-1,-1,-1,-1,-1,-1,-1,-1,-1,164,165,166,167,168,169,170,171,172,173,174,175,176,177,178,179,180,181,182,183,184,185,186,187,188,-1,-1,-1,-1,189,190,191,192,193,194,-1,-1,-1,-1,-1,-1,-1,-1,-1,195,196,197,198,199,200,201,202,203,204,205,206,207,208,209,210,211,212,213,214,-1,-1,-1,-1,-1,215,216,217,218,-1,-1,-1,-1,-1,-1,-1,-1,-1,-1,-1,219,220,221,222,223,224,225,226,227,228,-1,-1,-1,229,230,231,232,233,234,-1,-1,-1,-1,-1,-1,-1,-1,-1,-1,235,236,237,238,239,240,241,242,-1,-1,-1,-1,-1,-1,243,244,245,246,247,248,-1,-1,249,250,251,252,253,254,255,256,257,258,259,260,261,262,263,264,-1,-1,-1,-1,-1,-1,-1,-1,-1,-1,-1,-1,-1,-1,-1,-1,-1,-1,-1,265,266,267,268,269,-1,270,271,272,273,274,275,276,277,278,-1,279,280,281,282,283,284,285,286,287,288,289,-1,-1,290,291,292,293,294,295,-1,296,-1,297,298,299,-1,-1,-1,300,301,302,303,304,305,306,307,308,309,310,311,312,313,-1,-1,-1,-1,-1,-1,-1,-1,-1,-1,-1,314,315,316,317,318,319,320,321,-1,-1,-1,322,323,324,325,326,327,328,329,330,-1,331,332,333,334,335,336,337,338,339,340,341,342,343,344,345,346,-1,347,348,349,350,351,352,353,354,-1,-1,-1,-1,-1,-1,-1,355,356,357,358,359,360,361,362,363,364,-1,-1,365,-1,-1,-1,-1,-1,-1,-1,-1,-1,-1,-1,-1,-1,-1,-1,-1,-1,-1,-1,-1,-1,-1,-1,-1,-1,-1,-1,-1,-1,-1,-1,-1,-1,-1,-1,-1,-1,-1,-1,-1,-1,-1,-1,-1
A0A416W4H5,-1,-1,-1,-1,-1,-1,-1,-1,-1,-1,-1,-1,-1,-1,-1,-1,-1,-1,-1,-1,-1,-1,0,1,2,-1,3,4,5,-1,-1,-1,-1,-1,-1,-1,-1,6,7,8,9,10,11,12,13,14,15,16,17,18,-1,-1,-1,-1,-1,-1,-1,-1,-1,-1,-1,-1,-1,-1,-1,-1,-1,-1,-1,-1,-1,-1,-1,-1,-1,-1,-1,-1,-1,-1,-1,-1,-1,-1,-1,-1,-1,-1,-1,-1,-1,-1,-1,-1,-1,-1,-1,-1,-1,-1,-1,-1,-1,-1,-1,-1,-1,-1,-1,-1,-1,-1,-1,-1,-1,-1,-1,-1,-1,-1,-1,-1,-1,-1,-1,19,20,21,22,23,24,25,26,-1,27,28,29,30,31,-1,32,33,34,35,36,-1,-1,-1,37,38,39,40,41,42,43,44,45,46,-1,47,48,-1,49,50,51,52,53,54,55,56,57,58,59,60,61,62,63,64,65,-1,-1,-1,-1,-1,-1,-1,66,67,68,-1,-1,-1,-1,-1,-1,69,70,71,72,73,74,75,76,77,78,79,80,81,82,83,84,-1,-1,-1,-1,-1,-1,-1,-1,-1,-1,-1,-1,-1,-1,-1,85,86,87,88,89,90,91,92,93,94,95,96,97,98,99,100,101,102,103,104,105,106,107,-1,108,109,110,-1,111,112,-1,-1,113,-1,-1,114,115,-1,-1,-1,-1,-1,-1,-1,-1,-1,-1,-1,116,117,118,119,120,-1,121,122,123,124,125,126,127,128,129,130,131,132,133,134,135,136,137,138,139,140,141,142,143,144,145,146,147,148,149,150,151,152,153,154,155,156,157,158,-1,159,160,-1,-1,-1,-1,-1,-1,-1,-1,-1,-1,-1,-1,-1,-1,-1,-1,-1,-1,-1,-1,-1,-1,-1,-1,-1,-1,-1,-1,-1,161,162,163,164,165,166,167,168,169,170,171,172,173,174,175,176,177,178,179,180,181,-1,182,183,-1,-1,-1,-1,184,185,186,187,188,189,190,-1,-1,-1,-1,-1,-1,-1,-1,191,192,193,194,195,196,197,198,199,200,201,202,203,204,205,206,-1,207,208,209,-1,-1,-1,-1,-1,210,-1,-1,-1,-1,-1,-1,-1,-1,-1,-1,-1,-1,-1,-1,-1,-1,-1,-1,-1,-1,-1,-1,-1,-1,-1,-1,-1,-1,-1,-1,-1,-1,-1,-1,-1,-1,-1,-1,-1,-1,-1,-1,-1,-1,211,212,213,214,215,216,217,-1,-1,-1,-1,-1,-1,218,219,220,221,222,223,-1,-1,224,225,226,227,228,229,230,231,232,233,234,235,236,237,238,239,-1,-1,-1,-1,-1,-1,-1,-1,-1,-1,-1,-1,-1,-1,-1,-1,-1,-1,-1,240,241,242,243,244,-1,245,246,247,248,249,250,251,252,253,-1,254,255,256,257,258,259,260,261,262,263,264,-1,-1,265,266,267,268,269,270,-1,271,-1,272,273,274,-1,-1,-1,-1,-1,-1,-1,-1,-1,-1,275,276,277,278,279,280,281,-1,-1,-1,-1,-1,-1,-1,-1,-1,-1,-1,282,283,284,285,286,287,288,289,-1,-1,-1,290,291,292,293,294,295,296,297,298,-1,299,300,301,302,303,304,305,306,307,308,309,310,311,312,313,314,315,316,317,318,319,320,321,322,323,324,325,326,-1,327,328,329,330,331,332,333,334,335,336,337,338,339,-1,340,341,342,343,344,345,346,-1,-1,-1,-1,-1,-1,-1,-1,-1,-1,-1,-1,-1,-1,-1,-1,-1,-1,-1,-1,-1,-1,-1,-1,-1,-1,-1,-1,-1,-1,-1,-1,-1,-1,-1,-1,-1,-1,-1
A0A5C2BYC4,-1,-1,-1,-1,-1,-1,-1,-1,-1,-1,-1,-1,-1,-1,-1,-1,-1,-1,-1,-1,-1,-1,0,1,2,3,4,5,6,-1,-1,-1,-1,-1,-1,-1,-1,-1,-1,7,8,9,10,11,12,13,14,15,16,17,-1,-1,-1,-1,-1,-1,-1,-1,-1,-1,-1,-1,-1,-1,-1,-1,-1,-1,-1,-1,-1,-1,-1,-1,-1,-1,-1,-1,-1,-1,-1,-1,-1,-1,-1,-1,-1,-1,-1,-1,-1,-1,-1,-1,-1,-1,-1,-1,-1,-1,-1,-1,-1,-1,-1,-1,-1,-1,-1,-1,-1,-1,-1,-1,-1,-1,-1,-1,-1,-1,-1,-1,-1,-1,-1,18,19,20,21,22,23,24,25,-1,26,27,28,29,30,-1,31,32,33,34,35,-1,-1,-1,36,37,38,39,40,41,42,43,44,45,-1,46,47,-1,48,49,50,51,52,53,54,55,56,57,58,59,60,61,62,63,64,-1,-1,-1,-1,-1,-1,-1,65,66,67,68,69,70,-1,-1,71,72,73,74,75,76,77,78,79,80,81,82,83,84,85,86,87,-1,-1,-1,-1,-1,-1,88,89,90,-1,-1,-1,-1,-1,-1,91,92,93,94,95,96,97,98,99,100,101,102,103,104,105,106,107,108,109,110,111,112,113,114,115,116,117,-1,118,119,120,121,-1,-1,-1,122,123,-1,-1,-1,-1,-1,-1,-1,-1,-1,-1,-1,124,125,126,127,128,-1,129,130,131,132,133,134,135,136,137,138,139,140,141,142,143,144,145,146,147,148,149,150,151,152,153,-1,-1,154,155,156,157,158,159,160,161,162,163,164,165,166,167,-1,-1,-1,-1,-1,-1,-1,-1,-1,-1,-1,-1,-1,-1,-1,-1,-1,-1,-1,-1,-1,-1,-1,-1,-1,-1,-1,-1,168,169,170,171,172,173,174,175,176,177,178,179,180,181,182,183,184,185,186,187,188,189,-1,190,191,-1,-1,-1,-1,192,193,194,195,196,197,198,199,-1,-1,-1,-1,-1,-1,-1,200,201,202,203,204,205,206,207,208,209,210,211,212,213,214,215,216,217,218,219,-1,-1,-1,-1,-1,220,221,222,223,-1,-1,-1,-1,-1,-1,-1,-1,-1,-1,-1,224,225,226,227,228,229,230,231,232,233,-1,-1,-1,234,235,236,237,238,239,240,241,242,243,244,245,246,247,248,249,250,251,252,253,254,255,256,257,-1,-1,-1,-1,-1,-1,258,259,260,261,262,263,-1,-1,264,265,266,267,268,269,270,271,272,273,274,275,276,277,278,279,280,281,-1,-1,-1,-1,-1,-1,-1,-1,-1,-1,-1,-1,-1,-1,-1,-1,-1,282,283,284,285,286,-1,287,288,289,290,291,292,293,294,295,-1,296,297,298,299,300,301,302,303,304,305,306,-1,-1,307,308,309,310,311,312,313,314,-1,315,316,317,-1,-1,-1,-1,-1,-1,-1,-1,318,319,320,321,322,323,324,325,326,-1,-1,-1,-1,-1,-1,-1,-1,-1,-1,-1,327,328,329,330,331,332,333,334,-1,-1,-1,335,336,337,338,339,340,341,342,343,344,345,346,347,348,349,350,351,352,353,354,355,356,357,358,359,360,-1,361,362,363,364,365,366,367,368,369,370,371,-1,372,373,374,375,376,377,378,379,380,381,382,383,384,-1,-1,-1,-1,-1,-1,-1,-1,-1,-1,-1,-1,-1,-1,-1,-1,-1,-1,-1,-1,-1,-1,-1,-1,-1,-1,-1,-1,-1,-1,-1,-1,-1,-1,-1,-1,-1,-1,-1,-1,-1,-1,-1,-1,-1,385,386
A0A5C2C0X5,-1,-1,-1,-1,-1,-1,-1,-1,-1,-1,-1,-1,-1,-1,-1,-1,-1,-1,-1,-1,-1,-1,0,1,2,3,4,5,6,-1,-1,-1,-1,-1,-1,-1,-1,-1,-1,-1,-1,-1,7,8,9,10,11,12,13,14,-1,-1,-1,-1,-1,-1,-1,-1,-1,-1,-1,-1,-1,-1,-1,-1,-1,-1,-1,-1,-1,-1,-1,-1,-1,-1,-1,-1,-1,-1,-1,-1,-1,-1,-1,-1,-1,-1,-1,-1,-1,-1,-1,-1,-1,-1,-1,-1,-1,-1,-1,-1,-1,-1,-1,-1,-1,-1,-1,-1,-1,-1,-1,-1,-1,-1,-1,-1,-1,-1,-1,-1,-1,-1,-1,15,16,17,18,19,20,21,22,-1,23,24,25,26,27,-1,28,29,30,31,32,-1,-1,-1,33,34,35,36,37,38,39,40,41,42,-1,43,44,-1,45,46,47,48,49,50,51,52,53,54,55,56,57,58,59,60,61,-1,-1,-1,-1,-1,-1,-1,62,63,64,65,66,67,-1,-1,68,69,70,71,72,73,74,75,76,77,78,79,80,81,82,83,84,-1,-1,-1,-1,-1,-1,85,86,87,-1,-1,-1,-1,-1,88,89,90,91,92,93,94,95,96,97,98,99,100,101,102,103,104,105,106,107,108,109,110,111,112,113,114,115,-1,116,117,118,119,-1,-1,-1,120,121,-1,-1,-1,-1,-1,-1,-1,-1,-1,-1,-1,122,123,124,125,126,-1,127,128,129,130,131,132,133,134,135,136,137,138,139,140,141,142,143,144,145,146,147,148,149,150,151,-1,-1,152,153,154,155,156,157,158,159,160,161,162,163,164,165,-1,-1,-1,-1,-1,-1,-1,-1,-1,-1,-1,-1,-1,-1,-1,-1,-1,-1,-1,-1,-1,-1,-1,-1,-1,-1,-1,-1,166,167,168,169,170,171,172,173,174,175,176,177,178,179,180,181,182,183,184,185,186,187,-1,188,189,-1,-1,-1,-1,190,191,192,193,194,195,196,197,-1,-1,-1,-1,-1,-1,-1,198,199,200,201,202,203,204,205,206,207,208,209,210,211,212,213,214,215,216,217,-1,-1,-1,-1,-1,218,219,220,221,-1,-1,-1,-1,-1,-1,-1,-1,-1,-1,-1,222,223,224,225,226,227,228,229,230,231,232,233,234,235,236,237,238,239,240,-1,-1,241,242,243,244,245,246,247,-1,248,249,250,251,252,253,254,255,-1,-1,-1,-1,-1,-1,256,257,258,259,260,261,-1,-1,262,263,264,265,266,267,268,269,270,271,272,273,274,275,276,277,-1,-1,-1,-1,-1,-1,-1,-1,-1,-1,-1,-1,-1,-1,-1,-1,-1,-1,-1,278,279,280,281,282,283,284,285,286,287,288,289,290,291,292,-1,293,294,295,296,297,298,299,300,301,302,303,-1,-1,304,305,306,307,308,309,310,311,-1,312,313,314,-1,-1,-1,-1,-1,-1,-1,-1,315,316,317,318,319,320,321,322,323,-1,-1,-1,-1,-1,-1,-1,-1,-1,-1,-1,324,325,326,327,328,329,330,331,-1,-1,-1,332,333,334,335,336,337,338,339,340,341,342,343,344,345,346,347,348,349,350,351,352,353,354,355,356,357,-1,358,359,360,361,362,363,364,365,366,367,368,-1,369,370,371,372,373,374,375,376,377,378,-1,-1,-1,-1,-1,-1,-1,-1,-1,-1,-1,-1,-1,-1,-1,-1,-1,-1,-1,-1,-1,-1,-1,-1,-1,-1,-1,-1,-1,-1,-1,-1,-1,-1,-1,-1,-1,-1,-1,-1,-1,-1,-1,-1,-1,-1,-1,-1,-1,-1
A0A5C2C1U8,-1,-1,-1,-1,-1,-1,-1,-1,-1,-1,-1,-1,-1,-1,-1,-1,-1,-1,-1,-1,-1,-1,0,1,2,3,4,5,6,-1,-1,-1,-1,-1,-1,-1,-1,-1,-1,-1,7,8,9,10,11,12,13,14,15,16,-1,-1,-1,-1,-1,-1,-1,-1,-1,-1,-1,-1,-1,-1,-1,-1,-1,-1,-1,-1,-1,-1,-1,-1,-1,-1,-1,-1,-1,-1,-1,-1,-1,-1,-1,-1,-1,-1,-1,-1,-1,-1,-1,-1,-1,-1,-1,-1,-1,-1,-1,-1,-1,-1,-1,-1,-1,-1,-1,-1,-1,-1,-1,-1,-1,-1,-1,-1,-1,-1,-1,-1,-1,-1,-1,17,18,19,20,21,22,23,24,-1,25,26,27,28,29,30,31,32,33,34,35,-1,-1,-1,36,37,38,39,40,41,42,43,44,45,-1,46,47,-1,48,49,50,51,52,53,54,55,56,57,58,59,60,61,62,63,64,-1,-1,-1,-1,-1,-1,-1,65,66,67,-1,-1,-1,-1,-1,-1,68,69,70,71,72,73,74,75,76,77,78,79,80,81,82,83,-1,-1,-1,-1,-1,-1,-1,-1,-1,-1,-1,-1,-1,84,85,86,87,88,89,90,91,92,93,94,95,96,97,98,99,100,101,102,103,104,105,106,107,108,-1,109,110,111,-1,112,113,114,-1,-1,-1,-1,115,116,-1,-1,-1,-1,-1,-1,-1,-1,-1,-1,-1,117,118,119,120,121,-1,122,123,124,125,126,127,128,129,130,131,132,133,134,135,136,137,138,139,140,141,142,143,144,145,146,-1,-1,147,148,149,150,151,152,153,154,155,156,157,-1,158,159,-1,-1,-1,-1,-1,-1,-1,-1,-1,-1,-1,-1,-1,-1,-1,-1,-1,-1,-1,-1,-1,-1,-1,-1,-1,-1,160,161,162,163,164,165,166,167,168,169,170,171,172,173,174,175,176,177,178,179,180,181,182,183,-1,184,185,-1,-1,-1,-1,186,187,188,189,190,191,-1,-1,-1,-1,-1,-1,-1,-1,-1,-1,192,193,194,195,196,197,198,199,200,201,202,203,204,205,206,207,208,209,210,211,212,213,214,215,216,217,218,219,-1,-1,-1,-1,-1,-1,-1,-1,-1,-1,-1,-1,-1,-1,-1,-1,-1,-1,-1,-1,-1,-1,-1,-1,-1,-1,-1,-1,-1,-1,-1,-1,-1,-1,-1,-1,-1,-1,-1,-1,-1,-1,-1,-1,-1,-1,-1,-1,-1,-1,-1,-1,-1,-1,220,221,222,223,224,225,-1,-1,226,227,228,229,230,231,232,233,234,235,236,237,238,239,240,241,-1,-1,-1,-1,-1,-1,-1,-1,-1,-1,-1,-1,-1,-1,-1,-1,-1,-1,-1,242,243,244,245,246,-1,247,248,249,250,251,252,253,254,255,-1,256,257,258,259,260,261,262,263,264,265,266,267,268,269,270,271,272,273,274,275,276,277,278,279,280,-1,-1,-1,-1,-1,-1,-1,281,282,283,284,285,286,287,288,289,290,-1,-1,-1,-1,-1,-1,-1,-1,-1,-1,-1,291,292,293,294,295,296,297,298,-1,-1,-1,299,300,301,302,303,304,305,306,307,-1,308,309,310,311,312,313,314,315,316,317,318,319,320,321,322,323,324,325,326,327,328,329,330,331,332,333,334,335,-1,-1,336,337,338,339,340,341,342,343,344,345,346,347,-1,-1,-1,-1,-1,-1,-1,-1,-1,-1,-1,-1,-1,-1,-1,-1,-1,-1,-1,-1,-1,348,-1,-1,-1,-1,-1,-1,-1,-1,-1,-1,-1,-1,-1,-1,-1,-1,-1,-1,-1,-1,-1,-1,-1,-1,-1
A0A6B3M9R4,-1,-1,-1,-1,-1,-1,-1,-1,-1,-1,-1,-1,-1,-1,-1,-1,-1,-1,-1,-1,-1,-1,0,1,2,-1,3,4,5,-1,-1,-1,-1,-1,-1,-1,-1,6,7,8,9,10,11,12,13,14,15,16,17,18,19,-1,-1,-1,-1,-1,-1,-1,-1,-1,-1,-1,-1,-1,-1,-1,-1,-1,-1,-1,-1,-1,-1,-1,-1,-1,-1,-1,-1,-1,-1,-1,-1,-1,-1,-1,-1,-1,-1,-1,-1,-1,-1,-1,-1,-1,-1,-1,-1,-1,-1,-1,-1,-1,-1,-1,-1,-1,-1,-1,-1,-1,-1,-1,-1,-1,-1,-1,-1,-1,-1,-1,-1,-1,20,21,22,23,24,25,26,27,28,-1,29,30,31,32,33,-1,34,35,36,37,38,-1,-1,39,40,41,42,43,44,45,46,47,48,49,-1,50,51,-1,52,53,54,55,56,57,58,59,60,61,62,63,64,65,66,67,68,-1,-1,-1,-1,-1,-1,-1,69,70,71,-1,-1,-1,-1,-1,-1,72,73,74,75,76,77,78,79,80,81,82,83,84,85,86,87,-1,-1,-1,-1,-1,-1,-1,-1,-1,-1,-1,-1,-1,-1,-1,88,89,90,91,92,93,94,95,96,97,98,99,100,101,102,103,104,105,106,107,108,109,110,-1,111,112,113,-1,114,115,-1,-1,116,-1,-1,117,118,-1,-1,-1,-1,-1,-1,-1,-1,-1,-1,-1,119,120,121,122,123,-1,124,125,126,127,128,129,130,131,132,133,134,135,136,137,138,139,140,141,142,143,144,145,146,147,148,149,150,151,152,153,154,155,156,157,158,159,160,161,-1,162,163,164,-1,-1,-1,-1,-1,-1,-1,-1,-1,-1,-1,-1,-1,-1,-1,-1,-1,-1,-1,-1,-1,-1,-1,-1,-1,-1,-1,165,166,167,168,169,170,171,172,173,174,175,176,177,178,179,180,181,182,183,184,185,186,-1,187,188,-1,-1,-1,-1,189,190,191,192,193,194,195,-1,-1,-1,-1,-1,-1,-1,-1,196,197,198,199,200,201,202,203,204,205,206,207,208,209,210,211,-1,212,213,214,-1,-1,-1,-1,-1,215,-1,-1,-1,-1,-1,-1,-1,-1,-1,-1,-1,-1,-1,-1,-1,-1,-1,-1,-1,-1,-1,-1,-1,-1,-1,-1,-1,-1,-1,-1,-1,-1,-1,-1,-1,-1,-1,-1,-1,-1,-1,-1,-1,-1,216,217,218,219,220,221,222,-1,-1,-1,-1,-1,-1,223,224,225,226,227,228,-1,-1,229,230,231,232,233,234,235,236,237,238,239,240,241,242,243,244,-1,-1,-1,-1,-1,-1,-1,-1,-1,-1,-1,-1,-1,-1,-1,-1,-1,-1,-1,245,246,247,248,249,-1,250,251,252,253,254,255,256,257,258,-1,259,260,261,262,263,264,265,266,267,268,269,-1,-1,270,271,272,273,274,275,-1,276,-1,277,278,279,-1,-1,-1,-1,-1,-1,-1,-1,-1,-1,280,281,282,283,284,285,286,-1,-1,-1,-1,-1,-1,-1,-1,-1,-1,-1,287,288,289,290,291,292,293,294,-1,-1,-1,295,296,297,298,299,300,301,302,303,-1,304,305,306,307,308,309,310,311,312,313,314,315,316,317,318,319,320,321,322,323,324,325,326,327,328,329,330,331,-1,332,333,334,335,336,337,338,339,340,341,342,343,344,-1,345,346,347,348,349,-1,350,351,352,353,354,-1,-1,-1,-1,-1,-1,-1,-1,-1,-1,-1,-1,-1,-1,-1,-1,-1,-1,-1,-1,-1,-1,-1,-1,-1,-1,-1,-1,-1,-1,-1,-1,-1,-1,-1
A0A6B3MYR8,-1,-1,-1,-1,-1,-1,-1,-1,-1,-1,-1,-1,-1,-1,-1,-1,-1,-1,-1,-1,-1,-1,0,1,2,3,4,5,6,-1,-1,-1,-1,-1,-1,7,8,9,10,11,12,13,14,15,16,17,18,19,20,21,-1,-1,-1,-1,-1,-1,-1,-1,-1,-1,-1,-1,-1,-1,-1,-1,-1,-1,-1,-1,-1,-1,-1,-1,-1,-1,-1,-1,-1,-1,-1,-1,-1,-1,-1,-1,-1,-1,-1,-1,-1,-1,-1,-1,-1,-1,-1,-1,-1,-1,-1,-1,-1,-1,-1,-1,-1,-1,-1,-1,-1,-1,-1,-1,-1,-1,-1,-1,-1,-1,-1,-1,-1,-1,-1,22,23,24,25,26,27,28,29,-1,30,31,32,33,34,-1,35,36,37,38,39,-1,-1,-1,40,41,42,43,44,45,46,47,48,49,50,51,52,-1,53,54,55,56,57,58,59,60,61,62,63,64,65,66,67,68,69,-1,-1,-1,-1,-1,-1,-1,70,71,72,73,74,75,76,77,78,79,80,81,82,83,84,85,86,87,88,89,90,91,92,93,94,-1,-1,-1,-1,-1,-1,-1,-1,-1,-1,-1,-1,-1,-1,95,96,97,98,99,100,101,102,103,104,105,106,107,108,109,110,111,112,113,114,115,116,117,118,119,120,121,122,-1,123,124,125,126,127,-1,-1,128,129,-1,-1,-1,-1,-1,-1,-1,-1,-1,-1,-1,130,131,132,133,134,-1,135,136,137,138,139,140,141,142,143,144,145,146,147,148,149,150,151,152,153,154,155,156,157,158,159,-1,-1,160,161,162,163,164,165,166,167,168,169,170,-1,171,172,-1,-1,-1,-1,-1,-1,-1,-1,-1,-1,-1,-1,-1,-1,-1,-1,-1,-1,-1,-1,-1,-1,-1,-1,-1,-1,-1,-1,173,174,175,176,177,178,179,180,181,182,183,184,185,186,187,188,189,190,191,192,193,194,-1,195,196,-1,-1,-1,-1,197,198,199,200,201,202,-1,-1,-1,-1,-1,-1,-1,-1,-1,203,204,205,206,207,208,209,210,211,212,213,214,215,216,217,218,219,220,221,222,-1,-1,-1,-1,-1,223,224,225,226,-1,-1,-1,-1,-1,-1,-1,-1,-1,-1,-1,227,228,229,230,231,232,233,234,235,236,-1,-1,-1,237,238,239,240,241,242,-1,-1,-1,-1,-1,-1,-1,-1,-1,-1,243,244,245,246,247,248,249,250,-1,-1,-1,-1,-1,-1,251,252,253,254,255,256,-1,-1,257,258,259,260,261,262,263,264,265,266,267,268,269,270,271,272,-1,-1,-1,-1,-1,-1,-1,-1,-1,-1,-1,-1,-1,-1,-1,-1,-1,-1,-1,273,274,275,276,277,-1,278,279,280,281,282,283,284,285,286,-1,287,288,289,290,291,292,293,294,295,296,297,-1,-1,298,299,300,301,302,303,-1,304,-1,305,306,307,-1,-1,-1,308,309,310,311,312,313,314,315,316,317,318,319,320,321,-1,-1,-1,-1,-1,-1,-1,-1,-1,-1,-1,322,323,324,325,326,327,328,329,-1,-1,-1,330,331,332,333,334,335,336,337,338,-1,339,340,341,342,343,344,345,346,347,348,349,350,351,352,353,354,355,356,357,358,359,360,361,362,363,-1,-1,-1,-1,-1,-1,-1,364,365,366,367,368,369,370,371,372,373,374,375,376,377,378,379,380,-1,-1,-1,-1,-1,-1,-1,-1,-1,-1,-1,-1,-1,-1,-1,-1,-1,-1,-1,-1,-1,-1,-1,-1,-1,-1,-1,-1,-1,-1,-1,-1,-1,-1,-1,-1,-1,-1,-1,381
A0A6B3PBB6,-1,-1,-1,-1,-1,-1,-1,-1,-1,-1,-1,-1,-1,-1,-1,-1,-1,-1,-1,-1,-1,-1,-1,-1,-1,-1,-1,-1,-1,-1,-1,-1,-1,-1,-1,-1,-1,-1,-1,-1,-1,-1,-1,-1,-1,-1,-1,-1,-1,-1,-1,-1,-1,-1,-1,-1,-1,-1,-1,-1,-1,-1,-1,-1,-1,-1,-1,-1,-1,-1,-1,-1,-1,-1,-1,-1,-1,-1,-1,-1,-1,-1,-1,-1,-1,-1,-1,-1,-1,-1,-1,-1,-1,-1,-1,-1,-1,-1,-1,-1,-1,-1,-1,-1,-1,-1,-1,-1,-1,-1,-1,-1,-1,-1,-1,-1,-1,-1,-1,-1,-1,-1,-1,-1,-1,0,1,2,3,4,5,6,7,-1,8,9,10,11,12,-1,13,14,15,16,17,-1,-1,-1,18,19,20,21,22,23,24,25,26,27,28,29,30,-1,31,32,33,34,35,36,37,38,39,40,41,42,43,44,45,46,47,-1,-1,-1,-1,-1,-1,-1,48,49,50,51,52,53,54,55,56,57,58,59,60,61,62,63,64,65,66,67,68,69,70,71,72,-1,-1,-1,-1,-1,-1,-1,-1,-1,-1,-1,-1,-1,-1,73,74,75,76,77,78,79,80,81,82,83,84,85,86,87,88,89,90,91,92,93,94,95,96,97,98,99,100,-1,101,102,103,104,105,-1,-1,106,107,-1,-1,-1,-1,-1,-1,-1,-1,-1,-1,-1,108,109,110,111,112,-1,113,114,115,116,117,118,119,120,121,122,123,124,125,126,127,128,129,130,131,132,133,134,135,136,137,-1,-1,138,139,140,141,142,143,144,145,146,147,148,-1,149,150,-1,-1,-1,-1,-1,-1,-1,-1,-1,-1,-1,-1,-1,-1,-1,-1,-1,-1,-1,-1,-1,-1,-1,-1,-1,-1,-1,-1,151,152,153,154,155,156,157,158,159,160,161,162,163,164,165,166,167,168,169,170,171,172,-1,173,174,-1,-1,-1,-1,175,176,177,178,179,180,-1,-1,-1,-1,-1,-1,-1,-1,-1,181,182,183,184,185,186,187,188,189,190,191,192,193,194,195,196,197,198,199,200,-1,-1,-1,-1,-1,201,202,203,204,-1,-1,-1,-1,-1,-1,-1,-1,-1,-1,-1,205,206,207,208,209,210,211,212,213,214,-1,-1,-1,215,216,217,218,219,220,-1,-1,-1,-1,-1,-1,-1,-1,-1,-1,221,222,223,224,225,226,227,228,-1,-1,-1,-1,-1,-1,229,230,231,232,233,234,-1,-1,235,236,237,238,239,240,241,242,243,244,245,246,247,248,249,250,-1,-1,-1,-1,-1,-1,-1,-1,-1,-1,-1,-1,-1,-1,-1,-1,-1,-1,-1,251,252,253,254,255,-1,256,257,258,259,260,261,262,263,264,-1,265,266,267,268,269,270,271,272,273,274,275,-1,-1,276,277,278,279,280,281,-1,282,-1,283,284,285,-1,-1,-1,286,287,288,289,290,291,292,293,294,295,296,297,298,299,-1,-1,-1,-1,-1,-1,-1,-1,-1,-1,-1,300,301,302,303,304,305,306,307,-1,-1,-1,308,309,310,311,312,313,314,315,316,-1,317,318,319,320,321,322,323,324,325,326,327,328,329,330,331,332,333,334,335,336,337,338,339,340,341,-1,-1,-1,-1,-1,-1,-1,342,343,344,345,346,347,348,349,350,351,352,353,354,355,356,357,358,-1,-1,-1,-1,-1,-1,-1,-1,-1,-1,-1,-1,-1,-1,-1,-1,-1,-1,-1,-1,-1,-1,-1,-1,-1,-1,-1,-1,-1,-1,-1,-1,-1,-1,-1,-1,-1,-1,-1,359
A0A6B3PFJ7,-1,-1,-1,-1,-1,-1,-1,-1,-1,-1,-1,-1,-1,-1,-1,-1,-1,-1,-1,-1,-1,-1,0,1,2,-1,3,4,5,-1,-1,-1,-1,-1,-1,-1,-1,6,7,8,9,10,11,12,13,14,15,16,17,18,-1,-1,-1,-1,-1,-1,-1,-1,-1,-1,-1,-1,-1,-1,-1,-1,-1,-1,-1,-1,-1,-1,-1,-1,-1,-1,-1,-1,-1,-1,-1,-1,-1,-1,-1,-1,-1,-1,-1,-1,-1,-1,-1,-1,-1,-1,-1,-1,-1,-1,-1,-1,-1,-1,-1,-1,-1,-1,-1,-1,-1,-1,-1,-1,-1,-1,-1,-1,-1,-1,-1,-1,-1,-1,-1,19,20,21,22,23,24,25,26,-1,27,28,29,30,31,-1,32,33,34,35,-1,-1,-1,-1,36,37,38,39,40,41,42,43,44,45,-1,46,47,-1,48,49,50,51,52,53,54,55,56,57,58,59,60,61,62,63,64,-1,-1,-1,-1,-1,-1,-1,65,66,67,-1,-1,-1,-1,-1,-1,68,69,70,71,72,73,74,75,76,77,78,79,80,81,82,83,-1,-1,-1,-1,-1,-1,-1,-1,-1,-1,-1,-1,-1,-1,-1,84,85,86,87,88,89,90,91,92,93,94,95,96,97,98,99,100,101,102,103,104,105,106,-1,107,108,109,-1,110,111,-1,-1,112,-1,-1,113,114,-1,-1,-1,-1,-1,-1,-1,-1,-1,-1,-1,115,116,117,118,119,-1,120,121,122,123,124,125,126,127,128,129,130,131,132,133,134,135,136,137,138,139,140,141,142,143,144,145,146,147,148,149,150,151,152,153,154,155,156,157,-1,158,159,160,161,162,163,164,165,166,167,168,169,170,171,172,173,174,175,176,177,178,179,180,181,182,183,184,185,186,187,188,189,190,191,192,193,194,195,196,197,198,199,200,201,202,203,204,205,206,207,208,209,-1,210,211,-1,-1,-1,-1,212,213,214,215,216,217,218,219,220,221,222,223,224,225,226,227,228,229,230,231,232,233,234,235,236,237,238,239,240,241,242,-1,243,244,245,-1,-1,-1,-1,-1,246,-1,-1,-1,-1,-1,-1,-1,-1,-1,-1,-1,-1,-1,-1,-1,-1,-1,-1,-1,-1,-1,-1,-1,-1,-1,-1,-1,-1,-1,-1,-1,-1,-1,-1,-1,-1,-1,-1,-1,-1,-1,-1,-1,-1,247,248,249,250,251,252,253,254,255,256,257,258,259,260,261,262,263,264,265,-1,-1,266,267,268,269,270,271,272,273,274,275,276,277,278,279,280,281,282,283,284,285,286,287,288,289,290,291,292,293,294,295,296,297,298,299,300,301,302,303,304,305,-1,306,307,308,309,310,311,312,313,314,-1,315,316,317,318,319,320,321,322,323,324,325,-1,-1,326,327,-1,-1,-1,328,-1,329,-1,330,331,332,-1,-1,-1,-1,-1,-1,-1,-1,-1,-1,333,334,335,336,337,338,339,340,341,342,343,344,345,346,347,348,349,350,351,352,353,354,355,356,357,358,-1,-1,-1,359,360,361,362,363,364,365,366,367,-1,368,369,370,371,372,373,374,375,376,377,-1,-1,378,379,380,381,382,383,384,385,386,387,388,389,390,391,392,393,-1,394,395,396,397,398,399,400,401,402,403,404,405,406,-1,407,-1,408,409,410,411,412,413,414,415,416,417,418,419,420,421,422,423,424,425,426,-1,-1,-1,-1,-1,-1,-1,-1,-1,-1,-1,-1,-1,-1,-1,-1,-1,-1,-1,-1,-1,-1,-1,-1,-1
A0A6I3NAM9,-1,-1,-1,-1,-1,-1,-1,-1,-1,-1,-1,-1,-1,-1,-1,-1,-1,-1,-1,-1,-1,-1,-1,-1,-1,-1,-1,-1,-1,-1,-1,-1,-1,-1,-1,-1,-1,-1,-1,-1,-1,-1,-1,-1,-1,-1,-1,-1,-1,-1,-1,-1,-1,-1,-1,-1,-1,-1,-1,-1,-1,-1,-1,-1,-1,-1,-1,-1,-1,-1,-1,-1,-1,-1,-1,-1,-1,-1,-1,-1,-1,-1,-1,-1,-1,-1,-1,-1,-1,-1,-1,-1,-1,-1,-1,-1,-1,-1,-1,-1,-1,-1,-1,-1,-1,-1,-1,-1,-1,-1,-1,-1,-1,-1,-1,-1,-1,-1,-1,-1,-1,-1,-1,-1,-1,-1,-1,-1,-1,-1,0,1,2,-1,3,4,5,6,7,-1,8,9,10,11,12,-1,-1,-1,13,14,15,16,17,18,19,20,21,22,-1,23,24,-1,25,26,27,28,29,30,31,32,33,34,35,36,37,38,39,40,41,-1,-1,-1,-1,-1,-1,-1,42,43,44,-1,-1,-1,-1,-1,-1,-1,-1,45,46,47,48,49,50,51,52,53,54,55,56,57,58,-1,-1,-1,-1,-1,-1,59,60,61,-1,-1,-1,-1,-1,-1,62,63,64,65,66,67,68,69,70,71,72,73,74,75,76,77,78,79,80,81,82,83,84,85,86,87,88,-1,89,90,91,92,-1,-1,-1,93,94,-1,-1,-1,-1,-1,-1,-1,-1,-1,-1,-1,95,96,97,98,99,-1,100,101,102,103,104,105,106,107,108,109,110,111,112,113,114,115,116,117,118,119,120,121,122,123,124,-1,-1,125,126,127,128,129,130,131,132,133,134,135,-1,136,137,-1,-1,-1,-1,-1,-1,-1,-1,-1,-1,-1,-1,-1,-1,-1,-1,-1,-1,-1,-1,-1,-1,-1,-1,-1,-1,-1,-1,138,139,140,141,142,143,144,145,146,147,148,149,150,151,152,153,154,155,156,157,158,159,-1,160,161,-1,-1,-1,-1,162,163,164,165,166,167,-1,-1,-1,-1,-1,-1,-1,-1,-1,168,169,170,171,172,173,174,175,176,177,178,179,180,181,182,183,184,185,186,187,-1,-1,-1,-1,-1,188,189,190,191,-1,-1,-1,-1,-1,-1,-1,-1,-1,-1,-1,192,193,194,195,196,197,198,199,200,201,-1,-1,-1,202,203,204,205,206,207,-1,-1,-1,-1,-1,-1,-1,-1,-1,-1,208,209,210,211,212,213,214,215,-1,-1,-1,-1,-1,-1,216,217,218,219,220,221,-1,-1,222,223,224,225,226,227,228,229,230,231,232,233,234,235,236,237,-1,-1,-1,-1,-1,-1,-1,-1,-1,-1,-1,-1,-1,-1,-1,-1,-1,-1,-1,238,239,240,241,242,-1,243,244,245,246,247,248,249,250,251,-1,252,253,254,255,256,257,258,259,260,261,262,-1,-1,263,264,265,266,267,268,-1,269,-1,270,271,272,-1,-1,-1,-1,-1,-1,-1,-1,-1,-1,273,274,275,276,277,278,279,-1,-1,-1,-1,-1,-1,-1,-1,-1,-1,-1,280,281,282,283,284,285,286,287,-1,-1,-1,288,289,290,291,292,293,294,295,296,-1,297,298,299,300,301,302,303,304,305,306,307,308,309,310,311,312,-1,313,314,315,316,317,318,319,320,-1,-1,-1,-1,-1,-1,-1,-1,-1,321,322,323,324,325,326,327,328,-1,-1,-1,-1,-1,-1,-1,-1,-1,-1,-1,-1,-1,-1,-1,-1,-1,-1,-1,-1,-1,-1,-1,-1,-1,-1,-1,-1,-1,-1,-1,-1,-1,-1,-1,-1,-1,-1,-1,-1,-1,-1,-1,-1,-1,-1,-1
A0A7K1GNS5,-1,-1,-1,-1,-1,-1,-1,-1,-1,-1,-1,-1,-1,-1,-1,-1,-1,-1,-1,-1,-1,-1,0,1,2,3,4,5,6,-1,-1,-1,-1,-1,-1,-1,-1,7,8,9,10,11,12,13,14,15,16,17,18,19,-1,-1,-1,-1,-1,-1,-1,-1,-1,-1,-1,-1,-1,-1,-1,-1,-1,-1,-1,-1,-1,-1,-1,-1,-1,-1,-1,-1,-1,-1,-1,-1,-1,-1,-1,-1,-1,-1,-1,-1,-1,-1,-1,-1,-1,-1,-1,-1,-1,-1,-1,-1,-1,-1,-1,-1,-1,-1,-1,-1,-1,-1,-1,-1,-1,-1,-1,-1,-1,-1,-1,-1,-1,-1,-1,20,21,22,23,24,25,26,27,-1,28,29,30,31,32,-1,33,34,35,36,37,-1,-1,-1,38,39,40,41,42,43,44,45,46,47,-1,48,49,-1,50,51,52,53,54,55,56,57,58,59,60,61,62,63,64,65,66,-1,-1,-1,-1,-1,-1,-1,67,68,69,-1,-1,-1,-1,-1,-1,70,71,72,73,74,75,76,77,78,79,80,81,82,83,84,85,-1,-1,-1,-1,-1,-1,-1,-1,-1,-1,-1,-1,-1,-1,-1,86,87,88,89,90,91,92,93,94,95,96,97,98,99,100,101,102,103,104,105,106,107,108,-1,109,110,111,-1,112,113,114,115,116,-1,-1,117,118,-1,-1,-1,-1,-1,-1,-1,-1,-1,-1,-1,119,120,121,122,123,-1,124,125,126,127,128,129,130,131,132,133,134,135,136,137,138,139,140,141,142,143,144,145,146,147,148,149,150,151,152,153,154,155,156,157,158,159,160,161,-1,162,163,-1,-1,-1,-1,-1,-1,-1,-1,-1,-1,-1,-1,-1,-1,-1,-1,-1,-1,-1,-1,-1,-1,-1,-1,-1,-1,-1,-1,164,165,166,167,168,169,170,171,172,173,174,175,176,177,178,179,180,181,182,183,184,185,-1,186,187,-1,-1,-1,-1,188,189,190,191,192,193,194,-1,-1,-1,-1,-1,-1,-1,-1,195,196,197,198,199,200,201,202,203,204,205,206,207,208,209,210,-1,211,212,213,-1,-1,-1,-1,-1,214,-1,-1,-1,-1,-1,-1,-1,-1,-1,-1,-1,-1,-1,-1,-1,-1,-1,-1,-1,-1,-1,-1,-1,-1,-1,-1,-1,-1,-1,-1,-1,-1,-1,-1,-1,-1,-1,-1,-1,-1,-1,-1,-1,-1,215,216,217,218,219,220,221,-1,-1,-1,-1,-1,-1,222,223,224,225,226,227,-1,-1,228,229,230,231,232,233,234,235,236,237,238,239,240,241,242,243,-1,-1,-1,-1,-1,-1,-1,-1,-1,-1,-1,-1,-1,-1,-1,-1,-1,-1,-1,244,245,246,247,248,-1,249,250,251,252,253,254,255,256,257,-1,258,259,260,261,262,263,264,265,266,267,268,-1,-1,269,270,271,272,273,274,-1,275,-1,276,277,278,-1,-1,-1,-1,-1,-1,-1,-1,-1,-1,279,280,281,282,283,284,285,-1,-1,-1,-1,-1,-1,-1,-1,-1,-1,-1,286,287,288,289,290,291,292,293,-1,-1,-1,294,295,296,297,298,299,300,301,302,-1,303,304,305,306,307,308,309,310,311,312,313,314,315,316,317,318,319,320,321,322,323,324,325,326,327,328,329,330,-1,331,332,333,334,335,336,337,338,339,340,341,342,343,-1,344,345,346,347,348,-1,349,350,-1,-1,-1,-1,-1,-1,-1,-1,-1,-1,-1,-1,-1,-1,-1,-1,-1,-1,-1,-1,-1,-1,-1,-1,-1,-1,-1,-1,-1,-1,-1,-1,-1,-1,-1,-1,-1,-1
A0A7W2FPE8,-1,-1,-1,-1,-1,-1,-1,-1,-1,-1,-1,-1,-1,-1,-1,-1,-1,-1,-1,-1,-1,-1,0,1,2,-1,-1,-1,-1,-1,-1,-1,-1,-1,-1,-1,-1,-1,-1,3,4,5,6,7,8,9,10,11,12,13,-1,-1,-1,-1,-1,-1,-1,-1,-1,-1,-1,-1,-1,-1,-1,-1,-1,-1,-1,-1,-1,-1,-1,-1,-1,-1,-1,-1,-1,-1,-1,-1,-1,-1,-1,-1,-1,-1,-1,-1,-1,-1,-1,-1,-1,-1,-1,-1,-1,-1,-1,-1,-1,-1,-1,-1,-1,-1,-1,-1,-1,-1,-1,-1,-1,-1,-1,-1,-1,-1,-1,-1,-1,-1,-1,14,15,16,17,18,19,20,21,-1,22,23,24,25,26,-1,27,28,29,30,31,-1,-1,-1,32,33,34,35,36,37,38,39,40,41,42,43,44,-1,45,46,47,48,49,50,51,52,53,54,55,56,57,58,59,60,61,-1,-1,-1,-1,-1,-1,-1,62,63,64,65,66,-1,-1,-1,-1,67,68,69,70,71,72,73,74,75,76,77,78,79,80,81,82,-1,-1,-1,-1,-1,-1,-1,-1,-1,-1,-1,-1,-1,-1,83,84,85,86,87,88,89,90,91,92,93,94,95,96,97,98,99,100,101,102,103,104,105,106,107,108,109,110,-1,111,112,113,114,115,-1,-1,116,117,-1,-1,-1,-1,-1,-1,-1,-1,-1,-1,-1,118,119,120,121,122,-1,123,124,125,126,127,128,129,130,131,132,133,134,135,136,137,138,139,140,141,142,143,144,145,146,147,-1,-1,148,149,150,151,152,153,154,155,156,157,158,159,160,161,-1,-1,-1,-1,-1,-1,-1,-1,-1,-1,-1,-1,-1,-1,-1,-1,-1,-1,-1,-1,-1,-1,-1,-1,-1,-1,-1,-1,162,163,164,165,166,167,168,169,170,171,172,173,174,175,176,177,178,179,180,181,182,183,184,185,186,-1,-1,-1,-1,187,188,189,190,191,192,-1,-1,-1,-1,-1,-1,-1,-1,-1,193,194,195,196,197,198,199,200,201,202,203,204,205,206,207,208,209,210,211,212,-1,-1,-1,-1,-1,213,214,215,216,-1,-1,-1,-1,-1,-1,-1,-1,-1,-1,-1,217,218,219,220,221,222,223,224,225,226,-1,-1,-1,227,228,229,230,231,232,-1,-1,-1,-1,-1,-1,-1,-1,-1,-1,233,234,235,236,237,238,239,240,-1,-1,-1,-1,-1,-1,241,242,243,244,245,246,-1,-1,247,248,249,250,251,252,253,254,255,256,257,258,259,260,261,262,-1,-1,-1,-1,-1,-1,-1,-1,-1,-1,-1,-1,-1,-1,-1,-1,-1,-1,-1,263,264,265,266,267,-1,268,269,270,271,272,273,274,275,276,-1,277,278,279,280,281,282,283,284,285,286,287,-1,-1,288,289,290,291,292,293,-1,294,-1,295,296,297,-1,-1,-1,-1,-1,-1,298,299,300,301,302,303,304,305,306,307,308,-1,-1,-1,-1,-1,-1,-1,-1,-1,-1,-1,309,310,311,312,313,314,315,316,-1,-1,-1,317,318,319,320,321,322,323,324,325,-1,326,327,328,329,330,331,332,333,334,335,336,337,338,339,340,341,-1,342,343,344,345,346,347,348,349,-1,-1,-1,-1,-1,-1,350,-1,-1,351,352,353,354,355,356,357,358,359,360,-1,-1,-1,-1,-1,-1,-1,-1,-1,-1,-1,-1,-1,-1,-1,-1,-1,-1,-1,-1,-1,-1,-1,-1,-1,-1,-1,-1,-1,-1,-1,-1,-1,-1,-1,-1,-1,-1,-1,-1,-1,-1,-1,-1,-1
A0A848U0C2,-1,-1,-1,-1,-1,-1,-1,-1,-1,-1,-1,-1,-1,-1,-1,-1,-1,-1,-1,-1,-1,-1,0,1,2,3,4,5,6,-1,-1,-1,-1,-1,-1,-1,-1,-1,-1,7,8,9,10,11,12,13,14,15,16,17,-1,-1,-1,-1,-1,-1,-1,-1,-1,-1,-1,-1,-1,-1,-1,-1,-1,-1,-1,-1,-1,-1,-1,-1,-1,-1,-1,-1,-1,-1,-1,-1,-1,-1,-1,-1,-1,-1,-1,-1,-1,-1,-1,-1,-1,-1,-1,-1,-1,-1,-1,-1,-1,-1,-1,-1,-1,-1,-1,-1,-1,-1,-1,-1,-1,-1,-1,-1,-1,-1,-1,-1,-1,-1,-1,18,19,20,21,22,23,24,25,-1,26,27,28,29,30,-1,31,32,33,34,-1,-1,-1,-1,35,36,37,38,39,40,41,42,43,44,-1,45,46,-1,-1,47,48,49,50,51,52,53,54,55,56,57,58,59,60,61,62,-1,-1,-1,-1,-1,-1,-1,63,64,65,66,67,68,-1,69,70,71,72,73,74,75,76,77,78,79,80,81,82,83,84,85,86,-1,-1,-1,-1,-1,-1,-1,-1,-1,-1,-1,-1,-1,-1,87,88,89,90,91,92,93,94,95,96,97,98,99,100,101,102,103,104,105,106,107,108,109,110,-1,111,112,113,-1,114,115,-1,-1,-1,-1,-1,116,117,-1,-1,-1,-1,-1,-1,-1,-1,-1,-1,-1,118,119,120,121,122,-1,123,124,125,126,127,128,129,130,131,132,133,134,135,136,137,138,139,140,141,142,143,144,145,146,147,-1,-1,148,149,150,151,152,153,154,-1,-1,-1,-1,-1,-1,-1,-1,-1,-1,-1,-1,-1,-1,-1,-1,-1,-1,-1,-1,-1,-1,-1,-1,-1,-1,-1,-1,-1,-1,-1,-1,-1,-1,-1,155,156,157,158,159,160,161,162,163,164,165,166,167,168,169,170,171,172,173,174,175,176,-1,177,178,-1,-1,-1,-1,179,180,181,182,183,184,185,186,187,-1,-1,-1,-1,-1,-1,188,189,190,191,192,193,194,195,196,197,198,199,200,-1,-1,-1,-1,-1,-1,-1,-1,-1,-1,201,202,203,204,205,206,-1,-1,-1,-1,-1,-1,-1,-1,-1,-1,-1,-1,-1,-1,-1,-1,-1,-1,-1,-1,-1,-1,-1,-1,-1,-1,-1,-1,-1,-1,-1,-1,-1,-1,-1,-1,-1,-1,-1,-1,-1,-1,-1,-1,-1,-1,-1,-1,-1,-1,-1,-1,-1,-1,207,208,209,210,211,212,213,214,215,216,217,218,219,220,221,222,223,224,225,226,227,228,229,230,231,-1,-1,-1,-1,-1,-1,-1,-1,-1,-1,-1,-1,-1,-1,-1,-1,-1,-1,-1,-1,232,233,234,-1,235,236,237,238,239,240,241,242,243,-1,244,245,246,247,248,249,250,-1,-1,-1,-1,-1,-1,-1,-1,-1,-1,-1,-1,-1,251,-1,252,253,254,-1,-1,-1,-1,-1,-1,-1,-1,-1,-1,255,256,257,258,259,260,261,-1,-1,-1,-1,-1,-1,-1,-1,-1,-1,-1,262,263,264,265,266,267,268,269,-1,-1,-1,270,271,272,273,274,275,276,277,278,-1,279,280,281,282,283,284,285,286,287,288,289,290,291,292,293,294,295,296,297,298,299,300,301,302,303,304,-1,-1,-1,305,306,307,308,309,310,311,312,313,314,315,316,317,318,319,320,321,322,323,324,325,326,327,328,329,330,-1,-1,-1,-1,-1,-1,-1,-1,331,332,333,334,335,336,337,338,339,340,341,342,343,344,345,346,347,348,349,350,351,352,353,354,355,356
A0A8D5FTP2,-1,-1,-1,-1,-1,-1,-1,-1,-1,-1,-1,-1,-1,-1,-1,-1,-1,-1,-1,-1,-1,-1,0,1,2,3,4,5,6,-1,-1,-1,-1,-1,-1,7,8,9,10,11,12,13,14,15,16,17,18,19,20,21,-1,-1,-1,-1,-1,-1,-1,-1,-1,-1,-1,-1,-1,-1,-1,-1,-1,-1,-1,-1,-1,-1,-1,-1,-1,-1,-1,-1,-1,-1,-1,-1,-1,-1,-1,-1,-1,-1,-1,-1,-1,-1,-1,-1,-1,-1,-1,-1,-1,-1,-1,-1,-1,-1,-1,-1,-1,-1,-1,-1,-1,-1,-1,-1,-1,-1,-1,-1,-1,-1,-1,-1,-1,-1,-1,22,23,24,25,26,27,28,29,-1,30,31,32,33,34,-1,35,36,37,38,39,-1,-1,-1,40,41,42,43,44,45,46,47,48,49,-1,50,51,-1,52,53,54,55,56,57,58,59,60,61,62,63,64,65,66,67,68,-1,-1,-1,-1,-1,-1,-1,69,70,71,72,73,-1,-1,-1,-1,74,75,76,77,78,79,80,81,82,83,84,85,86,87,88,89,-1,-1,-1,-1,-1,-1,-1,-1,-1,-1,-1,-1,-1,-1,90,91,92,93,94,95,96,97,98,99,100,101,102,103,104,105,106,107,108,109,110,111,112,113,114,115,116,117,-1,118,119,120,121,122,-1,-1,123,124,-1,-1,-1,-1,-1,-1,-1,-1,-1,-1,-1,125,126,127,128,129,-1,130,131,132,133,134,135,136,137,138,139,140,141,142,143,144,145,146,147,148,149,150,151,152,153,154,-1,-1,155,156,157,158,159,160,161,162,163,164,165,166,167,168,-1,-1,-1,-1,-1,-1,-1,-1,-1,-1,-1,-1,-1,-1,-1,-1,-1,-1,-1,-1,-1,-1,-1,-1,-1,-1,-1,-1,169,170,171,172,173,174,175,176,177,178,179,180,181,182,183,184,185,186,187,188,189,190,-1,191,192,-1,-1,-1,-1,193,194,195,196,197,198,-1,-1,-1,-1,-1,-1,-1,-1,-1,199,200,201,202,203,204,205,206,207,208,209,210,211,212,213,214,215,216,217,218,-1,-1,-1,-1,-1,219,220,221,222,-1,-1,-1,-1,-1,-1,-1,-1,-1,-1,-1,223,224,225,226,227,228,229,230,231,232,-1,-1,-1,233,234,235,236,237,238,-1,-1,-1,-1,-1,-1,-1,-1,-1,-1,239,240,241,242,243,244,245,246,-1,-1,-1,-1,-1,-1,247,248,249,250,251,252,-1,-1,253,254,255,256,257,258,259,260,261,262,263,264,265,266,267,268,-1,-1,-1,-1,-1,-1,-1,-1,-1,-1,-1,-1,-1,-1,-1,-1,-1,-1,-1,269,270,271,272,273,-1,274,275,276,277,278,279,280,281,282,-1,283,284,285,286,287,288,289,290,291,292,293,-1,-1,294,295,296,297,298,299,-1,300,-1,301,302,303,-1,-1,-1,-1,-1,-1,-1,304,305,306,307,308,309,310,311,312,313,-1,-1,-1,-1,-1,-1,-1,-1,-1,-1,-1,314,315,316,317,318,319,320,321,-1,-1,-1,322,323,324,325,326,327,328,329,330,-1,331,332,333,334,335,336,337,338,339,340,341,342,343,344,345,346,347,348,349,350,351,352,353,354,355,-1,-1,-1,-1,-1,-1,-1,-1,-1,356,357,358,359,360,361,362,363,364,365,366,367,-1,-1,-1,-1,-1,-1,-1,-1,-1,-1,-1,-1,-1,-1,-1,-1,-1,-1,-1,-1,-1,-1,-1,-1,-1,-1,-1,-1,-1,-1,-1,-1,-1,-1,-1,-1,-1,-1,-1,-1,-1,-1,-1
A0A8J7U9Z7,0,-1,-1,-1,-1,-1,-1,-1,-1,-1,-1,-1,-1,-1,-1,-1,-1,-1,-1,1,2,3,4,5,6,-1,7,8,9,-1,-1,-1,-1,-1,-1,-1,-1,10,11,12,13,14,15,16,17,18,19,20,21,22,-1,-1,-1,-1,-1,-1,-1,-1,-1,-1,-1,-1,-1,-1,-1,-1,-1,-1,-1,-1,-1,-1,-1,-1,-1,-1,-1,-1,-1,-1,-1,-1,-1,-1,-1,-1,-1,-1,-1,-1,-1,-1,-1,-1,-1,-1,-1,-1,-1,-1,-1,-1,-1,-1,-1,-1,-1,-1,-1,-1,-1,-1,-1,-1,-1,-1,-1,-1,-1,-1,-1,-1,-1,-1,-1,23,24,25,26,27,28,29,30,-1,31,32,33,34,35,-1,36,37,38,39,40,-1,-1,-1,41,42,43,44,45,46,47,48,49,50,-1,51,52,-1,53,54,55,56,57,58,59,60,61,62,63,64,65,66,67,68,69,-1,-1,-1,-1,-1,-1,-1,70,71,72,-1,-1,-1,-1,-1,-1,73,74,75,76,77,78,79,80,81,82,83,84,85,86,87,88,-1,-1,-1,-1,-1,-1,-1,-1,-1,-1,-1,-1,-1,-1,-1,89,90,91,92,93,94,95,96,97,98,99,100,101,102,103,104,105,106,107,108,109,110,111,-1,112,113,114,-1,115,116,-1,-1,117,-1,-1,118,119,-1,-1,-1,-1,-1,-1,-1,-1,-1,-1,-1,120,121,122,123,124,-1,125,126,127,128,129,130,131,132,133,134,135,136,137,138,139,140,141,142,143,144,145,146,147,148,149,150,151,152,153,154,155,156,157,158,159,160,161,162,-1,163,164,-1,-1,-1,-1,-1,-1,-1,-1,-1,-1,-1,-1,-1,-1,-1,-1,-1,-1,-1,-1,-1,-1,-1,-1,-1,-1,-1,-1,-1,165,166,167,168,169,170,171,172,173,174,175,176,177,178,179,180,181,182,183,184,185,-1,186,187,-1,-1,-1,-1,188,189,190,191,192,193,194,-1,-1,-1,-1,-1,-1,-1,-1,195,196,197,198,199,200,201,202,203,204,205,206,207,208,209,210,-1,211,212,213,-1,-1,-1,-1,-1,214,-1,-1,-1,-1,-1,-1,-1,-1,-1,-1,-1,-1,-1,-1,-1,-1,-1,-1,-1,-1,-1,-1,-1,-1,-1,-1,-1,-1,-1,-1,-1,-1,-1,-1,-1,-1,-1,-1,-1,-1,-1,-1,-1,-1,215,216,217,218,219,220,221,-1,-1,-1,-1,-1,-1,222,223,224,225,226,227,-1,-1,228,229,230,231,232,233,234,235,236,237,238,239,240,241,242,243,-1,-1,-1,-1,-1,-1,-1,-1,-1,-1,-1,-1,-1,-1,-1,-1,-1,-1,-1,244,245,246,247,248,-1,249,250,251,252,253,254,255,256,257,-1,258,259,260,261,262,263,264,265,266,267,268,-1,-1,269,270,271,272,273,274,-1,275,-1,276,277,278,-1,-1,-1,-1,-1,-1,-1,-1,-1,-1,279,280,281,282,283,284,285,-1,-1,-1,-1,-1,-1,-1,-1,-1,-1,-1,286,287,288,289,290,291,292,293,-1,-1,-1,294,295,296,297,298,299,300,301,302,-1,303,304,305,306,307,308,309,310,311,312,313,314,315,316,317,318,319,320,321,322,323,324,325,326,327,328,329,330,-1,331,332,333,334,335,336,337,338,339,340,341,342,343,-1,344,345,346,347,348,349,350,351,-1,-1,-1,-1,-1,-1,-1,-1,-1,-1,-1,-1,-1,-1,-1,-1,-1,-1,-1,-1,-1,-1,-1,-1,-1,-1,-1,-1,-1,-1,-1,-1,-1,-1,-1,-1,-1,-1
A0A942AQR8,-1,-1,-1,-1,-1,-1,-1,-1,-1,-1,-1,-1,-1,-1,-1,-1,-1,-1,-1,-1,-1,-1,0,1,-1,2,3,4,5,-1,-1,-1,-1,-1,-1,-1,-1,-1,-1,6,7,8,9,10,11,12,13,14,15,16,-1,-1,-1,-1,-1,-1,-1,-1,-1,-1,-1,-1,-1,-1,-1,-1,-1,-1,-1,-1,-1,-1,-1,-1,-1,-1,-1,-1,-1,-1,-1,-1,-1,-1,-1,-1,-1,-1,-1,-1,-1,-1,-1,-1,-1,-1,-1,-1,-1,-1,-1,-1,-1,-1,-1,-1,-1,-1,-1,-1,-1,-1,-1,-1,-1,-1,-1,-1,-1,-1,-1,-1,-1,-1,-1,17,18,19,20,21,22,23,24,-1,25,26,27,28,29,-1,30,31,32,33,34,-1,-1,-1,35,36,37,38,39,40,41,42,43,44,45,46,47,-1,48,49,50,51,52,53,54,55,56,57,58,59,60,61,62,63,64,-1,-1,-1,-1,-1,-1,-1,65,66,67,68,69,-1,-1,-1,70,71,72,73,74,75,76,77,78,79,80,81,82,83,84,85,86,-1,-1,-1,-1,-1,-1,-1,-1,-1,-1,-1,-1,-1,-1,87,88,89,90,91,92,93,94,95,96,97,98,99,100,101,102,103,104,105,106,107,108,109,110,111,112,113,114,-1,115,116,117,118,119,-1,-1,120,121,-1,-1,-1,-1,-1,-1,-1,-1,-1,-1,-1,122,123,124,125,126,-1,127,128,129,130,131,132,133,134,135,136,137,138,139,140,141,142,143,144,145,146,147,148,149,150,151,-1,-1,152,153,154,155,156,157,158,159,-1,-1,-1,-1,-1,160,-1,-1,-1,-1,-1,-1,-1,-1,-1,-1,-1,-1,-1,-1,-1,-1,-1,-1,-1,-1,-1,-1,-1,-1,-1,-1,-1,-1,161,162,163,164,165,166,167,168,169,170,171,172,173,174,175,176,177,178,179,180,181,182,-1,183,184,-1,-1,-1,-1,185,186,187,188,189,190,-1,-1,-1,-1,-1,-1,-1,-1,-1,191,192,193,194,195,196,197,198,199,200,201,202,203,204,205,206,207,208,209,210,-1,-1,-1,-1,-1,211,212,213,214,-1,-1,-1,-1,-1,-1,-1,-1,-1,-1,-1,215,216,217,218,219,220,221,222,223,224,-1,-1,-1,225,226,227,228,229,230,-1,-1,-1,-1,-1,-1,-1,-1,-1,-1,231,232,233,234,235,236,237,238,-1,-1,-1,-1,-1,-1,239,240,241,242,243,244,-1,-1,245,246,247,248,249,250,251,252,253,254,255,256,257,258,259,260,-1,-1,-1,-1,-1,-1,-1,-1,-1,-1,-1,-1,-1,-1,-1,-1,-1,-1,-1,261,262,263,264,265,-1,266,267,268,269,270,271,272,273,274,-1,275,276,277,278,279,280,281,282,283,284,285,-1,-1,286,287,288,289,290,-1,-1,291,-1,292,293,294,-1,-1,-1,-1,-1,295,296,297,298,299,300,301,302,303,304,305,306,-1,-1,-1,-1,-1,-1,-1,-1,-1,-1,-1,307,308,309,310,311,312,313,314,-1,-1,-1,315,316,317,318,319,320,321,322,323,-1,324,325,326,327,328,329,330,331,332,333,334,335,336,337,338,339,-1,340,341,342,343,344,345,346,347,-1,-1,-1,-1,-1,-1,-1,348,349,350,351,352,353,354,355,356,357,358,359,-1,-1,-1,-1,-1,-1,-1,-1,-1,-1,-1,-1,-1,-1,-1,-1,-1,-1,-1,-1,-1,-1,-1,-1,-1,-1,-1,-1,-1,-1,-1,-1,-1,-1,-1,-1,-1,-1,-1,-1,-1,-1,-1,-1,-1
A0A952U252,-1,-1,-1,-1,-1,-1,-1,-1,-1,-1,-1,-1,-1,-1,-1,-1,-1,-1,-1,-1,-1,-1,0,1,2,3,4,-1,-1,-1,-1,-1,-1,-1,-1,-1,-1,-1,-1,5,6,7,8,9,10,11,12,13,14,15,-1,-1,-1,-1,-1,-1,-1,-1,-1,-1,-1,-1,-1,-1,-1,-1,-1,-1,-1,-1,-1,-1,-1,-1,-1,-1,-1,-1,-1,-1,-1,-1,-1,-1,-1,-1,-1,-1,-1,-1,-1,-1,-1,-1,-1,-1,-1,-1,-1,-1,-1,-1,-1,-1,-1,-1,-1,-1,-1,-1,-1,-1,-1,-1,-1,-1,-1,-1,-1,-1,-1,-1,-1,-1,-1,16,17,18,19,20,21,22,23,-1,24,25,26,27,28,-1,29,30,31,32,33,-1,-1,-1,34,35,36,37,38,39,40,41,42,43,-1,44,45,-1,46,47,48,49,50,51,52,53,54,55,56,57,58,59,60,61,62,-1,-1,-1,-1,-1,-1,-1,63,64,65,66,-1,-1,-1,-1,-1,67,68,69,70,71,72,73,74,75,76,77,78,79,80,81,82,-1,-1,-1,-1,-1,-1,-1,-1,-1,-1,-1,-1,-1,-1,83,84,85,86,87,88,89,90,91,92,93,94,95,96,97,98,99,100,101,102,103,104,105,106,107,108,109,110,-1,111,112,113,114,115,-1,-1,-1,-1,-1,-1,-1,-1,-1,-1,-1,-1,-1,-1,-1,116,117,118,119,120,-1,121,122,123,124,125,126,127,128,129,130,131,132,133,134,135,136,137,138,139,140,141,142,143,144,145,-1,-1,146,147,148,149,150,151,152,153,154,155,156,-1,157,158,-1,-1,-1,-1,-1,-1,-1,-1,-1,-1,-1,-1,-1,-1,-1,-1,-1,-1,-1,-1,-1,-1,-1,-1,-1,-1,-1,-1,159,160,161,162,163,164,165,166,167,168,169,170,171,172,173,174,175,176,177,178,179,180,-1,181,182,-1,-1,-1,-1,183,184,185,186,187,188,-1,-1,-1,-1,-1,-1,-1,-1,-1,189,190,191,192,193,194,195,196,197,198,199,200,201,202,203,204,205,206,207,208,-1,-1,-1,-1,-1,209,210,211,212,-1,-1,-1,-1,-1,-1,-1,-1,-1,-1,-1,213,214,215,216,217,218,219,220,221,222,-1,-1,-1,223,224,225,226,227,228,-1,-1,-1,-1,-1,-1,-1,-1,-1,-1,229,230,231,232,233,234,235,236,-1,-1,-1,-1,-1,-1,237,238,239,240,241,242,-1,-1,243,244,245,246,247,248,249,250,251,252,253,254,255,256,257,258,-1,-1,-1,-1,-1,-1,-1,-1,-1,-1,-1,-1,-1,-1,-1,-1,-1,-1,-1,259,260,261,262,263,-1,264,265,266,267,268,269,270,271,272,-1,273,274,275,276,277,278,279,280,281,282,283,-1,-1,284,285,286,287,288,289,290,291,-1,292,293,294,-1,-1,-1,-1,-1,-1,-1,-1,295,296,297,298,299,300,301,302,303,-1,-1,-1,-1,-1,-1,-1,-1,-1,-1,-1,304,305,306,307,308,309,310,311,-1,-1,-1,312,313,314,315,316,317,318,319,320,-1,321,322,323,324,325,326,327,328,329,330,331,332,333,334,335,336,337,338,339,340,341,342,343,344,345,-1,-1,-1,-1,-1,-1,-1,-1,-1,346,347,348,349,350,351,352,353,-1,-1,-1,-1,-1,-1,-1,-1,-1,-1,-1,-1,-1,-1,-1,-1,-1,-1,-1,-1,-1,-1,-1,-1,-1,-1,-1,-1,-1,-1,-1,-1,-1,-1,-1,-1,-1,-1,-1,-1,-1,-1,-1,-1,-1,-1,-1
A6LC91,0,1,2,3,4,5,6,7,8,9,10,11,12,-1,-1,-1,-1,-1,-1,-1,-1,13,14,15,16,17,18,19,20,-1,-1,-1,-1,-1,-1,-1,-1,-1,-1,21,22,23,24,25,26,27,28,29,30,31,-1,-1,-1,-1,-1,-1,-1,-1,-1,-1,-1,-1,-1,-1,-1,-1,-1,-1,-1,-1,-1,-1,-1,-1,-1,-1,-1,-1,-1,-1,-1,-1,-1,-1,-1,-1,-1,-1,-1,-1,-1,-1,-1,-1,-1,-1,-1,-1,-1,-1,-1,-1,-1,-1,-1,-1,-1,-1,-1,-1,-1,-1,-1,-1,-1,-1,-1,-1,-1,-1,-1,-1,-1,-1,-1,32,33,34,35,36,37,38,39,-1,40,41,42,43,44,-1,45,46,47,48,49,-1,-1,-1,50,51,52,53,54,55,56,57,58,59,60,61,62,-1,63,64,65,66,67,68,69,70,71,72,73,74,75,76,77,78,79,-1,-1,-1,-1,-1,-1,-1,80,81,82,83,84,-1,-1,-1,-1,85,86,87,88,89,90,91,92,93,94,95,96,97,98,99,100,-1,-1,-1,-1,-1,-1,-1,-1,-1,-1,-1,-1,-1,-1,101,102,103,104,105,106,107,108,109,110,111,112,113,114,115,116,117,118,119,120,121,122,123,124,125,126,127,128,-1,129,130,131,132,133,-1,-1,134,135,-1,-1,-1,-1,-1,-1,-1,-1,-1,-1,-1,136,137,138,139,140,-1,141,142,143,144,145,146,147,148,149,150,151,152,153,154,155,156,157,158,159,160,161,162,163,164,165,-1,-1,166,167,168,169,170,171,172,173,-1,-1,-1,-1,-1,174,-1,-1,-1,-1,-1,-1,-1,-1,-1,-1,-1,-1,-1,-1,-1,-1,-1,-1,-1,-1,-1,-1,-1,-1,-1,-1,-1,-1,175,176,177,178,179,180,181,182,183,184,185,186,187,188,189,190,191,192,193,194,195,196,-1,197,198,-1,-1,-1,-1,199,200,201,202,203,204,-1,-1,-1,-1,-1,-1,-1,-1,-1,205,206,207,208,209,210,211,212,213,214,215,216,217,218,219,220,221,222,223,224,-1,-1,-1,-1,-1,225,226,227,228,-1,-1,-1,-1,-1,-1,-1,-1,-1,-1,-1,229,230,231,232,233,234,235,236,237,238,-1,-1,-1,239,240,241,242,243,244,-1,-1,-1,-1,-1,-1,-1,-1,-1,-1,245,246,247,248,249,250,251,252,-1,-1,-1,-1,-1,-1,253,254,255,256,257,258,-1,-1,259,260,261,262,263,264,265,266,267,268,269,270,271,272,273,274,-1,-1,-1,-1,-1,-1,-1,-1,-1,-1,-1,-1,-1,-1,-1,-1,-1,-1,-1,275,276,277,278,279,-1,280,281,282,283,284,285,286,287,288,-1,289,290,291,292,293,294,295,296,297,298,299,-1,-1,300,301,302,303,304,-1,-1,305,-1,306,307,308,-1,-1,-1,-1,-1,309,310,311,312,313,314,315,316,317,318,319,320,-1,-1,-1,-1,-1,-1,-1,-1,-1,-1,-1,321,322,323,324,325,326,327,328,-1,-1,-1,329,330,331,332,333,334,335,336,337,-1,338,339,340,341,342,343,344,345,346,347,348,349,350,351,352,353,-1,354,355,356,357,358,359,360,361,-1,-1,-1,-1,-1,-1,-1,362,363,364,365,366,367,368,369,370,371,372,373,-1,-1,-1,-1,-1,-1,-1,-1,-1,-1,-1,-1,-1,-1,-1,-1,-1,-1,-1,-1,-1,-1,-1,-1,-1,-1,-1,-1,-1,-1,-1,-1,-1,-1,-1,-1,-1,-1,-1,-1,-1,-1,-1,-1,-1
A7A5K1,0,-1,-1,-1,-1,-1,-1,-1,-1,1,2,3,4,5,6,7,8,9,10,11,12,13,14,15,16,17,18,19,20,-1,-1,-1,-1,-1,-1,-1,-1,-1,-1,-1,-1,-1,-1,-1,-1,-1,-1,-1,-1,-1,21,22,23,-1,-1,-1,-1,-1,-1,-1,-1,-1,-1,-1,-1,-1,-1,-1,-1,-1,-1,-1,-1,-1,-1,-1,-1,-1,-1,-1,-1,-1,-1,-1,-1,-1,-1,-1,-1,-1,-1,-1,-1,-1,-1,-1,-1,-1,-1,-1,-1,-1,-1,-1,-1,-1,-1,-1,-1,-1,-1,-1,-1,-1,-1,-1,-1,-1,-1,-1,-1,-1,-1,24,25,26,27,28,29,30,31,32,33,-1,34,35,36,37,38,-1,39,40,41,42,43,-1,-1,-1,44,45,46,47,48,49,50,51,52,53,-1,54,55,-1,56,57,58,59,60,61,62,63,64,65,66,67,68,69,70,71,72,-1,-1,-1,-1,-1,-1,-1,73,74,75,-1,-1,-1,-1,-1,-1,-1,-1,76,77,78,79,80,81,82,83,84,85,86,87,88,89,-1,-1,-1,-1,-1,-1,90,91,92,-1,-1,-1,-1,-1,-1,93,94,95,96,97,98,99,100,101,102,103,104,105,106,107,108,109,110,111,112,113,114,115,116,117,118,119,-1,120,121,122,123,-1,-1,-1,124,125,-1,-1,-1,-1,-1,-1,-1,-1,-1,-1,-1,126,127,128,129,130,-1,131,132,133,134,135,136,137,138,139,140,141,142,143,144,145,146,147,148,149,150,151,152,153,154,155,-1,-1,156,157,158,159,160,161,162,163,164,165,166,-1,167,168,-1,-1,-1,-1,-1,-1,-1,-1,-1,-1,-1,-1,-1,-1,-1,-1,-1,-1,-1,-1,-1,-1,-1,-1,-1,-1,-1,-1,-1,169,170,171,172,173,174,175,176,177,178,179,-1,180,181,182,183,184,185,186,187,188,-1,189,190,-1,-1,-1,-1,191,192,193,194,195,196,-1,-1,-1,-1,-1,-1,-1,-1,-1,197,198,199,200,201,202,203,204,205,206,207,208,209,210,211,212,213,214,215,216,-1,-1,-1,-1,-1,217,218,219,220,-1,-1,-1,-1,-1,-1,-1,-1,-1,-1,-1,221,222,223,224,225,226,227,228,229,230,-1,-1,-1,231,232,233,234,235,236,-1,-1,-1,-1,-1,-1,-1,-1,-1,-1,237,238,239,240,241,242,243,244,-1,-1,-1,-1,-1,-1,245,246,247,248,249,250,-1,-1,251,252,253,254,255,256,257,258,259,260,261,262,263,264,265,266,-1,-1,-1,-1,-1,-1,-1,-1,-1,-1,-1,-1,-1,-1,-1,-1,-1,-1,-1,267,268,269,270,271,-1,272,273,274,275,276,277,278,279,280,-1,281,282,283,284,285,286,287,288,289,290,291,-1,-1,292,293,294,295,296,297,-1,298,-1,299,300,301,-1,-1,-1,-1,-1,-1,-1,-1,-1,-1,302,303,304,305,306,307,308,-1,-1,-1,-1,-1,-1,-1,-1,-1,-1,-1,309,310,311,312,313,314,315,316,-1,-1,-1,317,318,319,320,321,322,323,324,325,-1,326,327,328,329,330,331,332,333,334,335,336,337,338,339,340,341,-1,342,343,344,345,346,-1,-1,-1,-1,-1,-1,-1,-1,-1,-1,-1,-1,-1,-1,-1,-1,-1,-1,-1,-1,-1,-1,-1,-1,-1,-1,-1,-1,-1,-1,-1,-1,-1,-1,-1,-1,-1,-1,-1,-1,-1,-1,-1,-1,-1,-1,-1,-1,-1,-1,-1,-1,-1,-1,-1,-1,-1,-1,-1,-1,-1,-1,-1,-1,-1,-1,-1
A7VQ44,-1,-1,-1,-1,-1,-1,-1,-1,-1,-1,-1,-1,-1,-1,-1,-1,-1,-1,-1,-1,-1,-1,0,1,2,3,4,5,6,-1,-1,-1,-1,-1,-1,-1,-1,-1,-1,7,8,9,10,11,12,13,14,15,16,17,-1,-1,-1,-1,-1,-1,-1,-1,-1,-1,-1,-1,-1,-1,-1,-1,-1,-1,-1,-1,-1,-1,-1,-1,-1,-1,-1,-1,-1,-1,-1,-1,-1,-1,-1,-1,-1,-1,-1,-1,-1,-1,-1,-1,-1,-1,-1,-1,-1,-1,-1,-1,-1,-1,-1,-1,-1,-1,-1,-1,-1,-1,-1,-1,-1,-1,-1,-1,-1,-1,-1,-1,-1,-1,-1,18,19,20,21,22,23,24,25,-1,26,27,28,29,30,-1,31,32,33,34,35,-1,-1,-1,36,37,38,39,40,41,42,43,44,45,46,47,48,-1,49,50,51,52,53,54,55,56,57,58,59,60,61,62,63,64,65,-1,-1,-1,-1,-1,-1,-1,66,67,68,69,70,71,72,73,74,75,76,77,78,79,80,81,82,83,84,85,86,87,88,89,90,91,-1,-1,-1,-1,-1,92,93,94,-1,-1,-1,-1,-1,-1,95,96,97,98,99,100,101,102,103,104,105,106,107,108,109,110,111,112,113,114,115,116,117,118,119,120,121,-1,122,123,124,125,-1,-1,-1,126,127,-1,-1,-1,-1,-1,-1,-1,-1,-1,-1,-1,128,129,130,131,132,-1,133,134,135,136,137,138,139,140,141,142,143,144,145,146,147,148,149,150,151,152,153,154,155,156,157,158,-1,159,160,161,162,163,164,165,166,167,168,169,-1,-1,-1,-1,-1,-1,-1,-1,-1,-1,-1,-1,-1,-1,-1,-1,-1,-1,-1,-1,-1,-1,-1,-1,-1,-1,-1,-1,-1,-1,-1,170,171,172,173,174,175,176,177,178,179,180,181,182,183,184,185,186,187,188,189,190,191,-1,192,193,-1,-1,-1,-1,194,195,196,197,198,199,-1,-1,-1,-1,-1,-1,-1,-1,-1,200,201,202,203,204,205,206,207,208,209,210,211,212,213,214,215,216,217,218,219,-1,-1,-1,-1,-1,220,221,222,223,-1,-1,-1,-1,-1,-1,-1,-1,-1,-1,-1,224,225,226,227,228,229,230,231,232,233,-1,-1,-1,234,235,236,237,238,239,-1,-1,-1,-1,-1,-1,-1,-1,-1,-1,240,241,242,243,244,245,246,247,-1,-1,-1,-1,-1,-1,248,249,250,251,252,253,-1,-1,254,255,256,257,258,259,260,261,262,263,264,265,266,267,268,269,-1,-1,-1,-1,-1,-1,-1,-1,-1,-1,-1,-1,-1,-1,-1,-1,-1,-1,-1,270,271,272,273,274,-1,275,276,277,278,279,280,281,282,283,-1,284,285,286,287,288,289,290,291,292,293,294,-1,-1,295,296,297,298,299,300,-1,301,302,303,304,305,306,307,308,309,310,311,312,313,314,315,316,317,318,319,320,321,322,-1,-1,-1,-1,-1,-1,-1,-1,-1,-1,-1,323,324,325,326,327,328,329,330,-1,-1,-1,331,332,333,334,335,336,337,338,339,-1,340,341,342,343,344,345,346,347,348,349,-1,350,351,352,353,354,-1,355,356,357,358,359,360,361,362,-1,-1,-1,-1,-1,-1,-1,-1,-1,363,364,365,366,367,368,369,370,371,372,373,374,-1,-1,-1,-1,-1,-1,-1,-1,-1,-1,-1,-1,-1,-1,-1,-1,-1,-1,-1,-1,-1,-1,-1,-1,-1,-1,-1,-1,-1,-1,-1,-1,-1,-1,-1,-1,-1,-1,-1,-1,-1,-1,-1
B0MC37,-1,-1,-1,-1,-1,-1,-1,-1,-1,-1,-1,-1,-1,-1,-1,-1,-1,-1,-1,-1,-1,-1,0,1,2,-1,-1,-1,-1,-1,-1,-1,-1,-1,-1,-1,-1,-1,-1,-1,-1,-1,-1,-1,-1,-1,-1,-1,-1,-1,-1,-1,-1,-1,-1,-1,-1,-1,-1,-1,-1,-1,-1,-1,-1,-1,-1,-1,-1,-1,-1,-1,-1,-1,-1,-1,-1,-1,-1,-1,-1,-1,-1,-1,-1,-1,-1,-1,-1,-1,-1,-1,-1,-1,-1,-1,-1,-1,-1,-1,-1,-1,-1,-1,-1,-1,-1,-1,-1,-1,-1,-1,-1,-1,-1,-1,-1,-1,-1,-1,-1,-1,-1,-1,-1,-1,-1,-1,-1,-1,3,4,5,-1,6,7,8,9,10,-1,11,12,13,14,15,-1,-1,-1,16,17,18,19,20,21,22,23,24,25,-1,26,27,-1,28,29,30,31,32,33,34,35,36,37,38,39,40,41,42,43,44,-1,-1,-1,-1,-1,-1,-1,45,46,47,-1,-1,-1,-1,-1,-1,-1,-1,48,49,50,51,52,53,54,55,56,57,58,59,60,61,-1,-1,-1,-1,-1,-1,62,63,-1,-1,-1,-1,-1,-1,-1,64,65,66,67,68,69,70,71,72,73,74,75,76,77,78,79,80,81,82,83,84,85,86,87,88,89,90,-1,91,92,93,94,95,96,-1,97,98,-1,-1,-1,-1,-1,-1,-1,-1,-1,-1,-1,99,100,101,102,103,-1,104,105,106,107,108,109,110,111,112,113,114,115,116,117,118,119,120,121,122,123,124,125,126,127,128,-1,-1,129,130,131,132,133,134,135,136,137,138,139,-1,140,141,-1,-1,-1,-1,-1,-1,-1,-1,-1,-1,-1,-1,-1,-1,-1,-1,-1,-1,-1,-1,-1,-1,-1,-1,-1,-1,-1,-1,142,143,144,145,146,147,148,149,150,151,152,153,154,155,156,157,158,159,160,161,162,163,-1,164,165,-1,-1,-1,-1,166,167,168,169,170,171,-1,-1,-1,-1,-1,-1,-1,-1,-1,172,173,174,175,176,177,178,179,180,181,182,183,184,185,186,187,188,189,190,191,-1,-1,-1,-1,-1,192,193,194,195,-1,-1,-1,-1,-1,-1,-1,-1,-1,-1,-1,196,197,198,199,200,201,202,203,204,205,-1,-1,-1,206,207,208,209,210,211,-1,-1,-1,-1,-1,-1,-1,-1,-1,-1,212,213,214,215,216,217,218,219,-1,-1,-1,-1,-1,-1,220,221,222,223,224,225,-1,-1,226,227,228,229,230,231,232,233,234,235,236,237,238,239,240,241,-1,-1,-1,-1,-1,-1,-1,-1,-1,-1,-1,-1,-1,-1,-1,-1,-1,-1,-1,242,243,244,245,246,-1,247,248,249,250,251,252,253,254,255,-1,256,257,258,259,260,261,262,263,264,265,266,-1,-1,267,268,269,270,271,272,-1,273,-1,274,275,276,-1,-1,-1,-1,-1,-1,-1,-1,-1,-1,277,278,279,280,281,282,283,-1,-1,-1,-1,-1,-1,-1,-1,-1,-1,-1,284,285,286,287,288,289,290,291,-1,-1,-1,292,293,294,295,296,297,298,299,300,-1,301,302,303,304,305,306,307,308,309,310,311,312,313,314,315,316,-1,-1,317,318,319,320,321,322,323,-1,-1,-1,-1,-1,-1,-1,-1,-1,324,325,326,327,328,329,330,331,-1,-1,-1,-1,-1,-1,-1,-1,-1,-1,-1,-1,-1,-1,-1,-1,-1,-1,-1,-1,-1,-1,-1,-1,-1,-1,-1,-1,-1,-1,-1,-1,-1,-1,-1,-1,-1,-1,-1,-1,-1,-1,-1,-1,-1,-1,-1
B5D243,-1,-1,-1,-1,-1,-1,-1,-1,-1,-1,-1,-1,-1,-1,-1,-1,-1,-1,-1,-1,-1,0,1,2,3,4,5,6,7,-1,-1,-1,-1,-1,-1,-1,-1,-1,-1,8,9,10,11,12,13,14,15,16,17,18,-1,-1,-1,-1,-1,-1,-1,-1,-1,-1,-1,-1,-1,-1,-1,-1,-1,-1,-1,-1,-1,-1,-1,-1,-1,-1,-1,-1,-1,-1,-1,-1,-1,-1,-1,-1,-1,-1,-1,-1,-1,-1,-1,-1,-1,-1,-1,-1,-1,-1,-1,-1,-1,-1,-1,-1,-1,-1,-1,-1,-1,-1,-1,-1,-1,-1,-1,-1,-1,-1,-1,-1,-1,-1,-1,19,20,21,22,23,24,25,26,-1,27,28,29,30,31,-1,32,33,34,35,36,-1,-1,-1,37,38,39,40,41,42,43,44,45,46,47,48,49,-1,50,51,52,53,54,55,56,57,58,59,60,61,62,63,64,65,66,-1,-1,-1,-1,-1,-1,-1,67,68,69,70,71,-1,-1,-1,-1,72,73,74,75,76,77,78,79,80,81,82,83,84,85,86,87,-1,-1,-1,-1,-1,-1,-1,-1,-1,-1,-1,-1,-1,-1,88,89,90,91,92,93,94,95,96,97,98,99,100,101,102,103,104,105,106,107,108,109,110,111,112,113,114,115,-1,116,117,118,119,120,-1,-1,121,122,-1,-1,-1,-1,-1,-1,-1,-1,-1,-1,-1,123,124,125,126,127,-1,128,129,130,131,132,133,134,135,136,137,138,139,140,141,142,143,144,145,146,147,148,149,150,151,152,-1,-1,153,154,155,156,157,158,159,160,-1,-1,-1,-1,-1,161,-1,-1,-1,-1,-1,-1,-1,-1,-1,-1,-1,-1,-1,-1,-1,-1,-1,-1,-1,-1,-1,-1,-1,-1,-1,-1,-1,-1,162,163,164,165,166,167,168,169,170,171,172,173,174,175,176,177,178,179,180,181,182,183,-1,184,185,-1,-1,-1,-1,186,187,188,189,190,191,-1,-1,-1,-1,-1,-1,-1,-1,-1,192,193,194,195,196,197,198,199,200,201,202,203,204,205,206,207,208,209,210,211,-1,-1,-1,-1,-1,212,213,214,215,-1,-1,-1,-1,-1,-1,-1,-1,-1,-1,-1,216,217,218,219,220,221,222,223,224,225,-1,-1,-1,226,227,228,229,230,231,-1,-1,-1,-1,-1,-1,-1,-1,-1,-1,232,233,234,235,236,237,238,239,-1,-1,-1,-1,-1,-1,240,241,242,243,244,245,-1,-1,246,247,248,249,250,251,252,253,254,255,256,257,258,259,260,261,-1,-1,-1,-1,-1,-1,-1,-1,-1,-1,-1,-1,-1,-1,-1,-1,-1,-1,-1,262,263,264,265,266,-1,267,268,269,270,271,272,273,274,275,-1,276,277,278,279,280,281,282,283,284,285,286,-1,-1,287,288,289,290,291,-1,-1,292,-1,293,294,295,-1,-1,-1,-1,-1,296,297,298,299,300,301,302,303,304,305,306,307,-1,-1,-1,-1,-1,-1,-1,-1,-1,-1,-1,308,309,310,311,312,313,314,315,-1,-1,-1,316,317,318,319,320,321,322,323,324,-1,325,326,327,328,329,330,331,332,333,334,335,336,337,338,339,340,-1,341,342,343,344,345,346,347,348,-1,-1,-1,-1,-1,-1,-1,349,350,351,352,353,354,355,356,357,358,359,360,-1,-1,-1,-1,-1,-1,-1,-1,-1,-1,-1,-1,-1,-1,-1,-1,-1,-1,-1,-1,-1,-1,-1,-1,-1,-1,-1,-1,-1,-1,-1,-1,-1,-1,-1,-1,-1,-1,-1,-1,-1,-1,-1,-1,-1
B7AVX6,-1,-1,-1,-1,-1,-1,-1,-1,-1,-1,-1,-1,-1,-1,-1,-1,-1,-1,-1,-1,-1,-1,0,1,2,3,-1,-1,-1,-1,-1,-1,-1,-1,-1,-1,-1,-1,-1,-1,-1,-1,-1,-1,-1,-1,-1,-1,-1,-1,-1,-1,-1,-1,-1,-1,-1,-1,-1,-1,-1,-1,-1,-1,-1,-1,-1,-1,-1,-1,-1,-1,-1,-1,-1,-1,-1,-1,-1,-1,-1,-1,-1,-1,-1,-1,-1,-1,-1,-1,-1,-1,-1,-1,-1,-1,-1,-1,-1,-1,-1,-1,-1,-1,-1,-1,-1,-1,-1,-1,-1,-1,-1,-1,-1,-1,-1,-1,-1,-1,-1,-1,-1,-1,4,5,6,7,8,-1,9,10,11,12,13,14,15,16,17,-1,18,19,20,-1,-1,-1,-1,-1,21,22,23,24,25,26,27,28,29,30,-1,31,32,-1,33,34,35,36,37,38,39,40,41,42,43,44,45,46,47,48,49,-1,-1,-1,-1,-1,-1,-1,50,51,-1,-1,-1,-1,-1,-1,-1,-1,-1,52,53,54,55,56,57,58,59,60,61,62,63,64,65,-1,-1,-1,-1,-1,-1,66,67,68,-1,-1,-1,-1,-1,-1,69,70,71,72,73,74,75,76,77,78,79,80,81,82,83,84,85,86,87,88,89,90,91,92,93,94,95,-1,96,97,98,-1,-1,-1,-1,99,100,-1,-1,-1,-1,-1,-1,-1,-1,-1,-1,-1,101,102,103,104,105,-1,106,107,108,109,110,111,112,113,114,115,116,117,118,119,120,121,122,123,124,125,126,127,128,129,130,-1,-1,131,132,133,134,135,136,137,138,139,140,141,-1,142,143,-1,-1,-1,-1,-1,-1,-1,-1,-1,-1,-1,-1,-1,-1,-1,-1,-1,-1,-1,-1,-1,-1,-1,-1,-1,-1,-1,-1,144,145,146,147,148,149,150,151,152,153,154,155,-1,156,157,158,159,160,161,162,163,164,-1,165,166,-1,-1,-1,-1,167,168,169,170,171,172,-1,-1,-1,-1,-1,-1,-1,-1,-1,173,174,175,176,177,178,179,180,181,182,183,184,185,186,187,188,189,190,191,192,-1,-1,-1,-1,-1,193,194,195,196,-1,-1,-1,-1,-1,-1,-1,-1,-1,-1,-1,197,198,199,200,201,202,203,204,205,206,-1,-1,-1,207,208,209,210,211,212,-1,-1,-1,-1,-1,-1,-1,-1,-1,-1,213,214,215,216,217,218,219,220,-1,-1,-1,-1,-1,-1,221,222,223,224,225,226,-1,-1,227,228,229,230,231,232,233,234,235,236,237,238,239,240,241,242,-1,-1,-1,-1,-1,-1,-1,-1,-1,-1,-1,-1,-1,-1,-1,-1,-1,-1,-1,243,244,245,246,247,-1,248,249,250,251,252,253,254,255,256,-1,257,258,259,260,261,262,263,264,265,266,267,-1,-1,268,269,270,271,272,273,-1,274,-1,275,276,277,-1,-1,-1,-1,-1,-1,-1,-1,-1,-1,278,279,280,281,282,283,284,-1,-1,-1,-1,-1,-1,-1,-1,-1,-1,-1,285,286,287,288,289,290,291,292,-1,-1,-1,293,294,295,296,297,298,299,300,301,-1,302,303,304,305,306,307,308,309,310,311,312,313,314,315,316,317,-1,318,319,320,321,322,323,324,325,-1,-1,-1,-1,-1,-1,-1,-1,-1,326,327,328,329,330,331,332,333,-1,-1,-1,-1,-1,-1,-1,-1,-1,-1,-1,-1,-1,-1,-1,-1,-1,-1,-1,-1,-1,-1,-1,-1,-1,-1,-1,-1,-1,-1,-1,-1,-1,-1,-1,-1,-1,-1,-1,-1,-1,-1,-1,-1,-1,-1,-1
C0CIF5,-1,-1,-1,-1,-1,-1,-1,-1,-1,-1,-1,-1,-1,-1,-1,-1,-1,-1,-1,-1,-1,-1,0,1,2,-1,-1,-1,-1,-1,-1,-1,-1,-1,-1,-1,-1,-1,-1,-1,-1,-1,-1,-1,-1,-1,-1,-1,-1,-1,-1,-1,-1,-1,-1,-1,-1,-1,-1,-1,-1,-1,-1,-1,-1,-1,-1,-1,-1,-1,-1,-1,-1,-1,-1,-1,-1,-1,-1,-1,-1,-1,-1,-1,-1,-1,-1,-1,-1,-1,-1,-1,-1,-1,-1,-1,-1,-1,-1,-1,-1,-1,-1,-1,-1,-1,-1,-1,-1,-1,-1,-1,-1,-1,-1,-1,-1,-1,-1,-1,-1,-1,-1,-1,-1,3,4,5,6,7,8,9,10,-1,11,12,13,14,15,-1,16,17,18,19,20,-1,-1,-1,21,22,23,24,25,26,27,28,29,30,-1,31,32,-1,33,34,35,36,37,38,39,40,41,42,43,44,45,46,47,48,49,-1,-1,-1,-1,-1,-1,-1,50,51,-1,-1,-1,-1,-1,-1,-1,-1,-1,52,53,54,55,56,57,58,59,60,61,62,63,64,65,-1,-1,-1,-1,-1,-1,66,67,68,-1,-1,-1,-1,-1,-1,69,70,71,72,73,74,75,76,77,78,79,80,81,82,83,84,85,86,87,88,89,90,91,92,93,94,95,-1,96,97,98,99,100,-1,-1,101,102,-1,-1,-1,-1,-1,-1,-1,-1,-1,-1,-1,103,104,105,106,107,108,109,110,111,112,113,114,115,116,117,118,119,120,121,122,123,124,125,126,127,128,129,130,131,132,133,-1,-1,134,135,136,137,138,139,140,141,142,143,144,-1,145,146,-1,-1,-1,-1,-1,-1,-1,-1,-1,-1,-1,-1,-1,-1,-1,-1,-1,-1,-1,-1,-1,-1,-1,-1,-1,-1,-1,-1,147,148,149,150,151,152,153,154,155,156,157,158,159,160,161,162,163,164,165,166,167,168,-1,169,170,-1,-1,-1,-1,171,172,173,174,175,176,-1,-1,-1,-1,-1,-1,-1,-1,-1,177,178,179,180,181,182,183,184,185,186,187,188,189,190,191,192,193,194,195,196,-1,-1,-1,-1,-1,197,198,199,200,-1,-1,-1,-1,-1,-1,-1,-1,-1,-1,-1,201,202,203,204,205,206,207,208,209,210,-1,-1,-1,211,212,213,214,215,216,-1,-1,-1,-1,-1,-1,-1,-1,-1,-1,217,218,219,220,221,222,223,224,-1,-1,-1,-1,-1,-1,225,226,227,228,229,230,-1,-1,231,232,233,234,235,236,237,238,239,240,241,242,243,244,245,246,-1,-1,-1,-1,-1,-1,-1,-1,-1,-1,-1,-1,-1,-1,-1,-1,-1,-1,-1,247,248,249,250,251,-1,252,253,254,255,256,257,258,259,260,-1,261,262,263,264,265,266,267,268,269,270,271,-1,-1,272,273,274,275,276,277,-1,278,-1,279,280,281,-1,-1,-1,-1,-1,-1,-1,-1,-1,-1,282,283,284,285,286,287,288,-1,-1,-1,-1,-1,-1,-1,-1,-1,-1,-1,289,290,291,292,293,294,295,296,-1,-1,-1,297,298,299,300,301,302,303,304,305,-1,306,307,308,309,310,311,312,313,314,315,316,317,318,319,320,321,322,323,324,325,326,327,328,329,330,-1,-1,-1,-1,-1,-1,-1,-1,-1,331,332,333,334,335,336,337,-1,-1,-1,-1,-1,-1,-1,-1,-1,-1,-1,-1,-1,-1,-1,-1,-1,-1,-1,-1,-1,-1,-1,-1,-1,-1,-1,-1,-1,-1,-1,-1,-1,-1,-1,-1,-1,-1,-1,-1,-1,-1,-1,-1,-1,-1,-1,-1
C0ERS1,-1,-1,-1,-1,-1,-1,-1,-1,-1,-1,-1,-1,-1,-1,-1,-1,-1,-1,-1,-1,-1,-1,0,1,2,3,-1,-1,-1,-1,-1,-1,-1,-1,-1,-1,-1,-1,-1,-1,-1,-1,-1,-1,-1,-1,-1,-1,-1,-1,-1,-1,-1,-1,-1,-1,-1,-1,-1,-1,-1,-1,-1,-1,-1,-1,-1,-1,-1,-1,-1,-1,-1,-1,-1,-1,-1,-1,-1,-1,-1,-1,-1,-1,-1,-1,-1,-1,-1,-1,-1,-1,-1,-1,-1,-1,-1,-1,-1,-1,-1,-1,-1,-1,-1,-1,-1,-1,-1,-1,-1,-1,-1,-1,-1,-1,-1,-1,-1,-1,-1,-1,-1,-1,4,5,6,7,8,9,10,11,12,-1,13,14,15,16,17,-1,18,19,20,-1,-1,-1,-1,-1,21,22,23,24,25,26,27,28,29,30,-1,31,32,-1,33,34,35,36,37,38,39,40,41,42,43,44,45,46,47,48,49,-1,-1,-1,-1,-1,-1,-1,50,51,-1,-1,-1,-1,-1,-1,-1,-1,-1,52,53,54,55,56,57,58,59,60,61,62,63,64,65,-1,-1,-1,-1,-1,-1,66,67,68,-1,-1,-1,-1,-1,-1,69,70,71,72,73,74,75,76,77,78,79,80,81,82,83,84,85,86,87,88,89,90,91,92,93,94,95,-1,96,97,98,-1,-1,-1,-1,99,100,-1,-1,-1,-1,-1,-1,-1,-1,-1,-1,-1,101,102,103,104,105,-1,106,107,108,109,110,111,112,113,114,115,116,117,118,119,120,121,122,123,124,125,126,127,128,129,130,-1,-1,131,132,133,134,135,136,137,138,139,140,141,-1,142,143,-1,-1,-1,-1,-1,-1,-1,-1,-1,-1,-1,-1,-1,-1,-1,-1,-1,-1,-1,-1,-1,-1,-1,-1,-1,-1,-1,-1,144,145,146,147,148,149,150,151,152,153,154,155,-1,156,157,158,159,160,161,162,163,164,-1,165,166,-1,-1,-1,-1,167,168,169,170,171,172,-1,-1,-1,-1,-1,-1,-1,-1,-1,173,174,175,176,177,178,179,180,181,182,183,184,185,186,187,188,189,190,191,192,-1,-1,-1,-1,-1,193,194,195,196,-1,-1,-1,-1,-1,-1,-1,-1,-1,-1,-1,197,198,199,200,201,202,203,204,205,206,-1,-1,-1,207,208,209,210,211,212,-1,-1,-1,-1,-1,-1,-1,-1,-1,-1,213,214,215,216,217,218,219,220,-1,-1,-1,-1,-1,-1,221,222,223,224,225,226,-1,-1,227,228,229,230,231,232,233,234,235,236,237,238,239,240,241,242,-1,-1,-1,-1,-1,-1,-1,-1,-1,-1,-1,-1,-1,-1,-1,-1,-1,-1,-1,243,244,245,246,247,-1,248,249,250,251,252,253,254,255,256,-1,257,258,259,260,261,262,263,264,265,266,267,-1,-1,268,269,270,271,272,273,-1,274,-1,275,276,277,-1,-1,-1,-1,-1,-1,-1,-1,-1,-1,278,279,280,281,282,283,284,-1,-1,-1,-1,-1,-1,-1,-1,-1,-1,-1,285,286,287,288,289,290,291,292,-1,-1,-1,293,294,295,296,297,298,299,300,301,-1,302,303,304,305,306,307,308,309,310,311,312,313,314,315,316,317,-1,318,319,320,321,322,323,324,325,-1,-1,-1,-1,-1,-1,-1,-1,-1,326,327,328,329,330,331,332,333,-1,-1,-1,-1,-1,-1,-1,-1,-1,-1,-1,-1,-1,-1,-1,-1,-1,-1,-1,-1,-1,-1,-1,-1,-1,-1,-1,-1,-1,-1,-1,-1,-1,-1,-1,-1,-1,-1,-1,-1,-1,-1,-1,-1,-1,-1,-1
G5H9N3,-1,-1,-1,-1,-1,-1,-1,-1,-1,-1,-1,-1,-1,-1,-1,-1,-1,-1,-1,-1,-1,-1,-1,-1,-1,-1,-1,-1,-1,-1,-1,-1,-1,-1,-1,-1,-1,-1,-1,-1,-1,-1,-1,-1,-1,-1,-1,-1,-1,-1,-1,-1,-1,-1,-1,-1,-1,-1,-1,-1,-1,-1,-1,-1,-1,-1,-1,-1,-1,-1,-1,-1,-1,-1,-1,-1,-1,-1,-1,-1,-1,-1,-1,-1,-1,-1,-1,-1,-1,-1,-1,-1,-1,-1,-1,-1,-1,-1,-1,-1,-1,-1,-1,-1,-1,-1,-1,-1,-1,-1,-1,-1,-1,-1,-1,-1,-1,-1,-1,-1,-1,-1,-1,-1,-1,-1,-1,-1,-1,-1,0,1,2,-1,3,4,5,6,7,-1,8,9,10,11,12,-1,-1,-1,13,14,15,16,17,18,19,20,21,22,-1,23,24,-1,25,26,27,28,29,30,31,32,33,34,35,36,37,38,39,40,41,-1,-1,-1,-1,-1,-1,-1,42,43,44,-1,-1,-1,-1,-1,-1,45,46,47,48,49,50,51,52,53,54,55,56,57,58,59,60,-1,-1,-1,-1,-1,-1,-1,-1,-1,-1,-1,-1,-1,-1,-1,61,62,63,64,65,66,67,68,69,70,71,72,73,74,75,76,77,78,79,80,81,82,83,-1,84,85,86,-1,87,88,-1,-1,89,-1,-1,90,91,-1,-1,-1,-1,-1,-1,-1,-1,-1,-1,-1,92,93,94,95,96,-1,97,98,99,100,101,102,103,104,105,106,107,108,109,110,111,112,113,114,115,116,117,118,119,120,121,122,123,124,125,126,127,128,129,130,131,132,133,134,-1,135,136,-1,-1,-1,-1,-1,-1,-1,-1,-1,-1,-1,-1,-1,-1,-1,-1,-1,-1,-1,-1,-1,-1,-1,-1,-1,-1,-1,-1,137,138,139,140,141,142,143,144,145,146,147,148,149,150,151,152,153,154,155,156,157,158,-1,159,160,-1,-1,-1,-1,161,162,163,164,165,166,167,-1,-1,-1,-1,-1,-1,-1,-1,168,169,170,171,172,173,174,175,176,177,178,179,180,181,182,183,-1,184,185,186,-1,-1,-1,-1,-1,187,-1,-1,-1,-1,-1,-1,-1,-1,-1,-1,-1,-1,-1,-1,-1,-1,-1,-1,-1,-1,-1,-1,-1,-1,-1,-1,-1,-1,-1,-1,-1,-1,-1,-1,-1,-1,-1,-1,-1,-1,-1,-1,-1,-1,188,189,190,191,192,193,194,-1,-1,-1,-1,-1,-1,195,196,197,198,199,200,-1,-1,201,202,203,204,205,206,207,208,209,210,211,212,213,214,215,216,-1,-1,-1,-1,-1,-1,-1,-1,-1,-1,-1,-1,-1,-1,-1,-1,-1,-1,-1,217,218,219,220,221,-1,222,223,224,225,226,227,228,229,230,-1,231,232,233,234,235,236,237,238,239,240,241,-1,-1,242,243,244,245,246,247,-1,248,-1,249,250,251,-1,-1,-1,-1,-1,-1,-1,-1,-1,-1,252,253,254,255,256,257,258,-1,-1,-1,-1,-1,-1,-1,-1,-1,-1,-1,259,260,261,262,263,264,265,266,-1,-1,-1,267,268,269,270,271,272,273,274,275,-1,276,277,278,279,280,281,282,283,284,285,286,287,288,289,290,291,292,293,294,295,296,297,298,299,300,301,302,303,-1,304,305,306,307,308,309,310,311,312,313,314,315,316,-1,317,318,319,320,321,-1,322,323,-1,-1,-1,-1,-1,-1,-1,-1,-1,-1,-1,-1,324,-1,-1,-1,-1,-1,-1,-1,-1,-1,-1,-1,-1,-1,-1,-1,-1,-1,-1,-1,-1,-1,-1,-1,-1,-1
G5H9U7,-1,-1,-1,-1,-1,-1,-1,-1,-1,-1,-1,-1,-1,-1,-1,-1,-1,-1,-1,-1,-1,-1,-1,-1,-1,-1,-1,-1,-1,-1,-1,-1,-1,-1,-1,-1,-1,-1,-1,-1,-1,0,1,2,3,4,5,6,7,8,-1,-1,-1,-1,-1,-1,-1,-1,-1,-1,-1,-1,-1,-1,-1,-1,-1,-1,-1,-1,-1,-1,-1,-1,-1,-1,-1,-1,-1,-1,-1,-1,-1,-1,-1,-1,-1,-1,-1,-1,-1,-1,-1,-1,-1,-1,-1,-1,-1,-1,-1,-1,-1,-1,-1,-1,-1,-1,-1,-1,-1,-1,-1,-1,-1,-1,-1,-1,-1,-1,-1,-1,-1,-1,-1,9,10,11,12,13,14,15,16,-1,17,18,19,20,21,-1,22,23,24,25,26,-1,-1,-1,27,28,29,30,31,32,33,34,35,36,-1,37,38,-1,39,40,41,42,43,44,45,46,47,48,49,50,51,52,53,54,55,-1,-1,-1,-1,-1,-1,-1,56,57,58,-1,-1,-1,-1,-1,-1,59,60,61,62,63,64,65,66,67,68,69,70,71,72,73,74,-1,-1,-1,-1,-1,-1,-1,-1,-1,-1,-1,-1,-1,-1,-1,75,76,77,78,79,80,81,82,83,84,85,86,87,88,89,90,91,92,93,94,95,96,97,-1,98,99,100,-1,101,102,-1,-1,103,-1,-1,104,105,-1,-1,-1,-1,-1,-1,-1,-1,-1,-1,-1,106,107,108,109,110,-1,111,112,113,114,115,116,117,118,119,120,121,122,123,124,125,126,127,128,129,130,131,132,133,134,135,136,137,138,139,140,141,142,143,144,145,146,147,148,-1,149,150,-1,-1,-1,-1,-1,-1,-1,-1,-1,-1,-1,-1,-1,-1,-1,-1,-1,-1,-1,-1,-1,-1,-1,-1,-1,-1,-1,-1,151,152,153,154,155,156,157,158,159,160,161,162,163,164,165,166,167,168,169,170,171,172,-1,173,174,-1,-1,-1,-1,175,176,177,178,179,180,181,-1,-1,-1,-1,-1,-1,-1,-1,182,183,184,185,186,187,188,189,190,191,192,193,194,195,196,197,-1,198,199,200,-1,-1,-1,-1,-1,201,-1,-1,-1,-1,-1,-1,-1,-1,-1,-1,-1,-1,-1,-1,-1,-1,-1,-1,-1,-1,-1,-1,-1,-1,-1,-1,-1,-1,-1,-1,-1,-1,-1,-1,-1,-1,-1,-1,-1,-1,-1,-1,-1,-1,202,203,204,205,206,207,208,-1,-1,-1,-1,-1,-1,209,210,211,212,213,214,-1,-1,215,216,217,218,219,220,221,222,223,224,225,226,227,228,229,230,-1,-1,-1,-1,-1,-1,-1,-1,-1,-1,-1,-1,-1,-1,-1,-1,-1,-1,-1,231,232,233,234,235,-1,236,237,238,239,240,241,242,243,244,-1,245,246,247,248,249,250,251,252,253,254,255,-1,-1,256,257,258,259,260,261,-1,262,-1,263,264,265,-1,-1,-1,-1,-1,-1,-1,-1,-1,-1,266,267,268,269,270,271,272,-1,-1,-1,-1,-1,-1,-1,-1,-1,-1,-1,273,274,275,276,277,278,279,280,-1,-1,-1,281,282,283,284,285,286,287,288,289,-1,290,291,292,293,294,295,296,297,298,299,300,301,302,303,304,305,306,307,308,309,310,311,312,313,314,315,316,317,-1,318,319,320,321,322,323,324,325,326,327,328,329,330,-1,331,332,333,334,335,-1,336,337,-1,-1,-1,-1,-1,-1,-1,-1,-1,-1,-1,-1,338,-1,-1,-1,-1,-1,-1,-1,-1,-1,-1,-1,-1,-1,-1,-1,-1,-1,-1,-1,-1,-1,-1,-1,-1,-1
P12256,-1,-1,-1,-1,-1,-1,-1,-1,-1,-1,-1,-1,-1,-1,-1,-1,-1,-1,-1,-1,-1,-1,0,-1,-1,-1,-1,-1,-1,-1,-1,-1,-1,-1,-1,-1,-1,-1,-1,-1,-1,-1,-1,-1,-1,-1,-1,-1,-1,-1,-1,-1,-1,-1,-1,-1,-1,-1,-1,-1,-1,-1,-1,-1,-1,-1,-1,-1,-1,-1,-1,-1,-1,-1,-1,-1,-1,-1,-1,-1,-1,-1,-1,-1,-1,-1,-1,-1,-1,-1,-1,-1,-1,-1,-1,-1,-1,-1,-1,-1,-1,-1,-1,-1,-1,-1,-1,-1,-1,-1,-1,-1,-1,-1,-1,-1,-1,-1,-1,-1,-1,-1,-1,-1,-1,-1,-1,-1,-1,1,2,3,4,-1,5,6,7,8,9,-1,10,11,12,13,14,-1,-1,-1,15,16,17,18,19,20,21,22,23,24,-1,25,26,-1,27,28,29,30,31,32,33,34,35,36,37,38,39,40,41,42,43,-1,-1,-1,-1,-1,-1,-1,44,45,46,-1,-1,-1,-1,-1,-1,-1,47,48,49,50,51,52,53,54,55,56,57,58,59,60,61,-1,-1,-1,-1,-1,-1,62,63,64,-1,-1,-1,-1,-1,-1,65,66,67,68,69,70,71,72,73,74,75,76,77,78,79,80,81,82,83,84,85,86,87,88,89,90,91,-1,92,93,94,95,-1,-1,-1,96,97,-1,-1,-1,-1,-1,-1,-1,-1,-1,-1,-1,98,99,100,101,102,-1,103,104,105,106,107,108,109,110,111,112,113,114,115,116,117,118,119,120,121,122,123,124,125,126,127,-1,-1,128,129,130,131,132,133,134,135,136,137,138,-1,139,140,-1,-1,-1,-1,-1,-1,-1,-1,-1,-1,-1,-1,-1,-1,-1,-1,-1,-1,-1,-1,-1,-1,-1,-1,-1,-1,-1,-1,141,142,143,144,145,146,147,148,149,150,151,152,153,154,155,156,157,158,159,160,161,162,-1,163,164,-1,-1,-1,-1,165,166,167,168,169,170,-1,-1,-1,-1,-1,-1,-1,-1,-1,171,172,173,174,175,176,177,178,179,180,181,182,183,184,185,186,187,188,189,190,-1,-1,-1,-1,-1,191,192,193,194,-1,-1,-1,-1,-1,-1,-1,-1,-1,-1,-1,195,196,197,198,199,200,201,202,203,204,-1,-1,-1,205,206,207,208,209,210,-1,-1,-1,-1,-1,-1,-1,-1,-1,-1,211,212,213,214,215,216,217,218,-1,-1,-1,-1,-1,-1,219,220,221,222,223,224,-1,-1,225,226,227,228,229,230,231,232,233,234,235,236,237,238,239,240,-1,-1,-1,-1,-1,-1,-1,-1,-1,-1,-1,-1,-1,-1,-1,-1,-1,-1,-1,241,242,243,244,245,-1,246,247,248,249,250,251,252,253,254,-1,255,256,257,258,259,260,261,262,263,264,265,-1,-1,266,267,268,269,270,271,-1,272,-1,273,274,275,-1,-1,-1,-1,-1,-1,-1,-1,-1,-1,276,277,278,279,280,281,282,-1,-1,-1,-1,-1,-1,-1,-1,-1,-1,-1,283,284,285,286,287,288,289,290,-1,-1,-1,291,292,293,294,295,296,297,298,299,-1,300,301,302,303,304,305,306,307,308,309,310,311,312,313,314,315,-1,316,317,318,319,320,321,322,323,-1,-1,-1,-1,-1,-1,-1,-1,-1,324,325,326,327,328,329,330,331,-1,332,333,334,335,-1,-1,-1,-1,-1,-1,-1,-1,-1,-1,-1,-1,-1,-1,-1,-1,-1,-1,-1,-1,-1,-1,-1,-1,-1,-1,-1,-1,-1,-1,-1,-1,-1,-1,-1,-1,-1,-1,-1,-1,336,337
Q8Y5J3,-1,-1,-1,-1,-1,-1,-1,-1,-1,-1,-1,-1,-1,-1,-1,-1,-1,-1,-1,-1,-1,-1,-1,-1,-1,-1,-1,-1,-1,-1,-1,-1,-1,-1,-1,-1,-1,-1,-1,-1,-1,-1,-1,-1,-1,-1,-1,-1,-1,-1,-1,-1,-1,-1,-1,-1,-1,-1,-1,-1,-1,-1,-1,-1,-1,-1,-1,-1,-1,-1,-1,-1,-1,-1,-1,-1,-1,-1,-1,-1,-1,-1,-1,-1,-1,-1,-1,-1,-1,-1,-1,-1,-1,-1,-1,-1,-1,-1,-1,-1,-1,-1,-1,-1,-1,-1,-1,-1,-1,-1,-1,-1,-1,-1,-1,-1,-1,-1,-1,-1,-1,-1,-1,-1,-1,-1,-1,-1,-1,-1,0,1,2,-1,3,4,5,6,7,-1,8,9,10,-1,-1,-1,-1,-1,11,12,13,14,15,16,17,18,19,20,-1,21,22,-1,23,24,25,26,27,28,29,30,31,32,33,34,35,36,37,38,39,-1,-1,-1,-1,-1,-1,-1,40,41,-1,-1,-1,-1,-1,-1,-1,-1,-1,42,43,44,45,46,47,48,49,50,51,52,53,54,55,-1,-1,-1,-1,-1,-1,56,57,58,-1,-1,-1,-1,-1,-1,59,60,61,62,63,64,65,66,67,68,69,70,71,72,73,74,75,76,77,78,79,80,81,82,83,84,85,-1,86,87,88,-1,-1,-1,-1,89,90,-1,-1,-1,-1,-1,-1,-1,-1,-1,-1,-1,91,92,93,94,95,-1,96,97,98,99,100,101,102,103,104,105,106,107,108,109,110,111,112,113,114,115,116,117,118,119,120,-1,-1,121,122,123,124,125,126,127,128,129,130,131,-1,132,133,-1,-1,-1,-1,-1,-1,-1,-1,-1,-1,-1,-1,-1,-1,-1,-1,-1,-1,-1,-1,-1,-1,-1,-1,-1,-1,-1,-1,134,135,136,137,138,139,140,141,142,143,144,145,-1,146,147,148,149,150,151,152,153,154,-1,155,156,-1,-1,-1,-1,157,158,159,160,161,162,-1,-1,-1,-1,-1,-1,-1,-1,-1,163,164,165,166,167,168,169,170,171,172,173,174,175,176,177,178,179,180,181,182,-1,-1,-1,-1,-1,183,184,185,186,-1,-1,-1,-1,-1,-1,-1,-1,-1,-1,-1,187,188,189,190,191,192,193,194,195,196,-1,-1,-1,197,198,199,200,201,202,-1,-1,-1,-1,-1,-1,-1,-1,-1,-1,203,204,205,206,207,208,209,210,-1,-1,-1,-1,-1,-1,211,212,213,214,215,216,-1,-1,217,218,219,220,221,222,223,224,225,226,227,228,229,230,231,232,-1,-1,-1,-1,-1,-1,-1,-1,-1,-1,-1,-1,-1,-1,-1,-1,-1,-1,-1,233,234,235,236,237,-1,238,239,240,241,242,243,244,245,246,-1,247,248,249,250,251,252,253,254,255,256,257,-1,-1,258,259,260,261,262,263,-1,264,-1,265,266,267,-1,-1,-1,-1,-1,-1,-1,-1,-1,-1,268,269,270,271,272,273,274,-1,-1,-1,-1,-1,-1,-1,-1,-1,-1,-1,275,276,277,278,279,280,281,282,-1,-1,-1,283,284,285,286,287,288,289,290,291,-1,292,293,294,295,296,297,298,299,300,301,302,303,304,305,306,307,-1,308,309,310,311,312,313,314,315,-1,-1,-1,-1,-1,-1,-1,-1,-1,316,317,318,319,320,321,322,323,324,-1,-1,-1,-1,-1,-1,-1,-1,-1,-1,-1,-1,-1,-1,-1,-1,-1,-1,-1,-1,-1,-1,-1,-1,-1,-1,-1,-1,-1,-1,-1,-1,-1,-1,-1,-1,-1,-1,-1,-1,-1,-1,-1,-1,-1,-1
Q8Y9S7,-1,-1,-1,-1,-1,-1,-1,-1,-1,-1,-1,-1,-1,-1,-1,-1,-1,-1,-1,-1,-1,-1,-1,-1,-1,-1,-1,-1,-1,-1,-1,-1,-1,-1,-1,-1,-1,-1,-1,-1,-1,-1,-1,-1,-1,-1,-1,-1,-1,-1,-1,-1,-1,-1,-1,-1,-1,-1,-1,-1,-1,-1,-1,-1,-1,-1,-1,-1,-1,-1,-1,-1,-1,-1,-1,-1,-1,-1,-1,-1,-1,-1,-1,-1,-1,-1,-1,-1,-1,-1,-1,-1,-1,-1,-1,-1,-1,-1,-1,-1,-1,-1,-1,-1,-1,-1,-1,-1,-1,-1,-1,-1,-1,-1,-1,-1,-1,-1,-1,-1,-1,-1,-1,-1,-1,-1,-1,-1,-1,-1,0,1,2,-1,3,4,5,6,7,-1,8,9,10,11,12,-1,-1,-1,13,14,15,16,17,18,19,20,21,22,-1,23,24,-1,25,26,27,28,29,30,31,32,33,34,35,36,37,38,39,40,41,-1,-1,-1,-1,-1,-1,-1,42,43,44,-1,-1,-1,-1,-1,-1,-1,-1,45,46,47,48,49,50,51,52,53,54,55,56,57,58,-1,-1,-1,-1,-1,-1,59,60,-1,-1,-1,-1,-1,-1,-1,61,62,63,64,65,66,67,68,69,70,71,72,73,74,75,76,77,78,79,80,81,82,83,84,85,86,87,-1,88,89,90,91,-1,-1,-1,92,93,-1,-1,-1,-1,-1,-1,-1,-1,-1,-1,-1,94,95,96,97,98,-1,99,100,101,102,103,104,105,106,107,108,109,110,111,112,113,114,115,116,117,118,119,120,121,122,123,-1,-1,124,125,126,127,128,129,130,131,132,133,134,-1,135,136,-1,-1,-1,-1,-1,-1,-1,-1,-1,-1,-1,-1,-1,-1,-1,-1,-1,-1,-1,-1,-1,-1,-1,-1,-1,-1,-1,-1,137,138,139,140,141,142,143,144,145,146,147,148,149,150,151,152,153,154,155,156,157,158,-1,159,160,-1,-1,-1,-1,161,162,163,164,165,166,-1,-1,-1,-1,-1,-1,-1,-1,-1,167,168,169,170,171,172,173,174,175,176,177,178,179,180,181,182,183,184,185,186,-1,-1,-1,-1,-1,187,188,189,190,-1,-1,-1,-1,-1,-1,-1,-1,-1,-1,-1,191,192,193,194,195,196,197,198,199,200,-1,-1,-1,201,202,203,204,205,206,-1,-1,-1,-1,-1,-1,-1,-1,-1,-1,207,208,209,210,211,212,213,214,-1,-1,-1,-1,-1,-1,215,216,217,218,219,220,-1,-1,221,222,223,224,225,226,227,228,229,230,231,232,233,234,235,236,-1,-1,-1,-1,-1,-1,-1,-1,-1,-1,-1,-1,-1,-1,-1,-1,-1,-1,-1,237,238,239,240,241,-1,242,243,244,245,246,247,248,249,250,-1,251,252,253,254,255,256,257,258,259,260,261,-1,-1,262,263,264,265,266,267,-1,268,-1,269,270,271,-1,-1,-1,-1,-1,-1,-1,-1,-1,-1,272,273,274,275,276,277,278,-1,-1,-1,-1,-1,-1,-1,-1,-1,-1,-1,279,280,281,282,283,284,285,286,-1,-1,-1,287,288,289,290,291,292,293,294,295,-1,296,297,298,299,300,301,302,303,304,305,306,307,308,309,310,311,312,313,314,315,316,317,318,319,320,-1,-1,-1,-1,-1,-1,-1,-1,-1,321,322,323,324,325,326,327,328,-1,-1,-1,-1,-1,-1,-1,-1,-1,-1,-1,-1,-1,-1,-1,-1,-1,-1,-1,-1,-1,-1,-1,-1,-1,-1,-1,-1,-1,-1,-1,-1,-1,-1,-1,-1,-1,-1,-1,-1,-1,-1,-1,-1,-1,-1,-1
Q9KK62,-1,-1,-1,-1,-1,-1,-1,-1,-1,-1,-1,-1,-1,-1,-1,-1,-1,-1,-1,-1,-1,-1,-1,-1,-1,-1,-1,-1,-1,-1,-1,-1,-1,-1,-1,-1,-1,-1,-1,-1,-1,-1,-1,-1,-1,-1,-1,-1,-1,-1,-1,-1,-1,-1,-1,-1,-1,-1,-1,-1,-1,-1,-1,-1,-1,-1,-1,-1,-1,-1,-1,-1,-1,-1,-1,-1,-1,-1,-1,-1,-1,-1,-1,-1,-1,-1,-1,-1,-1,-1,-1,-1,-1,-1,-1,-1,-1,-1,-1,-1,-1,-1,-1,-1,-1,-1,-1,-1,-1,-1,-1,-1,-1,-1,-1,-1,-1,-1,-1,-1,-1,-1,-1,-1,-1,-1,-1,-1,-1,-1,0,1,2,-1,3,4,5,6,7,-1,8,9,10,11,12,-1,-1,-1,13,14,15,16,17,18,19,20,21,22,-1,23,24,-1,25,26,27,28,29,30,31,32,33,34,35,36,37,38,39,40,41,-1,-1,-1,-1,-1,-1,-1,42,43,44,-1,-1,-1,-1,-1,-1,-1,-1,45,46,47,48,49,50,51,52,53,54,55,56,57,58,-1,-1,-1,-1,-1,-1,59,60,61,-1,-1,-1,-1,-1,-1,62,63,64,65,66,67,68,69,70,71,72,73,74,75,76,77,78,79,80,81,82,83,84,85,86,87,88,-1,89,90,91,92,-1,-1,-1,93,94,-1,-1,-1,-1,-1,-1,-1,-1,-1,-1,-1,95,96,97,98,99,-1,100,101,102,103,104,105,106,107,108,109,110,111,112,113,114,115,116,117,118,119,120,121,122,123,124,-1,-1,125,126,127,128,129,130,131,132,133,134,135,-1,136,137,-1,-1,-1,-1,-1,-1,-1,-1,-1,-1,-1,-1,-1,-1,-1,-1,-1,-1,-1,-1,-1,-1,-1,-1,-1,-1,-1,-1,-1,138,139,140,141,142,143,144,145,146,147,148,-1,149,150,151,152,153,154,155,156,157,-1,158,159,-1,-1,-1,-1,160,161,162,163,164,165,-1,-1,-1,-1,-1,-1,-1,-1,-1,166,167,168,169,170,171,172,173,174,175,176,177,178,179,180,181,182,183,184,185,-1,-1,-1,-1,-1,186,187,188,189,-1,-1,-1,-1,-1,-1,-1,-1,-1,-1,-1,190,191,192,193,194,195,196,197,198,199,-1,-1,-1,200,201,202,203,204,205,-1,-1,-1,-1,-1,-1,-1,-1,-1,-1,206,207,208,209,210,211,212,213,-1,-1,-1,-1,-1,-1,214,215,216,217,218,219,-1,-1,220,221,222,223,224,225,226,227,228,229,230,231,232,233,234,235,-1,-1,-1,-1,-1,-1,-1,-1,-1,-1,-1,-1,-1,-1,-1,-1,-1,-1,-1,236,237,238,239,240,-1,241,242,243,244,245,246,247,248,249,-1,250,251,252,253,254,255,256,257,258,259,260,-1,-1,261,262,263,264,265,266,-1,267,-1,268,269,270,-1,-1,-1,-1,-1,-1,-1,-1,-1,-1,271,272,273,274,275,276,277,-1,-1,-1,-1,-1,-1,-1,-1,-1,-1,-1,278,279,280,281,282,283,284,285,-1,-1,-1,286,287,288,289,290,291,292,293,294,-1,295,296,297,298,299,300,301,302,303,304,305,306,307,308,309,310,-1,311,312,313,314,315,316,-1,-1,-1,-1,-1,-1,-1,-1,-1,-1,-1,-1,-1,-1,-1,-1,-1,-1,-1,-1,-1,-1,-1,-1,-1,-1,-1,-1,-1,-1,-1,-1,-1,-1,-1,-1,-1,-1,-1,-1,-1,-1,-1,-1,-1,-1,-1,-1,-1,-1,-1,-1,-1,-1,-1,-1,-1,-1,-1,-1,-1,-1,-1,-1,-1,-1
R7PBA0,-1,-1,-1,-1,-1,-1,-1,-1,-1,-1,-1,-1,-1,-1,-1,-1,-1,-1,-1,-1,-1,0,1,2,3,4,5,6,7,-1,-1,-1,-1,-1,-1,-1,-1,-1,-1,8,9,10,11,12,13,14,15,16,17,18,-1,-1,-1,-1,-1,-1,-1,-1,-1,-1,-1,-1,-1,-1,-1,-1,-1,-1,-1,-1,-1,-1,-1,-1,-1,-1,-1,-1,-1,-1,-1,-1,-1,-1,-1,-1,-1,-1,-1,-1,-1,-1,-1,-1,-1,-1,-1,-1,-1,-1,-1,-1,-1,-1,-1,-1,-1,-1,-1,-1,-1,-1,-1,-1,-1,-1,-1,-1,-1,-1,-1,-1,-1,-1,-1,19,20,21,22,23,24,25,26,-1,27,28,29,30,31,-1,32,33,34,35,36,-1,-1,-1,37,38,39,40,41,42,43,44,45,46,47,48,49,-1,50,51,52,53,54,55,56,57,58,59,60,61,62,63,64,65,66,-1,-1,-1,-1,-1,-1,-1,67,68,69,70,71,-1,-1,-1,72,73,74,75,76,77,78,79,80,81,82,83,84,85,86,87,88,-1,-1,-1,-1,-1,-1,-1,-1,-1,-1,-1,-1,-1,-1,89,90,91,92,93,94,95,96,97,98,99,100,101,102,103,104,105,106,107,108,109,110,111,112,113,114,115,116,-1,117,118,119,120,121,-1,-1,122,123,-1,-1,-1,-1,-1,-1,-1,-1,-1,-1,-1,124,125,126,127,128,-1,129,130,131,132,133,134,135,136,137,138,139,140,141,142,143,144,145,146,147,148,149,150,151,152,153,-1,-1,154,155,156,157,158,159,160,161,-1,-1,-1,-1,-1,162,-1,-1,-1,-1,-1,-1,-1,-1,-1,-1,-1,-1,-1,-1,-1,-1,-1,-1,-1,-1,-1,-1,-1,-1,-1,-1,-1,-1,163,164,165,166,167,168,169,170,171,172,173,174,175,176,177,178,179,180,181,182,183,184,185,186,187,-1,-1,-1,-1,188,189,190,191,192,193,-1,-1,-1,-1,-1,-1,-1,-1,-1,194,195,196,197,198,199,200,201,202,203,204,205,206,207,208,209,210,211,212,213,-1,-1,-1,-1,-1,214,215,216,217,-1,-1,-1,-1,-1,-1,-1,-1,-1,-1,-1,218,219,220,221,222,223,224,225,226,227,-1,-1,-1,228,229,230,231,232,233,-1,-1,-1,-1,-1,-1,-1,-1,-1,-1,234,235,236,237,238,239,240,241,-1,-1,-1,-1,-1,-1,242,243,244,245,246,247,-1,-1,248,249,250,251,252,253,254,255,256,257,258,259,260,261,262,263,-1,-1,-1,-1,-1,-1,-1,-1,-1,-1,-1,-1,-1,-1,-1,-1,-1,-1,-1,264,265,266,267,268,-1,269,270,271,272,273,274,275,276,277,-1,278,279,280,281,282,283,284,285,286,287,288,-1,-1,289,290,291,292,293,-1,-1,294,-1,295,296,297,-1,-1,-1,-1,-1,298,299,300,301,302,303,304,305,306,307,308,309,-1,-1,-1,-1,-1,-1,-1,-1,-1,-1,-1,310,311,312,313,314,315,316,317,-1,-1,-1,318,319,320,321,322,323,324,325,326,-1,327,328,329,330,331,332,333,334,335,336,337,338,339,340,341,342,-1,343,344,345,346,347,348,349,350,-1,-1,-1,-1,-1,-1,-1,351,352,353,354,355,356,357,358,359,360,361,362,-1,-1,-1,-1,-1,-1,-1,-1,-1,-1,-1,-1,-1,-1,-1,-1,-1,-1,-1,-1,-1,-1,-1,-1,-1,-1,-1,-1,-1,-1,-1,-1,-1,-1,-1,-1,-1,-1,-1,-1,-1,-1,-1,-1,-1
U2D571,-1,-1,-1,-1,-1,-1,-1,-1,-1,-1,-1,-1,-1,-1,-1,-1,-1,-1,-1,-1,-1,-1,-1,-1,-1,-1,-1,-1,-1,-1,-1,-1,-1,-1,-1,-1,-1,-1,-1,-1,-1,-1,-1,-1,-1,-1,-1,-1,-1,-1,-1,-1,-1,-1,-1,-1,-1,-1,-1,-1,-1,-1,-1,-1,-1,-1,-1,-1,-1,-1,-1,-1,-1,-1,-1,-1,-1,-1,-1,-1,-1,-1,-1,-1,-1,-1,-1,-1,-1,-1,-1,-1,-1,-1,-1,-1,-1,-1,-1,-1,-1,-1,-1,-1,-1,-1,-1,-1,-1,-1,-1,-1,-1,-1,-1,-1,-1,-1,-1,-1,-1,-1,-1,-1,-1,-1,-1,-1,0,1,2,3,4,-1,5,6,7,8,9,-1,10,11,12,-1,-1,-1,-1,-1,13,14,15,16,17,18,19,20,21,22,-1,23,24,-1,25,26,27,28,29,30,31,32,33,34,35,36,37,38,39,40,41,-1,-1,-1,-1,-1,-1,-1,42,43,-1,-1,-1,-1,-1,-1,-1,-1,-1,44,45,46,47,48,49,50,51,52,53,54,55,56,57,-1,-1,-1,-1,-1,-1,58,59,60,-1,-1,-1,-1,-1,-1,61,62,63,64,65,66,67,68,69,70,71,72,73,74,75,76,77,78,79,80,81,82,83,84,85,86,87,-1,88,89,90,-1,-1,-1,-1,91,92,-1,-1,-1,-1,-1,-1,-1,-1,-1,-1,-1,93,94,95,96,97,-1,98,99,100,101,102,103,104,105,106,107,108,109,110,111,112,113,114,115,116,117,118,119,120,121,122,-1,-1,123,124,125,126,127,128,129,130,131,132,133,-1,134,135,-1,-1,-1,-1,-1,-1,-1,-1,-1,-1,-1,-1,-1,-1,-1,-1,-1,-1,-1,-1,-1,-1,-1,-1,-1,-1,-1,-1,136,137,138,139,140,141,142,143,144,145,146,147,-1,148,149,150,151,152,153,154,155,156,-1,157,158,-1,-1,-1,-1,159,160,161,162,163,164,-1,-1,-1,-1,-1,-1,-1,-1,-1,165,166,167,168,169,170,171,172,173,174,175,176,177,178,179,180,181,182,183,184,-1,-1,-1,-1,-1,185,186,187,188,-1,-1,-1,-1,-1,-1,-1,-1,-1,-1,-1,189,190,191,192,193,194,195,196,197,198,-1,-1,-1,199,200,201,202,203,204,-1,-1,-1,-1,-1,-1,-1,-1,-1,-1,205,206,207,208,209,210,211,212,-1,-1,-1,-1,-1,-1,213,214,215,216,217,218,-1,-1,219,220,221,222,223,224,225,226,227,228,229,230,231,232,233,234,-1,-1,-1,-1,-1,-1,-1,-1,-1,-1,-1,-1,-1,-1,-1,-1,-1,-1,-1,235,236,237,238,239,-1,240,241,242,243,244,245,246,247,248,-1,249,250,251,252,253,254,255,256,257,258,259,-1,-1,260,261,262,263,264,265,-1,266,-1,267,268,269,-1,-1,-1,-1,-1,-1,-1,-1,-1,-1,270,271,272,273,274,275,276,-1,-1,-1,-1,-1,-1,-1,-1,-1,-1,-1,277,278,279,280,281,282,283,284,-1,-1,-1,285,286,287,288,289,290,291,292,293,-1,294,295,296,297,298,299,300,301,302,303,304,305,306,307,308,309,-1,310,311,312,313,314,315,316,317,-1,-1,-1,-1,-1,-1,-1,-1,-1,318,319,320,321,322,323,324,325,326,-1,-1,-1,-1,-1,-1,-1,-1,-1,-1,-1,-1,-1,-1,-1,-1,-1,-1,-1,-1,-1,-1,-1,-1,-1,-1,-1,-1,-1,-1,-1,-1,-1,-1,-1,-1,-1,-1,-1,-1,-1,-1,-1,-1,-1,-1
