Enzyme,ProductName,Intensity
A0A069S9I0,"3a,7a,12k_alanine_20366",0.0
A0A069S9I0,"3a,7a,12k_lysine_23168",0.0
A0A069S9I0,3a12k_serine_27652,0.0
A0A069S9I0,3a12k_taurine_22309,91030.70265776382
A0A069S9I0,3a7a12k_taurine_14542,64942.924120288175
A0A069S9I0,3a7k_citrulline_24966,0.0
A0A069S9I0,3a7k_glutamine_24909,0.0
A0A069S9I0,3a7k_serine_26456,0.0
A0A069S9I0,3a7k_threonine_27078,0.0
A0A069S9I0,3k12a_lysine_23849,0.0
A0A069S9I0,3k7a_glutamine_29953,0.0
A0A069S9I0,3k7a_proline_M+NH4_21780,0.0
A0A069S9I0,"Di_2,3_diaminopropionic acid_14073",0.0
A0A069S9I0,Di_2_aminophenol_36589,0.0
A0A069S9I0,Di_2_aminophenol_40269,0.0
A0A069S9I0,Di_3_methoxytyramine_37128,0.0
A0A069S9I0,Di_3_methoxytyramine_37165,0.0
A0A069S9I0,Di_3_methoxytyramine_39396,0.0
A0A069S9I0,Di_GABA_33328,0.0
A0A069S9I0,Di_GABA_36169,0.0
A0A069S9I0,Di_alanine_27176,0.0
A0A069S9I0,Di_alanine_35826,0.0
A0A069S9I0,Di_alanine_37411,0.0
A0A069S9I0,Di_citrulline_22104,0.0
A0A069S9I0,Di_citrulline_31270,0.0
A0A069S9I0,Di_dopamine_34015,0.0
A0A069S9I0,Di_dopamine_38088,0.0
A0A069S9I0,Di_glutamine_30065,0.0
A0A069S9I0,Di_glutamine_30067,0.0
A0A069S9I0,Di_glutamine_31254,0.0
A0A069S9I0,Di_glycine_27361,21796.854123613924
A0A069S9I0,Di_glycine_34166,41306.09533349462
A0A069S9I0,Di_glycine_34738,0.0
A0A069S9I0,Di_lysine_25070,0.0
A0A069S9I0,Di_methionine_34896,0.0
A0A069S9I0,Di_ornithine_15391,0.0
A0A069S9I0,Di_ornithine_17963,0.0
A0A069S9I0,Di_ornithine_22619,0.0
A0A069S9I0,Di_ornithine_25325,0.0
A0A069S9I0,Di_phenylalanine_22687,0.0
A0A069S9I0,Di_phenylalanine_39833,0.0
A0A069S9I0,Di_serine_32622,0.0
A0A069S9I0,Di_taurine_19595,0.0
A0A069S9I0,Di_taurine_29331,124871.99013157835
A0A069S9I0,Di_taurine_30261,0.0
A0A069S9I0,Di_threonine_23465,0.0
A0A069S9I0,Di_threonine_33288,0.0
A0A069S9I0,Di_unconjugated_34634,0.0
A0A069S9I0,Mono_2_aminophenol_41901,0.0
A0A069S9I0,Mono_2_aminophenol_45657,0.0
A0A069S9I0,Mono_GABA_40494,0.0
A0A069S9I0,Mono_alanine_40140,0.0
A0A069S9I0,Mono_glutamine_37103,0.0
A0A069S9I0,Mono_glycine_38634,102097.13171648215
A0A069S9I0,Mono_lysine_32192,0.0
A0A069S9I0,Mono_methionine_41397,0.0
A0A069S9I0,Mono_ornithine_31596,0.0
A0A069S9I0,Mono_ornithine_33494,0.0
A0A069S9I0,Mono_phenylalanine_41412,0.0
A0A069S9I0,Mono_serotonin_42743,0.0
A0A069S9I0,Mono_taurine_35357,124568.89990720231
A0A069S9I0,Mono_tyramine_38979,0.0
A0A069S9I0,"Tri_2,3_diaminopropionic acid_14940",0.0
A0A069S9I0,"Tri_2,3_diaminopropionic acid_17863",0.0
A0A069S9I0,"Tri_2,3_diaminopropionic acid_17869",0.0
A0A069S9I0,"Tri_2,3_diaminopropionic acid_18373",0.0
A0A069S9I0,Tri_2_aminophenol_35037,0.0
A0A069S9I0,Tri_2_aminophenol_39976,0.0
A0A069S9I0,Tri_3_methoxytyramine_36008,0.0
A0A069S9I0,Tri_GABA_22882,0.0
A0A069S9I0,Tri_GABA_26794,0.0
A0A069S9I0,Tri_GABA_M+H2O_23885,0.0
A0A069S9I0,Tri_alanine_28457,0.0
A0A069S9I0,Tri_arginine_18281,0.0
A0A069S9I0,Tri_asparagine_20433,0.0
A0A069S9I0,Tri_cadaverine_19586,0.0
A0A069S9I0,Tri_citrulline_22220,0.0
A0A069S9I0,Tri_cystine_19329,0.0
A0A069S9I0,Tri_dopamine_32050,0.0
A0A069S9I0,Tri_dopamine_32195,0.0
A0A069S9I0,Tri_glutamine_22099,0.0
A0A069S9I0,Tri_glycine_25947,0.0
A0A069S9I0,Tri_glyglycine_20401,0.0
A0A069S9I0,Tri_histidine_17315,0.0
A0A069S9I0,Tri_methionine_33885,0.0
A0A069S9I0,Tri_ornithine_17210,0.0
A0A069S9I0,Tri_phenylalanine_22512,0.0
A0A069S9I0,Tri_phenylalanine_37508,0.0
A0A069S9I0,Tri_phenylalanine_40024,0.0
A0A069S9I0,Tri_proline_M+NH4_18411,0.0
A0A069S9I0,Tri_putrescine_18433,0.0
A0A069S9I0,Tri_serine_23158,0.0
A0A069S9I0,Tri_taurine_20369,0.0
A0A069S9I0,Tri_tryptamine_38723,0.0
A0A078S2R5,"3a,7a,12k_alanine_20366",594827.2978400833
A0A078S2R5,"3a,7a,12k_lysine_23168",0.0
A0A078S2R5,3a12k_serine_27652,5509.0546267861955
A0A078S2R5,3a12k_taurine_22309,5037115.915210506
A0A078S2R5,3a7a12k_taurine_14542,66117267.48518886
A0A078S2R5,3a7k_citrulline_24966,0.0
A0A078S2R5,3a7k_glutamine_24909,7840.994372992398
A0A078S2R5,3a7k_serine_26456,1113.5527894386069
A0A078S2R5,3a7k_threonine_27078,0.0
A0A078S2R5,3k12a_lysine_23849,0.0
A0A078S2R5,3k7a_glutamine_29953,0.0
A0A078S2R5,3k7a_proline_M+NH4_21780,0.0
A0A078S2R5,"Di_2,3_diaminopropionic acid_14073",67395.44071339564
A0A078S2R5,Di_2_aminophenol_36589,3473247.987344006
A0A078S2R5,Di_2_aminophenol_40269,2668251.1443866384
A0A078S2R5,Di_3_methoxytyramine_37128,614657.5926275726
A0A078S2R5,Di_3_methoxytyramine_37165,39815.97483975041
A0A078S2R5,Di_3_methoxytyramine_39396,75893.85629069795
A0A078S2R5,Di_GABA_33328,55985.66386745364
A0A078S2R5,Di_GABA_36169,33795.26095971716
A0A078S2R5,Di_alanine_27176,30394.88192104026
A0A078S2R5,Di_alanine_35826,183212.6225414195
A0A078S2R5,Di_alanine_37411,553518.0256144718
A0A078S2R5,Di_citrulline_22104,3482.4860769440593
A0A078S2R5,Di_citrulline_31270,0.0
A0A078S2R5,Di_dopamine_34015,191709.93018940257
A0A078S2R5,Di_dopamine_38088,32445.413086915352
A0A078S2R5,Di_glutamine_30065,0.0
A0A078S2R5,Di_glutamine_30067,0.0
A0A078S2R5,Di_glutamine_31254,0.0
A0A078S2R5,Di_glycine_27361,12276249.552550409
A0A078S2R5,Di_glycine_34166,22584982.459073443
A0A078S2R5,Di_glycine_34738,2401962.519209287
A0A078S2R5,Di_lysine_25070,0.0
A0A078S2R5,Di_methionine_34896,0.0
A0A078S2R5,Di_ornithine_15391,0.0
A0A078S2R5,Di_ornithine_17963,292114.494053939
A0A078S2R5,Di_ornithine_22619,0.0
A0A078S2R5,Di_ornithine_25325,67912.3863201873
A0A078S2R5,Di_phenylalanine_22687,1612.1574281411652
A0A078S2R5,Di_phenylalanine_39833,57939.742314854775
A0A078S2R5,Di_serine_32622,0.0
A0A078S2R5,Di_taurine_19595,11733.52727769074
A0A078S2R5,Di_taurine_29331,4876850.203565119
A0A078S2R5,Di_taurine_30261,7405.344902252329
A0A078S2R5,Di_threonine_23465,0.0
A0A078S2R5,Di_threonine_33288,0.0
A0A078S2R5,Di_unconjugated_34634,80208.72529178376
A0A078S2R5,Mono_2_aminophenol_41901,268391.8321866987
A0A078S2R5,Mono_2_aminophenol_45657,58308.1370136377
A0A078S2R5,Mono_GABA_40494,171248.12480120573
A0A078S2R5,Mono_alanine_40140,127263.88661418698
A0A078S2R5,Mono_glutamine_37103,60785.603640376845
A0A078S2R5,Mono_glycine_38634,5804653.084763588
A0A078S2R5,Mono_lysine_32192,3686.9099698573345
A0A078S2R5,Mono_methionine_41397,9529.051337384275
A0A078S2R5,Mono_ornithine_31596,0.0
A0A078S2R5,Mono_ornithine_33494,995610.2511261111
A0A078S2R5,Mono_phenylalanine_41412,0.0
A0A078S2R5,Mono_serotonin_42743,41647.95601389189
A0A078S2R5,Mono_taurine_35357,5837215.819911952
A0A078S2R5,Mono_tyramine_38979,404419.98639174545
A0A078S2R5,"Tri_2,3_diaminopropionic acid_14940",35956.231540595574
A0A078S2R5,"Tri_2,3_diaminopropionic acid_17863",0.0
A0A078S2R5,"Tri_2,3_diaminopropionic acid_17869",0.0
A0A078S2R5,"Tri_2,3_diaminopropionic acid_18373",6438561.313763435
A0A078S2R5,Tri_2_aminophenol_35037,932325.1644082796
A0A078S2R5,Tri_2_aminophenol_39976,3959069.253737544
A0A078S2R5,Tri_3_methoxytyramine_36008,11988.580624889932
A0A078S2R5,Tri_GABA_22882,181326.673547017
A0A078S2R5,Tri_GABA_26794,1138724.1053358002
A0A078S2R5,Tri_GABA_M+H2O_23885,9687.546275483652
A0A078S2R5,Tri_alanine_28457,9969.70562370872
A0A078S2R5,Tri_arginine_18281,0.0
A0A078S2R5,Tri_asparagine_20433,186988.67526517162
A0A078S2R5,Tri_cadaverine_19586,0.0
A0A078S2R5,Tri_citrulline_22220,0.0
A0A078S2R5,Tri_cystine_19329,0.0
A0A078S2R5,Tri_dopamine_32050,72070.46510007858
A0A078S2R5,Tri_dopamine_32195,3640.490829209759
A0A078S2R5,Tri_glutamine_22099,0.0
A0A078S2R5,Tri_glycine_25947,0.0
A0A078S2R5,Tri_glyglycine_20401,0.0
A0A078S2R5,Tri_histidine_17315,0.0
A0A078S2R5,Tri_methionine_33885,0.0
A0A078S2R5,Tri_ornithine_17210,0.0
A0A078S2R5,Tri_phenylalanine_22512,0.0
A0A078S2R5,Tri_phenylalanine_37508,0.0
A0A078S2R5,Tri_phenylalanine_40024,109344.53300960897
A0A078S2R5,Tri_proline_M+NH4_18411,9264.730015649448
A0A078S2R5,Tri_putrescine_18433,7315.451380463585
A0A078S2R5,Tri_serine_23158,0.0
A0A078S2R5,Tri_taurine_20369,0.0
A0A078S2R5,Tri_tryptamine_38723,0.0
A0A096B1U0,"3a,7a,12k_alanine_20366",0.0
A0A096B1U0,"3a,7a,12k_lysine_23168",0.0
A0A096B1U0,3a12k_serine_27652,2166.2283694077164
A0A096B1U0,3a12k_taurine_22309,49150598.47276981
A0A096B1U0,3a7a12k_taurine_14542,47099542.80526625
A0A096B1U0,3a7k_citrulline_24966,0.0
A0A096B1U0,3a7k_glutamine_24909,0.0
A0A096B1U0,3a7k_serine_26456,0.0
A0A096B1U0,3a7k_threonine_27078,0.0
A0A096B1U0,3k12a_lysine_23849,0.0
A0A096B1U0,3k7a_glutamine_29953,0.0
A0A096B1U0,3k7a_proline_M+NH4_21780,0.0
A0A096B1U0,"Di_2,3_diaminopropionic acid_14073",0.0
A0A096B1U0,Di_2_aminophenol_36589,0.0
A0A096B1U0,Di_2_aminophenol_40269,1795.1065195143776
A0A096B1U0,Di_3_methoxytyramine_37128,0.0
A0A096B1U0,Di_3_methoxytyramine_37165,0.0
A0A096B1U0,Di_3_methoxytyramine_39396,0.0
A0A096B1U0,Di_GABA_33328,6212.852648775532
A0A096B1U0,Di_GABA_36169,35254.95620682695
A0A096B1U0,Di_alanine_27176,0.0
A0A096B1U0,Di_alanine_35826,0.0
A0A096B1U0,Di_alanine_37411,248642.68321569997
A0A096B1U0,Di_citrulline_22104,0.0
A0A096B1U0,Di_citrulline_31270,0.0
A0A096B1U0,Di_dopamine_34015,0.0
A0A096B1U0,Di_dopamine_38088,0.0
A0A096B1U0,Di_glutamine_30065,0.0
A0A096B1U0,Di_glutamine_30067,0.0
A0A096B1U0,Di_glutamine_31254,0.0
A0A096B1U0,Di_glycine_27361,4871411.480599243
A0A096B1U0,Di_glycine_34166,10379395.056979729
A0A096B1U0,Di_glycine_34738,623247.0950063878
A0A096B1U0,Di_lysine_25070,0.0
A0A096B1U0,Di_methionine_34896,0.0
A0A096B1U0,Di_ornithine_15391,0.0
A0A096B1U0,Di_ornithine_17963,0.0
A0A096B1U0,Di_ornithine_22619,0.0
A0A096B1U0,Di_ornithine_25325,0.0
A0A096B1U0,Di_phenylalanine_22687,0.0
A0A096B1U0,Di_phenylalanine_39833,154356.81600039345
A0A096B1U0,Di_serine_32622,0.0
A0A096B1U0,Di_taurine_19595,2841.0980312890333
A0A096B1U0,Di_taurine_29331,13049991.381540073
A0A096B1U0,Di_taurine_30261,0.0
A0A096B1U0,Di_threonine_23465,0.0
A0A096B1U0,Di_threonine_33288,0.0
A0A096B1U0,Di_unconjugated_34634,0.0
A0A096B1U0,Mono_2_aminophenol_41901,0.0
A0A096B1U0,Mono_2_aminophenol_45657,0.0
A0A096B1U0,Mono_GABA_40494,37986.06940786316
A0A096B1U0,Mono_alanine_40140,19557.861486032416
A0A096B1U0,Mono_glutamine_37103,3228.823509522412
A0A096B1U0,Mono_glycine_38634,8873346.404280959
A0A096B1U0,Mono_lysine_32192,0.0
A0A096B1U0,Mono_methionine_41397,0.0
A0A096B1U0,Mono_ornithine_31596,0.0
A0A096B1U0,Mono_ornithine_33494,0.0
A0A096B1U0,Mono_phenylalanine_41412,0.0
A0A096B1U0,Mono_serotonin_42743,0.0
A0A096B1U0,Mono_taurine_35357,32957755.907772403
A0A096B1U0,Mono_tyramine_38979,0.0
A0A096B1U0,"Tri_2,3_diaminopropionic acid_14940",0.0
A0A096B1U0,"Tri_2,3_diaminopropionic acid_17863",0.0
A0A096B1U0,"Tri_2,3_diaminopropionic acid_17869",0.0
A0A096B1U0,"Tri_2,3_diaminopropionic acid_18373",0.0
A0A096B1U0,Tri_2_aminophenol_35037,0.0
A0A096B1U0,Tri_2_aminophenol_39976,5167.234312535739
A0A096B1U0,Tri_3_methoxytyramine_36008,0.0
A0A096B1U0,Tri_GABA_22882,143001.12349940563
A0A096B1U0,Tri_GABA_26794,616426.0803835962
A0A096B1U0,Tri_GABA_M+H2O_23885,0.0
A0A096B1U0,Tri_alanine_28457,0.0
A0A096B1U0,Tri_arginine_18281,0.0
A0A096B1U0,Tri_asparagine_20433,88520.83691583433
A0A096B1U0,Tri_cadaverine_19586,0.0
A0A096B1U0,Tri_citrulline_22220,0.0
A0A096B1U0,Tri_cystine_19329,0.0
A0A096B1U0,Tri_dopamine_32050,25130.750288054285
A0A096B1U0,Tri_dopamine_32195,0.0
A0A096B1U0,Tri_glutamine_22099,0.0
A0A096B1U0,Tri_glycine_25947,425812.1635704197
A0A096B1U0,Tri_glyglycine_20401,0.0
A0A096B1U0,Tri_histidine_17315,0.0
A0A096B1U0,Tri_methionine_33885,0.0
A0A096B1U0,Tri_ornithine_17210,0.0
A0A096B1U0,Tri_phenylalanine_22512,0.0
A0A096B1U0,Tri_phenylalanine_37508,0.0
A0A096B1U0,Tri_phenylalanine_40024,64107.225126387995
A0A096B1U0,Tri_proline_M+NH4_18411,0.0
A0A096B1U0,Tri_putrescine_18433,0.0
A0A096B1U0,Tri_serine_23158,0.0
A0A096B1U0,Tri_taurine_20369,0.0
A0A096B1U0,Tri_tryptamine_38723,0.0
A0A096DGB7,"3a,7a,12k_alanine_20366",83212.55726433183
A0A096DGB7,"3a,7a,12k_lysine_23168",0.0
A0A096DGB7,3a12k_serine_27652,8859.105819548746
A0A096DGB7,3a12k_taurine_22309,55803300.006614625
A0A096DGB7,3a7a12k_taurine_14542,3989804.856039637
A0A096DGB7,3a7k_citrulline_24966,0.0
A0A096DGB7,3a7k_glutamine_24909,0.0
A0A096DGB7,3a7k_serine_26456,0.0
A0A096DGB7,3a7k_threonine_27078,0.0
A0A096DGB7,3k12a_lysine_23849,0.0
A0A096DGB7,3k7a_glutamine_29953,0.0
A0A096DGB7,3k7a_proline_M+NH4_21780,0.0
A0A096DGB7,"Di_2,3_diaminopropionic acid_14073",0.0
A0A096DGB7,Di_2_aminophenol_36589,4310.32662437051
A0A096DGB7,Di_2_aminophenol_40269,62828.5703799469
A0A096DGB7,Di_3_methoxytyramine_37128,0.0
A0A096DGB7,Di_3_methoxytyramine_37165,0.0
A0A096DGB7,Di_3_methoxytyramine_39396,0.0
A0A096DGB7,Di_GABA_33328,122531.22098983056
A0A096DGB7,Di_GABA_36169,68322.44187787964
A0A096DGB7,Di_alanine_27176,0.0
A0A096DGB7,Di_alanine_35826,0.0
A0A096DGB7,Di_alanine_37411,557350.9888178395
A0A096DGB7,Di_citrulline_22104,0.0
A0A096DGB7,Di_citrulline_31270,0.0
A0A096DGB7,Di_dopamine_34015,0.0
A0A096DGB7,Di_dopamine_38088,0.0
A0A096DGB7,Di_glutamine_30065,0.0
A0A096DGB7,Di_glutamine_30067,0.0
A0A096DGB7,Di_glutamine_31254,0.0
A0A096DGB7,Di_glycine_27361,7914275.6711384775
A0A096DGB7,Di_glycine_34166,19295847.85210843
A0A096DGB7,Di_glycine_34738,1620897.6133442665
A0A096DGB7,Di_lysine_25070,0.0
A0A096DGB7,Di_methionine_34896,0.0
A0A096DGB7,Di_ornithine_15391,0.0
A0A096DGB7,Di_ornithine_17963,0.0
A0A096DGB7,Di_ornithine_22619,0.0
A0A096DGB7,Di_ornithine_25325,7409.7828303840215
A0A096DGB7,Di_phenylalanine_22687,0.0
A0A096DGB7,Di_phenylalanine_39833,189793.32622064056
A0A096DGB7,Di_serine_32622,1119.7636925518505
A0A096DGB7,Di_taurine_19595,4262.407399423048
A0A096DGB7,Di_taurine_29331,21055738.512059223
A0A096DGB7,Di_taurine_30261,0.0
A0A096DGB7,Di_threonine_23465,0.0
A0A096DGB7,Di_threonine_33288,0.0
A0A096DGB7,Di_unconjugated_34634,0.0
A0A096DGB7,Mono_2_aminophenol_41901,0.0
A0A096DGB7,Mono_2_aminophenol_45657,2918.0540303985385
A0A096DGB7,Mono_GABA_40494,64351.00314524381
A0A096DGB7,Mono_alanine_40140,17743.244681910783
A0A096DGB7,Mono_glutamine_37103,4003.4312720526586
A0A096DGB7,Mono_glycine_38634,17978187.836744037
A0A096DGB7,Mono_lysine_32192,0.0
A0A096DGB7,Mono_methionine_41397,0.0
A0A096DGB7,Mono_ornithine_31596,0.0
A0A096DGB7,Mono_ornithine_33494,3975.815523477641
A0A096DGB7,Mono_phenylalanine_41412,0.0
A0A096DGB7,Mono_serotonin_42743,0.0
A0A096DGB7,Mono_taurine_35357,21392873.314043365
A0A096DGB7,Mono_tyramine_38979,0.0
A0A096DGB7,"Tri_2,3_diaminopropionic acid_14940",0.0
A0A096DGB7,"Tri_2,3_diaminopropionic acid_17863",0.0
A0A096DGB7,"Tri_2,3_diaminopropionic acid_17869",0.0
A0A096DGB7,"Tri_2,3_diaminopropionic acid_18373",178462.31422690075
A0A096DGB7,Tri_2_aminophenol_35037,15605.701809661296
A0A096DGB7,Tri_2_aminophenol_39976,155941.55151445873
A0A096DGB7,Tri_3_methoxytyramine_36008,0.0
A0A096DGB7,Tri_GABA_22882,183745.11264004363
A0A096DGB7,Tri_GABA_26794,1219732.8534288383
A0A096DGB7,Tri_GABA_M+H2O_23885,63623.579860039055
A0A096DGB7,Tri_alanine_28457,0.0
A0A096DGB7,Tri_arginine_18281,0.0
A0A096DGB7,Tri_asparagine_20433,125194.01867960324
A0A096DGB7,Tri_cadaverine_19586,0.0
A0A096DGB7,Tri_citrulline_22220,0.0
A0A096DGB7,Tri_cystine_19329,0.0
A0A096DGB7,Tri_dopamine_32050,48870.75675342923
A0A096DGB7,Tri_dopamine_32195,0.0
A0A096DGB7,Tri_glutamine_22099,0.0
A0A096DGB7,Tri_glycine_25947,576802.1291359367
A0A096DGB7,Tri_glyglycine_20401,0.0
A0A096DGB7,Tri_histidine_17315,0.0
A0A096DGB7,Tri_methionine_33885,0.0
A0A096DGB7,Tri_ornithine_17210,0.0
A0A096DGB7,Tri_phenylalanine_22512,0.0
A0A096DGB7,Tri_phenylalanine_37508,0.0
A0A096DGB7,Tri_phenylalanine_40024,96110.16262389088
A0A096DGB7,Tri_proline_M+NH4_18411,0.0
A0A096DGB7,Tri_putrescine_18433,0.0
A0A096DGB7,Tri_serine_23158,0.0
A0A096DGB7,Tri_taurine_20369,0.0
A0A096DGB7,Tri_tryptamine_38723,0.0
A0A096KTH7,"3a,7a,12k_alanine_20366",0.0
A0A096KTH7,"3a,7a,12k_lysine_23168",0.0
A0A096KTH7,3a12k_serine_27652,0.0
A0A096KTH7,3a12k_taurine_22309,11761.677174114271
A0A096KTH7,3a7a12k_taurine_14542,7949.126873323762
A0A096KTH7,3a7k_citrulline_24966,0.0
A0A096KTH7,3a7k_glutamine_24909,0.0
A0A096KTH7,3a7k_serine_26456,0.0
A0A096KTH7,3a7k_threonine_27078,0.0
A0A096KTH7,3k12a_lysine_23849,0.0
A0A096KTH7,3k7a_glutamine_29953,0.0
A0A096KTH7,3k7a_proline_M+NH4_21780,0.0
A0A096KTH7,"Di_2,3_diaminopropionic acid_14073",0.0
A0A096KTH7,Di_2_aminophenol_36589,0.0
A0A096KTH7,Di_2_aminophenol_40269,0.0
A0A096KTH7,Di_3_methoxytyramine_37128,0.0
A0A096KTH7,Di_3_methoxytyramine_37165,0.0
A0A096KTH7,Di_3_methoxytyramine_39396,0.0
A0A096KTH7,Di_GABA_33328,0.0
A0A096KTH7,Di_GABA_36169,0.0
A0A096KTH7,Di_alanine_27176,0.0
A0A096KTH7,Di_alanine_35826,0.0
A0A096KTH7,Di_alanine_37411,0.0
A0A096KTH7,Di_citrulline_22104,0.0
A0A096KTH7,Di_citrulline_31270,0.0
A0A096KTH7,Di_dopamine_34015,0.0
A0A096KTH7,Di_dopamine_38088,0.0
A0A096KTH7,Di_glutamine_30065,0.0
A0A096KTH7,Di_glutamine_30067,0.0
A0A096KTH7,Di_glutamine_31254,0.0
A0A096KTH7,Di_glycine_27361,18054.940251546323
A0A096KTH7,Di_glycine_34166,19295.206919626118
A0A096KTH7,Di_glycine_34738,0.0
A0A096KTH7,Di_lysine_25070,0.0
A0A096KTH7,Di_methionine_34896,0.0
A0A096KTH7,Di_ornithine_15391,0.0
A0A096KTH7,Di_ornithine_17963,0.0
A0A096KTH7,Di_ornithine_22619,0.0
A0A096KTH7,Di_ornithine_25325,0.0
A0A096KTH7,Di_phenylalanine_22687,0.0
A0A096KTH7,Di_phenylalanine_39833,0.0
A0A096KTH7,Di_serine_32622,0.0
A0A096KTH7,Di_taurine_19595,0.0
A0A096KTH7,Di_taurine_29331,11857.30381746236
A0A096KTH7,Di_taurine_30261,0.0
A0A096KTH7,Di_threonine_23465,0.0
A0A096KTH7,Di_threonine_33288,0.0
A0A096KTH7,Di_unconjugated_34634,0.0
A0A096KTH7,Mono_2_aminophenol_41901,0.0
A0A096KTH7,Mono_2_aminophenol_45657,0.0
A0A096KTH7,Mono_GABA_40494,0.0
A0A096KTH7,Mono_alanine_40140,0.0
A0A096KTH7,Mono_glutamine_37103,0.0
A0A096KTH7,Mono_glycine_38634,72308.53432028276
A0A096KTH7,Mono_lysine_32192,0.0
A0A096KTH7,Mono_methionine_41397,0.0
A0A096KTH7,Mono_ornithine_31596,0.0
A0A096KTH7,Mono_ornithine_33494,0.0
A0A096KTH7,Mono_phenylalanine_41412,0.0
A0A096KTH7,Mono_serotonin_42743,0.0
A0A096KTH7,Mono_taurine_35357,20864.050729503087
A0A096KTH7,Mono_tyramine_38979,0.0
A0A096KTH7,"Tri_2,3_diaminopropionic acid_14940",0.0
A0A096KTH7,"Tri_2,3_diaminopropionic acid_17863",0.0
A0A096KTH7,"Tri_2,3_diaminopropionic acid_17869",0.0
A0A096KTH7,"Tri_2,3_diaminopropionic acid_18373",0.0
A0A096KTH7,Tri_2_aminophenol_35037,0.0
A0A096KTH7,Tri_2_aminophenol_39976,0.0
A0A096KTH7,Tri_3_methoxytyramine_36008,0.0
A0A096KTH7,Tri_GABA_22882,0.0
A0A096KTH7,Tri_GABA_26794,0.0
A0A096KTH7,Tri_GABA_M+H2O_23885,0.0
A0A096KTH7,Tri_alanine_28457,0.0
A0A096KTH7,Tri_arginine_18281,0.0
A0A096KTH7,Tri_asparagine_20433,0.0
A0A096KTH7,Tri_cadaverine_19586,0.0
A0A096KTH7,Tri_citrulline_22220,0.0
A0A096KTH7,Tri_cystine_19329,0.0
A0A096KTH7,Tri_dopamine_32050,0.0
A0A096KTH7,Tri_dopamine_32195,0.0
A0A096KTH7,Tri_glutamine_22099,0.0
A0A096KTH7,Tri_glycine_25947,0.0
A0A096KTH7,Tri_glyglycine_20401,0.0
A0A096KTH7,Tri_histidine_17315,0.0
A0A096KTH7,Tri_methionine_33885,0.0
A0A096KTH7,Tri_ornithine_17210,0.0
A0A096KTH7,Tri_phenylalanine_22512,0.0
A0A096KTH7,Tri_phenylalanine_37508,0.0
A0A096KTH7,Tri_phenylalanine_40024,0.0
A0A096KTH7,Tri_proline_M+NH4_18411,0.0
A0A096KTH7,Tri_putrescine_18433,0.0
A0A096KTH7,Tri_serine_23158,0.0
A0A096KTH7,Tri_taurine_20369,0.0
A0A096KTH7,Tri_tryptamine_38723,0.0
A0A0B8QU93,"3a,7a,12k_alanine_20366",0.0
A0A0B8QU93,"3a,7a,12k_lysine_23168",0.0
A0A0B8QU93,3a12k_serine_27652,1369.0367191127493
A0A0B8QU93,3a12k_taurine_22309,44178425.892712414
A0A0B8QU93,3a7a12k_taurine_14542,43513595.36243194
A0A0B8QU93,3a7k_citrulline_24966,0.0
A0A0B8QU93,3a7k_glutamine_24909,0.0
A0A0B8QU93,3a7k_serine_26456,3064.908357261088
A0A0B8QU93,3a7k_threonine_27078,0.0
A0A0B8QU93,3k12a_lysine_23849,0.0
A0A0B8QU93,3k7a_glutamine_29953,0.0
A0A0B8QU93,3k7a_proline_M+NH4_21780,0.0
A0A0B8QU93,"Di_2,3_diaminopropionic acid_14073",0.0
A0A0B8QU93,Di_2_aminophenol_36589,0.0
A0A0B8QU93,Di_2_aminophenol_40269,0.0
A0A0B8QU93,Di_3_methoxytyramine_37128,0.0
A0A0B8QU93,Di_3_methoxytyramine_37165,0.0
A0A0B8QU93,Di_3_methoxytyramine_39396,0.0
A0A0B8QU93,Di_GABA_33328,4445.678506949476
A0A0B8QU93,Di_GABA_36169,38035.71111018021
A0A0B8QU93,Di_alanine_27176,0.0
A0A0B8QU93,Di_alanine_35826,0.0
A0A0B8QU93,Di_alanine_37411,215689.7531923708
A0A0B8QU93,Di_citrulline_22104,0.0
A0A0B8QU93,Di_citrulline_31270,0.0
A0A0B8QU93,Di_dopamine_34015,0.0
A0A0B8QU93,Di_dopamine_38088,0.0
A0A0B8QU93,Di_glutamine_30065,0.0
A0A0B8QU93,Di_glutamine_30067,0.0
A0A0B8QU93,Di_glutamine_31254,0.0
A0A0B8QU93,Di_glycine_27361,3977067.307903966
A0A0B8QU93,Di_glycine_34166,9214110.703470234
A0A0B8QU93,Di_glycine_34738,512720.1340715631
A0A0B8QU93,Di_lysine_25070,0.0
A0A0B8QU93,Di_methionine_34896,0.0
A0A0B8QU93,Di_ornithine_15391,0.0
A0A0B8QU93,Di_ornithine_17963,0.0
A0A0B8QU93,Di_ornithine_22619,0.0
A0A0B8QU93,Di_ornithine_25325,0.0
A0A0B8QU93,Di_phenylalanine_22687,0.0
A0A0B8QU93,Di_phenylalanine_39833,134696.16746722342
A0A0B8QU93,Di_serine_32622,0.0
A0A0B8QU93,Di_taurine_19595,0.0
A0A0B8QU93,Di_taurine_29331,10558385.54791828
A0A0B8QU93,Di_taurine_30261,0.0
A0A0B8QU93,Di_threonine_23465,627.6750139051142
A0A0B8QU93,Di_threonine_33288,0.0
A0A0B8QU93,Di_unconjugated_34634,0.0
A0A0B8QU93,Mono_2_aminophenol_41901,0.0
A0A0B8QU93,Mono_2_aminophenol_45657,349.6803069922602
A0A0B8QU93,Mono_GABA_40494,26276.102017561527
A0A0B8QU93,Mono_alanine_40140,15603.270847938194
A0A0B8QU93,Mono_glutamine_37103,3303.4865849967587
A0A0B8QU93,Mono_glycine_38634,6712077.949614761
A0A0B8QU93,Mono_lysine_32192,0.0
A0A0B8QU93,Mono_methionine_41397,0.0
A0A0B8QU93,Mono_ornithine_31596,0.0
A0A0B8QU93,Mono_ornithine_33494,0.0
A0A0B8QU93,Mono_phenylalanine_41412,0.0
A0A0B8QU93,Mono_serotonin_42743,0.0
A0A0B8QU93,Mono_taurine_35357,29368447.25006088
A0A0B8QU93,Mono_tyramine_38979,0.0
A0A0B8QU93,"Tri_2,3_diaminopropionic acid_14940",0.0
A0A0B8QU93,"Tri_2,3_diaminopropionic acid_17863",0.0
A0A0B8QU93,"Tri_2,3_diaminopropionic acid_17869",0.0
A0A0B8QU93,"Tri_2,3_diaminopropionic acid_18373",0.0
A0A0B8QU93,Tri_2_aminophenol_35037,0.0
A0A0B8QU93,Tri_2_aminophenol_39976,2543.326565263277
A0A0B8QU93,Tri_3_methoxytyramine_36008,0.0
A0A0B8QU93,Tri_GABA_22882,119882.5749496145
A0A0B8QU93,Tri_GABA_26794,722512.3649000603
A0A0B8QU93,Tri_GABA_M+H2O_23885,0.0
A0A0B8QU93,Tri_alanine_28457,0.0
A0A0B8QU93,Tri_arginine_18281,0.0
A0A0B8QU93,Tri_asparagine_20433,91862.37297462564
A0A0B8QU93,Tri_cadaverine_19586,0.0
A0A0B8QU93,Tri_citrulline_22220,0.0
A0A0B8QU93,Tri_cystine_19329,0.0
A0A0B8QU93,Tri_dopamine_32050,21762.71250652656
A0A0B8QU93,Tri_dopamine_32195,0.0
A0A0B8QU93,Tri_glutamine_22099,0.0
A0A0B8QU93,Tri_glycine_25947,407721.9462670074
A0A0B8QU93,Tri_glyglycine_20401,0.0
A0A0B8QU93,Tri_histidine_17315,0.0
A0A0B8QU93,Tri_methionine_33885,0.0
A0A0B8QU93,Tri_ornithine_17210,0.0
A0A0B8QU93,Tri_phenylalanine_22512,0.0
A0A0B8QU93,Tri_phenylalanine_37508,0.0
A0A0B8QU93,Tri_phenylalanine_40024,26089.019841820445
A0A0B8QU93,Tri_proline_M+NH4_18411,0.0
A0A0B8QU93,Tri_putrescine_18433,0.0
A0A0B8QU93,Tri_serine_23158,0.0
A0A0B8QU93,Tri_taurine_20369,0.0
A0A0B8QU93,Tri_tryptamine_38723,0.0
A0A0D8IVP2,"3a,7a,12k_alanine_20366",114722.17912540292
A0A0D8IVP2,"3a,7a,12k_lysine_23168",17986.78526529407
A0A0D8IVP2,3a12k_serine_27652,117565.28268456677
A0A0D8IVP2,3a12k_taurine_22309,106885955.93801986
A0A0D8IVP2,3a7a12k_taurine_14542,106988710.12704687
A0A0D8IVP2,3a7k_citrulline_24966,0.0
A0A0D8IVP2,3a7k_glutamine_24909,5005.074763558874
A0A0D8IVP2,3a7k_serine_26456,0.0
A0A0D8IVP2,3a7k_threonine_27078,9631.900872188024
A0A0D8IVP2,3k12a_lysine_23849,0.0
A0A0D8IVP2,3k7a_glutamine_29953,0.0
A0A0D8IVP2,3k7a_proline_M+NH4_21780,0.0
A0A0D8IVP2,"Di_2,3_diaminopropionic acid_14073",0.0
A0A0D8IVP2,Di_2_aminophenol_36589,5477.043626978284
A0A0D8IVP2,Di_2_aminophenol_40269,3500.6307602840193
A0A0D8IVP2,Di_3_methoxytyramine_37128,0.0
A0A0D8IVP2,Di_3_methoxytyramine_37165,0.0
A0A0D8IVP2,Di_3_methoxytyramine_39396,0.0
A0A0D8IVP2,Di_GABA_33328,57464.30509706695
A0A0D8IVP2,Di_GABA_36169,80028.93627521255
A0A0D8IVP2,Di_alanine_27176,0.0
A0A0D8IVP2,Di_alanine_35826,24850.290116301552
A0A0D8IVP2,Di_alanine_37411,675841.0382899784
A0A0D8IVP2,Di_citrulline_22104,0.0
A0A0D8IVP2,Di_citrulline_31270,2319.4954731976945
A0A0D8IVP2,Di_dopamine_34015,0.0
A0A0D8IVP2,Di_dopamine_38088,0.0
A0A0D8IVP2,Di_glutamine_30065,0.0
A0A0D8IVP2,Di_glutamine_30067,0.0
A0A0D8IVP2,Di_glutamine_31254,1029.07429075229
A0A0D8IVP2,Di_glycine_27361,8694650.555733023
A0A0D8IVP2,Di_glycine_34166,22720125.527458906
A0A0D8IVP2,Di_glycine_34738,944590.8450464222
A0A0D8IVP2,Di_lysine_25070,0.0
A0A0D8IVP2,Di_methionine_34896,0.0
A0A0D8IVP2,Di_ornithine_15391,0.0
A0A0D8IVP2,Di_ornithine_17963,0.0
A0A0D8IVP2,Di_ornithine_22619,0.0
A0A0D8IVP2,Di_ornithine_25325,0.0
A0A0D8IVP2,Di_phenylalanine_22687,0.0
A0A0D8IVP2,Di_phenylalanine_39833,339216.84712053544
A0A0D8IVP2,Di_serine_32622,74219.61286223639
A0A0D8IVP2,Di_taurine_19595,6327.5306129455785
A0A0D8IVP2,Di_taurine_29331,15543690.133354621
A0A0D8IVP2,Di_taurine_30261,6745.231633901004
A0A0D8IVP2,Di_threonine_23465,3182.5520226145372
A0A0D8IVP2,Di_threonine_33288,0.0
A0A0D8IVP2,Di_unconjugated_34634,0.0
A0A0D8IVP2,Mono_2_aminophenol_41901,0.0
A0A0D8IVP2,Mono_2_aminophenol_45657,2691.6784854384246
A0A0D8IVP2,Mono_GABA_40494,81059.86485967191
A0A0D8IVP2,Mono_alanine_40140,75940.96571598659
A0A0D8IVP2,Mono_glutamine_37103,0.0
A0A0D8IVP2,Mono_glycine_38634,16728535.056367248
A0A0D8IVP2,Mono_lysine_32192,0.0
A0A0D8IVP2,Mono_methionine_41397,0.0
A0A0D8IVP2,Mono_ornithine_31596,0.0
A0A0D8IVP2,Mono_ornithine_33494,0.0
A0A0D8IVP2,Mono_phenylalanine_41412,0.0
A0A0D8IVP2,Mono_serotonin_42743,0.0
A0A0D8IVP2,Mono_taurine_35357,61516814.97595727
A0A0D8IVP2,Mono_tyramine_38979,0.0
A0A0D8IVP2,"Tri_2,3_diaminopropionic acid_14940",0.0
A0A0D8IVP2,"Tri_2,3_diaminopropionic acid_17863",0.0
A0A0D8IVP2,"Tri_2,3_diaminopropionic acid_17869",0.0
A0A0D8IVP2,"Tri_2,3_diaminopropionic acid_18373",72748.37209267498
A0A0D8IVP2,Tri_2_aminophenol_35037,0.0
A0A0D8IVP2,Tri_2_aminophenol_39976,82559.56644256954
A0A0D8IVP2,Tri_3_methoxytyramine_36008,0.0
A0A0D8IVP2,Tri_GABA_22882,358926.1805434113
A0A0D8IVP2,Tri_GABA_26794,1608115.6404181682
A0A0D8IVP2,Tri_GABA_M+H2O_23885,6324.8223061062245
A0A0D8IVP2,Tri_alanine_28457,40997.50068783347
A0A0D8IVP2,Tri_arginine_18281,0.0
A0A0D8IVP2,Tri_asparagine_20433,175891.3494185664
A0A0D8IVP2,Tri_cadaverine_19586,0.0
A0A0D8IVP2,Tri_citrulline_22220,0.0
A0A0D8IVP2,Tri_cystine_19329,0.0
A0A0D8IVP2,Tri_dopamine_32050,59752.63354711334
A0A0D8IVP2,Tri_dopamine_32195,0.0
A0A0D8IVP2,Tri_glutamine_22099,0.0
A0A0D8IVP2,Tri_glycine_25947,391355.7905498221
A0A0D8IVP2,Tri_glyglycine_20401,0.0
A0A0D8IVP2,Tri_histidine_17315,0.0
A0A0D8IVP2,Tri_methionine_33885,24920.533089622837
A0A0D8IVP2,Tri_ornithine_17210,0.0
A0A0D8IVP2,Tri_phenylalanine_22512,0.0
A0A0D8IVP2,Tri_phenylalanine_37508,0.0
A0A0D8IVP2,Tri_phenylalanine_40024,142269.11977167727
A0A0D8IVP2,Tri_proline_M+NH4_18411,0.0
A0A0D8IVP2,Tri_putrescine_18433,0.0
A0A0D8IVP2,Tri_serine_23158,0.0
A0A0D8IVP2,Tri_taurine_20369,0.0
A0A0D8IVP2,Tri_tryptamine_38723,0.0
A0A0F0CI09,"3a,7a,12k_alanine_20366",0.0
A0A0F0CI09,"3a,7a,12k_lysine_23168",0.0
A0A0F0CI09,3a12k_serine_27652,0.0
A0A0F0CI09,3a12k_taurine_22309,20635916.00181734
A0A0F0CI09,3a7a12k_taurine_14542,24164293.34869353
A0A0F0CI09,3a7k_citrulline_24966,0.0
A0A0F0CI09,3a7k_glutamine_24909,0.0
A0A0F0CI09,3a7k_serine_26456,0.0
A0A0F0CI09,3a7k_threonine_27078,0.0
A0A0F0CI09,3k12a_lysine_23849,0.0
A0A0F0CI09,3k7a_glutamine_29953,0.0
A0A0F0CI09,3k7a_proline_M+NH4_21780,0.0
A0A0F0CI09,"Di_2,3_diaminopropionic acid_14073",0.0
A0A0F0CI09,Di_2_aminophenol_36589,0.0
A0A0F0CI09,Di_2_aminophenol_40269,0.0
A0A0F0CI09,Di_3_methoxytyramine_37128,0.0
A0A0F0CI09,Di_3_methoxytyramine_37165,0.0
A0A0F0CI09,Di_3_methoxytyramine_39396,0.0
A0A0F0CI09,Di_GABA_33328,2014.3634667094311
A0A0F0CI09,Di_GABA_36169,17111.72912001485
A0A0F0CI09,Di_alanine_27176,0.0
A0A0F0CI09,Di_alanine_35826,0.0
A0A0F0CI09,Di_alanine_37411,111641.45643708791
A0A0F0CI09,Di_citrulline_22104,0.0
A0A0F0CI09,Di_citrulline_31270,0.0
A0A0F0CI09,Di_dopamine_34015,0.0
A0A0F0CI09,Di_dopamine_38088,0.0
A0A0F0CI09,Di_glutamine_30065,0.0
A0A0F0CI09,Di_glutamine_30067,0.0
A0A0F0CI09,Di_glutamine_31254,0.0
A0A0F0CI09,Di_glycine_27361,2374005.8874835493
A0A0F0CI09,Di_glycine_34166,5441295.399375694
A0A0F0CI09,Di_glycine_34738,415675.38420331606
A0A0F0CI09,Di_lysine_25070,0.0
A0A0F0CI09,Di_methionine_34896,0.0
A0A0F0CI09,Di_ornithine_15391,0.0
A0A0F0CI09,Di_ornithine_17963,0.0
A0A0F0CI09,Di_ornithine_22619,0.0
A0A0F0CI09,Di_ornithine_25325,0.0
A0A0F0CI09,Di_phenylalanine_22687,0.0
A0A0F0CI09,Di_phenylalanine_39833,73624.94152313244
A0A0F0CI09,Di_serine_32622,0.0
A0A0F0CI09,Di_taurine_19595,0.0
A0A0F0CI09,Di_taurine_29331,5135531.482847479
A0A0F0CI09,Di_taurine_30261,0.0
A0A0F0CI09,Di_threonine_23465,0.0
A0A0F0CI09,Di_threonine_33288,0.0
A0A0F0CI09,Di_unconjugated_34634,0.0
A0A0F0CI09,Mono_2_aminophenol_41901,0.0
A0A0F0CI09,Mono_2_aminophenol_45657,0.0
A0A0F0CI09,Mono_GABA_40494,15165.515141719707
A0A0F0CI09,Mono_alanine_40140,9148.06868058046
A0A0F0CI09,Mono_glutamine_37103,2783.7051352121584
A0A0F0CI09,Mono_glycine_38634,4043470.292054813
A0A0F0CI09,Mono_lysine_32192,0.0
A0A0F0CI09,Mono_methionine_41397,0.0
A0A0F0CI09,Mono_ornithine_31596,0.0
A0A0F0CI09,Mono_ornithine_33494,0.0
A0A0F0CI09,Mono_phenylalanine_41412,0.0
A0A0F0CI09,Mono_serotonin_42743,0.0
A0A0F0CI09,Mono_taurine_35357,16677674.53247928
A0A0F0CI09,Mono_tyramine_38979,0.0
A0A0F0CI09,"Tri_2,3_diaminopropionic acid_14940",0.0
A0A0F0CI09,"Tri_2,3_diaminopropionic acid_17863",0.0
A0A0F0CI09,"Tri_2,3_diaminopropionic acid_17869",0.0
A0A0F0CI09,"Tri_2,3_diaminopropionic acid_18373",0.0
A0A0F0CI09,Tri_2_aminophenol_35037,0.0
A0A0F0CI09,Tri_2_aminophenol_39976,782.5484913071207
A0A0F0CI09,Tri_3_methoxytyramine_36008,0.0
A0A0F0CI09,Tri_GABA_22882,78446.50847686756
A0A0F0CI09,Tri_GABA_26794,414887.45400005457
A0A0F0CI09,Tri_GABA_M+H2O_23885,0.0
A0A0F0CI09,Tri_alanine_28457,0.0
A0A0F0CI09,Tri_arginine_18281,0.0
A0A0F0CI09,Tri_asparagine_20433,48561.97277455628
A0A0F0CI09,Tri_cadaverine_19586,0.0
A0A0F0CI09,Tri_citrulline_22220,0.0
A0A0F0CI09,Tri_cystine_19329,0.0
A0A0F0CI09,Tri_dopamine_32050,11790.94148277936
A0A0F0CI09,Tri_dopamine_32195,0.0
A0A0F0CI09,Tri_glutamine_22099,0.0
A0A0F0CI09,Tri_glycine_25947,122227.64160901676
A0A0F0CI09,Tri_glyglycine_20401,0.0
A0A0F0CI09,Tri_histidine_17315,0.0
A0A0F0CI09,Tri_methionine_33885,0.0
A0A0F0CI09,Tri_ornithine_17210,0.0
A0A0F0CI09,Tri_phenylalanine_22512,0.0
A0A0F0CI09,Tri_phenylalanine_37508,0.0
A0A0F0CI09,Tri_phenylalanine_40024,23561.676368410564
A0A0F0CI09,Tri_proline_M+NH4_18411,0.0
A0A0F0CI09,Tri_putrescine_18433,0.0
A0A0F0CI09,Tri_serine_23158,0.0
A0A0F0CI09,Tri_taurine_20369,0.0
A0A0F0CI09,Tri_tryptamine_38723,0.0
A0A0F5JPH2,"3a,7a,12k_alanine_20366",227197.61126466419
A0A0F5JPH2,"3a,7a,12k_lysine_23168",0.0
A0A0F5JPH2,3a12k_serine_27652,19619.76897109199
A0A0F5JPH2,3a12k_taurine_22309,15213151.582769817
A0A0F5JPH2,3a7a12k_taurine_14542,75563364.04576147
A0A0F5JPH2,3a7k_citrulline_24966,0.0
A0A0F5JPH2,3a7k_glutamine_24909,0.0
A0A0F5JPH2,3a7k_serine_26456,0.0
A0A0F5JPH2,3a7k_threonine_27078,0.0
A0A0F5JPH2,3k12a_lysine_23849,0.0
A0A0F5JPH2,3k7a_glutamine_29953,0.0
A0A0F5JPH2,3k7a_proline_M+NH4_21780,0.0
A0A0F5JPH2,"Di_2,3_diaminopropionic acid_14073",54067.99972411705
A0A0F5JPH2,Di_2_aminophenol_36589,1743621.266297333
A0A0F5JPH2,Di_2_aminophenol_40269,2124424.714895476
A0A0F5JPH2,Di_3_methoxytyramine_37128,135774.84703265876
A0A0F5JPH2,Di_3_methoxytyramine_37165,12464.407898496318
A0A0F5JPH2,Di_3_methoxytyramine_39396,0.0
A0A0F5JPH2,Di_GABA_33328,35160.09846976631
A0A0F5JPH2,Di_GABA_36169,31313.167293310966
A0A0F5JPH2,Di_alanine_27176,24061.399224741883
A0A0F5JPH2,Di_alanine_35826,94533.30699818772
A0A0F5JPH2,Di_alanine_37411,380736.3227060274
A0A0F5JPH2,Di_citrulline_22104,0.0
A0A0F5JPH2,Di_citrulline_31270,0.0
A0A0F5JPH2,Di_dopamine_34015,11195.738014100096
A0A0F5JPH2,Di_dopamine_38088,4185.806371348343
A0A0F5JPH2,Di_glutamine_30065,0.0
A0A0F5JPH2,Di_glutamine_30067,0.0
A0A0F5JPH2,Di_glutamine_31254,0.0
A0A0F5JPH2,Di_glycine_27361,8402600.423646575
A0A0F5JPH2,Di_glycine_34166,19841150.163290624
A0A0F5JPH2,Di_glycine_34738,1994374.2217935235
A0A0F5JPH2,Di_lysine_25070,0.0
A0A0F5JPH2,Di_methionine_34896,0.0
A0A0F5JPH2,Di_ornithine_15391,0.0
A0A0F5JPH2,Di_ornithine_17963,12066.761221048424
A0A0F5JPH2,Di_ornithine_22619,0.0
A0A0F5JPH2,Di_ornithine_25325,5818.567094581851
A0A0F5JPH2,Di_phenylalanine_22687,0.0
A0A0F5JPH2,Di_phenylalanine_39833,164240.60821574772
A0A0F5JPH2,Di_serine_32622,0.0
A0A0F5JPH2,Di_taurine_19595,0.0
A0A0F5JPH2,Di_taurine_29331,13803659.473877966
A0A0F5JPH2,Di_taurine_30261,0.0
A0A0F5JPH2,Di_threonine_23465,0.0
A0A0F5JPH2,Di_threonine_33288,0.0
A0A0F5JPH2,Di_unconjugated_34634,27234.74339615518
A0A0F5JPH2,Mono_2_aminophenol_41901,21748.03486644926
A0A0F5JPH2,Mono_2_aminophenol_45657,5286.127677183101
A0A0F5JPH2,Mono_GABA_40494,48356.78588422179
A0A0F5JPH2,Mono_alanine_40140,25921.656703803983
A0A0F5JPH2,Mono_glutamine_37103,0.0
A0A0F5JPH2,Mono_glycine_38634,14613692.095249679
A0A0F5JPH2,Mono_lysine_32192,0.0
A0A0F5JPH2,Mono_methionine_41397,0.0
A0A0F5JPH2,Mono_ornithine_31596,0.0
A0A0F5JPH2,Mono_ornithine_33494,25189.802055256096
A0A0F5JPH2,Mono_phenylalanine_41412,0.0
A0A0F5JPH2,Mono_serotonin_42743,27484.28587438743
A0A0F5JPH2,Mono_taurine_35357,2449950.5441375426
A0A0F5JPH2,Mono_tyramine_38979,0.0
A0A0F5JPH2,"Tri_2,3_diaminopropionic acid_14940",0.0
A0A0F5JPH2,"Tri_2,3_diaminopropionic acid_17863",0.0
A0A0F5JPH2,"Tri_2,3_diaminopropionic acid_17869",0.0
A0A0F5JPH2,"Tri_2,3_diaminopropionic acid_18373",512054.5159206644
A0A0F5JPH2,Tri_2_aminophenol_35037,84266.1253983104
A0A0F5JPH2,Tri_2_aminophenol_39976,2040953.2731910178
A0A0F5JPH2,Tri_3_methoxytyramine_36008,0.0
A0A0F5JPH2,Tri_GABA_22882,222038.60739168673
A0A0F5JPH2,Tri_GABA_26794,754762.1489488543
A0A0F5JPH2,Tri_GABA_M+H2O_23885,0.0
A0A0F5JPH2,Tri_alanine_28457,0.0
A0A0F5JPH2,Tri_arginine_18281,0.0
A0A0F5JPH2,Tri_asparagine_20433,122436.75853160268
A0A0F5JPH2,Tri_cadaverine_19586,0.0
A0A0F5JPH2,Tri_citrulline_22220,0.0
A0A0F5JPH2,Tri_cystine_19329,0.0
A0A0F5JPH2,Tri_dopamine_32050,37036.43615371389
A0A0F5JPH2,Tri_dopamine_32195,0.0
A0A0F5JPH2,Tri_glutamine_22099,0.0
A0A0F5JPH2,Tri_glycine_25947,0.0
A0A0F5JPH2,Tri_glyglycine_20401,0.0
A0A0F5JPH2,Tri_histidine_17315,0.0
A0A0F5JPH2,Tri_methionine_33885,0.0
A0A0F5JPH2,Tri_ornithine_17210,0.0
A0A0F5JPH2,Tri_phenylalanine_22512,0.0
A0A0F5JPH2,Tri_phenylalanine_37508,0.0
A0A0F5JPH2,Tri_phenylalanine_40024,95418.69751519802
A0A0F5JPH2,Tri_proline_M+NH4_18411,0.0
A0A0F5JPH2,Tri_putrescine_18433,0.0
A0A0F5JPH2,Tri_serine_23158,0.0
A0A0F5JPH2,Tri_taurine_20369,0.0
A0A0F5JPH2,Tri_tryptamine_38723,0.0
A0A0G8G768,"3a,7a,12k_alanine_20366",75148.70231459076
A0A0G8G768,"3a,7a,12k_lysine_23168",86063.72047360755
A0A0G8G768,3a12k_serine_27652,821956.1762083138
A0A0G8G768,3a12k_taurine_22309,79765025.47311582
A0A0G8G768,3a7a12k_taurine_14542,92683466.63803793
A0A0G8G768,3a7k_citrulline_24966,22948.04636281477
A0A0G8G768,3a7k_glutamine_24909,124846.82382560172
A0A0G8G768,3a7k_serine_26456,49995.76437664988
A0A0G8G768,3a7k_threonine_27078,60349.03721340612
A0A0G8G768,3k12a_lysine_23849,20902.658544677008
A0A0G8G768,3k7a_glutamine_29953,0.0
A0A0G8G768,3k7a_proline_M+NH4_21780,0.0
A0A0G8G768,"Di_2,3_diaminopropionic acid_14073",0.0
A0A0G8G768,Di_2_aminophenol_36589,118135.7099260968
A0A0G8G768,Di_2_aminophenol_40269,108383.37139158807
A0A0G8G768,Di_3_methoxytyramine_37128,0.0
A0A0G8G768,Di_3_methoxytyramine_37165,0.0
A0A0G8G768,Di_3_methoxytyramine_39396,0.0
A0A0G8G768,Di_GABA_33328,168173.3335945912
A0A0G8G768,Di_GABA_36169,64400.68955075248
A0A0G8G768,Di_alanine_27176,0.0
A0A0G8G768,Di_alanine_35826,113796.34117674653
A0A0G8G768,Di_alanine_37411,899803.7885590652
A0A0G8G768,Di_citrulline_22104,14255.790410335332
A0A0G8G768,Di_citrulline_31270,105721.67882694206
A0A0G8G768,Di_dopamine_34015,0.0
A0A0G8G768,Di_dopamine_38088,0.0
A0A0G8G768,Di_glutamine_30065,2173.267114866605
A0A0G8G768,Di_glutamine_30067,8955.761895887721
A0A0G8G768,Di_glutamine_31254,143817.79600034028
A0A0G8G768,Di_glycine_27361,5313914.674476234
A0A0G8G768,Di_glycine_34166,18721913.91056605
A0A0G8G768,Di_glycine_34738,1817155.725303025
A0A0G8G768,Di_lysine_25070,57349.476980550775
A0A0G8G768,Di_methionine_34896,49577.23606252389
A0A0G8G768,Di_ornithine_15391,0.0
A0A0G8G768,Di_ornithine_17963,35723.121929668334
A0A0G8G768,Di_ornithine_22619,11448.304201959962
A0A0G8G768,Di_ornithine_25325,64873.98294620876
A0A0G8G768,Di_phenylalanine_22687,65961.13150773942
A0A0G8G768,Di_phenylalanine_39833,207572.48219907843
A0A0G8G768,Di_serine_32622,466408.4270270224
A0A0G8G768,Di_taurine_19595,0.0
A0A0G8G768,Di_taurine_29331,11587497.437751086
A0A0G8G768,Di_taurine_30261,0.0
A0A0G8G768,Di_threonine_23465,30004.19470299835
A0A0G8G768,Di_threonine_33288,8420.604481166953
A0A0G8G768,Di_unconjugated_34634,0.0
A0A0G8G768,Mono_2_aminophenol_41901,0.0
A0A0G8G768,Mono_2_aminophenol_45657,3694.9191312111107
A0A0G8G768,Mono_GABA_40494,63405.090693128586
A0A0G8G768,Mono_alanine_40140,367026.50462907535
A0A0G8G768,Mono_glutamine_37103,54677.057945451146
A0A0G8G768,Mono_glycine_38634,14284900.039798662
A0A0G8G768,Mono_lysine_32192,119134.67143853164
A0A0G8G768,Mono_methionine_41397,80744.99331572512
A0A0G8G768,Mono_ornithine_31596,20185.455849283237
A0A0G8G768,Mono_ornithine_33494,0.0
A0A0G8G768,Mono_phenylalanine_41412,149435.79835965842
A0A0G8G768,Mono_serotonin_42743,10604.579331234632
A0A0G8G768,Mono_taurine_35357,36833179.182764076
A0A0G8G768,Mono_tyramine_38979,0.0
A0A0G8G768,"Tri_2,3_diaminopropionic acid_14940",0.0
A0A0G8G768,"Tri_2,3_diaminopropionic acid_17863",0.0
A0A0G8G768,"Tri_2,3_diaminopropionic acid_17869",14807.369166241426
A0A0G8G768,"Tri_2,3_diaminopropionic acid_18373",265446.4633421247
A0A0G8G768,Tri_2_aminophenol_35037,22305.730840684344
A0A0G8G768,Tri_2_aminophenol_39976,1074224.1444662272
A0A0G8G768,Tri_3_methoxytyramine_36008,0.0
A0A0G8G768,Tri_GABA_22882,211703.09931896417
A0A0G8G768,Tri_GABA_26794,1407192.7594817346
A0A0G8G768,Tri_GABA_M+H2O_23885,40374.20005841041
A0A0G8G768,Tri_alanine_28457,49605.575823850864
A0A0G8G768,Tri_arginine_18281,16420.817890339527
A0A0G8G768,Tri_asparagine_20433,192424.58905037257
A0A0G8G768,Tri_cadaverine_19586,0.0
A0A0G8G768,Tri_citrulline_22220,0.0
A0A0G8G768,Tri_cystine_19329,0.0
A0A0G8G768,Tri_dopamine_32050,37653.407462620205
A0A0G8G768,Tri_dopamine_32195,0.0
A0A0G8G768,Tri_glutamine_22099,0.0
A0A0G8G768,Tri_glycine_25947,0.0
A0A0G8G768,Tri_glyglycine_20401,0.0
A0A0G8G768,Tri_histidine_17315,0.0
A0A0G8G768,Tri_methionine_33885,64748.58057907553
A0A0G8G768,Tri_ornithine_17210,0.0
A0A0G8G768,Tri_phenylalanine_22512,3711.8446014334145
A0A0G8G768,Tri_phenylalanine_37508,19501.78494899754
A0A0G8G768,Tri_phenylalanine_40024,123219.99447027223
A0A0G8G768,Tri_proline_M+NH4_18411,0.0
A0A0G8G768,Tri_putrescine_18433,0.0
A0A0G8G768,Tri_serine_23158,0.0
A0A0G8G768,Tri_taurine_20369,0.0
A0A0G8G768,Tri_tryptamine_38723,0.0
A0A0M6WH75,"3a,7a,12k_alanine_20366",0.0
A0A0M6WH75,"3a,7a,12k_lysine_23168",0.0
A0A0M6WH75,3a12k_serine_27652,1524.03022441277
A0A0M6WH75,3a12k_taurine_22309,51047137.393214084
A0A0M6WH75,3a7a12k_taurine_14542,50860828.33651593
A0A0M6WH75,3a7k_citrulline_24966,0.0
A0A0M6WH75,3a7k_glutamine_24909,0.0
A0A0M6WH75,3a7k_serine_26456,0.0
A0A0M6WH75,3a7k_threonine_27078,0.0
A0A0M6WH75,3k12a_lysine_23849,0.0
A0A0M6WH75,3k7a_glutamine_29953,0.0
A0A0M6WH75,3k7a_proline_M+NH4_21780,0.0
A0A0M6WH75,"Di_2,3_diaminopropionic acid_14073",0.0
A0A0M6WH75,Di_2_aminophenol_36589,0.0
A0A0M6WH75,Di_2_aminophenol_40269,0.0
A0A0M6WH75,Di_3_methoxytyramine_37128,0.0
A0A0M6WH75,Di_3_methoxytyramine_37165,0.0
A0A0M6WH75,Di_3_methoxytyramine_39396,0.0
A0A0M6WH75,Di_GABA_33328,10131.277735236448
A0A0M6WH75,Di_GABA_36169,38414.32573053359
A0A0M6WH75,Di_alanine_27176,0.0
A0A0M6WH75,Di_alanine_35826,0.0
A0A0M6WH75,Di_alanine_37411,237615.41991274353
A0A0M6WH75,Di_citrulline_22104,0.0
A0A0M6WH75,Di_citrulline_31270,0.0
A0A0M6WH75,Di_dopamine_34015,0.0
A0A0M6WH75,Di_dopamine_38088,0.0
A0A0M6WH75,Di_glutamine_30065,0.0
A0A0M6WH75,Di_glutamine_30067,0.0
A0A0M6WH75,Di_glutamine_31254,0.0
A0A0M6WH75,Di_glycine_27361,4077004.5133456015
A0A0M6WH75,Di_glycine_34166,10803423.303201094
A0A0M6WH75,Di_glycine_34738,826034.1026000228
A0A0M6WH75,Di_lysine_25070,0.0
A0A0M6WH75,Di_methionine_34896,0.0
A0A0M6WH75,Di_ornithine_15391,0.0
A0A0M6WH75,Di_ornithine_17963,0.0
A0A0M6WH75,Di_ornithine_22619,0.0
A0A0M6WH75,Di_ornithine_25325,0.0
A0A0M6WH75,Di_phenylalanine_22687,0.0
A0A0M6WH75,Di_phenylalanine_39833,149820.44718620944
A0A0M6WH75,Di_serine_32622,0.0
A0A0M6WH75,Di_taurine_19595,2030.0574624113237
A0A0M6WH75,Di_taurine_29331,11461222.128309907
A0A0M6WH75,Di_taurine_30261,0.0
A0A0M6WH75,Di_threonine_23465,0.0
A0A0M6WH75,Di_threonine_33288,0.0
A0A0M6WH75,Di_unconjugated_34634,0.0
A0A0M6WH75,Mono_2_aminophenol_41901,0.0
A0A0M6WH75,Mono_2_aminophenol_45657,975.6483569307355
A0A0M6WH75,Mono_GABA_40494,42124.38602116986
A0A0M6WH75,Mono_alanine_40140,12123.90661896338
A0A0M6WH75,Mono_glutamine_37103,5042.433025302534
A0A0M6WH75,Mono_glycine_38634,9323652.466918943
A0A0M6WH75,Mono_lysine_32192,0.0
A0A0M6WH75,Mono_methionine_41397,0.0
A0A0M6WH75,Mono_ornithine_31596,0.0
A0A0M6WH75,Mono_ornithine_33494,0.0
A0A0M6WH75,Mono_phenylalanine_41412,0.0
A0A0M6WH75,Mono_serotonin_42743,0.0
A0A0M6WH75,Mono_taurine_35357,32624949.369977668
A0A0M6WH75,Mono_tyramine_38979,0.0
A0A0M6WH75,"Tri_2,3_diaminopropionic acid_14940",0.0
A0A0M6WH75,"Tri_2,3_diaminopropionic acid_17863",0.0
A0A0M6WH75,"Tri_2,3_diaminopropionic acid_17869",0.0
A0A0M6WH75,"Tri_2,3_diaminopropionic acid_18373",0.0
A0A0M6WH75,Tri_2_aminophenol_35037,0.0
A0A0M6WH75,Tri_2_aminophenol_39976,8392.804660528182
A0A0M6WH75,Tri_3_methoxytyramine_36008,0.0
A0A0M6WH75,Tri_GABA_22882,139111.28496732877
A0A0M6WH75,Tri_GABA_26794,799027.2001374515
A0A0M6WH75,Tri_GABA_M+H2O_23885,0.0
A0A0M6WH75,Tri_alanine_28457,1816.3800314674208
A0A0M6WH75,Tri_arginine_18281,0.0
A0A0M6WH75,Tri_asparagine_20433,100302.99395302821
A0A0M6WH75,Tri_cadaverine_19586,0.0
A0A0M6WH75,Tri_citrulline_22220,0.0
A0A0M6WH75,Tri_cystine_19329,0.0
A0A0M6WH75,Tri_dopamine_32050,25347.80874348645
A0A0M6WH75,Tri_dopamine_32195,0.0
A0A0M6WH75,Tri_glutamine_22099,0.0
A0A0M6WH75,Tri_glycine_25947,492089.5455068191
A0A0M6WH75,Tri_glyglycine_20401,0.0
A0A0M6WH75,Tri_histidine_17315,0.0
A0A0M6WH75,Tri_methionine_33885,0.0
A0A0M6WH75,Tri_ornithine_17210,0.0
A0A0M6WH75,Tri_phenylalanine_22512,0.0
A0A0M6WH75,Tri_phenylalanine_37508,0.0
A0A0M6WH75,Tri_phenylalanine_40024,47631.50936339909
A0A0M6WH75,Tri_proline_M+NH4_18411,0.0
A0A0M6WH75,Tri_putrescine_18433,0.0
A0A0M6WH75,Tri_serine_23158,0.0
A0A0M6WH75,Tri_taurine_20369,0.0
A0A0M6WH75,Tri_tryptamine_38723,0.0
A0A0M6WMX1,"3a,7a,12k_alanine_20366",444317.5970742864
A0A0M6WMX1,"3a,7a,12k_lysine_23168",118083.23412716524
A0A0M6WMX1,3a12k_serine_27652,287768.44227454695
A0A0M6WMX1,3a12k_taurine_22309,77234250.52839528
A0A0M6WMX1,3a7a12k_taurine_14542,85971133.6236123
A0A0M6WMX1,3a7k_citrulline_24966,0.0
A0A0M6WMX1,3a7k_glutamine_24909,9585.20097460134
A0A0M6WMX1,3a7k_serine_26456,54557.52677904635
A0A0M6WMX1,3a7k_threonine_27078,65423.086151251446
A0A0M6WMX1,3k12a_lysine_23849,0.0
A0A0M6WMX1,3k7a_glutamine_29953,0.0
A0A0M6WMX1,3k7a_proline_M+NH4_21780,0.0
A0A0M6WMX1,"Di_2,3_diaminopropionic acid_14073",0.0
A0A0M6WMX1,Di_2_aminophenol_36589,45227.91393909537
A0A0M6WMX1,Di_2_aminophenol_40269,46224.595445675826
A0A0M6WMX1,Di_3_methoxytyramine_37128,0.0
A0A0M6WMX1,Di_3_methoxytyramine_37165,0.0
A0A0M6WMX1,Di_3_methoxytyramine_39396,0.0
A0A0M6WMX1,Di_GABA_33328,241532.5438292119
A0A0M6WMX1,Di_GABA_36169,74466.22355196852
A0A0M6WMX1,Di_alanine_27176,0.0
A0A0M6WMX1,Di_alanine_35826,161840.55939139318
A0A0M6WMX1,Di_alanine_37411,746768.901468572
A0A0M6WMX1,Di_citrulline_22104,0.0
A0A0M6WMX1,Di_citrulline_31270,5091.7496154574255
A0A0M6WMX1,Di_dopamine_34015,0.0
A0A0M6WMX1,Di_dopamine_38088,0.0
A0A0M6WMX1,Di_glutamine_30065,0.0
A0A0M6WMX1,Di_glutamine_30067,2079.0050430475126
A0A0M6WMX1,Di_glutamine_31254,5545.890826761566
A0A0M6WMX1,Di_glycine_27361,2213085.9313611565
A0A0M6WMX1,Di_glycine_34166,6637780.603232264
A0A0M6WMX1,Di_glycine_34738,1592093.8003932817
A0A0M6WMX1,Di_lysine_25070,0.0
A0A0M6WMX1,Di_methionine_34896,0.0
A0A0M6WMX1,Di_ornithine_15391,0.0
A0A0M6WMX1,Di_ornithine_17963,0.0
A0A0M6WMX1,Di_ornithine_22619,0.0
A0A0M6WMX1,Di_ornithine_25325,4196.387817920528
A0A0M6WMX1,Di_phenylalanine_22687,7534.244392520895
A0A0M6WMX1,Di_phenylalanine_39833,101809.70855562786
A0A0M6WMX1,Di_serine_32622,101297.44975070961
A0A0M6WMX1,Di_taurine_19595,5981.614179100669
A0A0M6WMX1,Di_taurine_29331,22499685.837571047
A0A0M6WMX1,Di_taurine_30261,5850.650421668736
A0A0M6WMX1,Di_threonine_23465,9937.691722580816
A0A0M6WMX1,Di_threonine_33288,6636.107744529231
A0A0M6WMX1,Di_unconjugated_34634,99658.69460799657
A0A0M6WMX1,Mono_2_aminophenol_41901,0.0
A0A0M6WMX1,Mono_2_aminophenol_45657,9546.472202478051
A0A0M6WMX1,Mono_GABA_40494,33293.08508215888
A0A0M6WMX1,Mono_alanine_40140,250512.5087297941
A0A0M6WMX1,Mono_glutamine_37103,0.0
A0A0M6WMX1,Mono_glycine_38634,6108606.948766859
A0A0M6WMX1,Mono_lysine_32192,0.0
A0A0M6WMX1,Mono_methionine_41397,11242.109335970876
A0A0M6WMX1,Mono_ornithine_31596,0.0
A0A0M6WMX1,Mono_ornithine_33494,463.5085561351225
A0A0M6WMX1,Mono_phenylalanine_41412,44589.9832608245
A0A0M6WMX1,Mono_serotonin_42743,0.0
A0A0M6WMX1,Mono_taurine_35357,58629714.10528797
A0A0M6WMX1,Mono_tyramine_38979,34750.39287074044
A0A0M6WMX1,"Tri_2,3_diaminopropionic acid_14940",0.0
A0A0M6WMX1,"Tri_2,3_diaminopropionic acid_17863",0.0
A0A0M6WMX1,"Tri_2,3_diaminopropionic acid_17869",24980.792004488543
A0A0M6WMX1,"Tri_2,3_diaminopropionic acid_18373",235531.11021181173
A0A0M6WMX1,Tri_2_aminophenol_35037,48819.34111177777
A0A0M6WMX1,Tri_2_aminophenol_39976,392742.7233281754
A0A0M6WMX1,Tri_3_methoxytyramine_36008,0.0
A0A0M6WMX1,Tri_GABA_22882,241525.46216520612
A0A0M6WMX1,Tri_GABA_26794,1076990.2504718653
A0A0M6WMX1,Tri_GABA_M+H2O_23885,81976.73026206753
A0A0M6WMX1,Tri_alanine_28457,135682.87505111872
A0A0M6WMX1,Tri_arginine_18281,0.0
A0A0M6WMX1,Tri_asparagine_20433,1171944.4841077288
A0A0M6WMX1,Tri_cadaverine_19586,0.0
A0A0M6WMX1,Tri_citrulline_22220,0.0
A0A0M6WMX1,Tri_cystine_19329,0.0
A0A0M6WMX1,Tri_dopamine_32050,42374.106619031896
A0A0M6WMX1,Tri_dopamine_32195,0.0
A0A0M6WMX1,Tri_glutamine_22099,0.0
A0A0M6WMX1,Tri_glycine_25947,139717.86519949665
A0A0M6WMX1,Tri_glyglycine_20401,75498.72647564489
A0A0M6WMX1,Tri_histidine_17315,0.0
A0A0M6WMX1,Tri_methionine_33885,63738.028175458916
A0A0M6WMX1,Tri_ornithine_17210,0.0
A0A0M6WMX1,Tri_phenylalanine_22512,5379.909162912709
A0A0M6WMX1,Tri_phenylalanine_37508,28646.708508340107
A0A0M6WMX1,Tri_phenylalanine_40024,115496.28751238633
A0A0M6WMX1,Tri_proline_M+NH4_18411,0.0
A0A0M6WMX1,Tri_putrescine_18433,0.0
A0A0M6WMX1,Tri_serine_23158,5512.570583313527
A0A0M6WMX1,Tri_taurine_20369,0.0
A0A0M6WMX1,Tri_tryptamine_38723,0.0
A0A0M6WSM3,"3a,7a,12k_alanine_20366",743160.9860150865
A0A0M6WSM3,"3a,7a,12k_lysine_23168",162790.75753370908
A0A0M6WSM3,3a12k_serine_27652,260460.74120111112
A0A0M6WSM3,3a12k_taurine_22309,91499247.79288054
A0A0M6WSM3,3a7a12k_taurine_14542,90976841.12031953
A0A0M6WSM3,3a7k_citrulline_24966,0.0
A0A0M6WSM3,3a7k_glutamine_24909,10997.54805962975
A0A0M6WSM3,3a7k_serine_26456,270607.49713463214
A0A0M6WSM3,3a7k_threonine_27078,75133.42610960599
A0A0M6WSM3,3k12a_lysine_23849,0.0
A0A0M6WSM3,3k7a_glutamine_29953,0.0
A0A0M6WSM3,3k7a_proline_M+NH4_21780,0.0
A0A0M6WSM3,"Di_2,3_diaminopropionic acid_14073",0.0
A0A0M6WSM3,Di_2_aminophenol_36589,268345.3704045265
A0A0M6WSM3,Di_2_aminophenol_40269,2131.0619937126144
A0A0M6WSM3,Di_3_methoxytyramine_37128,0.0
A0A0M6WSM3,Di_3_methoxytyramine_37165,0.0
A0A0M6WSM3,Di_3_methoxytyramine_39396,0.0
A0A0M6WSM3,Di_GABA_33328,343037.78695000225
A0A0M6WSM3,Di_GABA_36169,76938.02389039405
A0A0M6WSM3,Di_alanine_27176,3933.4758001170526
A0A0M6WSM3,Di_alanine_35826,205574.84855047104
A0A0M6WSM3,Di_alanine_37411,731630.9368328752
A0A0M6WSM3,Di_citrulline_22104,0.0
A0A0M6WSM3,Di_citrulline_31270,0.0
A0A0M6WSM3,Di_dopamine_34015,0.0
A0A0M6WSM3,Di_dopamine_38088,0.0
A0A0M6WSM3,Di_glutamine_30065,0.0
A0A0M6WSM3,Di_glutamine_30067,6145.206910799238
A0A0M6WSM3,Di_glutamine_31254,0.0
A0A0M6WSM3,Di_glycine_27361,862543.1672251998
A0A0M6WSM3,Di_glycine_34166,1660926.4217349633
A0A0M6WSM3,Di_glycine_34738,713676.7844742666
A0A0M6WSM3,Di_lysine_25070,2468.478591858109
A0A0M6WSM3,Di_methionine_34896,0.0
A0A0M6WSM3,Di_ornithine_15391,0.0
A0A0M6WSM3,Di_ornithine_17963,0.0
A0A0M6WSM3,Di_ornithine_22619,0.0
A0A0M6WSM3,Di_ornithine_25325,0.0
A0A0M6WSM3,Di_phenylalanine_22687,0.0
A0A0M6WSM3,Di_phenylalanine_39833,40540.118094778365
A0A0M6WSM3,Di_serine_32622,12776.081556658646
A0A0M6WSM3,Di_taurine_19595,6088.137853860744
A0A0M6WSM3,Di_taurine_29331,17212981.51514527
A0A0M6WSM3,Di_taurine_30261,13785.200330977546
A0A0M6WSM3,Di_threonine_23465,14056.368939846547
A0A0M6WSM3,Di_threonine_33288,5799.460229306751
A0A0M6WSM3,Di_unconjugated_34634,295073.03501430224
A0A0M6WSM3,Mono_2_aminophenol_41901,0.0
A0A0M6WSM3,Mono_2_aminophenol_45657,3511.7401657075425
A0A0M6WSM3,Mono_GABA_40494,28655.550207647884
A0A0M6WSM3,Mono_alanine_40140,240054.1771864019
A0A0M6WSM3,Mono_glutamine_37103,0.0
A0A0M6WSM3,Mono_glycine_38634,1515375.0931535596
A0A0M6WSM3,Mono_lysine_32192,0.0
A0A0M6WSM3,Mono_methionine_41397,7981.616714245567
A0A0M6WSM3,Mono_ornithine_31596,0.0
A0A0M6WSM3,Mono_ornithine_33494,0.0
A0A0M6WSM3,Mono_phenylalanine_41412,0.0
A0A0M6WSM3,Mono_serotonin_42743,6177.426827620589
A0A0M6WSM3,Mono_taurine_35357,60280806.38286901
A0A0M6WSM3,Mono_tyramine_38979,56763.33774540478
A0A0M6WSM3,"Tri_2,3_diaminopropionic acid_14940",46033.64456509055
A0A0M6WSM3,"Tri_2,3_diaminopropionic acid_17863",0.0
A0A0M6WSM3,"Tri_2,3_diaminopropionic acid_17869",38300.30950289768
A0A0M6WSM3,"Tri_2,3_diaminopropionic acid_18373",624228.6597390384
A0A0M6WSM3,Tri_2_aminophenol_35037,112935.78945303918
A0A0M6WSM3,Tri_2_aminophenol_39976,570097.9952827687
A0A0M6WSM3,Tri_3_methoxytyramine_36008,0.0
A0A0M6WSM3,Tri_GABA_22882,12481.792376871363
A0A0M6WSM3,Tri_GABA_26794,109466.28067409436
A0A0M6WSM3,Tri_GABA_M+H2O_23885,274902.14318270324
A0A0M6WSM3,Tri_alanine_28457,170423.17327434683
A0A0M6WSM3,Tri_arginine_18281,0.0
A0A0M6WSM3,Tri_asparagine_20433,1738394.1278336346
A0A0M6WSM3,Tri_cadaverine_19586,0.0
A0A0M6WSM3,Tri_citrulline_22220,0.0
A0A0M6WSM3,Tri_cystine_19329,0.0
A0A0M6WSM3,Tri_dopamine_32050,29875.49530913187
A0A0M6WSM3,Tri_dopamine_32195,0.0
A0A0M6WSM3,Tri_glutamine_22099,0.0
A0A0M6WSM3,Tri_glycine_25947,0.0
A0A0M6WSM3,Tri_glyglycine_20401,129082.64006257516
A0A0M6WSM3,Tri_histidine_17315,0.0
A0A0M6WSM3,Tri_methionine_33885,45633.57877335212
A0A0M6WSM3,Tri_ornithine_17210,0.0
A0A0M6WSM3,Tri_phenylalanine_22512,0.0
A0A0M6WSM3,Tri_phenylalanine_37508,27561.581565396493
A0A0M6WSM3,Tri_phenylalanine_40024,117325.56701686778
A0A0M6WSM3,Tri_proline_M+NH4_18411,0.0
A0A0M6WSM3,Tri_putrescine_18433,0.0
A0A0M6WSM3,Tri_serine_23158,12989.898669796687
A0A0M6WSM3,Tri_taurine_20369,0.0
A0A0M6WSM3,Tri_tryptamine_38723,0.0
A0A0P0FKS2,"3a,7a,12k_alanine_20366",0.0
A0A0P0FKS2,"3a,7a,12k_lysine_23168",0.0
A0A0P0FKS2,3a12k_serine_27652,0.0
A0A0P0FKS2,3a12k_taurine_22309,91101.4534657351
A0A0P0FKS2,3a7a12k_taurine_14542,102677.80782310666
A0A0P0FKS2,3a7k_citrulline_24966,0.0
A0A0P0FKS2,3a7k_glutamine_24909,0.0
A0A0P0FKS2,3a7k_serine_26456,0.0
A0A0P0FKS2,3a7k_threonine_27078,0.0
A0A0P0FKS2,3k12a_lysine_23849,0.0
A0A0P0FKS2,3k7a_glutamine_29953,0.0
A0A0P0FKS2,3k7a_proline_M+NH4_21780,0.0
A0A0P0FKS2,"Di_2,3_diaminopropionic acid_14073",0.0
A0A0P0FKS2,Di_2_aminophenol_36589,0.0
A0A0P0FKS2,Di_2_aminophenol_40269,0.0
A0A0P0FKS2,Di_3_methoxytyramine_37128,0.0
A0A0P0FKS2,Di_3_methoxytyramine_37165,0.0
A0A0P0FKS2,Di_3_methoxytyramine_39396,0.0
A0A0P0FKS2,Di_GABA_33328,0.0
A0A0P0FKS2,Di_GABA_36169,0.0
A0A0P0FKS2,Di_alanine_27176,0.0
A0A0P0FKS2,Di_alanine_35826,0.0
A0A0P0FKS2,Di_alanine_37411,0.0
A0A0P0FKS2,Di_citrulline_22104,0.0
A0A0P0FKS2,Di_citrulline_31270,0.0
A0A0P0FKS2,Di_dopamine_34015,0.0
A0A0P0FKS2,Di_dopamine_38088,0.0
A0A0P0FKS2,Di_glutamine_30065,0.0
A0A0P0FKS2,Di_glutamine_30067,0.0
A0A0P0FKS2,Di_glutamine_31254,0.0
A0A0P0FKS2,Di_glycine_27361,72540.42440061587
A0A0P0FKS2,Di_glycine_34166,78413.22838490453
A0A0P0FKS2,Di_glycine_34738,0.0
A0A0P0FKS2,Di_lysine_25070,0.0
A0A0P0FKS2,Di_methionine_34896,0.0
A0A0P0FKS2,Di_ornithine_15391,0.0
A0A0P0FKS2,Di_ornithine_17963,0.0
A0A0P0FKS2,Di_ornithine_22619,0.0
A0A0P0FKS2,Di_ornithine_25325,0.0
A0A0P0FKS2,Di_phenylalanine_22687,0.0
A0A0P0FKS2,Di_phenylalanine_39833,0.0
A0A0P0FKS2,Di_serine_32622,0.0
A0A0P0FKS2,Di_taurine_19595,0.0
A0A0P0FKS2,Di_taurine_29331,73658.22161509549
A0A0P0FKS2,Di_taurine_30261,0.0
A0A0P0FKS2,Di_threonine_23465,0.0
A0A0P0FKS2,Di_threonine_33288,0.0
A0A0P0FKS2,Di_unconjugated_34634,0.0
A0A0P0FKS2,Mono_2_aminophenol_41901,0.0
A0A0P0FKS2,Mono_2_aminophenol_45657,0.0
A0A0P0FKS2,Mono_GABA_40494,0.0
A0A0P0FKS2,Mono_alanine_40140,0.0
A0A0P0FKS2,Mono_glutamine_37103,0.0
A0A0P0FKS2,Mono_glycine_38634,308301.9893822605
A0A0P0FKS2,Mono_lysine_32192,0.0
A0A0P0FKS2,Mono_methionine_41397,0.0
A0A0P0FKS2,Mono_ornithine_31596,0.0
A0A0P0FKS2,Mono_ornithine_33494,0.0
A0A0P0FKS2,Mono_phenylalanine_41412,0.0
A0A0P0FKS2,Mono_serotonin_42743,0.0
A0A0P0FKS2,Mono_taurine_35357,56260.70218416619
A0A0P0FKS2,Mono_tyramine_38979,0.0
A0A0P0FKS2,"Tri_2,3_diaminopropionic acid_14940",0.0
A0A0P0FKS2,"Tri_2,3_diaminopropionic acid_17863",0.0
A0A0P0FKS2,"Tri_2,3_diaminopropionic acid_17869",0.0
A0A0P0FKS2,"Tri_2,3_diaminopropionic acid_18373",0.0
A0A0P0FKS2,Tri_2_aminophenol_35037,0.0
A0A0P0FKS2,Tri_2_aminophenol_39976,0.0
A0A0P0FKS2,Tri_3_methoxytyramine_36008,0.0
A0A0P0FKS2,Tri_GABA_22882,0.0
A0A0P0FKS2,Tri_GABA_26794,0.0
A0A0P0FKS2,Tri_GABA_M+H2O_23885,0.0
A0A0P0FKS2,Tri_alanine_28457,0.0
A0A0P0FKS2,Tri_arginine_18281,0.0
A0A0P0FKS2,Tri_asparagine_20433,0.0
A0A0P0FKS2,Tri_cadaverine_19586,0.0
A0A0P0FKS2,Tri_citrulline_22220,0.0
A0A0P0FKS2,Tri_cystine_19329,0.0
A0A0P0FKS2,Tri_dopamine_32050,0.0
A0A0P0FKS2,Tri_dopamine_32195,0.0
A0A0P0FKS2,Tri_glutamine_22099,0.0
A0A0P0FKS2,Tri_glycine_25947,0.0
A0A0P0FKS2,Tri_glyglycine_20401,0.0
A0A0P0FKS2,Tri_histidine_17315,0.0
A0A0P0FKS2,Tri_methionine_33885,0.0
A0A0P0FKS2,Tri_ornithine_17210,0.0
A0A0P0FKS2,Tri_phenylalanine_22512,0.0
A0A0P0FKS2,Tri_phenylalanine_37508,0.0
A0A0P0FKS2,Tri_phenylalanine_40024,0.0
A0A0P0FKS2,Tri_proline_M+NH4_18411,0.0
A0A0P0FKS2,Tri_putrescine_18433,0.0
A0A0P0FKS2,Tri_serine_23158,0.0
A0A0P0FKS2,Tri_taurine_20369,0.0
A0A0P0FKS2,Tri_tryptamine_38723,0.0
A0A0P0LK75,"3a,7a,12k_alanine_20366",0.0
A0A0P0LK75,"3a,7a,12k_lysine_23168",0.0
A0A0P0LK75,3a12k_serine_27652,0.0
A0A0P0LK75,3a12k_taurine_22309,91270.83173159586
A0A0P0LK75,3a7a12k_taurine_14542,40790.54354451096
A0A0P0LK75,3a7k_citrulline_24966,0.0
A0A0P0LK75,3a7k_glutamine_24909,0.0
A0A0P0LK75,3a7k_serine_26456,0.0
A0A0P0LK75,3a7k_threonine_27078,0.0
A0A0P0LK75,3k12a_lysine_23849,0.0
A0A0P0LK75,3k7a_glutamine_29953,0.0
A0A0P0LK75,3k7a_proline_M+NH4_21780,0.0
A0A0P0LK75,"Di_2,3_diaminopropionic acid_14073",0.0
A0A0P0LK75,Di_2_aminophenol_36589,0.0
A0A0P0LK75,Di_2_aminophenol_40269,0.0
A0A0P0LK75,Di_3_methoxytyramine_37128,0.0
A0A0P0LK75,Di_3_methoxytyramine_37165,0.0
A0A0P0LK75,Di_3_methoxytyramine_39396,0.0
A0A0P0LK75,Di_GABA_33328,0.0
A0A0P0LK75,Di_GABA_36169,0.0
A0A0P0LK75,Di_alanine_27176,0.0
A0A0P0LK75,Di_alanine_35826,0.0
A0A0P0LK75,Di_alanine_37411,0.0
A0A0P0LK75,Di_citrulline_22104,0.0
A0A0P0LK75,Di_citrulline_31270,0.0
A0A0P0LK75,Di_dopamine_34015,0.0
A0A0P0LK75,Di_dopamine_38088,0.0
A0A0P0LK75,Di_glutamine_30065,0.0
A0A0P0LK75,Di_glutamine_30067,0.0
A0A0P0LK75,Di_glutamine_31254,0.0
A0A0P0LK75,Di_glycine_27361,57554.38010430328
A0A0P0LK75,Di_glycine_34166,72516.95726134861
A0A0P0LK75,Di_glycine_34738,0.0
A0A0P0LK75,Di_lysine_25070,0.0
A0A0P0LK75,Di_methionine_34896,0.0
A0A0P0LK75,Di_ornithine_15391,0.0
A0A0P0LK75,Di_ornithine_17963,0.0
A0A0P0LK75,Di_ornithine_22619,0.0
A0A0P0LK75,Di_ornithine_25325,0.0
A0A0P0LK75,Di_phenylalanine_22687,0.0
A0A0P0LK75,Di_phenylalanine_39833,0.0
A0A0P0LK75,Di_serine_32622,0.0
A0A0P0LK75,Di_taurine_19595,0.0
A0A0P0LK75,Di_taurine_29331,112408.39648111565
A0A0P0LK75,Di_taurine_30261,0.0
A0A0P0LK75,Di_threonine_23465,0.0
A0A0P0LK75,Di_threonine_33288,0.0
A0A0P0LK75,Di_unconjugated_34634,0.0
A0A0P0LK75,Mono_2_aminophenol_41901,0.0
A0A0P0LK75,Mono_2_aminophenol_45657,0.0
A0A0P0LK75,Mono_GABA_40494,0.0
A0A0P0LK75,Mono_alanine_40140,0.0
A0A0P0LK75,Mono_glutamine_37103,0.0
A0A0P0LK75,Mono_glycine_38634,395709.41810135916
A0A0P0LK75,Mono_lysine_32192,0.0
A0A0P0LK75,Mono_methionine_41397,0.0
A0A0P0LK75,Mono_ornithine_31596,0.0
A0A0P0LK75,Mono_ornithine_33494,0.0
A0A0P0LK75,Mono_phenylalanine_41412,0.0
A0A0P0LK75,Mono_serotonin_42743,0.0
A0A0P0LK75,Mono_taurine_35357,224716.77559460615
A0A0P0LK75,Mono_tyramine_38979,0.0
A0A0P0LK75,"Tri_2,3_diaminopropionic acid_14940",0.0
A0A0P0LK75,"Tri_2,3_diaminopropionic acid_17863",0.0
A0A0P0LK75,"Tri_2,3_diaminopropionic acid_17869",0.0
A0A0P0LK75,"Tri_2,3_diaminopropionic acid_18373",0.0
A0A0P0LK75,Tri_2_aminophenol_35037,0.0
A0A0P0LK75,Tri_2_aminophenol_39976,0.0
A0A0P0LK75,Tri_3_methoxytyramine_36008,0.0
A0A0P0LK75,Tri_GABA_22882,0.0
A0A0P0LK75,Tri_GABA_26794,0.0
A0A0P0LK75,Tri_GABA_M+H2O_23885,0.0
A0A0P0LK75,Tri_alanine_28457,0.0
A0A0P0LK75,Tri_arginine_18281,0.0
A0A0P0LK75,Tri_asparagine_20433,0.0
A0A0P0LK75,Tri_cadaverine_19586,0.0
A0A0P0LK75,Tri_citrulline_22220,0.0
A0A0P0LK75,Tri_cystine_19329,0.0
A0A0P0LK75,Tri_dopamine_32050,0.0
A0A0P0LK75,Tri_dopamine_32195,0.0
A0A0P0LK75,Tri_glutamine_22099,0.0
A0A0P0LK75,Tri_glycine_25947,0.0
A0A0P0LK75,Tri_glyglycine_20401,0.0
A0A0P0LK75,Tri_histidine_17315,0.0
A0A0P0LK75,Tri_methionine_33885,0.0
A0A0P0LK75,Tri_ornithine_17210,0.0
A0A0P0LK75,Tri_phenylalanine_22512,0.0
A0A0P0LK75,Tri_phenylalanine_37508,0.0
A0A0P0LK75,Tri_phenylalanine_40024,0.0
A0A0P0LK75,Tri_proline_M+NH4_18411,0.0
A0A0P0LK75,Tri_putrescine_18433,0.0
A0A0P0LK75,Tri_serine_23158,0.0
A0A0P0LK75,Tri_taurine_20369,0.0
A0A0P0LK75,Tri_tryptamine_38723,0.0
A0A0S2W269,"3a,7a,12k_alanine_20366",0.0
A0A0S2W269,"3a,7a,12k_lysine_23168",0.0
A0A0S2W269,3a12k_serine_27652,0.0
A0A0S2W269,3a12k_taurine_22309,79055.29301517487
A0A0S2W269,3a7a12k_taurine_14542,59978.62842596737
A0A0S2W269,3a7k_citrulline_24966,0.0
A0A0S2W269,3a7k_glutamine_24909,0.0
A0A0S2W269,3a7k_serine_26456,0.0
A0A0S2W269,3a7k_threonine_27078,0.0
A0A0S2W269,3k12a_lysine_23849,0.0
A0A0S2W269,3k7a_glutamine_29953,0.0
A0A0S2W269,3k7a_proline_M+NH4_21780,0.0
A0A0S2W269,"Di_2,3_diaminopropionic acid_14073",0.0
A0A0S2W269,Di_2_aminophenol_36589,0.0
A0A0S2W269,Di_2_aminophenol_40269,2695.281667807691
A0A0S2W269,Di_3_methoxytyramine_37128,0.0
A0A0S2W269,Di_3_methoxytyramine_37165,0.0
A0A0S2W269,Di_3_methoxytyramine_39396,0.0
A0A0S2W269,Di_GABA_33328,0.0
A0A0S2W269,Di_GABA_36169,0.0
A0A0S2W269,Di_alanine_27176,0.0
A0A0S2W269,Di_alanine_35826,0.0
A0A0S2W269,Di_alanine_37411,0.0
A0A0S2W269,Di_citrulline_22104,0.0
A0A0S2W269,Di_citrulline_31270,0.0
A0A0S2W269,Di_dopamine_34015,0.0
A0A0S2W269,Di_dopamine_38088,0.0
A0A0S2W269,Di_glutamine_30065,0.0
A0A0S2W269,Di_glutamine_30067,0.0
A0A0S2W269,Di_glutamine_31254,0.0
A0A0S2W269,Di_glycine_27361,48924.128631313135
A0A0S2W269,Di_glycine_34166,69720.32155806628
A0A0S2W269,Di_glycine_34738,0.0
A0A0S2W269,Di_lysine_25070,0.0
A0A0S2W269,Di_methionine_34896,0.0
A0A0S2W269,Di_ornithine_15391,0.0
A0A0S2W269,Di_ornithine_17963,0.0
A0A0S2W269,Di_ornithine_22619,0.0
A0A0S2W269,Di_ornithine_25325,0.0
A0A0S2W269,Di_phenylalanine_22687,0.0
A0A0S2W269,Di_phenylalanine_39833,0.0
A0A0S2W269,Di_serine_32622,0.0
A0A0S2W269,Di_taurine_19595,0.0
A0A0S2W269,Di_taurine_29331,96249.30861353308
A0A0S2W269,Di_taurine_30261,0.0
A0A0S2W269,Di_threonine_23465,0.0
A0A0S2W269,Di_threonine_33288,0.0
A0A0S2W269,Di_unconjugated_34634,0.0
A0A0S2W269,Mono_2_aminophenol_41901,0.0
A0A0S2W269,Mono_2_aminophenol_45657,0.0
A0A0S2W269,Mono_GABA_40494,0.0
A0A0S2W269,Mono_alanine_40140,0.0
A0A0S2W269,Mono_glutamine_37103,0.0
A0A0S2W269,Mono_glycine_38634,339373.6226338999
A0A0S2W269,Mono_lysine_32192,0.0
A0A0S2W269,Mono_methionine_41397,0.0
A0A0S2W269,Mono_ornithine_31596,0.0
A0A0S2W269,Mono_ornithine_33494,0.0
A0A0S2W269,Mono_phenylalanine_41412,0.0
A0A0S2W269,Mono_serotonin_42743,0.0
A0A0S2W269,Mono_taurine_35357,52492.42813836134
A0A0S2W269,Mono_tyramine_38979,0.0
A0A0S2W269,"Tri_2,3_diaminopropionic acid_14940",0.0
A0A0S2W269,"Tri_2,3_diaminopropionic acid_17863",0.0
A0A0S2W269,"Tri_2,3_diaminopropionic acid_17869",0.0
A0A0S2W269,"Tri_2,3_diaminopropionic acid_18373",0.0
A0A0S2W269,Tri_2_aminophenol_35037,0.0
A0A0S2W269,Tri_2_aminophenol_39976,0.0
A0A0S2W269,Tri_3_methoxytyramine_36008,0.0
A0A0S2W269,Tri_GABA_22882,0.0
A0A0S2W269,Tri_GABA_26794,0.0
A0A0S2W269,Tri_GABA_M+H2O_23885,0.0
A0A0S2W269,Tri_alanine_28457,0.0
A0A0S2W269,Tri_arginine_18281,0.0
A0A0S2W269,Tri_asparagine_20433,0.0
A0A0S2W269,Tri_cadaverine_19586,0.0
A0A0S2W269,Tri_citrulline_22220,0.0
A0A0S2W269,Tri_cystine_19329,0.0
A0A0S2W269,Tri_dopamine_32050,0.0
A0A0S2W269,Tri_dopamine_32195,0.0
A0A0S2W269,Tri_glutamine_22099,0.0
A0A0S2W269,Tri_glycine_25947,0.0
A0A0S2W269,Tri_glyglycine_20401,0.0
A0A0S2W269,Tri_histidine_17315,0.0
A0A0S2W269,Tri_methionine_33885,0.0
A0A0S2W269,Tri_ornithine_17210,0.0
A0A0S2W269,Tri_phenylalanine_22512,0.0
A0A0S2W269,Tri_phenylalanine_37508,0.0
A0A0S2W269,Tri_phenylalanine_40024,0.0
A0A0S2W269,Tri_proline_M+NH4_18411,0.0
A0A0S2W269,Tri_putrescine_18433,0.0
A0A0S2W269,Tri_serine_23158,0.0
A0A0S2W269,Tri_taurine_20369,0.0
A0A0S2W269,Tri_tryptamine_38723,0.0
A0A173ZD58,"3a,7a,12k_alanine_20366",0.0
A0A173ZD58,"3a,7a,12k_lysine_23168",0.0
A0A173ZD58,3a12k_serine_27652,0.0
A0A173ZD58,3a12k_taurine_22309,37627.52728093092
A0A173ZD58,3a7a12k_taurine_14542,21580.773281072878
A0A173ZD58,3a7k_citrulline_24966,0.0
A0A173ZD58,3a7k_glutamine_24909,0.0
A0A173ZD58,3a7k_serine_26456,0.0
A0A173ZD58,3a7k_threonine_27078,0.0
A0A173ZD58,3k12a_lysine_23849,0.0
A0A173ZD58,3k7a_glutamine_29953,0.0
A0A173ZD58,3k7a_proline_M+NH4_21780,0.0
A0A173ZD58,"Di_2,3_diaminopropionic acid_14073",0.0
A0A173ZD58,Di_2_aminophenol_36589,0.0
A0A173ZD58,Di_2_aminophenol_40269,0.0
A0A173ZD58,Di_3_methoxytyramine_37128,0.0
A0A173ZD58,Di_3_methoxytyramine_37165,0.0
A0A173ZD58,Di_3_methoxytyramine_39396,0.0
A0A173ZD58,Di_GABA_33328,0.0
A0A173ZD58,Di_GABA_36169,0.0
A0A173ZD58,Di_alanine_27176,0.0
A0A173ZD58,Di_alanine_35826,0.0
A0A173ZD58,Di_alanine_37411,0.0
A0A173ZD58,Di_citrulline_22104,0.0
A0A173ZD58,Di_citrulline_31270,0.0
A0A173ZD58,Di_dopamine_34015,0.0
A0A173ZD58,Di_dopamine_38088,0.0
A0A173ZD58,Di_glutamine_30065,0.0
A0A173ZD58,Di_glutamine_30067,0.0
A0A173ZD58,Di_glutamine_31254,0.0
A0A173ZD58,Di_glycine_27361,35492.64430024879
A0A173ZD58,Di_glycine_34166,51348.946434933205
A0A173ZD58,Di_glycine_34738,0.0
A0A173ZD58,Di_lysine_25070,0.0
A0A173ZD58,Di_methionine_34896,0.0
A0A173ZD58,Di_ornithine_15391,0.0
A0A173ZD58,Di_ornithine_17963,0.0
A0A173ZD58,Di_ornithine_22619,0.0
A0A173ZD58,Di_ornithine_25325,0.0
A0A173ZD58,Di_phenylalanine_22687,0.0
A0A173ZD58,Di_phenylalanine_39833,0.0
A0A173ZD58,Di_serine_32622,0.0
A0A173ZD58,Di_taurine_19595,0.0
A0A173ZD58,Di_taurine_29331,49423.39565011344
A0A173ZD58,Di_taurine_30261,0.0
A0A173ZD58,Di_threonine_23465,0.0
A0A173ZD58,Di_threonine_33288,0.0
A0A173ZD58,Di_unconjugated_34634,0.0
A0A173ZD58,Mono_2_aminophenol_41901,0.0
A0A173ZD58,Mono_2_aminophenol_45657,0.0
A0A173ZD58,Mono_GABA_40494,0.0
A0A173ZD58,Mono_alanine_40140,0.0
A0A173ZD58,Mono_glutamine_37103,0.0
A0A173ZD58,Mono_glycine_38634,181092.94772290898
A0A173ZD58,Mono_lysine_32192,0.0
A0A173ZD58,Mono_methionine_41397,0.0
A0A173ZD58,Mono_ornithine_31596,0.0
A0A173ZD58,Mono_ornithine_33494,0.0
A0A173ZD58,Mono_phenylalanine_41412,0.0
A0A173ZD58,Mono_serotonin_42743,0.0
A0A173ZD58,Mono_taurine_35357,76035.725
A0A173ZD58,Mono_tyramine_38979,0.0
A0A173ZD58,"Tri_2,3_diaminopropionic acid_14940",0.0
A0A173ZD58,"Tri_2,3_diaminopropionic acid_17863",0.0
A0A173ZD58,"Tri_2,3_diaminopropionic acid_17869",0.0
A0A173ZD58,"Tri_2,3_diaminopropionic acid_18373",0.0
A0A173ZD58,Tri_2_aminophenol_35037,0.0
A0A173ZD58,Tri_2_aminophenol_39976,0.0
A0A173ZD58,Tri_3_methoxytyramine_36008,0.0
A0A173ZD58,Tri_GABA_22882,0.0
A0A173ZD58,Tri_GABA_26794,0.0
A0A173ZD58,Tri_GABA_M+H2O_23885,0.0
A0A173ZD58,Tri_alanine_28457,0.0
A0A173ZD58,Tri_arginine_18281,0.0
A0A173ZD58,Tri_asparagine_20433,0.0
A0A173ZD58,Tri_cadaverine_19586,0.0
A0A173ZD58,Tri_citrulline_22220,0.0
A0A173ZD58,Tri_cystine_19329,0.0
A0A173ZD58,Tri_dopamine_32050,0.0
A0A173ZD58,Tri_dopamine_32195,0.0
A0A173ZD58,Tri_glutamine_22099,0.0
A0A173ZD58,Tri_glycine_25947,0.0
A0A173ZD58,Tri_glyglycine_20401,0.0
A0A173ZD58,Tri_histidine_17315,0.0
A0A173ZD58,Tri_methionine_33885,0.0
A0A173ZD58,Tri_ornithine_17210,0.0
A0A173ZD58,Tri_phenylalanine_22512,0.0
A0A173ZD58,Tri_phenylalanine_37508,0.0
A0A173ZD58,Tri_phenylalanine_40024,0.0
A0A173ZD58,Tri_proline_M+NH4_18411,0.0
A0A173ZD58,Tri_putrescine_18433,0.0
A0A173ZD58,Tri_serine_23158,0.0
A0A173ZD58,Tri_taurine_20369,0.0
A0A173ZD58,Tri_tryptamine_38723,0.0
A0A174CW35,"3a,7a,12k_alanine_20366",0.0
A0A174CW35,"3a,7a,12k_lysine_23168",0.0
A0A174CW35,3a12k_serine_27652,0.0
A0A174CW35,3a12k_taurine_22309,173829.8449630215
A0A174CW35,3a7a12k_taurine_14542,137845.86141336587
A0A174CW35,3a7k_citrulline_24966,0.0
A0A174CW35,3a7k_glutamine_24909,0.0
A0A174CW35,3a7k_serine_26456,0.0
A0A174CW35,3a7k_threonine_27078,0.0
A0A174CW35,3k12a_lysine_23849,0.0
A0A174CW35,3k7a_glutamine_29953,0.0
A0A174CW35,3k7a_proline_M+NH4_21780,0.0
A0A174CW35,"Di_2,3_diaminopropionic acid_14073",0.0
A0A174CW35,Di_2_aminophenol_36589,0.0
A0A174CW35,Di_2_aminophenol_40269,0.0
A0A174CW35,Di_3_methoxytyramine_37128,0.0
A0A174CW35,Di_3_methoxytyramine_37165,0.0
A0A174CW35,Di_3_methoxytyramine_39396,0.0
A0A174CW35,Di_GABA_33328,0.0
A0A174CW35,Di_GABA_36169,0.0
A0A174CW35,Di_alanine_27176,0.0
A0A174CW35,Di_alanine_35826,0.0
A0A174CW35,Di_alanine_37411,0.0
A0A174CW35,Di_citrulline_22104,0.0
A0A174CW35,Di_citrulline_31270,0.0
A0A174CW35,Di_dopamine_34015,0.0
A0A174CW35,Di_dopamine_38088,0.0
A0A174CW35,Di_glutamine_30065,0.0
A0A174CW35,Di_glutamine_30067,0.0
A0A174CW35,Di_glutamine_31254,0.0
A0A174CW35,Di_glycine_27361,107413.93295426214
A0A174CW35,Di_glycine_34166,76584.61775817243
A0A174CW35,Di_glycine_34738,0.0
A0A174CW35,Di_lysine_25070,0.0
A0A174CW35,Di_methionine_34896,0.0
A0A174CW35,Di_ornithine_15391,0.0
A0A174CW35,Di_ornithine_17963,0.0
A0A174CW35,Di_ornithine_22619,0.0
A0A174CW35,Di_ornithine_25325,0.0
A0A174CW35,Di_phenylalanine_22687,0.0
A0A174CW35,Di_phenylalanine_39833,0.0
A0A174CW35,Di_serine_32622,0.0
A0A174CW35,Di_taurine_19595,0.0
A0A174CW35,Di_taurine_29331,219212.93730491318
A0A174CW35,Di_taurine_30261,0.0
A0A174CW35,Di_threonine_23465,0.0
A0A174CW35,Di_threonine_33288,0.0
A0A174CW35,Di_unconjugated_34634,0.0
A0A174CW35,Mono_2_aminophenol_41901,0.0
A0A174CW35,Mono_2_aminophenol_45657,0.0
A0A174CW35,Mono_GABA_40494,0.0
A0A174CW35,Mono_alanine_40140,0.0
A0A174CW35,Mono_glutamine_37103,0.0
A0A174CW35,Mono_glycine_38634,544237.9330613232
A0A174CW35,Mono_lysine_32192,0.0
A0A174CW35,Mono_methionine_41397,0.0
A0A174CW35,Mono_ornithine_31596,0.0
A0A174CW35,Mono_ornithine_33494,0.0
A0A174CW35,Mono_phenylalanine_41412,0.0
A0A174CW35,Mono_serotonin_42743,0.0
A0A174CW35,Mono_taurine_35357,214402.77010571657
A0A174CW35,Mono_tyramine_38979,0.0
A0A174CW35,"Tri_2,3_diaminopropionic acid_14940",0.0
A0A174CW35,"Tri_2,3_diaminopropionic acid_17863",0.0
A0A174CW35,"Tri_2,3_diaminopropionic acid_17869",0.0
A0A174CW35,"Tri_2,3_diaminopropionic acid_18373",0.0
A0A174CW35,Tri_2_aminophenol_35037,0.0
A0A174CW35,Tri_2_aminophenol_39976,0.0
A0A174CW35,Tri_3_methoxytyramine_36008,0.0
A0A174CW35,Tri_GABA_22882,0.0
A0A174CW35,Tri_GABA_26794,0.0
A0A174CW35,Tri_GABA_M+H2O_23885,0.0
A0A174CW35,Tri_alanine_28457,0.0
A0A174CW35,Tri_arginine_18281,0.0
A0A174CW35,Tri_asparagine_20433,0.0
A0A174CW35,Tri_cadaverine_19586,0.0
A0A174CW35,Tri_citrulline_22220,0.0
A0A174CW35,Tri_cystine_19329,0.0
A0A174CW35,Tri_dopamine_32050,0.0
A0A174CW35,Tri_dopamine_32195,0.0
A0A174CW35,Tri_glutamine_22099,0.0
A0A174CW35,Tri_glycine_25947,0.0
A0A174CW35,Tri_glyglycine_20401,0.0
A0A174CW35,Tri_histidine_17315,0.0
A0A174CW35,Tri_methionine_33885,0.0
A0A174CW35,Tri_ornithine_17210,0.0
A0A174CW35,Tri_phenylalanine_22512,0.0
A0A174CW35,Tri_phenylalanine_37508,0.0
A0A174CW35,Tri_phenylalanine_40024,0.0
A0A174CW35,Tri_proline_M+NH4_18411,0.0
A0A174CW35,Tri_putrescine_18433,0.0
A0A174CW35,Tri_serine_23158,0.0
A0A174CW35,Tri_taurine_20369,0.0
A0A174CW35,Tri_tryptamine_38723,0.0
A0A174DZA2,"3a,7a,12k_alanine_20366",35738.40470690159
A0A174DZA2,"3a,7a,12k_lysine_23168",14632.486473329116
A0A174DZA2,3a12k_serine_27652,40546.2324964914
A0A174DZA2,3a12k_taurine_22309,109900615.1873914
A0A174DZA2,3a7a12k_taurine_14542,108951851.02060278
A0A174DZA2,3a7k_citrulline_24966,0.0
A0A174DZA2,3a7k_glutamine_24909,2930.052863122879
A0A174DZA2,3a7k_serine_26456,0.0
A0A174DZA2,3a7k_threonine_27078,18831.56127489463
A0A174DZA2,3k12a_lysine_23849,0.0
A0A174DZA2,3k7a_glutamine_29953,0.0
A0A174DZA2,3k7a_proline_M+NH4_21780,0.0
A0A174DZA2,"Di_2,3_diaminopropionic acid_14073",0.0
A0A174DZA2,Di_2_aminophenol_36589,62902.40648352373
A0A174DZA2,Di_2_aminophenol_40269,56402.0373422091
A0A174DZA2,Di_3_methoxytyramine_37128,0.0
A0A174DZA2,Di_3_methoxytyramine_37165,0.0
A0A174DZA2,Di_3_methoxytyramine_39396,0.0
A0A174DZA2,Di_GABA_33328,284790.8922521326
A0A174DZA2,Di_GABA_36169,83105.93197605289
A0A174DZA2,Di_alanine_27176,0.0
A0A174DZA2,Di_alanine_35826,10677.070643222538
A0A174DZA2,Di_alanine_37411,626668.7724706508
A0A174DZA2,Di_citrulline_22104,0.0
A0A174DZA2,Di_citrulline_31270,0.0
A0A174DZA2,Di_dopamine_34015,0.0
A0A174DZA2,Di_dopamine_38088,0.0
A0A174DZA2,Di_glutamine_30065,0.0
A0A174DZA2,Di_glutamine_30067,0.0
A0A174DZA2,Di_glutamine_31254,0.0
A0A174DZA2,Di_glycine_27361,7254461.172657132
A0A174DZA2,Di_glycine_34166,22214259.405486833
A0A174DZA2,Di_glycine_34738,2029397.4537328472
A0A174DZA2,Di_lysine_25070,0.0
A0A174DZA2,Di_methionine_34896,0.0
A0A174DZA2,Di_ornithine_15391,0.0
A0A174DZA2,Di_ornithine_17963,0.0
A0A174DZA2,Di_ornithine_22619,0.0
A0A174DZA2,Di_ornithine_25325,0.0
A0A174DZA2,Di_phenylalanine_22687,0.0
A0A174DZA2,Di_phenylalanine_39833,312865.09153951233
A0A174DZA2,Di_serine_32622,59023.88192236965
A0A174DZA2,Di_taurine_19595,0.0
A0A174DZA2,Di_taurine_29331,18340068.088336356
A0A174DZA2,Di_taurine_30261,0.0
A0A174DZA2,Di_threonine_23465,5957.6143617413945
A0A174DZA2,Di_threonine_33288,0.0
A0A174DZA2,Di_unconjugated_34634,0.0
A0A174DZA2,Mono_2_aminophenol_41901,0.0
A0A174DZA2,Mono_2_aminophenol_45657,1223.8448161519407
A0A174DZA2,Mono_GABA_40494,74764.25909849252
A0A174DZA2,Mono_alanine_40140,119126.96235391725
A0A174DZA2,Mono_glutamine_37103,9247.217781878097
A0A174DZA2,Mono_glycine_38634,20997150.11120116
A0A174DZA2,Mono_lysine_32192,0.0
A0A174DZA2,Mono_methionine_41397,0.0
A0A174DZA2,Mono_ornithine_31596,0.0
A0A174DZA2,Mono_ornithine_33494,981.3782431787145
A0A174DZA2,Mono_phenylalanine_41412,0.0
A0A174DZA2,Mono_serotonin_42743,0.0
A0A174DZA2,Mono_taurine_35357,78750904.09258576
A0A174DZA2,Mono_tyramine_38979,23536.657452443476
A0A174DZA2,"Tri_2,3_diaminopropionic acid_14940",0.0
A0A174DZA2,"Tri_2,3_diaminopropionic acid_17863",0.0
A0A174DZA2,"Tri_2,3_diaminopropionic acid_17869",0.0
A0A174DZA2,"Tri_2,3_diaminopropionic acid_18373",72263.58622949972
A0A174DZA2,Tri_2_aminophenol_35037,33259.8608533169
A0A174DZA2,Tri_2_aminophenol_39976,457281.0989770136
A0A174DZA2,Tri_3_methoxytyramine_36008,0.0
A0A174DZA2,Tri_GABA_22882,357661.3881320859
A0A174DZA2,Tri_GABA_26794,1650526.7019520886
A0A174DZA2,Tri_GABA_M+H2O_23885,111586.79282235994
A0A174DZA2,Tri_alanine_28457,55661.300263552126
A0A174DZA2,Tri_arginine_18281,0.0
A0A174DZA2,Tri_asparagine_20433,279992.75739262585
A0A174DZA2,Tri_cadaverine_19586,0.0
A0A174DZA2,Tri_citrulline_22220,0.0
A0A174DZA2,Tri_cystine_19329,0.0
A0A174DZA2,Tri_dopamine_32050,53513.66295787341
A0A174DZA2,Tri_dopamine_32195,0.0
A0A174DZA2,Tri_glutamine_22099,0.0
A0A174DZA2,Tri_glycine_25947,295099.2281470164
A0A174DZA2,Tri_glyglycine_20401,0.0
A0A174DZA2,Tri_histidine_17315,0.0
A0A174DZA2,Tri_methionine_33885,4677.403532330055
A0A174DZA2,Tri_ornithine_17210,0.0
A0A174DZA2,Tri_phenylalanine_22512,0.0
A0A174DZA2,Tri_phenylalanine_37508,0.0
A0A174DZA2,Tri_phenylalanine_40024,128728.1737864182
A0A174DZA2,Tri_proline_M+NH4_18411,0.0
A0A174DZA2,Tri_putrescine_18433,0.0
A0A174DZA2,Tri_serine_23158,0.0
A0A174DZA2,Tri_taurine_20369,0.0
A0A174DZA2,Tri_tryptamine_38723,0.0
A0A174MBD8,"3a,7a,12k_alanine_20366",0.0
A0A174MBD8,"3a,7a,12k_lysine_23168",0.0
A0A174MBD8,3a12k_serine_27652,4738.435718495915
A0A174MBD8,3a12k_taurine_22309,48044447.11704801
A0A174MBD8,3a7a12k_taurine_14542,47103729.4724937
A0A174MBD8,3a7k_citrulline_24966,0.0
A0A174MBD8,3a7k_glutamine_24909,0.0
A0A174MBD8,3a7k_serine_26456,0.0
A0A174MBD8,3a7k_threonine_27078,0.0
A0A174MBD8,3k12a_lysine_23849,0.0
A0A174MBD8,3k7a_glutamine_29953,0.0
A0A174MBD8,3k7a_proline_M+NH4_21780,0.0
A0A174MBD8,"Di_2,3_diaminopropionic acid_14073",0.0
A0A174MBD8,Di_2_aminophenol_36589,0.0
A0A174MBD8,Di_2_aminophenol_40269,0.0
A0A174MBD8,Di_3_methoxytyramine_37128,0.0
A0A174MBD8,Di_3_methoxytyramine_37165,0.0
A0A174MBD8,Di_3_methoxytyramine_39396,0.0
A0A174MBD8,Di_GABA_33328,2602.716874872626
A0A174MBD8,Di_GABA_36169,36577.33697716409
A0A174MBD8,Di_alanine_27176,0.0
A0A174MBD8,Di_alanine_35826,0.0
A0A174MBD8,Di_alanine_37411,209714.33813122747
A0A174MBD8,Di_citrulline_22104,0.0
A0A174MBD8,Di_citrulline_31270,0.0
A0A174MBD8,Di_dopamine_34015,0.0
A0A174MBD8,Di_dopamine_38088,0.0
A0A174MBD8,Di_glutamine_30065,0.0
A0A174MBD8,Di_glutamine_30067,0.0
A0A174MBD8,Di_glutamine_31254,0.0
A0A174MBD8,Di_glycine_27361,4610368.168883127
A0A174MBD8,Di_glycine_34166,9234807.128059017
A0A174MBD8,Di_glycine_34738,790159.5237646872
A0A174MBD8,Di_lysine_25070,0.0
A0A174MBD8,Di_methionine_34896,0.0
A0A174MBD8,Di_ornithine_15391,0.0
A0A174MBD8,Di_ornithine_17963,0.0
A0A174MBD8,Di_ornithine_22619,0.0
A0A174MBD8,Di_ornithine_25325,0.0
A0A174MBD8,Di_phenylalanine_22687,0.0
A0A174MBD8,Di_phenylalanine_39833,83194.87929387769
A0A174MBD8,Di_serine_32622,0.0
A0A174MBD8,Di_taurine_19595,2886.8031779070398
A0A174MBD8,Di_taurine_29331,8470536.946903305
A0A174MBD8,Di_taurine_30261,0.0
A0A174MBD8,Di_threonine_23465,0.0
A0A174MBD8,Di_threonine_33288,0.0
A0A174MBD8,Di_unconjugated_34634,0.0
A0A174MBD8,Mono_2_aminophenol_41901,0.0
A0A174MBD8,Mono_2_aminophenol_45657,342.9261625981845
A0A174MBD8,Mono_GABA_40494,23149.009910843874
A0A174MBD8,Mono_alanine_40140,19234.434203626366
A0A174MBD8,Mono_glutamine_37103,3928.5401523781557
A0A174MBD8,Mono_glycine_38634,8367226.449095518
A0A174MBD8,Mono_lysine_32192,0.0
A0A174MBD8,Mono_methionine_41397,0.0
A0A174MBD8,Mono_ornithine_31596,0.0
A0A174MBD8,Mono_ornithine_33494,0.0
A0A174MBD8,Mono_phenylalanine_41412,0.0
A0A174MBD8,Mono_serotonin_42743,0.0
A0A174MBD8,Mono_taurine_35357,33002948.90296633
A0A174MBD8,Mono_tyramine_38979,0.0
A0A174MBD8,"Tri_2,3_diaminopropionic acid_14940",0.0
A0A174MBD8,"Tri_2,3_diaminopropionic acid_17863",0.0
A0A174MBD8,"Tri_2,3_diaminopropionic acid_17869",0.0
A0A174MBD8,"Tri_2,3_diaminopropionic acid_18373",0.0
A0A174MBD8,Tri_2_aminophenol_35037,0.0
A0A174MBD8,Tri_2_aminophenol_39976,1370.491081523504
A0A174MBD8,Tri_3_methoxytyramine_36008,0.0
A0A174MBD8,Tri_GABA_22882,140996.86733882772
A0A174MBD8,Tri_GABA_26794,779846.4197249527
A0A174MBD8,Tri_GABA_M+H2O_23885,0.0
A0A174MBD8,Tri_alanine_28457,838.6500554780973
A0A174MBD8,Tri_arginine_18281,0.0
A0A174MBD8,Tri_asparagine_20433,107100.18255145864
A0A174MBD8,Tri_cadaverine_19586,0.0
A0A174MBD8,Tri_citrulline_22220,0.0
A0A174MBD8,Tri_cystine_19329,0.0
A0A174MBD8,Tri_dopamine_32050,7435.277055634975
A0A174MBD8,Tri_dopamine_32195,0.0
A0A174MBD8,Tri_glutamine_22099,0.0
A0A174MBD8,Tri_glycine_25947,358538.84336537786
A0A174MBD8,Tri_glyglycine_20401,0.0
A0A174MBD8,Tri_histidine_17315,0.0
A0A174MBD8,Tri_methionine_33885,0.0
A0A174MBD8,Tri_ornithine_17210,0.0
A0A174MBD8,Tri_phenylalanine_22512,0.0
A0A174MBD8,Tri_phenylalanine_37508,2080.3875663356707
A0A174MBD8,Tri_phenylalanine_40024,36772.60847845688
A0A174MBD8,Tri_proline_M+NH4_18411,0.0
A0A174MBD8,Tri_putrescine_18433,0.0
A0A174MBD8,Tri_serine_23158,0.0
A0A174MBD8,Tri_taurine_20369,0.0
A0A174MBD8,Tri_tryptamine_38723,0.0
A0A174YG41,"3a,7a,12k_alanine_20366",0.0
A0A174YG41,"3a,7a,12k_lysine_23168",0.0
A0A174YG41,3a12k_serine_27652,0.0
A0A174YG41,3a12k_taurine_22309,98516.32379344461
A0A174YG41,3a7a12k_taurine_14542,75431.45125963472
A0A174YG41,3a7k_citrulline_24966,0.0
A0A174YG41,3a7k_glutamine_24909,0.0
A0A174YG41,3a7k_serine_26456,0.0
A0A174YG41,3a7k_threonine_27078,0.0
A0A174YG41,3k12a_lysine_23849,0.0
A0A174YG41,3k7a_glutamine_29953,0.0
A0A174YG41,3k7a_proline_M+NH4_21780,0.0
A0A174YG41,"Di_2,3_diaminopropionic acid_14073",0.0
A0A174YG41,Di_2_aminophenol_36589,0.0
A0A174YG41,Di_2_aminophenol_40269,0.0
A0A174YG41,Di_3_methoxytyramine_37128,0.0
A0A174YG41,Di_3_methoxytyramine_37165,0.0
A0A174YG41,Di_3_methoxytyramine_39396,0.0
A0A174YG41,Di_GABA_33328,0.0
A0A174YG41,Di_GABA_36169,0.0
A0A174YG41,Di_alanine_27176,0.0
A0A174YG41,Di_alanine_35826,0.0
A0A174YG41,Di_alanine_37411,0.0
A0A174YG41,Di_citrulline_22104,0.0
A0A174YG41,Di_citrulline_31270,0.0
A0A174YG41,Di_dopamine_34015,0.0
A0A174YG41,Di_dopamine_38088,0.0
A0A174YG41,Di_glutamine_30065,0.0
A0A174YG41,Di_glutamine_30067,0.0
A0A174YG41,Di_glutamine_31254,0.0
A0A174YG41,Di_glycine_27361,46063.174733572865
A0A174YG41,Di_glycine_34166,48444.223846753455
A0A174YG41,Di_glycine_34738,0.0
A0A174YG41,Di_lysine_25070,0.0
A0A174YG41,Di_methionine_34896,0.0
A0A174YG41,Di_ornithine_15391,0.0
A0A174YG41,Di_ornithine_17963,0.0
A0A174YG41,Di_ornithine_22619,0.0
A0A174YG41,Di_ornithine_25325,0.0
A0A174YG41,Di_phenylalanine_22687,0.0
A0A174YG41,Di_phenylalanine_39833,0.0
A0A174YG41,Di_serine_32622,0.0
A0A174YG41,Di_taurine_19595,0.0
A0A174YG41,Di_taurine_29331,120962.60067048292
A0A174YG41,Di_taurine_30261,0.0
A0A174YG41,Di_threonine_23465,0.0
A0A174YG41,Di_threonine_33288,0.0
A0A174YG41,Di_unconjugated_34634,0.0
A0A174YG41,Mono_2_aminophenol_41901,0.0
A0A174YG41,Mono_2_aminophenol_45657,0.0
A0A174YG41,Mono_GABA_40494,0.0
A0A174YG41,Mono_alanine_40140,0.0
A0A174YG41,Mono_glutamine_37103,0.0
A0A174YG41,Mono_glycine_38634,197123.08989712046
A0A174YG41,Mono_lysine_32192,0.0
A0A174YG41,Mono_methionine_41397,0.0
A0A174YG41,Mono_ornithine_31596,0.0
A0A174YG41,Mono_ornithine_33494,0.0
A0A174YG41,Mono_phenylalanine_41412,0.0
A0A174YG41,Mono_serotonin_42743,0.0
A0A174YG41,Mono_taurine_35357,151404.35960150464
A0A174YG41,Mono_tyramine_38979,0.0
A0A174YG41,"Tri_2,3_diaminopropionic acid_14940",0.0
A0A174YG41,"Tri_2,3_diaminopropionic acid_17863",0.0
A0A174YG41,"Tri_2,3_diaminopropionic acid_17869",0.0
A0A174YG41,"Tri_2,3_diaminopropionic acid_18373",0.0
A0A174YG41,Tri_2_aminophenol_35037,0.0
A0A174YG41,Tri_2_aminophenol_39976,0.0
A0A174YG41,Tri_3_methoxytyramine_36008,0.0
A0A174YG41,Tri_GABA_22882,0.0
A0A174YG41,Tri_GABA_26794,0.0
A0A174YG41,Tri_GABA_M+H2O_23885,0.0
A0A174YG41,Tri_alanine_28457,0.0
A0A174YG41,Tri_arginine_18281,0.0
A0A174YG41,Tri_asparagine_20433,0.0
A0A174YG41,Tri_cadaverine_19586,0.0
A0A174YG41,Tri_citrulline_22220,0.0
A0A174YG41,Tri_cystine_19329,0.0
A0A174YG41,Tri_dopamine_32050,0.0
A0A174YG41,Tri_dopamine_32195,0.0
A0A174YG41,Tri_glutamine_22099,0.0
A0A174YG41,Tri_glycine_25947,0.0
A0A174YG41,Tri_glyglycine_20401,0.0
A0A174YG41,Tri_histidine_17315,0.0
A0A174YG41,Tri_methionine_33885,0.0
A0A174YG41,Tri_ornithine_17210,0.0
A0A174YG41,Tri_phenylalanine_22512,0.0
A0A174YG41,Tri_phenylalanine_37508,0.0
A0A174YG41,Tri_phenylalanine_40024,0.0
A0A174YG41,Tri_proline_M+NH4_18411,0.0
A0A174YG41,Tri_putrescine_18433,0.0
A0A174YG41,Tri_serine_23158,0.0
A0A174YG41,Tri_taurine_20369,0.0
A0A174YG41,Tri_tryptamine_38723,0.0
A0A174Z2R4,"3a,7a,12k_alanine_20366",0.0
A0A174Z2R4,"3a,7a,12k_lysine_23168",0.0
A0A174Z2R4,3a12k_serine_27652,0.0
A0A174Z2R4,3a12k_taurine_22309,66714.79693843311
A0A174Z2R4,3a7a12k_taurine_14542,64232.55830263616
A0A174Z2R4,3a7k_citrulline_24966,0.0
A0A174Z2R4,3a7k_glutamine_24909,0.0
A0A174Z2R4,3a7k_serine_26456,0.0
A0A174Z2R4,3a7k_threonine_27078,0.0
A0A174Z2R4,3k12a_lysine_23849,0.0
A0A174Z2R4,3k7a_glutamine_29953,0.0
A0A174Z2R4,3k7a_proline_M+NH4_21780,0.0
A0A174Z2R4,"Di_2,3_diaminopropionic acid_14073",0.0
A0A174Z2R4,Di_2_aminophenol_36589,0.0
A0A174Z2R4,Di_2_aminophenol_40269,0.0
A0A174Z2R4,Di_3_methoxytyramine_37128,0.0
A0A174Z2R4,Di_3_methoxytyramine_37165,0.0
A0A174Z2R4,Di_3_methoxytyramine_39396,0.0
A0A174Z2R4,Di_GABA_33328,0.0
A0A174Z2R4,Di_GABA_36169,0.0
A0A174Z2R4,Di_alanine_27176,0.0
A0A174Z2R4,Di_alanine_35826,0.0
A0A174Z2R4,Di_alanine_37411,0.0
A0A174Z2R4,Di_citrulline_22104,0.0
A0A174Z2R4,Di_citrulline_31270,0.0
A0A174Z2R4,Di_dopamine_34015,0.0
A0A174Z2R4,Di_dopamine_38088,0.0
A0A174Z2R4,Di_glutamine_30065,0.0
A0A174Z2R4,Di_glutamine_30067,0.0
A0A174Z2R4,Di_glutamine_31254,0.0
A0A174Z2R4,Di_glycine_27361,96653.21811690133
A0A174Z2R4,Di_glycine_34166,136787.4566188831
A0A174Z2R4,Di_glycine_34738,0.0
A0A174Z2R4,Di_lysine_25070,0.0
A0A174Z2R4,Di_methionine_34896,0.0
A0A174Z2R4,Di_ornithine_15391,0.0
A0A174Z2R4,Di_ornithine_17963,0.0
A0A174Z2R4,Di_ornithine_22619,0.0
A0A174Z2R4,Di_ornithine_25325,0.0
A0A174Z2R4,Di_phenylalanine_22687,0.0
A0A174Z2R4,Di_phenylalanine_39833,0.0
A0A174Z2R4,Di_serine_32622,0.0
A0A174Z2R4,Di_taurine_19595,0.0
A0A174Z2R4,Di_taurine_29331,69779.35883615733
A0A174Z2R4,Di_taurine_30261,0.0
A0A174Z2R4,Di_threonine_23465,0.0
A0A174Z2R4,Di_threonine_33288,0.0
A0A174Z2R4,Di_unconjugated_34634,0.0
A0A174Z2R4,Mono_2_aminophenol_41901,0.0
A0A174Z2R4,Mono_2_aminophenol_45657,0.0
A0A174Z2R4,Mono_GABA_40494,0.0
A0A174Z2R4,Mono_alanine_40140,0.0
A0A174Z2R4,Mono_glutamine_37103,0.0
A0A174Z2R4,Mono_glycine_38634,361611.82097198174
A0A174Z2R4,Mono_lysine_32192,0.0
A0A174Z2R4,Mono_methionine_41397,0.0
A0A174Z2R4,Mono_ornithine_31596,0.0
A0A174Z2R4,Mono_ornithine_33494,0.0
A0A174Z2R4,Mono_phenylalanine_41412,0.0
A0A174Z2R4,Mono_serotonin_42743,0.0
A0A174Z2R4,Mono_taurine_35357,109252.40079087506
A0A174Z2R4,Mono_tyramine_38979,0.0
A0A174Z2R4,"Tri_2,3_diaminopropionic acid_14940",0.0
A0A174Z2R4,"Tri_2,3_diaminopropionic acid_17863",0.0
A0A174Z2R4,"Tri_2,3_diaminopropionic acid_17869",0.0
A0A174Z2R4,"Tri_2,3_diaminopropionic acid_18373",0.0
A0A174Z2R4,Tri_2_aminophenol_35037,0.0
A0A174Z2R4,Tri_2_aminophenol_39976,0.0
A0A174Z2R4,Tri_3_methoxytyramine_36008,0.0
A0A174Z2R4,Tri_GABA_22882,0.0
A0A174Z2R4,Tri_GABA_26794,0.0
A0A174Z2R4,Tri_GABA_M+H2O_23885,0.0
A0A174Z2R4,Tri_alanine_28457,0.0
A0A174Z2R4,Tri_arginine_18281,0.0
A0A174Z2R4,Tri_asparagine_20433,0.0
A0A174Z2R4,Tri_cadaverine_19586,0.0
A0A174Z2R4,Tri_citrulline_22220,0.0
A0A174Z2R4,Tri_cystine_19329,0.0
A0A174Z2R4,Tri_dopamine_32050,0.0
A0A174Z2R4,Tri_dopamine_32195,0.0
A0A174Z2R4,Tri_glutamine_22099,0.0
A0A174Z2R4,Tri_glycine_25947,0.0
A0A174Z2R4,Tri_glyglycine_20401,0.0
A0A174Z2R4,Tri_histidine_17315,0.0
A0A174Z2R4,Tri_methionine_33885,0.0
A0A174Z2R4,Tri_ornithine_17210,0.0
A0A174Z2R4,Tri_phenylalanine_22512,0.0
A0A174Z2R4,Tri_phenylalanine_37508,0.0
A0A174Z2R4,Tri_phenylalanine_40024,0.0
A0A174Z2R4,Tri_proline_M+NH4_18411,0.0
A0A174Z2R4,Tri_putrescine_18433,0.0
A0A174Z2R4,Tri_serine_23158,0.0
A0A174Z2R4,Tri_taurine_20369,0.0
A0A174Z2R4,Tri_tryptamine_38723,0.0
A0A174ZD20,"3a,7a,12k_alanine_20366",198731.48493251394
A0A174ZD20,"3a,7a,12k_lysine_23168",210496.09839504096
A0A174ZD20,3a12k_serine_27652,222095.11805416096
A0A174ZD20,3a12k_taurine_22309,69834747.7147878
A0A174ZD20,3a7a12k_taurine_14542,57345331.58288644
A0A174ZD20,3a7k_citrulline_24966,0.0
A0A174ZD20,3a7k_glutamine_24909,7847.938843534976
A0A174ZD20,3a7k_serine_26456,69610.0161575739
A0A174ZD20,3a7k_threonine_27078,50003.267160886506
A0A174ZD20,3k12a_lysine_23849,0.0
A0A174ZD20,3k7a_glutamine_29953,0.0
A0A174ZD20,3k7a_proline_M+NH4_21780,0.0
A0A174ZD20,"Di_2,3_diaminopropionic acid_14073",0.0
A0A174ZD20,Di_2_aminophenol_36589,34760.455479519704
A0A174ZD20,Di_2_aminophenol_40269,83090.46612626144
A0A174ZD20,Di_3_methoxytyramine_37128,0.0
A0A174ZD20,Di_3_methoxytyramine_37165,0.0
A0A174ZD20,Di_3_methoxytyramine_39396,0.0
A0A174ZD20,Di_GABA_33328,140188.54808146288
A0A174ZD20,Di_GABA_36169,61543.978572838736
A0A174ZD20,Di_alanine_27176,2082.82901847199
A0A174ZD20,Di_alanine_35826,145173.79396221534
A0A174ZD20,Di_alanine_37411,562569.4603766098
A0A174ZD20,Di_citrulline_22104,0.0
A0A174ZD20,Di_citrulline_31270,1875.535794926338
A0A174ZD20,Di_dopamine_34015,0.0
A0A174ZD20,Di_dopamine_38088,0.0
A0A174ZD20,Di_glutamine_30065,0.0
A0A174ZD20,Di_glutamine_30067,4066.4357708016705
A0A174ZD20,Di_glutamine_31254,6091.912943028877
A0A174ZD20,Di_glycine_27361,5249626.6414030725
A0A174ZD20,Di_glycine_34166,6357045.924578057
A0A174ZD20,Di_glycine_34738,1790170.8215956707
A0A174ZD20,Di_lysine_25070,0.0
A0A174ZD20,Di_methionine_34896,0.0
A0A174ZD20,Di_ornithine_15391,0.0
A0A174ZD20,Di_ornithine_17963,0.0
A0A174ZD20,Di_ornithine_22619,0.0
A0A174ZD20,Di_ornithine_25325,3768.0966268959482
A0A174ZD20,Di_phenylalanine_22687,1939.6746240284806
A0A174ZD20,Di_phenylalanine_39833,101684.37618676377
A0A174ZD20,Di_serine_32622,30397.83323570012
A0A174ZD20,Di_taurine_19595,0.0
A0A174ZD20,Di_taurine_29331,22517128.4752834
A0A174ZD20,Di_taurine_30261,9583.763627236045
A0A174ZD20,Di_threonine_23465,8511.175125518082
A0A174ZD20,Di_threonine_33288,7194.544152028035
A0A174ZD20,Di_unconjugated_34634,103484.32790322787
A0A174ZD20,Mono_2_aminophenol_41901,0.0
A0A174ZD20,Mono_2_aminophenol_45657,4421.839306553926
A0A174ZD20,Mono_GABA_40494,35279.98236642213
A0A174ZD20,Mono_alanine_40140,311636.9688834716
A0A174ZD20,Mono_glutamine_37103,0.0
A0A174ZD20,Mono_glycine_38634,14502158.55635017
A0A174ZD20,Mono_lysine_32192,0.0
A0A174ZD20,Mono_methionine_41397,11615.83881666185
A0A174ZD20,Mono_ornithine_31596,0.0
A0A174ZD20,Mono_ornithine_33494,0.0
A0A174ZD20,Mono_phenylalanine_41412,16294.145390529387
A0A174ZD20,Mono_serotonin_42743,6841.771568552566
A0A174ZD20,Mono_taurine_35357,50351434.97092152
A0A174ZD20,Mono_tyramine_38979,0.0
A0A174ZD20,"Tri_2,3_diaminopropionic acid_14940",0.0
A0A174ZD20,"Tri_2,3_diaminopropionic acid_17863",0.0
A0A174ZD20,"Tri_2,3_diaminopropionic acid_17869",54065.01723077074
A0A174ZD20,"Tri_2,3_diaminopropionic acid_18373",525122.010342491
A0A174ZD20,Tri_2_aminophenol_35037,186748.78001225967
A0A174ZD20,Tri_2_aminophenol_39976,525381.7470798747
A0A174ZD20,Tri_3_methoxytyramine_36008,0.0
A0A174ZD20,Tri_GABA_22882,225580.6159314248
A0A174ZD20,Tri_GABA_26794,612485.4958100541
A0A174ZD20,Tri_GABA_M+H2O_23885,125704.82804146901
A0A174ZD20,Tri_alanine_28457,196920.40083231576
A0A174ZD20,Tri_arginine_18281,0.0
A0A174ZD20,Tri_asparagine_20433,862402.8492173861
A0A174ZD20,Tri_cadaverine_19586,0.0
A0A174ZD20,Tri_citrulline_22220,0.0
A0A174ZD20,Tri_cystine_19329,2294.227611997622
A0A174ZD20,Tri_dopamine_32050,38381.2721910504
A0A174ZD20,Tri_dopamine_32195,0.0
A0A174ZD20,Tri_glutamine_22099,0.0
A0A174ZD20,Tri_glycine_25947,71961.07670883388
A0A174ZD20,Tri_glyglycine_20401,35621.450999912326
A0A174ZD20,Tri_histidine_17315,0.0
A0A174ZD20,Tri_methionine_33885,63952.93868750774
A0A174ZD20,Tri_ornithine_17210,0.0
A0A174ZD20,Tri_phenylalanine_22512,11831.797835370548
A0A174ZD20,Tri_phenylalanine_37508,40913.153050512126
A0A174ZD20,Tri_phenylalanine_40024,119034.88250132605
A0A174ZD20,Tri_proline_M+NH4_18411,0.0
A0A174ZD20,Tri_putrescine_18433,0.0
A0A174ZD20,Tri_serine_23158,15304.115863732583
A0A174ZD20,Tri_taurine_20369,0.0
A0A174ZD20,Tri_tryptamine_38723,0.0
A0A1C5L0B6,"3a,7a,12k_alanine_20366",0.0
A0A1C5L0B6,"3a,7a,12k_lysine_23168",0.0
A0A1C5L0B6,3a12k_serine_27652,182.06818796431287
A0A1C5L0B6,3a12k_taurine_22309,63013.3277488247
A0A1C5L0B6,3a7a12k_taurine_14542,41744.43869929758
A0A1C5L0B6,3a7k_citrulline_24966,0.0
A0A1C5L0B6,3a7k_glutamine_24909,0.0
A0A1C5L0B6,3a7k_serine_26456,150.46039097459453
A0A1C5L0B6,3a7k_threonine_27078,0.0
A0A1C5L0B6,3k12a_lysine_23849,0.0
A0A1C5L0B6,3k7a_glutamine_29953,0.0
A0A1C5L0B6,3k7a_proline_M+NH4_21780,0.0
A0A1C5L0B6,"Di_2,3_diaminopropionic acid_14073",0.0
A0A1C5L0B6,Di_2_aminophenol_36589,0.0
A0A1C5L0B6,Di_2_aminophenol_40269,0.0
A0A1C5L0B6,Di_3_methoxytyramine_37128,0.0
A0A1C5L0B6,Di_3_methoxytyramine_37165,0.0
A0A1C5L0B6,Di_3_methoxytyramine_39396,0.0
A0A1C5L0B6,Di_GABA_33328,0.0
A0A1C5L0B6,Di_GABA_36169,0.0
A0A1C5L0B6,Di_alanine_27176,0.0
A0A1C5L0B6,Di_alanine_35826,0.0
A0A1C5L0B6,Di_alanine_37411,0.0
A0A1C5L0B6,Di_citrulline_22104,0.0
A0A1C5L0B6,Di_citrulline_31270,0.0
A0A1C5L0B6,Di_dopamine_34015,0.0
A0A1C5L0B6,Di_dopamine_38088,0.0
A0A1C5L0B6,Di_glutamine_30065,0.0
A0A1C5L0B6,Di_glutamine_30067,0.0
A0A1C5L0B6,Di_glutamine_31254,0.0
A0A1C5L0B6,Di_glycine_27361,63535.75756351584
A0A1C5L0B6,Di_glycine_34166,65327.35918714624
A0A1C5L0B6,Di_glycine_34738,0.0
A0A1C5L0B6,Di_lysine_25070,0.0
A0A1C5L0B6,Di_methionine_34896,0.0
A0A1C5L0B6,Di_ornithine_15391,0.0
A0A1C5L0B6,Di_ornithine_17963,0.0
A0A1C5L0B6,Di_ornithine_22619,0.0
A0A1C5L0B6,Di_ornithine_25325,0.0
A0A1C5L0B6,Di_phenylalanine_22687,0.0
A0A1C5L0B6,Di_phenylalanine_39833,0.0
A0A1C5L0B6,Di_serine_32622,0.0
A0A1C5L0B6,Di_taurine_19595,0.0
A0A1C5L0B6,Di_taurine_29331,81267.13425597145
A0A1C5L0B6,Di_taurine_30261,0.0
A0A1C5L0B6,Di_threonine_23465,0.0
A0A1C5L0B6,Di_threonine_33288,0.0
A0A1C5L0B6,Di_unconjugated_34634,0.0
A0A1C5L0B6,Mono_2_aminophenol_41901,0.0
A0A1C5L0B6,Mono_2_aminophenol_45657,0.0
A0A1C5L0B6,Mono_GABA_40494,0.0
A0A1C5L0B6,Mono_alanine_40140,0.0
A0A1C5L0B6,Mono_glutamine_37103,0.0
A0A1C5L0B6,Mono_glycine_38634,191135.17936862592
A0A1C5L0B6,Mono_lysine_32192,0.0
A0A1C5L0B6,Mono_methionine_41397,0.0
A0A1C5L0B6,Mono_ornithine_31596,0.0
A0A1C5L0B6,Mono_ornithine_33494,0.0
A0A1C5L0B6,Mono_phenylalanine_41412,0.0
A0A1C5L0B6,Mono_serotonin_42743,0.0
A0A1C5L0B6,Mono_taurine_35357,84154.31000490104
A0A1C5L0B6,Mono_tyramine_38979,0.0
A0A1C5L0B6,"Tri_2,3_diaminopropionic acid_14940",0.0
A0A1C5L0B6,"Tri_2,3_diaminopropionic acid_17863",0.0
A0A1C5L0B6,"Tri_2,3_diaminopropionic acid_17869",0.0
A0A1C5L0B6,"Tri_2,3_diaminopropionic acid_18373",0.0
A0A1C5L0B6,Tri_2_aminophenol_35037,0.0
A0A1C5L0B6,Tri_2_aminophenol_39976,0.0
A0A1C5L0B6,Tri_3_methoxytyramine_36008,0.0
A0A1C5L0B6,Tri_GABA_22882,0.0
A0A1C5L0B6,Tri_GABA_26794,0.0
A0A1C5L0B6,Tri_GABA_M+H2O_23885,0.0
A0A1C5L0B6,Tri_alanine_28457,0.0
A0A1C5L0B6,Tri_arginine_18281,0.0
A0A1C5L0B6,Tri_asparagine_20433,0.0
A0A1C5L0B6,Tri_cadaverine_19586,0.0
A0A1C5L0B6,Tri_citrulline_22220,0.0
A0A1C5L0B6,Tri_cystine_19329,0.0
A0A1C5L0B6,Tri_dopamine_32050,0.0
A0A1C5L0B6,Tri_dopamine_32195,0.0
A0A1C5L0B6,Tri_glutamine_22099,0.0
A0A1C5L0B6,Tri_glycine_25947,0.0
A0A1C5L0B6,Tri_glyglycine_20401,0.0
A0A1C5L0B6,Tri_histidine_17315,0.0
A0A1C5L0B6,Tri_methionine_33885,0.0
A0A1C5L0B6,Tri_ornithine_17210,0.0
A0A1C5L0B6,Tri_phenylalanine_22512,0.0
A0A1C5L0B6,Tri_phenylalanine_37508,0.0
A0A1C5L0B6,Tri_phenylalanine_40024,0.0
A0A1C5L0B6,Tri_proline_M+NH4_18411,0.0
A0A1C5L0B6,Tri_putrescine_18433,0.0
A0A1C5L0B6,Tri_serine_23158,0.0
A0A1C5L0B6,Tri_taurine_20369,0.0
A0A1C5L0B6,Tri_tryptamine_38723,0.0
A0A1C5LGL2,"3a,7a,12k_alanine_20366",354874.8505420211
A0A1C5LGL2,"3a,7a,12k_lysine_23168",160169.91397364045
A0A1C5LGL2,3a12k_serine_27652,219456.20495029248
A0A1C5LGL2,3a12k_taurine_22309,136728319.95095408
A0A1C5LGL2,3a7a12k_taurine_14542,145553299.12546527
A0A1C5LGL2,3a7k_citrulline_24966,0.0
A0A1C5LGL2,3a7k_glutamine_24909,36632.548646477866
A0A1C5LGL2,3a7k_serine_26456,31158.987793485663
A0A1C5LGL2,3a7k_threonine_27078,56633.438431679155
A0A1C5LGL2,3k12a_lysine_23849,0.0
A0A1C5LGL2,3k7a_glutamine_29953,1016.093951847342
A0A1C5LGL2,3k7a_proline_M+NH4_21780,0.0
A0A1C5LGL2,"Di_2,3_diaminopropionic acid_14073",0.0
A0A1C5LGL2,Di_2_aminophenol_36589,39176.48001639286
A0A1C5LGL2,Di_2_aminophenol_40269,4314.057028086023
A0A1C5LGL2,Di_3_methoxytyramine_37128,0.0
A0A1C5LGL2,Di_3_methoxytyramine_37165,0.0
A0A1C5LGL2,Di_3_methoxytyramine_39396,0.0
A0A1C5LGL2,Di_GABA_33328,341475.1850477841
A0A1C5LGL2,Di_GABA_36169,124273.13028326232
A0A1C5LGL2,Di_alanine_27176,0.0
A0A1C5LGL2,Di_alanine_35826,156555.41290081598
A0A1C5LGL2,Di_alanine_37411,1884797.6031807421
A0A1C5LGL2,Di_citrulline_22104,0.0
A0A1C5LGL2,Di_citrulline_31270,0.0
A0A1C5LGL2,Di_dopamine_34015,0.0
A0A1C5LGL2,Di_dopamine_38088,0.0
A0A1C5LGL2,Di_glutamine_30065,1374.310284047601
A0A1C5LGL2,Di_glutamine_30067,17917.42942682501
A0A1C5LGL2,Di_glutamine_31254,19036.912138656015
A0A1C5LGL2,Di_glycine_27361,5644359.857825409
A0A1C5LGL2,Di_glycine_34166,12831539.462659447
A0A1C5LGL2,Di_glycine_34738,3815108.854418707
A0A1C5LGL2,Di_lysine_25070,909.7507290623439
A0A1C5LGL2,Di_methionine_34896,0.0
A0A1C5LGL2,Di_ornithine_15391,0.0
A0A1C5LGL2,Di_ornithine_17963,0.0
A0A1C5LGL2,Di_ornithine_22619,0.0
A0A1C5LGL2,Di_ornithine_25325,1270.4120293496876
A0A1C5LGL2,Di_phenylalanine_22687,12858.877796597706
A0A1C5LGL2,Di_phenylalanine_39833,136063.33078588924
A0A1C5LGL2,Di_serine_32622,128725.79565163136
A0A1C5LGL2,Di_taurine_19595,14733.883548238913
A0A1C5LGL2,Di_taurine_29331,51036783.04918225
A0A1C5LGL2,Di_taurine_30261,6405.3372205140795
A0A1C5LGL2,Di_threonine_23465,13535.686935762555
A0A1C5LGL2,Di_threonine_33288,3954.6831117641555
A0A1C5LGL2,Di_unconjugated_34634,82207.23447373859
A0A1C5LGL2,Mono_2_aminophenol_41901,0.0
A0A1C5LGL2,Mono_2_aminophenol_45657,16712.541147164142
A0A1C5LGL2,Mono_GABA_40494,69448.96975237918
A0A1C5LGL2,Mono_alanine_40140,631454.2532998344
A0A1C5LGL2,Mono_glutamine_37103,9716.568388269749
A0A1C5LGL2,Mono_glycine_38634,22344284.945398543
A0A1C5LGL2,Mono_lysine_32192,0.0
A0A1C5LGL2,Mono_methionine_41397,14023.885984041799
A0A1C5LGL2,Mono_ornithine_31596,0.0
A0A1C5LGL2,Mono_ornithine_33494,1146.25165509902
A0A1C5LGL2,Mono_phenylalanine_41412,0.0
A0A1C5LGL2,Mono_serotonin_42743,0.0
A0A1C5LGL2,Mono_taurine_35357,111898898.71912394
A0A1C5LGL2,Mono_tyramine_38979,45939.67965224319
A0A1C5LGL2,"Tri_2,3_diaminopropionic acid_14940",11680.46352948485
A0A1C5LGL2,"Tri_2,3_diaminopropionic acid_17863",0.0
A0A1C5LGL2,"Tri_2,3_diaminopropionic acid_17869",24709.45190651019
A0A1C5LGL2,"Tri_2,3_diaminopropionic acid_18373",451375.54525965377
A0A1C5LGL2,Tri_2_aminophenol_35037,33487.33617972599
A0A1C5LGL2,Tri_2_aminophenol_39976,319447.2114041506
A0A1C5LGL2,Tri_3_methoxytyramine_36008,0.0
A0A1C5LGL2,Tri_GABA_22882,423750.6660352262
A0A1C5LGL2,Tri_GABA_26794,2306956.886737654
A0A1C5LGL2,Tri_GABA_M+H2O_23885,223745.54390297068
A0A1C5LGL2,Tri_alanine_28457,516566.8951380236
A0A1C5LGL2,Tri_arginine_18281,0.0
A0A1C5LGL2,Tri_asparagine_20433,777993.5005150437
A0A1C5LGL2,Tri_cadaverine_19586,0.0
A0A1C5LGL2,Tri_citrulline_22220,0.0
A0A1C5LGL2,Tri_cystine_19329,0.0
A0A1C5LGL2,Tri_dopamine_32050,74634.02770707269
A0A1C5LGL2,Tri_dopamine_32195,0.0
A0A1C5LGL2,Tri_glutamine_22099,0.0
A0A1C5LGL2,Tri_glycine_25947,377854.4875269189
A0A1C5LGL2,Tri_glyglycine_20401,6839.515272090741
A0A1C5LGL2,Tri_histidine_17315,0.0
A0A1C5LGL2,Tri_methionine_33885,61302.41918237458
A0A1C5LGL2,Tri_ornithine_17210,0.0
A0A1C5LGL2,Tri_phenylalanine_22512,0.0
A0A1C5LGL2,Tri_phenylalanine_37508,32544.194744099
A0A1C5LGL2,Tri_phenylalanine_40024,156354.19281575264
A0A1C5LGL2,Tri_proline_M+NH4_18411,0.0
A0A1C5LGL2,Tri_putrescine_18433,0.0
A0A1C5LGL2,Tri_serine_23158,7835.189403640441
A0A1C5LGL2,Tri_taurine_20369,0.0
A0A1C5LGL2,Tri_tryptamine_38723,0.0
A0A1C5M2J2,"3a,7a,12k_alanine_20366",797043.3342995696
A0A1C5M2J2,"3a,7a,12k_lysine_23168",462015.9310891528
A0A1C5M2J2,3a12k_serine_27652,700706.0491003107
A0A1C5M2J2,3a12k_taurine_22309,60409439.53998455
A0A1C5M2J2,3a7a12k_taurine_14542,10368547.679922098
A0A1C5M2J2,3a7k_citrulline_24966,0.0
A0A1C5M2J2,3a7k_glutamine_24909,14298.678961688502
A0A1C5M2J2,3a7k_serine_26456,472846.7222841054
A0A1C5M2J2,3a7k_threonine_27078,187370.40048008648
A0A1C5M2J2,3k12a_lysine_23849,0.0
A0A1C5M2J2,3k7a_glutamine_29953,0.0
A0A1C5M2J2,3k7a_proline_M+NH4_21780,0.0
A0A1C5M2J2,"Di_2,3_diaminopropionic acid_14073",0.0
A0A1C5M2J2,Di_2_aminophenol_36589,60457.80881455069
A0A1C5M2J2,Di_2_aminophenol_40269,50347.77066341616
A0A1C5M2J2,Di_3_methoxytyramine_37128,4425.054214011633
A0A1C5M2J2,Di_3_methoxytyramine_37165,0.0
A0A1C5M2J2,Di_3_methoxytyramine_39396,0.0
A0A1C5M2J2,Di_GABA_33328,220806.8264074357
A0A1C5M2J2,Di_GABA_36169,49889.51731788174
A0A1C5M2J2,Di_alanine_27176,41305.46828292063
A0A1C5M2J2,Di_alanine_35826,319943.16702059726
A0A1C5M2J2,Di_alanine_37411,795319.306708799
A0A1C5M2J2,Di_citrulline_22104,0.0
A0A1C5M2J2,Di_citrulline_31270,7411.84745748777
A0A1C5M2J2,Di_dopamine_34015,0.0
A0A1C5M2J2,Di_dopamine_38088,0.0
A0A1C5M2J2,Di_glutamine_30065,10686.404771192618
A0A1C5M2J2,Di_glutamine_30067,39767.24493336368
A0A1C5M2J2,Di_glutamine_31254,0.0
A0A1C5M2J2,Di_glycine_27361,2247153.8310054904
A0A1C5M2J2,Di_glycine_34166,2007385.7995714461
A0A1C5M2J2,Di_glycine_34738,861743.637021396
A0A1C5M2J2,Di_lysine_25070,12922.262070472358
A0A1C5M2J2,Di_methionine_34896,2462.8948687823754
A0A1C5M2J2,Di_ornithine_15391,0.0
A0A1C5M2J2,Di_ornithine_17963,0.0
A0A1C5M2J2,Di_ornithine_22619,0.0
A0A1C5M2J2,Di_ornithine_25325,0.0
A0A1C5M2J2,Di_phenylalanine_22687,5415.428710916056
A0A1C5M2J2,Di_phenylalanine_39833,64898.79414097504
A0A1C5M2J2,Di_serine_32622,74923.14298826511
A0A1C5M2J2,Di_taurine_19595,0.0
A0A1C5M2J2,Di_taurine_29331,6251389.916226625
A0A1C5M2J2,Di_taurine_30261,17277.87148810751
A0A1C5M2J2,Di_threonine_23465,9417.585272117702
A0A1C5M2J2,Di_threonine_33288,50292.0537530828
A0A1C5M2J2,Di_unconjugated_34634,261374.57455650897
A0A1C5M2J2,Mono_2_aminophenol_41901,0.0
A0A1C5M2J2,Mono_2_aminophenol_45657,1795.6945354821967
A0A1C5M2J2,Mono_GABA_40494,36712.4615196166
A0A1C5M2J2,Mono_alanine_40140,376617.4460297395
A0A1C5M2J2,Mono_glutamine_37103,0.0
A0A1C5M2J2,Mono_glycine_38634,5040259.942398915
A0A1C5M2J2,Mono_lysine_32192,0.0
A0A1C5M2J2,Mono_methionine_41397,9011.811998176117
A0A1C5M2J2,Mono_ornithine_31596,0.0
A0A1C5M2J2,Mono_ornithine_33494,0.0
A0A1C5M2J2,Mono_phenylalanine_41412,13013.3429518901
A0A1C5M2J2,Mono_serotonin_42743,5179.721333299868
A0A1C5M2J2,Mono_taurine_35357,30428713.268278938
A0A1C5M2J2,Mono_tyramine_38979,0.0
A0A1C5M2J2,"Tri_2,3_diaminopropionic acid_14940",197385.8086986303
A0A1C5M2J2,"Tri_2,3_diaminopropionic acid_17863",0.0
A0A1C5M2J2,"Tri_2,3_diaminopropionic acid_17869",207729.90328588238
A0A1C5M2J2,"Tri_2,3_diaminopropionic acid_18373",2090169.0442865365
A0A1C5M2J2,Tri_2_aminophenol_35037,189534.21003009685
A0A1C5M2J2,Tri_2_aminophenol_39976,224557.1599894438
A0A1C5M2J2,Tri_3_methoxytyramine_36008,0.0
A0A1C5M2J2,Tri_GABA_22882,0.0
A0A1C5M2J2,Tri_GABA_26794,77148.30701173488
A0A1C5M2J2,Tri_GABA_M+H2O_23885,238240.33106260686
A0A1C5M2J2,Tri_alanine_28457,115766.50139253736
A0A1C5M2J2,Tri_arginine_18281,8350.16880964822
A0A1C5M2J2,Tri_asparagine_20433,1802725.4648501817
A0A1C5M2J2,Tri_cadaverine_19586,0.0
A0A1C5M2J2,Tri_citrulline_22220,25851.565477393782
A0A1C5M2J2,Tri_cystine_19329,0.0
A0A1C5M2J2,Tri_dopamine_32050,29144.254764635254
A0A1C5M2J2,Tri_dopamine_32195,0.0
A0A1C5M2J2,Tri_glutamine_22099,13645.322411470748
A0A1C5M2J2,Tri_glycine_25947,0.0
A0A1C5M2J2,Tri_glyglycine_20401,137561.22346289852
A0A1C5M2J2,Tri_histidine_17315,94890.17466193654
A0A1C5M2J2,Tri_methionine_33885,173411.26436486945
A0A1C5M2J2,Tri_ornithine_17210,2186.5703093819816
A0A1C5M2J2,Tri_phenylalanine_22512,61165.0764100098
A0A1C5M2J2,Tri_phenylalanine_37508,98547.16973550624
A0A1C5M2J2,Tri_phenylalanine_40024,193620.88155065285
A0A1C5M2J2,Tri_proline_M+NH4_18411,0.0
A0A1C5M2J2,Tri_putrescine_18433,0.0
A0A1C5M2J2,Tri_serine_23158,34450.359454049045
A0A1C5M2J2,Tri_taurine_20369,0.0
A0A1C5M2J2,Tri_tryptamine_38723,0.0
A0A1C5MIH1,"3a,7a,12k_alanine_20366",175524.21238319733
A0A1C5MIH1,"3a,7a,12k_lysine_23168",11664.79276491704
A0A1C5MIH1,3a12k_serine_27652,65512.58098421559
A0A1C5MIH1,3a12k_taurine_22309,62987054.18215314
A0A1C5MIH1,3a7a12k_taurine_14542,69034959.89448288
A0A1C5MIH1,3a7k_citrulline_24966,0.0
A0A1C5MIH1,3a7k_glutamine_24909,1549.2513551897284
A0A1C5MIH1,3a7k_serine_26456,0.0
A0A1C5MIH1,3a7k_threonine_27078,4769.509848412973
A0A1C5MIH1,3k12a_lysine_23849,0.0
A0A1C5MIH1,3k7a_glutamine_29953,0.0
A0A1C5MIH1,3k7a_proline_M+NH4_21780,4053.0298686300443
A0A1C5MIH1,"Di_2,3_diaminopropionic acid_14073",0.0
A0A1C5MIH1,Di_2_aminophenol_36589,310280.83891322935
A0A1C5MIH1,Di_2_aminophenol_40269,364008.3817524896
A0A1C5MIH1,Di_3_methoxytyramine_37128,0.0
A0A1C5MIH1,Di_3_methoxytyramine_37165,0.0
A0A1C5MIH1,Di_3_methoxytyramine_39396,0.0
A0A1C5MIH1,Di_GABA_33328,611871.0482244964
A0A1C5MIH1,Di_GABA_36169,49861.18652573919
A0A1C5MIH1,Di_alanine_27176,0.0
A0A1C5MIH1,Di_alanine_35826,46558.77119055935
A0A1C5MIH1,Di_alanine_37411,350459.64254082
A0A1C5MIH1,Di_citrulline_22104,0.0
A0A1C5MIH1,Di_citrulline_31270,0.0
A0A1C5MIH1,Di_dopamine_34015,0.0
A0A1C5MIH1,Di_dopamine_38088,0.0
A0A1C5MIH1,Di_glutamine_30065,0.0
A0A1C5MIH1,Di_glutamine_30067,0.0
A0A1C5MIH1,Di_glutamine_31254,980.7070154317249
A0A1C5MIH1,Di_glycine_27361,5733618.237927055
A0A1C5MIH1,Di_glycine_34166,14344586.804570343
A0A1C5MIH1,Di_glycine_34738,1469885.1164147318
A0A1C5MIH1,Di_lysine_25070,0.0
A0A1C5MIH1,Di_methionine_34896,0.0
A0A1C5MIH1,Di_ornithine_15391,0.0
A0A1C5MIH1,Di_ornithine_17963,0.0
A0A1C5MIH1,Di_ornithine_22619,0.0
A0A1C5MIH1,Di_ornithine_25325,3270.3278652057425
A0A1C5MIH1,Di_phenylalanine_22687,0.0
A0A1C5MIH1,Di_phenylalanine_39833,87554.24095672673
A0A1C5MIH1,Di_serine_32622,61451.52151741342
A0A1C5MIH1,Di_taurine_19595,0.0
A0A1C5MIH1,Di_taurine_29331,5656518.977703178
A0A1C5MIH1,Di_taurine_30261,1849.3006375405216
A0A1C5MIH1,Di_threonine_23465,1496.6559410265945
A0A1C5MIH1,Di_threonine_33288,0.0
A0A1C5MIH1,Di_unconjugated_34634,0.0
A0A1C5MIH1,Mono_2_aminophenol_41901,2017.5676186966957
A0A1C5MIH1,Mono_2_aminophenol_45657,1440.9710041093426
A0A1C5MIH1,Mono_GABA_40494,41496.69398233715
A0A1C5MIH1,Mono_alanine_40140,73793.07231754003
A0A1C5MIH1,Mono_glutamine_37103,2797.951105712547
A0A1C5MIH1,Mono_glycine_38634,9998330.578728661
A0A1C5MIH1,Mono_lysine_32192,0.0
A0A1C5MIH1,Mono_methionine_41397,0.0
A0A1C5MIH1,Mono_ornithine_31596,0.0
A0A1C5MIH1,Mono_ornithine_33494,3759.375403616845
A0A1C5MIH1,Mono_phenylalanine_41412,6823.941465701177
A0A1C5MIH1,Mono_serotonin_42743,3561.2357060089307
A0A1C5MIH1,Mono_taurine_35357,42870440.379687175
A0A1C5MIH1,Mono_tyramine_38979,100466.35294476156
A0A1C5MIH1,"Tri_2,3_diaminopropionic acid_14940",0.0
A0A1C5MIH1,"Tri_2,3_diaminopropionic acid_17863",0.0
A0A1C5MIH1,"Tri_2,3_diaminopropionic acid_17869",0.0
A0A1C5MIH1,"Tri_2,3_diaminopropionic acid_18373",125228.74725644666
A0A1C5MIH1,Tri_2_aminophenol_35037,153332.73941831154
A0A1C5MIH1,Tri_2_aminophenol_39976,1491987.1608895771
A0A1C5MIH1,Tri_3_methoxytyramine_36008,0.0
A0A1C5MIH1,Tri_GABA_22882,219527.54419929947
A0A1C5MIH1,Tri_GABA_26794,1232093.2221337177
A0A1C5MIH1,Tri_GABA_M+H2O_23885,199199.83133320697
A0A1C5MIH1,Tri_alanine_28457,46051.851697568825
A0A1C5MIH1,Tri_arginine_18281,0.0
A0A1C5MIH1,Tri_asparagine_20433,180789.45732238863
A0A1C5MIH1,Tri_cadaverine_19586,0.0
A0A1C5MIH1,Tri_citrulline_22220,0.0
A0A1C5MIH1,Tri_cystine_19329,0.0
A0A1C5MIH1,Tri_dopamine_32050,39694.59721191153
A0A1C5MIH1,Tri_dopamine_32195,0.0
A0A1C5MIH1,Tri_glutamine_22099,0.0
A0A1C5MIH1,Tri_glycine_25947,204410.27435076996
A0A1C5MIH1,Tri_glyglycine_20401,0.0
A0A1C5MIH1,Tri_histidine_17315,0.0
A0A1C5MIH1,Tri_methionine_33885,5906.107887527191
A0A1C5MIH1,Tri_ornithine_17210,0.0
A0A1C5MIH1,Tri_phenylalanine_22512,0.0
A0A1C5MIH1,Tri_phenylalanine_37508,5957.713087658144
A0A1C5MIH1,Tri_phenylalanine_40024,62945.54215600183
A0A1C5MIH1,Tri_proline_M+NH4_18411,0.0
A0A1C5MIH1,Tri_putrescine_18433,0.0
A0A1C5MIH1,Tri_serine_23158,0.0
A0A1C5MIH1,Tri_taurine_20369,0.0
A0A1C5MIH1,Tri_tryptamine_38723,0.0
A0A1C5MV31,"3a,7a,12k_alanine_20366",0.0
A0A1C5MV31,"3a,7a,12k_lysine_23168",0.0
A0A1C5MV31,3a12k_serine_27652,0.0
A0A1C5MV31,3a12k_taurine_22309,29142.119047332915
A0A1C5MV31,3a7a12k_taurine_14542,26539.749537038715
A0A1C5MV31,3a7k_citrulline_24966,0.0
A0A1C5MV31,3a7k_glutamine_24909,0.0
A0A1C5MV31,3a7k_serine_26456,0.0
A0A1C5MV31,3a7k_threonine_27078,0.0
A0A1C5MV31,3k12a_lysine_23849,0.0
A0A1C5MV31,3k7a_glutamine_29953,0.0
A0A1C5MV31,3k7a_proline_M+NH4_21780,0.0
A0A1C5MV31,"Di_2,3_diaminopropionic acid_14073",0.0
A0A1C5MV31,Di_2_aminophenol_36589,0.0
A0A1C5MV31,Di_2_aminophenol_40269,0.0
A0A1C5MV31,Di_3_methoxytyramine_37128,0.0
A0A1C5MV31,Di_3_methoxytyramine_37165,0.0
A0A1C5MV31,Di_3_methoxytyramine_39396,0.0
A0A1C5MV31,Di_GABA_33328,0.0
A0A1C5MV31,Di_GABA_36169,0.0
A0A1C5MV31,Di_alanine_27176,0.0
A0A1C5MV31,Di_alanine_35826,0.0
A0A1C5MV31,Di_alanine_37411,0.0
A0A1C5MV31,Di_citrulline_22104,0.0
A0A1C5MV31,Di_citrulline_31270,0.0
A0A1C5MV31,Di_dopamine_34015,0.0
A0A1C5MV31,Di_dopamine_38088,0.0
A0A1C5MV31,Di_glutamine_30065,0.0
A0A1C5MV31,Di_glutamine_30067,0.0
A0A1C5MV31,Di_glutamine_31254,0.0
A0A1C5MV31,Di_glycine_27361,13218.881689292673
A0A1C5MV31,Di_glycine_34166,9477.566402362805
A0A1C5MV31,Di_glycine_34738,0.0
A0A1C5MV31,Di_lysine_25070,0.0
A0A1C5MV31,Di_methionine_34896,0.0
A0A1C5MV31,Di_ornithine_15391,0.0
A0A1C5MV31,Di_ornithine_17963,0.0
A0A1C5MV31,Di_ornithine_22619,0.0
A0A1C5MV31,Di_ornithine_25325,0.0
A0A1C5MV31,Di_phenylalanine_22687,0.0
A0A1C5MV31,Di_phenylalanine_39833,0.0
A0A1C5MV31,Di_serine_32622,0.0
A0A1C5MV31,Di_taurine_19595,0.0
A0A1C5MV31,Di_taurine_29331,28341.549830525015
A0A1C5MV31,Di_taurine_30261,0.0
A0A1C5MV31,Di_threonine_23465,0.0
A0A1C5MV31,Di_threonine_33288,0.0
A0A1C5MV31,Di_unconjugated_34634,0.0
A0A1C5MV31,Mono_2_aminophenol_41901,0.0
A0A1C5MV31,Mono_2_aminophenol_45657,0.0
A0A1C5MV31,Mono_GABA_40494,0.0
A0A1C5MV31,Mono_alanine_40140,0.0
A0A1C5MV31,Mono_glutamine_37103,0.0
A0A1C5MV31,Mono_glycine_38634,40096.08048288921
A0A1C5MV31,Mono_lysine_32192,0.0
A0A1C5MV31,Mono_methionine_41397,0.0
A0A1C5MV31,Mono_ornithine_31596,0.0
A0A1C5MV31,Mono_ornithine_33494,0.0
A0A1C5MV31,Mono_phenylalanine_41412,0.0
A0A1C5MV31,Mono_serotonin_42743,0.0
A0A1C5MV31,Mono_taurine_35357,25669.013330305166
A0A1C5MV31,Mono_tyramine_38979,0.0
A0A1C5MV31,"Tri_2,3_diaminopropionic acid_14940",0.0
A0A1C5MV31,"Tri_2,3_diaminopropionic acid_17863",0.0
A0A1C5MV31,"Tri_2,3_diaminopropionic acid_17869",0.0
A0A1C5MV31,"Tri_2,3_diaminopropionic acid_18373",0.0
A0A1C5MV31,Tri_2_aminophenol_35037,0.0
A0A1C5MV31,Tri_2_aminophenol_39976,0.0
A0A1C5MV31,Tri_3_methoxytyramine_36008,0.0
A0A1C5MV31,Tri_GABA_22882,0.0
A0A1C5MV31,Tri_GABA_26794,0.0
A0A1C5MV31,Tri_GABA_M+H2O_23885,0.0
A0A1C5MV31,Tri_alanine_28457,0.0
A0A1C5MV31,Tri_arginine_18281,0.0
A0A1C5MV31,Tri_asparagine_20433,0.0
A0A1C5MV31,Tri_cadaverine_19586,0.0
A0A1C5MV31,Tri_citrulline_22220,0.0
A0A1C5MV31,Tri_cystine_19329,0.0
A0A1C5MV31,Tri_dopamine_32050,0.0
A0A1C5MV31,Tri_dopamine_32195,0.0
A0A1C5MV31,Tri_glutamine_22099,0.0
A0A1C5MV31,Tri_glycine_25947,0.0
A0A1C5MV31,Tri_glyglycine_20401,0.0
A0A1C5MV31,Tri_histidine_17315,0.0
A0A1C5MV31,Tri_methionine_33885,0.0
A0A1C5MV31,Tri_ornithine_17210,0.0
A0A1C5MV31,Tri_phenylalanine_22512,0.0
A0A1C5MV31,Tri_phenylalanine_37508,0.0
A0A1C5MV31,Tri_phenylalanine_40024,0.0
A0A1C5MV31,Tri_proline_M+NH4_18411,0.0
A0A1C5MV31,Tri_putrescine_18433,0.0
A0A1C5MV31,Tri_serine_23158,0.0
A0A1C5MV31,Tri_taurine_20369,0.0
A0A1C5MV31,Tri_tryptamine_38723,0.0
A0A1C5PCN0,"3a,7a,12k_alanine_20366",946269.6663146275
A0A1C5PCN0,"3a,7a,12k_lysine_23168",403301.7605664699
A0A1C5PCN0,3a12k_serine_27652,593847.1170783612
A0A1C5PCN0,3a12k_taurine_22309,43430042.72066434
A0A1C5PCN0,3a7a12k_taurine_14542,50540890.051795885
A0A1C5PCN0,3a7k_citrulline_24966,1023.1614079410194
A0A1C5PCN0,3a7k_glutamine_24909,27451.7930429525
A0A1C5PCN0,3a7k_serine_26456,317065.30025302037
A0A1C5PCN0,3a7k_threonine_27078,135110.84345040147
A0A1C5PCN0,3k12a_lysine_23849,0.0
A0A1C5PCN0,3k7a_glutamine_29953,4170.709626289134
A0A1C5PCN0,3k7a_proline_M+NH4_21780,0.0
A0A1C5PCN0,"Di_2,3_diaminopropionic acid_14073",0.0
A0A1C5PCN0,Di_2_aminophenol_36589,303160.7935266982
A0A1C5PCN0,Di_2_aminophenol_40269,164115.63683540997
A0A1C5PCN0,Di_3_methoxytyramine_37128,2154.0188000807516
A0A1C5PCN0,Di_3_methoxytyramine_37165,0.0
A0A1C5PCN0,Di_3_methoxytyramine_39396,0.0
A0A1C5PCN0,Di_GABA_33328,412804.46883681853
A0A1C5PCN0,Di_GABA_36169,66270.45965400444
A0A1C5PCN0,Di_alanine_27176,8335.59077837582
A0A1C5PCN0,Di_alanine_35826,245630.1611212343
A0A1C5PCN0,Di_alanine_37411,735146.9565270046
A0A1C5PCN0,Di_citrulline_22104,5248.0033330560445
A0A1C5PCN0,Di_citrulline_31270,65371.68895971915
A0A1C5PCN0,Di_dopamine_34015,0.0
A0A1C5PCN0,Di_dopamine_38088,0.0
A0A1C5PCN0,Di_glutamine_30065,4314.848292622334
A0A1C5PCN0,Di_glutamine_30067,18079.32780794633
A0A1C5PCN0,Di_glutamine_31254,31917.09287813472
A0A1C5PCN0,Di_glycine_27361,1390760.0937406293
A0A1C5PCN0,Di_glycine_34166,1921597.4922126571
A0A1C5PCN0,Di_glycine_34738,755451.0399900147
A0A1C5PCN0,Di_lysine_25070,39413.90950647998
A0A1C5PCN0,Di_methionine_34896,10271.852982946966
A0A1C5PCN0,Di_ornithine_15391,0.0
A0A1C5PCN0,Di_ornithine_17963,0.0
A0A1C5PCN0,Di_ornithine_22619,0.0
A0A1C5PCN0,Di_ornithine_25325,15240.807959749229
A0A1C5PCN0,Di_phenylalanine_22687,26818.60656434872
A0A1C5PCN0,Di_phenylalanine_39833,80736.56718255421
A0A1C5PCN0,Di_serine_32622,198964.8971420036
A0A1C5PCN0,Di_taurine_19595,4120.018817537004
A0A1C5PCN0,Di_taurine_29331,21589254.19969373
A0A1C5PCN0,Di_taurine_30261,12012.139542720039
A0A1C5PCN0,Di_threonine_23465,21973.32464097241
A0A1C5PCN0,Di_threonine_33288,22714.32634119625
A0A1C5PCN0,Di_unconjugated_34634,217917.35736294297
A0A1C5PCN0,Mono_2_aminophenol_41901,0.0
A0A1C5PCN0,Mono_2_aminophenol_45657,1253.5064942098277
A0A1C5PCN0,Mono_GABA_40494,24573.707237415372
A0A1C5PCN0,Mono_alanine_40140,428101.2811229088
A0A1C5PCN0,Mono_glutamine_37103,0.0
A0A1C5PCN0,Mono_glycine_38634,2682081.6928047026
A0A1C5PCN0,Mono_lysine_32192,951.3130366208616
A0A1C5PCN0,Mono_methionine_41397,41385.66720091975
A0A1C5PCN0,Mono_ornithine_31596,0.0
A0A1C5PCN0,Mono_ornithine_33494,0.0
A0A1C5PCN0,Mono_phenylalanine_41412,127679.69906756727
A0A1C5PCN0,Mono_serotonin_42743,4008.62870897804
A0A1C5PCN0,Mono_taurine_35357,31991497.029058162
A0A1C5PCN0,Mono_tyramine_38979,54808.10672075764
A0A1C5PCN0,"Tri_2,3_diaminopropionic acid_14940",33511.23460196035
A0A1C5PCN0,"Tri_2,3_diaminopropionic acid_17863",0.0
A0A1C5PCN0,"Tri_2,3_diaminopropionic acid_17869",88696.2836019015
A0A1C5PCN0,"Tri_2,3_diaminopropionic acid_18373",907702.9185655363
A0A1C5PCN0,Tri_2_aminophenol_35037,257668.62456041938
A0A1C5PCN0,Tri_2_aminophenol_39976,1167846.9268978941
A0A1C5PCN0,Tri_3_methoxytyramine_36008,0.0
A0A1C5PCN0,Tri_GABA_22882,74722.85019369918
A0A1C5PCN0,Tri_GABA_26794,180051.06984558218
A0A1C5PCN0,Tri_GABA_M+H2O_23885,252692.2284232909
A0A1C5PCN0,Tri_alanine_28457,258986.94330023878
A0A1C5PCN0,Tri_arginine_18281,33845.68215464189
A0A1C5PCN0,Tri_asparagine_20433,1421250.741894795
A0A1C5PCN0,Tri_cadaverine_19586,0.0
A0A1C5PCN0,Tri_citrulline_22220,43956.26428950907
A0A1C5PCN0,Tri_cystine_19329,17270.41816056106
A0A1C5PCN0,Tri_dopamine_32050,37757.14056279103
A0A1C5PCN0,Tri_dopamine_32195,0.0
A0A1C5PCN0,Tri_glutamine_22099,27523.372757457673
A0A1C5PCN0,Tri_glycine_25947,0.0
A0A1C5PCN0,Tri_glyglycine_20401,107854.11537644146
A0A1C5PCN0,Tri_histidine_17315,0.0
A0A1C5PCN0,Tri_methionine_33885,240027.65673692702
A0A1C5PCN0,Tri_ornithine_17210,0.0
A0A1C5PCN0,Tri_phenylalanine_22512,67563.69009513759
A0A1C5PCN0,Tri_phenylalanine_37508,126640.70143960301
A0A1C5PCN0,Tri_phenylalanine_40024,157292.02947137906
A0A1C5PCN0,Tri_proline_M+NH4_18411,0.0
A0A1C5PCN0,Tri_putrescine_18433,0.0
A0A1C5PCN0,Tri_serine_23158,30745.590429991735
A0A1C5PCN0,Tri_taurine_20369,0.0
A0A1C5PCN0,Tri_tryptamine_38723,0.0
A0A1C5QNJ0,"3a,7a,12k_alanine_20366",330266.119197036
A0A1C5QNJ0,"3a,7a,12k_lysine_23168",164107.04640372095
A0A1C5QNJ0,3a12k_serine_27652,177669.9592803335
A0A1C5QNJ0,3a12k_taurine_22309,55537021.54110794
A0A1C5QNJ0,3a7a12k_taurine_14542,65427980.568383545
A0A1C5QNJ0,3a7k_citrulline_24966,0.0
A0A1C5QNJ0,3a7k_glutamine_24909,6789.7792340429805
A0A1C5QNJ0,3a7k_serine_26456,75407.20150837999
A0A1C5QNJ0,3a7k_threonine_27078,27986.31945555579
A0A1C5QNJ0,3k12a_lysine_23849,0.0
A0A1C5QNJ0,3k7a_glutamine_29953,0.0
A0A1C5QNJ0,3k7a_proline_M+NH4_21780,0.0
A0A1C5QNJ0,"Di_2,3_diaminopropionic acid_14073",0.0
A0A1C5QNJ0,Di_2_aminophenol_36589,31075.518529080433
A0A1C5QNJ0,Di_2_aminophenol_40269,21514.48575065378
A0A1C5QNJ0,Di_3_methoxytyramine_37128,0.0
A0A1C5QNJ0,Di_3_methoxytyramine_37165,0.0
A0A1C5QNJ0,Di_3_methoxytyramine_39396,0.0
A0A1C5QNJ0,Di_GABA_33328,240022.43918327763
A0A1C5QNJ0,Di_GABA_36169,57645.23796846651
A0A1C5QNJ0,Di_alanine_27176,3593.0237959127558
A0A1C5QNJ0,Di_alanine_35826,143394.52208653867
A0A1C5QNJ0,Di_alanine_37411,554206.1994333813
A0A1C5QNJ0,Di_citrulline_22104,0.0
A0A1C5QNJ0,Di_citrulline_31270,0.0
A0A1C5QNJ0,Di_dopamine_34015,0.0
A0A1C5QNJ0,Di_dopamine_38088,0.0
A0A1C5QNJ0,Di_glutamine_30065,0.0
A0A1C5QNJ0,Di_glutamine_30067,2117.873330970404
A0A1C5QNJ0,Di_glutamine_31254,3263.187898099334
A0A1C5QNJ0,Di_glycine_27361,4367778.675411785
A0A1C5QNJ0,Di_glycine_34166,2831474.5077925525
A0A1C5QNJ0,Di_glycine_34738,1260269.8430748698
A0A1C5QNJ0,Di_lysine_25070,0.0
A0A1C5QNJ0,Di_methionine_34896,0.0
A0A1C5QNJ0,Di_ornithine_15391,0.0
A0A1C5QNJ0,Di_ornithine_17963,0.0
A0A1C5QNJ0,Di_ornithine_22619,0.0
A0A1C5QNJ0,Di_ornithine_25325,551.5016238561604
A0A1C5QNJ0,Di_phenylalanine_22687,0.0
A0A1C5QNJ0,Di_phenylalanine_39833,93065.20258615351
A0A1C5QNJ0,Di_serine_32622,5709.531517606222
A0A1C5QNJ0,Di_taurine_19595,0.0
A0A1C5QNJ0,Di_taurine_29331,13203978.695122473
A0A1C5QNJ0,Di_taurine_30261,10474.30778474391
A0A1C5QNJ0,Di_threonine_23465,2346.294148658815
A0A1C5QNJ0,Di_threonine_33288,4320.526415974591
A0A1C5QNJ0,Di_unconjugated_34634,142499.8039134613
A0A1C5QNJ0,Mono_2_aminophenol_41901,0.0
A0A1C5QNJ0,Mono_2_aminophenol_45657,4058.0944280761196
A0A1C5QNJ0,Mono_GABA_40494,24609.232048641294
A0A1C5QNJ0,Mono_alanine_40140,216735.30216176147
A0A1C5QNJ0,Mono_glutamine_37103,0.0
A0A1C5QNJ0,Mono_glycine_38634,9437546.499717617
A0A1C5QNJ0,Mono_lysine_32192,0.0
A0A1C5QNJ0,Mono_methionine_41397,3445.6509915691768
A0A1C5QNJ0,Mono_ornithine_31596,0.0
A0A1C5QNJ0,Mono_ornithine_33494,0.0
A0A1C5QNJ0,Mono_phenylalanine_41412,0.0
A0A1C5QNJ0,Mono_serotonin_42743,6282.624688104925
A0A1C5QNJ0,Mono_taurine_35357,21484106.488331914
A0A1C5QNJ0,Mono_tyramine_38979,0.0
A0A1C5QNJ0,"Tri_2,3_diaminopropionic acid_14940",13499.923394482475
A0A1C5QNJ0,"Tri_2,3_diaminopropionic acid_17863",0.0
A0A1C5QNJ0,"Tri_2,3_diaminopropionic acid_17869",32367.24683175507
A0A1C5QNJ0,"Tri_2,3_diaminopropionic acid_18373",866839.4324762255
A0A1C5QNJ0,Tri_2_aminophenol_35037,185466.5875727893
A0A1C5QNJ0,Tri_2_aminophenol_39976,259017.31430404994
A0A1C5QNJ0,Tri_3_methoxytyramine_36008,0.0
A0A1C5QNJ0,Tri_GABA_22882,198679.28635744742
A0A1C5QNJ0,Tri_GABA_26794,459416.16188329074
A0A1C5QNJ0,Tri_GABA_M+H2O_23885,210570.19572559497
A0A1C5QNJ0,Tri_alanine_28457,185063.1188722042
A0A1C5QNJ0,Tri_arginine_18281,0.0
A0A1C5QNJ0,Tri_asparagine_20433,1060024.208283732
A0A1C5QNJ0,Tri_cadaverine_19586,0.0
A0A1C5QNJ0,Tri_citrulline_22220,0.0
A0A1C5QNJ0,Tri_cystine_19329,0.0
A0A1C5QNJ0,Tri_dopamine_32050,35178.19997858794
A0A1C5QNJ0,Tri_dopamine_32195,0.0
A0A1C5QNJ0,Tri_glutamine_22099,0.0
A0A1C5QNJ0,Tri_glycine_25947,401639.8326335143
A0A1C5QNJ0,Tri_glyglycine_20401,71110.87263561154
A0A1C5QNJ0,Tri_histidine_17315,0.0
A0A1C5QNJ0,Tri_methionine_33885,45036.6702466842
A0A1C5QNJ0,Tri_ornithine_17210,0.0
A0A1C5QNJ0,Tri_phenylalanine_22512,2971.5677456588437
A0A1C5QNJ0,Tri_phenylalanine_37508,11462.339849085995
A0A1C5QNJ0,Tri_phenylalanine_40024,72145.51345314292
A0A1C5QNJ0,Tri_proline_M+NH4_18411,0.0
A0A1C5QNJ0,Tri_putrescine_18433,0.0
A0A1C5QNJ0,Tri_serine_23158,11004.466190172288
A0A1C5QNJ0,Tri_taurine_20369,0.0
A0A1C5QNJ0,Tri_tryptamine_38723,0.0
A0A1C5S406,"3a,7a,12k_alanine_20366",0.0
A0A1C5S406,"3a,7a,12k_lysine_23168",0.0
A0A1C5S406,3a12k_serine_27652,0.0
A0A1C5S406,3a12k_taurine_22309,44776.182819256544
A0A1C5S406,3a7a12k_taurine_14542,42339.28791189442
A0A1C5S406,3a7k_citrulline_24966,0.0
A0A1C5S406,3a7k_glutamine_24909,0.0
A0A1C5S406,3a7k_serine_26456,0.0
A0A1C5S406,3a7k_threonine_27078,0.0
A0A1C5S406,3k12a_lysine_23849,0.0
A0A1C5S406,3k7a_glutamine_29953,0.0
A0A1C5S406,3k7a_proline_M+NH4_21780,0.0
A0A1C5S406,"Di_2,3_diaminopropionic acid_14073",0.0
A0A1C5S406,Di_2_aminophenol_36589,0.0
A0A1C5S406,Di_2_aminophenol_40269,0.0
A0A1C5S406,Di_3_methoxytyramine_37128,0.0
A0A1C5S406,Di_3_methoxytyramine_37165,0.0
A0A1C5S406,Di_3_methoxytyramine_39396,0.0
A0A1C5S406,Di_GABA_33328,0.0
A0A1C5S406,Di_GABA_36169,0.0
A0A1C5S406,Di_alanine_27176,0.0
A0A1C5S406,Di_alanine_35826,0.0
A0A1C5S406,Di_alanine_37411,0.0
A0A1C5S406,Di_citrulline_22104,0.0
A0A1C5S406,Di_citrulline_31270,0.0
A0A1C5S406,Di_dopamine_34015,0.0
A0A1C5S406,Di_dopamine_38088,0.0
A0A1C5S406,Di_glutamine_30065,0.0
A0A1C5S406,Di_glutamine_30067,0.0
A0A1C5S406,Di_glutamine_31254,0.0
A0A1C5S406,Di_glycine_27361,27998.919930475604
A0A1C5S406,Di_glycine_34166,37767.89051670495
A0A1C5S406,Di_glycine_34738,0.0
A0A1C5S406,Di_lysine_25070,0.0
A0A1C5S406,Di_methionine_34896,0.0
A0A1C5S406,Di_ornithine_15391,0.0
A0A1C5S406,Di_ornithine_17963,0.0
A0A1C5S406,Di_ornithine_22619,0.0
A0A1C5S406,Di_ornithine_25325,0.0
A0A1C5S406,Di_phenylalanine_22687,0.0
A0A1C5S406,Di_phenylalanine_39833,0.0
A0A1C5S406,Di_serine_32622,0.0
A0A1C5S406,Di_taurine_19595,0.0
A0A1C5S406,Di_taurine_29331,59965.1453102603
A0A1C5S406,Di_taurine_30261,0.0
A0A1C5S406,Di_threonine_23465,0.0
A0A1C5S406,Di_threonine_33288,0.0
A0A1C5S406,Di_unconjugated_34634,0.0
A0A1C5S406,Mono_2_aminophenol_41901,0.0
A0A1C5S406,Mono_2_aminophenol_45657,1314.0778053017946
A0A1C5S406,Mono_GABA_40494,0.0
A0A1C5S406,Mono_alanine_40140,0.0
A0A1C5S406,Mono_glutamine_37103,0.0
A0A1C5S406,Mono_glycine_38634,165624.3285608434
A0A1C5S406,Mono_lysine_32192,0.0
A0A1C5S406,Mono_methionine_41397,0.0
A0A1C5S406,Mono_ornithine_31596,0.0
A0A1C5S406,Mono_ornithine_33494,0.0
A0A1C5S406,Mono_phenylalanine_41412,0.0
A0A1C5S406,Mono_serotonin_42743,0.0
A0A1C5S406,Mono_taurine_35357,68842.95738890348
A0A1C5S406,Mono_tyramine_38979,0.0
A0A1C5S406,"Tri_2,3_diaminopropionic acid_14940",0.0
A0A1C5S406,"Tri_2,3_diaminopropionic acid_17863",0.0
A0A1C5S406,"Tri_2,3_diaminopropionic acid_17869",0.0
A0A1C5S406,"Tri_2,3_diaminopropionic acid_18373",0.0
A0A1C5S406,Tri_2_aminophenol_35037,0.0
A0A1C5S406,Tri_2_aminophenol_39976,0.0
A0A1C5S406,Tri_3_methoxytyramine_36008,0.0
A0A1C5S406,Tri_GABA_22882,0.0
A0A1C5S406,Tri_GABA_26794,0.0
A0A1C5S406,Tri_GABA_M+H2O_23885,0.0
A0A1C5S406,Tri_alanine_28457,0.0
A0A1C5S406,Tri_arginine_18281,0.0
A0A1C5S406,Tri_asparagine_20433,0.0
A0A1C5S406,Tri_cadaverine_19586,0.0
A0A1C5S406,Tri_citrulline_22220,0.0
A0A1C5S406,Tri_cystine_19329,0.0
A0A1C5S406,Tri_dopamine_32050,0.0
A0A1C5S406,Tri_dopamine_32195,0.0
A0A1C5S406,Tri_glutamine_22099,0.0
A0A1C5S406,Tri_glycine_25947,0.0
A0A1C5S406,Tri_glyglycine_20401,0.0
A0A1C5S406,Tri_histidine_17315,0.0
A0A1C5S406,Tri_methionine_33885,0.0
A0A1C5S406,Tri_ornithine_17210,0.0
A0A1C5S406,Tri_phenylalanine_22512,0.0
A0A1C5S406,Tri_phenylalanine_37508,0.0
A0A1C5S406,Tri_phenylalanine_40024,0.0
A0A1C5S406,Tri_proline_M+NH4_18411,0.0
A0A1C5S406,Tri_putrescine_18433,0.0
A0A1C5S406,Tri_serine_23158,0.0
A0A1C5S406,Tri_taurine_20369,0.0
A0A1C5S406,Tri_tryptamine_38723,0.0
A0A1C5V0T2,"3a,7a,12k_alanine_20366",47183.960047285465
A0A1C5V0T2,"3a,7a,12k_lysine_23168",30314.710063617782
A0A1C5V0T2,3a12k_serine_27652,100480.46817320857
A0A1C5V0T2,3a12k_taurine_22309,98084164.56502925
A0A1C5V0T2,3a7a12k_taurine_14542,97609874.49918038
A0A1C5V0T2,3a7k_citrulline_24966,0.0
A0A1C5V0T2,3a7k_glutamine_24909,5463.038999948894
A0A1C5V0T2,3a7k_serine_26456,0.0
A0A1C5V0T2,3a7k_threonine_27078,7208.894838675185
A0A1C5V0T2,3k12a_lysine_23849,0.0
A0A1C5V0T2,3k7a_glutamine_29953,0.0
A0A1C5V0T2,3k7a_proline_M+NH4_21780,0.0
A0A1C5V0T2,"Di_2,3_diaminopropionic acid_14073",0.0
A0A1C5V0T2,Di_2_aminophenol_36589,17898.964883116852
A0A1C5V0T2,Di_2_aminophenol_40269,65147.83114632185
A0A1C5V0T2,Di_3_methoxytyramine_37128,0.0
A0A1C5V0T2,Di_3_methoxytyramine_37165,0.0
A0A1C5V0T2,Di_3_methoxytyramine_39396,0.0
A0A1C5V0T2,Di_GABA_33328,351600.41593299044
A0A1C5V0T2,Di_GABA_36169,74600.3832113158
A0A1C5V0T2,Di_alanine_27176,0.0
A0A1C5V0T2,Di_alanine_35826,77369.88557392044
A0A1C5V0T2,Di_alanine_37411,1041902.6957095267
A0A1C5V0T2,Di_citrulline_22104,0.0
A0A1C5V0T2,Di_citrulline_31270,0.0
A0A1C5V0T2,Di_dopamine_34015,0.0
A0A1C5V0T2,Di_dopamine_38088,0.0
A0A1C5V0T2,Di_glutamine_30065,0.0
A0A1C5V0T2,Di_glutamine_30067,0.0
A0A1C5V0T2,Di_glutamine_31254,2716.1315443734175
A0A1C5V0T2,Di_glycine_27361,10025541.014491087
A0A1C5V0T2,Di_glycine_34166,18909978.88887867
A0A1C5V0T2,Di_glycine_34738,1964765.5773730013
A0A1C5V0T2,Di_lysine_25070,0.0
A0A1C5V0T2,Di_methionine_34896,0.0
A0A1C5V0T2,Di_ornithine_15391,0.0
A0A1C5V0T2,Di_ornithine_17963,0.0
A0A1C5V0T2,Di_ornithine_22619,0.0
A0A1C5V0T2,Di_ornithine_25325,0.0
A0A1C5V0T2,Di_phenylalanine_22687,0.0
A0A1C5V0T2,Di_phenylalanine_39833,145107.70708561994
A0A1C5V0T2,Di_serine_32622,170142.29108998296
A0A1C5V0T2,Di_taurine_19595,9102.354580695497
A0A1C5V0T2,Di_taurine_29331,13109395.40073091
A0A1C5V0T2,Di_taurine_30261,1681.1355229357646
A0A1C5V0T2,Di_threonine_23465,4036.106170351289
A0A1C5V0T2,Di_threonine_33288,1275.0604156035456
A0A1C5V0T2,Di_unconjugated_34634,0.0
A0A1C5V0T2,Mono_2_aminophenol_41901,0.0
A0A1C5V0T2,Mono_2_aminophenol_45657,5774.0044646513825
A0A1C5V0T2,Mono_GABA_40494,49094.44598355043
A0A1C5V0T2,Mono_alanine_40140,377645.97298714914
A0A1C5V0T2,Mono_glutamine_37103,6034.262747307534
A0A1C5V0T2,Mono_glycine_38634,18774694.340399493
A0A1C5V0T2,Mono_lysine_32192,0.0
A0A1C5V0T2,Mono_methionine_41397,4334.821805488687
A0A1C5V0T2,Mono_ornithine_31596,0.0
A0A1C5V0T2,Mono_ornithine_33494,0.0
A0A1C5V0T2,Mono_phenylalanine_41412,9584.074658148802
A0A1C5V0T2,Mono_serotonin_42743,0.0
A0A1C5V0T2,Mono_taurine_35357,72479083.93154463
A0A1C5V0T2,Mono_tyramine_38979,30075.938779161752
A0A1C5V0T2,"Tri_2,3_diaminopropionic acid_14940",0.0
A0A1C5V0T2,"Tri_2,3_diaminopropionic acid_17863",0.0
A0A1C5V0T2,"Tri_2,3_diaminopropionic acid_17869",0.0
A0A1C5V0T2,"Tri_2,3_diaminopropionic acid_18373",37944.523850232814
A0A1C5V0T2,Tri_2_aminophenol_35037,4966.983735008288
A0A1C5V0T2,Tri_2_aminophenol_39976,124624.02017286108
A0A1C5V0T2,Tri_3_methoxytyramine_36008,0.0
A0A1C5V0T2,Tri_GABA_22882,306645.14969997364
A0A1C5V0T2,Tri_GABA_26794,1539123.4076169105
A0A1C5V0T2,Tri_GABA_M+H2O_23885,92850.0919912543
A0A1C5V0T2,Tri_alanine_28457,131408.88540802556
A0A1C5V0T2,Tri_arginine_18281,0.0
A0A1C5V0T2,Tri_asparagine_20433,234875.9725104189
A0A1C5V0T2,Tri_cadaverine_19586,0.0
A0A1C5V0T2,Tri_citrulline_22220,0.0
A0A1C5V0T2,Tri_cystine_19329,0.0
A0A1C5V0T2,Tri_dopamine_32050,45011.53173901722
A0A1C5V0T2,Tri_dopamine_32195,0.0
A0A1C5V0T2,Tri_glutamine_22099,0.0
A0A1C5V0T2,Tri_glycine_25947,533670.0233389902
A0A1C5V0T2,Tri_glyglycine_20401,0.0
A0A1C5V0T2,Tri_histidine_17315,0.0
A0A1C5V0T2,Tri_methionine_33885,5708.935024223084
A0A1C5V0T2,Tri_ornithine_17210,0.0
A0A1C5V0T2,Tri_phenylalanine_22512,0.0
A0A1C5V0T2,Tri_phenylalanine_37508,0.0
A0A1C5V0T2,Tri_phenylalanine_40024,107800.33819663619
A0A1C5V0T2,Tri_proline_M+NH4_18411,0.0
A0A1C5V0T2,Tri_putrescine_18433,0.0
A0A1C5V0T2,Tri_serine_23158,0.0
A0A1C5V0T2,Tri_taurine_20369,0.0
A0A1C5V0T2,Tri_tryptamine_38723,0.0
A0A1C5VKY6,"3a,7a,12k_alanine_20366",448532.2779796787
A0A1C5VKY6,"3a,7a,12k_lysine_23168",226193.81092952262
A0A1C5VKY6,3a12k_serine_27652,386761.36940430716
A0A1C5VKY6,3a12k_taurine_22309,49116700.79701302
A0A1C5VKY6,3a7a12k_taurine_14542,48262690.45071877
A0A1C5VKY6,3a7k_citrulline_24966,0.0
A0A1C5VKY6,3a7k_glutamine_24909,14684.75352558473
A0A1C5VKY6,3a7k_serine_26456,291929.08585232473
A0A1C5VKY6,3a7k_threonine_27078,115809.38264656859
A0A1C5VKY6,3k12a_lysine_23849,0.0
A0A1C5VKY6,3k7a_glutamine_29953,0.0
A0A1C5VKY6,3k7a_proline_M+NH4_21780,0.0
A0A1C5VKY6,"Di_2,3_diaminopropionic acid_14073",0.0
A0A1C5VKY6,Di_2_aminophenol_36589,139333.88273682515
A0A1C5VKY6,Di_2_aminophenol_40269,63034.833675578986
A0A1C5VKY6,Di_3_methoxytyramine_37128,0.0
A0A1C5VKY6,Di_3_methoxytyramine_37165,0.0
A0A1C5VKY6,Di_3_methoxytyramine_39396,0.0
A0A1C5VKY6,Di_GABA_33328,191024.17180536137
A0A1C5VKY6,Di_GABA_36169,64551.650174037524
A0A1C5VKY6,Di_alanine_27176,4536.844786136008
A0A1C5VKY6,Di_alanine_35826,188972.28051051294
A0A1C5VKY6,Di_alanine_37411,621499.5693189347
A0A1C5VKY6,Di_citrulline_22104,1112.9280701254154
A0A1C5VKY6,Di_citrulline_31270,3296.878034350314
A0A1C5VKY6,Di_dopamine_34015,0.0
A0A1C5VKY6,Di_dopamine_38088,0.0
A0A1C5VKY6,Di_glutamine_30065,1788.5338004506957
A0A1C5VKY6,Di_glutamine_30067,10417.744970755492
A0A1C5VKY6,Di_glutamine_31254,0.0
A0A1C5VKY6,Di_glycine_27361,2007996.606145352
A0A1C5VKY6,Di_glycine_34166,2392141.0867877183
A0A1C5VKY6,Di_glycine_34738,1550426.3898781824
A0A1C5VKY6,Di_lysine_25070,5377.510441928948
A0A1C5VKY6,Di_methionine_34896,0.0
A0A1C5VKY6,Di_ornithine_15391,0.0
A0A1C5VKY6,Di_ornithine_17963,0.0
A0A1C5VKY6,Di_ornithine_22619,0.0
A0A1C5VKY6,Di_ornithine_25325,0.0
A0A1C5VKY6,Di_phenylalanine_22687,2476.0417327536416
A0A1C5VKY6,Di_phenylalanine_39833,86246.63501839759
A0A1C5VKY6,Di_serine_32622,96276.6564896295
A0A1C5VKY6,Di_taurine_19595,2832.466483447923
A0A1C5VKY6,Di_taurine_29331,22152619.343459666
A0A1C5VKY6,Di_taurine_30261,11788.111347752767
A0A1C5VKY6,Di_threonine_23465,14416.080160078947
A0A1C5VKY6,Di_threonine_33288,6929.242548346866
A0A1C5VKY6,Di_unconjugated_34634,92991.6935746109
A0A1C5VKY6,Mono_2_aminophenol_41901,0.0
A0A1C5VKY6,Mono_2_aminophenol_45657,684.2301917085218
A0A1C5VKY6,Mono_GABA_40494,20433.458572781623
A0A1C5VKY6,Mono_alanine_40140,294983.9640974093
A0A1C5VKY6,Mono_glutamine_37103,0.0
A0A1C5VKY6,Mono_glycine_38634,2846427.863627801
A0A1C5VKY6,Mono_lysine_32192,0.0
A0A1C5VKY6,Mono_methionine_41397,5608.084451627651
A0A1C5VKY6,Mono_ornithine_31596,0.0
A0A1C5VKY6,Mono_ornithine_33494,0.0
A0A1C5VKY6,Mono_phenylalanine_41412,16371.494017165414
A0A1C5VKY6,Mono_serotonin_42743,0.0
A0A1C5VKY6,Mono_taurine_35357,36672735.872944765
A0A1C5VKY6,Mono_tyramine_38979,38154.34574305594
A0A1C5VKY6,"Tri_2,3_diaminopropionic acid_14940",11678.887520934619
A0A1C5VKY6,"Tri_2,3_diaminopropionic acid_17863",0.0
A0A1C5VKY6,"Tri_2,3_diaminopropionic acid_17869",67107.64880858547
A0A1C5VKY6,"Tri_2,3_diaminopropionic acid_18373",467812.31029789895
A0A1C5VKY6,Tri_2_aminophenol_35037,117015.22524427512
A0A1C5VKY6,Tri_2_aminophenol_39976,645217.5029866591
A0A1C5VKY6,Tri_3_methoxytyramine_36008,0.0
A0A1C5VKY6,Tri_GABA_22882,48790.051307216134
A0A1C5VKY6,Tri_GABA_26794,200464.6452383891
A0A1C5VKY6,Tri_GABA_M+H2O_23885,151616.49319240762
A0A1C5VKY6,Tri_alanine_28457,140674.65089665976
A0A1C5VKY6,Tri_arginine_18281,0.0
A0A1C5VKY6,Tri_asparagine_20433,1115263.9076573064
A0A1C5VKY6,Tri_cadaverine_19586,0.0
A0A1C5VKY6,Tri_citrulline_22220,1329.0556909924053
A0A1C5VKY6,Tri_cystine_19329,0.0
A0A1C5VKY6,Tri_dopamine_32050,35765.75221759312
A0A1C5VKY6,Tri_dopamine_32195,0.0
A0A1C5VKY6,Tri_glutamine_22099,2475.4376564913687
A0A1C5VKY6,Tri_glycine_25947,0.0
A0A1C5VKY6,Tri_glyglycine_20401,82119.2136708147
A0A1C5VKY6,Tri_histidine_17315,4614.731036078323
A0A1C5VKY6,Tri_methionine_33885,41305.25767679916
A0A1C5VKY6,Tri_ornithine_17210,0.0
A0A1C5VKY6,Tri_phenylalanine_22512,0.0
A0A1C5VKY6,Tri_phenylalanine_37508,3240.5302565121046
A0A1C5VKY6,Tri_phenylalanine_40024,92097.18580372499
A0A1C5VKY6,Tri_proline_M+NH4_18411,0.0
A0A1C5VKY6,Tri_putrescine_18433,0.0
A0A1C5VKY6,Tri_serine_23158,17583.296833993056
A0A1C5VKY6,Tri_taurine_20369,0.0
A0A1C5VKY6,Tri_tryptamine_38723,0.0
A0A1C5X749,"3a,7a,12k_alanine_20366",0.0
A0A1C5X749,"3a,7a,12k_lysine_23168",0.0
A0A1C5X749,3a12k_serine_27652,0.0
A0A1C5X749,3a12k_taurine_22309,90255.27742705325
A0A1C5X749,3a7a12k_taurine_14542,72257.95331441739
A0A1C5X749,3a7k_citrulline_24966,0.0
A0A1C5X749,3a7k_glutamine_24909,0.0
A0A1C5X749,3a7k_serine_26456,0.0
A0A1C5X749,3a7k_threonine_27078,0.0
A0A1C5X749,3k12a_lysine_23849,0.0
A0A1C5X749,3k7a_glutamine_29953,0.0
A0A1C5X749,3k7a_proline_M+NH4_21780,0.0
A0A1C5X749,"Di_2,3_diaminopropionic acid_14073",0.0
A0A1C5X749,Di_2_aminophenol_36589,0.0
A0A1C5X749,Di_2_aminophenol_40269,0.0
A0A1C5X749,Di_3_methoxytyramine_37128,0.0
A0A1C5X749,Di_3_methoxytyramine_37165,0.0
A0A1C5X749,Di_3_methoxytyramine_39396,0.0
A0A1C5X749,Di_GABA_33328,0.0
A0A1C5X749,Di_GABA_36169,0.0
A0A1C5X749,Di_alanine_27176,0.0
A0A1C5X749,Di_alanine_35826,0.0
A0A1C5X749,Di_alanine_37411,0.0
A0A1C5X749,Di_citrulline_22104,0.0
A0A1C5X749,Di_citrulline_31270,0.0
A0A1C5X749,Di_dopamine_34015,0.0
A0A1C5X749,Di_dopamine_38088,0.0
A0A1C5X749,Di_glutamine_30065,0.0
A0A1C5X749,Di_glutamine_30067,0.0
A0A1C5X749,Di_glutamine_31254,0.0
A0A1C5X749,Di_glycine_27361,42432.99273099884
A0A1C5X749,Di_glycine_34166,73789.80252302352
A0A1C5X749,Di_glycine_34738,0.0
A0A1C5X749,Di_lysine_25070,0.0
A0A1C5X749,Di_methionine_34896,0.0
A0A1C5X749,Di_ornithine_15391,0.0
A0A1C5X749,Di_ornithine_17963,0.0
A0A1C5X749,Di_ornithine_22619,0.0
A0A1C5X749,Di_ornithine_25325,0.0
A0A1C5X749,Di_phenylalanine_22687,0.0
A0A1C5X749,Di_phenylalanine_39833,0.0
A0A1C5X749,Di_serine_32622,0.0
A0A1C5X749,Di_taurine_19595,0.0
A0A1C5X749,Di_taurine_29331,95009.12495669708
A0A1C5X749,Di_taurine_30261,0.0
A0A1C5X749,Di_threonine_23465,0.0
A0A1C5X749,Di_threonine_33288,0.0
A0A1C5X749,Di_unconjugated_34634,0.0
A0A1C5X749,Mono_2_aminophenol_41901,0.0
A0A1C5X749,Mono_2_aminophenol_45657,0.0
A0A1C5X749,Mono_GABA_40494,0.0
A0A1C5X749,Mono_alanine_40140,0.0
A0A1C5X749,Mono_glutamine_37103,0.0
A0A1C5X749,Mono_glycine_38634,303850.7526971184
A0A1C5X749,Mono_lysine_32192,0.0
A0A1C5X749,Mono_methionine_41397,0.0
A0A1C5X749,Mono_ornithine_31596,0.0
A0A1C5X749,Mono_ornithine_33494,0.0
A0A1C5X749,Mono_phenylalanine_41412,0.0
A0A1C5X749,Mono_serotonin_42743,0.0
A0A1C5X749,Mono_taurine_35357,88928.8693445817
A0A1C5X749,Mono_tyramine_38979,0.0
A0A1C5X749,"Tri_2,3_diaminopropionic acid_14940",0.0
A0A1C5X749,"Tri_2,3_diaminopropionic acid_17863",0.0
A0A1C5X749,"Tri_2,3_diaminopropionic acid_17869",0.0
A0A1C5X749,"Tri_2,3_diaminopropionic acid_18373",0.0
A0A1C5X749,Tri_2_aminophenol_35037,0.0
A0A1C5X749,Tri_2_aminophenol_39976,0.0
A0A1C5X749,Tri_3_methoxytyramine_36008,0.0
A0A1C5X749,Tri_GABA_22882,0.0
A0A1C5X749,Tri_GABA_26794,0.0
A0A1C5X749,Tri_GABA_M+H2O_23885,0.0
A0A1C5X749,Tri_alanine_28457,0.0
A0A1C5X749,Tri_arginine_18281,0.0
A0A1C5X749,Tri_asparagine_20433,0.0
A0A1C5X749,Tri_cadaverine_19586,0.0
A0A1C5X749,Tri_citrulline_22220,0.0
A0A1C5X749,Tri_cystine_19329,0.0
A0A1C5X749,Tri_dopamine_32050,0.0
A0A1C5X749,Tri_dopamine_32195,0.0
A0A1C5X749,Tri_glutamine_22099,0.0
A0A1C5X749,Tri_glycine_25947,0.0
A0A1C5X749,Tri_glyglycine_20401,0.0
A0A1C5X749,Tri_histidine_17315,0.0
A0A1C5X749,Tri_methionine_33885,0.0
A0A1C5X749,Tri_ornithine_17210,0.0
A0A1C5X749,Tri_phenylalanine_22512,0.0
A0A1C5X749,Tri_phenylalanine_37508,0.0
A0A1C5X749,Tri_phenylalanine_40024,0.0
A0A1C5X749,Tri_proline_M+NH4_18411,0.0
A0A1C5X749,Tri_putrescine_18433,0.0
A0A1C5X749,Tri_serine_23158,0.0
A0A1C5X749,Tri_taurine_20369,0.0
A0A1C5X749,Tri_tryptamine_38723,0.0
A0A1C6A728,"3a,7a,12k_alanine_20366",0.0
A0A1C6A728,"3a,7a,12k_lysine_23168",0.0
A0A1C6A728,3a12k_serine_27652,0.0
A0A1C6A728,3a12k_taurine_22309,87398.60665172317
A0A1C6A728,3a7a12k_taurine_14542,79544.66369083176
A0A1C6A728,3a7k_citrulline_24966,0.0
A0A1C6A728,3a7k_glutamine_24909,0.0
A0A1C6A728,3a7k_serine_26456,0.0
A0A1C6A728,3a7k_threonine_27078,0.0
A0A1C6A728,3k12a_lysine_23849,0.0
A0A1C6A728,3k7a_glutamine_29953,0.0
A0A1C6A728,3k7a_proline_M+NH4_21780,0.0
A0A1C6A728,"Di_2,3_diaminopropionic acid_14073",0.0
A0A1C6A728,Di_2_aminophenol_36589,0.0
A0A1C6A728,Di_2_aminophenol_40269,0.0
A0A1C6A728,Di_3_methoxytyramine_37128,0.0
A0A1C6A728,Di_3_methoxytyramine_37165,0.0
A0A1C6A728,Di_3_methoxytyramine_39396,0.0
A0A1C6A728,Di_GABA_33328,0.0
A0A1C6A728,Di_GABA_36169,0.0
A0A1C6A728,Di_alanine_27176,0.0
A0A1C6A728,Di_alanine_35826,0.0
A0A1C6A728,Di_alanine_37411,0.0
A0A1C6A728,Di_citrulline_22104,0.0
A0A1C6A728,Di_citrulline_31270,0.0
A0A1C6A728,Di_dopamine_34015,0.0
A0A1C6A728,Di_dopamine_38088,0.0
A0A1C6A728,Di_glutamine_30065,0.0
A0A1C6A728,Di_glutamine_30067,0.0
A0A1C6A728,Di_glutamine_31254,0.0
A0A1C6A728,Di_glycine_27361,42375.03012010512
A0A1C6A728,Di_glycine_34166,55820.998123420286
A0A1C6A728,Di_glycine_34738,0.0
A0A1C6A728,Di_lysine_25070,0.0
A0A1C6A728,Di_methionine_34896,0.0
A0A1C6A728,Di_ornithine_15391,0.0
A0A1C6A728,Di_ornithine_17963,0.0
A0A1C6A728,Di_ornithine_22619,0.0
A0A1C6A728,Di_ornithine_25325,0.0
A0A1C6A728,Di_phenylalanine_22687,0.0
A0A1C6A728,Di_phenylalanine_39833,0.0
A0A1C6A728,Di_serine_32622,0.0
A0A1C6A728,Di_taurine_19595,0.0
A0A1C6A728,Di_taurine_29331,120557.63164219579
A0A1C6A728,Di_taurine_30261,0.0
A0A1C6A728,Di_threonine_23465,0.0
A0A1C6A728,Di_threonine_33288,0.0
A0A1C6A728,Di_unconjugated_34634,0.0
A0A1C6A728,Mono_2_aminophenol_41901,0.0
A0A1C6A728,Mono_2_aminophenol_45657,0.0
A0A1C6A728,Mono_GABA_40494,0.0
A0A1C6A728,Mono_alanine_40140,0.0
A0A1C6A728,Mono_glutamine_37103,0.0
A0A1C6A728,Mono_glycine_38634,219911.63870379547
A0A1C6A728,Mono_lysine_32192,0.0
A0A1C6A728,Mono_methionine_41397,0.0
A0A1C6A728,Mono_ornithine_31596,0.0
A0A1C6A728,Mono_ornithine_33494,0.0
A0A1C6A728,Mono_phenylalanine_41412,0.0
A0A1C6A728,Mono_serotonin_42743,0.0
A0A1C6A728,Mono_taurine_35357,162808.21681949377
A0A1C6A728,Mono_tyramine_38979,0.0
A0A1C6A728,"Tri_2,3_diaminopropionic acid_14940",0.0
A0A1C6A728,"Tri_2,3_diaminopropionic acid_17863",0.0
A0A1C6A728,"Tri_2,3_diaminopropionic acid_17869",0.0
A0A1C6A728,"Tri_2,3_diaminopropionic acid_18373",0.0
A0A1C6A728,Tri_2_aminophenol_35037,0.0
A0A1C6A728,Tri_2_aminophenol_39976,0.0
A0A1C6A728,Tri_3_methoxytyramine_36008,0.0
A0A1C6A728,Tri_GABA_22882,0.0
A0A1C6A728,Tri_GABA_26794,0.0
A0A1C6A728,Tri_GABA_M+H2O_23885,0.0
A0A1C6A728,Tri_alanine_28457,0.0
A0A1C6A728,Tri_arginine_18281,0.0
A0A1C6A728,Tri_asparagine_20433,0.0
A0A1C6A728,Tri_cadaverine_19586,0.0
A0A1C6A728,Tri_citrulline_22220,0.0
A0A1C6A728,Tri_cystine_19329,0.0
A0A1C6A728,Tri_dopamine_32050,0.0
A0A1C6A728,Tri_dopamine_32195,0.0
A0A1C6A728,Tri_glutamine_22099,0.0
A0A1C6A728,Tri_glycine_25947,0.0
A0A1C6A728,Tri_glyglycine_20401,0.0
A0A1C6A728,Tri_histidine_17315,0.0
A0A1C6A728,Tri_methionine_33885,0.0
A0A1C6A728,Tri_ornithine_17210,0.0
A0A1C6A728,Tri_phenylalanine_22512,0.0
A0A1C6A728,Tri_phenylalanine_37508,0.0
A0A1C6A728,Tri_phenylalanine_40024,0.0
A0A1C6A728,Tri_proline_M+NH4_18411,0.0
A0A1C6A728,Tri_putrescine_18433,0.0
A0A1C6A728,Tri_serine_23158,0.0
A0A1C6A728,Tri_taurine_20369,0.0
A0A1C6A728,Tri_tryptamine_38723,0.0
A0A1C6E6X3,"3a,7a,12k_alanine_20366",59015.770833883216
A0A1C6E6X3,"3a,7a,12k_lysine_23168",20525.25585999528
A0A1C6E6X3,3a12k_serine_27652,74820.06407297375
A0A1C6E6X3,3a12k_taurine_22309,97765291.63938808
A0A1C6E6X3,3a7a12k_taurine_14542,95760708.34182209
A0A1C6E6X3,3a7k_citrulline_24966,0.0
A0A1C6E6X3,3a7k_glutamine_24909,1108.6694404875846
A0A1C6E6X3,3a7k_serine_26456,0.0
A0A1C6E6X3,3a7k_threonine_27078,8511.562533173768
A0A1C6E6X3,3k12a_lysine_23849,0.0
A0A1C6E6X3,3k7a_glutamine_29953,0.0
A0A1C6E6X3,3k7a_proline_M+NH4_21780,0.0
A0A1C6E6X3,"Di_2,3_diaminopropionic acid_14073",0.0
A0A1C6E6X3,Di_2_aminophenol_36589,8062.12320279386
A0A1C6E6X3,Di_2_aminophenol_40269,5787.411752167624
A0A1C6E6X3,Di_3_methoxytyramine_37128,0.0
A0A1C6E6X3,Di_3_methoxytyramine_37165,0.0
A0A1C6E6X3,Di_3_methoxytyramine_39396,0.0
A0A1C6E6X3,Di_GABA_33328,89892.33644702361
A0A1C6E6X3,Di_GABA_36169,77251.38592702628
A0A1C6E6X3,Di_alanine_27176,0.0
A0A1C6E6X3,Di_alanine_35826,21023.930057399382
A0A1C6E6X3,Di_alanine_37411,567223.3647378891
A0A1C6E6X3,Di_citrulline_22104,0.0
A0A1C6E6X3,Di_citrulline_31270,0.0
A0A1C6E6X3,Di_dopamine_34015,0.0
A0A1C6E6X3,Di_dopamine_38088,0.0
A0A1C6E6X3,Di_glutamine_30065,0.0
A0A1C6E6X3,Di_glutamine_30067,0.0
A0A1C6E6X3,Di_glutamine_31254,0.0
A0A1C6E6X3,Di_glycine_27361,5150918.504387652
A0A1C6E6X3,Di_glycine_34166,14094888.445720827
A0A1C6E6X3,Di_glycine_34738,2283833.1135088615
A0A1C6E6X3,Di_lysine_25070,0.0
A0A1C6E6X3,Di_methionine_34896,0.0
A0A1C6E6X3,Di_ornithine_15391,0.0
A0A1C6E6X3,Di_ornithine_17963,0.0
A0A1C6E6X3,Di_ornithine_22619,0.0
A0A1C6E6X3,Di_ornithine_25325,0.0
A0A1C6E6X3,Di_phenylalanine_22687,815.2876042590142
A0A1C6E6X3,Di_phenylalanine_39833,237067.18419229658
A0A1C6E6X3,Di_serine_32622,17773.31459142728
A0A1C6E6X3,Di_taurine_19595,5025.400632401239
A0A1C6E6X3,Di_taurine_29331,27514253.09254984
A0A1C6E6X3,Di_taurine_30261,586.5840918131297
A0A1C6E6X3,Di_threonine_23465,0.0
A0A1C6E6X3,Di_threonine_33288,0.0
A0A1C6E6X3,Di_unconjugated_34634,11028.893560277387
A0A1C6E6X3,Mono_2_aminophenol_41901,0.0
A0A1C6E6X3,Mono_2_aminophenol_45657,2746.8825698934784
A0A1C6E6X3,Mono_GABA_40494,51252.12817916366
A0A1C6E6X3,Mono_alanine_40140,105851.77166359207
A0A1C6E6X3,Mono_glutamine_37103,7770.752172006705
A0A1C6E6X3,Mono_glycine_38634,13655585.944923833
A0A1C6E6X3,Mono_lysine_32192,0.0
A0A1C6E6X3,Mono_methionine_41397,0.0
A0A1C6E6X3,Mono_ornithine_31596,0.0
A0A1C6E6X3,Mono_ornithine_33494,500.36786495979504
A0A1C6E6X3,Mono_phenylalanine_41412,0.0
A0A1C6E6X3,Mono_serotonin_42743,0.0
A0A1C6E6X3,Mono_taurine_35357,59611852.21461687
A0A1C6E6X3,Mono_tyramine_38979,0.0
A0A1C6E6X3,"Tri_2,3_diaminopropionic acid_14940",0.0
A0A1C6E6X3,"Tri_2,3_diaminopropionic acid_17863",0.0
A0A1C6E6X3,"Tri_2,3_diaminopropionic acid_17869",0.0
A0A1C6E6X3,"Tri_2,3_diaminopropionic acid_18373",71037.81427775008
A0A1C6E6X3,Tri_2_aminophenol_35037,0.0
A0A1C6E6X3,Tri_2_aminophenol_39976,114995.48965303015
A0A1C6E6X3,Tri_3_methoxytyramine_36008,0.0
A0A1C6E6X3,Tri_GABA_22882,287494.12782519497
A0A1C6E6X3,Tri_GABA_26794,1625960.866639614
A0A1C6E6X3,Tri_GABA_M+H2O_23885,39405.618114047225
A0A1C6E6X3,Tri_alanine_28457,85121.85226185115
A0A1C6E6X3,Tri_arginine_18281,0.0
A0A1C6E6X3,Tri_asparagine_20433,325164.81504004524
A0A1C6E6X3,Tri_cadaverine_19586,0.0
A0A1C6E6X3,Tri_citrulline_22220,0.0
A0A1C6E6X3,Tri_cystine_19329,0.0
A0A1C6E6X3,Tri_dopamine_32050,52872.730535520524
A0A1C6E6X3,Tri_dopamine_32195,0.0
A0A1C6E6X3,Tri_glutamine_22099,0.0
A0A1C6E6X3,Tri_glycine_25947,444423.4209100073
A0A1C6E6X3,Tri_glyglycine_20401,0.0
A0A1C6E6X3,Tri_histidine_17315,0.0
A0A1C6E6X3,Tri_methionine_33885,5866.279052783557
A0A1C6E6X3,Tri_ornithine_17210,0.0
A0A1C6E6X3,Tri_phenylalanine_22512,0.0
A0A1C6E6X3,Tri_phenylalanine_37508,0.0
A0A1C6E6X3,Tri_phenylalanine_40024,154715.13840988322
A0A1C6E6X3,Tri_proline_M+NH4_18411,0.0
A0A1C6E6X3,Tri_putrescine_18433,0.0
A0A1C6E6X3,Tri_serine_23158,0.0
A0A1C6E6X3,Tri_taurine_20369,0.0
A0A1C6E6X3,Tri_tryptamine_38723,0.0
A0A1C6E707,"3a,7a,12k_alanine_20366",0.0
A0A1C6E707,"3a,7a,12k_lysine_23168",0.0
A0A1C6E707,3a12k_serine_27652,0.0
A0A1C6E707,3a12k_taurine_22309,26078904.880950782
A0A1C6E707,3a7a12k_taurine_14542,25326176.443278074
A0A1C6E707,3a7k_citrulline_24966,0.0
A0A1C6E707,3a7k_glutamine_24909,0.0
A0A1C6E707,3a7k_serine_26456,0.0
A0A1C6E707,3a7k_threonine_27078,0.0
A0A1C6E707,3k12a_lysine_23849,0.0
A0A1C6E707,3k7a_glutamine_29953,0.0
A0A1C6E707,3k7a_proline_M+NH4_21780,0.0
A0A1C6E707,"Di_2,3_diaminopropionic acid_14073",0.0
A0A1C6E707,Di_2_aminophenol_36589,0.0
A0A1C6E707,Di_2_aminophenol_40269,0.0
A0A1C6E707,Di_3_methoxytyramine_37128,0.0
A0A1C6E707,Di_3_methoxytyramine_37165,0.0
A0A1C6E707,Di_3_methoxytyramine_39396,0.0
A0A1C6E707,Di_GABA_33328,1899.577080875898
A0A1C6E707,Di_GABA_36169,20146.948711985897
A0A1C6E707,Di_alanine_27176,0.0
A0A1C6E707,Di_alanine_35826,0.0
A0A1C6E707,Di_alanine_37411,123507.64587671179
A0A1C6E707,Di_citrulline_22104,0.0
A0A1C6E707,Di_citrulline_31270,0.0
A0A1C6E707,Di_dopamine_34015,0.0
A0A1C6E707,Di_dopamine_38088,0.0
A0A1C6E707,Di_glutamine_30065,0.0
A0A1C6E707,Di_glutamine_30067,0.0
A0A1C6E707,Di_glutamine_31254,0.0
A0A1C6E707,Di_glycine_27361,2433316.5189266866
A0A1C6E707,Di_glycine_34166,5850809.662728376
A0A1C6E707,Di_glycine_34738,440752.9374245774
A0A1C6E707,Di_lysine_25070,0.0
A0A1C6E707,Di_methionine_34896,0.0
A0A1C6E707,Di_ornithine_15391,0.0
A0A1C6E707,Di_ornithine_17963,0.0
A0A1C6E707,Di_ornithine_22619,0.0
A0A1C6E707,Di_ornithine_25325,0.0
A0A1C6E707,Di_phenylalanine_22687,0.0
A0A1C6E707,Di_phenylalanine_39833,81650.66624348814
A0A1C6E707,Di_serine_32622,0.0
A0A1C6E707,Di_taurine_19595,1571.3179613964642
A0A1C6E707,Di_taurine_29331,6405349.069418542
A0A1C6E707,Di_taurine_30261,0.0
A0A1C6E707,Di_threonine_23465,0.0
A0A1C6E707,Di_threonine_33288,0.0
A0A1C6E707,Di_unconjugated_34634,0.0
A0A1C6E707,Mono_2_aminophenol_41901,0.0
A0A1C6E707,Mono_2_aminophenol_45657,338.1180457553562
A0A1C6E707,Mono_GABA_40494,14848.173675474487
A0A1C6E707,Mono_alanine_40140,9820.855946705638
A0A1C6E707,Mono_glutamine_37103,3245.7225979286945
A0A1C6E707,Mono_glycine_38634,4518574.111441936
A0A1C6E707,Mono_lysine_32192,0.0
A0A1C6E707,Mono_methionine_41397,0.0
A0A1C6E707,Mono_ornithine_31596,0.0
A0A1C6E707,Mono_ornithine_33494,0.0
A0A1C6E707,Mono_phenylalanine_41412,0.0
A0A1C6E707,Mono_serotonin_42743,0.0
A0A1C6E707,Mono_taurine_35357,18076680.283854693
A0A1C6E707,Mono_tyramine_38979,0.0
A0A1C6E707,"Tri_2,3_diaminopropionic acid_14940",0.0
A0A1C6E707,"Tri_2,3_diaminopropionic acid_17863",0.0
A0A1C6E707,"Tri_2,3_diaminopropionic acid_17869",0.0
A0A1C6E707,"Tri_2,3_diaminopropionic acid_18373",0.0
A0A1C6E707,Tri_2_aminophenol_35037,0.0
A0A1C6E707,Tri_2_aminophenol_39976,0.0
A0A1C6E707,Tri_3_methoxytyramine_36008,0.0
A0A1C6E707,Tri_GABA_22882,73820.90389784257
A0A1C6E707,Tri_GABA_26794,377858.91820471134
A0A1C6E707,Tri_GABA_M+H2O_23885,0.0
A0A1C6E707,Tri_alanine_28457,0.0
A0A1C6E707,Tri_arginine_18281,0.0
A0A1C6E707,Tri_asparagine_20433,43680.22588967707
A0A1C6E707,Tri_cadaverine_19586,0.0
A0A1C6E707,Tri_citrulline_22220,0.0
A0A1C6E707,Tri_cystine_19329,0.0
A0A1C6E707,Tri_dopamine_32050,12122.149263687248
A0A1C6E707,Tri_dopamine_32195,0.0
A0A1C6E707,Tri_glutamine_22099,0.0
A0A1C6E707,Tri_glycine_25947,113080.75983281754
A0A1C6E707,Tri_glyglycine_20401,0.0
A0A1C6E707,Tri_histidine_17315,0.0
A0A1C6E707,Tri_methionine_33885,0.0
A0A1C6E707,Tri_ornithine_17210,0.0
A0A1C6E707,Tri_phenylalanine_22512,0.0
A0A1C6E707,Tri_phenylalanine_37508,0.0
A0A1C6E707,Tri_phenylalanine_40024,31311.77162144458
A0A1C6E707,Tri_proline_M+NH4_18411,0.0
A0A1C6E707,Tri_putrescine_18433,0.0
A0A1C6E707,Tri_serine_23158,0.0
A0A1C6E707,Tri_taurine_20369,0.0
A0A1C6E707,Tri_tryptamine_38723,0.0
A0A1C6FDU7,"3a,7a,12k_alanine_20366",0.0
A0A1C6FDU7,"3a,7a,12k_lysine_23168",0.0
A0A1C6FDU7,3a12k_serine_27652,0.0
A0A1C6FDU7,3a12k_taurine_22309,49707.592101942806
A0A1C6FDU7,3a7a12k_taurine_14542,45373.31607314914
A0A1C6FDU7,3a7k_citrulline_24966,0.0
A0A1C6FDU7,3a7k_glutamine_24909,0.0
A0A1C6FDU7,3a7k_serine_26456,0.0
A0A1C6FDU7,3a7k_threonine_27078,0.0
A0A1C6FDU7,3k12a_lysine_23849,0.0
A0A1C6FDU7,3k7a_glutamine_29953,0.0
A0A1C6FDU7,3k7a_proline_M+NH4_21780,0.0
A0A1C6FDU7,"Di_2,3_diaminopropionic acid_14073",0.0
A0A1C6FDU7,Di_2_aminophenol_36589,0.0
A0A1C6FDU7,Di_2_aminophenol_40269,0.0
A0A1C6FDU7,Di_3_methoxytyramine_37128,0.0
A0A1C6FDU7,Di_3_methoxytyramine_37165,0.0
A0A1C6FDU7,Di_3_methoxytyramine_39396,0.0
A0A1C6FDU7,Di_GABA_33328,0.0
A0A1C6FDU7,Di_GABA_36169,0.0
A0A1C6FDU7,Di_alanine_27176,0.0
A0A1C6FDU7,Di_alanine_35826,0.0
A0A1C6FDU7,Di_alanine_37411,0.0
A0A1C6FDU7,Di_citrulline_22104,0.0
A0A1C6FDU7,Di_citrulline_31270,0.0
A0A1C6FDU7,Di_dopamine_34015,0.0
A0A1C6FDU7,Di_dopamine_38088,0.0
A0A1C6FDU7,Di_glutamine_30065,0.0
A0A1C6FDU7,Di_glutamine_30067,0.0
A0A1C6FDU7,Di_glutamine_31254,0.0
A0A1C6FDU7,Di_glycine_27361,146880.9117709355
A0A1C6FDU7,Di_glycine_34166,174417.79825877456
A0A1C6FDU7,Di_glycine_34738,0.0
A0A1C6FDU7,Di_lysine_25070,0.0
A0A1C6FDU7,Di_methionine_34896,0.0
A0A1C6FDU7,Di_ornithine_15391,0.0
A0A1C6FDU7,Di_ornithine_17963,0.0
A0A1C6FDU7,Di_ornithine_22619,0.0
A0A1C6FDU7,Di_ornithine_25325,0.0
A0A1C6FDU7,Di_phenylalanine_22687,0.0
A0A1C6FDU7,Di_phenylalanine_39833,0.0
A0A1C6FDU7,Di_serine_32622,0.0
A0A1C6FDU7,Di_taurine_19595,0.0
A0A1C6FDU7,Di_taurine_29331,59575.43847798338
A0A1C6FDU7,Di_taurine_30261,0.0
A0A1C6FDU7,Di_threonine_23465,0.0
A0A1C6FDU7,Di_threonine_33288,0.0
A0A1C6FDU7,Di_unconjugated_34634,0.0
A0A1C6FDU7,Mono_2_aminophenol_41901,0.0
A0A1C6FDU7,Mono_2_aminophenol_45657,0.0
A0A1C6FDU7,Mono_GABA_40494,0.0
A0A1C6FDU7,Mono_alanine_40140,0.0
A0A1C6FDU7,Mono_glutamine_37103,0.0
A0A1C6FDU7,Mono_glycine_38634,282412.57601775235
A0A1C6FDU7,Mono_lysine_32192,0.0
A0A1C6FDU7,Mono_methionine_41397,0.0
A0A1C6FDU7,Mono_ornithine_31596,0.0
A0A1C6FDU7,Mono_ornithine_33494,0.0
A0A1C6FDU7,Mono_phenylalanine_41412,0.0
A0A1C6FDU7,Mono_serotonin_42743,0.0
A0A1C6FDU7,Mono_taurine_35357,73893.11389404822
A0A1C6FDU7,Mono_tyramine_38979,0.0
A0A1C6FDU7,"Tri_2,3_diaminopropionic acid_14940",0.0
A0A1C6FDU7,"Tri_2,3_diaminopropionic acid_17863",0.0
A0A1C6FDU7,"Tri_2,3_diaminopropionic acid_17869",0.0
A0A1C6FDU7,"Tri_2,3_diaminopropionic acid_18373",0.0
A0A1C6FDU7,Tri_2_aminophenol_35037,0.0
A0A1C6FDU7,Tri_2_aminophenol_39976,0.0
A0A1C6FDU7,Tri_3_methoxytyramine_36008,0.0
A0A1C6FDU7,Tri_GABA_22882,0.0
A0A1C6FDU7,Tri_GABA_26794,0.0
A0A1C6FDU7,Tri_GABA_M+H2O_23885,0.0
A0A1C6FDU7,Tri_alanine_28457,0.0
A0A1C6FDU7,Tri_arginine_18281,0.0
A0A1C6FDU7,Tri_asparagine_20433,0.0
A0A1C6FDU7,Tri_cadaverine_19586,0.0
A0A1C6FDU7,Tri_citrulline_22220,0.0
A0A1C6FDU7,Tri_cystine_19329,0.0
A0A1C6FDU7,Tri_dopamine_32050,0.0
A0A1C6FDU7,Tri_dopamine_32195,0.0
A0A1C6FDU7,Tri_glutamine_22099,0.0
A0A1C6FDU7,Tri_glycine_25947,0.0
A0A1C6FDU7,Tri_glyglycine_20401,0.0
A0A1C6FDU7,Tri_histidine_17315,0.0
A0A1C6FDU7,Tri_methionine_33885,0.0
A0A1C6FDU7,Tri_ornithine_17210,0.0
A0A1C6FDU7,Tri_phenylalanine_22512,0.0
A0A1C6FDU7,Tri_phenylalanine_37508,0.0
A0A1C6FDU7,Tri_phenylalanine_40024,0.0
A0A1C6FDU7,Tri_proline_M+NH4_18411,0.0
A0A1C6FDU7,Tri_putrescine_18433,0.0
A0A1C6FDU7,Tri_serine_23158,0.0
A0A1C6FDU7,Tri_taurine_20369,0.0
A0A1C6FDU7,Tri_tryptamine_38723,0.0
A0A1C7H271,"3a,7a,12k_alanine_20366",0.0
A0A1C7H271,"3a,7a,12k_lysine_23168",0.0
A0A1C7H271,3a12k_serine_27652,0.0
A0A1C7H271,3a12k_taurine_22309,19639.682516729958
A0A1C7H271,3a7a12k_taurine_14542,83573.97625575113
A0A1C7H271,3a7k_citrulline_24966,0.0
A0A1C7H271,3a7k_glutamine_24909,0.0
A0A1C7H271,3a7k_serine_26456,0.0
A0A1C7H271,3a7k_threonine_27078,0.0
A0A1C7H271,3k12a_lysine_23849,0.0
A0A1C7H271,3k7a_glutamine_29953,0.0
A0A1C7H271,3k7a_proline_M+NH4_21780,0.0
A0A1C7H271,"Di_2,3_diaminopropionic acid_14073",0.0
A0A1C7H271,Di_2_aminophenol_36589,0.0
A0A1C7H271,Di_2_aminophenol_40269,0.0
A0A1C7H271,Di_3_methoxytyramine_37128,0.0
A0A1C7H271,Di_3_methoxytyramine_37165,0.0
A0A1C7H271,Di_3_methoxytyramine_39396,0.0
A0A1C7H271,Di_GABA_33328,0.0
A0A1C7H271,Di_GABA_36169,0.0
A0A1C7H271,Di_alanine_27176,0.0
A0A1C7H271,Di_alanine_35826,0.0
A0A1C7H271,Di_alanine_37411,0.0
A0A1C7H271,Di_citrulline_22104,0.0
A0A1C7H271,Di_citrulline_31270,0.0
A0A1C7H271,Di_dopamine_34015,0.0
A0A1C7H271,Di_dopamine_38088,0.0
A0A1C7H271,Di_glutamine_30065,0.0
A0A1C7H271,Di_glutamine_30067,0.0
A0A1C7H271,Di_glutamine_31254,0.0
A0A1C7H271,Di_glycine_27361,15201.731744273799
A0A1C7H271,Di_glycine_34166,15704.98194079967
A0A1C7H271,Di_glycine_34738,0.0
A0A1C7H271,Di_lysine_25070,0.0
A0A1C7H271,Di_methionine_34896,0.0
A0A1C7H271,Di_ornithine_15391,0.0
A0A1C7H271,Di_ornithine_17963,0.0
A0A1C7H271,Di_ornithine_22619,0.0
A0A1C7H271,Di_ornithine_25325,0.0
A0A1C7H271,Di_phenylalanine_22687,0.0
A0A1C7H271,Di_phenylalanine_39833,0.0
A0A1C7H271,Di_serine_32622,0.0
A0A1C7H271,Di_taurine_19595,0.0
A0A1C7H271,Di_taurine_29331,17023.980090055502
A0A1C7H271,Di_taurine_30261,0.0
A0A1C7H271,Di_threonine_23465,0.0
A0A1C7H271,Di_threonine_33288,0.0
A0A1C7H271,Di_unconjugated_34634,0.0
A0A1C7H271,Mono_2_aminophenol_41901,0.0
A0A1C7H271,Mono_2_aminophenol_45657,192.0671794625429
A0A1C7H271,Mono_GABA_40494,0.0
A0A1C7H271,Mono_alanine_40140,0.0
A0A1C7H271,Mono_glutamine_37103,0.0
A0A1C7H271,Mono_glycine_38634,71029.39835756237
A0A1C7H271,Mono_lysine_32192,0.0
A0A1C7H271,Mono_methionine_41397,0.0
A0A1C7H271,Mono_ornithine_31596,0.0
A0A1C7H271,Mono_ornithine_33494,0.0
A0A1C7H271,Mono_phenylalanine_41412,0.0
A0A1C7H271,Mono_serotonin_42743,0.0
A0A1C7H271,Mono_taurine_35357,33187.920137204106
A0A1C7H271,Mono_tyramine_38979,0.0
A0A1C7H271,"Tri_2,3_diaminopropionic acid_14940",0.0
A0A1C7H271,"Tri_2,3_diaminopropionic acid_17863",0.0
A0A1C7H271,"Tri_2,3_diaminopropionic acid_17869",0.0
A0A1C7H271,"Tri_2,3_diaminopropionic acid_18373",0.0
A0A1C7H271,Tri_2_aminophenol_35037,0.0
A0A1C7H271,Tri_2_aminophenol_39976,0.0
A0A1C7H271,Tri_3_methoxytyramine_36008,0.0
A0A1C7H271,Tri_GABA_22882,0.0
A0A1C7H271,Tri_GABA_26794,0.0
A0A1C7H271,Tri_GABA_M+H2O_23885,0.0
A0A1C7H271,Tri_alanine_28457,0.0
A0A1C7H271,Tri_arginine_18281,0.0
A0A1C7H271,Tri_asparagine_20433,0.0
A0A1C7H271,Tri_cadaverine_19586,0.0
A0A1C7H271,Tri_citrulline_22220,0.0
A0A1C7H271,Tri_cystine_19329,0.0
A0A1C7H271,Tri_dopamine_32050,0.0
A0A1C7H271,Tri_dopamine_32195,0.0
A0A1C7H271,Tri_glutamine_22099,0.0
A0A1C7H271,Tri_glycine_25947,0.0
A0A1C7H271,Tri_glyglycine_20401,0.0
A0A1C7H271,Tri_histidine_17315,0.0
A0A1C7H271,Tri_methionine_33885,0.0
A0A1C7H271,Tri_ornithine_17210,0.0
A0A1C7H271,Tri_phenylalanine_22512,0.0
A0A1C7H271,Tri_phenylalanine_37508,0.0
A0A1C7H271,Tri_phenylalanine_40024,0.0
A0A1C7H271,Tri_proline_M+NH4_18411,0.0
A0A1C7H271,Tri_putrescine_18433,0.0
A0A1C7H271,Tri_serine_23158,0.0
A0A1C7H271,Tri_taurine_20369,0.0
A0A1C7H271,Tri_tryptamine_38723,0.0
A0A1D2WV04,"3a,7a,12k_alanine_20366",0.0
A0A1D2WV04,"3a,7a,12k_lysine_23168",0.0
A0A1D2WV04,3a12k_serine_27652,0.0
A0A1D2WV04,3a12k_taurine_22309,51119270.79347159
A0A1D2WV04,3a7a12k_taurine_14542,49302858.25316666
A0A1D2WV04,3a7k_citrulline_24966,0.0
A0A1D2WV04,3a7k_glutamine_24909,0.0
A0A1D2WV04,3a7k_serine_26456,0.0
A0A1D2WV04,3a7k_threonine_27078,0.0
A0A1D2WV04,3k12a_lysine_23849,0.0
A0A1D2WV04,3k7a_glutamine_29953,0.0
A0A1D2WV04,3k7a_proline_M+NH4_21780,0.0
A0A1D2WV04,"Di_2,3_diaminopropionic acid_14073",0.0
A0A1D2WV04,Di_2_aminophenol_36589,299.64679425398623
A0A1D2WV04,Di_2_aminophenol_40269,0.0
A0A1D2WV04,Di_3_methoxytyramine_37128,0.0
A0A1D2WV04,Di_3_methoxytyramine_37165,0.0
A0A1D2WV04,Di_3_methoxytyramine_39396,0.0
A0A1D2WV04,Di_GABA_33328,7007.708485463266
A0A1D2WV04,Di_GABA_36169,36000.172840648884
A0A1D2WV04,Di_alanine_27176,0.0
A0A1D2WV04,Di_alanine_35826,0.0
A0A1D2WV04,Di_alanine_37411,252010.02071615472
A0A1D2WV04,Di_citrulline_22104,0.0
A0A1D2WV04,Di_citrulline_31270,0.0
A0A1D2WV04,Di_dopamine_34015,0.0
A0A1D2WV04,Di_dopamine_38088,0.0
A0A1D2WV04,Di_glutamine_30065,0.0
A0A1D2WV04,Di_glutamine_30067,0.0
A0A1D2WV04,Di_glutamine_31254,0.0
A0A1D2WV04,Di_glycine_27361,3187630.0341653684
A0A1D2WV04,Di_glycine_34166,10273467.730222384
A0A1D2WV04,Di_glycine_34738,214922.02305938496
A0A1D2WV04,Di_lysine_25070,0.0
A0A1D2WV04,Di_methionine_34896,0.0
A0A1D2WV04,Di_ornithine_15391,0.0
A0A1D2WV04,Di_ornithine_17963,0.0
A0A1D2WV04,Di_ornithine_22619,0.0
A0A1D2WV04,Di_ornithine_25325,0.0
A0A1D2WV04,Di_phenylalanine_22687,0.0
A0A1D2WV04,Di_phenylalanine_39833,174082.62884705345
A0A1D2WV04,Di_serine_32622,0.0
A0A1D2WV04,Di_taurine_19595,2016.2920730107423
A0A1D2WV04,Di_taurine_29331,4857478.625886435
A0A1D2WV04,Di_taurine_30261,0.0
A0A1D2WV04,Di_threonine_23465,0.0
A0A1D2WV04,Di_threonine_33288,0.0
A0A1D2WV04,Di_unconjugated_34634,0.0
A0A1D2WV04,Mono_2_aminophenol_41901,0.0
A0A1D2WV04,Mono_2_aminophenol_45657,582.1063994531884
A0A1D2WV04,Mono_GABA_40494,27129.21200164382
A0A1D2WV04,Mono_alanine_40140,18277.96429791007
A0A1D2WV04,Mono_glutamine_37103,1001.0588253141619
A0A1D2WV04,Mono_glycine_38634,9798055.790431093
A0A1D2WV04,Mono_lysine_32192,0.0
A0A1D2WV04,Mono_methionine_41397,0.0
A0A1D2WV04,Mono_ornithine_31596,0.0
A0A1D2WV04,Mono_ornithine_33494,0.0
A0A1D2WV04,Mono_phenylalanine_41412,0.0
A0A1D2WV04,Mono_serotonin_42743,0.0
A0A1D2WV04,Mono_taurine_35357,33716449.54308918
A0A1D2WV04,Mono_tyramine_38979,0.0
A0A1D2WV04,"Tri_2,3_diaminopropionic acid_14940",0.0
A0A1D2WV04,"Tri_2,3_diaminopropionic acid_17863",0.0
A0A1D2WV04,"Tri_2,3_diaminopropionic acid_17869",0.0
A0A1D2WV04,"Tri_2,3_diaminopropionic acid_18373",0.0
A0A1D2WV04,Tri_2_aminophenol_35037,0.0
A0A1D2WV04,Tri_2_aminophenol_39976,0.0
A0A1D2WV04,Tri_3_methoxytyramine_36008,0.0
A0A1D2WV04,Tri_GABA_22882,121464.94562906567
A0A1D2WV04,Tri_GABA_26794,644733.495512269
A0A1D2WV04,Tri_GABA_M+H2O_23885,0.0
A0A1D2WV04,Tri_alanine_28457,0.0
A0A1D2WV04,Tri_arginine_18281,0.0
A0A1D2WV04,Tri_asparagine_20433,88336.63515690425
A0A1D2WV04,Tri_cadaverine_19586,0.0
A0A1D2WV04,Tri_citrulline_22220,0.0
A0A1D2WV04,Tri_cystine_19329,0.0
A0A1D2WV04,Tri_dopamine_32050,61833.88922473383
A0A1D2WV04,Tri_dopamine_32195,0.0
A0A1D2WV04,Tri_glutamine_22099,0.0
A0A1D2WV04,Tri_glycine_25947,238725.1639726277
A0A1D2WV04,Tri_glyglycine_20401,0.0
A0A1D2WV04,Tri_histidine_17315,0.0
A0A1D2WV04,Tri_methionine_33885,0.0
A0A1D2WV04,Tri_ornithine_17210,0.0
A0A1D2WV04,Tri_phenylalanine_22512,0.0
A0A1D2WV04,Tri_phenylalanine_37508,0.0
A0A1D2WV04,Tri_phenylalanine_40024,61437.675430481446
A0A1D2WV04,Tri_proline_M+NH4_18411,0.0
A0A1D2WV04,Tri_putrescine_18433,0.0
A0A1D2WV04,Tri_serine_23158,0.0
A0A1D2WV04,Tri_taurine_20369,0.0
A0A1D2WV04,Tri_tryptamine_38723,0.0
A0A1E3ADP5,"3a,7a,12k_alanine_20366",0.0
A0A1E3ADP5,"3a,7a,12k_lysine_23168",0.0
A0A1E3ADP5,3a12k_serine_27652,1155.8969103350973
A0A1E3ADP5,3a12k_taurine_22309,35879059.6096397
A0A1E3ADP5,3a7a12k_taurine_14542,30898074.410217065
A0A1E3ADP5,3a7k_citrulline_24966,0.0
A0A1E3ADP5,3a7k_glutamine_24909,0.0
A0A1E3ADP5,3a7k_serine_26456,0.0
A0A1E3ADP5,3a7k_threonine_27078,0.0
A0A1E3ADP5,3k12a_lysine_23849,0.0
A0A1E3ADP5,3k7a_glutamine_29953,0.0
A0A1E3ADP5,3k7a_proline_M+NH4_21780,0.0
A0A1E3ADP5,"Di_2,3_diaminopropionic acid_14073",0.0
A0A1E3ADP5,Di_2_aminophenol_36589,0.0
A0A1E3ADP5,Di_2_aminophenol_40269,1754.7538183106249
A0A1E3ADP5,Di_3_methoxytyramine_37128,0.0
A0A1E3ADP5,Di_3_methoxytyramine_37165,0.0
A0A1E3ADP5,Di_3_methoxytyramine_39396,0.0
A0A1E3ADP5,Di_GABA_33328,2633.098227579194
A0A1E3ADP5,Di_GABA_36169,22147.980094186827
A0A1E3ADP5,Di_alanine_27176,0.0
A0A1E3ADP5,Di_alanine_35826,0.0
A0A1E3ADP5,Di_alanine_37411,173532.5043267025
A0A1E3ADP5,Di_citrulline_22104,0.0
A0A1E3ADP5,Di_citrulline_31270,0.0
A0A1E3ADP5,Di_dopamine_34015,0.0
A0A1E3ADP5,Di_dopamine_38088,0.0
A0A1E3ADP5,Di_glutamine_30065,0.0
A0A1E3ADP5,Di_glutamine_30067,0.0
A0A1E3ADP5,Di_glutamine_31254,0.0
A0A1E3ADP5,Di_glycine_27361,3137400.5590100335
A0A1E3ADP5,Di_glycine_34166,7595413.522728454
A0A1E3ADP5,Di_glycine_34738,479202.36293495045
A0A1E3ADP5,Di_lysine_25070,0.0
A0A1E3ADP5,Di_methionine_34896,0.0
A0A1E3ADP5,Di_ornithine_15391,0.0
A0A1E3ADP5,Di_ornithine_17963,0.0
A0A1E3ADP5,Di_ornithine_22619,0.0
A0A1E3ADP5,Di_ornithine_25325,0.0
A0A1E3ADP5,Di_phenylalanine_22687,0.0
A0A1E3ADP5,Di_phenylalanine_39833,107560.26801495893
A0A1E3ADP5,Di_serine_32622,0.0
A0A1E3ADP5,Di_taurine_19595,3597.3325856516008
A0A1E3ADP5,Di_taurine_29331,7859547.958718933
A0A1E3ADP5,Di_taurine_30261,0.0
A0A1E3ADP5,Di_threonine_23465,0.0
A0A1E3ADP5,Di_threonine_33288,0.0
A0A1E3ADP5,Di_unconjugated_34634,0.0
A0A1E3ADP5,Mono_2_aminophenol_41901,0.0
A0A1E3ADP5,Mono_2_aminophenol_45657,239.72157361841474
A0A1E3ADP5,Mono_GABA_40494,26282.518637870726
A0A1E3ADP5,Mono_alanine_40140,7799.366311756351
A0A1E3ADP5,Mono_glutamine_37103,2954.605114538882
A0A1E3ADP5,Mono_glycine_38634,7084850.490266464
A0A1E3ADP5,Mono_lysine_32192,0.0
A0A1E3ADP5,Mono_methionine_41397,0.0
A0A1E3ADP5,Mono_ornithine_31596,0.0
A0A1E3ADP5,Mono_ornithine_33494,0.0
A0A1E3ADP5,Mono_phenylalanine_41412,0.0
A0A1E3ADP5,Mono_serotonin_42743,0.0
A0A1E3ADP5,Mono_taurine_35357,23325160.42674851
A0A1E3ADP5,Mono_tyramine_38979,0.0
A0A1E3ADP5,"Tri_2,3_diaminopropionic acid_14940",0.0
A0A1E3ADP5,"Tri_2,3_diaminopropionic acid_17863",0.0
A0A1E3ADP5,"Tri_2,3_diaminopropionic acid_17869",0.0
A0A1E3ADP5,"Tri_2,3_diaminopropionic acid_18373",0.0
A0A1E3ADP5,Tri_2_aminophenol_35037,0.0
A0A1E3ADP5,Tri_2_aminophenol_39976,1474.7064565856065
A0A1E3ADP5,Tri_3_methoxytyramine_36008,0.0
A0A1E3ADP5,Tri_GABA_22882,100946.07542873919
A0A1E3ADP5,Tri_GABA_26794,482741.50397702196
A0A1E3ADP5,Tri_GABA_M+H2O_23885,0.0
A0A1E3ADP5,Tri_alanine_28457,0.0
A0A1E3ADP5,Tri_arginine_18281,0.0
A0A1E3ADP5,Tri_asparagine_20433,60142.47700096055
A0A1E3ADP5,Tri_cadaverine_19586,0.0
A0A1E3ADP5,Tri_citrulline_22220,0.0
A0A1E3ADP5,Tri_cystine_19329,0.0
A0A1E3ADP5,Tri_dopamine_32050,13974.345864101871
A0A1E3ADP5,Tri_dopamine_32195,0.0
A0A1E3ADP5,Tri_glutamine_22099,0.0
A0A1E3ADP5,Tri_glycine_25947,210381.69896983815
A0A1E3ADP5,Tri_glyglycine_20401,0.0
A0A1E3ADP5,Tri_histidine_17315,0.0
A0A1E3ADP5,Tri_methionine_33885,0.0
A0A1E3ADP5,Tri_ornithine_17210,0.0
A0A1E3ADP5,Tri_phenylalanine_22512,0.0
A0A1E3ADP5,Tri_phenylalanine_37508,0.0
A0A1E3ADP5,Tri_phenylalanine_40024,37187.703224110584
A0A1E3ADP5,Tri_proline_M+NH4_18411,0.0
A0A1E3ADP5,Tri_putrescine_18433,0.0
A0A1E3ADP5,Tri_serine_23158,0.0
A0A1E3ADP5,Tri_taurine_20369,0.0
A0A1E3ADP5,Tri_tryptamine_38723,0.0
A0A1I4P275,"3a,7a,12k_alanine_20366",0.0
A0A1I4P275,"3a,7a,12k_lysine_23168",0.0
A0A1I4P275,3a12k_serine_27652,0.0
A0A1I4P275,3a12k_taurine_22309,51675415.27413355
A0A1I4P275,3a7a12k_taurine_14542,52316063.6980862
A0A1I4P275,3a7k_citrulline_24966,0.0
A0A1I4P275,3a7k_glutamine_24909,0.0
A0A1I4P275,3a7k_serine_26456,0.0
A0A1I4P275,3a7k_threonine_27078,0.0
A0A1I4P275,3k12a_lysine_23849,0.0
A0A1I4P275,3k7a_glutamine_29953,0.0
A0A1I4P275,3k7a_proline_M+NH4_21780,0.0
A0A1I4P275,"Di_2,3_diaminopropionic acid_14073",0.0
A0A1I4P275,Di_2_aminophenol_36589,0.0
A0A1I4P275,Di_2_aminophenol_40269,0.0
A0A1I4P275,Di_3_methoxytyramine_37128,0.0
A0A1I4P275,Di_3_methoxytyramine_37165,0.0
A0A1I4P275,Di_3_methoxytyramine_39396,0.0
A0A1I4P275,Di_GABA_33328,6270.536782925175
A0A1I4P275,Di_GABA_36169,36868.35455694905
A0A1I4P275,Di_alanine_27176,0.0
A0A1I4P275,Di_alanine_35826,0.0
A0A1I4P275,Di_alanine_37411,267779.6329518699
A0A1I4P275,Di_citrulline_22104,0.0
A0A1I4P275,Di_citrulline_31270,0.0
A0A1I4P275,Di_dopamine_34015,0.0
A0A1I4P275,Di_dopamine_38088,0.0
A0A1I4P275,Di_glutamine_30065,0.0
A0A1I4P275,Di_glutamine_30067,0.0
A0A1I4P275,Di_glutamine_31254,0.0
A0A1I4P275,Di_glycine_27361,3574491.114030872
A0A1I4P275,Di_glycine_34166,9764839.928236872
A0A1I4P275,Di_glycine_34738,394257.6460243967
A0A1I4P275,Di_lysine_25070,0.0
A0A1I4P275,Di_methionine_34896,0.0
A0A1I4P275,Di_ornithine_15391,0.0
A0A1I4P275,Di_ornithine_17963,0.0
A0A1I4P275,Di_ornithine_22619,0.0
A0A1I4P275,Di_ornithine_25325,0.0
A0A1I4P275,Di_phenylalanine_22687,0.0
A0A1I4P275,Di_phenylalanine_39833,94044.75189763507
A0A1I4P275,Di_serine_32622,0.0
A0A1I4P275,Di_taurine_19595,2866.923432802543
A0A1I4P275,Di_taurine_29331,5409084.476139251
A0A1I4P275,Di_taurine_30261,0.0
A0A1I4P275,Di_threonine_23465,0.0
A0A1I4P275,Di_threonine_33288,0.0
A0A1I4P275,Di_unconjugated_34634,0.0
A0A1I4P275,Mono_2_aminophenol_41901,0.0
A0A1I4P275,Mono_2_aminophenol_45657,4439.171453286005
A0A1I4P275,Mono_GABA_40494,34419.01809860907
A0A1I4P275,Mono_alanine_40140,19935.214139003503
A0A1I4P275,Mono_glutamine_37103,2153.4119421977907
A0A1I4P275,Mono_glycine_38634,8714616.747264342
A0A1I4P275,Mono_lysine_32192,0.0
A0A1I4P275,Mono_methionine_41397,0.0
A0A1I4P275,Mono_ornithine_31596,0.0
A0A1I4P275,Mono_ornithine_33494,0.0
A0A1I4P275,Mono_phenylalanine_41412,0.0
A0A1I4P275,Mono_serotonin_42743,0.0
A0A1I4P275,Mono_taurine_35357,33247141.271051757
A0A1I4P275,Mono_tyramine_38979,0.0
A0A1I4P275,"Tri_2,3_diaminopropionic acid_14940",0.0
A0A1I4P275,"Tri_2,3_diaminopropionic acid_17863",0.0
A0A1I4P275,"Tri_2,3_diaminopropionic acid_17869",0.0
A0A1I4P275,"Tri_2,3_diaminopropionic acid_18373",0.0
A0A1I4P275,Tri_2_aminophenol_35037,0.0
A0A1I4P275,Tri_2_aminophenol_39976,0.0
A0A1I4P275,Tri_3_methoxytyramine_36008,0.0
A0A1I4P275,Tri_GABA_22882,137430.61856247828
A0A1I4P275,Tri_GABA_26794,841366.7779491735
A0A1I4P275,Tri_GABA_M+H2O_23885,0.0
A0A1I4P275,Tri_alanine_28457,0.0
A0A1I4P275,Tri_arginine_18281,0.0
A0A1I4P275,Tri_asparagine_20433,84547.36341806996
A0A1I4P275,Tri_cadaverine_19586,0.0
A0A1I4P275,Tri_citrulline_22220,0.0
A0A1I4P275,Tri_cystine_19329,0.0
A0A1I4P275,Tri_dopamine_32050,26662.79626089065
A0A1I4P275,Tri_dopamine_32195,0.0
A0A1I4P275,Tri_glutamine_22099,0.0
A0A1I4P275,Tri_glycine_25947,219228.1800249947
A0A1I4P275,Tri_glyglycine_20401,0.0
A0A1I4P275,Tri_histidine_17315,0.0
A0A1I4P275,Tri_methionine_33885,0.0
A0A1I4P275,Tri_ornithine_17210,0.0
A0A1I4P275,Tri_phenylalanine_22512,0.0
A0A1I4P275,Tri_phenylalanine_37508,0.0
A0A1I4P275,Tri_phenylalanine_40024,43288.67909583396
A0A1I4P275,Tri_proline_M+NH4_18411,0.0
A0A1I4P275,Tri_putrescine_18433,0.0
A0A1I4P275,Tri_serine_23158,0.0
A0A1I4P275,Tri_taurine_20369,0.0
A0A1I4P275,Tri_tryptamine_38723,0.0
A0A1M3L7G3,"3a,7a,12k_alanine_20366",0.0
A0A1M3L7G3,"3a,7a,12k_lysine_23168",0.0
A0A1M3L7G3,3a12k_serine_27652,0.0
A0A1M3L7G3,3a12k_taurine_22309,45821635.871192954
A0A1M3L7G3,3a7a12k_taurine_14542,45977220.78729791
A0A1M3L7G3,3a7k_citrulline_24966,0.0
A0A1M3L7G3,3a7k_glutamine_24909,0.0
A0A1M3L7G3,3a7k_serine_26456,0.0
A0A1M3L7G3,3a7k_threonine_27078,0.0
A0A1M3L7G3,3k12a_lysine_23849,0.0
A0A1M3L7G3,3k7a_glutamine_29953,0.0
A0A1M3L7G3,3k7a_proline_M+NH4_21780,0.0
A0A1M3L7G3,"Di_2,3_diaminopropionic acid_14073",0.0
A0A1M3L7G3,Di_2_aminophenol_36589,82420.52951245956
A0A1M3L7G3,Di_2_aminophenol_40269,100871.53452203318
A0A1M3L7G3,Di_3_methoxytyramine_37128,47404.60120850764
A0A1M3L7G3,Di_3_methoxytyramine_37165,4816.938833586627
A0A1M3L7G3,Di_3_methoxytyramine_39396,0.0
A0A1M3L7G3,Di_GABA_33328,4895.04597206801
A0A1M3L7G3,Di_GABA_36169,34800.790571417696
A0A1M3L7G3,Di_alanine_27176,0.0
A0A1M3L7G3,Di_alanine_35826,0.0
A0A1M3L7G3,Di_alanine_37411,227161.88999801414
A0A1M3L7G3,Di_citrulline_22104,0.0
A0A1M3L7G3,Di_citrulline_31270,0.0
A0A1M3L7G3,Di_dopamine_34015,9776.878094565149
A0A1M3L7G3,Di_dopamine_38088,3435.23573180168
A0A1M3L7G3,Di_glutamine_30065,0.0
A0A1M3L7G3,Di_glutamine_30067,0.0
A0A1M3L7G3,Di_glutamine_31254,0.0
A0A1M3L7G3,Di_glycine_27361,3587888.481135596
A0A1M3L7G3,Di_glycine_34166,9856987.000745993
A0A1M3L7G3,Di_glycine_34738,599730.4212918138
A0A1M3L7G3,Di_lysine_25070,0.0
A0A1M3L7G3,Di_methionine_34896,0.0
A0A1M3L7G3,Di_ornithine_15391,0.0
A0A1M3L7G3,Di_ornithine_17963,0.0
A0A1M3L7G3,Di_ornithine_22619,0.0
A0A1M3L7G3,Di_ornithine_25325,0.0
A0A1M3L7G3,Di_phenylalanine_22687,0.0
A0A1M3L7G3,Di_phenylalanine_39833,151458.58712768756
A0A1M3L7G3,Di_serine_32622,0.0
A0A1M3L7G3,Di_taurine_19595,1665.8804471469155
A0A1M3L7G3,Di_taurine_29331,11125553.848270984
A0A1M3L7G3,Di_taurine_30261,0.0
A0A1M3L7G3,Di_threonine_23465,1446.6841556127683
A0A1M3L7G3,Di_threonine_33288,0.0
A0A1M3L7G3,Di_unconjugated_34634,0.0
A0A1M3L7G3,Mono_2_aminophenol_41901,0.0
A0A1M3L7G3,Mono_2_aminophenol_45657,340.8734819438762
A0A1M3L7G3,Mono_GABA_40494,33135.53539246405
A0A1M3L7G3,Mono_alanine_40140,16547.02016072817
A0A1M3L7G3,Mono_glutamine_37103,4020.3598880987797
A0A1M3L7G3,Mono_glycine_38634,7768004.619984308
A0A1M3L7G3,Mono_lysine_32192,0.0
A0A1M3L7G3,Mono_methionine_41397,0.0
A0A1M3L7G3,Mono_ornithine_31596,0.0
A0A1M3L7G3,Mono_ornithine_33494,264.27053410226716
A0A1M3L7G3,Mono_phenylalanine_41412,0.0
A0A1M3L7G3,Mono_serotonin_42743,8031.736832277709
A0A1M3L7G3,Mono_taurine_35357,30754511.384060863
A0A1M3L7G3,Mono_tyramine_38979,0.0
A0A1M3L7G3,"Tri_2,3_diaminopropionic acid_14940",0.0
A0A1M3L7G3,"Tri_2,3_diaminopropionic acid_17863",0.0
A0A1M3L7G3,"Tri_2,3_diaminopropionic acid_17869",0.0
A0A1M3L7G3,"Tri_2,3_diaminopropionic acid_18373",0.0
A0A1M3L7G3,Tri_2_aminophenol_35037,0.0
A0A1M3L7G3,Tri_2_aminophenol_39976,115073.93083275689
A0A1M3L7G3,Tri_3_methoxytyramine_36008,0.0
A0A1M3L7G3,Tri_GABA_22882,136517.21930802835
A0A1M3L7G3,Tri_GABA_26794,757501.1840523336
A0A1M3L7G3,Tri_GABA_M+H2O_23885,0.0
A0A1M3L7G3,Tri_alanine_28457,0.0
A0A1M3L7G3,Tri_arginine_18281,0.0
A0A1M3L7G3,Tri_asparagine_20433,93837.07635676936
A0A1M3L7G3,Tri_cadaverine_19586,0.0
A0A1M3L7G3,Tri_citrulline_22220,0.0
A0A1M3L7G3,Tri_cystine_19329,0.0
A0A1M3L7G3,Tri_dopamine_32050,22939.514335113647
A0A1M3L7G3,Tri_dopamine_32195,0.0
A0A1M3L7G3,Tri_glutamine_22099,0.0
A0A1M3L7G3,Tri_glycine_25947,398003.4682512161
A0A1M3L7G3,Tri_glyglycine_20401,0.0
A0A1M3L7G3,Tri_histidine_17315,0.0
A0A1M3L7G3,Tri_methionine_33885,0.0
A0A1M3L7G3,Tri_ornithine_17210,0.0
A0A1M3L7G3,Tri_phenylalanine_22512,0.0
A0A1M3L7G3,Tri_phenylalanine_37508,0.0
A0A1M3L7G3,Tri_phenylalanine_40024,35155.306268487395
A0A1M3L7G3,Tri_proline_M+NH4_18411,0.0
A0A1M3L7G3,Tri_putrescine_18433,0.0
A0A1M3L7G3,Tri_serine_23158,0.0
A0A1M3L7G3,Tri_taurine_20369,0.0
A0A1M3L7G3,Tri_tryptamine_38723,0.0
A0A1N6ECR1,"3a,7a,12k_alanine_20366",0.0
A0A1N6ECR1,"3a,7a,12k_lysine_23168",0.0
A0A1N6ECR1,3a12k_serine_27652,0.0
A0A1N6ECR1,3a12k_taurine_22309,49900182.86445114
A0A1N6ECR1,3a7a12k_taurine_14542,49656743.896887764
A0A1N6ECR1,3a7k_citrulline_24966,0.0
A0A1N6ECR1,3a7k_glutamine_24909,0.0
A0A1N6ECR1,3a7k_serine_26456,0.0
A0A1N6ECR1,3a7k_threonine_27078,0.0
A0A1N6ECR1,3k12a_lysine_23849,0.0
A0A1N6ECR1,3k7a_glutamine_29953,0.0
A0A1N6ECR1,3k7a_proline_M+NH4_21780,0.0
A0A1N6ECR1,"Di_2,3_diaminopropionic acid_14073",0.0
A0A1N6ECR1,Di_2_aminophenol_36589,0.0
A0A1N6ECR1,Di_2_aminophenol_40269,0.0
A0A1N6ECR1,Di_3_methoxytyramine_37128,0.0
A0A1N6ECR1,Di_3_methoxytyramine_37165,0.0
A0A1N6ECR1,Di_3_methoxytyramine_39396,0.0
A0A1N6ECR1,Di_GABA_33328,5941.993501981595
A0A1N6ECR1,Di_GABA_36169,39308.99174285419
A0A1N6ECR1,Di_alanine_27176,0.0
A0A1N6ECR1,Di_alanine_35826,0.0
A0A1N6ECR1,Di_alanine_37411,275975.7859485929
A0A1N6ECR1,Di_citrulline_22104,0.0
A0A1N6ECR1,Di_citrulline_31270,0.0
A0A1N6ECR1,Di_dopamine_34015,0.0
A0A1N6ECR1,Di_dopamine_38088,0.0
A0A1N6ECR1,Di_glutamine_30065,0.0
A0A1N6ECR1,Di_glutamine_30067,0.0
A0A1N6ECR1,Di_glutamine_31254,0.0
A0A1N6ECR1,Di_glycine_27361,4258601.44383041
A0A1N6ECR1,Di_glycine_34166,9984423.686572589
A0A1N6ECR1,Di_glycine_34738,448548.86207924027
A0A1N6ECR1,Di_lysine_25070,0.0
A0A1N6ECR1,Di_methionine_34896,0.0
A0A1N6ECR1,Di_ornithine_15391,0.0
A0A1N6ECR1,Di_ornithine_17963,0.0
A0A1N6ECR1,Di_ornithine_22619,0.0
A0A1N6ECR1,Di_ornithine_25325,0.0
A0A1N6ECR1,Di_phenylalanine_22687,0.0
A0A1N6ECR1,Di_phenylalanine_39833,165262.08765058164
A0A1N6ECR1,Di_serine_32622,0.0
A0A1N6ECR1,Di_taurine_19595,0.0
A0A1N6ECR1,Di_taurine_29331,7889362.974809767
A0A1N6ECR1,Di_taurine_30261,0.0
A0A1N6ECR1,Di_threonine_23465,0.0
A0A1N6ECR1,Di_threonine_33288,0.0
A0A1N6ECR1,Di_unconjugated_34634,0.0
A0A1N6ECR1,Mono_2_aminophenol_41901,0.0
A0A1N6ECR1,Mono_2_aminophenol_45657,0.0
A0A1N6ECR1,Mono_GABA_40494,34103.22979058224
A0A1N6ECR1,Mono_alanine_40140,17039.069520601795
A0A1N6ECR1,Mono_glutamine_37103,3026.0398524853445
A0A1N6ECR1,Mono_glycine_38634,7671075.352117888
A0A1N6ECR1,Mono_lysine_32192,0.0
A0A1N6ECR1,Mono_methionine_41397,0.0
A0A1N6ECR1,Mono_ornithine_31596,0.0
A0A1N6ECR1,Mono_ornithine_33494,0.0
A0A1N6ECR1,Mono_phenylalanine_41412,0.0
A0A1N6ECR1,Mono_serotonin_42743,0.0
A0A1N6ECR1,Mono_taurine_35357,28021560.516076766
A0A1N6ECR1,Mono_tyramine_38979,0.0
A0A1N6ECR1,"Tri_2,3_diaminopropionic acid_14940",0.0
A0A1N6ECR1,"Tri_2,3_diaminopropionic acid_17863",0.0
A0A1N6ECR1,"Tri_2,3_diaminopropionic acid_17869",0.0
A0A1N6ECR1,"Tri_2,3_diaminopropionic acid_18373",0.0
A0A1N6ECR1,Tri_2_aminophenol_35037,0.0
A0A1N6ECR1,Tri_2_aminophenol_39976,2281.55466973215
A0A1N6ECR1,Tri_3_methoxytyramine_36008,0.0
A0A1N6ECR1,Tri_GABA_22882,119777.99365242013
A0A1N6ECR1,Tri_GABA_26794,708782.8452831352
A0A1N6ECR1,Tri_GABA_M+H2O_23885,0.0
A0A1N6ECR1,Tri_alanine_28457,0.0
A0A1N6ECR1,Tri_arginine_18281,0.0
A0A1N6ECR1,Tri_asparagine_20433,76035.725
A0A1N6ECR1,Tri_cadaverine_19586,0.0
A0A1N6ECR1,Tri_citrulline_22220,0.0
A0A1N6ECR1,Tri_cystine_19329,0.0
A0A1N6ECR1,Tri_dopamine_32050,23626.423463545445
A0A1N6ECR1,Tri_dopamine_32195,0.0
A0A1N6ECR1,Tri_glutamine_22099,0.0
A0A1N6ECR1,Tri_glycine_25947,416899.52001313906
A0A1N6ECR1,Tri_glyglycine_20401,0.0
A0A1N6ECR1,Tri_histidine_17315,0.0
A0A1N6ECR1,Tri_methionine_33885,0.0
A0A1N6ECR1,Tri_ornithine_17210,0.0
A0A1N6ECR1,Tri_phenylalanine_22512,0.0
A0A1N6ECR1,Tri_phenylalanine_37508,0.0
A0A1N6ECR1,Tri_phenylalanine_40024,47035.17000158348
A0A1N6ECR1,Tri_proline_M+NH4_18411,0.0
A0A1N6ECR1,Tri_putrescine_18433,0.0
A0A1N6ECR1,Tri_serine_23158,0.0
A0A1N6ECR1,Tri_taurine_20369,0.0
A0A1N6ECR1,Tri_tryptamine_38723,0.0
A0A1Q6E5Z9,"3a,7a,12k_alanine_20366",0.0
A0A1Q6E5Z9,"3a,7a,12k_lysine_23168",0.0
A0A1Q6E5Z9,3a12k_serine_27652,0.0
A0A1Q6E5Z9,3a12k_taurine_22309,45044.108523210845
A0A1Q6E5Z9,3a7a12k_taurine_14542,43744.20943964406
A0A1Q6E5Z9,3a7k_citrulline_24966,0.0
A0A1Q6E5Z9,3a7k_glutamine_24909,0.0
A0A1Q6E5Z9,3a7k_serine_26456,0.0
A0A1Q6E5Z9,3a7k_threonine_27078,0.0
A0A1Q6E5Z9,3k12a_lysine_23849,0.0
A0A1Q6E5Z9,3k7a_glutamine_29953,0.0
A0A1Q6E5Z9,3k7a_proline_M+NH4_21780,0.0
A0A1Q6E5Z9,"Di_2,3_diaminopropionic acid_14073",0.0
A0A1Q6E5Z9,Di_2_aminophenol_36589,0.0
A0A1Q6E5Z9,Di_2_aminophenol_40269,0.0
A0A1Q6E5Z9,Di_3_methoxytyramine_37128,0.0
A0A1Q6E5Z9,Di_3_methoxytyramine_37165,0.0
A0A1Q6E5Z9,Di_3_methoxytyramine_39396,0.0
A0A1Q6E5Z9,Di_GABA_33328,0.0
A0A1Q6E5Z9,Di_GABA_36169,0.0
A0A1Q6E5Z9,Di_alanine_27176,0.0
A0A1Q6E5Z9,Di_alanine_35826,0.0
A0A1Q6E5Z9,Di_alanine_37411,0.0
A0A1Q6E5Z9,Di_citrulline_22104,0.0
A0A1Q6E5Z9,Di_citrulline_31270,0.0
A0A1Q6E5Z9,Di_dopamine_34015,0.0
A0A1Q6E5Z9,Di_dopamine_38088,0.0
A0A1Q6E5Z9,Di_glutamine_30065,0.0
A0A1Q6E5Z9,Di_glutamine_30067,0.0
A0A1Q6E5Z9,Di_glutamine_31254,0.0
A0A1Q6E5Z9,Di_glycine_27361,67364.27279503121
A0A1Q6E5Z9,Di_glycine_34166,84707.1772049688
A0A1Q6E5Z9,Di_glycine_34738,0.0
A0A1Q6E5Z9,Di_lysine_25070,0.0
A0A1Q6E5Z9,Di_methionine_34896,0.0
A0A1Q6E5Z9,Di_ornithine_15391,0.0
A0A1Q6E5Z9,Di_ornithine_17963,0.0
A0A1Q6E5Z9,Di_ornithine_22619,0.0
A0A1Q6E5Z9,Di_ornithine_25325,0.0
A0A1Q6E5Z9,Di_phenylalanine_22687,0.0
A0A1Q6E5Z9,Di_phenylalanine_39833,0.0
A0A1Q6E5Z9,Di_serine_32622,0.0
A0A1Q6E5Z9,Di_taurine_19595,0.0
A0A1Q6E5Z9,Di_taurine_29331,31504.731865792422
A0A1Q6E5Z9,Di_taurine_30261,0.0
A0A1Q6E5Z9,Di_threonine_23465,0.0
A0A1Q6E5Z9,Di_threonine_33288,0.0
A0A1Q6E5Z9,Di_unconjugated_34634,0.0
A0A1Q6E5Z9,Mono_2_aminophenol_41901,0.0
A0A1Q6E5Z9,Mono_2_aminophenol_45657,0.0
A0A1Q6E5Z9,Mono_GABA_40494,0.0
A0A1Q6E5Z9,Mono_alanine_40140,0.0
A0A1Q6E5Z9,Mono_glutamine_37103,0.0
A0A1Q6E5Z9,Mono_glycine_38634,183128.23646909397
A0A1Q6E5Z9,Mono_lysine_32192,0.0
A0A1Q6E5Z9,Mono_methionine_41397,0.0
A0A1Q6E5Z9,Mono_ornithine_31596,0.0
A0A1Q6E5Z9,Mono_ornithine_33494,0.0
A0A1Q6E5Z9,Mono_phenylalanine_41412,0.0
A0A1Q6E5Z9,Mono_serotonin_42743,0.0
A0A1Q6E5Z9,Mono_taurine_35357,127985.46813014564
A0A1Q6E5Z9,Mono_tyramine_38979,0.0
A0A1Q6E5Z9,"Tri_2,3_diaminopropionic acid_14940",0.0
A0A1Q6E5Z9,"Tri_2,3_diaminopropionic acid_17863",0.0
A0A1Q6E5Z9,"Tri_2,3_diaminopropionic acid_17869",0.0
A0A1Q6E5Z9,"Tri_2,3_diaminopropionic acid_18373",0.0
A0A1Q6E5Z9,Tri_2_aminophenol_35037,0.0
A0A1Q6E5Z9,Tri_2_aminophenol_39976,0.0
A0A1Q6E5Z9,Tri_3_methoxytyramine_36008,0.0
A0A1Q6E5Z9,Tri_GABA_22882,0.0
A0A1Q6E5Z9,Tri_GABA_26794,0.0
A0A1Q6E5Z9,Tri_GABA_M+H2O_23885,0.0
A0A1Q6E5Z9,Tri_alanine_28457,0.0
A0A1Q6E5Z9,Tri_arginine_18281,0.0
A0A1Q6E5Z9,Tri_asparagine_20433,0.0
A0A1Q6E5Z9,Tri_cadaverine_19586,0.0
A0A1Q6E5Z9,Tri_citrulline_22220,0.0
A0A1Q6E5Z9,Tri_cystine_19329,0.0
A0A1Q6E5Z9,Tri_dopamine_32050,0.0
A0A1Q6E5Z9,Tri_dopamine_32195,0.0
A0A1Q6E5Z9,Tri_glutamine_22099,0.0
A0A1Q6E5Z9,Tri_glycine_25947,0.0
A0A1Q6E5Z9,Tri_glyglycine_20401,0.0
A0A1Q6E5Z9,Tri_histidine_17315,0.0
A0A1Q6E5Z9,Tri_methionine_33885,0.0
A0A1Q6E5Z9,Tri_ornithine_17210,0.0
A0A1Q6E5Z9,Tri_phenylalanine_22512,0.0
A0A1Q6E5Z9,Tri_phenylalanine_37508,0.0
A0A1Q6E5Z9,Tri_phenylalanine_40024,0.0
A0A1Q6E5Z9,Tri_proline_M+NH4_18411,0.0
A0A1Q6E5Z9,Tri_putrescine_18433,0.0
A0A1Q6E5Z9,Tri_serine_23158,0.0
A0A1Q6E5Z9,Tri_taurine_20369,0.0
A0A1Q6E5Z9,Tri_tryptamine_38723,0.0
A0A1Q6F0C9,"3a,7a,12k_alanine_20366",0.0
A0A1Q6F0C9,"3a,7a,12k_lysine_23168",0.0
A0A1Q6F0C9,3a12k_serine_27652,1268.2634778198994
A0A1Q6F0C9,3a12k_taurine_22309,40905449.75135885
A0A1Q6F0C9,3a7a12k_taurine_14542,38687789.86873885
A0A1Q6F0C9,3a7k_citrulline_24966,0.0
A0A1Q6F0C9,3a7k_glutamine_24909,0.0
A0A1Q6F0C9,3a7k_serine_26456,0.0
A0A1Q6F0C9,3a7k_threonine_27078,0.0
A0A1Q6F0C9,3k12a_lysine_23849,0.0
A0A1Q6F0C9,3k7a_glutamine_29953,0.0
A0A1Q6F0C9,3k7a_proline_M+NH4_21780,0.0
A0A1Q6F0C9,"Di_2,3_diaminopropionic acid_14073",0.0
A0A1Q6F0C9,Di_2_aminophenol_36589,0.0
A0A1Q6F0C9,Di_2_aminophenol_40269,0.0
A0A1Q6F0C9,Di_3_methoxytyramine_37128,0.0
A0A1Q6F0C9,Di_3_methoxytyramine_37165,0.0
A0A1Q6F0C9,Di_3_methoxytyramine_39396,0.0
A0A1Q6F0C9,Di_GABA_33328,4556.743729656018
A0A1Q6F0C9,Di_GABA_36169,29129.367319278517
A0A1Q6F0C9,Di_alanine_27176,0.0
A0A1Q6F0C9,Di_alanine_35826,0.0
A0A1Q6F0C9,Di_alanine_37411,167163.71467609817
A0A1Q6F0C9,Di_citrulline_22104,0.0
A0A1Q6F0C9,Di_citrulline_31270,0.0
A0A1Q6F0C9,Di_dopamine_34015,0.0
A0A1Q6F0C9,Di_dopamine_38088,0.0
A0A1Q6F0C9,Di_glutamine_30065,0.0
A0A1Q6F0C9,Di_glutamine_30067,0.0
A0A1Q6F0C9,Di_glutamine_31254,0.0
A0A1Q6F0C9,Di_glycine_27361,2994639.198936376
A0A1Q6F0C9,Di_glycine_34166,8490614.281952355
A0A1Q6F0C9,Di_glycine_34738,476927.2685195531
A0A1Q6F0C9,Di_lysine_25070,0.0
A0A1Q6F0C9,Di_methionine_34896,0.0
A0A1Q6F0C9,Di_ornithine_15391,0.0
A0A1Q6F0C9,Di_ornithine_17963,0.0
A0A1Q6F0C9,Di_ornithine_22619,0.0
A0A1Q6F0C9,Di_ornithine_25325,0.0
A0A1Q6F0C9,Di_phenylalanine_22687,0.0
A0A1Q6F0C9,Di_phenylalanine_39833,116986.08309740966
A0A1Q6F0C9,Di_serine_32622,0.0
A0A1Q6F0C9,Di_taurine_19595,2725.948086744842
A0A1Q6F0C9,Di_taurine_29331,8056093.272157762
A0A1Q6F0C9,Di_taurine_30261,0.0
A0A1Q6F0C9,Di_threonine_23465,0.0
A0A1Q6F0C9,Di_threonine_33288,0.0
A0A1Q6F0C9,Di_unconjugated_34634,0.0
A0A1Q6F0C9,Mono_2_aminophenol_41901,0.0
A0A1Q6F0C9,Mono_2_aminophenol_45657,398.27601936648574
A0A1Q6F0C9,Mono_GABA_40494,25806.18138451183
A0A1Q6F0C9,Mono_alanine_40140,11994.487123877803
A0A1Q6F0C9,Mono_glutamine_37103,2952.472546409335
A0A1Q6F0C9,Mono_glycine_38634,7115405.3569965055
A0A1Q6F0C9,Mono_lysine_32192,0.0
A0A1Q6F0C9,Mono_methionine_41397,0.0
A0A1Q6F0C9,Mono_ornithine_31596,0.0
A0A1Q6F0C9,Mono_ornithine_33494,0.0
A0A1Q6F0C9,Mono_phenylalanine_41412,0.0
A0A1Q6F0C9,Mono_serotonin_42743,0.0
A0A1Q6F0C9,Mono_taurine_35357,26306749.296403658
A0A1Q6F0C9,Mono_tyramine_38979,0.0
A0A1Q6F0C9,"Tri_2,3_diaminopropionic acid_14940",0.0
A0A1Q6F0C9,"Tri_2,3_diaminopropionic acid_17863",0.0
A0A1Q6F0C9,"Tri_2,3_diaminopropionic acid_17869",0.0
A0A1Q6F0C9,"Tri_2,3_diaminopropionic acid_18373",0.0
A0A1Q6F0C9,Tri_2_aminophenol_35037,0.0
A0A1Q6F0C9,Tri_2_aminophenol_39976,0.0
A0A1Q6F0C9,Tri_3_methoxytyramine_36008,0.0
A0A1Q6F0C9,Tri_GABA_22882,109695.2093548915
A0A1Q6F0C9,Tri_GABA_26794,727646.5697649249
A0A1Q6F0C9,Tri_GABA_M+H2O_23885,0.0
A0A1Q6F0C9,Tri_alanine_28457,0.0
A0A1Q6F0C9,Tri_arginine_18281,0.0
A0A1Q6F0C9,Tri_asparagine_20433,89488.3025430355
A0A1Q6F0C9,Tri_cadaverine_19586,0.0
A0A1Q6F0C9,Tri_citrulline_22220,0.0
A0A1Q6F0C9,Tri_cystine_19329,0.0
A0A1Q6F0C9,Tri_dopamine_32050,32838.36990948488
A0A1Q6F0C9,Tri_dopamine_32195,0.0
A0A1Q6F0C9,Tri_glutamine_22099,0.0
A0A1Q6F0C9,Tri_glycine_25947,262967.0895737652
A0A1Q6F0C9,Tri_glyglycine_20401,0.0
A0A1Q6F0C9,Tri_histidine_17315,0.0
A0A1Q6F0C9,Tri_methionine_33885,0.0
A0A1Q6F0C9,Tri_ornithine_17210,0.0
A0A1Q6F0C9,Tri_phenylalanine_22512,0.0
A0A1Q6F0C9,Tri_phenylalanine_37508,0.0
A0A1Q6F0C9,Tri_phenylalanine_40024,28285.21868914795
A0A1Q6F0C9,Tri_proline_M+NH4_18411,0.0
A0A1Q6F0C9,Tri_putrescine_18433,0.0
A0A1Q6F0C9,Tri_serine_23158,0.0
A0A1Q6F0C9,Tri_taurine_20369,0.0
A0A1Q6F0C9,Tri_tryptamine_38723,0.0
A0A1Q6JXM9,"3a,7a,12k_alanine_20366",0.0
A0A1Q6JXM9,"3a,7a,12k_lysine_23168",0.0
A0A1Q6JXM9,3a12k_serine_27652,0.0
A0A1Q6JXM9,3a12k_taurine_22309,66720.29883068023
A0A1Q6JXM9,3a7a12k_taurine_14542,71705.71510229346
A0A1Q6JXM9,3a7k_citrulline_24966,0.0
A0A1Q6JXM9,3a7k_glutamine_24909,0.0
A0A1Q6JXM9,3a7k_serine_26456,0.0
A0A1Q6JXM9,3a7k_threonine_27078,0.0
A0A1Q6JXM9,3k12a_lysine_23849,0.0
A0A1Q6JXM9,3k7a_glutamine_29953,0.0
A0A1Q6JXM9,3k7a_proline_M+NH4_21780,0.0
A0A1Q6JXM9,"Di_2,3_diaminopropionic acid_14073",0.0
A0A1Q6JXM9,Di_2_aminophenol_36589,0.0
A0A1Q6JXM9,Di_2_aminophenol_40269,0.0
A0A1Q6JXM9,Di_3_methoxytyramine_37128,0.0
A0A1Q6JXM9,Di_3_methoxytyramine_37165,0.0
A0A1Q6JXM9,Di_3_methoxytyramine_39396,0.0
A0A1Q6JXM9,Di_GABA_33328,0.0
A0A1Q6JXM9,Di_GABA_36169,0.0
A0A1Q6JXM9,Di_alanine_27176,0.0
A0A1Q6JXM9,Di_alanine_35826,0.0
A0A1Q6JXM9,Di_alanine_37411,0.0
A0A1Q6JXM9,Di_citrulline_22104,0.0
A0A1Q6JXM9,Di_citrulline_31270,0.0
A0A1Q6JXM9,Di_dopamine_34015,0.0
A0A1Q6JXM9,Di_dopamine_38088,0.0
A0A1Q6JXM9,Di_glutamine_30065,0.0
A0A1Q6JXM9,Di_glutamine_30067,0.0
A0A1Q6JXM9,Di_glutamine_31254,0.0
A0A1Q6JXM9,Di_glycine_27361,37940.321994486105
A0A1Q6JXM9,Di_glycine_34166,50174.53744792711
A0A1Q6JXM9,Di_glycine_34738,0.0
A0A1Q6JXM9,Di_lysine_25070,0.0
A0A1Q6JXM9,Di_methionine_34896,0.0
A0A1Q6JXM9,Di_ornithine_15391,0.0
A0A1Q6JXM9,Di_ornithine_17963,0.0
A0A1Q6JXM9,Di_ornithine_22619,0.0
A0A1Q6JXM9,Di_ornithine_25325,0.0
A0A1Q6JXM9,Di_phenylalanine_22687,0.0
A0A1Q6JXM9,Di_phenylalanine_39833,0.0
A0A1Q6JXM9,Di_serine_32622,0.0
A0A1Q6JXM9,Di_taurine_19595,0.0
A0A1Q6JXM9,Di_taurine_29331,73262.11995559688
A0A1Q6JXM9,Di_taurine_30261,0.0
A0A1Q6JXM9,Di_threonine_23465,0.0
A0A1Q6JXM9,Di_threonine_33288,0.0
A0A1Q6JXM9,Di_unconjugated_34634,0.0
A0A1Q6JXM9,Mono_2_aminophenol_41901,0.0
A0A1Q6JXM9,Mono_2_aminophenol_45657,0.0
A0A1Q6JXM9,Mono_GABA_40494,0.0
A0A1Q6JXM9,Mono_alanine_40140,0.0
A0A1Q6JXM9,Mono_glutamine_37103,0.0
A0A1Q6JXM9,Mono_glycine_38634,167009.50339411045
A0A1Q6JXM9,Mono_lysine_32192,0.0
A0A1Q6JXM9,Mono_methionine_41397,0.0
A0A1Q6JXM9,Mono_ornithine_31596,0.0
A0A1Q6JXM9,Mono_ornithine_33494,0.0
A0A1Q6JXM9,Mono_phenylalanine_41412,0.0
A0A1Q6JXM9,Mono_serotonin_42743,0.0
A0A1Q6JXM9,Mono_taurine_35357,103372.48719096341
A0A1Q6JXM9,Mono_tyramine_38979,0.0
A0A1Q6JXM9,"Tri_2,3_diaminopropionic acid_14940",0.0
A0A1Q6JXM9,"Tri_2,3_diaminopropionic acid_17863",0.0
A0A1Q6JXM9,"Tri_2,3_diaminopropionic acid_17869",0.0
A0A1Q6JXM9,"Tri_2,3_diaminopropionic acid_18373",0.0
A0A1Q6JXM9,Tri_2_aminophenol_35037,0.0
A0A1Q6JXM9,Tri_2_aminophenol_39976,0.0
A0A1Q6JXM9,Tri_3_methoxytyramine_36008,0.0
A0A1Q6JXM9,Tri_GABA_22882,0.0
A0A1Q6JXM9,Tri_GABA_26794,0.0
A0A1Q6JXM9,Tri_GABA_M+H2O_23885,0.0
A0A1Q6JXM9,Tri_alanine_28457,0.0
A0A1Q6JXM9,Tri_arginine_18281,0.0
A0A1Q6JXM9,Tri_asparagine_20433,0.0
A0A1Q6JXM9,Tri_cadaverine_19586,0.0
A0A1Q6JXM9,Tri_citrulline_22220,0.0
A0A1Q6JXM9,Tri_cystine_19329,0.0
A0A1Q6JXM9,Tri_dopamine_32050,0.0
A0A1Q6JXM9,Tri_dopamine_32195,0.0
A0A1Q6JXM9,Tri_glutamine_22099,0.0
A0A1Q6JXM9,Tri_glycine_25947,0.0
A0A1Q6JXM9,Tri_glyglycine_20401,0.0
A0A1Q6JXM9,Tri_histidine_17315,0.0
A0A1Q6JXM9,Tri_methionine_33885,0.0
A0A1Q6JXM9,Tri_ornithine_17210,0.0
A0A1Q6JXM9,Tri_phenylalanine_22512,0.0
A0A1Q6JXM9,Tri_phenylalanine_37508,0.0
A0A1Q6JXM9,Tri_phenylalanine_40024,0.0
A0A1Q6JXM9,Tri_proline_M+NH4_18411,0.0
A0A1Q6JXM9,Tri_putrescine_18433,0.0
A0A1Q6JXM9,Tri_serine_23158,0.0
A0A1Q6JXM9,Tri_taurine_20369,0.0
A0A1Q6JXM9,Tri_tryptamine_38723,0.0
A0A1Q6K9G3,"3a,7a,12k_alanine_20366",748326.9693154244
A0A1Q6K9G3,"3a,7a,12k_lysine_23168",140744.1818828026
A0A1Q6K9G3,3a12k_serine_27652,235656.91390299986
A0A1Q6K9G3,3a12k_taurine_22309,88295481.06139335
A0A1Q6K9G3,3a7a12k_taurine_14542,82072541.16539377
A0A1Q6K9G3,3a7k_citrulline_24966,0.0
A0A1Q6K9G3,3a7k_glutamine_24909,4964.585780519743
A0A1Q6K9G3,3a7k_serine_26456,27671.908610000457
A0A1Q6K9G3,3a7k_threonine_27078,6875.520379719154
A0A1Q6K9G3,3k12a_lysine_23849,0.0
A0A1Q6K9G3,3k7a_glutamine_29953,0.0
A0A1Q6K9G3,3k7a_proline_M+NH4_21780,0.0
A0A1Q6K9G3,"Di_2,3_diaminopropionic acid_14073",0.0
A0A1Q6K9G3,Di_2_aminophenol_36589,27561.707929886656
A0A1Q6K9G3,Di_2_aminophenol_40269,71131.03309821578
A0A1Q6K9G3,Di_3_methoxytyramine_37128,0.0
A0A1Q6K9G3,Di_3_methoxytyramine_37165,0.0
A0A1Q6K9G3,Di_3_methoxytyramine_39396,0.0
A0A1Q6K9G3,Di_GABA_33328,331645.1246986256
A0A1Q6K9G3,Di_GABA_36169,71711.48777770215
A0A1Q6K9G3,Di_alanine_27176,0.0
A0A1Q6K9G3,Di_alanine_35826,183650.51918940982
A0A1Q6K9G3,Di_alanine_37411,531330.8510686589
A0A1Q6K9G3,Di_citrulline_22104,0.0
A0A1Q6K9G3,Di_citrulline_31270,1945.8963098440045
A0A1Q6K9G3,Di_dopamine_34015,0.0
A0A1Q6K9G3,Di_dopamine_38088,0.0
A0A1Q6K9G3,Di_glutamine_30065,0.0
A0A1Q6K9G3,Di_glutamine_30067,781.5775825296007
A0A1Q6K9G3,Di_glutamine_31254,5524.622928374488
A0A1Q6K9G3,Di_glycine_27361,3748102.29572358
A0A1Q6K9G3,Di_glycine_34166,4264822.597999812
A0A1Q6K9G3,Di_glycine_34738,3167427.5768035655
A0A1Q6K9G3,Di_lysine_25070,2356.8748874522503
A0A1Q6K9G3,Di_methionine_34896,0.0
A0A1Q6K9G3,Di_ornithine_15391,0.0
A0A1Q6K9G3,Di_ornithine_17963,0.0
A0A1Q6K9G3,Di_ornithine_22619,0.0
A0A1Q6K9G3,Di_ornithine_25325,2502.5016180909392
A0A1Q6K9G3,Di_phenylalanine_22687,0.0
A0A1Q6K9G3,Di_phenylalanine_39833,63967.67369651034
A0A1Q6K9G3,Di_serine_32622,1695.1767372051704
A0A1Q6K9G3,Di_taurine_19595,7854.489044224031
A0A1Q6K9G3,Di_taurine_29331,15594162.84434184
A0A1Q6K9G3,Di_taurine_30261,4377.397675617147
A0A1Q6K9G3,Di_threonine_23465,1260.0702838596876
A0A1Q6K9G3,Di_threonine_33288,0.0
A0A1Q6K9G3,Di_unconjugated_34634,91379.13536024683
A0A1Q6K9G3,Mono_2_aminophenol_41901,0.0
A0A1Q6K9G3,Mono_2_aminophenol_45657,9038.95843202687
A0A1Q6K9G3,Mono_GABA_40494,48692.059941698404
A0A1Q6K9G3,Mono_alanine_40140,335362.7968233287
A0A1Q6K9G3,Mono_glutamine_37103,0.0
A0A1Q6K9G3,Mono_glycine_38634,8883229.574656224
A0A1Q6K9G3,Mono_lysine_32192,0.0
A0A1Q6K9G3,Mono_methionine_41397,0.0
A0A1Q6K9G3,Mono_ornithine_31596,0.0
A0A1Q6K9G3,Mono_ornithine_33494,0.0
A0A1Q6K9G3,Mono_phenylalanine_41412,0.0
A0A1Q6K9G3,Mono_serotonin_42743,9968.818431247166
A0A1Q6K9G3,Mono_taurine_35357,58839900.78572464
A0A1Q6K9G3,Mono_tyramine_38979,42651.67223701121
A0A1Q6K9G3,"Tri_2,3_diaminopropionic acid_14940",31835.86206916397
A0A1Q6K9G3,"Tri_2,3_diaminopropionic acid_17863",0.0
A0A1Q6K9G3,"Tri_2,3_diaminopropionic acid_17869",23455.567271579723
A0A1Q6K9G3,"Tri_2,3_diaminopropionic acid_18373",1127066.4389776455
A0A1Q6K9G3,Tri_2_aminophenol_35037,27715.271193554327
A0A1Q6K9G3,Tri_2_aminophenol_39976,276581.63354100595
A0A1Q6K9G3,Tri_3_methoxytyramine_36008,0.0
A0A1Q6K9G3,Tri_GABA_22882,128513.76772690729
A0A1Q6K9G3,Tri_GABA_26794,176906.30557682604
A0A1Q6K9G3,Tri_GABA_M+H2O_23885,245122.6563660337
A0A1Q6K9G3,Tri_alanine_28457,109676.0217870386
A0A1Q6K9G3,Tri_arginine_18281,0.0
A0A1Q6K9G3,Tri_asparagine_20433,1827314.2451756424
A0A1Q6K9G3,Tri_cadaverine_19586,0.0
A0A1Q6K9G3,Tri_citrulline_22220,0.0
A0A1Q6K9G3,Tri_cystine_19329,0.0
A0A1Q6K9G3,Tri_dopamine_32050,49489.56915478052
A0A1Q6K9G3,Tri_dopamine_32195,0.0
A0A1Q6K9G3,Tri_glutamine_22099,0.0
A0A1Q6K9G3,Tri_glycine_25947,296445.93453152763
A0A1Q6K9G3,Tri_glyglycine_20401,134070.8124168381
A0A1Q6K9G3,Tri_histidine_17315,0.0
A0A1Q6K9G3,Tri_methionine_33885,62635.631725508334
A0A1Q6K9G3,Tri_ornithine_17210,0.0
A0A1Q6K9G3,Tri_phenylalanine_22512,7092.683292430417
A0A1Q6K9G3,Tri_phenylalanine_37508,0.0
A0A1Q6K9G3,Tri_phenylalanine_40024,144573.65352814953
A0A1Q6K9G3,Tri_proline_M+NH4_18411,0.0
A0A1Q6K9G3,Tri_putrescine_18433,0.0
A0A1Q6K9G3,Tri_serine_23158,8454.242166401404
A0A1Q6K9G3,Tri_taurine_20369,0.0
A0A1Q6K9G3,Tri_tryptamine_38723,0.0
A0A1Q6M5M7,"3a,7a,12k_alanine_20366",0.0
A0A1Q6M5M7,"3a,7a,12k_lysine_23168",0.0
A0A1Q6M5M7,3a12k_serine_27652,0.0
A0A1Q6M5M7,3a12k_taurine_22309,68041.70831460311
A0A1Q6M5M7,3a7a12k_taurine_14542,55812.58882673875
A0A1Q6M5M7,3a7k_citrulline_24966,0.0
A0A1Q6M5M7,3a7k_glutamine_24909,0.0
A0A1Q6M5M7,3a7k_serine_26456,0.0
A0A1Q6M5M7,3a7k_threonine_27078,0.0
A0A1Q6M5M7,3k12a_lysine_23849,0.0
A0A1Q6M5M7,3k7a_glutamine_29953,0.0
A0A1Q6M5M7,3k7a_proline_M+NH4_21780,0.0
A0A1Q6M5M7,"Di_2,3_diaminopropionic acid_14073",0.0
A0A1Q6M5M7,Di_2_aminophenol_36589,0.0
A0A1Q6M5M7,Di_2_aminophenol_40269,0.0
A0A1Q6M5M7,Di_3_methoxytyramine_37128,0.0
A0A1Q6M5M7,Di_3_methoxytyramine_37165,0.0
A0A1Q6M5M7,Di_3_methoxytyramine_39396,0.0
A0A1Q6M5M7,Di_GABA_33328,0.0
A0A1Q6M5M7,Di_GABA_36169,0.0
A0A1Q6M5M7,Di_alanine_27176,0.0
A0A1Q6M5M7,Di_alanine_35826,0.0
A0A1Q6M5M7,Di_alanine_37411,0.0
A0A1Q6M5M7,Di_citrulline_22104,0.0
A0A1Q6M5M7,Di_citrulline_31270,0.0
A0A1Q6M5M7,Di_dopamine_34015,0.0
A0A1Q6M5M7,Di_dopamine_38088,0.0
A0A1Q6M5M7,Di_glutamine_30065,0.0
A0A1Q6M5M7,Di_glutamine_30067,0.0
A0A1Q6M5M7,Di_glutamine_31254,0.0
A0A1Q6M5M7,Di_glycine_27361,137964.39952621717
A0A1Q6M5M7,Di_glycine_34166,43249.34443636713
A0A1Q6M5M7,Di_glycine_34738,0.0
A0A1Q6M5M7,Di_lysine_25070,0.0
A0A1Q6M5M7,Di_methionine_34896,0.0
A0A1Q6M5M7,Di_ornithine_15391,0.0
A0A1Q6M5M7,Di_ornithine_17963,0.0
A0A1Q6M5M7,Di_ornithine_22619,0.0
A0A1Q6M5M7,Di_ornithine_25325,0.0
A0A1Q6M5M7,Di_phenylalanine_22687,0.0
A0A1Q6M5M7,Di_phenylalanine_39833,0.0
A0A1Q6M5M7,Di_serine_32622,0.0
A0A1Q6M5M7,Di_taurine_19595,0.0
A0A1Q6M5M7,Di_taurine_29331,49090.34609460944
A0A1Q6M5M7,Di_taurine_30261,0.0
A0A1Q6M5M7,Di_threonine_23465,0.0
A0A1Q6M5M7,Di_threonine_33288,0.0
A0A1Q6M5M7,Di_unconjugated_34634,0.0
A0A1Q6M5M7,Mono_2_aminophenol_41901,0.0
A0A1Q6M5M7,Mono_2_aminophenol_45657,0.0
A0A1Q6M5M7,Mono_GABA_40494,0.0
A0A1Q6M5M7,Mono_alanine_40140,0.0
A0A1Q6M5M7,Mono_glutamine_37103,0.0
A0A1Q6M5M7,Mono_glycine_38634,183990.44530578115
A0A1Q6M5M7,Mono_lysine_32192,0.0
A0A1Q6M5M7,Mono_methionine_41397,0.0
A0A1Q6M5M7,Mono_ornithine_31596,0.0
A0A1Q6M5M7,Mono_ornithine_33494,0.0
A0A1Q6M5M7,Mono_phenylalanine_41412,0.0
A0A1Q6M5M7,Mono_serotonin_42743,0.0
A0A1Q6M5M7,Mono_taurine_35357,84029.74168539692
A0A1Q6M5M7,Mono_tyramine_38979,0.0
A0A1Q6M5M7,"Tri_2,3_diaminopropionic acid_14940",0.0
A0A1Q6M5M7,"Tri_2,3_diaminopropionic acid_17863",0.0
A0A1Q6M5M7,"Tri_2,3_diaminopropionic acid_17869",0.0
A0A1Q6M5M7,"Tri_2,3_diaminopropionic acid_18373",0.0
A0A1Q6M5M7,Tri_2_aminophenol_35037,0.0
A0A1Q6M5M7,Tri_2_aminophenol_39976,0.0
A0A1Q6M5M7,Tri_3_methoxytyramine_36008,0.0
A0A1Q6M5M7,Tri_GABA_22882,0.0
A0A1Q6M5M7,Tri_GABA_26794,0.0
A0A1Q6M5M7,Tri_GABA_M+H2O_23885,0.0
A0A1Q6M5M7,Tri_alanine_28457,0.0
A0A1Q6M5M7,Tri_arginine_18281,0.0
A0A1Q6M5M7,Tri_asparagine_20433,0.0
A0A1Q6M5M7,Tri_cadaverine_19586,0.0
A0A1Q6M5M7,Tri_citrulline_22220,0.0
A0A1Q6M5M7,Tri_cystine_19329,0.0
A0A1Q6M5M7,Tri_dopamine_32050,0.0
A0A1Q6M5M7,Tri_dopamine_32195,0.0
A0A1Q6M5M7,Tri_glutamine_22099,0.0
A0A1Q6M5M7,Tri_glycine_25947,0.0
A0A1Q6M5M7,Tri_glyglycine_20401,0.0
A0A1Q6M5M7,Tri_histidine_17315,0.0
A0A1Q6M5M7,Tri_methionine_33885,0.0
A0A1Q6M5M7,Tri_ornithine_17210,0.0
A0A1Q6M5M7,Tri_phenylalanine_22512,0.0
A0A1Q6M5M7,Tri_phenylalanine_37508,0.0
A0A1Q6M5M7,Tri_phenylalanine_40024,0.0
A0A1Q6M5M7,Tri_proline_M+NH4_18411,0.0
A0A1Q6M5M7,Tri_putrescine_18433,0.0
A0A1Q6M5M7,Tri_serine_23158,0.0
A0A1Q6M5M7,Tri_taurine_20369,0.0
A0A1Q6M5M7,Tri_tryptamine_38723,0.0
A0A1Q6PYZ4,"3a,7a,12k_alanine_20366",1205332.0649434365
A0A1Q6PYZ4,"3a,7a,12k_lysine_23168",212953.28512831888
A0A1Q6PYZ4,3a12k_serine_27652,183048.551466701
A0A1Q6PYZ4,3a12k_taurine_22309,11492433.608713128
A0A1Q6PYZ4,3a7a12k_taurine_14542,16001722.887733586
A0A1Q6PYZ4,3a7k_citrulline_24966,0.0
A0A1Q6PYZ4,3a7k_glutamine_24909,48504.29012008703
A0A1Q6PYZ4,3a7k_serine_26456,14400.482849128946
A0A1Q6PYZ4,3a7k_threonine_27078,3044.1939768063353
A0A1Q6PYZ4,3k12a_lysine_23849,0.0
A0A1Q6PYZ4,3k7a_glutamine_29953,23295.82061321165
A0A1Q6PYZ4,3k7a_proline_M+NH4_21780,23217.247255596856
A0A1Q6PYZ4,"Di_2,3_diaminopropionic acid_14073",0.0
A0A1Q6PYZ4,Di_2_aminophenol_36589,1353304.459601009
A0A1Q6PYZ4,Di_2_aminophenol_40269,332395.85827932815
A0A1Q6PYZ4,Di_3_methoxytyramine_37128,5770.48224470026
A0A1Q6PYZ4,Di_3_methoxytyramine_37165,0.0
A0A1Q6PYZ4,Di_3_methoxytyramine_39396,20403.735294037826
A0A1Q6PYZ4,Di_GABA_33328,1238810.5325275215
A0A1Q6PYZ4,Di_GABA_36169,80508.21936041431
A0A1Q6PYZ4,Di_alanine_27176,75813.30979166704
A0A1Q6PYZ4,Di_alanine_35826,925731.7338304498
A0A1Q6PYZ4,Di_alanine_37411,735714.2132827136
A0A1Q6PYZ4,Di_citrulline_22104,0.0
A0A1Q6PYZ4,Di_citrulline_31270,16533.64920415191
A0A1Q6PYZ4,Di_dopamine_34015,0.0
A0A1Q6PYZ4,Di_dopamine_38088,0.0
A0A1Q6PYZ4,Di_glutamine_30065,13943.200264358826
A0A1Q6PYZ4,Di_glutamine_30067,48124.38697056376
A0A1Q6PYZ4,Di_glutamine_31254,254227.71202030146
A0A1Q6PYZ4,Di_glycine_27361,17646449.706117794
A0A1Q6PYZ4,Di_glycine_34166,2810527.15563917
A0A1Q6PYZ4,Di_glycine_34738,392985.3548829539
A0A1Q6PYZ4,Di_lysine_25070,87964.0581912712
A0A1Q6PYZ4,Di_methionine_34896,0.0
A0A1Q6PYZ4,Di_ornithine_15391,49811.87979337207
A0A1Q6PYZ4,Di_ornithine_17963,49811.87979337207
A0A1Q6PYZ4,Di_ornithine_22619,37050.46368621634
A0A1Q6PYZ4,Di_ornithine_25325,0.0
A0A1Q6PYZ4,Di_phenylalanine_22687,9594.793498397032
A0A1Q6PYZ4,Di_phenylalanine_39833,76800.01440383926
A0A1Q6PYZ4,Di_serine_32622,0.0
A0A1Q6PYZ4,Di_taurine_19595,55726.84241616062
A0A1Q6PYZ4,Di_taurine_29331,10557551.123222591
A0A1Q6PYZ4,Di_taurine_30261,25511.865816265166
A0A1Q6PYZ4,Di_threonine_23465,18741.24261602297
A0A1Q6PYZ4,Di_threonine_33288,0.0
A0A1Q6PYZ4,Di_unconjugated_34634,398360.62921995425
A0A1Q6PYZ4,Mono_2_aminophenol_41901,0.0
A0A1Q6PYZ4,Mono_2_aminophenol_45657,3297.077052184468
A0A1Q6PYZ4,Mono_GABA_40494,47189.50448507323
A0A1Q6PYZ4,Mono_alanine_40140,746705.020408535
A0A1Q6PYZ4,Mono_glutamine_37103,0.0
A0A1Q6PYZ4,Mono_glycine_38634,6803650.630487281
A0A1Q6PYZ4,Mono_lysine_32192,19503.19207941888
A0A1Q6PYZ4,Mono_methionine_41397,0.0
A0A1Q6PYZ4,Mono_ornithine_31596,7034.833798333477
A0A1Q6PYZ4,Mono_ornithine_33494,0.0
A0A1Q6PYZ4,Mono_phenylalanine_41412,0.0
A0A1Q6PYZ4,Mono_serotonin_42743,0.0
A0A1Q6PYZ4,Mono_taurine_35357,26389566.79022235
A0A1Q6PYZ4,Mono_tyramine_38979,0.0
A0A1Q6PYZ4,"Tri_2,3_diaminopropionic acid_14940",188057.8812280354
A0A1Q6PYZ4,"Tri_2,3_diaminopropionic acid_17863",0.0
A0A1Q6PYZ4,"Tri_2,3_diaminopropionic acid_17869",0.0
A0A1Q6PYZ4,"Tri_2,3_diaminopropionic acid_18373",13100709.68240836
A0A1Q6PYZ4,Tri_2_aminophenol_35037,533084.2147582769
A0A1Q6PYZ4,Tri_2_aminophenol_39976,1262536.4968382951
A0A1Q6PYZ4,Tri_3_methoxytyramine_36008,10637.566768537426
A0A1Q6PYZ4,Tri_GABA_22882,82359.60529682021
A0A1Q6PYZ4,Tri_GABA_26794,49956.813124971064
A0A1Q6PYZ4,Tri_GABA_M+H2O_23885,653905.797723826
A0A1Q6PYZ4,Tri_alanine_28457,151872.17256496433
A0A1Q6PYZ4,Tri_arginine_18281,9955.02876677904
A0A1Q6PYZ4,Tri_asparagine_20433,2362596.2257621605
A0A1Q6PYZ4,Tri_cadaverine_19586,14806.871913503554
A0A1Q6PYZ4,Tri_citrulline_22220,6905.005058667207
A0A1Q6PYZ4,Tri_cystine_19329,21026.53531641723
A0A1Q6PYZ4,Tri_dopamine_32050,91171.24762893181
A0A1Q6PYZ4,Tri_dopamine_32195,774.6980485225575
A0A1Q6PYZ4,Tri_glutamine_22099,194868.1765523927
A0A1Q6PYZ4,Tri_glycine_25947,0.0
A0A1Q6PYZ4,Tri_glyglycine_20401,182875.49168247843
A0A1Q6PYZ4,Tri_histidine_17315,16199.05172354653
A0A1Q6PYZ4,Tri_methionine_33885,32923.88917019675
A0A1Q6PYZ4,Tri_ornithine_17210,122828.52224671571
A0A1Q6PYZ4,Tri_phenylalanine_22512,0.0
A0A1Q6PYZ4,Tri_phenylalanine_37508,0.0
A0A1Q6PYZ4,Tri_phenylalanine_40024,243036.2522377538
A0A1Q6PYZ4,Tri_proline_M+NH4_18411,0.0
A0A1Q6PYZ4,Tri_putrescine_18433,0.0
A0A1Q6PYZ4,Tri_serine_23158,1707.8239941539832
A0A1Q6PYZ4,Tri_taurine_20369,0.0
A0A1Q6PYZ4,Tri_tryptamine_38723,0.0
A0A1Q6RAM4,"3a,7a,12k_alanine_20366",0.0
A0A1Q6RAM4,"3a,7a,12k_lysine_23168",0.0
A0A1Q6RAM4,3a12k_serine_27652,0.0
A0A1Q6RAM4,3a12k_taurine_22309,23840979.377242982
A0A1Q6RAM4,3a7a12k_taurine_14542,28849449.97370951
A0A1Q6RAM4,3a7k_citrulline_24966,0.0
A0A1Q6RAM4,3a7k_glutamine_24909,0.0
A0A1Q6RAM4,3a7k_serine_26456,0.0
A0A1Q6RAM4,3a7k_threonine_27078,0.0
A0A1Q6RAM4,3k12a_lysine_23849,0.0
A0A1Q6RAM4,3k7a_glutamine_29953,0.0
A0A1Q6RAM4,3k7a_proline_M+NH4_21780,0.0
A0A1Q6RAM4,"Di_2,3_diaminopropionic acid_14073",0.0
A0A1Q6RAM4,Di_2_aminophenol_36589,0.0
A0A1Q6RAM4,Di_2_aminophenol_40269,0.0
A0A1Q6RAM4,Di_3_methoxytyramine_37128,0.0
A0A1Q6RAM4,Di_3_methoxytyramine_37165,0.0
A0A1Q6RAM4,Di_3_methoxytyramine_39396,0.0
A0A1Q6RAM4,Di_GABA_33328,2802.4838398375846
A0A1Q6RAM4,Di_GABA_36169,19715.40177558276
A0A1Q6RAM4,Di_alanine_27176,0.0
A0A1Q6RAM4,Di_alanine_35826,0.0
A0A1Q6RAM4,Di_alanine_37411,137412.77546336
A0A1Q6RAM4,Di_citrulline_22104,0.0
A0A1Q6RAM4,Di_citrulline_31270,0.0
A0A1Q6RAM4,Di_dopamine_34015,0.0
A0A1Q6RAM4,Di_dopamine_38088,0.0
A0A1Q6RAM4,Di_glutamine_30065,0.0
A0A1Q6RAM4,Di_glutamine_30067,0.0
A0A1Q6RAM4,Di_glutamine_31254,0.0
A0A1Q6RAM4,Di_glycine_27361,2614202.050406769
A0A1Q6RAM4,Di_glycine_34166,6412242.464605113
A0A1Q6RAM4,Di_glycine_34738,391588.2960729002
A0A1Q6RAM4,Di_lysine_25070,0.0
A0A1Q6RAM4,Di_methionine_34896,0.0
A0A1Q6RAM4,Di_ornithine_15391,0.0
A0A1Q6RAM4,Di_ornithine_17963,0.0
A0A1Q6RAM4,Di_ornithine_22619,0.0
A0A1Q6RAM4,Di_ornithine_25325,0.0
A0A1Q6RAM4,Di_phenylalanine_22687,0.0
A0A1Q6RAM4,Di_phenylalanine_39833,87764.44798121262
A0A1Q6RAM4,Di_serine_32622,0.0
A0A1Q6RAM4,Di_taurine_19595,1948.2504616903889
A0A1Q6RAM4,Di_taurine_29331,8189735.854251693
A0A1Q6RAM4,Di_taurine_30261,0.0
A0A1Q6RAM4,Di_threonine_23465,0.0
A0A1Q6RAM4,Di_threonine_33288,0.0
A0A1Q6RAM4,Di_unconjugated_34634,0.0
A0A1Q6RAM4,Mono_2_aminophenol_41901,0.0
A0A1Q6RAM4,Mono_2_aminophenol_45657,484.29655574100184
A0A1Q6RAM4,Mono_GABA_40494,20970.73898977705
A0A1Q6RAM4,Mono_alanine_40140,10339.142456802294
A0A1Q6RAM4,Mono_glutamine_37103,3299.808095426344
A0A1Q6RAM4,Mono_glycine_38634,5364889.605452551
A0A1Q6RAM4,Mono_lysine_32192,0.0
A0A1Q6RAM4,Mono_methionine_41397,0.0
A0A1Q6RAM4,Mono_ornithine_31596,0.0
A0A1Q6RAM4,Mono_ornithine_33494,0.0
A0A1Q6RAM4,Mono_phenylalanine_41412,0.0
A0A1Q6RAM4,Mono_serotonin_42743,0.0
A0A1Q6RAM4,Mono_taurine_35357,18893656.913622938
A0A1Q6RAM4,Mono_tyramine_38979,0.0
A0A1Q6RAM4,"Tri_2,3_diaminopropionic acid_14940",0.0
A0A1Q6RAM4,"Tri_2,3_diaminopropionic acid_17863",0.0
A0A1Q6RAM4,"Tri_2,3_diaminopropionic acid_17869",0.0
A0A1Q6RAM4,"Tri_2,3_diaminopropionic acid_18373",0.0
A0A1Q6RAM4,Tri_2_aminophenol_35037,0.0
A0A1Q6RAM4,Tri_2_aminophenol_39976,967.7824696468996
A0A1Q6RAM4,Tri_3_methoxytyramine_36008,0.0
A0A1Q6RAM4,Tri_GABA_22882,101147.91315273772
A0A1Q6RAM4,Tri_GABA_26794,483831.729623462
A0A1Q6RAM4,Tri_GABA_M+H2O_23885,0.0
A0A1Q6RAM4,Tri_alanine_28457,0.0
A0A1Q6RAM4,Tri_arginine_18281,0.0
A0A1Q6RAM4,Tri_asparagine_20433,57309.259657352384
A0A1Q6RAM4,Tri_cadaverine_19586,0.0
A0A1Q6RAM4,Tri_citrulline_22220,0.0
A0A1Q6RAM4,Tri_cystine_19329,0.0
A0A1Q6RAM4,Tri_dopamine_32050,14511.618214361948
A0A1Q6RAM4,Tri_dopamine_32195,0.0
A0A1Q6RAM4,Tri_glutamine_22099,0.0
A0A1Q6RAM4,Tri_glycine_25947,134860.97960419662
A0A1Q6RAM4,Tri_glyglycine_20401,0.0
A0A1Q6RAM4,Tri_histidine_17315,0.0
A0A1Q6RAM4,Tri_methionine_33885,0.0
A0A1Q6RAM4,Tri_ornithine_17210,0.0
A0A1Q6RAM4,Tri_phenylalanine_22512,0.0
A0A1Q6RAM4,Tri_phenylalanine_37508,0.0
A0A1Q6RAM4,Tri_phenylalanine_40024,28862.024544015167
A0A1Q6RAM4,Tri_proline_M+NH4_18411,0.0
A0A1Q6RAM4,Tri_putrescine_18433,0.0
A0A1Q6RAM4,Tri_serine_23158,0.0
A0A1Q6RAM4,Tri_taurine_20369,0.0
A0A1Q6RAM4,Tri_tryptamine_38723,0.0
A0A1Q6SNA2,"3a,7a,12k_alanine_20366",0.0
A0A1Q6SNA2,"3a,7a,12k_lysine_23168",0.0
A0A1Q6SNA2,3a12k_serine_27652,0.0
A0A1Q6SNA2,3a12k_taurine_22309,76215.38463177667
A0A1Q6SNA2,3a7a12k_taurine_14542,64542.7758611171
A0A1Q6SNA2,3a7k_citrulline_24966,0.0
A0A1Q6SNA2,3a7k_glutamine_24909,0.0
A0A1Q6SNA2,3a7k_serine_26456,0.0
A0A1Q6SNA2,3a7k_threonine_27078,0.0
A0A1Q6SNA2,3k12a_lysine_23849,0.0
A0A1Q6SNA2,3k7a_glutamine_29953,0.0
A0A1Q6SNA2,3k7a_proline_M+NH4_21780,0.0
A0A1Q6SNA2,"Di_2,3_diaminopropionic acid_14073",0.0
A0A1Q6SNA2,Di_2_aminophenol_36589,0.0
A0A1Q6SNA2,Di_2_aminophenol_40269,0.0
A0A1Q6SNA2,Di_3_methoxytyramine_37128,0.0
A0A1Q6SNA2,Di_3_methoxytyramine_37165,0.0
A0A1Q6SNA2,Di_3_methoxytyramine_39396,0.0
A0A1Q6SNA2,Di_GABA_33328,0.0
A0A1Q6SNA2,Di_GABA_36169,0.0
A0A1Q6SNA2,Di_alanine_27176,0.0
A0A1Q6SNA2,Di_alanine_35826,0.0
A0A1Q6SNA2,Di_alanine_37411,0.0
A0A1Q6SNA2,Di_citrulline_22104,0.0
A0A1Q6SNA2,Di_citrulline_31270,0.0
A0A1Q6SNA2,Di_dopamine_34015,0.0
A0A1Q6SNA2,Di_dopamine_38088,0.0
A0A1Q6SNA2,Di_glutamine_30065,0.0
A0A1Q6SNA2,Di_glutamine_30067,0.0
A0A1Q6SNA2,Di_glutamine_31254,0.0
A0A1Q6SNA2,Di_glycine_27361,75856.06536822334
A0A1Q6SNA2,Di_glycine_34166,134769.61947708795
A0A1Q6SNA2,Di_glycine_34738,0.0
A0A1Q6SNA2,Di_lysine_25070,0.0
A0A1Q6SNA2,Di_methionine_34896,0.0
A0A1Q6SNA2,Di_ornithine_15391,0.0
A0A1Q6SNA2,Di_ornithine_17963,0.0
A0A1Q6SNA2,Di_ornithine_22619,0.0
A0A1Q6SNA2,Di_ornithine_25325,0.0
A0A1Q6SNA2,Di_phenylalanine_22687,0.0
A0A1Q6SNA2,Di_phenylalanine_39833,0.0
A0A1Q6SNA2,Di_serine_32622,0.0
A0A1Q6SNA2,Di_taurine_19595,0.0
A0A1Q6SNA2,Di_taurine_29331,93780.61768811154
A0A1Q6SNA2,Di_taurine_30261,0.0
A0A1Q6SNA2,Di_threonine_23465,0.0
A0A1Q6SNA2,Di_threonine_33288,0.0
A0A1Q6SNA2,Di_unconjugated_34634,0.0
A0A1Q6SNA2,Mono_2_aminophenol_41901,0.0
A0A1Q6SNA2,Mono_2_aminophenol_45657,0.0
A0A1Q6SNA2,Mono_GABA_40494,0.0
A0A1Q6SNA2,Mono_alanine_40140,0.0
A0A1Q6SNA2,Mono_glutamine_37103,0.0
A0A1Q6SNA2,Mono_glycine_38634,426910.0410535741
A0A1Q6SNA2,Mono_lysine_32192,0.0
A0A1Q6SNA2,Mono_methionine_41397,0.0
A0A1Q6SNA2,Mono_ornithine_31596,0.0
A0A1Q6SNA2,Mono_ornithine_33494,0.0
A0A1Q6SNA2,Mono_phenylalanine_41412,0.0
A0A1Q6SNA2,Mono_serotonin_42743,0.0
A0A1Q6SNA2,Mono_taurine_35357,267924.0926760228
A0A1Q6SNA2,Mono_tyramine_38979,0.0
A0A1Q6SNA2,"Tri_2,3_diaminopropionic acid_14940",0.0
A0A1Q6SNA2,"Tri_2,3_diaminopropionic acid_17863",0.0
A0A1Q6SNA2,"Tri_2,3_diaminopropionic acid_17869",0.0
A0A1Q6SNA2,"Tri_2,3_diaminopropionic acid_18373",0.0
A0A1Q6SNA2,Tri_2_aminophenol_35037,0.0
A0A1Q6SNA2,Tri_2_aminophenol_39976,0.0
A0A1Q6SNA2,Tri_3_methoxytyramine_36008,0.0
A0A1Q6SNA2,Tri_GABA_22882,0.0
A0A1Q6SNA2,Tri_GABA_26794,0.0
A0A1Q6SNA2,Tri_GABA_M+H2O_23885,0.0
A0A1Q6SNA2,Tri_alanine_28457,0.0
A0A1Q6SNA2,Tri_arginine_18281,0.0
A0A1Q6SNA2,Tri_asparagine_20433,0.0
A0A1Q6SNA2,Tri_cadaverine_19586,0.0
A0A1Q6SNA2,Tri_citrulline_22220,0.0
A0A1Q6SNA2,Tri_cystine_19329,0.0
A0A1Q6SNA2,Tri_dopamine_32050,0.0
A0A1Q6SNA2,Tri_dopamine_32195,0.0
A0A1Q6SNA2,Tri_glutamine_22099,0.0
A0A1Q6SNA2,Tri_glycine_25947,0.0
A0A1Q6SNA2,Tri_glyglycine_20401,0.0
A0A1Q6SNA2,Tri_histidine_17315,0.0
A0A1Q6SNA2,Tri_methionine_33885,0.0
A0A1Q6SNA2,Tri_ornithine_17210,0.0
A0A1Q6SNA2,Tri_phenylalanine_22512,0.0
A0A1Q6SNA2,Tri_phenylalanine_37508,0.0
A0A1Q6SNA2,Tri_phenylalanine_40024,0.0
A0A1Q6SNA2,Tri_proline_M+NH4_18411,0.0
A0A1Q6SNA2,Tri_putrescine_18433,0.0
A0A1Q6SNA2,Tri_serine_23158,0.0
A0A1Q6SNA2,Tri_taurine_20369,0.0
A0A1Q6SNA2,Tri_tryptamine_38723,0.0
A0A1Y3QT37,"3a,7a,12k_alanine_20366",229709.68066013954
A0A1Y3QT37,"3a,7a,12k_lysine_23168",165629.44836653705
A0A1Y3QT37,3a12k_serine_27652,287129.43492125446
A0A1Y3QT37,3a12k_taurine_22309,80536812.04091927
A0A1Y3QT37,3a7a12k_taurine_14542,76559005.87775397
A0A1Y3QT37,3a7k_citrulline_24966,0.0
A0A1Y3QT37,3a7k_glutamine_24909,3651.4715920632443
A0A1Y3QT37,3a7k_serine_26456,78029.17382811764
A0A1Y3QT37,3a7k_threonine_27078,31665.10012703762
A0A1Y3QT37,3k12a_lysine_23849,0.0
A0A1Y3QT37,3k7a_glutamine_29953,0.0
A0A1Y3QT37,3k7a_proline_M+NH4_21780,0.0
A0A1Y3QT37,"Di_2,3_diaminopropionic acid_14073",0.0
A0A1Y3QT37,Di_2_aminophenol_36589,30709.195082307844
A0A1Y3QT37,Di_2_aminophenol_40269,71144.29551105892
A0A1Y3QT37,Di_3_methoxytyramine_37128,0.0
A0A1Y3QT37,Di_3_methoxytyramine_37165,0.0
A0A1Y3QT37,Di_3_methoxytyramine_39396,0.0
A0A1Y3QT37,Di_GABA_33328,211295.0855961573
A0A1Y3QT37,Di_GABA_36169,65438.02974826012
A0A1Y3QT37,Di_alanine_27176,10200.348588347004
A0A1Y3QT37,Di_alanine_35826,185001.48344922694
A0A1Y3QT37,Di_alanine_37411,717285.1270390237
A0A1Y3QT37,Di_citrulline_22104,0.0
A0A1Y3QT37,Di_citrulline_31270,0.0
A0A1Y3QT37,Di_dopamine_34015,0.0
A0A1Y3QT37,Di_dopamine_38088,0.0
A0A1Y3QT37,Di_glutamine_30065,0.0
A0A1Y3QT37,Di_glutamine_30067,0.0
A0A1Y3QT37,Di_glutamine_31254,801.6740513167298
A0A1Y3QT37,Di_glycine_27361,1790209.3074757562
A0A1Y3QT37,Di_glycine_34166,1537789.2026504101
A0A1Y3QT37,Di_glycine_34738,2886633.5091474187
A0A1Y3QT37,Di_lysine_25070,0.0
A0A1Y3QT37,Di_methionine_34896,0.0
A0A1Y3QT37,Di_ornithine_15391,0.0
A0A1Y3QT37,Di_ornithine_17963,0.0
A0A1Y3QT37,Di_ornithine_22619,0.0
A0A1Y3QT37,Di_ornithine_25325,1272.8238236451534
A0A1Y3QT37,Di_phenylalanine_22687,0.0
A0A1Y3QT37,Di_phenylalanine_39833,46120.74984128847
A0A1Y3QT37,Di_serine_32622,169681.19688014418
A0A1Y3QT37,Di_taurine_19595,1999.7528012709777
A0A1Y3QT37,Di_taurine_29331,24670759.874777727
A0A1Y3QT37,Di_taurine_30261,10154.12811899297
A0A1Y3QT37,Di_threonine_23465,6988.563478112973
A0A1Y3QT37,Di_threonine_33288,898.6893380024775
A0A1Y3QT37,Di_unconjugated_34634,83175.5201754099
A0A1Y3QT37,Mono_2_aminophenol_41901,0.0
A0A1Y3QT37,Mono_2_aminophenol_45657,5733.629005106728
A0A1Y3QT37,Mono_GABA_40494,39461.48759426472
A0A1Y3QT37,Mono_alanine_40140,380605.13616897276
A0A1Y3QT37,Mono_glutamine_37103,0.0
A0A1Y3QT37,Mono_glycine_38634,6193273.466057199
A0A1Y3QT37,Mono_lysine_32192,0.0
A0A1Y3QT37,Mono_methionine_41397,3984.1343444362824
A0A1Y3QT37,Mono_ornithine_31596,0.0
A0A1Y3QT37,Mono_ornithine_33494,0.0
A0A1Y3QT37,Mono_phenylalanine_41412,0.0
A0A1Y3QT37,Mono_serotonin_42743,5872.194477295213
A0A1Y3QT37,Mono_taurine_35357,57437029.89114178
A0A1Y3QT37,Mono_tyramine_38979,50421.330906346106
A0A1Y3QT37,"Tri_2,3_diaminopropionic acid_14940",0.0
A0A1Y3QT37,"Tri_2,3_diaminopropionic acid_17863",0.0
A0A1Y3QT37,"Tri_2,3_diaminopropionic acid_17869",39000.41888905964
A0A1Y3QT37,"Tri_2,3_diaminopropionic acid_18373",246729.6371008009
A0A1Y3QT37,Tri_2_aminophenol_35037,50685.32222242521
A0A1Y3QT37,Tri_2_aminophenol_39976,327780.6923222211
A0A1Y3QT37,Tri_3_methoxytyramine_36008,0.0
A0A1Y3QT37,Tri_GABA_22882,199444.89820150216
A0A1Y3QT37,Tri_GABA_26794,973366.3599849008
A0A1Y3QT37,Tri_GABA_M+H2O_23885,152372.27620856368
A0A1Y3QT37,Tri_alanine_28457,242550.24007946483
A0A1Y3QT37,Tri_arginine_18281,0.0
A0A1Y3QT37,Tri_asparagine_20433,1054394.2471411407
A0A1Y3QT37,Tri_cadaverine_19586,0.0
A0A1Y3QT37,Tri_citrulline_22220,0.0
A0A1Y3QT37,Tri_cystine_19329,0.0
A0A1Y3QT37,Tri_dopamine_32050,52341.68915112411
A0A1Y3QT37,Tri_dopamine_32195,0.0
A0A1Y3QT37,Tri_glutamine_22099,0.0
A0A1Y3QT37,Tri_glycine_25947,158649.98803725437
A0A1Y3QT37,Tri_glyglycine_20401,63382.823322247095
A0A1Y3QT37,Tri_histidine_17315,0.0
A0A1Y3QT37,Tri_methionine_33885,23179.27981491968
A0A1Y3QT37,Tri_ornithine_17210,0.0
A0A1Y3QT37,Tri_phenylalanine_22512,0.0
A0A1Y3QT37,Tri_phenylalanine_37508,5958.16252398461
A0A1Y3QT37,Tri_phenylalanine_40024,144785.33558198062
A0A1Y3QT37,Tri_proline_M+NH4_18411,0.0
A0A1Y3QT37,Tri_putrescine_18433,0.0
A0A1Y3QT37,Tri_serine_23158,11972.758473857908
A0A1Y3QT37,Tri_taurine_20369,0.0
A0A1Y3QT37,Tri_tryptamine_38723,0.0
A0A1Y3TDY5,"3a,7a,12k_alanine_20366",21296.209028157013
A0A1Y3TDY5,"3a,7a,12k_lysine_23168",21346.988828561785
A0A1Y3TDY5,3a12k_serine_27652,0.0
A0A1Y3TDY5,3a12k_taurine_22309,62326150.97518594
A0A1Y3TDY5,3a7a12k_taurine_14542,85525669.57550175
A0A1Y3TDY5,3a7k_citrulline_24966,0.0
A0A1Y3TDY5,3a7k_glutamine_24909,0.0
A0A1Y3TDY5,3a7k_serine_26456,1887.544426583274
A0A1Y3TDY5,3a7k_threonine_27078,0.0
A0A1Y3TDY5,3k12a_lysine_23849,0.0
A0A1Y3TDY5,3k7a_glutamine_29953,0.0
A0A1Y3TDY5,3k7a_proline_M+NH4_21780,0.0
A0A1Y3TDY5,"Di_2,3_diaminopropionic acid_14073",0.0
A0A1Y3TDY5,Di_2_aminophenol_36589,5143085.613233666
A0A1Y3TDY5,Di_2_aminophenol_40269,1706886.3980921116
A0A1Y3TDY5,Di_3_methoxytyramine_37128,12340.245078890734
A0A1Y3TDY5,Di_3_methoxytyramine_37165,0.0
A0A1Y3TDY5,Di_3_methoxytyramine_39396,0.0
A0A1Y3TDY5,Di_GABA_33328,1824669.4866082703
A0A1Y3TDY5,Di_GABA_36169,51660.072791220475
A0A1Y3TDY5,Di_alanine_27176,0.0
A0A1Y3TDY5,Di_alanine_35826,12116.714684058066
A0A1Y3TDY5,Di_alanine_37411,526015.0735641338
A0A1Y3TDY5,Di_citrulline_22104,12023.71200738117
A0A1Y3TDY5,Di_citrulline_31270,0.0
A0A1Y3TDY5,Di_dopamine_34015,3648.510034632624
A0A1Y3TDY5,Di_dopamine_38088,0.0
A0A1Y3TDY5,Di_glutamine_30065,0.0
A0A1Y3TDY5,Di_glutamine_30067,0.0
A0A1Y3TDY5,Di_glutamine_31254,0.0
A0A1Y3TDY5,Di_glycine_27361,8699759.47255904
A0A1Y3TDY5,Di_glycine_34166,22832846.61595339
A0A1Y3TDY5,Di_glycine_34738,1486405.7677547776
A0A1Y3TDY5,Di_lysine_25070,2425.2578572016087
A0A1Y3TDY5,Di_methionine_34896,0.0
A0A1Y3TDY5,Di_ornithine_15391,0.0
A0A1Y3TDY5,Di_ornithine_17963,27779.240828625483
A0A1Y3TDY5,Di_ornithine_22619,7085.137483094096
A0A1Y3TDY5,Di_ornithine_25325,15697.017078132767
A0A1Y3TDY5,Di_phenylalanine_22687,0.0
A0A1Y3TDY5,Di_phenylalanine_39833,255576.9230574177
A0A1Y3TDY5,Di_serine_32622,0.0
A0A1Y3TDY5,Di_taurine_19595,0.0
A0A1Y3TDY5,Di_taurine_29331,22371429.945125323
A0A1Y3TDY5,Di_taurine_30261,0.0
A0A1Y3TDY5,Di_threonine_23465,0.0
A0A1Y3TDY5,Di_threonine_33288,0.0
A0A1Y3TDY5,Di_unconjugated_34634,0.0
A0A1Y3TDY5,Mono_2_aminophenol_41901,43029.325294603295
A0A1Y3TDY5,Mono_2_aminophenol_45657,8243.965407152811
A0A1Y3TDY5,Mono_GABA_40494,55281.53479040735
A0A1Y3TDY5,Mono_alanine_40140,40665.951367363545
A0A1Y3TDY5,Mono_glutamine_37103,3778.657521515989
A0A1Y3TDY5,Mono_glycine_38634,15955249.168208925
A0A1Y3TDY5,Mono_lysine_32192,4434.124620040717
A0A1Y3TDY5,Mono_methionine_41397,0.0
A0A1Y3TDY5,Mono_ornithine_31596,0.0
A0A1Y3TDY5,Mono_ornithine_33494,624.4557972529512
A0A1Y3TDY5,Mono_phenylalanine_41412,0.0
A0A1Y3TDY5,Mono_serotonin_42743,0.0
A0A1Y3TDY5,Mono_taurine_35357,33919735.0075084
A0A1Y3TDY5,Mono_tyramine_38979,109383.48292183642
A0A1Y3TDY5,"Tri_2,3_diaminopropionic acid_14940",0.0
A0A1Y3TDY5,"Tri_2,3_diaminopropionic acid_17863",0.0
A0A1Y3TDY5,"Tri_2,3_diaminopropionic acid_17869",0.0
A0A1Y3TDY5,"Tri_2,3_diaminopropionic acid_18373",148609.7109427765
A0A1Y3TDY5,Tri_2_aminophenol_35037,215502.57713984948
A0A1Y3TDY5,Tri_2_aminophenol_39976,3197513.5932223536
A0A1Y3TDY5,Tri_3_methoxytyramine_36008,0.0
A0A1Y3TDY5,Tri_GABA_22882,321618.9658661166
A0A1Y3TDY5,Tri_GABA_26794,1251997.4035494565
A0A1Y3TDY5,Tri_GABA_M+H2O_23885,385564.26547546295
A0A1Y3TDY5,Tri_alanine_28457,1488.097968967338
A0A1Y3TDY5,Tri_arginine_18281,0.0
A0A1Y3TDY5,Tri_asparagine_20433,199059.1574714644
A0A1Y3TDY5,Tri_cadaverine_19586,0.0
A0A1Y3TDY5,Tri_citrulline_22220,0.0
A0A1Y3TDY5,Tri_cystine_19329,0.0
A0A1Y3TDY5,Tri_dopamine_32050,61840.76252916129
A0A1Y3TDY5,Tri_dopamine_32195,0.0
A0A1Y3TDY5,Tri_glutamine_22099,0.0
A0A1Y3TDY5,Tri_glycine_25947,0.0
A0A1Y3TDY5,Tri_glyglycine_20401,0.0
A0A1Y3TDY5,Tri_histidine_17315,0.0
A0A1Y3TDY5,Tri_methionine_33885,0.0
A0A1Y3TDY5,Tri_ornithine_17210,0.0
A0A1Y3TDY5,Tri_phenylalanine_22512,0.0
A0A1Y3TDY5,Tri_phenylalanine_37508,0.0
A0A1Y3TDY5,Tri_phenylalanine_40024,99510.90267029339
A0A1Y3TDY5,Tri_proline_M+NH4_18411,0.0
A0A1Y3TDY5,Tri_putrescine_18433,0.0
A0A1Y3TDY5,Tri_serine_23158,0.0
A0A1Y3TDY5,Tri_taurine_20369,0.0
A0A1Y3TDY5,Tri_tryptamine_38723,0.0
A0A1Y3VSR9,"3a,7a,12k_alanine_20366",0.0
A0A1Y3VSR9,"3a,7a,12k_lysine_23168",0.0
A0A1Y3VSR9,3a12k_serine_27652,0.0
A0A1Y3VSR9,3a12k_taurine_22309,109713498.56951277
A0A1Y3VSR9,3a7a12k_taurine_14542,121858333.23316306
A0A1Y3VSR9,3a7k_citrulline_24966,0.0
A0A1Y3VSR9,3a7k_glutamine_24909,0.0
A0A1Y3VSR9,3a7k_serine_26456,0.0
A0A1Y3VSR9,3a7k_threonine_27078,0.0
A0A1Y3VSR9,3k12a_lysine_23849,0.0
A0A1Y3VSR9,3k7a_glutamine_29953,0.0
A0A1Y3VSR9,3k7a_proline_M+NH4_21780,0.0
A0A1Y3VSR9,"Di_2,3_diaminopropionic acid_14073",0.0
A0A1Y3VSR9,Di_2_aminophenol_36589,29165.03002647103
A0A1Y3VSR9,Di_2_aminophenol_40269,51996.386946442195
A0A1Y3VSR9,Di_3_methoxytyramine_37128,48725.86218727649
A0A1Y3VSR9,Di_3_methoxytyramine_37165,4669.246173766235
A0A1Y3VSR9,Di_3_methoxytyramine_39396,0.0
A0A1Y3VSR9,Di_GABA_33328,13584.818347711805
A0A1Y3VSR9,Di_GABA_36169,100918.93695261619
A0A1Y3VSR9,Di_alanine_27176,0.0
A0A1Y3VSR9,Di_alanine_35826,0.0
A0A1Y3VSR9,Di_alanine_37411,576805.9331798117
A0A1Y3VSR9,Di_citrulline_22104,0.0
A0A1Y3VSR9,Di_citrulline_31270,0.0
A0A1Y3VSR9,Di_dopamine_34015,5943.992306569992
A0A1Y3VSR9,Di_dopamine_38088,0.0
A0A1Y3VSR9,Di_glutamine_30065,0.0
A0A1Y3VSR9,Di_glutamine_30067,0.0
A0A1Y3VSR9,Di_glutamine_31254,0.0
A0A1Y3VSR9,Di_glycine_27361,10588228.311300617
A0A1Y3VSR9,Di_glycine_34166,28789832.58619732
A0A1Y3VSR9,Di_glycine_34738,2280056.491786547
A0A1Y3VSR9,Di_lysine_25070,0.0
A0A1Y3VSR9,Di_methionine_34896,0.0
A0A1Y3VSR9,Di_ornithine_15391,0.0
A0A1Y3VSR9,Di_ornithine_17963,0.0
A0A1Y3VSR9,Di_ornithine_22619,0.0
A0A1Y3VSR9,Di_ornithine_25325,1188.134124153176
A0A1Y3VSR9,Di_phenylalanine_22687,0.0
A0A1Y3VSR9,Di_phenylalanine_39833,223063.3197012942
A0A1Y3VSR9,Di_serine_32622,0.0
A0A1Y3VSR9,Di_taurine_19595,10155.711552150095
A0A1Y3VSR9,Di_taurine_29331,30250266.26812444
A0A1Y3VSR9,Di_taurine_30261,0.0
A0A1Y3VSR9,Di_threonine_23465,0.0
A0A1Y3VSR9,Di_threonine_33288,0.0
A0A1Y3VSR9,Di_unconjugated_34634,0.0
A0A1Y3VSR9,Mono_2_aminophenol_41901,0.0
A0A1Y3VSR9,Mono_2_aminophenol_45657,824.3184542014053
A0A1Y3VSR9,Mono_GABA_40494,81344.62451549145
A0A1Y3VSR9,Mono_alanine_40140,45419.557837609966
A0A1Y3VSR9,Mono_glutamine_37103,12297.734669341025
A0A1Y3VSR9,Mono_glycine_38634,24794229.10020984
A0A1Y3VSR9,Mono_lysine_32192,0.0
A0A1Y3VSR9,Mono_methionine_41397,0.0
A0A1Y3VSR9,Mono_ornithine_31596,0.0
A0A1Y3VSR9,Mono_ornithine_33494,1862.8750174213158
A0A1Y3VSR9,Mono_phenylalanine_41412,0.0
A0A1Y3VSR9,Mono_serotonin_42743,5654.026971274468
A0A1Y3VSR9,Mono_taurine_35357,76085768.48614822
A0A1Y3VSR9,Mono_tyramine_38979,0.0
A0A1Y3VSR9,"Tri_2,3_diaminopropionic acid_14940",0.0
A0A1Y3VSR9,"Tri_2,3_diaminopropionic acid_17863",0.0
A0A1Y3VSR9,"Tri_2,3_diaminopropionic acid_17869",0.0
A0A1Y3VSR9,"Tri_2,3_diaminopropionic acid_18373",0.0
A0A1Y3VSR9,Tri_2_aminophenol_35037,0.0
A0A1Y3VSR9,Tri_2_aminophenol_39976,33773.72740838769
A0A1Y3VSR9,Tri_3_methoxytyramine_36008,0.0
A0A1Y3VSR9,Tri_GABA_22882,385230.2089735966
A0A1Y3VSR9,Tri_GABA_26794,2048929.89996338
A0A1Y3VSR9,Tri_GABA_M+H2O_23885,0.0
A0A1Y3VSR9,Tri_alanine_28457,0.0
A0A1Y3VSR9,Tri_arginine_18281,0.0
A0A1Y3VSR9,Tri_asparagine_20433,197396.37773985995
A0A1Y3VSR9,Tri_cadaverine_19586,0.0
A0A1Y3VSR9,Tri_citrulline_22220,0.0
A0A1Y3VSR9,Tri_cystine_19329,0.0
A0A1Y3VSR9,Tri_dopamine_32050,69676.97670746133
A0A1Y3VSR9,Tri_dopamine_32195,0.0
A0A1Y3VSR9,Tri_glutamine_22099,0.0
A0A1Y3VSR9,Tri_glycine_25947,134981.5093546708
A0A1Y3VSR9,Tri_glyglycine_20401,0.0
A0A1Y3VSR9,Tri_histidine_17315,0.0
A0A1Y3VSR9,Tri_methionine_33885,0.0
A0A1Y3VSR9,Tri_ornithine_17210,0.0
A0A1Y3VSR9,Tri_phenylalanine_22512,0.0
A0A1Y3VSR9,Tri_phenylalanine_37508,6974.004573038332
A0A1Y3VSR9,Tri_phenylalanine_40024,148015.73614421155
A0A1Y3VSR9,Tri_proline_M+NH4_18411,0.0
A0A1Y3VSR9,Tri_putrescine_18433,0.0
A0A1Y3VSR9,Tri_serine_23158,0.0
A0A1Y3VSR9,Tri_taurine_20369,0.0
A0A1Y3VSR9,Tri_tryptamine_38723,0.0
A0A1Y3YYW1,"3a,7a,12k_alanine_20366",0.0
A0A1Y3YYW1,"3a,7a,12k_lysine_23168",0.0
A0A1Y3YYW1,3a12k_serine_27652,0.0
A0A1Y3YYW1,3a12k_taurine_22309,82064076.90324041
A0A1Y3YYW1,3a7a12k_taurine_14542,85993514.7791231
A0A1Y3YYW1,3a7k_citrulline_24966,0.0
A0A1Y3YYW1,3a7k_glutamine_24909,0.0
A0A1Y3YYW1,3a7k_serine_26456,0.0
A0A1Y3YYW1,3a7k_threonine_27078,0.0
A0A1Y3YYW1,3k12a_lysine_23849,0.0
A0A1Y3YYW1,3k7a_glutamine_29953,0.0
A0A1Y3YYW1,3k7a_proline_M+NH4_21780,0.0
A0A1Y3YYW1,"Di_2,3_diaminopropionic acid_14073",0.0
A0A1Y3YYW1,Di_2_aminophenol_36589,0.0
A0A1Y3YYW1,Di_2_aminophenol_40269,11080.041498953082
A0A1Y3YYW1,Di_3_methoxytyramine_37128,0.0
A0A1Y3YYW1,Di_3_methoxytyramine_37165,0.0
A0A1Y3YYW1,Di_3_methoxytyramine_39396,0.0
A0A1Y3YYW1,Di_GABA_33328,7194.81155965211
A0A1Y3YYW1,Di_GABA_36169,61986.92873111096
A0A1Y3YYW1,Di_alanine_27176,0.0
A0A1Y3YYW1,Di_alanine_35826,0.0
A0A1Y3YYW1,Di_alanine_37411,387796.3788929291
A0A1Y3YYW1,Di_citrulline_22104,0.0
A0A1Y3YYW1,Di_citrulline_31270,0.0
A0A1Y3YYW1,Di_dopamine_34015,0.0
A0A1Y3YYW1,Di_dopamine_38088,0.0
A0A1Y3YYW1,Di_glutamine_30065,0.0
A0A1Y3YYW1,Di_glutamine_30067,0.0
A0A1Y3YYW1,Di_glutamine_31254,0.0
A0A1Y3YYW1,Di_glycine_27361,7749077.918410557
A0A1Y3YYW1,Di_glycine_34166,16949690.76170623
A0A1Y3YYW1,Di_glycine_34738,799044.7516806229
A0A1Y3YYW1,Di_lysine_25070,0.0
A0A1Y3YYW1,Di_methionine_34896,0.0
A0A1Y3YYW1,Di_ornithine_15391,0.0
A0A1Y3YYW1,Di_ornithine_17963,0.0
A0A1Y3YYW1,Di_ornithine_22619,0.0
A0A1Y3YYW1,Di_ornithine_25325,0.0
A0A1Y3YYW1,Di_phenylalanine_22687,0.0
A0A1Y3YYW1,Di_phenylalanine_39833,245444.65962078242
A0A1Y3YYW1,Di_serine_32622,0.0
A0A1Y3YYW1,Di_taurine_19595,0.0
A0A1Y3YYW1,Di_taurine_29331,18395295.208782524
A0A1Y3YYW1,Di_taurine_30261,0.0
A0A1Y3YYW1,Di_threonine_23465,0.0
A0A1Y3YYW1,Di_threonine_33288,0.0
A0A1Y3YYW1,Di_unconjugated_34634,0.0
A0A1Y3YYW1,Mono_2_aminophenol_41901,0.0
A0A1Y3YYW1,Mono_2_aminophenol_45657,964.5332501951295
A0A1Y3YYW1,Mono_GABA_40494,37794.92489450799
A0A1Y3YYW1,Mono_alanine_40140,34492.269800742135
A0A1Y3YYW1,Mono_glutamine_37103,10598.024734472785
A0A1Y3YYW1,Mono_glycine_38634,13508724.029406926
A0A1Y3YYW1,Mono_lysine_32192,0.0
A0A1Y3YYW1,Mono_methionine_41397,0.0
A0A1Y3YYW1,Mono_ornithine_31596,0.0
A0A1Y3YYW1,Mono_ornithine_33494,544.5509804413466
A0A1Y3YYW1,Mono_phenylalanine_41412,0.0
A0A1Y3YYW1,Mono_serotonin_42743,0.0
A0A1Y3YYW1,Mono_taurine_35357,43434476.70881796
A0A1Y3YYW1,Mono_tyramine_38979,0.0
A0A1Y3YYW1,"Tri_2,3_diaminopropionic acid_14940",0.0
A0A1Y3YYW1,"Tri_2,3_diaminopropionic acid_17863",0.0
A0A1Y3YYW1,"Tri_2,3_diaminopropionic acid_17869",0.0
A0A1Y3YYW1,"Tri_2,3_diaminopropionic acid_18373",0.0
A0A1Y3YYW1,Tri_2_aminophenol_35037,0.0
A0A1Y3YYW1,Tri_2_aminophenol_39976,14834.141701673621
A0A1Y3YYW1,Tri_3_methoxytyramine_36008,0.0
A0A1Y3YYW1,Tri_GABA_22882,247855.74246144143
A0A1Y3YYW1,Tri_GABA_26794,1399351.7258641066
A0A1Y3YYW1,Tri_GABA_M+H2O_23885,609.9354739701664
A0A1Y3YYW1,Tri_alanine_28457,2127.780606881552
A0A1Y3YYW1,Tri_arginine_18281,0.0
A0A1Y3YYW1,Tri_asparagine_20433,167696.74883302624
A0A1Y3YYW1,Tri_cadaverine_19586,0.0
A0A1Y3YYW1,Tri_citrulline_22220,0.0
A0A1Y3YYW1,Tri_cystine_19329,0.0
A0A1Y3YYW1,Tri_dopamine_32050,40983.86583366502
A0A1Y3YYW1,Tri_dopamine_32195,0.0
A0A1Y3YYW1,Tri_glutamine_22099,0.0
A0A1Y3YYW1,Tri_glycine_25947,251791.10233090146
A0A1Y3YYW1,Tri_glyglycine_20401,0.0
A0A1Y3YYW1,Tri_histidine_17315,0.0
A0A1Y3YYW1,Tri_methionine_33885,0.0
A0A1Y3YYW1,Tri_ornithine_17210,0.0
A0A1Y3YYW1,Tri_phenylalanine_22512,0.0
A0A1Y3YYW1,Tri_phenylalanine_37508,5246.9578315858735
A0A1Y3YYW1,Tri_phenylalanine_40024,66439.55013527945
A0A1Y3YYW1,Tri_proline_M+NH4_18411,0.0
A0A1Y3YYW1,Tri_putrescine_18433,0.0
A0A1Y3YYW1,Tri_serine_23158,0.0
A0A1Y3YYW1,Tri_taurine_20369,0.0
A0A1Y3YYW1,Tri_tryptamine_38723,0.0
A0A1Y4QH48,"3a,7a,12k_alanine_20366",0.0
A0A1Y4QH48,"3a,7a,12k_lysine_23168",0.0
A0A1Y4QH48,3a12k_serine_27652,0.0
A0A1Y4QH48,3a12k_taurine_22309,39778609.218385994
A0A1Y4QH48,3a7a12k_taurine_14542,42682396.19130425
A0A1Y4QH48,3a7k_citrulline_24966,0.0
A0A1Y4QH48,3a7k_glutamine_24909,0.0
A0A1Y4QH48,3a7k_serine_26456,0.0
A0A1Y4QH48,3a7k_threonine_27078,0.0
A0A1Y4QH48,3k12a_lysine_23849,0.0
A0A1Y4QH48,3k7a_glutamine_29953,0.0
A0A1Y4QH48,3k7a_proline_M+NH4_21780,0.0
A0A1Y4QH48,"Di_2,3_diaminopropionic acid_14073",0.0
A0A1Y4QH48,Di_2_aminophenol_36589,2998.4718259632136
A0A1Y4QH48,Di_2_aminophenol_40269,0.0
A0A1Y4QH48,Di_3_methoxytyramine_37128,0.0
A0A1Y4QH48,Di_3_methoxytyramine_37165,0.0
A0A1Y4QH48,Di_3_methoxytyramine_39396,0.0
A0A1Y4QH48,Di_GABA_33328,4958.889643363096
A0A1Y4QH48,Di_GABA_36169,30786.52643521562
A0A1Y4QH48,Di_alanine_27176,0.0
A0A1Y4QH48,Di_alanine_35826,0.0
A0A1Y4QH48,Di_alanine_37411,232031.42361032902
A0A1Y4QH48,Di_citrulline_22104,0.0
A0A1Y4QH48,Di_citrulline_31270,0.0
A0A1Y4QH48,Di_dopamine_34015,0.0
A0A1Y4QH48,Di_dopamine_38088,0.0
A0A1Y4QH48,Di_glutamine_30065,0.0
A0A1Y4QH48,Di_glutamine_30067,0.0
A0A1Y4QH48,Di_glutamine_31254,0.0
A0A1Y4QH48,Di_glycine_27361,3720141.013297983
A0A1Y4QH48,Di_glycine_34166,8384600.901782695
A0A1Y4QH48,Di_glycine_34738,675062.4985753444
A0A1Y4QH48,Di_lysine_25070,0.0
A0A1Y4QH48,Di_methionine_34896,0.0
A0A1Y4QH48,Di_ornithine_15391,0.0
A0A1Y4QH48,Di_ornithine_17963,0.0
A0A1Y4QH48,Di_ornithine_22619,0.0
A0A1Y4QH48,Di_ornithine_25325,0.0
A0A1Y4QH48,Di_phenylalanine_22687,0.0
A0A1Y4QH48,Di_phenylalanine_39833,83221.266993653
A0A1Y4QH48,Di_serine_32622,0.0
A0A1Y4QH48,Di_taurine_19595,2385.1234301710615
A0A1Y4QH48,Di_taurine_29331,9987213.16443307
A0A1Y4QH48,Di_taurine_30261,0.0
A0A1Y4QH48,Di_threonine_23465,0.0
A0A1Y4QH48,Di_threonine_33288,0.0
A0A1Y4QH48,Di_unconjugated_34634,0.0
A0A1Y4QH48,Mono_2_aminophenol_41901,0.0
A0A1Y4QH48,Mono_2_aminophenol_45657,433.2790480194133
A0A1Y4QH48,Mono_GABA_40494,30848.992771501777
A0A1Y4QH48,Mono_alanine_40140,15888.560186161569
A0A1Y4QH48,Mono_glutamine_37103,2917.4548849258344
A0A1Y4QH48,Mono_glycine_38634,7825153.319431064
A0A1Y4QH48,Mono_lysine_32192,0.0
A0A1Y4QH48,Mono_methionine_41397,0.0
A0A1Y4QH48,Mono_ornithine_31596,0.0
A0A1Y4QH48,Mono_ornithine_33494,0.0
A0A1Y4QH48,Mono_phenylalanine_41412,0.0
A0A1Y4QH48,Mono_serotonin_42743,0.0
A0A1Y4QH48,Mono_taurine_35357,25284087.12344252
A0A1Y4QH48,Mono_tyramine_38979,0.0
A0A1Y4QH48,"Tri_2,3_diaminopropionic acid_14940",0.0
A0A1Y4QH48,"Tri_2,3_diaminopropionic acid_17863",0.0
A0A1Y4QH48,"Tri_2,3_diaminopropionic acid_17869",0.0
A0A1Y4QH48,"Tri_2,3_diaminopropionic acid_18373",0.0
A0A1Y4QH48,Tri_2_aminophenol_35037,0.0
A0A1Y4QH48,Tri_2_aminophenol_39976,1585.6459430014513
A0A1Y4QH48,Tri_3_methoxytyramine_36008,0.0
A0A1Y4QH48,Tri_GABA_22882,89452.9966171446
A0A1Y4QH48,Tri_GABA_26794,518175.37989696383
A0A1Y4QH48,Tri_GABA_M+H2O_23885,0.0
A0A1Y4QH48,Tri_alanine_28457,0.0
A0A1Y4QH48,Tri_arginine_18281,0.0
A0A1Y4QH48,Tri_asparagine_20433,74405.61968325249
A0A1Y4QH48,Tri_cadaverine_19586,0.0
A0A1Y4QH48,Tri_citrulline_22220,0.0
A0A1Y4QH48,Tri_cystine_19329,0.0
A0A1Y4QH48,Tri_dopamine_32050,19575.574144542996
A0A1Y4QH48,Tri_dopamine_32195,0.0
A0A1Y4QH48,Tri_glutamine_22099,0.0
A0A1Y4QH48,Tri_glycine_25947,221196.90595538405
A0A1Y4QH48,Tri_glyglycine_20401,0.0
A0A1Y4QH48,Tri_histidine_17315,0.0
A0A1Y4QH48,Tri_methionine_33885,0.0
A0A1Y4QH48,Tri_ornithine_17210,0.0
A0A1Y4QH48,Tri_phenylalanine_22512,0.0
A0A1Y4QH48,Tri_phenylalanine_37508,2528.2617082328584
A0A1Y4QH48,Tri_phenylalanine_40024,40768.6127329372
A0A1Y4QH48,Tri_proline_M+NH4_18411,0.0
A0A1Y4QH48,Tri_putrescine_18433,0.0
A0A1Y4QH48,Tri_serine_23158,0.0
A0A1Y4QH48,Tri_taurine_20369,0.0
A0A1Y4QH48,Tri_tryptamine_38723,0.0
A0A2S7KLN3,"3a,7a,12k_alanine_20366",0.0
A0A2S7KLN3,"3a,7a,12k_lysine_23168",0.0
A0A2S7KLN3,3a12k_serine_27652,0.0
A0A2S7KLN3,3a12k_taurine_22309,27187260.381698713
A0A2S7KLN3,3a7a12k_taurine_14542,25163794.52132156
A0A2S7KLN3,3a7k_citrulline_24966,0.0
A0A2S7KLN3,3a7k_glutamine_24909,0.0
A0A2S7KLN3,3a7k_serine_26456,0.0
A0A2S7KLN3,3a7k_threonine_27078,0.0
A0A2S7KLN3,3k12a_lysine_23849,0.0
A0A2S7KLN3,3k7a_glutamine_29953,0.0
A0A2S7KLN3,3k7a_proline_M+NH4_21780,0.0
A0A2S7KLN3,"Di_2,3_diaminopropionic acid_14073",0.0
A0A2S7KLN3,Di_2_aminophenol_36589,0.0
A0A2S7KLN3,Di_2_aminophenol_40269,397.8174940338467
A0A2S7KLN3,Di_3_methoxytyramine_37128,0.0
A0A2S7KLN3,Di_3_methoxytyramine_37165,0.0
A0A2S7KLN3,Di_3_methoxytyramine_39396,0.0
A0A2S7KLN3,Di_GABA_33328,2241.538913899628
A0A2S7KLN3,Di_GABA_36169,19547.77214360205
A0A2S7KLN3,Di_alanine_27176,0.0
A0A2S7KLN3,Di_alanine_35826,0.0
A0A2S7KLN3,Di_alanine_37411,117508.7116936786
A0A2S7KLN3,Di_citrulline_22104,0.0
A0A2S7KLN3,Di_citrulline_31270,0.0
A0A2S7KLN3,Di_dopamine_34015,0.0
A0A2S7KLN3,Di_dopamine_38088,0.0
A0A2S7KLN3,Di_glutamine_30065,0.0
A0A2S7KLN3,Di_glutamine_30067,0.0
A0A2S7KLN3,Di_glutamine_31254,0.0
A0A2S7KLN3,Di_glycine_27361,2159167.9633922363
A0A2S7KLN3,Di_glycine_34166,4877371.070050646
A0A2S7KLN3,Di_glycine_34738,392426.4907495609
A0A2S7KLN3,Di_lysine_25070,0.0
A0A2S7KLN3,Di_methionine_34896,0.0
A0A2S7KLN3,Di_ornithine_15391,0.0
A0A2S7KLN3,Di_ornithine_17963,0.0
A0A2S7KLN3,Di_ornithine_22619,0.0
A0A2S7KLN3,Di_ornithine_25325,0.0
A0A2S7KLN3,Di_phenylalanine_22687,0.0
A0A2S7KLN3,Di_phenylalanine_39833,78170.93127455271
A0A2S7KLN3,Di_serine_32622,0.0
A0A2S7KLN3,Di_taurine_19595,2029.4310269997532
A0A2S7KLN3,Di_taurine_29331,5037939.215022808
A0A2S7KLN3,Di_taurine_30261,0.0
A0A2S7KLN3,Di_threonine_23465,0.0
A0A2S7KLN3,Di_threonine_33288,0.0
A0A2S7KLN3,Di_unconjugated_34634,0.0
A0A2S7KLN3,Mono_2_aminophenol_41901,0.0
A0A2S7KLN3,Mono_2_aminophenol_45657,243.7311840721598
A0A2S7KLN3,Mono_GABA_40494,16365.933713584438
A0A2S7KLN3,Mono_alanine_40140,10292.90483437903
A0A2S7KLN3,Mono_glutamine_37103,2889.8547529142206
A0A2S7KLN3,Mono_glycine_38634,5039107.457908348
A0A2S7KLN3,Mono_lysine_32192,0.0
A0A2S7KLN3,Mono_methionine_41397,0.0
A0A2S7KLN3,Mono_ornithine_31596,0.0
A0A2S7KLN3,Mono_ornithine_33494,0.0
A0A2S7KLN3,Mono_phenylalanine_41412,0.0
A0A2S7KLN3,Mono_serotonin_42743,0.0
A0A2S7KLN3,Mono_taurine_35357,19335853.1986314
A0A2S7KLN3,Mono_tyramine_38979,0.0
A0A2S7KLN3,"Tri_2,3_diaminopropionic acid_14940",0.0
A0A2S7KLN3,"Tri_2,3_diaminopropionic acid_17863",0.0
A0A2S7KLN3,"Tri_2,3_diaminopropionic acid_17869",0.0
A0A2S7KLN3,"Tri_2,3_diaminopropionic acid_18373",0.0
A0A2S7KLN3,Tri_2_aminophenol_35037,0.0
A0A2S7KLN3,Tri_2_aminophenol_39976,0.0
A0A2S7KLN3,Tri_3_methoxytyramine_36008,0.0
A0A2S7KLN3,Tri_GABA_22882,84808.68923632825
A0A2S7KLN3,Tri_GABA_26794,434914.289524147
A0A2S7KLN3,Tri_GABA_M+H2O_23885,0.0
A0A2S7KLN3,Tri_alanine_28457,0.0
A0A2S7KLN3,Tri_arginine_18281,0.0
A0A2S7KLN3,Tri_asparagine_20433,49329.933727486234
A0A2S7KLN3,Tri_cadaverine_19586,0.0
A0A2S7KLN3,Tri_citrulline_22220,0.0
A0A2S7KLN3,Tri_cystine_19329,0.0
A0A2S7KLN3,Tri_dopamine_32050,10577.676747415557
A0A2S7KLN3,Tri_dopamine_32195,0.0
A0A2S7KLN3,Tri_glutamine_22099,0.0
A0A2S7KLN3,Tri_glycine_25947,135763.20384756598
A0A2S7KLN3,Tri_glyglycine_20401,0.0
A0A2S7KLN3,Tri_histidine_17315,0.0
A0A2S7KLN3,Tri_methionine_33885,0.0
A0A2S7KLN3,Tri_ornithine_17210,0.0
A0A2S7KLN3,Tri_phenylalanine_22512,0.0
A0A2S7KLN3,Tri_phenylalanine_37508,0.0
A0A2S7KLN3,Tri_phenylalanine_40024,15133.28364283059
A0A2S7KLN3,Tri_proline_M+NH4_18411,0.0
A0A2S7KLN3,Tri_putrescine_18433,0.0
A0A2S7KLN3,Tri_serine_23158,0.0
A0A2S7KLN3,Tri_taurine_20369,0.0
A0A2S7KLN3,Tri_tryptamine_38723,0.0
A0A2S8G2H3,"3a,7a,12k_alanine_20366",0.0
A0A2S8G2H3,"3a,7a,12k_lysine_23168",0.0
A0A2S8G2H3,3a12k_serine_27652,0.0
A0A2S8G2H3,3a12k_taurine_22309,23157299.078692283
A0A2S8G2H3,3a7a12k_taurine_14542,23299914.674122714
A0A2S8G2H3,3a7k_citrulline_24966,0.0
A0A2S8G2H3,3a7k_glutamine_24909,0.0
A0A2S8G2H3,3a7k_serine_26456,0.0
A0A2S8G2H3,3a7k_threonine_27078,0.0
A0A2S8G2H3,3k12a_lysine_23849,0.0
A0A2S8G2H3,3k7a_glutamine_29953,0.0
A0A2S8G2H3,3k7a_proline_M+NH4_21780,0.0
A0A2S8G2H3,"Di_2,3_diaminopropionic acid_14073",0.0
A0A2S8G2H3,Di_2_aminophenol_36589,0.0
A0A2S8G2H3,Di_2_aminophenol_40269,0.0
A0A2S8G2H3,Di_3_methoxytyramine_37128,0.0
A0A2S8G2H3,Di_3_methoxytyramine_37165,0.0
A0A2S8G2H3,Di_3_methoxytyramine_39396,0.0
A0A2S8G2H3,Di_GABA_33328,2288.388683148167
A0A2S8G2H3,Di_GABA_36169,17015.310678323007
A0A2S8G2H3,Di_alanine_27176,0.0
A0A2S8G2H3,Di_alanine_35826,0.0
A0A2S8G2H3,Di_alanine_37411,113458.92051498526
A0A2S8G2H3,Di_citrulline_22104,0.0
A0A2S8G2H3,Di_citrulline_31270,0.0
A0A2S8G2H3,Di_dopamine_34015,0.0
A0A2S8G2H3,Di_dopamine_38088,0.0
A0A2S8G2H3,Di_glutamine_30065,0.0
A0A2S8G2H3,Di_glutamine_30067,0.0
A0A2S8G2H3,Di_glutamine_31254,0.0
A0A2S8G2H3,Di_glycine_27361,2291027.5273685884
A0A2S8G2H3,Di_glycine_34166,5008658.330875283
A0A2S8G2H3,Di_glycine_34738,315030.2138661252
A0A2S8G2H3,Di_lysine_25070,0.0
A0A2S8G2H3,Di_methionine_34896,0.0
A0A2S8G2H3,Di_ornithine_15391,0.0
A0A2S8G2H3,Di_ornithine_17963,0.0
A0A2S8G2H3,Di_ornithine_22619,0.0
A0A2S8G2H3,Di_ornithine_25325,0.0
A0A2S8G2H3,Di_phenylalanine_22687,0.0
A0A2S8G2H3,Di_phenylalanine_39833,76035.725
A0A2S8G2H3,Di_serine_32622,0.0
A0A2S8G2H3,Di_taurine_19595,0.0
A0A2S8G2H3,Di_taurine_29331,6097159.299627459
A0A2S8G2H3,Di_taurine_30261,0.0
A0A2S8G2H3,Di_threonine_23465,0.0
A0A2S8G2H3,Di_threonine_33288,0.0
A0A2S8G2H3,Di_unconjugated_34634,0.0
A0A2S8G2H3,Mono_2_aminophenol_41901,0.0
A0A2S8G2H3,Mono_2_aminophenol_45657,175.81752641528084
A0A2S8G2H3,Mono_GABA_40494,22710.203538836988
A0A2S8G2H3,Mono_alanine_40140,6577.200862048421
A0A2S8G2H3,Mono_glutamine_37103,1931.2437982146314
A0A2S8G2H3,Mono_glycine_38634,5246489.209546678
A0A2S8G2H3,Mono_lysine_32192,0.0
A0A2S8G2H3,Mono_methionine_41397,0.0
A0A2S8G2H3,Mono_ornithine_31596,0.0
A0A2S8G2H3,Mono_ornithine_33494,0.0
A0A2S8G2H3,Mono_phenylalanine_41412,0.0
A0A2S8G2H3,Mono_serotonin_42743,0.0
A0A2S8G2H3,Mono_taurine_35357,16057563.216306318
A0A2S8G2H3,Mono_tyramine_38979,0.0
A0A2S8G2H3,"Tri_2,3_diaminopropionic acid_14940",0.0
A0A2S8G2H3,"Tri_2,3_diaminopropionic acid_17863",0.0
A0A2S8G2H3,"Tri_2,3_diaminopropionic acid_17869",0.0
A0A2S8G2H3,"Tri_2,3_diaminopropionic acid_18373",0.0
A0A2S8G2H3,Tri_2_aminophenol_35037,0.0
A0A2S8G2H3,Tri_2_aminophenol_39976,1129.6860623402952
A0A2S8G2H3,Tri_3_methoxytyramine_36008,0.0
A0A2S8G2H3,Tri_GABA_22882,73935.59213986444
A0A2S8G2H3,Tri_GABA_26794,356117.47315018193
A0A2S8G2H3,Tri_GABA_M+H2O_23885,0.0
A0A2S8G2H3,Tri_alanine_28457,0.0
A0A2S8G2H3,Tri_arginine_18281,0.0
A0A2S8G2H3,Tri_asparagine_20433,44332.17477428123
A0A2S8G2H3,Tri_cadaverine_19586,0.0
A0A2S8G2H3,Tri_citrulline_22220,0.0
A0A2S8G2H3,Tri_cystine_19329,0.0
A0A2S8G2H3,Tri_dopamine_32050,29814.440945292117
A0A2S8G2H3,Tri_dopamine_32195,0.0
A0A2S8G2H3,Tri_glutamine_22099,0.0
A0A2S8G2H3,Tri_glycine_25947,130749.79859380574
A0A2S8G2H3,Tri_glyglycine_20401,0.0
A0A2S8G2H3,Tri_histidine_17315,0.0
A0A2S8G2H3,Tri_methionine_33885,0.0
A0A2S8G2H3,Tri_ornithine_17210,0.0
A0A2S8G2H3,Tri_phenylalanine_22512,0.0
A0A2S8G2H3,Tri_phenylalanine_37508,0.0
A0A2S8G2H3,Tri_phenylalanine_40024,26691.11052319613
A0A2S8G2H3,Tri_proline_M+NH4_18411,0.0
A0A2S8G2H3,Tri_putrescine_18433,0.0
A0A2S8G2H3,Tri_serine_23158,0.0
A0A2S8G2H3,Tri_taurine_20369,0.0
A0A2S8G2H3,Tri_tryptamine_38723,0.0
A0A2S8GTJ2,"3a,7a,12k_alanine_20366",0.0
A0A2S8GTJ2,"3a,7a,12k_lysine_23168",0.0
A0A2S8GTJ2,3a12k_serine_27652,0.0
A0A2S8GTJ2,3a12k_taurine_22309,31716175.33742578
A0A2S8GTJ2,3a7a12k_taurine_14542,29071746.47484502
A0A2S8GTJ2,3a7k_citrulline_24966,0.0
A0A2S8GTJ2,3a7k_glutamine_24909,0.0
A0A2S8GTJ2,3a7k_serine_26456,0.0
A0A2S8GTJ2,3a7k_threonine_27078,0.0
A0A2S8GTJ2,3k12a_lysine_23849,0.0
A0A2S8GTJ2,3k7a_glutamine_29953,0.0
A0A2S8GTJ2,3k7a_proline_M+NH4_21780,0.0
A0A2S8GTJ2,"Di_2,3_diaminopropionic acid_14073",0.0
A0A2S8GTJ2,Di_2_aminophenol_36589,0.0
A0A2S8GTJ2,Di_2_aminophenol_40269,0.0
A0A2S8GTJ2,Di_3_methoxytyramine_37128,0.0
A0A2S8GTJ2,Di_3_methoxytyramine_37165,0.0
A0A2S8GTJ2,Di_3_methoxytyramine_39396,0.0
A0A2S8GTJ2,Di_GABA_33328,3308.8246799011604
A0A2S8GTJ2,Di_GABA_36169,20673.144960447324
A0A2S8GTJ2,Di_alanine_27176,0.0
A0A2S8GTJ2,Di_alanine_35826,0.0
A0A2S8GTJ2,Di_alanine_37411,125279.45573410578
A0A2S8GTJ2,Di_citrulline_22104,0.0
A0A2S8GTJ2,Di_citrulline_31270,0.0
A0A2S8GTJ2,Di_dopamine_34015,0.0
A0A2S8GTJ2,Di_dopamine_38088,0.0
A0A2S8GTJ2,Di_glutamine_30065,0.0
A0A2S8GTJ2,Di_glutamine_30067,0.0
A0A2S8GTJ2,Di_glutamine_31254,0.0
A0A2S8GTJ2,Di_glycine_27361,2676627.089551007
A0A2S8GTJ2,Di_glycine_34166,6558709.338921869
A0A2S8GTJ2,Di_glycine_34738,311469.7437714734
A0A2S8GTJ2,Di_lysine_25070,0.0
A0A2S8GTJ2,Di_methionine_34896,0.0
A0A2S8GTJ2,Di_ornithine_15391,0.0
A0A2S8GTJ2,Di_ornithine_17963,0.0
A0A2S8GTJ2,Di_ornithine_22619,0.0
A0A2S8GTJ2,Di_ornithine_25325,0.0
A0A2S8GTJ2,Di_phenylalanine_22687,0.0
A0A2S8GTJ2,Di_phenylalanine_39833,99159.35089107104
A0A2S8GTJ2,Di_serine_32622,0.0
A0A2S8GTJ2,Di_taurine_19595,4624.235085282353
A0A2S8GTJ2,Di_taurine_29331,6835550.014306706
A0A2S8GTJ2,Di_taurine_30261,0.0
A0A2S8GTJ2,Di_threonine_23465,0.0
A0A2S8GTJ2,Di_threonine_33288,0.0
A0A2S8GTJ2,Di_unconjugated_34634,0.0
A0A2S8GTJ2,Mono_2_aminophenol_41901,0.0
A0A2S8GTJ2,Mono_2_aminophenol_45657,342.1434432796591
A0A2S8GTJ2,Mono_GABA_40494,20393.11412502863
A0A2S8GTJ2,Mono_alanine_40140,9966.564032041566
A0A2S8GTJ2,Mono_glutamine_37103,3881.817189149749
A0A2S8GTJ2,Mono_glycine_38634,5498075.989611519
A0A2S8GTJ2,Mono_lysine_32192,0.0
A0A2S8GTJ2,Mono_methionine_41397,0.0
A0A2S8GTJ2,Mono_ornithine_31596,0.0
A0A2S8GTJ2,Mono_ornithine_33494,0.0
A0A2S8GTJ2,Mono_phenylalanine_41412,0.0
A0A2S8GTJ2,Mono_serotonin_42743,0.0
A0A2S8GTJ2,Mono_taurine_35357,23003575.902650367
A0A2S8GTJ2,Mono_tyramine_38979,0.0
A0A2S8GTJ2,"Tri_2,3_diaminopropionic acid_14940",0.0
A0A2S8GTJ2,"Tri_2,3_diaminopropionic acid_17863",0.0
A0A2S8GTJ2,"Tri_2,3_diaminopropionic acid_17869",0.0
A0A2S8GTJ2,"Tri_2,3_diaminopropionic acid_18373",0.0
A0A2S8GTJ2,Tri_2_aminophenol_35037,0.0
A0A2S8GTJ2,Tri_2_aminophenol_39976,907.6166382630051
A0A2S8GTJ2,Tri_3_methoxytyramine_36008,0.0
A0A2S8GTJ2,Tri_GABA_22882,105875.1340383719
A0A2S8GTJ2,Tri_GABA_26794,590604.0280432423
A0A2S8GTJ2,Tri_GABA_M+H2O_23885,0.0
A0A2S8GTJ2,Tri_alanine_28457,0.0
A0A2S8GTJ2,Tri_arginine_18281,0.0
A0A2S8GTJ2,Tri_asparagine_20433,65821.64483718346
A0A2S8GTJ2,Tri_cadaverine_19586,0.0
A0A2S8GTJ2,Tri_citrulline_22220,0.0
A0A2S8GTJ2,Tri_cystine_19329,0.0
A0A2S8GTJ2,Tri_dopamine_32050,31730.363950857987
A0A2S8GTJ2,Tri_dopamine_32195,0.0
A0A2S8GTJ2,Tri_glutamine_22099,0.0
A0A2S8GTJ2,Tri_glycine_25947,163465.8112728824
A0A2S8GTJ2,Tri_glyglycine_20401,0.0
A0A2S8GTJ2,Tri_histidine_17315,0.0
A0A2S8GTJ2,Tri_methionine_33885,0.0
A0A2S8GTJ2,Tri_ornithine_17210,0.0
A0A2S8GTJ2,Tri_phenylalanine_22512,0.0
A0A2S8GTJ2,Tri_phenylalanine_37508,0.0
A0A2S8GTJ2,Tri_phenylalanine_40024,32690.00886778386
A0A2S8GTJ2,Tri_proline_M+NH4_18411,0.0
A0A2S8GTJ2,Tri_putrescine_18433,0.0
A0A2S8GTJ2,Tri_serine_23158,0.0
A0A2S8GTJ2,Tri_taurine_20369,0.0
A0A2S8GTJ2,Tri_tryptamine_38723,0.0
A0A2T3FKY8,"3a,7a,12k_alanine_20366",0.0
A0A2T3FKY8,"3a,7a,12k_lysine_23168",0.0
A0A2T3FKY8,3a12k_serine_27652,342.210146320428
A0A2T3FKY8,3a12k_taurine_22309,36199.514010966675
A0A2T3FKY8,3a7a12k_taurine_14542,57377.29139375722
A0A2T3FKY8,3a7k_citrulline_24966,0.0
A0A2T3FKY8,3a7k_glutamine_24909,0.0
A0A2T3FKY8,3a7k_serine_26456,0.0
A0A2T3FKY8,3a7k_threonine_27078,0.0
A0A2T3FKY8,3k12a_lysine_23849,0.0
A0A2T3FKY8,3k7a_glutamine_29953,0.0
A0A2T3FKY8,3k7a_proline_M+NH4_21780,0.0
A0A2T3FKY8,"Di_2,3_diaminopropionic acid_14073",0.0
A0A2T3FKY8,Di_2_aminophenol_36589,0.0
A0A2T3FKY8,Di_2_aminophenol_40269,0.0
A0A2T3FKY8,Di_3_methoxytyramine_37128,0.0
A0A2T3FKY8,Di_3_methoxytyramine_37165,0.0
A0A2T3FKY8,Di_3_methoxytyramine_39396,0.0
A0A2T3FKY8,Di_GABA_33328,0.0
A0A2T3FKY8,Di_GABA_36169,0.0
A0A2T3FKY8,Di_alanine_27176,0.0
A0A2T3FKY8,Di_alanine_35826,0.0
A0A2T3FKY8,Di_alanine_37411,0.0
A0A2T3FKY8,Di_citrulline_22104,0.0
A0A2T3FKY8,Di_citrulline_31270,0.0
A0A2T3FKY8,Di_dopamine_34015,0.0
A0A2T3FKY8,Di_dopamine_38088,0.0
A0A2T3FKY8,Di_glutamine_30065,0.0
A0A2T3FKY8,Di_glutamine_30067,0.0
A0A2T3FKY8,Di_glutamine_31254,0.0
A0A2T3FKY8,Di_glycine_27361,83835.27265364217
A0A2T3FKY8,Di_glycine_34166,69880.63327270704
A0A2T3FKY8,Di_glycine_34738,0.0
A0A2T3FKY8,Di_lysine_25070,0.0
A0A2T3FKY8,Di_methionine_34896,0.0
A0A2T3FKY8,Di_ornithine_15391,0.0
A0A2T3FKY8,Di_ornithine_17963,0.0
A0A2T3FKY8,Di_ornithine_22619,0.0
A0A2T3FKY8,Di_ornithine_25325,0.0
A0A2T3FKY8,Di_phenylalanine_22687,0.0
A0A2T3FKY8,Di_phenylalanine_39833,0.0
A0A2T3FKY8,Di_serine_32622,0.0
A0A2T3FKY8,Di_taurine_19595,0.0
A0A2T3FKY8,Di_taurine_29331,45308.20539610074
A0A2T3FKY8,Di_taurine_30261,0.0
A0A2T3FKY8,Di_threonine_23465,0.0
A0A2T3FKY8,Di_threonine_33288,0.0
A0A2T3FKY8,Di_unconjugated_34634,0.0
A0A2T3FKY8,Mono_2_aminophenol_41901,0.0
A0A2T3FKY8,Mono_2_aminophenol_45657,0.0
A0A2T3FKY8,Mono_GABA_40494,0.0
A0A2T3FKY8,Mono_alanine_40140,0.0
A0A2T3FKY8,Mono_glutamine_37103,0.0
A0A2T3FKY8,Mono_glycine_38634,290047.3351206058
A0A2T3FKY8,Mono_lysine_32192,0.0
A0A2T3FKY8,Mono_methionine_41397,0.0
A0A2T3FKY8,Mono_ornithine_31596,0.0
A0A2T3FKY8,Mono_ornithine_33494,0.0
A0A2T3FKY8,Mono_phenylalanine_41412,0.0
A0A2T3FKY8,Mono_serotonin_42743,0.0
A0A2T3FKY8,Mono_taurine_35357,14536.33444714341
A0A2T3FKY8,Mono_tyramine_38979,0.0
A0A2T3FKY8,"Tri_2,3_diaminopropionic acid_14940",0.0
A0A2T3FKY8,"Tri_2,3_diaminopropionic acid_17863",0.0
A0A2T3FKY8,"Tri_2,3_diaminopropionic acid_17869",0.0
A0A2T3FKY8,"Tri_2,3_diaminopropionic acid_18373",0.0
A0A2T3FKY8,Tri_2_aminophenol_35037,0.0
A0A2T3FKY8,Tri_2_aminophenol_39976,0.0
A0A2T3FKY8,Tri_3_methoxytyramine_36008,0.0
A0A2T3FKY8,Tri_GABA_22882,0.0
A0A2T3FKY8,Tri_GABA_26794,0.0
A0A2T3FKY8,Tri_GABA_M+H2O_23885,0.0
A0A2T3FKY8,Tri_alanine_28457,0.0
A0A2T3FKY8,Tri_arginine_18281,0.0
A0A2T3FKY8,Tri_asparagine_20433,0.0
A0A2T3FKY8,Tri_cadaverine_19586,0.0
A0A2T3FKY8,Tri_citrulline_22220,0.0
A0A2T3FKY8,Tri_cystine_19329,0.0
A0A2T3FKY8,Tri_dopamine_32050,0.0
A0A2T3FKY8,Tri_dopamine_32195,0.0
A0A2T3FKY8,Tri_glutamine_22099,0.0
A0A2T3FKY8,Tri_glycine_25947,0.0
A0A2T3FKY8,Tri_glyglycine_20401,0.0
A0A2T3FKY8,Tri_histidine_17315,0.0
A0A2T3FKY8,Tri_methionine_33885,0.0
A0A2T3FKY8,Tri_ornithine_17210,0.0
A0A2T3FKY8,Tri_phenylalanine_22512,0.0
A0A2T3FKY8,Tri_phenylalanine_37508,0.0
A0A2T3FKY8,Tri_phenylalanine_40024,0.0
A0A2T3FKY8,Tri_proline_M+NH4_18411,0.0
A0A2T3FKY8,Tri_putrescine_18433,0.0
A0A2T3FKY8,Tri_serine_23158,0.0
A0A2T3FKY8,Tri_taurine_20369,0.0
A0A2T3FKY8,Tri_tryptamine_38723,0.0
A0A2V1JL81,"3a,7a,12k_alanine_20366",0.0
A0A2V1JL81,"3a,7a,12k_lysine_23168",0.0
A0A2V1JL81,3a12k_serine_27652,0.0
A0A2V1JL81,3a12k_taurine_22309,55058.92210629027
A0A2V1JL81,3a7a12k_taurine_14542,75065.75637058433
A0A2V1JL81,3a7k_citrulline_24966,0.0
A0A2V1JL81,3a7k_glutamine_24909,0.0
A0A2V1JL81,3a7k_serine_26456,0.0
A0A2V1JL81,3a7k_threonine_27078,0.0
A0A2V1JL81,3k12a_lysine_23849,0.0
A0A2V1JL81,3k7a_glutamine_29953,0.0
A0A2V1JL81,3k7a_proline_M+NH4_21780,0.0
A0A2V1JL81,"Di_2,3_diaminopropionic acid_14073",0.0
A0A2V1JL81,Di_2_aminophenol_36589,0.0
A0A2V1JL81,Di_2_aminophenol_40269,0.0
A0A2V1JL81,Di_3_methoxytyramine_37128,0.0
A0A2V1JL81,Di_3_methoxytyramine_37165,0.0
A0A2V1JL81,Di_3_methoxytyramine_39396,0.0
A0A2V1JL81,Di_GABA_33328,0.0
A0A2V1JL81,Di_GABA_36169,0.0
A0A2V1JL81,Di_alanine_27176,0.0
A0A2V1JL81,Di_alanine_35826,0.0
A0A2V1JL81,Di_alanine_37411,0.0
A0A2V1JL81,Di_citrulline_22104,0.0
A0A2V1JL81,Di_citrulline_31270,0.0
A0A2V1JL81,Di_dopamine_34015,0.0
A0A2V1JL81,Di_dopamine_38088,0.0
A0A2V1JL81,Di_glutamine_30065,0.0
A0A2V1JL81,Di_glutamine_30067,0.0
A0A2V1JL81,Di_glutamine_31254,0.0
A0A2V1JL81,Di_glycine_27361,66865.60955330836
A0A2V1JL81,Di_glycine_34166,82842.77590716275
A0A2V1JL81,Di_glycine_34738,0.0
A0A2V1JL81,Di_lysine_25070,0.0
A0A2V1JL81,Di_methionine_34896,0.0
A0A2V1JL81,Di_ornithine_15391,0.0
A0A2V1JL81,Di_ornithine_17963,0.0
A0A2V1JL81,Di_ornithine_22619,0.0
A0A2V1JL81,Di_ornithine_25325,0.0
A0A2V1JL81,Di_phenylalanine_22687,0.0
A0A2V1JL81,Di_phenylalanine_39833,0.0
A0A2V1JL81,Di_serine_32622,0.0
A0A2V1JL81,Di_taurine_19595,0.0
A0A2V1JL81,Di_taurine_29331,107244.99613355467
A0A2V1JL81,Di_taurine_30261,0.0
A0A2V1JL81,Di_threonine_23465,0.0
A0A2V1JL81,Di_threonine_33288,0.0
A0A2V1JL81,Di_unconjugated_34634,0.0
A0A2V1JL81,Mono_2_aminophenol_41901,0.0
A0A2V1JL81,Mono_2_aminophenol_45657,0.0
A0A2V1JL81,Mono_GABA_40494,0.0
A0A2V1JL81,Mono_alanine_40140,0.0
A0A2V1JL81,Mono_glutamine_37103,0.0
A0A2V1JL81,Mono_glycine_38634,256893.58573792884
A0A2V1JL81,Mono_lysine_32192,0.0
A0A2V1JL81,Mono_methionine_41397,0.0
A0A2V1JL81,Mono_ornithine_31596,0.0
A0A2V1JL81,Mono_ornithine_33494,0.0
A0A2V1JL81,Mono_phenylalanine_41412,0.0
A0A2V1JL81,Mono_serotonin_42743,0.0
A0A2V1JL81,Mono_taurine_35357,88483.76422721602
A0A2V1JL81,Mono_tyramine_38979,0.0
A0A2V1JL81,"Tri_2,3_diaminopropionic acid_14940",0.0
A0A2V1JL81,"Tri_2,3_diaminopropionic acid_17863",0.0
A0A2V1JL81,"Tri_2,3_diaminopropionic acid_17869",0.0
A0A2V1JL81,"Tri_2,3_diaminopropionic acid_18373",0.0
A0A2V1JL81,Tri_2_aminophenol_35037,0.0
A0A2V1JL81,Tri_2_aminophenol_39976,0.0
A0A2V1JL81,Tri_3_methoxytyramine_36008,0.0
A0A2V1JL81,Tri_GABA_22882,0.0
A0A2V1JL81,Tri_GABA_26794,0.0
A0A2V1JL81,Tri_GABA_M+H2O_23885,0.0
A0A2V1JL81,Tri_alanine_28457,0.0
A0A2V1JL81,Tri_arginine_18281,0.0
A0A2V1JL81,Tri_asparagine_20433,0.0
A0A2V1JL81,Tri_cadaverine_19586,0.0
A0A2V1JL81,Tri_citrulline_22220,0.0
A0A2V1JL81,Tri_cystine_19329,0.0
A0A2V1JL81,Tri_dopamine_32050,0.0
A0A2V1JL81,Tri_dopamine_32195,0.0
A0A2V1JL81,Tri_glutamine_22099,0.0
A0A2V1JL81,Tri_glycine_25947,0.0
A0A2V1JL81,Tri_glyglycine_20401,0.0
A0A2V1JL81,Tri_histidine_17315,0.0
A0A2V1JL81,Tri_methionine_33885,0.0
A0A2V1JL81,Tri_ornithine_17210,0.0
A0A2V1JL81,Tri_phenylalanine_22512,0.0
A0A2V1JL81,Tri_phenylalanine_37508,0.0
A0A2V1JL81,Tri_phenylalanine_40024,0.0
A0A2V1JL81,Tri_proline_M+NH4_18411,0.0
A0A2V1JL81,Tri_putrescine_18433,0.0
A0A2V1JL81,Tri_serine_23158,0.0
A0A2V1JL81,Tri_taurine_20369,0.0
A0A2V1JL81,Tri_tryptamine_38723,0.0
A0A316LWP8,"3a,7a,12k_alanine_20366",495059.04779891163
A0A316LWP8,"3a,7a,12k_lysine_23168",289537.25075855537
A0A316LWP8,3a12k_serine_27652,434444.2943045084
A0A316LWP8,3a12k_taurine_22309,58010292.73845515
A0A316LWP8,3a7a12k_taurine_14542,58116121.11166145
A0A316LWP8,3a7k_citrulline_24966,0.0
A0A316LWP8,3a7k_glutamine_24909,11703.66144115728
A0A316LWP8,3a7k_serine_26456,145477.05911873074
A0A316LWP8,3a7k_threonine_27078,74987.76064577374
A0A316LWP8,3k12a_lysine_23849,0.0
A0A316LWP8,3k7a_glutamine_29953,0.0
A0A316LWP8,3k7a_proline_M+NH4_21780,0.0
A0A316LWP8,"Di_2,3_diaminopropionic acid_14073",0.0
A0A316LWP8,Di_2_aminophenol_36589,86118.23658227047
A0A316LWP8,Di_2_aminophenol_40269,87021.86446753646
A0A316LWP8,Di_3_methoxytyramine_37128,0.0
A0A316LWP8,Di_3_methoxytyramine_37165,0.0
A0A316LWP8,Di_3_methoxytyramine_39396,0.0
A0A316LWP8,Di_GABA_33328,231554.540373454
A0A316LWP8,Di_GABA_36169,63968.653228993826
A0A316LWP8,Di_alanine_27176,20113.737349585477
A0A316LWP8,Di_alanine_35826,265529.7256077326
A0A316LWP8,Di_alanine_37411,699016.0822811488
A0A316LWP8,Di_citrulline_22104,0.0
A0A316LWP8,Di_citrulline_31270,6071.705285215658
A0A316LWP8,Di_dopamine_34015,0.0
A0A316LWP8,Di_dopamine_38088,0.0
A0A316LWP8,Di_glutamine_30065,0.0
A0A316LWP8,Di_glutamine_30067,4164.388181452565
A0A316LWP8,Di_glutamine_31254,1919.2997093450047
A0A316LWP8,Di_glycine_27361,1413036.2676647892
A0A316LWP8,Di_glycine_34166,1889121.5632233156
A0A316LWP8,Di_glycine_34738,1964354.503631656
A0A316LWP8,Di_lysine_25070,4179.228987026737
A0A316LWP8,Di_methionine_34896,0.0
A0A316LWP8,Di_ornithine_15391,0.0
A0A316LWP8,Di_ornithine_17963,0.0
A0A316LWP8,Di_ornithine_22619,0.0
A0A316LWP8,Di_ornithine_25325,2359.595882050602
A0A316LWP8,Di_phenylalanine_22687,6279.350949770741
A0A316LWP8,Di_phenylalanine_39833,49377.15424779616
A0A316LWP8,Di_serine_32622,111943.0600056689
A0A316LWP8,Di_taurine_19595,2824.0061606458044
A0A316LWP8,Di_taurine_29331,4842089.036704455
A0A316LWP8,Di_taurine_30261,13101.471184358004
A0A316LWP8,Di_threonine_23465,14377.617363507137
A0A316LWP8,Di_threonine_33288,8050.157764948118
A0A316LWP8,Di_unconjugated_34634,106490.98104252138
A0A316LWP8,Mono_2_aminophenol_41901,0.0
A0A316LWP8,Mono_2_aminophenol_45657,5657.162375707697
A0A316LWP8,Mono_GABA_40494,39569.46721015658
A0A316LWP8,Mono_alanine_40140,430058.6738147732
A0A316LWP8,Mono_glutamine_37103,0.0
A0A316LWP8,Mono_glycine_38634,4883572.396325214
A0A316LWP8,Mono_lysine_32192,0.0
A0A316LWP8,Mono_methionine_41397,12181.418842900877
A0A316LWP8,Mono_ornithine_31596,0.0
A0A316LWP8,Mono_ornithine_33494,586.2735088956844
A0A316LWP8,Mono_phenylalanine_41412,9537.87848273281
A0A316LWP8,Mono_serotonin_42743,10553.895579475415
A0A316LWP8,Mono_taurine_35357,39438835.10646061
A0A316LWP8,Mono_tyramine_38979,41383.40154049559
A0A316LWP8,"Tri_2,3_diaminopropionic acid_14940",9204.83307507504
A0A316LWP8,"Tri_2,3_diaminopropionic acid_17863",0.0
A0A316LWP8,"Tri_2,3_diaminopropionic acid_17869",69438.51537847146
A0A316LWP8,"Tri_2,3_diaminopropionic acid_18373",407967.79996755015
A0A316LWP8,Tri_2_aminophenol_35037,142014.57277559847
A0A316LWP8,Tri_2_aminophenol_39976,673866.0663280814
A0A316LWP8,Tri_3_methoxytyramine_36008,0.0
A0A316LWP8,Tri_GABA_22882,123855.67717451624
A0A316LWP8,Tri_GABA_26794,323313.1577646575
A0A316LWP8,Tri_GABA_M+H2O_23885,142664.98097770291
A0A316LWP8,Tri_alanine_28457,226490.46238808692
A0A316LWP8,Tri_arginine_18281,6749.722147162504
A0A316LWP8,Tri_asparagine_20433,1431459.1620327593
A0A316LWP8,Tri_cadaverine_19586,0.0
A0A316LWP8,Tri_citrulline_22220,0.0
A0A316LWP8,Tri_cystine_19329,2438.438401533384
A0A316LWP8,Tri_dopamine_32050,46040.399767185816
A0A316LWP8,Tri_dopamine_32195,0.0
A0A316LWP8,Tri_glutamine_22099,0.0
A0A316LWP8,Tri_glycine_25947,0.0
A0A316LWP8,Tri_glyglycine_20401,101919.80773506494
A0A316LWP8,Tri_histidine_17315,0.0
A0A316LWP8,Tri_methionine_33885,60378.69879508843
A0A316LWP8,Tri_ornithine_17210,0.0
A0A316LWP8,Tri_phenylalanine_22512,3306.6933983631684
A0A316LWP8,Tri_phenylalanine_37508,18564.748819725544
A0A316LWP8,Tri_phenylalanine_40024,158032.541104061
A0A316LWP8,Tri_proline_M+NH4_18411,0.0
A0A316LWP8,Tri_putrescine_18433,0.0
A0A316LWP8,Tri_serine_23158,21955.295465997868
A0A316LWP8,Tri_taurine_20369,0.0
A0A316LWP8,Tri_tryptamine_38723,0.0
A0A316Q414,"3a,7a,12k_alanine_20366",0.0
A0A316Q414,"3a,7a,12k_lysine_23168",0.0
A0A316Q414,3a12k_serine_27652,0.0
A0A316Q414,3a12k_taurine_22309,42828435.79333927
A0A316Q414,3a7a12k_taurine_14542,43570109.66201699
A0A316Q414,3a7k_citrulline_24966,0.0
A0A316Q414,3a7k_glutamine_24909,0.0
A0A316Q414,3a7k_serine_26456,0.0
A0A316Q414,3a7k_threonine_27078,0.0
A0A316Q414,3k12a_lysine_23849,0.0
A0A316Q414,3k7a_glutamine_29953,0.0
A0A316Q414,3k7a_proline_M+NH4_21780,0.0
A0A316Q414,"Di_2,3_diaminopropionic acid_14073",0.0
A0A316Q414,Di_2_aminophenol_36589,0.0
A0A316Q414,Di_2_aminophenol_40269,0.0
A0A316Q414,Di_3_methoxytyramine_37128,0.0
A0A316Q414,Di_3_methoxytyramine_37165,0.0
A0A316Q414,Di_3_methoxytyramine_39396,0.0
A0A316Q414,Di_GABA_33328,4969.61863197626
A0A316Q414,Di_GABA_36169,31783.363741602137
A0A316Q414,Di_alanine_27176,0.0
A0A316Q414,Di_alanine_35826,0.0
A0A316Q414,Di_alanine_37411,190729.89358576125
A0A316Q414,Di_citrulline_22104,0.0
A0A316Q414,Di_citrulline_31270,0.0
A0A316Q414,Di_dopamine_34015,0.0
A0A316Q414,Di_dopamine_38088,0.0
A0A316Q414,Di_glutamine_30065,0.0
A0A316Q414,Di_glutamine_30067,0.0
A0A316Q414,Di_glutamine_31254,0.0
A0A316Q414,Di_glycine_27361,4302574.085553983
A0A316Q414,Di_glycine_34166,9269671.552101165
A0A316Q414,Di_glycine_34738,752281.6861342778
A0A316Q414,Di_lysine_25070,0.0
A0A316Q414,Di_methionine_34896,0.0
A0A316Q414,Di_ornithine_15391,0.0
A0A316Q414,Di_ornithine_17963,0.0
A0A316Q414,Di_ornithine_22619,0.0
A0A316Q414,Di_ornithine_25325,0.0
A0A316Q414,Di_phenylalanine_22687,0.0
A0A316Q414,Di_phenylalanine_39833,82078.4863233675
A0A316Q414,Di_serine_32622,0.0
A0A316Q414,Di_taurine_19595,0.0
A0A316Q414,Di_taurine_29331,6567098.231119555
A0A316Q414,Di_taurine_30261,0.0
A0A316Q414,Di_threonine_23465,0.0
A0A316Q414,Di_threonine_33288,0.0
A0A316Q414,Di_unconjugated_34634,0.0
A0A316Q414,Mono_2_aminophenol_41901,0.0
A0A316Q414,Mono_2_aminophenol_45657,0.0
A0A316Q414,Mono_GABA_40494,41968.58951960324
A0A316Q414,Mono_alanine_40140,14820.372793186847
A0A316Q414,Mono_glutamine_37103,4574.467799146381
A0A316Q414,Mono_glycine_38634,8431838.918433607
A0A316Q414,Mono_lysine_32192,0.0
A0A316Q414,Mono_methionine_41397,0.0
A0A316Q414,Mono_ornithine_31596,0.0
A0A316Q414,Mono_ornithine_33494,0.0
A0A316Q414,Mono_phenylalanine_41412,0.0
A0A316Q414,Mono_serotonin_42743,0.0
A0A316Q414,Mono_taurine_35357,30805105.318769727
A0A316Q414,Mono_tyramine_38979,0.0
A0A316Q414,"Tri_2,3_diaminopropionic acid_14940",0.0
A0A316Q414,"Tri_2,3_diaminopropionic acid_17863",0.0
A0A316Q414,"Tri_2,3_diaminopropionic acid_17869",0.0
A0A316Q414,"Tri_2,3_diaminopropionic acid_18373",0.0
A0A316Q414,Tri_2_aminophenol_35037,0.0
A0A316Q414,Tri_2_aminophenol_39976,3939.427369351061
A0A316Q414,Tri_3_methoxytyramine_36008,0.0
A0A316Q414,Tri_GABA_22882,147838.42651612326
A0A316Q414,Tri_GABA_26794,682192.559411512
A0A316Q414,Tri_GABA_M+H2O_23885,0.0
A0A316Q414,Tri_alanine_28457,0.0
A0A316Q414,Tri_arginine_18281,0.0
A0A316Q414,Tri_asparagine_20433,86472.48936653139
A0A316Q414,Tri_cadaverine_19586,0.0
A0A316Q414,Tri_citrulline_22220,0.0
A0A316Q414,Tri_cystine_19329,0.0
A0A316Q414,Tri_dopamine_32050,18924.67641867262
A0A316Q414,Tri_dopamine_32195,0.0
A0A316Q414,Tri_glutamine_22099,0.0
A0A316Q414,Tri_glycine_25947,275402.19634403347
A0A316Q414,Tri_glyglycine_20401,0.0
A0A316Q414,Tri_histidine_17315,0.0
A0A316Q414,Tri_methionine_33885,0.0
A0A316Q414,Tri_ornithine_17210,0.0
A0A316Q414,Tri_phenylalanine_22512,0.0
A0A316Q414,Tri_phenylalanine_37508,0.0
A0A316Q414,Tri_phenylalanine_40024,54431.98087893697
A0A316Q414,Tri_proline_M+NH4_18411,0.0
A0A316Q414,Tri_putrescine_18433,0.0
A0A316Q414,Tri_serine_23158,0.0
A0A316Q414,Tri_taurine_20369,0.0
A0A316Q414,Tri_tryptamine_38723,0.0
A0A316R4M9,"3a,7a,12k_alanine_20366",1073408.5633471177
A0A316R4M9,"3a,7a,12k_lysine_23168",93829.53235222094
A0A316R4M9,3a12k_serine_27652,383502.4642914698
A0A316R4M9,3a12k_taurine_22309,107726220.44816738
A0A316R4M9,3a7a12k_taurine_14542,97396383.30666578
A0A316R4M9,3a7k_citrulline_24966,0.0
A0A316R4M9,3a7k_glutamine_24909,8323.23175701066
A0A316R4M9,3a7k_serine_26456,11044.868251575546
A0A316R4M9,3a7k_threonine_27078,62431.96152894641
A0A316R4M9,3k12a_lysine_23849,0.0
A0A316R4M9,3k7a_glutamine_29953,0.0
A0A316R4M9,3k7a_proline_M+NH4_21780,0.0
A0A316R4M9,"Di_2,3_diaminopropionic acid_14073",0.0
A0A316R4M9,Di_2_aminophenol_36589,689600.4364305395
A0A316R4M9,Di_2_aminophenol_40269,421996.285327797
A0A316R4M9,Di_3_methoxytyramine_37128,14017.63428665566
A0A316R4M9,Di_3_methoxytyramine_37165,0.0
A0A316R4M9,Di_3_methoxytyramine_39396,0.0
A0A316R4M9,Di_GABA_33328,1305745.3253757807
A0A316R4M9,Di_GABA_36169,74890.51582101922
A0A316R4M9,Di_alanine_27176,35101.633557300374
A0A316R4M9,Di_alanine_35826,617771.8593329946
A0A316R4M9,Di_alanine_37411,2056045.9437517473
A0A316R4M9,Di_citrulline_22104,0.0
A0A316R4M9,Di_citrulline_31270,1629.8780507971735
A0A316R4M9,Di_dopamine_34015,0.0
A0A316R4M9,Di_dopamine_38088,0.0
A0A316R4M9,Di_glutamine_30065,0.0
A0A316R4M9,Di_glutamine_30067,0.0
A0A316R4M9,Di_glutamine_31254,2089.0067280928533
A0A316R4M9,Di_glycine_27361,4029379.449468924
A0A316R4M9,Di_glycine_34166,8013618.212032212
A0A316R4M9,Di_glycine_34738,2124477.2544244514
A0A316R4M9,Di_lysine_25070,0.0
A0A316R4M9,Di_methionine_34896,0.0
A0A316R4M9,Di_ornithine_15391,0.0
A0A316R4M9,Di_ornithine_17963,0.0
A0A316R4M9,Di_ornithine_22619,0.0
A0A316R4M9,Di_ornithine_25325,2514.7363729379213
A0A316R4M9,Di_phenylalanine_22687,821.7193203284661
A0A316R4M9,Di_phenylalanine_39833,57464.35748261614
A0A316R4M9,Di_serine_32622,224986.08615551091
A0A316R4M9,Di_taurine_19595,0.0
A0A316R4M9,Di_taurine_29331,30320689.25682222
A0A316R4M9,Di_taurine_30261,10750.82280199885
A0A316R4M9,Di_threonine_23465,20969.371671223267
A0A316R4M9,Di_threonine_33288,1077.1322731759685
A0A316R4M9,Di_unconjugated_34634,70378.81943125492
A0A316R4M9,Mono_2_aminophenol_41901,18875.800784532687
A0A316R4M9,Mono_2_aminophenol_45657,4818.429533611763
A0A316R4M9,Mono_GABA_40494,53864.283000714764
A0A316R4M9,Mono_alanine_40140,930016.6006958506
A0A316R4M9,Mono_glutamine_37103,0.0
A0A316R4M9,Mono_glycine_38634,7503698.019096852
A0A316R4M9,Mono_lysine_32192,0.0
A0A316R4M9,Mono_methionine_41397,12606.188352398887
A0A316R4M9,Mono_ornithine_31596,0.0
A0A316R4M9,Mono_ornithine_33494,4152.786516475655
A0A316R4M9,Mono_phenylalanine_41412,20003.79792332535
A0A316R4M9,Mono_serotonin_42743,11305.432985838028
A0A316R4M9,Mono_taurine_35357,60166745.52353572
A0A316R4M9,Mono_tyramine_38979,650831.5684116831
A0A316R4M9,"Tri_2,3_diaminopropionic acid_14940",77865.8254440119
A0A316R4M9,"Tri_2,3_diaminopropionic acid_17863",0.0
A0A316R4M9,"Tri_2,3_diaminopropionic acid_17869",0.0
A0A316R4M9,"Tri_2,3_diaminopropionic acid_18373",883837.697846287
A0A316R4M9,Tri_2_aminophenol_35037,281597.20748896565
A0A316R4M9,Tri_2_aminophenol_39976,2602555.9445753763
A0A316R4M9,Tri_3_methoxytyramine_36008,0.0
A0A316R4M9,Tri_GABA_22882,268592.626914992
A0A316R4M9,Tri_GABA_26794,1355432.9907302512
A0A316R4M9,Tri_GABA_M+H2O_23885,88689.51470985176
A0A316R4M9,Tri_alanine_28457,374274.79028283147
A0A316R4M9,Tri_arginine_18281,0.0
A0A316R4M9,Tri_asparagine_20433,361640.8482743334
A0A316R4M9,Tri_cadaverine_19586,0.0
A0A316R4M9,Tri_citrulline_22220,0.0
A0A316R4M9,Tri_cystine_19329,0.0
A0A316R4M9,Tri_dopamine_32050,33586.54811765414
A0A316R4M9,Tri_dopamine_32195,0.0
A0A316R4M9,Tri_glutamine_22099,0.0
A0A316R4M9,Tri_glycine_25947,68518.48706894713
A0A316R4M9,Tri_glyglycine_20401,0.0
A0A316R4M9,Tri_histidine_17315,0.0
A0A316R4M9,Tri_methionine_33885,53905.55033560843
A0A316R4M9,Tri_ornithine_17210,0.0
A0A316R4M9,Tri_phenylalanine_22512,4675.435142238429
A0A316R4M9,Tri_phenylalanine_37508,0.0
A0A316R4M9,Tri_phenylalanine_40024,178890.78993472553
A0A316R4M9,Tri_proline_M+NH4_18411,0.0
A0A316R4M9,Tri_putrescine_18433,0.0
A0A316R4M9,Tri_serine_23158,1796.765605650574
A0A316R4M9,Tri_taurine_20369,0.0
A0A316R4M9,Tri_tryptamine_38723,0.0
A0A317T5Z6,"3a,7a,12k_alanine_20366",0.0
A0A317T5Z6,"3a,7a,12k_lysine_23168",0.0
A0A317T5Z6,3a12k_serine_27652,0.0
A0A317T5Z6,3a12k_taurine_22309,89141.74230007546
A0A317T5Z6,3a7a12k_taurine_14542,88919.35102593318
A0A317T5Z6,3a7k_citrulline_24966,0.0
A0A317T5Z6,3a7k_glutamine_24909,0.0
A0A317T5Z6,3a7k_serine_26456,0.0
A0A317T5Z6,3a7k_threonine_27078,0.0
A0A317T5Z6,3k12a_lysine_23849,0.0
A0A317T5Z6,3k7a_glutamine_29953,0.0
A0A317T5Z6,3k7a_proline_M+NH4_21780,0.0
A0A317T5Z6,"Di_2,3_diaminopropionic acid_14073",0.0
A0A317T5Z6,Di_2_aminophenol_36589,0.0
A0A317T5Z6,Di_2_aminophenol_40269,0.0
A0A317T5Z6,Di_3_methoxytyramine_37128,0.0
A0A317T5Z6,Di_3_methoxytyramine_37165,0.0
A0A317T5Z6,Di_3_methoxytyramine_39396,0.0
A0A317T5Z6,Di_GABA_33328,0.0
A0A317T5Z6,Di_GABA_36169,0.0
A0A317T5Z6,Di_alanine_27176,0.0
A0A317T5Z6,Di_alanine_35826,0.0
A0A317T5Z6,Di_alanine_37411,0.0
A0A317T5Z6,Di_citrulline_22104,0.0
A0A317T5Z6,Di_citrulline_31270,0.0
A0A317T5Z6,Di_dopamine_34015,0.0
A0A317T5Z6,Di_dopamine_38088,0.0
A0A317T5Z6,Di_glutamine_30065,0.0
A0A317T5Z6,Di_glutamine_30067,0.0
A0A317T5Z6,Di_glutamine_31254,0.0
A0A317T5Z6,Di_glycine_27361,71594.13108880934
A0A317T5Z6,Di_glycine_34166,43368.5405046897
A0A317T5Z6,Di_glycine_34738,0.0
A0A317T5Z6,Di_lysine_25070,0.0
A0A317T5Z6,Di_methionine_34896,0.0
A0A317T5Z6,Di_ornithine_15391,0.0
A0A317T5Z6,Di_ornithine_17963,0.0
A0A317T5Z6,Di_ornithine_22619,0.0
A0A317T5Z6,Di_ornithine_25325,0.0
A0A317T5Z6,Di_phenylalanine_22687,0.0
A0A317T5Z6,Di_phenylalanine_39833,0.0
A0A317T5Z6,Di_serine_32622,0.0
A0A317T5Z6,Di_taurine_19595,0.0
A0A317T5Z6,Di_taurine_29331,71097.7155182406
A0A317T5Z6,Di_taurine_30261,0.0
A0A317T5Z6,Di_threonine_23465,0.0
A0A317T5Z6,Di_threonine_33288,0.0
A0A317T5Z6,Di_unconjugated_34634,0.0
A0A317T5Z6,Mono_2_aminophenol_41901,0.0
A0A317T5Z6,Mono_2_aminophenol_45657,0.0
A0A317T5Z6,Mono_GABA_40494,0.0
A0A317T5Z6,Mono_alanine_40140,0.0
A0A317T5Z6,Mono_glutamine_37103,0.0
A0A317T5Z6,Mono_glycine_38634,173244.681919718
A0A317T5Z6,Mono_lysine_32192,0.0
A0A317T5Z6,Mono_methionine_41397,0.0
A0A317T5Z6,Mono_ornithine_31596,0.0
A0A317T5Z6,Mono_ornithine_33494,0.0
A0A317T5Z6,Mono_phenylalanine_41412,0.0
A0A317T5Z6,Mono_serotonin_42743,0.0
A0A317T5Z6,Mono_taurine_35357,74958.09173030892
A0A317T5Z6,Mono_tyramine_38979,0.0
A0A317T5Z6,"Tri_2,3_diaminopropionic acid_14940",0.0
A0A317T5Z6,"Tri_2,3_diaminopropionic acid_17863",0.0
A0A317T5Z6,"Tri_2,3_diaminopropionic acid_17869",0.0
A0A317T5Z6,"Tri_2,3_diaminopropionic acid_18373",0.0
A0A317T5Z6,Tri_2_aminophenol_35037,0.0
A0A317T5Z6,Tri_2_aminophenol_39976,0.0
A0A317T5Z6,Tri_3_methoxytyramine_36008,0.0
A0A317T5Z6,Tri_GABA_22882,0.0
A0A317T5Z6,Tri_GABA_26794,0.0
A0A317T5Z6,Tri_GABA_M+H2O_23885,0.0
A0A317T5Z6,Tri_alanine_28457,0.0
A0A317T5Z6,Tri_arginine_18281,0.0
A0A317T5Z6,Tri_asparagine_20433,0.0
A0A317T5Z6,Tri_cadaverine_19586,0.0
A0A317T5Z6,Tri_citrulline_22220,0.0
A0A317T5Z6,Tri_cystine_19329,0.0
A0A317T5Z6,Tri_dopamine_32050,0.0
A0A317T5Z6,Tri_dopamine_32195,0.0
A0A317T5Z6,Tri_glutamine_22099,0.0
A0A317T5Z6,Tri_glycine_25947,0.0
A0A317T5Z6,Tri_glyglycine_20401,0.0
A0A317T5Z6,Tri_histidine_17315,0.0
A0A317T5Z6,Tri_methionine_33885,0.0
A0A317T5Z6,Tri_ornithine_17210,0.0
A0A317T5Z6,Tri_phenylalanine_22512,0.0
A0A317T5Z6,Tri_phenylalanine_37508,0.0
A0A317T5Z6,Tri_phenylalanine_40024,0.0
A0A317T5Z6,Tri_proline_M+NH4_18411,0.0
A0A317T5Z6,Tri_putrescine_18433,0.0
A0A317T5Z6,Tri_serine_23158,0.0
A0A317T5Z6,Tri_taurine_20369,0.0
A0A317T5Z6,Tri_tryptamine_38723,0.0
A0A349QN89,"3a,7a,12k_alanine_20366",0.0
A0A349QN89,"3a,7a,12k_lysine_23168",0.0
A0A349QN89,3a12k_serine_27652,0.0
A0A349QN89,3a12k_taurine_22309,40116.8232771215
A0A349QN89,3a7a12k_taurine_14542,29329.036054167344
A0A349QN89,3a7k_citrulline_24966,0.0
A0A349QN89,3a7k_glutamine_24909,0.0
A0A349QN89,3a7k_serine_26456,0.0
A0A349QN89,3a7k_threonine_27078,0.0
A0A349QN89,3k12a_lysine_23849,0.0
A0A349QN89,3k7a_glutamine_29953,0.0
A0A349QN89,3k7a_proline_M+NH4_21780,0.0
A0A349QN89,"Di_2,3_diaminopropionic acid_14073",0.0
A0A349QN89,Di_2_aminophenol_36589,0.0
A0A349QN89,Di_2_aminophenol_40269,0.0
A0A349QN89,Di_3_methoxytyramine_37128,0.0
A0A349QN89,Di_3_methoxytyramine_37165,0.0
A0A349QN89,Di_3_methoxytyramine_39396,0.0
A0A349QN89,Di_GABA_33328,0.0
A0A349QN89,Di_GABA_36169,0.0
A0A349QN89,Di_alanine_27176,0.0
A0A349QN89,Di_alanine_35826,0.0
A0A349QN89,Di_alanine_37411,0.0
A0A349QN89,Di_citrulline_22104,0.0
A0A349QN89,Di_citrulline_31270,0.0
A0A349QN89,Di_dopamine_34015,0.0
A0A349QN89,Di_dopamine_38088,0.0
A0A349QN89,Di_glutamine_30065,0.0
A0A349QN89,Di_glutamine_30067,0.0
A0A349QN89,Di_glutamine_31254,0.0
A0A349QN89,Di_glycine_27361,41790.26446075546
A0A349QN89,Di_glycine_34166,45304.622763143154
A0A349QN89,Di_glycine_34738,0.0
A0A349QN89,Di_lysine_25070,0.0
A0A349QN89,Di_methionine_34896,0.0
A0A349QN89,Di_ornithine_15391,0.0
A0A349QN89,Di_ornithine_17963,0.0
A0A349QN89,Di_ornithine_22619,0.0
A0A349QN89,Di_ornithine_25325,0.0
A0A349QN89,Di_phenylalanine_22687,0.0
A0A349QN89,Di_phenylalanine_39833,0.0
A0A349QN89,Di_serine_32622,0.0
A0A349QN89,Di_taurine_19595,0.0
A0A349QN89,Di_taurine_29331,53541.92052175181
A0A349QN89,Di_taurine_30261,0.0
A0A349QN89,Di_threonine_23465,0.0
A0A349QN89,Di_threonine_33288,0.0
A0A349QN89,Di_unconjugated_34634,0.0
A0A349QN89,Mono_2_aminophenol_41901,0.0
A0A349QN89,Mono_2_aminophenol_45657,0.0
A0A349QN89,Mono_GABA_40494,0.0
A0A349QN89,Mono_alanine_40140,0.0
A0A349QN89,Mono_glutamine_37103,0.0
A0A349QN89,Mono_glycine_38634,127341.06942409652
A0A349QN89,Mono_lysine_32192,0.0
A0A349QN89,Mono_methionine_41397,0.0
A0A349QN89,Mono_ornithine_31596,0.0
A0A349QN89,Mono_ornithine_33494,0.0
A0A349QN89,Mono_phenylalanine_41412,0.0
A0A349QN89,Mono_serotonin_42743,0.0
A0A349QN89,Mono_taurine_35357,87655.6714057651
A0A349QN89,Mono_tyramine_38979,0.0
A0A349QN89,"Tri_2,3_diaminopropionic acid_14940",0.0
A0A349QN89,"Tri_2,3_diaminopropionic acid_17863",0.0
A0A349QN89,"Tri_2,3_diaminopropionic acid_17869",0.0
A0A349QN89,"Tri_2,3_diaminopropionic acid_18373",0.0
A0A349QN89,Tri_2_aminophenol_35037,0.0
A0A349QN89,Tri_2_aminophenol_39976,0.0
A0A349QN89,Tri_3_methoxytyramine_36008,0.0
A0A349QN89,Tri_GABA_22882,0.0
A0A349QN89,Tri_GABA_26794,0.0
A0A349QN89,Tri_GABA_M+H2O_23885,0.0
A0A349QN89,Tri_alanine_28457,0.0
A0A349QN89,Tri_arginine_18281,0.0
A0A349QN89,Tri_asparagine_20433,0.0
A0A349QN89,Tri_cadaverine_19586,0.0
A0A349QN89,Tri_citrulline_22220,0.0
A0A349QN89,Tri_cystine_19329,0.0
A0A349QN89,Tri_dopamine_32050,0.0
A0A349QN89,Tri_dopamine_32195,0.0
A0A349QN89,Tri_glutamine_22099,0.0
A0A349QN89,Tri_glycine_25947,0.0
A0A349QN89,Tri_glyglycine_20401,0.0
A0A349QN89,Tri_histidine_17315,0.0
A0A349QN89,Tri_methionine_33885,0.0
A0A349QN89,Tri_ornithine_17210,0.0
A0A349QN89,Tri_phenylalanine_22512,0.0
A0A349QN89,Tri_phenylalanine_37508,0.0
A0A349QN89,Tri_phenylalanine_40024,0.0
A0A349QN89,Tri_proline_M+NH4_18411,0.0
A0A349QN89,Tri_putrescine_18433,0.0
A0A349QN89,Tri_serine_23158,0.0
A0A349QN89,Tri_taurine_20369,0.0
A0A349QN89,Tri_tryptamine_38723,0.0
A0A350RPF7,"3a,7a,12k_alanine_20366",385590.1336732847
A0A350RPF7,"3a,7a,12k_lysine_23168",436118.3792820574
A0A350RPF7,3a12k_serine_27652,349031.7562326755
A0A350RPF7,3a12k_taurine_22309,68045647.3649095
A0A350RPF7,3a7a12k_taurine_14542,70756403.35361364
A0A350RPF7,3a7k_citrulline_24966,0.0
A0A350RPF7,3a7k_glutamine_24909,17026.077473272024
A0A350RPF7,3a7k_serine_26456,163530.67521244107
A0A350RPF7,3a7k_threonine_27078,88173.79767788372
A0A350RPF7,3k12a_lysine_23849,0.0
A0A350RPF7,3k7a_glutamine_29953,1332.081293545411
A0A350RPF7,3k7a_proline_M+NH4_21780,0.0
A0A350RPF7,"Di_2,3_diaminopropionic acid_14073",0.0
A0A350RPF7,Di_2_aminophenol_36589,160094.31758675262
A0A350RPF7,Di_2_aminophenol_40269,103067.37444876613
A0A350RPF7,Di_3_methoxytyramine_37128,3105.924915639421
A0A350RPF7,Di_3_methoxytyramine_37165,0.0
A0A350RPF7,Di_3_methoxytyramine_39396,0.0
A0A350RPF7,Di_GABA_33328,151463.5902829923
A0A350RPF7,Di_GABA_36169,64245.45600950807
A0A350RPF7,Di_alanine_27176,49265.77484870112
A0A350RPF7,Di_alanine_35826,323446.6875667533
A0A350RPF7,Di_alanine_37411,801774.1444702081
A0A350RPF7,Di_citrulline_22104,0.0
A0A350RPF7,Di_citrulline_31270,9722.53473827156
A0A350RPF7,Di_dopamine_34015,0.0
A0A350RPF7,Di_dopamine_38088,0.0
A0A350RPF7,Di_glutamine_30065,0.0
A0A350RPF7,Di_glutamine_30067,3898.9332576112315
A0A350RPF7,Di_glutamine_31254,14824.986343944845
A0A350RPF7,Di_glycine_27361,853637.2428753612
A0A350RPF7,Di_glycine_34166,6756951.655164161
A0A350RPF7,Di_glycine_34738,1772893.5856371017
A0A350RPF7,Di_lysine_25070,990.3825952013227
A0A350RPF7,Di_methionine_34896,3028.3207021458916
A0A350RPF7,Di_ornithine_15391,0.0
A0A350RPF7,Di_ornithine_17963,0.0
A0A350RPF7,Di_ornithine_22619,0.0
A0A350RPF7,Di_ornithine_25325,3137.714963711987
A0A350RPF7,Di_phenylalanine_22687,23926.47574128732
A0A350RPF7,Di_phenylalanine_39833,34433.28638234927
A0A350RPF7,Di_serine_32622,140558.67986497452
A0A350RPF7,Di_taurine_19595,0.0
A0A350RPF7,Di_taurine_29331,17906124.94714094
A0A350RPF7,Di_taurine_30261,16082.000885652882
A0A350RPF7,Di_threonine_23465,19318.140906769047
A0A350RPF7,Di_threonine_33288,3968.533120514619
A0A350RPF7,Di_unconjugated_34634,88470.45376418847
A0A350RPF7,Mono_2_aminophenol_41901,0.0
A0A350RPF7,Mono_2_aminophenol_45657,5758.083110959122
A0A350RPF7,Mono_GABA_40494,33394.208994524735
A0A350RPF7,Mono_alanine_40140,405482.53124793
A0A350RPF7,Mono_glutamine_37103,0.0
A0A350RPF7,Mono_glycine_38634,7233554.107646531
A0A350RPF7,Mono_lysine_32192,0.0
A0A350RPF7,Mono_methionine_41397,21759.861225126802
A0A350RPF7,Mono_ornithine_31596,0.0
A0A350RPF7,Mono_ornithine_33494,703.2916082598003
A0A350RPF7,Mono_phenylalanine_41412,23244.459116417085
A0A350RPF7,Mono_serotonin_42743,6228.012900045161
A0A350RPF7,Mono_taurine_35357,59809628.73081183
A0A350RPF7,Mono_tyramine_38979,149444.9175353334
A0A350RPF7,"Tri_2,3_diaminopropionic acid_14940",29065.044738178825
A0A350RPF7,"Tri_2,3_diaminopropionic acid_17863",0.0
A0A350RPF7,"Tri_2,3_diaminopropionic acid_17869",48302.43574728178
A0A350RPF7,"Tri_2,3_diaminopropionic acid_18373",450152.06457530457
A0A350RPF7,Tri_2_aminophenol_35037,241737.06456577807
A0A350RPF7,Tri_2_aminophenol_39976,918213.828027484
A0A350RPF7,Tri_3_methoxytyramine_36008,0.0
A0A350RPF7,Tri_GABA_22882,99567.6051796716
A0A350RPF7,Tri_GABA_26794,277164.04142017226
A0A350RPF7,Tri_GABA_M+H2O_23885,50586.691880056555
A0A350RPF7,Tri_alanine_28457,160821.02611757963
A0A350RPF7,Tri_arginine_18281,10055.16451877896
A0A350RPF7,Tri_asparagine_20433,863331.5984154678
A0A350RPF7,Tri_cadaverine_19586,0.0
A0A350RPF7,Tri_citrulline_22220,2002.769827400485
A0A350RPF7,Tri_cystine_19329,4703.729734459442
A0A350RPF7,Tri_dopamine_32050,41480.64045815537
A0A350RPF7,Tri_dopamine_32195,0.0
A0A350RPF7,Tri_glutamine_22099,0.0
A0A350RPF7,Tri_glycine_25947,546096.3921896267
A0A350RPF7,Tri_glyglycine_20401,43786.3110031071
A0A350RPF7,Tri_histidine_17315,0.0
A0A350RPF7,Tri_methionine_33885,116034.30858537806
A0A350RPF7,Tri_ornithine_17210,0.0
A0A350RPF7,Tri_phenylalanine_22512,29130.909901420087
A0A350RPF7,Tri_phenylalanine_37508,64728.07168413215
A0A350RPF7,Tri_phenylalanine_40024,106771.06543312641
A0A350RPF7,Tri_proline_M+NH4_18411,0.0
A0A350RPF7,Tri_putrescine_18433,0.0
A0A350RPF7,Tri_serine_23158,39790.83255805876
A0A350RPF7,Tri_taurine_20369,0.0
A0A350RPF7,Tri_tryptamine_38723,0.0
A0A350THC0,"3a,7a,12k_alanine_20366",81659.99402965802
A0A350THC0,"3a,7a,12k_lysine_23168",197448.8878296679
A0A350THC0,3a12k_serine_27652,190110.38195477947
A0A350THC0,3a12k_taurine_22309,100408960.12214155
A0A350THC0,3a7a12k_taurine_14542,1369409.479342756
A0A350THC0,3a7k_citrulline_24966,0.0
A0A350THC0,3a7k_glutamine_24909,72758.24690176042
A0A350THC0,3a7k_serine_26456,32054.81673177946
A0A350THC0,3a7k_threonine_27078,112080.24423267513
A0A350THC0,3k12a_lysine_23849,0.0
A0A350THC0,3k7a_glutamine_29953,7251.2576468023735
A0A350THC0,3k7a_proline_M+NH4_21780,0.0
A0A350THC0,"Di_2,3_diaminopropionic acid_14073",0.0
A0A350THC0,Di_2_aminophenol_36589,11194.002154428897
A0A350THC0,Di_2_aminophenol_40269,55800.053261630324
A0A350THC0,Di_3_methoxytyramine_37128,0.0
A0A350THC0,Di_3_methoxytyramine_37165,0.0
A0A350THC0,Di_3_methoxytyramine_39396,0.0
A0A350THC0,Di_GABA_33328,253086.66905595802
A0A350THC0,Di_GABA_36169,72159.19354417597
A0A350THC0,Di_alanine_27176,0.0
A0A350THC0,Di_alanine_35826,79761.79277129713
A0A350THC0,Di_alanine_37411,1029877.904661176
A0A350THC0,Di_citrulline_22104,0.0
A0A350THC0,Di_citrulline_31270,0.0
A0A350THC0,Di_dopamine_34015,0.0
A0A350THC0,Di_dopamine_38088,0.0
A0A350THC0,Di_glutamine_30065,8717.565223621015
A0A350THC0,Di_glutamine_30067,30323.619123203753
A0A350THC0,Di_glutamine_31254,26023.221063952853
A0A350THC0,Di_glycine_27361,6563803.003452364
A0A350THC0,Di_glycine_34166,11958218.76117628
A0A350THC0,Di_glycine_34738,2385006.726227599
A0A350THC0,Di_lysine_25070,8339.033703987157
A0A350THC0,Di_methionine_34896,0.0
A0A350THC0,Di_ornithine_15391,0.0
A0A350THC0,Di_ornithine_17963,0.0
A0A350THC0,Di_ornithine_22619,0.0
A0A350THC0,Di_ornithine_25325,2226.7450384989415
A0A350THC0,Di_phenylalanine_22687,6227.455901035652
A0A350THC0,Di_phenylalanine_39833,48856.2571744019
A0A350THC0,Di_serine_32622,158649.389336941
A0A350THC0,Di_taurine_19595,3089.9404474205694
A0A350THC0,Di_taurine_29331,6652328.401013266
A0A350THC0,Di_taurine_30261,8273.497947982076
A0A350THC0,Di_threonine_23465,18036.09276244043
A0A350THC0,Di_threonine_33288,8616.310092918626
A0A350THC0,Di_unconjugated_34634,0.0
A0A350THC0,Mono_2_aminophenol_41901,0.0
A0A350THC0,Mono_2_aminophenol_45657,2411.689934812577
A0A350THC0,Mono_GABA_40494,76035.725
A0A350THC0,Mono_alanine_40140,363829.78008638165
A0A350THC0,Mono_glutamine_37103,0.0
A0A350THC0,Mono_glycine_38634,17917736.208358023
A0A350THC0,Mono_lysine_32192,0.0
A0A350THC0,Mono_methionine_41397,18697.744563540367
A0A350THC0,Mono_ornithine_31596,0.0
A0A350THC0,Mono_ornithine_33494,548.542339119151
A0A350THC0,Mono_phenylalanine_41412,0.0
A0A350THC0,Mono_serotonin_42743,0.0
A0A350THC0,Mono_taurine_35357,61641042.76225039
A0A350THC0,Mono_tyramine_38979,0.0
A0A350THC0,"Tri_2,3_diaminopropionic acid_14940",0.0
A0A350THC0,"Tri_2,3_diaminopropionic acid_17863",0.0
A0A350THC0,"Tri_2,3_diaminopropionic acid_17869",35921.13319583891
A0A350THC0,"Tri_2,3_diaminopropionic acid_18373",158055.09478019484
A0A350THC0,Tri_2_aminophenol_35037,136231.3003288941
A0A350THC0,Tri_2_aminophenol_39976,388362.2849204334
A0A350THC0,Tri_3_methoxytyramine_36008,0.0
A0A350THC0,Tri_GABA_22882,219036.00699735095
A0A350THC0,Tri_GABA_26794,1294667.9377717187
A0A350THC0,Tri_GABA_M+H2O_23885,267283.982806681
A0A350THC0,Tri_alanine_28457,349821.50633020984
A0A350THC0,Tri_arginine_18281,0.0
A0A350THC0,Tri_asparagine_20433,547985.8927498965
A0A350THC0,Tri_cadaverine_19586,0.0
A0A350THC0,Tri_citrulline_22220,0.0
A0A350THC0,Tri_cystine_19329,0.0
A0A350THC0,Tri_dopamine_32050,57007.4707254835
A0A350THC0,Tri_dopamine_32195,0.0
A0A350THC0,Tri_glutamine_22099,0.0
A0A350THC0,Tri_glycine_25947,400474.93421551894
A0A350THC0,Tri_glyglycine_20401,5289.5383356234015
A0A350THC0,Tri_histidine_17315,0.0
A0A350THC0,Tri_methionine_33885,64586.30077077243
A0A350THC0,Tri_ornithine_17210,0.0
A0A350THC0,Tri_phenylalanine_22512,6021.721451591496
A0A350THC0,Tri_phenylalanine_37508,17794.620853437358
A0A350THC0,Tri_phenylalanine_40024,144062.8491758776
A0A350THC0,Tri_proline_M+NH4_18411,0.0
A0A350THC0,Tri_putrescine_18433,0.0
A0A350THC0,Tri_serine_23158,13156.781734945156
A0A350THC0,Tri_taurine_20369,0.0
A0A350THC0,Tri_tryptamine_38723,0.0
A0A357TLK7,"3a,7a,12k_alanine_20366",0.0
A0A357TLK7,"3a,7a,12k_lysine_23168",0.0
A0A357TLK7,3a12k_serine_27652,0.0
A0A357TLK7,3a12k_taurine_22309,55112527.40636027
A0A357TLK7,3a7a12k_taurine_14542,55226171.52409078
A0A357TLK7,3a7k_citrulline_24966,0.0
A0A357TLK7,3a7k_glutamine_24909,0.0
A0A357TLK7,3a7k_serine_26456,0.0
A0A357TLK7,3a7k_threonine_27078,0.0
A0A357TLK7,3k12a_lysine_23849,0.0
A0A357TLK7,3k7a_glutamine_29953,0.0
A0A357TLK7,3k7a_proline_M+NH4_21780,0.0
A0A357TLK7,"Di_2,3_diaminopropionic acid_14073",0.0
A0A357TLK7,Di_2_aminophenol_36589,0.0
A0A357TLK7,Di_2_aminophenol_40269,0.0
A0A357TLK7,Di_3_methoxytyramine_37128,0.0
A0A357TLK7,Di_3_methoxytyramine_37165,0.0
A0A357TLK7,Di_3_methoxytyramine_39396,0.0
A0A357TLK7,Di_GABA_33328,5286.090898737741
A0A357TLK7,Di_GABA_36169,39433.89545847303
A0A357TLK7,Di_alanine_27176,0.0
A0A357TLK7,Di_alanine_35826,0.0
A0A357TLK7,Di_alanine_37411,249861.90778069675
A0A357TLK7,Di_citrulline_22104,0.0
A0A357TLK7,Di_citrulline_31270,0.0
A0A357TLK7,Di_dopamine_34015,0.0
A0A357TLK7,Di_dopamine_38088,0.0
A0A357TLK7,Di_glutamine_30065,0.0
A0A357TLK7,Di_glutamine_30067,0.0
A0A357TLK7,Di_glutamine_31254,0.0
A0A357TLK7,Di_glycine_27361,4644188.402672897
A0A357TLK7,Di_glycine_34166,12257726.506855644
A0A357TLK7,Di_glycine_34738,971674.2973451198
A0A357TLK7,Di_lysine_25070,0.0
A0A357TLK7,Di_methionine_34896,0.0
A0A357TLK7,Di_ornithine_15391,0.0
A0A357TLK7,Di_ornithine_17963,0.0
A0A357TLK7,Di_ornithine_22619,0.0
A0A357TLK7,Di_ornithine_25325,0.0
A0A357TLK7,Di_phenylalanine_22687,0.0
A0A357TLK7,Di_phenylalanine_39833,187104.05025739738
A0A357TLK7,Di_serine_32622,0.0
A0A357TLK7,Di_taurine_19595,0.0
A0A357TLK7,Di_taurine_29331,11782508.8591146
A0A357TLK7,Di_taurine_30261,0.0
A0A357TLK7,Di_threonine_23465,0.0
A0A357TLK7,Di_threonine_33288,0.0
A0A357TLK7,Di_unconjugated_34634,0.0
A0A357TLK7,Mono_2_aminophenol_41901,0.0
A0A357TLK7,Mono_2_aminophenol_45657,621.9633861543223
A0A357TLK7,Mono_GABA_40494,40673.314253016695
A0A357TLK7,Mono_alanine_40140,16238.687606674624
A0A357TLK7,Mono_glutamine_37103,1004.2336964488852
A0A357TLK7,Mono_glycine_38634,10264673.565063901
A0A357TLK7,Mono_lysine_32192,0.0
A0A357TLK7,Mono_methionine_41397,0.0
A0A357TLK7,Mono_ornithine_31596,0.0
A0A357TLK7,Mono_ornithine_33494,0.0
A0A357TLK7,Mono_phenylalanine_41412,0.0
A0A357TLK7,Mono_serotonin_42743,0.0
A0A357TLK7,Mono_taurine_35357,32178425.232155483
A0A357TLK7,Mono_tyramine_38979,0.0
A0A357TLK7,"Tri_2,3_diaminopropionic acid_14940",0.0
A0A357TLK7,"Tri_2,3_diaminopropionic acid_17863",0.0
A0A357TLK7,"Tri_2,3_diaminopropionic acid_17869",0.0
A0A357TLK7,"Tri_2,3_diaminopropionic acid_18373",0.0
A0A357TLK7,Tri_2_aminophenol_35037,0.0
A0A357TLK7,Tri_2_aminophenol_39976,0.0
A0A357TLK7,Tri_3_methoxytyramine_36008,0.0
A0A357TLK7,Tri_GABA_22882,133042.73854893955
A0A357TLK7,Tri_GABA_26794,804631.3627065158
A0A357TLK7,Tri_GABA_M+H2O_23885,0.0
A0A357TLK7,Tri_alanine_28457,0.0
A0A357TLK7,Tri_arginine_18281,0.0
A0A357TLK7,Tri_asparagine_20433,91787.6364618026
A0A357TLK7,Tri_cadaverine_19586,0.0
A0A357TLK7,Tri_citrulline_22220,0.0
A0A357TLK7,Tri_cystine_19329,0.0
A0A357TLK7,Tri_dopamine_32050,19088.80767606663
A0A357TLK7,Tri_dopamine_32195,0.0
A0A357TLK7,Tri_glutamine_22099,0.0
A0A357TLK7,Tri_glycine_25947,230021.05797238086
A0A357TLK7,Tri_glyglycine_20401,0.0
A0A357TLK7,Tri_histidine_17315,0.0
A0A357TLK7,Tri_methionine_33885,0.0
A0A357TLK7,Tri_ornithine_17210,0.0
A0A357TLK7,Tri_phenylalanine_22512,0.0
A0A357TLK7,Tri_phenylalanine_37508,0.0
A0A357TLK7,Tri_phenylalanine_40024,44385.75861130279
A0A357TLK7,Tri_proline_M+NH4_18411,0.0
A0A357TLK7,Tri_putrescine_18433,0.0
A0A357TLK7,Tri_serine_23158,0.0
A0A357TLK7,Tri_taurine_20369,0.0
A0A357TLK7,Tri_tryptamine_38723,0.0
A0A357TN00,"3a,7a,12k_alanine_20366",208099.23176284495
A0A357TN00,"3a,7a,12k_lysine_23168",205647.48385590216
A0A357TN00,3a12k_serine_27652,441794.1155058445
A0A357TN00,3a12k_taurine_22309,122922598.57175581
A0A357TN00,3a7a12k_taurine_14542,115030497.80256099
A0A357TN00,3a7k_citrulline_24966,669.9775430152122
A0A357TN00,3a7k_glutamine_24909,77714.65632736227
A0A357TN00,3a7k_serine_26456,83744.15431964934
A0A357TN00,3a7k_threonine_27078,116270.91948544647
A0A357TN00,3k12a_lysine_23849,0.0
A0A357TN00,3k7a_glutamine_29953,19172.77229405944
A0A357TN00,3k7a_proline_M+NH4_21780,0.0
A0A357TN00,"Di_2,3_diaminopropionic acid_14073",0.0
A0A357TN00,Di_2_aminophenol_36589,117113.44294491732
A0A357TN00,Di_2_aminophenol_40269,58699.21113488794
A0A357TN00,Di_3_methoxytyramine_37128,0.0
A0A357TN00,Di_3_methoxytyramine_37165,0.0
A0A357TN00,Di_3_methoxytyramine_39396,0.0
A0A357TN00,Di_GABA_33328,192864.30178792664
A0A357TN00,Di_GABA_36169,105273.70178258159
A0A357TN00,Di_alanine_27176,4113.5942812934045
A0A357TN00,Di_alanine_35826,66047.50634862932
A0A357TN00,Di_alanine_37411,1308048.5373644633
A0A357TN00,Di_citrulline_22104,0.0
A0A357TN00,Di_citrulline_31270,10693.324632249984
A0A357TN00,Di_dopamine_34015,0.0
A0A357TN00,Di_dopamine_38088,0.0
A0A357TN00,Di_glutamine_30065,7877.945732282221
A0A357TN00,Di_glutamine_30067,28201.21991645736
A0A357TN00,Di_glutamine_31254,40756.773871651145
A0A357TN00,Di_glycine_27361,5794289.895715692
A0A357TN00,Di_glycine_34166,18247764.170737557
A0A357TN00,Di_glycine_34738,2901129.5884853858
A0A357TN00,Di_lysine_25070,6041.088645313837
A0A357TN00,Di_methionine_34896,36019.13914826643
A0A357TN00,Di_ornithine_15391,0.0
A0A357TN00,Di_ornithine_17963,0.0
A0A357TN00,Di_ornithine_22619,0.0
A0A357TN00,Di_ornithine_25325,7320.408387741999
A0A357TN00,Di_phenylalanine_22687,41641.16944223218
A0A357TN00,Di_phenylalanine_39833,140601.3433860795
A0A357TN00,Di_serine_32622,312293.58934726723
A0A357TN00,Di_taurine_19595,0.0
A0A357TN00,Di_taurine_29331,32801944.153298546
A0A357TN00,Di_taurine_30261,7687.305405433584
A0A357TN00,Di_threonine_23465,28701.365308488337
A0A357TN00,Di_threonine_33288,15660.005461800796
A0A357TN00,Di_unconjugated_34634,36686.521752071494
A0A357TN00,Mono_2_aminophenol_41901,0.0
A0A357TN00,Mono_2_aminophenol_45657,5480.625911389297
A0A357TN00,Mono_GABA_40494,67322.68188373625
A0A357TN00,Mono_alanine_40140,579191.3823161991
A0A357TN00,Mono_glutamine_37103,19367.63944077285
A0A357TN00,Mono_glycine_38634,16553844.890955202
A0A357TN00,Mono_lysine_32192,0.0
A0A357TN00,Mono_methionine_41397,60017.96761590982
A0A357TN00,Mono_ornithine_31596,0.0
A0A357TN00,Mono_ornithine_33494,2544.0521466884784
A0A357TN00,Mono_phenylalanine_41412,82967.86801324008
A0A357TN00,Mono_serotonin_42743,0.0
A0A357TN00,Mono_taurine_35357,78906635.3727293
A0A357TN00,Mono_tyramine_38979,97717.83972399494
A0A357TN00,"Tri_2,3_diaminopropionic acid_14940",6124.147070254944
A0A357TN00,"Tri_2,3_diaminopropionic acid_17863",0.0
A0A357TN00,"Tri_2,3_diaminopropionic acid_17869",62140.971920133146
A0A357TN00,"Tri_2,3_diaminopropionic acid_18373",191743.39669029377
A0A357TN00,Tri_2_aminophenol_35037,43394.687447947144
A0A357TN00,Tri_2_aminophenol_39976,577665.4154691157
A0A357TN00,Tri_3_methoxytyramine_36008,0.0
A0A357TN00,Tri_GABA_22882,326693.7931288106
A0A357TN00,Tri_GABA_26794,1701908.8180857825
A0A357TN00,Tri_GABA_M+H2O_23885,51404.48958979402
A0A357TN00,Tri_alanine_28457,307533.1150847899
A0A357TN00,Tri_arginine_18281,0.0
A0A357TN00,Tri_asparagine_20433,517395.0042903586
A0A357TN00,Tri_cadaverine_19586,0.0
A0A357TN00,Tri_citrulline_22220,0.0
A0A357TN00,Tri_cystine_19329,0.0
A0A357TN00,Tri_dopamine_32050,55493.49928347235
A0A357TN00,Tri_dopamine_32195,0.0
A0A357TN00,Tri_glutamine_22099,0.0
A0A357TN00,Tri_glycine_25947,437829.3924230493
A0A357TN00,Tri_glyglycine_20401,2015.751494475538
A0A357TN00,Tri_histidine_17315,0.0
A0A357TN00,Tri_methionine_33885,104095.55071898902
A0A357TN00,Tri_ornithine_17210,0.0
A0A357TN00,Tri_phenylalanine_22512,20182.768354469536
A0A357TN00,Tri_phenylalanine_37508,26859.46998804259
A0A357TN00,Tri_phenylalanine_40024,155862.46040562188
A0A357TN00,Tri_proline_M+NH4_18411,0.0
A0A357TN00,Tri_putrescine_18433,0.0
A0A357TN00,Tri_serine_23158,14670.488258759618
A0A357TN00,Tri_taurine_20369,0.0
A0A357TN00,Tri_tryptamine_38723,0.0
A0A358VEZ8,"3a,7a,12k_alanine_20366",73964.19522787465
A0A358VEZ8,"3a,7a,12k_lysine_23168",58531.77882548454
A0A358VEZ8,3a12k_serine_27652,139565.80978182697
A0A358VEZ8,3a12k_taurine_22309,95654252.6940822
A0A358VEZ8,3a7a12k_taurine_14542,109091027.82089354
A0A358VEZ8,3a7k_citrulline_24966,0.0
A0A358VEZ8,3a7k_glutamine_24909,8824.80115357362
A0A358VEZ8,3a7k_serine_26456,0.0
A0A358VEZ8,3a7k_threonine_27078,15299.234843359884
A0A358VEZ8,3k12a_lysine_23849,0.0
A0A358VEZ8,3k7a_glutamine_29953,0.0
A0A358VEZ8,3k7a_proline_M+NH4_21780,0.0
A0A358VEZ8,"Di_2,3_diaminopropionic acid_14073",0.0
A0A358VEZ8,Di_2_aminophenol_36589,66470.48962986373
A0A358VEZ8,Di_2_aminophenol_40269,27923.58471354783
A0A358VEZ8,Di_3_methoxytyramine_37128,0.0
A0A358VEZ8,Di_3_methoxytyramine_37165,0.0
A0A358VEZ8,Di_3_methoxytyramine_39396,0.0
A0A358VEZ8,Di_GABA_33328,270848.1997576607
A0A358VEZ8,Di_GABA_36169,81910.0713387109
A0A358VEZ8,Di_alanine_27176,0.0
A0A358VEZ8,Di_alanine_35826,88399.17361690126
A0A358VEZ8,Di_alanine_37411,894832.8369261046
A0A358VEZ8,Di_citrulline_22104,0.0
A0A358VEZ8,Di_citrulline_31270,0.0
A0A358VEZ8,Di_dopamine_34015,0.0
A0A358VEZ8,Di_dopamine_38088,0.0
A0A358VEZ8,Di_glutamine_30065,0.0
A0A358VEZ8,Di_glutamine_30067,0.0
A0A358VEZ8,Di_glutamine_31254,15228.453280804924
A0A358VEZ8,Di_glycine_27361,7128867.83874824
A0A358VEZ8,Di_glycine_34166,21190475.43515604
A0A358VEZ8,Di_glycine_34738,2337895.376961969
A0A358VEZ8,Di_lysine_25070,0.0
A0A358VEZ8,Di_methionine_34896,0.0
A0A358VEZ8,Di_ornithine_15391,0.0
A0A358VEZ8,Di_ornithine_17963,0.0
A0A358VEZ8,Di_ornithine_22619,0.0
A0A358VEZ8,Di_ornithine_25325,938.3024758010027
A0A358VEZ8,Di_phenylalanine_22687,2689.5354759310812
A0A358VEZ8,Di_phenylalanine_39833,146078.62007983605
A0A358VEZ8,Di_serine_32622,127589.03677528442
A0A358VEZ8,Di_taurine_19595,4864.581827963831
A0A358VEZ8,Di_taurine_29331,22517254.17334067
A0A358VEZ8,Di_taurine_30261,4585.681966897339
A0A358VEZ8,Di_threonine_23465,3233.7944756929264
A0A358VEZ8,Di_threonine_33288,0.0
A0A358VEZ8,Di_unconjugated_34634,0.0
A0A358VEZ8,Mono_2_aminophenol_41901,0.0
A0A358VEZ8,Mono_2_aminophenol_45657,9605.532447781796
A0A358VEZ8,Mono_GABA_40494,67647.87189797116
A0A358VEZ8,Mono_alanine_40140,265886.357852588
A0A358VEZ8,Mono_glutamine_37103,5585.8271752386945
A0A358VEZ8,Mono_glycine_38634,15068859.898036566
A0A358VEZ8,Mono_lysine_32192,0.0
A0A358VEZ8,Mono_methionine_41397,12057.56836463361
A0A358VEZ8,Mono_ornithine_31596,0.0
A0A358VEZ8,Mono_ornithine_33494,1225.6946775224944
A0A358VEZ8,Mono_phenylalanine_41412,0.0
A0A358VEZ8,Mono_serotonin_42743,0.0
A0A358VEZ8,Mono_taurine_35357,76045615.5870799
A0A358VEZ8,Mono_tyramine_38979,26178.048691575772
A0A358VEZ8,"Tri_2,3_diaminopropionic acid_14940",0.0
A0A358VEZ8,"Tri_2,3_diaminopropionic acid_17863",0.0
A0A358VEZ8,"Tri_2,3_diaminopropionic acid_17869",8628.80814964563
A0A358VEZ8,"Tri_2,3_diaminopropionic acid_18373",132695.67687520673
A0A358VEZ8,Tri_2_aminophenol_35037,5386.755090258633
A0A358VEZ8,Tri_2_aminophenol_39976,218696.5809369753
A0A358VEZ8,Tri_3_methoxytyramine_36008,0.0
A0A358VEZ8,Tri_GABA_22882,322149.23939300334
A0A358VEZ8,Tri_GABA_26794,1507915.289071651
A0A358VEZ8,Tri_GABA_M+H2O_23885,107549.70133741904
A0A358VEZ8,Tri_alanine_28457,187930.63817805474
A0A358VEZ8,Tri_arginine_18281,0.0
A0A358VEZ8,Tri_asparagine_20433,378271.9345780302
A0A358VEZ8,Tri_cadaverine_19586,0.0
A0A358VEZ8,Tri_citrulline_22220,0.0
A0A358VEZ8,Tri_cystine_19329,0.0
A0A358VEZ8,Tri_dopamine_32050,57933.29657539814
A0A358VEZ8,Tri_dopamine_32195,0.0
A0A358VEZ8,Tri_glutamine_22099,0.0
A0A358VEZ8,Tri_glycine_25947,466062.58276013593
A0A358VEZ8,Tri_glyglycine_20401,0.0
A0A358VEZ8,Tri_histidine_17315,0.0
A0A358VEZ8,Tri_methionine_33885,30021.243721209063
A0A358VEZ8,Tri_ornithine_17210,0.0
A0A358VEZ8,Tri_phenylalanine_22512,0.0
A0A358VEZ8,Tri_phenylalanine_37508,0.0
A0A358VEZ8,Tri_phenylalanine_40024,98500.76365567569
A0A358VEZ8,Tri_proline_M+NH4_18411,0.0
A0A358VEZ8,Tri_putrescine_18433,0.0
A0A358VEZ8,Tri_serine_23158,0.0
A0A358VEZ8,Tri_taurine_20369,0.0
A0A358VEZ8,Tri_tryptamine_38723,0.0
A0A373HJM3,"3a,7a,12k_alanine_20366",181647.08552081158
A0A373HJM3,"3a,7a,12k_lysine_23168",58715.56514412481
A0A373HJM3,3a12k_serine_27652,149585.6106940109
A0A373HJM3,3a12k_taurine_22309,91704920.3387889
A0A373HJM3,3a7a12k_taurine_14542,1432242.7645284007
A0A373HJM3,3a7k_citrulline_24966,0.0
A0A373HJM3,3a7k_glutamine_24909,6483.366371645081
A0A373HJM3,3a7k_serine_26456,15174.624964748442
A0A373HJM3,3a7k_threonine_27078,21838.8005905677
A0A373HJM3,3k12a_lysine_23849,0.0
A0A373HJM3,3k7a_glutamine_29953,0.0
A0A373HJM3,3k7a_proline_M+NH4_21780,0.0
A0A373HJM3,"Di_2,3_diaminopropionic acid_14073",0.0
A0A373HJM3,Di_2_aminophenol_36589,0.0
A0A373HJM3,Di_2_aminophenol_40269,0.0
A0A373HJM3,Di_3_methoxytyramine_37128,0.0
A0A373HJM3,Di_3_methoxytyramine_37165,0.0
A0A373HJM3,Di_3_methoxytyramine_39396,0.0
A0A373HJM3,Di_GABA_33328,76998.62209853134
A0A373HJM3,Di_GABA_36169,69768.62053747667
A0A373HJM3,Di_alanine_27176,0.0
A0A373HJM3,Di_alanine_35826,15192.996359364304
A0A373HJM3,Di_alanine_37411,569283.721898344
A0A373HJM3,Di_citrulline_22104,0.0
A0A373HJM3,Di_citrulline_31270,0.0
A0A373HJM3,Di_dopamine_34015,0.0
A0A373HJM3,Di_dopamine_38088,0.0
A0A373HJM3,Di_glutamine_30065,0.0
A0A373HJM3,Di_glutamine_30067,0.0
A0A373HJM3,Di_glutamine_31254,0.0
A0A373HJM3,Di_glycine_27361,2341975.3694511363
A0A373HJM3,Di_glycine_34166,2525619.2863481003
A0A373HJM3,Di_glycine_34738,1228438.2946223335
A0A373HJM3,Di_lysine_25070,0.0
A0A373HJM3,Di_methionine_34896,0.0
A0A373HJM3,Di_ornithine_15391,0.0
A0A373HJM3,Di_ornithine_17963,0.0
A0A373HJM3,Di_ornithine_22619,0.0
A0A373HJM3,Di_ornithine_25325,737.9790687072284
A0A373HJM3,Di_phenylalanine_22687,936.9620186970517
A0A373HJM3,Di_phenylalanine_39833,34994.37484985448
A0A373HJM3,Di_serine_32622,0.0
A0A373HJM3,Di_taurine_19595,0.0
A0A373HJM3,Di_taurine_29331,21205269.903177824
A0A373HJM3,Di_taurine_30261,0.0
A0A373HJM3,Di_threonine_23465,1397.7538256122439
A0A373HJM3,Di_threonine_33288,0.0
A0A373HJM3,Di_unconjugated_34634,138645.92711077505
A0A373HJM3,Mono_2_aminophenol_41901,0.0
A0A373HJM3,Mono_2_aminophenol_45657,3486.60669636266
A0A373HJM3,Mono_GABA_40494,52555.27052941616
A0A373HJM3,Mono_alanine_40140,195905.9461248899
A0A373HJM3,Mono_glutamine_37103,0.0
A0A373HJM3,Mono_glycine_38634,6787408.22792478
A0A373HJM3,Mono_lysine_32192,0.0
A0A373HJM3,Mono_methionine_41397,6704.384601025657
A0A373HJM3,Mono_ornithine_31596,0.0
A0A373HJM3,Mono_ornithine_33494,735.7015953273716
A0A373HJM3,Mono_phenylalanine_41412,0.0
A0A373HJM3,Mono_serotonin_42743,0.0
A0A373HJM3,Mono_taurine_35357,66722767.61998019
A0A373HJM3,Mono_tyramine_38979,0.0
A0A373HJM3,"Tri_2,3_diaminopropionic acid_14940",0.0
A0A373HJM3,"Tri_2,3_diaminopropionic acid_17863",0.0
A0A373HJM3,"Tri_2,3_diaminopropionic acid_17869",0.0
A0A373HJM3,"Tri_2,3_diaminopropionic acid_18373",66704.97577787479
A0A373HJM3,Tri_2_aminophenol_35037,0.0
A0A373HJM3,Tri_2_aminophenol_39976,104697.17523074965
A0A373HJM3,Tri_3_methoxytyramine_36008,0.0
A0A373HJM3,Tri_GABA_22882,122649.72136778936
A0A373HJM3,Tri_GABA_26794,886683.0036472891
A0A373HJM3,Tri_GABA_M+H2O_23885,41171.765213707615
A0A373HJM3,Tri_alanine_28457,88514.6664537597
A0A373HJM3,Tri_arginine_18281,0.0
A0A373HJM3,Tri_asparagine_20433,1845637.8852107767
A0A373HJM3,Tri_cadaverine_19586,0.0
A0A373HJM3,Tri_citrulline_22220,0.0
A0A373HJM3,Tri_cystine_19329,0.0
A0A373HJM3,Tri_dopamine_32050,63058.84084853394
A0A373HJM3,Tri_dopamine_32195,0.0
A0A373HJM3,Tri_glutamine_22099,0.0
A0A373HJM3,Tri_glycine_25947,279510.8263950977
A0A373HJM3,Tri_glyglycine_20401,141371.11530409864
A0A373HJM3,Tri_histidine_17315,0.0
A0A373HJM3,Tri_methionine_33885,31919.452964319975
A0A373HJM3,Tri_ornithine_17210,0.0
A0A373HJM3,Tri_phenylalanine_22512,0.0
A0A373HJM3,Tri_phenylalanine_37508,0.0
A0A373HJM3,Tri_phenylalanine_40024,130833.13405467254
A0A373HJM3,Tri_proline_M+NH4_18411,0.0
A0A373HJM3,Tri_putrescine_18433,0.0
A0A373HJM3,Tri_serine_23158,0.0
A0A373HJM3,Tri_taurine_20369,0.0
A0A373HJM3,Tri_tryptamine_38723,0.0
A0A395V718,"3a,7a,12k_alanine_20366",90157.7695512401
A0A395V718,"3a,7a,12k_lysine_23168",52755.057692651004
A0A395V718,3a12k_serine_27652,85537.01376538767
A0A395V718,3a12k_taurine_22309,77616463.55339153
A0A395V718,3a7a12k_taurine_14542,66738882.326193884
A0A395V718,3a7k_citrulline_24966,0.0
A0A395V718,3a7k_glutamine_24909,3276.4959482464646
A0A395V718,3a7k_serine_26456,0.0
A0A395V718,3a7k_threonine_27078,4902.639678507533
A0A395V718,3k12a_lysine_23849,0.0
A0A395V718,3k7a_glutamine_29953,0.0
A0A395V718,3k7a_proline_M+NH4_21780,0.0
A0A395V718,"Di_2,3_diaminopropionic acid_14073",0.0
A0A395V718,Di_2_aminophenol_36589,76179.31592371031
A0A395V718,Di_2_aminophenol_40269,57561.67672415103
A0A395V718,Di_3_methoxytyramine_37128,0.0
A0A395V718,Di_3_methoxytyramine_37165,0.0
A0A395V718,Di_3_methoxytyramine_39396,0.0
A0A395V718,Di_GABA_33328,260935.8838711927
A0A395V718,Di_GABA_36169,59014.41209861509
A0A395V718,Di_alanine_27176,0.0
A0A395V718,Di_alanine_35826,77133.21215744609
A0A395V718,Di_alanine_37411,489289.6729257864
A0A395V718,Di_citrulline_22104,0.0
A0A395V718,Di_citrulline_31270,0.0
A0A395V718,Di_dopamine_34015,0.0
A0A395V718,Di_dopamine_38088,0.0
A0A395V718,Di_glutamine_30065,0.0
A0A395V718,Di_glutamine_30067,0.0
A0A395V718,Di_glutamine_31254,4493.037645935785
A0A395V718,Di_glycine_27361,4587255.179434976
A0A395V718,Di_glycine_34166,14144488.677403634
A0A395V718,Di_glycine_34738,1542441.2629122382
A0A395V718,Di_lysine_25070,0.0
A0A395V718,Di_methionine_34896,0.0
A0A395V718,Di_ornithine_15391,0.0
A0A395V718,Di_ornithine_17963,0.0
A0A395V718,Di_ornithine_22619,0.0
A0A395V718,Di_ornithine_25325,1735.3762171893923
A0A395V718,Di_phenylalanine_22687,0.0
A0A395V718,Di_phenylalanine_39833,96842.2648250092
A0A395V718,Di_serine_32622,27869.176185337823
A0A395V718,Di_taurine_19595,4897.809251726581
A0A395V718,Di_taurine_29331,16467824.470199537
A0A395V718,Di_taurine_30261,1543.2736992716518
A0A395V718,Di_threonine_23465,1549.4735238680937
A0A395V718,Di_threonine_33288,0.0
A0A395V718,Di_unconjugated_34634,15596.920019532487
A0A395V718,Mono_2_aminophenol_41901,0.0
A0A395V718,Mono_2_aminophenol_45657,6247.317647540168
A0A395V718,Mono_GABA_40494,36912.235346394176
A0A395V718,Mono_alanine_40140,185800.00413897538
A0A395V718,Mono_glutamine_37103,0.0
A0A395V718,Mono_glycine_38634,10210982.331426295
A0A395V718,Mono_lysine_32192,0.0
A0A395V718,Mono_methionine_41397,4092.8612419087094
A0A395V718,Mono_ornithine_31596,0.0
A0A395V718,Mono_ornithine_33494,374.2787627406757
A0A395V718,Mono_phenylalanine_41412,0.0
A0A395V718,Mono_serotonin_42743,5033.711009833679
A0A395V718,Mono_taurine_35357,56556032.37807661
A0A395V718,Mono_tyramine_38979,0.0
A0A395V718,"Tri_2,3_diaminopropionic acid_14940",0.0
A0A395V718,"Tri_2,3_diaminopropionic acid_17863",0.0
A0A395V718,"Tri_2,3_diaminopropionic acid_17869",0.0
A0A395V718,"Tri_2,3_diaminopropionic acid_18373",232623.89189476456
A0A395V718,Tri_2_aminophenol_35037,27235.002303328965
A0A395V718,Tri_2_aminophenol_39976,240238.68437066782
A0A395V718,Tri_3_methoxytyramine_36008,0.0
A0A395V718,Tri_GABA_22882,238589.52810596433
A0A395V718,Tri_GABA_26794,727086.7202261366
A0A395V718,Tri_GABA_M+H2O_23885,133358.9554947638
A0A395V718,Tri_alanine_28457,188175.40807814698
A0A395V718,Tri_arginine_18281,0.0
A0A395V718,Tri_asparagine_20433,184904.22886927257
A0A395V718,Tri_cadaverine_19586,0.0
A0A395V718,Tri_citrulline_22220,0.0
A0A395V718,Tri_cystine_19329,0.0
A0A395V718,Tri_dopamine_32050,41349.462047890964
A0A395V718,Tri_dopamine_32195,0.0
A0A395V718,Tri_glutamine_22099,0.0
A0A395V718,Tri_glycine_25947,376664.01816237904
A0A395V718,Tri_glyglycine_20401,0.0
A0A395V718,Tri_histidine_17315,0.0
A0A395V718,Tri_methionine_33885,17178.88305097881
A0A395V718,Tri_ornithine_17210,0.0
A0A395V718,Tri_phenylalanine_22512,0.0
A0A395V718,Tri_phenylalanine_37508,0.0
A0A395V718,Tri_phenylalanine_40024,81913.21270577758
A0A395V718,Tri_proline_M+NH4_18411,0.0
A0A395V718,Tri_putrescine_18433,0.0
A0A395V718,Tri_serine_23158,1702.6097410238824
A0A395V718,Tri_taurine_20369,0.0
A0A395V718,Tri_tryptamine_38723,0.0
A0A395WCM1,"3a,7a,12k_alanine_20366",15443.71181626559
A0A395WCM1,"3a,7a,12k_lysine_23168",19971.422544167093
A0A395WCM1,3a12k_serine_27652,69129.89384048477
A0A395WCM1,3a12k_taurine_22309,157458530.1291014
A0A395WCM1,3a7a12k_taurine_14542,151119451.25507805
A0A395WCM1,3a7k_citrulline_24966,0.0
A0A395WCM1,3a7k_glutamine_24909,1462.3291797669153
A0A395WCM1,3a7k_serine_26456,0.0
A0A395WCM1,3a7k_threonine_27078,8588.734020044381
A0A395WCM1,3k12a_lysine_23849,0.0
A0A395WCM1,3k7a_glutamine_29953,0.0
A0A395WCM1,3k7a_proline_M+NH4_21780,0.0
A0A395WCM1,"Di_2,3_diaminopropionic acid_14073",0.0
A0A395WCM1,Di_2_aminophenol_36589,986.3151663658249
A0A395WCM1,Di_2_aminophenol_40269,5541.535025548452
A0A395WCM1,Di_3_methoxytyramine_37128,0.0
A0A395WCM1,Di_3_methoxytyramine_37165,0.0
A0A395WCM1,Di_3_methoxytyramine_39396,0.0
A0A395WCM1,Di_GABA_33328,83239.79061550894
A0A395WCM1,Di_GABA_36169,104477.37510583809
A0A395WCM1,Di_alanine_27176,0.0
A0A395WCM1,Di_alanine_35826,0.0
A0A395WCM1,Di_alanine_37411,703446.8849647559
A0A395WCM1,Di_citrulline_22104,0.0
A0A395WCM1,Di_citrulline_31270,0.0
A0A395WCM1,Di_dopamine_34015,0.0
A0A395WCM1,Di_dopamine_38088,0.0
A0A395WCM1,Di_glutamine_30065,0.0
A0A395WCM1,Di_glutamine_30067,0.0
A0A395WCM1,Di_glutamine_31254,0.0
A0A395WCM1,Di_glycine_27361,9371072.654629398
A0A395WCM1,Di_glycine_34166,26047397.74858467
A0A395WCM1,Di_glycine_34738,2771795.8894193517
A0A395WCM1,Di_lysine_25070,0.0
A0A395WCM1,Di_methionine_34896,0.0
A0A395WCM1,Di_ornithine_15391,0.0
A0A395WCM1,Di_ornithine_17963,0.0
A0A395WCM1,Di_ornithine_22619,0.0
A0A395WCM1,Di_ornithine_25325,0.0
A0A395WCM1,Di_phenylalanine_22687,0.0
A0A395WCM1,Di_phenylalanine_39833,81416.50056101475
A0A395WCM1,Di_serine_32622,27320.847297383338
A0A395WCM1,Di_taurine_19595,0.0
A0A395WCM1,Di_taurine_29331,26789753.170917917
A0A395WCM1,Di_taurine_30261,0.0
A0A395WCM1,Di_threonine_23465,3349.538441421305
A0A395WCM1,Di_threonine_33288,0.0
A0A395WCM1,Di_unconjugated_34634,0.0
A0A395WCM1,Mono_2_aminophenol_41901,0.0
A0A395WCM1,Mono_2_aminophenol_45657,8574.128935301516
A0A395WCM1,Mono_GABA_40494,80540.02068154565
A0A395WCM1,Mono_alanine_40140,143598.0342989222
A0A395WCM1,Mono_glutamine_37103,0.0
A0A395WCM1,Mono_glycine_38634,23027061.443044964
A0A395WCM1,Mono_lysine_32192,0.0
A0A395WCM1,Mono_methionine_41397,0.0
A0A395WCM1,Mono_ornithine_31596,0.0
A0A395WCM1,Mono_ornithine_33494,0.0
A0A395WCM1,Mono_phenylalanine_41412,0.0
A0A395WCM1,Mono_serotonin_42743,0.0
A0A395WCM1,Mono_taurine_35357,83897666.31945483
A0A395WCM1,Mono_tyramine_38979,0.0
A0A395WCM1,"Tri_2,3_diaminopropionic acid_14940",0.0
A0A395WCM1,"Tri_2,3_diaminopropionic acid_17863",0.0
A0A395WCM1,"Tri_2,3_diaminopropionic acid_17869",0.0
A0A395WCM1,"Tri_2,3_diaminopropionic acid_18373",37697.22367070981
A0A395WCM1,Tri_2_aminophenol_35037,0.0
A0A395WCM1,Tri_2_aminophenol_39976,152139.66482910793
A0A395WCM1,Tri_3_methoxytyramine_36008,0.0
A0A395WCM1,Tri_GABA_22882,287413.2624624022
A0A395WCM1,Tri_GABA_26794,1716175.2933050075
A0A395WCM1,Tri_GABA_M+H2O_23885,8219.502956322514
A0A395WCM1,Tri_alanine_28457,48061.37784699441
A0A395WCM1,Tri_arginine_18281,0.0
A0A395WCM1,Tri_asparagine_20433,413729.3925050991
A0A395WCM1,Tri_cadaverine_19586,0.0
A0A395WCM1,Tri_citrulline_22220,0.0
A0A395WCM1,Tri_cystine_19329,0.0
A0A395WCM1,Tri_dopamine_32050,88803.52862672874
A0A395WCM1,Tri_dopamine_32195,0.0
A0A395WCM1,Tri_glutamine_22099,0.0
A0A395WCM1,Tri_glycine_25947,1206675.507715076
A0A395WCM1,Tri_glyglycine_20401,0.0
A0A395WCM1,Tri_histidine_17315,0.0
A0A395WCM1,Tri_methionine_33885,2645.4191787520313
A0A395WCM1,Tri_ornithine_17210,0.0
A0A395WCM1,Tri_phenylalanine_22512,0.0
A0A395WCM1,Tri_phenylalanine_37508,0.0
A0A395WCM1,Tri_phenylalanine_40024,74475.57596444858
A0A395WCM1,Tri_proline_M+NH4_18411,0.0
A0A395WCM1,Tri_putrescine_18433,0.0
A0A395WCM1,Tri_serine_23158,0.0
A0A395WCM1,Tri_taurine_20369,0.0
A0A395WCM1,Tri_tryptamine_38723,0.0
A0A396KEZ6,"3a,7a,12k_alanine_20366",966590.4081093941
A0A396KEZ6,"3a,7a,12k_lysine_23168",375861.62775099056
A0A396KEZ6,3a12k_serine_27652,379845.27745175536
A0A396KEZ6,3a12k_taurine_22309,42051996.191948175
A0A396KEZ6,3a7a12k_taurine_14542,84441067.72003631
A0A396KEZ6,3a7k_citrulline_24966,0.0
A0A396KEZ6,3a7k_glutamine_24909,17054.02244309712
A0A396KEZ6,3a7k_serine_26456,400836.1298504899
A0A396KEZ6,3a7k_threonine_27078,299771.4756356793
A0A396KEZ6,3k12a_lysine_23849,0.0
A0A396KEZ6,3k7a_glutamine_29953,4884.404691766777
A0A396KEZ6,3k7a_proline_M+NH4_21780,0.0
A0A396KEZ6,"Di_2,3_diaminopropionic acid_14073",0.0
A0A396KEZ6,Di_2_aminophenol_36589,490962.585975565
A0A396KEZ6,Di_2_aminophenol_40269,211466.64048469072
A0A396KEZ6,Di_3_methoxytyramine_37128,4581.7566770739895
A0A396KEZ6,Di_3_methoxytyramine_37165,0.0
A0A396KEZ6,Di_3_methoxytyramine_39396,0.0
A0A396KEZ6,Di_GABA_33328,624224.6137450543
A0A396KEZ6,Di_GABA_36169,65890.0454385245
A0A396KEZ6,Di_alanine_27176,65600.53646412151
A0A396KEZ6,Di_alanine_35826,426232.0378969523
A0A396KEZ6,Di_alanine_37411,923164.2561045673
A0A396KEZ6,Di_citrulline_22104,5031.61877765766
A0A396KEZ6,Di_citrulline_31270,31352.696001754037
A0A396KEZ6,Di_dopamine_34015,0.0
A0A396KEZ6,Di_dopamine_38088,0.0
A0A396KEZ6,Di_glutamine_30065,3396.881412636875
A0A396KEZ6,Di_glutamine_30067,24358.176265872662
A0A396KEZ6,Di_glutamine_31254,10901.97924143524
A0A396KEZ6,Di_glycine_27361,2466634.006521156
A0A396KEZ6,Di_glycine_34166,3662311.736619435
A0A396KEZ6,Di_glycine_34738,482161.54704269546
A0A396KEZ6,Di_lysine_25070,15508.478404643374
A0A396KEZ6,Di_methionine_34896,49508.75280158247
A0A396KEZ6,Di_ornithine_15391,0.0
A0A396KEZ6,Di_ornithine_17963,0.0
A0A396KEZ6,Di_ornithine_22619,0.0
A0A396KEZ6,Di_ornithine_25325,399.77506938968656
A0A396KEZ6,Di_phenylalanine_22687,35044.68513084108
A0A396KEZ6,Di_phenylalanine_39833,70097.49479183448
A0A396KEZ6,Di_serine_32622,151997.03897628456
A0A396KEZ6,Di_taurine_19595,11247.530352893804
A0A396KEZ6,Di_taurine_29331,32539380.443555076
A0A396KEZ6,Di_taurine_30261,9320.505823059491
A0A396KEZ6,Di_threonine_23465,43593.58651596759
A0A396KEZ6,Di_threonine_33288,26559.72625143448
A0A396KEZ6,Di_unconjugated_34634,425689.4788433944
A0A396KEZ6,Mono_2_aminophenol_41901,0.0
A0A396KEZ6,Mono_2_aminophenol_45657,0.0
A0A396KEZ6,Mono_GABA_40494,29426.301595157696
A0A396KEZ6,Mono_alanine_40140,227572.48454418688
A0A396KEZ6,Mono_glutamine_37103,0.0
A0A396KEZ6,Mono_glycine_38634,3736939.6851134556
A0A396KEZ6,Mono_lysine_32192,0.0
A0A396KEZ6,Mono_methionine_41397,30493.808022529884
A0A396KEZ6,Mono_ornithine_31596,0.0
A0A396KEZ6,Mono_ornithine_33494,0.0
A0A396KEZ6,Mono_phenylalanine_41412,37043.43780673898
A0A396KEZ6,Mono_serotonin_42743,13623.566228687972
A0A396KEZ6,Mono_taurine_35357,35906395.426752955
A0A396KEZ6,Mono_tyramine_38979,80449.42939805287
A0A396KEZ6,"Tri_2,3_diaminopropionic acid_14940",11811.764233797088
A0A396KEZ6,"Tri_2,3_diaminopropionic acid_17863",0.0
A0A396KEZ6,"Tri_2,3_diaminopropionic acid_17869",153562.49808615018
A0A396KEZ6,"Tri_2,3_diaminopropionic acid_18373",2010851.395077181
A0A396KEZ6,Tri_2_aminophenol_35037,550289.9243663787
A0A396KEZ6,Tri_2_aminophenol_39976,1826792.220760485
A0A396KEZ6,Tri_3_methoxytyramine_36008,776.339187473206
A0A396KEZ6,Tri_GABA_22882,14691.54039459815
A0A396KEZ6,Tri_GABA_26794,91507.46739637473
A0A396KEZ6,Tri_GABA_M+H2O_23885,415373.4965627621
A0A396KEZ6,Tri_alanine_28457,129338.23095107645
A0A396KEZ6,Tri_arginine_18281,22410.541234498298
A0A396KEZ6,Tri_asparagine_20433,2183763.565760578
A0A396KEZ6,Tri_cadaverine_19586,0.0
A0A396KEZ6,Tri_citrulline_22220,20344.67778617976
A0A396KEZ6,Tri_cystine_19329,0.0
A0A396KEZ6,Tri_dopamine_32050,71761.13486840091
A0A396KEZ6,Tri_dopamine_32195,0.0
A0A396KEZ6,Tri_glutamine_22099,13921.519207489988
A0A396KEZ6,Tri_glycine_25947,0.0
A0A396KEZ6,Tri_glyglycine_20401,222558.45097050656
A0A396KEZ6,Tri_histidine_17315,0.0
A0A396KEZ6,Tri_methionine_33885,140325.40920846938
A0A396KEZ6,Tri_ornithine_17210,0.0
A0A396KEZ6,Tri_phenylalanine_22512,44204.20064427756
A0A396KEZ6,Tri_phenylalanine_37508,76035.725
A0A396KEZ6,Tri_phenylalanine_40024,247152.63751234263
A0A396KEZ6,Tri_proline_M+NH4_18411,0.0
A0A396KEZ6,Tri_putrescine_18433,0.0
A0A396KEZ6,Tri_serine_23158,28075.894544651346
A0A396KEZ6,Tri_taurine_20369,0.0
A0A396KEZ6,Tri_tryptamine_38723,0.0
A0A3D0HN78,"3a,7a,12k_alanine_20366",0.0
A0A3D0HN78,"3a,7a,12k_lysine_23168",0.0
A0A3D0HN78,3a12k_serine_27652,0.0
A0A3D0HN78,3a12k_taurine_22309,96064.84444717951
A0A3D0HN78,3a7a12k_taurine_14542,66118.33427839084
A0A3D0HN78,3a7k_citrulline_24966,0.0
A0A3D0HN78,3a7k_glutamine_24909,0.0
A0A3D0HN78,3a7k_serine_26456,0.0
A0A3D0HN78,3a7k_threonine_27078,0.0
A0A3D0HN78,3k12a_lysine_23849,0.0
A0A3D0HN78,3k7a_glutamine_29953,0.0
A0A3D0HN78,3k7a_proline_M+NH4_21780,0.0
A0A3D0HN78,"Di_2,3_diaminopropionic acid_14073",0.0
A0A3D0HN78,Di_2_aminophenol_36589,0.0
A0A3D0HN78,Di_2_aminophenol_40269,0.0
A0A3D0HN78,Di_3_methoxytyramine_37128,0.0
A0A3D0HN78,Di_3_methoxytyramine_37165,0.0
A0A3D0HN78,Di_3_methoxytyramine_39396,0.0
A0A3D0HN78,Di_GABA_33328,0.0
A0A3D0HN78,Di_GABA_36169,0.0
A0A3D0HN78,Di_alanine_27176,0.0
A0A3D0HN78,Di_alanine_35826,0.0
A0A3D0HN78,Di_alanine_37411,0.0
A0A3D0HN78,Di_citrulline_22104,0.0
A0A3D0HN78,Di_citrulline_31270,0.0
A0A3D0HN78,Di_dopamine_34015,0.0
A0A3D0HN78,Di_dopamine_38088,0.0
A0A3D0HN78,Di_glutamine_30065,0.0
A0A3D0HN78,Di_glutamine_30067,0.0
A0A3D0HN78,Di_glutamine_31254,0.0
A0A3D0HN78,Di_glycine_27361,76035.725
A0A3D0HN78,Di_glycine_34166,40861.205481554425
A0A3D0HN78,Di_glycine_34738,0.0
A0A3D0HN78,Di_lysine_25070,0.0
A0A3D0HN78,Di_methionine_34896,0.0
A0A3D0HN78,Di_ornithine_15391,0.0
A0A3D0HN78,Di_ornithine_17963,0.0
A0A3D0HN78,Di_ornithine_22619,0.0
A0A3D0HN78,Di_ornithine_25325,0.0
A0A3D0HN78,Di_phenylalanine_22687,0.0
A0A3D0HN78,Di_phenylalanine_39833,0.0
A0A3D0HN78,Di_serine_32622,0.0
A0A3D0HN78,Di_taurine_19595,0.0
A0A3D0HN78,Di_taurine_29331,101654.43988432291
A0A3D0HN78,Di_taurine_30261,0.0
A0A3D0HN78,Di_threonine_23465,0.0
A0A3D0HN78,Di_threonine_33288,0.0
A0A3D0HN78,Di_unconjugated_34634,0.0
A0A3D0HN78,Mono_2_aminophenol_41901,0.0
A0A3D0HN78,Mono_2_aminophenol_45657,0.0
A0A3D0HN78,Mono_GABA_40494,0.0
A0A3D0HN78,Mono_alanine_40140,0.0
A0A3D0HN78,Mono_glutamine_37103,0.0
A0A3D0HN78,Mono_glycine_38634,356681.0540248467
A0A3D0HN78,Mono_lysine_32192,0.0
A0A3D0HN78,Mono_methionine_41397,0.0
A0A3D0HN78,Mono_ornithine_31596,0.0
A0A3D0HN78,Mono_ornithine_33494,0.0
A0A3D0HN78,Mono_phenylalanine_41412,0.0
A0A3D0HN78,Mono_serotonin_42743,0.0
A0A3D0HN78,Mono_taurine_35357,224336.52803281855
A0A3D0HN78,Mono_tyramine_38979,0.0
A0A3D0HN78,"Tri_2,3_diaminopropionic acid_14940",0.0
A0A3D0HN78,"Tri_2,3_diaminopropionic acid_17863",0.0
A0A3D0HN78,"Tri_2,3_diaminopropionic acid_17869",0.0
A0A3D0HN78,"Tri_2,3_diaminopropionic acid_18373",0.0
A0A3D0HN78,Tri_2_aminophenol_35037,0.0
A0A3D0HN78,Tri_2_aminophenol_39976,0.0
A0A3D0HN78,Tri_3_methoxytyramine_36008,0.0
A0A3D0HN78,Tri_GABA_22882,0.0
A0A3D0HN78,Tri_GABA_26794,0.0
A0A3D0HN78,Tri_GABA_M+H2O_23885,0.0
A0A3D0HN78,Tri_alanine_28457,0.0
A0A3D0HN78,Tri_arginine_18281,0.0
A0A3D0HN78,Tri_asparagine_20433,0.0
A0A3D0HN78,Tri_cadaverine_19586,0.0
A0A3D0HN78,Tri_citrulline_22220,0.0
A0A3D0HN78,Tri_cystine_19329,0.0
A0A3D0HN78,Tri_dopamine_32050,0.0
A0A3D0HN78,Tri_dopamine_32195,0.0
A0A3D0HN78,Tri_glutamine_22099,0.0
A0A3D0HN78,Tri_glycine_25947,0.0
A0A3D0HN78,Tri_glyglycine_20401,0.0
A0A3D0HN78,Tri_histidine_17315,0.0
A0A3D0HN78,Tri_methionine_33885,0.0
A0A3D0HN78,Tri_ornithine_17210,0.0
A0A3D0HN78,Tri_phenylalanine_22512,0.0
A0A3D0HN78,Tri_phenylalanine_37508,0.0
A0A3D0HN78,Tri_phenylalanine_40024,0.0
A0A3D0HN78,Tri_proline_M+NH4_18411,0.0
A0A3D0HN78,Tri_putrescine_18433,0.0
A0A3D0HN78,Tri_serine_23158,0.0
A0A3D0HN78,Tri_taurine_20369,0.0
A0A3D0HN78,Tri_tryptamine_38723,0.0
A0A3D3YKZ5,"3a,7a,12k_alanine_20366",0.0
A0A3D3YKZ5,"3a,7a,12k_lysine_23168",0.0
A0A3D3YKZ5,3a12k_serine_27652,0.0
A0A3D3YKZ5,3a12k_taurine_22309,49121.73046808161
A0A3D3YKZ5,3a7a12k_taurine_14542,34818.231130224245
A0A3D3YKZ5,3a7k_citrulline_24966,0.0
A0A3D3YKZ5,3a7k_glutamine_24909,0.0
A0A3D3YKZ5,3a7k_serine_26456,0.0
A0A3D3YKZ5,3a7k_threonine_27078,0.0
A0A3D3YKZ5,3k12a_lysine_23849,0.0
A0A3D3YKZ5,3k7a_glutamine_29953,0.0
A0A3D3YKZ5,3k7a_proline_M+NH4_21780,0.0
A0A3D3YKZ5,"Di_2,3_diaminopropionic acid_14073",0.0
A0A3D3YKZ5,Di_2_aminophenol_36589,0.0
A0A3D3YKZ5,Di_2_aminophenol_40269,0.0
A0A3D3YKZ5,Di_3_methoxytyramine_37128,0.0
A0A3D3YKZ5,Di_3_methoxytyramine_37165,0.0
A0A3D3YKZ5,Di_3_methoxytyramine_39396,0.0
A0A3D3YKZ5,Di_GABA_33328,0.0
A0A3D3YKZ5,Di_GABA_36169,0.0
A0A3D3YKZ5,Di_alanine_27176,0.0
A0A3D3YKZ5,Di_alanine_35826,0.0
A0A3D3YKZ5,Di_alanine_37411,0.0
A0A3D3YKZ5,Di_citrulline_22104,0.0
A0A3D3YKZ5,Di_citrulline_31270,0.0
A0A3D3YKZ5,Di_dopamine_34015,0.0
A0A3D3YKZ5,Di_dopamine_38088,0.0
A0A3D3YKZ5,Di_glutamine_30065,0.0
A0A3D3YKZ5,Di_glutamine_30067,0.0
A0A3D3YKZ5,Di_glutamine_31254,0.0
A0A3D3YKZ5,Di_glycine_27361,130569.35071131337
A0A3D3YKZ5,Di_glycine_34166,133055.63459708486
A0A3D3YKZ5,Di_glycine_34738,0.0
A0A3D3YKZ5,Di_lysine_25070,0.0
A0A3D3YKZ5,Di_methionine_34896,0.0
A0A3D3YKZ5,Di_ornithine_15391,0.0
A0A3D3YKZ5,Di_ornithine_17963,0.0
A0A3D3YKZ5,Di_ornithine_22619,0.0
A0A3D3YKZ5,Di_ornithine_25325,0.0
A0A3D3YKZ5,Di_phenylalanine_22687,0.0
A0A3D3YKZ5,Di_phenylalanine_39833,0.0
A0A3D3YKZ5,Di_serine_32622,0.0
A0A3D3YKZ5,Di_taurine_19595,0.0
A0A3D3YKZ5,Di_taurine_29331,71152.77558468468
A0A3D3YKZ5,Di_taurine_30261,0.0
A0A3D3YKZ5,Di_threonine_23465,0.0
A0A3D3YKZ5,Di_threonine_33288,0.0
A0A3D3YKZ5,Di_unconjugated_34634,0.0
A0A3D3YKZ5,Mono_2_aminophenol_41901,0.0
A0A3D3YKZ5,Mono_2_aminophenol_45657,0.0
A0A3D3YKZ5,Mono_GABA_40494,0.0
A0A3D3YKZ5,Mono_alanine_40140,0.0
A0A3D3YKZ5,Mono_glutamine_37103,0.0
A0A3D3YKZ5,Mono_glycine_38634,382768.17849528266
A0A3D3YKZ5,Mono_lysine_32192,0.0
A0A3D3YKZ5,Mono_methionine_41397,0.0
A0A3D3YKZ5,Mono_ornithine_31596,0.0
A0A3D3YKZ5,Mono_ornithine_33494,0.0
A0A3D3YKZ5,Mono_phenylalanine_41412,0.0
A0A3D3YKZ5,Mono_serotonin_42743,0.0
A0A3D3YKZ5,Mono_taurine_35357,76035.725
A0A3D3YKZ5,Mono_tyramine_38979,0.0
A0A3D3YKZ5,"Tri_2,3_diaminopropionic acid_14940",0.0
A0A3D3YKZ5,"Tri_2,3_diaminopropionic acid_17863",0.0
A0A3D3YKZ5,"Tri_2,3_diaminopropionic acid_17869",0.0
A0A3D3YKZ5,"Tri_2,3_diaminopropionic acid_18373",0.0
A0A3D3YKZ5,Tri_2_aminophenol_35037,0.0
A0A3D3YKZ5,Tri_2_aminophenol_39976,0.0
A0A3D3YKZ5,Tri_3_methoxytyramine_36008,0.0
A0A3D3YKZ5,Tri_GABA_22882,0.0
A0A3D3YKZ5,Tri_GABA_26794,0.0
A0A3D3YKZ5,Tri_GABA_M+H2O_23885,0.0
A0A3D3YKZ5,Tri_alanine_28457,0.0
A0A3D3YKZ5,Tri_arginine_18281,0.0
A0A3D3YKZ5,Tri_asparagine_20433,0.0
A0A3D3YKZ5,Tri_cadaverine_19586,0.0
A0A3D3YKZ5,Tri_citrulline_22220,0.0
A0A3D3YKZ5,Tri_cystine_19329,0.0
A0A3D3YKZ5,Tri_dopamine_32050,0.0
A0A3D3YKZ5,Tri_dopamine_32195,0.0
A0A3D3YKZ5,Tri_glutamine_22099,0.0
A0A3D3YKZ5,Tri_glycine_25947,0.0
A0A3D3YKZ5,Tri_glyglycine_20401,0.0
A0A3D3YKZ5,Tri_histidine_17315,0.0
A0A3D3YKZ5,Tri_methionine_33885,0.0
A0A3D3YKZ5,Tri_ornithine_17210,0.0
A0A3D3YKZ5,Tri_phenylalanine_22512,0.0
A0A3D3YKZ5,Tri_phenylalanine_37508,0.0
A0A3D3YKZ5,Tri_phenylalanine_40024,0.0
A0A3D3YKZ5,Tri_proline_M+NH4_18411,0.0
A0A3D3YKZ5,Tri_putrescine_18433,0.0
A0A3D3YKZ5,Tri_serine_23158,0.0
A0A3D3YKZ5,Tri_taurine_20369,0.0
A0A3D3YKZ5,Tri_tryptamine_38723,0.0
A0A3D4LSP0,"3a,7a,12k_alanine_20366",0.0
A0A3D4LSP0,"3a,7a,12k_lysine_23168",0.0
A0A3D4LSP0,3a12k_serine_27652,3900.1165389960424
A0A3D4LSP0,3a12k_taurine_22309,34109237.57873417
A0A3D4LSP0,3a7a12k_taurine_14542,68908251.05810127
A0A3D4LSP0,3a7k_citrulline_24966,0.0
A0A3D4LSP0,3a7k_glutamine_24909,0.0
A0A3D4LSP0,3a7k_serine_26456,0.0
A0A3D4LSP0,3a7k_threonine_27078,0.0
A0A3D4LSP0,3k12a_lysine_23849,0.0
A0A3D4LSP0,3k7a_glutamine_29953,0.0
A0A3D4LSP0,3k7a_proline_M+NH4_21780,0.0
A0A3D4LSP0,"Di_2,3_diaminopropionic acid_14073",0.0
A0A3D4LSP0,Di_2_aminophenol_36589,0.0
A0A3D4LSP0,Di_2_aminophenol_40269,0.0
A0A3D4LSP0,Di_3_methoxytyramine_37128,0.0
A0A3D4LSP0,Di_3_methoxytyramine_37165,0.0
A0A3D4LSP0,Di_3_methoxytyramine_39396,0.0
A0A3D4LSP0,Di_GABA_33328,13050.618985448962
A0A3D4LSP0,Di_GABA_36169,45769.596497829654
A0A3D4LSP0,Di_alanine_27176,0.0
A0A3D4LSP0,Di_alanine_35826,0.0
A0A3D4LSP0,Di_alanine_37411,386912.6248920256
A0A3D4LSP0,Di_citrulline_22104,0.0
A0A3D4LSP0,Di_citrulline_31270,0.0
A0A3D4LSP0,Di_dopamine_34015,0.0
A0A3D4LSP0,Di_dopamine_38088,0.0
A0A3D4LSP0,Di_glutamine_30065,0.0
A0A3D4LSP0,Di_glutamine_30067,0.0
A0A3D4LSP0,Di_glutamine_31254,0.0
A0A3D4LSP0,Di_glycine_27361,6461208.323128396
A0A3D4LSP0,Di_glycine_34166,13475748.576468144
A0A3D4LSP0,Di_glycine_34738,1186489.9225228666
A0A3D4LSP0,Di_lysine_25070,0.0
A0A3D4LSP0,Di_methionine_34896,0.0
A0A3D4LSP0,Di_ornithine_15391,0.0
A0A3D4LSP0,Di_ornithine_17963,0.0
A0A3D4LSP0,Di_ornithine_22619,0.0
A0A3D4LSP0,Di_ornithine_25325,0.0
A0A3D4LSP0,Di_phenylalanine_22687,0.0
A0A3D4LSP0,Di_phenylalanine_39833,177114.39550797502
A0A3D4LSP0,Di_serine_32622,594.8544134227723
A0A3D4LSP0,Di_taurine_19595,6884.993179863202
A0A3D4LSP0,Di_taurine_29331,6416664.559078484
A0A3D4LSP0,Di_taurine_30261,0.0
A0A3D4LSP0,Di_threonine_23465,0.0
A0A3D4LSP0,Di_threonine_33288,0.0
A0A3D4LSP0,Di_unconjugated_34634,0.0
A0A3D4LSP0,Mono_2_aminophenol_41901,0.0
A0A3D4LSP0,Mono_2_aminophenol_45657,0.0
A0A3D4LSP0,Mono_GABA_40494,65868.77747334974
A0A3D4LSP0,Mono_alanine_40140,22439.263423204353
A0A3D4LSP0,Mono_glutamine_37103,0.0
A0A3D4LSP0,Mono_glycine_38634,13677885.683441762
A0A3D4LSP0,Mono_lysine_32192,0.0
A0A3D4LSP0,Mono_methionine_41397,0.0
A0A3D4LSP0,Mono_ornithine_31596,0.0
A0A3D4LSP0,Mono_ornithine_33494,0.0
A0A3D4LSP0,Mono_phenylalanine_41412,0.0
A0A3D4LSP0,Mono_serotonin_42743,0.0
A0A3D4LSP0,Mono_taurine_35357,38367493.41393695
A0A3D4LSP0,Mono_tyramine_38979,0.0
A0A3D4LSP0,"Tri_2,3_diaminopropionic acid_14940",0.0
A0A3D4LSP0,"Tri_2,3_diaminopropionic acid_17863",0.0
A0A3D4LSP0,"Tri_2,3_diaminopropionic acid_17869",0.0
A0A3D4LSP0,"Tri_2,3_diaminopropionic acid_18373",0.0
A0A3D4LSP0,Tri_2_aminophenol_35037,0.0
A0A3D4LSP0,Tri_2_aminophenol_39976,3846.9387431771293
A0A3D4LSP0,Tri_3_methoxytyramine_36008,0.0
A0A3D4LSP0,Tri_GABA_22882,122383.05952170538
A0A3D4LSP0,Tri_GABA_26794,953431.9783358055
A0A3D4LSP0,Tri_GABA_M+H2O_23885,0.0
A0A3D4LSP0,Tri_alanine_28457,0.0
A0A3D4LSP0,Tri_arginine_18281,0.0
A0A3D4LSP0,Tri_asparagine_20433,76035.725
A0A3D4LSP0,Tri_cadaverine_19586,0.0
A0A3D4LSP0,Tri_citrulline_22220,0.0
A0A3D4LSP0,Tri_cystine_19329,0.0
A0A3D4LSP0,Tri_dopamine_32050,37688.397314103764
A0A3D4LSP0,Tri_dopamine_32195,0.0
A0A3D4LSP0,Tri_glutamine_22099,0.0
A0A3D4LSP0,Tri_glycine_25947,481382.70102757
A0A3D4LSP0,Tri_glyglycine_20401,0.0
A0A3D4LSP0,Tri_histidine_17315,0.0
A0A3D4LSP0,Tri_methionine_33885,0.0
A0A3D4LSP0,Tri_ornithine_17210,0.0
A0A3D4LSP0,Tri_phenylalanine_22512,0.0
A0A3D4LSP0,Tri_phenylalanine_37508,0.0
A0A3D4LSP0,Tri_phenylalanine_40024,78594.15537321877
A0A3D4LSP0,Tri_proline_M+NH4_18411,0.0
A0A3D4LSP0,Tri_putrescine_18433,0.0
A0A3D4LSP0,Tri_serine_23158,0.0
A0A3D4LSP0,Tri_taurine_20369,0.0
A0A3D4LSP0,Tri_tryptamine_38723,0.0
A0A3E2MNL2,"3a,7a,12k_alanine_20366",0.0
A0A3E2MNL2,"3a,7a,12k_lysine_23168",0.0
A0A3E2MNL2,3a12k_serine_27652,0.0
A0A3E2MNL2,3a12k_taurine_22309,31047.482958095
A0A3E2MNL2,3a7a12k_taurine_14542,16869.643353145886
A0A3E2MNL2,3a7k_citrulline_24966,0.0
A0A3E2MNL2,3a7k_glutamine_24909,0.0
A0A3E2MNL2,3a7k_serine_26456,0.0
A0A3E2MNL2,3a7k_threonine_27078,0.0
A0A3E2MNL2,3k12a_lysine_23849,0.0
A0A3E2MNL2,3k7a_glutamine_29953,0.0
A0A3E2MNL2,3k7a_proline_M+NH4_21780,0.0
A0A3E2MNL2,"Di_2,3_diaminopropionic acid_14073",0.0
A0A3E2MNL2,Di_2_aminophenol_36589,0.0
A0A3E2MNL2,Di_2_aminophenol_40269,0.0
A0A3E2MNL2,Di_3_methoxytyramine_37128,0.0
A0A3E2MNL2,Di_3_methoxytyramine_37165,0.0
A0A3E2MNL2,Di_3_methoxytyramine_39396,0.0
A0A3E2MNL2,Di_GABA_33328,0.0
A0A3E2MNL2,Di_GABA_36169,0.0
A0A3E2MNL2,Di_alanine_27176,0.0
A0A3E2MNL2,Di_alanine_35826,0.0
A0A3E2MNL2,Di_alanine_37411,0.0
A0A3E2MNL2,Di_citrulline_22104,0.0
A0A3E2MNL2,Di_citrulline_31270,0.0
A0A3E2MNL2,Di_dopamine_34015,0.0
A0A3E2MNL2,Di_dopamine_38088,0.0
A0A3E2MNL2,Di_glutamine_30065,0.0
A0A3E2MNL2,Di_glutamine_30067,0.0
A0A3E2MNL2,Di_glutamine_31254,0.0
A0A3E2MNL2,Di_glycine_27361,32595.681416684547
A0A3E2MNL2,Di_glycine_34166,29685.967724867885
A0A3E2MNL2,Di_glycine_34738,0.0
A0A3E2MNL2,Di_lysine_25070,0.0
A0A3E2MNL2,Di_methionine_34896,0.0
A0A3E2MNL2,Di_ornithine_15391,0.0
A0A3E2MNL2,Di_ornithine_17963,0.0
A0A3E2MNL2,Di_ornithine_22619,0.0
A0A3E2MNL2,Di_ornithine_25325,0.0
A0A3E2MNL2,Di_phenylalanine_22687,0.0
A0A3E2MNL2,Di_phenylalanine_39833,0.0
A0A3E2MNL2,Di_serine_32622,0.0
A0A3E2MNL2,Di_taurine_19595,0.0
A0A3E2MNL2,Di_taurine_29331,40222.85282687057
A0A3E2MNL2,Di_taurine_30261,0.0
A0A3E2MNL2,Di_threonine_23465,0.0
A0A3E2MNL2,Di_threonine_33288,0.0
A0A3E2MNL2,Di_unconjugated_34634,0.0
A0A3E2MNL2,Mono_2_aminophenol_41901,0.0
A0A3E2MNL2,Mono_2_aminophenol_45657,0.0
A0A3E2MNL2,Mono_GABA_40494,0.0
A0A3E2MNL2,Mono_alanine_40140,0.0
A0A3E2MNL2,Mono_glutamine_37103,0.0
A0A3E2MNL2,Mono_glycine_38634,160635.24105469644
A0A3E2MNL2,Mono_lysine_32192,0.0
A0A3E2MNL2,Mono_methionine_41397,0.0
A0A3E2MNL2,Mono_ornithine_31596,0.0
A0A3E2MNL2,Mono_ornithine_33494,0.0
A0A3E2MNL2,Mono_phenylalanine_41412,0.0
A0A3E2MNL2,Mono_serotonin_42743,0.0
A0A3E2MNL2,Mono_taurine_35357,78393.42307431018
A0A3E2MNL2,Mono_tyramine_38979,0.0
A0A3E2MNL2,"Tri_2,3_diaminopropionic acid_14940",0.0
A0A3E2MNL2,"Tri_2,3_diaminopropionic acid_17863",0.0
A0A3E2MNL2,"Tri_2,3_diaminopropionic acid_17869",0.0
A0A3E2MNL2,"Tri_2,3_diaminopropionic acid_18373",0.0
A0A3E2MNL2,Tri_2_aminophenol_35037,0.0
A0A3E2MNL2,Tri_2_aminophenol_39976,0.0
A0A3E2MNL2,Tri_3_methoxytyramine_36008,0.0
A0A3E2MNL2,Tri_GABA_22882,0.0
A0A3E2MNL2,Tri_GABA_26794,0.0
A0A3E2MNL2,Tri_GABA_M+H2O_23885,0.0
A0A3E2MNL2,Tri_alanine_28457,0.0
A0A3E2MNL2,Tri_arginine_18281,0.0
A0A3E2MNL2,Tri_asparagine_20433,0.0
A0A3E2MNL2,Tri_cadaverine_19586,0.0
A0A3E2MNL2,Tri_citrulline_22220,0.0
A0A3E2MNL2,Tri_cystine_19329,0.0
A0A3E2MNL2,Tri_dopamine_32050,0.0
A0A3E2MNL2,Tri_dopamine_32195,0.0
A0A3E2MNL2,Tri_glutamine_22099,0.0
A0A3E2MNL2,Tri_glycine_25947,0.0
A0A3E2MNL2,Tri_glyglycine_20401,0.0
A0A3E2MNL2,Tri_histidine_17315,0.0
A0A3E2MNL2,Tri_methionine_33885,0.0
A0A3E2MNL2,Tri_ornithine_17210,0.0
A0A3E2MNL2,Tri_phenylalanine_22512,0.0
A0A3E2MNL2,Tri_phenylalanine_37508,0.0
A0A3E2MNL2,Tri_phenylalanine_40024,0.0
A0A3E2MNL2,Tri_proline_M+NH4_18411,0.0
A0A3E2MNL2,Tri_putrescine_18433,0.0
A0A3E2MNL2,Tri_serine_23158,0.0
A0A3E2MNL2,Tri_taurine_20369,0.0
A0A3E2MNL2,Tri_tryptamine_38723,0.0
A0A3E2XR62,"3a,7a,12k_alanine_20366",0.0
A0A3E2XR62,"3a,7a,12k_lysine_23168",0.0
A0A3E2XR62,3a12k_serine_27652,0.0
A0A3E2XR62,3a12k_taurine_22309,43298.24119541938
A0A3E2XR62,3a7a12k_taurine_14542,28886.355432457065
A0A3E2XR62,3a7k_citrulline_24966,0.0
A0A3E2XR62,3a7k_glutamine_24909,0.0
A0A3E2XR62,3a7k_serine_26456,0.0
A0A3E2XR62,3a7k_threonine_27078,0.0
A0A3E2XR62,3k12a_lysine_23849,0.0
A0A3E2XR62,3k7a_glutamine_29953,0.0
A0A3E2XR62,3k7a_proline_M+NH4_21780,0.0
A0A3E2XR62,"Di_2,3_diaminopropionic acid_14073",0.0
A0A3E2XR62,Di_2_aminophenol_36589,0.0
A0A3E2XR62,Di_2_aminophenol_40269,0.0
A0A3E2XR62,Di_3_methoxytyramine_37128,0.0
A0A3E2XR62,Di_3_methoxytyramine_37165,0.0
A0A3E2XR62,Di_3_methoxytyramine_39396,0.0
A0A3E2XR62,Di_GABA_33328,0.0
A0A3E2XR62,Di_GABA_36169,0.0
A0A3E2XR62,Di_alanine_27176,0.0
A0A3E2XR62,Di_alanine_35826,0.0
A0A3E2XR62,Di_alanine_37411,0.0
A0A3E2XR62,Di_citrulline_22104,0.0
A0A3E2XR62,Di_citrulline_31270,0.0
A0A3E2XR62,Di_dopamine_34015,0.0
A0A3E2XR62,Di_dopamine_38088,0.0
A0A3E2XR62,Di_glutamine_30065,0.0
A0A3E2XR62,Di_glutamine_30067,0.0
A0A3E2XR62,Di_glutamine_31254,0.0
A0A3E2XR62,Di_glycine_27361,26759.788228812555
A0A3E2XR62,Di_glycine_34166,53653.43505146562
A0A3E2XR62,Di_glycine_34738,0.0
A0A3E2XR62,Di_lysine_25070,0.0
A0A3E2XR62,Di_methionine_34896,0.0
A0A3E2XR62,Di_ornithine_15391,0.0
A0A3E2XR62,Di_ornithine_17963,0.0
A0A3E2XR62,Di_ornithine_22619,0.0
A0A3E2XR62,Di_ornithine_25325,0.0
A0A3E2XR62,Di_phenylalanine_22687,0.0
A0A3E2XR62,Di_phenylalanine_39833,0.0
A0A3E2XR62,Di_serine_32622,0.0
A0A3E2XR62,Di_taurine_19595,0.0
A0A3E2XR62,Di_taurine_29331,51049.71484255226
A0A3E2XR62,Di_taurine_30261,0.0
A0A3E2XR62,Di_threonine_23465,0.0
A0A3E2XR62,Di_threonine_33288,0.0
A0A3E2XR62,Di_unconjugated_34634,0.0
A0A3E2XR62,Mono_2_aminophenol_41901,0.0
A0A3E2XR62,Mono_2_aminophenol_45657,2255.1581901233612
A0A3E2XR62,Mono_GABA_40494,0.0
A0A3E2XR62,Mono_alanine_40140,0.0
A0A3E2XR62,Mono_glutamine_37103,0.0
A0A3E2XR62,Mono_glycine_38634,228436.6927240331
A0A3E2XR62,Mono_lysine_32192,0.0
A0A3E2XR62,Mono_methionine_41397,0.0
A0A3E2XR62,Mono_ornithine_31596,0.0
A0A3E2XR62,Mono_ornithine_33494,0.0
A0A3E2XR62,Mono_phenylalanine_41412,0.0
A0A3E2XR62,Mono_serotonin_42743,0.0
A0A3E2XR62,Mono_taurine_35357,85012.10334485532
A0A3E2XR62,Mono_tyramine_38979,0.0
A0A3E2XR62,"Tri_2,3_diaminopropionic acid_14940",0.0
A0A3E2XR62,"Tri_2,3_diaminopropionic acid_17863",0.0
A0A3E2XR62,"Tri_2,3_diaminopropionic acid_17869",0.0
A0A3E2XR62,"Tri_2,3_diaminopropionic acid_18373",0.0
A0A3E2XR62,Tri_2_aminophenol_35037,0.0
A0A3E2XR62,Tri_2_aminophenol_39976,0.0
A0A3E2XR62,Tri_3_methoxytyramine_36008,0.0
A0A3E2XR62,Tri_GABA_22882,0.0
A0A3E2XR62,Tri_GABA_26794,0.0
A0A3E2XR62,Tri_GABA_M+H2O_23885,0.0
A0A3E2XR62,Tri_alanine_28457,0.0
A0A3E2XR62,Tri_arginine_18281,0.0
A0A3E2XR62,Tri_asparagine_20433,0.0
A0A3E2XR62,Tri_cadaverine_19586,0.0
A0A3E2XR62,Tri_citrulline_22220,0.0
A0A3E2XR62,Tri_cystine_19329,0.0
A0A3E2XR62,Tri_dopamine_32050,0.0
A0A3E2XR62,Tri_dopamine_32195,0.0
A0A3E2XR62,Tri_glutamine_22099,0.0
A0A3E2XR62,Tri_glycine_25947,0.0
A0A3E2XR62,Tri_glyglycine_20401,0.0
A0A3E2XR62,Tri_histidine_17315,0.0
A0A3E2XR62,Tri_methionine_33885,0.0
A0A3E2XR62,Tri_ornithine_17210,0.0
A0A3E2XR62,Tri_phenylalanine_22512,0.0
A0A3E2XR62,Tri_phenylalanine_37508,0.0
A0A3E2XR62,Tri_phenylalanine_40024,0.0
A0A3E2XR62,Tri_proline_M+NH4_18411,0.0
A0A3E2XR62,Tri_putrescine_18433,0.0
A0A3E2XR62,Tri_serine_23158,0.0
A0A3E2XR62,Tri_taurine_20369,0.0
A0A3E2XR62,Tri_tryptamine_38723,0.0
A0A3E4KT54,"3a,7a,12k_alanine_20366",0.0
A0A3E4KT54,"3a,7a,12k_lysine_23168",0.0
A0A3E4KT54,3a12k_serine_27652,0.0
A0A3E4KT54,3a12k_taurine_22309,93565606.48462668
A0A3E4KT54,3a7a12k_taurine_14542,109314550.26067144
A0A3E4KT54,3a7k_citrulline_24966,0.0
A0A3E4KT54,3a7k_glutamine_24909,0.0
A0A3E4KT54,3a7k_serine_26456,1038.195019245202
A0A3E4KT54,3a7k_threonine_27078,0.0
A0A3E4KT54,3k12a_lysine_23849,0.0
A0A3E4KT54,3k7a_glutamine_29953,0.0
A0A3E4KT54,3k7a_proline_M+NH4_21780,0.0
A0A3E4KT54,"Di_2,3_diaminopropionic acid_14073",0.0
A0A3E4KT54,Di_2_aminophenol_36589,69709.42143903351
A0A3E4KT54,Di_2_aminophenol_40269,188669.5271476611
A0A3E4KT54,Di_3_methoxytyramine_37128,62741.11533602274
A0A3E4KT54,Di_3_methoxytyramine_37165,8913.831721735643
A0A3E4KT54,Di_3_methoxytyramine_39396,0.0
A0A3E4KT54,Di_GABA_33328,15946.679985942024
A0A3E4KT54,Di_GABA_36169,82088.45806466782
A0A3E4KT54,Di_alanine_27176,0.0
A0A3E4KT54,Di_alanine_35826,14260.286295924063
A0A3E4KT54,Di_alanine_37411,563171.5552618797
A0A3E4KT54,Di_citrulline_22104,0.0
A0A3E4KT54,Di_citrulline_31270,0.0
A0A3E4KT54,Di_dopamine_34015,4845.977791859688
A0A3E4KT54,Di_dopamine_38088,0.0
A0A3E4KT54,Di_glutamine_30065,0.0
A0A3E4KT54,Di_glutamine_30067,0.0
A0A3E4KT54,Di_glutamine_31254,0.0
A0A3E4KT54,Di_glycine_27361,8781625.54689216
A0A3E4KT54,Di_glycine_34166,24323218.448963176
A0A3E4KT54,Di_glycine_34738,2254817.8047958887
A0A3E4KT54,Di_lysine_25070,0.0
A0A3E4KT54,Di_methionine_34896,0.0
A0A3E4KT54,Di_ornithine_15391,0.0
A0A3E4KT54,Di_ornithine_17963,0.0
A0A3E4KT54,Di_ornithine_22619,0.0
A0A3E4KT54,Di_ornithine_25325,6016.21594399667
A0A3E4KT54,Di_phenylalanine_22687,0.0
A0A3E4KT54,Di_phenylalanine_39833,127117.55534627999
A0A3E4KT54,Di_serine_32622,0.0
A0A3E4KT54,Di_taurine_19595,4933.294508171144
A0A3E4KT54,Di_taurine_29331,16902735.539047044
A0A3E4KT54,Di_taurine_30261,0.0
A0A3E4KT54,Di_threonine_23465,0.0
A0A3E4KT54,Di_threonine_33288,0.0
A0A3E4KT54,Di_unconjugated_34634,0.0
A0A3E4KT54,Mono_2_aminophenol_41901,0.0
A0A3E4KT54,Mono_2_aminophenol_45657,1041.9547131950849
A0A3E4KT54,Mono_GABA_40494,74735.2339690573
A0A3E4KT54,Mono_alanine_40140,34888.21290049086
A0A3E4KT54,Mono_glutamine_37103,13211.165327659688
A0A3E4KT54,Mono_glycine_38634,20972775.83476714
A0A3E4KT54,Mono_lysine_32192,0.0
A0A3E4KT54,Mono_methionine_41397,0.0
A0A3E4KT54,Mono_ornithine_31596,0.0
A0A3E4KT54,Mono_ornithine_33494,10091.08655799737
A0A3E4KT54,Mono_phenylalanine_41412,0.0
A0A3E4KT54,Mono_serotonin_42743,15218.83826186335
A0A3E4KT54,Mono_taurine_35357,54659862.41901191
A0A3E4KT54,Mono_tyramine_38979,0.0
A0A3E4KT54,"Tri_2,3_diaminopropionic acid_14940",0.0
A0A3E4KT54,"Tri_2,3_diaminopropionic acid_17863",0.0
A0A3E4KT54,"Tri_2,3_diaminopropionic acid_17869",0.0
A0A3E4KT54,"Tri_2,3_diaminopropionic acid_18373",0.0
A0A3E4KT54,Tri_2_aminophenol_35037,0.0
A0A3E4KT54,Tri_2_aminophenol_39976,76035.725
A0A3E4KT54,Tri_3_methoxytyramine_36008,0.0
A0A3E4KT54,Tri_GABA_22882,332148.9998607342
A0A3E4KT54,Tri_GABA_26794,1881925.89346648
A0A3E4KT54,Tri_GABA_M+H2O_23885,0.0
A0A3E4KT54,Tri_alanine_28457,0.0
A0A3E4KT54,Tri_arginine_18281,0.0
A0A3E4KT54,Tri_asparagine_20433,222224.93998258337
A0A3E4KT54,Tri_cadaverine_19586,0.0
A0A3E4KT54,Tri_citrulline_22220,0.0
A0A3E4KT54,Tri_cystine_19329,0.0
A0A3E4KT54,Tri_dopamine_32050,59227.45757146073
A0A3E4KT54,Tri_dopamine_32195,0.0
A0A3E4KT54,Tri_glutamine_22099,0.0
A0A3E4KT54,Tri_glycine_25947,0.0
A0A3E4KT54,Tri_glyglycine_20401,0.0
A0A3E4KT54,Tri_histidine_17315,0.0
A0A3E4KT54,Tri_methionine_33885,0.0
A0A3E4KT54,Tri_ornithine_17210,0.0
A0A3E4KT54,Tri_phenylalanine_22512,0.0
A0A3E4KT54,Tri_phenylalanine_37508,0.0
A0A3E4KT54,Tri_phenylalanine_40024,136616.19770078533
A0A3E4KT54,Tri_proline_M+NH4_18411,0.0
A0A3E4KT54,Tri_putrescine_18433,0.0
A0A3E4KT54,Tri_serine_23158,0.0
A0A3E4KT54,Tri_taurine_20369,0.0
A0A3E4KT54,Tri_tryptamine_38723,0.0
A0A3E4LQA4,"3a,7a,12k_alanine_20366",1542097.2658590702
A0A3E4LQA4,"3a,7a,12k_lysine_23168",573200.0723428697
A0A3E4LQA4,3a12k_serine_27652,962063.0615417162
A0A3E4LQA4,3a12k_taurine_22309,81588567.93179266
A0A3E4LQA4,3a7a12k_taurine_14542,72123789.1616525
A0A3E4LQA4,3a7k_citrulline_24966,2120.0103088498004
A0A3E4LQA4,3a7k_glutamine_24909,40952.1335049292
A0A3E4LQA4,3a7k_serine_26456,826115.515659058
A0A3E4LQA4,3a7k_threonine_27078,374942.2081048673
A0A3E4LQA4,3k12a_lysine_23849,0.0
A0A3E4LQA4,3k7a_glutamine_29953,4118.856524866478
A0A3E4LQA4,3k7a_proline_M+NH4_21780,0.0
A0A3E4LQA4,"Di_2,3_diaminopropionic acid_14073",10133.29941305481
A0A3E4LQA4,Di_2_aminophenol_36589,1349136.4344585042
A0A3E4LQA4,Di_2_aminophenol_40269,88489.9897323411
A0A3E4LQA4,Di_3_methoxytyramine_37128,18903.777915371593
A0A3E4LQA4,Di_3_methoxytyramine_37165,0.0
A0A3E4LQA4,Di_3_methoxytyramine_39396,0.0
A0A3E4LQA4,Di_GABA_33328,676261.7422780864
A0A3E4LQA4,Di_GABA_36169,131560.67530179725
A0A3E4LQA4,Di_alanine_27176,87276.79824748456
A0A3E4LQA4,Di_alanine_35826,606391.96324139
A0A3E4LQA4,Di_alanine_37411,1271337.498793477
A0A3E4LQA4,Di_citrulline_22104,49097.31222598799
A0A3E4LQA4,Di_citrulline_31270,34515.024774101184
A0A3E4LQA4,Di_dopamine_34015,0.0
A0A3E4LQA4,Di_dopamine_38088,0.0
A0A3E4LQA4,Di_glutamine_30065,11884.147454846177
A0A3E4LQA4,Di_glutamine_30067,47833.976464292005
A0A3E4LQA4,Di_glutamine_31254,5953.052388811364
A0A3E4LQA4,Di_glycine_27361,1652247.3590389222
A0A3E4LQA4,Di_glycine_34166,2709185.5847756676
A0A3E4LQA4,Di_glycine_34738,834619.8638512616
A0A3E4LQA4,Di_lysine_25070,26501.862599174525
A0A3E4LQA4,Di_methionine_34896,179830.27160701153
A0A3E4LQA4,Di_ornithine_15391,447.5638860151204
A0A3E4LQA4,Di_ornithine_17963,7595.137905215763
A0A3E4LQA4,Di_ornithine_22619,0.0
A0A3E4LQA4,Di_ornithine_25325,4262.948660979904
A0A3E4LQA4,Di_phenylalanine_22687,161926.9545907366
A0A3E4LQA4,Di_phenylalanine_39833,94709.6152413619
A0A3E4LQA4,Di_serine_32622,227819.30372383454
A0A3E4LQA4,Di_taurine_19595,0.0
A0A3E4LQA4,Di_taurine_29331,25367032.635161743
A0A3E4LQA4,Di_taurine_30261,23491.92659937745
A0A3E4LQA4,Di_threonine_23465,61908.54968753134
A0A3E4LQA4,Di_threonine_33288,28185.215997202777
A0A3E4LQA4,Di_unconjugated_34634,543139.0796040369
A0A3E4LQA4,Mono_2_aminophenol_41901,0.0
A0A3E4LQA4,Mono_2_aminophenol_45657,2306.410281242659
A0A3E4LQA4,Mono_GABA_40494,46846.24022535002
A0A3E4LQA4,Mono_alanine_40140,319115.2642023099
A0A3E4LQA4,Mono_glutamine_37103,0.0
A0A3E4LQA4,Mono_glycine_38634,2332429.485164257
A0A3E4LQA4,Mono_lysine_32192,0.0
A0A3E4LQA4,Mono_methionine_41397,35369.2112189237
A0A3E4LQA4,Mono_ornithine_31596,0.0
A0A3E4LQA4,Mono_ornithine_33494,0.0
A0A3E4LQA4,Mono_phenylalanine_41412,109977.97419365171
A0A3E4LQA4,Mono_serotonin_42743,26710.198258671495
A0A3E4LQA4,Mono_taurine_35357,29733287.30493769
A0A3E4LQA4,Mono_tyramine_38979,124923.92556703929
A0A3E4LQA4,"Tri_2,3_diaminopropionic acid_14940",59778.713898634654
A0A3E4LQA4,"Tri_2,3_diaminopropionic acid_17863",0.0
A0A3E4LQA4,"Tri_2,3_diaminopropionic acid_17869",265142.05029115995
A0A3E4LQA4,"Tri_2,3_diaminopropionic acid_18373",3081059.667018505
A0A3E4LQA4,Tri_2_aminophenol_35037,356692.345311131
A0A3E4LQA4,Tri_2_aminophenol_39976,1384478.2188566567
A0A3E4LQA4,Tri_3_methoxytyramine_36008,3586.26415766222
A0A3E4LQA4,Tri_GABA_22882,4652.44846013775
A0A3E4LQA4,Tri_GABA_26794,56652.61453109584
A0A3E4LQA4,Tri_GABA_M+H2O_23885,357278.68645820423
A0A3E4LQA4,Tri_alanine_28457,237884.33393605263
A0A3E4LQA4,Tri_arginine_18281,23949.31913867142
A0A3E4LQA4,Tri_asparagine_20433,2602593.8385241316
A0A3E4LQA4,Tri_cadaverine_19586,0.0
A0A3E4LQA4,Tri_citrulline_22220,33841.84813447611
A0A3E4LQA4,Tri_cystine_19329,0.0
A0A3E4LQA4,Tri_dopamine_32050,89187.1718717343
A0A3E4LQA4,Tri_dopamine_32195,0.0
A0A3E4LQA4,Tri_glutamine_22099,14403.725362432115
A0A3E4LQA4,Tri_glycine_25947,0.0
A0A3E4LQA4,Tri_glyglycine_20401,207858.34771523767
A0A3E4LQA4,Tri_histidine_17315,65927.42777002399
A0A3E4LQA4,Tri_methionine_33885,190426.65951072634
A0A3E4LQA4,Tri_ornithine_17210,0.0
A0A3E4LQA4,Tri_phenylalanine_22512,54280.160638522124
A0A3E4LQA4,Tri_phenylalanine_37508,52695.618798933756
A0A3E4LQA4,Tri_phenylalanine_40024,206727.8838299245
A0A3E4LQA4,Tri_proline_M+NH4_18411,0.0
A0A3E4LQA4,Tri_putrescine_18433,0.0
A0A3E4LQA4,Tri_serine_23158,48944.64659407322
A0A3E4LQA4,Tri_taurine_20369,0.0
A0A3E4LQA4,Tri_tryptamine_38723,0.0
A0A3N2MZX6,"3a,7a,12k_alanine_20366",0.0
A0A3N2MZX6,"3a,7a,12k_lysine_23168",0.0
A0A3N2MZX6,3a12k_serine_27652,2596.0493367123877
A0A3N2MZX6,3a12k_taurine_22309,78140372.07894725
A0A3N2MZX6,3a7a12k_taurine_14542,74502364.09483707
A0A3N2MZX6,3a7k_citrulline_24966,0.0
A0A3N2MZX6,3a7k_glutamine_24909,0.0
A0A3N2MZX6,3a7k_serine_26456,0.0
A0A3N2MZX6,3a7k_threonine_27078,0.0
A0A3N2MZX6,3k12a_lysine_23849,0.0
A0A3N2MZX6,3k7a_glutamine_29953,0.0
A0A3N2MZX6,3k7a_proline_M+NH4_21780,0.0
A0A3N2MZX6,"Di_2,3_diaminopropionic acid_14073",0.0
A0A3N2MZX6,Di_2_aminophenol_36589,328833.15362567856
A0A3N2MZX6,Di_2_aminophenol_40269,990786.3880981593
A0A3N2MZX6,Di_3_methoxytyramine_37128,89914.87876086638
A0A3N2MZX6,Di_3_methoxytyramine_37165,0.0
A0A3N2MZX6,Di_3_methoxytyramine_39396,75454.56725236856
A0A3N2MZX6,Di_GABA_33328,18686.073669231617
A0A3N2MZX6,Di_GABA_36169,48869.44028267733
A0A3N2MZX6,Di_alanine_27176,0.0
A0A3N2MZX6,Di_alanine_35826,19028.661560555316
A0A3N2MZX6,Di_alanine_37411,374882.1293540996
A0A3N2MZX6,Di_citrulline_22104,0.0
A0A3N2MZX6,Di_citrulline_31270,0.0
A0A3N2MZX6,Di_dopamine_34015,29927.27052753567
A0A3N2MZX6,Di_dopamine_38088,56763.03798510652
A0A3N2MZX6,Di_glutamine_30065,0.0
A0A3N2MZX6,Di_glutamine_30067,0.0
A0A3N2MZX6,Di_glutamine_31254,0.0
A0A3N2MZX6,Di_glycine_27361,6608204.183505539
A0A3N2MZX6,Di_glycine_34166,15641893.8749935
A0A3N2MZX6,Di_glycine_34738,1310166.220469918
A0A3N2MZX6,Di_lysine_25070,0.0
A0A3N2MZX6,Di_methionine_34896,0.0
A0A3N2MZX6,Di_ornithine_15391,0.0
A0A3N2MZX6,Di_ornithine_17963,0.0
A0A3N2MZX6,Di_ornithine_22619,0.0
A0A3N2MZX6,Di_ornithine_25325,9183.65500976598
A0A3N2MZX6,Di_phenylalanine_22687,0.0
A0A3N2MZX6,Di_phenylalanine_39833,234331.144636531
A0A3N2MZX6,Di_serine_32622,761.2453195552588
A0A3N2MZX6,Di_taurine_19595,6111.952389507257
A0A3N2MZX6,Di_taurine_29331,20473586.112814017
A0A3N2MZX6,Di_taurine_30261,0.0
A0A3N2MZX6,Di_threonine_23465,0.0
A0A3N2MZX6,Di_threonine_33288,0.0
A0A3N2MZX6,Di_unconjugated_34634,0.0
A0A3N2MZX6,Mono_2_aminophenol_41901,7787.845723420487
A0A3N2MZX6,Mono_2_aminophenol_45657,1475.5937796532794
A0A3N2MZX6,Mono_GABA_40494,53736.769906731744
A0A3N2MZX6,Mono_alanine_40140,22848.881011934936
A0A3N2MZX6,Mono_glutamine_37103,6449.309425755821
A0A3N2MZX6,Mono_glycine_38634,14806082.266112082
A0A3N2MZX6,Mono_lysine_32192,0.0
A0A3N2MZX6,Mono_methionine_41397,0.0
A0A3N2MZX6,Mono_ornithine_31596,0.0
A0A3N2MZX6,Mono_ornithine_33494,13585.678158727995
A0A3N2MZX6,Mono_phenylalanine_41412,0.0
A0A3N2MZX6,Mono_serotonin_42743,105830.38602118855
A0A3N2MZX6,Mono_taurine_35357,52142479.1026818
A0A3N2MZX6,Mono_tyramine_38979,100588.05566005748
A0A3N2MZX6,"Tri_2,3_diaminopropionic acid_14940",0.0
A0A3N2MZX6,"Tri_2,3_diaminopropionic acid_17863",0.0
A0A3N2MZX6,"Tri_2,3_diaminopropionic acid_17869",0.0
A0A3N2MZX6,"Tri_2,3_diaminopropionic acid_18373",0.0
A0A3N2MZX6,Tri_2_aminophenol_35037,109159.1938381102
A0A3N2MZX6,Tri_2_aminophenol_39976,634582.526688596
A0A3N2MZX6,Tri_3_methoxytyramine_36008,18837.813861510807
A0A3N2MZX6,Tri_GABA_22882,225253.91062536577
A0A3N2MZX6,Tri_GABA_26794,1145795.6973583628
A0A3N2MZX6,Tri_GABA_M+H2O_23885,0.0
A0A3N2MZX6,Tri_alanine_28457,0.0
A0A3N2MZX6,Tri_arginine_18281,0.0
A0A3N2MZX6,Tri_asparagine_20433,141529.93377514285
A0A3N2MZX6,Tri_cadaverine_19586,0.0
A0A3N2MZX6,Tri_citrulline_22220,0.0
A0A3N2MZX6,Tri_cystine_19329,0.0
A0A3N2MZX6,Tri_dopamine_32050,38404.71098614818
A0A3N2MZX6,Tri_dopamine_32195,6439.545014112506
A0A3N2MZX6,Tri_glutamine_22099,0.0
A0A3N2MZX6,Tri_glycine_25947,298689.66846824816
A0A3N2MZX6,Tri_glyglycine_20401,0.0
A0A3N2MZX6,Tri_histidine_17315,0.0
A0A3N2MZX6,Tri_methionine_33885,0.0
A0A3N2MZX6,Tri_ornithine_17210,0.0
A0A3N2MZX6,Tri_phenylalanine_22512,0.0
A0A3N2MZX6,Tri_phenylalanine_37508,0.0
A0A3N2MZX6,Tri_phenylalanine_40024,86775.22711736888
A0A3N2MZX6,Tri_proline_M+NH4_18411,0.0
A0A3N2MZX6,Tri_putrescine_18433,0.0
A0A3N2MZX6,Tri_serine_23158,0.0
A0A3N2MZX6,Tri_taurine_20369,0.0
A0A3N2MZX6,Tri_tryptamine_38723,34367.72472185125
A0A3Q0NGD6,"3a,7a,12k_alanine_20366",144002.97383978788
A0A3Q0NGD6,"3a,7a,12k_lysine_23168",232952.00859509333
A0A3Q0NGD6,3a12k_serine_27652,165859.98680649986
A0A3Q0NGD6,3a12k_taurine_22309,53683481.211178444
A0A3Q0NGD6,3a7a12k_taurine_14542,76222263.23326495
A0A3Q0NGD6,3a7k_citrulline_24966,7084.1359008533345
A0A3Q0NGD6,3a7k_glutamine_24909,106718.92629218397
A0A3Q0NGD6,3a7k_serine_26456,134123.53417949003
A0A3Q0NGD6,3a7k_threonine_27078,123386.6383428307
A0A3Q0NGD6,3k12a_lysine_23849,36516.4404154117
A0A3Q0NGD6,3k7a_glutamine_29953,74197.74764213945
A0A3Q0NGD6,3k7a_proline_M+NH4_21780,0.0
A0A3Q0NGD6,"Di_2,3_diaminopropionic acid_14073",0.0
A0A3Q0NGD6,Di_2_aminophenol_36589,18203.775325134688
A0A3Q0NGD6,Di_2_aminophenol_40269,87740.1382946975
A0A3Q0NGD6,Di_3_methoxytyramine_37128,3447.8469078159997
A0A3Q0NGD6,Di_3_methoxytyramine_37165,0.0
A0A3Q0NGD6,Di_3_methoxytyramine_39396,0.0
A0A3Q0NGD6,Di_GABA_33328,106907.51367040486
A0A3Q0NGD6,Di_GABA_36169,72285.23387479845
A0A3Q0NGD6,Di_alanine_27176,0.0
A0A3Q0NGD6,Di_alanine_35826,14143.475863584246
A0A3Q0NGD6,Di_alanine_37411,434013.8548428814
A0A3Q0NGD6,Di_citrulline_22104,15384.08582346046
A0A3Q0NGD6,Di_citrulline_31270,93333.04922129173
A0A3Q0NGD6,Di_dopamine_34015,0.0
A0A3Q0NGD6,Di_dopamine_38088,0.0
A0A3Q0NGD6,Di_glutamine_30065,8160.617605041176
A0A3Q0NGD6,Di_glutamine_30067,25481.23677036134
A0A3Q0NGD6,Di_glutamine_31254,102719.05404239125
A0A3Q0NGD6,Di_glycine_27361,1539142.1652332344
A0A3Q0NGD6,Di_glycine_34166,1193695.1438384743
A0A3Q0NGD6,Di_glycine_34738,80203.00523811518
A0A3Q0NGD6,Di_lysine_25070,19863.256930918247
A0A3Q0NGD6,Di_methionine_34896,70230.72848771766
A0A3Q0NGD6,Di_ornithine_15391,0.0
A0A3Q0NGD6,Di_ornithine_17963,0.0
A0A3Q0NGD6,Di_ornithine_22619,0.0
A0A3Q0NGD6,Di_ornithine_25325,6977.44387578016
A0A3Q0NGD6,Di_phenylalanine_22687,66197.7470452972
A0A3Q0NGD6,Di_phenylalanine_39833,193564.9255971454
A0A3Q0NGD6,Di_serine_32622,57877.811263416836
A0A3Q0NGD6,Di_taurine_19595,0.0
A0A3Q0NGD6,Di_taurine_29331,16098141.478268225
A0A3Q0NGD6,Di_taurine_30261,567.6830842296463
A0A3Q0NGD6,Di_threonine_23465,10825.27874237846
A0A3Q0NGD6,Di_threonine_33288,2299.222092723841
A0A3Q0NGD6,Di_unconjugated_34634,218957.81248292388
A0A3Q0NGD6,Mono_2_aminophenol_41901,0.0
A0A3Q0NGD6,Mono_2_aminophenol_45657,4189.583814252663
A0A3Q0NGD6,Mono_GABA_40494,51813.406208164386
A0A3Q0NGD6,Mono_alanine_40140,166577.19854813148
A0A3Q0NGD6,Mono_glutamine_37103,0.0
A0A3Q0NGD6,Mono_glycine_38634,9123923.400599578
A0A3Q0NGD6,Mono_lysine_32192,0.0
A0A3Q0NGD6,Mono_methionine_41397,24411.72325972831
A0A3Q0NGD6,Mono_ornithine_31596,0.0
A0A3Q0NGD6,Mono_ornithine_33494,1378.3337812045775
A0A3Q0NGD6,Mono_phenylalanine_41412,35055.16487794133
A0A3Q0NGD6,Mono_serotonin_42743,9211.201198958393
A0A3Q0NGD6,Mono_taurine_35357,59722895.870506026
A0A3Q0NGD6,Mono_tyramine_38979,69412.79127343434
A0A3Q0NGD6,"Tri_2,3_diaminopropionic acid_14940",0.0
A0A3Q0NGD6,"Tri_2,3_diaminopropionic acid_17863",0.0
A0A3Q0NGD6,"Tri_2,3_diaminopropionic acid_17869",18299.473513240915
A0A3Q0NGD6,"Tri_2,3_diaminopropionic acid_18373",266855.1540851345
A0A3Q0NGD6,Tri_2_aminophenol_35037,248713.64268073687
A0A3Q0NGD6,Tri_2_aminophenol_39976,481952.3334428471
A0A3Q0NGD6,Tri_3_methoxytyramine_36008,0.0
A0A3Q0NGD6,Tri_GABA_22882,53299.8856782408
A0A3Q0NGD6,Tri_GABA_26794,120149.26081953346
A0A3Q0NGD6,Tri_GABA_M+H2O_23885,0.0
A0A3Q0NGD6,Tri_alanine_28457,84029.84673388266
A0A3Q0NGD6,Tri_arginine_18281,28954.443910828366
A0A3Q0NGD6,Tri_asparagine_20433,1606189.0141074182
A0A3Q0NGD6,Tri_cadaverine_19586,5203.085405948033
A0A3Q0NGD6,Tri_citrulline_22220,40379.911156932685
A0A3Q0NGD6,Tri_cystine_19329,27834.335415211084
A0A3Q0NGD6,Tri_dopamine_32050,60482.39007641961
A0A3Q0NGD6,Tri_dopamine_32195,0.0
A0A3Q0NGD6,Tri_glutamine_22099,30052.770931162653
A0A3Q0NGD6,Tri_glycine_25947,1084118.3923012458
A0A3Q0NGD6,Tri_glyglycine_20401,131028.6171760675
A0A3Q0NGD6,Tri_histidine_17315,18366.864515735277
A0A3Q0NGD6,Tri_methionine_33885,316559.5296722154
A0A3Q0NGD6,Tri_ornithine_17210,0.0
A0A3Q0NGD6,Tri_phenylalanine_22512,72730.01390421881
A0A3Q0NGD6,Tri_phenylalanine_37508,182289.66049286225
A0A3Q0NGD6,Tri_phenylalanine_40024,243191.58410552054
A0A3Q0NGD6,Tri_proline_M+NH4_18411,0.0
A0A3Q0NGD6,Tri_putrescine_18433,0.0
A0A3Q0NGD6,Tri_serine_23158,19271.20997178912
A0A3Q0NGD6,Tri_taurine_20369,0.0
A0A3Q0NGD6,Tri_tryptamine_38723,0.0
A0A3R6IUG4,"3a,7a,12k_alanine_20366",195312.94002026942
A0A3R6IUG4,"3a,7a,12k_lysine_23168",107711.10679012742
A0A3R6IUG4,3a12k_serine_27652,180815.8331941525
A0A3R6IUG4,3a12k_taurine_22309,100238194.03980798
A0A3R6IUG4,3a7a12k_taurine_14542,97262629.2110224
A0A3R6IUG4,3a7k_citrulline_24966,0.0
A0A3R6IUG4,3a7k_glutamine_24909,5217.89052294377
A0A3R6IUG4,3a7k_serine_26456,40011.09737190944
A0A3R6IUG4,3a7k_threonine_27078,36461.4669894059
A0A3R6IUG4,3k12a_lysine_23849,0.0
A0A3R6IUG4,3k7a_glutamine_29953,0.0
A0A3R6IUG4,3k7a_proline_M+NH4_21780,0.0
A0A3R6IUG4,"Di_2,3_diaminopropionic acid_14073",0.0
A0A3R6IUG4,Di_2_aminophenol_36589,60746.291869521076
A0A3R6IUG4,Di_2_aminophenol_40269,67156.04182358642
A0A3R6IUG4,Di_3_methoxytyramine_37128,0.0
A0A3R6IUG4,Di_3_methoxytyramine_37165,0.0
A0A3R6IUG4,Di_3_methoxytyramine_39396,0.0
A0A3R6IUG4,Di_GABA_33328,325846.49550835416
A0A3R6IUG4,Di_GABA_36169,77080.39831106126
A0A3R6IUG4,Di_alanine_27176,0.0
A0A3R6IUG4,Di_alanine_35826,67553.28692239855
A0A3R6IUG4,Di_alanine_37411,1024388.669046003
A0A3R6IUG4,Di_citrulline_22104,0.0
A0A3R6IUG4,Di_citrulline_31270,0.0
A0A3R6IUG4,Di_dopamine_34015,0.0
A0A3R6IUG4,Di_dopamine_38088,0.0
A0A3R6IUG4,Di_glutamine_30065,0.0
A0A3R6IUG4,Di_glutamine_30067,0.0
A0A3R6IUG4,Di_glutamine_31254,4174.951711983727
A0A3R6IUG4,Di_glycine_27361,6275491.709135797
A0A3R6IUG4,Di_glycine_34166,10627452.52313028
A0A3R6IUG4,Di_glycine_34738,2542108.3257244425
A0A3R6IUG4,Di_lysine_25070,0.0
A0A3R6IUG4,Di_methionine_34896,0.0
A0A3R6IUG4,Di_ornithine_15391,0.0
A0A3R6IUG4,Di_ornithine_17963,0.0
A0A3R6IUG4,Di_ornithine_22619,0.0
A0A3R6IUG4,Di_ornithine_25325,799.7246375577304
A0A3R6IUG4,Di_phenylalanine_22687,0.0
A0A3R6IUG4,Di_phenylalanine_39833,53461.03784870427
A0A3R6IUG4,Di_serine_32622,105365.92516473483
A0A3R6IUG4,Di_taurine_19595,5436.99858685565
A0A3R6IUG4,Di_taurine_29331,26939615.33782084
A0A3R6IUG4,Di_taurine_30261,4218.688123232179
A0A3R6IUG4,Di_threonine_23465,7469.63766354194
A0A3R6IUG4,Di_threonine_33288,1459.6627107894058
A0A3R6IUG4,Di_unconjugated_34634,53847.36003563424
A0A3R6IUG4,Mono_2_aminophenol_41901,0.0
A0A3R6IUG4,Mono_2_aminophenol_45657,4841.8752765414365
A0A3R6IUG4,Mono_GABA_40494,53237.021762656106
A0A3R6IUG4,Mono_alanine_40140,334912.6722409753
A0A3R6IUG4,Mono_glutamine_37103,0.0
A0A3R6IUG4,Mono_glycine_38634,13957271.411839215
A0A3R6IUG4,Mono_lysine_32192,0.0
A0A3R6IUG4,Mono_methionine_41397,4582.057618788243
A0A3R6IUG4,Mono_ornithine_31596,0.0
A0A3R6IUG4,Mono_ornithine_33494,835.5259271384698
A0A3R6IUG4,Mono_phenylalanine_41412,0.0
A0A3R6IUG4,Mono_serotonin_42743,5869.466244299547
A0A3R6IUG4,Mono_taurine_35357,67258918.44393502
A0A3R6IUG4,Mono_tyramine_38979,14887.87717259941
A0A3R6IUG4,"Tri_2,3_diaminopropionic acid_14940",0.0
A0A3R6IUG4,"Tri_2,3_diaminopropionic acid_17863",0.0
A0A3R6IUG4,"Tri_2,3_diaminopropionic acid_17869",15401.723297787536
A0A3R6IUG4,"Tri_2,3_diaminopropionic acid_18373",223852.04018086556
A0A3R6IUG4,Tri_2_aminophenol_35037,45205.30262075384
A0A3R6IUG4,Tri_2_aminophenol_39976,413338.2203323211
A0A3R6IUG4,Tri_3_methoxytyramine_36008,0.0
A0A3R6IUG4,Tri_GABA_22882,292286.81502609013
A0A3R6IUG4,Tri_GABA_26794,1559625.175361814
A0A3R6IUG4,Tri_GABA_M+H2O_23885,192299.90908650018
A0A3R6IUG4,Tri_alanine_28457,281924.2395895487
A0A3R6IUG4,Tri_arginine_18281,0.0
A0A3R6IUG4,Tri_asparagine_20433,585341.4971214891
A0A3R6IUG4,Tri_cadaverine_19586,0.0
A0A3R6IUG4,Tri_citrulline_22220,0.0
A0A3R6IUG4,Tri_cystine_19329,0.0
A0A3R6IUG4,Tri_dopamine_32050,58469.40595050972
A0A3R6IUG4,Tri_dopamine_32195,0.0
A0A3R6IUG4,Tri_glutamine_22099,0.0
A0A3R6IUG4,Tri_glycine_25947,618275.1814329844
A0A3R6IUG4,Tri_glyglycine_20401,7572.813241590696
A0A3R6IUG4,Tri_histidine_17315,0.0
A0A3R6IUG4,Tri_methionine_33885,28298.559114789623
A0A3R6IUG4,Tri_ornithine_17210,0.0
A0A3R6IUG4,Tri_phenylalanine_22512,0.0
A0A3R6IUG4,Tri_phenylalanine_37508,0.0
A0A3R6IUG4,Tri_phenylalanine_40024,126517.63855186242
A0A3R6IUG4,Tri_proline_M+NH4_18411,0.0
A0A3R6IUG4,Tri_putrescine_18433,0.0
A0A3R6IUG4,Tri_serine_23158,3043.6777186304457
A0A3R6IUG4,Tri_taurine_20369,0.0
A0A3R6IUG4,Tri_tryptamine_38723,0.0
A0A412TTM9,"3a,7a,12k_alanine_20366",0.0
A0A412TTM9,"3a,7a,12k_lysine_23168",0.0
A0A412TTM9,3a12k_serine_27652,8830.463693980859
A0A412TTM9,3a12k_taurine_22309,108860499.21356946
A0A412TTM9,3a7a12k_taurine_14542,107509075.69791703
A0A412TTM9,3a7k_citrulline_24966,0.0
A0A412TTM9,3a7k_glutamine_24909,0.0
A0A412TTM9,3a7k_serine_26456,2602.8505640386165
A0A412TTM9,3a7k_threonine_27078,0.0
A0A412TTM9,3k12a_lysine_23849,0.0
A0A412TTM9,3k7a_glutamine_29953,0.0
A0A412TTM9,3k7a_proline_M+NH4_21780,0.0
A0A412TTM9,"Di_2,3_diaminopropionic acid_14073",0.0
A0A412TTM9,Di_2_aminophenol_36589,462531.03875965235
A0A412TTM9,Di_2_aminophenol_40269,51432.99694104474
A0A412TTM9,Di_3_methoxytyramine_37128,40141.57253559505
A0A412TTM9,Di_3_methoxytyramine_37165,0.0
A0A412TTM9,Di_3_methoxytyramine_39396,0.0
A0A412TTM9,Di_GABA_33328,13446.978122149902
A0A412TTM9,Di_GABA_36169,68933.82376311818
A0A412TTM9,Di_alanine_27176,13161.567189665771
A0A412TTM9,Di_alanine_35826,0.0
A0A412TTM9,Di_alanine_37411,569148.0169689879
A0A412TTM9,Di_citrulline_22104,0.0
A0A412TTM9,Di_citrulline_31270,0.0
A0A412TTM9,Di_dopamine_34015,16745.32827542298
A0A412TTM9,Di_dopamine_38088,0.0
A0A412TTM9,Di_glutamine_30065,0.0
A0A412TTM9,Di_glutamine_30067,0.0
A0A412TTM9,Di_glutamine_31254,0.0
A0A412TTM9,Di_glycine_27361,10506531.19846758
A0A412TTM9,Di_glycine_34166,25200182.70428333
A0A412TTM9,Di_glycine_34738,3030504.2132374975
A0A412TTM9,Di_lysine_25070,0.0
A0A412TTM9,Di_methionine_34896,0.0
A0A412TTM9,Di_ornithine_15391,0.0
A0A412TTM9,Di_ornithine_17963,0.0
A0A412TTM9,Di_ornithine_22619,0.0
A0A412TTM9,Di_ornithine_25325,0.0
A0A412TTM9,Di_phenylalanine_22687,0.0
A0A412TTM9,Di_phenylalanine_39833,45123.002598910076
A0A412TTM9,Di_serine_32622,0.0
A0A412TTM9,Di_taurine_19595,0.0
A0A412TTM9,Di_taurine_29331,22629646.90524109
A0A412TTM9,Di_taurine_30261,0.0
A0A412TTM9,Di_threonine_23465,0.0
A0A412TTM9,Di_threonine_33288,0.0
A0A412TTM9,Di_unconjugated_34634,0.0
A0A412TTM9,Mono_2_aminophenol_41901,0.0
A0A412TTM9,Mono_2_aminophenol_45657,11276.741820696907
A0A412TTM9,Mono_GABA_40494,56230.78121938014
A0A412TTM9,Mono_alanine_40140,55894.79223797816
A0A412TTM9,Mono_glutamine_37103,5607.538251693511
A0A412TTM9,Mono_glycine_38634,23285086.925669573
A0A412TTM9,Mono_lysine_32192,0.0
A0A412TTM9,Mono_methionine_41397,0.0
A0A412TTM9,Mono_ornithine_31596,0.0
A0A412TTM9,Mono_ornithine_33494,0.0
A0A412TTM9,Mono_phenylalanine_41412,0.0
A0A412TTM9,Mono_serotonin_42743,0.0
A0A412TTM9,Mono_taurine_35357,36070585.81909603
A0A412TTM9,Mono_tyramine_38979,0.0
A0A412TTM9,"Tri_2,3_diaminopropionic acid_14940",0.0
A0A412TTM9,"Tri_2,3_diaminopropionic acid_17863",0.0
A0A412TTM9,"Tri_2,3_diaminopropionic acid_17869",0.0
A0A412TTM9,"Tri_2,3_diaminopropionic acid_18373",0.0
A0A412TTM9,Tri_2_aminophenol_35037,0.0
A0A412TTM9,Tri_2_aminophenol_39976,21782.240840252078
A0A412TTM9,Tri_3_methoxytyramine_36008,0.0
A0A412TTM9,Tri_GABA_22882,279586.4686913433
A0A412TTM9,Tri_GABA_26794,1614315.7662343574
A0A412TTM9,Tri_GABA_M+H2O_23885,739.918799680288
A0A412TTM9,Tri_alanine_28457,0.0
A0A412TTM9,Tri_arginine_18281,0.0
A0A412TTM9,Tri_asparagine_20433,185101.49062068705
A0A412TTM9,Tri_cadaverine_19586,0.0
A0A412TTM9,Tri_citrulline_22220,0.0
A0A412TTM9,Tri_cystine_19329,0.0
A0A412TTM9,Tri_dopamine_32050,28749.545946955845
A0A412TTM9,Tri_dopamine_32195,0.0
A0A412TTM9,Tri_glutamine_22099,0.0
A0A412TTM9,Tri_glycine_25947,0.0
A0A412TTM9,Tri_glyglycine_20401,0.0
A0A412TTM9,Tri_histidine_17315,0.0
A0A412TTM9,Tri_methionine_33885,0.0
A0A412TTM9,Tri_ornithine_17210,0.0
A0A412TTM9,Tri_phenylalanine_22512,0.0
A0A412TTM9,Tri_phenylalanine_37508,0.0
A0A412TTM9,Tri_phenylalanine_40024,109920.64312235008
A0A412TTM9,Tri_proline_M+NH4_18411,0.0
A0A412TTM9,Tri_putrescine_18433,0.0
A0A412TTM9,Tri_serine_23158,0.0
A0A412TTM9,Tri_taurine_20369,0.0
A0A412TTM9,Tri_tryptamine_38723,0.0
A0A413RDG7,"3a,7a,12k_alanine_20366",228605.1876794291
A0A413RDG7,"3a,7a,12k_lysine_23168",45595.60943352123
A0A413RDG7,3a12k_serine_27652,161609.52043927964
A0A413RDG7,3a12k_taurine_22309,100350564.11621018
A0A413RDG7,3a7a12k_taurine_14542,100079574.89385924
A0A413RDG7,3a7k_citrulline_24966,0.0
A0A413RDG7,3a7k_glutamine_24909,12317.315531725564
A0A413RDG7,3a7k_serine_26456,43286.446619150265
A0A413RDG7,3a7k_threonine_27078,33532.066791040415
A0A413RDG7,3k12a_lysine_23849,0.0
A0A413RDG7,3k7a_glutamine_29953,0.0
A0A413RDG7,3k7a_proline_M+NH4_21780,0.0
A0A413RDG7,"Di_2,3_diaminopropionic acid_14073",0.0
A0A413RDG7,Di_2_aminophenol_36589,1102556.9940845643
A0A413RDG7,Di_2_aminophenol_40269,136252.99182229303
A0A413RDG7,Di_3_methoxytyramine_37128,3788.702455594614
A0A413RDG7,Di_3_methoxytyramine_37165,0.0
A0A413RDG7,Di_3_methoxytyramine_39396,0.0
A0A413RDG7,Di_GABA_33328,400162.5225919096
A0A413RDG7,Di_GABA_36169,76035.725
A0A413RDG7,Di_alanine_27176,3099.4840370577867
A0A413RDG7,Di_alanine_35826,19918.47595283394
A0A413RDG7,Di_alanine_37411,618521.5703928948
A0A413RDG7,Di_citrulline_22104,0.0
A0A413RDG7,Di_citrulline_31270,0.0
A0A413RDG7,Di_dopamine_34015,0.0
A0A413RDG7,Di_dopamine_38088,0.0
A0A413RDG7,Di_glutamine_30065,0.0
A0A413RDG7,Di_glutamine_30067,0.0
A0A413RDG7,Di_glutamine_31254,1504.7754698822966
A0A413RDG7,Di_glycine_27361,5166802.071024022
A0A413RDG7,Di_glycine_34166,20736295.514977
A0A413RDG7,Di_glycine_34738,2809170.4462668197
A0A413RDG7,Di_lysine_25070,0.0
A0A413RDG7,Di_methionine_34896,0.0
A0A413RDG7,Di_ornithine_15391,0.0
A0A413RDG7,Di_ornithine_17963,0.0
A0A413RDG7,Di_ornithine_22619,0.0
A0A413RDG7,Di_ornithine_25325,2579.818122218102
A0A413RDG7,Di_phenylalanine_22687,0.0
A0A413RDG7,Di_phenylalanine_39833,258942.94191479264
A0A413RDG7,Di_serine_32622,68028.97794056553
A0A413RDG7,Di_taurine_19595,0.0
A0A413RDG7,Di_taurine_29331,16580135.296793554
A0A413RDG7,Di_taurine_30261,2783.565711424744
A0A413RDG7,Di_threonine_23465,6305.619086444107
A0A413RDG7,Di_threonine_33288,0.0
A0A413RDG7,Di_unconjugated_34634,114853.190052345
A0A413RDG7,Mono_2_aminophenol_41901,0.0
A0A413RDG7,Mono_2_aminophenol_45657,7419.357309036079
A0A413RDG7,Mono_GABA_40494,55531.15121518331
A0A413RDG7,Mono_alanine_40140,208664.22957243235
A0A413RDG7,Mono_glutamine_37103,3377.023424462541
A0A413RDG7,Mono_glycine_38634,13790188.937933683
A0A413RDG7,Mono_lysine_32192,0.0
A0A413RDG7,Mono_methionine_41397,3571.830959569351
A0A413RDG7,Mono_ornithine_31596,0.0
A0A413RDG7,Mono_ornithine_33494,6203.022521628898
A0A413RDG7,Mono_phenylalanine_41412,7261.3720091417845
A0A413RDG7,Mono_serotonin_42743,0.0
A0A413RDG7,Mono_taurine_35357,64184128.45459056
A0A413RDG7,Mono_tyramine_38979,47689.907332666255
A0A413RDG7,"Tri_2,3_diaminopropionic acid_14940",4772.847285762526
A0A413RDG7,"Tri_2,3_diaminopropionic acid_17863",0.0
A0A413RDG7,"Tri_2,3_diaminopropionic acid_17869",0.0
A0A413RDG7,"Tri_2,3_diaminopropionic acid_18373",153192.19722671315
A0A413RDG7,Tri_2_aminophenol_35037,51710.22942379493
A0A413RDG7,Tri_2_aminophenol_39976,1707158.276901386
A0A413RDG7,Tri_3_methoxytyramine_36008,0.0
A0A413RDG7,Tri_GABA_22882,331635.9053587403
A0A413RDG7,Tri_GABA_26794,1816534.9063728722
A0A413RDG7,Tri_GABA_M+H2O_23885,51232.21000863297
A0A413RDG7,Tri_alanine_28457,211996.60030654544
A0A413RDG7,Tri_arginine_18281,0.0
A0A413RDG7,Tri_asparagine_20433,460628.89176767226
A0A413RDG7,Tri_cadaverine_19586,0.0
A0A413RDG7,Tri_citrulline_22220,0.0
A0A413RDG7,Tri_cystine_19329,0.0
A0A413RDG7,Tri_dopamine_32050,57048.46832180061
A0A413RDG7,Tri_dopamine_32195,0.0
A0A413RDG7,Tri_glutamine_22099,0.0
A0A413RDG7,Tri_glycine_25947,441365.3107027978
A0A413RDG7,Tri_glyglycine_20401,0.0
A0A413RDG7,Tri_histidine_17315,0.0
A0A413RDG7,Tri_methionine_33885,14430.686029908404
A0A413RDG7,Tri_ornithine_17210,0.0
A0A413RDG7,Tri_phenylalanine_22512,0.0
A0A413RDG7,Tri_phenylalanine_37508,0.0
A0A413RDG7,Tri_phenylalanine_40024,112144.31557463961
A0A413RDG7,Tri_proline_M+NH4_18411,0.0
A0A413RDG7,Tri_putrescine_18433,0.0
A0A413RDG7,Tri_serine_23158,0.0
A0A413RDG7,Tri_taurine_20369,0.0
A0A413RDG7,Tri_tryptamine_38723,0.0
A0A414M9L3,"3a,7a,12k_alanine_20366",349304.56120947225
A0A414M9L3,"3a,7a,12k_lysine_23168",0.0
A0A414M9L3,3a12k_serine_27652,3635.177655275116
A0A414M9L3,3a12k_taurine_22309,5006987.744550587
A0A414M9L3,3a7a12k_taurine_14542,44513393.27249559
A0A414M9L3,3a7k_citrulline_24966,0.0
A0A414M9L3,3a7k_glutamine_24909,0.0
A0A414M9L3,3a7k_serine_26456,1108.156774003167
A0A414M9L3,3a7k_threonine_27078,0.0
A0A414M9L3,3k12a_lysine_23849,0.0
A0A414M9L3,3k7a_glutamine_29953,0.0
A0A414M9L3,3k7a_proline_M+NH4_21780,0.0
A0A414M9L3,"Di_2,3_diaminopropionic acid_14073",28134.02313929607
A0A414M9L3,Di_2_aminophenol_36589,1265328.829609285
A0A414M9L3,Di_2_aminophenol_40269,1793070.837543753
A0A414M9L3,Di_3_methoxytyramine_37128,282128.5507217468
A0A414M9L3,Di_3_methoxytyramine_37165,25242.695796949414
A0A414M9L3,Di_3_methoxytyramine_39396,29518.606661398448
A0A414M9L3,Di_GABA_33328,36834.328459545475
A0A414M9L3,Di_GABA_36169,28354.440235552906
A0A414M9L3,Di_alanine_27176,13244.478993338167
A0A414M9L3,Di_alanine_35826,86291.22071184167
A0A414M9L3,Di_alanine_37411,281442.2629157719
A0A414M9L3,Di_citrulline_22104,0.0
A0A414M9L3,Di_citrulline_31270,0.0
A0A414M9L3,Di_dopamine_34015,60281.18330645371
A0A414M9L3,Di_dopamine_38088,18691.597020308112
A0A414M9L3,Di_glutamine_30065,0.0
A0A414M9L3,Di_glutamine_30067,0.0
A0A414M9L3,Di_glutamine_31254,0.0
A0A414M9L3,Di_glycine_27361,7241381.040672661
A0A414M9L3,Di_glycine_34166,12878927.740051746
A0A414M9L3,Di_glycine_34738,1262232.3885359932
A0A414M9L3,Di_lysine_25070,0.0
A0A414M9L3,Di_methionine_34896,0.0
A0A414M9L3,Di_ornithine_15391,0.0
A0A414M9L3,Di_ornithine_17963,70289.2745215519
A0A414M9L3,Di_ornithine_22619,0.0
A0A414M9L3,Di_ornithine_25325,18459.749427368675
A0A414M9L3,Di_phenylalanine_22687,608.9520228242003
A0A414M9L3,Di_phenylalanine_39833,172637.87093583526
A0A414M9L3,Di_serine_32622,0.0
A0A414M9L3,Di_taurine_19595,0.0
A0A414M9L3,Di_taurine_29331,10821826.550961314
A0A414M9L3,Di_taurine_30261,0.0
A0A414M9L3,Di_threonine_23465,0.0
A0A414M9L3,Di_threonine_33288,0.0
A0A414M9L3,Di_unconjugated_34634,10851.003651632913
A0A414M9L3,Mono_2_aminophenol_41901,108837.06300460859
A0A414M9L3,Mono_2_aminophenol_45657,12929.144718894886
A0A414M9L3,Mono_GABA_40494,70337.97899334498
A0A414M9L3,Mono_alanine_40140,40302.1843408522
A0A414M9L3,Mono_glutamine_37103,0.0
A0A414M9L3,Mono_glycine_38634,9674442.192345012
A0A414M9L3,Mono_lysine_32192,0.0
A0A414M9L3,Mono_methionine_41397,0.0
A0A414M9L3,Mono_ornithine_31596,0.0
A0A414M9L3,Mono_ornithine_33494,221157.81032587477
A0A414M9L3,Mono_phenylalanine_41412,0.0
A0A414M9L3,Mono_serotonin_42743,48593.65638829784
A0A414M9L3,Mono_taurine_35357,4421921.77394311
A0A414M9L3,Mono_tyramine_38979,29630.741556826026
A0A414M9L3,"Tri_2,3_diaminopropionic acid_14940",8415.17974825808
A0A414M9L3,"Tri_2,3_diaminopropionic acid_17863",0.0
A0A414M9L3,"Tri_2,3_diaminopropionic acid_17869",0.0
A0A414M9L3,"Tri_2,3_diaminopropionic acid_18373",1098838.2257011412
A0A414M9L3,Tri_2_aminophenol_35037,146986.0948705184
A0A414M9L3,Tri_2_aminophenol_39976,2176893.056041248
A0A414M9L3,Tri_3_methoxytyramine_36008,1880.6122265738386
A0A414M9L3,Tri_GABA_22882,132700.5748314804
A0A414M9L3,Tri_GABA_26794,690018.3659014988
A0A414M9L3,Tri_GABA_M+H2O_23885,0.0
A0A414M9L3,Tri_alanine_28457,4628.593267196304
A0A414M9L3,Tri_arginine_18281,0.0
A0A414M9L3,Tri_asparagine_20433,91434.4753091121
A0A414M9L3,Tri_cadaverine_19586,0.0
A0A414M9L3,Tri_citrulline_22220,0.0
A0A414M9L3,Tri_cystine_19329,0.0
A0A414M9L3,Tri_dopamine_32050,44241.89171408031
A0A414M9L3,Tri_dopamine_32195,881.2790807613967
A0A414M9L3,Tri_glutamine_22099,0.0
A0A414M9L3,Tri_glycine_25947,0.0
A0A414M9L3,Tri_glyglycine_20401,0.0
A0A414M9L3,Tri_histidine_17315,0.0
A0A414M9L3,Tri_methionine_33885,0.0
A0A414M9L3,Tri_ornithine_17210,0.0
A0A414M9L3,Tri_phenylalanine_22512,0.0
A0A414M9L3,Tri_phenylalanine_37508,0.0
A0A414M9L3,Tri_phenylalanine_40024,88206.69584424862
A0A414M9L3,Tri_proline_M+NH4_18411,0.0
A0A414M9L3,Tri_putrescine_18433,0.0
A0A414M9L3,Tri_serine_23158,0.0
A0A414M9L3,Tri_taurine_20369,0.0
A0A414M9L3,Tri_tryptamine_38723,0.0
A0A414Q275,"3a,7a,12k_alanine_20366",949021.3376403827
A0A414Q275,"3a,7a,12k_lysine_23168",4050.7545532710046
A0A414Q275,3a12k_serine_27652,2193.1165222710765
A0A414Q275,3a12k_taurine_22309,28448040.40633459
A0A414Q275,3a7a12k_taurine_14542,19584730.93769056
A0A414Q275,3a7k_citrulline_24966,0.0
A0A414Q275,3a7k_glutamine_24909,0.0
A0A414Q275,3a7k_serine_26456,0.0
A0A414Q275,3a7k_threonine_27078,0.0
A0A414Q275,3k12a_lysine_23849,0.0
A0A414Q275,3k7a_glutamine_29953,0.0
A0A414Q275,3k7a_proline_M+NH4_21780,0.0
A0A414Q275,"Di_2,3_diaminopropionic acid_14073",28824.88576780767
A0A414Q275,Di_2_aminophenol_36589,855654.5812661347
A0A414Q275,Di_2_aminophenol_40269,1283464.013004249
A0A414Q275,Di_3_methoxytyramine_37128,70272.03028518082
A0A414Q275,Di_3_methoxytyramine_37165,0.0
A0A414Q275,Di_3_methoxytyramine_39396,0.0
A0A414Q275,Di_GABA_33328,93710.37852161778
A0A414Q275,Di_GABA_36169,50252.6671375412
A0A414Q275,Di_alanine_27176,9713.259068438567
A0A414Q275,Di_alanine_35826,646959.3900972651
A0A414Q275,Di_alanine_37411,535437.1677238469
A0A414Q275,Di_citrulline_22104,0.0
A0A414Q275,Di_citrulline_31270,0.0
A0A414Q275,Di_dopamine_34015,15289.599801473169
A0A414Q275,Di_dopamine_38088,62398.2929579221
A0A414Q275,Di_glutamine_30065,0.0
A0A414Q275,Di_glutamine_30067,0.0
A0A414Q275,Di_glutamine_31254,0.0
A0A414Q275,Di_glycine_27361,15347404.792318633
A0A414Q275,Di_glycine_34166,29189596.151897356
A0A414Q275,Di_glycine_34738,2295291.512415831
A0A414Q275,Di_lysine_25070,0.0
A0A414Q275,Di_methionine_34896,0.0
A0A414Q275,Di_ornithine_15391,0.0
A0A414Q275,Di_ornithine_17963,27799.054967126074
A0A414Q275,Di_ornithine_22619,0.0
A0A414Q275,Di_ornithine_25325,102102.45468379257
A0A414Q275,Di_phenylalanine_22687,0.0
A0A414Q275,Di_phenylalanine_39833,128223.88928104636
A0A414Q275,Di_serine_32622,0.0
A0A414Q275,Di_taurine_19595,74040.38184908332
A0A414Q275,Di_taurine_29331,6601741.7863392355
A0A414Q275,Di_taurine_30261,0.0
A0A414Q275,Di_threonine_23465,0.0
A0A414Q275,Di_threonine_33288,0.0
A0A414Q275,Di_unconjugated_34634,64755.91428152058
A0A414Q275,Mono_2_aminophenol_41901,9164.166649464121
A0A414Q275,Mono_2_aminophenol_45657,4864.319631081009
A0A414Q275,Mono_GABA_40494,57779.97025016133
A0A414Q275,Mono_alanine_40140,42299.288209976214
A0A414Q275,Mono_glutamine_37103,0.0
A0A414Q275,Mono_glycine_38634,22236846.006015338
A0A414Q275,Mono_lysine_32192,0.0
A0A414Q275,Mono_methionine_41397,0.0
A0A414Q275,Mono_ornithine_31596,0.0
A0A414Q275,Mono_ornithine_33494,20303.19825029867
A0A414Q275,Mono_phenylalanine_41412,0.0
A0A414Q275,Mono_serotonin_42743,41531.028030442576
A0A414Q275,Mono_taurine_35357,3497275.0825775955
A0A414Q275,Mono_tyramine_38979,0.0
A0A414Q275,"Tri_2,3_diaminopropionic acid_14940",92213.75776862101
A0A414Q275,"Tri_2,3_diaminopropionic acid_17863",0.0
A0A414Q275,"Tri_2,3_diaminopropionic acid_17869",0.0
A0A414Q275,"Tri_2,3_diaminopropionic acid_18373",20999341.377266306
A0A414Q275,Tri_2_aminophenol_35037,598004.5305568158
A0A414Q275,Tri_2_aminophenol_39976,1372384.981738353
A0A414Q275,Tri_3_methoxytyramine_36008,42755.509839601975
A0A414Q275,Tri_GABA_22882,419665.2540463604
A0A414Q275,Tri_GABA_26794,1453575.4868386462
A0A414Q275,Tri_GABA_M+H2O_23885,62490.390428771876
A0A414Q275,Tri_alanine_28457,10545.143403827167
A0A414Q275,Tri_arginine_18281,0.0
A0A414Q275,Tri_asparagine_20433,254708.1861258859
A0A414Q275,Tri_cadaverine_19586,41006.03774931727
A0A414Q275,Tri_citrulline_22220,0.0
A0A414Q275,Tri_cystine_19329,0.0
A0A414Q275,Tri_dopamine_32050,88997.94907558773
A0A414Q275,Tri_dopamine_32195,22976.781411204258
A0A414Q275,Tri_glutamine_22099,0.0
A0A414Q275,Tri_glycine_25947,0.0
A0A414Q275,Tri_glyglycine_20401,0.0
A0A414Q275,Tri_histidine_17315,0.0
A0A414Q275,Tri_methionine_33885,0.0
A0A414Q275,Tri_ornithine_17210,0.0
A0A414Q275,Tri_phenylalanine_22512,0.0
A0A414Q275,Tri_phenylalanine_37508,0.0
A0A414Q275,Tri_phenylalanine_40024,85546.26123191146
A0A414Q275,Tri_proline_M+NH4_18411,19772.46137364177
A0A414Q275,Tri_putrescine_18433,60989.752274834245
A0A414Q275,Tri_serine_23158,0.0
A0A414Q275,Tri_taurine_20369,0.0
A0A414Q275,Tri_tryptamine_38723,21218.843637762722
A0A416W0A8,"3a,7a,12k_alanine_20366",0.0
A0A416W0A8,"3a,7a,12k_lysine_23168",0.0
A0A416W0A8,3a12k_serine_27652,0.0
A0A416W0A8,3a12k_taurine_22309,29073.000649182748
A0A416W0A8,3a7a12k_taurine_14542,18829.472976174322
A0A416W0A8,3a7k_citrulline_24966,0.0
A0A416W0A8,3a7k_glutamine_24909,0.0
A0A416W0A8,3a7k_serine_26456,0.0
A0A416W0A8,3a7k_threonine_27078,0.0
A0A416W0A8,3k12a_lysine_23849,0.0
A0A416W0A8,3k7a_glutamine_29953,0.0
A0A416W0A8,3k7a_proline_M+NH4_21780,0.0
A0A416W0A8,"Di_2,3_diaminopropionic acid_14073",0.0
A0A416W0A8,Di_2_aminophenol_36589,0.0
A0A416W0A8,Di_2_aminophenol_40269,0.0
A0A416W0A8,Di_3_methoxytyramine_37128,0.0
A0A416W0A8,Di_3_methoxytyramine_37165,0.0
A0A416W0A8,Di_3_methoxytyramine_39396,0.0
A0A416W0A8,Di_GABA_33328,0.0
A0A416W0A8,Di_GABA_36169,0.0
A0A416W0A8,Di_alanine_27176,0.0
A0A416W0A8,Di_alanine_35826,0.0
A0A416W0A8,Di_alanine_37411,0.0
A0A416W0A8,Di_citrulline_22104,0.0
A0A416W0A8,Di_citrulline_31270,0.0
A0A416W0A8,Di_dopamine_34015,0.0
A0A416W0A8,Di_dopamine_38088,0.0
A0A416W0A8,Di_glutamine_30065,0.0
A0A416W0A8,Di_glutamine_30067,0.0
A0A416W0A8,Di_glutamine_31254,0.0
A0A416W0A8,Di_glycine_27361,35587.64247087002
A0A416W0A8,Di_glycine_34166,34939.86073948175
A0A416W0A8,Di_glycine_34738,0.0
A0A416W0A8,Di_lysine_25070,0.0
A0A416W0A8,Di_methionine_34896,0.0
A0A416W0A8,Di_ornithine_15391,0.0
A0A416W0A8,Di_ornithine_17963,0.0
A0A416W0A8,Di_ornithine_22619,0.0
A0A416W0A8,Di_ornithine_25325,0.0
A0A416W0A8,Di_phenylalanine_22687,0.0
A0A416W0A8,Di_phenylalanine_39833,0.0
A0A416W0A8,Di_serine_32622,0.0
A0A416W0A8,Di_taurine_19595,0.0
A0A416W0A8,Di_taurine_29331,30811.230483002553
A0A416W0A8,Di_taurine_30261,0.0
A0A416W0A8,Di_threonine_23465,0.0
A0A416W0A8,Di_threonine_33288,0.0
A0A416W0A8,Di_unconjugated_34634,0.0
A0A416W0A8,Mono_2_aminophenol_41901,0.0
A0A416W0A8,Mono_2_aminophenol_45657,1275.2785623942264
A0A416W0A8,Mono_GABA_40494,0.0
A0A416W0A8,Mono_alanine_40140,0.0
A0A416W0A8,Mono_glutamine_37103,0.0
A0A416W0A8,Mono_glycine_38634,161996.99371982997
A0A416W0A8,Mono_lysine_32192,0.0
A0A416W0A8,Mono_methionine_41397,0.0
A0A416W0A8,Mono_ornithine_31596,0.0
A0A416W0A8,Mono_ornithine_33494,0.0
A0A416W0A8,Mono_phenylalanine_41412,0.0
A0A416W0A8,Mono_serotonin_42743,0.0
A0A416W0A8,Mono_taurine_35357,55619.404962905806
A0A416W0A8,Mono_tyramine_38979,0.0
A0A416W0A8,"Tri_2,3_diaminopropionic acid_14940",0.0
A0A416W0A8,"Tri_2,3_diaminopropionic acid_17863",0.0
A0A416W0A8,"Tri_2,3_diaminopropionic acid_17869",0.0
A0A416W0A8,"Tri_2,3_diaminopropionic acid_18373",0.0
A0A416W0A8,Tri_2_aminophenol_35037,0.0
A0A416W0A8,Tri_2_aminophenol_39976,0.0
A0A416W0A8,Tri_3_methoxytyramine_36008,0.0
A0A416W0A8,Tri_GABA_22882,0.0
A0A416W0A8,Tri_GABA_26794,0.0
A0A416W0A8,Tri_GABA_M+H2O_23885,0.0
A0A416W0A8,Tri_alanine_28457,0.0
A0A416W0A8,Tri_arginine_18281,0.0
A0A416W0A8,Tri_asparagine_20433,0.0
A0A416W0A8,Tri_cadaverine_19586,0.0
A0A416W0A8,Tri_citrulline_22220,0.0
A0A416W0A8,Tri_cystine_19329,0.0
A0A416W0A8,Tri_dopamine_32050,0.0
A0A416W0A8,Tri_dopamine_32195,0.0
A0A416W0A8,Tri_glutamine_22099,0.0
A0A416W0A8,Tri_glycine_25947,0.0
A0A416W0A8,Tri_glyglycine_20401,0.0
A0A416W0A8,Tri_histidine_17315,0.0
A0A416W0A8,Tri_methionine_33885,0.0
A0A416W0A8,Tri_ornithine_17210,0.0
A0A416W0A8,Tri_phenylalanine_22512,0.0
A0A416W0A8,Tri_phenylalanine_37508,0.0
A0A416W0A8,Tri_phenylalanine_40024,0.0
A0A416W0A8,Tri_proline_M+NH4_18411,0.0
A0A416W0A8,Tri_putrescine_18433,0.0
A0A416W0A8,Tri_serine_23158,0.0
A0A416W0A8,Tri_taurine_20369,0.0
A0A416W0A8,Tri_tryptamine_38723,0.0
A0A416W4H5,"3a,7a,12k_alanine_20366",0.0
A0A416W4H5,"3a,7a,12k_lysine_23168",0.0
A0A416W4H5,3a12k_serine_27652,1537.850200217118
A0A416W4H5,3a12k_taurine_22309,55648916.87421584
A0A416W4H5,3a7a12k_taurine_14542,58401488.406865776
A0A416W4H5,3a7k_citrulline_24966,0.0
A0A416W4H5,3a7k_glutamine_24909,0.0
A0A416W4H5,3a7k_serine_26456,1153.8134935167723
A0A416W4H5,3a7k_threonine_27078,0.0
A0A416W4H5,3k12a_lysine_23849,0.0
A0A416W4H5,3k7a_glutamine_29953,0.0
A0A416W4H5,3k7a_proline_M+NH4_21780,0.0
A0A416W4H5,"Di_2,3_diaminopropionic acid_14073",0.0
A0A416W4H5,Di_2_aminophenol_36589,0.0
A0A416W4H5,Di_2_aminophenol_40269,4253.858009358372
A0A416W4H5,Di_3_methoxytyramine_37128,0.0
A0A416W4H5,Di_3_methoxytyramine_37165,1832.3745495116239
A0A416W4H5,Di_3_methoxytyramine_39396,0.0
A0A416W4H5,Di_GABA_33328,5131.663109600238
A0A416W4H5,Di_GABA_36169,47187.90941413789
A0A416W4H5,Di_alanine_27176,0.0
A0A416W4H5,Di_alanine_35826,0.0
A0A416W4H5,Di_alanine_37411,252154.13137213248
A0A416W4H5,Di_citrulline_22104,0.0
A0A416W4H5,Di_citrulline_31270,0.0
A0A416W4H5,Di_dopamine_34015,0.0
A0A416W4H5,Di_dopamine_38088,0.0
A0A416W4H5,Di_glutamine_30065,0.0
A0A416W4H5,Di_glutamine_30067,0.0
A0A416W4H5,Di_glutamine_31254,0.0
A0A416W4H5,Di_glycine_27361,4550224.725538611
A0A416W4H5,Di_glycine_34166,12627999.052499853
A0A416W4H5,Di_glycine_34738,869159.5938626197
A0A416W4H5,Di_lysine_25070,0.0
A0A416W4H5,Di_methionine_34896,0.0
A0A416W4H5,Di_ornithine_15391,0.0
A0A416W4H5,Di_ornithine_17963,0.0
A0A416W4H5,Di_ornithine_22619,0.0
A0A416W4H5,Di_ornithine_25325,0.0
A0A416W4H5,Di_phenylalanine_22687,0.0
A0A416W4H5,Di_phenylalanine_39833,169745.05494601326
A0A416W4H5,Di_serine_32622,0.0
A0A416W4H5,Di_taurine_19595,3088.8276865400353
A0A416W4H5,Di_taurine_29331,14191749.869897682
A0A416W4H5,Di_taurine_30261,0.0
A0A416W4H5,Di_threonine_23465,0.0
A0A416W4H5,Di_threonine_33288,0.0
A0A416W4H5,Di_unconjugated_34634,0.0
A0A416W4H5,Mono_2_aminophenol_41901,0.0
A0A416W4H5,Mono_2_aminophenol_45657,920.5419345436089
A0A416W4H5,Mono_GABA_40494,34503.867294171956
A0A416W4H5,Mono_alanine_40140,15142.880496919817
A0A416W4H5,Mono_glutamine_37103,5273.995799238627
A0A416W4H5,Mono_glycine_38634,10922963.34239132
A0A416W4H5,Mono_lysine_32192,0.0
A0A416W4H5,Mono_methionine_41397,0.0
A0A416W4H5,Mono_ornithine_31596,0.0
A0A416W4H5,Mono_ornithine_33494,0.0
A0A416W4H5,Mono_phenylalanine_41412,0.0
A0A416W4H5,Mono_serotonin_42743,0.0
A0A416W4H5,Mono_taurine_35357,35446683.07296453
A0A416W4H5,Mono_tyramine_38979,0.0
A0A416W4H5,"Tri_2,3_diaminopropionic acid_14940",0.0
A0A416W4H5,"Tri_2,3_diaminopropionic acid_17863",0.0
A0A416W4H5,"Tri_2,3_diaminopropionic acid_17869",0.0
A0A416W4H5,"Tri_2,3_diaminopropionic acid_18373",0.0
A0A416W4H5,Tri_2_aminophenol_35037,0.0
A0A416W4H5,Tri_2_aminophenol_39976,2162.863881213274
A0A416W4H5,Tri_3_methoxytyramine_36008,0.0
A0A416W4H5,Tri_GABA_22882,164680.4986715457
A0A416W4H5,Tri_GABA_26794,999373.684824248
A0A416W4H5,Tri_GABA_M+H2O_23885,0.0
A0A416W4H5,Tri_alanine_28457,0.0
A0A416W4H5,Tri_arginine_18281,0.0
A0A416W4H5,Tri_asparagine_20433,138347.54989921197
A0A416W4H5,Tri_cadaverine_19586,0.0
A0A416W4H5,Tri_citrulline_22220,0.0
A0A416W4H5,Tri_cystine_19329,0.0
A0A416W4H5,Tri_dopamine_32050,34629.94843962586
A0A416W4H5,Tri_dopamine_32195,0.0
A0A416W4H5,Tri_glutamine_22099,0.0
A0A416W4H5,Tri_glycine_25947,374738.71882934374
A0A416W4H5,Tri_glyglycine_20401,0.0
A0A416W4H5,Tri_histidine_17315,0.0
A0A416W4H5,Tri_methionine_33885,0.0
A0A416W4H5,Tri_ornithine_17210,0.0
A0A416W4H5,Tri_phenylalanine_22512,0.0
A0A416W4H5,Tri_phenylalanine_37508,0.0
A0A416W4H5,Tri_phenylalanine_40024,37548.202439420784
A0A416W4H5,Tri_proline_M+NH4_18411,0.0
A0A416W4H5,Tri_putrescine_18433,0.0
A0A416W4H5,Tri_serine_23158,0.0
A0A416W4H5,Tri_taurine_20369,0.0
A0A416W4H5,Tri_tryptamine_38723,0.0
A0A5C2BYC4,"3a,7a,12k_alanine_20366",0.0
A0A5C2BYC4,"3a,7a,12k_lysine_23168",0.0
A0A5C2BYC4,3a12k_serine_27652,0.0
A0A5C2BYC4,3a12k_taurine_22309,40082157.706283964
A0A5C2BYC4,3a7a12k_taurine_14542,43417152.820849
A0A5C2BYC4,3a7k_citrulline_24966,0.0
A0A5C2BYC4,3a7k_glutamine_24909,0.0
A0A5C2BYC4,3a7k_serine_26456,0.0
A0A5C2BYC4,3a7k_threonine_27078,0.0
A0A5C2BYC4,3k12a_lysine_23849,0.0
A0A5C2BYC4,3k7a_glutamine_29953,0.0
A0A5C2BYC4,3k7a_proline_M+NH4_21780,0.0
A0A5C2BYC4,"Di_2,3_diaminopropionic acid_14073",0.0
A0A5C2BYC4,Di_2_aminophenol_36589,0.0
A0A5C2BYC4,Di_2_aminophenol_40269,0.0
A0A5C2BYC4,Di_3_methoxytyramine_37128,0.0
A0A5C2BYC4,Di_3_methoxytyramine_37165,0.0
A0A5C2BYC4,Di_3_methoxytyramine_39396,0.0
A0A5C2BYC4,Di_GABA_33328,4083.9771490715375
A0A5C2BYC4,Di_GABA_36169,32270.968785993286
A0A5C2BYC4,Di_alanine_27176,0.0
A0A5C2BYC4,Di_alanine_35826,0.0
A0A5C2BYC4,Di_alanine_37411,243923.99646779482
A0A5C2BYC4,Di_citrulline_22104,0.0
A0A5C2BYC4,Di_citrulline_31270,0.0
A0A5C2BYC4,Di_dopamine_34015,0.0
A0A5C2BYC4,Di_dopamine_38088,0.0
A0A5C2BYC4,Di_glutamine_30065,0.0
A0A5C2BYC4,Di_glutamine_30067,0.0
A0A5C2BYC4,Di_glutamine_31254,0.0
A0A5C2BYC4,Di_glycine_27361,3911116.982383507
A0A5C2BYC4,Di_glycine_34166,9370745.568603761
A0A5C2BYC4,Di_glycine_34738,373533.23530355276
A0A5C2BYC4,Di_lysine_25070,0.0
A0A5C2BYC4,Di_methionine_34896,0.0
A0A5C2BYC4,Di_ornithine_15391,0.0
A0A5C2BYC4,Di_ornithine_17963,0.0
A0A5C2BYC4,Di_ornithine_22619,0.0
A0A5C2BYC4,Di_ornithine_25325,0.0
A0A5C2BYC4,Di_phenylalanine_22687,0.0
A0A5C2BYC4,Di_phenylalanine_39833,145618.120598111
A0A5C2BYC4,Di_serine_32622,0.0
A0A5C2BYC4,Di_taurine_19595,0.0
A0A5C2BYC4,Di_taurine_29331,10656795.501088625
A0A5C2BYC4,Di_taurine_30261,0.0
A0A5C2BYC4,Di_threonine_23465,0.0
A0A5C2BYC4,Di_threonine_33288,0.0
A0A5C2BYC4,Di_unconjugated_34634,0.0
A0A5C2BYC4,Mono_2_aminophenol_41901,0.0
A0A5C2BYC4,Mono_2_aminophenol_45657,1341.486250044555
A0A5C2BYC4,Mono_GABA_40494,38273.79383987667
A0A5C2BYC4,Mono_alanine_40140,17123.990905381495
A0A5C2BYC4,Mono_glutamine_37103,3133.6775020059254
A0A5C2BYC4,Mono_glycine_38634,6276884.702887607
A0A5C2BYC4,Mono_lysine_32192,0.0
A0A5C2BYC4,Mono_methionine_41397,0.0
A0A5C2BYC4,Mono_ornithine_31596,0.0
A0A5C2BYC4,Mono_ornithine_33494,0.0
A0A5C2BYC4,Mono_phenylalanine_41412,0.0
A0A5C2BYC4,Mono_serotonin_42743,0.0
A0A5C2BYC4,Mono_taurine_35357,15505346.673880974
A0A5C2BYC4,Mono_tyramine_38979,0.0
A0A5C2BYC4,"Tri_2,3_diaminopropionic acid_14940",0.0
A0A5C2BYC4,"Tri_2,3_diaminopropionic acid_17863",0.0
A0A5C2BYC4,"Tri_2,3_diaminopropionic acid_17869",0.0
A0A5C2BYC4,"Tri_2,3_diaminopropionic acid_18373",0.0
A0A5C2BYC4,Tri_2_aminophenol_35037,0.0
A0A5C2BYC4,Tri_2_aminophenol_39976,0.0
A0A5C2BYC4,Tri_3_methoxytyramine_36008,0.0
A0A5C2BYC4,Tri_GABA_22882,129005.08443623323
A0A5C2BYC4,Tri_GABA_26794,636094.053293893
A0A5C2BYC4,Tri_GABA_M+H2O_23885,0.0
A0A5C2BYC4,Tri_alanine_28457,0.0
A0A5C2BYC4,Tri_arginine_18281,0.0
A0A5C2BYC4,Tri_asparagine_20433,72551.09291213911
A0A5C2BYC4,Tri_cadaverine_19586,0.0
A0A5C2BYC4,Tri_citrulline_22220,0.0
A0A5C2BYC4,Tri_cystine_19329,0.0
A0A5C2BYC4,Tri_dopamine_32050,20722.766922669074
A0A5C2BYC4,Tri_dopamine_32195,0.0
A0A5C2BYC4,Tri_glutamine_22099,0.0
A0A5C2BYC4,Tri_glycine_25947,197432.05398215243
A0A5C2BYC4,Tri_glyglycine_20401,0.0
A0A5C2BYC4,Tri_histidine_17315,0.0
A0A5C2BYC4,Tri_methionine_33885,0.0
A0A5C2BYC4,Tri_ornithine_17210,0.0
A0A5C2BYC4,Tri_phenylalanine_22512,0.0
A0A5C2BYC4,Tri_phenylalanine_37508,0.0
A0A5C2BYC4,Tri_phenylalanine_40024,43864.18431269995
A0A5C2BYC4,Tri_proline_M+NH4_18411,0.0
A0A5C2BYC4,Tri_putrescine_18433,0.0
A0A5C2BYC4,Tri_serine_23158,0.0
A0A5C2BYC4,Tri_taurine_20369,0.0
A0A5C2BYC4,Tri_tryptamine_38723,0.0
A0A5C2C0X5,"3a,7a,12k_alanine_20366",0.0
A0A5C2C0X5,"3a,7a,12k_lysine_23168",0.0
A0A5C2C0X5,3a12k_serine_27652,0.0
A0A5C2C0X5,3a12k_taurine_22309,24944088.394463968
A0A5C2C0X5,3a7a12k_taurine_14542,23957260.03324006
A0A5C2C0X5,3a7k_citrulline_24966,0.0
A0A5C2C0X5,3a7k_glutamine_24909,0.0
A0A5C2C0X5,3a7k_serine_26456,0.0
A0A5C2C0X5,3a7k_threonine_27078,0.0
A0A5C2C0X5,3k12a_lysine_23849,0.0
A0A5C2C0X5,3k7a_glutamine_29953,0.0
A0A5C2C0X5,3k7a_proline_M+NH4_21780,0.0
A0A5C2C0X5,"Di_2,3_diaminopropionic acid_14073",0.0
A0A5C2C0X5,Di_2_aminophenol_36589,0.0
A0A5C2C0X5,Di_2_aminophenol_40269,0.0
A0A5C2C0X5,Di_3_methoxytyramine_37128,0.0
A0A5C2C0X5,Di_3_methoxytyramine_37165,0.0
A0A5C2C0X5,Di_3_methoxytyramine_39396,0.0
A0A5C2C0X5,Di_GABA_33328,2076.31913622249
A0A5C2C0X5,Di_GABA_36169,14814.714859832979
A0A5C2C0X5,Di_alanine_27176,0.0
A0A5C2C0X5,Di_alanine_35826,0.0
A0A5C2C0X5,Di_alanine_37411,107717.33158918041
A0A5C2C0X5,Di_citrulline_22104,0.0
A0A5C2C0X5,Di_citrulline_31270,0.0
A0A5C2C0X5,Di_dopamine_34015,0.0
A0A5C2C0X5,Di_dopamine_38088,0.0
A0A5C2C0X5,Di_glutamine_30065,0.0
A0A5C2C0X5,Di_glutamine_30067,0.0
A0A5C2C0X5,Di_glutamine_31254,0.0
A0A5C2C0X5,Di_glycine_27361,2180984.517849013
A0A5C2C0X5,Di_glycine_34166,5198302.68555785
A0A5C2C0X5,Di_glycine_34738,392251.10066219483
A0A5C2C0X5,Di_lysine_25070,0.0
A0A5C2C0X5,Di_methionine_34896,0.0
A0A5C2C0X5,Di_ornithine_15391,0.0
A0A5C2C0X5,Di_ornithine_17963,0.0
A0A5C2C0X5,Di_ornithine_22619,0.0
A0A5C2C0X5,Di_ornithine_25325,0.0
A0A5C2C0X5,Di_phenylalanine_22687,0.0
A0A5C2C0X5,Di_phenylalanine_39833,77562.44191166511
A0A5C2C0X5,Di_serine_32622,0.0
A0A5C2C0X5,Di_taurine_19595,1376.2490464645064
A0A5C2C0X5,Di_taurine_29331,6769417.294278792
A0A5C2C0X5,Di_taurine_30261,0.0
A0A5C2C0X5,Di_threonine_23465,0.0
A0A5C2C0X5,Di_threonine_33288,0.0
A0A5C2C0X5,Di_unconjugated_34634,0.0
A0A5C2C0X5,Mono_2_aminophenol_41901,0.0
A0A5C2C0X5,Mono_2_aminophenol_45657,383.3788341207718
A0A5C2C0X5,Mono_GABA_40494,16739.189166724227
A0A5C2C0X5,Mono_alanine_40140,8805.783237838046
A0A5C2C0X5,Mono_glutamine_37103,2171.581283005106
A0A5C2C0X5,Mono_glycine_38634,4098801.464308586
A0A5C2C0X5,Mono_lysine_32192,0.0
A0A5C2C0X5,Mono_methionine_41397,0.0
A0A5C2C0X5,Mono_ornithine_31596,0.0
A0A5C2C0X5,Mono_ornithine_33494,0.0
A0A5C2C0X5,Mono_phenylalanine_41412,0.0
A0A5C2C0X5,Mono_serotonin_42743,0.0
A0A5C2C0X5,Mono_taurine_35357,16801869.101111867
A0A5C2C0X5,Mono_tyramine_38979,0.0
A0A5C2C0X5,"Tri_2,3_diaminopropionic acid_14940",0.0
A0A5C2C0X5,"Tri_2,3_diaminopropionic acid_17863",0.0
A0A5C2C0X5,"Tri_2,3_diaminopropionic acid_17869",0.0
A0A5C2C0X5,"Tri_2,3_diaminopropionic acid_18373",0.0
A0A5C2C0X5,Tri_2_aminophenol_35037,0.0
A0A5C2C0X5,Tri_2_aminophenol_39976,0.0
A0A5C2C0X5,Tri_3_methoxytyramine_36008,0.0
A0A5C2C0X5,Tri_GABA_22882,76035.725
A0A5C2C0X5,Tri_GABA_26794,398574.4460089396
A0A5C2C0X5,Tri_GABA_M+H2O_23885,0.0
A0A5C2C0X5,Tri_alanine_28457,0.0
A0A5C2C0X5,Tri_arginine_18281,0.0
A0A5C2C0X5,Tri_asparagine_20433,49314.65243620307
A0A5C2C0X5,Tri_cadaverine_19586,0.0
A0A5C2C0X5,Tri_citrulline_22220,0.0
A0A5C2C0X5,Tri_cystine_19329,0.0
A0A5C2C0X5,Tri_dopamine_32050,10686.459493343258
A0A5C2C0X5,Tri_dopamine_32195,0.0
A0A5C2C0X5,Tri_glutamine_22099,0.0
A0A5C2C0X5,Tri_glycine_25947,105135.04305385314
A0A5C2C0X5,Tri_glyglycine_20401,0.0
A0A5C2C0X5,Tri_histidine_17315,0.0
A0A5C2C0X5,Tri_methionine_33885,0.0
A0A5C2C0X5,Tri_ornithine_17210,0.0
A0A5C2C0X5,Tri_phenylalanine_22512,0.0
A0A5C2C0X5,Tri_phenylalanine_37508,0.0
A0A5C2C0X5,Tri_phenylalanine_40024,16825.627955794167
A0A5C2C0X5,Tri_proline_M+NH4_18411,0.0
A0A5C2C0X5,Tri_putrescine_18433,0.0
A0A5C2C0X5,Tri_serine_23158,0.0
A0A5C2C0X5,Tri_taurine_20369,0.0
A0A5C2C0X5,Tri_tryptamine_38723,0.0
A0A5C2C1U8,"3a,7a,12k_alanine_20366",0.0
A0A5C2C1U8,"3a,7a,12k_lysine_23168",0.0
A0A5C2C1U8,3a12k_serine_27652,0.0
A0A5C2C1U8,3a12k_taurine_22309,72562205.57780384
A0A5C2C1U8,3a7a12k_taurine_14542,73471559.41739428
A0A5C2C1U8,3a7k_citrulline_24966,0.0
A0A5C2C1U8,3a7k_glutamine_24909,0.0
A0A5C2C1U8,3a7k_serine_26456,0.0
A0A5C2C1U8,3a7k_threonine_27078,0.0
A0A5C2C1U8,3k12a_lysine_23849,0.0
A0A5C2C1U8,3k7a_glutamine_29953,0.0
A0A5C2C1U8,3k7a_proline_M+NH4_21780,0.0
A0A5C2C1U8,"Di_2,3_diaminopropionic acid_14073",0.0
A0A5C2C1U8,Di_2_aminophenol_36589,459.9432718328288
A0A5C2C1U8,Di_2_aminophenol_40269,0.0
A0A5C2C1U8,Di_3_methoxytyramine_37128,0.0
A0A5C2C1U8,Di_3_methoxytyramine_37165,0.0
A0A5C2C1U8,Di_3_methoxytyramine_39396,0.0
A0A5C2C1U8,Di_GABA_33328,7505.555681736948
A0A5C2C1U8,Di_GABA_36169,53165.288064002125
A0A5C2C1U8,Di_alanine_27176,0.0
A0A5C2C1U8,Di_alanine_35826,0.0
A0A5C2C1U8,Di_alanine_37411,380680.1155022709
A0A5C2C1U8,Di_citrulline_22104,0.0
A0A5C2C1U8,Di_citrulline_31270,0.0
A0A5C2C1U8,Di_dopamine_34015,0.0
A0A5C2C1U8,Di_dopamine_38088,0.0
A0A5C2C1U8,Di_glutamine_30065,0.0
A0A5C2C1U8,Di_glutamine_30067,0.0
A0A5C2C1U8,Di_glutamine_31254,0.0
A0A5C2C1U8,Di_glycine_27361,6394079.800034881
A0A5C2C1U8,Di_glycine_34166,15292211.087058427
A0A5C2C1U8,Di_glycine_34738,1193465.207649097
A0A5C2C1U8,Di_lysine_25070,0.0
A0A5C2C1U8,Di_methionine_34896,0.0
A0A5C2C1U8,Di_ornithine_15391,0.0
A0A5C2C1U8,Di_ornithine_17963,0.0
A0A5C2C1U8,Di_ornithine_22619,0.0
A0A5C2C1U8,Di_ornithine_25325,0.0
A0A5C2C1U8,Di_phenylalanine_22687,0.0
A0A5C2C1U8,Di_phenylalanine_39833,268590.4655815598
A0A5C2C1U8,Di_serine_32622,0.0
A0A5C2C1U8,Di_taurine_19595,0.0
A0A5C2C1U8,Di_taurine_29331,9503691.374983443
A0A5C2C1U8,Di_taurine_30261,0.0
A0A5C2C1U8,Di_threonine_23465,0.0
A0A5C2C1U8,Di_threonine_33288,0.0
A0A5C2C1U8,Di_unconjugated_34634,0.0
A0A5C2C1U8,Mono_2_aminophenol_41901,0.0
A0A5C2C1U8,Mono_2_aminophenol_45657,1577.6854859320001
A0A5C2C1U8,Mono_GABA_40494,39731.19606085996
A0A5C2C1U8,Mono_alanine_40140,22801.905195080773
A0A5C2C1U8,Mono_glutamine_37103,3259.3657614155613
A0A5C2C1U8,Mono_glycine_38634,10994025.531870374
A0A5C2C1U8,Mono_lysine_32192,0.0
A0A5C2C1U8,Mono_methionine_41397,0.0
A0A5C2C1U8,Mono_ornithine_31596,0.0
A0A5C2C1U8,Mono_ornithine_33494,0.0
A0A5C2C1U8,Mono_phenylalanine_41412,0.0
A0A5C2C1U8,Mono_serotonin_42743,0.0
A0A5C2C1U8,Mono_taurine_35357,49117043.04150641
A0A5C2C1U8,Mono_tyramine_38979,0.0
A0A5C2C1U8,"Tri_2,3_diaminopropionic acid_14940",0.0
A0A5C2C1U8,"Tri_2,3_diaminopropionic acid_17863",0.0
A0A5C2C1U8,"Tri_2,3_diaminopropionic acid_17869",0.0
A0A5C2C1U8,"Tri_2,3_diaminopropionic acid_18373",0.0
A0A5C2C1U8,Tri_2_aminophenol_35037,0.0
A0A5C2C1U8,Tri_2_aminophenol_39976,0.0
A0A5C2C1U8,Tri_3_methoxytyramine_36008,0.0
A0A5C2C1U8,Tri_GABA_22882,162155.96682027774
A0A5C2C1U8,Tri_GABA_26794,1046187.6532850658
A0A5C2C1U8,Tri_GABA_M+H2O_23885,0.0
A0A5C2C1U8,Tri_alanine_28457,0.0
A0A5C2C1U8,Tri_arginine_18281,0.0
A0A5C2C1U8,Tri_asparagine_20433,124599.89347278651
A0A5C2C1U8,Tri_cadaverine_19586,0.0
A0A5C2C1U8,Tri_citrulline_22220,0.0
A0A5C2C1U8,Tri_cystine_19329,0.0
A0A5C2C1U8,Tri_dopamine_32050,40007.72354056209
A0A5C2C1U8,Tri_dopamine_32195,0.0
A0A5C2C1U8,Tri_glutamine_22099,0.0
A0A5C2C1U8,Tri_glycine_25947,392727.6789478478
A0A5C2C1U8,Tri_glyglycine_20401,0.0
A0A5C2C1U8,Tri_histidine_17315,0.0
A0A5C2C1U8,Tri_methionine_33885,0.0
A0A5C2C1U8,Tri_ornithine_17210,0.0
A0A5C2C1U8,Tri_phenylalanine_22512,0.0
A0A5C2C1U8,Tri_phenylalanine_37508,0.0
A0A5C2C1U8,Tri_phenylalanine_40024,49245.07906953201
A0A5C2C1U8,Tri_proline_M+NH4_18411,0.0
A0A5C2C1U8,Tri_putrescine_18433,0.0
A0A5C2C1U8,Tri_serine_23158,0.0
A0A5C2C1U8,Tri_taurine_20369,0.0
A0A5C2C1U8,Tri_tryptamine_38723,0.0
A0A6B3M9R4,"3a,7a,12k_alanine_20366",0.0
A0A6B3M9R4,"3a,7a,12k_lysine_23168",0.0
A0A6B3M9R4,3a12k_serine_27652,0.0
A0A6B3M9R4,3a12k_taurine_22309,31449795.285776008
A0A6B3M9R4,3a7a12k_taurine_14542,31934383.034569334
A0A6B3M9R4,3a7k_citrulline_24966,0.0
A0A6B3M9R4,3a7k_glutamine_24909,0.0
A0A6B3M9R4,3a7k_serine_26456,0.0
A0A6B3M9R4,3a7k_threonine_27078,0.0
A0A6B3M9R4,3k12a_lysine_23849,0.0
A0A6B3M9R4,3k7a_glutamine_29953,0.0
A0A6B3M9R4,3k7a_proline_M+NH4_21780,0.0
A0A6B3M9R4,"Di_2,3_diaminopropionic acid_14073",0.0
A0A6B3M9R4,Di_2_aminophenol_36589,0.0
A0A6B3M9R4,Di_2_aminophenol_40269,5185.098102551386
A0A6B3M9R4,Di_3_methoxytyramine_37128,0.0
A0A6B3M9R4,Di_3_methoxytyramine_37165,0.0
A0A6B3M9R4,Di_3_methoxytyramine_39396,0.0
A0A6B3M9R4,Di_GABA_33328,2763.681172454237
A0A6B3M9R4,Di_GABA_36169,19016.775626885606
A0A6B3M9R4,Di_alanine_27176,0.0
A0A6B3M9R4,Di_alanine_35826,0.0
A0A6B3M9R4,Di_alanine_37411,156278.40017800243
A0A6B3M9R4,Di_citrulline_22104,0.0
A0A6B3M9R4,Di_citrulline_31270,0.0
A0A6B3M9R4,Di_dopamine_34015,0.0
A0A6B3M9R4,Di_dopamine_38088,0.0
A0A6B3M9R4,Di_glutamine_30065,0.0
A0A6B3M9R4,Di_glutamine_30067,0.0
A0A6B3M9R4,Di_glutamine_31254,0.0
A0A6B3M9R4,Di_glycine_27361,2396862.5488792304
A0A6B3M9R4,Di_glycine_34166,6644085.968559129
A0A6B3M9R4,Di_glycine_34738,443966.2202681405
A0A6B3M9R4,Di_lysine_25070,0.0
A0A6B3M9R4,Di_methionine_34896,0.0
A0A6B3M9R4,Di_ornithine_15391,0.0
A0A6B3M9R4,Di_ornithine_17963,0.0
A0A6B3M9R4,Di_ornithine_22619,0.0
A0A6B3M9R4,Di_ornithine_25325,0.0
A0A6B3M9R4,Di_phenylalanine_22687,0.0
A0A6B3M9R4,Di_phenylalanine_39833,95880.91943348183
A0A6B3M9R4,Di_serine_32622,0.0
A0A6B3M9R4,Di_taurine_19595,1875.7110193293536
A0A6B3M9R4,Di_taurine_29331,8345145.553294541
A0A6B3M9R4,Di_taurine_30261,0.0
A0A6B3M9R4,Di_threonine_23465,0.0
A0A6B3M9R4,Di_threonine_33288,0.0
A0A6B3M9R4,Di_unconjugated_34634,0.0
A0A6B3M9R4,Mono_2_aminophenol_41901,0.0
A0A6B3M9R4,Mono_2_aminophenol_45657,596.8689000886939
A0A6B3M9R4,Mono_GABA_40494,21124.02197474707
A0A6B3M9R4,Mono_alanine_40140,9032.671396521355
A0A6B3M9R4,Mono_glutamine_37103,3081.2519090018386
A0A6B3M9R4,Mono_glycine_38634,5970880.767801022
A0A6B3M9R4,Mono_lysine_32192,0.0
A0A6B3M9R4,Mono_methionine_41397,0.0
A0A6B3M9R4,Mono_ornithine_31596,0.0
A0A6B3M9R4,Mono_ornithine_33494,0.0
A0A6B3M9R4,Mono_phenylalanine_41412,0.0
A0A6B3M9R4,Mono_serotonin_42743,0.0
A0A6B3M9R4,Mono_taurine_35357,20293827.190448914
A0A6B3M9R4,Mono_tyramine_38979,0.0
A0A6B3M9R4,"Tri_2,3_diaminopropionic acid_14940",0.0
A0A6B3M9R4,"Tri_2,3_diaminopropionic acid_17863",0.0
A0A6B3M9R4,"Tri_2,3_diaminopropionic acid_17869",0.0
A0A6B3M9R4,"Tri_2,3_diaminopropionic acid_18373",0.0
A0A6B3M9R4,Tri_2_aminophenol_35037,0.0
A0A6B3M9R4,Tri_2_aminophenol_39976,806.4714744445333
A0A6B3M9R4,Tri_3_methoxytyramine_36008,0.0
A0A6B3M9R4,Tri_GABA_22882,90492.02820654698
A0A6B3M9R4,Tri_GABA_26794,573954.5727974771
A0A6B3M9R4,Tri_GABA_M+H2O_23885,0.0
A0A6B3M9R4,Tri_alanine_28457,0.0
A0A6B3M9R4,Tri_arginine_18281,0.0
A0A6B3M9R4,Tri_asparagine_20433,67442.93387076484
A0A6B3M9R4,Tri_cadaverine_19586,0.0
A0A6B3M9R4,Tri_citrulline_22220,0.0
A0A6B3M9R4,Tri_cystine_19329,0.0
A0A6B3M9R4,Tri_dopamine_32050,14349.64630155354
A0A6B3M9R4,Tri_dopamine_32195,0.0
A0A6B3M9R4,Tri_glutamine_22099,0.0
A0A6B3M9R4,Tri_glycine_25947,148508.5294233277
A0A6B3M9R4,Tri_glyglycine_20401,0.0
A0A6B3M9R4,Tri_histidine_17315,0.0
A0A6B3M9R4,Tri_methionine_33885,0.0
A0A6B3M9R4,Tri_ornithine_17210,0.0
A0A6B3M9R4,Tri_phenylalanine_22512,0.0
A0A6B3M9R4,Tri_phenylalanine_37508,0.0
A0A6B3M9R4,Tri_phenylalanine_40024,32424.559218551058
A0A6B3M9R4,Tri_proline_M+NH4_18411,0.0
A0A6B3M9R4,Tri_putrescine_18433,0.0
A0A6B3M9R4,Tri_serine_23158,0.0
A0A6B3M9R4,Tri_taurine_20369,0.0
A0A6B3M9R4,Tri_tryptamine_38723,0.0
A0A6B3MYR8,"3a,7a,12k_alanine_20366",0.0
A0A6B3MYR8,"3a,7a,12k_lysine_23168",0.0
A0A6B3MYR8,3a12k_serine_27652,0.0
A0A6B3MYR8,3a12k_taurine_22309,22480.847798205832
A0A6B3MYR8,3a7a12k_taurine_14542,27251.98850355265
A0A6B3MYR8,3a7k_citrulline_24966,0.0
A0A6B3MYR8,3a7k_glutamine_24909,0.0
A0A6B3MYR8,3a7k_serine_26456,0.0
A0A6B3MYR8,3a7k_threonine_27078,0.0
A0A6B3MYR8,3k12a_lysine_23849,0.0
A0A6B3MYR8,3k7a_glutamine_29953,0.0
A0A6B3MYR8,3k7a_proline_M+NH4_21780,0.0
A0A6B3MYR8,"Di_2,3_diaminopropionic acid_14073",0.0
A0A6B3MYR8,Di_2_aminophenol_36589,0.0
A0A6B3MYR8,Di_2_aminophenol_40269,0.0
A0A6B3MYR8,Di_3_methoxytyramine_37128,0.0
A0A6B3MYR8,Di_3_methoxytyramine_37165,0.0
A0A6B3MYR8,Di_3_methoxytyramine_39396,0.0
A0A6B3MYR8,Di_GABA_33328,0.0
A0A6B3MYR8,Di_GABA_36169,0.0
A0A6B3MYR8,Di_alanine_27176,0.0
A0A6B3MYR8,Di_alanine_35826,0.0
A0A6B3MYR8,Di_alanine_37411,0.0
A0A6B3MYR8,Di_citrulline_22104,0.0
A0A6B3MYR8,Di_citrulline_31270,0.0
A0A6B3MYR8,Di_dopamine_34015,0.0
A0A6B3MYR8,Di_dopamine_38088,0.0
A0A6B3MYR8,Di_glutamine_30065,0.0
A0A6B3MYR8,Di_glutamine_30067,0.0
A0A6B3MYR8,Di_glutamine_31254,0.0
A0A6B3MYR8,Di_glycine_27361,89351.76638164854
A0A6B3MYR8,Di_glycine_34166,163509.61868167573
A0A6B3MYR8,Di_glycine_34738,0.0
A0A6B3MYR8,Di_lysine_25070,0.0
A0A6B3MYR8,Di_methionine_34896,0.0
A0A6B3MYR8,Di_ornithine_15391,0.0
A0A6B3MYR8,Di_ornithine_17963,0.0
A0A6B3MYR8,Di_ornithine_22619,0.0
A0A6B3MYR8,Di_ornithine_25325,0.0
A0A6B3MYR8,Di_phenylalanine_22687,0.0
A0A6B3MYR8,Di_phenylalanine_39833,0.0
A0A6B3MYR8,Di_serine_32622,0.0
A0A6B3MYR8,Di_taurine_19595,0.0
A0A6B3MYR8,Di_taurine_29331,28531.633647396564
A0A6B3MYR8,Di_taurine_30261,0.0
A0A6B3MYR8,Di_threonine_23465,0.0
A0A6B3MYR8,Di_threonine_33288,0.0
A0A6B3MYR8,Di_unconjugated_34634,0.0
A0A6B3MYR8,Mono_2_aminophenol_41901,0.0
A0A6B3MYR8,Mono_2_aminophenol_45657,0.0
A0A6B3MYR8,Mono_GABA_40494,0.0
A0A6B3MYR8,Mono_alanine_40140,0.0
A0A6B3MYR8,Mono_glutamine_37103,0.0
A0A6B3MYR8,Mono_glycine_38634,352611.61635078
A0A6B3MYR8,Mono_lysine_32192,0.0
A0A6B3MYR8,Mono_methionine_41397,0.0
A0A6B3MYR8,Mono_ornithine_31596,0.0
A0A6B3MYR8,Mono_ornithine_33494,0.0
A0A6B3MYR8,Mono_phenylalanine_41412,0.0
A0A6B3MYR8,Mono_serotonin_42743,0.0
A0A6B3MYR8,Mono_taurine_35357,67376.73565367032
A0A6B3MYR8,Mono_tyramine_38979,0.0
A0A6B3MYR8,"Tri_2,3_diaminopropionic acid_14940",0.0
A0A6B3MYR8,"Tri_2,3_diaminopropionic acid_17863",0.0
A0A6B3MYR8,"Tri_2,3_diaminopropionic acid_17869",0.0
A0A6B3MYR8,"Tri_2,3_diaminopropionic acid_18373",0.0
A0A6B3MYR8,Tri_2_aminophenol_35037,0.0
A0A6B3MYR8,Tri_2_aminophenol_39976,0.0
A0A6B3MYR8,Tri_3_methoxytyramine_36008,0.0
A0A6B3MYR8,Tri_GABA_22882,0.0
A0A6B3MYR8,Tri_GABA_26794,0.0
A0A6B3MYR8,Tri_GABA_M+H2O_23885,0.0
A0A6B3MYR8,Tri_alanine_28457,0.0
A0A6B3MYR8,Tri_arginine_18281,0.0
A0A6B3MYR8,Tri_asparagine_20433,0.0
A0A6B3MYR8,Tri_cadaverine_19586,0.0
A0A6B3MYR8,Tri_citrulline_22220,0.0
A0A6B3MYR8,Tri_cystine_19329,0.0
A0A6B3MYR8,Tri_dopamine_32050,0.0
A0A6B3MYR8,Tri_dopamine_32195,0.0
A0A6B3MYR8,Tri_glutamine_22099,0.0
A0A6B3MYR8,Tri_glycine_25947,0.0
A0A6B3MYR8,Tri_glyglycine_20401,0.0
A0A6B3MYR8,Tri_histidine_17315,0.0
A0A6B3MYR8,Tri_methionine_33885,0.0
A0A6B3MYR8,Tri_ornithine_17210,0.0
A0A6B3MYR8,Tri_phenylalanine_22512,0.0
A0A6B3MYR8,Tri_phenylalanine_37508,0.0
A0A6B3MYR8,Tri_phenylalanine_40024,0.0
A0A6B3MYR8,Tri_proline_M+NH4_18411,0.0
A0A6B3MYR8,Tri_putrescine_18433,0.0
A0A6B3MYR8,Tri_serine_23158,0.0
A0A6B3MYR8,Tri_taurine_20369,0.0
A0A6B3MYR8,Tri_tryptamine_38723,0.0
A0A6B3PBB6,"3a,7a,12k_alanine_20366",0.0
A0A6B3PBB6,"3a,7a,12k_lysine_23168",0.0
A0A6B3PBB6,3a12k_serine_27652,0.0
A0A6B3PBB6,3a12k_taurine_22309,13748.663363841551
A0A6B3PBB6,3a7a12k_taurine_14542,27851.3787327387
A0A6B3PBB6,3a7k_citrulline_24966,0.0
A0A6B3PBB6,3a7k_glutamine_24909,0.0
A0A6B3PBB6,3a7k_serine_26456,0.0
A0A6B3PBB6,3a7k_threonine_27078,0.0
A0A6B3PBB6,3k12a_lysine_23849,0.0
A0A6B3PBB6,3k7a_glutamine_29953,0.0
A0A6B3PBB6,3k7a_proline_M+NH4_21780,0.0
A0A6B3PBB6,"Di_2,3_diaminopropionic acid_14073",0.0
A0A6B3PBB6,Di_2_aminophenol_36589,0.0
A0A6B3PBB6,Di_2_aminophenol_40269,0.0
A0A6B3PBB6,Di_3_methoxytyramine_37128,0.0
A0A6B3PBB6,Di_3_methoxytyramine_37165,0.0
A0A6B3PBB6,Di_3_methoxytyramine_39396,0.0
A0A6B3PBB6,Di_GABA_33328,0.0
A0A6B3PBB6,Di_GABA_36169,0.0
A0A6B3PBB6,Di_alanine_27176,0.0
A0A6B3PBB6,Di_alanine_35826,0.0
A0A6B3PBB6,Di_alanine_37411,0.0
A0A6B3PBB6,Di_citrulline_22104,0.0
A0A6B3PBB6,Di_citrulline_31270,0.0
A0A6B3PBB6,Di_dopamine_34015,0.0
A0A6B3PBB6,Di_dopamine_38088,0.0
A0A6B3PBB6,Di_glutamine_30065,0.0
A0A6B3PBB6,Di_glutamine_30067,0.0
A0A6B3PBB6,Di_glutamine_31254,0.0
A0A6B3PBB6,Di_glycine_27361,32775.72785334136
A0A6B3PBB6,Di_glycine_34166,34605.92647611089
A0A6B3PBB6,Di_glycine_34738,0.0
A0A6B3PBB6,Di_lysine_25070,0.0
A0A6B3PBB6,Di_methionine_34896,0.0
A0A6B3PBB6,Di_ornithine_15391,0.0
A0A6B3PBB6,Di_ornithine_17963,0.0
A0A6B3PBB6,Di_ornithine_22619,0.0
A0A6B3PBB6,Di_ornithine_25325,0.0
A0A6B3PBB6,Di_phenylalanine_22687,0.0
A0A6B3PBB6,Di_phenylalanine_39833,0.0
A0A6B3PBB6,Di_serine_32622,0.0
A0A6B3PBB6,Di_taurine_19595,0.0
A0A6B3PBB6,Di_taurine_29331,19275.665595801485
A0A6B3PBB6,Di_taurine_30261,0.0
A0A6B3PBB6,Di_threonine_23465,0.0
A0A6B3PBB6,Di_threonine_33288,0.0
A0A6B3PBB6,Di_unconjugated_34634,0.0
A0A6B3PBB6,Mono_2_aminophenol_41901,0.0
A0A6B3PBB6,Mono_2_aminophenol_45657,1226.1806481719966
A0A6B3PBB6,Mono_GABA_40494,0.0
A0A6B3PBB6,Mono_alanine_40140,0.0
A0A6B3PBB6,Mono_glutamine_37103,0.0
A0A6B3PBB6,Mono_glycine_38634,110460.80828223946
A0A6B3PBB6,Mono_lysine_32192,0.0
A0A6B3PBB6,Mono_methionine_41397,0.0
A0A6B3PBB6,Mono_ornithine_31596,0.0
A0A6B3PBB6,Mono_ornithine_33494,0.0
A0A6B3PBB6,Mono_phenylalanine_41412,0.0
A0A6B3PBB6,Mono_serotonin_42743,0.0
A0A6B3PBB6,Mono_taurine_35357,32193.9072810769
A0A6B3PBB6,Mono_tyramine_38979,0.0
A0A6B3PBB6,"Tri_2,3_diaminopropionic acid_14940",0.0
A0A6B3PBB6,"Tri_2,3_diaminopropionic acid_17863",0.0
A0A6B3PBB6,"Tri_2,3_diaminopropionic acid_17869",0.0
A0A6B3PBB6,"Tri_2,3_diaminopropionic acid_18373",0.0
A0A6B3PBB6,Tri_2_aminophenol_35037,0.0
A0A6B3PBB6,Tri_2_aminophenol_39976,0.0
A0A6B3PBB6,Tri_3_methoxytyramine_36008,0.0
A0A6B3PBB6,Tri_GABA_22882,0.0
A0A6B3PBB6,Tri_GABA_26794,0.0
A0A6B3PBB6,Tri_GABA_M+H2O_23885,0.0
A0A6B3PBB6,Tri_alanine_28457,0.0
A0A6B3PBB6,Tri_arginine_18281,0.0
A0A6B3PBB6,Tri_asparagine_20433,0.0
A0A6B3PBB6,Tri_cadaverine_19586,0.0
A0A6B3PBB6,Tri_citrulline_22220,0.0
A0A6B3PBB6,Tri_cystine_19329,0.0
A0A6B3PBB6,Tri_dopamine_32050,0.0
A0A6B3PBB6,Tri_dopamine_32195,0.0
A0A6B3PBB6,Tri_glutamine_22099,0.0
A0A6B3PBB6,Tri_glycine_25947,0.0
A0A6B3PBB6,Tri_glyglycine_20401,0.0
A0A6B3PBB6,Tri_histidine_17315,0.0
A0A6B3PBB6,Tri_methionine_33885,0.0
A0A6B3PBB6,Tri_ornithine_17210,0.0
A0A6B3PBB6,Tri_phenylalanine_22512,0.0
A0A6B3PBB6,Tri_phenylalanine_37508,0.0
A0A6B3PBB6,Tri_phenylalanine_40024,0.0
A0A6B3PBB6,Tri_proline_M+NH4_18411,0.0
A0A6B3PBB6,Tri_putrescine_18433,0.0
A0A6B3PBB6,Tri_serine_23158,0.0
A0A6B3PBB6,Tri_taurine_20369,0.0
A0A6B3PBB6,Tri_tryptamine_38723,0.0
A0A6B3PFJ7,"3a,7a,12k_alanine_20366",0.0
A0A6B3PFJ7,"3a,7a,12k_lysine_23168",0.0
A0A6B3PFJ7,3a12k_serine_27652,0.0
A0A6B3PFJ7,3a12k_taurine_22309,28513463.3677883
A0A6B3PFJ7,3a7a12k_taurine_14542,30169774.794666227
A0A6B3PFJ7,3a7k_citrulline_24966,0.0
A0A6B3PFJ7,3a7k_glutamine_24909,0.0
A0A6B3PFJ7,3a7k_serine_26456,0.0
A0A6B3PFJ7,3a7k_threonine_27078,0.0
A0A6B3PFJ7,3k12a_lysine_23849,0.0
A0A6B3PFJ7,3k7a_glutamine_29953,0.0
A0A6B3PFJ7,3k7a_proline_M+NH4_21780,0.0
A0A6B3PFJ7,"Di_2,3_diaminopropionic acid_14073",0.0
A0A6B3PFJ7,Di_2_aminophenol_36589,0.0
A0A6B3PFJ7,Di_2_aminophenol_40269,0.0
A0A6B3PFJ7,Di_3_methoxytyramine_37128,0.0
A0A6B3PFJ7,Di_3_methoxytyramine_37165,0.0
A0A6B3PFJ7,Di_3_methoxytyramine_39396,0.0
A0A6B3PFJ7,Di_GABA_33328,3042.766481841449
A0A6B3PFJ7,Di_GABA_36169,23422.402037879638
A0A6B3PFJ7,Di_alanine_27176,0.0
A0A6B3PFJ7,Di_alanine_35826,0.0
A0A6B3PFJ7,Di_alanine_37411,134352.49571130582
A0A6B3PFJ7,Di_citrulline_22104,0.0
A0A6B3PFJ7,Di_citrulline_31270,0.0
A0A6B3PFJ7,Di_dopamine_34015,0.0
A0A6B3PFJ7,Di_dopamine_38088,0.0
A0A6B3PFJ7,Di_glutamine_30065,0.0
A0A6B3PFJ7,Di_glutamine_30067,0.0
A0A6B3PFJ7,Di_glutamine_31254,0.0
A0A6B3PFJ7,Di_glycine_27361,2812639.766691801
A0A6B3PFJ7,Di_glycine_34166,4830134.998305495
A0A6B3PFJ7,Di_glycine_34738,376769.808461268
A0A6B3PFJ7,Di_lysine_25070,0.0
A0A6B3PFJ7,Di_methionine_34896,0.0
A0A6B3PFJ7,Di_ornithine_15391,0.0
A0A6B3PFJ7,Di_ornithine_17963,0.0
A0A6B3PFJ7,Di_ornithine_22619,0.0
A0A6B3PFJ7,Di_ornithine_25325,0.0
A0A6B3PFJ7,Di_phenylalanine_22687,0.0
A0A6B3PFJ7,Di_phenylalanine_39833,97866.64509887007
A0A6B3PFJ7,Di_serine_32622,0.0
A0A6B3PFJ7,Di_taurine_19595,0.0
A0A6B3PFJ7,Di_taurine_29331,5972955.141840458
A0A6B3PFJ7,Di_taurine_30261,0.0
A0A6B3PFJ7,Di_threonine_23465,0.0
A0A6B3PFJ7,Di_threonine_33288,0.0
A0A6B3PFJ7,Di_unconjugated_34634,0.0
A0A6B3PFJ7,Mono_2_aminophenol_41901,0.0
A0A6B3PFJ7,Mono_2_aminophenol_45657,324.3165938567573
A0A6B3PFJ7,Mono_GABA_40494,25902.188399730807
A0A6B3PFJ7,Mono_alanine_40140,10029.117850351877
A0A6B3PFJ7,Mono_glutamine_37103,2718.172462026683
A0A6B3PFJ7,Mono_glycine_38634,6577009.995129457
A0A6B3PFJ7,Mono_lysine_32192,0.0
A0A6B3PFJ7,Mono_methionine_41397,0.0
A0A6B3PFJ7,Mono_ornithine_31596,0.0
A0A6B3PFJ7,Mono_ornithine_33494,0.0
A0A6B3PFJ7,Mono_phenylalanine_41412,0.0
A0A6B3PFJ7,Mono_serotonin_42743,0.0
A0A6B3PFJ7,Mono_taurine_35357,20556466.359544363
A0A6B3PFJ7,Mono_tyramine_38979,0.0
A0A6B3PFJ7,"Tri_2,3_diaminopropionic acid_14940",0.0
A0A6B3PFJ7,"Tri_2,3_diaminopropionic acid_17863",0.0
A0A6B3PFJ7,"Tri_2,3_diaminopropionic acid_17869",0.0
A0A6B3PFJ7,"Tri_2,3_diaminopropionic acid_18373",0.0
A0A6B3PFJ7,Tri_2_aminophenol_35037,0.0
A0A6B3PFJ7,Tri_2_aminophenol_39976,1096.6306045081672
A0A6B3PFJ7,Tri_3_methoxytyramine_36008,0.0
A0A6B3PFJ7,Tri_GABA_22882,91846.4453206376
A0A6B3PFJ7,Tri_GABA_26794,461244.53767258424
A0A6B3PFJ7,Tri_GABA_M+H2O_23885,0.0
A0A6B3PFJ7,Tri_alanine_28457,0.0
A0A6B3PFJ7,Tri_arginine_18281,0.0
A0A6B3PFJ7,Tri_asparagine_20433,59837.77578675212
A0A6B3PFJ7,Tri_cadaverine_19586,0.0
A0A6B3PFJ7,Tri_citrulline_22220,0.0
A0A6B3PFJ7,Tri_cystine_19329,0.0
A0A6B3PFJ7,Tri_dopamine_32050,29990.514944876133
A0A6B3PFJ7,Tri_dopamine_32195,0.0
A0A6B3PFJ7,Tri_glutamine_22099,0.0
A0A6B3PFJ7,Tri_glycine_25947,137139.93616269872
A0A6B3PFJ7,Tri_glyglycine_20401,0.0
A0A6B3PFJ7,Tri_histidine_17315,0.0
A0A6B3PFJ7,Tri_methionine_33885,0.0
A0A6B3PFJ7,Tri_ornithine_17210,0.0
A0A6B3PFJ7,Tri_phenylalanine_22512,0.0
A0A6B3PFJ7,Tri_phenylalanine_37508,0.0
A0A6B3PFJ7,Tri_phenylalanine_40024,43156.98144361312
A0A6B3PFJ7,Tri_proline_M+NH4_18411,0.0
A0A6B3PFJ7,Tri_putrescine_18433,0.0
A0A6B3PFJ7,Tri_serine_23158,0.0
A0A6B3PFJ7,Tri_taurine_20369,0.0
A0A6B3PFJ7,Tri_tryptamine_38723,0.0
A0A6I3NAM9,"3a,7a,12k_alanine_20366",0.0
A0A6I3NAM9,"3a,7a,12k_lysine_23168",0.0
A0A6I3NAM9,3a12k_serine_27652,0.0
A0A6I3NAM9,3a12k_taurine_22309,14629.757376039075
A0A6I3NAM9,3a7a12k_taurine_14542,6424.021266442352
A0A6I3NAM9,3a7k_citrulline_24966,0.0
A0A6I3NAM9,3a7k_glutamine_24909,0.0
A0A6I3NAM9,3a7k_serine_26456,0.0
A0A6I3NAM9,3a7k_threonine_27078,0.0
A0A6I3NAM9,3k12a_lysine_23849,0.0
A0A6I3NAM9,3k7a_glutamine_29953,0.0
A0A6I3NAM9,3k7a_proline_M+NH4_21780,0.0
A0A6I3NAM9,"Di_2,3_diaminopropionic acid_14073",0.0
A0A6I3NAM9,Di_2_aminophenol_36589,0.0
A0A6I3NAM9,Di_2_aminophenol_40269,0.0
A0A6I3NAM9,Di_3_methoxytyramine_37128,0.0
A0A6I3NAM9,Di_3_methoxytyramine_37165,0.0
A0A6I3NAM9,Di_3_methoxytyramine_39396,0.0
A0A6I3NAM9,Di_GABA_33328,0.0
A0A6I3NAM9,Di_GABA_36169,0.0
A0A6I3NAM9,Di_alanine_27176,0.0
A0A6I3NAM9,Di_alanine_35826,0.0
A0A6I3NAM9,Di_alanine_37411,0.0
A0A6I3NAM9,Di_citrulline_22104,0.0
A0A6I3NAM9,Di_citrulline_31270,0.0
A0A6I3NAM9,Di_dopamine_34015,0.0
A0A6I3NAM9,Di_dopamine_38088,0.0
A0A6I3NAM9,Di_glutamine_30065,0.0
A0A6I3NAM9,Di_glutamine_30067,0.0
A0A6I3NAM9,Di_glutamine_31254,0.0
A0A6I3NAM9,Di_glycine_27361,19762.830572815023
A0A6I3NAM9,Di_glycine_34166,7669.301461108764
A0A6I3NAM9,Di_glycine_34738,0.0
A0A6I3NAM9,Di_lysine_25070,0.0
A0A6I3NAM9,Di_methionine_34896,0.0
A0A6I3NAM9,Di_ornithine_15391,0.0
A0A6I3NAM9,Di_ornithine_17963,0.0
A0A6I3NAM9,Di_ornithine_22619,0.0
A0A6I3NAM9,Di_ornithine_25325,0.0
A0A6I3NAM9,Di_phenylalanine_22687,0.0
A0A6I3NAM9,Di_phenylalanine_39833,0.0
A0A6I3NAM9,Di_serine_32622,0.0
A0A6I3NAM9,Di_taurine_19595,0.0
A0A6I3NAM9,Di_taurine_29331,20393.57737556194
A0A6I3NAM9,Di_taurine_30261,0.0
A0A6I3NAM9,Di_threonine_23465,0.0
A0A6I3NAM9,Di_threonine_33288,0.0
A0A6I3NAM9,Di_unconjugated_34634,0.0
A0A6I3NAM9,Mono_2_aminophenol_41901,0.0
A0A6I3NAM9,Mono_2_aminophenol_45657,0.0
A0A6I3NAM9,Mono_GABA_40494,0.0
A0A6I3NAM9,Mono_alanine_40140,0.0
A0A6I3NAM9,Mono_glutamine_37103,0.0
A0A6I3NAM9,Mono_glycine_38634,67465.14162054844
A0A6I3NAM9,Mono_lysine_32192,0.0
A0A6I3NAM9,Mono_methionine_41397,0.0
A0A6I3NAM9,Mono_ornithine_31596,0.0
A0A6I3NAM9,Mono_ornithine_33494,0.0
A0A6I3NAM9,Mono_phenylalanine_41412,0.0
A0A6I3NAM9,Mono_serotonin_42743,0.0
A0A6I3NAM9,Mono_taurine_35357,23266.958793439237
A0A6I3NAM9,Mono_tyramine_38979,0.0
A0A6I3NAM9,"Tri_2,3_diaminopropionic acid_14940",0.0
A0A6I3NAM9,"Tri_2,3_diaminopropionic acid_17863",0.0
A0A6I3NAM9,"Tri_2,3_diaminopropionic acid_17869",0.0
A0A6I3NAM9,"Tri_2,3_diaminopropionic acid_18373",0.0
A0A6I3NAM9,Tri_2_aminophenol_35037,0.0
A0A6I3NAM9,Tri_2_aminophenol_39976,0.0
A0A6I3NAM9,Tri_3_methoxytyramine_36008,0.0
A0A6I3NAM9,Tri_GABA_22882,0.0
A0A6I3NAM9,Tri_GABA_26794,0.0
A0A6I3NAM9,Tri_GABA_M+H2O_23885,0.0
A0A6I3NAM9,Tri_alanine_28457,0.0
A0A6I3NAM9,Tri_arginine_18281,0.0
A0A6I3NAM9,Tri_asparagine_20433,0.0
A0A6I3NAM9,Tri_cadaverine_19586,0.0
A0A6I3NAM9,Tri_citrulline_22220,0.0
A0A6I3NAM9,Tri_cystine_19329,0.0
A0A6I3NAM9,Tri_dopamine_32050,0.0
A0A6I3NAM9,Tri_dopamine_32195,0.0
A0A6I3NAM9,Tri_glutamine_22099,0.0
A0A6I3NAM9,Tri_glycine_25947,0.0
A0A6I3NAM9,Tri_glyglycine_20401,0.0
A0A6I3NAM9,Tri_histidine_17315,0.0
A0A6I3NAM9,Tri_methionine_33885,0.0
A0A6I3NAM9,Tri_ornithine_17210,0.0
A0A6I3NAM9,Tri_phenylalanine_22512,0.0
A0A6I3NAM9,Tri_phenylalanine_37508,0.0
A0A6I3NAM9,Tri_phenylalanine_40024,0.0
A0A6I3NAM9,Tri_proline_M+NH4_18411,0.0
A0A6I3NAM9,Tri_putrescine_18433,0.0
A0A6I3NAM9,Tri_serine_23158,0.0
A0A6I3NAM9,Tri_taurine_20369,0.0
A0A6I3NAM9,Tri_tryptamine_38723,0.0
A0A6N3FX58,"3a,7a,12k_alanine_20366",72578.62715760517
A0A6N3FX58,"3a,7a,12k_lysine_23168",0.0
A0A6N3FX58,3a12k_serine_27652,0.0
A0A6N3FX58,3a12k_taurine_22309,2380644.936153483
A0A6N3FX58,3a7a12k_taurine_14542,57260464.66829488
A0A6N3FX58,3a7k_citrulline_24966,0.0
A0A6N3FX58,3a7k_glutamine_24909,0.0
A0A6N3FX58,3a7k_serine_26456,0.0
A0A6N3FX58,3a7k_threonine_27078,0.0
A0A6N3FX58,3k12a_lysine_23849,0.0
A0A6N3FX58,3k7a_glutamine_29953,0.0
A0A6N3FX58,3k7a_proline_M+NH4_21780,0.0
A0A6N3FX58,"Di_2,3_diaminopropionic acid_14073",10832.894520875281
A0A6N3FX58,Di_2_aminophenol_36589,937120.480573677
A0A6N3FX58,Di_2_aminophenol_40269,277860.85590078245
A0A6N3FX58,Di_3_methoxytyramine_37128,134584.00497590995
A0A6N3FX58,Di_3_methoxytyramine_37165,0.0
A0A6N3FX58,Di_3_methoxytyramine_39396,0.0
A0A6N3FX58,Di_GABA_33328,41318.208378526215
A0A6N3FX58,Di_GABA_36169,33206.41193604347
A0A6N3FX58,Di_alanine_27176,1726.02590019679
A0A6N3FX58,Di_alanine_35826,78233.05347063798
A0A6N3FX58,Di_alanine_37411,336327.1100390945
A0A6N3FX58,Di_citrulline_22104,0.0
A0A6N3FX58,Di_citrulline_31270,0.0
A0A6N3FX58,Di_dopamine_34015,28477.228642900463
A0A6N3FX58,Di_dopamine_38088,15871.00065623069
A0A6N3FX58,Di_glutamine_30065,0.0
A0A6N3FX58,Di_glutamine_30067,0.0
A0A6N3FX58,Di_glutamine_31254,0.0
A0A6N3FX58,Di_glycine_27361,9550250.273770247
A0A6N3FX58,Di_glycine_34166,19352292.038300704
A0A6N3FX58,Di_glycine_34738,1675462.9369129825
A0A6N3FX58,Di_lysine_25070,0.0
A0A6N3FX58,Di_methionine_34896,0.0
A0A6N3FX58,Di_ornithine_15391,0.0
A0A6N3FX58,Di_ornithine_17963,24430.410417621544
A0A6N3FX58,Di_ornithine_22619,0.0
A0A6N3FX58,Di_ornithine_25325,0.0
A0A6N3FX58,Di_phenylalanine_22687,1081.549868702642
A0A6N3FX58,Di_phenylalanine_39833,142218.71674192112
A0A6N3FX58,Di_serine_32622,0.0
A0A6N3FX58,Di_taurine_19595,0.0
A0A6N3FX58,Di_taurine_29331,4217082.898949571
A0A6N3FX58,Di_taurine_30261,0.0
A0A6N3FX58,Di_threonine_23465,0.0
A0A6N3FX58,Di_threonine_33288,0.0
A0A6N3FX58,Di_unconjugated_34634,31789.50061992927
A0A6N3FX58,Mono_2_aminophenol_41901,79812.63774659562
A0A6N3FX58,Mono_2_aminophenol_45657,4937.484145754306
A0A6N3FX58,Mono_GABA_40494,73838.39652936203
A0A6N3FX58,Mono_alanine_40140,36614.07724936718
A0A6N3FX58,Mono_glutamine_37103,0.0
A0A6N3FX58,Mono_glycine_38634,11457123.875110017
A0A6N3FX58,Mono_lysine_32192,0.0
A0A6N3FX58,Mono_methionine_41397,0.0
A0A6N3FX58,Mono_ornithine_31596,0.0
A0A6N3FX58,Mono_ornithine_33494,108859.72603709022
A0A6N3FX58,Mono_phenylalanine_41412,0.0
A0A6N3FX58,Mono_serotonin_42743,34673.8237061871
A0A6N3FX58,Mono_taurine_35357,2978742.261476008
A0A6N3FX58,Mono_tyramine_38979,23562.636580098064
A0A6N3FX58,"Tri_2,3_diaminopropionic acid_14940",0.0
A0A6N3FX58,"Tri_2,3_diaminopropionic acid_17863",0.0
A0A6N3FX58,"Tri_2,3_diaminopropionic acid_17869",0.0
A0A6N3FX58,"Tri_2,3_diaminopropionic acid_18373",551273.8552707023
A0A6N3FX58,Tri_2_aminophenol_35037,61817.12241934187
A0A6N3FX58,Tri_2_aminophenol_39976,865818.2109178288
A0A6N3FX58,Tri_3_methoxytyramine_36008,1457.7260665297156
A0A6N3FX58,Tri_GABA_22882,131250.4004867085
A0A6N3FX58,Tri_GABA_26794,866261.6754483589
A0A6N3FX58,Tri_GABA_M+H2O_23885,1837.9062279229063
A0A6N3FX58,Tri_alanine_28457,6748.824291740188
A0A6N3FX58,Tri_arginine_18281,0.0
A0A6N3FX58,Tri_asparagine_20433,147701.26999709746
A0A6N3FX58,Tri_cadaverine_19586,0.0
A0A6N3FX58,Tri_citrulline_22220,0.0
A0A6N3FX58,Tri_cystine_19329,0.0
A0A6N3FX58,Tri_dopamine_32050,80586.24946943019
A0A6N3FX58,Tri_dopamine_32195,730.9957928362987
A0A6N3FX58,Tri_glutamine_22099,0.0
A0A6N3FX58,Tri_glycine_25947,0.0
A0A6N3FX58,Tri_glyglycine_20401,0.0
A0A6N3FX58,Tri_histidine_17315,0.0
A0A6N3FX58,Tri_methionine_33885,0.0
A0A6N3FX58,Tri_ornithine_17210,0.0
A0A6N3FX58,Tri_phenylalanine_22512,0.0
A0A6N3FX58,Tri_phenylalanine_37508,0.0
A0A6N3FX58,Tri_phenylalanine_40024,89646.39698774029
A0A6N3FX58,Tri_proline_M+NH4_18411,0.0
A0A6N3FX58,Tri_putrescine_18433,0.0
A0A6N3FX58,Tri_serine_23158,0.0
A0A6N3FX58,Tri_taurine_20369,0.0
A0A6N3FX58,Tri_tryptamine_38723,0.0
A0A7K1GNS5,"3a,7a,12k_alanine_20366",0.0
A0A7K1GNS5,"3a,7a,12k_lysine_23168",0.0
A0A7K1GNS5,3a12k_serine_27652,0.0
A0A7K1GNS5,3a12k_taurine_22309,23323839.253895253
A0A7K1GNS5,3a7a12k_taurine_14542,22975851.022189952
A0A7K1GNS5,3a7k_citrulline_24966,0.0
A0A7K1GNS5,3a7k_glutamine_24909,0.0
A0A7K1GNS5,3a7k_serine_26456,0.0
A0A7K1GNS5,3a7k_threonine_27078,0.0
A0A7K1GNS5,3k12a_lysine_23849,0.0
A0A7K1GNS5,3k7a_glutamine_29953,0.0
A0A7K1GNS5,3k7a_proline_M+NH4_21780,0.0
A0A7K1GNS5,"Di_2,3_diaminopropionic acid_14073",0.0
A0A7K1GNS5,Di_2_aminophenol_36589,0.0
A0A7K1GNS5,Di_2_aminophenol_40269,0.0
A0A7K1GNS5,Di_3_methoxytyramine_37128,0.0
A0A7K1GNS5,Di_3_methoxytyramine_37165,0.0
A0A7K1GNS5,Di_3_methoxytyramine_39396,0.0
A0A7K1GNS5,Di_GABA_33328,1960.268158363157
A0A7K1GNS5,Di_GABA_36169,14419.193128122304
A0A7K1GNS5,Di_alanine_27176,0.0
A0A7K1GNS5,Di_alanine_35826,0.0
A0A7K1GNS5,Di_alanine_37411,106916.17113837546
A0A7K1GNS5,Di_citrulline_22104,0.0
A0A7K1GNS5,Di_citrulline_31270,0.0
A0A7K1GNS5,Di_dopamine_34015,0.0
A0A7K1GNS5,Di_dopamine_38088,0.0
A0A7K1GNS5,Di_glutamine_30065,0.0
A0A7K1GNS5,Di_glutamine_30067,0.0
A0A7K1GNS5,Di_glutamine_31254,0.0
A0A7K1GNS5,Di_glycine_27361,1840911.469097525
A0A7K1GNS5,Di_glycine_34166,4690335.850012791
A0A7K1GNS5,Di_glycine_34738,386901.33876356535
A0A7K1GNS5,Di_lysine_25070,0.0
A0A7K1GNS5,Di_methionine_34896,0.0
A0A7K1GNS5,Di_ornithine_15391,0.0
A0A7K1GNS5,Di_ornithine_17963,0.0
A0A7K1GNS5,Di_ornithine_22619,0.0
A0A7K1GNS5,Di_ornithine_25325,0.0
A0A7K1GNS5,Di_phenylalanine_22687,0.0
A0A7K1GNS5,Di_phenylalanine_39833,41972.274651589636
A0A7K1GNS5,Di_serine_32622,0.0
A0A7K1GNS5,Di_taurine_19595,936.6324924080203
A0A7K1GNS5,Di_taurine_29331,4284874.425402517
A0A7K1GNS5,Di_taurine_30261,0.0
A0A7K1GNS5,Di_threonine_23465,0.0
A0A7K1GNS5,Di_threonine_33288,0.0
A0A7K1GNS5,Di_unconjugated_34634,0.0
A0A7K1GNS5,Mono_2_aminophenol_41901,0.0
A0A7K1GNS5,Mono_2_aminophenol_45657,222.6451023762068
A0A7K1GNS5,Mono_GABA_40494,15470.079059461315
A0A7K1GNS5,Mono_alanine_40140,9693.583553462873
A0A7K1GNS5,Mono_glutamine_37103,1952.7186597117666
A0A7K1GNS5,Mono_glycine_38634,4463312.24540902
A0A7K1GNS5,Mono_lysine_32192,0.0
A0A7K1GNS5,Mono_methionine_41397,0.0
A0A7K1GNS5,Mono_ornithine_31596,0.0
A0A7K1GNS5,Mono_ornithine_33494,0.0
A0A7K1GNS5,Mono_phenylalanine_41412,0.0
A0A7K1GNS5,Mono_serotonin_42743,0.0
A0A7K1GNS5,Mono_taurine_35357,15689371.108087046
A0A7K1GNS5,Mono_tyramine_38979,0.0
A0A7K1GNS5,"Tri_2,3_diaminopropionic acid_14940",0.0
A0A7K1GNS5,"Tri_2,3_diaminopropionic acid_17863",0.0
A0A7K1GNS5,"Tri_2,3_diaminopropionic acid_17869",0.0
A0A7K1GNS5,"Tri_2,3_diaminopropionic acid_18373",0.0
A0A7K1GNS5,Tri_2_aminophenol_35037,0.0
A0A7K1GNS5,Tri_2_aminophenol_39976,0.0
A0A7K1GNS5,Tri_3_methoxytyramine_36008,0.0
A0A7K1GNS5,Tri_GABA_22882,77235.40986561004
A0A7K1GNS5,Tri_GABA_26794,362676.4945070499
A0A7K1GNS5,Tri_GABA_M+H2O_23885,0.0
A0A7K1GNS5,Tri_alanine_28457,0.0
A0A7K1GNS5,Tri_arginine_18281,0.0
A0A7K1GNS5,Tri_asparagine_20433,40289.76387662258
A0A7K1GNS5,Tri_cadaverine_19586,0.0
A0A7K1GNS5,Tri_citrulline_22220,0.0
A0A7K1GNS5,Tri_cystine_19329,0.0
A0A7K1GNS5,Tri_dopamine_32050,10487.14650741712
A0A7K1GNS5,Tri_dopamine_32195,0.0
A0A7K1GNS5,Tri_glutamine_22099,0.0
A0A7K1GNS5,Tri_glycine_25947,113643.19406243725
A0A7K1GNS5,Tri_glyglycine_20401,0.0
A0A7K1GNS5,Tri_histidine_17315,0.0
A0A7K1GNS5,Tri_methionine_33885,0.0
A0A7K1GNS5,Tri_ornithine_17210,0.0
A0A7K1GNS5,Tri_phenylalanine_22512,0.0
A0A7K1GNS5,Tri_phenylalanine_37508,0.0
A0A7K1GNS5,Tri_phenylalanine_40024,18257.44729533665
A0A7K1GNS5,Tri_proline_M+NH4_18411,0.0
A0A7K1GNS5,Tri_putrescine_18433,0.0
A0A7K1GNS5,Tri_serine_23158,0.0
A0A7K1GNS5,Tri_taurine_20369,0.0
A0A7K1GNS5,Tri_tryptamine_38723,0.0
A0A7W2FPE8,"3a,7a,12k_alanine_20366",0.0
A0A7W2FPE8,"3a,7a,12k_lysine_23168",12632.084793132373
A0A7W2FPE8,3a12k_serine_27652,3697.901332249003
A0A7W2FPE8,3a12k_taurine_22309,57814557.952965245
A0A7W2FPE8,3a7a12k_taurine_14542,16187041.07490915
A0A7W2FPE8,3a7k_citrulline_24966,0.0
A0A7W2FPE8,3a7k_glutamine_24909,0.0
A0A7W2FPE8,3a7k_serine_26456,1372.649864258732
A0A7W2FPE8,3a7k_threonine_27078,0.0
A0A7W2FPE8,3k12a_lysine_23849,0.0
A0A7W2FPE8,3k7a_glutamine_29953,0.0
A0A7W2FPE8,3k7a_proline_M+NH4_21780,0.0
A0A7W2FPE8,"Di_2,3_diaminopropionic acid_14073",16481.143011923472
A0A7W2FPE8,Di_2_aminophenol_36589,3484029.8589474843
A0A7W2FPE8,Di_2_aminophenol_40269,2864800.6459271866
A0A7W2FPE8,Di_3_methoxytyramine_37128,262125.34819710604
A0A7W2FPE8,Di_3_methoxytyramine_37165,29193.702866738793
A0A7W2FPE8,Di_3_methoxytyramine_39396,195890.1081076986
A0A7W2FPE8,Di_GABA_33328,14592.67363348201
A0A7W2FPE8,Di_GABA_36169,22393.02736357684
A0A7W2FPE8,Di_alanine_27176,10454.232388175486
A0A7W2FPE8,Di_alanine_35826,68850.77710050503
A0A7W2FPE8,Di_alanine_37411,247003.27004490068
A0A7W2FPE8,Di_citrulline_22104,0.0
A0A7W2FPE8,Di_citrulline_31270,0.0
A0A7W2FPE8,Di_dopamine_34015,94357.02479864507
A0A7W2FPE8,Di_dopamine_38088,372392.8819219886
A0A7W2FPE8,Di_glutamine_30065,0.0
A0A7W2FPE8,Di_glutamine_30067,0.0
A0A7W2FPE8,Di_glutamine_31254,0.0
A0A7W2FPE8,Di_glycine_27361,9035305.919110294
A0A7W2FPE8,Di_glycine_34166,17004792.989014458
A0A7W2FPE8,Di_glycine_34738,1715806.3734476792
A0A7W2FPE8,Di_lysine_25070,0.0
A0A7W2FPE8,Di_methionine_34896,0.0
A0A7W2FPE8,Di_ornithine_15391,0.0
A0A7W2FPE8,Di_ornithine_17963,66196.4105776295
A0A7W2FPE8,Di_ornithine_22619,0.0
A0A7W2FPE8,Di_ornithine_25325,318708.19995915215
A0A7W2FPE8,Di_phenylalanine_22687,0.0
A0A7W2FPE8,Di_phenylalanine_39833,109360.31818967438
A0A7W2FPE8,Di_serine_32622,0.0
A0A7W2FPE8,Di_taurine_19595,24669.32595890225
A0A7W2FPE8,Di_taurine_29331,19910880.4411571
A0A7W2FPE8,Di_taurine_30261,0.0
A0A7W2FPE8,Di_threonine_23465,0.0
A0A7W2FPE8,Di_threonine_33288,0.0
A0A7W2FPE8,Di_unconjugated_34634,45095.88947183696
A0A7W2FPE8,Mono_2_aminophenol_41901,55506.1847432742
A0A7W2FPE8,Mono_2_aminophenol_45657,8305.755700253761
A0A7W2FPE8,Mono_GABA_40494,50652.61224625474
A0A7W2FPE8,Mono_alanine_40140,23437.518600931537
A0A7W2FPE8,Mono_glutamine_37103,0.0
A0A7W2FPE8,Mono_glycine_38634,11850616.575197358
A0A7W2FPE8,Mono_lysine_32192,0.0
A0A7W2FPE8,Mono_methionine_41397,0.0
A0A7W2FPE8,Mono_ornithine_31596,0.0
A0A7W2FPE8,Mono_ornithine_33494,29249.58568243814
A0A7W2FPE8,Mono_phenylalanine_41412,0.0
A0A7W2FPE8,Mono_serotonin_42743,0.0
A0A7W2FPE8,Mono_taurine_35357,1875765.4590515406
A0A7W2FPE8,Mono_tyramine_38979,0.0
A0A7W2FPE8,"Tri_2,3_diaminopropionic acid_14940",36931.548004827295
A0A7W2FPE8,"Tri_2,3_diaminopropionic acid_17863",0.0
A0A7W2FPE8,"Tri_2,3_diaminopropionic acid_17869",0.0
A0A7W2FPE8,"Tri_2,3_diaminopropionic acid_18373",2327354.012174477
A0A7W2FPE8,Tri_2_aminophenol_35037,7833945.850234439
A0A7W2FPE8,Tri_2_aminophenol_39976,5617126.82552178
A0A7W2FPE8,Tri_3_methoxytyramine_36008,394932.27537975623
A0A7W2FPE8,Tri_GABA_22882,189716.8214061692
A0A7W2FPE8,Tri_GABA_26794,863586.4455191895
A0A7W2FPE8,Tri_GABA_M+H2O_23885,36784.99887814188
A0A7W2FPE8,Tri_alanine_28457,0.0
A0A7W2FPE8,Tri_arginine_18281,0.0
A0A7W2FPE8,Tri_asparagine_20433,70630.87194049447
A0A7W2FPE8,Tri_cadaverine_19586,16560.361472333938
A0A7W2FPE8,Tri_citrulline_22220,0.0
A0A7W2FPE8,Tri_cystine_19329,0.0
A0A7W2FPE8,Tri_dopamine_32050,32254.23047559152
A0A7W2FPE8,Tri_dopamine_32195,186424.0268927281
A0A7W2FPE8,Tri_glutamine_22099,0.0
A0A7W2FPE8,Tri_glycine_25947,0.0
A0A7W2FPE8,Tri_glyglycine_20401,0.0
A0A7W2FPE8,Tri_histidine_17315,0.0
A0A7W2FPE8,Tri_methionine_33885,0.0
A0A7W2FPE8,Tri_ornithine_17210,0.0
A0A7W2FPE8,Tri_phenylalanine_22512,0.0
A0A7W2FPE8,Tri_phenylalanine_37508,0.0
A0A7W2FPE8,Tri_phenylalanine_40024,56033.255098511
A0A7W2FPE8,Tri_proline_M+NH4_18411,46928.32694629251
A0A7W2FPE8,Tri_putrescine_18433,27743.23357590157
A0A7W2FPE8,Tri_serine_23158,0.0
A0A7W2FPE8,Tri_taurine_20369,0.0
A0A7W2FPE8,Tri_tryptamine_38723,1863182.607337183
A0A848U0C2,"3a,7a,12k_alanine_20366",0.0
A0A848U0C2,"3a,7a,12k_lysine_23168",0.0
A0A848U0C2,3a12k_serine_27652,0.0
A0A848U0C2,3a12k_taurine_22309,27260041.529089518
A0A848U0C2,3a7a12k_taurine_14542,28113581.178521357
A0A848U0C2,3a7k_citrulline_24966,0.0
A0A848U0C2,3a7k_glutamine_24909,0.0
A0A848U0C2,3a7k_serine_26456,0.0
A0A848U0C2,3a7k_threonine_27078,0.0
A0A848U0C2,3k12a_lysine_23849,0.0
A0A848U0C2,3k7a_glutamine_29953,0.0
A0A848U0C2,3k7a_proline_M+NH4_21780,0.0
A0A848U0C2,"Di_2,3_diaminopropionic acid_14073",0.0
A0A848U0C2,Di_2_aminophenol_36589,1073.4843103364635
A0A848U0C2,Di_2_aminophenol_40269,0.0
A0A848U0C2,Di_3_methoxytyramine_37128,0.0
A0A848U0C2,Di_3_methoxytyramine_37165,0.0
A0A848U0C2,Di_3_methoxytyramine_39396,0.0
A0A848U0C2,Di_GABA_33328,2652.432994884293
A0A848U0C2,Di_GABA_36169,26167.689088632702
A0A848U0C2,Di_alanine_27176,0.0
A0A848U0C2,Di_alanine_35826,0.0
A0A848U0C2,Di_alanine_37411,132139.5119114667
A0A848U0C2,Di_citrulline_22104,0.0
A0A848U0C2,Di_citrulline_31270,0.0
A0A848U0C2,Di_dopamine_34015,0.0
A0A848U0C2,Di_dopamine_38088,0.0
A0A848U0C2,Di_glutamine_30065,0.0
A0A848U0C2,Di_glutamine_30067,0.0
A0A848U0C2,Di_glutamine_31254,0.0
A0A848U0C2,Di_glycine_27361,2665340.9802261577
A0A848U0C2,Di_glycine_34166,6016015.928112122
A0A848U0C2,Di_glycine_34738,434442.92625618406
A0A848U0C2,Di_lysine_25070,0.0
A0A848U0C2,Di_methionine_34896,0.0
A0A848U0C2,Di_ornithine_15391,0.0
A0A848U0C2,Di_ornithine_17963,0.0
A0A848U0C2,Di_ornithine_22619,0.0
A0A848U0C2,Di_ornithine_25325,0.0
A0A848U0C2,Di_phenylalanine_22687,0.0
A0A848U0C2,Di_phenylalanine_39833,97651.64914980489
A0A848U0C2,Di_serine_32622,0.0
A0A848U0C2,Di_taurine_19595,0.0
A0A848U0C2,Di_taurine_29331,5914871.649504796
A0A848U0C2,Di_taurine_30261,0.0
A0A848U0C2,Di_threonine_23465,0.0
A0A848U0C2,Di_threonine_33288,0.0
A0A848U0C2,Di_unconjugated_34634,0.0
A0A848U0C2,Mono_2_aminophenol_41901,0.0
A0A848U0C2,Mono_2_aminophenol_45657,1075.0732122512798
A0A848U0C2,Mono_GABA_40494,25641.388243122925
A0A848U0C2,Mono_alanine_40140,10310.215315840856
A0A848U0C2,Mono_glutamine_37103,2592.10054966743
A0A848U0C2,Mono_glycine_38634,5815959.140347808
A0A848U0C2,Mono_lysine_32192,0.0
A0A848U0C2,Mono_methionine_41397,0.0
A0A848U0C2,Mono_ornithine_31596,0.0
A0A848U0C2,Mono_ornithine_33494,0.0
A0A848U0C2,Mono_phenylalanine_41412,0.0
A0A848U0C2,Mono_serotonin_42743,0.0
A0A848U0C2,Mono_taurine_35357,17319433.384768583
A0A848U0C2,Mono_tyramine_38979,0.0
A0A848U0C2,"Tri_2,3_diaminopropionic acid_14940",0.0
A0A848U0C2,"Tri_2,3_diaminopropionic acid_17863",0.0
A0A848U0C2,"Tri_2,3_diaminopropionic acid_17869",0.0
A0A848U0C2,"Tri_2,3_diaminopropionic acid_18373",0.0
A0A848U0C2,Tri_2_aminophenol_35037,0.0
A0A848U0C2,Tri_2_aminophenol_39976,0.0
A0A848U0C2,Tri_3_methoxytyramine_36008,0.0
A0A848U0C2,Tri_GABA_22882,84157.64165798637
A0A848U0C2,Tri_GABA_26794,368763.8805762648
A0A848U0C2,Tri_GABA_M+H2O_23885,0.0
A0A848U0C2,Tri_alanine_28457,0.0
A0A848U0C2,Tri_arginine_18281,0.0
A0A848U0C2,Tri_asparagine_20433,56379.86422743214
A0A848U0C2,Tri_cadaverine_19586,0.0
A0A848U0C2,Tri_citrulline_22220,0.0
A0A848U0C2,Tri_cystine_19329,0.0
A0A848U0C2,Tri_dopamine_32050,41509.14917837253
A0A848U0C2,Tri_dopamine_32195,0.0
A0A848U0C2,Tri_glutamine_22099,0.0
A0A848U0C2,Tri_glycine_25947,168654.59944090366
A0A848U0C2,Tri_glyglycine_20401,0.0
A0A848U0C2,Tri_histidine_17315,0.0
A0A848U0C2,Tri_methionine_33885,0.0
A0A848U0C2,Tri_ornithine_17210,0.0
A0A848U0C2,Tri_phenylalanine_22512,0.0
A0A848U0C2,Tri_phenylalanine_37508,0.0
A0A848U0C2,Tri_phenylalanine_40024,31957.643820554564
A0A848U0C2,Tri_proline_M+NH4_18411,0.0
A0A848U0C2,Tri_putrescine_18433,0.0
A0A848U0C2,Tri_serine_23158,0.0
A0A848U0C2,Tri_taurine_20369,0.0
A0A848U0C2,Tri_tryptamine_38723,0.0
A0A8D5FTP2,"3a,7a,12k_alanine_20366",0.0
A0A8D5FTP2,"3a,7a,12k_lysine_23168",0.0
A0A8D5FTP2,3a12k_serine_27652,0.0
A0A8D5FTP2,3a12k_taurine_22309,56928636.22599352
A0A8D5FTP2,3a7a12k_taurine_14542,57521690.51473334
A0A8D5FTP2,3a7k_citrulline_24966,0.0
A0A8D5FTP2,3a7k_glutamine_24909,0.0
A0A8D5FTP2,3a7k_serine_26456,0.0
A0A8D5FTP2,3a7k_threonine_27078,0.0
A0A8D5FTP2,3k12a_lysine_23849,0.0
A0A8D5FTP2,3k7a_glutamine_29953,0.0
A0A8D5FTP2,3k7a_proline_M+NH4_21780,0.0
A0A8D5FTP2,"Di_2,3_diaminopropionic acid_14073",0.0
A0A8D5FTP2,Di_2_aminophenol_36589,543.8017459917285
A0A8D5FTP2,Di_2_aminophenol_40269,629.8020237050903
A0A8D5FTP2,Di_3_methoxytyramine_37128,0.0
A0A8D5FTP2,Di_3_methoxytyramine_37165,0.0
A0A8D5FTP2,Di_3_methoxytyramine_39396,0.0
A0A8D5FTP2,Di_GABA_33328,6610.716323212356
A0A8D5FTP2,Di_GABA_36169,36085.00193037175
A0A8D5FTP2,Di_alanine_27176,0.0
A0A8D5FTP2,Di_alanine_35826,0.0
A0A8D5FTP2,Di_alanine_37411,313345.82083659223
A0A8D5FTP2,Di_citrulline_22104,0.0
A0A8D5FTP2,Di_citrulline_31270,0.0
A0A8D5FTP2,Di_dopamine_34015,0.0
A0A8D5FTP2,Di_dopamine_38088,0.0
A0A8D5FTP2,Di_glutamine_30065,0.0
A0A8D5FTP2,Di_glutamine_30067,0.0
A0A8D5FTP2,Di_glutamine_31254,0.0
A0A8D5FTP2,Di_glycine_27361,4791468.398474504
A0A8D5FTP2,Di_glycine_34166,13227967.389032587
A0A8D5FTP2,Di_glycine_34738,1023863.35448151
A0A8D5FTP2,Di_lysine_25070,0.0
A0A8D5FTP2,Di_methionine_34896,0.0
A0A8D5FTP2,Di_ornithine_15391,0.0
A0A8D5FTP2,Di_ornithine_17963,0.0
A0A8D5FTP2,Di_ornithine_22619,0.0
A0A8D5FTP2,Di_ornithine_25325,0.0
A0A8D5FTP2,Di_phenylalanine_22687,0.0
A0A8D5FTP2,Di_phenylalanine_39833,212677.12840448107
A0A8D5FTP2,Di_serine_32622,0.0
A0A8D5FTP2,Di_taurine_19595,566.5334406209086
A0A8D5FTP2,Di_taurine_29331,5303292.28765833
A0A8D5FTP2,Di_taurine_30261,0.0
A0A8D5FTP2,Di_threonine_23465,0.0
A0A8D5FTP2,Di_threonine_33288,0.0
A0A8D5FTP2,Di_unconjugated_34634,0.0
A0A8D5FTP2,Mono_2_aminophenol_41901,0.0
A0A8D5FTP2,Mono_2_aminophenol_45657,752.0878675926865
A0A8D5FTP2,Mono_GABA_40494,40971.00302115592
A0A8D5FTP2,Mono_alanine_40140,16638.646947544592
A0A8D5FTP2,Mono_glutamine_37103,2421.673541787806
A0A8D5FTP2,Mono_glycine_38634,9399767.492368938
A0A8D5FTP2,Mono_lysine_32192,0.0
A0A8D5FTP2,Mono_methionine_41397,0.0
A0A8D5FTP2,Mono_ornithine_31596,0.0
A0A8D5FTP2,Mono_ornithine_33494,0.0
A0A8D5FTP2,Mono_phenylalanine_41412,0.0
A0A8D5FTP2,Mono_serotonin_42743,0.0
A0A8D5FTP2,Mono_taurine_35357,35924656.56353352
A0A8D5FTP2,Mono_tyramine_38979,0.0
A0A8D5FTP2,"Tri_2,3_diaminopropionic acid_14940",0.0
A0A8D5FTP2,"Tri_2,3_diaminopropionic acid_17863",0.0
A0A8D5FTP2,"Tri_2,3_diaminopropionic acid_17869",0.0
A0A8D5FTP2,"Tri_2,3_diaminopropionic acid_18373",0.0
A0A8D5FTP2,Tri_2_aminophenol_35037,0.0
A0A8D5FTP2,Tri_2_aminophenol_39976,2856.135669431702
A0A8D5FTP2,Tri_3_methoxytyramine_36008,0.0
A0A8D5FTP2,Tri_GABA_22882,140747.31299718138
A0A8D5FTP2,Tri_GABA_26794,867319.3131176723
A0A8D5FTP2,Tri_GABA_M+H2O_23885,0.0
A0A8D5FTP2,Tri_alanine_28457,0.0
A0A8D5FTP2,Tri_arginine_18281,0.0
A0A8D5FTP2,Tri_asparagine_20433,96551.19598991696
A0A8D5FTP2,Tri_cadaverine_19586,0.0
A0A8D5FTP2,Tri_citrulline_22220,0.0
A0A8D5FTP2,Tri_cystine_19329,0.0
A0A8D5FTP2,Tri_dopamine_32050,31916.67058742364
A0A8D5FTP2,Tri_dopamine_32195,0.0
A0A8D5FTP2,Tri_glutamine_22099,0.0
A0A8D5FTP2,Tri_glycine_25947,223713.15892990792
A0A8D5FTP2,Tri_glyglycine_20401,0.0
A0A8D5FTP2,Tri_histidine_17315,0.0
A0A8D5FTP2,Tri_methionine_33885,0.0
A0A8D5FTP2,Tri_ornithine_17210,0.0
A0A8D5FTP2,Tri_phenylalanine_22512,0.0
A0A8D5FTP2,Tri_phenylalanine_37508,0.0
A0A8D5FTP2,Tri_phenylalanine_40024,52122.46209026899
A0A8D5FTP2,Tri_proline_M+NH4_18411,0.0
A0A8D5FTP2,Tri_putrescine_18433,0.0
A0A8D5FTP2,Tri_serine_23158,0.0
A0A8D5FTP2,Tri_taurine_20369,0.0
A0A8D5FTP2,Tri_tryptamine_38723,0.0
A0A8J7U9Z7,"3a,7a,12k_alanine_20366",0.0
A0A8J7U9Z7,"3a,7a,12k_lysine_23168",0.0
A0A8J7U9Z7,3a12k_serine_27652,0.0
A0A8J7U9Z7,3a12k_taurine_22309,24002344.942199267
A0A8J7U9Z7,3a7a12k_taurine_14542,23158684.64000813
A0A8J7U9Z7,3a7k_citrulline_24966,0.0
A0A8J7U9Z7,3a7k_glutamine_24909,0.0
A0A8J7U9Z7,3a7k_serine_26456,0.0
A0A8J7U9Z7,3a7k_threonine_27078,0.0
A0A8J7U9Z7,3k12a_lysine_23849,0.0
A0A8J7U9Z7,3k7a_glutamine_29953,0.0
A0A8J7U9Z7,3k7a_proline_M+NH4_21780,0.0
A0A8J7U9Z7,"Di_2,3_diaminopropionic acid_14073",0.0
A0A8J7U9Z7,Di_2_aminophenol_36589,0.0
A0A8J7U9Z7,Di_2_aminophenol_40269,0.0
A0A8J7U9Z7,Di_3_methoxytyramine_37128,0.0
A0A8J7U9Z7,Di_3_methoxytyramine_37165,0.0
A0A8J7U9Z7,Di_3_methoxytyramine_39396,0.0
A0A8J7U9Z7,Di_GABA_33328,2282.8735381682814
A0A8J7U9Z7,Di_GABA_36169,16700.644387120134
A0A8J7U9Z7,Di_alanine_27176,0.0
A0A8J7U9Z7,Di_alanine_35826,0.0
A0A8J7U9Z7,Di_alanine_37411,127912.49886051555
A0A8J7U9Z7,Di_citrulline_22104,0.0
A0A8J7U9Z7,Di_citrulline_31270,0.0
A0A8J7U9Z7,Di_dopamine_34015,0.0
A0A8J7U9Z7,Di_dopamine_38088,0.0
A0A8J7U9Z7,Di_glutamine_30065,0.0
A0A8J7U9Z7,Di_glutamine_30067,0.0
A0A8J7U9Z7,Di_glutamine_31254,0.0
A0A8J7U9Z7,Di_glycine_27361,2129231.059426029
A0A8J7U9Z7,Di_glycine_34166,4941821.662334708
A0A8J7U9Z7,Di_glycine_34738,381295.9246742836
A0A8J7U9Z7,Di_lysine_25070,0.0
A0A8J7U9Z7,Di_methionine_34896,0.0
A0A8J7U9Z7,Di_ornithine_15391,0.0
A0A8J7U9Z7,Di_ornithine_17963,0.0
A0A8J7U9Z7,Di_ornithine_22619,0.0
A0A8J7U9Z7,Di_ornithine_25325,0.0
A0A8J7U9Z7,Di_phenylalanine_22687,0.0
A0A8J7U9Z7,Di_phenylalanine_39833,75217.00605174698
A0A8J7U9Z7,Di_serine_32622,0.0
A0A8J7U9Z7,Di_taurine_19595,1291.79492368028
A0A8J7U9Z7,Di_taurine_29331,6387628.06124996
A0A8J7U9Z7,Di_taurine_30261,0.0
A0A8J7U9Z7,Di_threonine_23465,0.0
A0A8J7U9Z7,Di_threonine_33288,0.0
A0A8J7U9Z7,Di_unconjugated_34634,0.0
A0A8J7U9Z7,Mono_2_aminophenol_41901,0.0
A0A8J7U9Z7,Mono_2_aminophenol_45657,0.0
A0A8J7U9Z7,Mono_GABA_40494,19669.576378066267
A0A8J7U9Z7,Mono_alanine_40140,7203.995135663568
A0A8J7U9Z7,Mono_glutamine_37103,2606.5240646669818
A0A8J7U9Z7,Mono_glycine_38634,3864050.3223723816
A0A8J7U9Z7,Mono_lysine_32192,0.0
A0A8J7U9Z7,Mono_methionine_41397,0.0
A0A8J7U9Z7,Mono_ornithine_31596,0.0
A0A8J7U9Z7,Mono_ornithine_33494,0.0
A0A8J7U9Z7,Mono_phenylalanine_41412,0.0
A0A8J7U9Z7,Mono_serotonin_42743,0.0
A0A8J7U9Z7,Mono_taurine_35357,18066372.16309253
A0A8J7U9Z7,Mono_tyramine_38979,0.0
A0A8J7U9Z7,"Tri_2,3_diaminopropionic acid_14940",0.0
A0A8J7U9Z7,"Tri_2,3_diaminopropionic acid_17863",0.0
A0A8J7U9Z7,"Tri_2,3_diaminopropionic acid_17869",0.0
A0A8J7U9Z7,"Tri_2,3_diaminopropionic acid_18373",0.0
A0A8J7U9Z7,Tri_2_aminophenol_35037,0.0
A0A8J7U9Z7,Tri_2_aminophenol_39976,0.0
A0A8J7U9Z7,Tri_3_methoxytyramine_36008,0.0
A0A8J7U9Z7,Tri_GABA_22882,76854.44394825303
A0A8J7U9Z7,Tri_GABA_26794,457381.367163661
A0A8J7U9Z7,Tri_GABA_M+H2O_23885,0.0
A0A8J7U9Z7,Tri_alanine_28457,0.0
A0A8J7U9Z7,Tri_arginine_18281,0.0
A0A8J7U9Z7,Tri_asparagine_20433,43799.6487539785
A0A8J7U9Z7,Tri_cadaverine_19586,0.0
A0A8J7U9Z7,Tri_citrulline_22220,0.0
A0A8J7U9Z7,Tri_cystine_19329,0.0
A0A8J7U9Z7,Tri_dopamine_32050,11413.681280756677
A0A8J7U9Z7,Tri_dopamine_32195,0.0
A0A8J7U9Z7,Tri_glutamine_22099,0.0
A0A8J7U9Z7,Tri_glycine_25947,203237.8545398484
A0A8J7U9Z7,Tri_glyglycine_20401,0.0
A0A8J7U9Z7,Tri_histidine_17315,0.0
A0A8J7U9Z7,Tri_methionine_33885,0.0
A0A8J7U9Z7,Tri_ornithine_17210,0.0
A0A8J7U9Z7,Tri_phenylalanine_22512,0.0
A0A8J7U9Z7,Tri_phenylalanine_37508,0.0
A0A8J7U9Z7,Tri_phenylalanine_40024,21519.178320255676
A0A8J7U9Z7,Tri_proline_M+NH4_18411,0.0
A0A8J7U9Z7,Tri_putrescine_18433,0.0
A0A8J7U9Z7,Tri_serine_23158,0.0
A0A8J7U9Z7,Tri_taurine_20369,0.0
A0A8J7U9Z7,Tri_tryptamine_38723,0.0
A0A942AQR8,"3a,7a,12k_alanine_20366",81125.86913266405
A0A942AQR8,"3a,7a,12k_lysine_23168",0.0
A0A942AQR8,3a12k_serine_27652,3893.9994067670646
A0A942AQR8,3a12k_taurine_22309,2184070.290648231
A0A942AQR8,3a7a12k_taurine_14542,43404816.7652528
A0A942AQR8,3a7k_citrulline_24966,0.0
A0A942AQR8,3a7k_glutamine_24909,0.0
A0A942AQR8,3a7k_serine_26456,0.0
A0A942AQR8,3a7k_threonine_27078,0.0
A0A942AQR8,3k12a_lysine_23849,0.0
A0A942AQR8,3k7a_glutamine_29953,0.0
A0A942AQR8,3k7a_proline_M+NH4_21780,0.0
A0A942AQR8,"Di_2,3_diaminopropionic acid_14073",24210.97015681951
A0A942AQR8,Di_2_aminophenol_36589,2082848.4605652685
A0A942AQR8,Di_2_aminophenol_40269,1444649.7467695111
A0A942AQR8,Di_3_methoxytyramine_37128,1717164.3239523084
A0A942AQR8,Di_3_methoxytyramine_37165,167091.9056339059
A0A942AQR8,Di_3_methoxytyramine_39396,94207.92319903267
A0A942AQR8,Di_GABA_33328,33820.734955976906
A0A942AQR8,Di_GABA_36169,25926.645930028317
A0A942AQR8,Di_alanine_27176,16258.760692844384
A0A942AQR8,Di_alanine_35826,132361.05920495273
A0A942AQR8,Di_alanine_37411,285757.7937727519
A0A942AQR8,Di_citrulline_22104,0.0
A0A942AQR8,Di_citrulline_31270,0.0
A0A942AQR8,Di_dopamine_34015,474591.56211002887
A0A942AQR8,Di_dopamine_38088,130464.34031130376
A0A942AQR8,Di_glutamine_30065,0.0
A0A942AQR8,Di_glutamine_30067,0.0
A0A942AQR8,Di_glutamine_31254,0.0
A0A942AQR8,Di_glycine_27361,6572811.698559289
A0A942AQR8,Di_glycine_34166,10769717.491624784
A0A942AQR8,Di_glycine_34738,1155627.4644374198
A0A942AQR8,Di_lysine_25070,0.0
A0A942AQR8,Di_methionine_34896,0.0
A0A942AQR8,Di_ornithine_15391,0.0
A0A942AQR8,Di_ornithine_17963,76035.725
A0A942AQR8,Di_ornithine_22619,0.0
A0A942AQR8,Di_ornithine_25325,0.0
A0A942AQR8,Di_phenylalanine_22687,883.8385930168433
A0A942AQR8,Di_phenylalanine_39833,33646.37581061081
A0A942AQR8,Di_serine_32622,0.0
A0A942AQR8,Di_taurine_19595,0.0
A0A942AQR8,Di_taurine_29331,5072043.507433018
A0A942AQR8,Di_taurine_30261,0.0
A0A942AQR8,Di_threonine_23465,0.0
A0A942AQR8,Di_threonine_33288,0.0
A0A942AQR8,Di_unconjugated_34634,32833.871627108616
A0A942AQR8,Mono_2_aminophenol_41901,63285.890736246765
A0A942AQR8,Mono_2_aminophenol_45657,15982.730088864424
A0A942AQR8,Mono_GABA_40494,75119.0423250528
A0A942AQR8,Mono_alanine_40140,52077.382859547084
A0A942AQR8,Mono_glutamine_37103,0.0
A0A942AQR8,Mono_glycine_38634,9173386.023518702
A0A942AQR8,Mono_lysine_32192,0.0
A0A942AQR8,Mono_methionine_41397,2133.5402415121926
A0A942AQR8,Mono_ornithine_31596,0.0
A0A942AQR8,Mono_ornithine_33494,75039.65656658859
A0A942AQR8,Mono_phenylalanine_41412,0.0
A0A942AQR8,Mono_serotonin_42743,106581.48566675966
A0A942AQR8,Mono_taurine_35357,2824989.2760321754
A0A942AQR8,Mono_tyramine_38979,57145.72057774979
A0A942AQR8,"Tri_2,3_diaminopropionic acid_14940",0.0
A0A942AQR8,"Tri_2,3_diaminopropionic acid_17863",0.0
A0A942AQR8,"Tri_2,3_diaminopropionic acid_17869",0.0
A0A942AQR8,"Tri_2,3_diaminopropionic acid_18373",525635.8403309967
A0A942AQR8,Tri_2_aminophenol_35037,338423.64620286226
A0A942AQR8,Tri_2_aminophenol_39976,1900821.1237110775
A0A942AQR8,Tri_3_methoxytyramine_36008,13822.93865452803
A0A942AQR8,Tri_GABA_22882,79964.59894673218
A0A942AQR8,Tri_GABA_26794,457816.7798905293
A0A942AQR8,Tri_GABA_M+H2O_23885,3863.8429030685425
A0A942AQR8,Tri_alanine_28457,6077.18638039788
A0A942AQR8,Tri_arginine_18281,0.0
A0A942AQR8,Tri_asparagine_20433,57943.85052802972
A0A942AQR8,Tri_cadaverine_19586,0.0
A0A942AQR8,Tri_citrulline_22220,0.0
A0A942AQR8,Tri_cystine_19329,0.0
A0A942AQR8,Tri_dopamine_32050,33184.873573179226
A0A942AQR8,Tri_dopamine_32195,9461.27515303567
A0A942AQR8,Tri_glutamine_22099,0.0
A0A942AQR8,Tri_glycine_25947,0.0
A0A942AQR8,Tri_glyglycine_20401,0.0
A0A942AQR8,Tri_histidine_17315,0.0
A0A942AQR8,Tri_methionine_33885,0.0
A0A942AQR8,Tri_ornithine_17210,0.0
A0A942AQR8,Tri_phenylalanine_22512,0.0
A0A942AQR8,Tri_phenylalanine_37508,0.0
A0A942AQR8,Tri_phenylalanine_40024,77420.9311224055
A0A942AQR8,Tri_proline_M+NH4_18411,0.0
A0A942AQR8,Tri_putrescine_18433,0.0
A0A942AQR8,Tri_serine_23158,0.0
A0A942AQR8,Tri_taurine_20369,0.0
A0A942AQR8,Tri_tryptamine_38723,3846.7913930036657
A0A952U252,"3a,7a,12k_alanine_20366",0.0
A0A952U252,"3a,7a,12k_lysine_23168",0.0
A0A952U252,3a12k_serine_27652,0.0
A0A952U252,3a12k_taurine_22309,19845788.311092887
A0A952U252,3a7a12k_taurine_14542,22507155.000643644
A0A952U252,3a7k_citrulline_24966,0.0
A0A952U252,3a7k_glutamine_24909,0.0
A0A952U252,3a7k_serine_26456,0.0
A0A952U252,3a7k_threonine_27078,0.0
A0A952U252,3k12a_lysine_23849,0.0
A0A952U252,3k7a_glutamine_29953,0.0
A0A952U252,3k7a_proline_M+NH4_21780,0.0
A0A952U252,"Di_2,3_diaminopropionic acid_14073",0.0
A0A952U252,Di_2_aminophenol_36589,0.0
A0A952U252,Di_2_aminophenol_40269,0.0
A0A952U252,Di_3_methoxytyramine_37128,0.0
A0A952U252,Di_3_methoxytyramine_37165,0.0
A0A952U252,Di_3_methoxytyramine_39396,0.0
A0A952U252,Di_GABA_33328,2404.752628771964
A0A952U252,Di_GABA_36169,19826.497890763138
A0A952U252,Di_alanine_27176,0.0
A0A952U252,Di_alanine_35826,0.0
A0A952U252,Di_alanine_37411,105359.74351926213
A0A952U252,Di_citrulline_22104,0.0
A0A952U252,Di_citrulline_31270,0.0
A0A952U252,Di_dopamine_34015,0.0
A0A952U252,Di_dopamine_38088,0.0
A0A952U252,Di_glutamine_30065,0.0
A0A952U252,Di_glutamine_30067,0.0
A0A952U252,Di_glutamine_31254,0.0
A0A952U252,Di_glycine_27361,1752782.2815028278
A0A952U252,Di_glycine_34166,4884066.0984284775
A0A952U252,Di_glycine_34738,327013.82529729593
A0A952U252,Di_lysine_25070,0.0
A0A952U252,Di_methionine_34896,0.0
A0A952U252,Di_ornithine_15391,0.0
A0A952U252,Di_ornithine_17963,0.0
A0A952U252,Di_ornithine_22619,0.0
A0A952U252,Di_ornithine_25325,0.0
A0A952U252,Di_phenylalanine_22687,0.0
A0A952U252,Di_phenylalanine_39833,77570.85386897654
A0A952U252,Di_serine_32622,0.0
A0A952U252,Di_taurine_19595,0.0
A0A952U252,Di_taurine_29331,2988242.2278060066
A0A952U252,Di_taurine_30261,0.0
A0A952U252,Di_threonine_23465,0.0
A0A952U252,Di_threonine_33288,0.0
A0A952U252,Di_unconjugated_34634,0.0
A0A952U252,Mono_2_aminophenol_41901,0.0
A0A952U252,Mono_2_aminophenol_45657,218.47415795171906
A0A952U252,Mono_GABA_40494,16111.635682276892
A0A952U252,Mono_alanine_40140,8298.271445415698
A0A952U252,Mono_glutamine_37103,2588.1191974655912
A0A952U252,Mono_glycine_38634,4433564.530301252
A0A952U252,Mono_lysine_32192,0.0
A0A952U252,Mono_methionine_41397,0.0
A0A952U252,Mono_ornithine_31596,0.0
A0A952U252,Mono_ornithine_33494,0.0
A0A952U252,Mono_phenylalanine_41412,0.0
A0A952U252,Mono_serotonin_42743,0.0
A0A952U252,Mono_taurine_35357,15516306.18527187
A0A952U252,Mono_tyramine_38979,0.0
A0A952U252,"Tri_2,3_diaminopropionic acid_14940",0.0
A0A952U252,"Tri_2,3_diaminopropionic acid_17863",0.0
A0A952U252,"Tri_2,3_diaminopropionic acid_17869",0.0
A0A952U252,"Tri_2,3_diaminopropionic acid_18373",0.0
A0A952U252,Tri_2_aminophenol_35037,0.0
A0A952U252,Tri_2_aminophenol_39976,838.1734956765022
A0A952U252,Tri_3_methoxytyramine_36008,0.0
A0A952U252,Tri_GABA_22882,76077.38064779477
A0A952U252,Tri_GABA_26794,353366.9349144649
A0A952U252,Tri_GABA_M+H2O_23885,0.0
A0A952U252,Tri_alanine_28457,0.0
A0A952U252,Tri_arginine_18281,0.0
A0A952U252,Tri_asparagine_20433,38803.061032688034
A0A952U252,Tri_cadaverine_19586,0.0
A0A952U252,Tri_citrulline_22220,0.0
A0A952U252,Tri_cystine_19329,0.0
A0A952U252,Tri_dopamine_32050,19246.89881921821
A0A952U252,Tri_dopamine_32195,0.0
A0A952U252,Tri_glutamine_22099,0.0
A0A952U252,Tri_glycine_25947,144936.8460841345
A0A952U252,Tri_glyglycine_20401,0.0
A0A952U252,Tri_histidine_17315,0.0
A0A952U252,Tri_methionine_33885,0.0
A0A952U252,Tri_ornithine_17210,0.0
A0A952U252,Tri_phenylalanine_22512,0.0
A0A952U252,Tri_phenylalanine_37508,0.0
A0A952U252,Tri_phenylalanine_40024,19821.911903127846
A0A952U252,Tri_proline_M+NH4_18411,0.0
A0A952U252,Tri_putrescine_18433,0.0
A0A952U252,Tri_serine_23158,0.0
A0A952U252,Tri_taurine_20369,0.0
A0A952U252,Tri_tryptamine_38723,0.0
A6LC91,"3a,7a,12k_alanine_20366",0.0
A6LC91,"3a,7a,12k_lysine_23168",0.0
A6LC91,3a12k_serine_27652,0.0
A6LC91,3a12k_taurine_22309,86558.08219258615
A6LC91,3a7a12k_taurine_14542,46596.363546927874
A6LC91,3a7k_citrulline_24966,0.0
A6LC91,3a7k_glutamine_24909,0.0
A6LC91,3a7k_serine_26456,0.0
A6LC91,3a7k_threonine_27078,0.0
A6LC91,3k12a_lysine_23849,0.0
A6LC91,3k7a_glutamine_29953,0.0
A6LC91,3k7a_proline_M+NH4_21780,0.0
A6LC91,"Di_2,3_diaminopropionic acid_14073",0.0
A6LC91,Di_2_aminophenol_36589,0.0
A6LC91,Di_2_aminophenol_40269,0.0
A6LC91,Di_3_methoxytyramine_37128,0.0
A6LC91,Di_3_methoxytyramine_37165,0.0
A6LC91,Di_3_methoxytyramine_39396,0.0
A6LC91,Di_GABA_33328,0.0
A6LC91,Di_GABA_36169,0.0
A6LC91,Di_alanine_27176,0.0
A6LC91,Di_alanine_35826,0.0
A6LC91,Di_alanine_37411,0.0
A6LC91,Di_citrulline_22104,0.0
A6LC91,Di_citrulline_31270,0.0
A6LC91,Di_dopamine_34015,0.0
A6LC91,Di_dopamine_38088,0.0
A6LC91,Di_glutamine_30065,0.0
A6LC91,Di_glutamine_30067,0.0
A6LC91,Di_glutamine_31254,0.0
A6LC91,Di_glycine_27361,73008.7005595743
A6LC91,Di_glycine_34166,76035.725
A6LC91,Di_glycine_34738,0.0
A6LC91,Di_lysine_25070,0.0
A6LC91,Di_methionine_34896,0.0
A6LC91,Di_ornithine_15391,0.0
A6LC91,Di_ornithine_17963,0.0
A6LC91,Di_ornithine_22619,0.0
A6LC91,Di_ornithine_25325,0.0
A6LC91,Di_phenylalanine_22687,0.0
A6LC91,Di_phenylalanine_39833,0.0
A6LC91,Di_serine_32622,0.0
A6LC91,Di_taurine_19595,0.0
A6LC91,Di_taurine_29331,108616.44865530022
A6LC91,Di_taurine_30261,0.0
A6LC91,Di_threonine_23465,0.0
A6LC91,Di_threonine_33288,0.0
A6LC91,Di_unconjugated_34634,0.0
A6LC91,Mono_2_aminophenol_41901,0.0
A6LC91,Mono_2_aminophenol_45657,0.0
A6LC91,Mono_GABA_40494,0.0
A6LC91,Mono_alanine_40140,0.0
A6LC91,Mono_glutamine_37103,0.0
A6LC91,Mono_glycine_38634,254611.72448970555
A6LC91,Mono_lysine_32192,0.0
A6LC91,Mono_methionine_41397,0.0
A6LC91,Mono_ornithine_31596,0.0
A6LC91,Mono_ornithine_33494,0.0
A6LC91,Mono_phenylalanine_41412,0.0
A6LC91,Mono_serotonin_42743,0.0
A6LC91,Mono_taurine_35357,150877.25559895308
A6LC91,Mono_tyramine_38979,0.0
A6LC91,"Tri_2,3_diaminopropionic acid_14940",0.0
A6LC91,"Tri_2,3_diaminopropionic acid_17863",0.0
A6LC91,"Tri_2,3_diaminopropionic acid_17869",0.0
A6LC91,"Tri_2,3_diaminopropionic acid_18373",0.0
A6LC91,Tri_2_aminophenol_35037,0.0
A6LC91,Tri_2_aminophenol_39976,0.0
A6LC91,Tri_3_methoxytyramine_36008,0.0
A6LC91,Tri_GABA_22882,0.0
A6LC91,Tri_GABA_26794,0.0
A6LC91,Tri_GABA_M+H2O_23885,0.0
A6LC91,Tri_alanine_28457,0.0
A6LC91,Tri_arginine_18281,0.0
A6LC91,Tri_asparagine_20433,0.0
A6LC91,Tri_cadaverine_19586,0.0
A6LC91,Tri_citrulline_22220,0.0
A6LC91,Tri_cystine_19329,0.0
A6LC91,Tri_dopamine_32050,0.0
A6LC91,Tri_dopamine_32195,0.0
A6LC91,Tri_glutamine_22099,0.0
A6LC91,Tri_glycine_25947,0.0
A6LC91,Tri_glyglycine_20401,0.0
A6LC91,Tri_histidine_17315,0.0
A6LC91,Tri_methionine_33885,0.0
A6LC91,Tri_ornithine_17210,0.0
A6LC91,Tri_phenylalanine_22512,0.0
A6LC91,Tri_phenylalanine_37508,0.0
A6LC91,Tri_phenylalanine_40024,0.0
A6LC91,Tri_proline_M+NH4_18411,0.0
A6LC91,Tri_putrescine_18433,0.0
A6LC91,Tri_serine_23158,0.0
A6LC91,Tri_taurine_20369,0.0
A6LC91,Tri_tryptamine_38723,0.0
A7A5K1,"3a,7a,12k_alanine_20366",0.0
A7A5K1,"3a,7a,12k_lysine_23168",0.0
A7A5K1,3a12k_serine_27652,0.0
A7A5K1,3a12k_taurine_22309,74911.52312882028
A7A5K1,3a7a12k_taurine_14542,36625.38236613299
A7A5K1,3a7k_citrulline_24966,0.0
A7A5K1,3a7k_glutamine_24909,0.0
A7A5K1,3a7k_serine_26456,0.0
A7A5K1,3a7k_threonine_27078,0.0
A7A5K1,3k12a_lysine_23849,0.0
A7A5K1,3k7a_glutamine_29953,0.0
A7A5K1,3k7a_proline_M+NH4_21780,0.0
A7A5K1,"Di_2,3_diaminopropionic acid_14073",0.0
A7A5K1,Di_2_aminophenol_36589,0.0
A7A5K1,Di_2_aminophenol_40269,0.0
A7A5K1,Di_3_methoxytyramine_37128,0.0
A7A5K1,Di_3_methoxytyramine_37165,0.0
A7A5K1,Di_3_methoxytyramine_39396,0.0
A7A5K1,Di_GABA_33328,0.0
A7A5K1,Di_GABA_36169,0.0
A7A5K1,Di_alanine_27176,0.0
A7A5K1,Di_alanine_35826,0.0
A7A5K1,Di_alanine_37411,0.0
A7A5K1,Di_citrulline_22104,0.0
A7A5K1,Di_citrulline_31270,0.0
A7A5K1,Di_dopamine_34015,0.0
A7A5K1,Di_dopamine_38088,0.0
A7A5K1,Di_glutamine_30065,0.0
A7A5K1,Di_glutamine_30067,0.0
A7A5K1,Di_glutamine_31254,0.0
A7A5K1,Di_glycine_27361,88998.64768571872
A7A5K1,Di_glycine_34166,98578.2333270008
A7A5K1,Di_glycine_34738,0.0
A7A5K1,Di_lysine_25070,0.0
A7A5K1,Di_methionine_34896,0.0
A7A5K1,Di_ornithine_15391,0.0
A7A5K1,Di_ornithine_17963,0.0
A7A5K1,Di_ornithine_22619,0.0
A7A5K1,Di_ornithine_25325,0.0
A7A5K1,Di_phenylalanine_22687,0.0
A7A5K1,Di_phenylalanine_39833,0.0
A7A5K1,Di_serine_32622,0.0
A7A5K1,Di_taurine_19595,0.0
A7A5K1,Di_taurine_29331,102919.53644531433
A7A5K1,Di_taurine_30261,0.0
A7A5K1,Di_threonine_23465,0.0
A7A5K1,Di_threonine_33288,0.0
A7A5K1,Di_unconjugated_34634,0.0
A7A5K1,Mono_2_aminophenol_41901,0.0
A7A5K1,Mono_2_aminophenol_45657,0.0
A7A5K1,Mono_GABA_40494,0.0
A7A5K1,Mono_alanine_40140,0.0
A7A5K1,Mono_glutamine_37103,0.0
A7A5K1,Mono_glycine_38634,117532.41850895158
A7A5K1,Mono_lysine_32192,0.0
A7A5K1,Mono_methionine_41397,0.0
A7A5K1,Mono_ornithine_31596,0.0
A7A5K1,Mono_ornithine_33494,0.0
A7A5K1,Mono_phenylalanine_41412,0.0
A7A5K1,Mono_serotonin_42743,0.0
A7A5K1,Mono_taurine_35357,31760.40945122024
A7A5K1,Mono_tyramine_38979,0.0
A7A5K1,"Tri_2,3_diaminopropionic acid_14940",0.0
A7A5K1,"Tri_2,3_diaminopropionic acid_17863",0.0
A7A5K1,"Tri_2,3_diaminopropionic acid_17869",0.0
A7A5K1,"Tri_2,3_diaminopropionic acid_18373",0.0
A7A5K1,Tri_2_aminophenol_35037,0.0
A7A5K1,Tri_2_aminophenol_39976,0.0
A7A5K1,Tri_3_methoxytyramine_36008,0.0
A7A5K1,Tri_GABA_22882,0.0
A7A5K1,Tri_GABA_26794,0.0
A7A5K1,Tri_GABA_M+H2O_23885,0.0
A7A5K1,Tri_alanine_28457,0.0
A7A5K1,Tri_arginine_18281,0.0
A7A5K1,Tri_asparagine_20433,0.0
A7A5K1,Tri_cadaverine_19586,0.0
A7A5K1,Tri_citrulline_22220,0.0
A7A5K1,Tri_cystine_19329,0.0
A7A5K1,Tri_dopamine_32050,0.0
A7A5K1,Tri_dopamine_32195,0.0
A7A5K1,Tri_glutamine_22099,0.0
A7A5K1,Tri_glycine_25947,0.0
A7A5K1,Tri_glyglycine_20401,0.0
A7A5K1,Tri_histidine_17315,0.0
A7A5K1,Tri_methionine_33885,0.0
A7A5K1,Tri_ornithine_17210,0.0
A7A5K1,Tri_phenylalanine_22512,0.0
A7A5K1,Tri_phenylalanine_37508,0.0
A7A5K1,Tri_phenylalanine_40024,0.0
A7A5K1,Tri_proline_M+NH4_18411,0.0
A7A5K1,Tri_putrescine_18433,0.0
A7A5K1,Tri_serine_23158,0.0
A7A5K1,Tri_taurine_20369,0.0
A7A5K1,Tri_tryptamine_38723,0.0
A7VQ44,"3a,7a,12k_alanine_20366",284314.7713497233
A7VQ44,"3a,7a,12k_lysine_23168",4189.147579474977
A7VQ44,3a12k_serine_27652,0.0
A7VQ44,3a12k_taurine_22309,2537420.842976681
A7VQ44,3a7a12k_taurine_14542,4264369.923134207
A7VQ44,3a7k_citrulline_24966,0.0
A7VQ44,3a7k_glutamine_24909,0.0
A7VQ44,3a7k_serine_26456,961.184288193005
A7VQ44,3a7k_threonine_27078,0.0
A7VQ44,3k12a_lysine_23849,0.0
A7VQ44,3k7a_glutamine_29953,0.0
A7VQ44,3k7a_proline_M+NH4_21780,0.0
A7VQ44,"Di_2,3_diaminopropionic acid_14073",0.0
A7VQ44,Di_2_aminophenol_36589,115734.34096642317
A7VQ44,Di_2_aminophenol_40269,151444.90505532475
A7VQ44,Di_3_methoxytyramine_37128,6066.95512836293
A7VQ44,Di_3_methoxytyramine_37165,0.0
A7VQ44,Di_3_methoxytyramine_39396,0.0
A7VQ44,Di_GABA_33328,323043.3490965833
A7VQ44,Di_GABA_36169,41943.40644568939
A7VQ44,Di_alanine_27176,0.0
A7VQ44,Di_alanine_35826,77175.40430928838
A7VQ44,Di_alanine_37411,442047.4818143428
A7VQ44,Di_citrulline_22104,0.0
A7VQ44,Di_citrulline_31270,0.0
A7VQ44,Di_dopamine_34015,0.0
A7VQ44,Di_dopamine_38088,0.0
A7VQ44,Di_glutamine_30065,0.0
A7VQ44,Di_glutamine_30067,0.0
A7VQ44,Di_glutamine_31254,0.0
A7VQ44,Di_glycine_27361,12732484.444942396
A7VQ44,Di_glycine_34166,21895958.16510169
A7VQ44,Di_glycine_34738,2169990.896560695
A7VQ44,Di_lysine_25070,0.0
A7VQ44,Di_methionine_34896,0.0
A7VQ44,Di_ornithine_15391,0.0
A7VQ44,Di_ornithine_17963,9189.349250211691
A7VQ44,Di_ornithine_22619,0.0
A7VQ44,Di_ornithine_25325,5725.043078526541
A7VQ44,Di_phenylalanine_22687,0.0
A7VQ44,Di_phenylalanine_39833,48151.41366070932
A7VQ44,Di_serine_32622,0.0
A7VQ44,Di_taurine_19595,0.0
A7VQ44,Di_taurine_29331,3243723.2127430444
A7VQ44,Di_taurine_30261,0.0
A7VQ44,Di_threonine_23465,0.0
A7VQ44,Di_threonine_33288,0.0
A7VQ44,Di_unconjugated_34634,31851.642150145668
A7VQ44,Mono_2_aminophenol_41901,0.0
A7VQ44,Mono_2_aminophenol_45657,3309.891081933281
A7VQ44,Mono_GABA_40494,39669.03302097595
A7VQ44,Mono_alanine_40140,36323.39200946848
A7VQ44,Mono_glutamine_37103,0.0
A7VQ44,Mono_glycine_38634,20218978.170472357
A7VQ44,Mono_lysine_32192,0.0
A7VQ44,Mono_methionine_41397,0.0
A7VQ44,Mono_ornithine_31596,0.0
A7VQ44,Mono_ornithine_33494,8321.991574395408
A7VQ44,Mono_phenylalanine_41412,0.0
A7VQ44,Mono_serotonin_42743,12409.127018311112
A7VQ44,Mono_taurine_35357,2956122.9406045936
A7VQ44,Mono_tyramine_38979,0.0
A7VQ44,"Tri_2,3_diaminopropionic acid_14940",1077.473791907916
A7VQ44,"Tri_2,3_diaminopropionic acid_17863",0.0
A7VQ44,"Tri_2,3_diaminopropionic acid_17869",0.0
A7VQ44,"Tri_2,3_diaminopropionic acid_18373",5480423.331326544
A7VQ44,Tri_2_aminophenol_35037,29930.441327038527
A7VQ44,Tri_2_aminophenol_39976,261151.41382783398
A7VQ44,Tri_3_methoxytyramine_36008,0.0
A7VQ44,Tri_GABA_22882,124875.12224925769
A7VQ44,Tri_GABA_26794,788156.8791000136
A7VQ44,Tri_GABA_M+H2O_23885,252354.7657412528
A7VQ44,Tri_alanine_28457,6272.31828011905
A7VQ44,Tri_arginine_18281,0.0
A7VQ44,Tri_asparagine_20433,138945.8267677836
A7VQ44,Tri_cadaverine_19586,0.0
A7VQ44,Tri_citrulline_22220,0.0
A7VQ44,Tri_cystine_19329,0.0
A7VQ44,Tri_dopamine_32050,43452.879797986694
A7VQ44,Tri_dopamine_32195,0.0
A7VQ44,Tri_glutamine_22099,0.0
A7VQ44,Tri_glycine_25947,0.0
A7VQ44,Tri_glyglycine_20401,0.0
A7VQ44,Tri_histidine_17315,0.0
A7VQ44,Tri_methionine_33885,0.0
A7VQ44,Tri_ornithine_17210,0.0
A7VQ44,Tri_phenylalanine_22512,0.0
A7VQ44,Tri_phenylalanine_37508,0.0
A7VQ44,Tri_phenylalanine_40024,92087.60542341547
A7VQ44,Tri_proline_M+NH4_18411,2569.4452948594426
A7VQ44,Tri_putrescine_18433,0.0
A7VQ44,Tri_serine_23158,0.0
A7VQ44,Tri_taurine_20369,0.0
A7VQ44,Tri_tryptamine_38723,0.0
B0MC37,"3a,7a,12k_alanine_20366",0.0
B0MC37,"3a,7a,12k_lysine_23168",0.0
B0MC37,3a12k_serine_27652,0.0
B0MC37,3a12k_taurine_22309,25947205.418166313
B0MC37,3a7a12k_taurine_14542,33179050.961497124
B0MC37,3a7k_citrulline_24966,0.0
B0MC37,3a7k_glutamine_24909,0.0
B0MC37,3a7k_serine_26456,0.0
B0MC37,3a7k_threonine_27078,0.0
B0MC37,3k12a_lysine_23849,0.0
B0MC37,3k7a_glutamine_29953,0.0
B0MC37,3k7a_proline_M+NH4_21780,0.0
B0MC37,"Di_2,3_diaminopropionic acid_14073",0.0
B0MC37,Di_2_aminophenol_36589,0.0
B0MC37,Di_2_aminophenol_40269,0.0
B0MC37,Di_3_methoxytyramine_37128,0.0
B0MC37,Di_3_methoxytyramine_37165,0.0
B0MC37,Di_3_methoxytyramine_39396,0.0
B0MC37,Di_GABA_33328,3274.376032809211
B0MC37,Di_GABA_36169,23976.89699383725
B0MC37,Di_alanine_27176,0.0
B0MC37,Di_alanine_35826,0.0
B0MC37,Di_alanine_37411,157428.42885739548
B0MC37,Di_citrulline_22104,0.0
B0MC37,Di_citrulline_31270,0.0
B0MC37,Di_dopamine_34015,0.0
B0MC37,Di_dopamine_38088,0.0
B0MC37,Di_glutamine_30065,0.0
B0MC37,Di_glutamine_30067,0.0
B0MC37,Di_glutamine_31254,0.0
B0MC37,Di_glycine_27361,2696929.5647518206
B0MC37,Di_glycine_34166,6635944.092539959
B0MC37,Di_glycine_34738,492934.82701774937
B0MC37,Di_lysine_25070,0.0
B0MC37,Di_methionine_34896,0.0
B0MC37,Di_ornithine_15391,0.0
B0MC37,Di_ornithine_17963,0.0
B0MC37,Di_ornithine_22619,0.0
B0MC37,Di_ornithine_25325,0.0
B0MC37,Di_phenylalanine_22687,0.0
B0MC37,Di_phenylalanine_39833,100530.99800661941
B0MC37,Di_serine_32622,0.0
B0MC37,Di_taurine_19595,0.0
B0MC37,Di_taurine_29331,7358331.968454467
B0MC37,Di_taurine_30261,0.0
B0MC37,Di_threonine_23465,0.0
B0MC37,Di_threonine_33288,0.0
B0MC37,Di_unconjugated_34634,0.0
B0MC37,Mono_2_aminophenol_41901,0.0
B0MC37,Mono_2_aminophenol_45657,0.0
B0MC37,Mono_GABA_40494,18260.321477086014
B0MC37,Mono_alanine_40140,11861.189204088627
B0MC37,Mono_glutamine_37103,1701.9569353682457
B0MC37,Mono_glycine_38634,5145004.131841779
B0MC37,Mono_lysine_32192,0.0
B0MC37,Mono_methionine_41397,0.0
B0MC37,Mono_ornithine_31596,0.0
B0MC37,Mono_ornithine_33494,0.0
B0MC37,Mono_phenylalanine_41412,0.0
B0MC37,Mono_serotonin_42743,0.0
B0MC37,Mono_taurine_35357,20711776.044808354
B0MC37,Mono_tyramine_38979,0.0
B0MC37,"Tri_2,3_diaminopropionic acid_14940",0.0
B0MC37,"Tri_2,3_diaminopropionic acid_17863",0.0
B0MC37,"Tri_2,3_diaminopropionic acid_17869",0.0
B0MC37,"Tri_2,3_diaminopropionic acid_18373",4019.1473788489056
B0MC37,Tri_2_aminophenol_35037,0.0
B0MC37,Tri_2_aminophenol_39976,1322.501581761647
B0MC37,Tri_3_methoxytyramine_36008,0.0
B0MC37,Tri_GABA_22882,88833.17325875437
B0MC37,Tri_GABA_26794,488699.7136777251
B0MC37,Tri_GABA_M+H2O_23885,0.0
B0MC37,Tri_alanine_28457,0.0
B0MC37,Tri_arginine_18281,0.0
B0MC37,Tri_asparagine_20433,50587.44364335506
B0MC37,Tri_cadaverine_19586,0.0
B0MC37,Tri_citrulline_22220,0.0
B0MC37,Tri_cystine_19329,0.0
B0MC37,Tri_dopamine_32050,12848.526438375497
B0MC37,Tri_dopamine_32195,0.0
B0MC37,Tri_glutamine_22099,0.0
B0MC37,Tri_glycine_25947,262685.0716898149
B0MC37,Tri_glyglycine_20401,0.0
B0MC37,Tri_histidine_17315,0.0
B0MC37,Tri_methionine_33885,0.0
B0MC37,Tri_ornithine_17210,0.0
B0MC37,Tri_phenylalanine_22512,0.0
B0MC37,Tri_phenylalanine_37508,0.0
B0MC37,Tri_phenylalanine_40024,17737.906047005756
B0MC37,Tri_proline_M+NH4_18411,0.0
B0MC37,Tri_putrescine_18433,0.0
B0MC37,Tri_serine_23158,0.0
B0MC37,Tri_taurine_20369,0.0
B0MC37,Tri_tryptamine_38723,0.0
B5D243,"3a,7a,12k_alanine_20366",0.0
B5D243,"3a,7a,12k_lysine_23168",0.0
B5D243,3a12k_serine_27652,0.0
B5D243,3a12k_taurine_22309,63769.119913147646
B5D243,3a7a12k_taurine_14542,53491.60294801
B5D243,3a7k_citrulline_24966,0.0
B5D243,3a7k_glutamine_24909,0.0
B5D243,3a7k_serine_26456,0.0
B5D243,3a7k_threonine_27078,0.0
B5D243,3k12a_lysine_23849,0.0
B5D243,3k7a_glutamine_29953,0.0
B5D243,3k7a_proline_M+NH4_21780,0.0
B5D243,"Di_2,3_diaminopropionic acid_14073",0.0
B5D243,Di_2_aminophenol_36589,0.0
B5D243,Di_2_aminophenol_40269,0.0
B5D243,Di_3_methoxytyramine_37128,0.0
B5D243,Di_3_methoxytyramine_37165,0.0
B5D243,Di_3_methoxytyramine_39396,0.0
B5D243,Di_GABA_33328,0.0
B5D243,Di_GABA_36169,0.0
B5D243,Di_alanine_27176,0.0
B5D243,Di_alanine_35826,0.0
B5D243,Di_alanine_37411,0.0
B5D243,Di_citrulline_22104,0.0
B5D243,Di_citrulline_31270,0.0
B5D243,Di_dopamine_34015,0.0
B5D243,Di_dopamine_38088,0.0
B5D243,Di_glutamine_30065,0.0
B5D243,Di_glutamine_30067,0.0
B5D243,Di_glutamine_31254,0.0
B5D243,Di_glycine_27361,78943.19365613273
B5D243,Di_glycine_34166,73128.25634386728
B5D243,Di_glycine_34738,0.0
B5D243,Di_lysine_25070,0.0
B5D243,Di_methionine_34896,0.0
B5D243,Di_ornithine_15391,0.0
B5D243,Di_ornithine_17963,0.0
B5D243,Di_ornithine_22619,0.0
B5D243,Di_ornithine_25325,0.0
B5D243,Di_phenylalanine_22687,0.0
B5D243,Di_phenylalanine_39833,0.0
B5D243,Di_serine_32622,0.0
B5D243,Di_taurine_19595,0.0
B5D243,Di_taurine_29331,81857.97716667304
B5D243,Di_taurine_30261,0.0
B5D243,Di_threonine_23465,0.0
B5D243,Di_threonine_33288,0.0
B5D243,Di_unconjugated_34634,0.0
B5D243,Mono_2_aminophenol_41901,0.0
B5D243,Mono_2_aminophenol_45657,0.0
B5D243,Mono_GABA_40494,0.0
B5D243,Mono_alanine_40140,0.0
B5D243,Mono_glutamine_37103,0.0
B5D243,Mono_glycine_38634,358696.47553967364
B5D243,Mono_lysine_32192,0.0
B5D243,Mono_methionine_41397,0.0
B5D243,Mono_ornithine_31596,0.0
B5D243,Mono_ornithine_33494,0.0
B5D243,Mono_phenylalanine_41412,0.0
B5D243,Mono_serotonin_42743,0.0
B5D243,Mono_taurine_35357,89099.88590748132
B5D243,Mono_tyramine_38979,0.0
B5D243,"Tri_2,3_diaminopropionic acid_14940",0.0
B5D243,"Tri_2,3_diaminopropionic acid_17863",0.0
B5D243,"Tri_2,3_diaminopropionic acid_17869",0.0
B5D243,"Tri_2,3_diaminopropionic acid_18373",0.0
B5D243,Tri_2_aminophenol_35037,0.0
B5D243,Tri_2_aminophenol_39976,0.0
B5D243,Tri_3_methoxytyramine_36008,0.0
B5D243,Tri_GABA_22882,0.0
B5D243,Tri_GABA_26794,0.0
B5D243,Tri_GABA_M+H2O_23885,0.0
B5D243,Tri_alanine_28457,0.0
B5D243,Tri_arginine_18281,0.0
B5D243,Tri_asparagine_20433,0.0
B5D243,Tri_cadaverine_19586,0.0
B5D243,Tri_citrulline_22220,0.0
B5D243,Tri_cystine_19329,0.0
B5D243,Tri_dopamine_32050,0.0
B5D243,Tri_dopamine_32195,0.0
B5D243,Tri_glutamine_22099,0.0
B5D243,Tri_glycine_25947,0.0
B5D243,Tri_glyglycine_20401,0.0
B5D243,Tri_histidine_17315,0.0
B5D243,Tri_methionine_33885,0.0
B5D243,Tri_ornithine_17210,0.0
B5D243,Tri_phenylalanine_22512,0.0
B5D243,Tri_phenylalanine_37508,0.0
B5D243,Tri_phenylalanine_40024,0.0
B5D243,Tri_proline_M+NH4_18411,0.0
B5D243,Tri_putrescine_18433,0.0
B5D243,Tri_serine_23158,0.0
B5D243,Tri_taurine_20369,0.0
B5D243,Tri_tryptamine_38723,0.0
B7AVX6,"3a,7a,12k_alanine_20366",0.0
B7AVX6,"3a,7a,12k_lysine_23168",0.0
B7AVX6,3a12k_serine_27652,0.0
B7AVX6,3a12k_taurine_22309,70927486.1869572
B7AVX6,3a7a12k_taurine_14542,60136020.465494975
B7AVX6,3a7k_citrulline_24966,0.0
B7AVX6,3a7k_glutamine_24909,0.0
B7AVX6,3a7k_serine_26456,2514.1051024547246
B7AVX6,3a7k_threonine_27078,0.0
B7AVX6,3k12a_lysine_23849,0.0
B7AVX6,3k7a_glutamine_29953,0.0
B7AVX6,3k7a_proline_M+NH4_21780,0.0
B7AVX6,"Di_2,3_diaminopropionic acid_14073",0.0
B7AVX6,Di_2_aminophenol_36589,6735.233631240131
B7AVX6,Di_2_aminophenol_40269,2280.134395456069
B7AVX6,Di_3_methoxytyramine_37128,0.0
B7AVX6,Di_3_methoxytyramine_37165,0.0
B7AVX6,Di_3_methoxytyramine_39396,0.0
B7AVX6,Di_GABA_33328,12882.44055943113
B7AVX6,Di_GABA_36169,52808.729281778826
B7AVX6,Di_alanine_27176,0.0
B7AVX6,Di_alanine_35826,0.0
B7AVX6,Di_alanine_37411,331461.3318043829
B7AVX6,Di_citrulline_22104,0.0
B7AVX6,Di_citrulline_31270,0.0
B7AVX6,Di_dopamine_34015,0.0
B7AVX6,Di_dopamine_38088,0.0
B7AVX6,Di_glutamine_30065,0.0
B7AVX6,Di_glutamine_30067,0.0
B7AVX6,Di_glutamine_31254,0.0
B7AVX6,Di_glycine_27361,5119161.943795787
B7AVX6,Di_glycine_34166,13315607.253467642
B7AVX6,Di_glycine_34738,1138447.4840790955
B7AVX6,Di_lysine_25070,0.0
B7AVX6,Di_methionine_34896,0.0
B7AVX6,Di_ornithine_15391,0.0
B7AVX6,Di_ornithine_17963,0.0
B7AVX6,Di_ornithine_22619,0.0
B7AVX6,Di_ornithine_25325,0.0
B7AVX6,Di_phenylalanine_22687,0.0
B7AVX6,Di_phenylalanine_39833,204010.93979017943
B7AVX6,Di_serine_32622,0.0
B7AVX6,Di_taurine_19595,4286.891283379305
B7AVX6,Di_taurine_29331,15390709.589169256
B7AVX6,Di_taurine_30261,0.0
B7AVX6,Di_threonine_23465,417.1112828738665
B7AVX6,Di_threonine_33288,0.0
B7AVX6,Di_unconjugated_34634,0.0
B7AVX6,Mono_2_aminophenol_41901,0.0
B7AVX6,Mono_2_aminophenol_45657,526.395033670207
B7AVX6,Mono_GABA_40494,46874.59928384335
B7AVX6,Mono_alanine_40140,23216.591206701407
B7AVX6,Mono_glutamine_37103,7222.852591035381
B7AVX6,Mono_glycine_38634,10614633.391283391
B7AVX6,Mono_lysine_32192,0.0
B7AVX6,Mono_methionine_41397,0.0
B7AVX6,Mono_ornithine_31596,0.0
B7AVX6,Mono_ornithine_33494,0.0
B7AVX6,Mono_phenylalanine_41412,0.0
B7AVX6,Mono_serotonin_42743,0.0
B7AVX6,Mono_taurine_35357,38302202.14946708
B7AVX6,Mono_tyramine_38979,0.0
B7AVX6,"Tri_2,3_diaminopropionic acid_14940",0.0
B7AVX6,"Tri_2,3_diaminopropionic acid_17863",0.0
B7AVX6,"Tri_2,3_diaminopropionic acid_17869",0.0
B7AVX6,"Tri_2,3_diaminopropionic acid_18373",0.0
B7AVX6,Tri_2_aminophenol_35037,0.0
B7AVX6,Tri_2_aminophenol_39976,3445.302305117377
B7AVX6,Tri_3_methoxytyramine_36008,0.0
B7AVX6,Tri_GABA_22882,208991.02457800548
B7AVX6,Tri_GABA_26794,1081374.890819833
B7AVX6,Tri_GABA_M+H2O_23885,2597.409303545752
B7AVX6,Tri_alanine_28457,917.955124907505
B7AVX6,Tri_arginine_18281,0.0
B7AVX6,Tri_asparagine_20433,107664.86326653423
B7AVX6,Tri_cadaverine_19586,0.0
B7AVX6,Tri_citrulline_22220,0.0
B7AVX6,Tri_cystine_19329,0.0
B7AVX6,Tri_dopamine_32050,26257.21140547361
B7AVX6,Tri_dopamine_32195,0.0
B7AVX6,Tri_glutamine_22099,0.0
B7AVX6,Tri_glycine_25947,656031.3001928093
B7AVX6,Tri_glyglycine_20401,0.0
B7AVX6,Tri_histidine_17315,0.0
B7AVX6,Tri_methionine_33885,0.0
B7AVX6,Tri_ornithine_17210,0.0
B7AVX6,Tri_phenylalanine_22512,0.0
B7AVX6,Tri_phenylalanine_37508,0.0
B7AVX6,Tri_phenylalanine_40024,77343.07535565937
B7AVX6,Tri_proline_M+NH4_18411,0.0
B7AVX6,Tri_putrescine_18433,0.0
B7AVX6,Tri_serine_23158,0.0
B7AVX6,Tri_taurine_20369,0.0
B7AVX6,Tri_tryptamine_38723,0.0
BBD47700,"3a,7a,12k_alanine_20366",238308.82094885185
BBD47700,"3a,7a,12k_lysine_23168",0.0
BBD47700,3a12k_serine_27652,0.0
BBD47700,3a12k_taurine_22309,10396475.22820178
BBD47700,3a7a12k_taurine_14542,4568432.522112435
BBD47700,3a7k_citrulline_24966,0.0
BBD47700,3a7k_glutamine_24909,0.0
BBD47700,3a7k_serine_26456,1155.7879629982024
BBD47700,3a7k_threonine_27078,0.0
BBD47700,3k12a_lysine_23849,0.0
BBD47700,3k7a_glutamine_29953,0.0
BBD47700,3k7a_proline_M+NH4_21780,0.0
BBD47700,"Di_2,3_diaminopropionic acid_14073",0.0
BBD47700,Di_2_aminophenol_36589,14325.117569131366
BBD47700,Di_2_aminophenol_40269,38693.01715577468
BBD47700,Di_3_methoxytyramine_37128,3248.4114490771176
BBD47700,Di_3_methoxytyramine_37165,0.0
BBD47700,Di_3_methoxytyramine_39396,0.0
BBD47700,Di_GABA_33328,79180.28990596304
BBD47700,Di_GABA_36169,37921.26951770287
BBD47700,Di_alanine_27176,12700.191604237001
BBD47700,Di_alanine_35826,435740.8200832993
BBD47700,Di_alanine_37411,416748.30178720184
BBD47700,Di_citrulline_22104,0.0
BBD47700,Di_citrulline_31270,0.0
BBD47700,Di_dopamine_34015,0.0
BBD47700,Di_dopamine_38088,0.0
BBD47700,Di_glutamine_30065,0.0
BBD47700,Di_glutamine_30067,0.0
BBD47700,Di_glutamine_31254,0.0
BBD47700,Di_glycine_27361,11610902.782605782
BBD47700,Di_glycine_34166,21977131.50584686
BBD47700,Di_glycine_34738,1670680.1197739092
BBD47700,Di_lysine_25070,0.0
BBD47700,Di_methionine_34896,0.0
BBD47700,Di_ornithine_15391,0.0
BBD47700,Di_ornithine_17963,0.0
BBD47700,Di_ornithine_22619,0.0
BBD47700,Di_ornithine_25325,0.0
BBD47700,Di_phenylalanine_22687,0.0
BBD47700,Di_phenylalanine_39833,256035.34966103587
BBD47700,Di_serine_32622,0.0
BBD47700,Di_taurine_19595,13030.759041409061
BBD47700,Di_taurine_29331,14911072.812766064
BBD47700,Di_taurine_30261,0.0
BBD47700,Di_threonine_23465,0.0
BBD47700,Di_threonine_33288,0.0
BBD47700,Di_unconjugated_34634,0.0
BBD47700,Mono_2_aminophenol_41901,0.0
BBD47700,Mono_2_aminophenol_45657,772.0166175542115
BBD47700,Mono_GABA_40494,30677.0713766198
BBD47700,Mono_alanine_40140,44805.34030091761
BBD47700,Mono_glutamine_37103,6634.741073202781
BBD47700,Mono_glycine_38634,15581619.725255128
BBD47700,Mono_lysine_32192,0.0
BBD47700,Mono_methionine_41397,0.0
BBD47700,Mono_ornithine_31596,0.0
BBD47700,Mono_ornithine_33494,0.0
BBD47700,Mono_phenylalanine_41412,0.0
BBD47700,Mono_serotonin_42743,0.0
BBD47700,Mono_taurine_35357,18811093.1160795
BBD47700,Mono_tyramine_38979,0.0
BBD47700,"Tri_2,3_diaminopropionic acid_14940",17139.191325062824
BBD47700,"Tri_2,3_diaminopropionic acid_17863",0.0
BBD47700,"Tri_2,3_diaminopropionic acid_17869",0.0
BBD47700,"Tri_2,3_diaminopropionic acid_18373",5842149.095861751
BBD47700,Tri_2_aminophenol_35037,0.0
BBD47700,Tri_2_aminophenol_39976,161522.7625598635
BBD47700,Tri_3_methoxytyramine_36008,0.0
BBD47700,Tri_GABA_22882,189966.1446679392
BBD47700,Tri_GABA_26794,1067044.927457514
BBD47700,Tri_GABA_M+H2O_23885,53241.22345358091
BBD47700,Tri_alanine_28457,0.0
BBD47700,Tri_arginine_18281,0.0
BBD47700,Tri_asparagine_20433,177046.42380325304
BBD47700,Tri_cadaverine_19586,0.0
BBD47700,Tri_citrulline_22220,0.0
BBD47700,Tri_cystine_19329,0.0
BBD47700,Tri_dopamine_32050,40345.74664214252
BBD47700,Tri_dopamine_32195,0.0
BBD47700,Tri_glutamine_22099,0.0
BBD47700,Tri_glycine_25947,0.0
BBD47700,Tri_glyglycine_20401,0.0
BBD47700,Tri_histidine_17315,0.0
BBD47700,Tri_methionine_33885,0.0
BBD47700,Tri_ornithine_17210,0.0
BBD47700,Tri_phenylalanine_22512,0.0
BBD47700,Tri_phenylalanine_37508,0.0
BBD47700,Tri_phenylalanine_40024,43550.18349095378
BBD47700,Tri_proline_M+NH4_18411,0.0
BBD47700,Tri_putrescine_18433,0.0
BBD47700,Tri_serine_23158,0.0
BBD47700,Tri_taurine_20369,0.0
BBD47700,Tri_tryptamine_38723,0.0
C0CIF5,"3a,7a,12k_alanine_20366",0.0
C0CIF5,"3a,7a,12k_lysine_23168",0.0
C0CIF5,3a12k_serine_27652,3295.516858761376
C0CIF5,3a12k_taurine_22309,76302887.4543115
C0CIF5,3a7a12k_taurine_14542,80231810.33648784
C0CIF5,3a7k_citrulline_24966,0.0
C0CIF5,3a7k_glutamine_24909,0.0
C0CIF5,3a7k_serine_26456,0.0
C0CIF5,3a7k_threonine_27078,0.0
C0CIF5,3k12a_lysine_23849,0.0
C0CIF5,3k7a_glutamine_29953,0.0
C0CIF5,3k7a_proline_M+NH4_21780,0.0
C0CIF5,"Di_2,3_diaminopropionic acid_14073",0.0
C0CIF5,Di_2_aminophenol_36589,0.0
C0CIF5,Di_2_aminophenol_40269,0.0
C0CIF5,Di_3_methoxytyramine_37128,0.0
C0CIF5,Di_3_methoxytyramine_37165,0.0
C0CIF5,Di_3_methoxytyramine_39396,0.0
C0CIF5,Di_GABA_33328,14818.55021997963
C0CIF5,Di_GABA_36169,50890.4943389946
C0CIF5,Di_alanine_27176,0.0
C0CIF5,Di_alanine_35826,0.0
C0CIF5,Di_alanine_37411,386051.4221331711
C0CIF5,Di_citrulline_22104,0.0
C0CIF5,Di_citrulline_31270,0.0
C0CIF5,Di_dopamine_34015,0.0
C0CIF5,Di_dopamine_38088,0.0
C0CIF5,Di_glutamine_30065,0.0
C0CIF5,Di_glutamine_30067,0.0
C0CIF5,Di_glutamine_31254,0.0
C0CIF5,Di_glycine_27361,6940173.5374644045
C0CIF5,Di_glycine_34166,16150045.809200492
C0CIF5,Di_glycine_34738,1522752.5442851293
C0CIF5,Di_lysine_25070,0.0
C0CIF5,Di_methionine_34896,0.0
C0CIF5,Di_ornithine_15391,0.0
C0CIF5,Di_ornithine_17963,0.0
C0CIF5,Di_ornithine_22619,0.0
C0CIF5,Di_ornithine_25325,0.0
C0CIF5,Di_phenylalanine_22687,0.0
C0CIF5,Di_phenylalanine_39833,252447.18601015644
C0CIF5,Di_serine_32622,8308.162932716139
C0CIF5,Di_taurine_19595,0.0
C0CIF5,Di_taurine_29331,6937970.595580552
C0CIF5,Di_taurine_30261,0.0
C0CIF5,Di_threonine_23465,0.0
C0CIF5,Di_threonine_33288,0.0
C0CIF5,Di_unconjugated_34634,0.0
C0CIF5,Mono_2_aminophenol_41901,0.0
C0CIF5,Mono_2_aminophenol_45657,0.0
C0CIF5,Mono_GABA_40494,71850.56058638009
C0CIF5,Mono_alanine_40140,25983.753290993893
C0CIF5,Mono_glutamine_37103,2106.876944551648
C0CIF5,Mono_glycine_38634,14374020.30707791
C0CIF5,Mono_lysine_32192,0.0
C0CIF5,Mono_methionine_41397,0.0
C0CIF5,Mono_ornithine_31596,0.0
C0CIF5,Mono_ornithine_33494,0.0
C0CIF5,Mono_phenylalanine_41412,0.0
C0CIF5,Mono_serotonin_42743,0.0
C0CIF5,Mono_taurine_35357,46807008.71922437
C0CIF5,Mono_tyramine_38979,0.0
C0CIF5,"Tri_2,3_diaminopropionic acid_14940",0.0
C0CIF5,"Tri_2,3_diaminopropionic acid_17863",0.0
C0CIF5,"Tri_2,3_diaminopropionic acid_17869",0.0
C0CIF5,"Tri_2,3_diaminopropionic acid_18373",0.0
C0CIF5,Tri_2_aminophenol_35037,0.0
C0CIF5,Tri_2_aminophenol_39976,13768.629368622978
C0CIF5,Tri_3_methoxytyramine_36008,0.0
C0CIF5,Tri_GABA_22882,180940.93461107998
C0CIF5,Tri_GABA_26794,1110893.6975813946
C0CIF5,Tri_GABA_M+H2O_23885,1967.59266141579
C0CIF5,Tri_alanine_28457,0.0
C0CIF5,Tri_arginine_18281,0.0
C0CIF5,Tri_asparagine_20433,127426.91197347561
C0CIF5,Tri_cadaverine_19586,0.0
C0CIF5,Tri_citrulline_22220,0.0
C0CIF5,Tri_cystine_19329,0.0
C0CIF5,Tri_dopamine_32050,44465.32109545551
C0CIF5,Tri_dopamine_32195,0.0
C0CIF5,Tri_glutamine_22099,0.0
C0CIF5,Tri_glycine_25947,480002.5709615271
C0CIF5,Tri_glyglycine_20401,0.0
C0CIF5,Tri_histidine_17315,0.0
C0CIF5,Tri_methionine_33885,0.0
C0CIF5,Tri_ornithine_17210,0.0
C0CIF5,Tri_phenylalanine_22512,0.0
C0CIF5,Tri_phenylalanine_37508,0.0
C0CIF5,Tri_phenylalanine_40024,72484.8994733591
C0CIF5,Tri_proline_M+NH4_18411,0.0
C0CIF5,Tri_putrescine_18433,0.0
C0CIF5,Tri_serine_23158,0.0
C0CIF5,Tri_taurine_20369,0.0
C0CIF5,Tri_tryptamine_38723,0.0
C0ERS1,"3a,7a,12k_alanine_20366",2307993.3122901847
C0ERS1,"3a,7a,12k_lysine_23168",373693.6078141402
C0ERS1,3a12k_serine_27652,556751.1558218196
C0ERS1,3a12k_taurine_22309,6712809.440214949
C0ERS1,3a7a12k_taurine_14542,8812330.49700098
C0ERS1,3a7k_citrulline_24966,0.0
C0ERS1,3a7k_glutamine_24909,69428.27650987724
C0ERS1,3a7k_serine_26456,369352.2007234036
C0ERS1,3a7k_threonine_27078,381000.9778381746
C0ERS1,3k12a_lysine_23849,0.0
C0ERS1,3k7a_glutamine_29953,670.3735355157478
C0ERS1,3k7a_proline_M+NH4_21780,0.0
C0ERS1,"Di_2,3_diaminopropionic acid_14073",8991.868280108221
C0ERS1,Di_2_aminophenol_36589,937021.2027099414
C0ERS1,Di_2_aminophenol_40269,485080.4225389169
C0ERS1,Di_3_methoxytyramine_37128,12612.141738114267
C0ERS1,Di_3_methoxytyramine_37165,0.0
C0ERS1,Di_3_methoxytyramine_39396,37976.96323426128
C0ERS1,Di_GABA_33328,445036.3474922733
C0ERS1,Di_GABA_36169,39486.50294447416
C0ERS1,Di_alanine_27176,89872.4351698238
C0ERS1,Di_alanine_35826,475826.3140889576
C0ERS1,Di_alanine_37411,576459.09438685
C0ERS1,Di_citrulline_22104,35242.330989530856
C0ERS1,Di_citrulline_31270,88121.51354515752
C0ERS1,Di_dopamine_34015,5302.989912584212
C0ERS1,Di_dopamine_38088,9430.966498370153
C0ERS1,Di_glutamine_30065,22411.597666271744
C0ERS1,Di_glutamine_30067,77092.53241636044
C0ERS1,Di_glutamine_31254,41463.34841179013
C0ERS1,Di_glycine_27361,1371557.0616125823
C0ERS1,Di_glycine_34166,1641991.889775451
C0ERS1,Di_glycine_34738,215920.8075727444
C0ERS1,Di_lysine_25070,29702.245997749214
C0ERS1,Di_methionine_34896,54331.05096998603
C0ERS1,Di_ornithine_15391,4990.458080909495
C0ERS1,Di_ornithine_17963,4990.458080909495
C0ERS1,Di_ornithine_22619,5188.743643276444
C0ERS1,Di_ornithine_25325,0.0
C0ERS1,Di_phenylalanine_22687,59201.39771584209
C0ERS1,Di_phenylalanine_39833,62727.95892684493
C0ERS1,Di_serine_32622,102137.78444609288
C0ERS1,Di_taurine_19595,4882.748291537889
C0ERS1,Di_taurine_29331,11520728.731260553
C0ERS1,Di_taurine_30261,13883.850552475518
C0ERS1,Di_threonine_23465,58707.55370214655
C0ERS1,Di_threonine_33288,76399.79878960396
C0ERS1,Di_unconjugated_34634,341203.512409417
C0ERS1,Mono_2_aminophenol_41901,10875.89203103968
C0ERS1,Mono_2_aminophenol_45657,1251.789206365537
C0ERS1,Mono_GABA_40494,26618.25629649875
C0ERS1,Mono_alanine_40140,214396.6159319113
C0ERS1,Mono_glutamine_37103,0.0
C0ERS1,Mono_glycine_38634,1332730.6668950655
C0ERS1,Mono_lysine_32192,4908.437471971027
C0ERS1,Mono_methionine_41397,48225.216243661846
C0ERS1,Mono_ornithine_31596,0.0
C0ERS1,Mono_ornithine_33494,0.0
C0ERS1,Mono_phenylalanine_41412,115858.03349406426
C0ERS1,Mono_serotonin_42743,16420.326039766387
C0ERS1,Mono_taurine_35357,9473435.85175832
C0ERS1,Mono_tyramine_38979,284515.13139839954
C0ERS1,"Tri_2,3_diaminopropionic acid_14940",241929.6314981171
C0ERS1,"Tri_2,3_diaminopropionic acid_17863",184980.82765113792
C0ERS1,"Tri_2,3_diaminopropionic acid_17869",0.0
C0ERS1,"Tri_2,3_diaminopropionic acid_18373",7046062.579519681
C0ERS1,Tri_2_aminophenol_35037,645910.9999385802
C0ERS1,Tri_2_aminophenol_39976,3827140.4635960925
C0ERS1,Tri_3_methoxytyramine_36008,12652.138629103025
C0ERS1,Tri_GABA_22882,0.0
C0ERS1,Tri_GABA_26794,50618.11569136741
C0ERS1,Tri_GABA_M+H2O_23885,219778.070993283
C0ERS1,Tri_alanine_28457,136138.74684398767
C0ERS1,Tri_arginine_18281,124658.60054795477
C0ERS1,Tri_asparagine_20433,1080495.6788697364
C0ERS1,Tri_cadaverine_19586,0.0
C0ERS1,Tri_citrulline_22220,42812.433455121616
C0ERS1,Tri_cystine_19329,28801.751503622057
C0ERS1,Tri_dopamine_32050,46228.25870121727
C0ERS1,Tri_dopamine_32195,633.3126566133776
C0ERS1,Tri_glutamine_22099,33494.16238512307
C0ERS1,Tri_glycine_25947,0.0
C0ERS1,Tri_glyglycine_20401,75087.18774847117
C0ERS1,Tri_histidine_17315,76035.725
C0ERS1,Tri_methionine_33885,132551.94416064906
C0ERS1,Tri_ornithine_17210,2593.9935496962767
C0ERS1,Tri_phenylalanine_22512,42523.07392598842
C0ERS1,Tri_phenylalanine_37508,64809.669371256765
C0ERS1,Tri_phenylalanine_40024,117358.3962233294
C0ERS1,Tri_proline_M+NH4_18411,0.0
C0ERS1,Tri_putrescine_18433,1144.0187158212511
C0ERS1,Tri_serine_23158,33957.10209934242
C0ERS1,Tri_taurine_20369,0.0
C0ERS1,Tri_tryptamine_38723,0.0
G5H9N3,"3a,7a,12k_alanine_20366",0.0
G5H9N3,"3a,7a,12k_lysine_23168",0.0
G5H9N3,3a12k_serine_27652,0.0
G5H9N3,3a12k_taurine_22309,28700422.139147956
G5H9N3,3a7a12k_taurine_14542,27821214.75018996
G5H9N3,3a7k_citrulline_24966,0.0
G5H9N3,3a7k_glutamine_24909,0.0
G5H9N3,3a7k_serine_26456,0.0
G5H9N3,3a7k_threonine_27078,0.0
G5H9N3,3k12a_lysine_23849,0.0
G5H9N3,3k7a_glutamine_29953,0.0
G5H9N3,3k7a_proline_M+NH4_21780,0.0
G5H9N3,"Di_2,3_diaminopropionic acid_14073",0.0
G5H9N3,Di_2_aminophenol_36589,865.2441862616145
G5H9N3,Di_2_aminophenol_40269,0.0
G5H9N3,Di_3_methoxytyramine_37128,0.0
G5H9N3,Di_3_methoxytyramine_37165,0.0
G5H9N3,Di_3_methoxytyramine_39396,0.0
G5H9N3,Di_GABA_33328,3323.589714674298
G5H9N3,Di_GABA_36169,19858.01455037374
G5H9N3,Di_alanine_27176,0.0
G5H9N3,Di_alanine_35826,0.0
G5H9N3,Di_alanine_37411,137889.8907664546
G5H9N3,Di_citrulline_22104,0.0
G5H9N3,Di_citrulline_31270,0.0
G5H9N3,Di_dopamine_34015,0.0
G5H9N3,Di_dopamine_38088,0.0
G5H9N3,Di_glutamine_30065,0.0
G5H9N3,Di_glutamine_30067,0.0
G5H9N3,Di_glutamine_31254,0.0
G5H9N3,Di_glycine_27361,2496668.412714164
G5H9N3,Di_glycine_34166,5793100.374247642
G5H9N3,Di_glycine_34738,229464.78140901081
G5H9N3,Di_lysine_25070,0.0
G5H9N3,Di_methionine_34896,0.0
G5H9N3,Di_ornithine_15391,0.0
G5H9N3,Di_ornithine_17963,0.0
G5H9N3,Di_ornithine_22619,0.0
G5H9N3,Di_ornithine_25325,0.0
G5H9N3,Di_phenylalanine_22687,0.0
G5H9N3,Di_phenylalanine_39833,93256.32160004975
G5H9N3,Di_serine_32622,0.0
G5H9N3,Di_taurine_19595,1640.0897137902996
G5H9N3,Di_taurine_29331,5457994.593200731
G5H9N3,Di_taurine_30261,0.0
G5H9N3,Di_threonine_23465,0.0
G5H9N3,Di_threonine_33288,0.0
G5H9N3,Di_unconjugated_34634,0.0
G5H9N3,Mono_2_aminophenol_41901,0.0
G5H9N3,Mono_2_aminophenol_45657,644.0754458862758
G5H9N3,Mono_GABA_40494,15233.679851099594
G5H9N3,Mono_alanine_40140,11587.662684068908
G5H9N3,Mono_glutamine_37103,2854.5680304217935
G5H9N3,Mono_glycine_38634,4739161.758342704
G5H9N3,Mono_lysine_32192,0.0
G5H9N3,Mono_methionine_41397,0.0
G5H9N3,Mono_ornithine_31596,0.0
G5H9N3,Mono_ornithine_33494,0.0
G5H9N3,Mono_phenylalanine_41412,0.0
G5H9N3,Mono_serotonin_42743,0.0
G5H9N3,Mono_taurine_35357,18063158.340496097
G5H9N3,Mono_tyramine_38979,0.0
G5H9N3,"Tri_2,3_diaminopropionic acid_14940",0.0
G5H9N3,"Tri_2,3_diaminopropionic acid_17863",0.0
G5H9N3,"Tri_2,3_diaminopropionic acid_17869",0.0
G5H9N3,"Tri_2,3_diaminopropionic acid_18373",0.0
G5H9N3,Tri_2_aminophenol_35037,0.0
G5H9N3,Tri_2_aminophenol_39976,1889.6334709484095
G5H9N3,Tri_3_methoxytyramine_36008,0.0
G5H9N3,Tri_GABA_22882,94227.7439835415
G5H9N3,Tri_GABA_26794,488605.38637683215
G5H9N3,Tri_GABA_M+H2O_23885,0.0
G5H9N3,Tri_alanine_28457,0.0
G5H9N3,Tri_arginine_18281,0.0
G5H9N3,Tri_asparagine_20433,55336.46711127606
G5H9N3,Tri_cadaverine_19586,0.0
G5H9N3,Tri_citrulline_22220,0.0
G5H9N3,Tri_cystine_19329,0.0
G5H9N3,Tri_dopamine_32050,16680.64610222746
G5H9N3,Tri_dopamine_32195,0.0
G5H9N3,Tri_glutamine_22099,0.0
G5H9N3,Tri_glycine_25947,183713.15295510323
G5H9N3,Tri_glyglycine_20401,0.0
G5H9N3,Tri_histidine_17315,0.0
G5H9N3,Tri_methionine_33885,0.0
G5H9N3,Tri_ornithine_17210,0.0
G5H9N3,Tri_phenylalanine_22512,0.0
G5H9N3,Tri_phenylalanine_37508,0.0
G5H9N3,Tri_phenylalanine_40024,24605.576619340027
G5H9N3,Tri_proline_M+NH4_18411,0.0
G5H9N3,Tri_putrescine_18433,0.0
G5H9N3,Tri_serine_23158,0.0
G5H9N3,Tri_taurine_20369,0.0
G5H9N3,Tri_tryptamine_38723,0.0
G5H9U7,"3a,7a,12k_alanine_20366",0.0
G5H9U7,"3a,7a,12k_lysine_23168",0.0
G5H9U7,3a12k_serine_27652,0.0
G5H9U7,3a12k_taurine_22309,23913214.90808936
G5H9U7,3a7a12k_taurine_14542,22434521.834489044
G5H9U7,3a7k_citrulline_24966,0.0
G5H9U7,3a7k_glutamine_24909,0.0
G5H9U7,3a7k_serine_26456,0.0
G5H9U7,3a7k_threonine_27078,0.0
G5H9U7,3k12a_lysine_23849,0.0
G5H9U7,3k7a_glutamine_29953,0.0
G5H9U7,3k7a_proline_M+NH4_21780,0.0
G5H9U7,"Di_2,3_diaminopropionic acid_14073",0.0
G5H9U7,Di_2_aminophenol_36589,0.0
G5H9U7,Di_2_aminophenol_40269,0.0
G5H9U7,Di_3_methoxytyramine_37128,0.0
G5H9U7,Di_3_methoxytyramine_37165,0.0
G5H9U7,Di_3_methoxytyramine_39396,0.0
G5H9U7,Di_GABA_33328,2359.6431426119198
G5H9U7,Di_GABA_36169,17725.17055188928
G5H9U7,Di_alanine_27176,0.0
G5H9U7,Di_alanine_35826,0.0
G5H9U7,Di_alanine_37411,112293.53410693459
G5H9U7,Di_citrulline_22104,0.0
G5H9U7,Di_citrulline_31270,0.0
G5H9U7,Di_dopamine_34015,0.0
G5H9U7,Di_dopamine_38088,0.0
G5H9U7,Di_glutamine_30065,0.0
G5H9U7,Di_glutamine_30067,0.0
G5H9U7,Di_glutamine_31254,0.0
G5H9U7,Di_glycine_27361,1959085.1877564096
G5H9U7,Di_glycine_34166,4692910.679938702
G5H9U7,Di_glycine_34738,378269.05431999126
G5H9U7,Di_lysine_25070,0.0
G5H9U7,Di_methionine_34896,0.0
G5H9U7,Di_ornithine_15391,0.0
G5H9U7,Di_ornithine_17963,0.0
G5H9U7,Di_ornithine_22619,0.0
G5H9U7,Di_ornithine_25325,0.0
G5H9U7,Di_phenylalanine_22687,0.0
G5H9U7,Di_phenylalanine_39833,82866.56304614854
G5H9U7,Di_serine_32622,0.0
G5H9U7,Di_taurine_19595,0.0
G5H9U7,Di_taurine_29331,2967010.8705430124
G5H9U7,Di_taurine_30261,0.0
G5H9U7,Di_threonine_23465,0.0
G5H9U7,Di_threonine_33288,0.0
G5H9U7,Di_unconjugated_34634,0.0
G5H9U7,Mono_2_aminophenol_41901,0.0
G5H9U7,Mono_2_aminophenol_45657,390.55184461860705
G5H9U7,Mono_GABA_40494,16961.89518356817
G5H9U7,Mono_alanine_40140,11212.119146290814
G5H9U7,Mono_glutamine_37103,1641.7690985681302
G5H9U7,Mono_glycine_38634,4123138.5360698644
G5H9U7,Mono_lysine_32192,0.0
G5H9U7,Mono_methionine_41397,0.0
G5H9U7,Mono_ornithine_31596,0.0
G5H9U7,Mono_ornithine_33494,0.0
G5H9U7,Mono_phenylalanine_41412,0.0
G5H9U7,Mono_serotonin_42743,0.0
G5H9U7,Mono_taurine_35357,15953556.572714955
G5H9U7,Mono_tyramine_38979,0.0
G5H9U7,"Tri_2,3_diaminopropionic acid_14940",0.0
G5H9U7,"Tri_2,3_diaminopropionic acid_17863",0.0
G5H9U7,"Tri_2,3_diaminopropionic acid_17869",0.0
G5H9U7,"Tri_2,3_diaminopropionic acid_18373",0.0
G5H9U7,Tri_2_aminophenol_35037,0.0
G5H9U7,Tri_2_aminophenol_39976,0.0
G5H9U7,Tri_3_methoxytyramine_36008,0.0
G5H9U7,Tri_GABA_22882,76711.79789260484
G5H9U7,Tri_GABA_26794,365951.20012961765
G5H9U7,Tri_GABA_M+H2O_23885,217.73223368131872
G5H9U7,Tri_alanine_28457,0.0
G5H9U7,Tri_arginine_18281,0.0
G5H9U7,Tri_asparagine_20433,43142.65674443942
G5H9U7,Tri_cadaverine_19586,0.0
G5H9U7,Tri_citrulline_22220,0.0
G5H9U7,Tri_cystine_19329,0.0
G5H9U7,Tri_dopamine_32050,33017.00033286271
G5H9U7,Tri_dopamine_32195,0.0
G5H9U7,Tri_glutamine_22099,0.0
G5H9U7,Tri_glycine_25947,173940.18572957284
G5H9U7,Tri_glyglycine_20401,0.0
G5H9U7,Tri_histidine_17315,0.0
G5H9U7,Tri_methionine_33885,0.0
G5H9U7,Tri_ornithine_17210,0.0
G5H9U7,Tri_phenylalanine_22512,0.0
G5H9U7,Tri_phenylalanine_37508,4244.921054498691
G5H9U7,Tri_phenylalanine_40024,16868.52444904898
G5H9U7,Tri_proline_M+NH4_18411,0.0
G5H9U7,Tri_putrescine_18433,0.0
G5H9U7,Tri_serine_23158,0.0
G5H9U7,Tri_taurine_20369,0.0
G5H9U7,Tri_tryptamine_38723,0.0
H1DEM8,"3a,7a,12k_alanine_20366",0.0
H1DEM8,"3a,7a,12k_lysine_23168",0.0
H1DEM8,3a12k_serine_27652,0.0
H1DEM8,3a12k_taurine_22309,71554.14916533748
H1DEM8,3a7a12k_taurine_14542,54700.58804049546
H1DEM8,3a7k_citrulline_24966,0.0
H1DEM8,3a7k_glutamine_24909,0.0
H1DEM8,3a7k_serine_26456,0.0
H1DEM8,3a7k_threonine_27078,0.0
H1DEM8,3k12a_lysine_23849,0.0
H1DEM8,3k7a_glutamine_29953,0.0
H1DEM8,3k7a_proline_M+NH4_21780,0.0
H1DEM8,"Di_2,3_diaminopropionic acid_14073",0.0
H1DEM8,Di_2_aminophenol_36589,0.0
H1DEM8,Di_2_aminophenol_40269,0.0
H1DEM8,Di_3_methoxytyramine_37128,0.0
H1DEM8,Di_3_methoxytyramine_37165,0.0
H1DEM8,Di_3_methoxytyramine_39396,0.0
H1DEM8,Di_GABA_33328,0.0
H1DEM8,Di_GABA_36169,0.0
H1DEM8,Di_alanine_27176,0.0
H1DEM8,Di_alanine_35826,0.0
H1DEM8,Di_alanine_37411,0.0
H1DEM8,Di_citrulline_22104,0.0
H1DEM8,Di_citrulline_31270,0.0
H1DEM8,Di_dopamine_34015,0.0
H1DEM8,Di_dopamine_38088,0.0
H1DEM8,Di_glutamine_30065,0.0
H1DEM8,Di_glutamine_30067,0.0
H1DEM8,Di_glutamine_31254,0.0
H1DEM8,Di_glycine_27361,40817.97551728201
H1DEM8,Di_glycine_34166,44892.557030220254
H1DEM8,Di_glycine_34738,0.0
H1DEM8,Di_lysine_25070,0.0
H1DEM8,Di_methionine_34896,0.0
H1DEM8,Di_ornithine_15391,0.0
H1DEM8,Di_ornithine_17963,0.0
H1DEM8,Di_ornithine_22619,0.0
H1DEM8,Di_ornithine_25325,0.0
H1DEM8,Di_phenylalanine_22687,0.0
H1DEM8,Di_phenylalanine_39833,0.0
H1DEM8,Di_serine_32622,0.0
H1DEM8,Di_taurine_19595,0.0
H1DEM8,Di_taurine_29331,95943.92635139312
H1DEM8,Di_taurine_30261,0.0
H1DEM8,Di_threonine_23465,0.0
H1DEM8,Di_threonine_33288,0.0
H1DEM8,Di_unconjugated_34634,0.0
H1DEM8,Mono_2_aminophenol_41901,0.0
H1DEM8,Mono_2_aminophenol_45657,0.0
H1DEM8,Mono_GABA_40494,0.0
H1DEM8,Mono_alanine_40140,0.0
H1DEM8,Mono_glutamine_37103,0.0
H1DEM8,Mono_glycine_38634,173250.11337987625
H1DEM8,Mono_lysine_32192,0.0
H1DEM8,Mono_methionine_41397,0.0
H1DEM8,Mono_ornithine_31596,0.0
H1DEM8,Mono_ornithine_33494,0.0
H1DEM8,Mono_phenylalanine_41412,0.0
H1DEM8,Mono_serotonin_42743,0.0
H1DEM8,Mono_taurine_35357,110336.45820921945
H1DEM8,Mono_tyramine_38979,0.0
H1DEM8,"Tri_2,3_diaminopropionic acid_14940",0.0
H1DEM8,"Tri_2,3_diaminopropionic acid_17863",0.0
H1DEM8,"Tri_2,3_diaminopropionic acid_17869",0.0
H1DEM8,"Tri_2,3_diaminopropionic acid_18373",0.0
H1DEM8,Tri_2_aminophenol_35037,0.0
H1DEM8,Tri_2_aminophenol_39976,0.0
H1DEM8,Tri_3_methoxytyramine_36008,0.0
H1DEM8,Tri_GABA_22882,0.0
H1DEM8,Tri_GABA_26794,0.0
H1DEM8,Tri_GABA_M+H2O_23885,0.0
H1DEM8,Tri_alanine_28457,0.0
H1DEM8,Tri_arginine_18281,0.0
H1DEM8,Tri_asparagine_20433,0.0
H1DEM8,Tri_cadaverine_19586,0.0
H1DEM8,Tri_citrulline_22220,0.0
H1DEM8,Tri_cystine_19329,0.0
H1DEM8,Tri_dopamine_32050,0.0
H1DEM8,Tri_dopamine_32195,0.0
H1DEM8,Tri_glutamine_22099,0.0
H1DEM8,Tri_glycine_25947,0.0
H1DEM8,Tri_glyglycine_20401,0.0
H1DEM8,Tri_histidine_17315,0.0
H1DEM8,Tri_methionine_33885,0.0
H1DEM8,Tri_ornithine_17210,0.0
H1DEM8,Tri_phenylalanine_22512,0.0
H1DEM8,Tri_phenylalanine_37508,0.0
H1DEM8,Tri_phenylalanine_40024,0.0
H1DEM8,Tri_proline_M+NH4_18411,0.0
H1DEM8,Tri_putrescine_18433,0.0
H1DEM8,Tri_serine_23158,0.0
H1DEM8,Tri_taurine_20369,0.0
H1DEM8,Tri_tryptamine_38723,0.0
M7X2M2,"3a,7a,12k_alanine_20366",0.0
M7X2M2,"3a,7a,12k_lysine_23168",0.0
M7X2M2,3a12k_serine_27652,0.0
M7X2M2,3a12k_taurine_22309,35474074.5871154
M7X2M2,3a7a12k_taurine_14542,35381849.23551193
M7X2M2,3a7k_citrulline_24966,0.0
M7X2M2,3a7k_glutamine_24909,0.0
M7X2M2,3a7k_serine_26456,0.0
M7X2M2,3a7k_threonine_27078,0.0
M7X2M2,3k12a_lysine_23849,0.0
M7X2M2,3k7a_glutamine_29953,0.0
M7X2M2,3k7a_proline_M+NH4_21780,0.0
M7X2M2,"Di_2,3_diaminopropionic acid_14073",0.0
M7X2M2,Di_2_aminophenol_36589,1657.5861630470094
M7X2M2,Di_2_aminophenol_40269,0.0
M7X2M2,Di_3_methoxytyramine_37128,0.0
M7X2M2,Di_3_methoxytyramine_37165,0.0
M7X2M2,Di_3_methoxytyramine_39396,0.0
M7X2M2,Di_GABA_33328,3624.0404609807238
M7X2M2,Di_GABA_36169,21446.9586846398
M7X2M2,Di_alanine_27176,0.0
M7X2M2,Di_alanine_35826,0.0
M7X2M2,Di_alanine_37411,171727.451051037
M7X2M2,Di_citrulline_22104,0.0
M7X2M2,Di_citrulline_31270,0.0
M7X2M2,Di_dopamine_34015,0.0
M7X2M2,Di_dopamine_38088,0.0
M7X2M2,Di_glutamine_30065,0.0
M7X2M2,Di_glutamine_30067,0.0
M7X2M2,Di_glutamine_31254,0.0
M7X2M2,Di_glycine_27361,3088888.444838263
M7X2M2,Di_glycine_34166,7217991.854642098
M7X2M2,Di_glycine_34738,539348.217606255
M7X2M2,Di_lysine_25070,0.0
M7X2M2,Di_methionine_34896,0.0
M7X2M2,Di_ornithine_15391,0.0
M7X2M2,Di_ornithine_17963,0.0
M7X2M2,Di_ornithine_22619,0.0
M7X2M2,Di_ornithine_25325,0.0
M7X2M2,Di_phenylalanine_22687,0.0
M7X2M2,Di_phenylalanine_39833,134169.57055745466
M7X2M2,Di_serine_32622,0.0
M7X2M2,Di_taurine_19595,4292.8184988074445
M7X2M2,Di_taurine_29331,7903450.796506075
M7X2M2,Di_taurine_30261,0.0
M7X2M2,Di_threonine_23465,0.0
M7X2M2,Di_threonine_33288,0.0
M7X2M2,Di_unconjugated_34634,0.0
M7X2M2,Mono_2_aminophenol_41901,0.0
M7X2M2,Mono_2_aminophenol_45657,1071.087874925722
M7X2M2,Mono_GABA_40494,30647.71026272817
M7X2M2,Mono_alanine_40140,14607.093685485097
M7X2M2,Mono_glutamine_37103,4035.7834675344134
M7X2M2,Mono_glycine_38634,8049054.041972826
M7X2M2,Mono_lysine_32192,0.0
M7X2M2,Mono_methionine_41397,0.0
M7X2M2,Mono_ornithine_31596,0.0
M7X2M2,Mono_ornithine_33494,0.0
M7X2M2,Mono_phenylalanine_41412,0.0
M7X2M2,Mono_serotonin_42743,0.0
M7X2M2,Mono_taurine_35357,23867108.429479044
M7X2M2,Mono_tyramine_38979,0.0
M7X2M2,"Tri_2,3_diaminopropionic acid_14940",0.0
M7X2M2,"Tri_2,3_diaminopropionic acid_17863",0.0
M7X2M2,"Tri_2,3_diaminopropionic acid_17869",0.0
M7X2M2,"Tri_2,3_diaminopropionic acid_18373",0.0
M7X2M2,Tri_2_aminophenol_35037,0.0
M7X2M2,Tri_2_aminophenol_39976,1426.7522063874992
M7X2M2,Tri_3_methoxytyramine_36008,0.0
M7X2M2,Tri_GABA_22882,117823.33777241457
M7X2M2,Tri_GABA_26794,713268.9960713503
M7X2M2,Tri_GABA_M+H2O_23885,0.0
M7X2M2,Tri_alanine_28457,0.0
M7X2M2,Tri_arginine_18281,0.0
M7X2M2,Tri_asparagine_20433,66033.48495554374
M7X2M2,Tri_cadaverine_19586,0.0
M7X2M2,Tri_citrulline_22220,0.0
M7X2M2,Tri_cystine_19329,0.0
M7X2M2,Tri_dopamine_32050,17370.74716961102
M7X2M2,Tri_dopamine_32195,0.0
M7X2M2,Tri_glutamine_22099,0.0
M7X2M2,Tri_glycine_25947,169476.03685944426
M7X2M2,Tri_glyglycine_20401,0.0
M7X2M2,Tri_histidine_17315,0.0
M7X2M2,Tri_methionine_33885,0.0
M7X2M2,Tri_ornithine_17210,0.0
M7X2M2,Tri_phenylalanine_22512,0.0
M7X2M2,Tri_phenylalanine_37508,0.0
M7X2M2,Tri_phenylalanine_40024,51218.04731146314
M7X2M2,Tri_proline_M+NH4_18411,0.0
M7X2M2,Tri_putrescine_18433,0.0
M7X2M2,Tri_serine_23158,0.0
M7X2M2,Tri_taurine_20369,0.0
M7X2M2,Tri_tryptamine_38723,0.0
Negative_ctrl_1,"3a,7a,12k_alanine_20366",0.0
Negative_ctrl_1,"3a,7a,12k_lysine_23168",0.0
Negative_ctrl_1,3a12k_serine_27652,2063.858808261309
Negative_ctrl_1,3a12k_taurine_22309,83635015.58002676
Negative_ctrl_1,3a7a12k_taurine_14542,69864238.37554742
Negative_ctrl_1,3a7k_citrulline_24966,0.0
Negative_ctrl_1,3a7k_glutamine_24909,0.0
Negative_ctrl_1,3a7k_serine_26456,2316.5094198853244
Negative_ctrl_1,3a7k_threonine_27078,0.0
Negative_ctrl_1,3k12a_lysine_23849,0.0
Negative_ctrl_1,3k7a_glutamine_29953,0.0
Negative_ctrl_1,3k7a_proline_M+NH4_21780,0.0
Negative_ctrl_1,"Di_2,3_diaminopropionic acid_14073",0.0
Negative_ctrl_1,Di_2_aminophenol_36589,0.0
Negative_ctrl_1,Di_2_aminophenol_40269,2095.457235775358
Negative_ctrl_1,Di_3_methoxytyramine_37128,0.0
Negative_ctrl_1,Di_3_methoxytyramine_37165,0.0
Negative_ctrl_1,Di_3_methoxytyramine_39396,0.0
Negative_ctrl_1,Di_GABA_33328,8829.312794416284
Negative_ctrl_1,Di_GABA_36169,61407.676093303184
Negative_ctrl_1,Di_alanine_27176,0.0
Negative_ctrl_1,Di_alanine_35826,0.0
Negative_ctrl_1,Di_alanine_37411,377402.1555375116
Negative_ctrl_1,Di_citrulline_22104,0.0
Negative_ctrl_1,Di_citrulline_31270,0.0
Negative_ctrl_1,Di_dopamine_34015,0.0
Negative_ctrl_1,Di_dopamine_38088,0.0
Negative_ctrl_1,Di_glutamine_30065,0.0
Negative_ctrl_1,Di_glutamine_30067,0.0
Negative_ctrl_1,Di_glutamine_31254,0.0
Negative_ctrl_1,Di_glycine_27361,4368302.462323494
Negative_ctrl_1,Di_glycine_34166,12905101.375392247
Negative_ctrl_1,Di_glycine_34738,1018527.124613392
Negative_ctrl_1,Di_lysine_25070,0.0
Negative_ctrl_1,Di_methionine_34896,0.0
Negative_ctrl_1,Di_ornithine_15391,0.0
Negative_ctrl_1,Di_ornithine_17963,0.0
Negative_ctrl_1,Di_ornithine_22619,0.0
Negative_ctrl_1,Di_ornithine_25325,0.0
Negative_ctrl_1,Di_phenylalanine_22687,0.0
Negative_ctrl_1,Di_phenylalanine_39833,157738.93662945146
Negative_ctrl_1,Di_serine_32622,0.0
Negative_ctrl_1,Di_taurine_19595,6078.37513869043
Negative_ctrl_1,Di_taurine_29331,10555313.44547048
Negative_ctrl_1,Di_taurine_30261,0.0
Negative_ctrl_1,Di_threonine_23465,0.0
Negative_ctrl_1,Di_threonine_33288,0.0
Negative_ctrl_1,Di_unconjugated_34634,0.0
Negative_ctrl_1,Mono_2_aminophenol_41901,0.0
Negative_ctrl_1,Mono_2_aminophenol_45657,1103.3233161669662
Negative_ctrl_1,Mono_GABA_40494,22850.24091515285
Negative_ctrl_1,Mono_alanine_40140,31104.414538698955
Negative_ctrl_1,Mono_glutamine_37103,2995.7258030473868
Negative_ctrl_1,Mono_glycine_38634,14250947.760785889
Negative_ctrl_1,Mono_lysine_32192,0.0
Negative_ctrl_1,Mono_methionine_41397,0.0
Negative_ctrl_1,Mono_ornithine_31596,0.0
Negative_ctrl_1,Mono_ornithine_33494,0.0
Negative_ctrl_1,Mono_phenylalanine_41412,0.0
Negative_ctrl_1,Mono_serotonin_42743,0.0
Negative_ctrl_1,Mono_taurine_35357,35863048.95155799
Negative_ctrl_1,Mono_tyramine_38979,0.0
Negative_ctrl_1,"Tri_2,3_diaminopropionic acid_14940",0.0
Negative_ctrl_1,"Tri_2,3_diaminopropionic acid_17863",0.0
Negative_ctrl_1,"Tri_2,3_diaminopropionic acid_17869",0.0
Negative_ctrl_1,"Tri_2,3_diaminopropionic acid_18373",0.0
Negative_ctrl_1,Tri_2_aminophenol_35037,0.0
Negative_ctrl_1,Tri_2_aminophenol_39976,0.0
Negative_ctrl_1,Tri_3_methoxytyramine_36008,0.0
Negative_ctrl_1,Tri_GABA_22882,87986.11979156279
Negative_ctrl_1,Tri_GABA_26794,606826.0843811873
Negative_ctrl_1,Tri_GABA_M+H2O_23885,0.0
Negative_ctrl_1,Tri_alanine_28457,2596.0766373148867
Negative_ctrl_1,Tri_arginine_18281,0.0
Negative_ctrl_1,Tri_asparagine_20433,85373.25718605437
Negative_ctrl_1,Tri_cadaverine_19586,0.0
Negative_ctrl_1,Tri_citrulline_22220,0.0
Negative_ctrl_1,Tri_cystine_19329,0.0
Negative_ctrl_1,Tri_dopamine_32050,87930.20164335059
Negative_ctrl_1,Tri_dopamine_32195,0.0
Negative_ctrl_1,Tri_glutamine_22099,0.0
Negative_ctrl_1,Tri_glycine_25947,672928.2688488777
Negative_ctrl_1,Tri_glyglycine_20401,0.0
Negative_ctrl_1,Tri_histidine_17315,0.0
Negative_ctrl_1,Tri_methionine_33885,0.0
Negative_ctrl_1,Tri_ornithine_17210,0.0
Negative_ctrl_1,Tri_phenylalanine_22512,0.0
Negative_ctrl_1,Tri_phenylalanine_37508,0.0
Negative_ctrl_1,Tri_phenylalanine_40024,101835.24306974672
Negative_ctrl_1,Tri_proline_M+NH4_18411,0.0
Negative_ctrl_1,Tri_putrescine_18433,0.0
Negative_ctrl_1,Tri_serine_23158,0.0
Negative_ctrl_1,Tri_taurine_20369,0.0
Negative_ctrl_1,Tri_tryptamine_38723,0.0
Negative_ctrl_2,"3a,7a,12k_alanine_20366",0.0
Negative_ctrl_2,"3a,7a,12k_lysine_23168",0.0
Negative_ctrl_2,3a12k_serine_27652,10398.95668473411
Negative_ctrl_2,3a12k_taurine_22309,75350950.00125426
Negative_ctrl_2,3a7a12k_taurine_14542,72372594.88463396
Negative_ctrl_2,3a7k_citrulline_24966,0.0
Negative_ctrl_2,3a7k_glutamine_24909,0.0
Negative_ctrl_2,3a7k_serine_26456,1604.285670009673
Negative_ctrl_2,3a7k_threonine_27078,0.0
Negative_ctrl_2,3k12a_lysine_23849,0.0
Negative_ctrl_2,3k7a_glutamine_29953,0.0
Negative_ctrl_2,3k7a_proline_M+NH4_21780,0.0
Negative_ctrl_2,"Di_2,3_diaminopropionic acid_14073",0.0
Negative_ctrl_2,Di_2_aminophenol_36589,0.0
Negative_ctrl_2,Di_2_aminophenol_40269,3815.752958215325
Negative_ctrl_2,Di_3_methoxytyramine_37128,0.0
Negative_ctrl_2,Di_3_methoxytyramine_37165,0.0
Negative_ctrl_2,Di_3_methoxytyramine_39396,0.0
Negative_ctrl_2,Di_GABA_33328,0.0
Negative_ctrl_2,Di_GABA_36169,64101.758186561805
Negative_ctrl_2,Di_alanine_27176,0.0
Negative_ctrl_2,Di_alanine_35826,0.0
Negative_ctrl_2,Di_alanine_37411,441271.7050518132
Negative_ctrl_2,Di_citrulline_22104,0.0
Negative_ctrl_2,Di_citrulline_31270,0.0
Negative_ctrl_2,Di_dopamine_34015,0.0
Negative_ctrl_2,Di_dopamine_38088,0.0
Negative_ctrl_2,Di_glutamine_30065,0.0
Negative_ctrl_2,Di_glutamine_30067,0.0
Negative_ctrl_2,Di_glutamine_31254,0.0
Negative_ctrl_2,Di_glycine_27361,8188673.431634223
Negative_ctrl_2,Di_glycine_34166,19464257.04767319
Negative_ctrl_2,Di_glycine_34738,1370959.2775052877
Negative_ctrl_2,Di_lysine_25070,0.0
Negative_ctrl_2,Di_methionine_34896,0.0
Negative_ctrl_2,Di_ornithine_15391,0.0
Negative_ctrl_2,Di_ornithine_17963,0.0
Negative_ctrl_2,Di_ornithine_22619,0.0
Negative_ctrl_2,Di_ornithine_25325,0.0
Negative_ctrl_2,Di_phenylalanine_22687,0.0
Negative_ctrl_2,Di_phenylalanine_39833,31411.298094140093
Negative_ctrl_2,Di_serine_32622,0.0
Negative_ctrl_2,Di_taurine_19595,4232.003778528439
Negative_ctrl_2,Di_taurine_29331,5688651.095582735
Negative_ctrl_2,Di_taurine_30261,0.0
Negative_ctrl_2,Di_threonine_23465,0.0
Negative_ctrl_2,Di_threonine_33288,0.0
Negative_ctrl_2,Di_unconjugated_34634,0.0
Negative_ctrl_2,Mono_2_aminophenol_41901,0.0
Negative_ctrl_2,Mono_2_aminophenol_45657,1928.8642706901228
Negative_ctrl_2,Mono_GABA_40494,16721.83097881922
Negative_ctrl_2,Mono_alanine_40140,38537.31943601508
Negative_ctrl_2,Mono_glutamine_37103,5816.810630700007
Negative_ctrl_2,Mono_glycine_38634,14620434.614352548
Negative_ctrl_2,Mono_lysine_32192,0.0
Negative_ctrl_2,Mono_methionine_41397,0.0
Negative_ctrl_2,Mono_ornithine_31596,0.0
Negative_ctrl_2,Mono_ornithine_33494,0.0
Negative_ctrl_2,Mono_phenylalanine_41412,0.0
Negative_ctrl_2,Mono_serotonin_42743,0.0
Negative_ctrl_2,Mono_taurine_35357,52082112.77203428
Negative_ctrl_2,Mono_tyramine_38979,0.0
Negative_ctrl_2,"Tri_2,3_diaminopropionic acid_14940",0.0
Negative_ctrl_2,"Tri_2,3_diaminopropionic acid_17863",0.0
Negative_ctrl_2,"Tri_2,3_diaminopropionic acid_17869",0.0
Negative_ctrl_2,"Tri_2,3_diaminopropionic acid_18373",0.0
Negative_ctrl_2,Tri_2_aminophenol_35037,0.0
Negative_ctrl_2,Tri_2_aminophenol_39976,596.9002843825509
Negative_ctrl_2,Tri_3_methoxytyramine_36008,0.0
Negative_ctrl_2,Tri_GABA_22882,191060.26208840174
Negative_ctrl_2,Tri_GABA_26794,953690.7749386018
Negative_ctrl_2,Tri_GABA_M+H2O_23885,0.0
Negative_ctrl_2,Tri_alanine_28457,0.0
Negative_ctrl_2,Tri_arginine_18281,0.0
Negative_ctrl_2,Tri_asparagine_20433,177780.53609495045
Negative_ctrl_2,Tri_cadaverine_19586,0.0
Negative_ctrl_2,Tri_citrulline_22220,0.0
Negative_ctrl_2,Tri_cystine_19329,0.0
Negative_ctrl_2,Tri_dopamine_32050,0.0
Negative_ctrl_2,Tri_dopamine_32195,0.0
Negative_ctrl_2,Tri_glutamine_22099,0.0
Negative_ctrl_2,Tri_glycine_25947,85076.49618262378
Negative_ctrl_2,Tri_glyglycine_20401,0.0
Negative_ctrl_2,Tri_histidine_17315,0.0
Negative_ctrl_2,Tri_methionine_33885,0.0
Negative_ctrl_2,Tri_ornithine_17210,0.0
Negative_ctrl_2,Tri_phenylalanine_22512,0.0
Negative_ctrl_2,Tri_phenylalanine_37508,0.0
Negative_ctrl_2,Tri_phenylalanine_40024,87130.03955641722
Negative_ctrl_2,Tri_proline_M+NH4_18411,0.0
Negative_ctrl_2,Tri_putrescine_18433,0.0
Negative_ctrl_2,Tri_serine_23158,0.0
Negative_ctrl_2,Tri_taurine_20369,0.0
Negative_ctrl_2,Tri_tryptamine_38723,0.0
Negative_ctrl_3,"3a,7a,12k_alanine_20366",0.0
Negative_ctrl_3,"3a,7a,12k_lysine_23168",0.0
Negative_ctrl_3,3a12k_serine_27652,6099.671082205977
Negative_ctrl_3,3a12k_taurine_22309,36464885.91131242
Negative_ctrl_3,3a7a12k_taurine_14542,33794727.4028371
Negative_ctrl_3,3a7k_citrulline_24966,0.0
Negative_ctrl_3,3a7k_glutamine_24909,0.0
Negative_ctrl_3,3a7k_serine_26456,0.0
Negative_ctrl_3,3a7k_threonine_27078,0.0
Negative_ctrl_3,3k12a_lysine_23849,0.0
Negative_ctrl_3,3k7a_glutamine_29953,0.0
Negative_ctrl_3,3k7a_proline_M+NH4_21780,0.0
Negative_ctrl_3,"Di_2,3_diaminopropionic acid_14073",0.0
Negative_ctrl_3,Di_2_aminophenol_36589,0.0
Negative_ctrl_3,Di_2_aminophenol_40269,1652.9561450453584
Negative_ctrl_3,Di_3_methoxytyramine_37128,0.0
Negative_ctrl_3,Di_3_methoxytyramine_37165,0.0
Negative_ctrl_3,Di_3_methoxytyramine_39396,0.0
Negative_ctrl_3,Di_GABA_33328,0.0
Negative_ctrl_3,Di_GABA_36169,27084.008190116252
Negative_ctrl_3,Di_alanine_27176,0.0
Negative_ctrl_3,Di_alanine_35826,0.0
Negative_ctrl_3,Di_alanine_37411,228530.2481278847
Negative_ctrl_3,Di_citrulline_22104,0.0
Negative_ctrl_3,Di_citrulline_31270,0.0
Negative_ctrl_3,Di_dopamine_34015,0.0
Negative_ctrl_3,Di_dopamine_38088,0.0
Negative_ctrl_3,Di_glutamine_30065,0.0
Negative_ctrl_3,Di_glutamine_30067,0.0
Negative_ctrl_3,Di_glutamine_31254,0.0
Negative_ctrl_3,Di_glycine_27361,3693387.226061016
Negative_ctrl_3,Di_glycine_34166,8859156.485646801
Negative_ctrl_3,Di_glycine_34738,672397.2389987594
Negative_ctrl_3,Di_lysine_25070,0.0
Negative_ctrl_3,Di_methionine_34896,0.0
Negative_ctrl_3,Di_ornithine_15391,0.0
Negative_ctrl_3,Di_ornithine_17963,0.0
Negative_ctrl_3,Di_ornithine_22619,0.0
Negative_ctrl_3,Di_ornithine_25325,0.0
Negative_ctrl_3,Di_phenylalanine_22687,0.0
Negative_ctrl_3,Di_phenylalanine_39833,75657.42078937053
Negative_ctrl_3,Di_serine_32622,0.0
Negative_ctrl_3,Di_taurine_19595,2497.0993326150538
Negative_ctrl_3,Di_taurine_29331,5340700.738277449
Negative_ctrl_3,Di_taurine_30261,0.0
Negative_ctrl_3,Di_threonine_23465,0.0
Negative_ctrl_3,Di_threonine_33288,0.0
Negative_ctrl_3,Di_unconjugated_34634,0.0
Negative_ctrl_3,Mono_2_aminophenol_41901,0.0
Negative_ctrl_3,Mono_2_aminophenol_45657,1044.6202168916955
Negative_ctrl_3,Mono_GABA_40494,5834.16036218507
Negative_ctrl_3,Mono_alanine_40140,20086.312586236614
Negative_ctrl_3,Mono_glutamine_37103,2746.700837805559
Negative_ctrl_3,Mono_glycine_38634,8114178.893609286
Negative_ctrl_3,Mono_lysine_32192,0.0
Negative_ctrl_3,Mono_methionine_41397,0.0
Negative_ctrl_3,Mono_ornithine_31596,0.0
Negative_ctrl_3,Mono_ornithine_33494,0.0
Negative_ctrl_3,Mono_phenylalanine_41412,0.0
Negative_ctrl_3,Mono_serotonin_42743,0.0
Negative_ctrl_3,Mono_taurine_35357,27518893.50378242
Negative_ctrl_3,Mono_tyramine_38979,0.0
Negative_ctrl_3,"Tri_2,3_diaminopropionic acid_14940",0.0
Negative_ctrl_3,"Tri_2,3_diaminopropionic acid_17863",0.0
Negative_ctrl_3,"Tri_2,3_diaminopropionic acid_17869",0.0
Negative_ctrl_3,"Tri_2,3_diaminopropionic acid_18373",0.0
Negative_ctrl_3,Tri_2_aminophenol_35037,0.0
Negative_ctrl_3,Tri_2_aminophenol_39976,3173.4169602307643
Negative_ctrl_3,Tri_3_methoxytyramine_36008,0.0
Negative_ctrl_3,Tri_GABA_22882,88418.8345233537
Negative_ctrl_3,Tri_GABA_26794,411546.67086418555
Negative_ctrl_3,Tri_GABA_M+H2O_23885,0.0
Negative_ctrl_3,Tri_alanine_28457,0.0
Negative_ctrl_3,Tri_arginine_18281,0.0
Negative_ctrl_3,Tri_asparagine_20433,76414.02921062947
Negative_ctrl_3,Tri_cadaverine_19586,0.0
Negative_ctrl_3,Tri_citrulline_22220,0.0
Negative_ctrl_3,Tri_cystine_19329,0.0
Negative_ctrl_3,Tri_dopamine_32050,0.0
Negative_ctrl_3,Tri_dopamine_32195,0.0
Negative_ctrl_3,Tri_glutamine_22099,0.0
Negative_ctrl_3,Tri_glycine_25947,167233.5787003922
Negative_ctrl_3,Tri_glyglycine_20401,0.0
Negative_ctrl_3,Tri_histidine_17315,0.0
Negative_ctrl_3,Tri_methionine_33885,0.0
Negative_ctrl_3,Tri_ornithine_17210,0.0
Negative_ctrl_3,Tri_phenylalanine_22512,0.0
Negative_ctrl_3,Tri_phenylalanine_37508,0.0
Negative_ctrl_3,Tri_phenylalanine_40024,34049.12392402628
Negative_ctrl_3,Tri_proline_M+NH4_18411,0.0
Negative_ctrl_3,Tri_putrescine_18433,0.0
Negative_ctrl_3,Tri_serine_23158,0.0
Negative_ctrl_3,Tri_taurine_20369,0.0
Negative_ctrl_3,Tri_tryptamine_38723,0.0
Only_substrate_1,"3a,7a,12k_alanine_20366",0.0
Only_substrate_1,"3a,7a,12k_lysine_23168",0.0
Only_substrate_1,3a12k_serine_27652,5743.75345519472
Only_substrate_1,3a12k_taurine_22309,27809651.271294497
Only_substrate_1,3a7a12k_taurine_14542,29623699.989885766
Only_substrate_1,3a7k_citrulline_24966,0.0
Only_substrate_1,3a7k_glutamine_24909,175.00568366177941
Only_substrate_1,3a7k_serine_26456,0.0
Only_substrate_1,3a7k_threonine_27078,0.0
Only_substrate_1,3k12a_lysine_23849,0.0
Only_substrate_1,3k7a_glutamine_29953,0.0
Only_substrate_1,3k7a_proline_M+NH4_21780,0.0
Only_substrate_1,"Di_2,3_diaminopropionic acid_14073",0.0
Only_substrate_1,Di_2_aminophenol_36589,0.0
Only_substrate_1,Di_2_aminophenol_40269,1446.917510843172
Only_substrate_1,Di_3_methoxytyramine_37128,0.0
Only_substrate_1,Di_3_methoxytyramine_37165,0.0
Only_substrate_1,Di_3_methoxytyramine_39396,0.0
Only_substrate_1,Di_GABA_33328,0.0
Only_substrate_1,Di_GABA_36169,19766.443654499148
Only_substrate_1,Di_alanine_27176,0.0
Only_substrate_1,Di_alanine_35826,0.0
Only_substrate_1,Di_alanine_37411,174846.53161122758
Only_substrate_1,Di_citrulline_22104,0.0
Only_substrate_1,Di_citrulline_31270,0.0
Only_substrate_1,Di_dopamine_34015,0.0
Only_substrate_1,Di_dopamine_38088,0.0
Only_substrate_1,Di_glutamine_30065,0.0
Only_substrate_1,Di_glutamine_30067,0.0
Only_substrate_1,Di_glutamine_31254,0.0
Only_substrate_1,Di_glycine_27361,3122221.919626492
Only_substrate_1,Di_glycine_34166,7247554.024098823
Only_substrate_1,Di_glycine_34738,518781.0042019227
Only_substrate_1,Di_lysine_25070,0.0
Only_substrate_1,Di_methionine_34896,0.0
Only_substrate_1,Di_ornithine_15391,0.0
Only_substrate_1,Di_ornithine_17963,0.0
Only_substrate_1,Di_ornithine_22619,0.0
Only_substrate_1,Di_ornithine_25325,0.0
Only_substrate_1,Di_phenylalanine_22687,0.0
Only_substrate_1,Di_phenylalanine_39833,109489.65017167447
Only_substrate_1,Di_serine_32622,0.0
Only_substrate_1,Di_taurine_19595,2471.4313920823624
Only_substrate_1,Di_taurine_29331,6712598.402332322
Only_substrate_1,Di_taurine_30261,0.0
Only_substrate_1,Di_threonine_23465,0.0
Only_substrate_1,Di_threonine_33288,0.0
Only_substrate_1,Di_unconjugated_34634,0.0
Only_substrate_1,Mono_2_aminophenol_41901,0.0
Only_substrate_1,Mono_2_aminophenol_45657,1399.451878341951
Only_substrate_1,Mono_GABA_40494,5121.90208820689
Only_substrate_1,Mono_alanine_40140,18494.652962674565
Only_substrate_1,Mono_glutamine_37103,2335.4330594380185
Only_substrate_1,Mono_glycine_38634,6559549.523674237
Only_substrate_1,Mono_lysine_32192,0.0
Only_substrate_1,Mono_methionine_41397,0.0
Only_substrate_1,Mono_ornithine_31596,0.0
Only_substrate_1,Mono_ornithine_33494,0.0
Only_substrate_1,Mono_phenylalanine_41412,0.0
Only_substrate_1,Mono_serotonin_42743,0.0
Only_substrate_1,Mono_taurine_35357,20821296.436466817
Only_substrate_1,Mono_tyramine_38979,0.0
Only_substrate_1,"Tri_2,3_diaminopropionic acid_14940",0.0
Only_substrate_1,"Tri_2,3_diaminopropionic acid_17863",0.0
Only_substrate_1,"Tri_2,3_diaminopropionic acid_17869",0.0
Only_substrate_1,"Tri_2,3_diaminopropionic acid_18373",0.0
Only_substrate_1,Tri_2_aminophenol_35037,0.0
Only_substrate_1,Tri_2_aminophenol_39976,2736.0612407746166
Only_substrate_1,Tri_3_methoxytyramine_36008,0.0
Only_substrate_1,Tri_GABA_22882,76035.725
Only_substrate_1,Tri_GABA_26794,399788.0601941665
Only_substrate_1,Tri_GABA_M+H2O_23885,0.0
Only_substrate_1,Tri_alanine_28457,0.0
Only_substrate_1,Tri_arginine_18281,0.0
Only_substrate_1,Tri_asparagine_20433,59126.90873892336
Only_substrate_1,Tri_cadaverine_19586,0.0
Only_substrate_1,Tri_citrulline_22220,0.0
Only_substrate_1,Tri_cystine_19329,0.0
Only_substrate_1,Tri_dopamine_32050,0.0
Only_substrate_1,Tri_dopamine_32195,0.0
Only_substrate_1,Tri_glutamine_22099,0.0
Only_substrate_1,Tri_glycine_25947,125909.15646959298
Only_substrate_1,Tri_glyglycine_20401,0.0
Only_substrate_1,Tri_histidine_17315,0.0
Only_substrate_1,Tri_methionine_33885,0.0
Only_substrate_1,Tri_ornithine_17210,0.0
Only_substrate_1,Tri_phenylalanine_22512,0.0
Only_substrate_1,Tri_phenylalanine_37508,0.0
Only_substrate_1,Tri_phenylalanine_40024,36826.39514648735
Only_substrate_1,Tri_proline_M+NH4_18411,0.0
Only_substrate_1,Tri_putrescine_18433,0.0
Only_substrate_1,Tri_serine_23158,0.0
Only_substrate_1,Tri_taurine_20369,0.0
Only_substrate_1,Tri_tryptamine_38723,0.0
Only_substrate_2,"3a,7a,12k_alanine_20366",0.0
Only_substrate_2,"3a,7a,12k_lysine_23168",0.0
Only_substrate_2,3a12k_serine_27652,0.0
Only_substrate_2,3a12k_taurine_22309,73529.76501028208
Only_substrate_2,3a7a12k_taurine_14542,36613.14717572443
Only_substrate_2,3a7k_citrulline_24966,0.0
Only_substrate_2,3a7k_glutamine_24909,0.0
Only_substrate_2,3a7k_serine_26456,0.0
Only_substrate_2,3a7k_threonine_27078,0.0
Only_substrate_2,3k12a_lysine_23849,0.0
Only_substrate_2,3k7a_glutamine_29953,0.0
Only_substrate_2,3k7a_proline_M+NH4_21780,0.0
Only_substrate_2,"Di_2,3_diaminopropionic acid_14073",0.0
Only_substrate_2,Di_2_aminophenol_36589,0.0
Only_substrate_2,Di_2_aminophenol_40269,0.0
Only_substrate_2,Di_3_methoxytyramine_37128,0.0
Only_substrate_2,Di_3_methoxytyramine_37165,0.0
Only_substrate_2,Di_3_methoxytyramine_39396,0.0
Only_substrate_2,Di_GABA_33328,0.0
Only_substrate_2,Di_GABA_36169,0.0
Only_substrate_2,Di_alanine_27176,0.0
Only_substrate_2,Di_alanine_35826,0.0
Only_substrate_2,Di_alanine_37411,0.0
Only_substrate_2,Di_citrulline_22104,0.0
Only_substrate_2,Di_citrulline_31270,0.0
Only_substrate_2,Di_dopamine_34015,0.0
Only_substrate_2,Di_dopamine_38088,0.0
Only_substrate_2,Di_glutamine_30065,0.0
Only_substrate_2,Di_glutamine_30067,0.0
Only_substrate_2,Di_glutamine_31254,0.0
Only_substrate_2,Di_glycine_27361,51098.128221079736
Only_substrate_2,Di_glycine_34166,76035.725
Only_substrate_2,Di_glycine_34738,0.0
Only_substrate_2,Di_lysine_25070,0.0
Only_substrate_2,Di_methionine_34896,0.0
Only_substrate_2,Di_ornithine_15391,0.0
Only_substrate_2,Di_ornithine_17963,0.0
Only_substrate_2,Di_ornithine_22619,0.0
Only_substrate_2,Di_ornithine_25325,0.0
Only_substrate_2,Di_phenylalanine_22687,0.0
Only_substrate_2,Di_phenylalanine_39833,0.0
Only_substrate_2,Di_serine_32622,0.0
Only_substrate_2,Di_taurine_19595,0.0
Only_substrate_2,Di_taurine_29331,97731.18711715049
Only_substrate_2,Di_taurine_30261,0.0
Only_substrate_2,Di_threonine_23465,0.0
Only_substrate_2,Di_threonine_33288,0.0
Only_substrate_2,Di_unconjugated_34634,0.0
Only_substrate_2,Mono_2_aminophenol_41901,0.0
Only_substrate_2,Mono_2_aminophenol_45657,0.0
Only_substrate_2,Mono_GABA_40494,0.0
Only_substrate_2,Mono_alanine_40140,0.0
Only_substrate_2,Mono_glutamine_37103,0.0
Only_substrate_2,Mono_glycine_38634,322854.69416415156
Only_substrate_2,Mono_lysine_32192,0.0
Only_substrate_2,Mono_methionine_41397,0.0
Only_substrate_2,Mono_ornithine_31596,0.0
Only_substrate_2,Mono_ornithine_33494,0.0
Only_substrate_2,Mono_phenylalanine_41412,0.0
Only_substrate_2,Mono_serotonin_42743,0.0
Only_substrate_2,Mono_taurine_35357,199549.1655755153
Only_substrate_2,Mono_tyramine_38979,0.0
Only_substrate_2,"Tri_2,3_diaminopropionic acid_14940",0.0
Only_substrate_2,"Tri_2,3_diaminopropionic acid_17863",0.0
Only_substrate_2,"Tri_2,3_diaminopropionic acid_17869",0.0
Only_substrate_2,"Tri_2,3_diaminopropionic acid_18373",0.0
Only_substrate_2,Tri_2_aminophenol_35037,0.0
Only_substrate_2,Tri_2_aminophenol_39976,0.0
Only_substrate_2,Tri_3_methoxytyramine_36008,0.0
Only_substrate_2,Tri_GABA_22882,0.0
Only_substrate_2,Tri_GABA_26794,0.0
Only_substrate_2,Tri_GABA_M+H2O_23885,0.0
Only_substrate_2,Tri_alanine_28457,0.0
Only_substrate_2,Tri_arginine_18281,0.0
Only_substrate_2,Tri_asparagine_20433,0.0
Only_substrate_2,Tri_cadaverine_19586,0.0
Only_substrate_2,Tri_citrulline_22220,0.0
Only_substrate_2,Tri_cystine_19329,0.0
Only_substrate_2,Tri_dopamine_32050,0.0
Only_substrate_2,Tri_dopamine_32195,0.0
Only_substrate_2,Tri_glutamine_22099,0.0
Only_substrate_2,Tri_glycine_25947,0.0
Only_substrate_2,Tri_glyglycine_20401,0.0
Only_substrate_2,Tri_histidine_17315,0.0
Only_substrate_2,Tri_methionine_33885,0.0
Only_substrate_2,Tri_ornithine_17210,0.0
Only_substrate_2,Tri_phenylalanine_22512,0.0
Only_substrate_2,Tri_phenylalanine_37508,0.0
Only_substrate_2,Tri_phenylalanine_40024,0.0
Only_substrate_2,Tri_proline_M+NH4_18411,0.0
Only_substrate_2,Tri_putrescine_18433,0.0
Only_substrate_2,Tri_serine_23158,0.0
Only_substrate_2,Tri_taurine_20369,0.0
Only_substrate_2,Tri_tryptamine_38723,0.0
Only_substrate_3,"3a,7a,12k_alanine_20366",0.0
Only_substrate_3,"3a,7a,12k_lysine_23168",0.0
Only_substrate_3,3a12k_serine_27652,0.0
Only_substrate_3,3a12k_taurine_22309,103771.15548295023
Only_substrate_3,3a7a12k_taurine_14542,38419.649873656606
Only_substrate_3,3a7k_citrulline_24966,0.0
Only_substrate_3,3a7k_glutamine_24909,0.0
Only_substrate_3,3a7k_serine_26456,0.0
Only_substrate_3,3a7k_threonine_27078,0.0
Only_substrate_3,3k12a_lysine_23849,0.0
Only_substrate_3,3k7a_glutamine_29953,0.0
Only_substrate_3,3k7a_proline_M+NH4_21780,0.0
Only_substrate_3,"Di_2,3_diaminopropionic acid_14073",0.0
Only_substrate_3,Di_2_aminophenol_36589,0.0
Only_substrate_3,Di_2_aminophenol_40269,0.0
Only_substrate_3,Di_3_methoxytyramine_37128,0.0
Only_substrate_3,Di_3_methoxytyramine_37165,0.0
Only_substrate_3,Di_3_methoxytyramine_39396,0.0
Only_substrate_3,Di_GABA_33328,0.0
Only_substrate_3,Di_GABA_36169,0.0
Only_substrate_3,Di_alanine_27176,0.0
Only_substrate_3,Di_alanine_35826,0.0
Only_substrate_3,Di_alanine_37411,0.0
Only_substrate_3,Di_citrulline_22104,0.0
Only_substrate_3,Di_citrulline_31270,0.0
Only_substrate_3,Di_dopamine_34015,0.0
Only_substrate_3,Di_dopamine_38088,0.0
Only_substrate_3,Di_glutamine_30065,0.0
Only_substrate_3,Di_glutamine_30067,0.0
Only_substrate_3,Di_glutamine_31254,0.0
Only_substrate_3,Di_glycine_27361,52461.35461536068
Only_substrate_3,Di_glycine_34166,59869.646915318204
Only_substrate_3,Di_glycine_34738,0.0
Only_substrate_3,Di_lysine_25070,0.0
Only_substrate_3,Di_methionine_34896,0.0
Only_substrate_3,Di_ornithine_15391,0.0
Only_substrate_3,Di_ornithine_17963,0.0
Only_substrate_3,Di_ornithine_22619,0.0
Only_substrate_3,Di_ornithine_25325,0.0
Only_substrate_3,Di_phenylalanine_22687,0.0
Only_substrate_3,Di_phenylalanine_39833,0.0
Only_substrate_3,Di_serine_32622,0.0
Only_substrate_3,Di_taurine_19595,0.0
Only_substrate_3,Di_taurine_29331,142075.44963266488
Only_substrate_3,Di_taurine_30261,0.0
Only_substrate_3,Di_threonine_23465,0.0
Only_substrate_3,Di_threonine_33288,0.0
Only_substrate_3,Di_unconjugated_34634,0.0
Only_substrate_3,Mono_2_aminophenol_41901,0.0
Only_substrate_3,Mono_2_aminophenol_45657,0.0
Only_substrate_3,Mono_GABA_40494,0.0
Only_substrate_3,Mono_alanine_40140,0.0
Only_substrate_3,Mono_glutamine_37103,0.0
Only_substrate_3,Mono_glycine_38634,235496.83351815384
Only_substrate_3,Mono_lysine_32192,0.0
Only_substrate_3,Mono_methionine_41397,0.0
Only_substrate_3,Mono_ornithine_31596,0.0
Only_substrate_3,Mono_ornithine_33494,0.0
Only_substrate_3,Mono_phenylalanine_41412,0.0
Only_substrate_3,Mono_serotonin_42743,0.0
Only_substrate_3,Mono_taurine_35357,76035.725
Only_substrate_3,Mono_tyramine_38979,0.0
Only_substrate_3,"Tri_2,3_diaminopropionic acid_14940",0.0
Only_substrate_3,"Tri_2,3_diaminopropionic acid_17863",0.0
Only_substrate_3,"Tri_2,3_diaminopropionic acid_17869",0.0
Only_substrate_3,"Tri_2,3_diaminopropionic acid_18373",0.0
Only_substrate_3,Tri_2_aminophenol_35037,0.0
Only_substrate_3,Tri_2_aminophenol_39976,0.0
Only_substrate_3,Tri_3_methoxytyramine_36008,0.0
Only_substrate_3,Tri_GABA_22882,0.0
Only_substrate_3,Tri_GABA_26794,0.0
Only_substrate_3,Tri_GABA_M+H2O_23885,0.0
Only_substrate_3,Tri_alanine_28457,0.0
Only_substrate_3,Tri_arginine_18281,0.0
Only_substrate_3,Tri_asparagine_20433,0.0
Only_substrate_3,Tri_cadaverine_19586,0.0
Only_substrate_3,Tri_citrulline_22220,0.0
Only_substrate_3,Tri_cystine_19329,0.0
Only_substrate_3,Tri_dopamine_32050,0.0
Only_substrate_3,Tri_dopamine_32195,0.0
Only_substrate_3,Tri_glutamine_22099,0.0
Only_substrate_3,Tri_glycine_25947,0.0
Only_substrate_3,Tri_glyglycine_20401,0.0
Only_substrate_3,Tri_histidine_17315,0.0
Only_substrate_3,Tri_methionine_33885,0.0
Only_substrate_3,Tri_ornithine_17210,0.0
Only_substrate_3,Tri_phenylalanine_22512,0.0
Only_substrate_3,Tri_phenylalanine_37508,0.0
Only_substrate_3,Tri_phenylalanine_40024,0.0
Only_substrate_3,Tri_proline_M+NH4_18411,0.0
Only_substrate_3,Tri_putrescine_18433,0.0
Only_substrate_3,Tri_serine_23158,0.0
Only_substrate_3,Tri_taurine_20369,0.0
Only_substrate_3,Tri_tryptamine_38723,0.0
P12256,"3a,7a,12k_alanine_20366",0.0
P12256,"3a,7a,12k_lysine_23168",0.0
P12256,3a12k_serine_27652,0.0
P12256,3a12k_taurine_22309,71065.09587051983
P12256,3a7a12k_taurine_14542,66927.43887696214
P12256,3a7k_citrulline_24966,0.0
P12256,3a7k_glutamine_24909,0.0
P12256,3a7k_serine_26456,0.0
P12256,3a7k_threonine_27078,0.0
P12256,3k12a_lysine_23849,0.0
P12256,3k7a_glutamine_29953,0.0
P12256,3k7a_proline_M+NH4_21780,0.0
P12256,"Di_2,3_diaminopropionic acid_14073",0.0
P12256,Di_2_aminophenol_36589,0.0
P12256,Di_2_aminophenol_40269,0.0
P12256,Di_3_methoxytyramine_37128,0.0
P12256,Di_3_methoxytyramine_37165,0.0
P12256,Di_3_methoxytyramine_39396,0.0
P12256,Di_GABA_33328,0.0
P12256,Di_GABA_36169,0.0
P12256,Di_alanine_27176,0.0
P12256,Di_alanine_35826,0.0
P12256,Di_alanine_37411,0.0
P12256,Di_citrulline_22104,0.0
P12256,Di_citrulline_31270,0.0
P12256,Di_dopamine_34015,0.0
P12256,Di_dopamine_38088,0.0
P12256,Di_glutamine_30065,0.0
P12256,Di_glutamine_30067,0.0
P12256,Di_glutamine_31254,0.0
P12256,Di_glycine_27361,61363.17327593177
P12256,Di_glycine_34166,63446.64445242185
P12256,Di_glycine_34738,0.0
P12256,Di_lysine_25070,0.0
P12256,Di_methionine_34896,0.0
P12256,Di_ornithine_15391,0.0
P12256,Di_ornithine_17963,0.0
P12256,Di_ornithine_22619,0.0
P12256,Di_ornithine_25325,0.0
P12256,Di_phenylalanine_22687,0.0
P12256,Di_phenylalanine_39833,0.0
P12256,Di_serine_32622,0.0
P12256,Di_taurine_19595,0.0
P12256,Di_taurine_29331,87094.32774715974
P12256,Di_taurine_30261,0.0
P12256,Di_threonine_23465,0.0
P12256,Di_threonine_33288,0.0
P12256,Di_unconjugated_34634,0.0
P12256,Mono_2_aminophenol_41901,0.0
P12256,Mono_2_aminophenol_45657,3465.7858749644197
P12256,Mono_GABA_40494,0.0
P12256,Mono_alanine_40140,0.0
P12256,Mono_glutamine_37103,0.0
P12256,Mono_glycine_38634,253090.22652769537
P12256,Mono_lysine_32192,0.0
P12256,Mono_methionine_41397,0.0
P12256,Mono_ornithine_31596,0.0
P12256,Mono_ornithine_33494,0.0
P12256,Mono_phenylalanine_41412,0.0
P12256,Mono_serotonin_42743,0.0
P12256,Mono_taurine_35357,91041.13314150853
P12256,Mono_tyramine_38979,0.0
P12256,"Tri_2,3_diaminopropionic acid_14940",0.0
P12256,"Tri_2,3_diaminopropionic acid_17863",0.0
P12256,"Tri_2,3_diaminopropionic acid_17869",0.0
P12256,"Tri_2,3_diaminopropionic acid_18373",0.0
P12256,Tri_2_aminophenol_35037,0.0
P12256,Tri_2_aminophenol_39976,0.0
P12256,Tri_3_methoxytyramine_36008,0.0
P12256,Tri_GABA_22882,0.0
P12256,Tri_GABA_26794,0.0
P12256,Tri_GABA_M+H2O_23885,0.0
P12256,Tri_alanine_28457,0.0
P12256,Tri_arginine_18281,0.0
P12256,Tri_asparagine_20433,0.0
P12256,Tri_cadaverine_19586,0.0
P12256,Tri_citrulline_22220,0.0
P12256,Tri_cystine_19329,0.0
P12256,Tri_dopamine_32050,0.0
P12256,Tri_dopamine_32195,0.0
P12256,Tri_glutamine_22099,0.0
P12256,Tri_glycine_25947,0.0
P12256,Tri_glyglycine_20401,0.0
P12256,Tri_histidine_17315,0.0
P12256,Tri_methionine_33885,0.0
P12256,Tri_ornithine_17210,0.0
P12256,Tri_phenylalanine_22512,0.0
P12256,Tri_phenylalanine_37508,0.0
P12256,Tri_phenylalanine_40024,0.0
P12256,Tri_proline_M+NH4_18411,0.0
P12256,Tri_putrescine_18433,0.0
P12256,Tri_serine_23158,0.0
P12256,Tri_taurine_20369,0.0
P12256,Tri_tryptamine_38723,0.0
Pencillin_amidase,"3a,7a,12k_alanine_20366",0.0
Pencillin_amidase,"3a,7a,12k_lysine_23168",0.0
Pencillin_amidase,3a12k_serine_27652,0.0
Pencillin_amidase,3a12k_taurine_22309,59775235.66123628
Pencillin_amidase,3a7a12k_taurine_14542,55691099.5105325
Pencillin_amidase,3a7k_citrulline_24966,0.0
Pencillin_amidase,3a7k_glutamine_24909,0.0
Pencillin_amidase,3a7k_serine_26456,0.0
Pencillin_amidase,3a7k_threonine_27078,0.0
Pencillin_amidase,3k12a_lysine_23849,0.0
Pencillin_amidase,3k7a_glutamine_29953,0.0
Pencillin_amidase,3k7a_proline_M+NH4_21780,0.0
Pencillin_amidase,"Di_2,3_diaminopropionic acid_14073",0.0
Pencillin_amidase,Di_2_aminophenol_36589,2926.4142052049406
Pencillin_amidase,Di_2_aminophenol_40269,2806.424805048517
Pencillin_amidase,Di_3_methoxytyramine_37128,0.0
Pencillin_amidase,Di_3_methoxytyramine_37165,0.0
Pencillin_amidase,Di_3_methoxytyramine_39396,0.0
Pencillin_amidase,Di_GABA_33328,6283.813740395861
Pencillin_amidase,Di_GABA_36169,37762.32995472201
Pencillin_amidase,Di_alanine_27176,0.0
Pencillin_amidase,Di_alanine_35826,0.0
Pencillin_amidase,Di_alanine_37411,321202.67532730603
Pencillin_amidase,Di_citrulline_22104,0.0
Pencillin_amidase,Di_citrulline_31270,0.0
Pencillin_amidase,Di_dopamine_34015,0.0
Pencillin_amidase,Di_dopamine_38088,0.0
Pencillin_amidase,Di_glutamine_30065,0.0
Pencillin_amidase,Di_glutamine_30067,0.0
Pencillin_amidase,Di_glutamine_31254,0.0
Pencillin_amidase,Di_glycine_27361,3196100.260607225
Pencillin_amidase,Di_glycine_34166,10803607.385150554
Pencillin_amidase,Di_glycine_34738,546522.0894268913
Pencillin_amidase,Di_lysine_25070,0.0
Pencillin_amidase,Di_methionine_34896,0.0
Pencillin_amidase,Di_ornithine_15391,0.0
Pencillin_amidase,Di_ornithine_17963,0.0
Pencillin_amidase,Di_ornithine_22619,0.0
Pencillin_amidase,Di_ornithine_25325,0.0
Pencillin_amidase,Di_phenylalanine_22687,0.0
Pencillin_amidase,Di_phenylalanine_39833,115526.45804991007
Pencillin_amidase,Di_serine_32622,0.0
Pencillin_amidase,Di_taurine_19595,0.0
Pencillin_amidase,Di_taurine_29331,6551702.356292844
Pencillin_amidase,Di_taurine_30261,0.0
Pencillin_amidase,Di_threonine_23465,0.0
Pencillin_amidase,Di_threonine_33288,0.0
Pencillin_amidase,Di_unconjugated_34634,0.0
Pencillin_amidase,Mono_2_aminophenol_41901,0.0
Pencillin_amidase,Mono_2_aminophenol_45657,0.0
Pencillin_amidase,Mono_GABA_40494,32447.82288966163
Pencillin_amidase,Mono_alanine_40140,18778.755124890864
Pencillin_amidase,Mono_glutamine_37103,1942.366757952694
Pencillin_amidase,Mono_glycine_38634,8753439.63486067
Pencillin_amidase,Mono_lysine_32192,0.0
Pencillin_amidase,Mono_methionine_41397,0.0
Pencillin_amidase,Mono_ornithine_31596,0.0
Pencillin_amidase,Mono_ornithine_33494,0.0
Pencillin_amidase,Mono_phenylalanine_41412,0.0
Pencillin_amidase,Mono_serotonin_42743,0.0
Pencillin_amidase,Mono_taurine_35357,30222083.016467094
Pencillin_amidase,Mono_tyramine_38979,0.0
Pencillin_amidase,"Tri_2,3_diaminopropionic acid_14940",0.0
Pencillin_amidase,"Tri_2,3_diaminopropionic acid_17863",0.0
Pencillin_amidase,"Tri_2,3_diaminopropionic acid_17869",0.0
Pencillin_amidase,"Tri_2,3_diaminopropionic acid_18373",0.0
Pencillin_amidase,Tri_2_aminophenol_35037,0.0
Pencillin_amidase,Tri_2_aminophenol_39976,2098.136990753194
Pencillin_amidase,Tri_3_methoxytyramine_36008,0.0
Pencillin_amidase,Tri_GABA_22882,97417.5261232255
Pencillin_amidase,Tri_GABA_26794,777104.052803345
Pencillin_amidase,Tri_GABA_M+H2O_23885,0.0
Pencillin_amidase,Tri_alanine_28457,0.0
Pencillin_amidase,Tri_arginine_18281,0.0
Pencillin_amidase,Tri_asparagine_20433,75297.96448173757
Pencillin_amidase,Tri_cadaverine_19586,0.0
Pencillin_amidase,Tri_citrulline_22220,0.0
Pencillin_amidase,Tri_cystine_19329,0.0
Pencillin_amidase,Tri_dopamine_32050,26067.34815659046
Pencillin_amidase,Tri_dopamine_32195,0.0
Pencillin_amidase,Tri_glutamine_22099,0.0
Pencillin_amidase,Tri_glycine_25947,559258.156437036
Pencillin_amidase,Tri_glyglycine_20401,0.0
Pencillin_amidase,Tri_histidine_17315,0.0
Pencillin_amidase,Tri_methionine_33885,0.0
Pencillin_amidase,Tri_ornithine_17210,0.0
Pencillin_amidase,Tri_phenylalanine_22512,0.0
Pencillin_amidase,Tri_phenylalanine_37508,0.0
Pencillin_amidase,Tri_phenylalanine_40024,35868.31078351538
Pencillin_amidase,Tri_proline_M+NH4_18411,0.0
Pencillin_amidase,Tri_putrescine_18433,0.0
Pencillin_amidase,Tri_serine_23158,0.0
Pencillin_amidase,Tri_taurine_20369,0.0
Pencillin_amidase,Tri_tryptamine_38723,0.0
Q8Y5J3,"3a,7a,12k_alanine_20366",26703.012295243145
Q8Y5J3,"3a,7a,12k_lysine_23168",90826.31581816581
Q8Y5J3,3a12k_serine_27652,104118.7053888831
Q8Y5J3,3a12k_taurine_22309,185170713.08351102
Q8Y5J3,3a7a12k_taurine_14542,177801470.9184046
Q8Y5J3,3a7k_citrulline_24966,1324.8343650104239
Q8Y5J3,3a7k_glutamine_24909,49012.480663957394
Q8Y5J3,3a7k_serine_26456,0.0
Q8Y5J3,3a7k_threonine_27078,42540.5747326275
Q8Y5J3,3k12a_lysine_23849,0.0
Q8Y5J3,3k7a_glutamine_29953,22118.954022136182
Q8Y5J3,3k7a_proline_M+NH4_21780,0.0
Q8Y5J3,"Di_2,3_diaminopropionic acid_14073",0.0
Q8Y5J3,Di_2_aminophenol_36589,0.0
Q8Y5J3,Di_2_aminophenol_40269,0.0
Q8Y5J3,Di_3_methoxytyramine_37128,0.0
Q8Y5J3,Di_3_methoxytyramine_37165,0.0
Q8Y5J3,Di_3_methoxytyramine_39396,0.0
Q8Y5J3,Di_GABA_33328,118344.50624267009
Q8Y5J3,Di_GABA_36169,129185.08960389455
Q8Y5J3,Di_alanine_27176,0.0
Q8Y5J3,Di_alanine_35826,0.0
Q8Y5J3,Di_alanine_37411,846500.9109199465
Q8Y5J3,Di_citrulline_22104,0.0
Q8Y5J3,Di_citrulline_31270,11986.517289329326
Q8Y5J3,Di_dopamine_34015,0.0
Q8Y5J3,Di_dopamine_38088,0.0
Q8Y5J3,Di_glutamine_30065,0.0
Q8Y5J3,Di_glutamine_30067,6454.877486908821
Q8Y5J3,Di_glutamine_31254,14513.243824489196
Q8Y5J3,Di_glycine_27361,9448721.057849335
Q8Y5J3,Di_glycine_34166,20523625.784365367
Q8Y5J3,Di_glycine_34738,651467.3683657293
Q8Y5J3,Di_lysine_25070,6380.070833697968
Q8Y5J3,Di_methionine_34896,13255.743571758048
Q8Y5J3,Di_ornithine_15391,0.0
Q8Y5J3,Di_ornithine_17963,0.0
Q8Y5J3,Di_ornithine_22619,0.0
Q8Y5J3,Di_ornithine_25325,5835.61961435698
Q8Y5J3,Di_phenylalanine_22687,30802.64823793268
Q8Y5J3,Di_phenylalanine_39833,233138.39553181254
Q8Y5J3,Di_serine_32622,0.0
Q8Y5J3,Di_taurine_19595,0.0
Q8Y5J3,Di_taurine_29331,55641708.23967788
Q8Y5J3,Di_taurine_30261,0.0
Q8Y5J3,Di_threonine_23465,8092.135164204297
Q8Y5J3,Di_threonine_33288,0.0
Q8Y5J3,Di_unconjugated_34634,142691.30931163154
Q8Y5J3,Mono_2_aminophenol_41901,0.0
Q8Y5J3,Mono_2_aminophenol_45657,6662.745598472975
Q8Y5J3,Mono_GABA_40494,165497.05713464395
Q8Y5J3,Mono_alanine_40140,114713.06800031042
Q8Y5J3,Mono_glutamine_37103,0.0
Q8Y5J3,Mono_glycine_38634,38666153.42180967
Q8Y5J3,Mono_lysine_32192,0.0
Q8Y5J3,Mono_methionine_41397,19663.684166330786
Q8Y5J3,Mono_ornithine_31596,0.0
Q8Y5J3,Mono_ornithine_33494,0.0
Q8Y5J3,Mono_phenylalanine_41412,0.0
Q8Y5J3,Mono_serotonin_42743,6006.77221254635
Q8Y5J3,Mono_taurine_35357,119432579.33815135
Q8Y5J3,Mono_tyramine_38979,0.0
Q8Y5J3,"Tri_2,3_diaminopropionic acid_14940",0.0
Q8Y5J3,"Tri_2,3_diaminopropionic acid_17863",0.0
Q8Y5J3,"Tri_2,3_diaminopropionic acid_17869",0.0
Q8Y5J3,"Tri_2,3_diaminopropionic acid_18373",76759.83579506235
Q8Y5J3,Tri_2_aminophenol_35037,48814.60606896516
Q8Y5J3,Tri_2_aminophenol_39976,173436.34510591917
Q8Y5J3,Tri_3_methoxytyramine_36008,0.0
Q8Y5J3,Tri_GABA_22882,510323.9536215753
Q8Y5J3,Tri_GABA_26794,851539.412353694
Q8Y5J3,Tri_GABA_M+H2O_23885,12163.147726958323
Q8Y5J3,Tri_alanine_28457,69155.81257256163
Q8Y5J3,Tri_arginine_18281,0.0
Q8Y5J3,Tri_asparagine_20433,1130104.2019947781
Q8Y5J3,Tri_cadaverine_19586,0.0
Q8Y5J3,Tri_citrulline_22220,0.0
Q8Y5J3,Tri_cystine_19329,0.0
Q8Y5J3,Tri_dopamine_32050,104992.73618175878
Q8Y5J3,Tri_dopamine_32195,0.0
Q8Y5J3,Tri_glutamine_22099,0.0
Q8Y5J3,Tri_glycine_25947,1907373.964309942
Q8Y5J3,Tri_glyglycine_20401,11526.748772483312
Q8Y5J3,Tri_histidine_17315,0.0
Q8Y5J3,Tri_methionine_33885,124400.32441147005
Q8Y5J3,Tri_ornithine_17210,0.0
Q8Y5J3,Tri_phenylalanine_22512,10363.046925269024
Q8Y5J3,Tri_phenylalanine_37508,39711.08100672524
Q8Y5J3,Tri_phenylalanine_40024,241146.61144464632
Q8Y5J3,Tri_proline_M+NH4_18411,0.0
Q8Y5J3,Tri_putrescine_18433,0.0
Q8Y5J3,Tri_serine_23158,1435.9244382687232
Q8Y5J3,Tri_taurine_20369,0.0
Q8Y5J3,Tri_tryptamine_38723,0.0
Q8Y9S7,"3a,7a,12k_alanine_20366",0.0
Q8Y9S7,"3a,7a,12k_lysine_23168",0.0
Q8Y9S7,3a12k_serine_27652,0.0
Q8Y9S7,3a12k_taurine_22309,29480932.789218135
Q8Y9S7,3a7a12k_taurine_14542,15625976.611454401
Q8Y9S7,3a7k_citrulline_24966,0.0
Q8Y9S7,3a7k_glutamine_24909,0.0
Q8Y9S7,3a7k_serine_26456,630.8986047282425
Q8Y9S7,3a7k_threonine_27078,0.0
Q8Y9S7,3k12a_lysine_23849,0.0
Q8Y9S7,3k7a_glutamine_29953,0.0
Q8Y9S7,3k7a_proline_M+NH4_21780,0.0
Q8Y9S7,"Di_2,3_diaminopropionic acid_14073",0.0
Q8Y9S7,Di_2_aminophenol_36589,3863.198989973006
Q8Y9S7,Di_2_aminophenol_40269,0.0
Q8Y9S7,Di_3_methoxytyramine_37128,0.0
Q8Y9S7,Di_3_methoxytyramine_37165,0.0
Q8Y9S7,Di_3_methoxytyramine_39396,0.0
Q8Y9S7,Di_GABA_33328,3320.0504809340814
Q8Y9S7,Di_GABA_36169,19538.435008761968
Q8Y9S7,Di_alanine_27176,0.0
Q8Y9S7,Di_alanine_35826,0.0
Q8Y9S7,Di_alanine_37411,143962.18022192363
Q8Y9S7,Di_citrulline_22104,0.0
Q8Y9S7,Di_citrulline_31270,0.0
Q8Y9S7,Di_dopamine_34015,0.0
Q8Y9S7,Di_dopamine_38088,0.0
Q8Y9S7,Di_glutamine_30065,0.0
Q8Y9S7,Di_glutamine_30067,0.0
Q8Y9S7,Di_glutamine_31254,0.0
Q8Y9S7,Di_glycine_27361,2604931.8356775213
Q8Y9S7,Di_glycine_34166,6037326.752953725
Q8Y9S7,Di_glycine_34738,470020.48927846306
Q8Y9S7,Di_lysine_25070,0.0
Q8Y9S7,Di_methionine_34896,0.0
Q8Y9S7,Di_ornithine_15391,0.0
Q8Y9S7,Di_ornithine_17963,0.0
Q8Y9S7,Di_ornithine_22619,0.0
Q8Y9S7,Di_ornithine_25325,0.0
Q8Y9S7,Di_phenylalanine_22687,0.0
Q8Y9S7,Di_phenylalanine_39833,103884.91091929915
Q8Y9S7,Di_serine_32622,0.0
Q8Y9S7,Di_taurine_19595,3818.4334323383346
Q8Y9S7,Di_taurine_29331,4782993.931567229
Q8Y9S7,Di_taurine_30261,0.0
Q8Y9S7,Di_threonine_23465,0.0
Q8Y9S7,Di_threonine_33288,0.0
Q8Y9S7,Di_unconjugated_34634,0.0
Q8Y9S7,Mono_2_aminophenol_41901,0.0
Q8Y9S7,Mono_2_aminophenol_45657,366.75095953165675
Q8Y9S7,Mono_GABA_40494,21108.101312807794
Q8Y9S7,Mono_alanine_40140,8604.52416757826
Q8Y9S7,Mono_glutamine_37103,2473.1384186803093
Q8Y9S7,Mono_glycine_38634,5541835.907628249
Q8Y9S7,Mono_lysine_32192,0.0
Q8Y9S7,Mono_methionine_41397,0.0
Q8Y9S7,Mono_ornithine_31596,0.0
Q8Y9S7,Mono_ornithine_33494,0.0
Q8Y9S7,Mono_phenylalanine_41412,0.0
Q8Y9S7,Mono_serotonin_42743,0.0
Q8Y9S7,Mono_taurine_35357,17427162.953278445
Q8Y9S7,Mono_tyramine_38979,0.0
Q8Y9S7,"Tri_2,3_diaminopropionic acid_14940",0.0
Q8Y9S7,"Tri_2,3_diaminopropionic acid_17863",0.0
Q8Y9S7,"Tri_2,3_diaminopropionic acid_17869",0.0
Q8Y9S7,"Tri_2,3_diaminopropionic acid_18373",0.0
Q8Y9S7,Tri_2_aminophenol_35037,0.0
Q8Y9S7,Tri_2_aminophenol_39976,695.1891520510401
Q8Y9S7,Tri_3_methoxytyramine_36008,0.0
Q8Y9S7,Tri_GABA_22882,72791.12063371844
Q8Y9S7,Tri_GABA_26794,493817.00600767735
Q8Y9S7,Tri_GABA_M+H2O_23885,187.44444649669956
Q8Y9S7,Tri_alanine_28457,318.57733747118385
Q8Y9S7,Tri_arginine_18281,0.0
Q8Y9S7,Tri_asparagine_20433,50486.19162263443
Q8Y9S7,Tri_cadaverine_19586,0.0
Q8Y9S7,Tri_citrulline_22220,0.0
Q8Y9S7,Tri_cystine_19329,0.0
Q8Y9S7,Tri_dopamine_32050,16040.649821390938
Q8Y9S7,Tri_dopamine_32195,0.0
Q8Y9S7,Tri_glutamine_22099,0.0
Q8Y9S7,Tri_glycine_25947,253664.35292942077
Q8Y9S7,Tri_glyglycine_20401,0.0
Q8Y9S7,Tri_histidine_17315,0.0
Q8Y9S7,Tri_methionine_33885,0.0
Q8Y9S7,Tri_ornithine_17210,0.0
Q8Y9S7,Tri_phenylalanine_22512,0.0
Q8Y9S7,Tri_phenylalanine_37508,0.0
Q8Y9S7,Tri_phenylalanine_40024,35646.778023435785
Q8Y9S7,Tri_proline_M+NH4_18411,0.0
Q8Y9S7,Tri_putrescine_18433,0.0
Q8Y9S7,Tri_serine_23158,0.0
Q8Y9S7,Tri_taurine_20369,0.0
Q8Y9S7,Tri_tryptamine_38723,0.0
Q9KK62,"3a,7a,12k_alanine_20366",0.0
Q9KK62,"3a,7a,12k_lysine_23168",0.0
Q9KK62,3a12k_serine_27652,0.0
Q9KK62,3a12k_taurine_22309,10044.904593749188
Q9KK62,3a7a12k_taurine_14542,6924.87909967584
Q9KK62,3a7k_citrulline_24966,0.0
Q9KK62,3a7k_glutamine_24909,0.0
Q9KK62,3a7k_serine_26456,0.0
Q9KK62,3a7k_threonine_27078,0.0
Q9KK62,3k12a_lysine_23849,0.0
Q9KK62,3k7a_glutamine_29953,0.0
Q9KK62,3k7a_proline_M+NH4_21780,0.0
Q9KK62,"Di_2,3_diaminopropionic acid_14073",0.0
Q9KK62,Di_2_aminophenol_36589,0.0
Q9KK62,Di_2_aminophenol_40269,0.0
Q9KK62,Di_3_methoxytyramine_37128,0.0
Q9KK62,Di_3_methoxytyramine_37165,0.0
Q9KK62,Di_3_methoxytyramine_39396,0.0
Q9KK62,Di_GABA_33328,0.0
Q9KK62,Di_GABA_36169,0.0
Q9KK62,Di_alanine_27176,0.0
Q9KK62,Di_alanine_35826,0.0
Q9KK62,Di_alanine_37411,0.0
Q9KK62,Di_citrulline_22104,0.0
Q9KK62,Di_citrulline_31270,0.0
Q9KK62,Di_dopamine_34015,0.0
Q9KK62,Di_dopamine_38088,0.0
Q9KK62,Di_glutamine_30065,0.0
Q9KK62,Di_glutamine_30067,0.0
Q9KK62,Di_glutamine_31254,0.0
Q9KK62,Di_glycine_27361,36572.757187622476
Q9KK62,Di_glycine_34166,20944.27934956159
Q9KK62,Di_glycine_34738,0.0
Q9KK62,Di_lysine_25070,0.0
Q9KK62,Di_methionine_34896,0.0
Q9KK62,Di_ornithine_15391,0.0
Q9KK62,Di_ornithine_17963,0.0
Q9KK62,Di_ornithine_22619,0.0
Q9KK62,Di_ornithine_25325,0.0
Q9KK62,Di_phenylalanine_22687,0.0
Q9KK62,Di_phenylalanine_39833,0.0
Q9KK62,Di_serine_32622,0.0
Q9KK62,Di_taurine_19595,0.0
Q9KK62,Di_taurine_29331,11672.872466975161
Q9KK62,Di_taurine_30261,0.0
Q9KK62,Di_threonine_23465,0.0
Q9KK62,Di_threonine_33288,0.0
Q9KK62,Di_unconjugated_34634,0.0
Q9KK62,Mono_2_aminophenol_41901,0.0
Q9KK62,Mono_2_aminophenol_45657,0.0
Q9KK62,Mono_GABA_40494,0.0
Q9KK62,Mono_alanine_40140,0.0
Q9KK62,Mono_glutamine_37103,0.0
Q9KK62,Mono_glycine_38634,75388.8627160343
Q9KK62,Mono_lysine_32192,0.0
Q9KK62,Mono_methionine_41397,0.0
Q9KK62,Mono_ornithine_31596,0.0
Q9KK62,Mono_ornithine_33494,0.0
Q9KK62,Mono_phenylalanine_41412,0.0
Q9KK62,Mono_serotonin_42743,0.0
Q9KK62,Mono_taurine_35357,24930.736064075023
Q9KK62,Mono_tyramine_38979,0.0
Q9KK62,"Tri_2,3_diaminopropionic acid_14940",0.0
Q9KK62,"Tri_2,3_diaminopropionic acid_17863",0.0
Q9KK62,"Tri_2,3_diaminopropionic acid_17869",0.0
Q9KK62,"Tri_2,3_diaminopropionic acid_18373",0.0
Q9KK62,Tri_2_aminophenol_35037,0.0
Q9KK62,Tri_2_aminophenol_39976,0.0
Q9KK62,Tri_3_methoxytyramine_36008,0.0
Q9KK62,Tri_GABA_22882,0.0
Q9KK62,Tri_GABA_26794,0.0
Q9KK62,Tri_GABA_M+H2O_23885,0.0
Q9KK62,Tri_alanine_28457,0.0
Q9KK62,Tri_arginine_18281,0.0
Q9KK62,Tri_asparagine_20433,0.0
Q9KK62,Tri_cadaverine_19586,0.0
Q9KK62,Tri_citrulline_22220,0.0
Q9KK62,Tri_cystine_19329,0.0
Q9KK62,Tri_dopamine_32050,0.0
Q9KK62,Tri_dopamine_32195,0.0
Q9KK62,Tri_glutamine_22099,0.0
Q9KK62,Tri_glycine_25947,0.0
Q9KK62,Tri_glyglycine_20401,0.0
Q9KK62,Tri_histidine_17315,0.0
Q9KK62,Tri_methionine_33885,0.0
Q9KK62,Tri_ornithine_17210,0.0
Q9KK62,Tri_phenylalanine_22512,0.0
Q9KK62,Tri_phenylalanine_37508,0.0
Q9KK62,Tri_phenylalanine_40024,0.0
Q9KK62,Tri_proline_M+NH4_18411,0.0
Q9KK62,Tri_putrescine_18433,0.0
Q9KK62,Tri_serine_23158,0.0
Q9KK62,Tri_taurine_20369,0.0
Q9KK62,Tri_tryptamine_38723,0.0
R7PBA0,"3a,7a,12k_alanine_20366",0.0
R7PBA0,"3a,7a,12k_lysine_23168",0.0
R7PBA0,3a12k_serine_27652,33600.109557915224
R7PBA0,3a12k_taurine_22309,68342206.31636976
R7PBA0,3a7a12k_taurine_14542,153479359.10579684
R7PBA0,3a7k_citrulline_24966,0.0
R7PBA0,3a7k_glutamine_24909,0.0
R7PBA0,3a7k_serine_26456,2272.196130997916
R7PBA0,3a7k_threonine_27078,0.0
R7PBA0,3k12a_lysine_23849,0.0
R7PBA0,3k7a_glutamine_29953,0.0
R7PBA0,3k7a_proline_M+NH4_21780,0.0
R7PBA0,"Di_2,3_diaminopropionic acid_14073",12514.792792025633
R7PBA0,Di_2_aminophenol_36589,774867.1720776175
R7PBA0,Di_2_aminophenol_40269,343311.02298944275
R7PBA0,Di_3_methoxytyramine_37128,217484.63204605793
R7PBA0,Di_3_methoxytyramine_37165,9410.666128729807
R7PBA0,Di_3_methoxytyramine_39396,0.0
R7PBA0,Di_GABA_33328,39468.968040486456
R7PBA0,Di_GABA_36169,70557.14775484156
R7PBA0,Di_alanine_27176,25206.792965730874
R7PBA0,Di_alanine_35826,41149.52568208361
R7PBA0,Di_alanine_37411,703241.3233953352
R7PBA0,Di_citrulline_22104,0.0
R7PBA0,Di_citrulline_31270,0.0
R7PBA0,Di_dopamine_34015,25084.79362090184
R7PBA0,Di_dopamine_38088,4488.105897602851
R7PBA0,Di_glutamine_30065,0.0
R7PBA0,Di_glutamine_30067,0.0
R7PBA0,Di_glutamine_31254,0.0
R7PBA0,Di_glycine_27361,21066886.864863373
R7PBA0,Di_glycine_34166,45165394.115735106
R7PBA0,Di_glycine_34738,2664592.690384155
R7PBA0,Di_lysine_25070,0.0
R7PBA0,Di_methionine_34896,0.0
R7PBA0,Di_ornithine_15391,0.0
R7PBA0,Di_ornithine_17963,16843.72621109635
R7PBA0,Di_ornithine_22619,0.0
R7PBA0,Di_ornithine_25325,1810.1202791425042
R7PBA0,Di_phenylalanine_22687,0.0
R7PBA0,Di_phenylalanine_39833,286821.00969011337
R7PBA0,Di_serine_32622,0.0
R7PBA0,Di_taurine_19595,0.0
R7PBA0,Di_taurine_29331,51650295.95664605
R7PBA0,Di_taurine_30261,0.0
R7PBA0,Di_threonine_23465,0.0
R7PBA0,Di_threonine_33288,0.0
R7PBA0,Di_unconjugated_34634,69019.08934798324
R7PBA0,Mono_2_aminophenol_41901,8994.615029708462
R7PBA0,Mono_2_aminophenol_45657,5828.837030831065
R7PBA0,Mono_GABA_40494,67697.36477935108
R7PBA0,Mono_alanine_40140,43070.455366148286
R7PBA0,Mono_glutamine_37103,0.0
R7PBA0,Mono_glycine_38634,33104072.22177592
R7PBA0,Mono_lysine_32192,0.0
R7PBA0,Mono_methionine_41397,0.0
R7PBA0,Mono_ornithine_31596,0.0
R7PBA0,Mono_ornithine_33494,21263.689141312858
R7PBA0,Mono_phenylalanine_41412,0.0
R7PBA0,Mono_serotonin_42743,24783.880236891757
R7PBA0,Mono_taurine_35357,4557321.859226907
R7PBA0,Mono_tyramine_38979,0.0
R7PBA0,"Tri_2,3_diaminopropionic acid_14940",0.0
R7PBA0,"Tri_2,3_diaminopropionic acid_17863",0.0
R7PBA0,"Tri_2,3_diaminopropionic acid_17869",0.0
R7PBA0,"Tri_2,3_diaminopropionic acid_18373",60611.224500593795
R7PBA0,Tri_2_aminophenol_35037,0.0
R7PBA0,Tri_2_aminophenol_39976,640367.127714203
R7PBA0,Tri_3_methoxytyramine_36008,0.0
R7PBA0,Tri_GABA_22882,511655.6855976917
R7PBA0,Tri_GABA_26794,2143300.156539062
R7PBA0,Tri_GABA_M+H2O_23885,0.0
R7PBA0,Tri_alanine_28457,0.0
R7PBA0,Tri_arginine_18281,0.0
R7PBA0,Tri_asparagine_20433,272210.5714856292
R7PBA0,Tri_cadaverine_19586,0.0
R7PBA0,Tri_citrulline_22220,0.0
R7PBA0,Tri_cystine_19329,0.0
R7PBA0,Tri_dopamine_32050,186743.25546927194
R7PBA0,Tri_dopamine_32195,0.0
R7PBA0,Tri_glutamine_22099,0.0
R7PBA0,Tri_glycine_25947,0.0
R7PBA0,Tri_glyglycine_20401,0.0
R7PBA0,Tri_histidine_17315,0.0
R7PBA0,Tri_methionine_33885,0.0
R7PBA0,Tri_ornithine_17210,0.0
R7PBA0,Tri_phenylalanine_22512,0.0
R7PBA0,Tri_phenylalanine_37508,0.0
R7PBA0,Tri_phenylalanine_40024,150312.4994460616
R7PBA0,Tri_proline_M+NH4_18411,0.0
R7PBA0,Tri_putrescine_18433,0.0
R7PBA0,Tri_serine_23158,0.0
R7PBA0,Tri_taurine_20369,0.0
R7PBA0,Tri_tryptamine_38723,0.0
U2D571,"3a,7a,12k_alanine_20366",0.0
U2D571,"3a,7a,12k_lysine_23168",0.0
U2D571,3a12k_serine_27652,0.0
U2D571,3a12k_taurine_22309,50552.37863228234
U2D571,3a7a12k_taurine_14542,30828.770347250418
U2D571,3a7k_citrulline_24966,0.0
U2D571,3a7k_glutamine_24909,0.0
U2D571,3a7k_serine_26456,0.0
U2D571,3a7k_threonine_27078,0.0
U2D571,3k12a_lysine_23849,0.0
U2D571,3k7a_glutamine_29953,0.0
U2D571,3k7a_proline_M+NH4_21780,0.0
U2D571,"Di_2,3_diaminopropionic acid_14073",0.0
U2D571,Di_2_aminophenol_36589,0.0
U2D571,Di_2_aminophenol_40269,0.0
U2D571,Di_3_methoxytyramine_37128,0.0
U2D571,Di_3_methoxytyramine_37165,0.0
U2D571,Di_3_methoxytyramine_39396,0.0
U2D571,Di_GABA_33328,0.0
U2D571,Di_GABA_36169,0.0
U2D571,Di_alanine_27176,0.0
U2D571,Di_alanine_35826,0.0
U2D571,Di_alanine_37411,0.0
U2D571,Di_citrulline_22104,0.0
U2D571,Di_citrulline_31270,0.0
U2D571,Di_dopamine_34015,0.0
U2D571,Di_dopamine_38088,0.0
U2D571,Di_glutamine_30065,0.0
U2D571,Di_glutamine_30067,0.0
U2D571,Di_glutamine_31254,0.0
U2D571,Di_glycine_27361,56747.056356988585
U2D571,Di_glycine_34166,52971.455665606154
U2D571,Di_glycine_34738,0.0
U2D571,Di_lysine_25070,0.0
U2D571,Di_methionine_34896,0.0
U2D571,Di_ornithine_15391,0.0
U2D571,Di_ornithine_17963,0.0
U2D571,Di_ornithine_22619,0.0
U2D571,Di_ornithine_25325,0.0
U2D571,Di_phenylalanine_22687,0.0
U2D571,Di_phenylalanine_39833,0.0
U2D571,Di_serine_32622,0.0
U2D571,Di_taurine_19595,0.0
U2D571,Di_taurine_29331,73797.75541349448
U2D571,Di_taurine_30261,0.0
U2D571,Di_threonine_23465,0.0
U2D571,Di_threonine_33288,0.0
U2D571,Di_unconjugated_34634,0.0
U2D571,Mono_2_aminophenol_41901,0.0
U2D571,Mono_2_aminophenol_45657,0.0
U2D571,Mono_GABA_40494,0.0
U2D571,Mono_alanine_40140,0.0
U2D571,Mono_glutamine_37103,0.0
U2D571,Mono_glycine_38634,189205.15453860778
U2D571,Mono_lysine_32192,0.0
U2D571,Mono_methionine_41397,0.0
U2D571,Mono_ornithine_31596,0.0
U2D571,Mono_ornithine_33494,0.0
U2D571,Mono_phenylalanine_41412,0.0
U2D571,Mono_serotonin_42743,0.0
U2D571,Mono_taurine_35357,113395.11294510965
U2D571,Mono_tyramine_38979,0.0
U2D571,"Tri_2,3_diaminopropionic acid_14940",0.0
U2D571,"Tri_2,3_diaminopropionic acid_17863",0.0
U2D571,"Tri_2,3_diaminopropionic acid_17869",0.0
U2D571,"Tri_2,3_diaminopropionic acid_18373",0.0
U2D571,Tri_2_aminophenol_35037,0.0
U2D571,Tri_2_aminophenol_39976,0.0
U2D571,Tri_3_methoxytyramine_36008,0.0
U2D571,Tri_GABA_22882,0.0
U2D571,Tri_GABA_26794,0.0
U2D571,Tri_GABA_M+H2O_23885,0.0
U2D571,Tri_alanine_28457,0.0
U2D571,Tri_arginine_18281,0.0
U2D571,Tri_asparagine_20433,0.0
U2D571,Tri_cadaverine_19586,0.0
U2D571,Tri_citrulline_22220,0.0
U2D571,Tri_cystine_19329,0.0
U2D571,Tri_dopamine_32050,0.0
U2D571,Tri_dopamine_32195,0.0
U2D571,Tri_glutamine_22099,0.0
U2D571,Tri_glycine_25947,0.0
U2D571,Tri_glyglycine_20401,0.0
U2D571,Tri_histidine_17315,0.0
U2D571,Tri_methionine_33885,0.0
U2D571,Tri_ornithine_17210,0.0
U2D571,Tri_phenylalanine_22512,0.0
U2D571,Tri_phenylalanine_37508,0.0
U2D571,Tri_phenylalanine_40024,0.0
U2D571,Tri_proline_M+NH4_18411,0.0
U2D571,Tri_putrescine_18433,0.0
U2D571,Tri_serine_23158,0.0
U2D571,Tri_taurine_20369,0.0
U2D571,Tri_tryptamine_38723,0.0
nan,"3a,7a,12k_alanine_20366",0.0
nan,"3a,7a,12k_lysine_23168",0.0
nan,3a12k_serine_27652,0.0
nan,3a12k_taurine_22309,73452.92757245187
nan,3a7a12k_taurine_14542,60523.9520511393
nan,3a7k_citrulline_24966,0.0
nan,3a7k_glutamine_24909,0.0
nan,3a7k_serine_26456,0.0
nan,3a7k_threonine_27078,0.0
nan,3k12a_lysine_23849,0.0
nan,3k7a_glutamine_29953,0.0
nan,3k7a_proline_M+NH4_21780,0.0
nan,"Di_2,3_diaminopropionic acid_14073",0.0
nan,Di_2_aminophenol_36589,0.0
nan,Di_2_aminophenol_40269,0.0
nan,Di_3_methoxytyramine_37128,0.0
nan,Di_3_methoxytyramine_37165,0.0
nan,Di_3_methoxytyramine_39396,0.0
nan,Di_GABA_33328,0.0
nan,Di_GABA_36169,0.0
nan,Di_alanine_27176,0.0
nan,Di_alanine_35826,0.0
nan,Di_alanine_37411,0.0
nan,Di_citrulline_22104,0.0
nan,Di_citrulline_31270,0.0
nan,Di_dopamine_34015,0.0
nan,Di_dopamine_38088,0.0
nan,Di_glutamine_30065,0.0
nan,Di_glutamine_30067,0.0
nan,Di_glutamine_31254,0.0
nan,Di_glycine_27361,36733.5032010049
nan,Di_glycine_34166,38208.49761453221
nan,Di_glycine_34738,0.0
nan,Di_lysine_25070,0.0
nan,Di_methionine_34896,0.0
nan,Di_ornithine_15391,0.0
nan,Di_ornithine_17963,0.0
nan,Di_ornithine_22619,0.0
nan,Di_ornithine_25325,0.0
nan,Di_phenylalanine_22687,0.0
nan,Di_phenylalanine_39833,0.0
nan,Di_serine_32622,0.0
nan,Di_taurine_19595,0.0
nan,Di_taurine_29331,66430.64914662845
nan,Di_taurine_30261,0.0
nan,Di_threonine_23465,0.0
nan,Di_threonine_33288,0.0
nan,Di_unconjugated_34634,0.0
nan,Mono_2_aminophenol_41901,0.0
nan,Mono_2_aminophenol_45657,1404.5836745242998
nan,Mono_GABA_40494,0.0
nan,Mono_alanine_40140,0.0
nan,Mono_glutamine_37103,0.0
nan,Mono_glycine_38634,165589.00710816105
nan,Mono_lysine_32192,0.0
nan,Mono_methionine_41397,0.0
nan,Mono_ornithine_31596,0.0
nan,Mono_ornithine_33494,0.0
nan,Mono_phenylalanine_41412,0.0
nan,Mono_serotonin_42743,0.0
nan,Mono_taurine_35357,104575.08097615204
nan,Mono_tyramine_38979,0.0
nan,"Tri_2,3_diaminopropionic acid_14940",0.0
nan,"Tri_2,3_diaminopropionic acid_17863",0.0
nan,"Tri_2,3_diaminopropionic acid_17869",0.0
nan,"Tri_2,3_diaminopropionic acid_18373",0.0
nan,Tri_2_aminophenol_35037,0.0
nan,Tri_2_aminophenol_39976,0.0
nan,Tri_3_methoxytyramine_36008,0.0
nan,Tri_GABA_22882,0.0
nan,Tri_GABA_26794,0.0
nan,Tri_GABA_M+H2O_23885,0.0
nan,Tri_alanine_28457,0.0
nan,Tri_arginine_18281,0.0
nan,Tri_asparagine_20433,0.0
nan,Tri_cadaverine_19586,0.0
nan,Tri_citrulline_22220,0.0
nan,Tri_cystine_19329,0.0
nan,Tri_dopamine_32050,0.0
nan,Tri_dopamine_32195,0.0
nan,Tri_glutamine_22099,0.0
nan,Tri_glycine_25947,0.0
nan,Tri_glyglycine_20401,0.0
nan,Tri_histidine_17315,0.0
nan,Tri_methionine_33885,0.0
nan,Tri_ornithine_17210,0.0
nan,Tri_phenylalanine_22512,0.0
nan,Tri_phenylalanine_37508,0.0
nan,Tri_phenylalanine_40024,0.0
nan,Tri_proline_M+NH4_18411,0.0
nan,Tri_putrescine_18433,0.0
nan,Tri_serine_23158,0.0
nan,Tri_taurine_20369,0.0
nan,Tri_tryptamine_38723,0.0
