entry,accession,split,Amine,Hydroxyl,measured,raw_full,raw_trimmed,delta,cal_full,cal_trimmed,embedding_cosine,comparable
A0A1Y4QH48,A0A1Y4QH48,,"2,3_diaminopropionic acid",Di,,0.0115,0.0096,-0.0019,0.0114,0.0101,0.7979,True
A0A1Y4QH48,A0A1Y4QH48,,"2,3_diaminopropionic acid",Mono,,0.0073,0.0056,-0.0017,0.0101,0.0101,0.7979,True
A0A1Y4QH48,A0A1Y4QH48,,"2,3_diaminopropionic acid",Tri,,0.1567,0.1042,-0.0525,0.1127,0.0915,0.7979,True
A0A1Y4QH48,A0A1Y4QH48,,2_aminophenol,Di,,0.8269,0.8032,-0.0237,0.7,0.7,0.7979,True
A0A1Y4QH48,A0A1Y4QH48,,2_aminophenol,Mono,,0.1644,0.1805,0.0161,0.1127,0.1127,0.7979,True
A0A1Y4QH48,A0A1Y4QH48,,2_aminophenol,Tri,,0.6672,0.7316,0.0644,0.5287,0.5287,0.7979,True
A0A1Y4QH48,A0A1Y4QH48,,3_methoxytyramine,Di,,0.0377,0.0436,0.0059,0.0529,0.0529,0.7979,True
A0A1Y4QH48,A0A1Y4QH48,,3_methoxytyramine,Mono,,0.0036,0.0046,0.001,0.0101,0.0101,0.7979,True
A0A1Y4QH48,A0A1Y4QH48,,3_methoxytyramine,Tri,,0.0428,0.0531,0.0103,0.0529,0.0529,0.7979,True
A0A1Y4QH48,A0A1Y4QH48,,alanine,Di,,0.8532,0.7919,-0.0613,0.7,0.5287,0.7979,True
A0A1Y4QH48,A0A1Y4QH48,,alanine,Mono,,0.8491,0.7709,-0.0782,0.7,0.5287,0.7979,True
A0A1Y4QH48,A0A1Y4QH48,,alanine,Tri,,0.1302,0.1053,-0.0249,0.0915,0.0915,0.7979,True
A0A1Y4QH48,A0A1Y4QH48,,arginine,Di,,0.0027,0.0023,-0.0004,0.0101,0.0101,0.7979,True
A0A1Y4QH48,A0A1Y4QH48,,arginine,Mono,,0.0016,0.0011,-0.0005,0.0023,0.0023,0.7979,True
A0A1Y4QH48,A0A1Y4QH48,,arginine,Tri,,0.0097,0.006,-0.0037,0.0101,0.0101,0.7979,True
A0A1Y4QH48,A0A1Y4QH48,,asparagine,Di,,0.0298,0.019,-0.0108,0.0391,0.0202,0.7979,True
A0A1Y4QH48,A0A1Y4QH48,,asparagine,Mono,,0.0356,0.0177,-0.0179,0.0409,0.0202,0.7979,True
A0A1Y4QH48,A0A1Y4QH48,,asparagine,Tri,,0.8649,0.8065,-0.0584,0.7,0.7,0.7979,True
A0A1Y4QH48,A0A1Y4QH48,,cadaverine,Di,,0.0019,0.002,1e-04,0.0023,0.0023,0.7979,True
A0A1Y4QH48,A0A1Y4QH48,,cadaverine,Mono,,0.0009,0.0008,-1e-04,0.0023,0.0023,0.7979,True
A0A1Y4QH48,A0A1Y4QH48,,cadaverine,Tri,,0.0038,0.0038,0.0,0.0101,0.0101,0.7979,True
A0A1Y4QH48,A0A1Y4QH48,,citrulline,Di,,0.017,0.0126,-0.0044,0.0202,0.0137,0.7979,True
A0A1Y4QH48,A0A1Y4QH48,,citrulline,Mono,,0.0051,0.0031,-0.002,0.0101,0.0101,0.7979,True
A0A1Y4QH48,A0A1Y4QH48,,citrulline,Tri,,0.0061,0.0041,-0.002,0.0101,0.0101,0.7979,True
A0A1Y4QH48,A0A1Y4QH48,,cystine,Di,,0.0066,0.0064,-0.0002,0.0101,0.0101,0.7979,True
A0A1Y4QH48,A0A1Y4QH48,,cystine,Mono,,0.0027,0.0025,-0.0002,0.0101,0.0101,0.7979,True
A0A1Y4QH48,A0A1Y4QH48,,cystine,Tri,,0.0115,0.0158,0.0043,0.0114,0.0202,0.7979,True
A0A1Y4QH48,A0A1Y4QH48,,dopamine,Di,,0.1031,0.0863,-0.0168,0.0915,0.0529,0.7979,True
A0A1Y4QH48,A0A1Y4QH48,,dopamine,Mono,,0.0254,0.0215,-0.0039,0.0391,0.0301,0.7979,True
A0A1Y4QH48,A0A1Y4QH48,,dopamine,Tri,,0.8357,0.7799,-0.0558,0.7,0.5287,0.7979,True
A0A1Y4QH48,A0A1Y4QH48,,gaba,Di,,0.8045,0.8549,0.0504,0.7,0.7,0.7979,True
A0A1Y4QH48,A0A1Y4QH48,,gaba,Mono,,0.8779,0.8854,0.0075,0.7,0.8235,0.7979,True
A0A1Y4QH48,A0A1Y4QH48,,gaba,Tri,,0.883,0.9193,0.0363,0.8235,0.8636,0.7979,True
A0A1Y4QH48,A0A1Y4QH48,,glutamine,Di,,0.0657,0.0423,-0.0234,0.0529,0.0529,0.7979,True
A0A1Y4QH48,A0A1Y4QH48,,glutamine,Mono,,0.6836,0.4209,-0.2627,0.5287,0.2815,0.7979,True
A0A1Y4QH48,A0A1Y4QH48,,glutamine,Tri,,0.0696,0.0382,-0.0314,0.0529,0.0529,0.7979,True
A0A1Y4QH48,A0A1Y4QH48,,glyglycine,Di,,0.0031,0.0048,0.0017,0.0101,0.0101,0.7979,True
A0A1Y4QH48,A0A1Y4QH48,,glyglycine,Mono,,0.0032,0.0047,0.0015,0.0101,0.0101,0.7979,True
A0A1Y4QH48,A0A1Y4QH48,,glyglycine,Tri,,0.0334,0.0672,0.0338,0.0409,0.0529,0.7979,True
A0A1Y4QH48,A0A1Y4QH48,,histidine,Di,,0.0006,0.0008,0.0002,0.0,0.0023,0.7979,True
A0A1Y4QH48,A0A1Y4QH48,,histidine,Mono,,0.0005,0.0004,-1e-04,0.0,0.0,0.7979,True
A0A1Y4QH48,A0A1Y4QH48,,histidine,Tri,,0.0077,0.0101,0.0024,0.0101,0.0101,0.7979,True
A0A1Y4QH48,A0A1Y4QH48,,lysine,Di,,0.0834,0.0845,0.0011,0.0529,0.0529,0.7979,True
A0A1Y4QH48,A0A1Y4QH48,,lysine,Mono,,0.0103,0.0103,0.0,0.0101,0.0101,0.7979,True
A0A1Y4QH48,A0A1Y4QH48,,lysine,Tri,,0.0083,0.0092,0.0009,0.0101,0.0101,0.7979,True
A0A1Y4QH48,A0A1Y4QH48,,methionine,Di,,0.0278,0.0216,-0.0062,0.0391,0.0301,0.7979,True
A0A1Y4QH48,A0A1Y4QH48,,methionine,Mono,,0.0407,0.0313,-0.0094,0.0529,0.0409,0.7979,True
A0A1Y4QH48,A0A1Y4QH48,,methionine,Tri,,0.0608,0.0534,-0.0074,0.0529,0.0529,0.7979,True
A0A1Y4QH48,A0A1Y4QH48,,ornithine,Di,,0.0167,0.0181,0.0014,0.0202,0.0202,0.7979,True
A0A1Y4QH48,A0A1Y4QH48,,ornithine,Mono,,0.0067,0.0064,-0.0003,0.0101,0.0101,0.7979,True
A0A1Y4QH48,A0A1Y4QH48,,ornithine,Tri,,0.0057,0.0062,0.0005,0.0101,0.0101,0.7979,True
A0A1Y4QH48,A0A1Y4QH48,,phenylalanine,Di,,0.8853,0.8594,-0.0259,0.8235,0.7,0.7979,True
A0A1Y4QH48,A0A1Y4QH48,,phenylalanine,Mono,,0.0874,0.0725,-0.0149,0.0529,0.0529,0.7979,True
A0A1Y4QH48,A0A1Y4QH48,,phenylalanine,Tri,,0.8796,0.8796,0.0,0.75,0.75,0.7979,True
A0A1Y4QH48,A0A1Y4QH48,,proline,Di,,0.0012,0.0011,-1e-04,0.0023,0.0023,0.7979,True
A0A1Y4QH48,A0A1Y4QH48,,proline,Mono,,0.0021,0.0014,-0.0007,0.0023,0.0023,0.7979,True
A0A1Y4QH48,A0A1Y4QH48,,proline,Tri,,0.0113,0.0101,-0.0012,0.0114,0.0101,0.7979,True
A0A1Y4QH48,A0A1Y4QH48,,putrescine,Di,,0.0018,0.0019,1e-04,0.0023,0.0023,0.7979,True
A0A1Y4QH48,A0A1Y4QH48,,putrescine,Mono,,0.0009,0.0008,-1e-04,0.0023,0.0023,0.7979,True
A0A1Y4QH48,A0A1Y4QH48,,putrescine,Tri,,0.0037,0.0037,0.0,0.0101,0.0101,0.7979,True
A0A1Y4QH48,A0A1Y4QH48,,serine,Di,,0.0914,0.0685,-0.0229,0.0529,0.0529,0.7979,True
A0A1Y4QH48,A0A1Y4QH48,,serine,Mono,,0.0827,0.0633,-0.0194,0.0529,0.0529,0.7979,True
A0A1Y4QH48,A0A1Y4QH48,,serine,Tri,,0.0764,0.0522,-0.0242,0.0529,0.0529,0.7979,True
A0A1Y4QH48,A0A1Y4QH48,,serotonin,Di,,0.0037,0.003,-0.0007,0.0101,0.0101,0.7979,True
A0A1Y4QH48,A0A1Y4QH48,,serotonin,Mono,,0.0571,0.0471,-0.01,0.0529,0.0529,0.7979,True
A0A1Y4QH48,A0A1Y4QH48,,serotonin,Tri,,0.0047,0.0035,-0.0012,0.0101,0.0101,0.7979,True
A0A1Y4QH48,A0A1Y4QH48,,threonine,Di,,0.0356,0.0406,0.005,0.0409,0.0529,0.7979,True
A0A1Y4QH48,A0A1Y4QH48,,threonine,Mono,,0.0545,0.0605,0.006,0.0529,0.0529,0.7979,True
A0A1Y4QH48,A0A1Y4QH48,,threonine,Tri,,0.0048,0.0053,0.0005,0.0101,0.0101,0.7979,True
A0A1Y4QH48,A0A1Y4QH48,,tryptamine,Di,,0.0009,0.0015,0.0006,0.0023,0.0023,0.7979,True
A0A1Y4QH48,A0A1Y4QH48,,tryptamine,Mono,,0.0003,0.0006,0.0003,0.0,0.0,0.7979,True
A0A1Y4QH48,A0A1Y4QH48,,tryptamine,Tri,,0.0026,0.0047,0.0021,0.0101,0.0101,0.7979,True
A0A1Y4QH48,A0A1Y4QH48,,tyramine,Di,,0.0093,0.0071,-0.0022,0.0101,0.0101,0.7979,True
A0A1Y4QH48,A0A1Y4QH48,,tyramine,Mono,,0.0728,0.0629,-0.0099,0.0529,0.0529,0.7979,True
A0A1Y4QH48,A0A1Y4QH48,,tyramine,Tri,,0.0154,0.0116,-0.0038,0.0202,0.0114,0.7979,True
Aureitalea_A0A2S7KLN3,A0A2S7KLN3,dev,"2,3_diaminopropionic acid",Di,False,0.0093,0.0086,-0.0007,0.0101,0.0101,0.8986,True
Aureitalea_A0A2S7KLN3,A0A2S7KLN3,dev,"2,3_diaminopropionic acid",Mono,False,0.0075,0.0064,-0.0011,0.0101,0.0101,0.8986,True
Aureitalea_A0A2S7KLN3,A0A2S7KLN3,dev,"2,3_diaminopropionic acid",Tri,False,0.1312,0.1717,0.0405,0.0915,0.1127,0.8986,True
Aureitalea_A0A2S7KLN3,A0A2S7KLN3,dev,2_aminophenol,Di,True,0.9453,0.8366,-0.1087,0.9023,0.7,0.8986,True
Aureitalea_A0A2S7KLN3,A0A2S7KLN3,dev,2_aminophenol,Mono,True,0.6342,0.2607,-0.3735,0.4857,0.1875,0.8986,True
Aureitalea_A0A2S7KLN3,A0A2S7KLN3,dev,2_aminophenol,Tri,False,0.8691,0.737,-0.1321,0.7,0.5287,0.8986,True
Aureitalea_A0A2S7KLN3,A0A2S7KLN3,dev,3_methoxytyramine,Di,False,0.0491,0.0313,-0.0178,0.0529,0.0409,0.8986,True
Aureitalea_A0A2S7KLN3,A0A2S7KLN3,dev,3_methoxytyramine,Mono,False,0.0111,0.0054,-0.0057,0.0101,0.0101,0.8986,True
Aureitalea_A0A2S7KLN3,A0A2S7KLN3,dev,3_methoxytyramine,Tri,False,0.0583,0.0455,-0.0128,0.0529,0.0529,0.8986,True
Aureitalea_A0A2S7KLN3,A0A2S7KLN3,dev,alanine,Di,True,0.9517,0.8744,-0.0773,0.9023,0.7,0.8986,True
Aureitalea_A0A2S7KLN3,A0A2S7KLN3,dev,alanine,Mono,True,0.9605,0.8816,-0.0789,0.9023,0.8235,0.8986,True
Aureitalea_A0A2S7KLN3,A0A2S7KLN3,dev,alanine,Tri,False,0.1457,0.1944,0.0487,0.0915,0.1127,0.8986,True
Aureitalea_A0A2S7KLN3,A0A2S7KLN3,dev,arginine,Di,False,0.0023,0.003,0.0007,0.0101,0.0101,0.8986,True
Aureitalea_A0A2S7KLN3,A0A2S7KLN3,dev,arginine,Mono,False,0.002,0.0018,-0.0002,0.0023,0.0023,0.8986,True
Aureitalea_A0A2S7KLN3,A0A2S7KLN3,dev,arginine,Tri,False,0.0077,0.0148,0.0071,0.0101,0.0202,0.8986,True
Aureitalea_A0A2S7KLN3,A0A2S7KLN3,dev,asparagine,Di,False,0.0532,0.0562,0.003,0.0529,0.0529,0.8986,True
Aureitalea_A0A2S7KLN3,A0A2S7KLN3,dev,asparagine,Mono,False,0.1044,0.0744,-0.03,0.0915,0.0529,0.8986,True
Aureitalea_A0A2S7KLN3,A0A2S7KLN3,dev,asparagine,Tri,True,0.9364,0.9232,-0.0132,0.8636,0.8636,0.8986,True
Aureitalea_A0A2S7KLN3,A0A2S7KLN3,dev,cadaverine,Di,False,0.0022,0.0018,-0.0004,0.0023,0.0023,0.8986,True
Aureitalea_A0A2S7KLN3,A0A2S7KLN3,dev,cadaverine,Mono,False,0.0012,0.0009,-0.0003,0.0023,0.0023,0.8986,True
Aureitalea_A0A2S7KLN3,A0A2S7KLN3,dev,cadaverine,Tri,False,0.0037,0.0033,-0.0004,0.0101,0.0101,0.8986,True
Aureitalea_A0A2S7KLN3,A0A2S7KLN3,dev,citrulline,Di,False,0.0145,0.0236,0.0091,0.0202,0.0391,0.8986,True
Aureitalea_A0A2S7KLN3,A0A2S7KLN3,dev,citrulline,Mono,False,0.0078,0.0079,1e-04,0.0101,0.0101,0.8986,True
Aureitalea_A0A2S7KLN3,A0A2S7KLN3,dev,citrulline,Tri,False,0.0047,0.0087,0.004,0.0101,0.0101,0.8986,True
Aureitalea_A0A2S7KLN3,A0A2S7KLN3,dev,cystine,Di,False,0.0055,0.0084,0.0029,0.0101,0.0101,0.8986,True
Aureitalea_A0A2S7KLN3,A0A2S7KLN3,dev,cystine,Mono,False,0.0036,0.0047,0.0011,0.0101,0.0101,0.8986,True
Aureitalea_A0A2S7KLN3,A0A2S7KLN3,dev,cystine,Tri,False,0.0112,0.0233,0.0121,0.0101,0.0391,0.8986,True
Aureitalea_A0A2S7KLN3,A0A2S7KLN3,dev,dopamine,Di,False,0.1462,0.0958,-0.0504,0.0915,0.0915,0.8986,True
Aureitalea_A0A2S7KLN3,A0A2S7KLN3,dev,dopamine,Mono,False,0.0692,0.0383,-0.0309,0.0529,0.0529,0.8986,True
Aureitalea_A0A2S7KLN3,A0A2S7KLN3,dev,dopamine,Tri,True,0.8904,0.8698,-0.0206,0.8421,0.7,0.8986,True
Aureitalea_A0A2S7KLN3,A0A2S7KLN3,dev,gaba,Di,True,0.9683,0.8421,-0.1262,0.9082,0.7,0.8986,True
Aureitalea_A0A2S7KLN3,A0A2S7KLN3,dev,gaba,Mono,True,0.9819,0.8944,-0.0875,0.9214,0.8571,0.8986,True
Aureitalea_A0A2S7KLN3,A0A2S7KLN3,dev,gaba,Tri,True,0.9786,0.9,-0.0786,0.9082,0.8571,0.8986,True
Aureitalea_A0A2S7KLN3,A0A2S7KLN3,dev,glutamine,Di,False,0.1212,0.1454,0.0242,0.0915,0.0915,0.8986,True
Aureitalea_A0A2S7KLN3,A0A2S7KLN3,dev,glutamine,Mono,True,0.861,0.7918,-0.0692,0.7,0.5287,0.8986,True
Aureitalea_A0A2S7KLN3,A0A2S7KLN3,dev,glutamine,Tri,False,0.11,0.1361,0.0261,0.0915,0.0915,0.8986,True
Aureitalea_A0A2S7KLN3,A0A2S7KLN3,dev,glyglycine,Di,False,0.0034,0.0048,0.0014,0.0101,0.0101,0.8986,True
Aureitalea_A0A2S7KLN3,A0A2S7KLN3,dev,glyglycine,Mono,False,0.0047,0.0058,0.0011,0.0101,0.0101,0.8986,True
Aureitalea_A0A2S7KLN3,A0A2S7KLN3,dev,glyglycine,Tri,False,0.0334,0.0731,0.0397,0.0409,0.0529,0.8986,True
Aureitalea_A0A2S7KLN3,A0A2S7KLN3,dev,histidine,Di,False,0.0006,0.0007,1e-04,0.0,0.0,0.8986,True
Aureitalea_A0A2S7KLN3,A0A2S7KLN3,dev,histidine,Mono,False,0.0005,0.0006,1e-04,0.0,0.0,0.8986,True
Aureitalea_A0A2S7KLN3,A0A2S7KLN3,dev,histidine,Tri,False,0.0055,0.0101,0.0046,0.0101,0.0101,0.8986,True
Aureitalea_A0A2S7KLN3,A0A2S7KLN3,dev,lysine,Di,False,0.0517,0.0975,0.0458,0.0529,0.0915,0.8986,True
Aureitalea_A0A2S7KLN3,A0A2S7KLN3,dev,lysine,Mono,False,0.0105,0.0138,0.0033,0.0101,0.0202,0.8986,True
Aureitalea_A0A2S7KLN3,A0A2S7KLN3,dev,lysine,Tri,False,0.0059,0.0114,0.0055,0.0101,0.0114,0.8986,True
Aureitalea_A0A2S7KLN3,A0A2S7KLN3,dev,methionine,Di,False,0.0249,0.0363,0.0114,0.0391,0.0529,0.8986,True
Aureitalea_A0A2S7KLN3,A0A2S7KLN3,dev,methionine,Mono,False,0.0586,0.0618,0.0032,0.0529,0.0529,0.8986,True
Aureitalea_A0A2S7KLN3,A0A2S7KLN3,dev,methionine,Tri,False,0.048,0.0951,0.0471,0.0529,0.0714,0.8986,True
Aureitalea_A0A2S7KLN3,A0A2S7KLN3,dev,ornithine,Di,False,0.0139,0.0196,0.0057,0.0202,0.0202,0.8986,True
Aureitalea_A0A2S7KLN3,A0A2S7KLN3,dev,ornithine,Mono,False,0.0084,0.0078,-0.0006,0.0101,0.0101,0.8986,True
Aureitalea_A0A2S7KLN3,A0A2S7KLN3,dev,ornithine,Tri,False,0.0045,0.0077,0.0032,0.0101,0.0101,0.8986,True
Aureitalea_A0A2S7KLN3,A0A2S7KLN3,dev,phenylalanine,Di,True,0.9474,0.9075,-0.0399,0.9023,0.8636,0.8986,True
Aureitalea_A0A2S7KLN3,A0A2S7KLN3,dev,phenylalanine,Mono,False,0.3081,0.2033,-0.1048,0.2692,0.1127,0.8986,True
Aureitalea_A0A2S7KLN3,A0A2S7KLN3,dev,phenylalanine,Tri,True,0.9456,0.9266,-0.019,0.9023,0.8636,0.8986,True
Aureitalea_A0A2S7KLN3,A0A2S7KLN3,dev,proline,Di,False,0.002,0.0022,0.0002,0.0023,0.0023,0.8986,True
Aureitalea_A0A2S7KLN3,A0A2S7KLN3,dev,proline,Mono,False,0.0064,0.0039,-0.0025,0.0101,0.0101,0.8986,True
Aureitalea_A0A2S7KLN3,A0A2S7KLN3,dev,proline,Tri,False,0.0179,0.0152,-0.0027,0.0202,0.0202,0.8986,True
Aureitalea_A0A2S7KLN3,A0A2S7KLN3,dev,putrescine,Di,False,0.0022,0.0018,-0.0004,0.0023,0.0023,0.8986,True
Aureitalea_A0A2S7KLN3,A0A2S7KLN3,dev,putrescine,Mono,False,0.0013,0.0009,-0.0004,0.0023,0.0023,0.8986,True
Aureitalea_A0A2S7KLN3,A0A2S7KLN3,dev,putrescine,Tri,False,0.0037,0.0033,-0.0004,0.0101,0.0101,0.8986,True
Aureitalea_A0A2S7KLN3,A0A2S7KLN3,dev,serine,Di,False,0.0699,0.1305,0.0606,0.0529,0.0915,0.8986,True
Aureitalea_A0A2S7KLN3,A0A2S7KLN3,dev,serine,Mono,False,0.0852,0.1362,0.051,0.0529,0.0915,0.8986,True
Aureitalea_A0A2S7KLN3,A0A2S7KLN3,dev,serine,Tri,False,0.0496,0.0799,0.0303,0.0529,0.0529,0.8986,True
Aureitalea_A0A2S7KLN3,A0A2S7KLN3,dev,serotonin,Di,False,0.0045,0.0034,-0.0011,0.0101,0.0101,0.8986,True
Aureitalea_A0A2S7KLN3,A0A2S7KLN3,dev,serotonin,Mono,False,0.098,0.038,-0.06,0.0915,0.0529,0.8986,True
Aureitalea_A0A2S7KLN3,A0A2S7KLN3,dev,serotonin,Tri,False,0.0044,0.0047,0.0003,0.0101,0.0101,0.8986,True
Aureitalea_A0A2S7KLN3,A0A2S7KLN3,dev,threonine,Di,False,0.0311,0.0662,0.0351,0.0409,0.0529,0.8986,True
Aureitalea_A0A2S7KLN3,A0A2S7KLN3,dev,threonine,Mono,False,0.0707,0.1103,0.0396,0.0529,0.0915,0.8986,True
Aureitalea_A0A2S7KLN3,A0A2S7KLN3,dev,threonine,Tri,False,0.0037,0.0085,0.0048,0.0101,0.0101,0.8986,True
Aureitalea_A0A2S7KLN3,A0A2S7KLN3,dev,tryptamine,Di,False,0.0019,0.0008,-0.0011,0.0023,0.0023,0.8986,True
Aureitalea_A0A2S7KLN3,A0A2S7KLN3,dev,tryptamine,Mono,False,0.0016,0.0005,-0.0011,0.0023,0.0,0.8986,True
Aureitalea_A0A2S7KLN3,A0A2S7KLN3,dev,tryptamine,Tri,False,0.0053,0.0026,-0.0027,0.0101,0.0101,0.8986,True
Aureitalea_A0A2S7KLN3,A0A2S7KLN3,dev,tyramine,Di,False,0.0131,0.0128,-0.0003,0.0137,0.0137,0.8986,True
Aureitalea_A0A2S7KLN3,A0A2S7KLN3,dev,tyramine,Mono,False,0.1644,0.116,-0.0484,0.1127,0.0915,0.8986,True
Aureitalea_A0A2S7KLN3,A0A2S7KLN3,dev,tyramine,Tri,False,0.0203,0.0233,0.003,0.0301,0.0391,0.8986,True
B1C4T2,B1C4T2,,"2,3_diaminopropionic acid",Di,,0.0127,0.0127,0.0,0.0137,0.0137,,False
B1C4T2,B1C4T2,,"2,3_diaminopropionic acid",Mono,,0.0076,0.0076,0.0,0.0101,0.0101,,False
B1C4T2,B1C4T2,,"2,3_diaminopropionic acid",Tri,,0.1918,0.1918,0.0,0.1127,0.1127,,False
B1C4T2,B1C4T2,,2_aminophenol,Di,,0.7348,0.7348,0.0,0.5287,0.5287,,False
B1C4T2,B1C4T2,,2_aminophenol,Mono,,0.0875,0.0875,0.0,0.0529,0.0529,,False
B1C4T2,B1C4T2,,2_aminophenol,Tri,,0.6605,0.6605,0.0,0.5287,0.5287,,False
B1C4T2,B1C4T2,,3_methoxytyramine,Di,,0.0254,0.0254,0.0,0.0391,0.0391,,False
B1C4T2,B1C4T2,,3_methoxytyramine,Mono,,0.002,0.002,0.0,0.0023,0.0023,,False
B1C4T2,B1C4T2,,3_methoxytyramine,Tri,,0.0274,0.0274,0.0,0.0391,0.0391,,False
B1C4T2,B1C4T2,,alanine,Di,,0.8522,0.8522,0.0,0.7,0.7,,False
B1C4T2,B1C4T2,,alanine,Mono,,0.8203,0.8203,0.0,0.7,0.7,,False
B1C4T2,B1C4T2,,alanine,Tri,,0.1831,0.1831,0.0,0.1127,0.1127,,False
B1C4T2,B1C4T2,,arginine,Di,,0.0024,0.0024,0.0,0.0101,0.0101,,False
B1C4T2,B1C4T2,,arginine,Mono,,0.0012,0.0012,0.0,0.0023,0.0023,,False
B1C4T2,B1C4T2,,arginine,Tri,,0.0079,0.0079,0.0,0.0101,0.0101,,False
B1C4T2,B1C4T2,,asparagine,Di,,0.0256,0.0256,0.0,0.0391,0.0391,,False
B1C4T2,B1C4T2,,asparagine,Mono,,0.0241,0.0241,0.0,0.0391,0.0391,,False
B1C4T2,B1C4T2,,asparagine,Tri,,0.8091,0.8091,0.0,0.7,0.7,,False
B1C4T2,B1C4T2,,cadaverine,Di,,0.0014,0.0014,0.0,0.0023,0.0023,,False
B1C4T2,B1C4T2,,cadaverine,Mono,,0.0006,0.0006,0.0,0.0,0.0,,False
B1C4T2,B1C4T2,,cadaverine,Tri,,0.0024,0.0024,0.0,0.0101,0.0101,,False
B1C4T2,B1C4T2,,citrulline,Di,,0.0149,0.0149,0.0,0.0202,0.0202,,False
B1C4T2,B1C4T2,,citrulline,Mono,,0.0042,0.0042,0.0,0.0101,0.0101,,False
B1C4T2,B1C4T2,,citrulline,Tri,,0.0041,0.0041,0.0,0.0101,0.0101,,False
B1C4T2,B1C4T2,,cystine,Di,,0.0044,0.0044,0.0,0.0101,0.0101,,False
B1C4T2,B1C4T2,,cystine,Mono,,0.0018,0.0018,0.0,0.0023,0.0023,,False
B1C4T2,B1C4T2,,cystine,Tri,,0.0104,0.0104,0.0,0.0101,0.0101,,False
B1C4T2,B1C4T2,,dopamine,Di,,0.0859,0.0859,0.0,0.0529,0.0529,,False
B1C4T2,B1C4T2,,dopamine,Mono,,0.0196,0.0196,0.0,0.0301,0.0301,,False
B1C4T2,B1C4T2,,dopamine,Tri,,0.7499,0.7499,0.0,0.5287,0.5287,,False
B1C4T2,B1C4T2,,gaba,Di,,0.8891,0.8891,0.0,0.8333,0.8333,,False
B1C4T2,B1C4T2,,gaba,Mono,,0.9047,0.9047,0.0,0.8636,0.8636,,False
B1C4T2,B1C4T2,,gaba,Tri,,0.9332,0.9332,0.0,0.8636,0.8636,,False
B1C4T2,B1C4T2,,glutamine,Di,,0.0677,0.0677,0.0,0.0529,0.0529,,False
B1C4T2,B1C4T2,,glutamine,Mono,,0.4422,0.4422,0.0,0.3936,0.3936,,False
B1C4T2,B1C4T2,,glutamine,Tri,,0.046,0.046,0.0,0.0529,0.0529,,False
B1C4T2,B1C4T2,,glyglycine,Di,,0.0048,0.0048,0.0,0.0101,0.0101,,False
B1C4T2,B1C4T2,,glyglycine,Mono,,0.0042,0.0042,0.0,0.0101,0.0101,,False
B1C4T2,B1C4T2,,glyglycine,Tri,,0.0459,0.0459,0.0,0.0529,0.0529,,False
B1C4T2,B1C4T2,,histidine,Di,,0.0004,0.0004,0.0,0.0,0.0,,False
B1C4T2,B1C4T2,,histidine,Mono,,0.0003,0.0003,0.0,0.0,0.0,,False
B1C4T2,B1C4T2,,histidine,Tri,,0.004,0.004,0.0,0.0101,0.0101,,False
B1C4T2,B1C4T2,,lysine,Di,,0.0777,0.0777,0.0,0.0529,0.0529,,False
B1C4T2,B1C4T2,,lysine,Mono,,0.0094,0.0094,0.0,0.0101,0.0101,,False
B1C4T2,B1C4T2,,lysine,Tri,,0.0074,0.0074,0.0,0.0101,0.0101,,False
B1C4T2,B1C4T2,,methionine,Di,,0.0315,0.0315,0.0,0.0409,0.0409,,False
B1C4T2,B1C4T2,,methionine,Mono,,0.0335,0.0335,0.0,0.0409,0.0409,,False
B1C4T2,B1C4T2,,methionine,Tri,,0.064,0.064,0.0,0.0529,0.0529,,False
B1C4T2,B1C4T2,,ornithine,Di,,0.024,0.024,0.0,0.0391,0.0391,,False
B1C4T2,B1C4T2,,ornithine,Mono,,0.0087,0.0087,0.0,0.0101,0.0101,,False
B1C4T2,B1C4T2,,ornithine,Tri,,0.0066,0.0066,0.0,0.0101,0.0101,,False
B1C4T2,B1C4T2,,phenylalanine,Di,,0.863,0.863,0.0,0.7,0.7,,False
B1C4T2,B1C4T2,,phenylalanine,Mono,,0.081,0.081,0.0,0.0529,0.0529,,False
B1C4T2,B1C4T2,,phenylalanine,Tri,,0.8825,0.8825,0.0,0.8235,0.8235,,False
B1C4T2,B1C4T2,,proline,Di,,0.0018,0.0018,0.0,0.0023,0.0023,,False
B1C4T2,B1C4T2,,proline,Mono,,0.0024,0.0024,0.0,0.0101,0.0101,,False
B1C4T2,B1C4T2,,proline,Tri,,0.0155,0.0155,0.0,0.0202,0.0202,,False
B1C4T2,B1C4T2,,putrescine,Di,,0.0014,0.0014,0.0,0.0023,0.0023,,False
B1C4T2,B1C4T2,,putrescine,Mono,,0.0006,0.0006,0.0,0.0,0.0,,False
B1C4T2,B1C4T2,,putrescine,Tri,,0.0024,0.0024,0.0,0.0101,0.0101,,False
B1C4T2,B1C4T2,,serine,Di,,0.0804,0.0804,0.0,0.0529,0.0529,,False
B1C4T2,B1C4T2,,serine,Mono,,0.1057,0.1057,0.0,0.0915,0.0915,,False
B1C4T2,B1C4T2,,serine,Tri,,0.0507,0.0507,0.0,0.0529,0.0529,,False
B1C4T2,B1C4T2,,serotonin,Di,,0.0031,0.0031,0.0,0.0101,0.0101,,False
B1C4T2,B1C4T2,,serotonin,Mono,,0.0441,0.0441,0.0,0.0529,0.0529,,False
B1C4T2,B1C4T2,,serotonin,Tri,,0.0035,0.0035,0.0,0.0101,0.0101,,False
B1C4T2,B1C4T2,,threonine,Di,,0.0298,0.0298,0.0,0.0391,0.0391,,False
B1C4T2,B1C4T2,,threonine,Mono,,0.0486,0.0486,0.0,0.0529,0.0529,,False
B1C4T2,B1C4T2,,threonine,Tri,,0.0033,0.0033,0.0,0.0101,0.0101,,False
B1C4T2,B1C4T2,,tryptamine,Di,,0.0008,0.0008,0.0,0.0023,0.0023,,False
B1C4T2,B1C4T2,,tryptamine,Mono,,0.0003,0.0003,0.0,0.0,0.0,,False
B1C4T2,B1C4T2,,tryptamine,Tri,,0.0023,0.0023,0.0,0.0101,0.0101,,False
B1C4T2,B1C4T2,,tyramine,Di,,0.0071,0.0071,0.0,0.0101,0.0101,,False
B1C4T2,B1C4T2,,tyramine,Mono,,0.0692,0.0692,0.0,0.0529,0.0529,,False
B1C4T2,B1C4T2,,tyramine,Tri,,0.0089,0.0089,0.0,0.0101,0.0101,,False
Blastospirellula_A0A2S8G2H3,A0A2S8G2H3,test,"2,3_diaminopropionic acid",Di,False,0.0083,0.0088,0.0005,0.0101,0.0101,0.9046,True
Blastospirellula_A0A2S8G2H3,A0A2S8G2H3,test,"2,3_diaminopropionic acid",Mono,False,0.0044,0.0051,0.0007,0.0101,0.0101,0.9046,True
Blastospirellula_A0A2S8G2H3,A0A2S8G2H3,test,"2,3_diaminopropionic acid",Tri,False,0.0911,0.1228,0.0317,0.0529,0.0915,0.9046,True
Blastospirellula_A0A2S8G2H3,A0A2S8G2H3,test,2_aminophenol,Di,True,0.787,0.7243,-0.0627,0.5287,0.5287,0.9046,True
Blastospirellula_A0A2S8G2H3,A0A2S8G2H3,test,2_aminophenol,Mono,False,0.1347,0.0866,-0.0481,0.0915,0.0529,0.9046,True
Blastospirellula_A0A2S8G2H3,A0A2S8G2H3,test,2_aminophenol,Tri,False,0.6119,0.551,-0.0609,0.4638,0.4014,0.9046,True
Blastospirellula_A0A2S8G2H3,A0A2S8G2H3,test,3_methoxytyramine,Di,False,0.0436,0.0306,-0.013,0.0529,0.0409,0.9046,True
Blastospirellula_A0A2S8G2H3,A0A2S8G2H3,test,3_methoxytyramine,Mono,False,0.0035,0.0036,1e-04,0.0101,0.0101,0.9046,True
Blastospirellula_A0A2S8G2H3,A0A2S8G2H3,test,3_methoxytyramine,Tri,False,0.0343,0.0287,-0.0056,0.0409,0.0391,0.9046,True
Blastospirellula_A0A2S8G2H3,A0A2S8G2H3,test,alanine,Di,True,0.9285,0.9327,0.0042,0.8636,0.8636,0.9046,True
Blastospirellula_A0A2S8G2H3,A0A2S8G2H3,test,alanine,Mono,True,0.9166,0.9216,0.005,0.8636,0.8636,0.9046,True
Blastospirellula_A0A2S8G2H3,A0A2S8G2H3,test,alanine,Tri,False,0.1105,0.1026,-0.0079,0.0915,0.0915,0.9046,True
Blastospirellula_A0A2S8G2H3,A0A2S8G2H3,test,arginine,Di,False,0.0012,0.0022,0.001,0.0023,0.0023,0.9046,True
Blastospirellula_A0A2S8G2H3,A0A2S8G2H3,test,arginine,Mono,False,0.0007,0.0012,0.0005,0.0023,0.0023,0.9046,True
Blastospirellula_A0A2S8G2H3,A0A2S8G2H3,test,arginine,Tri,False,0.0039,0.0084,0.0045,0.0101,0.0101,0.9046,True
Blastospirellula_A0A2S8G2H3,A0A2S8G2H3,test,asparagine,Di,False,0.0168,0.0335,0.0167,0.0202,0.0409,0.9046,True
Blastospirellula_A0A2S8G2H3,A0A2S8G2H3,test,asparagine,Mono,False,0.0245,0.0402,0.0157,0.0391,0.0529,0.9046,True
Blastospirellula_A0A2S8G2H3,A0A2S8G2H3,test,asparagine,Tri,True,0.7747,0.8618,0.0871,0.5287,0.7,0.9046,True
Blastospirellula_A0A2S8G2H3,A0A2S8G2H3,test,cadaverine,Di,False,0.0013,0.0017,0.0004,0.0023,0.0023,0.9046,True
Blastospirellula_A0A2S8G2H3,A0A2S8G2H3,test,cadaverine,Mono,False,0.0005,0.0008,0.0003,0.0,0.0023,0.9046,True
Blastospirellula_A0A2S8G2H3,A0A2S8G2H3,test,cadaverine,Tri,False,0.0019,0.0029,0.001,0.0023,0.0101,0.9046,True
Blastospirellula_A0A2S8G2H3,A0A2S8G2H3,test,citrulline,Di,False,0.0082,0.0186,0.0104,0.0101,0.0202,0.9046,True
Blastospirellula_A0A2S8G2H3,A0A2S8G2H3,test,citrulline,Mono,False,0.0033,0.006,0.0027,0.0101,0.0101,0.9046,True
Blastospirellula_A0A2S8G2H3,A0A2S8G2H3,test,citrulline,Tri,False,0.0025,0.0059,0.0034,0.0101,0.0101,0.9046,True
Blastospirellula_A0A2S8G2H3,A0A2S8G2H3,test,cystine,Di,False,0.0035,0.0026,-0.0009,0.0101,0.0101,0.9046,True
Blastospirellula_A0A2S8G2H3,A0A2S8G2H3,test,cystine,Mono,False,0.0011,0.0012,1e-04,0.0023,0.0023,0.9046,True
Blastospirellula_A0A2S8G2H3,A0A2S8G2H3,test,cystine,Tri,False,0.0037,0.0038,1e-04,0.0101,0.0101,0.9046,True
Blastospirellula_A0A2S8G2H3,A0A2S8G2H3,test,dopamine,Di,False,0.1313,0.1155,-0.0158,0.0915,0.0915,0.9046,True
Blastospirellula_A0A2S8G2H3,A0A2S8G2H3,test,dopamine,Mono,False,0.0309,0.0345,0.0036,0.0409,0.0409,0.9046,True
Blastospirellula_A0A2S8G2H3,A0A2S8G2H3,test,dopamine,Tri,True,0.8,0.8143,0.0143,0.7,0.7,0.9046,True
Blastospirellula_A0A2S8G2H3,A0A2S8G2H3,test,gaba,Di,True,0.9625,0.9744,0.0119,0.9023,0.9082,0.9046,True
Blastospirellula_A0A2S8G2H3,A0A2S8G2H3,test,gaba,Mono,True,0.9791,0.9838,0.0047,0.9082,0.9214,0.9046,True
Blastospirellula_A0A2S8G2H3,A0A2S8G2H3,test,gaba,Tri,True,0.9678,0.9783,0.0105,0.9082,0.9082,0.9046,True
Blastospirellula_A0A2S8G2H3,A0A2S8G2H3,test,glutamine,Di,False,0.0738,0.1321,0.0583,0.0529,0.0915,0.9046,True
Blastospirellula_A0A2S8G2H3,A0A2S8G2H3,test,glutamine,Mono,True,0.7313,0.7437,0.0124,0.5287,0.5287,0.9046,True
Blastospirellula_A0A2S8G2H3,A0A2S8G2H3,test,glutamine,Tri,False,0.0719,0.102,0.0301,0.0529,0.0915,0.9046,True
Blastospirellula_A0A2S8G2H3,A0A2S8G2H3,test,glyglycine,Di,False,0.0026,0.0037,0.0011,0.0101,0.0101,0.9046,True
Blastospirellula_A0A2S8G2H3,A0A2S8G2H3,test,glyglycine,Mono,False,0.0023,0.0035,0.0012,0.0023,0.0101,0.9046,True
Blastospirellula_A0A2S8G2H3,A0A2S8G2H3,test,glyglycine,Tri,False,0.011,0.0194,0.0084,0.0101,0.0202,0.9046,True
Blastospirellula_A0A2S8G2H3,A0A2S8G2H3,test,histidine,Di,False,0.0004,0.0007,0.0003,0.0,0.0023,0.9046,True
Blastospirellula_A0A2S8G2H3,A0A2S8G2H3,test,histidine,Mono,False,0.0003,0.0006,0.0003,0.0,0.0,0.9046,True
Blastospirellula_A0A2S8G2H3,A0A2S8G2H3,test,histidine,Tri,False,0.0023,0.0046,0.0023,0.0023,0.0101,0.9046,True
Blastospirellula_A0A2S8G2H3,A0A2S8G2H3,test,lysine,Di,False,0.034,0.0681,0.0341,0.0409,0.0529,0.9046,True
Blastospirellula_A0A2S8G2H3,A0A2S8G2H3,test,lysine,Mono,False,0.0061,0.0096,0.0035,0.0101,0.0101,0.9046,True
Blastospirellula_A0A2S8G2H3,A0A2S8G2H3,test,lysine,Tri,False,0.0041,0.0067,0.0026,0.0101,0.0101,0.9046,True
Blastospirellula_A0A2S8G2H3,A0A2S8G2H3,test,methionine,Di,False,0.021,0.0228,0.0018,0.0301,0.0345,0.9046,True
Blastospirellula_A0A2S8G2H3,A0A2S8G2H3,test,methionine,Mono,False,0.0248,0.0299,0.0051,0.0391,0.0391,0.9046,True
Blastospirellula_A0A2S8G2H3,A0A2S8G2H3,test,methionine,Tri,False,0.0269,0.0396,0.0127,0.0391,0.0529,0.9046,True
Blastospirellula_A0A2S8G2H3,A0A2S8G2H3,test,ornithine,Di,False,0.0178,0.0205,0.0027,0.0202,0.0301,0.9046,True
Blastospirellula_A0A2S8G2H3,A0A2S8G2H3,test,ornithine,Mono,False,0.0082,0.0083,1e-04,0.0101,0.0101,0.9046,True
Blastospirellula_A0A2S8G2H3,A0A2S8G2H3,test,ornithine,Tri,False,0.005,0.0055,0.0005,0.0101,0.0101,0.9046,True
Blastospirellula_A0A2S8G2H3,A0A2S8G2H3,test,phenylalanine,Di,True,0.8975,0.9106,0.0131,0.8571,0.8636,0.9046,True
Blastospirellula_A0A2S8G2H3,A0A2S8G2H3,test,phenylalanine,Mono,False,0.1248,0.1011,-0.0237,0.0915,0.0915,0.9046,True
Blastospirellula_A0A2S8G2H3,A0A2S8G2H3,test,phenylalanine,Tri,True,0.8754,0.8929,0.0175,0.7,0.8571,0.9046,True
Blastospirellula_A0A2S8G2H3,A0A2S8G2H3,test,proline,Di,False,0.001,0.0028,0.0018,0.0023,0.0101,0.9046,True
Blastospirellula_A0A2S8G2H3,A0A2S8G2H3,test,proline,Mono,False,0.002,0.004,0.002,0.0023,0.0101,0.9046,True
Blastospirellula_A0A2S8G2H3,A0A2S8G2H3,test,proline,Tri,False,0.0081,0.0179,0.0098,0.0101,0.0202,0.9046,True
Blastospirellula_A0A2S8G2H3,A0A2S8G2H3,test,putrescine,Di,False,0.0014,0.0018,0.0004,0.0023,0.0023,0.9046,True
Blastospirellula_A0A2S8G2H3,A0A2S8G2H3,test,putrescine,Mono,False,0.0005,0.0008,0.0003,0.0,0.0023,0.9046,True
Blastospirellula_A0A2S8G2H3,A0A2S8G2H3,test,putrescine,Tri,False,0.002,0.0029,0.0009,0.0023,0.0101,0.9046,True
Blastospirellula_A0A2S8G2H3,A0A2S8G2H3,test,serine,Di,False,0.0395,0.0451,0.0056,0.0529,0.0529,0.9046,True
Blastospirellula_A0A2S8G2H3,A0A2S8G2H3,test,serine,Mono,False,0.0497,0.0535,0.0038,0.0529,0.0529,0.9046,True
Blastospirellula_A0A2S8G2H3,A0A2S8G2H3,test,serine,Tri,False,0.0205,0.0302,0.0097,0.0301,0.0391,0.9046,True
Blastospirellula_A0A2S8G2H3,A0A2S8G2H3,test,serotonin,Di,False,0.0045,0.0038,-0.0007,0.0101,0.0101,0.9046,True
Blastospirellula_A0A2S8G2H3,A0A2S8G2H3,test,serotonin,Mono,False,0.0893,0.0665,-0.0228,0.0529,0.0529,0.9046,True
Blastospirellula_A0A2S8G2H3,A0A2S8G2H3,test,serotonin,Tri,False,0.0035,0.0037,0.0002,0.0101,0.0101,0.9046,True
Blastospirellula_A0A2S8G2H3,A0A2S8G2H3,test,threonine,Di,False,0.0123,0.0209,0.0086,0.0114,0.0301,0.9046,True
Blastospirellula_A0A2S8G2H3,A0A2S8G2H3,test,threonine,Mono,False,0.0267,0.0377,0.011,0.0391,0.0529,0.9046,True
Blastospirellula_A0A2S8G2H3,A0A2S8G2H3,test,threonine,Tri,False,0.0012,0.0025,0.0013,0.0023,0.0101,0.9046,True
Blastospirellula_A0A2S8G2H3,A0A2S8G2H3,test,tryptamine,Di,False,0.0018,0.0018,0.0,0.0023,0.0023,0.9046,True
Blastospirellula_A0A2S8G2H3,A0A2S8G2H3,test,tryptamine,Mono,False,0.0008,0.0009,1e-04,0.0023,0.0023,0.9046,True
Blastospirellula_A0A2S8G2H3,A0A2S8G2H3,test,tryptamine,Tri,False,0.0042,0.0046,0.0004,0.0101,0.0101,0.9046,True
Blastospirellula_A0A2S8G2H3,A0A2S8G2H3,test,tyramine,Di,False,0.0076,0.0074,-0.0002,0.0101,0.0101,0.9046,True
Blastospirellula_A0A2S8G2H3,A0A2S8G2H3,test,tyramine,Mono,False,0.0838,0.0937,0.0099,0.0529,0.0714,0.9046,True
Blastospirellula_A0A2S8G2H3,A0A2S8G2H3,test,tyramine,Tri,False,0.0067,0.007,0.0003,0.0101,0.0101,0.9046,True
Blastospirellula_A0A2S8GTJ2,A0A2S8GTJ2,dev,"2,3_diaminopropionic acid",Di,False,0.0158,0.0191,0.0033,0.0202,0.0202,0.9536,True
Blastospirellula_A0A2S8GTJ2,A0A2S8GTJ2,dev,"2,3_diaminopropionic acid",Mono,False,0.0068,0.0101,0.0033,0.0101,0.0101,0.9536,True
Blastospirellula_A0A2S8GTJ2,A0A2S8GTJ2,dev,"2,3_diaminopropionic acid",Tri,False,0.1545,0.2409,0.0864,0.1127,0.1757,0.9536,True
Blastospirellula_A0A2S8GTJ2,A0A2S8GTJ2,dev,2_aminophenol,Di,True,0.8514,0.8861,0.0347,0.7,0.8235,0.9536,True
Blastospirellula_A0A2S8GTJ2,A0A2S8GTJ2,dev,2_aminophenol,Mono,False,0.1042,0.1734,0.0692,0.0915,0.1127,0.9536,True
Blastospirellula_A0A2S8GTJ2,A0A2S8GTJ2,dev,2_aminophenol,Tri,False,0.7283,0.7991,0.0708,0.5287,0.7,0.9536,True
Blastospirellula_A0A2S8GTJ2,A0A2S8GTJ2,dev,3_methoxytyramine,Di,False,0.0537,0.0659,0.0122,0.0529,0.0529,0.9536,True
Blastospirellula_A0A2S8GTJ2,A0A2S8GTJ2,dev,3_methoxytyramine,Mono,False,0.0061,0.0084,0.0023,0.0101,0.0101,0.9536,True
Blastospirellula_A0A2S8GTJ2,A0A2S8GTJ2,dev,3_methoxytyramine,Tri,False,0.05,0.0691,0.0191,0.0529,0.0529,0.9536,True
Blastospirellula_A0A2S8GTJ2,A0A2S8GTJ2,dev,alanine,Di,True,0.9586,0.9694,0.0108,0.9023,0.9082,0.9536,True
Blastospirellula_A0A2S8GTJ2,A0A2S8GTJ2,dev,alanine,Mono,True,0.9447,0.9631,0.0184,0.9023,0.9023,0.9536,True
Blastospirellula_A0A2S8GTJ2,A0A2S8GTJ2,dev,alanine,Tri,False,0.2592,0.3903,0.1311,0.1757,0.2815,0.9536,True
Blastospirellula_A0A2S8GTJ2,A0A2S8GTJ2,dev,arginine,Di,False,0.0029,0.0045,0.0016,0.0101,0.0101,0.9536,True
Blastospirellula_A0A2S8GTJ2,A0A2S8GTJ2,dev,arginine,Mono,False,0.0016,0.0024,0.0008,0.0023,0.0101,0.9536,True
Blastospirellula_A0A2S8GTJ2,A0A2S8GTJ2,dev,arginine,Tri,False,0.0096,0.0212,0.0116,0.0101,0.0301,0.9536,True
Blastospirellula_A0A2S8GTJ2,A0A2S8GTJ2,dev,asparagine,Di,False,0.0442,0.0693,0.0251,0.0529,0.0529,0.9536,True
Blastospirellula_A0A2S8GTJ2,A0A2S8GTJ2,dev,asparagine,Mono,False,0.0407,0.0676,0.0269,0.0529,0.0529,0.9536,True
Blastospirellula_A0A2S8GTJ2,A0A2S8GTJ2,dev,asparagine,Tri,True,0.9043,0.9277,0.0234,0.8636,0.8636,0.9536,True
Blastospirellula_A0A2S8GTJ2,A0A2S8GTJ2,dev,cadaverine,Di,False,0.002,0.0027,0.0007,0.0023,0.0101,0.9536,True
Blastospirellula_A0A2S8GTJ2,A0A2S8GTJ2,dev,cadaverine,Mono,False,0.0006,0.001,0.0004,0.0,0.0023,0.9536,True
Blastospirellula_A0A2S8GTJ2,A0A2S8GTJ2,dev,cadaverine,Tri,False,0.0028,0.0043,0.0015,0.0101,0.0101,0.9536,True
Blastospirellula_A0A2S8GTJ2,A0A2S8GTJ2,dev,citrulline,Di,False,0.0202,0.0385,0.0183,0.0301,0.0529,0.9536,True
Blastospirellula_A0A2S8GTJ2,A0A2S8GTJ2,dev,citrulline,Mono,False,0.0065,0.012,0.0055,0.0101,0.0114,0.9536,True
Blastospirellula_A0A2S8GTJ2,A0A2S8GTJ2,dev,citrulline,Tri,False,0.0054,0.0132,0.0078,0.0101,0.0137,0.9536,True
Blastospirellula_A0A2S8GTJ2,A0A2S8GTJ2,dev,cystine,Di,False,0.0044,0.0058,0.0014,0.0101,0.0101,0.9536,True
Blastospirellula_A0A2S8GTJ2,A0A2S8GTJ2,dev,cystine,Mono,False,0.0015,0.0025,0.001,0.0023,0.0101,0.9536,True
Blastospirellula_A0A2S8GTJ2,A0A2S8GTJ2,dev,cystine,Tri,False,0.006,0.0094,0.0034,0.0101,0.0101,0.9536,True
Blastospirellula_A0A2S8GTJ2,A0A2S8GTJ2,dev,dopamine,Di,False,0.1612,0.2047,0.0435,0.1127,0.1127,0.9536,True
Blastospirellula_A0A2S8GTJ2,A0A2S8GTJ2,dev,dopamine,Mono,False,0.0416,0.0648,0.0232,0.0529,0.0529,0.9536,True
Blastospirellula_A0A2S8GTJ2,A0A2S8GTJ2,dev,dopamine,Tri,True,0.8324,0.8581,0.0257,0.7,0.7,0.9536,True
Blastospirellula_A0A2S8GTJ2,A0A2S8GTJ2,dev,gaba,Di,True,0.9881,0.9876,-0.0005,0.9214,0.9214,0.9536,True
Blastospirellula_A0A2S8GTJ2,A0A2S8GTJ2,dev,gaba,Mono,True,0.9913,0.9918,0.0005,0.9214,0.9214,0.9536,True
Blastospirellula_A0A2S8GTJ2,A0A2S8GTJ2,dev,gaba,Tri,True,0.9893,0.9899,0.0006,0.9214,0.9214,0.9536,True
Blastospirellula_A0A2S8GTJ2,A0A2S8GTJ2,dev,glutamine,Di,False,0.1624,0.2485,0.0861,0.1127,0.1757,0.9536,True
Blastospirellula_A0A2S8GTJ2,A0A2S8GTJ2,dev,glutamine,Mono,True,0.848,0.881,0.033,0.7,0.75,0.9536,True
Blastospirellula_A0A2S8GTJ2,A0A2S8GTJ2,dev,glutamine,Tri,False,0.1102,0.1971,0.0869,0.0915,0.1127,0.9536,True
Blastospirellula_A0A2S8GTJ2,A0A2S8GTJ2,dev,glyglycine,Di,False,0.0053,0.0072,0.0019,0.0101,0.0101,0.9536,True
Blastospirellula_A0A2S8GTJ2,A0A2S8GTJ2,dev,glyglycine,Mono,False,0.0041,0.0062,0.0021,0.0101,0.0101,0.9536,True
Blastospirellula_A0A2S8GTJ2,A0A2S8GTJ2,dev,glyglycine,Tri,False,0.0278,0.0476,0.0198,0.0391,0.0529,0.9536,True
Blastospirellula_A0A2S8GTJ2,A0A2S8GTJ2,dev,histidine,Di,False,0.0007,0.0013,0.0006,0.0023,0.0023,0.9536,True
Blastospirellula_A0A2S8GTJ2,A0A2S8GTJ2,dev,histidine,Mono,False,0.0005,0.001,0.0005,0.0,0.0023,0.9536,True
Blastospirellula_A0A2S8GTJ2,A0A2S8GTJ2,dev,histidine,Tri,False,0.0051,0.0107,0.0056,0.0101,0.0101,0.9536,True
Blastospirellula_A0A2S8GTJ2,A0A2S8GTJ2,dev,lysine,Di,False,0.0693,0.1445,0.0752,0.0529,0.0915,0.9536,True
Blastospirellula_A0A2S8GTJ2,A0A2S8GTJ2,dev,lysine,Mono,False,0.0104,0.019,0.0086,0.0101,0.0202,0.9536,True
Blastospirellula_A0A2S8GTJ2,A0A2S8GTJ2,dev,lysine,Tri,False,0.0079,0.0162,0.0083,0.0101,0.0202,0.9536,True
Blastospirellula_A0A2S8GTJ2,A0A2S8GTJ2,dev,methionine,Di,False,0.0311,0.0603,0.0292,0.0409,0.0529,0.9536,True
Blastospirellula_A0A2S8GTJ2,A0A2S8GTJ2,dev,methionine,Mono,False,0.0385,0.0772,0.0387,0.0529,0.0529,0.9536,True
Blastospirellula_A0A2S8GTJ2,A0A2S8GTJ2,dev,methionine,Tri,False,0.0458,0.1216,0.0758,0.0529,0.0915,0.9536,True
Blastospirellula_A0A2S8GTJ2,A0A2S8GTJ2,dev,ornithine,Di,False,0.0234,0.0368,0.0134,0.0391,0.0529,0.9536,True
Blastospirellula_A0A2S8GTJ2,A0A2S8GTJ2,dev,ornithine,Mono,False,0.0083,0.0129,0.0046,0.0101,0.0137,0.9536,True
Blastospirellula_A0A2S8GTJ2,A0A2S8GTJ2,dev,ornithine,Tri,False,0.0058,0.0104,0.0046,0.0101,0.0101,0.9536,True
Blastospirellula_A0A2S8GTJ2,A0A2S8GTJ2,dev,phenylalanine,Di,True,0.9462,0.9681,0.0219,0.9023,0.9082,0.9536,True
Blastospirellula_A0A2S8GTJ2,A0A2S8GTJ2,dev,phenylalanine,Mono,False,0.1103,0.2014,0.0911,0.0915,0.1127,0.9536,True
Blastospirellula_A0A2S8GTJ2,A0A2S8GTJ2,dev,phenylalanine,Tri,True,0.9344,0.9626,0.0282,0.8636,0.9023,0.9536,True
Blastospirellula_A0A2S8GTJ2,A0A2S8GTJ2,dev,proline,Di,False,0.0021,0.0033,0.0012,0.0023,0.0101,0.9536,True
Blastospirellula_A0A2S8GTJ2,A0A2S8GTJ2,dev,proline,Mono,False,0.0025,0.0043,0.0018,0.0101,0.0101,0.9536,True
Blastospirellula_A0A2S8GTJ2,A0A2S8GTJ2,dev,proline,Tri,False,0.0151,0.0258,0.0107,0.0202,0.0391,0.9536,True
Blastospirellula_A0A2S8GTJ2,A0A2S8GTJ2,dev,putrescine,Di,False,0.0021,0.0029,0.0008,0.0023,0.0101,0.9536,True
Blastospirellula_A0A2S8GTJ2,A0A2S8GTJ2,dev,putrescine,Mono,False,0.0006,0.0011,0.0005,0.0,0.0023,0.9536,True
Blastospirellula_A0A2S8GTJ2,A0A2S8GTJ2,dev,putrescine,Tri,False,0.0028,0.0044,0.0016,0.0101,0.0101,0.9536,True
Blastospirellula_A0A2S8GTJ2,A0A2S8GTJ2,dev,serine,Di,False,0.0592,0.127,0.0678,0.0529,0.0915,0.9536,True
Blastospirellula_A0A2S8GTJ2,A0A2S8GTJ2,dev,serine,Mono,False,0.0598,0.1394,0.0796,0.0529,0.0915,0.9536,True
Blastospirellula_A0A2S8GTJ2,A0A2S8GTJ2,dev,serine,Tri,False,0.0359,0.0859,0.05,0.0409,0.0529,0.9536,True
Blastospirellula_A0A2S8GTJ2,A0A2S8GTJ2,dev,serotonin,Di,False,0.0041,0.0061,0.002,0.0101,0.0101,0.9536,True
Blastospirellula_A0A2S8GTJ2,A0A2S8GTJ2,dev,serotonin,Mono,False,0.1155,0.1373,0.0218,0.0915,0.0915,0.9536,True
Blastospirellula_A0A2S8GTJ2,A0A2S8GTJ2,dev,serotonin,Tri,False,0.0036,0.0064,0.0028,0.0101,0.0101,0.9536,True
Blastospirellula_A0A2S8GTJ2,A0A2S8GTJ2,dev,threonine,Di,False,0.0159,0.0412,0.0253,0.0202,0.0529,0.9536,True
Blastospirellula_A0A2S8GTJ2,A0A2S8GTJ2,dev,threonine,Mono,False,0.0318,0.0864,0.0546,0.0409,0.0529,0.9536,True
Blastospirellula_A0A2S8GTJ2,A0A2S8GTJ2,dev,threonine,Tri,False,0.002,0.0054,0.0034,0.0023,0.0101,0.9536,True
Blastospirellula_A0A2S8GTJ2,A0A2S8GTJ2,dev,tryptamine,Di,False,0.0021,0.0026,0.0005,0.0023,0.0101,0.9536,True
Blastospirellula_A0A2S8GTJ2,A0A2S8GTJ2,dev,tryptamine,Mono,False,0.0006,0.0009,0.0003,0.0,0.0023,0.9536,True
Blastospirellula_A0A2S8GTJ2,A0A2S8GTJ2,dev,tryptamine,Tri,False,0.0059,0.0071,0.0012,0.0101,0.0101,0.9536,True
Blastospirellula_A0A2S8GTJ2,A0A2S8GTJ2,dev,tyramine,Di,False,0.0073,0.0149,0.0076,0.0101,0.0202,0.9536,True
Blastospirellula_A0A2S8GTJ2,A0A2S8GTJ2,dev,tyramine,Mono,False,0.1027,0.1954,0.0927,0.0915,0.1127,0.9536,True
Blastospirellula_A0A2S8GTJ2,A0A2S8GTJ2,dev,tyramine,Tri,False,0.0076,0.0147,0.0071,0.0101,0.0202,0.9536,True
Desulfomarina_A0A8D5FTP2,A0A8D5FTP2,dev,"2,3_diaminopropionic acid",Di,False,0.0383,0.0221,-0.0162,0.0529,0.0301,0.9103,True
Desulfomarina_A0A8D5FTP2,A0A8D5FTP2,dev,"2,3_diaminopropionic acid",Mono,False,0.0217,0.0112,-0.0105,0.0301,0.0102,0.9103,True
Desulfomarina_A0A8D5FTP2,A0A8D5FTP2,dev,"2,3_diaminopropionic acid",Tri,False,0.2165,0.2713,0.0548,0.1127,0.1915,0.9103,True
Desulfomarina_A0A8D5FTP2,A0A8D5FTP2,dev,2_aminophenol,Di,True,0.8586,0.8494,-0.0092,0.7,0.7,0.9103,True
Desulfomarina_A0A8D5FTP2,A0A8D5FTP2,dev,2_aminophenol,Mono,False,0.1593,0.1081,-0.0512,0.1127,0.0915,0.9103,True
Desulfomarina_A0A8D5FTP2,A0A8D5FTP2,dev,2_aminophenol,Tri,False,0.7826,0.7877,0.0051,0.5287,0.5287,0.9103,True
Desulfomarina_A0A8D5FTP2,A0A8D5FTP2,dev,3_methoxytyramine,Di,False,0.1441,0.096,-0.0481,0.0915,0.0915,0.9103,True
Desulfomarina_A0A8D5FTP2,A0A8D5FTP2,dev,3_methoxytyramine,Mono,False,0.009,0.0083,-0.0007,0.0101,0.0101,0.9103,True
Desulfomarina_A0A8D5FTP2,A0A8D5FTP2,dev,3_methoxytyramine,Tri,False,0.1029,0.0703,-0.0326,0.0915,0.0529,0.9103,True
Desulfomarina_A0A8D5FTP2,A0A8D5FTP2,dev,alanine,Di,True,0.9554,0.9517,-0.0037,0.9023,0.9023,0.9103,True
Desulfomarina_A0A8D5FTP2,A0A8D5FTP2,dev,alanine,Mono,True,0.947,0.9361,-0.0109,0.9023,0.8636,0.9103,True
Desulfomarina_A0A8D5FTP2,A0A8D5FTP2,dev,alanine,Tri,False,0.1363,0.3565,0.2202,0.0915,0.2815,0.9103,True
Desulfomarina_A0A8D5FTP2,A0A8D5FTP2,dev,arginine,Di,False,0.0032,0.003,-0.0002,0.0101,0.0101,0.9103,True
Desulfomarina_A0A8D5FTP2,A0A8D5FTP2,dev,arginine,Mono,False,0.0019,0.0012,-0.0007,0.0023,0.0023,0.9103,True
Desulfomarina_A0A8D5FTP2,A0A8D5FTP2,dev,arginine,Tri,False,0.0047,0.0088,0.0041,0.0101,0.0101,0.9103,True
Desulfomarina_A0A8D5FTP2,A0A8D5FTP2,dev,asparagine,Di,False,0.0431,0.0245,-0.0186,0.0529,0.0391,0.9103,True
Desulfomarina_A0A8D5FTP2,A0A8D5FTP2,dev,asparagine,Mono,False,0.046,0.0228,-0.0232,0.0529,0.0345,0.9103,True
Desulfomarina_A0A8D5FTP2,A0A8D5FTP2,dev,asparagine,Tri,True,0.8877,0.8263,-0.0614,0.8333,0.7,0.9103,True
Desulfomarina_A0A8D5FTP2,A0A8D5FTP2,dev,cadaverine,Di,False,0.0026,0.0042,0.0016,0.0101,0.0101,0.9103,True
Desulfomarina_A0A8D5FTP2,A0A8D5FTP2,dev,cadaverine,Mono,False,0.0012,0.0019,0.0007,0.0023,0.0023,0.9103,True
Desulfomarina_A0A8D5FTP2,A0A8D5FTP2,dev,cadaverine,Tri,False,0.0037,0.0083,0.0046,0.0101,0.0101,0.9103,True
Desulfomarina_A0A8D5FTP2,A0A8D5FTP2,dev,citrulline,Di,False,0.0105,0.0198,0.0093,0.0101,0.0301,0.9103,True
Desulfomarina_A0A8D5FTP2,A0A8D5FTP2,dev,citrulline,Mono,False,0.0051,0.0053,0.0002,0.0101,0.0101,0.9103,True
Desulfomarina_A0A8D5FTP2,A0A8D5FTP2,dev,citrulline,Tri,False,0.0031,0.0059,0.0028,0.0101,0.0101,0.9103,True
Desulfomarina_A0A8D5FTP2,A0A8D5FTP2,dev,cystine,Di,False,0.0074,0.0074,0.0,0.0101,0.0101,0.9103,True
Desulfomarina_A0A8D5FTP2,A0A8D5FTP2,dev,cystine,Mono,False,0.0026,0.0026,0.0,0.0101,0.0101,0.9103,True
Desulfomarina_A0A8D5FTP2,A0A8D5FTP2,dev,cystine,Tri,False,0.0086,0.0127,0.0041,0.0101,0.0137,0.9103,True
Desulfomarina_A0A8D5FTP2,A0A8D5FTP2,dev,dopamine,Di,False,0.2453,0.1621,-0.0832,0.1757,0.1127,0.9103,True
Desulfomarina_A0A8D5FTP2,A0A8D5FTP2,dev,dopamine,Mono,False,0.0595,0.0499,-0.0096,0.0529,0.0529,0.9103,True
Desulfomarina_A0A8D5FTP2,A0A8D5FTP2,dev,dopamine,Tri,True,0.8552,0.7782,-0.077,0.7,0.5287,0.9103,True
Desulfomarina_A0A8D5FTP2,A0A8D5FTP2,dev,gaba,Di,True,0.9835,0.983,-0.0005,0.9214,0.9214,0.9103,True
Desulfomarina_A0A8D5FTP2,A0A8D5FTP2,dev,gaba,Mono,True,0.9904,0.9864,-0.004,0.9214,0.9214,0.9103,True
Desulfomarina_A0A8D5FTP2,A0A8D5FTP2,dev,gaba,Tri,True,0.9869,0.9865,-0.0004,0.9214,0.9214,0.9103,True
Desulfomarina_A0A8D5FTP2,A0A8D5FTP2,dev,glutamine,Di,False,0.0832,0.0694,-0.0138,0.0529,0.0529,0.9103,True
Desulfomarina_A0A8D5FTP2,A0A8D5FTP2,dev,glutamine,Mono,True,0.6976,0.4885,-0.2091,0.5287,0.4014,0.9103,True
Desulfomarina_A0A8D5FTP2,A0A8D5FTP2,dev,glutamine,Tri,False,0.0558,0.0467,-0.0091,0.0529,0.0529,0.9103,True
Desulfomarina_A0A8D5FTP2,A0A8D5FTP2,dev,glyglycine,Di,False,0.0046,0.0046,0.0,0.0101,0.0101,0.9103,True
Desulfomarina_A0A8D5FTP2,A0A8D5FTP2,dev,glyglycine,Mono,False,0.0035,0.0036,1e-04,0.0101,0.0101,0.9103,True
Desulfomarina_A0A8D5FTP2,A0A8D5FTP2,dev,glyglycine,Tri,False,0.035,0.0392,0.0042,0.0409,0.0529,0.9103,True
Desulfomarina_A0A8D5FTP2,A0A8D5FTP2,dev,histidine,Di,False,0.0003,0.0007,0.0004,0.0,0.0023,0.9103,True
Desulfomarina_A0A8D5FTP2,A0A8D5FTP2,dev,histidine,Mono,False,0.0003,0.0005,0.0002,0.0,0.0,0.9103,True
Desulfomarina_A0A8D5FTP2,A0A8D5FTP2,dev,histidine,Tri,False,0.0028,0.0057,0.0029,0.0101,0.0101,0.9103,True
Desulfomarina_A0A8D5FTP2,A0A8D5FTP2,dev,lysine,Di,False,0.0556,0.1076,0.052,0.0529,0.0915,0.9103,True
Desulfomarina_A0A8D5FTP2,A0A8D5FTP2,dev,lysine,Mono,False,0.0123,0.0129,0.0006,0.0114,0.0137,0.9103,True
Desulfomarina_A0A8D5FTP2,A0A8D5FTP2,dev,lysine,Tri,False,0.0066,0.0102,0.0036,0.0101,0.0101,0.9103,True
Desulfomarina_A0A8D5FTP2,A0A8D5FTP2,dev,methionine,Di,False,0.0212,0.0312,0.01,0.0301,0.0409,0.9103,True
Desulfomarina_A0A8D5FTP2,A0A8D5FTP2,dev,methionine,Mono,False,0.0285,0.0334,0.0049,0.0391,0.0409,0.9103,True
Desulfomarina_A0A8D5FTP2,A0A8D5FTP2,dev,methionine,Tri,False,0.0309,0.0548,0.0239,0.0409,0.0529,0.9103,True
Desulfomarina_A0A8D5FTP2,A0A8D5FTP2,dev,ornithine,Di,False,0.0974,0.0566,-0.0408,0.0915,0.0529,0.9103,True
Desulfomarina_A0A8D5FTP2,A0A8D5FTP2,dev,ornithine,Mono,False,0.0519,0.0186,-0.0333,0.0529,0.0202,0.9103,True
Desulfomarina_A0A8D5FTP2,A0A8D5FTP2,dev,ornithine,Tri,False,0.0175,0.0112,-0.0063,0.0202,0.0101,0.9103,True
Desulfomarina_A0A8D5FTP2,A0A8D5FTP2,dev,phenylalanine,Di,True,0.9134,0.9381,0.0247,0.8636,0.8636,0.9103,True
Desulfomarina_A0A8D5FTP2,A0A8D5FTP2,dev,phenylalanine,Mono,False,0.1481,0.1442,-0.0039,0.1058,0.0915,0.9103,True
Desulfomarina_A0A8D5FTP2,A0A8D5FTP2,dev,phenylalanine,Tri,True,0.9033,0.9343,0.031,0.8636,0.8636,0.9103,True
Desulfomarina_A0A8D5FTP2,A0A8D5FTP2,dev,proline,Di,False,0.0032,0.004,0.0008,0.0101,0.0101,0.9103,True
Desulfomarina_A0A8D5FTP2,A0A8D5FTP2,dev,proline,Mono,False,0.0047,0.0046,-1e-04,0.0101,0.0101,0.9103,True
Desulfomarina_A0A8D5FTP2,A0A8D5FTP2,dev,proline,Tri,False,0.0368,0.0525,0.0157,0.0529,0.0529,0.9103,True
Desulfomarina_A0A8D5FTP2,A0A8D5FTP2,dev,putrescine,Di,False,0.0027,0.0043,0.0016,0.0101,0.0101,0.9103,True
Desulfomarina_A0A8D5FTP2,A0A8D5FTP2,dev,putrescine,Mono,False,0.0012,0.002,0.0008,0.0023,0.0023,0.9103,True
Desulfomarina_A0A8D5FTP2,A0A8D5FTP2,dev,putrescine,Tri,False,0.0039,0.0085,0.0046,0.0101,0.0101,0.9103,True
Desulfomarina_A0A8D5FTP2,A0A8D5FTP2,dev,serine,Di,False,0.0687,0.0787,0.01,0.0529,0.0529,0.9103,True
Desulfomarina_A0A8D5FTP2,A0A8D5FTP2,dev,serine,Mono,False,0.0904,0.1026,0.0122,0.0529,0.0915,0.9103,True
Desulfomarina_A0A8D5FTP2,A0A8D5FTP2,dev,serine,Tri,False,0.0347,0.0384,0.0037,0.0409,0.0529,0.9103,True
Desulfomarina_A0A8D5FTP2,A0A8D5FTP2,dev,serotonin,Di,False,0.0069,0.0074,0.0005,0.0101,0.0101,0.9103,True
Desulfomarina_A0A8D5FTP2,A0A8D5FTP2,dev,serotonin,Mono,False,0.0726,0.0662,-0.0064,0.0529,0.0529,0.9103,True
Desulfomarina_A0A8D5FTP2,A0A8D5FTP2,dev,serotonin,Tri,False,0.0059,0.0067,0.0008,0.0101,0.0101,0.9103,True
Desulfomarina_A0A8D5FTP2,A0A8D5FTP2,dev,threonine,Di,False,0.0101,0.0234,0.0133,0.0101,0.0391,0.9103,True
Desulfomarina_A0A8D5FTP2,A0A8D5FTP2,dev,threonine,Mono,False,0.0238,0.0485,0.0247,0.0391,0.0529,0.9103,True
Desulfomarina_A0A8D5FTP2,A0A8D5FTP2,dev,threonine,Tri,False,0.0013,0.0025,0.0012,0.0023,0.0101,0.9103,True
Desulfomarina_A0A8D5FTP2,A0A8D5FTP2,dev,tryptamine,Di,False,0.0023,0.0036,0.0013,0.0101,0.0101,0.9103,True
Desulfomarina_A0A8D5FTP2,A0A8D5FTP2,dev,tryptamine,Mono,False,0.0006,0.0008,0.0002,0.0,0.0023,0.9103,True
Desulfomarina_A0A8D5FTP2,A0A8D5FTP2,dev,tryptamine,Tri,False,0.0047,0.0088,0.0041,0.0101,0.0101,0.9103,True
Desulfomarina_A0A8D5FTP2,A0A8D5FTP2,dev,tyramine,Di,False,0.0178,0.0167,-0.0011,0.0202,0.0202,0.9103,True
Desulfomarina_A0A8D5FTP2,A0A8D5FTP2,dev,tyramine,Mono,False,0.0846,0.109,0.0244,0.0529,0.0915,0.9103,True
Desulfomarina_A0A8D5FTP2,A0A8D5FTP2,dev,tyramine,Tri,False,0.0159,0.0152,-0.0007,0.0202,0.0202,0.9103,True
Francisella_A0A5C2BYC4,A0A5C2BYC4,test,"2,3_diaminopropionic acid",Di,False,0.0132,0.0147,0.0015,0.0137,0.0202,0.9233,True
Francisella_A0A5C2BYC4,A0A5C2BYC4,test,"2,3_diaminopropionic acid",Mono,False,0.0081,0.0092,0.0011,0.0101,0.0101,0.9233,True
Francisella_A0A5C2BYC4,A0A5C2BYC4,test,"2,3_diaminopropionic acid",Tri,False,0.098,0.141,0.043,0.0915,0.0915,0.9233,True
Francisella_A0A5C2BYC4,A0A5C2BYC4,test,2_aminophenol,Di,False,0.5962,0.6312,0.035,0.4638,0.4857,0.9233,True
Francisella_A0A5C2BYC4,A0A5C2BYC4,test,2_aminophenol,Mono,False,0.0816,0.0742,-0.0074,0.0529,0.0529,0.9233,True
Francisella_A0A5C2BYC4,A0A5C2BYC4,test,2_aminophenol,Tri,False,0.42,0.4682,0.0482,0.2815,0.3936,0.9233,True
Francisella_A0A5C2BYC4,A0A5C2BYC4,test,3_methoxytyramine,Di,False,0.0356,0.0445,0.0089,0.0409,0.0529,0.9233,True
Francisella_A0A5C2BYC4,A0A5C2BYC4,test,3_methoxytyramine,Mono,False,0.0023,0.0037,0.0014,0.0101,0.0101,0.9233,True
Francisella_A0A5C2BYC4,A0A5C2BYC4,test,3_methoxytyramine,Tri,False,0.0296,0.0456,0.016,0.0391,0.0529,0.9233,True
Francisella_A0A5C2BYC4,A0A5C2BYC4,test,alanine,Di,True,0.8358,0.8679,0.0321,0.7,0.7,0.9233,True
Francisella_A0A5C2BYC4,A0A5C2BYC4,test,alanine,Mono,True,0.8243,0.8514,0.0271,0.7,0.7,0.9233,True
Francisella_A0A5C2BYC4,A0A5C2BYC4,test,alanine,Tri,False,0.0461,0.1109,0.0648,0.0529,0.0915,0.9233,True
Francisella_A0A5C2BYC4,A0A5C2BYC4,test,arginine,Di,False,0.0013,0.0014,1e-04,0.0023,0.0023,0.9233,True
Francisella_A0A5C2BYC4,A0A5C2BYC4,test,arginine,Mono,False,0.0009,0.0009,0.0,0.0023,0.0023,0.9233,True
Francisella_A0A5C2BYC4,A0A5C2BYC4,test,arginine,Tri,False,0.0023,0.0043,0.002,0.0101,0.0101,0.9233,True
Francisella_A0A5C2BYC4,A0A5C2BYC4,test,asparagine,Di,False,0.0156,0.0206,0.005,0.0202,0.0301,0.9233,True
Francisella_A0A5C2BYC4,A0A5C2BYC4,test,asparagine,Mono,False,0.0184,0.0246,0.0062,0.0202,0.0391,0.9233,True
Francisella_A0A5C2BYC4,A0A5C2BYC4,test,asparagine,Tri,True,0.7815,0.8148,0.0333,0.5287,0.7,0.9233,True
Francisella_A0A5C2BYC4,A0A5C2BYC4,test,cadaverine,Di,False,0.0012,0.0018,0.0006,0.0023,0.0023,0.9233,True
Francisella_A0A5C2BYC4,A0A5C2BYC4,test,cadaverine,Mono,False,0.0007,0.001,0.0003,0.0023,0.0023,0.9233,True
Francisella_A0A5C2BYC4,A0A5C2BYC4,test,cadaverine,Tri,False,0.0032,0.0051,0.0019,0.0101,0.0101,0.9233,True
Francisella_A0A5C2BYC4,A0A5C2BYC4,test,citrulline,Di,False,0.004,0.0075,0.0035,0.0101,0.0101,0.9233,True
Francisella_A0A5C2BYC4,A0A5C2BYC4,test,citrulline,Mono,False,0.002,0.0032,0.0012,0.0023,0.0101,0.9233,True
Francisella_A0A5C2BYC4,A0A5C2BYC4,test,citrulline,Tri,False,0.0014,0.003,0.0016,0.0023,0.0101,0.9233,True
Francisella_A0A5C2BYC4,A0A5C2BYC4,test,cystine,Di,False,0.002,0.0055,0.0035,0.0023,0.0101,0.9233,True
Francisella_A0A5C2BYC4,A0A5C2BYC4,test,cystine,Mono,False,0.0009,0.0024,0.0015,0.0023,0.0101,0.9233,True
Francisella_A0A5C2BYC4,A0A5C2BYC4,test,cystine,Tri,False,0.0031,0.0086,0.0055,0.0101,0.0101,0.9233,True
Francisella_A0A5C2BYC4,A0A5C2BYC4,test,dopamine,Di,False,0.077,0.0702,-0.0068,0.0529,0.0529,0.9233,True
Francisella_A0A5C2BYC4,A0A5C2BYC4,test,dopamine,Mono,False,0.0135,0.0153,0.0018,0.0137,0.0202,0.9233,True
Francisella_A0A5C2BYC4,A0A5C2BYC4,test,dopamine,Tri,True,0.66,0.6416,-0.0184,0.5287,0.5,0.9233,True
Francisella_A0A5C2BYC4,A0A5C2BYC4,test,gaba,Di,True,0.8744,0.8611,-0.0133,0.7,0.7,0.9233,True
Francisella_A0A5C2BYC4,A0A5C2BYC4,test,gaba,Mono,True,0.9143,0.8958,-0.0185,0.8636,0.8571,0.9233,True
Francisella_A0A5C2BYC4,A0A5C2BYC4,test,gaba,Tri,True,0.9215,0.9073,-0.0142,0.8636,0.8636,0.9233,True
Francisella_A0A5C2BYC4,A0A5C2BYC4,test,glutamine,Di,False,0.0322,0.0428,0.0106,0.0409,0.0529,0.9233,True
Francisella_A0A5C2BYC4,A0A5C2BYC4,test,glutamine,Mono,False,0.4154,0.4185,0.0031,0.2815,0.2815,0.9233,True
Francisella_A0A5C2BYC4,A0A5C2BYC4,test,glutamine,Tri,False,0.0218,0.0329,0.0111,0.0301,0.0409,0.9233,True
Francisella_A0A5C2BYC4,A0A5C2BYC4,test,glyglycine,Di,False,0.0026,0.003,0.0004,0.0101,0.0101,0.9233,True
Francisella_A0A5C2BYC4,A0A5C2BYC4,test,glyglycine,Mono,False,0.0024,0.0027,0.0003,0.0101,0.0101,0.9233,True
Francisella_A0A5C2BYC4,A0A5C2BYC4,test,glyglycine,Tri,False,0.0157,0.023,0.0073,0.0202,0.0345,0.9233,True
Francisella_A0A5C2BYC4,A0A5C2BYC4,test,histidine,Di,False,0.0002,0.0004,0.0002,0.0,0.0,0.9233,True
Francisella_A0A5C2BYC4,A0A5C2BYC4,test,histidine,Mono,False,1e-04,0.0003,0.0002,0.0,0.0,0.9233,True
Francisella_A0A5C2BYC4,A0A5C2BYC4,test,histidine,Tri,False,0.0015,0.0039,0.0024,0.0023,0.0101,0.9233,True
Francisella_A0A5C2BYC4,A0A5C2BYC4,test,lysine,Di,False,0.0244,0.0655,0.0411,0.0391,0.0529,0.9233,True
Francisella_A0A5C2BYC4,A0A5C2BYC4,test,lysine,Mono,False,0.0051,0.0123,0.0072,0.0101,0.0114,0.9233,True
Francisella_A0A5C2BYC4,A0A5C2BYC4,test,lysine,Tri,False,0.0027,0.0079,0.0052,0.0101,0.0101,0.9233,True
Francisella_A0A5C2BYC4,A0A5C2BYC4,test,methionine,Di,False,0.0076,0.0167,0.0091,0.0101,0.0202,0.9233,True
Francisella_A0A5C2BYC4,A0A5C2BYC4,test,methionine,Mono,False,0.0122,0.0235,0.0113,0.0114,0.0391,0.9233,True
Francisella_A0A5C2BYC4,A0A5C2BYC4,test,methionine,Tri,False,0.0138,0.0354,0.0216,0.0202,0.0409,0.9233,True
Francisella_A0A5C2BYC4,A0A5C2BYC4,test,ornithine,Di,False,0.0129,0.0163,0.0034,0.0137,0.0202,0.9233,True
Francisella_A0A5C2BYC4,A0A5C2BYC4,test,ornithine,Mono,False,0.0077,0.0089,0.0012,0.0101,0.0101,0.9233,True
Francisella_A0A5C2BYC4,A0A5C2BYC4,test,ornithine,Tri,False,0.0032,0.005,0.0018,0.0101,0.0101,0.9233,True
Francisella_A0A5C2BYC4,A0A5C2BYC4,test,phenylalanine,Di,True,0.7292,0.7952,0.066,0.5287,0.5287,0.9233,True
Francisella_A0A5C2BYC4,A0A5C2BYC4,test,phenylalanine,Mono,False,0.0571,0.0654,0.0083,0.0529,0.0529,0.9233,True
Francisella_A0A5C2BYC4,A0A5C2BYC4,test,phenylalanine,Tri,True,0.7402,0.8123,0.0721,0.5287,0.7,0.9233,True
Francisella_A0A5C2BYC4,A0A5C2BYC4,test,proline,Di,False,0.001,0.0016,0.0006,0.0023,0.0023,0.9233,True
Francisella_A0A5C2BYC4,A0A5C2BYC4,test,proline,Mono,False,0.0015,0.0023,0.0008,0.0023,0.0101,0.9233,True
Francisella_A0A5C2BYC4,A0A5C2BYC4,test,proline,Tri,False,0.0075,0.0143,0.0068,0.0101,0.0202,0.9233,True
Francisella_A0A5C2BYC4,A0A5C2BYC4,test,putrescine,Di,False,0.0012,0.0018,0.0006,0.0023,0.0023,0.9233,True
Francisella_A0A5C2BYC4,A0A5C2BYC4,test,putrescine,Mono,False,0.0007,0.001,0.0003,0.0023,0.0023,0.9233,True
Francisella_A0A5C2BYC4,A0A5C2BYC4,test,putrescine,Tri,False,0.0032,0.0051,0.0019,0.0101,0.0101,0.9233,True
Francisella_A0A5C2BYC4,A0A5C2BYC4,test,serine,Di,False,0.0327,0.0605,0.0278,0.0409,0.0529,0.9233,True
Francisella_A0A5C2BYC4,A0A5C2BYC4,test,serine,Mono,False,0.0466,0.0715,0.0249,0.0529,0.0529,0.9233,True
Francisella_A0A5C2BYC4,A0A5C2BYC4,test,serine,Tri,False,0.0173,0.0402,0.0229,0.0202,0.0529,0.9233,True
Francisella_A0A5C2BYC4,A0A5C2BYC4,test,serotonin,Di,False,0.0021,0.0032,0.0011,0.0023,0.0101,0.9233,True
Francisella_A0A5C2BYC4,A0A5C2BYC4,test,serotonin,Mono,False,0.0174,0.0302,0.0128,0.0202,0.0391,0.9233,True
Francisella_A0A5C2BYC4,A0A5C2BYC4,test,serotonin,Tri,False,0.0019,0.003,0.0011,0.0023,0.0101,0.9233,True
Francisella_A0A5C2BYC4,A0A5C2BYC4,test,threonine,Di,False,0.0101,0.0216,0.0115,0.0101,0.0301,0.9233,True
Francisella_A0A5C2BYC4,A0A5C2BYC4,test,threonine,Mono,False,0.0271,0.0466,0.0195,0.0391,0.0529,0.9233,True
Francisella_A0A5C2BYC4,A0A5C2BYC4,test,threonine,Tri,False,0.0008,0.0024,0.0016,0.0023,0.0101,0.9233,True
Francisella_A0A5C2BYC4,A0A5C2BYC4,test,tryptamine,Di,False,0.0011,0.0011,0.0,0.0023,0.0023,0.9233,True
Francisella_A0A5C2BYC4,A0A5C2BYC4,test,tryptamine,Mono,False,0.0003,0.0003,0.0,0.0,0.0,0.9233,True
Francisella_A0A5C2BYC4,A0A5C2BYC4,test,tryptamine,Tri,False,0.0036,0.0045,0.0009,0.0101,0.0101,0.9233,True
Francisella_A0A5C2BYC4,A0A5C2BYC4,test,tyramine,Di,False,0.0057,0.007,0.0013,0.0101,0.0101,0.9233,True
Francisella_A0A5C2BYC4,A0A5C2BYC4,test,tyramine,Mono,False,0.0466,0.0893,0.0427,0.0529,0.0529,0.9233,True
Francisella_A0A5C2BYC4,A0A5C2BYC4,test,tyramine,Tri,False,0.0054,0.0072,0.0018,0.0101,0.0101,0.9233,True
Francisella_A0A5C2C0X5,A0A5C2C0X5,dev,"2,3_diaminopropionic acid",Di,False,0.0345,0.0218,-0.0127,0.0409,0.0301,0.9276,True
Francisella_A0A5C2C0X5,A0A5C2C0X5,dev,"2,3_diaminopropionic acid",Mono,False,0.0191,0.0126,-0.0065,0.0202,0.0137,0.9276,True
Francisella_A0A5C2C0X5,A0A5C2C0X5,dev,"2,3_diaminopropionic acid",Tri,False,0.27,0.2958,0.0258,0.1915,0.2692,0.9276,True
Francisella_A0A5C2C0X5,A0A5C2C0X5,dev,2_aminophenol,Di,True,0.8196,0.7605,-0.0591,0.7,0.5287,0.9276,True
Francisella_A0A5C2C0X5,A0A5C2C0X5,dev,2_aminophenol,Mono,False,0.132,0.0898,-0.0422,0.0915,0.0529,0.9276,True
Francisella_A0A5C2C0X5,A0A5C2C0X5,dev,2_aminophenol,Tri,False,0.718,0.6845,-0.0335,0.5287,0.5287,0.9276,True
Francisella_A0A5C2C0X5,A0A5C2C0X5,dev,3_methoxytyramine,Di,False,0.0999,0.065,-0.0349,0.0915,0.0529,0.9276,True
Francisella_A0A5C2C0X5,A0A5C2C0X5,dev,3_methoxytyramine,Mono,False,0.0072,0.0049,-0.0023,0.0101,0.0101,0.9276,True
Francisella_A0A5C2C0X5,A0A5C2C0X5,dev,3_methoxytyramine,Tri,False,0.093,0.0657,-0.0273,0.0714,0.0529,0.9276,True
Francisella_A0A5C2C0X5,A0A5C2C0X5,dev,alanine,Di,True,0.9605,0.9324,-0.0281,0.9023,0.8636,0.9276,True
Francisella_A0A5C2C0X5,A0A5C2C0X5,dev,alanine,Mono,True,0.945,0.9038,-0.0412,0.9023,0.8636,0.9276,True
Francisella_A0A5C2C0X5,A0A5C2C0X5,dev,alanine,Tri,False,0.145,0.1621,0.0171,0.0915,0.1127,0.9276,True
Francisella_A0A5C2C0X5,A0A5C2C0X5,dev,arginine,Di,False,0.0039,0.0022,-0.0017,0.0101,0.0023,0.9276,True
Francisella_A0A5C2C0X5,A0A5C2C0X5,dev,arginine,Mono,False,0.0022,0.001,-0.0012,0.0023,0.0023,0.9276,True
Francisella_A0A5C2C0X5,A0A5C2C0X5,dev,arginine,Tri,False,0.0087,0.0073,-0.0014,0.0101,0.0101,0.9276,True
Francisella_A0A5C2C0X5,A0A5C2C0X5,dev,asparagine,Di,False,0.0462,0.0299,-0.0163,0.0529,0.0391,0.9276,True
Francisella_A0A5C2C0X5,A0A5C2C0X5,dev,asparagine,Mono,False,0.0505,0.0306,-0.0199,0.0529,0.0409,0.9276,True
Francisella_A0A5C2C0X5,A0A5C2C0X5,dev,asparagine,Tri,True,0.9007,0.8664,-0.0343,0.8571,0.7,0.9276,True
Francisella_A0A5C2C0X5,A0A5C2C0X5,dev,cadaverine,Di,False,0.0025,0.0033,0.0008,0.0101,0.0101,0.9276,True
Francisella_A0A5C2C0X5,A0A5C2C0X5,dev,cadaverine,Mono,False,0.0012,0.0012,0.0,0.0023,0.0023,0.9276,True
Francisella_A0A5C2C0X5,A0A5C2C0X5,dev,cadaverine,Tri,False,0.0047,0.006,0.0013,0.0101,0.0101,0.9276,True
Francisella_A0A5C2C0X5,A0A5C2C0X5,dev,citrulline,Di,False,0.0127,0.0127,0.0,0.0137,0.0137,0.9276,True
Francisella_A0A5C2C0X5,A0A5C2C0X5,dev,citrulline,Mono,False,0.0056,0.0041,-0.0015,0.0101,0.0101,0.9276,True
Francisella_A0A5C2C0X5,A0A5C2C0X5,dev,citrulline,Tri,False,0.0045,0.0045,0.0,0.0101,0.0101,0.9276,True
Francisella_A0A5C2C0X5,A0A5C2C0X5,dev,cystine,Di,False,0.0092,0.0094,0.0002,0.0101,0.0101,0.9276,True
Francisella_A0A5C2C0X5,A0A5C2C0X5,dev,cystine,Mono,False,0.0033,0.0039,0.0006,0.0101,0.0101,0.9276,True
Francisella_A0A5C2C0X5,A0A5C2C0X5,dev,cystine,Tri,False,0.0135,0.019,0.0055,0.0137,0.0202,0.9276,True
Francisella_A0A5C2C0X5,A0A5C2C0X5,dev,dopamine,Di,False,0.175,0.0937,-0.0813,0.1127,0.0714,0.9276,True
Francisella_A0A5C2C0X5,A0A5C2C0X5,dev,dopamine,Mono,False,0.037,0.0201,-0.0169,0.0529,0.0301,0.9276,True
Francisella_A0A5C2C0X5,A0A5C2C0X5,dev,dopamine,Tri,True,0.849,0.7358,-0.1132,0.7,0.5287,0.9276,True
Francisella_A0A5C2C0X5,A0A5C2C0X5,dev,gaba,Di,True,0.9791,0.9516,-0.0275,0.9082,0.9023,0.9276,True
Francisella_A0A5C2C0X5,A0A5C2C0X5,dev,gaba,Mono,True,0.9871,0.9577,-0.0294,0.9214,0.9023,0.9276,True
Francisella_A0A5C2C0X5,A0A5C2C0X5,dev,gaba,Tri,True,0.9855,0.9673,-0.0182,0.9214,0.9082,0.9276,True
Francisella_A0A5C2C0X5,A0A5C2C0X5,dev,glutamine,Di,False,0.0945,0.065,-0.0295,0.0714,0.0529,0.9276,True
Francisella_A0A5C2C0X5,A0A5C2C0X5,dev,glutamine,Mono,True,0.7305,0.5173,-0.2132,0.5287,0.4014,0.9276,True
Francisella_A0A5C2C0X5,A0A5C2C0X5,dev,glutamine,Tri,False,0.0793,0.0481,-0.0312,0.0529,0.0529,0.9276,True
Francisella_A0A5C2C0X5,A0A5C2C0X5,dev,glyglycine,Di,False,0.0047,0.0062,0.0015,0.0101,0.0101,0.9276,True
Francisella_A0A5C2C0X5,A0A5C2C0X5,dev,glyglycine,Mono,False,0.0037,0.0044,0.0007,0.0101,0.0101,0.9276,True
Francisella_A0A5C2C0X5,A0A5C2C0X5,dev,glyglycine,Tri,False,0.0337,0.0719,0.0382,0.0409,0.0529,0.9276,True
Francisella_A0A5C2C0X5,A0A5C2C0X5,dev,histidine,Di,False,0.0004,0.0007,0.0003,0.0,0.0023,0.9276,True
Francisella_A0A5C2C0X5,A0A5C2C0X5,dev,histidine,Mono,False,0.0003,0.0005,0.0002,0.0,0.0,0.9276,True
Francisella_A0A5C2C0X5,A0A5C2C0X5,dev,histidine,Tri,False,0.003,0.0077,0.0047,0.0101,0.0101,0.9276,True
Francisella_A0A5C2C0X5,A0A5C2C0X5,dev,lysine,Di,False,0.0824,0.1185,0.0361,0.0529,0.0915,0.9276,True
Francisella_A0A5C2C0X5,A0A5C2C0X5,dev,lysine,Mono,False,0.0146,0.0149,0.0003,0.0202,0.0202,0.9276,True
Francisella_A0A5C2C0X5,A0A5C2C0X5,dev,lysine,Tri,False,0.0099,0.0119,0.002,0.0101,0.0114,0.9276,True
Francisella_A0A5C2C0X5,A0A5C2C0X5,dev,methionine,Di,False,0.0351,0.0392,0.0041,0.0409,0.0529,0.9276,True
Francisella_A0A5C2C0X5,A0A5C2C0X5,dev,methionine,Mono,False,0.0494,0.0465,-0.0029,0.0529,0.0529,0.9276,True
Francisella_A0A5C2C0X5,A0A5C2C0X5,dev,methionine,Tri,False,0.0605,0.0777,0.0172,0.0529,0.0529,0.9276,True
Francisella_A0A5C2C0X5,A0A5C2C0X5,dev,ornithine,Di,False,0.0349,0.0392,0.0043,0.0409,0.0529,0.9276,True
Francisella_A0A5C2C0X5,A0A5C2C0X5,dev,ornithine,Mono,False,0.0179,0.0144,-0.0035,0.0202,0.0202,0.9276,True
Francisella_A0A5C2C0X5,A0A5C2C0X5,dev,ornithine,Tri,False,0.0091,0.009,-1e-04,0.0101,0.0101,0.9276,True
Francisella_A0A5C2C0X5,A0A5C2C0X5,dev,phenylalanine,Di,True,0.9305,0.8746,-0.0559,0.8636,0.7,0.9276,True
Francisella_A0A5C2C0X5,A0A5C2C0X5,dev,phenylalanine,Mono,False,0.1485,0.0882,-0.0603,0.1127,0.0529,0.9276,True
Francisella_A0A5C2C0X5,A0A5C2C0X5,dev,phenylalanine,Tri,True,0.9324,0.8918,-0.0406,0.8636,0.8571,0.9276,True
Francisella_A0A5C2C0X5,A0A5C2C0X5,dev,proline,Di,False,0.0021,0.0026,0.0005,0.0023,0.0101,0.9276,True
Francisella_A0A5C2C0X5,A0A5C2C0X5,dev,proline,Mono,False,0.0028,0.0034,0.0006,0.0101,0.0101,0.9276,True
Francisella_A0A5C2C0X5,A0A5C2C0X5,dev,proline,Tri,False,0.0174,0.0277,0.0103,0.0202,0.0391,0.9276,True
Francisella_A0A5C2C0X5,A0A5C2C0X5,dev,putrescine,Di,False,0.0025,0.0033,0.0008,0.0101,0.0101,0.9276,True
Francisella_A0A5C2C0X5,A0A5C2C0X5,dev,putrescine,Mono,False,0.0012,0.0012,0.0,0.0023,0.0023,0.9276,True
Francisella_A0A5C2C0X5,A0A5C2C0X5,dev,putrescine,Tri,False,0.0047,0.006,0.0013,0.0101,0.0101,0.9276,True
Francisella_A0A5C2C0X5,A0A5C2C0X5,dev,serine,Di,False,0.1305,0.1083,-0.0222,0.0915,0.0915,0.9276,True
Francisella_A0A5C2C0X5,A0A5C2C0X5,dev,serine,Mono,False,0.1661,0.1312,-0.0349,0.1127,0.0915,0.9276,True
Francisella_A0A5C2C0X5,A0A5C2C0X5,dev,serine,Tri,False,0.0671,0.0727,0.0056,0.0529,0.0529,0.9276,True
Francisella_A0A5C2C0X5,A0A5C2C0X5,dev,serotonin,Di,False,0.0047,0.0039,-0.0008,0.0101,0.0101,0.9276,True
Francisella_A0A5C2C0X5,A0A5C2C0X5,dev,serotonin,Mono,False,0.0718,0.0656,-0.0062,0.0529,0.0529,0.9276,True
Francisella_A0A5C2C0X5,A0A5C2C0X5,dev,serotonin,Tri,False,0.0039,0.0034,-0.0005,0.0101,0.0101,0.9276,True
Francisella_A0A5C2C0X5,A0A5C2C0X5,dev,threonine,Di,False,0.0252,0.0344,0.0092,0.0391,0.0409,0.9276,True
Francisella_A0A5C2C0X5,A0A5C2C0X5,dev,threonine,Mono,False,0.0607,0.0655,0.0048,0.0529,0.0529,0.9276,True
Francisella_A0A5C2C0X5,A0A5C2C0X5,dev,threonine,Tri,False,0.0024,0.0039,0.0015,0.0101,0.0101,0.9276,True
Francisella_A0A5C2C0X5,A0A5C2C0X5,dev,tryptamine,Di,False,0.0018,0.0015,-0.0003,0.0023,0.0023,0.9276,True
Francisella_A0A5C2C0X5,A0A5C2C0X5,dev,tryptamine,Mono,False,0.0005,0.0004,-1e-04,0.0,0.0,0.9276,True
Francisella_A0A5C2C0X5,A0A5C2C0X5,dev,tryptamine,Tri,False,0.0047,0.0041,-0.0006,0.0101,0.0101,0.9276,True
Francisella_A0A5C2C0X5,A0A5C2C0X5,dev,tyramine,Di,False,0.0119,0.0083,-0.0036,0.0114,0.0101,0.9276,True
Francisella_A0A5C2C0X5,A0A5C2C0X5,dev,tyramine,Mono,False,0.1142,0.093,-0.0212,0.0915,0.0714,0.9276,True
Francisella_A0A5C2C0X5,A0A5C2C0X5,dev,tyramine,Tri,False,0.0114,0.0091,-0.0023,0.0114,0.0101,0.9276,True
Francisella_A0A5C2C1U8,A0A5C2C1U8,dev,"2,3_diaminopropionic acid",Di,False,0.0154,0.0169,0.0015,0.0202,0.0202,0.9258,True
Francisella_A0A5C2C1U8,A0A5C2C1U8,dev,"2,3_diaminopropionic acid",Mono,False,0.009,0.0107,0.0017,0.0101,0.0101,0.9258,True
Francisella_A0A5C2C1U8,A0A5C2C1U8,dev,"2,3_diaminopropionic acid",Tri,False,0.1503,0.2009,0.0506,0.1127,0.1127,0.9258,True
Francisella_A0A5C2C1U8,A0A5C2C1U8,dev,2_aminophenol,Di,True,0.8378,0.8182,-0.0196,0.7,0.7,0.9258,True
Francisella_A0A5C2C1U8,A0A5C2C1U8,dev,2_aminophenol,Mono,False,0.1447,0.1196,-0.0251,0.0915,0.0915,0.9258,True
Francisella_A0A5C2C1U8,A0A5C2C1U8,dev,2_aminophenol,Tri,False,0.7009,0.7012,0.0003,0.5287,0.5287,0.9258,True
Francisella_A0A5C2C1U8,A0A5C2C1U8,dev,3_methoxytyramine,Di,False,0.0498,0.0404,-0.0094,0.0529,0.0529,0.9258,True
Francisella_A0A5C2C1U8,A0A5C2C1U8,dev,3_methoxytyramine,Mono,False,0.005,0.0056,0.0006,0.0101,0.0101,0.9258,True
Francisella_A0A5C2C1U8,A0A5C2C1U8,dev,3_methoxytyramine,Tri,False,0.0487,0.0446,-0.0041,0.0529,0.0529,0.9258,True
Francisella_A0A5C2C1U8,A0A5C2C1U8,dev,alanine,Di,True,0.9641,0.9647,0.0006,0.9023,0.9023,0.9258,True
Francisella_A0A5C2C1U8,A0A5C2C1U8,dev,alanine,Mono,True,0.9582,0.9567,-0.0015,0.9023,0.9023,0.9258,True
Francisella_A0A5C2C1U8,A0A5C2C1U8,dev,alanine,Tri,False,0.158,0.2597,0.1017,0.1127,0.1847,0.9258,True
Francisella_A0A5C2C1U8,A0A5C2C1U8,dev,arginine,Di,False,0.0023,0.003,0.0007,0.0101,0.0101,0.9258,True
Francisella_A0A5C2C1U8,A0A5C2C1U8,dev,arginine,Mono,False,0.0015,0.0024,0.0009,0.0023,0.0101,0.9258,True
Francisella_A0A5C2C1U8,A0A5C2C1U8,dev,arginine,Tri,False,0.007,0.0139,0.0069,0.0101,0.0202,0.9258,True
Francisella_A0A5C2C1U8,A0A5C2C1U8,dev,asparagine,Di,False,0.0473,0.0519,0.0046,0.0529,0.0529,0.9258,True
Francisella_A0A5C2C1U8,A0A5C2C1U8,dev,asparagine,Mono,False,0.0613,0.0564,-0.0049,0.0529,0.0529,0.9258,True
Francisella_A0A5C2C1U8,A0A5C2C1U8,dev,asparagine,Tri,True,0.9016,0.8806,-0.021,0.8571,0.75,0.9258,True
Francisella_A0A5C2C1U8,A0A5C2C1U8,dev,cadaverine,Di,False,0.0021,0.0025,0.0004,0.0023,0.0101,0.9258,True
Francisella_A0A5C2C1U8,A0A5C2C1U8,dev,cadaverine,Mono,False,0.001,0.0014,0.0004,0.0023,0.0023,0.9258,True
Francisella_A0A5C2C1U8,A0A5C2C1U8,dev,cadaverine,Tri,False,0.0041,0.0064,0.0023,0.0101,0.0101,0.9258,True
Francisella_A0A5C2C1U8,A0A5C2C1U8,dev,citrulline,Di,False,0.0137,0.0204,0.0067,0.0202,0.0301,0.9258,True
Francisella_A0A5C2C1U8,A0A5C2C1U8,dev,citrulline,Mono,False,0.005,0.0079,0.0029,0.0101,0.0101,0.9258,True
Francisella_A0A5C2C1U8,A0A5C2C1U8,dev,citrulline,Tri,False,0.004,0.0072,0.0032,0.0101,0.0101,0.9258,True
Francisella_A0A5C2C1U8,A0A5C2C1U8,dev,cystine,Di,False,0.004,0.0043,0.0003,0.0101,0.0101,0.9258,True
Francisella_A0A5C2C1U8,A0A5C2C1U8,dev,cystine,Mono,False,0.0018,0.002,0.0002,0.0023,0.0023,0.9258,True
Francisella_A0A5C2C1U8,A0A5C2C1U8,dev,cystine,Tri,False,0.0061,0.007,0.0009,0.0101,0.0101,0.9258,True
Francisella_A0A5C2C1U8,A0A5C2C1U8,dev,dopamine,Di,False,0.1252,0.1042,-0.021,0.0915,0.0915,0.9258,True
Francisella_A0A5C2C1U8,A0A5C2C1U8,dev,dopamine,Mono,False,0.0348,0.0396,0.0048,0.0409,0.0529,0.9258,True
Francisella_A0A5C2C1U8,A0A5C2C1U8,dev,dopamine,Tri,True,0.8611,0.8316,-0.0295,0.7,0.7,0.9258,True
Francisella_A0A5C2C1U8,A0A5C2C1U8,dev,gaba,Di,True,0.9836,0.9809,-0.0027,0.9214,0.9082,0.9258,True
Francisella_A0A5C2C1U8,A0A5C2C1U8,dev,gaba,Mono,True,0.9906,0.9863,-0.0043,0.9214,0.9214,0.9258,True
Francisella_A0A5C2C1U8,A0A5C2C1U8,dev,gaba,Tri,True,0.9873,0.9876,0.0003,0.9214,0.9214,0.9258,True
Francisella_A0A5C2C1U8,A0A5C2C1U8,dev,glutamine,Di,False,0.1458,0.1538,0.008,0.0915,0.1127,0.9258,True
Francisella_A0A5C2C1U8,A0A5C2C1U8,dev,glutamine,Mono,True,0.8364,0.7444,-0.092,0.7,0.5287,0.9258,True
Francisella_A0A5C2C1U8,A0A5C2C1U8,dev,glutamine,Tri,False,0.1187,0.1397,0.021,0.0915,0.0915,0.9258,True
Francisella_A0A5C2C1U8,A0A5C2C1U8,dev,glyglycine,Di,False,0.0045,0.0057,0.0012,0.0101,0.0101,0.9258,True
Francisella_A0A5C2C1U8,A0A5C2C1U8,dev,glyglycine,Mono,False,0.0039,0.0052,0.0013,0.0101,0.0101,0.9258,True
Francisella_A0A5C2C1U8,A0A5C2C1U8,dev,glyglycine,Tri,False,0.023,0.0448,0.0218,0.0345,0.0529,0.9258,True
Francisella_A0A5C2C1U8,A0A5C2C1U8,dev,histidine,Di,False,0.0005,0.0009,0.0004,0.0,0.0023,0.9258,True
Francisella_A0A5C2C1U8,A0A5C2C1U8,dev,histidine,Mono,False,0.0004,0.0006,0.0002,0.0,0.0,0.9258,True
Francisella_A0A5C2C1U8,A0A5C2C1U8,dev,histidine,Tri,False,0.0038,0.0101,0.0063,0.0101,0.0101,0.9258,True
Francisella_A0A5C2C1U8,A0A5C2C1U8,dev,lysine,Di,False,0.0652,0.1467,0.0815,0.0529,0.0915,0.9258,True
Francisella_A0A5C2C1U8,A0A5C2C1U8,dev,lysine,Mono,False,0.0122,0.023,0.0108,0.0114,0.0345,0.9258,True
Francisella_A0A5C2C1U8,A0A5C2C1U8,dev,lysine,Tri,False,0.009,0.0174,0.0084,0.0101,0.0202,0.9258,True
Francisella_A0A5C2C1U8,A0A5C2C1U8,dev,methionine,Di,False,0.0297,0.0464,0.0167,0.0391,0.0529,0.9258,True
Francisella_A0A5C2C1U8,A0A5C2C1U8,dev,methionine,Mono,False,0.0403,0.0626,0.0223,0.0529,0.0529,0.9258,True
Francisella_A0A5C2C1U8,A0A5C2C1U8,dev,methionine,Tri,False,0.0519,0.0942,0.0423,0.0529,0.0714,0.9258,True
Francisella_A0A5C2C1U8,A0A5C2C1U8,dev,ornithine,Di,False,0.0188,0.0304,0.0116,0.0202,0.0409,0.9258,True
Francisella_A0A5C2C1U8,A0A5C2C1U8,dev,ornithine,Mono,False,0.0085,0.0145,0.006,0.0101,0.0202,0.9258,True
Francisella_A0A5C2C1U8,A0A5C2C1U8,dev,ornithine,Tri,False,0.0058,0.0109,0.0051,0.0101,0.0101,0.9258,True
Francisella_A0A5C2C1U8,A0A5C2C1U8,dev,phenylalanine,Di,True,0.9444,0.9267,-0.0177,0.9023,0.8636,0.9258,True
Francisella_A0A5C2C1U8,A0A5C2C1U8,dev,phenylalanine,Mono,False,0.1755,0.1307,-0.0448,0.1127,0.0915,0.9258,True
Francisella_A0A5C2C1U8,A0A5C2C1U8,dev,phenylalanine,Tri,True,0.9335,0.9181,-0.0154,0.8636,0.8636,0.9258,True
Francisella_A0A5C2C1U8,A0A5C2C1U8,dev,proline,Di,False,0.0021,0.003,0.0009,0.0023,0.0101,0.9258,True
Francisella_A0A5C2C1U8,A0A5C2C1U8,dev,proline,Mono,False,0.0034,0.0039,0.0005,0.0101,0.0101,0.9258,True
Francisella_A0A5C2C1U8,A0A5C2C1U8,dev,proline,Tri,False,0.0153,0.0283,0.013,0.0202,0.0391,0.9258,True
Francisella_A0A5C2C1U8,A0A5C2C1U8,dev,putrescine,Di,False,0.0023,0.0027,0.0004,0.0101,0.0101,0.9258,True
Francisella_A0A5C2C1U8,A0A5C2C1U8,dev,putrescine,Mono,False,0.001,0.0014,0.0004,0.0023,0.0023,0.9258,True
Francisella_A0A5C2C1U8,A0A5C2C1U8,dev,putrescine,Tri,False,0.0044,0.0067,0.0023,0.0101,0.0101,0.9258,True
Francisella_A0A5C2C1U8,A0A5C2C1U8,dev,serine,Di,False,0.0796,0.1236,0.044,0.0529,0.0915,0.9258,True
Francisella_A0A5C2C1U8,A0A5C2C1U8,dev,serine,Mono,False,0.1022,0.1602,0.058,0.0915,0.1127,0.9258,True
Francisella_A0A5C2C1U8,A0A5C2C1U8,dev,serine,Tri,False,0.0422,0.0631,0.0209,0.0529,0.0529,0.9258,True
Francisella_A0A5C2C1U8,A0A5C2C1U8,dev,serotonin,Di,False,0.0041,0.0063,0.0022,0.0101,0.0101,0.9258,True
Francisella_A0A5C2C1U8,A0A5C2C1U8,dev,serotonin,Mono,False,0.0824,0.1079,0.0255,0.0529,0.0915,0.9258,True
Francisella_A0A5C2C1U8,A0A5C2C1U8,dev,serotonin,Tri,False,0.0037,0.0088,0.0051,0.0101,0.0101,0.9258,True
Francisella_A0A5C2C1U8,A0A5C2C1U8,dev,threonine,Di,False,0.019,0.0345,0.0155,0.0202,0.0409,0.9258,True
Francisella_A0A5C2C1U8,A0A5C2C1U8,dev,threonine,Mono,False,0.0418,0.0723,0.0305,0.0529,0.0529,0.9258,True
Francisella_A0A5C2C1U8,A0A5C2C1U8,dev,threonine,Tri,False,0.0025,0.0049,0.0024,0.0101,0.0101,0.9258,True
Francisella_A0A5C2C1U8,A0A5C2C1U8,dev,tryptamine,Di,False,0.0017,0.0025,0.0008,0.0023,0.0101,0.9258,True
Francisella_A0A5C2C1U8,A0A5C2C1U8,dev,tryptamine,Mono,False,0.0006,0.0009,0.0003,0.0,0.0023,0.9258,True
Francisella_A0A5C2C1U8,A0A5C2C1U8,dev,tryptamine,Tri,False,0.0052,0.0106,0.0054,0.0101,0.0101,0.9258,True
Francisella_A0A5C2C1U8,A0A5C2C1U8,dev,tyramine,Di,False,0.0087,0.0099,0.0012,0.0101,0.0101,0.9258,True
Francisella_A0A5C2C1U8,A0A5C2C1U8,dev,tyramine,Mono,False,0.1021,0.1116,0.0095,0.0915,0.0915,0.9258,True
Francisella_A0A5C2C1U8,A0A5C2C1U8,dev,tyramine,Tri,False,0.0096,0.0145,0.0049,0.0101,0.0202,0.9258,True
Halodesulfovibrio_A0A1N6ECR1,A0A1N6ECR1,,"2,3_diaminopropionic acid",Di,,0.0093,0.0082,-0.0011,0.0101,0.0101,0.798,True
Halodesulfovibrio_A0A1N6ECR1,A0A1N6ECR1,,"2,3_diaminopropionic acid",Mono,,0.007,0.0052,-0.0018,0.0101,0.0101,0.798,True
Halodesulfovibrio_A0A1N6ECR1,A0A1N6ECR1,,"2,3_diaminopropionic acid",Tri,,0.1012,0.1551,0.0539,0.0915,0.1127,0.798,True
Halodesulfovibrio_A0A1N6ECR1,A0A1N6ECR1,,2_aminophenol,Di,,0.6275,0.5924,-0.0351,0.4857,0.4638,0.798,True
Halodesulfovibrio_A0A1N6ECR1,A0A1N6ECR1,,2_aminophenol,Mono,,0.1092,0.0727,-0.0365,0.0915,0.0529,0.798,True
Halodesulfovibrio_A0A1N6ECR1,A0A1N6ECR1,,2_aminophenol,Tri,,0.4736,0.4828,0.0092,0.4014,0.4014,0.798,True
Halodesulfovibrio_A0A1N6ECR1,A0A1N6ECR1,,3_methoxytyramine,Di,,0.0463,0.0273,-0.019,0.0529,0.0391,0.798,True
Halodesulfovibrio_A0A1N6ECR1,A0A1N6ECR1,,3_methoxytyramine,Mono,,0.0041,0.0033,-0.0008,0.0101,0.0101,0.798,True
Halodesulfovibrio_A0A1N6ECR1,A0A1N6ECR1,,3_methoxytyramine,Tri,,0.0434,0.0393,-0.0041,0.0529,0.0529,0.798,True
Halodesulfovibrio_A0A1N6ECR1,A0A1N6ECR1,,alanine,Di,,0.8168,0.8043,-0.0125,0.7,0.7,0.798,True
Halodesulfovibrio_A0A1N6ECR1,A0A1N6ECR1,,alanine,Mono,,0.8436,0.7867,-0.0569,0.7,0.5287,0.798,True
Halodesulfovibrio_A0A1N6ECR1,A0A1N6ECR1,,alanine,Tri,,0.0673,0.1349,0.0676,0.0529,0.0915,0.798,True
Halodesulfovibrio_A0A1N6ECR1,A0A1N6ECR1,,arginine,Di,,0.0013,0.0017,0.0004,0.0023,0.0023,0.798,True
Halodesulfovibrio_A0A1N6ECR1,A0A1N6ECR1,,arginine,Mono,,0.0011,0.0009,-0.0002,0.0023,0.0023,0.798,True
Halodesulfovibrio_A0A1N6ECR1,A0A1N6ECR1,,arginine,Tri,,0.0034,0.0063,0.0029,0.0101,0.0101,0.798,True
Halodesulfovibrio_A0A1N6ECR1,A0A1N6ECR1,,asparagine,Di,,0.0156,0.0178,0.0022,0.0202,0.0202,0.798,True
Halodesulfovibrio_A0A1N6ECR1,A0A1N6ECR1,,asparagine,Mono,,0.0257,0.0222,-0.0035,0.0391,0.0301,0.798,True
Halodesulfovibrio_A0A1N6ECR1,A0A1N6ECR1,,asparagine,Tri,,0.7912,0.7833,-0.0079,0.5287,0.5287,0.798,True
Halodesulfovibrio_A0A1N6ECR1,A0A1N6ECR1,,cadaverine,Di,,0.0011,0.0016,0.0005,0.0023,0.0023,0.798,True
Halodesulfovibrio_A0A1N6ECR1,A0A1N6ECR1,,cadaverine,Mono,,0.0007,0.0008,1e-04,0.0023,0.0023,0.798,True
Halodesulfovibrio_A0A1N6ECR1,A0A1N6ECR1,,cadaverine,Tri,,0.0018,0.0032,0.0014,0.0023,0.0101,0.798,True
Halodesulfovibrio_A0A1N6ECR1,A0A1N6ECR1,,citrulline,Di,,0.0041,0.0097,0.0056,0.0101,0.0101,0.798,True
Halodesulfovibrio_A0A1N6ECR1,A0A1N6ECR1,,citrulline,Mono,,0.0024,0.0035,0.0011,0.0101,0.0101,0.798,True
Halodesulfovibrio_A0A1N6ECR1,A0A1N6ECR1,,citrulline,Tri,,0.0015,0.0036,0.0021,0.0023,0.0101,0.798,True
Halodesulfovibrio_A0A1N6ECR1,A0A1N6ECR1,,cystine,Di,,0.0031,0.0024,-0.0007,0.0101,0.0101,0.798,True
Halodesulfovibrio_A0A1N6ECR1,A0A1N6ECR1,,cystine,Mono,,0.0022,0.0014,-0.0008,0.0023,0.0023,0.798,True
Halodesulfovibrio_A0A1N6ECR1,A0A1N6ECR1,,cystine,Tri,,0.0068,0.0062,-0.0006,0.0101,0.0101,0.798,True
Halodesulfovibrio_A0A1N6ECR1,A0A1N6ECR1,,dopamine,Di,,0.087,0.0683,-0.0187,0.0529,0.0529,0.798,True
Halodesulfovibrio_A0A1N6ECR1,A0A1N6ECR1,,dopamine,Mono,,0.0222,0.0201,-0.0021,0.0301,0.0301,0.798,True
Halodesulfovibrio_A0A1N6ECR1,A0A1N6ECR1,,dopamine,Tri,,0.771,0.7996,0.0286,0.5287,0.7,0.798,True
Halodesulfovibrio_A0A1N6ECR1,A0A1N6ECR1,,gaba,Di,,0.6962,0.7548,0.0586,0.5287,0.5287,0.798,True
Halodesulfovibrio_A0A1N6ECR1,A0A1N6ECR1,,gaba,Mono,,0.7861,0.7961,0.01,0.5287,0.5287,0.798,True
Halodesulfovibrio_A0A1N6ECR1,A0A1N6ECR1,,gaba,Tri,,0.8009,0.8476,0.0467,0.7,0.7,0.798,True
Halodesulfovibrio_A0A1N6ECR1,A0A1N6ECR1,,glutamine,Di,,0.037,0.0428,0.0058,0.0529,0.0529,0.798,True
Halodesulfovibrio_A0A1N6ECR1,A0A1N6ECR1,,glutamine,Mono,,0.547,0.5104,-0.0366,0.4014,0.4014,0.798,True
Halodesulfovibrio_A0A1N6ECR1,A0A1N6ECR1,,glutamine,Tri,,0.0358,0.0531,0.0173,0.0409,0.0529,0.798,True
Halodesulfovibrio_A0A1N6ECR1,A0A1N6ECR1,,glyglycine,Di,,0.0025,0.0054,0.0029,0.0101,0.0101,0.798,True
Halodesulfovibrio_A0A1N6ECR1,A0A1N6ECR1,,glyglycine,Mono,,0.0029,0.0048,0.0019,0.0101,0.0101,0.798,True
Halodesulfovibrio_A0A1N6ECR1,A0A1N6ECR1,,glyglycine,Tri,,0.0204,0.0682,0.0478,0.0301,0.0529,0.798,True
Halodesulfovibrio_A0A1N6ECR1,A0A1N6ECR1,,histidine,Di,,0.0003,0.0005,0.0002,0.0,0.0,0.798,True
Halodesulfovibrio_A0A1N6ECR1,A0A1N6ECR1,,histidine,Mono,,0.0003,0.0004,1e-04,0.0,0.0,0.798,True
Halodesulfovibrio_A0A1N6ECR1,A0A1N6ECR1,,histidine,Tri,,0.0027,0.0065,0.0038,0.0101,0.0101,0.798,True
Halodesulfovibrio_A0A1N6ECR1,A0A1N6ECR1,,lysine,Di,,0.0373,0.1068,0.0695,0.0529,0.0915,0.798,True
Halodesulfovibrio_A0A1N6ECR1,A0A1N6ECR1,,lysine,Mono,,0.0078,0.0153,0.0075,0.0101,0.0202,0.798,True
Halodesulfovibrio_A0A1N6ECR1,A0A1N6ECR1,,lysine,Tri,,0.0042,0.0129,0.0087,0.0101,0.0137,0.798,True
Halodesulfovibrio_A0A1N6ECR1,A0A1N6ECR1,,methionine,Di,,0.0102,0.0194,0.0092,0.0101,0.0202,0.798,True
Halodesulfovibrio_A0A1N6ECR1,A0A1N6ECR1,,methionine,Mono,,0.0184,0.0266,0.0082,0.0202,0.0391,0.798,True
Halodesulfovibrio_A0A1N6ECR1,A0A1N6ECR1,,methionine,Tri,,0.0175,0.0483,0.0308,0.0202,0.0529,0.798,True
Halodesulfovibrio_A0A1N6ECR1,A0A1N6ECR1,,ornithine,Di,,0.0144,0.024,0.0096,0.0202,0.0391,0.798,True
Halodesulfovibrio_A0A1N6ECR1,A0A1N6ECR1,,ornithine,Mono,,0.0106,0.0105,-1e-04,0.0101,0.0101,0.798,True
Halodesulfovibrio_A0A1N6ECR1,A0A1N6ECR1,,ornithine,Tri,,0.0042,0.0085,0.0043,0.0101,0.0101,0.798,True
Halodesulfovibrio_A0A1N6ECR1,A0A1N6ECR1,,phenylalanine,Di,,0.7495,0.7112,-0.0383,0.5287,0.5287,0.798,True
Halodesulfovibrio_A0A1N6ECR1,A0A1N6ECR1,,phenylalanine,Mono,,0.0672,0.0489,-0.0183,0.0529,0.0529,0.798,True
Halodesulfovibrio_A0A1N6ECR1,A0A1N6ECR1,,phenylalanine,Tri,,0.7781,0.752,-0.0261,0.5287,0.5287,0.798,True
Halodesulfovibrio_A0A1N6ECR1,A0A1N6ECR1,,proline,Di,,0.001,0.0017,0.0007,0.0023,0.0023,0.798,True
Halodesulfovibrio_A0A1N6ECR1,A0A1N6ECR1,,proline,Mono,,0.0023,0.0033,0.001,0.0101,0.0101,0.798,True
Halodesulfovibrio_A0A1N6ECR1,A0A1N6ECR1,,proline,Tri,,0.0087,0.0201,0.0114,0.0101,0.0301,0.798,True
Halodesulfovibrio_A0A1N6ECR1,A0A1N6ECR1,,putrescine,Di,,0.0011,0.0017,0.0006,0.0023,0.0023,0.798,True
Halodesulfovibrio_A0A1N6ECR1,A0A1N6ECR1,,putrescine,Mono,,0.0007,0.0008,1e-04,0.0,0.0023,0.798,True
Halodesulfovibrio_A0A1N6ECR1,A0A1N6ECR1,,putrescine,Tri,,0.0018,0.0033,0.0015,0.0023,0.0101,0.798,True
Halodesulfovibrio_A0A1N6ECR1,A0A1N6ECR1,,serine,Di,,0.0463,0.0848,0.0385,0.0529,0.0529,0.798,True
Halodesulfovibrio_A0A1N6ECR1,A0A1N6ECR1,,serine,Mono,,0.0748,0.0988,0.024,0.0529,0.0915,0.798,True
Halodesulfovibrio_A0A1N6ECR1,A0A1N6ECR1,,serine,Tri,,0.0248,0.0393,0.0145,0.0391,0.0529,0.798,True
Halodesulfovibrio_A0A1N6ECR1,A0A1N6ECR1,,serotonin,Di,,0.0037,0.0035,-0.0002,0.0101,0.0101,0.798,True
Halodesulfovibrio_A0A1N6ECR1,A0A1N6ECR1,,serotonin,Mono,,0.0627,0.0404,-0.0223,0.0529,0.0529,0.798,True
Halodesulfovibrio_A0A1N6ECR1,A0A1N6ECR1,,serotonin,Tri,,0.0032,0.0046,0.0014,0.0101,0.0101,0.798,True
Halodesulfovibrio_A0A1N6ECR1,A0A1N6ECR1,,threonine,Di,,0.0127,0.0307,0.018,0.0137,0.0409,0.798,True
Halodesulfovibrio_A0A1N6ECR1,A0A1N6ECR1,,threonine,Mono,,0.0404,0.0578,0.0174,0.0529,0.0529,0.798,True
Halodesulfovibrio_A0A1N6ECR1,A0A1N6ECR1,,threonine,Tri,,0.0009,0.0025,0.0016,0.0023,0.0101,0.798,True
Halodesulfovibrio_A0A1N6ECR1,A0A1N6ECR1,,tryptamine,Di,,0.0012,0.001,-0.0002,0.0023,0.0023,0.798,True
Halodesulfovibrio_A0A1N6ECR1,A0A1N6ECR1,,tryptamine,Mono,,0.0005,0.0003,-0.0002,0.0,0.0,0.798,True
Halodesulfovibrio_A0A1N6ECR1,A0A1N6ECR1,,tryptamine,Tri,,0.0028,0.0026,-0.0002,0.0101,0.0101,0.798,True
Halodesulfovibrio_A0A1N6ECR1,A0A1N6ECR1,,tyramine,Di,,0.0082,0.0066,-0.0016,0.0101,0.0101,0.798,True
Halodesulfovibrio_A0A1N6ECR1,A0A1N6ECR1,,tyramine,Mono,,0.0587,0.0612,0.0025,0.0529,0.0529,0.798,True
Halodesulfovibrio_A0A1N6ECR1,A0A1N6ECR1,,tyramine,Tri,,0.0092,0.0084,-0.0008,0.0101,0.0101,0.798,True
Lysinibacillus_PVA_P12256,P12256,dev,"2,3_diaminopropionic acid",Di,False,0.0178,0.0126,-0.0052,0.0202,0.0137,0.9794,True
Lysinibacillus_PVA_P12256,P12256,dev,"2,3_diaminopropionic acid",Mono,False,0.013,0.0086,-0.0044,0.0137,0.0101,0.9794,True
Lysinibacillus_PVA_P12256,P12256,dev,"2,3_diaminopropionic acid",Tri,False,0.3067,0.2461,-0.0606,0.2692,0.1757,0.9794,True
Lysinibacillus_PVA_P12256,P12256,dev,2_aminophenol,Di,False,0.7438,0.7451,0.0013,0.5287,0.5287,0.9794,True
Lysinibacillus_PVA_P12256,P12256,dev,2_aminophenol,Mono,False,0.1127,0.104,-0.0087,0.0915,0.0915,0.9794,True
Lysinibacillus_PVA_P12256,P12256,dev,2_aminophenol,Tri,True,0.7869,0.7597,-0.0272,0.5287,0.5287,0.9794,True
Lysinibacillus_PVA_P12256,P12256,dev,3_methoxytyramine,Di,False,0.0439,0.0554,0.0115,0.0529,0.0529,0.9794,True
Lysinibacillus_PVA_P12256,P12256,dev,3_methoxytyramine,Mono,False,0.0046,0.0054,0.0008,0.0101,0.0101,0.9794,True
Lysinibacillus_PVA_P12256,P12256,dev,3_methoxytyramine,Tri,False,0.0481,0.0584,0.0103,0.0529,0.0529,0.9794,True
Lysinibacillus_PVA_P12256,P12256,dev,alanine,Di,True,0.9519,0.9379,-0.014,0.9023,0.8636,0.9794,True
Lysinibacillus_PVA_P12256,P12256,dev,alanine,Mono,True,0.9524,0.9365,-0.0159,0.9023,0.8636,0.9794,True
Lysinibacillus_PVA_P12256,P12256,dev,alanine,Tri,False,0.1552,0.1677,0.0125,0.1127,0.1127,0.9794,True
Lysinibacillus_PVA_P12256,P12256,dev,arginine,Di,False,0.0023,0.0015,-0.0008,0.0101,0.0023,0.9794,True
Lysinibacillus_PVA_P12256,P12256,dev,arginine,Mono,False,0.0012,0.0008,-0.0004,0.0023,0.0023,0.9794,True
Lysinibacillus_PVA_P12256,P12256,dev,arginine,Tri,False,0.0131,0.0091,-0.004,0.0137,0.0101,0.9794,True
Lysinibacillus_PVA_P12256,P12256,dev,asparagine,Di,False,0.0355,0.0303,-0.0052,0.0409,0.0399,0.9794,True
Lysinibacillus_PVA_P12256,P12256,dev,asparagine,Mono,False,0.0463,0.0383,-0.008,0.0529,0.0529,0.9794,True
Lysinibacillus_PVA_P12256,P12256,dev,asparagine,Tri,True,0.903,0.8464,-0.0566,0.8636,0.7,0.9794,True
Lysinibacillus_PVA_P12256,P12256,dev,cadaverine,Di,False,0.0024,0.0025,1e-04,0.0101,0.0101,0.9794,True
Lysinibacillus_PVA_P12256,P12256,dev,cadaverine,Mono,False,0.001,0.0009,-1e-04,0.0023,0.0023,0.9794,True
Lysinibacillus_PVA_P12256,P12256,dev,cadaverine,Tri,False,0.0031,0.0029,-0.0002,0.0101,0.0101,0.9794,True
Lysinibacillus_PVA_P12256,P12256,dev,citrulline,Di,False,0.0141,0.0121,-0.002,0.0202,0.0114,0.9794,True
Lysinibacillus_PVA_P12256,P12256,dev,citrulline,Mono,False,0.0046,0.0038,-0.0008,0.0101,0.0101,0.9794,True
Lysinibacillus_PVA_P12256,P12256,dev,citrulline,Tri,False,0.006,0.0046,-0.0014,0.0101,0.0101,0.9794,True
Lysinibacillus_PVA_P12256,P12256,dev,cystine,Di,False,0.0053,0.0054,1e-04,0.0101,0.0101,0.9794,True
Lysinibacillus_PVA_P12256,P12256,dev,cystine,Mono,False,0.0027,0.0026,-1e-04,0.0101,0.0101,0.9794,True
Lysinibacillus_PVA_P12256,P12256,dev,cystine,Tri,False,0.0114,0.0097,-0.0017,0.0114,0.0101,0.9794,True
Lysinibacillus_PVA_P12256,P12256,dev,dopamine,Di,False,0.1508,0.1214,-0.0294,0.1127,0.0915,0.9794,True
Lysinibacillus_PVA_P12256,P12256,dev,dopamine,Mono,False,0.0479,0.0337,-0.0142,0.0529,0.0409,0.9794,True
Lysinibacillus_PVA_P12256,P12256,dev,dopamine,Tri,True,0.8783,0.8211,-0.0572,0.75,0.7,0.9794,True
Lysinibacillus_PVA_P12256,P12256,dev,gaba,Di,True,0.9826,0.9797,-0.0029,0.9214,0.9082,0.9794,True
Lysinibacillus_PVA_P12256,P12256,dev,gaba,Mono,True,0.9893,0.9841,-0.0052,0.9214,0.9214,0.9794,True
Lysinibacillus_PVA_P12256,P12256,dev,gaba,Tri,True,0.9902,0.9857,-0.0045,0.9214,0.9214,0.9794,True
Lysinibacillus_PVA_P12256,P12256,dev,glutamine,Di,False,0.1383,0.1183,-0.02,0.0915,0.0915,0.9794,True
Lysinibacillus_PVA_P12256,P12256,dev,glutamine,Mono,True,0.7489,0.6792,-0.0697,0.5287,0.5287,0.9794,True
Lysinibacillus_PVA_P12256,P12256,dev,glutamine,Tri,False,0.1289,0.0942,-0.0347,0.0915,0.0714,0.9794,True
Lysinibacillus_PVA_P12256,P12256,dev,glyglycine,Di,False,0.0042,0.0035,-0.0007,0.0101,0.0101,0.9794,True
Lysinibacillus_PVA_P12256,P12256,dev,glyglycine,Mono,False,0.0044,0.0036,-0.0008,0.0101,0.0101,0.9794,True
Lysinibacillus_PVA_P12256,P12256,dev,glyglycine,Tri,False,0.0232,0.0205,-0.0027,0.0363,0.0301,0.9794,True
Lysinibacillus_PVA_P12256,P12256,dev,histidine,Di,False,0.0004,0.0004,0.0,0.0,0.0,0.9794,True
Lysinibacillus_PVA_P12256,P12256,dev,histidine,Mono,False,0.0004,0.0004,0.0,0.0,0.0,0.9794,True
Lysinibacillus_PVA_P12256,P12256,dev,histidine,Tri,False,0.0037,0.0035,-0.0002,0.0101,0.0101,0.9794,True
Lysinibacillus_PVA_P12256,P12256,dev,lysine,Di,False,0.1103,0.1058,-0.0045,0.0915,0.0915,0.9794,True
Lysinibacillus_PVA_P12256,P12256,dev,lysine,Mono,False,0.0145,0.0124,-0.0021,0.0202,0.0114,0.9794,True
Lysinibacillus_PVA_P12256,P12256,dev,lysine,Tri,False,0.014,0.0103,-0.0037,0.0202,0.0101,0.9794,True
Lysinibacillus_PVA_P12256,P12256,dev,methionine,Di,False,0.0334,0.0234,-0.01,0.0409,0.0391,0.9794,True
Lysinibacillus_PVA_P12256,P12256,dev,methionine,Mono,False,0.0456,0.0307,-0.0149,0.0529,0.0409,0.9794,True
Lysinibacillus_PVA_P12256,P12256,dev,methionine,Tri,False,0.0816,0.0499,-0.0317,0.0529,0.0529,0.9794,True
Lysinibacillus_PVA_P12256,P12256,dev,ornithine,Di,False,0.0339,0.0292,-0.0047,0.0409,0.0391,0.9794,True
Lysinibacillus_PVA_P12256,P12256,dev,ornithine,Mono,False,0.0129,0.011,-0.0019,0.0137,0.0101,0.9794,True
Lysinibacillus_PVA_P12256,P12256,dev,ornithine,Tri,False,0.0103,0.0085,-0.0018,0.0101,0.0101,0.9794,True
Lysinibacillus_PVA_P12256,P12256,dev,phenylalanine,Di,True,0.9304,0.9264,-0.004,0.8636,0.8636,0.9794,True
Lysinibacillus_PVA_P12256,P12256,dev,phenylalanine,Mono,False,0.1521,0.1372,-0.0149,0.1127,0.0915,0.9794,True
Lysinibacillus_PVA_P12256,P12256,dev,phenylalanine,Tri,True,0.955,0.9439,-0.0111,0.9023,0.9023,0.9794,True
Lysinibacillus_PVA_P12256,P12256,dev,proline,Di,False,0.0021,0.002,-1e-04,0.0023,0.0023,0.9794,True
Lysinibacillus_PVA_P12256,P12256,dev,proline,Mono,False,0.004,0.0033,-0.0007,0.0101,0.0101,0.9794,True
Lysinibacillus_PVA_P12256,P12256,dev,proline,Tri,False,0.0237,0.0231,-0.0006,0.0391,0.0345,0.9794,True
Lysinibacillus_PVA_P12256,P12256,dev,putrescine,Di,False,0.0024,0.0025,1e-04,0.0101,0.0101,0.9794,True
Lysinibacillus_PVA_P12256,P12256,dev,putrescine,Mono,False,0.001,0.001,0.0,0.0023,0.0023,0.9794,True
Lysinibacillus_PVA_P12256,P12256,dev,putrescine,Tri,False,0.0032,0.0029,-0.0003,0.0101,0.0101,0.9794,True
Lysinibacillus_PVA_P12256,P12256,dev,serine,Di,False,0.1051,0.1071,0.002,0.0915,0.0915,0.9794,True
Lysinibacillus_PVA_P12256,P12256,dev,serine,Mono,False,0.1307,0.1191,-0.0116,0.0915,0.0915,0.9794,True
Lysinibacillus_PVA_P12256,P12256,dev,serine,Tri,False,0.0657,0.0505,-0.0152,0.0529,0.0529,0.9794,True
Lysinibacillus_PVA_P12256,P12256,dev,serotonin,Di,False,0.0052,0.0049,-0.0003,0.0101,0.0101,0.9794,True
Lysinibacillus_PVA_P12256,P12256,dev,serotonin,Mono,False,0.0828,0.0755,-0.0073,0.0529,0.0529,0.9794,True
Lysinibacillus_PVA_P12256,P12256,dev,serotonin,Tri,False,0.0062,0.005,-0.0012,0.0101,0.0101,0.9794,True
Lysinibacillus_PVA_P12256,P12256,dev,threonine,Di,False,0.0303,0.0233,-0.007,0.0396,0.0391,0.9794,True
Lysinibacillus_PVA_P12256,P12256,dev,threonine,Mono,False,0.0487,0.0371,-0.0116,0.0529,0.0529,0.9794,True
Lysinibacillus_PVA_P12256,P12256,dev,threonine,Tri,False,0.0049,0.0033,-0.0016,0.0101,0.0101,0.9794,True
Lysinibacillus_PVA_P12256,P12256,dev,tryptamine,Di,False,0.0011,0.0013,0.0002,0.0023,0.0023,0.9794,True
Lysinibacillus_PVA_P12256,P12256,dev,tryptamine,Mono,False,0.0005,0.0005,0.0,0.0,0.0,0.9794,True
Lysinibacillus_PVA_P12256,P12256,dev,tryptamine,Tri,False,0.0034,0.0033,-1e-04,0.0101,0.0101,0.9794,True
Lysinibacillus_PVA_P12256,P12256,dev,tyramine,Di,False,0.0136,0.0136,0.0,0.0137,0.0137,0.9794,True
Lysinibacillus_PVA_P12256,P12256,dev,tyramine,Mono,False,0.1567,0.147,-0.0097,0.1127,0.0915,0.9794,True
Lysinibacillus_PVA_P12256,P12256,dev,tyramine,Tri,False,0.019,0.0148,-0.0042,0.0202,0.0202,0.9794,True
Maribacter_A0A848U0C2,A0A848U0C2,dev,"2,3_diaminopropionic acid",Di,False,0.0165,0.0158,-0.0007,0.0202,0.0202,0.9097,True
Maribacter_A0A848U0C2,A0A848U0C2,dev,"2,3_diaminopropionic acid",Mono,False,0.0121,0.0101,-0.002,0.0114,0.0101,0.9097,True
Maribacter_A0A848U0C2,A0A848U0C2,dev,"2,3_diaminopropionic acid",Tri,False,0.1535,0.1593,0.0058,0.1127,0.1127,0.9097,True
Maribacter_A0A848U0C2,A0A848U0C2,dev,2_aminophenol,Di,True,0.9486,0.7749,-0.1737,0.9023,0.5287,0.9097,True
Maribacter_A0A848U0C2,A0A848U0C2,dev,2_aminophenol,Mono,True,0.5514,0.1799,-0.3715,0.4014,0.1127,0.9097,True
Maribacter_A0A848U0C2,A0A848U0C2,dev,2_aminophenol,Tri,False,0.8934,0.652,-0.2414,0.8571,0.5287,0.9097,True
Maribacter_A0A848U0C2,A0A848U0C2,dev,3_methoxytyramine,Di,False,0.0629,0.0412,-0.0217,0.0529,0.0529,0.9097,True
Maribacter_A0A848U0C2,A0A848U0C2,dev,3_methoxytyramine,Mono,False,0.0092,0.0045,-0.0047,0.0101,0.0101,0.9097,True
Maribacter_A0A848U0C2,A0A848U0C2,dev,3_methoxytyramine,Tri,False,0.0645,0.0448,-0.0197,0.0529,0.0529,0.9097,True
Maribacter_A0A848U0C2,A0A848U0C2,dev,alanine,Di,True,0.9612,0.8303,-0.1309,0.9023,0.7,0.9097,True
Maribacter_A0A848U0C2,A0A848U0C2,dev,alanine,Mono,True,0.9598,0.8129,-0.1469,0.9023,0.7,0.9097,True
Maribacter_A0A848U0C2,A0A848U0C2,dev,alanine,Tri,False,0.1869,0.1536,-0.0333,0.1127,0.1127,0.9097,True
Maribacter_A0A848U0C2,A0A848U0C2,dev,arginine,Di,False,0.004,0.0051,0.0011,0.0101,0.0101,0.9097,True
Maribacter_A0A848U0C2,A0A848U0C2,dev,arginine,Mono,False,0.0027,0.0026,-1e-04,0.0101,0.0101,0.9097,True
Maribacter_A0A848U0C2,A0A848U0C2,dev,arginine,Tri,False,0.0087,0.017,0.0083,0.0101,0.0202,0.9097,True
Maribacter_A0A848U0C2,A0A848U0C2,dev,asparagine,Di,False,0.0469,0.0424,-0.0045,0.0529,0.0529,0.9097,True
Maribacter_A0A848U0C2,A0A848U0C2,dev,asparagine,Mono,False,0.0737,0.049,-0.0247,0.0529,0.0529,0.9097,True
Maribacter_A0A848U0C2,A0A848U0C2,dev,asparagine,Tri,True,0.9037,0.865,-0.0387,0.8636,0.7,0.9097,True
Maribacter_A0A848U0C2,A0A848U0C2,dev,cadaverine,Di,False,0.0025,0.0019,-0.0006,0.0101,0.0023,0.9097,True
Maribacter_A0A848U0C2,A0A848U0C2,dev,cadaverine,Mono,False,0.0015,0.0009,-0.0006,0.0023,0.0023,0.9097,True
Maribacter_A0A848U0C2,A0A848U0C2,dev,cadaverine,Tri,False,0.0047,0.0036,-0.0011,0.0101,0.0101,0.9097,True
Maribacter_A0A848U0C2,A0A848U0C2,dev,citrulline,Di,False,0.0275,0.0353,0.0078,0.0391,0.0409,0.9097,True
Maribacter_A0A848U0C2,A0A848U0C2,dev,citrulline,Mono,False,0.0092,0.0084,-0.0008,0.0101,0.0101,0.9097,True
Maribacter_A0A848U0C2,A0A848U0C2,dev,citrulline,Tri,False,0.0067,0.0096,0.0029,0.0101,0.0101,0.9097,True
Maribacter_A0A848U0C2,A0A848U0C2,dev,cystine,Di,False,0.0063,0.0054,-0.0009,0.0101,0.0101,0.9097,True
Maribacter_A0A848U0C2,A0A848U0C2,dev,cystine,Mono,False,0.0035,0.0022,-0.0013,0.0101,0.0023,0.9097,True
Maribacter_A0A848U0C2,A0A848U0C2,dev,cystine,Tri,False,0.0094,0.0079,-0.0015,0.0101,0.0101,0.9097,True
Maribacter_A0A848U0C2,A0A848U0C2,dev,dopamine,Di,False,0.1607,0.0985,-0.0622,0.1127,0.0915,0.9097,True
Maribacter_A0A848U0C2,A0A848U0C2,dev,dopamine,Mono,False,0.0606,0.0304,-0.0302,0.0529,0.0408,0.9097,True
Maribacter_A0A848U0C2,A0A848U0C2,dev,dopamine,Tri,True,0.8443,0.7936,-0.0507,0.7,0.5287,0.9097,True
Maribacter_A0A848U0C2,A0A848U0C2,dev,gaba,Di,True,0.981,0.7612,-0.2198,0.9082,0.5287,0.9097,True
Maribacter_A0A848U0C2,A0A848U0C2,dev,gaba,Mono,True,0.9901,0.8049,-0.1852,0.9214,0.7,0.9097,True
Maribacter_A0A848U0C2,A0A848U0C2,dev,gaba,Tri,True,0.9852,0.7967,-0.1885,0.9214,0.5287,0.9097,True
Maribacter_A0A848U0C2,A0A848U0C2,dev,glutamine,Di,False,0.1261,0.1182,-0.0079,0.0915,0.0915,0.9097,True
Maribacter_A0A848U0C2,A0A848U0C2,dev,glutamine,Mono,True,0.8495,0.7234,-0.1261,0.7,0.5287,0.9097,True
Maribacter_A0A848U0C2,A0A848U0C2,dev,glutamine,Tri,False,0.1084,0.0957,-0.0127,0.0915,0.0915,0.9097,True
Maribacter_A0A848U0C2,A0A848U0C2,dev,glyglycine,Di,False,0.0044,0.0037,-0.0007,0.0101,0.0101,0.9097,True
Maribacter_A0A848U0C2,A0A848U0C2,dev,glyglycine,Mono,False,0.0046,0.0035,-0.0011,0.0101,0.0101,0.9097,True
Maribacter_A0A848U0C2,A0A848U0C2,dev,glyglycine,Tri,False,0.0323,0.0337,0.0014,0.0409,0.0409,0.9097,True
Maribacter_A0A848U0C2,A0A848U0C2,dev,histidine,Di,False,0.0008,0.001,0.0002,0.0023,0.0023,0.9097,True
Maribacter_A0A848U0C2,A0A848U0C2,dev,histidine,Mono,False,0.0006,0.0008,0.0002,0.0,0.0023,0.9097,True
Maribacter_A0A848U0C2,A0A848U0C2,dev,histidine,Tri,False,0.0057,0.011,0.0053,0.0101,0.0101,0.9097,True
Maribacter_A0A848U0C2,A0A848U0C2,dev,lysine,Di,False,0.0687,0.0842,0.0155,0.0529,0.0529,0.9097,True
Maribacter_A0A848U0C2,A0A848U0C2,dev,lysine,Mono,False,0.0099,0.0095,-0.0004,0.0101,0.0101,0.9097,True
Maribacter_A0A848U0C2,A0A848U0C2,dev,lysine,Tri,False,0.006,0.0082,0.0022,0.0101,0.0101,0.9097,True
Maribacter_A0A848U0C2,A0A848U0C2,dev,methionine,Di,False,0.0364,0.0404,0.004,0.0529,0.0529,0.9097,True
Maribacter_A0A848U0C2,A0A848U0C2,dev,methionine,Mono,False,0.0589,0.0449,-0.014,0.0529,0.0529,0.9097,True
Maribacter_A0A848U0C2,A0A848U0C2,dev,methionine,Tri,False,0.0592,0.0603,0.0011,0.0529,0.0529,0.9097,True
Maribacter_A0A848U0C2,A0A848U0C2,dev,ornithine,Di,False,0.0427,0.0312,-0.0115,0.0529,0.0409,0.9097,True
Maribacter_A0A848U0C2,A0A848U0C2,dev,ornithine,Mono,False,0.0208,0.011,-0.0098,0.0301,0.0101,0.9097,True
Maribacter_A0A848U0C2,A0A848U0C2,dev,ornithine,Tri,False,0.0098,0.0081,-0.0017,0.0101,0.0101,0.9097,True
Maribacter_A0A848U0C2,A0A848U0C2,dev,phenylalanine,Di,True,0.9537,0.8614,-0.0923,0.9023,0.7,0.9097,True
Maribacter_A0A848U0C2,A0A848U0C2,dev,phenylalanine,Mono,False,0.2864,0.1721,-0.1143,0.2692,0.1127,0.9097,True
Maribacter_A0A848U0C2,A0A848U0C2,dev,phenylalanine,Tri,True,0.9437,0.8605,-0.0832,0.9023,0.7,0.9097,True
Maribacter_A0A848U0C2,A0A848U0C2,dev,proline,Di,False,0.0039,0.0035,-0.0004,0.0101,0.0101,0.9097,True
Maribacter_A0A848U0C2,A0A848U0C2,dev,proline,Mono,False,0.0067,0.0048,-0.0019,0.0101,0.0101,0.9097,True
Maribacter_A0A848U0C2,A0A848U0C2,dev,proline,Tri,False,0.0279,0.0224,-0.0055,0.0391,0.0345,0.9097,True
Maribacter_A0A848U0C2,A0A848U0C2,dev,putrescine,Di,False,0.0026,0.0019,-0.0007,0.0101,0.0023,0.9097,True
Maribacter_A0A848U0C2,A0A848U0C2,dev,putrescine,Mono,False,0.0014,0.0009,-0.0005,0.0023,0.0023,0.9097,True
Maribacter_A0A848U0C2,A0A848U0C2,dev,putrescine,Tri,False,0.0048,0.0037,-0.0011,0.0101,0.0101,0.9097,True
Maribacter_A0A848U0C2,A0A848U0C2,dev,serine,Di,False,0.0972,0.125,0.0278,0.0915,0.0915,0.9097,True
Maribacter_A0A848U0C2,A0A848U0C2,dev,serine,Mono,False,0.1376,0.1559,0.0183,0.0915,0.1127,0.9097,True
Maribacter_A0A848U0C2,A0A848U0C2,dev,serine,Tri,False,0.0428,0.0594,0.0166,0.0529,0.0529,0.9097,True
Maribacter_A0A848U0C2,A0A848U0C2,dev,serotonin,Di,False,0.0093,0.0052,-0.0041,0.0101,0.0101,0.9097,True
Maribacter_A0A848U0C2,A0A848U0C2,dev,serotonin,Mono,False,0.1524,0.1019,-0.0505,0.1127,0.0915,0.9097,True
Maribacter_A0A848U0C2,A0A848U0C2,dev,serotonin,Tri,False,0.007,0.005,-0.002,0.0101,0.0101,0.9097,True
Maribacter_A0A848U0C2,A0A848U0C2,dev,threonine,Di,False,0.024,0.0527,0.0287,0.0391,0.0529,0.9097,True
Maribacter_A0A848U0C2,A0A848U0C2,dev,threonine,Mono,False,0.0644,0.1053,0.0409,0.0529,0.0915,0.9097,True
Maribacter_A0A848U0C2,A0A848U0C2,dev,threonine,Tri,False,0.0025,0.0061,0.0036,0.0101,0.0101,0.9097,True
Maribacter_A0A848U0C2,A0A848U0C2,dev,tryptamine,Di,False,0.0043,0.0016,-0.0027,0.0101,0.0023,0.9097,True
Maribacter_A0A848U0C2,A0A848U0C2,dev,tryptamine,Mono,False,0.0022,0.0009,-0.0013,0.0023,0.0023,0.9097,True
Maribacter_A0A848U0C2,A0A848U0C2,dev,tryptamine,Tri,False,0.0131,0.0056,-0.0075,0.0137,0.0101,0.9097,True
Maribacter_A0A848U0C2,A0A848U0C2,dev,tyramine,Di,False,0.0143,0.0085,-0.0058,0.0202,0.0101,0.9097,True
Maribacter_A0A848U0C2,A0A848U0C2,dev,tyramine,Mono,False,0.1486,0.1333,-0.0153,0.1127,0.0915,0.9097,True
Maribacter_A0A848U0C2,A0A848U0C2,dev,tyramine,Tri,False,0.0159,0.0098,-0.0061,0.0202,0.0101,0.9097,True
Mariniradius_M7X2M2,M7X2M2,,"2,3_diaminopropionic acid",Di,,0.0136,0.0153,0.0017,0.0137,0.0202,0.9243,True
Mariniradius_M7X2M2,M7X2M2,,"2,3_diaminopropionic acid",Mono,,0.0087,0.0103,0.0016,0.0101,0.0101,0.9243,True
Mariniradius_M7X2M2,M7X2M2,,"2,3_diaminopropionic acid",Tri,,0.105,0.1187,0.0137,0.0915,0.0915,0.9243,True
Mariniradius_M7X2M2,M7X2M2,,2_aminophenol,Di,,0.6912,0.7393,0.0481,0.5287,0.5287,0.9243,True
Mariniradius_M7X2M2,M7X2M2,,2_aminophenol,Mono,,0.1382,0.1388,0.0006,0.0915,0.0915,0.9243,True
Mariniradius_M7X2M2,M7X2M2,,2_aminophenol,Tri,,0.5204,0.572,0.0516,0.4014,0.4235,0.9243,True
Mariniradius_M7X2M2,M7X2M2,,3_methoxytyramine,Di,,0.0453,0.0387,-0.0066,0.0529,0.0529,0.9243,True
Mariniradius_M7X2M2,M7X2M2,,3_methoxytyramine,Mono,,0.0086,0.0065,-0.0021,0.0101,0.0101,0.9243,True
Mariniradius_M7X2M2,M7X2M2,,3_methoxytyramine,Tri,,0.064,0.0514,-0.0126,0.0529,0.0529,0.9243,True
Mariniradius_M7X2M2,M7X2M2,,alanine,Di,,0.8675,0.8891,0.0216,0.7,0.8333,0.9243,True
Mariniradius_M7X2M2,M7X2M2,,alanine,Mono,,0.8703,0.8981,0.0278,0.7,0.8571,0.9243,True
Mariniradius_M7X2M2,M7X2M2,,alanine,Tri,,0.1236,0.1735,0.0499,0.0915,0.1127,0.9243,True
Mariniradius_M7X2M2,M7X2M2,,arginine,Di,,0.0023,0.0029,0.0006,0.0101,0.0101,0.9243,True
Mariniradius_M7X2M2,M7X2M2,,arginine,Mono,,0.0015,0.0017,0.0002,0.0023,0.0023,0.9243,True
Mariniradius_M7X2M2,M7X2M2,,arginine,Tri,,0.0046,0.0061,0.0015,0.0101,0.0101,0.9243,True
Mariniradius_M7X2M2,M7X2M2,,asparagine,Di,,0.0321,0.0328,0.0007,0.0409,0.0409,0.9243,True
Mariniradius_M7X2M2,M7X2M2,,asparagine,Mono,,0.0481,0.0479,-0.0002,0.0529,0.0529,0.9243,True
Mariniradius_M7X2M2,M7X2M2,,asparagine,Tri,,0.8766,0.8968,0.0202,0.7,0.8571,0.9243,True
Mariniradius_M7X2M2,M7X2M2,,cadaverine,Di,,0.002,0.0019,-1e-04,0.0023,0.0023,0.9243,True
Mariniradius_M7X2M2,M7X2M2,,cadaverine,Mono,,0.0011,0.0011,0.0,0.0023,0.0023,0.9243,True
Mariniradius_M7X2M2,M7X2M2,,cadaverine,Tri,,0.0048,0.0044,-0.0004,0.0101,0.0101,0.9243,True
Mariniradius_M7X2M2,M7X2M2,,citrulline,Di,,0.0129,0.0141,0.0012,0.0137,0.0202,0.9243,True
Mariniradius_M7X2M2,M7X2M2,,citrulline,Mono,,0.0047,0.005,0.0003,0.0101,0.0101,0.9243,True
Mariniradius_M7X2M2,M7X2M2,,citrulline,Tri,,0.0036,0.0043,0.0007,0.0101,0.0101,0.9243,True
Mariniradius_M7X2M2,M7X2M2,,cystine,Di,,0.005,0.0044,-0.0006,0.0101,0.0101,0.9243,True
Mariniradius_M7X2M2,M7X2M2,,cystine,Mono,,0.0028,0.0025,-0.0003,0.0101,0.0101,0.9243,True
Mariniradius_M7X2M2,M7X2M2,,cystine,Tri,,0.0083,0.0071,-0.0012,0.0101,0.0101,0.9243,True
Mariniradius_M7X2M2,M7X2M2,,dopamine,Di,,0.0879,0.0945,0.0066,0.0529,0.0714,0.9243,True
Mariniradius_M7X2M2,M7X2M2,,dopamine,Mono,,0.0302,0.0313,0.0011,0.0391,0.0409,0.9243,True
Mariniradius_M7X2M2,M7X2M2,,dopamine,Tri,,0.8065,0.8327,0.0262,0.7,0.7,0.9243,True
Mariniradius_M7X2M2,M7X2M2,,gaba,Di,,0.8044,0.8433,0.0389,0.7,0.7,0.9243,True
Mariniradius_M7X2M2,M7X2M2,,gaba,Mono,,0.8681,0.896,0.0279,0.7,0.8571,0.9243,True
Mariniradius_M7X2M2,M7X2M2,,gaba,Tri,,0.8389,0.8694,0.0305,0.7,0.7,0.9243,True
Mariniradius_M7X2M2,M7X2M2,,glutamine,Di,,0.0694,0.0924,0.023,0.0529,0.0714,0.9243,True
Mariniradius_M7X2M2,M7X2M2,,glutamine,Mono,,0.637,0.6473,0.0103,0.4857,0.5287,0.9243,True
Mariniradius_M7X2M2,M7X2M2,,glutamine,Tri,,0.0673,0.0808,0.0135,0.0529,0.0529,0.9243,True
Mariniradius_M7X2M2,M7X2M2,,glyglycine,Di,,0.0034,0.0031,-0.0003,0.0101,0.0101,0.9243,True
Mariniradius_M7X2M2,M7X2M2,,glyglycine,Mono,,0.0035,0.0034,-1e-04,0.0101,0.0101,0.9243,True
Mariniradius_M7X2M2,M7X2M2,,glyglycine,Tri,,0.0219,0.0237,0.0018,0.0301,0.0391,0.9243,True
Mariniradius_M7X2M2,M7X2M2,,histidine,Di,,0.0007,0.0007,0.0,0.0,0.0023,0.9243,True
Mariniradius_M7X2M2,M7X2M2,,histidine,Mono,,0.0007,0.0007,0.0,0.0,0.0023,0.9243,True
Mariniradius_M7X2M2,M7X2M2,,histidine,Tri,,0.0047,0.0054,0.0007,0.0101,0.0101,0.9243,True
Mariniradius_M7X2M2,M7X2M2,,lysine,Di,,0.0952,0.1056,0.0104,0.0714,0.0915,0.9243,True
Mariniradius_M7X2M2,M7X2M2,,lysine,Mono,,0.0129,0.0138,0.0009,0.0137,0.0202,0.9243,True
Mariniradius_M7X2M2,M7X2M2,,lysine,Tri,,0.0075,0.0086,0.0011,0.0101,0.0101,0.9243,True
Mariniradius_M7X2M2,M7X2M2,,methionine,Di,,0.0218,0.0242,0.0024,0.0301,0.0391,0.9243,True
Mariniradius_M7X2M2,M7X2M2,,methionine,Mono,,0.0283,0.0299,0.0016,0.0391,0.0391,0.9243,True
Mariniradius_M7X2M2,M7X2M2,,methionine,Tri,,0.0289,0.0345,0.0056,0.0391,0.0409,0.9243,True
Mariniradius_M7X2M2,M7X2M2,,ornithine,Di,,0.0364,0.0381,0.0017,0.0529,0.0529,0.9243,True
Mariniradius_M7X2M2,M7X2M2,,ornithine,Mono,,0.0161,0.0166,0.0005,0.0202,0.0202,0.9243,True
Mariniradius_M7X2M2,M7X2M2,,ornithine,Tri,,0.0089,0.01,0.0011,0.0101,0.0101,0.9243,True
Mariniradius_M7X2M2,M7X2M2,,phenylalanine,Di,,0.8155,0.854,0.0385,0.7,0.7,0.9243,True
Mariniradius_M7X2M2,M7X2M2,,phenylalanine,Mono,,0.0986,0.1252,0.0266,0.0915,0.0915,0.9243,True
Mariniradius_M7X2M2,M7X2M2,,phenylalanine,Tri,,0.8106,0.852,0.0414,0.7,0.7,0.9243,True
Mariniradius_M7X2M2,M7X2M2,,proline,Di,,0.0022,0.0021,-1e-04,0.0023,0.0023,0.9243,True
Mariniradius_M7X2M2,M7X2M2,,proline,Mono,,0.0055,0.0048,-0.0007,0.0101,0.0101,0.9243,True
Mariniradius_M7X2M2,M7X2M2,,proline,Tri,,0.0253,0.0285,0.0032,0.0391,0.0391,0.9243,True
Mariniradius_M7X2M2,M7X2M2,,putrescine,Di,,0.0021,0.002,-1e-04,0.0023,0.0023,0.9243,True
Mariniradius_M7X2M2,M7X2M2,,putrescine,Mono,,0.0011,0.0011,0.0,0.0023,0.0023,0.9243,True
Mariniradius_M7X2M2,M7X2M2,,putrescine,Tri,,0.0049,0.0046,-0.0003,0.0101,0.0101,0.9243,True
Mariniradius_M7X2M2,M7X2M2,,serine,Di,,0.0971,0.0949,-0.0022,0.0915,0.0714,0.9243,True
Mariniradius_M7X2M2,M7X2M2,,serine,Mono,,0.1438,0.1416,-0.0022,0.0915,0.0915,0.9243,True
Mariniradius_M7X2M2,M7X2M2,,serine,Tri,,0.0266,0.0282,0.0016,0.0391,0.0391,0.9243,True
Mariniradius_M7X2M2,M7X2M2,,serotonin,Di,,0.0096,0.0093,-0.0003,0.0101,0.0101,0.9243,True
Mariniradius_M7X2M2,M7X2M2,,serotonin,Mono,,0.1154,0.0869,-0.0285,0.0915,0.0529,0.9243,True
Mariniradius_M7X2M2,M7X2M2,,serotonin,Tri,,0.0078,0.0075,-0.0003,0.0101,0.0101,0.9243,True
Mariniradius_M7X2M2,M7X2M2,,threonine,Di,,0.0263,0.0307,0.0044,0.0391,0.0409,0.9243,True
Mariniradius_M7X2M2,M7X2M2,,threonine,Mono,,0.065,0.0742,0.0092,0.0529,0.0529,0.9243,True
Mariniradius_M7X2M2,M7X2M2,,threonine,Tri,,0.0018,0.0023,0.0005,0.0023,0.0101,0.9243,True
Mariniradius_M7X2M2,M7X2M2,,tryptamine,Di,,0.0016,0.0018,0.0002,0.0023,0.0023,0.9243,True
Mariniradius_M7X2M2,M7X2M2,,tryptamine,Mono,,0.0009,0.001,1e-04,0.0023,0.0023,0.9243,True
Mariniradius_M7X2M2,M7X2M2,,tryptamine,Tri,,0.0061,0.0067,0.0006,0.0101,0.0101,0.9243,True
Mariniradius_M7X2M2,M7X2M2,,tyramine,Di,,0.0133,0.0147,0.0014,0.0137,0.0202,0.9243,True
Mariniradius_M7X2M2,M7X2M2,,tyramine,Mono,,0.096,0.1017,0.0057,0.0915,0.0915,0.9243,True
Mariniradius_M7X2M2,M7X2M2,,tyramine,Tri,,0.0125,0.0144,0.0019,0.0137,0.0202,0.9243,True
Marinobacter_A0A1I4P275,A0A1I4P275,dev,"2,3_diaminopropionic acid",Di,False,0.0197,0.0116,-0.0081,0.0301,0.0114,0.9277,True
Marinobacter_A0A1I4P275,A0A1I4P275,dev,"2,3_diaminopropionic acid",Mono,False,0.0098,0.0065,-0.0033,0.0101,0.0101,0.9277,True
Marinobacter_A0A1I4P275,A0A1I4P275,dev,"2,3_diaminopropionic acid",Tri,False,0.156,0.1531,-0.0029,0.1127,0.1127,0.9277,True
Marinobacter_A0A1I4P275,A0A1I4P275,dev,2_aminophenol,Di,True,0.8243,0.7422,-0.0821,0.7,0.5287,0.9277,True
Marinobacter_A0A1I4P275,A0A1I4P275,dev,2_aminophenol,Mono,False,0.1417,0.1043,-0.0374,0.0915,0.0915,0.9277,True
Marinobacter_A0A1I4P275,A0A1I4P275,dev,2_aminophenol,Tri,False,0.6798,0.5794,-0.1004,0.5287,0.4638,0.9277,True
Marinobacter_A0A1I4P275,A0A1I4P275,dev,3_methoxytyramine,Di,False,0.0774,0.0351,-0.0423,0.0529,0.0409,0.9277,True
Marinobacter_A0A1I4P275,A0A1I4P275,dev,3_methoxytyramine,Mono,False,0.0064,0.0035,-0.0029,0.0101,0.0101,0.9277,True
Marinobacter_A0A1I4P275,A0A1I4P275,dev,3_methoxytyramine,Tri,False,0.0552,0.0302,-0.025,0.0529,0.0391,0.9277,True
Marinobacter_A0A1I4P275,A0A1I4P275,dev,alanine,Di,True,0.9589,0.9322,-0.0267,0.9023,0.8636,0.9277,True
Marinobacter_A0A1I4P275,A0A1I4P275,dev,alanine,Mono,True,0.9439,0.9117,-0.0322,0.9023,0.8636,0.9277,True
Marinobacter_A0A1I4P275,A0A1I4P275,dev,alanine,Tri,False,0.135,0.1817,0.0467,0.0915,0.1127,0.9277,True
Marinobacter_A0A1I4P275,A0A1I4P275,dev,arginine,Di,False,0.0033,0.0024,-0.0009,0.0101,0.0101,0.9277,True
Marinobacter_A0A1I4P275,A0A1I4P275,dev,arginine,Mono,False,0.0015,0.0012,-0.0003,0.0023,0.0023,0.9277,True
Marinobacter_A0A1I4P275,A0A1I4P275,dev,arginine,Tri,False,0.0061,0.0082,0.0021,0.0101,0.0101,0.9277,True
Marinobacter_A0A1I4P275,A0A1I4P275,dev,asparagine,Di,False,0.05,0.0323,-0.0177,0.0529,0.0409,0.9277,True
Marinobacter_A0A1I4P275,A0A1I4P275,dev,asparagine,Mono,False,0.0596,0.0376,-0.022,0.0529,0.0529,0.9277,True
Marinobacter_A0A1I4P275,A0A1I4P275,dev,asparagine,Tri,True,0.9093,0.8703,-0.039,0.8636,0.7,0.9277,True
Marinobacter_A0A1I4P275,A0A1I4P275,dev,cadaverine,Di,False,0.0025,0.0015,-0.001,0.0101,0.0023,0.9277,True
Marinobacter_A0A1I4P275,A0A1I4P275,dev,cadaverine,Mono,False,0.001,0.0008,-0.0002,0.0023,0.0023,0.9277,True
Marinobacter_A0A1I4P275,A0A1I4P275,dev,cadaverine,Tri,False,0.0035,0.0038,0.0003,0.0101,0.0101,0.9277,True
Marinobacter_A0A1I4P275,A0A1I4P275,dev,citrulline,Di,False,0.0157,0.0203,0.0046,0.0202,0.0301,0.9277,True
Marinobacter_A0A1I4P275,A0A1I4P275,dev,citrulline,Mono,False,0.0049,0.0047,-0.0002,0.0101,0.0101,0.9277,True
Marinobacter_A0A1I4P275,A0A1I4P275,dev,citrulline,Tri,False,0.0038,0.0051,0.0013,0.0101,0.0101,0.9277,True
Marinobacter_A0A1I4P275,A0A1I4P275,dev,cystine,Di,False,0.0033,0.0028,-0.0005,0.0101,0.0101,0.9277,True
Marinobacter_A0A1I4P275,A0A1I4P275,dev,cystine,Mono,False,0.0014,0.0012,-0.0002,0.0023,0.0023,0.9277,True
Marinobacter_A0A1I4P275,A0A1I4P275,dev,cystine,Tri,False,0.0047,0.0041,-0.0006,0.0101,0.0101,0.9277,True
Marinobacter_A0A1I4P275,A0A1I4P275,dev,dopamine,Di,False,0.2496,0.1169,-0.1327,0.1757,0.0915,0.9277,True
Marinobacter_A0A1I4P275,A0A1I4P275,dev,dopamine,Mono,False,0.0623,0.0328,-0.0295,0.0529,0.0409,0.9277,True
Marinobacter_A0A1I4P275,A0A1I4P275,dev,dopamine,Tri,True,0.8523,0.7839,-0.0684,0.7,0.5287,0.9277,True
Marinobacter_A0A1I4P275,A0A1I4P275,dev,gaba,Di,True,0.9857,0.97,-0.0157,0.9214,0.9082,0.9277,True
Marinobacter_A0A1I4P275,A0A1I4P275,dev,gaba,Mono,True,0.9904,0.9774,-0.013,0.9214,0.9082,0.9277,True
Marinobacter_A0A1I4P275,A0A1I4P275,dev,gaba,Tri,True,0.9868,0.9743,-0.0125,0.9214,0.9082,0.9277,True
Marinobacter_A0A1I4P275,A0A1I4P275,dev,glutamine,Di,False,0.1673,0.1217,-0.0456,0.1127,0.0915,0.9277,True
Marinobacter_A0A1I4P275,A0A1I4P275,dev,glutamine,Mono,True,0.8035,0.7,-0.1035,0.7,0.5287,0.9277,True
Marinobacter_A0A1I4P275,A0A1I4P275,dev,glutamine,Tri,False,0.1307,0.0897,-0.041,0.0915,0.0529,0.9277,True
Marinobacter_A0A1I4P275,A0A1I4P275,dev,glyglycine,Di,False,0.0052,0.0041,-0.0011,0.0101,0.0101,0.9277,True
Marinobacter_A0A1I4P275,A0A1I4P275,dev,glyglycine,Mono,False,0.0038,0.0032,-0.0006,0.0101,0.0101,0.9277,True
Marinobacter_A0A1I4P275,A0A1I4P275,dev,glyglycine,Tri,False,0.0251,0.0233,-0.0018,0.0391,0.0391,0.9277,True
Marinobacter_A0A1I4P275,A0A1I4P275,dev,histidine,Di,False,0.0005,0.0006,1e-04,0.0,0.0,0.9277,True
Marinobacter_A0A1I4P275,A0A1I4P275,dev,histidine,Mono,False,0.0004,0.0005,1e-04,0.0,0.0,0.9277,True
Marinobacter_A0A1I4P275,A0A1I4P275,dev,histidine,Tri,False,0.0031,0.0042,0.0011,0.0101,0.0101,0.9277,True
Marinobacter_A0A1I4P275,A0A1I4P275,dev,lysine,Di,False,0.0605,0.0645,0.004,0.0529,0.0529,0.9277,True
Marinobacter_A0A1I4P275,A0A1I4P275,dev,lysine,Mono,False,0.0082,0.0071,-0.0011,0.0101,0.0101,0.9277,True
Marinobacter_A0A1I4P275,A0A1I4P275,dev,lysine,Tri,False,0.0053,0.0052,-1e-04,0.0101,0.0101,0.9277,True
Marinobacter_A0A1I4P275,A0A1I4P275,dev,methionine,Di,False,0.0195,0.0217,0.0022,0.0202,0.0301,0.9277,True
Marinobacter_A0A1I4P275,A0A1I4P275,dev,methionine,Mono,False,0.0215,0.0266,0.0051,0.0301,0.0391,0.9277,True
Marinobacter_A0A1I4P275,A0A1I4P275,dev,methionine,Tri,False,0.0305,0.041,0.0105,0.0409,0.0529,0.9277,True
Marinobacter_A0A1I4P275,A0A1I4P275,dev,ornithine,Di,False,0.052,0.0304,-0.0216,0.0529,0.0409,0.9277,True
Marinobacter_A0A1I4P275,A0A1I4P275,dev,ornithine,Mono,False,0.0183,0.0098,-0.0085,0.0202,0.0101,0.9277,True
Marinobacter_A0A1I4P275,A0A1I4P275,dev,ornithine,Tri,False,0.0082,0.0061,-0.0021,0.0101,0.0101,0.9277,True
Marinobacter_A0A1I4P275,A0A1I4P275,dev,phenylalanine,Di,True,0.9324,0.9159,-0.0165,0.8636,0.8636,0.9277,True
Marinobacter_A0A1I4P275,A0A1I4P275,dev,phenylalanine,Mono,False,0.1474,0.1215,-0.0259,0.0915,0.0915,0.9277,True
Marinobacter_A0A1I4P275,A0A1I4P275,dev,phenylalanine,Tri,True,0.9118,0.9023,-0.0095,0.8636,0.8636,0.9277,True
Marinobacter_A0A1I4P275,A0A1I4P275,dev,proline,Di,False,0.0038,0.0038,0.0,0.0101,0.0101,0.9277,True
Marinobacter_A0A1I4P275,A0A1I4P275,dev,proline,Mono,False,0.0058,0.0046,-0.0012,0.0101,0.0101,0.9277,True
Marinobacter_A0A1I4P275,A0A1I4P275,dev,proline,Tri,False,0.0277,0.0287,0.001,0.0391,0.0391,0.9277,True
Marinobacter_A0A1I4P275,A0A1I4P275,dev,putrescine,Di,False,0.0026,0.0016,-0.001,0.0101,0.0023,0.9277,True
Marinobacter_A0A1I4P275,A0A1I4P275,dev,putrescine,Mono,False,0.0009,0.0008,-1e-04,0.0023,0.0023,0.9277,True
Marinobacter_A0A1I4P275,A0A1I4P275,dev,putrescine,Tri,False,0.0036,0.004,0.0004,0.0101,0.0101,0.9277,True
Marinobacter_A0A1I4P275,A0A1I4P275,dev,serine,Di,False,0.0637,0.0623,-0.0014,0.0529,0.0529,0.9277,True
Marinobacter_A0A1I4P275,A0A1I4P275,dev,serine,Mono,False,0.0794,0.0837,0.0043,0.0529,0.0529,0.9277,True
Marinobacter_A0A1I4P275,A0A1I4P275,dev,serine,Tri,False,0.0333,0.0419,0.0086,0.0409,0.0529,0.9277,True
Marinobacter_A0A1I4P275,A0A1I4P275,dev,serotonin,Di,False,0.0074,0.0034,-0.004,0.0101,0.0101,0.9277,True
Marinobacter_A0A1I4P275,A0A1I4P275,dev,serotonin,Mono,False,0.1229,0.0649,-0.058,0.0915,0.0529,0.9277,True
Marinobacter_A0A1I4P275,A0A1I4P275,dev,serotonin,Tri,False,0.0048,0.003,-0.0018,0.0101,0.0101,0.9277,True
Marinobacter_A0A1I4P275,A0A1I4P275,dev,threonine,Di,False,0.014,0.0199,0.0059,0.0202,0.0301,0.9277,True
Marinobacter_A0A1I4P275,A0A1I4P275,dev,threonine,Mono,False,0.025,0.0434,0.0184,0.0391,0.0529,0.9277,True
Marinobacter_A0A1I4P275,A0A1I4P275,dev,threonine,Tri,False,0.0017,0.0025,0.0008,0.0023,0.0101,0.9277,True
Marinobacter_A0A1I4P275,A0A1I4P275,dev,tryptamine,Di,False,0.0028,0.0016,-0.0012,0.0101,0.0023,0.9277,True
Marinobacter_A0A1I4P275,A0A1I4P275,dev,tryptamine,Mono,False,0.001,0.0007,-0.0003,0.0023,0.0023,0.9277,True
Marinobacter_A0A1I4P275,A0A1I4P275,dev,tryptamine,Tri,False,0.0057,0.006,0.0003,0.0101,0.0101,0.9277,True
Marinobacter_A0A1I4P275,A0A1I4P275,dev,tyramine,Di,False,0.0098,0.0053,-0.0045,0.0101,0.0101,0.9277,True
Marinobacter_A0A1I4P275,A0A1I4P275,dev,tyramine,Mono,False,0.1071,0.08,-0.0271,0.0915,0.0529,0.9277,True
Marinobacter_A0A1I4P275,A0A1I4P275,dev,tyramine,Tri,False,0.0078,0.005,-0.0028,0.0101,0.0101,0.9277,True
Melainabacteria_A0A952U252,A0A952U252,dev,"2,3_diaminopropionic acid",Di,False,0.0507,0.1324,0.0817,0.0529,0.0915,0.9317,True
Melainabacteria_A0A952U252,A0A952U252,dev,"2,3_diaminopropionic acid",Mono,False,0.0256,0.0653,0.0397,0.0391,0.0529,0.9317,True
Melainabacteria_A0A952U252,A0A952U252,dev,"2,3_diaminopropionic acid",Tri,False,0.287,0.6816,0.3946,0.2692,0.5287,0.9317,True
Melainabacteria_A0A952U252,A0A952U252,dev,2_aminophenol,Di,True,0.9514,0.9571,0.0057,0.9023,0.9023,0.9317,True
Melainabacteria_A0A952U252,A0A952U252,dev,2_aminophenol,Mono,True,0.6094,0.5169,-0.0925,0.4638,0.4014,0.9317,True
Melainabacteria_A0A952U252,A0A952U252,dev,2_aminophenol,Tri,False,0.9262,0.9273,0.0011,0.8636,0.8636,0.9317,True
Melainabacteria_A0A952U252,A0A952U252,dev,3_methoxytyramine,Di,False,0.1782,0.2586,0.0804,0.1127,0.1757,0.9317,True
Melainabacteria_A0A952U252,A0A952U252,dev,3_methoxytyramine,Mono,False,0.0183,0.0426,0.0243,0.0202,0.0529,0.9317,True
Melainabacteria_A0A952U252,A0A952U252,dev,3_methoxytyramine,Tri,False,0.1486,0.209,0.0604,0.1127,0.1127,0.9317,True
Melainabacteria_A0A952U252,A0A952U252,dev,alanine,Di,True,0.9656,0.9847,0.0191,0.9023,0.9214,0.9317,True
Melainabacteria_A0A952U252,A0A952U252,dev,alanine,Mono,True,0.9615,0.9791,0.0176,0.9023,0.9082,0.9317,True
Melainabacteria_A0A952U252,A0A952U252,dev,alanine,Tri,False,0.1565,0.5716,0.4151,0.1127,0.4231,0.9317,True
Melainabacteria_A0A952U252,A0A952U252,dev,arginine,Di,False,0.0045,0.014,0.0095,0.0101,0.0202,0.9317,True
Melainabacteria_A0A952U252,A0A952U252,dev,arginine,Mono,False,0.0026,0.0054,0.0028,0.0101,0.0101,0.9317,True
Melainabacteria_A0A952U252,A0A952U252,dev,arginine,Tri,False,0.0085,0.0506,0.0421,0.0101,0.0529,0.9317,True
Melainabacteria_A0A952U252,A0A952U252,dev,asparagine,Di,False,0.0563,0.0849,0.0286,0.0529,0.0529,0.9317,True
Melainabacteria_A0A952U252,A0A952U252,dev,asparagine,Mono,False,0.0454,0.0577,0.0123,0.0529,0.0529,0.9317,True
Melainabacteria_A0A952U252,A0A952U252,dev,asparagine,Tri,True,0.8862,0.9061,0.0199,0.8235,0.8636,0.9317,True
Melainabacteria_A0A952U252,A0A952U252,dev,cadaverine,Di,False,0.0037,0.0275,0.0238,0.0101,0.0391,0.9317,True
Melainabacteria_A0A952U252,A0A952U252,dev,cadaverine,Mono,False,0.0012,0.0105,0.0093,0.0023,0.0101,0.9317,True
Melainabacteria_A0A952U252,A0A952U252,dev,cadaverine,Tri,False,0.006,0.1282,0.1222,0.0101,0.0915,0.9317,True
Melainabacteria_A0A952U252,A0A952U252,dev,citrulline,Di,False,0.0155,0.0759,0.0604,0.0202,0.0529,0.9317,True
Melainabacteria_A0A952U252,A0A952U252,dev,citrulline,Mono,False,0.0061,0.0195,0.0134,0.0101,0.0202,0.9317,True
Melainabacteria_A0A952U252,A0A952U252,dev,citrulline,Tri,False,0.0046,0.0238,0.0192,0.0101,0.0391,0.9317,True
Melainabacteria_A0A952U252,A0A952U252,dev,cystine,Di,False,0.0132,0.0324,0.0192,0.0137,0.0409,0.9317,True
Melainabacteria_A0A952U252,A0A952U252,dev,cystine,Mono,False,0.0054,0.0119,0.0065,0.0101,0.0114,0.9317,True
Melainabacteria_A0A952U252,A0A952U252,dev,cystine,Tri,False,0.0214,0.0557,0.0343,0.0301,0.0529,0.9317,True
Melainabacteria_A0A952U252,A0A952U252,dev,dopamine,Di,False,0.2603,0.3687,0.1084,0.1875,0.2815,0.9317,True
Melainabacteria_A0A952U252,A0A952U252,dev,dopamine,Mono,False,0.0773,0.1814,0.1041,0.0529,0.1127,0.9317,True
Melainabacteria_A0A952U252,A0A952U252,dev,dopamine,Tri,True,0.8825,0.916,0.0335,0.8235,0.8636,0.9317,True
Melainabacteria_A0A952U252,A0A952U252,dev,gaba,Di,True,0.9869,0.9928,0.0059,0.9214,0.9214,0.9317,True
Melainabacteria_A0A952U252,A0A952U252,dev,gaba,Mono,True,0.9912,0.9938,0.0026,0.9214,0.9214,0.9317,True
Melainabacteria_A0A952U252,A0A952U252,dev,gaba,Tri,True,0.9897,0.9948,0.0051,0.9214,0.9214,0.9317,True
Melainabacteria_A0A952U252,A0A952U252,dev,glutamine,Di,False,0.1325,0.2195,0.087,0.0915,0.1127,0.9317,True
Melainabacteria_A0A952U252,A0A952U252,dev,glutamine,Mono,True,0.7183,0.6932,-0.0251,0.5287,0.5287,0.9317,True
Melainabacteria_A0A952U252,A0A952U252,dev,glutamine,Tri,False,0.06,0.1314,0.0714,0.0529,0.0915,0.9317,True
Melainabacteria_A0A952U252,A0A952U252,dev,glyglycine,Di,False,0.006,0.0204,0.0144,0.0101,0.0301,0.9317,True
Melainabacteria_A0A952U252,A0A952U252,dev,glyglycine,Mono,False,0.0054,0.0158,0.0104,0.0101,0.0202,0.9317,True
Melainabacteria_A0A952U252,A0A952U252,dev,glyglycine,Tri,False,0.0352,0.131,0.0958,0.0409,0.0915,0.9317,True
Melainabacteria_A0A952U252,A0A952U252,dev,histidine,Di,False,0.0006,0.002,0.0014,0.0,0.0023,0.9317,True
Melainabacteria_A0A952U252,A0A952U252,dev,histidine,Mono,False,0.0004,0.0014,0.001,0.0,0.0023,0.9317,True
Melainabacteria_A0A952U252,A0A952U252,dev,histidine,Tri,False,0.0047,0.0187,0.014,0.0101,0.0202,0.9317,True
Melainabacteria_A0A952U252,A0A952U252,dev,lysine,Di,False,0.0863,0.3742,0.2879,0.0529,0.2815,0.9317,True
Melainabacteria_A0A952U252,A0A952U252,dev,lysine,Mono,False,0.0117,0.0535,0.0418,0.0114,0.0529,0.9317,True
Melainabacteria_A0A952U252,A0A952U252,dev,lysine,Tri,False,0.0068,0.0522,0.0454,0.0101,0.0529,0.9317,True
Melainabacteria_A0A952U252,A0A952U252,dev,methionine,Di,False,0.0424,0.1489,0.1065,0.0529,0.1127,0.9317,True
Melainabacteria_A0A952U252,A0A952U252,dev,methionine,Mono,False,0.0604,0.1509,0.0905,0.0529,0.1127,0.9317,True
Melainabacteria_A0A952U252,A0A952U252,dev,methionine,Tri,False,0.0608,0.2286,0.1678,0.0529,0.1455,0.9317,True
Melainabacteria_A0A952U252,A0A952U252,dev,ornithine,Di,False,0.0618,0.1769,0.1151,0.0529,0.1127,0.9317,True
Melainabacteria_A0A952U252,A0A952U252,dev,ornithine,Mono,False,0.0305,0.0595,0.029,0.0409,0.0529,0.9317,True
Melainabacteria_A0A952U252,A0A952U252,dev,ornithine,Tri,False,0.0139,0.0528,0.0389,0.0202,0.0529,0.9317,True
Melainabacteria_A0A952U252,A0A952U252,dev,phenylalanine,Di,True,0.9414,0.9614,0.02,0.8696,0.9023,0.9317,True
Melainabacteria_A0A952U252,A0A952U252,dev,phenylalanine,Mono,False,0.3111,0.3662,0.0551,0.2692,0.2815,0.9317,True
Melainabacteria_A0A952U252,A0A952U252,dev,phenylalanine,Tri,True,0.947,0.9617,0.0147,0.9023,0.9023,0.9317,True
Melainabacteria_A0A952U252,A0A952U252,dev,proline,Di,False,0.0043,0.0131,0.0088,0.0101,0.0137,0.9317,True
Melainabacteria_A0A952U252,A0A952U252,dev,proline,Mono,False,0.0042,0.0095,0.0053,0.0101,0.0101,0.9317,True
Melainabacteria_A0A952U252,A0A952U252,dev,proline,Tri,False,0.0364,0.1162,0.0798,0.0529,0.0915,0.9317,True
Melainabacteria_A0A952U252,A0A952U252,dev,putrescine,Di,False,0.0038,0.0285,0.0247,0.0101,0.0391,0.9317,True
Melainabacteria_A0A952U252,A0A952U252,dev,putrescine,Mono,False,0.0012,0.0105,0.0093,0.0023,0.0101,0.9317,True
Melainabacteria_A0A952U252,A0A952U252,dev,putrescine,Tri,False,0.0062,0.1272,0.121,0.0101,0.0915,0.9317,True
Melainabacteria_A0A952U252,A0A952U252,dev,serine,Di,False,0.0843,0.3859,0.3016,0.0529,0.2815,0.9317,True
Melainabacteria_A0A952U252,A0A952U252,dev,serine,Mono,False,0.1087,0.423,0.3143,0.0915,0.2815,0.9317,True
Melainabacteria_A0A952U252,A0A952U252,dev,serine,Tri,False,0.0558,0.2345,0.1787,0.0529,0.1455,0.9317,True
Melainabacteria_A0A952U252,A0A952U252,dev,serotonin,Di,False,0.0059,0.016,0.0101,0.0101,0.0202,0.9317,True
Melainabacteria_A0A952U252,A0A952U252,dev,serotonin,Mono,False,0.1284,0.1906,0.0622,0.0915,0.1127,0.9317,True
Melainabacteria_A0A952U252,A0A952U252,dev,serotonin,Tri,False,0.0051,0.0171,0.012,0.0101,0.0202,0.9317,True
Melainabacteria_A0A952U252,A0A952U252,dev,threonine,Di,False,0.0191,0.1208,0.1017,0.0202,0.0915,0.9317,True
Melainabacteria_A0A952U252,A0A952U252,dev,threonine,Mono,False,0.0432,0.2007,0.1575,0.0529,0.1127,0.9317,True
Melainabacteria_A0A952U252,A0A952U252,dev,threonine,Tri,False,0.0025,0.0131,0.0106,0.0101,0.0137,0.9317,True
Melainabacteria_A0A952U252,A0A952U252,dev,tryptamine,Di,False,0.0036,0.0133,0.0097,0.0101,0.0137,0.9317,True
Melainabacteria_A0A952U252,A0A952U252,dev,tryptamine,Mono,False,0.0022,0.0057,0.0035,0.0023,0.0101,0.9317,True
Melainabacteria_A0A952U252,A0A952U252,dev,tryptamine,Tri,False,0.0139,0.1337,0.1198,0.0202,0.0915,0.9317,True
Melainabacteria_A0A952U252,A0A952U252,dev,tyramine,Di,False,0.0134,0.0404,0.027,0.0137,0.0529,0.9317,True
Melainabacteria_A0A952U252,A0A952U252,dev,tyramine,Mono,False,0.1355,0.3117,0.1762,0.0915,0.2692,0.9317,True
Melainabacteria_A0A952U252,A0A952U252,dev,tyramine,Tri,False,0.0144,0.0414,0.027,0.0202,0.0529,0.9317,True
Moorena_SIO4A1_A0A6B3MYR8,A0A6B3MYR8,dev,"2,3_diaminopropionic acid",Di,False,0.0006,0.0077,0.0071,0.0,0.0101,0.9153,True
Moorena_SIO4A1_A0A6B3MYR8,A0A6B3MYR8,dev,"2,3_diaminopropionic acid",Mono,False,0.0003,0.0043,0.004,0.0,0.0101,0.9153,True
Moorena_SIO4A1_A0A6B3MYR8,A0A6B3MYR8,dev,"2,3_diaminopropionic acid",Tri,False,0.0027,0.0774,0.0747,0.0101,0.0529,0.9153,True
Moorena_SIO4A1_A0A6B3MYR8,A0A6B3MYR8,dev,2_aminophenol,Di,False,0.0214,0.432,0.4106,0.0301,0.3936,0.9153,True
Moorena_SIO4A1_A0A6B3MYR8,A0A6B3MYR8,dev,2_aminophenol,Mono,False,0.0028,0.0351,0.0323,0.0101,0.0409,0.9153,True
Moorena_SIO4A1_A0A6B3MYR8,A0A6B3MYR8,dev,2_aminophenol,Tri,False,0.0109,0.3264,0.3155,0.0101,0.2692,0.9153,True
Moorena_SIO4A1_A0A6B3MYR8,A0A6B3MYR8,dev,3_methoxytyramine,Di,False,0.0044,0.0305,0.0261,0.0101,0.0409,0.9153,True
Moorena_SIO4A1_A0A6B3MYR8,A0A6B3MYR8,dev,3_methoxytyramine,Mono,False,0.0002,0.0021,0.0019,0.0,0.0023,0.9153,True
Moorena_SIO4A1_A0A6B3MYR8,A0A6B3MYR8,dev,3_methoxytyramine,Tri,False,0.0025,0.0226,0.0201,0.0101,0.0345,0.9153,True
Moorena_SIO4A1_A0A6B3MYR8,A0A6B3MYR8,dev,alanine,Di,False,0.0356,0.8233,0.7877,0.0409,0.7,0.9153,True
Moorena_SIO4A1_A0A6B3MYR8,A0A6B3MYR8,dev,alanine,Mono,False,0.0313,0.7904,0.7591,0.0409,0.5287,0.9153,True
Moorena_SIO4A1_A0A6B3MYR8,A0A6B3MYR8,dev,alanine,Tri,False,0.0017,0.0867,0.085,0.0023,0.0529,0.9153,True
Moorena_SIO4A1_A0A6B3MYR8,A0A6B3MYR8,dev,arginine,Di,False,1e-04,0.0009,0.0008,0.0,0.0023,0.9153,True
Moorena_SIO4A1_A0A6B3MYR8,A0A6B3MYR8,dev,arginine,Mono,False,0.0,0.0005,0.0005,0.0,0.0,0.9153,True
Moorena_SIO4A1_A0A6B3MYR8,A0A6B3MYR8,dev,arginine,Tri,False,1e-04,0.0024,0.0023,0.0,0.0101,0.9153,True
Moorena_SIO4A1_A0A6B3MYR8,A0A6B3MYR8,dev,asparagine,Di,False,0.001,0.0118,0.0108,0.0023,0.0114,0.9153,True
Moorena_SIO4A1_A0A6B3MYR8,A0A6B3MYR8,dev,asparagine,Mono,False,0.0009,0.0111,0.0102,0.0023,0.0101,0.9153,True
Moorena_SIO4A1_A0A6B3MYR8,A0A6B3MYR8,dev,asparagine,Tri,False,0.0833,0.7088,0.6255,0.0529,0.5287,0.9153,True
Moorena_SIO4A1_A0A6B3MYR8,A0A6B3MYR8,dev,cadaverine,Di,False,1e-04,0.0013,0.0012,0.0,0.0023,0.9153,True
Moorena_SIO4A1_A0A6B3MYR8,A0A6B3MYR8,dev,cadaverine,Mono,False,0.0,0.0005,0.0005,0.0,0.0,0.9153,True
Moorena_SIO4A1_A0A6B3MYR8,A0A6B3MYR8,dev,cadaverine,Tri,False,1e-04,0.0018,0.0017,0.0,0.0023,0.9153,True
Moorena_SIO4A1_A0A6B3MYR8,A0A6B3MYR8,dev,citrulline,Di,False,1e-04,0.0053,0.0052,0.0,0.0101,0.9153,True
Moorena_SIO4A1_A0A6B3MYR8,A0A6B3MYR8,dev,citrulline,Mono,False,1e-04,0.0018,0.0017,0.0,0.0023,0.9153,True
Moorena_SIO4A1_A0A6B3MYR8,A0A6B3MYR8,dev,citrulline,Tri,False,0.0,0.0015,0.0015,0.0,0.0023,0.9153,True
Moorena_SIO4A1_A0A6B3MYR8,A0A6B3MYR8,dev,cystine,Di,False,1e-04,0.0032,0.0031,0.0,0.0101,0.9153,True
Moorena_SIO4A1_A0A6B3MYR8,A0A6B3MYR8,dev,cystine,Mono,False,1e-04,0.0011,0.001,0.0,0.0023,0.9153,True
Moorena_SIO4A1_A0A6B3MYR8,A0A6B3MYR8,dev,cystine,Tri,False,0.0002,0.0044,0.0042,0.0,0.0101,0.9153,True
Moorena_SIO4A1_A0A6B3MYR8,A0A6B3MYR8,dev,dopamine,Di,False,0.0077,0.0558,0.0481,0.0101,0.0529,0.9153,True
Moorena_SIO4A1_A0A6B3MYR8,A0A6B3MYR8,dev,dopamine,Mono,False,0.0013,0.0133,0.012,0.0023,0.0137,0.9153,True
Moorena_SIO4A1_A0A6B3MYR8,A0A6B3MYR8,dev,dopamine,Tri,False,0.0818,0.5957,0.5139,0.0529,0.4638,0.9153,True
Moorena_SIO4A1_A0A6B3MYR8,A0A6B3MYR8,dev,gaba,Di,False,0.0194,0.8543,0.8349,0.0202,0.7,0.9153,True
Moorena_SIO4A1_A0A6B3MYR8,A0A6B3MYR8,dev,gaba,Mono,False,0.0265,0.8785,0.852,0.0391,0.75,0.9153,True
Moorena_SIO4A1_A0A6B3MYR8,A0A6B3MYR8,dev,gaba,Tri,False,0.0189,0.8606,0.8417,0.0202,0.7,0.9153,True
Moorena_SIO4A1_A0A6B3MYR8,A0A6B3MYR8,dev,glutamine,Di,False,0.001,0.0269,0.0259,0.0023,0.0391,0.9153,True
Moorena_SIO4A1_A0A6B3MYR8,A0A6B3MYR8,dev,glutamine,Mono,False,0.0157,0.2893,0.2736,0.0202,0.2692,0.9153,True
Moorena_SIO4A1_A0A6B3MYR8,A0A6B3MYR8,dev,glutamine,Tri,False,0.0005,0.0152,0.0147,0.0,0.0202,0.9153,True
Moorena_SIO4A1_A0A6B3MYR8,A0A6B3MYR8,dev,glyglycine,Di,False,1e-04,0.0022,0.0021,0.0,0.0023,0.9153,True
Moorena_SIO4A1_A0A6B3MYR8,A0A6B3MYR8,dev,glyglycine,Mono,False,1e-04,0.0019,0.0018,0.0,0.0023,0.9153,True
Moorena_SIO4A1_A0A6B3MYR8,A0A6B3MYR8,dev,glyglycine,Tri,False,0.0006,0.0156,0.015,0.0,0.0202,0.9153,True
Moorena_SIO4A1_A0A6B3MYR8,A0A6B3MYR8,dev,histidine,Di,False,0.0,0.0003,0.0003,0.0,0.0,0.9153,True
Moorena_SIO4A1_A0A6B3MYR8,A0A6B3MYR8,dev,histidine,Mono,False,0.0,0.0002,0.0002,0.0,0.0,0.9153,True
Moorena_SIO4A1_A0A6B3MYR8,A0A6B3MYR8,dev,histidine,Tri,False,1e-04,0.0023,0.0022,0.0,0.0023,0.9153,True
Moorena_SIO4A1_A0A6B3MYR8,A0A6B3MYR8,dev,lysine,Di,False,0.0008,0.028,0.0272,0.0023,0.0391,0.9153,True
Moorena_SIO4A1_A0A6B3MYR8,A0A6B3MYR8,dev,lysine,Mono,False,0.0002,0.004,0.0038,0.0,0.0101,0.9153,True
Moorena_SIO4A1_A0A6B3MYR8,A0A6B3MYR8,dev,lysine,Tri,False,1e-04,0.0023,0.0022,0.0,0.0023,0.9153,True
Moorena_SIO4A1_A0A6B3MYR8,A0A6B3MYR8,dev,methionine,Di,False,0.0002,0.0096,0.0094,0.0,0.0101,0.9153,True
Moorena_SIO4A1_A0A6B3MYR8,A0A6B3MYR8,dev,methionine,Mono,False,0.0004,0.0133,0.0129,0.0,0.0137,0.9153,True
Moorena_SIO4A1_A0A6B3MYR8,A0A6B3MYR8,dev,methionine,Tri,False,0.0003,0.0187,0.0184,0.0,0.0202,0.9153,True
Moorena_SIO4A1_A0A6B3MYR8,A0A6B3MYR8,dev,ornithine,Di,False,0.0016,0.0145,0.0129,0.0023,0.0202,0.9153,True
Moorena_SIO4A1_A0A6B3MYR8,A0A6B3MYR8,dev,ornithine,Mono,False,0.0009,0.0056,0.0047,0.0023,0.0101,0.9153,True
Moorena_SIO4A1_A0A6B3MYR8,A0A6B3MYR8,dev,ornithine,Tri,False,0.0002,0.0025,0.0023,0.0,0.0101,0.9153,True
Moorena_SIO4A1_A0A6B3MYR8,A0A6B3MYR8,dev,phenylalanine,Di,False,0.0362,0.7597,0.7235,0.0462,0.5287,0.9153,True
Moorena_SIO4A1_A0A6B3MYR8,A0A6B3MYR8,dev,phenylalanine,Mono,False,0.0019,0.0505,0.0486,0.0023,0.0529,0.9153,True
Moorena_SIO4A1_A0A6B3MYR8,A0A6B3MYR8,dev,phenylalanine,Tri,False,0.0288,0.7755,0.7467,0.0391,0.5287,0.9153,True
Moorena_SIO4A1_A0A6B3MYR8,A0A6B3MYR8,dev,proline,Di,False,1e-04,0.0011,0.001,0.0,0.0023,0.9153,True
Moorena_SIO4A1_A0A6B3MYR8,A0A6B3MYR8,dev,proline,Mono,False,1e-04,0.0014,0.0013,0.0,0.0023,0.9153,True
Moorena_SIO4A1_A0A6B3MYR8,A0A6B3MYR8,dev,proline,Tri,False,0.0005,0.0103,0.0098,0.0,0.0101,0.9153,True
Moorena_SIO4A1_A0A6B3MYR8,A0A6B3MYR8,dev,putrescine,Di,False,1e-04,0.0013,0.0012,0.0,0.0023,0.9153,True
Moorena_SIO4A1_A0A6B3MYR8,A0A6B3MYR8,dev,putrescine,Mono,False,0.0,0.0005,0.0005,0.0,0.0,0.9153,True
Moorena_SIO4A1_A0A6B3MYR8,A0A6B3MYR8,dev,putrescine,Tri,False,1e-04,0.0017,0.0016,0.0,0.0023,0.9153,True
Moorena_SIO4A1_A0A6B3MYR8,A0A6B3MYR8,dev,serine,Di,False,0.0009,0.0301,0.0292,0.0023,0.0391,0.9153,True
Moorena_SIO4A1_A0A6B3MYR8,A0A6B3MYR8,dev,serine,Mono,False,0.0014,0.0437,0.0423,0.0023,0.0529,0.9153,True
Moorena_SIO4A1_A0A6B3MYR8,A0A6B3MYR8,dev,serine,Tri,False,0.0003,0.0128,0.0125,0.0,0.0137,0.9153,True
Moorena_SIO4A1_A0A6B3MYR8,A0A6B3MYR8,dev,serotonin,Di,False,0.0002,0.0021,0.0019,0.0,0.0023,0.9153,True
Moorena_SIO4A1_A0A6B3MYR8,A0A6B3MYR8,dev,serotonin,Mono,False,0.0019,0.0257,0.0238,0.0023,0.0391,0.9153,True
Moorena_SIO4A1_A0A6B3MYR8,A0A6B3MYR8,dev,serotonin,Tri,False,1e-04,0.0019,0.0018,0.0,0.0023,0.9153,True
Moorena_SIO4A1_A0A6B3MYR8,A0A6B3MYR8,dev,threonine,Di,False,0.0002,0.0066,0.0064,0.0,0.0101,0.9153,True
Moorena_SIO4A1_A0A6B3MYR8,A0A6B3MYR8,dev,threonine,Mono,False,0.0004,0.0164,0.016,0.0,0.0202,0.9153,True
Moorena_SIO4A1_A0A6B3MYR8,A0A6B3MYR8,dev,threonine,Tri,False,0.0,0.0006,0.0006,0.0,0.0,0.9153,True
Moorena_SIO4A1_A0A6B3MYR8,A0A6B3MYR8,dev,tryptamine,Di,False,1e-04,0.0006,0.0005,0.0,0.0,0.9153,True
Moorena_SIO4A1_A0A6B3MYR8,A0A6B3MYR8,dev,tryptamine,Mono,False,0.0,0.0003,0.0003,0.0,0.0,0.9153,True
Moorena_SIO4A1_A0A6B3MYR8,A0A6B3MYR8,dev,tryptamine,Tri,False,0.0002,0.0019,0.0017,0.0,0.0023,0.9153,True
Moorena_SIO4A1_A0A6B3MYR8,A0A6B3MYR8,dev,tyramine,Di,False,0.0003,0.0037,0.0034,0.0,0.0101,0.9153,True
Moorena_SIO4A1_A0A6B3MYR8,A0A6B3MYR8,dev,tyramine,Mono,False,0.0022,0.0332,0.031,0.0023,0.0409,0.9153,True
Moorena_SIO4A1_A0A6B3MYR8,A0A6B3MYR8,dev,tyramine,Tri,False,0.0002,0.0035,0.0033,0.0,0.0101,0.9153,True
Myroides_A0A7K1GNS5,A0A7K1GNS5,test,"2,3_diaminopropionic acid",Di,False,0.0062,0.0085,0.0023,0.0101,0.0101,0.9211,True
Myroides_A0A7K1GNS5,A0A7K1GNS5,test,"2,3_diaminopropionic acid",Mono,False,0.0032,0.0048,0.0016,0.0101,0.0101,0.9211,True
Myroides_A0A7K1GNS5,A0A7K1GNS5,test,"2,3_diaminopropionic acid",Tri,False,0.0655,0.1235,0.058,0.0529,0.0915,0.9211,True
Myroides_A0A7K1GNS5,A0A7K1GNS5,test,2_aminophenol,Di,True,0.5893,0.6639,0.0746,0.4638,0.5287,0.9211,True
Myroides_A0A7K1GNS5,A0A7K1GNS5,test,2_aminophenol,Mono,True,0.0556,0.0876,0.032,0.0529,0.0529,0.9211,True
Myroides_A0A7K1GNS5,A0A7K1GNS5,test,2_aminophenol,Tri,False,0.4027,0.5213,0.1186,0.2815,0.4014,0.9211,True
Myroides_A0A7K1GNS5,A0A7K1GNS5,test,3_methoxytyramine,Di,False,0.0376,0.0316,-0.006,0.0529,0.0409,0.9211,True
Myroides_A0A7K1GNS5,A0A7K1GNS5,test,3_methoxytyramine,Mono,False,0.0029,0.0034,0.0005,0.0101,0.0101,0.9211,True
Myroides_A0A7K1GNS5,A0A7K1GNS5,test,3_methoxytyramine,Tri,False,0.0253,0.0253,0.0,0.0391,0.0391,0.9211,True
Myroides_A0A7K1GNS5,A0A7K1GNS5,test,alanine,Di,True,0.7771,0.8509,0.0738,0.5287,0.7,0.9211,True
Myroides_A0A7K1GNS5,A0A7K1GNS5,test,alanine,Mono,True,0.7196,0.8148,0.0952,0.5287,0.7,0.9211,True
Myroides_A0A7K1GNS5,A0A7K1GNS5,test,alanine,Tri,False,0.0489,0.1618,0.1129,0.0529,0.1127,0.9211,True
Myroides_A0A7K1GNS5,A0A7K1GNS5,test,arginine,Di,False,0.0008,0.0021,0.0013,0.0023,0.0023,0.9211,True
Myroides_A0A7K1GNS5,A0A7K1GNS5,test,arginine,Mono,False,0.0005,0.001,0.0005,0.0,0.0023,0.9211,True
Myroides_A0A7K1GNS5,A0A7K1GNS5,test,arginine,Tri,False,0.0018,0.0068,0.005,0.0023,0.0101,0.9211,True
Myroides_A0A7K1GNS5,A0A7K1GNS5,test,asparagine,Di,False,0.0129,0.0232,0.0103,0.0137,0.0345,0.9211,True
Myroides_A0A7K1GNS5,A0A7K1GNS5,test,asparagine,Mono,False,0.0149,0.0286,0.0137,0.0202,0.0391,0.9211,True
Myroides_A0A7K1GNS5,A0A7K1GNS5,test,asparagine,Tri,True,0.6918,0.8241,0.1323,0.5287,0.7,0.9211,True
Myroides_A0A7K1GNS5,A0A7K1GNS5,test,cadaverine,Di,False,0.0007,0.0018,0.0011,0.0,0.0023,0.9211,True
Myroides_A0A7K1GNS5,A0A7K1GNS5,test,cadaverine,Mono,False,0.0003,0.0009,0.0006,0.0,0.0023,0.9211,True
Myroides_A0A7K1GNS5,A0A7K1GNS5,test,cadaverine,Tri,False,0.0009,0.0034,0.0025,0.0023,0.0101,0.9211,True
Myroides_A0A7K1GNS5,A0A7K1GNS5,test,citrulline,Di,False,0.0047,0.0162,0.0115,0.0101,0.0202,0.9211,True
Myroides_A0A7K1GNS5,A0A7K1GNS5,test,citrulline,Mono,False,0.0017,0.0037,0.002,0.0023,0.0101,0.9211,True
Myroides_A0A7K1GNS5,A0A7K1GNS5,test,citrulline,Tri,False,0.0013,0.0044,0.0031,0.0023,0.0101,0.9211,True
Myroides_A0A7K1GNS5,A0A7K1GNS5,test,cystine,Di,False,0.0018,0.0033,0.0015,0.0023,0.0101,0.9211,True
Myroides_A0A7K1GNS5,A0A7K1GNS5,test,cystine,Mono,False,0.0007,0.0013,0.0006,0.0,0.0023,0.9211,True
Myroides_A0A7K1GNS5,A0A7K1GNS5,test,cystine,Tri,False,0.0021,0.005,0.0029,0.0023,0.0101,0.9211,True
Myroides_A0A7K1GNS5,A0A7K1GNS5,test,dopamine,Di,False,0.0724,0.1017,0.0293,0.0529,0.0915,0.9211,True
Myroides_A0A7K1GNS5,A0A7K1GNS5,test,dopamine,Mono,False,0.0201,0.0387,0.0186,0.0301,0.0529,0.9211,True
Myroides_A0A7K1GNS5,A0A7K1GNS5,test,dopamine,Tri,True,0.626,0.7397,0.1137,0.4857,0.5287,0.9211,True
Myroides_A0A7K1GNS5,A0A7K1GNS5,test,gaba,Di,True,0.8682,0.8985,0.0303,0.7,0.8571,0.9211,True
Myroides_A0A7K1GNS5,A0A7K1GNS5,test,gaba,Mono,True,0.9152,0.9282,0.013,0.8636,0.8636,0.9211,True
Myroides_A0A7K1GNS5,A0A7K1GNS5,test,gaba,Tri,True,0.8938,0.9213,0.0275,0.8571,0.8636,0.9211,True
Myroides_A0A7K1GNS5,A0A7K1GNS5,test,glutamine,Di,False,0.037,0.0768,0.0398,0.0529,0.0529,0.9211,True
Myroides_A0A7K1GNS5,A0A7K1GNS5,test,glutamine,Mono,True,0.4795,0.6048,0.1253,0.4014,0.4638,0.9211,True
Myroides_A0A7K1GNS5,A0A7K1GNS5,test,glutamine,Tri,False,0.0281,0.0701,0.042,0.0391,0.0529,0.9211,True
Myroides_A0A7K1GNS5,A0A7K1GNS5,test,glyglycine,Di,False,0.0018,0.0021,0.0003,0.0023,0.0023,0.9211,True
Myroides_A0A7K1GNS5,A0A7K1GNS5,test,glyglycine,Mono,False,0.0015,0.0018,0.0003,0.0023,0.0023,0.9211,True
Myroides_A0A7K1GNS5,A0A7K1GNS5,test,glyglycine,Tri,False,0.0093,0.0139,0.0046,0.0101,0.0202,0.9211,True
Myroides_A0A7K1GNS5,A0A7K1GNS5,test,histidine,Di,False,0.0002,0.0005,0.0003,0.0,0.0,0.9211,True
Myroides_A0A7K1GNS5,A0A7K1GNS5,test,histidine,Mono,False,1e-04,0.0004,0.0003,0.0,0.0,0.9211,True
Myroides_A0A7K1GNS5,A0A7K1GNS5,test,histidine,Tri,False,0.0009,0.0035,0.0026,0.0023,0.0101,0.9211,True
Myroides_A0A7K1GNS5,A0A7K1GNS5,test,lysine,Di,False,0.0193,0.0584,0.0391,0.0202,0.0529,0.9211,True
Myroides_A0A7K1GNS5,A0A7K1GNS5,test,lysine,Mono,False,0.0034,0.0065,0.0031,0.0101,0.0101,0.9211,True
Myroides_A0A7K1GNS5,A0A7K1GNS5,test,lysine,Tri,False,0.002,0.0051,0.0031,0.0023,0.0101,0.9211,True
Myroides_A0A7K1GNS5,A0A7K1GNS5,test,methionine,Di,False,0.005,0.0142,0.0092,0.0101,0.0202,0.9211,True
Myroides_A0A7K1GNS5,A0A7K1GNS5,test,methionine,Mono,False,0.0067,0.0197,0.013,0.0101,0.0301,0.9211,True
Myroides_A0A7K1GNS5,A0A7K1GNS5,test,methionine,Tri,False,0.0083,0.0307,0.0224,0.0101,0.0409,0.9211,True
Myroides_A0A7K1GNS5,A0A7K1GNS5,test,ornithine,Di,False,0.0148,0.0247,0.0099,0.0202,0.0391,0.9211,True
Myroides_A0A7K1GNS5,A0A7K1GNS5,test,ornithine,Mono,False,0.0071,0.0079,0.0008,0.0101,0.0101,0.9211,True
Myroides_A0A7K1GNS5,A0A7K1GNS5,test,ornithine,Tri,False,0.0033,0.005,0.0017,0.0101,0.0101,0.9211,True
Myroides_A0A7K1GNS5,A0A7K1GNS5,test,phenylalanine,Di,True,0.773,0.8676,0.0946,0.5287,0.7,0.9211,True
Myroides_A0A7K1GNS5,A0A7K1GNS5,test,phenylalanine,Mono,False,0.0398,0.0858,0.046,0.0529,0.0529,0.9211,True
Myroides_A0A7K1GNS5,A0A7K1GNS5,test,phenylalanine,Tri,True,0.7414,0.8408,0.0994,0.5287,0.7,0.9211,True
Myroides_A0A7K1GNS5,A0A7K1GNS5,test,proline,Di,False,0.0014,0.0018,0.0004,0.0023,0.0023,0.9211,True
Myroides_A0A7K1GNS5,A0A7K1GNS5,test,proline,Mono,False,0.0024,0.0027,0.0003,0.0101,0.0101,0.9211,True
Myroides_A0A7K1GNS5,A0A7K1GNS5,test,proline,Tri,False,0.0096,0.0237,0.0141,0.0101,0.0391,0.9211,True
Myroides_A0A7K1GNS5,A0A7K1GNS5,test,putrescine,Di,False,0.0007,0.0019,0.0012,0.0023,0.0023,0.9211,True
Myroides_A0A7K1GNS5,A0A7K1GNS5,test,putrescine,Mono,False,0.0003,0.0009,0.0006,0.0,0.0023,0.9211,True
Myroides_A0A7K1GNS5,A0A7K1GNS5,test,putrescine,Tri,False,0.0009,0.0036,0.0027,0.0023,0.0101,0.9211,True
Myroides_A0A7K1GNS5,A0A7K1GNS5,test,serine,Di,False,0.0304,0.0733,0.0429,0.0409,0.0529,0.9211,True
Myroides_A0A7K1GNS5,A0A7K1GNS5,test,serine,Mono,False,0.0393,0.0935,0.0542,0.0529,0.0714,0.9211,True
Myroides_A0A7K1GNS5,A0A7K1GNS5,test,serine,Tri,False,0.0146,0.0314,0.0168,0.0202,0.0409,0.9211,True
Myroides_A0A7K1GNS5,A0A7K1GNS5,test,serotonin,Di,False,0.0022,0.0034,0.0012,0.0023,0.0101,0.9211,True
Myroides_A0A7K1GNS5,A0A7K1GNS5,test,serotonin,Mono,False,0.0498,0.0555,0.0057,0.0529,0.0529,0.9211,True
Myroides_A0A7K1GNS5,A0A7K1GNS5,test,serotonin,Tri,False,0.0017,0.0034,0.0017,0.0023,0.0101,0.9211,True
Myroides_A0A7K1GNS5,A0A7K1GNS5,test,threonine,Di,False,0.0054,0.0204,0.015,0.0101,0.0301,0.9211,True
Myroides_A0A7K1GNS5,A0A7K1GNS5,test,threonine,Mono,False,0.0136,0.0401,0.0265,0.0137,0.0529,0.9211,True
Myroides_A0A7K1GNS5,A0A7K1GNS5,test,threonine,Tri,False,0.0006,0.0023,0.0017,0.0,0.0101,0.9211,True
Myroides_A0A7K1GNS5,A0A7K1GNS5,test,tryptamine,Di,False,0.0008,0.0015,0.0007,0.0023,0.0023,0.9211,True
Myroides_A0A7K1GNS5,A0A7K1GNS5,test,tryptamine,Mono,False,0.0004,0.0007,0.0003,0.0,0.0,0.9211,True
Myroides_A0A7K1GNS5,A0A7K1GNS5,test,tryptamine,Tri,False,0.0016,0.004,0.0024,0.0023,0.0101,0.9211,True
Myroides_A0A7K1GNS5,A0A7K1GNS5,test,tyramine,Di,False,0.0034,0.0056,0.0022,0.0101,0.0101,0.9211,True
Myroides_A0A7K1GNS5,A0A7K1GNS5,test,tyramine,Mono,False,0.0525,0.0755,0.023,0.0529,0.0529,0.9211,True
Myroides_A0A7K1GNS5,A0A7K1GNS5,test,tyramine,Tri,False,0.0032,0.0059,0.0027,0.0101,0.0101,0.9211,True
Okeania_SIO1F9_A0A6B3PBB6,A0A6B3PBB6,dev,"2,3_diaminopropionic acid",Di,False,0.0181,0.0079,-0.0102,0.0202,0.0101,0.9719,True
Okeania_SIO1F9_A0A6B3PBB6,A0A6B3PBB6,dev,"2,3_diaminopropionic acid",Mono,False,0.0097,0.0047,-0.005,0.0101,0.0101,0.9719,True
Okeania_SIO1F9_A0A6B3PBB6,A0A6B3PBB6,dev,"2,3_diaminopropionic acid",Tri,False,0.1718,0.0923,-0.0795,0.1127,0.0714,0.9719,True
Okeania_SIO1F9_A0A6B3PBB6,A0A6B3PBB6,dev,2_aminophenol,Di,False,0.5222,0.4823,-0.0399,0.4014,0.4014,0.9719,True
Okeania_SIO1F9_A0A6B3PBB6,A0A6B3PBB6,dev,2_aminophenol,Mono,False,0.0385,0.0349,-0.0036,0.0529,0.0409,0.9719,True
Okeania_SIO1F9_A0A6B3PBB6,A0A6B3PBB6,dev,2_aminophenol,Tri,False,0.4803,0.4346,-0.0457,0.4014,0.3936,0.9719,True
Okeania_SIO1F9_A0A6B3PBB6,A0A6B3PBB6,dev,3_methoxytyramine,Di,False,0.0848,0.0373,-0.0475,0.0529,0.0529,0.9719,True
Okeania_SIO1F9_A0A6B3PBB6,A0A6B3PBB6,dev,3_methoxytyramine,Mono,False,0.0052,0.0021,-0.0031,0.0101,0.0023,0.9719,True
Okeania_SIO1F9_A0A6B3PBB6,A0A6B3PBB6,dev,3_methoxytyramine,Tri,False,0.0619,0.0303,-0.0316,0.0529,0.0404,0.9719,True
Okeania_SIO1F9_A0A6B3PBB6,A0A6B3PBB6,dev,alanine,Di,True,0.9283,0.8492,-0.0791,0.8636,0.7,0.9719,True
Okeania_SIO1F9_A0A6B3PBB6,A0A6B3PBB6,dev,alanine,Mono,True,0.9131,0.827,-0.0861,0.8636,0.7,0.9719,True
Okeania_SIO1F9_A0A6B3PBB6,A0A6B3PBB6,dev,alanine,Tri,False,0.1364,0.1411,0.0047,0.0915,0.0915,0.9719,True
Okeania_SIO1F9_A0A6B3PBB6,A0A6B3PBB6,dev,arginine,Di,False,0.0012,0.0005,-0.0007,0.0023,0.0,0.9719,True
Okeania_SIO1F9_A0A6B3PBB6,A0A6B3PBB6,dev,arginine,Mono,False,0.0006,0.0003,-0.0003,0.0,0.0,0.9719,True
Okeania_SIO1F9_A0A6B3PBB6,A0A6B3PBB6,dev,arginine,Tri,False,0.0032,0.0017,-0.0015,0.0101,0.0023,0.9719,True
Okeania_SIO1F9_A0A6B3PBB6,A0A6B3PBB6,dev,asparagine,Di,False,0.0283,0.0113,-0.017,0.0391,0.0114,0.9719,True
Okeania_SIO1F9_A0A6B3PBB6,A0A6B3PBB6,dev,asparagine,Mono,False,0.0252,0.0103,-0.0149,0.0391,0.0101,0.9719,True
Okeania_SIO1F9_A0A6B3PBB6,A0A6B3PBB6,dev,asparagine,Tri,True,0.8523,0.6809,-0.1714,0.7,0.5287,0.9719,True
Okeania_SIO1F9_A0A6B3PBB6,A0A6B3PBB6,dev,cadaverine,Di,False,0.0017,0.0014,-0.0003,0.0023,0.0023,0.9719,True
Okeania_SIO1F9_A0A6B3PBB6,A0A6B3PBB6,dev,cadaverine,Mono,False,0.0007,0.0006,-1e-04,0.0023,0.0,0.9719,True
Okeania_SIO1F9_A0A6B3PBB6,A0A6B3PBB6,dev,cadaverine,Tri,False,0.0029,0.0025,-0.0004,0.0101,0.0101,0.9719,True
Okeania_SIO1F9_A0A6B3PBB6,A0A6B3PBB6,dev,citrulline,Di,False,0.006,0.0037,-0.0023,0.0101,0.0101,0.9719,True
Okeania_SIO1F9_A0A6B3PBB6,A0A6B3PBB6,dev,citrulline,Mono,False,0.002,0.0014,-0.0006,0.0023,0.0023,0.9719,True
Okeania_SIO1F9_A0A6B3PBB6,A0A6B3PBB6,dev,citrulline,Tri,False,0.0021,0.0012,-0.0009,0.0023,0.0023,0.9719,True
Okeania_SIO1F9_A0A6B3PBB6,A0A6B3PBB6,dev,cystine,Di,False,0.0048,0.0027,-0.0021,0.0101,0.0101,0.9719,True
Okeania_SIO1F9_A0A6B3PBB6,A0A6B3PBB6,dev,cystine,Mono,False,0.0015,0.0009,-0.0006,0.0023,0.0023,0.9719,True
Okeania_SIO1F9_A0A6B3PBB6,A0A6B3PBB6,dev,cystine,Tri,False,0.0062,0.0035,-0.0027,0.0101,0.0101,0.9719,True
Okeania_SIO1F9_A0A6B3PBB6,A0A6B3PBB6,dev,dopamine,Di,False,0.1433,0.0687,-0.0746,0.0915,0.0529,0.9719,True
Okeania_SIO1F9_A0A6B3PBB6,A0A6B3PBB6,dev,dopamine,Mono,False,0.0327,0.0135,-0.0192,0.0409,0.0137,0.9719,True
Okeania_SIO1F9_A0A6B3PBB6,A0A6B3PBB6,dev,dopamine,Tri,True,0.8235,0.673,-0.1505,0.7,0.5287,0.9719,True
Okeania_SIO1F9_A0A6B3PBB6,A0A6B3PBB6,dev,gaba,Di,True,0.972,0.9043,-0.0677,0.9082,0.8636,0.9719,True
Okeania_SIO1F9_A0A6B3PBB6,A0A6B3PBB6,dev,gaba,Mono,True,0.9761,0.9104,-0.0657,0.9082,0.8636,0.9719,True
Okeania_SIO1F9_A0A6B3PBB6,A0A6B3PBB6,dev,gaba,Tri,True,0.979,0.9237,-0.0553,0.9082,0.8636,0.9719,True
Okeania_SIO1F9_A0A6B3PBB6,A0A6B3PBB6,dev,glutamine,Di,False,0.0306,0.0135,-0.0171,0.0409,0.0137,0.9719,True
Okeania_SIO1F9_A0A6B3PBB6,A0A6B3PBB6,dev,glutamine,Mono,False,0.3006,0.1502,-0.1504,0.2692,0.1127,0.9719,True
Okeania_SIO1F9_A0A6B3PBB6,A0A6B3PBB6,dev,glutamine,Tri,False,0.0236,0.0083,-0.0153,0.0391,0.0101,0.9719,True
Okeania_SIO1F9_A0A6B3PBB6,A0A6B3PBB6,dev,glyglycine,Di,False,0.0044,0.0022,-0.0022,0.0101,0.0023,0.9719,True
Okeania_SIO1F9_A0A6B3PBB6,A0A6B3PBB6,dev,glyglycine,Mono,False,0.0035,0.0019,-0.0016,0.0101,0.0023,0.9719,True
Okeania_SIO1F9_A0A6B3PBB6,A0A6B3PBB6,dev,glyglycine,Tri,False,0.0265,0.016,-0.0105,0.0391,0.0202,0.9719,True
Okeania_SIO1F9_A0A6B3PBB6,A0A6B3PBB6,dev,histidine,Di,False,0.0004,0.0003,-1e-04,0.0,0.0,0.9719,True
Okeania_SIO1F9_A0A6B3PBB6,A0A6B3PBB6,dev,histidine,Mono,False,0.0004,0.0002,-0.0002,0.0,0.0,0.9719,True
Okeania_SIO1F9_A0A6B3PBB6,A0A6B3PBB6,dev,histidine,Tri,False,0.0032,0.0021,-0.0011,0.0101,0.0023,0.9719,True
Okeania_SIO1F9_A0A6B3PBB6,A0A6B3PBB6,dev,lysine,Di,False,0.0409,0.0254,-0.0155,0.0529,0.0391,0.9719,True
Okeania_SIO1F9_A0A6B3PBB6,A0A6B3PBB6,dev,lysine,Mono,False,0.0057,0.0034,-0.0023,0.0101,0.0101,0.9719,True
Okeania_SIO1F9_A0A6B3PBB6,A0A6B3PBB6,dev,lysine,Tri,False,0.0045,0.0022,-0.0023,0.0101,0.0023,0.9719,True
Okeania_SIO1F9_A0A6B3PBB6,A0A6B3PBB6,dev,methionine,Di,False,0.0155,0.0082,-0.0073,0.0202,0.0101,0.9719,True
Okeania_SIO1F9_A0A6B3PBB6,A0A6B3PBB6,dev,methionine,Mono,False,0.0205,0.0112,-0.0093,0.0301,0.0101,0.9719,True
Okeania_SIO1F9_A0A6B3PBB6,A0A6B3PBB6,dev,methionine,Tri,False,0.0336,0.015,-0.0186,0.0409,0.0202,0.9719,True
Okeania_SIO1F9_A0A6B3PBB6,A0A6B3PBB6,dev,ornithine,Di,False,0.0368,0.0227,-0.0141,0.0529,0.0345,0.9719,True
Okeania_SIO1F9_A0A6B3PBB6,A0A6B3PBB6,dev,ornithine,Mono,False,0.014,0.01,-0.004,0.0202,0.0101,0.9719,True
Okeania_SIO1F9_A0A6B3PBB6,A0A6B3PBB6,dev,ornithine,Tri,False,0.0073,0.004,-0.0033,0.0101,0.0101,0.9719,True
Okeania_SIO1F9_A0A6B3PBB6,A0A6B3PBB6,dev,phenylalanine,Di,True,0.8829,0.7777,-0.1052,0.8235,0.5287,0.9719,True
Okeania_SIO1F9_A0A6B3PBB6,A0A6B3PBB6,dev,phenylalanine,Mono,False,0.0763,0.0429,-0.0334,0.0529,0.0529,0.9719,True
Okeania_SIO1F9_A0A6B3PBB6,A0A6B3PBB6,dev,phenylalanine,Tri,True,0.9008,0.8016,-0.0992,0.8571,0.7,0.9719,True
Okeania_SIO1F9_A0A6B3PBB6,A0A6B3PBB6,dev,proline,Di,False,0.0013,0.001,-0.0003,0.0023,0.0023,0.9719,True
Okeania_SIO1F9_A0A6B3PBB6,A0A6B3PBB6,dev,proline,Mono,False,0.0016,0.0012,-0.0004,0.0023,0.0023,0.9719,True
Okeania_SIO1F9_A0A6B3PBB6,A0A6B3PBB6,dev,proline,Tri,False,0.0122,0.009,-0.0032,0.0114,0.0101,0.9719,True
Okeania_SIO1F9_A0A6B3PBB6,A0A6B3PBB6,dev,putrescine,Di,False,0.0018,0.0014,-0.0004,0.0023,0.0023,0.9719,True
Okeania_SIO1F9_A0A6B3PBB6,A0A6B3PBB6,dev,putrescine,Mono,False,0.0007,0.0006,-1e-04,0.0023,0.0,0.9719,True
Okeania_SIO1F9_A0A6B3PBB6,A0A6B3PBB6,dev,putrescine,Tri,False,0.0029,0.0024,-0.0005,0.0101,0.0101,0.9719,True
Okeania_SIO1F9_A0A6B3PBB6,A0A6B3PBB6,dev,serine,Di,False,0.0592,0.0395,-0.0197,0.0529,0.0529,0.9719,True
Okeania_SIO1F9_A0A6B3PBB6,A0A6B3PBB6,dev,serine,Mono,False,0.0812,0.055,-0.0262,0.0529,0.0529,0.9719,True
Okeania_SIO1F9_A0A6B3PBB6,A0A6B3PBB6,dev,serine,Tri,False,0.0276,0.0165,-0.0111,0.0391,0.0202,0.9719,True
Okeania_SIO1F9_A0A6B3PBB6,A0A6B3PBB6,dev,serotonin,Di,False,0.0035,0.0017,-0.0018,0.0101,0.0023,0.9719,True
Okeania_SIO1F9_A0A6B3PBB6,A0A6B3PBB6,dev,serotonin,Mono,False,0.0449,0.0221,-0.0228,0.0529,0.0301,0.9719,True
Okeania_SIO1F9_A0A6B3PBB6,A0A6B3PBB6,dev,serotonin,Tri,False,0.0033,0.0014,-0.0019,0.0101,0.0023,0.9719,True
Okeania_SIO1F9_A0A6B3PBB6,A0A6B3PBB6,dev,threonine,Di,False,0.0113,0.0077,-0.0036,0.0114,0.0101,0.9719,True
Okeania_SIO1F9_A0A6B3PBB6,A0A6B3PBB6,dev,threonine,Mono,False,0.0293,0.0179,-0.0114,0.0391,0.0202,0.9719,True
Okeania_SIO1F9_A0A6B3PBB6,A0A6B3PBB6,dev,threonine,Tri,False,0.0014,0.0008,-0.0006,0.0023,0.0023,0.9719,True
Okeania_SIO1F9_A0A6B3PBB6,A0A6B3PBB6,dev,tryptamine,Di,False,0.0008,0.0008,0.0,0.0023,0.0023,0.9719,True
Okeania_SIO1F9_A0A6B3PBB6,A0A6B3PBB6,dev,tryptamine,Mono,False,0.0003,0.0003,0.0,0.0,0.0,0.9719,True
Okeania_SIO1F9_A0A6B3PBB6,A0A6B3PBB6,dev,tryptamine,Tri,False,0.0025,0.0024,-1e-04,0.0101,0.0101,0.9719,True
Okeania_SIO1F9_A0A6B3PBB6,A0A6B3PBB6,dev,tyramine,Di,False,0.0078,0.0032,-0.0046,0.0101,0.0101,0.9719,True
Okeania_SIO1F9_A0A6B3PBB6,A0A6B3PBB6,dev,tyramine,Mono,False,0.0769,0.029,-0.0479,0.0529,0.0391,0.9719,True
Okeania_SIO1F9_A0A6B3PBB6,A0A6B3PBB6,dev,tyramine,Tri,False,0.0079,0.0033,-0.0046,0.0101,0.0101,0.9719,True
Okeania_SIO1F9_A0A6B3PFJ7,A0A6B3PFJ7,dev,"2,3_diaminopropionic acid",Di,False,0.0232,0.0147,-0.0085,0.0345,0.0202,0.9362,True
Okeania_SIO1F9_A0A6B3PFJ7,A0A6B3PFJ7,dev,"2,3_diaminopropionic acid",Mono,False,0.0141,0.0087,-0.0054,0.0202,0.0101,0.9362,True
Okeania_SIO1F9_A0A6B3PFJ7,A0A6B3PFJ7,dev,"2,3_diaminopropionic acid",Tri,False,0.1457,0.1108,-0.0349,0.0915,0.0915,0.9362,True
Okeania_SIO1F9_A0A6B3PFJ7,A0A6B3PFJ7,dev,2_aminophenol,Di,True,0.7953,0.7158,-0.0795,0.5287,0.5287,0.9362,True
Okeania_SIO1F9_A0A6B3PFJ7,A0A6B3PFJ7,dev,2_aminophenol,Mono,False,0.0998,0.0677,-0.0321,0.0915,0.0529,0.9362,True
Okeania_SIO1F9_A0A6B3PFJ7,A0A6B3PFJ7,dev,2_aminophenol,Tri,False,0.6286,0.5296,-0.099,0.4857,0.4014,0.9362,True
Okeania_SIO1F9_A0A6B3PFJ7,A0A6B3PFJ7,dev,3_methoxytyramine,Di,False,0.0748,0.0382,-0.0366,0.0529,0.0529,0.9362,True
Okeania_SIO1F9_A0A6B3PFJ7,A0A6B3PFJ7,dev,3_methoxytyramine,Mono,False,0.0074,0.004,-0.0034,0.0101,0.0101,0.9362,True
Okeania_SIO1F9_A0A6B3PFJ7,A0A6B3PFJ7,dev,3_methoxytyramine,Tri,False,0.0529,0.0326,-0.0203,0.0529,0.0409,0.9362,True
Okeania_SIO1F9_A0A6B3PFJ7,A0A6B3PFJ7,dev,alanine,Di,True,0.9545,0.8799,-0.0746,0.9023,0.75,0.9362,True
Okeania_SIO1F9_A0A6B3PFJ7,A0A6B3PFJ7,dev,alanine,Mono,True,0.9492,0.8658,-0.0834,0.9023,0.7,0.9362,True
Okeania_SIO1F9_A0A6B3PFJ7,A0A6B3PFJ7,dev,alanine,Tri,False,0.2444,0.1909,-0.0535,0.1757,0.1127,0.9362,True
Okeania_SIO1F9_A0A6B3PFJ7,A0A6B3PFJ7,dev,arginine,Di,False,0.0038,0.0029,-0.0009,0.0101,0.0101,0.9362,True
Okeania_SIO1F9_A0A6B3PFJ7,A0A6B3PFJ7,dev,arginine,Mono,False,0.0024,0.0018,-0.0006,0.0101,0.0023,0.9362,True
Okeania_SIO1F9_A0A6B3PFJ7,A0A6B3PFJ7,dev,arginine,Tri,False,0.0059,0.0054,-0.0005,0.0101,0.0101,0.9362,True
Okeania_SIO1F9_A0A6B3PFJ7,A0A6B3PFJ7,dev,asparagine,Di,False,0.0432,0.0291,-0.0141,0.0529,0.0391,0.9362,True
Okeania_SIO1F9_A0A6B3PFJ7,A0A6B3PFJ7,dev,asparagine,Mono,False,0.0589,0.0351,-0.0238,0.0529,0.0409,0.9362,True
Okeania_SIO1F9_A0A6B3PFJ7,A0A6B3PFJ7,dev,asparagine,Tri,True,0.9017,0.8378,-0.0639,0.8571,0.7,0.9362,True
Okeania_SIO1F9_A0A6B3PFJ7,A0A6B3PFJ7,dev,cadaverine,Di,False,0.0027,0.002,-0.0007,0.0101,0.0023,0.9362,True
Okeania_SIO1F9_A0A6B3PFJ7,A0A6B3PFJ7,dev,cadaverine,Mono,False,0.0014,0.0009,-0.0005,0.0023,0.0023,0.9362,True
Okeania_SIO1F9_A0A6B3PFJ7,A0A6B3PFJ7,dev,cadaverine,Tri,False,0.0053,0.0037,-0.0016,0.0101,0.0101,0.9362,True
Okeania_SIO1F9_A0A6B3PFJ7,A0A6B3PFJ7,dev,citrulline,Di,False,0.0113,0.0098,-0.0015,0.0114,0.0101,0.9362,True
Okeania_SIO1F9_A0A6B3PFJ7,A0A6B3PFJ7,dev,citrulline,Mono,False,0.0047,0.0036,-0.0011,0.0101,0.0101,0.9362,True
Okeania_SIO1F9_A0A6B3PFJ7,A0A6B3PFJ7,dev,citrulline,Tri,False,0.0034,0.0029,-0.0005,0.0101,0.0101,0.9362,True
Okeania_SIO1F9_A0A6B3PFJ7,A0A6B3PFJ7,dev,cystine,Di,False,0.0043,0.0041,-0.0002,0.0101,0.0101,0.9362,True
Okeania_SIO1F9_A0A6B3PFJ7,A0A6B3PFJ7,dev,cystine,Mono,False,0.002,0.002,0.0,0.0023,0.0023,0.9362,True
Okeania_SIO1F9_A0A6B3PFJ7,A0A6B3PFJ7,dev,cystine,Tri,False,0.0061,0.0073,0.0012,0.0101,0.0101,0.9362,True
Okeania_SIO1F9_A0A6B3PFJ7,A0A6B3PFJ7,dev,dopamine,Di,False,0.1731,0.0876,-0.0855,0.1127,0.0529,0.9362,True
Okeania_SIO1F9_A0A6B3PFJ7,A0A6B3PFJ7,dev,dopamine,Mono,False,0.0483,0.0242,-0.0241,0.0529,0.0391,0.9362,True
Okeania_SIO1F9_A0A6B3PFJ7,A0A6B3PFJ7,dev,dopamine,Tri,True,0.8598,0.7434,-0.1164,0.7,0.5287,0.9362,True
Okeania_SIO1F9_A0A6B3PFJ7,A0A6B3PFJ7,dev,gaba,Di,True,0.9732,0.8944,-0.0788,0.9082,0.8571,0.9362,True
Okeania_SIO1F9_A0A6B3PFJ7,A0A6B3PFJ7,dev,gaba,Mono,True,0.9836,0.9205,-0.0631,0.9214,0.8636,0.9362,True
Okeania_SIO1F9_A0A6B3PFJ7,A0A6B3PFJ7,dev,gaba,Tri,True,0.9797,0.9126,-0.0671,0.9082,0.8636,0.9362,True
Okeania_SIO1F9_A0A6B3PFJ7,A0A6B3PFJ7,dev,glutamine,Di,False,0.1341,0.1051,-0.029,0.0915,0.0915,0.9362,True
Okeania_SIO1F9_A0A6B3PFJ7,A0A6B3PFJ7,dev,glutamine,Mono,True,0.83,0.7069,-0.1231,0.7,0.5287,0.9362,True
Okeania_SIO1F9_A0A6B3PFJ7,A0A6B3PFJ7,dev,glutamine,Tri,False,0.1133,0.0796,-0.0337,0.0915,0.0529,0.9362,True
Okeania_SIO1F9_A0A6B3PFJ7,A0A6B3PFJ7,dev,glyglycine,Di,False,0.006,0.0045,-0.0015,0.0101,0.0101,0.9362,True
Okeania_SIO1F9_A0A6B3PFJ7,A0A6B3PFJ7,dev,glyglycine,Mono,False,0.0054,0.0039,-0.0015,0.0101,0.0101,0.9362,True
Okeania_SIO1F9_A0A6B3PFJ7,A0A6B3PFJ7,dev,glyglycine,Tri,False,0.0521,0.0368,-0.0153,0.0529,0.0529,0.9362,True
Okeania_SIO1F9_A0A6B3PFJ7,A0A6B3PFJ7,dev,histidine,Di,False,0.0005,0.0005,0.0,0.0,0.0,0.9362,True
Okeania_SIO1F9_A0A6B3PFJ7,A0A6B3PFJ7,dev,histidine,Mono,False,0.0003,0.0003,0.0,0.0,0.0,0.9362,True
Okeania_SIO1F9_A0A6B3PFJ7,A0A6B3PFJ7,dev,histidine,Tri,False,0.0053,0.0047,-0.0006,0.0101,0.0101,0.9362,True
Okeania_SIO1F9_A0A6B3PFJ7,A0A6B3PFJ7,dev,lysine,Di,False,0.0905,0.0922,0.0017,0.0529,0.0714,0.9362,True
Okeania_SIO1F9_A0A6B3PFJ7,A0A6B3PFJ7,dev,lysine,Mono,False,0.0137,0.0111,-0.0026,0.0137,0.0101,0.9362,True
Okeania_SIO1F9_A0A6B3PFJ7,A0A6B3PFJ7,dev,lysine,Tri,False,0.0071,0.0064,-0.0007,0.0101,0.0101,0.9362,True
Okeania_SIO1F9_A0A6B3PFJ7,A0A6B3PFJ7,dev,methionine,Di,False,0.0186,0.0174,-0.0012,0.0202,0.0202,0.9362,True
Okeania_SIO1F9_A0A6B3PFJ7,A0A6B3PFJ7,dev,methionine,Mono,False,0.0347,0.0282,-0.0065,0.0409,0.0391,0.9362,True
Okeania_SIO1F9_A0A6B3PFJ7,A0A6B3PFJ7,dev,methionine,Tri,False,0.0362,0.0314,-0.0048,0.0529,0.0409,0.9362,True
Okeania_SIO1F9_A0A6B3PFJ7,A0A6B3PFJ7,dev,ornithine,Di,False,0.0278,0.0192,-0.0086,0.0391,0.0202,0.9362,True
Okeania_SIO1F9_A0A6B3PFJ7,A0A6B3PFJ7,dev,ornithine,Mono,False,0.0142,0.0085,-0.0057,0.0202,0.0101,0.9362,True
Okeania_SIO1F9_A0A6B3PFJ7,A0A6B3PFJ7,dev,ornithine,Tri,False,0.0063,0.0043,-0.002,0.0101,0.0101,0.9362,True
Okeania_SIO1F9_A0A6B3PFJ7,A0A6B3PFJ7,dev,phenylalanine,Di,True,0.9376,0.8914,-0.0462,0.8636,0.8563,0.9362,True
Okeania_SIO1F9_A0A6B3PFJ7,A0A6B3PFJ7,dev,phenylalanine,Mono,False,0.1071,0.0787,-0.0284,0.0915,0.0529,0.9362,True
Okeania_SIO1F9_A0A6B3PFJ7,A0A6B3PFJ7,dev,phenylalanine,Tri,True,0.9245,0.8716,-0.0529,0.8636,0.7,0.9362,True
Okeania_SIO1F9_A0A6B3PFJ7,A0A6B3PFJ7,dev,proline,Di,False,0.0029,0.0018,-0.0011,0.0101,0.0023,0.9362,True
Okeania_SIO1F9_A0A6B3PFJ7,A0A6B3PFJ7,dev,proline,Mono,False,0.0045,0.0025,-0.002,0.0101,0.0101,0.9362,True
Okeania_SIO1F9_A0A6B3PFJ7,A0A6B3PFJ7,dev,proline,Tri,False,0.0278,0.0183,-0.0095,0.0391,0.0202,0.9362,True
Okeania_SIO1F9_A0A6B3PFJ7,A0A6B3PFJ7,dev,putrescine,Di,False,0.0028,0.0021,-0.0007,0.0101,0.0023,0.9362,True
Okeania_SIO1F9_A0A6B3PFJ7,A0A6B3PFJ7,dev,putrescine,Mono,False,0.0014,0.001,-0.0004,0.0023,0.0023,0.9362,True
Okeania_SIO1F9_A0A6B3PFJ7,A0A6B3PFJ7,dev,putrescine,Tri,False,0.0055,0.0039,-0.0016,0.0101,0.0101,0.9362,True
Okeania_SIO1F9_A0A6B3PFJ7,A0A6B3PFJ7,dev,serine,Di,False,0.0716,0.0631,-0.0085,0.0529,0.0529,0.9362,True
Okeania_SIO1F9_A0A6B3PFJ7,A0A6B3PFJ7,dev,serine,Mono,False,0.0906,0.0932,0.0026,0.0529,0.0714,0.9362,True
Okeania_SIO1F9_A0A6B3PFJ7,A0A6B3PFJ7,dev,serine,Tri,False,0.0383,0.0295,-0.0088,0.0529,0.0391,0.9362,True
Okeania_SIO1F9_A0A6B3PFJ7,A0A6B3PFJ7,dev,serotonin,Di,False,0.0049,0.0031,-0.0018,0.0101,0.0101,0.9362,True
Okeania_SIO1F9_A0A6B3PFJ7,A0A6B3PFJ7,dev,serotonin,Mono,False,0.0381,0.0187,-0.0194,0.0529,0.0202,0.9362,True
Okeania_SIO1F9_A0A6B3PFJ7,A0A6B3PFJ7,dev,serotonin,Tri,False,0.004,0.003,-0.001,0.0101,0.0101,0.9362,True
Okeania_SIO1F9_A0A6B3PFJ7,A0A6B3PFJ7,dev,threonine,Di,False,0.0179,0.0167,-0.0012,0.0202,0.0202,0.9362,True
Okeania_SIO1F9_A0A6B3PFJ7,A0A6B3PFJ7,dev,threonine,Mono,False,0.0415,0.0433,0.0018,0.0529,0.0529,0.9362,True
Okeania_SIO1F9_A0A6B3PFJ7,A0A6B3PFJ7,dev,threonine,Tri,False,0.0017,0.0016,-1e-04,0.0023,0.0023,0.9362,True
Okeania_SIO1F9_A0A6B3PFJ7,A0A6B3PFJ7,dev,tryptamine,Di,False,0.0021,0.0015,-0.0006,0.0023,0.0023,0.9362,True
Okeania_SIO1F9_A0A6B3PFJ7,A0A6B3PFJ7,dev,tryptamine,Mono,False,0.0006,0.0004,-0.0002,0.0,0.0,0.9362,True
Okeania_SIO1F9_A0A6B3PFJ7,A0A6B3PFJ7,dev,tryptamine,Tri,False,0.0051,0.0036,-0.0015,0.0101,0.0101,0.9362,True
Okeania_SIO1F9_A0A6B3PFJ7,A0A6B3PFJ7,dev,tyramine,Di,False,0.0116,0.0076,-0.004,0.0114,0.0101,0.9362,True
Okeania_SIO1F9_A0A6B3PFJ7,A0A6B3PFJ7,dev,tyramine,Mono,False,0.0698,0.0428,-0.027,0.0529,0.0529,0.9362,True
Okeania_SIO1F9_A0A6B3PFJ7,A0A6B3PFJ7,dev,tyramine,Tri,False,0.0118,0.0079,-0.0039,0.0114,0.0101,0.9362,True
Symploca_SIO2E9_A0A6B3M9R4,A0A6B3M9R4,test,"2,3_diaminopropionic acid",Di,False,0.0018,0.0102,0.0084,0.0023,0.0101,0.9171,True
Symploca_SIO2E9_A0A6B3M9R4,A0A6B3M9R4,test,"2,3_diaminopropionic acid",Mono,False,0.001,0.0057,0.0047,0.0023,0.0101,0.9171,True
Symploca_SIO2E9_A0A6B3M9R4,A0A6B3M9R4,test,"2,3_diaminopropionic acid",Tri,False,0.0182,0.1225,0.1043,0.0202,0.0915,0.9171,True
Symploca_SIO2E9_A0A6B3M9R4,A0A6B3M9R4,test,2_aminophenol,Di,True,0.2116,0.7893,0.5777,0.1127,0.5287,0.9171,True
Symploca_SIO2E9_A0A6B3M9R4,A0A6B3M9R4,test,2_aminophenol,Mono,False,0.0238,0.0921,0.0683,0.0391,0.0714,0.9171,True
Symploca_SIO2E9_A0A6B3M9R4,A0A6B3M9R4,test,2_aminophenol,Tri,False,0.1282,0.6568,0.5286,0.0915,0.5287,0.9171,True
Symploca_SIO2E9_A0A6B3M9R4,A0A6B3M9R4,test,3_methoxytyramine,Di,False,0.0145,0.0369,0.0224,0.0202,0.0529,0.9171,True
Symploca_SIO2E9_A0A6B3M9R4,A0A6B3M9R4,test,3_methoxytyramine,Mono,False,0.001,0.0036,0.0026,0.0023,0.0101,0.9171,True
Symploca_SIO2E9_A0A6B3M9R4,A0A6B3M9R4,test,3_methoxytyramine,Tri,False,0.0112,0.0296,0.0184,0.0101,0.0391,0.9171,True
Symploca_SIO2E9_A0A6B3M9R4,A0A6B3M9R4,test,alanine,Di,True,0.3262,0.8994,0.5732,0.2692,0.8571,0.9171,True
Symploca_SIO2E9_A0A6B3M9R4,A0A6B3M9R4,test,alanine,Mono,True,0.2729,0.8742,0.6013,0.1915,0.7,0.9171,True
Symploca_SIO2E9_A0A6B3M9R4,A0A6B3M9R4,test,alanine,Tri,False,0.0134,0.1359,0.1225,0.0137,0.0915,0.9171,True
Symploca_SIO2E9_A0A6B3M9R4,A0A6B3M9R4,test,arginine,Di,False,0.0003,0.0028,0.0025,0.0,0.0101,0.9171,True
Symploca_SIO2E9_A0A6B3M9R4,A0A6B3M9R4,test,arginine,Mono,False,0.0002,0.0016,0.0014,0.0,0.0023,0.9171,True
Symploca_SIO2E9_A0A6B3M9R4,A0A6B3M9R4,test,arginine,Tri,False,0.0008,0.0107,0.0099,0.0023,0.0101,0.9171,True
Symploca_SIO2E9_A0A6B3M9R4,A0A6B3M9R4,test,asparagine,Di,False,0.0071,0.0458,0.0387,0.0101,0.0529,0.9171,True
Symploca_SIO2E9_A0A6B3M9R4,A0A6B3M9R4,test,asparagine,Mono,False,0.0078,0.0469,0.0391,0.0101,0.0529,0.9171,True
Symploca_SIO2E9_A0A6B3M9R4,A0A6B3M9R4,test,asparagine,Tri,True,0.4412,0.8405,0.3993,0.3936,0.7,0.9171,True
Symploca_SIO2E9_A0A6B3M9R4,A0A6B3M9R4,test,cadaverine,Di,False,0.0003,0.0016,0.0013,0.0,0.0023,0.9171,True
Symploca_SIO2E9_A0A6B3M9R4,A0A6B3M9R4,test,cadaverine,Mono,False,1e-04,0.0007,0.0006,0.0,0.0,0.9171,True
Symploca_SIO2E9_A0A6B3M9R4,A0A6B3M9R4,test,cadaverine,Tri,False,0.0003,0.0021,0.0018,0.0,0.0023,0.9171,True
Symploca_SIO2E9_A0A6B3M9R4,A0A6B3M9R4,test,citrulline,Di,False,0.0013,0.022,0.0207,0.0023,0.0301,0.9171,True
Symploca_SIO2E9_A0A6B3M9R4,A0A6B3M9R4,test,citrulline,Mono,False,0.0006,0.0067,0.0061,0.0,0.0101,0.9171,True
Symploca_SIO2E9_A0A6B3M9R4,A0A6B3M9R4,test,citrulline,Tri,False,0.0004,0.0069,0.0065,0.0,0.0101,0.9171,True
Symploca_SIO2E9_A0A6B3M9R4,A0A6B3M9R4,test,cystine,Di,False,0.0007,0.0033,0.0026,0.0,0.0101,0.9171,True
Symploca_SIO2E9_A0A6B3M9R4,A0A6B3M9R4,test,cystine,Mono,False,0.0003,0.0013,0.001,0.0,0.0023,0.9171,True
Symploca_SIO2E9_A0A6B3M9R4,A0A6B3M9R4,test,cystine,Tri,False,0.0008,0.0043,0.0035,0.0023,0.0101,0.9171,True
Symploca_SIO2E9_A0A6B3M9R4,A0A6B3M9R4,test,dopamine,Di,False,0.0371,0.1124,0.0753,0.0529,0.0915,0.9171,True
Symploca_SIO2E9_A0A6B3M9R4,A0A6B3M9R4,test,dopamine,Mono,False,0.0069,0.0312,0.0243,0.0101,0.0409,0.9171,True
Symploca_SIO2E9_A0A6B3M9R4,A0A6B3M9R4,test,dopamine,Tri,True,0.4233,0.7899,0.3666,0.2815,0.5287,0.9171,True
Symploca_SIO2E9_A0A6B3M9R4,A0A6B3M9R4,test,gaba,Di,True,0.2309,0.961,0.7301,0.1455,0.9023,0.9171,True
Symploca_SIO2E9_A0A6B3M9R4,A0A6B3M9R4,test,gaba,Mono,True,0.2797,0.971,0.6913,0.1915,0.9082,0.9171,True
Symploca_SIO2E9_A0A6B3M9R4,A0A6B3M9R4,test,gaba,Tri,True,0.2555,0.9645,0.709,0.1757,0.9023,0.9171,True
Symploca_SIO2E9_A0A6B3M9R4,A0A6B3M9R4,test,glutamine,Di,False,0.0112,0.1044,0.0932,0.0101,0.0915,0.9171,True
Symploca_SIO2E9_A0A6B3M9R4,A0A6B3M9R4,test,glutamine,Mono,True,0.1906,0.6938,0.5032,0.1127,0.5287,0.9171,True
Symploca_SIO2E9_A0A6B3M9R4,A0A6B3M9R4,test,glutamine,Tri,False,0.0084,0.0801,0.0717,0.0101,0.0529,0.9171,True
Symploca_SIO2E9_A0A6B3M9R4,A0A6B3M9R4,test,glyglycine,Di,False,0.0008,0.0038,0.003,0.0023,0.0101,0.9171,True
Symploca_SIO2E9_A0A6B3M9R4,A0A6B3M9R4,test,glyglycine,Mono,False,0.0007,0.0031,0.0024,0.0,0.0101,0.9171,True
Symploca_SIO2E9_A0A6B3M9R4,A0A6B3M9R4,test,glyglycine,Tri,False,0.0036,0.0224,0.0188,0.0101,0.0345,0.9171,True
Symploca_SIO2E9_A0A6B3M9R4,A0A6B3M9R4,test,histidine,Di,False,1e-04,0.0007,0.0006,0.0,0.0023,0.9171,True
Symploca_SIO2E9_A0A6B3M9R4,A0A6B3M9R4,test,histidine,Mono,False,1e-04,0.0005,0.0004,0.0,0.0,0.9171,True
Symploca_SIO2E9_A0A6B3M9R4,A0A6B3M9R4,test,histidine,Tri,False,0.0006,0.0047,0.0041,0.0,0.0101,0.9171,True
Symploca_SIO2E9_A0A6B3M9R4,A0A6B3M9R4,test,lysine,Di,False,0.0057,0.0568,0.0511,0.0101,0.0529,0.9171,True
Symploca_SIO2E9_A0A6B3M9R4,A0A6B3M9R4,test,lysine,Mono,False,0.0012,0.0097,0.0085,0.0023,0.0101,0.9171,True
Symploca_SIO2E9_A0A6B3M9R4,A0A6B3M9R4,test,lysine,Tri,False,0.0007,0.0067,0.006,0.0,0.0101,0.9171,True
Symploca_SIO2E9_A0A6B3M9R4,A0A6B3M9R4,test,methionine,Di,False,0.0019,0.024,0.0221,0.0023,0.0391,0.9171,True
Symploca_SIO2E9_A0A6B3M9R4,A0A6B3M9R4,test,methionine,Mono,False,0.0033,0.0322,0.0289,0.0101,0.0409,0.9171,True
Symploca_SIO2E9_A0A6B3M9R4,A0A6B3M9R4,test,methionine,Tri,False,0.0039,0.0428,0.0389,0.0101,0.0529,0.9171,True
Symploca_SIO2E9_A0A6B3M9R4,A0A6B3M9R4,test,ornithine,Di,False,0.0057,0.0217,0.016,0.0101,0.0301,0.9171,True
Symploca_SIO2E9_A0A6B3M9R4,A0A6B3M9R4,test,ornithine,Mono,False,0.0035,0.0097,0.0062,0.0101,0.0101,0.9171,True
Symploca_SIO2E9_A0A6B3M9R4,A0A6B3M9R4,test,ornithine,Tri,False,0.0012,0.0054,0.0042,0.0023,0.0101,0.9171,True
Symploca_SIO2E9_A0A6B3M9R4,A0A6B3M9R4,test,phenylalanine,Di,True,0.2989,0.902,0.6031,0.2692,0.8636,0.9171,True
Symploca_SIO2E9_A0A6B3M9R4,A0A6B3M9R4,test,phenylalanine,Mono,False,0.0143,0.0846,0.0703,0.0202,0.0529,0.9171,True
Symploca_SIO2E9_A0A6B3M9R4,A0A6B3M9R4,test,phenylalanine,Tri,True,0.2569,0.8814,0.6245,0.1757,0.8235,0.9171,True
Symploca_SIO2E9_A0A6B3M9R4,A0A6B3M9R4,test,proline,Di,False,0.0004,0.0034,0.003,0.0,0.0101,0.9171,True
Symploca_SIO2E9_A0A6B3M9R4,A0A6B3M9R4,test,proline,Mono,False,0.0006,0.004,0.0034,0.0,0.0101,0.9171,True
Symploca_SIO2E9_A0A6B3M9R4,A0A6B3M9R4,test,proline,Tri,False,0.0028,0.0268,0.024,0.0101,0.0391,0.9171,True
Symploca_SIO2E9_A0A6B3M9R4,A0A6B3M9R4,test,putrescine,Di,False,0.0003,0.0017,0.0014,0.0,0.0023,0.9171,True
Symploca_SIO2E9_A0A6B3M9R4,A0A6B3M9R4,test,putrescine,Mono,False,1e-04,0.0007,0.0006,0.0,0.0023,0.9171,True
Symploca_SIO2E9_A0A6B3M9R4,A0A6B3M9R4,test,putrescine,Tri,False,0.0003,0.0022,0.0019,0.0,0.0023,0.9171,True
Symploca_SIO2E9_A0A6B3M9R4,A0A6B3M9R4,test,serine,Di,False,0.0069,0.0853,0.0784,0.0101,0.0529,0.9171,True
Symploca_SIO2E9_A0A6B3M9R4,A0A6B3M9R4,test,serine,Mono,False,0.0091,0.0954,0.0863,0.0101,0.0915,0.9171,True
Symploca_SIO2E9_A0A6B3M9R4,A0A6B3M9R4,test,serine,Tri,False,0.004,0.0505,0.0465,0.0101,0.0529,0.9171,True
Symploca_SIO2E9_A0A6B3M9R4,A0A6B3M9R4,test,serotonin,Di,False,0.0007,0.0035,0.0028,0.0023,0.0101,0.9171,True
Symploca_SIO2E9_A0A6B3M9R4,A0A6B3M9R4,test,serotonin,Mono,False,0.0159,0.0552,0.0393,0.0202,0.0529,0.9171,True
Symploca_SIO2E9_A0A6B3M9R4,A0A6B3M9R4,test,serotonin,Tri,False,0.0006,0.0029,0.0023,0.0,0.0101,0.9171,True
Symploca_SIO2E9_A0A6B3M9R4,A0A6B3M9R4,test,threonine,Di,False,0.0014,0.0216,0.0202,0.0023,0.0301,0.9171,True
Symploca_SIO2E9_A0A6B3M9R4,A0A6B3M9R4,test,threonine,Mono,False,0.0032,0.0447,0.0415,0.0101,0.0529,0.9171,True
Symploca_SIO2E9_A0A6B3M9R4,A0A6B3M9R4,test,threonine,Tri,False,0.0002,0.0034,0.0032,0.0,0.0101,0.9171,True
Symploca_SIO2E9_A0A6B3M9R4,A0A6B3M9R4,test,tryptamine,Di,False,0.0004,0.0019,0.0015,0.0,0.0023,0.9171,True
Symploca_SIO2E9_A0A6B3M9R4,A0A6B3M9R4,test,tryptamine,Mono,False,0.0002,0.0006,0.0004,0.0,0.0,0.9171,True
Symploca_SIO2E9_A0A6B3M9R4,A0A6B3M9R4,test,tryptamine,Tri,False,0.0008,0.004,0.0032,0.0023,0.0101,0.9171,True
Symploca_SIO2E9_A0A6B3M9R4,A0A6B3M9R4,test,tyramine,Di,False,0.0009,0.0055,0.0046,0.0023,0.0101,0.9171,True
Symploca_SIO2E9_A0A6B3M9R4,A0A6B3M9R4,test,tyramine,Mono,False,0.0156,0.0828,0.0672,0.0202,0.0529,0.9171,True
Symploca_SIO2E9_A0A6B3M9R4,A0A6B3M9R4,test,tyramine,Tri,False,0.0009,0.0049,0.004,0.0023,0.0101,0.9171,True
Vibrio_A0A7W2FPE8,A0A7W2FPE8,dev,"2,3_diaminopropionic acid",Di,True,0.6468,0.244,-0.4028,0.5287,0.1757,0.9375,True
Vibrio_A0A7W2FPE8,A0A7W2FPE8,dev,"2,3_diaminopropionic acid",Mono,False,0.3802,0.1247,-0.2555,0.2815,0.0915,0.9375,True
Vibrio_A0A7W2FPE8,A0A7W2FPE8,dev,"2,3_diaminopropionic acid",Tri,True,0.9045,0.7707,-0.1338,0.8636,0.5287,0.9375,True
Vibrio_A0A7W2FPE8,A0A7W2FPE8,dev,2_aminophenol,Di,True,0.9925,0.9586,-0.0339,0.9214,0.9023,0.9375,True
Vibrio_A0A7W2FPE8,A0A7W2FPE8,dev,2_aminophenol,Mono,True,0.7984,0.4461,-0.3523,0.6667,0.3936,0.9375,True
Vibrio_A0A7W2FPE8,A0A7W2FPE8,dev,2_aminophenol,Tri,True,0.9863,0.935,-0.0513,0.9214,0.8636,0.9375,True
Vibrio_A0A7W2FPE8,A0A7W2FPE8,dev,3_methoxytyramine,Di,True,0.8999,0.4784,-0.4215,0.8571,0.4014,0.9375,True
Vibrio_A0A7W2FPE8,A0A7W2FPE8,dev,3_methoxytyramine,Mono,False,0.1998,0.0429,-0.1569,0.1127,0.0529,0.9375,True
Vibrio_A0A7W2FPE8,A0A7W2FPE8,dev,3_methoxytyramine,Tri,True,0.8422,0.3943,-0.4479,0.7,0.2815,0.9375,True
Vibrio_A0A7W2FPE8,A0A7W2FPE8,dev,alanine,Di,True,0.9901,0.9727,-0.0174,0.9214,0.9082,0.9375,True
Vibrio_A0A7W2FPE8,A0A7W2FPE8,dev,alanine,Mono,True,0.9829,0.9556,-0.0273,0.9214,0.9023,0.9375,True
Vibrio_A0A7W2FPE8,A0A7W2FPE8,dev,alanine,Tri,False,0.499,0.502,0.003,0.4014,0.4014,0.9375,True
Vibrio_A0A7W2FPE8,A0A7W2FPE8,dev,arginine,Di,False,0.0393,0.0125,-0.0268,0.0529,0.0137,0.9375,True
Vibrio_A0A7W2FPE8,A0A7W2FPE8,dev,arginine,Mono,False,0.0128,0.0062,-0.0066,0.0137,0.0101,0.9375,True
Vibrio_A0A7W2FPE8,A0A7W2FPE8,dev,arginine,Tri,False,0.0429,0.0373,-0.0056,0.0529,0.0529,0.9375,True
Vibrio_A0A7W2FPE8,A0A7W2FPE8,dev,asparagine,Di,False,0.1289,0.1068,-0.0221,0.0915,0.0915,0.9375,True
Vibrio_A0A7W2FPE8,A0A7W2FPE8,dev,asparagine,Mono,False,0.0792,0.0837,0.0045,0.0529,0.0529,0.9375,True
Vibrio_A0A7W2FPE8,A0A7W2FPE8,dev,asparagine,Tri,True,0.9274,0.9337,0.0063,0.8636,0.8636,0.9375,True
Vibrio_A0A7W2FPE8,A0A7W2FPE8,dev,cadaverine,Di,False,0.2671,0.0492,-0.2179,0.1875,0.0529,0.9375,True
Vibrio_A0A7W2FPE8,A0A7W2FPE8,dev,cadaverine,Mono,False,0.1089,0.0182,-0.0907,0.0915,0.0202,0.9375,True
Vibrio_A0A7W2FPE8,A0A7W2FPE8,dev,cadaverine,Tri,True,0.8701,0.3129,-0.5572,0.7,0.2692,0.9375,True
Vibrio_A0A7W2FPE8,A0A7W2FPE8,dev,citrulline,Di,False,0.1311,0.0974,-0.0337,0.0915,0.0915,0.9375,True
Vibrio_A0A7W2FPE8,A0A7W2FPE8,dev,citrulline,Mono,False,0.0341,0.0289,-0.0052,0.0409,0.0391,0.9375,True
Vibrio_A0A7W2FPE8,A0A7W2FPE8,dev,citrulline,Tri,False,0.0384,0.0282,-0.0102,0.0529,0.0391,0.9375,True
Vibrio_A0A7W2FPE8,A0A7W2FPE8,dev,cystine,Di,False,0.1005,0.0364,-0.0641,0.0915,0.0529,0.9375,True
Vibrio_A0A7W2FPE8,A0A7W2FPE8,dev,cystine,Mono,False,0.0281,0.0114,-0.0167,0.0391,0.0114,0.9375,True
Vibrio_A0A7W2FPE8,A0A7W2FPE8,dev,cystine,Tri,False,0.1234,0.0448,-0.0786,0.0915,0.0529,0.9375,True
Vibrio_A0A7W2FPE8,A0A7W2FPE8,dev,dopamine,Di,True,0.8523,0.5416,-0.3107,0.7,0.4014,0.9375,True
Vibrio_A0A7W2FPE8,A0A7W2FPE8,dev,dopamine,Mono,False,0.3902,0.1796,-0.2106,0.2815,0.1127,0.9375,True
Vibrio_A0A7W2FPE8,A0A7W2FPE8,dev,dopamine,Tri,True,0.9848,0.9521,-0.0327,0.9214,0.9023,0.9375,True
Vibrio_A0A7W2FPE8,A0A7W2FPE8,dev,gaba,Di,True,0.9958,0.9797,-0.0161,0.9214,0.9082,0.9375,True
Vibrio_A0A7W2FPE8,A0A7W2FPE8,dev,gaba,Mono,True,0.9956,0.9735,-0.0221,0.9214,0.9082,0.9375,True
Vibrio_A0A7W2FPE8,A0A7W2FPE8,dev,gaba,Tri,True,0.9967,0.9817,-0.015,0.935,0.9083,0.9375,True
Vibrio_A0A7W2FPE8,A0A7W2FPE8,dev,glutamine,Di,False,0.1349,0.1815,0.0466,0.0915,0.1127,0.9375,True
Vibrio_A0A7W2FPE8,A0A7W2FPE8,dev,glutamine,Mono,False,0.5991,0.6087,0.0096,0.4638,0.4638,0.9375,True
Vibrio_A0A7W2FPE8,A0A7W2FPE8,dev,glutamine,Tri,False,0.0763,0.1021,0.0258,0.0529,0.0915,0.9375,True
Vibrio_A0A7W2FPE8,A0A7W2FPE8,dev,glyglycine,Di,False,0.0419,0.02,-0.0219,0.0529,0.0301,0.9375,True
Vibrio_A0A7W2FPE8,A0A7W2FPE8,dev,glyglycine,Mono,False,0.0236,0.0124,-0.0112,0.0391,0.0114,0.9375,True
Vibrio_A0A7W2FPE8,A0A7W2FPE8,dev,glyglycine,Tri,False,0.2556,0.1405,-0.1151,0.1757,0.0915,0.9375,True
Vibrio_A0A7W2FPE8,A0A7W2FPE8,dev,histidine,Di,False,0.0041,0.0035,-0.0006,0.0101,0.0101,0.9375,True
Vibrio_A0A7W2FPE8,A0A7W2FPE8,dev,histidine,Mono,False,0.0022,0.0019,-0.0003,0.0023,0.0023,0.9375,True
Vibrio_A0A7W2FPE8,A0A7W2FPE8,dev,histidine,Tri,False,0.0398,0.0273,-0.0125,0.0529,0.0391,0.9375,True
Vibrio_A0A7W2FPE8,A0A7W2FPE8,dev,lysine,Di,True,0.6898,0.4693,-0.2205,0.5287,0.3936,0.9375,True
Vibrio_A0A7W2FPE8,A0A7W2FPE8,dev,lysine,Mono,False,0.1519,0.0734,-0.0785,0.1127,0.0529,0.9375,True
Vibrio_A0A7W2FPE8,A0A7W2FPE8,dev,lysine,Tri,False,0.1145,0.0492,-0.0653,0.0915,0.0529,0.9375,True
Vibrio_A0A7W2FPE8,A0A7W2FPE8,dev,methionine,Di,False,0.1405,0.1276,-0.0129,0.0915,0.0915,0.9375,True
Vibrio_A0A7W2FPE8,A0A7W2FPE8,dev,methionine,Mono,False,0.144,0.1311,-0.0129,0.0915,0.0915,0.9375,True
Vibrio_A0A7W2FPE8,A0A7W2FPE8,dev,methionine,Tri,False,0.216,0.1846,-0.0314,0.1127,0.1127,0.9375,True
Vibrio_A0A7W2FPE8,A0A7W2FPE8,dev,ornithine,Di,True,0.8826,0.4893,-0.3933,0.8235,0.4014,0.9375,True
Vibrio_A0A7W2FPE8,A0A7W2FPE8,dev,ornithine,Mono,True,0.7102,0.254,-0.4562,0.5287,0.1757,0.9375,True
Vibrio_A0A7W2FPE8,A0A7W2FPE8,dev,ornithine,Tri,False,0.4559,0.109,-0.3469,0.3936,0.0915,0.9375,True
Vibrio_A0A7W2FPE8,A0A7W2FPE8,dev,phenylalanine,Di,True,0.9854,0.967,-0.0184,0.9214,0.9082,0.9375,True
Vibrio_A0A7W2FPE8,A0A7W2FPE8,dev,phenylalanine,Mono,False,0.476,0.3714,-0.1046,0.4014,0.2815,0.9375,True
Vibrio_A0A7W2FPE8,A0A7W2FPE8,dev,phenylalanine,Tri,True,0.9837,0.9627,-0.021,0.9214,0.9023,0.9375,True
Vibrio_A0A7W2FPE8,A0A7W2FPE8,dev,proline,Di,False,0.1077,0.0242,-0.0835,0.0915,0.0391,0.9375,True
Vibrio_A0A7W2FPE8,A0A7W2FPE8,dev,proline,Mono,False,0.071,0.0188,-0.0522,0.0529,0.0202,0.9375,True
Vibrio_A0A7W2FPE8,A0A7W2FPE8,dev,proline,Tri,True,0.6862,0.332,-0.3542,0.5287,0.2692,0.9375,True
Vibrio_A0A7W2FPE8,A0A7W2FPE8,dev,putrescine,Di,False,0.2711,0.0497,-0.2214,0.1915,0.0529,0.9375,True
Vibrio_A0A7W2FPE8,A0A7W2FPE8,dev,putrescine,Mono,False,0.1131,0.0183,-0.0948,0.0915,0.0202,0.9375,True
Vibrio_A0A7W2FPE8,A0A7W2FPE8,dev,putrescine,Tri,True,0.8702,0.3054,-0.5648,0.7,0.2692,0.9375,True
Vibrio_A0A7W2FPE8,A0A7W2FPE8,dev,serine,Di,False,0.5974,0.5082,-0.0892,0.4638,0.4014,0.9375,True
Vibrio_A0A7W2FPE8,A0A7W2FPE8,dev,serine,Mono,True,0.6952,0.5518,-0.1434,0.5287,0.4014,0.9375,True
Vibrio_A0A7W2FPE8,A0A7W2FPE8,dev,serine,Tri,False,0.365,0.2798,-0.0852,0.2815,0.1915,0.9375,True
Vibrio_A0A7W2FPE8,A0A7W2FPE8,dev,serotonin,Di,False,0.1105,0.0503,-0.0602,0.0915,0.0529,0.9375,True
Vibrio_A0A7W2FPE8,A0A7W2FPE8,dev,serotonin,Mono,False,0.5315,0.3574,-0.1741,0.4014,0.2815,0.9375,True
Vibrio_A0A7W2FPE8,A0A7W2FPE8,dev,serotonin,Tri,False,0.1096,0.0436,-0.066,0.0915,0.0529,0.9375,True
Vibrio_A0A7W2FPE8,A0A7W2FPE8,dev,threonine,Di,False,0.0785,0.1202,0.0417,0.0529,0.0915,0.9375,True
Vibrio_A0A7W2FPE8,A0A7W2FPE8,dev,threonine,Mono,False,0.1762,0.1905,0.0143,0.1127,0.1127,0.9375,True
Vibrio_A0A7W2FPE8,A0A7W2FPE8,dev,threonine,Tri,False,0.0096,0.0125,0.0029,0.0101,0.0137,0.9375,True
Vibrio_A0A7W2FPE8,A0A7W2FPE8,dev,tryptamine,Di,False,0.2712,0.0321,-0.2391,0.1915,0.0409,0.9375,True
Vibrio_A0A7W2FPE8,A0A7W2FPE8,dev,tryptamine,Mono,False,0.0844,0.011,-0.0734,0.0529,0.0101,0.9375,True
Vibrio_A0A7W2FPE8,A0A7W2FPE8,dev,tryptamine,Tri,True,0.9422,0.3995,-0.5427,0.8696,0.2815,0.9375,True
Vibrio_A0A7W2FPE8,A0A7W2FPE8,dev,tyramine,Di,False,0.1236,0.0573,-0.0663,0.0915,0.0529,0.9375,True
Vibrio_A0A7W2FPE8,A0A7W2FPE8,dev,tyramine,Mono,False,0.5218,0.3285,-0.1933,0.4014,0.2692,0.9375,True
Vibrio_A0A7W2FPE8,A0A7W2FPE8,dev,tyramine,Tri,False,0.1091,0.0514,-0.0577,0.0915,0.0529,0.9375,True
cluster103_A0A349QN89,A0A349QN89,dev,"2,3_diaminopropionic acid",Di,False,0.2419,0.1813,-0.0606,0.1757,0.1127,0.9793,True
cluster103_A0A349QN89,A0A349QN89,dev,"2,3_diaminopropionic acid",Mono,False,0.1579,0.1093,-0.0486,0.1127,0.0915,0.9793,True
cluster103_A0A349QN89,A0A349QN89,dev,"2,3_diaminopropionic acid",Tri,True,0.921,0.9025,-0.0185,0.8636,0.8636,0.9793,True
cluster103_A0A349QN89,A0A349QN89,dev,2_aminophenol,Di,True,0.9884,0.9756,-0.0128,0.9214,0.9082,0.9793,True
cluster103_A0A349QN89,A0A349QN89,dev,2_aminophenol,Mono,True,0.8706,0.7802,-0.0904,0.7,0.5287,0.9793,True
cluster103_A0A349QN89,A0A349QN89,dev,2_aminophenol,Tri,True,0.9885,0.9769,-0.0116,0.9214,0.9082,0.9793,True
cluster103_A0A349QN89,A0A349QN89,dev,3_methoxytyramine,Di,False,0.1132,0.0929,-0.0203,0.0915,0.0714,0.9793,True
cluster103_A0A349QN89,A0A349QN89,dev,3_methoxytyramine,Mono,False,0.0219,0.016,-0.0059,0.0301,0.0202,0.9793,True
cluster103_A0A349QN89,A0A349QN89,dev,3_methoxytyramine,Tri,False,0.1871,0.112,-0.0751,0.1127,0.0915,0.9793,True
cluster103_A0A349QN89,A0A349QN89,dev,alanine,Di,True,0.9948,0.9909,-0.0039,0.9214,0.9214,0.9793,True
cluster103_A0A349QN89,A0A349QN89,dev,alanine,Mono,True,0.9944,0.9882,-0.0062,0.9214,0.9214,0.9793,True
cluster103_A0A349QN89,A0A349QN89,dev,alanine,Tri,True,0.9806,0.9724,-0.0082,0.9082,0.9082,0.9793,True
cluster103_A0A349QN89,A0A349QN89,dev,arginine,Di,False,0.0167,0.0243,0.0076,0.0202,0.0391,0.9793,True
cluster103_A0A349QN89,A0A349QN89,dev,arginine,Mono,False,0.0074,0.0091,0.0017,0.0101,0.0101,0.9793,True
cluster103_A0A349QN89,A0A349QN89,dev,arginine,Tri,False,0.1098,0.1901,0.0803,0.0915,0.1127,0.9793,True
cluster103_A0A349QN89,A0A349QN89,dev,asparagine,Di,False,0.1141,0.1109,-0.0032,0.0915,0.0915,0.9793,True
cluster103_A0A349QN89,A0A349QN89,dev,asparagine,Mono,False,0.0941,0.0839,-0.0102,0.0714,0.0529,0.9793,True
cluster103_A0A349QN89,A0A349QN89,dev,asparagine,Tri,True,0.9135,0.9096,-0.0039,0.8636,0.8636,0.9793,True
cluster103_A0A349QN89,A0A349QN89,dev,cadaverine,Di,False,0.0158,0.011,-0.0048,0.0202,0.0101,0.9793,True
cluster103_A0A349QN89,A0A349QN89,dev,cadaverine,Mono,False,0.0053,0.0035,-0.0018,0.0101,0.0101,0.9793,True
cluster103_A0A349QN89,A0A349QN89,dev,cadaverine,Tri,False,0.0219,0.0135,-0.0084,0.0301,0.0137,0.9793,True
cluster103_A0A349QN89,A0A349QN89,dev,citrulline,Di,False,0.1316,0.2428,0.1112,0.0915,0.1757,0.9793,True
cluster103_A0A349QN89,A0A349QN89,dev,citrulline,Mono,False,0.039,0.0596,0.0206,0.0529,0.0529,0.9793,True
cluster103_A0A349QN89,A0A349QN89,dev,citrulline,Tri,False,0.0529,0.0957,0.0428,0.0529,0.0915,0.9793,True
cluster103_A0A349QN89,A0A349QN89,dev,cystine,Di,False,0.0322,0.0319,-0.0003,0.0409,0.0409,0.9793,True
cluster103_A0A349QN89,A0A349QN89,dev,cystine,Mono,False,0.0194,0.0135,-0.0059,0.0202,0.0137,0.9793,True
cluster103_A0A349QN89,A0A349QN89,dev,cystine,Tri,False,0.0863,0.0599,-0.0264,0.0529,0.0529,0.9793,True
cluster103_A0A349QN89,A0A349QN89,dev,dopamine,Di,False,0.3754,0.2547,-0.1207,0.2815,0.1757,0.9793,True
cluster103_A0A349QN89,A0A349QN89,dev,dopamine,Mono,False,0.166,0.1242,-0.0418,0.1127,0.0915,0.9793,True
cluster103_A0A349QN89,A0A349QN89,dev,dopamine,Tri,True,0.9457,0.9108,-0.0349,0.9023,0.8636,0.9793,True
cluster103_A0A349QN89,A0A349QN89,dev,gaba,Di,True,0.9951,0.9937,-0.0014,0.9214,0.9214,0.9793,True
cluster103_A0A349QN89,A0A349QN89,dev,gaba,Mono,True,0.9948,0.9925,-0.0023,0.9214,0.9214,0.9793,True
cluster103_A0A349QN89,A0A349QN89,dev,gaba,Tri,True,0.9972,0.9958,-0.0014,1.0,0.9214,0.9793,True
cluster103_A0A349QN89,A0A349QN89,dev,glutamine,Di,False,0.2116,0.3927,0.1811,0.1127,0.2815,0.9793,True
cluster103_A0A349QN89,A0A349QN89,dev,glutamine,Mono,False,0.6575,0.7871,0.1296,0.5287,0.5287,0.9793,True
cluster103_A0A349QN89,A0A349QN89,dev,glutamine,Tri,False,0.1698,0.2912,0.1214,0.1127,0.2692,0.9793,True
cluster103_A0A349QN89,A0A349QN89,dev,glyglycine,Di,False,0.0834,0.0672,-0.0162,0.0529,0.0529,0.9793,True
cluster103_A0A349QN89,A0A349QN89,dev,glyglycine,Mono,False,0.0792,0.0539,-0.0253,0.0529,0.0529,0.9793,True
cluster103_A0A349QN89,A0A349QN89,dev,glyglycine,Tri,True,0.7749,0.6795,-0.0954,0.5287,0.5287,0.9793,True
cluster103_A0A349QN89,A0A349QN89,dev,histidine,Di,False,0.0101,0.0099,-0.0002,0.0101,0.0101,0.9793,True
cluster103_A0A349QN89,A0A349QN89,dev,histidine,Mono,False,0.0164,0.0124,-0.004,0.0202,0.0114,0.9793,True
cluster103_A0A349QN89,A0A349QN89,dev,histidine,Tri,False,0.2482,0.2129,-0.0353,0.1757,0.1127,0.9793,True
cluster103_A0A349QN89,A0A349QN89,dev,lysine,Di,True,0.7636,0.8052,0.0416,0.5287,0.7,0.9793,True
cluster103_A0A349QN89,A0A349QN89,dev,lysine,Mono,False,0.1359,0.1391,0.0032,0.0915,0.0915,0.9793,True
cluster103_A0A349QN89,A0A349QN89,dev,lysine,Tri,False,0.1296,0.1529,0.0233,0.0915,0.1127,0.9793,True
cluster103_A0A349QN89,A0A349QN89,dev,methionine,Di,False,0.4085,0.5671,0.1586,0.2815,0.4231,0.9793,True
cluster103_A0A349QN89,A0A349QN89,dev,methionine,Mono,False,0.5371,0.6024,0.0653,0.4014,0.4638,0.9793,True
cluster103_A0A349QN89,A0A349QN89,dev,methionine,Tri,True,0.7624,0.8124,0.05,0.5287,0.7,0.9793,True
cluster103_A0A349QN89,A0A349QN89,dev,ornithine,Di,False,0.1535,0.1655,0.012,0.1127,0.1127,0.9793,True
cluster103_A0A349QN89,A0A349QN89,dev,ornithine,Mono,False,0.0545,0.0503,-0.0042,0.0529,0.0529,0.9793,True
cluster103_A0A349QN89,A0A349QN89,dev,ornithine,Tri,False,0.0549,0.055,1e-04,0.0529,0.0529,0.9793,True
cluster103_A0A349QN89,A0A349QN89,dev,phenylalanine,Di,True,0.9922,0.9889,-0.0033,0.9214,0.9214,0.9793,True
cluster103_A0A349QN89,A0A349QN89,dev,phenylalanine,Mono,True,0.894,0.8571,-0.0369,0.8571,0.7,0.9793,True
cluster103_A0A349QN89,A0A349QN89,dev,phenylalanine,Tri,True,0.995,0.9924,-0.0026,0.9214,0.9214,0.9793,True
cluster103_A0A349QN89,A0A349QN89,dev,proline,Di,False,0.0075,0.0068,-0.0007,0.0101,0.0101,0.9793,True
cluster103_A0A349QN89,A0A349QN89,dev,proline,Mono,False,0.0138,0.0097,-0.0041,0.0202,0.0101,0.9793,True
cluster103_A0A349QN89,A0A349QN89,dev,proline,Tri,False,0.093,0.0778,-0.0152,0.0714,0.0529,0.9793,True
cluster103_A0A349QN89,A0A349QN89,dev,putrescine,Di,False,0.0161,0.0114,-0.0047,0.0202,0.0114,0.9793,True
cluster103_A0A349QN89,A0A349QN89,dev,putrescine,Mono,False,0.0051,0.0035,-0.0016,0.0101,0.0101,0.9793,True
cluster103_A0A349QN89,A0A349QN89,dev,putrescine,Tri,False,0.0223,0.014,-0.0083,0.0301,0.0202,0.9793,True
cluster103_A0A349QN89,A0A349QN89,dev,serine,Di,True,0.9338,0.9164,-0.0174,0.8636,0.8636,0.9793,True
cluster103_A0A349QN89,A0A349QN89,dev,serine,Mono,True,0.953,0.919,-0.034,0.9023,0.8636,0.9793,True
cluster103_A0A349QN89,A0A349QN89,dev,serine,Tri,True,0.8746,0.8161,-0.0585,0.7,0.7,0.9793,True
cluster103_A0A349QN89,A0A349QN89,dev,serotonin,Di,False,0.063,0.042,-0.021,0.0529,0.0529,0.9793,True
cluster103_A0A349QN89,A0A349QN89,dev,serotonin,Mono,True,0.8104,0.7034,-0.107,0.7,0.5287,0.9793,True
cluster103_A0A349QN89,A0A349QN89,dev,serotonin,Tri,False,0.0776,0.0474,-0.0302,0.0529,0.0529,0.9793,True
cluster103_A0A349QN89,A0A349QN89,dev,threonine,Di,False,0.6203,0.7632,0.1429,0.4706,0.5287,0.9793,True
cluster103_A0A349QN89,A0A349QN89,dev,threonine,Mono,True,0.8263,0.8461,0.0198,0.7,0.7,0.9793,True
cluster103_A0A349QN89,A0A349QN89,dev,threonine,Tri,False,0.1424,0.2142,0.0718,0.0915,0.1127,0.9793,True
cluster103_A0A349QN89,A0A349QN89,dev,tryptamine,Di,False,0.0053,0.0025,-0.0028,0.0101,0.0101,0.9793,True
cluster103_A0A349QN89,A0A349QN89,dev,tryptamine,Mono,False,0.0049,0.0027,-0.0022,0.0101,0.0101,0.9793,True
cluster103_A0A349QN89,A0A349QN89,dev,tryptamine,Tri,False,0.021,0.0085,-0.0125,0.0301,0.0101,0.9793,True
cluster103_A0A349QN89,A0A349QN89,dev,tyramine,Di,False,0.1517,0.1341,-0.0176,0.1127,0.0915,0.9793,True
cluster103_A0A349QN89,A0A349QN89,dev,tyramine,Mono,True,0.849,0.7894,-0.0596,0.7,0.5287,0.9793,True
cluster103_A0A349QN89,A0A349QN89,dev,tyramine,Tri,False,0.2084,0.1597,-0.0487,0.1127,0.1127,0.9793,True
cluster111_B5D243,B5D243,dev,"2,3_diaminopropionic acid",Di,False,0.0016,0.0545,0.0529,0.0023,0.0529,0.9172,True
cluster111_B5D243,B5D243,dev,"2,3_diaminopropionic acid",Mono,False,0.0008,0.0311,0.0303,0.0023,0.0409,0.9172,True
cluster111_B5D243,B5D243,dev,"2,3_diaminopropionic acid",Tri,False,0.0075,0.5024,0.4949,0.0101,0.4014,0.9172,True
cluster111_B5D243,B5D243,dev,2_aminophenol,Di,False,0.0761,0.9109,0.8348,0.0529,0.8636,0.9172,True
cluster111_B5D243,B5D243,dev,2_aminophenol,Mono,False,0.0061,0.2949,0.2888,0.0101,0.2692,0.9172,True
cluster111_B5D243,B5D243,dev,2_aminophenol,Tri,False,0.0458,0.8892,0.8434,0.0529,0.8333,0.9172,True
cluster111_B5D243,B5D243,dev,3_methoxytyramine,Di,False,0.0105,0.1866,0.1761,0.0101,0.1127,0.9172,True
cluster111_B5D243,B5D243,dev,3_methoxytyramine,Mono,False,0.0005,0.0185,0.018,0.0,0.0202,0.9172,True
cluster111_B5D243,B5D243,dev,3_methoxytyramine,Tri,False,0.0048,0.1332,0.1284,0.0101,0.0915,0.9172,True
cluster111_B5D243,B5D243,dev,alanine,Di,False,0.0493,0.9528,0.9035,0.0529,0.9023,0.9172,True
cluster111_B5D243,B5D243,dev,alanine,Mono,False,0.046,0.9428,0.8968,0.0529,0.8696,0.9172,True
cluster111_B5D243,B5D243,dev,alanine,Tri,False,0.0053,0.3942,0.3889,0.0101,0.2815,0.9172,True
cluster111_B5D243,B5D243,dev,arginine,Di,False,1e-04,0.0045,0.0044,0.0,0.0101,0.9172,True
cluster111_B5D243,B5D243,dev,arginine,Mono,False,1e-04,0.002,0.0019,0.0,0.0023,0.9172,True
cluster111_B5D243,B5D243,dev,arginine,Tri,False,1e-04,0.0153,0.0152,0.0,0.0202,0.9172,True
cluster111_B5D243,B5D243,dev,asparagine,Di,False,0.001,0.0437,0.0427,0.0023,0.0529,0.9172,True
cluster111_B5D243,B5D243,dev,asparagine,Mono,False,0.0009,0.0418,0.0409,0.0023,0.0529,0.9172,True
cluster111_B5D243,B5D243,dev,asparagine,Tri,False,0.0672,0.8287,0.7615,0.0529,0.7,0.9172,True
cluster111_B5D243,B5D243,dev,cadaverine,Di,False,1e-04,0.0085,0.0084,0.0,0.0101,0.9172,True
cluster111_B5D243,B5D243,dev,cadaverine,Mono,False,0.0,0.0029,0.0029,0.0,0.0101,0.9172,True
cluster111_B5D243,B5D243,dev,cadaverine,Tri,False,1e-04,0.0247,0.0246,0.0,0.0391,0.9172,True
cluster111_B5D243,B5D243,dev,citrulline,Di,False,0.0003,0.0442,0.0439,0.0,0.0529,0.9172,True
cluster111_B5D243,B5D243,dev,citrulline,Mono,False,1e-04,0.0108,0.0107,0.0,0.0101,0.9172,True
cluster111_B5D243,B5D243,dev,citrulline,Tri,False,1e-04,0.012,0.0119,0.0,0.0114,0.9172,True
cluster111_B5D243,B5D243,dev,cystine,Di,False,0.0002,0.0108,0.0106,0.0,0.0101,0.9172,True
cluster111_B5D243,B5D243,dev,cystine,Mono,False,1e-04,0.005,0.0049,0.0,0.0101,0.9172,True
cluster111_B5D243,B5D243,dev,cystine,Tri,False,0.0002,0.0164,0.0162,0.0,0.0202,0.9172,True
cluster111_B5D243,B5D243,dev,dopamine,Di,False,0.0114,0.2496,0.2382,0.0114,0.1757,0.9172,True
cluster111_B5D243,B5D243,dev,dopamine,Mono,False,0.0021,0.0963,0.0942,0.0023,0.0915,0.9172,True
cluster111_B5D243,B5D243,dev,dopamine,Tri,False,0.1007,0.8425,0.7418,0.0915,0.7,0.9172,True
cluster111_B5D243,B5D243,dev,gaba,Di,False,0.0388,0.9762,0.9374,0.0529,0.9082,0.9172,True
cluster111_B5D243,B5D243,dev,gaba,Mono,False,0.0447,0.9768,0.9321,0.0529,0.9082,0.9172,True
cluster111_B5D243,B5D243,dev,gaba,Tri,False,0.0407,0.9779,0.9372,0.0529,0.9082,0.9172,True
cluster111_B5D243,B5D243,dev,glutamine,Di,False,0.0009,0.099,0.0981,0.0023,0.0915,0.9172,True
cluster111_B5D243,B5D243,dev,glutamine,Mono,False,0.0132,0.4933,0.4801,0.0137,0.4014,0.9172,True
cluster111_B5D243,B5D243,dev,glutamine,Tri,False,0.0006,0.0661,0.0655,0.0,0.0529,0.9172,True
cluster111_B5D243,B5D243,dev,glyglycine,Di,False,1e-04,0.0075,0.0074,0.0,0.0101,0.9172,True
cluster111_B5D243,B5D243,dev,glyglycine,Mono,False,1e-04,0.0062,0.0061,0.0,0.0101,0.9172,True
cluster111_B5D243,B5D243,dev,glyglycine,Tri,False,0.0005,0.0469,0.0464,0.0,0.0529,0.9172,True
cluster111_B5D243,B5D243,dev,histidine,Di,False,0.0,0.0017,0.0017,0.0,0.0023,0.9172,True
cluster111_B5D243,B5D243,dev,histidine,Mono,False,0.0,0.0012,0.0012,0.0,0.0023,0.9172,True
cluster111_B5D243,B5D243,dev,histidine,Tri,False,1e-04,0.0124,0.0123,0.0,0.0114,0.9172,True
cluster111_B5D243,B5D243,dev,lysine,Di,False,0.0015,0.1899,0.1884,0.0023,0.1127,0.9172,True
cluster111_B5D243,B5D243,dev,lysine,Mono,False,0.0002,0.0203,0.0201,0.0,0.0301,0.9172,True
cluster111_B5D243,B5D243,dev,lysine,Tri,False,1e-04,0.0147,0.0146,0.0,0.0202,0.9172,True
cluster111_B5D243,B5D243,dev,methionine,Di,False,0.0003,0.0597,0.0594,0.0,0.0529,0.9172,True
cluster111_B5D243,B5D243,dev,methionine,Mono,False,0.0005,0.0612,0.0607,0.0,0.0529,0.9172,True
cluster111_B5D243,B5D243,dev,methionine,Tri,False,0.0005,0.0892,0.0887,0.0,0.0529,0.9172,True
cluster111_B5D243,B5D243,dev,ornithine,Di,False,0.0064,0.2522,0.2458,0.0101,0.1757,0.9172,True
cluster111_B5D243,B5D243,dev,ornithine,Mono,False,0.003,0.0937,0.0907,0.0101,0.0714,0.9172,True
cluster111_B5D243,B5D243,dev,ornithine,Tri,False,0.0008,0.0478,0.047,0.0023,0.0529,0.9172,True
cluster111_B5D243,B5D243,dev,phenylalanine,Di,False,0.0529,0.9362,0.8833,0.0529,0.8636,0.9172,True
cluster111_B5D243,B5D243,dev,phenylalanine,Mono,False,0.0026,0.2956,0.293,0.0101,0.2692,0.9172,True
cluster111_B5D243,B5D243,dev,phenylalanine,Tri,False,0.0456,0.9335,0.8879,0.0529,0.8636,0.9172,True
cluster111_B5D243,B5D243,dev,proline,Di,False,1e-04,0.0045,0.0044,0.0,0.0101,0.9172,True
cluster111_B5D243,B5D243,dev,proline,Mono,False,0.0002,0.0054,0.0052,0.0,0.0101,0.9172,True
cluster111_B5D243,B5D243,dev,proline,Tri,False,0.0009,0.083,0.0821,0.0023,0.0529,0.9172,True
cluster111_B5D243,B5D243,dev,putrescine,Di,False,1e-04,0.0087,0.0086,0.0,0.0101,0.9172,True
cluster111_B5D243,B5D243,dev,putrescine,Mono,False,0.0,0.0029,0.0029,0.0,0.0101,0.9172,True
cluster111_B5D243,B5D243,dev,putrescine,Tri,False,1e-04,0.0246,0.0245,0.0,0.0391,0.9172,True
cluster111_B5D243,B5D243,dev,serine,Di,False,0.0019,0.2313,0.2294,0.0023,0.1455,0.9172,True
cluster111_B5D243,B5D243,dev,serine,Mono,False,0.0031,0.2965,0.2934,0.0101,0.2692,0.9172,True
cluster111_B5D243,B5D243,dev,serine,Tri,False,0.0009,0.1088,0.1079,0.0023,0.0915,0.9172,True
cluster111_B5D243,B5D243,dev,serotonin,Di,False,0.0004,0.0181,0.0177,0.0,0.0202,0.9172,True
cluster111_B5D243,B5D243,dev,serotonin,Mono,False,0.0085,0.2364,0.2279,0.0101,0.1455,0.9172,True
cluster111_B5D243,B5D243,dev,serotonin,Tri,False,0.0002,0.0151,0.0149,0.0,0.0202,0.9172,True
cluster111_B5D243,B5D243,dev,threonine,Di,False,0.0002,0.0521,0.0519,0.0,0.0529,0.9172,True
cluster111_B5D243,B5D243,dev,threonine,Mono,False,0.0008,0.1077,0.1069,0.0023,0.0915,0.9172,True
cluster111_B5D243,B5D243,dev,threonine,Tri,False,0.0,0.0059,0.0059,0.0,0.0101,0.9172,True
cluster111_B5D243,B5D243,dev,tryptamine,Di,False,1e-04,0.0086,0.0085,0.0,0.0101,0.9172,True
cluster111_B5D243,B5D243,dev,tryptamine,Mono,False,1e-04,0.0032,0.0031,0.0,0.0101,0.9172,True
cluster111_B5D243,B5D243,dev,tryptamine,Tri,False,0.0003,0.0589,0.0586,0.0,0.0529,0.9172,True
cluster111_B5D243,B5D243,dev,tyramine,Di,False,0.0003,0.0194,0.0191,0.0,0.0202,0.9172,True
cluster111_B5D243,B5D243,dev,tyramine,Mono,False,0.0031,0.1784,0.1753,0.0101,0.1127,0.9172,True
cluster111_B5D243,B5D243,dev,tyramine,Tri,False,0.0002,0.0179,0.0177,0.0,0.0202,0.9172,True
cluster116_A0A416W4H5,A0A416W4H5,test,"2,3_diaminopropionic acid",Di,False,0.0047,0.0062,0.0015,0.0101,0.0101,0.9269,True
cluster116_A0A416W4H5,A0A416W4H5,test,"2,3_diaminopropionic acid",Mono,False,0.0029,0.0036,0.0007,0.0101,0.0101,0.9269,True
cluster116_A0A416W4H5,A0A416W4H5,test,"2,3_diaminopropionic acid",Tri,False,0.0498,0.1278,0.078,0.0529,0.0915,0.9269,True
cluster116_A0A416W4H5,A0A416W4H5,test,2_aminophenol,Di,True,0.5756,0.6993,0.1237,0.4638,0.5287,0.9269,True
cluster116_A0A416W4H5,A0A416W4H5,test,2_aminophenol,Mono,False,0.0518,0.0888,0.037,0.0529,0.0529,0.9269,True
cluster116_A0A416W4H5,A0A416W4H5,test,2_aminophenol,Tri,True,0.4059,0.5639,0.158,0.2815,0.4231,0.9269,True
cluster116_A0A416W4H5,A0A416W4H5,test,3_methoxytyramine,Di,False,0.0381,0.0295,-0.0086,0.0529,0.0391,0.9269,True
cluster116_A0A416W4H5,A0A416W4H5,test,3_methoxytyramine,Mono,False,0.0029,0.0033,0.0004,0.0101,0.0101,0.9269,True
cluster116_A0A416W4H5,A0A416W4H5,test,3_methoxytyramine,Tri,False,0.0263,0.0273,0.001,0.0391,0.0391,0.9269,True
cluster116_A0A416W4H5,A0A416W4H5,test,alanine,Di,True,0.7036,0.8577,0.1541,0.5287,0.7,0.9269,True
cluster116_A0A416W4H5,A0A416W4H5,test,alanine,Mono,True,0.6597,0.8181,0.1584,0.5287,0.7,0.9269,True
cluster116_A0A416W4H5,A0A416W4H5,test,alanine,Tri,False,0.0453,0.1127,0.0674,0.0529,0.0915,0.9269,True
cluster116_A0A416W4H5,A0A416W4H5,test,arginine,Di,False,0.0006,0.0013,0.0007,0.0,0.0023,0.9269,True
cluster116_A0A416W4H5,A0A416W4H5,test,arginine,Mono,False,0.0003,0.0005,0.0002,0.0,0.0,0.9269,True
cluster116_A0A416W4H5,A0A416W4H5,test,arginine,Tri,False,0.0014,0.0057,0.0043,0.0023,0.0101,0.9269,True
cluster116_A0A416W4H5,A0A416W4H5,test,asparagine,Di,False,0.0137,0.022,0.0083,0.0202,0.0301,0.9269,True
cluster116_A0A416W4H5,A0A416W4H5,test,asparagine,Mono,False,0.0166,0.023,0.0064,0.0202,0.0345,0.9269,True
cluster116_A0A416W4H5,A0A416W4H5,test,asparagine,Tri,True,0.679,0.8035,0.1245,0.5287,0.7,0.9269,True
cluster116_A0A416W4H5,A0A416W4H5,test,cadaverine,Di,False,0.0011,0.0015,0.0004,0.0023,0.0023,0.9269,True
cluster116_A0A416W4H5,A0A416W4H5,test,cadaverine,Mono,False,0.0005,0.0006,1e-04,0.0,0.0,0.9269,True
cluster116_A0A416W4H5,A0A416W4H5,test,cadaverine,Tri,False,0.0025,0.0037,0.0012,0.0101,0.0101,0.9269,True
cluster116_A0A416W4H5,A0A416W4H5,test,citrulline,Di,False,0.0035,0.0129,0.0094,0.0101,0.0137,0.9269,True
cluster116_A0A416W4H5,A0A416W4H5,test,citrulline,Mono,False,0.0012,0.0031,0.0019,0.0023,0.0101,0.9269,True
cluster116_A0A416W4H5,A0A416W4H5,test,citrulline,Tri,False,0.001,0.0035,0.0025,0.0023,0.0101,0.9269,True
cluster116_A0A416W4H5,A0A416W4H5,test,cystine,Di,False,0.0014,0.0021,0.0007,0.0023,0.0023,0.9269,True
cluster116_A0A416W4H5,A0A416W4H5,test,cystine,Mono,False,0.0006,0.0009,0.0003,0.0,0.0023,0.9269,True
cluster116_A0A416W4H5,A0A416W4H5,test,cystine,Tri,False,0.0018,0.004,0.0022,0.0023,0.0101,0.9269,True
cluster116_A0A416W4H5,A0A416W4H5,test,dopamine,Di,False,0.0964,0.1036,0.0072,0.0915,0.0915,0.9269,True
cluster116_A0A416W4H5,A0A416W4H5,test,dopamine,Mono,False,0.0226,0.0326,0.01,0.0345,0.0409,0.9269,True
cluster116_A0A416W4H5,A0A416W4H5,test,dopamine,Tri,True,0.6102,0.7201,0.1099,0.4638,0.5287,0.9269,True
cluster116_A0A416W4H5,A0A416W4H5,test,gaba,Di,True,0.7109,0.9267,0.2158,0.5287,0.8636,0.9269,True
cluster116_A0A416W4H5,A0A416W4H5,test,gaba,Mono,True,0.7971,0.9355,0.1384,0.5287,0.8636,0.9269,True
cluster116_A0A416W4H5,A0A416W4H5,test,gaba,Tri,True,0.7674,0.9465,0.1791,0.5287,0.9023,0.9269,True
cluster116_A0A416W4H5,A0A416W4H5,test,glutamine,Di,False,0.0354,0.074,0.0386,0.0409,0.0529,0.9269,True
cluster116_A0A416W4H5,A0A416W4H5,test,glutamine,Mono,True,0.3917,0.5083,0.1166,0.2815,0.4014,0.9269,True
cluster116_A0A416W4H5,A0A416W4H5,test,glutamine,Tri,False,0.0303,0.0628,0.0325,0.0403,0.0529,0.9269,True
cluster116_A0A416W4H5,A0A416W4H5,test,glyglycine,Di,False,0.0015,0.0031,0.0016,0.0023,0.0101,0.9269,True
cluster116_A0A416W4H5,A0A416W4H5,test,glyglycine,Mono,False,0.0013,0.0024,0.0011,0.0023,0.0101,0.9269,True
cluster116_A0A416W4H5,A0A416W4H5,test,glyglycine,Tri,False,0.0072,0.0204,0.0132,0.0101,0.0301,0.9269,True
cluster116_A0A416W4H5,A0A416W4H5,test,histidine,Di,False,1e-04,0.0005,0.0004,0.0,0.0,0.9269,True
cluster116_A0A416W4H5,A0A416W4H5,test,histidine,Mono,False,1e-04,0.0004,0.0003,0.0,0.0,0.9269,True
cluster116_A0A416W4H5,A0A416W4H5,test,histidine,Tri,False,0.001,0.0046,0.0036,0.0023,0.0101,0.9269,True
cluster116_A0A416W4H5,A0A416W4H5,test,lysine,Di,False,0.0175,0.0494,0.0319,0.0202,0.0529,0.9269,True
cluster116_A0A416W4H5,A0A416W4H5,test,lysine,Mono,False,0.0027,0.0047,0.002,0.0101,0.0101,0.9269,True
cluster116_A0A416W4H5,A0A416W4H5,test,lysine,Tri,False,0.0015,0.0035,0.002,0.0023,0.0101,0.9269,True
cluster116_A0A416W4H5,A0A416W4H5,test,methionine,Di,False,0.0039,0.0117,0.0078,0.0101,0.0114,0.9269,True
cluster116_A0A416W4H5,A0A416W4H5,test,methionine,Mono,False,0.0055,0.0161,0.0106,0.0101,0.0202,0.9269,True
cluster116_A0A416W4H5,A0A416W4H5,test,methionine,Tri,False,0.0071,0.0316,0.0245,0.0101,0.0409,0.9269,True
cluster116_A0A416W4H5,A0A416W4H5,test,ornithine,Di,False,0.0193,0.0227,0.0034,0.0202,0.0345,0.9269,True
cluster116_A0A416W4H5,A0A416W4H5,test,ornithine,Mono,True,0.009,0.0068,-0.0022,0.0101,0.0101,0.9269,True
cluster116_A0A416W4H5,A0A416W4H5,test,ornithine,Tri,False,0.0037,0.0044,0.0007,0.0101,0.0101,0.9269,True
cluster116_A0A416W4H5,A0A416W4H5,test,phenylalanine,Di,True,0.7026,0.807,0.1044,0.5287,0.7,0.9269,True
cluster116_A0A416W4H5,A0A416W4H5,test,phenylalanine,Mono,False,0.0369,0.0884,0.0515,0.0529,0.0529,0.9269,True
cluster116_A0A416W4H5,A0A416W4H5,test,phenylalanine,Tri,True,0.6591,0.8078,0.1487,0.5287,0.7,0.9269,True
cluster116_A0A416W4H5,A0A416W4H5,test,proline,Di,False,0.0014,0.0032,0.0018,0.0023,0.0101,0.9269,True
cluster116_A0A416W4H5,A0A416W4H5,test,proline,Mono,False,0.002,0.0032,0.0012,0.0023,0.0101,0.9269,True
cluster116_A0A416W4H5,A0A416W4H5,test,proline,Tri,False,0.0102,0.0265,0.0163,0.0101,0.0391,0.9269,True
cluster116_A0A416W4H5,A0A416W4H5,test,putrescine,Di,False,0.0012,0.0016,0.0004,0.0023,0.0023,0.9269,True
cluster116_A0A416W4H5,A0A416W4H5,test,putrescine,Mono,False,0.0005,0.0006,1e-04,0.0,0.0,0.9269,True
cluster116_A0A416W4H5,A0A416W4H5,test,putrescine,Tri,False,0.0025,0.0038,0.0013,0.0101,0.0101,0.9269,True
cluster116_A0A416W4H5,A0A416W4H5,test,serine,Di,False,0.0171,0.0528,0.0357,0.0202,0.0529,0.9269,True
cluster116_A0A416W4H5,A0A416W4H5,test,serine,Mono,False,0.0282,0.0644,0.0362,0.0391,0.0529,0.9269,True
cluster116_A0A416W4H5,A0A416W4H5,test,serine,Tri,False,0.0094,0.0301,0.0207,0.0101,0.0391,0.9269,True
cluster116_A0A416W4H5,A0A416W4H5,test,serotonin,Di,False,0.003,0.0041,0.0011,0.0101,0.0101,0.9269,True
cluster116_A0A416W4H5,A0A416W4H5,test,serotonin,Mono,False,0.0563,0.066,0.0097,0.0529,0.0529,0.9269,True
cluster116_A0A416W4H5,A0A416W4H5,test,serotonin,Tri,False,0.0021,0.0035,0.0014,0.0023,0.0101,0.9269,True
cluster116_A0A416W4H5,A0A416W4H5,test,threonine,Di,False,0.0037,0.0161,0.0124,0.0101,0.0202,0.9269,True
cluster116_A0A416W4H5,A0A416W4H5,test,threonine,Mono,False,0.0102,0.0319,0.0217,0.0101,0.0409,0.9269,True
cluster116_A0A416W4H5,A0A416W4H5,test,threonine,Tri,False,0.0004,0.0017,0.0013,0.0,0.0023,0.9269,True
cluster116_A0A416W4H5,A0A416W4H5,test,tryptamine,Di,False,0.0017,0.0019,0.0002,0.0023,0.0023,0.9269,True
cluster116_A0A416W4H5,A0A416W4H5,test,tryptamine,Mono,False,0.0006,0.0008,0.0002,0.0,0.0023,0.9269,True
cluster116_A0A416W4H5,A0A416W4H5,test,tryptamine,Tri,False,0.0054,0.0072,0.0018,0.0101,0.0101,0.9269,True
cluster116_A0A416W4H5,A0A416W4H5,test,tyramine,Di,False,0.0026,0.0053,0.0027,0.0101,0.0101,0.9269,True
cluster116_A0A416W4H5,A0A416W4H5,test,tyramine,Mono,False,0.0354,0.0508,0.0154,0.0409,0.0529,0.9269,True
cluster116_A0A416W4H5,A0A416W4H5,test,tyramine,Tri,False,0.0022,0.0053,0.0031,0.0023,0.0101,0.9269,True
cluster129_C0ERS1,C0ERS1,dev,"2,3_diaminopropionic acid",Di,True,0.7556,0.2382,-0.5174,0.5287,0.1757,0.9613,True
cluster129_C0ERS1,C0ERS1,dev,"2,3_diaminopropionic acid",Mono,False,0.5191,0.1638,-0.3553,0.4014,0.1127,0.9613,True
cluster129_C0ERS1,C0ERS1,dev,"2,3_diaminopropionic acid",Tri,True,0.9821,0.9056,-0.0765,0.9214,0.8636,0.9613,True
cluster129_C0ERS1,C0ERS1,dev,2_aminophenol,Di,True,0.9964,0.9746,-0.0218,0.925,0.9082,0.9613,True
cluster129_C0ERS1,C0ERS1,dev,2_aminophenol,Mono,True,0.9534,0.7838,-0.1696,0.9023,0.5287,0.9613,True
cluster129_C0ERS1,C0ERS1,dev,2_aminophenol,Tri,True,0.9967,0.9808,-0.0159,0.925,0.9082,0.9613,True
cluster129_C0ERS1,C0ERS1,dev,3_methoxytyramine,Di,True,0.8393,0.1847,-0.6546,0.7,0.1127,0.9613,True
cluster129_C0ERS1,C0ERS1,dev,3_methoxytyramine,Mono,False,0.3175,0.0314,-0.2861,0.2692,0.0409,0.9613,True
cluster129_C0ERS1,C0ERS1,dev,3_methoxytyramine,Tri,True,0.8742,0.2563,-0.6179,0.7,0.1757,0.9613,True
cluster129_C0ERS1,C0ERS1,dev,alanine,Di,True,0.9988,0.9873,-0.0115,1.0,0.9214,0.9613,True
cluster129_C0ERS1,C0ERS1,dev,alanine,Mono,True,0.9979,0.9839,-0.014,1.0,0.9214,0.9613,True
cluster129_C0ERS1,C0ERS1,dev,alanine,Tri,True,0.9936,0.9652,-0.0284,0.9214,0.9023,0.9613,True
cluster129_C0ERS1,C0ERS1,dev,arginine,Di,False,0.4974,0.0691,-0.4283,0.4014,0.0529,0.9613,True
cluster129_C0ERS1,C0ERS1,dev,arginine,Mono,False,0.1951,0.0242,-0.1709,0.1127,0.0391,0.9613,True
cluster129_C0ERS1,C0ERS1,dev,arginine,Tri,True,0.7937,0.2952,-0.4985,0.5287,0.2692,0.9613,True
cluster129_C0ERS1,C0ERS1,dev,asparagine,Di,False,0.4346,0.1318,-0.3028,0.3936,0.0915,0.9613,True
cluster129_C0ERS1,C0ERS1,dev,asparagine,Mono,False,0.2794,0.1086,-0.1708,0.1915,0.0915,0.9613,True
cluster129_C0ERS1,C0ERS1,dev,asparagine,Tri,True,0.9851,0.9472,-0.0379,0.9214,0.9023,0.9613,True
cluster129_C0ERS1,C0ERS1,dev,cadaverine,Di,False,0.0312,0.0097,-0.0215,0.0409,0.0101,0.9613,True
cluster129_C0ERS1,C0ERS1,dev,cadaverine,Mono,False,0.0053,0.0028,-0.0025,0.0101,0.0101,0.9613,True
cluster129_C0ERS1,C0ERS1,dev,cadaverine,Tri,False,0.0306,0.0132,-0.0174,0.0409,0.0137,0.9613,True
cluster129_C0ERS1,C0ERS1,dev,citrulline,Di,True,0.901,0.5118,-0.3892,0.8571,0.4014,0.9613,True
cluster129_C0ERS1,C0ERS1,dev,citrulline,Mono,False,0.5685,0.1365,-0.432,0.4231,0.0915,0.9613,True
cluster129_C0ERS1,C0ERS1,dev,citrulline,Tri,True,0.7465,0.2286,-0.5179,0.5287,0.1455,0.9613,True
cluster129_C0ERS1,C0ERS1,dev,cystine,Di,False,0.6064,0.0691,-0.5373,0.4638,0.0529,0.9613,True
cluster129_C0ERS1,C0ERS1,dev,cystine,Mono,False,0.3506,0.0357,-0.3149,0.28,0.0409,0.9613,True
cluster129_C0ERS1,C0ERS1,dev,cystine,Tri,True,0.8577,0.2515,-0.6062,0.7,0.1757,0.9613,True
cluster129_C0ERS1,C0ERS1,dev,dopamine,Di,True,0.8074,0.2864,-0.521,0.7,0.2692,0.9613,True
cluster129_C0ERS1,C0ERS1,dev,dopamine,Mono,False,0.4979,0.1493,-0.3486,0.4014,0.1127,0.9613,True
cluster129_C0ERS1,C0ERS1,dev,dopamine,Tri,True,0.9882,0.9262,-0.062,0.9214,0.8636,0.9613,True
cluster129_C0ERS1,C0ERS1,dev,gaba,Di,True,0.9988,0.9876,-0.0112,1.0,0.9214,0.9613,True
cluster129_C0ERS1,C0ERS1,dev,gaba,Mono,True,0.9983,0.9859,-0.0124,1.0,0.9214,0.9613,True
cluster129_C0ERS1,C0ERS1,dev,gaba,Tri,True,0.9992,0.9925,-0.0067,1.0,0.9214,0.9613,True
cluster129_C0ERS1,C0ERS1,dev,glutamine,Di,True,0.9217,0.653,-0.2687,0.8636,0.5287,0.9613,True
cluster129_C0ERS1,C0ERS1,dev,glutamine,Mono,True,0.9804,0.9008,-0.0796,0.9082,0.8571,0.9613,True
cluster129_C0ERS1,C0ERS1,dev,glutamine,Tri,True,0.889,0.5605,-0.3285,0.8333,0.4231,0.9613,True
cluster129_C0ERS1,C0ERS1,dev,glyglycine,Di,False,0.2522,0.0545,-0.1977,0.1757,0.0529,0.9613,True
cluster129_C0ERS1,C0ERS1,dev,glyglycine,Mono,False,0.1593,0.0437,-0.1156,0.1127,0.0529,0.9613,True
cluster129_C0ERS1,C0ERS1,dev,glyglycine,Tri,True,0.9426,0.6961,-0.2465,0.8696,0.5287,0.9613,True
cluster129_C0ERS1,C0ERS1,dev,histidine,Di,False,0.1313,0.0196,-0.1117,0.0915,0.0301,0.9613,True
cluster129_C0ERS1,C0ERS1,dev,histidine,Mono,False,0.1343,0.0244,-0.1099,0.0915,0.0391,0.9613,True
cluster129_C0ERS1,C0ERS1,dev,histidine,Tri,True,0.8624,0.4293,-0.4331,0.7,0.3936,0.9613,True
cluster129_C0ERS1,C0ERS1,dev,lysine,Di,True,0.9421,0.8187,-0.1234,0.8696,0.7,0.9613,True
cluster129_C0ERS1,C0ERS1,dev,lysine,Mono,False,0.3116,0.1247,-0.1869,0.2692,0.0915,0.9613,True
cluster129_C0ERS1,C0ERS1,dev,lysine,Tri,False,0.4636,0.1687,-0.2949,0.3936,0.1127,0.9613,True
cluster129_C0ERS1,C0ERS1,dev,methionine,Di,True,0.9363,0.654,-0.2823,0.8636,0.5287,0.9613,True
cluster129_C0ERS1,C0ERS1,dev,methionine,Mono,True,0.9236,0.6882,-0.2354,0.8636,0.5287,0.9613,True
cluster129_C0ERS1,C0ERS1,dev,methionine,Tri,True,0.979,0.8618,-0.1172,0.9082,0.7,0.9613,True
cluster129_C0ERS1,C0ERS1,dev,ornithine,Di,True,0.8072,0.2218,-0.5854,0.7,0.1127,0.9613,True
cluster129_C0ERS1,C0ERS1,dev,ornithine,Mono,False,0.3766,0.0527,-0.3239,0.2815,0.0529,0.9613,True
cluster129_C0ERS1,C0ERS1,dev,ornithine,Tri,False,0.5292,0.0803,-0.4489,0.4014,0.0529,0.9613,True
cluster129_C0ERS1,C0ERS1,dev,phenylalanine,Di,True,0.9982,0.9851,-0.0131,1.0,0.9214,0.9613,True
cluster129_C0ERS1,C0ERS1,dev,phenylalanine,Mono,True,0.9648,0.8501,-0.1147,0.9023,0.7,0.9613,True
cluster129_C0ERS1,C0ERS1,dev,phenylalanine,Tri,True,0.9988,0.9914,-0.0074,1.0,0.9214,0.9613,True
cluster129_C0ERS1,C0ERS1,dev,proline,Di,False,0.0253,0.0071,-0.0182,0.0391,0.0101,0.9613,True
cluster129_C0ERS1,C0ERS1,dev,proline,Mono,False,0.0286,0.0073,-0.0213,0.0391,0.0101,0.9613,True
cluster129_C0ERS1,C0ERS1,dev,proline,Tri,False,0.3507,0.1378,-0.2129,0.28,0.0915,0.9613,True
cluster129_C0ERS1,C0ERS1,dev,putrescine,Di,False,0.0315,0.01,-0.0215,0.0409,0.0101,0.9613,True
cluster129_C0ERS1,C0ERS1,dev,putrescine,Mono,False,0.0051,0.0028,-0.0023,0.0101,0.0101,0.9613,True
cluster129_C0ERS1,C0ERS1,dev,putrescine,Tri,False,0.0309,0.0137,-0.0172,0.0409,0.0137,0.9613,True
cluster129_C0ERS1,C0ERS1,dev,serine,Di,True,0.9855,0.9116,-0.0739,0.9214,0.8636,0.9613,True
cluster129_C0ERS1,C0ERS1,dev,serine,Mono,True,0.9855,0.9196,-0.0659,0.9214,0.8636,0.9613,True
cluster129_C0ERS1,C0ERS1,dev,serine,Tri,True,0.9574,0.8018,-0.1556,0.9023,0.7,0.9613,True
cluster129_C0ERS1,C0ERS1,dev,serotonin,Di,False,0.1893,0.0452,-0.1441,0.1127,0.0529,0.9613,True
cluster129_C0ERS1,C0ERS1,dev,serotonin,Mono,True,0.9254,0.5492,-0.3762,0.8636,0.4014,0.9613,True
cluster129_C0ERS1,C0ERS1,dev,serotonin,Tri,False,0.2583,0.0729,-0.1854,0.1757,0.0529,0.9613,True
cluster129_C0ERS1,C0ERS1,dev,threonine,Di,True,0.9525,0.8169,-0.1356,0.9023,0.7,0.9613,True
cluster129_C0ERS1,C0ERS1,dev,threonine,Mono,True,0.9688,0.8837,-0.0851,0.9082,0.8235,0.9613,True
cluster129_C0ERS1,C0ERS1,dev,threonine,Tri,False,0.5696,0.275,-0.2946,0.4231,0.1915,0.9613,True
cluster129_C0ERS1,C0ERS1,dev,tryptamine,Di,False,0.0126,0.0029,-0.0097,0.0137,0.0101,0.9613,True
cluster129_C0ERS1,C0ERS1,dev,tryptamine,Mono,False,0.0085,0.002,-0.0065,0.0101,0.0023,0.9613,True
cluster129_C0ERS1,C0ERS1,dev,tryptamine,Tri,False,0.0456,0.0118,-0.0338,0.0529,0.0114,0.9613,True
cluster129_C0ERS1,C0ERS1,dev,tyramine,Di,False,0.2814,0.117,-0.1644,0.1915,0.0915,0.9613,True
cluster129_C0ERS1,C0ERS1,dev,tyramine,Mono,True,0.9252,0.7247,-0.2005,0.8636,0.5287,0.9613,True
cluster129_C0ERS1,C0ERS1,dev,tyramine,Tri,False,0.342,0.1755,-0.1665,0.28,0.1127,0.9613,True
cluster13_A0A1C7H271,A0A1C7H271,test,"2,3_diaminopropionic acid",Di,True,0.0762,0.0557,-0.0205,0.0529,0.0529,0.9121,True
cluster13_A0A1C7H271,A0A1C7H271,test,"2,3_diaminopropionic acid",Mono,False,0.0444,0.0336,-0.0108,0.0529,0.0409,0.9121,True
cluster13_A0A1C7H271,A0A1C7H271,test,"2,3_diaminopropionic acid",Tri,True,0.3541,0.5144,0.1603,0.2815,0.4014,0.9121,True
cluster13_A0A1C7H271,A0A1C7H271,test,2_aminophenol,Di,True,0.9271,0.9423,0.0152,0.8636,0.8696,0.9121,True
cluster13_A0A1C7H271,A0A1C7H271,test,2_aminophenol,Mono,True,0.4549,0.4161,-0.0388,0.3936,0.2815,0.9121,True
cluster13_A0A1C7H271,A0A1C7H271,test,2_aminophenol,Tri,True,0.8679,0.918,0.0501,0.7,0.8636,0.9121,True
cluster13_A0A1C7H271,A0A1C7H271,test,3_methoxytyramine,Di,True,0.3971,0.1997,-0.1974,0.2815,0.1127,0.9121,True
cluster13_A0A1C7H271,A0A1C7H271,test,3_methoxytyramine,Mono,False,0.0249,0.0164,-0.0085,0.0391,0.0202,0.9121,True
cluster13_A0A1C7H271,A0A1C7H271,test,3_methoxytyramine,Tri,True,0.2156,0.1579,-0.0577,0.1127,0.1127,0.9121,True
cluster13_A0A1C7H271,A0A1C7H271,test,alanine,Di,True,0.9287,0.9602,0.0315,0.8636,0.9023,0.9121,True
cluster13_A0A1C7H271,A0A1C7H271,test,alanine,Mono,True,0.9226,0.9542,0.0316,0.8636,0.9023,0.9121,True
cluster13_A0A1C7H271,A0A1C7H271,test,alanine,Tri,True,0.213,0.3011,0.0881,0.1127,0.2692,0.9121,True
cluster13_A0A1C7H271,A0A1C7H271,test,arginine,Di,False,0.004,0.0063,0.0023,0.0101,0.0101,0.9121,True
cluster13_A0A1C7H271,A0A1C7H271,test,arginine,Mono,False,0.0022,0.003,0.0008,0.0023,0.0101,0.9121,True
cluster13_A0A1C7H271,A0A1C7H271,test,arginine,Tri,False,0.005,0.0246,0.0196,0.0101,0.0391,0.9121,True
cluster13_A0A1C7H271,A0A1C7H271,test,asparagine,Di,False,0.0321,0.0589,0.0268,0.0409,0.0529,0.9121,True
cluster13_A0A1C7H271,A0A1C7H271,test,asparagine,Mono,False,0.033,0.0505,0.0175,0.0409,0.0529,0.9121,True
cluster13_A0A1C7H271,A0A1C7H271,test,asparagine,Tri,True,0.7732,0.8947,0.1215,0.5287,0.8571,0.9121,True
cluster13_A0A1C7H271,A0A1C7H271,test,cadaverine,Di,False,0.0035,0.0058,0.0023,0.0101,0.0101,0.9121,True
cluster13_A0A1C7H271,A0A1C7H271,test,cadaverine,Mono,False,0.0014,0.0019,0.0005,0.0023,0.0023,0.9121,True
cluster13_A0A1C7H271,A0A1C7H271,test,cadaverine,Tri,False,0.0051,0.0077,0.0026,0.0101,0.0101,0.9121,True
cluster13_A0A1C7H271,A0A1C7H271,test,citrulline,Di,True,0.0134,0.0568,0.0434,0.0137,0.0529,0.9121,True
cluster13_A0A1C7H271,A0A1C7H271,test,citrulline,Mono,False,0.0053,0.0157,0.0104,0.0101,0.0202,0.9121,True
cluster13_A0A1C7H271,A0A1C7H271,test,citrulline,Tri,False,0.0031,0.0176,0.0145,0.0101,0.0202,0.9121,True
cluster13_A0A1C7H271,A0A1C7H271,test,cystine,Di,False,0.0091,0.0108,0.0017,0.0101,0.0101,0.9121,True
cluster13_A0A1C7H271,A0A1C7H271,test,cystine,Mono,False,0.0031,0.0038,0.0007,0.0101,0.0101,0.9121,True
cluster13_A0A1C7H271,A0A1C7H271,test,cystine,Tri,False,0.0093,0.0142,0.0049,0.0101,0.0202,0.9121,True
cluster13_A0A1C7H271,A0A1C7H271,test,dopamine,Di,True,0.3943,0.3442,-0.0501,0.2815,0.28,0.9121,True
cluster13_A0A1C7H271,A0A1C7H271,test,dopamine,Mono,False,0.0994,0.1219,0.0225,0.0915,0.0915,0.9121,True
cluster13_A0A1C7H271,A0A1C7H271,test,dopamine,Tri,True,0.9098,0.918,0.0082,0.8636,0.8636,0.9121,True
cluster13_A0A1C7H271,A0A1C7H271,test,gaba,Di,True,0.9601,0.9827,0.0226,0.9023,0.9214,0.9121,True
cluster13_A0A1C7H271,A0A1C7H271,test,gaba,Mono,True,0.9675,0.9856,0.0181,0.9082,0.9214,0.9121,True
cluster13_A0A1C7H271,A0A1C7H271,test,gaba,Tri,True,0.9687,0.9884,0.0197,0.9082,0.9214,0.9121,True
cluster13_A0A1C7H271,A0A1C7H271,test,glutamine,Di,True,0.0414,0.1434,0.102,0.0529,0.0915,0.9121,True
cluster13_A0A1C7H271,A0A1C7H271,test,glutamine,Mono,True,0.3675,0.5581,0.1906,0.2815,0.4231,0.9121,True
cluster13_A0A1C7H271,A0A1C7H271,test,glutamine,Tri,False,0.0238,0.101,0.0772,0.0391,0.0915,0.9121,True
cluster13_A0A1C7H271,A0A1C7H271,test,glyglycine,Di,False,0.0074,0.0096,0.0022,0.0101,0.0101,0.9121,True
cluster13_A0A1C7H271,A0A1C7H271,test,glyglycine,Mono,False,0.0068,0.0082,0.0014,0.0101,0.0101,0.9121,True
cluster13_A0A1C7H271,A0A1C7H271,test,glyglycine,Tri,False,0.0304,0.0548,0.0244,0.0408,0.0529,0.9121,True
cluster13_A0A1C7H271,A0A1C7H271,test,histidine,Di,False,0.0004,0.0012,0.0008,0.0,0.0023,0.9121,True
cluster13_A0A1C7H271,A0A1C7H271,test,histidine,Mono,False,0.0004,0.0009,0.0005,0.0,0.0023,0.9121,True
cluster13_A0A1C7H271,A0A1C7H271,test,histidine,Tri,False,0.0034,0.01,0.0066,0.0101,0.0101,0.9121,True
cluster13_A0A1C7H271,A0A1C7H271,test,lysine,Di,False,0.0766,0.2326,0.156,0.0529,0.1455,0.9121,True
cluster13_A0A1C7H271,A0A1C7H271,test,lysine,Mono,True,0.0137,0.0246,0.0109,0.0202,0.0391,0.9121,True
cluster13_A0A1C7H271,A0A1C7H271,test,lysine,Tri,False,0.0068,0.0198,0.013,0.0101,0.0301,0.9121,True
cluster13_A0A1C7H271,A0A1C7H271,test,methionine,Di,True,0.0204,0.076,0.0556,0.0301,0.0529,0.9121,True
cluster13_A0A1C7H271,A0A1C7H271,test,methionine,Mono,True,0.0329,0.0875,0.0546,0.0409,0.0529,0.9121,True
cluster13_A0A1C7H271,A0A1C7H271,test,methionine,Tri,False,0.0283,0.1418,0.1135,0.0391,0.0915,0.9121,True
cluster13_A0A1C7H271,A0A1C7H271,test,ornithine,Di,True,0.1741,0.183,0.0089,0.1127,0.1127,0.9121,True
cluster13_A0A1C7H271,A0A1C7H271,test,ornithine,Mono,True,0.087,0.0667,-0.0203,0.0529,0.0529,0.9121,True
cluster13_A0A1C7H271,A0A1C7H271,test,ornithine,Tri,False,0.031,0.0454,0.0144,0.0409,0.0529,0.9121,True
cluster13_A0A1C7H271,A0A1C7H271,test,phenylalanine,Di,True,0.9252,0.9528,0.0276,0.8636,0.9023,0.9121,True
cluster13_A0A1C7H271,A0A1C7H271,test,phenylalanine,Mono,True,0.2516,0.2595,0.0079,0.1757,0.1757,0.9121,True
cluster13_A0A1C7H271,A0A1C7H271,test,phenylalanine,Tri,True,0.9214,0.9564,0.035,0.8636,0.9023,0.9121,True
cluster13_A0A1C7H271,A0A1C7H271,test,proline,Di,False,0.0053,0.0063,0.001,0.0101,0.0101,0.9121,True
cluster13_A0A1C7H271,A0A1C7H271,test,proline,Mono,True,0.0064,0.0061,-0.0003,0.0101,0.0101,0.9121,True
cluster13_A0A1C7H271,A0A1C7H271,test,proline,Tri,True,0.0366,0.0546,0.018,0.0529,0.0529,0.9121,True
cluster13_A0A1C7H271,A0A1C7H271,test,putrescine,Di,False,0.0036,0.0061,0.0025,0.0101,0.0101,0.9121,True
cluster13_A0A1C7H271,A0A1C7H271,test,putrescine,Mono,False,0.0014,0.0019,0.0005,0.0023,0.0023,0.9121,True
cluster13_A0A1C7H271,A0A1C7H271,test,putrescine,Tri,True,0.0051,0.0077,0.0026,0.0101,0.0101,0.9121,True
cluster13_A0A1C7H271,A0A1C7H271,test,serine,Di,False,0.1063,0.2507,0.1444,0.0915,0.1757,0.9121,True
cluster13_A0A1C7H271,A0A1C7H271,test,serine,Mono,True,0.1656,0.3178,0.1522,0.1127,0.2692,0.9121,True
cluster13_A0A1C7H271,A0A1C7H271,test,serine,Tri,False,0.0559,0.119,0.0631,0.0529,0.0915,0.9121,True
cluster13_A0A1C7H271,A0A1C7H271,test,serotonin,Di,False,0.0211,0.0176,-0.0035,0.0301,0.0202,0.9121,True
cluster13_A0A1C7H271,A0A1C7H271,test,serotonin,Mono,True,0.2279,0.1743,-0.0536,0.1455,0.1127,0.9121,True
cluster13_A0A1C7H271,A0A1C7H271,test,serotonin,Tri,False,0.0153,0.0155,0.0002,0.0202,0.0202,0.9121,True
cluster13_A0A1C7H271,A0A1C7H271,test,threonine,Di,True,0.0133,0.0635,0.0502,0.0137,0.0529,0.9121,True
cluster13_A0A1C7H271,A0A1C7H271,test,threonine,Mono,True,0.0358,0.114,0.0782,0.0409,0.0915,0.9121,True
cluster13_A0A1C7H271,A0A1C7H271,test,threonine,Tri,False,0.0017,0.0058,0.0041,0.0023,0.0101,0.9121,True
cluster13_A0A1C7H271,A0A1C7H271,test,tryptamine,Di,False,0.0052,0.0037,-0.0015,0.0101,0.0101,0.9121,True
cluster13_A0A1C7H271,A0A1C7H271,test,tryptamine,Mono,False,0.0024,0.0014,-0.001,0.0101,0.0023,0.9121,True
cluster13_A0A1C7H271,A0A1C7H271,test,tryptamine,Tri,True,0.0197,0.0122,-0.0075,0.0301,0.0114,0.9121,True
cluster13_A0A1C7H271,A0A1C7H271,test,tyramine,Di,False,0.0188,0.0275,0.0087,0.0202,0.0391,0.9121,True
cluster13_A0A1C7H271,A0A1C7H271,test,tyramine,Mono,True,0.183,0.2448,0.0618,0.1127,0.1757,0.9121,True
cluster13_A0A1C7H271,A0A1C7H271,test,tyramine,Tri,False,0.0162,0.0277,0.0115,0.0202,0.0391,0.9121,True
cluster183_A0A096B1U0,A0A096B1U0,dev,"2,3_diaminopropionic acid",Di,False,0.0122,0.0081,-0.0041,0.0114,0.0101,0.7301,True
cluster183_A0A096B1U0,A0A096B1U0,dev,"2,3_diaminopropionic acid",Mono,False,0.0077,0.0052,-0.0025,0.0101,0.0101,0.7301,True
cluster183_A0A096B1U0,A0A096B1U0,dev,"2,3_diaminopropionic acid",Tri,False,0.1439,0.1469,0.003,0.0915,0.0915,0.7301,True
cluster183_A0A096B1U0,A0A096B1U0,dev,2_aminophenol,Di,True,0.93,0.7768,-0.1532,0.8636,0.5287,0.7301,True
cluster183_A0A096B1U0,A0A096B1U0,dev,2_aminophenol,Mono,False,0.2467,0.1287,-0.118,0.1757,0.0915,0.7301,True
cluster183_A0A096B1U0,A0A096B1U0,dev,2_aminophenol,Tri,True,0.8443,0.7041,-0.1402,0.7,0.5287,0.7301,True
cluster183_A0A096B1U0,A0A096B1U0,dev,3_methoxytyramine,Di,False,0.0296,0.0165,-0.0131,0.0391,0.0202,0.7301,True
cluster183_A0A096B1U0,A0A096B1U0,dev,3_methoxytyramine,Mono,False,0.0038,0.0016,-0.0022,0.0101,0.0023,0.7301,True
cluster183_A0A096B1U0,A0A096B1U0,dev,3_methoxytyramine,Tri,False,0.0314,0.0164,-0.015,0.0409,0.0202,0.7301,True
cluster183_A0A096B1U0,A0A096B1U0,dev,alanine,Di,True,0.9712,0.9016,-0.0696,0.9082,0.8571,0.7301,True
cluster183_A0A096B1U0,A0A096B1U0,dev,alanine,Mono,True,0.9713,0.8972,-0.0741,0.9082,0.8571,0.7301,True
cluster183_A0A096B1U0,A0A096B1U0,dev,alanine,Tri,False,0.1408,0.2236,0.0828,0.0915,0.1127,0.7301,True
cluster183_A0A096B1U0,A0A096B1U0,dev,arginine,Di,False,0.002,0.003,0.001,0.0023,0.0101,0.7301,True
cluster183_A0A096B1U0,A0A096B1U0,dev,arginine,Mono,False,0.0014,0.0019,0.0005,0.0023,0.0023,0.7301,True
cluster183_A0A096B1U0,A0A096B1U0,dev,arginine,Tri,False,0.0056,0.0157,0.0101,0.0101,0.0202,0.7301,True
cluster183_A0A096B1U0,A0A096B1U0,dev,asparagine,Di,False,0.0528,0.033,-0.0198,0.0529,0.0409,0.7301,True
cluster183_A0A096B1U0,A0A096B1U0,dev,asparagine,Mono,False,0.0757,0.0314,-0.0443,0.0529,0.0409,0.7301,True
cluster183_A0A096B1U0,A0A096B1U0,dev,asparagine,Tri,True,0.9254,0.8393,-0.0861,0.8636,0.7,0.7301,True
cluster183_A0A096B1U0,A0A096B1U0,dev,cadaverine,Di,False,0.002,0.0012,-0.0008,0.0023,0.0023,0.7301,True
cluster183_A0A096B1U0,A0A096B1U0,dev,cadaverine,Mono,False,0.001,0.0006,-0.0004,0.0023,0.0,0.7301,True
cluster183_A0A096B1U0,A0A096B1U0,dev,cadaverine,Tri,False,0.0029,0.0024,-0.0005,0.0101,0.0101,0.7301,True
cluster183_A0A096B1U0,A0A096B1U0,dev,citrulline,Di,False,0.0173,0.0205,0.0032,0.0202,0.0301,0.7301,True
cluster183_A0A096B1U0,A0A096B1U0,dev,citrulline,Mono,False,0.0053,0.0066,0.0013,0.0101,0.0101,0.7301,True
cluster183_A0A096B1U0,A0A096B1U0,dev,citrulline,Tri,False,0.0042,0.008,0.0038,0.0101,0.0101,0.7301,True
cluster183_A0A096B1U0,A0A096B1U0,dev,cystine,Di,False,0.003,0.0043,0.0013,0.0101,0.0101,0.7301,True
cluster183_A0A096B1U0,A0A096B1U0,dev,cystine,Mono,False,0.0014,0.0016,0.0002,0.0023,0.0023,0.7301,True
cluster183_A0A096B1U0,A0A096B1U0,dev,cystine,Tri,False,0.0043,0.0077,0.0034,0.0101,0.0101,0.7301,True
cluster183_A0A096B1U0,A0A096B1U0,dev,dopamine,Di,False,0.1384,0.0711,-0.0673,0.0915,0.0529,0.7301,True
cluster183_A0A096B1U0,A0A096B1U0,dev,dopamine,Mono,False,0.0382,0.0219,-0.0163,0.0529,0.0301,0.7301,True
cluster183_A0A096B1U0,A0A096B1U0,dev,dopamine,Tri,True,0.8972,0.815,-0.0822,0.8571,0.7,0.7301,True
cluster183_A0A096B1U0,A0A096B1U0,dev,gaba,Di,True,0.9888,0.9173,-0.0715,0.9214,0.8636,0.7301,True
cluster183_A0A096B1U0,A0A096B1U0,dev,gaba,Mono,True,0.9941,0.9504,-0.0437,0.9214,0.9023,0.7301,True
cluster183_A0A096B1U0,A0A096B1U0,dev,gaba,Tri,True,0.9916,0.9487,-0.0429,0.9214,0.9023,0.7301,True
cluster183_A0A096B1U0,A0A096B1U0,dev,glutamine,Di,False,0.1522,0.1075,-0.0447,0.1127,0.0915,0.7301,True
cluster183_A0A096B1U0,A0A096B1U0,dev,glutamine,Mono,True,0.883,0.7189,-0.1641,0.8235,0.5287,0.7301,True
cluster183_A0A096B1U0,A0A096B1U0,dev,glutamine,Tri,False,0.095,0.0909,-0.0041,0.0714,0.0529,0.7301,True
cluster183_A0A096B1U0,A0A096B1U0,dev,glyglycine,Di,False,0.005,0.0045,-0.0005,0.0101,0.0101,0.7301,True
cluster183_A0A096B1U0,A0A096B1U0,dev,glyglycine,Mono,False,0.0051,0.0045,-0.0006,0.0101,0.0101,0.7301,True
cluster183_A0A096B1U0,A0A096B1U0,dev,glyglycine,Tri,False,0.027,0.0476,0.0206,0.0391,0.0529,0.7301,True
cluster183_A0A096B1U0,A0A096B1U0,dev,histidine,Di,False,0.0006,0.001,0.0004,0.0,0.0023,0.7301,True
cluster183_A0A096B1U0,A0A096B1U0,dev,histidine,Mono,False,0.0004,0.0006,0.0002,0.0,0.0,0.7301,True
cluster183_A0A096B1U0,A0A096B1U0,dev,histidine,Tri,False,0.0048,0.0128,0.008,0.0101,0.0137,0.7301,True
cluster183_A0A096B1U0,A0A096B1U0,dev,lysine,Di,False,0.0517,0.0705,0.0188,0.0529,0.0529,0.7301,True
cluster183_A0A096B1U0,A0A096B1U0,dev,lysine,Mono,False,0.0084,0.0104,0.002,0.0101,0.0101,0.7301,True
cluster183_A0A096B1U0,A0A096B1U0,dev,lysine,Tri,False,0.0049,0.0101,0.0052,0.0101,0.0101,0.7301,True
cluster183_A0A096B1U0,A0A096B1U0,dev,methionine,Di,False,0.0266,0.0257,-0.0009,0.0391,0.0391,0.7301,True
cluster183_A0A096B1U0,A0A096B1U0,dev,methionine,Mono,False,0.0431,0.045,0.0019,0.0529,0.0529,0.7301,True
cluster183_A0A096B1U0,A0A096B1U0,dev,methionine,Tri,False,0.0366,0.061,0.0244,0.0529,0.0529,0.7301,True
cluster183_A0A096B1U0,A0A096B1U0,dev,ornithine,Di,False,0.0206,0.0115,-0.0091,0.0301,0.0114,0.7301,True
cluster183_A0A096B1U0,A0A096B1U0,dev,ornithine,Mono,False,0.009,0.0048,-0.0042,0.0101,0.0101,0.7301,True
cluster183_A0A096B1U0,A0A096B1U0,dev,ornithine,Tri,False,0.0043,0.0051,0.0008,0.0101,0.0101,0.7301,True
cluster183_A0A096B1U0,A0A096B1U0,dev,phenylalanine,Di,True,0.9701,0.914,-0.0561,0.9082,0.8636,0.7301,True
cluster183_A0A096B1U0,A0A096B1U0,dev,phenylalanine,Mono,False,0.1491,0.1196,-0.0295,0.1127,0.0915,0.7301,True
cluster183_A0A096B1U0,A0A096B1U0,dev,phenylalanine,Tri,True,0.9641,0.929,-0.0351,0.9023,0.8636,0.7301,True
cluster183_A0A096B1U0,A0A096B1U0,dev,proline,Di,False,0.0033,0.0023,-0.001,0.0101,0.0101,0.7301,True
cluster183_A0A096B1U0,A0A096B1U0,dev,proline,Mono,False,0.0046,0.0025,-0.0021,0.0101,0.0101,0.7301,True
cluster183_A0A096B1U0,A0A096B1U0,dev,proline,Tri,False,0.0255,0.0145,-0.011,0.0391,0.0202,0.7301,True
cluster183_A0A096B1U0,A0A096B1U0,dev,putrescine,Di,False,0.0021,0.0012,-0.0009,0.0023,0.0023,0.7301,True
cluster183_A0A096B1U0,A0A096B1U0,dev,putrescine,Mono,False,0.001,0.0006,-0.0004,0.0023,0.0,0.7301,True
cluster183_A0A096B1U0,A0A096B1U0,dev,putrescine,Tri,False,0.0031,0.0025,-0.0006,0.0101,0.0101,0.7301,True
cluster183_A0A096B1U0,A0A096B1U0,dev,serine,Di,False,0.087,0.0733,-0.0137,0.0529,0.0529,0.7301,True
cluster183_A0A096B1U0,A0A096B1U0,dev,serine,Mono,False,0.113,0.0892,-0.0238,0.0915,0.0529,0.7301,True
cluster183_A0A096B1U0,A0A096B1U0,dev,serine,Tri,False,0.0507,0.0483,-0.0024,0.0529,0.0529,0.7301,True
cluster183_A0A096B1U0,A0A096B1U0,dev,serotonin,Di,False,0.0034,0.0025,-0.0009,0.0101,0.0101,0.7301,True
cluster183_A0A096B1U0,A0A096B1U0,dev,serotonin,Mono,False,0.0475,0.0535,0.006,0.0529,0.0529,0.7301,True
cluster183_A0A096B1U0,A0A096B1U0,dev,serotonin,Tri,False,0.0035,0.0037,0.0002,0.0101,0.0101,0.7301,True
cluster183_A0A096B1U0,A0A096B1U0,dev,threonine,Di,False,0.0224,0.036,0.0136,0.0345,0.0409,0.7301,True
cluster183_A0A096B1U0,A0A096B1U0,dev,threonine,Mono,False,0.0575,0.0778,0.0203,0.0529,0.0529,0.7301,True
cluster183_A0A096B1U0,A0A096B1U0,dev,threonine,Tri,False,0.0026,0.0055,0.0029,0.0101,0.0101,0.7301,True
cluster183_A0A096B1U0,A0A096B1U0,dev,tryptamine,Di,False,0.0023,0.001,-0.0013,0.0023,0.0023,0.7301,True
cluster183_A0A096B1U0,A0A096B1U0,dev,tryptamine,Mono,False,0.0008,0.0005,-0.0003,0.0023,0.0,0.7301,True
cluster183_A0A096B1U0,A0A096B1U0,dev,tryptamine,Tri,False,0.0051,0.003,-0.0021,0.0101,0.0101,0.7301,True
cluster183_A0A096B1U0,A0A096B1U0,dev,tyramine,Di,False,0.0095,0.0055,-0.004,0.0101,0.0101,0.7301,True
cluster183_A0A096B1U0,A0A096B1U0,dev,tyramine,Mono,False,0.0825,0.0846,0.0021,0.0529,0.0529,0.7301,True
cluster183_A0A096B1U0,A0A096B1U0,dev,tyramine,Tri,False,0.0123,0.0101,-0.0022,0.0114,0.0101,0.7301,True
cluster18_A6LC91,A6LC91,dev,"2,3_diaminopropionic acid",Di,False,0.0009,0.0522,0.0513,0.0023,0.0529,0.8906,True
cluster18_A6LC91,A6LC91,dev,"2,3_diaminopropionic acid",Mono,False,0.0006,0.0293,0.0287,0.0,0.0391,0.8906,True
cluster18_A6LC91,A6LC91,dev,"2,3_diaminopropionic acid",Tri,False,0.0045,0.4798,0.4753,0.0101,0.4014,0.8906,True
cluster18_A6LC91,A6LC91,dev,2_aminophenol,Di,False,0.0251,0.8701,0.845,0.0391,0.7,0.8906,True
cluster18_A6LC91,A6LC91,dev,2_aminophenol,Mono,False,0.003,0.1972,0.1942,0.0101,0.1127,0.8906,True
cluster18_A6LC91,A6LC91,dev,2_aminophenol,Tri,False,0.0139,0.8308,0.8169,0.0202,0.7,0.8906,True
cluster18_A6LC91,A6LC91,dev,3_methoxytyramine,Di,False,0.0088,0.1826,0.1738,0.0101,0.1127,0.8906,True
cluster18_A6LC91,A6LC91,dev,3_methoxytyramine,Mono,False,0.0003,0.0163,0.016,0.0,0.0202,0.8906,True
cluster18_A6LC91,A6LC91,dev,3_methoxytyramine,Tri,False,0.0037,0.1218,0.1181,0.0101,0.0915,0.8906,True
cluster18_A6LC91,A6LC91,dev,alanine,Di,False,0.0295,0.9594,0.9299,0.0391,0.9023,0.8906,True
cluster18_A6LC91,A6LC91,dev,alanine,Mono,False,0.0275,0.9485,0.921,0.0391,0.9023,0.8906,True
cluster18_A6LC91,A6LC91,dev,alanine,Tri,False,0.0035,0.3145,0.311,0.0101,0.2692,0.8906,True
cluster18_A6LC91,A6LC91,dev,arginine,Di,False,0.0,0.0063,0.0063,0.0,0.0101,0.8906,True
cluster18_A6LC91,A6LC91,dev,arginine,Mono,False,0.0,0.0028,0.0028,0.0,0.0101,0.8906,True
cluster18_A6LC91,A6LC91,dev,arginine,Tri,False,1e-04,0.0234,0.0233,0.0,0.0391,0.8906,True
cluster18_A6LC91,A6LC91,dev,asparagine,Di,False,0.001,0.0666,0.0656,0.0023,0.0529,0.8906,True
cluster18_A6LC91,A6LC91,dev,asparagine,Mono,False,0.0011,0.0545,0.0534,0.0023,0.0529,0.8906,True
cluster18_A6LC91,A6LC91,dev,asparagine,Tri,False,0.0834,0.8825,0.7991,0.0529,0.8235,0.8906,True
cluster18_A6LC91,A6LC91,dev,cadaverine,Di,False,1e-04,0.007,0.0069,0.0,0.0101,0.8906,True
cluster18_A6LC91,A6LC91,dev,cadaverine,Mono,False,0.0,0.0025,0.0025,0.0,0.0101,0.8906,True
cluster18_A6LC91,A6LC91,dev,cadaverine,Tri,False,1e-04,0.0107,0.0106,0.0,0.0101,0.8906,True
cluster18_A6LC91,A6LC91,dev,citrulline,Di,False,1e-04,0.0609,0.0608,0.0,0.0529,0.8906,True
cluster18_A6LC91,A6LC91,dev,citrulline,Mono,False,1e-04,0.0158,0.0157,0.0,0.0202,0.8906,True
cluster18_A6LC91,A6LC91,dev,citrulline,Tri,False,0.0,0.0168,0.0168,0.0,0.0202,0.8906,True
cluster18_A6LC91,A6LC91,dev,cystine,Di,False,0.0002,0.0148,0.0146,0.0,0.0202,0.8906,True
cluster18_A6LC91,A6LC91,dev,cystine,Mono,False,1e-04,0.005,0.0049,0.0,0.0101,0.8906,True
cluster18_A6LC91,A6LC91,dev,cystine,Tri,False,1e-04,0.0193,0.0192,0.0,0.0202,0.8906,True
cluster18_A6LC91,A6LC91,dev,dopamine,Di,False,0.0098,0.2059,0.1961,0.0101,0.1127,0.8906,True
cluster18_A6LC91,A6LC91,dev,dopamine,Mono,False,0.0015,0.0721,0.0706,0.0023,0.0529,0.8906,True
cluster18_A6LC91,A6LC91,dev,dopamine,Tri,False,0.0774,0.831,0.7536,0.0529,0.7,0.8906,True
cluster18_A6LC91,A6LC91,dev,gaba,Di,False,0.0127,0.9794,0.9667,0.0137,0.9082,0.8906,True
cluster18_A6LC91,A6LC91,dev,gaba,Mono,False,0.015,0.9808,0.9658,0.0202,0.9082,0.8906,True
cluster18_A6LC91,A6LC91,dev,gaba,Tri,False,0.0148,0.9805,0.9657,0.0202,0.9082,0.8906,True
cluster18_A6LC91,A6LC91,dev,glutamine,Di,False,0.0007,0.1483,0.1476,0.0023,0.1127,0.8906,True
cluster18_A6LC91,A6LC91,dev,glutamine,Mono,False,0.01,0.5926,0.5826,0.0101,0.4638,0.8906,True
cluster18_A6LC91,A6LC91,dev,glutamine,Tri,False,0.0004,0.0888,0.0884,0.0,0.0529,0.8906,True
cluster18_A6LC91,A6LC91,dev,glyglycine,Di,False,1e-04,0.008,0.0079,0.0,0.0101,0.8906,True
cluster18_A6LC91,A6LC91,dev,glyglycine,Mono,False,1e-04,0.0063,0.0062,0.0,0.0101,0.8906,True
cluster18_A6LC91,A6LC91,dev,glyglycine,Tri,False,0.0005,0.0558,0.0553,0.0,0.0529,0.8906,True
cluster18_A6LC91,A6LC91,dev,histidine,Di,False,0.0,0.0025,0.0025,0.0,0.0101,0.8906,True
cluster18_A6LC91,A6LC91,dev,histidine,Mono,False,0.0,0.0015,0.0015,0.0,0.0023,0.8906,True
cluster18_A6LC91,A6LC91,dev,histidine,Tri,False,1e-04,0.0148,0.0147,0.0,0.0202,0.8906,True
cluster18_A6LC91,A6LC91,dev,lysine,Di,False,0.0007,0.2535,0.2528,0.0,0.1757,0.8906,True
cluster18_A6LC91,A6LC91,dev,lysine,Mono,False,0.0002,0.028,0.0278,0.0,0.0391,0.8906,True
cluster18_A6LC91,A6LC91,dev,lysine,Tri,False,1e-04,0.0213,0.0212,0.0,0.0301,0.8906,True
cluster18_A6LC91,A6LC91,dev,methionine,Di,False,1e-04,0.0825,0.0824,0.0,0.0529,0.8906,True
cluster18_A6LC91,A6LC91,dev,methionine,Mono,False,0.0002,0.083,0.0828,0.0,0.0529,0.8906,True
cluster18_A6LC91,A6LC91,dev,methionine,Tri,False,0.0002,0.1231,0.1229,0.0,0.0915,0.8906,True
cluster18_A6LC91,A6LC91,dev,ornithine,Di,False,0.0037,0.2121,0.2084,0.0101,0.1127,0.8906,True
cluster18_A6LC91,A6LC91,dev,ornithine,Mono,False,0.0023,0.0763,0.074,0.0101,0.0529,0.8906,True
cluster18_A6LC91,A6LC91,dev,ornithine,Tri,False,0.0005,0.0413,0.0408,0.0,0.0529,0.8906,True
cluster18_A6LC91,A6LC91,dev,phenylalanine,Di,False,0.0234,0.9381,0.9147,0.0391,0.8636,0.8906,True
cluster18_A6LC91,A6LC91,dev,phenylalanine,Mono,False,0.0012,0.2276,0.2264,0.0023,0.1455,0.8906,True
cluster18_A6LC91,A6LC91,dev,phenylalanine,Tri,False,0.0201,0.9315,0.9114,0.0301,0.8636,0.8906,True
cluster18_A6LC91,A6LC91,dev,proline,Di,False,1e-04,0.0049,0.0048,0.0,0.0101,0.8906,True
cluster18_A6LC91,A6LC91,dev,proline,Mono,False,0.0002,0.005,0.0048,0.0,0.0101,0.8906,True
cluster18_A6LC91,A6LC91,dev,proline,Tri,False,0.0009,0.0695,0.0686,0.0023,0.0529,0.8906,True
cluster18_A6LC91,A6LC91,dev,putrescine,Di,False,1e-04,0.0072,0.0071,0.0,0.0101,0.8906,True
cluster18_A6LC91,A6LC91,dev,putrescine,Mono,False,0.0,0.0025,0.0025,0.0,0.0101,0.8906,True
cluster18_A6LC91,A6LC91,dev,putrescine,Tri,False,1e-04,0.0105,0.0104,0.0,0.0101,0.8906,True
cluster18_A6LC91,A6LC91,dev,serine,Di,False,0.001,0.1946,0.1936,0.0023,0.1127,0.8906,True
cluster18_A6LC91,A6LC91,dev,serine,Mono,False,0.0016,0.2734,0.2718,0.0023,0.1915,0.8906,True
cluster18_A6LC91,A6LC91,dev,serine,Tri,False,0.0004,0.0943,0.0939,0.0,0.0714,0.8906,True
cluster18_A6LC91,A6LC91,dev,serotonin,Di,False,0.0003,0.0133,0.013,0.0,0.0137,0.8906,True
cluster18_A6LC91,A6LC91,dev,serotonin,Mono,False,0.004,0.1632,0.1592,0.0101,0.1127,0.8906,True
cluster18_A6LC91,A6LC91,dev,serotonin,Tri,False,1e-04,0.0109,0.0108,0.0,0.0101,0.8906,True
cluster18_A6LC91,A6LC91,dev,threonine,Di,False,1e-04,0.0553,0.0552,0.0,0.0529,0.8906,True
cluster18_A6LC91,A6LC91,dev,threonine,Mono,False,0.0004,0.1145,0.1141,0.0,0.0915,0.8906,True
cluster18_A6LC91,A6LC91,dev,threonine,Tri,False,0.0,0.0061,0.0061,0.0,0.0101,0.8906,True
cluster18_A6LC91,A6LC91,dev,tryptamine,Di,False,1e-04,0.0038,0.0037,0.0,0.0101,0.8906,True
cluster18_A6LC91,A6LC91,dev,tryptamine,Mono,False,1e-04,0.0014,0.0013,0.0,0.0023,0.8906,True
cluster18_A6LC91,A6LC91,dev,tryptamine,Tri,False,0.0002,0.0106,0.0104,0.0,0.0101,0.8906,True
cluster18_A6LC91,A6LC91,dev,tyramine,Di,False,0.0003,0.0148,0.0145,0.0,0.0202,0.8906,True
cluster18_A6LC91,A6LC91,dev,tyramine,Mono,False,0.002,0.1292,0.1272,0.0023,0.0915,0.8906,True
cluster18_A6LC91,A6LC91,dev,tyramine,Tri,False,0.0002,0.0131,0.0129,0.0,0.0137,0.8906,True
cluster200_A0A1Y3VSR9,A0A1Y3VSR9,dev,"2,3_diaminopropionic acid",Di,False,0.0873,0.0499,-0.0374,0.0529,0.0529,0.9171,True
cluster200_A0A1Y3VSR9,A0A1Y3VSR9,dev,"2,3_diaminopropionic acid",Mono,False,0.0475,0.0302,-0.0173,0.0529,0.0391,0.9171,True
cluster200_A0A1Y3VSR9,A0A1Y3VSR9,dev,"2,3_diaminopropionic acid",Tri,False,0.2889,0.3938,0.1049,0.2692,0.2815,0.9171,True
cluster200_A0A1Y3VSR9,A0A1Y3VSR9,dev,2_aminophenol,Di,True,0.9378,0.8852,-0.0526,0.8636,0.8235,0.9171,True
cluster200_A0A1Y3VSR9,A0A1Y3VSR9,dev,2_aminophenol,Mono,False,0.3934,0.2157,-0.1777,0.2815,0.1127,0.9171,True
cluster200_A0A1Y3VSR9,A0A1Y3VSR9,dev,2_aminophenol,Tri,True,0.907,0.8252,-0.0818,0.8636,0.7,0.9171,True
cluster200_A0A1Y3VSR9,A0A1Y3VSR9,dev,3_methoxytyramine,Di,True,0.6393,0.247,-0.3923,0.5,0.1757,0.9171,True
cluster200_A0A1Y3VSR9,A0A1Y3VSR9,dev,3_methoxytyramine,Mono,False,0.0467,0.0151,-0.0316,0.0529,0.0202,0.9171,True
cluster200_A0A1Y3VSR9,A0A1Y3VSR9,dev,3_methoxytyramine,Tri,False,0.3812,0.1362,-0.245,0.2815,0.0915,0.9171,True
cluster200_A0A1Y3VSR9,A0A1Y3VSR9,dev,alanine,Di,True,0.9297,0.9602,0.0305,0.8636,0.9023,0.9171,True
cluster200_A0A1Y3VSR9,A0A1Y3VSR9,dev,alanine,Mono,True,0.9136,0.9572,0.0436,0.8636,0.9023,0.9171,True
cluster200_A0A1Y3VSR9,A0A1Y3VSR9,dev,alanine,Tri,False,0.212,0.2339,0.0219,0.1127,0.1455,0.9171,True
cluster200_A0A1Y3VSR9,A0A1Y3VSR9,dev,arginine,Di,False,0.0071,0.0056,-0.0015,0.0101,0.0101,0.9171,True
cluster200_A0A1Y3VSR9,A0A1Y3VSR9,dev,arginine,Mono,False,0.0035,0.0032,-0.0003,0.0101,0.0101,0.9171,True
cluster200_A0A1Y3VSR9,A0A1Y3VSR9,dev,arginine,Tri,False,0.0064,0.0163,0.0099,0.0101,0.0202,0.9171,True
cluster200_A0A1Y3VSR9,A0A1Y3VSR9,dev,asparagine,Di,False,0.0756,0.0612,-0.0144,0.0529,0.0529,0.9171,True
cluster200_A0A1Y3VSR9,A0A1Y3VSR9,dev,asparagine,Mono,False,0.0791,0.0701,-0.009,0.0529,0.0529,0.9171,True
cluster200_A0A1Y3VSR9,A0A1Y3VSR9,dev,asparagine,Tri,True,0.8657,0.9218,0.0561,0.7,0.8636,0.9171,True
cluster200_A0A1Y3VSR9,A0A1Y3VSR9,dev,cadaverine,Di,False,0.003,0.0046,0.0016,0.0101,0.0101,0.9171,True
cluster200_A0A1Y3VSR9,A0A1Y3VSR9,dev,cadaverine,Mono,False,0.0011,0.0016,0.0005,0.0023,0.0023,0.9171,True
cluster200_A0A1Y3VSR9,A0A1Y3VSR9,dev,cadaverine,Tri,False,0.0029,0.0051,0.0022,0.0101,0.0101,0.9171,True
cluster200_A0A1Y3VSR9,A0A1Y3VSR9,dev,citrulline,Di,False,0.0233,0.033,0.0097,0.0391,0.0409,0.9171,True
cluster200_A0A1Y3VSR9,A0A1Y3VSR9,dev,citrulline,Mono,False,0.0088,0.0107,0.0019,0.0101,0.0101,0.9171,True
cluster200_A0A1Y3VSR9,A0A1Y3VSR9,dev,citrulline,Tri,False,0.0056,0.0094,0.0038,0.0101,0.0101,0.9171,True
cluster200_A0A1Y3VSR9,A0A1Y3VSR9,dev,cystine,Di,False,0.02,0.0128,-0.0072,0.0301,0.0137,0.9171,True
cluster200_A0A1Y3VSR9,A0A1Y3VSR9,dev,cystine,Mono,False,0.0067,0.0045,-0.0022,0.0101,0.0101,0.9171,True
cluster200_A0A1Y3VSR9,A0A1Y3VSR9,dev,cystine,Tri,False,0.0189,0.0132,-0.0057,0.0202,0.0137,0.9171,True
cluster200_A0A1Y3VSR9,A0A1Y3VSR9,dev,dopamine,Di,False,0.4702,0.279,-0.1912,0.4014,0.1915,0.9171,True
cluster200_A0A1Y3VSR9,A0A1Y3VSR9,dev,dopamine,Mono,False,0.0955,0.0791,-0.0164,0.0915,0.0529,0.9171,True
cluster200_A0A1Y3VSR9,A0A1Y3VSR9,dev,dopamine,Tri,True,0.8932,0.8809,-0.0123,0.8571,0.75,0.9171,True
cluster200_A0A1Y3VSR9,A0A1Y3VSR9,dev,gaba,Di,True,0.9597,0.9865,0.0268,0.9023,0.9214,0.9171,True
cluster200_A0A1Y3VSR9,A0A1Y3VSR9,dev,gaba,Mono,True,0.9694,0.9891,0.0197,0.9082,0.9214,0.9171,True
cluster200_A0A1Y3VSR9,A0A1Y3VSR9,dev,gaba,Tri,True,0.9581,0.9874,0.0293,0.9023,0.9214,0.9171,True
cluster200_A0A1Y3VSR9,A0A1Y3VSR9,dev,glutamine,Di,False,0.111,0.1105,-0.0005,0.0915,0.0915,0.9171,True
cluster200_A0A1Y3VSR9,A0A1Y3VSR9,dev,glutamine,Mono,True,0.6922,0.6509,-0.0413,0.5287,0.5287,0.9171,True
cluster200_A0A1Y3VSR9,A0A1Y3VSR9,dev,glutamine,Tri,False,0.0641,0.0866,0.0225,0.0529,0.0529,0.9171,True
cluster200_A0A1Y3VSR9,A0A1Y3VSR9,dev,glyglycine,Di,False,0.007,0.0061,-0.0009,0.0101,0.0101,0.9171,True
cluster200_A0A1Y3VSR9,A0A1Y3VSR9,dev,glyglycine,Mono,False,0.0059,0.0057,-0.0002,0.0101,0.0101,0.9171,True
cluster200_A0A1Y3VSR9,A0A1Y3VSR9,dev,glyglycine,Tri,False,0.0275,0.0281,0.0006,0.0391,0.0391,0.9171,True
cluster200_A0A1Y3VSR9,A0A1Y3VSR9,dev,histidine,Di,False,0.0007,0.0012,0.0005,0.0,0.0023,0.9171,True
cluster200_A0A1Y3VSR9,A0A1Y3VSR9,dev,histidine,Mono,False,0.0005,0.0009,0.0004,0.0,0.0023,0.9171,True
cluster200_A0A1Y3VSR9,A0A1Y3VSR9,dev,histidine,Tri,False,0.0034,0.0061,0.0027,0.0101,0.0101,0.9171,True
cluster200_A0A1Y3VSR9,A0A1Y3VSR9,dev,lysine,Di,False,0.0665,0.2027,0.1362,0.0529,0.1127,0.9171,True
cluster200_A0A1Y3VSR9,A0A1Y3VSR9,dev,lysine,Mono,False,0.0128,0.0228,0.01,0.0137,0.0345,0.9171,True
cluster200_A0A1Y3VSR9,A0A1Y3VSR9,dev,lysine,Tri,False,0.0055,0.0138,0.0083,0.0101,0.0202,0.9171,True
cluster200_A0A1Y3VSR9,A0A1Y3VSR9,dev,methionine,Di,False,0.0286,0.0507,0.0221,0.0391,0.0529,0.9171,True
cluster200_A0A1Y3VSR9,A0A1Y3VSR9,dev,methionine,Mono,False,0.0417,0.0697,0.028,0.0529,0.0529,0.9171,True
cluster200_A0A1Y3VSR9,A0A1Y3VSR9,dev,methionine,Tri,False,0.0392,0.0867,0.0475,0.0529,0.0529,0.9171,True
cluster200_A0A1Y3VSR9,A0A1Y3VSR9,dev,ornithine,Di,False,0.2516,0.1842,-0.0674,0.1757,0.1127,0.9171,True
cluster200_A0A1Y3VSR9,A0A1Y3VSR9,dev,ornithine,Mono,False,0.1361,0.0833,-0.0528,0.0915,0.0529,0.9171,True
cluster200_A0A1Y3VSR9,A0A1Y3VSR9,dev,ornithine,Tri,False,0.0343,0.0332,-0.0011,0.0409,0.0409,0.9171,True
cluster200_A0A1Y3VSR9,A0A1Y3VSR9,dev,phenylalanine,Di,True,0.9355,0.9499,0.0144,0.8636,0.9023,0.9171,True
cluster200_A0A1Y3VSR9,A0A1Y3VSR9,dev,phenylalanine,Mono,False,0.2496,0.1907,-0.0589,0.1757,0.1127,0.9171,True
cluster200_A0A1Y3VSR9,A0A1Y3VSR9,dev,phenylalanine,Tri,True,0.925,0.9417,0.0167,0.8636,0.8696,0.9171,True
cluster200_A0A1Y3VSR9,A0A1Y3VSR9,dev,proline,Di,False,0.0057,0.0057,0.0,0.0101,0.0101,0.9171,True
cluster200_A0A1Y3VSR9,A0A1Y3VSR9,dev,proline,Mono,False,0.0076,0.0076,0.0,0.0101,0.0101,0.9171,True
cluster200_A0A1Y3VSR9,A0A1Y3VSR9,dev,proline,Tri,False,0.0486,0.0781,0.0295,0.0529,0.0529,0.9171,True
cluster200_A0A1Y3VSR9,A0A1Y3VSR9,dev,putrescine,Di,False,0.0031,0.0048,0.0017,0.0101,0.0101,0.9171,True
cluster200_A0A1Y3VSR9,A0A1Y3VSR9,dev,putrescine,Mono,False,0.0012,0.0017,0.0005,0.0023,0.0023,0.9171,True
cluster200_A0A1Y3VSR9,A0A1Y3VSR9,dev,putrescine,Tri,False,0.003,0.0051,0.0021,0.0101,0.0101,0.9171,True
cluster200_A0A1Y3VSR9,A0A1Y3VSR9,dev,serine,Di,False,0.123,0.1786,0.0556,0.0915,0.1127,0.9171,True
cluster200_A0A1Y3VSR9,A0A1Y3VSR9,dev,serine,Mono,False,0.158,0.2372,0.0792,0.1127,0.1455,0.9171,True
cluster200_A0A1Y3VSR9,A0A1Y3VSR9,dev,serine,Tri,False,0.0521,0.0732,0.0211,0.0529,0.0529,0.9171,True
cluster200_A0A1Y3VSR9,A0A1Y3VSR9,dev,serotonin,Di,False,0.0265,0.0162,-0.0103,0.0391,0.0202,0.9171,True
cluster200_A0A1Y3VSR9,A0A1Y3VSR9,dev,serotonin,Mono,False,0.2585,0.1706,-0.0879,0.1757,0.1127,0.9171,True
cluster200_A0A1Y3VSR9,A0A1Y3VSR9,dev,serotonin,Tri,False,0.0125,0.0124,-1e-04,0.0137,0.0114,0.9171,True
cluster200_A0A1Y3VSR9,A0A1Y3VSR9,dev,threonine,Di,False,0.012,0.0311,0.0191,0.0114,0.0409,0.9171,True
cluster200_A0A1Y3VSR9,A0A1Y3VSR9,dev,threonine,Mono,False,0.0284,0.0694,0.041,0.0391,0.0529,0.9171,True
cluster200_A0A1Y3VSR9,A0A1Y3VSR9,dev,threonine,Tri,False,0.0016,0.0037,0.0021,0.0023,0.0101,0.9171,True
cluster200_A0A1Y3VSR9,A0A1Y3VSR9,dev,tryptamine,Di,False,0.0075,0.0047,-0.0028,0.0101,0.0101,0.9171,True
cluster200_A0A1Y3VSR9,A0A1Y3VSR9,dev,tryptamine,Mono,False,0.0024,0.0016,-0.0008,0.0101,0.0023,0.9171,True
cluster200_A0A1Y3VSR9,A0A1Y3VSR9,dev,tryptamine,Tri,False,0.0141,0.0101,-0.004,0.0202,0.0101,0.9171,True
cluster200_A0A1Y3VSR9,A0A1Y3VSR9,dev,tyramine,Di,False,0.0316,0.0234,-0.0082,0.0409,0.0391,0.9171,True
cluster200_A0A1Y3VSR9,A0A1Y3VSR9,dev,tyramine,Mono,False,0.1709,0.1499,-0.021,0.1127,0.1127,0.9171,True
cluster200_A0A1Y3VSR9,A0A1Y3VSR9,dev,tyramine,Tri,False,0.0198,0.0198,0.0,0.0301,0.0301,0.9171,True
cluster206_A0A174MBD8,A0A174MBD8,dev,"2,3_diaminopropionic acid",Di,False,0.0175,0.0061,-0.0114,0.0202,0.0101,0.7396,True
cluster206_A0A174MBD8,A0A174MBD8,dev,"2,3_diaminopropionic acid",Mono,False,0.0129,0.0035,-0.0094,0.0137,0.0101,0.7396,True
cluster206_A0A174MBD8,A0A174MBD8,dev,"2,3_diaminopropionic acid",Tri,False,0.1882,0.1036,-0.0846,0.1127,0.0915,0.7396,True
cluster206_A0A174MBD8,A0A174MBD8,dev,2_aminophenol,Di,True,0.8951,0.7551,-0.14,0.8571,0.5287,0.7396,True
cluster206_A0A174MBD8,A0A174MBD8,dev,2_aminophenol,Mono,False,0.2306,0.111,-0.1196,0.1455,0.0915,0.7396,True
cluster206_A0A174MBD8,A0A174MBD8,dev,2_aminophenol,Tri,False,0.76,0.6545,-0.1055,0.5287,0.5287,0.7396,True
cluster206_A0A174MBD8,A0A174MBD8,dev,3_methoxytyramine,Di,False,0.0247,0.0122,-0.0125,0.0391,0.0114,0.7396,True
cluster206_A0A174MBD8,A0A174MBD8,dev,3_methoxytyramine,Mono,False,0.0034,0.0014,-0.002,0.0101,0.0023,0.7396,True
cluster206_A0A174MBD8,A0A174MBD8,dev,3_methoxytyramine,Tri,False,0.0303,0.014,-0.0163,0.0396,0.0202,0.7396,True
cluster206_A0A174MBD8,A0A174MBD8,dev,alanine,Di,True,0.9801,0.8458,-0.1343,0.9082,0.7,0.7396,True
cluster206_A0A174MBD8,A0A174MBD8,dev,alanine,Mono,True,0.9809,0.8323,-0.1486,0.9082,0.7,0.7396,True
cluster206_A0A174MBD8,A0A174MBD8,dev,alanine,Tri,False,0.1687,0.1609,-0.0078,0.1127,0.1127,0.7396,True
cluster206_A0A174MBD8,A0A174MBD8,dev,arginine,Di,False,0.0027,0.0021,-0.0006,0.0101,0.0023,0.7396,True
cluster206_A0A174MBD8,A0A174MBD8,dev,arginine,Mono,False,0.0021,0.0011,-0.001,0.0023,0.0023,0.7396,True
cluster206_A0A174MBD8,A0A174MBD8,dev,arginine,Tri,False,0.0075,0.0112,0.0037,0.0101,0.0101,0.7396,True
cluster206_A0A174MBD8,A0A174MBD8,dev,asparagine,Di,False,0.0538,0.0255,-0.0283,0.0529,0.0391,0.7396,True
cluster206_A0A174MBD8,A0A174MBD8,dev,asparagine,Mono,False,0.0998,0.0274,-0.0724,0.0915,0.0391,0.7396,True
cluster206_A0A174MBD8,A0A174MBD8,dev,asparagine,Tri,True,0.9362,0.8712,-0.065,0.8636,0.7,0.7396,True
cluster206_A0A174MBD8,A0A174MBD8,dev,cadaverine,Di,False,0.0019,0.0013,-0.0006,0.0023,0.0023,0.7396,True
cluster206_A0A174MBD8,A0A174MBD8,dev,cadaverine,Mono,False,0.0012,0.0005,-0.0007,0.0023,0.0,0.7396,True
cluster206_A0A174MBD8,A0A174MBD8,dev,cadaverine,Tri,False,0.0029,0.0024,-0.0005,0.0101,0.0101,0.7396,True
cluster206_A0A174MBD8,A0A174MBD8,dev,citrulline,Di,False,0.0187,0.0143,-0.0044,0.0202,0.0202,0.7396,True
cluster206_A0A174MBD8,A0A174MBD8,dev,citrulline,Mono,False,0.0077,0.0038,-0.0039,0.0101,0.0101,0.7396,True
cluster206_A0A174MBD8,A0A174MBD8,dev,citrulline,Tri,False,0.0047,0.0054,0.0007,0.0101,0.0101,0.7396,True
cluster206_A0A174MBD8,A0A174MBD8,dev,cystine,Di,False,0.0041,0.0028,-0.0013,0.0101,0.0101,0.7396,True
cluster206_A0A174MBD8,A0A174MBD8,dev,cystine,Mono,False,0.0026,0.0012,-0.0014,0.0101,0.0023,0.7396,True
cluster206_A0A174MBD8,A0A174MBD8,dev,cystine,Tri,False,0.0064,0.0082,0.0018,0.0101,0.0101,0.7396,True
cluster206_A0A174MBD8,A0A174MBD8,dev,dopamine,Di,False,0.153,0.0474,-0.1056,0.1127,0.0529,0.7396,True
cluster206_A0A174MBD8,A0A174MBD8,dev,dopamine,Mono,False,0.0439,0.0126,-0.0313,0.0529,0.0137,0.7396,True
cluster206_A0A174MBD8,A0A174MBD8,dev,dopamine,Tri,True,0.8955,0.7684,-0.1271,0.8571,0.5287,0.7396,True
cluster206_A0A174MBD8,A0A174MBD8,dev,gaba,Di,True,0.992,0.8865,-0.1055,0.9214,0.8235,0.7396,True
cluster206_A0A174MBD8,A0A174MBD8,dev,gaba,Mono,True,0.9965,0.9216,-0.0749,0.925,0.8636,0.7396,True
cluster206_A0A174MBD8,A0A174MBD8,dev,gaba,Tri,True,0.9941,0.9318,-0.0623,0.9214,0.8636,0.7396,True
cluster206_A0A174MBD8,A0A174MBD8,dev,glutamine,Di,False,0.2087,0.0843,-0.1244,0.1127,0.0529,0.7396,True
cluster206_A0A174MBD8,A0A174MBD8,dev,glutamine,Mono,True,0.9229,0.6882,-0.2347,0.8636,0.5287,0.7396,True
cluster206_A0A174MBD8,A0A174MBD8,dev,glutamine,Tri,False,0.1536,0.0896,-0.064,0.1127,0.0529,0.7396,True
cluster206_A0A174MBD8,A0A174MBD8,dev,glyglycine,Di,False,0.0041,0.004,-1e-04,0.0101,0.0101,0.7396,True
cluster206_A0A174MBD8,A0A174MBD8,dev,glyglycine,Mono,False,0.0043,0.0039,-0.0004,0.0101,0.0101,0.7396,True
cluster206_A0A174MBD8,A0A174MBD8,dev,glyglycine,Tri,False,0.0253,0.0563,0.031,0.0391,0.0529,0.7396,True
cluster206_A0A174MBD8,A0A174MBD8,dev,histidine,Di,False,0.0008,0.0007,-1e-04,0.0023,0.0023,0.7396,True
cluster206_A0A174MBD8,A0A174MBD8,dev,histidine,Mono,False,0.0006,0.0004,-0.0002,0.0,0.0,0.7396,True
cluster206_A0A174MBD8,A0A174MBD8,dev,histidine,Tri,False,0.006,0.0105,0.0045,0.0101,0.0101,0.7396,True
cluster206_A0A174MBD8,A0A174MBD8,dev,lysine,Di,False,0.0593,0.0739,0.0146,0.0529,0.0529,0.7396,True
cluster206_A0A174MBD8,A0A174MBD8,dev,lysine,Mono,False,0.0132,0.0081,-0.0051,0.0137,0.0101,0.7396,True
cluster206_A0A174MBD8,A0A174MBD8,dev,lysine,Tri,False,0.0057,0.0085,0.0028,0.0101,0.0101,0.7396,True
cluster206_A0A174MBD8,A0A174MBD8,dev,methionine,Di,False,0.0339,0.0232,-0.0107,0.0409,0.0345,0.7396,True
cluster206_A0A174MBD8,A0A174MBD8,dev,methionine,Mono,False,0.0576,0.0329,-0.0247,0.0529,0.0409,0.7396,True
cluster206_A0A174MBD8,A0A174MBD8,dev,methionine,Tri,False,0.0488,0.0477,-0.0011,0.0529,0.0529,0.7396,True
cluster206_A0A174MBD8,A0A174MBD8,dev,ornithine,Di,False,0.0179,0.0105,-0.0074,0.0202,0.0101,0.7396,True
cluster206_A0A174MBD8,A0A174MBD8,dev,ornithine,Mono,False,0.0099,0.0036,-0.0063,0.0101,0.0101,0.7396,True
cluster206_A0A174MBD8,A0A174MBD8,dev,ornithine,Tri,False,0.0038,0.0043,0.0005,0.0101,0.0101,0.7396,True
cluster206_A0A174MBD8,A0A174MBD8,dev,phenylalanine,Di,True,0.9755,0.9008,-0.0747,0.9082,0.8571,0.7396,True
cluster206_A0A174MBD8,A0A174MBD8,dev,phenylalanine,Mono,False,0.24,0.0802,-0.1598,0.1757,0.0529,0.7396,True
cluster206_A0A174MBD8,A0A174MBD8,dev,phenylalanine,Tri,True,0.9684,0.9075,-0.0609,0.9082,0.8636,0.7396,True
cluster206_A0A174MBD8,A0A174MBD8,dev,proline,Di,False,0.0026,0.0017,-0.0009,0.0101,0.0023,0.7396,True
cluster206_A0A174MBD8,A0A174MBD8,dev,proline,Mono,False,0.0055,0.0023,-0.0032,0.0101,0.0101,0.7396,True
cluster206_A0A174MBD8,A0A174MBD8,dev,proline,Tri,False,0.0295,0.0155,-0.014,0.0391,0.0202,0.7396,True
cluster206_A0A174MBD8,A0A174MBD8,dev,putrescine,Di,False,0.0019,0.0013,-0.0006,0.0023,0.0023,0.7396,True
cluster206_A0A174MBD8,A0A174MBD8,dev,putrescine,Mono,False,0.0011,0.0006,-0.0005,0.0023,0.0,0.7396,True
cluster206_A0A174MBD8,A0A174MBD8,dev,putrescine,Tri,False,0.003,0.0024,-0.0006,0.0101,0.0101,0.7396,True
cluster206_A0A174MBD8,A0A174MBD8,dev,serine,Di,False,0.2558,0.067,-0.1888,0.1757,0.0529,0.7396,True
cluster206_A0A174MBD8,A0A174MBD8,dev,serine,Mono,True,0.3571,0.0816,-0.2755,0.2815,0.0529,0.7396,True
cluster206_A0A174MBD8,A0A174MBD8,dev,serine,Tri,False,0.1227,0.0367,-0.086,0.0915,0.0529,0.7396,True
cluster206_A0A174MBD8,A0A174MBD8,dev,serotonin,Di,False,0.0047,0.0015,-0.0032,0.0101,0.0023,0.7396,True
cluster206_A0A174MBD8,A0A174MBD8,dev,serotonin,Mono,False,0.0562,0.0244,-0.0318,0.0529,0.0391,0.7396,True
cluster206_A0A174MBD8,A0A174MBD8,dev,serotonin,Tri,False,0.0045,0.0024,-0.0021,0.0101,0.0101,0.7396,True
cluster206_A0A174MBD8,A0A174MBD8,dev,threonine,Di,False,0.0455,0.0363,-0.0092,0.0529,0.0529,0.7396,True
cluster206_A0A174MBD8,A0A174MBD8,dev,threonine,Mono,False,0.1096,0.0777,-0.0319,0.0915,0.0529,0.7396,True
cluster206_A0A174MBD8,A0A174MBD8,dev,threonine,Tri,False,0.0038,0.0045,0.0007,0.0101,0.0101,0.7396,True
cluster206_A0A174MBD8,A0A174MBD8,dev,tryptamine,Di,False,0.0013,0.001,-0.0003,0.0023,0.0023,0.7396,True
cluster206_A0A174MBD8,A0A174MBD8,dev,tryptamine,Mono,False,0.0006,0.0005,-1e-04,0.0,0.0,0.7396,True
cluster206_A0A174MBD8,A0A174MBD8,dev,tryptamine,Tri,False,0.0027,0.0028,1e-04,0.0101,0.0101,0.7396,True
cluster206_A0A174MBD8,A0A174MBD8,dev,tyramine,Di,False,0.0107,0.0034,-0.0073,0.0101,0.0101,0.7396,True
cluster206_A0A174MBD8,A0A174MBD8,dev,tyramine,Mono,False,0.0777,0.0428,-0.0349,0.0529,0.0529,0.7396,True
cluster206_A0A174MBD8,A0A174MBD8,dev,tyramine,Tri,False,0.0122,0.0061,-0.0061,0.0114,0.0101,0.7396,True
cluster213_A0A0F5JPH2,A0A0F5JPH2,dev,"2,3_diaminopropionic acid",Di,True,0.6218,0.1004,-0.5214,0.4706,0.0915,0.919,True
cluster213_A0A0F5JPH2,A0A0F5JPH2,dev,"2,3_diaminopropionic acid",Mono,False,0.4752,0.0499,-0.4253,0.4014,0.0529,0.919,True
cluster213_A0A0F5JPH2,A0A0F5JPH2,dev,"2,3_diaminopropionic acid",Tri,True,0.8526,0.627,-0.2256,0.7,0.4857,0.919,True
cluster213_A0A0F5JPH2,A0A0F5JPH2,dev,2_aminophenol,Di,True,0.9871,0.9565,-0.0306,0.9214,0.9023,0.919,True
cluster213_A0A0F5JPH2,A0A0F5JPH2,dev,2_aminophenol,Mono,True,0.8228,0.3741,-0.4487,0.7,0.2815,0.919,True
cluster213_A0A0F5JPH2,A0A0F5JPH2,dev,2_aminophenol,Tri,True,0.9752,0.9323,-0.0429,0.9082,0.8636,0.919,True
cluster213_A0A0F5JPH2,A0A0F5JPH2,dev,3_methoxytyramine,Di,True,0.8192,0.4178,-0.4014,0.7,0.2815,0.919,True
cluster213_A0A0F5JPH2,A0A0F5JPH2,dev,3_methoxytyramine,Mono,False,0.1244,0.0349,-0.0895,0.0915,0.0409,0.919,True
cluster213_A0A0F5JPH2,A0A0F5JPH2,dev,3_methoxytyramine,Tri,False,0.5248,0.2603,-0.2645,0.4014,0.1875,0.919,True
cluster213_A0A0F5JPH2,A0A0F5JPH2,dev,alanine,Di,True,0.9809,0.9745,-0.0064,0.9082,0.9082,0.919,True
cluster213_A0A0F5JPH2,A0A0F5JPH2,dev,alanine,Mono,True,0.9763,0.963,-0.0133,0.9082,0.9023,0.919,True
cluster213_A0A0F5JPH2,A0A0F5JPH2,dev,alanine,Tri,False,0.4505,0.3278,-0.1227,0.3936,0.2692,0.919,True
cluster213_A0A0F5JPH2,A0A0F5JPH2,dev,arginine,Di,False,0.0366,0.0075,-0.0291,0.0529,0.0101,0.919,True
cluster213_A0A0F5JPH2,A0A0F5JPH2,dev,arginine,Mono,False,0.0218,0.003,-0.0188,0.0301,0.0101,0.919,True
cluster213_A0A0F5JPH2,A0A0F5JPH2,dev,arginine,Tri,False,0.0303,0.0202,-0.0101,0.0403,0.0301,0.919,True
cluster213_A0A0F5JPH2,A0A0F5JPH2,dev,asparagine,Di,False,0.1184,0.0586,-0.0598,0.0915,0.0529,0.919,True
cluster213_A0A0F5JPH2,A0A0F5JPH2,dev,asparagine,Mono,False,0.1079,0.0384,-0.0695,0.0915,0.0529,0.919,True
cluster213_A0A0F5JPH2,A0A0F5JPH2,dev,asparagine,Tri,True,0.8909,0.8394,-0.0515,0.8491,0.7,0.919,True
cluster213_A0A0F5JPH2,A0A0F5JPH2,dev,cadaverine,Di,False,0.0113,0.008,-0.0033,0.0114,0.0101,0.919,True
cluster213_A0A0F5JPH2,A0A0F5JPH2,dev,cadaverine,Mono,False,0.0051,0.0023,-0.0028,0.0101,0.0101,0.919,True
cluster213_A0A0F5JPH2,A0A0F5JPH2,dev,cadaverine,Tri,False,0.0117,0.0084,-0.0033,0.0114,0.0101,0.919,True
cluster213_A0A0F5JPH2,A0A0F5JPH2,dev,citrulline,Di,False,0.0483,0.0412,-0.0071,0.0529,0.0529,0.919,True
cluster213_A0A0F5JPH2,A0A0F5JPH2,dev,citrulline,Mono,False,0.0256,0.0108,-0.0148,0.0391,0.0101,0.919,True
cluster213_A0A0F5JPH2,A0A0F5JPH2,dev,citrulline,Tri,False,0.0134,0.011,-0.0024,0.0137,0.0101,0.919,True
cluster213_A0A0F5JPH2,A0A0F5JPH2,dev,cystine,Di,False,0.0643,0.0209,-0.0434,0.0529,0.0301,0.919,True
cluster213_A0A0F5JPH2,A0A0F5JPH2,dev,cystine,Mono,False,0.0216,0.0058,-0.0158,0.0301,0.0101,0.919,True
cluster213_A0A0F5JPH2,A0A0F5JPH2,dev,cystine,Tri,False,0.0505,0.0224,-0.0281,0.0529,0.0325,0.919,True
cluster213_A0A0F5JPH2,A0A0F5JPH2,dev,dopamine,Di,True,0.8266,0.4473,-0.3793,0.7,0.3936,0.919,True
cluster213_A0A0F5JPH2,A0A0F5JPH2,dev,dopamine,Mono,False,0.4592,0.1615,-0.2977,0.3936,0.1127,0.919,True
cluster213_A0A0F5JPH2,A0A0F5JPH2,dev,dopamine,Tri,True,0.9725,0.927,-0.0455,0.9082,0.8636,0.919,True
cluster213_A0A0F5JPH2,A0A0F5JPH2,dev,gaba,Di,True,0.9914,0.9903,-0.0011,0.9214,0.9214,0.919,True
cluster213_A0A0F5JPH2,A0A0F5JPH2,dev,gaba,Mono,True,0.9913,0.9895,-0.0018,0.9214,0.9214,0.919,True
cluster213_A0A0F5JPH2,A0A0F5JPH2,dev,gaba,Tri,True,0.9919,0.9923,0.0004,0.9214,0.9214,0.919,True
cluster213_A0A0F5JPH2,A0A0F5JPH2,dev,glutamine,Di,False,0.117,0.1044,-0.0126,0.0915,0.0915,0.919,True
cluster213_A0A0F5JPH2,A0A0F5JPH2,dev,glutamine,Mono,False,0.4972,0.4671,-0.0301,0.4014,0.3936,0.919,True
cluster213_A0A0F5JPH2,A0A0F5JPH2,dev,glutamine,Tri,False,0.049,0.0598,0.0108,0.0529,0.0529,0.919,True
cluster213_A0A0F5JPH2,A0A0F5JPH2,dev,glyglycine,Di,False,0.0231,0.0123,-0.0108,0.0345,0.0114,0.919,True
cluster213_A0A0F5JPH2,A0A0F5JPH2,dev,glyglycine,Mono,False,0.0194,0.0088,-0.0106,0.0202,0.0101,0.919,True
cluster213_A0A0F5JPH2,A0A0F5JPH2,dev,glyglycine,Tri,False,0.0897,0.0638,-0.0259,0.0529,0.0529,0.919,True
cluster213_A0A0F5JPH2,A0A0F5JPH2,dev,histidine,Di,False,0.0018,0.0014,-0.0004,0.0023,0.0023,0.919,True
cluster213_A0A0F5JPH2,A0A0F5JPH2,dev,histidine,Mono,False,0.0019,0.0009,-0.001,0.0023,0.0023,0.919,True
cluster213_A0A0F5JPH2,A0A0F5JPH2,dev,histidine,Tri,False,0.0114,0.0073,-0.0041,0.0114,0.0101,0.919,True
cluster213_A0A0F5JPH2,A0A0F5JPH2,dev,lysine,Di,False,0.3556,0.2646,-0.091,0.2815,0.1875,0.919,True
cluster213_A0A0F5JPH2,A0A0F5JPH2,dev,lysine,Mono,False,0.0876,0.0263,-0.0613,0.0529,0.0391,0.919,True
cluster213_A0A0F5JPH2,A0A0F5JPH2,dev,lysine,Tri,False,0.0366,0.0206,-0.016,0.0529,0.0301,0.919,True
cluster213_A0A0F5JPH2,A0A0F5JPH2,dev,methionine,Di,False,0.1089,0.0764,-0.0325,0.0915,0.0529,0.919,True
cluster213_A0A0F5JPH2,A0A0F5JPH2,dev,methionine,Mono,False,0.1608,0.077,-0.0838,0.1127,0.0529,0.919,True
cluster213_A0A0F5JPH2,A0A0F5JPH2,dev,methionine,Tri,False,0.1361,0.1085,-0.0276,0.0915,0.0915,0.919,True
cluster213_A0A0F5JPH2,A0A0F5JPH2,dev,ornithine,Di,True,0.83,0.3079,-0.5221,0.7,0.2692,0.919,True
cluster213_A0A0F5JPH2,A0A0F5JPH2,dev,ornithine,Mono,True,0.7453,0.1166,-0.6287,0.5287,0.0915,0.919,True
cluster213_A0A0F5JPH2,A0A0F5JPH2,dev,ornithine,Tri,False,0.347,0.0564,-0.2906,0.28,0.0529,0.919,True
cluster213_A0A0F5JPH2,A0A0F5JPH2,dev,phenylalanine,Di,True,0.9828,0.9616,-0.0212,0.9214,0.9023,0.919,True
cluster213_A0A0F5JPH2,A0A0F5JPH2,dev,phenylalanine,Mono,False,0.5995,0.2291,-0.3704,0.4638,0.1455,0.919,True
cluster213_A0A0F5JPH2,A0A0F5JPH2,dev,phenylalanine,Tri,True,0.9785,0.957,-0.0215,0.9082,0.9023,0.919,True
cluster213_A0A0F5JPH2,A0A0F5JPH2,dev,proline,Di,False,0.0085,0.0064,-0.0021,0.0101,0.0101,0.919,True
cluster213_A0A0F5JPH2,A0A0F5JPH2,dev,proline,Mono,False,0.0116,0.0052,-0.0064,0.0114,0.0101,0.919,True
cluster213_A0A0F5JPH2,A0A0F5JPH2,dev,proline,Tri,False,0.056,0.0608,0.0048,0.0529,0.0529,0.919,True
cluster213_A0A0F5JPH2,A0A0F5JPH2,dev,putrescine,Di,False,0.0113,0.0081,-0.0032,0.0114,0.0101,0.919,True
cluster213_A0A0F5JPH2,A0A0F5JPH2,dev,putrescine,Mono,False,0.0051,0.0023,-0.0028,0.0101,0.0101,0.919,True
cluster213_A0A0F5JPH2,A0A0F5JPH2,dev,putrescine,Tri,False,0.0117,0.0083,-0.0034,0.0114,0.0101,0.919,True
cluster213_A0A0F5JPH2,A0A0F5JPH2,dev,serine,Di,False,0.6116,0.2952,-0.3164,0.4638,0.2692,0.919,True
cluster213_A0A0F5JPH2,A0A0F5JPH2,dev,serine,Mono,True,0.706,0.3456,-0.3604,0.5287,0.28,0.919,True
cluster213_A0A0F5JPH2,A0A0F5JPH2,dev,serine,Tri,False,0.3531,0.1523,-0.2008,0.2815,0.1127,0.919,True
cluster213_A0A0F5JPH2,A0A0F5JPH2,dev,serotonin,Di,False,0.1824,0.033,-0.1494,0.1127,0.0409,0.919,True
cluster213_A0A0F5JPH2,A0A0F5JPH2,dev,serotonin,Mono,True,0.7568,0.3012,-0.4556,0.5287,0.2692,0.919,True
cluster213_A0A0F5JPH2,A0A0F5JPH2,dev,serotonin,Tri,False,0.1104,0.0268,-0.0836,0.0915,0.0391,0.919,True
cluster213_A0A0F5JPH2,A0A0F5JPH2,dev,threonine,Di,False,0.0753,0.0507,-0.0246,0.0529,0.0529,0.919,True
cluster213_A0A0F5JPH2,A0A0F5JPH2,dev,threonine,Mono,False,0.1526,0.0868,-0.0658,0.1127,0.0529,0.919,True
cluster213_A0A0F5JPH2,A0A0F5JPH2,dev,threonine,Tri,False,0.009,0.0059,-0.0031,0.0101,0.0101,0.919,True
cluster213_A0A0F5JPH2,A0A0F5JPH2,dev,tryptamine,Di,False,0.0176,0.0061,-0.0115,0.0202,0.0101,0.919,True
cluster213_A0A0F5JPH2,A0A0F5JPH2,dev,tryptamine,Mono,False,0.0086,0.002,-0.0066,0.0101,0.0023,0.919,True
cluster213_A0A0F5JPH2,A0A0F5JPH2,dev,tryptamine,Tri,False,0.0286,0.0132,-0.0154,0.0391,0.0137,0.919,True
cluster213_A0A0F5JPH2,A0A0F5JPH2,dev,tyramine,Di,False,0.155,0.0421,-0.1129,0.1127,0.0529,0.919,True
cluster213_A0A0F5JPH2,A0A0F5JPH2,dev,tyramine,Mono,False,0.5782,0.2426,-0.3356,0.4638,0.1757,0.919,True
cluster213_A0A0F5JPH2,A0A0F5JPH2,dev,tyramine,Tri,False,0.1015,0.0363,-0.0652,0.0915,0.0529,0.919,True
cluster21_A0A0P0FKS2,A0A0P0FKS2,dev,"2,3_diaminopropionic acid",Di,False,0.0003,0.0061,0.0058,0.0,0.0101,0.9205,True
cluster21_A0A0P0FKS2,A0A0P0FKS2,dev,"2,3_diaminopropionic acid",Mono,False,1e-04,0.0035,0.0034,0.0,0.0101,0.9205,True
cluster21_A0A0P0FKS2,A0A0P0FKS2,dev,"2,3_diaminopropionic acid",Tri,False,0.0022,0.0788,0.0766,0.0023,0.0529,0.9205,True
cluster21_A0A0P0FKS2,A0A0P0FKS2,dev,2_aminophenol,Di,False,0.0365,0.6073,0.5708,0.0529,0.4638,0.9205,True
cluster21_A0A0P0FKS2,A0A0P0FKS2,dev,2_aminophenol,Mono,False,0.0018,0.0669,0.0651,0.0023,0.0529,0.9205,True
cluster21_A0A0P0FKS2,A0A0P0FKS2,dev,2_aminophenol,Tri,False,0.0185,0.4709,0.4524,0.0202,0.4014,0.9205,True
cluster21_A0A0P0FKS2,A0A0P0FKS2,dev,3_methoxytyramine,Di,False,0.0024,0.023,0.0206,0.0101,0.0345,0.9205,True
cluster21_A0A0P0FKS2,A0A0P0FKS2,dev,3_methoxytyramine,Mono,False,0.0002,0.0028,0.0026,0.0,0.0101,0.9205,True
cluster21_A0A0P0FKS2,A0A0P0FKS2,dev,3_methoxytyramine,Tri,False,0.0015,0.0198,0.0183,0.0023,0.0301,0.9205,True
cluster21_A0A0P0FKS2,A0A0P0FKS2,dev,alanine,Di,False,0.052,0.8338,0.7818,0.0529,0.7,0.9205,True
cluster21_A0A0P0FKS2,A0A0P0FKS2,dev,alanine,Mono,False,0.041,0.8098,0.7688,0.0529,0.7,0.9205,True
cluster21_A0A0P0FKS2,A0A0P0FKS2,dev,alanine,Tri,False,0.0018,0.0958,0.094,0.0023,0.0915,0.9205,True
cluster21_A0A0P0FKS2,A0A0P0FKS2,dev,arginine,Di,False,0.0,0.0012,0.0012,0.0,0.0023,0.9205,True
cluster21_A0A0P0FKS2,A0A0P0FKS2,dev,arginine,Mono,False,0.0,0.0006,0.0006,0.0,0.0,0.9205,True
cluster21_A0A0P0FKS2,A0A0P0FKS2,dev,arginine,Tri,False,1e-04,0.0041,0.004,0.0,0.0101,0.9205,True
cluster21_A0A0P0FKS2,A0A0P0FKS2,dev,asparagine,Di,False,0.0009,0.0218,0.0209,0.0023,0.0301,0.9205,True
cluster21_A0A0P0FKS2,A0A0P0FKS2,dev,asparagine,Mono,False,0.0009,0.0223,0.0214,0.0023,0.0301,0.9205,True
cluster21_A0A0P0FKS2,A0A0P0FKS2,dev,asparagine,Tri,False,0.1042,0.7704,0.6662,0.0915,0.5287,0.9205,True
cluster21_A0A0P0FKS2,A0A0P0FKS2,dev,cadaverine,Di,False,1e-04,0.0011,0.001,0.0,0.0023,0.9205,True
cluster21_A0A0P0FKS2,A0A0P0FKS2,dev,cadaverine,Mono,False,0.0,0.0007,0.0007,0.0,0.0,0.9205,True
cluster21_A0A0P0FKS2,A0A0P0FKS2,dev,cadaverine,Tri,False,1e-04,0.0032,0.0031,0.0,0.0101,0.9205,True
cluster21_A0A0P0FKS2,A0A0P0FKS2,dev,citrulline,Di,False,0.0002,0.013,0.0128,0.0,0.0137,0.9205,True
cluster21_A0A0P0FKS2,A0A0P0FKS2,dev,citrulline,Mono,False,1e-04,0.0037,0.0036,0.0,0.0101,0.9205,True
cluster21_A0A0P0FKS2,A0A0P0FKS2,dev,citrulline,Tri,False,0.0,0.004,0.004,0.0,0.0101,0.9205,True
cluster21_A0A0P0FKS2,A0A0P0FKS2,dev,cystine,Di,False,1e-04,0.0018,0.0017,0.0,0.0023,0.9205,True
cluster21_A0A0P0FKS2,A0A0P0FKS2,dev,cystine,Mono,False,0.0,0.0008,0.0008,0.0,0.0023,0.9205,True
cluster21_A0A0P0FKS2,A0A0P0FKS2,dev,cystine,Tri,False,1e-04,0.0029,0.0028,0.0,0.0101,0.9205,True
cluster21_A0A0P0FKS2,A0A0P0FKS2,dev,dopamine,Di,False,0.0056,0.0752,0.0696,0.0101,0.0529,0.9205,True
cluster21_A0A0P0FKS2,A0A0P0FKS2,dev,dopamine,Mono,False,0.0014,0.0249,0.0235,0.0023,0.0391,0.9205,True
cluster21_A0A0P0FKS2,A0A0P0FKS2,dev,dopamine,Tri,False,0.108,0.6783,0.5703,0.0915,0.5287,0.9205,True
cluster21_A0A0P0FKS2,A0A0P0FKS2,dev,gaba,Di,False,0.0397,0.8676,0.8279,0.0529,0.7,0.9205,True
cluster21_A0A0P0FKS2,A0A0P0FKS2,dev,gaba,Mono,False,0.0516,0.9097,0.8581,0.0529,0.8636,0.9205,True
cluster21_A0A0P0FKS2,A0A0P0FKS2,dev,gaba,Tri,False,0.0443,0.8983,0.854,0.0529,0.8571,0.9205,True
cluster21_A0A0P0FKS2,A0A0P0FKS2,dev,glutamine,Di,False,0.0017,0.0663,0.0646,0.0023,0.0529,0.9205,True
cluster21_A0A0P0FKS2,A0A0P0FKS2,dev,glutamine,Mono,False,0.027,0.5072,0.4802,0.0391,0.4014,0.9205,True
cluster21_A0A0P0FKS2,A0A0P0FKS2,dev,glutamine,Tri,False,0.001,0.0485,0.0475,0.0023,0.0529,0.9205,True
cluster21_A0A0P0FKS2,A0A0P0FKS2,dev,glyglycine,Di,False,1e-04,0.0029,0.0028,0.0,0.0101,0.9205,True
cluster21_A0A0P0FKS2,A0A0P0FKS2,dev,glyglycine,Mono,False,1e-04,0.0026,0.0025,0.0,0.0101,0.9205,True
cluster21_A0A0P0FKS2,A0A0P0FKS2,dev,glyglycine,Tri,False,0.0005,0.0198,0.0193,0.0,0.0301,0.9205,True
cluster21_A0A0P0FKS2,A0A0P0FKS2,dev,histidine,Di,False,0.0,0.0004,0.0004,0.0,0.0,0.9205,True
cluster21_A0A0P0FKS2,A0A0P0FKS2,dev,histidine,Mono,False,0.0,0.0003,0.0003,0.0,0.0,0.9205,True
cluster21_A0A0P0FKS2,A0A0P0FKS2,dev,histidine,Tri,False,1e-04,0.0033,0.0032,0.0,0.0101,0.9205,True
cluster21_A0A0P0FKS2,A0A0P0FKS2,dev,lysine,Di,False,0.0008,0.0372,0.0364,0.0023,0.0529,0.9205,True
cluster21_A0A0P0FKS2,A0A0P0FKS2,dev,lysine,Mono,False,1e-04,0.0041,0.004,0.0,0.0101,0.9205,True
cluster21_A0A0P0FKS2,A0A0P0FKS2,dev,lysine,Tri,False,1e-04,0.003,0.0029,0.0,0.0101,0.9205,True
cluster21_A0A0P0FKS2,A0A0P0FKS2,dev,methionine,Di,False,0.0002,0.0097,0.0095,0.0,0.0101,0.9205,True
cluster21_A0A0P0FKS2,A0A0P0FKS2,dev,methionine,Mono,False,0.0002,0.0138,0.0136,0.0,0.0202,0.9205,True
cluster21_A0A0P0FKS2,A0A0P0FKS2,dev,methionine,Tri,False,0.0003,0.0218,0.0215,0.0,0.0301,0.9205,True
cluster21_A0A0P0FKS2,A0A0P0FKS2,dev,ornithine,Di,False,0.0011,0.0189,0.0178,0.0023,0.0202,0.9205,True
cluster21_A0A0P0FKS2,A0A0P0FKS2,dev,ornithine,Mono,False,0.0005,0.0074,0.0069,0.0,0.0101,0.9205,True
cluster21_A0A0P0FKS2,A0A0P0FKS2,dev,ornithine,Tri,False,1e-04,0.0044,0.0043,0.0,0.0101,0.9205,True
cluster21_A0A0P0FKS2,A0A0P0FKS2,dev,phenylalanine,Di,False,0.057,0.7966,0.7396,0.0529,0.5287,0.9205,True
cluster21_A0A0P0FKS2,A0A0P0FKS2,dev,phenylalanine,Mono,False,0.0012,0.0632,0.062,0.0023,0.0529,0.9205,True
cluster21_A0A0P0FKS2,A0A0P0FKS2,dev,phenylalanine,Tri,False,0.046,0.7941,0.7481,0.0529,0.5287,0.9205,True
cluster21_A0A0P0FKS2,A0A0P0FKS2,dev,proline,Di,False,1e-04,0.0027,0.0026,0.0,0.0101,0.9205,True
cluster21_A0A0P0FKS2,A0A0P0FKS2,dev,proline,Mono,False,1e-04,0.0029,0.0028,0.0,0.0101,0.9205,True
cluster21_A0A0P0FKS2,A0A0P0FKS2,dev,proline,Tri,False,0.0005,0.0213,0.0208,0.0,0.0301,0.9205,True
cluster21_A0A0P0FKS2,A0A0P0FKS2,dev,putrescine,Di,False,1e-04,0.0012,0.0011,0.0,0.0023,0.9205,True
cluster21_A0A0P0FKS2,A0A0P0FKS2,dev,putrescine,Mono,False,0.0,0.0007,0.0007,0.0,0.0,0.9205,True
cluster21_A0A0P0FKS2,A0A0P0FKS2,dev,putrescine,Tri,False,1e-04,0.0033,0.0032,0.0,0.0101,0.9205,True
cluster21_A0A0P0FKS2,A0A0P0FKS2,dev,serine,Di,False,0.0007,0.038,0.0373,0.0023,0.0529,0.9205,True
cluster21_A0A0P0FKS2,A0A0P0FKS2,dev,serine,Mono,False,0.001,0.0478,0.0468,0.0023,0.0529,0.9205,True
cluster21_A0A0P0FKS2,A0A0P0FKS2,dev,serine,Tri,False,0.0004,0.0246,0.0242,0.0,0.0391,0.9205,True
cluster21_A0A0P0FKS2,A0A0P0FKS2,dev,serotonin,Di,False,0.0002,0.0028,0.0026,0.0,0.0101,0.9205,True
cluster21_A0A0P0FKS2,A0A0P0FKS2,dev,serotonin,Mono,False,0.0031,0.0529,0.0498,0.0101,0.0529,0.9205,True
cluster21_A0A0P0FKS2,A0A0P0FKS2,dev,serotonin,Tri,False,1e-04,0.0024,0.0023,0.0,0.0101,0.9205,True
cluster21_A0A0P0FKS2,A0A0P0FKS2,dev,threonine,Di,False,0.0002,0.013,0.0128,0.0,0.0137,0.9205,True
cluster21_A0A0P0FKS2,A0A0P0FKS2,dev,threonine,Mono,False,0.0004,0.0269,0.0265,0.0,0.0391,0.9205,True
cluster21_A0A0P0FKS2,A0A0P0FKS2,dev,threonine,Tri,False,0.0,0.0018,0.0018,0.0,0.0023,0.9205,True
cluster21_A0A0P0FKS2,A0A0P0FKS2,dev,tryptamine,Di,False,1e-04,0.0014,0.0013,0.0,0.0023,0.9205,True
cluster21_A0A0P0FKS2,A0A0P0FKS2,dev,tryptamine,Mono,False,0.0,0.0006,0.0006,0.0,0.0,0.9205,True
cluster21_A0A0P0FKS2,A0A0P0FKS2,dev,tryptamine,Tri,False,0.0003,0.0056,0.0053,0.0,0.0101,0.9205,True
cluster21_A0A0P0FKS2,A0A0P0FKS2,dev,tyramine,Di,False,1e-04,0.0035,0.0034,0.0,0.0101,0.9205,True
cluster21_A0A0P0FKS2,A0A0P0FKS2,dev,tyramine,Mono,False,0.0021,0.0448,0.0427,0.0023,0.0529,0.9205,True
cluster21_A0A0P0FKS2,A0A0P0FKS2,dev,tyramine,Tri,False,1e-04,0.0034,0.0033,0.0,0.0101,0.9205,True
cluster239_A0A414M9L3,A0A414M9L3,dev,"2,3_diaminopropionic acid",Di,True,0.626,0.2318,-0.3942,0.4857,0.1455,0.8762,True
cluster239_A0A414M9L3,A0A414M9L3,dev,"2,3_diaminopropionic acid",Mono,False,0.5131,0.1439,-0.3692,0.4014,0.0915,0.8762,True
cluster239_A0A414M9L3,A0A414M9L3,dev,"2,3_diaminopropionic acid",Tri,True,0.8785,0.7771,-0.1014,0.75,0.5287,0.8762,True
cluster239_A0A414M9L3,A0A414M9L3,dev,2_aminophenol,Di,True,0.9875,0.9575,-0.03,0.9214,0.9023,0.8762,True
cluster239_A0A414M9L3,A0A414M9L3,dev,2_aminophenol,Mono,True,0.8556,0.5374,-0.3182,0.7,0.4014,0.8762,True
cluster239_A0A414M9L3,A0A414M9L3,dev,2_aminophenol,Tri,True,0.9818,0.9338,-0.048,0.9214,0.8636,0.8762,True
cluster239_A0A414M9L3,A0A414M9L3,dev,3_methoxytyramine,Di,True,0.8294,0.4687,-0.3607,0.7,0.3936,0.8762,True
cluster239_A0A414M9L3,A0A414M9L3,dev,3_methoxytyramine,Mono,False,0.1442,0.0474,-0.0968,0.0915,0.0529,0.8762,True
cluster239_A0A414M9L3,A0A414M9L3,dev,3_methoxytyramine,Tri,False,0.6425,0.3357,-0.3068,0.5287,0.2692,0.8762,True
cluster239_A0A414M9L3,A0A414M9L3,dev,alanine,Di,True,0.9883,0.9819,-0.0064,0.9214,0.9214,0.8762,True
cluster239_A0A414M9L3,A0A414M9L3,dev,alanine,Mono,True,0.9887,0.9778,-0.0109,0.9214,0.9082,0.8762,True
cluster239_A0A414M9L3,A0A414M9L3,dev,alanine,Tri,True,0.853,0.6644,-0.1886,0.7,0.5287,0.8762,True
cluster239_A0A414M9L3,A0A414M9L3,dev,arginine,Di,False,0.0321,0.0233,-0.0088,0.0409,0.0391,0.8762,True
cluster239_A0A414M9L3,A0A414M9L3,dev,arginine,Mono,False,0.0209,0.0128,-0.0081,0.0301,0.0137,0.8762,True
cluster239_A0A414M9L3,A0A414M9L3,dev,arginine,Tri,False,0.0344,0.0658,0.0314,0.0409,0.0529,0.8762,True
cluster239_A0A414M9L3,A0A414M9L3,dev,asparagine,Di,False,0.1302,0.1288,-0.0014,0.0915,0.0915,0.8762,True
cluster239_A0A414M9L3,A0A414M9L3,dev,asparagine,Mono,False,0.1343,0.1106,-0.0237,0.0915,0.0915,0.8762,True
cluster239_A0A414M9L3,A0A414M9L3,dev,asparagine,Tri,True,0.8988,0.9188,0.02,0.8571,0.8636,0.8762,True
cluster239_A0A414M9L3,A0A414M9L3,dev,cadaverine,Di,False,0.0166,0.0087,-0.0079,0.0202,0.0101,0.8762,True
cluster239_A0A414M9L3,A0A414M9L3,dev,cadaverine,Mono,False,0.0082,0.0035,-0.0047,0.0101,0.0101,0.8762,True
cluster239_A0A414M9L3,A0A414M9L3,dev,cadaverine,Tri,False,0.0171,0.0119,-0.0052,0.0202,0.0114,0.8762,True
cluster239_A0A414M9L3,A0A414M9L3,dev,citrulline,Di,False,0.0432,0.1354,0.0922,0.0529,0.0915,0.8762,True
cluster239_A0A414M9L3,A0A414M9L3,dev,citrulline,Mono,False,0.0241,0.0429,0.0188,0.0391,0.0529,0.8762,True
cluster239_A0A414M9L3,A0A414M9L3,dev,citrulline,Tri,False,0.0134,0.0442,0.0308,0.0137,0.0529,0.8762,True
cluster239_A0A414M9L3,A0A414M9L3,dev,cystine,Di,False,0.0705,0.0365,-0.034,0.0529,0.0529,0.8762,True
cluster239_A0A414M9L3,A0A414M9L3,dev,cystine,Mono,False,0.0321,0.0127,-0.0194,0.0409,0.0137,0.8762,True
cluster239_A0A414M9L3,A0A414M9L3,dev,cystine,Tri,False,0.0701,0.0424,-0.0277,0.0529,0.0529,0.8762,True
cluster239_A0A414M9L3,A0A414M9L3,dev,dopamine,Di,True,0.8335,0.4695,-0.364,0.7,0.3936,0.8762,True
cluster239_A0A414M9L3,A0A414M9L3,dev,dopamine,Mono,False,0.4541,0.1892,-0.2649,0.3936,0.1127,0.8762,True
cluster239_A0A414M9L3,A0A414M9L3,dev,dopamine,Tri,True,0.9776,0.9426,-0.035,0.9082,0.8696,0.8762,True
cluster239_A0A414M9L3,A0A414M9L3,dev,gaba,Di,True,0.9904,0.9934,0.003,0.9214,0.9214,0.8762,True
cluster239_A0A414M9L3,A0A414M9L3,dev,gaba,Mono,True,0.9925,0.9935,0.001,0.9214,0.9214,0.8762,True
cluster239_A0A414M9L3,A0A414M9L3,dev,gaba,Tri,True,0.9926,0.994,0.0014,0.9214,0.9214,0.8762,True
cluster239_A0A414M9L3,A0A414M9L3,dev,glutamine,Di,False,0.1068,0.2881,0.1813,0.0915,0.2692,0.8762,True
cluster239_A0A414M9L3,A0A414M9L3,dev,glutamine,Mono,False,0.5624,0.7449,0.1825,0.4231,0.5287,0.8762,True
cluster239_A0A414M9L3,A0A414M9L3,dev,glutamine,Tri,False,0.0592,0.2006,0.1414,0.0529,0.1127,0.8762,True
cluster239_A0A414M9L3,A0A414M9L3,dev,glyglycine,Di,False,0.0305,0.0254,-0.0051,0.0409,0.0391,0.8762,True
cluster239_A0A414M9L3,A0A414M9L3,dev,glyglycine,Mono,False,0.0322,0.0201,-0.0121,0.0409,0.0301,0.8762,True
cluster239_A0A414M9L3,A0A414M9L3,dev,glyglycine,Tri,False,0.1424,0.1533,0.0109,0.0915,0.1127,0.8762,True
cluster239_A0A414M9L3,A0A414M9L3,dev,histidine,Di,False,0.0021,0.0039,0.0018,0.0023,0.0101,0.8762,True
cluster239_A0A414M9L3,A0A414M9L3,dev,histidine,Mono,False,0.0023,0.0029,0.0006,0.0101,0.0101,0.8762,True
cluster239_A0A414M9L3,A0A414M9L3,dev,histidine,Tri,False,0.0164,0.0274,0.011,0.0202,0.0391,0.8762,True
cluster239_A0A414M9L3,A0A414M9L3,dev,lysine,Di,False,0.4189,0.4664,0.0475,0.2815,0.3936,0.8762,True
cluster239_A0A414M9L3,A0A414M9L3,dev,lysine,Mono,False,0.117,0.0794,-0.0376,0.0915,0.0529,0.8762,True
cluster239_A0A414M9L3,A0A414M9L3,dev,lysine,Tri,False,0.0496,0.0604,0.0108,0.0529,0.0529,0.8762,True
cluster239_A0A414M9L3,A0A414M9L3,dev,methionine,Di,False,0.1087,0.2388,0.1301,0.0915,0.1757,0.8762,True
cluster239_A0A414M9L3,A0A414M9L3,dev,methionine,Mono,False,0.1725,0.2461,0.0736,0.1127,0.1757,0.8762,True
cluster239_A0A414M9L3,A0A414M9L3,dev,methionine,Tri,False,0.1611,0.3245,0.1634,0.1127,0.2692,0.8762,True
cluster239_A0A414M9L3,A0A414M9L3,dev,ornithine,Di,True,0.841,0.4622,-0.3788,0.7,0.3936,0.8762,True
cluster239_A0A414M9L3,A0A414M9L3,dev,ornithine,Mono,True,0.7735,0.2421,-0.5314,0.5287,0.1757,0.8762,True
cluster239_A0A414M9L3,A0A414M9L3,dev,ornithine,Tri,False,0.3797,0.1434,-0.2363,0.2815,0.0915,0.8762,True
cluster239_A0A414M9L3,A0A414M9L3,dev,phenylalanine,Di,True,0.9831,0.9753,-0.0078,0.9214,0.9082,0.8762,True
cluster239_A0A414M9L3,A0A414M9L3,dev,phenylalanine,Mono,False,0.6693,0.5199,-0.1494,0.5287,0.4014,0.8762,True
cluster239_A0A414M9L3,A0A414M9L3,dev,phenylalanine,Tri,True,0.9825,0.9697,-0.0128,0.9214,0.9082,0.8762,True
cluster239_A0A414M9L3,A0A414M9L3,dev,proline,Di,False,0.0121,0.0087,-0.0034,0.0114,0.0101,0.8762,True
cluster239_A0A414M9L3,A0A414M9L3,dev,proline,Mono,False,0.0202,0.0102,-0.01,0.0301,0.0101,0.8762,True
cluster239_A0A414M9L3,A0A414M9L3,dev,proline,Tri,False,0.0821,0.1213,0.0392,0.0529,0.0915,0.8762,True
cluster239_A0A414M9L3,A0A414M9L3,dev,putrescine,Di,False,0.0171,0.0092,-0.0079,0.0202,0.0101,0.8762,True
cluster239_A0A414M9L3,A0A414M9L3,dev,putrescine,Mono,False,0.0085,0.0034,-0.0051,0.0101,0.0101,0.8762,True
cluster239_A0A414M9L3,A0A414M9L3,dev,putrescine,Tri,False,0.0177,0.0121,-0.0056,0.0202,0.0114,0.8762,True
cluster239_A0A414M9L3,A0A414M9L3,dev,serine,Di,False,0.6018,0.5377,-0.0641,0.4638,0.4014,0.8762,True
cluster239_A0A414M9L3,A0A414M9L3,dev,serine,Mono,True,0.7291,0.6257,-0.1034,0.5287,0.4857,0.8762,True
cluster239_A0A414M9L3,A0A414M9L3,dev,serine,Tri,False,0.3592,0.3222,-0.037,0.2815,0.2692,0.8762,True
cluster239_A0A414M9L3,A0A414M9L3,dev,serotonin,Di,False,0.1577,0.0387,-0.119,0.1127,0.0529,0.8762,True
cluster239_A0A414M9L3,A0A414M9L3,dev,serotonin,Mono,True,0.8268,0.4727,-0.3541,0.7,0.4014,0.8762,True
cluster239_A0A414M9L3,A0A414M9L3,dev,serotonin,Tri,False,0.1073,0.0343,-0.073,0.0915,0.0409,0.8762,True
cluster239_A0A414M9L3,A0A414M9L3,dev,threonine,Di,False,0.0733,0.1993,0.126,0.0529,0.1127,0.8762,True
cluster239_A0A414M9L3,A0A414M9L3,dev,threonine,Mono,False,0.1741,0.3503,0.1762,0.1127,0.28,0.8762,True
cluster239_A0A414M9L3,A0A414M9L3,dev,threonine,Tri,False,0.0094,0.0237,0.0143,0.0101,0.0391,0.8762,True
cluster239_A0A414M9L3,A0A414M9L3,dev,tryptamine,Di,False,0.0191,0.0047,-0.0144,0.0202,0.0101,0.8762,True
cluster239_A0A414M9L3,A0A414M9L3,dev,tryptamine,Mono,False,0.0102,0.0022,-0.008,0.0101,0.0023,0.8762,True
cluster239_A0A414M9L3,A0A414M9L3,dev,tryptamine,Tri,False,0.0377,0.0142,-0.0235,0.0529,0.0202,0.8762,True
cluster239_A0A414M9L3,A0A414M9L3,dev,tyramine,Di,False,0.2332,0.0694,-0.1638,0.1455,0.0529,0.8762,True
cluster239_A0A414M9L3,A0A414M9L3,dev,tyramine,Mono,True,0.7616,0.5126,-0.249,0.5287,0.4014,0.8762,True
cluster239_A0A414M9L3,A0A414M9L3,dev,tyramine,Tri,False,0.1821,0.0606,-0.1215,0.1127,0.0529,0.8762,True
cluster23_A0A078S2R5,A0A078S2R5,dev,"2,3_diaminopropionic acid",Di,True,0.755,0.1763,-0.5787,0.5287,0.1127,0.9143,True
cluster23_A0A078S2R5,A0A078S2R5,dev,"2,3_diaminopropionic acid",Mono,False,0.6375,0.1037,-0.5338,0.4857,0.0915,0.9143,True
cluster23_A0A078S2R5,A0A078S2R5,dev,"2,3_diaminopropionic acid",Tri,True,0.9343,0.7549,-0.1794,0.8636,0.5287,0.9143,True
cluster23_A0A078S2R5,A0A078S2R5,dev,2_aminophenol,Di,True,0.995,0.9744,-0.0206,0.9214,0.9082,0.9143,True
cluster23_A0A078S2R5,A0A078S2R5,dev,2_aminophenol,Mono,True,0.9353,0.5875,-0.3478,0.8636,0.4638,0.9143,True
cluster23_A0A078S2R5,A0A078S2R5,dev,2_aminophenol,Tri,True,0.9922,0.9604,-0.0318,0.9214,0.9023,0.9143,True
cluster23_A0A078S2R5,A0A078S2R5,dev,3_methoxytyramine,Di,True,0.9252,0.5086,-0.4166,0.8636,0.4014,0.9143,True
cluster23_A0A078S2R5,A0A078S2R5,dev,3_methoxytyramine,Mono,False,0.3692,0.0605,-0.3087,0.2815,0.0529,0.9143,True
cluster23_A0A078S2R5,A0A078S2R5,dev,3_methoxytyramine,Tri,True,0.8665,0.3824,-0.4841,0.7,0.2815,0.9143,True
cluster23_A0A078S2R5,A0A078S2R5,dev,alanine,Di,True,0.9968,0.9859,-0.0109,1.0,0.9214,0.9143,True
cluster23_A0A078S2R5,A0A078S2R5,dev,alanine,Mono,True,0.9968,0.9831,-0.0137,1.0,0.9214,0.9143,True
cluster23_A0A078S2R5,A0A078S2R5,dev,alanine,Tri,True,0.9091,0.578,-0.3311,0.8636,0.4638,0.9143,True
cluster23_A0A078S2R5,A0A078S2R5,dev,arginine,Di,False,0.0715,0.0192,-0.0523,0.0529,0.0202,0.9143,True
cluster23_A0A078S2R5,A0A078S2R5,dev,arginine,Mono,False,0.0445,0.0088,-0.0357,0.0529,0.0101,0.9143,True
cluster23_A0A078S2R5,A0A078S2R5,dev,arginine,Tri,False,0.0677,0.0558,-0.0119,0.0529,0.0529,0.9143,True
cluster23_A0A078S2R5,A0A078S2R5,dev,asparagine,Di,False,0.1762,0.1218,-0.0544,0.1127,0.0915,0.9143,True
cluster23_A0A078S2R5,A0A078S2R5,dev,asparagine,Mono,False,0.2005,0.1081,-0.0924,0.1127,0.0915,0.9143,True
cluster23_A0A078S2R5,A0A078S2R5,dev,asparagine,Tri,True,0.9527,0.9305,-0.0222,0.9023,0.8636,0.9143,True
cluster23_A0A078S2R5,A0A078S2R5,dev,cadaverine,Di,False,0.018,0.011,-0.007,0.0202,0.0101,0.9143,True
cluster23_A0A078S2R5,A0A078S2R5,dev,cadaverine,Mono,False,0.0089,0.0036,-0.0053,0.0101,0.0101,0.9143,True
cluster23_A0A078S2R5,A0A078S2R5,dev,cadaverine,Tri,False,0.0235,0.0135,-0.01,0.0391,0.0137,0.9143,True
cluster23_A0A078S2R5,A0A078S2R5,dev,citrulline,Di,False,0.1406,0.139,-0.0016,0.0915,0.0915,0.9143,True
cluster23_A0A078S2R5,A0A078S2R5,dev,citrulline,Mono,False,0.083,0.0395,-0.0435,0.0529,0.0529,0.9143,True
cluster23_A0A078S2R5,A0A078S2R5,dev,citrulline,Tri,False,0.0475,0.0426,-0.0049,0.0529,0.0529,0.9143,True
cluster23_A0A078S2R5,A0A078S2R5,dev,cystine,Di,False,0.1382,0.0415,-0.0967,0.0915,0.0529,0.9143,True
cluster23_A0A078S2R5,A0A078S2R5,dev,cystine,Mono,False,0.0624,0.0137,-0.0487,0.0529,0.0202,0.9143,True
cluster23_A0A078S2R5,A0A078S2R5,dev,cystine,Tri,False,0.1549,0.0471,-0.1078,0.1127,0.0529,0.9143,True
cluster23_A0A078S2R5,A0A078S2R5,dev,dopamine,Di,True,0.8783,0.4745,-0.4038,0.75,0.4014,0.9143,True
cluster23_A0A078S2R5,A0A078S2R5,dev,dopamine,Mono,False,0.5982,0.1919,-0.4063,0.4638,0.1127,0.9143,True
cluster23_A0A078S2R5,A0A078S2R5,dev,dopamine,Tri,True,0.9892,0.9513,-0.0379,0.9214,0.9023,0.9143,True
cluster23_A0A078S2R5,A0A078S2R5,dev,gaba,Di,True,0.9977,0.9936,-0.0041,1.0,0.9214,0.9143,True
cluster23_A0A078S2R5,A0A078S2R5,dev,gaba,Mono,True,0.9986,0.9942,-0.0044,1.0,0.9214,0.9143,True
cluster23_A0A078S2R5,A0A078S2R5,dev,gaba,Tri,True,0.9982,0.9942,-0.004,1.0,0.9214,0.9143,True
cluster23_A0A078S2R5,A0A078S2R5,dev,glutamine,Di,False,0.2258,0.2441,0.0183,0.1455,0.1757,0.9143,True
cluster23_A0A078S2R5,A0A078S2R5,dev,glutamine,Mono,True,0.868,0.723,-0.145,0.7,0.5287,0.9143,True
cluster23_A0A078S2R5,A0A078S2R5,dev,glutamine,Tri,False,0.1535,0.1616,0.0081,0.1127,0.1127,0.9143,True
cluster23_A0A078S2R5,A0A078S2R5,dev,glyglycine,Di,False,0.0638,0.0208,-0.043,0.0529,0.0301,0.9143,True
cluster23_A0A078S2R5,A0A078S2R5,dev,glyglycine,Mono,False,0.0638,0.0175,-0.0463,0.0529,0.0202,0.9143,True
cluster23_A0A078S2R5,A0A078S2R5,dev,glyglycine,Tri,False,0.3285,0.1186,-0.2099,0.2692,0.0915,0.9143,True
cluster23_A0A078S2R5,A0A078S2R5,dev,histidine,Di,False,0.0059,0.0032,-0.0027,0.0101,0.0101,0.9143,True
cluster23_A0A078S2R5,A0A078S2R5,dev,histidine,Mono,False,0.0086,0.0022,-0.0064,0.0101,0.0023,0.9143,True
cluster23_A0A078S2R5,A0A078S2R5,dev,histidine,Tri,False,0.059,0.0229,-0.0361,0.0529,0.0345,0.9143,True
cluster23_A0A078S2R5,A0A078S2R5,dev,lysine,Di,False,0.4543,0.4227,-0.0316,0.3936,0.2815,0.9143,True
cluster23_A0A078S2R5,A0A078S2R5,dev,lysine,Mono,False,0.1658,0.0639,-0.1019,0.1127,0.0529,0.9143,True
cluster23_A0A078S2R5,A0A078S2R5,dev,lysine,Tri,False,0.0834,0.0503,-0.0331,0.0529,0.0529,0.9143,True
cluster23_A0A078S2R5,A0A078S2R5,dev,methionine,Di,False,0.3259,0.2023,-0.1236,0.2692,0.1127,0.9143,True
cluster23_A0A078S2R5,A0A078S2R5,dev,methionine,Mono,True,0.5305,0.2437,-0.2868,0.4014,0.1757,0.9143,True
cluster23_A0A078S2R5,A0A078S2R5,dev,methionine,Tri,False,0.4739,0.3172,-0.1567,0.4014,0.2692,0.9143,True
cluster23_A0A078S2R5,A0A078S2R5,dev,ornithine,Di,True,0.8747,0.5122,-0.3625,0.7,0.4014,0.9143,True
cluster23_A0A078S2R5,A0A078S2R5,dev,ornithine,Mono,True,0.8152,0.2461,-0.5691,0.7,0.1757,0.9143,True
cluster23_A0A078S2R5,A0A078S2R5,dev,ornithine,Tri,False,0.4645,0.1202,-0.3443,0.3936,0.0915,0.9143,True
cluster23_A0A078S2R5,A0A078S2R5,dev,phenylalanine,Di,True,0.9947,0.9818,-0.0129,0.9214,0.9214,0.9143,True
cluster23_A0A078S2R5,A0A078S2R5,dev,phenylalanine,Mono,True,0.8819,0.4522,-0.4297,0.8235,0.3936,0.9143,True
cluster23_A0A078S2R5,A0A078S2R5,dev,phenylalanine,Tri,True,0.994,0.9788,-0.0152,0.9214,0.9082,0.9143,True
cluster23_A0A078S2R5,A0A078S2R5,dev,proline,Di,False,0.0732,0.0166,-0.0566,0.0529,0.0202,0.9143,True
cluster23_A0A078S2R5,A0A078S2R5,dev,proline,Mono,False,0.1343,0.0156,-0.1187,0.0915,0.0202,0.9143,True
cluster23_A0A078S2R5,A0A078S2R5,dev,proline,Tri,True,0.6408,0.2089,-0.4319,0.5,0.1127,0.9143,True
cluster23_A0A078S2R5,A0A078S2R5,dev,putrescine,Di,False,0.0193,0.0114,-0.0079,0.0202,0.0114,0.9143,True
cluster23_A0A078S2R5,A0A078S2R5,dev,putrescine,Mono,False,0.0091,0.0036,-0.0055,0.0101,0.0101,0.9143,True
cluster23_A0A078S2R5,A0A078S2R5,dev,putrescine,Tri,False,0.0246,0.0133,-0.0113,0.0391,0.0137,0.9143,True
cluster23_A0A078S2R5,A0A078S2R5,dev,serine,Di,False,0.6738,0.4829,-0.1909,0.5287,0.4014,0.9143,True
cluster23_A0A078S2R5,A0A078S2R5,dev,serine,Mono,True,0.8024,0.5701,-0.2323,0.7,0.4231,0.9143,True
cluster23_A0A078S2R5,A0A078S2R5,dev,serine,Tri,False,0.4838,0.2824,-0.2014,0.4014,0.1915,0.9143,True
cluster23_A0A078S2R5,A0A078S2R5,dev,serotonin,Di,False,0.2465,0.0553,-0.1912,0.1757,0.0529,0.9143,True
cluster23_A0A078S2R5,A0A078S2R5,dev,serotonin,Mono,True,0.8947,0.4388,-0.4559,0.8571,0.3936,0.9143,True
cluster23_A0A078S2R5,A0A078S2R5,dev,serotonin,Tri,False,0.2137,0.0484,-0.1653,0.1127,0.0529,0.9143,True
cluster23_A0A078S2R5,A0A078S2R5,dev,threonine,Di,False,0.12,0.1013,-0.0187,0.0915,0.0915,0.9143,True
cluster23_A0A078S2R5,A0A078S2R5,dev,threonine,Mono,False,0.2951,0.1888,-0.1063,0.2692,0.1127,0.9143,True
cluster23_A0A078S2R5,A0A078S2R5,dev,threonine,Tri,False,0.0209,0.0139,-0.007,0.0301,0.0202,0.9143,True
cluster23_A0A078S2R5,A0A078S2R5,dev,tryptamine,Di,False,0.0304,0.011,-0.0194,0.0409,0.0101,0.9143,True
cluster23_A0A078S2R5,A0A078S2R5,dev,tryptamine,Mono,False,0.0201,0.0036,-0.0165,0.0301,0.0101,0.9143,True
cluster23_A0A078S2R5,A0A078S2R5,dev,tryptamine,Tri,False,0.0883,0.03,-0.0583,0.0529,0.0391,0.9143,True
cluster23_A0A078S2R5,A0A078S2R5,dev,tyramine,Di,False,0.2758,0.0748,-0.201,0.1915,0.0529,0.9143,True
cluster23_A0A078S2R5,A0A078S2R5,dev,tyramine,Mono,True,0.8065,0.4237,-0.3828,0.7,0.2815,0.9143,True
cluster23_A0A078S2R5,A0A078S2R5,dev,tyramine,Tri,False,0.2352,0.0619,-0.1733,0.1455,0.0529,0.9143,True
cluster245_A0A096DGB7,A0A096DGB7,test,"2,3_diaminopropionic acid",Di,False,0.0484,0.0294,-0.019,0.0529,0.0391,0.9445,True
cluster245_A0A096DGB7,A0A096DGB7,test,"2,3_diaminopropionic acid",Mono,False,0.024,0.0153,-0.0087,0.0391,0.0202,0.9445,True
cluster245_A0A096DGB7,A0A096DGB7,test,"2,3_diaminopropionic acid",Tri,True,0.3636,0.3598,-0.0038,0.2815,0.2815,0.9445,True
cluster245_A0A096DGB7,A0A096DGB7,test,2_aminophenol,Di,True,0.9305,0.8588,-0.0717,0.8636,0.7,0.9445,True
cluster245_A0A096DGB7,A0A096DGB7,test,2_aminophenol,Mono,False,0.2267,0.1361,-0.0906,0.1455,0.0915,0.9445,True
cluster245_A0A096DGB7,A0A096DGB7,test,2_aminophenol,Tri,True,0.8532,0.768,-0.0852,0.7,0.5287,0.9445,True
cluster245_A0A096DGB7,A0A096DGB7,test,3_methoxytyramine,Di,False,0.081,0.0478,-0.0332,0.0529,0.0529,0.9445,True
cluster245_A0A096DGB7,A0A096DGB7,test,3_methoxytyramine,Mono,False,0.0087,0.004,-0.0047,0.0101,0.0101,0.9445,True
cluster245_A0A096DGB7,A0A096DGB7,test,3_methoxytyramine,Tri,False,0.0977,0.052,-0.0457,0.0915,0.0529,0.9445,True
cluster245_A0A096DGB7,A0A096DGB7,test,alanine,Di,True,0.9789,0.9634,-0.0155,0.9082,0.9023,0.9445,True
cluster245_A0A096DGB7,A0A096DGB7,test,alanine,Mono,True,0.9709,0.9505,-0.0204,0.9082,0.9023,0.9445,True
cluster245_A0A096DGB7,A0A096DGB7,test,alanine,Tri,False,0.4244,0.4715,0.0471,0.2815,0.4014,0.9445,True
cluster245_A0A096DGB7,A0A096DGB7,test,arginine,Di,False,0.0057,0.0047,-0.001,0.0101,0.0101,0.9445,True
cluster245_A0A096DGB7,A0A096DGB7,test,arginine,Mono,False,0.0027,0.0022,-0.0005,0.0101,0.0023,0.9445,True
cluster245_A0A096DGB7,A0A096DGB7,test,arginine,Tri,False,0.013,0.0173,0.0043,0.0137,0.0202,0.9445,True
cluster245_A0A096DGB7,A0A096DGB7,test,asparagine,Di,False,0.0422,0.0449,0.0027,0.0529,0.0529,0.9445,True
cluster245_A0A096DGB7,A0A096DGB7,test,asparagine,Mono,False,0.045,0.0417,-0.0033,0.0529,0.0529,0.9445,True
cluster245_A0A096DGB7,A0A096DGB7,test,asparagine,Tri,True,0.9028,0.8857,-0.0171,0.8636,0.8235,0.9445,True
cluster245_A0A096DGB7,A0A096DGB7,test,cadaverine,Di,False,0.0046,0.004,-0.0006,0.0101,0.0101,0.9445,True
cluster245_A0A096DGB7,A0A096DGB7,test,cadaverine,Mono,False,0.0014,0.0012,-0.0002,0.0023,0.0023,0.9445,True
cluster245_A0A096DGB7,A0A096DGB7,test,cadaverine,Tri,False,0.0057,0.0058,1e-04,0.0101,0.0101,0.9445,True
cluster245_A0A096DGB7,A0A096DGB7,test,citrulline,Di,False,0.0241,0.0307,0.0066,0.0391,0.0409,0.9445,True
cluster245_A0A096DGB7,A0A096DGB7,test,citrulline,Mono,False,0.0091,0.0091,0.0,0.0101,0.0101,0.9445,True
cluster245_A0A096DGB7,A0A096DGB7,test,citrulline,Tri,False,0.0076,0.0097,0.0021,0.0101,0.0101,0.9445,True
cluster245_A0A096DGB7,A0A096DGB7,test,cystine,Di,False,0.0104,0.0074,-0.003,0.0101,0.0101,0.9445,True
cluster245_A0A096DGB7,A0A096DGB7,test,cystine,Mono,False,0.0046,0.0031,-0.0015,0.0101,0.0101,0.9445,True
cluster245_A0A096DGB7,A0A096DGB7,test,cystine,Tri,False,0.018,0.014,-0.004,0.0202,0.0202,0.9445,True
cluster245_A0A096DGB7,A0A096DGB7,test,dopamine,Di,False,0.2295,0.135,-0.0945,0.1455,0.0915,0.9445,True
cluster245_A0A096DGB7,A0A096DGB7,test,dopamine,Mono,False,0.0493,0.0332,-0.0161,0.0529,0.0409,0.9445,True
cluster245_A0A096DGB7,A0A096DGB7,test,dopamine,Tri,True,0.8829,0.8372,-0.0457,0.8235,0.7,0.9445,True
cluster245_A0A096DGB7,A0A096DGB7,test,gaba,Di,True,0.9899,0.9782,-0.0117,0.9214,0.9082,0.9445,True
cluster245_A0A096DGB7,A0A096DGB7,test,gaba,Mono,True,0.9929,0.9808,-0.0121,0.9214,0.9082,0.9445,True
cluster245_A0A096DGB7,A0A096DGB7,test,gaba,Tri,True,0.9929,0.9854,-0.0075,0.9214,0.9214,0.9445,True
cluster245_A0A096DGB7,A0A096DGB7,test,glutamine,Di,False,0.0907,0.1624,0.0717,0.0529,0.1127,0.9445,True
cluster245_A0A096DGB7,A0A096DGB7,test,glutamine,Mono,False,0.6999,0.6848,-0.0151,0.5287,0.5287,0.9445,True
cluster245_A0A096DGB7,A0A096DGB7,test,glutamine,Tri,False,0.0767,0.1376,0.0609,0.0529,0.0915,0.9445,True
cluster245_A0A096DGB7,A0A096DGB7,test,glyglycine,Di,False,0.0131,0.0111,-0.002,0.0137,0.0101,0.9445,True
cluster245_A0A096DGB7,A0A096DGB7,test,glyglycine,Mono,False,0.0097,0.008,-0.0017,0.0101,0.0101,0.9445,True
cluster245_A0A096DGB7,A0A096DGB7,test,glyglycine,Tri,False,0.1293,0.1172,-0.0121,0.0915,0.0915,0.9445,True
cluster245_A0A096DGB7,A0A096DGB7,test,histidine,Di,False,0.0011,0.0013,0.0002,0.0023,0.0023,0.9445,True
cluster245_A0A096DGB7,A0A096DGB7,test,histidine,Mono,False,0.0008,0.001,0.0002,0.0023,0.0023,0.9445,True
cluster245_A0A096DGB7,A0A096DGB7,test,histidine,Tri,False,0.0124,0.015,0.0026,0.0114,0.0202,0.9445,True
cluster245_A0A096DGB7,A0A096DGB7,test,lysine,Di,False,0.203,0.2053,0.0023,0.1127,0.1127,0.9445,True
cluster245_A0A096DGB7,A0A096DGB7,test,lysine,Mono,False,0.0226,0.0177,-0.0049,0.0345,0.0202,0.9445,True
cluster245_A0A096DGB7,A0A096DGB7,test,lysine,Tri,False,0.0168,0.0179,0.0011,0.0202,0.0202,0.9445,True
cluster245_A0A096DGB7,A0A096DGB7,test,methionine,Di,False,0.0582,0.0806,0.0224,0.0529,0.0529,0.9445,True
cluster245_A0A096DGB7,A0A096DGB7,test,methionine,Mono,False,0.084,0.1008,0.0168,0.0529,0.0915,0.9445,True
cluster245_A0A096DGB7,A0A096DGB7,test,methionine,Tri,False,0.1104,0.1522,0.0418,0.0915,0.1127,0.9445,True
cluster245_A0A096DGB7,A0A096DGB7,test,ornithine,Di,False,0.0412,0.0395,-0.0017,0.0529,0.0529,0.9445,True
cluster245_A0A096DGB7,A0A096DGB7,test,ornithine,Mono,False,0.0175,0.0139,-0.0036,0.0202,0.0202,0.9445,True
cluster245_A0A096DGB7,A0A096DGB7,test,ornithine,Tri,False,0.0125,0.0133,0.0008,0.0137,0.0137,0.9445,True
cluster245_A0A096DGB7,A0A096DGB7,test,phenylalanine,Di,True,0.9566,0.9375,-0.0191,0.9023,0.8636,0.9445,True
cluster245_A0A096DGB7,A0A096DGB7,test,phenylalanine,Mono,False,0.1734,0.1643,-0.0091,0.1127,0.1127,0.9445,True
cluster245_A0A096DGB7,A0A096DGB7,test,phenylalanine,Tri,True,0.9493,0.9368,-0.0125,0.9023,0.8636,0.9445,True
cluster245_A0A096DGB7,A0A096DGB7,test,proline,Di,False,0.0034,0.0031,-0.0003,0.0101,0.0101,0.9445,True
cluster245_A0A096DGB7,A0A096DGB7,test,proline,Mono,False,0.0041,0.0035,-0.0006,0.0101,0.0101,0.9445,True
cluster245_A0A096DGB7,A0A096DGB7,test,proline,Tri,False,0.0291,0.0324,0.0033,0.0391,0.0409,0.9445,True
cluster245_A0A096DGB7,A0A096DGB7,test,putrescine,Di,False,0.0046,0.0041,-0.0005,0.0101,0.0101,0.9445,True
cluster245_A0A096DGB7,A0A096DGB7,test,putrescine,Mono,False,0.0014,0.0012,-0.0002,0.0023,0.0023,0.9445,True
cluster245_A0A096DGB7,A0A096DGB7,test,putrescine,Tri,False,0.0057,0.0058,1e-04,0.0101,0.0101,0.9445,True
cluster245_A0A096DGB7,A0A096DGB7,test,serine,Di,False,0.2127,0.3092,0.0965,0.1127,0.2692,0.9445,True
cluster245_A0A096DGB7,A0A096DGB7,test,serine,Mono,True,0.2693,0.3798,0.1105,0.1915,0.2815,0.9445,True
cluster245_A0A096DGB7,A0A096DGB7,test,serine,Tri,False,0.1139,0.1444,0.0305,0.0915,0.0915,0.9445,True
cluster245_A0A096DGB7,A0A096DGB7,test,serotonin,Di,False,0.0092,0.0055,-0.0037,0.0101,0.0101,0.9445,True
cluster245_A0A096DGB7,A0A096DGB7,test,serotonin,Mono,False,0.0985,0.0777,-0.0208,0.0915,0.0529,0.9445,True
cluster245_A0A096DGB7,A0A096DGB7,test,serotonin,Tri,False,0.0078,0.0066,-0.0012,0.0101,0.0101,0.9445,True
cluster245_A0A096DGB7,A0A096DGB7,test,threonine,Di,False,0.0469,0.0693,0.0224,0.0529,0.0529,0.9445,True
cluster245_A0A096DGB7,A0A096DGB7,test,threonine,Mono,False,0.0989,0.1453,0.0464,0.0915,0.0915,0.9445,True
cluster245_A0A096DGB7,A0A096DGB7,test,threonine,Tri,False,0.0056,0.0079,0.0023,0.0101,0.0101,0.9445,True
cluster245_A0A096DGB7,A0A096DGB7,test,tryptamine,Di,False,0.0038,0.0025,-0.0013,0.0101,0.0101,0.9445,True
cluster245_A0A096DGB7,A0A096DGB7,test,tryptamine,Mono,False,0.0008,0.0006,-0.0002,0.0023,0.0,0.9445,True
cluster245_A0A096DGB7,A0A096DGB7,test,tryptamine,Tri,False,0.0071,0.0062,-0.0009,0.0101,0.0101,0.9445,True
cluster245_A0A096DGB7,A0A096DGB7,test,tyramine,Di,False,0.0218,0.0124,-0.0094,0.0301,0.0118,0.9445,True
cluster245_A0A096DGB7,A0A096DGB7,test,tyramine,Mono,False,0.1516,0.1215,-0.0301,0.1127,0.0915,0.9445,True
cluster245_A0A096DGB7,A0A096DGB7,test,tyramine,Tri,False,0.0227,0.0161,-0.0066,0.0345,0.0202,0.9445,True
cluster247_A0A3E4KT54,A0A3E4KT54,dev,"2,3_diaminopropionic acid",Di,False,0.1176,0.0479,-0.0697,0.0915,0.0529,0.9378,True
cluster247_A0A3E4KT54,A0A3E4KT54,dev,"2,3_diaminopropionic acid",Mono,False,0.1196,0.0275,-0.0921,0.0915,0.0391,0.9378,True
cluster247_A0A3E4KT54,A0A3E4KT54,dev,"2,3_diaminopropionic acid",Tri,False,0.5394,0.3865,-0.1529,0.4014,0.2815,0.9378,True
cluster247_A0A3E4KT54,A0A3E4KT54,dev,2_aminophenol,Di,True,0.9769,0.8612,-0.1157,0.9082,0.7,0.9378,True
cluster247_A0A3E4KT54,A0A3E4KT54,dev,2_aminophenol,Mono,True,0.7858,0.2221,-0.5637,0.5287,0.1127,0.9378,True
cluster247_A0A3E4KT54,A0A3E4KT54,dev,2_aminophenol,Tri,True,0.9572,0.7943,-0.1629,0.9023,0.5287,0.9378,True
cluster247_A0A3E4KT54,A0A3E4KT54,dev,3_methoxytyramine,Di,True,0.7108,0.1411,-0.5697,0.5287,0.0915,0.9378,True
cluster247_A0A3E4KT54,A0A3E4KT54,dev,3_methoxytyramine,Mono,False,0.1065,0.0118,-0.0947,0.0915,0.0114,0.9378,True
cluster247_A0A3E4KT54,A0A3E4KT54,dev,3_methoxytyramine,Tri,False,0.4856,0.0889,-0.3967,0.4014,0.0529,0.9378,True
cluster247_A0A3E4KT54,A0A3E4KT54,dev,alanine,Di,True,0.9778,0.9471,-0.0307,0.9082,0.9023,0.9378,True
cluster247_A0A3E4KT54,A0A3E4KT54,dev,alanine,Mono,True,0.9838,0.9352,-0.0486,0.9214,0.8636,0.9378,True
cluster247_A0A3E4KT54,A0A3E4KT54,dev,alanine,Tri,False,0.2288,0.2213,-0.0075,0.1455,0.1127,0.9378,True
cluster247_A0A3E4KT54,A0A3E4KT54,dev,arginine,Di,False,0.0075,0.0042,-0.0033,0.0101,0.0101,0.9378,True
cluster247_A0A3E4KT54,A0A3E4KT54,dev,arginine,Mono,False,0.0076,0.0021,-0.0055,0.0101,0.0023,0.9378,True
cluster247_A0A3E4KT54,A0A3E4KT54,dev,arginine,Tri,False,0.0134,0.0129,-0.0005,0.0137,0.0137,0.9378,True
cluster247_A0A3E4KT54,A0A3E4KT54,dev,asparagine,Di,False,0.0726,0.0435,-0.0291,0.0529,0.0529,0.9378,True
cluster247_A0A3E4KT54,A0A3E4KT54,dev,asparagine,Mono,False,0.1193,0.0458,-0.0735,0.0915,0.0529,0.9378,True
cluster247_A0A3E4KT54,A0A3E4KT54,dev,asparagine,Tri,True,0.9022,0.8172,-0.085,0.8636,0.7,0.9378,True
cluster247_A0A3E4KT54,A0A3E4KT54,dev,cadaverine,Di,False,0.0059,0.0064,0.0005,0.0101,0.0101,0.9378,True
cluster247_A0A3E4KT54,A0A3E4KT54,dev,cadaverine,Mono,False,0.0042,0.003,-0.0012,0.0101,0.0101,0.9378,True
cluster247_A0A3E4KT54,A0A3E4KT54,dev,cadaverine,Tri,False,0.0064,0.0125,0.0061,0.0101,0.0137,0.9378,True
cluster247_A0A3E4KT54,A0A3E4KT54,dev,citrulline,Di,False,0.0281,0.0305,0.0024,0.0391,0.0409,0.9378,True
cluster247_A0A3E4KT54,A0A3E4KT54,dev,citrulline,Mono,False,0.0213,0.0084,-0.0129,0.0301,0.0101,0.9378,True
cluster247_A0A3E4KT54,A0A3E4KT54,dev,citrulline,Tri,False,0.0079,0.0078,-1e-04,0.0101,0.0101,0.9378,True
cluster247_A0A3E4KT54,A0A3E4KT54,dev,cystine,Di,False,0.0384,0.0102,-0.0282,0.0529,0.0101,0.9378,True
cluster247_A0A3E4KT54,A0A3E4KT54,dev,cystine,Mono,False,0.0206,0.0033,-0.0173,0.0301,0.0101,0.9378,True
cluster247_A0A3E4KT54,A0A3E4KT54,dev,cystine,Tri,False,0.0349,0.0098,-0.0251,0.0409,0.0101,0.9378,True
cluster247_A0A3E4KT54,A0A3E4KT54,dev,dopamine,Di,False,0.5573,0.2182,-0.3391,0.4014,0.1127,0.9378,True
cluster247_A0A3E4KT54,A0A3E4KT54,dev,dopamine,Mono,False,0.2597,0.077,-0.1827,0.1868,0.0529,0.9378,True
cluster247_A0A3E4KT54,A0A3E4KT54,dev,dopamine,Tri,True,0.9401,0.8071,-0.133,0.8696,0.7,0.9378,True
cluster247_A0A3E4KT54,A0A3E4KT54,dev,gaba,Di,True,0.9921,0.9675,-0.0246,0.9214,0.9082,0.9378,True
cluster247_A0A3E4KT54,A0A3E4KT54,dev,gaba,Mono,True,0.9967,0.9707,-0.026,1.0,0.9082,0.9378,True
cluster247_A0A3E4KT54,A0A3E4KT54,dev,gaba,Tri,True,0.9927,0.9691,-0.0236,0.9214,0.9082,0.9378,True
cluster247_A0A3E4KT54,A0A3E4KT54,dev,glutamine,Di,False,0.1284,0.0901,-0.0383,0.0915,0.0529,0.9378,True
cluster247_A0A3E4KT54,A0A3E4KT54,dev,glutamine,Mono,True,0.8371,0.4588,-0.3783,0.7,0.3936,0.9378,True
cluster247_A0A3E4KT54,A0A3E4KT54,dev,glutamine,Tri,False,0.0764,0.0621,-0.0143,0.0529,0.0529,0.9378,True
cluster247_A0A3E4KT54,A0A3E4KT54,dev,glyglycine,Di,False,0.0092,0.0046,-0.0046,0.0101,0.0101,0.9378,True
cluster247_A0A3E4KT54,A0A3E4KT54,dev,glyglycine,Mono,False,0.0132,0.004,-0.0092,0.0137,0.0101,0.9378,True
cluster247_A0A3E4KT54,A0A3E4KT54,dev,glyglycine,Tri,False,0.0464,0.0292,-0.0172,0.0529,0.0391,0.9378,True
cluster247_A0A3E4KT54,A0A3E4KT54,dev,histidine,Di,False,0.0013,0.0012,-1e-04,0.0023,0.0023,0.9378,True
cluster247_A0A3E4KT54,A0A3E4KT54,dev,histidine,Mono,False,0.0015,0.0007,-0.0008,0.0023,0.0023,0.9378,True
cluster247_A0A3E4KT54,A0A3E4KT54,dev,histidine,Tri,False,0.0074,0.0062,-0.0012,0.0101,0.0101,0.9378,True
cluster247_A0A3E4KT54,A0A3E4KT54,dev,lysine,Di,False,0.1719,0.1595,-0.0124,0.1127,0.1127,0.9378,True
cluster247_A0A3E4KT54,A0A3E4KT54,dev,lysine,Mono,False,0.0568,0.0205,-0.0363,0.0529,0.0301,0.9378,True
cluster247_A0A3E4KT54,A0A3E4KT54,dev,lysine,Tri,False,0.0166,0.0134,-0.0032,0.0202,0.0137,0.9378,True
cluster247_A0A3E4KT54,A0A3E4KT54,dev,methionine,Di,False,0.0615,0.0495,-0.012,0.0529,0.0529,0.9378,True
cluster247_A0A3E4KT54,A0A3E4KT54,dev,methionine,Mono,False,0.1418,0.0483,-0.0935,0.0915,0.0529,0.9378,True
cluster247_A0A3E4KT54,A0A3E4KT54,dev,methionine,Tri,False,0.0956,0.0678,-0.0278,0.0915,0.0529,0.9378,True
cluster247_A0A3E4KT54,A0A3E4KT54,dev,ornithine,Di,False,0.5637,0.1967,-0.367,0.4231,0.1127,0.9378,True
cluster247_A0A3E4KT54,A0A3E4KT54,dev,ornithine,Mono,True,0.5524,0.0798,-0.4726,0.4014,0.0529,0.9378,True
cluster247_A0A3E4KT54,A0A3E4KT54,dev,ornithine,Tri,False,0.1172,0.0339,-0.0833,0.0915,0.0409,0.9378,True
cluster247_A0A3E4KT54,A0A3E4KT54,dev,phenylalanine,Di,True,0.9709,0.9154,-0.0555,0.9082,0.8636,0.9378,True
cluster247_A0A3E4KT54,A0A3E4KT54,dev,phenylalanine,Mono,False,0.5473,0.2296,-0.3177,0.4014,0.1455,0.9378,True
cluster247_A0A3E4KT54,A0A3E4KT54,dev,phenylalanine,Tri,True,0.9692,0.9038,-0.0654,0.9082,0.8636,0.9378,True
cluster247_A0A3E4KT54,A0A3E4KT54,dev,proline,Di,False,0.0065,0.0048,-0.0017,0.0101,0.0101,0.9378,True
cluster247_A0A3E4KT54,A0A3E4KT54,dev,proline,Mono,False,0.0151,0.0043,-0.0108,0.0202,0.0101,0.9378,True
cluster247_A0A3E4KT54,A0A3E4KT54,dev,proline,Tri,False,0.0553,0.055,-0.0003,0.0529,0.0529,0.9378,True
cluster247_A0A3E4KT54,A0A3E4KT54,dev,putrescine,Di,False,0.0062,0.0066,0.0004,0.0101,0.0101,0.9378,True
cluster247_A0A3E4KT54,A0A3E4KT54,dev,putrescine,Mono,False,0.0043,0.0031,-0.0012,0.0101,0.0101,0.9378,True
cluster247_A0A3E4KT54,A0A3E4KT54,dev,putrescine,Tri,False,0.0067,0.0128,0.0061,0.0101,0.0137,0.9378,True
cluster247_A0A3E4KT54,A0A3E4KT54,dev,serine,Di,False,0.432,0.2137,-0.2183,0.3936,0.1127,0.9378,True
cluster247_A0A3E4KT54,A0A3E4KT54,dev,serine,Mono,True,0.626,0.2944,-0.3316,0.4857,0.2692,0.9378,True
cluster247_A0A3E4KT54,A0A3E4KT54,dev,serine,Tri,False,0.1895,0.0871,-0.1024,0.1127,0.0529,0.9378,True
cluster247_A0A3E4KT54,A0A3E4KT54,dev,serotonin,Di,False,0.1202,0.0185,-0.1017,0.0915,0.0202,0.9378,True
cluster247_A0A3E4KT54,A0A3E4KT54,dev,serotonin,Mono,True,0.6661,0.1307,-0.5354,0.5287,0.0915,0.9378,True
cluster247_A0A3E4KT54,A0A3E4KT54,dev,serotonin,Tri,False,0.0649,0.0124,-0.0525,0.0529,0.0114,0.9378,True
cluster247_A0A3E4KT54,A0A3E4KT54,dev,threonine,Di,False,0.0397,0.0506,0.0109,0.0529,0.0529,0.9378,True
cluster247_A0A3E4KT54,A0A3E4KT54,dev,threonine,Mono,False,0.1266,0.0938,-0.0328,0.0915,0.0714,0.9378,True
cluster247_A0A3E4KT54,A0A3E4KT54,dev,threonine,Tri,False,0.0039,0.0053,0.0014,0.0101,0.0101,0.9378,True
cluster247_A0A3E4KT54,A0A3E4KT54,dev,tryptamine,Di,False,0.0106,0.0053,-0.0053,0.0101,0.0101,0.9378,True
cluster247_A0A3E4KT54,A0A3E4KT54,dev,tryptamine,Mono,False,0.0064,0.002,-0.0044,0.0101,0.0023,0.9378,True
cluster247_A0A3E4KT54,A0A3E4KT54,dev,tryptamine,Tri,False,0.0198,0.0172,-0.0026,0.0301,0.0202,0.9378,True
cluster247_A0A3E4KT54,A0A3E4KT54,dev,tyramine,Di,False,0.0784,0.0191,-0.0593,0.0529,0.0202,0.9378,True
cluster247_A0A3E4KT54,A0A3E4KT54,dev,tyramine,Mono,False,0.4319,0.1327,-0.2992,0.3936,0.0915,0.9378,True
cluster247_A0A3E4KT54,A0A3E4KT54,dev,tyramine,Tri,False,0.0604,0.0151,-0.0453,0.0529,0.0202,0.9378,True
cluster269_A0A0F0CI09,A0A0F0CI09,dev,"2,3_diaminopropionic acid",Di,False,0.0137,0.0074,-0.0063,0.0202,0.0101,0.7414,True
cluster269_A0A0F0CI09,A0A0F0CI09,dev,"2,3_diaminopropionic acid",Mono,False,0.009,0.0049,-0.0041,0.0101,0.0101,0.7414,True
cluster269_A0A0F0CI09,A0A0F0CI09,dev,"2,3_diaminopropionic acid",Tri,False,0.1604,0.1212,-0.0392,0.1127,0.0915,0.7414,True
cluster269_A0A0F0CI09,A0A0F0CI09,dev,2_aminophenol,Di,True,0.9216,0.771,-0.1506,0.8636,0.5287,0.7414,True
cluster269_A0A0F0CI09,A0A0F0CI09,dev,2_aminophenol,Mono,False,0.2748,0.1206,-0.1542,0.1915,0.0915,0.7414,True
cluster269_A0A0F0CI09,A0A0F0CI09,dev,2_aminophenol,Tri,True,0.8366,0.6696,-0.167,0.7,0.5287,0.7414,True
cluster269_A0A0F0CI09,A0A0F0CI09,dev,3_methoxytyramine,Di,False,0.0348,0.0228,-0.012,0.0409,0.0345,0.7414,True
cluster269_A0A0F0CI09,A0A0F0CI09,dev,3_methoxytyramine,Mono,False,0.0035,0.0023,-0.0012,0.0101,0.0023,0.7414,True
cluster269_A0A0F0CI09,A0A0F0CI09,dev,3_methoxytyramine,Tri,False,0.0383,0.0242,-0.0141,0.0529,0.0391,0.7414,True
cluster269_A0A0F0CI09,A0A0F0CI09,dev,alanine,Di,True,0.9763,0.8526,-0.1237,0.9082,0.7,0.7414,True
cluster269_A0A0F0CI09,A0A0F0CI09,dev,alanine,Mono,True,0.9745,0.8526,-0.1219,0.9082,0.7,0.7414,True
cluster269_A0A0F0CI09,A0A0F0CI09,dev,alanine,Tri,False,0.1442,0.1418,-0.0024,0.0915,0.0915,0.7414,True
cluster269_A0A0F0CI09,A0A0F0CI09,dev,arginine,Di,False,0.0027,0.0017,-0.001,0.0101,0.0023,0.7414,True
cluster269_A0A0F0CI09,A0A0F0CI09,dev,arginine,Mono,False,0.0021,0.0011,-0.001,0.0023,0.0023,0.7414,True
cluster269_A0A0F0CI09,A0A0F0CI09,dev,arginine,Tri,False,0.0078,0.0082,0.0004,0.0101,0.0101,0.7414,True
cluster269_A0A0F0CI09,A0A0F0CI09,dev,asparagine,Di,False,0.0523,0.0211,-0.0312,0.0529,0.0301,0.7414,True
cluster269_A0A0F0CI09,A0A0F0CI09,dev,asparagine,Mono,False,0.0797,0.0269,-0.0528,0.0529,0.0391,0.7414,True
cluster269_A0A0F0CI09,A0A0F0CI09,dev,asparagine,Tri,True,0.9297,0.8743,-0.0554,0.8636,0.7,0.7414,True
cluster269_A0A0F0CI09,A0A0F0CI09,dev,cadaverine,Di,False,0.0019,0.0013,-0.0006,0.0023,0.0023,0.7414,True
cluster269_A0A0F0CI09,A0A0F0CI09,dev,cadaverine,Mono,False,0.0011,0.0006,-0.0005,0.0023,0.0,0.7414,True
cluster269_A0A0F0CI09,A0A0F0CI09,dev,cadaverine,Tri,False,0.0034,0.0027,-0.0007,0.0101,0.0101,0.7414,True
cluster269_A0A0F0CI09,A0A0F0CI09,dev,citrulline,Di,False,0.016,0.0091,-0.0069,0.0202,0.0101,0.7414,True
cluster269_A0A0F0CI09,A0A0F0CI09,dev,citrulline,Mono,False,0.0064,0.0034,-0.003,0.0101,0.0101,0.7414,True
cluster269_A0A0F0CI09,A0A0F0CI09,dev,citrulline,Tri,False,0.0048,0.0043,-0.0005,0.0101,0.0101,0.7414,True
cluster269_A0A0F0CI09,A0A0F0CI09,dev,cystine,Di,False,0.0043,0.0031,-0.0012,0.0101,0.0101,0.7414,True
cluster269_A0A0F0CI09,A0A0F0CI09,dev,cystine,Mono,False,0.0022,0.0015,-0.0007,0.0023,0.0023,0.7414,True
cluster269_A0A0F0CI09,A0A0F0CI09,dev,cystine,Tri,False,0.0072,0.0074,0.0002,0.0101,0.0101,0.7414,True
cluster269_A0A0F0CI09,A0A0F0CI09,dev,dopamine,Di,False,0.1786,0.0616,-0.117,0.1127,0.0529,0.7414,True
cluster269_A0A0F0CI09,A0A0F0CI09,dev,dopamine,Mono,False,0.0447,0.0163,-0.0284,0.0529,0.0202,0.7414,True
cluster269_A0A0F0CI09,A0A0F0CI09,dev,dopamine,Tri,True,0.9119,0.7862,-0.1257,0.8636,0.5287,0.7414,True
cluster269_A0A0F0CI09,A0A0F0CI09,dev,gaba,Di,True,0.989,0.8778,-0.1112,0.9214,0.7,0.7414,True
cluster269_A0A0F0CI09,A0A0F0CI09,dev,gaba,Mono,True,0.9952,0.9252,-0.07,0.9214,0.8636,0.7414,True
cluster269_A0A0F0CI09,A0A0F0CI09,dev,gaba,Tri,True,0.9928,0.9308,-0.062,0.9214,0.8636,0.7414,True
cluster269_A0A0F0CI09,A0A0F0CI09,dev,glutamine,Di,False,0.1571,0.0762,-0.0809,0.1127,0.0529,0.7414,True
cluster269_A0A0F0CI09,A0A0F0CI09,dev,glutamine,Mono,True,0.8836,0.7181,-0.1655,0.8235,0.5287,0.7414,True
cluster269_A0A0F0CI09,A0A0F0CI09,dev,glutamine,Tri,False,0.1115,0.0878,-0.0237,0.0915,0.0529,0.7414,True
cluster269_A0A0F0CI09,A0A0F0CI09,dev,glyglycine,Di,False,0.0038,0.0026,-0.0012,0.0101,0.0101,0.7414,True
cluster269_A0A0F0CI09,A0A0F0CI09,dev,glyglycine,Mono,False,0.0036,0.0027,-0.0009,0.0101,0.0101,0.7414,True
cluster269_A0A0F0CI09,A0A0F0CI09,dev,glyglycine,Tri,False,0.0236,0.0289,0.0053,0.0391,0.0391,0.7414,True
cluster269_A0A0F0CI09,A0A0F0CI09,dev,histidine,Di,False,0.0006,0.0005,-1e-04,0.0,0.0,0.7414,True
cluster269_A0A0F0CI09,A0A0F0CI09,dev,histidine,Mono,False,0.0004,0.0003,-1e-04,0.0,0.0,0.7414,True
cluster269_A0A0F0CI09,A0A0F0CI09,dev,histidine,Tri,False,0.0046,0.0067,0.0021,0.0101,0.0101,0.7414,True
cluster269_A0A0F0CI09,A0A0F0CI09,dev,lysine,Di,False,0.0526,0.0587,0.0061,0.0529,0.0529,0.7414,True
cluster269_A0A0F0CI09,A0A0F0CI09,dev,lysine,Mono,False,0.0124,0.0091,-0.0033,0.0114,0.0101,0.7414,True
cluster269_A0A0F0CI09,A0A0F0CI09,dev,lysine,Tri,False,0.0062,0.0082,0.002,0.0101,0.0101,0.7414,True
cluster269_A0A0F0CI09,A0A0F0CI09,dev,methionine,Di,False,0.0288,0.0179,-0.0109,0.0391,0.0202,0.7414,True
cluster269_A0A0F0CI09,A0A0F0CI09,dev,methionine,Mono,False,0.0501,0.032,-0.0181,0.0529,0.0409,0.7414,True
cluster269_A0A0F0CI09,A0A0F0CI09,dev,methionine,Tri,False,0.0449,0.0433,-0.0016,0.0529,0.0529,0.7414,True
cluster269_A0A0F0CI09,A0A0F0CI09,dev,ornithine,Di,False,0.0171,0.0095,-0.0076,0.0202,0.0101,0.7414,True
cluster269_A0A0F0CI09,A0A0F0CI09,dev,ornithine,Mono,False,0.0099,0.0043,-0.0056,0.0101,0.0101,0.7414,True
cluster269_A0A0F0CI09,A0A0F0CI09,dev,ornithine,Tri,False,0.0044,0.0042,-0.0002,0.0101,0.0101,0.7414,True
cluster269_A0A0F0CI09,A0A0F0CI09,dev,phenylalanine,Di,True,0.9693,0.899,-0.0703,0.9082,0.8571,0.7414,True
cluster269_A0A0F0CI09,A0A0F0CI09,dev,phenylalanine,Mono,False,0.1702,0.0853,-0.0849,0.1127,0.0529,0.7414,True
cluster269_A0A0F0CI09,A0A0F0CI09,dev,phenylalanine,Tri,True,0.9639,0.916,-0.0479,0.9023,0.8636,0.7414,True
cluster269_A0A0F0CI09,A0A0F0CI09,dev,proline,Di,False,0.0027,0.0017,-0.001,0.0101,0.0023,0.7414,True
cluster269_A0A0F0CI09,A0A0F0CI09,dev,proline,Mono,False,0.0047,0.0025,-0.0022,0.0101,0.0101,0.7414,True
cluster269_A0A0F0CI09,A0A0F0CI09,dev,proline,Tri,False,0.0247,0.0164,-0.0083,0.0391,0.0202,0.7414,True
cluster269_A0A0F0CI09,A0A0F0CI09,dev,putrescine,Di,False,0.002,0.0014,-0.0006,0.0023,0.0023,0.7414,True
cluster269_A0A0F0CI09,A0A0F0CI09,dev,putrescine,Mono,False,0.0011,0.0006,-0.0005,0.0023,0.0,0.7414,True
cluster269_A0A0F0CI09,A0A0F0CI09,dev,putrescine,Tri,False,0.0035,0.0028,-0.0007,0.0101,0.0101,0.7414,True
cluster269_A0A0F0CI09,A0A0F0CI09,dev,serine,Di,False,0.1158,0.0571,-0.0587,0.0915,0.0529,0.7414,True
cluster269_A0A0F0CI09,A0A0F0CI09,dev,serine,Mono,False,0.1499,0.0725,-0.0774,0.1127,0.0529,0.7414,True
cluster269_A0A0F0CI09,A0A0F0CI09,dev,serine,Tri,False,0.0628,0.042,-0.0208,0.0529,0.0529,0.7414,True
cluster269_A0A0F0CI09,A0A0F0CI09,dev,serotonin,Di,False,0.0036,0.0019,-0.0017,0.0101,0.0023,0.7414,True
cluster269_A0A0F0CI09,A0A0F0CI09,dev,serotonin,Mono,False,0.049,0.0268,-0.0222,0.0529,0.0391,0.7414,True
cluster269_A0A0F0CI09,A0A0F0CI09,dev,serotonin,Tri,False,0.0039,0.0028,-0.0011,0.0101,0.0101,0.7414,True
cluster269_A0A0F0CI09,A0A0F0CI09,dev,threonine,Di,False,0.0227,0.0226,-1e-04,0.0345,0.0345,0.7414,True
cluster269_A0A0F0CI09,A0A0F0CI09,dev,threonine,Mono,False,0.0501,0.054,0.0039,0.0529,0.0529,0.7414,True
cluster269_A0A0F0CI09,A0A0F0CI09,dev,threonine,Tri,False,0.002,0.0033,0.0013,0.0023,0.0101,0.7414,True
cluster269_A0A0F0CI09,A0A0F0CI09,dev,tryptamine,Di,False,0.0018,0.001,-0.0008,0.0023,0.0023,0.7414,True
cluster269_A0A0F0CI09,A0A0F0CI09,dev,tryptamine,Mono,False,0.0007,0.0004,-0.0003,0.0023,0.0,0.7414,True
cluster269_A0A0F0CI09,A0A0F0CI09,dev,tryptamine,Tri,False,0.0042,0.0029,-0.0013,0.0101,0.0101,0.7414,True
cluster269_A0A0F0CI09,A0A0F0CI09,dev,tyramine,Di,False,0.0102,0.0043,-0.0059,0.0101,0.0101,0.7414,True
cluster269_A0A0F0CI09,A0A0F0CI09,dev,tyramine,Mono,False,0.0879,0.0466,-0.0413,0.0529,0.0529,0.7414,True
cluster269_A0A0F0CI09,A0A0F0CI09,dev,tyramine,Tri,False,0.0133,0.0075,-0.0058,0.0137,0.0101,0.7414,True
cluster272_A0A1E3ADP5,A0A1E3ADP5,dev,"2,3_diaminopropionic acid",Di,False,0.0124,0.0122,-0.0002,0.0114,0.0114,0.719,True
cluster272_A0A1E3ADP5,A0A1E3ADP5,dev,"2,3_diaminopropionic acid",Mono,False,0.0082,0.0073,-0.0009,0.0101,0.0101,0.719,True
cluster272_A0A1E3ADP5,A0A1E3ADP5,dev,"2,3_diaminopropionic acid",Tri,False,0.1467,0.1775,0.0308,0.0915,0.1127,0.719,True
cluster272_A0A1E3ADP5,A0A1E3ADP5,dev,2_aminophenol,Di,True,0.8311,0.8427,0.0116,0.7,0.7,0.719,True
cluster272_A0A1E3ADP5,A0A1E3ADP5,dev,2_aminophenol,Mono,False,0.1083,0.1923,0.084,0.0915,0.1127,0.719,True
cluster272_A0A1E3ADP5,A0A1E3ADP5,dev,2_aminophenol,Tri,False,0.6799,0.7255,0.0456,0.5287,0.5287,0.719,True
cluster272_A0A1E3ADP5,A0A1E3ADP5,dev,3_methoxytyramine,Di,False,0.0266,0.0346,0.008,0.0391,0.0409,0.719,True
cluster272_A0A1E3ADP5,A0A1E3ADP5,dev,3_methoxytyramine,Mono,False,0.0029,0.003,1e-04,0.0101,0.0101,0.719,True
cluster272_A0A1E3ADP5,A0A1E3ADP5,dev,3_methoxytyramine,Tri,False,0.0312,0.0372,0.006,0.0409,0.0529,0.719,True
cluster272_A0A1E3ADP5,A0A1E3ADP5,dev,alanine,Di,True,0.9626,0.9349,-0.0277,0.9023,0.8636,0.719,True
cluster272_A0A1E3ADP5,A0A1E3ADP5,dev,alanine,Mono,True,0.959,0.9239,-0.0351,0.9023,0.8636,0.719,True
cluster272_A0A1E3ADP5,A0A1E3ADP5,dev,alanine,Tri,False,0.1218,0.191,0.0692,0.0915,0.1127,0.719,True
cluster272_A0A1E3ADP5,A0A1E3ADP5,dev,arginine,Di,False,0.0024,0.0035,0.0011,0.0101,0.0101,0.719,True
cluster272_A0A1E3ADP5,A0A1E3ADP5,dev,arginine,Mono,False,0.0016,0.0018,0.0002,0.0023,0.0023,0.719,True
cluster272_A0A1E3ADP5,A0A1E3ADP5,dev,arginine,Tri,False,0.0069,0.0184,0.0115,0.0101,0.0202,0.719,True
cluster272_A0A1E3ADP5,A0A1E3ADP5,dev,asparagine,Di,False,0.0425,0.0281,-0.0144,0.0529,0.0391,0.719,True
cluster272_A0A1E3ADP5,A0A1E3ADP5,dev,asparagine,Mono,False,0.0705,0.0285,-0.042,0.0529,0.0391,0.719,True
cluster272_A0A1E3ADP5,A0A1E3ADP5,dev,asparagine,Tri,True,0.9125,0.8512,-0.0613,0.8636,0.7,0.719,True
cluster272_A0A1E3ADP5,A0A1E3ADP5,dev,cadaverine,Di,False,0.0018,0.0016,-0.0002,0.0023,0.0023,0.719,True
cluster272_A0A1E3ADP5,A0A1E3ADP5,dev,cadaverine,Mono,False,0.001,0.0007,-0.0003,0.0023,0.0,0.719,True
cluster272_A0A1E3ADP5,A0A1E3ADP5,dev,cadaverine,Tri,False,0.0031,0.0028,-0.0003,0.0101,0.0101,0.719,True
cluster272_A0A1E3ADP5,A0A1E3ADP5,dev,citrulline,Di,False,0.0142,0.0189,0.0047,0.0202,0.0202,0.719,True
cluster272_A0A1E3ADP5,A0A1E3ADP5,dev,citrulline,Mono,False,0.0052,0.0056,0.0004,0.0101,0.0101,0.719,True
cluster272_A0A1E3ADP5,A0A1E3ADP5,dev,citrulline,Tri,False,0.0047,0.0073,0.0026,0.0101,0.0101,0.719,True
cluster272_A0A1E3ADP5,A0A1E3ADP5,dev,cystine,Di,False,0.0026,0.0062,0.0036,0.0101,0.0101,0.719,True
cluster272_A0A1E3ADP5,A0A1E3ADP5,dev,cystine,Mono,False,0.0014,0.0025,0.0011,0.0023,0.0101,0.719,True
cluster272_A0A1E3ADP5,A0A1E3ADP5,dev,cystine,Tri,False,0.0047,0.017,0.0123,0.0101,0.0202,0.719,True
cluster272_A0A1E3ADP5,A0A1E3ADP5,dev,dopamine,Di,False,0.1361,0.0908,-0.0453,0.0915,0.0529,0.719,True
cluster272_A0A1E3ADP5,A0A1E3ADP5,dev,dopamine,Mono,False,0.0388,0.0228,-0.016,0.0529,0.0345,0.719,True
cluster272_A0A1E3ADP5,A0A1E3ADP5,dev,dopamine,Tri,True,0.8675,0.8004,-0.0671,0.7,0.7,0.719,True
cluster272_A0A1E3ADP5,A0A1E3ADP5,dev,gaba,Di,True,0.9853,0.9548,-0.0305,0.9214,0.9023,0.719,True
cluster272_A0A1E3ADP5,A0A1E3ADP5,dev,gaba,Mono,True,0.9934,0.9676,-0.0258,0.9214,0.9082,0.719,True
cluster272_A0A1E3ADP5,A0A1E3ADP5,dev,gaba,Tri,True,0.9909,0.9706,-0.0203,0.9214,0.9082,0.719,True
cluster272_A0A1E3ADP5,A0A1E3ADP5,dev,glutamine,Di,False,0.1194,0.0999,-0.0195,0.0915,0.0915,0.719,True
cluster272_A0A1E3ADP5,A0A1E3ADP5,dev,glutamine,Mono,True,0.8421,0.6825,-0.1596,0.7,0.5287,0.719,True
cluster272_A0A1E3ADP5,A0A1E3ADP5,dev,glutamine,Tri,False,0.1008,0.0847,-0.0161,0.0915,0.0529,0.719,True
cluster272_A0A1E3ADP5,A0A1E3ADP5,dev,glyglycine,Di,False,0.003,0.004,0.001,0.0101,0.0101,0.719,True
cluster272_A0A1E3ADP5,A0A1E3ADP5,dev,glyglycine,Mono,False,0.0028,0.0034,0.0006,0.0101,0.0101,0.719,True
cluster272_A0A1E3ADP5,A0A1E3ADP5,dev,glyglycine,Tri,False,0.0241,0.0694,0.0453,0.0391,0.0529,0.719,True
cluster272_A0A1E3ADP5,A0A1E3ADP5,dev,histidine,Di,False,0.0005,0.0007,0.0002,0.0,0.0023,0.719,True
cluster272_A0A1E3ADP5,A0A1E3ADP5,dev,histidine,Mono,False,0.0003,0.0004,1e-04,0.0,0.0,0.719,True
cluster272_A0A1E3ADP5,A0A1E3ADP5,dev,histidine,Tri,False,0.0051,0.0131,0.008,0.0101,0.0137,0.719,True
cluster272_A0A1E3ADP5,A0A1E3ADP5,dev,lysine,Di,False,0.0649,0.0986,0.0337,0.0529,0.0915,0.719,True
cluster272_A0A1E3ADP5,A0A1E3ADP5,dev,lysine,Mono,False,0.0123,0.0148,0.0025,0.0114,0.0202,0.719,True
cluster272_A0A1E3ADP5,A0A1E3ADP5,dev,lysine,Tri,False,0.0073,0.0139,0.0066,0.0101,0.0202,0.719,True
cluster272_A0A1E3ADP5,A0A1E3ADP5,dev,methionine,Di,False,0.0194,0.027,0.0076,0.0202,0.0391,0.719,True
cluster272_A0A1E3ADP5,A0A1E3ADP5,dev,methionine,Mono,False,0.0282,0.0363,0.0081,0.0391,0.0529,0.719,True
cluster272_A0A1E3ADP5,A0A1E3ADP5,dev,methionine,Tri,False,0.031,0.0623,0.0313,0.0409,0.0529,0.719,True
cluster272_A0A1E3ADP5,A0A1E3ADP5,dev,ornithine,Di,False,0.0186,0.0159,-0.0027,0.0202,0.0202,0.719,True
cluster272_A0A1E3ADP5,A0A1E3ADP5,dev,ornithine,Mono,False,0.0093,0.0059,-0.0034,0.0101,0.0101,0.719,True
cluster272_A0A1E3ADP5,A0A1E3ADP5,dev,ornithine,Tri,False,0.0049,0.0066,0.0017,0.0101,0.0101,0.719,True
cluster272_A0A1E3ADP5,A0A1E3ADP5,dev,phenylalanine,Di,True,0.9521,0.8961,-0.056,0.9023,0.8571,0.719,True
cluster272_A0A1E3ADP5,A0A1E3ADP5,dev,phenylalanine,Mono,False,0.117,0.1183,0.0013,0.0915,0.0915,0.719,True
cluster272_A0A1E3ADP5,A0A1E3ADP5,dev,phenylalanine,Tri,True,0.9463,0.9037,-0.0426,0.9023,0.8636,0.719,True
cluster272_A0A1E3ADP5,A0A1E3ADP5,dev,proline,Di,False,0.0022,0.0019,-0.0003,0.0023,0.0023,0.719,True
cluster272_A0A1E3ADP5,A0A1E3ADP5,dev,proline,Mono,False,0.0045,0.0023,-0.0022,0.0101,0.0023,0.719,True
cluster272_A0A1E3ADP5,A0A1E3ADP5,dev,proline,Tri,False,0.0255,0.0126,-0.0129,0.0391,0.0137,0.719,True
cluster272_A0A1E3ADP5,A0A1E3ADP5,dev,putrescine,Di,False,0.0018,0.0017,-1e-04,0.0023,0.0023,0.719,True
cluster272_A0A1E3ADP5,A0A1E3ADP5,dev,putrescine,Mono,False,0.001,0.0007,-0.0003,0.0023,0.0023,0.719,True
cluster272_A0A1E3ADP5,A0A1E3ADP5,dev,putrescine,Tri,False,0.0032,0.0029,-0.0003,0.0101,0.0101,0.719,True
cluster272_A0A1E3ADP5,A0A1E3ADP5,dev,serine,Di,False,0.0907,0.0795,-0.0112,0.0529,0.0529,0.719,True
cluster272_A0A1E3ADP5,A0A1E3ADP5,dev,serine,Mono,False,0.1232,0.0965,-0.0267,0.0915,0.0915,0.719,True
cluster272_A0A1E3ADP5,A0A1E3ADP5,dev,serine,Tri,False,0.0477,0.0507,0.003,0.0529,0.0529,0.719,True
cluster272_A0A1E3ADP5,A0A1E3ADP5,dev,serotonin,Di,False,0.0052,0.003,-0.0022,0.0101,0.0101,0.719,True
cluster272_A0A1E3ADP5,A0A1E3ADP5,dev,serotonin,Mono,False,0.0577,0.0434,-0.0143,0.0529,0.0529,0.719,True
cluster272_A0A1E3ADP5,A0A1E3ADP5,dev,serotonin,Tri,False,0.0054,0.0035,-0.0019,0.0101,0.0101,0.719,True
cluster272_A0A1E3ADP5,A0A1E3ADP5,dev,threonine,Di,False,0.0164,0.0454,0.029,0.0202,0.0529,0.719,True
cluster272_A0A1E3ADP5,A0A1E3ADP5,dev,threonine,Mono,False,0.0324,0.0821,0.0497,0.0409,0.0529,0.719,True
cluster272_A0A1E3ADP5,A0A1E3ADP5,dev,threonine,Tri,False,0.0016,0.0049,0.0033,0.0023,0.0101,0.719,True
cluster272_A0A1E3ADP5,A0A1E3ADP5,dev,tryptamine,Di,False,0.002,0.0013,-0.0007,0.0023,0.0023,0.719,True
cluster272_A0A1E3ADP5,A0A1E3ADP5,dev,tryptamine,Mono,False,0.0008,0.0005,-0.0003,0.0023,0.0,0.719,True
cluster272_A0A1E3ADP5,A0A1E3ADP5,dev,tryptamine,Tri,False,0.0046,0.0029,-0.0017,0.0101,0.0101,0.719,True
cluster272_A0A1E3ADP5,A0A1E3ADP5,dev,tyramine,Di,False,0.0086,0.0076,-0.001,0.0101,0.0101,0.719,True
cluster272_A0A1E3ADP5,A0A1E3ADP5,dev,tyramine,Mono,False,0.0704,0.1052,0.0348,0.0529,0.0915,0.719,True
cluster272_A0A1E3ADP5,A0A1E3ADP5,dev,tyramine,Tri,False,0.0111,0.0121,0.001,0.0101,0.0114,0.719,True
cluster285_A0A1C6E707,A0A1C6E707,dev,"2,3_diaminopropionic acid",Di,False,0.0092,0.0062,-0.003,0.0101,0.0101,0.7327,True
cluster285_A0A1C6E707,A0A1C6E707,dev,"2,3_diaminopropionic acid",Mono,False,0.0064,0.0039,-0.0025,0.0101,0.0101,0.7327,True
cluster285_A0A1C6E707,A0A1C6E707,dev,"2,3_diaminopropionic acid",Tri,False,0.1082,0.1103,0.0021,0.0915,0.0915,0.7327,True
cluster285_A0A1C6E707,A0A1C6E707,dev,2_aminophenol,Di,False,0.696,0.7632,0.0672,0.5287,0.5287,0.7327,True
cluster285_A0A1C6E707,A0A1C6E707,dev,2_aminophenol,Mono,False,0.0508,0.1179,0.0671,0.0529,0.0915,0.7327,True
cluster285_A0A1C6E707,A0A1C6E707,dev,2_aminophenol,Tri,False,0.5192,0.624,0.1048,0.4014,0.4857,0.7327,True
cluster285_A0A1C6E707,A0A1C6E707,dev,3_methoxytyramine,Di,False,0.0174,0.0139,-0.0035,0.0202,0.0202,0.7327,True
cluster285_A0A1C6E707,A0A1C6E707,dev,3_methoxytyramine,Mono,False,0.0016,0.0014,-0.0002,0.0023,0.0023,0.7327,True
cluster285_A0A1C6E707,A0A1C6E707,dev,3_methoxytyramine,Tri,False,0.0214,0.0194,-0.002,0.0301,0.0202,0.7327,True
cluster285_A0A1C6E707,A0A1C6E707,dev,alanine,Di,True,0.9592,0.8251,-0.1341,0.9023,0.7,0.7327,True
cluster285_A0A1C6E707,A0A1C6E707,dev,alanine,Mono,True,0.9589,0.8183,-0.1406,0.9023,0.7,0.7327,True
cluster285_A0A1C6E707,A0A1C6E707,dev,alanine,Tri,False,0.1098,0.0888,-0.021,0.0915,0.0529,0.7327,True
cluster285_A0A1C6E707,A0A1C6E707,dev,arginine,Di,False,0.0016,0.0014,-0.0002,0.0023,0.0023,0.7327,True
cluster285_A0A1C6E707,A0A1C6E707,dev,arginine,Mono,False,0.0012,0.0008,-0.0004,0.0023,0.0023,0.7327,True
cluster285_A0A1C6E707,A0A1C6E707,dev,arginine,Tri,False,0.0042,0.0067,0.0025,0.0101,0.0101,0.7327,True
cluster285_A0A1C6E707,A0A1C6E707,dev,asparagine,Di,False,0.0297,0.0214,-0.0083,0.0391,0.0301,0.7327,True
cluster285_A0A1C6E707,A0A1C6E707,dev,asparagine,Mono,False,0.0542,0.0246,-0.0296,0.0529,0.0391,0.7327,True
cluster285_A0A1C6E707,A0A1C6E707,dev,asparagine,Tri,True,0.9098,0.8611,-0.0487,0.8636,0.7,0.7327,True
cluster285_A0A1C6E707,A0A1C6E707,dev,cadaverine,Di,False,0.0011,0.0011,0.0,0.0023,0.0023,0.7327,True
cluster285_A0A1C6E707,A0A1C6E707,dev,cadaverine,Mono,False,0.0007,0.0005,-0.0002,0.0023,0.0,0.7327,True
cluster285_A0A1C6E707,A0A1C6E707,dev,cadaverine,Tri,False,0.002,0.002,0.0,0.0023,0.0023,0.7327,True
cluster285_A0A1C6E707,A0A1C6E707,dev,citrulline,Di,False,0.0074,0.0097,0.0023,0.0101,0.0101,0.7327,True
cluster285_A0A1C6E707,A0A1C6E707,dev,citrulline,Mono,False,0.0031,0.0028,-0.0003,0.0101,0.0101,0.7327,True
cluster285_A0A1C6E707,A0A1C6E707,dev,citrulline,Tri,False,0.0023,0.0039,0.0016,0.0101,0.0101,0.7327,True
cluster285_A0A1C6E707,A0A1C6E707,dev,cystine,Di,False,0.0018,0.0026,0.0008,0.0023,0.0101,0.7327,True
cluster285_A0A1C6E707,A0A1C6E707,dev,cystine,Mono,False,0.0011,0.0011,0.0,0.0023,0.0023,0.7327,True
cluster285_A0A1C6E707,A0A1C6E707,dev,cystine,Tri,False,0.0034,0.0059,0.0025,0.0101,0.0101,0.7327,True
cluster285_A0A1C6E707,A0A1C6E707,dev,dopamine,Di,False,0.0948,0.0558,-0.039,0.0714,0.0529,0.7327,True
cluster285_A0A1C6E707,A0A1C6E707,dev,dopamine,Mono,False,0.0206,0.0136,-0.007,0.0301,0.0137,0.7327,True
cluster285_A0A1C6E707,A0A1C6E707,dev,dopamine,Tri,True,0.8507,0.8161,-0.0346,0.7,0.7,0.7327,True
cluster285_A0A1C6E707,A0A1C6E707,dev,gaba,Di,True,0.9815,0.8826,-0.0989,0.9082,0.8235,0.7327,True
cluster285_A0A1C6E707,A0A1C6E707,dev,gaba,Mono,True,0.9929,0.9233,-0.0696,0.9214,0.8636,0.7327,True
cluster285_A0A1C6E707,A0A1C6E707,dev,gaba,Tri,True,0.9888,0.9384,-0.0504,0.9214,0.8636,0.7327,True
cluster285_A0A1C6E707,A0A1C6E707,dev,glutamine,Di,False,0.0898,0.0731,-0.0167,0.0529,0.0529,0.7327,True
cluster285_A0A1C6E707,A0A1C6E707,dev,glutamine,Mono,True,0.8368,0.6363,-0.2005,0.7,0.4857,0.7327,True
cluster285_A0A1C6E707,A0A1C6E707,dev,glutamine,Tri,False,0.0893,0.0746,-0.0147,0.0529,0.0529,0.7327,True
cluster285_A0A1C6E707,A0A1C6E707,dev,glyglycine,Di,False,0.0019,0.0034,0.0015,0.0023,0.0101,0.7327,True
cluster285_A0A1C6E707,A0A1C6E707,dev,glyglycine,Mono,False,0.002,0.0038,0.0018,0.0023,0.0101,0.7327,True
cluster285_A0A1C6E707,A0A1C6E707,dev,glyglycine,Tri,False,0.0131,0.0449,0.0318,0.0137,0.0529,0.7327,True
cluster285_A0A1C6E707,A0A1C6E707,dev,histidine,Di,False,0.0003,0.0004,1e-04,0.0,0.0,0.7327,True
cluster285_A0A1C6E707,A0A1C6E707,dev,histidine,Mono,False,0.0002,0.0003,1e-04,0.0,0.0,0.7327,True
cluster285_A0A1C6E707,A0A1C6E707,dev,histidine,Tri,False,0.0026,0.0058,0.0032,0.0101,0.0101,0.7327,True
cluster285_A0A1C6E707,A0A1C6E707,dev,lysine,Di,False,0.0362,0.0654,0.0292,0.0489,0.0529,0.7327,True
cluster285_A0A1C6E707,A0A1C6E707,dev,lysine,Mono,False,0.0077,0.0079,0.0002,0.0101,0.0101,0.7327,True
cluster285_A0A1C6E707,A0A1C6E707,dev,lysine,Tri,False,0.0041,0.0073,0.0032,0.0101,0.0101,0.7327,True
cluster285_A0A1C6E707,A0A1C6E707,dev,methionine,Di,False,0.0106,0.0187,0.0081,0.0101,0.0202,0.7327,True
cluster285_A0A1C6E707,A0A1C6E707,dev,methionine,Mono,False,0.0182,0.0282,0.01,0.0202,0.0391,0.7327,True
cluster285_A0A1C6E707,A0A1C6E707,dev,methionine,Tri,False,0.0204,0.0484,0.028,0.0301,0.0529,0.7327,True
cluster285_A0A1C6E707,A0A1C6E707,dev,ornithine,Di,False,0.0131,0.0104,-0.0027,0.0137,0.0101,0.7327,True
cluster285_A0A1C6E707,A0A1C6E707,dev,ornithine,Mono,False,0.007,0.0041,-0.0029,0.0101,0.0101,0.7327,True
cluster285_A0A1C6E707,A0A1C6E707,dev,ornithine,Tri,False,0.003,0.0039,0.0009,0.0101,0.0101,0.7327,True
cluster285_A0A1C6E707,A0A1C6E707,dev,phenylalanine,Di,True,0.9332,0.9021,-0.0311,0.8636,0.8636,0.7327,True
cluster285_A0A1C6E707,A0A1C6E707,dev,phenylalanine,Mono,False,0.0769,0.084,0.0071,0.0529,0.0529,0.7327,True
cluster285_A0A1C6E707,A0A1C6E707,dev,phenylalanine,Tri,True,0.9244,0.9182,-0.0062,0.8636,0.8636,0.7327,True
cluster285_A0A1C6E707,A0A1C6E707,dev,proline,Di,False,0.0011,0.0013,0.0002,0.0023,0.0023,0.7327,True
cluster285_A0A1C6E707,A0A1C6E707,dev,proline,Mono,False,0.0029,0.0022,-0.0007,0.0101,0.0023,0.7327,True
cluster285_A0A1C6E707,A0A1C6E707,dev,proline,Tri,False,0.0153,0.0102,-0.0051,0.0202,0.0101,0.7327,True
cluster285_A0A1C6E707,A0A1C6E707,dev,putrescine,Di,False,0.0011,0.0011,0.0,0.0023,0.0023,0.7327,True
cluster285_A0A1C6E707,A0A1C6E707,dev,putrescine,Mono,False,0.0007,0.0005,-0.0002,0.0023,0.0,0.7327,True
cluster285_A0A1C6E707,A0A1C6E707,dev,putrescine,Tri,False,0.0021,0.0022,1e-04,0.0023,0.0023,0.7327,True
cluster285_A0A1C6E707,A0A1C6E707,dev,serine,Di,False,0.0567,0.0562,-0.0005,0.0529,0.0529,0.7327,True
cluster285_A0A1C6E707,A0A1C6E707,dev,serine,Mono,False,0.0728,0.0624,-0.0104,0.0529,0.0529,0.7327,True
cluster285_A0A1C6E707,A0A1C6E707,dev,serine,Tri,False,0.0359,0.0421,0.0062,0.0409,0.0529,0.7327,True
cluster285_A0A1C6E707,A0A1C6E707,dev,serotonin,Di,False,0.0027,0.0016,-0.0011,0.0101,0.0023,0.7327,True
cluster285_A0A1C6E707,A0A1C6E707,dev,serotonin,Mono,False,0.0357,0.0267,-0.009,0.0409,0.0391,0.7327,True
cluster285_A0A1C6E707,A0A1C6E707,dev,serotonin,Tri,False,0.0028,0.0025,-0.0003,0.0101,0.0101,0.7327,True
cluster285_A0A1C6E707,A0A1C6E707,dev,threonine,Di,False,0.0115,0.031,0.0195,0.0114,0.0409,0.7327,True
cluster285_A0A1C6E707,A0A1C6E707,dev,threonine,Mono,False,0.025,0.0652,0.0402,0.0391,0.0529,0.7327,True
cluster285_A0A1C6E707,A0A1C6E707,dev,threonine,Tri,False,0.0014,0.0038,0.0024,0.0023,0.0101,0.7327,True
cluster285_A0A1C6E707,A0A1C6E707,dev,tryptamine,Di,False,0.0008,0.0007,-1e-04,0.0023,0.0,0.7327,True
cluster285_A0A1C6E707,A0A1C6E707,dev,tryptamine,Mono,False,0.0003,0.0003,0.0,0.0,0.0,0.7327,True
cluster285_A0A1C6E707,A0A1C6E707,dev,tryptamine,Tri,False,0.002,0.0021,1e-04,0.0023,0.0023,0.7327,True
cluster285_A0A1C6E707,A0A1C6E707,dev,tyramine,Di,False,0.0056,0.0042,-0.0014,0.0101,0.0101,0.7327,True
cluster285_A0A1C6E707,A0A1C6E707,dev,tyramine,Mono,False,0.0504,0.0584,0.008,0.0529,0.0529,0.7327,True
cluster285_A0A1C6E707,A0A1C6E707,dev,tyramine,Tri,False,0.007,0.0081,0.0011,0.0101,0.0101,0.7327,True
cluster31_A0A8J7U9Z7,A0A8J7U9Z7,test,"2,3_diaminopropionic acid",Di,False,0.0034,0.0064,0.003,0.0101,0.0101,0.9062,True
cluster31_A0A8J7U9Z7,A0A8J7U9Z7,test,"2,3_diaminopropionic acid",Mono,False,0.002,0.0038,0.0018,0.0023,0.0101,0.9062,True
cluster31_A0A8J7U9Z7,A0A8J7U9Z7,test,"2,3_diaminopropionic acid",Tri,False,0.0314,0.0939,0.0625,0.0409,0.0714,0.9062,True
cluster31_A0A8J7U9Z7,A0A8J7U9Z7,test,2_aminophenol,Di,False,0.2903,0.6935,0.4032,0.2692,0.5287,0.9062,True
cluster31_A0A8J7U9Z7,A0A8J7U9Z7,test,2_aminophenol,Mono,False,0.0321,0.0886,0.0565,0.0409,0.0529,0.9062,True
cluster31_A0A8J7U9Z7,A0A8J7U9Z7,test,2_aminophenol,Tri,False,0.1646,0.5319,0.3673,0.1127,0.4014,0.9062,True
cluster31_A0A8J7U9Z7,A0A8J7U9Z7,test,3_methoxytyramine,Di,False,0.0386,0.0466,0.008,0.0529,0.0529,0.9062,True
cluster31_A0A8J7U9Z7,A0A8J7U9Z7,test,3_methoxytyramine,Mono,False,0.0021,0.0055,0.0034,0.0023,0.0101,0.9062,True
cluster31_A0A8J7U9Z7,A0A8J7U9Z7,test,3_methoxytyramine,Tri,False,0.0259,0.0384,0.0125,0.0391,0.0529,0.9062,True
cluster31_A0A8J7U9Z7,A0A8J7U9Z7,test,alanine,Di,True,0.3924,0.8615,0.4691,0.2815,0.7,0.9062,True
cluster31_A0A8J7U9Z7,A0A8J7U9Z7,test,alanine,Mono,True,0.3467,0.8383,0.4916,0.28,0.7,0.9062,True
cluster31_A0A8J7U9Z7,A0A8J7U9Z7,test,alanine,Tri,False,0.0238,0.082,0.0582,0.0391,0.0529,0.9062,True
cluster31_A0A8J7U9Z7,A0A8J7U9Z7,test,arginine,Di,False,0.0004,0.0014,0.001,0.0,0.0023,0.9062,True
cluster31_A0A8J7U9Z7,A0A8J7U9Z7,test,arginine,Mono,False,0.0002,0.0007,0.0005,0.0,0.0,0.9062,True
cluster31_A0A8J7U9Z7,A0A8J7U9Z7,test,arginine,Tri,False,0.0008,0.0048,0.004,0.0023,0.0101,0.9062,True
cluster31_A0A8J7U9Z7,A0A8J7U9Z7,test,asparagine,Di,False,0.0114,0.0249,0.0135,0.0114,0.0391,0.9062,True
cluster31_A0A8J7U9Z7,A0A8J7U9Z7,test,asparagine,Mono,False,0.0152,0.0268,0.0116,0.0202,0.0391,0.9062,True
cluster31_A0A8J7U9Z7,A0A8J7U9Z7,test,asparagine,Tri,True,0.5772,0.7988,0.2216,0.4638,0.7,0.9062,True
cluster31_A0A8J7U9Z7,A0A8J7U9Z7,test,cadaverine,Di,False,0.0005,0.0016,0.0011,0.0,0.0023,0.9062,True
cluster31_A0A8J7U9Z7,A0A8J7U9Z7,test,cadaverine,Mono,False,0.0002,0.0008,0.0006,0.0,0.0023,0.9062,True
cluster31_A0A8J7U9Z7,A0A8J7U9Z7,test,cadaverine,Tri,False,0.0007,0.0037,0.003,0.0023,0.0101,0.9062,True
cluster31_A0A8J7U9Z7,A0A8J7U9Z7,test,citrulline,Di,False,0.0024,0.0115,0.0091,0.0101,0.0114,0.9062,True
cluster31_A0A8J7U9Z7,A0A8J7U9Z7,test,citrulline,Mono,False,0.0009,0.0029,0.002,0.0023,0.0101,0.9062,True
cluster31_A0A8J7U9Z7,A0A8J7U9Z7,test,citrulline,Tri,False,0.0007,0.0031,0.0024,0.0,0.0101,0.9062,True
cluster31_A0A8J7U9Z7,A0A8J7U9Z7,test,cystine,Di,False,0.0014,0.0027,0.0013,0.0023,0.0101,0.9062,True
cluster31_A0A8J7U9Z7,A0A8J7U9Z7,test,cystine,Mono,False,0.0006,0.0013,0.0007,0.0,0.0023,0.9062,True
cluster31_A0A8J7U9Z7,A0A8J7U9Z7,test,cystine,Tri,False,0.0019,0.0046,0.0027,0.0023,0.0101,0.9062,True
cluster31_A0A8J7U9Z7,A0A8J7U9Z7,test,dopamine,Di,False,0.0654,0.0994,0.034,0.0529,0.0915,0.9062,True
cluster31_A0A8J7U9Z7,A0A8J7U9Z7,test,dopamine,Mono,False,0.0129,0.0348,0.0219,0.0137,0.0409,0.9062,True
cluster31_A0A8J7U9Z7,A0A8J7U9Z7,test,dopamine,Tri,True,0.5476,0.7686,0.221,0.4014,0.5287,0.9062,True
cluster31_A0A8J7U9Z7,A0A8J7U9Z7,test,gaba,Di,True,0.3184,0.8761,0.5577,0.2692,0.7,0.9062,True
cluster31_A0A8J7U9Z7,A0A8J7U9Z7,test,gaba,Mono,True,0.3998,0.9124,0.5126,0.2815,0.8636,0.9062,True
cluster31_A0A8J7U9Z7,A0A8J7U9Z7,test,gaba,Tri,True,0.3805,0.9045,0.524,0.2815,0.8636,0.9062,True
cluster31_A0A8J7U9Z7,A0A8J7U9Z7,test,glutamine,Di,False,0.0176,0.1019,0.0843,0.0202,0.0915,0.9062,True
cluster31_A0A8J7U9Z7,A0A8J7U9Z7,test,glutamine,Mono,True,0.2638,0.6559,0.3921,0.1875,0.5287,0.9062,True
cluster31_A0A8J7U9Z7,A0A8J7U9Z7,test,glutamine,Tri,False,0.0166,0.0809,0.0643,0.0202,0.0529,0.9062,True
cluster31_A0A8J7U9Z7,A0A8J7U9Z7,test,glyglycine,Di,False,0.0009,0.0027,0.0018,0.0023,0.0101,0.9062,True
cluster31_A0A8J7U9Z7,A0A8J7U9Z7,test,glyglycine,Mono,False,0.0008,0.0025,0.0017,0.0023,0.0101,0.9062,True
cluster31_A0A8J7U9Z7,A0A8J7U9Z7,test,glyglycine,Tri,False,0.0055,0.0199,0.0144,0.0101,0.0301,0.9062,True
cluster31_A0A8J7U9Z7,A0A8J7U9Z7,test,histidine,Di,False,1e-04,0.0005,0.0004,0.0,0.0,0.9062,True
cluster31_A0A8J7U9Z7,A0A8J7U9Z7,test,histidine,Mono,False,1e-04,0.0004,0.0003,0.0,0.0,0.9062,True
cluster31_A0A8J7U9Z7,A0A8J7U9Z7,test,histidine,Tri,False,0.001,0.0036,0.0026,0.0023,0.0101,0.9062,True
cluster31_A0A8J7U9Z7,A0A8J7U9Z7,test,lysine,Di,False,0.0105,0.0526,0.0421,0.0101,0.0529,0.9062,True
cluster31_A0A8J7U9Z7,A0A8J7U9Z7,test,lysine,Mono,False,0.002,0.0052,0.0032,0.0023,0.0101,0.9062,True
cluster31_A0A8J7U9Z7,A0A8J7U9Z7,test,lysine,Tri,False,0.0011,0.004,0.0029,0.0023,0.0101,0.9062,True
cluster31_A0A8J7U9Z7,A0A8J7U9Z7,test,methionine,Di,False,0.0028,0.0101,0.0073,0.0101,0.0101,0.9062,True
cluster31_A0A8J7U9Z7,A0A8J7U9Z7,test,methionine,Mono,False,0.004,0.0156,0.0116,0.0101,0.0202,0.9062,True
cluster31_A0A8J7U9Z7,A0A8J7U9Z7,test,methionine,Tri,False,0.0055,0.0249,0.0194,0.0101,0.0391,0.9062,True
cluster31_A0A8J7U9Z7,A0A8J7U9Z7,test,ornithine,Di,False,0.0121,0.0187,0.0066,0.0114,0.0202,0.9062,True
cluster31_A0A8J7U9Z7,A0A8J7U9Z7,test,ornithine,Mono,False,0.0055,0.0062,0.0007,0.0101,0.0101,0.9062,True
cluster31_A0A8J7U9Z7,A0A8J7U9Z7,test,ornithine,Tri,False,0.0025,0.004,0.0015,0.0101,0.0101,0.9062,True
cluster31_A0A8J7U9Z7,A0A8J7U9Z7,test,phenylalanine,Di,True,0.3341,0.8304,0.4963,0.2692,0.7,0.9062,True
cluster31_A0A8J7U9Z7,A0A8J7U9Z7,test,phenylalanine,Mono,False,0.018,0.0713,0.0533,0.0202,0.0529,0.9062,True
cluster31_A0A8J7U9Z7,A0A8J7U9Z7,test,phenylalanine,Tri,True,0.282,0.8045,0.5225,0.1915,0.7,0.9062,True
cluster31_A0A8J7U9Z7,A0A8J7U9Z7,test,proline,Di,False,0.0008,0.0024,0.0016,0.0023,0.0101,0.9062,True
cluster31_A0A8J7U9Z7,A0A8J7U9Z7,test,proline,Mono,False,0.0015,0.0027,0.0012,0.0023,0.0101,0.9062,True
cluster31_A0A8J7U9Z7,A0A8J7U9Z7,test,proline,Tri,False,0.007,0.0201,0.0131,0.0101,0.0301,0.9062,True
cluster31_A0A8J7U9Z7,A0A8J7U9Z7,test,putrescine,Di,False,0.0005,0.0017,0.0012,0.0,0.0023,0.9062,True
cluster31_A0A8J7U9Z7,A0A8J7U9Z7,test,putrescine,Mono,False,0.0002,0.0008,0.0006,0.0,0.0023,0.9062,True
cluster31_A0A8J7U9Z7,A0A8J7U9Z7,test,putrescine,Tri,False,0.0008,0.0038,0.003,0.0023,0.0101,0.9062,True
cluster31_A0A8J7U9Z7,A0A8J7U9Z7,test,serine,Di,False,0.0176,0.0452,0.0276,0.0202,0.0529,0.9062,True
cluster31_A0A8J7U9Z7,A0A8J7U9Z7,test,serine,Mono,False,0.0272,0.0615,0.0343,0.0391,0.0529,0.9062,True
cluster31_A0A8J7U9Z7,A0A8J7U9Z7,test,serine,Tri,False,0.0071,0.0285,0.0214,0.0101,0.0391,0.9062,True
cluster31_A0A8J7U9Z7,A0A8J7U9Z7,test,serotonin,Di,False,0.0024,0.0037,0.0013,0.0101,0.0101,0.9062,True
cluster31_A0A8J7U9Z7,A0A8J7U9Z7,test,serotonin,Mono,False,0.0426,0.0518,0.0092,0.0529,0.0529,0.9062,True
cluster31_A0A8J7U9Z7,A0A8J7U9Z7,test,serotonin,Tri,False,0.0017,0.0035,0.0018,0.0023,0.0101,0.9062,True
cluster31_A0A8J7U9Z7,A0A8J7U9Z7,test,threonine,Di,False,0.0024,0.014,0.0116,0.0101,0.0202,0.9062,True
cluster31_A0A8J7U9Z7,A0A8J7U9Z7,test,threonine,Mono,False,0.006,0.0289,0.0229,0.0101,0.0391,0.9062,True
cluster31_A0A8J7U9Z7,A0A8J7U9Z7,test,threonine,Tri,False,0.0003,0.002,0.0017,0.0,0.0023,0.9062,True
cluster31_A0A8J7U9Z7,A0A8J7U9Z7,test,tryptamine,Di,False,0.0008,0.0024,0.0016,0.0023,0.0101,0.9062,True
cluster31_A0A8J7U9Z7,A0A8J7U9Z7,test,tryptamine,Mono,False,0.0003,0.0009,0.0006,0.0,0.0023,0.9062,True
cluster31_A0A8J7U9Z7,A0A8J7U9Z7,test,tryptamine,Tri,False,0.0017,0.0073,0.0056,0.0023,0.0101,0.9062,True
cluster31_A0A8J7U9Z7,A0A8J7U9Z7,test,tyramine,Di,False,0.0023,0.0058,0.0035,0.0101,0.0101,0.9062,True
cluster31_A0A8J7U9Z7,A0A8J7U9Z7,test,tyramine,Mono,False,0.0237,0.0609,0.0372,0.0391,0.0529,0.9062,True
cluster31_A0A8J7U9Z7,A0A8J7U9Z7,test,tyramine,Tri,False,0.0021,0.0059,0.0038,0.0023,0.0101,0.9062,True
cluster359_A0A357TLK7,A0A357TLK7,dev,"2,3_diaminopropionic acid",Di,False,0.0134,0.0052,-0.0082,0.0137,0.0101,0.7549,True
cluster359_A0A357TLK7,A0A357TLK7,dev,"2,3_diaminopropionic acid",Mono,False,0.0108,0.0036,-0.0072,0.0101,0.0101,0.7549,True
cluster359_A0A357TLK7,A0A357TLK7,dev,"2,3_diaminopropionic acid",Tri,False,0.1595,0.0825,-0.077,0.1127,0.0529,0.7549,True
cluster359_A0A357TLK7,A0A357TLK7,dev,2_aminophenol,Di,True,0.9442,0.766,-0.1782,0.9023,0.5287,0.7549,True
cluster359_A0A357TLK7,A0A357TLK7,dev,2_aminophenol,Mono,True,0.4131,0.1016,-0.3115,0.2815,0.0915,0.7549,True
cluster359_A0A357TLK7,A0A357TLK7,dev,2_aminophenol,Tri,False,0.8317,0.6153,-0.2164,0.7,0.4706,0.7549,True
cluster359_A0A357TLK7,A0A357TLK7,dev,3_methoxytyramine,Di,False,0.0234,0.0126,-0.0108,0.0391,0.0137,0.7549,True
cluster359_A0A357TLK7,A0A357TLK7,dev,3_methoxytyramine,Mono,False,0.0034,0.0012,-0.0022,0.0101,0.0023,0.7549,True
cluster359_A0A357TLK7,A0A357TLK7,dev,3_methoxytyramine,Tri,False,0.0314,0.016,-0.0154,0.0409,0.0202,0.7549,True
cluster359_A0A357TLK7,A0A357TLK7,dev,alanine,Di,True,0.9829,0.9032,-0.0797,0.9214,0.8636,0.7549,True
cluster359_A0A357TLK7,A0A357TLK7,dev,alanine,Mono,True,0.9851,0.8956,-0.0895,0.9214,0.8571,0.7549,True
cluster359_A0A357TLK7,A0A357TLK7,dev,alanine,Tri,False,0.1471,0.095,-0.0521,0.0915,0.0714,0.7549,True
cluster359_A0A357TLK7,A0A357TLK7,dev,arginine,Di,False,0.002,0.0013,-0.0007,0.0023,0.0023,0.7549,True
cluster359_A0A357TLK7,A0A357TLK7,dev,arginine,Mono,False,0.0019,0.0007,-0.0012,0.0023,0.0023,0.7549,True
cluster359_A0A357TLK7,A0A357TLK7,dev,arginine,Tri,False,0.0064,0.005,-0.0014,0.0101,0.0101,0.7549,True
cluster359_A0A357TLK7,A0A357TLK7,dev,asparagine,Di,False,0.0408,0.0203,-0.0205,0.0529,0.0301,0.7549,True
cluster359_A0A357TLK7,A0A357TLK7,dev,asparagine,Mono,False,0.081,0.0237,-0.0573,0.0529,0.0391,0.7549,True
cluster359_A0A357TLK7,A0A357TLK7,dev,asparagine,Tri,True,0.9296,0.8208,-0.1088,0.8636,0.7,0.7549,True
cluster359_A0A357TLK7,A0A357TLK7,dev,cadaverine,Di,False,0.0023,0.001,-0.0013,0.0101,0.0023,0.7549,True
cluster359_A0A357TLK7,A0A357TLK7,dev,cadaverine,Mono,False,0.0017,0.0005,-0.0012,0.0023,0.0,0.7549,True
cluster359_A0A357TLK7,A0A357TLK7,dev,cadaverine,Tri,False,0.0044,0.002,-0.0024,0.0101,0.0023,0.7549,True
cluster359_A0A357TLK7,A0A357TLK7,dev,citrulline,Di,False,0.0107,0.0088,-0.0019,0.0101,0.0101,0.7549,True
cluster359_A0A357TLK7,A0A357TLK7,dev,citrulline,Mono,False,0.0054,0.0026,-0.0028,0.0101,0.0101,0.7549,True
cluster359_A0A357TLK7,A0A357TLK7,dev,citrulline,Tri,False,0.0034,0.003,-0.0004,0.0101,0.0101,0.7549,True
cluster359_A0A357TLK7,A0A357TLK7,dev,cystine,Di,False,0.0027,0.0025,-0.0002,0.0101,0.0101,0.7549,True
cluster359_A0A357TLK7,A0A357TLK7,dev,cystine,Mono,False,0.0017,0.0011,-0.0006,0.0023,0.0023,0.7549,True
cluster359_A0A357TLK7,A0A357TLK7,dev,cystine,Tri,False,0.0044,0.0054,0.001,0.0101,0.0101,0.7549,True
cluster359_A0A357TLK7,A0A357TLK7,dev,dopamine,Di,False,0.1614,0.0508,-0.1106,0.1127,0.0529,0.7549,True
cluster359_A0A357TLK7,A0A357TLK7,dev,dopamine,Mono,False,0.0542,0.0135,-0.0407,0.0529,0.0137,0.7549,True
cluster359_A0A357TLK7,A0A357TLK7,dev,dopamine,Tri,True,0.9275,0.7966,-0.1309,0.8636,0.5287,0.7549,True
cluster359_A0A357TLK7,A0A357TLK7,dev,gaba,Di,True,0.9899,0.8704,-0.1195,0.9214,0.7,0.7549,True
cluster359_A0A357TLK7,A0A357TLK7,dev,gaba,Mono,True,0.9966,0.9096,-0.087,0.925,0.8636,0.7549,True
cluster359_A0A357TLK7,A0A357TLK7,dev,gaba,Tri,True,0.9938,0.9301,-0.0637,0.9214,0.8636,0.7549,True
cluster359_A0A357TLK7,A0A357TLK7,dev,glutamine,Di,False,0.1032,0.0518,-0.0514,0.0915,0.0529,0.7549,True
cluster359_A0A357TLK7,A0A357TLK7,dev,glutamine,Mono,True,0.8748,0.4701,-0.4047,0.7,0.4014,0.7549,True
cluster359_A0A357TLK7,A0A357TLK7,dev,glutamine,Tri,False,0.0903,0.0542,-0.0361,0.0529,0.0529,0.7549,True
cluster359_A0A357TLK7,A0A357TLK7,dev,glyglycine,Di,False,0.0056,0.0034,-0.0022,0.0101,0.0101,0.7549,True
cluster359_A0A357TLK7,A0A357TLK7,dev,glyglycine,Mono,False,0.0066,0.0035,-0.0031,0.0101,0.0101,0.7549,True
cluster359_A0A357TLK7,A0A357TLK7,dev,glyglycine,Tri,False,0.036,0.0418,0.0058,0.0409,0.0529,0.7549,True
cluster359_A0A357TLK7,A0A357TLK7,dev,histidine,Di,False,0.0006,0.0004,-0.0002,0.0,0.0,0.7549,True
cluster359_A0A357TLK7,A0A357TLK7,dev,histidine,Mono,False,0.0005,0.0002,-0.0003,0.0,0.0,0.7549,True
cluster359_A0A357TLK7,A0A357TLK7,dev,histidine,Tri,False,0.0051,0.0049,-0.0002,0.0101,0.0101,0.7549,True
cluster359_A0A357TLK7,A0A357TLK7,dev,lysine,Di,False,0.0654,0.0643,-0.0011,0.0529,0.0529,0.7549,True
cluster359_A0A357TLK7,A0A357TLK7,dev,lysine,Mono,False,0.0179,0.0088,-0.0091,0.0202,0.0101,0.7549,True
cluster359_A0A357TLK7,A0A357TLK7,dev,lysine,Tri,False,0.0078,0.0071,-0.0007,0.0101,0.0101,0.7549,True
cluster359_A0A357TLK7,A0A357TLK7,dev,methionine,Di,False,0.0239,0.0151,-0.0088,0.0391,0.0202,0.7549,True
cluster359_A0A357TLK7,A0A357TLK7,dev,methionine,Mono,False,0.0456,0.0223,-0.0233,0.0529,0.0301,0.7549,True
cluster359_A0A357TLK7,A0A357TLK7,dev,methionine,Tri,False,0.0468,0.0366,-0.0102,0.0529,0.0529,0.7549,True
cluster359_A0A357TLK7,A0A357TLK7,dev,ornithine,Di,False,0.0174,0.01,-0.0074,0.0202,0.0101,0.7549,True
cluster359_A0A357TLK7,A0A357TLK7,dev,ornithine,Mono,False,0.0109,0.0038,-0.0071,0.0101,0.0101,0.7549,True
cluster359_A0A357TLK7,A0A357TLK7,dev,ornithine,Tri,False,0.0048,0.0035,-0.0013,0.0101,0.0101,0.7549,True
cluster359_A0A357TLK7,A0A357TLK7,dev,phenylalanine,Di,True,0.9677,0.8751,-0.0926,0.9082,0.7,0.7549,True
cluster359_A0A357TLK7,A0A357TLK7,dev,phenylalanine,Mono,False,0.2278,0.0523,-0.1755,0.1455,0.0529,0.7549,True
cluster359_A0A357TLK7,A0A357TLK7,dev,phenylalanine,Tri,True,0.9645,0.8781,-0.0864,0.9023,0.75,0.7549,True
cluster359_A0A357TLK7,A0A357TLK7,dev,proline,Di,False,0.0027,0.0014,-0.0013,0.0101,0.0023,0.7549,True
cluster359_A0A357TLK7,A0A357TLK7,dev,proline,Mono,False,0.0092,0.0023,-0.0069,0.0101,0.0023,0.7549,True
cluster359_A0A357TLK7,A0A357TLK7,dev,proline,Tri,False,0.0176,0.01,-0.0076,0.0202,0.0101,0.7549,True
cluster359_A0A357TLK7,A0A357TLK7,dev,putrescine,Di,False,0.0024,0.0011,-0.0013,0.0101,0.0023,0.7549,True
cluster359_A0A357TLK7,A0A357TLK7,dev,putrescine,Mono,False,0.0017,0.0005,-0.0012,0.0023,0.0,0.7549,True
cluster359_A0A357TLK7,A0A357TLK7,dev,putrescine,Tri,False,0.0045,0.002,-0.0025,0.0101,0.0023,0.7549,True
cluster359_A0A357TLK7,A0A357TLK7,dev,serine,Di,False,0.118,0.0556,-0.0624,0.0915,0.0529,0.7549,True
cluster359_A0A357TLK7,A0A357TLK7,dev,serine,Mono,False,0.1472,0.0691,-0.0781,0.0915,0.0529,0.7549,True
cluster359_A0A357TLK7,A0A357TLK7,dev,serine,Tri,False,0.0685,0.0305,-0.038,0.0529,0.0409,0.7549,True
cluster359_A0A357TLK7,A0A357TLK7,dev,serotonin,Di,False,0.005,0.0014,-0.0036,0.0101,0.0023,0.7549,True
cluster359_A0A357TLK7,A0A357TLK7,dev,serotonin,Mono,False,0.0738,0.0224,-0.0514,0.0529,0.0301,0.7549,True
cluster359_A0A357TLK7,A0A357TLK7,dev,serotonin,Tri,False,0.0048,0.0024,-0.0024,0.0101,0.0101,0.7549,True
cluster359_A0A357TLK7,A0A357TLK7,dev,threonine,Di,False,0.0374,0.0274,-0.01,0.0529,0.0391,0.7549,True
cluster359_A0A357TLK7,A0A357TLK7,dev,threonine,Mono,False,0.0739,0.0551,-0.0188,0.0529,0.0529,0.7549,True
cluster359_A0A357TLK7,A0A357TLK7,dev,threonine,Tri,False,0.0026,0.0027,1e-04,0.0101,0.0101,0.7549,True
cluster359_A0A357TLK7,A0A357TLK7,dev,tryptamine,Di,False,0.0024,0.0007,-0.0017,0.0101,0.0,0.7549,True
cluster359_A0A357TLK7,A0A357TLK7,dev,tryptamine,Mono,False,0.0014,0.0003,-0.0011,0.0023,0.0,0.7549,True
cluster359_A0A357TLK7,A0A357TLK7,dev,tryptamine,Tri,False,0.006,0.0019,-0.0041,0.0101,0.0023,0.7549,True
cluster359_A0A357TLK7,A0A357TLK7,dev,tyramine,Di,False,0.0118,0.0045,-0.0073,0.0114,0.0101,0.7549,True
cluster359_A0A357TLK7,A0A357TLK7,dev,tyramine,Mono,False,0.1071,0.0664,-0.0407,0.0915,0.0529,0.7549,True
cluster359_A0A357TLK7,A0A357TLK7,dev,tyramine,Tri,False,0.0159,0.0091,-0.0068,0.0202,0.0101,0.7549,True
cluster362_A0A6N3FX58,A0A6N3FX58,,"2,3_diaminopropionic acid",Di,,0.0572,0.1018,0.0446,0.0529,0.0915,0.9059,True
cluster362_A0A6N3FX58,A0A6N3FX58,,"2,3_diaminopropionic acid",Mono,,0.0288,0.0552,0.0264,0.0391,0.0529,0.9059,True
cluster362_A0A6N3FX58,A0A6N3FX58,,"2,3_diaminopropionic acid",Tri,,0.2154,0.628,0.4126,0.1127,0.4857,0.9059,True
cluster362_A0A6N3FX58,A0A6N3FX58,,2_aminophenol,Di,,0.6665,0.9119,0.2454,0.5287,0.8636,0.9059,True
cluster362_A0A6N3FX58,A0A6N3FX58,,2_aminophenol,Mono,,0.2287,0.3648,0.1361,0.1455,0.2815,0.9059,True
cluster362_A0A6N3FX58,A0A6N3FX58,,2_aminophenol,Tri,,0.552,0.8793,0.3273,0.4014,0.75,0.9059,True
cluster362_A0A6N3FX58,A0A6N3FX58,,3_methoxytyramine,Di,,0.3118,0.3075,-0.0043,0.2692,0.2692,0.9059,True
cluster362_A0A6N3FX58,A0A6N3FX58,,3_methoxytyramine,Mono,,0.0153,0.0253,0.01,0.0202,0.0391,0.9059,True
cluster362_A0A6N3FX58,A0A6N3FX58,,3_methoxytyramine,Tri,,0.1673,0.2011,0.0338,0.1127,0.1127,0.9059,True
cluster362_A0A6N3FX58,A0A6N3FX58,,alanine,Di,,0.7391,0.9735,0.2344,0.5287,0.9082,0.9059,True
cluster362_A0A6N3FX58,A0A6N3FX58,,alanine,Mono,,0.6907,0.9648,0.2741,0.5287,0.9023,0.9059,True
cluster362_A0A6N3FX58,A0A6N3FX58,,alanine,Tri,,0.2287,0.5688,0.3401,0.1455,0.4231,0.9059,True
cluster362_A0A6N3FX58,A0A6N3FX58,,arginine,Di,,0.0024,0.0107,0.0083,0.0101,0.0101,0.9059,True
cluster362_A0A6N3FX58,A0A6N3FX58,,arginine,Mono,,0.0011,0.0049,0.0038,0.0023,0.0101,0.9059,True
cluster362_A0A6N3FX58,A0A6N3FX58,,arginine,Tri,,0.0023,0.0355,0.0332,0.0101,0.0409,0.9059,True
cluster362_A0A6N3FX58,A0A6N3FX58,,asparagine,Di,,0.0179,0.0918,0.0739,0.0202,0.0714,0.9059,True
cluster362_A0A6N3FX58,A0A6N3FX58,,asparagine,Mono,,0.017,0.0804,0.0634,0.0202,0.0529,0.9059,True
cluster362_A0A6N3FX58,A0A6N3FX58,,asparagine,Tri,,0.5938,0.9041,0.3103,0.4638,0.8636,0.9059,True
cluster362_A0A6N3FX58,A0A6N3FX58,,cadaverine,Di,,0.002,0.0081,0.0061,0.0023,0.0101,0.9059,True
cluster362_A0A6N3FX58,A0A6N3FX58,,cadaverine,Mono,,0.0007,0.003,0.0023,0.0023,0.0101,0.9059,True
cluster362_A0A6N3FX58,A0A6N3FX58,,cadaverine,Tri,,0.0024,0.0117,0.0093,0.0101,0.0114,0.9059,True
cluster362_A0A6N3FX58,A0A6N3FX58,,citrulline,Di,,0.0062,0.0966,0.0904,0.0101,0.0915,0.9059,True
cluster362_A0A6N3FX58,A0A6N3FX58,,citrulline,Mono,,0.0023,0.0246,0.0223,0.0101,0.0391,0.9059,True
cluster362_A0A6N3FX58,A0A6N3FX58,,citrulline,Tri,,0.0015,0.0257,0.0242,0.0023,0.0391,0.9059,True
cluster362_A0A6N3FX58,A0A6N3FX58,,cystine,Di,,0.0087,0.0248,0.0161,0.0101,0.0391,0.9059,True
cluster362_A0A6N3FX58,A0A6N3FX58,,cystine,Mono,,0.0031,0.0093,0.0062,0.0101,0.0101,0.9059,True
cluster362_A0A6N3FX58,A0A6N3FX58,,cystine,Tri,,0.0095,0.0333,0.0238,0.0101,0.0409,0.9059,True
cluster362_A0A6N3FX58,A0A6N3FX58,,dopamine,Di,,0.274,0.3981,0.1241,0.1915,0.2815,0.9059,True
cluster362_A0A6N3FX58,A0A6N3FX58,,dopamine,Mono,,0.0568,0.1417,0.0849,0.0529,0.0915,0.9059,True
cluster362_A0A6N3FX58,A0A6N3FX58,,dopamine,Tri,,0.7856,0.9187,0.1331,0.5287,0.8636,0.9059,True
cluster362_A0A6N3FX58,A0A6N3FX58,,gaba,Di,,0.615,0.9876,0.3726,0.4706,0.9214,0.9059,True
cluster362_A0A6N3FX58,A0A6N3FX58,,gaba,Mono,,0.6089,0.987,0.3781,0.4638,0.9214,0.9059,True
cluster362_A0A6N3FX58,A0A6N3FX58,,gaba,Tri,,0.6359,0.9869,0.351,0.4857,0.9214,0.9059,True
cluster362_A0A6N3FX58,A0A6N3FX58,,glutamine,Di,,0.0196,0.2539,0.2343,0.0202,0.1757,0.9059,True
cluster362_A0A6N3FX58,A0A6N3FX58,,glutamine,Mono,,0.1787,0.652,0.4733,0.1127,0.5287,0.9059,True
cluster362_A0A6N3FX58,A0A6N3FX58,,glutamine,Tri,,0.0123,0.1552,0.1429,0.0114,0.1127,0.9059,True
cluster362_A0A6N3FX58,A0A6N3FX58,,glyglycine,Di,,0.0051,0.0134,0.0083,0.0101,0.0137,0.9059,True
cluster362_A0A6N3FX58,A0A6N3FX58,,glyglycine,Mono,,0.004,0.01,0.006,0.0101,0.0101,0.9059,True
cluster362_A0A6N3FX58,A0A6N3FX58,,glyglycine,Tri,,0.0267,0.1027,0.076,0.0391,0.0915,0.9059,True
cluster362_A0A6N3FX58,A0A6N3FX58,,histidine,Di,,0.0005,0.0026,0.0021,0.0,0.0101,0.9059,True
cluster362_A0A6N3FX58,A0A6N3FX58,,histidine,Mono,,0.0005,0.002,0.0015,0.0,0.0023,0.9059,True
cluster362_A0A6N3FX58,A0A6N3FX58,,histidine,Tri,,0.003,0.0195,0.0165,0.0101,0.0202,0.9059,True
cluster362_A0A6N3FX58,A0A6N3FX58,,lysine,Di,,0.0462,0.2887,0.2425,0.0529,0.2692,0.9059,True
cluster362_A0A6N3FX58,A0A6N3FX58,,lysine,Mono,,0.0066,0.0425,0.0359,0.0101,0.0529,0.9059,True
cluster362_A0A6N3FX58,A0A6N3FX58,,lysine,Tri,,0.0038,0.0312,0.0274,0.0101,0.0409,0.9059,True
cluster362_A0A6N3FX58,A0A6N3FX58,,methionine,Di,,0.0087,0.1225,0.1138,0.0101,0.0915,0.9059,True
cluster362_A0A6N3FX58,A0A6N3FX58,,methionine,Mono,,0.0135,0.14,0.1265,0.0137,0.0915,0.9059,True
cluster362_A0A6N3FX58,A0A6N3FX58,,methionine,Tri,,0.0173,0.1946,0.1773,0.0202,0.1127,0.9059,True
cluster362_A0A6N3FX58,A0A6N3FX58,,ornithine,Di,,0.1874,0.2763,0.0889,0.1127,0.1915,0.9059,True
cluster362_A0A6N3FX58,A0A6N3FX58,,ornithine,Mono,,0.0861,0.104,0.0179,0.0529,0.0915,0.9059,True
cluster362_A0A6N3FX58,A0A6N3FX58,,ornithine,Tri,,0.0261,0.06,0.0339,0.0391,0.0529,0.9059,True
cluster362_A0A6N3FX58,A0A6N3FX58,,phenylalanine,Di,,0.6075,0.9586,0.3511,0.4638,0.9023,0.9059,True
cluster362_A0A6N3FX58,A0A6N3FX58,,phenylalanine,Mono,,0.1084,0.4213,0.3129,0.0915,0.2815,0.9059,True
cluster362_A0A6N3FX58,A0A6N3FX58,,phenylalanine,Tri,,0.5784,0.9564,0.378,0.4638,0.9023,0.9059,True
cluster362_A0A6N3FX58,A0A6N3FX58,,proline,Di,,0.0027,0.0065,0.0038,0.0101,0.0101,0.9059,True
cluster362_A0A6N3FX58,A0A6N3FX58,,proline,Mono,,0.0036,0.0063,0.0027,0.0101,0.0101,0.9059,True
cluster362_A0A6N3FX58,A0A6N3FX58,,proline,Tri,,0.0262,0.0907,0.0645,0.0391,0.0529,0.9059,True
cluster362_A0A6N3FX58,A0A6N3FX58,,putrescine,Di,,0.0021,0.0085,0.0064,0.0023,0.0101,0.9059,True
cluster362_A0A6N3FX58,A0A6N3FX58,,putrescine,Mono,,0.0007,0.003,0.0023,0.0023,0.0101,0.9059,True
cluster362_A0A6N3FX58,A0A6N3FX58,,putrescine,Tri,,0.0026,0.0117,0.0091,0.0101,0.0114,0.9059,True
cluster362_A0A6N3FX58,A0A6N3FX58,,serine,Di,,0.0938,0.4348,0.341,0.0714,0.3936,0.9059,True
cluster362_A0A6N3FX58,A0A6N3FX58,,serine,Mono,,0.1518,0.5475,0.3957,0.1127,0.4014,0.9059,True
cluster362_A0A6N3FX58,A0A6N3FX58,,serine,Tri,,0.036,0.1873,0.1513,0.0409,0.1127,0.9059,True
cluster362_A0A6N3FX58,A0A6N3FX58,,serotonin,Di,,0.0123,0.0286,0.0163,0.0114,0.0391,0.9059,True
cluster362_A0A6N3FX58,A0A6N3FX58,,serotonin,Mono,,0.218,0.2732,0.0552,0.1127,0.1915,0.9059,True
cluster362_A0A6N3FX58,A0A6N3FX58,,serotonin,Tri,,0.0071,0.0215,0.0144,0.0101,0.0301,0.9059,True
cluster362_A0A6N3FX58,A0A6N3FX58,,threonine,Di,,0.0058,0.1191,0.1133,0.0101,0.0915,0.9059,True
cluster362_A0A6N3FX58,A0A6N3FX58,,threonine,Mono,,0.0175,0.247,0.2295,0.0202,0.1757,0.9059,True
cluster362_A0A6N3FX58,A0A6N3FX58,,threonine,Tri,,0.0009,0.0117,0.0108,0.0023,0.0114,0.9059,True
cluster362_A0A6N3FX58,A0A6N3FX58,,tryptamine,Di,,0.0032,0.0042,0.001,0.0101,0.0101,0.9059,True
cluster362_A0A6N3FX58,A0A6N3FX58,,tryptamine,Mono,,0.0015,0.0022,0.0007,0.0023,0.0023,0.9059,True
cluster362_A0A6N3FX58,A0A6N3FX58,,tryptamine,Tri,,0.007,0.0125,0.0055,0.0101,0.0137,0.9059,True
cluster362_A0A6N3FX58,A0A6N3FX58,,tyramine,Di,,0.0103,0.04,0.0297,0.0101,0.0529,0.9059,True
cluster362_A0A6N3FX58,A0A6N3FX58,,tyramine,Mono,,0.1116,0.2692,0.1576,0.0915,0.1915,0.9059,True
cluster362_A0A6N3FX58,A0A6N3FX58,,tyramine,Tri,,0.0079,0.0309,0.023,0.0101,0.0409,0.9059,True
cluster363_A0A3N2MZX6,A0A3N2MZX6,dev,"2,3_diaminopropionic acid",Di,False,0.0809,0.0206,-0.0603,0.0529,0.0301,0.9311,True
cluster363_A0A3N2MZX6,A0A3N2MZX6,dev,"2,3_diaminopropionic acid",Mono,False,0.0619,0.0139,-0.048,0.0529,0.0202,0.9311,True
cluster363_A0A3N2MZX6,A0A3N2MZX6,dev,"2,3_diaminopropionic acid",Tri,False,0.5785,0.2762,-0.3023,0.4638,0.1915,0.9311,True
cluster363_A0A3N2MZX6,A0A3N2MZX6,dev,2_aminophenol,Di,True,0.9931,0.9137,-0.0794,0.9214,0.8636,0.9311,True
cluster363_A0A3N2MZX6,A0A3N2MZX6,dev,2_aminophenol,Mono,True,0.866,0.2456,-0.6204,0.7,0.1757,0.9311,True
cluster363_A0A3N2MZX6,A0A3N2MZX6,dev,2_aminophenol,Tri,True,0.9866,0.8509,-0.1357,0.9214,0.7,0.9311,True
cluster363_A0A3N2MZX6,A0A3N2MZX6,dev,3_methoxytyramine,Di,True,0.853,0.1582,-0.6948,0.7,0.1127,0.9311,True
cluster363_A0A3N2MZX6,A0A3N2MZX6,dev,3_methoxytyramine,Mono,False,0.331,0.0163,-0.3147,0.2692,0.0202,0.9311,True
cluster363_A0A3N2MZX6,A0A3N2MZX6,dev,3_methoxytyramine,Tri,True,0.849,0.1676,-0.6814,0.7,0.1127,0.9311,True
cluster363_A0A3N2MZX6,A0A3N2MZX6,dev,alanine,Di,True,0.9891,0.9523,-0.0368,0.9214,0.9023,0.9311,True
cluster363_A0A3N2MZX6,A0A3N2MZX6,dev,alanine,Mono,True,0.989,0.945,-0.044,0.9214,0.9023,0.9311,True
cluster363_A0A3N2MZX6,A0A3N2MZX6,dev,alanine,Tri,False,0.3607,0.3027,-0.058,0.2815,0.2692,0.9311,True
cluster363_A0A3N2MZX6,A0A3N2MZX6,dev,arginine,Di,False,0.0159,0.0052,-0.0107,0.0202,0.0101,0.9311,True
cluster363_A0A3N2MZX6,A0A3N2MZX6,dev,arginine,Mono,False,0.0098,0.0034,-0.0064,0.0101,0.0101,0.9311,True
cluster363_A0A3N2MZX6,A0A3N2MZX6,dev,arginine,Tri,False,0.0394,0.0213,-0.0181,0.0529,0.0301,0.9311,True
cluster363_A0A3N2MZX6,A0A3N2MZX6,dev,asparagine,Di,False,0.0909,0.0431,-0.0478,0.0529,0.0529,0.9311,True
cluster363_A0A3N2MZX6,A0A3N2MZX6,dev,asparagine,Mono,False,0.0994,0.0501,-0.0493,0.0915,0.0529,0.9311,True
cluster363_A0A3N2MZX6,A0A3N2MZX6,dev,asparagine,Tri,True,0.9147,0.8627,-0.052,0.8636,0.7,0.9311,True
cluster363_A0A3N2MZX6,A0A3N2MZX6,dev,cadaverine,Di,False,0.0525,0.0074,-0.0451,0.0529,0.0101,0.9311,True
cluster363_A0A3N2MZX6,A0A3N2MZX6,dev,cadaverine,Mono,False,0.0305,0.0036,-0.0269,0.0409,0.0101,0.9311,True
cluster363_A0A3N2MZX6,A0A3N2MZX6,dev,cadaverine,Tri,False,0.1356,0.0183,-0.1173,0.0915,0.0202,0.9311,True
cluster363_A0A3N2MZX6,A0A3N2MZX6,dev,citrulline,Di,False,0.057,0.0337,-0.0233,0.0529,0.0409,0.9311,True
cluster363_A0A3N2MZX6,A0A3N2MZX6,dev,citrulline,Mono,False,0.0279,0.0121,-0.0158,0.0391,0.0114,0.9311,True
cluster363_A0A3N2MZX6,A0A3N2MZX6,dev,citrulline,Tri,False,0.0225,0.0141,-0.0084,0.0345,0.0202,0.9311,True
cluster363_A0A3N2MZX6,A0A3N2MZX6,dev,cystine,Di,False,0.0421,0.01,-0.0321,0.0529,0.0101,0.9311,True
cluster363_A0A3N2MZX6,A0A3N2MZX6,dev,cystine,Mono,False,0.0237,0.0047,-0.019,0.0391,0.0101,0.9311,True
cluster363_A0A3N2MZX6,A0A3N2MZX6,dev,cystine,Tri,False,0.0744,0.0199,-0.0545,0.0529,0.0301,0.9311,True
cluster363_A0A3N2MZX6,A0A3N2MZX6,dev,dopamine,Di,True,0.8287,0.1918,-0.6369,0.7,0.1127,0.9311,True
cluster363_A0A3N2MZX6,A0A3N2MZX6,dev,dopamine,Mono,False,0.5227,0.0635,-0.4592,0.4014,0.0529,0.9311,True
cluster363_A0A3N2MZX6,A0A3N2MZX6,dev,dopamine,Tri,True,0.989,0.8964,-0.0926,0.9214,0.8571,0.9311,True
cluster363_A0A3N2MZX6,A0A3N2MZX6,dev,gaba,Di,True,0.9967,0.9713,-0.0254,1.0,0.9082,0.9311,True
cluster363_A0A3N2MZX6,A0A3N2MZX6,dev,gaba,Mono,True,0.9982,0.9799,-0.0183,1.0,0.9082,0.9311,True
cluster363_A0A3N2MZX6,A0A3N2MZX6,dev,gaba,Tri,True,0.9978,0.9821,-0.0157,1.0,0.9214,0.9311,True
cluster363_A0A3N2MZX6,A0A3N2MZX6,dev,glutamine,Di,False,0.2646,0.1574,-0.1072,0.1875,0.1127,0.9311,True
cluster363_A0A3N2MZX6,A0A3N2MZX6,dev,glutamine,Mono,True,0.8402,0.7409,-0.0993,0.7,0.5287,0.9311,True
cluster363_A0A3N2MZX6,A0A3N2MZX6,dev,glutamine,Tri,False,0.1851,0.1435,-0.0416,0.1127,0.0915,0.9311,True
cluster363_A0A3N2MZX6,A0A3N2MZX6,dev,glyglycine,Di,False,0.0212,0.0082,-0.013,0.0301,0.0101,0.9311,True
cluster363_A0A3N2MZX6,A0A3N2MZX6,dev,glyglycine,Mono,False,0.022,0.0074,-0.0146,0.0301,0.0101,0.9311,True
cluster363_A0A3N2MZX6,A0A3N2MZX6,dev,glyglycine,Tri,False,0.127,0.0684,-0.0586,0.0915,0.0529,0.9311,True
cluster363_A0A3N2MZX6,A0A3N2MZX6,dev,histidine,Di,False,0.0025,0.0014,-0.0011,0.0101,0.0023,0.9311,True
cluster363_A0A3N2MZX6,A0A3N2MZX6,dev,histidine,Mono,False,0.002,0.0008,-0.0012,0.0023,0.0023,0.9311,True
cluster363_A0A3N2MZX6,A0A3N2MZX6,dev,histidine,Tri,False,0.0226,0.0132,-0.0094,0.0345,0.0137,0.9311,True
cluster363_A0A3N2MZX6,A0A3N2MZX6,dev,lysine,Di,False,0.3685,0.1764,-0.1921,0.2815,0.1127,0.9311,True
cluster363_A0A3N2MZX6,A0A3N2MZX6,dev,lysine,Mono,False,0.0977,0.0312,-0.0665,0.0915,0.0409,0.9311,True
cluster363_A0A3N2MZX6,A0A3N2MZX6,dev,lysine,Tri,False,0.067,0.0249,-0.0421,0.0529,0.0391,0.9311,True
cluster363_A0A3N2MZX6,A0A3N2MZX6,dev,methionine,Di,False,0.1265,0.0542,-0.0723,0.0915,0.0529,0.9311,True
cluster363_A0A3N2MZX6,A0A3N2MZX6,dev,methionine,Mono,False,0.1741,0.0696,-0.1045,0.1127,0.0529,0.9311,True
cluster363_A0A3N2MZX6,A0A3N2MZX6,dev,methionine,Tri,False,0.2234,0.1208,-0.1026,0.1127,0.0915,0.9311,True
cluster363_A0A3N2MZX6,A0A3N2MZX6,dev,ornithine,Di,True,0.6489,0.0802,-0.5687,0.5287,0.0529,0.9311,True
cluster363_A0A3N2MZX6,A0A3N2MZX6,dev,ornithine,Mono,True,0.4971,0.0382,-0.4589,0.4014,0.0529,0.9311,True
cluster363_A0A3N2MZX6,A0A3N2MZX6,dev,ornithine,Tri,False,0.2878,0.0264,-0.2614,0.2692,0.0391,0.9311,True
cluster363_A0A3N2MZX6,A0A3N2MZX6,dev,phenylalanine,Di,True,0.9891,0.9399,-0.0492,0.9214,0.8696,0.9311,True
cluster363_A0A3N2MZX6,A0A3N2MZX6,dev,phenylalanine,Mono,False,0.6016,0.1736,-0.428,0.4638,0.1127,0.9311,True
cluster363_A0A3N2MZX6,A0A3N2MZX6,dev,phenylalanine,Tri,True,0.9889,0.9429,-0.046,0.9214,0.8696,0.9311,True
cluster363_A0A3N2MZX6,A0A3N2MZX6,dev,proline,Di,False,0.0123,0.0062,-0.0061,0.0114,0.0101,0.9311,True
cluster363_A0A3N2MZX6,A0A3N2MZX6,dev,proline,Mono,False,0.0141,0.0063,-0.0078,0.0202,0.0101,0.9311,True
cluster363_A0A3N2MZX6,A0A3N2MZX6,dev,proline,Tri,False,0.0716,0.0434,-0.0282,0.0529,0.0529,0.9311,True
cluster363_A0A3N2MZX6,A0A3N2MZX6,dev,putrescine,Di,False,0.0556,0.0076,-0.048,0.0529,0.0101,0.9311,True
cluster363_A0A3N2MZX6,A0A3N2MZX6,dev,putrescine,Mono,False,0.031,0.0037,-0.0273,0.0409,0.0101,0.9311,True
cluster363_A0A3N2MZX6,A0A3N2MZX6,dev,putrescine,Tri,False,0.1429,0.0188,-0.1241,0.0915,0.0202,0.9311,True
cluster363_A0A3N2MZX6,A0A3N2MZX6,dev,serine,Di,False,0.2926,0.149,-0.1436,0.2692,0.1127,0.9311,True
cluster363_A0A3N2MZX6,A0A3N2MZX6,dev,serine,Mono,False,0.3978,0.164,-0.2338,0.2815,0.1127,0.9311,True
cluster363_A0A3N2MZX6,A0A3N2MZX6,dev,serine,Tri,False,0.1857,0.0934,-0.0923,0.1127,0.0714,0.9311,True
cluster363_A0A3N2MZX6,A0A3N2MZX6,dev,serotonin,Di,False,0.2056,0.0176,-0.188,0.1127,0.0202,0.9311,True
cluster363_A0A3N2MZX6,A0A3N2MZX6,dev,serotonin,Mono,True,0.8398,0.2205,-0.6193,0.7,0.1127,0.9311,True
cluster363_A0A3N2MZX6,A0A3N2MZX6,dev,serotonin,Tri,False,0.1627,0.0191,-0.1436,0.1127,0.0202,0.9311,True
cluster363_A0A3N2MZX6,A0A3N2MZX6,dev,threonine,Di,False,0.0751,0.0576,-0.0175,0.0529,0.0529,0.9311,True
cluster363_A0A3N2MZX6,A0A3N2MZX6,dev,threonine,Mono,False,0.151,0.0939,-0.0571,0.1127,0.0714,0.9311,True
cluster363_A0A3N2MZX6,A0A3N2MZX6,dev,threonine,Tri,False,0.0101,0.0071,-0.003,0.0101,0.0101,0.9311,True
cluster363_A0A3N2MZX6,A0A3N2MZX6,dev,tryptamine,Di,False,0.2863,0.0117,-0.2746,0.2692,0.0114,0.9311,True
cluster363_A0A3N2MZX6,A0A3N2MZX6,dev,tryptamine,Mono,False,0.1025,0.0029,-0.0996,0.0915,0.0101,0.9311,True
cluster363_A0A3N2MZX6,A0A3N2MZX6,dev,tryptamine,Tri,True,0.6489,0.0455,-0.6034,0.5287,0.0529,0.9311,True
cluster363_A0A3N2MZX6,A0A3N2MZX6,dev,tyramine,Di,False,0.2044,0.0253,-0.1791,0.1127,0.0391,0.9311,True
cluster363_A0A3N2MZX6,A0A3N2MZX6,dev,tyramine,Mono,True,0.829,0.3409,-0.4881,0.7,0.28,0.9311,True
cluster363_A0A3N2MZX6,A0A3N2MZX6,dev,tyramine,Tri,False,0.2058,0.031,-0.1748,0.1127,0.0409,0.9311,True
cluster365_R7PBA0,R7PBA0,dev,"2,3_diaminopropionic acid",Di,False,0.2198,0.107,-0.1128,0.1127,0.0915,0.9197,True
cluster365_R7PBA0,R7PBA0,dev,"2,3_diaminopropionic acid",Mono,False,0.1619,0.0558,-0.1061,0.1127,0.0529,0.9197,True
cluster365_R7PBA0,R7PBA0,dev,"2,3_diaminopropionic acid",Tri,True,0.7571,0.648,-0.1091,0.5287,0.5287,0.9197,True
cluster365_R7PBA0,R7PBA0,dev,2_aminophenol,Di,True,0.9739,0.9384,-0.0355,0.9082,0.8636,0.9197,True
cluster365_R7PBA0,R7PBA0,dev,2_aminophenol,Mono,False,0.6027,0.2869,-0.3158,0.4638,0.2692,0.9197,True
cluster365_R7PBA0,R7PBA0,dev,2_aminophenol,Tri,True,0.9535,0.9132,-0.0403,0.9023,0.8636,0.9197,True
cluster365_R7PBA0,R7PBA0,dev,3_methoxytyramine,Di,True,0.7965,0.3031,-0.4934,0.5287,0.2692,0.9197,True
cluster365_R7PBA0,R7PBA0,dev,3_methoxytyramine,Mono,False,0.1328,0.0208,-0.112,0.0915,0.0301,0.9197,True
cluster365_R7PBA0,R7PBA0,dev,3_methoxytyramine,Tri,False,0.5687,0.189,-0.3797,0.4231,0.1127,0.9197,True
cluster365_R7PBA0,R7PBA0,dev,alanine,Di,True,0.9782,0.9779,-0.0003,0.9082,0.9082,0.9197,True
cluster365_R7PBA0,R7PBA0,dev,alanine,Mono,True,0.9761,0.9694,-0.0067,0.9082,0.9082,0.9197,True
cluster365_R7PBA0,R7PBA0,dev,alanine,Tri,False,0.316,0.4382,0.1222,0.2692,0.3936,0.9197,True
cluster365_R7PBA0,R7PBA0,dev,arginine,Di,False,0.0126,0.0107,-0.0019,0.0137,0.0101,0.9197,True
cluster365_R7PBA0,R7PBA0,dev,arginine,Mono,False,0.0067,0.0043,-0.0024,0.0101,0.0101,0.9197,True
cluster365_R7PBA0,R7PBA0,dev,arginine,Tri,False,0.0228,0.0313,0.0085,0.0345,0.0409,0.9197,True
cluster365_R7PBA0,R7PBA0,dev,asparagine,Di,False,0.0896,0.0871,-0.0025,0.0529,0.0529,0.9197,True
cluster365_R7PBA0,R7PBA0,dev,asparagine,Mono,False,0.0921,0.0673,-0.0248,0.0714,0.0529,0.9197,True
cluster365_R7PBA0,R7PBA0,dev,asparagine,Tri,True,0.8945,0.9136,0.0191,0.8571,0.8636,0.9197,True
cluster365_R7PBA0,R7PBA0,dev,cadaverine,Di,False,0.0093,0.0066,-0.0027,0.0101,0.0101,0.9197,True
cluster365_R7PBA0,R7PBA0,dev,cadaverine,Mono,False,0.0041,0.0022,-0.0019,0.0101,0.0023,0.9197,True
cluster365_R7PBA0,R7PBA0,dev,cadaverine,Tri,False,0.009,0.0096,0.0006,0.0101,0.0101,0.9197,True
cluster365_R7PBA0,R7PBA0,dev,citrulline,Di,False,0.0391,0.0554,0.0163,0.0529,0.0529,0.9197,True
cluster365_R7PBA0,R7PBA0,dev,citrulline,Mono,False,0.0166,0.0152,-0.0014,0.0202,0.0202,0.9197,True
cluster365_R7PBA0,R7PBA0,dev,citrulline,Tri,False,0.0097,0.017,0.0073,0.0101,0.0202,0.9197,True
cluster365_R7PBA0,R7PBA0,dev,cystine,Di,False,0.0391,0.0185,-0.0206,0.0529,0.0202,0.9197,True
cluster365_R7PBA0,R7PBA0,dev,cystine,Mono,False,0.0141,0.0049,-0.0092,0.0202,0.0101,0.9197,True
cluster365_R7PBA0,R7PBA0,dev,cystine,Tri,False,0.0373,0.0215,-0.0158,0.0529,0.0301,0.9197,True
cluster365_R7PBA0,R7PBA0,dev,dopamine,Di,True,0.8038,0.4198,-0.384,0.7,0.2815,0.9197,True
cluster365_R7PBA0,R7PBA0,dev,dopamine,Mono,False,0.4311,0.1485,-0.2826,0.3936,0.1127,0.9197,True
cluster365_R7PBA0,R7PBA0,dev,dopamine,Tri,True,0.9743,0.9162,-0.0581,0.9082,0.8636,0.9197,True
cluster365_R7PBA0,R7PBA0,dev,gaba,Di,True,0.9917,0.9912,-0.0005,0.9214,0.9214,0.9197,True
cluster365_R7PBA0,R7PBA0,dev,gaba,Mono,True,0.9933,0.9912,-0.0021,0.9214,0.9214,0.9197,True
cluster365_R7PBA0,R7PBA0,dev,gaba,Tri,True,0.9922,0.9941,0.0019,0.9214,0.9214,0.9197,True
cluster365_R7PBA0,R7PBA0,dev,glutamine,Di,False,0.0883,0.1759,0.0876,0.0529,0.1127,0.9197,True
cluster365_R7PBA0,R7PBA0,dev,glutamine,Mono,False,0.5416,0.6252,0.0836,0.4014,0.4857,0.9197,True
cluster365_R7PBA0,R7PBA0,dev,glutamine,Tri,False,0.0465,0.1217,0.0752,0.0529,0.0915,0.9197,True
cluster365_R7PBA0,R7PBA0,dev,glyglycine,Di,False,0.0175,0.0112,-0.0063,0.0202,0.0101,0.9197,True
cluster365_R7PBA0,R7PBA0,dev,glyglycine,Mono,False,0.0159,0.0084,-0.0075,0.0202,0.0101,0.9197,True
cluster365_R7PBA0,R7PBA0,dev,glyglycine,Tri,False,0.0689,0.0867,0.0178,0.0529,0.0529,0.9197,True
cluster365_R7PBA0,R7PBA0,dev,histidine,Di,False,0.0016,0.0018,0.0002,0.0023,0.0023,0.9197,True
cluster365_R7PBA0,R7PBA0,dev,histidine,Mono,False,0.0016,0.0011,-0.0005,0.0023,0.0023,0.9197,True
cluster365_R7PBA0,R7PBA0,dev,histidine,Tri,False,0.0094,0.0137,0.0043,0.0101,0.0202,0.9197,True
cluster365_R7PBA0,R7PBA0,dev,lysine,Di,False,0.2822,0.2806,-0.0016,0.1915,0.1915,0.9197,True
cluster365_R7PBA0,R7PBA0,dev,lysine,Mono,False,0.0608,0.0293,-0.0315,0.0529,0.0391,0.9197,True
cluster365_R7PBA0,R7PBA0,dev,lysine,Tri,False,0.0277,0.0261,-0.0016,0.0391,0.0391,0.9197,True
cluster365_R7PBA0,R7PBA0,dev,methionine,Di,False,0.0734,0.0864,0.013,0.0529,0.0529,0.9197,True
cluster365_R7PBA0,R7PBA0,dev,methionine,Mono,False,0.1027,0.0932,-0.0095,0.0915,0.0714,0.9197,True
cluster365_R7PBA0,R7PBA0,dev,methionine,Tri,False,0.0949,0.1405,0.0456,0.0714,0.0915,0.9197,True
cluster365_R7PBA0,R7PBA0,dev,ornithine,Di,True,0.8166,0.2088,-0.6078,0.7,0.1127,0.9197,True
cluster365_R7PBA0,R7PBA0,dev,ornithine,Mono,True,0.6847,0.0757,-0.609,0.5287,0.0529,0.9197,True
cluster365_R7PBA0,R7PBA0,dev,ornithine,Tri,False,0.2863,0.0497,-0.2366,0.2692,0.0529,0.9197,True
cluster365_R7PBA0,R7PBA0,dev,phenylalanine,Di,True,0.9724,0.9675,-0.0049,0.9082,0.9082,0.9197,True
cluster365_R7PBA0,R7PBA0,dev,phenylalanine,Mono,False,0.3929,0.2378,-0.1551,0.2815,0.1455,0.9197,True
cluster365_R7PBA0,R7PBA0,dev,phenylalanine,Tri,True,0.9654,0.9672,0.0018,0.9023,0.9082,0.9197,True
cluster365_R7PBA0,R7PBA0,dev,proline,Di,False,0.0105,0.006,-0.0045,0.0101,0.0101,0.9197,True
cluster365_R7PBA0,R7PBA0,dev,proline,Mono,False,0.016,0.0052,-0.0108,0.0202,0.0101,0.9197,True
cluster365_R7PBA0,R7PBA0,dev,proline,Tri,False,0.0752,0.0595,-0.0157,0.0529,0.0529,0.9197,True
cluster365_R7PBA0,R7PBA0,dev,putrescine,Di,False,0.0096,0.0067,-0.0029,0.0101,0.0101,0.9197,True
cluster365_R7PBA0,R7PBA0,dev,putrescine,Mono,False,0.0041,0.0022,-0.0019,0.0101,0.0023,0.9197,True
cluster365_R7PBA0,R7PBA0,dev,putrescine,Tri,False,0.0093,0.0096,0.0003,0.0101,0.0101,0.9197,True
cluster365_R7PBA0,R7PBA0,dev,serine,Di,False,0.4703,0.3313,-0.139,0.4014,0.2692,0.9197,True
cluster365_R7PBA0,R7PBA0,dev,serine,Mono,True,0.6216,0.394,-0.2276,0.4706,0.2815,0.9197,True
cluster365_R7PBA0,R7PBA0,dev,serine,Tri,False,0.2326,0.2116,-0.021,0.1455,0.1127,0.9197,True
cluster365_R7PBA0,R7PBA0,dev,serotonin,Di,False,0.1588,0.0239,-0.1349,0.1127,0.0391,0.9197,True
cluster365_R7PBA0,R7PBA0,dev,serotonin,Mono,True,0.7157,0.2118,-0.5039,0.5287,0.1127,0.9197,True
cluster365_R7PBA0,R7PBA0,dev,serotonin,Tri,False,0.0979,0.0218,-0.0761,0.0915,0.0301,0.9197,True
cluster365_R7PBA0,R7PBA0,dev,threonine,Di,False,0.0458,0.0603,0.0145,0.0529,0.0529,0.9197,True
cluster365_R7PBA0,R7PBA0,dev,threonine,Mono,False,0.1155,0.1175,0.002,0.0915,0.0915,0.9197,True
cluster365_R7PBA0,R7PBA0,dev,threonine,Tri,False,0.0053,0.0098,0.0045,0.0101,0.0101,0.9197,True
cluster365_R7PBA0,R7PBA0,dev,tryptamine,Di,False,0.0156,0.0048,-0.0108,0.0202,0.0101,0.9197,True
cluster365_R7PBA0,R7PBA0,dev,tryptamine,Mono,False,0.0064,0.0015,-0.0049,0.0101,0.0023,0.9197,True
cluster365_R7PBA0,R7PBA0,dev,tryptamine,Tri,False,0.0249,0.0116,-0.0133,0.0391,0.0114,0.9197,True
cluster365_R7PBA0,R7PBA0,dev,tyramine,Di,False,0.1041,0.0351,-0.069,0.0915,0.0409,0.9197,True
cluster365_R7PBA0,R7PBA0,dev,tyramine,Mono,False,0.4214,0.2144,-0.207,0.2815,0.1127,0.9197,True
cluster365_R7PBA0,R7PBA0,dev,tyramine,Tri,False,0.077,0.0365,-0.0405,0.0529,0.0529,0.9197,True
cluster369_A0A412TTM9,A0A412TTM9,dev,"2,3_diaminopropionic acid",Di,False,0.1517,0.0911,-0.0606,0.1127,0.0529,0.9382,True
cluster369_A0A412TTM9,A0A412TTM9,dev,"2,3_diaminopropionic acid",Mono,False,0.0687,0.0447,-0.024,0.0529,0.0529,0.9382,True
cluster369_A0A412TTM9,A0A412TTM9,dev,"2,3_diaminopropionic acid",Tri,True,0.6646,0.6165,-0.0481,0.5287,0.4706,0.9382,True
cluster369_A0A412TTM9,A0A412TTM9,dev,2_aminophenol,Di,True,0.9882,0.941,-0.0472,0.9214,0.8696,0.9382,True
cluster369_A0A412TTM9,A0A412TTM9,dev,2_aminophenol,Mono,True,0.7619,0.3417,-0.4202,0.5287,0.28,0.9382,True
cluster369_A0A412TTM9,A0A412TTM9,dev,2_aminophenol,Tri,True,0.9757,0.9154,-0.0603,0.9082,0.8636,0.9382,True
cluster369_A0A412TTM9,A0A412TTM9,dev,3_methoxytyramine,Di,True,0.7514,0.2581,-0.4933,0.5287,0.1757,0.9382,True
cluster369_A0A412TTM9,A0A412TTM9,dev,3_methoxytyramine,Mono,False,0.0688,0.0244,-0.0444,0.0529,0.0391,0.9382,True
cluster369_A0A412TTM9,A0A412TTM9,dev,3_methoxytyramine,Tri,False,0.5501,0.2006,-0.3495,0.4014,0.1127,0.9382,True
cluster369_A0A412TTM9,A0A412TTM9,dev,alanine,Di,True,0.9779,0.9745,-0.0034,0.9082,0.9082,0.9382,True
cluster369_A0A412TTM9,A0A412TTM9,dev,alanine,Mono,True,0.9641,0.9656,0.0015,0.9023,0.9023,0.9382,True
cluster369_A0A412TTM9,A0A412TTM9,dev,alanine,Tri,False,0.3121,0.5619,0.2498,0.2692,0.4231,0.9382,True
cluster369_A0A412TTM9,A0A412TTM9,dev,arginine,Di,False,0.0046,0.0089,0.0043,0.0101,0.0101,0.9382,True
cluster369_A0A412TTM9,A0A412TTM9,dev,arginine,Mono,False,0.0018,0.0033,0.0015,0.0023,0.0101,0.9382,True
cluster369_A0A412TTM9,A0A412TTM9,dev,arginine,Tri,False,0.0101,0.0277,0.0176,0.0101,0.0391,0.9382,True
cluster369_A0A412TTM9,A0A412TTM9,dev,asparagine,Di,False,0.0695,0.1024,0.0329,0.0529,0.0915,0.9382,True
cluster369_A0A412TTM9,A0A412TTM9,dev,asparagine,Mono,False,0.0432,0.0655,0.0223,0.0529,0.0529,0.9382,True
cluster369_A0A412TTM9,A0A412TTM9,dev,asparagine,Tri,True,0.901,0.8992,-0.0018,0.8571,0.8571,0.9382,True
cluster369_A0A412TTM9,A0A412TTM9,dev,cadaverine,Di,False,0.0049,0.0078,0.0029,0.0101,0.0101,0.9382,True
cluster369_A0A412TTM9,A0A412TTM9,dev,cadaverine,Mono,False,0.0014,0.0022,0.0008,0.0023,0.0023,0.9382,True
cluster369_A0A412TTM9,A0A412TTM9,dev,cadaverine,Tri,False,0.0066,0.0103,0.0037,0.0101,0.0101,0.9382,True
cluster369_A0A412TTM9,A0A412TTM9,dev,citrulline,Di,False,0.0206,0.0812,0.0606,0.0301,0.0529,0.9382,True
cluster369_A0A412TTM9,A0A412TTM9,dev,citrulline,Mono,False,0.0065,0.0175,0.011,0.0101,0.0202,0.9382,True
cluster369_A0A412TTM9,A0A412TTM9,dev,citrulline,Tri,False,0.0056,0.0223,0.0167,0.0101,0.0301,0.9382,True
cluster369_A0A412TTM9,A0A412TTM9,dev,cystine,Di,False,0.0305,0.0197,-0.0108,0.0409,0.0301,0.9382,True
cluster369_A0A412TTM9,A0A412TTM9,dev,cystine,Mono,False,0.0071,0.006,-0.0011,0.0101,0.0101,0.9382,True
cluster369_A0A412TTM9,A0A412TTM9,dev,cystine,Tri,False,0.0309,0.0268,-0.0041,0.0409,0.0391,0.9382,True
cluster369_A0A412TTM9,A0A412TTM9,dev,dopamine,Di,True,0.7394,0.3876,-0.3518,0.5287,0.2815,0.9382,True
cluster369_A0A412TTM9,A0A412TTM9,dev,dopamine,Mono,False,0.2639,0.1357,-0.1282,0.1875,0.0915,0.9382,True
cluster369_A0A412TTM9,A0A412TTM9,dev,dopamine,Tri,True,0.9711,0.9195,-0.0516,0.9082,0.8636,0.9382,True
cluster369_A0A412TTM9,A0A412TTM9,dev,gaba,Di,True,0.9902,0.993,0.0028,0.9214,0.9214,0.9382,True
cluster369_A0A412TTM9,A0A412TTM9,dev,gaba,Mono,True,0.9898,0.9935,0.0037,0.9214,0.9214,0.9382,True
cluster369_A0A412TTM9,A0A412TTM9,dev,gaba,Tri,True,0.9915,0.9943,0.0028,0.9214,0.9214,0.9382,True
cluster369_A0A412TTM9,A0A412TTM9,dev,glutamine,Di,False,0.0557,0.2273,0.1716,0.0529,0.1455,0.9382,True
cluster369_A0A412TTM9,A0A412TTM9,dev,glutamine,Mono,False,0.3534,0.6899,0.3365,0.2815,0.5287,0.9382,True
cluster369_A0A412TTM9,A0A412TTM9,dev,glutamine,Tri,False,0.0285,0.1457,0.1172,0.0391,0.0915,0.9382,True
cluster369_A0A412TTM9,A0A412TTM9,dev,glyglycine,Di,False,0.0118,0.0127,0.0009,0.0114,0.0137,0.9382,True
cluster369_A0A412TTM9,A0A412TTM9,dev,glyglycine,Mono,False,0.0072,0.0092,0.002,0.0101,0.0101,0.9382,True
cluster369_A0A412TTM9,A0A412TTM9,dev,glyglycine,Tri,False,0.0535,0.0816,0.0281,0.0529,0.0529,0.9382,True
cluster369_A0A412TTM9,A0A412TTM9,dev,histidine,Di,False,0.0008,0.0021,0.0013,0.0023,0.0023,0.9382,True
cluster369_A0A412TTM9,A0A412TTM9,dev,histidine,Mono,False,0.0005,0.0011,0.0006,0.0,0.0023,0.9382,True
cluster369_A0A412TTM9,A0A412TTM9,dev,histidine,Tri,False,0.006,0.0173,0.0113,0.0101,0.0202,0.9382,True
cluster369_A0A412TTM9,A0A412TTM9,dev,lysine,Di,False,0.1059,0.2908,0.1849,0.0915,0.2692,0.9382,True
cluster369_A0A412TTM9,A0A412TTM9,dev,lysine,Mono,False,0.0151,0.0277,0.0126,0.0202,0.0391,0.9382,True
cluster369_A0A412TTM9,A0A412TTM9,dev,lysine,Tri,False,0.0122,0.0275,0.0153,0.0114,0.0391,0.9382,True
cluster369_A0A412TTM9,A0A412TTM9,dev,methionine,Di,False,0.045,0.1141,0.0691,0.0529,0.0915,0.9382,True
cluster369_A0A412TTM9,A0A412TTM9,dev,methionine,Mono,False,0.0504,0.1233,0.0729,0.0529,0.0915,0.9382,True
cluster369_A0A412TTM9,A0A412TTM9,dev,methionine,Tri,False,0.0751,0.2022,0.1271,0.0529,0.1127,0.9382,True
cluster369_A0A412TTM9,A0A412TTM9,dev,ornithine,Di,False,0.2011,0.2127,0.0116,0.1127,0.1127,0.9382,True
cluster369_A0A412TTM9,A0A412TTM9,dev,ornithine,Mono,False,0.077,0.0666,-0.0104,0.0529,0.0529,0.9382,True
cluster369_A0A412TTM9,A0A412TTM9,dev,ornithine,Tri,False,0.0379,0.0506,0.0127,0.0529,0.0529,0.9382,True
cluster369_A0A412TTM9,A0A412TTM9,dev,phenylalanine,Di,True,0.9699,0.9539,-0.016,0.9082,0.9023,0.9382,True
cluster369_A0A412TTM9,A0A412TTM9,dev,phenylalanine,Mono,False,0.3655,0.2191,-0.1464,0.2815,0.1127,0.9382,True
cluster369_A0A412TTM9,A0A412TTM9,dev,phenylalanine,Tri,True,0.9672,0.9503,-0.0169,0.9082,0.9023,0.9382,True
cluster369_A0A412TTM9,A0A412TTM9,dev,proline,Di,False,0.0053,0.0104,0.0051,0.0101,0.0101,0.9382,True
cluster369_A0A412TTM9,A0A412TTM9,dev,proline,Mono,False,0.0043,0.0069,0.0026,0.0101,0.0101,0.9382,True
cluster369_A0A412TTM9,A0A412TTM9,dev,proline,Tri,False,0.0329,0.0975,0.0646,0.0409,0.0915,0.9382,True
cluster369_A0A412TTM9,A0A412TTM9,dev,putrescine,Di,False,0.0051,0.0081,0.003,0.0101,0.0101,0.9382,True
cluster369_A0A412TTM9,A0A412TTM9,dev,putrescine,Mono,False,0.0015,0.0022,0.0007,0.0023,0.0023,0.9382,True
cluster369_A0A412TTM9,A0A412TTM9,dev,putrescine,Tri,False,0.0068,0.0102,0.0034,0.0101,0.0101,0.9382,True
cluster369_A0A412TTM9,A0A412TTM9,dev,serine,Di,False,0.1897,0.2929,0.1032,0.1127,0.2692,0.9382,True
cluster369_A0A412TTM9,A0A412TTM9,dev,serine,Mono,False,0.2327,0.329,0.0963,0.1455,0.2692,0.9382,True
cluster369_A0A412TTM9,A0A412TTM9,dev,serine,Tri,False,0.1037,0.1992,0.0955,0.0915,0.1127,0.9382,True
cluster369_A0A412TTM9,A0A412TTM9,dev,serotonin,Di,False,0.0259,0.0179,-0.008,0.0391,0.0202,0.9382,True
cluster369_A0A412TTM9,A0A412TTM9,dev,serotonin,Mono,False,0.2839,0.2403,-0.0436,0.1915,0.1757,0.9382,True
cluster369_A0A412TTM9,A0A412TTM9,dev,serotonin,Tri,False,0.0191,0.0163,-0.0028,0.0202,0.0202,0.9382,True
cluster369_A0A412TTM9,A0A412TTM9,dev,threonine,Di,False,0.0245,0.0739,0.0494,0.0391,0.0529,0.9382,True
cluster369_A0A412TTM9,A0A412TTM9,dev,threonine,Mono,False,0.0429,0.1182,0.0753,0.0529,0.0915,0.9382,True
cluster369_A0A412TTM9,A0A412TTM9,dev,threonine,Tri,False,0.0032,0.0142,0.011,0.0101,0.0202,0.9382,True
cluster369_A0A412TTM9,A0A412TTM9,dev,tryptamine,Di,False,0.0086,0.0043,-0.0043,0.0101,0.0101,0.9382,True
cluster369_A0A412TTM9,A0A412TTM9,dev,tryptamine,Mono,False,0.0022,0.0015,-0.0007,0.0023,0.0023,0.9382,True
cluster369_A0A412TTM9,A0A412TTM9,dev,tryptamine,Tri,False,0.022,0.0116,-0.0104,0.0301,0.0114,0.9382,True
cluster369_A0A412TTM9,A0A412TTM9,dev,tyramine,Di,False,0.0469,0.0274,-0.0195,0.0529,0.0391,0.9382,True
cluster369_A0A412TTM9,A0A412TTM9,dev,tyramine,Mono,False,0.3203,0.2436,-0.0767,0.2692,0.1757,0.9382,True
cluster369_A0A412TTM9,A0A412TTM9,dev,tyramine,Tri,False,0.0381,0.0271,-0.011,0.0529,0.0391,0.9382,True
cluster38_A0A1M3L7G3,A0A1M3L7G3,dev,"2,3_diaminopropionic acid",Di,False,0.0771,0.0948,0.0177,0.0529,0.0714,0.9325,True
cluster38_A0A1M3L7G3,A0A1M3L7G3,dev,"2,3_diaminopropionic acid",Mono,False,0.0502,0.055,0.0048,0.0529,0.0529,0.9325,True
cluster38_A0A1M3L7G3,A0A1M3L7G3,dev,"2,3_diaminopropionic acid",Tri,False,0.459,0.6176,0.1586,0.3936,0.4706,0.9325,True
cluster38_A0A1M3L7G3,A0A1M3L7G3,dev,2_aminophenol,Di,True,0.9597,0.9457,-0.014,0.9023,0.9023,0.9325,True
cluster38_A0A1M3L7G3,A0A1M3L7G3,dev,2_aminophenol,Mono,False,0.4238,0.4035,-0.0203,0.2815,0.2815,0.9325,True
cluster38_A0A1M3L7G3,A0A1M3L7G3,dev,2_aminophenol,Tri,True,0.9262,0.9143,-0.0119,0.8636,0.8636,0.9325,True
cluster38_A0A1M3L7G3,A0A1M3L7G3,dev,3_methoxytyramine,Di,True,0.7492,0.3037,-0.4455,0.5287,0.2692,0.9325,True
cluster38_A0A1M3L7G3,A0A1M3L7G3,dev,3_methoxytyramine,Mono,False,0.0743,0.0344,-0.0399,0.0529,0.0409,0.9325,True
cluster38_A0A1M3L7G3,A0A1M3L7G3,dev,3_methoxytyramine,Tri,False,0.5166,0.2155,-0.3011,0.4014,0.1127,0.9325,True
cluster38_A0A1M3L7G3,A0A1M3L7G3,dev,alanine,Di,True,0.9694,0.9739,0.0045,0.9082,0.9082,0.9325,True
cluster38_A0A1M3L7G3,A0A1M3L7G3,dev,alanine,Mono,True,0.962,0.9688,0.0068,0.9023,0.9082,0.9325,True
cluster38_A0A1M3L7G3,A0A1M3L7G3,dev,alanine,Tri,False,0.1912,0.569,0.3778,0.1127,0.4231,0.9325,True
cluster38_A0A1M3L7G3,A0A1M3L7G3,dev,arginine,Di,False,0.0051,0.0067,0.0016,0.0101,0.0101,0.9325,True
cluster38_A0A1M3L7G3,A0A1M3L7G3,dev,arginine,Mono,False,0.0027,0.0029,0.0002,0.0101,0.0101,0.9325,True
cluster38_A0A1M3L7G3,A0A1M3L7G3,dev,arginine,Tri,False,0.0098,0.0246,0.0148,0.0101,0.0391,0.9325,True
cluster38_A0A1M3L7G3,A0A1M3L7G3,dev,asparagine,Di,False,0.0582,0.0909,0.0327,0.0529,0.0529,0.9325,True
cluster38_A0A1M3L7G3,A0A1M3L7G3,dev,asparagine,Mono,False,0.064,0.0726,0.0086,0.0529,0.0529,0.9325,True
cluster38_A0A1M3L7G3,A0A1M3L7G3,dev,asparagine,Tri,True,0.8773,0.8957,0.0184,0.7,0.8571,0.9325,True
cluster38_A0A1M3L7G3,A0A1M3L7G3,dev,cadaverine,Di,False,0.0038,0.0057,0.0019,0.0101,0.0101,0.9325,True
cluster38_A0A1M3L7G3,A0A1M3L7G3,dev,cadaverine,Mono,False,0.0013,0.0022,0.0009,0.0023,0.0023,0.9325,True
cluster38_A0A1M3L7G3,A0A1M3L7G3,dev,cadaverine,Tri,False,0.0032,0.008,0.0048,0.0101,0.0101,0.9325,True
cluster38_A0A1M3L7G3,A0A1M3L7G3,dev,citrulline,Di,False,0.0248,0.0648,0.04,0.0391,0.0529,0.9325,True
cluster38_A0A1M3L7G3,A0A1M3L7G3,dev,citrulline,Mono,False,0.0084,0.0173,0.0089,0.0101,0.0202,0.9325,True
cluster38_A0A1M3L7G3,A0A1M3L7G3,dev,citrulline,Tri,False,0.0052,0.0178,0.0126,0.0101,0.0202,0.9325,True
cluster38_A0A1M3L7G3,A0A1M3L7G3,dev,cystine,Di,False,0.0232,0.0249,0.0017,0.0345,0.0391,0.9325,True
cluster38_A0A1M3L7G3,A0A1M3L7G3,dev,cystine,Mono,False,0.0071,0.0087,0.0016,0.0101,0.0101,0.9325,True
cluster38_A0A1M3L7G3,A0A1M3L7G3,dev,cystine,Tri,False,0.0201,0.0294,0.0093,0.0301,0.0391,0.9325,True
cluster38_A0A1M3L7G3,A0A1M3L7G3,dev,dopamine,Di,True,0.7671,0.4447,-0.3224,0.5287,0.3936,0.9325,True
cluster38_A0A1M3L7G3,A0A1M3L7G3,dev,dopamine,Mono,False,0.2868,0.1779,-0.1089,0.2692,0.1127,0.9325,True
cluster38_A0A1M3L7G3,A0A1M3L7G3,dev,dopamine,Tri,True,0.9677,0.9285,-0.0392,0.9082,0.8636,0.9325,True
cluster38_A0A1M3L7G3,A0A1M3L7G3,dev,gaba,Di,True,0.9916,0.9871,-0.0045,0.9214,0.9214,0.9325,True
cluster38_A0A1M3L7G3,A0A1M3L7G3,dev,gaba,Mono,True,0.9945,0.9893,-0.0052,0.9214,0.9214,0.9325,True
cluster38_A0A1M3L7G3,A0A1M3L7G3,dev,gaba,Tri,True,0.9922,0.9888,-0.0034,0.9214,0.9214,0.9325,True
cluster38_A0A1M3L7G3,A0A1M3L7G3,dev,glutamine,Di,False,0.143,0.2064,0.0634,0.0915,0.1127,0.9325,True
cluster38_A0A1M3L7G3,A0A1M3L7G3,dev,glutamine,Mono,True,0.7754,0.7158,-0.0596,0.5287,0.5287,0.9325,True
cluster38_A0A1M3L7G3,A0A1M3L7G3,dev,glutamine,Tri,False,0.084,0.148,0.064,0.0529,0.0993,0.9325,True
cluster38_A0A1M3L7G3,A0A1M3L7G3,dev,glyglycine,Di,False,0.0065,0.0117,0.0052,0.0101,0.0114,0.9325,True
cluster38_A0A1M3L7G3,A0A1M3L7G3,dev,glyglycine,Mono,False,0.0055,0.01,0.0045,0.0101,0.0101,0.9325,True
cluster38_A0A1M3L7G3,A0A1M3L7G3,dev,glyglycine,Tri,False,0.0273,0.0699,0.0426,0.0391,0.0529,0.9325,True
cluster38_A0A1M3L7G3,A0A1M3L7G3,dev,histidine,Di,False,0.001,0.0021,0.0011,0.0023,0.0023,0.9325,True
cluster38_A0A1M3L7G3,A0A1M3L7G3,dev,histidine,Mono,False,0.001,0.0018,0.0008,0.0023,0.0023,0.9325,True
cluster38_A0A1M3L7G3,A0A1M3L7G3,dev,histidine,Tri,False,0.0068,0.0144,0.0076,0.0101,0.0202,0.9325,True
cluster38_A0A1M3L7G3,A0A1M3L7G3,dev,lysine,Di,False,0.1373,0.2847,0.1474,0.0915,0.1915,0.9325,True
cluster38_A0A1M3L7G3,A0A1M3L7G3,dev,lysine,Mono,False,0.0194,0.0321,0.0127,0.0202,0.0409,0.9325,True
cluster38_A0A1M3L7G3,A0A1M3L7G3,dev,lysine,Tri,False,0.0101,0.0253,0.0152,0.0101,0.0391,0.9325,True
cluster38_A0A1M3L7G3,A0A1M3L7G3,dev,methionine,Di,False,0.0492,0.1101,0.0609,0.0529,0.0915,0.9325,True
cluster38_A0A1M3L7G3,A0A1M3L7G3,dev,methionine,Mono,False,0.0625,0.1461,0.0836,0.0529,0.0915,0.9325,True
cluster38_A0A1M3L7G3,A0A1M3L7G3,dev,methionine,Tri,False,0.0587,0.1731,0.1144,0.0529,0.1127,0.9325,True
cluster38_A0A1M3L7G3,A0A1M3L7G3,dev,ornithine,Di,False,0.176,0.1507,-0.0253,0.1127,0.1127,0.9325,True
cluster38_A0A1M3L7G3,A0A1M3L7G3,dev,ornithine,Mono,False,0.0805,0.052,-0.0285,0.0529,0.0529,0.9325,True
cluster38_A0A1M3L7G3,A0A1M3L7G3,dev,ornithine,Tri,False,0.0317,0.0349,0.0032,0.0409,0.0409,0.9325,True
cluster38_A0A1M3L7G3,A0A1M3L7G3,dev,phenylalanine,Di,True,0.9697,0.9713,0.0016,0.9082,0.9082,0.9325,True
cluster38_A0A1M3L7G3,A0A1M3L7G3,dev,phenylalanine,Mono,False,0.2745,0.3191,0.0446,0.1915,0.2692,0.9325,True
cluster38_A0A1M3L7G3,A0A1M3L7G3,dev,phenylalanine,Tri,True,0.9577,0.9629,0.0052,0.9023,0.9023,0.9325,True
cluster38_A0A1M3L7G3,A0A1M3L7G3,dev,proline,Di,False,0.004,0.0068,0.0028,0.0101,0.0101,0.9325,True
cluster38_A0A1M3L7G3,A0A1M3L7G3,dev,proline,Mono,False,0.0068,0.0075,0.0007,0.0101,0.0101,0.9325,True
cluster38_A0A1M3L7G3,A0A1M3L7G3,dev,proline,Tri,False,0.0465,0.0944,0.0479,0.0529,0.0714,0.9325,True
cluster38_A0A1M3L7G3,A0A1M3L7G3,dev,putrescine,Di,False,0.0038,0.0057,0.0019,0.0101,0.0101,0.9325,True
cluster38_A0A1M3L7G3,A0A1M3L7G3,dev,putrescine,Mono,False,0.0013,0.0022,0.0009,0.0023,0.0023,0.9325,True
cluster38_A0A1M3L7G3,A0A1M3L7G3,dev,putrescine,Tri,False,0.0032,0.0077,0.0045,0.0101,0.0101,0.9325,True
cluster38_A0A1M3L7G3,A0A1M3L7G3,dev,serine,Di,False,0.1574,0.3881,0.2307,0.1127,0.2815,0.9325,True
cluster38_A0A1M3L7G3,A0A1M3L7G3,dev,serine,Mono,False,0.194,0.4328,0.2388,0.1127,0.3936,0.9325,True
cluster38_A0A1M3L7G3,A0A1M3L7G3,dev,serine,Tri,False,0.0806,0.1994,0.1188,0.0529,0.1127,0.9325,True
cluster38_A0A1M3L7G3,A0A1M3L7G3,dev,serotonin,Di,False,0.0811,0.0246,-0.0565,0.0529,0.0391,0.9325,True
cluster38_A0A1M3L7G3,A0A1M3L7G3,dev,serotonin,Mono,True,0.6951,0.3775,-0.3176,0.5287,0.2815,0.9325,True
cluster38_A0A1M3L7G3,A0A1M3L7G3,dev,serotonin,Tri,False,0.0573,0.0257,-0.0316,0.0529,0.0391,0.9325,True
cluster38_A0A1M3L7G3,A0A1M3L7G3,dev,threonine,Di,False,0.0198,0.0695,0.0497,0.0301,0.0529,0.9325,True
cluster38_A0A1M3L7G3,A0A1M3L7G3,dev,threonine,Mono,False,0.0392,0.1197,0.0805,0.0529,0.0915,0.9325,True
cluster38_A0A1M3L7G3,A0A1M3L7G3,dev,threonine,Tri,False,0.0026,0.0088,0.0062,0.0101,0.0101,0.9325,True
cluster38_A0A1M3L7G3,A0A1M3L7G3,dev,tryptamine,Di,False,0.0083,0.0039,-0.0044,0.0101,0.0101,0.9325,True
cluster38_A0A1M3L7G3,A0A1M3L7G3,dev,tryptamine,Mono,False,0.0026,0.0016,-0.001,0.0101,0.0023,0.9325,True
cluster38_A0A1M3L7G3,A0A1M3L7G3,dev,tryptamine,Tri,False,0.0159,0.0105,-0.0054,0.0202,0.0101,0.9325,True
cluster38_A0A1M3L7G3,A0A1M3L7G3,dev,tyramine,Di,False,0.0525,0.0353,-0.0172,0.0529,0.0409,0.9325,True
cluster38_A0A1M3L7G3,A0A1M3L7G3,dev,tyramine,Mono,False,0.3786,0.3056,-0.073,0.2815,0.2692,0.9325,True
cluster38_A0A1M3L7G3,A0A1M3L7G3,dev,tyramine,Tri,False,0.0395,0.0306,-0.0089,0.0529,0.0409,0.9325,True
cluster395_A0A1Y3YYW1,A0A1Y3YYW1,,"2,3_diaminopropionic acid",Di,,0.0243,0.0439,0.0196,0.0391,0.0529,0.9208,True
cluster395_A0A1Y3YYW1,A0A1Y3YYW1,,"2,3_diaminopropionic acid",Mono,,0.0135,0.0224,0.0089,0.0137,0.0345,0.9208,True
cluster395_A0A1Y3YYW1,A0A1Y3YYW1,,"2,3_diaminopropionic acid",Tri,,0.1729,0.4269,0.254,0.1127,0.3936,0.9208,True
cluster395_A0A1Y3YYW1,A0A1Y3YYW1,,2_aminophenol,Di,,0.7095,0.8853,0.1758,0.5287,0.8235,0.9208,True
cluster395_A0A1Y3YYW1,A0A1Y3YYW1,,2_aminophenol,Mono,,0.2142,0.2073,-0.0069,0.1127,0.1127,0.9208,True
cluster395_A0A1Y3YYW1,A0A1Y3YYW1,,2_aminophenol,Tri,,0.6168,0.8259,0.2091,0.4706,0.7,0.9208,True
cluster395_A0A1Y3YYW1,A0A1Y3YYW1,,3_methoxytyramine,Di,,0.2634,0.1854,-0.078,0.1875,0.1127,0.9208,True
cluster395_A0A1Y3YYW1,A0A1Y3YYW1,,3_methoxytyramine,Mono,,0.0153,0.0156,0.0003,0.0202,0.0202,0.9208,True
cluster395_A0A1Y3YYW1,A0A1Y3YYW1,,3_methoxytyramine,Tri,,0.1287,0.1193,-0.0094,0.0915,0.0915,0.9208,True
cluster395_A0A1Y3YYW1,A0A1Y3YYW1,,alanine,Di,,0.6828,0.9563,0.2735,0.5287,0.9023,0.9208,True
cluster395_A0A1Y3YYW1,A0A1Y3YYW1,,alanine,Mono,,0.6533,0.9437,0.2904,0.5287,0.9023,0.9208,True
cluster395_A0A1Y3YYW1,A0A1Y3YYW1,,alanine,Tri,,0.1544,0.3076,0.1532,0.1127,0.2692,0.9208,True
cluster395_A0A1Y3YYW1,A0A1Y3YYW1,,arginine,Di,,0.0014,0.0052,0.0038,0.0023,0.0101,0.9208,True
cluster395_A0A1Y3YYW1,A0A1Y3YYW1,,arginine,Mono,,0.0008,0.0021,0.0013,0.0023,0.0023,0.9208,True
cluster395_A0A1Y3YYW1,A0A1Y3YYW1,,arginine,Tri,,0.0028,0.018,0.0152,0.0101,0.0202,0.9208,True
cluster395_A0A1Y3YYW1,A0A1Y3YYW1,,asparagine,Di,,0.0223,0.0557,0.0334,0.0301,0.0529,0.9208,True
cluster395_A0A1Y3YYW1,A0A1Y3YYW1,,asparagine,Mono,,0.0211,0.0451,0.024,0.0301,0.0529,0.9208,True
cluster395_A0A1Y3YYW1,A0A1Y3YYW1,,asparagine,Tri,,0.6762,0.892,0.2158,0.5287,0.8571,0.9208,True
cluster395_A0A1Y3YYW1,A0A1Y3YYW1,,cadaverine,Di,,0.0017,0.0052,0.0035,0.0023,0.0101,0.9208,True
cluster395_A0A1Y3YYW1,A0A1Y3YYW1,,cadaverine,Mono,,0.0007,0.0017,0.001,0.0,0.0023,0.9208,True
cluster395_A0A1Y3YYW1,A0A1Y3YYW1,,cadaverine,Tri,,0.0024,0.0064,0.004,0.0101,0.0101,0.9208,True
cluster395_A0A1Y3YYW1,A0A1Y3YYW1,,citrulline,Di,,0.0054,0.0353,0.0299,0.0101,0.0409,0.9208,True
cluster395_A0A1Y3YYW1,A0A1Y3YYW1,,citrulline,Mono,,0.0024,0.0096,0.0072,0.0101,0.0101,0.9208,True
cluster395_A0A1Y3YYW1,A0A1Y3YYW1,,citrulline,Tri,,0.0016,0.0103,0.0087,0.0023,0.0101,0.9208,True
cluster395_A0A1Y3YYW1,A0A1Y3YYW1,,cystine,Di,,0.0052,0.0122,0.007,0.0101,0.0114,0.9208,True
cluster395_A0A1Y3YYW1,A0A1Y3YYW1,,cystine,Mono,,0.0018,0.0038,0.002,0.0023,0.0101,0.9208,True
cluster395_A0A1Y3YYW1,A0A1Y3YYW1,,cystine,Tri,,0.0053,0.0137,0.0084,0.0101,0.0202,0.9208,True
cluster395_A0A1Y3YYW1,A0A1Y3YYW1,,dopamine,Di,,0.2707,0.2561,-0.0146,0.1915,0.1757,0.9208,True
cluster395_A0A1Y3YYW1,A0A1Y3YYW1,,dopamine,Mono,,0.0622,0.0833,0.0211,0.0529,0.0529,0.9208,True
cluster395_A0A1Y3YYW1,A0A1Y3YYW1,,dopamine,Tri,,0.751,0.8548,0.1038,0.5287,0.7,0.9208,True
cluster395_A0A1Y3YYW1,A0A1Y3YYW1,,gaba,Di,,0.5683,0.9711,0.4028,0.4231,0.9082,0.9208,True
cluster395_A0A1Y3YYW1,A0A1Y3YYW1,,gaba,Mono,,0.6158,0.9701,0.3543,0.4706,0.9082,0.9208,True
cluster395_A0A1Y3YYW1,A0A1Y3YYW1,,gaba,Tri,,0.6029,0.9742,0.3713,0.4638,0.9082,0.9208,True
cluster395_A0A1Y3YYW1,A0A1Y3YYW1,,glutamine,Di,,0.0284,0.1236,0.0952,0.0391,0.0915,0.9208,True
cluster395_A0A1Y3YYW1,A0A1Y3YYW1,,glutamine,Mono,,0.2959,0.5341,0.2382,0.2692,0.4014,0.9208,True
cluster395_A0A1Y3YYW1,A0A1Y3YYW1,,glutamine,Tri,,0.02,0.0888,0.0688,0.0301,0.0529,0.9208,True
cluster395_A0A1Y3YYW1,A0A1Y3YYW1,,glyglycine,Di,,0.0028,0.0055,0.0027,0.0101,0.0101,0.9208,True
cluster395_A0A1Y3YYW1,A0A1Y3YYW1,,glyglycine,Mono,,0.0025,0.0042,0.0017,0.0101,0.0101,0.9208,True
cluster395_A0A1Y3YYW1,A0A1Y3YYW1,,glyglycine,Tri,,0.0123,0.0303,0.018,0.0114,0.0398,0.9208,True
cluster395_A0A1Y3YYW1,A0A1Y3YYW1,,histidine,Di,,0.0003,0.0008,0.0005,0.0,0.0023,0.9208,True
cluster395_A0A1Y3YYW1,A0A1Y3YYW1,,histidine,Mono,,0.0003,0.0005,0.0002,0.0,0.0,0.9208,True
cluster395_A0A1Y3YYW1,A0A1Y3YYW1,,histidine,Tri,,0.0017,0.0045,0.0028,0.0023,0.0101,0.9208,True
cluster395_A0A1Y3YYW1,A0A1Y3YYW1,,lysine,Di,,0.0391,0.1764,0.1373,0.0529,0.1127,0.9208,True
cluster395_A0A1Y3YYW1,A0A1Y3YYW1,,lysine,Mono,,0.0066,0.0158,0.0092,0.0101,0.0202,0.9208,True
cluster395_A0A1Y3YYW1,A0A1Y3YYW1,,lysine,Tri,,0.0034,0.0142,0.0108,0.0101,0.0202,0.9208,True
cluster395_A0A1Y3YYW1,A0A1Y3YYW1,,methionine,Di,,0.0111,0.056,0.0449,0.0101,0.0529,0.9208,True
cluster395_A0A1Y3YYW1,A0A1Y3YYW1,,methionine,Mono,,0.0173,0.0575,0.0402,0.0202,0.0529,0.9208,True
cluster395_A0A1Y3YYW1,A0A1Y3YYW1,,methionine,Tri,,0.0185,0.0886,0.0701,0.0202,0.0529,0.9208,True
cluster395_A0A1Y3YYW1,A0A1Y3YYW1,,ornithine,Di,,0.1162,0.0984,-0.0178,0.0915,0.0915,0.9208,True
cluster395_A0A1Y3YYW1,A0A1Y3YYW1,,ornithine,Mono,,0.0594,0.0309,-0.0285,0.0529,0.0409,0.9208,True
cluster395_A0A1Y3YYW1,A0A1Y3YYW1,,ornithine,Tri,,0.0166,0.0199,0.0033,0.0202,0.0301,0.9208,True
cluster395_A0A1Y3YYW1,A0A1Y3YYW1,,phenylalanine,Di,,0.6827,0.9512,0.2685,0.5287,0.9023,0.9208,True
cluster395_A0A1Y3YYW1,A0A1Y3YYW1,,phenylalanine,Mono,,0.1114,0.2133,0.1019,0.0915,0.1127,0.9208,True
cluster395_A0A1Y3YYW1,A0A1Y3YYW1,,phenylalanine,Tri,,0.6638,0.9417,0.2779,0.5287,0.8696,0.9208,True
cluster395_A0A1Y3YYW1,A0A1Y3YYW1,,proline,Di,,0.0021,0.0045,0.0024,0.0023,0.0101,0.9208,True
cluster395_A0A1Y3YYW1,A0A1Y3YYW1,,proline,Mono,,0.0032,0.0049,0.0017,0.0101,0.0101,0.9208,True
cluster395_A0A1Y3YYW1,A0A1Y3YYW1,,proline,Tri,,0.0202,0.051,0.0308,0.0301,0.0529,0.9208,True
cluster395_A0A1Y3YYW1,A0A1Y3YYW1,,putrescine,Di,,0.0017,0.0052,0.0035,0.0023,0.0101,0.9208,True
cluster395_A0A1Y3YYW1,A0A1Y3YYW1,,putrescine,Mono,,0.0007,0.0017,0.001,0.0,0.0023,0.9208,True
cluster395_A0A1Y3YYW1,A0A1Y3YYW1,,putrescine,Tri,,0.0025,0.0061,0.0036,0.0101,0.0101,0.9208,True
cluster395_A0A1Y3YYW1,A0A1Y3YYW1,,serine,Di,,0.0608,0.1722,0.1114,0.0529,0.1127,0.9208,True
cluster395_A0A1Y3YYW1,A0A1Y3YYW1,,serine,Mono,,0.093,0.2304,0.1374,0.0714,0.1455,0.9208,True
cluster395_A0A1Y3YYW1,A0A1Y3YYW1,,serine,Tri,,0.0248,0.0886,0.0638,0.0391,0.0529,0.9208,True
cluster395_A0A1Y3YYW1,A0A1Y3YYW1,,serotonin,Di,,0.0161,0.0165,0.0004,0.0202,0.0202,0.9208,True
cluster395_A0A1Y3YYW1,A0A1Y3YYW1,,serotonin,Mono,,0.1942,0.1119,-0.0823,0.1127,0.0915,0.9208,True
cluster395_A0A1Y3YYW1,A0A1Y3YYW1,,serotonin,Tri,,0.0104,0.013,0.0026,0.0101,0.0137,0.9208,True
cluster395_A0A1Y3YYW1,A0A1Y3YYW1,,threonine,Di,,0.0052,0.0258,0.0206,0.0101,0.0391,0.9208,True
cluster395_A0A1Y3YYW1,A0A1Y3YYW1,,threonine,Mono,,0.014,0.0492,0.0352,0.0202,0.0529,0.9208,True
cluster395_A0A1Y3YYW1,A0A1Y3YYW1,,threonine,Tri,,0.0008,0.0037,0.0029,0.0023,0.0101,0.9208,True
cluster395_A0A1Y3YYW1,A0A1Y3YYW1,,tryptamine,Di,,0.0024,0.0032,0.0008,0.0101,0.0101,0.9208,True
cluster395_A0A1Y3YYW1,A0A1Y3YYW1,,tryptamine,Mono,,0.0011,0.0011,0.0,0.0023,0.0023,0.9208,True
cluster395_A0A1Y3YYW1,A0A1Y3YYW1,,tryptamine,Tri,,0.0067,0.0073,0.0006,0.0101,0.0101,0.9208,True
cluster395_A0A1Y3YYW1,A0A1Y3YYW1,,tyramine,Di,,0.0103,0.0198,0.0095,0.0101,0.0301,0.9208,True
cluster395_A0A1Y3YYW1,A0A1Y3YYW1,,tyramine,Mono,,0.0768,0.1167,0.0399,0.0529,0.0915,0.9208,True
cluster395_A0A1Y3YYW1,A0A1Y3YYW1,,tyramine,Tri,,0.008,0.0172,0.0092,0.0101,0.0202,0.9208,True
cluster406_A0A414Q275,A0A414Q275,dev,"2,3_diaminopropionic acid",Di,True,0.6197,0.1922,-0.4275,0.4706,0.1127,0.9311,True
cluster406_A0A414Q275,A0A414Q275,dev,"2,3_diaminopropionic acid",Mono,False,0.3271,0.0938,-0.2333,0.2692,0.0714,0.9311,True
cluster406_A0A414Q275,A0A414Q275,dev,"2,3_diaminopropionic acid",Tri,True,0.8979,0.725,-0.1729,0.8571,0.5287,0.9311,True
cluster406_A0A414Q275,A0A414Q275,dev,2_aminophenol,Di,True,0.9935,0.9591,-0.0344,0.9214,0.9023,0.9311,True
cluster406_A0A414Q275,A0A414Q275,dev,2_aminophenol,Mono,True,0.8141,0.4661,-0.348,0.7,0.3936,0.9311,True
cluster406_A0A414Q275,A0A414Q275,dev,2_aminophenol,Tri,True,0.9889,0.9356,-0.0533,0.9214,0.8636,0.9311,True
cluster406_A0A414Q275,A0A414Q275,dev,3_methoxytyramine,Di,True,0.9157,0.3979,-0.5178,0.8636,0.2815,0.9311,True
cluster406_A0A414Q275,A0A414Q275,dev,3_methoxytyramine,Mono,False,0.3036,0.0663,-0.2373,0.2692,0.0529,0.9311,True
cluster406_A0A414Q275,A0A414Q275,dev,3_methoxytyramine,Tri,True,0.8715,0.3502,-0.5213,0.7,0.28,0.9311,True
cluster406_A0A414Q275,A0A414Q275,dev,alanine,Di,True,0.9942,0.9803,-0.0139,0.9214,0.9082,0.9311,True
cluster406_A0A414Q275,A0A414Q275,dev,alanine,Mono,True,0.9902,0.972,-0.0182,0.9214,0.9082,0.9311,True
cluster406_A0A414Q275,A0A414Q275,dev,alanine,Tri,True,0.9208,0.6724,-0.2484,0.8636,0.5287,0.9311,True
cluster406_A0A414Q275,A0A414Q275,dev,arginine,Di,False,0.033,0.0111,-0.0219,0.0409,0.0101,0.9311,True
cluster406_A0A414Q275,A0A414Q275,dev,arginine,Mono,False,0.0105,0.0042,-0.0063,0.0101,0.0101,0.9311,True
cluster406_A0A414Q275,A0A414Q275,dev,arginine,Tri,False,0.0417,0.0329,-0.0088,0.0529,0.0409,0.9311,True
cluster406_A0A414Q275,A0A414Q275,dev,asparagine,Di,False,0.1385,0.0983,-0.0402,0.0915,0.0915,0.9311,True
cluster406_A0A414Q275,A0A414Q275,dev,asparagine,Mono,False,0.0782,0.0577,-0.0205,0.0529,0.0529,0.9311,True
cluster406_A0A414Q275,A0A414Q275,dev,asparagine,Tri,True,0.927,0.9079,-0.0191,0.8636,0.8636,0.9311,True
cluster406_A0A414Q275,A0A414Q275,dev,cadaverine,Di,False,0.2237,0.0485,-0.1752,0.1127,0.0529,0.9311,True
cluster406_A0A414Q275,A0A414Q275,dev,cadaverine,Mono,False,0.0996,0.0174,-0.0822,0.0915,0.0202,0.9311,True
cluster406_A0A414Q275,A0A414Q275,dev,cadaverine,Tri,True,0.8355,0.2956,-0.5399,0.7,0.2692,0.9311,True
cluster406_A0A414Q275,A0A414Q275,dev,citrulline,Di,False,0.0939,0.0932,-0.0007,0.0714,0.0714,0.9311,True
cluster406_A0A414Q275,A0A414Q275,dev,citrulline,Mono,False,0.0259,0.0204,-0.0055,0.0391,0.0301,0.9311,True
cluster406_A0A414Q275,A0A414Q275,dev,citrulline,Tri,False,0.0283,0.0291,0.0008,0.0391,0.0391,0.9311,True
cluster406_A0A414Q275,A0A414Q275,dev,cystine,Di,False,0.0952,0.0299,-0.0653,0.0714,0.0391,0.9311,True
cluster406_A0A414Q275,A0A414Q275,dev,cystine,Mono,False,0.021,0.0101,-0.0109,0.0301,0.0101,0.9311,True
cluster406_A0A414Q275,A0A414Q275,dev,cystine,Tri,False,0.1092,0.0438,-0.0654,0.0915,0.0529,0.9311,True
cluster406_A0A414Q275,A0A414Q275,dev,dopamine,Di,True,0.8669,0.4145,-0.4524,0.7,0.2815,0.9311,True
cluster406_A0A414Q275,A0A414Q275,dev,dopamine,Mono,False,0.4924,0.1851,-0.3073,0.4014,0.1127,0.9311,True
cluster406_A0A414Q275,A0A414Q275,dev,dopamine,Tri,True,0.9828,0.9166,-0.0662,0.9214,0.8636,0.9311,True
cluster406_A0A414Q275,A0A414Q275,dev,gaba,Di,True,0.997,0.9898,-0.0072,1.0,0.9214,0.9311,True
cluster406_A0A414Q275,A0A414Q275,dev,gaba,Mono,True,0.9958,0.9887,-0.0071,0.9214,0.9214,0.9311,True
cluster406_A0A414Q275,A0A414Q275,dev,gaba,Tri,True,0.9977,0.9914,-0.0063,1.0,0.9214,0.9311,True
cluster406_A0A414Q275,A0A414Q275,dev,glutamine,Di,False,0.1299,0.1722,0.0423,0.0915,0.1127,0.9311,True
cluster406_A0A414Q275,A0A414Q275,dev,glutamine,Mono,False,0.5481,0.5311,-0.017,0.4014,0.4014,0.9311,True
cluster406_A0A414Q275,A0A414Q275,dev,glutamine,Tri,False,0.0636,0.0939,0.0303,0.0529,0.0714,0.9311,True
cluster406_A0A414Q275,A0A414Q275,dev,glyglycine,Di,False,0.0446,0.0222,-0.0224,0.0529,0.0301,0.9311,True
cluster406_A0A414Q275,A0A414Q275,dev,glyglycine,Mono,False,0.0267,0.0157,-0.011,0.0391,0.0202,0.9311,True
cluster406_A0A414Q275,A0A414Q275,dev,glyglycine,Tri,False,0.2858,0.2093,-0.0765,0.2692,0.1127,0.9311,True
cluster406_A0A414Q275,A0A414Q275,dev,histidine,Di,False,0.0044,0.0036,-0.0008,0.0101,0.0101,0.9311,True
cluster406_A0A414Q275,A0A414Q275,dev,histidine,Mono,False,0.0025,0.002,-0.0005,0.0101,0.0023,0.9311,True
cluster406_A0A414Q275,A0A414Q275,dev,histidine,Tri,False,0.0376,0.0345,-0.0031,0.0529,0.0409,0.9311,True
cluster406_A0A414Q275,A0A414Q275,dev,lysine,Di,False,0.431,0.376,-0.055,0.3936,0.2815,0.9311,True
cluster406_A0A414Q275,A0A414Q275,dev,lysine,Mono,False,0.0968,0.0474,-0.0494,0.0915,0.0529,0.9311,True
cluster406_A0A414Q275,A0A414Q275,dev,lysine,Tri,False,0.0854,0.0484,-0.037,0.0529,0.0529,0.9311,True
cluster406_A0A414Q275,A0A414Q275,dev,methionine,Di,False,0.1443,0.1252,-0.0191,0.0915,0.0915,0.9311,True
cluster406_A0A414Q275,A0A414Q275,dev,methionine,Mono,False,0.1328,0.1308,-0.002,0.0915,0.0915,0.9311,True
cluster406_A0A414Q275,A0A414Q275,dev,methionine,Tri,False,0.1978,0.2162,0.0184,0.1127,0.1127,0.9311,True
cluster406_A0A414Q275,A0A414Q275,dev,ornithine,Di,True,0.8527,0.4442,-0.4085,0.7,0.3936,0.9311,True
cluster406_A0A414Q275,A0A414Q275,dev,ornithine,Mono,True,0.6557,0.183,-0.4727,0.5287,0.1127,0.9311,True
cluster406_A0A414Q275,A0A414Q275,dev,ornithine,Tri,False,0.415,0.1101,-0.3049,0.2815,0.0915,0.9311,True
cluster406_A0A414Q275,A0A414Q275,dev,phenylalanine,Di,True,0.9872,0.9647,-0.0225,0.9214,0.9023,0.9311,True
cluster406_A0A414Q275,A0A414Q275,dev,phenylalanine,Mono,False,0.488,0.2948,-0.1932,0.4014,0.2692,0.9311,True
cluster406_A0A414Q275,A0A414Q275,dev,phenylalanine,Tri,True,0.9864,0.9615,-0.0249,0.9214,0.9023,0.9311,True
cluster406_A0A414Q275,A0A414Q275,dev,proline,Di,False,0.1074,0.0241,-0.0833,0.0915,0.0391,0.9311,True
cluster406_A0A414Q275,A0A414Q275,dev,proline,Mono,False,0.0659,0.0156,-0.0503,0.0529,0.0202,0.9311,True
cluster406_A0A414Q275,A0A414Q275,dev,proline,Tri,True,0.7218,0.2693,-0.4525,0.5287,0.1915,0.9311,True
cluster406_A0A414Q275,A0A414Q275,dev,putrescine,Di,False,0.2301,0.0485,-0.1816,0.1455,0.0529,0.9311,True
cluster406_A0A414Q275,A0A414Q275,dev,putrescine,Mono,False,0.0966,0.0169,-0.0797,0.0915,0.0202,0.9311,True
cluster406_A0A414Q275,A0A414Q275,dev,putrescine,Tri,True,0.8343,0.2863,-0.548,0.7,0.2692,0.9311,True
cluster406_A0A414Q275,A0A414Q275,dev,serine,Di,False,0.3969,0.3532,-0.0437,0.2815,0.2815,0.9311,True
cluster406_A0A414Q275,A0A414Q275,dev,serine,Mono,False,0.3787,0.3637,-0.015,0.2815,0.2815,0.9311,True
cluster406_A0A414Q275,A0A414Q275,dev,serine,Tri,False,0.2641,0.236,-0.0281,0.1875,0.1455,0.9311,True
cluster406_A0A414Q275,A0A414Q275,dev,serotonin,Di,False,0.2018,0.0379,-0.1639,0.1127,0.0529,0.9311,True
cluster406_A0A414Q275,A0A414Q275,dev,serotonin,Mono,True,0.7907,0.3379,-0.4528,0.5287,0.2737,0.9311,True
cluster406_A0A414Q275,A0A414Q275,dev,serotonin,Tri,False,0.1603,0.0332,-0.1271,0.1127,0.0409,0.9311,True
cluster406_A0A414Q275,A0A414Q275,dev,threonine,Di,False,0.0774,0.0888,0.0114,0.0529,0.0529,0.9311,True
cluster406_A0A414Q275,A0A414Q275,dev,threonine,Mono,False,0.1115,0.1461,0.0346,0.0915,0.0915,0.9311,True
cluster406_A0A414Q275,A0A414Q275,dev,threonine,Tri,False,0.0112,0.0119,0.0007,0.0101,0.0114,0.9311,True
cluster406_A0A414Q275,A0A414Q275,dev,tryptamine,Di,False,0.346,0.039,-0.307,0.28,0.0529,0.9311,True
cluster406_A0A414Q275,A0A414Q275,dev,tryptamine,Mono,False,0.1398,0.0155,-0.1243,0.0915,0.0202,0.9311,True
cluster406_A0A414Q275,A0A414Q275,dev,tryptamine,Tri,True,0.9496,0.4123,-0.5373,0.9023,0.2815,0.9311,True
cluster406_A0A414Q275,A0A414Q275,dev,tyramine,Di,False,0.1363,0.0445,-0.0918,0.0915,0.0529,0.9311,True
cluster406_A0A414Q275,A0A414Q275,dev,tyramine,Mono,False,0.5532,0.3073,-0.2459,0.4014,0.2692,0.9311,True
cluster406_A0A414Q275,A0A414Q275,dev,tyramine,Tri,False,0.1169,0.0433,-0.0736,0.0915,0.0529,0.9311,True
cluster424_A0A1Q6E5Z9,A0A1Q6E5Z9,dev,"2,3_diaminopropionic acid",Di,False,0.001,0.0645,0.0635,0.0023,0.0529,0.9216,True
cluster424_A0A1Q6E5Z9,A0A1Q6E5Z9,dev,"2,3_diaminopropionic acid",Mono,False,0.0005,0.0333,0.0328,0.0,0.0409,0.9216,True
cluster424_A0A1Q6E5Z9,A0A1Q6E5Z9,dev,"2,3_diaminopropionic acid",Tri,False,0.0059,0.5245,0.5186,0.0101,0.4014,0.9216,True
cluster424_A0A1Q6E5Z9,A0A1Q6E5Z9,dev,2_aminophenol,Di,False,0.0564,0.9375,0.8811,0.0529,0.8636,0.9216,True
cluster424_A0A1Q6E5Z9,A0A1Q6E5Z9,dev,2_aminophenol,Mono,False,0.006,0.2862,0.2802,0.0101,0.2692,0.9216,True
cluster424_A0A1Q6E5Z9,A0A1Q6E5Z9,dev,2_aminophenol,Tri,False,0.0312,0.8843,0.8531,0.0409,0.8235,0.9216,True
cluster424_A0A1Q6E5Z9,A0A1Q6E5Z9,dev,3_methoxytyramine,Di,False,0.007,0.1743,0.1673,0.0101,0.1127,0.9216,True
cluster424_A0A1Q6E5Z9,A0A1Q6E5Z9,dev,3_methoxytyramine,Mono,False,0.0005,0.0162,0.0157,0.0,0.0202,0.9216,True
cluster424_A0A1Q6E5Z9,A0A1Q6E5Z9,dev,3_methoxytyramine,Tri,False,0.0037,0.1485,0.1448,0.0101,0.1127,0.9216,True
cluster424_A0A1Q6E5Z9,A0A1Q6E5Z9,dev,alanine,Di,False,0.0539,0.9672,0.9133,0.0529,0.9082,0.9216,True
cluster424_A0A1Q6E5Z9,A0A1Q6E5Z9,dev,alanine,Mono,False,0.0465,0.9584,0.9119,0.0529,0.9023,0.9216,True
cluster424_A0A1Q6E5Z9,A0A1Q6E5Z9,dev,alanine,Tri,False,0.0028,0.3128,0.31,0.0101,0.2692,0.9216,True
cluster424_A0A1Q6E5Z9,A0A1Q6E5Z9,dev,arginine,Di,False,1e-04,0.0054,0.0053,0.0,0.0101,0.9216,True
cluster424_A0A1Q6E5Z9,A0A1Q6E5Z9,dev,arginine,Mono,False,0.0,0.0027,0.0027,0.0,0.0101,0.9216,True
cluster424_A0A1Q6E5Z9,A0A1Q6E5Z9,dev,arginine,Tri,False,1e-04,0.0178,0.0177,0.0,0.0202,0.9216,True
cluster424_A0A1Q6E5Z9,A0A1Q6E5Z9,dev,asparagine,Di,False,0.001,0.0404,0.0394,0.0023,0.0529,0.9216,True
cluster424_A0A1Q6E5Z9,A0A1Q6E5Z9,dev,asparagine,Mono,False,0.0011,0.0354,0.0343,0.0023,0.0409,0.9216,True
cluster424_A0A1Q6E5Z9,A0A1Q6E5Z9,dev,asparagine,Tri,False,0.0799,0.8496,0.7697,0.0529,0.7,0.9216,True
cluster424_A0A1Q6E5Z9,A0A1Q6E5Z9,dev,cadaverine,Di,False,1e-04,0.0038,0.0037,0.0,0.0101,0.9216,True
cluster424_A0A1Q6E5Z9,A0A1Q6E5Z9,dev,cadaverine,Mono,False,0.0,0.0014,0.0014,0.0,0.0023,0.9216,True
cluster424_A0A1Q6E5Z9,A0A1Q6E5Z9,dev,cadaverine,Tri,False,1e-04,0.0057,0.0056,0.0,0.0101,0.9216,True
cluster424_A0A1Q6E5Z9,A0A1Q6E5Z9,dev,citrulline,Di,False,0.0002,0.048,0.0478,0.0,0.0529,0.9216,True
cluster424_A0A1Q6E5Z9,A0A1Q6E5Z9,dev,citrulline,Mono,False,1e-04,0.0143,0.0142,0.0,0.0202,0.9216,True
cluster424_A0A1Q6E5Z9,A0A1Q6E5Z9,dev,citrulline,Tri,False,1e-04,0.0157,0.0156,0.0,0.0202,0.9216,True
cluster424_A0A1Q6E5Z9,A0A1Q6E5Z9,dev,cystine,Di,False,0.0002,0.0132,0.013,0.0,0.0137,0.9216,True
cluster424_A0A1Q6E5Z9,A0A1Q6E5Z9,dev,cystine,Mono,False,1e-04,0.0042,0.0041,0.0,0.0101,0.9216,True
cluster424_A0A1Q6E5Z9,A0A1Q6E5Z9,dev,cystine,Tri,False,0.0002,0.0178,0.0176,0.0,0.0202,0.9216,True
cluster424_A0A1Q6E5Z9,A0A1Q6E5Z9,dev,dopamine,Di,False,0.0116,0.2174,0.2058,0.0114,0.1127,0.9216,True
cluster424_A0A1Q6E5Z9,A0A1Q6E5Z9,dev,dopamine,Mono,False,0.0025,0.0755,0.073,0.0101,0.0529,0.9216,True
cluster424_A0A1Q6E5Z9,A0A1Q6E5Z9,dev,dopamine,Tri,False,0.1303,0.8732,0.7429,0.0915,0.7,0.9216,True
cluster424_A0A1Q6E5Z9,A0A1Q6E5Z9,dev,gaba,Di,False,0.0259,0.9837,0.9578,0.0391,0.9214,0.9216,True
cluster424_A0A1Q6E5Z9,A0A1Q6E5Z9,dev,gaba,Mono,False,0.0313,0.9842,0.9529,0.0409,0.9214,0.9216,True
cluster424_A0A1Q6E5Z9,A0A1Q6E5Z9,dev,gaba,Tri,False,0.0272,0.9877,0.9605,0.0391,0.9214,0.9216,True
cluster424_A0A1Q6E5Z9,A0A1Q6E5Z9,dev,glutamine,Di,False,0.001,0.11,0.109,0.0023,0.0915,0.9216,True
cluster424_A0A1Q6E5Z9,A0A1Q6E5Z9,dev,glutamine,Mono,False,0.0152,0.5388,0.5236,0.0202,0.4014,0.9216,True
cluster424_A0A1Q6E5Z9,A0A1Q6E5Z9,dev,glutamine,Tri,False,0.0006,0.0681,0.0675,0.0,0.0529,0.9216,True
cluster424_A0A1Q6E5Z9,A0A1Q6E5Z9,dev,glyglycine,Di,False,0.0002,0.0084,0.0082,0.0,0.0101,0.9216,True
cluster424_A0A1Q6E5Z9,A0A1Q6E5Z9,dev,glyglycine,Mono,False,0.0002,0.0067,0.0065,0.0,0.0101,0.9216,True
cluster424_A0A1Q6E5Z9,A0A1Q6E5Z9,dev,glyglycine,Tri,False,0.0007,0.0488,0.0481,0.0023,0.0529,0.9216,True
cluster424_A0A1Q6E5Z9,A0A1Q6E5Z9,dev,histidine,Di,False,0.0,0.0011,0.0011,0.0,0.0023,0.9216,True
cluster424_A0A1Q6E5Z9,A0A1Q6E5Z9,dev,histidine,Mono,False,0.0,0.0007,0.0007,0.0,0.0023,0.9216,True
cluster424_A0A1Q6E5Z9,A0A1Q6E5Z9,dev,histidine,Tri,False,1e-04,0.007,0.0069,0.0,0.0101,0.9216,True
cluster424_A0A1Q6E5Z9,A0A1Q6E5Z9,dev,lysine,Di,False,0.0014,0.2189,0.2175,0.0023,0.1127,0.9216,True
cluster424_A0A1Q6E5Z9,A0A1Q6E5Z9,dev,lysine,Mono,False,0.0002,0.0264,0.0262,0.0,0.0391,0.9216,True
cluster424_A0A1Q6E5Z9,A0A1Q6E5Z9,dev,lysine,Tri,False,1e-04,0.0197,0.0196,0.0,0.0301,0.9216,True
cluster424_A0A1Q6E5Z9,A0A1Q6E5Z9,dev,methionine,Di,False,0.0003,0.0801,0.0798,0.0,0.0529,0.9216,True
cluster424_A0A1Q6E5Z9,A0A1Q6E5Z9,dev,methionine,Mono,False,0.0005,0.0997,0.0992,0.0,0.0915,0.9216,True
cluster424_A0A1Q6E5Z9,A0A1Q6E5Z9,dev,methionine,Tri,False,0.0006,0.1348,0.1342,0.0,0.0915,0.9216,True
cluster424_A0A1Q6E5Z9,A0A1Q6E5Z9,dev,ornithine,Di,False,0.0055,0.1145,0.109,0.0101,0.0915,0.9216,True
cluster424_A0A1Q6E5Z9,A0A1Q6E5Z9,dev,ornithine,Mono,False,0.0027,0.0429,0.0402,0.0101,0.0529,0.9216,True
cluster424_A0A1Q6E5Z9,A0A1Q6E5Z9,dev,ornithine,Tri,False,0.0008,0.0278,0.027,0.0023,0.0391,0.9216,True
cluster424_A0A1Q6E5Z9,A0A1Q6E5Z9,dev,phenylalanine,Di,False,0.0463,0.9519,0.9056,0.0529,0.9023,0.9216,True
cluster424_A0A1Q6E5Z9,A0A1Q6E5Z9,dev,phenylalanine,Mono,False,0.0025,0.1931,0.1906,0.0101,0.1127,0.9216,True
cluster424_A0A1Q6E5Z9,A0A1Q6E5Z9,dev,phenylalanine,Tri,False,0.0407,0.9493,0.9086,0.0529,0.9023,0.9216,True
cluster424_A0A1Q6E5Z9,A0A1Q6E5Z9,dev,proline,Di,False,1e-04,0.0042,0.0041,0.0,0.0101,0.9216,True
cluster424_A0A1Q6E5Z9,A0A1Q6E5Z9,dev,proline,Mono,False,0.0002,0.0046,0.0044,0.0,0.0101,0.9216,True
cluster424_A0A1Q6E5Z9,A0A1Q6E5Z9,dev,proline,Tri,False,0.0007,0.0442,0.0435,0.0023,0.0529,0.9216,True
cluster424_A0A1Q6E5Z9,A0A1Q6E5Z9,dev,putrescine,Di,False,1e-04,0.004,0.0039,0.0,0.0101,0.9216,True
cluster424_A0A1Q6E5Z9,A0A1Q6E5Z9,dev,putrescine,Mono,False,0.0,0.0013,0.0013,0.0,0.0023,0.9216,True
cluster424_A0A1Q6E5Z9,A0A1Q6E5Z9,dev,putrescine,Tri,False,1e-04,0.0056,0.0055,0.0,0.0101,0.9216,True
cluster424_A0A1Q6E5Z9,A0A1Q6E5Z9,dev,serine,Di,False,0.002,0.2359,0.2339,0.0023,0.1455,0.9216,True
cluster424_A0A1Q6E5Z9,A0A1Q6E5Z9,dev,serine,Mono,False,0.0029,0.2872,0.2843,0.0101,0.2692,0.9216,True
cluster424_A0A1Q6E5Z9,A0A1Q6E5Z9,dev,serine,Tri,False,0.001,0.1394,0.1384,0.0023,0.0915,0.9216,True
cluster424_A0A1Q6E5Z9,A0A1Q6E5Z9,dev,serotonin,Di,False,0.0003,0.0114,0.0111,0.0,0.0114,0.9216,True
cluster424_A0A1Q6E5Z9,A0A1Q6E5Z9,dev,serotonin,Mono,False,0.0061,0.1123,0.1062,0.0101,0.0915,0.9216,True
cluster424_A0A1Q6E5Z9,A0A1Q6E5Z9,dev,serotonin,Tri,False,0.0002,0.0108,0.0106,0.0,0.0101,0.9216,True
cluster424_A0A1Q6E5Z9,A0A1Q6E5Z9,dev,threonine,Di,False,0.0003,0.0577,0.0574,0.0,0.0529,0.9216,True
cluster424_A0A1Q6E5Z9,A0A1Q6E5Z9,dev,threonine,Mono,False,0.0008,0.1136,0.1128,0.0023,0.0915,0.9216,True
cluster424_A0A1Q6E5Z9,A0A1Q6E5Z9,dev,threonine,Tri,False,0.0,0.0067,0.0067,0.0,0.0101,0.9216,True
cluster424_A0A1Q6E5Z9,A0A1Q6E5Z9,dev,tryptamine,Di,False,1e-04,0.0027,0.0026,0.0,0.0101,0.9216,True
cluster424_A0A1Q6E5Z9,A0A1Q6E5Z9,dev,tryptamine,Mono,False,1e-04,0.0009,0.0008,0.0,0.0023,0.9216,True
cluster424_A0A1Q6E5Z9,A0A1Q6E5Z9,dev,tryptamine,Tri,False,0.0002,0.007,0.0068,0.0,0.0101,0.9216,True
cluster424_A0A1Q6E5Z9,A0A1Q6E5Z9,dev,tyramine,Di,False,0.0003,0.0178,0.0175,0.0,0.0202,0.9216,True
cluster424_A0A1Q6E5Z9,A0A1Q6E5Z9,dev,tyramine,Mono,False,0.003,0.1462,0.1432,0.0101,0.0915,0.9216,True
cluster424_A0A1Q6E5Z9,A0A1Q6E5Z9,dev,tyramine,Tri,False,0.0003,0.0198,0.0195,0.0,0.0301,0.9216,True
cluster460_A7VQ44,A7VQ44,test,"2,3_diaminopropionic acid",Di,False,0.0278,0.0129,-0.0149,0.0391,0.0137,0.9273,True
cluster460_A7VQ44,A7VQ44,test,"2,3_diaminopropionic acid",Mono,False,0.0172,0.0072,-0.01,0.0202,0.0101,0.9273,True
cluster460_A7VQ44,A7VQ44,test,"2,3_diaminopropionic acid",Tri,True,0.2915,0.2143,-0.0772,0.2692,0.1127,0.9273,True
cluster460_A7VQ44,A7VQ44,test,2_aminophenol,Di,True,0.8421,0.7217,-0.1204,0.7,0.5287,0.9273,True
cluster460_A7VQ44,A7VQ44,test,2_aminophenol,Mono,False,0.1303,0.0698,-0.0605,0.0915,0.0529,0.9273,True
cluster460_A7VQ44,A7VQ44,test,2_aminophenol,Tri,True,0.7247,0.5893,-0.1354,0.5287,0.4638,0.9273,True
cluster460_A7VQ44,A7VQ44,test,3_methoxytyramine,Di,False,0.0403,0.0168,-0.0235,0.0529,0.0202,0.9273,True
cluster460_A7VQ44,A7VQ44,test,3_methoxytyramine,Mono,False,0.0055,0.0018,-0.0037,0.0101,0.0023,0.9273,True
cluster460_A7VQ44,A7VQ44,test,3_methoxytyramine,Tri,False,0.0572,0.0214,-0.0358,0.0529,0.0301,0.9273,True
cluster460_A7VQ44,A7VQ44,test,alanine,Di,True,0.9437,0.9049,-0.0388,0.9023,0.8636,0.9273,True
cluster460_A7VQ44,A7VQ44,test,alanine,Mono,True,0.9376,0.8784,-0.0592,0.8636,0.75,0.9273,True
cluster460_A7VQ44,A7VQ44,test,alanine,Tri,False,0.4108,0.2929,-0.1179,0.2815,0.2692,0.9273,True
cluster460_A7VQ44,A7VQ44,test,arginine,Di,False,0.0025,0.0014,-0.0011,0.0101,0.0023,0.9273,True
cluster460_A7VQ44,A7VQ44,test,arginine,Mono,False,0.0013,0.0006,-0.0007,0.0023,0.0,0.9273,True
cluster460_A7VQ44,A7VQ44,test,arginine,Tri,False,0.0069,0.0063,-0.0006,0.0101,0.0101,0.9273,True
cluster460_A7VQ44,A7VQ44,test,asparagine,Di,False,0.0319,0.0219,-0.01,0.0409,0.0301,0.9273,True
cluster460_A7VQ44,A7VQ44,test,asparagine,Mono,False,0.0326,0.0229,-0.0097,0.0409,0.0345,0.9273,True
cluster460_A7VQ44,A7VQ44,test,asparagine,Tri,True,0.8484,0.796,-0.0524,0.7,0.5287,0.9273,True
cluster460_A7VQ44,A7VQ44,test,cadaverine,Di,False,0.0025,0.0017,-0.0008,0.0101,0.0023,0.9273,True
cluster460_A7VQ44,A7VQ44,test,cadaverine,Mono,False,0.0009,0.0005,-0.0004,0.0023,0.0,0.9273,True
cluster460_A7VQ44,A7VQ44,test,cadaverine,Tri,False,0.0037,0.002,-0.0017,0.0101,0.0023,0.9273,True
cluster460_A7VQ44,A7VQ44,test,citrulline,Di,False,0.0154,0.0085,-0.0069,0.0202,0.0101,0.9273,True
cluster460_A7VQ44,A7VQ44,test,citrulline,Mono,False,0.005,0.0023,-0.0027,0.0101,0.0101,0.9273,True
cluster460_A7VQ44,A7VQ44,test,citrulline,Tri,False,0.0042,0.0027,-0.0015,0.0101,0.0101,0.9273,True
cluster460_A7VQ44,A7VQ44,test,cystine,Di,False,0.0037,0.003,-0.0007,0.0101,0.0101,0.9273,True
cluster460_A7VQ44,A7VQ44,test,cystine,Mono,False,0.0018,0.0013,-0.0005,0.0023,0.0023,0.9273,True
cluster460_A7VQ44,A7VQ44,test,cystine,Tri,False,0.0076,0.0072,-0.0004,0.0101,0.0101,0.9273,True
cluster460_A7VQ44,A7VQ44,test,dopamine,Di,False,0.1284,0.0651,-0.0633,0.0915,0.0529,0.9273,True
cluster460_A7VQ44,A7VQ44,test,dopamine,Mono,False,0.0339,0.0159,-0.018,0.0409,0.0202,0.9273,True
cluster460_A7VQ44,A7VQ44,test,dopamine,Tri,True,0.8473,0.722,-0.1253,0.7,0.5287,0.9273,True
cluster460_A7VQ44,A7VQ44,test,gaba,Di,True,0.9707,0.9509,-0.0198,0.9082,0.9023,0.9273,True
cluster460_A7VQ44,A7VQ44,test,gaba,Mono,True,0.9724,0.9497,-0.0227,0.9082,0.9023,0.9273,True
cluster460_A7VQ44,A7VQ44,test,gaba,Tri,True,0.9826,0.9695,-0.0131,0.9214,0.9082,0.9273,True
cluster460_A7VQ44,A7VQ44,test,glutamine,Di,False,0.0705,0.0536,-0.0169,0.0529,0.0529,0.9273,True
cluster460_A7VQ44,A7VQ44,test,glutamine,Mono,False,0.5591,0.4616,-0.0975,0.4231,0.3936,0.9273,True
cluster460_A7VQ44,A7VQ44,test,glutamine,Tri,False,0.0526,0.0491,-0.0035,0.0529,0.0529,0.9273,True
cluster460_A7VQ44,A7VQ44,test,glyglycine,Di,False,0.0072,0.0041,-0.0031,0.0101,0.0101,0.9273,True
cluster460_A7VQ44,A7VQ44,test,glyglycine,Mono,False,0.0077,0.0037,-0.004,0.0101,0.0101,0.9273,True
cluster460_A7VQ44,A7VQ44,test,glyglycine,Tri,False,0.0983,0.0731,-0.0252,0.0915,0.0529,0.9273,True
cluster460_A7VQ44,A7VQ44,test,histidine,Di,False,0.0005,0.0005,0.0,0.0,0.0,0.9273,True
cluster460_A7VQ44,A7VQ44,test,histidine,Mono,False,0.0005,0.0004,-1e-04,0.0,0.0,0.9273,True
cluster460_A7VQ44,A7VQ44,test,histidine,Tri,False,0.0069,0.0068,-1e-04,0.0101,0.0101,0.9273,True
cluster460_A7VQ44,A7VQ44,test,lysine,Di,False,0.1516,0.0946,-0.057,0.1127,0.0714,0.9273,True
cluster460_A7VQ44,A7VQ44,test,lysine,Mono,False,0.014,0.0075,-0.0065,0.0202,0.0101,0.9273,True
cluster460_A7VQ44,A7VQ44,test,lysine,Tri,False,0.0103,0.0071,-0.0032,0.0101,0.0101,0.9273,True
cluster460_A7VQ44,A7VQ44,test,methionine,Di,False,0.0359,0.0275,-0.0084,0.0409,0.0391,0.9273,True
cluster460_A7VQ44,A7VQ44,test,methionine,Mono,False,0.0613,0.035,-0.0263,0.0529,0.0409,0.9273,True
cluster460_A7VQ44,A7VQ44,test,methionine,Tri,False,0.0866,0.0559,-0.0307,0.0529,0.0529,0.9273,True
cluster460_A7VQ44,A7VQ44,test,ornithine,Di,True,0.0444,0.0197,-0.0247,0.0529,0.0301,0.9273,True
cluster460_A7VQ44,A7VQ44,test,ornithine,Mono,False,0.0164,0.0058,-0.0106,0.0202,0.0101,0.9273,True
cluster460_A7VQ44,A7VQ44,test,ornithine,Tri,False,0.0111,0.0055,-0.0056,0.0101,0.0101,0.9273,True
cluster460_A7VQ44,A7VQ44,test,phenylalanine,Di,True,0.918,0.8512,-0.0668,0.8636,0.7,0.9273,True
cluster460_A7VQ44,A7VQ44,test,phenylalanine,Mono,False,0.0937,0.0666,-0.0271,0.0714,0.0529,0.9273,True
cluster460_A7VQ44,A7VQ44,test,phenylalanine,Tri,True,0.9185,0.8515,-0.067,0.8636,0.7,0.9273,True
cluster460_A7VQ44,A7VQ44,test,proline,Di,False,0.0019,0.0017,-0.0002,0.0023,0.0023,0.9273,True
cluster460_A7VQ44,A7VQ44,test,proline,Mono,False,0.0026,0.0023,-0.0003,0.0101,0.0023,0.9273,True
cluster460_A7VQ44,A7VQ44,test,proline,Tri,False,0.0158,0.0212,0.0054,0.0202,0.0301,0.9273,True
cluster460_A7VQ44,A7VQ44,test,putrescine,Di,False,0.0025,0.0018,-0.0007,0.0101,0.0023,0.9273,True
cluster460_A7VQ44,A7VQ44,test,putrescine,Mono,False,0.0009,0.0006,-0.0003,0.0023,0.0,0.9273,True
cluster460_A7VQ44,A7VQ44,test,putrescine,Tri,True,0.0037,0.002,-0.0017,0.0101,0.0023,0.9273,True
cluster460_A7VQ44,A7VQ44,test,serine,Di,False,0.1728,0.1357,-0.0371,0.1127,0.0915,0.9273,True
cluster460_A7VQ44,A7VQ44,test,serine,Mono,False,0.2217,0.1855,-0.0362,0.1127,0.1127,0.9273,True
cluster460_A7VQ44,A7VQ44,test,serine,Tri,False,0.0873,0.0543,-0.033,0.0529,0.0529,0.9273,True
cluster460_A7VQ44,A7VQ44,test,serotonin,Di,False,0.005,0.0023,-0.0027,0.0101,0.0101,0.9273,True
cluster460_A7VQ44,A7VQ44,test,serotonin,Mono,True,0.0832,0.0386,-0.0446,0.0529,0.0529,0.9273,True
cluster460_A7VQ44,A7VQ44,test,serotonin,Tri,False,0.006,0.0025,-0.0035,0.0101,0.0101,0.9273,True
cluster460_A7VQ44,A7VQ44,test,threonine,Di,False,0.0581,0.0441,-0.014,0.0529,0.0529,0.9273,True
cluster460_A7VQ44,A7VQ44,test,threonine,Mono,False,0.1165,0.0904,-0.0261,0.0915,0.0529,0.9273,True
cluster460_A7VQ44,A7VQ44,test,threonine,Tri,False,0.0042,0.0038,-0.0004,0.0101,0.0101,0.9273,True
cluster460_A7VQ44,A7VQ44,test,tryptamine,Di,False,0.0011,0.0009,-0.0002,0.0023,0.0023,0.9273,True
cluster460_A7VQ44,A7VQ44,test,tryptamine,Mono,False,0.0003,0.0003,0.0,0.0,0.0,0.9273,True
cluster460_A7VQ44,A7VQ44,test,tryptamine,Tri,False,0.0031,0.002,-0.0011,0.0101,0.0023,0.9273,True
cluster460_A7VQ44,A7VQ44,test,tyramine,Di,False,0.017,0.0066,-0.0104,0.0202,0.0101,0.9273,True
cluster460_A7VQ44,A7VQ44,test,tyramine,Mono,False,0.1368,0.0597,-0.0771,0.0915,0.0529,0.9273,True
cluster460_A7VQ44,A7VQ44,test,tyramine,Tri,False,0.0221,0.0085,-0.0136,0.0301,0.0101,0.9273,True
cluster470_A0A1Q6RAM4,A0A1Q6RAM4,dev,"2,3_diaminopropionic acid",Di,False,0.0137,0.0081,-0.0056,0.0137,0.0101,0.7312,True
cluster470_A0A1Q6RAM4,A0A1Q6RAM4,dev,"2,3_diaminopropionic acid",Mono,False,0.0072,0.0045,-0.0027,0.0101,0.0101,0.7312,True
cluster470_A0A1Q6RAM4,A0A1Q6RAM4,dev,"2,3_diaminopropionic acid",Tri,False,0.1326,0.121,-0.0116,0.0915,0.0915,0.7312,True
cluster470_A0A1Q6RAM4,A0A1Q6RAM4,dev,2_aminophenol,Di,True,0.8599,0.7903,-0.0696,0.7,0.5287,0.7312,True
cluster470_A0A1Q6RAM4,A0A1Q6RAM4,dev,2_aminophenol,Mono,False,0.1306,0.1076,-0.023,0.0915,0.0915,0.7312,True
cluster470_A0A1Q6RAM4,A0A1Q6RAM4,dev,2_aminophenol,Tri,False,0.6582,0.6612,0.003,0.5287,0.5287,0.7312,True
cluster470_A0A1Q6RAM4,A0A1Q6RAM4,dev,3_methoxytyramine,Di,False,0.0457,0.018,-0.0277,0.0529,0.0202,0.7312,True
cluster470_A0A1Q6RAM4,A0A1Q6RAM4,dev,3_methoxytyramine,Mono,False,0.0046,0.0013,-0.0033,0.0101,0.0023,0.7312,True
cluster470_A0A1Q6RAM4,A0A1Q6RAM4,dev,3_methoxytyramine,Tri,False,0.0386,0.0204,-0.0182,0.0529,0.0301,0.7312,True
cluster470_A0A1Q6RAM4,A0A1Q6RAM4,dev,alanine,Di,True,0.968,0.9167,-0.0513,0.9082,0.8636,0.7312,True
cluster470_A0A1Q6RAM4,A0A1Q6RAM4,dev,alanine,Mono,True,0.9604,0.9026,-0.0578,0.9023,0.8636,0.7312,True
cluster470_A0A1Q6RAM4,A0A1Q6RAM4,dev,alanine,Tri,False,0.0984,0.1847,0.0863,0.0915,0.1127,0.7312,True
cluster470_A0A1Q6RAM4,A0A1Q6RAM4,dev,arginine,Di,False,0.0022,0.0022,0.0,0.0023,0.0023,0.7312,True
cluster470_A0A1Q6RAM4,A0A1Q6RAM4,dev,arginine,Mono,False,0.0012,0.0009,-0.0003,0.0023,0.0023,0.7312,True
cluster470_A0A1Q6RAM4,A0A1Q6RAM4,dev,arginine,Tri,False,0.0051,0.0091,0.004,0.0101,0.0101,0.7312,True
cluster470_A0A1Q6RAM4,A0A1Q6RAM4,dev,asparagine,Di,False,0.0457,0.02,-0.0257,0.0529,0.0301,0.7312,True
cluster470_A0A1Q6RAM4,A0A1Q6RAM4,dev,asparagine,Mono,False,0.0747,0.02,-0.0547,0.0529,0.0301,0.7312,True
cluster470_A0A1Q6RAM4,A0A1Q6RAM4,dev,asparagine,Tri,True,0.9298,0.8151,-0.1147,0.8636,0.7,0.7312,True
cluster470_A0A1Q6RAM4,A0A1Q6RAM4,dev,cadaverine,Di,False,0.0021,0.0012,-0.0009,0.0023,0.0023,0.7312,True
cluster470_A0A1Q6RAM4,A0A1Q6RAM4,dev,cadaverine,Mono,False,0.0009,0.0005,-0.0004,0.0023,0.0,0.7312,True
cluster470_A0A1Q6RAM4,A0A1Q6RAM4,dev,cadaverine,Tri,False,0.0026,0.0021,-0.0005,0.0101,0.0023,0.7312,True
cluster470_A0A1Q6RAM4,A0A1Q6RAM4,dev,citrulline,Di,False,0.0107,0.0147,0.004,0.0101,0.0202,0.7312,True
cluster470_A0A1Q6RAM4,A0A1Q6RAM4,dev,citrulline,Mono,False,0.0036,0.0033,-0.0003,0.0101,0.0101,0.7312,True
cluster470_A0A1Q6RAM4,A0A1Q6RAM4,dev,citrulline,Tri,False,0.0027,0.0047,0.002,0.0101,0.0101,0.7312,True
cluster470_A0A1Q6RAM4,A0A1Q6RAM4,dev,cystine,Di,False,0.0036,0.0035,-1e-04,0.0101,0.0101,0.7312,True
cluster470_A0A1Q6RAM4,A0A1Q6RAM4,dev,cystine,Mono,False,0.0016,0.0014,-0.0002,0.0023,0.0023,0.7312,True
cluster470_A0A1Q6RAM4,A0A1Q6RAM4,dev,cystine,Tri,False,0.0047,0.0086,0.0039,0.0101,0.0101,0.7312,True
cluster470_A0A1Q6RAM4,A0A1Q6RAM4,dev,dopamine,Di,False,0.1436,0.0572,-0.0864,0.0915,0.0529,0.7312,True
cluster470_A0A1Q6RAM4,A0A1Q6RAM4,dev,dopamine,Mono,False,0.0344,0.0111,-0.0233,0.0409,0.0101,0.7312,True
cluster470_A0A1Q6RAM4,A0A1Q6RAM4,dev,dopamine,Tri,True,0.8849,0.7556,-0.1293,0.8235,0.5287,0.7312,True
cluster470_A0A1Q6RAM4,A0A1Q6RAM4,dev,gaba,Di,True,0.9828,0.9437,-0.0391,0.9214,0.9023,0.7312,True
cluster470_A0A1Q6RAM4,A0A1Q6RAM4,dev,gaba,Mono,True,0.9901,0.9525,-0.0376,0.9214,0.9023,0.7312,True
cluster470_A0A1Q6RAM4,A0A1Q6RAM4,dev,gaba,Tri,True,0.9852,0.9656,-0.0196,0.9214,0.9023,0.7312,True
cluster470_A0A1Q6RAM4,A0A1Q6RAM4,dev,glutamine,Di,False,0.1259,0.0739,-0.052,0.0915,0.0529,0.7312,True
cluster470_A0A1Q6RAM4,A0A1Q6RAM4,dev,glutamine,Mono,True,0.8572,0.5701,-0.2871,0.7,0.4231,0.7312,True
cluster470_A0A1Q6RAM4,A0A1Q6RAM4,dev,glutamine,Tri,False,0.107,0.0704,-0.0366,0.0915,0.0529,0.7312,True
cluster470_A0A1Q6RAM4,A0A1Q6RAM4,dev,glyglycine,Di,False,0.0038,0.003,-0.0008,0.0101,0.0101,0.7312,True
cluster470_A0A1Q6RAM4,A0A1Q6RAM4,dev,glyglycine,Mono,False,0.003,0.0026,-0.0004,0.0101,0.0101,0.7312,True
cluster470_A0A1Q6RAM4,A0A1Q6RAM4,dev,glyglycine,Tri,False,0.0181,0.053,0.0349,0.0202,0.0529,0.7312,True
cluster470_A0A1Q6RAM4,A0A1Q6RAM4,dev,histidine,Di,False,0.0004,0.0005,1e-04,0.0,0.0,0.7312,True
cluster470_A0A1Q6RAM4,A0A1Q6RAM4,dev,histidine,Mono,False,0.0002,0.0003,1e-04,0.0,0.0,0.7312,True
cluster470_A0A1Q6RAM4,A0A1Q6RAM4,dev,histidine,Tri,False,0.0023,0.0084,0.0061,0.0101,0.0101,0.7312,True
cluster470_A0A1Q6RAM4,A0A1Q6RAM4,dev,lysine,Di,False,0.0633,0.0847,0.0214,0.0529,0.0529,0.7312,True
cluster470_A0A1Q6RAM4,A0A1Q6RAM4,dev,lysine,Mono,False,0.0112,0.0088,-0.0024,0.0101,0.0101,0.7312,True
cluster470_A0A1Q6RAM4,A0A1Q6RAM4,dev,lysine,Tri,False,0.006,0.0088,0.0028,0.0101,0.0101,0.7312,True
cluster470_A0A1Q6RAM4,A0A1Q6RAM4,dev,methionine,Di,False,0.0212,0.0195,-0.0017,0.0301,0.0202,0.7312,True
cluster470_A0A1Q6RAM4,A0A1Q6RAM4,dev,methionine,Mono,False,0.0271,0.0242,-0.0029,0.0391,0.0391,0.7312,True
cluster470_A0A1Q6RAM4,A0A1Q6RAM4,dev,methionine,Tri,False,0.0258,0.0466,0.0208,0.0391,0.0529,0.7312,True
cluster470_A0A1Q6RAM4,A0A1Q6RAM4,dev,ornithine,Di,False,0.0255,0.0109,-0.0146,0.0391,0.0101,0.7312,True
cluster470_A0A1Q6RAM4,A0A1Q6RAM4,dev,ornithine,Mono,False,0.0107,0.0033,-0.0074,0.0101,0.0101,0.7312,True
cluster470_A0A1Q6RAM4,A0A1Q6RAM4,dev,ornithine,Tri,False,0.0058,0.0038,-0.002,0.0101,0.0101,0.7312,True
cluster470_A0A1Q6RAM4,A0A1Q6RAM4,dev,phenylalanine,Di,True,0.9446,0.9077,-0.0369,0.9023,0.8636,0.7312,True
cluster470_A0A1Q6RAM4,A0A1Q6RAM4,dev,phenylalanine,Mono,False,0.1215,0.0828,-0.0387,0.0915,0.0529,0.7312,True
cluster470_A0A1Q6RAM4,A0A1Q6RAM4,dev,phenylalanine,Tri,True,0.9243,0.9083,-0.016,0.8636,0.8636,0.7312,True
cluster470_A0A1Q6RAM4,A0A1Q6RAM4,dev,proline,Di,False,0.0019,0.0013,-0.0006,0.0023,0.0023,0.7312,True
cluster470_A0A1Q6RAM4,A0A1Q6RAM4,dev,proline,Mono,False,0.0047,0.0016,-0.0031,0.0101,0.0023,0.7312,True
cluster470_A0A1Q6RAM4,A0A1Q6RAM4,dev,proline,Tri,False,0.0185,0.0107,-0.0078,0.0202,0.0101,0.7312,True
cluster470_A0A1Q6RAM4,A0A1Q6RAM4,dev,putrescine,Di,False,0.0022,0.0013,-0.0009,0.0023,0.0023,0.7312,True
cluster470_A0A1Q6RAM4,A0A1Q6RAM4,dev,putrescine,Mono,False,0.0009,0.0005,-0.0004,0.0023,0.0,0.7312,True
cluster470_A0A1Q6RAM4,A0A1Q6RAM4,dev,putrescine,Tri,False,0.0027,0.0022,-0.0005,0.0101,0.0023,0.7312,True
cluster470_A0A1Q6RAM4,A0A1Q6RAM4,dev,serine,Di,False,0.0722,0.0691,-0.0031,0.0529,0.0529,0.7312,True
cluster470_A0A1Q6RAM4,A0A1Q6RAM4,dev,serine,Mono,False,0.0852,0.079,-0.0062,0.0529,0.0529,0.7312,True
cluster470_A0A1Q6RAM4,A0A1Q6RAM4,dev,serine,Tri,False,0.0323,0.042,0.0097,0.0409,0.0529,0.7312,True
cluster470_A0A1Q6RAM4,A0A1Q6RAM4,dev,serotonin,Di,False,0.0052,0.0016,-0.0036,0.0101,0.0023,0.7312,True
cluster470_A0A1Q6RAM4,A0A1Q6RAM4,dev,serotonin,Mono,False,0.0629,0.0176,-0.0453,0.0529,0.0202,0.7312,True
cluster470_A0A1Q6RAM4,A0A1Q6RAM4,dev,serotonin,Tri,False,0.0038,0.0021,-0.0017,0.0101,0.0023,0.7312,True
cluster470_A0A1Q6RAM4,A0A1Q6RAM4,dev,threonine,Di,False,0.0183,0.0285,0.0102,0.0202,0.0391,0.7312,True
cluster470_A0A1Q6RAM4,A0A1Q6RAM4,dev,threonine,Mono,False,0.037,0.0529,0.0159,0.0529,0.0529,0.7312,True
cluster470_A0A1Q6RAM4,A0A1Q6RAM4,dev,threonine,Tri,False,0.0012,0.0038,0.0026,0.0023,0.0101,0.7312,True
cluster470_A0A1Q6RAM4,A0A1Q6RAM4,dev,tryptamine,Di,False,0.0022,0.0008,-0.0014,0.0023,0.0023,0.7312,True
cluster470_A0A1Q6RAM4,A0A1Q6RAM4,dev,tryptamine,Mono,False,0.0007,0.0003,-0.0004,0.0023,0.0,0.7312,True
cluster470_A0A1Q6RAM4,A0A1Q6RAM4,dev,tryptamine,Tri,False,0.0039,0.0019,-0.002,0.0101,0.0023,0.7312,True
cluster470_A0A1Q6RAM4,A0A1Q6RAM4,dev,tyramine,Di,False,0.0102,0.0048,-0.0054,0.0101,0.0101,0.7312,True
cluster470_A0A1Q6RAM4,A0A1Q6RAM4,dev,tyramine,Mono,False,0.0793,0.0624,-0.0169,0.0529,0.0529,0.7312,True
cluster470_A0A1Q6RAM4,A0A1Q6RAM4,dev,tyramine,Tri,False,0.0097,0.0077,-0.002,0.0101,0.0101,0.7312,True
cluster4_A0A0P0LK75,A0A0P0LK75,,"2,3_diaminopropionic acid",Di,,0.0049,0.0087,0.0038,0.0101,0.0101,0.8908,True
cluster4_A0A0P0LK75,A0A0P0LK75,,"2,3_diaminopropionic acid",Mono,,0.0031,0.006,0.0029,0.0101,0.0101,0.8908,True
cluster4_A0A0P0LK75,A0A0P0LK75,,"2,3_diaminopropionic acid",Tri,,0.0434,0.1208,0.0774,0.0529,0.0915,0.8908,True
cluster4_A0A0P0LK75,A0A0P0LK75,,2_aminophenol,Di,,0.3414,0.6947,0.3533,0.28,0.5287,0.8908,True
cluster4_A0A0P0LK75,A0A0P0LK75,,2_aminophenol,Mono,,0.0429,0.0855,0.0426,0.0529,0.0529,0.8908,True
cluster4_A0A0P0LK75,A0A0P0LK75,,2_aminophenol,Tri,,0.2041,0.5784,0.3743,0.1127,0.4638,0.8908,True
cluster4_A0A0P0LK75,A0A0P0LK75,,3_methoxytyramine,Di,,0.0527,0.0366,-0.0161,0.0529,0.0529,0.8908,True
cluster4_A0A0P0LK75,A0A0P0LK75,,3_methoxytyramine,Mono,,0.0034,0.0039,0.0005,0.0101,0.0101,0.8908,True
cluster4_A0A0P0LK75,A0A0P0LK75,,3_methoxytyramine,Tri,,0.0307,0.0301,-0.0006,0.0409,0.0391,0.8908,True
cluster4_A0A0P0LK75,A0A0P0LK75,,alanine,Di,,0.4132,0.8643,0.4511,0.2815,0.7,0.8908,True
cluster4_A0A0P0LK75,A0A0P0LK75,,alanine,Mono,,0.3899,0.8561,0.4662,0.2815,0.7,0.8908,True
cluster4_A0A0P0LK75,A0A0P0LK75,,alanine,Tri,,0.0328,0.0943,0.0615,0.0409,0.0714,0.8908,True
cluster4_A0A0P0LK75,A0A0P0LK75,,arginine,Di,,0.0006,0.0018,0.0012,0.0,0.0023,0.8908,True
cluster4_A0A0P0LK75,A0A0P0LK75,,arginine,Mono,,0.0004,0.0011,0.0007,0.0,0.0023,0.8908,True
cluster4_A0A0P0LK75,A0A0P0LK75,,arginine,Tri,,0.0011,0.0062,0.0051,0.0023,0.0101,0.8908,True
cluster4_A0A0P0LK75,A0A0P0LK75,,asparagine,Di,,0.0116,0.0229,0.0113,0.0114,0.0345,0.8908,True
cluster4_A0A0P0LK75,A0A0P0LK75,,asparagine,Mono,,0.0144,0.0298,0.0154,0.0202,0.0391,0.8908,True
cluster4_A0A0P0LK75,A0A0P0LK75,,asparagine,Tri,,0.5295,0.7737,0.2442,0.4014,0.5287,0.8908,True
cluster4_A0A0P0LK75,A0A0P0LK75,,cadaverine,Di,,0.0009,0.0017,0.0008,0.0023,0.0023,0.8908,True
cluster4_A0A0P0LK75,A0A0P0LK75,,cadaverine,Mono,,0.0004,0.001,0.0006,0.0,0.0023,0.8908,True
cluster4_A0A0P0LK75,A0A0P0LK75,,cadaverine,Tri,,0.0012,0.0039,0.0027,0.0023,0.0101,0.8908,True
cluster4_A0A0P0LK75,A0A0P0LK75,,citrulline,Di,,0.0032,0.0117,0.0085,0.0101,0.0114,0.8908,True
cluster4_A0A0P0LK75,A0A0P0LK75,,citrulline,Mono,,0.0011,0.0037,0.0026,0.0023,0.0101,0.8908,True
cluster4_A0A0P0LK75,A0A0P0LK75,,citrulline,Tri,,0.0008,0.0036,0.0028,0.0023,0.0101,0.8908,True
cluster4_A0A0P0LK75,A0A0P0LK75,,cystine,Di,,0.0019,0.0029,0.001,0.0023,0.0101,0.8908,True
cluster4_A0A0P0LK75,A0A0P0LK75,,cystine,Mono,,0.0008,0.0015,0.0007,0.0023,0.0023,0.8908,True
cluster4_A0A0P0LK75,A0A0P0LK75,,cystine,Tri,,0.0022,0.005,0.0028,0.0023,0.0101,0.8908,True
cluster4_A0A0P0LK75,A0A0P0LK75,,dopamine,Di,,0.0834,0.1004,0.017,0.0529,0.0915,0.8908,True
cluster4_A0A0P0LK75,A0A0P0LK75,,dopamine,Mono,,0.0184,0.0345,0.0161,0.0202,0.0409,0.8908,True
cluster4_A0A0P0LK75,A0A0P0LK75,,dopamine,Tri,,0.583,0.7282,0.1452,0.4638,0.5287,0.8908,True
cluster4_A0A0P0LK75,A0A0P0LK75,,gaba,Di,,0.4463,0.9408,0.4945,0.3936,0.8696,0.8908,True
cluster4_A0A0P0LK75,A0A0P0LK75,,gaba,Mono,,0.5705,0.9659,0.3954,0.4231,0.9051,0.8908,True
cluster4_A0A0P0LK75,A0A0P0LK75,,gaba,Tri,,0.5164,0.9604,0.444,0.4014,0.9023,0.8908,True
cluster4_A0A0P0LK75,A0A0P0LK75,,glutamine,Di,,0.0202,0.0741,0.0539,0.0301,0.0529,0.8908,True
cluster4_A0A0P0LK75,A0A0P0LK75,,glutamine,Mono,,0.3098,0.6287,0.3189,0.2692,0.4857,0.8908,True
cluster4_A0A0P0LK75,A0A0P0LK75,,glutamine,Tri,,0.0168,0.0623,0.0455,0.0202,0.0529,0.8908,True
cluster4_A0A0P0LK75,A0A0P0LK75,,glyglycine,Di,,0.0013,0.0024,0.0011,0.0023,0.0101,0.8908,True
cluster4_A0A0P0LK75,A0A0P0LK75,,glyglycine,Mono,,0.0012,0.0025,0.0013,0.0023,0.0101,0.8908,True
cluster4_A0A0P0LK75,A0A0P0LK75,,glyglycine,Tri,,0.0062,0.0193,0.0131,0.0101,0.0202,0.8908,True
cluster4_A0A0P0LK75,A0A0P0LK75,,histidine,Di,,0.0002,0.0004,0.0002,0.0,0.0,0.8908,True
cluster4_A0A0P0LK75,A0A0P0LK75,,histidine,Mono,,1e-04,0.0003,0.0002,0.0,0.0,0.8908,True
cluster4_A0A0P0LK75,A0A0P0LK75,,histidine,Tri,,0.0009,0.0039,0.003,0.0023,0.0101,0.8908,True
cluster4_A0A0P0LK75,A0A0P0LK75,,lysine,Di,,0.0153,0.0676,0.0523,0.0202,0.0529,0.8908,True
cluster4_A0A0P0LK75,A0A0P0LK75,,lysine,Mono,,0.0029,0.0074,0.0045,0.0101,0.0101,0.8908,True
cluster4_A0A0P0LK75,A0A0P0LK75,,lysine,Tri,,0.0015,0.0048,0.0033,0.0023,0.0101,0.8908,True
cluster4_A0A0P0LK75,A0A0P0LK75,,methionine,Di,,0.004,0.0109,0.0069,0.0101,0.0101,0.8908,True
cluster4_A0A0P0LK75,A0A0P0LK75,,methionine,Mono,,0.0055,0.0203,0.0148,0.0101,0.0301,0.8908,True
cluster4_A0A0P0LK75,A0A0P0LK75,,methionine,Tri,,0.0066,0.0306,0.024,0.0101,0.0409,0.8908,True
cluster4_A0A0P0LK75,A0A0P0LK75,,ornithine,Di,,0.0204,0.0238,0.0034,0.0301,0.0391,0.8908,True
cluster4_A0A0P0LK75,A0A0P0LK75,,ornithine,Mono,,0.0097,0.0097,0.0,0.0101,0.0101,0.8908,True
cluster4_A0A0P0LK75,A0A0P0LK75,,ornithine,Tri,,0.0033,0.0054,0.0021,0.0101,0.0101,0.8908,True
cluster4_A0A0P0LK75,A0A0P0LK75,,phenylalanine,Di,,0.3862,0.8373,0.4511,0.2815,0.7,0.8908,True
cluster4_A0A0P0LK75,A0A0P0LK75,,phenylalanine,Mono,,0.0244,0.0924,0.068,0.0391,0.0714,0.8908,True
cluster4_A0A0P0LK75,A0A0P0LK75,,phenylalanine,Tri,,0.3265,0.8154,0.4889,0.2692,0.7,0.8908,True
cluster4_A0A0P0LK75,A0A0P0LK75,,proline,Di,,0.0009,0.0019,0.001,0.0023,0.0023,0.8908,True
cluster4_A0A0P0LK75,A0A0P0LK75,,proline,Mono,,0.0014,0.0025,0.0011,0.0023,0.0101,0.8908,True
cluster4_A0A0P0LK75,A0A0P0LK75,,proline,Tri,,0.0079,0.023,0.0151,0.0101,0.0345,0.8908,True
cluster4_A0A0P0LK75,A0A0P0LK75,,putrescine,Di,,0.0009,0.0018,0.0009,0.0023,0.0023,0.8908,True
cluster4_A0A0P0LK75,A0A0P0LK75,,putrescine,Mono,,0.0004,0.001,0.0006,0.0,0.0023,0.8908,True
cluster4_A0A0P0LK75,A0A0P0LK75,,putrescine,Tri,,0.0012,0.0041,0.0029,0.0023,0.0101,0.8908,True
cluster4_A0A0P0LK75,A0A0P0LK75,,serine,Di,,0.0194,0.0426,0.0232,0.0202,0.0529,0.8908,True
cluster4_A0A0P0LK75,A0A0P0LK75,,serine,Mono,,0.0266,0.0709,0.0443,0.0391,0.0529,0.8908,True
cluster4_A0A0P0LK75,A0A0P0LK75,,serine,Tri,,0.009,0.0312,0.0222,0.0101,0.0409,0.8908,True
cluster4_A0A0P0LK75,A0A0P0LK75,,serotonin,Di,,0.0039,0.004,1e-04,0.0101,0.0101,0.8908,True
cluster4_A0A0P0LK75,A0A0P0LK75,,serotonin,Mono,,0.054,0.0667,0.0127,0.0529,0.0529,0.8908,True
cluster4_A0A0P0LK75,A0A0P0LK75,,serotonin,Tri,,0.0024,0.0032,0.0008,0.0101,0.0101,0.8908,True
cluster4_A0A0P0LK75,A0A0P0LK75,,threonine,Di,,0.0024,0.0131,0.0107,0.0101,0.0137,0.8908,True
cluster4_A0A0P0LK75,A0A0P0LK75,,threonine,Mono,,0.006,0.0341,0.0281,0.0101,0.0409,0.8908,True
cluster4_A0A0P0LK75,A0A0P0LK75,,threonine,Tri,,0.0003,0.0023,0.002,0.0,0.0101,0.8908,True
cluster4_A0A0P0LK75,A0A0P0LK75,,tryptamine,Di,,0.0015,0.0019,0.0004,0.0023,0.0023,0.8908,True
cluster4_A0A0P0LK75,A0A0P0LK75,,tryptamine,Mono,,0.0006,0.0007,1e-04,0.0,0.0023,0.8908,True
cluster4_A0A0P0LK75,A0A0P0LK75,,tryptamine,Tri,,0.0031,0.0062,0.0031,0.0101,0.0101,0.8908,True
cluster4_A0A0P0LK75,A0A0P0LK75,,tyramine,Di,,0.0036,0.0052,0.0016,0.0101,0.0101,0.8908,True
cluster4_A0A0P0LK75,A0A0P0LK75,,tyramine,Mono,,0.0404,0.0818,0.0414,0.0529,0.0529,0.8908,True
cluster4_A0A0P0LK75,A0A0P0LK75,,tyramine,Tri,,0.0029,0.0055,0.0026,0.0101,0.0101,0.8908,True
cluster518_B0MC37,B0MC37,dev,"2,3_diaminopropionic acid",Di,False,0.0724,0.0601,-0.0123,0.0529,0.0529,0.9744,True
cluster518_B0MC37,B0MC37,dev,"2,3_diaminopropionic acid",Mono,False,0.0305,0.0264,-0.0041,0.0409,0.0391,0.9744,True
cluster518_B0MC37,B0MC37,dev,"2,3_diaminopropionic acid",Tri,True,0.5643,0.5465,-0.0178,0.4231,0.4014,0.9744,True
cluster518_B0MC37,B0MC37,dev,2_aminophenol,Di,True,0.894,0.9053,0.0113,0.8571,0.8636,0.9744,True
cluster518_B0MC37,B0MC37,dev,2_aminophenol,Mono,False,0.1443,0.1729,0.0286,0.0915,0.1127,0.9744,True
cluster518_B0MC37,B0MC37,dev,2_aminophenol,Tri,False,0.8331,0.8688,0.0357,0.7,0.7,0.9744,True
cluster518_B0MC37,B0MC37,dev,3_methoxytyramine,Di,False,0.1379,0.1361,-0.0018,0.0915,0.0915,0.9744,True
cluster518_B0MC37,B0MC37,dev,3_methoxytyramine,Mono,False,0.0165,0.0139,-0.0026,0.0202,0.0202,0.9744,True
cluster518_B0MC37,B0MC37,dev,3_methoxytyramine,Tri,False,0.1299,0.1215,-0.0084,0.0915,0.0915,0.9744,True
cluster518_B0MC37,B0MC37,dev,alanine,Di,True,0.9727,0.9682,-0.0045,0.9082,0.9082,0.9744,True
cluster518_B0MC37,B0MC37,dev,alanine,Mono,True,0.9595,0.9588,-0.0007,0.9023,0.9023,0.9744,True
cluster518_B0MC37,B0MC37,dev,alanine,Tri,False,0.3664,0.3082,-0.0582,0.2815,0.2692,0.9744,True
cluster518_B0MC37,B0MC37,dev,arginine,Di,False,0.0074,0.0068,-0.0006,0.0101,0.0101,0.9744,True
cluster518_B0MC37,B0MC37,dev,arginine,Mono,False,0.0025,0.0023,-0.0002,0.0101,0.0101,0.9744,True
cluster518_B0MC37,B0MC37,dev,arginine,Tri,False,0.0252,0.0253,1e-04,0.0391,0.0391,0.9744,True
cluster518_B0MC37,B0MC37,dev,asparagine,Di,False,0.0575,0.06,0.0025,0.0529,0.0529,0.9744,True
cluster518_B0MC37,B0MC37,dev,asparagine,Mono,False,0.0446,0.0455,0.0009,0.0529,0.0529,0.9744,True
cluster518_B0MC37,B0MC37,dev,asparagine,Tri,True,0.9158,0.9162,0.0004,0.8636,0.8636,0.9744,True
cluster518_B0MC37,B0MC37,dev,cadaverine,Di,False,0.0031,0.0043,0.0012,0.0101,0.0101,0.9744,True
cluster518_B0MC37,B0MC37,dev,cadaverine,Mono,False,0.001,0.0015,0.0005,0.0023,0.0023,0.9744,True
cluster518_B0MC37,B0MC37,dev,cadaverine,Tri,False,0.0047,0.0068,0.0021,0.0101,0.0101,0.9744,True
cluster518_B0MC37,B0MC37,dev,citrulline,Di,False,0.0294,0.0324,0.003,0.0391,0.0409,0.9744,True
cluster518_B0MC37,B0MC37,dev,citrulline,Mono,False,0.0074,0.0081,0.0007,0.0101,0.0101,0.9744,True
cluster518_B0MC37,B0MC37,dev,citrulline,Tri,False,0.0089,0.0099,0.001,0.0101,0.0101,0.9744,True
cluster518_B0MC37,B0MC37,dev,cystine,Di,False,0.0133,0.0133,0.0,0.0137,0.0137,0.9744,True
cluster518_B0MC37,B0MC37,dev,cystine,Mono,False,0.0044,0.0044,0.0,0.0101,0.0101,0.9744,True
cluster518_B0MC37,B0MC37,dev,cystine,Tri,False,0.0217,0.022,0.0003,0.0301,0.0301,0.9744,True
cluster518_B0MC37,B0MC37,dev,dopamine,Di,False,0.2588,0.3382,0.0794,0.1757,0.28,0.9744,True
cluster518_B0MC37,B0MC37,dev,dopamine,Mono,False,0.0663,0.0912,0.0249,0.0529,0.0529,0.9744,True
cluster518_B0MC37,B0MC37,dev,dopamine,Tri,True,0.8912,0.9141,0.0229,0.8541,0.8636,0.9744,True
cluster518_B0MC37,B0MC37,dev,gaba,Di,True,0.9901,0.9909,0.0008,0.9214,0.9214,0.9744,True
cluster518_B0MC37,B0MC37,dev,gaba,Mono,True,0.9902,0.992,0.0018,0.9214,0.9214,0.9744,True
cluster518_B0MC37,B0MC37,dev,gaba,Tri,True,0.9932,0.994,0.0008,0.9214,0.9214,0.9744,True
cluster518_B0MC37,B0MC37,dev,glutamine,Di,False,0.1582,0.1686,0.0104,0.1127,0.1127,0.9744,True
cluster518_B0MC37,B0MC37,dev,glutamine,Mono,True,0.7416,0.7414,-0.0002,0.5287,0.5287,0.9744,True
cluster518_B0MC37,B0MC37,dev,glutamine,Tri,False,0.1313,0.1215,-0.0098,0.0915,0.0915,0.9744,True
cluster518_B0MC37,B0MC37,dev,glyglycine,Di,False,0.0079,0.0077,-0.0002,0.0101,0.0101,0.9744,True
cluster518_B0MC37,B0MC37,dev,glyglycine,Mono,False,0.0054,0.0058,0.0004,0.0101,0.0101,0.9744,True
cluster518_B0MC37,B0MC37,dev,glyglycine,Tri,False,0.0643,0.0563,-0.008,0.0529,0.0529,0.9744,True
cluster518_B0MC37,B0MC37,dev,histidine,Di,False,0.0006,0.0007,1e-04,0.0,0.0023,0.9744,True
cluster518_B0MC37,B0MC37,dev,histidine,Mono,False,0.0003,0.0004,1e-04,0.0,0.0,0.9744,True
cluster518_B0MC37,B0MC37,dev,histidine,Tri,False,0.0057,0.0065,0.0008,0.0101,0.0101,0.9744,True
cluster518_B0MC37,B0MC37,dev,lysine,Di,False,0.1236,0.1422,0.0186,0.0915,0.0915,0.9744,True
cluster518_B0MC37,B0MC37,dev,lysine,Mono,False,0.0148,0.0164,0.0016,0.0202,0.0202,0.9744,True
cluster518_B0MC37,B0MC37,dev,lysine,Tri,False,0.015,0.0161,0.0011,0.0202,0.0202,0.9744,True
cluster518_B0MC37,B0MC37,dev,methionine,Di,False,0.0511,0.0626,0.0115,0.0529,0.0529,0.9744,True
cluster518_B0MC37,B0MC37,dev,methionine,Mono,False,0.0492,0.0584,0.0092,0.0529,0.0529,0.9744,True
cluster518_B0MC37,B0MC37,dev,methionine,Tri,False,0.0903,0.0953,0.005,0.0529,0.0714,0.9744,True
cluster518_B0MC37,B0MC37,dev,ornithine,Di,False,0.0647,0.0615,-0.0032,0.0529,0.0529,0.9744,True
cluster518_B0MC37,B0MC37,dev,ornithine,Mono,False,0.0179,0.0185,0.0006,0.0202,0.0202,0.9744,True
cluster518_B0MC37,B0MC37,dev,ornithine,Tri,False,0.0168,0.0173,0.0005,0.0202,0.0202,0.9744,True
cluster518_B0MC37,B0MC37,dev,phenylalanine,Di,True,0.9487,0.9535,0.0048,0.9023,0.9023,0.9744,True
cluster518_B0MC37,B0MC37,dev,phenylalanine,Mono,False,0.1501,0.1692,0.0191,0.1127,0.1127,0.9744,True
cluster518_B0MC37,B0MC37,dev,phenylalanine,Tri,True,0.9471,0.9506,0.0035,0.9023,0.9023,0.9744,True
cluster518_B0MC37,B0MC37,dev,proline,Di,False,0.0033,0.004,0.0007,0.0101,0.0101,0.9744,True
cluster518_B0MC37,B0MC37,dev,proline,Mono,False,0.003,0.0039,0.0009,0.0101,0.0101,0.9744,True
cluster518_B0MC37,B0MC37,dev,proline,Tri,False,0.0334,0.0441,0.0107,0.0409,0.0529,0.9744,True
cluster518_B0MC37,B0MC37,dev,putrescine,Di,False,0.0031,0.0043,0.0012,0.0101,0.0101,0.9744,True
cluster518_B0MC37,B0MC37,dev,putrescine,Mono,False,0.001,0.0015,0.0005,0.0023,0.0023,0.9744,True
cluster518_B0MC37,B0MC37,dev,putrescine,Tri,False,0.0047,0.0068,0.0021,0.0101,0.0101,0.9744,True
cluster518_B0MC37,B0MC37,dev,serine,Di,False,0.1303,0.14,0.0097,0.0915,0.0915,0.9744,True
cluster518_B0MC37,B0MC37,dev,serine,Mono,False,0.1524,0.1671,0.0147,0.1127,0.1127,0.9744,True
cluster518_B0MC37,B0MC37,dev,serine,Tri,False,0.0978,0.1102,0.0124,0.0915,0.0915,0.9744,True
cluster518_B0MC37,B0MC37,dev,serotonin,Di,False,0.0067,0.0073,0.0006,0.0101,0.0101,0.9744,True
cluster518_B0MC37,B0MC37,dev,serotonin,Mono,False,0.0752,0.0807,0.0055,0.0529,0.0529,0.9744,True
cluster518_B0MC37,B0MC37,dev,serotonin,Tri,False,0.0061,0.008,0.0019,0.0101,0.0101,0.9744,True
cluster518_B0MC37,B0MC37,dev,threonine,Di,False,0.0291,0.0369,0.0078,0.0391,0.0529,0.9744,True
cluster518_B0MC37,B0MC37,dev,threonine,Mono,False,0.0522,0.0739,0.0217,0.0529,0.0529,0.9744,True
cluster518_B0MC37,B0MC37,dev,threonine,Tri,False,0.004,0.0058,0.0018,0.0101,0.0101,0.9744,True
cluster518_B0MC37,B0MC37,dev,tryptamine,Di,False,0.0023,0.0029,0.0006,0.0023,0.0101,0.9744,True
cluster518_B0MC37,B0MC37,dev,tryptamine,Mono,False,0.0004,0.0006,0.0002,0.0,0.0,0.9744,True
cluster518_B0MC37,B0MC37,dev,tryptamine,Tri,False,0.0047,0.0063,0.0016,0.0101,0.0101,0.9744,True
cluster518_B0MC37,B0MC37,dev,tyramine,Di,False,0.0181,0.027,0.0089,0.0202,0.0391,0.9744,True
cluster518_B0MC37,B0MC37,dev,tyramine,Mono,False,0.1072,0.1485,0.0413,0.0915,0.1127,0.9744,True
cluster518_B0MC37,B0MC37,dev,tyramine,Tri,False,0.0175,0.0281,0.0106,0.0202,0.0391,0.9744,True
cluster524_C0CIF5,C0CIF5,test,"2,3_diaminopropionic acid",Di,False,0.0539,0.0269,-0.027,0.0529,0.0391,0.9502,True
cluster524_C0CIF5,C0CIF5,test,"2,3_diaminopropionic acid",Mono,False,0.0247,0.0166,-0.0081,0.0391,0.0202,0.9502,True
cluster524_C0CIF5,C0CIF5,test,"2,3_diaminopropionic acid",Tri,False,0.455,0.3937,-0.0613,0.3936,0.2815,0.9502,True
cluster524_C0CIF5,C0CIF5,test,2_aminophenol,Di,True,0.9301,0.9019,-0.0282,0.8636,0.8583,0.9502,True
cluster524_C0CIF5,C0CIF5,test,2_aminophenol,Mono,False,0.2654,0.239,-0.0264,0.1875,0.1757,0.9502,True
cluster524_C0CIF5,C0CIF5,test,2_aminophenol,Tri,True,0.8825,0.8466,-0.0359,0.8235,0.7,0.9502,True
cluster524_C0CIF5,C0CIF5,test,3_methoxytyramine,Di,False,0.1383,0.0596,-0.0787,0.0915,0.0529,0.9502,True
cluster524_C0CIF5,C0CIF5,test,3_methoxytyramine,Mono,False,0.0205,0.0078,-0.0127,0.0301,0.0101,0.9502,True
cluster524_C0CIF5,C0CIF5,test,3_methoxytyramine,Tri,False,0.136,0.0571,-0.0789,0.0915,0.0529,0.9502,True
cluster524_C0CIF5,C0CIF5,test,alanine,Di,True,0.9631,0.9508,-0.0123,0.9023,0.9023,0.9502,True
cluster524_C0CIF5,C0CIF5,test,alanine,Mono,True,0.9499,0.9422,-0.0077,0.9023,0.8696,0.9502,True
cluster524_C0CIF5,C0CIF5,test,alanine,Tri,False,0.6153,0.5555,-0.0598,0.4706,0.4014,0.9502,True
cluster524_C0CIF5,C0CIF5,test,arginine,Di,False,0.0049,0.0031,-0.0018,0.0101,0.0101,0.9502,True
cluster524_C0CIF5,C0CIF5,test,arginine,Mono,False,0.0021,0.0017,-0.0004,0.0023,0.0023,0.9502,True
cluster524_C0CIF5,C0CIF5,test,arginine,Tri,False,0.0158,0.0158,0.0,0.0202,0.0202,0.9502,True
cluster524_C0CIF5,C0CIF5,test,asparagine,Di,False,0.056,0.0335,-0.0225,0.0529,0.0409,0.9502,True
cluster524_C0CIF5,C0CIF5,test,asparagine,Mono,False,0.0356,0.0272,-0.0084,0.0409,0.0391,0.9502,True
cluster524_C0CIF5,C0CIF5,test,asparagine,Tri,True,0.8336,0.814,-0.0196,0.7,0.7,0.9502,True
cluster524_C0CIF5,C0CIF5,test,cadaverine,Di,False,0.0057,0.0032,-0.0025,0.0101,0.0101,0.9502,True
cluster524_C0CIF5,C0CIF5,test,cadaverine,Mono,False,0.0019,0.0014,-0.0005,0.0023,0.0023,0.9502,True
cluster524_C0CIF5,C0CIF5,test,cadaverine,Tri,False,0.007,0.0052,-0.0018,0.0101,0.0101,0.9502,True
cluster524_C0CIF5,C0CIF5,test,citrulline,Di,False,0.0241,0.0245,0.0004,0.0391,0.0391,0.9502,True
cluster524_C0CIF5,C0CIF5,test,citrulline,Mono,False,0.0076,0.0076,0.0,0.0101,0.0101,0.9502,True
cluster524_C0CIF5,C0CIF5,test,citrulline,Tri,False,0.0084,0.0085,1e-04,0.0101,0.0101,0.9502,True
cluster524_C0CIF5,C0CIF5,test,cystine,Di,False,0.0127,0.0067,-0.006,0.0137,0.0101,0.9502,True
cluster524_C0CIF5,C0CIF5,test,cystine,Mono,False,0.0048,0.0033,-0.0015,0.0101,0.0101,0.9502,True
cluster524_C0CIF5,C0CIF5,test,cystine,Tri,False,0.0209,0.0135,-0.0074,0.0301,0.0137,0.9502,True
cluster524_C0CIF5,C0CIF5,test,dopamine,Di,False,0.2977,0.1836,-0.1141,0.2692,0.1127,0.9502,True
cluster524_C0CIF5,C0CIF5,test,dopamine,Mono,False,0.0956,0.0672,-0.0284,0.0915,0.0529,0.9502,True
cluster524_C0CIF5,C0CIF5,test,dopamine,Tri,True,0.8849,0.847,-0.0379,0.8235,0.7,0.9502,True
cluster524_C0CIF5,C0CIF5,test,gaba,Di,True,0.9848,0.9551,-0.0297,0.9214,0.9023,0.9502,True
cluster524_C0CIF5,C0CIF5,test,gaba,Mono,True,0.9852,0.962,-0.0232,0.9214,0.9023,0.9502,True
cluster524_C0CIF5,C0CIF5,test,gaba,Tri,True,0.9869,0.9704,-0.0165,0.9214,0.9082,0.9502,True
cluster524_C0CIF5,C0CIF5,test,glutamine,Di,False,0.1126,0.1228,0.0102,0.0915,0.0915,0.9502,True
cluster524_C0CIF5,C0CIF5,test,glutamine,Mono,True,0.6065,0.5919,-0.0146,0.4638,0.4638,0.9502,True
cluster524_C0CIF5,C0CIF5,test,glutamine,Tri,False,0.0719,0.0813,0.0094,0.0529,0.0529,0.9502,True
cluster524_C0CIF5,C0CIF5,test,glyglycine,Di,False,0.0174,0.0121,-0.0053,0.0202,0.0114,0.9502,True
cluster524_C0CIF5,C0CIF5,test,glyglycine,Mono,False,0.0127,0.0098,-0.0029,0.0137,0.0101,0.9502,True
cluster524_C0CIF5,C0CIF5,test,glyglycine,Tri,False,0.1406,0.1487,0.0081,0.0915,0.1127,0.9502,True
cluster524_C0CIF5,C0CIF5,test,histidine,Di,False,0.0011,0.001,-1e-04,0.0023,0.0023,0.9502,True
cluster524_C0CIF5,C0CIF5,test,histidine,Mono,False,0.0008,0.0007,-1e-04,0.0023,0.0023,0.9502,True
cluster524_C0CIF5,C0CIF5,test,histidine,Tri,False,0.0145,0.0155,0.001,0.0202,0.0202,0.9502,True
cluster524_C0CIF5,C0CIF5,test,lysine,Di,False,0.2162,0.2053,-0.0109,0.1127,0.1127,0.9502,True
cluster524_C0CIF5,C0CIF5,test,lysine,Mono,False,0.0256,0.0243,-0.0013,0.0391,0.0391,0.9502,True
cluster524_C0CIF5,C0CIF5,test,lysine,Tri,False,0.0226,0.02,-0.0026,0.0345,0.0301,0.9502,True
cluster524_C0CIF5,C0CIF5,test,methionine,Di,False,0.0698,0.079,0.0092,0.0529,0.0529,0.9502,True
cluster524_C0CIF5,C0CIF5,test,methionine,Mono,False,0.086,0.1135,0.0275,0.0529,0.0915,0.9502,True
cluster524_C0CIF5,C0CIF5,test,methionine,Tri,False,0.1317,0.1643,0.0326,0.0915,0.1127,0.9502,True
cluster524_C0CIF5,C0CIF5,test,ornithine,Di,False,0.0665,0.033,-0.0335,0.0529,0.0409,0.9502,True
cluster524_C0CIF5,C0CIF5,test,ornithine,Mono,False,0.023,0.0122,-0.0108,0.0345,0.0114,0.9502,True
cluster524_C0CIF5,C0CIF5,test,ornithine,Tri,False,0.0183,0.0101,-0.0082,0.0202,0.0101,0.9502,True
cluster524_C0CIF5,C0CIF5,test,phenylalanine,Di,True,0.9506,0.9191,-0.0315,0.9023,0.8636,0.9502,True
cluster524_C0CIF5,C0CIF5,test,phenylalanine,Mono,False,0.2069,0.1574,-0.0495,0.1127,0.1127,0.9502,True
cluster524_C0CIF5,C0CIF5,test,phenylalanine,Tri,True,0.9449,0.9226,-0.0223,0.9023,0.8636,0.9502,True
cluster524_C0CIF5,C0CIF5,test,proline,Di,False,0.0033,0.0021,-0.0012,0.0101,0.0023,0.9502,True
cluster524_C0CIF5,C0CIF5,test,proline,Mono,False,0.0028,0.0024,-0.0004,0.0101,0.0101,0.9502,True
cluster524_C0CIF5,C0CIF5,test,proline,Tri,False,0.0302,0.0248,-0.0054,0.0391,0.0391,0.9502,True
cluster524_C0CIF5,C0CIF5,test,putrescine,Di,False,0.0058,0.0032,-0.0026,0.0101,0.0101,0.9502,True
cluster524_C0CIF5,C0CIF5,test,putrescine,Mono,False,0.0019,0.0014,-0.0005,0.0023,0.0023,0.9502,True
cluster524_C0CIF5,C0CIF5,test,putrescine,Tri,False,0.007,0.0052,-0.0018,0.0101,0.0101,0.9502,True
cluster524_C0CIF5,C0CIF5,test,serine,Di,True,0.3191,0.2542,-0.0649,0.2692,0.1757,0.9502,True
cluster524_C0CIF5,C0CIF5,test,serine,Mono,False,0.3167,0.2693,-0.0474,0.2692,0.1915,0.9502,True
cluster524_C0CIF5,C0CIF5,test,serine,Tri,False,0.1896,0.1249,-0.0647,0.1127,0.0915,0.9502,True
cluster524_C0CIF5,C0CIF5,test,serotonin,Di,False,0.0134,0.0059,-0.0075,0.0137,0.0101,0.9502,True
cluster524_C0CIF5,C0CIF5,test,serotonin,Mono,False,0.199,0.0688,-0.1302,0.1127,0.0529,0.9502,True
cluster524_C0CIF5,C0CIF5,test,serotonin,Tri,False,0.0132,0.0076,-0.0056,0.0137,0.0101,0.9502,True
cluster524_C0CIF5,C0CIF5,test,threonine,Di,False,0.0462,0.0594,0.0132,0.0529,0.0529,0.9502,True
cluster524_C0CIF5,C0CIF5,test,threonine,Mono,False,0.0749,0.0932,0.0183,0.0529,0.0714,0.9502,True
cluster524_C0CIF5,C0CIF5,test,threonine,Tri,False,0.0085,0.0064,-0.0021,0.0101,0.0101,0.9502,True
cluster524_C0CIF5,C0CIF5,test,tryptamine,Di,False,0.0042,0.002,-0.0022,0.0101,0.0023,0.9502,True
cluster524_C0CIF5,C0CIF5,test,tryptamine,Mono,False,0.0012,0.0007,-0.0005,0.0023,0.0023,0.9502,True
cluster524_C0CIF5,C0CIF5,test,tryptamine,Tri,False,0.009,0.0052,-0.0038,0.0101,0.0101,0.9502,True
cluster524_C0CIF5,C0CIF5,test,tyramine,Di,False,0.026,0.0142,-0.0118,0.0391,0.0202,0.9502,True
cluster524_C0CIF5,C0CIF5,test,tyramine,Mono,False,0.2366,0.1423,-0.0943,0.1455,0.0915,0.9502,True
cluster524_C0CIF5,C0CIF5,test,tyramine,Tri,False,0.0254,0.0186,-0.0068,0.0391,0.0202,0.9502,True
cluster525_A0A0S2W269,A0A0S2W269,dev,"2,3_diaminopropionic acid",Di,False,0.0079,0.0068,-0.0011,0.0101,0.0101,0.736,True
cluster525_A0A0S2W269,A0A0S2W269,dev,"2,3_diaminopropionic acid",Mono,False,0.0046,0.0045,-1e-04,0.0101,0.0101,0.736,True
cluster525_A0A0S2W269,A0A0S2W269,dev,"2,3_diaminopropionic acid",Tri,False,0.1052,0.1226,0.0174,0.0915,0.0915,0.736,True
cluster525_A0A0S2W269,A0A0S2W269,dev,2_aminophenol,Di,True,0.8561,0.6972,-0.1589,0.7,0.5287,0.736,True
cluster525_A0A0S2W269,A0A0S2W269,dev,2_aminophenol,Mono,False,0.1451,0.0771,-0.068,0.0915,0.0529,0.736,True
cluster525_A0A0S2W269,A0A0S2W269,dev,2_aminophenol,Tri,False,0.6551,0.5935,-0.0616,0.5287,0.4638,0.736,True
cluster525_A0A0S2W269,A0A0S2W269,dev,3_methoxytyramine,Di,False,0.0219,0.0139,-0.008,0.0301,0.0202,0.736,True
cluster525_A0A0S2W269,A0A0S2W269,dev,3_methoxytyramine,Mono,False,0.0028,0.0013,-0.0015,0.0101,0.0023,0.736,True
cluster525_A0A0S2W269,A0A0S2W269,dev,3_methoxytyramine,Tri,False,0.0298,0.0194,-0.0104,0.0391,0.0202,0.736,True
cluster525_A0A0S2W269,A0A0S2W269,dev,alanine,Di,True,0.9564,0.8661,-0.0903,0.9023,0.7,0.736,True
cluster525_A0A0S2W269,A0A0S2W269,dev,alanine,Mono,True,0.9498,0.8566,-0.0932,0.9023,0.7,0.736,True
cluster525_A0A0S2W269,A0A0S2W269,dev,alanine,Tri,False,0.0829,0.1622,0.0793,0.0529,0.1127,0.736,True
cluster525_A0A0S2W269,A0A0S2W269,dev,arginine,Di,False,0.001,0.0022,0.0012,0.0023,0.0023,0.736,True
cluster525_A0A0S2W269,A0A0S2W269,dev,arginine,Mono,False,0.0006,0.0012,0.0006,0.0,0.0023,0.736,True
cluster525_A0A0S2W269,A0A0S2W269,dev,arginine,Tri,False,0.0029,0.0125,0.0096,0.0101,0.0135,0.736,True
cluster525_A0A0S2W269,A0A0S2W269,dev,asparagine,Di,False,0.027,0.0232,-0.0038,0.0391,0.0345,0.736,True
cluster525_A0A0S2W269,A0A0S2W269,dev,asparagine,Mono,False,0.0342,0.0225,-0.0117,0.0409,0.0345,0.736,True
cluster525_A0A0S2W269,A0A0S2W269,dev,asparagine,Tri,True,0.868,0.8513,-0.0167,0.7,0.7,0.736,True
cluster525_A0A0S2W269,A0A0S2W269,dev,cadaverine,Di,False,0.0012,0.0011,-1e-04,0.0023,0.0023,0.736,True
cluster525_A0A0S2W269,A0A0S2W269,dev,cadaverine,Mono,False,0.0006,0.0005,-1e-04,0.0,0.0,0.736,True
cluster525_A0A0S2W269,A0A0S2W269,dev,cadaverine,Tri,False,0.0021,0.0023,0.0002,0.0023,0.0101,0.736,True
cluster525_A0A0S2W269,A0A0S2W269,dev,citrulline,Di,False,0.0072,0.0149,0.0077,0.0101,0.0202,0.736,True
cluster525_A0A0S2W269,A0A0S2W269,dev,citrulline,Mono,False,0.0022,0.0041,0.0019,0.0023,0.0101,0.736,True
cluster525_A0A0S2W269,A0A0S2W269,dev,citrulline,Tri,False,0.0019,0.0066,0.0047,0.0023,0.0101,0.736,True
cluster525_A0A0S2W269,A0A0S2W269,dev,cystine,Di,False,0.0028,0.0035,0.0007,0.0101,0.0101,0.736,True
cluster525_A0A0S2W269,A0A0S2W269,dev,cystine,Mono,False,0.0011,0.0015,0.0004,0.0023,0.0023,0.736,True
cluster525_A0A0S2W269,A0A0S2W269,dev,cystine,Tri,False,0.0048,0.0109,0.0061,0.0101,0.0101,0.736,True
cluster525_A0A0S2W269,A0A0S2W269,dev,dopamine,Di,False,0.1087,0.0533,-0.0554,0.0915,0.0529,0.736,True
cluster525_A0A0S2W269,A0A0S2W269,dev,dopamine,Mono,False,0.0285,0.0133,-0.0152,0.0391,0.0137,0.736,True
cluster525_A0A0S2W269,A0A0S2W269,dev,dopamine,Tri,True,0.8755,0.7541,-0.1214,0.7,0.5287,0.736,True
cluster525_A0A0S2W269,A0A0S2W269,dev,gaba,Di,True,0.979,0.8842,-0.0948,0.9082,0.8235,0.736,True
cluster525_A0A0S2W269,A0A0S2W269,dev,gaba,Mono,True,0.9879,0.9289,-0.059,0.9214,0.8636,0.736,True
cluster525_A0A0S2W269,A0A0S2W269,dev,gaba,Tri,True,0.9855,0.936,-0.0495,0.9214,0.8636,0.736,True
cluster525_A0A0S2W269,A0A0S2W269,dev,glutamine,Di,False,0.0611,0.0749,0.0138,0.0529,0.0529,0.736,True
cluster525_A0A0S2W269,A0A0S2W269,dev,glutamine,Mono,False,0.6628,0.6299,-0.0329,0.5287,0.4857,0.736,True
cluster525_A0A0S2W269,A0A0S2W269,dev,glutamine,Tri,False,0.0324,0.0751,0.0427,0.0409,0.0529,0.736,True
cluster525_A0A0S2W269,A0A0S2W269,dev,glyglycine,Di,False,0.0032,0.0043,0.0011,0.0101,0.0101,0.736,True
cluster525_A0A0S2W269,A0A0S2W269,dev,glyglycine,Mono,False,0.0029,0.0046,0.0017,0.0101,0.0101,0.736,True
cluster525_A0A0S2W269,A0A0S2W269,dev,glyglycine,Tri,False,0.0233,0.0756,0.0523,0.0391,0.0529,0.736,True
cluster525_A0A0S2W269,A0A0S2W269,dev,histidine,Di,False,0.0004,0.0009,0.0005,0.0,0.0023,0.736,True
cluster525_A0A0S2W269,A0A0S2W269,dev,histidine,Mono,False,0.0003,0.0005,0.0002,0.0,0.0,0.736,True
cluster525_A0A0S2W269,A0A0S2W269,dev,histidine,Tri,False,0.0043,0.0146,0.0103,0.0101,0.0202,0.736,True
cluster525_A0A0S2W269,A0A0S2W269,dev,lysine,Di,False,0.0315,0.0729,0.0414,0.0409,0.0529,0.736,True
cluster525_A0A0S2W269,A0A0S2W269,dev,lysine,Mono,False,0.0049,0.0095,0.0046,0.0101,0.0101,0.736,True
cluster525_A0A0S2W269,A0A0S2W269,dev,lysine,Tri,False,0.003,0.0102,0.0072,0.0101,0.0101,0.736,True
cluster525_A0A0S2W269,A0A0S2W269,dev,methionine,Di,False,0.0104,0.0233,0.0129,0.0101,0.0391,0.736,True
cluster525_A0A0S2W269,A0A0S2W269,dev,methionine,Mono,False,0.0153,0.033,0.0177,0.0202,0.0409,0.736,True
cluster525_A0A0S2W269,A0A0S2W269,dev,methionine,Tri,False,0.0183,0.06,0.0417,0.0202,0.0529,0.736,True
cluster525_A0A0S2W269,A0A0S2W269,dev,ornithine,Di,False,0.0103,0.0102,-1e-04,0.0101,0.0101,0.736,True
cluster525_A0A0S2W269,A0A0S2W269,dev,ornithine,Mono,False,0.0043,0.0039,-0.0004,0.0101,0.0101,0.736,True
cluster525_A0A0S2W269,A0A0S2W269,dev,ornithine,Tri,False,0.0025,0.0048,0.0023,0.0101,0.0101,0.736,True
cluster525_A0A0S2W269,A0A0S2W269,dev,phenylalanine,Di,True,0.9511,0.879,-0.0721,0.9023,0.75,0.736,True
cluster525_A0A0S2W269,A0A0S2W269,dev,phenylalanine,Mono,False,0.1122,0.0637,-0.0485,0.0915,0.0529,0.736,True
cluster525_A0A0S2W269,A0A0S2W269,dev,phenylalanine,Tri,True,0.9448,0.8981,-0.0467,0.9023,0.8571,0.736,True
cluster525_A0A0S2W269,A0A0S2W269,dev,proline,Di,False,0.0014,0.0017,0.0003,0.0023,0.0023,0.736,True
cluster525_A0A0S2W269,A0A0S2W269,dev,proline,Mono,False,0.0019,0.0021,0.0002,0.0023,0.0023,0.736,True
cluster525_A0A0S2W269,A0A0S2W269,dev,proline,Tri,False,0.0097,0.0127,0.003,0.0101,0.0137,0.736,True
cluster525_A0A0S2W269,A0A0S2W269,dev,putrescine,Di,False,0.0012,0.0012,0.0,0.0023,0.0023,0.736,True
cluster525_A0A0S2W269,A0A0S2W269,dev,putrescine,Mono,False,0.0006,0.0005,-1e-04,0.0,0.0,0.736,True
cluster525_A0A0S2W269,A0A0S2W269,dev,putrescine,Tri,False,0.0021,0.0024,0.0003,0.0023,0.0101,0.736,True
cluster525_A0A0S2W269,A0A0S2W269,dev,serine,Di,False,0.0567,0.0547,-0.002,0.0529,0.0529,0.736,True
cluster525_A0A0S2W269,A0A0S2W269,dev,serine,Mono,False,0.066,0.0635,-0.0025,0.0529,0.0529,0.736,True
cluster525_A0A0S2W269,A0A0S2W269,dev,serine,Tri,False,0.0352,0.0494,0.0142,0.0409,0.0529,0.736,True
cluster525_A0A0S2W269,A0A0S2W269,dev,serotonin,Di,False,0.0026,0.0014,-0.0012,0.0101,0.0023,0.736,True
cluster525_A0A0S2W269,A0A0S2W269,dev,serotonin,Mono,False,0.037,0.0268,-0.0102,0.0529,0.0391,0.736,True
cluster525_A0A0S2W269,A0A0S2W269,dev,serotonin,Tri,False,0.0025,0.0023,-0.0002,0.0101,0.0101,0.736,True
cluster525_A0A0S2W269,A0A0S2W269,dev,threonine,Di,False,0.0135,0.0338,0.0203,0.0137,0.0409,0.736,True
cluster525_A0A0S2W269,A0A0S2W269,dev,threonine,Mono,False,0.0276,0.0692,0.0416,0.0391,0.0529,0.736,True
cluster525_A0A0S2W269,A0A0S2W269,dev,threonine,Tri,False,0.0011,0.0061,0.005,0.0023,0.0101,0.736,True
cluster525_A0A0S2W269,A0A0S2W269,dev,tryptamine,Di,False,0.0011,0.0008,-0.0003,0.0023,0.0023,0.736,True
cluster525_A0A0S2W269,A0A0S2W269,dev,tryptamine,Mono,False,0.0005,0.0004,-1e-04,0.0,0.0,0.736,True
cluster525_A0A0S2W269,A0A0S2W269,dev,tryptamine,Tri,False,0.0027,0.0026,-1e-04,0.0101,0.0101,0.736,True
cluster525_A0A0S2W269,A0A0S2W269,dev,tyramine,Di,False,0.0063,0.0033,-0.003,0.0101,0.0101,0.736,True
cluster525_A0A0S2W269,A0A0S2W269,dev,tyramine,Mono,False,0.0515,0.0543,0.0028,0.0529,0.0529,0.736,True
cluster525_A0A0S2W269,A0A0S2W269,dev,tyramine,Tri,False,0.0087,0.0069,-0.0018,0.0101,0.0101,0.736,True
cluster537_B7AVX6,B7AVX6,dev,"2,3_diaminopropionic acid",Di,False,0.1276,0.1586,0.031,0.0915,0.1127,0.952,True
cluster537_B7AVX6,B7AVX6,dev,"2,3_diaminopropionic acid",Mono,False,0.0695,0.1011,0.0316,0.0529,0.0915,0.952,True
cluster537_B7AVX6,B7AVX6,dev,"2,3_diaminopropionic acid",Tri,True,0.7475,0.8463,0.0988,0.5287,0.7,0.952,True
cluster537_B7AVX6,B7AVX6,dev,2_aminophenol,Di,True,0.955,0.9587,0.0037,0.9023,0.9023,0.952,True
cluster537_B7AVX6,B7AVX6,dev,2_aminophenol,Mono,False,0.3575,0.508,0.1505,0.2815,0.4014,0.952,True
cluster537_B7AVX6,B7AVX6,dev,2_aminophenol,Tri,True,0.9549,0.9566,0.0017,0.9023,0.9023,0.952,True
cluster537_B7AVX6,B7AVX6,dev,3_methoxytyramine,Di,False,0.1485,0.0591,-0.0894,0.1127,0.0529,0.952,True
cluster537_B7AVX6,B7AVX6,dev,3_methoxytyramine,Mono,False,0.0151,0.0102,-0.0049,0.0202,0.0101,0.952,True
cluster537_B7AVX6,B7AVX6,dev,3_methoxytyramine,Tri,False,0.1808,0.0786,-0.1022,0.1127,0.0529,0.952,True
cluster537_B7AVX6,B7AVX6,dev,alanine,Di,True,0.9847,0.9909,0.0062,0.9214,0.9214,0.952,True
cluster537_B7AVX6,B7AVX6,dev,alanine,Mono,True,0.978,0.9886,0.0106,0.9082,0.9214,0.952,True
cluster537_B7AVX6,B7AVX6,dev,alanine,Tri,False,0.5829,0.9252,0.3423,0.4638,0.8636,0.952,True
cluster537_B7AVX6,B7AVX6,dev,arginine,Di,False,0.0093,0.0203,0.011,0.0101,0.0301,0.952,True
cluster537_B7AVX6,B7AVX6,dev,arginine,Mono,False,0.0046,0.0111,0.0065,0.0101,0.0101,0.952,True
cluster537_B7AVX6,B7AVX6,dev,arginine,Tri,False,0.0371,0.1382,0.1011,0.0529,0.0915,0.952,True
cluster537_B7AVX6,B7AVX6,dev,asparagine,Di,False,0.0822,0.1044,0.0222,0.0529,0.0915,0.952,True
cluster537_B7AVX6,B7AVX6,dev,asparagine,Mono,False,0.072,0.0953,0.0233,0.0529,0.0716,0.952,True
cluster537_B7AVX6,B7AVX6,dev,asparagine,Tri,True,0.9359,0.9402,0.0043,0.8636,0.8696,0.952,True
cluster537_B7AVX6,B7AVX6,dev,cadaverine,Di,False,0.0077,0.0063,-0.0014,0.0101,0.0101,0.952,True
cluster537_B7AVX6,B7AVX6,dev,cadaverine,Mono,False,0.0025,0.0021,-0.0004,0.0101,0.0023,0.952,True
cluster537_B7AVX6,B7AVX6,dev,cadaverine,Tri,False,0.0126,0.009,-0.0036,0.0137,0.0101,0.952,True
cluster537_B7AVX6,B7AVX6,dev,citrulline,Di,False,0.0441,0.1761,0.132,0.0529,0.1127,0.952,True
cluster537_B7AVX6,B7AVX6,dev,citrulline,Mono,False,0.0151,0.0493,0.0342,0.0202,0.0529,0.952,True
cluster537_B7AVX6,B7AVX6,dev,citrulline,Tri,False,0.0167,0.0668,0.0501,0.0202,0.0529,0.952,True
cluster537_B7AVX6,B7AVX6,dev,cystine,Di,False,0.0185,0.0182,-0.0003,0.0202,0.0202,0.952,True
cluster537_B7AVX6,B7AVX6,dev,cystine,Mono,False,0.0073,0.0096,0.0023,0.0101,0.0101,0.952,True
cluster537_B7AVX6,B7AVX6,dev,cystine,Tri,False,0.0395,0.0455,0.006,0.0529,0.0529,0.952,True
cluster537_B7AVX6,B7AVX6,dev,dopamine,Di,False,0.2976,0.1751,-0.1225,0.2692,0.1127,0.952,True
cluster537_B7AVX6,B7AVX6,dev,dopamine,Mono,False,0.0791,0.0778,-0.0013,0.0529,0.0529,0.952,True
cluster537_B7AVX6,B7AVX6,dev,dopamine,Tri,True,0.9211,0.8924,-0.0287,0.8636,0.8571,0.952,True
cluster537_B7AVX6,B7AVX6,dev,gaba,Di,True,0.995,0.9909,-0.0041,0.9214,0.9214,0.952,True
cluster537_B7AVX6,B7AVX6,dev,gaba,Mono,True,0.995,0.992,-0.003,0.9214,0.9214,0.952,True
cluster537_B7AVX6,B7AVX6,dev,gaba,Tri,True,0.997,0.9944,-0.0026,1.0,0.9214,0.952,True
cluster537_B7AVX6,B7AVX6,dev,glutamine,Di,False,0.2382,0.4352,0.197,0.1757,0.3936,0.952,True
cluster537_B7AVX6,B7AVX6,dev,glutamine,Mono,True,0.7783,0.867,0.0887,0.5287,0.7,0.952,True
cluster537_B7AVX6,B7AVX6,dev,glutamine,Tri,False,0.1686,0.3186,0.15,0.1127,0.2692,0.952,True
cluster537_B7AVX6,B7AVX6,dev,glyglycine,Di,False,0.0137,0.0351,0.0214,0.0202,0.0409,0.952,True
cluster537_B7AVX6,B7AVX6,dev,glyglycine,Mono,False,0.0095,0.0275,0.018,0.0101,0.0391,0.952,True
cluster537_B7AVX6,B7AVX6,dev,glyglycine,Tri,False,0.1175,0.3358,0.2183,0.0915,0.2692,0.952,True
cluster537_B7AVX6,B7AVX6,dev,histidine,Di,False,0.0013,0.008,0.0067,0.0023,0.0101,0.952,True
cluster537_B7AVX6,B7AVX6,dev,histidine,Mono,False,0.001,0.0069,0.0059,0.0023,0.0101,0.952,True
cluster537_B7AVX6,B7AVX6,dev,histidine,Tri,False,0.0137,0.1236,0.1099,0.0202,0.0915,0.952,True
cluster537_B7AVX6,B7AVX6,dev,lysine,Di,False,0.3004,0.7578,0.4574,0.2692,0.5287,0.952,True
cluster537_B7AVX6,B7AVX6,dev,lysine,Mono,False,0.043,0.1255,0.0825,0.0529,0.0915,0.952,True
cluster537_B7AVX6,B7AVX6,dev,lysine,Tri,False,0.0386,0.1362,0.0976,0.0529,0.0915,0.952,True
cluster537_B7AVX6,B7AVX6,dev,methionine,Di,False,0.1088,0.4547,0.3459,0.0915,0.3936,0.952,True
cluster537_B7AVX6,B7AVX6,dev,methionine,Mono,False,0.1165,0.4704,0.3539,0.0915,0.4014,0.952,True
cluster537_B7AVX6,B7AVX6,dev,methionine,Tri,False,0.1915,0.659,0.4675,0.1127,0.5287,0.952,True
cluster537_B7AVX6,B7AVX6,dev,ornithine,Di,False,0.0903,0.1392,0.0489,0.0529,0.0915,0.952,True
cluster537_B7AVX6,B7AVX6,dev,ornithine,Mono,False,0.0364,0.0522,0.0158,0.0529,0.0529,0.952,True
cluster537_B7AVX6,B7AVX6,dev,ornithine,Tri,False,0.0297,0.0523,0.0226,0.0391,0.0529,0.952,True
cluster537_B7AVX6,B7AVX6,dev,phenylalanine,Di,True,0.9778,0.9823,0.0045,0.9082,0.9214,0.952,True
cluster537_B7AVX6,B7AVX6,dev,phenylalanine,Mono,False,0.3583,0.6212,0.2629,0.2815,0.4706,0.952,True
cluster537_B7AVX6,B7AVX6,dev,phenylalanine,Tri,True,0.9831,0.9876,0.0045,0.9214,0.9214,0.952,True
cluster537_B7AVX6,B7AVX6,dev,proline,Di,False,0.0029,0.0045,0.0016,0.0101,0.0101,0.952,True
cluster537_B7AVX6,B7AVX6,dev,proline,Mono,False,0.0039,0.0054,0.0015,0.0101,0.0101,0.952,True
cluster537_B7AVX6,B7AVX6,dev,proline,Tri,False,0.0452,0.0629,0.0177,0.0529,0.0529,0.952,True
cluster537_B7AVX6,B7AVX6,dev,putrescine,Di,False,0.0079,0.0066,-0.0013,0.0101,0.0101,0.952,True
cluster537_B7AVX6,B7AVX6,dev,putrescine,Mono,False,0.0025,0.0021,-0.0004,0.0101,0.0023,0.952,True
cluster537_B7AVX6,B7AVX6,dev,putrescine,Tri,False,0.013,0.0093,-0.0037,0.0137,0.0101,0.952,True
cluster537_B7AVX6,B7AVX6,dev,serine,Di,True,0.5781,0.8165,0.2384,0.4638,0.7,0.952,True
cluster537_B7AVX6,B7AVX6,dev,serine,Mono,False,0.5299,0.8077,0.2778,0.4014,0.7,0.952,True
cluster537_B7AVX6,B7AVX6,dev,serine,Tri,False,0.4088,0.6555,0.2467,0.2815,0.5287,0.952,True
cluster537_B7AVX6,B7AVX6,dev,serotonin,Di,False,0.0161,0.0152,-0.0009,0.0202,0.0202,0.952,True
cluster537_B7AVX6,B7AVX6,dev,serotonin,Mono,False,0.2592,0.4473,0.1881,0.1757,0.3936,0.952,True
cluster537_B7AVX6,B7AVX6,dev,serotonin,Tri,False,0.0171,0.0237,0.0066,0.0202,0.0391,0.952,True
cluster537_B7AVX6,B7AVX6,dev,threonine,Di,False,0.1188,0.6569,0.5381,0.0915,0.5287,0.952,True
cluster537_B7AVX6,B7AVX6,dev,threonine,Mono,False,0.148,0.757,0.609,0.0986,0.5287,0.952,True
cluster537_B7AVX6,B7AVX6,dev,threonine,Tri,False,0.0166,0.1315,0.1149,0.0202,0.0915,0.952,True
cluster537_B7AVX6,B7AVX6,dev,tryptamine,Di,False,0.0027,0.0011,-0.0016,0.0101,0.0023,0.952,True
cluster537_B7AVX6,B7AVX6,dev,tryptamine,Mono,False,0.0008,0.0007,-1e-04,0.0023,0.0023,0.952,True
cluster537_B7AVX6,B7AVX6,dev,tryptamine,Tri,False,0.0095,0.0045,-0.005,0.0101,0.0101,0.952,True
cluster537_B7AVX6,B7AVX6,dev,tyramine,Di,False,0.0847,0.0619,-0.0228,0.0529,0.0529,0.952,True
cluster537_B7AVX6,B7AVX6,dev,tyramine,Mono,True,0.5919,0.6182,0.0263,0.4638,0.4706,0.952,True
cluster537_B7AVX6,B7AVX6,dev,tyramine,Tri,False,0.1042,0.0954,-0.0088,0.0915,0.0765,0.952,True
cluster54_A0A069S9I0,A0A069S9I0,test,"2,3_diaminopropionic acid",Di,False,0.099,0.0764,-0.0226,0.0915,0.0529,0.9306,True
cluster54_A0A069S9I0,A0A069S9I0,test,"2,3_diaminopropionic acid",Mono,False,0.0513,0.0346,-0.0167,0.0529,0.0409,0.9306,True
cluster54_A0A069S9I0,A0A069S9I0,test,"2,3_diaminopropionic acid",Tri,False,0.5435,0.5403,-0.0032,0.4014,0.4014,0.9306,True
cluster54_A0A069S9I0,A0A069S9I0,test,2_aminophenol,Di,False,0.9732,0.9394,-0.0338,0.9082,0.8696,0.9306,True
cluster54_A0A069S9I0,A0A069S9I0,test,2_aminophenol,Mono,False,0.5849,0.3854,-0.1995,0.4638,0.2815,0.9306,True
cluster54_A0A069S9I0,A0A069S9I0,test,2_aminophenol,Tri,False,0.9484,0.8911,-0.0573,0.9023,0.8529,0.9306,True
cluster54_A0A069S9I0,A0A069S9I0,test,3_methoxytyramine,Di,False,0.5275,0.2409,-0.2866,0.4014,0.1757,0.9306,True
cluster54_A0A069S9I0,A0A069S9I0,test,3_methoxytyramine,Mono,False,0.0396,0.0228,-0.0168,0.0529,0.0345,0.9306,True
cluster54_A0A069S9I0,A0A069S9I0,test,3_methoxytyramine,Tri,False,0.3537,0.158,-0.1957,0.2815,0.1127,0.9306,True
cluster54_A0A069S9I0,A0A069S9I0,test,alanine,Di,False,0.97,0.9809,0.0109,0.9082,0.9082,0.9306,True
cluster54_A0A069S9I0,A0A069S9I0,test,alanine,Mono,False,0.9609,0.9725,0.0116,0.9023,0.9082,0.9306,True
cluster54_A0A069S9I0,A0A069S9I0,test,alanine,Tri,False,0.3661,0.5595,0.1934,0.2815,0.4231,0.9306,True
cluster54_A0A069S9I0,A0A069S9I0,test,arginine,Di,False,0.0053,0.0097,0.0044,0.0101,0.0101,0.9306,True
cluster54_A0A069S9I0,A0A069S9I0,test,arginine,Mono,False,0.0023,0.004,0.0017,0.0023,0.0101,0.9306,True
cluster54_A0A069S9I0,A0A069S9I0,test,arginine,Tri,False,0.0105,0.0361,0.0256,0.0101,0.0409,0.9306,True
cluster54_A0A069S9I0,A0A069S9I0,test,asparagine,Di,False,0.0561,0.0901,0.034,0.0529,0.0529,0.9306,True
cluster54_A0A069S9I0,A0A069S9I0,test,asparagine,Mono,False,0.0427,0.0602,0.0175,0.0529,0.0529,0.9306,True
cluster54_A0A069S9I0,A0A069S9I0,test,asparagine,Tri,False,0.8319,0.8884,0.0565,0.7,0.8333,0.9306,True
cluster54_A0A069S9I0,A0A069S9I0,test,cadaverine,Di,False,0.0044,0.0067,0.0023,0.0101,0.0101,0.9306,True
cluster54_A0A069S9I0,A0A069S9I0,test,cadaverine,Mono,False,0.0014,0.0016,0.0002,0.0023,0.0023,0.9306,True
cluster54_A0A069S9I0,A0A069S9I0,test,cadaverine,Tri,False,0.0046,0.007,0.0024,0.0101,0.0101,0.9306,True
cluster54_A0A069S9I0,A0A069S9I0,test,citrulline,Di,False,0.0207,0.0747,0.054,0.0301,0.0529,0.9306,True
cluster54_A0A069S9I0,A0A069S9I0,test,citrulline,Mono,False,0.0076,0.0193,0.0117,0.0101,0.0202,0.9306,True
cluster54_A0A069S9I0,A0A069S9I0,test,citrulline,Tri,False,0.0056,0.0263,0.0207,0.0101,0.0391,0.9306,True
cluster54_A0A069S9I0,A0A069S9I0,test,cystine,Di,False,0.0162,0.0199,0.0037,0.0202,0.0301,0.9306,True
cluster54_A0A069S9I0,A0A069S9I0,test,cystine,Mono,False,0.0054,0.0056,0.0002,0.0101,0.0101,0.9306,True
cluster54_A0A069S9I0,A0A069S9I0,test,cystine,Tri,False,0.0194,0.0223,0.0029,0.0202,0.0301,0.9306,True
cluster54_A0A069S9I0,A0A069S9I0,test,dopamine,Di,False,0.5396,0.3143,-0.2253,0.4014,0.2692,0.9306,True
cluster54_A0A069S9I0,A0A069S9I0,test,dopamine,Mono,False,0.1518,0.111,-0.0408,0.1127,0.0915,0.9306,True
cluster54_A0A069S9I0,A0A069S9I0,test,dopamine,Tri,False,0.9313,0.8768,-0.0545,0.8636,0.7,0.9306,True
cluster54_A0A069S9I0,A0A069S9I0,test,gaba,Di,False,0.9809,0.9896,0.0087,0.9082,0.9214,0.9306,True
cluster54_A0A069S9I0,A0A069S9I0,test,gaba,Mono,False,0.9796,0.9899,0.0103,0.9082,0.9214,0.9306,True
cluster54_A0A069S9I0,A0A069S9I0,test,gaba,Tri,False,0.9852,0.9907,0.0055,0.9214,0.9214,0.9306,True
cluster54_A0A069S9I0,A0A069S9I0,test,glutamine,Di,False,0.073,0.2376,0.1646,0.0529,0.1455,0.9306,True
cluster54_A0A069S9I0,A0A069S9I0,test,glutamine,Mono,False,0.4369,0.7111,0.2742,0.3936,0.5287,0.9306,True
cluster54_A0A069S9I0,A0A069S9I0,test,glutamine,Tri,False,0.0357,0.1614,0.1257,0.0409,0.1127,0.9306,True
cluster54_A0A069S9I0,A0A069S9I0,test,glyglycine,Di,False,0.0109,0.0137,0.0028,0.0101,0.0137,0.9306,True
cluster54_A0A069S9I0,A0A069S9I0,test,glyglycine,Mono,False,0.0087,0.0097,0.001,0.0101,0.0101,0.9306,True
cluster54_A0A069S9I0,A0A069S9I0,test,glyglycine,Tri,False,0.0501,0.0775,0.0274,0.0529,0.0529,0.9306,True
cluster54_A0A069S9I0,A0A069S9I0,test,histidine,Di,False,0.0011,0.0029,0.0018,0.0023,0.0101,0.9306,True
cluster54_A0A069S9I0,A0A069S9I0,test,histidine,Mono,False,0.0011,0.0022,0.0011,0.0023,0.0023,0.9306,True
cluster54_A0A069S9I0,A0A069S9I0,test,histidine,Tri,False,0.007,0.019,0.012,0.0101,0.0202,0.9306,True
cluster54_A0A069S9I0,A0A069S9I0,test,lysine,Di,False,0.1357,0.2906,0.1549,0.0915,0.2692,0.9306,True
cluster54_A0A069S9I0,A0A069S9I0,test,lysine,Mono,False,0.0198,0.026,0.0062,0.0301,0.0391,0.9306,True
cluster54_A0A069S9I0,A0A069S9I0,test,lysine,Tri,False,0.0126,0.026,0.0134,0.0137,0.0391,0.9306,True
cluster54_A0A069S9I0,A0A069S9I0,test,methionine,Di,False,0.0499,0.1249,0.075,0.0529,0.0915,0.9306,True
cluster54_A0A069S9I0,A0A069S9I0,test,methionine,Mono,False,0.0688,0.128,0.0592,0.0529,0.0915,0.9306,True
cluster54_A0A069S9I0,A0A069S9I0,test,methionine,Tri,False,0.0786,0.2052,0.1266,0.0529,0.1127,0.9306,True
cluster54_A0A069S9I0,A0A069S9I0,test,ornithine,Di,False,0.2755,0.1478,-0.1277,0.1915,0.0915,0.9306,True
cluster54_A0A069S9I0,A0A069S9I0,test,ornithine,Mono,False,0.1378,0.0498,-0.088,0.0915,0.0529,0.9306,True
cluster54_A0A069S9I0,A0A069S9I0,test,ornithine,Tri,False,0.0584,0.0416,-0.0168,0.0529,0.0529,0.9306,True
cluster54_A0A069S9I0,A0A069S9I0,test,phenylalanine,Di,False,0.961,0.969,0.008,0.9023,0.9082,0.9306,True
cluster54_A0A069S9I0,A0A069S9I0,test,phenylalanine,Mono,False,0.3286,0.3499,0.0213,0.2692,0.28,0.9306,True
cluster54_A0A069S9I0,A0A069S9I0,test,phenylalanine,Tri,False,0.9559,0.9654,0.0095,0.9023,0.9023,0.9306,True
cluster54_A0A069S9I0,A0A069S9I0,test,proline,Di,False,0.0066,0.0083,0.0017,0.0101,0.0101,0.9306,True
cluster54_A0A069S9I0,A0A069S9I0,test,proline,Mono,False,0.0075,0.008,0.0005,0.0101,0.0101,0.9306,True
cluster54_A0A069S9I0,A0A069S9I0,test,proline,Tri,False,0.0496,0.0865,0.0369,0.0529,0.0529,0.9306,True
cluster54_A0A069S9I0,A0A069S9I0,test,putrescine,Di,False,0.0044,0.0069,0.0025,0.0101,0.0101,0.9306,True
cluster54_A0A069S9I0,A0A069S9I0,test,putrescine,Mono,False,0.0014,0.0016,0.0002,0.0023,0.0023,0.9306,True
cluster54_A0A069S9I0,A0A069S9I0,test,putrescine,Tri,False,0.0047,0.0068,0.0021,0.0101,0.0101,0.9306,True
cluster54_A0A069S9I0,A0A069S9I0,test,serine,Di,False,0.2582,0.3551,0.0969,0.1757,0.2815,0.9306,True
cluster54_A0A069S9I0,A0A069S9I0,test,serine,Mono,False,0.3015,0.3789,0.0774,0.2692,0.2815,0.9306,True
cluster54_A0A069S9I0,A0A069S9I0,test,serine,Tri,False,0.1321,0.1954,0.0633,0.0915,0.1127,0.9306,True
cluster54_A0A069S9I0,A0A069S9I0,test,serotonin,Di,False,0.0362,0.0253,-0.0109,0.0476,0.0391,0.9306,True
cluster54_A0A069S9I0,A0A069S9I0,test,serotonin,Mono,False,0.4169,0.3632,-0.0537,0.2815,0.2815,0.9306,True
cluster54_A0A069S9I0,A0A069S9I0,test,serotonin,Tri,False,0.0257,0.0194,-0.0063,0.0391,0.0202,0.9306,True
cluster54_A0A069S9I0,A0A069S9I0,test,threonine,Di,False,0.0344,0.0973,0.0629,0.0409,0.0915,0.9306,True
cluster54_A0A069S9I0,A0A069S9I0,test,threonine,Mono,False,0.0588,0.154,0.0952,0.0529,0.1127,0.9306,True
cluster54_A0A069S9I0,A0A069S9I0,test,threonine,Tri,False,0.0046,0.0107,0.0061,0.0101,0.0101,0.9306,True
cluster54_A0A069S9I0,A0A069S9I0,test,tryptamine,Di,False,0.0096,0.005,-0.0046,0.0101,0.0101,0.9306,True
cluster54_A0A069S9I0,A0A069S9I0,test,tryptamine,Mono,False,0.003,0.002,-0.001,0.0101,0.0023,0.9306,True
cluster54_A0A069S9I0,A0A069S9I0,test,tryptamine,Tri,False,0.0186,0.012,-0.0066,0.0202,0.0114,0.9306,True
cluster54_A0A069S9I0,A0A069S9I0,test,tyramine,Di,False,0.0355,0.0269,-0.0086,0.0409,0.0391,0.9306,True
cluster54_A0A069S9I0,A0A069S9I0,test,tyramine,Mono,False,0.2486,0.2461,-0.0025,0.1757,0.1757,0.9306,True
cluster54_A0A069S9I0,A0A069S9I0,test,tyramine,Tri,False,0.0307,0.0234,-0.0073,0.0409,0.0391,0.9306,True
cluster5_A7A5K1,A7A5K1,test,"2,3_diaminopropionic acid",Di,False,0.098,0.0269,-0.0711,0.0915,0.0391,0.8965,True
cluster5_A7A5K1,A7A5K1,test,"2,3_diaminopropionic acid",Mono,False,0.046,0.0124,-0.0336,0.0529,0.0114,0.8965,True
cluster5_A7A5K1,A7A5K1,test,"2,3_diaminopropionic acid",Tri,False,0.5024,0.4363,-0.0661,0.4014,0.3936,0.8965,True
cluster5_A7A5K1,A7A5K1,test,2_aminophenol,Di,False,0.9475,0.9165,-0.031,0.9023,0.8636,0.8965,True
cluster5_A7A5K1,A7A5K1,test,2_aminophenol,Mono,False,0.4213,0.3286,-0.0927,0.2815,0.2692,0.8965,True
cluster5_A7A5K1,A7A5K1,test,2_aminophenol,Tri,False,0.9384,0.887,-0.0514,0.8636,0.8235,0.8965,True
cluster5_A7A5K1,A7A5K1,test,3_methoxytyramine,Di,False,0.2828,0.053,-0.2298,0.1915,0.0529,0.8965,True
cluster5_A7A5K1,A7A5K1,test,3_methoxytyramine,Mono,False,0.0341,0.007,-0.0271,0.0409,0.0101,0.8965,True
cluster5_A7A5K1,A7A5K1,test,3_methoxytyramine,Tri,False,0.2292,0.0468,-0.1824,0.1455,0.0529,0.8965,True
cluster5_A7A5K1,A7A5K1,test,alanine,Di,False,0.9779,0.965,-0.0129,0.9082,0.9023,0.8965,True
cluster5_A7A5K1,A7A5K1,test,alanine,Mono,False,0.9672,0.9447,-0.0225,0.9082,0.9023,0.8965,True
cluster5_A7A5K1,A7A5K1,test,alanine,Tri,False,0.6294,0.4544,-0.175,0.4857,0.3936,0.8965,True
cluster5_A7A5K1,A7A5K1,test,arginine,Di,False,0.0113,0.0043,-0.007,0.0114,0.0101,0.8965,True
cluster5_A7A5K1,A7A5K1,test,arginine,Mono,False,0.0038,0.0015,-0.0023,0.0101,0.0023,0.8965,True
cluster5_A7A5K1,A7A5K1,test,arginine,Tri,False,0.0199,0.0256,0.0057,0.0301,0.0391,0.8965,True
cluster5_A7A5K1,A7A5K1,test,asparagine,Di,False,0.0689,0.0379,-0.031,0.0529,0.0529,0.8965,True
cluster5_A7A5K1,A7A5K1,test,asparagine,Mono,False,0.0485,0.0302,-0.0183,0.0529,0.0391,0.8965,True
cluster5_A7A5K1,A7A5K1,test,asparagine,Tri,False,0.8373,0.8641,0.0268,0.7,0.7,0.8965,True
cluster5_A7A5K1,A7A5K1,test,cadaverine,Di,False,0.0124,0.0042,-0.0082,0.0114,0.0101,0.8965,True
cluster5_A7A5K1,A7A5K1,test,cadaverine,Mono,False,0.0039,0.001,-0.0029,0.0101,0.0023,0.8965,True
cluster5_A7A5K1,A7A5K1,test,cadaverine,Tri,False,0.0168,0.0048,-0.012,0.0202,0.0101,0.8965,True
cluster5_A7A5K1,A7A5K1,test,citrulline,Di,False,0.0414,0.0399,-0.0015,0.0529,0.0529,0.8965,True
cluster5_A7A5K1,A7A5K1,test,citrulline,Mono,False,0.0115,0.0085,-0.003,0.0114,0.0101,0.8965,True
cluster5_A7A5K1,A7A5K1,test,citrulline,Tri,False,0.0127,0.013,0.0003,0.0137,0.0137,0.8965,True
cluster5_A7A5K1,A7A5K1,test,cystine,Di,False,0.0366,0.0107,-0.0259,0.0529,0.0101,0.8965,True
cluster5_A7A5K1,A7A5K1,test,cystine,Mono,False,0.0132,0.004,-0.0092,0.0137,0.0101,0.8965,True
cluster5_A7A5K1,A7A5K1,test,cystine,Tri,False,0.062,0.021,-0.041,0.0529,0.0301,0.8965,True
cluster5_A7A5K1,A7A5K1,test,dopamine,Di,False,0.3764,0.1716,-0.2048,0.2815,0.1127,0.8965,True
cluster5_A7A5K1,A7A5K1,test,dopamine,Mono,False,0.1086,0.0633,-0.0453,0.0915,0.0529,0.8965,True
cluster5_A7A5K1,A7A5K1,test,dopamine,Tri,False,0.91,0.8525,-0.0575,0.8636,0.7,0.8965,True
cluster5_A7A5K1,A7A5K1,test,gaba,Di,False,0.9855,0.9683,-0.0172,0.9214,0.9082,0.8965,True
cluster5_A7A5K1,A7A5K1,test,gaba,Mono,False,0.9869,0.9641,-0.0228,0.9214,0.9023,0.8965,True
cluster5_A7A5K1,A7A5K1,test,gaba,Tri,False,0.9894,0.9753,-0.0141,0.9214,0.9082,0.8965,True
cluster5_A7A5K1,A7A5K1,test,glutamine,Di,False,0.1397,0.118,-0.0217,0.0915,0.0915,0.8965,True
cluster5_A7A5K1,A7A5K1,test,glutamine,Mono,False,0.6103,0.5201,-0.0902,0.4638,0.4014,0.8965,True
cluster5_A7A5K1,A7A5K1,test,glutamine,Tri,False,0.0934,0.0954,0.002,0.0714,0.0907,0.8965,True
cluster5_A7A5K1,A7A5K1,test,glyglycine,Di,False,0.0212,0.0119,-0.0093,0.0301,0.0114,0.8965,True
cluster5_A7A5K1,A7A5K1,test,glyglycine,Mono,False,0.0142,0.0076,-0.0066,0.0202,0.0101,0.8965,True
cluster5_A7A5K1,A7A5K1,test,glyglycine,Tri,False,0.1302,0.1334,0.0032,0.0915,0.0915,0.8965,True
cluster5_A7A5K1,A7A5K1,test,histidine,Di,False,0.0026,0.002,-0.0006,0.0101,0.0023,0.8965,True
cluster5_A7A5K1,A7A5K1,test,histidine,Mono,False,0.002,0.0014,-0.0006,0.0023,0.0023,0.8965,True
cluster5_A7A5K1,A7A5K1,test,histidine,Tri,False,0.0228,0.029,0.0062,0.0345,0.0391,0.8965,True
cluster5_A7A5K1,A7A5K1,test,lysine,Di,False,0.2836,0.2935,0.0099,0.1915,0.2692,0.8965,True
cluster5_A7A5K1,A7A5K1,test,lysine,Mono,False,0.0299,0.0166,-0.0133,0.0391,0.0202,0.8965,True
cluster5_A7A5K1,A7A5K1,test,lysine,Tri,False,0.0281,0.0213,-0.0068,0.0391,0.0301,0.8965,True
cluster5_A7A5K1,A7A5K1,test,methionine,Di,False,0.1219,0.0844,-0.0375,0.0915,0.0529,0.8965,True
cluster5_A7A5K1,A7A5K1,test,methionine,Mono,False,0.1287,0.0863,-0.0424,0.0915,0.0529,0.8965,True
cluster5_A7A5K1,A7A5K1,test,methionine,Tri,False,0.203,0.1914,-0.0116,0.1127,0.1127,0.8965,True
cluster5_A7A5K1,A7A5K1,test,ornithine,Di,False,0.1758,0.0508,-0.125,0.1127,0.0529,0.8965,True
cluster5_A7A5K1,A7A5K1,test,ornithine,Mono,False,0.0637,0.0133,-0.0504,0.0529,0.0137,0.8965,True
cluster5_A7A5K1,A7A5K1,test,ornithine,Tri,False,0.041,0.0156,-0.0254,0.0529,0.0202,0.8965,True
cluster5_A7A5K1,A7A5K1,test,phenylalanine,Di,False,0.9486,0.9063,-0.0423,0.9023,0.8636,0.8965,True
cluster5_A7A5K1,A7A5K1,test,phenylalanine,Mono,False,0.2859,0.1713,-0.1146,0.2692,0.1127,0.8965,True
cluster5_A7A5K1,A7A5K1,test,phenylalanine,Tri,False,0.9534,0.9188,-0.0346,0.9023,0.8636,0.8965,True
cluster5_A7A5K1,A7A5K1,test,proline,Di,False,0.0054,0.004,-0.0014,0.0101,0.0101,0.8965,True
cluster5_A7A5K1,A7A5K1,test,proline,Mono,False,0.0061,0.0038,-0.0023,0.0101,0.0101,0.8965,True
cluster5_A7A5K1,A7A5K1,test,proline,Tri,False,0.0404,0.0399,-0.0005,0.0529,0.0529,0.8965,True
cluster5_A7A5K1,A7A5K1,test,putrescine,Di,False,0.0124,0.0042,-0.0082,0.0114,0.0101,0.8965,True
cluster5_A7A5K1,A7A5K1,test,putrescine,Mono,False,0.0039,0.001,-0.0029,0.0101,0.0023,0.8965,True
cluster5_A7A5K1,A7A5K1,test,putrescine,Tri,False,0.0168,0.0047,-0.0121,0.0202,0.0101,0.8965,True
cluster5_A7A5K1,A7A5K1,test,serine,Di,False,0.4727,0.2995,-0.1732,0.4014,0.2692,0.8965,True
cluster5_A7A5K1,A7A5K1,test,serine,Mono,False,0.4638,0.3174,-0.1464,0.3936,0.2692,0.8965,True
cluster5_A7A5K1,A7A5K1,test,serine,Tri,False,0.2223,0.1639,-0.0584,0.1127,0.1127,0.8965,True
cluster5_A7A5K1,A7A5K1,test,serotonin,Di,False,0.0257,0.0054,-0.0203,0.0391,0.0101,0.8965,True
cluster5_A7A5K1,A7A5K1,test,serotonin,Mono,False,0.3661,0.1453,-0.2208,0.2815,0.0915,0.8965,True
cluster5_A7A5K1,A7A5K1,test,serotonin,Tri,False,0.023,0.0068,-0.0162,0.0345,0.0101,0.8965,True
cluster5_A7A5K1,A7A5K1,test,threonine,Di,False,0.123,0.1226,-0.0004,0.0915,0.0915,0.8965,True
cluster5_A7A5K1,A7A5K1,test,threonine,Mono,False,0.1658,0.1807,0.0149,0.1127,0.1127,0.8965,True
cluster5_A7A5K1,A7A5K1,test,threonine,Tri,False,0.0118,0.0128,0.001,0.0114,0.0137,0.8965,True
cluster5_A7A5K1,A7A5K1,test,tryptamine,Di,False,0.0117,0.002,-0.0097,0.0114,0.0023,0.8965,True
cluster5_A7A5K1,A7A5K1,test,tryptamine,Mono,False,0.0048,0.0009,-0.0039,0.0101,0.0023,0.8965,True
cluster5_A7A5K1,A7A5K1,test,tryptamine,Tri,False,0.0283,0.0053,-0.023,0.0391,0.0101,0.8965,True
cluster5_A7A5K1,A7A5K1,test,tyramine,Di,False,0.0399,0.0118,-0.0281,0.0529,0.0114,0.8965,True
cluster5_A7A5K1,A7A5K1,test,tyramine,Mono,False,0.3073,0.1685,-0.1388,0.2692,0.1127,0.8965,True
cluster5_A7A5K1,A7A5K1,test,tyramine,Tri,False,0.0381,0.0153,-0.0228,0.0529,0.0202,0.8965,True
cluster674_H1DEM8,H1DEM8,,"2,3_diaminopropionic acid",Di,,0.1384,0.1069,-0.0315,0.0915,0.0915,0.9364,True
cluster674_H1DEM8,H1DEM8,,"2,3_diaminopropionic acid",Mono,,0.0787,0.0515,-0.0272,0.0529,0.0529,0.9364,True
cluster674_H1DEM8,H1DEM8,,"2,3_diaminopropionic acid",Tri,,0.5727,0.639,0.0663,0.4638,0.5,0.9364,True
cluster674_H1DEM8,H1DEM8,,2_aminophenol,Di,,0.9778,0.9691,-0.0087,0.9082,0.9082,0.9364,True
cluster674_H1DEM8,H1DEM8,,2_aminophenol,Mono,,0.7085,0.4617,-0.2468,0.5287,0.3936,0.9364,True
cluster674_H1DEM8,H1DEM8,,2_aminophenol,Tri,,0.9612,0.9438,-0.0174,0.9023,0.9023,0.9364,True
cluster674_H1DEM8,H1DEM8,,3_methoxytyramine,Di,,0.5966,0.3582,-0.2384,0.4638,0.2815,0.9364,True
cluster674_H1DEM8,H1DEM8,,3_methoxytyramine,Mono,,0.0945,0.029,-0.0655,0.0714,0.0391,0.9364,True
cluster674_H1DEM8,H1DEM8,,3_methoxytyramine,Tri,,0.459,0.2521,-0.2069,0.3936,0.1757,0.9364,True
cluster674_H1DEM8,H1DEM8,,alanine,Di,,0.9792,0.9832,0.004,0.9082,0.9214,0.9364,True
cluster674_H1DEM8,H1DEM8,,alanine,Mono,,0.9749,0.9763,0.0014,0.9082,0.9082,0.9364,True
cluster674_H1DEM8,H1DEM8,,alanine,Tri,,0.4074,0.4421,0.0347,0.2815,0.3936,0.9364,True
cluster674_H1DEM8,H1DEM8,,arginine,Di,,0.0112,0.0133,0.0021,0.0101,0.0137,0.9364,True
cluster674_H1DEM8,H1DEM8,,arginine,Mono,,0.0042,0.0047,0.0005,0.0101,0.0101,0.9364,True
cluster674_H1DEM8,H1DEM8,,arginine,Tri,,0.0198,0.0446,0.0248,0.0301,0.0529,0.9364,True
cluster674_H1DEM8,H1DEM8,,asparagine,Di,,0.0649,0.0881,0.0232,0.0529,0.0529,0.9364,True
cluster674_H1DEM8,H1DEM8,,asparagine,Mono,,0.0559,0.0544,-0.0015,0.0529,0.0529,0.9364,True
cluster674_H1DEM8,H1DEM8,,asparagine,Tri,,0.8344,0.9014,0.067,0.7,0.8571,0.9364,True
cluster674_H1DEM8,H1DEM8,,cadaverine,Di,,0.0056,0.006,0.0004,0.0101,0.0101,0.9364,True
cluster674_H1DEM8,H1DEM8,,cadaverine,Mono,,0.0021,0.0018,-0.0003,0.0023,0.0023,0.9364,True
cluster674_H1DEM8,H1DEM8,,cadaverine,Tri,,0.0081,0.0084,0.0003,0.0101,0.0101,0.9364,True
cluster674_H1DEM8,H1DEM8,,citrulline,Di,,0.0458,0.087,0.0412,0.0529,0.0529,0.9364,True
cluster674_H1DEM8,H1DEM8,,citrulline,Mono,,0.0147,0.0213,0.0066,0.0202,0.0301,0.9364,True
cluster674_H1DEM8,H1DEM8,,citrulline,Tri,,0.0129,0.0262,0.0133,0.0137,0.0391,0.9364,True
cluster674_H1DEM8,H1DEM8,,cystine,Di,,0.0268,0.0242,-0.0026,0.0391,0.0391,0.9364,True
cluster674_H1DEM8,H1DEM8,,cystine,Mono,,0.0102,0.007,-0.0032,0.0101,0.0101,0.9364,True
cluster674_H1DEM8,H1DEM8,,cystine,Tri,,0.0317,0.0288,-0.0029,0.0409,0.0391,0.9364,True
cluster674_H1DEM8,H1DEM8,,dopamine,Di,,0.5995,0.4548,-0.1447,0.4638,0.3936,0.9364,True
cluster674_H1DEM8,H1DEM8,,dopamine,Mono,,0.2727,0.1363,-0.1364,0.1915,0.0915,0.9364,True
cluster674_H1DEM8,H1DEM8,,dopamine,Tri,,0.939,0.9374,-0.0016,0.8674,0.8636,0.9364,True
cluster674_H1DEM8,H1DEM8,,gaba,Di,,0.9913,0.993,0.0017,0.9214,0.9214,0.9364,True
cluster674_H1DEM8,H1DEM8,,gaba,Mono,,0.9921,0.9935,0.0014,0.9214,0.9214,0.9364,True
cluster674_H1DEM8,H1DEM8,,gaba,Tri,,0.9909,0.9936,0.0027,0.9214,0.9214,0.9364,True
cluster674_H1DEM8,H1DEM8,,glutamine,Di,,0.1426,0.2613,0.1187,0.0915,0.1875,0.9364,True
cluster674_H1DEM8,H1DEM8,,glutamine,Mono,,0.5708,0.745,0.1742,0.4231,0.5287,0.9364,True
cluster674_H1DEM8,H1DEM8,,glutamine,Tri,,0.0868,0.1711,0.0843,0.0529,0.1127,0.9364,True
cluster674_H1DEM8,H1DEM8,,glyglycine,Di,,0.0119,0.0143,0.0024,0.0114,0.0202,0.9364,True
cluster674_H1DEM8,H1DEM8,,glyglycine,Mono,,0.01,0.0104,0.0004,0.0101,0.0101,0.9364,True
cluster674_H1DEM8,H1DEM8,,glyglycine,Tri,,0.078,0.0828,0.0048,0.0529,0.0529,0.9364,True
cluster674_H1DEM8,H1DEM8,,histidine,Di,,0.0014,0.0043,0.0029,0.0023,0.0101,0.9364,True
cluster674_H1DEM8,H1DEM8,,histidine,Mono,,0.0015,0.0032,0.0017,0.0023,0.0101,0.9364,True
cluster674_H1DEM8,H1DEM8,,histidine,Tri,,0.0108,0.0243,0.0135,0.0101,0.0391,0.9364,True
cluster674_H1DEM8,H1DEM8,,lysine,Di,,0.1816,0.2905,0.1089,0.1127,0.2692,0.9364,True
cluster674_H1DEM8,H1DEM8,,lysine,Mono,,0.0247,0.0366,0.0119,0.0391,0.0529,0.9364,True
cluster674_H1DEM8,H1DEM8,,lysine,Tri,,0.018,0.0368,0.0188,0.0202,0.0529,0.9364,True
cluster674_H1DEM8,H1DEM8,,methionine,Di,,0.0916,0.2013,0.1097,0.0714,0.1127,0.9364,True
cluster674_H1DEM8,H1DEM8,,methionine,Mono,,0.1162,0.2062,0.09,0.0915,0.1127,0.9364,True
cluster674_H1DEM8,H1DEM8,,methionine,Tri,,0.1449,0.2961,0.1512,0.0915,0.2692,0.9364,True
cluster674_H1DEM8,H1DEM8,,ornithine,Di,,0.3929,0.2338,-0.1591,0.2815,0.1455,0.9364,True
cluster674_H1DEM8,H1DEM8,,ornithine,Mono,,0.1788,0.0673,-0.1115,0.1127,0.0529,0.9364,True
cluster674_H1DEM8,H1DEM8,,ornithine,Tri,,0.0879,0.0513,-0.0366,0.0529,0.0529,0.9364,True
cluster674_H1DEM8,H1DEM8,,phenylalanine,Di,,0.9735,0.9793,0.0058,0.9082,0.9082,0.9364,True
cluster674_H1DEM8,H1DEM8,,phenylalanine,Mono,,0.4716,0.3888,-0.0828,0.4014,0.2815,0.9364,True
cluster674_H1DEM8,H1DEM8,,phenylalanine,Tri,,0.9669,0.9744,0.0075,0.9082,0.9082,0.9364,True
cluster674_H1DEM8,H1DEM8,,proline,Di,,0.0066,0.0059,-0.0007,0.0101,0.0101,0.9364,True
cluster674_H1DEM8,H1DEM8,,proline,Mono,,0.0079,0.0053,-0.0026,0.0101,0.0101,0.9364,True
cluster674_H1DEM8,H1DEM8,,proline,Tri,,0.0758,0.0735,-0.0023,0.0529,0.0529,0.9364,True
cluster674_H1DEM8,H1DEM8,,putrescine,Di,,0.0057,0.0061,0.0004,0.0101,0.0101,0.9364,True
cluster674_H1DEM8,H1DEM8,,putrescine,Mono,,0.0021,0.0018,-0.0003,0.0023,0.0023,0.9364,True
cluster674_H1DEM8,H1DEM8,,putrescine,Tri,,0.0079,0.0082,0.0003,0.0101,0.0101,0.9364,True
cluster674_H1DEM8,H1DEM8,,serine,Di,,0.2711,0.4046,0.1335,0.1915,0.2815,0.9364,True
cluster674_H1DEM8,H1DEM8,,serine,Mono,,0.3555,0.4552,0.0997,0.2815,0.3936,0.9364,True
cluster674_H1DEM8,H1DEM8,,serine,Tri,,0.1157,0.2144,0.0987,0.0915,0.1127,0.9364,True
cluster674_H1DEM8,H1DEM8,,serotonin,Di,,0.0588,0.0377,-0.0211,0.0529,0.0529,0.9364,True
cluster674_H1DEM8,H1DEM8,,serotonin,Mono,,0.4913,0.4119,-0.0794,0.4014,0.2815,0.9364,True
cluster674_H1DEM8,H1DEM8,,serotonin,Tri,,0.0383,0.0314,-0.0069,0.0529,0.0409,0.9364,True
cluster674_H1DEM8,H1DEM8,,threonine,Di,,0.0482,0.1103,0.0621,0.0529,0.0915,0.9364,True
cluster674_H1DEM8,H1DEM8,,threonine,Mono,,0.0907,0.1909,0.1002,0.0529,0.1127,0.9364,True
cluster674_H1DEM8,H1DEM8,,threonine,Tri,,0.0063,0.0135,0.0072,0.0101,0.0137,0.9364,True
cluster674_H1DEM8,H1DEM8,,tryptamine,Di,,0.0092,0.0063,-0.0029,0.0101,0.0101,0.9364,True
cluster674_H1DEM8,H1DEM8,,tryptamine,Mono,,0.0049,0.0018,-0.0031,0.0101,0.0023,0.9364,True
cluster674_H1DEM8,H1DEM8,,tryptamine,Tri,,0.0267,0.0153,-0.0114,0.0391,0.0202,0.9364,True
cluster674_H1DEM8,H1DEM8,,tyramine,Di,,0.0527,0.0355,-0.0172,0.0529,0.0409,0.9364,True
cluster674_H1DEM8,H1DEM8,,tyramine,Mono,,0.3553,0.3266,-0.0287,0.2815,0.2692,0.9364,True
cluster674_H1DEM8,H1DEM8,,tyramine,Tri,,0.0372,0.0294,-0.0078,0.0529,0.0391,0.9364,True
cluster6_U2D571,U2D571,dev,"2,3_diaminopropionic acid",Di,False,0.0192,0.0375,0.0183,0.0202,0.0529,0.9795,True
cluster6_U2D571,U2D571,dev,"2,3_diaminopropionic acid",Mono,False,0.0116,0.0218,0.0102,0.0114,0.0301,0.9795,True
cluster6_U2D571,U2D571,dev,"2,3_diaminopropionic acid",Tri,False,0.3455,0.5365,0.191,0.28,0.4014,0.9795,True
cluster6_U2D571,U2D571,dev,2_aminophenol,Di,False,0.6912,0.7676,0.0764,0.5287,0.5287,0.9795,True
cluster6_U2D571,U2D571,dev,2_aminophenol,Mono,False,0.1361,0.1903,0.0542,0.0915,0.1127,0.9795,True
cluster6_U2D571,U2D571,dev,2_aminophenol,Tri,True,0.7778,0.7735,-0.0043,0.5287,0.5287,0.9795,True
cluster6_U2D571,U2D571,dev,3_methoxytyramine,Di,False,0.0146,0.0235,0.0089,0.0202,0.0391,0.9795,True
cluster6_U2D571,U2D571,dev,3_methoxytyramine,Mono,False,0.0021,0.0034,0.0013,0.0023,0.0101,0.9795,True
cluster6_U2D571,U2D571,dev,3_methoxytyramine,Tri,False,0.0232,0.0336,0.0104,0.0355,0.0409,0.9795,True
cluster6_U2D571,U2D571,dev,alanine,Di,True,0.9353,0.9586,0.0233,0.8636,0.9023,0.9795,True
cluster6_U2D571,U2D571,dev,alanine,Mono,True,0.9267,0.9488,0.0221,0.8636,0.9023,0.9795,True
cluster6_U2D571,U2D571,dev,alanine,Tri,False,0.4992,0.763,0.2638,0.4014,0.5287,0.9795,True
cluster6_U2D571,U2D571,dev,arginine,Di,False,0.0034,0.0058,0.0024,0.0101,0.0101,0.9795,True
cluster6_U2D571,U2D571,dev,arginine,Mono,False,0.0015,0.0035,0.002,0.0023,0.0101,0.9795,True
cluster6_U2D571,U2D571,dev,arginine,Tri,False,0.0158,0.0521,0.0363,0.0202,0.0529,0.9795,True
cluster6_U2D571,U2D571,dev,asparagine,Di,False,0.027,0.0342,0.0072,0.0391,0.0409,0.9795,True
cluster6_U2D571,U2D571,dev,asparagine,Mono,False,0.0235,0.0267,0.0032,0.0391,0.0391,0.9795,True
cluster6_U2D571,U2D571,dev,asparagine,Tri,True,0.8265,0.7586,-0.0679,0.7,0.5287,0.9795,True
cluster6_U2D571,U2D571,dev,cadaverine,Di,False,0.0016,0.0026,0.001,0.0023,0.0101,0.9795,True
cluster6_U2D571,U2D571,dev,cadaverine,Mono,False,0.0006,0.0011,0.0005,0.0,0.0023,0.9795,True
cluster6_U2D571,U2D571,dev,cadaverine,Tri,False,0.0027,0.004,0.0013,0.0101,0.0101,0.9795,True
cluster6_U2D571,U2D571,dev,citrulline,Di,False,0.0475,0.0791,0.0316,0.0529,0.0529,0.9795,True
cluster6_U2D571,U2D571,dev,citrulline,Mono,False,0.0098,0.0228,0.013,0.0101,0.0345,0.9795,True
cluster6_U2D571,U2D571,dev,citrulline,Tri,False,0.0124,0.0315,0.0191,0.0114,0.0409,0.9795,True
cluster6_U2D571,U2D571,dev,cystine,Di,False,0.0021,0.0062,0.0041,0.0023,0.0101,0.9795,True
cluster6_U2D571,U2D571,dev,cystine,Mono,False,0.0012,0.0033,0.0021,0.0023,0.0101,0.9795,True
cluster6_U2D571,U2D571,dev,cystine,Tri,False,0.0057,0.0128,0.0071,0.0101,0.0137,0.9795,True
cluster6_U2D571,U2D571,dev,dopamine,Di,False,0.0737,0.0773,0.0036,0.0529,0.0529,0.9795,True
cluster6_U2D571,U2D571,dev,dopamine,Mono,False,0.0256,0.0256,0.0,0.0391,0.0391,0.9795,True
cluster6_U2D571,U2D571,dev,dopamine,Tri,True,0.7724,0.7315,-0.0409,0.5287,0.5287,0.9795,True
cluster6_U2D571,U2D571,dev,gaba,Di,True,0.9657,0.9658,1e-04,0.9024,0.9039,0.9795,True
cluster6_U2D571,U2D571,dev,gaba,Mono,True,0.9814,0.9732,-0.0082,0.9082,0.9082,0.9795,True
cluster6_U2D571,U2D571,dev,gaba,Tri,True,0.9826,0.977,-0.0056,0.9214,0.9082,0.9795,True
cluster6_U2D571,U2D571,dev,glutamine,Di,False,0.1343,0.1495,0.0152,0.0915,0.1127,0.9795,True
cluster6_U2D571,U2D571,dev,glutamine,Mono,True,0.7084,0.612,-0.0964,0.5287,0.4697,0.9795,True
cluster6_U2D571,U2D571,dev,glutamine,Tri,False,0.1034,0.109,0.0056,0.0915,0.0915,0.9795,True
cluster6_U2D571,U2D571,dev,glyglycine,Di,False,0.0044,0.0071,0.0027,0.0101,0.0101,0.9795,True
cluster6_U2D571,U2D571,dev,glyglycine,Mono,False,0.0039,0.0058,0.0019,0.0101,0.0101,0.9795,True
cluster6_U2D571,U2D571,dev,glyglycine,Tri,False,0.087,0.1186,0.0316,0.0529,0.0915,0.9795,True
cluster6_U2D571,U2D571,dev,histidine,Di,False,0.001,0.0024,0.0014,0.0023,0.0101,0.9795,True
cluster6_U2D571,U2D571,dev,histidine,Mono,False,0.0008,0.0021,0.0013,0.0023,0.0023,0.9795,True
cluster6_U2D571,U2D571,dev,histidine,Tri,False,0.0178,0.0321,0.0143,0.0202,0.0409,0.9795,True
cluster6_U2D571,U2D571,dev,lysine,Di,False,0.1965,0.3449,0.1484,0.1127,0.28,0.9795,True
cluster6_U2D571,U2D571,dev,lysine,Mono,False,0.0121,0.0333,0.0212,0.0114,0.0409,0.9795,True
cluster6_U2D571,U2D571,dev,lysine,Tri,False,0.0112,0.0342,0.023,0.0106,0.0409,0.9795,True
cluster6_U2D571,U2D571,dev,methionine,Di,False,0.0507,0.1483,0.0976,0.0529,0.1127,0.9795,True
cluster6_U2D571,U2D571,dev,methionine,Mono,False,0.078,0.1807,0.1027,0.0529,0.1127,0.9795,True
cluster6_U2D571,U2D571,dev,methionine,Tri,False,0.1439,0.2975,0.1536,0.0915,0.2692,0.9795,True
cluster6_U2D571,U2D571,dev,ornithine,Di,False,0.0171,0.0371,0.02,0.0202,0.0529,0.9795,True
cluster6_U2D571,U2D571,dev,ornithine,Mono,False,0.0055,0.016,0.0105,0.0101,0.0202,0.9795,True
cluster6_U2D571,U2D571,dev,ornithine,Tri,False,0.0051,0.0171,0.012,0.0101,0.0202,0.9795,True
cluster6_U2D571,U2D571,dev,phenylalanine,Di,True,0.8997,0.9116,0.0119,0.8571,0.8636,0.9795,True
cluster6_U2D571,U2D571,dev,phenylalanine,Mono,False,0.2346,0.3492,0.1146,0.1455,0.28,0.9795,True
cluster6_U2D571,U2D571,dev,phenylalanine,Tri,True,0.9393,0.9291,-0.0102,0.8696,0.8636,0.9795,True
cluster6_U2D571,U2D571,dev,proline,Di,False,0.0009,0.0018,0.0009,0.0023,0.0023,0.9795,True
cluster6_U2D571,U2D571,dev,proline,Mono,False,0.001,0.0018,0.0008,0.0023,0.0023,0.9795,True
cluster6_U2D571,U2D571,dev,proline,Tri,False,0.0109,0.0208,0.0099,0.0101,0.0301,0.9795,True
cluster6_U2D571,U2D571,dev,putrescine,Di,False,0.0016,0.0027,0.0011,0.0023,0.0101,0.9795,True
cluster6_U2D571,U2D571,dev,putrescine,Mono,False,0.0006,0.0011,0.0005,0.0,0.0023,0.9795,True
cluster6_U2D571,U2D571,dev,putrescine,Tri,False,0.0028,0.0042,0.0014,0.0101,0.0101,0.9795,True
cluster6_U2D571,U2D571,dev,serine,Di,False,0.1933,0.4625,0.2692,0.1127,0.3936,0.9795,True
cluster6_U2D571,U2D571,dev,serine,Mono,False,0.2665,0.556,0.2895,0.1875,0.4014,0.9795,True
cluster6_U2D571,U2D571,dev,serine,Tri,False,0.1244,0.2583,0.1339,0.0915,0.1757,0.9795,True
cluster6_U2D571,U2D571,dev,serotonin,Di,False,0.0036,0.0057,0.0021,0.0101,0.0101,0.9795,True
cluster6_U2D571,U2D571,dev,serotonin,Mono,False,0.0879,0.1504,0.0625,0.0529,0.1127,0.9795,True
cluster6_U2D571,U2D571,dev,serotonin,Tri,False,0.0049,0.0082,0.0033,0.0101,0.0101,0.9795,True
cluster6_U2D571,U2D571,dev,threonine,Di,False,0.0823,0.2391,0.1568,0.0529,0.1757,0.9795,True
cluster6_U2D571,U2D571,dev,threonine,Mono,False,0.1646,0.3907,0.2261,0.1127,0.2815,0.9795,True
cluster6_U2D571,U2D571,dev,threonine,Tri,False,0.0111,0.0283,0.0172,0.0101,0.0391,0.9795,True
cluster6_U2D571,U2D571,dev,tryptamine,Di,False,0.0004,0.0006,0.0002,0.0,0.0,0.9795,True
cluster6_U2D571,U2D571,dev,tryptamine,Mono,False,0.0002,0.0004,0.0002,0.0,0.0,0.9795,True
cluster6_U2D571,U2D571,dev,tryptamine,Tri,False,0.0016,0.0018,0.0002,0.0023,0.0023,0.9795,True
cluster6_U2D571,U2D571,dev,tyramine,Di,False,0.0123,0.017,0.0047,0.0114,0.0202,0.9795,True
cluster6_U2D571,U2D571,dev,tyramine,Mono,False,0.1963,0.3034,0.1071,0.1127,0.2692,0.9795,True
cluster6_U2D571,U2D571,dev,tyramine,Tri,False,0.0197,0.0224,0.0027,0.0301,0.0345,0.9795,True
cluster70_A0A1Y3QT37,A0A1Y3QT37,dev,"2,3_diaminopropionic acid",Di,False,0.2321,0.0228,-0.2093,0.1455,0.0345,0.9191,True
cluster70_A0A1Y3QT37,A0A1Y3QT37,dev,"2,3_diaminopropionic acid",Mono,False,0.1556,0.0131,-0.1425,0.1127,0.0137,0.9191,True
cluster70_A0A1Y3QT37,A0A1Y3QT37,dev,"2,3_diaminopropionic acid",Tri,True,0.871,0.2981,-0.5729,0.7,0.2692,0.9191,True
cluster70_A0A1Y3QT37,A0A1Y3QT37,dev,2_aminophenol,Di,True,0.9909,0.884,-0.1069,0.9214,0.8235,0.9191,True
cluster70_A0A1Y3QT37,A0A1Y3QT37,dev,2_aminophenol,Mono,True,0.8588,0.2398,-0.619,0.7,0.1757,0.9191,True
cluster70_A0A1Y3QT37,A0A1Y3QT37,dev,2_aminophenol,Tri,True,0.9847,0.8237,-0.161,0.9214,0.7,0.9191,True
cluster70_A0A1Y3QT37,A0A1Y3QT37,dev,3_methoxytyramine,Di,False,0.3739,0.0838,-0.2901,0.2815,0.0529,0.9191,True
cluster70_A0A1Y3QT37,A0A1Y3QT37,dev,3_methoxytyramine,Mono,False,0.0637,0.0107,-0.053,0.0529,0.0101,0.9191,True
cluster70_A0A1Y3QT37,A0A1Y3QT37,dev,3_methoxytyramine,Tri,False,0.372,0.0839,-0.2881,0.2815,0.0529,0.9191,True
cluster70_A0A1Y3QT37,A0A1Y3QT37,dev,alanine,Di,True,0.997,0.9649,-0.0321,1.0,0.9023,0.9191,True
cluster70_A0A1Y3QT37,A0A1Y3QT37,dev,alanine,Mono,True,0.997,0.9567,-0.0403,1.0,0.9023,0.9191,True
cluster70_A0A1Y3QT37,A0A1Y3QT37,dev,alanine,Tri,True,0.9414,0.4145,-0.5269,0.8696,0.2815,0.9191,True
cluster70_A0A1Y3QT37,A0A1Y3QT37,dev,arginine,Di,False,0.0266,0.005,-0.0216,0.0391,0.0101,0.9191,True
cluster70_A0A1Y3QT37,A0A1Y3QT37,dev,arginine,Mono,False,0.0154,0.0025,-0.0129,0.0202,0.0101,0.9191,True
cluster70_A0A1Y3QT37,A0A1Y3QT37,dev,arginine,Tri,False,0.0812,0.0201,-0.0611,0.0529,0.0301,0.9191,True
cluster70_A0A1Y3QT37,A0A1Y3QT37,dev,asparagine,Di,False,0.1615,0.0599,-0.1016,0.1127,0.0529,0.9191,True
cluster70_A0A1Y3QT37,A0A1Y3QT37,dev,asparagine,Mono,False,0.1699,0.0664,-0.1035,0.1127,0.0529,0.9191,True
cluster70_A0A1Y3QT37,A0A1Y3QT37,dev,asparagine,Tri,True,0.9579,0.9217,-0.0362,0.9023,0.8636,0.9191,True
cluster70_A0A1Y3QT37,A0A1Y3QT37,dev,cadaverine,Di,False,0.0281,0.0032,-0.0249,0.0391,0.0101,0.9191,True
cluster70_A0A1Y3QT37,A0A1Y3QT37,dev,cadaverine,Mono,False,0.0148,0.0017,-0.0131,0.0202,0.0023,0.9191,True
cluster70_A0A1Y3QT37,A0A1Y3QT37,dev,cadaverine,Tri,False,0.0565,0.009,-0.0475,0.0529,0.0101,0.9191,True
cluster70_A0A1Y3QT37,A0A1Y3QT37,dev,citrulline,Di,False,0.1069,0.0373,-0.0696,0.0915,0.0529,0.9191,True
cluster70_A0A1Y3QT37,A0A1Y3QT37,dev,citrulline,Mono,False,0.0408,0.0091,-0.0317,0.0529,0.0101,0.9191,True
cluster70_A0A1Y3QT37,A0A1Y3QT37,dev,citrulline,Tri,False,0.044,0.0119,-0.0321,0.0529,0.0114,0.9191,True
cluster70_A0A1Y3QT37,A0A1Y3QT37,dev,cystine,Di,False,0.0571,0.01,-0.0471,0.0529,0.0101,0.9191,True
cluster70_A0A1Y3QT37,A0A1Y3QT37,dev,cystine,Mono,False,0.03,0.0042,-0.0258,0.0391,0.0101,0.9191,True
cluster70_A0A1Y3QT37,A0A1Y3QT37,dev,cystine,Tri,False,0.1099,0.018,-0.0919,0.0915,0.0202,0.9191,True
cluster70_A0A1Y3QT37,A0A1Y3QT37,dev,dopamine,Di,False,0.508,0.1516,-0.3564,0.4014,0.1127,0.9191,True
cluster70_A0A1Y3QT37,A0A1Y3QT37,dev,dopamine,Mono,False,0.2704,0.0625,-0.2079,0.1915,0.0529,0.9191,True
cluster70_A0A1Y3QT37,A0A1Y3QT37,dev,dopamine,Tri,True,0.9647,0.8251,-0.1396,0.9023,0.7,0.9191,True
cluster70_A0A1Y3QT37,A0A1Y3QT37,dev,gaba,Di,True,0.9978,0.9527,-0.0451,1.0,0.9023,0.9191,True
cluster70_A0A1Y3QT37,A0A1Y3QT37,dev,gaba,Mono,True,0.9986,0.9669,-0.0317,1.0,0.9082,0.9191,True
cluster70_A0A1Y3QT37,A0A1Y3QT37,dev,gaba,Tri,True,0.9989,0.972,-0.0269,1.0,0.9082,0.9191,True
cluster70_A0A1Y3QT37,A0A1Y3QT37,dev,glutamine,Di,False,0.2598,0.1344,-0.1254,0.1875,0.0915,0.9191,True
cluster70_A0A1Y3QT37,A0A1Y3QT37,dev,glutamine,Mono,False,0.8193,0.7188,-0.1005,0.7,0.5287,0.9191,True
cluster70_A0A1Y3QT37,A0A1Y3QT37,dev,glutamine,Tri,False,0.2591,0.1383,-0.1208,0.1757,0.0915,0.9191,True
cluster70_A0A1Y3QT37,A0A1Y3QT37,dev,glyglycine,Di,False,0.0946,0.0068,-0.0878,0.0714,0.0101,0.9191,True
cluster70_A0A1Y3QT37,A0A1Y3QT37,dev,glyglycine,Mono,False,0.1071,0.0064,-0.1007,0.0915,0.0101,0.9191,True
cluster70_A0A1Y3QT37,A0A1Y3QT37,dev,glyglycine,Tri,True,0.6253,0.0829,-0.5424,0.4857,0.0529,0.9191,True
cluster70_A0A1Y3QT37,A0A1Y3QT37,dev,histidine,Di,False,0.0103,0.0013,-0.009,0.0101,0.0023,0.9191,True
cluster70_A0A1Y3QT37,A0A1Y3QT37,dev,histidine,Mono,False,0.0126,0.0011,-0.0115,0.0137,0.0023,0.9191,True
cluster70_A0A1Y3QT37,A0A1Y3QT37,dev,histidine,Tri,False,0.1372,0.015,-0.1222,0.0915,0.0202,0.9191,True
cluster70_A0A1Y3QT37,A0A1Y3QT37,dev,lysine,Di,True,0.5814,0.1362,-0.4452,0.4638,0.0915,0.9191,True
cluster70_A0A1Y3QT37,A0A1Y3QT37,dev,lysine,Mono,False,0.1628,0.0127,-0.1501,0.1127,0.0137,0.9191,True
cluster70_A0A1Y3QT37,A0A1Y3QT37,dev,lysine,Tri,False,0.1344,0.0118,-0.1226,0.0915,0.0114,0.9191,True
cluster70_A0A1Y3QT37,A0A1Y3QT37,dev,methionine,Di,False,0.3085,0.0438,-0.2647,0.2692,0.0529,0.9191,True
cluster70_A0A1Y3QT37,A0A1Y3QT37,dev,methionine,Mono,False,0.4407,0.0633,-0.3774,0.3936,0.0529,0.9191,True
cluster70_A0A1Y3QT37,A0A1Y3QT37,dev,methionine,Tri,True,0.5937,0.1133,-0.4804,0.4638,0.0915,0.9191,True
cluster70_A0A1Y3QT37,A0A1Y3QT37,dev,ornithine,Di,False,0.3218,0.0399,-0.2819,0.2692,0.0529,0.9191,True
cluster70_A0A1Y3QT37,A0A1Y3QT37,dev,ornithine,Mono,False,0.1815,0.0132,-0.1683,0.1127,0.0137,0.9191,True
cluster70_A0A1Y3QT37,A0A1Y3QT37,dev,ornithine,Tri,False,0.1371,0.01,-0.1271,0.0915,0.0101,0.9191,True
cluster70_A0A1Y3QT37,A0A1Y3QT37,dev,phenylalanine,Di,True,0.9921,0.9269,-0.0652,0.9214,0.8636,0.9191,True
cluster70_A0A1Y3QT37,A0A1Y3QT37,dev,phenylalanine,Mono,False,0.7172,0.2447,-0.4725,0.5287,0.1757,0.9191,True
cluster70_A0A1Y3QT37,A0A1Y3QT37,dev,phenylalanine,Tri,True,0.9923,0.9286,-0.0637,0.9214,0.8636,0.9191,True
cluster70_A0A1Y3QT37,A0A1Y3QT37,dev,proline,Di,False,0.0225,0.0057,-0.0168,0.0345,0.0101,0.9191,True
cluster70_A0A1Y3QT37,A0A1Y3QT37,dev,proline,Mono,False,0.0388,0.0085,-0.0303,0.0529,0.0101,0.9191,True
cluster70_A0A1Y3QT37,A0A1Y3QT37,dev,proline,Tri,False,0.1795,0.0652,-0.1143,0.1127,0.0529,0.9191,True
cluster70_A0A1Y3QT37,A0A1Y3QT37,dev,putrescine,Di,False,0.0293,0.0035,-0.0258,0.0391,0.0101,0.9191,True
cluster70_A0A1Y3QT37,A0A1Y3QT37,dev,putrescine,Mono,False,0.0148,0.0017,-0.0131,0.0202,0.0023,0.9191,True
cluster70_A0A1Y3QT37,A0A1Y3QT37,dev,putrescine,Tri,False,0.0587,0.0094,-0.0493,0.0529,0.0101,0.9191,True
cluster70_A0A1Y3QT37,A0A1Y3QT37,dev,serine,Di,True,0.8601,0.2107,-0.6494,0.7,0.1127,0.9191,True
cluster70_A0A1Y3QT37,A0A1Y3QT37,dev,serine,Mono,True,0.9009,0.2685,-0.6324,0.8571,0.1875,0.9191,True
cluster70_A0A1Y3QT37,A0A1Y3QT37,dev,serine,Tri,True,0.7496,0.1207,-0.6289,0.5287,0.0915,0.9191,True
cluster70_A0A1Y3QT37,A0A1Y3QT37,dev,serotonin,Di,False,0.0937,0.009,-0.0847,0.0714,0.0101,0.9191,True
cluster70_A0A1Y3QT37,A0A1Y3QT37,dev,serotonin,Mono,True,0.8051,0.1629,-0.6422,0.7,0.1127,0.9191,True
cluster70_A0A1Y3QT37,A0A1Y3QT37,dev,serotonin,Tri,False,0.1018,0.0097,-0.0921,0.0915,0.0101,0.9191,True
cluster70_A0A1Y3QT37,A0A1Y3QT37,dev,threonine,Di,False,0.4613,0.0595,-0.4018,0.3936,0.0529,0.9191,True
cluster70_A0A1Y3QT37,A0A1Y3QT37,dev,threonine,Mono,True,0.7325,0.1368,-0.5957,0.5287,0.0915,0.9191,True
cluster70_A0A1Y3QT37,A0A1Y3QT37,dev,threonine,Tri,False,0.0849,0.0073,-0.0776,0.0529,0.0101,0.9191,True
cluster70_A0A1Y3QT37,A0A1Y3QT37,dev,tryptamine,Di,False,0.0249,0.0036,-0.0213,0.0391,0.0101,0.9191,True
cluster70_A0A1Y3QT37,A0A1Y3QT37,dev,tryptamine,Mono,False,0.0118,0.0017,-0.0101,0.0114,0.0023,0.9191,True
cluster70_A0A1Y3QT37,A0A1Y3QT37,dev,tryptamine,Tri,False,0.0665,0.0145,-0.052,0.0529,0.0202,0.9191,True
cluster70_A0A1Y3QT37,A0A1Y3QT37,dev,tyramine,Di,False,0.1143,0.0136,-0.1007,0.0915,0.0137,0.9191,True
cluster70_A0A1Y3QT37,A0A1Y3QT37,dev,tyramine,Mono,True,0.7843,0.1914,-0.5929,0.5287,0.1127,0.9191,True
cluster70_A0A1Y3QT37,A0A1Y3QT37,dev,tyramine,Tri,False,0.1462,0.0181,-0.1281,0.0915,0.0202,0.9191,True
cluster726_A0A942AQR8,A0A942AQR8,dev,"2,3_diaminopropionic acid",Di,True,0.5677,0.1101,-0.4576,0.4231,0.0915,0.9375,True
cluster726_A0A942AQR8,A0A942AQR8,dev,"2,3_diaminopropionic acid",Mono,False,0.4048,0.0582,-0.3466,0.2815,0.0529,0.9375,True
cluster726_A0A942AQR8,A0A942AQR8,dev,"2,3_diaminopropionic acid",Tri,True,0.9117,0.6379,-0.2738,0.8636,0.4857,0.9375,True
cluster726_A0A942AQR8,A0A942AQR8,dev,2_aminophenol,Di,True,0.9908,0.9158,-0.075,0.9214,0.8636,0.9375,True
cluster726_A0A942AQR8,A0A942AQR8,dev,2_aminophenol,Mono,True,0.8823,0.335,-0.5473,0.8235,0.2692,0.9375,True
cluster726_A0A942AQR8,A0A942AQR8,dev,2_aminophenol,Tri,True,0.9891,0.8801,-0.109,0.9214,0.75,0.9375,True
cluster726_A0A942AQR8,A0A942AQR8,dev,3_methoxytyramine,Di,True,0.9273,0.3162,-0.6111,0.8636,0.2692,0.9375,True
cluster726_A0A942AQR8,A0A942AQR8,dev,3_methoxytyramine,Mono,False,0.3401,0.0368,-0.3033,0.28,0.0529,0.9375,True
cluster726_A0A942AQR8,A0A942AQR8,dev,3_methoxytyramine,Tri,True,0.8732,0.2505,-0.6227,0.7,0.1757,0.9375,True
cluster726_A0A942AQR8,A0A942AQR8,dev,alanine,Di,True,0.9935,0.9607,-0.0328,0.9214,0.9023,0.9375,True
cluster726_A0A942AQR8,A0A942AQR8,dev,alanine,Mono,True,0.9923,0.9476,-0.0447,0.9214,0.9023,0.9375,True
cluster726_A0A942AQR8,A0A942AQR8,dev,alanine,Tri,True,0.9241,0.6578,-0.2663,0.8636,0.5287,0.9375,True
cluster726_A0A942AQR8,A0A942AQR8,dev,arginine,Di,False,0.028,0.0117,-0.0163,0.0391,0.0114,0.9375,True
cluster726_A0A942AQR8,A0A942AQR8,dev,arginine,Mono,False,0.0134,0.0049,-0.0085,0.0137,0.0101,0.9375,True
cluster726_A0A942AQR8,A0A942AQR8,dev,arginine,Tri,False,0.0468,0.043,-0.0038,0.0529,0.0529,0.9375,True
cluster726_A0A942AQR8,A0A942AQR8,dev,asparagine,Di,False,0.1223,0.0947,-0.0276,0.0915,0.0714,0.9375,True
cluster726_A0A942AQR8,A0A942AQR8,dev,asparagine,Mono,False,0.0988,0.0698,-0.029,0.0915,0.0529,0.9375,True
cluster726_A0A942AQR8,A0A942AQR8,dev,asparagine,Tri,True,0.9249,0.889,-0.0359,0.8636,0.8333,0.9375,True
cluster726_A0A942AQR8,A0A942AQR8,dev,cadaverine,Di,False,0.0745,0.0134,-0.0611,0.0529,0.0137,0.9375,True
cluster726_A0A942AQR8,A0A942AQR8,dev,cadaverine,Mono,False,0.029,0.0048,-0.0242,0.0391,0.0101,0.9375,True
cluster726_A0A942AQR8,A0A942AQR8,dev,cadaverine,Tri,False,0.2697,0.0619,-0.2078,0.1915,0.0529,0.9375,True
cluster726_A0A942AQR8,A0A942AQR8,dev,citrulline,Di,False,0.0688,0.0856,0.0168,0.0529,0.0529,0.9375,True
cluster726_A0A942AQR8,A0A942AQR8,dev,citrulline,Mono,False,0.0288,0.0224,-0.0064,0.0391,0.0345,0.9375,True
cluster726_A0A942AQR8,A0A942AQR8,dev,citrulline,Tri,False,0.0186,0.0291,0.0105,0.0202,0.0391,0.9375,True
cluster726_A0A942AQR8,A0A942AQR8,dev,cystine,Di,False,0.0908,0.0214,-0.0694,0.0529,0.0301,0.9375,True
cluster726_A0A942AQR8,A0A942AQR8,dev,cystine,Mono,False,0.0371,0.0076,-0.0295,0.0529,0.0101,0.9375,True
cluster726_A0A942AQR8,A0A942AQR8,dev,cystine,Tri,False,0.1064,0.0268,-0.0796,0.0915,0.0391,0.9375,True
cluster726_A0A942AQR8,A0A942AQR8,dev,dopamine,Di,True,0.8893,0.3527,-0.5366,0.8333,0.2815,0.9375,True
cluster726_A0A942AQR8,A0A942AQR8,dev,dopamine,Mono,False,0.5808,0.1308,-0.45,0.4638,0.0915,0.9375,True
cluster726_A0A942AQR8,A0A942AQR8,dev,dopamine,Tri,True,0.986,0.9081,-0.0779,0.9214,0.8636,0.9375,True
cluster726_A0A942AQR8,A0A942AQR8,dev,gaba,Di,True,0.9969,0.9779,-0.019,1.0,0.9082,0.9375,True
cluster726_A0A942AQR8,A0A942AQR8,dev,gaba,Mono,True,0.9971,0.9737,-0.0234,1.0,0.9082,0.9375,True
cluster726_A0A942AQR8,A0A942AQR8,dev,gaba,Tri,True,0.9971,0.9794,-0.0177,1.0,0.9082,0.9375,True
cluster726_A0A942AQR8,A0A942AQR8,dev,glutamine,Di,False,0.1383,0.1906,0.0523,0.0915,0.1127,0.9375,True
cluster726_A0A942AQR8,A0A942AQR8,dev,glutamine,Mono,False,0.6342,0.5676,-0.0666,0.4857,0.4231,0.9375,True
cluster726_A0A942AQR8,A0A942AQR8,dev,glutamine,Tri,False,0.0731,0.1202,0.0471,0.0529,0.0915,0.9375,True
cluster726_A0A942AQR8,A0A942AQR8,dev,glyglycine,Di,False,0.0281,0.0117,-0.0164,0.0391,0.0114,0.9375,True
cluster726_A0A942AQR8,A0A942AQR8,dev,glyglycine,Mono,False,0.0247,0.0091,-0.0156,0.0391,0.0101,0.9375,True
cluster726_A0A942AQR8,A0A942AQR8,dev,glyglycine,Tri,False,0.156,0.094,-0.062,0.1127,0.0714,0.9375,True
cluster726_A0A942AQR8,A0A942AQR8,dev,histidine,Di,False,0.0049,0.0024,-0.0025,0.0101,0.0101,0.9375,True
cluster726_A0A942AQR8,A0A942AQR8,dev,histidine,Mono,False,0.0057,0.0019,-0.0038,0.0101,0.0023,0.9375,True
cluster726_A0A942AQR8,A0A942AQR8,dev,histidine,Tri,False,0.0533,0.0234,-0.0299,0.0529,0.0391,0.9375,True
cluster726_A0A942AQR8,A0A942AQR8,dev,lysine,Di,False,0.3553,0.2967,-0.0586,0.2815,0.2692,0.9375,True
cluster726_A0A942AQR8,A0A942AQR8,dev,lysine,Mono,False,0.0888,0.0439,-0.0449,0.0529,0.0529,0.9375,True
cluster726_A0A942AQR8,A0A942AQR8,dev,lysine,Tri,False,0.0463,0.0397,-0.0066,0.0529,0.0529,0.9375,True
cluster726_A0A942AQR8,A0A942AQR8,dev,methionine,Di,False,0.134,0.1227,-0.0113,0.0915,0.0915,0.9375,True
cluster726_A0A942AQR8,A0A942AQR8,dev,methionine,Mono,False,0.1843,0.1108,-0.0735,0.1127,0.0915,0.9375,True
cluster726_A0A942AQR8,A0A942AQR8,dev,methionine,Tri,False,0.202,0.1597,-0.0423,0.1127,0.1127,0.9375,True
cluster726_A0A942AQR8,A0A942AQR8,dev,ornithine,Di,True,0.8472,0.3852,-0.462,0.7,0.2815,0.9375,True
cluster726_A0A942AQR8,A0A942AQR8,dev,ornithine,Mono,True,0.7449,0.1532,-0.5917,0.5287,0.1127,0.9375,True
cluster726_A0A942AQR8,A0A942AQR8,dev,ornithine,Tri,False,0.3833,0.1062,-0.2771,0.2815,0.0915,0.9375,True
cluster726_A0A942AQR8,A0A942AQR8,dev,phenylalanine,Di,True,0.9937,0.9576,-0.0361,0.9214,0.9023,0.9375,True
cluster726_A0A942AQR8,A0A942AQR8,dev,phenylalanine,Mono,True,0.8644,0.386,-0.4784,0.7,0.2815,0.9375,True
cluster726_A0A942AQR8,A0A942AQR8,dev,phenylalanine,Tri,True,0.9941,0.9574,-0.0367,0.9214,0.9023,0.9375,True
cluster726_A0A942AQR8,A0A942AQR8,dev,proline,Di,False,0.0125,0.0087,-0.0038,0.0137,0.0101,0.9375,True
cluster726_A0A942AQR8,A0A942AQR8,dev,proline,Mono,False,0.0187,0.0096,-0.0091,0.0202,0.0101,0.9375,True
cluster726_A0A942AQR8,A0A942AQR8,dev,proline,Tri,False,0.1661,0.1223,-0.0438,0.1127,0.0915,0.9375,True
cluster726_A0A942AQR8,A0A942AQR8,dev,putrescine,Di,False,0.0781,0.0137,-0.0644,0.0529,0.0202,0.9375,True
cluster726_A0A942AQR8,A0A942AQR8,dev,putrescine,Mono,False,0.0292,0.0048,-0.0244,0.0391,0.0101,0.9375,True
cluster726_A0A942AQR8,A0A942AQR8,dev,putrescine,Tri,False,0.2762,0.0604,-0.2158,0.1915,0.0529,0.9375,True
cluster726_A0A942AQR8,A0A942AQR8,dev,serine,Di,False,0.6192,0.3167,-0.3025,0.4706,0.2692,0.9375,True
cluster726_A0A942AQR8,A0A942AQR8,dev,serine,Mono,True,0.7368,0.4037,-0.3331,0.5287,0.2815,0.9375,True
cluster726_A0A942AQR8,A0A942AQR8,dev,serine,Tri,False,0.393,0.1723,-0.2207,0.2815,0.1127,0.9375,True
cluster726_A0A942AQR8,A0A942AQR8,dev,serotonin,Di,False,0.2577,0.0296,-0.2281,0.1757,0.0391,0.9375,True
cluster726_A0A942AQR8,A0A942AQR8,dev,serotonin,Mono,True,0.9129,0.3656,-0.5473,0.8636,0.2815,0.9375,True
cluster726_A0A942AQR8,A0A942AQR8,dev,serotonin,Tri,False,0.2059,0.0272,-0.1787,0.1127,0.0391,0.9375,True
cluster726_A0A942AQR8,A0A942AQR8,dev,threonine,Di,False,0.0739,0.0819,0.008,0.0529,0.0529,0.9375,True
cluster726_A0A942AQR8,A0A942AQR8,dev,threonine,Mono,False,0.192,0.1651,-0.0269,0.1127,0.1127,0.9375,True
cluster726_A0A942AQR8,A0A942AQR8,dev,threonine,Tri,False,0.0112,0.0092,-0.002,0.0101,0.0101,0.9375,True
cluster726_A0A942AQR8,A0A942AQR8,dev,tryptamine,Di,False,0.1684,0.0118,-0.1566,0.1127,0.0114,0.9375,True
cluster726_A0A942AQR8,A0A942AQR8,dev,tryptamine,Mono,False,0.1129,0.0056,-0.1073,0.0915,0.0101,0.9375,True
cluster726_A0A942AQR8,A0A942AQR8,dev,tryptamine,Tri,True,0.7705,0.1248,-0.6457,0.5287,0.0915,0.9375,True
cluster726_A0A942AQR8,A0A942AQR8,dev,tyramine,Di,False,0.244,0.0393,-0.2047,0.1757,0.0529,0.9375,True
cluster726_A0A942AQR8,A0A942AQR8,dev,tyramine,Mono,True,0.8314,0.2666,-0.5648,0.7,0.1875,0.9375,True
cluster726_A0A942AQR8,A0A942AQR8,dev,tyramine,Tri,False,0.2006,0.0332,-0.1674,0.1127,0.0409,0.9375,True
cluster838_A0A3D3YKZ5,A0A3D3YKZ5,dev,"2,3_diaminopropionic acid",Di,False,0.0002,0.0049,0.0047,0.0,0.0101,0.9268,True
cluster838_A0A3D3YKZ5,A0A3D3YKZ5,dev,"2,3_diaminopropionic acid",Mono,False,1e-04,0.0032,0.0031,0.0,0.0101,0.9268,True
cluster838_A0A3D3YKZ5,A0A3D3YKZ5,dev,"2,3_diaminopropionic acid",Tri,False,0.0021,0.0754,0.0733,0.0023,0.0529,0.9268,True
cluster838_A0A3D3YKZ5,A0A3D3YKZ5,dev,2_aminophenol,Di,False,0.0309,0.6088,0.5779,0.0409,0.4638,0.9268,True
cluster838_A0A3D3YKZ5,A0A3D3YKZ5,dev,2_aminophenol,Mono,False,0.0022,0.0627,0.0605,0.0023,0.0529,0.9268,True
cluster838_A0A3D3YKZ5,A0A3D3YKZ5,dev,2_aminophenol,Tri,False,0.0118,0.4655,0.4537,0.0114,0.3936,0.9268,True
cluster838_A0A3D3YKZ5,A0A3D3YKZ5,dev,3_methoxytyramine,Di,False,0.0017,0.0239,0.0222,0.0023,0.0391,0.9268,True
cluster838_A0A3D3YKZ5,A0A3D3YKZ5,dev,3_methoxytyramine,Mono,False,1e-04,0.0027,0.0026,0.0,0.0101,0.9268,True
cluster838_A0A3D3YKZ5,A0A3D3YKZ5,dev,3_methoxytyramine,Tri,False,0.0011,0.018,0.0169,0.0023,0.0202,0.9268,True
cluster838_A0A3D3YKZ5,A0A3D3YKZ5,dev,alanine,Di,False,0.0424,0.8272,0.7848,0.0529,0.7,0.9268,True
cluster838_A0A3D3YKZ5,A0A3D3YKZ5,dev,alanine,Mono,False,0.0292,0.8059,0.7767,0.0391,0.7,0.9268,True
cluster838_A0A3D3YKZ5,A0A3D3YKZ5,dev,alanine,Tri,False,0.0019,0.1247,0.1228,0.0023,0.0915,0.9268,True
cluster838_A0A3D3YKZ5,A0A3D3YKZ5,dev,arginine,Di,False,0.0,0.0015,0.0015,0.0,0.0023,0.9268,True
cluster838_A0A3D3YKZ5,A0A3D3YKZ5,dev,arginine,Mono,False,0.0,0.0008,0.0008,0.0,0.0023,0.9268,True
cluster838_A0A3D3YKZ5,A0A3D3YKZ5,dev,arginine,Tri,False,1e-04,0.0057,0.0056,0.0,0.0101,0.9268,True
cluster838_A0A3D3YKZ5,A0A3D3YKZ5,dev,asparagine,Di,False,0.0013,0.0222,0.0209,0.0023,0.0301,0.9268,True
cluster838_A0A3D3YKZ5,A0A3D3YKZ5,dev,asparagine,Mono,False,0.0012,0.0243,0.0231,0.0023,0.0391,0.9268,True
cluster838_A0A3D3YKZ5,A0A3D3YKZ5,dev,asparagine,Tri,False,0.1121,0.7423,0.6302,0.0915,0.5287,0.9268,True
cluster838_A0A3D3YKZ5,A0A3D3YKZ5,dev,cadaverine,Di,False,1e-04,0.0012,0.0011,0.0,0.0023,0.9268,True
cluster838_A0A3D3YKZ5,A0A3D3YKZ5,dev,cadaverine,Mono,False,0.0,0.0007,0.0007,0.0,0.0,0.9268,True
cluster838_A0A3D3YKZ5,A0A3D3YKZ5,dev,cadaverine,Tri,False,1e-04,0.0033,0.0032,0.0,0.0101,0.9268,True
cluster838_A0A3D3YKZ5,A0A3D3YKZ5,dev,citrulline,Di,False,0.0003,0.0108,0.0105,0.0,0.0101,0.9268,True
cluster838_A0A3D3YKZ5,A0A3D3YKZ5,dev,citrulline,Mono,False,1e-04,0.0029,0.0028,0.0,0.0101,0.9268,True
cluster838_A0A3D3YKZ5,A0A3D3YKZ5,dev,citrulline,Tri,False,1e-04,0.0032,0.0031,0.0,0.0101,0.9268,True
cluster838_A0A3D3YKZ5,A0A3D3YKZ5,dev,cystine,Di,False,1e-04,0.0018,0.0017,0.0,0.0023,0.9268,True
cluster838_A0A3D3YKZ5,A0A3D3YKZ5,dev,cystine,Mono,False,0.0,0.0008,0.0008,0.0,0.0023,0.9268,True
cluster838_A0A3D3YKZ5,A0A3D3YKZ5,dev,cystine,Tri,False,1e-04,0.0027,0.0026,0.0,0.0101,0.9268,True
cluster838_A0A3D3YKZ5,A0A3D3YKZ5,dev,dopamine,Di,False,0.0047,0.0687,0.064,0.0101,0.0529,0.9268,True
cluster838_A0A3D3YKZ5,A0A3D3YKZ5,dev,dopamine,Mono,False,0.0011,0.0236,0.0225,0.0023,0.0391,0.9268,True
cluster838_A0A3D3YKZ5,A0A3D3YKZ5,dev,dopamine,Tri,False,0.074,0.6519,0.5779,0.0529,0.5287,0.9268,True
cluster838_A0A3D3YKZ5,A0A3D3YKZ5,dev,gaba,Di,False,0.0209,0.8721,0.8512,0.0301,0.7,0.9268,True
cluster838_A0A3D3YKZ5,A0A3D3YKZ5,dev,gaba,Mono,False,0.0238,0.9101,0.8863,0.0391,0.8636,0.9268,True
cluster838_A0A3D3YKZ5,A0A3D3YKZ5,dev,gaba,Tri,False,0.025,0.9111,0.8861,0.0391,0.8636,0.9268,True
cluster838_A0A3D3YKZ5,A0A3D3YKZ5,dev,glutamine,Di,False,0.0021,0.0661,0.064,0.0023,0.0529,0.9268,True
cluster838_A0A3D3YKZ5,A0A3D3YKZ5,dev,glutamine,Mono,False,0.0313,0.579,0.5477,0.0409,0.4638,0.9268,True
cluster838_A0A3D3YKZ5,A0A3D3YKZ5,dev,glutamine,Tri,False,0.0015,0.0591,0.0576,0.0023,0.0529,0.9268,True
cluster838_A0A3D3YKZ5,A0A3D3YKZ5,dev,glyglycine,Di,False,1e-04,0.0021,0.002,0.0,0.0023,0.9268,True
cluster838_A0A3D3YKZ5,A0A3D3YKZ5,dev,glyglycine,Mono,False,1e-04,0.0021,0.002,0.0,0.0023,0.9268,True
cluster838_A0A3D3YKZ5,A0A3D3YKZ5,dev,glyglycine,Tri,False,0.0005,0.0162,0.0157,0.0,0.0202,0.9268,True
cluster838_A0A3D3YKZ5,A0A3D3YKZ5,dev,histidine,Di,False,0.0,0.0006,0.0006,0.0,0.0,0.9268,True
cluster838_A0A3D3YKZ5,A0A3D3YKZ5,dev,histidine,Mono,False,0.0,0.0005,0.0005,0.0,0.0,0.9268,True
cluster838_A0A3D3YKZ5,A0A3D3YKZ5,dev,histidine,Tri,False,1e-04,0.0043,0.0042,0.0,0.0101,0.9268,True
cluster838_A0A3D3YKZ5,A0A3D3YKZ5,dev,lysine,Di,False,0.001,0.0506,0.0496,0.0023,0.0529,0.9268,True
cluster838_A0A3D3YKZ5,A0A3D3YKZ5,dev,lysine,Mono,False,0.0002,0.0061,0.0059,0.0,0.0101,0.9268,True
cluster838_A0A3D3YKZ5,A0A3D3YKZ5,dev,lysine,Tri,False,1e-04,0.0046,0.0045,0.0,0.0101,0.9268,True
cluster838_A0A3D3YKZ5,A0A3D3YKZ5,dev,methionine,Di,False,0.0003,0.0128,0.0125,0.0,0.0137,0.9268,True
cluster838_A0A3D3YKZ5,A0A3D3YKZ5,dev,methionine,Mono,False,0.0003,0.0212,0.0209,0.0,0.0301,0.9268,True
cluster838_A0A3D3YKZ5,A0A3D3YKZ5,dev,methionine,Tri,False,0.0004,0.0297,0.0293,0.0,0.0391,0.9268,True
cluster838_A0A3D3YKZ5,A0A3D3YKZ5,dev,ornithine,Di,False,0.0012,0.019,0.0178,0.0023,0.0202,0.9268,True
cluster838_A0A3D3YKZ5,A0A3D3YKZ5,dev,ornithine,Mono,False,0.0004,0.0076,0.0072,0.0,0.0101,0.9268,True
cluster838_A0A3D3YKZ5,A0A3D3YKZ5,dev,ornithine,Tri,False,0.0002,0.0043,0.0041,0.0,0.0101,0.9268,True
cluster838_A0A3D3YKZ5,A0A3D3YKZ5,dev,phenylalanine,Di,False,0.0345,0.7637,0.7292,0.0409,0.5287,0.9268,True
cluster838_A0A3D3YKZ5,A0A3D3YKZ5,dev,phenylalanine,Mono,False,0.001,0.0777,0.0767,0.0023,0.0529,0.9268,True
cluster838_A0A3D3YKZ5,A0A3D3YKZ5,dev,phenylalanine,Tri,False,0.0242,0.7267,0.7025,0.0391,0.5287,0.9268,True
cluster838_A0A3D3YKZ5,A0A3D3YKZ5,dev,proline,Di,False,1e-04,0.0021,0.002,0.0,0.0023,0.9268,True
cluster838_A0A3D3YKZ5,A0A3D3YKZ5,dev,proline,Mono,False,1e-04,0.0028,0.0027,0.0,0.0101,0.9268,True
cluster838_A0A3D3YKZ5,A0A3D3YKZ5,dev,proline,Tri,False,0.0005,0.0167,0.0162,0.0,0.0202,0.9268,True
cluster838_A0A3D3YKZ5,A0A3D3YKZ5,dev,putrescine,Di,False,1e-04,0.0013,0.0012,0.0,0.0023,0.9268,True
cluster838_A0A3D3YKZ5,A0A3D3YKZ5,dev,putrescine,Mono,False,0.0,0.0007,0.0007,0.0,0.0,0.9268,True
cluster838_A0A3D3YKZ5,A0A3D3YKZ5,dev,putrescine,Tri,False,1e-04,0.0034,0.0033,0.0,0.0101,0.9268,True
cluster838_A0A3D3YKZ5,A0A3D3YKZ5,dev,serine,Di,False,0.0013,0.0652,0.0639,0.0023,0.0529,0.9268,True
cluster838_A0A3D3YKZ5,A0A3D3YKZ5,dev,serine,Mono,False,0.0017,0.0821,0.0804,0.0023,0.0529,0.9268,True
cluster838_A0A3D3YKZ5,A0A3D3YKZ5,dev,serine,Tri,False,0.0007,0.0362,0.0355,0.0023,0.0464,0.9268,True
cluster838_A0A3D3YKZ5,A0A3D3YKZ5,dev,serotonin,Di,False,0.0002,0.0025,0.0023,0.0,0.0101,0.9268,True
cluster838_A0A3D3YKZ5,A0A3D3YKZ5,dev,serotonin,Mono,False,0.0023,0.0453,0.043,0.0023,0.0529,0.9268,True
cluster838_A0A3D3YKZ5,A0A3D3YKZ5,dev,serotonin,Tri,False,1e-04,0.0023,0.0022,0.0,0.0101,0.9268,True
cluster838_A0A3D3YKZ5,A0A3D3YKZ5,dev,threonine,Di,False,0.0002,0.0196,0.0194,0.0,0.0202,0.9268,True
cluster838_A0A3D3YKZ5,A0A3D3YKZ5,dev,threonine,Mono,False,0.0005,0.0418,0.0413,0.0,0.0529,0.9268,True
cluster838_A0A3D3YKZ5,A0A3D3YKZ5,dev,threonine,Tri,False,0.0,0.0029,0.0029,0.0,0.0101,0.9268,True
cluster838_A0A3D3YKZ5,A0A3D3YKZ5,dev,tryptamine,Di,False,1e-04,0.0015,0.0014,0.0,0.0023,0.9268,True
cluster838_A0A3D3YKZ5,A0A3D3YKZ5,dev,tryptamine,Mono,False,0.0,0.0007,0.0007,0.0,0.0,0.9268,True
cluster838_A0A3D3YKZ5,A0A3D3YKZ5,dev,tryptamine,Tri,False,0.0002,0.0046,0.0044,0.0,0.0101,0.9268,True
cluster838_A0A3D3YKZ5,A0A3D3YKZ5,dev,tyramine,Di,False,0.0002,0.0036,0.0034,0.0,0.0101,0.9268,True
cluster838_A0A3D3YKZ5,A0A3D3YKZ5,dev,tyramine,Mono,False,0.0016,0.0507,0.0491,0.0023,0.0529,0.9268,True
cluster838_A0A3D3YKZ5,A0A3D3YKZ5,dev,tyramine,Tri,False,1e-04,0.0036,0.0035,0.0,0.0101,0.9268,True
cluster83_A0A1Q6F0C9,A0A1Q6F0C9,dev,"2,3_diaminopropionic acid",Di,False,0.0094,0.006,-0.0034,0.0101,0.0101,0.7309,True
cluster83_A0A1Q6F0C9,A0A1Q6F0C9,dev,"2,3_diaminopropionic acid",Mono,False,0.0066,0.0039,-0.0027,0.0101,0.0101,0.7309,True
cluster83_A0A1Q6F0C9,A0A1Q6F0C9,dev,"2,3_diaminopropionic acid",Tri,False,0.1198,0.1064,-0.0134,0.0915,0.0915,0.7309,True
cluster83_A0A1Q6F0C9,A0A1Q6F0C9,dev,2_aminophenol,Di,True,0.8643,0.7616,-0.1027,0.7,0.5287,0.7309,True
cluster83_A0A1Q6F0C9,A0A1Q6F0C9,dev,2_aminophenol,Mono,False,0.1315,0.1185,-0.013,0.0915,0.0915,0.7309,True
cluster83_A0A1Q6F0C9,A0A1Q6F0C9,dev,2_aminophenol,Tri,False,0.6315,0.6247,-0.0068,0.4857,0.4857,0.7309,True
cluster83_A0A1Q6F0C9,A0A1Q6F0C9,dev,3_methoxytyramine,Di,False,0.0193,0.0108,-0.0085,0.0202,0.0101,0.7309,True
cluster83_A0A1Q6F0C9,A0A1Q6F0C9,dev,3_methoxytyramine,Mono,False,0.0028,0.0011,-0.0017,0.0101,0.0023,0.7309,True
cluster83_A0A1Q6F0C9,A0A1Q6F0C9,dev,3_methoxytyramine,Tri,False,0.0273,0.0152,-0.0121,0.0391,0.0202,0.7309,True
cluster83_A0A1Q6F0C9,A0A1Q6F0C9,dev,alanine,Di,True,0.9745,0.8844,-0.0901,0.9082,0.8235,0.7309,True
cluster83_A0A1Q6F0C9,A0A1Q6F0C9,dev,alanine,Mono,True,0.9743,0.8708,-0.1035,0.9082,0.7,0.7309,True
cluster83_A0A1Q6F0C9,A0A1Q6F0C9,dev,alanine,Tri,False,0.0994,0.1281,0.0287,0.0915,0.0915,0.7309,True
cluster83_A0A1Q6F0C9,A0A1Q6F0C9,dev,arginine,Di,False,0.002,0.0017,-0.0003,0.0023,0.0023,0.7309,True
cluster83_A0A1Q6F0C9,A0A1Q6F0C9,dev,arginine,Mono,False,0.0013,0.001,-0.0003,0.0023,0.0023,0.7309,True
cluster83_A0A1Q6F0C9,A0A1Q6F0C9,dev,arginine,Tri,False,0.0054,0.0103,0.0049,0.0101,0.0101,0.7309,True
cluster83_A0A1Q6F0C9,A0A1Q6F0C9,dev,asparagine,Di,False,0.0297,0.0216,-0.0081,0.0391,0.0301,0.7309,True
cluster83_A0A1Q6F0C9,A0A1Q6F0C9,dev,asparagine,Mono,False,0.061,0.0269,-0.0341,0.0529,0.0391,0.7309,True
cluster83_A0A1Q6F0C9,A0A1Q6F0C9,dev,asparagine,Tri,True,0.926,0.8209,-0.1051,0.8636,0.7,0.7309,True
cluster83_A0A1Q6F0C9,A0A1Q6F0C9,dev,cadaverine,Di,False,0.0011,0.0012,1e-04,0.0023,0.0023,0.7309,True
cluster83_A0A1Q6F0C9,A0A1Q6F0C9,dev,cadaverine,Mono,False,0.0007,0.0004,-0.0003,0.0,0.0,0.7309,True
cluster83_A0A1Q6F0C9,A0A1Q6F0C9,dev,cadaverine,Tri,False,0.0021,0.0019,-0.0002,0.0023,0.0023,0.7309,True
cluster83_A0A1Q6F0C9,A0A1Q6F0C9,dev,citrulline,Di,False,0.0102,0.0087,-0.0015,0.0101,0.0101,0.7309,True
cluster83_A0A1Q6F0C9,A0A1Q6F0C9,dev,citrulline,Mono,False,0.0039,0.0029,-0.001,0.0101,0.0101,0.7309,True
cluster83_A0A1Q6F0C9,A0A1Q6F0C9,dev,citrulline,Tri,False,0.0032,0.004,0.0008,0.0101,0.0101,0.7309,True
cluster83_A0A1Q6F0C9,A0A1Q6F0C9,dev,cystine,Di,False,0.0036,0.0036,0.0,0.0101,0.0101,0.7309,True
cluster83_A0A1Q6F0C9,A0A1Q6F0C9,dev,cystine,Mono,False,0.0019,0.0016,-0.0003,0.0023,0.0023,0.7309,True
cluster83_A0A1Q6F0C9,A0A1Q6F0C9,dev,cystine,Tri,False,0.0068,0.0111,0.0043,0.0101,0.0101,0.7309,True
cluster83_A0A1Q6F0C9,A0A1Q6F0C9,dev,dopamine,Di,False,0.0997,0.049,-0.0507,0.0915,0.0529,0.7309,True
cluster83_A0A1Q6F0C9,A0A1Q6F0C9,dev,dopamine,Mono,False,0.0314,0.0131,-0.0183,0.0409,0.0137,0.7309,True
cluster83_A0A1Q6F0C9,A0A1Q6F0C9,dev,dopamine,Tri,True,0.8705,0.7592,-0.1113,0.7,0.5287,0.7309,True
cluster83_A0A1Q6F0C9,A0A1Q6F0C9,dev,gaba,Di,True,0.9844,0.8741,-0.1103,0.9214,0.7,0.7309,True
cluster83_A0A1Q6F0C9,A0A1Q6F0C9,dev,gaba,Mono,True,0.9932,0.9138,-0.0794,0.9214,0.8636,0.7309,True
cluster83_A0A1Q6F0C9,A0A1Q6F0C9,dev,gaba,Tri,True,0.9906,0.9251,-0.0655,0.9214,0.8636,0.7309,True
cluster83_A0A1Q6F0C9,A0A1Q6F0C9,dev,glutamine,Di,False,0.111,0.0545,-0.0565,0.0915,0.0529,0.7309,True
cluster83_A0A1Q6F0C9,A0A1Q6F0C9,dev,glutamine,Mono,True,0.8831,0.5879,-0.2952,0.8235,0.4638,0.7309,True
cluster83_A0A1Q6F0C9,A0A1Q6F0C9,dev,glutamine,Tri,False,0.1222,0.0756,-0.0466,0.0915,0.0529,0.7309,True
cluster83_A0A1Q6F0C9,A0A1Q6F0C9,dev,glyglycine,Di,False,0.0031,0.0045,0.0014,0.0101,0.0101,0.7309,True
cluster83_A0A1Q6F0C9,A0A1Q6F0C9,dev,glyglycine,Mono,False,0.0037,0.0045,0.0008,0.0101,0.0101,0.7309,True
cluster83_A0A1Q6F0C9,A0A1Q6F0C9,dev,glyglycine,Tri,False,0.0267,0.0775,0.0508,0.0391,0.0529,0.7309,True
cluster83_A0A1Q6F0C9,A0A1Q6F0C9,dev,histidine,Di,False,0.0004,0.0004,0.0,0.0,0.0,0.7309,True
cluster83_A0A1Q6F0C9,A0A1Q6F0C9,dev,histidine,Mono,False,0.0004,0.0003,-1e-04,0.0,0.0,0.7309,True
cluster83_A0A1Q6F0C9,A0A1Q6F0C9,dev,histidine,Tri,False,0.0036,0.0075,0.0039,0.0101,0.0101,0.7309,True
cluster83_A0A1Q6F0C9,A0A1Q6F0C9,dev,lysine,Di,False,0.0478,0.0723,0.0245,0.0529,0.0529,0.7309,True
cluster83_A0A1Q6F0C9,A0A1Q6F0C9,dev,lysine,Mono,False,0.0107,0.0086,-0.0021,0.0101,0.0101,0.7309,True
cluster83_A0A1Q6F0C9,A0A1Q6F0C9,dev,lysine,Tri,False,0.0063,0.0093,0.003,0.0101,0.0101,0.7309,True
cluster83_A0A1Q6F0C9,A0A1Q6F0C9,dev,methionine,Di,False,0.0224,0.0198,-0.0026,0.0345,0.0301,0.7309,True
cluster83_A0A1Q6F0C9,A0A1Q6F0C9,dev,methionine,Mono,False,0.0379,0.0289,-0.009,0.0529,0.0391,0.7309,True
cluster83_A0A1Q6F0C9,A0A1Q6F0C9,dev,methionine,Tri,False,0.0451,0.0557,0.0106,0.0529,0.0529,0.7309,True
cluster83_A0A1Q6F0C9,A0A1Q6F0C9,dev,ornithine,Di,False,0.0107,0.0147,0.004,0.0101,0.0202,0.7309,True
cluster83_A0A1Q6F0C9,A0A1Q6F0C9,dev,ornithine,Mono,False,0.0055,0.0052,-0.0003,0.0101,0.0101,0.7309,True
cluster83_A0A1Q6F0C9,A0A1Q6F0C9,dev,ornithine,Tri,False,0.0033,0.0065,0.0032,0.0101,0.0101,0.7309,True
cluster83_A0A1Q6F0C9,A0A1Q6F0C9,dev,phenylalanine,Di,True,0.9592,0.8707,-0.0885,0.9023,0.7,0.7309,True
cluster83_A0A1Q6F0C9,A0A1Q6F0C9,dev,phenylalanine,Mono,False,0.1062,0.0735,-0.0327,0.0915,0.0529,0.7309,True
cluster83_A0A1Q6F0C9,A0A1Q6F0C9,dev,phenylalanine,Tri,True,0.9525,0.8845,-0.068,0.9023,0.8235,0.7309,True
cluster83_A0A1Q6F0C9,A0A1Q6F0C9,dev,proline,Di,False,0.0014,0.0014,0.0,0.0023,0.0023,0.7309,True
cluster83_A0A1Q6F0C9,A0A1Q6F0C9,dev,proline,Mono,False,0.0044,0.003,-0.0014,0.0101,0.0101,0.7309,True
cluster83_A0A1Q6F0C9,A0A1Q6F0C9,dev,proline,Tri,False,0.0143,0.0113,-0.003,0.0202,0.0111,0.7309,True
cluster83_A0A1Q6F0C9,A0A1Q6F0C9,dev,putrescine,Di,False,0.0012,0.0012,0.0,0.0023,0.0023,0.7309,True
cluster83_A0A1Q6F0C9,A0A1Q6F0C9,dev,putrescine,Mono,False,0.0007,0.0004,-0.0003,0.0023,0.0,0.7309,True
cluster83_A0A1Q6F0C9,A0A1Q6F0C9,dev,putrescine,Tri,False,0.0023,0.002,-0.0003,0.0023,0.0023,0.7309,True
cluster83_A0A1Q6F0C9,A0A1Q6F0C9,dev,serine,Di,False,0.0787,0.0702,-0.0085,0.0529,0.0529,0.7309,True
cluster83_A0A1Q6F0C9,A0A1Q6F0C9,dev,serine,Mono,False,0.0939,0.0848,-0.0091,0.0714,0.0529,0.7309,True
cluster83_A0A1Q6F0C9,A0A1Q6F0C9,dev,serine,Tri,False,0.0438,0.0409,-0.0029,0.0529,0.0529,0.7309,True
cluster83_A0A1Q6F0C9,A0A1Q6F0C9,dev,serotonin,Di,False,0.0026,0.0011,-0.0015,0.0101,0.0023,0.7309,True
cluster83_A0A1Q6F0C9,A0A1Q6F0C9,dev,serotonin,Mono,False,0.0451,0.0202,-0.0249,0.0529,0.0301,0.7309,True
cluster83_A0A1Q6F0C9,A0A1Q6F0C9,dev,serotonin,Tri,False,0.0026,0.002,-0.0006,0.0101,0.0023,0.7309,True
cluster83_A0A1Q6F0C9,A0A1Q6F0C9,dev,threonine,Di,False,0.023,0.0349,0.0119,0.0345,0.0409,0.7309,True
cluster83_A0A1Q6F0C9,A0A1Q6F0C9,dev,threonine,Mono,False,0.0452,0.0658,0.0206,0.0529,0.0529,0.7309,True
cluster83_A0A1Q6F0C9,A0A1Q6F0C9,dev,threonine,Tri,False,0.0016,0.0043,0.0027,0.0023,0.0101,0.7309,True
cluster83_A0A1Q6F0C9,A0A1Q6F0C9,dev,tryptamine,Di,False,0.0009,0.0006,-0.0003,0.0023,0.0,0.7309,True
cluster83_A0A1Q6F0C9,A0A1Q6F0C9,dev,tryptamine,Mono,False,0.0004,0.0003,-1e-04,0.0,0.0,0.7309,True
cluster83_A0A1Q6F0C9,A0A1Q6F0C9,dev,tryptamine,Tri,False,0.0021,0.0019,-0.0002,0.0023,0.0023,0.7309,True
cluster83_A0A1Q6F0C9,A0A1Q6F0C9,dev,tyramine,Di,False,0.0064,0.0038,-0.0026,0.0101,0.0101,0.7309,True
cluster83_A0A1Q6F0C9,A0A1Q6F0C9,dev,tyramine,Mono,False,0.0653,0.0502,-0.0151,0.0529,0.0529,0.7309,True
cluster83_A0A1Q6F0C9,A0A1Q6F0C9,dev,tyramine,Tri,False,0.0087,0.0074,-0.0013,0.0101,0.0101,0.7309,True
cluster8_A0A1C5S406,A0A1C5S406,dev,"2,3_diaminopropionic acid",Di,False,0.1545,0.0374,-0.1171,0.1127,0.0529,0.9358,True
cluster8_A0A1C5S406,A0A1C5S406,dev,"2,3_diaminopropionic acid",Mono,False,0.1008,0.024,-0.0768,0.0915,0.0391,0.9358,True
cluster8_A0A1C5S406,A0A1C5S406,dev,"2,3_diaminopropionic acid",Tri,True,0.8562,0.5882,-0.268,0.7,0.4638,0.9358,True
cluster8_A0A1C5S406,A0A1C5S406,dev,2_aminophenol,Di,False,0.8971,0.7237,-0.1734,0.8571,0.5287,0.9358,True
cluster8_A0A1C5S406,A0A1C5S406,dev,2_aminophenol,Mono,False,0.3068,0.1198,-0.187,0.2692,0.0915,0.9358,True
cluster8_A0A1C5S406,A0A1C5S406,dev,2_aminophenol,Tri,True,0.9148,0.7245,-0.1903,0.8636,0.5287,0.9358,True
cluster8_A0A1C5S406,A0A1C5S406,dev,3_methoxytyramine,Di,False,0.0574,0.0134,-0.044,0.0529,0.0137,0.9358,True
cluster8_A0A1C5S406,A0A1C5S406,dev,3_methoxytyramine,Mono,False,0.0125,0.0032,-0.0093,0.0137,0.0101,0.9358,True
cluster8_A0A1C5S406,A0A1C5S406,dev,3_methoxytyramine,Tri,False,0.1185,0.0229,-0.0956,0.0915,0.0345,0.9358,True
cluster8_A0A1C5S406,A0A1C5S406,dev,alanine,Di,True,0.9911,0.9636,-0.0275,0.9214,0.9023,0.9358,True
cluster8_A0A1C5S406,A0A1C5S406,dev,alanine,Mono,True,0.9913,0.958,-0.0333,0.9214,0.9023,0.9358,True
cluster8_A0A1C5S406,A0A1C5S406,dev,alanine,Tri,True,0.9508,0.8734,-0.0774,0.9023,0.7,0.9358,True
cluster8_A0A1C5S406,A0A1C5S406,dev,arginine,Di,False,0.0129,0.0046,-0.0083,0.0137,0.0101,0.9358,True
cluster8_A0A1C5S406,A0A1C5S406,dev,arginine,Mono,False,0.0062,0.0022,-0.004,0.0101,0.0023,0.9358,True
cluster8_A0A1C5S406,A0A1C5S406,dev,arginine,Tri,False,0.0734,0.0376,-0.0358,0.0529,0.0529,0.9358,True
cluster8_A0A1C5S406,A0A1C5S406,dev,asparagine,Di,False,0.0634,0.0324,-0.031,0.0529,0.0409,0.9358,True
cluster8_A0A1C5S406,A0A1C5S406,dev,asparagine,Mono,False,0.0626,0.033,-0.0296,0.0529,0.0409,0.9358,True
cluster8_A0A1C5S406,A0A1C5S406,dev,asparagine,Tri,True,0.9178,0.8495,-0.0683,0.8636,0.7,0.9358,True
cluster8_A0A1C5S406,A0A1C5S406,dev,cadaverine,Di,False,0.0124,0.0037,-0.0087,0.0114,0.0101,0.9358,True
cluster8_A0A1C5S406,A0A1C5S406,dev,cadaverine,Mono,False,0.0047,0.0012,-0.0035,0.0101,0.0023,0.9358,True
cluster8_A0A1C5S406,A0A1C5S406,dev,cadaverine,Tri,False,0.0252,0.0051,-0.0201,0.0391,0.0101,0.9358,True
cluster8_A0A1C5S406,A0A1C5S406,dev,citrulline,Di,False,0.085,0.0308,-0.0542,0.0529,0.0409,0.9358,True
cluster8_A0A1C5S406,A0A1C5S406,dev,citrulline,Mono,False,0.0247,0.0077,-0.017,0.0391,0.0101,0.9358,True
cluster8_A0A1C5S406,A0A1C5S406,dev,citrulline,Tri,False,0.0406,0.0151,-0.0255,0.0529,0.0202,0.9358,True
cluster8_A0A1C5S406,A0A1C5S406,dev,cystine,Di,False,0.0125,0.0061,-0.0064,0.0137,0.0101,0.9358,True
cluster8_A0A1C5S406,A0A1C5S406,dev,cystine,Mono,False,0.0079,0.0034,-0.0045,0.0101,0.0101,0.9358,True
cluster8_A0A1C5S406,A0A1C5S406,dev,cystine,Tri,False,0.0447,0.0183,-0.0264,0.0529,0.0202,0.9358,True
cluster8_A0A1C5S406,A0A1C5S406,dev,dopamine,Di,False,0.1899,0.06,-0.1299,0.1127,0.0529,0.9358,True
cluster8_A0A1C5S406,A0A1C5S406,dev,dopamine,Mono,False,0.0794,0.0297,-0.0497,0.0529,0.0391,0.9358,True
cluster8_A0A1C5S406,A0A1C5S406,dev,dopamine,Tri,True,0.9148,0.7779,-0.1369,0.8636,0.5287,0.9358,True
cluster8_A0A1C5S406,A0A1C5S406,dev,gaba,Di,True,0.9939,0.964,-0.0299,0.9214,0.9023,0.9358,True
cluster8_A0A1C5S406,A0A1C5S406,dev,gaba,Mono,True,0.9954,0.972,-0.0234,0.9214,0.9082,0.9358,True
cluster8_A0A1C5S406,A0A1C5S406,dev,gaba,Tri,True,0.9976,0.9833,-0.0143,1.0,0.9214,0.9358,True
cluster8_A0A1C5S406,A0A1C5S406,dev,glutamine,Di,False,0.1469,0.0936,-0.0533,0.0915,0.0714,0.9358,True
cluster8_A0A1C5S406,A0A1C5S406,dev,glutamine,Mono,False,0.6451,0.5192,-0.1259,0.5287,0.4014,0.9358,True
cluster8_A0A1C5S406,A0A1C5S406,dev,glutamine,Tri,False,0.1721,0.0968,-0.0753,0.1127,0.0915,0.9358,True
cluster8_A0A1C5S406,A0A1C5S406,dev,glyglycine,Di,False,0.1259,0.0306,-0.0953,0.0915,0.0409,0.9358,True
cluster8_A0A1C5S406,A0A1C5S406,dev,glyglycine,Mono,False,0.1161,0.0257,-0.0904,0.0915,0.0391,0.9358,True
cluster8_A0A1C5S406,A0A1C5S406,dev,glyglycine,Tri,True,0.844,0.4349,-0.4091,0.7,0.3936,0.9358,True
cluster8_A0A1C5S406,A0A1C5S406,dev,histidine,Di,False,0.0065,0.0033,-0.0032,0.0101,0.0101,0.9358,True
cluster8_A0A1C5S406,A0A1C5S406,dev,histidine,Mono,False,0.0052,0.0025,-0.0027,0.0101,0.0101,0.9358,True
cluster8_A0A1C5S406,A0A1C5S406,dev,histidine,Tri,False,0.1549,0.0663,-0.0886,0.1127,0.0529,0.9358,True
cluster8_A0A1C5S406,A0A1C5S406,dev,lysine,Di,True,0.7422,0.4327,-0.3095,0.5287,0.3936,0.9358,True
cluster8_A0A1C5S406,A0A1C5S406,dev,lysine,Mono,False,0.1317,0.0402,-0.0915,0.0915,0.0529,0.9358,True
cluster8_A0A1C5S406,A0A1C5S406,dev,lysine,Tri,False,0.1503,0.0523,-0.098,0.1127,0.0529,0.9358,True
cluster8_A0A1C5S406,A0A1C5S406,dev,methionine,Di,False,0.2703,0.1614,-0.1089,0.1915,0.1127,0.9358,True
cluster8_A0A1C5S406,A0A1C5S406,dev,methionine,Mono,False,0.36,0.1882,-0.1718,0.2815,0.1127,0.9358,True
cluster8_A0A1C5S406,A0A1C5S406,dev,methionine,Tri,True,0.6597,0.4054,-0.2543,0.5287,0.2815,0.9358,True
cluster8_A0A1C5S406,A0A1C5S406,dev,ornithine,Di,False,0.1378,0.0321,-0.1057,0.0915,0.0409,0.9358,True
cluster8_A0A1C5S406,A0A1C5S406,dev,ornithine,Mono,False,0.051,0.0105,-0.0405,0.0529,0.0101,0.9358,True
cluster8_A0A1C5S406,A0A1C5S406,dev,ornithine,Tri,False,0.0605,0.0158,-0.0447,0.0529,0.0202,0.9358,True
cluster8_A0A1C5S406,A0A1C5S406,dev,phenylalanine,Di,True,0.9743,0.9117,-0.0626,0.9082,0.8636,0.9358,True
cluster8_A0A1C5S406,A0A1C5S406,dev,phenylalanine,Mono,False,0.4485,0.2389,-0.2096,0.3936,0.1757,0.9358,True
cluster8_A0A1C5S406,A0A1C5S406,dev,phenylalanine,Tri,True,0.9866,0.9425,-0.0441,0.9214,0.8696,0.9358,True
cluster8_A0A1C5S406,A0A1C5S406,dev,proline,Di,False,0.0049,0.0023,-0.0026,0.0101,0.0023,0.9358,True
cluster8_A0A1C5S406,A0A1C5S406,dev,proline,Mono,False,0.0063,0.0033,-0.003,0.0101,0.0101,0.9358,True
cluster8_A0A1C5S406,A0A1C5S406,dev,proline,Tri,False,0.0652,0.0284,-0.0368,0.0529,0.0391,0.9358,True
cluster8_A0A1C5S406,A0A1C5S406,dev,putrescine,Di,False,0.0128,0.0038,-0.009,0.0137,0.0101,0.9358,True
cluster8_A0A1C5S406,A0A1C5S406,dev,putrescine,Mono,False,0.0048,0.0012,-0.0036,0.0101,0.0023,0.9358,True
cluster8_A0A1C5S406,A0A1C5S406,dev,putrescine,Tri,False,0.0261,0.0052,-0.0209,0.0391,0.0101,0.9358,True
cluster8_A0A1C5S406,A0A1C5S406,dev,serine,Di,True,0.7956,0.5126,-0.283,0.5287,0.4014,0.9358,True
cluster8_A0A1C5S406,A0A1C5S406,dev,serine,Mono,True,0.8652,0.5103,-0.3549,0.7,0.4014,0.9358,True
cluster8_A0A1C5S406,A0A1C5S406,dev,serine,Tri,False,0.6214,0.3019,-0.3195,0.4706,0.2692,0.9358,True
cluster8_A0A1C5S406,A0A1C5S406,dev,serotonin,Di,False,0.0199,0.0053,-0.0146,0.0301,0.0101,0.9358,True
cluster8_A0A1C5S406,A0A1C5S406,dev,serotonin,Mono,False,0.2925,0.0838,-0.2087,0.2692,0.0529,0.9358,True
cluster8_A0A1C5S406,A0A1C5S406,dev,serotonin,Tri,False,0.039,0.0091,-0.0299,0.0529,0.0101,0.9358,True
cluster8_A0A1C5S406,A0A1C5S406,dev,threonine,Di,False,0.4811,0.3242,-0.1569,0.4014,0.2692,0.9358,True
cluster8_A0A1C5S406,A0A1C5S406,dev,threonine,Mono,True,0.77,0.4352,-0.3348,0.5287,0.3936,0.9358,True
cluster8_A0A1C5S406,A0A1C5S406,dev,threonine,Tri,False,0.0736,0.0328,-0.0408,0.0529,0.0409,0.9358,True
cluster8_A0A1C5S406,A0A1C5S406,dev,tryptamine,Di,False,0.0017,0.0006,-0.0011,0.0023,0.0,0.9358,True
cluster8_A0A1C5S406,A0A1C5S406,dev,tryptamine,Mono,False,0.0008,0.0003,-0.0005,0.0023,0.0,0.9358,True
cluster8_A0A1C5S406,A0A1C5S406,dev,tryptamine,Tri,False,0.0086,0.0021,-0.0065,0.0101,0.0023,0.9358,True
cluster8_A0A1C5S406,A0A1C5S406,dev,tyramine,Di,False,0.0813,0.0154,-0.0659,0.0529,0.0202,0.9358,True
cluster8_A0A1C5S406,A0A1C5S406,dev,tyramine,Mono,True,0.6403,0.2076,-0.4327,0.5,0.1127,0.9358,True
cluster8_A0A1C5S406,A0A1C5S406,dev,tyramine,Tri,False,0.1466,0.0298,-0.1168,0.0915,0.0391,0.9358,True
cluster960_G5H9U7,G5H9U7,dev,"2,3_diaminopropionic acid",Di,False,0.0154,0.0105,-0.0049,0.0202,0.0101,0.9499,True
cluster960_G5H9U7,G5H9U7,dev,"2,3_diaminopropionic acid",Mono,False,0.0089,0.0058,-0.0031,0.0101,0.0101,0.9499,True
cluster960_G5H9U7,G5H9U7,dev,"2,3_diaminopropionic acid",Tri,False,0.1635,0.1538,-0.0097,0.1127,0.1127,0.9499,True
cluster960_G5H9U7,G5H9U7,dev,2_aminophenol,Di,True,0.8331,0.7637,-0.0694,0.7,0.5287,0.9499,True
cluster960_G5H9U7,G5H9U7,dev,2_aminophenol,Mono,False,0.134,0.117,-0.017,0.0915,0.0915,0.9499,True
cluster960_G5H9U7,G5H9U7,dev,2_aminophenol,Tri,False,0.6883,0.5958,-0.0925,0.5287,0.4638,0.9499,True
cluster960_G5H9U7,G5H9U7,dev,3_methoxytyramine,Di,False,0.0641,0.0395,-0.0246,0.0529,0.0529,0.9499,True
cluster960_G5H9U7,G5H9U7,dev,3_methoxytyramine,Mono,False,0.0069,0.0053,-0.0016,0.0101,0.0101,0.9499,True
cluster960_G5H9U7,G5H9U7,dev,3_methoxytyramine,Tri,False,0.0633,0.0358,-0.0275,0.0529,0.0409,0.9499,True
cluster960_G5H9U7,G5H9U7,dev,alanine,Di,True,0.9544,0.9361,-0.0183,0.9023,0.8636,0.9499,True
cluster960_G5H9U7,G5H9U7,dev,alanine,Mono,True,0.944,0.9235,-0.0205,0.9023,0.8636,0.9499,True
cluster960_G5H9U7,G5H9U7,dev,alanine,Tri,False,0.1989,0.1859,-0.013,0.1127,0.1127,0.9499,True
cluster960_G5H9U7,G5H9U7,dev,arginine,Di,False,0.0031,0.0028,-0.0003,0.0101,0.0101,0.9499,True
cluster960_G5H9U7,G5H9U7,dev,arginine,Mono,False,0.0016,0.0013,-0.0003,0.0023,0.0023,0.9499,True
cluster960_G5H9U7,G5H9U7,dev,arginine,Tri,False,0.0065,0.0089,0.0024,0.0101,0.0101,0.9499,True
cluster960_G5H9U7,G5H9U7,dev,asparagine,Di,False,0.0464,0.052,0.0056,0.0529,0.0529,0.9499,True
cluster960_G5H9U7,G5H9U7,dev,asparagine,Mono,False,0.0505,0.0588,0.0083,0.0529,0.0529,0.9499,True
cluster960_G5H9U7,G5H9U7,dev,asparagine,Tri,True,0.8859,0.8864,0.0005,0.8235,0.8235,0.9499,True
cluster960_G5H9U7,G5H9U7,dev,cadaverine,Di,False,0.003,0.0023,-0.0007,0.0101,0.0101,0.9499,True
cluster960_G5H9U7,G5H9U7,dev,cadaverine,Mono,False,0.0014,0.0012,-0.0002,0.0023,0.0023,0.9499,True
cluster960_G5H9U7,G5H9U7,dev,cadaverine,Tri,False,0.0061,0.0053,-0.0008,0.0101,0.0101,0.9499,True
cluster960_G5H9U7,G5H9U7,dev,citrulline,Di,False,0.0194,0.0208,0.0014,0.0202,0.0301,0.9499,True
cluster960_G5H9U7,G5H9U7,dev,citrulline,Mono,False,0.0063,0.0049,-0.0014,0.0101,0.0101,0.9499,True
cluster960_G5H9U7,G5H9U7,dev,citrulline,Tri,False,0.0055,0.0058,0.0003,0.0101,0.0101,0.9499,True
cluster960_G5H9U7,G5H9U7,dev,cystine,Di,False,0.0048,0.0046,-0.0002,0.0101,0.0101,0.9499,True
cluster960_G5H9U7,G5H9U7,dev,cystine,Mono,False,0.0024,0.002,-0.0004,0.0101,0.0023,0.9499,True
cluster960_G5H9U7,G5H9U7,dev,cystine,Tri,False,0.009,0.0073,-0.0017,0.0101,0.0101,0.9499,True
cluster960_G5H9U7,G5H9U7,dev,dopamine,Di,False,0.1688,0.1078,-0.061,0.1127,0.0915,0.9499,True
cluster960_G5H9U7,G5H9U7,dev,dopamine,Mono,False,0.0473,0.0373,-0.01,0.0529,0.0529,0.9499,True
cluster960_G5H9U7,G5H9U7,dev,dopamine,Tri,True,0.8528,0.7823,-0.0705,0.7,0.5287,0.9499,True
cluster960_G5H9U7,G5H9U7,dev,gaba,Di,True,0.9837,0.9577,-0.026,0.9214,0.9023,0.9499,True
cluster960_G5H9U7,G5H9U7,dev,gaba,Mono,True,0.9904,0.9683,-0.0221,0.9214,0.9082,0.9499,True
cluster960_G5H9U7,G5H9U7,dev,gaba,Tri,True,0.9878,0.9655,-0.0223,0.9214,0.9023,0.9499,True
cluster960_G5H9U7,G5H9U7,dev,glutamine,Di,False,0.1817,0.1576,-0.0241,0.1127,0.1127,0.9499,True
cluster960_G5H9U7,G5H9U7,dev,glutamine,Mono,True,0.8274,0.7505,-0.0769,0.7,0.5287,0.9499,True
cluster960_G5H9U7,G5H9U7,dev,glutamine,Tri,False,0.1283,0.1279,-0.0004,0.0915,0.0915,0.9499,True
cluster960_G5H9U7,G5H9U7,dev,glyglycine,Di,False,0.0042,0.0034,-0.0008,0.0101,0.0101,0.9499,True
cluster960_G5H9U7,G5H9U7,dev,glyglycine,Mono,False,0.0037,0.003,-0.0007,0.0101,0.0101,0.9499,True
cluster960_G5H9U7,G5H9U7,dev,glyglycine,Tri,False,0.0282,0.0236,-0.0046,0.0391,0.0391,0.9499,True
cluster960_G5H9U7,G5H9U7,dev,histidine,Di,False,0.0006,0.0007,1e-04,0.0,0.0023,0.9499,True
cluster960_G5H9U7,G5H9U7,dev,histidine,Mono,False,0.0006,0.0005,-1e-04,0.0,0.0,0.9499,True
cluster960_G5H9U7,G5H9U7,dev,histidine,Tri,False,0.0047,0.0053,0.0006,0.0101,0.0101,0.9499,True
cluster960_G5H9U7,G5H9U7,dev,lysine,Di,False,0.0624,0.0813,0.0189,0.0529,0.0529,0.9499,True
cluster960_G5H9U7,G5H9U7,dev,lysine,Mono,False,0.0085,0.0076,-0.0009,0.0101,0.0101,0.9499,True
cluster960_G5H9U7,G5H9U7,dev,lysine,Tri,False,0.0051,0.0059,0.0008,0.0101,0.0101,0.9499,True
cluster960_G5H9U7,G5H9U7,dev,methionine,Di,False,0.0182,0.0199,0.0017,0.0202,0.0301,0.9499,True
cluster960_G5H9U7,G5H9U7,dev,methionine,Mono,False,0.0296,0.0268,-0.0028,0.0391,0.0391,0.9499,True
cluster960_G5H9U7,G5H9U7,dev,methionine,Tri,False,0.0432,0.0405,-0.0027,0.0529,0.0529,0.9499,True
cluster960_G5H9U7,G5H9U7,dev,ornithine,Di,False,0.0329,0.0243,-0.0086,0.0409,0.0391,0.9499,True
cluster960_G5H9U7,G5H9U7,dev,ornithine,Mono,False,0.0132,0.0077,-0.0055,0.0137,0.0101,0.9499,True
cluster960_G5H9U7,G5H9U7,dev,ornithine,Tri,False,0.006,0.005,-0.001,0.0101,0.0101,0.9499,True
cluster960_G5H9U7,G5H9U7,dev,phenylalanine,Di,True,0.9316,0.8847,-0.0469,0.8636,0.8235,0.9499,True
cluster960_G5H9U7,G5H9U7,dev,phenylalanine,Mono,False,0.1164,0.1001,-0.0163,0.0915,0.0915,0.9499,True
cluster960_G5H9U7,G5H9U7,dev,phenylalanine,Tri,True,0.9223,0.8704,-0.0519,0.8636,0.7,0.9499,True
cluster960_G5H9U7,G5H9U7,dev,proline,Di,False,0.0034,0.0041,0.0007,0.0101,0.0101,0.9499,True
cluster960_G5H9U7,G5H9U7,dev,proline,Mono,False,0.0045,0.0049,0.0004,0.0101,0.0101,0.9499,True
cluster960_G5H9U7,G5H9U7,dev,proline,Tri,False,0.0249,0.0292,0.0043,0.0391,0.0391,0.9499,True
cluster960_G5H9U7,G5H9U7,dev,putrescine,Di,False,0.0031,0.0025,-0.0006,0.0101,0.0101,0.9499,True
cluster960_G5H9U7,G5H9U7,dev,putrescine,Mono,False,0.0014,0.0012,-0.0002,0.0023,0.0023,0.9499,True
cluster960_G5H9U7,G5H9U7,dev,putrescine,Tri,False,0.0063,0.0054,-0.0009,0.0101,0.0101,0.9499,True
cluster960_G5H9U7,G5H9U7,dev,serine,Di,False,0.0699,0.0758,0.0059,0.0529,0.0529,0.9499,True
cluster960_G5H9U7,G5H9U7,dev,serine,Mono,False,0.0876,0.0955,0.0079,0.0529,0.0915,0.9499,True
cluster960_G5H9U7,G5H9U7,dev,serine,Tri,False,0.0431,0.0486,0.0055,0.0529,0.0529,0.9499,True
cluster960_G5H9U7,G5H9U7,dev,serotonin,Di,False,0.0048,0.0043,-0.0005,0.0101,0.0101,0.9499,True
cluster960_G5H9U7,G5H9U7,dev,serotonin,Mono,False,0.0965,0.0643,-0.0322,0.0915,0.0529,0.9499,True
cluster960_G5H9U7,G5H9U7,dev,serotonin,Tri,False,0.0043,0.0042,-1e-04,0.0101,0.0101,0.9499,True
cluster960_G5H9U7,G5H9U7,dev,threonine,Di,False,0.0141,0.0206,0.0065,0.0202,0.0301,0.9499,True
cluster960_G5H9U7,G5H9U7,dev,threonine,Mono,False,0.0328,0.0432,0.0104,0.0409,0.0529,0.9499,True
cluster960_G5H9U7,G5H9U7,dev,threonine,Tri,False,0.0016,0.0028,0.0012,0.0023,0.0101,0.9499,True
cluster960_G5H9U7,G5H9U7,dev,tryptamine,Di,False,0.0031,0.0031,0.0,0.0101,0.0101,0.9499,True
cluster960_G5H9U7,G5H9U7,dev,tryptamine,Mono,False,0.0012,0.0013,1e-04,0.0023,0.0023,0.9499,True
cluster960_G5H9U7,G5H9U7,dev,tryptamine,Tri,False,0.0091,0.0097,0.0006,0.0101,0.0101,0.9499,True
cluster960_G5H9U7,G5H9U7,dev,tyramine,Di,False,0.0067,0.0062,-0.0005,0.0101,0.0101,0.9499,True
cluster960_G5H9U7,G5H9U7,dev,tyramine,Mono,False,0.0888,0.0763,-0.0125,0.0529,0.0529,0.9499,True
cluster960_G5H9U7,G5H9U7,dev,tyramine,Tri,False,0.0074,0.0061,-0.0013,0.0101,0.0101,0.9499,True
