entry,accession,split,Amine,Hydroxyl,measured,raw_full,raw_trimmed,delta,cal_full,cal_trimmed,embedding_cosine,comparable
A0A1Y4QH48,A0A1Y4QH48,,"2,3_diaminopropionic acid",Di,,0.0059,0.0057,-0.0002,0.0157,0.0157,0.9695,True
A0A1Y4QH48,A0A1Y4QH48,,"2,3_diaminopropionic acid",Mono,,0.0013,0.0016,0.0003,0.0096,0.0096,0.9695,True
A0A1Y4QH48,A0A1Y4QH48,,"2,3_diaminopropionic acid",Tri,,0.1157,0.136,0.0203,0.0758,0.1192,0.9695,True
A0A1Y4QH48,A0A1Y4QH48,,2_aminophenol,Di,,0.1041,0.0956,-0.0085,0.0758,0.0758,0.9695,True
A0A1Y4QH48,A0A1Y4QH48,,2_aminophenol,Mono,,0.0055,0.007,0.0015,0.0157,0.0157,0.9695,True
A0A1Y4QH48,A0A1Y4QH48,,2_aminophenol,Tri,,0.2399,0.261,0.0211,0.1466,0.1538,0.9695,True
A0A1Y4QH48,A0A1Y4QH48,,3_methoxytyramine,Di,,0.0101,0.0049,-0.0052,0.0179,0.0097,0.9695,True
A0A1Y4QH48,A0A1Y4QH48,,3_methoxytyramine,Mono,,0.0006,0.0005,-1e-04,0.0069,0.0069,0.9695,True
A0A1Y4QH48,A0A1Y4QH48,,3_methoxytyramine,Tri,,0.0133,0.0123,-0.001,0.0264,0.0264,0.9695,True
A0A1Y4QH48,A0A1Y4QH48,,alanine,Di,,0.916,0.8816,-0.0344,0.7921,0.7547,0.9695,True
A0A1Y4QH48,A0A1Y4QH48,,alanine,Mono,,0.6299,0.6224,-0.0075,0.5862,0.5862,0.9695,True
A0A1Y4QH48,A0A1Y4QH48,,alanine,Tri,,0.1431,0.0975,-0.0456,0.1192,0.0758,0.9695,True
A0A1Y4QH48,A0A1Y4QH48,,arginine,Di,,1e-04,1e-04,0.0,0.0058,0.0058,0.9695,True
A0A1Y4QH48,A0A1Y4QH48,,arginine,Mono,,0.0,0.0,0.0,0.0,0.0,0.9695,True
A0A1Y4QH48,A0A1Y4QH48,,arginine,Tri,,0.0004,0.0005,1e-04,0.0069,0.0069,0.9695,True
A0A1Y4QH48,A0A1Y4QH48,,asparagine,Di,,0.017,0.0131,-0.0039,0.0264,0.0264,0.9695,True
A0A1Y4QH48,A0A1Y4QH48,,asparagine,Mono,,0.0055,0.0046,-0.0009,0.0157,0.0097,0.9695,True
A0A1Y4QH48,A0A1Y4QH48,,asparagine,Tri,,0.8922,0.8624,-0.0298,0.7547,0.7547,0.9695,True
A0A1Y4QH48,A0A1Y4QH48,,cadaverine,Di,,0.0011,0.001,-1e-04,0.0096,0.0069,0.9695,True
A0A1Y4QH48,A0A1Y4QH48,,cadaverine,Mono,,0.0002,0.0003,1e-04,0.0069,0.0069,0.9695,True
A0A1Y4QH48,A0A1Y4QH48,,cadaverine,Tri,,0.0028,0.0027,-1e-04,0.0096,0.0096,0.9695,True
A0A1Y4QH48,A0A1Y4QH48,,citrulline,Di,,0.0022,0.002,-0.0002,0.0096,0.0096,0.9695,True
A0A1Y4QH48,A0A1Y4QH48,,citrulline,Mono,,0.0004,0.0005,1e-04,0.0069,0.0069,0.9695,True
A0A1Y4QH48,A0A1Y4QH48,,citrulline,Tri,,0.0017,0.002,0.0003,0.0096,0.0096,0.9695,True
A0A1Y4QH48,A0A1Y4QH48,,cystine,Di,,0.0006,0.0006,0.0,0.0069,0.0069,0.9695,True
A0A1Y4QH48,A0A1Y4QH48,,cystine,Mono,,1e-04,1e-04,0.0,0.0058,0.0058,0.9695,True
A0A1Y4QH48,A0A1Y4QH48,,cystine,Tri,,0.0013,0.0017,0.0004,0.0096,0.0096,0.9695,True
A0A1Y4QH48,A0A1Y4QH48,,dopamine,Di,,0.0595,0.0319,-0.0276,0.0679,0.0264,0.9695,True
A0A1Y4QH48,A0A1Y4QH48,,dopamine,Mono,,0.0082,0.006,-0.0022,0.0167,0.0157,0.9695,True
A0A1Y4QH48,A0A1Y4QH48,,dopamine,Tri,,0.8514,0.8008,-0.0506,0.7547,0.7547,0.9695,True
A0A1Y4QH48,A0A1Y4QH48,,gaba,Di,,0.9624,0.935,-0.0274,0.7921,0.7921,0.9695,True
A0A1Y4QH48,A0A1Y4QH48,,gaba,Mono,,0.8906,0.8346,-0.056,0.7547,0.7547,0.9695,True
A0A1Y4QH48,A0A1Y4QH48,,gaba,Tri,,0.9802,0.9707,-0.0095,0.8343,0.8273,0.9695,True
A0A1Y4QH48,A0A1Y4QH48,,glutamine,Di,,0.0023,0.0019,-0.0004,0.0096,0.0096,0.9695,True
A0A1Y4QH48,A0A1Y4QH48,,glutamine,Mono,,0.0016,0.0014,-0.0002,0.0096,0.0096,0.9695,True
A0A1Y4QH48,A0A1Y4QH48,,glutamine,Tri,,0.0042,0.0038,-0.0004,0.0096,0.0096,0.9695,True
A0A1Y4QH48,A0A1Y4QH48,,glyglycine,Di,,0.0067,0.0081,0.0014,0.0157,0.0167,0.9695,True
A0A1Y4QH48,A0A1Y4QH48,,glyglycine,Mono,,0.0018,0.0025,0.0007,0.0096,0.0096,0.9695,True
A0A1Y4QH48,A0A1Y4QH48,,glyglycine,Tri,,0.0715,0.0963,0.0248,0.0679,0.0758,0.9695,True
A0A1Y4QH48,A0A1Y4QH48,,histidine,Di,,0.0005,0.0004,-1e-04,0.0069,0.0069,0.9695,True
A0A1Y4QH48,A0A1Y4QH48,,histidine,Mono,,0.0002,0.0002,0.0,0.0069,0.0069,0.9695,True
A0A1Y4QH48,A0A1Y4QH48,,histidine,Tri,,0.0036,0.0038,0.0002,0.0096,0.0096,0.9695,True
A0A1Y4QH48,A0A1Y4QH48,,lysine,Di,,0.0304,0.028,-0.0024,0.0264,0.0264,0.9695,True
A0A1Y4QH48,A0A1Y4QH48,,lysine,Mono,,0.0021,0.003,0.0009,0.0096,0.0096,0.9695,True
A0A1Y4QH48,A0A1Y4QH48,,lysine,Tri,,0.0032,0.004,0.0008,0.0096,0.0096,0.9695,True
A0A1Y4QH48,A0A1Y4QH48,,methionine,Di,,0.002,0.0026,0.0006,0.0096,0.0096,0.9695,True
A0A1Y4QH48,A0A1Y4QH48,,methionine,Mono,,0.0008,0.0011,0.0003,0.0069,0.0096,0.9695,True
A0A1Y4QH48,A0A1Y4QH48,,methionine,Tri,,0.005,0.0081,0.0031,0.0097,0.0167,0.9695,True
A0A1Y4QH48,A0A1Y4QH48,,ornithine,Di,,0.0018,0.0023,0.0005,0.0096,0.0096,0.9695,True
A0A1Y4QH48,A0A1Y4QH48,,ornithine,Mono,,0.0003,0.0006,0.0003,0.0069,0.0069,0.9695,True
A0A1Y4QH48,A0A1Y4QH48,,ornithine,Tri,,0.001,0.0015,0.0005,0.0069,0.0096,0.9695,True
A0A1Y4QH48,A0A1Y4QH48,,phenylalanine,Di,,0.9175,0.8221,-0.0954,0.7921,0.7547,0.9695,True
A0A1Y4QH48,A0A1Y4QH48,,phenylalanine,Mono,,0.0376,0.0267,-0.0109,0.046,0.0264,0.9695,True
A0A1Y4QH48,A0A1Y4QH48,,phenylalanine,Tri,,0.9586,0.9267,-0.0319,0.7921,0.7921,0.9695,True
A0A1Y4QH48,A0A1Y4QH48,,proline,Di,,0.0004,0.0004,0.0,0.0069,0.0069,0.9695,True
A0A1Y4QH48,A0A1Y4QH48,,proline,Mono,,1e-04,0.0002,1e-04,0.0058,0.0069,0.9695,True
A0A1Y4QH48,A0A1Y4QH48,,proline,Tri,,0.0046,0.0046,0.0,0.0097,0.0097,0.9695,True
A0A1Y4QH48,A0A1Y4QH48,,putrescine,Di,,0.0014,0.0013,-1e-04,0.0096,0.0096,0.9695,True
A0A1Y4QH48,A0A1Y4QH48,,putrescine,Mono,,0.0003,0.0003,0.0,0.0069,0.0069,0.9695,True
A0A1Y4QH48,A0A1Y4QH48,,putrescine,Tri,,0.0036,0.0036,0.0,0.0096,0.0096,0.9695,True
A0A1Y4QH48,A0A1Y4QH48,,serine,Di,,0.035,0.0311,-0.0039,0.046,0.0264,0.9695,True
A0A1Y4QH48,A0A1Y4QH48,,serine,Mono,,0.0351,0.0465,0.0114,0.046,0.0679,0.9695,True
A0A1Y4QH48,A0A1Y4QH48,,serine,Tri,,0.0105,0.0093,-0.0012,0.0179,0.0179,0.9695,True
A0A1Y4QH48,A0A1Y4QH48,,serotonin,Di,,0.0003,0.0002,-1e-04,0.0069,0.0069,0.9695,True
A0A1Y4QH48,A0A1Y4QH48,,serotonin,Mono,,0.0014,0.001,-0.0004,0.0096,0.0096,0.9695,True
A0A1Y4QH48,A0A1Y4QH48,,serotonin,Tri,,0.0006,0.0007,1e-04,0.0069,0.0069,0.9695,True
A0A1Y4QH48,A0A1Y4QH48,,threonine,Di,,0.0012,0.0012,0.0,0.0096,0.0096,0.9695,True
A0A1Y4QH48,A0A1Y4QH48,,threonine,Mono,,0.0035,0.0055,0.002,0.0096,0.0157,0.9695,True
A0A1Y4QH48,A0A1Y4QH48,,threonine,Tri,,0.0002,0.0002,0.0,0.0069,0.0069,0.9695,True
A0A1Y4QH48,A0A1Y4QH48,,tryptamine,Di,,0.0003,0.0002,-1e-04,0.0069,0.0069,0.9695,True
A0A1Y4QH48,A0A1Y4QH48,,tryptamine,Mono,,0.0,0.0,0.0,0.0,0.0,0.9695,True
A0A1Y4QH48,A0A1Y4QH48,,tryptamine,Tri,,0.0007,0.0007,0.0,0.0069,0.0069,0.9695,True
A0A1Y4QH48,A0A1Y4QH48,,tyramine,Di,,0.0044,0.0027,-0.0017,0.0096,0.0096,0.9695,True
A0A1Y4QH48,A0A1Y4QH48,,tyramine,Mono,,0.0545,0.0328,-0.0217,0.0679,0.0264,0.9695,True
A0A1Y4QH48,A0A1Y4QH48,,tyramine,Tri,,0.0111,0.0087,-0.0024,0.0264,0.0179,0.9695,True
Aureitalea_A0A2S7KLN3,A0A2S7KLN3,dev,"2,3_diaminopropionic acid",Di,False,0.0109,0.0029,-0.008,0.0264,0.0096,0.9855,True
Aureitalea_A0A2S7KLN3,A0A2S7KLN3,dev,"2,3_diaminopropionic acid",Mono,False,0.0039,0.0012,-0.0027,0.0096,0.0096,0.9855,True
Aureitalea_A0A2S7KLN3,A0A2S7KLN3,dev,"2,3_diaminopropionic acid",Tri,False,0.1922,0.082,-0.1102,0.1317,0.0741,0.9855,True
Aureitalea_A0A2S7KLN3,A0A2S7KLN3,dev,2_aminophenol,Di,False,0.1197,0.0347,-0.085,0.0758,0.046,0.9855,True
Aureitalea_A0A2S7KLN3,A0A2S7KLN3,dev,2_aminophenol,Mono,False,0.008,0.0024,-0.0056,0.0167,0.0096,0.9855,True
Aureitalea_A0A2S7KLN3,A0A2S7KLN3,dev,2_aminophenol,Tri,False,0.3053,0.1196,-0.1857,0.22,0.0758,0.9855,True
Aureitalea_A0A2S7KLN3,A0A2S7KLN3,dev,3_methoxytyramine,Di,False,0.0092,0.0015,-0.0077,0.0179,0.0096,0.9855,True
Aureitalea_A0A2S7KLN3,A0A2S7KLN3,dev,3_methoxytyramine,Mono,False,0.001,0.0002,-0.0008,0.0069,0.0069,0.9855,True
Aureitalea_A0A2S7KLN3,A0A2S7KLN3,dev,3_methoxytyramine,Tri,False,0.0244,0.0049,-0.0195,0.0264,0.0097,0.9855,True
Aureitalea_A0A2S7KLN3,A0A2S7KLN3,dev,alanine,Di,True,0.9721,0.7864,-0.1857,0.8273,0.7234,0.9855,True
Aureitalea_A0A2S7KLN3,A0A2S7KLN3,dev,alanine,Mono,True,0.9091,0.5774,-0.3317,0.7921,0.566,0.9855,True
Aureitalea_A0A2S7KLN3,A0A2S7KLN3,dev,alanine,Tri,False,0.2588,0.0951,-0.1637,0.1466,0.0758,0.9855,True
Aureitalea_A0A2S7KLN3,A0A2S7KLN3,dev,arginine,Di,False,0.0003,1e-04,-0.0002,0.0069,0.0058,0.9855,True
Aureitalea_A0A2S7KLN3,A0A2S7KLN3,dev,arginine,Mono,False,1e-04,0.0,-1e-04,0.0058,0.0,0.9855,True
Aureitalea_A0A2S7KLN3,A0A2S7KLN3,dev,arginine,Tri,False,0.0011,0.0003,-0.0008,0.0096,0.0069,0.9855,True
Aureitalea_A0A2S7KLN3,A0A2S7KLN3,dev,asparagine,Di,False,0.0491,0.0067,-0.0424,0.0679,0.0157,0.9855,True
Aureitalea_A0A2S7KLN3,A0A2S7KLN3,dev,asparagine,Mono,False,0.0228,0.0031,-0.0197,0.0264,0.0096,0.9855,True
Aureitalea_A0A2S7KLN3,A0A2S7KLN3,dev,asparagine,Tri,True,0.9516,0.7125,-0.2391,0.7921,0.6364,0.9855,True
Aureitalea_A0A2S7KLN3,A0A2S7KLN3,dev,cadaverine,Di,False,0.0012,0.0005,-0.0007,0.0096,0.0069,0.9855,True
Aureitalea_A0A2S7KLN3,A0A2S7KLN3,dev,cadaverine,Mono,False,0.0004,0.0002,-0.0002,0.0069,0.0069,0.9855,True
Aureitalea_A0A2S7KLN3,A0A2S7KLN3,dev,cadaverine,Tri,False,0.0037,0.0018,-0.0019,0.0096,0.0096,0.9855,True
Aureitalea_A0A2S7KLN3,A0A2S7KLN3,dev,citrulline,Di,False,0.0044,0.0011,-0.0033,0.0096,0.0096,0.9855,True
Aureitalea_A0A2S7KLN3,A0A2S7KLN3,dev,citrulline,Mono,False,0.001,0.0003,-0.0007,0.0069,0.0069,0.9855,True
Aureitalea_A0A2S7KLN3,A0A2S7KLN3,dev,citrulline,Tri,False,0.0047,0.0012,-0.0035,0.0097,0.0096,0.9855,True
Aureitalea_A0A2S7KLN3,A0A2S7KLN3,dev,cystine,Di,False,0.0009,0.0003,-0.0006,0.0069,0.0069,0.9855,True
Aureitalea_A0A2S7KLN3,A0A2S7KLN3,dev,cystine,Mono,False,0.0002,1e-04,-1e-04,0.0069,0.0058,0.9855,True
Aureitalea_A0A2S7KLN3,A0A2S7KLN3,dev,cystine,Tri,False,0.0027,0.001,-0.0017,0.0096,0.0096,0.9855,True
Aureitalea_A0A2S7KLN3,A0A2S7KLN3,dev,dopamine,Di,False,0.0719,0.0172,-0.0547,0.0679,0.0264,0.9855,True
Aureitalea_A0A2S7KLN3,A0A2S7KLN3,dev,dopamine,Mono,False,0.0142,0.0031,-0.0111,0.0264,0.0096,0.9855,True
Aureitalea_A0A2S7KLN3,A0A2S7KLN3,dev,dopamine,Tri,True,0.9115,0.6367,-0.2748,0.7921,0.5862,0.9855,True
Aureitalea_A0A2S7KLN3,A0A2S7KLN3,dev,gaba,Di,True,0.9875,0.5114,-0.4761,0.8343,0.4048,0.9855,True
Aureitalea_A0A2S7KLN3,A0A2S7KLN3,dev,gaba,Mono,True,0.9725,0.2943,-0.6782,0.8273,0.1867,0.9855,True
Aureitalea_A0A2S7KLN3,A0A2S7KLN3,dev,gaba,Tri,True,0.9954,0.7397,-0.2557,0.8962,0.7234,0.9855,True
Aureitalea_A0A2S7KLN3,A0A2S7KLN3,dev,glutamine,Di,False,0.006,0.0013,-0.0047,0.0157,0.0096,0.9855,True
Aureitalea_A0A2S7KLN3,A0A2S7KLN3,dev,glutamine,Mono,False,0.0054,0.0013,-0.0041,0.0157,0.0096,0.9855,True
Aureitalea_A0A2S7KLN3,A0A2S7KLN3,dev,glutamine,Tri,False,0.0142,0.0034,-0.0108,0.0264,0.0096,0.9855,True
Aureitalea_A0A2S7KLN3,A0A2S7KLN3,dev,glyglycine,Di,False,0.0087,0.0024,-0.0063,0.0179,0.0096,0.9855,True
Aureitalea_A0A2S7KLN3,A0A2S7KLN3,dev,glyglycine,Mono,False,0.0038,0.0012,-0.0026,0.0096,0.0096,0.9855,True
Aureitalea_A0A2S7KLN3,A0A2S7KLN3,dev,glyglycine,Tri,False,0.0782,0.0302,-0.048,0.0679,0.0264,0.9855,True
Aureitalea_A0A2S7KLN3,A0A2S7KLN3,dev,histidine,Di,False,0.001,0.0003,-0.0007,0.0069,0.0069,0.9855,True
Aureitalea_A0A2S7KLN3,A0A2S7KLN3,dev,histidine,Mono,False,0.0007,0.0003,-0.0004,0.0069,0.0069,0.9855,True
Aureitalea_A0A2S7KLN3,A0A2S7KLN3,dev,histidine,Tri,False,0.0074,0.0028,-0.0046,0.0167,0.0096,0.9855,True
Aureitalea_A0A2S7KLN3,A0A2S7KLN3,dev,lysine,Di,False,0.0603,0.0208,-0.0395,0.0679,0.0264,0.9855,True
Aureitalea_A0A2S7KLN3,A0A2S7KLN3,dev,lysine,Mono,False,0.0059,0.0014,-0.0045,0.0157,0.0096,0.9855,True
Aureitalea_A0A2S7KLN3,A0A2S7KLN3,dev,lysine,Tri,False,0.0085,0.002,-0.0065,0.0167,0.0096,0.9855,True
Aureitalea_A0A2S7KLN3,A0A2S7KLN3,dev,methionine,Di,False,0.005,0.0015,-0.0035,0.0097,0.0096,0.9855,True
Aureitalea_A0A2S7KLN3,A0A2S7KLN3,dev,methionine,Mono,False,0.0026,0.0008,-0.0018,0.0096,0.0069,0.9855,True
Aureitalea_A0A2S7KLN3,A0A2S7KLN3,dev,methionine,Tri,False,0.0134,0.0043,-0.0091,0.0264,0.0096,0.9855,True
Aureitalea_A0A2S7KLN3,A0A2S7KLN3,dev,ornithine,Di,False,0.0029,0.0006,-0.0023,0.0096,0.0069,0.9855,True
Aureitalea_A0A2S7KLN3,A0A2S7KLN3,dev,ornithine,Mono,False,0.0008,0.0002,-0.0006,0.0069,0.0069,0.9855,True
Aureitalea_A0A2S7KLN3,A0A2S7KLN3,dev,ornithine,Tri,False,0.0026,0.0005,-0.0021,0.0096,0.0069,0.9855,True
Aureitalea_A0A2S7KLN3,A0A2S7KLN3,dev,phenylalanine,Di,True,0.9543,0.4833,-0.471,0.7921,0.37,0.9855,True
Aureitalea_A0A2S7KLN3,A0A2S7KLN3,dev,phenylalanine,Mono,False,0.091,0.0167,-0.0743,0.0758,0.0264,0.9855,True
Aureitalea_A0A2S7KLN3,A0A2S7KLN3,dev,phenylalanine,Tri,True,0.9823,0.763,-0.2193,0.8343,0.7234,0.9855,True
Aureitalea_A0A2S7KLN3,A0A2S7KLN3,dev,proline,Di,False,0.0006,0.0002,-0.0004,0.0069,0.0069,0.9855,True
Aureitalea_A0A2S7KLN3,A0A2S7KLN3,dev,proline,Mono,False,0.0003,1e-04,-0.0002,0.0069,0.0058,0.9855,True
Aureitalea_A0A2S7KLN3,A0A2S7KLN3,dev,proline,Tri,False,0.0065,0.0026,-0.0039,0.0157,0.0096,0.9855,True
Aureitalea_A0A2S7KLN3,A0A2S7KLN3,dev,putrescine,Di,False,0.0014,0.0006,-0.0008,0.0096,0.0069,0.9855,True
Aureitalea_A0A2S7KLN3,A0A2S7KLN3,dev,putrescine,Mono,False,0.0005,0.0002,-0.0003,0.0069,0.0069,0.9855,True
Aureitalea_A0A2S7KLN3,A0A2S7KLN3,dev,putrescine,Tri,False,0.0043,0.0021,-0.0022,0.0096,0.0096,0.9855,True
Aureitalea_A0A2S7KLN3,A0A2S7KLN3,dev,serine,Di,False,0.0444,0.0183,-0.0261,0.0679,0.0264,0.9855,True
Aureitalea_A0A2S7KLN3,A0A2S7KLN3,dev,serine,Mono,False,0.0973,0.0361,-0.0612,0.0758,0.046,0.9855,True
Aureitalea_A0A2S7KLN3,A0A2S7KLN3,dev,serine,Tri,False,0.0153,0.0063,-0.009,0.0264,0.0157,0.9855,True
Aureitalea_A0A2S7KLN3,A0A2S7KLN3,dev,serotonin,Di,False,0.0004,1e-04,-0.0003,0.0069,0.0058,0.9855,True
Aureitalea_A0A2S7KLN3,A0A2S7KLN3,dev,serotonin,Mono,False,0.0032,0.0008,-0.0024,0.0096,0.0069,0.9855,True
Aureitalea_A0A2S7KLN3,A0A2S7KLN3,dev,serotonin,Tri,False,0.0012,0.0005,-0.0007,0.0096,0.0069,0.9855,True
Aureitalea_A0A2S7KLN3,A0A2S7KLN3,dev,threonine,Di,False,0.0028,0.0008,-0.002,0.0096,0.0069,0.9855,True
Aureitalea_A0A2S7KLN3,A0A2S7KLN3,dev,threonine,Mono,False,0.0181,0.006,-0.0121,0.0264,0.0157,0.9855,True
Aureitalea_A0A2S7KLN3,A0A2S7KLN3,dev,threonine,Tri,False,0.0006,0.0002,-0.0004,0.0069,0.0069,0.9855,True
Aureitalea_A0A2S7KLN3,A0A2S7KLN3,dev,tryptamine,Di,False,0.0003,1e-04,-0.0002,0.0069,0.0058,0.9855,True
Aureitalea_A0A2S7KLN3,A0A2S7KLN3,dev,tryptamine,Mono,False,0.0,0.0,0.0,0.0,0.0,0.9855,True
Aureitalea_A0A2S7KLN3,A0A2S7KLN3,dev,tryptamine,Tri,False,0.001,0.0006,-0.0004,0.0096,0.0069,0.9855,True
Aureitalea_A0A2S7KLN3,A0A2S7KLN3,dev,tyramine,Di,False,0.0066,0.0018,-0.0048,0.0157,0.0096,0.9855,True
Aureitalea_A0A2S7KLN3,A0A2S7KLN3,dev,tyramine,Mono,False,0.1018,0.022,-0.0798,0.0758,0.0264,0.9855,True
Aureitalea_A0A2S7KLN3,A0A2S7KLN3,dev,tyramine,Tri,False,0.0229,0.0066,-0.0163,0.0264,0.0157,0.9855,True
B1C4T2,B1C4T2,,"2,3_diaminopropionic acid",Di,,0.0204,0.0204,0.0,0.0264,0.0264,,False
B1C4T2,B1C4T2,,"2,3_diaminopropionic acid",Mono,,0.0058,0.0058,0.0,0.0157,0.0157,,False
B1C4T2,B1C4T2,,"2,3_diaminopropionic acid",Tri,,0.3397,0.3397,0.0,0.2642,0.2642,,False
B1C4T2,B1C4T2,,2_aminophenol,Di,,0.3369,0.3369,0.0,0.2642,0.2642,,False
B1C4T2,B1C4T2,,2_aminophenol,Mono,,0.0242,0.0242,0.0,0.0264,0.0264,,False
B1C4T2,B1C4T2,,2_aminophenol,Tri,,0.6257,0.6257,0.0,0.5862,0.5862,,False
B1C4T2,B1C4T2,,3_methoxytyramine,Di,,0.0085,0.0085,0.0,0.0167,0.0167,,False
B1C4T2,B1C4T2,,3_methoxytyramine,Mono,,0.0006,0.0006,0.0,0.0069,0.0069,,False
B1C4T2,B1C4T2,,3_methoxytyramine,Tri,,0.0157,0.0157,0.0,0.0264,0.0264,,False
B1C4T2,B1C4T2,,alanine,Di,,0.93,0.93,0.0,0.7921,0.7921,,False
B1C4T2,B1C4T2,,alanine,Mono,,0.691,0.691,0.0,0.6364,0.6364,,False
B1C4T2,B1C4T2,,alanine,Tri,,0.1108,0.1108,0.0,0.0758,0.0758,,False
B1C4T2,B1C4T2,,arginine,Di,,0.0005,0.0005,0.0,0.0069,0.0069,,False
B1C4T2,B1C4T2,,arginine,Mono,,1e-04,1e-04,0.0,0.0058,0.0058,,False
B1C4T2,B1C4T2,,arginine,Tri,,0.0016,0.0016,0.0,0.0096,0.0096,,False
B1C4T2,B1C4T2,,asparagine,Di,,0.037,0.037,0.0,0.046,0.046,,False
B1C4T2,B1C4T2,,asparagine,Mono,,0.0151,0.0151,0.0,0.0264,0.0264,,False
B1C4T2,B1C4T2,,asparagine,Tri,,0.9307,0.9307,0.0,0.7921,0.7921,,False
B1C4T2,B1C4T2,,cadaverine,Di,,0.0013,0.0013,0.0,0.0096,0.0096,,False
B1C4T2,B1C4T2,,cadaverine,Mono,,0.0003,0.0003,0.0,0.0069,0.0069,,False
B1C4T2,B1C4T2,,cadaverine,Tri,,0.0038,0.0038,0.0,0.0096,0.0096,,False
B1C4T2,B1C4T2,,citrulline,Di,,0.005,0.005,0.0,0.0097,0.0097,,False
B1C4T2,B1C4T2,,citrulline,Mono,,0.0011,0.0011,0.0,0.0096,0.0096,,False
B1C4T2,B1C4T2,,citrulline,Tri,,0.0038,0.0038,0.0,0.0096,0.0096,,False
B1C4T2,B1C4T2,,cystine,Di,,0.0008,0.0008,0.0,0.0069,0.0069,,False
B1C4T2,B1C4T2,,cystine,Mono,,1e-04,1e-04,0.0,0.0058,0.0058,,False
B1C4T2,B1C4T2,,cystine,Tri,,0.0015,0.0015,0.0,0.0096,0.0096,,False
B1C4T2,B1C4T2,,dopamine,Di,,0.079,0.079,0.0,0.0679,0.0679,,False
B1C4T2,B1C4T2,,dopamine,Mono,,0.0109,0.0109,0.0,0.0264,0.0264,,False
B1C4T2,B1C4T2,,dopamine,Tri,,0.8631,0.8631,0.0,0.7547,0.7547,,False
B1C4T2,B1C4T2,,gaba,Di,,0.9684,0.9684,0.0,0.8273,0.8273,,False
B1C4T2,B1C4T2,,gaba,Mono,,0.9154,0.9154,0.0,0.7921,0.7921,,False
B1C4T2,B1C4T2,,gaba,Tri,,0.9834,0.9834,0.0,0.8343,0.8343,,False
B1C4T2,B1C4T2,,glutamine,Di,,0.0076,0.0076,0.0,0.0167,0.0167,,False
B1C4T2,B1C4T2,,glutamine,Mono,,0.0057,0.0057,0.0,0.0157,0.0157,,False
B1C4T2,B1C4T2,,glutamine,Tri,,0.0095,0.0095,0.0,0.0179,0.0179,,False
B1C4T2,B1C4T2,,glyglycine,Di,,0.0098,0.0098,0.0,0.0179,0.0179,,False
B1C4T2,B1C4T2,,glyglycine,Mono,,0.0031,0.0031,0.0,0.0096,0.0096,,False
B1C4T2,B1C4T2,,glyglycine,Tri,,0.0879,0.0879,0.0,0.0758,0.0758,,False
B1C4T2,B1C4T2,,histidine,Di,,0.0004,0.0004,0.0,0.0069,0.0069,,False
B1C4T2,B1C4T2,,histidine,Mono,,0.0002,0.0002,0.0,0.0069,0.0069,,False
B1C4T2,B1C4T2,,histidine,Tri,,0.0022,0.0022,0.0,0.0096,0.0096,,False
B1C4T2,B1C4T2,,lysine,Di,,0.0496,0.0496,0.0,0.0679,0.0679,,False
B1C4T2,B1C4T2,,lysine,Mono,,0.0057,0.0057,0.0,0.0157,0.0157,,False
B1C4T2,B1C4T2,,lysine,Tri,,0.0074,0.0074,0.0,0.0167,0.0167,,False
B1C4T2,B1C4T2,,methionine,Di,,0.0083,0.0083,0.0,0.0167,0.0167,,False
B1C4T2,B1C4T2,,methionine,Mono,,0.0028,0.0028,0.0,0.0096,0.0096,,False
B1C4T2,B1C4T2,,methionine,Tri,,0.0177,0.0177,0.0,0.0264,0.0264,,False
B1C4T2,B1C4T2,,ornithine,Di,,0.0084,0.0084,0.0,0.0167,0.0167,,False
B1C4T2,B1C4T2,,ornithine,Mono,,0.002,0.002,0.0,0.0096,0.0096,,False
B1C4T2,B1C4T2,,ornithine,Tri,,0.0042,0.0042,0.0,0.0096,0.0096,,False
B1C4T2,B1C4T2,,phenylalanine,Di,,0.9246,0.9246,0.0,0.7921,0.7921,,False
B1C4T2,B1C4T2,,phenylalanine,Mono,,0.0506,0.0506,0.0,0.0679,0.0679,,False
B1C4T2,B1C4T2,,phenylalanine,Tri,,0.9678,0.9678,0.0,0.8273,0.8273,,False
B1C4T2,B1C4T2,,proline,Di,,0.0004,0.0004,0.0,0.0069,0.0069,,False
B1C4T2,B1C4T2,,proline,Mono,,0.0002,0.0002,0.0,0.0069,0.0069,,False
B1C4T2,B1C4T2,,proline,Tri,,0.0062,0.0062,0.0,0.0157,0.0157,,False
B1C4T2,B1C4T2,,putrescine,Di,,0.0017,0.0017,0.0,0.0096,0.0096,,False
B1C4T2,B1C4T2,,putrescine,Mono,,0.0004,0.0004,0.0,0.0069,0.0069,,False
B1C4T2,B1C4T2,,putrescine,Tri,,0.0048,0.0048,0.0,0.0097,0.0097,,False
B1C4T2,B1C4T2,,serine,Di,,0.043,0.043,0.0,0.0679,0.0679,,False
B1C4T2,B1C4T2,,serine,Mono,,0.0386,0.0386,0.0,0.046,0.046,,False
B1C4T2,B1C4T2,,serine,Tri,,0.0206,0.0206,0.0,0.0264,0.0264,,False
B1C4T2,B1C4T2,,serotonin,Di,,0.0003,0.0003,0.0,0.0069,0.0069,,False
B1C4T2,B1C4T2,,serotonin,Mono,,0.0021,0.0021,0.0,0.0096,0.0096,,False
B1C4T2,B1C4T2,,serotonin,Tri,,0.0009,0.0009,0.0,0.0069,0.0069,,False
B1C4T2,B1C4T2,,threonine,Di,,0.0025,0.0025,0.0,0.0096,0.0096,,False
B1C4T2,B1C4T2,,threonine,Mono,,0.0051,0.0051,0.0,0.0157,0.0157,,False
B1C4T2,B1C4T2,,threonine,Tri,,0.0007,0.0007,0.0,0.0069,0.0069,,False
B1C4T2,B1C4T2,,tryptamine,Di,,0.0002,0.0002,0.0,0.0069,0.0069,,False
B1C4T2,B1C4T2,,tryptamine,Mono,,0.0,0.0,0.0,0.0,0.0,,False
B1C4T2,B1C4T2,,tryptamine,Tri,,0.0007,0.0007,0.0,0.0069,0.0069,,False
B1C4T2,B1C4T2,,tyramine,Di,,0.0077,0.0077,0.0,0.0167,0.0167,,False
B1C4T2,B1C4T2,,tyramine,Mono,,0.0725,0.0725,0.0,0.0679,0.0679,,False
B1C4T2,B1C4T2,,tyramine,Tri,,0.0177,0.0177,0.0,0.0264,0.0264,,False
Blastospirellula_A0A2S8G2H3,A0A2S8G2H3,test,"2,3_diaminopropionic acid",Di,False,0.0148,0.0083,-0.0065,0.0264,0.0167,0.9881,True
Blastospirellula_A0A2S8G2H3,A0A2S8G2H3,test,"2,3_diaminopropionic acid",Mono,False,0.0034,0.0016,-0.0018,0.0096,0.0096,0.9881,True
Blastospirellula_A0A2S8G2H3,A0A2S8G2H3,test,"2,3_diaminopropionic acid",Tri,False,0.1542,0.119,-0.0352,0.1192,0.0758,0.9881,True
Blastospirellula_A0A2S8G2H3,A0A2S8G2H3,test,2_aminophenol,Di,False,0.1383,0.1131,-0.0252,0.1192,0.0758,0.9881,True
Blastospirellula_A0A2S8G2H3,A0A2S8G2H3,test,2_aminophenol,Mono,False,0.0075,0.0067,-0.0008,0.0167,0.0157,0.9881,True
Blastospirellula_A0A2S8G2H3,A0A2S8G2H3,test,2_aminophenol,Tri,False,0.2502,0.2441,-0.0061,0.1466,0.1466,0.9881,True
Blastospirellula_A0A2S8G2H3,A0A2S8G2H3,test,3_methoxytyramine,Di,False,0.0153,0.0075,-0.0078,0.0264,0.0167,0.9881,True
Blastospirellula_A0A2S8G2H3,A0A2S8G2H3,test,3_methoxytyramine,Mono,False,0.0009,0.0005,-0.0004,0.0069,0.0069,0.9881,True
Blastospirellula_A0A2S8G2H3,A0A2S8G2H3,test,3_methoxytyramine,Tri,False,0.0228,0.0189,-0.0039,0.0264,0.0264,0.9881,True
Blastospirellula_A0A2S8G2H3,A0A2S8G2H3,test,alanine,Di,True,0.9841,0.9738,-0.0103,0.8343,0.8273,0.9881,True
Blastospirellula_A0A2S8G2H3,A0A2S8G2H3,test,alanine,Mono,True,0.9096,0.8255,-0.0841,0.7921,0.7547,0.9881,True
Blastospirellula_A0A2S8G2H3,A0A2S8G2H3,test,alanine,Tri,False,0.1635,0.1947,0.0312,0.1192,0.1317,0.9881,True
Blastospirellula_A0A2S8G2H3,A0A2S8G2H3,test,arginine,Di,False,0.0003,0.0002,-1e-04,0.0069,0.0069,0.9881,True
Blastospirellula_A0A2S8G2H3,A0A2S8G2H3,test,arginine,Mono,False,1e-04,0.0,-1e-04,0.0058,0.0,0.9881,True
Blastospirellula_A0A2S8G2H3,A0A2S8G2H3,test,arginine,Tri,False,0.0007,0.0005,-0.0002,0.0069,0.0069,0.9881,True
Blastospirellula_A0A2S8G2H3,A0A2S8G2H3,test,asparagine,Di,False,0.0582,0.0396,-0.0186,0.0679,0.046,0.9881,True
Blastospirellula_A0A2S8G2H3,A0A2S8G2H3,test,asparagine,Mono,False,0.022,0.0116,-0.0104,0.0264,0.0264,0.9881,True
Blastospirellula_A0A2S8G2H3,A0A2S8G2H3,test,asparagine,Tri,True,0.9595,0.9258,-0.0337,0.7921,0.7921,0.9881,True
Blastospirellula_A0A2S8G2H3,A0A2S8G2H3,test,cadaverine,Di,False,0.0011,0.0015,0.0004,0.0096,0.0096,0.9881,True
Blastospirellula_A0A2S8G2H3,A0A2S8G2H3,test,cadaverine,Mono,False,0.0002,0.0003,1e-04,0.0069,0.0069,0.9881,True
Blastospirellula_A0A2S8G2H3,A0A2S8G2H3,test,cadaverine,Tri,False,0.0019,0.0046,0.0027,0.0096,0.0096,0.9881,True
Blastospirellula_A0A2S8G2H3,A0A2S8G2H3,test,citrulline,Di,False,0.0035,0.0015,-0.002,0.0096,0.0096,0.9881,True
Blastospirellula_A0A2S8G2H3,A0A2S8G2H3,test,citrulline,Mono,False,0.0007,0.0002,-0.0005,0.0069,0.0069,0.9881,True
Blastospirellula_A0A2S8G2H3,A0A2S8G2H3,test,citrulline,Tri,False,0.0017,0.0008,-0.0009,0.0096,0.0069,0.9881,True
Blastospirellula_A0A2S8G2H3,A0A2S8G2H3,test,cystine,Di,False,0.0011,0.0007,-0.0004,0.0096,0.0069,0.9881,True
Blastospirellula_A0A2S8G2H3,A0A2S8G2H3,test,cystine,Mono,False,0.0002,1e-04,-1e-04,0.0069,0.0058,0.9881,True
Blastospirellula_A0A2S8G2H3,A0A2S8G2H3,test,cystine,Tri,False,0.0016,0.0012,-0.0004,0.0096,0.0096,0.9881,True
Blastospirellula_A0A2S8G2H3,A0A2S8G2H3,test,dopamine,Di,False,0.1119,0.0695,-0.0424,0.0758,0.0679,0.9881,True
Blastospirellula_A0A2S8G2H3,A0A2S8G2H3,test,dopamine,Mono,False,0.0141,0.0082,-0.0059,0.0264,0.0167,0.9881,True
Blastospirellula_A0A2S8G2H3,A0A2S8G2H3,test,dopamine,Tri,True,0.9144,0.8769,-0.0375,0.7921,0.7547,0.9881,True
Blastospirellula_A0A2S8G2H3,A0A2S8G2H3,test,gaba,Di,True,0.9925,0.9872,-0.0053,0.8962,0.8343,0.9881,True
Blastospirellula_A0A2S8G2H3,A0A2S8G2H3,test,gaba,Mono,True,0.9776,0.9615,-0.0161,0.8343,0.7921,0.9881,True
Blastospirellula_A0A2S8G2H3,A0A2S8G2H3,test,gaba,Tri,True,0.9946,0.9927,-0.0019,0.8962,0.8962,0.9881,True
Blastospirellula_A0A2S8G2H3,A0A2S8G2H3,test,glutamine,Di,False,0.0075,0.0025,-0.005,0.0167,0.0096,0.9881,True
Blastospirellula_A0A2S8G2H3,A0A2S8G2H3,test,glutamine,Mono,False,0.0048,0.0014,-0.0034,0.0097,0.0096,0.9881,True
Blastospirellula_A0A2S8G2H3,A0A2S8G2H3,test,glutamine,Tri,False,0.0082,0.0034,-0.0048,0.0167,0.0096,0.9881,True
Blastospirellula_A0A2S8G2H3,A0A2S8G2H3,test,glyglycine,Di,False,0.0077,0.0038,-0.0039,0.0167,0.0096,0.9881,True
Blastospirellula_A0A2S8G2H3,A0A2S8G2H3,test,glyglycine,Mono,False,0.0024,0.0011,-0.0013,0.0096,0.0096,0.9881,True
Blastospirellula_A0A2S8G2H3,A0A2S8G2H3,test,glyglycine,Tri,False,0.029,0.0225,-0.0065,0.0264,0.0264,0.9881,True
Blastospirellula_A0A2S8G2H3,A0A2S8G2H3,test,histidine,Di,False,0.0013,0.0016,0.0003,0.0096,0.0096,0.9881,True
Blastospirellula_A0A2S8G2H3,A0A2S8G2H3,test,histidine,Mono,False,0.0007,0.0007,0.0,0.0069,0.0069,0.9881,True
Blastospirellula_A0A2S8G2H3,A0A2S8G2H3,test,histidine,Tri,False,0.0055,0.0071,0.0016,0.0157,0.0157,0.9881,True
Blastospirellula_A0A2S8G2H3,A0A2S8G2H3,test,lysine,Di,False,0.0334,0.0175,-0.0159,0.0264,0.0264,0.9881,True
Blastospirellula_A0A2S8G2H3,A0A2S8G2H3,test,lysine,Mono,False,0.0027,0.001,-0.0017,0.0096,0.0096,0.9881,True
Blastospirellula_A0A2S8G2H3,A0A2S8G2H3,test,lysine,Tri,False,0.0034,0.0021,-0.0013,0.0096,0.0096,0.9881,True
Blastospirellula_A0A2S8G2H3,A0A2S8G2H3,test,methionine,Di,False,0.0045,0.0022,-0.0023,0.0096,0.0096,0.9881,True
Blastospirellula_A0A2S8G2H3,A0A2S8G2H3,test,methionine,Mono,False,0.0015,0.0008,-0.0007,0.0096,0.0069,0.9881,True
Blastospirellula_A0A2S8G2H3,A0A2S8G2H3,test,methionine,Tri,False,0.0057,0.0037,-0.002,0.0157,0.0096,0.9881,True
Blastospirellula_A0A2S8G2H3,A0A2S8G2H3,test,ornithine,Di,False,0.0087,0.0035,-0.0052,0.0179,0.0096,0.9881,True
Blastospirellula_A0A2S8G2H3,A0A2S8G2H3,test,ornithine,Mono,False,0.0018,0.0006,-0.0012,0.0096,0.0069,0.9881,True
Blastospirellula_A0A2S8G2H3,A0A2S8G2H3,test,ornithine,Tri,False,0.0037,0.0018,-0.0019,0.0096,0.0096,0.9881,True
Blastospirellula_A0A2S8G2H3,A0A2S8G2H3,test,phenylalanine,Di,True,0.9737,0.9455,-0.0282,0.8273,0.7921,0.9881,True
Blastospirellula_A0A2S8G2H3,A0A2S8G2H3,test,phenylalanine,Mono,False,0.1136,0.0729,-0.0407,0.0758,0.0679,0.9881,True
Blastospirellula_A0A2S8G2H3,A0A2S8G2H3,test,phenylalanine,Tri,True,0.9821,0.9694,-0.0127,0.8343,0.8273,0.9881,True
Blastospirellula_A0A2S8G2H3,A0A2S8G2H3,test,proline,Di,False,0.0007,0.0008,1e-04,0.0069,0.0069,0.9881,True
Blastospirellula_A0A2S8G2H3,A0A2S8G2H3,test,proline,Mono,False,0.0003,0.0003,0.0,0.0069,0.0069,0.9881,True
Blastospirellula_A0A2S8G2H3,A0A2S8G2H3,test,proline,Tri,False,0.0065,0.0058,-0.0007,0.0157,0.0157,0.9881,True
Blastospirellula_A0A2S8G2H3,A0A2S8G2H3,test,putrescine,Di,False,0.0014,0.0017,0.0003,0.0096,0.0096,0.9881,True
Blastospirellula_A0A2S8G2H3,A0A2S8G2H3,test,putrescine,Mono,False,0.0003,0.0003,0.0,0.0069,0.0069,0.9881,True
Blastospirellula_A0A2S8G2H3,A0A2S8G2H3,test,putrescine,Tri,False,0.0025,0.0054,0.0029,0.0096,0.0157,0.9881,True
Blastospirellula_A0A2S8G2H3,A0A2S8G2H3,test,serine,Di,False,0.0738,0.0804,0.0066,0.0679,0.0679,0.9881,True
Blastospirellula_A0A2S8G2H3,A0A2S8G2H3,test,serine,Mono,False,0.0492,0.0373,-0.0119,0.0679,0.046,0.9881,True
Blastospirellula_A0A2S8G2H3,A0A2S8G2H3,test,serine,Tri,False,0.0174,0.0193,0.0019,0.0264,0.0264,0.9881,True
Blastospirellula_A0A2S8G2H3,A0A2S8G2H3,test,serotonin,Di,False,0.0008,0.0006,-0.0002,0.0069,0.0069,0.9881,True
Blastospirellula_A0A2S8G2H3,A0A2S8G2H3,test,serotonin,Mono,False,0.0043,0.0036,-0.0007,0.0096,0.0096,0.9881,True
Blastospirellula_A0A2S8G2H3,A0A2S8G2H3,test,serotonin,Tri,False,0.0014,0.0015,1e-04,0.0096,0.0096,0.9881,True
Blastospirellula_A0A2S8G2H3,A0A2S8G2H3,test,threonine,Di,False,0.0044,0.0027,-0.0017,0.0096,0.0096,0.9881,True
Blastospirellula_A0A2S8G2H3,A0A2S8G2H3,test,threonine,Mono,False,0.0087,0.0044,-0.0043,0.0179,0.0096,0.9881,True
Blastospirellula_A0A2S8G2H3,A0A2S8G2H3,test,threonine,Tri,False,0.0006,0.0004,-0.0002,0.0069,0.0069,0.9881,True
Blastospirellula_A0A2S8G2H3,A0A2S8G2H3,test,tryptamine,Di,False,0.0002,0.0004,0.0002,0.0069,0.0069,0.9881,True
Blastospirellula_A0A2S8G2H3,A0A2S8G2H3,test,tryptamine,Mono,False,0.0,1e-04,1e-04,0.0,0.0058,0.9881,True
Blastospirellula_A0A2S8G2H3,A0A2S8G2H3,test,tryptamine,Tri,False,0.0006,0.0017,0.0011,0.0069,0.0096,0.9881,True
Blastospirellula_A0A2S8G2H3,A0A2S8G2H3,test,tyramine,Di,False,0.0077,0.0058,-0.0019,0.0167,0.0157,0.9881,True
Blastospirellula_A0A2S8G2H3,A0A2S8G2H3,test,tyramine,Mono,False,0.0554,0.0513,-0.0041,0.0679,0.0679,0.9881,True
Blastospirellula_A0A2S8G2H3,A0A2S8G2H3,test,tyramine,Tri,False,0.0151,0.0153,0.0002,0.0264,0.0264,0.9881,True
Blastospirellula_A0A2S8GTJ2,A0A2S8GTJ2,dev,"2,3_diaminopropionic acid",Di,False,0.0143,0.0115,-0.0028,0.0264,0.0264,0.9965,True
Blastospirellula_A0A2S8GTJ2,A0A2S8GTJ2,dev,"2,3_diaminopropionic acid",Mono,False,0.0027,0.0025,-0.0002,0.0096,0.0096,0.9965,True
Blastospirellula_A0A2S8GTJ2,A0A2S8GTJ2,dev,"2,3_diaminopropionic acid",Tri,False,0.1959,0.1523,-0.0436,0.1317,0.1192,0.9965,True
Blastospirellula_A0A2S8GTJ2,A0A2S8GTJ2,dev,2_aminophenol,Di,False,0.1411,0.146,0.0049,0.1192,0.1192,0.9965,True
Blastospirellula_A0A2S8GTJ2,A0A2S8GTJ2,dev,2_aminophenol,Mono,False,0.0064,0.0098,0.0034,0.0157,0.0179,0.9965,True
Blastospirellula_A0A2S8GTJ2,A0A2S8GTJ2,dev,2_aminophenol,Tri,False,0.2986,0.3069,0.0083,0.22,0.22,0.9965,True
Blastospirellula_A0A2S8GTJ2,A0A2S8GTJ2,dev,3_methoxytyramine,Di,False,0.0305,0.0065,-0.024,0.0264,0.0157,0.9965,True
Blastospirellula_A0A2S8GTJ2,A0A2S8GTJ2,dev,3_methoxytyramine,Mono,False,0.0012,0.0006,-0.0006,0.0096,0.0069,0.9965,True
Blastospirellula_A0A2S8GTJ2,A0A2S8GTJ2,dev,3_methoxytyramine,Tri,False,0.0464,0.0159,-0.0305,0.0679,0.0264,0.9965,True
Blastospirellula_A0A2S8GTJ2,A0A2S8GTJ2,dev,alanine,Di,True,0.9823,0.9784,-0.0039,0.8343,0.8343,0.9965,True
Blastospirellula_A0A2S8GTJ2,A0A2S8GTJ2,dev,alanine,Mono,True,0.8958,0.9083,0.0125,0.7547,0.7921,0.9965,True
Blastospirellula_A0A2S8GTJ2,A0A2S8GTJ2,dev,alanine,Tri,False,0.1928,0.3988,0.206,0.1317,0.2642,0.9965,True
Blastospirellula_A0A2S8GTJ2,A0A2S8GTJ2,dev,arginine,Di,False,0.0003,0.0003,0.0,0.0069,0.0069,0.9965,True
Blastospirellula_A0A2S8GTJ2,A0A2S8GTJ2,dev,arginine,Mono,False,1e-04,1e-04,0.0,0.0058,0.0058,0.9965,True
Blastospirellula_A0A2S8GTJ2,A0A2S8GTJ2,dev,arginine,Tri,False,0.0009,0.0009,0.0,0.0069,0.0069,0.9965,True
Blastospirellula_A0A2S8GTJ2,A0A2S8GTJ2,dev,asparagine,Di,False,0.063,0.0411,-0.0219,0.0679,0.046,0.9965,True
Blastospirellula_A0A2S8GTJ2,A0A2S8GTJ2,dev,asparagine,Mono,False,0.0197,0.0146,-0.0051,0.0264,0.0264,0.9965,True
Blastospirellula_A0A2S8GTJ2,A0A2S8GTJ2,dev,asparagine,Tri,True,0.9498,0.9301,-0.0197,0.7921,0.7921,0.9965,True
Blastospirellula_A0A2S8GTJ2,A0A2S8GTJ2,dev,cadaverine,Di,False,0.0013,0.0013,0.0,0.0096,0.0096,0.9965,True
Blastospirellula_A0A2S8GTJ2,A0A2S8GTJ2,dev,cadaverine,Mono,False,0.0003,0.0003,0.0,0.0069,0.0069,0.9965,True
Blastospirellula_A0A2S8GTJ2,A0A2S8GTJ2,dev,cadaverine,Tri,False,0.0038,0.0035,-0.0003,0.0096,0.0096,0.9965,True
Blastospirellula_A0A2S8GTJ2,A0A2S8GTJ2,dev,citrulline,Di,False,0.003,0.0033,0.0003,0.0096,0.0096,0.9965,True
Blastospirellula_A0A2S8GTJ2,A0A2S8GTJ2,dev,citrulline,Mono,False,0.0006,0.0006,0.0,0.0069,0.0069,0.9965,True
Blastospirellula_A0A2S8GTJ2,A0A2S8GTJ2,dev,citrulline,Tri,False,0.0019,0.0017,-0.0002,0.0096,0.0096,0.9965,True
Blastospirellula_A0A2S8GTJ2,A0A2S8GTJ2,dev,cystine,Di,False,0.001,0.0007,-0.0003,0.0069,0.0069,0.9965,True
Blastospirellula_A0A2S8GTJ2,A0A2S8GTJ2,dev,cystine,Mono,False,1e-04,1e-04,0.0,0.0058,0.0058,0.9965,True
Blastospirellula_A0A2S8GTJ2,A0A2S8GTJ2,dev,cystine,Tri,False,0.0016,0.0013,-0.0003,0.0096,0.0096,0.9965,True
Blastospirellula_A0A2S8GTJ2,A0A2S8GTJ2,dev,dopamine,Di,False,0.1522,0.078,-0.0742,0.1192,0.0679,0.9965,True
Blastospirellula_A0A2S8GTJ2,A0A2S8GTJ2,dev,dopamine,Mono,False,0.0169,0.0106,-0.0063,0.0264,0.0264,0.9965,True
Blastospirellula_A0A2S8GTJ2,A0A2S8GTJ2,dev,dopamine,Tri,True,0.9379,0.8725,-0.0654,0.7921,0.7547,0.9965,True
Blastospirellula_A0A2S8GTJ2,A0A2S8GTJ2,dev,gaba,Di,True,0.9914,0.9852,-0.0062,0.8962,0.8343,0.9965,True
Blastospirellula_A0A2S8GTJ2,A0A2S8GTJ2,dev,gaba,Mono,True,0.9723,0.9551,-0.0172,0.8273,0.7921,0.9965,True
Blastospirellula_A0A2S8GTJ2,A0A2S8GTJ2,dev,gaba,Tri,True,0.9956,0.9907,-0.0049,0.8962,0.8873,0.9965,True
Blastospirellula_A0A2S8GTJ2,A0A2S8GTJ2,dev,glutamine,Di,False,0.0054,0.0039,-0.0015,0.0157,0.0096,0.9965,True
Blastospirellula_A0A2S8GTJ2,A0A2S8GTJ2,dev,glutamine,Mono,False,0.0035,0.0025,-0.001,0.0096,0.0096,0.9965,True
Blastospirellula_A0A2S8GTJ2,A0A2S8GTJ2,dev,glutamine,Tri,False,0.0082,0.0056,-0.0026,0.0167,0.0157,0.9965,True
Blastospirellula_A0A2S8GTJ2,A0A2S8GTJ2,dev,glyglycine,Di,False,0.0069,0.0057,-0.0012,0.0157,0.0157,0.9965,True
Blastospirellula_A0A2S8GTJ2,A0A2S8GTJ2,dev,glyglycine,Mono,False,0.002,0.0019,-1e-04,0.0096,0.0096,0.9965,True
Blastospirellula_A0A2S8GTJ2,A0A2S8GTJ2,dev,glyglycine,Tri,False,0.0348,0.0286,-0.0062,0.046,0.0264,0.9965,True
Blastospirellula_A0A2S8GTJ2,A0A2S8GTJ2,dev,histidine,Di,False,0.0011,0.0016,0.0005,0.0096,0.0096,0.9965,True
Blastospirellula_A0A2S8GTJ2,A0A2S8GTJ2,dev,histidine,Mono,False,0.0005,0.0008,0.0003,0.0069,0.0069,0.9965,True
Blastospirellula_A0A2S8GTJ2,A0A2S8GTJ2,dev,histidine,Tri,False,0.0052,0.0076,0.0024,0.0157,0.0167,0.9965,True
Blastospirellula_A0A2S8GTJ2,A0A2S8GTJ2,dev,lysine,Di,False,0.0425,0.0377,-0.0048,0.0679,0.046,0.9965,True
Blastospirellula_A0A2S8GTJ2,A0A2S8GTJ2,dev,lysine,Mono,False,0.0037,0.0038,1e-04,0.0096,0.0096,0.9965,True
Blastospirellula_A0A2S8GTJ2,A0A2S8GTJ2,dev,lysine,Tri,False,0.0062,0.0052,-0.001,0.0157,0.0157,0.9965,True
Blastospirellula_A0A2S8GTJ2,A0A2S8GTJ2,dev,methionine,Di,False,0.003,0.004,0.001,0.0096,0.0096,0.9965,True
Blastospirellula_A0A2S8GTJ2,A0A2S8GTJ2,dev,methionine,Mono,False,0.0011,0.0017,0.0006,0.0096,0.0096,0.9965,True
Blastospirellula_A0A2S8GTJ2,A0A2S8GTJ2,dev,methionine,Tri,False,0.0063,0.0078,0.0015,0.0157,0.0167,0.9965,True
Blastospirellula_A0A2S8GTJ2,A0A2S8GTJ2,dev,ornithine,Di,False,0.0069,0.007,1e-04,0.0157,0.0157,0.9965,True
Blastospirellula_A0A2S8GTJ2,A0A2S8GTJ2,dev,ornithine,Mono,False,0.0014,0.0014,0.0,0.0096,0.0096,0.9965,True
Blastospirellula_A0A2S8GTJ2,A0A2S8GTJ2,dev,ornithine,Tri,False,0.0044,0.0037,-0.0007,0.0096,0.0096,0.9965,True
Blastospirellula_A0A2S8GTJ2,A0A2S8GTJ2,dev,phenylalanine,Di,True,0.972,0.9534,-0.0186,0.8273,0.7921,0.9965,True
Blastospirellula_A0A2S8GTJ2,A0A2S8GTJ2,dev,phenylalanine,Mono,False,0.097,0.11,0.013,0.0758,0.0758,0.9965,True
Blastospirellula_A0A2S8GTJ2,A0A2S8GTJ2,dev,phenylalanine,Tri,True,0.9864,0.9753,-0.0111,0.8343,0.8333,0.9965,True
Blastospirellula_A0A2S8GTJ2,A0A2S8GTJ2,dev,proline,Di,False,0.0007,0.001,0.0003,0.0069,0.0096,0.9965,True
Blastospirellula_A0A2S8GTJ2,A0A2S8GTJ2,dev,proline,Mono,False,0.0002,0.0004,0.0002,0.0069,0.0069,0.9965,True
Blastospirellula_A0A2S8GTJ2,A0A2S8GTJ2,dev,proline,Tri,False,0.005,0.0073,0.0023,0.0097,0.0167,0.9965,True
Blastospirellula_A0A2S8GTJ2,A0A2S8GTJ2,dev,putrescine,Di,False,0.0016,0.0017,1e-04,0.0096,0.0096,0.9965,True
Blastospirellula_A0A2S8GTJ2,A0A2S8GTJ2,dev,putrescine,Mono,False,0.0003,0.0004,1e-04,0.0069,0.0069,0.9965,True
Blastospirellula_A0A2S8GTJ2,A0A2S8GTJ2,dev,putrescine,Tri,False,0.0045,0.0044,-1e-04,0.0096,0.0096,0.9965,True
Blastospirellula_A0A2S8GTJ2,A0A2S8GTJ2,dev,serine,Di,False,0.0691,0.0979,0.0288,0.0679,0.0758,0.9965,True
Blastospirellula_A0A2S8GTJ2,A0A2S8GTJ2,dev,serine,Mono,False,0.0527,0.0583,0.0056,0.0679,0.0679,0.9965,True
Blastospirellula_A0A2S8GTJ2,A0A2S8GTJ2,dev,serine,Tri,False,0.0199,0.0212,0.0013,0.0264,0.0264,0.9965,True
Blastospirellula_A0A2S8GTJ2,A0A2S8GTJ2,dev,serotonin,Di,False,0.0007,0.0007,0.0,0.0069,0.0069,0.9965,True
Blastospirellula_A0A2S8GTJ2,A0A2S8GTJ2,dev,serotonin,Mono,False,0.0038,0.0039,1e-04,0.0096,0.0096,0.9965,True
Blastospirellula_A0A2S8GTJ2,A0A2S8GTJ2,dev,serotonin,Tri,False,0.0017,0.0018,1e-04,0.0096,0.0096,0.9965,True
Blastospirellula_A0A2S8GTJ2,A0A2S8GTJ2,dev,threonine,Di,False,0.0036,0.0041,0.0005,0.0096,0.0096,0.9965,True
Blastospirellula_A0A2S8GTJ2,A0A2S8GTJ2,dev,threonine,Mono,False,0.0098,0.0084,-0.0014,0.0179,0.0167,0.9965,True
Blastospirellula_A0A2S8GTJ2,A0A2S8GTJ2,dev,threonine,Tri,False,0.0005,0.0006,1e-04,0.0069,0.0069,0.9965,True
Blastospirellula_A0A2S8GTJ2,A0A2S8GTJ2,dev,tryptamine,Di,False,0.0003,0.0003,0.0,0.0069,0.0069,0.9965,True
Blastospirellula_A0A2S8GTJ2,A0A2S8GTJ2,dev,tryptamine,Mono,False,0.0,1e-04,1e-04,0.0,0.0058,0.9965,True
Blastospirellula_A0A2S8GTJ2,A0A2S8GTJ2,dev,tryptamine,Tri,False,0.001,0.0012,0.0002,0.0069,0.0096,0.9965,True
Blastospirellula_A0A2S8GTJ2,A0A2S8GTJ2,dev,tyramine,Di,False,0.0105,0.0082,-0.0023,0.0179,0.0167,0.9965,True
Blastospirellula_A0A2S8GTJ2,A0A2S8GTJ2,dev,tyramine,Mono,False,0.0874,0.0792,-0.0082,0.0758,0.0679,0.9965,True
Blastospirellula_A0A2S8GTJ2,A0A2S8GTJ2,dev,tyramine,Tri,False,0.0289,0.0201,-0.0088,0.0264,0.0264,0.9965,True
Desulfomarina_A0A8D5FTP2,A0A8D5FTP2,dev,"2,3_diaminopropionic acid",Di,False,0.0178,0.0191,0.0013,0.0264,0.0264,0.9874,True
Desulfomarina_A0A8D5FTP2,A0A8D5FTP2,dev,"2,3_diaminopropionic acid",Mono,False,0.0028,0.004,0.0012,0.0096,0.0096,0.9874,True
Desulfomarina_A0A8D5FTP2,A0A8D5FTP2,dev,"2,3_diaminopropionic acid",Tri,False,0.1336,0.2174,0.0838,0.1192,0.1317,0.9874,True
Desulfomarina_A0A8D5FTP2,A0A8D5FTP2,dev,2_aminophenol,Di,False,0.2273,0.3887,0.1614,0.1466,0.2642,0.9874,True
Desulfomarina_A0A8D5FTP2,A0A8D5FTP2,dev,2_aminophenol,Mono,False,0.0132,0.0229,0.0097,0.0264,0.0264,0.9874,True
Desulfomarina_A0A8D5FTP2,A0A8D5FTP2,dev,2_aminophenol,Tri,False,0.2512,0.5347,0.2835,0.1466,0.4048,0.9874,True
Desulfomarina_A0A8D5FTP2,A0A8D5FTP2,dev,3_methoxytyramine,Di,False,0.0465,0.0369,-0.0096,0.0679,0.046,0.9874,True
Desulfomarina_A0A8D5FTP2,A0A8D5FTP2,dev,3_methoxytyramine,Mono,False,0.0011,0.0012,1e-04,0.0096,0.0096,0.9874,True
Desulfomarina_A0A8D5FTP2,A0A8D5FTP2,dev,3_methoxytyramine,Tri,False,0.016,0.0348,0.0188,0.0264,0.046,0.9874,True
Desulfomarina_A0A8D5FTP2,A0A8D5FTP2,dev,alanine,Di,True,0.9078,0.9074,-0.0004,0.7921,0.7921,0.9874,True
Desulfomarina_A0A8D5FTP2,A0A8D5FTP2,dev,alanine,Mono,False,0.3678,0.4856,0.1178,0.2642,0.37,0.9874,True
Desulfomarina_A0A8D5FTP2,A0A8D5FTP2,dev,alanine,Tri,False,0.0295,0.1416,0.1121,0.0264,0.1192,0.9874,True
Desulfomarina_A0A8D5FTP2,A0A8D5FTP2,dev,arginine,Di,False,0.0002,0.0004,0.0002,0.0069,0.0069,0.9874,True
Desulfomarina_A0A8D5FTP2,A0A8D5FTP2,dev,arginine,Mono,False,1e-04,1e-04,0.0,0.0058,0.0058,0.9874,True
Desulfomarina_A0A8D5FTP2,A0A8D5FTP2,dev,arginine,Tri,False,0.0005,0.0009,0.0004,0.0069,0.0069,0.9874,True
Desulfomarina_A0A8D5FTP2,A0A8D5FTP2,dev,asparagine,Di,False,0.0357,0.039,0.0033,0.046,0.046,0.9874,True
Desulfomarina_A0A8D5FTP2,A0A8D5FTP2,dev,asparagine,Mono,False,0.0104,0.0105,1e-04,0.0179,0.0179,0.9874,True
Desulfomarina_A0A8D5FTP2,A0A8D5FTP2,dev,asparagine,Tri,True,0.9202,0.9309,0.0107,0.7921,0.7921,0.9874,True
Desulfomarina_A0A8D5FTP2,A0A8D5FTP2,dev,cadaverine,Di,False,0.0011,0.0045,0.0034,0.0096,0.0096,0.9874,True
Desulfomarina_A0A8D5FTP2,A0A8D5FTP2,dev,cadaverine,Mono,False,0.0002,0.0009,0.0007,0.0069,0.0069,0.9874,True
Desulfomarina_A0A8D5FTP2,A0A8D5FTP2,dev,cadaverine,Tri,False,0.0016,0.0135,0.0119,0.0096,0.0264,0.9874,True
Desulfomarina_A0A8D5FTP2,A0A8D5FTP2,dev,citrulline,Di,False,0.0024,0.0041,0.0017,0.0096,0.0096,0.9874,True
Desulfomarina_A0A8D5FTP2,A0A8D5FTP2,dev,citrulline,Mono,False,0.0004,0.0008,0.0004,0.0069,0.0069,0.9874,True
Desulfomarina_A0A8D5FTP2,A0A8D5FTP2,dev,citrulline,Tri,False,0.001,0.0023,0.0013,0.0096,0.0096,0.9874,True
Desulfomarina_A0A8D5FTP2,A0A8D5FTP2,dev,cystine,Di,False,0.0028,0.0031,0.0003,0.0096,0.0096,0.9874,True
Desulfomarina_A0A8D5FTP2,A0A8D5FTP2,dev,cystine,Mono,False,0.0002,0.0003,1e-04,0.0069,0.0069,0.9874,True
Desulfomarina_A0A8D5FTP2,A0A8D5FTP2,dev,cystine,Tri,False,0.0022,0.0032,0.001,0.0096,0.0096,0.9874,True
Desulfomarina_A0A8D5FTP2,A0A8D5FTP2,dev,dopamine,Di,False,0.0487,0.0856,0.0369,0.0679,0.0758,0.9874,True
Desulfomarina_A0A8D5FTP2,A0A8D5FTP2,dev,dopamine,Mono,False,0.0043,0.0096,0.0053,0.0096,0.0179,0.9874,True
Desulfomarina_A0A8D5FTP2,A0A8D5FTP2,dev,dopamine,Tri,False,0.5398,0.7853,0.2455,0.4048,0.7234,0.9874,True
Desulfomarina_A0A8D5FTP2,A0A8D5FTP2,dev,gaba,Di,True,0.9883,0.9803,-0.008,0.8873,0.8343,0.9874,True
Desulfomarina_A0A8D5FTP2,A0A8D5FTP2,dev,gaba,Mono,True,0.9622,0.9374,-0.0248,0.7921,0.7921,0.9874,True
Desulfomarina_A0A8D5FTP2,A0A8D5FTP2,dev,gaba,Tri,True,0.9897,0.9857,-0.004,0.8873,0.8343,0.9874,True
Desulfomarina_A0A8D5FTP2,A0A8D5FTP2,dev,glutamine,Di,False,0.0062,0.0057,-0.0005,0.0157,0.0157,0.9874,True
Desulfomarina_A0A8D5FTP2,A0A8D5FTP2,dev,glutamine,Mono,False,0.0033,0.0034,1e-04,0.0096,0.0096,0.9874,True
Desulfomarina_A0A8D5FTP2,A0A8D5FTP2,dev,glutamine,Tri,False,0.004,0.0047,0.0007,0.0096,0.0097,0.9874,True
Desulfomarina_A0A8D5FTP2,A0A8D5FTP2,dev,glyglycine,Di,False,0.0036,0.0062,0.0026,0.0096,0.0157,0.9874,True
Desulfomarina_A0A8D5FTP2,A0A8D5FTP2,dev,glyglycine,Mono,False,0.0007,0.0013,0.0006,0.0069,0.0096,0.9874,True
Desulfomarina_A0A8D5FTP2,A0A8D5FTP2,dev,glyglycine,Tri,False,0.0095,0.0307,0.0212,0.0179,0.0264,0.9874,True
Desulfomarina_A0A8D5FTP2,A0A8D5FTP2,dev,histidine,Di,False,0.0005,0.0009,0.0004,0.0069,0.0069,0.9874,True
Desulfomarina_A0A8D5FTP2,A0A8D5FTP2,dev,histidine,Mono,False,0.0002,0.0004,0.0002,0.0069,0.0069,0.9874,True
Desulfomarina_A0A8D5FTP2,A0A8D5FTP2,dev,histidine,Tri,False,0.0014,0.0032,0.0018,0.0096,0.0096,0.9874,True
Desulfomarina_A0A8D5FTP2,A0A8D5FTP2,dev,lysine,Di,False,0.0148,0.0337,0.0189,0.0264,0.0264,0.9874,True
Desulfomarina_A0A8D5FTP2,A0A8D5FTP2,dev,lysine,Mono,False,0.0013,0.0028,0.0015,0.0096,0.0096,0.9874,True
Desulfomarina_A0A8D5FTP2,A0A8D5FTP2,dev,lysine,Tri,False,0.0014,0.0039,0.0025,0.0096,0.0096,0.9874,True
Desulfomarina_A0A8D5FTP2,A0A8D5FTP2,dev,methionine,Di,False,0.0042,0.007,0.0028,0.0096,0.0157,0.9874,True
Desulfomarina_A0A8D5FTP2,A0A8D5FTP2,dev,methionine,Mono,False,0.0011,0.0028,0.0017,0.0096,0.0096,0.9874,True
Desulfomarina_A0A8D5FTP2,A0A8D5FTP2,dev,methionine,Tri,False,0.0036,0.0104,0.0068,0.0096,0.0179,0.9874,True
Desulfomarina_A0A8D5FTP2,A0A8D5FTP2,dev,ornithine,Di,False,0.0092,0.0076,-0.0016,0.0179,0.0167,0.9874,True
Desulfomarina_A0A8D5FTP2,A0A8D5FTP2,dev,ornithine,Mono,False,0.0018,0.0019,1e-04,0.0096,0.0096,0.9874,True
Desulfomarina_A0A8D5FTP2,A0A8D5FTP2,dev,ornithine,Tri,False,0.0028,0.0031,0.0003,0.0096,0.0096,0.9874,True
Desulfomarina_A0A8D5FTP2,A0A8D5FTP2,dev,phenylalanine,Di,True,0.9464,0.9598,0.0134,0.7921,0.7921,0.9874,True
Desulfomarina_A0A8D5FTP2,A0A8D5FTP2,dev,phenylalanine,Mono,False,0.0582,0.081,0.0228,0.0679,0.0679,0.9874,True
Desulfomarina_A0A8D5FTP2,A0A8D5FTP2,dev,phenylalanine,Tri,True,0.9551,0.9765,0.0214,0.7921,0.8343,0.9874,True
Desulfomarina_A0A8D5FTP2,A0A8D5FTP2,dev,proline,Di,False,0.0003,0.0007,0.0004,0.0069,0.0069,0.9874,True
Desulfomarina_A0A8D5FTP2,A0A8D5FTP2,dev,proline,Mono,False,1e-04,0.0002,1e-04,0.0058,0.0069,0.9874,True
Desulfomarina_A0A8D5FTP2,A0A8D5FTP2,dev,proline,Tri,False,0.0026,0.0055,0.0029,0.0096,0.0157,0.9874,True
Desulfomarina_A0A8D5FTP2,A0A8D5FTP2,dev,putrescine,Di,False,0.0013,0.0053,0.004,0.0096,0.0157,0.9874,True
Desulfomarina_A0A8D5FTP2,A0A8D5FTP2,dev,putrescine,Mono,False,0.0002,0.001,0.0008,0.0069,0.0069,0.9874,True
Desulfomarina_A0A8D5FTP2,A0A8D5FTP2,dev,putrescine,Tri,False,0.0019,0.0159,0.014,0.0096,0.0264,0.9874,True
Desulfomarina_A0A8D5FTP2,A0A8D5FTP2,dev,serine,Di,False,0.0327,0.0549,0.0222,0.0264,0.0679,0.9874,True
Desulfomarina_A0A8D5FTP2,A0A8D5FTP2,dev,serine,Mono,False,0.0125,0.0241,0.0116,0.0264,0.0264,0.9874,True
Desulfomarina_A0A8D5FTP2,A0A8D5FTP2,dev,serine,Tri,False,0.0052,0.0114,0.0062,0.0157,0.0264,0.9874,True
Desulfomarina_A0A8D5FTP2,A0A8D5FTP2,dev,serotonin,Di,False,0.0006,0.0009,0.0003,0.0069,0.0069,0.9874,True
Desulfomarina_A0A8D5FTP2,A0A8D5FTP2,dev,serotonin,Mono,False,0.0027,0.0026,-1e-04,0.0096,0.0096,0.9874,True
Desulfomarina_A0A8D5FTP2,A0A8D5FTP2,dev,serotonin,Tri,False,0.0007,0.0016,0.0009,0.0069,0.0096,0.9874,True
Desulfomarina_A0A8D5FTP2,A0A8D5FTP2,dev,threonine,Di,False,0.0017,0.0021,0.0004,0.0096,0.0096,0.9874,True
Desulfomarina_A0A8D5FTP2,A0A8D5FTP2,dev,threonine,Mono,False,0.0015,0.0034,0.0019,0.0096,0.0096,0.9874,True
Desulfomarina_A0A8D5FTP2,A0A8D5FTP2,dev,threonine,Tri,False,1e-04,0.0003,0.0002,0.0058,0.0069,0.9874,True
Desulfomarina_A0A8D5FTP2,A0A8D5FTP2,dev,tryptamine,Di,False,0.0003,0.0008,0.0005,0.0069,0.0069,0.9874,True
Desulfomarina_A0A8D5FTP2,A0A8D5FTP2,dev,tryptamine,Mono,False,0.0,1e-04,1e-04,0.0,0.0058,0.9874,True
Desulfomarina_A0A8D5FTP2,A0A8D5FTP2,dev,tryptamine,Tri,False,0.0005,0.0028,0.0023,0.0069,0.0096,0.9874,True
Desulfomarina_A0A8D5FTP2,A0A8D5FTP2,dev,tyramine,Di,False,0.0049,0.0094,0.0045,0.0097,0.0179,0.9874,True
Desulfomarina_A0A8D5FTP2,A0A8D5FTP2,dev,tyramine,Mono,False,0.037,0.0558,0.0188,0.046,0.0679,0.9874,True
Desulfomarina_A0A8D5FTP2,A0A8D5FTP2,dev,tyramine,Tri,False,0.0056,0.0178,0.0122,0.0157,0.0264,0.9874,True
Francisella_A0A5C2BYC4,A0A5C2BYC4,test,"2,3_diaminopropionic acid",Di,False,0.0212,0.012,-0.0092,0.0264,0.0264,0.9922,True
Francisella_A0A5C2BYC4,A0A5C2BYC4,test,"2,3_diaminopropionic acid",Mono,False,0.0031,0.0026,-0.0005,0.0096,0.0096,0.9922,True
Francisella_A0A5C2BYC4,A0A5C2BYC4,test,"2,3_diaminopropionic acid",Tri,False,0.2221,0.2059,-0.0162,0.1466,0.1317,0.9922,True
Francisella_A0A5C2BYC4,A0A5C2BYC4,test,2_aminophenol,Di,False,0.1566,0.1343,-0.0223,0.1192,0.1192,0.9922,True
Francisella_A0A5C2BYC4,A0A5C2BYC4,test,2_aminophenol,Mono,False,0.0051,0.0058,0.0007,0.0157,0.0157,0.9922,True
Francisella_A0A5C2BYC4,A0A5C2BYC4,test,2_aminophenol,Tri,False,0.2952,0.3375,0.0423,0.1867,0.2642,0.9922,True
Francisella_A0A5C2BYC4,A0A5C2BYC4,test,3_methoxytyramine,Di,False,0.0268,0.0091,-0.0177,0.0264,0.0179,0.9922,True
Francisella_A0A5C2BYC4,A0A5C2BYC4,test,3_methoxytyramine,Mono,False,0.0009,0.0004,-0.0005,0.0069,0.0069,0.9922,True
Francisella_A0A5C2BYC4,A0A5C2BYC4,test,3_methoxytyramine,Tri,False,0.0456,0.0246,-0.021,0.0679,0.0264,0.9922,True
Francisella_A0A5C2BYC4,A0A5C2BYC4,test,alanine,Di,True,0.9138,0.8621,-0.0517,0.7921,0.7547,0.9922,True
Francisella_A0A5C2BYC4,A0A5C2BYC4,test,alanine,Mono,False,0.4056,0.3833,-0.0223,0.2642,0.2642,0.9922,True
Francisella_A0A5C2BYC4,A0A5C2BYC4,test,alanine,Tri,False,0.0592,0.0749,0.0157,0.0679,0.0679,0.9922,True
Francisella_A0A5C2BYC4,A0A5C2BYC4,test,arginine,Di,False,0.0004,0.0002,-0.0002,0.0069,0.0069,0.9922,True
Francisella_A0A5C2BYC4,A0A5C2BYC4,test,arginine,Mono,False,1e-04,1e-04,0.0,0.0058,0.0058,0.9922,True
Francisella_A0A5C2BYC4,A0A5C2BYC4,test,arginine,Tri,False,0.0007,0.0007,0.0,0.0069,0.0069,0.9922,True
Francisella_A0A5C2BYC4,A0A5C2BYC4,test,asparagine,Di,False,0.0452,0.02,-0.0252,0.0679,0.0264,0.9922,True
Francisella_A0A5C2BYC4,A0A5C2BYC4,test,asparagine,Mono,False,0.0105,0.0068,-0.0037,0.0264,0.0157,0.9922,True
Francisella_A0A5C2BYC4,A0A5C2BYC4,test,asparagine,Tri,True,0.956,0.9276,-0.0284,0.7921,0.7921,0.9922,True
Francisella_A0A5C2BYC4,A0A5C2BYC4,test,cadaverine,Di,False,0.0016,0.0013,-0.0003,0.0096,0.0096,0.9922,True
Francisella_A0A5C2BYC4,A0A5C2BYC4,test,cadaverine,Mono,False,0.0003,0.0003,0.0,0.0069,0.0069,0.9922,True
Francisella_A0A5C2BYC4,A0A5C2BYC4,test,cadaverine,Tri,False,0.0039,0.0036,-0.0003,0.0096,0.0096,0.9922,True
Francisella_A0A5C2BYC4,A0A5C2BYC4,test,citrulline,Di,False,0.0031,0.0017,-0.0014,0.0096,0.0096,0.9922,True
Francisella_A0A5C2BYC4,A0A5C2BYC4,test,citrulline,Mono,False,0.0005,0.0003,-0.0002,0.0069,0.0069,0.9922,True
Francisella_A0A5C2BYC4,A0A5C2BYC4,test,citrulline,Tri,False,0.0016,0.0014,-0.0002,0.0096,0.0096,0.9922,True
Francisella_A0A5C2BYC4,A0A5C2BYC4,test,cystine,Di,False,0.0018,0.0007,-0.0011,0.0096,0.0069,0.9922,True
Francisella_A0A5C2BYC4,A0A5C2BYC4,test,cystine,Mono,False,0.0002,1e-04,-1e-04,0.0069,0.0058,0.9922,True
Francisella_A0A5C2BYC4,A0A5C2BYC4,test,cystine,Tri,False,0.003,0.0017,-0.0013,0.0096,0.0096,0.9922,True
Francisella_A0A5C2BYC4,A0A5C2BYC4,test,dopamine,Di,False,0.139,0.0567,-0.0823,0.1192,0.0679,0.9922,True
Francisella_A0A5C2BYC4,A0A5C2BYC4,test,dopamine,Mono,False,0.0101,0.0058,-0.0043,0.0179,0.0157,0.9922,True
Francisella_A0A5C2BYC4,A0A5C2BYC4,test,dopamine,Tri,True,0.9229,0.8683,-0.0546,0.7921,0.7547,0.9922,True
Francisella_A0A5C2BYC4,A0A5C2BYC4,test,gaba,Di,True,0.9907,0.975,-0.0157,0.8873,0.8333,0.9922,True
Francisella_A0A5C2BYC4,A0A5C2BYC4,test,gaba,Mono,True,0.963,0.9207,-0.0423,0.8249,0.7921,0.9922,True
Francisella_A0A5C2BYC4,A0A5C2BYC4,test,gaba,Tri,True,0.9951,0.9877,-0.0074,0.8962,0.8343,0.9922,True
Francisella_A0A5C2BYC4,A0A5C2BYC4,test,glutamine,Di,False,0.0059,0.0028,-0.0031,0.0157,0.0096,0.9922,True
Francisella_A0A5C2BYC4,A0A5C2BYC4,test,glutamine,Mono,False,0.0027,0.0019,-0.0008,0.0096,0.0096,0.9922,True
Francisella_A0A5C2BYC4,A0A5C2BYC4,test,glutamine,Tri,False,0.0071,0.0056,-0.0015,0.0157,0.0157,0.9922,True
Francisella_A0A5C2BYC4,A0A5C2BYC4,test,glyglycine,Di,False,0.0065,0.0052,-0.0013,0.0157,0.0157,0.9922,True
Francisella_A0A5C2BYC4,A0A5C2BYC4,test,glyglycine,Mono,False,0.001,0.0012,0.0002,0.0096,0.0096,0.9922,True
Francisella_A0A5C2BYC4,A0A5C2BYC4,test,glyglycine,Tri,False,0.0242,0.0391,0.0149,0.0264,0.046,0.9922,True
Francisella_A0A5C2BYC4,A0A5C2BYC4,test,histidine,Di,False,0.0007,0.0005,-0.0002,0.0069,0.0069,0.9922,True
Francisella_A0A5C2BYC4,A0A5C2BYC4,test,histidine,Mono,False,0.0002,0.0002,0.0,0.0069,0.0069,0.9922,True
Francisella_A0A5C2BYC4,A0A5C2BYC4,test,histidine,Tri,False,0.0029,0.003,1e-04,0.0096,0.0096,0.9922,True
Francisella_A0A5C2BYC4,A0A5C2BYC4,test,lysine,Di,False,0.0277,0.0235,-0.0042,0.0264,0.0264,0.9922,True
Francisella_A0A5C2BYC4,A0A5C2BYC4,test,lysine,Mono,False,0.0032,0.0035,0.0003,0.0096,0.0096,0.9922,True
Francisella_A0A5C2BYC4,A0A5C2BYC4,test,lysine,Tri,False,0.0052,0.0056,0.0004,0.0157,0.0157,0.9922,True
Francisella_A0A5C2BYC4,A0A5C2BYC4,test,methionine,Di,False,0.005,0.0027,-0.0023,0.0151,0.0096,0.9922,True
Francisella_A0A5C2BYC4,A0A5C2BYC4,test,methionine,Mono,False,0.001,0.0009,-1e-04,0.0096,0.0069,0.9922,True
Francisella_A0A5C2BYC4,A0A5C2BYC4,test,methionine,Tri,False,0.0072,0.0071,-1e-04,0.0157,0.0157,0.9922,True
Francisella_A0A5C2BYC4,A0A5C2BYC4,test,ornithine,Di,False,0.0062,0.0031,-0.0031,0.0157,0.0096,0.9922,True
Francisella_A0A5C2BYC4,A0A5C2BYC4,test,ornithine,Mono,False,0.0011,0.0007,-0.0004,0.0096,0.0069,0.9922,True
Francisella_A0A5C2BYC4,A0A5C2BYC4,test,ornithine,Tri,False,0.003,0.0023,-0.0007,0.0096,0.0096,0.9922,True
Francisella_A0A5C2BYC4,A0A5C2BYC4,test,phenylalanine,Di,True,0.9616,0.9195,-0.0421,0.7921,0.7921,0.9922,True
Francisella_A0A5C2BYC4,A0A5C2BYC4,test,phenylalanine,Mono,False,0.0449,0.0457,0.0008,0.0679,0.0679,0.9922,True
Francisella_A0A5C2BYC4,A0A5C2BYC4,test,phenylalanine,Tri,True,0.9796,0.9692,-0.0104,0.8343,0.8273,0.9922,True
Francisella_A0A5C2BYC4,A0A5C2BYC4,test,proline,Di,False,0.0008,0.0005,-0.0003,0.0069,0.0069,0.9922,True
Francisella_A0A5C2BYC4,A0A5C2BYC4,test,proline,Mono,False,0.0002,0.0002,0.0,0.0069,0.0069,0.9922,True
Francisella_A0A5C2BYC4,A0A5C2BYC4,test,proline,Tri,False,0.0078,0.0073,-0.0005,0.0167,0.0167,0.9922,True
Francisella_A0A5C2BYC4,A0A5C2BYC4,test,putrescine,Di,False,0.0019,0.0014,-0.0005,0.0096,0.0096,0.9922,True
Francisella_A0A5C2BYC4,A0A5C2BYC4,test,putrescine,Mono,False,0.0003,0.0003,0.0,0.0069,0.0069,0.9922,True
Francisella_A0A5C2BYC4,A0A5C2BYC4,test,putrescine,Tri,False,0.0046,0.0041,-0.0005,0.0097,0.0096,0.9922,True
Francisella_A0A5C2BYC4,A0A5C2BYC4,test,serine,Di,False,0.0501,0.037,-0.0131,0.0679,0.046,0.9922,True
Francisella_A0A5C2BYC4,A0A5C2BYC4,test,serine,Mono,False,0.0245,0.0268,0.0023,0.0264,0.0264,0.9922,True
Francisella_A0A5C2BYC4,A0A5C2BYC4,test,serine,Tri,False,0.0131,0.0146,0.0015,0.0264,0.0264,0.9922,True
Francisella_A0A5C2BYC4,A0A5C2BYC4,test,serotonin,Di,False,0.0006,0.0003,-0.0003,0.0069,0.0069,0.9922,True
Francisella_A0A5C2BYC4,A0A5C2BYC4,test,serotonin,Mono,False,0.0029,0.0015,-0.0014,0.0096,0.0096,0.9922,True
Francisella_A0A5C2BYC4,A0A5C2BYC4,test,serotonin,Tri,False,0.0013,0.0011,-0.0002,0.0096,0.0096,0.9922,True
Francisella_A0A5C2BYC4,A0A5C2BYC4,test,threonine,Di,False,0.0032,0.0027,-0.0005,0.0096,0.0096,0.9922,True
Francisella_A0A5C2BYC4,A0A5C2BYC4,test,threonine,Mono,False,0.0042,0.0053,0.0011,0.0096,0.0157,0.9922,True
Francisella_A0A5C2BYC4,A0A5C2BYC4,test,threonine,Tri,False,0.0004,0.0006,0.0002,0.0069,0.0069,0.9922,True
Francisella_A0A5C2BYC4,A0A5C2BYC4,test,tryptamine,Di,False,0.0005,0.0003,-0.0002,0.0069,0.0069,0.9922,True
Francisella_A0A5C2BYC4,A0A5C2BYC4,test,tryptamine,Mono,False,0.0,0.0,0.0,0.0,0.0,0.9922,True
Francisella_A0A5C2BYC4,A0A5C2BYC4,test,tryptamine,Tri,False,0.0012,0.0011,-1e-04,0.0096,0.0096,0.9922,True
Francisella_A0A5C2BYC4,A0A5C2BYC4,test,tyramine,Di,False,0.0073,0.004,-0.0033,0.0167,0.0096,0.9922,True
Francisella_A0A5C2BYC4,A0A5C2BYC4,test,tyramine,Mono,False,0.0468,0.0296,-0.0172,0.0679,0.0264,0.9922,True
Francisella_A0A5C2BYC4,A0A5C2BYC4,test,tyramine,Tri,False,0.0159,0.0135,-0.0024,0.0264,0.0264,0.9922,True
Francisella_A0A5C2C0X5,A0A5C2C0X5,dev,"2,3_diaminopropionic acid",Di,False,0.0228,0.0138,-0.009,0.0264,0.0264,0.9939,True
Francisella_A0A5C2C0X5,A0A5C2C0X5,dev,"2,3_diaminopropionic acid",Mono,False,0.004,0.0025,-0.0015,0.0096,0.0096,0.9939,True
Francisella_A0A5C2C0X5,A0A5C2C0X5,dev,"2,3_diaminopropionic acid",Tri,False,0.3076,0.2955,-0.0121,0.22,0.1867,0.9939,True
Francisella_A0A5C2C0X5,A0A5C2C0X5,dev,2_aminophenol,Di,False,0.2316,0.214,-0.0176,0.1466,0.1317,0.9939,True
Francisella_A0A5C2C0X5,A0A5C2C0X5,dev,2_aminophenol,Mono,False,0.0095,0.0085,-0.001,0.0179,0.0167,0.9939,True
Francisella_A0A5C2C0X5,A0A5C2C0X5,dev,2_aminophenol,Tri,False,0.368,0.4017,0.0337,0.2642,0.2642,0.9939,True
Francisella_A0A5C2C0X5,A0A5C2C0X5,dev,3_methoxytyramine,Di,False,0.042,0.0111,-0.0309,0.0526,0.0264,0.9939,True
Francisella_A0A5C2C0X5,A0A5C2C0X5,dev,3_methoxytyramine,Mono,False,0.0013,0.0006,-0.0007,0.0096,0.0069,0.9939,True
Francisella_A0A5C2C0X5,A0A5C2C0X5,dev,3_methoxytyramine,Tri,False,0.0419,0.0236,-0.0183,0.0526,0.0264,0.9939,True
Francisella_A0A5C2C0X5,A0A5C2C0X5,dev,alanine,Di,True,0.9061,0.9035,-0.0026,0.7921,0.7921,0.9939,True
Francisella_A0A5C2C0X5,A0A5C2C0X5,dev,alanine,Mono,False,0.3783,0.4572,0.0789,0.2642,0.37,0.9939,True
Francisella_A0A5C2C0X5,A0A5C2C0X5,dev,alanine,Tri,False,0.0686,0.1434,0.0748,0.0679,0.1192,0.9939,True
Francisella_A0A5C2C0X5,A0A5C2C0X5,dev,arginine,Di,False,0.0003,0.0002,-1e-04,0.0069,0.0069,0.9939,True
Francisella_A0A5C2C0X5,A0A5C2C0X5,dev,arginine,Mono,False,1e-04,1e-04,0.0,0.0058,0.0058,0.9939,True
Francisella_A0A5C2C0X5,A0A5C2C0X5,dev,arginine,Tri,False,0.0009,0.0012,0.0003,0.0069,0.0096,0.9939,True
Francisella_A0A5C2C0X5,A0A5C2C0X5,dev,asparagine,Di,False,0.0454,0.0249,-0.0205,0.0679,0.0264,0.9939,True
Francisella_A0A5C2C0X5,A0A5C2C0X5,dev,asparagine,Mono,False,0.0136,0.0076,-0.006,0.0264,0.0167,0.9939,True
Francisella_A0A5C2C0X5,A0A5C2C0X5,dev,asparagine,Tri,True,0.9526,0.9358,-0.0168,0.7921,0.7921,0.9939,True
Francisella_A0A5C2C0X5,A0A5C2C0X5,dev,cadaverine,Di,False,0.0017,0.0013,-0.0004,0.0096,0.0096,0.9939,True
Francisella_A0A5C2C0X5,A0A5C2C0X5,dev,cadaverine,Mono,False,0.0003,0.0002,-1e-04,0.0069,0.0069,0.9939,True
Francisella_A0A5C2C0X5,A0A5C2C0X5,dev,cadaverine,Tri,False,0.0038,0.0034,-0.0004,0.0096,0.0096,0.9939,True
Francisella_A0A5C2C0X5,A0A5C2C0X5,dev,citrulline,Di,False,0.002,0.0015,-0.0005,0.0096,0.0096,0.9939,True
Francisella_A0A5C2C0X5,A0A5C2C0X5,dev,citrulline,Mono,False,0.0004,0.0003,-1e-04,0.0069,0.0069,0.9939,True
Francisella_A0A5C2C0X5,A0A5C2C0X5,dev,citrulline,Tri,False,0.0011,0.0013,0.0002,0.0096,0.0096,0.9939,True
Francisella_A0A5C2C0X5,A0A5C2C0X5,dev,cystine,Di,False,0.0018,0.0012,-0.0006,0.0096,0.0096,0.9939,True
Francisella_A0A5C2C0X5,A0A5C2C0X5,dev,cystine,Mono,False,0.0002,1e-04,-1e-04,0.0069,0.0063,0.9939,True
Francisella_A0A5C2C0X5,A0A5C2C0X5,dev,cystine,Tri,False,0.0025,0.0025,0.0,0.0096,0.0096,0.9939,True
Francisella_A0A5C2C0X5,A0A5C2C0X5,dev,dopamine,Di,False,0.1395,0.0609,-0.0786,0.1192,0.0679,0.9939,True
Francisella_A0A5C2C0X5,A0A5C2C0X5,dev,dopamine,Mono,False,0.0146,0.0067,-0.0079,0.0264,0.0157,0.9939,True
Francisella_A0A5C2C0X5,A0A5C2C0X5,dev,dopamine,Tri,True,0.9084,0.8437,-0.0647,0.7921,0.7547,0.9939,True
Francisella_A0A5C2C0X5,A0A5C2C0X5,dev,gaba,Di,True,0.9897,0.9758,-0.0139,0.8873,0.8333,0.9939,True
Francisella_A0A5C2C0X5,A0A5C2C0X5,dev,gaba,Mono,True,0.9604,0.9089,-0.0515,0.7921,0.7921,0.9939,True
Francisella_A0A5C2C0X5,A0A5C2C0X5,dev,gaba,Tri,True,0.994,0.9868,-0.0072,0.8962,0.8343,0.9939,True
Francisella_A0A5C2C0X5,A0A5C2C0X5,dev,glutamine,Di,False,0.0046,0.0032,-0.0014,0.0097,0.0096,0.9939,True
Francisella_A0A5C2C0X5,A0A5C2C0X5,dev,glutamine,Mono,False,0.003,0.0025,-0.0005,0.0096,0.0096,0.9939,True
Francisella_A0A5C2C0X5,A0A5C2C0X5,dev,glutamine,Tri,False,0.0072,0.0074,0.0002,0.0157,0.0167,0.9939,True
Francisella_A0A5C2C0X5,A0A5C2C0X5,dev,glyglycine,Di,False,0.0055,0.0069,0.0014,0.0157,0.0157,0.9939,True
Francisella_A0A5C2C0X5,A0A5C2C0X5,dev,glyglycine,Mono,False,0.001,0.0016,0.0006,0.0069,0.0096,0.9939,True
Francisella_A0A5C2C0X5,A0A5C2C0X5,dev,glyglycine,Tri,False,0.02,0.0513,0.0313,0.0264,0.0679,0.9939,True
Francisella_A0A5C2C0X5,A0A5C2C0X5,dev,histidine,Di,False,0.0006,0.0006,0.0,0.0069,0.0069,0.9939,True
Francisella_A0A5C2C0X5,A0A5C2C0X5,dev,histidine,Mono,False,0.0003,0.0003,0.0,0.0069,0.0069,0.9939,True
Francisella_A0A5C2C0X5,A0A5C2C0X5,dev,histidine,Tri,False,0.0022,0.0031,0.0009,0.0096,0.0096,0.9939,True
Francisella_A0A5C2C0X5,A0A5C2C0X5,dev,lysine,Di,False,0.0305,0.021,-0.0095,0.0264,0.0264,0.9939,True
Francisella_A0A5C2C0X5,A0A5C2C0X5,dev,lysine,Mono,False,0.0037,0.002,-0.0017,0.0096,0.0096,0.9939,True
Francisella_A0A5C2C0X5,A0A5C2C0X5,dev,lysine,Tri,False,0.0053,0.0039,-0.0014,0.0157,0.0096,0.9939,True
Francisella_A0A5C2C0X5,A0A5C2C0X5,dev,methionine,Di,False,0.0044,0.004,-0.0004,0.0096,0.0096,0.9939,True
Francisella_A0A5C2C0X5,A0A5C2C0X5,dev,methionine,Mono,False,0.0013,0.0014,1e-04,0.0096,0.0096,0.9939,True
Francisella_A0A5C2C0X5,A0A5C2C0X5,dev,methionine,Tri,False,0.0072,0.0089,0.0017,0.0157,0.0179,0.9939,True
Francisella_A0A5C2C0X5,A0A5C2C0X5,dev,ornithine,Di,False,0.0088,0.0036,-0.0052,0.0179,0.0096,0.9939,True
Francisella_A0A5C2C0X5,A0A5C2C0X5,dev,ornithine,Mono,False,0.0017,0.0007,-0.001,0.0096,0.0069,0.9939,True
Francisella_A0A5C2C0X5,A0A5C2C0X5,dev,ornithine,Tri,False,0.0045,0.0025,-0.002,0.0096,0.0096,0.9939,True
Francisella_A0A5C2C0X5,A0A5C2C0X5,dev,phenylalanine,Di,True,0.9544,0.9176,-0.0368,0.7921,0.7921,0.9939,True
Francisella_A0A5C2C0X5,A0A5C2C0X5,dev,phenylalanine,Mono,False,0.0619,0.0493,-0.0126,0.0679,0.0679,0.9939,True
Francisella_A0A5C2C0X5,A0A5C2C0X5,dev,phenylalanine,Tri,True,0.9744,0.9642,-0.0102,0.8273,0.8273,0.9939,True
Francisella_A0A5C2C0X5,A0A5C2C0X5,dev,proline,Di,False,0.0004,0.0004,0.0,0.0069,0.0069,0.9939,True
Francisella_A0A5C2C0X5,A0A5C2C0X5,dev,proline,Mono,False,1e-04,1e-04,0.0,0.0058,0.0058,0.9939,True
Francisella_A0A5C2C0X5,A0A5C2C0X5,dev,proline,Tri,False,0.0038,0.0054,0.0016,0.0096,0.0157,0.9939,True
Francisella_A0A5C2C0X5,A0A5C2C0X5,dev,putrescine,Di,False,0.0021,0.0015,-0.0006,0.0096,0.0096,0.9939,True
Francisella_A0A5C2C0X5,A0A5C2C0X5,dev,putrescine,Mono,False,0.0003,0.0002,-1e-04,0.0069,0.0069,0.9939,True
Francisella_A0A5C2C0X5,A0A5C2C0X5,dev,putrescine,Tri,False,0.0046,0.004,-0.0006,0.0097,0.0096,0.9939,True
Francisella_A0A5C2C0X5,A0A5C2C0X5,dev,serine,Di,False,0.0392,0.0453,0.0061,0.046,0.0679,0.9939,True
Francisella_A0A5C2C0X5,A0A5C2C0X5,dev,serine,Mono,False,0.0228,0.025,0.0022,0.0264,0.0264,0.9939,True
Francisella_A0A5C2C0X5,A0A5C2C0X5,dev,serine,Tri,False,0.0114,0.016,0.0046,0.0264,0.0264,0.9939,True
Francisella_A0A5C2C0X5,A0A5C2C0X5,dev,serotonin,Di,False,0.0006,0.0003,-0.0003,0.0069,0.0069,0.9939,True
Francisella_A0A5C2C0X5,A0A5C2C0X5,dev,serotonin,Mono,False,0.0034,0.0017,-0.0017,0.0096,0.0096,0.9939,True
Francisella_A0A5C2C0X5,A0A5C2C0X5,dev,serotonin,Tri,False,0.0011,0.0009,-0.0002,0.0096,0.0069,0.9939,True
Francisella_A0A5C2C0X5,A0A5C2C0X5,dev,threonine,Di,False,0.0023,0.0036,0.0013,0.0096,0.0096,0.9939,True
Francisella_A0A5C2C0X5,A0A5C2C0X5,dev,threonine,Mono,False,0.0037,0.0064,0.0027,0.0096,0.0157,0.9939,True
Francisella_A0A5C2C0X5,A0A5C2C0X5,dev,threonine,Tri,False,0.0004,0.0008,0.0004,0.0069,0.0069,0.9939,True
Francisella_A0A5C2C0X5,A0A5C2C0X5,dev,tryptamine,Di,False,0.0005,0.0003,-0.0002,0.0069,0.0069,0.9939,True
Francisella_A0A5C2C0X5,A0A5C2C0X5,dev,tryptamine,Mono,False,0.0,0.0,0.0,0.0,0.0,0.9939,True
Francisella_A0A5C2C0X5,A0A5C2C0X5,dev,tryptamine,Tri,False,0.001,0.0008,-0.0002,0.0096,0.0069,0.9939,True
Francisella_A0A5C2C0X5,A0A5C2C0X5,dev,tyramine,Di,False,0.0069,0.0033,-0.0036,0.0157,0.0096,0.9939,True
Francisella_A0A5C2C0X5,A0A5C2C0X5,dev,tyramine,Mono,False,0.0613,0.0333,-0.028,0.0679,0.0264,0.9939,True
Francisella_A0A5C2C0X5,A0A5C2C0X5,dev,tyramine,Tri,False,0.015,0.0099,-0.0051,0.0264,0.0179,0.9939,True
Francisella_A0A5C2C1U8,A0A5C2C1U8,dev,"2,3_diaminopropionic acid",Di,False,0.0061,0.0044,-0.0017,0.0157,0.0096,0.9908,True
Francisella_A0A5C2C1U8,A0A5C2C1U8,dev,"2,3_diaminopropionic acid",Mono,False,0.0008,0.001,0.0002,0.0069,0.0069,0.9908,True
Francisella_A0A5C2C1U8,A0A5C2C1U8,dev,"2,3_diaminopropionic acid",Tri,False,0.0926,0.0871,-0.0055,0.0758,0.0758,0.9908,True
Francisella_A0A5C2C1U8,A0A5C2C1U8,dev,2_aminophenol,Di,False,0.0829,0.0956,0.0127,0.0741,0.0758,0.9908,True
Francisella_A0A5C2C1U8,A0A5C2C1U8,dev,2_aminophenol,Mono,False,0.0033,0.0051,0.0018,0.0096,0.0157,0.9908,True
Francisella_A0A5C2C1U8,A0A5C2C1U8,dev,2_aminophenol,Tri,False,0.2014,0.2584,0.057,0.1317,0.1466,0.9908,True
Francisella_A0A5C2C1U8,A0A5C2C1U8,dev,3_methoxytyramine,Di,False,0.0141,0.0049,-0.0092,0.0264,0.0097,0.9908,True
Francisella_A0A5C2C1U8,A0A5C2C1U8,dev,3_methoxytyramine,Mono,False,0.0005,0.0003,-0.0002,0.0069,0.0069,0.9908,True
Francisella_A0A5C2C1U8,A0A5C2C1U8,dev,3_methoxytyramine,Tri,False,0.0258,0.0137,-0.0121,0.0264,0.0264,0.9908,True
Francisella_A0A5C2C1U8,A0A5C2C1U8,dev,alanine,Di,True,0.9058,0.8972,-0.0086,0.7921,0.7567,0.9908,True
Francisella_A0A5C2C1U8,A0A5C2C1U8,dev,alanine,Mono,False,0.3968,0.5588,0.162,0.2642,0.4048,0.9908,True
Francisella_A0A5C2C1U8,A0A5C2C1U8,dev,alanine,Tri,False,0.048,0.0678,0.0198,0.0679,0.0679,0.9908,True
Francisella_A0A5C2C1U8,A0A5C2C1U8,dev,arginine,Di,False,1e-04,1e-04,0.0,0.0058,0.0058,0.9908,True
Francisella_A0A5C2C1U8,A0A5C2C1U8,dev,arginine,Mono,False,0.0,0.0,0.0,0.0,0.0,0.9908,True
Francisella_A0A5C2C1U8,A0A5C2C1U8,dev,arginine,Tri,False,0.0003,0.0003,0.0,0.0069,0.0069,0.9908,True
Francisella_A0A5C2C1U8,A0A5C2C1U8,dev,asparagine,Di,False,0.033,0.0177,-0.0153,0.0264,0.0264,0.9908,True
Francisella_A0A5C2C1U8,A0A5C2C1U8,dev,asparagine,Mono,False,0.0074,0.0052,-0.0022,0.0167,0.0157,0.9908,True
Francisella_A0A5C2C1U8,A0A5C2C1U8,dev,asparagine,Tri,True,0.9424,0.8888,-0.0536,0.7921,0.7547,0.9908,True
Francisella_A0A5C2C1U8,A0A5C2C1U8,dev,cadaverine,Di,False,0.0008,0.0008,0.0,0.0069,0.0069,0.9908,True
Francisella_A0A5C2C1U8,A0A5C2C1U8,dev,cadaverine,Mono,False,1e-04,1e-04,0.0,0.0058,0.0062,0.9908,True
Francisella_A0A5C2C1U8,A0A5C2C1U8,dev,cadaverine,Tri,False,0.0024,0.0023,-1e-04,0.0096,0.0096,0.9908,True
Francisella_A0A5C2C1U8,A0A5C2C1U8,dev,citrulline,Di,False,0.0012,0.0011,-1e-04,0.0096,0.0096,0.9908,True
Francisella_A0A5C2C1U8,A0A5C2C1U8,dev,citrulline,Mono,False,0.0002,0.0002,0.0,0.0069,0.0069,0.9908,True
Francisella_A0A5C2C1U8,A0A5C2C1U8,dev,citrulline,Tri,False,0.0008,0.0008,0.0,0.0069,0.0069,0.9908,True
Francisella_A0A5C2C1U8,A0A5C2C1U8,dev,cystine,Di,False,0.0006,0.0005,-1e-04,0.0069,0.0069,0.9908,True
Francisella_A0A5C2C1U8,A0A5C2C1U8,dev,cystine,Mono,False,1e-04,1e-04,0.0,0.0058,0.0058,0.9908,True
Francisella_A0A5C2C1U8,A0A5C2C1U8,dev,cystine,Tri,False,0.0012,0.0012,0.0,0.0096,0.0096,0.9908,True
Francisella_A0A5C2C1U8,A0A5C2C1U8,dev,dopamine,Di,False,0.0976,0.0463,-0.0513,0.0758,0.0679,0.9908,True
Francisella_A0A5C2C1U8,A0A5C2C1U8,dev,dopamine,Mono,False,0.0085,0.0054,-0.0031,0.0167,0.0157,0.9908,True
Francisella_A0A5C2C1U8,A0A5C2C1U8,dev,dopamine,Tri,True,0.9174,0.8291,-0.0883,0.7921,0.7547,0.9908,True
Francisella_A0A5C2C1U8,A0A5C2C1U8,dev,gaba,Di,True,0.9502,0.9516,0.0014,0.7921,0.7921,0.9908,True
Francisella_A0A5C2C1U8,A0A5C2C1U8,dev,gaba,Mono,False,0.7571,0.8106,0.0535,0.7234,0.7547,0.9908,True
Francisella_A0A5C2C1U8,A0A5C2C1U8,dev,gaba,Tri,True,0.973,0.9707,-0.0023,0.8273,0.8273,0.9908,True
Francisella_A0A5C2C1U8,A0A5C2C1U8,dev,glutamine,Di,False,0.0022,0.0013,-0.0009,0.0096,0.0096,0.9908,True
Francisella_A0A5C2C1U8,A0A5C2C1U8,dev,glutamine,Mono,False,0.0009,0.0007,-0.0002,0.0069,0.0069,0.9908,True
Francisella_A0A5C2C1U8,A0A5C2C1U8,dev,glutamine,Tri,False,0.0037,0.0024,-0.0013,0.0096,0.0096,0.9908,True
Francisella_A0A5C2C1U8,A0A5C2C1U8,dev,glyglycine,Di,False,0.0034,0.0033,-1e-04,0.0096,0.0096,0.9908,True
Francisella_A0A5C2C1U8,A0A5C2C1U8,dev,glyglycine,Mono,False,0.0006,0.0008,0.0002,0.0069,0.0069,0.9908,True
Francisella_A0A5C2C1U8,A0A5C2C1U8,dev,glyglycine,Tri,False,0.0158,0.0257,0.0099,0.0264,0.0264,0.9908,True
Francisella_A0A5C2C1U8,A0A5C2C1U8,dev,histidine,Di,False,0.0005,0.0004,-1e-04,0.0069,0.0069,0.9908,True
Francisella_A0A5C2C1U8,A0A5C2C1U8,dev,histidine,Mono,False,1e-04,0.0002,1e-04,0.0058,0.0069,0.9908,True
Francisella_A0A5C2C1U8,A0A5C2C1U8,dev,histidine,Tri,False,0.0025,0.0027,0.0002,0.0096,0.0096,0.9908,True
Francisella_A0A5C2C1U8,A0A5C2C1U8,dev,lysine,Di,False,0.0217,0.0322,0.0105,0.0264,0.0264,0.9908,True
Francisella_A0A5C2C1U8,A0A5C2C1U8,dev,lysine,Mono,False,0.0013,0.0018,0.0005,0.0096,0.0096,0.9908,True
Francisella_A0A5C2C1U8,A0A5C2C1U8,dev,lysine,Tri,False,0.0026,0.0024,-0.0002,0.0096,0.0096,0.9908,True
Francisella_A0A5C2C1U8,A0A5C2C1U8,dev,methionine,Di,False,0.0018,0.0017,-1e-04,0.0096,0.0096,0.9908,True
Francisella_A0A5C2C1U8,A0A5C2C1U8,dev,methionine,Mono,False,0.0004,0.0006,0.0002,0.0069,0.0069,0.9908,True
Francisella_A0A5C2C1U8,A0A5C2C1U8,dev,methionine,Tri,False,0.0033,0.004,0.0007,0.0096,0.0096,0.9908,True
Francisella_A0A5C2C1U8,A0A5C2C1U8,dev,ornithine,Di,False,0.0029,0.0013,-0.0016,0.0096,0.0096,0.9908,True
Francisella_A0A5C2C1U8,A0A5C2C1U8,dev,ornithine,Mono,False,0.0004,0.0002,-0.0002,0.0069,0.0069,0.9908,True
Francisella_A0A5C2C1U8,A0A5C2C1U8,dev,ornithine,Tri,False,0.0016,0.0007,-0.0009,0.0096,0.0069,0.9908,True
Francisella_A0A5C2C1U8,A0A5C2C1U8,dev,phenylalanine,Di,True,0.9495,0.8844,-0.0651,0.7921,0.7547,0.9908,True
Francisella_A0A5C2C1U8,A0A5C2C1U8,dev,phenylalanine,Mono,False,0.0466,0.0324,-0.0142,0.0679,0.0264,0.9908,True
Francisella_A0A5C2C1U8,A0A5C2C1U8,dev,phenylalanine,Tri,True,0.9751,0.9508,-0.0243,0.8333,0.7921,0.9908,True
Francisella_A0A5C2C1U8,A0A5C2C1U8,dev,proline,Di,False,0.0004,0.0003,-1e-04,0.0069,0.0069,0.9908,True
Francisella_A0A5C2C1U8,A0A5C2C1U8,dev,proline,Mono,False,1e-04,1e-04,0.0,0.0058,0.0058,0.9908,True
Francisella_A0A5C2C1U8,A0A5C2C1U8,dev,proline,Tri,False,0.0043,0.0039,-0.0004,0.0096,0.0096,0.9908,True
Francisella_A0A5C2C1U8,A0A5C2C1U8,dev,putrescine,Di,False,0.001,0.0009,-1e-04,0.0096,0.0069,0.9908,True
Francisella_A0A5C2C1U8,A0A5C2C1U8,dev,putrescine,Mono,False,1e-04,0.0002,1e-04,0.0058,0.0069,0.9908,True
Francisella_A0A5C2C1U8,A0A5C2C1U8,dev,putrescine,Tri,False,0.0031,0.0026,-0.0005,0.0096,0.0096,0.9908,True
Francisella_A0A5C2C1U8,A0A5C2C1U8,dev,serine,Di,False,0.0318,0.0315,-0.0003,0.0264,0.0264,0.9908,True
Francisella_A0A5C2C1U8,A0A5C2C1U8,dev,serine,Mono,False,0.0211,0.0268,0.0057,0.0264,0.0264,0.9908,True
Francisella_A0A5C2C1U8,A0A5C2C1U8,dev,serine,Tri,False,0.0082,0.0082,0.0,0.0167,0.0167,0.9908,True
Francisella_A0A5C2C1U8,A0A5C2C1U8,dev,serotonin,Di,False,0.0005,0.0003,-0.0002,0.0069,0.0069,0.9908,True
Francisella_A0A5C2C1U8,A0A5C2C1U8,dev,serotonin,Mono,False,0.0018,0.0014,-0.0004,0.0096,0.0096,0.9908,True
Francisella_A0A5C2C1U8,A0A5C2C1U8,dev,serotonin,Tri,False,0.0011,0.0008,-0.0003,0.0096,0.0069,0.9908,True
Francisella_A0A5C2C1U8,A0A5C2C1U8,dev,threonine,Di,False,0.0011,0.0011,0.0,0.0096,0.0096,0.9908,True
Francisella_A0A5C2C1U8,A0A5C2C1U8,dev,threonine,Mono,False,0.0023,0.003,0.0007,0.0096,0.0096,0.9908,True
Francisella_A0A5C2C1U8,A0A5C2C1U8,dev,threonine,Tri,False,0.0002,0.0002,0.0,0.0069,0.0069,0.9908,True
Francisella_A0A5C2C1U8,A0A5C2C1U8,dev,tryptamine,Di,False,0.0003,0.0002,-1e-04,0.0069,0.0069,0.9908,True
Francisella_A0A5C2C1U8,A0A5C2C1U8,dev,tryptamine,Mono,False,0.0,0.0,0.0,0.0,0.0,0.9908,True
Francisella_A0A5C2C1U8,A0A5C2C1U8,dev,tryptamine,Tri,False,0.0009,0.0007,-0.0002,0.0069,0.0069,0.9908,True
Francisella_A0A5C2C1U8,A0A5C2C1U8,dev,tyramine,Di,False,0.0051,0.0034,-0.0017,0.0157,0.0096,0.9908,True
Francisella_A0A5C2C1U8,A0A5C2C1U8,dev,tyramine,Mono,False,0.0444,0.0361,-0.0083,0.0679,0.046,0.9908,True
Francisella_A0A5C2C1U8,A0A5C2C1U8,dev,tyramine,Tri,False,0.012,0.0093,-0.0027,0.0264,0.0179,0.9908,True
Halodesulfovibrio_A0A1N6ECR1,A0A1N6ECR1,,"2,3_diaminopropionic acid",Di,,0.0021,0.0012,-0.0009,0.0096,0.0096,0.957,True
Halodesulfovibrio_A0A1N6ECR1,A0A1N6ECR1,,"2,3_diaminopropionic acid",Mono,,0.0005,0.0003,-0.0002,0.0069,0.0069,0.957,True
Halodesulfovibrio_A0A1N6ECR1,A0A1N6ECR1,,"2,3_diaminopropionic acid",Tri,,0.0368,0.0293,-0.0075,0.046,0.0264,0.957,True
Halodesulfovibrio_A0A1N6ECR1,A0A1N6ECR1,,2_aminophenol,Di,,0.0347,0.0227,-0.012,0.046,0.0264,0.957,True
Halodesulfovibrio_A0A1N6ECR1,A0A1N6ECR1,,2_aminophenol,Mono,,0.002,0.0012,-0.0008,0.0096,0.0096,0.957,True
Halodesulfovibrio_A0A1N6ECR1,A0A1N6ECR1,,2_aminophenol,Tri,,0.0779,0.0681,-0.0098,0.0679,0.0679,0.957,True
Halodesulfovibrio_A0A1N6ECR1,A0A1N6ECR1,,3_methoxytyramine,Di,,0.0078,0.0013,-0.0065,0.0167,0.0096,0.957,True
Halodesulfovibrio_A0A1N6ECR1,A0A1N6ECR1,,3_methoxytyramine,Mono,,0.0003,1e-04,-0.0002,0.0069,0.0058,0.957,True
Halodesulfovibrio_A0A1N6ECR1,A0A1N6ECR1,,3_methoxytyramine,Tri,,0.0083,0.0029,-0.0054,0.0167,0.0096,0.957,True
Halodesulfovibrio_A0A1N6ECR1,A0A1N6ECR1,,alanine,Di,,0.6091,0.4761,-0.133,0.566,0.37,0.957,True
Halodesulfovibrio_A0A1N6ECR1,A0A1N6ECR1,,alanine,Mono,,0.2009,0.1327,-0.0682,0.1317,0.1192,0.957,True
Halodesulfovibrio_A0A1N6ECR1,A0A1N6ECR1,,alanine,Tri,,0.0269,0.0254,-0.0015,0.0264,0.0264,0.957,True
Halodesulfovibrio_A0A1N6ECR1,A0A1N6ECR1,,arginine,Di,,1e-04,0.0,-1e-04,0.0058,0.0,0.957,True
Halodesulfovibrio_A0A1N6ECR1,A0A1N6ECR1,,arginine,Mono,,0.0,0.0,0.0,0.0,0.0,0.957,True
Halodesulfovibrio_A0A1N6ECR1,A0A1N6ECR1,,arginine,Tri,,0.0002,1e-04,-1e-04,0.0069,0.0058,0.957,True
Halodesulfovibrio_A0A1N6ECR1,A0A1N6ECR1,,asparagine,Di,,0.0067,0.0039,-0.0028,0.0157,0.0096,0.957,True
Halodesulfovibrio_A0A1N6ECR1,A0A1N6ECR1,,asparagine,Mono,,0.0022,0.0013,-0.0009,0.0096,0.0096,0.957,True
Halodesulfovibrio_A0A1N6ECR1,A0A1N6ECR1,,asparagine,Tri,,0.6657,0.6103,-0.0554,0.5862,0.566,0.957,True
Halodesulfovibrio_A0A1N6ECR1,A0A1N6ECR1,,cadaverine,Di,,0.0004,0.0002,-0.0002,0.0069,0.0069,0.957,True
Halodesulfovibrio_A0A1N6ECR1,A0A1N6ECR1,,cadaverine,Mono,,1e-04,0.0,-1e-04,0.0058,0.0,0.957,True
Halodesulfovibrio_A0A1N6ECR1,A0A1N6ECR1,,cadaverine,Tri,,0.0011,0.0006,-0.0005,0.0096,0.0069,0.957,True
Halodesulfovibrio_A0A1N6ECR1,A0A1N6ECR1,,citrulline,Di,,0.0004,0.0003,-1e-04,0.0069,0.0069,0.957,True
Halodesulfovibrio_A0A1N6ECR1,A0A1N6ECR1,,citrulline,Mono,,1e-04,1e-04,0.0,0.0058,0.0058,0.957,True
Halodesulfovibrio_A0A1N6ECR1,A0A1N6ECR1,,citrulline,Tri,,0.0003,0.0003,0.0,0.0069,0.0069,0.957,True
Halodesulfovibrio_A0A1N6ECR1,A0A1N6ECR1,,cystine,Di,,0.0005,1e-04,-0.0004,0.0069,0.0058,0.957,True
Halodesulfovibrio_A0A1N6ECR1,A0A1N6ECR1,,cystine,Mono,,1e-04,0.0,-1e-04,0.0058,0.0,0.957,True
Halodesulfovibrio_A0A1N6ECR1,A0A1N6ECR1,,cystine,Tri,,0.0009,0.0004,-0.0005,0.0069,0.0069,0.957,True
Halodesulfovibrio_A0A1N6ECR1,A0A1N6ECR1,,dopamine,Di,,0.0248,0.006,-0.0188,0.0264,0.0157,0.957,True
Halodesulfovibrio_A0A1N6ECR1,A0A1N6ECR1,,dopamine,Mono,,0.0028,0.0007,-0.0021,0.0096,0.0069,0.957,True
Halodesulfovibrio_A0A1N6ECR1,A0A1N6ECR1,,dopamine,Tri,,0.6568,0.3552,-0.3016,0.5862,0.2642,0.957,True
Halodesulfovibrio_A0A1N6ECR1,A0A1N6ECR1,,gaba,Di,,0.5019,0.2772,-0.2247,0.4048,0.1867,0.957,True
Halodesulfovibrio_A0A1N6ECR1,A0A1N6ECR1,,gaba,Mono,,0.2783,0.0945,-0.1838,0.1867,0.0758,0.957,True
Halodesulfovibrio_A0A1N6ECR1,A0A1N6ECR1,,gaba,Tri,,0.6795,0.4333,-0.2462,0.5862,0.37,0.957,True
Halodesulfovibrio_A0A1N6ECR1,A0A1N6ECR1,,glutamine,Di,,0.0006,0.0003,-0.0003,0.0069,0.0069,0.957,True
Halodesulfovibrio_A0A1N6ECR1,A0A1N6ECR1,,glutamine,Mono,,0.0004,0.0002,-0.0002,0.0069,0.0069,0.957,True
Halodesulfovibrio_A0A1N6ECR1,A0A1N6ECR1,,glutamine,Tri,,0.001,0.0007,-0.0003,0.0069,0.0069,0.957,True
Halodesulfovibrio_A0A1N6ECR1,A0A1N6ECR1,,glyglycine,Di,,0.0009,0.0011,0.0002,0.0069,0.0096,0.957,True
Halodesulfovibrio_A0A1N6ECR1,A0A1N6ECR1,,glyglycine,Mono,,0.0003,0.0004,1e-04,0.0069,0.0069,0.957,True
Halodesulfovibrio_A0A1N6ECR1,A0A1N6ECR1,,glyglycine,Tri,,0.0046,0.0117,0.0071,0.0097,0.0264,0.957,True
Halodesulfovibrio_A0A1N6ECR1,A0A1N6ECR1,,histidine,Di,,0.0002,1e-04,-1e-04,0.0069,0.0058,0.957,True
Halodesulfovibrio_A0A1N6ECR1,A0A1N6ECR1,,histidine,Mono,,1e-04,0.0,-1e-04,0.0058,0.0012,0.957,True
Halodesulfovibrio_A0A1N6ECR1,A0A1N6ECR1,,histidine,Tri,,0.0009,0.0007,-0.0002,0.0069,0.0069,0.957,True
Halodesulfovibrio_A0A1N6ECR1,A0A1N6ECR1,,lysine,Di,,0.0055,0.0032,-0.0023,0.0157,0.0096,0.957,True
Halodesulfovibrio_A0A1N6ECR1,A0A1N6ECR1,,lysine,Mono,,0.0007,0.0003,-0.0004,0.0069,0.0069,0.957,True
Halodesulfovibrio_A0A1N6ECR1,A0A1N6ECR1,,lysine,Tri,,0.001,0.0005,-0.0005,0.0069,0.0069,0.957,True
Halodesulfovibrio_A0A1N6ECR1,A0A1N6ECR1,,methionine,Di,,0.0005,0.0004,-1e-04,0.0069,0.0069,0.957,True
Halodesulfovibrio_A0A1N6ECR1,A0A1N6ECR1,,methionine,Mono,,0.0002,1e-04,-1e-04,0.0069,0.0058,0.957,True
Halodesulfovibrio_A0A1N6ECR1,A0A1N6ECR1,,methionine,Tri,,0.001,0.001,0.0,0.0069,0.0096,0.957,True
Halodesulfovibrio_A0A1N6ECR1,A0A1N6ECR1,,ornithine,Di,,0.0006,0.0002,-0.0004,0.0069,0.0069,0.957,True
Halodesulfovibrio_A0A1N6ECR1,A0A1N6ECR1,,ornithine,Mono,,1e-04,0.0,-1e-04,0.0058,0.0,0.957,True
Halodesulfovibrio_A0A1N6ECR1,A0A1N6ECR1,,ornithine,Tri,,0.0004,0.0002,-0.0002,0.0069,0.0069,0.957,True
Halodesulfovibrio_A0A1N6ECR1,A0A1N6ECR1,,phenylalanine,Di,,0.4949,0.2548,-0.2401,0.4048,0.1466,0.957,True
Halodesulfovibrio_A0A1N6ECR1,A0A1N6ECR1,,phenylalanine,Mono,,0.0069,0.0036,-0.0033,0.0157,0.0096,0.957,True
Halodesulfovibrio_A0A1N6ECR1,A0A1N6ECR1,,phenylalanine,Tri,,0.7019,0.5224,-0.1795,0.6364,0.4048,0.957,True
Halodesulfovibrio_A0A1N6ECR1,A0A1N6ECR1,,proline,Di,,1e-04,1e-04,0.0,0.0058,0.0058,0.957,True
Halodesulfovibrio_A0A1N6ECR1,A0A1N6ECR1,,proline,Mono,,1e-04,0.0,-1e-04,0.0058,0.0,0.957,True
Halodesulfovibrio_A0A1N6ECR1,A0A1N6ECR1,,proline,Tri,,0.0014,0.0013,-1e-04,0.0096,0.0096,0.957,True
Halodesulfovibrio_A0A1N6ECR1,A0A1N6ECR1,,putrescine,Di,,0.0004,0.0002,-0.0002,0.0069,0.0069,0.957,True
Halodesulfovibrio_A0A1N6ECR1,A0A1N6ECR1,,putrescine,Mono,,1e-04,0.0,-1e-04,0.0058,0.0,0.957,True
Halodesulfovibrio_A0A1N6ECR1,A0A1N6ECR1,,putrescine,Tri,,0.0012,0.0007,-0.0005,0.0096,0.0069,0.957,True
Halodesulfovibrio_A0A1N6ECR1,A0A1N6ECR1,,serine,Di,,0.0076,0.007,-0.0006,0.0167,0.0157,0.957,True
Halodesulfovibrio_A0A1N6ECR1,A0A1N6ECR1,,serine,Mono,,0.0077,0.0095,0.0018,0.0167,0.0179,0.957,True
Halodesulfovibrio_A0A1N6ECR1,A0A1N6ECR1,,serine,Tri,,0.002,0.0019,-1e-04,0.0096,0.0096,0.957,True
Halodesulfovibrio_A0A1N6ECR1,A0A1N6ECR1,,serotonin,Di,,0.0002,1e-04,-1e-04,0.0069,0.0058,0.957,True
Halodesulfovibrio_A0A1N6ECR1,A0A1N6ECR1,,serotonin,Mono,,0.0007,0.0002,-0.0005,0.0069,0.0069,0.957,True
Halodesulfovibrio_A0A1N6ECR1,A0A1N6ECR1,,serotonin,Tri,,0.0004,0.0002,-0.0002,0.0069,0.0069,0.957,True
Halodesulfovibrio_A0A1N6ECR1,A0A1N6ECR1,,threonine,Di,,0.0005,0.0003,-0.0002,0.0069,0.0069,0.957,True
Halodesulfovibrio_A0A1N6ECR1,A0A1N6ECR1,,threonine,Mono,,0.001,0.0009,-1e-04,0.0069,0.0069,0.957,True
Halodesulfovibrio_A0A1N6ECR1,A0A1N6ECR1,,threonine,Tri,,1e-04,1e-04,0.0,0.0058,0.0058,0.957,True
Halodesulfovibrio_A0A1N6ECR1,A0A1N6ECR1,,tryptamine,Di,,1e-04,1e-04,0.0,0.0069,0.0058,0.957,True
Halodesulfovibrio_A0A1N6ECR1,A0A1N6ECR1,,tryptamine,Mono,,0.0,0.0,0.0,0.0,0.0,0.957,True
Halodesulfovibrio_A0A1N6ECR1,A0A1N6ECR1,,tryptamine,Tri,,0.0005,0.0002,-0.0003,0.0069,0.0069,0.957,True
Halodesulfovibrio_A0A1N6ECR1,A0A1N6ECR1,,tyramine,Di,,0.0016,0.0008,-0.0008,0.0096,0.0069,0.957,True
Halodesulfovibrio_A0A1N6ECR1,A0A1N6ECR1,,tyramine,Mono,,0.0117,0.0063,-0.0054,0.0264,0.0157,0.957,True
Halodesulfovibrio_A0A1N6ECR1,A0A1N6ECR1,,tyramine,Tri,,0.0038,0.0023,-0.0015,0.0096,0.0096,0.957,True
Lysinibacillus_PVA_P12256,P12256,dev,"2,3_diaminopropionic acid",Di,False,0.024,0.0278,0.0038,0.0264,0.0264,0.9991,True
Lysinibacillus_PVA_P12256,P12256,dev,"2,3_diaminopropionic acid",Mono,False,0.0078,0.0086,0.0008,0.0167,0.0167,0.9991,True
Lysinibacillus_PVA_P12256,P12256,dev,"2,3_diaminopropionic acid",Tri,False,0.2901,0.4138,0.1237,0.1867,0.37,0.9991,True
Lysinibacillus_PVA_P12256,P12256,dev,2_aminophenol,Di,False,0.3448,0.4525,0.1077,0.2642,0.37,0.9991,True
Lysinibacillus_PVA_P12256,P12256,dev,2_aminophenol,Mono,False,0.0219,0.0328,0.0109,0.0264,0.0264,0.9991,True
Lysinibacillus_PVA_P12256,P12256,dev,2_aminophenol,Tri,False,0.578,0.679,0.101,0.566,0.5862,0.9991,True
Lysinibacillus_PVA_P12256,P12256,dev,3_methoxytyramine,Di,False,0.0361,0.0272,-0.0089,0.046,0.0264,0.9991,True
Lysinibacillus_PVA_P12256,P12256,dev,3_methoxytyramine,Mono,False,0.0016,0.0016,0.0,0.0096,0.0096,0.9991,True
Lysinibacillus_PVA_P12256,P12256,dev,3_methoxytyramine,Tri,False,0.0437,0.0483,0.0046,0.0679,0.0679,0.9991,True
Lysinibacillus_PVA_P12256,P12256,dev,alanine,Di,True,0.974,0.9707,-0.0033,0.8273,0.8273,0.9991,True
Lysinibacillus_PVA_P12256,P12256,dev,alanine,Mono,True,0.8678,0.8549,-0.0129,0.7547,0.7547,0.9991,True
Lysinibacillus_PVA_P12256,P12256,dev,alanine,Tri,False,0.2318,0.2926,0.0608,0.1466,0.1867,0.9991,True
Lysinibacillus_PVA_P12256,P12256,dev,arginine,Di,False,0.0005,0.0005,0.0,0.0069,0.0069,0.9991,True
Lysinibacillus_PVA_P12256,P12256,dev,arginine,Mono,False,0.0002,0.0002,0.0,0.0069,0.0069,0.9991,True
Lysinibacillus_PVA_P12256,P12256,dev,arginine,Tri,False,0.0011,0.0019,0.0008,0.0096,0.0096,0.9991,True
Lysinibacillus_PVA_P12256,P12256,dev,asparagine,Di,False,0.0474,0.055,0.0076,0.0679,0.0679,0.9991,True
Lysinibacillus_PVA_P12256,P12256,dev,asparagine,Mono,False,0.0229,0.0252,0.0023,0.0264,0.0264,0.9991,True
Lysinibacillus_PVA_P12256,P12256,dev,asparagine,Tri,True,0.9468,0.9541,0.0073,0.7921,0.7921,0.9991,True
Lysinibacillus_PVA_P12256,P12256,dev,cadaverine,Di,False,0.0026,0.0027,1e-04,0.0096,0.0096,0.9991,True
Lysinibacillus_PVA_P12256,P12256,dev,cadaverine,Mono,False,0.0008,0.0007,-1e-04,0.0069,0.0069,0.9991,True
Lysinibacillus_PVA_P12256,P12256,dev,cadaverine,Tri,False,0.0076,0.0071,-0.0005,0.0167,0.0157,0.9991,True
Lysinibacillus_PVA_P12256,P12256,dev,citrulline,Di,False,0.0029,0.0037,0.0008,0.0096,0.0096,0.9991,True
Lysinibacillus_PVA_P12256,P12256,dev,citrulline,Mono,False,0.0007,0.0009,0.0002,0.0069,0.0069,0.9991,True
Lysinibacillus_PVA_P12256,P12256,dev,citrulline,Tri,False,0.0018,0.0027,0.0009,0.0096,0.0096,0.9991,True
Lysinibacillus_PVA_P12256,P12256,dev,cystine,Di,False,0.0015,0.0019,0.0004,0.0096,0.0096,0.9991,True
Lysinibacillus_PVA_P12256,P12256,dev,cystine,Mono,False,0.0002,0.0003,1e-04,0.0069,0.0069,0.9991,True
Lysinibacillus_PVA_P12256,P12256,dev,cystine,Tri,False,0.0024,0.0034,0.001,0.0096,0.0096,0.9991,True
Lysinibacillus_PVA_P12256,P12256,dev,dopamine,Di,False,0.1551,0.1645,0.0094,0.1192,0.1192,0.9991,True
Lysinibacillus_PVA_P12256,P12256,dev,dopamine,Mono,False,0.0238,0.0244,0.0006,0.0264,0.0264,0.9991,True
Lysinibacillus_PVA_P12256,P12256,dev,dopamine,Tri,True,0.9148,0.9265,0.0117,0.7921,0.7921,0.9991,True
Lysinibacillus_PVA_P12256,P12256,dev,gaba,Di,True,0.9916,0.9908,-0.0008,0.8962,0.8873,0.9991,True
Lysinibacillus_PVA_P12256,P12256,dev,gaba,Mono,True,0.9802,0.9777,-0.0025,0.8343,0.8343,0.9991,True
Lysinibacillus_PVA_P12256,P12256,dev,gaba,Tri,True,0.9958,0.9955,-0.0003,0.8962,0.8962,0.9991,True
Lysinibacillus_PVA_P12256,P12256,dev,glutamine,Di,False,0.0051,0.0051,0.0,0.0157,0.0157,0.9991,True
Lysinibacillus_PVA_P12256,P12256,dev,glutamine,Mono,False,0.0042,0.0042,0.0,0.0096,0.0096,0.9991,True
Lysinibacillus_PVA_P12256,P12256,dev,glutamine,Tri,False,0.0078,0.0086,0.0008,0.0167,0.0167,0.9991,True
Lysinibacillus_PVA_P12256,P12256,dev,glyglycine,Di,False,0.0073,0.0098,0.0025,0.0167,0.0179,0.9991,True
Lysinibacillus_PVA_P12256,P12256,dev,glyglycine,Mono,False,0.0028,0.0035,0.0007,0.0096,0.0096,0.9991,True
Lysinibacillus_PVA_P12256,P12256,dev,glyglycine,Tri,False,0.0351,0.0565,0.0214,0.046,0.0679,0.9991,True
Lysinibacillus_PVA_P12256,P12256,dev,histidine,Di,False,0.0007,0.0012,0.0005,0.0069,0.0096,0.9991,True
Lysinibacillus_PVA_P12256,P12256,dev,histidine,Mono,False,0.0004,0.0006,0.0002,0.0069,0.0069,0.9991,True
Lysinibacillus_PVA_P12256,P12256,dev,histidine,Tri,False,0.0034,0.0059,0.0025,0.0096,0.0157,0.9991,True
Lysinibacillus_PVA_P12256,P12256,dev,lysine,Di,False,0.0364,0.034,-0.0024,0.046,0.0264,0.9991,True
Lysinibacillus_PVA_P12256,P12256,dev,lysine,Mono,False,0.0033,0.0033,0.0,0.0096,0.0096,0.9991,True
Lysinibacillus_PVA_P12256,P12256,dev,lysine,Tri,False,0.0042,0.0055,0.0013,0.0096,0.0157,0.9991,True
Lysinibacillus_PVA_P12256,P12256,dev,methionine,Di,False,0.0069,0.0083,0.0014,0.0157,0.0167,0.9991,True
Lysinibacillus_PVA_P12256,P12256,dev,methionine,Mono,False,0.0033,0.0037,0.0004,0.0096,0.0096,0.9991,True
Lysinibacillus_PVA_P12256,P12256,dev,methionine,Tri,False,0.0146,0.0187,0.0041,0.0264,0.0264,0.9991,True
Lysinibacillus_PVA_P12256,P12256,dev,ornithine,Di,False,0.0053,0.0059,0.0006,0.0157,0.0157,0.9991,True
Lysinibacillus_PVA_P12256,P12256,dev,ornithine,Mono,False,0.0016,0.0017,1e-04,0.0096,0.0096,0.9991,True
Lysinibacillus_PVA_P12256,P12256,dev,ornithine,Tri,False,0.0033,0.0043,0.001,0.0096,0.0096,0.9991,True
Lysinibacillus_PVA_P12256,P12256,dev,phenylalanine,Di,True,0.9574,0.9647,0.0073,0.7921,0.8273,0.9991,True
Lysinibacillus_PVA_P12256,P12256,dev,phenylalanine,Mono,False,0.071,0.0875,0.0165,0.0679,0.0758,0.9991,True
Lysinibacillus_PVA_P12256,P12256,dev,phenylalanine,Tri,True,0.9782,0.9818,0.0036,0.8343,0.8343,0.9991,True
Lysinibacillus_PVA_P12256,P12256,dev,proline,Di,False,0.0004,0.0006,0.0002,0.0069,0.0069,0.9991,True
Lysinibacillus_PVA_P12256,P12256,dev,proline,Mono,False,0.0002,0.0003,1e-04,0.0069,0.0069,0.9991,True
Lysinibacillus_PVA_P12256,P12256,dev,proline,Tri,False,0.0039,0.0063,0.0024,0.0096,0.0157,0.9991,True
Lysinibacillus_PVA_P12256,P12256,dev,putrescine,Di,False,0.0029,0.0031,0.0002,0.0096,0.0096,0.9991,True
Lysinibacillus_PVA_P12256,P12256,dev,putrescine,Mono,False,0.0008,0.0007,-1e-04,0.0069,0.0069,0.9991,True
Lysinibacillus_PVA_P12256,P12256,dev,putrescine,Tri,False,0.0086,0.008,-0.0006,0.0167,0.0167,0.9991,True
Lysinibacillus_PVA_P12256,P12256,dev,serine,Di,False,0.1127,0.1639,0.0512,0.0758,0.1192,0.9991,True
Lysinibacillus_PVA_P12256,P12256,dev,serine,Mono,False,0.0951,0.1537,0.0586,0.0758,0.1192,0.9991,True
Lysinibacillus_PVA_P12256,P12256,dev,serine,Tri,False,0.0319,0.039,0.0071,0.0264,0.046,0.9991,True
Lysinibacillus_PVA_P12256,P12256,dev,serotonin,Di,False,0.0007,0.0009,0.0002,0.0069,0.0069,0.9991,True
Lysinibacillus_PVA_P12256,P12256,dev,serotonin,Mono,False,0.0034,0.0045,0.0011,0.0096,0.0096,0.9991,True
Lysinibacillus_PVA_P12256,P12256,dev,serotonin,Tri,False,0.0017,0.0022,0.0005,0.0096,0.0096,0.9991,True
Lysinibacillus_PVA_P12256,P12256,dev,threonine,Di,False,0.0046,0.0066,0.002,0.0096,0.0157,0.9991,True
Lysinibacillus_PVA_P12256,P12256,dev,threonine,Mono,False,0.01,0.0151,0.0051,0.0179,0.0264,0.9991,True
Lysinibacillus_PVA_P12256,P12256,dev,threonine,Tri,False,0.0009,0.0013,0.0004,0.0069,0.0096,0.9991,True
Lysinibacillus_PVA_P12256,P12256,dev,tryptamine,Di,False,0.0006,0.0006,0.0,0.0069,0.0069,0.9991,True
Lysinibacillus_PVA_P12256,P12256,dev,tryptamine,Mono,False,1e-04,1e-04,0.0,0.0058,0.0058,0.9991,True
Lysinibacillus_PVA_P12256,P12256,dev,tryptamine,Tri,False,0.0018,0.0018,0.0,0.0096,0.0096,0.9991,True
Lysinibacillus_PVA_P12256,P12256,dev,tyramine,Di,False,0.0145,0.0183,0.0038,0.0264,0.0264,0.9991,True
Lysinibacillus_PVA_P12256,P12256,dev,tyramine,Mono,False,0.1295,0.1469,0.0174,0.1,0.1192,0.9991,True
Lysinibacillus_PVA_P12256,P12256,dev,tyramine,Tri,False,0.0349,0.0463,0.0114,0.046,0.0679,0.9991,True
Maribacter_A0A848U0C2,A0A848U0C2,dev,"2,3_diaminopropionic acid",Di,False,0.0137,0.0024,-0.0113,0.0264,0.0096,0.9903,True
Maribacter_A0A848U0C2,A0A848U0C2,dev,"2,3_diaminopropionic acid",Mono,False,0.0033,0.0005,-0.0028,0.0096,0.0069,0.9903,True
Maribacter_A0A848U0C2,A0A848U0C2,dev,"2,3_diaminopropionic acid",Tri,False,0.2083,0.0632,-0.1451,0.1317,0.0679,0.9903,True
Maribacter_A0A848U0C2,A0A848U0C2,dev,2_aminophenol,Di,False,0.1263,0.0369,-0.0894,0.0781,0.046,0.9903,True
Maribacter_A0A848U0C2,A0A848U0C2,dev,2_aminophenol,Mono,False,0.0068,0.0016,-0.0052,0.0157,0.0096,0.9903,True
Maribacter_A0A848U0C2,A0A848U0C2,dev,2_aminophenol,Tri,False,0.2504,0.0945,-0.1559,0.1466,0.0758,0.9903,True
Maribacter_A0A848U0C2,A0A848U0C2,dev,3_methoxytyramine,Di,False,0.0171,0.0024,-0.0147,0.0264,0.0096,0.9903,True
Maribacter_A0A848U0C2,A0A848U0C2,dev,3_methoxytyramine,Mono,False,0.0014,0.0002,-0.0012,0.0096,0.0069,0.9903,True
Maribacter_A0A848U0C2,A0A848U0C2,dev,3_methoxytyramine,Tri,False,0.0402,0.0072,-0.033,0.046,0.0157,0.9903,True
Maribacter_A0A848U0C2,A0A848U0C2,dev,alanine,Di,True,0.9795,0.8282,-0.1513,0.8343,0.7547,0.9903,True
Maribacter_A0A848U0C2,A0A848U0C2,dev,alanine,Mono,True,0.9111,0.4753,-0.4358,0.7921,0.37,0.9903,True
Maribacter_A0A848U0C2,A0A848U0C2,dev,alanine,Tri,False,0.2338,0.1262,-0.1076,0.1466,0.0781,0.9903,True
Maribacter_A0A848U0C2,A0A848U0C2,dev,arginine,Di,False,0.0003,1e-04,-0.0002,0.0069,0.0058,0.9903,True
Maribacter_A0A848U0C2,A0A848U0C2,dev,arginine,Mono,False,1e-04,0.0,-1e-04,0.0058,0.0,0.9903,True
Maribacter_A0A848U0C2,A0A848U0C2,dev,arginine,Tri,False,0.0007,0.0003,-0.0004,0.0069,0.0069,0.9903,True
Maribacter_A0A848U0C2,A0A848U0C2,dev,asparagine,Di,False,0.044,0.0059,-0.0381,0.0679,0.0157,0.9903,True
Maribacter_A0A848U0C2,A0A848U0C2,dev,asparagine,Mono,False,0.0148,0.0015,-0.0133,0.0264,0.0096,0.9903,True
Maribacter_A0A848U0C2,A0A848U0C2,dev,asparagine,Tri,True,0.9502,0.6863,-0.2639,0.7921,0.5862,0.9903,True
Maribacter_A0A848U0C2,A0A848U0C2,dev,cadaverine,Di,False,0.0027,0.0005,-0.0022,0.0096,0.0069,0.9903,True
Maribacter_A0A848U0C2,A0A848U0C2,dev,cadaverine,Mono,False,0.0006,1e-04,-0.0005,0.0069,0.0058,0.9903,True
Maribacter_A0A848U0C2,A0A848U0C2,dev,cadaverine,Tri,False,0.0076,0.0015,-0.0061,0.0167,0.0096,0.9903,True
Maribacter_A0A848U0C2,A0A848U0C2,dev,citrulline,Di,False,0.0026,0.0012,-0.0014,0.0096,0.0096,0.9903,True
Maribacter_A0A848U0C2,A0A848U0C2,dev,citrulline,Mono,False,0.0005,0.0002,-0.0003,0.0069,0.0069,0.9903,True
Maribacter_A0A848U0C2,A0A848U0C2,dev,citrulline,Tri,False,0.0015,0.0009,-0.0006,0.0096,0.0069,0.9903,True
Maribacter_A0A848U0C2,A0A848U0C2,dev,cystine,Di,False,0.0012,0.0003,-0.0009,0.0096,0.0069,0.9903,True
Maribacter_A0A848U0C2,A0A848U0C2,dev,cystine,Mono,False,0.0002,0.0,-0.0002,0.0069,0.0,0.9903,True
Maribacter_A0A848U0C2,A0A848U0C2,dev,cystine,Tri,False,0.003,0.0007,-0.0023,0.0096,0.0069,0.9903,True
Maribacter_A0A848U0C2,A0A848U0C2,dev,dopamine,Di,False,0.1069,0.014,-0.0929,0.0758,0.0264,0.9903,True
Maribacter_A0A848U0C2,A0A848U0C2,dev,dopamine,Mono,False,0.0172,0.0019,-0.0153,0.0264,0.0096,0.9903,True
Maribacter_A0A848U0C2,A0A848U0C2,dev,dopamine,Tri,True,0.9231,0.608,-0.3151,0.7921,0.566,0.9903,True
Maribacter_A0A848U0C2,A0A848U0C2,dev,gaba,Di,True,0.9884,0.376,-0.6124,0.8873,0.2642,0.9903,True
Maribacter_A0A848U0C2,A0A848U0C2,dev,gaba,Mono,True,0.965,0.1524,-0.8126,0.8273,0.1192,0.9903,True
Maribacter_A0A848U0C2,A0A848U0C2,dev,gaba,Tri,True,0.994,0.5676,-0.4264,0.8962,0.566,0.9903,True
Maribacter_A0A848U0C2,A0A848U0C2,dev,glutamine,Di,False,0.0034,0.0009,-0.0025,0.0096,0.0069,0.9903,True
Maribacter_A0A848U0C2,A0A848U0C2,dev,glutamine,Mono,False,0.0025,0.0005,-0.002,0.0096,0.0069,0.9903,True
Maribacter_A0A848U0C2,A0A848U0C2,dev,glutamine,Tri,False,0.0054,0.0018,-0.0036,0.0157,0.0096,0.9903,True
Maribacter_A0A848U0C2,A0A848U0C2,dev,glyglycine,Di,False,0.0064,0.0026,-0.0038,0.0157,0.0096,0.9903,True
Maribacter_A0A848U0C2,A0A848U0C2,dev,glyglycine,Mono,False,0.0022,0.0008,-0.0014,0.0096,0.0069,0.9903,True
Maribacter_A0A848U0C2,A0A848U0C2,dev,glyglycine,Tri,False,0.0412,0.0381,-0.0031,0.046,0.046,0.9903,True
Maribacter_A0A848U0C2,A0A848U0C2,dev,histidine,Di,False,0.0011,0.0003,-0.0008,0.0096,0.0069,0.9903,True
Maribacter_A0A848U0C2,A0A848U0C2,dev,histidine,Mono,False,0.0006,0.0002,-0.0004,0.0069,0.0069,0.9903,True
Maribacter_A0A848U0C2,A0A848U0C2,dev,histidine,Tri,False,0.0049,0.002,-0.0029,0.0097,0.0096,0.9903,True
Maribacter_A0A848U0C2,A0A848U0C2,dev,lysine,Di,False,0.0325,0.0127,-0.0198,0.0264,0.0264,0.9903,True
Maribacter_A0A848U0C2,A0A848U0C2,dev,lysine,Mono,False,0.002,0.0006,-0.0014,0.0096,0.0069,0.9903,True
Maribacter_A0A848U0C2,A0A848U0C2,dev,lysine,Tri,False,0.0031,0.0011,-0.002,0.0096,0.0096,0.9903,True
Maribacter_A0A848U0C2,A0A848U0C2,dev,methionine,Di,False,0.0032,0.001,-0.0022,0.0096,0.0096,0.9903,True
Maribacter_A0A848U0C2,A0A848U0C2,dev,methionine,Mono,False,0.0013,0.0004,-0.0009,0.0096,0.0069,0.9903,True
Maribacter_A0A848U0C2,A0A848U0C2,dev,methionine,Tri,False,0.0079,0.003,-0.0049,0.0167,0.0096,0.9903,True
Maribacter_A0A848U0C2,A0A848U0C2,dev,ornithine,Di,False,0.0043,0.001,-0.0033,0.0096,0.0069,0.9903,True
Maribacter_A0A848U0C2,A0A848U0C2,dev,ornithine,Mono,False,0.0009,0.0002,-0.0007,0.0069,0.0069,0.9903,True
Maribacter_A0A848U0C2,A0A848U0C2,dev,ornithine,Tri,False,0.0021,0.0006,-0.0015,0.0096,0.0069,0.9903,True
Maribacter_A0A848U0C2,A0A848U0C2,dev,phenylalanine,Di,True,0.9568,0.477,-0.4798,0.7921,0.37,0.9903,True
Maribacter_A0A848U0C2,A0A848U0C2,dev,phenylalanine,Mono,False,0.0905,0.0109,-0.0796,0.0758,0.0264,0.9903,True
Maribacter_A0A848U0C2,A0A848U0C2,dev,phenylalanine,Tri,True,0.9802,0.7078,-0.2724,0.8343,0.6364,0.9903,True
Maribacter_A0A848U0C2,A0A848U0C2,dev,proline,Di,False,0.0011,0.0002,-0.0009,0.0096,0.0069,0.9903,True
Maribacter_A0A848U0C2,A0A848U0C2,dev,proline,Mono,False,0.0005,1e-04,-0.0004,0.0069,0.0058,0.9903,True
Maribacter_A0A848U0C2,A0A848U0C2,dev,proline,Tri,False,0.012,0.0036,-0.0084,0.0264,0.0096,0.9903,True
Maribacter_A0A848U0C2,A0A848U0C2,dev,putrescine,Di,False,0.0031,0.0006,-0.0025,0.0096,0.0069,0.9903,True
Maribacter_A0A848U0C2,A0A848U0C2,dev,putrescine,Mono,False,0.0007,1e-04,-0.0006,0.0069,0.0058,0.9903,True
Maribacter_A0A848U0C2,A0A848U0C2,dev,putrescine,Tri,False,0.0087,0.0018,-0.0069,0.0179,0.0096,0.9903,True
Maribacter_A0A848U0C2,A0A848U0C2,dev,serine,Di,False,0.0905,0.0244,-0.0661,0.0758,0.0264,0.9903,True
Maribacter_A0A848U0C2,A0A848U0C2,dev,serine,Mono,False,0.0969,0.0236,-0.0733,0.0758,0.0264,0.9903,True
Maribacter_A0A848U0C2,A0A848U0C2,dev,serine,Tri,False,0.025,0.0071,-0.0179,0.0264,0.0157,0.9903,True
Maribacter_A0A848U0C2,A0A848U0C2,dev,serotonin,Di,False,0.0006,1e-04,-0.0005,0.0069,0.0058,0.9903,True
Maribacter_A0A848U0C2,A0A848U0C2,dev,serotonin,Mono,False,0.0054,0.0006,-0.0048,0.0157,0.0069,0.9903,True
Maribacter_A0A848U0C2,A0A848U0C2,dev,serotonin,Tri,False,0.0016,0.0003,-0.0013,0.0096,0.0069,0.9903,True
Maribacter_A0A848U0C2,A0A848U0C2,dev,threonine,Di,False,0.004,0.0013,-0.0027,0.0096,0.0096,0.9903,True
Maribacter_A0A848U0C2,A0A848U0C2,dev,threonine,Mono,False,0.0131,0.0042,-0.0089,0.0264,0.0096,0.9903,True
Maribacter_A0A848U0C2,A0A848U0C2,dev,threonine,Tri,False,0.0007,0.0003,-0.0004,0.0069,0.0069,0.9903,True
Maribacter_A0A848U0C2,A0A848U0C2,dev,tryptamine,Di,False,0.0006,1e-04,-0.0005,0.0069,0.0058,0.9903,True
Maribacter_A0A848U0C2,A0A848U0C2,dev,tryptamine,Mono,False,1e-04,0.0,-1e-04,0.0058,0.0,0.9903,True
Maribacter_A0A848U0C2,A0A848U0C2,dev,tryptamine,Tri,False,0.002,0.0006,-0.0014,0.0096,0.0069,0.9903,True
Maribacter_A0A848U0C2,A0A848U0C2,dev,tyramine,Di,False,0.0071,0.0014,-0.0057,0.0157,0.0096,0.9903,True
Maribacter_A0A848U0C2,A0A848U0C2,dev,tyramine,Mono,False,0.0875,0.0143,-0.0732,0.0758,0.0264,0.9903,True
Maribacter_A0A848U0C2,A0A848U0C2,dev,tyramine,Tri,False,0.0183,0.0045,-0.0138,0.0264,0.0096,0.9903,True
Mariniradius_M7X2M2,M7X2M2,,"2,3_diaminopropionic acid",Di,,0.003,0.003,0.0,0.0096,0.0096,0.9939,True
Mariniradius_M7X2M2,M7X2M2,,"2,3_diaminopropionic acid",Mono,,0.001,0.001,0.0,0.0096,0.0069,0.9939,True
Mariniradius_M7X2M2,M7X2M2,,"2,3_diaminopropionic acid",Tri,,0.0568,0.0675,0.0107,0.0679,0.0679,0.9939,True
Mariniradius_M7X2M2,M7X2M2,,2_aminophenol,Di,,0.0795,0.0668,-0.0127,0.0679,0.0679,0.9939,True
Mariniradius_M7X2M2,M7X2M2,,2_aminophenol,Mono,,0.0067,0.0056,-0.0011,0.0157,0.0157,0.9939,True
Mariniradius_M7X2M2,M7X2M2,,2_aminophenol,Tri,,0.1775,0.1876,0.0101,0.1317,0.1317,0.9939,True
Mariniradius_M7X2M2,M7X2M2,,3_methoxytyramine,Di,,0.012,0.0091,-0.0029,0.0264,0.0179,0.9939,True
Mariniradius_M7X2M2,M7X2M2,,3_methoxytyramine,Mono,,0.0008,0.0007,-1e-04,0.0069,0.0069,0.9939,True
Mariniradius_M7X2M2,M7X2M2,,3_methoxytyramine,Tri,,0.0165,0.0192,0.0027,0.0264,0.0264,0.9939,True
Mariniradius_M7X2M2,M7X2M2,,alanine,Di,,0.7022,0.7454,0.0432,0.6364,0.7234,0.9939,True
Mariniradius_M7X2M2,M7X2M2,,alanine,Mono,,0.3274,0.3511,0.0237,0.2642,0.2642,0.9939,True
Mariniradius_M7X2M2,M7X2M2,,alanine,Tri,,0.1024,0.1263,0.0239,0.0758,0.0781,0.9939,True
Mariniradius_M7X2M2,M7X2M2,,arginine,Di,,1e-04,1e-04,0.0,0.0058,0.0058,0.9939,True
Mariniradius_M7X2M2,M7X2M2,,arginine,Mono,,0.0,0.0,0.0,0.0,0.0,0.9939,True
Mariniradius_M7X2M2,M7X2M2,,arginine,Tri,,0.0003,0.0003,0.0,0.0069,0.0069,0.9939,True
Mariniradius_M7X2M2,M7X2M2,,asparagine,Di,,0.0099,0.0106,0.0007,0.0179,0.0264,0.9939,True
Mariniradius_M7X2M2,M7X2M2,,asparagine,Mono,,0.0043,0.004,-0.0003,0.0096,0.0096,0.9939,True
Mariniradius_M7X2M2,M7X2M2,,asparagine,Tri,,0.7623,0.7726,0.0103,0.7234,0.7234,0.9939,True
Mariniradius_M7X2M2,M7X2M2,,cadaverine,Di,,0.0007,0.0008,1e-04,0.0069,0.0069,0.9939,True
Mariniradius_M7X2M2,M7X2M2,,cadaverine,Mono,,0.0002,0.0002,0.0,0.0069,0.0069,0.9939,True
Mariniradius_M7X2M2,M7X2M2,,cadaverine,Tri,,0.0016,0.0023,0.0007,0.0096,0.0096,0.9939,True
Mariniradius_M7X2M2,M7X2M2,,citrulline,Di,,0.001,0.0013,0.0003,0.0096,0.0096,0.9939,True
Mariniradius_M7X2M2,M7X2M2,,citrulline,Mono,,0.0003,0.0003,0.0,0.0069,0.0069,0.9939,True
Mariniradius_M7X2M2,M7X2M2,,citrulline,Tri,,0.0009,0.0011,0.0002,0.0069,0.0096,0.9939,True
Mariniradius_M7X2M2,M7X2M2,,cystine,Di,,0.0006,0.0005,-1e-04,0.0069,0.0069,0.9939,True
Mariniradius_M7X2M2,M7X2M2,,cystine,Mono,,1e-04,1e-04,0.0,0.0058,0.0058,0.9939,True
Mariniradius_M7X2M2,M7X2M2,,cystine,Tri,,0.0012,0.0013,1e-04,0.0096,0.0096,0.9939,True
Mariniradius_M7X2M2,M7X2M2,,dopamine,Di,,0.0502,0.0561,0.0059,0.0679,0.0679,0.9939,True
Mariniradius_M7X2M2,M7X2M2,,dopamine,Mono,,0.0093,0.0089,-0.0004,0.0179,0.0179,0.9939,True
Mariniradius_M7X2M2,M7X2M2,,dopamine,Tri,,0.7668,0.7938,0.027,0.7234,0.7547,0.9939,True
Mariniradius_M7X2M2,M7X2M2,,gaba,Di,,0.5758,0.6059,0.0301,0.566,0.566,0.9939,True
Mariniradius_M7X2M2,M7X2M2,,gaba,Mono,,0.3762,0.3767,0.0005,0.2642,0.2642,0.9939,True
Mariniradius_M7X2M2,M7X2M2,,gaba,Tri,,0.7239,0.7665,0.0426,0.7234,0.7234,0.9939,True
Mariniradius_M7X2M2,M7X2M2,,glutamine,Di,,0.0011,0.0012,1e-04,0.0096,0.0096,0.9939,True
Mariniradius_M7X2M2,M7X2M2,,glutamine,Mono,,0.0009,0.0009,0.0,0.0069,0.0069,0.9939,True
Mariniradius_M7X2M2,M7X2M2,,glutamine,Tri,,0.0019,0.0022,0.0003,0.0096,0.0096,0.9939,True
Mariniradius_M7X2M2,M7X2M2,,glyglycine,Di,,0.0014,0.0017,0.0003,0.0096,0.0096,0.9939,True
Mariniradius_M7X2M2,M7X2M2,,glyglycine,Mono,,0.0006,0.0007,1e-04,0.0069,0.0069,0.9939,True
Mariniradius_M7X2M2,M7X2M2,,glyglycine,Tri,,0.0089,0.0121,0.0032,0.0179,0.0264,0.9939,True
Mariniradius_M7X2M2,M7X2M2,,histidine,Di,,0.0004,0.0005,1e-04,0.0069,0.0069,0.9939,True
Mariniradius_M7X2M2,M7X2M2,,histidine,Mono,,0.0003,0.0003,0.0,0.0069,0.0069,0.9939,True
Mariniradius_M7X2M2,M7X2M2,,histidine,Tri,,0.0026,0.0036,0.001,0.0096,0.0096,0.9939,True
Mariniradius_M7X2M2,M7X2M2,,lysine,Di,,0.0065,0.0089,0.0024,0.0157,0.0179,0.9939,True
Mariniradius_M7X2M2,M7X2M2,,lysine,Mono,,0.001,0.0012,0.0002,0.0069,0.0096,0.9939,True
Mariniradius_M7X2M2,M7X2M2,,lysine,Tri,,0.0011,0.0014,0.0003,0.0096,0.0096,0.9939,True
Mariniradius_M7X2M2,M7X2M2,,methionine,Di,,0.001,0.0011,1e-04,0.0069,0.0096,0.9939,True
Mariniradius_M7X2M2,M7X2M2,,methionine,Mono,,0.0005,0.0005,0.0,0.0069,0.0069,0.9939,True
Mariniradius_M7X2M2,M7X2M2,,methionine,Tri,,0.0022,0.0028,0.0006,0.0096,0.0096,0.9939,True
Mariniradius_M7X2M2,M7X2M2,,ornithine,Di,,0.0017,0.0015,-0.0002,0.0096,0.0096,0.9939,True
Mariniradius_M7X2M2,M7X2M2,,ornithine,Mono,,0.0005,0.0004,-1e-04,0.0069,0.0069,0.9939,True
Mariniradius_M7X2M2,M7X2M2,,ornithine,Tri,,0.0011,0.001,-1e-04,0.0096,0.0096,0.9939,True
Mariniradius_M7X2M2,M7X2M2,,phenylalanine,Di,,0.5669,0.6,0.0331,0.566,0.566,0.9939,True
Mariniradius_M7X2M2,M7X2M2,,phenylalanine,Mono,,0.0179,0.0211,0.0032,0.0264,0.0264,0.9939,True
Mariniradius_M7X2M2,M7X2M2,,phenylalanine,Tri,,0.7768,0.8274,0.0506,0.7234,0.7547,0.9939,True
Mariniradius_M7X2M2,M7X2M2,,proline,Di,,0.0004,0.0006,0.0002,0.0069,0.0069,0.9939,True
Mariniradius_M7X2M2,M7X2M2,,proline,Mono,,0.0002,0.0003,1e-04,0.0069,0.0069,0.9939,True
Mariniradius_M7X2M2,M7X2M2,,proline,Tri,,0.0048,0.0082,0.0034,0.0097,0.0167,0.9939,True
Mariniradius_M7X2M2,M7X2M2,,putrescine,Di,,0.0008,0.001,0.0002,0.0069,0.0069,0.9939,True
Mariniradius_M7X2M2,M7X2M2,,putrescine,Mono,,0.0002,0.0003,1e-04,0.0069,0.0069,0.9939,True
Mariniradius_M7X2M2,M7X2M2,,putrescine,Tri,,0.0019,0.0027,0.0008,0.0096,0.0096,0.9939,True
Mariniradius_M7X2M2,M7X2M2,,serine,Di,,0.0114,0.0145,0.0031,0.0264,0.0264,0.9939,True
Mariniradius_M7X2M2,M7X2M2,,serine,Mono,,0.012,0.014,0.002,0.0264,0.0264,0.9939,True
Mariniradius_M7X2M2,M7X2M2,,serine,Tri,,0.0032,0.0049,0.0017,0.0096,0.0097,0.9939,True
Mariniradius_M7X2M2,M7X2M2,,serotonin,Di,,0.0005,0.0005,0.0,0.0069,0.0069,0.9939,True
Mariniradius_M7X2M2,M7X2M2,,serotonin,Mono,,0.003,0.0032,0.0002,0.0096,0.0096,0.9939,True
Mariniradius_M7X2M2,M7X2M2,,serotonin,Tri,,0.0013,0.0014,1e-04,0.0096,0.0096,0.9939,True
Mariniradius_M7X2M2,M7X2M2,,threonine,Di,,0.001,0.0013,0.0003,0.0069,0.0096,0.9939,True
Mariniradius_M7X2M2,M7X2M2,,threonine,Mono,,0.0022,0.0032,0.001,0.0096,0.0096,0.9939,True
Mariniradius_M7X2M2,M7X2M2,,threonine,Tri,,1e-04,0.0002,1e-04,0.0058,0.0069,0.9939,True
Mariniradius_M7X2M2,M7X2M2,,tryptamine,Di,,0.0003,0.0003,0.0,0.0069,0.0069,0.9939,True
Mariniradius_M7X2M2,M7X2M2,,tryptamine,Mono,,1e-04,1e-04,0.0,0.0058,0.0058,0.9939,True
Mariniradius_M7X2M2,M7X2M2,,tryptamine,Tri,,0.0011,0.0014,0.0003,0.0096,0.0096,0.9939,True
Mariniradius_M7X2M2,M7X2M2,,tyramine,Di,,0.0034,0.0038,0.0004,0.0096,0.0096,0.9939,True
Mariniradius_M7X2M2,M7X2M2,,tyramine,Mono,,0.0323,0.0372,0.0049,0.0264,0.046,0.9939,True
Mariniradius_M7X2M2,M7X2M2,,tyramine,Tri,,0.009,0.0112,0.0022,0.0179,0.0264,0.9939,True
Marinobacter_A0A1I4P275,A0A1I4P275,dev,"2,3_diaminopropionic acid",Di,False,0.0094,0.014,0.0046,0.0179,0.0264,0.9896,True
Marinobacter_A0A1I4P275,A0A1I4P275,dev,"2,3_diaminopropionic acid",Mono,False,0.0018,0.0032,0.0014,0.0096,0.0096,0.9896,True
Marinobacter_A0A1I4P275,A0A1I4P275,dev,"2,3_diaminopropionic acid",Tri,False,0.0907,0.2113,0.1206,0.0758,0.1317,0.9896,True
Marinobacter_A0A1I4P275,A0A1I4P275,dev,2_aminophenol,Di,False,0.0952,0.1385,0.0433,0.0758,0.1192,0.9896,True
Marinobacter_A0A1I4P275,A0A1I4P275,dev,2_aminophenol,Mono,False,0.0052,0.0072,0.002,0.0157,0.0157,0.9896,True
Marinobacter_A0A1I4P275,A0A1I4P275,dev,2_aminophenol,Tri,False,0.1492,0.2726,0.1234,0.1192,0.1867,0.9896,True
Marinobacter_A0A1I4P275,A0A1I4P275,dev,3_methoxytyramine,Di,False,0.0291,0.0116,-0.0175,0.0264,0.0264,0.9896,True
Marinobacter_A0A1I4P275,A0A1I4P275,dev,3_methoxytyramine,Mono,False,0.0012,0.0008,-0.0004,0.0096,0.0069,0.9896,True
Marinobacter_A0A1I4P275,A0A1I4P275,dev,3_methoxytyramine,Tri,False,0.0298,0.0258,-0.004,0.0264,0.0264,0.9896,True
Marinobacter_A0A1I4P275,A0A1I4P275,dev,alanine,Di,True,0.9324,0.9721,0.0397,0.7921,0.8273,0.9896,True
Marinobacter_A0A1I4P275,A0A1I4P275,dev,alanine,Mono,False,0.6129,0.8311,0.2182,0.5719,0.7547,0.9896,True
Marinobacter_A0A1I4P275,A0A1I4P275,dev,alanine,Tri,False,0.0541,0.3364,0.2823,0.0679,0.2642,0.9896,True
Marinobacter_A0A1I4P275,A0A1I4P275,dev,arginine,Di,False,0.0002,0.0003,1e-04,0.0069,0.0069,0.9896,True
Marinobacter_A0A1I4P275,A0A1I4P275,dev,arginine,Mono,False,0.0,1e-04,1e-04,0.0,0.0058,0.9896,True
Marinobacter_A0A1I4P275,A0A1I4P275,dev,arginine,Tri,False,0.0004,0.0007,0.0003,0.0069,0.0069,0.9896,True
Marinobacter_A0A1I4P275,A0A1I4P275,dev,asparagine,Di,False,0.0391,0.0339,-0.0052,0.046,0.0264,0.9896,True
Marinobacter_A0A1I4P275,A0A1I4P275,dev,asparagine,Mono,False,0.0106,0.0093,-0.0013,0.0264,0.0179,0.9896,True
Marinobacter_A0A1I4P275,A0A1I4P275,dev,asparagine,Tri,True,0.9386,0.9255,-0.0131,0.7921,0.7921,0.9896,True
Marinobacter_A0A1I4P275,A0A1I4P275,dev,cadaverine,Di,False,0.0012,0.0015,0.0003,0.0096,0.0096,0.9896,True
Marinobacter_A0A1I4P275,A0A1I4P275,dev,cadaverine,Mono,False,0.0002,0.0003,1e-04,0.0069,0.0069,0.9896,True
Marinobacter_A0A1I4P275,A0A1I4P275,dev,cadaverine,Tri,False,0.0022,0.0043,0.0021,0.0096,0.0096,0.9896,True
Marinobacter_A0A1I4P275,A0A1I4P275,dev,citrulline,Di,False,0.0015,0.0024,0.0009,0.0096,0.0096,0.9896,True
Marinobacter_A0A1I4P275,A0A1I4P275,dev,citrulline,Mono,False,0.0003,0.0004,1e-04,0.0069,0.0069,0.9896,True
Marinobacter_A0A1I4P275,A0A1I4P275,dev,citrulline,Tri,False,0.0008,0.0012,0.0004,0.0069,0.0096,0.9896,True
Marinobacter_A0A1I4P275,A0A1I4P275,dev,cystine,Di,False,0.001,0.0013,0.0003,0.0069,0.0096,0.9896,True
Marinobacter_A0A1I4P275,A0A1I4P275,dev,cystine,Mono,False,1e-04,0.0002,1e-04,0.0058,0.0069,0.9896,True
Marinobacter_A0A1I4P275,A0A1I4P275,dev,cystine,Tri,False,0.0012,0.0019,0.0007,0.0096,0.0096,0.9896,True
Marinobacter_A0A1I4P275,A0A1I4P275,dev,dopamine,Di,False,0.1232,0.0883,-0.0349,0.0781,0.0758,0.9896,True
Marinobacter_A0A1I4P275,A0A1I4P275,dev,dopamine,Mono,False,0.016,0.0126,-0.0034,0.0264,0.0264,0.9896,True
Marinobacter_A0A1I4P275,A0A1I4P275,dev,dopamine,Tri,True,0.9101,0.8983,-0.0118,0.7921,0.7921,0.9896,True
Marinobacter_A0A1I4P275,A0A1I4P275,dev,gaba,Di,True,0.9884,0.9696,-0.0188,0.8873,0.8273,0.9896,True
Marinobacter_A0A1I4P275,A0A1I4P275,dev,gaba,Mono,True,0.9693,0.8947,-0.0746,0.8273,0.7547,0.9896,True
Marinobacter_A0A1I4P275,A0A1I4P275,dev,gaba,Tri,True,0.9923,0.9822,-0.0101,0.8962,0.8343,0.9896,True
Marinobacter_A0A1I4P275,A0A1I4P275,dev,glutamine,Di,False,0.0024,0.0027,0.0003,0.0096,0.0096,0.9896,True
Marinobacter_A0A1I4P275,A0A1I4P275,dev,glutamine,Mono,False,0.0011,0.0013,0.0002,0.0096,0.0096,0.9896,True
Marinobacter_A0A1I4P275,A0A1I4P275,dev,glutamine,Tri,False,0.0022,0.0031,0.0009,0.0096,0.0096,0.9896,True
Marinobacter_A0A1I4P275,A0A1I4P275,dev,glyglycine,Di,False,0.0044,0.0096,0.0052,0.0096,0.0179,0.9896,True
Marinobacter_A0A1I4P275,A0A1I4P275,dev,glyglycine,Mono,False,0.0012,0.0028,0.0016,0.0096,0.0096,0.9896,True
Marinobacter_A0A1I4P275,A0A1I4P275,dev,glyglycine,Tri,False,0.0171,0.0573,0.0402,0.0264,0.0679,0.9896,True
Marinobacter_A0A1I4P275,A0A1I4P275,dev,histidine,Di,False,0.001,0.0022,0.0012,0.0096,0.0096,0.9896,True
Marinobacter_A0A1I4P275,A0A1I4P275,dev,histidine,Mono,False,0.0004,0.0013,0.0009,0.0069,0.0096,0.9896,True
Marinobacter_A0A1I4P275,A0A1I4P275,dev,histidine,Tri,False,0.0041,0.0119,0.0078,0.0096,0.0264,0.9896,True
Marinobacter_A0A1I4P275,A0A1I4P275,dev,lysine,Di,False,0.0144,0.0284,0.014,0.0264,0.0264,0.9896,True
Marinobacter_A0A1I4P275,A0A1I4P275,dev,lysine,Mono,False,0.0014,0.0015,1e-04,0.0096,0.0096,0.9896,True
Marinobacter_A0A1I4P275,A0A1I4P275,dev,lysine,Tri,False,0.0022,0.0026,0.0004,0.0096,0.0096,0.9896,True
Marinobacter_A0A1I4P275,A0A1I4P275,dev,methionine,Di,False,0.0019,0.0037,0.0018,0.0096,0.0096,0.9896,True
Marinobacter_A0A1I4P275,A0A1I4P275,dev,methionine,Mono,False,0.0006,0.0013,0.0007,0.0069,0.0096,0.9896,True
Marinobacter_A0A1I4P275,A0A1I4P275,dev,methionine,Tri,False,0.0022,0.0058,0.0036,0.0096,0.0157,0.9896,True
Marinobacter_A0A1I4P275,A0A1I4P275,dev,ornithine,Di,False,0.0059,0.004,-0.0019,0.0157,0.0096,0.9896,True
Marinobacter_A0A1I4P275,A0A1I4P275,dev,ornithine,Mono,False,0.0013,0.0007,-0.0006,0.0096,0.0069,0.9896,True
Marinobacter_A0A1I4P275,A0A1I4P275,dev,ornithine,Tri,False,0.0026,0.0019,-0.0007,0.0096,0.0096,0.9896,True
Marinobacter_A0A1I4P275,A0A1I4P275,dev,phenylalanine,Di,True,0.965,0.9544,-0.0106,0.8273,0.7921,0.9896,True
Marinobacter_A0A1I4P275,A0A1I4P275,dev,phenylalanine,Mono,False,0.0724,0.0678,-0.0046,0.0679,0.0679,0.9896,True
Marinobacter_A0A1I4P275,A0A1I4P275,dev,phenylalanine,Tri,True,0.9763,0.9741,-0.0022,0.8343,0.8273,0.9896,True
Marinobacter_A0A1I4P275,A0A1I4P275,dev,proline,Di,False,0.0007,0.0011,0.0004,0.0069,0.0096,0.9896,True
Marinobacter_A0A1I4P275,A0A1I4P275,dev,proline,Mono,False,0.0002,0.0004,0.0002,0.0069,0.0069,0.9896,True
Marinobacter_A0A1I4P275,A0A1I4P275,dev,proline,Tri,False,0.0051,0.0083,0.0032,0.0157,0.0167,0.9896,True
Marinobacter_A0A1I4P275,A0A1I4P275,dev,putrescine,Di,False,0.0014,0.0018,0.0004,0.0096,0.0096,0.9896,True
Marinobacter_A0A1I4P275,A0A1I4P275,dev,putrescine,Mono,False,0.0003,0.0003,0.0,0.0069,0.0069,0.9896,True
Marinobacter_A0A1I4P275,A0A1I4P275,dev,putrescine,Tri,False,0.0025,0.0052,0.0027,0.0096,0.0157,0.9896,True
Marinobacter_A0A1I4P275,A0A1I4P275,dev,serine,Di,False,0.0445,0.1119,0.0674,0.0679,0.0758,0.9896,True
Marinobacter_A0A1I4P275,A0A1I4P275,dev,serine,Mono,False,0.0219,0.0689,0.047,0.0264,0.0679,0.9896,True
Marinobacter_A0A1I4P275,A0A1I4P275,dev,serine,Tri,False,0.0078,0.0224,0.0146,0.0167,0.0264,0.9896,True
Marinobacter_A0A1I4P275,A0A1I4P275,dev,serotonin,Di,False,0.001,0.0011,1e-04,0.0069,0.0096,0.9896,True
Marinobacter_A0A1I4P275,A0A1I4P275,dev,serotonin,Mono,False,0.0047,0.0053,0.0006,0.0097,0.0157,0.9896,True
Marinobacter_A0A1I4P275,A0A1I4P275,dev,serotonin,Tri,False,0.0018,0.0028,0.001,0.0096,0.0096,0.9896,True
Marinobacter_A0A1I4P275,A0A1I4P275,dev,threonine,Di,False,0.0027,0.0045,0.0018,0.0096,0.0096,0.9896,True
Marinobacter_A0A1I4P275,A0A1I4P275,dev,threonine,Mono,False,0.0039,0.0091,0.0052,0.0096,0.0179,0.9896,True
Marinobacter_A0A1I4P275,A0A1I4P275,dev,threonine,Tri,False,0.0003,0.0006,0.0003,0.0069,0.0069,0.9896,True
Marinobacter_A0A1I4P275,A0A1I4P275,dev,tryptamine,Di,False,0.0003,0.0004,1e-04,0.0069,0.0069,0.9896,True
Marinobacter_A0A1I4P275,A0A1I4P275,dev,tryptamine,Mono,False,1e-04,1e-04,0.0,0.0058,0.0058,0.9896,True
Marinobacter_A0A1I4P275,A0A1I4P275,dev,tryptamine,Tri,False,0.0007,0.0018,0.0011,0.0069,0.0096,0.9896,True
Marinobacter_A0A1I4P275,A0A1I4P275,dev,tyramine,Di,False,0.0082,0.0091,0.0009,0.0167,0.0179,0.9896,True
Marinobacter_A0A1I4P275,A0A1I4P275,dev,tyramine,Mono,False,0.0561,0.0883,0.0322,0.0679,0.0758,0.9896,True
Marinobacter_A0A1I4P275,A0A1I4P275,dev,tyramine,Tri,False,0.0152,0.0226,0.0074,0.0264,0.0264,0.9896,True
Melainabacteria_A0A952U252,A0A952U252,dev,"2,3_diaminopropionic acid",Di,False,0.0391,0.0331,-0.006,0.046,0.0264,0.9922,True
Melainabacteria_A0A952U252,A0A952U252,dev,"2,3_diaminopropionic acid",Mono,False,0.0088,0.0092,0.0004,0.0179,0.0179,0.9922,True
Melainabacteria_A0A952U252,A0A952U252,dev,"2,3_diaminopropionic acid",Tri,False,0.3458,0.4542,0.1084,0.2642,0.37,0.9922,True
Melainabacteria_A0A952U252,A0A952U252,dev,2_aminophenol,Di,False,0.356,0.6134,0.2574,0.2642,0.5814,0.9922,True
Melainabacteria_A0A952U252,A0A952U252,dev,2_aminophenol,Mono,False,0.0272,0.0815,0.0543,0.0264,0.0679,0.9922,True
Melainabacteria_A0A952U252,A0A952U252,dev,2_aminophenol,Tri,False,0.4128,0.7439,0.3311,0.37,0.7234,0.9922,True
Melainabacteria_A0A952U252,A0A952U252,dev,3_methoxytyramine,Di,False,0.1129,0.0394,-0.0735,0.0758,0.046,0.9922,True
Melainabacteria_A0A952U252,A0A952U252,dev,3_methoxytyramine,Mono,False,0.0031,0.0026,-0.0005,0.0096,0.0096,0.9922,True
Melainabacteria_A0A952U252,A0A952U252,dev,3_methoxytyramine,Tri,False,0.0402,0.0472,0.007,0.046,0.0679,0.9922,True
Melainabacteria_A0A952U252,A0A952U252,dev,alanine,Di,True,0.8993,0.9181,0.0188,0.7921,0.7921,0.9922,True
Melainabacteria_A0A952U252,A0A952U252,dev,alanine,Mono,False,0.4252,0.607,0.1818,0.37,0.566,0.9922,True
Melainabacteria_A0A952U252,A0A952U252,dev,alanine,Tri,False,0.0534,0.2629,0.2095,0.0679,0.1538,0.9922,True
Melainabacteria_A0A952U252,A0A952U252,dev,arginine,Di,False,0.0006,0.0007,1e-04,0.0069,0.0069,0.9922,True
Melainabacteria_A0A952U252,A0A952U252,dev,arginine,Mono,False,0.0002,0.0002,0.0,0.0069,0.0069,0.9922,True
Melainabacteria_A0A952U252,A0A952U252,dev,arginine,Tri,False,0.0015,0.0027,0.0012,0.0096,0.0096,0.9922,True
Melainabacteria_A0A952U252,A0A952U252,dev,asparagine,Di,False,0.049,0.0545,0.0055,0.0679,0.0679,0.9922,True
Melainabacteria_A0A952U252,A0A952U252,dev,asparagine,Mono,False,0.019,0.0229,0.0039,0.0264,0.0264,0.9922,True
Melainabacteria_A0A952U252,A0A952U252,dev,asparagine,Tri,True,0.9229,0.9211,-0.0018,0.7921,0.7921,0.9922,True
Melainabacteria_A0A952U252,A0A952U252,dev,cadaverine,Di,False,0.002,0.0042,0.0022,0.0096,0.0096,0.9922,True
Melainabacteria_A0A952U252,A0A952U252,dev,cadaverine,Mono,False,0.0005,0.0012,0.0007,0.0069,0.0096,0.9922,True
Melainabacteria_A0A952U252,A0A952U252,dev,cadaverine,Tri,False,0.003,0.009,0.006,0.0096,0.0179,0.9922,True
Melainabacteria_A0A952U252,A0A952U252,dev,citrulline,Di,False,0.0041,0.0077,0.0036,0.0096,0.0167,0.9922,True
Melainabacteria_A0A952U252,A0A952U252,dev,citrulline,Mono,False,0.0009,0.0019,0.001,0.0069,0.0096,0.9922,True
Melainabacteria_A0A952U252,A0A952U252,dev,citrulline,Tri,False,0.0019,0.0047,0.0028,0.0096,0.0097,0.9922,True
Melainabacteria_A0A952U252,A0A952U252,dev,cystine,Di,False,0.0043,0.0036,-0.0007,0.0096,0.0096,0.9922,True
Melainabacteria_A0A952U252,A0A952U252,dev,cystine,Mono,False,0.0004,0.0005,1e-04,0.0069,0.0069,0.9922,True
Melainabacteria_A0A952U252,A0A952U252,dev,cystine,Tri,False,0.003,0.0045,0.0015,0.0096,0.0096,0.9922,True
Melainabacteria_A0A952U252,A0A952U252,dev,dopamine,Di,False,0.1813,0.167,-0.0143,0.1317,0.1192,0.9922,True
Melainabacteria_A0A952U252,A0A952U252,dev,dopamine,Mono,False,0.0287,0.0337,0.005,0.0264,0.0264,0.9922,True
Melainabacteria_A0A952U252,A0A952U252,dev,dopamine,Tri,True,0.8472,0.9077,0.0605,0.7547,0.7921,0.9922,True
Melainabacteria_A0A952U252,A0A952U252,dev,gaba,Di,True,0.9868,0.9809,-0.0059,0.8343,0.8343,0.9922,True
Melainabacteria_A0A952U252,A0A952U252,dev,gaba,Mono,True,0.9655,0.9561,-0.0094,0.8273,0.7921,0.9922,True
Melainabacteria_A0A952U252,A0A952U252,dev,gaba,Tri,True,0.9893,0.9881,-0.0012,0.8873,0.8873,0.9922,True
Melainabacteria_A0A952U252,A0A952U252,dev,glutamine,Di,False,0.0128,0.011,-0.0018,0.0264,0.0264,0.9922,True
Melainabacteria_A0A952U252,A0A952U252,dev,glutamine,Mono,False,0.0104,0.0079,-0.0025,0.0179,0.0167,0.9922,True
Melainabacteria_A0A952U252,A0A952U252,dev,glutamine,Tri,False,0.0099,0.0137,0.0038,0.0179,0.0264,0.9922,True
Melainabacteria_A0A952U252,A0A952U252,dev,glyglycine,Di,False,0.0084,0.0105,0.0021,0.0167,0.0179,0.9922,True
Melainabacteria_A0A952U252,A0A952U252,dev,glyglycine,Mono,False,0.0021,0.0034,0.0013,0.0096,0.0096,0.9922,True
Melainabacteria_A0A952U252,A0A952U252,dev,glyglycine,Tri,False,0.0234,0.055,0.0316,0.0264,0.0679,0.9922,True
Melainabacteria_A0A952U252,A0A952U252,dev,histidine,Di,False,0.0009,0.0014,0.0005,0.0069,0.0096,0.9922,True
Melainabacteria_A0A952U252,A0A952U252,dev,histidine,Mono,False,0.0006,0.0012,0.0006,0.0069,0.0096,0.9922,True
Melainabacteria_A0A952U252,A0A952U252,dev,histidine,Tri,False,0.003,0.0068,0.0038,0.0096,0.0157,0.9922,True
Melainabacteria_A0A952U252,A0A952U252,dev,lysine,Di,False,0.0335,0.0612,0.0277,0.0264,0.0679,0.9922,True
Melainabacteria_A0A952U252,A0A952U252,dev,lysine,Mono,False,0.0032,0.0057,0.0025,0.0096,0.0157,0.9922,True
Melainabacteria_A0A952U252,A0A952U252,dev,lysine,Tri,False,0.0039,0.0071,0.0032,0.0096,0.0157,0.9922,True
Melainabacteria_A0A952U252,A0A952U252,dev,methionine,Di,False,0.0072,0.0095,0.0023,0.0167,0.0179,0.9922,True
Melainabacteria_A0A952U252,A0A952U252,dev,methionine,Mono,False,0.0027,0.0046,0.0019,0.0096,0.0096,0.9922,True
Melainabacteria_A0A952U252,A0A952U252,dev,methionine,Tri,False,0.0079,0.0163,0.0084,0.0167,0.0264,0.9922,True
Melainabacteria_A0A952U252,A0A952U252,dev,ornithine,Di,False,0.0223,0.02,-0.0023,0.0264,0.0264,0.9922,True
Melainabacteria_A0A952U252,A0A952U252,dev,ornithine,Mono,False,0.0051,0.0057,0.0006,0.0157,0.0157,0.9922,True
Melainabacteria_A0A952U252,A0A952U252,dev,ornithine,Tri,False,0.0076,0.0089,0.0013,0.0167,0.0179,0.9922,True
Melainabacteria_A0A952U252,A0A952U252,dev,phenylalanine,Di,True,0.9535,0.9636,0.0101,0.7921,0.8273,0.9922,True
Melainabacteria_A0A952U252,A0A952U252,dev,phenylalanine,Mono,False,0.1013,0.1675,0.0662,0.0758,0.1317,0.9922,True
Melainabacteria_A0A952U252,A0A952U252,dev,phenylalanine,Tri,True,0.9615,0.9774,0.0159,0.7921,0.8343,0.9922,True
Melainabacteria_A0A952U252,A0A952U252,dev,proline,Di,False,0.0006,0.0012,0.0006,0.0069,0.0096,0.9922,True
Melainabacteria_A0A952U252,A0A952U252,dev,proline,Mono,False,0.0003,0.0006,0.0003,0.0069,0.0069,0.9922,True
Melainabacteria_A0A952U252,A0A952U252,dev,proline,Tri,False,0.0055,0.0108,0.0053,0.0157,0.0264,0.9922,True
Melainabacteria_A0A952U252,A0A952U252,dev,putrescine,Di,False,0.0026,0.0055,0.0029,0.0096,0.0157,0.9922,True
Melainabacteria_A0A952U252,A0A952U252,dev,putrescine,Mono,False,0.0006,0.0015,0.0009,0.0069,0.0096,0.9922,True
Melainabacteria_A0A952U252,A0A952U252,dev,putrescine,Tri,False,0.0039,0.0118,0.0079,0.0096,0.0264,0.9922,True
Melainabacteria_A0A952U252,A0A952U252,dev,serine,Di,False,0.0688,0.1342,0.0654,0.0679,0.1192,0.9922,True
Melainabacteria_A0A952U252,A0A952U252,dev,serine,Mono,False,0.0334,0.0593,0.0259,0.0264,0.0679,0.9922,True
Melainabacteria_A0A952U252,A0A952U252,dev,serine,Tri,False,0.0146,0.0397,0.0251,0.0264,0.046,0.9922,True
Melainabacteria_A0A952U252,A0A952U252,dev,serotonin,Di,False,0.002,0.0022,0.0002,0.0096,0.0096,0.9922,True
Melainabacteria_A0A952U252,A0A952U252,dev,serotonin,Mono,False,0.0171,0.0144,-0.0027,0.0264,0.0264,0.9922,True
Melainabacteria_A0A952U252,A0A952U252,dev,serotonin,Tri,False,0.0029,0.0054,0.0025,0.0096,0.0157,0.9922,True
Melainabacteria_A0A952U252,A0A952U252,dev,threonine,Di,False,0.0029,0.0041,0.0012,0.0096,0.0096,0.9922,True
Melainabacteria_A0A952U252,A0A952U252,dev,threonine,Mono,False,0.0039,0.0059,0.002,0.0096,0.0157,0.9922,True
Melainabacteria_A0A952U252,A0A952U252,dev,threonine,Tri,False,0.0004,0.0009,0.0005,0.0069,0.0069,0.9922,True
Melainabacteria_A0A952U252,A0A952U252,dev,tryptamine,Di,False,0.0008,0.0016,0.0008,0.0069,0.0096,0.9922,True
Melainabacteria_A0A952U252,A0A952U252,dev,tryptamine,Mono,False,1e-04,0.0003,0.0002,0.0058,0.0069,0.9922,True
Melainabacteria_A0A952U252,A0A952U252,dev,tryptamine,Tri,False,0.0014,0.0038,0.0024,0.0096,0.0096,0.9922,True
Melainabacteria_A0A952U252,A0A952U252,dev,tyramine,Di,False,0.0112,0.0164,0.0052,0.0264,0.0264,0.9922,True
Melainabacteria_A0A952U252,A0A952U252,dev,tyramine,Mono,False,0.1223,0.2042,0.0819,0.0781,0.1317,0.9922,True
Melainabacteria_A0A952U252,A0A952U252,dev,tyramine,Tri,False,0.0153,0.0316,0.0163,0.0264,0.0264,0.9922,True
Moorena_SIO4A1_A0A6B3MYR8,A0A6B3MYR8,dev,"2,3_diaminopropionic acid",Di,False,0.0002,0.0078,0.0076,0.0069,0.0167,0.9903,True
Moorena_SIO4A1_A0A6B3MYR8,A0A6B3MYR8,dev,"2,3_diaminopropionic acid",Mono,False,1e-04,0.0014,0.0013,0.0058,0.0096,0.9903,True
Moorena_SIO4A1_A0A6B3MYR8,A0A6B3MYR8,dev,"2,3_diaminopropionic acid",Tri,False,0.002,0.1032,0.1012,0.0096,0.0758,0.9903,True
Moorena_SIO4A1_A0A6B3MYR8,A0A6B3MYR8,dev,2_aminophenol,Di,False,0.0028,0.1092,0.1064,0.0096,0.0758,0.9903,True
Moorena_SIO4A1_A0A6B3MYR8,A0A6B3MYR8,dev,2_aminophenol,Mono,False,0.0002,0.0043,0.0041,0.0069,0.0096,0.9903,True
Moorena_SIO4A1_A0A6B3MYR8,A0A6B3MYR8,dev,2_aminophenol,Tri,False,0.0045,0.2145,0.21,0.0096,0.1317,0.9903,True
Moorena_SIO4A1_A0A6B3MYR8,A0A6B3MYR8,dev,3_methoxytyramine,Di,False,0.0004,0.0098,0.0094,0.0069,0.0179,0.9903,True
Moorena_SIO4A1_A0A6B3MYR8,A0A6B3MYR8,dev,3_methoxytyramine,Mono,False,0.0,0.0004,0.0004,0.0,0.0069,0.9903,True
Moorena_SIO4A1_A0A6B3MYR8,A0A6B3MYR8,dev,3_methoxytyramine,Tri,False,0.0004,0.0153,0.0149,0.0069,0.0264,0.9903,True
Moorena_SIO4A1_A0A6B3MYR8,A0A6B3MYR8,dev,alanine,Di,False,0.0413,0.8053,0.764,0.046,0.7547,0.9903,True
Moorena_SIO4A1_A0A6B3MYR8,A0A6B3MYR8,dev,alanine,Mono,False,0.0039,0.2219,0.218,0.0096,0.1466,0.9903,True
Moorena_SIO4A1_A0A6B3MYR8,A0A6B3MYR8,dev,alanine,Tri,False,0.0003,0.0188,0.0185,0.0069,0.0264,0.9903,True
Moorena_SIO4A1_A0A6B3MYR8,A0A6B3MYR8,dev,arginine,Di,False,0.0,1e-04,1e-04,0.0,0.0058,0.9903,True
Moorena_SIO4A1_A0A6B3MYR8,A0A6B3MYR8,dev,arginine,Mono,False,0.0,0.0,0.0,0.0,0.0,0.9903,True
Moorena_SIO4A1_A0A6B3MYR8,A0A6B3MYR8,dev,arginine,Tri,False,0.0,0.0002,0.0002,0.0,0.0069,0.9903,True
Moorena_SIO4A1_A0A6B3MYR8,A0A6B3MYR8,dev,asparagine,Di,False,0.0004,0.0088,0.0084,0.0069,0.0179,0.9903,True
Moorena_SIO4A1_A0A6B3MYR8,A0A6B3MYR8,dev,asparagine,Mono,False,0.0002,0.0027,0.0025,0.0069,0.0096,0.9903,True
Moorena_SIO4A1_A0A6B3MYR8,A0A6B3MYR8,dev,asparagine,Tri,False,0.108,0.7732,0.6652,0.0758,0.7234,0.9903,True
Moorena_SIO4A1_A0A6B3MYR8,A0A6B3MYR8,dev,cadaverine,Di,False,0.0,0.0005,0.0005,0.0,0.0069,0.9903,True
Moorena_SIO4A1_A0A6B3MYR8,A0A6B3MYR8,dev,cadaverine,Mono,False,0.0,1e-04,1e-04,0.0,0.0058,0.9903,True
Moorena_SIO4A1_A0A6B3MYR8,A0A6B3MYR8,dev,cadaverine,Tri,False,0.0,0.0015,0.0015,0.0,0.0096,0.9903,True
Moorena_SIO4A1_A0A6B3MYR8,A0A6B3MYR8,dev,citrulline,Di,False,0.0,0.0007,0.0007,0.0,0.0069,0.9903,True
Moorena_SIO4A1_A0A6B3MYR8,A0A6B3MYR8,dev,citrulline,Mono,False,0.0,1e-04,1e-04,0.0,0.0058,0.9903,True
Moorena_SIO4A1_A0A6B3MYR8,A0A6B3MYR8,dev,citrulline,Tri,False,0.0,0.0004,0.0004,0.0,0.0069,0.9903,True
Moorena_SIO4A1_A0A6B3MYR8,A0A6B3MYR8,dev,cystine,Di,False,0.0,0.0004,0.0004,0.0,0.0069,0.9903,True
Moorena_SIO4A1_A0A6B3MYR8,A0A6B3MYR8,dev,cystine,Mono,False,0.0,0.0,0.0,0.0,0.0,0.9903,True
Moorena_SIO4A1_A0A6B3MYR8,A0A6B3MYR8,dev,cystine,Tri,False,0.0,0.0006,0.0006,0.0,0.0069,0.9903,True
Moorena_SIO4A1_A0A6B3MYR8,A0A6B3MYR8,dev,dopamine,Di,False,0.0024,0.0396,0.0372,0.0096,0.046,0.9903,True
Moorena_SIO4A1_A0A6B3MYR8,A0A6B3MYR8,dev,dopamine,Mono,False,0.0003,0.0039,0.0036,0.0069,0.0096,0.9903,True
Moorena_SIO4A1_A0A6B3MYR8,A0A6B3MYR8,dev,dopamine,Tri,False,0.0743,0.7205,0.6462,0.0679,0.7233,0.9903,True
Moorena_SIO4A1_A0A6B3MYR8,A0A6B3MYR8,dev,gaba,Di,False,0.0686,0.8652,0.7966,0.0679,0.7547,0.9903,True
Moorena_SIO4A1_A0A6B3MYR8,A0A6B3MYR8,dev,gaba,Mono,False,0.025,0.6343,0.6093,0.0264,0.5862,0.9903,True
Moorena_SIO4A1_A0A6B3MYR8,A0A6B3MYR8,dev,gaba,Tri,False,0.0936,0.9271,0.8335,0.0758,0.7921,0.9903,True
Moorena_SIO4A1_A0A6B3MYR8,A0A6B3MYR8,dev,glutamine,Di,False,0.0,0.0009,0.0009,0.0,0.0069,0.9903,True
Moorena_SIO4A1_A0A6B3MYR8,A0A6B3MYR8,dev,glutamine,Mono,False,0.0,0.0006,0.0006,0.0,0.0069,0.9903,True
Moorena_SIO4A1_A0A6B3MYR8,A0A6B3MYR8,dev,glutamine,Tri,False,0.0,0.0013,0.0013,0.0,0.0096,0.9903,True
Moorena_SIO4A1_A0A6B3MYR8,A0A6B3MYR8,dev,glyglycine,Di,False,1e-04,0.0031,0.003,0.0058,0.0096,0.9903,True
Moorena_SIO4A1_A0A6B3MYR8,A0A6B3MYR8,dev,glyglycine,Mono,False,0.0,0.0006,0.0006,0.0,0.0069,0.9903,True
Moorena_SIO4A1_A0A6B3MYR8,A0A6B3MYR8,dev,glyglycine,Tri,False,0.0002,0.0197,0.0195,0.0069,0.0264,0.9903,True
Moorena_SIO4A1_A0A6B3MYR8,A0A6B3MYR8,dev,histidine,Di,False,0.0,0.0003,0.0003,0.0,0.0069,0.9903,True
Moorena_SIO4A1_A0A6B3MYR8,A0A6B3MYR8,dev,histidine,Mono,False,0.0,1e-04,1e-04,0.0,0.0058,0.9903,True
Moorena_SIO4A1_A0A6B3MYR8,A0A6B3MYR8,dev,histidine,Tri,False,0.0,0.0015,0.0015,0.0,0.0096,0.9903,True
Moorena_SIO4A1_A0A6B3MYR8,A0A6B3MYR8,dev,lysine,Di,False,0.0002,0.0051,0.0049,0.0069,0.0157,0.9903,True
Moorena_SIO4A1_A0A6B3MYR8,A0A6B3MYR8,dev,lysine,Mono,False,0.0,0.0004,0.0004,0.0,0.0069,0.9903,True
Moorena_SIO4A1_A0A6B3MYR8,A0A6B3MYR8,dev,lysine,Tri,False,0.0,0.0008,0.0008,0.0,0.0069,0.9903,True
Moorena_SIO4A1_A0A6B3MYR8,A0A6B3MYR8,dev,methionine,Di,False,0.0,0.0008,0.0008,0.0,0.0069,0.9903,True
Moorena_SIO4A1_A0A6B3MYR8,A0A6B3MYR8,dev,methionine,Mono,False,0.0,0.0002,0.0002,0.0,0.0069,0.9903,True
Moorena_SIO4A1_A0A6B3MYR8,A0A6B3MYR8,dev,methionine,Tri,False,0.0,0.0012,0.0012,0.0,0.0096,0.9903,True
Moorena_SIO4A1_A0A6B3MYR8,A0A6B3MYR8,dev,ornithine,Di,False,0.0002,0.0029,0.0027,0.0069,0.0096,0.9903,True
Moorena_SIO4A1_A0A6B3MYR8,A0A6B3MYR8,dev,ornithine,Mono,False,1e-04,0.0005,0.0004,0.0058,0.0069,0.9903,True
Moorena_SIO4A1_A0A6B3MYR8,A0A6B3MYR8,dev,ornithine,Tri,False,1e-04,0.0013,0.0012,0.0058,0.0096,0.9903,True
Moorena_SIO4A1_A0A6B3MYR8,A0A6B3MYR8,dev,phenylalanine,Di,False,0.0645,0.6941,0.6296,0.0679,0.6364,0.9903,True
Moorena_SIO4A1_A0A6B3MYR8,A0A6B3MYR8,dev,phenylalanine,Mono,False,0.0004,0.0062,0.0058,0.0069,0.0157,0.9903,True
Moorena_SIO4A1_A0A6B3MYR8,A0A6B3MYR8,dev,phenylalanine,Tri,False,0.1063,0.8129,0.7066,0.0758,0.7547,0.9903,True
Moorena_SIO4A1_A0A6B3MYR8,A0A6B3MYR8,dev,proline,Di,False,0.0,0.0004,0.0004,0.0,0.0069,0.9903,True
Moorena_SIO4A1_A0A6B3MYR8,A0A6B3MYR8,dev,proline,Mono,False,0.0,1e-04,1e-04,0.0,0.0058,0.9903,True
Moorena_SIO4A1_A0A6B3MYR8,A0A6B3MYR8,dev,proline,Tri,False,1e-04,0.0038,0.0037,0.0058,0.0096,0.9903,True
Moorena_SIO4A1_A0A6B3MYR8,A0A6B3MYR8,dev,putrescine,Di,False,0.0,0.0006,0.0006,0.0,0.0069,0.9903,True
Moorena_SIO4A1_A0A6B3MYR8,A0A6B3MYR8,dev,putrescine,Mono,False,0.0,1e-04,1e-04,0.0,0.0058,0.9903,True
Moorena_SIO4A1_A0A6B3MYR8,A0A6B3MYR8,dev,putrescine,Tri,False,0.0,0.0017,0.0017,0.0,0.0096,0.9903,True
Moorena_SIO4A1_A0A6B3MYR8,A0A6B3MYR8,dev,serine,Di,False,0.0003,0.0194,0.0191,0.0069,0.0264,0.9903,True
Moorena_SIO4A1_A0A6B3MYR8,A0A6B3MYR8,dev,serine,Mono,False,0.0002,0.0083,0.0081,0.0069,0.0167,0.9903,True
Moorena_SIO4A1_A0A6B3MYR8,A0A6B3MYR8,dev,serine,Tri,False,1e-04,0.0048,0.0047,0.0058,0.0097,0.9903,True
Moorena_SIO4A1_A0A6B3MYR8,A0A6B3MYR8,dev,serotonin,Di,False,0.0,0.0004,0.0004,0.0,0.0069,0.9903,True
Moorena_SIO4A1_A0A6B3MYR8,A0A6B3MYR8,dev,serotonin,Mono,False,1e-04,0.0015,0.0014,0.0058,0.0096,0.9903,True
Moorena_SIO4A1_A0A6B3MYR8,A0A6B3MYR8,dev,serotonin,Tri,False,0.0,0.001,0.001,0.0,0.0096,0.9903,True
Moorena_SIO4A1_A0A6B3MYR8,A0A6B3MYR8,dev,threonine,Di,False,0.0,0.001,0.001,0.0,0.0069,0.9903,True
Moorena_SIO4A1_A0A6B3MYR8,A0A6B3MYR8,dev,threonine,Mono,False,0.0,0.001,0.001,0.0,0.0069,0.9903,True
Moorena_SIO4A1_A0A6B3MYR8,A0A6B3MYR8,dev,threonine,Tri,False,0.0,1e-04,1e-04,0.0,0.0058,0.9903,True
Moorena_SIO4A1_A0A6B3MYR8,A0A6B3MYR8,dev,tryptamine,Di,False,0.0,0.0002,0.0002,0.0,0.0069,0.9903,True
Moorena_SIO4A1_A0A6B3MYR8,A0A6B3MYR8,dev,tryptamine,Mono,False,0.0,0.0,0.0,0.0,0.0,0.9903,True
Moorena_SIO4A1_A0A6B3MYR8,A0A6B3MYR8,dev,tryptamine,Tri,False,0.0,0.0007,0.0007,0.0,0.0069,0.9903,True
Moorena_SIO4A1_A0A6B3MYR8,A0A6B3MYR8,dev,tyramine,Di,False,1e-04,0.0021,0.002,0.0058,0.0096,0.9903,True
Moorena_SIO4A1_A0A6B3MYR8,A0A6B3MYR8,dev,tyramine,Mono,False,0.0007,0.0135,0.0128,0.0069,0.0264,0.9903,True
Moorena_SIO4A1_A0A6B3MYR8,A0A6B3MYR8,dev,tyramine,Tri,False,1e-04,0.0057,0.0056,0.0058,0.0157,0.9903,True
Myroides_A0A7K1GNS5,A0A7K1GNS5,test,"2,3_diaminopropionic acid",Di,False,0.0104,0.0047,-0.0057,0.0179,0.0097,0.989,True
Myroides_A0A7K1GNS5,A0A7K1GNS5,test,"2,3_diaminopropionic acid",Mono,False,0.0017,0.001,-0.0007,0.0096,0.0096,0.989,True
Myroides_A0A7K1GNS5,A0A7K1GNS5,test,"2,3_diaminopropionic acid",Tri,False,0.1354,0.0743,-0.0611,0.1192,0.0679,0.989,True
Myroides_A0A7K1GNS5,A0A7K1GNS5,test,2_aminophenol,Di,False,0.0805,0.0531,-0.0274,0.0679,0.0679,0.989,True
Myroides_A0A7K1GNS5,A0A7K1GNS5,test,2_aminophenol,Mono,False,0.0038,0.0032,-0.0006,0.0096,0.0096,0.989,True
Myroides_A0A7K1GNS5,A0A7K1GNS5,test,2_aminophenol,Tri,False,0.1501,0.1299,-0.0202,0.1192,0.1,0.989,True
Myroides_A0A7K1GNS5,A0A7K1GNS5,test,3_methoxytyramine,Di,False,0.0257,0.0049,-0.0208,0.0264,0.0097,0.989,True
Myroides_A0A7K1GNS5,A0A7K1GNS5,test,3_methoxytyramine,Mono,False,0.0009,0.0004,-0.0005,0.0069,0.0069,0.989,True
Myroides_A0A7K1GNS5,A0A7K1GNS5,test,3_methoxytyramine,Tri,False,0.0382,0.0131,-0.0251,0.046,0.0264,0.989,True
Myroides_A0A7K1GNS5,A0A7K1GNS5,test,alanine,Di,True,0.9252,0.9233,-0.0019,0.7921,0.7921,0.989,True
Myroides_A0A7K1GNS5,A0A7K1GNS5,test,alanine,Mono,False,0.5604,0.6202,0.0598,0.4048,0.5862,0.989,True
Myroides_A0A7K1GNS5,A0A7K1GNS5,test,alanine,Tri,False,0.1152,0.1355,0.0203,0.0758,0.1192,0.989,True
Myroides_A0A7K1GNS5,A0A7K1GNS5,test,arginine,Di,False,0.0002,1e-04,-1e-04,0.0069,0.0058,0.989,True
Myroides_A0A7K1GNS5,A0A7K1GNS5,test,arginine,Mono,False,0.0,0.0,0.0,0.0,0.0,0.989,True
Myroides_A0A7K1GNS5,A0A7K1GNS5,test,arginine,Tri,False,0.0007,0.0003,-0.0004,0.0069,0.0069,0.989,True
Myroides_A0A7K1GNS5,A0A7K1GNS5,test,asparagine,Di,False,0.0417,0.0097,-0.032,0.0526,0.0179,0.989,True
Myroides_A0A7K1GNS5,A0A7K1GNS5,test,asparagine,Mono,False,0.0105,0.0027,-0.0078,0.026,0.0096,0.989,True
Myroides_A0A7K1GNS5,A0A7K1GNS5,test,asparagine,Tri,True,0.9406,0.8047,-0.1359,0.7921,0.7547,0.989,True
Myroides_A0A7K1GNS5,A0A7K1GNS5,test,cadaverine,Di,False,0.0016,0.001,-0.0006,0.0096,0.0069,0.989,True
Myroides_A0A7K1GNS5,A0A7K1GNS5,test,cadaverine,Mono,False,0.0003,0.0002,-1e-04,0.0069,0.0069,0.989,True
Myroides_A0A7K1GNS5,A0A7K1GNS5,test,cadaverine,Tri,False,0.0034,0.0026,-0.0008,0.0096,0.0096,0.989,True
Myroides_A0A7K1GNS5,A0A7K1GNS5,test,citrulline,Di,False,0.002,0.0009,-0.0011,0.0096,0.0069,0.989,True
Myroides_A0A7K1GNS5,A0A7K1GNS5,test,citrulline,Mono,False,0.0003,1e-04,-0.0002,0.0069,0.0069,0.989,True
Myroides_A0A7K1GNS5,A0A7K1GNS5,test,citrulline,Tri,False,0.0014,0.0005,-0.0009,0.0096,0.0069,0.989,True
Myroides_A0A7K1GNS5,A0A7K1GNS5,test,cystine,Di,False,0.001,0.0005,-0.0005,0.0069,0.0069,0.989,True
Myroides_A0A7K1GNS5,A0A7K1GNS5,test,cystine,Mono,False,1e-04,1e-04,0.0,0.0058,0.0058,0.989,True
Myroides_A0A7K1GNS5,A0A7K1GNS5,test,cystine,Tri,False,0.0015,0.001,-0.0005,0.0096,0.0069,0.989,True
Myroides_A0A7K1GNS5,A0A7K1GNS5,test,dopamine,Di,False,0.1283,0.0274,-0.1009,0.0781,0.0264,0.989,True
Myroides_A0A7K1GNS5,A0A7K1GNS5,test,dopamine,Mono,False,0.0124,0.0042,-0.0082,0.0264,0.0096,0.989,True
Myroides_A0A7K1GNS5,A0A7K1GNS5,test,dopamine,Tri,True,0.9364,0.7378,-0.1986,0.7921,0.7234,0.989,True
Myroides_A0A7K1GNS5,A0A7K1GNS5,test,gaba,Di,True,0.9877,0.9275,-0.0602,0.8343,0.7921,0.989,True
Myroides_A0A7K1GNS5,A0A7K1GNS5,test,gaba,Mono,True,0.9598,0.7855,-0.1743,0.7921,0.7234,0.989,True
Myroides_A0A7K1GNS5,A0A7K1GNS5,test,gaba,Tri,True,0.9926,0.9525,-0.0401,0.8962,0.7921,0.989,True
Myroides_A0A7K1GNS5,A0A7K1GNS5,test,glutamine,Di,False,0.0026,0.0009,-0.0017,0.0096,0.0069,0.989,True
Myroides_A0A7K1GNS5,A0A7K1GNS5,test,glutamine,Mono,False,0.0013,0.0005,-0.0008,0.0096,0.0069,0.989,True
Myroides_A0A7K1GNS5,A0A7K1GNS5,test,glutamine,Tri,False,0.0036,0.0015,-0.0021,0.0096,0.0096,0.989,True
Myroides_A0A7K1GNS5,A0A7K1GNS5,test,glyglycine,Di,False,0.0052,0.0035,-0.0017,0.0157,0.0096,0.989,True
Myroides_A0A7K1GNS5,A0A7K1GNS5,test,glyglycine,Mono,False,0.0013,0.0011,-0.0002,0.0096,0.0096,0.989,True
Myroides_A0A7K1GNS5,A0A7K1GNS5,test,glyglycine,Tri,False,0.0228,0.0255,0.0027,0.0264,0.0264,0.989,True
Myroides_A0A7K1GNS5,A0A7K1GNS5,test,histidine,Di,False,0.0009,0.0005,-0.0004,0.0069,0.0069,0.989,True
Myroides_A0A7K1GNS5,A0A7K1GNS5,test,histidine,Mono,False,0.0003,0.0003,0.0,0.0069,0.0069,0.989,True
Myroides_A0A7K1GNS5,A0A7K1GNS5,test,histidine,Tri,False,0.0038,0.0031,-0.0007,0.0096,0.0096,0.989,True
Myroides_A0A7K1GNS5,A0A7K1GNS5,test,lysine,Di,False,0.0219,0.0129,-0.009,0.0264,0.0264,0.989,True
Myroides_A0A7K1GNS5,A0A7K1GNS5,test,lysine,Mono,False,0.0012,0.0007,-0.0005,0.0096,0.0069,0.989,True
Myroides_A0A7K1GNS5,A0A7K1GNS5,test,lysine,Tri,False,0.0028,0.0013,-0.0015,0.0096,0.0096,0.989,True
Myroides_A0A7K1GNS5,A0A7K1GNS5,test,methionine,Di,False,0.0018,0.0013,-0.0005,0.0096,0.0096,0.989,True
Myroides_A0A7K1GNS5,A0A7K1GNS5,test,methionine,Mono,False,0.0005,0.0005,0.0,0.0069,0.0069,0.989,True
Myroides_A0A7K1GNS5,A0A7K1GNS5,test,methionine,Tri,False,0.0028,0.0027,-1e-04,0.0096,0.0096,0.989,True
Myroides_A0A7K1GNS5,A0A7K1GNS5,test,ornithine,Di,False,0.0072,0.0021,-0.0051,0.0157,0.0096,0.989,True
Myroides_A0A7K1GNS5,A0A7K1GNS5,test,ornithine,Mono,False,0.0013,0.0004,-0.0009,0.0096,0.0069,0.989,True
Myroides_A0A7K1GNS5,A0A7K1GNS5,test,ornithine,Tri,False,0.0045,0.001,-0.0035,0.0096,0.0069,0.989,True
Myroides_A0A7K1GNS5,A0A7K1GNS5,test,phenylalanine,Di,True,0.9585,0.8277,-0.1308,0.7921,0.7547,0.989,True
Myroides_A0A7K1GNS5,A0A7K1GNS5,test,phenylalanine,Mono,False,0.0613,0.0361,-0.0252,0.0679,0.046,0.989,True
Myroides_A0A7K1GNS5,A0A7K1GNS5,test,phenylalanine,Tri,True,0.9741,0.9071,-0.067,0.8273,0.7921,0.989,True
Myroides_A0A7K1GNS5,A0A7K1GNS5,test,proline,Di,False,0.0008,0.0004,-0.0004,0.0069,0.0069,0.989,True
Myroides_A0A7K1GNS5,A0A7K1GNS5,test,proline,Mono,False,0.0002,1e-04,-1e-04,0.0069,0.0058,0.989,True
Myroides_A0A7K1GNS5,A0A7K1GNS5,test,proline,Tri,False,0.0054,0.0036,-0.0018,0.0157,0.0096,0.989,True
Myroides_A0A7K1GNS5,A0A7K1GNS5,test,putrescine,Di,False,0.0019,0.0011,-0.0008,0.0096,0.0096,0.989,True
Myroides_A0A7K1GNS5,A0A7K1GNS5,test,putrescine,Mono,False,0.0003,0.0002,-1e-04,0.0069,0.0069,0.989,True
Myroides_A0A7K1GNS5,A0A7K1GNS5,test,putrescine,Tri,False,0.0039,0.0029,-0.001,0.0096,0.0096,0.989,True
Myroides_A0A7K1GNS5,A0A7K1GNS5,test,serine,Di,False,0.0531,0.043,-0.0101,0.0679,0.0679,0.989,True
Myroides_A0A7K1GNS5,A0A7K1GNS5,test,serine,Mono,False,0.025,0.0241,-0.0009,0.0264,0.0264,0.989,True
Myroides_A0A7K1GNS5,A0A7K1GNS5,test,serine,Tri,False,0.0136,0.0108,-0.0028,0.0264,0.0264,0.989,True
Myroides_A0A7K1GNS5,A0A7K1GNS5,test,serotonin,Di,False,0.0008,0.0002,-0.0006,0.0069,0.0069,0.989,True
Myroides_A0A7K1GNS5,A0A7K1GNS5,test,serotonin,Mono,False,0.0039,0.0014,-0.0025,0.0096,0.0096,0.989,True
Myroides_A0A7K1GNS5,A0A7K1GNS5,test,serotonin,Tri,False,0.0015,0.0007,-0.0008,0.0096,0.0069,0.989,True
Myroides_A0A7K1GNS5,A0A7K1GNS5,test,threonine,Di,False,0.003,0.0022,-0.0008,0.0096,0.0096,0.989,True
Myroides_A0A7K1GNS5,A0A7K1GNS5,test,threonine,Mono,False,0.0048,0.0041,-0.0007,0.0097,0.0096,0.989,True
Myroides_A0A7K1GNS5,A0A7K1GNS5,test,threonine,Tri,False,0.0004,0.0004,0.0,0.0069,0.0069,0.989,True
Myroides_A0A7K1GNS5,A0A7K1GNS5,test,tryptamine,Di,False,0.0004,0.0002,-0.0002,0.0069,0.0069,0.989,True
Myroides_A0A7K1GNS5,A0A7K1GNS5,test,tryptamine,Mono,False,0.0,0.0,0.0,0.0058,0.0,0.989,True
Myroides_A0A7K1GNS5,A0A7K1GNS5,test,tryptamine,Tri,False,0.001,0.0008,-0.0002,0.009,0.0069,0.989,True
Myroides_A0A7K1GNS5,A0A7K1GNS5,test,tyramine,Di,False,0.008,0.0028,-0.0052,0.0167,0.0096,0.989,True
Myroides_A0A7K1GNS5,A0A7K1GNS5,test,tyramine,Mono,False,0.0516,0.0324,-0.0192,0.0679,0.0264,0.989,True
Myroides_A0A7K1GNS5,A0A7K1GNS5,test,tyramine,Tri,False,0.0175,0.008,-0.0095,0.0264,0.0167,0.989,True
Okeania_SIO1F9_A0A6B3PBB6,A0A6B3PBB6,dev,"2,3_diaminopropionic acid",Di,False,0.0219,0.0258,0.0039,0.0264,0.0264,0.9982,True
Okeania_SIO1F9_A0A6B3PBB6,A0A6B3PBB6,dev,"2,3_diaminopropionic acid",Mono,False,0.004,0.0052,0.0012,0.0096,0.0157,0.9982,True
Okeania_SIO1F9_A0A6B3PBB6,A0A6B3PBB6,dev,"2,3_diaminopropionic acid",Tri,False,0.2211,0.2862,0.0651,0.1466,0.1867,0.9982,True
Okeania_SIO1F9_A0A6B3PBB6,A0A6B3PBB6,dev,2_aminophenol,Di,False,0.2652,0.2704,0.0052,0.1538,0.1867,0.9982,True
Okeania_SIO1F9_A0A6B3PBB6,A0A6B3PBB6,dev,2_aminophenol,Mono,False,0.011,0.0147,0.0037,0.0264,0.0264,0.9982,True
Okeania_SIO1F9_A0A6B3PBB6,A0A6B3PBB6,dev,2_aminophenol,Tri,False,0.405,0.4627,0.0577,0.2642,0.37,0.9982,True
Okeania_SIO1F9_A0A6B3PBB6,A0A6B3PBB6,dev,3_methoxytyramine,Di,False,0.0372,0.0267,-0.0105,0.046,0.0264,0.9982,True
Okeania_SIO1F9_A0A6B3PBB6,A0A6B3PBB6,dev,3_methoxytyramine,Mono,False,0.0014,0.0015,1e-04,0.0096,0.0096,0.9982,True
Okeania_SIO1F9_A0A6B3PBB6,A0A6B3PBB6,dev,3_methoxytyramine,Tri,False,0.0378,0.0418,0.004,0.046,0.0526,0.9982,True
Okeania_SIO1F9_A0A6B3PBB6,A0A6B3PBB6,dev,alanine,Di,True,0.9248,0.9344,0.0096,0.7921,0.7921,0.9982,True
Okeania_SIO1F9_A0A6B3PBB6,A0A6B3PBB6,dev,alanine,Mono,False,0.4057,0.5715,0.1658,0.2642,0.566,0.9982,True
Okeania_SIO1F9_A0A6B3PBB6,A0A6B3PBB6,dev,alanine,Tri,False,0.0773,0.0739,-0.0034,0.0679,0.0679,0.9982,True
Okeania_SIO1F9_A0A6B3PBB6,A0A6B3PBB6,dev,arginine,Di,False,0.0006,0.0006,0.0,0.0069,0.0069,0.9982,True
Okeania_SIO1F9_A0A6B3PBB6,A0A6B3PBB6,dev,arginine,Mono,False,1e-04,1e-04,0.0,0.0058,0.0058,0.9982,True
Okeania_SIO1F9_A0A6B3PBB6,A0A6B3PBB6,dev,arginine,Tri,False,0.0011,0.0014,0.0003,0.0096,0.0096,0.9982,True
Okeania_SIO1F9_A0A6B3PBB6,A0A6B3PBB6,dev,asparagine,Di,False,0.0421,0.0271,-0.015,0.0526,0.0264,0.9982,True
Okeania_SIO1F9_A0A6B3PBB6,A0A6B3PBB6,dev,asparagine,Mono,False,0.0132,0.0091,-0.0041,0.0264,0.0179,0.9982,True
Okeania_SIO1F9_A0A6B3PBB6,A0A6B3PBB6,dev,asparagine,Tri,True,0.9203,0.9096,-0.0107,0.7921,0.7921,0.9982,True
Okeania_SIO1F9_A0A6B3PBB6,A0A6B3PBB6,dev,cadaverine,Di,False,0.0014,0.0017,0.0003,0.0096,0.0096,0.9982,True
Okeania_SIO1F9_A0A6B3PBB6,A0A6B3PBB6,dev,cadaverine,Mono,False,0.0003,0.0003,0.0,0.0069,0.0069,0.9982,True
Okeania_SIO1F9_A0A6B3PBB6,A0A6B3PBB6,dev,cadaverine,Tri,False,0.003,0.0041,0.0011,0.0096,0.0096,0.9982,True
Okeania_SIO1F9_A0A6B3PBB6,A0A6B3PBB6,dev,citrulline,Di,False,0.0046,0.0052,0.0006,0.0096,0.0157,0.9982,True
Okeania_SIO1F9_A0A6B3PBB6,A0A6B3PBB6,dev,citrulline,Mono,False,0.0007,0.0007,0.0,0.0069,0.0069,0.9982,True
Okeania_SIO1F9_A0A6B3PBB6,A0A6B3PBB6,dev,citrulline,Tri,False,0.0021,0.0025,0.0004,0.0096,0.0096,0.9982,True
Okeania_SIO1F9_A0A6B3PBB6,A0A6B3PBB6,dev,cystine,Di,False,0.0012,0.0012,0.0,0.0096,0.0096,0.9982,True
Okeania_SIO1F9_A0A6B3PBB6,A0A6B3PBB6,dev,cystine,Mono,False,1e-04,1e-04,0.0,0.0058,0.0058,0.9982,True
Okeania_SIO1F9_A0A6B3PBB6,A0A6B3PBB6,dev,cystine,Tri,False,0.0015,0.0016,1e-04,0.0096,0.0096,0.9982,True
Okeania_SIO1F9_A0A6B3PBB6,A0A6B3PBB6,dev,dopamine,Di,False,0.1748,0.1354,-0.0394,0.1317,0.1192,0.9982,True
Okeania_SIO1F9_A0A6B3PBB6,A0A6B3PBB6,dev,dopamine,Mono,False,0.0192,0.0193,1e-04,0.0264,0.0264,0.9982,True
Okeania_SIO1F9_A0A6B3PBB6,A0A6B3PBB6,dev,dopamine,Tri,True,0.9007,0.9075,0.0068,0.7921,0.7921,0.9982,True
Okeania_SIO1F9_A0A6B3PBB6,A0A6B3PBB6,dev,gaba,Di,True,0.9874,0.9811,-0.0063,0.8343,0.8343,0.9982,True
Okeania_SIO1F9_A0A6B3PBB6,A0A6B3PBB6,dev,gaba,Mono,True,0.953,0.9331,-0.0199,0.7921,0.7921,0.9982,True
Okeania_SIO1F9_A0A6B3PBB6,A0A6B3PBB6,dev,gaba,Tri,True,0.9928,0.9894,-0.0034,0.8962,0.8873,0.9982,True
Okeania_SIO1F9_A0A6B3PBB6,A0A6B3PBB6,dev,glutamine,Di,False,0.0054,0.007,0.0016,0.0157,0.0157,0.9982,True
Okeania_SIO1F9_A0A6B3PBB6,A0A6B3PBB6,dev,glutamine,Mono,False,0.0033,0.0042,0.0009,0.0096,0.0096,0.9982,True
Okeania_SIO1F9_A0A6B3PBB6,A0A6B3PBB6,dev,glutamine,Tri,False,0.0061,0.0085,0.0024,0.0157,0.0167,0.9982,True
Okeania_SIO1F9_A0A6B3PBB6,A0A6B3PBB6,dev,glyglycine,Di,False,0.0063,0.0075,0.0012,0.0157,0.0167,0.9982,True
Okeania_SIO1F9_A0A6B3PBB6,A0A6B3PBB6,dev,glyglycine,Mono,False,0.0012,0.0017,0.0005,0.0096,0.0096,0.9982,True
Okeania_SIO1F9_A0A6B3PBB6,A0A6B3PBB6,dev,glyglycine,Tri,False,0.0221,0.0364,0.0143,0.0264,0.046,0.9982,True
Okeania_SIO1F9_A0A6B3PBB6,A0A6B3PBB6,dev,histidine,Di,False,0.0011,0.0013,0.0002,0.0096,0.0096,0.9982,True
Okeania_SIO1F9_A0A6B3PBB6,A0A6B3PBB6,dev,histidine,Mono,False,0.0004,0.0006,0.0002,0.0069,0.0069,0.9982,True
Okeania_SIO1F9_A0A6B3PBB6,A0A6B3PBB6,dev,histidine,Tri,False,0.0051,0.0074,0.0023,0.0157,0.0167,0.9982,True
Okeania_SIO1F9_A0A6B3PBB6,A0A6B3PBB6,dev,lysine,Di,False,0.0504,0.0478,-0.0026,0.0679,0.0679,0.9982,True
Okeania_SIO1F9_A0A6B3PBB6,A0A6B3PBB6,dev,lysine,Mono,False,0.0031,0.0031,0.0,0.0096,0.0096,0.9982,True
Okeania_SIO1F9_A0A6B3PBB6,A0A6B3PBB6,dev,lysine,Tri,False,0.0049,0.0058,0.0009,0.0097,0.0157,0.9982,True
Okeania_SIO1F9_A0A6B3PBB6,A0A6B3PBB6,dev,methionine,Di,False,0.0054,0.0043,-0.0011,0.0157,0.0096,0.9982,True
Okeania_SIO1F9_A0A6B3PBB6,A0A6B3PBB6,dev,methionine,Mono,False,0.0016,0.0013,-0.0003,0.0096,0.0096,0.9982,True
Okeania_SIO1F9_A0A6B3PBB6,A0A6B3PBB6,dev,methionine,Tri,False,0.0075,0.0076,1e-04,0.0167,0.0167,0.9982,True
Okeania_SIO1F9_A0A6B3PBB6,A0A6B3PBB6,dev,ornithine,Di,False,0.0207,0.0195,-0.0012,0.0264,0.0264,0.9982,True
Okeania_SIO1F9_A0A6B3PBB6,A0A6B3PBB6,dev,ornithine,Mono,False,0.0035,0.0031,-0.0004,0.0096,0.0096,0.9982,True
Okeania_SIO1F9_A0A6B3PBB6,A0A6B3PBB6,dev,ornithine,Tri,False,0.0079,0.0077,-0.0002,0.0167,0.0167,0.9982,True
Okeania_SIO1F9_A0A6B3PBB6,A0A6B3PBB6,dev,phenylalanine,Di,True,0.9458,0.9394,-0.0064,0.7921,0.7921,0.9982,True
Okeania_SIO1F9_A0A6B3PBB6,A0A6B3PBB6,dev,phenylalanine,Mono,False,0.0529,0.054,0.0011,0.0679,0.0679,0.9982,True
Okeania_SIO1F9_A0A6B3PBB6,A0A6B3PBB6,dev,phenylalanine,Tri,True,0.97,0.9674,-0.0026,0.8273,0.8273,0.9982,True
Okeania_SIO1F9_A0A6B3PBB6,A0A6B3PBB6,dev,proline,Di,False,0.0008,0.0013,0.0005,0.0069,0.0096,0.9982,True
Okeania_SIO1F9_A0A6B3PBB6,A0A6B3PBB6,dev,proline,Mono,False,0.0002,0.0005,0.0003,0.0069,0.0069,0.9982,True
Okeania_SIO1F9_A0A6B3PBB6,A0A6B3PBB6,dev,proline,Tri,False,0.0067,0.0156,0.0089,0.0157,0.0264,0.9982,True
Okeania_SIO1F9_A0A6B3PBB6,A0A6B3PBB6,dev,putrescine,Di,False,0.0016,0.0021,0.0005,0.0096,0.0096,0.9982,True
Okeania_SIO1F9_A0A6B3PBB6,A0A6B3PBB6,dev,putrescine,Mono,False,0.0003,0.0004,1e-04,0.0069,0.0069,0.9982,True
Okeania_SIO1F9_A0A6B3PBB6,A0A6B3PBB6,dev,putrescine,Tri,False,0.0036,0.005,0.0014,0.0096,0.0097,0.9982,True
Okeania_SIO1F9_A0A6B3PBB6,A0A6B3PBB6,dev,serine,Di,False,0.0404,0.0549,0.0145,0.046,0.0679,0.9982,True
Okeania_SIO1F9_A0A6B3PBB6,A0A6B3PBB6,dev,serine,Mono,False,0.0224,0.045,0.0226,0.0264,0.0679,0.9982,True
Okeania_SIO1F9_A0A6B3PBB6,A0A6B3PBB6,dev,serine,Tri,False,0.0092,0.0152,0.006,0.0179,0.0264,0.9982,True
Okeania_SIO1F9_A0A6B3PBB6,A0A6B3PBB6,dev,serotonin,Di,False,0.0012,0.0017,0.0005,0.0096,0.0096,0.9982,True
Okeania_SIO1F9_A0A6B3PBB6,A0A6B3PBB6,dev,serotonin,Mono,False,0.0054,0.0068,0.0014,0.0157,0.0157,0.9982,True
Okeania_SIO1F9_A0A6B3PBB6,A0A6B3PBB6,dev,serotonin,Tri,False,0.0031,0.0058,0.0027,0.0096,0.0157,0.9982,True
Okeania_SIO1F9_A0A6B3PBB6,A0A6B3PBB6,dev,threonine,Di,False,0.003,0.0033,0.0003,0.0096,0.0096,0.9982,True
Okeania_SIO1F9_A0A6B3PBB6,A0A6B3PBB6,dev,threonine,Mono,False,0.0036,0.0064,0.0028,0.0096,0.0157,0.9982,True
Okeania_SIO1F9_A0A6B3PBB6,A0A6B3PBB6,dev,threonine,Tri,False,0.0003,0.0005,0.0002,0.0069,0.0069,0.9982,True
Okeania_SIO1F9_A0A6B3PBB6,A0A6B3PBB6,dev,tryptamine,Di,False,0.0005,0.0007,0.0002,0.0069,0.0069,0.9982,True
Okeania_SIO1F9_A0A6B3PBB6,A0A6B3PBB6,dev,tryptamine,Mono,False,1e-04,1e-04,0.0,0.0058,0.0058,0.9982,True
Okeania_SIO1F9_A0A6B3PBB6,A0A6B3PBB6,dev,tryptamine,Tri,False,0.0015,0.0029,0.0014,0.0096,0.0096,0.9982,True
Okeania_SIO1F9_A0A6B3PBB6,A0A6B3PBB6,dev,tyramine,Di,False,0.0095,0.0066,-0.0029,0.0179,0.0157,0.9982,True
Okeania_SIO1F9_A0A6B3PBB6,A0A6B3PBB6,dev,tyramine,Mono,False,0.061,0.0532,-0.0078,0.0679,0.0679,0.9982,True
Okeania_SIO1F9_A0A6B3PBB6,A0A6B3PBB6,dev,tyramine,Tri,False,0.0203,0.017,-0.0033,0.0264,0.0264,0.9982,True
Okeania_SIO1F9_A0A6B3PFJ7,A0A6B3PFJ7,dev,"2,3_diaminopropionic acid",Di,False,0.0179,0.0033,-0.0146,0.0264,0.0096,0.9928,True
Okeania_SIO1F9_A0A6B3PFJ7,A0A6B3PFJ7,dev,"2,3_diaminopropionic acid",Mono,False,0.0027,0.0007,-0.002,0.0096,0.0069,0.9928,True
Okeania_SIO1F9_A0A6B3PFJ7,A0A6B3PFJ7,dev,"2,3_diaminopropionic acid",Tri,False,0.1988,0.0562,-0.1426,0.1317,0.0679,0.9928,True
Okeania_SIO1F9_A0A6B3PFJ7,A0A6B3PFJ7,dev,2_aminophenol,Di,False,0.1442,0.0428,-0.1014,0.1192,0.0679,0.9928,True
Okeania_SIO1F9_A0A6B3PFJ7,A0A6B3PFJ7,dev,2_aminophenol,Mono,False,0.0068,0.0031,-0.0037,0.0157,0.0096,0.9928,True
Okeania_SIO1F9_A0A6B3PFJ7,A0A6B3PFJ7,dev,2_aminophenol,Tri,False,0.2962,0.1136,-0.1826,0.1867,0.0758,0.9928,True
Okeania_SIO1F9_A0A6B3PFJ7,A0A6B3PFJ7,dev,3_methoxytyramine,Di,False,0.0234,0.0063,-0.0171,0.0264,0.0157,0.9928,True
Okeania_SIO1F9_A0A6B3PFJ7,A0A6B3PFJ7,dev,3_methoxytyramine,Mono,False,0.0012,0.0004,-0.0008,0.0096,0.0069,0.9928,True
Okeania_SIO1F9_A0A6B3PFJ7,A0A6B3PFJ7,dev,3_methoxytyramine,Tri,False,0.0579,0.0151,-0.0428,0.0679,0.0264,0.9928,True
Okeania_SIO1F9_A0A6B3PFJ7,A0A6B3PFJ7,dev,alanine,Di,True,0.9081,0.6596,-0.2485,0.7921,0.5862,0.9928,True
Okeania_SIO1F9_A0A6B3PFJ7,A0A6B3PFJ7,dev,alanine,Mono,False,0.3784,0.1812,-0.1972,0.2642,0.1317,0.9928,True
Okeania_SIO1F9_A0A6B3PFJ7,A0A6B3PFJ7,dev,alanine,Tri,False,0.1214,0.033,-0.0884,0.0781,0.0264,0.9928,True
Okeania_SIO1F9_A0A6B3PFJ7,A0A6B3PFJ7,dev,arginine,Di,False,0.0003,1e-04,-0.0002,0.0069,0.0058,0.9928,True
Okeania_SIO1F9_A0A6B3PFJ7,A0A6B3PFJ7,dev,arginine,Mono,False,1e-04,0.0,-1e-04,0.0058,0.0,0.9928,True
Okeania_SIO1F9_A0A6B3PFJ7,A0A6B3PFJ7,dev,arginine,Tri,False,0.001,0.0002,-0.0008,0.0069,0.0069,0.9928,True
Okeania_SIO1F9_A0A6B3PFJ7,A0A6B3PFJ7,dev,asparagine,Di,False,0.0432,0.0077,-0.0355,0.0679,0.0167,0.9928,True
Okeania_SIO1F9_A0A6B3PFJ7,A0A6B3PFJ7,dev,asparagine,Mono,False,0.011,0.0025,-0.0085,0.0264,0.0096,0.9928,True
Okeania_SIO1F9_A0A6B3PFJ7,A0A6B3PFJ7,dev,asparagine,Tri,True,0.9392,0.7503,-0.1889,0.7921,0.7234,0.9928,True
Okeania_SIO1F9_A0A6B3PFJ7,A0A6B3PFJ7,dev,cadaverine,Di,False,0.0019,0.0006,-0.0013,0.0096,0.0069,0.9928,True
Okeania_SIO1F9_A0A6B3PFJ7,A0A6B3PFJ7,dev,cadaverine,Mono,False,0.0003,1e-04,-0.0002,0.0069,0.0058,0.9928,True
Okeania_SIO1F9_A0A6B3PFJ7,A0A6B3PFJ7,dev,cadaverine,Tri,False,0.0056,0.0017,-0.0039,0.0157,0.0096,0.9928,True
Okeania_SIO1F9_A0A6B3PFJ7,A0A6B3PFJ7,dev,citrulline,Di,False,0.0023,0.0004,-0.0019,0.0096,0.0069,0.9928,True
Okeania_SIO1F9_A0A6B3PFJ7,A0A6B3PFJ7,dev,citrulline,Mono,False,0.0003,1e-04,-0.0002,0.0069,0.0058,0.9928,True
Okeania_SIO1F9_A0A6B3PFJ7,A0A6B3PFJ7,dev,citrulline,Tri,False,0.0019,0.0004,-0.0015,0.0096,0.0069,0.9928,True
Okeania_SIO1F9_A0A6B3PFJ7,A0A6B3PFJ7,dev,cystine,Di,False,0.0011,0.0003,-0.0008,0.0096,0.0069,0.9928,True
Okeania_SIO1F9_A0A6B3PFJ7,A0A6B3PFJ7,dev,cystine,Mono,False,1e-04,0.0,-1e-04,0.0058,0.0,0.9928,True
Okeania_SIO1F9_A0A6B3PFJ7,A0A6B3PFJ7,dev,cystine,Tri,False,0.0022,0.0006,-0.0016,0.0096,0.0069,0.9928,True
Okeania_SIO1F9_A0A6B3PFJ7,A0A6B3PFJ7,dev,dopamine,Di,False,0.1568,0.032,-0.1248,0.1192,0.0264,0.9928,True
Okeania_SIO1F9_A0A6B3PFJ7,A0A6B3PFJ7,dev,dopamine,Mono,False,0.0144,0.0043,-0.0101,0.0264,0.0096,0.9928,True
Okeania_SIO1F9_A0A6B3PFJ7,A0A6B3PFJ7,dev,dopamine,Tri,True,0.9437,0.7598,-0.1839,0.7921,0.7234,0.9928,True
Okeania_SIO1F9_A0A6B3PFJ7,A0A6B3PFJ7,dev,gaba,Di,True,0.9872,0.603,-0.3842,0.8343,0.566,0.9928,True
Okeania_SIO1F9_A0A6B3PFJ7,A0A6B3PFJ7,dev,gaba,Mono,True,0.9499,0.3232,-0.6267,0.7921,0.2642,0.9928,True
Okeania_SIO1F9_A0A6B3PFJ7,A0A6B3PFJ7,dev,gaba,Tri,True,0.9927,0.7495,-0.2432,0.8962,0.7234,0.9928,True
Okeania_SIO1F9_A0A6B3PFJ7,A0A6B3PFJ7,dev,glutamine,Di,False,0.0041,0.0008,-0.0033,0.0096,0.0069,0.9928,True
Okeania_SIO1F9_A0A6B3PFJ7,A0A6B3PFJ7,dev,glutamine,Mono,False,0.0019,0.0004,-0.0015,0.0096,0.0069,0.9928,True
Okeania_SIO1F9_A0A6B3PFJ7,A0A6B3PFJ7,dev,glutamine,Tri,False,0.0072,0.0016,-0.0056,0.0167,0.0096,0.9928,True
Okeania_SIO1F9_A0A6B3PFJ7,A0A6B3PFJ7,dev,glyglycine,Di,False,0.0056,0.002,-0.0036,0.0157,0.0096,0.9928,True
Okeania_SIO1F9_A0A6B3PFJ7,A0A6B3PFJ7,dev,glyglycine,Mono,False,0.0011,0.0006,-0.0005,0.0096,0.0069,0.9928,True
Okeania_SIO1F9_A0A6B3PFJ7,A0A6B3PFJ7,dev,glyglycine,Tri,False,0.0318,0.0146,-0.0172,0.0264,0.0264,0.9928,True
Okeania_SIO1F9_A0A6B3PFJ7,A0A6B3PFJ7,dev,histidine,Di,False,0.0009,0.0002,-0.0007,0.0069,0.0069,0.9928,True
Okeania_SIO1F9_A0A6B3PFJ7,A0A6B3PFJ7,dev,histidine,Mono,False,0.0003,1e-04,-0.0002,0.0069,0.0058,0.9928,True
Okeania_SIO1F9_A0A6B3PFJ7,A0A6B3PFJ7,dev,histidine,Tri,False,0.0051,0.0018,-0.0033,0.0157,0.0096,0.9928,True
Okeania_SIO1F9_A0A6B3PFJ7,A0A6B3PFJ7,dev,lysine,Di,False,0.0252,0.0051,-0.0201,0.0264,0.0157,0.9928,True
Okeania_SIO1F9_A0A6B3PFJ7,A0A6B3PFJ7,dev,lysine,Mono,False,0.0021,0.0006,-0.0015,0.0096,0.0069,0.9928,True
Okeania_SIO1F9_A0A6B3PFJ7,A0A6B3PFJ7,dev,lysine,Tri,False,0.0043,0.0009,-0.0034,0.0096,0.0069,0.9928,True
Okeania_SIO1F9_A0A6B3PFJ7,A0A6B3PFJ7,dev,methionine,Di,False,0.0024,0.0004,-0.002,0.0096,0.0069,0.9928,True
Okeania_SIO1F9_A0A6B3PFJ7,A0A6B3PFJ7,dev,methionine,Mono,False,0.0006,0.0002,-0.0004,0.0069,0.0069,0.9928,True
Okeania_SIO1F9_A0A6B3PFJ7,A0A6B3PFJ7,dev,methionine,Tri,False,0.0045,0.001,-0.0035,0.0096,0.0096,0.9928,True
Okeania_SIO1F9_A0A6B3PFJ7,A0A6B3PFJ7,dev,ornithine,Di,False,0.0048,0.0009,-0.0039,0.0097,0.0069,0.9928,True
Okeania_SIO1F9_A0A6B3PFJ7,A0A6B3PFJ7,dev,ornithine,Mono,False,0.0007,0.0002,-0.0005,0.0069,0.0069,0.9928,True
Okeania_SIO1F9_A0A6B3PFJ7,A0A6B3PFJ7,dev,ornithine,Tri,False,0.0032,0.0007,-0.0025,0.0096,0.0069,0.9928,True
Okeania_SIO1F9_A0A6B3PFJ7,A0A6B3PFJ7,dev,phenylalanine,Di,True,0.9424,0.4907,-0.4517,0.7921,0.37,0.9928,True
Okeania_SIO1F9_A0A6B3PFJ7,A0A6B3PFJ7,dev,phenylalanine,Mono,False,0.0598,0.0123,-0.0475,0.0679,0.0264,0.9928,True
Okeania_SIO1F9_A0A6B3PFJ7,A0A6B3PFJ7,dev,phenylalanine,Tri,True,0.9757,0.7589,-0.2168,0.8333,0.7234,0.9928,True
Okeania_SIO1F9_A0A6B3PFJ7,A0A6B3PFJ7,dev,proline,Di,False,0.0008,0.0002,-0.0006,0.0069,0.0069,0.9928,True
Okeania_SIO1F9_A0A6B3PFJ7,A0A6B3PFJ7,dev,proline,Mono,False,0.0002,1e-04,-1e-04,0.0069,0.0058,0.9928,True
Okeania_SIO1F9_A0A6B3PFJ7,A0A6B3PFJ7,dev,proline,Tri,False,0.0074,0.0031,-0.0043,0.0167,0.0096,0.9928,True
Okeania_SIO1F9_A0A6B3PFJ7,A0A6B3PFJ7,dev,putrescine,Di,False,0.0023,0.0007,-0.0016,0.0096,0.0069,0.9928,True
Okeania_SIO1F9_A0A6B3PFJ7,A0A6B3PFJ7,dev,putrescine,Mono,False,0.0004,0.0002,-0.0002,0.0069,0.0069,0.9928,True
Okeania_SIO1F9_A0A6B3PFJ7,A0A6B3PFJ7,dev,putrescine,Tri,False,0.0065,0.002,-0.0045,0.0157,0.0096,0.9928,True
Okeania_SIO1F9_A0A6B3PFJ7,A0A6B3PFJ7,dev,serine,Di,False,0.0435,0.01,-0.0335,0.0679,0.0179,0.9928,True
Okeania_SIO1F9_A0A6B3PFJ7,A0A6B3PFJ7,dev,serine,Mono,False,0.026,0.007,-0.019,0.0264,0.0157,0.9928,True
Okeania_SIO1F9_A0A6B3PFJ7,A0A6B3PFJ7,dev,serine,Tri,False,0.0086,0.0025,-0.0061,0.0167,0.0096,0.9928,True
Okeania_SIO1F9_A0A6B3PFJ7,A0A6B3PFJ7,dev,serotonin,Di,False,0.0013,0.0004,-0.0009,0.0096,0.0069,0.9928,True
Okeania_SIO1F9_A0A6B3PFJ7,A0A6B3PFJ7,dev,serotonin,Mono,False,0.0053,0.0016,-0.0037,0.0157,0.0096,0.9928,True
Okeania_SIO1F9_A0A6B3PFJ7,A0A6B3PFJ7,dev,serotonin,Tri,False,0.0033,0.0011,-0.0022,0.0096,0.0096,0.9928,True
Okeania_SIO1F9_A0A6B3PFJ7,A0A6B3PFJ7,dev,threonine,Di,False,0.0031,0.0009,-0.0022,0.0096,0.0069,0.9928,True
Okeania_SIO1F9_A0A6B3PFJ7,A0A6B3PFJ7,dev,threonine,Mono,False,0.004,0.0014,-0.0026,0.0096,0.0096,0.9928,True
Okeania_SIO1F9_A0A6B3PFJ7,A0A6B3PFJ7,dev,threonine,Tri,False,0.0004,1e-04,-0.0003,0.0069,0.0058,0.9928,True
Okeania_SIO1F9_A0A6B3PFJ7,A0A6B3PFJ7,dev,tryptamine,Di,False,0.0007,0.0002,-0.0005,0.0069,0.0069,0.9928,True
Okeania_SIO1F9_A0A6B3PFJ7,A0A6B3PFJ7,dev,tryptamine,Mono,False,1e-04,0.0,-1e-04,0.0058,0.0,0.9928,True
Okeania_SIO1F9_A0A6B3PFJ7,A0A6B3PFJ7,dev,tryptamine,Tri,False,0.0025,0.0009,-0.0016,0.0096,0.0069,0.9928,True
Okeania_SIO1F9_A0A6B3PFJ7,A0A6B3PFJ7,dev,tyramine,Di,False,0.011,0.0027,-0.0083,0.0264,0.0096,0.9928,True
Okeania_SIO1F9_A0A6B3PFJ7,A0A6B3PFJ7,dev,tyramine,Mono,False,0.0638,0.0206,-0.0432,0.0679,0.0264,0.9928,True
Okeania_SIO1F9_A0A6B3PFJ7,A0A6B3PFJ7,dev,tyramine,Tri,False,0.0295,0.0081,-0.0214,0.0264,0.0167,0.9928,True
Symploca_SIO2E9_A0A6B3M9R4,A0A6B3M9R4,test,"2,3_diaminopropionic acid",Di,False,0.0136,0.0082,-0.0054,0.0264,0.0167,0.9884,True
Symploca_SIO2E9_A0A6B3M9R4,A0A6B3M9R4,test,"2,3_diaminopropionic acid",Mono,False,0.0021,0.0014,-0.0007,0.0096,0.0096,0.9884,True
Symploca_SIO2E9_A0A6B3M9R4,A0A6B3M9R4,test,"2,3_diaminopropionic acid",Tri,False,0.1076,0.141,0.0334,0.0758,0.1192,0.9884,True
Symploca_SIO2E9_A0A6B3M9R4,A0A6B3M9R4,test,2_aminophenol,Di,False,0.106,0.0861,-0.0199,0.0758,0.0758,0.9884,True
Symploca_SIO2E9_A0A6B3M9R4,A0A6B3M9R4,test,2_aminophenol,Mono,False,0.0047,0.0047,0.0,0.0097,0.0097,0.9884,True
Symploca_SIO2E9_A0A6B3M9R4,A0A6B3M9R4,test,2_aminophenol,Tri,False,0.1663,0.2422,0.0759,0.1192,0.1466,0.9884,True
Symploca_SIO2E9_A0A6B3M9R4,A0A6B3M9R4,test,3_methoxytyramine,Di,False,0.0501,0.0105,-0.0396,0.0679,0.0264,0.9884,True
Symploca_SIO2E9_A0A6B3M9R4,A0A6B3M9R4,test,3_methoxytyramine,Mono,False,0.0012,0.0006,-0.0006,0.0096,0.0069,0.9884,True
Symploca_SIO2E9_A0A6B3M9R4,A0A6B3M9R4,test,3_methoxytyramine,Tri,False,0.0328,0.0284,-0.0044,0.0264,0.0264,0.9884,True
Symploca_SIO2E9_A0A6B3M9R4,A0A6B3M9R4,test,alanine,Di,True,0.9287,0.9622,0.0335,0.7921,0.7921,0.9884,True
Symploca_SIO2E9_A0A6B3M9R4,A0A6B3M9R4,test,alanine,Mono,False,0.5159,0.7246,0.2087,0.4048,0.7234,0.9884,True
Symploca_SIO2E9_A0A6B3M9R4,A0A6B3M9R4,test,alanine,Tri,False,0.06,0.3037,0.2437,0.0679,0.22,0.9884,True
Symploca_SIO2E9_A0A6B3M9R4,A0A6B3M9R4,test,arginine,Di,False,0.0003,0.0002,-1e-04,0.0069,0.0069,0.9884,True
Symploca_SIO2E9_A0A6B3M9R4,A0A6B3M9R4,test,arginine,Mono,False,1e-04,0.0,-1e-04,0.0058,0.0,0.9884,True
Symploca_SIO2E9_A0A6B3M9R4,A0A6B3M9R4,test,arginine,Tri,False,0.0005,0.0005,0.0,0.0069,0.0069,0.9884,True
Symploca_SIO2E9_A0A6B3M9R4,A0A6B3M9R4,test,asparagine,Di,False,0.05,0.0352,-0.0148,0.0679,0.046,0.9884,True
Symploca_SIO2E9_A0A6B3M9R4,A0A6B3M9R4,test,asparagine,Mono,False,0.0124,0.0081,-0.0043,0.0264,0.0167,0.9884,True
Symploca_SIO2E9_A0A6B3M9R4,A0A6B3M9R4,test,asparagine,Tri,True,0.9346,0.9347,1e-04,0.7921,0.7921,0.9884,True
Symploca_SIO2E9_A0A6B3M9R4,A0A6B3M9R4,test,cadaverine,Di,False,0.0014,0.0009,-0.0005,0.0096,0.0069,0.9884,True
Symploca_SIO2E9_A0A6B3M9R4,A0A6B3M9R4,test,cadaverine,Mono,False,0.0002,0.0002,0.0,0.0069,0.0069,0.9884,True
Symploca_SIO2E9_A0A6B3M9R4,A0A6B3M9R4,test,cadaverine,Tri,False,0.0023,0.003,0.0007,0.0096,0.0096,0.9884,True
Symploca_SIO2E9_A0A6B3M9R4,A0A6B3M9R4,test,citrulline,Di,False,0.0026,0.0018,-0.0008,0.0096,0.0096,0.9884,True
Symploca_SIO2E9_A0A6B3M9R4,A0A6B3M9R4,test,citrulline,Mono,False,0.0004,0.0002,-0.0002,0.0069,0.0069,0.9884,True
Symploca_SIO2E9_A0A6B3M9R4,A0A6B3M9R4,test,citrulline,Tri,False,0.0011,0.0011,0.0,0.0096,0.0096,0.9884,True
Symploca_SIO2E9_A0A6B3M9R4,A0A6B3M9R4,test,cystine,Di,False,0.0017,0.0009,-0.0008,0.0096,0.0069,0.9884,True
Symploca_SIO2E9_A0A6B3M9R4,A0A6B3M9R4,test,cystine,Mono,False,1e-04,1e-04,0.0,0.006,0.0058,0.9884,True
Symploca_SIO2E9_A0A6B3M9R4,A0A6B3M9R4,test,cystine,Tri,False,0.0015,0.0018,0.0003,0.0096,0.0096,0.9884,True
Symploca_SIO2E9_A0A6B3M9R4,A0A6B3M9R4,test,dopamine,Di,False,0.1806,0.0591,-0.1215,0.1317,0.0679,0.9884,True
Symploca_SIO2E9_A0A6B3M9R4,A0A6B3M9R4,test,dopamine,Mono,False,0.0159,0.0063,-0.0096,0.0264,0.0157,0.9884,True
Symploca_SIO2E9_A0A6B3M9R4,A0A6B3M9R4,test,dopamine,Tri,True,0.9189,0.8559,-0.063,0.7921,0.7547,0.9884,True
Symploca_SIO2E9_A0A6B3M9R4,A0A6B3M9R4,test,gaba,Di,True,0.9913,0.9777,-0.0136,0.8962,0.8343,0.9884,True
Symploca_SIO2E9_A0A6B3M9R4,A0A6B3M9R4,test,gaba,Mono,True,0.9687,0.9118,-0.0569,0.8273,0.7921,0.9884,True
Symploca_SIO2E9_A0A6B3M9R4,A0A6B3M9R4,test,gaba,Tri,True,0.9932,0.9888,-0.0044,0.8962,0.8873,0.9884,True
Symploca_SIO2E9_A0A6B3M9R4,A0A6B3M9R4,test,glutamine,Di,False,0.0054,0.0033,-0.0021,0.0157,0.0096,0.9884,True
Symploca_SIO2E9_A0A6B3M9R4,A0A6B3M9R4,test,glutamine,Mono,False,0.0022,0.0015,-0.0007,0.0096,0.0096,0.9884,True
Symploca_SIO2E9_A0A6B3M9R4,A0A6B3M9R4,test,glutamine,Tri,False,0.0041,0.0045,0.0004,0.0096,0.0096,0.9884,True
Symploca_SIO2E9_A0A6B3M9R4,A0A6B3M9R4,test,glyglycine,Di,False,0.007,0.0062,-0.0008,0.0157,0.0157,0.9884,True
Symploca_SIO2E9_A0A6B3M9R4,A0A6B3M9R4,test,glyglycine,Mono,False,0.0014,0.0013,-1e-04,0.0096,0.0096,0.9884,True
Symploca_SIO2E9_A0A6B3M9R4,A0A6B3M9R4,test,glyglycine,Tri,False,0.018,0.0401,0.0221,0.0264,0.046,0.9884,True
Symploca_SIO2E9_A0A6B3M9R4,A0A6B3M9R4,test,histidine,Di,False,0.0013,0.0014,1e-04,0.0096,0.0096,0.9884,True
Symploca_SIO2E9_A0A6B3M9R4,A0A6B3M9R4,test,histidine,Mono,False,0.0005,0.0005,0.0,0.0069,0.0069,0.9884,True
Symploca_SIO2E9_A0A6B3M9R4,A0A6B3M9R4,test,histidine,Tri,False,0.0034,0.0069,0.0035,0.0096,0.0157,0.9884,True
Symploca_SIO2E9_A0A6B3M9R4,A0A6B3M9R4,test,lysine,Di,False,0.0291,0.0267,-0.0024,0.0264,0.0264,0.9884,True
Symploca_SIO2E9_A0A6B3M9R4,A0A6B3M9R4,test,lysine,Mono,False,0.0023,0.0011,-0.0012,0.0096,0.0096,0.9884,True
Symploca_SIO2E9_A0A6B3M9R4,A0A6B3M9R4,test,lysine,Tri,False,0.0035,0.0026,-0.0009,0.0096,0.0096,0.9884,True
Symploca_SIO2E9_A0A6B3M9R4,A0A6B3M9R4,test,methionine,Di,False,0.0027,0.0019,-0.0008,0.0096,0.0096,0.9884,True
Symploca_SIO2E9_A0A6B3M9R4,A0A6B3M9R4,test,methionine,Mono,False,0.0007,0.0006,-1e-04,0.0069,0.0069,0.9884,True
Symploca_SIO2E9_A0A6B3M9R4,A0A6B3M9R4,test,methionine,Tri,False,0.0024,0.0037,0.0013,0.0096,0.0096,0.9884,True
Symploca_SIO2E9_A0A6B3M9R4,A0A6B3M9R4,test,ornithine,Di,False,0.0091,0.0031,-0.006,0.0179,0.0096,0.9884,True
Symploca_SIO2E9_A0A6B3M9R4,A0A6B3M9R4,test,ornithine,Mono,False,0.0015,0.0005,-0.001,0.0096,0.0069,0.9884,True
Symploca_SIO2E9_A0A6B3M9R4,A0A6B3M9R4,test,ornithine,Tri,False,0.0031,0.0018,-0.0013,0.0096,0.0096,0.9884,True
Symploca_SIO2E9_A0A6B3M9R4,A0A6B3M9R4,test,phenylalanine,Di,True,0.9684,0.9369,-0.0315,0.8273,0.7921,0.9884,True
Symploca_SIO2E9_A0A6B3M9R4,A0A6B3M9R4,test,phenylalanine,Mono,False,0.0563,0.0507,-0.0056,0.0679,0.0679,0.9884,True
Symploca_SIO2E9_A0A6B3M9R4,A0A6B3M9R4,test,phenylalanine,Tri,True,0.9758,0.9722,-0.0036,0.8333,0.8273,0.9884,True
Symploca_SIO2E9_A0A6B3M9R4,A0A6B3M9R4,test,proline,Di,False,0.0009,0.0009,0.0,0.0069,0.0069,0.9884,True
Symploca_SIO2E9_A0A6B3M9R4,A0A6B3M9R4,test,proline,Mono,False,0.0003,0.0002,-1e-04,0.0069,0.0069,0.9884,True
Symploca_SIO2E9_A0A6B3M9R4,A0A6B3M9R4,test,proline,Tri,False,0.0045,0.0082,0.0037,0.0096,0.0167,0.9884,True
Symploca_SIO2E9_A0A6B3M9R4,A0A6B3M9R4,test,putrescine,Di,False,0.0016,0.0011,-0.0005,0.0096,0.0096,0.9884,True
Symploca_SIO2E9_A0A6B3M9R4,A0A6B3M9R4,test,putrescine,Mono,False,0.0003,0.0002,-1e-04,0.0069,0.0069,0.9884,True
Symploca_SIO2E9_A0A6B3M9R4,A0A6B3M9R4,test,putrescine,Tri,False,0.0027,0.0035,0.0008,0.0096,0.0096,0.9884,True
Symploca_SIO2E9_A0A6B3M9R4,A0A6B3M9R4,test,serine,Di,False,0.0456,0.0644,0.0188,0.0679,0.0679,0.9884,True
Symploca_SIO2E9_A0A6B3M9R4,A0A6B3M9R4,test,serine,Mono,False,0.0232,0.036,0.0128,0.0264,0.046,0.9884,True
Symploca_SIO2E9_A0A6B3M9R4,A0A6B3M9R4,test,serine,Tri,False,0.0106,0.0147,0.0041,0.0264,0.0264,0.9884,True
Symploca_SIO2E9_A0A6B3M9R4,A0A6B3M9R4,test,serotonin,Di,False,0.0014,0.0006,-0.0008,0.0096,0.0069,0.9884,True
Symploca_SIO2E9_A0A6B3M9R4,A0A6B3M9R4,test,serotonin,Mono,False,0.0061,0.0026,-0.0035,0.0157,0.0096,0.9884,True
Symploca_SIO2E9_A0A6B3M9R4,A0A6B3M9R4,test,serotonin,Tri,False,0.0019,0.0019,0.0,0.0096,0.0096,0.9884,True
Symploca_SIO2E9_A0A6B3M9R4,A0A6B3M9R4,test,threonine,Di,False,0.0026,0.0034,0.0008,0.0096,0.0096,0.9884,True
Symploca_SIO2E9_A0A6B3M9R4,A0A6B3M9R4,test,threonine,Mono,False,0.0042,0.0065,0.0023,0.0096,0.0157,0.9884,True
Symploca_SIO2E9_A0A6B3M9R4,A0A6B3M9R4,test,threonine,Tri,False,0.0003,0.0006,0.0003,0.0069,0.0069,0.9884,True
Symploca_SIO2E9_A0A6B3M9R4,A0A6B3M9R4,test,tryptamine,Di,False,0.0004,0.0002,-0.0002,0.0069,0.0069,0.9884,True
Symploca_SIO2E9_A0A6B3M9R4,A0A6B3M9R4,test,tryptamine,Mono,False,0.0,0.0,0.0,0.0,0.0,0.9884,True
Symploca_SIO2E9_A0A6B3M9R4,A0A6B3M9R4,test,tryptamine,Tri,False,0.0007,0.0009,0.0002,0.0069,0.0069,0.9884,True
Symploca_SIO2E9_A0A6B3M9R4,A0A6B3M9R4,test,tyramine,Di,False,0.0094,0.0054,-0.004,0.0179,0.0157,0.9884,True
Symploca_SIO2E9_A0A6B3M9R4,A0A6B3M9R4,test,tyramine,Mono,False,0.0677,0.0479,-0.0198,0.0679,0.0679,0.9884,True
Symploca_SIO2E9_A0A6B3M9R4,A0A6B3M9R4,test,tyramine,Tri,False,0.0146,0.0165,0.0019,0.0264,0.0264,0.9884,True
Vibrio_A0A7W2FPE8,A0A7W2FPE8,dev,"2,3_diaminopropionic acid",Di,False,0.2409,0.028,-0.2129,0.1466,0.0264,0.993,True
Vibrio_A0A7W2FPE8,A0A7W2FPE8,dev,"2,3_diaminopropionic acid",Mono,False,0.0599,0.0067,-0.0532,0.0679,0.0157,0.993,True
Vibrio_A0A7W2FPE8,A0A7W2FPE8,dev,"2,3_diaminopropionic acid",Tri,True,0.8686,0.4823,-0.3863,0.7547,0.37,0.993,True
Vibrio_A0A7W2FPE8,A0A7W2FPE8,dev,2_aminophenol,Di,True,0.9864,0.7297,-0.2567,0.8343,0.7234,0.993,True
Vibrio_A0A7W2FPE8,A0A7W2FPE8,dev,2_aminophenol,Mono,True,0.7375,0.1095,-0.628,0.7234,0.0758,0.993,True
Vibrio_A0A7W2FPE8,A0A7W2FPE8,dev,2_aminophenol,Tri,True,0.9916,0.8519,-0.1397,0.8962,0.7547,0.993,True
Vibrio_A0A7W2FPE8,A0A7W2FPE8,dev,3_methoxytyramine,Di,True,0.9606,0.1306,-0.83,0.7921,0.1192,0.993,True
Vibrio_A0A7W2FPE8,A0A7W2FPE8,dev,3_methoxytyramine,Mono,False,0.3115,0.0088,-0.3027,0.22,0.0179,0.993,True
Vibrio_A0A7W2FPE8,A0A7W2FPE8,dev,3_methoxytyramine,Tri,True,0.8943,0.1715,-0.7228,0.7547,0.1317,0.993,True
Vibrio_A0A7W2FPE8,A0A7W2FPE8,dev,alanine,Di,True,0.9933,0.9108,-0.0825,0.8962,0.7921,0.993,True
Vibrio_A0A7W2FPE8,A0A7W2FPE8,dev,alanine,Mono,True,0.9326,0.5564,-0.3762,0.7921,0.4048,0.993,True
Vibrio_A0A7W2FPE8,A0A7W2FPE8,dev,alanine,Tri,False,0.3452,0.1474,-0.1978,0.2642,0.1192,0.993,True
Vibrio_A0A7W2FPE8,A0A7W2FPE8,dev,arginine,Di,False,0.0063,0.0007,-0.0056,0.0157,0.0069,0.993,True
Vibrio_A0A7W2FPE8,A0A7W2FPE8,dev,arginine,Mono,False,0.0015,0.0002,-0.0013,0.0096,0.0069,0.993,True
Vibrio_A0A7W2FPE8,A0A7W2FPE8,dev,arginine,Tri,False,0.0225,0.0031,-0.0194,0.0264,0.0096,0.993,True
Vibrio_A0A7W2FPE8,A0A7W2FPE8,dev,asparagine,Di,False,0.1887,0.0289,-0.1598,0.1317,0.0264,0.993,True
Vibrio_A0A7W2FPE8,A0A7W2FPE8,dev,asparagine,Mono,False,0.0596,0.0095,-0.0501,0.0679,0.0179,0.993,True
Vibrio_A0A7W2FPE8,A0A7W2FPE8,dev,asparagine,Tri,True,0.9802,0.8962,-0.084,0.8343,0.7547,0.993,True
Vibrio_A0A7W2FPE8,A0A7W2FPE8,dev,cadaverine,Di,False,0.083,0.0153,-0.0677,0.0741,0.0264,0.993,True
Vibrio_A0A7W2FPE8,A0A7W2FPE8,dev,cadaverine,Mono,False,0.0154,0.0029,-0.0125,0.0264,0.0096,0.993,True
Vibrio_A0A7W2FPE8,A0A7W2FPE8,dev,cadaverine,Tri,False,0.1706,0.0538,-0.1168,0.1317,0.0679,0.993,True
Vibrio_A0A7W2FPE8,A0A7W2FPE8,dev,citrulline,Di,False,0.0722,0.0079,-0.0643,0.0679,0.0167,0.993,True
Vibrio_A0A7W2FPE8,A0A7W2FPE8,dev,citrulline,Mono,False,0.013,0.0014,-0.0116,0.0264,0.0096,0.993,True
Vibrio_A0A7W2FPE8,A0A7W2FPE8,dev,citrulline,Tri,False,0.0365,0.0047,-0.0318,0.046,0.0097,0.993,True
Vibrio_A0A7W2FPE8,A0A7W2FPE8,dev,cystine,Di,False,0.1414,0.005,-0.1364,0.1192,0.0097,0.993,True
Vibrio_A0A7W2FPE8,A0A7W2FPE8,dev,cystine,Mono,False,0.0142,0.0007,-0.0135,0.0264,0.0069,0.993,True
Vibrio_A0A7W2FPE8,A0A7W2FPE8,dev,cystine,Tri,False,0.1404,0.0085,-0.1319,0.1192,0.0167,0.993,True
Vibrio_A0A7W2FPE8,A0A7W2FPE8,dev,dopamine,Di,True,0.8758,0.2299,-0.6459,0.7547,0.1466,0.993,True
Vibrio_A0A7W2FPE8,A0A7W2FPE8,dev,dopamine,Mono,False,0.4116,0.0381,-0.3735,0.2642,0.046,0.993,True
Vibrio_A0A7W2FPE8,A0A7W2FPE8,dev,dopamine,Tri,True,0.9922,0.926,-0.0662,0.8962,0.7921,0.993,True
Vibrio_A0A7W2FPE8,A0A7W2FPE8,dev,gaba,Di,False,0.984,0.632,-0.352,0.8343,0.5862,0.993,True
Vibrio_A0A7W2FPE8,A0A7W2FPE8,dev,gaba,Mono,True,0.9405,0.3353,-0.6052,0.7921,0.2642,0.993,True
Vibrio_A0A7W2FPE8,A0A7W2FPE8,dev,gaba,Tri,True,0.9888,0.7455,-0.2433,0.8873,0.7234,0.993,True
Vibrio_A0A7W2FPE8,A0A7W2FPE8,dev,glutamine,Di,False,0.0555,0.0057,-0.0498,0.0679,0.0157,0.993,True
Vibrio_A0A7W2FPE8,A0A7W2FPE8,dev,glutamine,Mono,False,0.0268,0.0031,-0.0237,0.0264,0.0096,0.993,True
Vibrio_A0A7W2FPE8,A0A7W2FPE8,dev,glutamine,Tri,False,0.0535,0.0078,-0.0457,0.0679,0.0167,0.993,True
Vibrio_A0A7W2FPE8,A0A7W2FPE8,dev,glyglycine,Di,False,0.0615,0.0096,-0.0519,0.0679,0.0179,0.993,True
Vibrio_A0A7W2FPE8,A0A7W2FPE8,dev,glyglycine,Mono,False,0.0147,0.0027,-0.012,0.0264,0.0096,0.993,True
Vibrio_A0A7W2FPE8,A0A7W2FPE8,dev,glyglycine,Tri,False,0.2223,0.0502,-0.1721,0.1466,0.0679,0.993,True
Vibrio_A0A7W2FPE8,A0A7W2FPE8,dev,histidine,Di,False,0.0176,0.0019,-0.0157,0.0264,0.0096,0.993,True
Vibrio_A0A7W2FPE8,A0A7W2FPE8,dev,histidine,Mono,False,0.0188,0.0011,-0.0177,0.0264,0.0096,0.993,True
Vibrio_A0A7W2FPE8,A0A7W2FPE8,dev,histidine,Tri,False,0.1195,0.0119,-0.1076,0.0758,0.0264,0.993,True
Vibrio_A0A7W2FPE8,A0A7W2FPE8,dev,lysine,Di,False,0.2771,0.0417,-0.2354,0.1867,0.0526,0.993,True
Vibrio_A0A7W2FPE8,A0A7W2FPE8,dev,lysine,Mono,False,0.0286,0.003,-0.0256,0.0264,0.0096,0.993,True
Vibrio_A0A7W2FPE8,A0A7W2FPE8,dev,lysine,Tri,False,0.0439,0.0055,-0.0384,0.0679,0.0157,0.993,True
Vibrio_A0A7W2FPE8,A0A7W2FPE8,dev,methionine,Di,False,0.1241,0.0117,-0.1124,0.0781,0.0264,0.993,True
Vibrio_A0A7W2FPE8,A0A7W2FPE8,dev,methionine,Mono,False,0.0392,0.0041,-0.0351,0.046,0.0096,0.993,True
Vibrio_A0A7W2FPE8,A0A7W2FPE8,dev,methionine,Tri,False,0.1338,0.0173,-0.1165,0.1192,0.0264,0.993,True
Vibrio_A0A7W2FPE8,A0A7W2FPE8,dev,ornithine,Di,True,0.5347,0.0223,-0.5124,0.4048,0.0264,0.993,True
Vibrio_A0A7W2FPE8,A0A7W2FPE8,dev,ornithine,Mono,False,0.1728,0.0047,-0.1681,0.1317,0.0097,0.993,True
Vibrio_A0A7W2FPE8,A0A7W2FPE8,dev,ornithine,Tri,False,0.2471,0.0098,-0.2373,0.1466,0.0179,0.993,True
Vibrio_A0A7W2FPE8,A0A7W2FPE8,dev,phenylalanine,Di,True,0.9932,0.7943,-0.1989,0.8962,0.7547,0.993,True
Vibrio_A0A7W2FPE8,A0A7W2FPE8,dev,phenylalanine,Mono,False,0.4021,0.0576,-0.3445,0.2642,0.0679,0.993,True
Vibrio_A0A7W2FPE8,A0A7W2FPE8,dev,phenylalanine,Tri,True,0.9957,0.8943,-0.1014,0.8962,0.7547,0.993,True
Vibrio_A0A7W2FPE8,A0A7W2FPE8,dev,proline,Di,False,0.1009,0.0024,-0.0985,0.0758,0.0096,0.993,True
Vibrio_A0A7W2FPE8,A0A7W2FPE8,dev,proline,Mono,False,0.0754,0.0011,-0.0743,0.0679,0.0096,0.993,True
Vibrio_A0A7W2FPE8,A0A7W2FPE8,dev,proline,Tri,True,0.8121,0.0362,-0.7759,0.7547,0.046,0.993,True
Vibrio_A0A7W2FPE8,A0A7W2FPE8,dev,putrescine,Di,False,0.105,0.0193,-0.0857,0.0758,0.0264,0.993,True
Vibrio_A0A7W2FPE8,A0A7W2FPE8,dev,putrescine,Mono,False,0.018,0.0035,-0.0145,0.0264,0.0096,0.993,True
Vibrio_A0A7W2FPE8,A0A7W2FPE8,dev,putrescine,Tri,False,0.2106,0.0676,-0.143,0.1317,0.0679,0.993,True
Vibrio_A0A7W2FPE8,A0A7W2FPE8,dev,serine,Di,False,0.299,0.1065,-0.1925,0.22,0.0758,0.993,True
Vibrio_A0A7W2FPE8,A0A7W2FPE8,dev,serine,Mono,False,0.1522,0.049,-0.1032,0.1192,0.0679,0.993,True
Vibrio_A0A7W2FPE8,A0A7W2FPE8,dev,serine,Tri,False,0.0969,0.0311,-0.0658,0.0758,0.0264,0.993,True
Vibrio_A0A7W2FPE8,A0A7W2FPE8,dev,serotonin,Di,False,0.0651,0.0017,-0.0634,0.0679,0.0096,0.993,True
Vibrio_A0A7W2FPE8,A0A7W2FPE8,dev,serotonin,Mono,False,0.4525,0.0111,-0.4414,0.37,0.0264,0.993,True
Vibrio_A0A7W2FPE8,A0A7W2FPE8,dev,serotonin,Tri,False,0.1895,0.0061,-0.1834,0.1317,0.0157,0.993,True
Vibrio_A0A7W2FPE8,A0A7W2FPE8,dev,threonine,Di,False,0.0523,0.0089,-0.0434,0.0679,0.0179,0.993,True
Vibrio_A0A7W2FPE8,A0A7W2FPE8,dev,threonine,Mono,False,0.0672,0.0112,-0.056,0.0679,0.0264,0.993,True
Vibrio_A0A7W2FPE8,A0A7W2FPE8,dev,threonine,Tri,False,0.0068,0.0013,-0.0055,0.0157,0.0096,0.993,True
Vibrio_A0A7W2FPE8,A0A7W2FPE8,dev,tryptamine,Di,False,0.3172,0.0063,-0.3109,0.22,0.0157,0.993,True
Vibrio_A0A7W2FPE8,A0A7W2FPE8,dev,tryptamine,Mono,False,0.1079,0.0011,-0.1068,0.0758,0.0096,0.993,True
Vibrio_A0A7W2FPE8,A0A7W2FPE8,dev,tryptamine,Tri,True,0.7862,0.0404,-0.7458,0.7234,0.046,0.993,True
Vibrio_A0A7W2FPE8,A0A7W2FPE8,dev,tyramine,Di,False,0.1029,0.0129,-0.09,0.0758,0.0264,0.993,True
Vibrio_A0A7W2FPE8,A0A7W2FPE8,dev,tyramine,Mono,False,0.5491,0.1254,-0.4237,0.4048,0.0781,0.993,True
Vibrio_A0A7W2FPE8,A0A7W2FPE8,dev,tyramine,Tri,False,0.1449,0.0289,-0.116,0.1192,0.0264,0.993,True
cluster103_A0A349QN89,A0A349QN89,dev,"2,3_diaminopropionic acid",Di,False,0.1768,0.1304,-0.0464,0.1317,0.1192,0.9985,True
cluster103_A0A349QN89,A0A349QN89,dev,"2,3_diaminopropionic acid",Mono,False,0.0521,0.0441,-0.008,0.0679,0.0679,0.9985,True
cluster103_A0A349QN89,A0A349QN89,dev,"2,3_diaminopropionic acid",Tri,True,0.9459,0.9286,-0.0173,0.7921,0.7921,0.9985,True
cluster103_A0A349QN89,A0A349QN89,dev,2_aminophenol,Di,True,0.9173,0.8776,-0.0397,0.7921,0.7547,0.9985,True
cluster103_A0A349QN89,A0A349QN89,dev,2_aminophenol,Mono,False,0.2051,0.1992,-0.0059,0.1317,0.1317,0.9985,True
cluster103_A0A349QN89,A0A349QN89,dev,2_aminophenol,Tri,True,0.9781,0.9628,-0.0153,0.8343,0.7921,0.9985,True
cluster103_A0A349QN89,A0A349QN89,dev,3_methoxytyramine,Di,False,0.0336,0.0112,-0.0224,0.0264,0.0264,0.9985,True
cluster103_A0A349QN89,A0A349QN89,dev,3_methoxytyramine,Mono,False,0.0023,0.0012,-0.0011,0.0096,0.0096,0.9985,True
cluster103_A0A349QN89,A0A349QN89,dev,3_methoxytyramine,Tri,False,0.1038,0.0445,-0.0593,0.0758,0.0679,0.9985,True
cluster103_A0A349QN89,A0A349QN89,dev,alanine,Di,True,0.9953,0.9934,-0.0019,0.8962,0.8962,0.9985,True
cluster103_A0A349QN89,A0A349QN89,dev,alanine,Mono,True,0.975,0.9717,-0.0033,0.8333,0.8273,0.9985,True
cluster103_A0A349QN89,A0A349QN89,dev,alanine,Tri,True,0.9893,0.9856,-0.0037,0.8873,0.8343,0.9985,True
cluster103_A0A349QN89,A0A349QN89,dev,arginine,Di,False,0.0065,0.0029,-0.0036,0.0157,0.0096,0.9985,True
cluster103_A0A349QN89,A0A349QN89,dev,arginine,Mono,False,0.0014,0.0009,-0.0005,0.0096,0.0069,0.9985,True
cluster103_A0A349QN89,A0A349QN89,dev,arginine,Tri,False,0.0492,0.0299,-0.0193,0.0679,0.0264,0.9985,True
cluster103_A0A349QN89,A0A349QN89,dev,asparagine,Di,False,0.1736,0.119,-0.0546,0.1317,0.0758,0.9985,True
cluster103_A0A349QN89,A0A349QN89,dev,asparagine,Mono,False,0.0513,0.0436,-0.0077,0.0679,0.0679,0.9985,True
cluster103_A0A349QN89,A0A349QN89,dev,asparagine,Tri,True,0.975,0.9677,-0.0073,0.833,0.8273,0.9985,True
cluster103_A0A349QN89,A0A349QN89,dev,cadaverine,Di,False,0.0082,0.0058,-0.0024,0.0167,0.0157,0.9985,True
cluster103_A0A349QN89,A0A349QN89,dev,cadaverine,Mono,False,0.0016,0.0015,-1e-04,0.0096,0.0096,0.9985,True
cluster103_A0A349QN89,A0A349QN89,dev,cadaverine,Tri,False,0.0286,0.018,-0.0106,0.0264,0.0264,0.9985,True
cluster103_A0A349QN89,A0A349QN89,dev,citrulline,Di,False,0.088,0.0451,-0.0429,0.0758,0.0679,0.9985,True
cluster103_A0A349QN89,A0A349QN89,dev,citrulline,Mono,False,0.0123,0.0078,-0.0045,0.0264,0.0167,0.9985,True
cluster103_A0A349QN89,A0A349QN89,dev,citrulline,Tri,False,0.0824,0.0454,-0.037,0.0741,0.0679,0.9985,True
cluster103_A0A349QN89,A0A349QN89,dev,cystine,Di,False,0.0134,0.0078,-0.0056,0.0264,0.0167,0.9985,True
cluster103_A0A349QN89,A0A349QN89,dev,cystine,Mono,False,0.0017,0.0015,-0.0002,0.0096,0.0096,0.9985,True
cluster103_A0A349QN89,A0A349QN89,dev,cystine,Tri,False,0.0412,0.0238,-0.0174,0.046,0.0264,0.9985,True
cluster103_A0A349QN89,A0A349QN89,dev,dopamine,Di,False,0.1722,0.1324,-0.0398,0.1317,0.1192,0.9985,True
cluster103_A0A349QN89,A0A349QN89,dev,dopamine,Mono,False,0.0269,0.0244,-0.0025,0.0264,0.0264,0.9985,True
cluster103_A0A349QN89,A0A349QN89,dev,dopamine,Tri,True,0.9501,0.9182,-0.0319,0.7921,0.7921,0.9985,True
cluster103_A0A349QN89,A0A349QN89,dev,gaba,Di,True,0.9932,0.9801,-0.0131,0.8962,0.8343,0.9985,True
cluster103_A0A349QN89,A0A349QN89,dev,gaba,Mono,True,0.9743,0.9331,-0.0412,0.8273,0.7921,0.9985,True
cluster103_A0A349QN89,A0A349QN89,dev,gaba,Tri,True,0.998,0.9919,-0.0061,1.0,0.8962,0.9985,True
cluster103_A0A349QN89,A0A349QN89,dev,glutamine,Di,False,0.06,0.0246,-0.0354,0.0679,0.0264,0.9985,True
cluster103_A0A349QN89,A0A349QN89,dev,glutamine,Mono,False,0.0268,0.014,-0.0128,0.0264,0.0264,0.9985,True
cluster103_A0A349QN89,A0A349QN89,dev,glutamine,Tri,False,0.1339,0.0514,-0.0825,0.1192,0.0679,0.9985,True
cluster103_A0A349QN89,A0A349QN89,dev,glyglycine,Di,False,0.1714,0.1084,-0.063,0.1317,0.0758,0.9985,True
cluster103_A0A349QN89,A0A349QN89,dev,glyglycine,Mono,False,0.0508,0.0352,-0.0156,0.0679,0.046,0.9985,True
cluster103_A0A349QN89,A0A349QN89,dev,glyglycine,Tri,True,0.9087,0.8,-0.1087,0.7921,0.7547,0.9985,True
cluster103_A0A349QN89,A0A349QN89,dev,histidine,Di,False,0.0068,0.0052,-0.0016,0.0157,0.0157,0.9985,True
cluster103_A0A349QN89,A0A349QN89,dev,histidine,Mono,False,0.0032,0.0035,0.0003,0.0096,0.0096,0.9985,True
cluster103_A0A349QN89,A0A349QN89,dev,histidine,Tri,False,0.0851,0.0567,-0.0284,0.0741,0.0679,0.9985,True
cluster103_A0A349QN89,A0A349QN89,dev,lysine,Di,True,0.8632,0.6973,-0.1659,0.7547,0.6364,0.9985,True
cluster103_A0A349QN89,A0A349QN89,dev,lysine,Mono,False,0.0968,0.0702,-0.0266,0.0758,0.0679,0.9985,True
cluster103_A0A349QN89,A0A349QN89,dev,lysine,Tri,False,0.1823,0.0996,-0.0827,0.1317,0.0758,0.9985,True
cluster103_A0A349QN89,A0A349QN89,dev,methionine,Di,False,0.3767,0.197,-0.1797,0.2642,0.1317,0.9985,True
cluster103_A0A349QN89,A0A349QN89,dev,methionine,Mono,False,0.1366,0.088,-0.0486,0.1192,0.0758,0.9985,True
cluster103_A0A349QN89,A0A349QN89,dev,methionine,Tri,True,0.7325,0.5225,-0.21,0.7234,0.4048,0.9985,True
cluster103_A0A349QN89,A0A349QN89,dev,ornithine,Di,False,0.0671,0.0316,-0.0355,0.0679,0.0264,0.9985,True
cluster103_A0A349QN89,A0A349QN89,dev,ornithine,Mono,False,0.0109,0.007,-0.0039,0.0264,0.0157,0.9985,True
cluster103_A0A349QN89,A0A349QN89,dev,ornithine,Tri,False,0.0484,0.0233,-0.0251,0.0679,0.0264,0.9985,True
cluster103_A0A349QN89,A0A349QN89,dev,phenylalanine,Di,True,0.986,0.9818,-0.0042,0.8343,0.8343,0.9985,True
cluster103_A0A349QN89,A0A349QN89,dev,phenylalanine,Mono,False,0.3052,0.3668,0.0616,0.22,0.2642,0.9985,True
cluster103_A0A349QN89,A0A349QN89,dev,phenylalanine,Tri,True,0.9954,0.9931,-0.0023,0.8962,0.8962,0.9985,True
cluster103_A0A349QN89,A0A349QN89,dev,proline,Di,False,0.0024,0.0018,-0.0006,0.0096,0.0096,0.9985,True
cluster103_A0A349QN89,A0A349QN89,dev,proline,Mono,False,0.0008,0.0007,-1e-04,0.0069,0.0069,0.9985,True
cluster103_A0A349QN89,A0A349QN89,dev,proline,Tri,False,0.0517,0.034,-0.0177,0.0679,0.0264,0.9985,True
cluster103_A0A349QN89,A0A349QN89,dev,putrescine,Di,False,0.0103,0.0073,-0.003,0.0179,0.0167,0.9985,True
cluster103_A0A349QN89,A0A349QN89,dev,putrescine,Mono,False,0.0019,0.0018,-1e-04,0.0096,0.0096,0.9985,True
cluster103_A0A349QN89,A0A349QN89,dev,putrescine,Tri,False,0.0361,0.023,-0.0131,0.046,0.0264,0.9985,True
cluster103_A0A349QN89,A0A349QN89,dev,serine,Di,True,0.8868,0.8275,-0.0593,0.7547,0.7547,0.9985,True
cluster103_A0A349QN89,A0A349QN89,dev,serine,Mono,True,0.936,0.9141,-0.0219,0.7921,0.7921,0.9985,True
cluster103_A0A349QN89,A0A349QN89,dev,serine,Tri,False,0.4312,0.3453,-0.0859,0.37,0.2642,0.9985,True
cluster103_A0A349QN89,A0A349QN89,dev,serotonin,Di,False,0.001,0.0007,-0.0003,0.0096,0.0069,0.9985,True
cluster103_A0A349QN89,A0A349QN89,dev,serotonin,Mono,False,0.0059,0.0047,-0.0012,0.0157,0.0097,0.9985,True
cluster103_A0A349QN89,A0A349QN89,dev,serotonin,Tri,False,0.0041,0.0025,-0.0016,0.0096,0.0096,0.9985,True
cluster103_A0A349QN89,A0A349QN89,dev,threonine,Di,False,0.1531,0.129,-0.0241,0.1192,0.1,0.9985,True
cluster103_A0A349QN89,A0A349QN89,dev,threonine,Mono,False,0.489,0.4749,-0.0141,0.37,0.37,0.9985,True
cluster103_A0A349QN89,A0A349QN89,dev,threonine,Tri,False,0.0361,0.0278,-0.0083,0.046,0.0264,0.9985,True
cluster103_A0A349QN89,A0A349QN89,dev,tryptamine,Di,False,0.0008,0.0008,0.0,0.0069,0.0069,0.9985,True
cluster103_A0A349QN89,A0A349QN89,dev,tryptamine,Mono,False,1e-04,1e-04,0.0,0.0058,0.0058,0.9985,True
cluster103_A0A349QN89,A0A349QN89,dev,tryptamine,Tri,False,0.0038,0.0028,-0.001,0.0096,0.0096,0.9985,True
cluster103_A0A349QN89,A0A349QN89,dev,tyramine,Di,False,0.0351,0.0288,-0.0063,0.046,0.0264,0.9985,True
cluster103_A0A349QN89,A0A349QN89,dev,tyramine,Mono,False,0.4126,0.4016,-0.011,0.37,0.2642,0.9985,True
cluster103_A0A349QN89,A0A349QN89,dev,tyramine,Tri,False,0.1269,0.0932,-0.0337,0.0781,0.0758,0.9985,True
cluster111_B5D243,B5D243,dev,"2,3_diaminopropionic acid",Di,False,0.0014,0.0606,0.0592,0.0096,0.0679,0.9901,True
cluster111_B5D243,B5D243,dev,"2,3_diaminopropionic acid",Mono,False,0.0003,0.0141,0.0138,0.0069,0.0264,0.9901,True
cluster111_B5D243,B5D243,dev,"2,3_diaminopropionic acid",Tri,False,0.0075,0.5893,0.5818,0.0167,0.566,0.9901,True
cluster111_B5D243,B5D243,dev,2_aminophenol,Di,False,0.0389,0.7958,0.7569,0.046,0.7547,0.9901,True
cluster111_B5D243,B5D243,dev,2_aminophenol,Mono,False,0.0028,0.1867,0.1839,0.0096,0.1317,0.9901,True
cluster111_B5D243,B5D243,dev,2_aminophenol,Tri,False,0.038,0.8922,0.8542,0.046,0.7547,0.9901,True
cluster111_B5D243,B5D243,dev,3_methoxytyramine,Di,False,0.0156,0.1362,0.1206,0.0264,0.1192,0.9901,True
cluster111_B5D243,B5D243,dev,3_methoxytyramine,Mono,False,0.0002,0.0076,0.0074,0.0069,0.0167,0.9901,True
cluster111_B5D243,B5D243,dev,3_methoxytyramine,Tri,False,0.0023,0.1338,0.1315,0.0096,0.1192,0.9901,True
cluster111_B5D243,B5D243,dev,alanine,Di,False,0.0558,0.9382,0.8824,0.0679,0.7921,0.9901,True
cluster111_B5D243,B5D243,dev,alanine,Mono,False,0.0082,0.7068,0.6986,0.0167,0.6364,0.9901,True
cluster111_B5D243,B5D243,dev,alanine,Tri,False,0.0007,0.1733,0.1726,0.0069,0.1317,0.9901,True
cluster111_B5D243,B5D243,dev,arginine,Di,False,0.0,0.0014,0.0014,0.0,0.0096,0.9901,True
cluster111_B5D243,B5D243,dev,arginine,Mono,False,0.0,0.0004,0.0004,0.0,0.0069,0.9901,True
cluster111_B5D243,B5D243,dev,arginine,Tri,False,0.0,0.0045,0.0045,0.0,0.0096,0.9901,True
cluster111_B5D243,B5D243,dev,asparagine,Di,False,0.0005,0.0421,0.0416,0.0069,0.0526,0.9901,True
cluster111_B5D243,B5D243,dev,asparagine,Mono,False,0.0002,0.0141,0.0139,0.0069,0.0264,0.9901,True
cluster111_B5D243,B5D243,dev,asparagine,Tri,False,0.0976,0.929,0.8314,0.0758,0.7921,0.9901,True
cluster111_B5D243,B5D243,dev,cadaverine,Di,False,1e-04,0.0118,0.0117,0.0058,0.0264,0.9901,True
cluster111_B5D243,B5D243,dev,cadaverine,Mono,False,0.0,0.0028,0.0028,0.0,0.0096,0.9901,True
cluster111_B5D243,B5D243,dev,cadaverine,Tri,False,1e-04,0.0408,0.0407,0.0058,0.046,0.9901,True
cluster111_B5D243,B5D243,dev,citrulline,Di,False,1e-04,0.0101,0.01,0.0058,0.0179,0.9901,True
cluster111_B5D243,B5D243,dev,citrulline,Mono,False,0.0,0.002,0.002,0.0,0.0096,0.9901,True
cluster111_B5D243,B5D243,dev,citrulline,Tri,False,0.0,0.0056,0.0056,0.0,0.0157,0.9901,True
cluster111_B5D243,B5D243,dev,cystine,Di,False,0.0002,0.0071,0.0069,0.0069,0.0157,0.9901,True
cluster111_B5D243,B5D243,dev,cystine,Mono,False,0.0,0.0008,0.0008,0.0,0.0069,0.9901,True
cluster111_B5D243,B5D243,dev,cystine,Tri,False,1e-04,0.0102,0.0101,0.0058,0.0179,0.9901,True
cluster111_B5D243,B5D243,dev,dopamine,Di,False,0.0048,0.2039,0.1991,0.0097,0.1317,0.9901,True
cluster111_B5D243,B5D243,dev,dopamine,Mono,False,0.0005,0.0382,0.0377,0.0069,0.046,0.9901,True
cluster111_B5D243,B5D243,dev,dopamine,Tri,False,0.0687,0.9026,0.8339,0.0679,0.7921,0.9901,True
cluster111_B5D243,B5D243,dev,gaba,Di,False,0.0228,0.9481,0.9253,0.0264,0.7921,0.9901,True
cluster111_B5D243,B5D243,dev,gaba,Mono,False,0.0086,0.8533,0.8447,0.0169,0.7547,0.9901,True
cluster111_B5D243,B5D243,dev,gaba,Tri,False,0.0243,0.9723,0.948,0.0264,0.8273,0.9901,True
cluster111_B5D243,B5D243,dev,glutamine,Di,False,1e-04,0.012,0.0119,0.0058,0.0264,0.9901,True
cluster111_B5D243,B5D243,dev,glutamine,Mono,False,0.0002,0.0107,0.0105,0.0069,0.0264,0.9901,True
cluster111_B5D243,B5D243,dev,glutamine,Tri,False,1e-04,0.0157,0.0156,0.0058,0.0264,0.9901,True
cluster111_B5D243,B5D243,dev,glyglycine,Di,False,1e-04,0.0094,0.0093,0.0058,0.0179,0.9901,True
cluster111_B5D243,B5D243,dev,glyglycine,Mono,False,0.0,0.0029,0.0029,0.0058,0.0096,0.9901,True
cluster111_B5D243,B5D243,dev,glyglycine,Tri,False,0.0003,0.0524,0.0521,0.0069,0.0679,0.9901,True
cluster111_B5D243,B5D243,dev,histidine,Di,False,0.0,0.0016,0.0016,0.0,0.0096,0.9901,True
cluster111_B5D243,B5D243,dev,histidine,Mono,False,0.0,0.0009,0.0009,0.0,0.0069,0.9901,True
cluster111_B5D243,B5D243,dev,histidine,Tri,False,0.0,0.0076,0.0076,0.0,0.0167,0.9901,True
cluster111_B5D243,B5D243,dev,lysine,Di,False,0.0005,0.067,0.0665,0.0069,0.0679,0.9901,True
cluster111_B5D243,B5D243,dev,lysine,Mono,False,1e-04,0.0057,0.0056,0.0058,0.0157,0.9901,True
cluster111_B5D243,B5D243,dev,lysine,Tri,False,0.0,0.0079,0.0079,0.0,0.0167,0.9901,True
cluster111_B5D243,B5D243,dev,methionine,Di,False,0.0002,0.0203,0.0201,0.0069,0.0264,0.9901,True
cluster111_B5D243,B5D243,dev,methionine,Mono,False,1e-04,0.0088,0.0087,0.0058,0.0179,0.9901,True
cluster111_B5D243,B5D243,dev,methionine,Tri,False,1e-04,0.03,0.0299,0.0058,0.0264,0.9901,True
cluster111_B5D243,B5D243,dev,ornithine,Di,False,0.0014,0.0397,0.0383,0.0096,0.046,0.9901,True
cluster111_B5D243,B5D243,dev,ornithine,Mono,False,0.0004,0.0099,0.0095,0.0069,0.0179,0.9901,True
cluster111_B5D243,B5D243,dev,ornithine,Tri,False,0.0002,0.0159,0.0157,0.0069,0.0264,0.9901,True
cluster111_B5D243,B5D243,dev,phenylalanine,Di,False,0.0618,0.955,0.8932,0.0679,0.7921,0.9901,True
cluster111_B5D243,B5D243,dev,phenylalanine,Mono,False,0.001,0.172,0.171,0.0096,0.1317,0.9901,True
cluster111_B5D243,B5D243,dev,phenylalanine,Tri,False,0.0667,0.9783,0.9116,0.0679,0.8343,0.9901,True
cluster111_B5D243,B5D243,dev,proline,Di,False,0.0,0.0011,0.0011,0.0,0.0096,0.9901,True
cluster111_B5D243,B5D243,dev,proline,Mono,False,0.0,0.0005,0.0005,0.0,0.0069,0.9901,True
cluster111_B5D243,B5D243,dev,proline,Tri,False,1e-04,0.011,0.0109,0.0058,0.0264,0.9901,True
cluster111_B5D243,B5D243,dev,putrescine,Di,False,1e-04,0.0132,0.0131,0.0058,0.0264,0.9901,True
cluster111_B5D243,B5D243,dev,putrescine,Mono,False,0.0,0.0029,0.0029,0.0,0.0096,0.9901,True
cluster111_B5D243,B5D243,dev,putrescine,Tri,False,1e-04,0.0454,0.0453,0.0058,0.0679,0.9901,True
cluster111_B5D243,B5D243,dev,serine,Di,False,0.0006,0.2036,0.203,0.0069,0.1317,0.9901,True
cluster111_B5D243,B5D243,dev,serine,Mono,False,0.0003,0.1113,0.111,0.0069,0.0758,0.9901,True
cluster111_B5D243,B5D243,dev,serine,Tri,False,1e-04,0.0422,0.0421,0.0058,0.0526,0.9901,True
cluster111_B5D243,B5D243,dev,serotonin,Di,False,1e-04,0.0025,0.0024,0.0058,0.0096,0.9901,True
cluster111_B5D243,B5D243,dev,serotonin,Mono,False,0.0005,0.0152,0.0147,0.0069,0.0264,0.9901,True
cluster111_B5D243,B5D243,dev,serotonin,Tri,False,1e-04,0.007,0.0069,0.0058,0.0157,0.9901,True
cluster111_B5D243,B5D243,dev,threonine,Di,False,1e-04,0.0085,0.0084,0.0058,0.0167,0.9901,True
cluster111_B5D243,B5D243,dev,threonine,Mono,False,1e-04,0.0144,0.0143,0.0058,0.0264,0.9901,True
cluster111_B5D243,B5D243,dev,threonine,Tri,False,0.0,0.0011,0.0011,0.0,0.0096,0.9901,True
cluster111_B5D243,B5D243,dev,tryptamine,Di,False,1e-04,0.0032,0.0031,0.0058,0.0096,0.9901,True
cluster111_B5D243,B5D243,dev,tryptamine,Mono,False,0.0,0.0006,0.0006,0.0,0.0069,0.9901,True
cluster111_B5D243,B5D243,dev,tryptamine,Tri,False,1e-04,0.0143,0.0142,0.0058,0.0264,0.9901,True
cluster111_B5D243,B5D243,dev,tyramine,Di,False,0.0003,0.024,0.0237,0.0069,0.0264,0.9901,True
cluster111_B5D243,B5D243,dev,tyramine,Mono,False,0.0029,0.2077,0.2048,0.0096,0.1317,0.9901,True
cluster111_B5D243,B5D243,dev,tyramine,Tri,False,0.0002,0.0514,0.0512,0.0069,0.0679,0.9901,True
cluster116_A0A416W4H5,A0A416W4H5,test,"2,3_diaminopropionic acid",Di,False,0.0129,0.0059,-0.007,0.0264,0.0157,0.9887,True
cluster116_A0A416W4H5,A0A416W4H5,test,"2,3_diaminopropionic acid",Mono,False,0.0033,0.0011,-0.0022,0.0096,0.0096,0.9887,True
cluster116_A0A416W4H5,A0A416W4H5,test,"2,3_diaminopropionic acid",Tri,False,0.1595,0.1064,-0.0531,0.1192,0.0758,0.9887,True
cluster116_A0A416W4H5,A0A416W4H5,test,2_aminophenol,Di,False,0.1368,0.076,-0.0608,0.1192,0.0679,0.9887,True
cluster116_A0A416W4H5,A0A416W4H5,test,2_aminophenol,Mono,False,0.0087,0.0038,-0.0049,0.0179,0.0096,0.9887,True
cluster116_A0A416W4H5,A0A416W4H5,test,2_aminophenol,Tri,False,0.2332,0.1529,-0.0803,0.1466,0.1192,0.9887,True
cluster116_A0A416W4H5,A0A416W4H5,test,3_methoxytyramine,Di,False,0.0516,0.0085,-0.0431,0.0679,0.0167,0.9887,True
cluster116_A0A416W4H5,A0A416W4H5,test,3_methoxytyramine,Mono,False,0.0024,0.0005,-0.0019,0.0096,0.0069,0.9887,True
cluster116_A0A416W4H5,A0A416W4H5,test,3_methoxytyramine,Tri,False,0.0663,0.0172,-0.0491,0.0679,0.0264,0.9887,True
cluster116_A0A416W4H5,A0A416W4H5,test,alanine,Di,True,0.9751,0.9426,-0.0325,0.8333,0.7921,0.9887,True
cluster116_A0A416W4H5,A0A416W4H5,test,alanine,Mono,True,0.8746,0.6663,-0.2083,0.7547,0.5862,0.9887,True
cluster116_A0A416W4H5,A0A416W4H5,test,alanine,Tri,False,0.1995,0.1788,-0.0207,0.1317,0.1317,0.9887,True
cluster116_A0A416W4H5,A0A416W4H5,test,arginine,Di,False,0.0002,1e-04,-1e-04,0.0069,0.0058,0.9887,True
cluster116_A0A416W4H5,A0A416W4H5,test,arginine,Mono,False,1e-04,0.0,-1e-04,0.0058,0.0,0.9887,True
cluster116_A0A416W4H5,A0A416W4H5,test,arginine,Tri,False,0.0006,0.0003,-0.0003,0.0069,0.0069,0.9887,True
cluster116_A0A416W4H5,A0A416W4H5,test,asparagine,Di,False,0.0569,0.0181,-0.0388,0.0679,0.0264,0.9887,True
cluster116_A0A416W4H5,A0A416W4H5,test,asparagine,Mono,False,0.0186,0.0044,-0.0142,0.0264,0.0096,0.9887,True
cluster116_A0A416W4H5,A0A416W4H5,test,asparagine,Tri,True,0.9561,0.8581,-0.098,0.7921,0.7547,0.9887,True
cluster116_A0A416W4H5,A0A416W4H5,test,cadaverine,Di,False,0.0017,0.001,-0.0007,0.0096,0.0069,0.9887,True
cluster116_A0A416W4H5,A0A416W4H5,test,cadaverine,Mono,False,0.0004,0.0002,-0.0002,0.0069,0.0069,0.9887,True
cluster116_A0A416W4H5,A0A416W4H5,test,cadaverine,Tri,False,0.0035,0.0027,-0.0008,0.0096,0.0096,0.9887,True
cluster116_A0A416W4H5,A0A416W4H5,test,citrulline,Di,False,0.0027,0.0013,-0.0014,0.0096,0.0096,0.9887,True
cluster116_A0A416W4H5,A0A416W4H5,test,citrulline,Mono,False,0.0005,0.0002,-0.0003,0.0069,0.0069,0.9887,True
cluster116_A0A416W4H5,A0A416W4H5,test,citrulline,Tri,False,0.0013,0.0005,-0.0008,0.0096,0.0069,0.9887,True
cluster116_A0A416W4H5,A0A416W4H5,test,cystine,Di,False,0.0026,0.0009,-0.0017,0.0096,0.0069,0.9887,True
cluster116_A0A416W4H5,A0A416W4H5,test,cystine,Mono,False,0.0003,1e-04,-0.0002,0.0069,0.0058,0.9887,True
cluster116_A0A416W4H5,A0A416W4H5,test,cystine,Tri,False,0.0031,0.0012,-0.0019,0.0096,0.0096,0.9887,True
cluster116_A0A416W4H5,A0A416W4H5,test,dopamine,Di,False,0.1281,0.0429,-0.0852,0.0781,0.0679,0.9887,True
cluster116_A0A416W4H5,A0A416W4H5,test,dopamine,Mono,False,0.0164,0.0049,-0.0115,0.0264,0.0097,0.9887,True
cluster116_A0A416W4H5,A0A416W4H5,test,dopamine,Tri,True,0.9292,0.7922,-0.137,0.7921,0.7425,0.9887,True
cluster116_A0A416W4H5,A0A416W4H5,test,gaba,Di,True,0.9873,0.9363,-0.051,0.8343,0.7921,0.9887,True
cluster116_A0A416W4H5,A0A416W4H5,test,gaba,Mono,True,0.9677,0.8035,-0.1642,0.8273,0.7547,0.9887,True
cluster116_A0A416W4H5,A0A416W4H5,test,gaba,Tri,True,0.9921,0.9613,-0.0308,0.8962,0.7921,0.9887,True
cluster116_A0A416W4H5,A0A416W4H5,test,glutamine,Di,False,0.0032,0.0013,-0.0019,0.0096,0.0096,0.9887,True
cluster116_A0A416W4H5,A0A416W4H5,test,glutamine,Mono,False,0.002,0.0006,-0.0014,0.0096,0.0069,0.9887,True
cluster116_A0A416W4H5,A0A416W4H5,test,glutamine,Tri,False,0.0041,0.0016,-0.0025,0.0096,0.0096,0.9887,True
cluster116_A0A416W4H5,A0A416W4H5,test,glyglycine,Di,False,0.0078,0.0055,-0.0023,0.0167,0.0157,0.9887,True
cluster116_A0A416W4H5,A0A416W4H5,test,glyglycine,Mono,False,0.0026,0.0015,-0.0011,0.0096,0.0096,0.9887,True
cluster116_A0A416W4H5,A0A416W4H5,test,glyglycine,Tri,False,0.0347,0.0371,0.0024,0.046,0.046,0.9887,True
cluster116_A0A416W4H5,A0A416W4H5,test,histidine,Di,False,0.0011,0.0011,0.0,0.0096,0.0096,0.9887,True
cluster116_A0A416W4H5,A0A416W4H5,test,histidine,Mono,False,0.0007,0.0005,-0.0002,0.0069,0.0069,0.9887,True
cluster116_A0A416W4H5,A0A416W4H5,test,histidine,Tri,False,0.0044,0.0043,-1e-04,0.0096,0.0096,0.9887,True
cluster116_A0A416W4H5,A0A416W4H5,test,lysine,Di,False,0.0177,0.0174,-0.0003,0.0264,0.0264,0.9887,True
cluster116_A0A416W4H5,A0A416W4H5,test,lysine,Mono,False,0.0017,0.0006,-0.0011,0.0096,0.0069,0.9887,True
cluster116_A0A416W4H5,A0A416W4H5,test,lysine,Tri,False,0.0027,0.0011,-0.0016,0.0096,0.0096,0.9887,True
cluster116_A0A416W4H5,A0A416W4H5,test,methionine,Di,False,0.0028,0.0013,-0.0015,0.0096,0.0096,0.9887,True
cluster116_A0A416W4H5,A0A416W4H5,test,methionine,Mono,False,0.0012,0.0005,-0.0007,0.0096,0.0069,0.9887,True
cluster116_A0A416W4H5,A0A416W4H5,test,methionine,Tri,False,0.0042,0.0023,-0.0019,0.0096,0.0096,0.9887,True
cluster116_A0A416W4H5,A0A416W4H5,test,ornithine,Di,False,0.008,0.0022,-0.0058,0.0167,0.0096,0.9887,True
cluster116_A0A416W4H5,A0A416W4H5,test,ornithine,Mono,False,0.0018,0.0003,-0.0015,0.0096,0.0069,0.9887,True
cluster116_A0A416W4H5,A0A416W4H5,test,ornithine,Tri,False,0.0035,0.0009,-0.0026,0.0096,0.0069,0.9887,True
cluster116_A0A416W4H5,A0A416W4H5,test,phenylalanine,Di,True,0.9685,0.8672,-0.1013,0.8273,0.7547,0.9887,True
cluster116_A0A416W4H5,A0A416W4H5,test,phenylalanine,Mono,False,0.0862,0.028,-0.0582,0.0758,0.0264,0.9887,True
cluster116_A0A416W4H5,A0A416W4H5,test,phenylalanine,Tri,True,0.978,0.9235,-0.0545,0.8343,0.7921,0.9887,True
cluster116_A0A416W4H5,A0A416W4H5,test,proline,Di,False,0.0011,0.0007,-0.0004,0.0096,0.0069,0.9887,True
cluster116_A0A416W4H5,A0A416W4H5,test,proline,Mono,False,0.0005,0.0002,-0.0003,0.0069,0.0069,0.9887,True
cluster116_A0A416W4H5,A0A416W4H5,test,proline,Tri,False,0.0081,0.0055,-0.0026,0.0167,0.0157,0.9887,True
cluster116_A0A416W4H5,A0A416W4H5,test,putrescine,Di,False,0.002,0.0011,-0.0009,0.0096,0.0096,0.9887,True
cluster116_A0A416W4H5,A0A416W4H5,test,putrescine,Mono,False,0.0004,0.0002,-0.0002,0.0069,0.0069,0.9887,True
cluster116_A0A416W4H5,A0A416W4H5,test,putrescine,Tri,False,0.0042,0.0031,-0.0011,0.0096,0.0096,0.9887,True
cluster116_A0A416W4H5,A0A416W4H5,test,serine,Di,False,0.075,0.0451,-0.0299,0.0679,0.0679,0.9887,True
cluster116_A0A416W4H5,A0A416W4H5,test,serine,Mono,False,0.0394,0.0221,-0.0173,0.046,0.0264,0.9887,True
cluster116_A0A416W4H5,A0A416W4H5,test,serine,Tri,False,0.0162,0.0112,-0.005,0.0264,0.0264,0.9887,True
cluster116_A0A416W4H5,A0A416W4H5,test,serotonin,Di,False,0.001,0.0004,-0.0006,0.0069,0.0069,0.9887,True
cluster116_A0A416W4H5,A0A416W4H5,test,serotonin,Mono,False,0.0079,0.0025,-0.0054,0.0167,0.0096,0.9887,True
cluster116_A0A416W4H5,A0A416W4H5,test,serotonin,Tri,False,0.0022,0.001,-0.0012,0.0096,0.0069,0.9887,True
cluster116_A0A416W4H5,A0A416W4H5,test,threonine,Di,False,0.0026,0.002,-0.0006,0.0096,0.0096,0.9887,True
cluster116_A0A416W4H5,A0A416W4H5,test,threonine,Mono,False,0.0047,0.0033,-0.0014,0.0097,0.0096,0.9887,True
cluster116_A0A416W4H5,A0A416W4H5,test,threonine,Tri,False,0.0004,0.0004,0.0,0.0069,0.0069,0.9887,True
cluster116_A0A416W4H5,A0A416W4H5,test,tryptamine,Di,False,0.0004,0.0003,-1e-04,0.0069,0.0069,0.9887,True
cluster116_A0A416W4H5,A0A416W4H5,test,tryptamine,Mono,False,1e-04,0.0,-1e-04,0.0058,0.0,0.9887,True
cluster116_A0A416W4H5,A0A416W4H5,test,tryptamine,Tri,False,0.0011,0.001,-1e-04,0.0096,0.0096,0.9887,True
cluster116_A0A416W4H5,A0A416W4H5,test,tyramine,Di,False,0.0099,0.0042,-0.0057,0.0179,0.0096,0.9887,True
cluster116_A0A416W4H5,A0A416W4H5,test,tyramine,Mono,False,0.0994,0.05,-0.0494,0.0758,0.0679,0.9887,True
cluster116_A0A416W4H5,A0A416W4H5,test,tyramine,Tri,False,0.0219,0.0109,-0.011,0.0264,0.0264,0.9887,True
cluster129_C0ERS1,C0ERS1,dev,"2,3_diaminopropionic acid",Di,False,0.4802,0.1254,-0.3548,0.37,0.0781,0.9961,True
cluster129_C0ERS1,C0ERS1,dev,"2,3_diaminopropionic acid",Mono,False,0.2197,0.0465,-0.1732,0.1466,0.0679,0.9961,True
cluster129_C0ERS1,C0ERS1,dev,"2,3_diaminopropionic acid",Tri,True,0.9836,0.9325,-0.0511,0.8343,0.7921,0.9961,True
cluster129_C0ERS1,C0ERS1,dev,2_aminophenol,Di,True,0.9842,0.8992,-0.085,0.8343,0.7921,0.9961,True
cluster129_C0ERS1,C0ERS1,dev,2_aminophenol,Mono,False,0.6719,0.2311,-0.4408,0.5862,0.1466,0.9961,True
cluster129_C0ERS1,C0ERS1,dev,2_aminophenol,Tri,True,0.9928,0.966,-0.0268,0.8962,0.8273,0.9961,True
cluster129_C0ERS1,C0ERS1,dev,3_methoxytyramine,Di,True,0.7086,0.0272,-0.6814,0.6364,0.0264,0.9961,True
cluster129_C0ERS1,C0ERS1,dev,3_methoxytyramine,Mono,False,0.1166,0.0031,-0.1135,0.0758,0.0096,0.9961,True
cluster129_C0ERS1,C0ERS1,dev,3_methoxytyramine,Tri,False,0.7531,0.0831,-0.67,0.7234,0.0741,0.9961,True
cluster129_C0ERS1,C0ERS1,dev,alanine,Di,True,0.9991,0.9937,-0.0054,1.0,0.8962,0.9961,True
cluster129_C0ERS1,C0ERS1,dev,alanine,Mono,True,0.9964,0.9768,-0.0196,0.9,0.8343,0.9961,True
cluster129_C0ERS1,C0ERS1,dev,alanine,Tri,True,0.9963,0.9858,-0.0105,0.9,0.8343,0.9961,True
cluster129_C0ERS1,C0ERS1,dev,arginine,Di,False,0.2189,0.0052,-0.2137,0.1445,0.0157,0.9961,True
cluster129_C0ERS1,C0ERS1,dev,arginine,Mono,False,0.0695,0.0014,-0.0681,0.0679,0.0096,0.9961,True
cluster129_C0ERS1,C0ERS1,dev,arginine,Tri,True,0.7482,0.0522,-0.696,0.7234,0.0679,0.9961,True
cluster129_C0ERS1,C0ERS1,dev,asparagine,Di,False,0.5421,0.0881,-0.454,0.4048,0.0758,0.9961,True
cluster129_C0ERS1,C0ERS1,dev,asparagine,Mono,False,0.2667,0.033,-0.2337,0.1867,0.0264,0.9961,True
cluster129_C0ERS1,C0ERS1,dev,asparagine,Tri,True,0.9945,0.9589,-0.0356,0.8962,0.7921,0.9961,True
cluster129_C0ERS1,C0ERS1,dev,cadaverine,Di,False,0.0113,0.005,-0.0063,0.0264,0.0157,0.9961,True
cluster129_C0ERS1,C0ERS1,dev,cadaverine,Mono,False,0.0028,0.0011,-0.0017,0.0096,0.0096,0.9961,True
cluster129_C0ERS1,C0ERS1,dev,cadaverine,Tri,False,0.0242,0.0137,-0.0105,0.0264,0.0264,0.9961,True
cluster129_C0ERS1,C0ERS1,dev,citrulline,Di,True,0.8834,0.062,-0.8214,0.7547,0.0679,0.9961,True
cluster129_C0ERS1,C0ERS1,dev,citrulline,Mono,False,0.5333,0.0102,-0.5231,0.4048,0.0179,0.9961,True
cluster129_C0ERS1,C0ERS1,dev,citrulline,Tri,True,0.91,0.0663,-0.8437,0.7921,0.0679,0.9961,True
cluster129_C0ERS1,C0ERS1,dev,cystine,Di,False,0.5273,0.0132,-0.5141,0.4048,0.0264,0.9961,True
cluster129_C0ERS1,C0ERS1,dev,cystine,Mono,False,0.151,0.0024,-0.1486,0.1192,0.0096,0.9961,True
cluster129_C0ERS1,C0ERS1,dev,cystine,Tri,True,0.7301,0.0417,-0.6884,0.7234,0.0526,0.9961,True
cluster129_C0ERS1,C0ERS1,dev,dopamine,Di,False,0.4925,0.1817,-0.3108,0.3964,0.1317,0.9961,True
cluster129_C0ERS1,C0ERS1,dev,dopamine,Mono,False,0.1365,0.0447,-0.0918,0.1192,0.0679,0.9961,True
cluster129_C0ERS1,C0ERS1,dev,dopamine,Tri,True,0.9819,0.9465,-0.0354,0.8343,0.7921,0.9961,True
cluster129_C0ERS1,C0ERS1,dev,gaba,Di,True,0.9813,0.9527,-0.0286,0.8343,0.7921,0.9961,True
cluster129_C0ERS1,C0ERS1,dev,gaba,Mono,False,0.921,0.8089,-0.1121,0.7921,0.7547,0.9961,True
cluster129_C0ERS1,C0ERS1,dev,gaba,Tri,True,0.9901,0.9784,-0.0117,0.8873,0.8343,0.9961,True
cluster129_C0ERS1,C0ERS1,dev,glutamine,Di,True,0.9236,0.0586,-0.865,0.7921,0.0679,0.9961,True
cluster129_C0ERS1,C0ERS1,dev,glutamine,Mono,True,0.8817,0.0394,-0.8423,0.7547,0.046,0.9961,True
cluster129_C0ERS1,C0ERS1,dev,glutamine,Tri,True,0.9542,0.1552,-0.799,0.7921,0.1192,0.9961,True
cluster129_C0ERS1,C0ERS1,dev,glyglycine,Di,False,0.2622,0.0596,-0.2026,0.1538,0.0679,0.9961,True
cluster129_C0ERS1,C0ERS1,dev,glyglycine,Mono,False,0.1026,0.0234,-0.0792,0.0758,0.0264,0.9961,True
cluster129_C0ERS1,C0ERS1,dev,glyglycine,Tri,True,0.9302,0.7788,-0.1514,0.7921,0.7234,0.9961,True
cluster129_C0ERS1,C0ERS1,dev,histidine,Di,False,0.2797,0.0144,-0.2653,0.1867,0.0264,0.9961,True
cluster129_C0ERS1,C0ERS1,dev,histidine,Mono,False,0.1919,0.0102,-0.1817,0.1317,0.0179,0.9961,True
cluster129_C0ERS1,C0ERS1,dev,histidine,Tri,True,0.8553,0.1674,-0.6879,0.7547,0.1222,0.9961,True
cluster129_C0ERS1,C0ERS1,dev,lysine,Di,True,0.9698,0.7503,-0.2195,0.8273,0.7234,0.9961,True
cluster129_C0ERS1,C0ERS1,dev,lysine,Mono,False,0.4733,0.0625,-0.4108,0.37,0.0679,0.9961,True
cluster129_C0ERS1,C0ERS1,dev,lysine,Tri,False,0.6359,0.0965,-0.5394,0.5862,0.0758,0.9961,True
cluster129_C0ERS1,C0ERS1,dev,methionine,Di,True,0.955,0.294,-0.661,0.7921,0.1867,0.9961,True
cluster129_C0ERS1,C0ERS1,dev,methionine,Mono,True,0.8836,0.1546,-0.729,0.7547,0.1192,0.9961,True
cluster129_C0ERS1,C0ERS1,dev,methionine,Tri,True,0.9852,0.6739,-0.3113,0.8343,0.5862,0.9961,True
cluster129_C0ERS1,C0ERS1,dev,ornithine,Di,False,0.4707,0.0412,-0.4295,0.37,0.046,0.9961,True
cluster129_C0ERS1,C0ERS1,dev,ornithine,Mono,False,0.1612,0.0083,-0.1529,0.1192,0.0167,0.9961,True
cluster129_C0ERS1,C0ERS1,dev,ornithine,Tri,False,0.4216,0.0291,-0.3925,0.37,0.0264,0.9961,True
cluster129_C0ERS1,C0ERS1,dev,phenylalanine,Di,True,0.9981,0.983,-0.0151,1.0,0.8343,0.9961,True
cluster129_C0ERS1,C0ERS1,dev,phenylalanine,Mono,True,0.8874,0.3984,-0.489,0.7547,0.2642,0.9961,True
cluster129_C0ERS1,C0ERS1,dev,phenylalanine,Tri,True,0.9992,0.9938,-0.0054,1.0,0.8962,0.9961,True
cluster129_C0ERS1,C0ERS1,dev,proline,Di,False,0.0343,0.0011,-0.0332,0.0264,0.0096,0.9961,True
cluster129_C0ERS1,C0ERS1,dev,proline,Mono,False,0.0176,0.0005,-0.0171,0.0264,0.0069,0.9961,True
cluster129_C0ERS1,C0ERS1,dev,proline,Tri,False,0.4591,0.0322,-0.4269,0.37,0.0264,0.9961,True
cluster129_C0ERS1,C0ERS1,dev,putrescine,Di,False,0.0176,0.007,-0.0106,0.0264,0.0157,0.9961,True
cluster129_C0ERS1,C0ERS1,dev,putrescine,Mono,False,0.0039,0.0015,-0.0024,0.0096,0.0096,0.9961,True
cluster129_C0ERS1,C0ERS1,dev,putrescine,Tri,False,0.0375,0.019,-0.0185,0.046,0.0264,0.9961,True
cluster129_C0ERS1,C0ERS1,dev,serine,Di,True,0.9632,0.8688,-0.0944,0.8273,0.7547,0.9961,True
cluster129_C0ERS1,C0ERS1,dev,serine,Mono,True,0.9824,0.9295,-0.0529,0.8343,0.7921,0.9961,True
cluster129_C0ERS1,C0ERS1,dev,serine,Tri,False,0.7212,0.3585,-0.3627,0.7234,0.2642,0.9961,True
cluster129_C0ERS1,C0ERS1,dev,serotonin,Di,False,0.0217,0.0011,-0.0206,0.0264,0.0096,0.9961,True
cluster129_C0ERS1,C0ERS1,dev,serotonin,Mono,False,0.1947,0.009,-0.1857,0.1317,0.0179,0.9961,True
cluster129_C0ERS1,C0ERS1,dev,serotonin,Tri,False,0.0762,0.0046,-0.0716,0.0679,0.0097,0.9961,True
cluster129_C0ERS1,C0ERS1,dev,threonine,Di,True,0.908,0.2735,-0.6345,0.7921,0.1867,0.9961,True
cluster129_C0ERS1,C0ERS1,dev,threonine,Mono,True,0.9703,0.6683,-0.302,0.8273,0.5862,0.9961,True
cluster129_C0ERS1,C0ERS1,dev,threonine,Tri,False,0.6137,0.0689,-0.5448,0.5862,0.0679,0.9961,True
cluster129_C0ERS1,C0ERS1,dev,tryptamine,Di,False,0.0071,0.0014,-0.0057,0.0157,0.0096,0.9961,True
cluster129_C0ERS1,C0ERS1,dev,tryptamine,Mono,False,0.0013,0.0002,-0.0011,0.0096,0.0069,0.9961,True
cluster129_C0ERS1,C0ERS1,dev,tryptamine,Tri,False,0.0276,0.0052,-0.0224,0.0264,0.0157,0.9961,True
cluster129_C0ERS1,C0ERS1,dev,tyramine,Di,False,0.1942,0.039,-0.1552,0.1317,0.046,0.9961,True
cluster129_C0ERS1,C0ERS1,dev,tyramine,Mono,True,0.8413,0.5084,-0.3329,0.7547,0.4048,0.9961,True
cluster129_C0ERS1,C0ERS1,dev,tyramine,Tri,False,0.3859,0.1342,-0.2517,0.2642,0.1192,0.9961,True
cluster13_A0A1C7H271,A0A1C7H271,test,"2,3_diaminopropionic acid",Di,True,0.8304,0.1015,-0.7289,0.7547,0.0758,0.9907,True
cluster13_A0A1C7H271,A0A1C7H271,test,"2,3_diaminopropionic acid",Mono,False,0.6727,0.0263,-0.6464,0.5862,0.0264,0.9907,True
cluster13_A0A1C7H271,A0A1C7H271,test,"2,3_diaminopropionic acid",Tri,True,0.9606,0.7098,-0.2508,0.7921,0.6364,0.9907,True
cluster13_A0A1C7H271,A0A1C7H271,test,2_aminophenol,Di,True,0.9924,0.773,-0.2194,0.8962,0.7234,0.9907,True
cluster13_A0A1C7H271,A0A1C7H271,test,2_aminophenol,Mono,True,0.9369,0.1481,-0.7888,0.7921,0.1192,0.9907,True
cluster13_A0A1C7H271,A0A1C7H271,test,2_aminophenol,Tri,True,0.9917,0.8659,-0.1258,0.8962,0.7547,0.9907,True
cluster13_A0A1C7H271,A0A1C7H271,test,3_methoxytyramine,Di,True,0.9576,0.1068,-0.8508,0.7921,0.0758,0.9907,True
cluster13_A0A1C7H271,A0A1C7H271,test,3_methoxytyramine,Mono,False,0.5368,0.0066,-0.5302,0.4048,0.0157,0.9907,True
cluster13_A0A1C7H271,A0A1C7H271,test,3_methoxytyramine,Tri,True,0.834,0.1142,-0.7198,0.7547,0.0758,0.9907,True
cluster13_A0A1C7H271,A0A1C7H271,test,alanine,Di,True,0.9965,0.9667,-0.0298,0.9,0.8273,0.9907,True
cluster13_A0A1C7H271,A0A1C7H271,test,alanine,Mono,True,0.9873,0.7878,-0.1995,0.8343,0.7234,0.9907,True
cluster13_A0A1C7H271,A0A1C7H271,test,alanine,Tri,False,0.5114,0.1387,-0.3727,0.4048,0.1192,0.9907,True
cluster13_A0A1C7H271,A0A1C7H271,test,arginine,Di,False,0.253,0.0044,-0.2486,0.1466,0.0096,0.9907,True
cluster13_A0A1C7H271,A0A1C7H271,test,arginine,Mono,False,0.1321,0.0013,-0.1308,0.1192,0.0096,0.9907,True
cluster13_A0A1C7H271,A0A1C7H271,test,arginine,Tri,False,0.1586,0.0129,-0.1457,0.1192,0.0264,0.9907,True
cluster13_A0A1C7H271,A0A1C7H271,test,asparagine,Di,False,0.4847,0.0833,-0.4014,0.37,0.0741,0.9907,True
cluster13_A0A1C7H271,A0A1C7H271,test,asparagine,Mono,False,0.4202,0.0285,-0.3917,0.37,0.0264,0.9907,True
cluster13_A0A1C7H271,A0A1C7H271,test,asparagine,Tri,True,0.9873,0.948,-0.0393,0.8343,0.7921,0.9907,True
cluster13_A0A1C7H271,A0A1C7H271,test,cadaverine,Di,False,0.1206,0.0079,-0.1127,0.0758,0.0167,0.9907,True
cluster13_A0A1C7H271,A0A1C7H271,test,cadaverine,Mono,False,0.0689,0.0016,-0.0673,0.0679,0.0096,0.9907,True
cluster13_A0A1C7H271,A0A1C7H271,test,cadaverine,Tri,False,0.1604,0.0161,-0.1443,0.1192,0.0264,0.9907,True
cluster13_A0A1C7H271,A0A1C7H271,test,citrulline,Di,True,0.7235,0.0342,-0.6893,0.7234,0.0264,0.9907,True
cluster13_A0A1C7H271,A0A1C7H271,test,citrulline,Mono,False,0.5127,0.0075,-0.5052,0.4048,0.0167,0.9907,True
cluster13_A0A1C7H271,A0A1C7H271,test,citrulline,Tri,False,0.3004,0.0146,-0.2858,0.22,0.0264,0.9907,True
cluster13_A0A1C7H271,A0A1C7H271,test,cystine,Di,False,0.2723,0.0105,-0.2618,0.1867,0.0264,0.9907,True
cluster13_A0A1C7H271,A0A1C7H271,test,cystine,Mono,False,0.1004,0.0016,-0.0988,0.0758,0.0096,0.9907,True
cluster13_A0A1C7H271,A0A1C7H271,test,cystine,Tri,False,0.2032,0.0142,-0.189,0.1317,0.0264,0.9907,True
cluster13_A0A1C7H271,A0A1C7H271,test,dopamine,Di,True,0.8966,0.2466,-0.65,0.7547,0.1466,0.9907,True
cluster13_A0A1C7H271,A0A1C7H271,test,dopamine,Mono,False,0.6713,0.0418,-0.6295,0.5862,0.0526,0.9907,True
cluster13_A0A1C7H271,A0A1C7H271,test,dopamine,Tri,True,0.988,0.9172,-0.0708,0.8873,0.7921,0.9907,True
cluster13_A0A1C7H271,A0A1C7H271,test,gaba,Di,True,0.9956,0.9831,-0.0125,0.8962,0.8343,0.9907,True
cluster13_A0A1C7H271,A0A1C7H271,test,gaba,Mono,True,0.9934,0.9458,-0.0476,0.8962,0.7921,0.9907,True
cluster13_A0A1C7H271,A0A1C7H271,test,gaba,Tri,True,0.9945,0.9878,-0.0067,0.8962,0.8873,0.9907,True
cluster13_A0A1C7H271,A0A1C7H271,test,glutamine,Di,True,0.8484,0.0403,-0.8081,0.7547,0.046,0.9907,True
cluster13_A0A1C7H271,A0A1C7H271,test,glutamine,Mono,True,0.9142,0.0342,-0.88,0.7921,0.0264,0.9907,True
cluster13_A0A1C7H271,A0A1C7H271,test,glutamine,Tri,False,0.7008,0.0403,-0.6605,0.6364,0.046,0.9907,True
cluster13_A0A1C7H271,A0A1C7H271,test,glyglycine,Di,False,0.2966,0.0144,-0.2822,0.1867,0.0264,0.9907,True
cluster13_A0A1C7H271,A0A1C7H271,test,glyglycine,Mono,False,0.2286,0.0043,-0.2243,0.1466,0.0096,0.9907,True
cluster13_A0A1C7H271,A0A1C7H271,test,glyglycine,Tri,False,0.3699,0.056,-0.3139,0.2642,0.0679,0.9907,True
cluster13_A0A1C7H271,A0A1C7H271,test,histidine,Di,False,0.0832,0.0042,-0.079,0.0741,0.0096,0.9907,True
cluster13_A0A1C7H271,A0A1C7H271,test,histidine,Mono,False,0.2121,0.0025,-0.2096,0.1317,0.0096,0.9907,True
cluster13_A0A1C7H271,A0A1C7H271,test,histidine,Tri,False,0.2841,0.0172,-0.2669,0.1867,0.0264,0.9907,True
cluster13_A0A1C7H271,A0A1C7H271,test,lysine,Di,False,0.9174,0.2136,-0.7038,0.7921,0.1317,0.9907,True
cluster13_A0A1C7H271,A0A1C7H271,test,lysine,Mono,True,0.7832,0.0197,-0.7635,0.7234,0.0264,0.9907,True
cluster13_A0A1C7H271,A0A1C7H271,test,lysine,Tri,False,0.3973,0.0228,-0.3745,0.2642,0.0264,0.9907,True
cluster13_A0A1C7H271,A0A1C7H271,test,methionine,Di,True,0.861,0.0607,-0.8003,0.7547,0.0679,0.9907,True
cluster13_A0A1C7H271,A0A1C7H271,test,methionine,Mono,True,0.8299,0.03,-0.7999,0.7547,0.0264,0.9907,True
cluster13_A0A1C7H271,A0A1C7H271,test,methionine,Tri,False,0.7484,0.0742,-0.6742,0.7234,0.0679,0.9907,True
cluster13_A0A1C7H271,A0A1C7H271,test,ornithine,Di,True,0.9453,0.1151,-0.8302,0.7921,0.0758,0.9907,True
cluster13_A0A1C7H271,A0A1C7H271,test,ornithine,Mono,True,0.8947,0.0318,-0.8629,0.7547,0.0264,0.9907,True
cluster13_A0A1C7H271,A0A1C7H271,test,ornithine,Tri,False,0.6783,0.0417,-0.6366,0.5862,0.0526,0.9907,True
cluster13_A0A1C7H271,A0A1C7H271,test,phenylalanine,Di,True,0.996,0.9717,-0.0243,0.9,0.8273,0.9907,True
cluster13_A0A1C7H271,A0A1C7H271,test,phenylalanine,Mono,True,0.9017,0.1621,-0.7396,0.7921,0.1192,0.9907,True
cluster13_A0A1C7H271,A0A1C7H271,test,phenylalanine,Tri,True,0.9957,0.9811,-0.0146,0.8962,0.8343,0.9907,True
cluster13_A0A1C7H271,A0A1C7H271,test,proline,Di,False,0.5703,0.0036,-0.5667,0.566,0.0096,0.9907,True
cluster13_A0A1C7H271,A0A1C7H271,test,proline,Mono,True,0.791,0.0018,-0.7892,0.7234,0.0096,0.9907,True
cluster13_A0A1C7H271,A0A1C7H271,test,proline,Tri,True,0.8991,0.0294,-0.8697,0.7921,0.0264,0.9907,True
cluster13_A0A1C7H271,A0A1C7H271,test,putrescine,Di,False,0.1485,0.0091,-0.1394,0.1192,0.0179,0.9907,True
cluster13_A0A1C7H271,A0A1C7H271,test,putrescine,Mono,False,0.0765,0.0017,-0.0748,0.0679,0.0096,0.9907,True
cluster13_A0A1C7H271,A0A1C7H271,test,putrescine,Tri,False,0.1954,0.0184,-0.177,0.1317,0.0264,0.9907,True
cluster13_A0A1C7H271,A0A1C7H271,test,serine,Di,False,0.7293,0.2134,-0.5159,0.7234,0.1317,0.9907,True
cluster13_A0A1C7H271,A0A1C7H271,test,serine,Mono,True,0.8329,0.1643,-0.6686,0.7547,0.1192,0.9907,True
cluster13_A0A1C7H271,A0A1C7H271,test,serine,Tri,False,0.2723,0.045,-0.2273,0.1867,0.0679,0.9907,True
cluster13_A0A1C7H271,A0A1C7H271,test,serotonin,Di,False,0.298,0.0039,-0.2941,0.22,0.0096,0.9907,True
cluster13_A0A1C7H271,A0A1C7H271,test,serotonin,Mono,True,0.9573,0.0316,-0.9257,0.7921,0.0264,0.9907,True
cluster13_A0A1C7H271,A0A1C7H271,test,serotonin,Tri,False,0.4668,0.0099,-0.4569,0.37,0.0179,0.9907,True
cluster13_A0A1C7H271,A0A1C7H271,test,threonine,Di,False,0.5259,0.0263,-0.4996,0.4048,0.0264,0.9907,True
cluster13_A0A1C7H271,A0A1C7H271,test,threonine,Mono,True,0.8625,0.0657,-0.7968,0.7547,0.0679,0.9907,True
cluster13_A0A1C7H271,A0A1C7H271,test,threonine,Tri,False,0.0669,0.003,-0.0639,0.0679,0.0096,0.9907,True
cluster13_A0A1C7H271,A0A1C7H271,test,tryptamine,Di,False,0.3551,0.0052,-0.3499,0.2642,0.0157,0.9907,True
cluster13_A0A1C7H271,A0A1C7H271,test,tryptamine,Mono,False,0.3563,0.0008,-0.3555,0.2642,0.0069,0.9907,True
cluster13_A0A1C7H271,A0A1C7H271,test,tryptamine,Tri,True,0.7179,0.015,-0.7029,0.6364,0.0264,0.9907,True
cluster13_A0A1C7H271,A0A1C7H271,test,tyramine,Di,False,0.3455,0.0307,-0.3148,0.2642,0.0264,0.9907,True
cluster13_A0A1C7H271,A0A1C7H271,test,tyramine,Mono,True,0.9303,0.3497,-0.5806,0.7921,0.2642,0.9907,True
cluster13_A0A1C7H271,A0A1C7H271,test,tyramine,Tri,False,0.2989,0.0516,-0.2473,0.22,0.0679,0.9907,True
cluster183_A0A096B1U0,A0A096B1U0,dev,"2,3_diaminopropionic acid",Di,False,0.0117,0.0054,-0.0063,0.0264,0.0157,0.9374,True
cluster183_A0A096B1U0,A0A096B1U0,dev,"2,3_diaminopropionic acid",Mono,False,0.0027,0.0013,-0.0014,0.0096,0.0096,0.9374,True
cluster183_A0A096B1U0,A0A096B1U0,dev,"2,3_diaminopropionic acid",Tri,False,0.1828,0.1269,-0.0559,0.1317,0.0781,0.9374,True
cluster183_A0A096B1U0,A0A096B1U0,dev,2_aminophenol,Di,False,0.059,0.0814,0.0224,0.0679,0.0679,0.9374,True
cluster183_A0A096B1U0,A0A096B1U0,dev,2_aminophenol,Mono,False,0.0044,0.005,0.0006,0.0096,0.0116,0.9374,True
cluster183_A0A096B1U0,A0A096B1U0,dev,2_aminophenol,Tri,False,0.1696,0.213,0.0434,0.1317,0.1317,0.9374,True
cluster183_A0A096B1U0,A0A096B1U0,dev,3_methoxytyramine,Di,False,0.0092,0.0024,-0.0068,0.0179,0.0096,0.9374,True
cluster183_A0A096B1U0,A0A096B1U0,dev,3_methoxytyramine,Mono,False,0.0004,0.0002,-0.0002,0.0069,0.0069,0.9374,True
cluster183_A0A096B1U0,A0A096B1U0,dev,3_methoxytyramine,Tri,False,0.0178,0.0067,-0.0111,0.0264,0.0157,0.9374,True
cluster183_A0A096B1U0,A0A096B1U0,dev,alanine,Di,True,0.9779,0.9398,-0.0381,0.8343,0.7921,0.9374,True
cluster183_A0A096B1U0,A0A096B1U0,dev,alanine,Mono,True,0.8809,0.6685,-0.2124,0.7547,0.5862,0.9374,True
cluster183_A0A096B1U0,A0A096B1U0,dev,alanine,Tri,False,0.2037,0.0924,-0.1113,0.1317,0.0758,0.9374,True
cluster183_A0A096B1U0,A0A096B1U0,dev,arginine,Di,False,0.0002,1e-04,-1e-04,0.0069,0.0058,0.9374,True
cluster183_A0A096B1U0,A0A096B1U0,dev,arginine,Mono,False,0.0,0.0,0.0,0.0013,0.0,0.9374,True
cluster183_A0A096B1U0,A0A096B1U0,dev,arginine,Tri,False,0.0006,0.0004,-0.0002,0.0069,0.0069,0.9374,True
cluster183_A0A096B1U0,A0A096B1U0,dev,asparagine,Di,False,0.0684,0.0214,-0.047,0.0679,0.0264,0.9374,True
cluster183_A0A096B1U0,A0A096B1U0,dev,asparagine,Mono,False,0.0235,0.0062,-0.0173,0.0264,0.0157,0.9374,True
cluster183_A0A096B1U0,A0A096B1U0,dev,asparagine,Tri,True,0.9689,0.8903,-0.0786,0.8273,0.7547,0.9374,True
cluster183_A0A096B1U0,A0A096B1U0,dev,cadaverine,Di,False,0.0016,0.0005,-0.0011,0.0096,0.0069,0.9374,True
cluster183_A0A096B1U0,A0A096B1U0,dev,cadaverine,Mono,False,0.0004,1e-04,-0.0003,0.0069,0.0058,0.9374,True
cluster183_A0A096B1U0,A0A096B1U0,dev,cadaverine,Tri,False,0.0045,0.0017,-0.0028,0.0096,0.0096,0.9374,True
cluster183_A0A096B1U0,A0A096B1U0,dev,citrulline,Di,False,0.0028,0.0024,-0.0004,0.0096,0.0096,0.9374,True
cluster183_A0A096B1U0,A0A096B1U0,dev,citrulline,Mono,False,0.0005,0.0004,-1e-04,0.0069,0.0069,0.9374,True
cluster183_A0A096B1U0,A0A096B1U0,dev,citrulline,Tri,False,0.0019,0.0016,-0.0003,0.0096,0.0096,0.9374,True
cluster183_A0A096B1U0,A0A096B1U0,dev,cystine,Di,False,0.0005,0.0004,-1e-04,0.0069,0.0069,0.9374,True
cluster183_A0A096B1U0,A0A096B1U0,dev,cystine,Mono,False,1e-04,1e-04,0.0,0.0058,0.0058,0.9374,True
cluster183_A0A096B1U0,A0A096B1U0,dev,cystine,Tri,False,0.0009,0.0009,0.0,0.0069,0.0069,0.9374,True
cluster183_A0A096B1U0,A0A096B1U0,dev,dopamine,Di,False,0.1266,0.0291,-0.0975,0.0781,0.0264,0.9374,True
cluster183_A0A096B1U0,A0A096B1U0,dev,dopamine,Mono,False,0.0165,0.0041,-0.0124,0.0264,0.0096,0.9374,True
cluster183_A0A096B1U0,A0A096B1U0,dev,dopamine,Tri,True,0.937,0.8013,-0.1357,0.7921,0.7547,0.9374,True
cluster183_A0A096B1U0,A0A096B1U0,dev,gaba,Di,True,0.9954,0.9721,-0.0233,0.8962,0.8273,0.9374,True
cluster183_A0A096B1U0,A0A096B1U0,dev,gaba,Mono,True,0.9873,0.922,-0.0653,0.8343,0.7921,0.9374,True
cluster183_A0A096B1U0,A0A096B1U0,dev,gaba,Tri,True,0.998,0.9877,-0.0103,1.0,0.8343,0.9374,True
cluster183_A0A096B1U0,A0A096B1U0,dev,glutamine,Di,False,0.0032,0.0026,-0.0006,0.0096,0.0096,0.9374,True
cluster183_A0A096B1U0,A0A096B1U0,dev,glutamine,Mono,False,0.0022,0.0015,-0.0007,0.0096,0.0096,0.9374,True
cluster183_A0A096B1U0,A0A096B1U0,dev,glutamine,Tri,False,0.0063,0.0045,-0.0018,0.0157,0.0096,0.9374,True
cluster183_A0A096B1U0,A0A096B1U0,dev,glyglycine,Di,False,0.0058,0.0053,-0.0005,0.0157,0.0157,0.9374,True
cluster183_A0A096B1U0,A0A096B1U0,dev,glyglycine,Mono,False,0.0017,0.0014,-0.0003,0.0096,0.0096,0.9374,True
cluster183_A0A096B1U0,A0A096B1U0,dev,glyglycine,Tri,False,0.0421,0.039,-0.0031,0.0526,0.046,0.9374,True
cluster183_A0A096B1U0,A0A096B1U0,dev,histidine,Di,False,0.0012,0.0005,-0.0007,0.0096,0.0069,0.9374,True
cluster183_A0A096B1U0,A0A096B1U0,dev,histidine,Mono,False,0.0005,0.0003,-0.0002,0.0069,0.0069,0.9374,True
cluster183_A0A096B1U0,A0A096B1U0,dev,histidine,Tri,False,0.0063,0.0035,-0.0028,0.0157,0.0096,0.9374,True
cluster183_A0A096B1U0,A0A096B1U0,dev,lysine,Di,False,0.0468,0.0296,-0.0172,0.0679,0.0264,0.9374,True
cluster183_A0A096B1U0,A0A096B1U0,dev,lysine,Mono,False,0.0031,0.0011,-0.002,0.0096,0.0096,0.9374,True
cluster183_A0A096B1U0,A0A096B1U0,dev,lysine,Tri,False,0.0052,0.0023,-0.0029,0.0157,0.0096,0.9374,True
cluster183_A0A096B1U0,A0A096B1U0,dev,methionine,Di,False,0.0023,0.0031,0.0008,0.0096,0.0096,0.9374,True
cluster183_A0A096B1U0,A0A096B1U0,dev,methionine,Mono,False,0.0008,0.0012,0.0004,0.0069,0.0096,0.9374,True
cluster183_A0A096B1U0,A0A096B1U0,dev,methionine,Tri,False,0.0055,0.0075,0.002,0.0157,0.0167,0.9374,True
cluster183_A0A096B1U0,A0A096B1U0,dev,ornithine,Di,False,0.0045,0.002,-0.0025,0.0096,0.0096,0.9374,True
cluster183_A0A096B1U0,A0A096B1U0,dev,ornithine,Mono,False,0.001,0.0004,-0.0006,0.0069,0.0069,0.9374,True
cluster183_A0A096B1U0,A0A096B1U0,dev,ornithine,Tri,False,0.0026,0.0011,-0.0015,0.0096,0.0096,0.9374,True
cluster183_A0A096B1U0,A0A096B1U0,dev,phenylalanine,Di,True,0.9702,0.8516,-0.1186,0.8273,0.7547,0.9374,True
cluster183_A0A096B1U0,A0A096B1U0,dev,phenylalanine,Mono,False,0.1062,0.0347,-0.0715,0.0758,0.046,0.9374,True
cluster183_A0A096B1U0,A0A096B1U0,dev,phenylalanine,Tri,True,0.9876,0.9524,-0.0352,0.8343,0.7921,0.9374,True
cluster183_A0A096B1U0,A0A096B1U0,dev,proline,Di,False,0.0007,0.0004,-0.0003,0.0069,0.0069,0.9374,True
cluster183_A0A096B1U0,A0A096B1U0,dev,proline,Mono,False,0.0003,0.0002,-1e-04,0.0069,0.0069,0.9374,True
cluster183_A0A096B1U0,A0A096B1U0,dev,proline,Tri,False,0.0078,0.0031,-0.0047,0.0167,0.0096,0.9374,True
cluster183_A0A096B1U0,A0A096B1U0,dev,putrescine,Di,False,0.0019,0.0007,-0.0012,0.0096,0.0069,0.9374,True
cluster183_A0A096B1U0,A0A096B1U0,dev,putrescine,Mono,False,0.0004,1e-04,-0.0003,0.0069,0.0058,0.9374,True
cluster183_A0A096B1U0,A0A096B1U0,dev,putrescine,Tri,False,0.0054,0.0022,-0.0032,0.0157,0.0096,0.9374,True
cluster183_A0A096B1U0,A0A096B1U0,dev,serine,Di,False,0.0542,0.0355,-0.0187,0.0679,0.046,0.9374,True
cluster183_A0A096B1U0,A0A096B1U0,dev,serine,Mono,False,0.0424,0.0267,-0.0157,0.0526,0.0264,0.9374,True
cluster183_A0A096B1U0,A0A096B1U0,dev,serine,Tri,False,0.0157,0.011,-0.0047,0.0264,0.0264,0.9374,True
cluster183_A0A096B1U0,A0A096B1U0,dev,serotonin,Di,False,0.0005,0.0002,-0.0003,0.0069,0.0069,0.9374,True
cluster183_A0A096B1U0,A0A096B1U0,dev,serotonin,Mono,False,0.0024,0.0007,-0.0017,0.0096,0.0069,0.9374,True
cluster183_A0A096B1U0,A0A096B1U0,dev,serotonin,Tri,False,0.0014,0.0005,-0.0009,0.0096,0.0069,0.9374,True
cluster183_A0A096B1U0,A0A096B1U0,dev,threonine,Di,False,0.0022,0.0013,-0.0009,0.0096,0.0096,0.9374,True
cluster183_A0A096B1U0,A0A096B1U0,dev,threonine,Mono,False,0.0053,0.0035,-0.0018,0.0157,0.0096,0.9374,True
cluster183_A0A096B1U0,A0A096B1U0,dev,threonine,Tri,False,0.0004,0.0002,-0.0002,0.0069,0.0069,0.9374,True
cluster183_A0A096B1U0,A0A096B1U0,dev,tryptamine,Di,False,0.0003,1e-04,-0.0002,0.0069,0.0058,0.9374,True
cluster183_A0A096B1U0,A0A096B1U0,dev,tryptamine,Mono,False,0.0,0.0,0.0,0.0,0.0,0.9374,True
cluster183_A0A096B1U0,A0A096B1U0,dev,tryptamine,Tri,False,0.0009,0.0003,-0.0006,0.0069,0.0069,0.9374,True
cluster183_A0A096B1U0,A0A096B1U0,dev,tyramine,Di,False,0.0082,0.0026,-0.0056,0.0167,0.0096,0.9374,True
cluster183_A0A096B1U0,A0A096B1U0,dev,tyramine,Mono,False,0.0643,0.0251,-0.0392,0.0679,0.0264,0.9374,True
cluster183_A0A096B1U0,A0A096B1U0,dev,tyramine,Tri,False,0.0238,0.0094,-0.0144,0.0264,0.0179,0.9374,True
cluster18_A6LC91,A6LC91,dev,"2,3_diaminopropionic acid",Di,False,0.0006,0.0161,0.0155,0.0069,0.0264,0.9815,True
cluster18_A6LC91,A6LC91,dev,"2,3_diaminopropionic acid",Mono,False,0.0002,0.0033,0.0031,0.0069,0.0096,0.9815,True
cluster18_A6LC91,A6LC91,dev,"2,3_diaminopropionic acid",Tri,False,0.0028,0.2171,0.2143,0.0096,0.1317,0.9815,True
cluster18_A6LC91,A6LC91,dev,2_aminophenol,Di,False,0.0087,0.5462,0.5375,0.0179,0.4048,0.9815,True
cluster18_A6LC91,A6LC91,dev,2_aminophenol,Mono,False,0.0006,0.0485,0.0479,0.0069,0.0679,0.9815,True
cluster18_A6LC91,A6LC91,dev,2_aminophenol,Tri,False,0.0098,0.6741,0.6643,0.0179,0.5862,0.9815,True
cluster18_A6LC91,A6LC91,dev,3_methoxytyramine,Di,False,0.0033,0.0761,0.0728,0.0096,0.0679,0.9815,True
cluster18_A6LC91,A6LC91,dev,3_methoxytyramine,Mono,False,1e-04,0.0027,0.0026,0.0058,0.0096,0.9815,True
cluster18_A6LC91,A6LC91,dev,3_methoxytyramine,Tri,False,0.001,0.0793,0.0783,0.0069,0.0679,0.9815,True
cluster18_A6LC91,A6LC91,dev,alanine,Di,False,0.0237,0.8158,0.7921,0.0264,0.7547,0.9815,True
cluster18_A6LC91,A6LC91,dev,alanine,Mono,False,0.0035,0.3181,0.3146,0.0096,0.22,0.9815,True
cluster18_A6LC91,A6LC91,dev,alanine,Tri,False,0.0004,0.0493,0.0489,0.0069,0.0679,0.9815,True
cluster18_A6LC91,A6LC91,dev,arginine,Di,False,0.0,0.0004,0.0004,0.0,0.0069,0.9815,True
cluster18_A6LC91,A6LC91,dev,arginine,Mono,False,0.0,1e-04,1e-04,0.0,0.0058,0.9815,True
cluster18_A6LC91,A6LC91,dev,arginine,Tri,False,0.0,0.0009,0.0009,0.0,0.0069,0.9815,True
cluster18_A6LC91,A6LC91,dev,asparagine,Di,False,0.0004,0.021,0.0206,0.0069,0.0264,0.9815,True
cluster18_A6LC91,A6LC91,dev,asparagine,Mono,False,0.0002,0.0063,0.0061,0.0069,0.0157,0.9815,True
cluster18_A6LC91,A6LC91,dev,asparagine,Tri,False,0.0764,0.8513,0.7749,0.0679,0.7547,0.9815,True
cluster18_A6LC91,A6LC91,dev,cadaverine,Di,False,0.0,0.0033,0.0033,0.0,0.0096,0.9815,True
cluster18_A6LC91,A6LC91,dev,cadaverine,Mono,False,0.0,0.0007,0.0007,0.0,0.0069,0.9815,True
cluster18_A6LC91,A6LC91,dev,cadaverine,Tri,False,0.0,0.01,0.01,0.0,0.0179,0.9815,True
cluster18_A6LC91,A6LC91,dev,citrulline,Di,False,0.0,0.0029,0.0029,0.0,0.0096,0.9815,True
cluster18_A6LC91,A6LC91,dev,citrulline,Mono,False,0.0,0.0006,0.0006,0.0,0.0069,0.9815,True
cluster18_A6LC91,A6LC91,dev,citrulline,Tri,False,0.0,0.0016,0.0016,0.0,0.0096,0.9815,True
cluster18_A6LC91,A6LC91,dev,cystine,Di,False,1e-04,0.0023,0.0022,0.0058,0.0096,0.9815,True
cluster18_A6LC91,A6LC91,dev,cystine,Mono,False,0.0,0.0002,0.0002,0.0,0.0069,0.9815,True
cluster18_A6LC91,A6LC91,dev,cystine,Tri,False,1e-04,0.0028,0.0027,0.0058,0.0096,0.9815,True
cluster18_A6LC91,A6LC91,dev,dopamine,Di,False,0.0019,0.1214,0.1195,0.0096,0.0781,0.9815,True
cluster18_A6LC91,A6LC91,dev,dopamine,Mono,False,0.0002,0.0147,0.0145,0.0069,0.0264,0.9815,True
cluster18_A6LC91,A6LC91,dev,dopamine,Tri,False,0.0488,0.8374,0.7886,0.0679,0.7547,0.9815,True
cluster18_A6LC91,A6LC91,dev,gaba,Di,False,0.0216,0.9361,0.9145,0.0264,0.7921,0.9815,True
cluster18_A6LC91,A6LC91,dev,gaba,Mono,False,0.009,0.8331,0.8241,0.0179,0.7547,0.9815,True
cluster18_A6LC91,A6LC91,dev,gaba,Tri,False,0.0258,0.9645,0.9387,0.0264,0.8273,0.9815,True
cluster18_A6LC91,A6LC91,dev,glutamine,Di,False,1e-04,0.0042,0.0041,0.0058,0.0096,0.9815,True
cluster18_A6LC91,A6LC91,dev,glutamine,Mono,False,1e-04,0.0031,0.003,0.0058,0.0096,0.9815,True
cluster18_A6LC91,A6LC91,dev,glutamine,Tri,False,1e-04,0.0051,0.005,0.0058,0.0157,0.9815,True
cluster18_A6LC91,A6LC91,dev,glyglycine,Di,False,1e-04,0.0034,0.0033,0.0058,0.0096,0.9815,True
cluster18_A6LC91,A6LC91,dev,glyglycine,Mono,False,0.0,0.0008,0.0008,0.0,0.0069,0.9815,True
cluster18_A6LC91,A6LC91,dev,glyglycine,Tri,False,1e-04,0.0172,0.0171,0.0058,0.0264,0.9815,True
cluster18_A6LC91,A6LC91,dev,histidine,Di,False,0.0,0.001,0.001,0.0,0.0096,0.9815,True
cluster18_A6LC91,A6LC91,dev,histidine,Mono,False,0.0,0.0005,0.0005,0.0,0.0069,0.9815,True
cluster18_A6LC91,A6LC91,dev,histidine,Tri,False,1e-04,0.0041,0.004,0.0058,0.0096,0.9815,True
cluster18_A6LC91,A6LC91,dev,lysine,Di,False,0.0002,0.0226,0.0224,0.0069,0.0264,0.9815,True
cluster18_A6LC91,A6LC91,dev,lysine,Mono,False,0.0,0.002,0.002,0.0031,0.0096,0.9815,True
cluster18_A6LC91,A6LC91,dev,lysine,Tri,False,0.0,0.0028,0.0028,0.0,0.0096,0.9815,True
cluster18_A6LC91,A6LC91,dev,methionine,Di,False,1e-04,0.0063,0.0062,0.0058,0.0157,0.9815,True
cluster18_A6LC91,A6LC91,dev,methionine,Mono,False,0.0,0.0023,0.0023,0.0,0.0096,0.9815,True
cluster18_A6LC91,A6LC91,dev,methionine,Tri,False,0.0,0.0097,0.0097,0.0,0.0179,0.9815,True
cluster18_A6LC91,A6LC91,dev,ornithine,Di,False,0.0006,0.0164,0.0158,0.0069,0.0264,0.9815,True
cluster18_A6LC91,A6LC91,dev,ornithine,Mono,False,0.0002,0.004,0.0038,0.0069,0.0096,0.9815,True
cluster18_A6LC91,A6LC91,dev,ornithine,Tri,False,1e-04,0.0065,0.0064,0.0058,0.0157,0.9815,True
cluster18_A6LC91,A6LC91,dev,phenylalanine,Di,False,0.0411,0.9136,0.8725,0.046,0.7921,0.9815,True
cluster18_A6LC91,A6LC91,dev,phenylalanine,Mono,False,0.0006,0.0414,0.0408,0.0069,0.046,0.9815,True
cluster18_A6LC91,A6LC91,dev,phenylalanine,Tri,False,0.0503,0.95,0.8997,0.0679,0.7921,0.9815,True
cluster18_A6LC91,A6LC91,dev,proline,Di,False,0.0,0.001,0.001,0.0,0.0096,0.9815,True
cluster18_A6LC91,A6LC91,dev,proline,Mono,False,0.0,0.0004,0.0004,0.0,0.0069,0.9815,True
cluster18_A6LC91,A6LC91,dev,proline,Tri,False,0.0003,0.0082,0.0079,0.0069,0.0167,0.9815,True
cluster18_A6LC91,A6LC91,dev,putrescine,Di,False,0.0,0.0038,0.0038,0.0,0.0096,0.9815,True
cluster18_A6LC91,A6LC91,dev,putrescine,Mono,False,0.0,0.0008,0.0008,0.0,0.0069,0.9815,True
cluster18_A6LC91,A6LC91,dev,putrescine,Tri,False,0.0,0.0113,0.0113,0.0,0.0264,0.9815,True
cluster18_A6LC91,A6LC91,dev,serine,Di,False,0.0002,0.0456,0.0454,0.0069,0.0679,0.9815,True
cluster18_A6LC91,A6LC91,dev,serine,Mono,False,0.0002,0.023,0.0228,0.0069,0.0264,0.9815,True
cluster18_A6LC91,A6LC91,dev,serine,Tri,False,0.0,0.0083,0.0083,0.0,0.0167,0.9815,True
cluster18_A6LC91,A6LC91,dev,serotonin,Di,False,0.0,0.0018,0.0018,0.0,0.0096,0.9815,True
cluster18_A6LC91,A6LC91,dev,serotonin,Mono,False,0.0009,0.0152,0.0143,0.0069,0.0264,0.9815,True
cluster18_A6LC91,A6LC91,dev,serotonin,Tri,False,1e-04,0.0045,0.0044,0.0058,0.0096,0.9815,True
cluster18_A6LC91,A6LC91,dev,threonine,Di,False,0.0,0.0018,0.0018,0.0,0.0096,0.9815,True
cluster18_A6LC91,A6LC91,dev,threonine,Mono,False,0.0,0.0027,0.0027,0.0,0.0096,0.9815,True
cluster18_A6LC91,A6LC91,dev,threonine,Tri,False,0.0,0.0002,0.0002,0.0,0.0069,0.9815,True
cluster18_A6LC91,A6LC91,dev,tryptamine,Di,False,0.0,0.0023,0.0023,0.0,0.0096,0.9815,True
cluster18_A6LC91,A6LC91,dev,tryptamine,Mono,False,0.0,0.0004,0.0004,0.0,0.0069,0.9815,True
cluster18_A6LC91,A6LC91,dev,tryptamine,Tri,False,1e-04,0.0085,0.0084,0.0058,0.0167,0.9815,True
cluster18_A6LC91,A6LC91,dev,tyramine,Di,False,1e-04,0.0076,0.0075,0.0058,0.0167,0.9815,True
cluster18_A6LC91,A6LC91,dev,tyramine,Mono,False,0.0014,0.0762,0.0748,0.0096,0.0679,0.9815,True
cluster18_A6LC91,A6LC91,dev,tyramine,Tri,False,1e-04,0.0136,0.0135,0.0058,0.0264,0.9815,True
cluster200_A0A1Y3VSR9,A0A1Y3VSR9,dev,"2,3_diaminopropionic acid",Di,False,0.0686,0.0288,-0.0398,0.0679,0.0264,0.9898,True
cluster200_A0A1Y3VSR9,A0A1Y3VSR9,dev,"2,3_diaminopropionic acid",Mono,False,0.0234,0.0066,-0.0168,0.0264,0.0157,0.9898,True
cluster200_A0A1Y3VSR9,A0A1Y3VSR9,dev,"2,3_diaminopropionic acid",Tri,False,0.3382,0.2672,-0.071,0.2642,0.1867,0.9898,True
cluster200_A0A1Y3VSR9,A0A1Y3VSR9,dev,2_aminophenol,Di,True,0.7828,0.4995,-0.2833,0.7234,0.4048,0.9898,True
cluster200_A0A1Y3VSR9,A0A1Y3VSR9,dev,2_aminophenol,Mono,False,0.18,0.0509,-0.1291,0.1317,0.0679,0.9898,True
cluster200_A0A1Y3VSR9,A0A1Y3VSR9,dev,2_aminophenol,Tri,False,0.7844,0.6785,-0.1059,0.7234,0.5862,0.9898,True
cluster200_A0A1Y3VSR9,A0A1Y3VSR9,dev,3_methoxytyramine,Di,False,0.2706,0.0601,-0.2105,0.1867,0.0679,0.9898,True
cluster200_A0A1Y3VSR9,A0A1Y3VSR9,dev,3_methoxytyramine,Mono,False,0.0077,0.0024,-0.0053,0.0167,0.0096,0.9898,True
cluster200_A0A1Y3VSR9,A0A1Y3VSR9,dev,3_methoxytyramine,Tri,False,0.0566,0.0516,-0.005,0.0679,0.0679,0.9898,True
cluster200_A0A1Y3VSR9,A0A1Y3VSR9,dev,alanine,Di,True,0.9815,0.9217,-0.0598,0.8343,0.7921,0.9898,True
cluster200_A0A1Y3VSR9,A0A1Y3VSR9,dev,alanine,Mono,True,0.9091,0.5877,-0.3214,0.7921,0.566,0.9898,True
cluster200_A0A1Y3VSR9,A0A1Y3VSR9,dev,alanine,Tri,False,0.1434,0.068,-0.0754,0.1192,0.0679,0.9898,True
cluster200_A0A1Y3VSR9,A0A1Y3VSR9,dev,arginine,Di,False,0.0014,0.0006,-0.0008,0.0096,0.0069,0.9898,True
cluster200_A0A1Y3VSR9,A0A1Y3VSR9,dev,arginine,Mono,False,0.0006,0.0002,-0.0004,0.0069,0.0069,0.9898,True
cluster200_A0A1Y3VSR9,A0A1Y3VSR9,dev,arginine,Tri,False,0.002,0.001,-0.001,0.0096,0.0069,0.9898,True
cluster200_A0A1Y3VSR9,A0A1Y3VSR9,dev,asparagine,Di,False,0.0739,0.0335,-0.0404,0.0679,0.0264,0.9898,True
cluster200_A0A1Y3VSR9,A0A1Y3VSR9,dev,asparagine,Mono,False,0.0405,0.011,-0.0295,0.046,0.0264,0.9898,True
cluster200_A0A1Y3VSR9,A0A1Y3VSR9,dev,asparagine,Tri,True,0.9446,0.9066,-0.038,0.7921,0.7921,0.9898,True
cluster200_A0A1Y3VSR9,A0A1Y3VSR9,dev,cadaverine,Di,False,0.0028,0.0021,-0.0007,0.0096,0.0096,0.9898,True
cluster200_A0A1Y3VSR9,A0A1Y3VSR9,dev,cadaverine,Mono,False,0.0011,0.0005,-0.0006,0.0096,0.0069,0.9898,True
cluster200_A0A1Y3VSR9,A0A1Y3VSR9,dev,cadaverine,Tri,False,0.0048,0.0047,-1e-04,0.0097,0.0097,0.9898,True
cluster200_A0A1Y3VSR9,A0A1Y3VSR9,dev,citrulline,Di,False,0.0065,0.0038,-0.0027,0.0157,0.0096,0.9898,True
cluster200_A0A1Y3VSR9,A0A1Y3VSR9,dev,citrulline,Mono,False,0.0024,0.0007,-0.0017,0.0096,0.0069,0.9898,True
cluster200_A0A1Y3VSR9,A0A1Y3VSR9,dev,citrulline,Tri,False,0.0026,0.0015,-0.0011,0.0096,0.0096,0.9898,True
cluster200_A0A1Y3VSR9,A0A1Y3VSR9,dev,cystine,Di,False,0.0116,0.0037,-0.0079,0.0264,0.0096,0.9898,True
cluster200_A0A1Y3VSR9,A0A1Y3VSR9,dev,cystine,Mono,False,0.0013,0.0004,-0.0009,0.0096,0.0069,0.9898,True
cluster200_A0A1Y3VSR9,A0A1Y3VSR9,dev,cystine,Tri,False,0.0056,0.0038,-0.0018,0.0157,0.0096,0.9898,True
cluster200_A0A1Y3VSR9,A0A1Y3VSR9,dev,dopamine,Di,False,0.2508,0.1093,-0.1415,0.1466,0.0758,0.9898,True
cluster200_A0A1Y3VSR9,A0A1Y3VSR9,dev,dopamine,Mono,False,0.045,0.0153,-0.0297,0.0679,0.0264,0.9898,True
cluster200_A0A1Y3VSR9,A0A1Y3VSR9,dev,dopamine,Tri,True,0.8831,0.7924,-0.0907,0.7547,0.7463,0.9898,True
cluster200_A0A1Y3VSR9,A0A1Y3VSR9,dev,gaba,Di,True,0.9886,0.9674,-0.0212,0.8873,0.8273,0.9898,True
cluster200_A0A1Y3VSR9,A0A1Y3VSR9,dev,gaba,Mono,True,0.9773,0.9093,-0.068,0.8343,0.7921,0.9898,True
cluster200_A0A1Y3VSR9,A0A1Y3VSR9,dev,gaba,Tri,True,0.9909,0.9814,-0.0095,0.8962,0.8343,0.9898,True
cluster200_A0A1Y3VSR9,A0A1Y3VSR9,dev,glutamine,Di,False,0.0201,0.0073,-0.0128,0.0264,0.0167,0.9898,True
cluster200_A0A1Y3VSR9,A0A1Y3VSR9,dev,glutamine,Mono,False,0.0191,0.0053,-0.0138,0.0264,0.0157,0.9898,True
cluster200_A0A1Y3VSR9,A0A1Y3VSR9,dev,glutamine,Tri,False,0.0113,0.0062,-0.0051,0.0264,0.0157,0.9898,True
cluster200_A0A1Y3VSR9,A0A1Y3VSR9,dev,glyglycine,Di,False,0.0075,0.0049,-0.0026,0.0167,0.0097,0.9898,True
cluster200_A0A1Y3VSR9,A0A1Y3VSR9,dev,glyglycine,Mono,False,0.0029,0.0014,-0.0015,0.0096,0.0096,0.9898,True
cluster200_A0A1Y3VSR9,A0A1Y3VSR9,dev,glyglycine,Tri,False,0.0155,0.0214,0.0059,0.0264,0.0264,0.9898,True
cluster200_A0A1Y3VSR9,A0A1Y3VSR9,dev,histidine,Di,False,0.0015,0.0008,-0.0007,0.0096,0.0069,0.9898,True
cluster200_A0A1Y3VSR9,A0A1Y3VSR9,dev,histidine,Mono,False,0.0012,0.0004,-0.0008,0.0096,0.0069,0.9898,True
cluster200_A0A1Y3VSR9,A0A1Y3VSR9,dev,histidine,Tri,False,0.0045,0.0029,-0.0016,0.0096,0.0096,0.9898,True
cluster200_A0A1Y3VSR9,A0A1Y3VSR9,dev,lysine,Di,False,0.0559,0.0314,-0.0245,0.0679,0.0264,0.9898,True
cluster200_A0A1Y3VSR9,A0A1Y3VSR9,dev,lysine,Mono,False,0.0095,0.0027,-0.0068,0.0179,0.0096,0.9898,True
cluster200_A0A1Y3VSR9,A0A1Y3VSR9,dev,lysine,Tri,False,0.0057,0.0035,-0.0022,0.0157,0.0096,0.9898,True
cluster200_A0A1Y3VSR9,A0A1Y3VSR9,dev,methionine,Di,False,0.016,0.0086,-0.0074,0.0264,0.0172,0.9898,True
cluster200_A0A1Y3VSR9,A0A1Y3VSR9,dev,methionine,Mono,False,0.0077,0.0036,-0.0041,0.0167,0.0096,0.9898,True
cluster200_A0A1Y3VSR9,A0A1Y3VSR9,dev,methionine,Tri,False,0.0125,0.0104,-0.0021,0.0264,0.0179,0.9898,True
cluster200_A0A1Y3VSR9,A0A1Y3VSR9,dev,ornithine,Di,False,0.0701,0.0185,-0.0516,0.0679,0.0264,0.9898,True
cluster200_A0A1Y3VSR9,A0A1Y3VSR9,dev,ornithine,Mono,False,0.0274,0.0042,-0.0232,0.0264,0.0096,0.9898,True
cluster200_A0A1Y3VSR9,A0A1Y3VSR9,dev,ornithine,Tri,False,0.0195,0.0062,-0.0133,0.0264,0.0157,0.9898,True
cluster200_A0A1Y3VSR9,A0A1Y3VSR9,dev,phenylalanine,Di,True,0.9705,0.9159,-0.0546,0.8273,0.7921,0.9898,True
cluster200_A0A1Y3VSR9,A0A1Y3VSR9,dev,phenylalanine,Mono,False,0.1871,0.0695,-0.1176,0.1317,0.0679,0.9898,True
cluster200_A0A1Y3VSR9,A0A1Y3VSR9,dev,phenylalanine,Tri,True,0.9711,0.952,-0.0191,0.8273,0.7921,0.9898,True
cluster200_A0A1Y3VSR9,A0A1Y3VSR9,dev,proline,Di,False,0.0019,0.0007,-0.0012,0.0096,0.0069,0.9898,True
cluster200_A0A1Y3VSR9,A0A1Y3VSR9,dev,proline,Mono,False,0.0014,0.0003,-0.0011,0.0096,0.0069,0.9898,True
cluster200_A0A1Y3VSR9,A0A1Y3VSR9,dev,proline,Tri,False,0.0099,0.005,-0.0049,0.0179,0.0097,0.9898,True
cluster200_A0A1Y3VSR9,A0A1Y3VSR9,dev,putrescine,Di,False,0.0038,0.0024,-0.0014,0.0096,0.0096,0.9898,True
cluster200_A0A1Y3VSR9,A0A1Y3VSR9,dev,putrescine,Mono,False,0.0013,0.0005,-0.0008,0.0096,0.0069,0.9898,True
cluster200_A0A1Y3VSR9,A0A1Y3VSR9,dev,putrescine,Tri,False,0.0064,0.0054,-0.001,0.0157,0.0157,0.9898,True
cluster200_A0A1Y3VSR9,A0A1Y3VSR9,dev,serine,Di,False,0.0491,0.058,0.0089,0.0679,0.0679,0.9898,True
cluster200_A0A1Y3VSR9,A0A1Y3VSR9,dev,serine,Mono,False,0.0373,0.0295,-0.0078,0.046,0.0264,0.9898,True
cluster200_A0A1Y3VSR9,A0A1Y3VSR9,dev,serine,Tri,False,0.0078,0.0121,0.0043,0.0167,0.0264,0.9898,True
cluster200_A0A1Y3VSR9,A0A1Y3VSR9,dev,serotonin,Di,False,0.0041,0.0009,-0.0032,0.0096,0.0069,0.9898,True
cluster200_A0A1Y3VSR9,A0A1Y3VSR9,dev,serotonin,Mono,False,0.0317,0.0041,-0.0276,0.0264,0.0096,0.9898,True
cluster200_A0A1Y3VSR9,A0A1Y3VSR9,dev,serotonin,Tri,False,0.0054,0.002,-0.0034,0.0157,0.0096,0.9898,True
cluster200_A0A1Y3VSR9,A0A1Y3VSR9,dev,threonine,Di,False,0.0063,0.0037,-0.0026,0.0157,0.0096,0.9898,True
cluster200_A0A1Y3VSR9,A0A1Y3VSR9,dev,threonine,Mono,False,0.011,0.0059,-0.0051,0.0264,0.0157,0.9898,True
cluster200_A0A1Y3VSR9,A0A1Y3VSR9,dev,threonine,Tri,False,0.0005,0.0004,-1e-04,0.0069,0.0069,0.9898,True
cluster200_A0A1Y3VSR9,A0A1Y3VSR9,dev,tryptamine,Di,False,0.0023,0.0006,-0.0017,0.0096,0.0069,0.9898,True
cluster200_A0A1Y3VSR9,A0A1Y3VSR9,dev,tryptamine,Mono,False,0.0005,1e-04,-0.0004,0.0069,0.0058,0.9898,True
cluster200_A0A1Y3VSR9,A0A1Y3VSR9,dev,tryptamine,Tri,False,0.0042,0.002,-0.0022,0.0096,0.0096,0.9898,True
cluster200_A0A1Y3VSR9,A0A1Y3VSR9,dev,tyramine,Di,False,0.0176,0.0086,-0.009,0.0264,0.0167,0.9898,True
cluster200_A0A1Y3VSR9,A0A1Y3VSR9,dev,tyramine,Mono,False,0.1389,0.0652,-0.0737,0.1192,0.0679,0.9898,True
cluster200_A0A1Y3VSR9,A0A1Y3VSR9,dev,tyramine,Tri,False,0.0206,0.0161,-0.0045,0.0264,0.0264,0.9898,True
cluster206_A0A174MBD8,A0A174MBD8,dev,"2,3_diaminopropionic acid",Di,False,0.0069,0.0029,-0.004,0.0157,0.0096,0.9423,True
cluster206_A0A174MBD8,A0A174MBD8,dev,"2,3_diaminopropionic acid",Mono,False,0.0016,0.0008,-0.0008,0.0096,0.0069,0.9423,True
cluster206_A0A174MBD8,A0A174MBD8,dev,"2,3_diaminopropionic acid",Tri,False,0.1038,0.0652,-0.0386,0.0758,0.0679,0.9423,True
cluster206_A0A174MBD8,A0A174MBD8,dev,2_aminophenol,Di,False,0.0396,0.0394,-0.0002,0.046,0.046,0.9423,True
cluster206_A0A174MBD8,A0A174MBD8,dev,2_aminophenol,Mono,False,0.0029,0.0035,0.0006,0.0096,0.0096,0.9423,True
cluster206_A0A174MBD8,A0A174MBD8,dev,2_aminophenol,Tri,False,0.099,0.1196,0.0206,0.0758,0.0758,0.9423,True
cluster206_A0A174MBD8,A0A174MBD8,dev,3_methoxytyramine,Di,False,0.0048,0.0019,-0.0029,0.0097,0.0096,0.9423,True
cluster206_A0A174MBD8,A0A174MBD8,dev,3_methoxytyramine,Mono,False,0.0002,0.0002,0.0,0.0069,0.0069,0.9423,True
cluster206_A0A174MBD8,A0A174MBD8,dev,3_methoxytyramine,Tri,False,0.0083,0.006,-0.0023,0.0167,0.0157,0.9423,True
cluster206_A0A174MBD8,A0A174MBD8,dev,alanine,Di,True,0.973,0.8937,-0.0793,0.8273,0.7547,0.9423,True
cluster206_A0A174MBD8,A0A174MBD8,dev,alanine,Mono,True,0.855,0.6437,-0.2113,0.7547,0.5862,0.9423,True
cluster206_A0A174MBD8,A0A174MBD8,dev,alanine,Tri,False,0.1509,0.0769,-0.074,0.1192,0.0679,0.9423,True
cluster206_A0A174MBD8,A0A174MBD8,dev,arginine,Di,False,1e-04,1e-04,0.0,0.0058,0.0058,0.9423,True
cluster206_A0A174MBD8,A0A174MBD8,dev,arginine,Mono,False,0.0,0.0,0.0,0.0,0.0,0.9423,True
cluster206_A0A174MBD8,A0A174MBD8,dev,arginine,Tri,False,0.0003,0.0003,0.0,0.0069,0.0069,0.9423,True
cluster206_A0A174MBD8,A0A174MBD8,dev,asparagine,Di,False,0.0425,0.0128,-0.0297,0.0679,0.0264,0.9423,True
cluster206_A0A174MBD8,A0A174MBD8,dev,asparagine,Mono,False,0.0147,0.0044,-0.0103,0.0264,0.0096,0.9423,True
cluster206_A0A174MBD8,A0A174MBD8,dev,asparagine,Tri,True,0.9573,0.8341,-0.1232,0.7921,0.7547,0.9423,True
cluster206_A0A174MBD8,A0A174MBD8,dev,cadaverine,Di,False,0.0011,0.0005,-0.0006,0.0096,0.0069,0.9423,True
cluster206_A0A174MBD8,A0A174MBD8,dev,cadaverine,Mono,False,0.0002,1e-04,-1e-04,0.0069,0.0058,0.9423,True
cluster206_A0A174MBD8,A0A174MBD8,dev,cadaverine,Tri,False,0.0026,0.0013,-0.0013,0.0096,0.0096,0.9423,True
cluster206_A0A174MBD8,A0A174MBD8,dev,citrulline,Di,False,0.0018,0.0024,0.0006,0.0096,0.0096,0.9423,True
cluster206_A0A174MBD8,A0A174MBD8,dev,citrulline,Mono,False,0.0003,0.0003,0.0,0.0069,0.0069,0.9423,True
cluster206_A0A174MBD8,A0A174MBD8,dev,citrulline,Tri,False,0.001,0.0019,0.0009,0.0096,0.0096,0.9423,True
cluster206_A0A174MBD8,A0A174MBD8,dev,cystine,Di,False,0.0005,0.0002,-0.0003,0.0069,0.0069,0.9423,True
cluster206_A0A174MBD8,A0A174MBD8,dev,cystine,Mono,False,1e-04,0.0,-1e-04,0.0058,0.0,0.9423,True
cluster206_A0A174MBD8,A0A174MBD8,dev,cystine,Tri,False,0.0009,0.0005,-0.0004,0.0069,0.0069,0.9423,True
cluster206_A0A174MBD8,A0A174MBD8,dev,dopamine,Di,False,0.0438,0.0284,-0.0154,0.0679,0.0264,0.9423,True
cluster206_A0A174MBD8,A0A174MBD8,dev,dopamine,Mono,False,0.0056,0.005,-0.0006,0.0157,0.0157,0.9423,True
cluster206_A0A174MBD8,A0A174MBD8,dev,dopamine,Tri,False,0.8274,0.7749,-0.0525,0.7547,0.7234,0.9423,True
cluster206_A0A174MBD8,A0A174MBD8,dev,gaba,Di,True,0.9929,0.9591,-0.0338,0.8962,0.7921,0.9423,True
cluster206_A0A174MBD8,A0A174MBD8,dev,gaba,Mono,True,0.9785,0.8885,-0.09,0.8343,0.7547,0.9423,True
cluster206_A0A174MBD8,A0A174MBD8,dev,gaba,Tri,True,0.9963,0.9786,-0.0177,0.9,0.8343,0.9423,True
cluster206_A0A174MBD8,A0A174MBD8,dev,glutamine,Di,False,0.0021,0.002,-1e-04,0.0096,0.0096,0.9423,True
cluster206_A0A174MBD8,A0A174MBD8,dev,glutamine,Mono,False,0.0015,0.0014,-1e-04,0.0096,0.0096,0.9423,True
cluster206_A0A174MBD8,A0A174MBD8,dev,glutamine,Tri,False,0.0041,0.0042,1e-04,0.0096,0.0096,0.9423,True
cluster206_A0A174MBD8,A0A174MBD8,dev,glyglycine,Di,False,0.0048,0.0048,0.0,0.0097,0.0097,0.9423,True
cluster206_A0A174MBD8,A0A174MBD8,dev,glyglycine,Mono,False,0.0014,0.0015,1e-04,0.0096,0.0096,0.9423,True
cluster206_A0A174MBD8,A0A174MBD8,dev,glyglycine,Tri,False,0.0339,0.0619,0.028,0.0264,0.0679,0.9423,True
cluster206_A0A174MBD8,A0A174MBD8,dev,histidine,Di,False,0.0007,0.0005,-0.0002,0.0069,0.0069,0.9423,True
cluster206_A0A174MBD8,A0A174MBD8,dev,histidine,Mono,False,0.0003,0.0003,0.0,0.0069,0.0069,0.9423,True
cluster206_A0A174MBD8,A0A174MBD8,dev,histidine,Tri,False,0.0038,0.0038,0.0,0.0096,0.0096,0.9423,True
cluster206_A0A174MBD8,A0A174MBD8,dev,lysine,Di,False,0.0346,0.0295,-0.0051,0.046,0.0264,0.9423,True
cluster206_A0A174MBD8,A0A174MBD8,dev,lysine,Mono,False,0.0017,0.0015,-0.0002,0.0096,0.0096,0.9423,True
cluster206_A0A174MBD8,A0A174MBD8,dev,lysine,Tri,False,0.0026,0.0025,-1e-04,0.0096,0.0096,0.9423,True
cluster206_A0A174MBD8,A0A174MBD8,dev,methionine,Di,False,0.0021,0.0022,1e-04,0.0096,0.0096,0.9423,True
cluster206_A0A174MBD8,A0A174MBD8,dev,methionine,Mono,False,0.0008,0.0009,1e-04,0.0069,0.0069,0.9423,True
cluster206_A0A174MBD8,A0A174MBD8,dev,methionine,Tri,False,0.0051,0.0063,0.0012,0.0157,0.0157,0.9423,True
cluster206_A0A174MBD8,A0A174MBD8,dev,ornithine,Di,False,0.0025,0.0018,-0.0007,0.0096,0.0096,0.9423,True
cluster206_A0A174MBD8,A0A174MBD8,dev,ornithine,Mono,False,0.0005,0.0003,-0.0002,0.0069,0.0069,0.9423,True
cluster206_A0A174MBD8,A0A174MBD8,dev,ornithine,Tri,False,0.0012,0.001,-0.0002,0.0096,0.0096,0.9423,True
cluster206_A0A174MBD8,A0A174MBD8,dev,phenylalanine,Di,True,0.9607,0.8333,-0.1274,0.7921,0.7547,0.9423,True
cluster206_A0A174MBD8,A0A174MBD8,dev,phenylalanine,Mono,False,0.0776,0.0258,-0.0518,0.0679,0.0264,0.9423,True
cluster206_A0A174MBD8,A0A174MBD8,dev,phenylalanine,Tri,True,0.9803,0.9381,-0.0422,0.8343,0.7921,0.9423,True
cluster206_A0A174MBD8,A0A174MBD8,dev,proline,Di,False,0.0004,0.0003,-1e-04,0.0069,0.0069,0.9423,True
cluster206_A0A174MBD8,A0A174MBD8,dev,proline,Mono,False,0.0002,1e-04,-1e-04,0.0069,0.0058,0.9423,True
cluster206_A0A174MBD8,A0A174MBD8,dev,proline,Tri,False,0.0058,0.0028,-0.003,0.0157,0.0096,0.9423,True
cluster206_A0A174MBD8,A0A174MBD8,dev,putrescine,Di,False,0.0012,0.0006,-0.0006,0.0096,0.0069,0.9423,True
cluster206_A0A174MBD8,A0A174MBD8,dev,putrescine,Mono,False,0.0002,1e-04,-1e-04,0.0069,0.0058,0.9423,True
cluster206_A0A174MBD8,A0A174MBD8,dev,putrescine,Tri,False,0.0031,0.0016,-0.0015,0.0096,0.0096,0.9423,True
cluster206_A0A174MBD8,A0A174MBD8,dev,serine,Di,False,0.0339,0.0217,-0.0122,0.0264,0.0264,0.9423,True
cluster206_A0A174MBD8,A0A174MBD8,dev,serine,Mono,False,0.0255,0.032,0.0065,0.0264,0.0264,0.9423,True
cluster206_A0A174MBD8,A0A174MBD8,dev,serine,Tri,False,0.0095,0.0052,-0.0043,0.0179,0.0157,0.9423,True
cluster206_A0A174MBD8,A0A174MBD8,dev,serotonin,Di,False,0.0002,1e-04,-1e-04,0.0069,0.0069,0.9423,True
cluster206_A0A174MBD8,A0A174MBD8,dev,serotonin,Mono,False,0.0011,0.0007,-0.0004,0.0096,0.0069,0.9423,True
cluster206_A0A174MBD8,A0A174MBD8,dev,serotonin,Tri,False,0.0005,0.0005,0.0,0.0069,0.0069,0.9423,True
cluster206_A0A174MBD8,A0A174MBD8,dev,threonine,Di,False,0.0017,0.0015,-0.0002,0.0096,0.0096,0.9423,True
cluster206_A0A174MBD8,A0A174MBD8,dev,threonine,Mono,False,0.0038,0.006,0.0022,0.0096,0.0157,0.9423,True
cluster206_A0A174MBD8,A0A174MBD8,dev,threonine,Tri,False,0.0003,0.0003,0.0,0.0069,0.0069,0.9423,True
cluster206_A0A174MBD8,A0A174MBD8,dev,tryptamine,Di,False,1e-04,1e-04,0.0,0.0058,0.0058,0.9423,True
cluster206_A0A174MBD8,A0A174MBD8,dev,tryptamine,Mono,False,0.0,0.0,0.0,0.0,0.0,0.9423,True
cluster206_A0A174MBD8,A0A174MBD8,dev,tryptamine,Tri,False,0.0003,0.0004,1e-04,0.0069,0.0069,0.9423,True
cluster206_A0A174MBD8,A0A174MBD8,dev,tyramine,Di,False,0.0035,0.0024,-0.0011,0.0096,0.0096,0.9423,True
cluster206_A0A174MBD8,A0A174MBD8,dev,tyramine,Mono,False,0.0398,0.0293,-0.0105,0.046,0.0264,0.9423,True
cluster206_A0A174MBD8,A0A174MBD8,dev,tyramine,Tri,False,0.0101,0.008,-0.0021,0.0179,0.0167,0.9423,True
cluster213_A0A0F5JPH2,A0A0F5JPH2,dev,"2,3_diaminopropionic acid",Di,True,0.6317,0.0693,-0.5624,0.5862,0.0679,0.9909,True
cluster213_A0A0F5JPH2,A0A0F5JPH2,dev,"2,3_diaminopropionic acid",Mono,False,0.1973,0.017,-0.1803,0.1317,0.0264,0.9909,True
cluster213_A0A0F5JPH2,A0A0F5JPH2,dev,"2,3_diaminopropionic acid",Tri,True,0.8874,0.5708,-0.3166,0.7547,0.566,0.9909,True
cluster213_A0A0F5JPH2,A0A0F5JPH2,dev,2_aminophenol,Di,True,0.9503,0.7658,-0.1845,0.7921,0.7234,0.9909,True
cluster213_A0A0F5JPH2,A0A0F5JPH2,dev,2_aminophenol,Mono,False,0.3542,0.1161,-0.2381,0.2642,0.0758,0.9909,True
cluster213_A0A0F5JPH2,A0A0F5JPH2,dev,2_aminophenol,Tri,True,0.9533,0.8687,-0.0846,0.7921,0.7547,0.9909,True
cluster213_A0A0F5JPH2,A0A0F5JPH2,dev,3_methoxytyramine,Di,True,0.8337,0.0781,-0.7556,0.7547,0.0679,0.9909,True
cluster213_A0A0F5JPH2,A0A0F5JPH2,dev,3_methoxytyramine,Mono,False,0.0643,0.005,-0.0593,0.0679,0.0097,0.9909,True
cluster213_A0A0F5JPH2,A0A0F5JPH2,dev,3_methoxytyramine,Tri,False,0.4473,0.0917,-0.3556,0.37,0.0758,0.9909,True
cluster213_A0A0F5JPH2,A0A0F5JPH2,dev,alanine,Di,True,0.9736,0.9002,-0.0734,0.8273,0.7921,0.9909,True
cluster213_A0A0F5JPH2,A0A0F5JPH2,dev,alanine,Mono,False,0.7095,0.5523,-0.1572,0.6364,0.4048,0.9909,True
cluster213_A0A0F5JPH2,A0A0F5JPH2,dev,alanine,Tri,False,0.1226,0.0645,-0.0581,0.0781,0.0679,0.9909,True
cluster213_A0A0F5JPH2,A0A0F5JPH2,dev,arginine,Di,False,0.0077,0.0012,-0.0065,0.0167,0.0096,0.9909,True
cluster213_A0A0F5JPH2,A0A0F5JPH2,dev,arginine,Mono,False,0.0015,0.0003,-0.0012,0.0096,0.0069,0.9909,True
cluster213_A0A0F5JPH2,A0A0F5JPH2,dev,arginine,Tri,False,0.0064,0.0031,-0.0033,0.0157,0.0096,0.9909,True
cluster213_A0A0F5JPH2,A0A0F5JPH2,dev,asparagine,Di,False,0.0953,0.0444,-0.0509,0.0758,0.0679,0.9909,True
cluster213_A0A0F5JPH2,A0A0F5JPH2,dev,asparagine,Mono,False,0.0303,0.0156,-0.0147,0.0264,0.0264,0.9909,True
cluster213_A0A0F5JPH2,A0A0F5JPH2,dev,asparagine,Tri,True,0.9385,0.9194,-0.0191,0.7921,0.7921,0.9909,True
cluster213_A0A0F5JPH2,A0A0F5JPH2,dev,cadaverine,Di,False,0.007,0.0031,-0.0039,0.0157,0.0096,0.9909,True
cluster213_A0A0F5JPH2,A0A0F5JPH2,dev,cadaverine,Mono,False,0.0015,0.0007,-0.0008,0.0096,0.0069,0.9909,True
cluster213_A0A0F5JPH2,A0A0F5JPH2,dev,cadaverine,Tri,False,0.0082,0.0063,-0.0019,0.0167,0.0157,0.9909,True
cluster213_A0A0F5JPH2,A0A0F5JPH2,dev,citrulline,Di,False,0.0101,0.0053,-0.0048,0.0179,0.0157,0.9909,True
cluster213_A0A0F5JPH2,A0A0F5JPH2,dev,citrulline,Mono,False,0.0021,0.0012,-0.0009,0.0096,0.0096,0.9909,True
cluster213_A0A0F5JPH2,A0A0F5JPH2,dev,citrulline,Tri,False,0.0033,0.0027,-0.0006,0.0096,0.0096,0.9909,True
cluster213_A0A0F5JPH2,A0A0F5JPH2,dev,cystine,Di,False,0.0536,0.005,-0.0486,0.0679,0.0097,0.9909,True
cluster213_A0A0F5JPH2,A0A0F5JPH2,dev,cystine,Mono,False,0.0038,0.0007,-0.0031,0.0096,0.0069,0.9909,True
cluster213_A0A0F5JPH2,A0A0F5JPH2,dev,cystine,Tri,False,0.03,0.0078,-0.0222,0.0264,0.0167,0.9909,True
cluster213_A0A0F5JPH2,A0A0F5JPH2,dev,dopamine,Di,False,0.5595,0.1618,-0.3977,0.4048,0.1192,0.9909,True
cluster213_A0A0F5JPH2,A0A0F5JPH2,dev,dopamine,Mono,False,0.1076,0.0277,-0.0799,0.0758,0.0264,0.9909,True
cluster213_A0A0F5JPH2,A0A0F5JPH2,dev,dopamine,Tri,True,0.9572,0.8637,-0.0935,0.7921,0.7547,0.9909,True
cluster213_A0A0F5JPH2,A0A0F5JPH2,dev,gaba,Di,False,0.9643,0.9653,0.001,0.8273,0.8273,0.9909,True
cluster213_A0A0F5JPH2,A0A0F5JPH2,dev,gaba,Mono,True,0.8878,0.9041,0.0163,0.7547,0.7921,0.9909,True
cluster213_A0A0F5JPH2,A0A0F5JPH2,dev,gaba,Tri,True,0.9717,0.9762,0.0045,0.8273,0.8343,0.9909,True
cluster213_A0A0F5JPH2,A0A0F5JPH2,dev,glutamine,Di,False,0.021,0.0068,-0.0142,0.0264,0.0157,0.9909,True
cluster213_A0A0F5JPH2,A0A0F5JPH2,dev,glutamine,Mono,False,0.0142,0.0056,-0.0086,0.0264,0.0157,0.9909,True
cluster213_A0A0F5JPH2,A0A0F5JPH2,dev,glutamine,Tri,False,0.0152,0.0087,-0.0065,0.0264,0.0179,0.9909,True
cluster213_A0A0F5JPH2,A0A0F5JPH2,dev,glyglycine,Di,False,0.0197,0.0064,-0.0133,0.0264,0.0157,0.9909,True
cluster213_A0A0F5JPH2,A0A0F5JPH2,dev,glyglycine,Mono,False,0.0044,0.0018,-0.0026,0.0096,0.0096,0.9909,True
cluster213_A0A0F5JPH2,A0A0F5JPH2,dev,glyglycine,Tri,False,0.0389,0.0242,-0.0147,0.046,0.0264,0.9909,True
cluster213_A0A0F5JPH2,A0A0F5JPH2,dev,histidine,Di,False,0.0019,0.0011,-0.0008,0.0096,0.0096,0.9909,True
cluster213_A0A0F5JPH2,A0A0F5JPH2,dev,histidine,Mono,False,0.0008,0.0005,-0.0003,0.0069,0.0069,0.9909,True
cluster213_A0A0F5JPH2,A0A0F5JPH2,dev,histidine,Tri,False,0.0046,0.0045,-1e-04,0.0096,0.0096,0.9909,True
cluster213_A0A0F5JPH2,A0A0F5JPH2,dev,lysine,Di,False,0.0938,0.0333,-0.0605,0.0758,0.0264,0.9909,True
cluster213_A0A0F5JPH2,A0A0F5JPH2,dev,lysine,Mono,False,0.0096,0.003,-0.0066,0.0179,0.0096,0.9909,True
cluster213_A0A0F5JPH2,A0A0F5JPH2,dev,lysine,Tri,False,0.0093,0.0037,-0.0056,0.0179,0.0096,0.9909,True
cluster213_A0A0F5JPH2,A0A0F5JPH2,dev,methionine,Di,False,0.0356,0.0104,-0.0252,0.046,0.0179,0.9909,True
cluster213_A0A0F5JPH2,A0A0F5JPH2,dev,methionine,Mono,False,0.0106,0.0048,-0.0058,0.0264,0.0097,0.9909,True
cluster213_A0A0F5JPH2,A0A0F5JPH2,dev,methionine,Tri,False,0.0263,0.0149,-0.0114,0.0264,0.0264,0.9909,True
cluster213_A0A0F5JPH2,A0A0F5JPH2,dev,ornithine,Di,False,0.1278,0.0239,-0.1039,0.0781,0.0264,0.9909,True
cluster213_A0A0F5JPH2,A0A0F5JPH2,dev,ornithine,Mono,False,0.0302,0.0061,-0.0241,0.0264,0.0157,0.9909,True
cluster213_A0A0F5JPH2,A0A0F5JPH2,dev,ornithine,Tri,False,0.0329,0.0088,-0.0241,0.0264,0.0179,0.9909,True
cluster213_A0A0F5JPH2,A0A0F5JPH2,dev,phenylalanine,Di,True,0.987,0.9447,-0.0423,0.8343,0.7921,0.9909,True
cluster213_A0A0F5JPH2,A0A0F5JPH2,dev,phenylalanine,Mono,False,0.2037,0.084,-0.1197,0.1317,0.0741,0.9909,True
cluster213_A0A0F5JPH2,A0A0F5JPH2,dev,phenylalanine,Tri,True,0.9871,0.9679,-0.0192,0.8343,0.8273,0.9909,True
cluster213_A0A0F5JPH2,A0A0F5JPH2,dev,proline,Di,False,0.0026,0.0008,-0.0018,0.0096,0.0069,0.9909,True
cluster213_A0A0F5JPH2,A0A0F5JPH2,dev,proline,Mono,False,0.001,0.0003,-0.0007,0.0069,0.0069,0.9909,True
cluster213_A0A0F5JPH2,A0A0F5JPH2,dev,proline,Tri,False,0.0117,0.0052,-0.0065,0.0264,0.0157,0.9909,True
cluster213_A0A0F5JPH2,A0A0F5JPH2,dev,putrescine,Di,False,0.009,0.0035,-0.0055,0.0179,0.0096,0.9909,True
cluster213_A0A0F5JPH2,A0A0F5JPH2,dev,putrescine,Mono,False,0.0017,0.0007,-0.001,0.0096,0.0069,0.9909,True
cluster213_A0A0F5JPH2,A0A0F5JPH2,dev,putrescine,Tri,False,0.0105,0.0072,-0.0033,0.0179,0.0167,0.9909,True
cluster213_A0A0F5JPH2,A0A0F5JPH2,dev,serine,Di,False,0.1258,0.0793,-0.0465,0.0781,0.0679,0.9909,True
cluster213_A0A0F5JPH2,A0A0F5JPH2,dev,serine,Mono,False,0.0637,0.0395,-0.0242,0.0679,0.046,0.9909,True
cluster213_A0A0F5JPH2,A0A0F5JPH2,dev,serine,Tri,False,0.0267,0.0193,-0.0074,0.0264,0.0264,0.9909,True
cluster213_A0A0F5JPH2,A0A0F5JPH2,dev,serotonin,Di,False,0.007,0.0014,-0.0056,0.0157,0.0096,0.9909,True
cluster213_A0A0F5JPH2,A0A0F5JPH2,dev,serotonin,Mono,False,0.0417,0.0074,-0.0343,0.0526,0.0167,0.9909,True
cluster213_A0A0F5JPH2,A0A0F5JPH2,dev,serotonin,Tri,False,0.0079,0.0031,-0.0048,0.0167,0.0096,0.9909,True
cluster213_A0A0F5JPH2,A0A0F5JPH2,dev,threonine,Di,False,0.0086,0.0035,-0.0051,0.0167,0.0096,0.9909,True
cluster213_A0A0F5JPH2,A0A0F5JPH2,dev,threonine,Mono,False,0.0105,0.0052,-0.0053,0.0264,0.0157,0.9909,True
cluster213_A0A0F5JPH2,A0A0F5JPH2,dev,threonine,Tri,False,0.0008,0.0005,-0.0003,0.0069,0.0069,0.9909,True
cluster213_A0A0F5JPH2,A0A0F5JPH2,dev,tryptamine,Di,False,0.0056,0.0014,-0.0042,0.0157,0.0096,0.9909,True
cluster213_A0A0F5JPH2,A0A0F5JPH2,dev,tryptamine,Mono,False,0.0006,0.0002,-0.0004,0.0069,0.0069,0.9909,True
cluster213_A0A0F5JPH2,A0A0F5JPH2,dev,tryptamine,Tri,False,0.0071,0.0033,-0.0038,0.0157,0.0096,0.9909,True
cluster213_A0A0F5JPH2,A0A0F5JPH2,dev,tyramine,Di,False,0.0513,0.017,-0.0343,0.0679,0.0264,0.9909,True
cluster213_A0A0F5JPH2,A0A0F5JPH2,dev,tyramine,Mono,False,0.3392,0.1433,-0.1959,0.2642,0.1192,0.9909,True
cluster213_A0A0F5JPH2,A0A0F5JPH2,dev,tyramine,Tri,False,0.0552,0.0301,-0.0251,0.0679,0.0264,0.9909,True
cluster21_A0A0P0FKS2,A0A0P0FKS2,dev,"2,3_diaminopropionic acid",Di,False,0.0002,0.0018,0.0016,0.0069,0.0096,0.9894,True
cluster21_A0A0P0FKS2,A0A0P0FKS2,dev,"2,3_diaminopropionic acid",Mono,False,0.0,0.0003,0.0003,0.0,0.0069,0.9894,True
cluster21_A0A0P0FKS2,A0A0P0FKS2,dev,"2,3_diaminopropionic acid",Tri,False,0.0015,0.0313,0.0298,0.0096,0.0264,0.9894,True
cluster21_A0A0P0FKS2,A0A0P0FKS2,dev,2_aminophenol,Di,False,0.0013,0.0165,0.0152,0.0096,0.0264,0.9894,True
cluster21_A0A0P0FKS2,A0A0P0FKS2,dev,2_aminophenol,Mono,False,1e-04,0.0008,0.0007,0.0058,0.0069,0.9894,True
cluster21_A0A0P0FKS2,A0A0P0FKS2,dev,2_aminophenol,Tri,False,0.0024,0.0386,0.0362,0.0096,0.046,0.9894,True
cluster21_A0A0P0FKS2,A0A0P0FKS2,dev,3_methoxytyramine,Di,False,0.0005,0.0023,0.0018,0.0069,0.0096,0.9894,True
cluster21_A0A0P0FKS2,A0A0P0FKS2,dev,3_methoxytyramine,Mono,False,0.0,1e-04,1e-04,0.0,0.0058,0.9894,True
cluster21_A0A0P0FKS2,A0A0P0FKS2,dev,3_methoxytyramine,Tri,False,0.0005,0.005,0.0045,0.0069,0.0122,0.9894,True
cluster21_A0A0P0FKS2,A0A0P0FKS2,dev,alanine,Di,False,0.0873,0.6627,0.5754,0.0758,0.5862,0.9894,True
cluster21_A0A0P0FKS2,A0A0P0FKS2,dev,alanine,Mono,False,0.017,0.1776,0.1606,0.0264,0.1317,0.9894,True
cluster21_A0A0P0FKS2,A0A0P0FKS2,dev,alanine,Tri,False,0.0007,0.0273,0.0266,0.0069,0.0264,0.9894,True
cluster21_A0A0P0FKS2,A0A0P0FKS2,dev,arginine,Di,False,0.0,0.0,0.0,0.0,0.0,0.9894,True
cluster21_A0A0P0FKS2,A0A0P0FKS2,dev,arginine,Mono,False,0.0,0.0,0.0,0.0,0.0,0.9894,True
cluster21_A0A0P0FKS2,A0A0P0FKS2,dev,arginine,Tri,False,0.0,1e-04,1e-04,0.0,0.0058,0.9894,True
cluster21_A0A0P0FKS2,A0A0P0FKS2,dev,asparagine,Di,False,0.0007,0.0057,0.005,0.0069,0.0157,0.9894,True
cluster21_A0A0P0FKS2,A0A0P0FKS2,dev,asparagine,Mono,False,0.0002,0.0013,0.0011,0.0069,0.0096,0.9894,True
cluster21_A0A0P0FKS2,A0A0P0FKS2,dev,asparagine,Tri,False,0.1529,0.6131,0.4602,0.1192,0.5753,0.9894,True
cluster21_A0A0P0FKS2,A0A0P0FKS2,dev,cadaverine,Di,False,0.0,0.0004,0.0004,0.0,0.0069,0.9894,True
cluster21_A0A0P0FKS2,A0A0P0FKS2,dev,cadaverine,Mono,False,0.0,1e-04,1e-04,0.0,0.0058,0.9894,True
cluster21_A0A0P0FKS2,A0A0P0FKS2,dev,cadaverine,Tri,False,0.0,0.0012,0.0012,0.0058,0.0096,0.9894,True
cluster21_A0A0P0FKS2,A0A0P0FKS2,dev,citrulline,Di,False,0.0,0.0003,0.0003,0.0,0.0069,0.9894,True
cluster21_A0A0P0FKS2,A0A0P0FKS2,dev,citrulline,Mono,False,0.0,0.0,0.0,0.0,0.0,0.9894,True
cluster21_A0A0P0FKS2,A0A0P0FKS2,dev,citrulline,Tri,False,0.0,1e-04,1e-04,0.0,0.0058,0.9894,True
cluster21_A0A0P0FKS2,A0A0P0FKS2,dev,cystine,Di,False,0.0,0.0002,0.0002,0.0,0.0069,0.9894,True
cluster21_A0A0P0FKS2,A0A0P0FKS2,dev,cystine,Mono,False,0.0,0.0,0.0,0.0,0.0,0.9894,True
cluster21_A0A0P0FKS2,A0A0P0FKS2,dev,cystine,Tri,False,0.0,0.0004,0.0004,0.0,0.0069,0.9894,True
cluster21_A0A0P0FKS2,A0A0P0FKS2,dev,dopamine,Di,False,0.0014,0.0173,0.0159,0.0096,0.0264,0.9894,True
cluster21_A0A0P0FKS2,A0A0P0FKS2,dev,dopamine,Mono,False,0.0002,0.002,0.0018,0.0069,0.0096,0.9894,True
cluster21_A0A0P0FKS2,A0A0P0FKS2,dev,dopamine,Tri,False,0.0913,0.6228,0.5315,0.0758,0.5862,0.9894,True
cluster21_A0A0P0FKS2,A0A0P0FKS2,dev,gaba,Di,False,0.0839,0.3304,0.2465,0.0741,0.2642,0.9894,True
cluster21_A0A0P0FKS2,A0A0P0FKS2,dev,gaba,Mono,False,0.0325,0.1215,0.089,0.0264,0.0781,0.9894,True
cluster21_A0A0P0FKS2,A0A0P0FKS2,dev,gaba,Tri,False,0.1152,0.4706,0.3554,0.0758,0.37,0.9894,True
cluster21_A0A0P0FKS2,A0A0P0FKS2,dev,glutamine,Di,False,0.0,0.0003,0.0003,0.0,0.0069,0.9894,True
cluster21_A0A0P0FKS2,A0A0P0FKS2,dev,glutamine,Mono,False,0.0,1e-04,1e-04,0.0,0.0058,0.9894,True
cluster21_A0A0P0FKS2,A0A0P0FKS2,dev,glutamine,Tri,False,0.0,0.0004,0.0004,0.0,0.0069,0.9894,True
cluster21_A0A0P0FKS2,A0A0P0FKS2,dev,glyglycine,Di,False,1e-04,0.0015,0.0014,0.0058,0.0096,0.9894,True
cluster21_A0A0P0FKS2,A0A0P0FKS2,dev,glyglycine,Mono,False,0.0,0.0004,0.0004,0.0,0.0069,0.9894,True
cluster21_A0A0P0FKS2,A0A0P0FKS2,dev,glyglycine,Tri,False,0.0003,0.0103,0.01,0.0069,0.0179,0.9894,True
cluster21_A0A0P0FKS2,A0A0P0FKS2,dev,histidine,Di,False,0.0,0.0003,0.0003,0.0,0.0069,0.9894,True
cluster21_A0A0P0FKS2,A0A0P0FKS2,dev,histidine,Mono,False,0.0,1e-04,1e-04,0.0,0.0058,0.9894,True
cluster21_A0A0P0FKS2,A0A0P0FKS2,dev,histidine,Tri,False,1e-04,0.0013,0.0012,0.0058,0.0096,0.9894,True
cluster21_A0A0P0FKS2,A0A0P0FKS2,dev,lysine,Di,False,1e-04,0.0044,0.0043,0.0058,0.0096,0.9894,True
cluster21_A0A0P0FKS2,A0A0P0FKS2,dev,lysine,Mono,False,0.0,0.0002,0.0002,0.0,0.0069,0.9894,True
cluster21_A0A0P0FKS2,A0A0P0FKS2,dev,lysine,Tri,False,0.0,0.0004,0.0004,0.0,0.0069,0.9894,True
cluster21_A0A0P0FKS2,A0A0P0FKS2,dev,methionine,Di,False,0.0,0.0003,0.0003,0.0,0.0069,0.9894,True
cluster21_A0A0P0FKS2,A0A0P0FKS2,dev,methionine,Mono,False,0.0,1e-04,1e-04,0.0,0.0058,0.9894,True
cluster21_A0A0P0FKS2,A0A0P0FKS2,dev,methionine,Tri,False,0.0,0.0005,0.0005,0.0,0.0069,0.9894,True
cluster21_A0A0P0FKS2,A0A0P0FKS2,dev,ornithine,Di,False,1e-04,0.0008,0.0007,0.0058,0.0069,0.9894,True
cluster21_A0A0P0FKS2,A0A0P0FKS2,dev,ornithine,Mono,False,0.0,1e-04,1e-04,0.0,0.0058,0.9894,True
cluster21_A0A0P0FKS2,A0A0P0FKS2,dev,ornithine,Tri,False,0.0,0.0003,0.0003,0.0,0.0069,0.9894,True
cluster21_A0A0P0FKS2,A0A0P0FKS2,dev,phenylalanine,Di,False,0.1134,0.4909,0.3775,0.0758,0.37,0.9894,True
cluster21_A0A0P0FKS2,A0A0P0FKS2,dev,phenylalanine,Mono,False,0.0005,0.0059,0.0054,0.0069,0.0157,0.9894,True
cluster21_A0A0P0FKS2,A0A0P0FKS2,dev,phenylalanine,Tri,False,0.1522,0.667,0.5148,0.1192,0.5862,0.9894,True
cluster21_A0A0P0FKS2,A0A0P0FKS2,dev,proline,Di,False,0.0,0.0002,0.0002,0.0,0.0069,0.9894,True
cluster21_A0A0P0FKS2,A0A0P0FKS2,dev,proline,Mono,False,0.0,0.0,0.0,0.0,0.0058,0.9894,True
cluster21_A0A0P0FKS2,A0A0P0FKS2,dev,proline,Tri,False,1e-04,0.0016,0.0015,0.0058,0.0096,0.9894,True
cluster21_A0A0P0FKS2,A0A0P0FKS2,dev,putrescine,Di,False,0.0,0.0005,0.0005,0.0,0.0069,0.9894,True
cluster21_A0A0P0FKS2,A0A0P0FKS2,dev,putrescine,Mono,False,0.0,1e-04,1e-04,0.0,0.0058,0.9894,True
cluster21_A0A0P0FKS2,A0A0P0FKS2,dev,putrescine,Tri,False,1e-04,0.0014,0.0013,0.0058,0.0096,0.9894,True
cluster21_A0A0P0FKS2,A0A0P0FKS2,dev,serine,Di,False,0.0006,0.0158,0.0152,0.0069,0.0264,0.9894,True
cluster21_A0A0P0FKS2,A0A0P0FKS2,dev,serine,Mono,False,0.0002,0.0075,0.0073,0.0069,0.0167,0.9894,True
cluster21_A0A0P0FKS2,A0A0P0FKS2,dev,serine,Tri,False,1e-04,0.0029,0.0028,0.0058,0.0096,0.9894,True
cluster21_A0A0P0FKS2,A0A0P0FKS2,dev,serotonin,Di,False,0.0,0.0002,0.0002,0.0,0.0069,0.9894,True
cluster21_A0A0P0FKS2,A0A0P0FKS2,dev,serotonin,Mono,False,1e-04,0.0007,0.0006,0.0058,0.0069,0.9894,True
cluster21_A0A0P0FKS2,A0A0P0FKS2,dev,serotonin,Tri,False,0.0,0.0004,0.0004,0.0,0.0069,0.9894,True
cluster21_A0A0P0FKS2,A0A0P0FKS2,dev,threonine,Di,False,0.0,0.0004,0.0004,0.0,0.0069,0.9894,True
cluster21_A0A0P0FKS2,A0A0P0FKS2,dev,threonine,Mono,False,0.0,0.0006,0.0006,0.0,0.0069,0.9894,True
cluster21_A0A0P0FKS2,A0A0P0FKS2,dev,threonine,Tri,False,0.0,1e-04,1e-04,0.0,0.0058,0.9894,True
cluster21_A0A0P0FKS2,A0A0P0FKS2,dev,tryptamine,Di,False,0.0,1e-04,1e-04,0.0,0.0058,0.9894,True
cluster21_A0A0P0FKS2,A0A0P0FKS2,dev,tryptamine,Mono,False,0.0,0.0,0.0,0.0,0.0,0.9894,True
cluster21_A0A0P0FKS2,A0A0P0FKS2,dev,tryptamine,Tri,False,0.0,0.0005,0.0005,0.0,0.0069,0.9894,True
cluster21_A0A0P0FKS2,A0A0P0FKS2,dev,tyramine,Di,False,1e-04,0.0012,0.0011,0.0058,0.0096,0.9894,True
cluster21_A0A0P0FKS2,A0A0P0FKS2,dev,tyramine,Mono,False,0.0006,0.011,0.0104,0.0069,0.0264,0.9894,True
cluster21_A0A0P0FKS2,A0A0P0FKS2,dev,tyramine,Tri,False,1e-04,0.0028,0.0027,0.0058,0.0096,0.9894,True
cluster239_A0A414M9L3,A0A414M9L3,dev,"2,3_diaminopropionic acid",Di,True,0.7018,0.1025,-0.5993,0.6364,0.0758,0.9811,True
cluster239_A0A414M9L3,A0A414M9L3,dev,"2,3_diaminopropionic acid",Mono,False,0.4009,0.0264,-0.3745,0.2642,0.0264,0.9811,True
cluster239_A0A414M9L3,A0A414M9L3,dev,"2,3_diaminopropionic acid",Tri,True,0.9171,0.6823,-0.2348,0.7921,0.5862,0.9811,True
cluster239_A0A414M9L3,A0A414M9L3,dev,2_aminophenol,Di,True,0.9853,0.8838,-0.1015,0.8343,0.7547,0.9811,True
cluster239_A0A414M9L3,A0A414M9L3,dev,2_aminophenol,Mono,True,0.8285,0.2502,-0.5783,0.7547,0.1466,0.9811,True
cluster239_A0A414M9L3,A0A414M9L3,dev,2_aminophenol,Tri,True,0.981,0.9237,-0.0573,0.8343,0.7921,0.9811,True
cluster239_A0A414M9L3,A0A414M9L3,dev,3_methoxytyramine,Di,True,0.9253,0.1258,-0.7995,0.7921,0.0781,0.9811,True
cluster239_A0A414M9L3,A0A414M9L3,dev,3_methoxytyramine,Mono,False,0.1394,0.0075,-0.1319,0.1192,0.0167,0.9811,True
cluster239_A0A414M9L3,A0A414M9L3,dev,3_methoxytyramine,Tri,False,0.4999,0.1307,-0.3692,0.4048,0.1192,0.9811,True
cluster239_A0A414M9L3,A0A414M9L3,dev,alanine,Di,True,0.9916,0.9644,-0.0272,0.8962,0.8273,0.9811,True
cluster239_A0A414M9L3,A0A414M9L3,dev,alanine,Mono,True,0.9526,0.7929,-0.1597,0.7921,0.7547,0.9811,True
cluster239_A0A414M9L3,A0A414M9L3,dev,alanine,Tri,False,0.2568,0.2359,-0.0209,0.1466,0.1466,0.9811,True
cluster239_A0A414M9L3,A0A414M9L3,dev,arginine,Di,False,0.041,0.0021,-0.0389,0.046,0.0096,0.9811,True
cluster239_A0A414M9L3,A0A414M9L3,dev,arginine,Mono,False,0.0156,0.0006,-0.015,0.0264,0.0069,0.9811,True
cluster239_A0A414M9L3,A0A414M9L3,dev,arginine,Tri,False,0.0404,0.0055,-0.0349,0.046,0.0157,0.9811,True
cluster239_A0A414M9L3,A0A414M9L3,dev,asparagine,Di,False,0.1967,0.0784,-0.1183,0.1317,0.0679,0.9811,True
cluster239_A0A414M9L3,A0A414M9L3,dev,asparagine,Mono,False,0.1221,0.0284,-0.0937,0.0781,0.0264,0.9811,True
cluster239_A0A414M9L3,A0A414M9L3,dev,asparagine,Tri,True,0.966,0.9467,-0.0193,0.8273,0.7921,0.9811,True
cluster239_A0A414M9L3,A0A414M9L3,dev,cadaverine,Di,False,0.0278,0.0142,-0.0136,0.0264,0.0264,0.9811,True
cluster239_A0A414M9L3,A0A414M9L3,dev,cadaverine,Mono,False,0.0113,0.0033,-0.008,0.0264,0.0096,0.9811,True
cluster239_A0A414M9L3,A0A414M9L3,dev,cadaverine,Tri,False,0.0208,0.0324,0.0116,0.0264,0.0264,0.9811,True
cluster239_A0A414M9L3,A0A414M9L3,dev,citrulline,Di,False,0.0804,0.0147,-0.0657,0.0679,0.0264,0.9811,True
cluster239_A0A414M9L3,A0A414M9L3,dev,citrulline,Mono,False,0.0318,0.0025,-0.0293,0.0264,0.0096,0.9811,True
cluster239_A0A414M9L3,A0A414M9L3,dev,citrulline,Tri,False,0.0254,0.0061,-0.0193,0.0264,0.0157,0.9811,True
cluster239_A0A414M9L3,A0A414M9L3,dev,cystine,Di,False,0.1129,0.0132,-0.0997,0.0758,0.0264,0.9811,True
cluster239_A0A414M9L3,A0A414M9L3,dev,cystine,Mono,False,0.0115,0.0015,-0.01,0.0264,0.0096,0.9811,True
cluster239_A0A414M9L3,A0A414M9L3,dev,cystine,Tri,False,0.0375,0.014,-0.0235,0.046,0.0264,0.9811,True
cluster239_A0A414M9L3,A0A414M9L3,dev,dopamine,Di,True,0.8993,0.2847,-0.6146,0.7921,0.1867,0.9811,True
cluster239_A0A414M9L3,A0A414M9L3,dev,dopamine,Mono,False,0.5736,0.058,-0.5156,0.566,0.0679,0.9811,True
cluster239_A0A414M9L3,A0A414M9L3,dev,dopamine,Tri,True,0.9858,0.9177,-0.0681,0.8343,0.7921,0.9811,True
cluster239_A0A414M9L3,A0A414M9L3,dev,gaba,Di,True,0.9953,0.9756,-0.0197,0.8962,0.8333,0.9811,True
cluster239_A0A414M9L3,A0A414M9L3,dev,gaba,Mono,True,0.9924,0.9306,-0.0618,0.8962,0.7921,0.9811,True
cluster239_A0A414M9L3,A0A414M9L3,dev,gaba,Tri,True,0.9942,0.9841,-0.0101,0.8962,0.8343,0.9811,True
cluster239_A0A414M9L3,A0A414M9L3,dev,glutamine,Di,False,0.0974,0.0158,-0.0816,0.0758,0.0264,0.9811,True
cluster239_A0A414M9L3,A0A414M9L3,dev,glutamine,Mono,False,0.1349,0.013,-0.1219,0.1192,0.0264,0.9811,True
cluster239_A0A414M9L3,A0A414M9L3,dev,glutamine,Tri,False,0.0595,0.0183,-0.0412,0.0679,0.0264,0.9811,True
cluster239_A0A414M9L3,A0A414M9L3,dev,glyglycine,Di,False,0.0513,0.012,-0.0393,0.0679,0.0264,0.9811,True
cluster239_A0A414M9L3,A0A414M9L3,dev,glyglycine,Mono,False,0.0222,0.0039,-0.0183,0.0264,0.0096,0.9811,True
cluster239_A0A414M9L3,A0A414M9L3,dev,glyglycine,Tri,False,0.0755,0.0551,-0.0204,0.0679,0.0679,0.9811,True
cluster239_A0A414M9L3,A0A414M9L3,dev,histidine,Di,False,0.0119,0.0033,-0.0086,0.0264,0.0096,0.9811,True
cluster239_A0A414M9L3,A0A414M9L3,dev,histidine,Mono,False,0.0187,0.002,-0.0167,0.0264,0.0096,0.9811,True
cluster239_A0A414M9L3,A0A414M9L3,dev,histidine,Tri,False,0.0396,0.0116,-0.028,0.046,0.0264,0.9811,True
cluster239_A0A414M9L3,A0A414M9L3,dev,lysine,Di,False,0.5968,0.089,-0.5078,0.566,0.0758,0.9811,True
cluster239_A0A414M9L3,A0A414M9L3,dev,lysine,Mono,False,0.2155,0.0084,-0.2071,0.1317,0.0167,0.9811,True
cluster239_A0A414M9L3,A0A414M9L3,dev,lysine,Tri,False,0.0818,0.0097,-0.0721,0.0741,0.0179,0.9811,True
cluster239_A0A414M9L3,A0A414M9L3,dev,methionine,Di,False,0.2235,0.0378,-0.1857,0.1466,0.046,0.9811,True
cluster239_A0A414M9L3,A0A414M9L3,dev,methionine,Mono,False,0.1312,0.0176,-0.1136,0.1192,0.0264,0.9811,True
cluster239_A0A414M9L3,A0A414M9L3,dev,methionine,Tri,False,0.134,0.0533,-0.0807,0.1192,0.0679,0.9811,True
cluster239_A0A414M9L3,A0A414M9L3,dev,ornithine,Di,True,0.8827,0.0694,-0.8133,0.7547,0.0679,0.9811,True
cluster239_A0A414M9L3,A0A414M9L3,dev,ornithine,Mono,True,0.7584,0.0173,-0.7411,0.7234,0.0264,0.9811,True
cluster239_A0A414M9L3,A0A414M9L3,dev,ornithine,Tri,False,0.5118,0.0235,-0.4883,0.4048,0.0264,0.9811,True
cluster239_A0A414M9L3,A0A414M9L3,dev,phenylalanine,Di,True,0.9888,0.972,-0.0168,0.8873,0.8273,0.9811,True
cluster239_A0A414M9L3,A0A414M9L3,dev,phenylalanine,Mono,False,0.5458,0.2162,-0.3296,0.4048,0.1317,0.9811,True
cluster239_A0A414M9L3,A0A414M9L3,dev,phenylalanine,Tri,True,0.9869,0.9808,-0.0061,0.8343,0.8343,0.9811,True
cluster239_A0A414M9L3,A0A414M9L3,dev,proline,Di,False,0.0126,0.0019,-0.0107,0.0264,0.0096,0.9811,True
cluster239_A0A414M9L3,A0A414M9L3,dev,proline,Mono,False,0.0182,0.0008,-0.0174,0.0264,0.0069,0.9811,True
cluster239_A0A414M9L3,A0A414M9L3,dev,proline,Tri,False,0.074,0.0139,-0.0601,0.0679,0.0264,0.9811,True
cluster239_A0A414M9L3,A0A414M9L3,dev,putrescine,Di,False,0.0318,0.0158,-0.016,0.0264,0.0264,0.9811,True
cluster239_A0A414M9L3,A0A414M9L3,dev,putrescine,Mono,False,0.0113,0.0035,-0.0078,0.0264,0.0096,0.9811,True
cluster239_A0A414M9L3,A0A414M9L3,dev,putrescine,Tri,False,0.0239,0.036,0.0121,0.0264,0.046,0.9811,True
cluster239_A0A414M9L3,A0A414M9L3,dev,serine,Di,False,0.3001,0.2219,-0.0782,0.22,0.1466,0.9811,True
cluster239_A0A414M9L3,A0A414M9L3,dev,serine,Mono,False,0.2227,0.1293,-0.0934,0.1466,0.1,0.9811,True
cluster239_A0A414M9L3,A0A414M9L3,dev,serine,Tri,False,0.0578,0.0465,-0.0113,0.0679,0.0679,0.9811,True
cluster239_A0A414M9L3,A0A414M9L3,dev,serotonin,Di,False,0.1565,0.0035,-0.153,0.1192,0.0096,0.9811,True
cluster239_A0A414M9L3,A0A414M9L3,dev,serotonin,Mono,True,0.8502,0.0243,-0.8259,0.7547,0.0264,0.9811,True
cluster239_A0A414M9L3,A0A414M9L3,dev,serotonin,Tri,False,0.1866,0.0086,-0.178,0.1317,0.0167,0.9811,True
cluster239_A0A414M9L3,A0A414M9L3,dev,threonine,Di,False,0.0668,0.0116,-0.0552,0.0679,0.0264,0.9811,True
cluster239_A0A414M9L3,A0A414M9L3,dev,threonine,Mono,False,0.1038,0.025,-0.0788,0.0758,0.0264,0.9811,True
cluster239_A0A414M9L3,A0A414M9L3,dev,threonine,Tri,False,0.005,0.0015,-0.0035,0.0097,0.0096,0.9811,True
cluster239_A0A414M9L3,A0A414M9L3,dev,tryptamine,Di,False,0.0371,0.0045,-0.0326,0.046,0.0096,0.9811,True
cluster239_A0A414M9L3,A0A414M9L3,dev,tryptamine,Mono,False,0.0182,0.0007,-0.0175,0.0264,0.0069,0.9811,True
cluster239_A0A414M9L3,A0A414M9L3,dev,tryptamine,Tri,False,0.0558,0.0133,-0.0425,0.0679,0.0264,0.9811,True
cluster239_A0A414M9L3,A0A414M9L3,dev,tyramine,Di,False,0.2993,0.0302,-0.2691,0.22,0.0264,0.9811,True
cluster239_A0A414M9L3,A0A414M9L3,dev,tyramine,Mono,True,0.8958,0.3474,-0.5484,0.7547,0.2642,0.9811,True
cluster239_A0A414M9L3,A0A414M9L3,dev,tyramine,Tri,False,0.2248,0.0561,-0.1687,0.1466,0.0679,0.9811,True
cluster23_A0A078S2R5,A0A078S2R5,dev,"2,3_diaminopropionic acid",Di,True,0.7541,0.0922,-0.6619,0.7234,0.0758,0.9905,True
cluster23_A0A078S2R5,A0A078S2R5,dev,"2,3_diaminopropionic acid",Mono,False,0.474,0.0192,-0.4548,0.37,0.0264,0.9905,True
cluster23_A0A078S2R5,A0A078S2R5,dev,"2,3_diaminopropionic acid",Tri,True,0.942,0.6831,-0.2589,0.7921,0.5862,0.9905,True
cluster23_A0A078S2R5,A0A078S2R5,dev,2_aminophenol,Di,True,0.9872,0.8352,-0.152,0.8343,0.7547,0.9905,True
cluster23_A0A078S2R5,A0A078S2R5,dev,2_aminophenol,Mono,True,0.8466,0.1791,-0.6675,0.7547,0.1317,0.9905,True
cluster23_A0A078S2R5,A0A078S2R5,dev,2_aminophenol,Tri,True,0.9844,0.9082,-0.0762,0.8343,0.7921,0.9905,True
cluster23_A0A078S2R5,A0A078S2R5,dev,3_methoxytyramine,Di,True,0.9348,0.1988,-0.736,0.7921,0.1317,0.9905,True
cluster23_A0A078S2R5,A0A078S2R5,dev,3_methoxytyramine,Mono,False,0.2629,0.0115,-0.2514,0.1538,0.0264,0.9905,True
cluster23_A0A078S2R5,A0A078S2R5,dev,3_methoxytyramine,Tri,False,0.5658,0.1998,-0.366,0.5391,0.1317,0.9905,True
cluster23_A0A078S2R5,A0A078S2R5,dev,alanine,Di,True,0.9933,0.958,-0.0353,0.8962,0.7921,0.9905,True
cluster23_A0A078S2R5,A0A078S2R5,dev,alanine,Mono,True,0.9646,0.7197,-0.2449,0.8273,0.6979,0.9905,True
cluster23_A0A078S2R5,A0A078S2R5,dev,alanine,Tri,False,0.2879,0.2093,-0.0786,0.1867,0.1317,0.9905,True
cluster23_A0A078S2R5,A0A078S2R5,dev,arginine,Di,False,0.0716,0.0017,-0.0699,0.0679,0.0096,0.9905,True
cluster23_A0A078S2R5,A0A078S2R5,dev,arginine,Mono,False,0.0302,0.0004,-0.0298,0.0264,0.0069,0.9905,True
cluster23_A0A078S2R5,A0A078S2R5,dev,arginine,Tri,False,0.0695,0.0047,-0.0648,0.0679,0.0097,0.9905,True
cluster23_A0A078S2R5,A0A078S2R5,dev,asparagine,Di,False,0.2622,0.0535,-0.2087,0.1538,0.0679,0.9905,True
cluster23_A0A078S2R5,A0A078S2R5,dev,asparagine,Mono,False,0.1867,0.016,-0.1707,0.1317,0.0264,0.9905,True
cluster23_A0A078S2R5,A0A078S2R5,dev,asparagine,Tri,True,0.9775,0.9316,-0.0459,0.8343,0.7921,0.9905,True
cluster23_A0A078S2R5,A0A078S2R5,dev,cadaverine,Di,False,0.0215,0.0052,-0.0163,0.0264,0.0157,0.9905,True
cluster23_A0A078S2R5,A0A078S2R5,dev,cadaverine,Mono,False,0.0097,0.001,-0.0087,0.0179,0.0096,0.9905,True
cluster23_A0A078S2R5,A0A078S2R5,dev,cadaverine,Tri,False,0.0181,0.0112,-0.0069,0.0264,0.0264,0.9905,True
cluster23_A0A078S2R5,A0A078S2R5,dev,citrulline,Di,False,0.122,0.0092,-0.1128,0.0781,0.0179,0.9905,True
cluster23_A0A078S2R5,A0A078S2R5,dev,citrulline,Mono,False,0.0555,0.0017,-0.0538,0.0679,0.0096,0.9905,True
cluster23_A0A078S2R5,A0A078S2R5,dev,citrulline,Tri,False,0.0371,0.0045,-0.0326,0.046,0.0096,0.9905,True
cluster23_A0A078S2R5,A0A078S2R5,dev,cystine,Di,False,0.1078,0.0119,-0.0959,0.0758,0.0264,0.9905,True
cluster23_A0A078S2R5,A0A078S2R5,dev,cystine,Mono,False,0.0155,0.0012,-0.0143,0.0264,0.0096,0.9905,True
cluster23_A0A078S2R5,A0A078S2R5,dev,cystine,Tri,False,0.0457,0.0155,-0.0302,0.0679,0.0264,0.9905,True
cluster23_A0A078S2R5,A0A078S2R5,dev,dopamine,Di,True,0.8836,0.2676,-0.616,0.7547,0.1867,0.9905,True
cluster23_A0A078S2R5,A0A078S2R5,dev,dopamine,Mono,False,0.602,0.0439,-0.5581,0.566,0.0679,0.9905,True
cluster23_A0A078S2R5,A0A078S2R5,dev,dopamine,Tri,True,0.9829,0.9244,-0.0585,0.8343,0.7921,0.9905,True
cluster23_A0A078S2R5,A0A078S2R5,dev,gaba,Di,True,0.9963,0.9732,-0.0231,0.9,0.8273,0.9905,True
cluster23_A0A078S2R5,A0A078S2R5,dev,gaba,Mono,True,0.9931,0.9226,-0.0705,0.8962,0.7921,0.9905,True
cluster23_A0A078S2R5,A0A078S2R5,dev,gaba,Tri,True,0.9954,0.9847,-0.0107,0.8962,0.8343,0.9905,True
cluster23_A0A078S2R5,A0A078S2R5,dev,glutamine,Di,False,0.4589,0.0175,-0.4414,0.37,0.0264,0.9905,True
cluster23_A0A078S2R5,A0A078S2R5,dev,glutamine,Mono,True,0.5668,0.0136,-0.5532,0.566,0.0264,0.9905,True
cluster23_A0A078S2R5,A0A078S2R5,dev,glutamine,Tri,False,0.258,0.0207,-0.2373,0.1466,0.0264,0.9905,True
cluster23_A0A078S2R5,A0A078S2R5,dev,glyglycine,Di,False,0.0495,0.0085,-0.041,0.0679,0.0167,0.9905,True
cluster23_A0A078S2R5,A0A078S2R5,dev,glyglycine,Mono,False,0.0264,0.0024,-0.024,0.0264,0.0096,0.9905,True
cluster23_A0A078S2R5,A0A078S2R5,dev,glyglycine,Tri,False,0.0947,0.044,-0.0507,0.0758,0.0679,0.9905,True
cluster23_A0A078S2R5,A0A078S2R5,dev,histidine,Di,False,0.0128,0.002,-0.0108,0.0264,0.0096,0.9905,True
cluster23_A0A078S2R5,A0A078S2R5,dev,histidine,Mono,False,0.0183,0.001,-0.0173,0.0264,0.0096,0.9905,True
cluster23_A0A078S2R5,A0A078S2R5,dev,histidine,Tri,False,0.0407,0.0093,-0.0314,0.046,0.0179,0.9905,True
cluster23_A0A078S2R5,A0A078S2R5,dev,lysine,Di,False,0.5923,0.0846,-0.5077,0.566,0.0741,0.9905,True
cluster23_A0A078S2R5,A0A078S2R5,dev,lysine,Mono,False,0.2331,0.0057,-0.2274,0.1466,0.0157,0.9905,True
cluster23_A0A078S2R5,A0A078S2R5,dev,lysine,Tri,False,0.0899,0.008,-0.0819,0.0758,0.0167,0.9905,True
cluster23_A0A078S2R5,A0A078S2R5,dev,methionine,Di,False,0.277,0.0255,-0.2515,0.1867,0.0264,0.9905,True
cluster23_A0A078S2R5,A0A078S2R5,dev,methionine,Mono,False,0.1991,0.0107,-0.1884,0.1317,0.0264,0.9905,True
cluster23_A0A078S2R5,A0A078S2R5,dev,methionine,Tri,False,0.1677,0.0371,-0.1306,0.1317,0.046,0.9905,True
cluster23_A0A078S2R5,A0A078S2R5,dev,ornithine,Di,True,0.8957,0.0478,-0.8479,0.7547,0.0679,0.9905,True
cluster23_A0A078S2R5,A0A078S2R5,dev,ornithine,Mono,True,0.7819,0.0102,-0.7717,0.7234,0.0179,0.9905,True
cluster23_A0A078S2R5,A0A078S2R5,dev,ornithine,Tri,False,0.5256,0.0158,-0.5098,0.4048,0.0264,0.9905,True
cluster23_A0A078S2R5,A0A078S2R5,dev,phenylalanine,Di,True,0.9922,0.9634,-0.0288,0.8962,0.8273,0.9905,True
cluster23_A0A078S2R5,A0A078S2R5,dev,phenylalanine,Mono,False,0.6199,0.1599,-0.46,0.5862,0.1192,0.9905,True
cluster23_A0A078S2R5,A0A078S2R5,dev,phenylalanine,Tri,True,0.9916,0.9798,-0.0118,0.8962,0.8343,0.9905,True
cluster23_A0A078S2R5,A0A078S2R5,dev,proline,Di,False,0.0157,0.0016,-0.0141,0.0264,0.0096,0.9905,True
cluster23_A0A078S2R5,A0A078S2R5,dev,proline,Mono,False,0.0221,0.0006,-0.0215,0.0264,0.0069,0.9905,True
cluster23_A0A078S2R5,A0A078S2R5,dev,proline,Tri,False,0.1152,0.0146,-0.1006,0.0758,0.0264,0.9905,True
cluster23_A0A078S2R5,A0A078S2R5,dev,putrescine,Di,False,0.025,0.0057,-0.0193,0.0264,0.0157,0.9905,True
cluster23_A0A078S2R5,A0A078S2R5,dev,putrescine,Mono,False,0.0099,0.001,-0.0089,0.0179,0.0096,0.9905,True
cluster23_A0A078S2R5,A0A078S2R5,dev,putrescine,Tri,False,0.021,0.0123,-0.0087,0.0264,0.0264,0.9905,True
cluster23_A0A078S2R5,A0A078S2R5,dev,serine,Di,False,0.2565,0.1601,-0.0964,0.1466,0.1192,0.9905,True
cluster23_A0A078S2R5,A0A078S2R5,dev,serine,Mono,False,0.2501,0.0693,-0.1808,0.1466,0.0679,0.9905,True
cluster23_A0A078S2R5,A0A078S2R5,dev,serine,Tri,False,0.0497,0.0375,-0.0122,0.0679,0.046,0.9905,True
cluster23_A0A078S2R5,A0A078S2R5,dev,serotonin,Di,False,0.1804,0.0034,-0.177,0.1317,0.0096,0.9905,True
cluster23_A0A078S2R5,A0A078S2R5,dev,serotonin,Mono,True,0.856,0.0208,-0.8352,0.7547,0.0264,0.9905,True
cluster23_A0A078S2R5,A0A078S2R5,dev,serotonin,Tri,False,0.2164,0.0093,-0.2071,0.1317,0.0179,0.9905,True
cluster23_A0A078S2R5,A0A078S2R5,dev,threonine,Di,False,0.0942,0.011,-0.0832,0.0758,0.0264,0.9905,True
cluster23_A0A078S2R5,A0A078S2R5,dev,threonine,Mono,False,0.1989,0.0191,-0.1798,0.1317,0.0264,0.9905,True
cluster23_A0A078S2R5,A0A078S2R5,dev,threonine,Tri,False,0.0072,0.0013,-0.0059,0.0167,0.0096,0.9905,True
cluster23_A0A078S2R5,A0A078S2R5,dev,tryptamine,Di,False,0.0377,0.0029,-0.0348,0.046,0.0096,0.9905,True
cluster23_A0A078S2R5,A0A078S2R5,dev,tryptamine,Mono,False,0.0178,0.0004,-0.0174,0.0264,0.0069,0.9905,True
cluster23_A0A078S2R5,A0A078S2R5,dev,tryptamine,Tri,False,0.0597,0.0085,-0.0512,0.0679,0.0167,0.9905,True
cluster23_A0A078S2R5,A0A078S2R5,dev,tyramine,Di,False,0.2853,0.0275,-0.2578,0.1867,0.0264,0.9905,True
cluster23_A0A078S2R5,A0A078S2R5,dev,tyramine,Mono,True,0.8874,0.2437,-0.6437,0.7547,0.1466,0.9905,True
cluster23_A0A078S2R5,A0A078S2R5,dev,tyramine,Tri,False,0.2281,0.0569,-0.1712,0.1466,0.0679,0.9905,True
cluster245_A0A096DGB7,A0A096DGB7,test,"2,3_diaminopropionic acid",Di,False,0.121,0.0526,-0.0684,0.0781,0.0679,0.9953,True
cluster245_A0A096DGB7,A0A096DGB7,test,"2,3_diaminopropionic acid",Mono,False,0.03,0.0114,-0.0186,0.0264,0.0264,0.9953,True
cluster245_A0A096DGB7,A0A096DGB7,test,"2,3_diaminopropionic acid",Tri,True,0.8464,0.685,-0.1614,0.7547,0.5862,0.9953,True
cluster245_A0A096DGB7,A0A096DGB7,test,2_aminophenol,Di,True,0.8858,0.7242,-0.1616,0.7547,0.7234,0.9953,True
cluster245_A0A096DGB7,A0A096DGB7,test,2_aminophenol,Mono,False,0.2085,0.0658,-0.1427,0.1317,0.0679,0.9953,True
cluster245_A0A096DGB7,A0A096DGB7,test,2_aminophenol,Tri,True,0.9466,0.8677,-0.0789,0.7921,0.7547,0.9953,True
cluster245_A0A096DGB7,A0A096DGB7,test,3_methoxytyramine,Di,False,0.0397,0.0227,-0.017,0.046,0.0264,0.9953,True
cluster245_A0A096DGB7,A0A096DGB7,test,3_methoxytyramine,Mono,False,0.0023,0.0014,-0.0009,0.0096,0.0096,0.9953,True
cluster245_A0A096DGB7,A0A096DGB7,test,3_methoxytyramine,Tri,False,0.0729,0.0498,-0.0231,0.0679,0.0679,0.9953,True
cluster245_A0A096DGB7,A0A096DGB7,test,alanine,Di,True,0.9884,0.955,-0.0334,0.8873,0.7921,0.9953,True
cluster245_A0A096DGB7,A0A096DGB7,test,alanine,Mono,True,0.9068,0.6725,-0.2343,0.7921,0.5862,0.9953,True
cluster245_A0A096DGB7,A0A096DGB7,test,alanine,Tri,False,0.474,0.3234,-0.1506,0.37,0.2642,0.9953,True
cluster245_A0A096DGB7,A0A096DGB7,test,arginine,Di,False,0.0021,0.001,-0.0011,0.0096,0.0069,0.9953,True
cluster245_A0A096DGB7,A0A096DGB7,test,arginine,Mono,False,0.0005,0.0002,-0.0003,0.0069,0.0069,0.9953,True
cluster245_A0A096DGB7,A0A096DGB7,test,arginine,Tri,False,0.012,0.0058,-0.0062,0.0264,0.0157,0.9953,True
cluster245_A0A096DGB7,A0A096DGB7,test,asparagine,Di,False,0.1169,0.0554,-0.0615,0.0758,0.0679,0.9953,True
cluster245_A0A096DGB7,A0A096DGB7,test,asparagine,Mono,False,0.0393,0.0196,-0.0197,0.046,0.0264,0.9953,True
cluster245_A0A096DGB7,A0A096DGB7,test,asparagine,Tri,True,0.9795,0.9513,-0.0282,0.8343,0.7921,0.9953,True
cluster245_A0A096DGB7,A0A096DGB7,test,cadaverine,Di,False,0.0039,0.0018,-0.0021,0.0096,0.0096,0.9953,True
cluster245_A0A096DGB7,A0A096DGB7,test,cadaverine,Mono,False,0.0008,0.0003,-0.0005,0.0069,0.0069,0.9953,True
cluster245_A0A096DGB7,A0A096DGB7,test,cadaverine,Tri,False,0.0114,0.0047,-0.0067,0.0264,0.0097,0.9953,True
cluster245_A0A096DGB7,A0A096DGB7,test,citrulline,Di,False,0.0113,0.005,-0.0063,0.0264,0.0097,0.9953,True
cluster245_A0A096DGB7,A0A096DGB7,test,citrulline,Mono,False,0.0022,0.0007,-0.0015,0.0096,0.0069,0.9953,True
cluster245_A0A096DGB7,A0A096DGB7,test,citrulline,Tri,False,0.0108,0.004,-0.0068,0.0264,0.0096,0.9953,True
cluster245_A0A096DGB7,A0A096DGB7,test,cystine,Di,False,0.0053,0.0031,-0.0022,0.0157,0.0096,0.9953,True
cluster245_A0A096DGB7,A0A096DGB7,test,cystine,Mono,False,0.0008,0.0004,-0.0004,0.0069,0.0069,0.9953,True
cluster245_A0A096DGB7,A0A096DGB7,test,cystine,Tri,False,0.012,0.0064,-0.0056,0.0264,0.0157,0.9953,True
cluster245_A0A096DGB7,A0A096DGB7,test,dopamine,Di,False,0.209,0.0993,-0.1097,0.1317,0.0758,0.9953,True
cluster245_A0A096DGB7,A0A096DGB7,test,dopamine,Mono,False,0.0292,0.0132,-0.016,0.0264,0.0264,0.9953,True
cluster245_A0A096DGB7,A0A096DGB7,test,dopamine,Tri,True,0.9485,0.9078,-0.0407,0.7921,0.7921,0.9953,True
cluster245_A0A096DGB7,A0A096DGB7,test,gaba,Di,True,0.9944,0.9829,-0.0115,0.8962,0.8343,0.9953,True
cluster245_A0A096DGB7,A0A096DGB7,test,gaba,Mono,True,0.9829,0.9403,-0.0426,0.8343,0.7921,0.9953,True
cluster245_A0A096DGB7,A0A096DGB7,test,gaba,Tri,True,0.9976,0.9914,-0.0062,0.9,0.8962,0.9953,True
cluster245_A0A096DGB7,A0A096DGB7,test,glutamine,Di,False,0.0197,0.0153,-0.0044,0.0264,0.0264,0.9953,True
cluster245_A0A096DGB7,A0A096DGB7,test,glutamine,Mono,False,0.0121,0.011,-0.0011,0.0264,0.0264,0.9953,True
cluster245_A0A096DGB7,A0A096DGB7,test,glutamine,Tri,False,0.034,0.0327,-0.0013,0.0264,0.0264,0.9953,True
cluster245_A0A096DGB7,A0A096DGB7,test,glyglycine,Di,False,0.0145,0.0083,-0.0062,0.0264,0.0167,0.9953,True
cluster245_A0A096DGB7,A0A096DGB7,test,glyglycine,Mono,False,0.004,0.0022,-0.0018,0.0096,0.0096,0.9953,True
cluster245_A0A096DGB7,A0A096DGB7,test,glyglycine,Tri,False,0.0944,0.0819,-0.0125,0.0758,0.0741,0.9953,True
cluster245_A0A096DGB7,A0A096DGB7,test,histidine,Di,False,0.0017,0.0011,-0.0006,0.0096,0.0096,0.9953,True
cluster245_A0A096DGB7,A0A096DGB7,test,histidine,Mono,False,0.0008,0.0004,-0.0004,0.0069,0.0069,0.9953,True
cluster245_A0A096DGB7,A0A096DGB7,test,histidine,Tri,False,0.0104,0.0068,-0.0036,0.0179,0.0157,0.9953,True
cluster245_A0A096DGB7,A0A096DGB7,test,lysine,Di,False,0.1128,0.1023,-0.0105,0.0758,0.0758,0.9953,True
cluster245_A0A096DGB7,A0A096DGB7,test,lysine,Mono,False,0.0133,0.0036,-0.0097,0.0264,0.0096,0.9953,True
cluster245_A0A096DGB7,A0A096DGB7,test,lysine,Tri,False,0.0221,0.0088,-0.0133,0.0264,0.0179,0.9953,True
cluster245_A0A096DGB7,A0A096DGB7,test,methionine,Di,False,0.0362,0.0213,-0.0149,0.046,0.0264,0.9953,True
cluster245_A0A096DGB7,A0A096DGB7,test,methionine,Mono,False,0.012,0.007,-0.005,0.0264,0.0157,0.9953,True
cluster245_A0A096DGB7,A0A096DGB7,test,methionine,Tri,False,0.0738,0.048,-0.0258,0.0679,0.0679,0.9953,True
cluster245_A0A096DGB7,A0A096DGB7,test,ornithine,Di,False,0.0228,0.0113,-0.0115,0.0264,0.0264,0.9953,True
cluster245_A0A096DGB7,A0A096DGB7,test,ornithine,Mono,False,0.005,0.0021,-0.0029,0.0097,0.0096,0.9953,True
cluster245_A0A096DGB7,A0A096DGB7,test,ornithine,Tri,False,0.0162,0.0084,-0.0078,0.0264,0.0167,0.9953,True
cluster245_A0A096DGB7,A0A096DGB7,test,phenylalanine,Di,True,0.9874,0.9608,-0.0266,0.8343,0.7921,0.9953,True
cluster245_A0A096DGB7,A0A096DGB7,test,phenylalanine,Mono,False,0.2311,0.0833,-0.1478,0.1466,0.0741,0.9953,True
cluster245_A0A096DGB7,A0A096DGB7,test,phenylalanine,Tri,True,0.9944,0.9821,-0.0123,0.8962,0.8343,0.9953,True
cluster245_A0A096DGB7,A0A096DGB7,test,proline,Di,False,0.0016,0.0005,-0.0011,0.0096,0.0069,0.9953,True
cluster245_A0A096DGB7,A0A096DGB7,test,proline,Mono,False,0.0006,0.0002,-0.0004,0.0069,0.0069,0.9953,True
cluster245_A0A096DGB7,A0A096DGB7,test,proline,Tri,False,0.0133,0.0067,-0.0066,0.0264,0.0157,0.9953,True
cluster245_A0A096DGB7,A0A096DGB7,test,putrescine,Di,False,0.0051,0.0022,-0.0029,0.0157,0.0096,0.9953,True
cluster245_A0A096DGB7,A0A096DGB7,test,putrescine,Mono,False,0.0011,0.0004,-0.0007,0.0096,0.0069,0.9953,True
cluster245_A0A096DGB7,A0A096DGB7,test,putrescine,Tri,False,0.015,0.0058,-0.0092,0.0264,0.0157,0.9953,True
cluster245_A0A096DGB7,A0A096DGB7,test,serine,Di,False,0.2,0.1518,-0.0482,0.1317,0.1192,0.9953,True
cluster245_A0A096DGB7,A0A096DGB7,test,serine,Mono,False,0.1813,0.1356,-0.0457,0.1317,0.1192,0.9953,True
cluster245_A0A096DGB7,A0A096DGB7,test,serine,Tri,False,0.0545,0.0359,-0.0186,0.0679,0.046,0.9953,True
cluster245_A0A096DGB7,A0A096DGB7,test,serotonin,Di,False,0.0017,0.0009,-0.0008,0.0096,0.0069,0.9953,True
cluster245_A0A096DGB7,A0A096DGB7,test,serotonin,Mono,False,0.0122,0.0069,-0.0053,0.0264,0.0157,0.9953,True
cluster245_A0A096DGB7,A0A096DGB7,test,serotonin,Tri,False,0.0043,0.0026,-0.0017,0.0096,0.0096,0.9953,True
cluster245_A0A096DGB7,A0A096DGB7,test,threonine,Di,False,0.0145,0.0115,-0.003,0.0264,0.0264,0.9953,True
cluster245_A0A096DGB7,A0A096DGB7,test,threonine,Mono,False,0.0344,0.0281,-0.0063,0.046,0.0264,0.9953,True
cluster245_A0A096DGB7,A0A096DGB7,test,threonine,Tri,False,0.0018,0.0017,-1e-04,0.0096,0.0096,0.9953,True
cluster245_A0A096DGB7,A0A096DGB7,test,tryptamine,Di,False,0.0013,0.0006,-0.0007,0.0096,0.0069,0.9953,True
cluster245_A0A096DGB7,A0A096DGB7,test,tryptamine,Mono,False,1e-04,0.0,-1e-04,0.0058,0.0058,0.9953,True
cluster245_A0A096DGB7,A0A096DGB7,test,tryptamine,Tri,False,0.0037,0.0018,-0.0019,0.0096,0.0096,0.9953,True
cluster245_A0A096DGB7,A0A096DGB7,test,tyramine,Di,False,0.0272,0.0121,-0.0151,0.0264,0.0264,0.9953,True
cluster245_A0A096DGB7,A0A096DGB7,test,tyramine,Mono,False,0.2598,0.1531,-0.1067,0.1506,0.1192,0.9953,True
cluster245_A0A096DGB7,A0A096DGB7,test,tyramine,Tri,False,0.0717,0.034,-0.0377,0.0679,0.0264,0.9953,True
cluster247_A0A3E4KT54,A0A3E4KT54,dev,"2,3_diaminopropionic acid",Di,False,0.0866,0.0267,-0.0599,0.0758,0.0264,0.991,True
cluster247_A0A3E4KT54,A0A3E4KT54,dev,"2,3_diaminopropionic acid",Mono,False,0.0236,0.0066,-0.017,0.0264,0.0157,0.991,True
cluster247_A0A3E4KT54,A0A3E4KT54,dev,"2,3_diaminopropionic acid",Tri,False,0.4284,0.3528,-0.0756,0.37,0.2642,0.991,True
cluster247_A0A3E4KT54,A0A3E4KT54,dev,2_aminophenol,Di,True,0.9401,0.693,-0.2471,0.7921,0.6364,0.991,True
cluster247_A0A3E4KT54,A0A3E4KT54,dev,2_aminophenol,Mono,False,0.36,0.0819,-0.2781,0.2642,0.0741,0.991,True
cluster247_A0A3E4KT54,A0A3E4KT54,dev,2_aminophenol,Tri,True,0.9543,0.8629,-0.0914,0.7921,0.7547,0.991,True
cluster247_A0A3E4KT54,A0A3E4KT54,dev,3_methoxytyramine,Di,True,0.742,0.0478,-0.6942,0.7234,0.0679,0.991,True
cluster247_A0A3E4KT54,A0A3E4KT54,dev,3_methoxytyramine,Mono,False,0.0492,0.0031,-0.0461,0.0679,0.0096,0.991,True
cluster247_A0A3E4KT54,A0A3E4KT54,dev,3_methoxytyramine,Tri,False,0.3941,0.0851,-0.309,0.2642,0.0741,0.991,True
cluster247_A0A3E4KT54,A0A3E4KT54,dev,alanine,Di,True,0.9857,0.9388,-0.0469,0.8343,0.7921,0.991,True
cluster247_A0A3E4KT54,A0A3E4KT54,dev,alanine,Mono,True,0.9071,0.6593,-0.2478,0.7921,0.5862,0.991,True
cluster247_A0A3E4KT54,A0A3E4KT54,dev,alanine,Tri,False,0.1746,0.1317,-0.0429,0.1317,0.1192,0.991,True
cluster247_A0A3E4KT54,A0A3E4KT54,dev,arginine,Di,False,0.0011,0.0004,-0.0007,0.0096,0.0069,0.991,True
cluster247_A0A3E4KT54,A0A3E4KT54,dev,arginine,Mono,False,0.0003,1e-04,-0.0002,0.0069,0.0058,0.991,True
cluster247_A0A3E4KT54,A0A3E4KT54,dev,arginine,Tri,False,0.0012,0.001,-0.0002,0.0096,0.0069,0.991,True
cluster247_A0A3E4KT54,A0A3E4KT54,dev,asparagine,Di,False,0.0745,0.0224,-0.0521,0.0679,0.0264,0.991,True
cluster247_A0A3E4KT54,A0A3E4KT54,dev,asparagine,Mono,False,0.0281,0.0074,-0.0207,0.0264,0.0167,0.991,True
cluster247_A0A3E4KT54,A0A3E4KT54,dev,asparagine,Tri,True,0.9415,0.8746,-0.0669,0.7921,0.7547,0.991,True
cluster247_A0A3E4KT54,A0A3E4KT54,dev,cadaverine,Di,False,0.0054,0.005,-0.0004,0.0157,0.0097,0.991,True
cluster247_A0A3E4KT54,A0A3E4KT54,dev,cadaverine,Mono,False,0.0012,0.0011,-1e-04,0.0096,0.0096,0.991,True
cluster247_A0A3E4KT54,A0A3E4KT54,dev,cadaverine,Tri,False,0.0072,0.0203,0.0131,0.0167,0.0264,0.991,True
cluster247_A0A3E4KT54,A0A3E4KT54,dev,citrulline,Di,False,0.0054,0.0028,-0.0026,0.0157,0.0096,0.991,True
cluster247_A0A3E4KT54,A0A3E4KT54,dev,citrulline,Mono,False,0.0012,0.0005,-0.0007,0.0096,0.0069,0.991,True
cluster247_A0A3E4KT54,A0A3E4KT54,dev,citrulline,Tri,False,0.0019,0.0016,-0.0003,0.0096,0.0096,0.991,True
cluster247_A0A3E4KT54,A0A3E4KT54,dev,cystine,Di,False,0.0307,0.0029,-0.0278,0.0264,0.0096,0.991,True
cluster247_A0A3E4KT54,A0A3E4KT54,dev,cystine,Mono,False,0.0026,0.0004,-0.0022,0.0096,0.0069,0.991,True
cluster247_A0A3E4KT54,A0A3E4KT54,dev,cystine,Tri,False,0.021,0.0053,-0.0157,0.0264,0.0157,0.991,True
cluster247_A0A3E4KT54,A0A3E4KT54,dev,dopamine,Di,False,0.4474,0.1176,-0.3298,0.37,0.0758,0.991,True
cluster247_A0A3E4KT54,A0A3E4KT54,dev,dopamine,Mono,False,0.088,0.0194,-0.0686,0.0758,0.0264,0.991,True
cluster247_A0A3E4KT54,A0A3E4KT54,dev,dopamine,Tri,True,0.9501,0.8912,-0.0589,0.7921,0.7547,0.991,True
cluster247_A0A3E4KT54,A0A3E4KT54,dev,gaba,Di,True,0.9898,0.957,-0.0328,0.8873,0.7921,0.991,True
cluster247_A0A3E4KT54,A0A3E4KT54,dev,gaba,Mono,True,0.9694,0.881,-0.0884,0.8273,0.7547,0.991,True
cluster247_A0A3E4KT54,A0A3E4KT54,dev,gaba,Tri,True,0.9918,0.9806,-0.0112,0.8962,0.8343,0.991,True
cluster247_A0A3E4KT54,A0A3E4KT54,dev,glutamine,Di,False,0.0125,0.0037,-0.0088,0.0264,0.0096,0.991,True
cluster247_A0A3E4KT54,A0A3E4KT54,dev,glutamine,Mono,False,0.0121,0.0026,-0.0095,0.0264,0.0096,0.991,True
cluster247_A0A3E4KT54,A0A3E4KT54,dev,glutamine,Tri,False,0.0104,0.0055,-0.0049,0.0179,0.0157,0.991,True
cluster247_A0A3E4KT54,A0A3E4KT54,dev,glyglycine,Di,False,0.0151,0.0056,-0.0095,0.0264,0.0157,0.991,True
cluster247_A0A3E4KT54,A0A3E4KT54,dev,glyglycine,Mono,False,0.0048,0.0016,-0.0032,0.0097,0.0096,0.991,True
cluster247_A0A3E4KT54,A0A3E4KT54,dev,glyglycine,Tri,False,0.0402,0.0353,-0.0049,0.046,0.046,0.991,True
cluster247_A0A3E4KT54,A0A3E4KT54,dev,histidine,Di,False,0.002,0.0007,-0.0013,0.0096,0.0069,0.991,True
cluster247_A0A3E4KT54,A0A3E4KT54,dev,histidine,Mono,False,0.0011,0.0004,-0.0007,0.0096,0.0069,0.991,True
cluster247_A0A3E4KT54,A0A3E4KT54,dev,histidine,Tri,False,0.0073,0.0044,-0.0029,0.0167,0.0096,0.991,True
cluster247_A0A3E4KT54,A0A3E4KT54,dev,lysine,Di,False,0.0522,0.0463,-0.0059,0.0679,0.0679,0.991,True
cluster247_A0A3E4KT54,A0A3E4KT54,dev,lysine,Mono,False,0.0051,0.0021,-0.003,0.0157,0.0096,0.991,True
cluster247_A0A3E4KT54,A0A3E4KT54,dev,lysine,Tri,False,0.0047,0.0037,-0.001,0.0097,0.0096,0.991,True
cluster247_A0A3E4KT54,A0A3E4KT54,dev,methionine,Di,False,0.0168,0.0079,-0.0089,0.0264,0.0167,0.991,True
cluster247_A0A3E4KT54,A0A3E4KT54,dev,methionine,Mono,False,0.0065,0.0026,-0.0039,0.0157,0.0096,0.991,True
cluster247_A0A3E4KT54,A0A3E4KT54,dev,methionine,Tri,False,0.0157,0.0172,0.0015,0.0264,0.0264,0.991,True
cluster247_A0A3E4KT54,A0A3E4KT54,dev,ornithine,Di,False,0.0363,0.0107,-0.0256,0.046,0.0264,0.991,True
cluster247_A0A3E4KT54,A0A3E4KT54,dev,ornithine,Mono,False,0.0089,0.0022,-0.0067,0.0179,0.0096,0.991,True
cluster247_A0A3E4KT54,A0A3E4KT54,dev,ornithine,Tri,False,0.0099,0.0049,-0.005,0.0179,0.0097,0.991,True
cluster247_A0A3E4KT54,A0A3E4KT54,dev,phenylalanine,Di,True,0.9743,0.8592,-0.1151,0.8273,0.7547,0.991,True
cluster247_A0A3E4KT54,A0A3E4KT54,dev,phenylalanine,Mono,False,0.1426,0.0477,-0.0949,0.1192,0.0679,0.991,True
cluster247_A0A3E4KT54,A0A3E4KT54,dev,phenylalanine,Tri,True,0.98,0.9335,-0.0465,0.8343,0.7921,0.991,True
cluster247_A0A3E4KT54,A0A3E4KT54,dev,proline,Di,False,0.0021,0.0006,-0.0015,0.0096,0.0069,0.991,True
cluster247_A0A3E4KT54,A0A3E4KT54,dev,proline,Mono,False,0.0011,0.0003,-0.0008,0.0096,0.0069,0.991,True
cluster247_A0A3E4KT54,A0A3E4KT54,dev,proline,Tri,False,0.0125,0.0059,-0.0066,0.0264,0.0157,0.991,True
cluster247_A0A3E4KT54,A0A3E4KT54,dev,putrescine,Di,False,0.007,0.0062,-0.0008,0.0157,0.0157,0.991,True
cluster247_A0A3E4KT54,A0A3E4KT54,dev,putrescine,Mono,False,0.0015,0.0012,-0.0003,0.0096,0.0096,0.991,True
cluster247_A0A3E4KT54,A0A3E4KT54,dev,putrescine,Tri,False,0.0095,0.0251,0.0156,0.0179,0.0264,0.991,True
cluster247_A0A3E4KT54,A0A3E4KT54,dev,serine,Di,False,0.1041,0.0837,-0.0204,0.0758,0.0741,0.991,True
cluster247_A0A3E4KT54,A0A3E4KT54,dev,serine,Mono,False,0.0705,0.0551,-0.0154,0.0679,0.0679,0.991,True
cluster247_A0A3E4KT54,A0A3E4KT54,dev,serine,Tri,False,0.0213,0.0217,0.0004,0.0264,0.0264,0.991,True
cluster247_A0A3E4KT54,A0A3E4KT54,dev,serotonin,Di,False,0.0044,0.0007,-0.0037,0.0096,0.0069,0.991,True
cluster247_A0A3E4KT54,A0A3E4KT54,dev,serotonin,Mono,False,0.0315,0.0038,-0.0277,0.0264,0.0096,0.991,True
cluster247_A0A3E4KT54,A0A3E4KT54,dev,serotonin,Tri,False,0.0067,0.0025,-0.0042,0.0157,0.0096,0.991,True
cluster247_A0A3E4KT54,A0A3E4KT54,dev,threonine,Di,False,0.0103,0.0051,-0.0052,0.0179,0.0157,0.991,True
cluster247_A0A3E4KT54,A0A3E4KT54,dev,threonine,Mono,False,0.015,0.0091,-0.0059,0.0264,0.0179,0.991,True
cluster247_A0A3E4KT54,A0A3E4KT54,dev,threonine,Tri,False,0.001,0.0008,-0.0002,0.0069,0.0069,0.991,True
cluster247_A0A3E4KT54,A0A3E4KT54,dev,tryptamine,Di,False,0.0042,0.0016,-0.0026,0.0096,0.0096,0.991,True
cluster247_A0A3E4KT54,A0A3E4KT54,dev,tryptamine,Mono,False,0.0006,0.0002,-0.0004,0.0069,0.0069,0.991,True
cluster247_A0A3E4KT54,A0A3E4KT54,dev,tryptamine,Tri,False,0.0074,0.0092,0.0018,0.0167,0.0179,0.991,True
cluster247_A0A3E4KT54,A0A3E4KT54,dev,tyramine,Di,False,0.0366,0.0109,-0.0257,0.046,0.0264,0.991,True
cluster247_A0A3E4KT54,A0A3E4KT54,dev,tyramine,Mono,False,0.2687,0.0934,-0.1753,0.1867,0.0758,0.991,True
cluster247_A0A3E4KT54,A0A3E4KT54,dev,tyramine,Tri,False,0.0478,0.0275,-0.0203,0.0679,0.0264,0.991,True
cluster269_A0A0F0CI09,A0A0F0CI09,dev,"2,3_diaminopropionic acid",Di,False,0.0078,0.0021,-0.0057,0.0167,0.0096,0.9383,True
cluster269_A0A0F0CI09,A0A0F0CI09,dev,"2,3_diaminopropionic acid",Mono,False,0.0015,0.0006,-0.0009,0.0096,0.0069,0.9383,True
cluster269_A0A0F0CI09,A0A0F0CI09,dev,"2,3_diaminopropionic acid",Tri,False,0.1201,0.0381,-0.082,0.0758,0.046,0.9383,True
cluster269_A0A0F0CI09,A0A0F0CI09,dev,2_aminophenol,Di,False,0.0479,0.0231,-0.0248,0.0679,0.0264,0.9383,True
cluster269_A0A0F0CI09,A0A0F0CI09,dev,2_aminophenol,Mono,False,0.0031,0.0017,-0.0014,0.0096,0.0096,0.9383,True
cluster269_A0A0F0CI09,A0A0F0CI09,dev,2_aminophenol,Tri,False,0.1256,0.0717,-0.0539,0.0781,0.0679,0.9383,True
cluster269_A0A0F0CI09,A0A0F0CI09,dev,3_methoxytyramine,Di,False,0.0073,0.0012,-0.0061,0.0167,0.0096,0.9383,True
cluster269_A0A0F0CI09,A0A0F0CI09,dev,3_methoxytyramine,Mono,False,0.0003,1e-04,-0.0002,0.0069,0.0058,0.9383,True
cluster269_A0A0F0CI09,A0A0F0CI09,dev,3_methoxytyramine,Tri,False,0.0137,0.0043,-0.0094,0.0264,0.0096,0.9383,True
cluster269_A0A0F0CI09,A0A0F0CI09,dev,alanine,Di,True,0.9534,0.824,-0.1294,0.7921,0.7547,0.9383,True
cluster269_A0A0F0CI09,A0A0F0CI09,dev,alanine,Mono,False,0.6396,0.4675,-0.1721,0.5862,0.37,0.9383,True
cluster269_A0A0F0CI09,A0A0F0CI09,dev,alanine,Tri,False,0.0918,0.0421,-0.0497,0.0758,0.0526,0.9383,True
cluster269_A0A0F0CI09,A0A0F0CI09,dev,arginine,Di,False,0.0002,1e-04,-1e-04,0.0069,0.0058,0.9383,True
cluster269_A0A0F0CI09,A0A0F0CI09,dev,arginine,Mono,False,0.0,0.0,0.0,0.0,0.0,0.9383,True
cluster269_A0A0F0CI09,A0A0F0CI09,dev,arginine,Tri,False,0.0005,1e-04,-0.0004,0.0069,0.0058,0.9383,True
cluster269_A0A0F0CI09,A0A0F0CI09,dev,asparagine,Di,False,0.0484,0.0071,-0.0413,0.0679,0.0157,0.9383,True
cluster269_A0A0F0CI09,A0A0F0CI09,dev,asparagine,Mono,False,0.0143,0.0025,-0.0118,0.0264,0.0096,0.9383,True
cluster269_A0A0F0CI09,A0A0F0CI09,dev,asparagine,Tri,True,0.9524,0.7833,-0.1691,0.7921,0.7234,0.9383,True
cluster269_A0A0F0CI09,A0A0F0CI09,dev,cadaverine,Di,False,0.001,0.0003,-0.0007,0.0069,0.0069,0.9383,True
cluster269_A0A0F0CI09,A0A0F0CI09,dev,cadaverine,Mono,False,0.0002,1e-04,-1e-04,0.0069,0.0058,0.9383,True
cluster269_A0A0F0CI09,A0A0F0CI09,dev,cadaverine,Tri,False,0.0025,0.0009,-0.0016,0.0096,0.0069,0.9383,True
cluster269_A0A0F0CI09,A0A0F0CI09,dev,citrulline,Di,False,0.0018,0.0007,-0.0011,0.0096,0.0069,0.9383,True
cluster269_A0A0F0CI09,A0A0F0CI09,dev,citrulline,Mono,False,0.0003,1e-04,-0.0002,0.0069,0.0058,0.9383,True
cluster269_A0A0F0CI09,A0A0F0CI09,dev,citrulline,Tri,False,0.0012,0.0005,-0.0007,0.0096,0.0069,0.9383,True
cluster269_A0A0F0CI09,A0A0F0CI09,dev,cystine,Di,False,0.0005,1e-04,-0.0004,0.0069,0.0058,0.9383,True
cluster269_A0A0F0CI09,A0A0F0CI09,dev,cystine,Mono,False,1e-04,0.0,-1e-04,0.0058,0.0,0.9383,True
cluster269_A0A0F0CI09,A0A0F0CI09,dev,cystine,Tri,False,0.001,0.0004,-0.0006,0.0096,0.0069,0.9383,True
cluster269_A0A0F0CI09,A0A0F0CI09,dev,dopamine,Di,False,0.0759,0.0144,-0.0615,0.0679,0.0264,0.9383,True
cluster269_A0A0F0CI09,A0A0F0CI09,dev,dopamine,Mono,False,0.0087,0.0022,-0.0065,0.0179,0.0096,0.9383,True
cluster269_A0A0F0CI09,A0A0F0CI09,dev,dopamine,Tri,True,0.919,0.662,-0.257,0.7921,0.5862,0.9383,True
cluster269_A0A0F0CI09,A0A0F0CI09,dev,gaba,Di,True,0.993,0.9267,-0.0663,0.8962,0.7921,0.9383,True
cluster269_A0A0F0CI09,A0A0F0CI09,dev,gaba,Mono,True,0.9775,0.8019,-0.1756,0.8343,0.7547,0.9383,True
cluster269_A0A0F0CI09,A0A0F0CI09,dev,gaba,Tri,True,0.9966,0.9634,-0.0332,0.9,0.8273,0.9383,True
cluster269_A0A0F0CI09,A0A0F0CI09,dev,glutamine,Di,False,0.0027,0.0007,-0.002,0.0096,0.0069,0.9383,True
cluster269_A0A0F0CI09,A0A0F0CI09,dev,glutamine,Mono,False,0.0016,0.0005,-0.0011,0.0096,0.0069,0.9383,True
cluster269_A0A0F0CI09,A0A0F0CI09,dev,glutamine,Tri,False,0.0054,0.0015,-0.0039,0.0157,0.0096,0.9383,True
cluster269_A0A0F0CI09,A0A0F0CI09,dev,glyglycine,Di,False,0.0041,0.0025,-0.0016,0.0096,0.0096,0.9383,True
cluster269_A0A0F0CI09,A0A0F0CI09,dev,glyglycine,Mono,False,0.001,0.0008,-0.0002,0.0069,0.0069,0.9383,True
cluster269_A0A0F0CI09,A0A0F0CI09,dev,glyglycine,Tri,False,0.0258,0.0222,-0.0036,0.0264,0.0264,0.9383,True
cluster269_A0A0F0CI09,A0A0F0CI09,dev,histidine,Di,False,0.0009,0.0003,-0.0006,0.0069,0.0069,0.9383,True
cluster269_A0A0F0CI09,A0A0F0CI09,dev,histidine,Mono,False,0.0003,1e-04,-0.0002,0.0069,0.0058,0.9383,True
cluster269_A0A0F0CI09,A0A0F0CI09,dev,histidine,Tri,False,0.005,0.002,-0.003,0.0097,0.0096,0.9383,True
cluster269_A0A0F0CI09,A0A0F0CI09,dev,lysine,Di,False,0.0336,0.0114,-0.0222,0.0264,0.0264,0.9383,True
cluster269_A0A0F0CI09,A0A0F0CI09,dev,lysine,Mono,False,0.0015,0.0004,-0.0011,0.0096,0.0069,0.9383,True
cluster269_A0A0F0CI09,A0A0F0CI09,dev,lysine,Tri,False,0.0029,0.0009,-0.002,0.0096,0.0069,0.9383,True
cluster269_A0A0F0CI09,A0A0F0CI09,dev,methionine,Di,False,0.0024,0.0009,-0.0015,0.0096,0.0069,0.9383,True
cluster269_A0A0F0CI09,A0A0F0CI09,dev,methionine,Mono,False,0.0008,0.0004,-0.0004,0.0069,0.0069,0.9383,True
cluster269_A0A0F0CI09,A0A0F0CI09,dev,methionine,Tri,False,0.0064,0.0029,-0.0035,0.0157,0.0096,0.9383,True
cluster269_A0A0F0CI09,A0A0F0CI09,dev,ornithine,Di,False,0.0029,0.0007,-0.0022,0.0096,0.0069,0.9383,True
cluster269_A0A0F0CI09,A0A0F0CI09,dev,ornithine,Mono,False,0.0005,1e-04,-0.0004,0.0069,0.0058,0.9383,True
cluster269_A0A0F0CI09,A0A0F0CI09,dev,ornithine,Tri,False,0.0016,0.0004,-0.0012,0.0096,0.0069,0.9383,True
cluster269_A0A0F0CI09,A0A0F0CI09,dev,phenylalanine,Di,True,0.9656,0.7399,-0.2257,0.8273,0.7234,0.9383,True
cluster269_A0A0F0CI09,A0A0F0CI09,dev,phenylalanine,Mono,False,0.071,0.0141,-0.0569,0.0679,0.0264,0.9383,True
cluster269_A0A0F0CI09,A0A0F0CI09,dev,phenylalanine,Tri,True,0.9848,0.9042,-0.0806,0.8343,0.7921,0.9383,True
cluster269_A0A0F0CI09,A0A0F0CI09,dev,proline,Di,False,0.0005,0.0002,-0.0003,0.0069,0.0069,0.9383,True
cluster269_A0A0F0CI09,A0A0F0CI09,dev,proline,Mono,False,0.0002,1e-04,-1e-04,0.0069,0.0058,0.9383,True
cluster269_A0A0F0CI09,A0A0F0CI09,dev,proline,Tri,False,0.0044,0.0014,-0.003,0.0096,0.0096,0.9383,True
cluster269_A0A0F0CI09,A0A0F0CI09,dev,putrescine,Di,False,0.0012,0.0004,-0.0008,0.0096,0.0069,0.9383,True
cluster269_A0A0F0CI09,A0A0F0CI09,dev,putrescine,Mono,False,0.0002,1e-04,-1e-04,0.0069,0.0058,0.9383,True
cluster269_A0A0F0CI09,A0A0F0CI09,dev,putrescine,Tri,False,0.003,0.0011,-0.0019,0.0096,0.0096,0.9383,True
cluster269_A0A0F0CI09,A0A0F0CI09,dev,serine,Di,False,0.0432,0.0121,-0.0311,0.0679,0.0264,0.9383,True
cluster269_A0A0F0CI09,A0A0F0CI09,dev,serine,Mono,False,0.0269,0.0142,-0.0127,0.0264,0.0264,0.9383,True
cluster269_A0A0F0CI09,A0A0F0CI09,dev,serine,Tri,False,0.0116,0.0036,-0.008,0.0264,0.0096,0.9383,True
cluster269_A0A0F0CI09,A0A0F0CI09,dev,serotonin,Di,False,0.0003,1e-04,-0.0002,0.0069,0.0058,0.9383,True
cluster269_A0A0F0CI09,A0A0F0CI09,dev,serotonin,Mono,False,0.0017,0.0004,-0.0013,0.0096,0.0069,0.9383,True
cluster269_A0A0F0CI09,A0A0F0CI09,dev,serotonin,Tri,False,0.0009,0.0003,-0.0006,0.0069,0.0069,0.9383,True
cluster269_A0A0F0CI09,A0A0F0CI09,dev,threonine,Di,False,0.0015,0.0006,-0.0009,0.0096,0.0069,0.9383,True
cluster269_A0A0F0CI09,A0A0F0CI09,dev,threonine,Mono,False,0.0026,0.0021,-0.0005,0.0096,0.0096,0.9383,True
cluster269_A0A0F0CI09,A0A0F0CI09,dev,threonine,Tri,False,0.0002,1e-04,-1e-04,0.0069,0.0058,0.9383,True
cluster269_A0A0F0CI09,A0A0F0CI09,dev,tryptamine,Di,False,0.0002,1e-04,-1e-04,0.0069,0.0058,0.9383,True
cluster269_A0A0F0CI09,A0A0F0CI09,dev,tryptamine,Mono,False,0.0,0.0,0.0,0.0,0.0,0.9383,True
cluster269_A0A0F0CI09,A0A0F0CI09,dev,tryptamine,Tri,False,0.0005,0.0002,-0.0003,0.0069,0.0069,0.9383,True
cluster269_A0A0F0CI09,A0A0F0CI09,dev,tyramine,Di,False,0.0044,0.0013,-0.0031,0.0096,0.0096,0.9383,True
cluster269_A0A0F0CI09,A0A0F0CI09,dev,tyramine,Mono,False,0.0434,0.0107,-0.0327,0.0679,0.0264,0.9383,True
cluster269_A0A0F0CI09,A0A0F0CI09,dev,tyramine,Tri,False,0.0136,0.0045,-0.0091,0.0264,0.0096,0.9383,True
cluster272_A0A1E3ADP5,A0A1E3ADP5,dev,"2,3_diaminopropionic acid",Di,False,0.0063,0.0019,-0.0044,0.0157,0.0096,0.931,True
cluster272_A0A1E3ADP5,A0A1E3ADP5,dev,"2,3_diaminopropionic acid",Mono,False,0.001,0.0005,-0.0005,0.0096,0.0069,0.931,True
cluster272_A0A1E3ADP5,A0A1E3ADP5,dev,"2,3_diaminopropionic acid",Tri,False,0.1205,0.058,-0.0625,0.0758,0.0679,0.931,True
cluster272_A0A1E3ADP5,A0A1E3ADP5,dev,2_aminophenol,Di,False,0.0425,0.0391,-0.0034,0.0679,0.046,0.931,True
cluster272_A0A1E3ADP5,A0A1E3ADP5,dev,2_aminophenol,Mono,False,0.0025,0.0021,-0.0004,0.0096,0.0096,0.931,True
cluster272_A0A1E3ADP5,A0A1E3ADP5,dev,2_aminophenol,Tri,False,0.1165,0.1182,0.0017,0.0758,0.0758,0.931,True
cluster272_A0A1E3ADP5,A0A1E3ADP5,dev,3_methoxytyramine,Di,False,0.0113,0.0027,-0.0086,0.0264,0.0096,0.931,True
cluster272_A0A1E3ADP5,A0A1E3ADP5,dev,3_methoxytyramine,Mono,False,0.0003,0.0002,-1e-04,0.0069,0.0069,0.931,True
cluster272_A0A1E3ADP5,A0A1E3ADP5,dev,3_methoxytyramine,Tri,False,0.0187,0.0062,-0.0125,0.0264,0.0157,0.931,True
cluster272_A0A1E3ADP5,A0A1E3ADP5,dev,alanine,Di,True,0.9386,0.8916,-0.047,0.7921,0.7547,0.931,True
cluster272_A0A1E3ADP5,A0A1E3ADP5,dev,alanine,Mono,False,0.5419,0.5861,0.0442,0.4048,0.566,0.931,True
cluster272_A0A1E3ADP5,A0A1E3ADP5,dev,alanine,Tri,False,0.0857,0.0718,-0.0139,0.0758,0.0679,0.931,True
cluster272_A0A1E3ADP5,A0A1E3ADP5,dev,arginine,Di,False,1e-04,1e-04,0.0,0.0058,0.0058,0.931,True
cluster272_A0A1E3ADP5,A0A1E3ADP5,dev,arginine,Mono,False,0.0,0.0,0.0,0.0,0.0,0.931,True
cluster272_A0A1E3ADP5,A0A1E3ADP5,dev,arginine,Tri,False,0.0005,0.0003,-0.0002,0.0069,0.0069,0.931,True
cluster272_A0A1E3ADP5,A0A1E3ADP5,dev,asparagine,Di,False,0.0367,0.0139,-0.0228,0.046,0.0264,0.931,True
cluster272_A0A1E3ADP5,A0A1E3ADP5,dev,asparagine,Mono,False,0.0091,0.0042,-0.0049,0.0179,0.0096,0.931,True
cluster272_A0A1E3ADP5,A0A1E3ADP5,dev,asparagine,Tri,True,0.961,0.8765,-0.0845,0.7921,0.7547,0.931,True
cluster272_A0A1E3ADP5,A0A1E3ADP5,dev,cadaverine,Di,False,0.0011,0.0005,-0.0006,0.0096,0.0069,0.931,True
cluster272_A0A1E3ADP5,A0A1E3ADP5,dev,cadaverine,Mono,False,0.0002,1e-04,-1e-04,0.0069,0.0058,0.931,True
cluster272_A0A1E3ADP5,A0A1E3ADP5,dev,cadaverine,Tri,False,0.0027,0.0012,-0.0015,0.0096,0.0096,0.931,True
cluster272_A0A1E3ADP5,A0A1E3ADP5,dev,citrulline,Di,False,0.0015,0.0015,0.0,0.0096,0.0096,0.931,True
cluster272_A0A1E3ADP5,A0A1E3ADP5,dev,citrulline,Mono,False,0.0002,0.0002,0.0,0.0069,0.0069,0.931,True
cluster272_A0A1E3ADP5,A0A1E3ADP5,dev,citrulline,Tri,False,0.001,0.0013,0.0003,0.0096,0.0096,0.931,True
cluster272_A0A1E3ADP5,A0A1E3ADP5,dev,cystine,Di,False,0.0007,0.0002,-0.0005,0.0069,0.0069,0.931,True
cluster272_A0A1E3ADP5,A0A1E3ADP5,dev,cystine,Mono,False,1e-04,0.0,-1e-04,0.0058,0.0,0.931,True
cluster272_A0A1E3ADP5,A0A1E3ADP5,dev,cystine,Tri,False,0.0013,0.0006,-0.0007,0.0096,0.0069,0.931,True
cluster272_A0A1E3ADP5,A0A1E3ADP5,dev,dopamine,Di,False,0.066,0.0238,-0.0422,0.0679,0.0264,0.931,True
cluster272_A0A1E3ADP5,A0A1E3ADP5,dev,dopamine,Mono,False,0.007,0.0035,-0.0035,0.0157,0.0096,0.931,True
cluster272_A0A1E3ADP5,A0A1E3ADP5,dev,dopamine,Tri,True,0.9228,0.7061,-0.2167,0.7921,0.6364,0.931,True
cluster272_A0A1E3ADP5,A0A1E3ADP5,dev,gaba,Di,True,0.9929,0.9617,-0.0312,0.8962,0.7921,0.931,True
cluster272_A0A1E3ADP5,A0A1E3ADP5,dev,gaba,Mono,True,0.9761,0.8827,-0.0934,0.8343,0.7547,0.931,True
cluster272_A0A1E3ADP5,A0A1E3ADP5,dev,gaba,Tri,True,0.9967,0.9787,-0.018,0.9,0.8343,0.931,True
cluster272_A0A1E3ADP5,A0A1E3ADP5,dev,glutamine,Di,False,0.002,0.0016,-0.0004,0.0096,0.0096,0.931,True
cluster272_A0A1E3ADP5,A0A1E3ADP5,dev,glutamine,Mono,False,0.0012,0.0011,-1e-04,0.0096,0.0096,0.931,True
cluster272_A0A1E3ADP5,A0A1E3ADP5,dev,glutamine,Tri,False,0.0047,0.0035,-0.0012,0.0097,0.0096,0.931,True
cluster272_A0A1E3ADP5,A0A1E3ADP5,dev,glyglycine,Di,False,0.0045,0.0046,1e-04,0.0096,0.0097,0.931,True
cluster272_A0A1E3ADP5,A0A1E3ADP5,dev,glyglycine,Mono,False,0.0009,0.0013,0.0004,0.0069,0.0096,0.931,True
cluster272_A0A1E3ADP5,A0A1E3ADP5,dev,glyglycine,Tri,False,0.0339,0.0627,0.0288,0.0264,0.0679,0.931,True
cluster272_A0A1E3ADP5,A0A1E3ADP5,dev,histidine,Di,False,0.0011,0.0005,-0.0006,0.0096,0.0069,0.931,True
cluster272_A0A1E3ADP5,A0A1E3ADP5,dev,histidine,Mono,False,0.0004,0.0003,-1e-04,0.0069,0.0069,0.931,True
cluster272_A0A1E3ADP5,A0A1E3ADP5,dev,histidine,Tri,False,0.0066,0.0044,-0.0022,0.0157,0.0096,0.931,True
cluster272_A0A1E3ADP5,A0A1E3ADP5,dev,lysine,Di,False,0.0298,0.0242,-0.0056,0.0264,0.0264,0.931,True
cluster272_A0A1E3ADP5,A0A1E3ADP5,dev,lysine,Mono,False,0.0011,0.0008,-0.0003,0.0096,0.0069,0.931,True
cluster272_A0A1E3ADP5,A0A1E3ADP5,dev,lysine,Tri,False,0.0026,0.0016,-0.001,0.0096,0.0096,0.931,True
cluster272_A0A1E3ADP5,A0A1E3ADP5,dev,methionine,Di,False,0.0024,0.0017,-0.0007,0.0096,0.0096,0.931,True
cluster272_A0A1E3ADP5,A0A1E3ADP5,dev,methionine,Mono,False,0.0007,0.0007,0.0,0.0069,0.0069,0.931,True
cluster272_A0A1E3ADP5,A0A1E3ADP5,dev,methionine,Tri,False,0.0072,0.0061,-0.0011,0.0157,0.0157,0.931,True
cluster272_A0A1E3ADP5,A0A1E3ADP5,dev,ornithine,Di,False,0.0026,0.0012,-0.0014,0.0096,0.0096,0.931,True
cluster272_A0A1E3ADP5,A0A1E3ADP5,dev,ornithine,Mono,False,0.0004,0.0002,-0.0002,0.0069,0.0069,0.931,True
cluster272_A0A1E3ADP5,A0A1E3ADP5,dev,ornithine,Tri,False,0.0015,0.0008,-0.0007,0.0096,0.0069,0.931,True
cluster272_A0A1E3ADP5,A0A1E3ADP5,dev,phenylalanine,Di,True,0.9638,0.8612,-0.1026,0.8273,0.7547,0.931,True
cluster272_A0A1E3ADP5,A0A1E3ADP5,dev,phenylalanine,Mono,False,0.0673,0.0307,-0.0366,0.0679,0.0264,0.931,True
cluster272_A0A1E3ADP5,A0A1E3ADP5,dev,phenylalanine,Tri,True,0.9854,0.9468,-0.0386,0.8343,0.7921,0.931,True
cluster272_A0A1E3ADP5,A0A1E3ADP5,dev,proline,Di,False,0.0005,0.0003,-0.0002,0.0069,0.0069,0.931,True
cluster272_A0A1E3ADP5,A0A1E3ADP5,dev,proline,Mono,False,0.0002,1e-04,-1e-04,0.0069,0.0058,0.931,True
cluster272_A0A1E3ADP5,A0A1E3ADP5,dev,proline,Tri,False,0.0075,0.0032,-0.0043,0.0167,0.0096,0.931,True
cluster272_A0A1E3ADP5,A0A1E3ADP5,dev,putrescine,Di,False,0.0012,0.0006,-0.0006,0.0096,0.0069,0.931,True
cluster272_A0A1E3ADP5,A0A1E3ADP5,dev,putrescine,Mono,False,0.0002,1e-04,-1e-04,0.0069,0.0058,0.931,True
cluster272_A0A1E3ADP5,A0A1E3ADP5,dev,putrescine,Tri,False,0.0032,0.0014,-0.0018,0.0096,0.0096,0.931,True
cluster272_A0A1E3ADP5,A0A1E3ADP5,dev,serine,Di,False,0.0443,0.0193,-0.025,0.0679,0.0264,0.931,True
cluster272_A0A1E3ADP5,A0A1E3ADP5,dev,serine,Mono,False,0.0268,0.0237,-0.0031,0.0264,0.0264,0.931,True
cluster272_A0A1E3ADP5,A0A1E3ADP5,dev,serine,Tri,False,0.0117,0.0073,-0.0044,0.0264,0.0167,0.931,True
cluster272_A0A1E3ADP5,A0A1E3ADP5,dev,serotonin,Di,False,0.0003,0.0002,-1e-04,0.0069,0.0069,0.931,True
cluster272_A0A1E3ADP5,A0A1E3ADP5,dev,serotonin,Mono,False,0.0013,0.0008,-0.0005,0.0096,0.0069,0.931,True
cluster272_A0A1E3ADP5,A0A1E3ADP5,dev,serotonin,Tri,False,0.0009,0.0006,-0.0003,0.0069,0.0069,0.931,True
cluster272_A0A1E3ADP5,A0A1E3ADP5,dev,threonine,Di,False,0.0013,0.0009,-0.0004,0.0096,0.0069,0.931,True
cluster272_A0A1E3ADP5,A0A1E3ADP5,dev,threonine,Mono,False,0.0021,0.0036,0.0015,0.0096,0.0096,0.931,True
cluster272_A0A1E3ADP5,A0A1E3ADP5,dev,threonine,Tri,False,0.0003,0.0002,-1e-04,0.0069,0.0069,0.931,True
cluster272_A0A1E3ADP5,A0A1E3ADP5,dev,tryptamine,Di,False,0.0002,1e-04,-1e-04,0.0069,0.0058,0.931,True
cluster272_A0A1E3ADP5,A0A1E3ADP5,dev,tryptamine,Mono,False,0.0,0.0,0.0,0.0,0.0,0.931,True
cluster272_A0A1E3ADP5,A0A1E3ADP5,dev,tryptamine,Tri,False,0.0006,0.0004,-0.0002,0.0069,0.0069,0.931,True
cluster272_A0A1E3ADP5,A0A1E3ADP5,dev,tyramine,Di,False,0.0046,0.0019,-0.0027,0.0096,0.0096,0.931,True
cluster272_A0A1E3ADP5,A0A1E3ADP5,dev,tyramine,Mono,False,0.0331,0.0156,-0.0175,0.0264,0.0264,0.931,True
cluster272_A0A1E3ADP5,A0A1E3ADP5,dev,tyramine,Tri,False,0.0155,0.0058,-0.0097,0.0264,0.0157,0.931,True
cluster285_A0A1C6E707,A0A1C6E707,dev,"2,3_diaminopropionic acid",Di,False,0.0104,0.0041,-0.0063,0.0179,0.0096,0.943,True
cluster285_A0A1C6E707,A0A1C6E707,dev,"2,3_diaminopropionic acid",Mono,False,0.0026,0.0014,-0.0012,0.0096,0.0096,0.943,True
cluster285_A0A1C6E707,A0A1C6E707,dev,"2,3_diaminopropionic acid",Tri,False,0.1783,0.0929,-0.0854,0.1317,0.0758,0.943,True
cluster285_A0A1C6E707,A0A1C6E707,dev,2_aminophenol,Di,False,0.0807,0.0441,-0.0366,0.0679,0.0679,0.943,True
cluster285_A0A1C6E707,A0A1C6E707,dev,2_aminophenol,Mono,False,0.0067,0.0038,-0.0029,0.0157,0.0096,0.943,True
cluster285_A0A1C6E707,A0A1C6E707,dev,2_aminophenol,Tri,False,0.1835,0.1403,-0.0432,0.1317,0.1192,0.943,True
cluster285_A0A1C6E707,A0A1C6E707,dev,3_methoxytyramine,Di,False,0.0132,0.0034,-0.0098,0.0264,0.0096,0.943,True
cluster285_A0A1C6E707,A0A1C6E707,dev,3_methoxytyramine,Mono,False,0.0007,0.0004,-0.0003,0.0069,0.0069,0.943,True
cluster285_A0A1C6E707,A0A1C6E707,dev,3_methoxytyramine,Tri,False,0.0289,0.0107,-0.0182,0.0264,0.0264,0.943,True
cluster285_A0A1C6E707,A0A1C6E707,dev,alanine,Di,True,0.9784,0.9064,-0.072,0.8343,0.7921,0.943,True
cluster285_A0A1C6E707,A0A1C6E707,dev,alanine,Mono,True,0.8794,0.7096,-0.1698,0.7547,0.6364,0.943,True
cluster285_A0A1C6E707,A0A1C6E707,dev,alanine,Tri,False,0.1613,0.0903,-0.071,0.1192,0.0758,0.943,True
cluster285_A0A1C6E707,A0A1C6E707,dev,arginine,Di,False,0.0002,1e-04,-1e-04,0.0069,0.0058,0.943,True
cluster285_A0A1C6E707,A0A1C6E707,dev,arginine,Mono,False,0.0,0.0,0.0,0.0,0.0,0.943,True
cluster285_A0A1C6E707,A0A1C6E707,dev,arginine,Tri,False,0.0005,0.0004,-1e-04,0.0069,0.0069,0.943,True
cluster285_A0A1C6E707,A0A1C6E707,dev,asparagine,Di,False,0.0543,0.0188,-0.0355,0.0679,0.0264,0.943,True
cluster285_A0A1C6E707,A0A1C6E707,dev,asparagine,Mono,False,0.0214,0.0079,-0.0135,0.0264,0.0167,0.943,True
cluster285_A0A1C6E707,A0A1C6E707,dev,asparagine,Tri,True,0.974,0.8756,-0.0984,0.8273,0.7547,0.943,True
cluster285_A0A1C6E707,A0A1C6E707,dev,cadaverine,Di,False,0.0017,0.0006,-0.0011,0.0096,0.0069,0.943,True
cluster285_A0A1C6E707,A0A1C6E707,dev,cadaverine,Mono,False,0.0005,0.0002,-0.0003,0.0069,0.0069,0.943,True
cluster285_A0A1C6E707,A0A1C6E707,dev,cadaverine,Tri,False,0.0042,0.0018,-0.0024,0.0096,0.0096,0.943,True
cluster285_A0A1C6E707,A0A1C6E707,dev,citrulline,Di,False,0.0019,0.0015,-0.0004,0.0096,0.0096,0.943,True
cluster285_A0A1C6E707,A0A1C6E707,dev,citrulline,Mono,False,0.0004,0.0004,0.0,0.0069,0.0069,0.943,True
cluster285_A0A1C6E707,A0A1C6E707,dev,citrulline,Tri,False,0.0011,0.0014,0.0003,0.0096,0.0096,0.943,True
cluster285_A0A1C6E707,A0A1C6E707,dev,cystine,Di,False,0.0007,0.0003,-0.0004,0.0069,0.0069,0.943,True
cluster285_A0A1C6E707,A0A1C6E707,dev,cystine,Mono,False,1e-04,1e-04,0.0,0.0058,0.0058,0.943,True
cluster285_A0A1C6E707,A0A1C6E707,dev,cystine,Tri,False,0.0016,0.0008,-0.0008,0.0096,0.0069,0.943,True
cluster285_A0A1C6E707,A0A1C6E707,dev,dopamine,Di,False,0.1057,0.0345,-0.0712,0.0758,0.046,0.943,True
cluster285_A0A1C6E707,A0A1C6E707,dev,dopamine,Mono,False,0.0124,0.0064,-0.006,0.0264,0.0157,0.943,True
cluster285_A0A1C6E707,A0A1C6E707,dev,dopamine,Tri,True,0.9379,0.8105,-0.1274,0.7921,0.7547,0.943,True
cluster285_A0A1C6E707,A0A1C6E707,dev,gaba,Di,True,0.9947,0.9695,-0.0252,0.8962,0.8273,0.943,True
cluster285_A0A1C6E707,A0A1C6E707,dev,gaba,Mono,True,0.9867,0.9227,-0.064,0.8343,0.7921,0.943,True
cluster285_A0A1C6E707,A0A1C6E707,dev,gaba,Tri,True,0.9975,0.986,-0.0115,0.9,0.8343,0.943,True
cluster285_A0A1C6E707,A0A1C6E707,dev,glutamine,Di,False,0.0025,0.0019,-0.0006,0.0096,0.0096,0.943,True
cluster285_A0A1C6E707,A0A1C6E707,dev,glutamine,Mono,False,0.002,0.0016,-0.0004,0.0096,0.0096,0.943,True
cluster285_A0A1C6E707,A0A1C6E707,dev,glutamine,Tri,False,0.0052,0.004,-0.0012,0.0157,0.0096,0.943,True
cluster285_A0A1C6E707,A0A1C6E707,dev,glyglycine,Di,False,0.0055,0.0041,-0.0014,0.0157,0.0096,0.943,True
cluster285_A0A1C6E707,A0A1C6E707,dev,glyglycine,Mono,False,0.0019,0.0017,-0.0002,0.0096,0.0096,0.943,True
cluster285_A0A1C6E707,A0A1C6E707,dev,glyglycine,Tri,False,0.0391,0.0449,0.0058,0.046,0.0679,0.943,True
cluster285_A0A1C6E707,A0A1C6E707,dev,histidine,Di,False,0.0009,0.0004,-0.0005,0.0069,0.0069,0.943,True
cluster285_A0A1C6E707,A0A1C6E707,dev,histidine,Mono,False,0.0004,0.0002,-0.0002,0.0069,0.0069,0.943,True
cluster285_A0A1C6E707,A0A1C6E707,dev,histidine,Tri,False,0.0058,0.0035,-0.0023,0.0157,0.0096,0.943,True
cluster285_A0A1C6E707,A0A1C6E707,dev,lysine,Di,False,0.037,0.0312,-0.0058,0.046,0.0264,0.943,True
cluster285_A0A1C6E707,A0A1C6E707,dev,lysine,Mono,False,0.0028,0.0031,0.0003,0.0096,0.0096,0.943,True
cluster285_A0A1C6E707,A0A1C6E707,dev,lysine,Tri,False,0.0038,0.0038,0.0,0.0096,0.0096,0.943,True
cluster285_A0A1C6E707,A0A1C6E707,dev,methionine,Di,False,0.0031,0.0021,-0.001,0.0096,0.0096,0.943,True
cluster285_A0A1C6E707,A0A1C6E707,dev,methionine,Mono,False,0.0013,0.0011,-0.0002,0.0096,0.0096,0.943,True
cluster285_A0A1C6E707,A0A1C6E707,dev,methionine,Tri,False,0.0082,0.0064,-0.0018,0.0167,0.0157,0.943,True
cluster285_A0A1C6E707,A0A1C6E707,dev,ornithine,Di,False,0.0033,0.0016,-0.0017,0.0096,0.0096,0.943,True
cluster285_A0A1C6E707,A0A1C6E707,dev,ornithine,Mono,False,0.0008,0.0004,-0.0004,0.0069,0.0069,0.943,True
cluster285_A0A1C6E707,A0A1C6E707,dev,ornithine,Tri,False,0.0018,0.0011,-0.0007,0.0096,0.0096,0.943,True
cluster285_A0A1C6E707,A0A1C6E707,dev,phenylalanine,Di,True,0.9718,0.7946,-0.1772,0.8273,0.7547,0.943,True
cluster285_A0A1C6E707,A0A1C6E707,dev,phenylalanine,Mono,False,0.1344,0.025,-0.1094,0.1192,0.0264,0.943,True
cluster285_A0A1C6E707,A0A1C6E707,dev,phenylalanine,Tri,True,0.9885,0.9239,-0.0646,0.8873,0.7921,0.943,True
cluster285_A0A1C6E707,A0A1C6E707,dev,proline,Di,False,0.0006,0.0003,-0.0003,0.0069,0.0069,0.943,True
cluster285_A0A1C6E707,A0A1C6E707,dev,proline,Mono,False,0.0003,0.0002,-1e-04,0.0069,0.0069,0.943,True
cluster285_A0A1C6E707,A0A1C6E707,dev,proline,Tri,False,0.009,0.0033,-0.0057,0.0179,0.0096,0.943,True
cluster285_A0A1C6E707,A0A1C6E707,dev,putrescine,Di,False,0.002,0.0007,-0.0013,0.0096,0.0069,0.943,True
cluster285_A0A1C6E707,A0A1C6E707,dev,putrescine,Mono,False,0.0005,0.0002,-0.0003,0.0069,0.0069,0.943,True
cluster285_A0A1C6E707,A0A1C6E707,dev,putrescine,Tri,False,0.005,0.0021,-0.0029,0.0097,0.0096,0.943,True
cluster285_A0A1C6E707,A0A1C6E707,dev,serine,Di,False,0.0634,0.0266,-0.0368,0.0679,0.0264,0.943,True
cluster285_A0A1C6E707,A0A1C6E707,dev,serine,Mono,False,0.0535,0.0415,-0.012,0.0679,0.0526,0.943,True
cluster285_A0A1C6E707,A0A1C6E707,dev,serine,Tri,False,0.0168,0.0058,-0.011,0.0264,0.0157,0.943,True
cluster285_A0A1C6E707,A0A1C6E707,dev,serotonin,Di,False,0.0004,0.0002,-0.0002,0.0069,0.0069,0.943,True
cluster285_A0A1C6E707,A0A1C6E707,dev,serotonin,Mono,False,0.0023,0.001,-0.0013,0.0096,0.0096,0.943,True
cluster285_A0A1C6E707,A0A1C6E707,dev,serotonin,Tri,False,0.0011,0.0006,-0.0005,0.0096,0.0069,0.943,True
cluster285_A0A1C6E707,A0A1C6E707,dev,threonine,Di,False,0.0025,0.0011,-0.0014,0.0096,0.0096,0.943,True
cluster285_A0A1C6E707,A0A1C6E707,dev,threonine,Mono,False,0.0062,0.0048,-0.0014,0.0157,0.0097,0.943,True
cluster285_A0A1C6E707,A0A1C6E707,dev,threonine,Tri,False,0.0004,0.0002,-0.0002,0.0069,0.0069,0.943,True
cluster285_A0A1C6E707,A0A1C6E707,dev,tryptamine,Di,False,0.0002,1e-04,-1e-04,0.0069,0.0058,0.943,True
cluster285_A0A1C6E707,A0A1C6E707,dev,tryptamine,Mono,False,0.0,0.0,0.0,0.0058,0.0,0.943,True
cluster285_A0A1C6E707,A0A1C6E707,dev,tryptamine,Tri,False,0.0007,0.0004,-0.0003,0.0069,0.0069,0.943,True
cluster285_A0A1C6E707,A0A1C6E707,dev,tyramine,Di,False,0.0093,0.0032,-0.0061,0.0179,0.0096,0.943,True
cluster285_A0A1C6E707,A0A1C6E707,dev,tyramine,Mono,False,0.0788,0.0353,-0.0435,0.0679,0.046,0.943,True
cluster285_A0A1C6E707,A0A1C6E707,dev,tyramine,Tri,False,0.0295,0.0113,-0.0182,0.0264,0.0264,0.943,True
cluster31_A0A8J7U9Z7,A0A8J7U9Z7,test,"2,3_diaminopropionic acid",Di,False,0.0175,0.0013,-0.0162,0.0264,0.0096,0.9856,True
cluster31_A0A8J7U9Z7,A0A8J7U9Z7,test,"2,3_diaminopropionic acid",Mono,False,0.0046,0.0003,-0.0043,0.0096,0.0069,0.9856,True
cluster31_A0A8J7U9Z7,A0A8J7U9Z7,test,"2,3_diaminopropionic acid",Tri,False,0.1931,0.0222,-0.1709,0.1317,0.0264,0.9856,True
cluster31_A0A8J7U9Z7,A0A8J7U9Z7,test,2_aminophenol,Di,False,0.1184,0.0142,-0.1042,0.0758,0.0264,0.9856,True
cluster31_A0A8J7U9Z7,A0A8J7U9Z7,test,2_aminophenol,Mono,False,0.0083,0.0008,-0.0075,0.0167,0.0069,0.9856,True
cluster31_A0A8J7U9Z7,A0A8J7U9Z7,test,2_aminophenol,Tri,False,0.2021,0.0301,-0.172,0.1317,0.0264,0.9856,True
cluster31_A0A8J7U9Z7,A0A8J7U9Z7,test,3_methoxytyramine,Di,False,0.0328,0.0019,-0.0309,0.0264,0.0096,0.9856,True
cluster31_A0A8J7U9Z7,A0A8J7U9Z7,test,3_methoxytyramine,Mono,False,0.0017,1e-04,-0.0016,0.0096,0.0059,0.9856,True
cluster31_A0A8J7U9Z7,A0A8J7U9Z7,test,3_methoxytyramine,Tri,False,0.0419,0.0046,-0.0373,0.0526,0.0097,0.9856,True
cluster31_A0A8J7U9Z7,A0A8J7U9Z7,test,alanine,Di,True,0.9792,0.7419,-0.2373,0.8343,0.7234,0.9856,True
cluster31_A0A8J7U9Z7,A0A8J7U9Z7,test,alanine,Mono,True,0.9055,0.2721,-0.6334,0.7921,0.1867,0.9856,True
cluster31_A0A8J7U9Z7,A0A8J7U9Z7,test,alanine,Tri,False,0.1583,0.0272,-0.1311,0.1192,0.0264,0.9856,True
cluster31_A0A8J7U9Z7,A0A8J7U9Z7,test,arginine,Di,False,0.0002,0.0,-0.0002,0.0069,0.0,0.9856,True
cluster31_A0A8J7U9Z7,A0A8J7U9Z7,test,arginine,Mono,False,1e-04,0.0,-1e-04,0.0058,0.0,0.9856,True
cluster31_A0A8J7U9Z7,A0A8J7U9Z7,test,arginine,Tri,False,0.0008,1e-04,-0.0007,0.0069,0.0058,0.9856,True
cluster31_A0A8J7U9Z7,A0A8J7U9Z7,test,asparagine,Di,False,0.0537,0.0035,-0.0502,0.0679,0.0096,0.9856,True
cluster31_A0A8J7U9Z7,A0A8J7U9Z7,test,asparagine,Mono,False,0.0204,0.0011,-0.0193,0.0264,0.0096,0.9856,True
cluster31_A0A8J7U9Z7,A0A8J7U9Z7,test,asparagine,Tri,True,0.9547,0.5928,-0.3619,0.7921,0.566,0.9856,True
cluster31_A0A8J7U9Z7,A0A8J7U9Z7,test,cadaverine,Di,False,0.002,0.0004,-0.0016,0.0096,0.0069,0.9856,True
cluster31_A0A8J7U9Z7,A0A8J7U9Z7,test,cadaverine,Mono,False,0.0005,1e-04,-0.0004,0.0069,0.0058,0.9856,True
cluster31_A0A8J7U9Z7,A0A8J7U9Z7,test,cadaverine,Tri,False,0.0036,0.001,-0.0026,0.0096,0.0069,0.9856,True
cluster31_A0A8J7U9Z7,A0A8J7U9Z7,test,citrulline,Di,False,0.0025,0.0003,-0.0022,0.0096,0.0069,0.9856,True
cluster31_A0A8J7U9Z7,A0A8J7U9Z7,test,citrulline,Mono,False,0.0006,0.0,-0.0006,0.0069,0.0,0.9856,True
cluster31_A0A8J7U9Z7,A0A8J7U9Z7,test,citrulline,Tri,False,0.0015,1e-04,-0.0014,0.0096,0.0058,0.9856,True
cluster31_A0A8J7U9Z7,A0A8J7U9Z7,test,cystine,Di,False,0.0018,0.0002,-0.0016,0.0096,0.0069,0.9856,True
cluster31_A0A8J7U9Z7,A0A8J7U9Z7,test,cystine,Mono,False,0.0003,0.0,-0.0003,0.0069,0.0,0.9856,True
cluster31_A0A8J7U9Z7,A0A8J7U9Z7,test,cystine,Tri,False,0.0024,0.0003,-0.0021,0.0096,0.0069,0.9856,True
cluster31_A0A8J7U9Z7,A0A8J7U9Z7,test,dopamine,Di,False,0.1331,0.0092,-0.1239,0.1192,0.0179,0.9856,True
cluster31_A0A8J7U9Z7,A0A8J7U9Z7,test,dopamine,Mono,False,0.0184,0.0011,-0.0173,0.0264,0.0096,0.9856,True
cluster31_A0A8J7U9Z7,A0A8J7U9Z7,test,dopamine,Tri,True,0.9224,0.3739,-0.5485,0.7921,0.2642,0.9856,True
cluster31_A0A8J7U9Z7,A0A8J7U9Z7,test,gaba,Di,True,0.9887,0.272,-0.7167,0.8873,0.1867,0.9856,True
cluster31_A0A8J7U9Z7,A0A8J7U9Z7,test,gaba,Mono,True,0.9737,0.1024,-0.8713,0.8273,0.0758,0.9856,True
cluster31_A0A8J7U9Z7,A0A8J7U9Z7,test,gaba,Tri,True,0.9922,0.387,-0.6052,0.8962,0.2642,0.9856,True
cluster31_A0A8J7U9Z7,A0A8J7U9Z7,test,glutamine,Di,False,0.0035,0.0003,-0.0032,0.0096,0.0069,0.9856,True
cluster31_A0A8J7U9Z7,A0A8J7U9Z7,test,glutamine,Mono,False,0.0024,1e-04,-0.0023,0.0096,0.0058,0.9856,True
cluster31_A0A8J7U9Z7,A0A8J7U9Z7,test,glutamine,Tri,False,0.0041,0.0003,-0.0038,0.0096,0.0069,0.9856,True
cluster31_A0A8J7U9Z7,A0A8J7U9Z7,test,glyglycine,Di,False,0.009,0.0016,-0.0074,0.0179,0.0096,0.9856,True
cluster31_A0A8J7U9Z7,A0A8J7U9Z7,test,glyglycine,Mono,False,0.0033,0.0005,-0.0028,0.0096,0.0069,0.9856,True
cluster31_A0A8J7U9Z7,A0A8J7U9Z7,test,glyglycine,Tri,False,0.0343,0.0108,-0.0235,0.0358,0.0264,0.9856,True
cluster31_A0A8J7U9Z7,A0A8J7U9Z7,test,histidine,Di,False,0.0015,0.0003,-0.0012,0.0096,0.0069,0.9856,True
cluster31_A0A8J7U9Z7,A0A8J7U9Z7,test,histidine,Mono,False,0.0009,1e-04,-0.0008,0.0069,0.0069,0.9856,True
cluster31_A0A8J7U9Z7,A0A8J7U9Z7,test,histidine,Tri,False,0.0051,0.0011,-0.004,0.0157,0.0096,0.9856,True
cluster31_A0A8J7U9Z7,A0A8J7U9Z7,test,lysine,Di,False,0.0226,0.0026,-0.02,0.0264,0.0096,0.9856,True
cluster31_A0A8J7U9Z7,A0A8J7U9Z7,test,lysine,Mono,False,0.0026,0.0002,-0.0024,0.0096,0.0069,0.9856,True
cluster31_A0A8J7U9Z7,A0A8J7U9Z7,test,lysine,Tri,False,0.0033,0.0003,-0.003,0.0096,0.0069,0.9856,True
cluster31_A0A8J7U9Z7,A0A8J7U9Z7,test,methionine,Di,False,0.0028,0.0002,-0.0026,0.0096,0.0069,0.9856,True
cluster31_A0A8J7U9Z7,A0A8J7U9Z7,test,methionine,Mono,False,0.0012,1e-04,-0.0011,0.0096,0.0058,0.9856,True
cluster31_A0A8J7U9Z7,A0A8J7U9Z7,test,methionine,Tri,False,0.0034,0.0004,-0.003,0.0096,0.0069,0.9856,True
cluster31_A0A8J7U9Z7,A0A8J7U9Z7,test,ornithine,Di,False,0.0097,0.0005,-0.0092,0.0179,0.0069,0.9856,True
cluster31_A0A8J7U9Z7,A0A8J7U9Z7,test,ornithine,Mono,False,0.0025,1e-04,-0.0024,0.0096,0.0058,0.9856,True
cluster31_A0A8J7U9Z7,A0A8J7U9Z7,test,ornithine,Tri,False,0.0045,0.0002,-0.0043,0.0096,0.0069,0.9856,True
cluster31_A0A8J7U9Z7,A0A8J7U9Z7,test,phenylalanine,Di,True,0.9726,0.352,-0.6206,0.8273,0.2642,0.9856,True
cluster31_A0A8J7U9Z7,A0A8J7U9Z7,test,phenylalanine,Mono,False,0.1132,0.0041,-0.1091,0.0758,0.0096,0.9856,True
cluster31_A0A8J7U9Z7,A0A8J7U9Z7,test,phenylalanine,Tri,True,0.9822,0.5065,-0.4757,0.8343,0.4048,0.9856,True
cluster31_A0A8J7U9Z7,A0A8J7U9Z7,test,proline,Di,False,0.001,0.0002,-0.0008,0.0096,0.0069,0.9856,True
cluster31_A0A8J7U9Z7,A0A8J7U9Z7,test,proline,Mono,False,0.0005,1e-04,-0.0004,0.0069,0.0058,0.9856,True
cluster31_A0A8J7U9Z7,A0A8J7U9Z7,test,proline,Tri,False,0.0066,0.0014,-0.0052,0.0157,0.0096,0.9856,True
cluster31_A0A8J7U9Z7,A0A8J7U9Z7,test,putrescine,Di,False,0.0024,0.0004,-0.002,0.0096,0.0069,0.9856,True
cluster31_A0A8J7U9Z7,A0A8J7U9Z7,test,putrescine,Mono,False,0.0005,1e-04,-0.0004,0.0069,0.0058,0.9856,True
cluster31_A0A8J7U9Z7,A0A8J7U9Z7,test,putrescine,Tri,False,0.0043,0.0011,-0.0032,0.0096,0.0096,0.9856,True
cluster31_A0A8J7U9Z7,A0A8J7U9Z7,test,serine,Di,False,0.0823,0.011,-0.0713,0.0741,0.0264,0.9856,True
cluster31_A0A8J7U9Z7,A0A8J7U9Z7,test,serine,Mono,False,0.0502,0.0035,-0.0467,0.0679,0.0096,0.9856,True
cluster31_A0A8J7U9Z7,A0A8J7U9Z7,test,serine,Tri,False,0.0212,0.0027,-0.0185,0.0264,0.0096,0.9856,True
cluster31_A0A8J7U9Z7,A0A8J7U9Z7,test,serotonin,Di,False,0.001,1e-04,-0.0009,0.0069,0.0058,0.9856,True
cluster31_A0A8J7U9Z7,A0A8J7U9Z7,test,serotonin,Mono,False,0.008,0.0006,-0.0074,0.0167,0.0069,0.9856,True
cluster31_A0A8J7U9Z7,A0A8J7U9Z7,test,serotonin,Tri,False,0.0022,0.0003,-0.0019,0.0096,0.0069,0.9856,True
cluster31_A0A8J7U9Z7,A0A8J7U9Z7,test,threonine,Di,False,0.0058,0.0005,-0.0053,0.0157,0.0069,0.9856,True
cluster31_A0A8J7U9Z7,A0A8J7U9Z7,test,threonine,Mono,False,0.0106,0.0006,-0.01,0.0264,0.0069,0.9856,True
cluster31_A0A8J7U9Z7,A0A8J7U9Z7,test,threonine,Tri,False,0.0008,1e-04,-0.0007,0.0069,0.0058,0.9856,True
cluster31_A0A8J7U9Z7,A0A8J7U9Z7,test,tryptamine,Di,False,0.0004,1e-04,-0.0003,0.0069,0.0058,0.9856,True
cluster31_A0A8J7U9Z7,A0A8J7U9Z7,test,tryptamine,Mono,False,1e-04,0.0,-1e-04,0.0058,0.0,0.9856,True
cluster31_A0A8J7U9Z7,A0A8J7U9Z7,test,tryptamine,Tri,False,0.0011,0.0005,-0.0006,0.0096,0.0069,0.9856,True
cluster31_A0A8J7U9Z7,A0A8J7U9Z7,test,tyramine,Di,False,0.01,0.0009,-0.0091,0.0179,0.0069,0.9856,True
cluster31_A0A8J7U9Z7,A0A8J7U9Z7,test,tyramine,Mono,False,0.0978,0.0106,-0.0872,0.0758,0.0264,0.9856,True
cluster31_A0A8J7U9Z7,A0A8J7U9Z7,test,tyramine,Tri,False,0.0219,0.0023,-0.0196,0.0264,0.0096,0.9856,True
cluster359_A0A357TLK7,A0A357TLK7,dev,"2,3_diaminopropionic acid",Di,False,0.0071,0.0034,-0.0037,0.0157,0.0096,0.9469,True
cluster359_A0A357TLK7,A0A357TLK7,dev,"2,3_diaminopropionic acid",Mono,False,0.0011,0.0008,-0.0003,0.0096,0.0069,0.9469,True
cluster359_A0A357TLK7,A0A357TLK7,dev,"2,3_diaminopropionic acid",Tri,False,0.1136,0.0803,-0.0333,0.0758,0.0679,0.9469,True
cluster359_A0A357TLK7,A0A357TLK7,dev,2_aminophenol,Di,False,0.0507,0.0493,-0.0014,0.0679,0.0679,0.9469,True
cluster359_A0A357TLK7,A0A357TLK7,dev,2_aminophenol,Mono,False,0.0027,0.003,0.0003,0.0096,0.0096,0.9469,True
cluster359_A0A357TLK7,A0A357TLK7,dev,2_aminophenol,Tri,False,0.1073,0.1381,0.0308,0.0758,0.1192,0.9469,True
cluster359_A0A357TLK7,A0A357TLK7,dev,3_methoxytyramine,Di,False,0.0121,0.0039,-0.0082,0.0264,0.0096,0.9469,True
cluster359_A0A357TLK7,A0A357TLK7,dev,3_methoxytyramine,Mono,False,0.0003,0.0002,-1e-04,0.0069,0.0069,0.9469,True
cluster359_A0A357TLK7,A0A357TLK7,dev,3_methoxytyramine,Tri,False,0.0196,0.01,-0.0096,0.0264,0.0179,0.9469,True
cluster359_A0A357TLK7,A0A357TLK7,dev,alanine,Di,True,0.9516,0.9039,-0.0477,0.7921,0.7921,0.9469,True
cluster359_A0A357TLK7,A0A357TLK7,dev,alanine,Mono,False,0.57,0.5445,-0.0255,0.566,0.4048,0.9469,True
cluster359_A0A357TLK7,A0A357TLK7,dev,alanine,Tri,False,0.0779,0.0657,-0.0122,0.0679,0.0679,0.9469,True
cluster359_A0A357TLK7,A0A357TLK7,dev,arginine,Di,False,1e-04,1e-04,0.0,0.0058,0.0058,0.9469,True
cluster359_A0A357TLK7,A0A357TLK7,dev,arginine,Mono,False,0.0,0.0,0.0,0.0,0.0,0.9469,True
cluster359_A0A357TLK7,A0A357TLK7,dev,arginine,Tri,False,0.0004,0.0003,-1e-04,0.0069,0.0069,0.9469,True
cluster359_A0A357TLK7,A0A357TLK7,dev,asparagine,Di,False,0.0453,0.022,-0.0233,0.0679,0.0264,0.9469,True
cluster359_A0A357TLK7,A0A357TLK7,dev,asparagine,Mono,False,0.0126,0.0068,-0.0058,0.0264,0.0157,0.9469,True
cluster359_A0A357TLK7,A0A357TLK7,dev,asparagine,Tri,True,0.9671,0.9129,-0.0542,0.8273,0.7921,0.9469,True
cluster359_A0A357TLK7,A0A357TLK7,dev,cadaverine,Di,False,0.001,0.0007,-0.0003,0.0069,0.0069,0.9469,True
cluster359_A0A357TLK7,A0A357TLK7,dev,cadaverine,Mono,False,0.0002,1e-04,-1e-04,0.0069,0.0058,0.9469,True
cluster359_A0A357TLK7,A0A357TLK7,dev,cadaverine,Tri,False,0.0025,0.0017,-0.0008,0.0096,0.0096,0.9469,True
cluster359_A0A357TLK7,A0A357TLK7,dev,citrulline,Di,False,0.0016,0.0013,-0.0003,0.0096,0.0096,0.9469,True
cluster359_A0A357TLK7,A0A357TLK7,dev,citrulline,Mono,False,0.0002,0.0002,0.0,0.0069,0.0069,0.9469,True
cluster359_A0A357TLK7,A0A357TLK7,dev,citrulline,Tri,False,0.0009,0.0009,0.0,0.0069,0.0069,0.9469,True
cluster359_A0A357TLK7,A0A357TLK7,dev,cystine,Di,False,0.0006,0.0003,-0.0003,0.0069,0.0069,0.9469,True
cluster359_A0A357TLK7,A0A357TLK7,dev,cystine,Mono,False,1e-04,0.0,-1e-04,0.0058,0.0,0.9469,True
cluster359_A0A357TLK7,A0A357TLK7,dev,cystine,Tri,False,0.001,0.0007,-0.0003,0.0069,0.0069,0.9469,True
cluster359_A0A357TLK7,A0A357TLK7,dev,dopamine,Di,False,0.097,0.0339,-0.0631,0.0758,0.0264,0.9469,True
cluster359_A0A357TLK7,A0A357TLK7,dev,dopamine,Mono,False,0.007,0.004,-0.003,0.0157,0.0096,0.9469,True
cluster359_A0A357TLK7,A0A357TLK7,dev,dopamine,Tri,True,0.9296,0.7978,-0.1318,0.7921,0.7547,0.9469,True
cluster359_A0A357TLK7,A0A357TLK7,dev,gaba,Di,True,0.9951,0.9779,-0.0172,0.8962,0.8343,0.9469,True
cluster359_A0A357TLK7,A0A357TLK7,dev,gaba,Mono,True,0.9825,0.9234,-0.0591,0.8343,0.7921,0.9469,True
cluster359_A0A357TLK7,A0A357TLK7,dev,gaba,Tri,True,0.9973,0.9885,-0.0088,0.9,0.8873,0.9469,True
cluster359_A0A357TLK7,A0A357TLK7,dev,glutamine,Di,False,0.0023,0.0017,-0.0006,0.0096,0.0096,0.9469,True
cluster359_A0A357TLK7,A0A357TLK7,dev,glutamine,Mono,False,0.0012,0.0009,-0.0003,0.0096,0.0069,0.9469,True
cluster359_A0A357TLK7,A0A357TLK7,dev,glutamine,Tri,False,0.0035,0.0028,-0.0007,0.0096,0.0096,0.9469,True
cluster359_A0A357TLK7,A0A357TLK7,dev,glyglycine,Di,False,0.0041,0.0043,0.0002,0.0096,0.0096,0.9469,True
cluster359_A0A357TLK7,A0A357TLK7,dev,glyglycine,Mono,False,0.0008,0.0012,0.0004,0.0069,0.0096,0.9469,True
cluster359_A0A357TLK7,A0A357TLK7,dev,glyglycine,Tri,False,0.019,0.0347,0.0157,0.0264,0.046,0.9469,True
cluster359_A0A357TLK7,A0A357TLK7,dev,histidine,Di,False,0.0007,0.0006,-1e-04,0.0069,0.0069,0.9469,True
cluster359_A0A357TLK7,A0A357TLK7,dev,histidine,Mono,False,0.0002,0.0002,0.0,0.0069,0.0069,0.9469,True
cluster359_A0A357TLK7,A0A357TLK7,dev,histidine,Tri,False,0.0034,0.004,0.0006,0.0096,0.0096,0.9469,True
cluster359_A0A357TLK7,A0A357TLK7,dev,lysine,Di,False,0.0177,0.0181,0.0004,0.0264,0.0264,0.9469,True
cluster359_A0A357TLK7,A0A357TLK7,dev,lysine,Mono,False,0.0011,0.0011,0.0,0.0096,0.0096,0.9469,True
cluster359_A0A357TLK7,A0A357TLK7,dev,lysine,Tri,False,0.0024,0.0019,-0.0005,0.0096,0.0096,0.9469,True
cluster359_A0A357TLK7,A0A357TLK7,dev,methionine,Di,False,0.002,0.0015,-0.0005,0.0096,0.0096,0.9469,True
cluster359_A0A357TLK7,A0A357TLK7,dev,methionine,Mono,False,0.0006,0.0005,-1e-04,0.0069,0.0069,0.9469,True
cluster359_A0A357TLK7,A0A357TLK7,dev,methionine,Tri,False,0.004,0.0034,-0.0006,0.0096,0.0096,0.9469,True
cluster359_A0A357TLK7,A0A357TLK7,dev,ornithine,Di,False,0.0023,0.0013,-0.001,0.0096,0.0096,0.9469,True
cluster359_A0A357TLK7,A0A357TLK7,dev,ornithine,Mono,False,0.0004,0.0002,-0.0002,0.0069,0.0069,0.9469,True
cluster359_A0A357TLK7,A0A357TLK7,dev,ornithine,Tri,False,0.0011,0.0007,-0.0004,0.0096,0.0069,0.9469,True
cluster359_A0A357TLK7,A0A357TLK7,dev,phenylalanine,Di,True,0.9712,0.8591,-0.1121,0.8273,0.7547,0.9469,True
cluster359_A0A357TLK7,A0A357TLK7,dev,phenylalanine,Mono,False,0.0696,0.0287,-0.0409,0.0679,0.0264,0.9469,True
cluster359_A0A357TLK7,A0A357TLK7,dev,phenylalanine,Tri,True,0.9866,0.9459,-0.0407,0.8343,0.7921,0.9469,True
cluster359_A0A357TLK7,A0A357TLK7,dev,proline,Di,False,0.0005,0.0004,-1e-04,0.0069,0.0069,0.9469,True
cluster359_A0A357TLK7,A0A357TLK7,dev,proline,Mono,False,1e-04,1e-04,0.0,0.0058,0.0058,0.9469,True
cluster359_A0A357TLK7,A0A357TLK7,dev,proline,Tri,False,0.0043,0.0038,-0.0005,0.0096,0.0096,0.9469,True
cluster359_A0A357TLK7,A0A357TLK7,dev,putrescine,Di,False,0.0012,0.0008,-0.0004,0.0096,0.0069,0.9469,True
cluster359_A0A357TLK7,A0A357TLK7,dev,putrescine,Mono,False,0.0002,1e-04,-1e-04,0.0069,0.0058,0.9469,True
cluster359_A0A357TLK7,A0A357TLK7,dev,putrescine,Tri,False,0.0029,0.002,-0.0009,0.0096,0.0096,0.9469,True
cluster359_A0A357TLK7,A0A357TLK7,dev,serine,Di,False,0.04,0.0333,-0.0067,0.046,0.0264,0.9469,True
cluster359_A0A357TLK7,A0A357TLK7,dev,serine,Mono,False,0.0237,0.0376,0.0139,0.0264,0.046,0.9469,True
cluster359_A0A357TLK7,A0A357TLK7,dev,serine,Tri,False,0.0096,0.0088,-0.0008,0.0179,0.0179,0.9469,True
cluster359_A0A357TLK7,A0A357TLK7,dev,serotonin,Di,False,0.0003,0.0002,-1e-04,0.0069,0.0069,0.9469,True
cluster359_A0A357TLK7,A0A357TLK7,dev,serotonin,Mono,False,0.0011,0.0008,-0.0003,0.0096,0.0069,0.9469,True
cluster359_A0A357TLK7,A0A357TLK7,dev,serotonin,Tri,False,0.0006,0.0005,-1e-04,0.0069,0.0069,0.9469,True
cluster359_A0A357TLK7,A0A357TLK7,dev,threonine,Di,False,0.0014,0.001,-0.0004,0.0096,0.0096,0.9469,True
cluster359_A0A357TLK7,A0A357TLK7,dev,threonine,Mono,False,0.0021,0.0033,0.0012,0.0096,0.0096,0.9469,True
cluster359_A0A357TLK7,A0A357TLK7,dev,threonine,Tri,False,0.0002,0.0002,0.0,0.0069,0.0069,0.9469,True
cluster359_A0A357TLK7,A0A357TLK7,dev,tryptamine,Di,False,0.0002,1e-04,-1e-04,0.0069,0.0058,0.9469,True
cluster359_A0A357TLK7,A0A357TLK7,dev,tryptamine,Mono,False,0.0,0.0,0.0,0.0,0.0,0.9469,True
cluster359_A0A357TLK7,A0A357TLK7,dev,tryptamine,Tri,False,0.0005,0.0004,-1e-04,0.0069,0.0069,0.9469,True
cluster359_A0A357TLK7,A0A357TLK7,dev,tyramine,Di,False,0.0062,0.0024,-0.0038,0.0157,0.0096,0.9469,True
cluster359_A0A357TLK7,A0A357TLK7,dev,tyramine,Mono,False,0.0395,0.0268,-0.0127,0.046,0.0264,0.9469,True
cluster359_A0A357TLK7,A0A357TLK7,dev,tyramine,Tri,False,0.0156,0.008,-0.0076,0.0264,0.0167,0.9469,True
cluster362_A0A6N3FX58,A0A6N3FX58,,"2,3_diaminopropionic acid",Di,,0.0733,0.0496,-0.0237,0.0679,0.0679,0.9866,True
cluster362_A0A6N3FX58,A0A6N3FX58,,"2,3_diaminopropionic acid",Mono,,0.0185,0.013,-0.0055,0.0264,0.0264,0.9866,True
cluster362_A0A6N3FX58,A0A6N3FX58,,"2,3_diaminopropionic acid",Tri,,0.262,0.5049,0.2429,0.1538,0.4048,0.9866,True
cluster362_A0A6N3FX58,A0A6N3FX58,,2_aminophenol,Di,,0.6411,0.744,0.1029,0.5862,0.7234,0.9866,True
cluster362_A0A6N3FX58,A0A6N3FX58,,2_aminophenol,Mono,,0.1098,0.1321,0.0223,0.0758,0.1192,0.9866,True
cluster362_A0A6N3FX58,A0A6N3FX58,,2_aminophenol,Tri,,0.5884,0.8315,0.2431,0.566,0.7547,0.9866,True
cluster362_A0A6N3FX58,A0A6N3FX58,,3_methoxytyramine,Di,,0.4316,0.102,-0.3296,0.37,0.0758,0.9866,True
cluster362_A0A6N3FX58,A0A6N3FX58,,3_methoxytyramine,Mono,,0.0117,0.0056,-0.0061,0.0264,0.0157,0.9866,True
cluster362_A0A6N3FX58,A0A6N3FX58,,3_methoxytyramine,Tri,,0.0744,0.0833,0.0089,0.0679,0.0741,0.9866,True
cluster362_A0A6N3FX58,A0A6N3FX58,,alanine,Di,,0.8321,0.9438,0.1117,0.7547,0.7921,0.9866,True
cluster362_A0A6N3FX58,A0A6N3FX58,,alanine,Mono,,0.3792,0.7103,0.3311,0.2642,0.6364,0.9866,True
cluster362_A0A6N3FX58,A0A6N3FX58,,alanine,Tri,,0.0429,0.2817,0.2388,0.0679,0.1867,0.9866,True
cluster362_A0A6N3FX58,A0A6N3FX58,,arginine,Di,,0.0029,0.001,-0.0019,0.0096,0.0069,0.9866,True
cluster362_A0A6N3FX58,A0A6N3FX58,,arginine,Mono,,0.0009,0.0004,-0.0005,0.0069,0.0069,0.9866,True
cluster362_A0A6N3FX58,A0A6N3FX58,,arginine,Tri,,0.003,0.0035,0.0005,0.0096,0.0096,0.9866,True
cluster362_A0A6N3FX58,A0A6N3FX58,,asparagine,Di,,0.0205,0.0443,0.0238,0.0264,0.0679,0.9866,True
cluster362_A0A6N3FX58,A0A6N3FX58,,asparagine,Mono,,0.0099,0.017,0.0071,0.0179,0.0264,0.9866,True
cluster362_A0A6N3FX58,A0A6N3FX58,,asparagine,Tri,,0.7579,0.9241,0.1662,0.7234,0.7921,0.9866,True
cluster362_A0A6N3FX58,A0A6N3FX58,,cadaverine,Di,,0.0019,0.0052,0.0033,0.0096,0.0157,0.9866,True
cluster362_A0A6N3FX58,A0A6N3FX58,,cadaverine,Mono,,0.0007,0.0012,0.0005,0.0069,0.0096,0.9866,True
cluster362_A0A6N3FX58,A0A6N3FX58,,cadaverine,Tri,,0.0019,0.0111,0.0092,0.0096,0.0264,0.9866,True
cluster362_A0A6N3FX58,A0A6N3FX58,,citrulline,Di,,0.0089,0.0128,0.0039,0.0179,0.0264,0.9866,True
cluster362_A0A6N3FX58,A0A6N3FX58,,citrulline,Mono,,0.0024,0.0025,1e-04,0.0096,0.0096,0.9866,True
cluster362_A0A6N3FX58,A0A6N3FX58,,citrulline,Tri,,0.0027,0.0074,0.0047,0.0096,0.0167,0.9866,True
cluster362_A0A6N3FX58,A0A6N3FX58,,cystine,Di,,0.008,0.0083,0.0003,0.0167,0.0167,0.9866,True
cluster362_A0A6N3FX58,A0A6N3FX58,,cystine,Mono,,0.0008,0.001,0.0002,0.0069,0.0069,0.9866,True
cluster362_A0A6N3FX58,A0A6N3FX58,,cystine,Tri,,0.0035,0.0085,0.005,0.0096,0.0167,0.9866,True
cluster362_A0A6N3FX58,A0A6N3FX58,,dopamine,Di,,0.2678,0.1552,-0.1126,0.1867,0.1192,0.9866,True
cluster362_A0A6N3FX58,A0A6N3FX58,,dopamine,Mono,,0.0449,0.027,-0.0179,0.0679,0.0264,0.9866,True
cluster362_A0A6N3FX58,A0A6N3FX58,,dopamine,Tri,,0.7848,0.871,0.0862,0.7234,0.7547,0.9866,True
cluster362_A0A6N3FX58,A0A6N3FX58,,gaba,Di,,0.7001,0.9264,0.2263,0.6364,0.7921,0.9866,True
cluster362_A0A6N3FX58,A0A6N3FX58,,gaba,Mono,,0.4993,0.7789,0.2796,0.4048,0.7234,0.9866,True
cluster362_A0A6N3FX58,A0A6N3FX58,,gaba,Tri,,0.6842,0.9486,0.2644,0.5862,0.7921,0.9866,True
cluster362_A0A6N3FX58,A0A6N3FX58,,glutamine,Di,,0.0174,0.0099,-0.0075,0.0264,0.0179,0.9866,True
cluster362_A0A6N3FX58,A0A6N3FX58,,glutamine,Mono,,0.0163,0.0089,-0.0074,0.0264,0.0179,0.9866,True
cluster362_A0A6N3FX58,A0A6N3FX58,,glutamine,Tri,,0.0094,0.013,0.0036,0.0179,0.0264,0.9866,True
cluster362_A0A6N3FX58,A0A6N3FX58,,glyglycine,Di,,0.0043,0.0095,0.0052,0.0096,0.0179,0.9866,True
cluster362_A0A6N3FX58,A0A6N3FX58,,glyglycine,Mono,,0.0016,0.0028,0.0012,0.0096,0.0096,0.9866,True
cluster362_A0A6N3FX58,A0A6N3FX58,,glyglycine,Tri,,0.0085,0.0642,0.0557,0.0167,0.0679,0.9866,True
cluster362_A0A6N3FX58,A0A6N3FX58,,histidine,Di,,0.001,0.0035,0.0025,0.0096,0.0096,0.9866,True
cluster362_A0A6N3FX58,A0A6N3FX58,,histidine,Mono,,0.0012,0.0021,0.0009,0.0096,0.0096,0.9866,True
cluster362_A0A6N3FX58,A0A6N3FX58,,histidine,Tri,,0.0039,0.0153,0.0114,0.0096,0.0264,0.9866,True
cluster362_A0A6N3FX58,A0A6N3FX58,,lysine,Di,,0.0598,0.0646,0.0048,0.0679,0.0679,0.9866,True
cluster362_A0A6N3FX58,A0A6N3FX58,,lysine,Mono,,0.0106,0.0063,-0.0043,0.0264,0.0157,0.9866,True
cluster362_A0A6N3FX58,A0A6N3FX58,,lysine,Tri,,0.0058,0.0077,0.0019,0.0157,0.0167,0.9866,True
cluster362_A0A6N3FX58,A0A6N3FX58,,methionine,Di,,0.0175,0.0217,0.0042,0.0264,0.0264,0.9866,True
cluster362_A0A6N3FX58,A0A6N3FX58,,methionine,Mono,,0.0074,0.0093,0.0019,0.0167,0.0179,0.9866,True
cluster362_A0A6N3FX58,A0A6N3FX58,,methionine,Tri,,0.0111,0.0316,0.0205,0.0264,0.0264,0.9866,True
cluster362_A0A6N3FX58,A0A6N3FX58,,ornithine,Di,,0.1643,0.0354,-0.1289,0.1192,0.046,0.9866,True
cluster362_A0A6N3FX58,A0A6N3FX58,,ornithine,Mono,,0.0577,0.0087,-0.049,0.0679,0.0179,0.9866,True
cluster362_A0A6N3FX58,A0A6N3FX58,,ornithine,Tri,,0.0326,0.014,-0.0186,0.0264,0.0264,0.9866,True
cluster362_A0A6N3FX58,A0A6N3FX58,,phenylalanine,Di,,0.8645,0.9566,0.0921,0.7547,0.7921,0.9866,True
cluster362_A0A6N3FX58,A0A6N3FX58,,phenylalanine,Mono,,0.0683,0.1492,0.0809,0.0679,0.1192,0.9866,True
cluster362_A0A6N3FX58,A0A6N3FX58,,phenylalanine,Tri,,0.8546,0.9739,0.1193,0.7547,0.8273,0.9866,True
cluster362_A0A6N3FX58,A0A6N3FX58,,proline,Di,,0.002,0.0028,0.0008,0.0096,0.0096,0.9866,True
cluster362_A0A6N3FX58,A0A6N3FX58,,proline,Mono,,0.0023,0.0012,-0.0011,0.0096,0.0096,0.9866,True
cluster362_A0A6N3FX58,A0A6N3FX58,,proline,Tri,,0.0145,0.0301,0.0156,0.0264,0.0264,0.9866,True
cluster362_A0A6N3FX58,A0A6N3FX58,,putrescine,Di,,0.0023,0.0062,0.0039,0.0096,0.0157,0.9866,True
cluster362_A0A6N3FX58,A0A6N3FX58,,putrescine,Mono,,0.0007,0.0013,0.0006,0.0069,0.0096,0.9866,True
cluster362_A0A6N3FX58,A0A6N3FX58,,putrescine,Tri,,0.0022,0.0133,0.0111,0.0096,0.0264,0.9866,True
cluster362_A0A6N3FX58,A0A6N3FX58,,serine,Di,,0.0264,0.1964,0.17,0.0264,0.1317,0.9866,True
cluster362_A0A6N3FX58,A0A6N3FX58,,serine,Mono,,0.0187,0.1212,0.1025,0.0264,0.0781,0.9866,True
cluster362_A0A6N3FX58,A0A6N3FX58,,serine,Tri,,0.004,0.0312,0.0272,0.0096,0.0264,0.9866,True
cluster362_A0A6N3FX58,A0A6N3FX58,,serotonin,Di,,0.0068,0.0018,-0.005,0.0157,0.0096,0.9866,True
cluster362_A0A6N3FX58,A0A6N3FX58,,serotonin,Mono,,0.1133,0.0146,-0.0987,0.0758,0.0264,0.9866,True
cluster362_A0A6N3FX58,A0A6N3FX58,,serotonin,Tri,,0.0091,0.0045,-0.0046,0.0179,0.0096,0.9866,True
cluster362_A0A6N3FX58,A0A6N3FX58,,threonine,Di,,0.0051,0.0136,0.0085,0.0157,0.0264,0.9866,True
cluster362_A0A6N3FX58,A0A6N3FX58,,threonine,Mono,,0.0081,0.0249,0.0168,0.0167,0.0264,0.9866,True
cluster362_A0A6N3FX58,A0A6N3FX58,,threonine,Tri,,0.0004,0.0015,0.0011,0.0069,0.0096,0.9866,True
cluster362_A0A6N3FX58,A0A6N3FX58,,tryptamine,Di,,0.002,0.0023,0.0003,0.0096,0.0096,0.9866,True
cluster362_A0A6N3FX58,A0A6N3FX58,,tryptamine,Mono,,0.0011,0.0005,-0.0006,0.0096,0.0069,0.9866,True
cluster362_A0A6N3FX58,A0A6N3FX58,,tryptamine,Tri,,0.0036,0.0082,0.0046,0.0096,0.0167,0.9866,True
cluster362_A0A6N3FX58,A0A6N3FX58,,tyramine,Di,,0.0252,0.0159,-0.0093,0.0264,0.0264,0.9866,True
cluster362_A0A6N3FX58,A0A6N3FX58,,tyramine,Mono,,0.2119,0.169,-0.0429,0.1317,0.1317,0.9866,True
cluster362_A0A6N3FX58,A0A6N3FX58,,tyramine,Tri,,0.02,0.0316,0.0116,0.0264,0.0264,0.9866,True
cluster363_A0A3N2MZX6,A0A3N2MZX6,dev,"2,3_diaminopropionic acid",Di,False,0.0686,0.0138,-0.0548,0.0679,0.0264,0.9906,True
cluster363_A0A3N2MZX6,A0A3N2MZX6,dev,"2,3_diaminopropionic acid",Mono,False,0.0183,0.0033,-0.015,0.0264,0.0096,0.9906,True
cluster363_A0A3N2MZX6,A0A3N2MZX6,dev,"2,3_diaminopropionic acid",Tri,False,0.421,0.2296,-0.1914,0.37,0.1466,0.9906,True
cluster363_A0A3N2MZX6,A0A3N2MZX6,dev,2_aminophenol,Di,True,0.8919,0.3708,-0.5211,0.7547,0.2642,0.9906,True
cluster363_A0A3N2MZX6,A0A3N2MZX6,dev,2_aminophenol,Mono,False,0.2835,0.0216,-0.2619,0.1867,0.0264,0.9906,True
cluster363_A0A3N2MZX6,A0A3N2MZX6,dev,2_aminophenol,Tri,True,0.926,0.5895,-0.3365,0.7921,0.566,0.9906,True
cluster363_A0A3N2MZX6,A0A3N2MZX6,dev,3_methoxytyramine,Di,True,0.8048,0.035,-0.7698,0.7547,0.046,0.9906,True
cluster363_A0A3N2MZX6,A0A3N2MZX6,dev,3_methoxytyramine,Mono,False,0.0713,0.002,-0.0693,0.0679,0.0096,0.9906,True
cluster363_A0A3N2MZX6,A0A3N2MZX6,dev,3_methoxytyramine,Tri,False,0.5085,0.059,-0.4495,0.4048,0.0679,0.9906,True
cluster363_A0A3N2MZX6,A0A3N2MZX6,dev,alanine,Di,True,0.9838,0.9709,-0.0129,0.8343,0.8273,0.9906,True
cluster363_A0A3N2MZX6,A0A3N2MZX6,dev,alanine,Mono,False,0.8784,0.8485,-0.0299,0.7547,0.7547,0.9906,True
cluster363_A0A3N2MZX6,A0A3N2MZX6,dev,alanine,Tri,False,0.2916,0.3644,0.0728,0.1867,0.2642,0.9906,True
cluster363_A0A3N2MZX6,A0A3N2MZX6,dev,arginine,Di,False,0.0007,0.0002,-0.0005,0.0069,0.0069,0.9906,True
cluster363_A0A3N2MZX6,A0A3N2MZX6,dev,arginine,Mono,False,0.0002,1e-04,-1e-04,0.0069,0.0058,0.9906,True
cluster363_A0A3N2MZX6,A0A3N2MZX6,dev,arginine,Tri,False,0.0015,0.0009,-0.0006,0.0096,0.0069,0.9906,True
cluster363_A0A3N2MZX6,A0A3N2MZX6,dev,asparagine,Di,False,0.1631,0.0406,-0.1225,0.1192,0.046,0.9906,True
cluster363_A0A3N2MZX6,A0A3N2MZX6,dev,asparagine,Mono,False,0.0557,0.0122,-0.0435,0.0679,0.0264,0.9906,True
cluster363_A0A3N2MZX6,A0A3N2MZX6,dev,asparagine,Tri,True,0.9674,0.9049,-0.0625,0.8273,0.7921,0.9906,True
cluster363_A0A3N2MZX6,A0A3N2MZX6,dev,cadaverine,Di,False,0.0152,0.0026,-0.0126,0.0264,0.0096,0.9906,True
cluster363_A0A3N2MZX6,A0A3N2MZX6,dev,cadaverine,Mono,False,0.0035,0.0006,-0.0029,0.0096,0.0069,0.9906,True
cluster363_A0A3N2MZX6,A0A3N2MZX6,dev,cadaverine,Tri,False,0.0184,0.0067,-0.0117,0.0264,0.0157,0.9906,True
cluster363_A0A3N2MZX6,A0A3N2MZX6,dev,citrulline,Di,False,0.0071,0.0027,-0.0044,0.0157,0.0096,0.9906,True
cluster363_A0A3N2MZX6,A0A3N2MZX6,dev,citrulline,Mono,False,0.0019,0.0006,-0.0013,0.0096,0.0069,0.9906,True
cluster363_A0A3N2MZX6,A0A3N2MZX6,dev,citrulline,Tri,False,0.0035,0.002,-0.0015,0.0096,0.0096,0.9906,True
cluster363_A0A3N2MZX6,A0A3N2MZX6,dev,cystine,Di,False,0.027,0.0018,-0.0252,0.0264,0.0096,0.9906,True
cluster363_A0A3N2MZX6,A0A3N2MZX6,dev,cystine,Mono,False,0.0026,0.0002,-0.0024,0.0096,0.0069,0.9906,True
cluster363_A0A3N2MZX6,A0A3N2MZX6,dev,cystine,Tri,False,0.0178,0.0028,-0.015,0.0264,0.0096,0.9906,True
cluster363_A0A3N2MZX6,A0A3N2MZX6,dev,dopamine,Di,True,0.8484,0.2486,-0.5998,0.7547,0.1466,0.9906,True
cluster363_A0A3N2MZX6,A0A3N2MZX6,dev,dopamine,Mono,False,0.3824,0.041,-0.3414,0.2642,0.046,0.9906,True
cluster363_A0A3N2MZX6,A0A3N2MZX6,dev,dopamine,Tri,True,0.9901,0.9316,-0.0585,0.8873,0.7921,0.9906,True
cluster363_A0A3N2MZX6,A0A3N2MZX6,dev,gaba,Di,True,0.9967,0.9865,-0.0102,0.9,0.8343,0.9906,True
cluster363_A0A3N2MZX6,A0A3N2MZX6,dev,gaba,Mono,True,0.9923,0.96,-0.0323,0.8962,0.7921,0.9906,True
cluster363_A0A3N2MZX6,A0A3N2MZX6,dev,gaba,Tri,True,0.9972,0.9929,-0.0043,0.9,0.8962,0.9906,True
cluster363_A0A3N2MZX6,A0A3N2MZX6,dev,glutamine,Di,False,0.0205,0.005,-0.0155,0.0264,0.0097,0.9906,True
cluster363_A0A3N2MZX6,A0A3N2MZX6,dev,glutamine,Mono,False,0.0183,0.0038,-0.0145,0.0264,0.0096,0.9906,True
cluster363_A0A3N2MZX6,A0A3N2MZX6,dev,glutamine,Tri,False,0.0208,0.0084,-0.0124,0.0264,0.0167,0.9906,True
cluster363_A0A3N2MZX6,A0A3N2MZX6,dev,glyglycine,Di,False,0.027,0.0133,-0.0137,0.0264,0.0264,0.9906,True
cluster363_A0A3N2MZX6,A0A3N2MZX6,dev,glyglycine,Mono,False,0.0088,0.0041,-0.0047,0.0179,0.0096,0.9906,True
cluster363_A0A3N2MZX6,A0A3N2MZX6,dev,glyglycine,Tri,False,0.0744,0.0754,0.001,0.0679,0.0679,0.9906,True
cluster363_A0A3N2MZX6,A0A3N2MZX6,dev,histidine,Di,False,0.0095,0.0029,-0.0066,0.0179,0.0096,0.9906,True
cluster363_A0A3N2MZX6,A0A3N2MZX6,dev,histidine,Mono,False,0.007,0.0017,-0.0053,0.0157,0.0096,0.9906,True
cluster363_A0A3N2MZX6,A0A3N2MZX6,dev,histidine,Tri,False,0.0262,0.0121,-0.0141,0.0264,0.0264,0.9906,True
cluster363_A0A3N2MZX6,A0A3N2MZX6,dev,lysine,Di,False,0.1824,0.0657,-0.1167,0.1317,0.0679,0.9906,True
cluster363_A0A3N2MZX6,A0A3N2MZX6,dev,lysine,Mono,False,0.0175,0.0036,-0.0139,0.0264,0.0096,0.9906,True
cluster363_A0A3N2MZX6,A0A3N2MZX6,dev,lysine,Tri,False,0.0174,0.0065,-0.0109,0.0264,0.0157,0.9906,True
cluster363_A0A3N2MZX6,A0A3N2MZX6,dev,methionine,Di,False,0.0286,0.0066,-0.022,0.0264,0.0157,0.9906,True
cluster363_A0A3N2MZX6,A0A3N2MZX6,dev,methionine,Mono,False,0.0116,0.0027,-0.0089,0.0264,0.0096,0.9906,True
cluster363_A0A3N2MZX6,A0A3N2MZX6,dev,methionine,Tri,False,0.0333,0.0134,-0.0199,0.0264,0.0264,0.9906,True
cluster363_A0A3N2MZX6,A0A3N2MZX6,dev,ornithine,Di,False,0.0293,0.005,-0.0243,0.0264,0.0097,0.9906,True
cluster363_A0A3N2MZX6,A0A3N2MZX6,dev,ornithine,Mono,False,0.0082,0.0012,-0.007,0.0167,0.0096,0.9906,True
cluster363_A0A3N2MZX6,A0A3N2MZX6,dev,ornithine,Tri,False,0.0116,0.0035,-0.0081,0.0264,0.0096,0.9906,True
cluster363_A0A3N2MZX6,A0A3N2MZX6,dev,phenylalanine,Di,True,0.9904,0.939,-0.0514,0.8873,0.7921,0.9906,True
cluster363_A0A3N2MZX6,A0A3N2MZX6,dev,phenylalanine,Mono,False,0.3079,0.106,-0.2019,0.22,0.0758,0.9906,True
cluster363_A0A3N2MZX6,A0A3N2MZX6,dev,phenylalanine,Tri,True,0.9927,0.9698,-0.0229,0.8962,0.8273,0.9906,True
cluster363_A0A3N2MZX6,A0A3N2MZX6,dev,proline,Di,False,0.0065,0.0014,-0.0051,0.0157,0.0096,0.9906,True
cluster363_A0A3N2MZX6,A0A3N2MZX6,dev,proline,Mono,False,0.0033,0.0005,-0.0028,0.0096,0.0069,0.9906,True
cluster363_A0A3N2MZX6,A0A3N2MZX6,dev,proline,Tri,False,0.0379,0.0119,-0.026,0.046,0.0264,0.9906,True
cluster363_A0A3N2MZX6,A0A3N2MZX6,dev,putrescine,Di,False,0.0172,0.003,-0.0142,0.0264,0.0096,0.9906,True
cluster363_A0A3N2MZX6,A0A3N2MZX6,dev,putrescine,Mono,False,0.0039,0.0006,-0.0033,0.0096,0.0069,0.9906,True
cluster363_A0A3N2MZX6,A0A3N2MZX6,dev,putrescine,Tri,False,0.021,0.0078,-0.0132,0.0264,0.0167,0.9906,True
cluster363_A0A3N2MZX6,A0A3N2MZX6,dev,serine,Di,False,0.2861,0.134,-0.1521,0.1867,0.1192,0.9906,True
cluster363_A0A3N2MZX6,A0A3N2MZX6,dev,serine,Mono,False,0.214,0.1323,-0.0817,0.1317,0.1192,0.9906,True
cluster363_A0A3N2MZX6,A0A3N2MZX6,dev,serine,Tri,False,0.0736,0.0396,-0.034,0.0679,0.046,0.9906,True
cluster363_A0A3N2MZX6,A0A3N2MZX6,dev,serotonin,Di,False,0.0909,0.0026,-0.0883,0.0758,0.0096,0.9906,True
cluster363_A0A3N2MZX6,A0A3N2MZX6,dev,serotonin,Mono,True,0.6468,0.0259,-0.6209,0.5862,0.0264,0.9906,True
cluster363_A0A3N2MZX6,A0A3N2MZX6,dev,serotonin,Tri,False,0.1066,0.0064,-0.1002,0.0758,0.0157,0.9906,True
cluster363_A0A3N2MZX6,A0A3N2MZX6,dev,threonine,Di,False,0.012,0.0066,-0.0054,0.0264,0.0157,0.9906,True
cluster363_A0A3N2MZX6,A0A3N2MZX6,dev,threonine,Mono,False,0.0241,0.0224,-0.0017,0.0264,0.0264,0.9906,True
cluster363_A0A3N2MZX6,A0A3N2MZX6,dev,threonine,Tri,False,0.0016,0.0014,-0.0002,0.0096,0.0096,0.9906,True
cluster363_A0A3N2MZX6,A0A3N2MZX6,dev,tryptamine,Di,False,0.021,0.0014,-0.0196,0.0264,0.0096,0.9906,True
cluster363_A0A3N2MZX6,A0A3N2MZX6,dev,tryptamine,Mono,False,0.0037,0.0002,-0.0035,0.0096,0.0069,0.9906,True
cluster363_A0A3N2MZX6,A0A3N2MZX6,dev,tryptamine,Tri,False,0.0298,0.0038,-0.026,0.0264,0.0096,0.9906,True
cluster363_A0A3N2MZX6,A0A3N2MZX6,dev,tyramine,Di,False,0.2106,0.0193,-0.1913,0.1317,0.0264,0.9906,True
cluster363_A0A3N2MZX6,A0A3N2MZX6,dev,tyramine,Mono,True,0.8511,0.2841,-0.567,0.7547,0.1867,0.9906,True
cluster363_A0A3N2MZX6,A0A3N2MZX6,dev,tyramine,Tri,False,0.2335,0.048,-0.1855,0.1466,0.0679,0.9906,True
cluster365_R7PBA0,R7PBA0,dev,"2,3_diaminopropionic acid",Di,False,0.068,0.0411,-0.0269,0.0679,0.046,0.9909,True
cluster365_R7PBA0,R7PBA0,dev,"2,3_diaminopropionic acid",Mono,False,0.0136,0.0099,-0.0037,0.0264,0.0179,0.9909,True
cluster365_R7PBA0,R7PBA0,dev,"2,3_diaminopropionic acid",Tri,False,0.3732,0.4757,0.1025,0.2642,0.37,0.9909,True
cluster365_R7PBA0,R7PBA0,dev,2_aminophenol,Di,True,0.9054,0.8113,-0.0941,0.7921,0.7547,0.9909,True
cluster365_R7PBA0,R7PBA0,dev,2_aminophenol,Mono,False,0.2527,0.1518,-0.1009,0.1466,0.1192,0.9909,True
cluster365_R7PBA0,R7PBA0,dev,2_aminophenol,Tri,True,0.9123,0.874,-0.0383,0.7921,0.7547,0.9909,True
cluster365_R7PBA0,R7PBA0,dev,3_methoxytyramine,Di,True,0.824,0.1313,-0.6927,0.7547,0.1192,0.9909,True
cluster365_R7PBA0,R7PBA0,dev,3_methoxytyramine,Mono,False,0.0411,0.007,-0.0341,0.046,0.0157,0.9909,True
cluster365_R7PBA0,R7PBA0,dev,3_methoxytyramine,Tri,False,0.3692,0.1268,-0.2424,0.2642,0.0781,0.9909,True
cluster365_R7PBA0,R7PBA0,dev,alanine,Di,True,0.9262,0.9449,0.0187,0.7921,0.7921,0.9909,True
cluster365_R7PBA0,R7PBA0,dev,alanine,Mono,False,0.4938,0.6437,0.1499,0.4048,0.5862,0.9909,True
cluster365_R7PBA0,R7PBA0,dev,alanine,Tri,False,0.0642,0.0867,0.0225,0.0679,0.0758,0.9909,True
cluster365_R7PBA0,R7PBA0,dev,arginine,Di,False,0.0012,0.0011,-1e-04,0.0096,0.0096,0.9909,True
cluster365_R7PBA0,R7PBA0,dev,arginine,Mono,False,0.0003,0.0003,0.0,0.0069,0.0069,0.9909,True
cluster365_R7PBA0,R7PBA0,dev,arginine,Tri,False,0.002,0.0032,0.0012,0.0096,0.0096,0.9909,True
cluster365_R7PBA0,R7PBA0,dev,asparagine,Di,False,0.0575,0.0471,-0.0104,0.0679,0.0679,0.9909,True
cluster365_R7PBA0,R7PBA0,dev,asparagine,Mono,False,0.0179,0.015,-0.0029,0.0264,0.0264,0.9909,True
cluster365_R7PBA0,R7PBA0,dev,asparagine,Tri,True,0.9362,0.9336,-0.0026,0.7921,0.7921,0.9909,True
cluster365_R7PBA0,R7PBA0,dev,cadaverine,Di,False,0.0047,0.0038,-0.0009,0.0097,0.0096,0.9909,True
cluster365_R7PBA0,R7PBA0,dev,cadaverine,Mono,False,0.0009,0.0008,-1e-04,0.0069,0.0069,0.9909,True
cluster365_R7PBA0,R7PBA0,dev,cadaverine,Tri,False,0.0051,0.0083,0.0032,0.0157,0.0167,0.9909,True
cluster365_R7PBA0,R7PBA0,dev,citrulline,Di,False,0.0066,0.0073,0.0007,0.0157,0.0167,0.9909,True
cluster365_R7PBA0,R7PBA0,dev,citrulline,Mono,False,0.0015,0.0015,0.0,0.0096,0.0096,0.9909,True
cluster365_R7PBA0,R7PBA0,dev,citrulline,Tri,False,0.0024,0.0033,0.0009,0.0096,0.0096,0.9909,True
cluster365_R7PBA0,R7PBA0,dev,cystine,Di,False,0.0264,0.0074,-0.019,0.0264,0.0167,0.9909,True
cluster365_R7PBA0,R7PBA0,dev,cystine,Mono,False,0.0017,0.001,-0.0007,0.0096,0.0069,0.9909,True
cluster365_R7PBA0,R7PBA0,dev,cystine,Tri,False,0.0126,0.0097,-0.0029,0.0264,0.0179,0.9909,True
cluster365_R7PBA0,R7PBA0,dev,dopamine,Di,False,0.4645,0.1839,-0.2806,0.37,0.1317,0.9909,True
cluster365_R7PBA0,R7PBA0,dev,dopamine,Mono,False,0.0687,0.0269,-0.0418,0.0679,0.0264,0.9909,True
cluster365_R7PBA0,R7PBA0,dev,dopamine,Tri,True,0.9322,0.8855,-0.0467,0.7921,0.7547,0.9909,True
cluster365_R7PBA0,R7PBA0,dev,gaba,Di,False,0.9417,0.9613,0.0196,0.7921,0.7921,0.9909,True
cluster365_R7PBA0,R7PBA0,dev,gaba,Mono,True,0.8566,0.8948,0.0382,0.7547,0.7547,0.9909,True
cluster365_R7PBA0,R7PBA0,dev,gaba,Tri,True,0.9504,0.9763,0.0259,0.7921,0.8343,0.9909,True
cluster365_R7PBA0,R7PBA0,dev,glutamine,Di,False,0.0095,0.0092,-0.0003,0.0179,0.0179,0.9909,True
cluster365_R7PBA0,R7PBA0,dev,glutamine,Mono,False,0.007,0.0083,0.0013,0.0157,0.0167,0.9909,True
cluster365_R7PBA0,R7PBA0,dev,glutamine,Tri,False,0.0062,0.01,0.0038,0.0157,0.0179,0.9909,True
cluster365_R7PBA0,R7PBA0,dev,glyglycine,Di,False,0.0098,0.0077,-0.0021,0.0179,0.0167,0.9909,True
cluster365_R7PBA0,R7PBA0,dev,glyglycine,Mono,False,0.0023,0.0024,1e-04,0.0096,0.0096,0.9909,True
cluster365_R7PBA0,R7PBA0,dev,glyglycine,Tri,False,0.018,0.0322,0.0142,0.0264,0.0264,0.9909,True
cluster365_R7PBA0,R7PBA0,dev,histidine,Di,False,0.0017,0.002,0.0003,0.0096,0.0096,0.9909,True
cluster365_R7PBA0,R7PBA0,dev,histidine,Mono,False,0.0009,0.0009,0.0,0.0069,0.0069,0.9909,True
cluster365_R7PBA0,R7PBA0,dev,histidine,Tri,False,0.0052,0.0075,0.0023,0.0157,0.0167,0.9909,True
cluster365_R7PBA0,R7PBA0,dev,lysine,Di,False,0.0372,0.0663,0.0291,0.046,0.0679,0.9909,True
cluster365_R7PBA0,R7PBA0,dev,lysine,Mono,False,0.0046,0.0052,0.0006,0.0096,0.0157,0.9909,True
cluster365_R7PBA0,R7PBA0,dev,lysine,Tri,False,0.0043,0.0064,0.0021,0.0096,0.0157,0.9909,True
cluster365_R7PBA0,R7PBA0,dev,methionine,Di,False,0.0214,0.023,0.0016,0.0264,0.0264,0.9909,True
cluster365_R7PBA0,R7PBA0,dev,methionine,Mono,False,0.0065,0.0109,0.0044,0.0157,0.0264,0.9909,True
cluster365_R7PBA0,R7PBA0,dev,methionine,Tri,False,0.0155,0.0291,0.0136,0.0264,0.0264,0.9909,True
cluster365_R7PBA0,R7PBA0,dev,ornithine,Di,False,0.0452,0.0195,-0.0257,0.0679,0.0264,0.9909,True
cluster365_R7PBA0,R7PBA0,dev,ornithine,Mono,False,0.0108,0.0049,-0.0059,0.0264,0.0097,0.9909,True
cluster365_R7PBA0,R7PBA0,dev,ornithine,Tri,False,0.0113,0.0077,-0.0036,0.0264,0.0167,0.9909,True
cluster365_R7PBA0,R7PBA0,dev,phenylalanine,Di,True,0.9735,0.9629,-0.0106,0.8273,0.7921,0.9909,True
cluster365_R7PBA0,R7PBA0,dev,phenylalanine,Mono,False,0.148,0.1184,-0.0296,0.1192,0.0758,0.9909,True
cluster365_R7PBA0,R7PBA0,dev,phenylalanine,Tri,True,0.9753,0.9743,-0.001,0.8333,0.8273,0.9909,True
cluster365_R7PBA0,R7PBA0,dev,proline,Di,False,0.0015,0.0013,-0.0002,0.0096,0.0096,0.9909,True
cluster365_R7PBA0,R7PBA0,dev,proline,Mono,False,0.0007,0.0005,-0.0002,0.0069,0.0069,0.9909,True
cluster365_R7PBA0,R7PBA0,dev,proline,Tri,False,0.009,0.0099,0.0009,0.0179,0.0179,0.9909,True
cluster365_R7PBA0,R7PBA0,dev,putrescine,Di,False,0.0056,0.0043,-0.0013,0.0157,0.0096,0.9909,True
cluster365_R7PBA0,R7PBA0,dev,putrescine,Mono,False,0.001,0.0009,-1e-04,0.0069,0.0069,0.9909,True
cluster365_R7PBA0,R7PBA0,dev,putrescine,Tri,False,0.0061,0.0095,0.0034,0.0157,0.0179,0.9909,True
cluster365_R7PBA0,R7PBA0,dev,serine,Di,False,0.0771,0.122,0.0449,0.0679,0.0781,0.9909,True
cluster365_R7PBA0,R7PBA0,dev,serine,Mono,False,0.0335,0.0554,0.0219,0.0264,0.0679,0.9909,True
cluster365_R7PBA0,R7PBA0,dev,serine,Tri,False,0.0121,0.0248,0.0127,0.0264,0.0264,0.9909,True
cluster365_R7PBA0,R7PBA0,dev,serotonin,Di,False,0.0044,0.0021,-0.0023,0.0096,0.0096,0.9909,True
cluster365_R7PBA0,R7PBA0,dev,serotonin,Mono,False,0.0256,0.0136,-0.012,0.0264,0.0264,0.9909,True
cluster365_R7PBA0,R7PBA0,dev,serotonin,Tri,False,0.0059,0.0048,-0.0011,0.0157,0.0097,0.9909,True
cluster365_R7PBA0,R7PBA0,dev,threonine,Di,False,0.0064,0.0074,0.001,0.0157,0.0167,0.9909,True
cluster365_R7PBA0,R7PBA0,dev,threonine,Mono,False,0.0072,0.0124,0.0052,0.0167,0.0264,0.9909,True
cluster365_R7PBA0,R7PBA0,dev,threonine,Tri,False,0.0005,0.0008,0.0003,0.0069,0.0069,0.9909,True
cluster365_R7PBA0,R7PBA0,dev,tryptamine,Di,False,0.0039,0.0022,-0.0017,0.0096,0.0096,0.9909,True
cluster365_R7PBA0,R7PBA0,dev,tryptamine,Mono,False,0.0005,0.0003,-0.0002,0.0069,0.0069,0.9909,True
cluster365_R7PBA0,R7PBA0,dev,tryptamine,Tri,False,0.0063,0.006,-0.0003,0.0157,0.0157,0.9909,True
cluster365_R7PBA0,R7PBA0,dev,tyramine,Di,False,0.0426,0.0192,-0.0234,0.0679,0.0264,0.9909,True
cluster365_R7PBA0,R7PBA0,dev,tyramine,Mono,False,0.2391,0.1782,-0.0609,0.1466,0.1317,0.9909,True
cluster365_R7PBA0,R7PBA0,dev,tyramine,Tri,False,0.0427,0.0346,-0.0081,0.0679,0.046,0.9909,True
cluster369_A0A412TTM9,A0A412TTM9,dev,"2,3_diaminopropionic acid",Di,False,0.1605,0.0455,-0.115,0.1192,0.0679,0.9927,True
cluster369_A0A412TTM9,A0A412TTM9,dev,"2,3_diaminopropionic acid",Mono,False,0.0224,0.0091,-0.0133,0.0264,0.0179,0.9927,True
cluster369_A0A412TTM9,A0A412TTM9,dev,"2,3_diaminopropionic acid",Tri,True,0.7401,0.6015,-0.1386,0.7234,0.566,0.9927,True
cluster369_A0A412TTM9,A0A412TTM9,dev,2_aminophenol,Di,True,0.8399,0.6964,-0.1435,0.7547,0.6364,0.9927,True
cluster369_A0A412TTM9,A0A412TTM9,dev,2_aminophenol,Mono,False,0.1182,0.0822,-0.036,0.0758,0.0741,0.9927,True
cluster369_A0A412TTM9,A0A412TTM9,dev,2_aminophenol,Tri,False,0.8265,0.8292,0.0027,0.7547,0.7547,0.9927,True
cluster369_A0A412TTM9,A0A412TTM9,dev,3_methoxytyramine,Di,True,0.721,0.078,-0.643,0.7234,0.0679,0.9927,True
cluster369_A0A412TTM9,A0A412TTM9,dev,3_methoxytyramine,Mono,False,0.0222,0.0043,-0.0179,0.0264,0.0096,0.9927,True
cluster369_A0A412TTM9,A0A412TTM9,dev,3_methoxytyramine,Tri,False,0.2604,0.1118,-0.1486,0.1538,0.0758,0.9927,True
cluster369_A0A412TTM9,A0A412TTM9,dev,alanine,Di,True,0.9547,0.9269,-0.0278,0.7921,0.7921,0.9927,True
cluster369_A0A412TTM9,A0A412TTM9,dev,alanine,Mono,False,0.5354,0.554,0.0186,0.4048,0.4048,0.9927,True
cluster369_A0A412TTM9,A0A412TTM9,dev,alanine,Tri,False,0.055,0.0939,0.0389,0.0679,0.0758,0.9927,True
cluster369_A0A412TTM9,A0A412TTM9,dev,arginine,Di,False,0.0018,0.0012,-0.0006,0.0096,0.0096,0.9927,True
cluster369_A0A412TTM9,A0A412TTM9,dev,arginine,Mono,False,0.0003,0.0003,0.0,0.0069,0.0069,0.9927,True
cluster369_A0A412TTM9,A0A412TTM9,dev,arginine,Tri,False,0.0045,0.0044,-1e-04,0.0096,0.0096,0.9927,True
cluster369_A0A412TTM9,A0A412TTM9,dev,asparagine,Di,False,0.0901,0.0559,-0.0342,0.0758,0.0679,0.9927,True
cluster369_A0A412TTM9,A0A412TTM9,dev,asparagine,Mono,False,0.0199,0.0157,-0.0042,0.0264,0.0264,0.9927,True
cluster369_A0A412TTM9,A0A412TTM9,dev,asparagine,Tri,True,0.9227,0.9392,0.0165,0.7921,0.7921,0.9927,True
cluster369_A0A412TTM9,A0A412TTM9,dev,cadaverine,Di,False,0.0037,0.0031,-0.0006,0.0096,0.0096,0.9927,True
cluster369_A0A412TTM9,A0A412TTM9,dev,cadaverine,Mono,False,0.0005,0.0006,1e-04,0.0069,0.0069,0.9927,True
cluster369_A0A412TTM9,A0A412TTM9,dev,cadaverine,Tri,False,0.0042,0.0086,0.0044,0.0096,0.0167,0.9927,True
cluster369_A0A412TTM9,A0A412TTM9,dev,citrulline,Di,False,0.0066,0.0083,0.0017,0.0157,0.0167,0.9927,True
cluster369_A0A412TTM9,A0A412TTM9,dev,citrulline,Mono,False,0.0011,0.0015,0.0004,0.0096,0.0096,0.9927,True
cluster369_A0A412TTM9,A0A412TTM9,dev,citrulline,Tri,False,0.0021,0.0041,0.002,0.0096,0.0096,0.9927,True
cluster369_A0A412TTM9,A0A412TTM9,dev,cystine,Di,False,0.0371,0.0053,-0.0318,0.046,0.0157,0.9927,True
cluster369_A0A412TTM9,A0A412TTM9,dev,cystine,Mono,False,0.002,0.0006,-0.0014,0.0096,0.0069,0.9927,True
cluster369_A0A412TTM9,A0A412TTM9,dev,cystine,Tri,False,0.021,0.0095,-0.0115,0.0264,0.0179,0.9927,True
cluster369_A0A412TTM9,A0A412TTM9,dev,dopamine,Di,False,0.354,0.1779,-0.1761,0.2642,0.1317,0.9927,True
cluster369_A0A412TTM9,A0A412TTM9,dev,dopamine,Mono,False,0.0336,0.0219,-0.0117,0.0264,0.0264,0.9927,True
cluster369_A0A412TTM9,A0A412TTM9,dev,dopamine,Tri,False,0.8573,0.9007,0.0434,0.7547,0.7921,0.9927,True
cluster369_A0A412TTM9,A0A412TTM9,dev,gaba,Di,True,0.9443,0.9428,-0.0015,0.7921,0.7921,0.9927,True
cluster369_A0A412TTM9,A0A412TTM9,dev,gaba,Mono,False,0.781,0.8203,0.0393,0.7234,0.7547,0.9927,True
cluster369_A0A412TTM9,A0A412TTM9,dev,gaba,Tri,True,0.9509,0.9696,0.0187,0.7921,0.8273,0.9927,True
cluster369_A0A412TTM9,A0A412TTM9,dev,glutamine,Di,False,0.0178,0.011,-0.0068,0.0264,0.0264,0.9927,True
cluster369_A0A412TTM9,A0A412TTM9,dev,glutamine,Mono,False,0.0109,0.0076,-0.0033,0.0264,0.0167,0.9927,True
cluster369_A0A412TTM9,A0A412TTM9,dev,glutamine,Tri,False,0.012,0.0133,0.0013,0.0264,0.0264,0.9927,True
cluster369_A0A412TTM9,A0A412TTM9,dev,glyglycine,Di,False,0.0162,0.0084,-0.0078,0.0264,0.0167,0.9927,True
cluster369_A0A412TTM9,A0A412TTM9,dev,glyglycine,Mono,False,0.0025,0.002,-0.0005,0.0096,0.0096,0.9927,True
cluster369_A0A412TTM9,A0A412TTM9,dev,glyglycine,Tri,False,0.0276,0.0397,0.0121,0.0264,0.046,0.9927,True
cluster369_A0A412TTM9,A0A412TTM9,dev,histidine,Di,False,0.0014,0.0014,0.0,0.0096,0.0096,0.9927,True
cluster369_A0A412TTM9,A0A412TTM9,dev,histidine,Mono,False,0.0005,0.0008,0.0003,0.0069,0.0069,0.9927,True
cluster369_A0A412TTM9,A0A412TTM9,dev,histidine,Tri,False,0.0032,0.0075,0.0043,0.0096,0.0167,0.9927,True
cluster369_A0A412TTM9,A0A412TTM9,dev,lysine,Di,False,0.0646,0.0605,-0.0041,0.0679,0.0679,0.9927,True
cluster369_A0A412TTM9,A0A412TTM9,dev,lysine,Mono,False,0.005,0.0044,-0.0006,0.0097,0.0096,0.9927,True
cluster369_A0A412TTM9,A0A412TTM9,dev,lysine,Tri,False,0.0051,0.0069,0.0018,0.0157,0.0157,0.9927,True
cluster369_A0A412TTM9,A0A412TTM9,dev,methionine,Di,False,0.0193,0.0141,-0.0052,0.0264,0.0264,0.9927,True
cluster369_A0A412TTM9,A0A412TTM9,dev,methionine,Mono,False,0.0052,0.0056,0.0004,0.0157,0.0157,0.9927,True
cluster369_A0A412TTM9,A0A412TTM9,dev,methionine,Tri,False,0.0144,0.0226,0.0082,0.0264,0.0264,0.9927,True
cluster369_A0A412TTM9,A0A412TTM9,dev,ornithine,Di,False,0.0559,0.0338,-0.0221,0.0679,0.0264,0.9927,True
cluster369_A0A412TTM9,A0A412TTM9,dev,ornithine,Mono,False,0.0105,0.0068,-0.0037,0.0264,0.0157,0.9927,True
cluster369_A0A412TTM9,A0A412TTM9,dev,ornithine,Tri,False,0.0129,0.0128,-1e-04,0.0264,0.0264,0.9927,True
cluster369_A0A412TTM9,A0A412TTM9,dev,phenylalanine,Di,True,0.974,0.9459,-0.0281,0.8273,0.7921,0.9927,True
cluster369_A0A412TTM9,A0A412TTM9,dev,phenylalanine,Mono,False,0.0844,0.0936,0.0092,0.0741,0.0758,0.9927,True
cluster369_A0A412TTM9,A0A412TTM9,dev,phenylalanine,Tri,True,0.9742,0.9741,-1e-04,0.8273,0.8273,0.9927,True
cluster369_A0A412TTM9,A0A412TTM9,dev,proline,Di,False,0.0014,0.0014,0.0,0.0096,0.0096,0.9927,True
cluster369_A0A412TTM9,A0A412TTM9,dev,proline,Mono,False,0.0004,0.0005,1e-04,0.0069,0.0069,0.9927,True
cluster369_A0A412TTM9,A0A412TTM9,dev,proline,Tri,False,0.0068,0.0126,0.0058,0.0157,0.0264,0.9927,True
cluster369_A0A412TTM9,A0A412TTM9,dev,putrescine,Di,False,0.0045,0.0035,-0.001,0.0096,0.0096,0.9927,True
cluster369_A0A412TTM9,A0A412TTM9,dev,putrescine,Mono,False,0.0006,0.0006,0.0,0.0069,0.0069,0.9927,True
cluster369_A0A412TTM9,A0A412TTM9,dev,putrescine,Tri,False,0.0051,0.0097,0.0046,0.0157,0.0179,0.9927,True
cluster369_A0A412TTM9,A0A412TTM9,dev,serine,Di,False,0.0689,0.0973,0.0284,0.0679,0.0758,0.9927,True
cluster369_A0A412TTM9,A0A412TTM9,dev,serine,Mono,False,0.0254,0.0413,0.0159,0.0264,0.046,0.9927,True
cluster369_A0A412TTM9,A0A412TTM9,dev,serine,Tri,False,0.0127,0.0253,0.0126,0.0264,0.0264,0.9927,True
cluster369_A0A412TTM9,A0A412TTM9,dev,serotonin,Di,False,0.0037,0.0018,-0.0019,0.0096,0.0096,0.9927,True
cluster369_A0A412TTM9,A0A412TTM9,dev,serotonin,Mono,False,0.0195,0.0121,-0.0074,0.0264,0.0264,0.9927,True
cluster369_A0A412TTM9,A0A412TTM9,dev,serotonin,Tri,False,0.004,0.0061,0.0021,0.0096,0.0157,0.9927,True
cluster369_A0A412TTM9,A0A412TTM9,dev,threonine,Di,False,0.0059,0.0053,-0.0006,0.0157,0.0157,0.9927,True
cluster369_A0A412TTM9,A0A412TTM9,dev,threonine,Mono,False,0.0062,0.0086,0.0024,0.0157,0.0167,0.9927,True
cluster369_A0A412TTM9,A0A412TTM9,dev,threonine,Tri,False,0.0004,0.0006,0.0002,0.0069,0.0069,0.9927,True
cluster369_A0A412TTM9,A0A412TTM9,dev,tryptamine,Di,False,0.0024,0.0017,-0.0007,0.0096,0.0096,0.9927,True
cluster369_A0A412TTM9,A0A412TTM9,dev,tryptamine,Mono,False,0.0002,0.0002,0.0,0.0069,0.0069,0.9927,True
cluster369_A0A412TTM9,A0A412TTM9,dev,tryptamine,Tri,False,0.003,0.0065,0.0035,0.0096,0.0157,0.9927,True
cluster369_A0A412TTM9,A0A412TTM9,dev,tyramine,Di,False,0.0266,0.0169,-0.0097,0.0264,0.0264,0.9927,True
cluster369_A0A412TTM9,A0A412TTM9,dev,tyramine,Mono,False,0.1513,0.1819,0.0306,0.1192,0.1317,0.9927,True
cluster369_A0A412TTM9,A0A412TTM9,dev,tyramine,Tri,False,0.0258,0.0417,0.0159,0.0264,0.0526,0.9927,True
cluster38_A0A1M3L7G3,A0A1M3L7G3,dev,"2,3_diaminopropionic acid",Di,False,0.0704,0.0232,-0.0472,0.0679,0.0264,0.9925,True
cluster38_A0A1M3L7G3,A0A1M3L7G3,dev,"2,3_diaminopropionic acid",Mono,False,0.0142,0.0058,-0.0084,0.0264,0.0157,0.9925,True
cluster38_A0A1M3L7G3,A0A1M3L7G3,dev,"2,3_diaminopropionic acid",Tri,False,0.4644,0.348,-0.1164,0.37,0.2642,0.9925,True
cluster38_A0A1M3L7G3,A0A1M3L7G3,dev,2_aminophenol,Di,True,0.929,0.6312,-0.2978,0.7921,0.5862,0.9925,True
cluster38_A0A1M3L7G3,A0A1M3L7G3,dev,2_aminophenol,Mono,False,0.2562,0.0567,-0.1995,0.1466,0.0679,0.9925,True
cluster38_A0A1M3L7G3,A0A1M3L7G3,dev,2_aminophenol,Tri,True,0.935,0.7651,-0.1699,0.7921,0.7234,0.9925,True
cluster38_A0A1M3L7G3,A0A1M3L7G3,dev,3_methoxytyramine,Di,True,0.7904,0.0503,-0.7401,0.7234,0.0679,0.9925,True
cluster38_A0A1M3L7G3,A0A1M3L7G3,dev,3_methoxytyramine,Mono,False,0.0455,0.003,-0.0425,0.0679,0.0096,0.9925,True
cluster38_A0A1M3L7G3,A0A1M3L7G3,dev,3_methoxytyramine,Tri,False,0.4147,0.0635,-0.3512,0.37,0.0679,0.9925,True
cluster38_A0A1M3L7G3,A0A1M3L7G3,dev,alanine,Di,True,0.99,0.9583,-0.0317,0.8873,0.7921,0.9925,True
cluster38_A0A1M3L7G3,A0A1M3L7G3,dev,alanine,Mono,True,0.8994,0.7283,-0.1711,0.7921,0.7234,0.9925,True
cluster38_A0A1M3L7G3,A0A1M3L7G3,dev,alanine,Tri,False,0.1445,0.0985,-0.046,0.1192,0.0758,0.9925,True
cluster38_A0A1M3L7G3,A0A1M3L7G3,dev,arginine,Di,False,0.0011,0.0003,-0.0008,0.0096,0.0069,0.9925,True
cluster38_A0A1M3L7G3,A0A1M3L7G3,dev,arginine,Mono,False,0.0002,1e-04,-1e-04,0.0069,0.0058,0.9925,True
cluster38_A0A1M3L7G3,A0A1M3L7G3,dev,arginine,Tri,False,0.0025,0.0009,-0.0016,0.0096,0.0069,0.9925,True
cluster38_A0A1M3L7G3,A0A1M3L7G3,dev,asparagine,Di,False,0.0836,0.0379,-0.0457,0.0741,0.046,0.9925,True
cluster38_A0A1M3L7G3,A0A1M3L7G3,dev,asparagine,Mono,False,0.0268,0.0128,-0.014,0.0264,0.0264,0.9925,True
cluster38_A0A1M3L7G3,A0A1M3L7G3,dev,asparagine,Tri,True,0.9506,0.9127,-0.0379,0.7921,0.7921,0.9925,True
cluster38_A0A1M3L7G3,A0A1M3L7G3,dev,cadaverine,Di,False,0.0047,0.0024,-0.0023,0.0097,0.0096,0.9925,True
cluster38_A0A1M3L7G3,A0A1M3L7G3,dev,cadaverine,Mono,False,0.0009,0.0005,-0.0004,0.0069,0.0069,0.9925,True
cluster38_A0A1M3L7G3,A0A1M3L7G3,dev,cadaverine,Tri,False,0.0059,0.0061,0.0002,0.0157,0.0157,0.9925,True
cluster38_A0A1M3L7G3,A0A1M3L7G3,dev,citrulline,Di,False,0.0074,0.0029,-0.0045,0.0167,0.0096,0.9925,True
cluster38_A0A1M3L7G3,A0A1M3L7G3,dev,citrulline,Mono,False,0.0012,0.0005,-0.0007,0.0096,0.0069,0.9925,True
cluster38_A0A1M3L7G3,A0A1M3L7G3,dev,citrulline,Tri,False,0.0027,0.0012,-0.0015,0.0096,0.0096,0.9925,True
cluster38_A0A1M3L7G3,A0A1M3L7G3,dev,cystine,Di,False,0.0342,0.0031,-0.0311,0.0264,0.0096,0.9925,True
cluster38_A0A1M3L7G3,A0A1M3L7G3,dev,cystine,Mono,False,0.0023,0.0004,-0.0019,0.0096,0.0069,0.9925,True
cluster38_A0A1M3L7G3,A0A1M3L7G3,dev,cystine,Tri,False,0.0191,0.004,-0.0151,0.0264,0.0096,0.9925,True
cluster38_A0A1M3L7G3,A0A1M3L7G3,dev,dopamine,Di,False,0.4723,0.1113,-0.361,0.37,0.0758,0.9925,True
cluster38_A0A1M3L7G3,A0A1M3L7G3,dev,dopamine,Mono,False,0.0641,0.0152,-0.0489,0.0679,0.0264,0.9925,True
cluster38_A0A1M3L7G3,A0A1M3L7G3,dev,dopamine,Tri,True,0.9546,0.8804,-0.0742,0.7921,0.7547,0.9925,True
cluster38_A0A1M3L7G3,A0A1M3L7G3,dev,gaba,Di,True,0.9941,0.9802,-0.0139,0.8962,0.8343,0.9925,True
cluster38_A0A1M3L7G3,A0A1M3L7G3,dev,gaba,Mono,True,0.9793,0.9345,-0.0448,0.8343,0.7921,0.9925,True
cluster38_A0A1M3L7G3,A0A1M3L7G3,dev,gaba,Tri,True,0.9944,0.9867,-0.0077,0.8962,0.8343,0.9925,True
cluster38_A0A1M3L7G3,A0A1M3L7G3,dev,glutamine,Di,False,0.0188,0.0057,-0.0131,0.0264,0.0157,0.9925,True
cluster38_A0A1M3L7G3,A0A1M3L7G3,dev,glutamine,Mono,False,0.012,0.0042,-0.0078,0.0264,0.0096,0.9925,True
cluster38_A0A1M3L7G3,A0A1M3L7G3,dev,glutamine,Tri,False,0.0125,0.006,-0.0065,0.0264,0.0157,0.9925,True
cluster38_A0A1M3L7G3,A0A1M3L7G3,dev,glyglycine,Di,False,0.0178,0.0058,-0.012,0.0264,0.0157,0.9925,True
cluster38_A0A1M3L7G3,A0A1M3L7G3,dev,glyglycine,Mono,False,0.0039,0.0016,-0.0023,0.0096,0.0096,0.9925,True
cluster38_A0A1M3L7G3,A0A1M3L7G3,dev,glyglycine,Tri,False,0.0382,0.0201,-0.0181,0.046,0.0264,0.9925,True
cluster38_A0A1M3L7G3,A0A1M3L7G3,dev,histidine,Di,False,0.0015,0.0007,-0.0008,0.0096,0.0069,0.9925,True
cluster38_A0A1M3L7G3,A0A1M3L7G3,dev,histidine,Mono,False,0.0005,0.0003,-0.0002,0.0069,0.0069,0.9925,True
cluster38_A0A1M3L7G3,A0A1M3L7G3,dev,histidine,Tri,False,0.004,0.0022,-0.0018,0.0096,0.0096,0.9925,True
cluster38_A0A1M3L7G3,A0A1M3L7G3,dev,lysine,Di,False,0.0606,0.0281,-0.0325,0.0679,0.0264,0.9925,True
cluster38_A0A1M3L7G3,A0A1M3L7G3,dev,lysine,Mono,False,0.0054,0.0019,-0.0035,0.0157,0.0096,0.9925,True
cluster38_A0A1M3L7G3,A0A1M3L7G3,dev,lysine,Tri,False,0.0068,0.0028,-0.004,0.0157,0.0096,0.9925,True
cluster38_A0A1M3L7G3,A0A1M3L7G3,dev,methionine,Di,False,0.0215,0.0058,-0.0157,0.0264,0.0157,0.9925,True
cluster38_A0A1M3L7G3,A0A1M3L7G3,dev,methionine,Mono,False,0.0056,0.0024,-0.0032,0.0157,0.0096,0.9925,True
cluster38_A0A1M3L7G3,A0A1M3L7G3,dev,methionine,Tri,False,0.0185,0.0082,-0.0103,0.0264,0.0167,0.9925,True
cluster38_A0A1M3L7G3,A0A1M3L7G3,dev,ornithine,Di,False,0.0528,0.012,-0.0408,0.0679,0.0264,0.9925,True
cluster38_A0A1M3L7G3,A0A1M3L7G3,dev,ornithine,Mono,False,0.01,0.0024,-0.0076,0.0179,0.0096,0.9925,True
cluster38_A0A1M3L7G3,A0A1M3L7G3,dev,ornithine,Tri,False,0.015,0.0042,-0.0108,0.0264,0.0096,0.9925,True
cluster38_A0A1M3L7G3,A0A1M3L7G3,dev,phenylalanine,Di,True,0.9849,0.9557,-0.0292,0.8343,0.7921,0.9925,True
cluster38_A0A1M3L7G3,A0A1M3L7G3,dev,phenylalanine,Mono,False,0.1712,0.0725,-0.0987,0.1317,0.0679,0.9925,True
cluster38_A0A1M3L7G3,A0A1M3L7G3,dev,phenylalanine,Tri,True,0.9869,0.9726,-0.0143,0.8343,0.8273,0.9925,True
cluster38_A0A1M3L7G3,A0A1M3L7G3,dev,proline,Di,False,0.0016,0.0007,-0.0009,0.0096,0.0069,0.9925,True
cluster38_A0A1M3L7G3,A0A1M3L7G3,dev,proline,Mono,False,0.0006,0.0002,-0.0004,0.0069,0.0069,0.9925,True
cluster38_A0A1M3L7G3,A0A1M3L7G3,dev,proline,Tri,False,0.0094,0.0041,-0.0053,0.0179,0.0096,0.9925,True
cluster38_A0A1M3L7G3,A0A1M3L7G3,dev,putrescine,Di,False,0.006,0.0029,-0.0031,0.0157,0.0096,0.9925,True
cluster38_A0A1M3L7G3,A0A1M3L7G3,dev,putrescine,Mono,False,0.0011,0.0006,-0.0005,0.0096,0.0069,0.9925,True
cluster38_A0A1M3L7G3,A0A1M3L7G3,dev,putrescine,Tri,False,0.0076,0.0076,0.0,0.0167,0.0167,0.9925,True
cluster38_A0A1M3L7G3,A0A1M3L7G3,dev,serine,Di,False,0.0925,0.0895,-0.003,0.0758,0.0758,0.9925,True
cluster38_A0A1M3L7G3,A0A1M3L7G3,dev,serine,Mono,False,0.0478,0.0384,-0.0094,0.0679,0.046,0.9925,True
cluster38_A0A1M3L7G3,A0A1M3L7G3,dev,serine,Tri,False,0.0193,0.02,0.0007,0.0264,0.0264,0.9925,True
cluster38_A0A1M3L7G3,A0A1M3L7G3,dev,serotonin,Di,False,0.0038,0.001,-0.0028,0.0096,0.0096,0.9925,True
cluster38_A0A1M3L7G3,A0A1M3L7G3,dev,serotonin,Mono,False,0.0208,0.0033,-0.0175,0.0264,0.0096,0.9925,True
cluster38_A0A1M3L7G3,A0A1M3L7G3,dev,serotonin,Tri,False,0.0042,0.0023,-0.0019,0.0096,0.0096,0.9925,True
cluster38_A0A1M3L7G3,A0A1M3L7G3,dev,threonine,Di,False,0.0076,0.0033,-0.0043,0.0167,0.0096,0.9925,True
cluster38_A0A1M3L7G3,A0A1M3L7G3,dev,threonine,Mono,False,0.009,0.0049,-0.0041,0.0179,0.0097,0.9925,True
cluster38_A0A1M3L7G3,A0A1M3L7G3,dev,threonine,Tri,False,0.0007,0.0004,-0.0003,0.0069,0.0069,0.9925,True
cluster38_A0A1M3L7G3,A0A1M3L7G3,dev,tryptamine,Di,False,0.003,0.0007,-0.0023,0.0096,0.0069,0.9925,True
cluster38_A0A1M3L7G3,A0A1M3L7G3,dev,tryptamine,Mono,False,0.0003,1e-04,-0.0002,0.0069,0.0058,0.9925,True
cluster38_A0A1M3L7G3,A0A1M3L7G3,dev,tryptamine,Tri,False,0.0042,0.0022,-0.002,0.0096,0.0096,0.9925,True
cluster38_A0A1M3L7G3,A0A1M3L7G3,dev,tyramine,Di,False,0.034,0.0126,-0.0214,0.0264,0.0264,0.9925,True
cluster38_A0A1M3L7G3,A0A1M3L7G3,dev,tyramine,Mono,False,0.248,0.09,-0.158,0.1466,0.0758,0.9925,True
cluster38_A0A1M3L7G3,A0A1M3L7G3,dev,tyramine,Tri,False,0.0364,0.0244,-0.012,0.046,0.0264,0.9925,True
cluster395_A0A1Y3YYW1,A0A1Y3YYW1,,"2,3_diaminopropionic acid",Di,,0.1182,0.0355,-0.0827,0.0758,0.046,0.9908,True
cluster395_A0A1Y3YYW1,A0A1Y3YYW1,,"2,3_diaminopropionic acid",Mono,,0.0316,0.0071,-0.0245,0.0264,0.0157,0.9908,True
cluster395_A0A1Y3YYW1,A0A1Y3YYW1,,"2,3_diaminopropionic acid",Tri,,0.4142,0.2813,-0.1329,0.37,0.1867,0.9908,True
cluster395_A0A1Y3YYW1,A0A1Y3YYW1,,2_aminophenol,Di,,0.7899,0.5146,-0.2753,0.7234,0.4048,0.9908,True
cluster395_A0A1Y3YYW1,A0A1Y3YYW1,,2_aminophenol,Mono,,0.134,0.0416,-0.0924,0.1192,0.0526,0.9908,True
cluster395_A0A1Y3YYW1,A0A1Y3YYW1,,2_aminophenol,Tri,,0.7836,0.6516,-0.132,0.7234,0.5862,0.9908,True
cluster395_A0A1Y3YYW1,A0A1Y3YYW1,,3_methoxytyramine,Di,,0.4709,0.0744,-0.3965,0.37,0.0679,0.9908,True
cluster395_A0A1Y3YYW1,A0A1Y3YYW1,,3_methoxytyramine,Mono,,0.015,0.0035,-0.0115,0.0264,0.0096,0.9908,True
cluster395_A0A1Y3YYW1,A0A1Y3YYW1,,3_methoxytyramine,Tri,,0.1198,0.07,-0.0498,0.0758,0.0679,0.9908,True
cluster395_A0A1Y3YYW1,A0A1Y3YYW1,,alanine,Di,,0.9587,0.8938,-0.0649,0.7921,0.7547,0.9908,True
cluster395_A0A1Y3YYW1,A0A1Y3YYW1,,alanine,Mono,,0.7422,0.4667,-0.2755,0.7234,0.37,0.9908,True
cluster395_A0A1Y3YYW1,A0A1Y3YYW1,,alanine,Tri,,0.0674,0.0522,-0.0152,0.0679,0.0679,0.9908,True
cluster395_A0A1Y3YYW1,A0A1Y3YYW1,,arginine,Di,,0.001,0.0006,-0.0004,0.0096,0.0069,0.9908,True
cluster395_A0A1Y3YYW1,A0A1Y3YYW1,,arginine,Mono,,0.0004,0.0002,-0.0002,0.0069,0.0069,0.9908,True
cluster395_A0A1Y3YYW1,A0A1Y3YYW1,,arginine,Tri,,0.0012,0.0011,-1e-04,0.0096,0.0096,0.9908,True
cluster395_A0A1Y3YYW1,A0A1Y3YYW1,,asparagine,Di,,0.0399,0.0336,-0.0063,0.046,0.0264,0.9908,True
cluster395_A0A1Y3YYW1,A0A1Y3YYW1,,asparagine,Mono,,0.0179,0.0102,-0.0077,0.0264,0.0179,0.9908,True
cluster395_A0A1Y3YYW1,A0A1Y3YYW1,,asparagine,Tri,,0.8781,0.8916,0.0135,0.7547,0.7547,0.9908,True
cluster395_A0A1Y3YYW1,A0A1Y3YYW1,,cadaverine,Di,,0.0029,0.0025,-0.0004,0.0096,0.0096,0.9908,True
cluster395_A0A1Y3YYW1,A0A1Y3YYW1,,cadaverine,Mono,,0.0009,0.0005,-0.0004,0.0069,0.0069,0.9908,True
cluster395_A0A1Y3YYW1,A0A1Y3YYW1,,cadaverine,Tri,,0.0034,0.0057,0.0023,0.0096,0.0157,0.9908,True
cluster395_A0A1Y3YYW1,A0A1Y3YYW1,,citrulline,Di,,0.005,0.0034,-0.0016,0.0097,0.0096,0.9908,True
cluster395_A0A1Y3YYW1,A0A1Y3YYW1,,citrulline,Mono,,0.0014,0.0008,-0.0006,0.0096,0.0069,0.9908,True
cluster395_A0A1Y3YYW1,A0A1Y3YYW1,,citrulline,Tri,,0.0017,0.0016,-1e-04,0.0096,0.0096,0.9908,True
cluster395_A0A1Y3YYW1,A0A1Y3YYW1,,cystine,Di,,0.0129,0.0034,-0.0095,0.0264,0.0096,0.9908,True
cluster395_A0A1Y3YYW1,A0A1Y3YYW1,,cystine,Mono,,0.0013,0.0004,-0.0009,0.0096,0.0069,0.9908,True
cluster395_A0A1Y3YYW1,A0A1Y3YYW1,,cystine,Tri,,0.0078,0.0039,-0.0039,0.0167,0.0096,0.9908,True
cluster395_A0A1Y3YYW1,A0A1Y3YYW1,,dopamine,Di,,0.3408,0.1335,-0.2073,0.2642,0.1192,0.9908,True
cluster395_A0A1Y3YYW1,A0A1Y3YYW1,,dopamine,Mono,,0.0567,0.0177,-0.039,0.0679,0.0264,0.9908,True
cluster395_A0A1Y3YYW1,A0A1Y3YYW1,,dopamine,Tri,,0.8883,0.8246,-0.0637,0.7547,0.7547,0.9908,True
cluster395_A0A1Y3YYW1,A0A1Y3YYW1,,gaba,Di,,0.9614,0.9541,-0.0073,0.7921,0.7921,0.9908,True
cluster395_A0A1Y3YYW1,A0A1Y3YYW1,,gaba,Mono,,0.9025,0.8658,-0.0367,0.7921,0.7547,0.9908,True
cluster395_A0A1Y3YYW1,A0A1Y3YYW1,,gaba,Tri,,0.9619,0.9694,0.0075,0.7921,0.8273,0.9908,True
cluster395_A0A1Y3YYW1,A0A1Y3YYW1,,glutamine,Di,,0.0093,0.0044,-0.0049,0.0179,0.0096,0.9908,True
cluster395_A0A1Y3YYW1,A0A1Y3YYW1,,glutamine,Mono,,0.0092,0.0034,-0.0058,0.0179,0.0096,0.9908,True
cluster395_A0A1Y3YYW1,A0A1Y3YYW1,,glutamine,Tri,,0.0063,0.0043,-0.002,0.0157,0.0096,0.9908,True
cluster395_A0A1Y3YYW1,A0A1Y3YYW1,,glyglycine,Di,,0.0075,0.0059,-0.0016,0.0167,0.0157,0.9908,True
cluster395_A0A1Y3YYW1,A0A1Y3YYW1,,glyglycine,Mono,,0.0024,0.0015,-0.0009,0.0096,0.0096,0.9908,True
cluster395_A0A1Y3YYW1,A0A1Y3YYW1,,glyglycine,Tri,,0.0164,0.0209,0.0045,0.0264,0.0264,0.9908,True
cluster395_A0A1Y3YYW1,A0A1Y3YYW1,,histidine,Di,,0.0019,0.0015,-0.0004,0.0096,0.0096,0.9908,True
cluster395_A0A1Y3YYW1,A0A1Y3YYW1,,histidine,Mono,,0.0013,0.0006,-0.0007,0.0096,0.0069,0.9908,True
cluster395_A0A1Y3YYW1,A0A1Y3YYW1,,histidine,Tri,,0.0051,0.0046,-0.0005,0.0157,0.0096,0.9908,True
cluster395_A0A1Y3YYW1,A0A1Y3YYW1,,lysine,Di,,0.0453,0.0311,-0.0142,0.0679,0.0264,0.9908,True
cluster395_A0A1Y3YYW1,A0A1Y3YYW1,,lysine,Mono,,0.0074,0.0021,-0.0053,0.0167,0.0096,0.9908,True
cluster395_A0A1Y3YYW1,A0A1Y3YYW1,,lysine,Tri,,0.0046,0.0025,-0.0021,0.0097,0.0096,0.9908,True
cluster395_A0A1Y3YYW1,A0A1Y3YYW1,,methionine,Di,,0.0143,0.0066,-0.0077,0.0264,0.0157,0.9908,True
cluster395_A0A1Y3YYW1,A0A1Y3YYW1,,methionine,Mono,,0.0058,0.0025,-0.0033,0.0157,0.0096,0.9908,True
cluster395_A0A1Y3YYW1,A0A1Y3YYW1,,methionine,Tri,,0.0104,0.0073,-0.0031,0.0179,0.0167,0.9908,True
cluster395_A0A1Y3YYW1,A0A1Y3YYW1,,ornithine,Di,,0.0588,0.0178,-0.041,0.0679,0.0264,0.9908,True
cluster395_A0A1Y3YYW1,A0A1Y3YYW1,,ornithine,Mono,,0.0188,0.0047,-0.0141,0.0264,0.0097,0.9908,True
cluster395_A0A1Y3YYW1,A0A1Y3YYW1,,ornithine,Tri,,0.0134,0.0063,-0.0071,0.0264,0.0157,0.9908,True
cluster395_A0A1Y3YYW1,A0A1Y3YYW1,,phenylalanine,Di,,0.9345,0.9272,-0.0073,0.7921,0.7921,0.9908,True
cluster395_A0A1Y3YYW1,A0A1Y3YYW1,,phenylalanine,Mono,,0.071,0.0453,-0.0257,0.0679,0.0679,0.9908,True
cluster395_A0A1Y3YYW1,A0A1Y3YYW1,,phenylalanine,Tri,,0.94,0.9513,0.0113,0.7921,0.7921,0.9908,True
cluster395_A0A1Y3YYW1,A0A1Y3YYW1,,proline,Di,,0.0025,0.0011,-0.0014,0.0096,0.0096,0.9908,True
cluster395_A0A1Y3YYW1,A0A1Y3YYW1,,proline,Mono,,0.0016,0.0004,-0.0012,0.0096,0.0069,0.9908,True
cluster395_A0A1Y3YYW1,A0A1Y3YYW1,,proline,Tri,,0.0141,0.0079,-0.0062,0.0264,0.0167,0.9908,True
cluster395_A0A1Y3YYW1,A0A1Y3YYW1,,putrescine,Di,,0.0038,0.0029,-0.0009,0.0096,0.0096,0.9908,True
cluster395_A0A1Y3YYW1,A0A1Y3YYW1,,putrescine,Mono,,0.001,0.0006,-0.0004,0.0096,0.0069,0.9908,True
cluster395_A0A1Y3YYW1,A0A1Y3YYW1,,putrescine,Tri,,0.0045,0.0066,0.0021,0.0096,0.0157,0.9908,True
cluster395_A0A1Y3YYW1,A0A1Y3YYW1,,serine,Di,,0.082,0.0546,-0.0274,0.0741,0.0679,0.9908,True
cluster395_A0A1Y3YYW1,A0A1Y3YYW1,,serine,Mono,,0.0508,0.022,-0.0288,0.0679,0.0264,0.9908,True
cluster395_A0A1Y3YYW1,A0A1Y3YYW1,,serine,Tri,,0.0135,0.0092,-0.0043,0.0264,0.0179,0.9908,True
cluster395_A0A1Y3YYW1,A0A1Y3YYW1,,serotonin,Di,,0.0053,0.0015,-0.0038,0.0157,0.0096,0.9908,True
cluster395_A0A1Y3YYW1,A0A1Y3YYW1,,serotonin,Mono,,0.0687,0.0093,-0.0594,0.0679,0.0179,0.9908,True
cluster395_A0A1Y3YYW1,A0A1Y3YYW1,,serotonin,Tri,,0.0062,0.0031,-0.0031,0.0157,0.0096,0.9908,True
cluster395_A0A1Y3YYW1,A0A1Y3YYW1,,threonine,Di,,0.0053,0.0034,-0.0019,0.0157,0.0096,0.9908,True
cluster395_A0A1Y3YYW1,A0A1Y3YYW1,,threonine,Mono,,0.0078,0.0038,-0.004,0.0167,0.0096,0.9908,True
cluster395_A0A1Y3YYW1,A0A1Y3YYW1,,threonine,Tri,,0.0004,0.0003,-1e-04,0.0069,0.0069,0.9908,True
cluster395_A0A1Y3YYW1,A0A1Y3YYW1,,tryptamine,Di,,0.0033,0.0015,-0.0018,0.0096,0.0096,0.9908,True
cluster395_A0A1Y3YYW1,A0A1Y3YYW1,,tryptamine,Mono,,0.0006,0.0002,-0.0004,0.0069,0.0069,0.9908,True
cluster395_A0A1Y3YYW1,A0A1Y3YYW1,,tryptamine,Tri,,0.0047,0.0039,-0.0008,0.0097,0.0096,0.9908,True
cluster395_A0A1Y3YYW1,A0A1Y3YYW1,,tyramine,Di,,0.0191,0.0097,-0.0094,0.0264,0.0179,0.9908,True
cluster395_A0A1Y3YYW1,A0A1Y3YYW1,,tyramine,Mono,,0.221,0.0722,-0.1488,0.1466,0.0679,0.9908,True
cluster395_A0A1Y3YYW1,A0A1Y3YYW1,,tyramine,Tri,,0.0164,0.016,-0.0004,0.0264,0.0264,0.9908,True
cluster406_A0A414Q275,A0A414Q275,dev,"2,3_diaminopropionic acid",Di,False,0.3812,0.1035,-0.2777,0.2642,0.0758,0.9927,True
cluster406_A0A414Q275,A0A414Q275,dev,"2,3_diaminopropionic acid",Mono,False,0.0833,0.0184,-0.0649,0.0741,0.0264,0.9927,True
cluster406_A0A414Q275,A0A414Q275,dev,"2,3_diaminopropionic acid",Tri,True,0.8946,0.7331,-0.1615,0.7547,0.7234,0.9927,True
cluster406_A0A414Q275,A0A414Q275,dev,2_aminophenol,Di,True,0.9599,0.8279,-0.132,0.7921,0.7547,0.9927,True
cluster406_A0A414Q275,A0A414Q275,dev,2_aminophenol,Mono,False,0.3674,0.1276,-0.2398,0.2642,0.0781,0.9927,True
cluster406_A0A414Q275,A0A414Q275,dev,2_aminophenol,Tri,True,0.9652,0.9059,-0.0593,0.8273,0.7921,0.9927,True
cluster406_A0A414Q275,A0A414Q275,dev,3_methoxytyramine,Di,True,0.9098,0.1557,-0.7541,0.7921,0.1192,0.9927,True
cluster406_A0A414Q275,A0A414Q275,dev,3_methoxytyramine,Mono,False,0.0862,0.0062,-0.08,0.0758,0.0157,0.9927,True
cluster406_A0A414Q275,A0A414Q275,dev,3_methoxytyramine,Tri,False,0.5577,0.1433,-0.4144,0.4048,0.1192,0.9927,True
cluster406_A0A414Q275,A0A414Q275,dev,alanine,Di,True,0.9925,0.975,-0.0175,0.8962,0.8333,0.9927,True
cluster406_A0A414Q275,A0A414Q275,dev,alanine,Mono,True,0.9156,0.81,-0.1056,0.7921,0.7547,0.9927,True
cluster406_A0A414Q275,A0A414Q275,dev,alanine,Tri,False,0.316,0.3016,-0.0144,0.22,0.22,0.9927,True
cluster406_A0A414Q275,A0A414Q275,dev,arginine,Di,False,0.0085,0.0035,-0.005,0.0167,0.0096,0.9927,True
cluster406_A0A414Q275,A0A414Q275,dev,arginine,Mono,False,0.0014,0.0006,-0.0008,0.0096,0.0069,0.9927,True
cluster406_A0A414Q275,A0A414Q275,dev,arginine,Tri,False,0.0163,0.0095,-0.0068,0.0264,0.0179,0.9927,True
cluster406_A0A414Q275,A0A414Q275,dev,asparagine,Di,False,0.1813,0.0734,-0.1079,0.1317,0.0679,0.9927,True
cluster406_A0A414Q275,A0A414Q275,dev,asparagine,Mono,False,0.0483,0.0187,-0.0296,0.0679,0.0264,0.9927,True
cluster406_A0A414Q275,A0A414Q275,dev,asparagine,Tri,True,0.9682,0.9546,-0.0136,0.8273,0.7921,0.9927,True
cluster406_A0A414Q275,A0A414Q275,dev,cadaverine,Di,False,0.2695,0.0308,-0.2387,0.1867,0.0264,0.9927,True
cluster406_A0A414Q275,A0A414Q275,dev,cadaverine,Mono,False,0.0682,0.0053,-0.0629,0.0679,0.0157,0.9927,True
cluster406_A0A414Q275,A0A414Q275,dev,cadaverine,Tri,False,0.4846,0.078,-0.4066,0.37,0.0679,0.9927,True
cluster406_A0A414Q275,A0A414Q275,dev,citrulline,Di,False,0.0545,0.0217,-0.0328,0.0679,0.0264,0.9927,True
cluster406_A0A414Q275,A0A414Q275,dev,citrulline,Mono,False,0.0067,0.0026,-0.0041,0.0157,0.0096,0.9927,True
cluster406_A0A414Q275,A0A414Q275,dev,citrulline,Tri,False,0.0145,0.0087,-0.0058,0.0264,0.0179,0.9927,True
cluster406_A0A414Q275,A0A414Q275,dev,cystine,Di,False,0.0751,0.0125,-0.0626,0.0679,0.0264,0.9927,True
cluster406_A0A414Q275,A0A414Q275,dev,cystine,Mono,False,0.0035,0.0009,-0.0026,0.0096,0.0069,0.9927,True
cluster406_A0A414Q275,A0A414Q275,dev,cystine,Tri,False,0.034,0.0141,-0.0199,0.0264,0.0264,0.9927,True
cluster406_A0A414Q275,A0A414Q275,dev,dopamine,Di,True,0.8592,0.3251,-0.5341,0.7547,0.2642,0.9927,True
cluster406_A0A414Q275,A0A414Q275,dev,dopamine,Mono,False,0.3599,0.0502,-0.3097,0.2642,0.0679,0.9927,True
cluster406_A0A414Q275,A0A414Q275,dev,dopamine,Tri,True,0.9904,0.9502,-0.0402,0.8873,0.7921,0.9927,True
cluster406_A0A414Q275,A0A414Q275,dev,gaba,Di,True,0.9971,0.9764,-0.0207,0.9,0.8343,0.9927,True
cluster406_A0A414Q275,A0A414Q275,dev,gaba,Mono,True,0.9889,0.8963,-0.0926,0.8873,0.7547,0.9927,True
cluster406_A0A414Q275,A0A414Q275,dev,gaba,Tri,True,0.9977,0.9841,-0.0136,0.9373,0.8343,0.9927,True
cluster406_A0A414Q275,A0A414Q275,dev,glutamine,Di,False,0.0508,0.0145,-0.0363,0.0679,0.0264,0.9927,True
cluster406_A0A414Q275,A0A414Q275,dev,glutamine,Mono,False,0.0246,0.0078,-0.0168,0.0264,0.0167,0.9927,True
cluster406_A0A414Q275,A0A414Q275,dev,glutamine,Tri,False,0.0338,0.0159,-0.0179,0.0264,0.0264,0.9927,True
cluster406_A0A414Q275,A0A414Q275,dev,glyglycine,Di,False,0.0495,0.0301,-0.0194,0.0679,0.0264,0.9927,True
cluster406_A0A414Q275,A0A414Q275,dev,glyglycine,Mono,False,0.0091,0.0061,-0.003,0.0179,0.0157,0.9927,True
cluster406_A0A414Q275,A0A414Q275,dev,glyglycine,Tri,False,0.0906,0.1712,0.0806,0.0758,0.1317,0.9927,True
cluster406_A0A414Q275,A0A414Q275,dev,histidine,Di,False,0.0142,0.0086,-0.0056,0.0264,0.0167,0.9927,True
cluster406_A0A414Q275,A0A414Q275,dev,histidine,Mono,False,0.0092,0.0042,-0.005,0.0179,0.0096,0.9927,True
cluster406_A0A414Q275,A0A414Q275,dev,histidine,Tri,False,0.0562,0.0417,-0.0145,0.0679,0.0526,0.9927,True
cluster406_A0A414Q275,A0A414Q275,dev,lysine,Di,False,0.4661,0.1625,-0.3036,0.37,0.1192,0.9927,True
cluster406_A0A414Q275,A0A414Q275,dev,lysine,Mono,False,0.0515,0.0114,-0.0401,0.0679,0.0264,0.9927,True
cluster406_A0A414Q275,A0A414Q275,dev,lysine,Tri,False,0.0612,0.0176,-0.0436,0.0679,0.0264,0.9927,True
cluster406_A0A414Q275,A0A414Q275,dev,methionine,Di,False,0.0987,0.0437,-0.055,0.0758,0.0679,0.9927,True
cluster406_A0A414Q275,A0A414Q275,dev,methionine,Mono,False,0.0261,0.0124,-0.0137,0.0264,0.0264,0.9927,True
cluster406_A0A414Q275,A0A414Q275,dev,methionine,Tri,False,0.0849,0.0589,-0.026,0.0741,0.0679,0.9927,True
cluster406_A0A414Q275,A0A414Q275,dev,ornithine,Di,True,0.6999,0.1149,-0.585,0.6364,0.0758,0.9927,True
cluster406_A0A414Q275,A0A414Q275,dev,ornithine,Mono,False,0.2438,0.018,-0.2258,0.1466,0.0264,0.9927,True
cluster406_A0A414Q275,A0A414Q275,dev,ornithine,Tri,False,0.2904,0.0353,-0.2551,0.1867,0.046,0.9927,True
cluster406_A0A414Q275,A0A414Q275,dev,phenylalanine,Di,True,0.9929,0.9699,-0.023,0.8962,0.8273,0.9927,True
cluster406_A0A414Q275,A0A414Q275,dev,phenylalanine,Mono,False,0.2786,0.1414,-0.1372,0.1867,0.1192,0.9927,True
cluster406_A0A414Q275,A0A414Q275,dev,phenylalanine,Tri,True,0.9937,0.9825,-0.0112,0.8962,0.8343,0.9927,True
cluster406_A0A414Q275,A0A414Q275,dev,proline,Di,False,0.0107,0.0037,-0.007,0.0264,0.0096,0.9927,True
cluster406_A0A414Q275,A0A414Q275,dev,proline,Mono,False,0.0051,0.0015,-0.0036,0.0157,0.0096,0.9927,True
cluster406_A0A414Q275,A0A414Q275,dev,proline,Tri,False,0.0789,0.0557,-0.0232,0.0679,0.0679,0.9927,True
cluster406_A0A414Q275,A0A414Q275,dev,putrescine,Di,False,0.3141,0.0377,-0.2764,0.22,0.046,0.9927,True
cluster406_A0A414Q275,A0A414Q275,dev,putrescine,Mono,False,0.0705,0.0061,-0.0644,0.0679,0.0157,0.9927,True
cluster406_A0A414Q275,A0A414Q275,dev,putrescine,Tri,True,0.5406,0.095,-0.4456,0.4048,0.0758,0.9927,True
cluster406_A0A414Q275,A0A414Q275,dev,serine,Di,False,0.2528,0.2437,-0.0091,0.1466,0.1466,0.9927,True
cluster406_A0A414Q275,A0A414Q275,dev,serine,Mono,False,0.1123,0.1033,-0.009,0.0758,0.0758,0.9927,True
cluster406_A0A414Q275,A0A414Q275,dev,serine,Tri,False,0.0591,0.0667,0.0076,0.0679,0.0679,0.9927,True
cluster406_A0A414Q275,A0A414Q275,dev,serotonin,Di,False,0.1663,0.006,-0.1603,0.1192,0.0157,0.9927,True
cluster406_A0A414Q275,A0A414Q275,dev,serotonin,Mono,True,0.7296,0.0376,-0.692,0.7234,0.046,0.9927,True
cluster406_A0A414Q275,A0A414Q275,dev,serotonin,Tri,False,0.2398,0.0177,-0.2221,0.1466,0.0264,0.9927,True
cluster406_A0A414Q275,A0A414Q275,dev,threonine,Di,False,0.0244,0.0289,0.0045,0.0264,0.0264,0.9927,True
cluster406_A0A414Q275,A0A414Q275,dev,threonine,Mono,False,0.0277,0.0287,0.001,0.0264,0.0264,0.9927,True
cluster406_A0A414Q275,A0A414Q275,dev,threonine,Tri,False,0.0028,0.0043,0.0015,0.0096,0.0096,0.9927,True
cluster406_A0A414Q275,A0A414Q275,dev,tryptamine,Di,False,0.1304,0.0097,-0.1207,0.1192,0.0179,0.9927,True
cluster406_A0A414Q275,A0A414Q275,dev,tryptamine,Mono,False,0.0211,0.0013,-0.0198,0.0264,0.0096,0.9927,True
cluster406_A0A414Q275,A0A414Q275,dev,tryptamine,Tri,False,0.3636,0.0432,-0.3204,0.2642,0.0679,0.9927,True
cluster406_A0A414Q275,A0A414Q275,dev,tyramine,Di,False,0.158,0.0326,-0.1254,0.1192,0.0264,0.9927,True
cluster406_A0A414Q275,A0A414Q275,dev,tyramine,Mono,False,0.6558,0.2358,-0.42,0.5862,0.1466,0.9927,True
cluster406_A0A414Q275,A0A414Q275,dev,tyramine,Tri,False,0.1704,0.0589,-0.1115,0.1317,0.0679,0.9927,True
cluster424_A0A1Q6E5Z9,A0A1Q6E5Z9,dev,"2,3_diaminopropionic acid",Di,False,0.0009,0.0251,0.0242,0.0069,0.0264,0.9916,True
cluster424_A0A1Q6E5Z9,A0A1Q6E5Z9,dev,"2,3_diaminopropionic acid",Mono,False,0.0002,0.0056,0.0054,0.0069,0.0157,0.9916,True
cluster424_A0A1Q6E5Z9,A0A1Q6E5Z9,dev,"2,3_diaminopropionic acid",Tri,False,0.0089,0.3914,0.3825,0.0179,0.2642,0.9916,True
cluster424_A0A1Q6E5Z9,A0A1Q6E5Z9,dev,2_aminophenol,Di,False,0.0134,0.4635,0.4501,0.0264,0.37,0.9916,True
cluster424_A0A1Q6E5Z9,A0A1Q6E5Z9,dev,2_aminophenol,Mono,False,0.0009,0.036,0.0351,0.0069,0.046,0.9916,True
cluster424_A0A1Q6E5Z9,A0A1Q6E5Z9,dev,2_aminophenol,Tri,False,0.0143,0.6417,0.6274,0.0264,0.5862,0.9916,True
cluster424_A0A1Q6E5Z9,A0A1Q6E5Z9,dev,3_methoxytyramine,Di,False,0.0038,0.0492,0.0454,0.0096,0.0679,0.9916,True
cluster424_A0A1Q6E5Z9,A0A1Q6E5Z9,dev,3_methoxytyramine,Mono,False,1e-04,0.0026,0.0025,0.0058,0.0096,0.9916,True
cluster424_A0A1Q6E5Z9,A0A1Q6E5Z9,dev,3_methoxytyramine,Tri,False,0.001,0.0513,0.0503,0.0069,0.0679,0.9916,True
cluster424_A0A1Q6E5Z9,A0A1Q6E5Z9,dev,alanine,Di,False,0.0433,0.9065,0.8632,0.0679,0.7921,0.9916,True
cluster424_A0A1Q6E5Z9,A0A1Q6E5Z9,dev,alanine,Mono,False,0.0044,0.5585,0.5541,0.0096,0.4048,0.9916,True
cluster424_A0A1Q6E5Z9,A0A1Q6E5Z9,dev,alanine,Tri,False,0.0005,0.0851,0.0846,0.0069,0.0741,0.9916,True
cluster424_A0A1Q6E5Z9,A0A1Q6E5Z9,dev,arginine,Di,False,0.0,0.0005,0.0005,0.0,0.0069,0.9916,True
cluster424_A0A1Q6E5Z9,A0A1Q6E5Z9,dev,arginine,Mono,False,0.0,0.0002,0.0002,0.0,0.0069,0.9916,True
cluster424_A0A1Q6E5Z9,A0A1Q6E5Z9,dev,arginine,Tri,False,1e-04,0.002,0.0019,0.0058,0.0096,0.9916,True
cluster424_A0A1Q6E5Z9,A0A1Q6E5Z9,dev,asparagine,Di,False,0.0006,0.0299,0.0293,0.0069,0.0264,0.9916,True
cluster424_A0A1Q6E5Z9,A0A1Q6E5Z9,dev,asparagine,Mono,False,0.0002,0.0094,0.0092,0.0069,0.0179,0.9916,True
cluster424_A0A1Q6E5Z9,A0A1Q6E5Z9,dev,asparagine,Tri,False,0.0737,0.8751,0.8014,0.0679,0.7547,0.9916,True
cluster424_A0A1Q6E5Z9,A0A1Q6E5Z9,dev,cadaverine,Di,False,0.0,0.0015,0.0015,0.0058,0.0096,0.9916,True
cluster424_A0A1Q6E5Z9,A0A1Q6E5Z9,dev,cadaverine,Mono,False,0.0,0.0003,0.0003,0.0,0.0069,0.9916,True
cluster424_A0A1Q6E5Z9,A0A1Q6E5Z9,dev,cadaverine,Tri,False,1e-04,0.0031,0.003,0.0058,0.0096,0.9916,True
cluster424_A0A1Q6E5Z9,A0A1Q6E5Z9,dev,citrulline,Di,False,1e-04,0.0032,0.0031,0.0058,0.0096,0.9916,True
cluster424_A0A1Q6E5Z9,A0A1Q6E5Z9,dev,citrulline,Mono,False,0.0,0.0007,0.0007,0.0,0.0069,0.9916,True
cluster424_A0A1Q6E5Z9,A0A1Q6E5Z9,dev,citrulline,Tri,False,0.0,0.0016,0.0016,0.0,0.0096,0.9916,True
cluster424_A0A1Q6E5Z9,A0A1Q6E5Z9,dev,cystine,Di,False,1e-04,0.0033,0.0032,0.0058,0.0096,0.9916,True
cluster424_A0A1Q6E5Z9,A0A1Q6E5Z9,dev,cystine,Mono,False,0.0,0.0004,0.0004,0.0,0.0069,0.9916,True
cluster424_A0A1Q6E5Z9,A0A1Q6E5Z9,dev,cystine,Tri,False,1e-04,0.0039,0.0038,0.0058,0.0096,0.9916,True
cluster424_A0A1Q6E5Z9,A0A1Q6E5Z9,dev,dopamine,Di,False,0.0034,0.0854,0.082,0.0096,0.0758,0.9916,True
cluster424_A0A1Q6E5Z9,A0A1Q6E5Z9,dev,dopamine,Mono,False,0.0004,0.0132,0.0128,0.0069,0.0264,0.9916,True
cluster424_A0A1Q6E5Z9,A0A1Q6E5Z9,dev,dopamine,Tri,False,0.0478,0.7407,0.6929,0.0679,0.7234,0.9916,True
cluster424_A0A1Q6E5Z9,A0A1Q6E5Z9,dev,gaba,Di,False,0.0232,0.9083,0.8851,0.0264,0.7921,0.9916,True
cluster424_A0A1Q6E5Z9,A0A1Q6E5Z9,dev,gaba,Mono,False,0.0095,0.756,0.7465,0.0179,0.7234,0.9916,True
cluster424_A0A1Q6E5Z9,A0A1Q6E5Z9,dev,gaba,Tri,False,0.0284,0.9424,0.914,0.0264,0.7921,0.9916,True
cluster424_A0A1Q6E5Z9,A0A1Q6E5Z9,dev,glutamine,Di,False,0.0002,0.0058,0.0056,0.0069,0.0157,0.9916,True
cluster424_A0A1Q6E5Z9,A0A1Q6E5Z9,dev,glutamine,Mono,False,0.0002,0.0043,0.0041,0.0069,0.0096,0.9916,True
cluster424_A0A1Q6E5Z9,A0A1Q6E5Z9,dev,glutamine,Tri,False,1e-04,0.0064,0.0063,0.0058,0.0157,0.9916,True
cluster424_A0A1Q6E5Z9,A0A1Q6E5Z9,dev,glyglycine,Di,False,1e-04,0.005,0.0049,0.0058,0.0157,0.9916,True
cluster424_A0A1Q6E5Z9,A0A1Q6E5Z9,dev,glyglycine,Mono,False,0.0,0.0014,0.0014,0.0,0.0096,0.9916,True
cluster424_A0A1Q6E5Z9,A0A1Q6E5Z9,dev,glyglycine,Tri,False,0.0003,0.0223,0.022,0.0069,0.0264,0.9916,True
cluster424_A0A1Q6E5Z9,A0A1Q6E5Z9,dev,histidine,Di,False,0.0,0.0009,0.0009,0.0,0.0069,0.9916,True
cluster424_A0A1Q6E5Z9,A0A1Q6E5Z9,dev,histidine,Mono,False,0.0,0.0005,0.0005,0.0,0.0069,0.9916,True
cluster424_A0A1Q6E5Z9,A0A1Q6E5Z9,dev,histidine,Tri,False,1e-04,0.0043,0.0042,0.0058,0.0096,0.9916,True
cluster424_A0A1Q6E5Z9,A0A1Q6E5Z9,dev,lysine,Di,False,0.0005,0.0296,0.0291,0.0069,0.0264,0.9916,True
cluster424_A0A1Q6E5Z9,A0A1Q6E5Z9,dev,lysine,Mono,False,1e-04,0.0024,0.0023,0.0058,0.0096,0.9916,True
cluster424_A0A1Q6E5Z9,A0A1Q6E5Z9,dev,lysine,Tri,False,1e-04,0.0034,0.0033,0.0058,0.0096,0.9916,True
cluster424_A0A1Q6E5Z9,A0A1Q6E5Z9,dev,methionine,Di,False,0.0002,0.009,0.0088,0.0069,0.0179,0.9916,True
cluster424_A0A1Q6E5Z9,A0A1Q6E5Z9,dev,methionine,Mono,False,1e-04,0.004,0.0039,0.0058,0.0096,0.9916,True
cluster424_A0A1Q6E5Z9,A0A1Q6E5Z9,dev,methionine,Tri,False,0.0002,0.0119,0.0117,0.0069,0.0264,0.9916,True
cluster424_A0A1Q6E5Z9,A0A1Q6E5Z9,dev,ornithine,Di,False,0.0008,0.0151,0.0143,0.0069,0.0264,0.9916,True
cluster424_A0A1Q6E5Z9,A0A1Q6E5Z9,dev,ornithine,Mono,False,0.0002,0.0037,0.0035,0.0069,0.0096,0.9916,True
cluster424_A0A1Q6E5Z9,A0A1Q6E5Z9,dev,ornithine,Tri,False,0.0002,0.0061,0.0059,0.0069,0.0157,0.9916,True
cluster424_A0A1Q6E5Z9,A0A1Q6E5Z9,dev,phenylalanine,Di,False,0.0756,0.8903,0.8147,0.0679,0.7547,0.9916,True
cluster424_A0A1Q6E5Z9,A0A1Q6E5Z9,dev,phenylalanine,Mono,False,0.0006,0.047,0.0464,0.0069,0.0679,0.9916,True
cluster424_A0A1Q6E5Z9,A0A1Q6E5Z9,dev,phenylalanine,Tri,False,0.076,0.9302,0.8542,0.0679,0.7921,0.9916,True
cluster424_A0A1Q6E5Z9,A0A1Q6E5Z9,dev,proline,Di,False,0.0,0.0006,0.0006,0.0,0.0069,0.9916,True
cluster424_A0A1Q6E5Z9,A0A1Q6E5Z9,dev,proline,Mono,False,0.0,0.0003,0.0003,0.0,0.0069,0.9916,True
cluster424_A0A1Q6E5Z9,A0A1Q6E5Z9,dev,proline,Tri,False,1e-04,0.0054,0.0053,0.0058,0.0157,0.9916,True
cluster424_A0A1Q6E5Z9,A0A1Q6E5Z9,dev,putrescine,Di,False,1e-04,0.0017,0.0016,0.0058,0.0096,0.9916,True
cluster424_A0A1Q6E5Z9,A0A1Q6E5Z9,dev,putrescine,Mono,False,0.0,0.0003,0.0003,0.0,0.0069,0.9916,True
cluster424_A0A1Q6E5Z9,A0A1Q6E5Z9,dev,putrescine,Tri,False,1e-04,0.0035,0.0034,0.0058,0.0096,0.9916,True
cluster424_A0A1Q6E5Z9,A0A1Q6E5Z9,dev,serine,Di,False,0.0009,0.0879,0.087,0.0069,0.0758,0.9916,True
cluster424_A0A1Q6E5Z9,A0A1Q6E5Z9,dev,serine,Mono,False,0.0004,0.0364,0.036,0.0069,0.046,0.9916,True
cluster424_A0A1Q6E5Z9,A0A1Q6E5Z9,dev,serine,Tri,False,1e-04,0.0158,0.0157,0.0058,0.0264,0.9916,True
cluster424_A0A1Q6E5Z9,A0A1Q6E5Z9,dev,serotonin,Di,False,0.0,0.0008,0.0008,0.0,0.0069,0.9916,True
cluster424_A0A1Q6E5Z9,A0A1Q6E5Z9,dev,serotonin,Mono,False,0.0003,0.0051,0.0048,0.0069,0.0157,0.9916,True
cluster424_A0A1Q6E5Z9,A0A1Q6E5Z9,dev,serotonin,Tri,False,1e-04,0.0023,0.0022,0.0058,0.0096,0.9916,True
cluster424_A0A1Q6E5Z9,A0A1Q6E5Z9,dev,threonine,Di,False,1e-04,0.0048,0.0047,0.0058,0.0097,0.9916,True
cluster424_A0A1Q6E5Z9,A0A1Q6E5Z9,dev,threonine,Mono,False,1e-04,0.0067,0.0066,0.0058,0.0157,0.9916,True
cluster424_A0A1Q6E5Z9,A0A1Q6E5Z9,dev,threonine,Tri,False,0.0,0.0007,0.0007,0.0,0.0069,0.9916,True
cluster424_A0A1Q6E5Z9,A0A1Q6E5Z9,dev,tryptamine,Di,False,0.0,0.0005,0.0005,0.0,0.0069,0.9916,True
cluster424_A0A1Q6E5Z9,A0A1Q6E5Z9,dev,tryptamine,Mono,False,0.0,1e-04,1e-04,0.0,0.0058,0.9916,True
cluster424_A0A1Q6E5Z9,A0A1Q6E5Z9,dev,tryptamine,Tri,False,0.0,0.0018,0.0018,0.0,0.0096,0.9916,True
cluster424_A0A1Q6E5Z9,A0A1Q6E5Z9,dev,tyramine,Di,False,0.0002,0.0084,0.0082,0.0069,0.0167,0.9916,True
cluster424_A0A1Q6E5Z9,A0A1Q6E5Z9,dev,tyramine,Mono,False,0.0017,0.0905,0.0888,0.0096,0.0758,0.9916,True
cluster424_A0A1Q6E5Z9,A0A1Q6E5Z9,dev,tyramine,Tri,False,0.0002,0.0171,0.0169,0.0069,0.0264,0.9916,True
cluster460_A7VQ44,A7VQ44,test,"2,3_diaminopropionic acid",Di,False,0.0779,0.0304,-0.0475,0.0679,0.0264,0.9921,True
cluster460_A7VQ44,A7VQ44,test,"2,3_diaminopropionic acid",Mono,False,0.0142,0.0056,-0.0086,0.0264,0.0157,0.9921,True
cluster460_A7VQ44,A7VQ44,test,"2,3_diaminopropionic acid",Tri,True,0.7887,0.5578,-0.2309,0.7234,0.4048,0.9921,True
cluster460_A7VQ44,A7VQ44,test,2_aminophenol,Di,True,0.8196,0.5908,-0.2288,0.7547,0.566,0.9921,True
cluster460_A7VQ44,A7VQ44,test,2_aminophenol,Mono,False,0.0786,0.0353,-0.0433,0.0679,0.046,0.9921,True
cluster460_A7VQ44,A7VQ44,test,2_aminophenol,Tri,True,0.9322,0.7976,-0.1346,0.7921,0.7547,0.9921,True
cluster460_A7VQ44,A7VQ44,test,3_methoxytyramine,Di,False,0.0306,0.0184,-0.0122,0.0264,0.0264,0.9921,True
cluster460_A7VQ44,A7VQ44,test,3_methoxytyramine,Mono,False,0.0013,0.0008,-0.0005,0.0096,0.0069,0.9921,True
cluster460_A7VQ44,A7VQ44,test,3_methoxytyramine,Tri,False,0.0598,0.0329,-0.0269,0.0679,0.0264,0.9921,True
cluster460_A7VQ44,A7VQ44,test,alanine,Di,True,0.9634,0.9483,-0.0151,0.8273,0.7921,0.9921,True
cluster460_A7VQ44,A7VQ44,test,alanine,Mono,False,0.55,0.6191,0.0691,0.4048,0.5862,0.9921,True
cluster460_A7VQ44,A7VQ44,test,alanine,Tri,False,0.2106,0.2253,0.0147,0.1317,0.1466,0.9921,True
cluster460_A7VQ44,A7VQ44,test,arginine,Di,False,0.0016,0.0005,-0.0011,0.0096,0.0069,0.9921,True
cluster460_A7VQ44,A7VQ44,test,arginine,Mono,False,0.0003,1e-04,-0.0002,0.0069,0.0058,0.9921,True
cluster460_A7VQ44,A7VQ44,test,arginine,Tri,False,0.0112,0.0031,-0.0081,0.0264,0.0096,0.9921,True
cluster460_A7VQ44,A7VQ44,test,asparagine,Di,False,0.086,0.0416,-0.0444,0.0758,0.0526,0.9921,True
cluster460_A7VQ44,A7VQ44,test,asparagine,Mono,False,0.0241,0.0121,-0.012,0.0264,0.0264,0.9921,True
cluster460_A7VQ44,A7VQ44,test,asparagine,Tri,True,0.9652,0.9473,-0.0179,0.8273,0.7921,0.9921,True
cluster460_A7VQ44,A7VQ44,test,cadaverine,Di,False,0.0032,0.0015,-0.0017,0.0096,0.0096,0.9921,True
cluster460_A7VQ44,A7VQ44,test,cadaverine,Mono,False,0.0006,0.0003,-0.0003,0.0069,0.0069,0.9921,True
cluster460_A7VQ44,A7VQ44,test,cadaverine,Tri,False,0.0105,0.0044,-0.0061,0.0179,0.0096,0.9921,True
cluster460_A7VQ44,A7VQ44,test,citrulline,Di,False,0.0088,0.0031,-0.0057,0.0179,0.0096,0.9921,True
cluster460_A7VQ44,A7VQ44,test,citrulline,Mono,False,0.0013,0.0005,-0.0008,0.0096,0.0069,0.9921,True
cluster460_A7VQ44,A7VQ44,test,citrulline,Tri,False,0.0106,0.0037,-0.0069,0.0264,0.0096,0.9921,True
cluster460_A7VQ44,A7VQ44,test,cystine,Di,False,0.0045,0.0022,-0.0023,0.0096,0.0096,0.9921,True
cluster460_A7VQ44,A7VQ44,test,cystine,Mono,False,0.0004,0.0002,-0.0002,0.0069,0.0069,0.9921,True
cluster460_A7VQ44,A7VQ44,test,cystine,Tri,False,0.0114,0.0043,-0.0071,0.0264,0.0096,0.9921,True
cluster460_A7VQ44,A7VQ44,test,dopamine,Di,False,0.1818,0.0951,-0.0867,0.1317,0.0758,0.9921,True
cluster460_A7VQ44,A7VQ44,test,dopamine,Mono,False,0.0195,0.0105,-0.009,0.0264,0.0179,0.9921,True
cluster460_A7VQ44,A7VQ44,test,dopamine,Tri,True,0.9467,0.8909,-0.0558,0.7921,0.7547,0.9921,True
cluster460_A7VQ44,A7VQ44,test,gaba,Di,True,0.9653,0.9673,0.002,0.8273,0.8273,0.9921,True
cluster460_A7VQ44,A7VQ44,test,gaba,Mono,False,0.8568,0.8717,0.0149,0.7547,0.7547,0.9921,True
cluster460_A7VQ44,A7VQ44,test,gaba,Tri,True,0.9855,0.9849,-0.0006,0.8343,0.8343,0.9921,True
cluster460_A7VQ44,A7VQ44,test,glutamine,Di,False,0.0097,0.0065,-0.0032,0.0179,0.0157,0.9921,True
cluster460_A7VQ44,A7VQ44,test,glutamine,Mono,False,0.0049,0.0033,-0.0016,0.0097,0.0096,0.9921,True
cluster460_A7VQ44,A7VQ44,test,glutamine,Tri,False,0.0239,0.0117,-0.0122,0.0264,0.0264,0.9921,True
cluster460_A7VQ44,A7VQ44,test,glyglycine,Di,False,0.0118,0.0079,-0.0039,0.0264,0.0167,0.9921,True
cluster460_A7VQ44,A7VQ44,test,glyglycine,Mono,False,0.0021,0.0017,-0.0004,0.0096,0.0096,0.9921,True
cluster460_A7VQ44,A7VQ44,test,glyglycine,Tri,False,0.1011,0.1055,0.0044,0.0758,0.0758,0.9921,True
cluster460_A7VQ44,A7VQ44,test,histidine,Di,False,0.0012,0.0006,-0.0006,0.0096,0.0069,0.9921,True
cluster460_A7VQ44,A7VQ44,test,histidine,Mono,False,0.0003,0.0002,-1e-04,0.0069,0.0069,0.9921,True
cluster460_A7VQ44,A7VQ44,test,histidine,Tri,False,0.0086,0.0036,-0.005,0.0167,0.0096,0.9921,True
cluster460_A7VQ44,A7VQ44,test,lysine,Di,False,0.0926,0.0327,-0.0599,0.0758,0.0264,0.9921,True
cluster460_A7VQ44,A7VQ44,test,lysine,Mono,False,0.0067,0.003,-0.0037,0.0157,0.0096,0.9921,True
cluster460_A7VQ44,A7VQ44,test,lysine,Tri,False,0.0182,0.006,-0.0122,0.0264,0.0157,0.9921,True
cluster460_A7VQ44,A7VQ44,test,methionine,Di,False,0.0234,0.0073,-0.0161,0.0264,0.0167,0.9921,True
cluster460_A7VQ44,A7VQ44,test,methionine,Mono,False,0.0049,0.0019,-0.003,0.0097,0.0096,0.9921,True
cluster460_A7VQ44,A7VQ44,test,methionine,Tri,False,0.0559,0.0168,-0.0391,0.0679,0.0264,0.9921,True
cluster460_A7VQ44,A7VQ44,test,ornithine,Di,False,0.0105,0.0038,-0.0067,0.0264,0.0096,0.9921,True
cluster460_A7VQ44,A7VQ44,test,ornithine,Mono,False,0.0016,0.0006,-0.001,0.0096,0.0069,0.9921,True
cluster460_A7VQ44,A7VQ44,test,ornithine,Tri,False,0.0091,0.0026,-0.0065,0.0179,0.0096,0.9921,True
cluster460_A7VQ44,A7VQ44,test,phenylalanine,Di,True,0.9826,0.9376,-0.045,0.8343,0.7921,0.9921,True
cluster460_A7VQ44,A7VQ44,test,phenylalanine,Mono,False,0.1128,0.0466,-0.0662,0.0758,0.0679,0.9921,True
cluster460_A7VQ44,A7VQ44,test,phenylalanine,Tri,True,0.9929,0.9724,-0.0205,0.8962,0.8273,0.9921,True
cluster460_A7VQ44,A7VQ44,test,proline,Di,False,0.0007,0.0004,-0.0003,0.0069,0.0069,0.9921,True
cluster460_A7VQ44,A7VQ44,test,proline,Mono,False,0.0002,1e-04,-1e-04,0.0069,0.0058,0.9921,True
cluster460_A7VQ44,A7VQ44,test,proline,Tri,False,0.008,0.0057,-0.0023,0.0167,0.0157,0.9921,True
cluster460_A7VQ44,A7VQ44,test,putrescine,Di,False,0.0039,0.0019,-0.002,0.0096,0.0096,0.9921,True
cluster460_A7VQ44,A7VQ44,test,putrescine,Mono,False,0.0006,0.0003,-0.0003,0.0069,0.0069,0.9921,True
cluster460_A7VQ44,A7VQ44,test,putrescine,Tri,False,0.0127,0.0053,-0.0074,0.0264,0.0157,0.9921,True
cluster460_A7VQ44,A7VQ44,test,serine,Di,False,0.1193,0.0923,-0.027,0.0758,0.0758,0.9921,True
cluster460_A7VQ44,A7VQ44,test,serine,Mono,False,0.0859,0.1123,0.0264,0.0758,0.0758,0.9921,True
cluster460_A7VQ44,A7VQ44,test,serine,Tri,False,0.0327,0.0211,-0.0116,0.0264,0.0264,0.9921,True
cluster460_A7VQ44,A7VQ44,test,serotonin,Di,False,0.0009,0.0005,-0.0004,0.0069,0.0069,0.9921,True
cluster460_A7VQ44,A7VQ44,test,serotonin,Mono,False,0.0035,0.002,-0.0015,0.0096,0.0096,0.9921,True
cluster460_A7VQ44,A7VQ44,test,serotonin,Tri,False,0.0025,0.0012,-0.0013,0.0096,0.0096,0.9921,True
cluster460_A7VQ44,A7VQ44,test,threonine,Di,False,0.0091,0.0054,-0.0037,0.0179,0.0157,0.9921,True
cluster460_A7VQ44,A7VQ44,test,threonine,Mono,False,0.0124,0.0143,0.0019,0.0264,0.0264,0.9921,True
cluster460_A7VQ44,A7VQ44,test,threonine,Tri,False,0.0016,0.0009,-0.0007,0.0096,0.0069,0.9921,True
cluster460_A7VQ44,A7VQ44,test,tryptamine,Di,False,0.0012,0.0005,-0.0007,0.0096,0.0069,0.9921,True
cluster460_A7VQ44,A7VQ44,test,tryptamine,Mono,False,1e-04,0.0,-1e-04,0.0058,0.0,0.9921,True
cluster460_A7VQ44,A7VQ44,test,tryptamine,Tri,False,0.0038,0.0015,-0.0023,0.0096,0.0096,0.9921,True
cluster460_A7VQ44,A7VQ44,test,tyramine,Di,False,0.0214,0.0083,-0.0131,0.0264,0.0167,0.9921,True
cluster460_A7VQ44,A7VQ44,test,tyramine,Mono,False,0.1428,0.0611,-0.0817,0.1192,0.0679,0.9921,True
cluster460_A7VQ44,A7VQ44,test,tyramine,Tri,False,0.0633,0.0228,-0.0405,0.0679,0.0264,0.9921,True
cluster470_A0A1Q6RAM4,A0A1Q6RAM4,dev,"2,3_diaminopropionic acid",Di,False,0.0075,0.0049,-0.0026,0.0167,0.0097,0.9381,True
cluster470_A0A1Q6RAM4,A0A1Q6RAM4,dev,"2,3_diaminopropionic acid",Mono,False,0.0011,0.0012,1e-04,0.0096,0.0096,0.9381,True
cluster470_A0A1Q6RAM4,A0A1Q6RAM4,dev,"2,3_diaminopropionic acid",Tri,False,0.113,0.1125,-0.0005,0.0758,0.0758,0.9381,True
cluster470_A0A1Q6RAM4,A0A1Q6RAM4,dev,2_aminophenol,Di,False,0.1027,0.0857,-0.017,0.0758,0.0758,0.9381,True
cluster470_A0A1Q6RAM4,A0A1Q6RAM4,dev,2_aminophenol,Mono,False,0.0042,0.0044,0.0002,0.0096,0.0096,0.9381,True
cluster470_A0A1Q6RAM4,A0A1Q6RAM4,dev,2_aminophenol,Tri,False,0.1981,0.2543,0.0562,0.1317,0.1466,0.9381,True
cluster470_A0A1Q6RAM4,A0A1Q6RAM4,dev,3_methoxytyramine,Di,False,0.0273,0.0034,-0.0239,0.0264,0.0096,0.9381,True
cluster470_A0A1Q6RAM4,A0A1Q6RAM4,dev,3_methoxytyramine,Mono,False,0.0006,0.0002,-0.0004,0.0069,0.0069,0.9381,True
cluster470_A0A1Q6RAM4,A0A1Q6RAM4,dev,3_methoxytyramine,Tri,False,0.0315,0.0104,-0.0211,0.0264,0.0179,0.9381,True
cluster470_A0A1Q6RAM4,A0A1Q6RAM4,dev,alanine,Di,True,0.9293,0.9225,-0.0068,0.7921,0.7921,0.9381,True
cluster470_A0A1Q6RAM4,A0A1Q6RAM4,dev,alanine,Mono,False,0.4715,0.6621,0.1906,0.37,0.5862,0.9381,True
cluster470_A0A1Q6RAM4,A0A1Q6RAM4,dev,alanine,Tri,False,0.0744,0.1427,0.0683,0.0679,0.1192,0.9381,True
cluster470_A0A1Q6RAM4,A0A1Q6RAM4,dev,arginine,Di,False,0.0002,1e-04,-1e-04,0.0069,0.0058,0.9381,True
cluster470_A0A1Q6RAM4,A0A1Q6RAM4,dev,arginine,Mono,False,0.0,0.0,0.0,0.0,0.0,0.9381,True
cluster470_A0A1Q6RAM4,A0A1Q6RAM4,dev,arginine,Tri,False,0.0006,0.0005,-1e-04,0.0069,0.0069,0.9381,True
cluster470_A0A1Q6RAM4,A0A1Q6RAM4,dev,asparagine,Di,False,0.0425,0.0202,-0.0223,0.0679,0.0264,0.9381,True
cluster470_A0A1Q6RAM4,A0A1Q6RAM4,dev,asparagine,Mono,False,0.0097,0.0058,-0.0039,0.0179,0.0157,0.9381,True
cluster470_A0A1Q6RAM4,A0A1Q6RAM4,dev,asparagine,Tri,True,0.9595,0.8938,-0.0657,0.7921,0.7547,0.9381,True
cluster470_A0A1Q6RAM4,A0A1Q6RAM4,dev,cadaverine,Di,False,0.0015,0.001,-0.0005,0.0096,0.0096,0.9381,True
cluster470_A0A1Q6RAM4,A0A1Q6RAM4,dev,cadaverine,Mono,False,0.0002,0.0002,0.0,0.0069,0.0069,0.9381,True
cluster470_A0A1Q6RAM4,A0A1Q6RAM4,dev,cadaverine,Tri,False,0.0033,0.0031,-0.0002,0.0096,0.0096,0.9381,True
cluster470_A0A1Q6RAM4,A0A1Q6RAM4,dev,citrulline,Di,False,0.0016,0.002,0.0004,0.0096,0.0096,0.9381,True
cluster470_A0A1Q6RAM4,A0A1Q6RAM4,dev,citrulline,Mono,False,0.0002,0.0003,1e-04,0.0069,0.0069,0.9381,True
cluster470_A0A1Q6RAM4,A0A1Q6RAM4,dev,citrulline,Tri,False,0.0012,0.002,0.0008,0.0096,0.0096,0.9381,True
cluster470_A0A1Q6RAM4,A0A1Q6RAM4,dev,cystine,Di,False,0.0008,0.0004,-0.0004,0.0069,0.0069,0.9381,True
cluster470_A0A1Q6RAM4,A0A1Q6RAM4,dev,cystine,Mono,False,1e-04,1e-04,0.0,0.0058,0.0058,0.9381,True
cluster470_A0A1Q6RAM4,A0A1Q6RAM4,dev,cystine,Tri,False,0.0013,0.001,-0.0003,0.0096,0.0096,0.9381,True
cluster470_A0A1Q6RAM4,A0A1Q6RAM4,dev,dopamine,Di,False,0.1191,0.033,-0.0861,0.0758,0.0264,0.9381,True
cluster470_A0A1Q6RAM4,A0A1Q6RAM4,dev,dopamine,Mono,False,0.0075,0.0041,-0.0034,0.0167,0.0096,0.9381,True
cluster470_A0A1Q6RAM4,A0A1Q6RAM4,dev,dopamine,Tri,True,0.9026,0.804,-0.0986,0.7921,0.7547,0.9381,True
cluster470_A0A1Q6RAM4,A0A1Q6RAM4,dev,gaba,Di,True,0.9941,0.9735,-0.0206,0.8962,0.8273,0.9381,True
cluster470_A0A1Q6RAM4,A0A1Q6RAM4,dev,gaba,Mono,True,0.9803,0.9131,-0.0672,0.8343,0.7921,0.9381,True
cluster470_A0A1Q6RAM4,A0A1Q6RAM4,dev,gaba,Tri,True,0.9966,0.9878,-0.0088,0.9,0.8858,0.9381,True
cluster470_A0A1Q6RAM4,A0A1Q6RAM4,dev,glutamine,Di,False,0.003,0.002,-0.001,0.0096,0.0096,0.9381,True
cluster470_A0A1Q6RAM4,A0A1Q6RAM4,dev,glutamine,Mono,False,0.0012,0.0012,0.0,0.0096,0.0096,0.9381,True
cluster470_A0A1Q6RAM4,A0A1Q6RAM4,dev,glutamine,Tri,False,0.0041,0.0045,0.0004,0.0096,0.0096,0.9381,True
cluster470_A0A1Q6RAM4,A0A1Q6RAM4,dev,glyglycine,Di,False,0.0039,0.0057,0.0018,0.0096,0.0157,0.9381,True
cluster470_A0A1Q6RAM4,A0A1Q6RAM4,dev,glyglycine,Mono,False,0.0006,0.0015,0.0009,0.0069,0.0096,0.9381,True
cluster470_A0A1Q6RAM4,A0A1Q6RAM4,dev,glyglycine,Tri,False,0.0206,0.0886,0.068,0.0264,0.0758,0.9381,True
cluster470_A0A1Q6RAM4,A0A1Q6RAM4,dev,histidine,Di,False,0.0008,0.0006,-0.0002,0.0069,0.0069,0.9381,True
cluster470_A0A1Q6RAM4,A0A1Q6RAM4,dev,histidine,Mono,False,0.0002,0.0003,1e-04,0.0069,0.0069,0.9381,True
cluster470_A0A1Q6RAM4,A0A1Q6RAM4,dev,histidine,Tri,False,0.0034,0.0049,0.0015,0.0096,0.0097,0.9381,True
cluster470_A0A1Q6RAM4,A0A1Q6RAM4,dev,lysine,Di,False,0.0205,0.0376,0.0171,0.0264,0.046,0.9381,True
cluster470_A0A1Q6RAM4,A0A1Q6RAM4,dev,lysine,Mono,False,0.0011,0.002,0.0009,0.0096,0.0096,0.9381,True
cluster470_A0A1Q6RAM4,A0A1Q6RAM4,dev,lysine,Tri,False,0.0027,0.0037,0.001,0.0096,0.0096,0.9381,True
cluster470_A0A1Q6RAM4,A0A1Q6RAM4,dev,methionine,Di,False,0.0023,0.0028,0.0005,0.0096,0.0096,0.9381,True
cluster470_A0A1Q6RAM4,A0A1Q6RAM4,dev,methionine,Mono,False,0.0005,0.001,0.0005,0.0069,0.0096,0.9381,True
cluster470_A0A1Q6RAM4,A0A1Q6RAM4,dev,methionine,Tri,False,0.0043,0.0085,0.0042,0.0096,0.0167,0.9381,True
cluster470_A0A1Q6RAM4,A0A1Q6RAM4,dev,ornithine,Di,False,0.0035,0.0015,-0.002,0.0096,0.0096,0.9381,True
cluster470_A0A1Q6RAM4,A0A1Q6RAM4,dev,ornithine,Mono,False,0.0005,0.0003,-0.0002,0.0069,0.0069,0.9381,True
cluster470_A0A1Q6RAM4,A0A1Q6RAM4,dev,ornithine,Tri,False,0.002,0.001,-0.001,0.0096,0.0069,0.9381,True
cluster470_A0A1Q6RAM4,A0A1Q6RAM4,dev,phenylalanine,Di,True,0.972,0.9045,-0.0675,0.8273,0.7921,0.9381,True
cluster470_A0A1Q6RAM4,A0A1Q6RAM4,dev,phenylalanine,Mono,False,0.0503,0.0447,-0.0056,0.0679,0.0679,0.9381,True
cluster470_A0A1Q6RAM4,A0A1Q6RAM4,dev,phenylalanine,Tri,True,0.9856,0.9684,-0.0172,0.8343,0.8273,0.9381,True
cluster470_A0A1Q6RAM4,A0A1Q6RAM4,dev,proline,Di,False,0.0005,0.0003,-0.0002,0.0069,0.0069,0.9381,True
cluster470_A0A1Q6RAM4,A0A1Q6RAM4,dev,proline,Mono,False,0.0002,1e-04,-1e-04,0.0069,0.0058,0.9381,True
cluster470_A0A1Q6RAM4,A0A1Q6RAM4,dev,proline,Tri,False,0.0064,0.0046,-0.0018,0.0157,0.0096,0.9381,True
cluster470_A0A1Q6RAM4,A0A1Q6RAM4,dev,putrescine,Di,False,0.0017,0.0012,-0.0005,0.0096,0.0096,0.9381,True
cluster470_A0A1Q6RAM4,A0A1Q6RAM4,dev,putrescine,Mono,False,0.0002,0.0002,0.0,0.0069,0.0069,0.9381,True
cluster470_A0A1Q6RAM4,A0A1Q6RAM4,dev,putrescine,Tri,False,0.0039,0.0037,-0.0002,0.0096,0.0096,0.9381,True
cluster470_A0A1Q6RAM4,A0A1Q6RAM4,dev,serine,Di,False,0.0383,0.0532,0.0149,0.046,0.0679,0.9381,True
cluster470_A0A1Q6RAM4,A0A1Q6RAM4,dev,serine,Mono,False,0.0208,0.0501,0.0293,0.0264,0.0679,0.9381,True
cluster470_A0A1Q6RAM4,A0A1Q6RAM4,dev,serine,Tri,False,0.011,0.0138,0.0028,0.0264,0.0264,0.9381,True
cluster470_A0A1Q6RAM4,A0A1Q6RAM4,dev,serotonin,Di,False,0.0005,1e-04,-0.0004,0.0069,0.0058,0.9381,True
cluster470_A0A1Q6RAM4,A0A1Q6RAM4,dev,serotonin,Mono,False,0.0019,0.0007,-0.0012,0.0096,0.0069,0.9381,True
cluster470_A0A1Q6RAM4,A0A1Q6RAM4,dev,serotonin,Tri,False,0.001,0.0005,-0.0005,0.0096,0.0069,0.9381,True
cluster470_A0A1Q6RAM4,A0A1Q6RAM4,dev,threonine,Di,False,0.0015,0.0021,0.0006,0.0096,0.0096,0.9381,True
cluster470_A0A1Q6RAM4,A0A1Q6RAM4,dev,threonine,Mono,False,0.0021,0.0051,0.003,0.0096,0.0157,0.9381,True
cluster470_A0A1Q6RAM4,A0A1Q6RAM4,dev,threonine,Tri,False,0.0003,0.0005,0.0002,0.0069,0.0069,0.9381,True
cluster470_A0A1Q6RAM4,A0A1Q6RAM4,dev,tryptamine,Di,False,0.0003,0.0002,-1e-04,0.0069,0.0069,0.9381,True
cluster470_A0A1Q6RAM4,A0A1Q6RAM4,dev,tryptamine,Mono,False,0.0,0.0,0.0,0.0,0.0,0.9381,True
cluster470_A0A1Q6RAM4,A0A1Q6RAM4,dev,tryptamine,Tri,False,0.0009,0.0007,-0.0002,0.0069,0.0069,0.9381,True
cluster470_A0A1Q6RAM4,A0A1Q6RAM4,dev,tyramine,Di,False,0.0084,0.0029,-0.0055,0.0167,0.0096,0.9381,True
cluster470_A0A1Q6RAM4,A0A1Q6RAM4,dev,tyramine,Mono,False,0.0418,0.0308,-0.011,0.0526,0.0264,0.9381,True
cluster470_A0A1Q6RAM4,A0A1Q6RAM4,dev,tyramine,Tri,False,0.0174,0.0108,-0.0066,0.0264,0.0264,0.9381,True
cluster4_A0A0P0LK75,A0A0P0LK75,,"2,3_diaminopropionic acid",Di,,0.0054,0.0051,-0.0003,0.0157,0.0157,0.9806,True
cluster4_A0A0P0LK75,A0A0P0LK75,,"2,3_diaminopropionic acid",Mono,,0.0014,0.0012,-0.0002,0.0096,0.0096,0.9806,True
cluster4_A0A0P0LK75,A0A0P0LK75,,"2,3_diaminopropionic acid",Tri,,0.0536,0.0936,0.04,0.0679,0.0758,0.9806,True
cluster4_A0A0P0LK75,A0A0P0LK75,,2_aminophenol,Di,,0.0544,0.077,0.0226,0.0679,0.0679,0.9806,True
cluster4_A0A0P0LK75,A0A0P0LK75,,2_aminophenol,Mono,,0.0044,0.0047,0.0003,0.0096,0.0097,0.9806,True
cluster4_A0A0P0LK75,A0A0P0LK75,,2_aminophenol,Tri,,0.0863,0.1661,0.0798,0.0758,0.1192,0.9806,True
cluster4_A0A0P0LK75,A0A0P0LK75,,3_methoxytyramine,Di,,0.0118,0.0059,-0.0059,0.0264,0.0157,0.9806,True
cluster4_A0A0P0LK75,A0A0P0LK75,,3_methoxytyramine,Mono,,0.0007,0.0005,-0.0002,0.0069,0.0069,0.9806,True
cluster4_A0A0P0LK75,A0A0P0LK75,,3_methoxytyramine,Tri,,0.0105,0.0131,0.0026,0.0264,0.0264,0.9806,True
cluster4_A0A0P0LK75,A0A0P0LK75,,alanine,Di,,0.9012,0.9456,0.0444,0.7921,0.7921,0.9806,True
cluster4_A0A0P0LK75,A0A0P0LK75,,alanine,Mono,,0.611,0.7248,0.1138,0.566,0.7234,0.9806,True
cluster4_A0A0P0LK75,A0A0P0LK75,,alanine,Tri,,0.0285,0.1135,0.085,0.0264,0.0758,0.9806,True
cluster4_A0A0P0LK75,A0A0P0LK75,,arginine,Di,,1e-04,1e-04,0.0,0.0058,0.0058,0.9806,True
cluster4_A0A0P0LK75,A0A0P0LK75,,arginine,Mono,,0.0,0.0,0.0,0.0,0.0,0.9806,True
cluster4_A0A0P0LK75,A0A0P0LK75,,arginine,Tri,,0.0002,0.0004,0.0002,0.0069,0.0069,0.9806,True
cluster4_A0A0P0LK75,A0A0P0LK75,,asparagine,Di,,0.0136,0.0191,0.0055,0.0264,0.0264,0.9806,True
cluster4_A0A0P0LK75,A0A0P0LK75,,asparagine,Mono,,0.0049,0.0057,0.0008,0.0097,0.0157,0.9806,True
cluster4_A0A0P0LK75,A0A0P0LK75,,asparagine,Tri,,0.8261,0.873,0.0469,0.7547,0.7547,0.9806,True
cluster4_A0A0P0LK75,A0A0P0LK75,,cadaverine,Di,,0.0008,0.001,0.0002,0.0069,0.0096,0.9806,True
cluster4_A0A0P0LK75,A0A0P0LK75,,cadaverine,Mono,,0.0002,0.0002,0.0,0.0069,0.0069,0.9806,True
cluster4_A0A0P0LK75,A0A0P0LK75,,cadaverine,Tri,,0.0013,0.0029,0.0016,0.0096,0.0096,0.9806,True
cluster4_A0A0P0LK75,A0A0P0LK75,,citrulline,Di,,0.001,0.0016,0.0006,0.0069,0.0096,0.9806,True
cluster4_A0A0P0LK75,A0A0P0LK75,,citrulline,Mono,,0.0002,0.0003,1e-04,0.0069,0.0069,0.9806,True
cluster4_A0A0P0LK75,A0A0P0LK75,,citrulline,Tri,,0.0004,0.0008,0.0004,0.0069,0.0069,0.9806,True
cluster4_A0A0P0LK75,A0A0P0LK75,,cystine,Di,,0.0007,0.0009,0.0002,0.0069,0.0069,0.9806,True
cluster4_A0A0P0LK75,A0A0P0LK75,,cystine,Mono,,1e-04,1e-04,0.0,0.0058,0.0058,0.9806,True
cluster4_A0A0P0LK75,A0A0P0LK75,,cystine,Tri,,0.0008,0.0015,0.0007,0.0069,0.0096,0.9806,True
cluster4_A0A0P0LK75,A0A0P0LK75,,dopamine,Di,,0.0486,0.0316,-0.017,0.0679,0.0264,0.9806,True
cluster4_A0A0P0LK75,A0A0P0LK75,,dopamine,Mono,,0.0078,0.0046,-0.0032,0.0167,0.0097,0.9806,True
cluster4_A0A0P0LK75,A0A0P0LK75,,dopamine,Tri,,0.7919,0.7368,-0.0551,0.7341,0.7234,0.9806,True
cluster4_A0A0P0LK75,A0A0P0LK75,,gaba,Di,,0.9621,0.9074,-0.0547,0.7921,0.7921,0.9806,True
cluster4_A0A0P0LK75,A0A0P0LK75,,gaba,Mono,,0.9155,0.7661,-0.1494,0.7921,0.7234,0.9806,True
cluster4_A0A0P0LK75,A0A0P0LK75,,gaba,Tri,,0.9731,0.9497,-0.0234,0.8273,0.7921,0.9806,True
cluster4_A0A0P0LK75,A0A0P0LK75,,glutamine,Di,,0.0012,0.0016,0.0004,0.0096,0.0096,0.9806,True
cluster4_A0A0P0LK75,A0A0P0LK75,,glutamine,Mono,,0.0009,0.001,1e-04,0.0069,0.0096,0.9806,True
cluster4_A0A0P0LK75,A0A0P0LK75,,glutamine,Tri,,0.001,0.002,0.001,0.0069,0.0096,0.9806,True
cluster4_A0A0P0LK75,A0A0P0LK75,,glyglycine,Di,,0.002,0.0054,0.0034,0.0096,0.0157,0.9806,True
cluster4_A0A0P0LK75,A0A0P0LK75,,glyglycine,Mono,,0.0008,0.0019,0.0011,0.0069,0.0096,0.9806,True
cluster4_A0A0P0LK75,A0A0P0LK75,,glyglycine,Tri,,0.0069,0.0335,0.0266,0.0157,0.0264,0.9806,True
cluster4_A0A0P0LK75,A0A0P0LK75,,histidine,Di,,0.0005,0.0008,0.0003,0.0069,0.0069,0.9806,True
cluster4_A0A0P0LK75,A0A0P0LK75,,histidine,Mono,,0.0003,0.0005,0.0002,0.0069,0.0069,0.9806,True
cluster4_A0A0P0LK75,A0A0P0LK75,,histidine,Tri,,0.0017,0.0034,0.0017,0.0096,0.0096,0.9806,True
cluster4_A0A0P0LK75,A0A0P0LK75,,lysine,Di,,0.0126,0.0195,0.0069,0.0264,0.0264,0.9806,True
cluster4_A0A0P0LK75,A0A0P0LK75,,lysine,Mono,,0.0012,0.001,-0.0002,0.0096,0.0096,0.9806,True
cluster4_A0A0P0LK75,A0A0P0LK75,,lysine,Tri,,0.001,0.0016,0.0006,0.0096,0.0096,0.9806,True
cluster4_A0A0P0LK75,A0A0P0LK75,,methionine,Di,,0.0011,0.0018,0.0007,0.0096,0.0096,0.9806,True
cluster4_A0A0P0LK75,A0A0P0LK75,,methionine,Mono,,0.0005,0.0008,0.0003,0.0069,0.0069,0.9806,True
cluster4_A0A0P0LK75,A0A0P0LK75,,methionine,Tri,,0.0011,0.0032,0.0021,0.0096,0.0096,0.9806,True
cluster4_A0A0P0LK75,A0A0P0LK75,,ornithine,Di,,0.0035,0.0028,-0.0007,0.0096,0.0096,0.9806,True
cluster4_A0A0P0LK75,A0A0P0LK75,,ornithine,Mono,,0.001,0.0006,-0.0004,0.0069,0.0069,0.9806,True
cluster4_A0A0P0LK75,A0A0P0LK75,,ornithine,Tri,,0.0013,0.0013,0.0,0.0096,0.0096,0.9806,True
cluster4_A0A0P0LK75,A0A0P0LK75,,phenylalanine,Di,,0.9082,0.8644,-0.0438,0.7921,0.7547,0.9806,True
cluster4_A0A0P0LK75,A0A0P0LK75,,phenylalanine,Mono,,0.0447,0.0296,-0.0151,0.0679,0.0264,0.9806,True
cluster4_A0A0P0LK75,A0A0P0LK75,,phenylalanine,Tri,,0.9313,0.9273,-0.004,0.7921,0.7921,0.9806,True
cluster4_A0A0P0LK75,A0A0P0LK75,,proline,Di,,0.0005,0.0006,1e-04,0.0069,0.0069,0.9806,True
cluster4_A0A0P0LK75,A0A0P0LK75,,proline,Mono,,0.0003,0.0002,-1e-04,0.0069,0.0069,0.9806,True
cluster4_A0A0P0LK75,A0A0P0LK75,,proline,Tri,,0.0044,0.0049,0.0005,0.0096,0.0097,0.9806,True
cluster4_A0A0P0LK75,A0A0P0LK75,,putrescine,Di,,0.001,0.0013,0.0003,0.0069,0.0096,0.9806,True
cluster4_A0A0P0LK75,A0A0P0LK75,,putrescine,Mono,,0.0002,0.0003,1e-04,0.0069,0.0069,0.9806,True
cluster4_A0A0P0LK75,A0A0P0LK75,,putrescine,Tri,,0.0015,0.0035,0.002,0.0096,0.0096,0.9806,True
cluster4_A0A0P0LK75,A0A0P0LK75,,serine,Di,,0.0195,0.0505,0.031,0.0264,0.0679,0.9806,True
cluster4_A0A0P0LK75,A0A0P0LK75,,serine,Mono,,0.014,0.0284,0.0144,0.0264,0.0264,0.9806,True
cluster4_A0A0P0LK75,A0A0P0LK75,,serine,Tri,,0.0041,0.0131,0.009,0.0096,0.0264,0.9806,True
cluster4_A0A0P0LK75,A0A0P0LK75,,serotonin,Di,,0.0005,0.0004,-1e-04,0.0069,0.0069,0.9806,True
cluster4_A0A0P0LK75,A0A0P0LK75,,serotonin,Mono,,0.0044,0.0031,-0.0013,0.0096,0.0096,0.9806,True
cluster4_A0A0P0LK75,A0A0P0LK75,,serotonin,Tri,,0.001,0.0012,0.0002,0.0096,0.0096,0.9806,True
cluster4_A0A0P0LK75,A0A0P0LK75,,threonine,Di,,0.0017,0.0028,0.0011,0.0096,0.0096,0.9806,True
cluster4_A0A0P0LK75,A0A0P0LK75,,threonine,Mono,,0.0033,0.0068,0.0035,0.0096,0.0157,0.9806,True
cluster4_A0A0P0LK75,A0A0P0LK75,,threonine,Tri,,0.0002,0.0005,0.0003,0.0069,0.0069,0.9806,True
cluster4_A0A0P0LK75,A0A0P0LK75,,tryptamine,Di,,0.0002,0.0002,0.0,0.0069,0.0069,0.9806,True
cluster4_A0A0P0LK75,A0A0P0LK75,,tryptamine,Mono,,1e-04,1e-04,0.0,0.0058,0.0058,0.9806,True
cluster4_A0A0P0LK75,A0A0P0LK75,,tryptamine,Tri,,0.0006,0.0012,0.0006,0.0069,0.0096,0.9806,True
cluster4_A0A0P0LK75,A0A0P0LK75,,tyramine,Di,,0.0036,0.0026,-0.001,0.0096,0.0096,0.9806,True
cluster4_A0A0P0LK75,A0A0P0LK75,,tyramine,Mono,,0.0358,0.0338,-0.002,0.046,0.0264,0.9806,True
cluster4_A0A0P0LK75,A0A0P0LK75,,tyramine,Tri,,0.0059,0.0073,0.0014,0.0157,0.0167,0.9806,True
cluster518_B0MC37,B0MC37,dev,"2,3_diaminopropionic acid",Di,False,0.0151,0.0203,0.0052,0.0264,0.0264,0.9988,True
cluster518_B0MC37,B0MC37,dev,"2,3_diaminopropionic acid",Mono,False,0.0026,0.0046,0.002,0.0096,0.0097,0.9988,True
cluster518_B0MC37,B0MC37,dev,"2,3_diaminopropionic acid",Tri,False,0.2456,0.318,0.0724,0.1466,0.22,0.9988,True
cluster518_B0MC37,B0MC37,dev,2_aminophenol,Di,False,0.2513,0.4181,0.1668,0.1466,0.37,0.9988,True
cluster518_B0MC37,B0MC37,dev,2_aminophenol,Mono,False,0.0095,0.0274,0.0179,0.0179,0.0264,0.9988,True
cluster518_B0MC37,B0MC37,dev,2_aminophenol,Tri,False,0.4317,0.637,0.2053,0.37,0.5862,0.9988,True
cluster518_B0MC37,B0MC37,dev,3_methoxytyramine,Di,False,0.0563,0.0602,0.0039,0.0679,0.0679,0.9988,True
cluster518_B0MC37,B0MC37,dev,3_methoxytyramine,Mono,False,0.0026,0.003,0.0004,0.0096,0.0096,0.9988,True
cluster518_B0MC37,B0MC37,dev,3_methoxytyramine,Tri,False,0.0683,0.0689,0.0006,0.0679,0.0679,0.9988,True
cluster518_B0MC37,B0MC37,dev,alanine,Di,True,0.9109,0.9289,0.018,0.7921,0.7921,0.9988,True
cluster518_B0MC37,B0MC37,dev,alanine,Mono,False,0.3631,0.5524,0.1893,0.2642,0.4048,0.9988,True
cluster518_B0MC37,B0MC37,dev,alanine,Tri,False,0.1667,0.1891,0.0224,0.1192,0.1317,0.9988,True
cluster518_B0MC37,B0MC37,dev,arginine,Di,False,0.0003,0.0003,0.0,0.0069,0.0069,0.9988,True
cluster518_B0MC37,B0MC37,dev,arginine,Mono,False,1e-04,1e-04,0.0,0.0058,0.0058,0.9988,True
cluster518_B0MC37,B0MC37,dev,arginine,Tri,False,0.0011,0.0009,-0.0002,0.0096,0.0069,0.9988,True
cluster518_B0MC37,B0MC37,dev,asparagine,Di,False,0.0406,0.0349,-0.0057,0.046,0.046,0.9988,True
cluster518_B0MC37,B0MC37,dev,asparagine,Mono,False,0.0105,0.0116,0.0011,0.0264,0.0264,0.9988,True
cluster518_B0MC37,B0MC37,dev,asparagine,Tri,True,0.9366,0.9406,0.004,0.7921,0.7921,0.9988,True
cluster518_B0MC37,B0MC37,dev,cadaverine,Di,False,0.0014,0.0015,1e-04,0.0096,0.0096,0.9988,True
cluster518_B0MC37,B0MC37,dev,cadaverine,Mono,False,0.0002,0.0003,1e-04,0.0069,0.0069,0.9988,True
cluster518_B0MC37,B0MC37,dev,cadaverine,Tri,False,0.0038,0.004,0.0002,0.0096,0.0096,0.9988,True
cluster518_B0MC37,B0MC37,dev,citrulline,Di,False,0.0038,0.0032,-0.0006,0.0096,0.0096,0.9988,True
cluster518_B0MC37,B0MC37,dev,citrulline,Mono,False,0.0006,0.0005,-1e-04,0.0069,0.0069,0.9988,True
cluster518_B0MC37,B0MC37,dev,citrulline,Tri,False,0.0033,0.002,-0.0013,0.0096,0.0096,0.9988,True
cluster518_B0MC37,B0MC37,dev,cystine,Di,False,0.0015,0.0021,0.0006,0.0096,0.0096,0.9988,True
cluster518_B0MC37,B0MC37,dev,cystine,Mono,False,0.0002,0.0003,1e-04,0.0069,0.0069,0.9988,True
cluster518_B0MC37,B0MC37,dev,cystine,Tri,False,0.0029,0.0038,0.0009,0.0096,0.0096,0.9988,True
cluster518_B0MC37,B0MC37,dev,dopamine,Di,False,0.1286,0.1149,-0.0137,0.0781,0.0758,0.9988,True
cluster518_B0MC37,B0MC37,dev,dopamine,Mono,False,0.0137,0.014,0.0003,0.0264,0.0264,0.9988,True
cluster518_B0MC37,B0MC37,dev,dopamine,Tri,True,0.8826,0.8988,0.0162,0.7547,0.7921,0.9988,True
cluster518_B0MC37,B0MC37,dev,gaba,Di,True,0.9894,0.9914,0.002,0.8873,0.8962,0.9988,True
cluster518_B0MC37,B0MC37,dev,gaba,Mono,True,0.9656,0.975,0.0094,0.8273,0.8333,0.9988,True
cluster518_B0MC37,B0MC37,dev,gaba,Tri,True,0.995,0.9954,0.0004,0.8962,0.8962,0.9988,True
cluster518_B0MC37,B0MC37,dev,glutamine,Di,False,0.0053,0.0061,0.0008,0.0157,0.0157,0.9988,True
cluster518_B0MC37,B0MC37,dev,glutamine,Mono,False,0.003,0.0042,0.0012,0.0096,0.0096,0.9988,True
cluster518_B0MC37,B0MC37,dev,glutamine,Tri,False,0.0082,0.0083,1e-04,0.0167,0.0167,0.9988,True
cluster518_B0MC37,B0MC37,dev,glyglycine,Di,False,0.0077,0.0073,-0.0004,0.0167,0.0167,0.9988,True
cluster518_B0MC37,B0MC37,dev,glyglycine,Mono,False,0.0016,0.0019,0.0003,0.0096,0.0096,0.9988,True
cluster518_B0MC37,B0MC37,dev,glyglycine,Tri,False,0.0474,0.0393,-0.0081,0.0679,0.046,0.9988,True
cluster518_B0MC37,B0MC37,dev,histidine,Di,False,0.0006,0.0006,0.0,0.0069,0.0069,0.9988,True
cluster518_B0MC37,B0MC37,dev,histidine,Mono,False,0.0002,0.0002,0.0,0.0069,0.0069,0.9988,True
cluster518_B0MC37,B0MC37,dev,histidine,Tri,False,0.0033,0.0036,0.0003,0.0096,0.0096,0.9988,True
cluster518_B0MC37,B0MC37,dev,lysine,Di,False,0.0219,0.0259,0.004,0.0264,0.0264,0.9988,True
cluster518_B0MC37,B0MC37,dev,lysine,Mono,False,0.0014,0.0018,0.0004,0.0096,0.0096,0.9988,True
cluster518_B0MC37,B0MC37,dev,lysine,Tri,False,0.0041,0.0036,-0.0005,0.0096,0.0096,0.9988,True
cluster518_B0MC37,B0MC37,dev,methionine,Di,False,0.0042,0.0058,0.0016,0.0096,0.0157,0.9988,True
cluster518_B0MC37,B0MC37,dev,methionine,Mono,False,0.0014,0.0025,0.0011,0.0096,0.0096,0.9988,True
cluster518_B0MC37,B0MC37,dev,methionine,Tri,False,0.0079,0.0118,0.0039,0.0167,0.0264,0.9988,True
cluster518_B0MC37,B0MC37,dev,ornithine,Di,False,0.0055,0.0052,-0.0003,0.0157,0.0157,0.9988,True
cluster518_B0MC37,B0MC37,dev,ornithine,Mono,False,0.001,0.0011,1e-04,0.0069,0.0096,0.9988,True
cluster518_B0MC37,B0MC37,dev,ornithine,Tri,False,0.0038,0.0029,-0.0009,0.0096,0.0096,0.9988,True
cluster518_B0MC37,B0MC37,dev,phenylalanine,Di,True,0.9491,0.9544,0.0053,0.7921,0.7921,0.9988,True
cluster518_B0MC37,B0MC37,dev,phenylalanine,Mono,False,0.0407,0.0688,0.0281,0.046,0.0679,0.9988,True
cluster518_B0MC37,B0MC37,dev,phenylalanine,Tri,True,0.9735,0.9755,0.002,0.8273,0.8333,0.9988,True
cluster518_B0MC37,B0MC37,dev,proline,Di,False,0.0004,0.0005,1e-04,0.0069,0.0069,0.9988,True
cluster518_B0MC37,B0MC37,dev,proline,Mono,False,1e-04,0.0002,1e-04,0.0058,0.0069,0.9988,True
cluster518_B0MC37,B0MC37,dev,proline,Tri,False,0.0035,0.0053,0.0018,0.0096,0.0157,0.9988,True
cluster518_B0MC37,B0MC37,dev,putrescine,Di,False,0.0017,0.0018,1e-04,0.0096,0.0096,0.9988,True
cluster518_B0MC37,B0MC37,dev,putrescine,Mono,False,0.0003,0.0003,0.0,0.0069,0.0069,0.9988,True
cluster518_B0MC37,B0MC37,dev,putrescine,Tri,False,0.0045,0.0047,0.0002,0.0096,0.0097,0.9988,True
cluster518_B0MC37,B0MC37,dev,serine,Di,False,0.0461,0.087,0.0409,0.0679,0.0758,0.9988,True
cluster518_B0MC37,B0MC37,dev,serine,Mono,False,0.0195,0.0407,0.0212,0.0264,0.046,0.9988,True
cluster518_B0MC37,B0MC37,dev,serine,Tri,False,0.0101,0.0176,0.0075,0.0179,0.0264,0.9988,True
cluster518_B0MC37,B0MC37,dev,serotonin,Di,False,0.0006,0.0009,0.0003,0.0069,0.0069,0.9988,True
cluster518_B0MC37,B0MC37,dev,serotonin,Mono,False,0.0021,0.003,0.0009,0.0096,0.0096,0.9988,True
cluster518_B0MC37,B0MC37,dev,serotonin,Tri,False,0.0014,0.002,0.0006,0.0096,0.0096,0.9988,True
cluster518_B0MC37,B0MC37,dev,threonine,Di,False,0.0014,0.002,0.0006,0.0096,0.0096,0.9988,True
cluster518_B0MC37,B0MC37,dev,threonine,Mono,False,0.0018,0.0029,0.0011,0.0096,0.0096,0.9988,True
cluster518_B0MC37,B0MC37,dev,threonine,Tri,False,0.0002,0.0003,1e-04,0.0069,0.0069,0.9988,True
cluster518_B0MC37,B0MC37,dev,tryptamine,Di,False,0.0005,0.0006,1e-04,0.0069,0.0069,0.9988,True
cluster518_B0MC37,B0MC37,dev,tryptamine,Mono,False,0.0,1e-04,1e-04,0.0,0.0058,0.9988,True
cluster518_B0MC37,B0MC37,dev,tryptamine,Tri,False,0.0012,0.0016,0.0004,0.0096,0.0096,0.9988,True
cluster518_B0MC37,B0MC37,dev,tyramine,Di,False,0.0083,0.0113,0.003,0.0167,0.0264,0.9988,True
cluster518_B0MC37,B0MC37,dev,tyramine,Mono,False,0.0753,0.0929,0.0176,0.0679,0.0758,0.9988,True
cluster518_B0MC37,B0MC37,dev,tyramine,Tri,False,0.0191,0.0252,0.0061,0.0264,0.0264,0.9988,True
cluster524_C0CIF5,C0CIF5,test,"2,3_diaminopropionic acid",Di,False,0.0215,0.0111,-0.0104,0.0264,0.0264,0.9971,True
cluster524_C0CIF5,C0CIF5,test,"2,3_diaminopropionic acid",Mono,False,0.0063,0.003,-0.0033,0.0157,0.0096,0.9971,True
cluster524_C0CIF5,C0CIF5,test,"2,3_diaminopropionic acid",Tri,False,0.3499,0.2332,-0.1167,0.2642,0.1466,0.9971,True
cluster524_C0CIF5,C0CIF5,test,2_aminophenol,Di,False,0.3769,0.2482,-0.1287,0.2642,0.1466,0.9971,True
cluster524_C0CIF5,C0CIF5,test,2_aminophenol,Mono,False,0.0292,0.0197,-0.0095,0.0264,0.0264,0.9971,True
cluster524_C0CIF5,C0CIF5,test,2_aminophenol,Tri,False,0.5641,0.451,-0.1131,0.4048,0.37,0.9971,True
cluster524_C0CIF5,C0CIF5,test,3_methoxytyramine,Di,False,0.0272,0.0072,-0.02,0.0264,0.0167,0.9971,True
cluster524_C0CIF5,C0CIF5,test,3_methoxytyramine,Mono,False,0.0015,0.0007,-0.0008,0.0096,0.0069,0.9971,True
cluster524_C0CIF5,C0CIF5,test,3_methoxytyramine,Tri,False,0.0341,0.015,-0.0191,0.0264,0.0264,0.9971,True
cluster524_C0CIF5,C0CIF5,test,alanine,Di,True,0.9737,0.8851,-0.0886,0.8273,0.7547,0.9971,True
cluster524_C0CIF5,C0CIF5,test,alanine,Mono,True,0.8576,0.5692,-0.2884,0.7547,0.566,0.9971,True
cluster524_C0CIF5,C0CIF5,test,alanine,Tri,False,0.2089,0.1485,-0.0604,0.1317,0.1192,0.9971,True
cluster524_C0CIF5,C0CIF5,test,arginine,Di,False,0.0003,0.0002,-1e-04,0.0069,0.0069,0.9971,True
cluster524_C0CIF5,C0CIF5,test,arginine,Mono,False,1e-04,1e-04,0.0,0.0058,0.0058,0.9971,True
cluster524_C0CIF5,C0CIF5,test,arginine,Tri,False,0.0009,0.0008,-1e-04,0.0069,0.0069,0.9971,True
cluster524_C0CIF5,C0CIF5,test,asparagine,Di,False,0.0459,0.0183,-0.0276,0.0679,0.0264,0.9971,True
cluster524_C0CIF5,C0CIF5,test,asparagine,Mono,False,0.0197,0.0072,-0.0125,0.0264,0.0157,0.9971,True
cluster524_C0CIF5,C0CIF5,test,asparagine,Tri,True,0.9337,0.8784,-0.0553,0.7921,0.7547,0.9971,True
cluster524_C0CIF5,C0CIF5,test,cadaverine,Di,False,0.0017,0.0009,-0.0008,0.0096,0.0069,0.9971,True
cluster524_C0CIF5,C0CIF5,test,cadaverine,Mono,False,0.0004,0.0002,-0.0002,0.0069,0.0069,0.9971,True
cluster524_C0CIF5,C0CIF5,test,cadaverine,Tri,False,0.0042,0.0028,-0.0014,0.0096,0.0096,0.9971,True
cluster524_C0CIF5,C0CIF5,test,citrulline,Di,False,0.0026,0.0018,-0.0008,0.0096,0.0096,0.9971,True
cluster524_C0CIF5,C0CIF5,test,citrulline,Mono,False,0.0005,0.0004,-1e-04,0.0069,0.0069,0.9971,True
cluster524_C0CIF5,C0CIF5,test,citrulline,Tri,False,0.0015,0.0014,-1e-04,0.0096,0.0096,0.9971,True
cluster524_C0CIF5,C0CIF5,test,cystine,Di,False,0.0016,0.001,-0.0006,0.0096,0.0096,0.9971,True
cluster524_C0CIF5,C0CIF5,test,cystine,Mono,False,0.0003,0.0002,-1e-04,0.0069,0.0069,0.9971,True
cluster524_C0CIF5,C0CIF5,test,cystine,Tri,False,0.0031,0.0026,-0.0005,0.0096,0.0096,0.9971,True
cluster524_C0CIF5,C0CIF5,test,dopamine,Di,False,0.1089,0.0384,-0.0705,0.0758,0.046,0.9971,True
cluster524_C0CIF5,C0CIF5,test,dopamine,Mono,False,0.0166,0.0066,-0.01,0.0264,0.0157,0.9971,True
cluster524_C0CIF5,C0CIF5,test,dopamine,Tri,True,0.8723,0.7659,-0.1064,0.7547,0.7234,0.9971,True
cluster524_C0CIF5,C0CIF5,test,gaba,Di,True,0.9897,0.9611,-0.0286,0.8873,0.7921,0.9971,True
cluster524_C0CIF5,C0CIF5,test,gaba,Mono,True,0.974,0.9066,-0.0674,0.8273,0.7921,0.9971,True
cluster524_C0CIF5,C0CIF5,test,gaba,Tri,True,0.9949,0.9842,-0.0107,0.8962,0.8343,0.9971,True
cluster524_C0CIF5,C0CIF5,test,glutamine,Di,False,0.0051,0.0028,-0.0023,0.0157,0.0096,0.9971,True
cluster524_C0CIF5,C0CIF5,test,glutamine,Mono,False,0.0046,0.0027,-0.0019,0.0096,0.0096,0.9971,True
cluster524_C0CIF5,C0CIF5,test,glutamine,Tri,False,0.0079,0.0051,-0.0028,0.0167,0.0157,0.9971,True
cluster524_C0CIF5,C0CIF5,test,glyglycine,Di,False,0.0096,0.0039,-0.0057,0.0179,0.0096,0.9971,True
cluster524_C0CIF5,C0CIF5,test,glyglycine,Mono,False,0.0031,0.0016,-0.0015,0.0096,0.0096,0.9971,True
cluster524_C0CIF5,C0CIF5,test,glyglycine,Tri,False,0.0633,0.0391,-0.0242,0.0679,0.046,0.9971,True
cluster524_C0CIF5,C0CIF5,test,histidine,Di,False,0.0007,0.0004,-0.0003,0.0069,0.0069,0.9971,True
cluster524_C0CIF5,C0CIF5,test,histidine,Mono,False,0.0004,0.0003,-1e-04,0.0069,0.0069,0.9971,True
cluster524_C0CIF5,C0CIF5,test,histidine,Tri,False,0.0042,0.0032,-0.001,0.0096,0.0096,0.9971,True
cluster524_C0CIF5,C0CIF5,test,lysine,Di,False,0.0308,0.0201,-0.0107,0.0264,0.0264,0.9971,True
cluster524_C0CIF5,C0CIF5,test,lysine,Mono,False,0.0022,0.0023,1e-04,0.0096,0.0096,0.9971,True
cluster524_C0CIF5,C0CIF5,test,lysine,Tri,False,0.0035,0.003,-0.0005,0.0096,0.0096,0.9971,True
cluster524_C0CIF5,C0CIF5,test,methionine,Di,False,0.0045,0.0036,-0.0009,0.0096,0.0096,0.9971,True
cluster524_C0CIF5,C0CIF5,test,methionine,Mono,False,0.0021,0.002,-1e-04,0.0096,0.0096,0.9971,True
cluster524_C0CIF5,C0CIF5,test,methionine,Tri,False,0.0084,0.0089,0.0005,0.0167,0.0179,0.9971,True
cluster524_C0CIF5,C0CIF5,test,ornithine,Di,False,0.0063,0.0028,-0.0035,0.0157,0.0096,0.9971,True
cluster524_C0CIF5,C0CIF5,test,ornithine,Mono,False,0.0014,0.0007,-0.0007,0.0096,0.0069,0.9971,True
cluster524_C0CIF5,C0CIF5,test,ornithine,Tri,False,0.0032,0.002,-0.0012,0.0096,0.0096,0.9971,True
cluster524_C0CIF5,C0CIF5,test,phenylalanine,Di,True,0.9537,0.8889,-0.0648,0.7921,0.7547,0.9971,True
cluster524_C0CIF5,C0CIF5,test,phenylalanine,Mono,False,0.0888,0.0741,-0.0147,0.0758,0.0679,0.9971,True
cluster524_C0CIF5,C0CIF5,test,phenylalanine,Tri,True,0.977,0.9482,-0.0288,0.8343,0.7921,0.9971,True
cluster524_C0CIF5,C0CIF5,test,proline,Di,False,0.0004,0.0002,-0.0002,0.0069,0.0069,0.9971,True
cluster524_C0CIF5,C0CIF5,test,proline,Mono,False,1e-04,1e-04,0.0,0.0058,0.0058,0.9971,True
cluster524_C0CIF5,C0CIF5,test,proline,Tri,False,0.0032,0.0033,1e-04,0.0096,0.0096,0.9971,True
cluster524_C0CIF5,C0CIF5,test,putrescine,Di,False,0.002,0.0011,-0.0009,0.0096,0.0096,0.9971,True
cluster524_C0CIF5,C0CIF5,test,putrescine,Mono,False,0.0004,0.0003,-1e-04,0.0069,0.0069,0.9971,True
cluster524_C0CIF5,C0CIF5,test,putrescine,Tri,False,0.0051,0.0034,-0.0017,0.0157,0.0096,0.9971,True
cluster524_C0CIF5,C0CIF5,test,serine,Di,False,0.0821,0.063,-0.0191,0.0741,0.0679,0.9971,True
cluster524_C0CIF5,C0CIF5,test,serine,Mono,False,0.0511,0.0456,-0.0055,0.0679,0.0679,0.9971,True
cluster524_C0CIF5,C0CIF5,test,serine,Tri,False,0.0222,0.0169,-0.0053,0.0264,0.0264,0.9971,True
cluster524_C0CIF5,C0CIF5,test,serotonin,Di,False,0.0006,0.0002,-0.0004,0.0069,0.0069,0.9971,True
cluster524_C0CIF5,C0CIF5,test,serotonin,Mono,False,0.0039,0.0017,-0.0022,0.0096,0.0096,0.9971,True
cluster524_C0CIF5,C0CIF5,test,serotonin,Tri,False,0.0015,0.0008,-0.0007,0.0096,0.0069,0.9971,True
cluster524_C0CIF5,C0CIF5,test,threonine,Di,False,0.0036,0.0029,-0.0007,0.0096,0.0096,0.9971,True
cluster524_C0CIF5,C0CIF5,test,threonine,Mono,False,0.0076,0.0089,0.0013,0.0167,0.0179,0.9971,True
cluster524_C0CIF5,C0CIF5,test,threonine,Tri,False,0.0006,0.0005,-1e-04,0.0069,0.0069,0.9971,True
cluster524_C0CIF5,C0CIF5,test,tryptamine,Di,False,0.0004,0.0002,-0.0002,0.0069,0.0069,0.9971,True
cluster524_C0CIF5,C0CIF5,test,tryptamine,Mono,False,1e-04,0.0,-1e-04,0.0058,0.0,0.9971,True
cluster524_C0CIF5,C0CIF5,test,tryptamine,Tri,False,0.0012,0.0007,-0.0005,0.0096,0.0069,0.9971,True
cluster524_C0CIF5,C0CIF5,test,tyramine,Di,False,0.0092,0.0035,-0.0057,0.0179,0.0096,0.9971,True
cluster524_C0CIF5,C0CIF5,test,tyramine,Mono,False,0.1201,0.0644,-0.0557,0.0758,0.0679,0.9971,True
cluster524_C0CIF5,C0CIF5,test,tyramine,Tri,False,0.0228,0.01,-0.0128,0.0264,0.0179,0.9971,True
cluster525_A0A0S2W269,A0A0S2W269,dev,"2,3_diaminopropionic acid",Di,False,0.0087,0.0062,-0.0025,0.0179,0.0157,0.9372,True
cluster525_A0A0S2W269,A0A0S2W269,dev,"2,3_diaminopropionic acid",Mono,False,0.0014,0.0014,0.0,0.0096,0.0096,0.9372,True
cluster525_A0A0S2W269,A0A0S2W269,dev,"2,3_diaminopropionic acid",Tri,False,0.1321,0.1528,0.0207,0.1192,0.1192,0.9372,True
cluster525_A0A0S2W269,A0A0S2W269,dev,2_aminophenol,Di,False,0.0527,0.0682,0.0155,0.0679,0.0679,0.9372,True
cluster525_A0A0S2W269,A0A0S2W269,dev,2_aminophenol,Mono,False,0.0025,0.0034,0.0009,0.0096,0.0096,0.9372,True
cluster525_A0A0S2W269,A0A0S2W269,dev,2_aminophenol,Tri,False,0.1378,0.2255,0.0877,0.1192,0.1466,0.9372,True
cluster525_A0A0S2W269,A0A0S2W269,dev,3_methoxytyramine,Di,False,0.0065,0.0023,-0.0042,0.0157,0.0096,0.9372,True
cluster525_A0A0S2W269,A0A0S2W269,dev,3_methoxytyramine,Mono,False,0.0002,1e-04,-1e-04,0.0069,0.0058,0.9372,True
cluster525_A0A0S2W269,A0A0S2W269,dev,3_methoxytyramine,Tri,False,0.013,0.009,-0.004,0.0264,0.0179,0.9372,True
cluster525_A0A0S2W269,A0A0S2W269,dev,alanine,Di,True,0.9484,0.9231,-0.0253,0.7921,0.7921,0.9372,True
cluster525_A0A0S2W269,A0A0S2W269,dev,alanine,Mono,False,0.5689,0.6061,0.0372,0.566,0.566,0.9372,True
cluster525_A0A0S2W269,A0A0S2W269,dev,alanine,Tri,False,0.0916,0.1304,0.0388,0.0758,0.1192,0.9372,True
cluster525_A0A0S2W269,A0A0S2W269,dev,arginine,Di,False,0.0002,0.0002,0.0,0.0069,0.0069,0.9372,True
cluster525_A0A0S2W269,A0A0S2W269,dev,arginine,Mono,False,0.0,0.0,0.0,0.0,0.0,0.9372,True
cluster525_A0A0S2W269,A0A0S2W269,dev,arginine,Tri,False,0.0005,0.0006,1e-04,0.0069,0.0069,0.9372,True
cluster525_A0A0S2W269,A0A0S2W269,dev,asparagine,Di,False,0.0433,0.021,-0.0223,0.0679,0.0264,0.9372,True
cluster525_A0A0S2W269,A0A0S2W269,dev,asparagine,Mono,False,0.0105,0.0058,-0.0047,0.0179,0.0157,0.9372,True
cluster525_A0A0S2W269,A0A0S2W269,dev,asparagine,Tri,True,0.9482,0.9179,-0.0303,0.7921,0.7921,0.9372,True
cluster525_A0A0S2W269,A0A0S2W269,dev,cadaverine,Di,False,0.0008,0.0007,-1e-04,0.0069,0.0069,0.9372,True
cluster525_A0A0S2W269,A0A0S2W269,dev,cadaverine,Mono,False,1e-04,1e-04,0.0,0.0058,0.0058,0.9372,True
cluster525_A0A0S2W269,A0A0S2W269,dev,cadaverine,Tri,False,0.0022,0.0028,0.0006,0.0096,0.0096,0.9372,True
cluster525_A0A0S2W269,A0A0S2W269,dev,citrulline,Di,False,0.0021,0.0041,0.002,0.0096,0.0096,0.9372,True
cluster525_A0A0S2W269,A0A0S2W269,dev,citrulline,Mono,False,0.0002,0.0005,0.0003,0.0069,0.0069,0.9372,True
cluster525_A0A0S2W269,A0A0S2W269,dev,citrulline,Tri,False,0.0013,0.0034,0.0021,0.0096,0.0096,0.9372,True
cluster525_A0A0S2W269,A0A0S2W269,dev,cystine,Di,False,0.0003,0.0003,0.0,0.0069,0.0069,0.9372,True
cluster525_A0A0S2W269,A0A0S2W269,dev,cystine,Mono,False,0.0,0.0,0.0,0.0,0.0,0.9372,True
cluster525_A0A0S2W269,A0A0S2W269,dev,cystine,Tri,False,0.0006,0.001,0.0004,0.0069,0.0096,0.9372,True
cluster525_A0A0S2W269,A0A0S2W269,dev,dopamine,Di,False,0.0811,0.0249,-0.0562,0.0679,0.0264,0.9372,True
cluster525_A0A0S2W269,A0A0S2W269,dev,dopamine,Mono,False,0.0074,0.0031,-0.0043,0.0167,0.0096,0.9372,True
cluster525_A0A0S2W269,A0A0S2W269,dev,dopamine,Tri,True,0.9094,0.8279,-0.0815,0.7921,0.7547,0.9372,True
cluster525_A0A0S2W269,A0A0S2W269,dev,gaba,Di,True,0.9919,0.9645,-0.0274,0.8962,0.8273,0.9372,True
cluster525_A0A0S2W269,A0A0S2W269,dev,gaba,Mono,True,0.9698,0.8705,-0.0993,0.8273,0.7547,0.9372,True
cluster525_A0A0S2W269,A0A0S2W269,dev,gaba,Tri,True,0.9959,0.9853,-0.0106,0.8962,0.8343,0.9372,True
cluster525_A0A0S2W269,A0A0S2W269,dev,glutamine,Di,False,0.0037,0.0035,-0.0002,0.0096,0.0096,0.9372,True
cluster525_A0A0S2W269,A0A0S2W269,dev,glutamine,Mono,False,0.0017,0.0018,1e-04,0.0096,0.0096,0.9372,True
cluster525_A0A0S2W269,A0A0S2W269,dev,glutamine,Tri,False,0.0057,0.0073,0.0016,0.0157,0.0167,0.9372,True
cluster525_A0A0S2W269,A0A0S2W269,dev,glyglycine,Di,False,0.0046,0.009,0.0044,0.0097,0.0179,0.9372,True
cluster525_A0A0S2W269,A0A0S2W269,dev,glyglycine,Mono,False,0.0009,0.0021,0.0012,0.0069,0.0096,0.9372,True
cluster525_A0A0S2W269,A0A0S2W269,dev,glyglycine,Tri,False,0.0277,0.1767,0.149,0.0264,0.1317,0.9372,True
cluster525_A0A0S2W269,A0A0S2W269,dev,histidine,Di,False,0.0009,0.0008,-1e-04,0.0069,0.0069,0.9372,True
cluster525_A0A0S2W269,A0A0S2W269,dev,histidine,Mono,False,0.0003,0.0004,1e-04,0.0069,0.0069,0.9372,True
cluster525_A0A0S2W269,A0A0S2W269,dev,histidine,Tri,False,0.0044,0.0092,0.0048,0.0096,0.0179,0.9372,True
cluster525_A0A0S2W269,A0A0S2W269,dev,lysine,Di,False,0.0356,0.0338,-0.0018,0.046,0.0264,0.9372,True
cluster525_A0A0S2W269,A0A0S2W269,dev,lysine,Mono,False,0.0015,0.0012,-0.0003,0.0096,0.0096,0.9372,True
cluster525_A0A0S2W269,A0A0S2W269,dev,lysine,Tri,False,0.0038,0.0031,-0.0007,0.0096,0.0096,0.9372,True
cluster525_A0A0S2W269,A0A0S2W269,dev,methionine,Di,False,0.0023,0.0029,0.0006,0.0096,0.0096,0.9372,True
cluster525_A0A0S2W269,A0A0S2W269,dev,methionine,Mono,False,0.0006,0.0011,0.0005,0.0069,0.0096,0.9372,True
cluster525_A0A0S2W269,A0A0S2W269,dev,methionine,Tri,False,0.0058,0.0094,0.0036,0.0157,0.0179,0.9372,True
cluster525_A0A0S2W269,A0A0S2W269,dev,ornithine,Di,False,0.0027,0.002,-0.0007,0.0096,0.0096,0.9372,True
cluster525_A0A0S2W269,A0A0S2W269,dev,ornithine,Mono,False,0.0004,0.0003,-1e-04,0.0069,0.0069,0.9372,True
cluster525_A0A0S2W269,A0A0S2W269,dev,ornithine,Tri,False,0.0016,0.0014,-0.0002,0.0096,0.0096,0.9372,True
cluster525_A0A0S2W269,A0A0S2W269,dev,phenylalanine,Di,True,0.9625,0.8594,-0.1031,0.7921,0.7547,0.9372,True
cluster525_A0A0S2W269,A0A0S2W269,dev,phenylalanine,Mono,False,0.0565,0.0254,-0.0311,0.0679,0.0264,0.9372,True
cluster525_A0A0S2W269,A0A0S2W269,dev,phenylalanine,Tri,True,0.9827,0.9616,-0.0211,0.8343,0.7921,0.9372,True
cluster525_A0A0S2W269,A0A0S2W269,dev,proline,Di,False,0.0004,0.0006,0.0002,0.0069,0.0069,0.9372,True
cluster525_A0A0S2W269,A0A0S2W269,dev,proline,Mono,False,1e-04,0.0002,1e-04,0.0058,0.0069,0.9372,True
cluster525_A0A0S2W269,A0A0S2W269,dev,proline,Tri,False,0.0045,0.0084,0.0039,0.0096,0.0167,0.9372,True
cluster525_A0A0S2W269,A0A0S2W269,dev,putrescine,Di,False,0.0011,0.0009,-0.0002,0.0096,0.0069,0.9372,True
cluster525_A0A0S2W269,A0A0S2W269,dev,putrescine,Mono,False,0.0002,0.0002,0.0,0.0069,0.0069,0.9372,True
cluster525_A0A0S2W269,A0A0S2W269,dev,putrescine,Tri,False,0.0028,0.0035,0.0007,0.0096,0.0096,0.9372,True
cluster525_A0A0S2W269,A0A0S2W269,dev,serine,Di,False,0.045,0.0447,-0.0003,0.0679,0.0679,0.9372,True
cluster525_A0A0S2W269,A0A0S2W269,dev,serine,Mono,False,0.0226,0.034,0.0114,0.0264,0.0264,0.9372,True
cluster525_A0A0S2W269,A0A0S2W269,dev,serine,Tri,False,0.0113,0.0132,0.0019,0.0264,0.0264,0.9372,True
cluster525_A0A0S2W269,A0A0S2W269,dev,serotonin,Di,False,0.0003,1e-04,-0.0002,0.0069,0.0058,0.9372,True
cluster525_A0A0S2W269,A0A0S2W269,dev,serotonin,Mono,False,0.001,0.0006,-0.0004,0.0096,0.0069,0.9372,True
cluster525_A0A0S2W269,A0A0S2W269,dev,serotonin,Tri,False,0.0007,0.0006,-1e-04,0.0069,0.0069,0.9372,True
cluster525_A0A0S2W269,A0A0S2W269,dev,threonine,Di,False,0.0017,0.0019,0.0002,0.0096,0.0096,0.9372,True
cluster525_A0A0S2W269,A0A0S2W269,dev,threonine,Mono,False,0.0023,0.0052,0.0029,0.0096,0.0157,0.9372,True
cluster525_A0A0S2W269,A0A0S2W269,dev,threonine,Tri,False,0.0003,0.0004,1e-04,0.0069,0.0069,0.9372,True
cluster525_A0A0S2W269,A0A0S2W269,dev,tryptamine,Di,False,0.0002,1e-04,-1e-04,0.0069,0.0058,0.9372,True
cluster525_A0A0S2W269,A0A0S2W269,dev,tryptamine,Mono,False,0.0,0.0,0.0,0.0,0.0,0.9372,True
cluster525_A0A0S2W269,A0A0S2W269,dev,tryptamine,Tri,False,0.0005,0.0007,0.0002,0.0069,0.0069,0.9372,True
cluster525_A0A0S2W269,A0A0S2W269,dev,tyramine,Di,False,0.0047,0.0023,-0.0024,0.0097,0.0096,0.9372,True
cluster525_A0A0S2W269,A0A0S2W269,dev,tyramine,Mono,False,0.0264,0.0166,-0.0098,0.0264,0.0264,0.9372,True
cluster525_A0A0S2W269,A0A0S2W269,dev,tyramine,Tri,False,0.0132,0.0109,-0.0023,0.0264,0.0264,0.9372,True
cluster537_B7AVX6,B7AVX6,dev,"2,3_diaminopropionic acid",Di,False,0.0332,0.1369,0.1037,0.0264,0.1192,0.9943,True
cluster537_B7AVX6,B7AVX6,dev,"2,3_diaminopropionic acid",Mono,False,0.0173,0.0612,0.0439,0.0264,0.0679,0.9943,True
cluster537_B7AVX6,B7AVX6,dev,"2,3_diaminopropionic acid",Tri,False,0.5023,0.9014,0.3991,0.4048,0.7921,0.9943,True
cluster537_B7AVX6,B7AVX6,dev,2_aminophenol,Di,False,0.6847,0.8769,0.1922,0.5862,0.7547,0.9943,True
cluster537_B7AVX6,B7AVX6,dev,2_aminophenol,Mono,False,0.1529,0.3042,0.1513,0.1192,0.22,0.9943,True
cluster537_B7AVX6,B7AVX6,dev,2_aminophenol,Tri,True,0.8903,0.9601,0.0698,0.7547,0.7921,0.9943,True
cluster537_B7AVX6,B7AVX6,dev,3_methoxytyramine,Di,False,0.0443,0.02,-0.0243,0.0679,0.0264,0.9943,True
cluster537_B7AVX6,B7AVX6,dev,3_methoxytyramine,Mono,False,0.0073,0.0031,-0.0042,0.0167,0.0096,0.9943,True
cluster537_B7AVX6,B7AVX6,dev,3_methoxytyramine,Tri,False,0.084,0.0592,-0.0248,0.0741,0.0679,0.9943,True
cluster537_B7AVX6,B7AVX6,dev,alanine,Di,True,0.9791,0.9928,0.0137,0.8343,0.8962,0.9943,True
cluster537_B7AVX6,B7AVX6,dev,alanine,Mono,True,0.9437,0.9783,0.0346,0.7921,0.8343,0.9943,True
cluster537_B7AVX6,B7AVX6,dev,alanine,Tri,False,0.6606,0.9586,0.298,0.5862,0.7921,0.9943,True
cluster537_B7AVX6,B7AVX6,dev,arginine,Di,False,0.0008,0.0044,0.0036,0.0069,0.0096,0.9943,True
cluster537_B7AVX6,B7AVX6,dev,arginine,Mono,False,0.0004,0.0016,0.0012,0.0069,0.0096,0.9943,True
cluster537_B7AVX6,B7AVX6,dev,arginine,Tri,False,0.0027,0.0255,0.0228,0.0096,0.0264,0.9943,True
cluster537_B7AVX6,B7AVX6,dev,asparagine,Di,False,0.0561,0.1503,0.0942,0.0679,0.1192,0.9943,True
cluster537_B7AVX6,B7AVX6,dev,asparagine,Mono,False,0.0296,0.0713,0.0417,0.0264,0.0679,0.9943,True
cluster537_B7AVX6,B7AVX6,dev,asparagine,Tri,True,0.9419,0.9729,0.031,0.7921,0.8273,0.9943,True
cluster537_B7AVX6,B7AVX6,dev,cadaverine,Di,False,0.0035,0.0073,0.0038,0.0096,0.0167,0.9943,True
cluster537_B7AVX6,B7AVX6,dev,cadaverine,Mono,False,0.0014,0.0022,0.0008,0.0096,0.0096,0.9943,True
cluster537_B7AVX6,B7AVX6,dev,cadaverine,Tri,False,0.0082,0.0169,0.0087,0.0167,0.0264,0.9943,True
cluster537_B7AVX6,B7AVX6,dev,citrulline,Di,False,0.0082,0.0594,0.0512,0.0167,0.0679,0.9943,True
cluster537_B7AVX6,B7AVX6,dev,citrulline,Mono,False,0.0029,0.0144,0.0115,0.0096,0.0264,0.9943,True
cluster537_B7AVX6,B7AVX6,dev,citrulline,Tri,False,0.0057,0.0345,0.0288,0.0157,0.046,0.9943,True
cluster537_B7AVX6,B7AVX6,dev,cystine,Di,False,0.0024,0.0087,0.0063,0.0096,0.0179,0.9943,True
cluster537_B7AVX6,B7AVX6,dev,cystine,Mono,False,0.0007,0.002,0.0013,0.0069,0.0096,0.9943,True
cluster537_B7AVX6,B7AVX6,dev,cystine,Tri,False,0.007,0.0221,0.0151,0.0157,0.0264,0.9943,True
cluster537_B7AVX6,B7AVX6,dev,dopamine,Di,False,0.203,0.1927,-0.0103,0.1317,0.1317,0.9943,True
cluster537_B7AVX6,B7AVX6,dev,dopamine,Mono,False,0.0685,0.0526,-0.0159,0.0679,0.0679,0.9943,True
cluster537_B7AVX6,B7AVX6,dev,dopamine,Tri,True,0.9405,0.9486,0.0081,0.7921,0.7921,0.9943,True
cluster537_B7AVX6,B7AVX6,dev,gaba,Di,True,0.9909,0.9901,-0.0008,0.8962,0.8873,0.9943,True
cluster537_B7AVX6,B7AVX6,dev,gaba,Mono,True,0.9849,0.9773,-0.0076,0.8343,0.8343,0.9943,True
cluster537_B7AVX6,B7AVX6,dev,gaba,Tri,True,0.9961,0.9956,-0.0005,0.9,0.8962,0.9943,True
cluster537_B7AVX6,B7AVX6,dev,glutamine,Di,False,0.0092,0.0596,0.0504,0.0179,0.0679,0.9943,True
cluster537_B7AVX6,B7AVX6,dev,glutamine,Mono,False,0.011,0.0559,0.0449,0.0264,0.0679,0.9943,True
cluster537_B7AVX6,B7AVX6,dev,glutamine,Tri,False,0.0146,0.0902,0.0756,0.0264,0.0758,0.9943,True
cluster537_B7AVX6,B7AVX6,dev,glyglycine,Di,False,0.0083,0.0436,0.0353,0.0167,0.0679,0.9943,True
cluster537_B7AVX6,B7AVX6,dev,glyglycine,Mono,False,0.0047,0.0231,0.0184,0.0097,0.0264,0.9943,True
cluster537_B7AVX6,B7AVX6,dev,glyglycine,Tri,False,0.0644,0.3674,0.303,0.0679,0.2642,0.9943,True
cluster537_B7AVX6,B7AVX6,dev,histidine,Di,False,0.0007,0.0031,0.0024,0.0069,0.0096,0.9943,True
cluster537_B7AVX6,B7AVX6,dev,histidine,Mono,False,0.0006,0.0028,0.0022,0.0069,0.0096,0.9943,True
cluster537_B7AVX6,B7AVX6,dev,histidine,Tri,False,0.005,0.0213,0.0163,0.0157,0.0264,0.9943,True
cluster537_B7AVX6,B7AVX6,dev,lysine,Di,False,0.1344,0.5558,0.4214,0.1192,0.4048,0.9943,True
cluster537_B7AVX6,B7AVX6,dev,lysine,Mono,False,0.0165,0.0595,0.043,0.0264,0.0679,0.9943,True
cluster537_B7AVX6,B7AVX6,dev,lysine,Tri,False,0.0136,0.0566,0.043,0.0264,0.0679,0.9943,True
cluster537_B7AVX6,B7AVX6,dev,methionine,Di,False,0.0168,0.1735,0.1567,0.0264,0.1317,0.9943,True
cluster537_B7AVX6,B7AVX6,dev,methionine,Mono,False,0.0124,0.1029,0.0905,0.0264,0.0758,0.9943,True
cluster537_B7AVX6,B7AVX6,dev,methionine,Tri,False,0.0413,0.3656,0.3243,0.046,0.2642,0.9943,True
cluster537_B7AVX6,B7AVX6,dev,ornithine,Di,False,0.0129,0.0546,0.0417,0.0264,0.0679,0.9943,True
cluster537_B7AVX6,B7AVX6,dev,ornithine,Mono,False,0.0055,0.015,0.0095,0.0157,0.0264,0.9943,True
cluster537_B7AVX6,B7AVX6,dev,ornithine,Tri,False,0.0066,0.0251,0.0185,0.0157,0.0264,0.9943,True
cluster537_B7AVX6,B7AVX6,dev,phenylalanine,Di,True,0.9636,0.9847,0.0211,0.8273,0.8343,0.9943,True
cluster537_B7AVX6,B7AVX6,dev,phenylalanine,Mono,False,0.2354,0.3734,0.138,0.1466,0.2642,0.9943,True
cluster537_B7AVX6,B7AVX6,dev,phenylalanine,Tri,True,0.9867,0.9933,0.0066,0.8343,0.8962,0.9943,True
cluster537_B7AVX6,B7AVX6,dev,proline,Di,False,0.0008,0.0023,0.0015,0.0069,0.0096,0.9943,True
cluster537_B7AVX6,B7AVX6,dev,proline,Mono,False,0.0006,0.0014,0.0008,0.0069,0.0096,0.9943,True
cluster537_B7AVX6,B7AVX6,dev,proline,Tri,False,0.0106,0.0357,0.0251,0.0264,0.046,0.9943,True
cluster537_B7AVX6,B7AVX6,dev,putrescine,Di,False,0.0046,0.0097,0.0051,0.0097,0.0179,0.9943,True
cluster537_B7AVX6,B7AVX6,dev,putrescine,Mono,False,0.0017,0.0027,0.001,0.0096,0.0096,0.9943,True
cluster537_B7AVX6,B7AVX6,dev,putrescine,Tri,False,0.0107,0.0223,0.0116,0.0264,0.0264,0.9943,True
cluster537_B7AVX6,B7AVX6,dev,serine,Di,False,0.1117,0.6563,0.5446,0.0758,0.5862,0.9943,True
cluster537_B7AVX6,B7AVX6,dev,serine,Mono,False,0.2011,0.8325,0.6314,0.1317,0.7547,0.9943,True
cluster537_B7AVX6,B7AVX6,dev,serine,Tri,False,0.0369,0.3222,0.2853,0.046,0.2642,0.9943,True
cluster537_B7AVX6,B7AVX6,dev,serotonin,Di,False,0.0015,0.0013,-0.0002,0.0096,0.0096,0.9943,True
cluster537_B7AVX6,B7AVX6,dev,serotonin,Mono,False,0.018,0.0139,-0.0041,0.0264,0.0264,0.9943,True
cluster537_B7AVX6,B7AVX6,dev,serotonin,Tri,False,0.004,0.0044,0.0004,0.0096,0.0096,0.9943,True
cluster537_B7AVX6,B7AVX6,dev,threonine,Di,False,0.0072,0.0711,0.0639,0.0167,0.0679,0.9943,True
cluster537_B7AVX6,B7AVX6,dev,threonine,Mono,False,0.0412,0.4299,0.3887,0.046,0.37,0.9943,True
cluster537_B7AVX6,B7AVX6,dev,threonine,Tri,False,0.0015,0.016,0.0145,0.0096,0.0264,0.9943,True
cluster537_B7AVX6,B7AVX6,dev,tryptamine,Di,False,0.0011,0.0014,0.0003,0.0096,0.0096,0.9943,True
cluster537_B7AVX6,B7AVX6,dev,tryptamine,Mono,False,0.0003,0.0003,0.0,0.0069,0.0069,0.9943,True
cluster537_B7AVX6,B7AVX6,dev,tryptamine,Tri,False,0.0039,0.0045,0.0006,0.0096,0.0096,0.9943,True
cluster537_B7AVX6,B7AVX6,dev,tyramine,Di,False,0.0509,0.0564,0.0055,0.0679,0.0679,0.9943,True
cluster537_B7AVX6,B7AVX6,dev,tyramine,Mono,True,0.6334,0.6317,-0.0017,0.5862,0.5862,0.9943,True
cluster537_B7AVX6,B7AVX6,dev,tyramine,Tri,False,0.1329,0.1426,0.0097,0.1192,0.1192,0.9943,True
cluster54_A0A069S9I0,A0A069S9I0,test,"2,3_diaminopropionic acid",Di,False,0.0013,0.0192,0.0179,0.0096,0.0264,0.9923,True
cluster54_A0A069S9I0,A0A069S9I0,test,"2,3_diaminopropionic acid",Mono,False,0.0003,0.0047,0.0044,0.0069,0.0097,0.9923,True
cluster54_A0A069S9I0,A0A069S9I0,test,"2,3_diaminopropionic acid",Tri,False,0.0096,0.2911,0.2815,0.0179,0.1867,0.9923,True
cluster54_A0A069S9I0,A0A069S9I0,test,2_aminophenol,Di,False,0.0196,0.4178,0.3982,0.0264,0.37,0.9923,True
cluster54_A0A069S9I0,A0A069S9I0,test,2_aminophenol,Mono,False,0.001,0.0273,0.0263,0.0069,0.0264,0.9923,True
cluster54_A0A069S9I0,A0A069S9I0,test,2_aminophenol,Tri,False,0.0223,0.5525,0.5302,0.0264,0.4048,0.9923,True
cluster54_A0A069S9I0,A0A069S9I0,test,3_methoxytyramine,Di,False,0.0033,0.0229,0.0196,0.0096,0.0264,0.9923,True
cluster54_A0A069S9I0,A0A069S9I0,test,3_methoxytyramine,Mono,False,1e-04,0.0013,0.0012,0.0058,0.0096,0.9923,True
cluster54_A0A069S9I0,A0A069S9I0,test,3_methoxytyramine,Tri,False,0.001,0.0295,0.0285,0.0096,0.0264,0.9923,True
cluster54_A0A069S9I0,A0A069S9I0,test,alanine,Di,False,0.0629,0.7924,0.7295,0.0679,0.7463,0.9923,True
cluster54_A0A069S9I0,A0A069S9I0,test,alanine,Mono,False,0.0091,0.3346,0.3255,0.0179,0.2642,0.9923,True
cluster54_A0A069S9I0,A0A069S9I0,test,alanine,Tri,False,0.0005,0.0436,0.0431,0.0069,0.0679,0.9923,True
cluster54_A0A069S9I0,A0A069S9I0,test,arginine,Di,False,0.0,0.0005,0.0005,0.0,0.0069,0.9923,True
cluster54_A0A069S9I0,A0A069S9I0,test,arginine,Mono,False,0.0,0.0002,0.0002,0.0,0.0069,0.9923,True
cluster54_A0A069S9I0,A0A069S9I0,test,arginine,Tri,False,0.0,0.0019,0.0019,0.0,0.0096,0.9923,True
cluster54_A0A069S9I0,A0A069S9I0,test,asparagine,Di,False,0.0008,0.0227,0.0219,0.0069,0.0264,0.9923,True
cluster54_A0A069S9I0,A0A069S9I0,test,asparagine,Mono,False,0.0004,0.0085,0.0081,0.0069,0.0167,0.9923,True
cluster54_A0A069S9I0,A0A069S9I0,test,asparagine,Tri,False,0.0806,0.8328,0.7522,0.0679,0.7547,0.9923,True
cluster54_A0A069S9I0,A0A069S9I0,test,cadaverine,Di,False,1e-04,0.001,0.0009,0.0058,0.0096,0.9923,True
cluster54_A0A069S9I0,A0A069S9I0,test,cadaverine,Mono,False,0.0,0.0002,0.0002,0.0,0.0069,0.9923,True
cluster54_A0A069S9I0,A0A069S9I0,test,cadaverine,Tri,False,1e-04,0.002,0.0019,0.0058,0.0096,0.9923,True
cluster54_A0A069S9I0,A0A069S9I0,test,citrulline,Di,False,1e-04,0.0033,0.0032,0.0058,0.0096,0.9923,True
cluster54_A0A069S9I0,A0A069S9I0,test,citrulline,Mono,False,0.0,0.0006,0.0006,0.0,0.0069,0.9923,True
cluster54_A0A069S9I0,A0A069S9I0,test,citrulline,Tri,False,0.0,0.0016,0.0016,0.0,0.0096,0.9923,True
cluster54_A0A069S9I0,A0A069S9I0,test,cystine,Di,False,1e-04,0.0017,0.0016,0.0058,0.0096,0.9923,True
cluster54_A0A069S9I0,A0A069S9I0,test,cystine,Mono,False,0.0,0.0002,0.0002,0.0,0.0069,0.9923,True
cluster54_A0A069S9I0,A0A069S9I0,test,cystine,Tri,False,1e-04,0.0023,0.0022,0.0058,0.0096,0.9923,True
cluster54_A0A069S9I0,A0A069S9I0,test,dopamine,Di,False,0.0044,0.0725,0.0681,0.0096,0.0679,0.9923,True
cluster54_A0A069S9I0,A0A069S9I0,test,dopamine,Mono,False,0.0006,0.0106,0.01,0.0069,0.0264,0.9923,True
cluster54_A0A069S9I0,A0A069S9I0,test,dopamine,Tri,False,0.0631,0.7271,0.664,0.0679,0.7234,0.9923,True
cluster54_A0A069S9I0,A0A069S9I0,test,gaba,Di,False,0.0278,0.8732,0.8454,0.0264,0.7547,0.9923,True
cluster54_A0A069S9I0,A0A069S9I0,test,gaba,Mono,False,0.012,0.6938,0.6818,0.0264,0.6364,0.9923,True
cluster54_A0A069S9I0,A0A069S9I0,test,gaba,Tri,False,0.0305,0.9116,0.8811,0.0264,0.7921,0.9923,True
cluster54_A0A069S9I0,A0A069S9I0,test,glutamine,Di,False,0.0002,0.0037,0.0035,0.0069,0.0096,0.9923,True
cluster54_A0A069S9I0,A0A069S9I0,test,glutamine,Mono,False,0.0002,0.0031,0.0029,0.0069,0.0096,0.9923,True
cluster54_A0A069S9I0,A0A069S9I0,test,glutamine,Tri,False,1e-04,0.0052,0.0051,0.0058,0.0157,0.9923,True
cluster54_A0A069S9I0,A0A069S9I0,test,glyglycine,Di,False,1e-04,0.0029,0.0028,0.0058,0.0096,0.9923,True
cluster54_A0A069S9I0,A0A069S9I0,test,glyglycine,Mono,False,0.0,0.0009,0.0009,0.0,0.0069,0.9923,True
cluster54_A0A069S9I0,A0A069S9I0,test,glyglycine,Tri,False,0.0002,0.0125,0.0123,0.0069,0.0264,0.9923,True
cluster54_A0A069S9I0,A0A069S9I0,test,histidine,Di,False,0.0,0.0011,0.0011,0.0,0.0096,0.9923,True
cluster54_A0A069S9I0,A0A069S9I0,test,histidine,Mono,False,0.0,0.0007,0.0007,0.0,0.0069,0.9923,True
cluster54_A0A069S9I0,A0A069S9I0,test,histidine,Tri,False,0.0,0.0042,0.0042,0.0,0.0096,0.9923,True
cluster54_A0A069S9I0,A0A069S9I0,test,lysine,Di,False,0.0007,0.0272,0.0265,0.0069,0.0264,0.9923,True
cluster54_A0A069S9I0,A0A069S9I0,test,lysine,Mono,False,1e-04,0.0021,0.002,0.0058,0.0096,0.9923,True
cluster54_A0A069S9I0,A0A069S9I0,test,lysine,Tri,False,1e-04,0.0028,0.0027,0.0058,0.0096,0.9923,True
cluster54_A0A069S9I0,A0A069S9I0,test,methionine,Di,False,0.0002,0.0061,0.0059,0.0069,0.0157,0.9923,True
cluster54_A0A069S9I0,A0A069S9I0,test,methionine,Mono,False,1e-04,0.0026,0.0025,0.0058,0.0096,0.9923,True
cluster54_A0A069S9I0,A0A069S9I0,test,methionine,Tri,False,1e-04,0.0095,0.0094,0.0058,0.0179,0.9923,True
cluster54_A0A069S9I0,A0A069S9I0,test,ornithine,Di,False,0.0006,0.0106,0.01,0.0069,0.0264,0.9923,True
cluster54_A0A069S9I0,A0A069S9I0,test,ornithine,Mono,False,0.0002,0.0025,0.0023,0.0069,0.0096,0.9923,True
cluster54_A0A069S9I0,A0A069S9I0,test,ornithine,Tri,False,1e-04,0.0043,0.0042,0.0058,0.0096,0.9923,True
cluster54_A0A069S9I0,A0A069S9I0,test,phenylalanine,Di,False,0.0798,0.8881,0.8083,0.0679,0.7547,0.9923,True
cluster54_A0A069S9I0,A0A069S9I0,test,phenylalanine,Mono,False,0.0007,0.0403,0.0396,0.0069,0.046,0.9923,True
cluster54_A0A069S9I0,A0A069S9I0,test,phenylalanine,Tri,False,0.0852,0.9324,0.8472,0.0758,0.7921,0.9923,True
cluster54_A0A069S9I0,A0A069S9I0,test,proline,Di,False,0.0,0.0006,0.0006,0.0,0.0069,0.9923,True
cluster54_A0A069S9I0,A0A069S9I0,test,proline,Mono,False,0.0,0.0003,0.0003,0.0,0.0069,0.9923,True
cluster54_A0A069S9I0,A0A069S9I0,test,proline,Tri,False,1e-04,0.004,0.0039,0.0058,0.0096,0.9923,True
cluster54_A0A069S9I0,A0A069S9I0,test,putrescine,Di,False,1e-04,0.0012,0.0011,0.0058,0.0096,0.9923,True
cluster54_A0A069S9I0,A0A069S9I0,test,putrescine,Mono,False,0.0,0.0003,0.0003,0.0,0.0069,0.9923,True
cluster54_A0A069S9I0,A0A069S9I0,test,putrescine,Tri,False,1e-04,0.0024,0.0023,0.0058,0.0096,0.9923,True
cluster54_A0A069S9I0,A0A069S9I0,test,serine,Di,False,0.0007,0.0592,0.0585,0.0069,0.0679,0.9923,True
cluster54_A0A069S9I0,A0A069S9I0,test,serine,Mono,False,0.0004,0.0289,0.0285,0.0069,0.0264,0.9923,True
cluster54_A0A069S9I0,A0A069S9I0,test,serine,Tri,False,1e-04,0.0112,0.0111,0.0058,0.0264,0.9923,True
cluster54_A0A069S9I0,A0A069S9I0,test,serotonin,Di,False,0.0,0.0007,0.0007,0.0,0.0069,0.9923,True
cluster54_A0A069S9I0,A0A069S9I0,test,serotonin,Mono,False,0.0003,0.0058,0.0055,0.0069,0.0157,0.9923,True
cluster54_A0A069S9I0,A0A069S9I0,test,serotonin,Tri,False,0.0,0.0017,0.0017,0.0,0.0096,0.9923,True
cluster54_A0A069S9I0,A0A069S9I0,test,threonine,Di,False,0.0,0.0033,0.0033,0.0,0.0096,0.9923,True
cluster54_A0A069S9I0,A0A069S9I0,test,threonine,Mono,False,1e-04,0.0055,0.0054,0.0058,0.0157,0.9923,True
cluster54_A0A069S9I0,A0A069S9I0,test,threonine,Tri,False,0.0,0.0005,0.0005,0.0,0.0069,0.9923,True
cluster54_A0A069S9I0,A0A069S9I0,test,tryptamine,Di,False,0.0,0.0005,0.0005,0.0,0.0069,0.9923,True
cluster54_A0A069S9I0,A0A069S9I0,test,tryptamine,Mono,False,0.0,1e-04,1e-04,0.0,0.0058,0.9923,True
cluster54_A0A069S9I0,A0A069S9I0,test,tryptamine,Tri,False,1e-04,0.0013,0.0012,0.0058,0.0096,0.9923,True
cluster54_A0A069S9I0,A0A069S9I0,test,tyramine,Di,False,0.0002,0.0073,0.0071,0.0069,0.0167,0.9923,True
cluster54_A0A069S9I0,A0A069S9I0,test,tyramine,Mono,False,0.0031,0.0909,0.0878,0.0096,0.0758,0.9923,True
cluster54_A0A069S9I0,A0A069S9I0,test,tyramine,Tri,False,0.0002,0.0143,0.0141,0.0069,0.0264,0.9923,True
cluster5_A7A5K1,A7A5K1,test,"2,3_diaminopropionic acid",Di,False,0.0004,0.0038,0.0034,0.0069,0.0096,0.9837,True
cluster5_A7A5K1,A7A5K1,test,"2,3_diaminopropionic acid",Mono,False,1e-04,0.0012,0.0011,0.0058,0.0096,0.9837,True
cluster5_A7A5K1,A7A5K1,test,"2,3_diaminopropionic acid",Tri,False,0.0069,0.1369,0.13,0.0157,0.1192,0.9837,True
cluster5_A7A5K1,A7A5K1,test,2_aminophenol,Di,False,0.0063,0.3153,0.309,0.0157,0.22,0.9837,True
cluster5_A7A5K1,A7A5K1,test,2_aminophenol,Mono,False,0.0007,0.0321,0.0314,0.0069,0.0264,0.9837,True
cluster5_A7A5K1,A7A5K1,test,2_aminophenol,Tri,False,0.0149,0.5403,0.5254,0.0264,0.4048,0.9837,True
cluster5_A7A5K1,A7A5K1,test,3_methoxytyramine,Di,False,0.0004,0.0059,0.0055,0.0069,0.0157,0.9837,True
cluster5_A7A5K1,A7A5K1,test,3_methoxytyramine,Mono,False,0.0,0.0005,0.0005,0.0,0.0069,0.9837,True
cluster5_A7A5K1,A7A5K1,test,3_methoxytyramine,Tri,False,0.0004,0.0127,0.0123,0.0069,0.0264,0.9837,True
cluster5_A7A5K1,A7A5K1,test,alanine,Di,False,0.0357,0.6364,0.6007,0.046,0.5862,0.9837,True
cluster5_A7A5K1,A7A5K1,test,alanine,Mono,False,0.0056,0.2206,0.215,0.0157,0.1466,0.9837,True
cluster5_A7A5K1,A7A5K1,test,alanine,Tri,False,0.0032,0.1463,0.1431,0.0096,0.1192,0.9837,True
cluster5_A7A5K1,A7A5K1,test,arginine,Di,False,0.0,1e-04,1e-04,0.0,0.0058,0.9837,True
cluster5_A7A5K1,A7A5K1,test,arginine,Mono,False,0.0,0.0,0.0,0.0,0.0,0.9837,True
cluster5_A7A5K1,A7A5K1,test,arginine,Tri,False,0.0,0.0007,0.0007,0.0,0.0069,0.9837,True
cluster5_A7A5K1,A7A5K1,test,asparagine,Di,False,0.0005,0.0108,0.0103,0.0069,0.0264,0.9837,True
cluster5_A7A5K1,A7A5K1,test,asparagine,Mono,False,0.0002,0.0041,0.0039,0.0069,0.0096,0.9837,True
cluster5_A7A5K1,A7A5K1,test,asparagine,Tri,False,0.0886,0.7136,0.625,0.0758,0.6364,0.9837,True
cluster5_A7A5K1,A7A5K1,test,cadaverine,Di,False,0.0,0.0007,0.0007,0.0,0.0069,0.9837,True
cluster5_A7A5K1,A7A5K1,test,cadaverine,Mono,False,0.0,0.0002,0.0002,0.0,0.0069,0.9837,True
cluster5_A7A5K1,A7A5K1,test,cadaverine,Tri,False,1e-04,0.0018,0.0017,0.0058,0.0096,0.9837,True
cluster5_A7A5K1,A7A5K1,test,citrulline,Di,False,0.0,0.001,0.001,0.0058,0.0069,0.9837,True
cluster5_A7A5K1,A7A5K1,test,citrulline,Mono,False,0.0,0.0002,0.0002,0.0,0.0069,0.9837,True
cluster5_A7A5K1,A7A5K1,test,citrulline,Tri,False,0.0,0.0008,0.0008,0.0,0.0069,0.9837,True
cluster5_A7A5K1,A7A5K1,test,cystine,Di,False,0.0,0.0007,0.0007,0.0,0.0069,0.9837,True
cluster5_A7A5K1,A7A5K1,test,cystine,Mono,False,0.0,1e-04,1e-04,0.0,0.0058,0.9837,True
cluster5_A7A5K1,A7A5K1,test,cystine,Tri,False,1e-04,0.0015,0.0014,0.0058,0.0096,0.9837,True
cluster5_A7A5K1,A7A5K1,test,dopamine,Di,False,0.0011,0.0299,0.0288,0.0096,0.0264,0.9837,True
cluster5_A7A5K1,A7A5K1,test,dopamine,Mono,False,0.0002,0.0061,0.0059,0.0069,0.0157,0.9837,True
cluster5_A7A5K1,A7A5K1,test,dopamine,Tri,False,0.0387,0.6624,0.6237,0.046,0.5862,0.9837,True
cluster5_A7A5K1,A7A5K1,test,gaba,Di,False,0.0199,0.5924,0.5725,0.0264,0.566,0.9837,True
cluster5_A7A5K1,A7A5K1,test,gaba,Mono,False,0.0069,0.386,0.3791,0.0157,0.2642,0.9837,True
cluster5_A7A5K1,A7A5K1,test,gaba,Tri,False,0.0293,0.7544,0.7251,0.0264,0.7234,0.9837,True
cluster5_A7A5K1,A7A5K1,test,glutamine,Di,False,1e-04,0.0029,0.0028,0.0058,0.0096,0.9837,True
cluster5_A7A5K1,A7A5K1,test,glutamine,Mono,False,1e-04,0.0026,0.0025,0.0058,0.0096,0.9837,True
cluster5_A7A5K1,A7A5K1,test,glutamine,Tri,False,0.0002,0.0046,0.0044,0.0069,0.0097,0.9837,True
cluster5_A7A5K1,A7A5K1,test,glyglycine,Di,False,1e-04,0.0027,0.0026,0.0058,0.0096,0.9837,True
cluster5_A7A5K1,A7A5K1,test,glyglycine,Mono,False,0.0,0.0008,0.0008,0.0,0.0069,0.9837,True
cluster5_A7A5K1,A7A5K1,test,glyglycine,Tri,False,0.0005,0.0218,0.0213,0.0069,0.0264,0.9837,True
cluster5_A7A5K1,A7A5K1,test,histidine,Di,False,0.0,0.0003,0.0003,0.0,0.0069,0.9837,True
cluster5_A7A5K1,A7A5K1,test,histidine,Mono,False,0.0,0.0002,0.0002,0.0,0.0069,0.9837,True
cluster5_A7A5K1,A7A5K1,test,histidine,Tri,False,1e-04,0.0019,0.0018,0.0058,0.0096,0.9837,True
cluster5_A7A5K1,A7A5K1,test,lysine,Di,False,0.0004,0.0165,0.0161,0.0069,0.0264,0.9837,True
cluster5_A7A5K1,A7A5K1,test,lysine,Mono,False,0.0,0.001,0.001,0.0,0.0069,0.9837,True
cluster5_A7A5K1,A7A5K1,test,lysine,Tri,False,0.0,0.0018,0.0018,0.0,0.0096,0.9837,True
cluster5_A7A5K1,A7A5K1,test,methionine,Di,False,1e-04,0.0019,0.0018,0.0058,0.0096,0.9837,True
cluster5_A7A5K1,A7A5K1,test,methionine,Mono,False,0.0,0.0011,0.0011,0.0,0.0096,0.9837,True
cluster5_A7A5K1,A7A5K1,test,methionine,Tri,False,0.0002,0.0044,0.0042,0.0069,0.0096,0.9837,True
cluster5_A7A5K1,A7A5K1,test,ornithine,Di,False,1e-04,0.0015,0.0014,0.0058,0.0096,0.9837,True
cluster5_A7A5K1,A7A5K1,test,ornithine,Mono,False,0.0,0.0004,0.0004,0.0,0.0069,0.9837,True
cluster5_A7A5K1,A7A5K1,test,ornithine,Tri,False,1e-04,0.0009,0.0008,0.0058,0.0069,0.9837,True
cluster5_A7A5K1,A7A5K1,test,phenylalanine,Di,False,0.0375,0.5821,0.5446,0.046,0.566,0.9837,True
cluster5_A7A5K1,A7A5K1,test,phenylalanine,Mono,False,0.0007,0.0164,0.0157,0.0069,0.0264,0.9837,True
cluster5_A7A5K1,A7A5K1,test,phenylalanine,Tri,False,0.0763,0.7911,0.7148,0.0679,0.7234,0.9837,True
cluster5_A7A5K1,A7A5K1,test,proline,Di,False,0.0,0.0003,0.0003,0.0,0.0069,0.9837,True
cluster5_A7A5K1,A7A5K1,test,proline,Mono,False,0.0,1e-04,1e-04,0.0,0.0058,0.9837,True
cluster5_A7A5K1,A7A5K1,test,proline,Tri,False,1e-04,0.003,0.0029,0.0058,0.0096,0.9837,True
cluster5_A7A5K1,A7A5K1,test,putrescine,Di,False,0.0,0.0009,0.0009,0.0,0.0069,0.9837,True
cluster5_A7A5K1,A7A5K1,test,putrescine,Mono,False,0.0,0.0002,0.0002,0.0,0.0069,0.9837,True
cluster5_A7A5K1,A7A5K1,test,putrescine,Tri,False,1e-04,0.0022,0.0021,0.0058,0.0096,0.9837,True
cluster5_A7A5K1,A7A5K1,test,serine,Di,False,0.0008,0.0301,0.0293,0.0069,0.0264,0.9837,True
cluster5_A7A5K1,A7A5K1,test,serine,Mono,False,0.001,0.0293,0.0283,0.0069,0.0264,0.9837,True
cluster5_A7A5K1,A7A5K1,test,serine,Tri,False,1e-04,0.0081,0.008,0.0058,0.0167,0.9837,True
cluster5_A7A5K1,A7A5K1,test,serotonin,Di,False,0.0,0.0003,0.0003,0.0,0.0069,0.9837,True
cluster5_A7A5K1,A7A5K1,test,serotonin,Mono,False,1e-04,0.0022,0.0021,0.0058,0.0096,0.9837,True
cluster5_A7A5K1,A7A5K1,test,serotonin,Tri,False,0.0,0.001,0.001,0.0,0.0096,0.9837,True
cluster5_A7A5K1,A7A5K1,test,threonine,Di,False,0.0,0.0011,0.0011,0.0,0.0096,0.9837,True
cluster5_A7A5K1,A7A5K1,test,threonine,Mono,False,1e-04,0.003,0.0029,0.0058,0.0096,0.9837,True
cluster5_A7A5K1,A7A5K1,test,threonine,Tri,False,0.0,0.0002,0.0002,0.0,0.0069,0.9837,True
cluster5_A7A5K1,A7A5K1,test,tryptamine,Di,False,0.0,0.0003,0.0003,0.0,0.0069,0.9837,True
cluster5_A7A5K1,A7A5K1,test,tryptamine,Mono,False,0.0,1e-04,1e-04,0.0,0.0058,0.9837,True
cluster5_A7A5K1,A7A5K1,test,tryptamine,Tri,False,0.0,0.001,0.001,0.0,0.0069,0.9837,True
cluster5_A7A5K1,A7A5K1,test,tyramine,Di,False,1e-04,0.0037,0.0036,0.0058,0.0096,0.9837,True
cluster5_A7A5K1,A7A5K1,test,tyramine,Mono,False,0.0014,0.0555,0.0541,0.0096,0.0679,0.9837,True
cluster5_A7A5K1,A7A5K1,test,tyramine,Tri,False,1e-04,0.0084,0.0083,0.0058,0.0167,0.9837,True
cluster674_H1DEM8,H1DEM8,,"2,3_diaminopropionic acid",Di,,0.2024,0.0566,-0.1458,0.1317,0.0679,0.9928,True
cluster674_H1DEM8,H1DEM8,,"2,3_diaminopropionic acid",Mono,,0.0445,0.0127,-0.0318,0.0679,0.0264,0.9928,True
cluster674_H1DEM8,H1DEM8,,"2,3_diaminopropionic acid",Tri,,0.7598,0.55,-0.2098,0.7234,0.4048,0.9928,True
cluster674_H1DEM8,H1DEM8,,2_aminophenol,Di,,0.8785,0.7123,-0.1662,0.7547,0.6364,0.9928,True
cluster674_H1DEM8,H1DEM8,,2_aminophenol,Mono,,0.1837,0.0894,-0.0943,0.1317,0.0758,0.9928,True
cluster674_H1DEM8,H1DEM8,,2_aminophenol,Tri,,0.8642,0.8056,-0.0586,0.7547,0.7547,0.9928,True
cluster674_H1DEM8,H1DEM8,,3_methoxytyramine,Di,,0.6013,0.0934,-0.5079,0.566,0.0758,0.9928,True
cluster674_H1DEM8,H1DEM8,,3_methoxytyramine,Mono,,0.0283,0.0041,-0.0242,0.0264,0.0096,0.9928,True
cluster674_H1DEM8,H1DEM8,,3_methoxytyramine,Tri,,0.2218,0.0858,-0.136,0.1466,0.0758,0.9928,True
cluster674_H1DEM8,H1DEM8,,alanine,Di,,0.9677,0.9446,-0.0231,0.8273,0.7921,0.9928,True
cluster674_H1DEM8,H1DEM8,,alanine,Mono,,0.7663,0.6522,-0.1141,0.7234,0.5862,0.9928,True
cluster674_H1DEM8,H1DEM8,,alanine,Tri,,0.1139,0.1234,0.0095,0.0758,0.0781,0.9928,True
cluster674_H1DEM8,H1DEM8,,arginine,Di,,0.0038,0.0017,-0.0021,0.0096,0.0096,0.9928,True
cluster674_H1DEM8,H1DEM8,,arginine,Mono,,0.0008,0.0004,-0.0004,0.0069,0.0069,0.9928,True
cluster674_H1DEM8,H1DEM8,,arginine,Tri,,0.0066,0.005,-0.0016,0.0157,0.0097,0.9928,True
cluster674_H1DEM8,H1DEM8,,asparagine,Di,,0.0913,0.0767,-0.0146,0.0758,0.0679,0.9928,True
cluster674_H1DEM8,H1DEM8,,asparagine,Mono,,0.0328,0.0246,-0.0082,0.0264,0.0264,0.9928,True
cluster674_H1DEM8,H1DEM8,,asparagine,Tri,,0.9277,0.9408,0.0131,0.7921,0.7921,0.9928,True
cluster674_H1DEM8,H1DEM8,,cadaverine,Di,,0.0058,0.0029,-0.0029,0.0157,0.0096,0.9928,True
cluster674_H1DEM8,H1DEM8,,cadaverine,Mono,,0.0013,0.0006,-0.0007,0.0096,0.0069,0.9928,True
cluster674_H1DEM8,H1DEM8,,cadaverine,Tri,,0.0066,0.006,-0.0006,0.0157,0.0157,0.9928,True
cluster674_H1DEM8,H1DEM8,,citrulline,Di,,0.0166,0.0151,-0.0015,0.0264,0.0264,0.9928,True
cluster674_H1DEM8,H1DEM8,,citrulline,Mono,,0.0034,0.0025,-0.0009,0.0096,0.0096,0.9928,True
cluster674_H1DEM8,H1DEM8,,citrulline,Tri,,0.0048,0.0065,0.0017,0.0097,0.0157,0.9928,True
cluster674_H1DEM8,H1DEM8,,cystine,Di,,0.0269,0.0069,-0.02,0.0264,0.0157,0.9928,True
cluster674_H1DEM8,H1DEM8,,cystine,Mono,,0.0028,0.0008,-0.002,0.0096,0.0069,0.9928,True
cluster674_H1DEM8,H1DEM8,,cystine,Tri,,0.0179,0.0087,-0.0092,0.0264,0.0179,0.9928,True
cluster674_H1DEM8,H1DEM8,,dopamine,Di,,0.4564,0.1858,-0.2706,0.37,0.1317,0.9928,True
cluster674_H1DEM8,H1DEM8,,dopamine,Mono,,0.0869,0.0255,-0.0614,0.0758,0.0264,0.9928,True
cluster674_H1DEM8,H1DEM8,,dopamine,Tri,,0.9151,0.8755,-0.0396,0.7921,0.7547,0.9928,True
cluster674_H1DEM8,H1DEM8,,gaba,Di,,0.9616,0.9574,-0.0042,0.7921,0.7921,0.9928,True
cluster674_H1DEM8,H1DEM8,,gaba,Mono,,0.8988,0.8727,-0.0261,0.7921,0.7547,0.9928,True
cluster674_H1DEM8,H1DEM8,,gaba,Tri,,0.9662,0.9702,0.004,0.8273,0.8273,0.9928,True
cluster674_H1DEM8,H1DEM8,,glutamine,Di,,0.0331,0.0236,-0.0095,0.0264,0.0264,0.9928,True
cluster674_H1DEM8,H1DEM8,,glutamine,Mono,,0.0322,0.0169,-0.0153,0.0264,0.0264,0.9928,True
cluster674_H1DEM8,H1DEM8,,glutamine,Tri,,0.0241,0.0257,0.0016,0.0264,0.0264,0.9928,True
cluster674_H1DEM8,H1DEM8,,glyglycine,Di,,0.0181,0.0101,-0.008,0.0264,0.0179,0.9928,True
cluster674_H1DEM8,H1DEM8,,glyglycine,Mono,,0.0049,0.0027,-0.0022,0.0097,0.0096,0.9928,True
cluster674_H1DEM8,H1DEM8,,glyglycine,Tri,,0.0438,0.0429,-0.0009,0.0679,0.0679,0.9928,True
cluster674_H1DEM8,H1DEM8,,histidine,Di,,0.0035,0.0027,-0.0008,0.0096,0.0096,0.9928,True
cluster674_H1DEM8,H1DEM8,,histidine,Mono,,0.0021,0.0019,-0.0002,0.0096,0.0096,0.9928,True
cluster674_H1DEM8,H1DEM8,,histidine,Tri,,0.0112,0.014,0.0028,0.0264,0.0264,0.9928,True
cluster674_H1DEM8,H1DEM8,,lysine,Di,,0.1866,0.113,-0.0736,0.1317,0.0758,0.9928,True
cluster674_H1DEM8,H1DEM8,,lysine,Mono,,0.0199,0.0067,-0.0132,0.0264,0.0157,0.9928,True
cluster674_H1DEM8,H1DEM8,,lysine,Tri,,0.0152,0.0096,-0.0056,0.0264,0.0179,0.9928,True
cluster674_H1DEM8,H1DEM8,,methionine,Di,,0.0569,0.0262,-0.0307,0.0679,0.0264,0.9928,True
cluster674_H1DEM8,H1DEM8,,methionine,Mono,,0.0233,0.0103,-0.013,0.0264,0.0179,0.9928,True
cluster674_H1DEM8,H1DEM8,,methionine,Tri,,0.0452,0.0328,-0.0124,0.0679,0.0264,0.9928,True
cluster674_H1DEM8,H1DEM8,,ornithine,Di,,0.1709,0.0549,-0.116,0.1317,0.0679,0.9928,True
cluster674_H1DEM8,H1DEM8,,ornithine,Mono,,0.0439,0.0112,-0.0327,0.0679,0.0264,0.9928,True
cluster674_H1DEM8,H1DEM8,,ornithine,Tri,,0.0374,0.0175,-0.0199,0.046,0.0264,0.9928,True
cluster674_H1DEM8,H1DEM8,,phenylalanine,Di,,0.9791,0.9711,-0.008,0.8343,0.8273,0.9928,True
cluster674_H1DEM8,H1DEM8,,phenylalanine,Mono,,0.1668,0.138,-0.0288,0.1192,0.1192,0.9928,True
cluster674_H1DEM8,H1DEM8,,phenylalanine,Tri,,0.9794,0.9807,0.0013,0.8343,0.8343,0.9928,True
cluster674_H1DEM8,H1DEM8,,proline,Di,,0.0032,0.0024,-0.0008,0.0096,0.0096,0.9928,True
cluster674_H1DEM8,H1DEM8,,proline,Mono,,0.0019,0.0011,-0.0008,0.0096,0.0096,0.9928,True
cluster674_H1DEM8,H1DEM8,,proline,Tri,,0.0281,0.0263,-0.0018,0.0264,0.0264,0.9928,True
cluster674_H1DEM8,H1DEM8,,putrescine,Di,,0.0069,0.0033,-0.0036,0.0157,0.0096,0.9928,True
cluster674_H1DEM8,H1DEM8,,putrescine,Mono,,0.0016,0.0007,-0.0009,0.0096,0.0069,0.9928,True
cluster674_H1DEM8,H1DEM8,,putrescine,Tri,,0.008,0.007,-0.001,0.0167,0.0157,0.9928,True
cluster674_H1DEM8,H1DEM8,,serine,Di,,0.1332,0.1329,-0.0003,0.1192,0.1192,0.9928,True
cluster674_H1DEM8,H1DEM8,,serine,Mono,,0.0803,0.0641,-0.0162,0.0679,0.0679,0.9928,True
cluster674_H1DEM8,H1DEM8,,serine,Tri,,0.0291,0.0274,-0.0017,0.0264,0.0264,0.9928,True
cluster674_H1DEM8,H1DEM8,,serotonin,Di,,0.0125,0.0024,-0.0101,0.0264,0.0096,0.9928,True
cluster674_H1DEM8,H1DEM8,,serotonin,Mono,,0.1376,0.0249,-0.1127,0.1192,0.0264,0.9928,True
cluster674_H1DEM8,H1DEM8,,serotonin,Tri,,0.0173,0.0068,-0.0105,0.0264,0.0157,0.9928,True
cluster674_H1DEM8,H1DEM8,,threonine,Di,,0.0154,0.0086,-0.0068,0.0264,0.0167,0.9928,True
cluster674_H1DEM8,H1DEM8,,threonine,Mono,,0.0236,0.0134,-0.0102,0.0264,0.0264,0.9928,True
cluster674_H1DEM8,H1DEM8,,threonine,Tri,,0.0015,0.001,-0.0005,0.0096,0.0069,0.9928,True
cluster674_H1DEM8,H1DEM8,,tryptamine,Di,,0.0058,0.0017,-0.0041,0.0157,0.0096,0.9928,True
cluster674_H1DEM8,H1DEM8,,tryptamine,Mono,,0.0008,0.0002,-0.0006,0.0069,0.0069,0.9928,True
cluster674_H1DEM8,H1DEM8,,tryptamine,Tri,,0.0088,0.0048,-0.004,0.0179,0.0097,0.9928,True
cluster674_H1DEM8,H1DEM8,,tyramine,Di,,0.0558,0.0164,-0.0394,0.0679,0.0264,0.9928,True
cluster674_H1DEM8,H1DEM8,,tyramine,Mono,,0.446,0.1904,-0.2556,0.37,0.1317,0.9928,True
cluster674_H1DEM8,H1DEM8,,tyramine,Tri,,0.054,0.0308,-0.0232,0.0679,0.0264,0.9928,True
cluster6_U2D571,U2D571,dev,"2,3_diaminopropionic acid",Di,False,0.0079,0.0147,0.0068,0.0167,0.0264,0.999,True
cluster6_U2D571,U2D571,dev,"2,3_diaminopropionic acid",Mono,False,0.0025,0.0051,0.0026,0.0096,0.0157,0.999,True
cluster6_U2D571,U2D571,dev,"2,3_diaminopropionic acid",Tri,False,0.2887,0.4813,0.1926,0.1867,0.37,0.999,True
cluster6_U2D571,U2D571,dev,2_aminophenol,Di,False,0.1455,0.3202,0.1747,0.1192,0.22,0.999,True
cluster6_U2D571,U2D571,dev,2_aminophenol,Mono,False,0.0061,0.0171,0.011,0.0157,0.0264,0.999,True
cluster6_U2D571,U2D571,dev,2_aminophenol,Tri,False,0.3518,0.6269,0.2751,0.2642,0.5862,0.999,True
cluster6_U2D571,U2D571,dev,3_methoxytyramine,Di,False,0.0012,0.0019,0.0007,0.0096,0.0096,0.999,True
cluster6_U2D571,U2D571,dev,3_methoxytyramine,Mono,False,1e-04,0.0002,1e-04,0.0058,0.0069,0.999,True
cluster6_U2D571,U2D571,dev,3_methoxytyramine,Tri,False,0.0038,0.0066,0.0028,0.0096,0.0157,0.999,True
cluster6_U2D571,U2D571,dev,alanine,Di,True,0.897,0.9398,0.0428,0.7547,0.7921,0.999,True
cluster6_U2D571,U2D571,dev,alanine,Mono,False,0.6161,0.7633,0.1472,0.5862,0.7234,0.999,True
cluster6_U2D571,U2D571,dev,alanine,Tri,False,0.155,0.5263,0.3713,0.1192,0.4048,0.999,True
cluster6_U2D571,U2D571,dev,arginine,Di,False,0.0004,0.0008,0.0004,0.0069,0.0069,0.999,True
cluster6_U2D571,U2D571,dev,arginine,Mono,False,1e-04,0.0003,0.0002,0.0058,0.0069,0.999,True
cluster6_U2D571,U2D571,dev,arginine,Tri,False,0.0022,0.0062,0.004,0.0096,0.0157,0.999,True
cluster6_U2D571,U2D571,dev,asparagine,Di,False,0.0187,0.0229,0.0042,0.0264,0.0264,0.999,True
cluster6_U2D571,U2D571,dev,asparagine,Mono,False,0.0069,0.0089,0.002,0.0157,0.0179,0.999,True
cluster6_U2D571,U2D571,dev,asparagine,Tri,True,0.8676,0.8804,0.0128,0.7547,0.7547,0.999,True
cluster6_U2D571,U2D571,dev,cadaverine,Di,False,0.0004,0.0008,0.0004,0.0069,0.0069,0.999,True
cluster6_U2D571,U2D571,dev,cadaverine,Mono,False,1e-04,0.0002,1e-04,0.0058,0.0069,0.999,True
cluster6_U2D571,U2D571,dev,cadaverine,Tri,False,0.0012,0.0023,0.0011,0.0096,0.0096,0.999,True
cluster6_U2D571,U2D571,dev,citrulline,Di,False,0.0056,0.012,0.0064,0.0157,0.0264,0.999,True
cluster6_U2D571,U2D571,dev,citrulline,Mono,False,0.0012,0.0026,0.0014,0.0096,0.0096,0.999,True
cluster6_U2D571,U2D571,dev,citrulline,Tri,False,0.0038,0.0094,0.0056,0.0096,0.0179,0.999,True
cluster6_U2D571,U2D571,dev,cystine,Di,False,0.0006,0.001,0.0004,0.0069,0.0096,0.999,True
cluster6_U2D571,U2D571,dev,cystine,Mono,False,1e-04,0.0002,1e-04,0.0058,0.0069,0.999,True
cluster6_U2D571,U2D571,dev,cystine,Tri,False,0.0015,0.0028,0.0013,0.0096,0.0096,0.999,True
cluster6_U2D571,U2D571,dev,dopamine,Di,False,0.0125,0.0247,0.0122,0.0264,0.0264,0.999,True
cluster6_U2D571,U2D571,dev,dopamine,Mono,False,0.0022,0.0046,0.0024,0.0096,0.0096,0.999,True
cluster6_U2D571,U2D571,dev,dopamine,Tri,False,0.5097,0.6592,0.1495,0.4048,0.5862,0.999,True
cluster6_U2D571,U2D571,dev,gaba,Di,True,0.9569,0.9024,-0.0545,0.7921,0.7921,0.999,True
cluster6_U2D571,U2D571,dev,gaba,Mono,True,0.8838,0.7324,-0.1514,0.7547,0.7234,0.999,True
cluster6_U2D571,U2D571,dev,gaba,Tri,True,0.9805,0.9488,-0.0317,0.8343,0.7921,0.999,True
cluster6_U2D571,U2D571,dev,glutamine,Di,False,0.0057,0.0094,0.0037,0.0157,0.0179,0.999,True
cluster6_U2D571,U2D571,dev,glutamine,Mono,False,0.0036,0.0065,0.0029,0.0096,0.0157,0.999,True
cluster6_U2D571,U2D571,dev,glutamine,Tri,False,0.0082,0.0164,0.0082,0.0167,0.0264,0.999,True
cluster6_U2D571,U2D571,dev,glyglycine,Di,False,0.0048,0.0127,0.0079,0.0097,0.0264,0.999,True
cluster6_U2D571,U2D571,dev,glyglycine,Mono,False,0.0017,0.005,0.0033,0.0096,0.0157,0.999,True
cluster6_U2D571,U2D571,dev,glyglycine,Tri,False,0.0533,0.1754,0.1221,0.0679,0.1317,0.999,True
cluster6_U2D571,U2D571,dev,histidine,Di,False,0.001,0.0015,0.0005,0.0069,0.0096,0.999,True
cluster6_U2D571,U2D571,dev,histidine,Mono,False,0.0005,0.0008,0.0003,0.0069,0.0069,0.999,True
cluster6_U2D571,U2D571,dev,histidine,Tri,False,0.0061,0.0099,0.0038,0.0157,0.0179,0.999,True
cluster6_U2D571,U2D571,dev,lysine,Di,False,0.1362,0.2051,0.0689,0.1192,0.1317,0.999,True
cluster6_U2D571,U2D571,dev,lysine,Mono,False,0.0059,0.0104,0.0045,0.0157,0.0179,0.999,True
cluster6_U2D571,U2D571,dev,lysine,Tri,False,0.0062,0.011,0.0048,0.0157,0.0264,0.999,True
cluster6_U2D571,U2D571,dev,methionine,Di,False,0.0118,0.0261,0.0143,0.0264,0.0264,0.999,True
cluster6_U2D571,U2D571,dev,methionine,Mono,False,0.0046,0.0109,0.0063,0.0097,0.0264,0.999,True
cluster6_U2D571,U2D571,dev,methionine,Tri,False,0.0303,0.0723,0.042,0.0264,0.0679,0.999,True
cluster6_U2D571,U2D571,dev,ornithine,Di,False,0.0044,0.0081,0.0037,0.0096,0.0167,0.999,True
cluster6_U2D571,U2D571,dev,ornithine,Mono,False,0.001,0.0022,0.0012,0.0096,0.0096,0.999,True
cluster6_U2D571,U2D571,dev,ornithine,Tri,False,0.0022,0.0051,0.0029,0.0096,0.0157,0.999,True
cluster6_U2D571,U2D571,dev,phenylalanine,Di,True,0.9184,0.9333,0.0149,0.7921,0.7921,0.999,True
cluster6_U2D571,U2D571,dev,phenylalanine,Mono,False,0.051,0.0664,0.0154,0.0679,0.0679,0.999,True
cluster6_U2D571,U2D571,dev,phenylalanine,Tri,True,0.9581,0.9705,0.0124,0.7921,0.8273,0.999,True
cluster6_U2D571,U2D571,dev,proline,Di,False,0.0002,0.0004,0.0002,0.0069,0.0069,0.999,True
cluster6_U2D571,U2D571,dev,proline,Mono,False,1e-04,0.0002,1e-04,0.0058,0.0069,0.999,True
cluster6_U2D571,U2D571,dev,proline,Tri,False,0.0027,0.0076,0.0049,0.0096,0.0167,0.999,True
cluster6_U2D571,U2D571,dev,putrescine,Di,False,0.0005,0.001,0.0005,0.0069,0.0069,0.999,True
cluster6_U2D571,U2D571,dev,putrescine,Mono,False,1e-04,0.0003,0.0002,0.0058,0.0069,0.999,True
cluster6_U2D571,U2D571,dev,putrescine,Tri,False,0.0016,0.0029,0.0013,0.0096,0.0096,0.999,True
cluster6_U2D571,U2D571,dev,serine,Di,False,0.135,0.2405,0.1055,0.1192,0.1466,0.999,True
cluster6_U2D571,U2D571,dev,serine,Mono,False,0.2074,0.42,0.2126,0.1317,0.37,0.999,True
cluster6_U2D571,U2D571,dev,serine,Tri,False,0.0206,0.0381,0.0175,0.0264,0.046,0.999,True
cluster6_U2D571,U2D571,dev,serotonin,Di,False,1e-04,1e-04,0.0,0.0058,0.0058,0.999,True
cluster6_U2D571,U2D571,dev,serotonin,Mono,False,0.0005,0.0011,0.0006,0.0069,0.0096,0.999,True
cluster6_U2D571,U2D571,dev,serotonin,Tri,False,0.0002,0.0005,0.0003,0.0069,0.0069,0.999,True
cluster6_U2D571,U2D571,dev,threonine,Di,False,0.0083,0.0136,0.0053,0.0167,0.0264,0.999,True
cluster6_U2D571,U2D571,dev,threonine,Mono,False,0.0292,0.0562,0.027,0.0264,0.0679,0.999,True
cluster6_U2D571,U2D571,dev,threonine,Tri,False,0.0012,0.0025,0.0013,0.0096,0.0096,0.999,True
cluster6_U2D571,U2D571,dev,tryptamine,Di,False,1e-04,0.0002,1e-04,0.0058,0.0069,0.999,True
cluster6_U2D571,U2D571,dev,tryptamine,Mono,False,0.0,0.0,0.0,0.0,0.0,0.999,True
cluster6_U2D571,U2D571,dev,tryptamine,Tri,False,0.0002,0.0005,0.0003,0.0069,0.0069,0.999,True
cluster6_U2D571,U2D571,dev,tyramine,Di,False,0.0018,0.0032,0.0014,0.0096,0.0096,0.999,True
cluster6_U2D571,U2D571,dev,tyramine,Mono,False,0.028,0.0602,0.0322,0.0264,0.0679,0.999,True
cluster6_U2D571,U2D571,dev,tyramine,Tri,False,0.0055,0.0094,0.0039,0.0157,0.0179,0.999,True
cluster70_A0A1Y3QT37,A0A1Y3QT37,dev,"2,3_diaminopropionic acid",Di,False,0.3179,0.0153,-0.3026,0.22,0.0264,0.9889,True
cluster70_A0A1Y3QT37,A0A1Y3QT37,dev,"2,3_diaminopropionic acid",Mono,False,0.1164,0.0035,-0.1129,0.0758,0.0096,0.9889,True
cluster70_A0A1Y3QT37,A0A1Y3QT37,dev,"2,3_diaminopropionic acid",Tri,True,0.9083,0.3209,-0.5874,0.7921,0.2642,0.9889,True
cluster70_A0A1Y3QT37,A0A1Y3QT37,dev,2_aminophenol,Di,True,0.926,0.2389,-0.6871,0.7921,0.1466,0.9889,True
cluster70_A0A1Y3QT37,A0A1Y3QT37,dev,2_aminophenol,Mono,False,0.3589,0.0139,-0.345,0.2642,0.0264,0.9889,True
cluster70_A0A1Y3QT37,A0A1Y3QT37,dev,2_aminophenol,Tri,True,0.9464,0.4459,-0.5005,0.7921,0.37,0.9889,True
cluster70_A0A1Y3QT37,A0A1Y3QT37,dev,3_methoxytyramine,Di,False,0.2346,0.0135,-0.2211,0.1466,0.0264,0.9889,True
cluster70_A0A1Y3QT37,A0A1Y3QT37,dev,3_methoxytyramine,Mono,False,0.0134,0.0009,-0.0125,0.0264,0.0069,0.9889,True
cluster70_A0A1Y3QT37,A0A1Y3QT37,dev,3_methoxytyramine,Tri,False,0.2037,0.0342,-0.1695,0.1317,0.0264,0.9889,True
cluster70_A0A1Y3QT37,A0A1Y3QT37,dev,alanine,Di,True,0.999,0.9805,-0.0185,1.0,0.8343,0.9889,True
cluster70_A0A1Y3QT37,A0A1Y3QT37,dev,alanine,Mono,True,0.9959,0.8738,-0.1221,0.9,0.7547,0.9889,True
cluster70_A0A1Y3QT37,A0A1Y3QT37,dev,alanine,Tri,True,0.9539,0.6267,-0.3272,0.7921,0.5862,0.9889,True
cluster70_A0A1Y3QT37,A0A1Y3QT37,dev,arginine,Di,False,0.0109,0.0006,-0.0103,0.0264,0.0069,0.9889,True
cluster70_A0A1Y3QT37,A0A1Y3QT37,dev,arginine,Mono,False,0.0033,1e-04,-0.0032,0.0096,0.0058,0.9889,True
cluster70_A0A1Y3QT37,A0A1Y3QT37,dev,arginine,Tri,False,0.0331,0.002,-0.0311,0.0264,0.0096,0.9889,True
cluster70_A0A1Y3QT37,A0A1Y3QT37,dev,asparagine,Di,False,0.3127,0.0318,-0.2809,0.22,0.0264,0.9889,True
cluster70_A0A1Y3QT37,A0A1Y3QT37,dev,asparagine,Mono,False,0.1383,0.0088,-0.1295,0.1192,0.0179,0.9889,True
cluster70_A0A1Y3QT37,A0A1Y3QT37,dev,asparagine,Tri,True,0.9886,0.9281,-0.0605,0.8873,0.7921,0.9889,True
cluster70_A0A1Y3QT37,A0A1Y3QT37,dev,cadaverine,Di,False,0.021,0.0018,-0.0192,0.0264,0.0096,0.9889,True
cluster70_A0A1Y3QT37,A0A1Y3QT37,dev,cadaverine,Mono,False,0.0057,0.0003,-0.0054,0.0157,0.0069,0.9889,True
cluster70_A0A1Y3QT37,A0A1Y3QT37,dev,cadaverine,Tri,False,0.0298,0.0051,-0.0247,0.0264,0.0157,0.9889,True
cluster70_A0A1Y3QT37,A0A1Y3QT37,dev,citrulline,Di,False,0.1267,0.0059,-0.1208,0.0781,0.0157,0.9889,True
cluster70_A0A1Y3QT37,A0A1Y3QT37,dev,citrulline,Mono,False,0.0296,0.001,-0.0286,0.0264,0.0069,0.9889,True
cluster70_A0A1Y3QT37,A0A1Y3QT37,dev,citrulline,Tri,False,0.0555,0.0031,-0.0524,0.0679,0.0096,0.9889,True
cluster70_A0A1Y3QT37,A0A1Y3QT37,dev,cystine,Di,False,0.0271,0.0019,-0.0252,0.0264,0.0096,0.9889,True
cluster70_A0A1Y3QT37,A0A1Y3QT37,dev,cystine,Mono,False,0.0043,0.0003,-0.004,0.0096,0.0069,0.9889,True
cluster70_A0A1Y3QT37,A0A1Y3QT37,dev,cystine,Tri,False,0.0313,0.0038,-0.0275,0.0264,0.0096,0.9889,True
cluster70_A0A1Y3QT37,A0A1Y3QT37,dev,dopamine,Di,False,0.5349,0.0687,-0.4662,0.4048,0.0679,0.9889,True
cluster70_A0A1Y3QT37,A0A1Y3QT37,dev,dopamine,Mono,False,0.1384,0.0096,-0.1288,0.1192,0.0179,0.9889,True
cluster70_A0A1Y3QT37,A0A1Y3QT37,dev,dopamine,Tri,True,0.9835,0.8834,-0.1001,0.8343,0.7547,0.9889,True
cluster70_A0A1Y3QT37,A0A1Y3QT37,dev,gaba,Di,True,0.9957,0.9502,-0.0455,0.8962,0.7921,0.9889,True
cluster70_A0A1Y3QT37,A0A1Y3QT37,dev,gaba,Mono,False,0.9867,0.8511,-0.1356,0.8343,0.7547,0.9889,True
cluster70_A0A1Y3QT37,A0A1Y3QT37,dev,gaba,Tri,True,0.9967,0.9752,-0.0215,0.9,0.8333,0.9889,True
cluster70_A0A1Y3QT37,A0A1Y3QT37,dev,glutamine,Di,False,0.1235,0.0061,-0.1174,0.0781,0.0157,0.9889,True
cluster70_A0A1Y3QT37,A0A1Y3QT37,dev,glutamine,Mono,False,0.0897,0.0034,-0.0863,0.0758,0.0096,0.9889,True
cluster70_A0A1Y3QT37,A0A1Y3QT37,dev,glutamine,Tri,False,0.1319,0.01,-0.1219,0.1192,0.0179,0.9889,True
cluster70_A0A1Y3QT37,A0A1Y3QT37,dev,glyglycine,Di,False,0.2253,0.014,-0.2113,0.1466,0.0264,0.9889,True
cluster70_A0A1Y3QT37,A0A1Y3QT37,dev,glyglycine,Mono,False,0.108,0.0049,-0.1031,0.0758,0.0097,0.9889,True
cluster70_A0A1Y3QT37,A0A1Y3QT37,dev,glyglycine,Tri,True,0.6936,0.1513,-0.5423,0.6364,0.1192,0.9889,True
cluster70_A0A1Y3QT37,A0A1Y3QT37,dev,histidine,Di,False,0.0149,0.0022,-0.0127,0.0264,0.0096,0.9889,True
cluster70_A0A1Y3QT37,A0A1Y3QT37,dev,histidine,Mono,False,0.0106,0.0014,-0.0092,0.0264,0.0096,0.9889,True
cluster70_A0A1Y3QT37,A0A1Y3QT37,dev,histidine,Tri,False,0.054,0.0135,-0.0405,0.0679,0.0264,0.9889,True
cluster70_A0A1Y3QT37,A0A1Y3QT37,dev,lysine,Di,True,0.7943,0.1241,-0.6702,0.7547,0.0781,0.9889,True
cluster70_A0A1Y3QT37,A0A1Y3QT37,dev,lysine,Mono,False,0.1579,0.0049,-0.153,0.1192,0.0097,0.9889,True
cluster70_A0A1Y3QT37,A0A1Y3QT37,dev,lysine,Tri,False,0.1477,0.0086,-0.1391,0.1192,0.0179,0.9889,True
cluster70_A0A1Y3QT37,A0A1Y3QT37,dev,methionine,Di,False,0.1853,0.0098,-0.1755,0.1317,0.0179,0.9889,True
cluster70_A0A1Y3QT37,A0A1Y3QT37,dev,methionine,Mono,False,0.0963,0.004,-0.0923,0.0758,0.0096,0.9889,True
cluster70_A0A1Y3QT37,A0A1Y3QT37,dev,methionine,Tri,False,0.2387,0.0206,-0.2181,0.1466,0.0264,0.9889,True
cluster70_A0A1Y3QT37,A0A1Y3QT37,dev,ornithine,Di,False,0.2577,0.0093,-0.2484,0.1466,0.0179,0.9889,True
cluster70_A0A1Y3QT37,A0A1Y3QT37,dev,ornithine,Mono,False,0.0798,0.0019,-0.0779,0.0679,0.0096,0.9889,True
cluster70_A0A1Y3QT37,A0A1Y3QT37,dev,ornithine,Tri,False,0.1076,0.0055,-0.1021,0.0758,0.0157,0.9889,True
cluster70_A0A1Y3QT37,A0A1Y3QT37,dev,phenylalanine,Di,True,0.9968,0.9426,-0.0542,0.9,0.7921,0.9889,True
cluster70_A0A1Y3QT37,A0A1Y3QT37,dev,phenylalanine,Mono,False,0.5526,0.0689,-0.4837,0.4048,0.0679,0.9889,True
cluster70_A0A1Y3QT37,A0A1Y3QT37,dev,phenylalanine,Tri,True,0.9974,0.9714,-0.026,0.9,0.8273,0.9889,True
cluster70_A0A1Y3QT37,A0A1Y3QT37,dev,proline,Di,False,0.0118,0.0012,-0.0106,0.0264,0.0096,0.9889,True
cluster70_A0A1Y3QT37,A0A1Y3QT37,dev,proline,Mono,False,0.0055,0.0005,-0.005,0.0157,0.0069,0.9889,True
cluster70_A0A1Y3QT37,A0A1Y3QT37,dev,proline,Tri,False,0.0887,0.0179,-0.0708,0.0758,0.0264,0.9889,True
cluster70_A0A1Y3QT37,A0A1Y3QT37,dev,putrescine,Di,False,0.0271,0.0021,-0.025,0.0264,0.0096,0.9889,True
cluster70_A0A1Y3QT37,A0A1Y3QT37,dev,putrescine,Mono,False,0.0066,0.0004,-0.0062,0.0157,0.0069,0.9889,True
cluster70_A0A1Y3QT37,A0A1Y3QT37,dev,putrescine,Tri,False,0.0384,0.0059,-0.0325,0.046,0.0157,0.9889,True
cluster70_A0A1Y3QT37,A0A1Y3QT37,dev,serine,Di,True,0.8481,0.2224,-0.6257,0.7547,0.1466,0.9889,True
cluster70_A0A1Y3QT37,A0A1Y3QT37,dev,serine,Mono,True,0.8868,0.159,-0.7278,0.7547,0.1192,0.9889,True
cluster70_A0A1Y3QT37,A0A1Y3QT37,dev,serine,Tri,False,0.5178,0.058,-0.4598,0.4048,0.0679,0.9889,True
cluster70_A0A1Y3QT37,A0A1Y3QT37,dev,serotonin,Di,False,0.0094,0.0008,-0.0086,0.0179,0.0069,0.9889,True
cluster70_A0A1Y3QT37,A0A1Y3QT37,dev,serotonin,Mono,False,0.0913,0.0051,-0.0862,0.0758,0.0157,0.9889,True
cluster70_A0A1Y3QT37,A0A1Y3QT37,dev,serotonin,Tri,False,0.0146,0.003,-0.0116,0.0264,0.0096,0.9889,True
cluster70_A0A1Y3QT37,A0A1Y3QT37,dev,threonine,Di,False,0.3998,0.0181,-0.3817,0.2642,0.0264,0.9889,True
cluster70_A0A1Y3QT37,A0A1Y3QT37,dev,threonine,Mono,True,0.7566,0.0482,-0.7084,0.7234,0.0679,0.9889,True
cluster70_A0A1Y3QT37,A0A1Y3QT37,dev,threonine,Tri,False,0.0798,0.0035,-0.0763,0.0679,0.0096,0.9889,True
cluster70_A0A1Y3QT37,A0A1Y3QT37,dev,tryptamine,Di,False,0.0048,0.0005,-0.0043,0.0097,0.0069,0.9889,True
cluster70_A0A1Y3QT37,A0A1Y3QT37,dev,tryptamine,Mono,False,0.0007,1e-04,-0.0006,0.0069,0.0058,0.9889,True
cluster70_A0A1Y3QT37,A0A1Y3QT37,dev,tryptamine,Tri,False,0.0087,0.0021,-0.0066,0.0179,0.0096,0.9889,True
cluster70_A0A1Y3QT37,A0A1Y3QT37,dev,tyramine,Di,False,0.1797,0.0096,-0.1701,0.1317,0.0179,0.9889,True
cluster70_A0A1Y3QT37,A0A1Y3QT37,dev,tyramine,Mono,True,0.8141,0.1293,-0.6848,0.7547,0.1,0.9889,True
cluster70_A0A1Y3QT37,A0A1Y3QT37,dev,tyramine,Tri,False,0.2587,0.029,-0.2297,0.1466,0.0264,0.9889,True
cluster726_A0A942AQR8,A0A942AQR8,dev,"2,3_diaminopropionic acid",Di,False,0.3627,0.0607,-0.302,0.2642,0.0679,0.9921,True
cluster726_A0A942AQR8,A0A942AQR8,dev,"2,3_diaminopropionic acid",Mono,False,0.158,0.0133,-0.1447,0.1192,0.0264,0.9921,True
cluster726_A0A942AQR8,A0A942AQR8,dev,"2,3_diaminopropionic acid",Tri,True,0.8672,0.6007,-0.2665,0.7547,0.566,0.9921,True
cluster726_A0A942AQR8,A0A942AQR8,dev,2_aminophenol,Di,True,0.9849,0.7909,-0.194,0.8343,0.7234,0.9921,True
cluster726_A0A942AQR8,A0A942AQR8,dev,2_aminophenol,Mono,True,0.8398,0.1668,-0.673,0.7547,0.1192,0.9921,True
cluster726_A0A942AQR8,A0A942AQR8,dev,2_aminophenol,Tri,True,0.9845,0.8844,-0.1001,0.8343,0.7547,0.9921,True
cluster726_A0A942AQR8,A0A942AQR8,dev,3_methoxytyramine,Di,True,0.9129,0.1716,-0.7413,0.7921,0.1317,0.9921,True
cluster726_A0A942AQR8,A0A942AQR8,dev,3_methoxytyramine,Mono,False,0.1984,0.0074,-0.191,0.1317,0.0167,0.9921,True
cluster726_A0A942AQR8,A0A942AQR8,dev,3_methoxytyramine,Tri,False,0.507,0.1433,-0.3637,0.4048,0.1192,0.9921,True
cluster726_A0A942AQR8,A0A942AQR8,dev,alanine,Di,True,0.9909,0.951,-0.0399,0.8962,0.7921,0.9921,True
cluster726_A0A942AQR8,A0A942AQR8,dev,alanine,Mono,True,0.9531,0.7176,-0.2355,0.7921,0.6364,0.9921,True
cluster726_A0A942AQR8,A0A942AQR8,dev,alanine,Tri,False,0.2517,0.1565,-0.0952,0.1466,0.1192,0.9921,True
cluster726_A0A942AQR8,A0A942AQR8,dev,arginine,Di,False,0.0139,0.0013,-0.0126,0.0264,0.0096,0.9921,True
cluster726_A0A942AQR8,A0A942AQR8,dev,arginine,Mono,False,0.0065,0.0003,-0.0062,0.0157,0.0069,0.9921,True
cluster726_A0A942AQR8,A0A942AQR8,dev,arginine,Tri,False,0.0276,0.0045,-0.0231,0.0264,0.0096,0.9921,True
cluster726_A0A942AQR8,A0A942AQR8,dev,asparagine,Di,False,0.181,0.0574,-0.1236,0.1317,0.0679,0.9921,True
cluster726_A0A942AQR8,A0A942AQR8,dev,asparagine,Mono,False,0.1038,0.0192,-0.0846,0.0758,0.0264,0.9921,True
cluster726_A0A942AQR8,A0A942AQR8,dev,asparagine,Tri,True,0.9578,0.9407,-0.0171,0.7921,0.7921,0.9921,True
cluster726_A0A942AQR8,A0A942AQR8,dev,cadaverine,Di,False,0.0268,0.0107,-0.0161,0.0264,0.0264,0.9921,True
cluster726_A0A942AQR8,A0A942AQR8,dev,cadaverine,Mono,False,0.0102,0.0023,-0.0079,0.0179,0.0096,0.9921,True
cluster726_A0A942AQR8,A0A942AQR8,dev,cadaverine,Tri,False,0.0251,0.0264,0.0013,0.0264,0.0264,0.9921,True
cluster726_A0A942AQR8,A0A942AQR8,dev,citrulline,Di,False,0.0746,0.0119,-0.0627,0.0679,0.0264,0.9921,True
cluster726_A0A942AQR8,A0A942AQR8,dev,citrulline,Mono,False,0.0278,0.0022,-0.0256,0.0264,0.0096,0.9921,True
cluster726_A0A942AQR8,A0A942AQR8,dev,citrulline,Tri,False,0.0226,0.0064,-0.0162,0.0264,0.0157,0.9921,True
cluster726_A0A942AQR8,A0A942AQR8,dev,cystine,Di,False,0.0723,0.009,-0.0633,0.0679,0.0179,0.9921,True
cluster726_A0A942AQR8,A0A942AQR8,dev,cystine,Mono,False,0.008,0.001,-0.007,0.0167,0.0069,0.9921,True
cluster726_A0A942AQR8,A0A942AQR8,dev,cystine,Tri,False,0.031,0.011,-0.02,0.0264,0.0264,0.9921,True
cluster726_A0A942AQR8,A0A942AQR8,dev,dopamine,Di,True,0.883,0.3019,-0.5811,0.7547,0.22,0.9921,True
cluster726_A0A942AQR8,A0A942AQR8,dev,dopamine,Mono,False,0.5897,0.0499,-0.5398,0.566,0.0679,0.9921,True
cluster726_A0A942AQR8,A0A942AQR8,dev,dopamine,Tri,True,0.9861,0.9332,-0.0529,0.8343,0.7921,0.9921,True
cluster726_A0A942AQR8,A0A942AQR8,dev,gaba,Di,True,0.9963,0.9807,-0.0156,0.9,0.8343,0.9921,True
cluster726_A0A942AQR8,A0A942AQR8,dev,gaba,Mono,True,0.9921,0.9361,-0.056,0.8962,0.7921,0.9921,True
cluster726_A0A942AQR8,A0A942AQR8,dev,gaba,Tri,True,0.996,0.9866,-0.0094,0.9,0.8343,0.9921,True
cluster726_A0A942AQR8,A0A942AQR8,dev,glutamine,Di,False,0.1024,0.0146,-0.0878,0.0758,0.0264,0.9921,True
cluster726_A0A942AQR8,A0A942AQR8,dev,glutamine,Mono,False,0.1224,0.0103,-0.1121,0.0781,0.0179,0.9921,True
cluster726_A0A942AQR8,A0A942AQR8,dev,glutamine,Tri,False,0.0472,0.0134,-0.0338,0.0679,0.0264,0.9921,True
cluster726_A0A942AQR8,A0A942AQR8,dev,glyglycine,Di,False,0.0367,0.0135,-0.0232,0.046,0.0264,0.9921,True
cluster726_A0A942AQR8,A0A942AQR8,dev,glyglycine,Mono,False,0.014,0.0034,-0.0106,0.0264,0.0096,0.9921,True
cluster726_A0A942AQR8,A0A942AQR8,dev,glyglycine,Tri,False,0.0612,0.0677,0.0065,0.0679,0.0679,0.9921,True
cluster726_A0A942AQR8,A0A942AQR8,dev,histidine,Di,False,0.0175,0.0029,-0.0146,0.0264,0.0096,0.9921,True
cluster726_A0A942AQR8,A0A942AQR8,dev,histidine,Mono,False,0.0187,0.0013,-0.0174,0.0264,0.0096,0.9921,True
cluster726_A0A942AQR8,A0A942AQR8,dev,histidine,Tri,False,0.0525,0.0104,-0.0421,0.0679,0.0179,0.9921,True
cluster726_A0A942AQR8,A0A942AQR8,dev,lysine,Di,False,0.5225,0.0594,-0.4631,0.4048,0.0679,0.9921,True
cluster726_A0A942AQR8,A0A942AQR8,dev,lysine,Mono,False,0.1667,0.0061,-0.1606,0.1192,0.0157,0.9921,True
cluster726_A0A942AQR8,A0A942AQR8,dev,lysine,Tri,False,0.077,0.0079,-0.0691,0.0679,0.0167,0.9921,True
cluster726_A0A942AQR8,A0A942AQR8,dev,methionine,Di,False,0.1857,0.0187,-0.167,0.1317,0.0264,0.9921,True
cluster726_A0A942AQR8,A0A942AQR8,dev,methionine,Mono,False,0.1043,0.007,-0.0973,0.0758,0.0157,0.9921,True
cluster726_A0A942AQR8,A0A942AQR8,dev,methionine,Tri,False,0.1066,0.0258,-0.0808,0.0758,0.0264,0.9921,True
cluster726_A0A942AQR8,A0A942AQR8,dev,ornithine,Di,True,0.8757,0.0784,-0.7973,0.7547,0.0679,0.9921,True
cluster726_A0A942AQR8,A0A942AQR8,dev,ornithine,Mono,True,0.7343,0.0183,-0.716,0.7234,0.0264,0.9921,True
cluster726_A0A942AQR8,A0A942AQR8,dev,ornithine,Tri,False,0.5127,0.029,-0.4837,0.4048,0.0264,0.9921,True
cluster726_A0A942AQR8,A0A942AQR8,dev,phenylalanine,Di,True,0.9898,0.9559,-0.0339,0.8873,0.7921,0.9921,True
cluster726_A0A942AQR8,A0A942AQR8,dev,phenylalanine,Mono,False,0.477,0.1073,-0.3697,0.37,0.0758,0.9921,True
cluster726_A0A942AQR8,A0A942AQR8,dev,phenylalanine,Tri,True,0.9902,0.9752,-0.015,0.8873,0.8333,0.9921,True
cluster726_A0A942AQR8,A0A942AQR8,dev,proline,Di,False,0.0155,0.0019,-0.0136,0.0264,0.0096,0.9921,True
cluster726_A0A942AQR8,A0A942AQR8,dev,proline,Mono,False,0.0197,0.0008,-0.0189,0.0264,0.0069,0.9921,True
cluster726_A0A942AQR8,A0A942AQR8,dev,proline,Tri,False,0.0971,0.0195,-0.0776,0.0758,0.0264,0.9921,True
cluster726_A0A942AQR8,A0A942AQR8,dev,putrescine,Di,False,0.0315,0.0126,-0.0189,0.0264,0.0264,0.9921,True
cluster726_A0A942AQR8,A0A942AQR8,dev,putrescine,Mono,False,0.0108,0.0026,-0.0082,0.0264,0.0096,0.9921,True
cluster726_A0A942AQR8,A0A942AQR8,dev,putrescine,Tri,False,0.0295,0.0309,0.0014,0.0264,0.0264,0.9921,True
cluster726_A0A942AQR8,A0A942AQR8,dev,serine,Di,False,0.2514,0.1146,-0.1368,0.1466,0.0758,0.9921,True
cluster726_A0A942AQR8,A0A942AQR8,dev,serine,Mono,False,0.2096,0.064,-0.1456,0.1317,0.0679,0.9921,True
cluster726_A0A942AQR8,A0A942AQR8,dev,serine,Tri,False,0.0523,0.0214,-0.0309,0.0679,0.0264,0.9921,True
cluster726_A0A942AQR8,A0A942AQR8,dev,serotonin,Di,False,0.1786,0.0049,-0.1737,0.1317,0.0097,0.9921,True
cluster726_A0A942AQR8,A0A942AQR8,dev,serotonin,Mono,True,0.8536,0.0264,-0.8272,0.7547,0.0264,0.9921,True
cluster726_A0A942AQR8,A0A942AQR8,dev,serotonin,Tri,False,0.2078,0.0116,-0.1962,0.1317,0.0264,0.9921,True
cluster726_A0A942AQR8,A0A942AQR8,dev,threonine,Di,False,0.0475,0.0056,-0.0419,0.0679,0.0157,0.9921,True
cluster726_A0A942AQR8,A0A942AQR8,dev,threonine,Mono,False,0.0792,0.008,-0.0712,0.0679,0.0167,0.9921,True
cluster726_A0A942AQR8,A0A942AQR8,dev,threonine,Tri,False,0.0036,0.0005,-0.0031,0.0096,0.0069,0.9921,True
cluster726_A0A942AQR8,A0A942AQR8,dev,tryptamine,Di,False,0.0546,0.0031,-0.0515,0.0679,0.0096,0.9921,True
cluster726_A0A942AQR8,A0A942AQR8,dev,tryptamine,Mono,False,0.0285,0.0005,-0.028,0.0264,0.0069,0.9921,True
cluster726_A0A942AQR8,A0A942AQR8,dev,tryptamine,Tri,False,0.0816,0.0105,-0.0711,0.0679,0.0179,0.9921,True
cluster726_A0A942AQR8,A0A942AQR8,dev,tyramine,Di,False,0.2388,0.0255,-0.2133,0.1466,0.0264,0.9921,True
cluster726_A0A942AQR8,A0A942AQR8,dev,tyramine,Mono,True,0.8778,0.228,-0.6498,0.7547,0.1466,0.9921,True
cluster726_A0A942AQR8,A0A942AQR8,dev,tyramine,Tri,False,0.189,0.0452,-0.1438,0.1317,0.0679,0.9921,True
cluster838_A0A3D3YKZ5,A0A3D3YKZ5,dev,"2,3_diaminopropionic acid",Di,False,1e-04,0.0012,0.0011,0.0058,0.0096,0.9891,True
cluster838_A0A3D3YKZ5,A0A3D3YKZ5,dev,"2,3_diaminopropionic acid",Mono,False,0.0,0.0002,0.0002,0.0,0.0069,0.9891,True
cluster838_A0A3D3YKZ5,A0A3D3YKZ5,dev,"2,3_diaminopropionic acid",Tri,False,0.0013,0.0239,0.0226,0.0096,0.0264,0.9891,True
cluster838_A0A3D3YKZ5,A0A3D3YKZ5,dev,2_aminophenol,Di,False,0.0009,0.0152,0.0143,0.0069,0.0264,0.9891,True
cluster838_A0A3D3YKZ5,A0A3D3YKZ5,dev,2_aminophenol,Mono,False,0.0,0.0009,0.0009,0.0058,0.0069,0.9891,True
cluster838_A0A3D3YKZ5,A0A3D3YKZ5,dev,2_aminophenol,Tri,False,0.0014,0.0335,0.0321,0.0096,0.0264,0.9891,True
cluster838_A0A3D3YKZ5,A0A3D3YKZ5,dev,3_methoxytyramine,Di,False,0.0005,0.0018,0.0013,0.0069,0.0096,0.9891,True
cluster838_A0A3D3YKZ5,A0A3D3YKZ5,dev,3_methoxytyramine,Mono,False,0.0,1e-04,1e-04,0.0,0.0058,0.9891,True
cluster838_A0A3D3YKZ5,A0A3D3YKZ5,dev,3_methoxytyramine,Tri,False,0.0004,0.0036,0.0032,0.0069,0.0096,0.9891,True
cluster838_A0A3D3YKZ5,A0A3D3YKZ5,dev,alanine,Di,False,0.0674,0.6425,0.5751,0.0679,0.5862,0.9891,True
cluster838_A0A3D3YKZ5,A0A3D3YKZ5,dev,alanine,Mono,False,0.0124,0.1861,0.1737,0.0264,0.1317,0.9891,True
cluster838_A0A3D3YKZ5,A0A3D3YKZ5,dev,alanine,Tri,False,0.0012,0.067,0.0658,0.0096,0.0679,0.9891,True
cluster838_A0A3D3YKZ5,A0A3D3YKZ5,dev,arginine,Di,False,0.0,0.0,0.0,0.0,0.0,0.9891,True
cluster838_A0A3D3YKZ5,A0A3D3YKZ5,dev,arginine,Mono,False,0.0,0.0,0.0,0.0,0.0,0.9891,True
cluster838_A0A3D3YKZ5,A0A3D3YKZ5,dev,arginine,Tri,False,0.0,1e-04,1e-04,0.0,0.0058,0.9891,True
cluster838_A0A3D3YKZ5,A0A3D3YKZ5,dev,asparagine,Di,False,0.0005,0.004,0.0035,0.0069,0.0096,0.9891,True
cluster838_A0A3D3YKZ5,A0A3D3YKZ5,dev,asparagine,Mono,False,0.0002,0.001,0.0008,0.0069,0.0096,0.9891,True
cluster838_A0A3D3YKZ5,A0A3D3YKZ5,dev,asparagine,Tri,False,0.0992,0.618,0.5188,0.0758,0.5862,0.9891,True
cluster838_A0A3D3YKZ5,A0A3D3YKZ5,dev,cadaverine,Di,False,0.0,0.0003,0.0003,0.0,0.0069,0.9891,True
cluster838_A0A3D3YKZ5,A0A3D3YKZ5,dev,cadaverine,Mono,False,0.0,0.0,0.0,0.0,0.0,0.9891,True
cluster838_A0A3D3YKZ5,A0A3D3YKZ5,dev,cadaverine,Tri,False,0.0,0.0007,0.0007,0.0,0.0069,0.9891,True
cluster838_A0A3D3YKZ5,A0A3D3YKZ5,dev,citrulline,Di,False,0.0,0.0004,0.0004,0.0,0.0069,0.9891,True
cluster838_A0A3D3YKZ5,A0A3D3YKZ5,dev,citrulline,Mono,False,0.0,1e-04,1e-04,0.0,0.0058,0.9891,True
cluster838_A0A3D3YKZ5,A0A3D3YKZ5,dev,citrulline,Tri,False,0.0,0.0002,0.0002,0.0,0.0069,0.9891,True
cluster838_A0A3D3YKZ5,A0A3D3YKZ5,dev,cystine,Di,False,0.0,0.0002,0.0002,0.0,0.0069,0.9891,True
cluster838_A0A3D3YKZ5,A0A3D3YKZ5,dev,cystine,Mono,False,0.0,0.0,0.0,0.0,0.0,0.9891,True
cluster838_A0A3D3YKZ5,A0A3D3YKZ5,dev,cystine,Tri,False,0.0,0.0003,0.0003,0.0,0.0069,0.9891,True
cluster838_A0A3D3YKZ5,A0A3D3YKZ5,dev,dopamine,Di,False,0.0014,0.0091,0.0077,0.0096,0.0179,0.9891,True
cluster838_A0A3D3YKZ5,A0A3D3YKZ5,dev,dopamine,Mono,False,1e-04,0.0012,0.0011,0.0069,0.0096,0.9891,True
cluster838_A0A3D3YKZ5,A0A3D3YKZ5,dev,dopamine,Tri,False,0.0738,0.477,0.4032,0.0679,0.37,0.9891,True
cluster838_A0A3D3YKZ5,A0A3D3YKZ5,dev,gaba,Di,False,0.0484,0.3128,0.2644,0.0679,0.22,0.9891,True
cluster838_A0A3D3YKZ5,A0A3D3YKZ5,dev,gaba,Mono,False,0.0187,0.103,0.0843,0.0264,0.0758,0.9891,True
cluster838_A0A3D3YKZ5,A0A3D3YKZ5,dev,gaba,Tri,False,0.0636,0.4514,0.3878,0.0679,0.37,0.9891,True
cluster838_A0A3D3YKZ5,A0A3D3YKZ5,dev,glutamine,Di,False,0.0,0.0005,0.0005,0.0,0.0069,0.9891,True
cluster838_A0A3D3YKZ5,A0A3D3YKZ5,dev,glutamine,Mono,False,0.0,0.0003,0.0003,0.0,0.0069,0.9891,True
cluster838_A0A3D3YKZ5,A0A3D3YKZ5,dev,glutamine,Tri,False,0.0,0.0007,0.0007,0.0,0.0069,0.9891,True
cluster838_A0A3D3YKZ5,A0A3D3YKZ5,dev,glyglycine,Di,False,1e-04,0.001,0.0009,0.0058,0.0069,0.9891,True
cluster838_A0A3D3YKZ5,A0A3D3YKZ5,dev,glyglycine,Mono,False,0.0,0.0003,0.0003,0.0,0.0069,0.9891,True
cluster838_A0A3D3YKZ5,A0A3D3YKZ5,dev,glyglycine,Tri,False,0.0003,0.0075,0.0072,0.0069,0.0167,0.9891,True
cluster838_A0A3D3YKZ5,A0A3D3YKZ5,dev,histidine,Di,False,0.0,0.0002,0.0002,0.0,0.0069,0.9891,True
cluster838_A0A3D3YKZ5,A0A3D3YKZ5,dev,histidine,Mono,False,0.0,1e-04,1e-04,0.0,0.0058,0.9891,True
cluster838_A0A3D3YKZ5,A0A3D3YKZ5,dev,histidine,Tri,False,0.0,0.001,0.001,0.0,0.0069,0.9891,True
cluster838_A0A3D3YKZ5,A0A3D3YKZ5,dev,lysine,Di,False,0.0003,0.0076,0.0073,0.0069,0.0167,0.9891,True
cluster838_A0A3D3YKZ5,A0A3D3YKZ5,dev,lysine,Mono,False,0.0,0.0002,0.0002,0.0,0.0069,0.9891,True
cluster838_A0A3D3YKZ5,A0A3D3YKZ5,dev,lysine,Tri,False,0.0,0.0005,0.0005,0.0,0.0069,0.9891,True
cluster838_A0A3D3YKZ5,A0A3D3YKZ5,dev,methionine,Di,False,0.0,0.0005,0.0005,0.0,0.0069,0.9891,True
cluster838_A0A3D3YKZ5,A0A3D3YKZ5,dev,methionine,Mono,False,0.0,0.0002,0.0002,0.0,0.0069,0.9891,True
cluster838_A0A3D3YKZ5,A0A3D3YKZ5,dev,methionine,Tri,False,0.0,0.0009,0.0009,0.0,0.0069,0.9891,True
cluster838_A0A3D3YKZ5,A0A3D3YKZ5,dev,ornithine,Di,False,1e-04,0.0006,0.0005,0.0058,0.0069,0.9891,True
cluster838_A0A3D3YKZ5,A0A3D3YKZ5,dev,ornithine,Mono,False,0.0,1e-04,1e-04,0.0,0.0058,0.9891,True
cluster838_A0A3D3YKZ5,A0A3D3YKZ5,dev,ornithine,Tri,False,0.0,0.0003,0.0003,0.0,0.0069,0.9891,True
cluster838_A0A3D3YKZ5,A0A3D3YKZ5,dev,phenylalanine,Di,False,0.0848,0.3736,0.2888,0.0741,0.2642,0.9891,True
cluster838_A0A3D3YKZ5,A0A3D3YKZ5,dev,phenylalanine,Mono,False,0.0005,0.0067,0.0062,0.0069,0.0157,0.9891,True
cluster838_A0A3D3YKZ5,A0A3D3YKZ5,dev,phenylalanine,Tri,False,0.1185,0.5428,0.4243,0.0758,0.4048,0.9891,True
cluster838_A0A3D3YKZ5,A0A3D3YKZ5,dev,proline,Di,False,0.0,1e-04,1e-04,0.0,0.0058,0.9891,True
cluster838_A0A3D3YKZ5,A0A3D3YKZ5,dev,proline,Mono,False,0.0,0.0,0.0,0.0,0.0037,0.9891,True
cluster838_A0A3D3YKZ5,A0A3D3YKZ5,dev,proline,Tri,False,1e-04,0.0015,0.0014,0.0058,0.0096,0.9891,True
cluster838_A0A3D3YKZ5,A0A3D3YKZ5,dev,putrescine,Di,False,0.0,0.0003,0.0003,0.0,0.0069,0.9891,True
cluster838_A0A3D3YKZ5,A0A3D3YKZ5,dev,putrescine,Mono,False,0.0,0.0,0.0,0.0,0.0058,0.9891,True
cluster838_A0A3D3YKZ5,A0A3D3YKZ5,dev,putrescine,Tri,False,0.0,0.0008,0.0008,0.0029,0.0069,0.9891,True
cluster838_A0A3D3YKZ5,A0A3D3YKZ5,dev,serine,Di,False,0.0004,0.0149,0.0145,0.0069,0.0264,0.9891,True
cluster838_A0A3D3YKZ5,A0A3D3YKZ5,dev,serine,Mono,False,0.0003,0.0088,0.0085,0.0069,0.0179,0.9891,True
cluster838_A0A3D3YKZ5,A0A3D3YKZ5,dev,serine,Tri,False,1e-04,0.0036,0.0035,0.0058,0.0096,0.9891,True
cluster838_A0A3D3YKZ5,A0A3D3YKZ5,dev,serotonin,Di,False,0.0,1e-04,1e-04,0.0,0.0058,0.9891,True
cluster838_A0A3D3YKZ5,A0A3D3YKZ5,dev,serotonin,Mono,False,1e-04,0.0006,0.0005,0.0058,0.0069,0.9891,True
cluster838_A0A3D3YKZ5,A0A3D3YKZ5,dev,serotonin,Tri,False,0.0,0.0003,0.0003,0.0,0.0069,0.9891,True
cluster838_A0A3D3YKZ5,A0A3D3YKZ5,dev,threonine,Di,False,0.0,0.0008,0.0008,0.0,0.0069,0.9891,True
cluster838_A0A3D3YKZ5,A0A3D3YKZ5,dev,threonine,Mono,False,1e-04,0.0017,0.0016,0.0058,0.0096,0.9891,True
cluster838_A0A3D3YKZ5,A0A3D3YKZ5,dev,threonine,Tri,False,0.0,1e-04,1e-04,0.0,0.0069,0.9891,True
cluster838_A0A3D3YKZ5,A0A3D3YKZ5,dev,tryptamine,Di,False,0.0,1e-04,1e-04,0.0,0.0058,0.9891,True
cluster838_A0A3D3YKZ5,A0A3D3YKZ5,dev,tryptamine,Mono,False,0.0,0.0,0.0,0.0,0.0,0.9891,True
cluster838_A0A3D3YKZ5,A0A3D3YKZ5,dev,tryptamine,Tri,False,0.0,0.0003,0.0003,0.0,0.0069,0.9891,True
cluster838_A0A3D3YKZ5,A0A3D3YKZ5,dev,tyramine,Di,False,1e-04,0.0008,0.0007,0.0058,0.0069,0.9891,True
cluster838_A0A3D3YKZ5,A0A3D3YKZ5,dev,tyramine,Mono,False,0.0007,0.0078,0.0071,0.0069,0.0167,0.9891,True
cluster838_A0A3D3YKZ5,A0A3D3YKZ5,dev,tyramine,Tri,False,1e-04,0.0024,0.0023,0.0058,0.0096,0.9891,True
cluster83_A0A1Q6F0C9,A0A1Q6F0C9,dev,"2,3_diaminopropionic acid",Di,False,0.0096,0.007,-0.0026,0.0179,0.0157,0.9422,True
cluster83_A0A1Q6F0C9,A0A1Q6F0C9,dev,"2,3_diaminopropionic acid",Mono,False,0.0023,0.0021,-0.0002,0.0096,0.0096,0.9422,True
cluster83_A0A1Q6F0C9,A0A1Q6F0C9,dev,"2,3_diaminopropionic acid",Tri,False,0.1821,0.2016,0.0195,0.1317,0.1317,0.9422,True
cluster83_A0A1Q6F0C9,A0A1Q6F0C9,dev,2_aminophenol,Di,False,0.1142,0.1205,0.0063,0.0758,0.0758,0.9422,True
cluster83_A0A1Q6F0C9,A0A1Q6F0C9,dev,2_aminophenol,Mono,False,0.0088,0.0079,-0.0009,0.0179,0.0167,0.9422,True
cluster83_A0A1Q6F0C9,A0A1Q6F0C9,dev,2_aminophenol,Tri,False,0.2229,0.3243,0.1014,0.1466,0.2642,0.9422,True
cluster83_A0A1Q6F0C9,A0A1Q6F0C9,dev,3_methoxytyramine,Di,False,0.0123,0.0058,-0.0065,0.0264,0.0157,0.9422,True
cluster83_A0A1Q6F0C9,A0A1Q6F0C9,dev,3_methoxytyramine,Mono,False,0.0007,0.0005,-0.0002,0.0069,0.0069,0.9422,True
cluster83_A0A1Q6F0C9,A0A1Q6F0C9,dev,3_methoxytyramine,Tri,False,0.0227,0.0184,-0.0043,0.0264,0.0264,0.9422,True
cluster83_A0A1Q6F0C9,A0A1Q6F0C9,dev,alanine,Di,True,0.9808,0.9458,-0.035,0.8343,0.7921,0.9422,True
cluster83_A0A1Q6F0C9,A0A1Q6F0C9,dev,alanine,Mono,True,0.8732,0.7833,-0.0899,0.7547,0.7234,0.9422,True
cluster83_A0A1Q6F0C9,A0A1Q6F0C9,dev,alanine,Tri,False,0.1875,0.2198,0.0323,0.1317,0.1466,0.9422,True
cluster83_A0A1Q6F0C9,A0A1Q6F0C9,dev,arginine,Di,False,0.0002,0.0002,0.0,0.0069,0.0069,0.9422,True
cluster83_A0A1Q6F0C9,A0A1Q6F0C9,dev,arginine,Mono,False,1e-04,1e-04,0.0,0.0058,0.0058,0.9422,True
cluster83_A0A1Q6F0C9,A0A1Q6F0C9,dev,arginine,Tri,False,0.0007,0.001,0.0003,0.0069,0.0096,0.9422,True
cluster83_A0A1Q6F0C9,A0A1Q6F0C9,dev,asparagine,Di,False,0.0552,0.0269,-0.0283,0.0679,0.0264,0.9422,True
cluster83_A0A1Q6F0C9,A0A1Q6F0C9,dev,asparagine,Mono,False,0.0224,0.0089,-0.0135,0.0264,0.0179,0.9422,True
cluster83_A0A1Q6F0C9,A0A1Q6F0C9,dev,asparagine,Tri,True,0.9696,0.9182,-0.0514,0.8273,0.7921,0.9422,True
cluster83_A0A1Q6F0C9,A0A1Q6F0C9,dev,cadaverine,Di,False,0.0015,0.0009,-0.0006,0.0096,0.0069,0.9422,True
cluster83_A0A1Q6F0C9,A0A1Q6F0C9,dev,cadaverine,Mono,False,0.0004,0.0002,-0.0002,0.0069,0.0069,0.9422,True
cluster83_A0A1Q6F0C9,A0A1Q6F0C9,dev,cadaverine,Tri,False,0.0041,0.0024,-0.0017,0.0096,0.0096,0.9422,True
cluster83_A0A1Q6F0C9,A0A1Q6F0C9,dev,citrulline,Di,False,0.0022,0.0026,0.0004,0.0096,0.0096,0.9422,True
cluster83_A0A1Q6F0C9,A0A1Q6F0C9,dev,citrulline,Mono,False,0.0004,0.0005,1e-04,0.0069,0.0069,0.9422,True
cluster83_A0A1Q6F0C9,A0A1Q6F0C9,dev,citrulline,Tri,False,0.0012,0.0021,0.0009,0.0096,0.0096,0.9422,True
cluster83_A0A1Q6F0C9,A0A1Q6F0C9,dev,cystine,Di,False,0.0007,0.0004,-0.0003,0.0069,0.0069,0.9422,True
cluster83_A0A1Q6F0C9,A0A1Q6F0C9,dev,cystine,Mono,False,1e-04,1e-04,0.0,0.0058,0.0058,0.9422,True
cluster83_A0A1Q6F0C9,A0A1Q6F0C9,dev,cystine,Tri,False,0.0013,0.0011,-0.0002,0.0096,0.0096,0.9422,True
cluster83_A0A1Q6F0C9,A0A1Q6F0C9,dev,dopamine,Di,False,0.1017,0.0554,-0.0463,0.0758,0.0679,0.9422,True
cluster83_A0A1Q6F0C9,A0A1Q6F0C9,dev,dopamine,Mono,False,0.0134,0.0083,-0.0051,0.0264,0.0167,0.9422,True
cluster83_A0A1Q6F0C9,A0A1Q6F0C9,dev,dopamine,Tri,True,0.9239,0.8803,-0.0436,0.7921,0.7547,0.9422,True
cluster83_A0A1Q6F0C9,A0A1Q6F0C9,dev,gaba,Di,True,0.9935,0.9656,-0.0279,0.8962,0.8273,0.9422,True
cluster83_A0A1Q6F0C9,A0A1Q6F0C9,dev,gaba,Mono,True,0.9822,0.9071,-0.0751,0.8343,0.7921,0.9422,True
cluster83_A0A1Q6F0C9,A0A1Q6F0C9,dev,gaba,Tri,True,0.9968,0.9846,-0.0122,0.9,0.8343,0.9422,True
cluster83_A0A1Q6F0C9,A0A1Q6F0C9,dev,glutamine,Di,False,0.0047,0.004,-0.0007,0.0097,0.0096,0.9422,True
cluster83_A0A1Q6F0C9,A0A1Q6F0C9,dev,glutamine,Mono,False,0.0034,0.0027,-0.0007,0.0096,0.0096,0.9422,True
cluster83_A0A1Q6F0C9,A0A1Q6F0C9,dev,glutamine,Tri,False,0.0061,0.007,0.0009,0.0157,0.0157,0.9422,True
cluster83_A0A1Q6F0C9,A0A1Q6F0C9,dev,glyglycine,Di,False,0.0059,0.0106,0.0047,0.0157,0.0264,0.9422,True
cluster83_A0A1Q6F0C9,A0A1Q6F0C9,dev,glyglycine,Mono,False,0.0019,0.0034,0.0015,0.0096,0.0096,0.9422,True
cluster83_A0A1Q6F0C9,A0A1Q6F0C9,dev,glyglycine,Tri,False,0.0371,0.1408,0.1037,0.046,0.1192,0.9422,True
cluster83_A0A1Q6F0C9,A0A1Q6F0C9,dev,histidine,Di,False,0.001,0.0007,-0.0003,0.0096,0.0069,0.9422,True
cluster83_A0A1Q6F0C9,A0A1Q6F0C9,dev,histidine,Mono,False,0.0004,0.0003,-1e-04,0.0069,0.0069,0.9422,True
cluster83_A0A1Q6F0C9,A0A1Q6F0C9,dev,histidine,Tri,False,0.0052,0.0062,0.001,0.0157,0.0157,0.9422,True
cluster83_A0A1Q6F0C9,A0A1Q6F0C9,dev,lysine,Di,False,0.0329,0.0483,0.0154,0.0264,0.0679,0.9422,True
cluster83_A0A1Q6F0C9,A0A1Q6F0C9,dev,lysine,Mono,False,0.0029,0.004,0.0011,0.0096,0.0096,0.9422,True
cluster83_A0A1Q6F0C9,A0A1Q6F0C9,dev,lysine,Tri,False,0.0043,0.0053,0.001,0.0096,0.0157,0.9422,True
cluster83_A0A1Q6F0C9,A0A1Q6F0C9,dev,methionine,Di,False,0.0038,0.0033,-0.0005,0.0096,0.0096,0.9422,True
cluster83_A0A1Q6F0C9,A0A1Q6F0C9,dev,methionine,Mono,False,0.0014,0.0015,1e-04,0.0096,0.0096,0.9422,True
cluster83_A0A1Q6F0C9,A0A1Q6F0C9,dev,methionine,Tri,False,0.0072,0.0088,0.0016,0.0167,0.0179,0.9422,True
cluster83_A0A1Q6F0C9,A0A1Q6F0C9,dev,ornithine,Di,False,0.0034,0.0035,1e-04,0.0096,0.0096,0.9422,True
cluster83_A0A1Q6F0C9,A0A1Q6F0C9,dev,ornithine,Mono,False,0.0008,0.0008,0.0,0.0069,0.0069,0.9422,True
cluster83_A0A1Q6F0C9,A0A1Q6F0C9,dev,ornithine,Tri,False,0.0019,0.0023,0.0004,0.0096,0.0096,0.9422,True
cluster83_A0A1Q6F0C9,A0A1Q6F0C9,dev,phenylalanine,Di,True,0.9719,0.8898,-0.0821,0.8273,0.7547,0.9422,True
cluster83_A0A1Q6F0C9,A0A1Q6F0C9,dev,phenylalanine,Mono,False,0.116,0.0423,-0.0737,0.0758,0.0526,0.9422,True
cluster83_A0A1Q6F0C9,A0A1Q6F0C9,dev,phenylalanine,Tri,True,0.986,0.957,-0.029,0.8343,0.7921,0.9422,True
cluster83_A0A1Q6F0C9,A0A1Q6F0C9,dev,proline,Di,False,0.0006,0.0004,-0.0002,0.0069,0.0069,0.9422,True
cluster83_A0A1Q6F0C9,A0A1Q6F0C9,dev,proline,Mono,False,0.0002,0.0002,0.0,0.0069,0.0069,0.9422,True
cluster83_A0A1Q6F0C9,A0A1Q6F0C9,dev,proline,Tri,False,0.0052,0.0061,0.0009,0.0157,0.0157,0.9422,True
cluster83_A0A1Q6F0C9,A0A1Q6F0C9,dev,putrescine,Di,False,0.0018,0.0011,-0.0007,0.0096,0.0096,0.9422,True
cluster83_A0A1Q6F0C9,A0A1Q6F0C9,dev,putrescine,Mono,False,0.0004,0.0002,-0.0002,0.0069,0.0069,0.9422,True
cluster83_A0A1Q6F0C9,A0A1Q6F0C9,dev,putrescine,Tri,False,0.0048,0.003,-0.0018,0.0097,0.0096,0.9422,True
cluster83_A0A1Q6F0C9,A0A1Q6F0C9,dev,serine,Di,False,0.0794,0.0576,-0.0218,0.0679,0.0679,0.9422,True
cluster83_A0A1Q6F0C9,A0A1Q6F0C9,dev,serine,Mono,False,0.0623,0.0728,0.0105,0.0679,0.0679,0.9422,True
cluster83_A0A1Q6F0C9,A0A1Q6F0C9,dev,serine,Tri,False,0.0177,0.014,-0.0037,0.0264,0.0264,0.9422,True
cluster83_A0A1Q6F0C9,A0A1Q6F0C9,dev,serotonin,Di,False,0.0004,0.0002,-0.0002,0.0069,0.0069,0.9422,True
cluster83_A0A1Q6F0C9,A0A1Q6F0C9,dev,serotonin,Mono,False,0.0022,0.0013,-0.0009,0.0096,0.0096,0.9422,True
cluster83_A0A1Q6F0C9,A0A1Q6F0C9,dev,serotonin,Tri,False,0.0011,0.0008,-0.0003,0.0096,0.0069,0.9422,True
cluster83_A0A1Q6F0C9,A0A1Q6F0C9,dev,threonine,Di,False,0.0026,0.0025,-1e-04,0.0096,0.0096,0.9422,True
cluster83_A0A1Q6F0C9,A0A1Q6F0C9,dev,threonine,Mono,False,0.0054,0.0081,0.0027,0.0157,0.0167,0.9422,True
cluster83_A0A1Q6F0C9,A0A1Q6F0C9,dev,threonine,Tri,False,0.0003,0.0005,0.0002,0.0069,0.0069,0.9422,True
cluster83_A0A1Q6F0C9,A0A1Q6F0C9,dev,tryptamine,Di,False,0.0002,0.0002,0.0,0.0069,0.0069,0.9422,True
cluster83_A0A1Q6F0C9,A0A1Q6F0C9,dev,tryptamine,Mono,False,0.0,0.0,0.0,0.0,0.0,0.9422,True
cluster83_A0A1Q6F0C9,A0A1Q6F0C9,dev,tryptamine,Tri,False,0.0007,0.0007,0.0,0.0069,0.0069,0.9422,True
cluster83_A0A1Q6F0C9,A0A1Q6F0C9,dev,tyramine,Di,False,0.0078,0.0052,-0.0026,0.0167,0.0157,0.9422,True
cluster83_A0A1Q6F0C9,A0A1Q6F0C9,dev,tyramine,Mono,False,0.0654,0.0554,-0.01,0.0679,0.0679,0.9422,True
cluster83_A0A1Q6F0C9,A0A1Q6F0C9,dev,tyramine,Tri,False,0.0218,0.0184,-0.0034,0.0264,0.0264,0.9422,True
cluster8_A0A1C5S406,A0A1C5S406,dev,"2,3_diaminopropionic acid",Di,False,0.1648,0.0526,-0.1122,0.1192,0.0679,0.9912,True
cluster8_A0A1C5S406,A0A1C5S406,dev,"2,3_diaminopropionic acid",Mono,False,0.0456,0.0174,-0.0282,0.0679,0.0264,0.9912,True
cluster8_A0A1C5S406,A0A1C5S406,dev,"2,3_diaminopropionic acid",Tri,True,0.8653,0.7872,-0.0781,0.7547,0.7234,0.9912,True
cluster8_A0A1C5S406,A0A1C5S406,dev,2_aminophenol,Di,False,0.6836,0.4969,-0.1867,0.5862,0.4048,0.9912,True
cluster8_A0A1C5S406,A0A1C5S406,dev,2_aminophenol,Mono,False,0.0977,0.0492,-0.0485,0.0758,0.0679,0.9912,True
cluster8_A0A1C5S406,A0A1C5S406,dev,2_aminophenol,Tri,True,0.89,0.7988,-0.0912,0.7547,0.7547,0.9912,True
cluster8_A0A1C5S406,A0A1C5S406,dev,3_methoxytyramine,Di,False,0.0123,0.0049,-0.0074,0.0264,0.0097,0.9912,True
cluster8_A0A1C5S406,A0A1C5S406,dev,3_methoxytyramine,Mono,False,0.001,0.0006,-0.0004,0.0069,0.0069,0.9912,True
cluster8_A0A1C5S406,A0A1C5S406,dev,3_methoxytyramine,Tri,False,0.0256,0.0175,-0.0081,0.0264,0.0264,0.9912,True
cluster8_A0A1C5S406,A0A1C5S406,dev,alanine,Di,True,0.993,0.9781,-0.0149,0.8962,0.8343,0.9912,True
cluster8_A0A1C5S406,A0A1C5S406,dev,alanine,Mono,True,0.9661,0.9264,-0.0397,0.8273,0.7921,0.9912,True
cluster8_A0A1C5S406,A0A1C5S406,dev,alanine,Tri,True,0.9463,0.9107,-0.0356,0.7921,0.7921,0.9912,True
cluster8_A0A1C5S406,A0A1C5S406,dev,arginine,Di,False,0.0052,0.0014,-0.0038,0.0157,0.0096,0.9912,True
cluster8_A0A1C5S406,A0A1C5S406,dev,arginine,Mono,False,0.0013,0.0004,-0.0009,0.0096,0.0069,0.9912,True
cluster8_A0A1C5S406,A0A1C5S406,dev,arginine,Tri,False,0.0244,0.0078,-0.0166,0.0264,0.0167,0.9912,True
cluster8_A0A1C5S406,A0A1C5S406,dev,asparagine,Di,False,0.1738,0.0582,-0.1156,0.1317,0.0679,0.9912,True
cluster8_A0A1C5S406,A0A1C5S406,dev,asparagine,Mono,False,0.0607,0.0236,-0.0371,0.0679,0.0264,0.9912,True
cluster8_A0A1C5S406,A0A1C5S406,dev,asparagine,Tri,True,0.9758,0.9344,-0.0414,0.8333,0.7921,0.9912,True
cluster8_A0A1C5S406,A0A1C5S406,dev,cadaverine,Di,False,0.0038,0.0018,-0.002,0.0096,0.0096,0.9912,True
cluster8_A0A1C5S406,A0A1C5S406,dev,cadaverine,Mono,False,0.0009,0.0004,-0.0005,0.0069,0.0069,0.9912,True
cluster8_A0A1C5S406,A0A1C5S406,dev,cadaverine,Tri,False,0.0091,0.0053,-0.0038,0.0179,0.0157,0.9912,True
cluster8_A0A1C5S406,A0A1C5S406,dev,citrulline,Di,False,0.0466,0.0115,-0.0351,0.0679,0.0264,0.9912,True
cluster8_A0A1C5S406,A0A1C5S406,dev,citrulline,Mono,False,0.0091,0.0025,-0.0066,0.0179,0.0096,0.9912,True
cluster8_A0A1C5S406,A0A1C5S406,dev,citrulline,Tri,False,0.0281,0.0075,-0.0206,0.0264,0.0167,0.9912,True
cluster8_A0A1C5S406,A0A1C5S406,dev,cystine,Di,False,0.0089,0.0029,-0.006,0.0179,0.0096,0.9912,True
cluster8_A0A1C5S406,A0A1C5S406,dev,cystine,Mono,False,0.0016,0.0006,-0.001,0.0096,0.0069,0.9912,True
cluster8_A0A1C5S406,A0A1C5S406,dev,cystine,Tri,False,0.0182,0.0085,-0.0097,0.0264,0.0167,0.9912,True
cluster8_A0A1C5S406,A0A1C5S406,dev,dopamine,Di,False,0.0863,0.0467,-0.0396,0.0758,0.0679,0.9912,True
cluster8_A0A1C5S406,A0A1C5S406,dev,dopamine,Mono,False,0.0128,0.0106,-0.0022,0.0264,0.0264,0.9912,True
cluster8_A0A1C5S406,A0A1C5S406,dev,dopamine,Tri,False,0.8585,0.8227,-0.0358,0.7547,0.7547,0.9912,True
cluster8_A0A1C5S406,A0A1C5S406,dev,gaba,Di,True,0.9934,0.969,-0.0244,0.8962,0.8273,0.9912,True
cluster8_A0A1C5S406,A0A1C5S406,dev,gaba,Mono,True,0.9784,0.9148,-0.0636,0.8343,0.7921,0.9912,True
cluster8_A0A1C5S406,A0A1C5S406,dev,gaba,Tri,True,0.9964,0.9857,-0.0107,0.9,0.8343,0.9912,True
cluster8_A0A1C5S406,A0A1C5S406,dev,glutamine,Di,False,0.0793,0.0203,-0.059,0.0679,0.0264,0.9912,True
cluster8_A0A1C5S406,A0A1C5S406,dev,glutamine,Mono,False,0.0413,0.0168,-0.0245,0.046,0.0264,0.9912,True
cluster8_A0A1C5S406,A0A1C5S406,dev,glutamine,Tri,False,0.0763,0.0292,-0.0471,0.0679,0.0264,0.9912,True
cluster8_A0A1C5S406,A0A1C5S406,dev,glyglycine,Di,False,0.0352,0.0268,-0.0084,0.046,0.0264,0.9912,True
cluster8_A0A1C5S406,A0A1C5S406,dev,glyglycine,Mono,False,0.0102,0.0101,-1e-04,0.0179,0.0179,0.9912,True
cluster8_A0A1C5S406,A0A1C5S406,dev,glyglycine,Tri,False,0.2025,0.2992,0.0967,0.1317,0.22,0.9912,True
cluster8_A0A1C5S406,A0A1C5S406,dev,histidine,Di,False,0.0042,0.0029,-0.0013,0.0096,0.0096,0.9912,True
cluster8_A0A1C5S406,A0A1C5S406,dev,histidine,Mono,False,0.0018,0.0019,1e-04,0.0096,0.0096,0.9912,True
cluster8_A0A1C5S406,A0A1C5S406,dev,histidine,Tri,False,0.0194,0.023,0.0036,0.0264,0.0264,0.9912,True
cluster8_A0A1C5S406,A0A1C5S406,dev,lysine,Di,True,0.7673,0.3303,-0.437,0.7234,0.2642,0.9912,True
cluster8_A0A1C5S406,A0A1C5S406,dev,lysine,Mono,False,0.087,0.018,-0.069,0.0758,0.0264,0.9912,True
cluster8_A0A1C5S406,A0A1C5S406,dev,lysine,Tri,False,0.115,0.0193,-0.0957,0.0758,0.0264,0.9912,True
cluster8_A0A1C5S406,A0A1C5S406,dev,methionine,Di,False,0.1198,0.036,-0.0838,0.0758,0.046,0.9912,True
cluster8_A0A1C5S406,A0A1C5S406,dev,methionine,Mono,False,0.046,0.0197,-0.0263,0.0679,0.0264,0.9912,True
cluster8_A0A1C5S406,A0A1C5S406,dev,methionine,Tri,False,0.2105,0.0907,-0.1198,0.1317,0.0758,0.9912,True
cluster8_A0A1C5S406,A0A1C5S406,dev,ornithine,Di,False,0.0735,0.0118,-0.0617,0.0679,0.0264,0.9912,True
cluster8_A0A1C5S406,A0A1C5S406,dev,ornithine,Mono,False,0.0156,0.0028,-0.0128,0.0264,0.0096,0.9912,True
cluster8_A0A1C5S406,A0A1C5S406,dev,ornithine,Tri,False,0.0359,0.0058,-0.0301,0.046,0.0157,0.9912,True
cluster8_A0A1C5S406,A0A1C5S406,dev,phenylalanine,Di,True,0.9787,0.9262,-0.0525,0.8343,0.7921,0.9912,True
cluster8_A0A1C5S406,A0A1C5S406,dev,phenylalanine,Mono,False,0.242,0.098,-0.144,0.1466,0.0758,0.9912,True
cluster8_A0A1C5S406,A0A1C5S406,dev,phenylalanine,Tri,True,0.9907,0.9714,-0.0193,0.8873,0.8273,0.9912,True
cluster8_A0A1C5S406,A0A1C5S406,dev,proline,Di,False,0.0014,0.0006,-0.0008,0.0096,0.0069,0.9912,True
cluster8_A0A1C5S406,A0A1C5S406,dev,proline,Mono,False,0.0004,0.0003,-1e-04,0.0069,0.0069,0.9912,True
cluster8_A0A1C5S406,A0A1C5S406,dev,proline,Tri,False,0.013,0.0089,-0.0041,0.0264,0.0179,0.9912,True
cluster8_A0A1C5S406,A0A1C5S406,dev,putrescine,Di,False,0.0049,0.0023,-0.0026,0.0097,0.0096,0.9912,True
cluster8_A0A1C5S406,A0A1C5S406,dev,putrescine,Mono,False,0.001,0.0005,-0.0005,0.0096,0.0069,0.9912,True
cluster8_A0A1C5S406,A0A1C5S406,dev,putrescine,Tri,False,0.0118,0.0069,-0.0049,0.0264,0.0157,0.9912,True
cluster8_A0A1C5S406,A0A1C5S406,dev,serine,Di,True,0.8072,0.5325,-0.2747,0.7547,0.4048,0.9912,True
cluster8_A0A1C5S406,A0A1C5S406,dev,serine,Mono,True,0.887,0.6768,-0.2102,0.7547,0.5862,0.9912,True
cluster8_A0A1C5S406,A0A1C5S406,dev,serine,Tri,False,0.295,0.1773,-0.1177,0.1867,0.1317,0.9912,True
cluster8_A0A1C5S406,A0A1C5S406,dev,serotonin,Di,False,0.0011,0.0005,-0.0006,0.0096,0.0069,0.9912,True
cluster8_A0A1C5S406,A0A1C5S406,dev,serotonin,Mono,False,0.0051,0.0032,-0.0019,0.0157,0.0096,0.9912,True
cluster8_A0A1C5S406,A0A1C5S406,dev,serotonin,Tri,False,0.0022,0.0019,-0.0003,0.0096,0.0096,0.9912,True
cluster8_A0A1C5S406,A0A1C5S406,dev,threonine,Di,False,0.0955,0.0501,-0.0454,0.0758,0.0679,0.9912,True
cluster8_A0A1C5S406,A0A1C5S406,dev,threonine,Mono,False,0.3159,0.2237,-0.0922,0.22,0.1466,0.9912,True
cluster8_A0A1C5S406,A0A1C5S406,dev,threonine,Tri,False,0.0145,0.0087,-0.0058,0.0264,0.0179,0.9912,True
cluster8_A0A1C5S406,A0A1C5S406,dev,tryptamine,Di,False,0.0005,0.0002,-0.0003,0.0069,0.0069,0.9912,True
cluster8_A0A1C5S406,A0A1C5S406,dev,tryptamine,Mono,False,1e-04,0.0,-1e-04,0.0058,0.0,0.9912,True
cluster8_A0A1C5S406,A0A1C5S406,dev,tryptamine,Tri,False,0.0014,0.001,-0.0004,0.0096,0.0069,0.9912,True
cluster8_A0A1C5S406,A0A1C5S406,dev,tyramine,Di,False,0.0164,0.01,-0.0064,0.0264,0.0179,0.9912,True
cluster8_A0A1C5S406,A0A1C5S406,dev,tyramine,Mono,False,0.182,0.1762,-0.0058,0.1317,0.1317,0.9912,True
cluster8_A0A1C5S406,A0A1C5S406,dev,tyramine,Tri,False,0.0363,0.0341,-0.0022,0.046,0.0264,0.9912,True
cluster960_G5H9U7,G5H9U7,dev,"2,3_diaminopropionic acid",Di,False,0.0147,0.0046,-0.0101,0.0264,0.0096,0.9945,True
cluster960_G5H9U7,G5H9U7,dev,"2,3_diaminopropionic acid",Mono,False,0.003,0.0008,-0.0022,0.0096,0.0069,0.9945,True
cluster960_G5H9U7,G5H9U7,dev,"2,3_diaminopropionic acid",Tri,False,0.1608,0.0759,-0.0849,0.1192,0.0679,0.9945,True
cluster960_G5H9U7,G5H9U7,dev,2_aminophenol,Di,False,0.0882,0.0379,-0.0503,0.0758,0.046,0.9945,True
cluster960_G5H9U7,G5H9U7,dev,2_aminophenol,Mono,False,0.0051,0.0018,-0.0033,0.0157,0.0096,0.9945,True
cluster960_G5H9U7,G5H9U7,dev,2_aminophenol,Tri,False,0.1838,0.0835,-0.1003,0.1317,0.0741,0.9945,True
cluster960_G5H9U7,G5H9U7,dev,3_methoxytyramine,Di,False,0.028,0.004,-0.024,0.0264,0.0096,0.9945,True
cluster960_G5H9U7,G5H9U7,dev,3_methoxytyramine,Mono,False,0.0013,0.0002,-0.0011,0.0096,0.0069,0.9945,True
cluster960_G5H9U7,G5H9U7,dev,3_methoxytyramine,Tri,False,0.0389,0.0099,-0.029,0.046,0.0179,0.9945,True
cluster960_G5H9U7,G5H9U7,dev,alanine,Di,True,0.9819,0.8945,-0.0874,0.8343,0.7547,0.9945,True
cluster960_G5H9U7,G5H9U7,dev,alanine,Mono,True,0.8987,0.4885,-0.4102,0.7921,0.37,0.9945,True
cluster960_G5H9U7,G5H9U7,dev,alanine,Tri,False,0.2537,0.1378,-0.1159,0.1466,0.1192,0.9945,True
cluster960_G5H9U7,G5H9U7,dev,arginine,Di,False,0.0002,1e-04,-1e-04,0.0069,0.0058,0.9945,True
cluster960_G5H9U7,G5H9U7,dev,arginine,Mono,False,0.0,0.0,0.0,0.0058,0.0,0.9945,True
cluster960_G5H9U7,G5H9U7,dev,arginine,Tri,False,0.0005,0.0002,-0.0003,0.0069,0.0069,0.9945,True
cluster960_G5H9U7,G5H9U7,dev,asparagine,Di,False,0.0459,0.0108,-0.0351,0.0679,0.0264,0.9945,True
cluster960_G5H9U7,G5H9U7,dev,asparagine,Mono,False,0.0133,0.0024,-0.0109,0.0264,0.0096,0.9945,True
cluster960_G5H9U7,G5H9U7,dev,asparagine,Tri,True,0.9431,0.8017,-0.1414,0.7921,0.7547,0.9945,True
cluster960_G5H9U7,G5H9U7,dev,cadaverine,Di,False,0.0018,0.0005,-0.0013,0.0096,0.0069,0.9945,True
cluster960_G5H9U7,G5H9U7,dev,cadaverine,Mono,False,0.0004,1e-04,-0.0003,0.0069,0.0058,0.9945,True
cluster960_G5H9U7,G5H9U7,dev,cadaverine,Tri,False,0.0041,0.0014,-0.0027,0.0096,0.0096,0.9945,True
cluster960_G5H9U7,G5H9U7,dev,citrulline,Di,False,0.0018,0.0008,-0.001,0.0096,0.0069,0.9945,True
cluster960_G5H9U7,G5H9U7,dev,citrulline,Mono,False,0.0003,1e-04,-0.0002,0.0069,0.0058,0.9945,True
cluster960_G5H9U7,G5H9U7,dev,citrulline,Tri,False,0.001,0.0004,-0.0006,0.0096,0.0069,0.9945,True
cluster960_G5H9U7,G5H9U7,dev,cystine,Di,False,0.0013,0.0005,-0.0008,0.0096,0.0069,0.9945,True
cluster960_G5H9U7,G5H9U7,dev,cystine,Mono,False,0.0002,1e-04,-1e-04,0.0069,0.0058,0.9945,True
cluster960_G5H9U7,G5H9U7,dev,cystine,Tri,False,0.0019,0.0008,-0.0011,0.0096,0.0069,0.9945,True
cluster960_G5H9U7,G5H9U7,dev,dopamine,Di,False,0.1278,0.0273,-0.1005,0.0781,0.0264,0.9945,True
cluster960_G5H9U7,G5H9U7,dev,dopamine,Mono,False,0.0164,0.003,-0.0134,0.0264,0.0096,0.9945,True
cluster960_G5H9U7,G5H9U7,dev,dopamine,Tri,True,0.9166,0.7264,-0.1902,0.7921,0.7234,0.9945,True
cluster960_G5H9U7,G5H9U7,dev,gaba,Di,True,0.9915,0.7062,-0.2853,0.8962,0.6364,0.9945,True
cluster960_G5H9U7,G5H9U7,dev,gaba,Mono,True,0.977,0.4157,-0.5613,0.8343,0.37,0.9945,True
cluster960_G5H9U7,G5H9U7,dev,gaba,Tri,True,0.9948,0.8158,-0.179,0.8962,0.7547,0.9945,True
cluster960_G5H9U7,G5H9U7,dev,glutamine,Di,False,0.0029,0.0006,-0.0023,0.0096,0.0069,0.9945,True
cluster960_G5H9U7,G5H9U7,dev,glutamine,Mono,False,0.0014,0.0003,-0.0011,0.0096,0.0069,0.9945,True
cluster960_G5H9U7,G5H9U7,dev,glutamine,Tri,False,0.0033,0.0008,-0.0025,0.0096,0.0069,0.9945,True
cluster960_G5H9U7,G5H9U7,dev,glyglycine,Di,False,0.007,0.0037,-0.0033,0.0157,0.0096,0.9945,True
cluster960_G5H9U7,G5H9U7,dev,glyglycine,Mono,False,0.0021,0.0009,-0.0012,0.0096,0.0069,0.9945,True
cluster960_G5H9U7,G5H9U7,dev,glyglycine,Tri,False,0.0314,0.0243,-0.0071,0.0264,0.0264,0.9945,True
cluster960_G5H9U7,G5H9U7,dev,histidine,Di,False,0.0015,0.001,-0.0005,0.0096,0.0069,0.9945,True
cluster960_G5H9U7,G5H9U7,dev,histidine,Mono,False,0.0007,0.0005,-0.0002,0.0069,0.0069,0.9945,True
cluster960_G5H9U7,G5H9U7,dev,histidine,Tri,False,0.0068,0.006,-0.0008,0.0157,0.0157,0.9945,True
cluster960_G5H9U7,G5H9U7,dev,lysine,Di,False,0.0293,0.0075,-0.0218,0.0264,0.0167,0.9945,True
cluster960_G5H9U7,G5H9U7,dev,lysine,Mono,False,0.0021,0.0004,-0.0017,0.0096,0.0069,0.9945,True
cluster960_G5H9U7,G5H9U7,dev,lysine,Tri,False,0.0037,0.0008,-0.0029,0.0096,0.0069,0.9945,True
cluster960_G5H9U7,G5H9U7,dev,methionine,Di,False,0.0021,0.0008,-0.0013,0.0096,0.0069,0.9945,True
cluster960_G5H9U7,G5H9U7,dev,methionine,Mono,False,0.0007,0.0003,-0.0004,0.0069,0.0069,0.9945,True
cluster960_G5H9U7,G5H9U7,dev,methionine,Tri,False,0.0032,0.0013,-0.0019,0.0096,0.0096,0.9945,True
cluster960_G5H9U7,G5H9U7,dev,ornithine,Di,False,0.0091,0.0016,-0.0075,0.0179,0.0096,0.9945,True
cluster960_G5H9U7,G5H9U7,dev,ornithine,Mono,False,0.002,0.0003,-0.0017,0.0096,0.0069,0.9945,True
cluster960_G5H9U7,G5H9U7,dev,ornithine,Tri,False,0.0045,0.0008,-0.0037,0.0096,0.0069,0.9945,True
cluster960_G5H9U7,G5H9U7,dev,phenylalanine,Di,True,0.9596,0.7343,-0.2253,0.7921,0.7234,0.9945,True
cluster960_G5H9U7,G5H9U7,dev,phenylalanine,Mono,False,0.0704,0.0146,-0.0558,0.0679,0.0264,0.9945,True
cluster960_G5H9U7,G5H9U7,dev,phenylalanine,Tri,True,0.9767,0.8531,-0.1236,0.8343,0.7547,0.9945,True
cluster960_G5H9U7,G5H9U7,dev,proline,Di,False,0.0008,0.0006,-0.0002,0.0069,0.0069,0.9945,True
cluster960_G5H9U7,G5H9U7,dev,proline,Mono,False,0.0004,0.0002,-0.0002,0.0069,0.0069,0.9945,True
cluster960_G5H9U7,G5H9U7,dev,proline,Tri,False,0.0065,0.0049,-0.0016,0.0157,0.0097,0.9945,True
cluster960_G5H9U7,G5H9U7,dev,putrescine,Di,False,0.0021,0.0007,-0.0014,0.0096,0.0069,0.9945,True
cluster960_G5H9U7,G5H9U7,dev,putrescine,Mono,False,0.0004,1e-04,-0.0003,0.0069,0.0058,0.9945,True
cluster960_G5H9U7,G5H9U7,dev,putrescine,Tri,False,0.0049,0.0016,-0.0033,0.0097,0.0096,0.9945,True
cluster960_G5H9U7,G5H9U7,dev,serine,Di,False,0.0901,0.0413,-0.0488,0.0758,0.046,0.9945,True
cluster960_G5H9U7,G5H9U7,dev,serine,Mono,False,0.0371,0.0151,-0.022,0.046,0.0264,0.9945,True
cluster960_G5H9U7,G5H9U7,dev,serine,Tri,False,0.0208,0.0093,-0.0115,0.0264,0.0179,0.9945,True
cluster960_G5H9U7,G5H9U7,dev,serotonin,Di,False,0.0011,0.0003,-0.0008,0.0096,0.0069,0.9945,True
cluster960_G5H9U7,G5H9U7,dev,serotonin,Mono,False,0.0072,0.0019,-0.0053,0.0167,0.0096,0.9945,True
cluster960_G5H9U7,G5H9U7,dev,serotonin,Tri,False,0.0027,0.0011,-0.0016,0.0096,0.0096,0.9945,True
cluster960_G5H9U7,G5H9U7,dev,threonine,Di,False,0.0039,0.0013,-0.0026,0.0096,0.0096,0.9945,True
cluster960_G5H9U7,G5H9U7,dev,threonine,Mono,False,0.0051,0.0018,-0.0033,0.0157,0.0096,0.9945,True
cluster960_G5H9U7,G5H9U7,dev,threonine,Tri,False,0.0007,0.0002,-0.0005,0.0069,0.0069,0.9945,True
cluster960_G5H9U7,G5H9U7,dev,tryptamine,Di,False,0.0004,0.0002,-0.0002,0.0069,0.0069,0.9945,True
cluster960_G5H9U7,G5H9U7,dev,tryptamine,Mono,False,1e-04,0.0,-1e-04,0.0058,0.0,0.9945,True
cluster960_G5H9U7,G5H9U7,dev,tryptamine,Tri,False,0.0015,0.0008,-0.0007,0.0096,0.0069,0.9945,True
cluster960_G5H9U7,G5H9U7,dev,tyramine,Di,False,0.0097,0.0024,-0.0073,0.0179,0.0096,0.9945,True
cluster960_G5H9U7,G5H9U7,dev,tyramine,Mono,False,0.1007,0.0223,-0.0784,0.0758,0.0264,0.9945,True
cluster960_G5H9U7,G5H9U7,dev,tyramine,Tri,False,0.0217,0.006,-0.0157,0.0264,0.0157,0.9945,True
