Enzyme,Amine,Hydroxyl,active,raw,calibrated
A0A078S2R5,"2,3_diaminopropionic acid",Di,1,0.0616,0.0529
A0A078S2R5,"2,3_diaminopropionic acid",Mono,0,0.0335,0.0409
A0A078S2R5,"2,3_diaminopropionic acid",Tri,1,0.3652,0.2815
A0A078S2R5,2_aminophenol,Di,1,0.9145,0.8636
A0A078S2R5,2_aminophenol,Mono,1,0.306,0.2692
A0A078S2R5,2_aminophenol,Tri,1,0.8834,0.8235
A0A078S2R5,3_methoxytyramine,Di,1,0.5258,0.4014
A0A078S2R5,3_methoxytyramine,Mono,0,0.0958,0.0915
A0A078S2R5,3_methoxytyramine,Tri,1,0.4546,0.3936
A0A078S2R5,alanine,Di,1,0.9232,0.8636
A0A078S2R5,alanine,Mono,1,0.9014,0.8571
A0A078S2R5,alanine,Tri,1,0.296,0.2692
A0A078S2R5,arginine,Di,0,0.0104,0.0101
A0A078S2R5,arginine,Mono,0,0.0032,0.0101
A0A078S2R5,arginine,Tri,0,0.0187,0.0202
A0A078S2R5,asparagine,Di,0,0.0847,0.0529
A0A078S2R5,asparagine,Mono,0,0.0847,0.0529
A0A078S2R5,asparagine,Tri,1,0.8214,0.7
A0A078S2R5,cadaverine,Di,0,0.0087,0.0101
A0A078S2R5,cadaverine,Mono,0,0.0034,0.0101
A0A078S2R5,cadaverine,Tri,0,0.0114,0.0114
A0A078S2R5,citrulline,Di,0,0.0414,0.0529
A0A078S2R5,citrulline,Mono,0,0.0109,0.0101
A0A078S2R5,citrulline,Tri,0,0.0132,0.0137
A0A078S2R5,cystine,Di,0,0.0287,0.0391
A0A078S2R5,cystine,Mono,0,0.011,0.0101
A0A078S2R5,cystine,Tri,0,0.0383,0.0529
A0A078S2R5,dopamine,Di,1,0.6092,0.4638
A0A078S2R5,dopamine,Mono,0,0.2378,0.1455
A0A078S2R5,dopamine,Tri,1,0.9354,0.8636
A0A078S2R5,gaba,Di,1,0.9809,0.9082
A0A078S2R5,gaba,Mono,1,0.9804,0.9082
A0A078S2R5,gaba,Tri,1,0.9808,0.9082
A0A078S2R5,glutamine,Di,0,0.1858,0.1127
A0A078S2R5,glutamine,Mono,1,0.6288,0.4857
A0A078S2R5,glutamine,Tri,0,0.1266,0.0915
A0A078S2R5,glyglycine,Di,0,0.0168,0.0202
A0A078S2R5,glyglycine,Mono,0,0.0113,0.0114
A0A078S2R5,glyglycine,Tri,0,0.0592,0.0529
A0A078S2R5,histidine,Di,0,0.0051,0.0101
A0A078S2R5,histidine,Mono,0,0.0036,0.0101
A0A078S2R5,histidine,Tri,0,0.0155,0.0202
A0A078S2R5,lysine,Di,0,0.1936,0.1127
A0A078S2R5,lysine,Mono,0,0.0258,0.0391
A0A078S2R5,lysine,Tri,0,0.0245,0.0391
A0A078S2R5,methionine,Di,0,0.0736,0.0529
A0A078S2R5,methionine,Mono,1,0.0665,0.0529
A0A078S2R5,methionine,Tri,0,0.0907,0.0529
A0A078S2R5,ornithine,Di,1,0.1249,0.0915
A0A078S2R5,ornithine,Mono,1,0.0397,0.0529
A0A078S2R5,ornithine,Tri,0,0.0398,0.0529
A0A078S2R5,phenylalanine,Di,1,0.9231,0.8636
A0A078S2R5,phenylalanine,Mono,1,0.1966,0.1127
A0A078S2R5,phenylalanine,Tri,1,0.9229,0.8636
A0A078S2R5,proline,Di,0,0.0055,0.0101
A0A078S2R5,proline,Mono,0,0.0062,0.0101
A0A078S2R5,proline,Tri,1,0.0258,0.0391
A0A078S2R5,putrescine,Di,0,0.0088,0.0101
A0A078S2R5,putrescine,Mono,0,0.0035,0.0101
A0A078S2R5,putrescine,Tri,0,0.0116,0.0114
A0A078S2R5,serine,Di,0,0.1555,0.1127
A0A078S2R5,serine,Mono,1,0.1483,0.1127
A0A078S2R5,serine,Tri,0,0.1277,0.0915
A0A078S2R5,serotonin,Di,0,0.0201,0.0301
A0A078S2R5,serotonin,Mono,1,0.1769,0.1127
A0A078S2R5,serotonin,Tri,0,0.0216,0.0301
A0A078S2R5,threonine,Di,0,0.0649,0.0529
A0A078S2R5,threonine,Mono,0,0.0825,0.0529
A0A078S2R5,threonine,Tri,0,0.0143,0.0202
A0A078S2R5,tryptamine,Di,0,0.0172,0.0202
A0A078S2R5,tryptamine,Mono,0,0.0037,0.0101
A0A078S2R5,tryptamine,Tri,0,0.0257,0.0391
A0A078S2R5,tyramine,Di,0,0.0531,0.0529
A0A078S2R5,tyramine,Mono,1,0.238,0.1757
A0A078S2R5,tyramine,Tri,0,0.053,0.0529
A0A096B1U0,"2,3_diaminopropionic acid",Di,0,0.0126,0.0137
A0A096B1U0,"2,3_diaminopropionic acid",Mono,0,0.0114,0.0114
A0A096B1U0,"2,3_diaminopropionic acid",Tri,0,0.1288,0.0915
A0A096B1U0,2_aminophenol,Di,1,0.8225,0.7
A0A096B1U0,2_aminophenol,Mono,0,0.207,0.1127
A0A096B1U0,2_aminophenol,Tri,1,0.761,0.5287
A0A096B1U0,3_methoxytyramine,Di,0,0.0359,0.0409
A0A096B1U0,3_methoxytyramine,Mono,0,0.0106,0.0101
A0A096B1U0,3_methoxytyramine,Tri,0,0.0413,0.0529
A0A096B1U0,alanine,Di,1,0.9199,0.8636
A0A096B1U0,alanine,Mono,1,0.914,0.8636
A0A096B1U0,alanine,Tri,0,0.1599,0.1127
A0A096B1U0,arginine,Di,0,0.0036,0.0101
A0A096B1U0,arginine,Mono,0,0.0018,0.0023
A0A096B1U0,arginine,Tri,0,0.0076,0.0101
A0A096B1U0,asparagine,Di,0,0.0403,0.0529
A0A096B1U0,asparagine,Mono,0,0.0816,0.0529
A0A096B1U0,asparagine,Tri,1,0.8322,0.7
A0A096B1U0,cadaverine,Di,0,0.0029,0.0101
A0A096B1U0,cadaverine,Mono,0,0.0016,0.0023
A0A096B1U0,cadaverine,Tri,0,0.0032,0.0101
A0A096B1U0,citrulline,Di,0,0.0245,0.0391
A0A096B1U0,citrulline,Mono,0,0.0089,0.0101
A0A096B1U0,citrulline,Tri,0,0.0075,0.0101
A0A096B1U0,cystine,Di,0,0.0046,0.0101
A0A096B1U0,cystine,Mono,0,0.0036,0.0101
A0A096B1U0,cystine,Tri,0,0.0088,0.0101
A0A096B1U0,dopamine,Di,0,0.1292,0.0915
A0A096B1U0,dopamine,Mono,0,0.0666,0.0529
A0A096B1U0,dopamine,Tri,1,0.8002,0.7
A0A096B1U0,gaba,Di,1,0.9774,0.9082
A0A096B1U0,gaba,Mono,1,0.9863,0.9214
A0A096B1U0,gaba,Tri,1,0.9757,0.9082
A0A096B1U0,glutamine,Di,0,0.1585,0.1127
A0A096B1U0,glutamine,Mono,1,0.7594,0.5287
A0A096B1U0,glutamine,Tri,0,0.1281,0.0915
A0A096B1U0,glyglycine,Di,0,0.0064,0.0101
A0A096B1U0,glyglycine,Mono,0,0.0058,0.0101
A0A096B1U0,glyglycine,Tri,0,0.0317,0.0409
A0A096B1U0,histidine,Di,0,0.0024,0.0101
A0A096B1U0,histidine,Mono,0,0.0022,0.0023
A0A096B1U0,histidine,Tri,0,0.0097,0.0101
A0A096B1U0,lysine,Di,0,0.0862,0.0529
A0A096B1U0,lysine,Mono,0,0.0113,0.0114
A0A096B1U0,lysine,Tri,0,0.0073,0.0101
A0A096B1U0,methionine,Di,0,0.0477,0.0529
A0A096B1U0,methionine,Mono,0,0.0557,0.0529
A0A096B1U0,methionine,Tri,0,0.0566,0.0529
A0A096B1U0,ornithine,Di,0,0.0193,0.0202
A0A096B1U0,ornithine,Mono,0,0.0069,0.0101
A0A096B1U0,ornithine,Tri,0,0.0051,0.0101
A0A096B1U0,phenylalanine,Di,1,0.9077,0.8636
A0A096B1U0,phenylalanine,Mono,0,0.2139,0.1127
A0A096B1U0,phenylalanine,Tri,1,0.919,0.8636
A0A096B1U0,proline,Di,0,0.0023,0.0023
A0A096B1U0,proline,Mono,0,0.0044,0.0101
A0A096B1U0,proline,Tri,0,0.0152,0.0202
A0A096B1U0,putrescine,Di,0,0.003,0.0101
A0A096B1U0,putrescine,Mono,0,0.0016,0.0023
A0A096B1U0,putrescine,Tri,0,0.0033,0.0101
A0A096B1U0,serine,Di,0,0.1174,0.0915
A0A096B1U0,serine,Mono,0,0.1415,0.0915
A0A096B1U0,serine,Tri,0,0.0915,0.0529
A0A096B1U0,serotonin,Di,0,0.0072,0.0101
A0A096B1U0,serotonin,Mono,0,0.036,0.0409
A0A096B1U0,serotonin,Tri,0,0.0086,0.0101
A0A096B1U0,threonine,Di,0,0.0461,0.0529
A0A096B1U0,threonine,Mono,0,0.0636,0.0529
A0A096B1U0,threonine,Tri,0,0.0082,0.0101
A0A096B1U0,tryptamine,Di,0,0.0044,0.0101
A0A096B1U0,tryptamine,Mono,0,0.0015,0.0023
A0A096B1U0,tryptamine,Tri,0,0.0062,0.0101
A0A096B1U0,tyramine,Di,0,0.0211,0.0301
A0A096B1U0,tyramine,Mono,0,0.081,0.0529
A0A096B1U0,tyramine,Tri,0,0.0269,0.0391
A0A096KTH7,"2,3_diaminopropionic acid",Di,0,0.0301,0.0391
A0A096KTH7,"2,3_diaminopropionic acid",Mono,0,0.0235,0.0391
A0A096KTH7,"2,3_diaminopropionic acid",Tri,1,0.4653,0.3936
A0A096KTH7,2_aminophenol,Di,1,0.8275,0.7
A0A096KTH7,2_aminophenol,Mono,1,0.4346,0.3936
A0A096KTH7,2_aminophenol,Tri,1,0.8712,0.7
A0A096KTH7,3_methoxytyramine,Di,0,0.0834,0.0529
A0A096KTH7,3_methoxytyramine,Mono,0,0.0104,0.0101
A0A096KTH7,3_methoxytyramine,Tri,0,0.0778,0.0529
A0A096KTH7,alanine,Di,1,0.9326,0.8636
A0A096KTH7,alanine,Mono,1,0.9302,0.8636
A0A096KTH7,alanine,Tri,1,0.4539,0.3936
A0A096KTH7,arginine,Di,0,0.0038,0.0101
A0A096KTH7,arginine,Mono,0,0.0026,0.0101
A0A096KTH7,arginine,Tri,0,0.0192,0.0202
A0A096KTH7,asparagine,Di,0,0.0322,0.0409
A0A096KTH7,asparagine,Mono,0,0.036,0.0409
A0A096KTH7,asparagine,Tri,1,0.7433,0.5287
A0A096KTH7,cadaverine,Di,0,0.0047,0.0101
A0A096KTH7,cadaverine,Mono,0,0.0023,0.0101
A0A096KTH7,cadaverine,Tri,0,0.0086,0.0101
A0A096KTH7,citrulline,Di,0,0.0616,0.0529
A0A096KTH7,citrulline,Mono,0,0.0133,0.0137
A0A096KTH7,citrulline,Tri,0,0.02,0.0301
A0A096KTH7,cystine,Di,0,0.0361,0.0409
A0A096KTH7,cystine,Mono,0,0.0225,0.0345
A0A096KTH7,cystine,Tri,0,0.14,0.0915
A0A096KTH7,dopamine,Di,0,0.0822,0.0529
A0A096KTH7,dopamine,Mono,0,0.0377,0.0529
A0A096KTH7,dopamine,Tri,1,0.7081,0.5287
A0A096KTH7,gaba,Di,1,0.9457,0.9023
A0A096KTH7,gaba,Mono,1,0.9443,0.9023
A0A096KTH7,gaba,Tri,1,0.9577,0.9023
A0A096KTH7,glutamine,Di,0,0.1356,0.0915
A0A096KTH7,glutamine,Mono,0,0.4345,0.3936
A0A096KTH7,glutamine,Tri,0,0.0995,0.0915
A0A096KTH7,glyglycine,Di,0,0.0094,0.0101
A0A096KTH7,glyglycine,Mono,0,0.0081,0.0101
A0A096KTH7,glyglycine,Tri,1,0.1343,0.0915
A0A096KTH7,histidine,Di,0,0.0051,0.0101
A0A096KTH7,histidine,Mono,0,0.0038,0.0101
A0A096KTH7,histidine,Tri,0,0.0414,0.0529
A0A096KTH7,lysine,Di,1,0.2413,0.1757
A0A096KTH7,lysine,Mono,0,0.0283,0.0391
A0A096KTH7,lysine,Tri,0,0.0224,0.0345
A0A096KTH7,methionine,Di,0,0.1173,0.0915
A0A096KTH7,methionine,Mono,1,0.138,0.0915
A0A096KTH7,methionine,Tri,1,0.1814,0.1127
A0A096KTH7,ornithine,Di,0,0.0818,0.0529
A0A096KTH7,ornithine,Mono,0,0.0242,0.0391
A0A096KTH7,ornithine,Tri,0,0.0176,0.0202
A0A096KTH7,phenylalanine,Di,1,0.8955,0.8571
A0A096KTH7,phenylalanine,Mono,0,0.3254,0.2692
A0A096KTH7,phenylalanine,Tri,1,0.9421,0.8696
A0A096KTH7,proline,Di,0,0.0039,0.0101
A0A096KTH7,proline,Mono,0,0.0056,0.0101
A0A096KTH7,proline,Tri,0,0.0368,0.0529
A0A096KTH7,putrescine,Di,0,0.0047,0.0101
A0A096KTH7,putrescine,Mono,0,0.0023,0.0101
A0A096KTH7,putrescine,Tri,0,0.0086,0.0101
A0A096KTH7,serine,Di,1,0.3022,0.2692
A0A096KTH7,serine,Mono,1,0.3712,0.2815
A0A096KTH7,serine,Tri,0,0.1454,0.0915
A0A096KTH7,serotonin,Di,0,0.0078,0.0101
A0A096KTH7,serotonin,Mono,0,0.1262,0.0915
A0A096KTH7,serotonin,Tri,0,0.0071,0.0101
A0A096KTH7,threonine,Di,1,0.0959,0.0915
A0A096KTH7,threonine,Mono,0,0.1887,0.1127
A0A096KTH7,threonine,Tri,0,0.0095,0.0101
A0A096KTH7,tryptamine,Di,0,0.0018,0.0023
A0A096KTH7,tryptamine,Mono,0,0.0016,0.0023
A0A096KTH7,tryptamine,Tri,0,0.0071,0.0101
A0A096KTH7,tyramine,Di,0,0.0227,0.0345
A0A096KTH7,tyramine,Mono,0,0.2093,0.1127
A0A096KTH7,tyramine,Tri,0,0.0209,0.0301
A0A0D8IVP2,"2,3_diaminopropionic acid",Di,0,0.1675,0.1127
A0A0D8IVP2,"2,3_diaminopropionic acid",Mono,0,0.0738,0.0529
A0A0D8IVP2,"2,3_diaminopropionic acid",Tri,1,0.8044,0.7
A0A0D8IVP2,2_aminophenol,Di,1,0.9491,0.9023
A0A0D8IVP2,2_aminophenol,Mono,0,0.5212,0.4014
A0A0D8IVP2,2_aminophenol,Tri,1,0.8538,0.7
A0A0D8IVP2,3_methoxytyramine,Di,0,0.0901,0.0529
A0A0D8IVP2,3_methoxytyramine,Mono,0,0.0087,0.0101
A0A0D8IVP2,3_methoxytyramine,Tri,0,0.0943,0.0714
A0A0D8IVP2,alanine,Di,1,0.9909,0.9214
A0A0D8IVP2,alanine,Mono,1,0.9877,0.9214
A0A0D8IVP2,alanine,Tri,1,0.8473,0.7
A0A0D8IVP2,arginine,Di,0,0.0582,0.0529
A0A0D8IVP2,arginine,Mono,0,0.0211,0.0301
A0A0D8IVP2,arginine,Tri,0,0.1277,0.0915
A0A0D8IVP2,asparagine,Di,0,0.1202,0.0915
A0A0D8IVP2,asparagine,Mono,0,0.1147,0.0915
A0A0D8IVP2,asparagine,Tri,1,0.9459,0.9023
A0A0D8IVP2,cadaverine,Di,0,0.0049,0.0101
A0A0D8IVP2,cadaverine,Mono,0,0.0017,0.0023
A0A0D8IVP2,cadaverine,Tri,0,0.0166,0.0202
A0A0D8IVP2,citrulline,Di,0,0.2854,0.2692
A0A0D8IVP2,citrulline,Mono,0,0.0938,0.0714
A0A0D8IVP2,citrulline,Tri,0,0.1037,0.0915
A0A0D8IVP2,cystine,Di,0,0.0564,0.0529
A0A0D8IVP2,cystine,Mono,0,0.0194,0.0202
A0A0D8IVP2,cystine,Tri,0,0.1027,0.0915
A0A0D8IVP2,dopamine,Di,0,0.1737,0.1127
A0A0D8IVP2,dopamine,Mono,0,0.0348,0.0409
A0A0D8IVP2,dopamine,Tri,1,0.8463,0.7
A0A0D8IVP2,gaba,Di,1,0.9928,0.9214
A0A0D8IVP2,gaba,Mono,1,0.9939,0.9214
A0A0D8IVP2,gaba,Tri,1,0.994,0.9214
A0A0D8IVP2,glutamine,Di,0,0.5833,0.4638
A0A0D8IVP2,glutamine,Mono,0,0.9345,0.8636
A0A0D8IVP2,glutamine,Tri,0,0.4383,0.3936
A0A0D8IVP2,glyglycine,Di,0,0.0531,0.0529
A0A0D8IVP2,glyglycine,Mono,0,0.0339,0.0409
A0A0D8IVP2,glyglycine,Tri,0,0.1585,0.1127
A0A0D8IVP2,histidine,Di,0,0.0239,0.0391
A0A0D8IVP2,histidine,Mono,0,0.0161,0.0202
A0A0D8IVP2,histidine,Tri,0,0.0873,0.0529
A0A0D8IVP2,lysine,Di,1,0.4397,0.3936
A0A0D8IVP2,lysine,Mono,0,0.1365,0.0915
A0A0D8IVP2,lysine,Tri,0,0.0951,0.0714
A0A0D8IVP2,methionine,Di,0,0.4836,0.4014
A0A0D8IVP2,methionine,Mono,0,0.4562,0.3936
A0A0D8IVP2,methionine,Tri,1,0.5029,0.4014
A0A0D8IVP2,ornithine,Di,0,0.2812,0.1915
A0A0D8IVP2,ornithine,Mono,0,0.108,0.0915
A0A0D8IVP2,ornithine,Tri,0,0.0643,0.0529
A0A0D8IVP2,phenylalanine,Di,1,0.9816,0.9082
A0A0D8IVP2,phenylalanine,Mono,0,0.5266,0.4014
A0A0D8IVP2,phenylalanine,Tri,1,0.9893,0.9214
A0A0D8IVP2,proline,Di,0,0.0243,0.0391
A0A0D8IVP2,proline,Mono,0,0.0273,0.0391
A0A0D8IVP2,proline,Tri,0,0.0944,0.0714
A0A0D8IVP2,putrescine,Di,0,0.0047,0.0101
A0A0D8IVP2,putrescine,Mono,0,0.0016,0.0023
A0A0D8IVP2,putrescine,Tri,0,0.0154,0.0202
A0A0D8IVP2,serine,Di,1,0.5955,0.4638
A0A0D8IVP2,serine,Mono,1,0.7615,0.5287
A0A0D8IVP2,serine,Tri,0,0.5142,0.4014
A0A0D8IVP2,serotonin,Di,0,0.0301,0.0391
A0A0D8IVP2,serotonin,Mono,0,0.5135,0.4014
A0A0D8IVP2,serotonin,Tri,0,0.0465,0.0529
A0A0D8IVP2,threonine,Di,0,0.6076,0.4638
A0A0D8IVP2,threonine,Mono,0,0.744,0.5287
A0A0D8IVP2,threonine,Tri,0,0.0588,0.0529
A0A0D8IVP2,tryptamine,Di,0,0.0027,0.0101
A0A0D8IVP2,tryptamine,Mono,0,0.0007,0.0023
A0A0D8IVP2,tryptamine,Tri,0,0.0106,0.0101
A0A0D8IVP2,tyramine,Di,0,0.0349,0.0409
A0A0D8IVP2,tyramine,Mono,0,0.4126,0.2815
A0A0D8IVP2,tyramine,Tri,0,0.0667,0.0529
A0A0F0CI09,"2,3_diaminopropionic acid",Di,0,0.0159,0.0202
A0A0F0CI09,"2,3_diaminopropionic acid",Mono,0,0.0051,0.0101
A0A0F0CI09,"2,3_diaminopropionic acid",Tri,0,0.0718,0.0529
A0A0F0CI09,2_aminophenol,Di,1,0.9453,0.9023
A0A0F0CI09,2_aminophenol,Mono,0,0.307,0.2692
A0A0F0CI09,2_aminophenol,Tri,1,0.536,0.4014
A0A0F0CI09,3_methoxytyramine,Di,0,0.0295,0.0391
A0A0F0CI09,3_methoxytyramine,Mono,0,0.0011,0.0023
A0A0F0CI09,3_methoxytyramine,Tri,0,0.0137,0.0137
A0A0F0CI09,alanine,Di,1,0.986,0.9214
A0A0F0CI09,alanine,Mono,1,0.979,0.9082
A0A0F0CI09,alanine,Tri,0,0.1854,0.1127
A0A0F0CI09,arginine,Di,0,0.0021,0.0023
A0A0F0CI09,arginine,Mono,0,0.0015,0.0023
A0A0F0CI09,arginine,Tri,0,0.0015,0.0023
A0A0F0CI09,asparagine,Di,0,0.0461,0.0529
A0A0F0CI09,asparagine,Mono,0,0.0432,0.0529
A0A0F0CI09,asparagine,Tri,1,0.9618,0.9023
A0A0F0CI09,cadaverine,Di,0,0.0013,0.0023
A0A0F0CI09,cadaverine,Mono,0,0.0004,0.0
A0A0F0CI09,cadaverine,Tri,0,0.002,0.0023
A0A0F0CI09,citrulline,Di,0,0.0062,0.0101
A0A0F0CI09,citrulline,Mono,0,0.0019,0.0023
A0A0F0CI09,citrulline,Tri,0,0.001,0.0023
A0A0F0CI09,cystine,Di,0,0.0019,0.0023
A0A0F0CI09,cystine,Mono,0,0.0004,0.0
A0A0F0CI09,cystine,Tri,0,0.0015,0.0023
A0A0F0CI09,dopamine,Di,0,0.1408,0.0915
A0A0F0CI09,dopamine,Mono,0,0.0132,0.0137
A0A0F0CI09,dopamine,Tri,1,0.9471,0.9023
A0A0F0CI09,gaba,Di,1,0.9949,0.9214
A0A0F0CI09,gaba,Mono,1,0.9961,0.925
A0A0F0CI09,gaba,Tri,1,0.9948,0.9214
A0A0F0CI09,glutamine,Di,0,0.0825,0.0529
A0A0F0CI09,glutamine,Mono,1,0.8796,0.75
A0A0F0CI09,glutamine,Tri,0,0.0387,0.0529
A0A0F0CI09,glyglycine,Di,0,0.0047,0.0101
A0A0F0CI09,glyglycine,Mono,0,0.0032,0.0101
A0A0F0CI09,glyglycine,Tri,0,0.0066,0.0101
A0A0F0CI09,histidine,Di,0,0.0004,0.0
A0A0F0CI09,histidine,Mono,0,0.0001,0.0
A0A0F0CI09,histidine,Tri,0,0.0005,0.0
A0A0F0CI09,lysine,Di,0,0.0157,0.0202
A0A0F0CI09,lysine,Mono,0,0.0033,0.0101
A0A0F0CI09,lysine,Tri,0,0.0011,0.0023
A0A0F0CI09,methionine,Di,0,0.0129,0.0137
A0A0F0CI09,methionine,Mono,0,0.017,0.0202
A0A0F0CI09,methionine,Tri,0,0.005,0.0101
A0A0F0CI09,ornithine,Di,0,0.0168,0.0202
A0A0F0CI09,ornithine,Mono,0,0.0082,0.0101
A0A0F0CI09,ornithine,Tri,0,0.002,0.0023
A0A0F0CI09,phenylalanine,Di,1,0.9848,0.9214
A0A0F0CI09,phenylalanine,Mono,0,0.139,0.0915
A0A0F0CI09,phenylalanine,Tri,1,0.9833,0.9214
A0A0F0CI09,proline,Di,0,0.0016,0.0023
A0A0F0CI09,proline,Mono,0,0.0011,0.0023
A0A0F0CI09,proline,Tri,0,0.0086,0.0101
A0A0F0CI09,putrescine,Di,0,0.0014,0.0023
A0A0F0CI09,putrescine,Mono,0,0.0004,0.0
A0A0F0CI09,putrescine,Tri,0,0.0021,0.0023
A0A0F0CI09,serine,Di,0,0.0276,0.0391
A0A0F0CI09,serine,Mono,0,0.0332,0.0409
A0A0F0CI09,serine,Tri,0,0.0273,0.0391
A0A0F0CI09,serotonin,Di,0,0.0018,0.0023
A0A0F0CI09,serotonin,Mono,0,0.0165,0.0202
A0A0F0CI09,serotonin,Tri,0,0.0017,0.0023
A0A0F0CI09,threonine,Di,0,0.0069,0.0101
A0A0F0CI09,threonine,Mono,0,0.0149,0.0202
A0A0F0CI09,threonine,Tri,0,0.0003,0.0
A0A0F0CI09,tryptamine,Di,0,0.0012,0.0023
A0A0F0CI09,tryptamine,Mono,0,0.0002,0.0
A0A0F0CI09,tryptamine,Tri,0,0.0018,0.0023
A0A0F0CI09,tyramine,Di,0,0.0057,0.0101
A0A0F0CI09,tyramine,Mono,0,0.0216,0.0301
A0A0F0CI09,tyramine,Tri,0,0.0089,0.0101
A0A0F5JPH2,"2,3_diaminopropionic acid",Di,1,0.0371,0.0529
A0A0F5JPH2,"2,3_diaminopropionic acid",Mono,0,0.0186,0.0202
A0A0F5JPH2,"2,3_diaminopropionic acid",Tri,1,0.241,0.1757
A0A0F5JPH2,2_aminophenol,Di,1,0.7636,0.5287
A0A0F5JPH2,2_aminophenol,Mono,1,0.244,0.1757
A0A0F5JPH2,2_aminophenol,Tri,1,0.7125,0.5287
A0A0F5JPH2,3_methoxytyramine,Di,1,0.4268,0.3936
A0A0F5JPH2,3_methoxytyramine,Mono,0,0.0216,0.0301
A0A0F5JPH2,3_methoxytyramine,Tri,0,0.1352,0.0915
A0A0F5JPH2,alanine,Di,1,0.7076,0.5287
A0A0F5JPH2,alanine,Mono,1,0.6565,0.5287
A0A0F5JPH2,alanine,Tri,0,0.1224,0.0915
A0A0F5JPH2,arginine,Di,0,0.0015,0.0023
A0A0F5JPH2,arginine,Mono,0,0.0007,0.0023
A0A0F5JPH2,arginine,Tri,0,0.0024,0.0101
A0A0F5JPH2,asparagine,Di,0,0.0184,0.0202
A0A0F5JPH2,asparagine,Mono,0,0.0181,0.0202
A0A0F5JPH2,asparagine,Tri,1,0.5451,0.4014
A0A0F5JPH2,cadaverine,Di,0,0.003,0.0101
A0A0F5JPH2,cadaverine,Mono,0,0.001,0.0023
A0A0F5JPH2,cadaverine,Tri,0,0.0032,0.0101
A0A0F5JPH2,citrulline,Di,0,0.0059,0.0101
A0A0F5JPH2,citrulline,Mono,0,0.0017,0.0023
A0A0F5JPH2,citrulline,Tri,0,0.0014,0.0023
A0A0F5JPH2,cystine,Di,0,0.0053,0.0101
A0A0F5JPH2,cystine,Mono,0,0.0015,0.0023
A0A0F5JPH2,cystine,Tri,0,0.0056,0.0101
A0A0F5JPH2,dopamine,Di,1,0.3746,0.2815
A0A0F5JPH2,dopamine,Mono,0,0.0794,0.0529
A0A0F5JPH2,dopamine,Tri,1,0.8003,0.7
A0A0F5JPH2,gaba,Di,1,0.8658,0.7
A0A0F5JPH2,gaba,Mono,1,0.8358,0.7
A0A0F5JPH2,gaba,Tri,1,0.8748,0.7
A0A0F5JPH2,glutamine,Di,0,0.0186,0.0202
A0A0F5JPH2,glutamine,Mono,0,0.1115,0.0915
A0A0F5JPH2,glutamine,Tri,0,0.012,0.0114
A0A0F5JPH2,glyglycine,Di,0,0.0021,0.0023
A0A0F5JPH2,glyglycine,Mono,0,0.0014,0.0023
A0A0F5JPH2,glyglycine,Tri,0,0.0115,0.0114
A0A0F5JPH2,histidine,Di,0,0.0005,0.0
A0A0F5JPH2,histidine,Mono,0,0.0004,0.0
A0A0F5JPH2,histidine,Tri,0,0.0021,0.0023
A0A0F5JPH2,lysine,Di,0,0.0613,0.0529
A0A0F5JPH2,lysine,Mono,0,0.0063,0.0101
A0A0F5JPH2,lysine,Tri,0,0.0037,0.0101
A0A0F5JPH2,methionine,Di,0,0.0135,0.0137
A0A0F5JPH2,methionine,Mono,0,0.0162,0.0202
A0A0F5JPH2,methionine,Tri,0,0.0159,0.0202
A0A0F5JPH2,ornithine,Di,1,0.154,0.1127
A0A0F5JPH2,ornithine,Mono,1,0.0544,0.0529
A0A0F5JPH2,ornithine,Tri,0,0.0227,0.0345
A0A0F5JPH2,phenylalanine,Di,1,0.6948,0.5287
A0A0F5JPH2,phenylalanine,Mono,0,0.0804,0.0529
A0A0F5JPH2,phenylalanine,Tri,1,0.7417,0.5287
A0A0F5JPH2,proline,Di,0,0.0025,0.0101
A0A0F5JPH2,proline,Mono,0,0.0036,0.0101
A0A0F5JPH2,proline,Tri,0,0.0216,0.0301
A0A0F5JPH2,putrescine,Di,0,0.0031,0.0101
A0A0F5JPH2,putrescine,Mono,0,0.001,0.0023
A0A0F5JPH2,putrescine,Tri,0,0.0032,0.0101
A0A0F5JPH2,serine,Di,0,0.0684,0.0529
A0A0F5JPH2,serine,Mono,1,0.0593,0.0529
A0A0F5JPH2,serine,Tri,0,0.0287,0.0391
A0A0F5JPH2,serotonin,Di,0,0.0148,0.0202
A0A0F5JPH2,serotonin,Mono,1,0.2139,0.1127
A0A0F5JPH2,serotonin,Tri,0,0.0103,0.0101
A0A0F5JPH2,threonine,Di,0,0.0093,0.0101
A0A0F5JPH2,threonine,Mono,0,0.0148,0.0202
A0A0F5JPH2,threonine,Tri,0,0.001,0.0023
A0A0F5JPH2,tryptamine,Di,0,0.0038,0.0101
A0A0F5JPH2,tryptamine,Mono,0,0.0015,0.0023
A0A0F5JPH2,tryptamine,Tri,0,0.0077,0.0101
A0A0F5JPH2,tyramine,Di,0,0.0269,0.0391
A0A0F5JPH2,tyramine,Mono,0,0.1489,0.1127
A0A0F5JPH2,tyramine,Tri,0,0.0175,0.0202
A0A0G8G768,"2,3_diaminopropionic acid",Di,0,0.2411,0.1757
A0A0G8G768,"2,3_diaminopropionic acid",Mono,0,0.0676,0.0529
A0A0G8G768,"2,3_diaminopropionic acid",Tri,1,0.7881,0.5287
A0A0G8G768,2_aminophenol,Di,1,0.988,0.9214
A0A0G8G768,2_aminophenol,Mono,0,0.7974,0.5287
A0A0G8G768,2_aminophenol,Tri,1,0.9637,0.9023
A0A0G8G768,3_methoxytyramine,Di,0,0.4453,0.3936
A0A0G8G768,3_methoxytyramine,Mono,0,0.0159,0.0202
A0A0G8G768,3_methoxytyramine,Tri,0,0.1798,0.1127
A0A0G8G768,alanine,Di,1,0.992,0.9214
A0A0G8G768,alanine,Mono,1,0.9887,0.9214
A0A0G8G768,alanine,Tri,1,0.8691,0.7
A0A0G8G768,arginine,Di,0,0.0277,0.0391
A0A0G8G768,arginine,Mono,0,0.0089,0.0101
A0A0G8G768,arginine,Tri,1,0.0239,0.0391
A0A0G8G768,asparagine,Di,0,0.1004,0.0915
A0A0G8G768,asparagine,Mono,0,0.0738,0.0529
A0A0G8G768,asparagine,Tri,1,0.9576,0.9023
A0A0G8G768,cadaverine,Di,0,0.0251,0.0391
A0A0G8G768,cadaverine,Mono,0,0.0064,0.0101
A0A0G8G768,cadaverine,Tri,0,0.0989,0.0915
A0A0G8G768,citrulline,Di,1,0.1895,0.1127
A0A0G8G768,citrulline,Mono,1,0.0224,0.0345
A0A0G8G768,citrulline,Tri,0,0.0341,0.0409
A0A0G8G768,cystine,Di,0,0.0524,0.0529
A0A0G8G768,cystine,Mono,0,0.0084,0.0101
A0A0G8G768,cystine,Tri,0,0.0871,0.0529
A0A0G8G768,dopamine,Di,0,0.4498,0.3936
A0A0G8G768,dopamine,Mono,0,0.0507,0.0529
A0A0G8G768,dopamine,Tri,1,0.9548,0.9023
A0A0G8G768,gaba,Di,1,0.9964,0.925
A0A0G8G768,gaba,Mono,1,0.994,0.9214
A0A0G8G768,gaba,Tri,1,0.9982,1.0
A0A0G8G768,glutamine,Di,1,0.1993,0.1127
A0A0G8G768,glutamine,Mono,1,0.7715,0.5287
A0A0G8G768,glutamine,Tri,0,0.1533,0.1127
A0A0G8G768,glyglycine,Di,0,0.0456,0.0529
A0A0G8G768,glyglycine,Mono,0,0.022,0.0301
A0A0G8G768,glyglycine,Tri,0,0.1845,0.1127
A0A0G8G768,histidine,Di,0,0.0014,0.0023
A0A0G8G768,histidine,Mono,0,0.0005,0.0
A0A0G8G768,histidine,Tri,0,0.0058,0.0101
A0A0G8G768,lysine,Di,1,0.4855,0.4014
A0A0G8G768,lysine,Mono,1,0.0597,0.0529
A0A0G8G768,lysine,Tri,0,0.0446,0.0529
A0A0G8G768,methionine,Di,1,0.3278,0.2692
A0A0G8G768,methionine,Mono,1,0.3146,0.2692
A0A0G8G768,methionine,Tri,1,0.3381,0.28
A0A0G8G768,ornithine,Di,1,0.395,0.2815
A0A0G8G768,ornithine,Mono,1,0.1129,0.0915
A0A0G8G768,ornithine,Tri,0,0.0524,0.0529
A0A0G8G768,phenylalanine,Di,1,0.9878,0.9214
A0A0G8G768,phenylalanine,Mono,1,0.4266,0.3936
A0A0G8G768,phenylalanine,Tri,1,0.9924,0.9214
A0A0G8G768,proline,Di,0,0.0096,0.0101
A0A0G8G768,proline,Mono,0,0.0121,0.0114
A0A0G8G768,proline,Tri,0,0.1935,0.1127
A0A0G8G768,putrescine,Di,0,0.0313,0.0409
A0A0G8G768,putrescine,Mono,0,0.0073,0.0101
A0A0G8G768,putrescine,Tri,0,0.1182,0.0915
A0A0G8G768,serine,Di,1,0.4268,0.3936
A0A0G8G768,serine,Mono,1,0.5529,0.4014
A0A0G8G768,serine,Tri,0,0.5311,0.4014
A0A0G8G768,serotonin,Di,0,0.0105,0.0101
A0A0G8G768,serotonin,Mono,1,0.4353,0.3936
A0A0G8G768,serotonin,Tri,0,0.0188,0.0202
A0A0G8G768,threonine,Di,1,0.1408,0.0915
A0A0G8G768,threonine,Mono,1,0.3078,0.2692
A0A0G8G768,threonine,Tri,0,0.0139,0.0202
A0A0G8G768,tryptamine,Di,0,0.0055,0.0101
A0A0G8G768,tryptamine,Mono,0,0.0013,0.0023
A0A0G8G768,tryptamine,Tri,0,0.029,0.0391
A0A0G8G768,tyramine,Di,0,0.0388,0.0529
A0A0G8G768,tyramine,Mono,1,0.5514,0.4014
A0A0G8G768,tyramine,Tri,0,0.0599,0.0529
A0A0M6WH75,"2,3_diaminopropionic acid",Di,0,0.5016,0.4014
A0A0M6WH75,"2,3_diaminopropionic acid",Mono,0,0.2774,0.1915
A0A0M6WH75,"2,3_diaminopropionic acid",Tri,0,0.936,0.8636
A0A0M6WH75,2_aminophenol,Di,0,0.9888,0.9214
A0A0M6WH75,2_aminophenol,Mono,0,0.8328,0.7
A0A0M6WH75,2_aminophenol,Tri,1,0.9745,0.9082
A0A0M6WH75,3_methoxytyramine,Di,0,0.2714,0.1915
A0A0M6WH75,3_methoxytyramine,Mono,0,0.0375,0.0529
A0A0M6WH75,3_methoxytyramine,Tri,0,0.2446,0.1757
A0A0M6WH75,alanine,Di,1,0.9964,0.925
A0A0M6WH75,alanine,Mono,1,0.9954,0.9214
A0A0M6WH75,alanine,Tri,0,0.9636,0.9023
A0A0M6WH75,arginine,Di,0,0.125,0.0915
A0A0M6WH75,arginine,Mono,0,0.0457,0.0529
A0A0M6WH75,arginine,Tri,0,0.2055,0.1127
A0A0M6WH75,asparagine,Di,0,0.2204,0.1127
A0A0M6WH75,asparagine,Mono,0,0.1893,0.1127
A0A0M6WH75,asparagine,Tri,1,0.9588,0.9023
A0A0M6WH75,cadaverine,Di,0,0.0156,0.0202
A0A0M6WH75,cadaverine,Mono,0,0.0056,0.0101
A0A0M6WH75,cadaverine,Tri,0,0.0419,0.0529
A0A0M6WH75,citrulline,Di,0,0.4511,0.3936
A0A0M6WH75,citrulline,Mono,0,0.171,0.1127
A0A0M6WH75,citrulline,Tri,0,0.1663,0.1127
A0A0M6WH75,cystine,Di,0,0.1361,0.0915
A0A0M6WH75,cystine,Mono,0,0.0527,0.0529
A0A0M6WH75,cystine,Tri,0,0.1734,0.1127
A0A0M6WH75,dopamine,Di,0,0.5372,0.4014
A0A0M6WH75,dopamine,Mono,0,0.1497,0.1127
A0A0M6WH75,dopamine,Tri,1,0.9449,0.9023
A0A0M6WH75,gaba,Di,1,0.9966,0.925
A0A0M6WH75,gaba,Mono,1,0.9964,0.925
A0A0M6WH75,gaba,Tri,1,0.9971,1.0
A0A0M6WH75,glutamine,Di,0,0.6403,0.5
A0A0M6WH75,glutamine,Mono,1,0.9256,0.8636
A0A0M6WH75,glutamine,Tri,0,0.4747,0.4014
A0A0M6WH75,glyglycine,Di,0,0.1839,0.1127
A0A0M6WH75,glyglycine,Mono,0,0.1209,0.0915
A0A0M6WH75,glyglycine,Tri,0,0.3348,0.2692
A0A0M6WH75,histidine,Di,0,0.0217,0.0301
A0A0M6WH75,histidine,Mono,0,0.0163,0.0202
A0A0M6WH75,histidine,Tri,0,0.0654,0.0529
A0A0M6WH75,lysine,Di,0,0.8217,0.7
A0A0M6WH75,lysine,Mono,0,0.4221,0.2815
A0A0M6WH75,lysine,Tri,0,0.2949,0.2692
A0A0M6WH75,methionine,Di,0,0.8485,0.7
A0A0M6WH75,methionine,Mono,0,0.825,0.7
A0A0M6WH75,methionine,Tri,0,0.7899,0.5287
A0A0M6WH75,ornithine,Di,0,0.596,0.4638
A0A0M6WH75,ornithine,Mono,0,0.3057,0.2692
A0A0M6WH75,ornithine,Tri,0,0.1919,0.1127
A0A0M6WH75,phenylalanine,Di,1,0.994,0.9214
A0A0M6WH75,phenylalanine,Mono,0,0.7608,0.5287
A0A0M6WH75,phenylalanine,Tri,1,0.9954,0.9214
A0A0M6WH75,proline,Di,0,0.023,0.0345
A0A0M6WH75,proline,Mono,0,0.0297,0.0391
A0A0M6WH75,proline,Tri,0,0.1198,0.0915
A0A0M6WH75,putrescine,Di,0,0.0157,0.0202
A0A0M6WH75,putrescine,Mono,0,0.0055,0.0101
A0A0M6WH75,putrescine,Tri,0,0.0412,0.0529
A0A0M6WH75,serine,Di,0,0.8778,0.7
A0A0M6WH75,serine,Mono,0,0.9185,0.8636
A0A0M6WH75,serine,Tri,0,0.8042,0.7
A0A0M6WH75,serotonin,Di,0,0.0842,0.0529
A0A0M6WH75,serotonin,Mono,0,0.7259,0.5287
A0A0M6WH75,serotonin,Tri,0,0.1043,0.0915
A0A0M6WH75,threonine,Di,0,0.7853,0.5287
A0A0M6WH75,threonine,Mono,0,0.8711,0.7
A0A0M6WH75,threonine,Tri,0,0.1685,0.1127
A0A0M6WH75,tryptamine,Di,0,0.0055,0.0101
A0A0M6WH75,tryptamine,Mono,0,0.0015,0.0023
A0A0M6WH75,tryptamine,Tri,0,0.0217,0.0301
A0A0M6WH75,tyramine,Di,0,0.1539,0.1127
A0A0M6WH75,tyramine,Mono,0,0.8112,0.7
A0A0M6WH75,tyramine,Tri,0,0.2007,0.1127
A0A0M6WMX1,"2,3_diaminopropionic acid",Di,0,0.4185,0.2815
A0A0M6WMX1,"2,3_diaminopropionic acid",Mono,0,0.2684,0.1875
A0A0M6WMX1,"2,3_diaminopropionic acid",Tri,1,0.937,0.8636
A0A0M6WMX1,2_aminophenol,Di,1,0.9873,0.9214
A0A0M6WMX1,2_aminophenol,Mono,1,0.8349,0.7
A0A0M6WMX1,2_aminophenol,Tri,1,0.9682,0.9082
A0A0M6WMX1,3_methoxytyramine,Di,0,0.2253,0.1127
A0A0M6WMX1,3_methoxytyramine,Mono,0,0.0256,0.0391
A0A0M6WMX1,3_methoxytyramine,Tri,0,0.2216,0.1127
A0A0M6WMX1,alanine,Di,1,0.9965,0.925
A0A0M6WMX1,alanine,Mono,1,0.996,0.925
A0A0M6WMX1,alanine,Tri,1,0.96,0.9023
A0A0M6WMX1,arginine,Di,0,0.1502,0.1127
A0A0M6WMX1,arginine,Mono,0,0.0622,0.0529
A0A0M6WMX1,arginine,Tri,0,0.3017,0.2692
A0A0M6WMX1,asparagine,Di,0,0.2548,0.1757
A0A0M6WMX1,asparagine,Mono,0,0.2167,0.1127
A0A0M6WMX1,asparagine,Tri,1,0.9629,0.9023
A0A0M6WMX1,cadaverine,Di,0,0.0207,0.0301
A0A0M6WMX1,cadaverine,Mono,0,0.0086,0.0101
A0A0M6WMX1,cadaverine,Tri,0,0.0623,0.0529
A0A0M6WMX1,citrulline,Di,1,0.5147,0.4014
A0A0M6WMX1,citrulline,Mono,0,0.2124,0.1127
A0A0M6WMX1,citrulline,Tri,0,0.1998,0.1127
A0A0M6WMX1,cystine,Di,0,0.1104,0.0915
A0A0M6WMX1,cystine,Mono,0,0.0476,0.0529
A0A0M6WMX1,cystine,Tri,0,0.1657,0.1127
A0A0M6WMX1,dopamine,Di,0,0.4255,0.2815
A0A0M6WMX1,dopamine,Mono,0,0.1352,0.0915
A0A0M6WMX1,dopamine,Tri,1,0.9402,0.8696
A0A0M6WMX1,gaba,Di,1,0.996,0.925
A0A0M6WMX1,gaba,Mono,1,0.9964,0.925
A0A0M6WMX1,gaba,Tri,1,0.9967,1.0
A0A0M6WMX1,glutamine,Di,1,0.7179,0.5287
A0A0M6WMX1,glutamine,Mono,1,0.9255,0.8636
A0A0M6WMX1,glutamine,Tri,0,0.5075,0.4014
A0A0M6WMX1,glyglycine,Di,0,0.1385,0.0915
A0A0M6WMX1,glyglycine,Mono,0,0.1021,0.0915
A0A0M6WMX1,glyglycine,Tri,1,0.3879,0.2815
A0A0M6WMX1,histidine,Di,0,0.0213,0.0301
A0A0M6WMX1,histidine,Mono,0,0.0161,0.0202
A0A0M6WMX1,histidine,Tri,0,0.0787,0.0529
A0A0M6WMX1,lysine,Di,1,0.8446,0.7
A0A0M6WMX1,lysine,Mono,0,0.5095,0.4014
A0A0M6WMX1,lysine,Tri,0,0.3533,0.2815
A0A0M6WMX1,methionine,Di,0,0.8434,0.7
A0A0M6WMX1,methionine,Mono,1,0.8376,0.7
A0A0M6WMX1,methionine,Tri,1,0.8346,0.7
A0A0M6WMX1,ornithine,Di,0,0.6223,0.4706
A0A0M6WMX1,ornithine,Mono,0,0.3756,0.2815
A0A0M6WMX1,ornithine,Tri,0,0.2015,0.1127
A0A0M6WMX1,phenylalanine,Di,1,0.9936,0.9214
A0A0M6WMX1,phenylalanine,Mono,1,0.8288,0.7
A0A0M6WMX1,phenylalanine,Tri,1,0.9961,0.925
A0A0M6WMX1,proline,Di,0,0.0518,0.0529
A0A0M6WMX1,proline,Mono,0,0.0545,0.0529
A0A0M6WMX1,proline,Tri,0,0.1923,0.1127
A0A0M6WMX1,putrescine,Di,0,0.0193,0.0202
A0A0M6WMX1,putrescine,Mono,0,0.0077,0.0101
A0A0M6WMX1,putrescine,Tri,0,0.0563,0.0529
A0A0M6WMX1,serine,Di,1,0.8453,0.7
A0A0M6WMX1,serine,Mono,1,0.936,0.8636
A0A0M6WMX1,serine,Tri,0,0.8354,0.7
A0A0M6WMX1,serotonin,Di,0,0.0689,0.0529
A0A0M6WMX1,serotonin,Mono,0,0.7723,0.5287
A0A0M6WMX1,serotonin,Tri,0,0.1163,0.0915
A0A0M6WMX1,threonine,Di,1,0.7978,0.5287
A0A0M6WMX1,threonine,Mono,1,0.8826,0.8235
A0A0M6WMX1,threonine,Tri,0,0.2,0.1127
A0A0M6WMX1,tryptamine,Di,0,0.0049,0.0101
A0A0M6WMX1,tryptamine,Mono,0,0.0016,0.0023
A0A0M6WMX1,tryptamine,Tri,0,0.0221,0.0301
A0A0M6WMX1,tyramine,Di,0,0.1022,0.0915
A0A0M6WMX1,tyramine,Mono,1,0.7949,0.5287
A0A0M6WMX1,tyramine,Tri,0,0.1981,0.1127
A0A0M6WSM3,"2,3_diaminopropionic acid",Di,0,0.1639,0.1127
A0A0M6WSM3,"2,3_diaminopropionic acid",Mono,0,0.0479,0.0529
A0A0M6WSM3,"2,3_diaminopropionic acid",Tri,1,0.6121,0.4706
A0A0M6WSM3,2_aminophenol,Di,1,0.968,0.9082
A0A0M6WSM3,2_aminophenol,Mono,0,0.4919,0.4014
A0A0M6WSM3,2_aminophenol,Tri,1,0.8614,0.7
A0A0M6WSM3,3_methoxytyramine,Di,0,0.1432,0.0915
A0A0M6WSM3,3_methoxytyramine,Mono,0,0.01,0.0101
A0A0M6WSM3,3_methoxytyramine,Tri,0,0.0844,0.0529
A0A0M6WSM3,alanine,Di,1,0.9868,0.9214
A0A0M6WSM3,alanine,Mono,1,0.9752,0.9082
A0A0M6WSM3,alanine,Tri,1,0.6312,0.4857
A0A0M6WSM3,arginine,Di,0,0.0622,0.0529
A0A0M6WSM3,arginine,Mono,0,0.0163,0.0202
A0A0M6WSM3,arginine,Tri,0,0.0618,0.0529
A0A0M6WSM3,asparagine,Di,0,0.112,0.0915
A0A0M6WSM3,asparagine,Mono,0,0.103,0.0915
A0A0M6WSM3,asparagine,Tri,1,0.9499,0.9023
A0A0M6WSM3,cadaverine,Di,0,0.0118,0.0114
A0A0M6WSM3,cadaverine,Mono,0,0.0033,0.0101
A0A0M6WSM3,cadaverine,Tri,0,0.0249,0.0391
A0A0M6WSM3,citrulline,Di,0,0.2233,0.1127
A0A0M6WSM3,citrulline,Mono,0,0.059,0.0529
A0A0M6WSM3,citrulline,Tri,0,0.0536,0.0529
A0A0M6WSM3,cystine,Di,0,0.0388,0.0529
A0A0M6WSM3,cystine,Mono,0,0.0086,0.0101
A0A0M6WSM3,cystine,Tri,0,0.0368,0.0529
A0A0M6WSM3,dopamine,Di,0,0.3483,0.28
A0A0M6WSM3,dopamine,Mono,0,0.044,0.0529
A0A0M6WSM3,dopamine,Tri,1,0.9147,0.8636
A0A0M6WSM3,gaba,Di,1,0.9877,0.9214
A0A0M6WSM3,gaba,Mono,1,0.9893,0.9214
A0A0M6WSM3,gaba,Tri,1,0.9884,0.9214
A0A0M6WSM3,glutamine,Di,0,0.4679,0.3936
A0A0M6WSM3,glutamine,Mono,1,0.9031,0.8636
A0A0M6WSM3,glutamine,Tri,0,0.2761,0.1915
A0A0M6WSM3,glyglycine,Di,0,0.031,0.0409
A0A0M6WSM3,glyglycine,Mono,0,0.0139,0.0202
A0A0M6WSM3,glyglycine,Tri,1,0.0476,0.0529
A0A0M6WSM3,histidine,Di,0,0.0112,0.0101
A0A0M6WSM3,histidine,Mono,0,0.0054,0.0101
A0A0M6WSM3,histidine,Tri,0,0.0294,0.0391
A0A0M6WSM3,lysine,Di,1,0.5234,0.4014
A0A0M6WSM3,lysine,Mono,0,0.1441,0.0915
A0A0M6WSM3,lysine,Tri,0,0.076,0.0529
A0A0M6WSM3,methionine,Di,0,0.4958,0.4014
A0A0M6WSM3,methionine,Mono,1,0.328,0.2692
A0A0M6WSM3,methionine,Tri,1,0.2866,0.2692
A0A0M6WSM3,ornithine,Di,0,0.4124,0.2815
A0A0M6WSM3,ornithine,Mono,0,0.1549,0.1127
A0A0M6WSM3,ornithine,Tri,0,0.0635,0.0529
A0A0M6WSM3,phenylalanine,Di,1,0.9814,0.9082
A0A0M6WSM3,phenylalanine,Mono,1,0.4125,0.2815
A0A0M6WSM3,phenylalanine,Tri,1,0.9818,0.9214
A0A0M6WSM3,proline,Di,0,0.0172,0.0202
A0A0M6WSM3,proline,Mono,0,0.018,0.0202
A0A0M6WSM3,proline,Tri,0,0.0759,0.0529
A0A0M6WSM3,putrescine,Di,0,0.0114,0.0114
A0A0M6WSM3,putrescine,Mono,0,0.0031,0.0101
A0A0M6WSM3,putrescine,Tri,0,0.0234,0.0391
A0A0M6WSM3,serine,Di,1,0.4506,0.3936
A0A0M6WSM3,serine,Mono,1,0.5935,0.4638
A0A0M6WSM3,serine,Tri,1,0.3543,0.2815
A0A0M6WSM3,serotonin,Di,0,0.0191,0.0202
A0A0M6WSM3,serotonin,Mono,0,0.3108,0.2692
A0A0M6WSM3,serotonin,Tri,0,0.0223,0.0301
A0A0M6WSM3,threonine,Di,1,0.3832,0.2815
A0A0M6WSM3,threonine,Mono,1,0.4681,0.3936
A0A0M6WSM3,threonine,Tri,0,0.0205,0.0301
A0A0M6WSM3,tryptamine,Di,0,0.0046,0.0101
A0A0M6WSM3,tryptamine,Mono,0,0.0009,0.0023
A0A0M6WSM3,tryptamine,Tri,0,0.0117,0.0114
A0A0M6WSM3,tyramine,Di,0,0.0459,0.0529
A0A0M6WSM3,tyramine,Mono,1,0.3959,0.2815
A0A0M6WSM3,tyramine,Tri,0,0.0508,0.0529
A0A0P0FKS2,"2,3_diaminopropionic acid",Di,0,0.0125,0.0137
A0A0P0FKS2,"2,3_diaminopropionic acid",Mono,0,0.0041,0.0101
A0A0P0FKS2,"2,3_diaminopropionic acid",Tri,0,0.0329,0.0409
A0A0P0FKS2,2_aminophenol,Di,0,0.4356,0.3936
A0A0P0FKS2,2_aminophenol,Mono,0,0.0415,0.0529
A0A0P0FKS2,2_aminophenol,Tri,0,0.1747,0.1127
A0A0P0FKS2,3_methoxytyramine,Di,0,0.0454,0.0529
A0A0P0FKS2,3_methoxytyramine,Mono,0,0.0011,0.0023
A0A0P0FKS2,3_methoxytyramine,Tri,0,0.0174,0.0202
A0A0P0FKS2,alanine,Di,0,0.5115,0.4014
A0A0P0FKS2,alanine,Mono,0,0.3771,0.2815
A0A0P0FKS2,alanine,Tri,0,0.0361,0.0409
A0A0P0FKS2,arginine,Di,0,0.0006,0.0
A0A0P0FKS2,arginine,Mono,0,0.0004,0.0
A0A0P0FKS2,arginine,Tri,0,0.0003,0.0
A0A0P0FKS2,asparagine,Di,0,0.0062,0.0101
A0A0P0FKS2,asparagine,Mono,0,0.0073,0.0101
A0A0P0FKS2,asparagine,Tri,0,0.3883,0.2815
A0A0P0FKS2,cadaverine,Di,0,0.0011,0.0023
A0A0P0FKS2,cadaverine,Mono,0,0.0004,0.0
A0A0P0FKS2,cadaverine,Tri,0,0.0025,0.0101
A0A0P0FKS2,citrulline,Di,0,0.0007,0.0
A0A0P0FKS2,citrulline,Mono,0,0.0003,0.0
A0A0P0FKS2,citrulline,Tri,0,0.0002,0.0
A0A0P0FKS2,cystine,Di,0,0.0015,0.0023
A0A0P0FKS2,cystine,Mono,0,0.0003,0.0
A0A0P0FKS2,cystine,Tri,0,0.0009,0.0023
A0A0P0FKS2,dopamine,Di,0,0.0694,0.0529
A0A0P0FKS2,dopamine,Mono,0,0.0057,0.0101
A0A0P0FKS2,dopamine,Tri,0,0.4584,0.3936
A0A0P0FKS2,gaba,Di,0,0.7436,0.5287
A0A0P0FKS2,gaba,Mono,0,0.7645,0.5287
A0A0P0FKS2,gaba,Tri,0,0.7176,0.5287
A0A0P0FKS2,glutamine,Di,0,0.0065,0.0101
A0A0P0FKS2,glutamine,Mono,0,0.163,0.1127
A0A0P0FKS2,glutamine,Tri,0,0.0052,0.0101
A0A0P0FKS2,glyglycine,Di,0,0.0015,0.0023
A0A0P0FKS2,glyglycine,Mono,0,0.0008,0.0023
A0A0P0FKS2,glyglycine,Tri,0,0.002,0.0023
A0A0P0FKS2,histidine,Di,0,0.0003,0.0
A0A0P0FKS2,histidine,Mono,0,0.0002,0.0
A0A0P0FKS2,histidine,Tri,0,0.0006,0.0
A0A0P0FKS2,lysine,Di,0,0.0059,0.0101
A0A0P0FKS2,lysine,Mono,0,0.0016,0.0023
A0A0P0FKS2,lysine,Tri,0,0.0008,0.0023
A0A0P0FKS2,methionine,Di,0,0.0012,0.0023
A0A0P0FKS2,methionine,Mono,0,0.0014,0.0023
A0A0P0FKS2,methionine,Tri,0,0.0007,0.0
A0A0P0FKS2,ornithine,Di,0,0.014,0.0202
A0A0P0FKS2,ornithine,Mono,0,0.008,0.0101
A0A0P0FKS2,ornithine,Tri,0,0.0021,0.0023
A0A0P0FKS2,phenylalanine,Di,0,0.4803,0.4014
A0A0P0FKS2,phenylalanine,Mono,0,0.0243,0.0391
A0A0P0FKS2,phenylalanine,Tri,0,0.4824,0.4014
A0A0P0FKS2,proline,Di,0,0.0011,0.0023
A0A0P0FKS2,proline,Mono,0,0.0015,0.0023
A0A0P0FKS2,proline,Tri,0,0.0052,0.0101
A0A0P0FKS2,putrescine,Di,0,0.001,0.0023
A0A0P0FKS2,putrescine,Mono,0,0.0004,0.0
A0A0P0FKS2,putrescine,Tri,0,0.0025,0.0101
A0A0P0FKS2,serine,Di,0,0.0064,0.0101
A0A0P0FKS2,serine,Mono,0,0.014,0.0202
A0A0P0FKS2,serine,Tri,0,0.004,0.0101
A0A0P0FKS2,serotonin,Di,0,0.001,0.0023
A0A0P0FKS2,serotonin,Mono,0,0.0105,0.0101
A0A0P0FKS2,serotonin,Tri,0,0.0011,0.0023
A0A0P0FKS2,threonine,Di,0,0.0013,0.0023
A0A0P0FKS2,threonine,Mono,0,0.0018,0.0023
A0A0P0FKS2,threonine,Tri,0,0.0002,0.0
A0A0P0FKS2,tryptamine,Di,0,0.0022,0.0023
A0A0P0FKS2,tryptamine,Mono,0,0.0005,0.0
A0A0P0FKS2,tryptamine,Tri,0,0.0056,0.0101
A0A0P0FKS2,tyramine,Di,0,0.0015,0.0023
A0A0P0FKS2,tyramine,Mono,0,0.004,0.0101
A0A0P0FKS2,tyramine,Tri,0,0.0019,0.0023
A0A0S2W269,"2,3_diaminopropionic acid",Di,0,0.0148,0.0202
A0A0S2W269,"2,3_diaminopropionic acid",Mono,0,0.0136,0.0137
A0A0S2W269,"2,3_diaminopropionic acid",Tri,0,0.162,0.1127
A0A0S2W269,2_aminophenol,Di,1,0.7631,0.5287
A0A0S2W269,2_aminophenol,Mono,0,0.202,0.1127
A0A0S2W269,2_aminophenol,Tri,0,0.7072,0.5287
A0A0S2W269,3_methoxytyramine,Di,0,0.0265,0.0391
A0A0S2W269,3_methoxytyramine,Mono,0,0.0077,0.0101
A0A0S2W269,3_methoxytyramine,Tri,0,0.0309,0.0409
A0A0S2W269,alanine,Di,1,0.9278,0.8636
A0A0S2W269,alanine,Mono,1,0.9221,0.8636
A0A0S2W269,alanine,Tri,0,0.2071,0.1127
A0A0S2W269,arginine,Di,0,0.004,0.0101
A0A0S2W269,arginine,Mono,0,0.0021,0.0023
A0A0S2W269,arginine,Tri,0,0.0087,0.0101
A0A0S2W269,asparagine,Di,0,0.0495,0.0529
A0A0S2W269,asparagine,Mono,0,0.0977,0.0915
A0A0S2W269,asparagine,Tri,1,0.8448,0.7
A0A0S2W269,cadaverine,Di,0,0.0026,0.0101
A0A0S2W269,cadaverine,Mono,0,0.0015,0.0023
A0A0S2W269,cadaverine,Tri,0,0.0031,0.0101
A0A0S2W269,citrulline,Di,0,0.0267,0.0391
A0A0S2W269,citrulline,Mono,0,0.0095,0.0101
A0A0S2W269,citrulline,Tri,0,0.0076,0.0101
A0A0S2W269,cystine,Di,0,0.0052,0.0101
A0A0S2W269,cystine,Mono,0,0.0038,0.0101
A0A0S2W269,cystine,Tri,0,0.0093,0.0101
A0A0S2W269,dopamine,Di,0,0.1184,0.0915
A0A0S2W269,dopamine,Mono,0,0.068,0.0529
A0A0S2W269,dopamine,Tri,1,0.788,0.5287
A0A0S2W269,gaba,Di,1,0.964,0.9023
A0A0S2W269,gaba,Mono,1,0.9766,0.9082
A0A0S2W269,gaba,Tri,1,0.9637,0.9023
A0A0S2W269,glutamine,Di,0,0.1984,0.1127
A0A0S2W269,glutamine,Mono,0,0.7999,0.7
A0A0S2W269,glutamine,Tri,0,0.1735,0.1127
A0A0S2W269,glyglycine,Di,0,0.0109,0.0101
A0A0S2W269,glyglycine,Mono,0,0.0096,0.0101
A0A0S2W269,glyglycine,Tri,0,0.0578,0.0529
A0A0S2W269,histidine,Di,0,0.0038,0.0101
A0A0S2W269,histidine,Mono,0,0.0032,0.0101
A0A0S2W269,histidine,Tri,0,0.017,0.0202
A0A0S2W269,lysine,Di,0,0.0816,0.0529
A0A0S2W269,lysine,Mono,0,0.0121,0.0114
A0A0S2W269,lysine,Tri,0,0.0082,0.0101
A0A0S2W269,methionine,Di,0,0.0667,0.0529
A0A0S2W269,methionine,Mono,0,0.0804,0.0529
A0A0S2W269,methionine,Tri,0,0.0904,0.0529
A0A0S2W269,ornithine,Di,0,0.0183,0.0202
A0A0S2W269,ornithine,Mono,0,0.0068,0.0101
A0A0S2W269,ornithine,Tri,0,0.0052,0.0101
A0A0S2W269,phenylalanine,Di,1,0.902,0.8636
A0A0S2W269,phenylalanine,Mono,0,0.2507,0.1757
A0A0S2W269,phenylalanine,Tri,1,0.9128,0.8636
A0A0S2W269,proline,Di,0,0.0025,0.0101
A0A0S2W269,proline,Mono,0,0.0041,0.0101
A0A0S2W269,proline,Tri,0,0.0185,0.0202
A0A0S2W269,putrescine,Di,0,0.0027,0.0101
A0A0S2W269,putrescine,Mono,0,0.0015,0.0023
A0A0S2W269,putrescine,Tri,0,0.0032,0.0101
A0A0S2W269,serine,Di,0,0.1585,0.1127
A0A0S2W269,serine,Mono,0,0.1916,0.1127
A0A0S2W269,serine,Tri,0,0.1202,0.0915
A0A0S2W269,serotonin,Di,0,0.0091,0.0101
A0A0S2W269,serotonin,Mono,0,0.0531,0.0529
A0A0S2W269,serotonin,Tri,0,0.0114,0.0114
A0A0S2W269,threonine,Di,0,0.0665,0.0529
A0A0S2W269,threonine,Mono,0,0.0971,0.0915
A0A0S2W269,threonine,Tri,0,0.0124,0.0114
A0A0S2W269,tryptamine,Di,0,0.0026,0.0101
A0A0S2W269,tryptamine,Mono,0,0.0011,0.0023
A0A0S2W269,tryptamine,Tri,0,0.0044,0.0101
A0A0S2W269,tyramine,Di,0,0.0264,0.0391
A0A0S2W269,tyramine,Mono,0,0.1081,0.0915
A0A0S2W269,tyramine,Tri,0,0.034,0.0409
A0A173ZD58,"2,3_diaminopropionic acid",Di,0,0.1982,0.1127
A0A173ZD58,"2,3_diaminopropionic acid",Mono,0,0.0749,0.0529
A0A173ZD58,"2,3_diaminopropionic acid",Tri,0,0.6415,0.5
A0A173ZD58,2_aminophenol,Di,1,0.9352,0.8636
A0A173ZD58,2_aminophenol,Mono,0,0.372,0.2815
A0A173ZD58,2_aminophenol,Tri,1,0.8348,0.7
A0A173ZD58,3_methoxytyramine,Di,1,0.1482,0.1127
A0A173ZD58,3_methoxytyramine,Mono,0,0.0096,0.0101
A0A173ZD58,3_methoxytyramine,Tri,0,0.1406,0.0915
A0A173ZD58,alanine,Di,1,0.9613,0.9023
A0A173ZD58,alanine,Mono,1,0.9525,0.9023
A0A173ZD58,alanine,Tri,0,0.6738,0.5287
A0A173ZD58,arginine,Di,0,0.0093,0.0101
A0A173ZD58,arginine,Mono,0,0.0055,0.0101
A0A173ZD58,arginine,Tri,0,0.0114,0.0114
A0A173ZD58,asparagine,Di,0,0.0771,0.0529
A0A173ZD58,asparagine,Mono,0,0.0744,0.0529
A0A173ZD58,asparagine,Tri,1,0.9148,0.8636
A0A173ZD58,cadaverine,Di,0,0.0074,0.0101
A0A173ZD58,cadaverine,Mono,0,0.003,0.0101
A0A173ZD58,cadaverine,Tri,0,0.0234,0.0391
A0A173ZD58,citrulline,Di,0,0.0183,0.0202
A0A173ZD58,citrulline,Mono,0,0.0091,0.0101
A0A173ZD58,citrulline,Tri,0,0.0119,0.0114
A0A173ZD58,cystine,Di,0,0.017,0.0202
A0A173ZD58,cystine,Mono,0,0.0048,0.0101
A0A173ZD58,cystine,Tri,0,0.024,0.0391
A0A173ZD58,dopamine,Di,1,0.2457,0.1757
A0A173ZD58,dopamine,Mono,0,0.0473,0.0529
A0A173ZD58,dopamine,Tri,1,0.8769,0.7
A0A173ZD58,gaba,Di,1,0.9817,0.9214
A0A173ZD58,gaba,Mono,1,0.9854,0.9214
A0A173ZD58,gaba,Tri,1,0.9889,0.9214
A0A173ZD58,glutamine,Di,0,0.0716,0.0529
A0A173ZD58,glutamine,Mono,0,0.5699,0.4231
A0A173ZD58,glutamine,Tri,0,0.1147,0.0915
A0A173ZD58,glyglycine,Di,0,0.0176,0.0202
A0A173ZD58,glyglycine,Mono,0,0.0127,0.0137
A0A173ZD58,glyglycine,Tri,0,0.0553,0.0529
A0A173ZD58,histidine,Di,0,0.0044,0.0101
A0A173ZD58,histidine,Mono,0,0.0028,0.0101
A0A173ZD58,histidine,Tri,0,0.0165,0.0202
A0A173ZD58,lysine,Di,0,0.1694,0.1127
A0A173ZD58,lysine,Mono,0,0.0542,0.0529
A0A173ZD58,lysine,Tri,0,0.0498,0.0529
A0A173ZD58,methionine,Di,0,0.0605,0.0529
A0A173ZD58,methionine,Mono,0,0.0789,0.0529
A0A173ZD58,methionine,Tri,0,0.0882,0.0529
A0A173ZD58,ornithine,Di,0,0.1095,0.0915
A0A173ZD58,ornithine,Mono,0,0.0621,0.0529
A0A173ZD58,ornithine,Tri,0,0.0449,0.0529
A0A173ZD58,phenylalanine,Di,1,0.9319,0.8636
A0A173ZD58,phenylalanine,Mono,0,0.25,0.1757
A0A173ZD58,phenylalanine,Tri,1,0.9566,0.9023
A0A173ZD58,proline,Di,0,0.0151,0.0202
A0A173ZD58,proline,Mono,0,0.0189,0.0202
A0A173ZD58,proline,Tri,0,0.0442,0.0529
A0A173ZD58,putrescine,Di,0,0.0075,0.0101
A0A173ZD58,putrescine,Mono,0,0.003,0.0101
A0A173ZD58,putrescine,Tri,0,0.0238,0.0391
A0A173ZD58,serine,Di,0,0.1477,0.0915
A0A173ZD58,serine,Mono,0,0.327,0.2692
A0A173ZD58,serine,Tri,0,0.1309,0.0915
A0A173ZD58,serotonin,Di,0,0.0085,0.0101
A0A173ZD58,serotonin,Mono,0,0.0891,0.0529
A0A173ZD58,serotonin,Tri,0,0.0226,0.0345
A0A173ZD58,threonine,Di,0,0.061,0.0529
A0A173ZD58,threonine,Mono,0,0.1016,0.0915
A0A173ZD58,threonine,Tri,0,0.0097,0.0101
A0A173ZD58,tryptamine,Di,0,0.0042,0.0101
A0A173ZD58,tryptamine,Mono,0,0.0007,0.0023
A0A173ZD58,tryptamine,Tri,0,0.0155,0.0202
A0A173ZD58,tyramine,Di,0,0.0138,0.0202
A0A173ZD58,tyramine,Mono,0,0.0775,0.0529
A0A173ZD58,tyramine,Tri,0,0.0346,0.0409
A0A174DZA2,"2,3_diaminopropionic acid",Di,0,0.4405,0.3936
A0A174DZA2,"2,3_diaminopropionic acid",Mono,0,0.1959,0.1127
A0A174DZA2,"2,3_diaminopropionic acid",Tri,1,0.9044,0.8636
A0A174DZA2,2_aminophenol,Di,1,0.9798,0.9082
A0A174DZA2,2_aminophenol,Mono,0,0.6981,0.5287
A0A174DZA2,2_aminophenol,Tri,1,0.9575,0.9023
A0A174DZA2,3_methoxytyramine,Di,0,0.3016,0.2692
A0A174DZA2,3_methoxytyramine,Mono,0,0.0314,0.0409
A0A174DZA2,3_methoxytyramine,Tri,0,0.2387,0.1757
A0A174DZA2,alanine,Di,1,0.9953,0.9214
A0A174DZA2,alanine,Mono,1,0.9916,0.9214
A0A174DZA2,alanine,Tri,1,0.9231,0.8636
A0A174DZA2,arginine,Di,0,0.17,0.1127
A0A174DZA2,arginine,Mono,0,0.0481,0.0529
A0A174DZA2,arginine,Tri,0,0.2272,0.1455
A0A174DZA2,asparagine,Di,0,0.2065,0.1127
A0A174DZA2,asparagine,Mono,0,0.1412,0.0915
A0A174DZA2,asparagine,Tri,1,0.9735,0.9082
A0A174DZA2,cadaverine,Di,0,0.0208,0.0301
A0A174DZA2,cadaverine,Mono,0,0.0066,0.0101
A0A174DZA2,cadaverine,Tri,0,0.0577,0.0529
A0A174DZA2,citrulline,Di,0,0.6039,0.4638
A0A174DZA2,citrulline,Mono,0,0.2083,0.1127
A0A174DZA2,citrulline,Tri,0,0.227,0.1455
A0A174DZA2,cystine,Di,0,0.1015,0.0915
A0A174DZA2,cystine,Mono,0,0.0239,0.0391
A0A174DZA2,cystine,Tri,0,0.1304,0.0915
A0A174DZA2,dopamine,Di,0,0.502,0.4014
A0A174DZA2,dopamine,Mono,0,0.1035,0.0915
A0A174DZA2,dopamine,Tri,1,0.9413,0.8696
A0A174DZA2,gaba,Di,1,0.9953,0.9214
A0A174DZA2,gaba,Mono,1,0.9955,0.9214
A0A174DZA2,gaba,Tri,1,0.9961,0.925
A0A174DZA2,glutamine,Di,0,0.726,0.5287
A0A174DZA2,glutamine,Mono,1,0.9273,0.8636
A0A174DZA2,glutamine,Tri,0,0.4801,0.4014
A0A174DZA2,glyglycine,Di,0,0.0978,0.0915
A0A174DZA2,glyglycine,Mono,0,0.0492,0.0529
A0A174DZA2,glyglycine,Tri,0,0.19,0.1127
A0A174DZA2,histidine,Di,0,0.0222,0.0301
A0A174DZA2,histidine,Mono,0,0.0112,0.0101
A0A174DZA2,histidine,Tri,0,0.0581,0.0529
A0A174DZA2,lysine,Di,1,0.8122,0.7
A0A174DZA2,lysine,Mono,0,0.3626,0.2815
A0A174DZA2,lysine,Tri,0,0.2416,0.1757
A0A174DZA2,methionine,Di,0,0.7786,0.5287
A0A174DZA2,methionine,Mono,0,0.6366,0.4857
A0A174DZA2,methionine,Tri,0,0.5903,0.4638
A0A174DZA2,ornithine,Di,0,0.699,0.5287
A0A174DZA2,ornithine,Mono,0,0.3593,0.2815
A0A174DZA2,ornithine,Tri,0,0.1906,0.1127
A0A174DZA2,phenylalanine,Di,1,0.9921,0.9214
A0A174DZA2,phenylalanine,Mono,0,0.6962,0.5287
A0A174DZA2,phenylalanine,Tri,1,0.9949,0.9214
A0A174DZA2,proline,Di,0,0.0424,0.0529
A0A174DZA2,proline,Mono,0,0.0397,0.0529
A0A174DZA2,proline,Tri,0,0.2369,0.1455
A0A174DZA2,putrescine,Di,0,0.021,0.0301
A0A174DZA2,putrescine,Mono,0,0.0064,0.0101
A0A174DZA2,putrescine,Tri,0,0.0561,0.0529
A0A174DZA2,serine,Di,1,0.7593,0.5287
A0A174DZA2,serine,Mono,1,0.8496,0.7
A0A174DZA2,serine,Tri,0,0.6523,0.5287
A0A174DZA2,serotonin,Di,0,0.0546,0.0529
A0A174DZA2,serotonin,Mono,0,0.6261,0.4857
A0A174DZA2,serotonin,Tri,0,0.0761,0.0529
A0A174DZA2,threonine,Di,0,0.7267,0.5287
A0A174DZA2,threonine,Mono,1,0.7769,0.5287
A0A174DZA2,threonine,Tri,0,0.0656,0.0529
A0A174DZA2,tryptamine,Di,0,0.0066,0.0101
A0A174DZA2,tryptamine,Mono,0,0.0017,0.0023
A0A174DZA2,tryptamine,Tri,0,0.0283,0.0391
A0A174DZA2,tyramine,Di,0,0.0951,0.0714
A0A174DZA2,tyramine,Mono,1,0.7007,0.5287
A0A174DZA2,tyramine,Tri,0,0.1385,0.0915
A0A174MBD8,"2,3_diaminopropionic acid",Di,0,0.0131,0.0137
A0A174MBD8,"2,3_diaminopropionic acid",Mono,0,0.0044,0.0101
A0A174MBD8,"2,3_diaminopropionic acid",Tri,0,0.0687,0.0529
A0A174MBD8,2_aminophenol,Di,1,0.9329,0.8636
A0A174MBD8,2_aminophenol,Mono,0,0.2543,0.1757
A0A174MBD8,2_aminophenol,Tri,0,0.4401,0.3936
A0A174MBD8,3_methoxytyramine,Di,0,0.0209,0.0301
A0A174MBD8,3_methoxytyramine,Mono,0,0.0009,0.0023
A0A174MBD8,3_methoxytyramine,Tri,0,0.0098,0.0101
A0A174MBD8,alanine,Di,1,0.9859,0.9214
A0A174MBD8,alanine,Mono,1,0.9778,0.9082
A0A174MBD8,alanine,Tri,0,0.1599,0.1127
A0A174MBD8,arginine,Di,0,0.0018,0.0023
A0A174MBD8,arginine,Mono,0,0.0013,0.0023
A0A174MBD8,arginine,Tri,0,0.0013,0.0023
A0A174MBD8,asparagine,Di,0,0.0494,0.0529
A0A174MBD8,asparagine,Mono,0,0.0561,0.0529
A0A174MBD8,asparagine,Tri,1,0.9713,0.9082
A0A174MBD8,cadaverine,Di,0,0.0011,0.0023
A0A174MBD8,cadaverine,Mono,0,0.0004,0.0
A0A174MBD8,cadaverine,Tri,0,0.0019,0.0023
A0A174MBD8,citrulline,Di,0,0.0072,0.0101
A0A174MBD8,citrulline,Mono,0,0.0021,0.0023
A0A174MBD8,citrulline,Tri,0,0.0011,0.0023
A0A174MBD8,cystine,Di,0,0.0017,0.0023
A0A174MBD8,cystine,Mono,0,0.0003,0.0
A0A174MBD8,cystine,Tri,0,0.0014,0.0023
A0A174MBD8,dopamine,Di,0,0.1326,0.0915
A0A174MBD8,dopamine,Mono,0,0.0146,0.0202
A0A174MBD8,dopamine,Tri,1,0.9465,0.9023
A0A174MBD8,gaba,Di,1,0.9946,0.9214
A0A174MBD8,gaba,Mono,1,0.9971,1.0
A0A174MBD8,gaba,Tri,1,0.9948,0.9214
A0A174MBD8,glutamine,Di,0,0.0762,0.0529
A0A174MBD8,glutamine,Mono,1,0.9233,0.8636
A0A174MBD8,glutamine,Tri,0,0.0456,0.0529
A0A174MBD8,glyglycine,Di,0,0.0053,0.0101
A0A174MBD8,glyglycine,Mono,0,0.0031,0.0101
A0A174MBD8,glyglycine,Tri,0,0.009,0.0101
A0A174MBD8,histidine,Di,0,0.0004,0.0
A0A174MBD8,histidine,Mono,0,0.0001,0.0
A0A174MBD8,histidine,Tri,0,0.0005,0.0
A0A174MBD8,lysine,Di,0,0.0151,0.0202
A0A174MBD8,lysine,Mono,0,0.0031,0.0101
A0A174MBD8,lysine,Tri,0,0.0011,0.0023
A0A174MBD8,methionine,Di,0,0.0113,0.0114
A0A174MBD8,methionine,Mono,0,0.0138,0.0202
A0A174MBD8,methionine,Tri,0,0.0042,0.0101
A0A174MBD8,ornithine,Di,0,0.0151,0.0202
A0A174MBD8,ornithine,Mono,0,0.0064,0.0101
A0A174MBD8,ornithine,Tri,0,0.0016,0.0023
A0A174MBD8,phenylalanine,Di,1,0.9848,0.9214
A0A174MBD8,phenylalanine,Mono,0,0.1376,0.0915
A0A174MBD8,phenylalanine,Tri,1,0.9833,0.9214
A0A174MBD8,proline,Di,0,0.0018,0.0023
A0A174MBD8,proline,Mono,0,0.0014,0.0023
A0A174MBD8,proline,Tri,0,0.0094,0.0101
A0A174MBD8,putrescine,Di,0,0.0012,0.0023
A0A174MBD8,putrescine,Mono,0,0.0004,0.0
A0A174MBD8,putrescine,Tri,0,0.0021,0.0023
A0A174MBD8,serine,Di,0,0.0275,0.0391
A0A174MBD8,serine,Mono,1,0.0333,0.0409
A0A174MBD8,serine,Tri,0,0.0285,0.0391
A0A174MBD8,serotonin,Di,0,0.0013,0.0023
A0A174MBD8,serotonin,Mono,0,0.015,0.0202
A0A174MBD8,serotonin,Tri,0,0.0013,0.0023
A0A174MBD8,threonine,Di,0,0.0089,0.0101
A0A174MBD8,threonine,Mono,0,0.018,0.0202
A0A174MBD8,threonine,Tri,0,0.0004,0.0
A0A174MBD8,tryptamine,Di,0,0.0009,0.0023
A0A174MBD8,tryptamine,Mono,0,0.0001,0.0
A0A174MBD8,tryptamine,Tri,0,0.0014,0.0023
A0A174MBD8,tyramine,Di,0,0.0046,0.0101
A0A174MBD8,tyramine,Mono,0,0.0215,0.0301
A0A174MBD8,tyramine,Tri,0,0.0074,0.0101
A0A174Z2R4,"2,3_diaminopropionic acid",Di,0,0.1318,0.0915
A0A174Z2R4,"2,3_diaminopropionic acid",Mono,0,0.0385,0.0529
A0A174Z2R4,"2,3_diaminopropionic acid",Tri,1,0.6558,0.5287
A0A174Z2R4,2_aminophenol,Di,1,0.9673,0.9082
A0A174Z2R4,2_aminophenol,Mono,0,0.4822,0.4014
A0A174Z2R4,2_aminophenol,Tri,1,0.8934,0.8571
A0A174Z2R4,3_methoxytyramine,Di,0,0.1953,0.1127
A0A174Z2R4,3_methoxytyramine,Mono,0,0.0102,0.0101
A0A174Z2R4,3_methoxytyramine,Tri,0,0.1562,0.1127
A0A174Z2R4,alanine,Di,1,0.9836,0.9214
A0A174Z2R4,alanine,Mono,0,0.9723,0.9082
A0A174Z2R4,alanine,Tri,1,0.7078,0.5287
A0A174Z2R4,arginine,Di,0,0.0569,0.0529
A0A174Z2R4,arginine,Mono,0,0.0184,0.0202
A0A174Z2R4,arginine,Tri,0,0.0936,0.0714
A0A174Z2R4,asparagine,Di,0,0.123,0.0915
A0A174Z2R4,asparagine,Mono,0,0.0906,0.0529
A0A174Z2R4,asparagine,Tri,1,0.9642,0.9023
A0A174Z2R4,cadaverine,Di,0,0.0074,0.0101
A0A174Z2R4,cadaverine,Mono,0,0.0021,0.0023
A0A174Z2R4,cadaverine,Tri,0,0.027,0.0391
A0A174Z2R4,citrulline,Di,0,0.2763,0.1915
A0A174Z2R4,citrulline,Mono,0,0.081,0.0529
A0A174Z2R4,citrulline,Tri,0,0.0951,0.0714
A0A174Z2R4,cystine,Di,0,0.0452,0.0529
A0A174Z2R4,cystine,Mono,0,0.0111,0.0101
A0A174Z2R4,cystine,Tri,0,0.0882,0.0529
A0A174Z2R4,dopamine,Di,0,0.2945,0.2692
A0A174Z2R4,dopamine,Mono,0,0.0292,0.0391
A0A174Z2R4,dopamine,Tri,0,0.8958,0.8571
A0A174Z2R4,gaba,Di,1,0.982,0.9214
A0A174Z2R4,gaba,Mono,0,0.9807,0.9082
A0A174Z2R4,gaba,Tri,1,0.9864,0.9214
A0A174Z2R4,glutamine,Di,0,0.5343,0.4014
A0A174Z2R4,glutamine,Mono,0,0.8972,0.8571
A0A174Z2R4,glutamine,Tri,0,0.2498,0.1757
A0A174Z2R4,glyglycine,Di,0,0.0313,0.0409
A0A174Z2R4,glyglycine,Mono,0,0.0158,0.0202
A0A174Z2R4,glyglycine,Tri,1,0.0619,0.0529
A0A174Z2R4,histidine,Di,0,0.0059,0.0101
A0A174Z2R4,histidine,Mono,0,0.002,0.0023
A0A174Z2R4,histidine,Tri,0,0.0201,0.0301
A0A174Z2R4,lysine,Di,1,0.4672,0.3936
A0A174Z2R4,lysine,Mono,0,0.1231,0.0915
A0A174Z2R4,lysine,Tri,0,0.0871,0.0529
A0A174Z2R4,methionine,Di,1,0.3951,0.2815
A0A174Z2R4,methionine,Mono,0,0.297,0.2692
A0A174Z2R4,methionine,Tri,1,0.275,0.1915
A0A174Z2R4,ornithine,Di,0,0.3879,0.2815
A0A174Z2R4,ornithine,Mono,0,0.1491,0.1127
A0A174Z2R4,ornithine,Tri,0,0.0776,0.0529
A0A174Z2R4,phenylalanine,Di,1,0.9814,0.9082
A0A174Z2R4,phenylalanine,Mono,0,0.3852,0.2815
A0A174Z2R4,phenylalanine,Tri,1,0.9883,0.9214
A0A174Z2R4,proline,Di,0,0.0193,0.0202
A0A174Z2R4,proline,Mono,0,0.0151,0.0202
A0A174Z2R4,proline,Tri,0,0.0748,0.0529
A0A174Z2R4,putrescine,Di,0,0.0072,0.0101
A0A174Z2R4,putrescine,Mono,0,0.0019,0.0023
A0A174Z2R4,putrescine,Tri,0,0.0255,0.0391
A0A174Z2R4,serine,Di,0,0.4416,0.3936
A0A174Z2R4,serine,Mono,1,0.5579,0.4231
A0A174Z2R4,serine,Tri,0,0.4357,0.3936
A0A174Z2R4,serotonin,Di,0,0.0132,0.0137
A0A174Z2R4,serotonin,Mono,0,0.2155,0.1127
A0A174Z2R4,serotonin,Tri,0,0.0205,0.0301
A0A174Z2R4,threonine,Di,0,0.3294,0.2692
A0A174Z2R4,threonine,Mono,1,0.4352,0.3936
A0A174Z2R4,threonine,Tri,0,0.0178,0.0202
A0A174Z2R4,tryptamine,Di,0,0.0033,0.0101
A0A174Z2R4,tryptamine,Mono,0,0.0004,0.0
A0A174Z2R4,tryptamine,Tri,0,0.0144,0.0202
A0A174Z2R4,tyramine,Di,0,0.0239,0.0391
A0A174Z2R4,tyramine,Mono,0,0.3043,0.2692
A0A174Z2R4,tyramine,Tri,0,0.046,0.0529
A0A174ZD20,"2,3_diaminopropionic acid",Di,0,0.4168,0.2815
A0A174ZD20,"2,3_diaminopropionic acid",Mono,0,0.1827,0.1127
A0A174ZD20,"2,3_diaminopropionic acid",Tri,1,0.9158,0.8636
A0A174ZD20,2_aminophenol,Di,1,0.9845,0.9214
A0A174ZD20,2_aminophenol,Mono,1,0.7825,0.5287
A0A174ZD20,2_aminophenol,Tri,1,0.9617,0.9023
A0A174ZD20,3_methoxytyramine,Di,0,0.3254,0.2692
A0A174ZD20,3_methoxytyramine,Mono,0,0.0377,0.0529
A0A174ZD20,3_methoxytyramine,Tri,0,0.2324,0.1455
A0A174ZD20,alanine,Di,1,0.995,0.9214
A0A174ZD20,alanine,Mono,1,0.9916,0.9214
A0A174ZD20,alanine,Tri,1,0.9497,0.9023
A0A174ZD20,arginine,Di,0,0.2204,0.1127
A0A174ZD20,arginine,Mono,0,0.0605,0.0529
A0A174ZD20,arginine,Tri,0,0.3367,0.2692
A0A174ZD20,asparagine,Di,0,0.2284,0.1455
A0A174ZD20,asparagine,Mono,0,0.176,0.1127
A0A174ZD20,asparagine,Tri,1,0.9741,0.9082
A0A174ZD20,cadaverine,Di,0,0.0252,0.0391
A0A174ZD20,cadaverine,Mono,0,0.0075,0.0101
A0A174ZD20,cadaverine,Tri,0,0.0717,0.0529
A0A174ZD20,citrulline,Di,0,0.6636,0.5287
A0A174ZD20,citrulline,Mono,0,0.2145,0.1127
A0A174ZD20,citrulline,Tri,0,0.2542,0.1757
A0A174ZD20,cystine,Di,0,0.1142,0.0915
A0A174ZD20,cystine,Mono,0,0.0316,0.0409
A0A174ZD20,cystine,Tri,0,0.143,0.0915
A0A174ZD20,dopamine,Di,0,0.544,0.4014
A0A174ZD20,dopamine,Mono,0,0.1501,0.1127
A0A174ZD20,dopamine,Tri,1,0.9422,0.8696
A0A174ZD20,gaba,Di,1,0.9964,0.925
A0A174ZD20,gaba,Mono,1,0.9956,0.9214
A0A174ZD20,gaba,Tri,1,0.9969,1.0
A0A174ZD20,glutamine,Di,0,0.7745,0.5287
A0A174ZD20,glutamine,Mono,1,0.9474,0.9023
A0A174ZD20,glutamine,Tri,0,0.5708,0.4231
A0A174ZD20,glyglycine,Di,0,0.1579,0.1127
A0A174ZD20,glyglycine,Mono,0,0.0825,0.0529
A0A174ZD20,glyglycine,Tri,1,0.2941,0.2692
A0A174ZD20,histidine,Di,0,0.0236,0.0391
A0A174ZD20,histidine,Mono,0,0.0113,0.0114
A0A174ZD20,histidine,Tri,1,0.0796,0.0529
A0A174ZD20,lysine,Di,1,0.8764,0.7
A0A174ZD20,lysine,Mono,0,0.4166,0.2815
A0A174ZD20,lysine,Tri,0,0.31,0.2692
A0A174ZD20,methionine,Di,0,0.8386,0.7
A0A174ZD20,methionine,Mono,1,0.7384,0.5287
A0A174ZD20,methionine,Tri,1,0.7646,0.5287
A0A174ZD20,ornithine,Di,0,0.7072,0.5287
A0A174ZD20,ornithine,Mono,0,0.3407,0.28
A0A174ZD20,ornithine,Tri,0,0.2305,0.1455
A0A174ZD20,phenylalanine,Di,1,0.9935,0.9214
A0A174ZD20,phenylalanine,Mono,1,0.7534,0.5287
A0A174ZD20,phenylalanine,Tri,1,0.9952,0.9214
A0A174ZD20,proline,Di,0,0.0391,0.0529
A0A174ZD20,proline,Mono,0,0.0385,0.0529
A0A174ZD20,proline,Tri,0,0.2069,0.1127
A0A174ZD20,putrescine,Di,0,0.0241,0.0391
A0A174ZD20,putrescine,Mono,0,0.007,0.0101
A0A174ZD20,putrescine,Tri,0,0.0671,0.0529
A0A174ZD20,serine,Di,1,0.8194,0.7
A0A174ZD20,serine,Mono,1,0.8866,0.8235
A0A174ZD20,serine,Tri,1,0.763,0.5287
A0A174ZD20,serotonin,Di,0,0.0735,0.0529
A0A174ZD20,serotonin,Mono,1,0.7387,0.5287
A0A174ZD20,serotonin,Tri,0,0.1175,0.0915
A0A174ZD20,threonine,Di,1,0.686,0.5287
A0A174ZD20,threonine,Mono,1,0.7258,0.5287
A0A174ZD20,threonine,Tri,0,0.0971,0.0915
A0A174ZD20,tryptamine,Di,0,0.0081,0.0101
A0A174ZD20,tryptamine,Mono,0,0.0021,0.0023
A0A174ZD20,tryptamine,Tri,0,0.0319,0.0409
A0A174ZD20,tyramine,Di,0,0.1123,0.0915
A0A174ZD20,tyramine,Mono,0,0.759,0.5287
A0A174ZD20,tyramine,Tri,0,0.1735,0.1127
A0A1C5L0B6,"2,3_diaminopropionic acid",Di,0,0.5994,0.4638
A0A1C5L0B6,"2,3_diaminopropionic acid",Mono,0,0.3687,0.2815
A0A1C5L0B6,"2,3_diaminopropionic acid",Tri,1,0.9382,0.8636
A0A1C5L0B6,2_aminophenol,Di,1,0.9887,0.9214
A0A1C5L0B6,2_aminophenol,Mono,0,0.8388,0.7
A0A1C5L0B6,2_aminophenol,Tri,1,0.9775,0.9082
A0A1C5L0B6,3_methoxytyramine,Di,0,0.3079,0.2692
A0A1C5L0B6,3_methoxytyramine,Mono,0,0.0353,0.0409
A0A1C5L0B6,3_methoxytyramine,Tri,0,0.2553,0.1757
A0A1C5L0B6,alanine,Di,1,0.9958,0.9214
A0A1C5L0B6,alanine,Mono,1,0.9951,0.9214
A0A1C5L0B6,alanine,Tri,1,0.9683,0.9082
A0A1C5L0B6,arginine,Di,0,0.124,0.0915
A0A1C5L0B6,arginine,Mono,0,0.0386,0.0529
A0A1C5L0B6,arginine,Tri,0,0.1393,0.0915
A0A1C5L0B6,asparagine,Di,0,0.2099,0.1127
A0A1C5L0B6,asparagine,Mono,0,0.1697,0.1127
A0A1C5L0B6,asparagine,Tri,1,0.9593,0.9023
A0A1C5L0B6,cadaverine,Di,0,0.0295,0.0391
A0A1C5L0B6,cadaverine,Mono,0,0.0109,0.0101
A0A1C5L0B6,cadaverine,Tri,0,0.0698,0.0529
A0A1C5L0B6,citrulline,Di,0,0.3902,0.2815
A0A1C5L0B6,citrulline,Mono,0,0.1325,0.0915
A0A1C5L0B6,citrulline,Tri,0,0.1305,0.0915
A0A1C5L0B6,cystine,Di,0,0.0757,0.0529
A0A1C5L0B6,cystine,Mono,0,0.025,0.0391
A0A1C5L0B6,cystine,Tri,0,0.0915,0.0529
A0A1C5L0B6,dopamine,Di,0,0.5881,0.4638
A0A1C5L0B6,dopamine,Mono,0,0.1773,0.1127
A0A1C5L0B6,dopamine,Tri,1,0.9504,0.9023
A0A1C5L0B6,gaba,Di,1,0.9972,1.0
A0A1C5L0B6,gaba,Mono,1,0.997,1.0
A0A1C5L0B6,gaba,Tri,1,0.9974,1.0
A0A1C5L0B6,glutamine,Di,1,0.3937,0.2815
A0A1C5L0B6,glutamine,Mono,1,0.8411,0.7
A0A1C5L0B6,glutamine,Tri,0,0.2591,0.1757
A0A1C5L0B6,glyglycine,Di,0,0.1508,0.1127
A0A1C5L0B6,glyglycine,Mono,0,0.1007,0.0915
A0A1C5L0B6,glyglycine,Tri,1,0.3031,0.2692
A0A1C5L0B6,histidine,Di,0,0.0117,0.0114
A0A1C5L0B6,histidine,Mono,0,0.0081,0.0101
A0A1C5L0B6,histidine,Tri,0,0.0374,0.0529
A0A1C5L0B6,lysine,Di,1,0.7875,0.5287
A0A1C5L0B6,lysine,Mono,0,0.3913,0.2815
A0A1C5L0B6,lysine,Tri,0,0.2572,0.1757
A0A1C5L0B6,methionine,Di,1,0.6985,0.5287
A0A1C5L0B6,methionine,Mono,1,0.7029,0.5287
A0A1C5L0B6,methionine,Tri,1,0.653,0.5287
A0A1C5L0B6,ornithine,Di,0,0.7549,0.5287
A0A1C5L0B6,ornithine,Mono,0,0.4793,0.4014
A0A1C5L0B6,ornithine,Tri,0,0.2761,0.1915
A0A1C5L0B6,phenylalanine,Di,1,0.9943,0.9214
A0A1C5L0B6,phenylalanine,Mono,0,0.8299,0.7
A0A1C5L0B6,phenylalanine,Tri,1,0.9963,0.925
A0A1C5L0B6,proline,Di,0,0.0269,0.0391
A0A1C5L0B6,proline,Mono,0,0.0293,0.0391
A0A1C5L0B6,proline,Tri,0,0.1658,0.1127
A0A1C5L0B6,putrescine,Di,0,0.0286,0.0391
A0A1C5L0B6,putrescine,Mono,0,0.0103,0.0101
A0A1C5L0B6,putrescine,Tri,0,0.066,0.0529
A0A1C5L0B6,serine,Di,1,0.856,0.7
A0A1C5L0B6,serine,Mono,1,0.9231,0.8636
A0A1C5L0B6,serine,Tri,1,0.8384,0.7
A0A1C5L0B6,serotonin,Di,0,0.0781,0.0529
A0A1C5L0B6,serotonin,Mono,1,0.7309,0.5287
A0A1C5L0B6,serotonin,Tri,0,0.1042,0.0915
A0A1C5L0B6,threonine,Di,1,0.5916,0.4638
A0A1C5L0B6,threonine,Mono,1,0.7611,0.5287
A0A1C5L0B6,threonine,Tri,0,0.1374,0.0915
A0A1C5L0B6,tryptamine,Di,0,0.0074,0.0101
A0A1C5L0B6,tryptamine,Mono,0,0.0019,0.0023
A0A1C5L0B6,tryptamine,Tri,0,0.0282,0.0391
A0A1C5L0B6,tyramine,Di,0,0.159,0.1127
A0A1C5L0B6,tyramine,Mono,1,0.8198,0.7
A0A1C5L0B6,tyramine,Tri,0,0.2186,0.1127
A0A1C5LGL2,"2,3_diaminopropionic acid",Di,0,0.5113,0.4014
A0A1C5LGL2,"2,3_diaminopropionic acid",Mono,0,0.2536,0.1757
A0A1C5LGL2,"2,3_diaminopropionic acid",Tri,1,0.9257,0.8636
A0A1C5LGL2,2_aminophenol,Di,1,0.9899,0.9214
A0A1C5LGL2,2_aminophenol,Mono,1,0.8544,0.7
A0A1C5LGL2,2_aminophenol,Tri,1,0.9732,0.9082
A0A1C5LGL2,3_methoxytyramine,Di,0,0.4598,0.3936
A0A1C5LGL2,3_methoxytyramine,Mono,0,0.0423,0.0529
A0A1C5LGL2,3_methoxytyramine,Tri,0,0.3242,0.2692
A0A1C5LGL2,alanine,Di,1,0.9948,0.9214
A0A1C5LGL2,alanine,Mono,1,0.9912,0.9214
A0A1C5LGL2,alanine,Tri,1,0.9324,0.8636
A0A1C5LGL2,arginine,Di,0,0.1569,0.1127
A0A1C5LGL2,arginine,Mono,0,0.051,0.0529
A0A1C5LGL2,arginine,Tri,0,0.2497,0.1757
A0A1C5LGL2,asparagine,Di,0,0.2177,0.1127
A0A1C5LGL2,asparagine,Mono,0,0.1911,0.1127
A0A1C5LGL2,asparagine,Tri,1,0.9664,0.9082
A0A1C5LGL2,cadaverine,Di,0,0.037,0.0529
A0A1C5LGL2,cadaverine,Mono,0,0.0137,0.0202
A0A1C5LGL2,cadaverine,Tri,0,0.0911,0.0529
A0A1C5LGL2,citrulline,Di,0,0.6114,0.4638
A0A1C5LGL2,citrulline,Mono,0,0.2195,0.1127
A0A1C5LGL2,citrulline,Tri,0,0.2467,0.1757
A0A1C5LGL2,cystine,Di,0,0.1024,0.0915
A0A1C5LGL2,cystine,Mono,0,0.0265,0.0391
A0A1C5LGL2,cystine,Tri,0,0.106,0.0915
A0A1C5LGL2,dopamine,Di,0,0.6543,0.5287
A0A1C5LGL2,dopamine,Mono,0,0.1762,0.1127
A0A1C5LGL2,dopamine,Tri,1,0.9534,0.9023
A0A1C5LGL2,gaba,Di,1,0.9972,1.0
A0A1C5LGL2,gaba,Mono,1,0.9968,1.0
A0A1C5LGL2,gaba,Tri,1,0.9974,1.0
A0A1C5LGL2,glutamine,Di,1,0.5865,0.4638
A0A1C5LGL2,glutamine,Mono,1,0.8813,0.8235
A0A1C5LGL2,glutamine,Tri,0,0.3993,0.2815
A0A1C5LGL2,glyglycine,Di,0,0.1393,0.0915
A0A1C5LGL2,glyglycine,Mono,0,0.0786,0.0529
A0A1C5LGL2,glyglycine,Tri,0,0.2378,0.1455
A0A1C5LGL2,histidine,Di,0,0.0153,0.0202
A0A1C5LGL2,histidine,Mono,0,0.0094,0.0101
A0A1C5LGL2,histidine,Tri,0,0.037,0.0529
A0A1C5LGL2,lysine,Di,1,0.8712,0.7
A0A1C5LGL2,lysine,Mono,0,0.5221,0.4014
A0A1C5LGL2,lysine,Tri,0,0.413,0.2815
A0A1C5LGL2,methionine,Di,0,0.7301,0.5287
A0A1C5LGL2,methionine,Mono,1,0.6414,0.5
A0A1C5LGL2,methionine,Tri,1,0.6137,0.4706
A0A1C5LGL2,ornithine,Di,0,0.8094,0.7
A0A1C5LGL2,ornithine,Mono,0,0.5599,0.4231
A0A1C5LGL2,ornithine,Tri,0,0.343,0.28
A0A1C5LGL2,phenylalanine,Di,1,0.9947,0.9214
A0A1C5LGL2,phenylalanine,Mono,1,0.8122,0.7
A0A1C5LGL2,phenylalanine,Tri,1,0.9958,0.9214
A0A1C5LGL2,proline,Di,0,0.0444,0.0529
A0A1C5LGL2,proline,Mono,0,0.0474,0.0529
A0A1C5LGL2,proline,Tri,0,0.2455,0.1757
A0A1C5LGL2,putrescine,Di,0,0.0369,0.0529
A0A1C5LGL2,putrescine,Mono,0,0.0133,0.0137
A0A1C5LGL2,putrescine,Tri,0,0.0886,0.0529
A0A1C5LGL2,serine,Di,1,0.8036,0.7
A0A1C5LGL2,serine,Mono,1,0.8939,0.8571
A0A1C5LGL2,serine,Tri,0,0.7762,0.5287
A0A1C5LGL2,serotonin,Di,0,0.0732,0.0529
A0A1C5LGL2,serotonin,Mono,0,0.7978,0.5287
A0A1C5LGL2,serotonin,Tri,0,0.1034,0.0915
A0A1C5LGL2,threonine,Di,0,0.5395,0.4014
A0A1C5LGL2,threonine,Mono,1,0.6394,0.5
A0A1C5LGL2,threonine,Tri,0,0.0749,0.0529
A0A1C5LGL2,tryptamine,Di,0,0.0079,0.0101
A0A1C5LGL2,tryptamine,Mono,0,0.0026,0.0101
A0A1C5LGL2,tryptamine,Tri,0,0.025,0.0391
A0A1C5LGL2,tyramine,Di,0,0.1443,0.0915
A0A1C5LGL2,tyramine,Mono,1,0.8597,0.7
A0A1C5LGL2,tyramine,Tri,0,0.2094,0.1127
A0A1C5M2J2,"2,3_diaminopropionic acid",Di,0,0.3782,0.2815
A0A1C5M2J2,"2,3_diaminopropionic acid",Mono,0,0.2101,0.1127
A0A1C5M2J2,"2,3_diaminopropionic acid",Tri,1,0.8833,0.8235
A0A1C5M2J2,2_aminophenol,Di,1,0.9815,0.9082
A0A1C5M2J2,2_aminophenol,Mono,0,0.7466,0.5287
A0A1C5M2J2,2_aminophenol,Tri,1,0.9549,0.9023
A0A1C5M2J2,3_methoxytyramine,Di,0,0.1569,0.1127
A0A1C5M2J2,3_methoxytyramine,Mono,0,0.0195,0.0202
A0A1C5M2J2,3_methoxytyramine,Tri,0,0.1021,0.0915
A0A1C5M2J2,alanine,Di,1,0.996,0.925
A0A1C5M2J2,alanine,Mono,1,0.9941,0.9214
A0A1C5M2J2,alanine,Tri,1,0.9456,0.9023
A0A1C5M2J2,arginine,Di,0,0.0681,0.0529
A0A1C5M2J2,arginine,Mono,0,0.0227,0.0345
A0A1C5M2J2,arginine,Tri,1,0.1043,0.0915
A0A1C5M2J2,asparagine,Di,0,0.1208,0.0915
A0A1C5M2J2,asparagine,Mono,0,0.1027,0.0915
A0A1C5M2J2,asparagine,Tri,1,0.9188,0.8636
A0A1C5M2J2,cadaverine,Di,0,0.0116,0.0114
A0A1C5M2J2,cadaverine,Mono,0,0.005,0.0101
A0A1C5M2J2,cadaverine,Tri,0,0.0357,0.0409
A0A1C5M2J2,citrulline,Di,1,0.2694,0.1915
A0A1C5M2J2,citrulline,Mono,0,0.0861,0.0529
A0A1C5M2J2,citrulline,Tri,1,0.1049,0.0915
A0A1C5M2J2,cystine,Di,0,0.0455,0.0529
A0A1C5M2J2,cystine,Mono,0,0.0139,0.0202
A0A1C5M2J2,cystine,Tri,0,0.0541,0.0529
A0A1C5M2J2,dopamine,Di,0,0.3282,0.2692
A0A1C5M2J2,dopamine,Mono,0,0.0981,0.0915
A0A1C5M2J2,dopamine,Tri,1,0.8917,0.8571
A0A1C5M2J2,gaba,Di,1,0.9953,0.9214
A0A1C5M2J2,gaba,Mono,1,0.996,0.925
A0A1C5M2J2,gaba,Tri,1,0.9967,0.925
A0A1C5M2J2,glutamine,Di,1,0.4358,0.3936
A0A1C5M2J2,glutamine,Mono,1,0.8321,0.7
A0A1C5M2J2,glutamine,Tri,1,0.243,0.1757
A0A1C5M2J2,glyglycine,Di,0,0.1518,0.1127
A0A1C5M2J2,glyglycine,Mono,0,0.0934,0.0714
A0A1C5M2J2,glyglycine,Tri,1,0.308,0.2692
A0A1C5M2J2,histidine,Di,0,0.0139,0.0202
A0A1C5M2J2,histidine,Mono,0,0.0098,0.0101
A0A1C5M2J2,histidine,Tri,1,0.0461,0.0529
A0A1C5M2J2,lysine,Di,1,0.6619,0.5287
A0A1C5M2J2,lysine,Mono,0,0.2541,0.1757
A0A1C5M2J2,lysine,Tri,0,0.2024,0.1127
A0A1C5M2J2,methionine,Di,0,0.7298,0.5287
A0A1C5M2J2,methionine,Mono,1,0.6384,0.5
A0A1C5M2J2,methionine,Tri,1,0.6497,0.5287
A0A1C5M2J2,ornithine,Di,0,0.4291,0.3936
A0A1C5M2J2,ornithine,Mono,0,0.193,0.1127
A0A1C5M2J2,ornithine,Tri,0,0.1326,0.0915
A0A1C5M2J2,phenylalanine,Di,1,0.9901,0.9214
A0A1C5M2J2,phenylalanine,Mono,1,0.7301,0.5287
A0A1C5M2J2,phenylalanine,Tri,1,0.9934,0.9214
A0A1C5M2J2,proline,Di,0,0.0193,0.0202
A0A1C5M2J2,proline,Mono,0,0.0235,0.0391
A0A1C5M2J2,proline,Tri,0,0.1125,0.0915
A0A1C5M2J2,putrescine,Di,0,0.0116,0.0114
A0A1C5M2J2,putrescine,Mono,0,0.0048,0.0101
A0A1C5M2J2,putrescine,Tri,0,0.0347,0.0409
A0A1C5M2J2,serine,Di,1,0.8256,0.7
A0A1C5M2J2,serine,Mono,1,0.8984,0.8571
A0A1C5M2J2,serine,Tri,1,0.7611,0.5287
A0A1C5M2J2,serotonin,Di,0,0.0502,0.0529
A0A1C5M2J2,serotonin,Mono,0,0.7023,0.5287
A0A1C5M2J2,serotonin,Tri,0,0.0779,0.0529
A0A1C5M2J2,threonine,Di,1,0.6495,0.5287
A0A1C5M2J2,threonine,Mono,1,0.7257,0.5287
A0A1C5M2J2,threonine,Tri,0,0.088,0.0529
A0A1C5M2J2,tryptamine,Di,0,0.0043,0.0101
A0A1C5M2J2,tryptamine,Mono,0,0.0014,0.0023
A0A1C5M2J2,tryptamine,Tri,0,0.019,0.0202
A0A1C5M2J2,tyramine,Di,0,0.0989,0.0915
A0A1C5M2J2,tyramine,Mono,0,0.755,0.5287
A0A1C5M2J2,tyramine,Tri,0,0.1575,0.1127
A0A1C5MIH1,"2,3_diaminopropionic acid",Di,0,0.2048,0.1127
A0A1C5MIH1,"2,3_diaminopropionic acid",Mono,0,0.1028,0.0915
A0A1C5MIH1,"2,3_diaminopropionic acid",Tri,1,0.799,0.7
A0A1C5MIH1,2_aminophenol,Di,1,0.9742,0.9082
A0A1C5MIH1,2_aminophenol,Mono,1,0.6839,0.5287
A0A1C5MIH1,2_aminophenol,Tri,1,0.9426,0.8696
A0A1C5MIH1,3_methoxytyramine,Di,0,0.1843,0.1127
A0A1C5MIH1,3_methoxytyramine,Mono,0,0.019,0.0202
A0A1C5MIH1,3_methoxytyramine,Tri,0,0.2052,0.1127
A0A1C5MIH1,alanine,Di,1,0.9943,0.9214
A0A1C5MIH1,alanine,Mono,1,0.9932,0.9214
A0A1C5MIH1,alanine,Tri,1,0.905,0.8636
A0A1C5MIH1,arginine,Di,0,0.0812,0.0529
A0A1C5MIH1,arginine,Mono,0,0.0435,0.0529
A0A1C5MIH1,arginine,Tri,0,0.1618,0.1127
A0A1C5MIH1,asparagine,Di,0,0.1434,0.0915
A0A1C5MIH1,asparagine,Mono,0,0.1377,0.0915
A0A1C5MIH1,asparagine,Tri,1,0.9619,0.9023
A0A1C5MIH1,cadaverine,Di,0,0.0117,0.0114
A0A1C5MIH1,cadaverine,Mono,0,0.0047,0.0101
A0A1C5MIH1,cadaverine,Tri,0,0.0384,0.0529
A0A1C5MIH1,citrulline,Di,0,0.4592,0.3936
A0A1C5MIH1,citrulline,Mono,0,0.2352,0.1455
A0A1C5MIH1,citrulline,Tri,0,0.1956,0.1127
A0A1C5MIH1,cystine,Di,0,0.0651,0.0529
A0A1C5MIH1,cystine,Mono,0,0.0244,0.0391
A0A1C5MIH1,cystine,Tri,0,0.1306,0.0915
A0A1C5MIH1,dopamine,Di,0,0.3068,0.2692
A0A1C5MIH1,dopamine,Mono,0,0.0595,0.0529
A0A1C5MIH1,dopamine,Tri,1,0.9033,0.8636
A0A1C5MIH1,gaba,Di,1,0.9956,0.9214
A0A1C5MIH1,gaba,Mono,1,0.997,1.0
A0A1C5MIH1,gaba,Tri,1,0.9965,0.925
A0A1C5MIH1,glutamine,Di,0,0.6101,0.4638
A0A1C5MIH1,glutamine,Mono,0,0.9505,0.9023
A0A1C5MIH1,glutamine,Tri,0,0.4785,0.4014
A0A1C5MIH1,glyglycine,Di,0,0.0968,0.0915
A0A1C5MIH1,glyglycine,Mono,0,0.0627,0.0529
A0A1C5MIH1,glyglycine,Tri,0,0.2565,0.1757
A0A1C5MIH1,histidine,Di,0,0.0285,0.0391
A0A1C5MIH1,histidine,Mono,0,0.0225,0.0345
A0A1C5MIH1,histidine,Tri,0,0.1106,0.0915
A0A1C5MIH1,lysine,Di,1,0.6752,0.5287
A0A1C5MIH1,lysine,Mono,0,0.3182,0.2692
A0A1C5MIH1,lysine,Tri,0,0.1783,0.1127
A0A1C5MIH1,methionine,Di,0,0.59,0.4638
A0A1C5MIH1,methionine,Mono,0,0.6067,0.4638
A0A1C5MIH1,methionine,Tri,1,0.5922,0.4638
A0A1C5MIH1,ornithine,Di,0,0.4883,0.4014
A0A1C5MIH1,ornithine,Mono,0,0.2764,0.1915
A0A1C5MIH1,ornithine,Tri,0,0.1217,0.0915
A0A1C5MIH1,phenylalanine,Di,1,0.9864,0.9214
A0A1C5MIH1,phenylalanine,Mono,1,0.6447,0.5287
A0A1C5MIH1,phenylalanine,Tri,1,0.9936,0.9214
A0A1C5MIH1,proline,Di,0,0.0329,0.0409
A0A1C5MIH1,proline,Mono,0,0.0411,0.0529
A0A1C5MIH1,proline,Tri,0,0.1185,0.0915
A0A1C5MIH1,putrescine,Di,0,0.0113,0.0114
A0A1C5MIH1,putrescine,Mono,0,0.0043,0.0101
A0A1C5MIH1,putrescine,Tri,0,0.036,0.0409
A0A1C5MIH1,serine,Di,1,0.6849,0.5287
A0A1C5MIH1,serine,Mono,1,0.8243,0.7
A0A1C5MIH1,serine,Tri,0,0.6385,0.5
A0A1C5MIH1,serotonin,Di,0,0.0393,0.0529
A0A1C5MIH1,serotonin,Mono,0,0.6279,0.4857
A0A1C5MIH1,serotonin,Tri,0,0.0723,0.0529
A0A1C5MIH1,threonine,Di,1,0.6695,0.5287
A0A1C5MIH1,threonine,Mono,0,0.8223,0.7
A0A1C5MIH1,threonine,Tri,0,0.0828,0.0529
A0A1C5MIH1,tryptamine,Di,0,0.005,0.0101
A0A1C5MIH1,tryptamine,Mono,0,0.0016,0.0023
A0A1C5MIH1,tryptamine,Tri,0,0.0252,0.0391
A0A1C5MIH1,tyramine,Di,0,0.0421,0.0529
A0A1C5MIH1,tyramine,Mono,1,0.5631,0.4231
A0A1C5MIH1,tyramine,Tri,0,0.0889,0.0529
A0A1C5MV31,"2,3_diaminopropionic acid",Di,0,0.3319,0.2692
A0A1C5MV31,"2,3_diaminopropionic acid",Mono,0,0.128,0.0915
A0A1C5MV31,"2,3_diaminopropionic acid",Tri,1,0.846,0.7
A0A1C5MV31,2_aminophenol,Di,1,0.9694,0.9082
A0A1C5MV31,2_aminophenol,Mono,1,0.628,0.4857
A0A1C5MV31,2_aminophenol,Tri,1,0.912,0.8636
A0A1C5MV31,3_methoxytyramine,Di,0,0.2601,0.1875
A0A1C5MV31,3_methoxytyramine,Mono,0,0.018,0.0202
A0A1C5MV31,3_methoxytyramine,Tri,0,0.1657,0.1127
A0A1C5MV31,alanine,Di,1,0.9893,0.9214
A0A1C5MV31,alanine,Mono,1,0.9814,0.9082
A0A1C5MV31,alanine,Tri,1,0.8781,0.75
A0A1C5MV31,arginine,Di,0,0.0953,0.0714
A0A1C5MV31,arginine,Mono,0,0.0261,0.0391
A0A1C5MV31,arginine,Tri,0,0.156,0.1127
A0A1C5MV31,asparagine,Di,0,0.1505,0.1127
A0A1C5MV31,asparagine,Mono,0,0.104,0.0915
A0A1C5MV31,asparagine,Tri,1,0.935,0.8636
A0A1C5MV31,cadaverine,Di,0,0.015,0.0202
A0A1C5MV31,cadaverine,Mono,0,0.0043,0.0101
A0A1C5MV31,cadaverine,Tri,0,0.0543,0.0529
A0A1C5MV31,citrulline,Di,1,0.433,0.3936
A0A1C5MV31,citrulline,Mono,0,0.1224,0.0915
A0A1C5MV31,citrulline,Tri,0,0.1579,0.1127
A0A1C5MV31,cystine,Di,0,0.0468,0.0529
A0A1C5MV31,cystine,Mono,0,0.0093,0.0101
A0A1C5MV31,cystine,Tri,0,0.0511,0.0529
A0A1C5MV31,dopamine,Di,0,0.4656,0.3936
A0A1C5MV31,dopamine,Mono,0,0.0892,0.0529
A0A1C5MV31,dopamine,Tri,1,0.9256,0.8636
A0A1C5MV31,gaba,Di,1,0.9892,0.9214
A0A1C5MV31,gaba,Mono,1,0.9869,0.9214
A0A1C5MV31,gaba,Tri,1,0.9916,0.9214
A0A1C5MV31,glutamine,Di,0,0.4952,0.4014
A0A1C5MV31,glutamine,Mono,0,0.8326,0.7
A0A1C5MV31,glutamine,Tri,0,0.3508,0.28
A0A1C5MV31,glyglycine,Di,0,0.0648,0.0529
A0A1C5MV31,glyglycine,Mono,0,0.0327,0.0409
A0A1C5MV31,glyglycine,Tri,1,0.1213,0.0915
A0A1C5MV31,histidine,Di,0,0.0199,0.0301
A0A1C5MV31,histidine,Mono,0,0.008,0.0101
A0A1C5MV31,histidine,Tri,0,0.047,0.0529
A0A1C5MV31,lysine,Di,1,0.7282,0.5287
A0A1C5MV31,lysine,Mono,0,0.2881,0.2692
A0A1C5MV31,lysine,Tri,0,0.2482,0.1757
A0A1C5MV31,methionine,Di,0,0.6636,0.5287
A0A1C5MV31,methionine,Mono,1,0.5393,0.4014
A0A1C5MV31,methionine,Tri,1,0.6113,0.4638
A0A1C5MV31,ornithine,Di,1,0.5389,0.4014
A0A1C5MV31,ornithine,Mono,0,0.2421,0.1757
A0A1C5MV31,ornithine,Tri,0,0.169,0.1127
A0A1C5MV31,phenylalanine,Di,1,0.9873,0.9214
A0A1C5MV31,phenylalanine,Mono,1,0.56,0.4231
A0A1C5MV31,phenylalanine,Tri,1,0.9888,0.9214
A0A1C5MV31,proline,Di,0,0.0265,0.0391
A0A1C5MV31,proline,Mono,0,0.0225,0.0345
A0A1C5MV31,proline,Tri,0,0.1333,0.0915
A0A1C5MV31,putrescine,Di,0,0.0151,0.0202
A0A1C5MV31,putrescine,Mono,0,0.0042,0.0101
A0A1C5MV31,putrescine,Tri,0,0.0533,0.0529
A0A1C5MV31,serine,Di,1,0.6242,0.4857
A0A1C5MV31,serine,Mono,1,0.7286,0.5287
A0A1C5MV31,serine,Tri,0,0.5638,0.4231
A0A1C5MV31,serotonin,Di,0,0.0357,0.0409
A0A1C5MV31,serotonin,Mono,1,0.4807,0.4014
A0A1C5MV31,serotonin,Tri,0,0.0511,0.0529
A0A1C5MV31,threonine,Di,1,0.5102,0.4014
A0A1C5MV31,threonine,Mono,1,0.577,0.4638
A0A1C5MV31,threonine,Tri,0,0.0698,0.0529
A0A1C5MV31,tryptamine,Di,0,0.0045,0.0101
A0A1C5MV31,tryptamine,Mono,0,0.001,0.0023
A0A1C5MV31,tryptamine,Tri,0,0.0187,0.0202
A0A1C5MV31,tyramine,Di,0,0.085,0.0529
A0A1C5MV31,tyramine,Mono,1,0.6192,0.4706
A0A1C5MV31,tyramine,Tri,0,0.1203,0.0915
A0A1C5PCN0,"2,3_diaminopropionic acid",Di,0,0.3824,0.2815
A0A1C5PCN0,"2,3_diaminopropionic acid",Mono,0,0.185,0.1127
A0A1C5PCN0,"2,3_diaminopropionic acid",Tri,1,0.8989,0.8571
A0A1C5PCN0,2_aminophenol,Di,1,0.981,0.9082
A0A1C5PCN0,2_aminophenol,Mono,0,0.7491,0.5287
A0A1C5PCN0,2_aminophenol,Tri,1,0.9486,0.9023
A0A1C5PCN0,3_methoxytyramine,Di,0,0.2596,0.1757
A0A1C5PCN0,3_methoxytyramine,Mono,0,0.0181,0.0202
A0A1C5PCN0,3_methoxytyramine,Tri,0,0.1761,0.1127
A0A1C5PCN0,alanine,Di,1,0.9952,0.9214
A0A1C5PCN0,alanine,Mono,1,0.9938,0.9214
A0A1C5PCN0,alanine,Tri,1,0.9344,0.8636
A0A1C5PCN0,arginine,Di,0,0.1245,0.0915
A0A1C5PCN0,arginine,Mono,0,0.039,0.0529
A0A1C5PCN0,arginine,Tri,1,0.1815,0.1127
A0A1C5PCN0,asparagine,Di,0,0.1645,0.1127
A0A1C5PCN0,asparagine,Mono,0,0.1358,0.0915
A0A1C5PCN0,asparagine,Tri,1,0.9512,0.9023
A0A1C5PCN0,cadaverine,Di,0,0.0165,0.0202
A0A1C5PCN0,cadaverine,Mono,0,0.0063,0.0101
A0A1C5PCN0,cadaverine,Tri,0,0.0451,0.0529
A0A1C5PCN0,citrulline,Di,1,0.5282,0.4014
A0A1C5PCN0,citrulline,Mono,0,0.2244,0.1127
A0A1C5PCN0,citrulline,Tri,1,0.2036,0.1127
A0A1C5PCN0,cystine,Di,0,0.08,0.0529
A0A1C5PCN0,cystine,Mono,0,0.0238,0.0391
A0A1C5PCN0,cystine,Tri,1,0.0954,0.0915
A0A1C5PCN0,dopamine,Di,0,0.4344,0.3936
A0A1C5PCN0,dopamine,Mono,0,0.0958,0.0915
A0A1C5PCN0,dopamine,Tri,1,0.9356,0.8636
A0A1C5PCN0,gaba,Di,1,0.995,0.9214
A0A1C5PCN0,gaba,Mono,1,0.9963,0.925
A0A1C5PCN0,gaba,Tri,1,0.9953,0.9214
A0A1C5PCN0,glutamine,Di,1,0.6398,0.5
A0A1C5PCN0,glutamine,Mono,1,0.936,0.8636
A0A1C5PCN0,glutamine,Tri,1,0.4168,0.2815
A0A1C5PCN0,glyglycine,Di,0,0.1554,0.1127
A0A1C5PCN0,glyglycine,Mono,0,0.1059,0.0915
A0A1C5PCN0,glyglycine,Tri,1,0.3472,0.28
A0A1C5PCN0,histidine,Di,0,0.0261,0.0391
A0A1C5PCN0,histidine,Mono,0,0.0155,0.0202
A0A1C5PCN0,histidine,Tri,1,0.0825,0.0529
A0A1C5PCN0,lysine,Di,1,0.7161,0.5287
A0A1C5PCN0,lysine,Mono,0,0.351,0.28
A0A1C5PCN0,lysine,Tri,0,0.2235,0.1127
A0A1C5PCN0,methionine,Di,1,0.753,0.5287
A0A1C5PCN0,methionine,Mono,1,0.7412,0.5287
A0A1C5PCN0,methionine,Tri,1,0.7176,0.5287
A0A1C5PCN0,ornithine,Di,1,0.6306,0.4857
A0A1C5PCN0,ornithine,Mono,0,0.3574,0.2815
A0A1C5PCN0,ornithine,Tri,0,0.1943,0.1127
A0A1C5PCN0,phenylalanine,Di,1,0.9927,0.9214
A0A1C5PCN0,phenylalanine,Mono,1,0.7725,0.5287
A0A1C5PCN0,phenylalanine,Tri,1,0.995,0.9214
A0A1C5PCN0,proline,Di,0,0.0345,0.0409
A0A1C5PCN0,proline,Mono,0,0.036,0.0409
A0A1C5PCN0,proline,Tri,0,0.1355,0.0915
A0A1C5PCN0,putrescine,Di,0,0.0156,0.0202
A0A1C5PCN0,putrescine,Mono,0,0.0057,0.0101
A0A1C5PCN0,putrescine,Tri,0,0.0411,0.0529
A0A1C5PCN0,serine,Di,1,0.7475,0.5287
A0A1C5PCN0,serine,Mono,1,0.8551,0.7
A0A1C5PCN0,serine,Tri,1,0.6921,0.5287
A0A1C5PCN0,serotonin,Di,0,0.0395,0.0529
A0A1C5PCN0,serotonin,Mono,1,0.6131,0.4706
A0A1C5PCN0,serotonin,Tri,0,0.0555,0.0529
A0A1C5PCN0,threonine,Di,1,0.7658,0.5287
A0A1C5PCN0,threonine,Mono,1,0.8625,0.7
A0A1C5PCN0,threonine,Tri,0,0.123,0.0915
A0A1C5PCN0,tryptamine,Di,0,0.0049,0.0101
A0A1C5PCN0,tryptamine,Mono,0,0.0013,0.0023
A0A1C5PCN0,tryptamine,Tri,0,0.0175,0.0202
A0A1C5PCN0,tyramine,Di,0,0.0729,0.0529
A0A1C5PCN0,tyramine,Mono,1,0.6914,0.5287
A0A1C5PCN0,tyramine,Tri,0,0.1183,0.0915
A0A1C5QNJ0,"2,3_diaminopropionic acid",Di,0,0.4581,0.3936
A0A1C5QNJ0,"2,3_diaminopropionic acid",Mono,0,0.2321,0.1455
A0A1C5QNJ0,"2,3_diaminopropionic acid",Tri,1,0.9009,0.8571
A0A1C5QNJ0,2_aminophenol,Di,1,0.9871,0.9214
A0A1C5QNJ0,2_aminophenol,Mono,0,0.842,0.7
A0A1C5QNJ0,2_aminophenol,Tri,1,0.9643,0.9023
A0A1C5QNJ0,3_methoxytyramine,Di,0,0.3253,0.2692
A0A1C5QNJ0,3_methoxytyramine,Mono,0,0.0321,0.0409
A0A1C5QNJ0,3_methoxytyramine,Tri,0,0.2685,0.1875
A0A1C5QNJ0,alanine,Di,1,0.9961,0.925
A0A1C5QNJ0,alanine,Mono,1,0.9937,0.9214
A0A1C5QNJ0,alanine,Tri,1,0.9403,0.8696
A0A1C5QNJ0,arginine,Di,0,0.2351,0.1455
A0A1C5QNJ0,arginine,Mono,0,0.0724,0.0529
A0A1C5QNJ0,arginine,Tri,0,0.2643,0.1875
A0A1C5QNJ0,asparagine,Di,0,0.2827,0.1915
A0A1C5QNJ0,asparagine,Mono,0,0.2306,0.1455
A0A1C5QNJ0,asparagine,Tri,1,0.9772,0.9082
A0A1C5QNJ0,cadaverine,Di,0,0.0333,0.0409
A0A1C5QNJ0,cadaverine,Mono,0,0.0104,0.0101
A0A1C5QNJ0,cadaverine,Tri,0,0.0804,0.0529
A0A1C5QNJ0,citrulline,Di,0,0.687,0.5287
A0A1C5QNJ0,citrulline,Mono,0,0.2874,0.2692
A0A1C5QNJ0,citrulline,Tri,0,0.284,0.1915
A0A1C5QNJ0,cystine,Di,0,0.1195,0.0915
A0A1C5QNJ0,cystine,Mono,0,0.0326,0.0409
A0A1C5QNJ0,cystine,Tri,0,0.1444,0.0915
A0A1C5QNJ0,dopamine,Di,0,0.5927,0.4638
A0A1C5QNJ0,dopamine,Mono,0,0.1787,0.1127
A0A1C5QNJ0,dopamine,Tri,1,0.9583,0.9023
A0A1C5QNJ0,gaba,Di,1,0.9972,1.0
A0A1C5QNJ0,gaba,Mono,1,0.9972,1.0
A0A1C5QNJ0,gaba,Tri,1,0.9975,1.0
A0A1C5QNJ0,glutamine,Di,0,0.7682,0.5287
A0A1C5QNJ0,glutamine,Mono,1,0.9486,0.9023
A0A1C5QNJ0,glutamine,Tri,0,0.6001,0.4638
A0A1C5QNJ0,glyglycine,Di,0,0.1269,0.0915
A0A1C5QNJ0,glyglycine,Mono,0,0.0744,0.0529
A0A1C5QNJ0,glyglycine,Tri,1,0.2457,0.1757
A0A1C5QNJ0,histidine,Di,0,0.019,0.0202
A0A1C5QNJ0,histidine,Mono,0,0.0119,0.0114
A0A1C5QNJ0,histidine,Tri,0,0.0637,0.0529
A0A1C5QNJ0,lysine,Di,1,0.8843,0.8235
A0A1C5QNJ0,lysine,Mono,0,0.4868,0.4014
A0A1C5QNJ0,lysine,Tri,0,0.3472,0.28
A0A1C5QNJ0,methionine,Di,0,0.7797,0.5287
A0A1C5QNJ0,methionine,Mono,0,0.7105,0.5287
A0A1C5QNJ0,methionine,Tri,1,0.7137,0.5287
A0A1C5QNJ0,ornithine,Di,0,0.6964,0.5287
A0A1C5QNJ0,ornithine,Mono,0,0.3507,0.28
A0A1C5QNJ0,ornithine,Tri,0,0.2063,0.1127
A0A1C5QNJ0,phenylalanine,Di,1,0.9939,0.9214
A0A1C5QNJ0,phenylalanine,Mono,0,0.8175,0.7
A0A1C5QNJ0,phenylalanine,Tri,1,0.9959,0.925
A0A1C5QNJ0,proline,Di,0,0.0804,0.0529
A0A1C5QNJ0,proline,Mono,0,0.0888,0.0529
A0A1C5QNJ0,proline,Tri,0,0.2909,0.2692
A0A1C5QNJ0,putrescine,Di,0,0.034,0.0409
A0A1C5QNJ0,putrescine,Mono,0,0.0101,0.0101
A0A1C5QNJ0,putrescine,Tri,0,0.0791,0.0529
A0A1C5QNJ0,serine,Di,1,0.8267,0.7
A0A1C5QNJ0,serine,Mono,1,0.9036,0.8636
A0A1C5QNJ0,serine,Tri,1,0.7437,0.5287
A0A1C5QNJ0,serotonin,Di,0,0.0741,0.0529
A0A1C5QNJ0,serotonin,Mono,0,0.6733,0.5287
A0A1C5QNJ0,serotonin,Tri,0,0.1017,0.0915
A0A1C5QNJ0,threonine,Di,0,0.7113,0.5287
A0A1C5QNJ0,threonine,Mono,1,0.7984,0.6667
A0A1C5QNJ0,threonine,Tri,0,0.0993,0.0915
A0A1C5QNJ0,tryptamine,Di,0,0.0083,0.0101
A0A1C5QNJ0,tryptamine,Mono,0,0.0024,0.0101
A0A1C5QNJ0,tryptamine,Tri,0,0.0276,0.0391
A0A1C5QNJ0,tyramine,Di,0,0.1327,0.0915
A0A1C5QNJ0,tyramine,Mono,1,0.7092,0.5287
A0A1C5QNJ0,tyramine,Tri,0,0.2008,0.1127
A0A1C5S406,"2,3_diaminopropionic acid",Di,0,0.0453,0.0529
A0A1C5S406,"2,3_diaminopropionic acid",Mono,0,0.0157,0.0202
A0A1C5S406,"2,3_diaminopropionic acid",Tri,1,0.232,0.1455
A0A1C5S406,2_aminophenol,Di,0,0.9233,0.8636
A0A1C5S406,2_aminophenol,Mono,0,0.3039,0.2692
A0A1C5S406,2_aminophenol,Tri,1,0.6645,0.5287
A0A1C5S406,3_methoxytyramine,Di,0,0.0529,0.0529
A0A1C5S406,3_methoxytyramine,Mono,0,0.0034,0.0101
A0A1C5S406,3_methoxytyramine,Tri,0,0.0345,0.0409
A0A1C5S406,alanine,Di,1,0.9786,0.9082
A0A1C5S406,alanine,Mono,1,0.9626,0.9023
A0A1C5S406,alanine,Tri,1,0.4532,0.3936
A0A1C5S406,arginine,Di,0,0.0108,0.0101
A0A1C5S406,arginine,Mono,0,0.0041,0.0101
A0A1C5S406,arginine,Tri,0,0.0115,0.0114
A0A1C5S406,asparagine,Di,0,0.076,0.0529
A0A1C5S406,asparagine,Mono,0,0.0892,0.0529
A0A1C5S406,asparagine,Tri,1,0.9162,0.8636
A0A1C5S406,cadaverine,Di,0,0.0027,0.0101
A0A1C5S406,cadaverine,Mono,0,0.0009,0.0023
A0A1C5S406,cadaverine,Tri,0,0.0064,0.0101
A0A1C5S406,citrulline,Di,0,0.0238,0.0391
A0A1C5S406,citrulline,Mono,0,0.0067,0.0101
A0A1C5S406,citrulline,Tri,0,0.0055,0.0101
A0A1C5S406,cystine,Di,0,0.0104,0.0101
A0A1C5S406,cystine,Mono,0,0.0026,0.0101
A0A1C5S406,cystine,Tri,0,0.01,0.0101
A0A1C5S406,dopamine,Di,0,0.1775,0.1127
A0A1C5S406,dopamine,Mono,0,0.0192,0.0202
A0A1C5S406,dopamine,Tri,1,0.8342,0.7
A0A1C5S406,gaba,Di,1,0.9792,0.9082
A0A1C5S406,gaba,Mono,1,0.9866,0.9214
A0A1C5S406,gaba,Tri,1,0.9798,0.9082
A0A1C5S406,glutamine,Di,0,0.1741,0.1127
A0A1C5S406,glutamine,Mono,0,0.8812,0.75
A0A1C5S406,glutamine,Tri,0,0.0968,0.0915
A0A1C5S406,glyglycine,Di,0,0.0107,0.0101
A0A1C5S406,glyglycine,Mono,0,0.0054,0.0101
A0A1C5S406,glyglycine,Tri,1,0.0158,0.0202
A0A1C5S406,histidine,Di,0,0.0047,0.0101
A0A1C5S406,histidine,Mono,0,0.0018,0.0023
A0A1C5S406,histidine,Tri,0,0.0094,0.0101
A0A1C5S406,lysine,Di,1,0.0694,0.0529
A0A1C5S406,lysine,Mono,0,0.0166,0.0202
A0A1C5S406,lysine,Tri,0,0.0079,0.0101
A0A1C5S406,methionine,Di,0,0.0922,0.0714
A0A1C5S406,methionine,Mono,0,0.0704,0.0529
A0A1C5S406,methionine,Tri,1,0.0414,0.0529
A0A1C5S406,ornithine,Di,0,0.0836,0.0529
A0A1C5S406,ornithine,Mono,0,0.0275,0.0391
A0A1C5S406,ornithine,Tri,0,0.0114,0.0114
A0A1C5S406,phenylalanine,Di,1,0.9649,0.9023
A0A1C5S406,phenylalanine,Mono,0,0.2001,0.1127
A0A1C5S406,phenylalanine,Tri,1,0.9673,0.9082
A0A1C5S406,proline,Di,0,0.0062,0.0101
A0A1C5S406,proline,Mono,0,0.0073,0.0101
A0A1C5S406,proline,Tri,0,0.0208,0.0301
A0A1C5S406,putrescine,Di,0,0.0025,0.0101
A0A1C5S406,putrescine,Mono,0,0.0008,0.0023
A0A1C5S406,putrescine,Tri,0,0.0057,0.0101
A0A1C5S406,serine,Di,1,0.1666,0.1127
A0A1C5S406,serine,Mono,1,0.2604,0.1875
A0A1C5S406,serine,Tri,0,0.1104,0.0915
A0A1C5S406,serotonin,Di,0,0.0091,0.0101
A0A1C5S406,serotonin,Mono,0,0.1392,0.0915
A0A1C5S406,serotonin,Tri,0,0.0089,0.0101
A0A1C5S406,threonine,Di,0,0.0526,0.0529
A0A1C5S406,threonine,Mono,1,0.0884,0.0529
A0A1C5S406,threonine,Tri,0,0.0021,0.0023
A0A1C5S406,tryptamine,Di,0,0.0037,0.0101
A0A1C5S406,tryptamine,Mono,0,0.0005,0.0
A0A1C5S406,tryptamine,Tri,0,0.0076,0.0101
A0A1C5S406,tyramine,Di,0,0.0157,0.0202
A0A1C5S406,tyramine,Mono,1,0.134,0.0915
A0A1C5S406,tyramine,Tri,0,0.0223,0.0301
A0A1C5V0T2,"2,3_diaminopropionic acid",Di,0,0.4115,0.2815
A0A1C5V0T2,"2,3_diaminopropionic acid",Mono,0,0.1929,0.1127
A0A1C5V0T2,"2,3_diaminopropionic acid",Tri,1,0.9102,0.8636
A0A1C5V0T2,2_aminophenol,Di,1,0.9863,0.9214
A0A1C5V0T2,2_aminophenol,Mono,0,0.7904,0.5287
A0A1C5V0T2,2_aminophenol,Tri,1,0.9661,0.9082
A0A1C5V0T2,3_methoxytyramine,Di,0,0.3384,0.28
A0A1C5V0T2,3_methoxytyramine,Mono,0,0.0216,0.0301
A0A1C5V0T2,3_methoxytyramine,Tri,0,0.244,0.1757
A0A1C5V0T2,alanine,Di,1,0.9948,0.9214
A0A1C5V0T2,alanine,Mono,1,0.9913,0.9214
A0A1C5V0T2,alanine,Tri,1,0.9357,0.8636
A0A1C5V0T2,arginine,Di,0,0.1615,0.1127
A0A1C5V0T2,arginine,Mono,0,0.0557,0.0529
A0A1C5V0T2,arginine,Tri,0,0.2707,0.1915
A0A1C5V0T2,asparagine,Di,0,0.2561,0.1757
A0A1C5V0T2,asparagine,Mono,0,0.1967,0.1127
A0A1C5V0T2,asparagine,Tri,1,0.9839,0.9214
A0A1C5V0T2,cadaverine,Di,0,0.028,0.0391
A0A1C5V0T2,cadaverine,Mono,0,0.008,0.0101
A0A1C5V0T2,cadaverine,Tri,0,0.0684,0.0529
A0A1C5V0T2,citrulline,Di,0,0.5326,0.4014
A0A1C5V0T2,citrulline,Mono,0,0.1911,0.1127
A0A1C5V0T2,citrulline,Tri,0,0.2316,0.1455
A0A1C5V0T2,cystine,Di,0,0.1086,0.0915
A0A1C5V0T2,cystine,Mono,0,0.0269,0.0391
A0A1C5V0T2,cystine,Tri,0,0.1414,0.0915
A0A1C5V0T2,dopamine,Di,0,0.5938,0.4638
A0A1C5V0T2,dopamine,Mono,0,0.1074,0.0915
A0A1C5V0T2,dopamine,Tri,1,0.9612,0.9023
A0A1C5V0T2,gaba,Di,1,0.9963,0.925
A0A1C5V0T2,gaba,Mono,1,0.9961,0.925
A0A1C5V0T2,gaba,Tri,1,0.9969,1.0
A0A1C5V0T2,glutamine,Di,0,0.7487,0.5287
A0A1C5V0T2,glutamine,Mono,0,0.9413,0.8696
A0A1C5V0T2,glutamine,Tri,0,0.5715,0.4231
A0A1C5V0T2,glyglycine,Di,0,0.1325,0.0915
A0A1C5V0T2,glyglycine,Mono,0,0.0722,0.0529
A0A1C5V0T2,glyglycine,Tri,0,0.2476,0.1757
A0A1C5V0T2,histidine,Di,0,0.0171,0.0202
A0A1C5V0T2,histidine,Mono,0,0.0085,0.0101
A0A1C5V0T2,histidine,Tri,0,0.0532,0.0529
A0A1C5V0T2,lysine,Di,1,0.8609,0.7
A0A1C5V0T2,lysine,Mono,0,0.4452,0.3936
A0A1C5V0T2,lysine,Tri,0,0.3384,0.28
A0A1C5V0T2,methionine,Di,0,0.7112,0.5287
A0A1C5V0T2,methionine,Mono,0,0.6052,0.4638
A0A1C5V0T2,methionine,Tri,0,0.6191,0.4706
A0A1C5V0T2,ornithine,Di,0,0.6568,0.5287
A0A1C5V0T2,ornithine,Mono,0,0.3546,0.2815
A0A1C5V0T2,ornithine,Tri,0,0.2377,0.1455
A0A1C5V0T2,phenylalanine,Di,1,0.9938,0.9214
A0A1C5V0T2,phenylalanine,Mono,1,0.7075,0.5287
A0A1C5V0T2,phenylalanine,Tri,1,0.996,0.925
A0A1C5V0T2,proline,Di,0,0.0509,0.0529
A0A1C5V0T2,proline,Mono,0,0.0521,0.0529
A0A1C5V0T2,proline,Tri,0,0.2123,0.1127
A0A1C5V0T2,putrescine,Di,0,0.0271,0.0391
A0A1C5V0T2,putrescine,Mono,0,0.0074,0.0101
A0A1C5V0T2,putrescine,Tri,0,0.064,0.0529
A0A1C5V0T2,serine,Di,1,0.7996,0.7
A0A1C5V0T2,serine,Mono,1,0.8655,0.7
A0A1C5V0T2,serine,Tri,0,0.7471,0.5287
A0A1C5V0T2,serotonin,Di,0,0.0495,0.0529
A0A1C5V0T2,serotonin,Mono,0,0.6033,0.4638
A0A1C5V0T2,serotonin,Tri,0,0.0597,0.0529
A0A1C5V0T2,threonine,Di,1,0.6538,0.5287
A0A1C5V0T2,threonine,Mono,1,0.7249,0.5287
A0A1C5V0T2,threonine,Tri,0,0.0908,0.0529
A0A1C5V0T2,tryptamine,Di,0,0.008,0.0101
A0A1C5V0T2,tryptamine,Mono,0,0.0021,0.0023
A0A1C5V0T2,tryptamine,Tri,0,0.0258,0.0391
A0A1C5V0T2,tyramine,Di,0,0.0837,0.0529
A0A1C5V0T2,tyramine,Mono,1,0.6422,0.5287
A0A1C5V0T2,tyramine,Tri,0,0.1186,0.0915
A0A1C5VKY6,"2,3_diaminopropionic acid",Di,0,0.2468,0.1757
A0A1C5VKY6,"2,3_diaminopropionic acid",Mono,0,0.1425,0.0915
A0A1C5VKY6,"2,3_diaminopropionic acid",Tri,1,0.8499,0.7
A0A1C5VKY6,2_aminophenol,Di,1,0.9807,0.9082
A0A1C5VKY6,2_aminophenol,Mono,0,0.7382,0.5287
A0A1C5VKY6,2_aminophenol,Tri,1,0.9603,0.9023
A0A1C5VKY6,3_methoxytyramine,Di,0,0.198,0.1127
A0A1C5VKY6,3_methoxytyramine,Mono,0,0.0208,0.0301
A0A1C5VKY6,3_methoxytyramine,Tri,0,0.1955,0.1127
A0A1C5VKY6,alanine,Di,1,0.993,0.9214
A0A1C5VKY6,alanine,Mono,1,0.9926,0.9214
A0A1C5VKY6,alanine,Tri,1,0.9252,0.8636
A0A1C5VKY6,arginine,Di,0,0.0668,0.0529
A0A1C5VKY6,arginine,Mono,0,0.0268,0.0391
A0A1C5VKY6,arginine,Tri,0,0.1241,0.0915
A0A1C5VKY6,asparagine,Di,0,0.1254,0.0915
A0A1C5VKY6,asparagine,Mono,0,0.1029,0.0915
A0A1C5VKY6,asparagine,Tri,1,0.9284,0.8636
A0A1C5VKY6,cadaverine,Di,0,0.008,0.0101
A0A1C5VKY6,cadaverine,Mono,0,0.0038,0.0101
A0A1C5VKY6,cadaverine,Tri,0,0.0339,0.0409
A0A1C5VKY6,citrulline,Di,0,0.2874,0.2692
A0A1C5VKY6,citrulline,Mono,0,0.104,0.0915
A0A1C5VKY6,citrulline,Tri,0,0.0834,0.0529
A0A1C5VKY6,cystine,Di,0,0.0512,0.0529
A0A1C5VKY6,cystine,Mono,0,0.0201,0.0301
A0A1C5VKY6,cystine,Tri,0,0.0813,0.0529
A0A1C5VKY6,dopamine,Di,0,0.3239,0.2692
A0A1C5VKY6,dopamine,Mono,0,0.0793,0.0529
A0A1C5VKY6,dopamine,Tri,1,0.9237,0.8636
A0A1C5VKY6,gaba,Di,1,0.9913,0.9214
A0A1C5VKY6,gaba,Mono,1,0.9944,0.9214
A0A1C5VKY6,gaba,Tri,1,0.9946,0.9214
A0A1C5VKY6,glutamine,Di,1,0.5898,0.4638
A0A1C5VKY6,glutamine,Mono,1,0.9179,0.8636
A0A1C5VKY6,glutamine,Tri,0,0.3669,0.2815
A0A1C5VKY6,glyglycine,Di,0,0.0938,0.0714
A0A1C5VKY6,glyglycine,Mono,0,0.0728,0.0529
A0A1C5VKY6,glyglycine,Tri,1,0.2262,0.1455
A0A1C5VKY6,histidine,Di,0,0.0167,0.0202
A0A1C5VKY6,histidine,Mono,0,0.0129,0.0137
A0A1C5VKY6,histidine,Tri,1,0.0553,0.0529
A0A1C5VKY6,lysine,Di,1,0.5868,0.4638
A0A1C5VKY6,lysine,Mono,0,0.237,0.1455
A0A1C5VKY6,lysine,Tri,0,0.1408,0.0915
A0A1C5VKY6,methionine,Di,0,0.6935,0.5287
A0A1C5VKY6,methionine,Mono,1,0.712,0.5287
A0A1C5VKY6,methionine,Tri,1,0.6458,0.5287
A0A1C5VKY6,ornithine,Di,0,0.3716,0.2815
A0A1C5VKY6,ornithine,Mono,0,0.1839,0.1127
A0A1C5VKY6,ornithine,Tri,0,0.0995,0.0915
A0A1C5VKY6,phenylalanine,Di,1,0.9874,0.9214
A0A1C5VKY6,phenylalanine,Mono,1,0.6688,0.5287
A0A1C5VKY6,phenylalanine,Tri,1,0.9918,0.9214
A0A1C5VKY6,proline,Di,0,0.0185,0.0202
A0A1C5VKY6,proline,Mono,0,0.02,0.0301
A0A1C5VKY6,proline,Tri,0,0.0692,0.0529
A0A1C5VKY6,putrescine,Di,0,0.0077,0.0101
A0A1C5VKY6,putrescine,Mono,0,0.0035,0.0101
A0A1C5VKY6,putrescine,Tri,0,0.0318,0.0409
A0A1C5VKY6,serine,Di,1,0.7051,0.5287
A0A1C5VKY6,serine,Mono,1,0.8168,0.7
A0A1C5VKY6,serine,Tri,1,0.6592,0.5287
A0A1C5VKY6,serotonin,Di,0,0.0314,0.0409
A0A1C5VKY6,serotonin,Mono,0,0.5117,0.4014
A0A1C5VKY6,serotonin,Tri,0,0.0508,0.0529
A0A1C5VKY6,threonine,Di,1,0.7017,0.5287
A0A1C5VKY6,threonine,Mono,1,0.8208,0.7
A0A1C5VKY6,threonine,Tri,0,0.1265,0.0915
A0A1C5VKY6,tryptamine,Di,0,0.0032,0.0101
A0A1C5VKY6,tryptamine,Mono,0,0.001,0.0023
A0A1C5VKY6,tryptamine,Tri,0,0.018,0.0202
A0A1C5VKY6,tyramine,Di,0,0.0712,0.0529
A0A1C5VKY6,tyramine,Mono,1,0.633,0.4857
A0A1C5VKY6,tyramine,Tri,0,0.1467,0.0915
A0A1C5X749,"2,3_diaminopropionic acid",Di,0,0.3704,0.2815
A0A1C5X749,"2,3_diaminopropionic acid",Mono,0,0.1737,0.1127
A0A1C5X749,"2,3_diaminopropionic acid",Tri,0,0.9293,0.8636
A0A1C5X749,2_aminophenol,Di,0,0.9833,0.9214
A0A1C5X749,2_aminophenol,Mono,0,0.8035,0.7
A0A1C5X749,2_aminophenol,Tri,0,0.9602,0.9023
A0A1C5X749,3_methoxytyramine,Di,0,0.3199,0.2692
A0A1C5X749,3_methoxytyramine,Mono,0,0.0297,0.0391
A0A1C5X749,3_methoxytyramine,Tri,0,0.275,0.1915
A0A1C5X749,alanine,Di,0,0.9949,0.9214
A0A1C5X749,alanine,Mono,0,0.9906,0.9214
A0A1C5X749,alanine,Tri,0,0.9296,0.8636
A0A1C5X749,arginine,Di,0,0.1621,0.1127
A0A1C5X749,arginine,Mono,0,0.0436,0.0529
A0A1C5X749,arginine,Tri,0,0.3203,0.2692
A0A1C5X749,asparagine,Di,0,0.245,0.1757
A0A1C5X749,asparagine,Mono,0,0.1887,0.1127
A0A1C5X749,asparagine,Tri,0,0.9782,0.9082
A0A1C5X749,cadaverine,Di,0,0.0286,0.0391
A0A1C5X749,cadaverine,Mono,0,0.0097,0.0101
A0A1C5X749,cadaverine,Tri,0,0.0876,0.0529
A0A1C5X749,citrulline,Di,0,0.6821,0.5287
A0A1C5X749,citrulline,Mono,0,0.2509,0.1757
A0A1C5X749,citrulline,Tri,0,0.3633,0.2815
A0A1C5X749,cystine,Di,0,0.0803,0.0529
A0A1C5X749,cystine,Mono,0,0.019,0.0202
A0A1C5X749,cystine,Tri,0,0.1223,0.0915
A0A1C5X749,dopamine,Di,0,0.485,0.4014
A0A1C5X749,dopamine,Mono,0,0.1133,0.0915
A0A1C5X749,dopamine,Tri,0,0.9433,0.8696
A0A1C5X749,gaba,Di,0,0.9957,0.9214
A0A1C5X749,gaba,Mono,0,0.9946,0.9214
A0A1C5X749,gaba,Tri,0,0.9967,0.925
A0A1C5X749,glutamine,Di,0,0.7229,0.5287
A0A1C5X749,glutamine,Mono,0,0.9105,0.8636
A0A1C5X749,glutamine,Tri,0,0.5611,0.4231
A0A1C5X749,glyglycine,Di,0,0.1281,0.0915
A0A1C5X749,glyglycine,Mono,0,0.0627,0.0529
A0A1C5X749,glyglycine,Tri,0,0.2593,0.1757
A0A1C5X749,histidine,Di,0,0.0185,0.0202
A0A1C5X749,histidine,Mono,0,0.0084,0.0101
A0A1C5X749,histidine,Tri,0,0.0637,0.0529
A0A1C5X749,lysine,Di,0,0.8766,0.7
A0A1C5X749,lysine,Mono,0,0.4515,0.3936
A0A1C5X749,lysine,Tri,0,0.3914,0.2815
A0A1C5X749,methionine,Di,0,0.748,0.5287
A0A1C5X749,methionine,Mono,0,0.5707,0.4231
A0A1C5X749,methionine,Tri,0,0.6781,0.5287
A0A1C5X749,ornithine,Di,0,0.6849,0.5287
A0A1C5X749,ornithine,Mono,0,0.3562,0.2815
A0A1C5X749,ornithine,Tri,0,0.2688,0.1875
A0A1C5X749,phenylalanine,Di,0,0.9917,0.9214
A0A1C5X749,phenylalanine,Mono,0,0.7633,0.5287
A0A1C5X749,phenylalanine,Tri,0,0.9952,0.9214
A0A1C5X749,proline,Di,0,0.0545,0.0529
A0A1C5X749,proline,Mono,0,0.0512,0.0529
A0A1C5X749,proline,Tri,0,0.2284,0.1455
A0A1C5X749,putrescine,Di,0,0.0282,0.0391
A0A1C5X749,putrescine,Mono,0,0.0091,0.0101
A0A1C5X749,putrescine,Tri,0,0.0833,0.0529
A0A1C5X749,serine,Di,0,0.7725,0.5287
A0A1C5X749,serine,Mono,0,0.8614,0.7
A0A1C5X749,serine,Tri,0,0.7209,0.5287
A0A1C5X749,serotonin,Di,0,0.0532,0.0529
A0A1C5X749,serotonin,Mono,0,0.6409,0.5
A0A1C5X749,serotonin,Tri,0,0.0746,0.0529
A0A1C5X749,threonine,Di,0,0.6659,0.5287
A0A1C5X749,threonine,Mono,0,0.7273,0.5287
A0A1C5X749,threonine,Tri,0,0.0992,0.0915
A0A1C5X749,tryptamine,Di,0,0.0054,0.0101
A0A1C5X749,tryptamine,Mono,0,0.0017,0.0023
A0A1C5X749,tryptamine,Tri,0,0.0203,0.0301
A0A1C5X749,tyramine,Di,0,0.1004,0.0915
A0A1C5X749,tyramine,Mono,0,0.736,0.5287
A0A1C5X749,tyramine,Tri,0,0.1497,0.1127
A0A1C6A728,"2,3_diaminopropionic acid",Di,0,0.1759,0.1127
A0A1C6A728,"2,3_diaminopropionic acid",Mono,0,0.0635,0.0529
A0A1C6A728,"2,3_diaminopropionic acid",Tri,1,0.7669,0.5287
A0A1C6A728,2_aminophenol,Di,1,0.9692,0.9082
A0A1C6A728,2_aminophenol,Mono,1,0.5746,0.4638
A0A1C6A728,2_aminophenol,Tri,1,0.9066,0.8636
A0A1C6A728,3_methoxytyramine,Di,0,0.1871,0.1127
A0A1C6A728,3_methoxytyramine,Mono,0,0.0094,0.0101
A0A1C6A728,3_methoxytyramine,Tri,0,0.0975,0.0915
A0A1C6A728,alanine,Di,1,0.9863,0.9214
A0A1C6A728,alanine,Mono,1,0.9772,0.9082
A0A1C6A728,alanine,Tri,1,0.7059,0.5287
A0A1C6A728,arginine,Di,0,0.0368,0.0529
A0A1C6A728,arginine,Mono,0,0.011,0.0101
A0A1C6A728,arginine,Tri,0,0.063,0.0529
A0A1C6A728,asparagine,Di,0,0.0926,0.0714
A0A1C6A728,asparagine,Mono,0,0.0723,0.0529
A0A1C6A728,asparagine,Tri,1,0.9475,0.9023
A0A1C6A728,cadaverine,Di,0,0.0091,0.0101
A0A1C6A728,cadaverine,Mono,0,0.0028,0.0101
A0A1C6A728,cadaverine,Tri,0,0.029,0.0391
A0A1C6A728,citrulline,Di,1,0.2039,0.1127
A0A1C6A728,citrulline,Mono,0,0.053,0.0529
A0A1C6A728,citrulline,Tri,0,0.0644,0.0529
A0A1C6A728,cystine,Di,0,0.023,0.0345
A0A1C6A728,cystine,Mono,0,0.0049,0.0101
A0A1C6A728,cystine,Tri,0,0.0308,0.0409
A0A1C6A728,dopamine,Di,0,0.4286,0.3936
A0A1C6A728,dopamine,Mono,0,0.0538,0.0529
A0A1C6A728,dopamine,Tri,1,0.9083,0.8636
A0A1C6A728,gaba,Di,1,0.9906,0.9214
A0A1C6A728,gaba,Mono,1,0.9903,0.9214
A0A1C6A728,gaba,Tri,1,0.9914,0.9214
A0A1C6A728,glutamine,Di,1,0.2781,0.1915
A0A1C6A728,glutamine,Mono,1,0.8098,0.7
A0A1C6A728,glutamine,Tri,0,0.1447,0.0915
A0A1C6A728,glyglycine,Di,0,0.0384,0.0529
A0A1C6A728,glyglycine,Mono,0,0.0187,0.0202
A0A1C6A728,glyglycine,Tri,0,0.0729,0.0529
A0A1C6A728,histidine,Di,0,0.0053,0.0101
A0A1C6A728,histidine,Mono,0,0.0023,0.0101
A0A1C6A728,histidine,Tri,0,0.0179,0.0202
A0A1C6A728,lysine,Di,1,0.4703,0.4014
A0A1C6A728,lysine,Mono,0,0.1288,0.0915
A0A1C6A728,lysine,Tri,0,0.103,0.0915
A0A1C6A728,methionine,Di,0,0.2757,0.1915
A0A1C6A728,methionine,Mono,1,0.2021,0.1127
A0A1C6A728,methionine,Tri,1,0.2176,0.1127
A0A1C6A728,ornithine,Di,0,0.3768,0.2815
A0A1C6A728,ornithine,Mono,0,0.1458,0.0915
A0A1C6A728,ornithine,Tri,0,0.0998,0.0915
A0A1C6A728,phenylalanine,Di,1,0.982,0.9214
A0A1C6A728,phenylalanine,Mono,1,0.3724,0.2815
A0A1C6A728,phenylalanine,Tri,1,0.9864,0.9214
A0A1C6A728,proline,Di,0,0.0118,0.0114
A0A1C6A728,proline,Mono,0,0.0092,0.0101
A0A1C6A728,proline,Tri,0,0.0524,0.0529
A0A1C6A728,putrescine,Di,0,0.0087,0.0101
A0A1C6A728,putrescine,Mono,0,0.0026,0.0101
A0A1C6A728,putrescine,Tri,0,0.0267,0.0391
A0A1C6A728,serine,Di,1,0.5005,0.4014
A0A1C6A728,serine,Mono,1,0.6111,0.4638
A0A1C6A728,serine,Tri,0,0.4126,0.2815
A0A1C6A728,serotonin,Di,0,0.0241,0.0391
A0A1C6A728,serotonin,Mono,1,0.4002,0.2815
A0A1C6A728,serotonin,Tri,0,0.0291,0.0391
A0A1C6A728,threonine,Di,1,0.1629,0.1127
A0A1C6A728,threonine,Mono,1,0.2054,0.1127
A0A1C6A728,threonine,Tri,0,0.0107,0.0101
A0A1C6A728,tryptamine,Di,0,0.0043,0.0101
A0A1C6A728,tryptamine,Mono,0,0.0007,0.0
A0A1C6A728,tryptamine,Tri,0,0.013,0.0137
A0A1C6A728,tyramine,Di,0,0.0443,0.0529
A0A1C6A728,tyramine,Mono,1,0.438,0.3936
A0A1C6A728,tyramine,Tri,0,0.0593,0.0529
A0A1C6E6X3,"2,3_diaminopropionic acid",Di,0,0.3719,0.2815
A0A1C6E6X3,"2,3_diaminopropionic acid",Mono,0,0.1837,0.1127
A0A1C6E6X3,"2,3_diaminopropionic acid",Tri,1,0.8916,0.8571
A0A1C6E6X3,2_aminophenol,Di,1,0.9866,0.9214
A0A1C6E6X3,2_aminophenol,Mono,0,0.8025,0.7
A0A1C6E6X3,2_aminophenol,Tri,1,0.96,0.9023
A0A1C6E6X3,3_methoxytyramine,Di,0,0.3613,0.2815
A0A1C6E6X3,3_methoxytyramine,Mono,0,0.0365,0.0529
A0A1C6E6X3,3_methoxytyramine,Tri,0,0.2488,0.1757
A0A1C6E6X3,alanine,Di,1,0.996,0.925
A0A1C6E6X3,alanine,Mono,1,0.9942,0.9214
A0A1C6E6X3,alanine,Tri,1,0.9011,0.8571
A0A1C6E6X3,arginine,Di,0,0.1218,0.0915
A0A1C6E6X3,arginine,Mono,0,0.052,0.0529
A0A1C6E6X3,arginine,Tri,0,0.1791,0.1127
A0A1C6E6X3,asparagine,Di,0,0.1956,0.1127
A0A1C6E6X3,asparagine,Mono,0,0.1617,0.1127
A0A1C6E6X3,asparagine,Tri,1,0.9654,0.9023
A0A1C6E6X3,cadaverine,Di,0,0.0184,0.0202
A0A1C6E6X3,cadaverine,Mono,0,0.0084,0.0101
A0A1C6E6X3,cadaverine,Tri,0,0.0644,0.0529
A0A1C6E6X3,citrulline,Di,0,0.4392,0.3936
A0A1C6E6X3,citrulline,Mono,0,0.1964,0.1127
A0A1C6E6X3,citrulline,Tri,0,0.1344,0.0915
A0A1C6E6X3,cystine,Di,0,0.0781,0.0529
A0A1C6E6X3,cystine,Mono,0,0.0253,0.0391
A0A1C6E6X3,cystine,Tri,0,0.0941,0.0714
A0A1C6E6X3,dopamine,Di,0,0.5047,0.4014
A0A1C6E6X3,dopamine,Mono,0,0.1162,0.0915
A0A1C6E6X3,dopamine,Tri,1,0.9487,0.9023
A0A1C6E6X3,gaba,Di,1,0.9954,0.9214
A0A1C6E6X3,gaba,Mono,1,0.9965,0.925
A0A1C6E6X3,gaba,Tri,1,0.9963,0.925
A0A1C6E6X3,glutamine,Di,0,0.6988,0.5287
A0A1C6E6X3,glutamine,Mono,0,0.9455,0.9023
A0A1C6E6X3,glutamine,Tri,0,0.4214,0.2815
A0A1C6E6X3,glyglycine,Di,0,0.1597,0.1127
A0A1C6E6X3,glyglycine,Mono,0,0.0957,0.0915
A0A1C6E6X3,glyglycine,Tri,0,0.2399,0.1757
A0A1C6E6X3,histidine,Di,0,0.0173,0.0202
A0A1C6E6X3,histidine,Mono,0,0.0114,0.0114
A0A1C6E6X3,histidine,Tri,0,0.0552,0.0529
A0A1C6E6X3,lysine,Di,1,0.7879,0.5287
A0A1C6E6X3,lysine,Mono,0,0.4679,0.3936
A0A1C6E6X3,lysine,Tri,0,0.2296,0.1455
A0A1C6E6X3,methionine,Di,0,0.7236,0.5287
A0A1C6E6X3,methionine,Mono,0,0.7053,0.5287
A0A1C6E6X3,methionine,Tri,0,0.5935,0.4638
A0A1C6E6X3,ornithine,Di,0,0.6966,0.5287
A0A1C6E6X3,ornithine,Mono,0,0.491,0.4014
A0A1C6E6X3,ornithine,Tri,0,0.2066,0.1127
A0A1C6E6X3,phenylalanine,Di,1,0.9904,0.9214
A0A1C6E6X3,phenylalanine,Mono,0,0.7399,0.5287
A0A1C6E6X3,phenylalanine,Tri,1,0.9939,0.9214
A0A1C6E6X3,proline,Di,0,0.0399,0.0529
A0A1C6E6X3,proline,Mono,0,0.0383,0.0529
A0A1C6E6X3,proline,Tri,0,0.1403,0.0915
A0A1C6E6X3,putrescine,Di,0,0.0192,0.0202
A0A1C6E6X3,putrescine,Mono,0,0.0085,0.0101
A0A1C6E6X3,putrescine,Tri,0,0.0654,0.0529
A0A1C6E6X3,serine,Di,1,0.7333,0.5287
A0A1C6E6X3,serine,Mono,1,0.8544,0.7
A0A1C6E6X3,serine,Tri,0,0.6558,0.5287
A0A1C6E6X3,serotonin,Di,0,0.056,0.0529
A0A1C6E6X3,serotonin,Mono,0,0.5292,0.4014
A0A1C6E6X3,serotonin,Tri,0,0.0696,0.0529
A0A1C6E6X3,threonine,Di,0,0.6703,0.5287
A0A1C6E6X3,threonine,Mono,1,0.8037,0.7
A0A1C6E6X3,threonine,Tri,0,0.0542,0.0529
A0A1C6E6X3,tryptamine,Di,0,0.0067,0.0101
A0A1C6E6X3,tryptamine,Mono,0,0.0017,0.0023
A0A1C6E6X3,tryptamine,Tri,0,0.0299,0.0391
A0A1C6E6X3,tyramine,Di,0,0.0965,0.0915
A0A1C6E6X3,tyramine,Mono,0,0.6534,0.5287
A0A1C6E6X3,tyramine,Tri,0,0.1392,0.0915
A0A1C6E707,"2,3_diaminopropionic acid",Di,0,0.016,0.0202
A0A1C6E707,"2,3_diaminopropionic acid",Mono,0,0.0172,0.0202
A0A1C6E707,"2,3_diaminopropionic acid",Tri,0,0.187,0.1127
A0A1C6E707,2_aminophenol,Di,0,0.8694,0.7
A0A1C6E707,2_aminophenol,Mono,0,0.3,0.2692
A0A1C6E707,2_aminophenol,Tri,0,0.8188,0.7
A0A1C6E707,3_methoxytyramine,Di,0,0.0419,0.0529
A0A1C6E707,3_methoxytyramine,Mono,0,0.014,0.0202
A0A1C6E707,3_methoxytyramine,Tri,0,0.0529,0.0529
A0A1C6E707,alanine,Di,1,0.9487,0.9023
A0A1C6E707,alanine,Mono,1,0.9492,0.9023
A0A1C6E707,alanine,Tri,0,0.245,0.1757
A0A1C6E707,arginine,Di,0,0.0049,0.0101
A0A1C6E707,arginine,Mono,0,0.0028,0.0101
A0A1C6E707,arginine,Tri,0,0.0109,0.0101
A0A1C6E707,asparagine,Di,0,0.0406,0.0529
A0A1C6E707,asparagine,Mono,0,0.0841,0.0529
A0A1C6E707,asparagine,Tri,1,0.8311,0.7
A0A1C6E707,cadaverine,Di,0,0.0035,0.0101
A0A1C6E707,cadaverine,Mono,0,0.0023,0.0101
A0A1C6E707,cadaverine,Tri,0,0.0042,0.0101
A0A1C6E707,citrulline,Di,0,0.0298,0.0391
A0A1C6E707,citrulline,Mono,0,0.0116,0.0114
A0A1C6E707,citrulline,Tri,0,0.0089,0.0101
A0A1C6E707,cystine,Di,0,0.0066,0.0101
A0A1C6E707,cystine,Mono,0,0.0062,0.0101
A0A1C6E707,cystine,Tri,0,0.0131,0.0137
A0A1C6E707,dopamine,Di,0,0.1572,0.1127
A0A1C6E707,dopamine,Mono,0,0.0936,0.0714
A0A1C6E707,dopamine,Tri,1,0.8022,0.7
A0A1C6E707,gaba,Di,1,0.9873,0.9214
A0A1C6E707,gaba,Mono,1,0.9938,0.9214
A0A1C6E707,gaba,Tri,1,0.9863,0.9214
A0A1C6E707,glutamine,Di,0,0.1875,0.1127
A0A1C6E707,glutamine,Mono,1,0.8047,0.7
A0A1C6E707,glutamine,Tri,0,0.1458,0.0915
A0A1C6E707,glyglycine,Di,0,0.0086,0.0101
A0A1C6E707,glyglycine,Mono,0,0.0089,0.0101
A0A1C6E707,glyglycine,Tri,0,0.0392,0.0529
A0A1C6E707,histidine,Di,0,0.0035,0.0101
A0A1C6E707,histidine,Mono,0,0.0033,0.0101
A0A1C6E707,histidine,Tri,0,0.0156,0.0202
A0A1C6E707,lysine,Di,0,0.1012,0.0915
A0A1C6E707,lysine,Mono,0,0.016,0.0202
A0A1C6E707,lysine,Tri,0,0.0101,0.0101
A0A1C6E707,methionine,Di,0,0.0662,0.0529
A0A1C6E707,methionine,Mono,0,0.082,0.0529
A0A1C6E707,methionine,Tri,0,0.0867,0.0529
A0A1C6E707,ornithine,Di,0,0.0232,0.0345
A0A1C6E707,ornithine,Mono,0,0.0092,0.0101
A0A1C6E707,ornithine,Tri,0,0.0065,0.0101
A0A1C6E707,phenylalanine,Di,1,0.9405,0.8696
A0A1C6E707,phenylalanine,Mono,0,0.2838,0.1915
A0A1C6E707,phenylalanine,Tri,1,0.9473,0.9023
A0A1C6E707,proline,Di,0,0.0023,0.0101
A0A1C6E707,proline,Mono,0,0.0043,0.0101
A0A1C6E707,proline,Tri,0,0.0133,0.0137
A0A1C6E707,putrescine,Di,0,0.0036,0.0101
A0A1C6E707,putrescine,Mono,0,0.0024,0.0101
A0A1C6E707,putrescine,Tri,0,0.0043,0.0101
A0A1C6E707,serine,Di,0,0.1419,0.0915
A0A1C6E707,serine,Mono,0,0.1972,0.1127
A0A1C6E707,serine,Tri,0,0.114,0.0915
A0A1C6E707,serotonin,Di,0,0.0098,0.0101
A0A1C6E707,serotonin,Mono,0,0.0469,0.0529
A0A1C6E707,serotonin,Tri,0,0.012,0.0114
A0A1C6E707,threonine,Di,0,0.0612,0.0529
A0A1C6E707,threonine,Mono,0,0.0879,0.0529
A0A1C6E707,threonine,Tri,0,0.0129,0.0137
A0A1C6E707,tryptamine,Di,0,0.0037,0.0101
A0A1C6E707,tryptamine,Mono,0,0.0015,0.0023
A0A1C6E707,tryptamine,Tri,0,0.0055,0.0101
A0A1C6E707,tyramine,Di,0,0.0323,0.0409
A0A1C6E707,tyramine,Mono,0,0.1241,0.0915
A0A1C6E707,tyramine,Tri,0,0.0423,0.0529
A0A1C6FDU7,"2,3_diaminopropionic acid",Di,0,0.4971,0.4014
A0A1C6FDU7,"2,3_diaminopropionic acid",Mono,0,0.2462,0.1757
A0A1C6FDU7,"2,3_diaminopropionic acid",Tri,0,0.9287,0.8636
A0A1C6FDU7,2_aminophenol,Di,0,0.987,0.9214
A0A1C6FDU7,2_aminophenol,Mono,0,0.7732,0.5287
A0A1C6FDU7,2_aminophenol,Tri,0,0.9629,0.9023
A0A1C6FDU7,3_methoxytyramine,Di,0,0.5087,0.4014
A0A1C6FDU7,3_methoxytyramine,Mono,0,0.0451,0.0529
A0A1C6FDU7,3_methoxytyramine,Tri,0,0.4076,0.2815
A0A1C6FDU7,alanine,Di,0,0.9935,0.9214
A0A1C6FDU7,alanine,Mono,0,0.9899,0.9214
A0A1C6FDU7,alanine,Tri,0,0.9073,0.8636
A0A1C6FDU7,arginine,Di,0,0.2034,0.1127
A0A1C6FDU7,arginine,Mono,0,0.0597,0.0529
A0A1C6FDU7,arginine,Tri,0,0.2963,0.2692
A0A1C6FDU7,asparagine,Di,0,0.2522,0.1757
A0A1C6FDU7,asparagine,Mono,0,0.1999,0.1127
A0A1C6FDU7,asparagine,Tri,0,0.9741,0.9082
A0A1C6FDU7,cadaverine,Di,0,0.0292,0.0391
A0A1C6FDU7,cadaverine,Mono,0,0.0101,0.0101
A0A1C6FDU7,cadaverine,Tri,0,0.0783,0.0529
A0A1C6FDU7,citrulline,Di,0,0.5872,0.4638
A0A1C6FDU7,citrulline,Mono,0,0.199,0.1127
A0A1C6FDU7,citrulline,Tri,0,0.2466,0.1757
A0A1C6FDU7,cystine,Di,0,0.1494,0.1127
A0A1C6FDU7,cystine,Mono,0,0.0347,0.0409
A0A1C6FDU7,cystine,Tri,0,0.1739,0.1127
A0A1C6FDU7,dopamine,Di,0,0.6345,0.4857
A0A1C6FDU7,dopamine,Mono,0,0.1474,0.0915
A0A1C6FDU7,dopamine,Tri,0,0.9494,0.9023
A0A1C6FDU7,gaba,Di,0,0.9962,0.925
A0A1C6FDU7,gaba,Mono,0,0.9959,0.9214
A0A1C6FDU7,gaba,Tri,0,0.9965,0.925
A0A1C6FDU7,glutamine,Di,0,0.7644,0.5287
A0A1C6FDU7,glutamine,Mono,0,0.938,0.8636
A0A1C6FDU7,glutamine,Tri,0,0.6274,0.4857
A0A1C6FDU7,glyglycine,Di,0,0.162,0.1127
A0A1C6FDU7,glyglycine,Mono,0,0.0935,0.0714
A0A1C6FDU7,glyglycine,Tri,0,0.3228,0.2692
A0A1C6FDU7,histidine,Di,0,0.0382,0.0529
A0A1C6FDU7,histidine,Mono,0,0.0241,0.0391
A0A1C6FDU7,histidine,Tri,0,0.1264,0.0915
A0A1C6FDU7,lysine,Di,0,0.8683,0.7
A0A1C6FDU7,lysine,Mono,0,0.4659,0.3936
A0A1C6FDU7,lysine,Tri,0,0.374,0.2815
A0A1C6FDU7,methionine,Di,0,0.7673,0.5287
A0A1C6FDU7,methionine,Mono,0,0.6492,0.5287
A0A1C6FDU7,methionine,Tri,0,0.6943,0.5287
A0A1C6FDU7,ornithine,Di,0,0.7839,0.5287
A0A1C6FDU7,ornithine,Mono,0,0.4818,0.4014
A0A1C6FDU7,ornithine,Tri,0,0.3623,0.2815
A0A1C6FDU7,phenylalanine,Di,0,0.9928,0.9214
A0A1C6FDU7,phenylalanine,Mono,0,0.6776,0.5287
A0A1C6FDU7,phenylalanine,Tri,0,0.9947,0.9214
A0A1C6FDU7,proline,Di,0,0.0542,0.0529
A0A1C6FDU7,proline,Mono,0,0.0656,0.0529
A0A1C6FDU7,proline,Tri,0,0.2821,0.1915
A0A1C6FDU7,putrescine,Di,0,0.0289,0.0391
A0A1C6FDU7,putrescine,Mono,0,0.0096,0.0101
A0A1C6FDU7,putrescine,Tri,0,0.0754,0.0529
A0A1C6FDU7,serine,Di,0,0.7838,0.5287
A0A1C6FDU7,serine,Mono,0,0.8493,0.7
A0A1C6FDU7,serine,Tri,0,0.7222,0.5287
A0A1C6FDU7,serotonin,Di,0,0.0753,0.0529
A0A1C6FDU7,serotonin,Mono,0,0.7688,0.5287
A0A1C6FDU7,serotonin,Tri,0,0.1084,0.0915
A0A1C6FDU7,threonine,Di,0,0.7122,0.5287
A0A1C6FDU7,threonine,Mono,0,0.8143,0.7
A0A1C6FDU7,threonine,Tri,0,0.1437,0.0915
A0A1C6FDU7,tryptamine,Di,0,0.0113,0.0114
A0A1C6FDU7,tryptamine,Mono,0,0.0028,0.0101
A0A1C6FDU7,tryptamine,Tri,0,0.0405,0.0529
A0A1C6FDU7,tyramine,Di,0,0.1143,0.0915
A0A1C6FDU7,tyramine,Mono,0,0.7463,0.5287
A0A1C6FDU7,tyramine,Tri,0,0.1711,0.1127
A0A1E3ADP5,"2,3_diaminopropionic acid",Di,0,0.0383,0.0529
A0A1E3ADP5,"2,3_diaminopropionic acid",Mono,0,0.0264,0.0391
A0A1E3ADP5,"2,3_diaminopropionic acid",Tri,0,0.1495,0.1127
A0A1E3ADP5,2_aminophenol,Di,1,0.9145,0.8636
A0A1E3ADP5,2_aminophenol,Mono,0,0.2307,0.1455
A0A1E3ADP5,2_aminophenol,Tri,0,0.6406,0.5
A0A1E3ADP5,3_methoxytyramine,Di,0,0.0486,0.0529
A0A1E3ADP5,3_methoxytyramine,Mono,0,0.0031,0.0101
A0A1E3ADP5,3_methoxytyramine,Tri,0,0.0408,0.0529
A0A1E3ADP5,alanine,Di,1,0.9308,0.8636
A0A1E3ADP5,alanine,Mono,1,0.9295,0.8636
A0A1E3ADP5,alanine,Tri,0,0.2848,0.1915
A0A1E3ADP5,arginine,Di,0,0.0036,0.0101
A0A1E3ADP5,arginine,Mono,0,0.0049,0.0101
A0A1E3ADP5,arginine,Tri,0,0.0024,0.0101
A0A1E3ADP5,asparagine,Di,0,0.063,0.0529
A0A1E3ADP5,asparagine,Mono,0,0.1226,0.0915
A0A1E3ADP5,asparagine,Tri,1,0.894,0.8571
A0A1E3ADP5,cadaverine,Di,0,0.0022,0.0023
A0A1E3ADP5,cadaverine,Mono,0,0.0016,0.0023
A0A1E3ADP5,cadaverine,Tri,0,0.0052,0.0101
A0A1E3ADP5,citrulline,Di,0,0.0064,0.0101
A0A1E3ADP5,citrulline,Mono,0,0.0057,0.0101
A0A1E3ADP5,citrulline,Tri,0,0.0025,0.0101
A0A1E3ADP5,cystine,Di,0,0.0052,0.0101
A0A1E3ADP5,cystine,Mono,0,0.0026,0.0101
A0A1E3ADP5,cystine,Tri,0,0.0053,0.0101
A0A1E3ADP5,dopamine,Di,0,0.216,0.1127
A0A1E3ADP5,dopamine,Mono,0,0.0308,0.0409
A0A1E3ADP5,dopamine,Tri,1,0.8653,0.7
A0A1E3ADP5,gaba,Di,1,0.9606,0.9023
A0A1E3ADP5,gaba,Mono,1,0.9873,0.9214
A0A1E3ADP5,gaba,Tri,1,0.9683,0.9082
A0A1E3ADP5,glutamine,Di,0,0.0642,0.0529
A0A1E3ADP5,glutamine,Mono,1,0.8596,0.7
A0A1E3ADP5,glutamine,Tri,0,0.0587,0.0529
A0A1E3ADP5,glyglycine,Di,0,0.0056,0.0101
A0A1E3ADP5,glyglycine,Mono,0,0.0062,0.0101
A0A1E3ADP5,glyglycine,Tri,0,0.0101,0.0101
A0A1E3ADP5,histidine,Di,0,0.0016,0.0023
A0A1E3ADP5,histidine,Mono,0,0.0014,0.0023
A0A1E3ADP5,histidine,Tri,0,0.0034,0.0101
A0A1E3ADP5,lysine,Di,0,0.0178,0.0202
A0A1E3ADP5,lysine,Mono,0,0.0128,0.0137
A0A1E3ADP5,lysine,Tri,0,0.0048,0.0101
A0A1E3ADP5,methionine,Di,0,0.0098,0.0101
A0A1E3ADP5,methionine,Mono,0,0.0204,0.0301
A0A1E3ADP5,methionine,Tri,0,0.0074,0.0101
A0A1E3ADP5,ornithine,Di,0,0.0348,0.0409
A0A1E3ADP5,ornithine,Mono,0,0.0398,0.0529
A0A1E3ADP5,ornithine,Tri,0,0.0109,0.0101
A0A1E3ADP5,phenylalanine,Di,1,0.9229,0.8636
A0A1E3ADP5,phenylalanine,Mono,0,0.1416,0.0915
A0A1E3ADP5,phenylalanine,Tri,1,0.9388,0.8636
A0A1E3ADP5,proline,Di,0,0.0075,0.0101
A0A1E3ADP5,proline,Mono,0,0.0127,0.0137
A0A1E3ADP5,proline,Tri,0,0.0143,0.0202
A0A1E3ADP5,putrescine,Di,0,0.0021,0.0023
A0A1E3ADP5,putrescine,Mono,0,0.0015,0.0023
A0A1E3ADP5,putrescine,Tri,0,0.0049,0.0101
A0A1E3ADP5,serine,Di,0,0.1048,0.0915
A0A1E3ADP5,serine,Mono,0,0.2777,0.1915
A0A1E3ADP5,serine,Tri,0,0.0702,0.0529
A0A1E3ADP5,serotonin,Di,0,0.0034,0.0101
A0A1E3ADP5,serotonin,Mono,0,0.0521,0.0529
A0A1E3ADP5,serotonin,Tri,0,0.0048,0.0101
A0A1E3ADP5,threonine,Di,0,0.0117,0.0114
A0A1E3ADP5,threonine,Mono,0,0.0254,0.0391
A0A1E3ADP5,threonine,Tri,0,0.001,0.0023
A0A1E3ADP5,tryptamine,Di,0,0.0034,0.0101
A0A1E3ADP5,tryptamine,Mono,0,0.0006,0.0
A0A1E3ADP5,tryptamine,Tri,0,0.0067,0.0101
A0A1E3ADP5,tyramine,Di,0,0.009,0.0101
A0A1E3ADP5,tyramine,Mono,0,0.0348,0.0409
A0A1E3ADP5,tyramine,Tri,0,0.0155,0.0202
A0A1I4P275,"2,3_diaminopropionic acid",Di,0,0.0323,0.0409
A0A1I4P275,"2,3_diaminopropionic acid",Mono,0,0.0076,0.0101
A0A1I4P275,"2,3_diaminopropionic acid",Tri,0,0.3159,0.2692
A0A1I4P275,2_aminophenol,Di,1,0.9332,0.8636
A0A1I4P275,2_aminophenol,Mono,0,0.4999,0.4014
A0A1I4P275,2_aminophenol,Tri,0,0.7687,0.5287
A0A1I4P275,3_methoxytyramine,Di,0,0.1165,0.0915
A0A1I4P275,3_methoxytyramine,Mono,0,0.0027,0.0101
A0A1I4P275,3_methoxytyramine,Tri,0,0.0606,0.0529
A0A1I4P275,alanine,Di,1,0.9599,0.9023
A0A1I4P275,alanine,Mono,1,0.9622,0.9023
A0A1I4P275,alanine,Tri,0,0.4301,0.3936
A0A1I4P275,arginine,Di,0,0.0014,0.0023
A0A1I4P275,arginine,Mono,0,0.0009,0.0023
A0A1I4P275,arginine,Tri,0,0.0023,0.0023
A0A1I4P275,asparagine,Di,0,0.0181,0.0202
A0A1I4P275,asparagine,Mono,0,0.0185,0.0202
A0A1I4P275,asparagine,Tri,1,0.8932,0.8571
A0A1I4P275,cadaverine,Di,0,0.0018,0.0023
A0A1I4P275,cadaverine,Mono,0,0.0006,0.0
A0A1I4P275,cadaverine,Tri,0,0.0078,0.0101
A0A1I4P275,citrulline,Di,0,0.0034,0.0101
A0A1I4P275,citrulline,Mono,0,0.0012,0.0023
A0A1I4P275,citrulline,Tri,0,0.0013,0.0023
A0A1I4P275,cystine,Di,0,0.0026,0.0101
A0A1I4P275,cystine,Mono,0,0.0005,0.0
A0A1I4P275,cystine,Tri,0,0.0052,0.0101
A0A1I4P275,dopamine,Di,0,0.1428,0.0915
A0A1I4P275,dopamine,Mono,0,0.0133,0.0137
A0A1I4P275,dopamine,Tri,1,0.9116,0.8636
A0A1I4P275,gaba,Di,1,0.9759,0.9082
A0A1I4P275,gaba,Mono,1,0.9738,0.9082
A0A1I4P275,gaba,Tri,1,0.9886,0.9214
A0A1I4P275,glutamine,Di,0,0.0107,0.0101
A0A1I4P275,glutamine,Mono,1,0.3814,0.2815
A0A1I4P275,glutamine,Tri,0,0.0123,0.0114
A0A1I4P275,glyglycine,Di,0,0.0074,0.0101
A0A1I4P275,glyglycine,Mono,0,0.0048,0.0101
A0A1I4P275,glyglycine,Tri,0,0.0384,0.0529
A0A1I4P275,histidine,Di,0,0.0003,0.0
A0A1I4P275,histidine,Mono,0,0.0001,0.0
A0A1I4P275,histidine,Tri,0,0.0013,0.0023
A0A1I4P275,lysine,Di,0,0.0351,0.0409
A0A1I4P275,lysine,Mono,0,0.0069,0.0101
A0A1I4P275,lysine,Tri,0,0.0038,0.0101
A0A1I4P275,methionine,Di,0,0.0102,0.0101
A0A1I4P275,methionine,Mono,0,0.0171,0.0202
A0A1I4P275,methionine,Tri,0,0.0127,0.0137
A0A1I4P275,ornithine,Di,0,0.0463,0.0529
A0A1I4P275,ornithine,Mono,0,0.0219,0.0301
A0A1I4P275,ornithine,Tri,0,0.0058,0.0101
A0A1I4P275,phenylalanine,Di,1,0.9096,0.8636
A0A1I4P275,phenylalanine,Mono,0,0.0665,0.0529
A0A1I4P275,phenylalanine,Tri,1,0.9641,0.9023
A0A1I4P275,proline,Di,0,0.002,0.0023
A0A1I4P275,proline,Mono,0,0.003,0.0101
A0A1I4P275,proline,Tri,0,0.0375,0.0529
A0A1I4P275,putrescine,Di,0,0.0021,0.0023
A0A1I4P275,putrescine,Mono,0,0.0006,0.0
A0A1I4P275,putrescine,Tri,0,0.0089,0.0101
A0A1I4P275,serine,Di,0,0.0732,0.0529
A0A1I4P275,serine,Mono,0,0.1142,0.0915
A0A1I4P275,serine,Tri,0,0.1727,0.1127
A0A1I4P275,serotonin,Di,0,0.0053,0.0101
A0A1I4P275,serotonin,Mono,0,0.2144,0.1127
A0A1I4P275,serotonin,Tri,0,0.0081,0.0101
A0A1I4P275,threonine,Di,0,0.0088,0.0101
A0A1I4P275,threonine,Mono,0,0.0354,0.0409
A0A1I4P275,threonine,Tri,0,0.0011,0.0023
A0A1I4P275,tryptamine,Di,0,0.0016,0.0023
A0A1I4P275,tryptamine,Mono,0,0.0006,0.0
A0A1I4P275,tryptamine,Tri,0,0.0069,0.0101
A0A1I4P275,tyramine,Di,0,0.0108,0.0101
A0A1I4P275,tyramine,Mono,0,0.1134,0.0915
A0A1I4P275,tyramine,Tri,0,0.022,0.0301
A0A1M3L7G3,"2,3_diaminopropionic acid",Di,0,0.3962,0.2815
A0A1M3L7G3,"2,3_diaminopropionic acid",Mono,0,0.1634,0.1127
A0A1M3L7G3,"2,3_diaminopropionic acid",Tri,0,0.6794,0.5287
A0A1M3L7G3,2_aminophenol,Di,1,0.9719,0.9082
A0A1M3L7G3,2_aminophenol,Mono,0,0.5899,0.4638
A0A1M3L7G3,2_aminophenol,Tri,1,0.9262,0.8636
A0A1M3L7G3,3_methoxytyramine,Di,1,0.6327,0.4857
A0A1M3L7G3,3_methoxytyramine,Mono,0,0.0323,0.0409
A0A1M3L7G3,3_methoxytyramine,Tri,0,0.347,0.28
A0A1M3L7G3,alanine,Di,1,0.9678,0.9082
A0A1M3L7G3,alanine,Mono,1,0.9578,0.9023
A0A1M3L7G3,alanine,Tri,0,0.6014,0.4638
A0A1M3L7G3,arginine,Di,0,0.012,0.0114
A0A1M3L7G3,arginine,Mono,0,0.0096,0.0101
A0A1M3L7G3,arginine,Tri,0,0.0085,0.0101
A0A1M3L7G3,asparagine,Di,0,0.1056,0.0915
A0A1M3L7G3,asparagine,Mono,0,0.082,0.0529
A0A1M3L7G3,asparagine,Tri,1,0.8818,0.8235
A0A1M3L7G3,cadaverine,Di,0,0.0096,0.0101
A0A1M3L7G3,cadaverine,Mono,0,0.0042,0.0101
A0A1M3L7G3,cadaverine,Tri,0,0.0209,0.0301
A0A1M3L7G3,citrulline,Di,0,0.0117,0.0114
A0A1M3L7G3,citrulline,Mono,0,0.0071,0.0101
A0A1M3L7G3,citrulline,Tri,0,0.0049,0.0101
A0A1M3L7G3,cystine,Di,0,0.0285,0.0391
A0A1M3L7G3,cystine,Mono,0,0.0053,0.0101
A0A1M3L7G3,cystine,Tri,0,0.0185,0.0202
A0A1M3L7G3,dopamine,Di,1,0.646,0.5287
A0A1M3L7G3,dopamine,Mono,0,0.1231,0.0915
A0A1M3L7G3,dopamine,Tri,1,0.9477,0.9023
A0A1M3L7G3,gaba,Di,1,0.9892,0.9214
A0A1M3L7G3,gaba,Mono,1,0.9885,0.9214
A0A1M3L7G3,gaba,Tri,1,0.9891,0.9214
A0A1M3L7G3,glutamine,Di,0,0.0533,0.0529
A0A1M3L7G3,glutamine,Mono,1,0.4775,0.4014
A0A1M3L7G3,glutamine,Tri,0,0.0448,0.0529
A0A1M3L7G3,glyglycine,Di,0,0.0219,0.0301
A0A1M3L7G3,glyglycine,Mono,0,0.0118,0.0114
A0A1M3L7G3,glyglycine,Tri,0,0.0289,0.0391
A0A1M3L7G3,histidine,Di,0,0.0027,0.0101
A0A1M3L7G3,histidine,Mono,0,0.0019,0.0023
A0A1M3L7G3,histidine,Tri,0,0.0062,0.0101
A0A1M3L7G3,lysine,Di,0,0.167,0.1127
A0A1M3L7G3,lysine,Mono,0,0.0639,0.0529
A0A1M3L7G3,lysine,Tri,0,0.0333,0.0409
A0A1M3L7G3,methionine,Di,0,0.0417,0.0529
A0A1M3L7G3,methionine,Mono,0,0.0502,0.0529
A0A1M3L7G3,methionine,Tri,0,0.0296,0.0391
A0A1M3L7G3,ornithine,Di,0,0.4109,0.2815
A0A1M3L7G3,ornithine,Mono,0,0.3196,0.2692
A0A1M3L7G3,ornithine,Tri,0,0.1039,0.0915
A0A1M3L7G3,phenylalanine,Di,1,0.9632,0.9023
A0A1M3L7G3,phenylalanine,Mono,0,0.2848,0.1915
A0A1M3L7G3,phenylalanine,Tri,1,0.9695,0.9082
A0A1M3L7G3,proline,Di,0,0.0144,0.0202
A0A1M3L7G3,proline,Mono,0,0.0177,0.0202
A0A1M3L7G3,proline,Tri,0,0.054,0.0529
A0A1M3L7G3,putrescine,Di,0,0.01,0.0101
A0A1M3L7G3,putrescine,Mono,0,0.0043,0.0101
A0A1M3L7G3,putrescine,Tri,0,0.0216,0.0301
A0A1M3L7G3,serine,Di,0,0.1154,0.0915
A0A1M3L7G3,serine,Mono,0,0.2858,0.2692
A0A1M3L7G3,serine,Tri,0,0.0944,0.0714
A0A1M3L7G3,serotonin,Di,0,0.0138,0.0202
A0A1M3L7G3,serotonin,Mono,1,0.3142,0.2692
A0A1M3L7G3,serotonin,Tri,0,0.0167,0.0202
A0A1M3L7G3,threonine,Di,0,0.0205,0.0301
A0A1M3L7G3,threonine,Mono,0,0.0348,0.0409
A0A1M3L7G3,threonine,Tri,0,0.0029,0.0101
A0A1M3L7G3,tryptamine,Di,0,0.0094,0.0101
A0A1M3L7G3,tryptamine,Mono,0,0.0018,0.0023
A0A1M3L7G3,tryptamine,Tri,0,0.0212,0.0301
A0A1M3L7G3,tyramine,Di,0,0.0341,0.0409
A0A1M3L7G3,tyramine,Mono,0,0.2041,0.1127
A0A1M3L7G3,tyramine,Tri,0,0.0391,0.0529
A0A1Q6E5Z9,"2,3_diaminopropionic acid",Di,0,0.1443,0.0915
A0A1Q6E5Z9,"2,3_diaminopropionic acid",Mono,0,0.0453,0.0529
A0A1Q6E5Z9,"2,3_diaminopropionic acid",Tri,0,0.3458,0.28
A0A1Q6E5Z9,2_aminophenol,Di,0,0.9019,0.8571
A0A1Q6E5Z9,2_aminophenol,Mono,0,0.3744,0.2815
A0A1Q6E5Z9,2_aminophenol,Tri,0,0.7215,0.5287
A0A1Q6E5Z9,3_methoxytyramine,Di,0,0.2251,0.1127
A0A1Q6E5Z9,3_methoxytyramine,Mono,0,0.0074,0.0101
A0A1Q6E5Z9,3_methoxytyramine,Tri,0,0.0947,0.0714
A0A1Q6E5Z9,alanine,Di,0,0.8251,0.7
A0A1Q6E5Z9,alanine,Mono,0,0.7684,0.5287
A0A1Q6E5Z9,alanine,Tri,0,0.2262,0.1455
A0A1Q6E5Z9,arginine,Di,0,0.0058,0.0101
A0A1Q6E5Z9,arginine,Mono,0,0.0038,0.0101
A0A1Q6E5Z9,arginine,Tri,0,0.0041,0.0101
A0A1Q6E5Z9,asparagine,Di,0,0.0449,0.0529
A0A1Q6E5Z9,asparagine,Mono,0,0.0407,0.0529
A0A1Q6E5Z9,asparagine,Tri,0,0.7721,0.5287
A0A1Q6E5Z9,cadaverine,Di,0,0.0034,0.0101
A0A1Q6E5Z9,cadaverine,Mono,0,0.0012,0.0023
A0A1Q6E5Z9,cadaverine,Tri,0,0.0065,0.0101
A0A1Q6E5Z9,citrulline,Di,0,0.0051,0.0101
A0A1Q6E5Z9,citrulline,Mono,0,0.0032,0.0101
A0A1Q6E5Z9,citrulline,Tri,0,0.0023,0.0101
A0A1Q6E5Z9,cystine,Di,0,0.0162,0.0202
A0A1Q6E5Z9,cystine,Mono,0,0.0036,0.0101
A0A1Q6E5Z9,cystine,Tri,0,0.0103,0.0101
A0A1Q6E5Z9,dopamine,Di,0,0.2888,0.2692
A0A1Q6E5Z9,dopamine,Mono,0,0.0329,0.0409
A0A1Q6E5Z9,dopamine,Tri,0,0.7854,0.5287
A0A1Q6E5Z9,gaba,Di,0,0.8854,0.8235
A0A1Q6E5Z9,gaba,Mono,0,0.8568,0.7
A0A1Q6E5Z9,gaba,Tri,0,0.8774,0.7
A0A1Q6E5Z9,glutamine,Di,0,0.0222,0.0301
A0A1Q6E5Z9,glutamine,Mono,0,0.2464,0.1757
A0A1Q6E5Z9,glutamine,Tri,0,0.0217,0.0301
A0A1Q6E5Z9,glyglycine,Di,0,0.0119,0.0114
A0A1Q6E5Z9,glyglycine,Mono,0,0.0065,0.0101
A0A1Q6E5Z9,glyglycine,Tri,0,0.0181,0.0202
A0A1Q6E5Z9,histidine,Di,0,0.003,0.0101
A0A1Q6E5Z9,histidine,Mono,0,0.0018,0.0023
A0A1Q6E5Z9,histidine,Tri,0,0.0055,0.0101
A0A1Q6E5Z9,lysine,Di,0,0.0454,0.0529
A0A1Q6E5Z9,lysine,Mono,0,0.0156,0.0202
A0A1Q6E5Z9,lysine,Tri,0,0.0103,0.0101
A0A1Q6E5Z9,methionine,Di,0,0.0205,0.0301
A0A1Q6E5Z9,methionine,Mono,0,0.0294,0.0391
A0A1Q6E5Z9,methionine,Tri,0,0.015,0.0202
A0A1Q6E5Z9,ornithine,Di,0,0.2083,0.1127
A0A1Q6E5Z9,ornithine,Mono,0,0.1372,0.0915
A0A1Q6E5Z9,ornithine,Tri,0,0.0422,0.0529
A0A1Q6E5Z9,phenylalanine,Di,0,0.867,0.7
A0A1Q6E5Z9,phenylalanine,Mono,0,0.1431,0.0915
A0A1Q6E5Z9,phenylalanine,Tri,0,0.8619,0.7
A0A1Q6E5Z9,proline,Di,0,0.0091,0.0101
A0A1Q6E5Z9,proline,Mono,0,0.0127,0.0137
A0A1Q6E5Z9,proline,Tri,0,0.0331,0.0409
A0A1Q6E5Z9,putrescine,Di,0,0.0036,0.0101
A0A1Q6E5Z9,putrescine,Mono,0,0.0013,0.0023
A0A1Q6E5Z9,putrescine,Tri,0,0.0067,0.0101
A0A1Q6E5Z9,serine,Di,0,0.0721,0.0529
A0A1Q6E5Z9,serine,Mono,0,0.2017,0.1127
A0A1Q6E5Z9,serine,Tri,0,0.0387,0.0529
A0A1Q6E5Z9,serotonin,Di,0,0.0081,0.0101
A0A1Q6E5Z9,serotonin,Mono,0,0.1467,0.0915
A0A1Q6E5Z9,serotonin,Tri,0,0.0111,0.0101
A0A1Q6E5Z9,threonine,Di,0,0.0137,0.0202
A0A1Q6E5Z9,threonine,Mono,0,0.0262,0.0391
A0A1Q6E5Z9,threonine,Tri,0,0.0016,0.0023
A0A1Q6E5Z9,tryptamine,Di,0,0.0036,0.0101
A0A1Q6E5Z9,tryptamine,Mono,0,0.0008,0.0023
A0A1Q6E5Z9,tryptamine,Tri,0,0.0068,0.0101
A0A1Q6E5Z9,tyramine,Di,0,0.0072,0.0101
A0A1Q6E5Z9,tyramine,Mono,0,0.0341,0.0409
A0A1Q6E5Z9,tyramine,Tri,0,0.0094,0.0101
A0A1Q6F0C9,"2,3_diaminopropionic acid",Di,0,0.0185,0.0202
A0A1Q6F0C9,"2,3_diaminopropionic acid",Mono,0,0.0178,0.0202
A0A1Q6F0C9,"2,3_diaminopropionic acid",Tri,0,0.2757,0.1915
A0A1Q6F0C9,2_aminophenol,Di,1,0.8617,0.7
A0A1Q6F0C9,2_aminophenol,Mono,0,0.4226,0.2815
A0A1Q6F0C9,2_aminophenol,Tri,0,0.8338,0.7
A0A1Q6F0C9,3_methoxytyramine,Di,0,0.0605,0.0529
A0A1Q6F0C9,3_methoxytyramine,Mono,0,0.0143,0.0202
A0A1Q6F0C9,3_methoxytyramine,Tri,0,0.0752,0.0529
A0A1Q6F0C9,alanine,Di,1,0.9552,0.9023
A0A1Q6F0C9,alanine,Mono,1,0.9706,0.9082
A0A1Q6F0C9,alanine,Tri,0,0.3357,0.2692
A0A1Q6F0C9,arginine,Di,0,0.0037,0.0101
A0A1Q6F0C9,arginine,Mono,0,0.0033,0.0101
A0A1Q6F0C9,arginine,Tri,0,0.0144,0.0202
A0A1Q6F0C9,asparagine,Di,0,0.0643,0.0529
A0A1Q6F0C9,asparagine,Mono,0,0.115,0.0915
A0A1Q6F0C9,asparagine,Tri,1,0.9273,0.8636
A0A1Q6F0C9,cadaverine,Di,0,0.0067,0.0101
A0A1Q6F0C9,cadaverine,Mono,0,0.0037,0.0101
A0A1Q6F0C9,cadaverine,Tri,0,0.0128,0.0137
A0A1Q6F0C9,citrulline,Di,0,0.0306,0.0409
A0A1Q6F0C9,citrulline,Mono,0,0.0106,0.0101
A0A1Q6F0C9,citrulline,Tri,0,0.0117,0.0114
A0A1Q6F0C9,cystine,Di,0,0.0105,0.0101
A0A1Q6F0C9,cystine,Mono,0,0.0064,0.0101
A0A1Q6F0C9,cystine,Tri,0,0.027,0.0391
A0A1Q6F0C9,dopamine,Di,0,0.1463,0.0915
A0A1Q6F0C9,dopamine,Mono,0,0.0888,0.0529
A0A1Q6F0C9,dopamine,Tri,1,0.8744,0.7
A0A1Q6F0C9,gaba,Di,1,0.9843,0.9214
A0A1Q6F0C9,gaba,Mono,1,0.9924,0.9214
A0A1Q6F0C9,gaba,Tri,1,0.9873,0.9214
A0A1Q6F0C9,glutamine,Di,0,0.1519,0.1127
A0A1Q6F0C9,glutamine,Mono,1,0.8438,0.7
A0A1Q6F0C9,glutamine,Tri,0,0.1382,0.0915
A0A1Q6F0C9,glyglycine,Di,0,0.0069,0.0101
A0A1Q6F0C9,glyglycine,Mono,0,0.0096,0.0101
A0A1Q6F0C9,glyglycine,Tri,0,0.0842,0.0529
A0A1Q6F0C9,histidine,Di,0,0.0017,0.0023
A0A1Q6F0C9,histidine,Mono,0,0.0013,0.0023
A0A1Q6F0C9,histidine,Tri,0,0.0144,0.0202
A0A1Q6F0C9,lysine,Di,0,0.1823,0.1127
A0A1Q6F0C9,lysine,Mono,0,0.0151,0.0202
A0A1Q6F0C9,lysine,Tri,0,0.0105,0.0101
A0A1Q6F0C9,methionine,Di,0,0.0458,0.0529
A0A1Q6F0C9,methionine,Mono,0,0.0693,0.0529
A0A1Q6F0C9,methionine,Tri,0,0.0706,0.0529
A0A1Q6F0C9,ornithine,Di,0,0.0471,0.0529
A0A1Q6F0C9,ornithine,Mono,0,0.0182,0.0202
A0A1Q6F0C9,ornithine,Tri,0,0.0111,0.0101
A0A1Q6F0C9,phenylalanine,Di,1,0.9525,0.9023
A0A1Q6F0C9,phenylalanine,Mono,0,0.2859,0.2692
A0A1Q6F0C9,phenylalanine,Tri,1,0.9708,0.9082
A0A1Q6F0C9,proline,Di,0,0.0022,0.0023
A0A1Q6F0C9,proline,Mono,0,0.0064,0.0101
A0A1Q6F0C9,proline,Tri,0,0.0246,0.0391
A0A1Q6F0C9,putrescine,Di,0,0.0066,0.0101
A0A1Q6F0C9,putrescine,Mono,0,0.0037,0.0101
A0A1Q6F0C9,putrescine,Tri,0,0.0126,0.0137
A0A1Q6F0C9,serine,Di,0,0.1661,0.1127
A0A1Q6F0C9,serine,Mono,0,0.2422,0.1757
A0A1Q6F0C9,serine,Tri,0,0.1055,0.0915
A0A1Q6F0C9,serotonin,Di,0,0.0032,0.0101
A0A1Q6F0C9,serotonin,Mono,0,0.0786,0.0529
A0A1Q6F0C9,serotonin,Tri,0,0.0044,0.0101
A0A1Q6F0C9,threonine,Di,0,0.0489,0.0529
A0A1Q6F0C9,threonine,Mono,0,0.1227,0.0915
A0A1Q6F0C9,threonine,Tri,0,0.0068,0.0101
A0A1Q6F0C9,tryptamine,Di,0,0.0027,0.0101
A0A1Q6F0C9,tryptamine,Mono,0,0.0023,0.0101
A0A1Q6F0C9,tryptamine,Tri,0,0.0103,0.0101
A0A1Q6F0C9,tyramine,Di,0,0.0195,0.0202
A0A1Q6F0C9,tyramine,Mono,0,0.1486,0.1127
A0A1Q6F0C9,tyramine,Tri,0,0.0316,0.0409
A0A1Q6JXM9,"2,3_diaminopropionic acid",Di,0,0.4791,0.4014
A0A1Q6JXM9,"2,3_diaminopropionic acid",Mono,0,0.2434,0.1757
A0A1Q6JXM9,"2,3_diaminopropionic acid",Tri,1,0.907,0.8636
A0A1Q6JXM9,2_aminophenol,Di,1,0.9818,0.9214
A0A1Q6JXM9,2_aminophenol,Mono,0,0.7893,0.5287
A0A1Q6JXM9,2_aminophenol,Tri,1,0.9581,0.9023
A0A1Q6JXM9,3_methoxytyramine,Di,1,0.5511,0.4014
A0A1Q6JXM9,3_methoxytyramine,Mono,0,0.0499,0.0529
A0A1Q6JXM9,3_methoxytyramine,Tri,0,0.3187,0.2692
A0A1Q6JXM9,alanine,Di,1,0.9922,0.9214
A0A1Q6JXM9,alanine,Mono,1,0.9884,0.9214
A0A1Q6JXM9,alanine,Tri,1,0.9045,0.8636
A0A1Q6JXM9,arginine,Di,0,0.1297,0.0915
A0A1Q6JXM9,arginine,Mono,0,0.0371,0.0529
A0A1Q6JXM9,arginine,Tri,1,0.1709,0.1127
A0A1Q6JXM9,asparagine,Di,0,0.173,0.1127
A0A1Q6JXM9,asparagine,Mono,0,0.1205,0.0915
A0A1Q6JXM9,asparagine,Tri,1,0.9512,0.9023
A0A1Q6JXM9,cadaverine,Di,0,0.0165,0.0202
A0A1Q6JXM9,cadaverine,Mono,0,0.0061,0.0101
A0A1Q6JXM9,cadaverine,Tri,0,0.0397,0.0529
A0A1Q6JXM9,citrulline,Di,1,0.4732,0.4014
A0A1Q6JXM9,citrulline,Mono,0,0.1493,0.1127
A0A1Q6JXM9,citrulline,Tri,1,0.1595,0.1127
A0A1Q6JXM9,cystine,Di,0,0.1058,0.0915
A0A1Q6JXM9,cystine,Mono,0,0.0212,0.0301
A0A1Q6JXM9,cystine,Tri,1,0.0929,0.0714
A0A1Q6JXM9,dopamine,Di,0,0.6188,0.4706
A0A1Q6JXM9,dopamine,Mono,0,0.151,0.1127
A0A1Q6JXM9,dopamine,Tri,1,0.948,0.9023
A0A1Q6JXM9,gaba,Di,1,0.9943,0.9214
A0A1Q6JXM9,gaba,Mono,1,0.9923,0.9214
A0A1Q6JXM9,gaba,Tri,1,0.9938,0.9214
A0A1Q6JXM9,glutamine,Di,1,0.581,0.4638
A0A1Q6JXM9,glutamine,Mono,1,0.86,0.7
A0A1Q6JXM9,glutamine,Tri,1,0.3581,0.2815
A0A1Q6JXM9,glyglycine,Di,0,0.0657,0.0529
A0A1Q6JXM9,glyglycine,Mono,0,0.0427,0.0529
A0A1Q6JXM9,glyglycine,Tri,1,0.1187,0.0915
A0A1Q6JXM9,histidine,Di,0,0.0127,0.0137
A0A1Q6JXM9,histidine,Mono,0,0.0061,0.0101
A0A1Q6JXM9,histidine,Tri,1,0.0307,0.0409
A0A1Q6JXM9,lysine,Di,1,0.8149,0.7
A0A1Q6JXM9,lysine,Mono,0,0.4003,0.2815
A0A1Q6JXM9,lysine,Tri,0,0.2501,0.1757
A0A1Q6JXM9,methionine,Di,1,0.6988,0.5287
A0A1Q6JXM9,methionine,Mono,1,0.6164,0.4706
A0A1Q6JXM9,methionine,Tri,1,0.5802,0.4638
A0A1Q6JXM9,ornithine,Di,1,0.7474,0.5287
A0A1Q6JXM9,ornithine,Mono,0,0.4699,0.3936
A0A1Q6JXM9,ornithine,Tri,0,0.2372,0.1455
A0A1Q6JXM9,phenylalanine,Di,1,0.9921,0.9214
A0A1Q6JXM9,phenylalanine,Mono,1,0.7304,0.5287
A0A1Q6JXM9,phenylalanine,Tri,1,0.9924,0.9214
A0A1Q6JXM9,proline,Di,0,0.0326,0.0409
A0A1Q6JXM9,proline,Mono,0,0.0267,0.0391
A0A1Q6JXM9,proline,Tri,0,0.1539,0.1127
A0A1Q6JXM9,putrescine,Di,0,0.0162,0.0202
A0A1Q6JXM9,putrescine,Mono,0,0.0058,0.0101
A0A1Q6JXM9,putrescine,Tri,0,0.038,0.0529
A0A1Q6JXM9,serine,Di,1,0.7701,0.5287
A0A1Q6JXM9,serine,Mono,1,0.8661,0.7
A0A1Q6JXM9,serine,Tri,1,0.6563,0.5287
A0A1Q6JXM9,serotonin,Di,0,0.0648,0.0529
A0A1Q6JXM9,serotonin,Mono,1,0.6446,0.5287
A0A1Q6JXM9,serotonin,Tri,0,0.0749,0.0529
A0A1Q6JXM9,threonine,Di,1,0.521,0.4014
A0A1Q6JXM9,threonine,Mono,1,0.6592,0.5287
A0A1Q6JXM9,threonine,Tri,0,0.0592,0.0529
A0A1Q6JXM9,tryptamine,Di,0,0.0062,0.0101
A0A1Q6JXM9,tryptamine,Mono,0,0.0016,0.0023
A0A1Q6JXM9,tryptamine,Tri,0,0.0171,0.0202
A0A1Q6JXM9,tyramine,Di,0,0.1222,0.0915
A0A1Q6JXM9,tyramine,Mono,1,0.7754,0.5287
A0A1Q6JXM9,tyramine,Tri,0,0.1449,0.0915
A0A1Q6K9G3,"2,3_diaminopropionic acid",Di,0,0.1292,0.0915
A0A1Q6K9G3,"2,3_diaminopropionic acid",Mono,0,0.108,0.0915
A0A1Q6K9G3,"2,3_diaminopropionic acid",Tri,1,0.7996,0.7
A0A1Q6K9G3,2_aminophenol,Di,1,0.9365,0.8636
A0A1Q6K9G3,2_aminophenol,Mono,1,0.63,0.4857
A0A1Q6K9G3,2_aminophenol,Tri,1,0.9419,0.8696
A0A1Q6K9G3,3_methoxytyramine,Di,0,0.0413,0.0529
A0A1Q6K9G3,3_methoxytyramine,Mono,0,0.0245,0.0391
A0A1Q6K9G3,3_methoxytyramine,Tri,0,0.0915,0.0529
A0A1Q6K9G3,alanine,Di,1,0.9793,0.9082
A0A1Q6K9G3,alanine,Mono,1,0.9767,0.9082
A0A1Q6K9G3,alanine,Tri,1,0.9494,0.9023
A0A1Q6K9G3,arginine,Di,0,0.0358,0.0409
A0A1Q6K9G3,arginine,Mono,0,0.0161,0.0202
A0A1Q6K9G3,arginine,Tri,0,0.2056,0.1127
A0A1Q6K9G3,asparagine,Di,0,0.1522,0.1127
A0A1Q6K9G3,asparagine,Mono,0,0.1336,0.0915
A0A1Q6K9G3,asparagine,Tri,1,0.8563,0.7
A0A1Q6K9G3,cadaverine,Di,0,0.0079,0.0101
A0A1Q6K9G3,cadaverine,Mono,0,0.0039,0.0101
A0A1Q6K9G3,cadaverine,Tri,0,0.0115,0.0114
A0A1Q6K9G3,citrulline,Di,0,0.2358,0.1455
A0A1Q6K9G3,citrulline,Mono,0,0.0684,0.0529
A0A1Q6K9G3,citrulline,Tri,0,0.1163,0.0915
A0A1Q6K9G3,cystine,Di,0,0.0333,0.0409
A0A1Q6K9G3,cystine,Mono,0,0.0277,0.0391
A0A1Q6K9G3,cystine,Tri,0,0.0867,0.0529
A0A1Q6K9G3,dopamine,Di,0,0.1534,0.1127
A0A1Q6K9G3,dopamine,Mono,0,0.1536,0.1127
A0A1Q6K9G3,dopamine,Tri,1,0.8395,0.7
A0A1Q6K9G3,gaba,Di,1,0.9809,0.9082
A0A1Q6K9G3,gaba,Mono,1,0.9811,0.9082
A0A1Q6K9G3,gaba,Tri,1,0.9853,0.9214
A0A1Q6K9G3,glutamine,Di,0,0.515,0.4014
A0A1Q6K9G3,glutamine,Mono,0,0.7986,0.6667
A0A1Q6K9G3,glutamine,Tri,0,0.4419,0.3936
A0A1Q6K9G3,glyglycine,Di,0,0.0556,0.0529
A0A1Q6K9G3,glyglycine,Mono,0,0.044,0.0529
A0A1Q6K9G3,glyglycine,Tri,1,0.3908,0.2815
A0A1Q6K9G3,histidine,Di,0,0.0188,0.0202
A0A1Q6K9G3,histidine,Mono,0,0.021,0.0301
A0A1Q6K9G3,histidine,Tri,0,0.1461,0.0915
A0A1Q6K9G3,lysine,Di,1,0.6729,0.5287
A0A1Q6K9G3,lysine,Mono,0,0.0876,0.0529
A0A1Q6K9G3,lysine,Tri,0,0.131,0.0915
A0A1Q6K9G3,methionine,Di,0,0.566,0.4231
A0A1Q6K9G3,methionine,Mono,0,0.6043,0.4638
A0A1Q6K9G3,methionine,Tri,1,0.7543,0.5287
A0A1Q6K9G3,ornithine,Di,0,0.1364,0.0915
A0A1Q6K9G3,ornithine,Mono,0,0.0373,0.0529
A0A1Q6K9G3,ornithine,Tri,0,0.0601,0.0529
A0A1Q6K9G3,phenylalanine,Di,1,0.9669,0.9082
A0A1Q6K9G3,phenylalanine,Mono,0,0.689,0.5287
A0A1Q6K9G3,phenylalanine,Tri,1,0.9794,0.9082
A0A1Q6K9G3,proline,Di,0,0.0038,0.0101
A0A1Q6K9G3,proline,Mono,0,0.0043,0.0101
A0A1Q6K9G3,proline,Tri,0,0.0288,0.0391
A0A1Q6K9G3,putrescine,Di,0,0.0079,0.0101
A0A1Q6K9G3,putrescine,Mono,0,0.0039,0.0101
A0A1Q6K9G3,putrescine,Tri,0,0.0115,0.0114
A0A1Q6K9G3,serine,Di,1,0.8068,0.7
A0A1Q6K9G3,serine,Mono,1,0.8204,0.7
A0A1Q6K9G3,serine,Tri,0,0.6956,0.5287
A0A1Q6K9G3,serotonin,Di,0,0.018,0.0202
A0A1Q6K9G3,serotonin,Mono,1,0.3586,0.2815
A0A1Q6K9G3,serotonin,Tri,0,0.037,0.0529
A0A1Q6K9G3,threonine,Di,0,0.6646,0.5287
A0A1Q6K9G3,threonine,Mono,1,0.736,0.5287
A0A1Q6K9G3,threonine,Tri,0,0.2555,0.1757
A0A1Q6K9G3,tryptamine,Di,0,0.0023,0.0101
A0A1Q6K9G3,tryptamine,Mono,0,0.0017,0.0023
A0A1Q6K9G3,tryptamine,Tri,0,0.0061,0.0101
A0A1Q6K9G3,tyramine,Di,0,0.0789,0.0529
A0A1Q6K9G3,tyramine,Mono,1,0.4826,0.4014
A0A1Q6K9G3,tyramine,Tri,0,0.143,0.0915
A0A1Q6PYZ4,"2,3_diaminopropionic acid",Di,0,0.0895,0.0529
A0A1Q6PYZ4,"2,3_diaminopropionic acid",Mono,0,0.0235,0.0391
A0A1Q6PYZ4,"2,3_diaminopropionic acid",Tri,1,0.4716,0.4014
A0A1Q6PYZ4,2_aminophenol,Di,1,0.9864,0.9214
A0A1Q6PYZ4,2_aminophenol,Mono,0,0.817,0.7
A0A1Q6PYZ4,2_aminophenol,Tri,1,0.9126,0.8636
A0A1Q6PYZ4,3_methoxytyramine,Di,1,0.0971,0.0915
A0A1Q6PYZ4,3_methoxytyramine,Mono,0,0.0046,0.0101
A0A1Q6PYZ4,3_methoxytyramine,Tri,0,0.055,0.0529
A0A1Q6PYZ4,alanine,Di,1,0.9943,0.9214
A0A1Q6PYZ4,alanine,Mono,1,0.991,0.9214
A0A1Q6PYZ4,alanine,Tri,1,0.7605,0.5287
A0A1Q6PYZ4,arginine,Di,0,0.0218,0.0301
A0A1Q6PYZ4,arginine,Mono,0,0.0063,0.0101
A0A1Q6PYZ4,arginine,Tri,1,0.0143,0.0202
A0A1Q6PYZ4,asparagine,Di,0,0.1256,0.0915
A0A1Q6PYZ4,asparagine,Mono,0,0.0829,0.0529
A0A1Q6PYZ4,asparagine,Tri,1,0.9332,0.8636
A0A1Q6PYZ4,cadaverine,Di,0,0.0051,0.0101
A0A1Q6PYZ4,cadaverine,Mono,0,0.0014,0.0023
A0A1Q6PYZ4,cadaverine,Tri,1,0.0081,0.0101
A0A1Q6PYZ4,citrulline,Di,1,0.1181,0.0915
A0A1Q6PYZ4,citrulline,Mono,0,0.0134,0.0137
A0A1Q6PYZ4,citrulline,Tri,0,0.0125,0.0137
A0A1Q6PYZ4,cystine,Di,0,0.0215,0.0301
A0A1Q6PYZ4,cystine,Mono,0,0.0046,0.0101
A0A1Q6PYZ4,cystine,Tri,1,0.0237,0.0391
A0A1Q6PYZ4,dopamine,Di,0,0.2213,0.1127
A0A1Q6PYZ4,dopamine,Mono,0,0.0306,0.0409
A0A1Q6PYZ4,dopamine,Tri,1,0.9386,0.8636
A0A1Q6PYZ4,gaba,Di,1,0.9944,0.9214
A0A1Q6PYZ4,gaba,Mono,1,0.9924,0.9214
A0A1Q6PYZ4,gaba,Tri,1,0.9945,0.9214
A0A1Q6PYZ4,glutamine,Di,1,0.3152,0.2692
A0A1Q6PYZ4,glutamine,Mono,1,0.8927,0.8571
A0A1Q6PYZ4,glutamine,Tri,1,0.158,0.1127
A0A1Q6PYZ4,glyglycine,Di,0,0.0302,0.0391
A0A1Q6PYZ4,glyglycine,Mono,0,0.0136,0.0137
A0A1Q6PYZ4,glyglycine,Tri,1,0.0962,0.0915
A0A1Q6PYZ4,histidine,Di,0,0.002,0.0023
A0A1Q6PYZ4,histidine,Mono,0,0.0008,0.0023
A0A1Q6PYZ4,histidine,Tri,1,0.0035,0.0101
A0A1Q6PYZ4,lysine,Di,1,0.3233,0.2692
A0A1Q6PYZ4,lysine,Mono,1,0.0311,0.0409
A0A1Q6PYZ4,lysine,Tri,0,0.0209,0.0301
A0A1Q6PYZ4,methionine,Di,0,0.4985,0.4014
A0A1Q6PYZ4,methionine,Mono,0,0.4882,0.4014
A0A1Q6PYZ4,methionine,Tri,1,0.4079,0.2815
A0A1Q6PYZ4,ornithine,Di,1,0.1202,0.0915
A0A1Q6PYZ4,ornithine,Mono,0,0.0249,0.0391
A0A1Q6PYZ4,ornithine,Tri,1,0.014,0.0202
A0A1Q6PYZ4,phenylalanine,Di,1,0.9902,0.9214
A0A1Q6PYZ4,phenylalanine,Mono,0,0.4997,0.4014
A0A1Q6PYZ4,phenylalanine,Tri,1,0.9902,0.9214
A0A1Q6PYZ4,proline,Di,0,0.004,0.0101
A0A1Q6PYZ4,proline,Mono,1,0.0043,0.0101
A0A1Q6PYZ4,proline,Tri,0,0.0225,0.0345
A0A1Q6PYZ4,putrescine,Di,0,0.0061,0.0101
A0A1Q6PYZ4,putrescine,Mono,0,0.0014,0.0023
A0A1Q6PYZ4,putrescine,Tri,0,0.0095,0.0101
A0A1Q6PYZ4,serine,Di,0,0.5037,0.4014
A0A1Q6PYZ4,serine,Mono,1,0.5766,0.4638
A0A1Q6PYZ4,serine,Tri,0,0.4684,0.3936
A0A1Q6PYZ4,serotonin,Di,0,0.0047,0.0101
A0A1Q6PYZ4,serotonin,Mono,1,0.1309,0.0915
A0A1Q6PYZ4,serotonin,Tri,0,0.0072,0.0101
A0A1Q6PYZ4,threonine,Di,1,0.3418,0.28
A0A1Q6PYZ4,threonine,Mono,0,0.4199,0.2815
A0A1Q6PYZ4,threonine,Tri,0,0.0198,0.0301
A0A1Q6PYZ4,tryptamine,Di,0,0.0013,0.0023
A0A1Q6PYZ4,tryptamine,Mono,0,0.0003,0.0
A0A1Q6PYZ4,tryptamine,Tri,0,0.003,0.0101
A0A1Q6PYZ4,tyramine,Di,0,0.0224,0.0301
A0A1Q6PYZ4,tyramine,Mono,1,0.1956,0.1127
A0A1Q6PYZ4,tyramine,Tri,0,0.0432,0.0529
A0A1Q6RAM4,"2,3_diaminopropionic acid",Di,0,0.0161,0.0202
A0A1Q6RAM4,"2,3_diaminopropionic acid",Mono,0,0.0137,0.0202
A0A1Q6RAM4,"2,3_diaminopropionic acid",Tri,0,0.2034,0.1127
A0A1Q6RAM4,2_aminophenol,Di,1,0.7048,0.5287
A0A1Q6RAM4,2_aminophenol,Mono,0,0.246,0.1757
A0A1Q6RAM4,2_aminophenol,Tri,0,0.6285,0.4857
A0A1Q6RAM4,3_methoxytyramine,Di,0,0.0761,0.0529
A0A1Q6RAM4,3_methoxytyramine,Mono,0,0.0124,0.0114
A0A1Q6RAM4,3_methoxytyramine,Tri,0,0.0881,0.0529
A0A1Q6RAM4,alanine,Di,1,0.7794,0.5287
A0A1Q6RAM4,alanine,Mono,1,0.82,0.7
A0A1Q6RAM4,alanine,Tri,0,0.1993,0.1127
A0A1Q6RAM4,arginine,Di,0,0.0023,0.0101
A0A1Q6RAM4,arginine,Mono,0,0.002,0.0023
A0A1Q6RAM4,arginine,Tri,0,0.0064,0.0101
A0A1Q6RAM4,asparagine,Di,0,0.0315,0.0409
A0A1Q6RAM4,asparagine,Mono,0,0.0459,0.0529
A0A1Q6RAM4,asparagine,Tri,1,0.8565,0.7
A0A1Q6RAM4,cadaverine,Di,0,0.0036,0.0101
A0A1Q6RAM4,cadaverine,Mono,0,0.0021,0.0023
A0A1Q6RAM4,cadaverine,Tri,0,0.0065,0.0101
A0A1Q6RAM4,citrulline,Di,0,0.0078,0.0101
A0A1Q6RAM4,citrulline,Mono,0,0.0024,0.0101
A0A1Q6RAM4,citrulline,Tri,0,0.0026,0.0101
A0A1Q6RAM4,cystine,Di,0,0.0061,0.0101
A0A1Q6RAM4,cystine,Mono,0,0.0031,0.0101
A0A1Q6RAM4,cystine,Tri,0,0.0129,0.0137
A0A1Q6RAM4,dopamine,Di,0,0.1264,0.0915
A0A1Q6RAM4,dopamine,Mono,0,0.0496,0.0529
A0A1Q6RAM4,dopamine,Tri,1,0.825,0.7
A0A1Q6RAM4,gaba,Di,1,0.8376,0.7
A0A1Q6RAM4,gaba,Mono,1,0.9047,0.8636
A0A1Q6RAM4,gaba,Tri,1,0.8747,0.7
A0A1Q6RAM4,glutamine,Di,0,0.0571,0.0529
A0A1Q6RAM4,glutamine,Mono,1,0.6233,0.4857
A0A1Q6RAM4,glutamine,Tri,0,0.0461,0.0529
A0A1Q6RAM4,glyglycine,Di,0,0.0035,0.0101
A0A1Q6RAM4,glyglycine,Mono,0,0.0044,0.0101
A0A1Q6RAM4,glyglycine,Tri,0,0.0412,0.0529
A0A1Q6RAM4,histidine,Di,0,0.001,0.0023
A0A1Q6RAM4,histidine,Mono,0,0.0005,0.0
A0A1Q6RAM4,histidine,Tri,0,0.0071,0.0101
A0A1Q6RAM4,lysine,Di,0,0.0904,0.0529
A0A1Q6RAM4,lysine,Mono,0,0.0092,0.0101
A0A1Q6RAM4,lysine,Tri,0,0.0057,0.0101
A0A1Q6RAM4,methionine,Di,0,0.0162,0.0202
A0A1Q6RAM4,methionine,Mono,0,0.0267,0.0391
A0A1Q6RAM4,methionine,Tri,0,0.0278,0.0391
A0A1Q6RAM4,ornithine,Di,0,0.0353,0.0409
A0A1Q6RAM4,ornithine,Mono,0,0.0156,0.0202
A0A1Q6RAM4,ornithine,Tri,0,0.0093,0.0101
A0A1Q6RAM4,phenylalanine,Di,1,0.8224,0.7
A0A1Q6RAM4,phenylalanine,Mono,0,0.1457,0.0915
A0A1Q6RAM4,phenylalanine,Tri,1,0.88,0.75
A0A1Q6RAM4,proline,Di,0,0.0014,0.0023
A0A1Q6RAM4,proline,Mono,0,0.0025,0.0101
A0A1Q6RAM4,proline,Tri,0,0.0149,0.0202
A0A1Q6RAM4,putrescine,Di,0,0.0036,0.0101
A0A1Q6RAM4,putrescine,Mono,0,0.0021,0.0023
A0A1Q6RAM4,putrescine,Tri,0,0.0066,0.0101
A0A1Q6RAM4,serine,Di,0,0.1002,0.0915
A0A1Q6RAM4,serine,Mono,0,0.1393,0.0915
A0A1Q6RAM4,serine,Tri,0,0.0601,0.0529
A0A1Q6RAM4,serotonin,Di,0,0.0039,0.0101
A0A1Q6RAM4,serotonin,Mono,0,0.0914,0.0529
A0A1Q6RAM4,serotonin,Tri,0,0.004,0.0101
A0A1Q6RAM4,threonine,Di,0,0.0145,0.0202
A0A1Q6RAM4,threonine,Mono,0,0.0395,0.0529
A0A1Q6RAM4,threonine,Tri,0,0.0023,0.0101
A0A1Q6RAM4,tryptamine,Di,0,0.0033,0.0101
A0A1Q6RAM4,tryptamine,Mono,0,0.0018,0.0023
A0A1Q6RAM4,tryptamine,Tri,0,0.0099,0.0101
A0A1Q6RAM4,tyramine,Di,0,0.0128,0.0137
A0A1Q6RAM4,tyramine,Mono,0,0.1547,0.1127
A0A1Q6RAM4,tyramine,Tri,0,0.0185,0.0202
A0A1Y3QT37,"2,3_diaminopropionic acid",Di,0,0.0117,0.0114
A0A1Y3QT37,"2,3_diaminopropionic acid",Mono,0,0.0049,0.0101
A0A1Y3QT37,"2,3_diaminopropionic acid",Tri,1,0.0321,0.0409
A0A1Y3QT37,2_aminophenol,Di,1,0.5628,0.4231
A0A1Y3QT37,2_aminophenol,Mono,1,0.0373,0.0529
A0A1Y3QT37,2_aminophenol,Tri,1,0.2038,0.1127
A0A1Y3QT37,3_methoxytyramine,Di,0,0.0383,0.0529
A0A1Y3QT37,3_methoxytyramine,Mono,0,0.001,0.0023
A0A1Y3QT37,3_methoxytyramine,Tri,0,0.0146,0.0202
A0A1Y3QT37,alanine,Di,1,0.6569,0.5287
A0A1Y3QT37,alanine,Mono,1,0.5818,0.4638
A0A1Y3QT37,alanine,Tri,1,0.0523,0.0529
A0A1Y3QT37,arginine,Di,0,0.0006,0.0
A0A1Y3QT37,arginine,Mono,0,0.0007,0.0023
A0A1Y3QT37,arginine,Tri,0,0.0003,0.0
A0A1Y3QT37,asparagine,Di,0,0.0117,0.0114
A0A1Y3QT37,asparagine,Mono,0,0.0157,0.0202
A0A1Y3QT37,asparagine,Tri,1,0.6512,0.5287
A0A1Y3QT37,cadaverine,Di,0,0.0007,0.0023
A0A1Y3QT37,cadaverine,Mono,0,0.0003,0.0
A0A1Y3QT37,cadaverine,Tri,0,0.0018,0.0023
A0A1Y3QT37,citrulline,Di,0,0.0007,0.0
A0A1Y3QT37,citrulline,Mono,0,0.0005,0.0
A0A1Y3QT37,citrulline,Tri,0,0.0002,0.0
A0A1Y3QT37,cystine,Di,0,0.0016,0.0023
A0A1Y3QT37,cystine,Mono,0,0.0003,0.0
A0A1Y3QT37,cystine,Tri,0,0.0008,0.0023
A0A1Y3QT37,dopamine,Di,0,0.0795,0.0529
A0A1Y3QT37,dopamine,Mono,0,0.0062,0.0101
A0A1Y3QT37,dopamine,Tri,1,0.5854,0.4638
A0A1Y3QT37,gaba,Di,1,0.8068,0.7
A0A1Y3QT37,gaba,Mono,1,0.8242,0.7
A0A1Y3QT37,gaba,Tri,1,0.8289,0.7
A0A1Y3QT37,glutamine,Di,0,0.0076,0.0101
A0A1Y3QT37,glutamine,Mono,0,0.202,0.1127
A0A1Y3QT37,glutamine,Tri,0,0.0054,0.0101
A0A1Y3QT37,glyglycine,Di,0,0.0018,0.0023
A0A1Y3QT37,glyglycine,Mono,0,0.0013,0.0023
A0A1Y3QT37,glyglycine,Tri,1,0.0025,0.0101
A0A1Y3QT37,histidine,Di,0,0.0005,0.0
A0A1Y3QT37,histidine,Mono,0,0.0003,0.0
A0A1Y3QT37,histidine,Tri,0,0.0009,0.0023
A0A1Y3QT37,lysine,Di,1,0.0028,0.0101
A0A1Y3QT37,lysine,Mono,0,0.0014,0.0023
A0A1Y3QT37,lysine,Tri,0,0.0005,0.0
A0A1Y3QT37,methionine,Di,0,0.0015,0.0023
A0A1Y3QT37,methionine,Mono,0,0.0023,0.0023
A0A1Y3QT37,methionine,Tri,1,0.0007,0.0023
A0A1Y3QT37,ornithine,Di,0,0.0082,0.0101
A0A1Y3QT37,ornithine,Mono,0,0.0073,0.0101
A0A1Y3QT37,ornithine,Tri,0,0.0018,0.0023
A0A1Y3QT37,phenylalanine,Di,1,0.6507,0.5287
A0A1Y3QT37,phenylalanine,Mono,0,0.0263,0.0391
A0A1Y3QT37,phenylalanine,Tri,1,0.6618,0.5287
A0A1Y3QT37,proline,Di,0,0.0022,0.0023
A0A1Y3QT37,proline,Mono,0,0.0028,0.0101
A0A1Y3QT37,proline,Tri,0,0.0087,0.0101
A0A1Y3QT37,putrescine,Di,0,0.0007,0.0023
A0A1Y3QT37,putrescine,Mono,0,0.0003,0.0
A0A1Y3QT37,putrescine,Tri,0,0.0017,0.0023
A0A1Y3QT37,serine,Di,1,0.0113,0.0114
A0A1Y3QT37,serine,Mono,1,0.0236,0.0391
A0A1Y3QT37,serine,Tri,1,0.0058,0.0101
A0A1Y3QT37,serotonin,Di,0,0.0013,0.0023
A0A1Y3QT37,serotonin,Mono,1,0.0168,0.0202
A0A1Y3QT37,serotonin,Tri,0,0.0015,0.0023
A0A1Y3QT37,threonine,Di,0,0.0013,0.0023
A0A1Y3QT37,threonine,Mono,1,0.0023,0.0101
A0A1Y3QT37,threonine,Tri,0,0.0001,0.0
A0A1Y3QT37,tryptamine,Di,0,0.002,0.0023
A0A1Y3QT37,tryptamine,Mono,0,0.0003,0.0
A0A1Y3QT37,tryptamine,Tri,0,0.0041,0.0101
A0A1Y3QT37,tyramine,Di,0,0.0018,0.0023
A0A1Y3QT37,tyramine,Mono,1,0.0066,0.0101
A0A1Y3QT37,tyramine,Tri,0,0.0025,0.0101
A0A1Y3TDY5,"2,3_diaminopropionic acid",Di,0,0.0494,0.0529
A0A1Y3TDY5,"2,3_diaminopropionic acid",Mono,0,0.0476,0.0529
A0A1Y3TDY5,"2,3_diaminopropionic acid",Tri,1,0.4583,0.3936
A0A1Y3TDY5,2_aminophenol,Di,1,0.8885,0.8333
A0A1Y3TDY5,2_aminophenol,Mono,1,0.4295,0.3936
A0A1Y3TDY5,2_aminophenol,Tri,1,0.8921,0.8571
A0A1Y3TDY5,3_methoxytyramine,Di,1,0.0511,0.0529
A0A1Y3TDY5,3_methoxytyramine,Mono,0,0.0202,0.0301
A0A1Y3TDY5,3_methoxytyramine,Tri,0,0.0822,0.0529
A0A1Y3TDY5,alanine,Di,1,0.9397,0.8696
A0A1Y3TDY5,alanine,Mono,1,0.9391,0.8696
A0A1Y3TDY5,alanine,Tri,0,0.632,0.4857
A0A1Y3TDY5,arginine,Di,0,0.0141,0.0202
A0A1Y3TDY5,arginine,Mono,0,0.0067,0.0101
A0A1Y3TDY5,arginine,Tri,0,0.0482,0.0529
A0A1Y3TDY5,asparagine,Di,0,0.0749,0.0529
A0A1Y3TDY5,asparagine,Mono,0,0.0934,0.0714
A0A1Y3TDY5,asparagine,Tri,1,0.8063,0.7
A0A1Y3TDY5,cadaverine,Di,0,0.0053,0.0101
A0A1Y3TDY5,cadaverine,Mono,0,0.0032,0.0101
A0A1Y3TDY5,cadaverine,Tri,0,0.0072,0.0101
A0A1Y3TDY5,citrulline,Di,1,0.0971,0.0915
A0A1Y3TDY5,citrulline,Mono,0,0.0271,0.0391
A0A1Y3TDY5,citrulline,Tri,0,0.0338,0.0409
A0A1Y3TDY5,cystine,Di,0,0.0254,0.0391
A0A1Y3TDY5,cystine,Mono,0,0.0236,0.0391
A0A1Y3TDY5,cystine,Tri,0,0.0637,0.0529
A0A1Y3TDY5,dopamine,Di,0,0.1172,0.0915
A0A1Y3TDY5,dopamine,Mono,0,0.0805,0.0529
A0A1Y3TDY5,dopamine,Tri,1,0.7143,0.5287
A0A1Y3TDY5,gaba,Di,1,0.9711,0.9082
A0A1Y3TDY5,gaba,Mono,1,0.9812,0.9082
A0A1Y3TDY5,gaba,Tri,1,0.9749,0.9082
A0A1Y3TDY5,glutamine,Di,0,0.2882,0.2692
A0A1Y3TDY5,glutamine,Mono,1,0.7084,0.5287
A0A1Y3TDY5,glutamine,Tri,0,0.2273,0.1455
A0A1Y3TDY5,glyglycine,Di,0,0.0167,0.0202
A0A1Y3TDY5,glyglycine,Mono,0,0.0159,0.0202
A0A1Y3TDY5,glyglycine,Tri,0,0.0971,0.0915
A0A1Y3TDY5,histidine,Di,0,0.01,0.0101
A0A1Y3TDY5,histidine,Mono,0,0.011,0.0101
A0A1Y3TDY5,histidine,Tri,0,0.0493,0.0529
A0A1Y3TDY5,lysine,Di,1,0.3284,0.2692
A0A1Y3TDY5,lysine,Mono,0,0.0321,0.0409
A0A1Y3TDY5,lysine,Tri,0,0.0295,0.0391
A0A1Y3TDY5,methionine,Di,0,0.1578,0.1127
A0A1Y3TDY5,methionine,Mono,0,0.2249,0.1127
A0A1Y3TDY5,methionine,Tri,0,0.2929,0.2692
A0A1Y3TDY5,ornithine,Di,1,0.0635,0.0529
A0A1Y3TDY5,ornithine,Mono,0,0.0206,0.0301
A0A1Y3TDY5,ornithine,Tri,0,0.0199,0.0301
A0A1Y3TDY5,phenylalanine,Di,1,0.9288,0.8636
A0A1Y3TDY5,phenylalanine,Mono,0,0.4911,0.4014
A0A1Y3TDY5,phenylalanine,Tri,1,0.9539,0.9023
A0A1Y3TDY5,proline,Di,0,0.0053,0.0101
A0A1Y3TDY5,proline,Mono,0,0.0076,0.0101
A0A1Y3TDY5,proline,Tri,0,0.0279,0.0391
A0A1Y3TDY5,putrescine,Di,0,0.0053,0.0101
A0A1Y3TDY5,putrescine,Mono,0,0.0032,0.0101
A0A1Y3TDY5,putrescine,Tri,0,0.0072,0.0101
A0A1Y3TDY5,serine,Di,0,0.409,0.2815
A0A1Y3TDY5,serine,Mono,0,0.4911,0.4014
A0A1Y3TDY5,serine,Tri,0,0.2681,0.1875
A0A1Y3TDY5,serotonin,Di,0,0.0167,0.0202
A0A1Y3TDY5,serotonin,Mono,0,0.1906,0.1127
A0A1Y3TDY5,serotonin,Tri,0,0.0288,0.0391
A0A1Y3TDY5,threonine,Di,0,0.249,0.1757
A0A1Y3TDY5,threonine,Mono,0,0.3325,0.2692
A0A1Y3TDY5,threonine,Tri,0,0.0518,0.0529
A0A1Y3TDY5,tryptamine,Di,0,0.005,0.0101
A0A1Y3TDY5,tryptamine,Mono,0,0.0032,0.0101
A0A1Y3TDY5,tryptamine,Tri,0,0.012,0.0114
A0A1Y3TDY5,tyramine,Di,0,0.0477,0.0529
A0A1Y3TDY5,tyramine,Mono,1,0.2773,0.1915
A0A1Y3TDY5,tyramine,Tri,0,0.085,0.0529
A0A1Y3VSR9,"2,3_diaminopropionic acid",Di,0,0.013,0.0137
A0A1Y3VSR9,"2,3_diaminopropionic acid",Mono,0,0.0049,0.0101
A0A1Y3VSR9,"2,3_diaminopropionic acid",Tri,0,0.0434,0.0529
A0A1Y3VSR9,2_aminophenol,Di,1,0.5463,0.4014
A0A1Y3VSR9,2_aminophenol,Mono,0,0.131,0.0915
A0A1Y3VSR9,2_aminophenol,Tri,1,0.1648,0.1127
A0A1Y3VSR9,3_methoxytyramine,Di,1,0.1305,0.0915
A0A1Y3VSR9,3_methoxytyramine,Mono,0,0.0017,0.0023
A0A1Y3VSR9,3_methoxytyramine,Tri,0,0.0163,0.0202
A0A1Y3VSR9,alanine,Di,1,0.3155,0.2692
A0A1Y3VSR9,alanine,Mono,1,0.4369,0.3936
A0A1Y3VSR9,alanine,Tri,0,0.0405,0.0529
A0A1Y3VSR9,arginine,Di,0,0.0003,0.0
A0A1Y3VSR9,arginine,Mono,0,0.0005,0.0
A0A1Y3VSR9,arginine,Tri,0,0.0003,0.0
A0A1Y3VSR9,asparagine,Di,0,0.0017,0.0023
A0A1Y3VSR9,asparagine,Mono,0,0.0034,0.0101
A0A1Y3VSR9,asparagine,Tri,1,0.3091,0.2692
A0A1Y3VSR9,cadaverine,Di,0,0.0007,0.0
A0A1Y3VSR9,cadaverine,Mono,0,0.0005,0.0
A0A1Y3VSR9,cadaverine,Tri,0,0.001,0.0023
A0A1Y3VSR9,citrulline,Di,0,0.0005,0.0
A0A1Y3VSR9,citrulline,Mono,0,0.0005,0.0
A0A1Y3VSR9,citrulline,Tri,0,0.0002,0.0
A0A1Y3VSR9,cystine,Di,0,0.001,0.0023
A0A1Y3VSR9,cystine,Mono,0,0.0003,0.0
A0A1Y3VSR9,cystine,Tri,0,0.0006,0.0
A0A1Y3VSR9,dopamine,Di,0,0.0701,0.0529
A0A1Y3VSR9,dopamine,Mono,0,0.0054,0.0101
A0A1Y3VSR9,dopamine,Tri,1,0.4841,0.4014
A0A1Y3VSR9,gaba,Di,1,0.4431,0.3936
A0A1Y3VSR9,gaba,Mono,1,0.6049,0.4638
A0A1Y3VSR9,gaba,Tri,1,0.4425,0.3936
A0A1Y3VSR9,glutamine,Di,0,0.0015,0.0023
A0A1Y3VSR9,glutamine,Mono,1,0.0923,0.0714
A0A1Y3VSR9,glutamine,Tri,0,0.0015,0.0023
A0A1Y3VSR9,glyglycine,Di,0,0.001,0.0023
A0A1Y3VSR9,glyglycine,Mono,0,0.0011,0.0023
A0A1Y3VSR9,glyglycine,Tri,0,0.0017,0.0023
A0A1Y3VSR9,histidine,Di,0,0.0002,0.0
A0A1Y3VSR9,histidine,Mono,0,0.0002,0.0
A0A1Y3VSR9,histidine,Tri,0,0.0004,0.0
A0A1Y3VSR9,lysine,Di,0,0.0029,0.0101
A0A1Y3VSR9,lysine,Mono,0,0.002,0.0023
A0A1Y3VSR9,lysine,Tri,0,0.0003,0.0
A0A1Y3VSR9,methionine,Di,0,0.0012,0.0023
A0A1Y3VSR9,methionine,Mono,0,0.0045,0.0101
A0A1Y3VSR9,methionine,Tri,0,0.0008,0.0023
A0A1Y3VSR9,ornithine,Di,0,0.0426,0.0529
A0A1Y3VSR9,ornithine,Mono,0,0.0648,0.0529
A0A1Y3VSR9,ornithine,Tri,0,0.003,0.0101
A0A1Y3VSR9,phenylalanine,Di,1,0.392,0.2815
A0A1Y3VSR9,phenylalanine,Mono,0,0.0202,0.0301
A0A1Y3VSR9,phenylalanine,Tri,1,0.3927,0.2815
A0A1Y3VSR9,proline,Di,0,0.0007,0.0023
A0A1Y3VSR9,proline,Mono,0,0.0022,0.0023
A0A1Y3VSR9,proline,Tri,0,0.0129,0.0137
A0A1Y3VSR9,putrescine,Di,0,0.0008,0.0023
A0A1Y3VSR9,putrescine,Mono,0,0.0005,0.0
A0A1Y3VSR9,putrescine,Tri,0,0.0012,0.0023
A0A1Y3VSR9,serine,Di,0,0.0038,0.0101
A0A1Y3VSR9,serine,Mono,0,0.0262,0.0391
A0A1Y3VSR9,serine,Tri,0,0.0043,0.0101
A0A1Y3VSR9,serotonin,Di,0,0.0028,0.0101
A0A1Y3VSR9,serotonin,Mono,0,0.1361,0.0915
A0A1Y3VSR9,serotonin,Tri,0,0.0028,0.0101
A0A1Y3VSR9,threonine,Di,0,0.0004,0.0
A0A1Y3VSR9,threonine,Mono,0,0.0035,0.0101
A0A1Y3VSR9,threonine,Tri,0,0.0001,0.0
A0A1Y3VSR9,tryptamine,Di,0,0.0025,0.0101
A0A1Y3VSR9,tryptamine,Mono,0,0.0011,0.0023
A0A1Y3VSR9,tryptamine,Tri,0,0.0052,0.0101
A0A1Y3VSR9,tyramine,Di,0,0.0016,0.0023
A0A1Y3VSR9,tyramine,Mono,0,0.0201,0.0301
A0A1Y3VSR9,tyramine,Tri,0,0.0014,0.0023
A0A2S7KLN3,"2,3_diaminopropionic acid",Di,0,0.0297,0.0391
A0A2S7KLN3,"2,3_diaminopropionic acid",Mono,0,0.0306,0.0409
A0A2S7KLN3,"2,3_diaminopropionic acid",Tri,0,0.3281,0.2692
A0A2S7KLN3,2_aminophenol,Di,1,0.8858,0.8235
A0A2S7KLN3,2_aminophenol,Mono,1,0.5311,0.4014
A0A2S7KLN3,2_aminophenol,Tri,0,0.8961,0.8571
A0A2S7KLN3,3_methoxytyramine,Di,0,0.0855,0.0529
A0A2S7KLN3,3_methoxytyramine,Mono,0,0.0318,0.0409
A0A2S7KLN3,3_methoxytyramine,Tri,0,0.1107,0.0915
A0A2S7KLN3,alanine,Di,1,0.912,0.8636
A0A2S7KLN3,alanine,Mono,1,0.9096,0.8636
A0A2S7KLN3,alanine,Tri,0,0.4589,0.3936
A0A2S7KLN3,arginine,Di,0,0.0107,0.0101
A0A2S7KLN3,arginine,Mono,0,0.0063,0.0101
A0A2S7KLN3,arginine,Tri,0,0.0291,0.0391
A0A2S7KLN3,asparagine,Di,0,0.0688,0.0529
A0A2S7KLN3,asparagine,Mono,0,0.1048,0.0915
A0A2S7KLN3,asparagine,Tri,1,0.8075,0.7
A0A2S7KLN3,cadaverine,Di,0,0.0067,0.0101
A0A2S7KLN3,cadaverine,Mono,0,0.0044,0.0101
A0A2S7KLN3,cadaverine,Tri,0,0.01,0.0101
A0A2S7KLN3,citrulline,Di,0,0.0794,0.0529
A0A2S7KLN3,citrulline,Mono,0,0.029,0.0391
A0A2S7KLN3,citrulline,Tri,0,0.0256,0.0391
A0A2S7KLN3,cystine,Di,0,0.0173,0.0202
A0A2S7KLN3,cystine,Mono,0,0.0145,0.0202
A0A2S7KLN3,cystine,Tri,0,0.0355,0.0409
A0A2S7KLN3,dopamine,Di,0,0.2309,0.1455
A0A2S7KLN3,dopamine,Mono,0,0.1735,0.1127
A0A2S7KLN3,dopamine,Tri,1,0.8424,0.7
A0A2S7KLN3,gaba,Di,1,0.933,0.8636
A0A2S7KLN3,gaba,Mono,1,0.9612,0.9023
A0A2S7KLN3,gaba,Tri,1,0.9345,0.8636
A0A2S7KLN3,glutamine,Di,0,0.3208,0.2692
A0A2S7KLN3,glutamine,Mono,1,0.8002,0.7
A0A2S7KLN3,glutamine,Tri,0,0.2254,0.1127
A0A2S7KLN3,glyglycine,Di,0,0.018,0.0202
A0A2S7KLN3,glyglycine,Mono,0,0.0171,0.0202
A0A2S7KLN3,glyglycine,Tri,0,0.1203,0.0915
A0A2S7KLN3,histidine,Di,0,0.0097,0.0101
A0A2S7KLN3,histidine,Mono,0,0.0109,0.0101
A0A2S7KLN3,histidine,Tri,0,0.0501,0.0529
A0A2S7KLN3,lysine,Di,0,0.2174,0.1127
A0A2S7KLN3,lysine,Mono,0,0.0358,0.0409
A0A2S7KLN3,lysine,Tri,0,0.0224,0.0345
A0A2S7KLN3,methionine,Di,0,0.1737,0.1127
A0A2S7KLN3,methionine,Mono,0,0.2191,0.1127
A0A2S7KLN3,methionine,Tri,0,0.2607,0.1875
A0A2S7KLN3,ornithine,Di,0,0.0854,0.0529
A0A2S7KLN3,ornithine,Mono,0,0.0348,0.0409
A0A2S7KLN3,ornithine,Tri,0,0.0234,0.0391
A0A2S7KLN3,phenylalanine,Di,1,0.9192,0.8636
A0A2S7KLN3,phenylalanine,Mono,0,0.5442,0.4014
A0A2S7KLN3,phenylalanine,Tri,1,0.948,0.9023
A0A2S7KLN3,proline,Di,0,0.0048,0.0101
A0A2S7KLN3,proline,Mono,0,0.0073,0.0101
A0A2S7KLN3,proline,Tri,0,0.0255,0.0391
A0A2S7KLN3,putrescine,Di,0,0.0067,0.0101
A0A2S7KLN3,putrescine,Mono,0,0.0044,0.0101
A0A2S7KLN3,putrescine,Tri,0,0.01,0.0101
A0A2S7KLN3,serine,Di,0,0.3168,0.2692
A0A2S7KLN3,serine,Mono,0,0.3828,0.2815
A0A2S7KLN3,serine,Tri,0,0.2184,0.1127
A0A2S7KLN3,serotonin,Di,0,0.0172,0.0202
A0A2S7KLN3,serotonin,Mono,0,0.1743,0.1127
A0A2S7KLN3,serotonin,Tri,0,0.0244,0.0391
A0A2S7KLN3,threonine,Di,0,0.1891,0.1127
A0A2S7KLN3,threonine,Mono,0,0.2551,0.1757
A0A2S7KLN3,threonine,Tri,0,0.0391,0.0529
A0A2S7KLN3,tryptamine,Di,0,0.0072,0.0101
A0A2S7KLN3,tryptamine,Mono,0,0.0058,0.0101
A0A2S7KLN3,tryptamine,Tri,0,0.0197,0.0301
A0A2S7KLN3,tyramine,Di,0,0.0539,0.0529
A0A2S7KLN3,tyramine,Mono,0,0.2683,0.1875
A0A2S7KLN3,tyramine,Tri,0,0.0749,0.0529
A0A2S8GTJ2,"2,3_diaminopropionic acid",Di,0,0.0378,0.0529
A0A2S8GTJ2,"2,3_diaminopropionic acid",Mono,0,0.0268,0.0391
A0A2S8GTJ2,"2,3_diaminopropionic acid",Tri,0,0.3149,0.2692
A0A2S8GTJ2,2_aminophenol,Di,1,0.8914,0.8571
A0A2S8GTJ2,2_aminophenol,Mono,0,0.3717,0.2815
A0A2S8GTJ2,2_aminophenol,Tri,0,0.8779,0.7
A0A2S8GTJ2,3_methoxytyramine,Di,0,0.1504,0.1127
A0A2S8GTJ2,3_methoxytyramine,Mono,0,0.0356,0.0409
A0A2S8GTJ2,3_methoxytyramine,Tri,0,0.1853,0.1127
A0A2S8GTJ2,alanine,Di,1,0.9558,0.9023
A0A2S8GTJ2,alanine,Mono,1,0.9414,0.8696
A0A2S8GTJ2,alanine,Tri,0,0.4633,0.3936
A0A2S8GTJ2,arginine,Di,0,0.0131,0.0137
A0A2S8GTJ2,arginine,Mono,0,0.0059,0.0101
A0A2S8GTJ2,arginine,Tri,0,0.0342,0.0409
A0A2S8GTJ2,asparagine,Di,0,0.0844,0.0529
A0A2S8GTJ2,asparagine,Mono,0,0.0996,0.0915
A0A2S8GTJ2,asparagine,Tri,1,0.8575,0.7
A0A2S8GTJ2,cadaverine,Di,0,0.008,0.0101
A0A2S8GTJ2,cadaverine,Mono,0,0.0036,0.0101
A0A2S8GTJ2,cadaverine,Tri,0,0.012,0.0114
A0A2S8GTJ2,citrulline,Di,0,0.0746,0.0529
A0A2S8GTJ2,citrulline,Mono,0,0.0236,0.0391
A0A2S8GTJ2,citrulline,Tri,0,0.0306,0.0409
A0A2S8GTJ2,cystine,Di,0,0.0264,0.0391
A0A2S8GTJ2,cystine,Mono,0,0.0148,0.0202
A0A2S8GTJ2,cystine,Tri,0,0.0519,0.0529
A0A2S8GTJ2,dopamine,Di,0,0.2346,0.1455
A0A2S8GTJ2,dopamine,Mono,0,0.1164,0.0915
A0A2S8GTJ2,dopamine,Tri,1,0.8565,0.7
A0A2S8GTJ2,gaba,Di,1,0.9751,0.9082
A0A2S8GTJ2,gaba,Mono,1,0.9784,0.9082
A0A2S8GTJ2,gaba,Tri,1,0.9754,0.9082
A0A2S8GTJ2,glutamine,Di,0,0.239,0.1757
A0A2S8GTJ2,glutamine,Mono,1,0.7144,0.5287
A0A2S8GTJ2,glutamine,Tri,0,0.1652,0.1127
A0A2S8GTJ2,glyglycine,Di,0,0.014,0.0202
A0A2S8GTJ2,glyglycine,Mono,0,0.0096,0.0101
A0A2S8GTJ2,glyglycine,Tri,0,0.0635,0.0529
A0A2S8GTJ2,histidine,Di,0,0.0093,0.0101
A0A2S8GTJ2,histidine,Mono,0,0.0091,0.0101
A0A2S8GTJ2,histidine,Tri,0,0.0365,0.0529
A0A2S8GTJ2,lysine,Di,0,0.2308,0.1455
A0A2S8GTJ2,lysine,Mono,0,0.0339,0.0409
A0A2S8GTJ2,lysine,Tri,0,0.0322,0.0409
A0A2S8GTJ2,methionine,Di,0,0.1288,0.0915
A0A2S8GTJ2,methionine,Mono,0,0.1273,0.0915
A0A2S8GTJ2,methionine,Tri,0,0.1716,0.1127
A0A2S8GTJ2,ornithine,Di,0,0.0787,0.0529
A0A2S8GTJ2,ornithine,Mono,0,0.0266,0.0391
A0A2S8GTJ2,ornithine,Tri,0,0.0283,0.0391
A0A2S8GTJ2,phenylalanine,Di,1,0.938,0.8636
A0A2S8GTJ2,phenylalanine,Mono,0,0.3363,0.2692
A0A2S8GTJ2,phenylalanine,Tri,1,0.9519,0.9023
A0A2S8GTJ2,proline,Di,0,0.0047,0.0101
A0A2S8GTJ2,proline,Mono,0,0.0064,0.0101
A0A2S8GTJ2,proline,Tri,0,0.0292,0.0391
A0A2S8GTJ2,putrescine,Di,0,0.0082,0.0101
A0A2S8GTJ2,putrescine,Mono,0,0.0037,0.0101
A0A2S8GTJ2,putrescine,Tri,0,0.0124,0.0114
A0A2S8GTJ2,serine,Di,0,0.2015,0.1127
A0A2S8GTJ2,serine,Mono,0,0.2243,0.1127
A0A2S8GTJ2,serine,Tri,0,0.1411,0.0915
A0A2S8GTJ2,serotonin,Di,0,0.0176,0.0202
A0A2S8GTJ2,serotonin,Mono,0,0.2017,0.1127
A0A2S8GTJ2,serotonin,Tri,0,0.0247,0.0391
A0A2S8GTJ2,threonine,Di,0,0.1302,0.0915
A0A2S8GTJ2,threonine,Mono,0,0.1612,0.1127
A0A2S8GTJ2,threonine,Tri,0,0.0205,0.0301
A0A2S8GTJ2,tryptamine,Di,0,0.009,0.0101
A0A2S8GTJ2,tryptamine,Mono,0,0.0042,0.0101
A0A2S8GTJ2,tryptamine,Tri,0,0.0221,0.0301
A0A2S8GTJ2,tyramine,Di,0,0.0437,0.0529
A0A2S8GTJ2,tyramine,Mono,0,0.2499,0.1757
A0A2S8GTJ2,tyramine,Tri,0,0.0609,0.0529
A0A2T3FKY8,"2,3_diaminopropionic acid",Di,0,0.3916,0.2815
A0A2T3FKY8,"2,3_diaminopropionic acid",Mono,0,0.1989,0.1127
A0A2T3FKY8,"2,3_diaminopropionic acid",Tri,1,0.8914,0.8571
A0A2T3FKY8,2_aminophenol,Di,1,0.9849,0.9214
A0A2T3FKY8,2_aminophenol,Mono,0,0.7881,0.5287
A0A2T3FKY8,2_aminophenol,Tri,1,0.9627,0.9023
A0A2T3FKY8,3_methoxytyramine,Di,0,0.2242,0.1127
A0A2T3FKY8,3_methoxytyramine,Mono,0,0.0219,0.0301
A0A2T3FKY8,3_methoxytyramine,Tri,0,0.1705,0.1127
A0A2T3FKY8,alanine,Di,1,0.996,0.925
A0A2T3FKY8,alanine,Mono,1,0.9938,0.9214
A0A2T3FKY8,alanine,Tri,1,0.9493,0.9023
A0A2T3FKY8,arginine,Di,0,0.1726,0.1127
A0A2T3FKY8,arginine,Mono,0,0.0478,0.0529
A0A2T3FKY8,arginine,Tri,0,0.1909,0.1127
A0A2T3FKY8,asparagine,Di,0,0.1871,0.1127
A0A2T3FKY8,asparagine,Mono,0,0.1513,0.1127
A0A2T3FKY8,asparagine,Tri,1,0.9564,0.9023
A0A2T3FKY8,cadaverine,Di,0,0.019,0.0202
A0A2T3FKY8,cadaverine,Mono,0,0.0068,0.0101
A0A2T3FKY8,cadaverine,Tri,0,0.0527,0.0529
A0A2T3FKY8,citrulline,Di,1,0.5852,0.4638
A0A2T3FKY8,citrulline,Mono,0,0.197,0.1127
A0A2T3FKY8,citrulline,Tri,0,0.1863,0.1127
A0A2T3FKY8,cystine,Di,0,0.0754,0.0529
A0A2T3FKY8,cystine,Mono,0,0.0217,0.0301
A0A2T3FKY8,cystine,Tri,0,0.0932,0.0714
A0A2T3FKY8,dopamine,Di,0,0.4476,0.3936
A0A2T3FKY8,dopamine,Mono,0,0.1133,0.0915
A0A2T3FKY8,dopamine,Tri,1,0.9261,0.8636
A0A2T3FKY8,gaba,Di,1,0.9958,0.9214
A0A2T3FKY8,gaba,Mono,1,0.9962,0.925
A0A2T3FKY8,gaba,Tri,1,0.9962,0.925
A0A2T3FKY8,glutamine,Di,0,0.6856,0.5287
A0A2T3FKY8,glutamine,Mono,1,0.9299,0.8636
A0A2T3FKY8,glutamine,Tri,0,0.4697,0.3936
A0A2T3FKY8,glyglycine,Di,0,0.1345,0.0915
A0A2T3FKY8,glyglycine,Mono,0,0.0752,0.0529
A0A2T3FKY8,glyglycine,Tri,1,0.2855,0.2692
A0A2T3FKY8,histidine,Di,0,0.0182,0.0202
A0A2T3FKY8,histidine,Mono,0,0.0107,0.0101
A0A2T3FKY8,histidine,Tri,0,0.0601,0.0529
A0A2T3FKY8,lysine,Di,1,0.8393,0.7
A0A2T3FKY8,lysine,Mono,0,0.3923,0.2815
A0A2T3FKY8,lysine,Tri,0,0.2358,0.1455
A0A2T3FKY8,methionine,Di,0,0.8023,0.7
A0A2T3FKY8,methionine,Mono,1,0.7357,0.5287
A0A2T3FKY8,methionine,Tri,1,0.7156,0.5287
A0A2T3FKY8,ornithine,Di,0,0.6119,0.4638
A0A2T3FKY8,ornithine,Mono,0,0.2723,0.1915
A0A2T3FKY8,ornithine,Tri,0,0.1373,0.0915
A0A2T3FKY8,phenylalanine,Di,1,0.9912,0.9214
A0A2T3FKY8,phenylalanine,Mono,1,0.7317,0.5287
A0A2T3FKY8,phenylalanine,Tri,1,0.9938,0.9214
A0A2T3FKY8,proline,Di,0,0.0246,0.0391
A0A2T3FKY8,proline,Mono,0,0.0241,0.0391
A0A2T3FKY8,proline,Tri,0,0.1184,0.0915
A0A2T3FKY8,putrescine,Di,0,0.0186,0.0202
A0A2T3FKY8,putrescine,Mono,0,0.0064,0.0101
A0A2T3FKY8,putrescine,Tri,0,0.0502,0.0529
A0A2T3FKY8,serine,Di,1,0.829,0.7
A0A2T3FKY8,serine,Mono,1,0.8929,0.8571
A0A2T3FKY8,serine,Tri,1,0.798,0.6667
A0A2T3FKY8,serotonin,Di,0,0.0359,0.0409
A0A2T3FKY8,serotonin,Mono,0,0.6036,0.4638
A0A2T3FKY8,serotonin,Tri,0,0.052,0.0529
A0A2T3FKY8,threonine,Di,1,0.772,0.5287
A0A2T3FKY8,threonine,Mono,1,0.8249,0.7
A0A2T3FKY8,threonine,Tri,0,0.132,0.0915
A0A2T3FKY8,tryptamine,Di,0,0.0038,0.0101
A0A2T3FKY8,tryptamine,Mono,0,0.0012,0.0023
A0A2T3FKY8,tryptamine,Tri,0,0.0148,0.0202
A0A2T3FKY8,tyramine,Di,0,0.0837,0.0529
A0A2T3FKY8,tyramine,Mono,1,0.7372,0.5287
A0A2T3FKY8,tyramine,Tri,0,0.1178,0.0915
A0A2V1JL81,"2,3_diaminopropionic acid",Di,0,0.3232,0.2692
A0A2V1JL81,"2,3_diaminopropionic acid",Mono,0,0.1723,0.1127
A0A2V1JL81,"2,3_diaminopropionic acid",Tri,0,0.8404,0.7
A0A2V1JL81,2_aminophenol,Di,0,0.9817,0.9082
A0A2V1JL81,2_aminophenol,Mono,0,0.8212,0.7
A0A2V1JL81,2_aminophenol,Tri,0,0.9657,0.9023
A0A2V1JL81,3_methoxytyramine,Di,0,0.184,0.1127
A0A2V1JL81,3_methoxytyramine,Mono,0,0.018,0.0202
A0A2V1JL81,3_methoxytyramine,Tri,0,0.1162,0.0915
A0A2V1JL81,alanine,Di,0,0.9951,0.9214
A0A2V1JL81,alanine,Mono,0,0.9932,0.9214
A0A2V1JL81,alanine,Tri,0,0.9379,0.8636
A0A2V1JL81,arginine,Di,0,0.1112,0.0915
A0A2V1JL81,arginine,Mono,0,0.0377,0.0529
A0A2V1JL81,arginine,Tri,0,0.1456,0.0915
A0A2V1JL81,asparagine,Di,0,0.1776,0.1127
A0A2V1JL81,asparagine,Mono,0,0.1404,0.0915
A0A2V1JL81,asparagine,Tri,0,0.9499,0.9023
A0A2V1JL81,cadaverine,Di,0,0.0176,0.0202
A0A2V1JL81,cadaverine,Mono,0,0.0072,0.0101
A0A2V1JL81,cadaverine,Tri,0,0.0377,0.0529
A0A2V1JL81,citrulline,Di,0,0.3378,0.2692
A0A2V1JL81,citrulline,Mono,0,0.1164,0.0915
A0A2V1JL81,citrulline,Tri,0,0.0915,0.0529
A0A2V1JL81,cystine,Di,0,0.0508,0.0529
A0A2V1JL81,cystine,Mono,0,0.0166,0.0202
A0A2V1JL81,cystine,Tri,0,0.0503,0.0529
A0A2V1JL81,dopamine,Di,0,0.4013,0.2815
A0A2V1JL81,dopamine,Mono,0,0.1136,0.0915
A0A2V1JL81,dopamine,Tri,0,0.9362,0.8636
A0A2V1JL81,gaba,Di,0,0.9943,0.9214
A0A2V1JL81,gaba,Mono,0,0.9957,0.9214
A0A2V1JL81,gaba,Tri,0,0.9941,0.9214
A0A2V1JL81,glutamine,Di,0,0.6091,0.4638
A0A2V1JL81,glutamine,Mono,0,0.9166,0.8636
A0A2V1JL81,glutamine,Tri,0,0.3345,0.2692
A0A2V1JL81,glyglycine,Di,0,0.0643,0.0529
A0A2V1JL81,glyglycine,Mono,0,0.0412,0.0529
A0A2V1JL81,glyglycine,Tri,0,0.1019,0.0915
A0A2V1JL81,histidine,Di,0,0.0165,0.0202
A0A2V1JL81,histidine,Mono,0,0.0121,0.0114
A0A2V1JL81,histidine,Tri,0,0.0396,0.0529
A0A2V1JL81,lysine,Di,0,0.811,0.7
A0A2V1JL81,lysine,Mono,0,0.3862,0.2815
A0A2V1JL81,lysine,Tri,0,0.2098,0.1127
A0A2V1JL81,methionine,Di,0,0.7964,0.5287
A0A2V1JL81,methionine,Mono,0,0.7548,0.5287
A0A2V1JL81,methionine,Tri,0,0.6757,0.5287
A0A2V1JL81,ornithine,Di,0,0.5413,0.4014
A0A2V1JL81,ornithine,Mono,0,0.274,0.1915
A0A2V1JL81,ornithine,Tri,0,0.1341,0.0915
A0A2V1JL81,phenylalanine,Di,0,0.9914,0.9214
A0A2V1JL81,phenylalanine,Mono,0,0.7741,0.5287
A0A2V1JL81,phenylalanine,Tri,0,0.9934,0.9214
A0A2V1JL81,proline,Di,0,0.0165,0.0202
A0A2V1JL81,proline,Mono,0,0.0163,0.0202
A0A2V1JL81,proline,Tri,0,0.0812,0.0529
A0A2V1JL81,putrescine,Di,0,0.017,0.0202
A0A2V1JL81,putrescine,Mono,0,0.0067,0.0101
A0A2V1JL81,putrescine,Tri,0,0.0355,0.0409
A0A2V1JL81,serine,Di,0,0.7938,0.5287
A0A2V1JL81,serine,Mono,0,0.915,0.8636
A0A2V1JL81,serine,Tri,0,0.7208,0.5287
A0A2V1JL81,serotonin,Di,0,0.0319,0.0409
A0A2V1JL81,serotonin,Mono,0,0.5676,0.4231
A0A2V1JL81,serotonin,Tri,0,0.0442,0.0529
A0A2V1JL81,threonine,Di,0,0.7577,0.5287
A0A2V1JL81,threonine,Mono,0,0.8735,0.7
A0A2V1JL81,threonine,Tri,0,0.1449,0.0915
A0A2V1JL81,tryptamine,Di,0,0.0039,0.0101
A0A2V1JL81,tryptamine,Mono,0,0.0014,0.0023
A0A2V1JL81,tryptamine,Tri,0,0.0143,0.0202
A0A2V1JL81,tyramine,Di,0,0.0839,0.0529
A0A2V1JL81,tyramine,Mono,0,0.7151,0.5287
A0A2V1JL81,tyramine,Tri,0,0.1105,0.0915
A0A316LWP8,"2,3_diaminopropionic acid",Di,0,0.3161,0.2692
A0A316LWP8,"2,3_diaminopropionic acid",Mono,0,0.166,0.1127
A0A316LWP8,"2,3_diaminopropionic acid",Tri,1,0.8892,0.8333
A0A316LWP8,2_aminophenol,Di,1,0.978,0.9082
A0A316LWP8,2_aminophenol,Mono,1,0.7683,0.5287
A0A316LWP8,2_aminophenol,Tri,1,0.9505,0.9023
A0A316LWP8,3_methoxytyramine,Di,0,0.2604,0.1875
A0A316LWP8,3_methoxytyramine,Mono,0,0.0273,0.0391
A0A316LWP8,3_methoxytyramine,Tri,0,0.2127,0.1127
A0A316LWP8,alanine,Di,1,0.9958,0.9214
A0A316LWP8,alanine,Mono,1,0.9953,0.9214
A0A316LWP8,alanine,Tri,1,0.9365,0.8636
A0A316LWP8,arginine,Di,0,0.0515,0.0529
A0A316LWP8,arginine,Mono,0,0.018,0.0202
A0A316LWP8,arginine,Tri,1,0.1246,0.0915
A0A316LWP8,asparagine,Di,0,0.1726,0.1127
A0A316LWP8,asparagine,Mono,0,0.1396,0.0915
A0A316LWP8,asparagine,Tri,1,0.9518,0.9023
A0A316LWP8,cadaverine,Di,0,0.0146,0.0202
A0A316LWP8,cadaverine,Mono,0,0.0069,0.0101
A0A316LWP8,cadaverine,Tri,0,0.0445,0.0529
A0A316LWP8,citrulline,Di,1,0.324,0.2692
A0A316LWP8,citrulline,Mono,0,0.0985,0.0915
A0A316LWP8,citrulline,Tri,0,0.1206,0.0915
A0A316LWP8,cystine,Di,0,0.0838,0.0529
A0A316LWP8,cystine,Mono,0,0.0281,0.0391
A0A316LWP8,cystine,Tri,1,0.1152,0.0915
A0A316LWP8,dopamine,Di,0,0.4093,0.2815
A0A316LWP8,dopamine,Mono,0,0.1222,0.0915
A0A316LWP8,dopamine,Tri,1,0.938,0.8636
A0A316LWP8,gaba,Di,1,0.9944,0.9214
A0A316LWP8,gaba,Mono,1,0.9953,0.9214
A0A316LWP8,gaba,Tri,1,0.996,0.925
A0A316LWP8,glutamine,Di,1,0.443,0.3936
A0A316LWP8,glutamine,Mono,1,0.8533,0.7
A0A316LWP8,glutamine,Tri,0,0.3049,0.2692
A0A316LWP8,glyglycine,Di,0,0.1799,0.1127
A0A316LWP8,glyglycine,Mono,0,0.1283,0.0915
A0A316LWP8,glyglycine,Tri,1,0.3534,0.2815
A0A316LWP8,histidine,Di,0,0.0211,0.0301
A0A316LWP8,histidine,Mono,0,0.0158,0.0202
A0A316LWP8,histidine,Tri,0,0.0669,0.0529
A0A316LWP8,lysine,Di,1,0.6993,0.5287
A0A316LWP8,lysine,Mono,0,0.2969,0.2692
A0A316LWP8,lysine,Tri,0,0.2437,0.1757
A0A316LWP8,methionine,Di,0,0.6665,0.5287
A0A316LWP8,methionine,Mono,1,0.6395,0.5
A0A316LWP8,methionine,Tri,1,0.6243,0.4857
A0A316LWP8,ornithine,Di,0,0.4223,0.2815
A0A316LWP8,ornithine,Mono,0,0.1953,0.1127
A0A316LWP8,ornithine,Tri,0,0.1288,0.0915
A0A316LWP8,phenylalanine,Di,1,0.9908,0.9214
A0A316LWP8,phenylalanine,Mono,1,0.7659,0.5287
A0A316LWP8,phenylalanine,Tri,1,0.9939,0.9214
A0A316LWP8,proline,Di,0,0.0213,0.0301
A0A316LWP8,proline,Mono,0,0.0245,0.0391
A0A316LWP8,proline,Tri,0,0.1204,0.0915
A0A316LWP8,putrescine,Di,0,0.0142,0.0202
A0A316LWP8,putrescine,Mono,0,0.0065,0.0101
A0A316LWP8,putrescine,Tri,0,0.0421,0.0529
A0A316LWP8,serine,Di,1,0.835,0.7
A0A316LWP8,serine,Mono,1,0.903,0.8636
A0A316LWP8,serine,Tri,1,0.7487,0.5287
A0A316LWP8,serotonin,Di,0,0.0399,0.0529
A0A316LWP8,serotonin,Mono,1,0.6742,0.5287
A0A316LWP8,serotonin,Tri,0,0.0627,0.0529
A0A316LWP8,threonine,Di,1,0.6314,0.4857
A0A316LWP8,threonine,Mono,1,0.7459,0.5287
A0A316LWP8,threonine,Tri,0,0.0936,0.0714
A0A316LWP8,tryptamine,Di,0,0.0031,0.0101
A0A316LWP8,tryptamine,Mono,0,0.0012,0.0023
A0A316LWP8,tryptamine,Tri,0,0.0132,0.0137
A0A316LWP8,tyramine,Di,0,0.0757,0.0529
A0A316LWP8,tyramine,Mono,1,0.7805,0.5287
A0A316LWP8,tyramine,Tri,0,0.138,0.0915
A0A316Q414,"2,3_diaminopropionic acid",Di,0,0.1187,0.0915
A0A316Q414,"2,3_diaminopropionic acid",Mono,0,0.0942,0.0714
A0A316Q414,"2,3_diaminopropionic acid",Tri,0,0.7593,0.5287
A0A316Q414,2_aminophenol,Di,1,0.9554,0.9023
A0A316Q414,2_aminophenol,Mono,0,0.7257,0.5287
A0A316Q414,2_aminophenol,Tri,1,0.9598,0.9023
A0A316Q414,3_methoxytyramine,Di,0,0.1423,0.0915
A0A316Q414,3_methoxytyramine,Mono,0,0.0238,0.0391
A0A316Q414,3_methoxytyramine,Tri,0,0.1598,0.1127
A0A316Q414,alanine,Di,1,0.9833,0.9214
A0A316Q414,alanine,Mono,1,0.9818,0.9214
A0A316Q414,alanine,Tri,0,0.7961,0.5287
A0A316Q414,arginine,Di,0,0.028,0.0391
A0A316Q414,arginine,Mono,0,0.0137,0.0202
A0A316Q414,arginine,Tri,0,0.0908,0.0529
A0A316Q414,asparagine,Di,0,0.1082,0.0915
A0A316Q414,asparagine,Mono,0,0.1134,0.0915
A0A316Q414,asparagine,Tri,1,0.8601,0.7
A0A316Q414,cadaverine,Di,0,0.0078,0.0101
A0A316Q414,cadaverine,Mono,0,0.0042,0.0101
A0A316Q414,cadaverine,Tri,0,0.0152,0.0202
A0A316Q414,citrulline,Di,0,0.2369,0.1455
A0A316Q414,citrulline,Mono,0,0.0546,0.0529
A0A316Q414,citrulline,Tri,0,0.0814,0.0529
A0A316Q414,cystine,Di,0,0.0587,0.0529
A0A316Q414,cystine,Mono,0,0.0376,0.0529
A0A316Q414,cystine,Tri,0,0.1483,0.1127
A0A316Q414,dopamine,Di,0,0.2785,0.1915
A0A316Q414,dopamine,Mono,0,0.1259,0.0915
A0A316Q414,dopamine,Tri,1,0.884,0.8235
A0A316Q414,gaba,Di,1,0.9898,0.9214
A0A316Q414,gaba,Mono,1,0.9922,0.9214
A0A316Q414,gaba,Tri,1,0.9922,0.9214
A0A316Q414,glutamine,Di,0,0.4224,0.2815
A0A316Q414,glutamine,Mono,1,0.8411,0.7
A0A316Q414,glutamine,Tri,0,0.2712,0.1915
A0A316Q414,glyglycine,Di,0,0.0411,0.0529
A0A316Q414,glyglycine,Mono,0,0.0326,0.0409
A0A316Q414,glyglycine,Tri,0,0.3771,0.2815
A0A316Q414,histidine,Di,0,0.0157,0.0202
A0A316Q414,histidine,Mono,0,0.0131,0.0137
A0A316Q414,histidine,Tri,0,0.205,0.1127
A0A316Q414,lysine,Di,0,0.6206,0.4706
A0A316Q414,lysine,Mono,0,0.0961,0.0915
A0A316Q414,lysine,Tri,0,0.0758,0.0529
A0A316Q414,methionine,Di,0,0.4026,0.2815
A0A316Q414,methionine,Mono,0,0.4674,0.3936
A0A316Q414,methionine,Tri,0,0.5686,0.4231
A0A316Q414,ornithine,Di,0,0.2219,0.1127
A0A316Q414,ornithine,Mono,0,0.0695,0.0529
A0A316Q414,ornithine,Tri,0,0.0554,0.0529
A0A316Q414,phenylalanine,Di,1,0.9813,0.9082
A0A316Q414,phenylalanine,Mono,0,0.6325,0.4857
A0A316Q414,phenylalanine,Tri,1,0.9898,0.9214
A0A316Q414,proline,Di,0,0.0118,0.0114
A0A316Q414,proline,Mono,0,0.0169,0.0202
A0A316Q414,proline,Tri,0,0.0981,0.0915
A0A316Q414,putrescine,Di,0,0.0078,0.0101
A0A316Q414,putrescine,Mono,0,0.0042,0.0101
A0A316Q414,putrescine,Tri,0,0.0152,0.0202
A0A316Q414,serine,Di,0,0.7369,0.5287
A0A316Q414,serine,Mono,0,0.7608,0.5287
A0A316Q414,serine,Tri,0,0.6095,0.4638
A0A316Q414,serotonin,Di,0,0.0343,0.0409
A0A316Q414,serotonin,Mono,0,0.4096,0.2815
A0A316Q414,serotonin,Tri,0,0.0359,0.0409
A0A316Q414,threonine,Di,0,0.4185,0.2815
A0A316Q414,threonine,Mono,0,0.5507,0.4014
A0A316Q414,threonine,Tri,0,0.085,0.0529
A0A316Q414,tryptamine,Di,0,0.0036,0.0101
A0A316Q414,tryptamine,Mono,0,0.0023,0.0101
A0A316Q414,tryptamine,Tri,0,0.0141,0.0202
A0A316Q414,tyramine,Di,0,0.0991,0.0915
A0A316Q414,tyramine,Mono,0,0.517,0.4014
A0A316Q414,tyramine,Tri,0,0.0855,0.0529
A0A317T5Z6,"2,3_diaminopropionic acid",Di,0,0.0583,0.0529
A0A317T5Z6,"2,3_diaminopropionic acid",Mono,0,0.0466,0.0529
A0A317T5Z6,"2,3_diaminopropionic acid",Tri,0,0.5397,0.4014
A0A317T5Z6,2_aminophenol,Di,0,0.9368,0.8636
A0A317T5Z6,2_aminophenol,Mono,0,0.4942,0.4014
A0A317T5Z6,2_aminophenol,Tri,0,0.9211,0.8636
A0A317T5Z6,3_methoxytyramine,Di,0,0.1383,0.0915
A0A317T5Z6,3_methoxytyramine,Mono,0,0.0325,0.0409
A0A317T5Z6,3_methoxytyramine,Tri,0,0.1672,0.1127
A0A317T5Z6,alanine,Di,0,0.9816,0.9082
A0A317T5Z6,alanine,Mono,0,0.9761,0.9082
A0A317T5Z6,alanine,Tri,0,0.7379,0.5287
A0A317T5Z6,arginine,Di,0,0.0187,0.0202
A0A317T5Z6,arginine,Mono,0,0.0087,0.0101
A0A317T5Z6,arginine,Tri,0,0.059,0.0529
A0A317T5Z6,asparagine,Di,0,0.0886,0.0529
A0A317T5Z6,asparagine,Mono,0,0.0982,0.0915
A0A317T5Z6,asparagine,Tri,0,0.8598,0.7
A0A317T5Z6,cadaverine,Di,0,0.0091,0.0101
A0A317T5Z6,cadaverine,Mono,0,0.0046,0.0101
A0A317T5Z6,cadaverine,Tri,0,0.013,0.0137
A0A317T5Z6,citrulline,Di,0,0.1633,0.1127
A0A317T5Z6,citrulline,Mono,0,0.0485,0.0529
A0A317T5Z6,citrulline,Tri,0,0.0538,0.0529
A0A317T5Z6,cystine,Di,0,0.0482,0.0529
A0A317T5Z6,cystine,Mono,0,0.0289,0.0391
A0A317T5Z6,cystine,Tri,0,0.1039,0.0915
A0A317T5Z6,dopamine,Di,0,0.2333,0.1455
A0A317T5Z6,dopamine,Mono,0,0.134,0.0915
A0A317T5Z6,dopamine,Tri,0,0.8792,0.75
A0A317T5Z6,gaba,Di,0,0.9911,0.9214
A0A317T5Z6,gaba,Mono,0,0.9911,0.9214
A0A317T5Z6,gaba,Tri,0,0.993,0.9214
A0A317T5Z6,glutamine,Di,0,0.43,0.3936
A0A317T5Z6,glutamine,Mono,0,0.7131,0.5287
A0A317T5Z6,glutamine,Tri,0,0.3155,0.2692
A0A317T5Z6,glyglycine,Di,0,0.0457,0.0529
A0A317T5Z6,glyglycine,Mono,0,0.0331,0.0409
A0A317T5Z6,glyglycine,Tri,0,0.3992,0.2815
A0A317T5Z6,histidine,Di,0,0.0127,0.0137
A0A317T5Z6,histidine,Mono,0,0.0109,0.0101
A0A317T5Z6,histidine,Tri,0,0.103,0.0915
A0A317T5Z6,lysine,Di,0,0.4531,0.3936
A0A317T5Z6,lysine,Mono,0,0.0643,0.0529
A0A317T5Z6,lysine,Tri,0,0.0535,0.0529
A0A317T5Z6,methionine,Di,0,0.2878,0.2692
A0A317T5Z6,methionine,Mono,0,0.2791,0.1915
A0A317T5Z6,methionine,Tri,0,0.3611,0.2815
A0A317T5Z6,ornithine,Di,0,0.1532,0.1127
A0A317T5Z6,ornithine,Mono,0,0.0549,0.0529
A0A317T5Z6,ornithine,Tri,0,0.0496,0.0529
A0A317T5Z6,phenylalanine,Di,0,0.9734,0.9082
A0A317T5Z6,phenylalanine,Mono,0,0.5317,0.4014
A0A317T5Z6,phenylalanine,Tri,0,0.9801,0.9082
A0A317T5Z6,proline,Di,0,0.0079,0.0101
A0A317T5Z6,proline,Mono,0,0.0089,0.0101
A0A317T5Z6,proline,Tri,0,0.0374,0.0529
A0A317T5Z6,putrescine,Di,0,0.0091,0.0101
A0A317T5Z6,putrescine,Mono,0,0.0046,0.0101
A0A317T5Z6,putrescine,Tri,0,0.013,0.0137
A0A317T5Z6,serine,Di,0,0.5258,0.4014
A0A317T5Z6,serine,Mono,0,0.572,0.4231
A0A317T5Z6,serine,Tri,0,0.3478,0.28
A0A317T5Z6,serotonin,Di,0,0.021,0.0301
A0A317T5Z6,serotonin,Mono,0,0.2006,0.1127
A0A317T5Z6,serotonin,Tri,0,0.0299,0.0391
A0A317T5Z6,threonine,Di,0,0.3149,0.2692
A0A317T5Z6,threonine,Mono,0,0.3496,0.28
A0A317T5Z6,threonine,Tri,0,0.0617,0.0529
A0A317T5Z6,tryptamine,Di,0,0.0067,0.0101
A0A317T5Z6,tryptamine,Mono,0,0.0033,0.0101
A0A317T5Z6,tryptamine,Tri,0,0.0149,0.0202
A0A317T5Z6,tyramine,Di,0,0.0594,0.0529
A0A317T5Z6,tyramine,Mono,0,0.3682,0.2815
A0A317T5Z6,tyramine,Tri,0,0.0804,0.0529
A0A349QN89,"2,3_diaminopropionic acid",Di,0,0.2602,0.1875
A0A349QN89,"2,3_diaminopropionic acid",Mono,0,0.1439,0.0915
A0A349QN89,"2,3_diaminopropionic acid",Tri,1,0.8333,0.7
A0A349QN89,2_aminophenol,Di,1,0.9795,0.9082
A0A349QN89,2_aminophenol,Mono,1,0.7222,0.5287
A0A349QN89,2_aminophenol,Tri,1,0.9357,0.8636
A0A349QN89,3_methoxytyramine,Di,0,0.2139,0.1127
A0A349QN89,3_methoxytyramine,Mono,0,0.0329,0.0409
A0A349QN89,3_methoxytyramine,Tri,0,0.2018,0.1127
A0A349QN89,alanine,Di,1,0.9938,0.9214
A0A349QN89,alanine,Mono,1,0.9915,0.9214
A0A349QN89,alanine,Tri,1,0.8932,0.8571
A0A349QN89,arginine,Di,0,0.0999,0.0915
A0A349QN89,arginine,Mono,0,0.0387,0.0529
A0A349QN89,arginine,Tri,0,0.1609,0.1127
A0A349QN89,asparagine,Di,0,0.1803,0.1127
A0A349QN89,asparagine,Mono,0,0.1477,0.0915
A0A349QN89,asparagine,Tri,1,0.9661,0.9082
A0A349QN89,cadaverine,Di,0,0.0128,0.0137
A0A349QN89,cadaverine,Mono,0,0.0062,0.0101
A0A349QN89,cadaverine,Tri,0,0.043,0.0529
A0A349QN89,citrulline,Di,0,0.4342,0.3936
A0A349QN89,citrulline,Mono,0,0.1459,0.0915
A0A349QN89,citrulline,Tri,0,0.1337,0.0915
A0A349QN89,cystine,Di,0,0.0729,0.0529
A0A349QN89,cystine,Mono,0,0.0249,0.0391
A0A349QN89,cystine,Tri,0,0.1051,0.0915
A0A349QN89,dopamine,Di,0,0.3699,0.2815
A0A349QN89,dopamine,Mono,0,0.1305,0.0915
A0A349QN89,dopamine,Tri,1,0.9182,0.8636
A0A349QN89,gaba,Di,1,0.9946,0.9214
A0A349QN89,gaba,Mono,1,0.9958,0.9214
A0A349QN89,gaba,Tri,1,0.9955,0.9214
A0A349QN89,glutamine,Di,0,0.6208,0.4706
A0A349QN89,glutamine,Mono,0,0.9268,0.8636
A0A349QN89,glutamine,Tri,0,0.4246,0.2815
A0A349QN89,glyglycine,Di,0,0.0629,0.0529
A0A349QN89,glyglycine,Mono,0,0.0403,0.0529
A0A349QN89,glyglycine,Tri,1,0.1484,0.1127
A0A349QN89,histidine,Di,0,0.0114,0.0114
A0A349QN89,histidine,Mono,0,0.008,0.0101
A0A349QN89,histidine,Tri,0,0.0362,0.0529
A0A349QN89,lysine,Di,1,0.6899,0.5287
A0A349QN89,lysine,Mono,0,0.302,0.2692
A0A349QN89,lysine,Tri,0,0.1889,0.1127
A0A349QN89,methionine,Di,0,0.6737,0.5287
A0A349QN89,methionine,Mono,0,0.6012,0.4638
A0A349QN89,methionine,Tri,1,0.5648,0.4231
A0A349QN89,ornithine,Di,0,0.4562,0.3936
A0A349QN89,ornithine,Mono,0,0.2109,0.1127
A0A349QN89,ornithine,Tri,0,0.1097,0.0915
A0A349QN89,phenylalanine,Di,1,0.9906,0.9214
A0A349QN89,phenylalanine,Mono,1,0.6385,0.5
A0A349QN89,phenylalanine,Tri,1,0.9929,0.9214
A0A349QN89,proline,Di,0,0.0302,0.0391
A0A349QN89,proline,Mono,0,0.0348,0.0409
A0A349QN89,proline,Tri,0,0.1224,0.0915
A0A349QN89,putrescine,Di,0,0.0123,0.0114
A0A349QN89,putrescine,Mono,0,0.0057,0.0101
A0A349QN89,putrescine,Tri,0,0.0399,0.0529
A0A349QN89,serine,Di,1,0.6458,0.5287
A0A349QN89,serine,Mono,1,0.8083,0.7
A0A349QN89,serine,Tri,1,0.6533,0.5287
A0A349QN89,serotonin,Di,0,0.0479,0.0529
A0A349QN89,serotonin,Mono,1,0.7155,0.5287
A0A349QN89,serotonin,Tri,0,0.0782,0.0529
A0A349QN89,threonine,Di,0,0.4965,0.4014
A0A349QN89,threonine,Mono,1,0.6605,0.5287
A0A349QN89,threonine,Tri,0,0.0567,0.0529
A0A349QN89,tryptamine,Di,0,0.0054,0.0101
A0A349QN89,tryptamine,Mono,0,0.0016,0.0023
A0A349QN89,tryptamine,Tri,0,0.0215,0.0301
A0A349QN89,tyramine,Di,0,0.0722,0.0529
A0A349QN89,tyramine,Mono,1,0.7237,0.5287
A0A349QN89,tyramine,Tri,0,0.1336,0.0915
A0A350RPF7,"2,3_diaminopropionic acid",Di,0,0.377,0.2815
A0A350RPF7,"2,3_diaminopropionic acid",Mono,0,0.1193,0.0915
A0A350RPF7,"2,3_diaminopropionic acid",Tri,1,0.8156,0.7
A0A350RPF7,2_aminophenol,Di,1,0.9824,0.9214
A0A350RPF7,2_aminophenol,Mono,1,0.6474,0.5287
A0A350RPF7,2_aminophenol,Tri,1,0.9546,0.9023
A0A350RPF7,3_methoxytyramine,Di,1,0.2308,0.1455
A0A350RPF7,3_methoxytyramine,Mono,0,0.0126,0.0137
A0A350RPF7,3_methoxytyramine,Tri,0,0.2212,0.1127
A0A350RPF7,alanine,Di,1,0.986,0.9214
A0A350RPF7,alanine,Mono,1,0.9772,0.9082
A0A350RPF7,alanine,Tri,1,0.8362,0.7
A0A350RPF7,arginine,Di,0,0.0342,0.0409
A0A350RPF7,arginine,Mono,0,0.0097,0.0101
A0A350RPF7,arginine,Tri,1,0.029,0.0391
A0A350RPF7,asparagine,Di,0,0.156,0.1127
A0A350RPF7,asparagine,Mono,0,0.1068,0.0915
A0A350RPF7,asparagine,Tri,1,0.9176,0.8636
A0A350RPF7,cadaverine,Di,0,0.0174,0.0202
A0A350RPF7,cadaverine,Mono,0,0.0052,0.0101
A0A350RPF7,cadaverine,Tri,0,0.0489,0.0529
A0A350RPF7,citrulline,Di,1,0.0618,0.0529
A0A350RPF7,citrulline,Mono,0,0.0148,0.0202
A0A350RPF7,citrulline,Tri,0,0.0266,0.0391
A0A350RPF7,cystine,Di,0,0.0341,0.0409
A0A350RPF7,cystine,Mono,0,0.0075,0.0101
A0A350RPF7,cystine,Tri,1,0.0461,0.0529
A0A350RPF7,dopamine,Di,0,0.3654,0.2815
A0A350RPF7,dopamine,Mono,0,0.0631,0.0529
A0A350RPF7,dopamine,Tri,1,0.9115,0.8636
A0A350RPF7,gaba,Di,1,0.9865,0.9214
A0A350RPF7,gaba,Mono,1,0.9806,0.9082
A0A350RPF7,gaba,Tri,1,0.9911,0.9214
A0A350RPF7,glutamine,Di,1,0.1571,0.1127
A0A350RPF7,glutamine,Mono,1,0.6504,0.5287
A0A350RPF7,glutamine,Tri,0,0.1679,0.1127
A0A350RPF7,glyglycine,Di,0,0.0442,0.0529
A0A350RPF7,glyglycine,Mono,0,0.0199,0.0301
A0A350RPF7,glyglycine,Tri,1,0.1076,0.0915
A0A350RPF7,histidine,Di,0,0.0102,0.0101
A0A350RPF7,histidine,Mono,0,0.0045,0.0101
A0A350RPF7,histidine,Tri,0,0.0363,0.0529
A0A350RPF7,lysine,Di,1,0.5709,0.4231
A0A350RPF7,lysine,Mono,0,0.1442,0.0915
A0A350RPF7,lysine,Tri,0,0.1494,0.1127
A0A350RPF7,methionine,Di,1,0.2254,0.1455
A0A350RPF7,methionine,Mono,1,0.1944,0.1127
A0A350RPF7,methionine,Tri,1,0.2381,0.1757
A0A350RPF7,ornithine,Di,0,0.2978,0.2692
A0A350RPF7,ornithine,Mono,0,0.1007,0.0915
A0A350RPF7,ornithine,Tri,0,0.0941,0.0714
A0A350RPF7,phenylalanine,Di,1,0.9786,0.9082
A0A350RPF7,phenylalanine,Mono,1,0.3584,0.2815
A0A350RPF7,phenylalanine,Tri,1,0.9863,0.9214
A0A350RPF7,proline,Di,0,0.032,0.0409
A0A350RPF7,proline,Mono,0,0.0326,0.0409
A0A350RPF7,proline,Tri,0,0.1073,0.0915
A0A350RPF7,putrescine,Di,0,0.0174,0.0202
A0A350RPF7,putrescine,Mono,0,0.0052,0.0101
A0A350RPF7,putrescine,Tri,0,0.049,0.0529
A0A350RPF7,serine,Di,1,0.4712,0.4014
A0A350RPF7,serine,Mono,1,0.6789,0.5287
A0A350RPF7,serine,Tri,1,0.3919,0.2815
A0A350RPF7,serotonin,Di,0,0.0166,0.0202
A0A350RPF7,serotonin,Mono,1,0.2991,0.2692
A0A350RPF7,serotonin,Tri,0,0.0343,0.0409
A0A350RPF7,threonine,Di,1,0.2283,0.1455
A0A350RPF7,threonine,Mono,1,0.2541,0.1757
A0A350RPF7,threonine,Tri,0,0.0294,0.0391
A0A350RPF7,tryptamine,Di,0,0.0059,0.0101
A0A350RPF7,tryptamine,Mono,0,0.0009,0.0023
A0A350RPF7,tryptamine,Tri,0,0.0199,0.0301
A0A350RPF7,tyramine,Di,0,0.0412,0.0529
A0A350RPF7,tyramine,Mono,1,0.2725,0.1915
A0A350RPF7,tyramine,Tri,0,0.0792,0.0529
A0A357TLK7,"2,3_diaminopropionic acid",Di,0,0.0232,0.0345
A0A357TLK7,"2,3_diaminopropionic acid",Mono,0,0.0137,0.0137
A0A357TLK7,"2,3_diaminopropionic acid",Tri,0,0.0693,0.0529
A0A357TLK7,2_aminophenol,Di,1,0.8673,0.7
A0A357TLK7,2_aminophenol,Mono,1,0.1545,0.1127
A0A357TLK7,2_aminophenol,Tri,0,0.4412,0.3936
A0A357TLK7,3_methoxytyramine,Di,0,0.0402,0.0529
A0A357TLK7,3_methoxytyramine,Mono,0,0.0031,0.0101
A0A357TLK7,3_methoxytyramine,Tri,0,0.0316,0.0409
A0A357TLK7,alanine,Di,1,0.9276,0.8636
A0A357TLK7,alanine,Mono,1,0.9241,0.8636
A0A357TLK7,alanine,Tri,0,0.1659,0.1127
A0A357TLK7,arginine,Di,0,0.0032,0.0101
A0A357TLK7,arginine,Mono,0,0.0047,0.0101
A0A357TLK7,arginine,Tri,0,0.0016,0.0023
A0A357TLK7,asparagine,Di,0,0.0611,0.0529
A0A357TLK7,asparagine,Mono,0,0.1152,0.0915
A0A357TLK7,asparagine,Tri,1,0.9222,0.8636
A0A357TLK7,cadaverine,Di,0,0.0017,0.0023
A0A357TLK7,cadaverine,Mono,0,0.0012,0.0023
A0A357TLK7,cadaverine,Tri,0,0.0032,0.0101
A0A357TLK7,citrulline,Di,0,0.005,0.0101
A0A357TLK7,citrulline,Mono,0,0.0046,0.0101
A0A357TLK7,citrulline,Tri,0,0.0014,0.0023
A0A357TLK7,cystine,Di,0,0.0031,0.0101
A0A357TLK7,cystine,Mono,0,0.0013,0.0023
A0A357TLK7,cystine,Tri,0,0.0021,0.0023
A0A357TLK7,dopamine,Di,0,0.2046,0.1127
A0A357TLK7,dopamine,Mono,0,0.0323,0.0409
A0A357TLK7,dopamine,Tri,1,0.8436,0.7
A0A357TLK7,gaba,Di,1,0.9865,0.9214
A0A357TLK7,gaba,Mono,1,0.9954,0.9214
A0A357TLK7,gaba,Tri,1,0.9847,0.9214
A0A357TLK7,glutamine,Di,0,0.0952,0.0714
A0A357TLK7,glutamine,Mono,1,0.9092,0.8636
A0A357TLK7,glutamine,Tri,0,0.0761,0.0529
A0A357TLK7,glyglycine,Di,0,0.0042,0.0101
A0A357TLK7,glyglycine,Mono,0,0.0043,0.0101
A0A357TLK7,glyglycine,Tri,0,0.0052,0.0101
A0A357TLK7,histidine,Di,0,0.0015,0.0023
A0A357TLK7,histidine,Mono,0,0.0013,0.0023
A0A357TLK7,histidine,Tri,0,0.0022,0.0023
A0A357TLK7,lysine,Di,0,0.0103,0.0101
A0A357TLK7,lysine,Mono,0,0.0062,0.0101
A0A357TLK7,lysine,Tri,0,0.0021,0.0023
A0A357TLK7,methionine,Di,0,0.0079,0.0101
A0A357TLK7,methionine,Mono,0,0.0136,0.0137
A0A357TLK7,methionine,Tri,0,0.0031,0.0101
A0A357TLK7,ornithine,Di,0,0.0227,0.0345
A0A357TLK7,ornithine,Mono,0,0.0213,0.0301
A0A357TLK7,ornithine,Tri,0,0.0046,0.0101
A0A357TLK7,phenylalanine,Di,1,0.9293,0.8636
A0A357TLK7,phenylalanine,Mono,0,0.1499,0.1127
A0A357TLK7,phenylalanine,Tri,1,0.9191,0.8636
A0A357TLK7,proline,Di,0,0.0042,0.0101
A0A357TLK7,proline,Mono,0,0.0075,0.0101
A0A357TLK7,proline,Tri,0,0.0091,0.0101
A0A357TLK7,putrescine,Di,0,0.0018,0.0023
A0A357TLK7,putrescine,Mono,0,0.0012,0.0023
A0A357TLK7,putrescine,Tri,0,0.0032,0.0101
A0A357TLK7,serine,Di,0,0.0404,0.0529
A0A357TLK7,serine,Mono,0,0.1098,0.0915
A0A357TLK7,serine,Tri,0,0.0262,0.0391
A0A357TLK7,serotonin,Di,0,0.0023,0.0101
A0A357TLK7,serotonin,Mono,0,0.0234,0.0391
A0A357TLK7,serotonin,Tri,0,0.003,0.0101
A0A357TLK7,threonine,Di,0,0.0067,0.0101
A0A357TLK7,threonine,Mono,0,0.0158,0.0202
A0A357TLK7,threonine,Tri,0,0.0005,0.0
A0A357TLK7,tryptamine,Di,0,0.0022,0.0023
A0A357TLK7,tryptamine,Mono,0,0.0004,0.0
A0A357TLK7,tryptamine,Tri,0,0.0037,0.0101
A0A357TLK7,tyramine,Di,0,0.005,0.0101
A0A357TLK7,tyramine,Mono,0,0.0195,0.0202
A0A357TLK7,tyramine,Tri,0,0.0074,0.0101
A0A357TN00,"2,3_diaminopropionic acid",Di,0,0.4689,0.3936
A0A357TN00,"2,3_diaminopropionic acid",Mono,0,0.2326,0.1455
A0A357TN00,"2,3_diaminopropionic acid",Tri,1,0.8947,0.8571
A0A357TN00,2_aminophenol,Di,1,0.9835,0.9214
A0A357TN00,2_aminophenol,Mono,0,0.8003,0.7
A0A357TN00,2_aminophenol,Tri,1,0.9682,0.9082
A0A357TN00,3_methoxytyramine,Di,0,0.3288,0.2692
A0A357TN00,3_methoxytyramine,Mono,0,0.0232,0.0345
A0A357TN00,3_methoxytyramine,Tri,0,0.2619,0.1875
A0A357TN00,alanine,Di,1,0.9904,0.9214
A0A357TN00,alanine,Mono,1,0.9883,0.9214
A0A357TN00,alanine,Tri,1,0.9208,0.8636
A0A357TN00,arginine,Di,0,0.0674,0.0529
A0A357TN00,arginine,Mono,0,0.0281,0.0391
A0A357TN00,arginine,Tri,0,0.0603,0.0529
A0A357TN00,asparagine,Di,0,0.2008,0.1127
A0A357TN00,asparagine,Mono,0,0.1606,0.1127
A0A357TN00,asparagine,Tri,1,0.9457,0.9023
A0A357TN00,cadaverine,Di,0,0.0184,0.0202
A0A357TN00,cadaverine,Mono,0,0.0077,0.0101
A0A357TN00,cadaverine,Tri,0,0.0713,0.0529
A0A357TN00,citrulline,Di,1,0.1042,0.0915
A0A357TN00,citrulline,Mono,0,0.0308,0.0409
A0A357TN00,citrulline,Tri,0,0.0548,0.0529
A0A357TN00,cystine,Di,0,0.0623,0.0529
A0A357TN00,cystine,Mono,0,0.0119,0.0114
A0A357TN00,cystine,Tri,0,0.0739,0.0529
A0A357TN00,dopamine,Di,0,0.3906,0.2815
A0A357TN00,dopamine,Mono,0,0.0993,0.0915
A0A357TN00,dopamine,Tri,1,0.9275,0.8636
A0A357TN00,gaba,Di,1,0.9905,0.9214
A0A357TN00,gaba,Mono,1,0.99,0.9214
A0A357TN00,gaba,Tri,1,0.996,0.925
A0A357TN00,glutamine,Di,1,0.3216,0.2692
A0A357TN00,glutamine,Mono,1,0.7854,0.5287
A0A357TN00,glutamine,Tri,0,0.3492,0.28
A0A357TN00,glyglycine,Di,0,0.0614,0.0529
A0A357TN00,glyglycine,Mono,0,0.0379,0.0529
A0A357TN00,glyglycine,Tri,0,0.1847,0.1127
A0A357TN00,histidine,Di,0,0.0146,0.0202
A0A357TN00,histidine,Mono,0,0.0071,0.0101
A0A357TN00,histidine,Tri,0,0.059,0.0529
A0A357TN00,lysine,Di,1,0.7155,0.5287
A0A357TN00,lysine,Mono,0,0.2828,0.1915
A0A357TN00,lysine,Tri,0,0.2982,0.2692
A0A357TN00,methionine,Di,1,0.4269,0.3936
A0A357TN00,methionine,Mono,1,0.4089,0.2815
A0A357TN00,methionine,Tri,1,0.4859,0.4014
A0A357TN00,ornithine,Di,0,0.5488,0.4014
A0A357TN00,ornithine,Mono,0,0.2838,0.1915
A0A357TN00,ornithine,Tri,0,0.2807,0.1915
A0A357TN00,phenylalanine,Di,1,0.9729,0.9082
A0A357TN00,phenylalanine,Mono,1,0.5558,0.4014
A0A357TN00,phenylalanine,Tri,1,0.9877,0.9214
A0A357TN00,proline,Di,0,0.0446,0.0529
A0A357TN00,proline,Mono,0,0.0605,0.0529
A0A357TN00,proline,Tri,0,0.1963,0.1127
A0A357TN00,putrescine,Di,0,0.0181,0.0202
A0A357TN00,putrescine,Mono,0,0.0073,0.0101
A0A357TN00,putrescine,Tri,0,0.069,0.0529
A0A357TN00,serine,Di,1,0.5797,0.4638
A0A357TN00,serine,Mono,1,0.7989,0.7
A0A357TN00,serine,Tri,1,0.5015,0.4014
A0A357TN00,serotonin,Di,0,0.0341,0.0409
A0A357TN00,serotonin,Mono,0,0.5441,0.4014
A0A357TN00,serotonin,Tri,0,0.0783,0.0529
A0A357TN00,threonine,Di,1,0.4479,0.3936
A0A357TN00,threonine,Mono,1,0.5046,0.4014
A0A357TN00,threonine,Tri,0,0.0794,0.0529
A0A357TN00,tryptamine,Di,0,0.006,0.0101
A0A357TN00,tryptamine,Mono,0,0.0019,0.0023
A0A357TN00,tryptamine,Tri,0,0.0299,0.0391
A0A357TN00,tyramine,Di,0,0.0532,0.0529
A0A357TN00,tyramine,Mono,1,0.4623,0.3936
A0A357TN00,tyramine,Tri,0,0.1149,0.0915
A0A358VEZ8,"2,3_diaminopropionic acid",Di,0,0.2858,0.2692
A0A358VEZ8,"2,3_diaminopropionic acid",Mono,0,0.1623,0.1127
A0A358VEZ8,"2,3_diaminopropionic acid",Tri,1,0.874,0.7
A0A358VEZ8,2_aminophenol,Di,1,0.978,0.9082
A0A358VEZ8,2_aminophenol,Mono,0,0.7978,0.5287
A0A358VEZ8,2_aminophenol,Tri,1,0.964,0.9023
A0A358VEZ8,3_methoxytyramine,Di,0,0.1729,0.1127
A0A358VEZ8,3_methoxytyramine,Mono,0,0.0219,0.0301
A0A358VEZ8,3_methoxytyramine,Tri,0,0.1567,0.1127
A0A358VEZ8,alanine,Di,1,0.9948,0.9214
A0A358VEZ8,alanine,Mono,1,0.9943,0.9214
A0A358VEZ8,alanine,Tri,1,0.9535,0.9023
A0A358VEZ8,arginine,Di,0,0.0458,0.0529
A0A358VEZ8,arginine,Mono,0,0.0164,0.0202
A0A358VEZ8,arginine,Tri,0,0.0894,0.0529
A0A358VEZ8,asparagine,Di,0,0.1326,0.0915
A0A358VEZ8,asparagine,Mono,0,0.1189,0.0915
A0A358VEZ8,asparagine,Tri,1,0.9286,0.8636
A0A358VEZ8,cadaverine,Di,0,0.0113,0.0114
A0A358VEZ8,cadaverine,Mono,0,0.0049,0.0101
A0A358VEZ8,cadaverine,Tri,0,0.0356,0.0409
A0A358VEZ8,citrulline,Di,0,0.1904,0.1127
A0A358VEZ8,citrulline,Mono,0,0.0672,0.0529
A0A358VEZ8,citrulline,Tri,0,0.0638,0.0529
A0A358VEZ8,cystine,Di,0,0.0657,0.0529
A0A358VEZ8,cystine,Mono,0,0.0262,0.0391
A0A358VEZ8,cystine,Tri,0,0.1033,0.0915
A0A358VEZ8,dopamine,Di,0,0.3532,0.2815
A0A358VEZ8,dopamine,Mono,0,0.1088,0.0915
A0A358VEZ8,dopamine,Tri,1,0.921,0.8636
A0A358VEZ8,gaba,Di,1,0.9933,0.9214
A0A358VEZ8,gaba,Mono,1,0.9925,0.9214
A0A358VEZ8,gaba,Tri,1,0.9947,0.9214
A0A358VEZ8,glutamine,Di,1,0.2916,0.2692
A0A358VEZ8,glutamine,Mono,1,0.7768,0.5287
A0A358VEZ8,glutamine,Tri,0,0.1923,0.1127
A0A358VEZ8,glyglycine,Di,0,0.1058,0.0915
A0A358VEZ8,glyglycine,Mono,0,0.0804,0.0529
A0A358VEZ8,glyglycine,Tri,0,0.257,0.1757
A0A358VEZ8,histidine,Di,0,0.0145,0.0202
A0A358VEZ8,histidine,Mono,0,0.0121,0.0114
A0A358VEZ8,histidine,Tri,0,0.0623,0.0529
A0A358VEZ8,lysine,Di,1,0.6081,0.4638
A0A358VEZ8,lysine,Mono,0,0.2131,0.1127
A0A358VEZ8,lysine,Tri,0,0.1411,0.0915
A0A358VEZ8,methionine,Di,0,0.6341,0.4857
A0A358VEZ8,methionine,Mono,1,0.6675,0.5287
A0A358VEZ8,methionine,Tri,1,0.6111,0.4638
A0A358VEZ8,ornithine,Di,0,0.3168,0.2692
A0A358VEZ8,ornithine,Mono,0,0.144,0.0915
A0A358VEZ8,ornithine,Tri,0,0.0797,0.0529
A0A358VEZ8,phenylalanine,Di,1,0.9886,0.9214
A0A358VEZ8,phenylalanine,Mono,0,0.7398,0.5287
A0A358VEZ8,phenylalanine,Tri,1,0.9933,0.9214
A0A358VEZ8,proline,Di,0,0.0199,0.0301
A0A358VEZ8,proline,Mono,0,0.0265,0.0391
A0A358VEZ8,proline,Tri,0,0.139,0.0915
A0A358VEZ8,putrescine,Di,0,0.0106,0.0101
A0A358VEZ8,putrescine,Mono,0,0.0044,0.0101
A0A358VEZ8,putrescine,Tri,0,0.0327,0.0409
A0A358VEZ8,serine,Di,1,0.81,0.7
A0A358VEZ8,serine,Mono,1,0.8718,0.7
A0A358VEZ8,serine,Tri,0,0.7673,0.5287
A0A358VEZ8,serotonin,Di,0,0.0495,0.0529
A0A358VEZ8,serotonin,Mono,0,0.685,0.5287
A0A358VEZ8,serotonin,Tri,0,0.0742,0.0529
A0A358VEZ8,threonine,Di,0,0.5618,0.4231
A0A358VEZ8,threonine,Mono,1,0.7323,0.5287
A0A358VEZ8,threonine,Tri,0,0.0946,0.0714
A0A358VEZ8,tryptamine,Di,0,0.0034,0.0101
A0A358VEZ8,tryptamine,Mono,0,0.0012,0.0023
A0A358VEZ8,tryptamine,Tri,0,0.0158,0.0202
A0A358VEZ8,tyramine,Di,0,0.0961,0.0915
A0A358VEZ8,tyramine,Mono,1,0.7293,0.5287
A0A358VEZ8,tyramine,Tri,0,0.1436,0.0915
A0A395V718,"2,3_diaminopropionic acid",Di,0,0.3271,0.2692
A0A395V718,"2,3_diaminopropionic acid",Mono,0,0.2097,0.1127
A0A395V718,"2,3_diaminopropionic acid",Tri,1,0.8787,0.75
A0A395V718,2_aminophenol,Di,1,0.9835,0.9214
A0A395V718,2_aminophenol,Mono,1,0.7942,0.5287
A0A395V718,2_aminophenol,Tri,1,0.9628,0.9023
A0A395V718,3_methoxytyramine,Di,0,0.2132,0.1127
A0A395V718,3_methoxytyramine,Mono,0,0.0244,0.0391
A0A395V718,3_methoxytyramine,Tri,0,0.1645,0.1127
A0A395V718,alanine,Di,1,0.995,0.9214
A0A395V718,alanine,Mono,1,0.9939,0.9214
A0A395V718,alanine,Tri,1,0.9601,0.9023
A0A395V718,arginine,Di,0,0.0985,0.0915
A0A395V718,arginine,Mono,0,0.0497,0.0529
A0A395V718,arginine,Tri,0,0.1687,0.1127
A0A395V718,asparagine,Di,0,0.1479,0.0915
A0A395V718,asparagine,Mono,0,0.1408,0.0915
A0A395V718,asparagine,Tri,1,0.9542,0.9023
A0A395V718,cadaverine,Di,0,0.0103,0.0101
A0A395V718,cadaverine,Mono,0,0.0047,0.0101
A0A395V718,cadaverine,Tri,0,0.0335,0.0409
A0A395V718,citrulline,Di,0,0.3578,0.2815
A0A395V718,citrulline,Mono,0,0.1623,0.1127
A0A395V718,citrulline,Tri,0,0.1408,0.0915
A0A395V718,cystine,Di,0,0.0626,0.0529
A0A395V718,cystine,Mono,0,0.0227,0.0345
A0A395V718,cystine,Tri,0,0.099,0.0915
A0A395V718,dopamine,Di,0,0.3596,0.2815
A0A395V718,dopamine,Mono,0,0.1088,0.0915
A0A395V718,dopamine,Tri,1,0.9171,0.8636
A0A395V718,gaba,Di,1,0.9937,0.9214
A0A395V718,gaba,Mono,1,0.9953,0.9214
A0A395V718,gaba,Tri,1,0.9957,0.9214
A0A395V718,glutamine,Di,0,0.6112,0.4638
A0A395V718,glutamine,Mono,0,0.9354,0.8636
A0A395V718,glutamine,Tri,0,0.4737,0.4014
A0A395V718,glyglycine,Di,0,0.1287,0.0915
A0A395V718,glyglycine,Mono,0,0.0892,0.0529
A0A395V718,glyglycine,Tri,0,0.3154,0.2692
A0A395V718,histidine,Di,0,0.0123,0.0114
A0A395V718,histidine,Mono,0,0.0104,0.0101
A0A395V718,histidine,Tri,0,0.054,0.0529
A0A395V718,lysine,Di,1,0.708,0.5287
A0A395V718,lysine,Mono,0,0.3554,0.2815
A0A395V718,lysine,Tri,0,0.2097,0.1127
A0A395V718,methionine,Di,0,0.724,0.5287
A0A395V718,methionine,Mono,0,0.737,0.5287
A0A395V718,methionine,Tri,1,0.742,0.5287
A0A395V718,ornithine,Di,0,0.5159,0.4014
A0A395V718,ornithine,Mono,0,0.2983,0.2692
A0A395V718,ornithine,Tri,0,0.1483,0.1127
A0A395V718,phenylalanine,Di,1,0.9912,0.9214
A0A395V718,phenylalanine,Mono,0,0.7645,0.5287
A0A395V718,phenylalanine,Tri,1,0.9949,0.9214
A0A395V718,proline,Di,0,0.0219,0.0301
A0A395V718,proline,Mono,0,0.0283,0.0391
A0A395V718,proline,Tri,0,0.1121,0.0915
A0A395V718,putrescine,Di,0,0.0098,0.0101
A0A395V718,putrescine,Mono,0,0.0043,0.0101
A0A395V718,putrescine,Tri,0,0.0311,0.0409
A0A395V718,serine,Di,1,0.7977,0.5287
A0A395V718,serine,Mono,1,0.8815,0.8235
A0A395V718,serine,Tri,0,0.7591,0.5287
A0A395V718,serotonin,Di,0,0.0682,0.0529
A0A395V718,serotonin,Mono,1,0.7738,0.5287
A0A395V718,serotonin,Tri,0,0.1132,0.0915
A0A395V718,threonine,Di,0,0.7109,0.5287
A0A395V718,threonine,Mono,1,0.8306,0.7
A0A395V718,threonine,Tri,0,0.1498,0.1127
A0A395V718,tryptamine,Di,0,0.0054,0.0101
A0A395V718,tryptamine,Mono,0,0.0019,0.0023
A0A395V718,tryptamine,Tri,0,0.024,0.0391
A0A395V718,tyramine,Di,0,0.0957,0.0915
A0A395V718,tyramine,Mono,1,0.7763,0.5287
A0A395V718,tyramine,Tri,0,0.1572,0.1127
A0A395WCM1,"2,3_diaminopropionic acid",Di,0,0.0805,0.0529
A0A395WCM1,"2,3_diaminopropionic acid",Mono,0,0.0228,0.0345
A0A395WCM1,"2,3_diaminopropionic acid",Tri,1,0.4931,0.4014
A0A395WCM1,2_aminophenol,Di,1,0.985,0.9214
A0A395WCM1,2_aminophenol,Mono,0,0.8071,0.7
A0A395WCM1,2_aminophenol,Tri,1,0.9187,0.8636
A0A395WCM1,3_methoxytyramine,Di,0,0.1921,0.1127
A0A395WCM1,3_methoxytyramine,Mono,0,0.0085,0.0101
A0A395WCM1,3_methoxytyramine,Tri,0,0.0629,0.0529
A0A395WCM1,alanine,Di,1,0.9888,0.9214
A0A395WCM1,alanine,Mono,1,0.9872,0.9214
A0A395WCM1,alanine,Tri,1,0.6782,0.5287
A0A395WCM1,arginine,Di,0,0.0242,0.0391
A0A395WCM1,arginine,Mono,0,0.008,0.0101
A0A395WCM1,arginine,Tri,0,0.0151,0.0202
A0A395WCM1,asparagine,Di,0,0.0616,0.0529
A0A395WCM1,asparagine,Mono,0,0.0554,0.0529
A0A395WCM1,asparagine,Tri,1,0.9425,0.8696
A0A395WCM1,cadaverine,Di,0,0.0093,0.0101
A0A395WCM1,cadaverine,Mono,0,0.0028,0.0101
A0A395WCM1,cadaverine,Tri,0,0.0188,0.0202
A0A395WCM1,citrulline,Di,0,0.1813,0.1127
A0A395WCM1,citrulline,Mono,0,0.0243,0.0391
A0A395WCM1,citrulline,Tri,0,0.0198,0.0301
A0A395WCM1,cystine,Di,0,0.0215,0.0301
A0A395WCM1,cystine,Mono,0,0.0043,0.0101
A0A395WCM1,cystine,Tri,0,0.0308,0.0409
A0A395WCM1,dopamine,Di,0,0.1903,0.1127
A0A395WCM1,dopamine,Mono,0,0.0229,0.0345
A0A395WCM1,dopamine,Tri,1,0.8971,0.8571
A0A395WCM1,gaba,Di,1,0.9948,0.9214
A0A395WCM1,gaba,Mono,1,0.9937,0.9214
A0A395WCM1,gaba,Tri,1,0.9962,0.925
A0A395WCM1,glutamine,Di,0,0.1527,0.1127
A0A395WCM1,glutamine,Mono,0,0.8433,0.7
A0A395WCM1,glutamine,Tri,0,0.0643,0.0529
A0A395WCM1,glyglycine,Di,0,0.0307,0.0409
A0A395WCM1,glyglycine,Mono,0,0.0197,0.0301
A0A395WCM1,glyglycine,Tri,0,0.0888,0.0529
A0A395WCM1,histidine,Di,0,0.0012,0.0023
A0A395WCM1,histidine,Mono,0,0.0004,0.0
A0A395WCM1,histidine,Tri,0,0.0024,0.0101
A0A395WCM1,lysine,Di,1,0.3945,0.2815
A0A395WCM1,lysine,Mono,0,0.0533,0.0529
A0A395WCM1,lysine,Tri,0,0.0288,0.0391
A0A395WCM1,methionine,Di,0,0.2388,0.1757
A0A395WCM1,methionine,Mono,0,0.2791,0.1915
A0A395WCM1,methionine,Tri,0,0.1594,0.1127
A0A395WCM1,ornithine,Di,0,0.1889,0.1127
A0A395WCM1,ornithine,Mono,0,0.051,0.0529
A0A395WCM1,ornithine,Tri,0,0.0212,0.0301
A0A395WCM1,phenylalanine,Di,1,0.9844,0.9214
A0A395WCM1,phenylalanine,Mono,0,0.3015,0.2692
A0A395WCM1,phenylalanine,Tri,1,0.9868,0.9214
A0A395WCM1,proline,Di,0,0.002,0.0023
A0A395WCM1,proline,Mono,0,0.0026,0.0101
A0A395WCM1,proline,Tri,0,0.0209,0.0301
A0A395WCM1,putrescine,Di,0,0.0112,0.0101
A0A395WCM1,putrescine,Mono,0,0.0031,0.0101
A0A395WCM1,putrescine,Tri,0,0.0226,0.0345
A0A395WCM1,serine,Di,1,0.2751,0.1915
A0A395WCM1,serine,Mono,1,0.3871,0.2815
A0A395WCM1,serine,Tri,0,0.3634,0.2815
A0A395WCM1,serotonin,Di,0,0.0052,0.0101
A0A395WCM1,serotonin,Mono,0,0.2195,0.1127
A0A395WCM1,serotonin,Tri,0,0.0064,0.0101
A0A395WCM1,threonine,Di,0,0.1135,0.0915
A0A395WCM1,threonine,Mono,0,0.2813,0.1915
A0A395WCM1,threonine,Tri,0,0.0067,0.0101
A0A395WCM1,tryptamine,Di,0,0.002,0.0023
A0A395WCM1,tryptamine,Mono,0,0.0005,0.0
A0A395WCM1,tryptamine,Tri,0,0.0045,0.0101
A0A395WCM1,tyramine,Di,0,0.0263,0.0391
A0A395WCM1,tyramine,Mono,0,0.3703,0.2815
A0A395WCM1,tyramine,Tri,0,0.0412,0.0529
A0A396KEZ6,"2,3_diaminopropionic acid",Di,0,0.2986,0.2692
A0A396KEZ6,"2,3_diaminopropionic acid",Mono,0,0.1212,0.0915
A0A396KEZ6,"2,3_diaminopropionic acid",Tri,1,0.8173,0.7
A0A396KEZ6,2_aminophenol,Di,1,0.9738,0.9082
A0A396KEZ6,2_aminophenol,Mono,0,0.5545,0.4014
A0A396KEZ6,2_aminophenol,Tri,1,0.8972,0.8571
A0A396KEZ6,3_methoxytyramine,Di,0,0.1876,0.1127
A0A396KEZ6,3_methoxytyramine,Mono,0,0.0133,0.0137
A0A396KEZ6,3_methoxytyramine,Tri,0,0.1336,0.0915
A0A396KEZ6,alanine,Di,1,0.9915,0.9214
A0A396KEZ6,alanine,Mono,1,0.9871,0.9214
A0A396KEZ6,alanine,Tri,1,0.8188,0.7
A0A396KEZ6,arginine,Di,0,0.0988,0.0915
A0A396KEZ6,arginine,Mono,0,0.0238,0.0391
A0A396KEZ6,arginine,Tri,1,0.1161,0.0915
A0A396KEZ6,asparagine,Di,0,0.1554,0.1127
A0A396KEZ6,asparagine,Mono,0,0.124,0.0915
A0A396KEZ6,asparagine,Tri,1,0.9357,0.8636
A0A396KEZ6,cadaverine,Di,0,0.01,0.0101
A0A396KEZ6,cadaverine,Mono,0,0.0031,0.0101
A0A396KEZ6,cadaverine,Tri,0,0.0212,0.0301
A0A396KEZ6,citrulline,Di,1,0.488,0.4014
A0A396KEZ6,citrulline,Mono,0,0.1388,0.0915
A0A396KEZ6,citrulline,Tri,1,0.1333,0.0915
A0A396KEZ6,cystine,Di,0,0.0586,0.0529
A0A396KEZ6,cystine,Mono,0,0.0155,0.0202
A0A396KEZ6,cystine,Tri,1,0.059,0.0529
A0A396KEZ6,dopamine,Di,0,0.4312,0.3936
A0A396KEZ6,dopamine,Mono,0,0.0767,0.0529
A0A396KEZ6,dopamine,Tri,1,0.8956,0.8571
A0A396KEZ6,gaba,Di,1,0.9945,0.9214
A0A396KEZ6,gaba,Mono,1,0.9939,0.9214
A0A396KEZ6,gaba,Tri,1,0.9947,0.9214
A0A396KEZ6,glutamine,Di,1,0.6447,0.5287
A0A396KEZ6,glutamine,Mono,1,0.9074,0.8636
A0A396KEZ6,glutamine,Tri,1,0.4463,0.3936
A0A396KEZ6,glyglycine,Di,0,0.0765,0.0529
A0A396KEZ6,glyglycine,Mono,0,0.0418,0.0529
A0A396KEZ6,glyglycine,Tri,1,0.1411,0.0915
A0A396KEZ6,histidine,Di,0,0.0187,0.0202
A0A396KEZ6,histidine,Mono,0,0.011,0.0101
A0A396KEZ6,histidine,Tri,1,0.0376,0.0529
A0A396KEZ6,lysine,Di,1,0.7202,0.5287
A0A396KEZ6,lysine,Mono,0,0.2218,0.1127
A0A396KEZ6,lysine,Tri,0,0.1562,0.1127
A0A396KEZ6,methionine,Di,1,0.6511,0.5287
A0A396KEZ6,methionine,Mono,1,0.5327,0.4014
A0A396KEZ6,methionine,Tri,1,0.5388,0.4014
A0A396KEZ6,ornithine,Di,0,0.576,0.4638
A0A396KEZ6,ornithine,Mono,0,0.226,0.1455
A0A396KEZ6,ornithine,Tri,0,0.1388,0.0915
A0A396KEZ6,phenylalanine,Di,1,0.9921,0.9214
A0A396KEZ6,phenylalanine,Mono,1,0.6012,0.4638
A0A396KEZ6,phenylalanine,Tri,1,0.9918,0.9214
A0A396KEZ6,proline,Di,0,0.0196,0.0301
A0A396KEZ6,proline,Mono,0,0.019,0.0202
A0A396KEZ6,proline,Tri,0,0.0673,0.0529
A0A396KEZ6,putrescine,Di,0,0.0101,0.0101
A0A396KEZ6,putrescine,Mono,0,0.003,0.0101
A0A396KEZ6,putrescine,Tri,0,0.0209,0.0301
A0A396KEZ6,serine,Di,1,0.5969,0.4638
A0A396KEZ6,serine,Mono,1,0.7826,0.5287
A0A396KEZ6,serine,Tri,1,0.4594,0.3936
A0A396KEZ6,serotonin,Di,0,0.0276,0.0391
A0A396KEZ6,serotonin,Mono,1,0.4339,0.3936
A0A396KEZ6,serotonin,Tri,0,0.0314,0.0409
A0A396KEZ6,threonine,Di,1,0.6302,0.4857
A0A396KEZ6,threonine,Mono,1,0.7578,0.5287
A0A396KEZ6,threonine,Tri,0,0.0641,0.0529
A0A396KEZ6,tryptamine,Di,0,0.003,0.0101
A0A396KEZ6,tryptamine,Mono,0,0.0006,0.0
A0A396KEZ6,tryptamine,Tri,0,0.0075,0.0101
A0A396KEZ6,tyramine,Di,0,0.0684,0.0529
A0A396KEZ6,tyramine,Mono,1,0.5683,0.4231
A0A396KEZ6,tyramine,Tri,0,0.0894,0.0529
A0A3D3YKZ5,"2,3_diaminopropionic acid",Di,0,0.0267,0.0391
A0A3D3YKZ5,"2,3_diaminopropionic acid",Mono,0,0.0155,0.0202
A0A3D3YKZ5,"2,3_diaminopropionic acid",Tri,0,0.1554,0.1127
A0A3D3YKZ5,2_aminophenol,Di,0,0.7214,0.5287
A0A3D3YKZ5,2_aminophenol,Mono,0,0.1793,0.1127
A0A3D3YKZ5,2_aminophenol,Tri,0,0.634,0.4857
A0A3D3YKZ5,3_methoxytyramine,Di,0,0.0373,0.0529
A0A3D3YKZ5,3_methoxytyramine,Mono,0,0.0042,0.0101
A0A3D3YKZ5,3_methoxytyramine,Tri,0,0.0368,0.0529
A0A3D3YKZ5,alanine,Di,0,0.8373,0.7
A0A3D3YKZ5,alanine,Mono,0,0.8248,0.7
A0A3D3YKZ5,alanine,Tri,0,0.1102,0.0915
A0A3D3YKZ5,arginine,Di,0,0.0041,0.0101
A0A3D3YKZ5,arginine,Mono,0,0.0024,0.0101
A0A3D3YKZ5,arginine,Tri,0,0.0073,0.0101
A0A3D3YKZ5,asparagine,Di,0,0.0209,0.0301
A0A3D3YKZ5,asparagine,Mono,0,0.027,0.0391
A0A3D3YKZ5,asparagine,Tri,0,0.7632,0.5287
A0A3D3YKZ5,cadaverine,Di,0,0.0029,0.0101
A0A3D3YKZ5,cadaverine,Mono,0,0.0012,0.0023
A0A3D3YKZ5,cadaverine,Tri,0,0.005,0.0101
A0A3D3YKZ5,citrulline,Di,0,0.0123,0.0114
A0A3D3YKZ5,citrulline,Mono,0,0.0031,0.0101
A0A3D3YKZ5,citrulline,Tri,0,0.0043,0.0101
A0A3D3YKZ5,cystine,Di,0,0.003,0.0101
A0A3D3YKZ5,cystine,Mono,0,0.0013,0.0023
A0A3D3YKZ5,cystine,Tri,0,0.0047,0.0101
A0A3D3YKZ5,dopamine,Di,0,0.1069,0.0915
A0A3D3YKZ5,dopamine,Mono,0,0.0258,0.0391
A0A3D3YKZ5,dopamine,Tri,0,0.7217,0.5287
A0A3D3YKZ5,gaba,Di,0,0.8658,0.7
A0A3D3YKZ5,gaba,Mono,0,0.8757,0.7
A0A3D3YKZ5,gaba,Tri,0,0.8769,0.7
A0A3D3YKZ5,glutamine,Di,0,0.0513,0.0529
A0A3D3YKZ5,glutamine,Mono,0,0.4426,0.3936
A0A3D3YKZ5,glutamine,Tri,0,0.0458,0.0529
A0A3D3YKZ5,glyglycine,Di,0,0.0053,0.0101
A0A3D3YKZ5,glyglycine,Mono,0,0.0043,0.0101
A0A3D3YKZ5,glyglycine,Tri,0,0.0461,0.0529
A0A3D3YKZ5,histidine,Di,0,0.0014,0.0023
A0A3D3YKZ5,histidine,Mono,0,0.0009,0.0023
A0A3D3YKZ5,histidine,Tri,0,0.0085,0.0101
A0A3D3YKZ5,lysine,Di,0,0.0815,0.0529
A0A3D3YKZ5,lysine,Mono,0,0.0071,0.0101
A0A3D3YKZ5,lysine,Tri,0,0.0055,0.0101
A0A3D3YKZ5,methionine,Di,0,0.02,0.0301
A0A3D3YKZ5,methionine,Mono,0,0.0247,0.0391
A0A3D3YKZ5,methionine,Tri,0,0.034,0.0409
A0A3D3YKZ5,ornithine,Di,0,0.0414,0.0529
A0A3D3YKZ5,ornithine,Mono,0,0.0144,0.0202
A0A3D3YKZ5,ornithine,Tri,0,0.0093,0.0101
A0A3D3YKZ5,phenylalanine,Di,0,0.7937,0.5287
A0A3D3YKZ5,phenylalanine,Mono,0,0.0902,0.0529
A0A3D3YKZ5,phenylalanine,Tri,0,0.8502,0.7
A0A3D3YKZ5,proline,Di,0,0.0025,0.0101
A0A3D3YKZ5,proline,Mono,0,0.0043,0.0101
A0A3D3YKZ5,proline,Tri,0,0.0264,0.0391
A0A3D3YKZ5,putrescine,Di,0,0.0028,0.0101
A0A3D3YKZ5,putrescine,Mono,0,0.0012,0.0023
A0A3D3YKZ5,putrescine,Tri,0,0.0049,0.0101
A0A3D3YKZ5,serine,Di,0,0.0742,0.0529
A0A3D3YKZ5,serine,Mono,0,0.0694,0.0529
A0A3D3YKZ5,serine,Tri,0,0.0564,0.0529
A0A3D3YKZ5,serotonin,Di,0,0.0075,0.0101
A0A3D3YKZ5,serotonin,Mono,0,0.1615,0.1127
A0A3D3YKZ5,serotonin,Tri,0,0.0068,0.0101
A0A3D3YKZ5,threonine,Di,0,0.0169,0.0202
A0A3D3YKZ5,threonine,Mono,0,0.0339,0.0409
A0A3D3YKZ5,threonine,Tri,0,0.0027,0.0101
A0A3D3YKZ5,tryptamine,Di,0,0.0029,0.0101
A0A3D3YKZ5,tryptamine,Mono,0,0.0015,0.0023
A0A3D3YKZ5,tryptamine,Tri,0,0.0102,0.0101
A0A3D3YKZ5,tyramine,Di,0,0.0114,0.0114
A0A3D3YKZ5,tyramine,Mono,0,0.0936,0.0714
A0A3D3YKZ5,tyramine,Tri,0,0.0107,0.0101
A0A3D4LSP0,"2,3_diaminopropionic acid",Di,0,0.4047,0.2815
A0A3D4LSP0,"2,3_diaminopropionic acid",Mono,0,0.2367,0.1455
A0A3D4LSP0,"2,3_diaminopropionic acid",Tri,0,0.9239,0.8636
A0A3D4LSP0,2_aminophenol,Di,1,0.9863,0.9214
A0A3D4LSP0,2_aminophenol,Mono,0,0.778,0.5287
A0A3D4LSP0,2_aminophenol,Tri,1,0.9605,0.9023
A0A3D4LSP0,3_methoxytyramine,Di,0,0.2911,0.2692
A0A3D4LSP0,3_methoxytyramine,Mono,0,0.0346,0.0409
A0A3D4LSP0,3_methoxytyramine,Tri,0,0.2326,0.1455
A0A3D4LSP0,alanine,Di,1,0.995,0.9214
A0A3D4LSP0,alanine,Mono,1,0.9937,0.9214
A0A3D4LSP0,alanine,Tri,0,0.9423,0.8696
A0A3D4LSP0,arginine,Di,0,0.1548,0.1127
A0A3D4LSP0,arginine,Mono,0,0.0675,0.0529
A0A3D4LSP0,arginine,Tri,0,0.2935,0.2692
A0A3D4LSP0,asparagine,Di,0,0.2022,0.1127
A0A3D4LSP0,asparagine,Mono,0,0.1776,0.1127
A0A3D4LSP0,asparagine,Tri,1,0.9663,0.9082
A0A3D4LSP0,cadaverine,Di,0,0.0207,0.0301
A0A3D4LSP0,cadaverine,Mono,0,0.0075,0.0101
A0A3D4LSP0,cadaverine,Tri,0,0.0637,0.0529
A0A3D4LSP0,citrulline,Di,0,0.4592,0.3936
A0A3D4LSP0,citrulline,Mono,0,0.1938,0.1127
A0A3D4LSP0,citrulline,Tri,0,0.1916,0.1127
A0A3D4LSP0,cystine,Di,0,0.1112,0.0915
A0A3D4LSP0,cystine,Mono,0,0.0404,0.0529
A0A3D4LSP0,cystine,Tri,0,0.1724,0.1127
A0A3D4LSP0,dopamine,Di,0,0.4457,0.3936
A0A3D4LSP0,dopamine,Mono,0,0.1145,0.0915
A0A3D4LSP0,dopamine,Tri,1,0.9445,0.9023
A0A3D4LSP0,gaba,Di,1,0.9958,0.9214
A0A3D4LSP0,gaba,Mono,1,0.9961,0.925
A0A3D4LSP0,gaba,Tri,1,0.9967,0.925
A0A3D4LSP0,glutamine,Di,0,0.6687,0.5287
A0A3D4LSP0,glutamine,Mono,1,0.9414,0.8696
A0A3D4LSP0,glutamine,Tri,0,0.4825,0.4014
A0A3D4LSP0,glyglycine,Di,0,0.1024,0.0915
A0A3D4LSP0,glyglycine,Mono,0,0.0665,0.0529
A0A3D4LSP0,glyglycine,Tri,0,0.2709,0.1915
A0A3D4LSP0,histidine,Di,0,0.012,0.0114
A0A3D4LSP0,histidine,Mono,0,0.0081,0.0101
A0A3D4LSP0,histidine,Tri,0,0.047,0.0529
A0A3D4LSP0,lysine,Di,0,0.805,0.7
A0A3D4LSP0,lysine,Mono,0,0.4403,0.3936
A0A3D4LSP0,lysine,Tri,0,0.3032,0.2692
A0A3D4LSP0,methionine,Di,0,0.7069,0.5287
A0A3D4LSP0,methionine,Mono,0,0.6957,0.5287
A0A3D4LSP0,methionine,Tri,0,0.6575,0.5287
A0A3D4LSP0,ornithine,Di,0,0.666,0.5287
A0A3D4LSP0,ornithine,Mono,0,0.4154,0.2815
A0A3D4LSP0,ornithine,Tri,0,0.243,0.1757
A0A3D4LSP0,phenylalanine,Di,1,0.9907,0.9214
A0A3D4LSP0,phenylalanine,Mono,0,0.7202,0.5287
A0A3D4LSP0,phenylalanine,Tri,1,0.9942,0.9214
A0A3D4LSP0,proline,Di,0,0.0286,0.0391
A0A3D4LSP0,proline,Mono,0,0.0365,0.0529
A0A3D4LSP0,proline,Tri,0,0.1667,0.1127
A0A3D4LSP0,putrescine,Di,0,0.0208,0.0301
A0A3D4LSP0,putrescine,Mono,0,0.0073,0.0101
A0A3D4LSP0,putrescine,Tri,0,0.0623,0.0529
A0A3D4LSP0,serine,Di,0,0.7956,0.5287
A0A3D4LSP0,serine,Mono,0,0.8997,0.8571
A0A3D4LSP0,serine,Tri,0,0.7667,0.5287
A0A3D4LSP0,serotonin,Di,0,0.0636,0.0529
A0A3D4LSP0,serotonin,Mono,0,0.7323,0.5287
A0A3D4LSP0,serotonin,Tri,0,0.1027,0.0915
A0A3D4LSP0,threonine,Di,0,0.7156,0.5287
A0A3D4LSP0,threonine,Mono,0,0.8452,0.7
A0A3D4LSP0,threonine,Tri,0,0.1034,0.0915
A0A3D4LSP0,tryptamine,Di,0,0.0054,0.0101
A0A3D4LSP0,tryptamine,Mono,0,0.0016,0.0023
A0A3D4LSP0,tryptamine,Tri,0,0.0229,0.0345
A0A3D4LSP0,tyramine,Di,0,0.0951,0.0714
A0A3D4LSP0,tyramine,Mono,0,0.7289,0.5287
A0A3D4LSP0,tyramine,Tri,0,0.1642,0.1127
A0A3E2XR62,"2,3_diaminopropionic acid",Di,0,0.0892,0.0529
A0A3E2XR62,"2,3_diaminopropionic acid",Mono,0,0.0589,0.0529
A0A3E2XR62,"2,3_diaminopropionic acid",Tri,1,0.7853,0.5287
A0A3E2XR62,2_aminophenol,Di,1,0.897,0.8571
A0A3E2XR62,2_aminophenol,Mono,0,0.3861,0.2815
A0A3E2XR62,2_aminophenol,Tri,1,0.9445,0.9023
A0A3E2XR62,3_methoxytyramine,Di,0,0.0227,0.0345
A0A3E2XR62,3_methoxytyramine,Mono,0,0.0066,0.0101
A0A3E2XR62,3_methoxytyramine,Tri,0,0.0429,0.0529
A0A3E2XR62,alanine,Di,1,0.9826,0.9214
A0A3E2XR62,alanine,Mono,1,0.9821,0.9214
A0A3E2XR62,alanine,Tri,1,0.9455,0.9023
A0A3E2XR62,arginine,Di,0,0.0177,0.0202
A0A3E2XR62,arginine,Mono,0,0.0062,0.0101
A0A3E2XR62,arginine,Tri,0,0.0771,0.0529
A0A3E2XR62,asparagine,Di,0,0.0687,0.0529
A0A3E2XR62,asparagine,Mono,0,0.0638,0.0529
A0A3E2XR62,asparagine,Tri,1,0.8848,0.8235
A0A3E2XR62,cadaverine,Di,0,0.005,0.0101
A0A3E2XR62,cadaverine,Mono,0,0.0021,0.0023
A0A3E2XR62,cadaverine,Tri,0,0.0112,0.0101
A0A3E2XR62,citrulline,Di,0,0.1969,0.1127
A0A3E2XR62,citrulline,Mono,0,0.0289,0.0391
A0A3E2XR62,citrulline,Tri,0,0.0633,0.0529
A0A3E2XR62,cystine,Di,0,0.0092,0.0101
A0A3E2XR62,cystine,Mono,0,0.0048,0.0101
A0A3E2XR62,cystine,Tri,0,0.0349,0.0409
A0A3E2XR62,dopamine,Di,0,0.1712,0.1127
A0A3E2XR62,dopamine,Mono,0,0.1039,0.0915
A0A3E2XR62,dopamine,Tri,1,0.879,0.75
A0A3E2XR62,gaba,Di,1,0.9859,0.9214
A0A3E2XR62,gaba,Mono,1,0.9851,0.9214
A0A3E2XR62,gaba,Tri,1,0.9919,0.9214
A0A3E2XR62,glutamine,Di,1,0.2956,0.2692
A0A3E2XR62,glutamine,Mono,1,0.6858,0.5287
A0A3E2XR62,glutamine,Tri,0,0.2032,0.1127
A0A3E2XR62,glyglycine,Di,0,0.0283,0.0391
A0A3E2XR62,glyglycine,Mono,0,0.0218,0.0301
A0A3E2XR62,glyglycine,Tri,0,0.4076,0.2815
A0A3E2XR62,histidine,Di,0,0.0056,0.0101
A0A3E2XR62,histidine,Mono,0,0.0057,0.0101
A0A3E2XR62,histidine,Tri,0,0.1128,0.0915
A0A3E2XR62,lysine,Di,1,0.6505,0.5287
A0A3E2XR62,lysine,Mono,0,0.051,0.0529
A0A3E2XR62,lysine,Tri,0,0.0614,0.0529
A0A3E2XR62,methionine,Di,0,0.3278,0.2692
A0A3E2XR62,methionine,Mono,1,0.4061,0.2815
A0A3E2XR62,methionine,Tri,1,0.6294,0.4857
A0A3E2XR62,ornithine,Di,0,0.1098,0.0915
A0A3E2XR62,ornithine,Mono,0,0.0221,0.0301
A0A3E2XR62,ornithine,Tri,0,0.0285,0.0391
A0A3E2XR62,phenylalanine,Di,1,0.9644,0.9023
A0A3E2XR62,phenylalanine,Mono,1,0.4701,0.4014
A0A3E2XR62,phenylalanine,Tri,1,0.986,0.9214
A0A3E2XR62,proline,Di,0,0.0024,0.0101
A0A3E2XR62,proline,Mono,0,0.0035,0.0101
A0A3E2XR62,proline,Tri,0,0.035,0.0409
A0A3E2XR62,putrescine,Di,0,0.005,0.0101
A0A3E2XR62,putrescine,Mono,0,0.0021,0.0023
A0A3E2XR62,putrescine,Tri,0,0.0112,0.0101
A0A3E2XR62,serine,Di,1,0.8454,0.7
A0A3E2XR62,serine,Mono,1,0.8567,0.7
A0A3E2XR62,serine,Tri,0,0.632,0.4857
A0A3E2XR62,serotonin,Di,0,0.0125,0.0137
A0A3E2XR62,serotonin,Mono,1,0.2554,0.1757
A0A3E2XR62,serotonin,Tri,0,0.018,0.0202
A0A3E2XR62,threonine,Di,1,0.4763,0.4014
A0A3E2XR62,threonine,Mono,1,0.6432,0.5287
A0A3E2XR62,threonine,Tri,0,0.0777,0.0529
A0A3E2XR62,tryptamine,Di,0,0.0012,0.0023
A0A3E2XR62,tryptamine,Mono,0,0.0007,0.0
A0A3E2XR62,tryptamine,Tri,0,0.0054,0.0101
A0A3E2XR62,tyramine,Di,0,0.0723,0.0529
A0A3E2XR62,tyramine,Mono,1,0.4943,0.4014
A0A3E2XR62,tyramine,Tri,0,0.1124,0.0915
A0A3E4KT54,"2,3_diaminopropionic acid",Di,0,0.0194,0.0202
A0A3E4KT54,"2,3_diaminopropionic acid",Mono,0,0.0092,0.0101
A0A3E4KT54,"2,3_diaminopropionic acid",Tri,0,0.1565,0.1127
A0A3E4KT54,2_aminophenol,Di,1,0.6622,0.5287
A0A3E4KT54,2_aminophenol,Mono,1,0.1104,0.0915
A0A3E4KT54,2_aminophenol,Tri,1,0.7145,0.5287
A0A3E4KT54,3_methoxytyramine,Di,1,0.15,0.1127
A0A3E4KT54,3_methoxytyramine,Mono,0,0.0083,0.0101
A0A3E4KT54,3_methoxytyramine,Tri,0,0.0696,0.0529
A0A3E4KT54,alanine,Di,1,0.7352,0.5287
A0A3E4KT54,alanine,Mono,1,0.6904,0.5287
A0A3E4KT54,alanine,Tri,0,0.0882,0.0529
A0A3E4KT54,arginine,Di,0,0.0015,0.0023
A0A3E4KT54,arginine,Mono,0,0.0006,0.0
A0A3E4KT54,arginine,Tri,0,0.0026,0.0101
A0A3E4KT54,asparagine,Di,0,0.0159,0.0202
A0A3E4KT54,asparagine,Mono,0,0.0131,0.0137
A0A3E4KT54,asparagine,Tri,1,0.5887,0.4638
A0A3E4KT54,cadaverine,Di,0,0.0022,0.0023
A0A3E4KT54,cadaverine,Mono,0,0.0006,0.0
A0A3E4KT54,cadaverine,Tri,0,0.0026,0.0101
A0A3E4KT54,citrulline,Di,0,0.0048,0.0101
A0A3E4KT54,citrulline,Mono,0,0.0012,0.0023
A0A3E4KT54,citrulline,Tri,0,0.0013,0.0023
A0A3E4KT54,cystine,Di,0,0.003,0.0101
A0A3E4KT54,cystine,Mono,0,0.0009,0.0023
A0A3E4KT54,cystine,Tri,0,0.0039,0.0101
A0A3E4KT54,dopamine,Di,0,0.1747,0.1127
A0A3E4KT54,dopamine,Mono,0,0.0321,0.0409
A0A3E4KT54,dopamine,Tri,1,0.7163,0.5287
A0A3E4KT54,gaba,Di,1,0.9453,0.9023
A0A3E4KT54,gaba,Mono,1,0.9101,0.8636
A0A3E4KT54,gaba,Tri,1,0.945,0.9023
A0A3E4KT54,glutamine,Di,0,0.0202,0.0301
A0A3E4KT54,glutamine,Mono,1,0.1014,0.0915
A0A3E4KT54,glutamine,Tri,0,0.0109,0.0101
A0A3E4KT54,glyglycine,Di,0,0.0015,0.0023
A0A3E4KT54,glyglycine,Mono,0,0.0011,0.0023
A0A3E4KT54,glyglycine,Tri,0,0.0095,0.0101
A0A3E4KT54,histidine,Di,0,0.0004,0.0
A0A3E4KT54,histidine,Mono,0,0.0003,0.0
A0A3E4KT54,histidine,Tri,0,0.0017,0.0023
A0A3E4KT54,lysine,Di,0,0.0521,0.0529
A0A3E4KT54,lysine,Mono,0,0.0035,0.0101
A0A3E4KT54,lysine,Tri,0,0.0026,0.0101
A0A3E4KT54,methionine,Di,0,0.0081,0.0101
A0A3E4KT54,methionine,Mono,0,0.0089,0.0101
A0A3E4KT54,methionine,Tri,0,0.0101,0.0101
A0A3E4KT54,ornithine,Di,0,0.0706,0.0529
A0A3E4KT54,ornithine,Mono,1,0.0206,0.0301
A0A3E4KT54,ornithine,Tri,0,0.0105,0.0101
A0A3E4KT54,phenylalanine,Di,1,0.7256,0.5287
A0A3E4KT54,phenylalanine,Mono,0,0.0557,0.0529
A0A3E4KT54,phenylalanine,Tri,1,0.8097,0.7
A0A3E4KT54,proline,Di,0,0.0011,0.0023
A0A3E4KT54,proline,Mono,0,0.0014,0.0023
A0A3E4KT54,proline,Tri,0,0.0123,0.0114
A0A3E4KT54,putrescine,Di,0,0.0022,0.0023
A0A3E4KT54,putrescine,Mono,0,0.0007,0.0
A0A3E4KT54,putrescine,Tri,0,0.0027,0.0101
A0A3E4KT54,serine,Di,0,0.045,0.0529
A0A3E4KT54,serine,Mono,1,0.0343,0.0409
A0A3E4KT54,serine,Tri,0,0.0193,0.0202
A0A3E4KT54,serotonin,Di,0,0.0047,0.0101
A0A3E4KT54,serotonin,Mono,1,0.0715,0.0529
A0A3E4KT54,serotonin,Tri,0,0.0039,0.0101
A0A3E4KT54,threonine,Di,0,0.0056,0.0101
A0A3E4KT54,threonine,Mono,0,0.0088,0.0101
A0A3E4KT54,threonine,Tri,0,0.0008,0.0023
A0A3E4KT54,tryptamine,Di,0,0.0022,0.0023
A0A3E4KT54,tryptamine,Mono,0,0.0006,0.0
A0A3E4KT54,tryptamine,Tri,0,0.006,0.0101
A0A3E4KT54,tyramine,Di,0,0.0126,0.0137
A0A3E4KT54,tyramine,Mono,0,0.069,0.0529
A0A3E4KT54,tyramine,Tri,0,0.0101,0.0101
A0A3E4LQA4,"2,3_diaminopropionic acid",Di,0,0.2816,0.1915
A0A3E4LQA4,"2,3_diaminopropionic acid",Mono,0,0.1506,0.1127
A0A3E4LQA4,"2,3_diaminopropionic acid",Tri,1,0.8316,0.7
A0A3E4LQA4,2_aminophenol,Di,1,0.9743,0.9082
A0A3E4LQA4,2_aminophenol,Mono,0,0.7042,0.5287
A0A3E4LQA4,2_aminophenol,Tri,1,0.9511,0.9023
A0A3E4LQA4,3_methoxytyramine,Di,1,0.1724,0.1127
A0A3E4LQA4,3_methoxytyramine,Mono,0,0.016,0.0202
A0A3E4LQA4,3_methoxytyramine,Tri,0,0.1448,0.0915
A0A3E4LQA4,alanine,Di,1,0.995,0.9214
A0A3E4LQA4,alanine,Mono,1,0.9942,0.9214
A0A3E4LQA4,alanine,Tri,1,0.9446,0.9023
A0A3E4LQA4,arginine,Di,0,0.0461,0.0529
A0A3E4LQA4,arginine,Mono,0,0.0198,0.0301
A0A3E4LQA4,arginine,Tri,1,0.0983,0.0915
A0A3E4LQA4,asparagine,Di,0,0.1297,0.0915
A0A3E4LQA4,asparagine,Mono,0,0.1039,0.0915
A0A3E4LQA4,asparagine,Tri,1,0.9189,0.8636
A0A3E4LQA4,cadaverine,Di,0,0.0165,0.0202
A0A3E4LQA4,cadaverine,Mono,0,0.0063,0.0101
A0A3E4LQA4,cadaverine,Tri,0,0.0439,0.0529
A0A3E4LQA4,citrulline,Di,1,0.2107,0.1127
A0A3E4LQA4,citrulline,Mono,0,0.0824,0.0529
A0A3E4LQA4,citrulline,Tri,1,0.0819,0.0529
A0A3E4LQA4,cystine,Di,0,0.0521,0.0529
A0A3E4LQA4,cystine,Mono,0,0.0175,0.0202
A0A3E4LQA4,cystine,Tri,0,0.0621,0.0529
A0A3E4LQA4,dopamine,Di,0,0.3492,0.28
A0A3E4LQA4,dopamine,Mono,0,0.0768,0.0529
A0A3E4LQA4,dopamine,Tri,1,0.9064,0.8636
A0A3E4LQA4,gaba,Di,1,0.9951,0.9214
A0A3E4LQA4,gaba,Mono,1,0.9954,0.9214
A0A3E4LQA4,gaba,Tri,1,0.9955,0.9214
A0A3E4LQA4,glutamine,Di,1,0.3459,0.28
A0A3E4LQA4,glutamine,Mono,1,0.8356,0.7
A0A3E4LQA4,glutamine,Tri,1,0.2139,0.1127
A0A3E4LQA4,glyglycine,Di,0,0.0875,0.0529
A0A3E4LQA4,glyglycine,Mono,0,0.0597,0.0529
A0A3E4LQA4,glyglycine,Tri,1,0.1906,0.1127
A0A3E4LQA4,histidine,Di,0,0.012,0.0114
A0A3E4LQA4,histidine,Mono,0,0.0079,0.0101
A0A3E4LQA4,histidine,Tri,1,0.0388,0.0529
A0A3E4LQA4,lysine,Di,1,0.6137,0.4706
A0A3E4LQA4,lysine,Mono,0,0.259,0.1757
A0A3E4LQA4,lysine,Tri,0,0.1795,0.1127
A0A3E4LQA4,methionine,Di,1,0.5588,0.4231
A0A3E4LQA4,methionine,Mono,1,0.5656,0.4231
A0A3E4LQA4,methionine,Tri,1,0.5285,0.4014
A0A3E4LQA4,ornithine,Di,0,0.475,0.4014
A0A3E4LQA4,ornithine,Mono,0,0.2616,0.1875
A0A3E4LQA4,ornithine,Tri,0,0.1444,0.0915
A0A3E4LQA4,phenylalanine,Di,1,0.9872,0.9214
A0A3E4LQA4,phenylalanine,Mono,1,0.69,0.5287
A0A3E4LQA4,phenylalanine,Tri,1,0.9918,0.9214
A0A3E4LQA4,proline,Di,0,0.0169,0.0202
A0A3E4LQA4,proline,Mono,0,0.0177,0.0202
A0A3E4LQA4,proline,Tri,0,0.0819,0.0529
A0A3E4LQA4,putrescine,Di,0,0.0161,0.0202
A0A3E4LQA4,putrescine,Mono,0,0.0059,0.0101
A0A3E4LQA4,putrescine,Tri,0,0.0418,0.0529
A0A3E4LQA4,serine,Di,1,0.718,0.5287
A0A3E4LQA4,serine,Mono,1,0.8338,0.7
A0A3E4LQA4,serine,Tri,1,0.6625,0.5287
A0A3E4LQA4,serotonin,Di,0,0.0365,0.0529
A0A3E4LQA4,serotonin,Mono,1,0.5739,0.4638
A0A3E4LQA4,serotonin,Tri,0,0.0537,0.0529
A0A3E4LQA4,threonine,Di,1,0.4894,0.4014
A0A3E4LQA4,threonine,Mono,1,0.6797,0.5287
A0A3E4LQA4,threonine,Tri,0,0.0815,0.0529
A0A3E4LQA4,tryptamine,Di,0,0.0045,0.0101
A0A3E4LQA4,tryptamine,Mono,0,0.0012,0.0023
A0A3E4LQA4,tryptamine,Tri,0,0.0193,0.0202
A0A3E4LQA4,tyramine,Di,0,0.0583,0.0529
A0A3E4LQA4,tyramine,Mono,1,0.6426,0.5287
A0A3E4LQA4,tyramine,Tri,0,0.0919,0.0714
A0A3N2MZX6,"2,3_diaminopropionic acid",Di,0,0.0369,0.0529
A0A3N2MZX6,"2,3_diaminopropionic acid",Mono,0,0.0183,0.0202
A0A3N2MZX6,"2,3_diaminopropionic acid",Tri,0,0.1002,0.0915
A0A3N2MZX6,2_aminophenol,Di,1,0.8785,0.75
A0A3N2MZX6,2_aminophenol,Mono,1,0.1931,0.1127
A0A3N2MZX6,2_aminophenol,Tri,1,0.5123,0.4014
A0A3N2MZX6,3_methoxytyramine,Di,1,0.052,0.0529
A0A3N2MZX6,3_methoxytyramine,Mono,0,0.0029,0.0101
A0A3N2MZX6,3_methoxytyramine,Tri,1,0.0308,0.0409
A0A3N2MZX6,alanine,Di,1,0.9166,0.8636
A0A3N2MZX6,alanine,Mono,1,0.8919,0.8571
A0A3N2MZX6,alanine,Tri,0,0.2553,0.1757
A0A3N2MZX6,arginine,Di,0,0.0034,0.0101
A0A3N2MZX6,arginine,Mono,0,0.003,0.0101
A0A3N2MZX6,arginine,Tri,0,0.0016,0.0023
A0A3N2MZX6,asparagine,Di,0,0.0334,0.0409
A0A3N2MZX6,asparagine,Mono,0,0.0488,0.0529
A0A3N2MZX6,asparagine,Tri,1,0.8119,0.7
A0A3N2MZX6,cadaverine,Di,0,0.0017,0.0023
A0A3N2MZX6,cadaverine,Mono,0,0.0009,0.0023
A0A3N2MZX6,cadaverine,Tri,0,0.0034,0.0101
A0A3N2MZX6,citrulline,Di,0,0.0034,0.0101
A0A3N2MZX6,citrulline,Mono,0,0.0022,0.0023
A0A3N2MZX6,citrulline,Tri,0,0.0011,0.0023
A0A3N2MZX6,cystine,Di,0,0.0044,0.0101
A0A3N2MZX6,cystine,Mono,0,0.0014,0.0023
A0A3N2MZX6,cystine,Tri,0,0.0026,0.0101
A0A3N2MZX6,dopamine,Di,1,0.1483,0.1127
A0A3N2MZX6,dopamine,Mono,0,0.0223,0.0301
A0A3N2MZX6,dopamine,Tri,1,0.7373,0.5287
A0A3N2MZX6,gaba,Di,1,0.9772,0.9082
A0A3N2MZX6,gaba,Mono,1,0.9857,0.9214
A0A3N2MZX6,gaba,Tri,1,0.9753,0.9082
A0A3N2MZX6,glutamine,Di,0,0.0542,0.0529
A0A3N2MZX6,glutamine,Mono,1,0.7178,0.5287
A0A3N2MZX6,glutamine,Tri,0,0.0429,0.0529
A0A3N2MZX6,glyglycine,Di,0,0.0061,0.0101
A0A3N2MZX6,glyglycine,Mono,0,0.0044,0.0101
A0A3N2MZX6,glyglycine,Tri,0,0.0086,0.0101
A0A3N2MZX6,histidine,Di,0,0.0013,0.0023
A0A3N2MZX6,histidine,Mono,0,0.001,0.0023
A0A3N2MZX6,histidine,Tri,0,0.002,0.0023
A0A3N2MZX6,lysine,Di,0,0.0189,0.0202
A0A3N2MZX6,lysine,Mono,0,0.0076,0.0101
A0A3N2MZX6,lysine,Tri,0,0.0031,0.0101
A0A3N2MZX6,methionine,Di,0,0.0097,0.0101
A0A3N2MZX6,methionine,Mono,0,0.0155,0.0202
A0A3N2MZX6,methionine,Tri,0,0.0054,0.0101
A0A3N2MZX6,ornithine,Di,1,0.0266,0.0391
A0A3N2MZX6,ornithine,Mono,1,0.0196,0.0301
A0A3N2MZX6,ornithine,Tri,0,0.0064,0.0101
A0A3N2MZX6,phenylalanine,Di,1,0.8914,0.8571
A0A3N2MZX6,phenylalanine,Mono,0,0.107,0.0915
A0A3N2MZX6,phenylalanine,Tri,1,0.8668,0.7
A0A3N2MZX6,proline,Di,0,0.0045,0.0101
A0A3N2MZX6,proline,Mono,0,0.007,0.0101
A0A3N2MZX6,proline,Tri,0,0.0117,0.0114
A0A3N2MZX6,putrescine,Di,0,0.0017,0.0023
A0A3N2MZX6,putrescine,Mono,0,0.0009,0.0023
A0A3N2MZX6,putrescine,Tri,0,0.0036,0.0101
A0A3N2MZX6,serine,Di,0,0.0532,0.0529
A0A3N2MZX6,serine,Mono,0,0.1197,0.0915
A0A3N2MZX6,serine,Tri,0,0.0237,0.0391
A0A3N2MZX6,serotonin,Di,0,0.0018,0.0023
A0A3N2MZX6,serotonin,Mono,1,0.0282,0.0391
A0A3N2MZX6,serotonin,Tri,0,0.0023,0.0023
A0A3N2MZX6,threonine,Di,0,0.0122,0.0114
A0A3N2MZX6,threonine,Mono,0,0.0207,0.0301
A0A3N2MZX6,threonine,Tri,0,0.0012,0.0023
A0A3N2MZX6,tryptamine,Di,0,0.002,0.0023
A0A3N2MZX6,tryptamine,Mono,0,0.0004,0.0
A0A3N2MZX6,tryptamine,Tri,1,0.0037,0.0101
A0A3N2MZX6,tyramine,Di,0,0.0049,0.0101
A0A3N2MZX6,tyramine,Mono,1,0.0269,0.0391
A0A3N2MZX6,tyramine,Tri,0,0.0072,0.0101
A0A3R6IUG4,"2,3_diaminopropionic acid",Di,0,0.5152,0.4014
A0A3R6IUG4,"2,3_diaminopropionic acid",Mono,0,0.305,0.2692
A0A3R6IUG4,"2,3_diaminopropionic acid",Tri,1,0.9347,0.8636
A0A3R6IUG4,2_aminophenol,Di,1,0.9847,0.9214
A0A3R6IUG4,2_aminophenol,Mono,1,0.8497,0.7
A0A3R6IUG4,2_aminophenol,Tri,1,0.9638,0.9023
A0A3R6IUG4,3_methoxytyramine,Di,0,0.2248,0.1127
A0A3R6IUG4,3_methoxytyramine,Mono,0,0.0246,0.0391
A0A3R6IUG4,3_methoxytyramine,Tri,0,0.195,0.1127
A0A3R6IUG4,alanine,Di,1,0.997,1.0
A0A3R6IUG4,alanine,Mono,1,0.9957,0.9214
A0A3R6IUG4,alanine,Tri,1,0.9631,0.9023
A0A3R6IUG4,arginine,Di,0,0.2364,0.1455
A0A3R6IUG4,arginine,Mono,0,0.0827,0.0529
A0A3R6IUG4,arginine,Tri,0,0.3937,0.2815
A0A3R6IUG4,asparagine,Di,0,0.272,0.1915
A0A3R6IUG4,asparagine,Mono,0,0.2356,0.1455
A0A3R6IUG4,asparagine,Tri,1,0.9644,0.9023
A0A3R6IUG4,cadaverine,Di,0,0.0207,0.0301
A0A3R6IUG4,cadaverine,Mono,0,0.0075,0.0101
A0A3R6IUG4,cadaverine,Tri,0,0.0641,0.0529
A0A3R6IUG4,citrulline,Di,0,0.6763,0.5287
A0A3R6IUG4,citrulline,Mono,0,0.2984,0.2692
A0A3R6IUG4,citrulline,Tri,0,0.3156,0.2692
A0A3R6IUG4,cystine,Di,0,0.1427,0.0915
A0A3R6IUG4,cystine,Mono,0,0.0451,0.0529
A0A3R6IUG4,cystine,Tri,0,0.1637,0.1127
A0A3R6IUG4,dopamine,Di,0,0.4457,0.3936
A0A3R6IUG4,dopamine,Mono,0,0.1247,0.0915
A0A3R6IUG4,dopamine,Tri,1,0.943,0.8696
A0A3R6IUG4,gaba,Di,1,0.9957,0.9214
A0A3R6IUG4,gaba,Mono,1,0.9957,0.9214
A0A3R6IUG4,gaba,Tri,1,0.9963,0.925
A0A3R6IUG4,glutamine,Di,0,0.7427,0.5287
A0A3R6IUG4,glutamine,Mono,0,0.9388,0.8636
A0A3R6IUG4,glutamine,Tri,0,0.5411,0.4014
A0A3R6IUG4,glyglycine,Di,0,0.1083,0.0915
A0A3R6IUG4,glyglycine,Mono,0,0.075,0.0529
A0A3R6IUG4,glyglycine,Tri,1,0.2365,0.1455
A0A3R6IUG4,histidine,Di,0,0.0317,0.0409
A0A3R6IUG4,histidine,Mono,0,0.0217,0.0301
A0A3R6IUG4,histidine,Tri,0,0.1031,0.0915
A0A3R6IUG4,lysine,Di,1,0.8942,0.8571
A0A3R6IUG4,lysine,Mono,0,0.5574,0.4014
A0A3R6IUG4,lysine,Tri,0,0.4299,0.3936
A0A3R6IUG4,methionine,Di,0,0.8872,0.8235
A0A3R6IUG4,methionine,Mono,0,0.8738,0.7
A0A3R6IUG4,methionine,Tri,1,0.8544,0.7
A0A3R6IUG4,ornithine,Di,0,0.7255,0.5287
A0A3R6IUG4,ornithine,Mono,0,0.4381,0.3936
A0A3R6IUG4,ornithine,Tri,0,0.3083,0.2692
A0A3R6IUG4,phenylalanine,Di,1,0.995,0.9214
A0A3R6IUG4,phenylalanine,Mono,0,0.8496,0.7
A0A3R6IUG4,phenylalanine,Tri,1,0.9968,1.0
A0A3R6IUG4,proline,Di,0,0.0429,0.0529
A0A3R6IUG4,proline,Mono,0,0.0505,0.0529
A0A3R6IUG4,proline,Tri,0,0.166,0.1127
A0A3R6IUG4,putrescine,Di,0,0.0203,0.0301
A0A3R6IUG4,putrescine,Mono,0,0.0071,0.0101
A0A3R6IUG4,putrescine,Tri,0,0.0606,0.0529
A0A3R6IUG4,serine,Di,1,0.8974,0.8571
A0A3R6IUG4,serine,Mono,1,0.9478,0.9023
A0A3R6IUG4,serine,Tri,0,0.8639,0.7
A0A3R6IUG4,serotonin,Di,0,0.0695,0.0529
A0A3R6IUG4,serotonin,Mono,1,0.6865,0.5287
A0A3R6IUG4,serotonin,Tri,0,0.1092,0.0915
A0A3R6IUG4,threonine,Di,1,0.8707,0.7
A0A3R6IUG4,threonine,Mono,1,0.9218,0.8636
A0A3R6IUG4,threonine,Tri,0,0.2183,0.1127
A0A3R6IUG4,tryptamine,Di,0,0.0036,0.0101
A0A3R6IUG4,tryptamine,Mono,0,0.0015,0.0023
A0A3R6IUG4,tryptamine,Tri,0,0.0202,0.0301
A0A3R6IUG4,tyramine,Di,0,0.1234,0.0915
A0A3R6IUG4,tyramine,Mono,1,0.7165,0.5287
A0A3R6IUG4,tyramine,Tri,0,0.2128,0.1127
A0A412TTM9,"2,3_diaminopropionic acid",Di,0,0.4179,0.2815
A0A412TTM9,"2,3_diaminopropionic acid",Mono,0,0.1396,0.0915
A0A412TTM9,"2,3_diaminopropionic acid",Tri,1,0.7443,0.5287
A0A412TTM9,2_aminophenol,Di,1,0.9929,0.9214
A0A412TTM9,2_aminophenol,Mono,1,0.9016,0.8571
A0A412TTM9,2_aminophenol,Tri,1,0.9634,0.9023
A0A412TTM9,3_methoxytyramine,Di,1,0.8056,0.7
A0A412TTM9,3_methoxytyramine,Mono,0,0.0271,0.0391
A0A412TTM9,3_methoxytyramine,Tri,0,0.3537,0.2815
A0A412TTM9,alanine,Di,1,0.9887,0.9214
A0A412TTM9,alanine,Mono,1,0.9885,0.9214
A0A412TTM9,alanine,Tri,0,0.8169,0.7
A0A412TTM9,arginine,Di,0,0.0167,0.0202
A0A412TTM9,arginine,Mono,0,0.0086,0.0101
A0A412TTM9,arginine,Tri,0,0.0108,0.0101
A0A412TTM9,asparagine,Di,0,0.0457,0.0529
A0A412TTM9,asparagine,Mono,0,0.0555,0.0529
A0A412TTM9,asparagine,Tri,1,0.9345,0.8636
A0A412TTM9,cadaverine,Di,0,0.0121,0.0114
A0A412TTM9,cadaverine,Mono,0,0.0049,0.0101
A0A412TTM9,cadaverine,Tri,0,0.031,0.0409
A0A412TTM9,citrulline,Di,0,0.036,0.0409
A0A412TTM9,citrulline,Mono,0,0.0108,0.0101
A0A412TTM9,citrulline,Tri,0,0.0059,0.0101
A0A412TTM9,cystine,Di,0,0.0288,0.0391
A0A412TTM9,cystine,Mono,0,0.0064,0.0101
A0A412TTM9,cystine,Tri,0,0.0165,0.0202
A0A412TTM9,dopamine,Di,1,0.732,0.5287
A0A412TTM9,dopamine,Mono,0,0.0834,0.0529
A0A412TTM9,dopamine,Tri,1,0.9733,0.9082
A0A412TTM9,gaba,Di,1,0.9956,0.9214
A0A412TTM9,gaba,Mono,1,0.9951,0.9214
A0A412TTM9,gaba,Tri,1,0.9952,0.9214
A0A412TTM9,glutamine,Di,0,0.0403,0.0529
A0A412TTM9,glutamine,Mono,0,0.5544,0.4014
A0A412TTM9,glutamine,Tri,0,0.0338,0.0409
A0A412TTM9,glyglycine,Di,0,0.0275,0.0391
A0A412TTM9,glyglycine,Mono,0,0.0188,0.0202
A0A412TTM9,glyglycine,Tri,0,0.0673,0.0529
A0A412TTM9,histidine,Di,0,0.0018,0.0023
A0A412TTM9,histidine,Mono,0,0.0013,0.0023
A0A412TTM9,histidine,Tri,0,0.0038,0.0101
A0A412TTM9,lysine,Di,0,0.1724,0.1127
A0A412TTM9,lysine,Mono,0,0.037,0.0529
A0A412TTM9,lysine,Tri,0,0.0101,0.0101
A0A412TTM9,methionine,Di,0,0.0919,0.0714
A0A412TTM9,methionine,Mono,0,0.1534,0.1127
A0A412TTM9,methionine,Tri,0,0.0605,0.0529
A0A412TTM9,ornithine,Di,0,0.5544,0.4014
A0A412TTM9,ornithine,Mono,0,0.3297,0.2692
A0A412TTM9,ornithine,Tri,0,0.051,0.0529
A0A412TTM9,phenylalanine,Di,1,0.9836,0.9214
A0A412TTM9,phenylalanine,Mono,0,0.3801,0.2815
A0A412TTM9,phenylalanine,Tri,1,0.9835,0.9214
A0A412TTM9,proline,Di,0,0.0118,0.0114
A0A412TTM9,proline,Mono,0,0.0191,0.0202
A0A412TTM9,proline,Tri,0,0.2371,0.1455
A0A412TTM9,putrescine,Di,0,0.0139,0.0202
A0A412TTM9,putrescine,Mono,0,0.005,0.0101
A0A412TTM9,putrescine,Tri,0,0.0353,0.0409
A0A412TTM9,serine,Di,0,0.206,0.1127
A0A412TTM9,serine,Mono,0,0.4648,0.3936
A0A412TTM9,serine,Tri,0,0.1883,0.1127
A0A412TTM9,serotonin,Di,0,0.0351,0.0409
A0A412TTM9,serotonin,Mono,0,0.6586,0.5287
A0A412TTM9,serotonin,Tri,0,0.0357,0.0409
A0A412TTM9,threonine,Di,0,0.0268,0.0391
A0A412TTM9,threonine,Mono,0,0.0962,0.0915
A0A412TTM9,threonine,Tri,0,0.0031,0.0101
A0A412TTM9,tryptamine,Di,0,0.0192,0.0202
A0A412TTM9,tryptamine,Mono,0,0.0057,0.0101
A0A412TTM9,tryptamine,Tri,0,0.074,0.0529
A0A412TTM9,tyramine,Di,0,0.04,0.0529
A0A412TTM9,tyramine,Mono,0,0.3489,0.28
A0A412TTM9,tyramine,Tri,0,0.0429,0.0529
A0A413RDG7,"2,3_diaminopropionic acid",Di,0,0.5131,0.4014
A0A413RDG7,"2,3_diaminopropionic acid",Mono,0,0.2748,0.1915
A0A413RDG7,"2,3_diaminopropionic acid",Tri,1,0.9363,0.8636
A0A413RDG7,2_aminophenol,Di,1,0.986,0.9214
A0A413RDG7,2_aminophenol,Mono,1,0.8041,0.7
A0A413RDG7,2_aminophenol,Tri,1,0.9708,0.9082
A0A413RDG7,3_methoxytyramine,Di,0,0.3319,0.2692
A0A413RDG7,3_methoxytyramine,Mono,0,0.0405,0.0529
A0A413RDG7,3_methoxytyramine,Tri,0,0.2666,0.1875
A0A413RDG7,alanine,Di,1,0.996,0.925
A0A413RDG7,alanine,Mono,1,0.9936,0.9214
A0A413RDG7,alanine,Tri,1,0.9556,0.9023
A0A413RDG7,arginine,Di,0,0.1548,0.1127
A0A413RDG7,arginine,Mono,0,0.0445,0.0529
A0A413RDG7,arginine,Tri,0,0.2349,0.1455
A0A413RDG7,asparagine,Di,0,0.2518,0.1757
A0A413RDG7,asparagine,Mono,0,0.2078,0.1127
A0A413RDG7,asparagine,Tri,1,0.9629,0.9023
A0A413RDG7,cadaverine,Di,0,0.0166,0.0202
A0A413RDG7,cadaverine,Mono,0,0.0057,0.0101
A0A413RDG7,cadaverine,Tri,0,0.0437,0.0529
A0A413RDG7,citrulline,Di,0,0.5457,0.4014
A0A413RDG7,citrulline,Mono,0,0.1802,0.1127
A0A413RDG7,citrulline,Tri,0,0.1836,0.1127
A0A413RDG7,cystine,Di,0,0.1085,0.0915
A0A413RDG7,cystine,Mono,0,0.031,0.0409
A0A413RDG7,cystine,Tri,0,0.1084,0.0915
A0A413RDG7,dopamine,Di,0,0.5618,0.4231
A0A413RDG7,dopamine,Mono,0,0.1634,0.1127
A0A413RDG7,dopamine,Tri,1,0.95,0.9023
A0A413RDG7,gaba,Di,1,0.9965,0.925
A0A413RDG7,gaba,Mono,1,0.9951,0.9214
A0A413RDG7,gaba,Tri,1,0.9967,1.0
A0A413RDG7,glutamine,Di,0,0.7776,0.5287
A0A413RDG7,glutamine,Mono,1,0.9384,0.8636
A0A413RDG7,glutamine,Tri,0,0.5735,0.4638
A0A413RDG7,glyglycine,Di,0,0.1304,0.0915
A0A413RDG7,glyglycine,Mono,0,0.071,0.0529
A0A413RDG7,glyglycine,Tri,0,0.2338,0.1455
A0A413RDG7,histidine,Di,0,0.0222,0.0301
A0A413RDG7,histidine,Mono,0,0.0118,0.0114
A0A413RDG7,histidine,Tri,0,0.0619,0.0529
A0A413RDG7,lysine,Di,1,0.8257,0.7
A0A413RDG7,lysine,Mono,0,0.397,0.2815
A0A413RDG7,lysine,Tri,0,0.2707,0.1915
A0A413RDG7,methionine,Di,0,0.8752,0.7
A0A413RDG7,methionine,Mono,0,0.8285,0.7
A0A413RDG7,methionine,Tri,1,0.8006,0.7
A0A413RDG7,ornithine,Di,0,0.6508,0.5287
A0A413RDG7,ornithine,Mono,0,0.327,0.2692
A0A413RDG7,ornithine,Tri,0,0.1851,0.1127
A0A413RDG7,phenylalanine,Di,1,0.9947,0.9214
A0A413RDG7,phenylalanine,Mono,1,0.7738,0.5287
A0A413RDG7,phenylalanine,Tri,1,0.9959,0.9214
A0A413RDG7,proline,Di,0,0.0291,0.0391
A0A413RDG7,proline,Mono,0,0.0273,0.0391
A0A413RDG7,proline,Tri,0,0.16,0.1127
A0A413RDG7,putrescine,Di,0,0.0163,0.0202
A0A413RDG7,putrescine,Mono,0,0.0055,0.0101
A0A413RDG7,putrescine,Tri,0,0.0419,0.0529
A0A413RDG7,serine,Di,1,0.8361,0.7
A0A413RDG7,serine,Mono,1,0.9008,0.8571
A0A413RDG7,serine,Tri,0,0.7533,0.5287
A0A413RDG7,serotonin,Di,0,0.0626,0.0529
A0A413RDG7,serotonin,Mono,0,0.709,0.5287
A0A413RDG7,serotonin,Tri,0,0.0849,0.0529
A0A413RDG7,threonine,Di,1,0.809,0.7
A0A413RDG7,threonine,Mono,1,0.8559,0.7
A0A413RDG7,threonine,Tri,0,0.1561,0.1127
A0A413RDG7,tryptamine,Di,0,0.0054,0.0101
A0A413RDG7,tryptamine,Mono,0,0.0016,0.0023
A0A413RDG7,tryptamine,Tri,0,0.0238,0.0391
A0A413RDG7,tyramine,Di,0,0.1296,0.0915
A0A413RDG7,tyramine,Mono,1,0.7948,0.5287
A0A413RDG7,tyramine,Tri,0,0.1902,0.1127
A0A414M9L3,"2,3_diaminopropionic acid",Di,1,0.0236,0.0391
A0A414M9L3,"2,3_diaminopropionic acid",Mono,0,0.016,0.0202
A0A414M9L3,"2,3_diaminopropionic acid",Tri,1,0.194,0.1127
A0A414M9L3,2_aminophenol,Di,1,0.8672,0.7
A0A414M9L3,2_aminophenol,Mono,1,0.2806,0.1915
A0A414M9L3,2_aminophenol,Tri,1,0.8099,0.7
A0A414M9L3,3_methoxytyramine,Di,1,0.3229,0.2692
A0A414M9L3,3_methoxytyramine,Mono,0,0.0517,0.0529
A0A414M9L3,3_methoxytyramine,Tri,0,0.2758,0.1915
A0A414M9L3,alanine,Di,1,0.8451,0.7
A0A414M9L3,alanine,Mono,1,0.8209,0.7
A0A414M9L3,alanine,Tri,1,0.1304,0.0915
A0A414M9L3,arginine,Di,0,0.0088,0.0101
A0A414M9L3,arginine,Mono,0,0.0026,0.0101
A0A414M9L3,arginine,Tri,0,0.0141,0.0202
A0A414M9L3,asparagine,Di,0,0.0466,0.0529
A0A414M9L3,asparagine,Mono,0,0.059,0.0529
A0A414M9L3,asparagine,Tri,1,0.7338,0.5287
A0A414M9L3,cadaverine,Di,0,0.005,0.0101
A0A414M9L3,cadaverine,Mono,0,0.0025,0.0101
A0A414M9L3,cadaverine,Tri,0,0.0057,0.0101
A0A414M9L3,citrulline,Di,0,0.0365,0.0529
A0A414M9L3,citrulline,Mono,0,0.0093,0.0101
A0A414M9L3,citrulline,Tri,0,0.0095,0.0101
A0A414M9L3,cystine,Di,0,0.0171,0.0202
A0A414M9L3,cystine,Mono,0,0.0075,0.0101
A0A414M9L3,cystine,Tri,0,0.024,0.0391
A0A414M9L3,dopamine,Di,1,0.389,0.2815
A0A414M9L3,dopamine,Mono,0,0.1405,0.0915
A0A414M9L3,dopamine,Tri,1,0.8218,0.7
A0A414M9L3,gaba,Di,1,0.9229,0.8636
A0A414M9L3,gaba,Mono,1,0.9403,0.8696
A0A414M9L3,gaba,Tri,1,0.9214,0.8636
A0A414M9L3,glutamine,Di,0,0.1477,0.0915
A0A414M9L3,glutamine,Mono,0,0.6493,0.5287
A0A414M9L3,glutamine,Tri,0,0.0948,0.0714
A0A414M9L3,glyglycine,Di,0,0.0053,0.0101
A0A414M9L3,glyglycine,Mono,0,0.0048,0.0101
A0A414M9L3,glyglycine,Tri,0,0.0225,0.0345
A0A414M9L3,histidine,Di,0,0.003,0.0101
A0A414M9L3,histidine,Mono,0,0.0027,0.0101
A0A414M9L3,histidine,Tri,0,0.0104,0.0101
A0A414M9L3,lysine,Di,0,0.124,0.0915
A0A414M9L3,lysine,Mono,0,0.0162,0.0202
A0A414M9L3,lysine,Tri,0,0.0132,0.0137
A0A414M9L3,methionine,Di,0,0.0466,0.0529
A0A414M9L3,methionine,Mono,0,0.0469,0.0529
A0A414M9L3,methionine,Tri,0,0.056,0.0529
A0A414M9L3,ornithine,Di,1,0.1027,0.0915
A0A414M9L3,ornithine,Mono,1,0.0304,0.0409
A0A414M9L3,ornithine,Tri,0,0.0267,0.0391
A0A414M9L3,phenylalanine,Di,1,0.871,0.7
A0A414M9L3,phenylalanine,Mono,0,0.208,0.1127
A0A414M9L3,phenylalanine,Tri,1,0.878,0.75
A0A414M9L3,proline,Di,0,0.0043,0.0101
A0A414M9L3,proline,Mono,0,0.0061,0.0101
A0A414M9L3,proline,Tri,0,0.0252,0.0391
A0A414M9L3,putrescine,Di,0,0.0051,0.0101
A0A414M9L3,putrescine,Mono,0,0.0025,0.0101
A0A414M9L3,putrescine,Tri,0,0.0058,0.0101
A0A414M9L3,serine,Di,0,0.078,0.0529
A0A414M9L3,serine,Mono,1,0.0861,0.0529
A0A414M9L3,serine,Tri,0,0.0649,0.0529
A0A414M9L3,serotonin,Di,0,0.0181,0.0202
A0A414M9L3,serotonin,Mono,1,0.1543,0.1127
A0A414M9L3,serotonin,Tri,0,0.0209,0.0301
A0A414M9L3,threonine,Di,0,0.0373,0.0529
A0A414M9L3,threonine,Mono,0,0.0508,0.0529
A0A414M9L3,threonine,Tri,0,0.0087,0.0101
A0A414M9L3,tryptamine,Di,0,0.0114,0.0114
A0A414M9L3,tryptamine,Mono,0,0.0044,0.0101
A0A414M9L3,tryptamine,Tri,0,0.0193,0.0202
A0A414M9L3,tyramine,Di,0,0.0292,0.0391
A0A414M9L3,tyramine,Mono,1,0.132,0.0915
A0A414M9L3,tyramine,Tri,0,0.0302,0.0391
A0A414Q275,"2,3_diaminopropionic acid",Di,1,0.0494,0.0529
A0A414Q275,"2,3_diaminopropionic acid",Mono,0,0.0294,0.0391
A0A414Q275,"2,3_diaminopropionic acid",Tri,1,0.3601,0.2815
A0A414Q275,2_aminophenol,Di,1,0.9034,0.8636
A0A414Q275,2_aminophenol,Mono,1,0.3522,0.2815
A0A414Q275,2_aminophenol,Tri,1,0.889,0.8333
A0A414Q275,3_methoxytyramine,Di,1,0.3618,0.2815
A0A414Q275,3_methoxytyramine,Mono,0,0.0697,0.0529
A0A414Q275,3_methoxytyramine,Tri,1,0.3201,0.2692
A0A414Q275,alanine,Di,1,0.9365,0.8636
A0A414Q275,alanine,Mono,1,0.9118,0.8636
A0A414Q275,alanine,Tri,1,0.2855,0.2692
A0A414Q275,arginine,Di,0,0.01,0.0101
A0A414Q275,arginine,Mono,0,0.0039,0.0101
A0A414Q275,arginine,Tri,0,0.0194,0.0202
A0A414Q275,asparagine,Di,0,0.0657,0.0529
A0A414Q275,asparagine,Mono,0,0.0941,0.0714
A0A414Q275,asparagine,Tri,1,0.8341,0.7
A0A414Q275,cadaverine,Di,0,0.0125,0.0137
A0A414Q275,cadaverine,Mono,0,0.0052,0.0101
A0A414Q275,cadaverine,Tri,1,0.0196,0.0301
A0A414Q275,citrulline,Di,0,0.044,0.0529
A0A414Q275,citrulline,Mono,0,0.0153,0.0202
A0A414Q275,citrulline,Tri,0,0.0156,0.0202
A0A414Q275,cystine,Di,0,0.0257,0.0391
A0A414Q275,cystine,Mono,0,0.0125,0.0137
A0A414Q275,cystine,Tri,0,0.0452,0.0529
A0A414Q275,dopamine,Di,1,0.4738,0.4014
A0A414Q275,dopamine,Mono,0,0.1899,0.1127
A0A414Q275,dopamine,Tri,1,0.8877,0.8333
A0A414Q275,gaba,Di,1,0.9814,0.9082
A0A414Q275,gaba,Mono,1,0.9832,0.9214
A0A414Q275,gaba,Tri,1,0.9838,0.9214
A0A414Q275,glutamine,Di,0,0.1558,0.1127
A0A414Q275,glutamine,Mono,0,0.6961,0.5287
A0A414Q275,glutamine,Tri,0,0.1469,0.0915
A0A414Q275,glyglycine,Di,0,0.0152,0.0202
A0A414Q275,glyglycine,Mono,0,0.0111,0.0101
A0A414Q275,glyglycine,Tri,0,0.0565,0.0529
A0A414Q275,histidine,Di,0,0.0068,0.0101
A0A414Q275,histidine,Mono,0,0.0047,0.0101
A0A414Q275,histidine,Tri,0,0.0239,0.0391
A0A414Q275,lysine,Di,0,0.1962,0.1127
A0A414Q275,lysine,Mono,0,0.0282,0.0391
A0A414Q275,lysine,Tri,0,0.0241,0.0391
A0A414Q275,methionine,Di,0,0.0914,0.0529
A0A414Q275,methionine,Mono,0,0.0978,0.0915
A0A414Q275,methionine,Tri,0,0.1229,0.0915
A0A414Q275,ornithine,Di,1,0.124,0.0915
A0A414Q275,ornithine,Mono,1,0.0464,0.0529
A0A414Q275,ornithine,Tri,0,0.0434,0.0529
A0A414Q275,phenylalanine,Di,1,0.9372,0.8636
A0A414Q275,phenylalanine,Mono,0,0.2788,0.1915
A0A414Q275,phenylalanine,Tri,1,0.9483,0.9023
A0A414Q275,proline,Di,0,0.0061,0.0101
A0A414Q275,proline,Mono,0,0.0075,0.0101
A0A414Q275,proline,Tri,1,0.0364,0.0529
A0A414Q275,putrescine,Di,0,0.0125,0.0137
A0A414Q275,putrescine,Mono,0,0.0052,0.0101
A0A414Q275,putrescine,Tri,1,0.0196,0.0301
A0A414Q275,serine,Di,0,0.1998,0.1127
A0A414Q275,serine,Mono,0,0.1936,0.1127
A0A414Q275,serine,Tri,0,0.1799,0.1127
A0A414Q275,serotonin,Di,0,0.0236,0.0391
A0A414Q275,serotonin,Mono,1,0.1652,0.1127
A0A414Q275,serotonin,Tri,0,0.0276,0.0391
A0A414Q275,threonine,Di,0,0.058,0.0529
A0A414Q275,threonine,Mono,0,0.0739,0.0529
A0A414Q275,threonine,Tri,0,0.0149,0.0202
A0A414Q275,tryptamine,Di,0,0.0188,0.0202
A0A414Q275,tryptamine,Mono,0,0.0052,0.0101
A0A414Q275,tryptamine,Tri,1,0.037,0.0529
A0A414Q275,tyramine,Di,0,0.0423,0.0529
A0A414Q275,tyramine,Mono,0,0.1937,0.1127
A0A414Q275,tyramine,Tri,0,0.0502,0.0529
A0A5C2C0X5,"2,3_diaminopropionic acid",Di,0,0.0209,0.0301
A0A5C2C0X5,"2,3_diaminopropionic acid",Mono,0,0.0123,0.0114
A0A5C2C0X5,"2,3_diaminopropionic acid",Tri,0,0.1704,0.1127
A0A5C2C0X5,2_aminophenol,Di,1,0.5474,0.4014
A0A5C2C0X5,2_aminophenol,Mono,0,0.1487,0.1127
A0A5C2C0X5,2_aminophenol,Tri,0,0.5434,0.4014
A0A5C2C0X5,3_methoxytyramine,Di,0,0.1404,0.0915
A0A5C2C0X5,3_methoxytyramine,Mono,0,0.0092,0.0101
A0A5C2C0X5,3_methoxytyramine,Tri,0,0.0859,0.0529
A0A5C2C0X5,alanine,Di,1,0.5724,0.4638
A0A5C2C0X5,alanine,Mono,1,0.5078,0.4014
A0A5C2C0X5,alanine,Tri,0,0.1509,0.1127
A0A5C2C0X5,arginine,Di,0,0.0019,0.0023
A0A5C2C0X5,arginine,Mono,0,0.001,0.0023
A0A5C2C0X5,arginine,Tri,0,0.0041,0.0101
A0A5C2C0X5,asparagine,Di,0,0.0163,0.0202
A0A5C2C0X5,asparagine,Mono,0,0.0183,0.0202
A0A5C2C0X5,asparagine,Tri,1,0.6033,0.4638
A0A5C2C0X5,cadaverine,Di,0,0.0034,0.0101
A0A5C2C0X5,cadaverine,Mono,0,0.0011,0.0023
A0A5C2C0X5,cadaverine,Tri,0,0.004,0.0101
A0A5C2C0X5,citrulline,Di,0,0.0069,0.0101
A0A5C2C0X5,citrulline,Mono,0,0.0017,0.0023
A0A5C2C0X5,citrulline,Tri,0,0.0022,0.0023
A0A5C2C0X5,cystine,Di,0,0.0046,0.0101
A0A5C2C0X5,cystine,Mono,0,0.0016,0.0023
A0A5C2C0X5,cystine,Tri,0,0.007,0.0101
A0A5C2C0X5,dopamine,Di,0,0.1231,0.0915
A0A5C2C0X5,dopamine,Mono,0,0.0327,0.0409
A0A5C2C0X5,dopamine,Tri,1,0.7002,0.5287
A0A5C2C0X5,gaba,Di,1,0.7654,0.5287
A0A5C2C0X5,gaba,Mono,1,0.6264,0.4857
A0A5C2C0X5,gaba,Tri,1,0.7809,0.5287
A0A5C2C0X5,glutamine,Di,0,0.0271,0.0391
A0A5C2C0X5,glutamine,Mono,1,0.0916,0.0714
A0A5C2C0X5,glutamine,Tri,0,0.0211,0.0301
A0A5C2C0X5,glyglycine,Di,0,0.0022,0.0023
A0A5C2C0X5,glyglycine,Mono,0,0.0013,0.0023
A0A5C2C0X5,glyglycine,Tri,0,0.0211,0.0301
A0A5C2C0X5,histidine,Di,0,0.0005,0.0
A0A5C2C0X5,histidine,Mono,0,0.0003,0.0
A0A5C2C0X5,histidine,Tri,0,0.0033,0.0101
A0A5C2C0X5,lysine,Di,0,0.0762,0.0529
A0A5C2C0X5,lysine,Mono,0,0.0056,0.0101
A0A5C2C0X5,lysine,Tri,0,0.0047,0.0101
A0A5C2C0X5,methionine,Di,0,0.017,0.0202
A0A5C2C0X5,methionine,Mono,0,0.0153,0.0202
A0A5C2C0X5,methionine,Tri,0,0.0244,0.0391
A0A5C2C0X5,ornithine,Di,0,0.0466,0.0529
A0A5C2C0X5,ornithine,Mono,0,0.0145,0.0202
A0A5C2C0X5,ornithine,Tri,0,0.0095,0.0101
A0A5C2C0X5,phenylalanine,Di,1,0.508,0.4014
A0A5C2C0X5,phenylalanine,Mono,0,0.0584,0.0529
A0A5C2C0X5,phenylalanine,Tri,1,0.6043,0.4638
A0A5C2C0X5,proline,Di,0,0.0012,0.0023
A0A5C2C0X5,proline,Mono,0,0.0019,0.0023
A0A5C2C0X5,proline,Tri,0,0.0129,0.0137
A0A5C2C0X5,putrescine,Di,0,0.0034,0.0101
A0A5C2C0X5,putrescine,Mono,0,0.0011,0.0023
A0A5C2C0X5,putrescine,Tri,0,0.004,0.0101
A0A5C2C0X5,serine,Di,0,0.0488,0.0529
A0A5C2C0X5,serine,Mono,0,0.0544,0.0529
A0A5C2C0X5,serine,Tri,0,0.0248,0.0391
A0A5C2C0X5,serotonin,Di,0,0.0041,0.0101
A0A5C2C0X5,serotonin,Mono,0,0.0528,0.0529
A0A5C2C0X5,serotonin,Tri,0,0.0033,0.0101
A0A5C2C0X5,threonine,Di,0,0.0129,0.0137
A0A5C2C0X5,threonine,Mono,0,0.0184,0.0202
A0A5C2C0X5,threonine,Tri,0,0.0017,0.0023
A0A5C2C0X5,tryptamine,Di,0,0.0018,0.0023
A0A5C2C0X5,tryptamine,Mono,0,0.0008,0.0023
A0A5C2C0X5,tryptamine,Tri,0,0.005,0.0101
A0A5C2C0X5,tyramine,Di,0,0.0169,0.0202
A0A5C2C0X5,tyramine,Mono,0,0.1005,0.0915
A0A5C2C0X5,tyramine,Tri,0,0.014,0.0202
A0A5C2C1U8,"2,3_diaminopropionic acid",Di,0,0.0173,0.0202
A0A5C2C1U8,"2,3_diaminopropionic acid",Mono,0,0.0144,0.0202
A0A5C2C1U8,"2,3_diaminopropionic acid",Tri,0,0.1501,0.1127
A0A5C2C1U8,2_aminophenol,Di,1,0.8151,0.7
A0A5C2C1U8,2_aminophenol,Mono,0,0.3247,0.2692
A0A5C2C1U8,2_aminophenol,Tri,0,0.717,0.5287
A0A5C2C1U8,3_methoxytyramine,Di,0,0.122,0.0915
A0A5C2C1U8,3_methoxytyramine,Mono,0,0.0119,0.0114
A0A5C2C1U8,3_methoxytyramine,Tri,0,0.0778,0.0529
A0A5C2C1U8,alanine,Di,1,0.9117,0.8636
A0A5C2C1U8,alanine,Mono,1,0.9228,0.8636
A0A5C2C1U8,alanine,Tri,0,0.2401,0.1757
A0A5C2C1U8,arginine,Di,0,0.0026,0.0101
A0A5C2C1U8,arginine,Mono,0,0.0021,0.0023
A0A5C2C1U8,arginine,Tri,0,0.0064,0.0101
A0A5C2C1U8,asparagine,Di,0,0.0263,0.0391
A0A5C2C1U8,asparagine,Mono,0,0.0438,0.0529
A0A5C2C1U8,asparagine,Tri,1,0.8026,0.7
A0A5C2C1U8,cadaverine,Di,0,0.0033,0.0101
A0A5C2C1U8,cadaverine,Mono,0,0.0021,0.0023
A0A5C2C1U8,cadaverine,Tri,0,0.0066,0.0101
A0A5C2C1U8,citrulline,Di,0,0.0115,0.0114
A0A5C2C1U8,citrulline,Mono,0,0.0044,0.0101
A0A5C2C1U8,citrulline,Tri,0,0.0042,0.0101
A0A5C2C1U8,cystine,Di,0,0.0074,0.0101
A0A5C2C1U8,cystine,Mono,0,0.0031,0.0101
A0A5C2C1U8,cystine,Tri,0,0.0111,0.0101
A0A5C2C1U8,dopamine,Di,0,0.1683,0.1127
A0A5C2C1U8,dopamine,Mono,0,0.0679,0.0529
A0A5C2C1U8,dopamine,Tri,1,0.817,0.7
A0A5C2C1U8,gaba,Di,1,0.9486,0.9023
A0A5C2C1U8,gaba,Mono,1,0.9712,0.9082
A0A5C2C1U8,gaba,Tri,1,0.9577,0.9023
A0A5C2C1U8,glutamine,Di,0,0.0855,0.0529
A0A5C2C1U8,glutamine,Mono,1,0.618,0.4706
A0A5C2C1U8,glutamine,Tri,0,0.0642,0.0529
A0A5C2C1U8,glyglycine,Di,0,0.0061,0.0101
A0A5C2C1U8,glyglycine,Mono,0,0.0071,0.0101
A0A5C2C1U8,glyglycine,Tri,0,0.0348,0.0409
A0A5C2C1U8,histidine,Di,0,0.0011,0.0023
A0A5C2C1U8,histidine,Mono,0,0.0006,0.0
A0A5C2C1U8,histidine,Tri,0,0.0052,0.0101
A0A5C2C1U8,lysine,Di,0,0.085,0.0529
A0A5C2C1U8,lysine,Mono,0,0.0094,0.0101
A0A5C2C1U8,lysine,Tri,0,0.0055,0.0101
A0A5C2C1U8,methionine,Di,0,0.027,0.0391
A0A5C2C1U8,methionine,Mono,0,0.0322,0.0409
A0A5C2C1U8,methionine,Tri,0,0.0291,0.0391
A0A5C2C1U8,ornithine,Di,0,0.0338,0.0409
A0A5C2C1U8,ornithine,Mono,0,0.015,0.0202
A0A5C2C1U8,ornithine,Tri,0,0.0078,0.0101
A0A5C2C1U8,phenylalanine,Di,1,0.8663,0.7
A0A5C2C1U8,phenylalanine,Mono,0,0.1781,0.1127
A0A5C2C1U8,phenylalanine,Tri,1,0.8971,0.8571
A0A5C2C1U8,proline,Di,0,0.002,0.0023
A0A5C2C1U8,proline,Mono,0,0.0038,0.0101
A0A5C2C1U8,proline,Tri,0,0.0183,0.0202
A0A5C2C1U8,putrescine,Di,0,0.0033,0.0101
A0A5C2C1U8,putrescine,Mono,0,0.0021,0.0023
A0A5C2C1U8,putrescine,Tri,0,0.0066,0.0101
A0A5C2C1U8,serine,Di,0,0.0715,0.0529
A0A5C2C1U8,serine,Mono,0,0.0899,0.0529
A0A5C2C1U8,serine,Tri,0,0.041,0.0529
A0A5C2C1U8,serotonin,Di,0,0.0054,0.0101
A0A5C2C1U8,serotonin,Mono,0,0.0923,0.0714
A0A5C2C1U8,serotonin,Tri,0,0.0039,0.0101
A0A5C2C1U8,threonine,Di,0,0.0185,0.0202
A0A5C2C1U8,threonine,Mono,0,0.0355,0.0409
A0A5C2C1U8,threonine,Tri,0,0.0022,0.0023
A0A5C2C1U8,tryptamine,Di,0,0.0047,0.0101
A0A5C2C1U8,tryptamine,Mono,0,0.0022,0.0023
A0A5C2C1U8,tryptamine,Tri,0,0.0146,0.0202
A0A5C2C1U8,tyramine,Di,0,0.0176,0.0202
A0A5C2C1U8,tyramine,Mono,0,0.1388,0.0915
A0A5C2C1U8,tyramine,Tri,0,0.0154,0.0202
A0A6B3MYR8,"2,3_diaminopropionic acid",Di,0,0.006,0.0101
A0A6B3MYR8,"2,3_diaminopropionic acid",Mono,0,0.0017,0.0023
A0A6B3MYR8,"2,3_diaminopropionic acid",Tri,0,0.0186,0.0202
A0A6B3MYR8,2_aminophenol,Di,0,0.4435,0.3936
A0A6B3MYR8,2_aminophenol,Mono,0,0.0622,0.0529
A0A6B3MYR8,2_aminophenol,Tri,0,0.1116,0.0915
A0A6B3MYR8,3_methoxytyramine,Di,0,0.0347,0.0409
A0A6B3MYR8,3_methoxytyramine,Mono,0,0.0004,0.0
A0A6B3MYR8,3_methoxytyramine,Tri,0,0.0063,0.0101
A0A6B3MYR8,alanine,Di,0,0.4528,0.3936
A0A6B3MYR8,alanine,Mono,0,0.4573,0.3936
A0A6B3MYR8,alanine,Tri,0,0.0166,0.0202
A0A6B3MYR8,arginine,Di,0,0.0002,0.0
A0A6B3MYR8,arginine,Mono,0,0.0002,0.0
A0A6B3MYR8,arginine,Tri,0,0.0001,0.0
A0A6B3MYR8,asparagine,Di,0,0.0018,0.0023
A0A6B3MYR8,asparagine,Mono,0,0.0028,0.0101
A0A6B3MYR8,asparagine,Tri,0,0.4593,0.3936
A0A6B3MYR8,cadaverine,Di,0,0.0004,0.0
A0A6B3MYR8,cadaverine,Mono,0,0.0002,0.0
A0A6B3MYR8,cadaverine,Tri,0,0.0005,0.0
A0A6B3MYR8,citrulline,Di,0,0.0007,0.0
A0A6B3MYR8,citrulline,Mono,0,0.0003,0.0
A0A6B3MYR8,citrulline,Tri,0,0.0001,0.0
A0A6B3MYR8,cystine,Di,0,0.0011,0.0023
A0A6B3MYR8,cystine,Mono,0,0.0002,0.0
A0A6B3MYR8,cystine,Tri,0,0.0005,0.0
A0A6B3MYR8,dopamine,Di,0,0.0555,0.0529
A0A6B3MYR8,dopamine,Mono,0,0.0028,0.0101
A0A6B3MYR8,dopamine,Tri,0,0.5804,0.4638
A0A6B3MYR8,gaba,Di,0,0.5136,0.4014
A0A6B3MYR8,gaba,Mono,0,0.5816,0.4638
A0A6B3MYR8,gaba,Tri,0,0.5001,0.4014
A0A6B3MYR8,glutamine,Di,0,0.0014,0.0023
A0A6B3MYR8,glutamine,Mono,0,0.1051,0.0915
A0A6B3MYR8,glutamine,Tri,0,0.0009,0.0023
A0A6B3MYR8,glyglycine,Di,0,0.001,0.0023
A0A6B3MYR8,glyglycine,Mono,0,0.0007,0.0023
A0A6B3MYR8,glyglycine,Tri,0,0.0012,0.0023
A0A6B3MYR8,histidine,Di,0,0.0002,0.0
A0A6B3MYR8,histidine,Mono,0,0.0001,0.0
A0A6B3MYR8,histidine,Tri,0,0.0002,0.0
A0A6B3MYR8,lysine,Di,0,0.0022,0.0023
A0A6B3MYR8,lysine,Mono,0,0.0009,0.0023
A0A6B3MYR8,lysine,Tri,0,0.0001,0.0
A0A6B3MYR8,methionine,Di,0,0.0014,0.0023
A0A6B3MYR8,methionine,Mono,0,0.003,0.0101
A0A6B3MYR8,methionine,Tri,0,0.0005,0.0
A0A6B3MYR8,ornithine,Di,0,0.0124,0.0114
A0A6B3MYR8,ornithine,Mono,0,0.0113,0.0114
A0A6B3MYR8,ornithine,Tri,0,0.0008,0.0023
A0A6B3MYR8,phenylalanine,Di,0,0.5284,0.4014
A0A6B3MYR8,phenylalanine,Mono,0,0.0098,0.0101
A0A6B3MYR8,phenylalanine,Tri,0,0.4685,0.3936
A0A6B3MYR8,proline,Di,0,0.0005,0.0
A0A6B3MYR8,proline,Mono,0,0.001,0.0023
A0A6B3MYR8,proline,Tri,0,0.0052,0.0101
A0A6B3MYR8,putrescine,Di,0,0.0005,0.0
A0A6B3MYR8,putrescine,Mono,0,0.0002,0.0
A0A6B3MYR8,putrescine,Tri,0,0.0006,0.0
A0A6B3MYR8,serine,Di,0,0.0044,0.0101
A0A6B3MYR8,serine,Mono,0,0.0144,0.0202
A0A6B3MYR8,serine,Tri,0,0.0029,0.0101
A0A6B3MYR8,serotonin,Di,0,0.0009,0.0023
A0A6B3MYR8,serotonin,Mono,0,0.0335,0.0409
A0A6B3MYR8,serotonin,Tri,0,0.001,0.0023
A0A6B3MYR8,threonine,Di,0,0.0006,0.0
A0A6B3MYR8,threonine,Mono,0,0.0026,0.0101
A0A6B3MYR8,threonine,Tri,0,0.0,0.0
A0A6B3MYR8,tryptamine,Di,0,0.0012,0.0023
A0A6B3MYR8,tryptamine,Mono,0,0.0003,0.0
A0A6B3MYR8,tryptamine,Tri,0,0.0025,0.0101
A0A6B3MYR8,tyramine,Di,0,0.0005,0.0
A0A6B3MYR8,tyramine,Mono,0,0.005,0.0101
A0A6B3MYR8,tyramine,Tri,0,0.0007,0.0
A0A6B3PBB6,"2,3_diaminopropionic acid",Di,0,0.1764,0.1127
A0A6B3PBB6,"2,3_diaminopropionic acid",Mono,0,0.0607,0.0529
A0A6B3PBB6,"2,3_diaminopropionic acid",Tri,0,0.5863,0.4638
A0A6B3PBB6,2_aminophenol,Di,0,0.9848,0.9214
A0A6B3PBB6,2_aminophenol,Mono,0,0.7691,0.5287
A0A6B3PBB6,2_aminophenol,Tri,0,0.958,0.9023
A0A6B3PBB6,3_methoxytyramine,Di,0,0.6314,0.4857
A0A6B3PBB6,3_methoxytyramine,Mono,0,0.0239,0.0391
A0A6B3PBB6,3_methoxytyramine,Tri,0,0.331,0.2692
A0A6B3PBB6,alanine,Di,1,0.9833,0.9214
A0A6B3PBB6,alanine,Mono,1,0.9857,0.9214
A0A6B3PBB6,alanine,Tri,0,0.7572,0.5287
A0A6B3PBB6,arginine,Di,0,0.0048,0.0101
A0A6B3PBB6,arginine,Mono,0,0.0034,0.0101
A0A6B3PBB6,arginine,Tri,0,0.0065,0.0101
A0A6B3PBB6,asparagine,Di,0,0.0702,0.0529
A0A6B3PBB6,asparagine,Mono,0,0.0707,0.0529
A0A6B3PBB6,asparagine,Tri,1,0.9286,0.8636
A0A6B3PBB6,cadaverine,Di,0,0.0094,0.0101
A0A6B3PBB6,cadaverine,Mono,0,0.0038,0.0101
A0A6B3PBB6,cadaverine,Tri,0,0.0438,0.0529
A0A6B3PBB6,citrulline,Di,0,0.0145,0.0202
A0A6B3PBB6,citrulline,Mono,0,0.0053,0.0101
A0A6B3PBB6,citrulline,Tri,0,0.0053,0.0101
A0A6B3PBB6,cystine,Di,0,0.0189,0.0202
A0A6B3PBB6,cystine,Mono,0,0.0049,0.0101
A0A6B3PBB6,cystine,Tri,0,0.0222,0.0301
A0A6B3PBB6,dopamine,Di,0,0.6788,0.5287
A0A6B3PBB6,dopamine,Mono,0,0.0838,0.0529
A0A6B3PBB6,dopamine,Tri,1,0.9864,0.9214
A0A6B3PBB6,gaba,Di,1,0.99,0.9214
A0A6B3PBB6,gaba,Mono,1,0.9898,0.9214
A0A6B3PBB6,gaba,Tri,1,0.995,0.9214
A0A6B3PBB6,glutamine,Di,0,0.0392,0.0529
A0A6B3PBB6,glutamine,Mono,0,0.5636,0.4231
A0A6B3PBB6,glutamine,Tri,0,0.0332,0.0409
A0A6B3PBB6,glyglycine,Di,0,0.0176,0.0202
A0A6B3PBB6,glyglycine,Mono,0,0.0158,0.0202
A0A6B3PBB6,glyglycine,Tri,0,0.0492,0.0529
A0A6B3PBB6,histidine,Di,0,0.0014,0.0023
A0A6B3PBB6,histidine,Mono,0,0.0009,0.0023
A0A6B3PBB6,histidine,Tri,0,0.0042,0.0101
A0A6B3PBB6,lysine,Di,0,0.0785,0.0529
A0A6B3PBB6,lysine,Mono,0,0.0207,0.0301
A0A6B3PBB6,lysine,Tri,0,0.0119,0.0114
A0A6B3PBB6,methionine,Di,0,0.0631,0.0529
A0A6B3PBB6,methionine,Mono,0,0.1112,0.0915
A0A6B3PBB6,methionine,Tri,0,0.0571,0.0529
A0A6B3PBB6,ornithine,Di,0,0.2448,0.1757
A0A6B3PBB6,ornithine,Mono,0,0.1652,0.1127
A0A6B3PBB6,ornithine,Tri,0,0.0448,0.0529
A0A6B3PBB6,phenylalanine,Di,1,0.9854,0.9214
A0A6B3PBB6,phenylalanine,Mono,0,0.3889,0.2815
A0A6B3PBB6,phenylalanine,Tri,1,0.9898,0.9214
A0A6B3PBB6,proline,Di,0,0.0131,0.0137
A0A6B3PBB6,proline,Mono,0,0.0233,0.0391
A0A6B3PBB6,proline,Tri,0,0.1772,0.1127
A0A6B3PBB6,putrescine,Di,0,0.0105,0.0101
A0A6B3PBB6,putrescine,Mono,0,0.004,0.0101
A0A6B3PBB6,putrescine,Tri,0,0.0482,0.0529
A0A6B3PBB6,serine,Di,0,0.1462,0.0915
A0A6B3PBB6,serine,Mono,0,0.3284,0.2692
A0A6B3PBB6,serine,Tri,0,0.2044,0.1127
A0A6B3PBB6,serotonin,Di,0,0.0121,0.0114
A0A6B3PBB6,serotonin,Mono,0,0.4737,0.4014
A0A6B3PBB6,serotonin,Tri,0,0.0228,0.0345
A0A6B3PBB6,threonine,Di,0,0.0209,0.0301
A0A6B3PBB6,threonine,Mono,0,0.072,0.0529
A0A6B3PBB6,threonine,Tri,0,0.003,0.0101
A0A6B3PBB6,tryptamine,Di,0,0.0155,0.0202
A0A6B3PBB6,tryptamine,Mono,0,0.005,0.0101
A0A6B3PBB6,tryptamine,Tri,0,0.1041,0.0915
A0A6B3PBB6,tyramine,Di,0,0.0202,0.0301
A0A6B3PBB6,tyramine,Mono,0,0.2354,0.1455
A0A6B3PBB6,tyramine,Tri,0,0.0335,0.0409
A0A6B3PFJ7,"2,3_diaminopropionic acid",Di,0,0.0061,0.0101
A0A6B3PFJ7,"2,3_diaminopropionic acid",Mono,0,0.0015,0.0023
A0A6B3PFJ7,"2,3_diaminopropionic acid",Tri,0,0.0349,0.0409
A0A6B3PFJ7,2_aminophenol,Di,1,0.8552,0.7
A0A6B3PFJ7,2_aminophenol,Mono,0,0.19,0.1127
A0A6B3PFJ7,2_aminophenol,Tri,0,0.3639,0.2815
A0A6B3PFJ7,3_methoxytyramine,Di,0,0.0419,0.0529
A0A6B3PFJ7,3_methoxytyramine,Mono,0,0.0007,0.0
A0A6B3PFJ7,3_methoxytyramine,Tri,0,0.0166,0.0202
A0A6B3PFJ7,alanine,Di,1,0.918,0.8636
A0A6B3PFJ7,alanine,Mono,1,0.895,0.8571
A0A6B3PFJ7,alanine,Tri,0,0.0605,0.0529
A0A6B3PFJ7,arginine,Di,0,0.0007,0.0023
A0A6B3PFJ7,arginine,Mono,0,0.0007,0.0
A0A6B3PFJ7,arginine,Tri,0,0.0006,0.0
A0A6B3PFJ7,asparagine,Di,0,0.0141,0.0202
A0A6B3PFJ7,asparagine,Mono,0,0.0174,0.0202
A0A6B3PFJ7,asparagine,Tri,1,0.8759,0.7
A0A6B3PFJ7,cadaverine,Di,0,0.0008,0.0023
A0A6B3PFJ7,cadaverine,Mono,0,0.0003,0.0
A0A6B3PFJ7,cadaverine,Tri,0,0.0011,0.0023
A0A6B3PFJ7,citrulline,Di,0,0.0024,0.0101
A0A6B3PFJ7,citrulline,Mono,0,0.0009,0.0023
A0A6B3PFJ7,citrulline,Tri,0,0.0003,0.0
A0A6B3PFJ7,cystine,Di,0,0.0018,0.0023
A0A6B3PFJ7,cystine,Mono,0,0.0004,0.0
A0A6B3PFJ7,cystine,Tri,0,0.0013,0.0023
A0A6B3PFJ7,dopamine,Di,0,0.0866,0.0529
A0A6B3PFJ7,dopamine,Mono,0,0.0049,0.0101
A0A6B3PFJ7,dopamine,Tri,1,0.9198,0.8636
A0A6B3PFJ7,gaba,Di,1,0.9533,0.9023
A0A6B3PFJ7,gaba,Mono,1,0.9767,0.9082
A0A6B3PFJ7,gaba,Tri,1,0.9599,0.9023
A0A6B3PFJ7,glutamine,Di,0,0.0189,0.0202
A0A6B3PFJ7,glutamine,Mono,1,0.8118,0.7
A0A6B3PFJ7,glutamine,Tri,0,0.0126,0.0137
A0A6B3PFJ7,glyglycine,Di,0,0.0031,0.0101
A0A6B3PFJ7,glyglycine,Mono,0,0.0017,0.0023
A0A6B3PFJ7,glyglycine,Tri,0,0.0057,0.0101
A0A6B3PFJ7,histidine,Di,0,0.0003,0.0
A0A6B3PFJ7,histidine,Mono,0,0.0001,0.0
A0A6B3PFJ7,histidine,Tri,0,0.0003,0.0
A0A6B3PFJ7,lysine,Di,0,0.0113,0.0114
A0A6B3PFJ7,lysine,Mono,0,0.003,0.0101
A0A6B3PFJ7,lysine,Tri,0,0.0007,0.0023
A0A6B3PFJ7,methionine,Di,0,0.0092,0.0101
A0A6B3PFJ7,methionine,Mono,0,0.0167,0.0202
A0A6B3PFJ7,methionine,Tri,0,0.004,0.0101
A0A6B3PFJ7,ornithine,Di,0,0.0108,0.0101
A0A6B3PFJ7,ornithine,Mono,0,0.0069,0.0101
A0A6B3PFJ7,ornithine,Tri,0,0.0012,0.0023
A0A6B3PFJ7,phenylalanine,Di,1,0.9318,0.8636
A0A6B3PFJ7,phenylalanine,Mono,0,0.0316,0.0409
A0A6B3PFJ7,phenylalanine,Tri,1,0.9095,0.8636
A0A6B3PFJ7,proline,Di,0,0.0011,0.0023
A0A6B3PFJ7,proline,Mono,0,0.0012,0.0023
A0A6B3PFJ7,proline,Tri,0,0.0061,0.0101
A0A6B3PFJ7,putrescine,Di,0,0.001,0.0023
A0A6B3PFJ7,putrescine,Mono,0,0.0003,0.0
A0A6B3PFJ7,putrescine,Tri,0,0.0013,0.0023
A0A6B3PFJ7,serine,Di,0,0.0125,0.0137
A0A6B3PFJ7,serine,Mono,0,0.0201,0.0301
A0A6B3PFJ7,serine,Tri,0,0.0111,0.0101
A0A6B3PFJ7,serotonin,Di,0,0.0015,0.0023
A0A6B3PFJ7,serotonin,Mono,0,0.0265,0.0391
A0A6B3PFJ7,serotonin,Tri,0,0.0016,0.0023
A0A6B3PFJ7,threonine,Di,0,0.0038,0.0101
A0A6B3PFJ7,threonine,Mono,0,0.0094,0.0101
A0A6B3PFJ7,threonine,Tri,0,0.0002,0.0
A0A6B3PFJ7,tryptamine,Di,0,0.0011,0.0023
A0A6B3PFJ7,tryptamine,Mono,0,0.0002,0.0
A0A6B3PFJ7,tryptamine,Tri,0,0.0018,0.0023
A0A6B3PFJ7,tyramine,Di,0,0.0024,0.0101
A0A6B3PFJ7,tyramine,Mono,0,0.009,0.0101
A0A6B3PFJ7,tyramine,Tri,0,0.0037,0.0101
A0A6I3NAM9,"2,3_diaminopropionic acid",Di,0,0.0255,0.0391
A0A6I3NAM9,"2,3_diaminopropionic acid",Mono,0,0.0191,0.0202
A0A6I3NAM9,"2,3_diaminopropionic acid",Tri,1,0.2264,0.1455
A0A6I3NAM9,2_aminophenol,Di,1,0.7017,0.5287
A0A6I3NAM9,2_aminophenol,Mono,0,0.1382,0.0915
A0A6I3NAM9,2_aminophenol,Tri,1,0.6853,0.5287
A0A6I3NAM9,3_methoxytyramine,Di,1,0.0651,0.0529
A0A6I3NAM9,3_methoxytyramine,Mono,0,0.0211,0.0301
A0A6I3NAM9,3_methoxytyramine,Tri,0,0.0679,0.0529
A0A6I3NAM9,alanine,Di,1,0.8802,0.75
A0A6I3NAM9,alanine,Mono,1,0.8812,0.8235
A0A6I3NAM9,alanine,Tri,0,0.2776,0.1915
A0A6I3NAM9,arginine,Di,0,0.0063,0.0101
A0A6I3NAM9,arginine,Mono,0,0.0024,0.0101
A0A6I3NAM9,arginine,Tri,0,0.0167,0.0202
A0A6I3NAM9,asparagine,Di,0,0.0245,0.0391
A0A6I3NAM9,asparagine,Mono,0,0.0331,0.0409
A0A6I3NAM9,asparagine,Tri,1,0.6538,0.5287
A0A6I3NAM9,cadaverine,Di,0,0.003,0.0101
A0A6I3NAM9,cadaverine,Mono,0,0.0017,0.0023
A0A6I3NAM9,cadaverine,Tri,1,0.004,0.0101
A0A6I3NAM9,citrulline,Di,0,0.0294,0.0391
A0A6I3NAM9,citrulline,Mono,0,0.0081,0.0101
A0A6I3NAM9,citrulline,Tri,0,0.0109,0.0101
A0A6I3NAM9,cystine,Di,0,0.0126,0.0137
A0A6I3NAM9,cystine,Mono,0,0.0082,0.0101
A0A6I3NAM9,cystine,Tri,0,0.0263,0.0391
A0A6I3NAM9,dopamine,Di,1,0.1065,0.0915
A0A6I3NAM9,dopamine,Mono,0,0.0552,0.0529
A0A6I3NAM9,dopamine,Tri,1,0.5826,0.4638
A0A6I3NAM9,gaba,Di,1,0.9279,0.8636
A0A6I3NAM9,gaba,Mono,1,0.9414,0.8696
A0A6I3NAM9,gaba,Tri,1,0.9339,0.8636
A0A6I3NAM9,glutamine,Di,0,0.0967,0.0915
A0A6I3NAM9,glutamine,Mono,0,0.533,0.4014
A0A6I3NAM9,glutamine,Tri,0,0.0978,0.0915
A0A6I3NAM9,glyglycine,Di,0,0.0096,0.0101
A0A6I3NAM9,glyglycine,Mono,0,0.0093,0.0101
A0A6I3NAM9,glyglycine,Tri,0,0.0953,0.0714
A0A6I3NAM9,histidine,Di,0,0.0045,0.0101
A0A6I3NAM9,histidine,Mono,0,0.0042,0.0101
A0A6I3NAM9,histidine,Tri,0,0.0262,0.0391
A0A6I3NAM9,lysine,Di,0,0.1538,0.1127
A0A6I3NAM9,lysine,Mono,0,0.0139,0.0202
A0A6I3NAM9,lysine,Tri,0,0.0144,0.0202
A0A6I3NAM9,methionine,Di,0,0.0498,0.0529
A0A6I3NAM9,methionine,Mono,0,0.0731,0.0529
A0A6I3NAM9,methionine,Tri,0,0.0823,0.0529
A0A6I3NAM9,ornithine,Di,1,0.039,0.0529
A0A6I3NAM9,ornithine,Mono,1,0.0125,0.0137
A0A6I3NAM9,ornithine,Tri,0,0.0128,0.0137
A0A6I3NAM9,phenylalanine,Di,1,0.835,0.7
A0A6I3NAM9,phenylalanine,Mono,0,0.1337,0.0915
A0A6I3NAM9,phenylalanine,Tri,1,0.8599,0.7
A0A6I3NAM9,proline,Di,0,0.0026,0.0101
A0A6I3NAM9,proline,Mono,0,0.0038,0.0101
A0A6I3NAM9,proline,Tri,1,0.0173,0.0202
A0A6I3NAM9,putrescine,Di,0,0.003,0.0101
A0A6I3NAM9,putrescine,Mono,0,0.0017,0.0023
A0A6I3NAM9,putrescine,Tri,1,0.004,0.0101
A0A6I3NAM9,serine,Di,0,0.1518,0.1127
A0A6I3NAM9,serine,Mono,0,0.1703,0.1127
A0A6I3NAM9,serine,Tri,0,0.0869,0.0529
A0A6I3NAM9,serotonin,Di,0,0.0088,0.0101
A0A6I3NAM9,serotonin,Mono,0,0.0928,0.0714
A0A6I3NAM9,serotonin,Tri,0,0.0111,0.0101
A0A6I3NAM9,threonine,Di,0,0.0843,0.0529
A0A6I3NAM9,threonine,Mono,0,0.1364,0.0915
A0A6I3NAM9,threonine,Tri,0,0.0169,0.0202
A0A6I3NAM9,tryptamine,Di,0,0.0037,0.0101
A0A6I3NAM9,tryptamine,Mono,0,0.0015,0.0023
A0A6I3NAM9,tryptamine,Tri,0,0.0063,0.0101
A0A6I3NAM9,tyramine,Di,0,0.0171,0.0202
A0A6I3NAM9,tyramine,Mono,1,0.1201,0.0915
A0A6I3NAM9,tyramine,Tri,0,0.0213,0.0301
A0A7W2FPE8,"2,3_diaminopropionic acid",Di,1,0.1385,0.0915
A0A7W2FPE8,"2,3_diaminopropionic acid",Mono,0,0.0467,0.0529
A0A7W2FPE8,"2,3_diaminopropionic acid",Tri,1,0.54,0.4014
A0A7W2FPE8,2_aminophenol,Di,1,0.9873,0.9214
A0A7W2FPE8,2_aminophenol,Mono,1,0.8626,0.7
A0A7W2FPE8,2_aminophenol,Tri,1,0.9609,0.9023
A0A7W2FPE8,3_methoxytyramine,Di,1,0.6742,0.5287
A0A7W2FPE8,3_methoxytyramine,Mono,0,0.0193,0.0202
A0A7W2FPE8,3_methoxytyramine,Tri,1,0.2451,0.1757
A0A7W2FPE8,alanine,Di,1,0.9751,0.9082
A0A7W2FPE8,alanine,Mono,1,0.979,0.9082
A0A7W2FPE8,alanine,Tri,0,0.6417,0.5
A0A7W2FPE8,arginine,Di,0,0.0059,0.0101
A0A7W2FPE8,arginine,Mono,0,0.0062,0.0101
A0A7W2FPE8,arginine,Tri,0,0.0069,0.0101
A0A7W2FPE8,asparagine,Di,0,0.0311,0.0409
A0A7W2FPE8,asparagine,Mono,0,0.0505,0.0529
A0A7W2FPE8,asparagine,Tri,1,0.9252,0.8636
A0A7W2FPE8,cadaverine,Di,0,0.0036,0.0101
A0A7W2FPE8,cadaverine,Mono,0,0.0019,0.0023
A0A7W2FPE8,cadaverine,Tri,1,0.0137,0.0202
A0A7W2FPE8,citrulline,Di,0,0.0102,0.0101
A0A7W2FPE8,citrulline,Mono,0,0.0065,0.0101
A0A7W2FPE8,citrulline,Tri,0,0.0034,0.0101
A0A7W2FPE8,cystine,Di,0,0.019,0.0202
A0A7W2FPE8,cystine,Mono,0,0.0047,0.0101
A0A7W2FPE8,cystine,Tri,0,0.0235,0.0391
A0A7W2FPE8,dopamine,Di,1,0.5632,0.4231
A0A7W2FPE8,dopamine,Mono,0,0.0608,0.0529
A0A7W2FPE8,dopamine,Tri,1,0.9553,0.9023
A0A7W2FPE8,gaba,Di,1,0.9899,0.9214
A0A7W2FPE8,gaba,Mono,1,0.9908,0.9214
A0A7W2FPE8,gaba,Tri,1,0.9945,0.9214
A0A7W2FPE8,glutamine,Di,0,0.033,0.0409
A0A7W2FPE8,glutamine,Mono,0,0.5892,0.4638
A0A7W2FPE8,glutamine,Tri,0,0.0271,0.0391
A0A7W2FPE8,glyglycine,Di,0,0.0114,0.0114
A0A7W2FPE8,glyglycine,Mono,0,0.0094,0.0101
A0A7W2FPE8,glyglycine,Tri,0,0.0397,0.0529
A0A7W2FPE8,histidine,Di,0,0.0008,0.0023
A0A7W2FPE8,histidine,Mono,0,0.0007,0.0023
A0A7W2FPE8,histidine,Tri,0,0.0032,0.0101
A0A7W2FPE8,lysine,Di,1,0.049,0.0529
A0A7W2FPE8,lysine,Mono,0,0.0214,0.0301
A0A7W2FPE8,lysine,Tri,0,0.0065,0.0101
A0A7W2FPE8,methionine,Di,0,0.0466,0.0529
A0A7W2FPE8,methionine,Mono,0,0.1018,0.0915
A0A7W2FPE8,methionine,Tri,0,0.0411,0.0529
A0A7W2FPE8,ornithine,Di,1,0.2867,0.2692
A0A7W2FPE8,ornithine,Mono,1,0.2691,0.1915
A0A7W2FPE8,ornithine,Tri,0,0.0421,0.0529
A0A7W2FPE8,phenylalanine,Di,1,0.9781,0.9082
A0A7W2FPE8,phenylalanine,Mono,0,0.3466,0.28
A0A7W2FPE8,phenylalanine,Tri,1,0.986,0.9214
A0A7W2FPE8,proline,Di,0,0.0038,0.0101
A0A7W2FPE8,proline,Mono,0,0.0086,0.0101
A0A7W2FPE8,proline,Tri,1,0.1314,0.0915
A0A7W2FPE8,putrescine,Di,0,0.004,0.0101
A0A7W2FPE8,putrescine,Mono,0,0.0019,0.0023
A0A7W2FPE8,putrescine,Tri,1,0.0148,0.0202
A0A7W2FPE8,serine,Di,0,0.1401,0.0915
A0A7W2FPE8,serine,Mono,1,0.3573,0.2815
A0A7W2FPE8,serine,Tri,0,0.2218,0.1127
A0A7W2FPE8,serotonin,Di,0,0.0206,0.0301
A0A7W2FPE8,serotonin,Mono,0,0.6491,0.5287
A0A7W2FPE8,serotonin,Tri,0,0.0307,0.0409
A0A7W2FPE8,threonine,Di,0,0.0145,0.0202
A0A7W2FPE8,threonine,Mono,0,0.0656,0.0529
A0A7W2FPE8,threonine,Tri,0,0.0021,0.0023
A0A7W2FPE8,tryptamine,Di,0,0.0116,0.0114
A0A7W2FPE8,tryptamine,Mono,0,0.0053,0.0101
A0A7W2FPE8,tryptamine,Tri,1,0.0554,0.0529
A0A7W2FPE8,tyramine,Di,0,0.0241,0.0391
A0A7W2FPE8,tyramine,Mono,0,0.2572,0.1757
A0A7W2FPE8,tyramine,Tri,0,0.0313,0.0409
A0A848U0C2,"2,3_diaminopropionic acid",Di,0,0.0142,0.0202
A0A848U0C2,"2,3_diaminopropionic acid",Mono,0,0.0101,0.0101
A0A848U0C2,"2,3_diaminopropionic acid",Tri,0,0.1043,0.0915
A0A848U0C2,2_aminophenol,Di,1,0.6739,0.5287
A0A848U0C2,2_aminophenol,Mono,1,0.1565,0.1127
A0A848U0C2,2_aminophenol,Tri,0,0.5716,0.4231
A0A848U0C2,3_methoxytyramine,Di,0,0.0253,0.0391
A0A848U0C2,3_methoxytyramine,Mono,0,0.0035,0.0101
A0A848U0C2,3_methoxytyramine,Tri,0,0.0266,0.0391
A0A848U0C2,alanine,Di,1,0.8314,0.7
A0A848U0C2,alanine,Mono,1,0.8183,0.7
A0A848U0C2,alanine,Tri,0,0.2237,0.1127
A0A848U0C2,arginine,Di,0,0.0024,0.0101
A0A848U0C2,arginine,Mono,0,0.0014,0.0023
A0A848U0C2,arginine,Tri,0,0.0043,0.0101
A0A848U0C2,asparagine,Di,0,0.0196,0.0202
A0A848U0C2,asparagine,Mono,0,0.0275,0.0391
A0A848U0C2,asparagine,Tri,1,0.7304,0.5287
A0A848U0C2,cadaverine,Di,0,0.0025,0.0101
A0A848U0C2,cadaverine,Mono,0,0.0012,0.0023
A0A848U0C2,cadaverine,Tri,0,0.004,0.0101
A0A848U0C2,citrulline,Di,0,0.0114,0.0114
A0A848U0C2,citrulline,Mono,0,0.0029,0.0101
A0A848U0C2,citrulline,Tri,0,0.0028,0.0101
A0A848U0C2,cystine,Di,0,0.0027,0.0101
A0A848U0C2,cystine,Mono,0,0.0017,0.0023
A0A848U0C2,cystine,Tri,0,0.0046,0.0101
A0A848U0C2,dopamine,Di,0,0.065,0.0529
A0A848U0C2,dopamine,Mono,0,0.0173,0.0202
A0A848U0C2,dopamine,Tri,1,0.6451,0.5287
A0A848U0C2,gaba,Di,1,0.9183,0.8636
A0A848U0C2,gaba,Mono,1,0.9336,0.8636
A0A848U0C2,gaba,Tri,1,0.9211,0.8636
A0A848U0C2,glutamine,Di,0,0.0414,0.0529
A0A848U0C2,glutamine,Mono,1,0.336,0.2692
A0A848U0C2,glutamine,Tri,0,0.031,0.0409
A0A848U0C2,glyglycine,Di,0,0.0035,0.0101
A0A848U0C2,glyglycine,Mono,0,0.0031,0.0101
A0A848U0C2,glyglycine,Tri,0,0.028,0.0391
A0A848U0C2,histidine,Di,0,0.0006,0.0
A0A848U0C2,histidine,Mono,0,0.0004,0.0
A0A848U0C2,histidine,Tri,0,0.0037,0.0101
A0A848U0C2,lysine,Di,0,0.0901,0.0529
A0A848U0C2,lysine,Mono,0,0.0065,0.0101
A0A848U0C2,lysine,Tri,0,0.0039,0.0101
A0A848U0C2,methionine,Di,0,0.0144,0.0202
A0A848U0C2,methionine,Mono,0,0.0154,0.0202
A0A848U0C2,methionine,Tri,0,0.0185,0.0202
A0A848U0C2,ornithine,Di,0,0.0319,0.0409
A0A848U0C2,ornithine,Mono,0,0.01,0.0101
A0A848U0C2,ornithine,Tri,0,0.005,0.0101
A0A848U0C2,phenylalanine,Di,1,0.8057,0.7
A0A848U0C2,phenylalanine,Mono,0,0.0952,0.0714
A0A848U0C2,phenylalanine,Tri,1,0.83,0.7
A0A848U0C2,proline,Di,0,0.0015,0.0023
A0A848U0C2,proline,Mono,0,0.0021,0.0023
A0A848U0C2,proline,Tri,0,0.014,0.0202
A0A848U0C2,putrescine,Di,0,0.0025,0.0101
A0A848U0C2,putrescine,Mono,0,0.0012,0.0023
A0A848U0C2,putrescine,Tri,0,0.004,0.0101
A0A848U0C2,serine,Di,0,0.1034,0.0915
A0A848U0C2,serine,Mono,0,0.1199,0.0915
A0A848U0C2,serine,Tri,0,0.0495,0.0529
A0A848U0C2,serotonin,Di,0,0.0039,0.0101
A0A848U0C2,serotonin,Mono,0,0.0578,0.0529
A0A848U0C2,serotonin,Tri,0,0.0034,0.0101
A0A848U0C2,threonine,Di,0,0.0231,0.0345
A0A848U0C2,threonine,Mono,0,0.0443,0.0529
A0A848U0C2,threonine,Tri,0,0.0025,0.0101
A0A848U0C2,tryptamine,Di,0,0.0021,0.0023
A0A848U0C2,tryptamine,Mono,0,0.0008,0.0023
A0A848U0C2,tryptamine,Tri,0,0.0061,0.0101
A0A848U0C2,tyramine,Di,0,0.0105,0.0101
A0A848U0C2,tyramine,Mono,0,0.0729,0.0529
A0A848U0C2,tyramine,Tri,0,0.0104,0.0101
A0A8D5FTP2,"2,3_diaminopropionic acid",Di,0,0.0744,0.0529
A0A8D5FTP2,"2,3_diaminopropionic acid",Mono,0,0.041,0.0529
A0A8D5FTP2,"2,3_diaminopropionic acid",Tri,0,0.4914,0.4014
A0A8D5FTP2,2_aminophenol,Di,1,0.916,0.8636
A0A8D5FTP2,2_aminophenol,Mono,0,0.529,0.4014
A0A8D5FTP2,2_aminophenol,Tri,0,0.9225,0.8636
A0A8D5FTP2,3_methoxytyramine,Di,0,0.6038,0.4638
A0A8D5FTP2,3_methoxytyramine,Mono,0,0.0651,0.0529
A0A8D5FTP2,3_methoxytyramine,Tri,0,0.4368,0.3936
A0A8D5FTP2,alanine,Di,1,0.9257,0.8636
A0A8D5FTP2,alanine,Mono,1,0.9055,0.8636
A0A8D5FTP2,alanine,Tri,0,0.4331,0.3936
A0A8D5FTP2,arginine,Di,0,0.0058,0.0101
A0A8D5FTP2,arginine,Mono,0,0.0029,0.0101
A0A8D5FTP2,arginine,Tri,0,0.0136,0.0137
A0A8D5FTP2,asparagine,Di,0,0.0366,0.0529
A0A8D5FTP2,asparagine,Mono,0,0.0358,0.0409
A0A8D5FTP2,asparagine,Tri,1,0.8101,0.7
A0A8D5FTP2,cadaverine,Di,0,0.0058,0.0101
A0A8D5FTP2,cadaverine,Mono,0,0.0021,0.0023
A0A8D5FTP2,cadaverine,Tri,0,0.0076,0.0101
A0A8D5FTP2,citrulline,Di,0,0.0233,0.0391
A0A8D5FTP2,citrulline,Mono,0,0.0071,0.0101
A0A8D5FTP2,citrulline,Tri,0,0.0081,0.0101
A0A8D5FTP2,cystine,Di,0,0.0258,0.0391
A0A8D5FTP2,cystine,Mono,0,0.0079,0.0101
A0A8D5FTP2,cystine,Tri,0,0.0493,0.0529
A0A8D5FTP2,dopamine,Di,0,0.4109,0.2815
A0A8D5FTP2,dopamine,Mono,0,0.1399,0.0915
A0A8D5FTP2,dopamine,Tri,1,0.8992,0.8571
A0A8D5FTP2,gaba,Di,1,0.9591,0.9023
A0A8D5FTP2,gaba,Mono,1,0.9496,0.9023
A0A8D5FTP2,gaba,Tri,1,0.9651,0.9023
A0A8D5FTP2,glutamine,Di,0,0.0665,0.0529
A0A8D5FTP2,glutamine,Mono,1,0.2608,0.1875
A0A8D5FTP2,glutamine,Tri,0,0.0399,0.0529
A0A8D5FTP2,glyglycine,Di,0,0.0112,0.0101
A0A8D5FTP2,glyglycine,Mono,0,0.0074,0.0101
A0A8D5FTP2,glyglycine,Tri,0,0.1012,0.0915
A0A8D5FTP2,histidine,Di,0,0.002,0.0023
A0A8D5FTP2,histidine,Mono,0,0.0014,0.0023
A0A8D5FTP2,histidine,Tri,0,0.0145,0.0202
A0A8D5FTP2,lysine,Di,0,0.2107,0.1127
A0A8D5FTP2,lysine,Mono,0,0.0191,0.0202
A0A8D5FTP2,lysine,Tri,0,0.0153,0.0202
A0A8D5FTP2,methionine,Di,0,0.0537,0.0529
A0A8D5FTP2,methionine,Mono,0,0.0564,0.0529
A0A8D5FTP2,methionine,Tri,0,0.0884,0.0529
A0A8D5FTP2,ornithine,Di,0,0.1995,0.1127
A0A8D5FTP2,ornithine,Mono,0,0.0692,0.0529
A0A8D5FTP2,ornithine,Tri,0,0.049,0.0529
A0A8D5FTP2,phenylalanine,Di,1,0.8887,0.8333
A0A8D5FTP2,phenylalanine,Mono,0,0.2758,0.1915
A0A8D5FTP2,phenylalanine,Tri,1,0.9402,0.8696
A0A8D5FTP2,proline,Di,0,0.0057,0.0101
A0A8D5FTP2,proline,Mono,0,0.0078,0.0101
A0A8D5FTP2,proline,Tri,0,0.0616,0.0529
A0A8D5FTP2,putrescine,Di,0,0.0058,0.0101
A0A8D5FTP2,putrescine,Mono,0,0.0021,0.0023
A0A8D5FTP2,putrescine,Tri,0,0.0076,0.0101
A0A8D5FTP2,serine,Di,0,0.1946,0.1127
A0A8D5FTP2,serine,Mono,0,0.2034,0.1127
A0A8D5FTP2,serine,Tri,0,0.129,0.0915
A0A8D5FTP2,serotonin,Di,0,0.0305,0.0409
A0A8D5FTP2,serotonin,Mono,0,0.311,0.2692
A0A8D5FTP2,serotonin,Tri,0,0.0216,0.0301
A0A8D5FTP2,threonine,Di,0,0.0365,0.0529
A0A8D5FTP2,threonine,Mono,0,0.0546,0.0529
A0A8D5FTP2,threonine,Tri,0,0.0042,0.0101
A0A8D5FTP2,tryptamine,Di,0,0.0067,0.0101
A0A8D5FTP2,tryptamine,Mono,0,0.0026,0.0101
A0A8D5FTP2,tryptamine,Tri,0,0.0183,0.0202
A0A8D5FTP2,tyramine,Di,0,0.0502,0.0529
A0A8D5FTP2,tyramine,Mono,0,0.308,0.2692
A0A8D5FTP2,tyramine,Tri,0,0.0423,0.0529
A0A942AQR8,"2,3_diaminopropionic acid",Di,1,0.0648,0.0529
A0A942AQR8,"2,3_diaminopropionic acid",Mono,0,0.041,0.0529
A0A942AQR8,"2,3_diaminopropionic acid",Tri,1,0.4734,0.4014
A0A942AQR8,2_aminophenol,Di,1,0.912,0.8636
A0A942AQR8,2_aminophenol,Mono,1,0.3655,0.2815
A0A942AQR8,2_aminophenol,Tri,1,0.9041,0.8636
A0A942AQR8,3_methoxytyramine,Di,1,0.4441,0.3936
A0A942AQR8,3_methoxytyramine,Mono,0,0.0906,0.0529
A0A942AQR8,3_methoxytyramine,Tri,1,0.4465,0.3936
A0A942AQR8,alanine,Di,1,0.9434,0.9023
A0A942AQR8,alanine,Mono,1,0.9344,0.8636
A0A942AQR8,alanine,Tri,1,0.3391,0.28
A0A942AQR8,arginine,Di,0,0.0141,0.0202
A0A942AQR8,arginine,Mono,0,0.0043,0.0101
A0A942AQR8,arginine,Tri,0,0.0298,0.0391
A0A942AQR8,asparagine,Di,0,0.0714,0.0529
A0A942AQR8,asparagine,Mono,0,0.0858,0.0529
A0A942AQR8,asparagine,Tri,1,0.8024,0.7
A0A942AQR8,cadaverine,Di,0,0.016,0.0202
A0A942AQR8,cadaverine,Mono,0,0.007,0.0101
A0A942AQR8,cadaverine,Tri,0,0.0268,0.0391
A0A942AQR8,citrulline,Di,0,0.0656,0.0529
A0A942AQR8,citrulline,Mono,0,0.015,0.0202
A0A942AQR8,citrulline,Tri,0,0.0175,0.0202
A0A942AQR8,cystine,Di,0,0.0265,0.0391
A0A942AQR8,cystine,Mono,0,0.0121,0.0114
A0A942AQR8,cystine,Tri,0,0.0429,0.0529
A0A942AQR8,dopamine,Di,1,0.5243,0.4014
A0A942AQR8,dopamine,Mono,0,0.2212,0.1127
A0A942AQR8,dopamine,Tri,1,0.9289,0.8636
A0A942AQR8,gaba,Di,1,0.9836,0.9214
A0A942AQR8,gaba,Mono,1,0.9861,0.9214
A0A942AQR8,gaba,Tri,1,0.9861,0.9214
A0A942AQR8,glutamine,Di,0,0.2117,0.1127
A0A942AQR8,glutamine,Mono,0,0.7412,0.5287
A0A942AQR8,glutamine,Tri,0,0.1675,0.1127
A0A942AQR8,glyglycine,Di,0,0.0134,0.0137
A0A942AQR8,glyglycine,Mono,0,0.0122,0.0114
A0A942AQR8,glyglycine,Tri,0,0.0663,0.0529
A0A942AQR8,histidine,Di,0,0.0059,0.0101
A0A942AQR8,histidine,Mono,0,0.0051,0.0101
A0A942AQR8,histidine,Tri,0,0.0233,0.0391
A0A942AQR8,lysine,Di,0,0.2284,0.1455
A0A942AQR8,lysine,Mono,0,0.0274,0.0391
A0A942AQR8,lysine,Tri,0,0.0261,0.0391
A0A942AQR8,methionine,Di,0,0.1087,0.0915
A0A942AQR8,methionine,Mono,0,0.1254,0.0915
A0A942AQR8,methionine,Tri,0,0.1559,0.1127
A0A942AQR8,ornithine,Di,1,0.1514,0.1127
A0A942AQR8,ornithine,Mono,1,0.0394,0.0529
A0A942AQR8,ornithine,Tri,0,0.0397,0.0529
A0A942AQR8,phenylalanine,Di,1,0.9418,0.8696
A0A942AQR8,phenylalanine,Mono,1,0.2874,0.2692
A0A942AQR8,phenylalanine,Tri,1,0.9537,0.9023
A0A942AQR8,proline,Di,0,0.0067,0.0101
A0A942AQR8,proline,Mono,0,0.0089,0.0101
A0A942AQR8,proline,Tri,0,0.039,0.0529
A0A942AQR8,putrescine,Di,0,0.016,0.0202
A0A942AQR8,putrescine,Mono,0,0.007,0.0101
A0A942AQR8,putrescine,Tri,0,0.0268,0.0391
A0A942AQR8,serine,Di,0,0.2051,0.1127
A0A942AQR8,serine,Mono,1,0.1999,0.1127
A0A942AQR8,serine,Tri,0,0.1668,0.1127
A0A942AQR8,serotonin,Di,0,0.0315,0.0409
A0A942AQR8,serotonin,Mono,1,0.2745,0.1915
A0A942AQR8,serotonin,Tri,0,0.0389,0.0529
A0A942AQR8,threonine,Di,0,0.0959,0.0915
A0A942AQR8,threonine,Mono,0,0.1281,0.0915
A0A942AQR8,threonine,Tri,0,0.024,0.0391
A0A942AQR8,tryptamine,Di,0,0.0259,0.0391
A0A942AQR8,tryptamine,Mono,0,0.0082,0.0101
A0A942AQR8,tryptamine,Tri,1,0.0594,0.0529
A0A942AQR8,tyramine,Di,0,0.0594,0.0529
A0A942AQR8,tyramine,Mono,1,0.2851,0.2692
A0A942AQR8,tyramine,Tri,0,0.0739,0.0529
A0A952U252,"2,3_diaminopropionic acid",Di,0,0.151,0.1127
A0A952U252,"2,3_diaminopropionic acid",Mono,0,0.0371,0.0529
A0A952U252,"2,3_diaminopropionic acid",Tri,0,0.4317,0.3936
A0A952U252,2_aminophenol,Di,1,0.949,0.9023
A0A952U252,2_aminophenol,Mono,1,0.359,0.2815
A0A952U252,2_aminophenol,Tri,0,0.8701,0.7
A0A952U252,3_methoxytyramine,Di,0,0.3743,0.2815
A0A952U252,3_methoxytyramine,Mono,0,0.008,0.0101
A0A952U252,3_methoxytyramine,Tri,0,0.1682,0.1127
A0A952U252,alanine,Di,1,0.937,0.8636
A0A952U252,alanine,Mono,1,0.893,0.8571
A0A952U252,alanine,Tri,0,0.381,0.2815
A0A952U252,arginine,Di,0,0.0033,0.0101
A0A952U252,arginine,Mono,0,0.0018,0.0023
A0A952U252,arginine,Tri,0,0.0025,0.0101
A0A952U252,asparagine,Di,0,0.0348,0.0409
A0A952U252,asparagine,Mono,0,0.0249,0.0391
A0A952U252,asparagine,Tri,1,0.7854,0.5287
A0A952U252,cadaverine,Di,0,0.0066,0.0101
A0A952U252,cadaverine,Mono,0,0.0022,0.0023
A0A952U252,cadaverine,Tri,0,0.0215,0.0301
A0A952U252,citrulline,Di,0,0.0041,0.0101
A0A952U252,citrulline,Mono,0,0.0017,0.0023
A0A952U252,citrulline,Tri,0,0.0019,0.0023
A0A952U252,cystine,Di,0,0.0176,0.0202
A0A952U252,cystine,Mono,0,0.0022,0.0023
A0A952U252,cystine,Tri,0,0.0154,0.0202
A0A952U252,dopamine,Di,0,0.3402,0.28
A0A952U252,dopamine,Mono,0,0.0332,0.0409
A0A952U252,dopamine,Tri,1,0.8967,0.8571
A0A952U252,gaba,Di,1,0.9798,0.9082
A0A952U252,gaba,Mono,1,0.9638,0.9023
A0A952U252,gaba,Tri,1,0.9854,0.9214
A0A952U252,glutamine,Di,0,0.0255,0.0391
A0A952U252,glutamine,Mono,1,0.1893,0.1127
A0A952U252,glutamine,Tri,0,0.0214,0.0301
A0A952U252,glyglycine,Di,0,0.0136,0.0137
A0A952U252,glyglycine,Mono,0,0.0057,0.0101
A0A952U252,glyglycine,Tri,0,0.0248,0.0391
A0A952U252,histidine,Di,0,0.002,0.0023
A0A952U252,histidine,Mono,0,0.0008,0.0023
A0A952U252,histidine,Tri,0,0.005,0.0101
A0A952U252,lysine,Di,0,0.0379,0.0529
A0A952U252,lysine,Mono,0,0.0105,0.0101
A0A952U252,lysine,Tri,0,0.0091,0.0101
A0A952U252,methionine,Di,0,0.0131,0.0137
A0A952U252,methionine,Mono,0,0.0128,0.0137
A0A952U252,methionine,Tri,0,0.0091,0.0101
A0A952U252,ornithine,Di,0,0.1823,0.1127
A0A952U252,ornithine,Mono,0,0.0879,0.0529
A0A952U252,ornithine,Tri,0,0.0297,0.0391
A0A952U252,phenylalanine,Di,1,0.9022,0.8636
A0A952U252,phenylalanine,Mono,0,0.0993,0.0915
A0A952U252,phenylalanine,Tri,1,0.9309,0.8636
A0A952U252,proline,Di,0,0.0094,0.0101
A0A952U252,proline,Mono,0,0.0091,0.0101
A0A952U252,proline,Tri,0,0.042,0.0529
A0A952U252,putrescine,Di,0,0.0064,0.0101
A0A952U252,putrescine,Mono,0,0.0021,0.0023
A0A952U252,putrescine,Tri,0,0.0209,0.0301
A0A952U252,serine,Di,0,0.0488,0.0529
A0A952U252,serine,Mono,0,0.1019,0.0915
A0A952U252,serine,Tri,0,0.0419,0.0529
A0A952U252,serotonin,Di,0,0.0043,0.0101
A0A952U252,serotonin,Mono,0,0.0668,0.0529
A0A952U252,serotonin,Tri,0,0.0084,0.0101
A0A952U252,threonine,Di,0,0.0077,0.0101
A0A952U252,threonine,Mono,0,0.0092,0.0101
A0A952U252,threonine,Tri,0,0.0008,0.0023
A0A952U252,tryptamine,Di,0,0.0094,0.0101
A0A952U252,tryptamine,Mono,0,0.0011,0.0023
A0A952U252,tryptamine,Tri,0,0.0308,0.0409
A0A952U252,tyramine,Di,0,0.0085,0.0101
A0A952U252,tyramine,Mono,0,0.0424,0.0529
A0A952U252,tyramine,Tri,0,0.0144,0.0202
A6LC91,"2,3_diaminopropionic acid",Di,0,0.0575,0.0529
A6LC91,"2,3_diaminopropionic acid",Mono,0,0.0308,0.0409
A6LC91,"2,3_diaminopropionic acid",Tri,0,0.2404,0.1757
A6LC91,2_aminophenol,Di,0,0.7408,0.5287
A6LC91,2_aminophenol,Mono,0,0.2366,0.1455
A6LC91,2_aminophenol,Tri,0,0.6557,0.5287
A6LC91,3_methoxytyramine,Di,0,0.3231,0.2692
A6LC91,3_methoxytyramine,Mono,0,0.0176,0.0202
A6LC91,3_methoxytyramine,Tri,0,0.0866,0.0529
A6LC91,alanine,Di,0,0.6609,0.5287
A6LC91,alanine,Mono,0,0.6165,0.4706
A6LC91,alanine,Tri,0,0.1215,0.0915
A6LC91,arginine,Di,0,0.0029,0.0101
A6LC91,arginine,Mono,0,0.0012,0.0023
A6LC91,arginine,Tri,0,0.003,0.0101
A6LC91,asparagine,Di,0,0.0209,0.0301
A6LC91,asparagine,Mono,0,0.0247,0.0391
A6LC91,asparagine,Tri,0,0.6245,0.4857
A6LC91,cadaverine,Di,0,0.0037,0.0101
A6LC91,cadaverine,Mono,0,0.0014,0.0023
A6LC91,cadaverine,Tri,0,0.0035,0.0101
A6LC91,citrulline,Di,0,0.0055,0.0101
A6LC91,citrulline,Mono,0,0.0016,0.0023
A6LC91,citrulline,Tri,0,0.0013,0.0023
A6LC91,cystine,Di,0,0.005,0.0101
A6LC91,cystine,Mono,0,0.0017,0.0023
A6LC91,cystine,Tri,0,0.0048,0.0101
A6LC91,dopamine,Di,0,0.3711,0.2815
A6LC91,dopamine,Mono,0,0.0821,0.0529
A6LC91,dopamine,Tri,0,0.7571,0.5287
A6LC91,gaba,Di,0,0.7877,0.5287
A6LC91,gaba,Mono,0,0.7791,0.5287
A6LC91,gaba,Tri,0,0.7802,0.5287
A6LC91,glutamine,Di,0,0.0212,0.0301
A6LC91,glutamine,Mono,0,0.166,0.1127
A6LC91,glutamine,Tri,0,0.0143,0.0202
A6LC91,glyglycine,Di,0,0.0027,0.0101
A6LC91,glyglycine,Mono,0,0.002,0.0023
A6LC91,glyglycine,Tri,0,0.0127,0.0137
A6LC91,histidine,Di,0,0.0005,0.0
A6LC91,histidine,Mono,0,0.0005,0.0
A6LC91,histidine,Tri,0,0.0022,0.0023
A6LC91,lysine,Di,0,0.0524,0.0529
A6LC91,lysine,Mono,0,0.0055,0.0101
A6LC91,lysine,Tri,0,0.003,0.0101
A6LC91,methionine,Di,0,0.0101,0.0101
A6LC91,methionine,Mono,0,0.012,0.0114
A6LC91,methionine,Tri,0,0.0099,0.0101
A6LC91,ornithine,Di,0,0.1303,0.0915
A6LC91,ornithine,Mono,0,0.0443,0.0529
A6LC91,ornithine,Tri,0,0.0179,0.0202
A6LC91,phenylalanine,Di,0,0.634,0.4857
A6LC91,phenylalanine,Mono,0,0.0845,0.0529
A6LC91,phenylalanine,Tri,0,0.6357,0.4857
A6LC91,proline,Di,0,0.0019,0.0023
A6LC91,proline,Mono,0,0.0036,0.0101
A6LC91,proline,Tri,0,0.021,0.0301
A6LC91,putrescine,Di,0,0.0037,0.0101
A6LC91,putrescine,Mono,0,0.0014,0.0023
A6LC91,putrescine,Tri,0,0.0035,0.0101
A6LC91,serine,Di,0,0.0554,0.0529
A6LC91,serine,Mono,0,0.0596,0.0529
A6LC91,serine,Tri,0,0.0291,0.0391
A6LC91,serotonin,Di,0,0.0155,0.0202
A6LC91,serotonin,Mono,0,0.2359,0.1455
A6LC91,serotonin,Tri,0,0.0097,0.0101
A6LC91,threonine,Di,0,0.0088,0.0101
A6LC91,threonine,Mono,0,0.0151,0.0202
A6LC91,threonine,Tri,0,0.0011,0.0023
A6LC91,tryptamine,Di,0,0.0041,0.0101
A6LC91,tryptamine,Mono,0,0.0017,0.0023
A6LC91,tryptamine,Tri,0,0.0064,0.0101
A6LC91,tyramine,Di,0,0.0251,0.0391
A6LC91,tyramine,Mono,0,0.1585,0.1127
A6LC91,tyramine,Tri,0,0.0141,0.0202
B0MC37,"2,3_diaminopropionic acid",Di,0,0.0838,0.0529
B0MC37,"2,3_diaminopropionic acid",Mono,0,0.0161,0.0202
B0MC37,"2,3_diaminopropionic acid",Tri,1,0.3059,0.2692
B0MC37,2_aminophenol,Di,1,0.9868,0.9214
B0MC37,2_aminophenol,Mono,0,0.555,0.4014
B0MC37,2_aminophenol,Tri,0,0.9141,0.8636
B0MC37,3_methoxytyramine,Di,0,0.6173,0.4706
B0MC37,3_methoxytyramine,Mono,0,0.0141,0.0202
B0MC37,3_methoxytyramine,Tri,0,0.2228,0.1127
B0MC37,alanine,Di,1,0.9881,0.9214
B0MC37,alanine,Mono,1,0.98,0.9082
B0MC37,alanine,Tri,0,0.6897,0.5287
B0MC37,arginine,Di,0,0.0056,0.0101
B0MC37,arginine,Mono,0,0.0019,0.0023
B0MC37,arginine,Tri,0,0.0034,0.0101
B0MC37,asparagine,Di,0,0.0502,0.0529
B0MC37,asparagine,Mono,0,0.0366,0.0529
B0MC37,asparagine,Tri,1,0.9443,0.9023
B0MC37,cadaverine,Di,0,0.0075,0.0101
B0MC37,cadaverine,Mono,0,0.0015,0.0023
B0MC37,cadaverine,Tri,0,0.0177,0.0202
B0MC37,citrulline,Di,0,0.0207,0.0301
B0MC37,citrulline,Mono,0,0.0029,0.0101
B0MC37,citrulline,Tri,0,0.0031,0.0101
B0MC37,cystine,Di,0,0.0188,0.0202
B0MC37,cystine,Mono,0,0.0022,0.0023
B0MC37,cystine,Tri,0,0.0129,0.0137
B0MC37,dopamine,Di,0,0.6384,0.4857
B0MC37,dopamine,Mono,0,0.0512,0.0529
B0MC37,dopamine,Tri,1,0.975,0.9082
B0MC37,gaba,Di,1,0.9951,0.9214
B0MC37,gaba,Mono,1,0.9911,0.9214
B0MC37,gaba,Tri,1,0.9956,0.9214
B0MC37,glutamine,Di,0,0.0484,0.0529
B0MC37,glutamine,Mono,1,0.6263,0.4857
B0MC37,glutamine,Tri,0,0.0363,0.0529
B0MC37,glyglycine,Di,0,0.0243,0.0391
B0MC37,glyglycine,Mono,0,0.0106,0.0101
B0MC37,glyglycine,Tri,0,0.0537,0.0529
B0MC37,histidine,Di,0,0.001,0.0023
B0MC37,histidine,Mono,0,0.0004,0.0
B0MC37,histidine,Tri,0,0.0016,0.0023
B0MC37,lysine,Di,0,0.071,0.0529
B0MC37,lysine,Mono,0,0.0079,0.0101
B0MC37,lysine,Tri,0,0.0041,0.0101
B0MC37,methionine,Di,0,0.0779,0.0529
B0MC37,methionine,Mono,0,0.0782,0.0529
B0MC37,methionine,Tri,0,0.0427,0.0529
B0MC37,ornithine,Di,0,0.0758,0.0529
B0MC37,ornithine,Mono,0,0.0154,0.0202
B0MC37,ornithine,Tri,0,0.0062,0.0101
B0MC37,phenylalanine,Di,1,0.9891,0.9214
B0MC37,phenylalanine,Mono,0,0.223,0.1127
B0MC37,phenylalanine,Tri,1,0.9851,0.9214
B0MC37,proline,Di,0,0.0037,0.0101
B0MC37,proline,Mono,0,0.0036,0.0101
B0MC37,proline,Tri,0,0.047,0.0529
B0MC37,putrescine,Di,0,0.0091,0.0101
B0MC37,putrescine,Mono,0,0.0017,0.0023
B0MC37,putrescine,Tri,0,0.0213,0.0301
B0MC37,serine,Di,0,0.109,0.0915
B0MC37,serine,Mono,0,0.1431,0.0915
B0MC37,serine,Tri,0,0.0917,0.0714
B0MC37,serotonin,Di,0,0.0104,0.0101
B0MC37,serotonin,Mono,0,0.1201,0.0915
B0MC37,serotonin,Tri,0,0.0069,0.0101
B0MC37,threonine,Di,0,0.0258,0.0391
B0MC37,threonine,Mono,0,0.0464,0.0529
B0MC37,threonine,Tri,0,0.0021,0.0023
B0MC37,tryptamine,Di,0,0.0082,0.0101
B0MC37,tryptamine,Mono,0,0.0007,0.0
B0MC37,tryptamine,Tri,0,0.0175,0.0202
B0MC37,tyramine,Di,0,0.0394,0.0529
B0MC37,tyramine,Mono,0,0.1572,0.1127
B0MC37,tyramine,Tri,0,0.0334,0.0409
B5D243,"2,3_diaminopropionic acid",Di,0,0.0527,0.0529
B5D243,"2,3_diaminopropionic acid",Mono,0,0.0302,0.0391
B5D243,"2,3_diaminopropionic acid",Tri,0,0.3126,0.2692
B5D243,2_aminophenol,Di,0,0.9142,0.8636
B5D243,2_aminophenol,Mono,0,0.336,0.2692
B5D243,2_aminophenol,Tri,0,0.8758,0.7
B5D243,3_methoxytyramine,Di,0,0.509,0.4014
B5D243,3_methoxytyramine,Mono,0,0.102,0.0915
B5D243,3_methoxytyramine,Tri,0,0.397,0.2815
B5D243,alanine,Di,0,0.8828,0.8235
B5D243,alanine,Mono,0,0.8581,0.7
B5D243,alanine,Tri,0,0.2301,0.1455
B5D243,arginine,Di,0,0.0097,0.0101
B5D243,arginine,Mono,0,0.0034,0.0101
B5D243,arginine,Tri,0,0.0188,0.0202
B5D243,asparagine,Di,0,0.0668,0.0529
B5D243,asparagine,Mono,0,0.0784,0.0529
B5D243,asparagine,Tri,0,0.811,0.7
B5D243,cadaverine,Di,0,0.0076,0.0101
B5D243,cadaverine,Mono,0,0.0032,0.0101
B5D243,cadaverine,Tri,0,0.0082,0.0101
B5D243,citrulline,Di,0,0.0461,0.0529
B5D243,citrulline,Mono,0,0.0135,0.0137
B5D243,citrulline,Tri,0,0.0158,0.0202
B5D243,cystine,Di,0,0.0247,0.0391
B5D243,cystine,Mono,0,0.0109,0.0101
B5D243,cystine,Tri,0,0.0346,0.0409
B5D243,dopamine,Di,0,0.5486,0.4014
B5D243,dopamine,Mono,0,0.2291,0.1455
B5D243,dopamine,Tri,0,0.9005,0.8571
B5D243,gaba,Di,0,0.9555,0.9023
B5D243,gaba,Mono,0,0.9559,0.9023
B5D243,gaba,Tri,0,0.9522,0.9023
B5D243,glutamine,Di,0,0.1753,0.1127
B5D243,glutamine,Mono,0,0.6593,0.5287
B5D243,glutamine,Tri,0,0.1253,0.0915
B5D243,glyglycine,Di,0,0.0147,0.0202
B5D243,glyglycine,Mono,0,0.0106,0.0101
B5D243,glyglycine,Tri,0,0.0472,0.0529
B5D243,histidine,Di,0,0.0043,0.0101
B5D243,histidine,Mono,0,0.0036,0.0101
B5D243,histidine,Tri,0,0.011,0.0101
B5D243,lysine,Di,0,0.1488,0.1127
B5D243,lysine,Mono,0,0.0198,0.0301
B5D243,lysine,Tri,0,0.0172,0.0202
B5D243,methionine,Di,0,0.0701,0.0529
B5D243,methionine,Mono,0,0.0773,0.0529
B5D243,methionine,Tri,0,0.0857,0.0529
B5D243,ornithine,Di,0,0.106,0.0915
B5D243,ornithine,Mono,0,0.0347,0.0409
B5D243,ornithine,Tri,0,0.0323,0.0409
B5D243,phenylalanine,Di,0,0.8898,0.8333
B5D243,phenylalanine,Mono,0,0.184,0.1127
B5D243,phenylalanine,Tri,0,0.881,0.75
B5D243,proline,Di,0,0.0058,0.0101
B5D243,proline,Mono,0,0.0082,0.0101
B5D243,proline,Tri,0,0.0264,0.0391
B5D243,putrescine,Di,0,0.0076,0.0101
B5D243,putrescine,Mono,0,0.0032,0.0101
B5D243,putrescine,Tri,0,0.0082,0.0101
B5D243,serine,Di,0,0.1612,0.1127
B5D243,serine,Mono,0,0.1485,0.1127
B5D243,serine,Tri,0,0.1226,0.0915
B5D243,serotonin,Di,0,0.02,0.0301
B5D243,serotonin,Mono,0,0.2045,0.1127
B5D243,serotonin,Tri,0,0.0202,0.0301
B5D243,threonine,Di,0,0.0616,0.0529
B5D243,threonine,Mono,0,0.0804,0.0529
B5D243,threonine,Tri,0,0.0143,0.0202
B5D243,tryptamine,Di,0,0.0133,0.0137
B5D243,tryptamine,Mono,0,0.0036,0.0101
B5D243,tryptamine,Tri,0,0.0167,0.0202
B5D243,tyramine,Di,0,0.0457,0.0529
B5D243,tyramine,Mono,0,0.228,0.1455
B5D243,tyramine,Tri,0,0.0425,0.0529
B7AVX6,"2,3_diaminopropionic acid",Di,0,0.1632,0.1127
B7AVX6,"2,3_diaminopropionic acid",Mono,0,0.0626,0.0529
B7AVX6,"2,3_diaminopropionic acid",Tri,1,0.6384,0.5
B7AVX6,2_aminophenol,Di,1,0.9762,0.9082
B7AVX6,2_aminophenol,Mono,0,0.6066,0.4638
B7AVX6,2_aminophenol,Tri,1,0.9196,0.8636
B7AVX6,3_methoxytyramine,Di,0,0.2344,0.1455
B7AVX6,3_methoxytyramine,Mono,0,0.016,0.0202
B7AVX6,3_methoxytyramine,Tri,0,0.1298,0.0915
B7AVX6,alanine,Di,1,0.9836,0.9214
B7AVX6,alanine,Mono,1,0.9683,0.9082
B7AVX6,alanine,Tri,0,0.6142,0.4706
B7AVX6,arginine,Di,0,0.0301,0.0391
B7AVX6,arginine,Mono,0,0.0122,0.0114
B7AVX6,arginine,Tri,0,0.0334,0.0409
B7AVX6,asparagine,Di,0,0.107,0.0915
B7AVX6,asparagine,Mono,0,0.0899,0.0529
B7AVX6,asparagine,Tri,1,0.9415,0.8696
B7AVX6,cadaverine,Di,0,0.0068,0.0101
B7AVX6,cadaverine,Mono,0,0.0023,0.0101
B7AVX6,cadaverine,Tri,0,0.0249,0.0391
B7AVX6,citrulline,Di,0,0.0943,0.0714
B7AVX6,citrulline,Mono,0,0.0299,0.0391
B7AVX6,citrulline,Tri,0,0.0251,0.0391
B7AVX6,cystine,Di,0,0.0276,0.0391
B7AVX6,cystine,Mono,0,0.0065,0.0101
B7AVX6,cystine,Tri,0,0.0333,0.0409
B7AVX6,dopamine,Di,0,0.4204,0.2815
B7AVX6,dopamine,Mono,0,0.0671,0.0529
B7AVX6,dopamine,Tri,1,0.9246,0.8636
B7AVX6,gaba,Di,1,0.9924,0.9214
B7AVX6,gaba,Mono,1,0.9927,0.9214
B7AVX6,gaba,Tri,1,0.994,0.9214
B7AVX6,glutamine,Di,0,0.2186,0.1127
B7AVX6,glutamine,Mono,1,0.8028,0.7
B7AVX6,glutamine,Tri,0,0.1272,0.0915
B7AVX6,glyglycine,Di,0,0.0183,0.0202
B7AVX6,glyglycine,Mono,0,0.0082,0.0101
B7AVX6,glyglycine,Tri,0,0.0292,0.0391
B7AVX6,histidine,Di,0,0.0052,0.0101
B7AVX6,histidine,Mono,0,0.0023,0.0101
B7AVX6,histidine,Tri,0,0.0142,0.0202
B7AVX6,lysine,Di,0,0.2335,0.1455
B7AVX6,lysine,Mono,0,0.0593,0.0529
B7AVX6,lysine,Tri,0,0.0314,0.0409
B7AVX6,methionine,Di,0,0.1836,0.1127
B7AVX6,methionine,Mono,0,0.1583,0.1127
B7AVX6,methionine,Tri,0,0.1159,0.0915
B7AVX6,ornithine,Di,0,0.221,0.1127
B7AVX6,ornithine,Mono,0,0.0917,0.0714
B7AVX6,ornithine,Tri,0,0.0426,0.0529
B7AVX6,phenylalanine,Di,1,0.9816,0.9082
B7AVX6,phenylalanine,Mono,0,0.3255,0.2692
B7AVX6,phenylalanine,Tri,1,0.9848,0.9214
B7AVX6,proline,Di,0,0.0164,0.0202
B7AVX6,proline,Mono,0,0.0179,0.0202
B7AVX6,proline,Tri,0,0.084,0.0529
B7AVX6,putrescine,Di,0,0.0067,0.0101
B7AVX6,putrescine,Mono,0,0.0022,0.0023
B7AVX6,putrescine,Tri,0,0.0236,0.0391
B7AVX6,serine,Di,1,0.2432,0.1757
B7AVX6,serine,Mono,0,0.5448,0.4014
B7AVX6,serine,Tri,0,0.213,0.1127
B7AVX6,serotonin,Di,0,0.0217,0.0301
B7AVX6,serotonin,Mono,0,0.3717,0.2815
B7AVX6,serotonin,Tri,0,0.0297,0.0391
B7AVX6,threonine,Di,0,0.0662,0.0529
B7AVX6,threonine,Mono,0,0.1459,0.0915
B7AVX6,threonine,Tri,0,0.0044,0.0101
B7AVX6,tryptamine,Di,0,0.0078,0.0101
B7AVX6,tryptamine,Mono,0,0.0014,0.0023
B7AVX6,tryptamine,Tri,0,0.0272,0.0391
B7AVX6,tyramine,Di,0,0.0273,0.0391
B7AVX6,tyramine,Mono,1,0.2875,0.2692
B7AVX6,tyramine,Tri,0,0.0414,0.0529
C0ERS1,"2,3_diaminopropionic acid",Di,1,0.2597,0.1875
C0ERS1,"2,3_diaminopropionic acid",Mono,0,0.1211,0.0915
C0ERS1,"2,3_diaminopropionic acid",Tri,1,0.7579,0.5287
C0ERS1,2_aminophenol,Di,1,0.9827,0.9214
C0ERS1,2_aminophenol,Mono,1,0.7848,0.5287
C0ERS1,2_aminophenol,Tri,1,0.9493,0.9023
C0ERS1,3_methoxytyramine,Di,1,0.3154,0.2692
C0ERS1,3_methoxytyramine,Mono,0,0.0319,0.0409
C0ERS1,3_methoxytyramine,Tri,1,0.2417,0.1757
C0ERS1,alanine,Di,1,0.9913,0.9214
C0ERS1,alanine,Mono,1,0.9881,0.9214
C0ERS1,alanine,Tri,1,0.883,0.8235
C0ERS1,arginine,Di,0,0.0309,0.0409
C0ERS1,arginine,Mono,0,0.0138,0.0202
C0ERS1,arginine,Tri,1,0.0406,0.0529
C0ERS1,asparagine,Di,0,0.123,0.0915
C0ERS1,asparagine,Mono,0,0.1011,0.0915
C0ERS1,asparagine,Tri,1,0.9346,0.8636
C0ERS1,cadaverine,Di,0,0.0061,0.0101
C0ERS1,cadaverine,Mono,0,0.0026,0.0101
C0ERS1,cadaverine,Tri,0,0.0218,0.0301
C0ERS1,citrulline,Di,1,0.1121,0.0915
C0ERS1,citrulline,Mono,0,0.0368,0.0529
C0ERS1,citrulline,Tri,1,0.0362,0.0529
C0ERS1,cystine,Di,0,0.0411,0.0529
C0ERS1,cystine,Mono,0,0.0119,0.0114
C0ERS1,cystine,Tri,1,0.0539,0.0529
C0ERS1,dopamine,Di,1,0.4918,0.4014
C0ERS1,dopamine,Mono,0,0.1091,0.0915
C0ERS1,dopamine,Tri,1,0.9352,0.8636
C0ERS1,gaba,Di,1,0.9924,0.9214
C0ERS1,gaba,Mono,1,0.9951,0.9214
C0ERS1,gaba,Tri,1,0.9953,0.9214
C0ERS1,glutamine,Di,1,0.2323,0.1455
C0ERS1,glutamine,Mono,1,0.8211,0.7
C0ERS1,glutamine,Tri,1,0.1587,0.1127
C0ERS1,glyglycine,Di,0,0.0768,0.0529
C0ERS1,glyglycine,Mono,0,0.0442,0.0529
C0ERS1,glyglycine,Tri,1,0.1748,0.1127
C0ERS1,histidine,Di,0,0.0073,0.0101
C0ERS1,histidine,Mono,0,0.0045,0.0101
C0ERS1,histidine,Tri,1,0.0232,0.0391
C0ERS1,lysine,Di,1,0.426,0.3936
C0ERS1,lysine,Mono,0,0.1296,0.0915
C0ERS1,lysine,Tri,0,0.0783,0.0529
C0ERS1,methionine,Di,1,0.4666,0.3936
C0ERS1,methionine,Mono,1,0.4419,0.3936
C0ERS1,methionine,Tri,1,0.4288,0.3936
C0ERS1,ornithine,Di,1,0.2889,0.2692
C0ERS1,ornithine,Mono,0,0.1278,0.0915
C0ERS1,ornithine,Tri,0,0.0676,0.0529
C0ERS1,phenylalanine,Di,1,0.9855,0.9214
C0ERS1,phenylalanine,Mono,1,0.4861,0.4014
C0ERS1,phenylalanine,Tri,1,0.9906,0.9214
C0ERS1,proline,Di,0,0.0183,0.0202
C0ERS1,proline,Mono,0,0.0187,0.0202
C0ERS1,proline,Tri,0,0.1062,0.0915
C0ERS1,putrescine,Di,0,0.006,0.0101
C0ERS1,putrescine,Mono,0,0.0024,0.0101
C0ERS1,putrescine,Tri,0,0.0205,0.0301
C0ERS1,serine,Di,1,0.5931,0.4638
C0ERS1,serine,Mono,1,0.7159,0.5287
C0ERS1,serine,Tri,1,0.5072,0.4014
C0ERS1,serotonin,Di,0,0.0319,0.0409
C0ERS1,serotonin,Mono,1,0.6352,0.4857
C0ERS1,serotonin,Tri,0,0.0416,0.0529
C0ERS1,threonine,Di,1,0.3319,0.2692
C0ERS1,threonine,Mono,1,0.502,0.4014
C0ERS1,threonine,Tri,0,0.0339,0.0409
C0ERS1,tryptamine,Di,0,0.0048,0.0101
C0ERS1,tryptamine,Mono,0,0.0012,0.0023
C0ERS1,tryptamine,Tri,0,0.0205,0.0301
C0ERS1,tyramine,Di,0,0.0557,0.0529
C0ERS1,tyramine,Mono,1,0.6462,0.5287
C0ERS1,tyramine,Tri,0,0.0885,0.0529
G5H9N3,"2,3_diaminopropionic acid",Di,0,0.0151,0.0202
G5H9N3,"2,3_diaminopropionic acid",Mono,0,0.0038,0.0101
G5H9N3,"2,3_diaminopropionic acid",Tri,0,0.0526,0.0529
G5H9N3,2_aminophenol,Di,1,0.4029,0.2815
G5H9N3,2_aminophenol,Mono,0,0.0356,0.0409
G5H9N3,2_aminophenol,Tri,0,0.1801,0.1127
G5H9N3,3_methoxytyramine,Di,0,0.0389,0.0529
G5H9N3,3_methoxytyramine,Mono,0,0.0016,0.0023
G5H9N3,3_methoxytyramine,Tri,0,0.0213,0.0301
G5H9N3,alanine,Di,1,0.5127,0.4014
G5H9N3,alanine,Mono,1,0.3766,0.2815
G5H9N3,alanine,Tri,0,0.0386,0.0529
G5H9N3,arginine,Di,0,0.0011,0.0023
G5H9N3,arginine,Mono,0,0.0006,0.0
G5H9N3,arginine,Tri,0,0.0007,0.0
G5H9N3,asparagine,Di,0,0.0076,0.0101
G5H9N3,asparagine,Mono,0,0.0074,0.0101
G5H9N3,asparagine,Tri,1,0.4985,0.4014
G5H9N3,cadaverine,Di,0,0.0011,0.0023
G5H9N3,cadaverine,Mono,0,0.0004,0.0
G5H9N3,cadaverine,Tri,0,0.0036,0.0101
G5H9N3,citrulline,Di,0,0.0023,0.0101
G5H9N3,citrulline,Mono,0,0.0008,0.0023
G5H9N3,citrulline,Tri,0,0.0008,0.0023
G5H9N3,cystine,Di,0,0.0022,0.0023
G5H9N3,cystine,Mono,0,0.0005,0.0
G5H9N3,cystine,Tri,0,0.0022,0.0023
G5H9N3,dopamine,Di,0,0.0412,0.0529
G5H9N3,dopamine,Mono,0,0.005,0.0101
G5H9N3,dopamine,Tri,1,0.4533,0.3936
G5H9N3,gaba,Di,1,0.6359,0.4857
G5H9N3,gaba,Mono,1,0.5941,0.4638
G5H9N3,gaba,Tri,1,0.715,0.5287
G5H9N3,glutamine,Di,0,0.0109,0.0101
G5H9N3,glutamine,Mono,1,0.1542,0.1127
G5H9N3,glutamine,Tri,0,0.0111,0.0101
G5H9N3,glyglycine,Di,0,0.0023,0.0101
G5H9N3,glyglycine,Mono,0,0.0012,0.0023
G5H9N3,glyglycine,Tri,0,0.0035,0.0101
G5H9N3,histidine,Di,0,0.0007,0.0023
G5H9N3,histidine,Mono,0,0.0004,0.0
G5H9N3,histidine,Tri,0,0.0018,0.0023
G5H9N3,lysine,Di,0,0.0154,0.0202
G5H9N3,lysine,Mono,0,0.0024,0.0101
G5H9N3,lysine,Tri,0,0.0022,0.0023
G5H9N3,methionine,Di,0,0.0032,0.0101
G5H9N3,methionine,Mono,0,0.0031,0.0101
G5H9N3,methionine,Tri,0,0.002,0.0023
G5H9N3,ornithine,Di,0,0.02,0.0301
G5H9N3,ornithine,Mono,0,0.0073,0.0101
G5H9N3,ornithine,Tri,0,0.0043,0.0101
G5H9N3,phenylalanine,Di,1,0.4877,0.4014
G5H9N3,phenylalanine,Mono,0,0.0221,0.0301
G5H9N3,phenylalanine,Tri,1,0.571,0.4231
G5H9N3,proline,Di,0,0.0033,0.0101
G5H9N3,proline,Mono,0,0.0044,0.0101
G5H9N3,proline,Tri,0,0.0146,0.0202
G5H9N3,putrescine,Di,0,0.0011,0.0023
G5H9N3,putrescine,Mono,0,0.0004,0.0
G5H9N3,putrescine,Tri,0,0.0037,0.0101
G5H9N3,serine,Di,0,0.012,0.0114
G5H9N3,serine,Mono,0,0.0195,0.0202
G5H9N3,serine,Tri,0,0.0081,0.0101
G5H9N3,serotonin,Di,0,0.0019,0.0023
G5H9N3,serotonin,Mono,0,0.0178,0.0202
G5H9N3,serotonin,Tri,0,0.0034,0.0101
G5H9N3,threonine,Di,0,0.0038,0.0101
G5H9N3,threonine,Mono,0,0.0043,0.0101
G5H9N3,threonine,Tri,0,0.0004,0.0
G5H9N3,tryptamine,Di,0,0.0013,0.0023
G5H9N3,tryptamine,Mono,0,0.0003,0.0
G5H9N3,tryptamine,Tri,0,0.0047,0.0101
G5H9N3,tyramine,Di,0,0.0019,0.0023
G5H9N3,tyramine,Mono,0,0.0066,0.0101
G5H9N3,tyramine,Tri,0,0.0038,0.0101
G5H9U7,"2,3_diaminopropionic acid",Di,0,0.0103,0.0101
G5H9U7,"2,3_diaminopropionic acid",Mono,0,0.003,0.0101
G5H9U7,"2,3_diaminopropionic acid",Tri,0,0.0324,0.0409
G5H9U7,2_aminophenol,Di,1,0.348,0.28
G5H9U7,2_aminophenol,Mono,0,0.0264,0.0391
G5H9U7,2_aminophenol,Tri,0,0.1269,0.0915
G5H9U7,3_methoxytyramine,Di,0,0.0272,0.0391
G5H9U7,3_methoxytyramine,Mono,0,0.0009,0.0023
G5H9U7,3_methoxytyramine,Tri,0,0.0132,0.0137
G5H9U7,alanine,Di,1,0.4833,0.4014
G5H9U7,alanine,Mono,1,0.3451,0.28
G5H9U7,alanine,Tri,0,0.0317,0.0409
G5H9U7,arginine,Di,0,0.0004,0.0
G5H9U7,arginine,Mono,0,0.0003,0.0
G5H9U7,arginine,Tri,0,0.0002,0.0
G5H9U7,asparagine,Di,0,0.008,0.0101
G5H9U7,asparagine,Mono,0,0.0079,0.0101
G5H9U7,asparagine,Tri,1,0.4851,0.4014
G5H9U7,cadaverine,Di,0,0.0006,0.0
G5H9U7,cadaverine,Mono,0,0.0002,0.0
G5H9U7,cadaverine,Tri,0,0.0014,0.0023
G5H9U7,citrulline,Di,0,0.0005,0.0
G5H9U7,citrulline,Mono,0,0.0003,0.0
G5H9U7,citrulline,Tri,0,0.0002,0.0
G5H9U7,cystine,Di,0,0.0011,0.0023
G5H9U7,cystine,Mono,0,0.0003,0.0
G5H9U7,cystine,Tri,0,0.001,0.0023
G5H9U7,dopamine,Di,0,0.0562,0.0529
G5H9U7,dopamine,Mono,0,0.0051,0.0101
G5H9U7,dopamine,Tri,1,0.4771,0.4014
G5H9U7,gaba,Di,1,0.612,0.4706
G5H9U7,gaba,Mono,1,0.6567,0.5287
G5H9U7,gaba,Tri,1,0.6488,0.5287
G5H9U7,glutamine,Di,0,0.0079,0.0101
G5H9U7,glutamine,Mono,1,0.1647,0.1127
G5H9U7,glutamine,Tri,0,0.0066,0.0101
G5H9U7,glyglycine,Di,0,0.0014,0.0023
G5H9U7,glyglycine,Mono,0,0.0007,0.0023
G5H9U7,glyglycine,Tri,0,0.0019,0.0023
G5H9U7,histidine,Di,0,0.0003,0.0
G5H9U7,histidine,Mono,0,0.0002,0.0
G5H9U7,histidine,Tri,0,0.0007,0.0023
G5H9U7,lysine,Di,0,0.0027,0.0101
G5H9U7,lysine,Mono,0,0.0009,0.0023
G5H9U7,lysine,Tri,0,0.0006,0.0
G5H9U7,methionine,Di,0,0.0013,0.0023
G5H9U7,methionine,Mono,0,0.0014,0.0023
G5H9U7,methionine,Tri,0,0.0007,0.0023
G5H9U7,ornithine,Di,0,0.0071,0.0101
G5H9U7,ornithine,Mono,0,0.0042,0.0101
G5H9U7,ornithine,Tri,0,0.0018,0.0023
G5H9U7,phenylalanine,Di,1,0.4394,0.3936
G5H9U7,phenylalanine,Mono,0,0.0216,0.0301
G5H9U7,phenylalanine,Tri,1,0.52,0.4014
G5H9U7,proline,Di,0,0.0015,0.0023
G5H9U7,proline,Mono,0,0.0022,0.0023
G5H9U7,proline,Tri,0,0.0061,0.0101
G5H9U7,putrescine,Di,0,0.0006,0.0
G5H9U7,putrescine,Mono,0,0.0002,0.0
G5H9U7,putrescine,Tri,0,0.0014,0.0023
G5H9U7,serine,Di,0,0.0051,0.0101
G5H9U7,serine,Mono,0,0.0096,0.0101
G5H9U7,serine,Tri,0,0.0038,0.0101
G5H9U7,serotonin,Di,0,0.0009,0.0023
G5H9U7,serotonin,Mono,0,0.0081,0.0101
G5H9U7,serotonin,Tri,0,0.0013,0.0023
G5H9U7,threonine,Di,0,0.0011,0.0023
G5H9U7,threonine,Mono,0,0.0015,0.0023
G5H9U7,threonine,Tri,0,0.0001,0.0
G5H9U7,tryptamine,Di,0,0.0013,0.0023
G5H9U7,tryptamine,Mono,0,0.0003,0.0
G5H9U7,tryptamine,Tri,0,0.0034,0.0101
G5H9U7,tyramine,Di,0,0.0011,0.0023
G5H9U7,tyramine,Mono,0,0.0031,0.0101
G5H9U7,tyramine,Tri,0,0.0016,0.0023
P12256,"2,3_diaminopropionic acid",Di,0,0.0328,0.0409
P12256,"2,3_diaminopropionic acid",Mono,0,0.018,0.0202
P12256,"2,3_diaminopropionic acid",Tri,0,0.4221,0.2815
P12256,2_aminophenol,Di,0,0.8746,0.7
P12256,2_aminophenol,Mono,0,0.2541,0.1757
P12256,2_aminophenol,Tri,1,0.8808,0.75
P12256,3_methoxytyramine,Di,0,0.2004,0.1127
P12256,3_methoxytyramine,Mono,0,0.0181,0.0202
P12256,3_methoxytyramine,Tri,0,0.1171,0.0915
P12256,alanine,Di,1,0.9323,0.8636
P12256,alanine,Mono,1,0.9312,0.8636
P12256,alanine,Tri,0,0.2869,0.2692
P12256,arginine,Di,0,0.0037,0.0101
P12256,arginine,Mono,0,0.0017,0.0023
P12256,arginine,Tri,0,0.0117,0.0114
P12256,asparagine,Di,0,0.0248,0.0391
P12256,asparagine,Mono,0,0.0266,0.0391
P12256,asparagine,Tri,1,0.7445,0.5287
P12256,cadaverine,Di,0,0.005,0.0101
P12256,cadaverine,Mono,0,0.0018,0.0023
P12256,cadaverine,Tri,0,0.0067,0.0101
P12256,citrulline,Di,0,0.0239,0.0391
P12256,citrulline,Mono,0,0.0052,0.0101
P12256,citrulline,Tri,0,0.0055,0.0101
P12256,cystine,Di,0,0.0098,0.0101
P12256,cystine,Mono,0,0.0034,0.0101
P12256,cystine,Tri,0,0.018,0.0202
P12256,dopamine,Di,0,0.2878,0.2692
P12256,dopamine,Mono,0,0.0854,0.0529
P12256,dopamine,Tri,1,0.8822,0.8235
P12256,gaba,Di,1,0.9822,0.9214
P12256,gaba,Mono,1,0.9784,0.9082
P12256,gaba,Tri,1,0.985,0.9214
P12256,glutamine,Di,0,0.0858,0.0529
P12256,glutamine,Mono,1,0.3792,0.2815
P12256,glutamine,Tri,0,0.0561,0.0529
P12256,glyglycine,Di,0,0.0054,0.0101
P12256,glyglycine,Mono,0,0.0045,0.0101
P12256,glyglycine,Tri,0,0.0357,0.0409
P12256,histidine,Di,0,0.0011,0.0023
P12256,histidine,Mono,0,0.0008,0.0023
P12256,histidine,Tri,0,0.0058,0.0101
P12256,lysine,Di,0,0.2065,0.1127
P12256,lysine,Mono,0,0.0143,0.0202
P12256,lysine,Tri,0,0.0118,0.0114
P12256,methionine,Di,0,0.0441,0.0529
P12256,methionine,Mono,0,0.0508,0.0529
P12256,methionine,Tri,0,0.0648,0.0529
P12256,ornithine,Di,0,0.0893,0.0529
P12256,ornithine,Mono,0,0.0207,0.0301
P12256,ornithine,Tri,0,0.0144,0.0202
P12256,phenylalanine,Di,1,0.9137,0.8636
P12256,phenylalanine,Mono,0,0.1932,0.1127
P12256,phenylalanine,Tri,1,0.946,0.9023
P12256,proline,Di,0,0.002,0.0023
P12256,proline,Mono,0,0.0029,0.0101
P12256,proline,Tri,0,0.0232,0.0345
P12256,putrescine,Di,0,0.005,0.0101
P12256,putrescine,Mono,0,0.0018,0.0023
P12256,putrescine,Tri,0,0.0067,0.0101
P12256,serine,Di,0,0.1524,0.1127
P12256,serine,Mono,0,0.1548,0.1127
P12256,serine,Tri,0,0.0901,0.0529
P12256,serotonin,Di,0,0.0091,0.0101
P12256,serotonin,Mono,0,0.1074,0.0915
P12256,serotonin,Tri,0,0.0082,0.0101
P12256,threonine,Di,0,0.0474,0.0529
P12256,threonine,Mono,0,0.0744,0.0529
P12256,threonine,Tri,0,0.0051,0.0101
P12256,tryptamine,Di,0,0.0026,0.0101
P12256,tryptamine,Mono,0,0.0007,0.0023
P12256,tryptamine,Tri,0,0.0068,0.0101
P12256,tyramine,Di,0,0.0486,0.0529
P12256,tyramine,Mono,0,0.2541,0.1757
P12256,tyramine,Tri,0,0.0473,0.0529
Q8Y9S7,"2,3_diaminopropionic acid",Di,0,0.1665,0.1127
Q8Y9S7,"2,3_diaminopropionic acid",Mono,0,0.0667,0.0529
Q8Y9S7,"2,3_diaminopropionic acid",Tri,0,0.5904,0.4638
Q8Y9S7,2_aminophenol,Di,1,0.9161,0.8636
Q8Y9S7,2_aminophenol,Mono,0,0.3894,0.2815
Q8Y9S7,2_aminophenol,Tri,0,0.7964,0.5287
Q8Y9S7,3_methoxytyramine,Di,0,0.213,0.1127
Q8Y9S7,3_methoxytyramine,Mono,0,0.0102,0.0101
Q8Y9S7,3_methoxytyramine,Tri,0,0.1544,0.1127
Q8Y9S7,alanine,Di,1,0.9569,0.9023
Q8Y9S7,alanine,Mono,1,0.9443,0.9023
Q8Y9S7,alanine,Tri,0,0.6117,0.4638
Q8Y9S7,arginine,Di,0,0.009,0.0101
Q8Y9S7,arginine,Mono,0,0.0054,0.0101
Q8Y9S7,arginine,Tri,0,0.0103,0.0101
Q8Y9S7,asparagine,Di,0,0.0649,0.0529
Q8Y9S7,asparagine,Mono,0,0.0665,0.0529
Q8Y9S7,asparagine,Tri,1,0.922,0.8636
Q8Y9S7,cadaverine,Di,0,0.0052,0.0101
Q8Y9S7,cadaverine,Mono,0,0.0023,0.0101
Q8Y9S7,cadaverine,Tri,0,0.016,0.0202
Q8Y9S7,citrulline,Di,0,0.0193,0.0202
Q8Y9S7,citrulline,Mono,0,0.0086,0.0101
Q8Y9S7,citrulline,Tri,0,0.011,0.0101
Q8Y9S7,cystine,Di,0,0.0169,0.0202
Q8Y9S7,cystine,Mono,0,0.0041,0.0101
Q8Y9S7,cystine,Tri,0,0.0193,0.0202
Q8Y9S7,dopamine,Di,0,0.2499,0.1757
Q8Y9S7,dopamine,Mono,0,0.0471,0.0529
Q8Y9S7,dopamine,Tri,1,0.9042,0.8636
Q8Y9S7,gaba,Di,1,0.9869,0.9214
Q8Y9S7,gaba,Mono,1,0.9915,0.9214
Q8Y9S7,gaba,Tri,1,0.9911,0.9214
Q8Y9S7,glutamine,Di,0,0.0986,0.0915
Q8Y9S7,glutamine,Mono,1,0.6816,0.5287
Q8Y9S7,glutamine,Tri,0,0.1316,0.0915
Q8Y9S7,glyglycine,Di,0,0.0267,0.0391
Q8Y9S7,glyglycine,Mono,0,0.0175,0.0202
Q8Y9S7,glyglycine,Tri,0,0.0789,0.0529
Q8Y9S7,histidine,Di,0,0.0081,0.0101
Q8Y9S7,histidine,Mono,0,0.0049,0.0101
Q8Y9S7,histidine,Tri,0,0.0304,0.0409
Q8Y9S7,lysine,Di,0,0.1361,0.0915
Q8Y9S7,lysine,Mono,0,0.0396,0.0529
Q8Y9S7,lysine,Tri,0,0.0305,0.0409
Q8Y9S7,methionine,Di,0,0.0484,0.0529
Q8Y9S7,methionine,Mono,0,0.0599,0.0529
Q8Y9S7,methionine,Tri,0,0.0684,0.0529
Q8Y9S7,ornithine,Di,0,0.1423,0.0915
Q8Y9S7,ornithine,Mono,0,0.0826,0.0529
Q8Y9S7,ornithine,Tri,0,0.0461,0.0529
Q8Y9S7,phenylalanine,Di,1,0.9378,0.8636
Q8Y9S7,phenylalanine,Mono,0,0.3193,0.2692
Q8Y9S7,phenylalanine,Tri,1,0.9653,0.9023
Q8Y9S7,proline,Di,0,0.0157,0.0202
Q8Y9S7,proline,Mono,0,0.0224,0.0345
Q8Y9S7,proline,Tri,0,0.0665,0.0529
Q8Y9S7,putrescine,Di,0,0.0054,0.0101
Q8Y9S7,putrescine,Mono,0,0.0024,0.0101
Q8Y9S7,putrescine,Tri,0,0.0164,0.0202
Q8Y9S7,serine,Di,0,0.1082,0.0915
Q8Y9S7,serine,Mono,0,0.2732,0.1915
Q8Y9S7,serine,Tri,0,0.1049,0.0915
Q8Y9S7,serotonin,Di,0,0.0133,0.0137
Q8Y9S7,serotonin,Mono,0,0.2038,0.1127
Q8Y9S7,serotonin,Tri,0,0.0231,0.0345
Q8Y9S7,threonine,Di,0,0.0342,0.0409
Q8Y9S7,threonine,Mono,0,0.0648,0.0529
Q8Y9S7,threonine,Tri,0,0.0067,0.0101
Q8Y9S7,tryptamine,Di,0,0.0038,0.0101
Q8Y9S7,tryptamine,Mono,0,0.001,0.0023
Q8Y9S7,tryptamine,Tri,0,0.0131,0.0137
Q8Y9S7,tyramine,Di,0,0.022,0.0301
Q8Y9S7,tyramine,Mono,0,0.1473,0.0915
Q8Y9S7,tyramine,Tri,0,0.0392,0.0529
R7PBA0,"2,3_diaminopropionic acid",Di,0,0.0363,0.0529
R7PBA0,"2,3_diaminopropionic acid",Mono,0,0.0105,0.0101
R7PBA0,"2,3_diaminopropionic acid",Tri,1,0.0974,0.0915
R7PBA0,2_aminophenol,Di,1,0.9093,0.8636
R7PBA0,2_aminophenol,Mono,0,0.3827,0.2815
R7PBA0,2_aminophenol,Tri,1,0.5159,0.4014
R7PBA0,3_methoxytyramine,Di,1,0.1684,0.1127
R7PBA0,3_methoxytyramine,Mono,0,0.0021,0.0023
R7PBA0,3_methoxytyramine,Tri,0,0.0251,0.0391
R7PBA0,alanine,Di,1,0.898,0.8571
R7PBA0,alanine,Mono,1,0.9165,0.8636
R7PBA0,alanine,Tri,0,0.0843,0.0529
R7PBA0,arginine,Di,0,0.0005,0.0
R7PBA0,arginine,Mono,0,0.0006,0.0
R7PBA0,arginine,Tri,0,0.0004,0.0
R7PBA0,asparagine,Di,0,0.0064,0.0101
R7PBA0,asparagine,Mono,0,0.0106,0.0101
R7PBA0,asparagine,Tri,1,0.7973,0.5287
R7PBA0,cadaverine,Di,0,0.0008,0.0023
R7PBA0,cadaverine,Mono,0,0.0005,0.0
R7PBA0,cadaverine,Tri,0,0.0012,0.0023
R7PBA0,citrulline,Di,0,0.0007,0.0023
R7PBA0,citrulline,Mono,0,0.0007,0.0
R7PBA0,citrulline,Tri,0,0.0001,0.0
R7PBA0,cystine,Di,0,0.0023,0.0101
R7PBA0,cystine,Mono,0,0.0005,0.0
R7PBA0,cystine,Tri,0,0.0011,0.0023
R7PBA0,dopamine,Di,1,0.1696,0.1127
R7PBA0,dopamine,Mono,0,0.0127,0.0137
R7PBA0,dopamine,Tri,1,0.7987,0.7
R7PBA0,gaba,Di,1,0.9513,0.9023
R7PBA0,gaba,Mono,1,0.9604,0.9023
R7PBA0,gaba,Tri,1,0.9424,0.8696
R7PBA0,glutamine,Di,0,0.0025,0.0101
R7PBA0,glutamine,Mono,0,0.2159,0.1127
R7PBA0,glutamine,Tri,0,0.0023,0.0101
R7PBA0,glyglycine,Di,0,0.0021,0.0023
R7PBA0,glyglycine,Mono,0,0.0017,0.0023
R7PBA0,glyglycine,Tri,0,0.0028,0.0101
R7PBA0,histidine,Di,0,0.0002,0.0
R7PBA0,histidine,Mono,0,0.0002,0.0
R7PBA0,histidine,Tri,0,0.0003,0.0
R7PBA0,lysine,Di,0,0.0052,0.0101
R7PBA0,lysine,Mono,0,0.0029,0.0101
R7PBA0,lysine,Tri,0,0.0003,0.0
R7PBA0,methionine,Di,0,0.0033,0.0101
R7PBA0,methionine,Mono,0,0.0097,0.0101
R7PBA0,methionine,Tri,0,0.0015,0.0023
R7PBA0,ornithine,Di,1,0.0364,0.0529
R7PBA0,ornithine,Mono,1,0.0421,0.0529
R7PBA0,ornithine,Tri,0,0.0024,0.0101
R7PBA0,phenylalanine,Di,1,0.8726,0.7
R7PBA0,phenylalanine,Mono,0,0.0592,0.0529
R7PBA0,phenylalanine,Tri,1,0.8497,0.7
R7PBA0,proline,Di,0,0.0009,0.0023
R7PBA0,proline,Mono,0,0.0019,0.0023
R7PBA0,proline,Tri,0,0.0124,0.0114
R7PBA0,putrescine,Di,0,0.0009,0.0023
R7PBA0,putrescine,Mono,0,0.0005,0.0
R7PBA0,putrescine,Tri,0,0.0014,0.0023
R7PBA0,serine,Di,0,0.0093,0.0101
R7PBA0,serine,Mono,1,0.0427,0.0529
R7PBA0,serine,Tri,0,0.0078,0.0101
R7PBA0,serotonin,Di,0,0.0036,0.0101
R7PBA0,serotonin,Mono,1,0.1011,0.0915
R7PBA0,serotonin,Tri,0,0.003,0.0101
R7PBA0,threonine,Di,0,0.0008,0.0023
R7PBA0,threonine,Mono,0,0.0062,0.0101
R7PBA0,threonine,Tri,0,0.0001,0.0
R7PBA0,tryptamine,Di,0,0.0015,0.0023
R7PBA0,tryptamine,Mono,0,0.0006,0.0
R7PBA0,tryptamine,Tri,0,0.0029,0.0101
R7PBA0,tyramine,Di,0,0.0043,0.0101
R7PBA0,tyramine,Mono,0,0.0243,0.0391
R7PBA0,tyramine,Tri,0,0.0034,0.0101
U2D571,"2,3_diaminopropionic acid",Di,0,0.316,0.2692
U2D571,"2,3_diaminopropionic acid",Mono,0,0.1345,0.0915
U2D571,"2,3_diaminopropionic acid",Tri,0,0.8626,0.7
U2D571,2_aminophenol,Di,0,0.9652,0.9023
U2D571,2_aminophenol,Mono,0,0.6411,0.5
U2D571,2_aminophenol,Tri,1,0.9014,0.8571
U2D571,3_methoxytyramine,Di,0,0.2391,0.1757
U2D571,3_methoxytyramine,Mono,0,0.0246,0.0391
U2D571,3_methoxytyramine,Tri,0,0.1627,0.1127
U2D571,alanine,Di,1,0.9946,0.9214
U2D571,alanine,Mono,1,0.9911,0.9214
U2D571,alanine,Tri,0,0.9176,0.8636
U2D571,arginine,Di,0,0.0793,0.0529
U2D571,arginine,Mono,0,0.0246,0.0391
U2D571,arginine,Tri,0,0.1325,0.0915
U2D571,asparagine,Di,0,0.1883,0.1127
U2D571,asparagine,Mono,0,0.1395,0.0915
U2D571,asparagine,Tri,1,0.9685,0.9082
U2D571,cadaverine,Di,0,0.0115,0.0114
U2D571,cadaverine,Mono,0,0.0042,0.0101
U2D571,cadaverine,Tri,0,0.0341,0.0409
U2D571,citrulline,Di,0,0.2942,0.2692
U2D571,citrulline,Mono,0,0.0764,0.0529
U2D571,citrulline,Tri,0,0.0978,0.0915
U2D571,cystine,Di,0,0.0732,0.0529
U2D571,cystine,Mono,0,0.0175,0.0202
U2D571,cystine,Tri,0,0.0948,0.0714
U2D571,dopamine,Di,0,0.4188,0.2815
U2D571,dopamine,Mono,0,0.0998,0.0915
U2D571,dopamine,Tri,1,0.9316,0.8636
U2D571,gaba,Di,1,0.9936,0.9214
U2D571,gaba,Mono,1,0.9924,0.9214
U2D571,gaba,Tri,1,0.9947,0.9214
U2D571,glutamine,Di,0,0.5323,0.4014
U2D571,glutamine,Mono,1,0.867,0.7
U2D571,glutamine,Tri,0,0.3595,0.2815
U2D571,glyglycine,Di,0,0.0532,0.0529
U2D571,glyglycine,Mono,0,0.029,0.0391
U2D571,glyglycine,Tri,0,0.109,0.0915
U2D571,histidine,Di,0,0.0098,0.0101
U2D571,histidine,Mono,0,0.0046,0.0101
U2D571,histidine,Tri,0,0.0276,0.0391
U2D571,lysine,Di,0,0.6875,0.5287
U2D571,lysine,Mono,0,0.2371,0.1455
U2D571,lysine,Tri,0,0.1713,0.1127
U2D571,methionine,Di,0,0.6319,0.4857
U2D571,methionine,Mono,0,0.5383,0.4014
U2D571,methionine,Tri,0,0.5541,0.4014
U2D571,ornithine,Di,0,0.5576,0.4014
U2D571,ornithine,Mono,0,0.2594,0.1757
U2D571,ornithine,Tri,0,0.1594,0.1127
U2D571,phenylalanine,Di,1,0.9903,0.9214
U2D571,phenylalanine,Mono,0,0.7028,0.5287
U2D571,phenylalanine,Tri,1,0.9928,0.9214
U2D571,proline,Di,0,0.0219,0.0301
U2D571,proline,Mono,0,0.0189,0.0202
U2D571,proline,Tri,0,0.0826,0.0529
U2D571,putrescine,Di,0,0.0114,0.0114
U2D571,putrescine,Mono,0,0.004,0.0101
U2D571,putrescine,Tri,0,0.0328,0.0409
U2D571,serine,Di,0,0.7408,0.5287
U2D571,serine,Mono,0,0.8175,0.7
U2D571,serine,Tri,0,0.6932,0.5287
U2D571,serotonin,Di,0,0.0335,0.0409
U2D571,serotonin,Mono,0,0.5031,0.4014
U2D571,serotonin,Tri,0,0.0413,0.0529
U2D571,threonine,Di,0,0.4958,0.4014
U2D571,threonine,Mono,0,0.6134,0.4706
U2D571,threonine,Tri,0,0.0536,0.0529
U2D571,tryptamine,Di,0,0.004,0.0101
U2D571,tryptamine,Mono,0,0.001,0.0023
U2D571,tryptamine,Tri,0,0.0128,0.0137
U2D571,tyramine,Di,0,0.0762,0.0529
U2D571,tyramine,Mono,0,0.6309,0.4857
U2D571,tyramine,Tri,0,0.0932,0.0714
