accession,amine,core,leaving_group,parent,score
A0A069S9I0,"2,3_diaminopropionic acid",Mono,glycine,GLCA,0.23023304343223572
A0A069S9I0,"2,3_diaminopropionic acid",Mono,taurine,TLCA,0.35416293144226074
A0A069S9I0,"2,3_diaminopropionic acid",Di,glycine,GDCA,0.3776766061782837
A0A069S9I0,"2,3_diaminopropionic acid",Di,taurine,TDCA,0.34271547198295593
A0A069S9I0,"2,3_diaminopropionic acid",Tri,glycine,GCA,0.3642639219760895
A0A069S9I0,"2,3_diaminopropionic acid",Tri,taurine,TCA,0.3258652687072754
A0A069S9I0,3_methoxytyramine,Mono,glycine,GLCA,0.08578111231327057
A0A069S9I0,3_methoxytyramine,Mono,taurine,TLCA,0.1279408484697342
A0A069S9I0,3_methoxytyramine,Di,glycine,GDCA,0.14871010184288025
A0A069S9I0,3_methoxytyramine,Di,taurine,TDCA,0.0449695885181427
A0A069S9I0,3_methoxytyramine,Tri,glycine,GCA,0.110552579164505
A0A069S9I0,3_methoxytyramine,Tri,taurine,TCA,0.05681005120277405
A0A069S9I0,asparagine,Mono,glycine,GLCA,0.21799920499324799
A0A069S9I0,asparagine,Mono,taurine,TLCA,0.4387163519859314
A0A069S9I0,asparagine,Di,glycine,GDCA,0.28243687748908997
A0A069S9I0,asparagine,Di,taurine,TDCA,0.35438352823257446
A0A069S9I0,asparagine,Tri,glycine,GCA,0.28822746872901917
A0A069S9I0,asparagine,Tri,taurine,TCA,0.32834863662719727
A0A069S9I0,proline,Mono,glycine,GLCA,0.30278265476226807
A0A069S9I0,proline,Mono,taurine,TLCA,0.4451291561126709
A0A069S9I0,proline,Di,glycine,GDCA,0.2593889832496643
A0A069S9I0,proline,Di,taurine,TDCA,0.2454804927110672
A0A069S9I0,proline,Tri,glycine,GCA,0.26917874813079834
A0A069S9I0,proline,Tri,taurine,TCA,0.19604025781154633
A0A069S9I0,dopamine,Mono,glycine,GLCA,0.1812131106853485
A0A069S9I0,dopamine,Mono,taurine,TLCA,0.28236496448516846
A0A069S9I0,dopamine,Di,glycine,GDCA,0.24272450804710388
A0A069S9I0,dopamine,Di,taurine,TDCA,0.21422243118286133
A0A069S9I0,dopamine,Tri,glycine,GCA,0.2509877681732178
A0A069S9I0,dopamine,Tri,taurine,TCA,0.1964697241783142
A0A069S9I0,gaba,Mono,glycine,GLCA,0.18711934983730316
A0A069S9I0,gaba,Mono,taurine,TLCA,0.23554719984531403
A0A069S9I0,gaba,Di,glycine,GDCA,0.22676703333854675
A0A069S9I0,gaba,Di,taurine,TDCA,0.17904505133628845
A0A069S9I0,gaba,Tri,glycine,GCA,0.25934845209121704
A0A069S9I0,gaba,Tri,taurine,TCA,0.195380300283432
A0A069S9I0,glyglycine,Mono,glycine,GLCA,0.1741313487291336
A0A069S9I0,glyglycine,Mono,taurine,TLCA,0.18398785591125488
A0A069S9I0,glyglycine,Di,glycine,GDCA,0.16111257672309875
A0A069S9I0,glyglycine,Di,taurine,TDCA,0.08736792206764221
A0A069S9I0,glyglycine,Tri,glycine,GCA,0.1308538317680359
A0A069S9I0,glyglycine,Tri,taurine,TCA,0.06982915103435516
A0A069S9I0,alanine,Mono,glycine,GLCA,0.21259555220603943
A0A069S9I0,alanine,Mono,taurine,TLCA,0.2796732485294342
A0A069S9I0,alanine,Di,glycine,GDCA,0.23108644783496857
A0A069S9I0,alanine,Di,taurine,TDCA,0.14431460201740265
A0A069S9I0,alanine,Tri,glycine,GCA,0.21460294723510742
A0A069S9I0,alanine,Tri,taurine,TCA,0.185682475566864
A0A069S9I0,arginine,Mono,glycine,GLCA,0.13596400618553162
A0A069S9I0,arginine,Mono,taurine,TLCA,0.3300096392631531
A0A069S9I0,arginine,Di,glycine,GDCA,0.20824182033538818
A0A069S9I0,arginine,Di,taurine,TDCA,0.22527289390563965
A0A069S9I0,arginine,Tri,glycine,GCA,0.2739918828010559
A0A069S9I0,arginine,Tri,taurine,TCA,0.22669054567813873
A0A069S9I0,citrulline,Mono,glycine,GLCA,0.28809094429016113
A0A069S9I0,citrulline,Mono,taurine,TLCA,0.4655882716178894
A0A069S9I0,citrulline,Di,glycine,GDCA,0.3281242847442627
A0A069S9I0,citrulline,Di,taurine,TDCA,0.3650952875614166
A0A069S9I0,citrulline,Tri,glycine,GCA,0.33969834446907043
A0A069S9I0,citrulline,Tri,taurine,TCA,0.33992984890937805
A0A069S9I0,glutamine,Mono,glycine,GLCA,0.2452087104320526
A0A069S9I0,glutamine,Mono,taurine,TLCA,0.4468378722667694
A0A069S9I0,glutamine,Di,glycine,GDCA,0.37458091974258423
A0A069S9I0,glutamine,Di,taurine,TDCA,0.4287235736846924
A0A069S9I0,glutamine,Tri,glycine,GCA,0.3152710497379303
A0A069S9I0,glutamine,Tri,taurine,TCA,0.34345000982284546
A0A069S9I0,histidine,Mono,glycine,GLCA,0.2765386402606964
A0A069S9I0,histidine,Mono,taurine,TLCA,0.4906160235404968
A0A069S9I0,histidine,Di,glycine,GDCA,0.31151339411735535
A0A069S9I0,histidine,Di,taurine,TDCA,0.40661004185676575
A0A069S9I0,histidine,Tri,glycine,GCA,0.3323533236980438
A0A069S9I0,histidine,Tri,taurine,TCA,0.4236378073692322
A0A069S9I0,lysine,Mono,glycine,GLCA,0.2086067944765091
A0A069S9I0,lysine,Mono,taurine,TLCA,0.23057302832603455
A0A069S9I0,lysine,Di,glycine,GDCA,0.2650810182094574
A0A069S9I0,lysine,Di,taurine,TDCA,0.22568285465240479
A0A069S9I0,lysine,Tri,glycine,GCA,0.2860795855522156
A0A069S9I0,lysine,Tri,taurine,TCA,0.22584527730941772
A0A069S9I0,methionine,Mono,glycine,GLCA,0.1776023805141449
A0A069S9I0,methionine,Mono,taurine,TLCA,0.2555900514125824
A0A069S9I0,methionine,Di,glycine,GDCA,0.18360279500484467
A0A069S9I0,methionine,Di,taurine,TDCA,0.1578330099582672
A0A069S9I0,methionine,Tri,glycine,GCA,0.1998092532157898
A0A069S9I0,methionine,Tri,taurine,TCA,0.212809219956398
A0A069S9I0,ornithine,Mono,glycine,GLCA,0.19776582717895508
A0A069S9I0,ornithine,Mono,taurine,TLCA,0.22401978075504303
A0A069S9I0,ornithine,Di,glycine,GDCA,0.2526951730251312
A0A069S9I0,ornithine,Di,taurine,TDCA,0.21757349371910095
A0A069S9I0,ornithine,Tri,glycine,GCA,0.3085457682609558
A0A069S9I0,ornithine,Tri,taurine,TCA,0.24385201930999756
A0A069S9I0,phenylalanine,Mono,glycine,GLCA,0.2965370714664459
A0A069S9I0,phenylalanine,Mono,taurine,TLCA,0.48692166805267334
A0A069S9I0,phenylalanine,Di,glycine,GDCA,0.36851948499679565
A0A069S9I0,phenylalanine,Di,taurine,TDCA,0.44375884532928467
A0A069S9I0,phenylalanine,Tri,glycine,GCA,0.3439970016479492
A0A069S9I0,phenylalanine,Tri,taurine,TCA,0.38899892568588257
A0A069S9I0,serine,Mono,glycine,GLCA,0.2913270592689514
A0A069S9I0,serine,Mono,taurine,TLCA,0.4268478751182556
A0A069S9I0,serine,Di,glycine,GDCA,0.3487701416015625
A0A069S9I0,serine,Di,taurine,TDCA,0.4212866723537445
A0A069S9I0,serine,Tri,glycine,GCA,0.36364972591400146
A0A069S9I0,serine,Tri,taurine,TCA,0.3480125069618225
A0A069S9I0,threonine,Mono,glycine,GLCA,0.29300329089164734
A0A069S9I0,threonine,Mono,taurine,TLCA,0.48754429817199707
A0A069S9I0,threonine,Di,glycine,GDCA,0.4071403741836548
A0A069S9I0,threonine,Di,taurine,TDCA,0.4403318762779236
A0A069S9I0,threonine,Tri,glycine,GCA,0.34503501653671265
A0A069S9I0,threonine,Tri,taurine,TCA,0.37661200761795044
A0A069S9I0,tryptamine,Mono,glycine,GLCA,0.19005833566188812
A0A069S9I0,tryptamine,Mono,taurine,TLCA,0.2259080559015274
A0A069S9I0,tryptamine,Di,glycine,GDCA,0.254497230052948
A0A069S9I0,tryptamine,Di,taurine,TDCA,0.23000793159008026
A0A069S9I0,tryptamine,Tri,glycine,GCA,0.27155303955078125
A0A069S9I0,tryptamine,Tri,taurine,TCA,0.20744484663009644
A0A069S9I0,cadaverine,Mono,glycine,GLCA,0.23192694783210754
A0A069S9I0,cadaverine,Mono,taurine,TLCA,0.21230162680149078
A0A069S9I0,cadaverine,Di,glycine,GDCA,0.2600436210632324
A0A069S9I0,cadaverine,Di,taurine,TDCA,0.20003318786621094
A0A069S9I0,cadaverine,Tri,glycine,GCA,0.27031219005584717
A0A069S9I0,cadaverine,Tri,taurine,TCA,0.20704615116119385
A0A069S9I0,putrescine,Mono,glycine,GLCA,0.2504451274871826
A0A069S9I0,putrescine,Mono,taurine,TLCA,0.28215354681015015
A0A069S9I0,putrescine,Di,glycine,GDCA,0.27455711364746094
A0A069S9I0,putrescine,Di,taurine,TDCA,0.22897735238075256
A0A069S9I0,putrescine,Tri,glycine,GCA,0.24574150145053864
A0A069S9I0,putrescine,Tri,taurine,TCA,0.2063969075679779
A0A069S9I0,2_aminophenol,Mono,glycine,GLCA,0.26721712946891785
A0A069S9I0,2_aminophenol,Mono,taurine,TLCA,0.3746187686920166
A0A069S9I0,2_aminophenol,Di,glycine,GDCA,0.38284721970558167
A0A069S9I0,2_aminophenol,Di,taurine,TDCA,0.39661431312561035
A0A069S9I0,2_aminophenol,Tri,glycine,GCA,0.3328300416469574
A0A069S9I0,2_aminophenol,Tri,taurine,TCA,0.3236725926399231
A0A069S9I0,serotonin,Mono,glycine,GLCA,0.18976202607154846
A0A069S9I0,serotonin,Mono,taurine,TLCA,0.30482831597328186
A0A069S9I0,serotonin,Di,glycine,GDCA,0.29459258913993835
A0A069S9I0,serotonin,Di,taurine,TDCA,0.26562026143074036
A0A069S9I0,serotonin,Tri,glycine,GCA,0.32683587074279785
A0A069S9I0,serotonin,Tri,taurine,TCA,0.2747020721435547
A0A069S9I0,tyramine,Mono,glycine,GLCA,0.236165389418602
A0A069S9I0,tyramine,Mono,taurine,TLCA,0.2669733166694641
A0A069S9I0,tyramine,Di,glycine,GDCA,0.3089808523654938
A0A069S9I0,tyramine,Di,taurine,TDCA,0.24433577060699463
A0A069S9I0,tyramine,Tri,glycine,GCA,0.2824820280075073
A0A069S9I0,tyramine,Tri,taurine,TCA,0.2358856201171875
A0A069S9I0,cystine,Mono,glycine,GLCA,0.16989094018936157
A0A069S9I0,cystine,Mono,taurine,TLCA,0.3207051157951355
A0A069S9I0,cystine,Di,glycine,GDCA,0.22018368542194366
A0A069S9I0,cystine,Di,taurine,TDCA,0.1415521800518036
A0A069S9I0,cystine,Tri,glycine,GCA,0.24230286478996277
A0A069S9I0,cystine,Tri,taurine,TCA,0.1691954880952835
A0A078S2R5,"2,3_diaminopropionic acid",Mono,glycine,GLCA,0.24326378107070923
A0A078S2R5,"2,3_diaminopropionic acid",Mono,taurine,TLCA,0.37635576725006104
A0A078S2R5,"2,3_diaminopropionic acid",Di,glycine,GDCA,0.3525920808315277
A0A078S2R5,"2,3_diaminopropionic acid",Di,taurine,TDCA,0.32195764780044556
A0A078S2R5,"2,3_diaminopropionic acid",Tri,glycine,GCA,0.3414335250854492
A0A078S2R5,"2,3_diaminopropionic acid",Tri,taurine,TCA,0.3038010895252228
A0A078S2R5,3_methoxytyramine,Mono,glycine,GLCA,0.05995490401983261
A0A078S2R5,3_methoxytyramine,Mono,taurine,TLCA,0.1033884584903717
A0A078S2R5,3_methoxytyramine,Di,glycine,GDCA,0.12633302807807922
A0A078S2R5,3_methoxytyramine,Di,taurine,TDCA,0.013636857271194458
A0A078S2R5,3_methoxytyramine,Tri,glycine,GCA,0.0698663592338562
A0A078S2R5,3_methoxytyramine,Tri,taurine,TCA,0.02747327834367752
A0A078S2R5,asparagine,Mono,glycine,GLCA,0.2526032328605652
A0A078S2R5,asparagine,Mono,taurine,TLCA,0.48294126987457275
A0A078S2R5,asparagine,Di,glycine,GDCA,0.28567177057266235
A0A078S2R5,asparagine,Di,taurine,TDCA,0.3662763833999634
A0A078S2R5,asparagine,Tri,glycine,GCA,0.2905104160308838
A0A078S2R5,asparagine,Tri,taurine,TCA,0.3389020562171936
A0A078S2R5,proline,Mono,glycine,GLCA,0.31132081151008606
A0A078S2R5,proline,Mono,taurine,TLCA,0.4506731629371643
A0A078S2R5,proline,Di,glycine,GDCA,0.24170133471488953
A0A078S2R5,proline,Di,taurine,TDCA,0.20284169912338257
A0A078S2R5,proline,Tri,glycine,GCA,0.24131262302398682
A0A078S2R5,proline,Tri,taurine,TCA,0.1768290400505066
A0A078S2R5,dopamine,Mono,glycine,GLCA,0.15452605485916138
A0A078S2R5,dopamine,Mono,taurine,TLCA,0.26797205209732056
A0A078S2R5,dopamine,Di,glycine,GDCA,0.20327919721603394
A0A078S2R5,dopamine,Di,taurine,TDCA,0.1663261353969574
A0A078S2R5,dopamine,Tri,glycine,GCA,0.19572654366493225
A0A078S2R5,dopamine,Tri,taurine,TCA,0.15199220180511475
A0A078S2R5,gaba,Mono,glycine,GLCA,0.20194125175476074
A0A078S2R5,gaba,Mono,taurine,TLCA,0.2756071984767914
A0A078S2R5,gaba,Di,glycine,GDCA,0.21855968236923218
A0A078S2R5,gaba,Di,taurine,TDCA,0.16981816291809082
A0A078S2R5,gaba,Tri,glycine,GCA,0.2361127734184265
A0A078S2R5,gaba,Tri,taurine,TCA,0.17749294638633728
A0A078S2R5,glyglycine,Mono,glycine,GLCA,0.19509321451187134
A0A078S2R5,glyglycine,Mono,taurine,TLCA,0.19319596886634827
A0A078S2R5,glyglycine,Di,glycine,GDCA,0.1723116636276245
A0A078S2R5,glyglycine,Di,taurine,TDCA,0.09191478788852692
A0A078S2R5,glyglycine,Tri,glycine,GCA,0.0987316220998764
A0A078S2R5,glyglycine,Tri,taurine,TCA,0.048365719616413116
A0A078S2R5,alanine,Mono,glycine,GLCA,0.2397342324256897
A0A078S2R5,alanine,Mono,taurine,TLCA,0.3161824345588684
A0A078S2R5,alanine,Di,glycine,GDCA,0.23176255822181702
A0A078S2R5,alanine,Di,taurine,TDCA,0.1479613184928894
A0A078S2R5,alanine,Tri,glycine,GCA,0.2047216147184372
A0A078S2R5,alanine,Tri,taurine,TCA,0.18939901888370514
A0A078S2R5,arginine,Mono,glycine,GLCA,0.15484406054019928
A0A078S2R5,arginine,Mono,taurine,TLCA,0.3500056862831116
A0A078S2R5,arginine,Di,glycine,GDCA,0.1949293464422226
A0A078S2R5,arginine,Di,taurine,TDCA,0.2263561636209488
A0A078S2R5,arginine,Tri,glycine,GCA,0.258987158536911
A0A078S2R5,arginine,Tri,taurine,TCA,0.22818179428577423
A0A078S2R5,citrulline,Mono,glycine,GLCA,0.2998262345790863
A0A078S2R5,citrulline,Mono,taurine,TLCA,0.4772389829158783
A0A078S2R5,citrulline,Di,glycine,GDCA,0.2966054081916809
A0A078S2R5,citrulline,Di,taurine,TDCA,0.33865129947662354
A0A078S2R5,citrulline,Tri,glycine,GCA,0.30052271485328674
A0A078S2R5,citrulline,Tri,taurine,TCA,0.30903929471969604
A0A078S2R5,glutamine,Mono,glycine,GLCA,0.2763548195362091
A0A078S2R5,glutamine,Mono,taurine,TLCA,0.4933009445667267
A0A078S2R5,glutamine,Di,glycine,GDCA,0.36867931485176086
A0A078S2R5,glutamine,Di,taurine,TDCA,0.42359641194343567
A0A078S2R5,glutamine,Tri,glycine,GCA,0.3003755211830139
A0A078S2R5,glutamine,Tri,taurine,TCA,0.3469386696815491
A0A078S2R5,histidine,Mono,glycine,GLCA,0.2937065362930298
A0A078S2R5,histidine,Mono,taurine,TLCA,0.542474627494812
A0A078S2R5,histidine,Di,glycine,GDCA,0.3138468861579895
A0A078S2R5,histidine,Di,taurine,TDCA,0.4106382727622986
A0A078S2R5,histidine,Tri,glycine,GCA,0.3112320601940155
A0A078S2R5,histidine,Tri,taurine,TCA,0.42377033829689026
A0A078S2R5,lysine,Mono,glycine,GLCA,0.2215968519449234
A0A078S2R5,lysine,Mono,taurine,TLCA,0.2546197772026062
A0A078S2R5,lysine,Di,glycine,GDCA,0.2548952102661133
A0A078S2R5,lysine,Di,taurine,TDCA,0.2257882058620453
A0A078S2R5,lysine,Tri,glycine,GCA,0.26344284415245056
A0A078S2R5,lysine,Tri,taurine,TCA,0.22545623779296875
A0A078S2R5,methionine,Mono,glycine,GLCA,0.2042401283979416
A0A078S2R5,methionine,Mono,taurine,TLCA,0.2882480323314667
A0A078S2R5,methionine,Di,glycine,GDCA,0.16672039031982422
A0A078S2R5,methionine,Di,taurine,TDCA,0.14712052047252655
A0A078S2R5,methionine,Tri,glycine,GCA,0.16927960515022278
A0A078S2R5,methionine,Tri,taurine,TCA,0.1915692389011383
A0A078S2R5,ornithine,Mono,glycine,GLCA,0.21049360930919647
A0A078S2R5,ornithine,Mono,taurine,TLCA,0.24598899483680725
A0A078S2R5,ornithine,Di,glycine,GDCA,0.23805062472820282
A0A078S2R5,ornithine,Di,taurine,TDCA,0.20746532082557678
A0A078S2R5,ornithine,Tri,glycine,GCA,0.2866430878639221
A0A078S2R5,ornithine,Tri,taurine,TCA,0.233729749917984
A0A078S2R5,phenylalanine,Mono,glycine,GLCA,0.3304193615913391
A0A078S2R5,phenylalanine,Mono,taurine,TLCA,0.5333130359649658
A0A078S2R5,phenylalanine,Di,glycine,GDCA,0.37321022152900696
A0A078S2R5,phenylalanine,Di,taurine,TDCA,0.45340195298194885
A0A078S2R5,phenylalanine,Tri,glycine,GCA,0.33453503251075745
A0A078S2R5,phenylalanine,Tri,taurine,TCA,0.3947093188762665
A0A078S2R5,serine,Mono,glycine,GLCA,0.3311954736709595
A0A078S2R5,serine,Mono,taurine,TLCA,0.4829699993133545
A0A078S2R5,serine,Di,glycine,GDCA,0.3388431966304779
A0A078S2R5,serine,Di,taurine,TDCA,0.4218319356441498
A0A078S2R5,serine,Tri,glycine,GCA,0.3419342041015625
A0A078S2R5,serine,Tri,taurine,TCA,0.34840482473373413
A0A078S2R5,threonine,Mono,glycine,GLCA,0.3056938052177429
A0A078S2R5,threonine,Mono,taurine,TLCA,0.49091866612434387
A0A078S2R5,threonine,Di,glycine,GDCA,0.37695053219795227
A0A078S2R5,threonine,Di,taurine,TDCA,0.4212624728679657
A0A078S2R5,threonine,Tri,glycine,GCA,0.3047284781932831
A0A078S2R5,threonine,Tri,taurine,TCA,0.34484410285949707
A0A078S2R5,tryptamine,Mono,glycine,GLCA,0.16599488258361816
A0A078S2R5,tryptamine,Mono,taurine,TLCA,0.18600910902023315
A0A078S2R5,tryptamine,Di,glycine,GDCA,0.20034417510032654
A0A078S2R5,tryptamine,Di,taurine,TDCA,0.18573297560214996
A0A078S2R5,tryptamine,Tri,glycine,GCA,0.20183001458644867
A0A078S2R5,tryptamine,Tri,taurine,TCA,0.15801259875297546
A0A078S2R5,cadaverine,Mono,glycine,GLCA,0.2427484691143036
A0A078S2R5,cadaverine,Mono,taurine,TLCA,0.26103508472442627
A0A078S2R5,cadaverine,Di,glycine,GDCA,0.2549327611923218
A0A078S2R5,cadaverine,Di,taurine,TDCA,0.20394280552864075
A0A078S2R5,cadaverine,Tri,glycine,GCA,0.25803786516189575
A0A078S2R5,cadaverine,Tri,taurine,TCA,0.20570486783981323
A0A078S2R5,putrescine,Mono,glycine,GLCA,0.24863684177398682
A0A078S2R5,putrescine,Mono,taurine,TLCA,0.3247418701648712
A0A078S2R5,putrescine,Di,glycine,GDCA,0.25981229543685913
A0A078S2R5,putrescine,Di,taurine,TDCA,0.21615242958068848
A0A078S2R5,putrescine,Tri,glycine,GCA,0.22589340806007385
A0A078S2R5,putrescine,Tri,taurine,TCA,0.1974658966064453
A0A078S2R5,2_aminophenol,Mono,glycine,GLCA,0.27575090527534485
A0A078S2R5,2_aminophenol,Mono,taurine,TLCA,0.3926696181297302
A0A078S2R5,2_aminophenol,Di,glycine,GDCA,0.352544367313385
A0A078S2R5,2_aminophenol,Di,taurine,TDCA,0.3764899969100952
A0A078S2R5,2_aminophenol,Tri,glycine,GCA,0.3048408031463623
A0A078S2R5,2_aminophenol,Tri,taurine,TCA,0.3082427382469177
A0A078S2R5,serotonin,Mono,glycine,GLCA,0.15839125216007233
A0A078S2R5,serotonin,Mono,taurine,TLCA,0.2694586217403412
A0A078S2R5,serotonin,Di,glycine,GDCA,0.24415093660354614
A0A078S2R5,serotonin,Di,taurine,TDCA,0.22382675111293793
A0A078S2R5,serotonin,Tri,glycine,GCA,0.2688298225402832
A0A078S2R5,serotonin,Tri,taurine,TCA,0.23463410139083862
A0A078S2R5,tyramine,Mono,glycine,GLCA,0.20699527859687805
A0A078S2R5,tyramine,Mono,taurine,TLCA,0.24872811138629913
A0A078S2R5,tyramine,Di,glycine,GDCA,0.2512547969818115
A0A078S2R5,tyramine,Di,taurine,TDCA,0.18990276753902435
A0A078S2R5,tyramine,Tri,glycine,GCA,0.22561383247375488
A0A078S2R5,tyramine,Tri,taurine,TCA,0.19897779822349548
A0A078S2R5,cystine,Mono,glycine,GLCA,0.18385687470436096
A0A078S2R5,cystine,Mono,taurine,TLCA,0.34487593173980713
A0A078S2R5,cystine,Di,glycine,GDCA,0.20280340313911438
A0A078S2R5,cystine,Di,taurine,TDCA,0.12376940250396729
A0A078S2R5,cystine,Tri,glycine,GCA,0.2181103229522705
A0A078S2R5,cystine,Tri,taurine,TCA,0.1593192219734192
A0A096B1U0,"2,3_diaminopropionic acid",Mono,glycine,GLCA,0.21002350747585297
A0A096B1U0,"2,3_diaminopropionic acid",Mono,taurine,TLCA,0.35302191972732544
A0A096B1U0,"2,3_diaminopropionic acid",Di,glycine,GDCA,0.2241746038198471
A0A096B1U0,"2,3_diaminopropionic acid",Di,taurine,TDCA,0.2807004153728485
A0A096B1U0,"2,3_diaminopropionic acid",Tri,glycine,GCA,0.22820967435836792
A0A096B1U0,"2,3_diaminopropionic acid",Tri,taurine,TCA,0.2139706015586853
A0A096B1U0,3_methoxytyramine,Mono,glycine,GLCA,0.05283103883266449
A0A096B1U0,3_methoxytyramine,Mono,taurine,TLCA,0.09280407428741455
A0A096B1U0,3_methoxytyramine,Di,glycine,GDCA,0.15114691853523254
A0A096B1U0,3_methoxytyramine,Di,taurine,TDCA,0.0841555967926979
A0A096B1U0,3_methoxytyramine,Tri,glycine,GCA,0.07714797556400299
A0A096B1U0,3_methoxytyramine,Tri,taurine,TCA,0.053529080003499985
A0A096B1U0,asparagine,Mono,glycine,GLCA,0.16028113663196564
A0A096B1U0,asparagine,Mono,taurine,TLCA,0.3602706491947174
A0A096B1U0,asparagine,Di,glycine,GDCA,0.14876222610473633
A0A096B1U0,asparagine,Di,taurine,TDCA,0.23294797539710999
A0A096B1U0,asparagine,Tri,glycine,GCA,0.1611122041940689
A0A096B1U0,asparagine,Tri,taurine,TCA,0.20982912182807922
A0A096B1U0,proline,Mono,glycine,GLCA,0.22977542877197266
A0A096B1U0,proline,Mono,taurine,TLCA,0.3759692907333374
A0A096B1U0,proline,Di,glycine,GDCA,0.11778818070888519
A0A096B1U0,proline,Di,taurine,TDCA,0.14407271146774292
A0A096B1U0,proline,Tri,glycine,GCA,0.1419631689786911
A0A096B1U0,proline,Tri,taurine,TCA,0.1350831538438797
A0A096B1U0,dopamine,Mono,glycine,GLCA,0.11024481803178787
A0A096B1U0,dopamine,Mono,taurine,TLCA,0.20455922186374664
A0A096B1U0,dopamine,Di,glycine,GDCA,0.14844660460948944
A0A096B1U0,dopamine,Di,taurine,TDCA,0.15478260815143585
A0A096B1U0,dopamine,Tri,glycine,GCA,0.12655743956565857
A0A096B1U0,dopamine,Tri,taurine,TCA,0.0984869971871376
A0A096B1U0,gaba,Mono,glycine,GLCA,0.16572564840316772
A0A096B1U0,gaba,Mono,taurine,TLCA,0.24194225668907166
A0A096B1U0,gaba,Di,glycine,GDCA,0.1275835633277893
A0A096B1U0,gaba,Di,taurine,TDCA,0.12044379115104675
A0A096B1U0,gaba,Tri,glycine,GCA,0.1272212415933609
A0A096B1U0,gaba,Tri,taurine,TCA,0.10177665203809738
A0A096B1U0,glyglycine,Mono,glycine,GLCA,0.16867822408676147
A0A096B1U0,glyglycine,Mono,taurine,TLCA,0.2060641050338745
A0A096B1U0,glyglycine,Di,glycine,GDCA,0.1976681649684906
A0A096B1U0,glyglycine,Di,taurine,TDCA,0.18439242243766785
A0A096B1U0,glyglycine,Tri,glycine,GCA,0.06465359032154083
A0A096B1U0,glyglycine,Tri,taurine,TCA,0.04618930071592331
A0A096B1U0,alanine,Mono,glycine,GLCA,0.1869051307439804
A0A096B1U0,alanine,Mono,taurine,TLCA,0.3026413321495056
A0A096B1U0,alanine,Di,glycine,GDCA,0.17774531245231628
A0A096B1U0,alanine,Di,taurine,TDCA,0.16919274628162384
A0A096B1U0,alanine,Tri,glycine,GCA,0.16336852312088013
A0A096B1U0,alanine,Tri,taurine,TCA,0.1679316610097885
A0A096B1U0,arginine,Mono,glycine,GLCA,0.1855333149433136
A0A096B1U0,arginine,Mono,taurine,TLCA,0.3337570130825043
A0A096B1U0,arginine,Di,glycine,GDCA,0.19130268692970276
A0A096B1U0,arginine,Di,taurine,TDCA,0.2652812600135803
A0A096B1U0,arginine,Tri,glycine,GCA,0.23852330446243286
A0A096B1U0,arginine,Tri,taurine,TCA,0.2410641610622406
A0A096B1U0,citrulline,Mono,glycine,GLCA,0.2259073704481125
A0A096B1U0,citrulline,Mono,taurine,TLCA,0.3998304605484009
A0A096B1U0,citrulline,Di,glycine,GDCA,0.18152251839637756
A0A096B1U0,citrulline,Di,taurine,TDCA,0.24743466079235077
A0A096B1U0,citrulline,Tri,glycine,GCA,0.1920965313911438
A0A096B1U0,citrulline,Tri,taurine,TCA,0.21686168015003204
A0A096B1U0,glutamine,Mono,glycine,GLCA,0.19066894054412842
A0A096B1U0,glutamine,Mono,taurine,TLCA,0.3768875002861023
A0A096B1U0,glutamine,Di,glycine,GDCA,0.20084330439567566
A0A096B1U0,glutamine,Di,taurine,TDCA,0.2845776379108429
A0A096B1U0,glutamine,Tri,glycine,GCA,0.15512223541736603
A0A096B1U0,glutamine,Tri,taurine,TCA,0.23100844025611877
A0A096B1U0,histidine,Mono,glycine,GLCA,0.17671063542366028
A0A096B1U0,histidine,Mono,taurine,TLCA,0.42790716886520386
A0A096B1U0,histidine,Di,glycine,GDCA,0.19155839085578918
A0A096B1U0,histidine,Di,taurine,TDCA,0.29815930128097534
A0A096B1U0,histidine,Tri,glycine,GCA,0.1557372510433197
A0A096B1U0,histidine,Tri,taurine,TCA,0.2629374861717224
A0A096B1U0,lysine,Mono,glycine,GLCA,0.200742706656456
A0A096B1U0,lysine,Mono,taurine,TLCA,0.22312891483306885
A0A096B1U0,lysine,Di,glycine,GDCA,0.16736668348312378
A0A096B1U0,lysine,Di,taurine,TDCA,0.19361227750778198
A0A096B1U0,lysine,Tri,glycine,GCA,0.17018628120422363
A0A096B1U0,lysine,Tri,taurine,TCA,0.17915739119052887
A0A096B1U0,methionine,Mono,glycine,GLCA,0.1602715253829956
A0A096B1U0,methionine,Mono,taurine,TLCA,0.2643735408782959
A0A096B1U0,methionine,Di,glycine,GDCA,0.11321397125720978
A0A096B1U0,methionine,Di,taurine,TDCA,0.15487238764762878
A0A096B1U0,methionine,Tri,glycine,GCA,0.08866870403289795
A0A096B1U0,methionine,Tri,taurine,TCA,0.14356118440628052
A0A096B1U0,ornithine,Mono,glycine,GLCA,0.1575099676847458
A0A096B1U0,ornithine,Mono,taurine,TLCA,0.193955197930336
A0A096B1U0,ornithine,Di,glycine,GDCA,0.15161332488059998
A0A096B1U0,ornithine,Di,taurine,TDCA,0.16787387430667877
A0A096B1U0,ornithine,Tri,glycine,GCA,0.18837253749370575
A0A096B1U0,ornithine,Tri,taurine,TCA,0.1615770012140274
A0A096B1U0,phenylalanine,Mono,glycine,GLCA,0.21562176942825317
A0A096B1U0,phenylalanine,Mono,taurine,TLCA,0.41989409923553467
A0A096B1U0,phenylalanine,Di,glycine,GDCA,0.2578723430633545
A0A096B1U0,phenylalanine,Di,taurine,TDCA,0.3539605438709259
A0A096B1U0,phenylalanine,Tri,glycine,GCA,0.2169758379459381
A0A096B1U0,phenylalanine,Tri,taurine,TCA,0.2887820899486542
A0A096B1U0,serine,Mono,glycine,GLCA,0.23917439579963684
A0A096B1U0,serine,Mono,taurine,TLCA,0.3988962173461914
A0A096B1U0,serine,Di,glycine,GDCA,0.19663260877132416
A0A096B1U0,serine,Di,taurine,TDCA,0.3258820176124573
A0A096B1U0,serine,Tri,glycine,GCA,0.20502126216888428
A0A096B1U0,serine,Tri,taurine,TCA,0.24984103441238403
A0A096B1U0,threonine,Mono,glycine,GLCA,0.1968667358160019
A0A096B1U0,threonine,Mono,taurine,TLCA,0.35873687267303467
A0A096B1U0,threonine,Di,glycine,GDCA,0.23232266306877136
A0A096B1U0,threonine,Di,taurine,TDCA,0.3395749628543854
A0A096B1U0,threonine,Tri,glycine,GCA,0.1859404742717743
A0A096B1U0,threonine,Tri,taurine,TCA,0.23779913783073425
A0A096B1U0,tryptamine,Mono,glycine,GLCA,0.16578298807144165
A0A096B1U0,tryptamine,Mono,taurine,TLCA,0.1458260416984558
A0A096B1U0,tryptamine,Di,glycine,GDCA,0.15149590373039246
A0A096B1U0,tryptamine,Di,taurine,TDCA,0.1746828854084015
A0A096B1U0,tryptamine,Tri,glycine,GCA,0.17569416761398315
A0A096B1U0,tryptamine,Tri,taurine,TCA,0.13139887154102325
A0A096B1U0,cadaverine,Mono,glycine,GLCA,0.21617215871810913
A0A096B1U0,cadaverine,Mono,taurine,TLCA,0.25487029552459717
A0A096B1U0,cadaverine,Di,glycine,GDCA,0.15286631882190704
A0A096B1U0,cadaverine,Di,taurine,TDCA,0.1862909495830536
A0A096B1U0,cadaverine,Tri,glycine,GCA,0.15747475624084473
A0A096B1U0,cadaverine,Tri,taurine,TCA,0.1485186517238617
A0A096B1U0,putrescine,Mono,glycine,GLCA,0.19767069816589355
A0A096B1U0,putrescine,Mono,taurine,TLCA,0.2813090980052948
A0A096B1U0,putrescine,Di,glycine,GDCA,0.13127146661281586
A0A096B1U0,putrescine,Di,taurine,TDCA,0.15880782902240753
A0A096B1U0,putrescine,Tri,glycine,GCA,0.1246362179517746
A0A096B1U0,putrescine,Tri,taurine,TCA,0.13420650362968445
A0A096B1U0,2_aminophenol,Mono,glycine,GLCA,0.20256394147872925
A0A096B1U0,2_aminophenol,Mono,taurine,TLCA,0.32802614569664
A0A096B1U0,2_aminophenol,Di,glycine,GDCA,0.19233374297618866
A0A096B1U0,2_aminophenol,Di,taurine,TDCA,0.3002818822860718
A0A096B1U0,2_aminophenol,Tri,glycine,GCA,0.19165799021720886
A0A096B1U0,2_aminophenol,Tri,taurine,TCA,0.22574684023857117
A0A096B1U0,serotonin,Mono,glycine,GLCA,0.16650977730751038
A0A096B1U0,serotonin,Mono,taurine,TLCA,0.21709144115447998
A0A096B1U0,serotonin,Di,glycine,GDCA,0.19062002003192902
A0A096B1U0,serotonin,Di,taurine,TDCA,0.2099291980266571
A0A096B1U0,serotonin,Tri,glycine,GCA,0.1956029236316681
A0A096B1U0,serotonin,Tri,taurine,TCA,0.17553849518299103
A0A096B1U0,tyramine,Mono,glycine,GLCA,0.13156287372112274
A0A096B1U0,tyramine,Mono,taurine,TLCA,0.20295478403568268
A0A096B1U0,tyramine,Di,glycine,GDCA,0.20425210893154144
A0A096B1U0,tyramine,Di,taurine,TDCA,0.18436507880687714
A0A096B1U0,tyramine,Tri,glycine,GCA,0.15674661099910736
A0A096B1U0,tyramine,Tri,taurine,TCA,0.1425860971212387
A0A096B1U0,cystine,Mono,glycine,GLCA,0.14136743545532227
A0A096B1U0,cystine,Mono,taurine,TLCA,0.2734209895133972
A0A096B1U0,cystine,Di,glycine,GDCA,0.10620226711034775
A0A096B1U0,cystine,Di,taurine,TDCA,0.09398731589317322
A0A096B1U0,cystine,Tri,glycine,GCA,0.1375780552625656
A0A096B1U0,cystine,Tri,taurine,TCA,0.12417664378881454
A0A096DGB7,"2,3_diaminopropionic acid",Mono,glycine,GLCA,0.24155569076538086
A0A096DGB7,"2,3_diaminopropionic acid",Mono,taurine,TLCA,0.3717125356197357
A0A096DGB7,"2,3_diaminopropionic acid",Di,glycine,GDCA,0.33288073539733887
A0A096DGB7,"2,3_diaminopropionic acid",Di,taurine,TDCA,0.3234812021255493
A0A096DGB7,"2,3_diaminopropionic acid",Tri,glycine,GCA,0.35207781195640564
A0A096DGB7,"2,3_diaminopropionic acid",Tri,taurine,TCA,0.31672000885009766
A0A096DGB7,3_methoxytyramine,Mono,glycine,GLCA,0.10659819841384888
A0A096DGB7,3_methoxytyramine,Mono,taurine,TLCA,0.13360731303691864
A0A096DGB7,3_methoxytyramine,Di,glycine,GDCA,0.16069722175598145
A0A096DGB7,3_methoxytyramine,Di,taurine,TDCA,0.054883383214473724
A0A096DGB7,3_methoxytyramine,Tri,glycine,GCA,0.11290468275547028
A0A096DGB7,3_methoxytyramine,Tri,taurine,TCA,0.06595876812934875
A0A096DGB7,asparagine,Mono,glycine,GLCA,0.22637063264846802
A0A096DGB7,asparagine,Mono,taurine,TLCA,0.42281079292297363
A0A096DGB7,asparagine,Di,glycine,GDCA,0.2461589127779007
A0A096DGB7,asparagine,Di,taurine,TDCA,0.320042222738266
A0A096DGB7,asparagine,Tri,glycine,GCA,0.28225967288017273
A0A096DGB7,asparagine,Tri,taurine,TCA,0.31360796093940735
A0A096DGB7,proline,Mono,glycine,GLCA,0.30747416615486145
A0A096DGB7,proline,Mono,taurine,TLCA,0.4507240951061249
A0A096DGB7,proline,Di,glycine,GDCA,0.247432678937912
A0A096DGB7,proline,Di,taurine,TDCA,0.2307143211364746
A0A096DGB7,proline,Tri,glycine,GCA,0.2736659049987793
A0A096DGB7,proline,Tri,taurine,TCA,0.19752278923988342
A0A096DGB7,dopamine,Mono,glycine,GLCA,0.196040078997612
A0A096DGB7,dopamine,Mono,taurine,TLCA,0.2941759526729584
A0A096DGB7,dopamine,Di,glycine,GDCA,0.23414085805416107
A0A096DGB7,dopamine,Di,taurine,TDCA,0.2051580548286438
A0A096DGB7,dopamine,Tri,glycine,GCA,0.24012702703475952
A0A096DGB7,dopamine,Tri,taurine,TCA,0.18294671177864075
A0A096DGB7,gaba,Mono,glycine,GLCA,0.21938374638557434
A0A096DGB7,gaba,Mono,taurine,TLCA,0.26091521978378296
A0A096DGB7,gaba,Di,glycine,GDCA,0.18498645722866058
A0A096DGB7,gaba,Di,taurine,TDCA,0.14309318363666534
A0A096DGB7,gaba,Tri,glycine,GCA,0.22105465829372406
A0A096DGB7,gaba,Tri,taurine,TCA,0.15650707483291626
A0A096DGB7,glyglycine,Mono,glycine,GLCA,0.19554927945137024
A0A096DGB7,glyglycine,Mono,taurine,TLCA,0.20413628220558167
A0A096DGB7,glyglycine,Di,glycine,GDCA,0.15134389698505402
A0A096DGB7,glyglycine,Di,taurine,TDCA,0.09143742173910141
A0A096DGB7,glyglycine,Tri,glycine,GCA,0.12289001047611237
A0A096DGB7,glyglycine,Tri,taurine,TCA,0.06045881658792496
A0A096DGB7,alanine,Mono,glycine,GLCA,0.23107020556926727
A0A096DGB7,alanine,Mono,taurine,TLCA,0.28168821334838867
A0A096DGB7,alanine,Di,glycine,GDCA,0.2018173784017563
A0A096DGB7,alanine,Di,taurine,TDCA,0.1301354467868805
A0A096DGB7,alanine,Tri,glycine,GCA,0.22497890889644623
A0A096DGB7,alanine,Tri,taurine,TCA,0.20922987163066864
A0A096DGB7,arginine,Mono,glycine,GLCA,0.186436265707016
A0A096DGB7,arginine,Mono,taurine,TLCA,0.3527551591396332
A0A096DGB7,arginine,Di,glycine,GDCA,0.21098434925079346
A0A096DGB7,arginine,Di,taurine,TDCA,0.23849955201148987
A0A096DGB7,arginine,Tri,glycine,GCA,0.28956520557403564
A0A096DGB7,arginine,Tri,taurine,TCA,0.23457571864128113
A0A096DGB7,citrulline,Mono,glycine,GLCA,0.2978384494781494
A0A096DGB7,citrulline,Mono,taurine,TLCA,0.4533597230911255
A0A096DGB7,citrulline,Di,glycine,GDCA,0.2796967923641205
A0A096DGB7,citrulline,Di,taurine,TDCA,0.32158195972442627
A0A096DGB7,citrulline,Tri,glycine,GCA,0.30543720722198486
A0A096DGB7,citrulline,Tri,taurine,TCA,0.29758554697036743
A0A096DGB7,glutamine,Mono,glycine,GLCA,0.2413589060306549
A0A096DGB7,glutamine,Mono,taurine,TLCA,0.43711036443710327
A0A096DGB7,glutamine,Di,glycine,GDCA,0.33643341064453125
A0A096DGB7,glutamine,Di,taurine,TDCA,0.39664289355278015
A0A096DGB7,glutamine,Tri,glycine,GCA,0.2965916097164154
A0A096DGB7,glutamine,Tri,taurine,TCA,0.3390485346317291
A0A096DGB7,histidine,Mono,glycine,GLCA,0.2498733103275299
A0A096DGB7,histidine,Mono,taurine,TLCA,0.48046621680259705
A0A096DGB7,histidine,Di,glycine,GDCA,0.2770785987377167
A0A096DGB7,histidine,Di,taurine,TDCA,0.36683154106140137
A0A096DGB7,histidine,Tri,glycine,GCA,0.2940671443939209
A0A096DGB7,histidine,Tri,taurine,TCA,0.3929794430732727
A0A096DGB7,lysine,Mono,glycine,GLCA,0.2568889558315277
A0A096DGB7,lysine,Mono,taurine,TLCA,0.25187063217163086
A0A096DGB7,lysine,Di,glycine,GDCA,0.2570843994617462
A0A096DGB7,lysine,Di,taurine,TDCA,0.2287788689136505
A0A096DGB7,lysine,Tri,glycine,GCA,0.26785504817962646
A0A096DGB7,lysine,Tri,taurine,TCA,0.21017958223819733
A0A096DGB7,methionine,Mono,glycine,GLCA,0.18939028680324554
A0A096DGB7,methionine,Mono,taurine,TLCA,0.24613304436206818
A0A096DGB7,methionine,Di,glycine,GDCA,0.16100084781646729
A0A096DGB7,methionine,Di,taurine,TDCA,0.14645957946777344
A0A096DGB7,methionine,Tri,glycine,GCA,0.17071107029914856
A0A096DGB7,methionine,Tri,taurine,TCA,0.19209444522857666
A0A096DGB7,ornithine,Mono,glycine,GLCA,0.23520107567310333
A0A096DGB7,ornithine,Mono,taurine,TLCA,0.24635018408298492
A0A096DGB7,ornithine,Di,glycine,GDCA,0.22265756130218506
A0A096DGB7,ornithine,Di,taurine,TDCA,0.20943573117256165
A0A096DGB7,ornithine,Tri,glycine,GCA,0.28498947620391846
A0A096DGB7,ornithine,Tri,taurine,TCA,0.21309912204742432
A0A096DGB7,phenylalanine,Mono,glycine,GLCA,0.2822941839694977
A0A096DGB7,phenylalanine,Mono,taurine,TLCA,0.4819680154323578
A0A096DGB7,phenylalanine,Di,glycine,GDCA,0.328086793422699
A0A096DGB7,phenylalanine,Di,taurine,TDCA,0.39747485518455505
A0A096DGB7,phenylalanine,Tri,glycine,GCA,0.31460878252983093
A0A096DGB7,phenylalanine,Tri,taurine,TCA,0.3678567409515381
A0A096DGB7,serine,Mono,glycine,GLCA,0.29984158277511597
A0A096DGB7,serine,Mono,taurine,TLCA,0.4227319657802582
A0A096DGB7,serine,Di,glycine,GDCA,0.2985265552997589
A0A096DGB7,serine,Di,taurine,TDCA,0.375210165977478
A0A096DGB7,serine,Tri,glycine,GCA,0.34548419713974
A0A096DGB7,serine,Tri,taurine,TCA,0.33456259965896606
A0A096DGB7,threonine,Mono,glycine,GLCA,0.28615784645080566
A0A096DGB7,threonine,Mono,taurine,TLCA,0.45451050996780396
A0A096DGB7,threonine,Di,glycine,GDCA,0.35329633951187134
A0A096DGB7,threonine,Di,taurine,TDCA,0.4002894163131714
A0A096DGB7,threonine,Tri,glycine,GCA,0.3231419026851654
A0A096DGB7,threonine,Tri,taurine,TCA,0.3447163999080658
A0A096DGB7,tryptamine,Mono,glycine,GLCA,0.2076435685157776
A0A096DGB7,tryptamine,Mono,taurine,TLCA,0.20819899439811707
A0A096DGB7,tryptamine,Di,glycine,GDCA,0.24295443296432495
A0A096DGB7,tryptamine,Di,taurine,TDCA,0.21642865240573883
A0A096DGB7,tryptamine,Tri,glycine,GCA,0.25729450583457947
A0A096DGB7,tryptamine,Tri,taurine,TCA,0.1833181530237198
A0A096DGB7,cadaverine,Mono,glycine,GLCA,0.25075623393058777
A0A096DGB7,cadaverine,Mono,taurine,TLCA,0.22121502459049225
A0A096DGB7,cadaverine,Di,glycine,GDCA,0.22204211354255676
A0A096DGB7,cadaverine,Di,taurine,TDCA,0.18503689765930176
A0A096DGB7,cadaverine,Tri,glycine,GCA,0.24798446893692017
A0A096DGB7,cadaverine,Tri,taurine,TCA,0.18538062274456024
A0A096DGB7,putrescine,Mono,glycine,GLCA,0.2706083059310913
A0A096DGB7,putrescine,Mono,taurine,TLCA,0.28764113783836365
A0A096DGB7,putrescine,Di,glycine,GDCA,0.2412518411874771
A0A096DGB7,putrescine,Di,taurine,TDCA,0.19677816331386566
A0A096DGB7,putrescine,Tri,glycine,GCA,0.22554941475391388
A0A096DGB7,putrescine,Tri,taurine,TCA,0.18007032573223114
A0A096DGB7,2_aminophenol,Mono,glycine,GLCA,0.27875563502311707
A0A096DGB7,2_aminophenol,Mono,taurine,TLCA,0.3472896218299866
A0A096DGB7,2_aminophenol,Di,glycine,GDCA,0.32464995980262756
A0A096DGB7,2_aminophenol,Di,taurine,TDCA,0.3473823070526123
A0A096DGB7,2_aminophenol,Tri,glycine,GCA,0.30312904715538025
A0A096DGB7,2_aminophenol,Tri,taurine,TCA,0.2958047688007355
A0A096DGB7,serotonin,Mono,glycine,GLCA,0.20246544480323792
A0A096DGB7,serotonin,Mono,taurine,TLCA,0.28459638357162476
A0A096DGB7,serotonin,Di,glycine,GDCA,0.2608996629714966
A0A096DGB7,serotonin,Di,taurine,TDCA,0.23676887154579163
A0A096DGB7,serotonin,Tri,glycine,GCA,0.2819138765335083
A0A096DGB7,serotonin,Tri,taurine,TCA,0.24724015593528748
A0A096DGB7,tyramine,Mono,glycine,GLCA,0.24694231152534485
A0A096DGB7,tyramine,Mono,taurine,TLCA,0.28111422061920166
A0A096DGB7,tyramine,Di,glycine,GDCA,0.27655571699142456
A0A096DGB7,tyramine,Di,taurine,TDCA,0.22413021326065063
A0A096DGB7,tyramine,Tri,glycine,GCA,0.26866060495376587
A0A096DGB7,tyramine,Tri,taurine,TCA,0.22093349695205688
A0A096DGB7,cystine,Mono,glycine,GLCA,0.1844140887260437
A0A096DGB7,cystine,Mono,taurine,TLCA,0.320224791765213
A0A096DGB7,cystine,Di,glycine,GDCA,0.15968117117881775
A0A096DGB7,cystine,Di,taurine,TDCA,0.12284599244594574
A0A096DGB7,cystine,Tri,glycine,GCA,0.2020811140537262
A0A096DGB7,cystine,Tri,taurine,TCA,0.15685036778450012
A0A0F0CI09,"2,3_diaminopropionic acid",Mono,glycine,GLCA,0.04842023551464081
A0A0F0CI09,"2,3_diaminopropionic acid",Mono,taurine,TLCA,0.19280239939689636
A0A0F0CI09,"2,3_diaminopropionic acid",Di,glycine,GDCA,0.13276216387748718
A0A0F0CI09,"2,3_diaminopropionic acid",Di,taurine,TDCA,0.16685523092746735
A0A0F0CI09,"2,3_diaminopropionic acid",Tri,glycine,GCA,0.15978361666202545
A0A0F0CI09,"2,3_diaminopropionic acid",Tri,taurine,TCA,0.127415269613266
A0A0F0CI09,3_methoxytyramine,Mono,glycine,GLCA,-0.0923619419336319
A0A0F0CI09,3_methoxytyramine,Mono,taurine,TLCA,-0.03289996087551117
A0A0F0CI09,3_methoxytyramine,Di,glycine,GDCA,0.06055333465337753
A0A0F0CI09,3_methoxytyramine,Di,taurine,TDCA,-0.010826313868165016
A0A0F0CI09,3_methoxytyramine,Tri,glycine,GCA,-0.011336928233504295
A0A0F0CI09,3_methoxytyramine,Tri,taurine,TCA,-0.0501786544919014
A0A0F0CI09,asparagine,Mono,glycine,GLCA,0.05504278838634491
A0A0F0CI09,asparagine,Mono,taurine,TLCA,0.2559806704521179
A0A0F0CI09,asparagine,Di,glycine,GDCA,0.07702174037694931
A0A0F0CI09,asparagine,Di,taurine,TDCA,0.15667657554149628
A0A0F0CI09,asparagine,Tri,glycine,GCA,0.09831500053405762
A0A0F0CI09,asparagine,Tri,taurine,TCA,0.1281585842370987
A0A0F0CI09,proline,Mono,glycine,GLCA,0.0794730931520462
A0A0F0CI09,proline,Mono,taurine,TLCA,0.22607742249965668
A0A0F0CI09,proline,Di,glycine,GDCA,0.01241692528128624
A0A0F0CI09,proline,Di,taurine,TDCA,0.02279939129948616
A0A0F0CI09,proline,Tri,glycine,GCA,0.04305236414074898
A0A0F0CI09,proline,Tri,taurine,TCA,-0.0047812508419156075
A0A0F0CI09,dopamine,Mono,glycine,GLCA,-0.015049122273921967
A0A0F0CI09,dopamine,Mono,taurine,TLCA,0.06615004688501358
A0A0F0CI09,dopamine,Di,glycine,GDCA,0.06735092401504517
A0A0F0CI09,dopamine,Di,taurine,TDCA,0.05434953421354294
A0A0F0CI09,dopamine,Tri,glycine,GCA,0.08352907001972198
A0A0F0CI09,dopamine,Tri,taurine,TCA,0.029155975207686424
A0A0F0CI09,gaba,Mono,glycine,GLCA,-0.004769039340317249
A0A0F0CI09,gaba,Mono,taurine,TLCA,0.05302325263619423
A0A0F0CI09,gaba,Di,glycine,GDCA,0.009947688318789005
A0A0F0CI09,gaba,Di,taurine,TDCA,0.0021274767350405455
A0A0F0CI09,gaba,Tri,glycine,GCA,0.07570075988769531
A0A0F0CI09,gaba,Tri,taurine,TCA,0.025364549830555916
A0A0F0CI09,glyglycine,Mono,glycine,GLCA,-0.012997359968721867
A0A0F0CI09,glyglycine,Mono,taurine,TLCA,0.01686260849237442
A0A0F0CI09,glyglycine,Di,glycine,GDCA,0.06108967214822769
A0A0F0CI09,glyglycine,Di,taurine,TDCA,0.04684237390756607
A0A0F0CI09,glyglycine,Tri,glycine,GCA,-0.010043368674814701
A0A0F0CI09,glyglycine,Tri,taurine,TCA,-0.03361359238624573
A0A0F0CI09,alanine,Mono,glycine,GLCA,0.044015176594257355
A0A0F0CI09,alanine,Mono,taurine,TLCA,0.13582149147987366
A0A0F0CI09,alanine,Di,glycine,GDCA,0.08125975728034973
A0A0F0CI09,alanine,Di,taurine,TDCA,0.02409370429813862
A0A0F0CI09,alanine,Tri,glycine,GCA,0.07133723050355911
A0A0F0CI09,alanine,Tri,taurine,TCA,0.04426345229148865
A0A0F0CI09,arginine,Mono,glycine,GLCA,0.016042383387684822
A0A0F0CI09,arginine,Mono,taurine,TLCA,0.1617954820394516
A0A0F0CI09,arginine,Di,glycine,GDCA,0.07400163263082504
A0A0F0CI09,arginine,Di,taurine,TDCA,0.15860304236412048
A0A0F0CI09,arginine,Tri,glycine,GCA,0.15678377449512482
A0A0F0CI09,arginine,Tri,taurine,TCA,0.13995827734470367
A0A0F0CI09,citrulline,Mono,glycine,GLCA,0.08941879123449326
A0A0F0CI09,citrulline,Mono,taurine,TLCA,0.27327761054039
A0A0F0CI09,citrulline,Di,glycine,GDCA,0.11607285588979721
A0A0F0CI09,citrulline,Di,taurine,TDCA,0.17551559209823608
A0A0F0CI09,citrulline,Tri,glycine,GCA,0.13735070824623108
A0A0F0CI09,citrulline,Tri,taurine,TCA,0.13398097455501556
A0A0F0CI09,glutamine,Mono,glycine,GLCA,0.08405523002147675
A0A0F0CI09,glutamine,Mono,taurine,TLCA,0.2708278000354767
A0A0F0CI09,glutamine,Di,glycine,GDCA,0.13711169362068176
A0A0F0CI09,glutamine,Di,taurine,TDCA,0.21149086952209473
A0A0F0CI09,glutamine,Tri,glycine,GCA,0.10744135081768036
A0A0F0CI09,glutamine,Tri,taurine,TCA,0.12704592943191528
A0A0F0CI09,histidine,Mono,glycine,GLCA,0.11835178732872009
A0A0F0CI09,histidine,Mono,taurine,TLCA,0.32114651799201965
A0A0F0CI09,histidine,Di,glycine,GDCA,0.11794772744178772
A0A0F0CI09,histidine,Di,taurine,TDCA,0.21311458945274353
A0A0F0CI09,histidine,Tri,glycine,GCA,0.11551913619041443
A0A0F0CI09,histidine,Tri,taurine,TCA,0.17966057360172272
A0A0F0CI09,lysine,Mono,glycine,GLCA,0.029243694618344307
A0A0F0CI09,lysine,Mono,taurine,TLCA,0.045436978340148926
A0A0F0CI09,lysine,Di,glycine,GDCA,0.044228438287973404
A0A0F0CI09,lysine,Di,taurine,TDCA,0.061148207634687424
A0A0F0CI09,lysine,Tri,glycine,GCA,0.09612161666154861
A0A0F0CI09,lysine,Tri,taurine,TCA,0.08018255233764648
A0A0F0CI09,methionine,Mono,glycine,GLCA,0.041140973567962646
A0A0F0CI09,methionine,Mono,taurine,TLCA,0.143332377076149
A0A0F0CI09,methionine,Di,glycine,GDCA,0.03874432295560837
A0A0F0CI09,methionine,Di,taurine,TDCA,0.05888179689645767
A0A0F0CI09,methionine,Tri,glycine,GCA,0.04911012575030327
A0A0F0CI09,methionine,Tri,taurine,TCA,0.07164527475833893
A0A0F0CI09,ornithine,Mono,glycine,GLCA,-0.004612474702298641
A0A0F0CI09,ornithine,Mono,taurine,TLCA,0.03016912192106247
A0A0F0CI09,ornithine,Di,glycine,GDCA,0.05469203367829323
A0A0F0CI09,ornithine,Di,taurine,TDCA,0.034407392144203186
A0A0F0CI09,ornithine,Tri,glycine,GCA,0.12431508302688599
A0A0F0CI09,ornithine,Tri,taurine,TCA,0.07968674600124359
A0A0F0CI09,phenylalanine,Mono,glycine,GLCA,0.13259656727313995
A0A0F0CI09,phenylalanine,Mono,taurine,TLCA,0.30894577503204346
A0A0F0CI09,phenylalanine,Di,glycine,GDCA,0.17253419756889343
A0A0F0CI09,phenylalanine,Di,taurine,TDCA,0.2785942554473877
A0A0F0CI09,phenylalanine,Tri,glycine,GCA,0.16462266445159912
A0A0F0CI09,phenylalanine,Tri,taurine,TCA,0.20953714847564697
A0A0F0CI09,serine,Mono,glycine,GLCA,0.12370615452528
A0A0F0CI09,serine,Mono,taurine,TLCA,0.295300155878067
A0A0F0CI09,serine,Di,glycine,GDCA,0.14215052127838135
A0A0F0CI09,serine,Di,taurine,TDCA,0.2529256045818329
A0A0F0CI09,serine,Tri,glycine,GCA,0.15322452783584595
A0A0F0CI09,serine,Tri,taurine,TCA,0.1678846776485443
A0A0F0CI09,threonine,Mono,glycine,GLCA,0.07072319090366364
A0A0F0CI09,threonine,Mono,taurine,TLCA,0.2559848129749298
A0A0F0CI09,threonine,Di,glycine,GDCA,0.2145836353302002
A0A0F0CI09,threonine,Di,taurine,TDCA,0.2968573272228241
A0A0F0CI09,threonine,Tri,glycine,GCA,0.17869903147220612
A0A0F0CI09,threonine,Tri,taurine,TCA,0.20452089607715607
A0A0F0CI09,tryptamine,Mono,glycine,GLCA,0.022993991151452065
A0A0F0CI09,tryptamine,Mono,taurine,TLCA,0.05310907959938049
A0A0F0CI09,tryptamine,Di,glycine,GDCA,0.07408508658409119
A0A0F0CI09,tryptamine,Di,taurine,TDCA,0.0841609388589859
A0A0F0CI09,tryptamine,Tri,glycine,GCA,0.12242080271244049
A0A0F0CI09,tryptamine,Tri,taurine,TCA,0.05402042716741562
A0A0F0CI09,cadaverine,Mono,glycine,GLCA,0.03688587620854378
A0A0F0CI09,cadaverine,Mono,taurine,TLCA,0.07655910402536392
A0A0F0CI09,cadaverine,Di,glycine,GDCA,0.034999847412109375
A0A0F0CI09,cadaverine,Di,taurine,TDCA,0.05883462727069855
A0A0F0CI09,cadaverine,Tri,glycine,GCA,0.0861063227057457
A0A0F0CI09,cadaverine,Tri,taurine,TCA,0.05664874613285065
A0A0F0CI09,putrescine,Mono,glycine,GLCA,0.02068995125591755
A0A0F0CI09,putrescine,Mono,taurine,TLCA,0.11033716797828674
A0A0F0CI09,putrescine,Di,glycine,GDCA,0.032289233058691025
A0A0F0CI09,putrescine,Di,taurine,TDCA,0.047054752707481384
A0A0F0CI09,putrescine,Tri,glycine,GCA,0.0725799947977066
A0A0F0CI09,putrescine,Tri,taurine,TCA,0.05890899524092674
A0A0F0CI09,2_aminophenol,Mono,glycine,GLCA,0.07093952596187592
A0A0F0CI09,2_aminophenol,Mono,taurine,TLCA,0.22161628305912018
A0A0F0CI09,2_aminophenol,Di,glycine,GDCA,0.13158124685287476
A0A0F0CI09,2_aminophenol,Di,taurine,TDCA,0.21099644899368286
A0A0F0CI09,2_aminophenol,Tri,glycine,GCA,0.1394815295934677
A0A0F0CI09,2_aminophenol,Tri,taurine,TCA,0.1357361525297165
A0A0F0CI09,serotonin,Mono,glycine,GLCA,0.024738522246479988
A0A0F0CI09,serotonin,Mono,taurine,TLCA,0.08844999969005585
A0A0F0CI09,serotonin,Di,glycine,GDCA,0.08468572795391083
A0A0F0CI09,serotonin,Di,taurine,TDCA,0.08551262319087982
A0A0F0CI09,serotonin,Tri,glycine,GCA,0.11443832516670227
A0A0F0CI09,serotonin,Tri,taurine,TCA,0.07829608768224716
A0A0F0CI09,tyramine,Mono,glycine,GLCA,0.010548146441578865
A0A0F0CI09,tyramine,Mono,taurine,TLCA,0.049616698175668716
A0A0F0CI09,tyramine,Di,glycine,GDCA,0.12200808525085449
A0A0F0CI09,tyramine,Di,taurine,TDCA,0.08155559748411179
A0A0F0CI09,tyramine,Tri,glycine,GCA,0.10306745022535324
A0A0F0CI09,tyramine,Tri,taurine,TCA,0.06757906079292297
A0A0F0CI09,cystine,Mono,glycine,GLCA,-0.019756413996219635
A0A0F0CI09,cystine,Mono,taurine,TLCA,0.11669563502073288
A0A0F0CI09,cystine,Di,glycine,GDCA,-0.0015998110175132751
A0A0F0CI09,cystine,Di,taurine,TDCA,-0.023226499557495117
A0A0F0CI09,cystine,Tri,glycine,GCA,0.05246938019990921
A0A0F0CI09,cystine,Tri,taurine,TCA,0.008756984025239944
A0A0F5JPH2,"2,3_diaminopropionic acid",Mono,glycine,GLCA,0.208079531788826
A0A0F5JPH2,"2,3_diaminopropionic acid",Mono,taurine,TLCA,0.35033220052719116
A0A0F5JPH2,"2,3_diaminopropionic acid",Di,glycine,GDCA,0.33369386196136475
A0A0F5JPH2,"2,3_diaminopropionic acid",Di,taurine,TDCA,0.31125473976135254
A0A0F5JPH2,"2,3_diaminopropionic acid",Tri,glycine,GCA,0.3414103090763092
A0A0F5JPH2,"2,3_diaminopropionic acid",Tri,taurine,TCA,0.2982179522514343
A0A0F5JPH2,3_methoxytyramine,Mono,glycine,GLCA,0.030836040154099464
A0A0F5JPH2,3_methoxytyramine,Mono,taurine,TLCA,0.08816736936569214
A0A0F5JPH2,3_methoxytyramine,Di,glycine,GDCA,0.10246848315000534
A0A0F5JPH2,3_methoxytyramine,Di,taurine,TDCA,-0.004925135523080826
A0A0F5JPH2,3_methoxytyramine,Tri,glycine,GCA,0.05543237179517746
A0A0F5JPH2,3_methoxytyramine,Tri,taurine,TCA,0.01185908168554306
A0A0F5JPH2,asparagine,Mono,glycine,GLCA,0.22982603311538696
A0A0F5JPH2,asparagine,Mono,taurine,TLCA,0.46228963136672974
A0A0F5JPH2,asparagine,Di,glycine,GDCA,0.2720799446105957
A0A0F5JPH2,asparagine,Di,taurine,TDCA,0.35235509276390076
A0A0F5JPH2,asparagine,Tri,glycine,GCA,0.2838444113731384
A0A0F5JPH2,asparagine,Tri,taurine,TCA,0.3275494873523712
A0A0F5JPH2,proline,Mono,glycine,GLCA,0.2790854871273041
A0A0F5JPH2,proline,Mono,taurine,TLCA,0.4258453845977783
A0A0F5JPH2,proline,Di,glycine,GDCA,0.21416285634040833
A0A0F5JPH2,proline,Di,taurine,TDCA,0.1882096529006958
A0A0F5JPH2,proline,Tri,glycine,GCA,0.2291332483291626
A0A0F5JPH2,proline,Tri,taurine,TCA,0.15962210297584534
A0A0F5JPH2,dopamine,Mono,glycine,GLCA,0.13078153133392334
A0A0F5JPH2,dopamine,Mono,taurine,TLCA,0.24819603562355042
A0A0F5JPH2,dopamine,Di,glycine,GDCA,0.19072479009628296
A0A0F5JPH2,dopamine,Di,taurine,TDCA,0.15960514545440674
A0A0F5JPH2,dopamine,Tri,glycine,GCA,0.19626864790916443
A0A0F5JPH2,dopamine,Tri,taurine,TCA,0.14706362783908844
A0A0F5JPH2,gaba,Mono,glycine,GLCA,0.16601547598838806
A0A0F5JPH2,gaba,Mono,taurine,TLCA,0.23853850364685059
A0A0F5JPH2,gaba,Di,glycine,GDCA,0.19800083339214325
A0A0F5JPH2,gaba,Di,taurine,TDCA,0.1585131585597992
A0A0F5JPH2,gaba,Tri,glycine,GCA,0.23515886068344116
A0A0F5JPH2,gaba,Tri,taurine,TCA,0.17185968160629272
A0A0F5JPH2,glyglycine,Mono,glycine,GLCA,0.1456022709608078
A0A0F5JPH2,glyglycine,Mono,taurine,TLCA,0.14922815561294556
A0A0F5JPH2,glyglycine,Di,glycine,GDCA,0.1311565637588501
A0A0F5JPH2,glyglycine,Di,taurine,TDCA,0.05693550780415535
A0A0F5JPH2,glyglycine,Tri,glycine,GCA,0.08710682392120361
A0A0F5JPH2,glyglycine,Tri,taurine,TCA,0.033506542444229126
A0A0F5JPH2,alanine,Mono,glycine,GLCA,0.20477929711341858
A0A0F5JPH2,alanine,Mono,taurine,TLCA,0.2743566334247589
A0A0F5JPH2,alanine,Di,glycine,GDCA,0.20417706668376923
A0A0F5JPH2,alanine,Di,taurine,TDCA,0.11613182723522186
A0A0F5JPH2,alanine,Tri,glycine,GCA,0.19152668118476868
A0A0F5JPH2,alanine,Tri,taurine,TCA,0.1630004644393921
A0A0F5JPH2,arginine,Mono,glycine,GLCA,0.12128764390945435
A0A0F5JPH2,arginine,Mono,taurine,TLCA,0.3227577805519104
A0A0F5JPH2,arginine,Di,glycine,GDCA,0.1841653734445572
A0A0F5JPH2,arginine,Di,taurine,TDCA,0.22305533289909363
A0A0F5JPH2,arginine,Tri,glycine,GCA,0.2626842260360718
A0A0F5JPH2,arginine,Tri,taurine,TCA,0.22724679112434387
A0A0F5JPH2,citrulline,Mono,glycine,GLCA,0.27321135997772217
A0A0F5JPH2,citrulline,Mono,taurine,TLCA,0.4589728116989136
A0A0F5JPH2,citrulline,Di,glycine,GDCA,0.28994834423065186
A0A0F5JPH2,citrulline,Di,taurine,TDCA,0.3390125036239624
A0A0F5JPH2,citrulline,Tri,glycine,GCA,0.3050191104412079
A0A0F5JPH2,citrulline,Tri,taurine,TCA,0.3082888424396515
A0A0F5JPH2,glutamine,Mono,glycine,GLCA,0.25528043508529663
A0A0F5JPH2,glutamine,Mono,taurine,TLCA,0.4716480076313019
A0A0F5JPH2,glutamine,Di,glycine,GDCA,0.3562302589416504
A0A0F5JPH2,glutamine,Di,taurine,TDCA,0.4123295545578003
A0A0F5JPH2,glutamine,Tri,glycine,GCA,0.30057793855667114
A0A0F5JPH2,glutamine,Tri,taurine,TCA,0.3351358473300934
A0A0F5JPH2,histidine,Mono,glycine,GLCA,0.2849515676498413
A0A0F5JPH2,histidine,Mono,taurine,TLCA,0.5203222632408142
A0A0F5JPH2,histidine,Di,glycine,GDCA,0.29778045415878296
A0A0F5JPH2,histidine,Di,taurine,TDCA,0.39564359188079834
A0A0F5JPH2,histidine,Tri,glycine,GCA,0.3092220425605774
A0A0F5JPH2,histidine,Tri,taurine,TCA,0.4091358184814453
A0A0F5JPH2,lysine,Mono,glycine,GLCA,0.18645480275154114
A0A0F5JPH2,lysine,Mono,taurine,TLCA,0.22467872500419617
A0A0F5JPH2,lysine,Di,glycine,GDCA,0.22998644411563873
A0A0F5JPH2,lysine,Di,taurine,TDCA,0.20856180787086487
A0A0F5JPH2,lysine,Tri,glycine,GCA,0.2607373297214508
A0A0F5JPH2,lysine,Tri,taurine,TCA,0.21578900516033173
A0A0F5JPH2,methionine,Mono,glycine,GLCA,0.1803981214761734
A0A0F5JPH2,methionine,Mono,taurine,TLCA,0.263607919216156
A0A0F5JPH2,methionine,Di,glycine,GDCA,0.1519196629524231
A0A0F5JPH2,methionine,Di,taurine,TDCA,0.13039690256118774
A0A0F5JPH2,methionine,Tri,glycine,GCA,0.1699247509241104
A0A0F5JPH2,methionine,Tri,taurine,TCA,0.18331706523895264
A0A0F5JPH2,ornithine,Mono,glycine,GLCA,0.17950411140918732
A0A0F5JPH2,ornithine,Mono,taurine,TLCA,0.2202998399734497
A0A0F5JPH2,ornithine,Di,glycine,GDCA,0.22245538234710693
A0A0F5JPH2,ornithine,Di,taurine,TDCA,0.1921367198228836
A0A0F5JPH2,ornithine,Tri,glycine,GCA,0.2885565161705017
A0A0F5JPH2,ornithine,Tri,taurine,TCA,0.23117780685424805
A0A0F5JPH2,phenylalanine,Mono,glycine,GLCA,0.3101182281970978
A0A0F5JPH2,phenylalanine,Mono,taurine,TLCA,0.514141321182251
A0A0F5JPH2,phenylalanine,Di,glycine,GDCA,0.3561963140964508
A0A0F5JPH2,phenylalanine,Di,taurine,TDCA,0.4423004388809204
A0A0F5JPH2,phenylalanine,Tri,glycine,GCA,0.33019405603408813
A0A0F5JPH2,phenylalanine,Tri,taurine,TCA,0.38117265701293945
A0A0F5JPH2,serine,Mono,glycine,GLCA,0.30985015630722046
A0A0F5JPH2,serine,Mono,taurine,TLCA,0.46652287244796753
A0A0F5JPH2,serine,Di,glycine,GDCA,0.3251831829547882
A0A0F5JPH2,serine,Di,taurine,TDCA,0.4112848937511444
A0A0F5JPH2,serine,Tri,glycine,GCA,0.3410487771034241
A0A0F5JPH2,serine,Tri,taurine,TCA,0.3400077521800995
A0A0F5JPH2,threonine,Mono,glycine,GLCA,0.28326088190078735
A0A0F5JPH2,threonine,Mono,taurine,TLCA,0.4838637411594391
A0A0F5JPH2,threonine,Di,glycine,GDCA,0.3778306245803833
A0A0F5JPH2,threonine,Di,taurine,TDCA,0.42378848791122437
A0A0F5JPH2,threonine,Tri,glycine,GCA,0.3236030340194702
A0A0F5JPH2,threonine,Tri,taurine,TCA,0.356687068939209
A0A0F5JPH2,tryptamine,Mono,glycine,GLCA,0.13117393851280212
A0A0F5JPH2,tryptamine,Mono,taurine,TLCA,0.1776292324066162
A0A0F5JPH2,tryptamine,Di,glycine,GDCA,0.19305633008480072
A0A0F5JPH2,tryptamine,Di,taurine,TDCA,0.17637872695922852
A0A0F5JPH2,tryptamine,Tri,glycine,GCA,0.2028099000453949
A0A0F5JPH2,tryptamine,Tri,taurine,TCA,0.15167957544326782
A0A0F5JPH2,cadaverine,Mono,glycine,GLCA,0.1990337073802948
A0A0F5JPH2,cadaverine,Mono,taurine,TLCA,0.22201260924339294
A0A0F5JPH2,cadaverine,Di,glycine,GDCA,0.22595609724521637
A0A0F5JPH2,cadaverine,Di,taurine,TDCA,0.18566930294036865
A0A0F5JPH2,cadaverine,Tri,glycine,GCA,0.2496083378791809
A0A0F5JPH2,cadaverine,Tri,taurine,TCA,0.19565585255622864
A0A0F5JPH2,putrescine,Mono,glycine,GLCA,0.21172499656677246
A0A0F5JPH2,putrescine,Mono,taurine,TLCA,0.2954191267490387
A0A0F5JPH2,putrescine,Di,glycine,GDCA,0.23925179243087769
A0A0F5JPH2,putrescine,Di,taurine,TDCA,0.20739173889160156
A0A0F5JPH2,putrescine,Tri,glycine,GCA,0.22612199187278748
A0A0F5JPH2,putrescine,Tri,taurine,TCA,0.19319602847099304
A0A0F5JPH2,2_aminophenol,Mono,glycine,GLCA,0.25292524695396423
A0A0F5JPH2,2_aminophenol,Mono,taurine,TLCA,0.38293105363845825
A0A0F5JPH2,2_aminophenol,Di,glycine,GDCA,0.35053277015686035
A0A0F5JPH2,2_aminophenol,Di,taurine,TDCA,0.3757810592651367
A0A0F5JPH2,2_aminophenol,Tri,glycine,GCA,0.3120971918106079
A0A0F5JPH2,2_aminophenol,Tri,taurine,TCA,0.3092370927333832
A0A0F5JPH2,serotonin,Mono,glycine,GLCA,0.12858973443508148
A0A0F5JPH2,serotonin,Mono,taurine,TLCA,0.25411731004714966
A0A0F5JPH2,serotonin,Di,glycine,GDCA,0.2276812493801117
A0A0F5JPH2,serotonin,Di,taurine,TDCA,0.204132080078125
A0A0F5JPH2,serotonin,Tri,glycine,GCA,0.26179584860801697
A0A0F5JPH2,serotonin,Tri,taurine,TCA,0.2206786870956421
A0A0F5JPH2,tyramine,Mono,glycine,GLCA,0.1890375018119812
A0A0F5JPH2,tyramine,Mono,taurine,TLCA,0.22967839241027832
A0A0F5JPH2,tyramine,Di,glycine,GDCA,0.24381312727928162
A0A0F5JPH2,tyramine,Di,taurine,TDCA,0.1831475794315338
A0A0F5JPH2,tyramine,Tri,glycine,GCA,0.22817030549049377
A0A0F5JPH2,tyramine,Tri,taurine,TCA,0.19545507431030273
A0A0F5JPH2,cystine,Mono,glycine,GLCA,0.14469897747039795
A0A0F5JPH2,cystine,Mono,taurine,TLCA,0.32157257199287415
A0A0F5JPH2,cystine,Di,glycine,GDCA,0.18380171060562134
A0A0F5JPH2,cystine,Di,taurine,TDCA,0.10507127642631531
A0A0F5JPH2,cystine,Tri,glycine,GCA,0.21332305669784546
A0A0F5JPH2,cystine,Tri,taurine,TCA,0.14372868835926056
A0A0P0FKS2,"2,3_diaminopropionic acid",Mono,glycine,GLCA,0.3105086088180542
A0A0P0FKS2,"2,3_diaminopropionic acid",Mono,taurine,TLCA,0.4238051176071167
A0A0P0FKS2,"2,3_diaminopropionic acid",Di,glycine,GDCA,0.33193039894104004
A0A0P0FKS2,"2,3_diaminopropionic acid",Di,taurine,TDCA,0.31455591320991516
A0A0P0FKS2,"2,3_diaminopropionic acid",Tri,glycine,GCA,0.3377062678337097
A0A0P0FKS2,"2,3_diaminopropionic acid",Tri,taurine,TCA,0.27975547313690186
A0A0P0FKS2,3_methoxytyramine,Mono,glycine,GLCA,0.08172757178544998
A0A0P0FKS2,3_methoxytyramine,Mono,taurine,TLCA,0.10012421011924744
A0A0P0FKS2,3_methoxytyramine,Di,glycine,GDCA,0.08311817049980164
A0A0P0FKS2,3_methoxytyramine,Di,taurine,TDCA,-0.021834932267665863
A0A0P0FKS2,3_methoxytyramine,Tri,glycine,GCA,0.03435158729553223
A0A0P0FKS2,3_methoxytyramine,Tri,taurine,TCA,-0.0031893104314804077
A0A0P0FKS2,asparagine,Mono,glycine,GLCA,0.3303648829460144
A0A0P0FKS2,asparagine,Mono,taurine,TLCA,0.5515526533126831
A0A0P0FKS2,asparagine,Di,glycine,GDCA,0.3187372386455536
A0A0P0FKS2,asparagine,Di,taurine,TDCA,0.38185030221939087
A0A0P0FKS2,asparagine,Tri,glycine,GCA,0.3307638168334961
A0A0P0FKS2,asparagine,Tri,taurine,TCA,0.3683399558067322
A0A0P0FKS2,proline,Mono,glycine,GLCA,0.351690411567688
A0A0P0FKS2,proline,Mono,taurine,TLCA,0.4971495270729065
A0A0P0FKS2,proline,Di,glycine,GDCA,0.2248454988002777
A0A0P0FKS2,proline,Di,taurine,TDCA,0.19772091507911682
A0A0P0FKS2,proline,Tri,glycine,GCA,0.27312520146369934
A0A0P0FKS2,proline,Tri,taurine,TCA,0.2359100580215454
A0A0P0FKS2,dopamine,Mono,glycine,GLCA,0.1301386058330536
A0A0P0FKS2,dopamine,Mono,taurine,TLCA,0.2273218333721161
A0A0P0FKS2,dopamine,Di,glycine,GDCA,0.1432306319475174
A0A0P0FKS2,dopamine,Di,taurine,TDCA,0.1019621416926384
A0A0P0FKS2,dopamine,Tri,glycine,GCA,0.10855098068714142
A0A0P0FKS2,dopamine,Tri,taurine,TCA,0.07607214152812958
A0A0P0FKS2,gaba,Mono,glycine,GLCA,0.25473371148109436
A0A0P0FKS2,gaba,Mono,taurine,TLCA,0.34270864725112915
A0A0P0FKS2,gaba,Di,glycine,GDCA,0.22854886949062347
A0A0P0FKS2,gaba,Di,taurine,TDCA,0.18532565236091614
A0A0P0FKS2,gaba,Tri,glycine,GCA,0.2368554174900055
A0A0P0FKS2,gaba,Tri,taurine,TCA,0.18704631924629211
A0A0P0FKS2,glyglycine,Mono,glycine,GLCA,0.2524482011795044
A0A0P0FKS2,glyglycine,Mono,taurine,TLCA,0.24279358983039856
A0A0P0FKS2,glyglycine,Di,glycine,GDCA,0.19843915104866028
A0A0P0FKS2,glyglycine,Di,taurine,TDCA,0.11906881630420685
A0A0P0FKS2,glyglycine,Tri,glycine,GCA,0.09343013167381287
A0A0P0FKS2,glyglycine,Tri,taurine,TCA,0.026300866156816483
A0A0P0FKS2,alanine,Mono,glycine,GLCA,0.3223673701286316
A0A0P0FKS2,alanine,Mono,taurine,TLCA,0.3959417939186096
A0A0P0FKS2,alanine,Di,glycine,GDCA,0.25730079412460327
A0A0P0FKS2,alanine,Di,taurine,TDCA,0.1880093514919281
A0A0P0FKS2,alanine,Tri,glycine,GCA,0.23885060846805573
A0A0P0FKS2,alanine,Tri,taurine,TCA,0.20077788829803467
A0A0P0FKS2,arginine,Mono,glycine,GLCA,0.21056443452835083
A0A0P0FKS2,arginine,Mono,taurine,TLCA,0.40709376335144043
A0A0P0FKS2,arginine,Di,glycine,GDCA,0.21414899826049805
A0A0P0FKS2,arginine,Di,taurine,TDCA,0.26841211318969727
A0A0P0FKS2,arginine,Tri,glycine,GCA,0.2869020700454712
A0A0P0FKS2,arginine,Tri,taurine,TCA,0.2837097942829132
A0A0P0FKS2,citrulline,Mono,glycine,GLCA,0.33649301528930664
A0A0P0FKS2,citrulline,Mono,taurine,TLCA,0.5159991979598999
A0A0P0FKS2,citrulline,Di,glycine,GDCA,0.26415684819221497
A0A0P0FKS2,citrulline,Di,taurine,TDCA,0.3099760115146637
A0A0P0FKS2,citrulline,Tri,glycine,GCA,0.2871115803718567
A0A0P0FKS2,citrulline,Tri,taurine,TCA,0.29566988348960876
A0A0P0FKS2,glutamine,Mono,glycine,GLCA,0.35004255175590515
A0A0P0FKS2,glutamine,Mono,taurine,TLCA,0.5699722766876221
A0A0P0FKS2,glutamine,Di,glycine,GDCA,0.3803805708885193
A0A0P0FKS2,glutamine,Di,taurine,TDCA,0.4242551624774933
A0A0P0FKS2,glutamine,Tri,glycine,GCA,0.3304046094417572
A0A0P0FKS2,glutamine,Tri,taurine,TCA,0.4016593098640442
A0A0P0FKS2,histidine,Mono,glycine,GLCA,0.34865236282348633
A0A0P0FKS2,histidine,Mono,taurine,TLCA,0.6096022129058838
A0A0P0FKS2,histidine,Di,glycine,GDCA,0.3632942736148834
A0A0P0FKS2,histidine,Di,taurine,TDCA,0.45298439264297485
A0A0P0FKS2,histidine,Tri,glycine,GCA,0.324686199426651
A0A0P0FKS2,histidine,Tri,taurine,TCA,0.445188045501709
A0A0P0FKS2,lysine,Mono,glycine,GLCA,0.25120192766189575
A0A0P0FKS2,lysine,Mono,taurine,TLCA,0.3198430836200714
A0A0P0FKS2,lysine,Di,glycine,GDCA,0.28369277715682983
A0A0P0FKS2,lysine,Di,taurine,TDCA,0.2591482698917389
A0A0P0FKS2,lysine,Tri,glycine,GCA,0.28253501653671265
A0A0P0FKS2,lysine,Tri,taurine,TCA,0.25829803943634033
A0A0P0FKS2,methionine,Mono,glycine,GLCA,0.2888554632663727
A0A0P0FKS2,methionine,Mono,taurine,TLCA,0.39296257495880127
A0A0P0FKS2,methionine,Di,glycine,GDCA,0.1945815086364746
A0A0P0FKS2,methionine,Di,taurine,TDCA,0.19237908720970154
A0A0P0FKS2,methionine,Tri,glycine,GCA,0.21259815990924835
A0A0P0FKS2,methionine,Tri,taurine,TCA,0.23667964339256287
A0A0P0FKS2,ornithine,Mono,glycine,GLCA,0.2576259970664978
A0A0P0FKS2,ornithine,Mono,taurine,TLCA,0.3269243538379669
A0A0P0FKS2,ornithine,Di,glycine,GDCA,0.2524968087673187
A0A0P0FKS2,ornithine,Di,taurine,TDCA,0.2326849400997162
A0A0P0FKS2,ornithine,Tri,glycine,GCA,0.2939804494380951
A0A0P0FKS2,ornithine,Tri,taurine,TCA,0.24791544675827026
A0A0P0FKS2,phenylalanine,Mono,glycine,GLCA,0.3753635287284851
A0A0P0FKS2,phenylalanine,Mono,taurine,TLCA,0.5882450342178345
A0A0P0FKS2,phenylalanine,Di,glycine,GDCA,0.3829328715801239
A0A0P0FKS2,phenylalanine,Di,taurine,TDCA,0.4578888416290283
A0A0P0FKS2,phenylalanine,Tri,glycine,GCA,0.3419908881187439
A0A0P0FKS2,phenylalanine,Tri,taurine,TCA,0.39980828762054443
A0A0P0FKS2,serine,Mono,glycine,GLCA,0.40397411584854126
A0A0P0FKS2,serine,Mono,taurine,TLCA,0.540181040763855
A0A0P0FKS2,serine,Di,glycine,GDCA,0.341613233089447
A0A0P0FKS2,serine,Di,taurine,TDCA,0.41840171813964844
A0A0P0FKS2,serine,Tri,glycine,GCA,0.336513489484787
A0A0P0FKS2,serine,Tri,taurine,TCA,0.35114213824272156
A0A0P0FKS2,threonine,Mono,glycine,GLCA,0.3495161533355713
A0A0P0FKS2,threonine,Mono,taurine,TLCA,0.46361082792282104
A0A0P0FKS2,threonine,Di,glycine,GDCA,0.3125093877315521
A0A0P0FKS2,threonine,Di,taurine,TDCA,0.36305391788482666
A0A0P0FKS2,threonine,Tri,glycine,GCA,0.2615770101547241
A0A0P0FKS2,threonine,Tri,taurine,TCA,0.29644572734832764
A0A0P0FKS2,tryptamine,Mono,glycine,GLCA,0.13777410984039307
A0A0P0FKS2,tryptamine,Mono,taurine,TLCA,0.11613596975803375
A0A0P0FKS2,tryptamine,Di,glycine,GDCA,0.14588361978530884
A0A0P0FKS2,tryptamine,Di,taurine,TDCA,0.10720215737819672
A0A0P0FKS2,tryptamine,Tri,glycine,GCA,0.13896359503269196
A0A0P0FKS2,tryptamine,Tri,taurine,TCA,0.08873745799064636
A0A0P0FKS2,cadaverine,Mono,glycine,GLCA,0.29975080490112305
A0A0P0FKS2,cadaverine,Mono,taurine,TLCA,0.3501342535018921
A0A0P0FKS2,cadaverine,Di,glycine,GDCA,0.2758467495441437
A0A0P0FKS2,cadaverine,Di,taurine,TDCA,0.2461611032485962
A0A0P0FKS2,cadaverine,Tri,glycine,GCA,0.27970364689826965
A0A0P0FKS2,cadaverine,Tri,taurine,TCA,0.2389432191848755
A0A0P0FKS2,putrescine,Mono,glycine,GLCA,0.27630487084388733
A0A0P0FKS2,putrescine,Mono,taurine,TLCA,0.41654539108276367
A0A0P0FKS2,putrescine,Di,glycine,GDCA,0.26766470074653625
A0A0P0FKS2,putrescine,Di,taurine,TDCA,0.2367401123046875
A0A0P0FKS2,putrescine,Tri,glycine,GCA,0.23864653706550598
A0A0P0FKS2,putrescine,Tri,taurine,TCA,0.20796605944633484
A0A0P0FKS2,2_aminophenol,Mono,glycine,GLCA,0.34899085760116577
A0A0P0FKS2,2_aminophenol,Mono,taurine,TLCA,0.42829430103302
A0A0P0FKS2,2_aminophenol,Di,glycine,GDCA,0.34139418601989746
A0A0P0FKS2,2_aminophenol,Di,taurine,TDCA,0.38729381561279297
A0A0P0FKS2,2_aminophenol,Tri,glycine,GCA,0.3189883828163147
A0A0P0FKS2,2_aminophenol,Tri,taurine,TCA,0.3329034745693207
A0A0P0FKS2,serotonin,Mono,glycine,GLCA,0.1360490918159485
A0A0P0FKS2,serotonin,Mono,taurine,TLCA,0.22302648425102234
A0A0P0FKS2,serotonin,Di,glycine,GDCA,0.19003845751285553
A0A0P0FKS2,serotonin,Di,taurine,TDCA,0.18275612592697144
A0A0P0FKS2,serotonin,Tri,glycine,GCA,0.2230832874774933
A0A0P0FKS2,serotonin,Tri,taurine,TCA,0.18402963876724243
A0A0P0FKS2,tyramine,Mono,glycine,GLCA,0.1651388704776764
A0A0P0FKS2,tyramine,Mono,taurine,TLCA,0.22200071811676025
A0A0P0FKS2,tyramine,Di,glycine,GDCA,0.17873942852020264
A0A0P0FKS2,tyramine,Di,taurine,TDCA,0.12126954644918442
A0A0P0FKS2,tyramine,Tri,glycine,GCA,0.1393878161907196
A0A0P0FKS2,tyramine,Tri,taurine,TCA,0.12358810007572174
A0A0P0FKS2,cystine,Mono,glycine,GLCA,0.2306402623653412
A0A0P0FKS2,cystine,Mono,taurine,TLCA,0.36994361877441406
A0A0P0FKS2,cystine,Di,glycine,GDCA,0.2294713705778122
A0A0P0FKS2,cystine,Di,taurine,TDCA,0.11133616417646408
A0A0P0FKS2,cystine,Tri,glycine,GCA,0.22047659754753113
A0A0P0FKS2,cystine,Tri,taurine,TCA,0.15579169988632202
A0A0P0LK75,"2,3_diaminopropionic acid",Mono,glycine,GLCA,0.24253584444522858
A0A0P0LK75,"2,3_diaminopropionic acid",Mono,taurine,TLCA,0.34027332067489624
A0A0P0LK75,"2,3_diaminopropionic acid",Di,glycine,GDCA,0.32099637389183044
A0A0P0LK75,"2,3_diaminopropionic acid",Di,taurine,TDCA,0.2882356345653534
A0A0P0LK75,"2,3_diaminopropionic acid",Tri,glycine,GCA,0.35977691411972046
A0A0P0LK75,"2,3_diaminopropionic acid",Tri,taurine,TCA,0.2952008843421936
A0A0P0LK75,3_methoxytyramine,Mono,glycine,GLCA,0.027212323620915413
A0A0P0LK75,3_methoxytyramine,Mono,taurine,TLCA,0.041798051446676254
A0A0P0LK75,3_methoxytyramine,Di,glycine,GDCA,0.02323795109987259
A0A0P0LK75,3_methoxytyramine,Di,taurine,TDCA,-0.07592588663101196
A0A0P0LK75,3_methoxytyramine,Tri,glycine,GCA,0.016681093722581863
A0A0P0LK75,3_methoxytyramine,Tri,taurine,TCA,-0.025368664413690567
A0A0P0LK75,asparagine,Mono,glycine,GLCA,0.31717202067375183
A0A0P0LK75,asparagine,Mono,taurine,TLCA,0.5118062496185303
A0A0P0LK75,asparagine,Di,glycine,GDCA,0.3186880648136139
A0A0P0LK75,asparagine,Di,taurine,TDCA,0.3671886920928955
A0A0P0LK75,asparagine,Tri,glycine,GCA,0.3313438594341278
A0A0P0LK75,asparagine,Tri,taurine,TCA,0.3641323447227478
A0A0P0LK75,proline,Mono,glycine,GLCA,0.32074087858200073
A0A0P0LK75,proline,Mono,taurine,TLCA,0.44215095043182373
A0A0P0LK75,proline,Di,glycine,GDCA,0.23751604557037354
A0A0P0LK75,proline,Di,taurine,TDCA,0.2029847800731659
A0A0P0LK75,proline,Tri,glycine,GCA,0.2946391701698303
A0A0P0LK75,proline,Tri,taurine,TCA,0.24507346749305725
A0A0P0LK75,dopamine,Mono,glycine,GLCA,0.0862060934305191
A0A0P0LK75,dopamine,Mono,taurine,TLCA,0.18427416682243347
A0A0P0LK75,dopamine,Di,glycine,GDCA,0.12974807620048523
A0A0P0LK75,dopamine,Di,taurine,TDCA,0.09915629029273987
A0A0P0LK75,dopamine,Tri,glycine,GCA,0.128665030002594
A0A0P0LK75,dopamine,Tri,taurine,TCA,0.09600485116243362
A0A0P0LK75,gaba,Mono,glycine,GLCA,0.18688823282718658
A0A0P0LK75,gaba,Mono,taurine,TLCA,0.23340892791748047
A0A0P0LK75,gaba,Di,glycine,GDCA,0.2151697278022766
A0A0P0LK75,gaba,Di,taurine,TDCA,0.1370004415512085
A0A0P0LK75,gaba,Tri,glycine,GCA,0.2767178416252136
A0A0P0LK75,gaba,Tri,taurine,TCA,0.20821017026901245
A0A0P0LK75,glyglycine,Mono,glycine,GLCA,0.17299340665340424
A0A0P0LK75,glyglycine,Mono,taurine,TLCA,0.140336811542511
A0A0P0LK75,glyglycine,Di,glycine,GDCA,0.14285165071487427
A0A0P0LK75,glyglycine,Di,taurine,TDCA,0.03528444096446037
A0A0P0LK75,glyglycine,Tri,glycine,GCA,0.09520819038152695
A0A0P0LK75,glyglycine,Tri,taurine,TCA,0.01121428981423378
A0A0P0LK75,alanine,Mono,glycine,GLCA,0.2778862714767456
A0A0P0LK75,alanine,Mono,taurine,TLCA,0.3134210705757141
A0A0P0LK75,alanine,Di,glycine,GDCA,0.23847928643226624
A0A0P0LK75,alanine,Di,taurine,TDCA,0.13209345936775208
A0A0P0LK75,alanine,Tri,glycine,GCA,0.2511383593082428
A0A0P0LK75,alanine,Tri,taurine,TCA,0.192486971616745
A0A0P0LK75,arginine,Mono,glycine,GLCA,0.14346006512641907
A0A0P0LK75,arginine,Mono,taurine,TLCA,0.3291500210762024
A0A0P0LK75,arginine,Di,glycine,GDCA,0.21250483393669128
A0A0P0LK75,arginine,Di,taurine,TDCA,0.25729745626449585
A0A0P0LK75,arginine,Tri,glycine,GCA,0.3034270703792572
A0A0P0LK75,arginine,Tri,taurine,TCA,0.2886382043361664
A0A0P0LK75,citrulline,Mono,glycine,GLCA,0.30324774980545044
A0A0P0LK75,citrulline,Mono,taurine,TLCA,0.4638349413871765
A0A0P0LK75,citrulline,Di,glycine,GDCA,0.29437386989593506
A0A0P0LK75,citrulline,Di,taurine,TDCA,0.32584425806999207
A0A0P0LK75,citrulline,Tri,glycine,GCA,0.34172767400741577
A0A0P0LK75,citrulline,Tri,taurine,TCA,0.33415937423706055
A0A0P0LK75,glutamine,Mono,glycine,GLCA,0.3276117742061615
A0A0P0LK75,glutamine,Mono,taurine,TLCA,0.5209949612617493
A0A0P0LK75,glutamine,Di,glycine,GDCA,0.39965689182281494
A0A0P0LK75,glutamine,Di,taurine,TDCA,0.4252288341522217
A0A0P0LK75,glutamine,Tri,glycine,GCA,0.3599504232406616
A0A0P0LK75,glutamine,Tri,taurine,TCA,0.40613633394241333
A0A0P0LK75,histidine,Mono,glycine,GLCA,0.3442768454551697
A0A0P0LK75,histidine,Mono,taurine,TLCA,0.5647374391555786
A0A0P0LK75,histidine,Di,glycine,GDCA,0.35980257391929626
A0A0P0LK75,histidine,Di,taurine,TDCA,0.4430539309978485
A0A0P0LK75,histidine,Tri,glycine,GCA,0.3509523570537567
A0A0P0LK75,histidine,Tri,taurine,TCA,0.45157626271247864
A0A0P0LK75,lysine,Mono,glycine,GLCA,0.17214572429656982
A0A0P0LK75,lysine,Mono,taurine,TLCA,0.2152857482433319
A0A0P0LK75,lysine,Di,glycine,GDCA,0.2389470934867859
A0A0P0LK75,lysine,Di,taurine,TDCA,0.19026975333690643
A0A0P0LK75,lysine,Tri,glycine,GCA,0.28718262910842896
A0A0P0LK75,lysine,Tri,taurine,TCA,0.23495322465896606
A0A0P0LK75,methionine,Mono,glycine,GLCA,0.2517317533493042
A0A0P0LK75,methionine,Mono,taurine,TLCA,0.3320970833301544
A0A0P0LK75,methionine,Di,glycine,GDCA,0.21222864091396332
A0A0P0LK75,methionine,Di,taurine,TDCA,0.17370380461215973
A0A0P0LK75,methionine,Tri,glycine,GCA,0.2573119103908539
A0A0P0LK75,methionine,Tri,taurine,TCA,0.2554706633090973
A0A0P0LK75,ornithine,Mono,glycine,GLCA,0.19576972723007202
A0A0P0LK75,ornithine,Mono,taurine,TLCA,0.24679775536060333
A0A0P0LK75,ornithine,Di,glycine,GDCA,0.23110537230968475
A0A0P0LK75,ornithine,Di,taurine,TDCA,0.1946907341480255
A0A0P0LK75,ornithine,Tri,glycine,GCA,0.3161126375198364
A0A0P0LK75,ornithine,Tri,taurine,TCA,0.262003093957901
A0A0P0LK75,phenylalanine,Mono,glycine,GLCA,0.35664084553718567
A0A0P0LK75,phenylalanine,Mono,taurine,TLCA,0.5395632982254028
A0A0P0LK75,phenylalanine,Di,glycine,GDCA,0.3731263279914856
A0A0P0LK75,phenylalanine,Di,taurine,TDCA,0.4353979825973511
A0A0P0LK75,phenylalanine,Tri,glycine,GCA,0.3524177670478821
A0A0P0LK75,phenylalanine,Tri,taurine,TCA,0.3907407522201538
A0A0P0LK75,serine,Mono,glycine,GLCA,0.3702038526535034
A0A0P0LK75,serine,Mono,taurine,TLCA,0.4916910231113434
A0A0P0LK75,serine,Di,glycine,GDCA,0.3615235984325409
A0A0P0LK75,serine,Di,taurine,TDCA,0.4297211468219757
A0A0P0LK75,serine,Tri,glycine,GCA,0.3573681712150574
A0A0P0LK75,serine,Tri,taurine,TCA,0.3678704500198364
A0A0P0LK75,threonine,Mono,glycine,GLCA,0.3173893392086029
A0A0P0LK75,threonine,Mono,taurine,TLCA,0.443089097738266
A0A0P0LK75,threonine,Di,glycine,GDCA,0.3572055399417877
A0A0P0LK75,threonine,Di,taurine,TDCA,0.38942044973373413
A0A0P0LK75,threonine,Tri,glycine,GCA,0.30512991547584534
A0A0P0LK75,threonine,Tri,taurine,TCA,0.33243563771247864
A0A0P0LK75,tryptamine,Mono,glycine,GLCA,0.09033510088920593
A0A0P0LK75,tryptamine,Mono,taurine,TLCA,0.10108093917369843
A0A0P0LK75,tryptamine,Di,glycine,GDCA,0.1493358314037323
A0A0P0LK75,tryptamine,Di,taurine,TDCA,0.1071067526936531
A0A0P0LK75,tryptamine,Tri,glycine,GCA,0.16662919521331787
A0A0P0LK75,tryptamine,Tri,taurine,TCA,0.11506228148937225
A0A0P0LK75,cadaverine,Mono,glycine,GLCA,0.22386381030082703
A0A0P0LK75,cadaverine,Mono,taurine,TLCA,0.24412399530410767
A0A0P0LK75,cadaverine,Di,glycine,GDCA,0.24804317951202393
A0A0P0LK75,cadaverine,Di,taurine,TDCA,0.19074982404708862
A0A0P0LK75,cadaverine,Tri,glycine,GCA,0.3062790036201477
A0A0P0LK75,cadaverine,Tri,taurine,TCA,0.24145779013633728
A0A0P0LK75,putrescine,Mono,glycine,GLCA,0.21530315279960632
A0A0P0LK75,putrescine,Mono,taurine,TLCA,0.3255493640899658
A0A0P0LK75,putrescine,Di,glycine,GDCA,0.25614359974861145
A0A0P0LK75,putrescine,Di,taurine,TDCA,0.2027939260005951
A0A0P0LK75,putrescine,Tri,glycine,GCA,0.2708444893360138
A0A0P0LK75,putrescine,Tri,taurine,TCA,0.2224646508693695
A0A0P0LK75,2_aminophenol,Mono,glycine,GLCA,0.3135910630226135
A0A0P0LK75,2_aminophenol,Mono,taurine,TLCA,0.3844579756259918
A0A0P0LK75,2_aminophenol,Di,glycine,GDCA,0.34832894802093506
A0A0P0LK75,2_aminophenol,Di,taurine,TDCA,0.3665134906768799
A0A0P0LK75,2_aminophenol,Tri,glycine,GCA,0.3333265781402588
A0A0P0LK75,2_aminophenol,Tri,taurine,TCA,0.33103153109550476
A0A0P0LK75,serotonin,Mono,glycine,GLCA,0.09474873542785645
A0A0P0LK75,serotonin,Mono,taurine,TLCA,0.1928137093782425
A0A0P0LK75,serotonin,Di,glycine,GDCA,0.187281996011734
A0A0P0LK75,serotonin,Di,taurine,TDCA,0.16132262349128723
A0A0P0LK75,serotonin,Tri,glycine,GCA,0.26119452714920044
A0A0P0LK75,serotonin,Tri,taurine,TCA,0.2070123553276062
A0A0P0LK75,tyramine,Mono,glycine,GLCA,0.1351524293422699
A0A0P0LK75,tyramine,Mono,taurine,TLCA,0.17836631834506989
A0A0P0LK75,tyramine,Di,glycine,GDCA,0.18805119395256042
A0A0P0LK75,tyramine,Di,taurine,TDCA,0.126215398311615
A0A0P0LK75,tyramine,Tri,glycine,GCA,0.16931656002998352
A0A0P0LK75,tyramine,Tri,taurine,TCA,0.15010392665863037
A0A0P0LK75,cystine,Mono,glycine,GLCA,0.1885162591934204
A0A0P0LK75,cystine,Mono,taurine,TLCA,0.3074166774749756
A0A0P0LK75,cystine,Di,glycine,GDCA,0.21801243722438812
A0A0P0LK75,cystine,Di,taurine,TDCA,0.08623248338699341
A0A0P0LK75,cystine,Tri,glycine,GCA,0.24056130647659302
A0A0P0LK75,cystine,Tri,taurine,TCA,0.16272586584091187
A0A0S2W269,"2,3_diaminopropionic acid",Mono,glycine,GLCA,0.21310104429721832
A0A0S2W269,"2,3_diaminopropionic acid",Mono,taurine,TLCA,0.3522065579891205
A0A0S2W269,"2,3_diaminopropionic acid",Di,glycine,GDCA,0.20378798246383667
A0A0S2W269,"2,3_diaminopropionic acid",Di,taurine,TDCA,0.2802533805370331
A0A0S2W269,"2,3_diaminopropionic acid",Tri,glycine,GCA,0.22369413077831268
A0A0S2W269,"2,3_diaminopropionic acid",Tri,taurine,TCA,0.20483079552650452
A0A0S2W269,3_methoxytyramine,Mono,glycine,GLCA,0.06636600196361542
A0A0S2W269,3_methoxytyramine,Mono,taurine,TLCA,0.08108656853437424
A0A0S2W269,3_methoxytyramine,Di,glycine,GDCA,0.149541974067688
A0A0S2W269,3_methoxytyramine,Di,taurine,TDCA,0.09807150065898895
A0A0S2W269,3_methoxytyramine,Tri,glycine,GCA,0.08041967451572418
A0A0S2W269,3_methoxytyramine,Tri,taurine,TCA,0.06921972334384918
A0A0S2W269,asparagine,Mono,glycine,GLCA,0.20190513134002686
A0A0S2W269,asparagine,Mono,taurine,TLCA,0.3729684352874756
A0A0S2W269,asparagine,Di,glycine,GDCA,0.1572326123714447
A0A0S2W269,asparagine,Di,taurine,TDCA,0.21364668011665344
A0A0S2W269,asparagine,Tri,glycine,GCA,0.20379826426506042
A0A0S2W269,asparagine,Tri,taurine,TCA,0.23441612720489502
A0A0S2W269,proline,Mono,glycine,GLCA,0.24780231714248657
A0A0S2W269,proline,Mono,taurine,TLCA,0.3999961018562317
A0A0S2W269,proline,Di,glycine,GDCA,0.09730207175016403
A0A0S2W269,proline,Di,taurine,TDCA,0.14061293005943298
A0A0S2W269,proline,Tri,glycine,GCA,0.17951446771621704
A0A0S2W269,proline,Tri,taurine,TCA,0.18952980637550354
A0A0S2W269,dopamine,Mono,glycine,GLCA,0.10476537048816681
A0A0S2W269,dopamine,Mono,taurine,TLCA,0.18595477938652039
A0A0S2W269,dopamine,Di,glycine,GDCA,0.1471637487411499
A0A0S2W269,dopamine,Di,taurine,TDCA,0.14626693725585938
A0A0S2W269,dopamine,Tri,glycine,GCA,0.0992189347743988
A0A0S2W269,dopamine,Tri,taurine,TCA,0.08388058841228485
A0A0S2W269,gaba,Mono,glycine,GLCA,0.16729116439819336
A0A0S2W269,gaba,Mono,taurine,TLCA,0.2466890513896942
A0A0S2W269,gaba,Di,glycine,GDCA,0.10221239924430847
A0A0S2W269,gaba,Di,taurine,TDCA,0.11533333361148834
A0A0S2W269,gaba,Tri,glycine,GCA,0.12947502732276917
A0A0S2W269,gaba,Tri,taurine,TCA,0.11575521528720856
A0A0S2W269,glyglycine,Mono,glycine,GLCA,0.1871536672115326
A0A0S2W269,glyglycine,Mono,taurine,TLCA,0.21993692219257355
A0A0S2W269,glyglycine,Di,glycine,GDCA,0.21742689609527588
A0A0S2W269,glyglycine,Di,taurine,TDCA,0.2042938768863678
A0A0S2W269,glyglycine,Tri,glycine,GCA,0.09882687032222748
A0A0S2W269,glyglycine,Tri,taurine,TCA,0.056827858090400696
A0A0S2W269,alanine,Mono,glycine,GLCA,0.21573209762573242
A0A0S2W269,alanine,Mono,taurine,TLCA,0.30393391847610474
A0A0S2W269,alanine,Di,glycine,GDCA,0.19237077236175537
A0A0S2W269,alanine,Di,taurine,TDCA,0.18787585198879242
A0A0S2W269,alanine,Tri,glycine,GCA,0.18706157803535461
A0A0S2W269,alanine,Tri,taurine,TCA,0.17382991313934326
A0A0S2W269,arginine,Mono,glycine,GLCA,0.19946220517158508
A0A0S2W269,arginine,Mono,taurine,TLCA,0.3310481309890747
A0A0S2W269,arginine,Di,glycine,GDCA,0.20058271288871765
A0A0S2W269,arginine,Di,taurine,TDCA,0.2887282073497772
A0A0S2W269,arginine,Tri,glycine,GCA,0.2379763126373291
A0A0S2W269,arginine,Tri,taurine,TCA,0.24733874201774597
A0A0S2W269,citrulline,Mono,glycine,GLCA,0.21583905816078186
A0A0S2W269,citrulline,Mono,taurine,TLCA,0.3726748824119568
A0A0S2W269,citrulline,Di,glycine,GDCA,0.14202427864074707
A0A0S2W269,citrulline,Di,taurine,TDCA,0.20176121592521667
A0A0S2W269,citrulline,Tri,glycine,GCA,0.1765214055776596
A0A0S2W269,citrulline,Tri,taurine,TCA,0.18374651670455933
A0A0S2W269,glutamine,Mono,glycine,GLCA,0.21748480200767517
A0A0S2W269,glutamine,Mono,taurine,TLCA,0.39533525705337524
A0A0S2W269,glutamine,Di,glycine,GDCA,0.20350340008735657
A0A0S2W269,glutamine,Di,taurine,TDCA,0.26715734601020813
A0A0S2W269,glutamine,Tri,glycine,GCA,0.18658433854579926
A0A0S2W269,glutamine,Tri,taurine,TCA,0.26461169123649597
A0A0S2W269,histidine,Mono,glycine,GLCA,0.1985194981098175
A0A0S2W269,histidine,Mono,taurine,TLCA,0.440184623003006
A0A0S2W269,histidine,Di,glycine,GDCA,0.20980104804039001
A0A0S2W269,histidine,Di,taurine,TDCA,0.3066420555114746
A0A0S2W269,histidine,Tri,glycine,GCA,0.16532060503959656
A0A0S2W269,histidine,Tri,taurine,TCA,0.286210298538208
A0A0S2W269,lysine,Mono,glycine,GLCA,0.20110878348350525
A0A0S2W269,lysine,Mono,taurine,TLCA,0.22987404465675354
A0A0S2W269,lysine,Di,glycine,GDCA,0.18056875467300415
A0A0S2W269,lysine,Di,taurine,TDCA,0.20284190773963928
A0A0S2W269,lysine,Tri,glycine,GCA,0.18185564875602722
A0A0S2W269,lysine,Tri,taurine,TCA,0.19121548533439636
A0A0S2W269,methionine,Mono,glycine,GLCA,0.20843426883220673
A0A0S2W269,methionine,Mono,taurine,TLCA,0.28976112604141235
A0A0S2W269,methionine,Di,glycine,GDCA,0.1447981595993042
A0A0S2W269,methionine,Di,taurine,TDCA,0.1947544813156128
A0A0S2W269,methionine,Tri,glycine,GCA,0.14103254675865173
A0A0S2W269,methionine,Tri,taurine,TCA,0.18878352642059326
A0A0S2W269,ornithine,Mono,glycine,GLCA,0.17053112387657166
A0A0S2W269,ornithine,Mono,taurine,TLCA,0.2120676338672638
A0A0S2W269,ornithine,Di,glycine,GDCA,0.1557130217552185
A0A0S2W269,ornithine,Di,taurine,TDCA,0.17732200026512146
A0A0S2W269,ornithine,Tri,glycine,GCA,0.18266434967517853
A0A0S2W269,ornithine,Tri,taurine,TCA,0.1657615602016449
A0A0S2W269,phenylalanine,Mono,glycine,GLCA,0.23699279129505157
A0A0S2W269,phenylalanine,Mono,taurine,TLCA,0.4333571195602417
A0A0S2W269,phenylalanine,Di,glycine,GDCA,0.2611112892627716
A0A0S2W269,phenylalanine,Di,taurine,TDCA,0.3544140160083771
A0A0S2W269,phenylalanine,Tri,glycine,GCA,0.23487010598182678
A0A0S2W269,phenylalanine,Tri,taurine,TCA,0.30488476157188416
A0A0S2W269,serine,Mono,glycine,GLCA,0.2623738944530487
A0A0S2W269,serine,Mono,taurine,TLCA,0.40993231534957886
A0A0S2W269,serine,Di,glycine,GDCA,0.1878964602947235
A0A0S2W269,serine,Di,taurine,TDCA,0.3013569712638855
A0A0S2W269,serine,Tri,glycine,GCA,0.21578964591026306
A0A0S2W269,serine,Tri,taurine,TCA,0.26034924387931824
A0A0S2W269,threonine,Mono,glycine,GLCA,0.19614015519618988
A0A0S2W269,threonine,Mono,taurine,TLCA,0.3108865022659302
A0A0S2W269,threonine,Di,glycine,GDCA,0.1800377517938614
A0A0S2W269,threonine,Di,taurine,TDCA,0.2828908860683441
A0A0S2W269,threonine,Tri,glycine,GCA,0.1659698337316513
A0A0S2W269,threonine,Tri,taurine,TCA,0.20370078086853027
A0A0S2W269,tryptamine,Mono,glycine,GLCA,0.17407506704330444
A0A0S2W269,tryptamine,Mono,taurine,TLCA,0.12692196667194366
A0A0S2W269,tryptamine,Di,glycine,GDCA,0.16412153840065002
A0A0S2W269,tryptamine,Di,taurine,TDCA,0.16690674424171448
A0A0S2W269,tryptamine,Tri,glycine,GCA,0.17010189592838287
A0A0S2W269,tryptamine,Tri,taurine,TCA,0.12163551896810532
A0A0S2W269,cadaverine,Mono,glycine,GLCA,0.22214818000793457
A0A0S2W269,cadaverine,Mono,taurine,TLCA,0.2738407254219055
A0A0S2W269,cadaverine,Di,glycine,GDCA,0.14877361059188843
A0A0S2W269,cadaverine,Di,taurine,TDCA,0.19495108723640442
A0A0S2W269,cadaverine,Tri,glycine,GCA,0.17748795449733734
A0A0S2W269,cadaverine,Tri,taurine,TCA,0.17228196561336517
A0A0S2W269,putrescine,Mono,glycine,GLCA,0.19604718685150146
A0A0S2W269,putrescine,Mono,taurine,TLCA,0.3013038635253906
A0A0S2W269,putrescine,Di,glycine,GDCA,0.12617215514183044
A0A0S2W269,putrescine,Di,taurine,TDCA,0.15077511966228485
A0A0S2W269,putrescine,Tri,glycine,GCA,0.14403687417507172
A0A0S2W269,putrescine,Tri,taurine,TCA,0.14911045134067535
A0A0S2W269,2_aminophenol,Mono,glycine,GLCA,0.2258397936820984
A0A0S2W269,2_aminophenol,Mono,taurine,TLCA,0.3229224979877472
A0A0S2W269,2_aminophenol,Di,glycine,GDCA,0.16951948404312134
A0A0S2W269,2_aminophenol,Di,taurine,TDCA,0.2798086404800415
A0A0S2W269,2_aminophenol,Tri,glycine,GCA,0.20311295986175537
A0A0S2W269,2_aminophenol,Tri,taurine,TCA,0.23997043073177338
A0A0S2W269,serotonin,Mono,glycine,GLCA,0.17491933703422546
A0A0S2W269,serotonin,Mono,taurine,TLCA,0.18910226225852966
A0A0S2W269,serotonin,Di,glycine,GDCA,0.1771940290927887
A0A0S2W269,serotonin,Di,taurine,TDCA,0.19109413027763367
A0A0S2W269,serotonin,Tri,glycine,GCA,0.18760275840759277
A0A0S2W269,serotonin,Tri,taurine,TCA,0.16679684817790985
A0A0S2W269,tyramine,Mono,glycine,GLCA,0.1099788099527359
A0A0S2W269,tyramine,Mono,taurine,TLCA,0.18633869290351868
A0A0S2W269,tyramine,Di,glycine,GDCA,0.18252846598625183
A0A0S2W269,tyramine,Di,taurine,TDCA,0.16520671546459198
A0A0S2W269,tyramine,Tri,glycine,GCA,0.13623198866844177
A0A0S2W269,tyramine,Tri,taurine,TCA,0.126703143119812
A0A0S2W269,cystine,Mono,glycine,GLCA,0.14896221458911896
A0A0S2W269,cystine,Mono,taurine,TLCA,0.271110862493515
A0A0S2W269,cystine,Di,glycine,GDCA,0.10004770755767822
A0A0S2W269,cystine,Di,taurine,TDCA,0.09888620674610138
A0A0S2W269,cystine,Tri,glycine,GCA,0.12235738337039948
A0A0S2W269,cystine,Tri,taurine,TCA,0.12855857610702515
A0A174MBD8,"2,3_diaminopropionic acid",Mono,glycine,GLCA,0.19532738626003265
A0A174MBD8,"2,3_diaminopropionic acid",Mono,taurine,TLCA,0.3331635594367981
A0A174MBD8,"2,3_diaminopropionic acid",Di,glycine,GDCA,0.21400883793830872
A0A174MBD8,"2,3_diaminopropionic acid",Di,taurine,TDCA,0.24433985352516174
A0A174MBD8,"2,3_diaminopropionic acid",Tri,glycine,GCA,0.2232770025730133
A0A174MBD8,"2,3_diaminopropionic acid",Tri,taurine,TCA,0.2126651108264923
A0A174MBD8,3_methoxytyramine,Mono,glycine,GLCA,-0.027419764548540115
A0A174MBD8,3_methoxytyramine,Mono,taurine,TLCA,0.02883792668581009
A0A174MBD8,3_methoxytyramine,Di,glycine,GDCA,0.03168419376015663
A0A174MBD8,3_methoxytyramine,Di,taurine,TDCA,-0.024486631155014038
A0A174MBD8,3_methoxytyramine,Tri,glycine,GCA,-0.0047548990696668625
A0A174MBD8,3_methoxytyramine,Tri,taurine,TCA,-0.007446788251399994
A0A174MBD8,asparagine,Mono,glycine,GLCA,0.21614019572734833
A0A174MBD8,asparagine,Mono,taurine,TLCA,0.4132082462310791
A0A174MBD8,asparagine,Di,glycine,GDCA,0.16809141635894775
A0A174MBD8,asparagine,Di,taurine,TDCA,0.25554564595222473
A0A174MBD8,asparagine,Tri,glycine,GCA,0.19305795431137085
A0A174MBD8,asparagine,Tri,taurine,TCA,0.24356305599212646
A0A174MBD8,proline,Mono,glycine,GLCA,0.23641334474086761
A0A174MBD8,proline,Mono,taurine,TLCA,0.39302492141723633
A0A174MBD8,proline,Di,glycine,GDCA,0.10488143563270569
A0A174MBD8,proline,Di,taurine,TDCA,0.1162906289100647
A0A174MBD8,proline,Tri,glycine,GCA,0.1589144617319107
A0A174MBD8,proline,Tri,taurine,TCA,0.13385646045207977
A0A174MBD8,dopamine,Mono,glycine,GLCA,0.06657326966524124
A0A174MBD8,dopamine,Mono,taurine,TLCA,0.16609805822372437
A0A174MBD8,dopamine,Di,glycine,GDCA,0.11215677857398987
A0A174MBD8,dopamine,Di,taurine,TDCA,0.11976572871208191
A0A174MBD8,dopamine,Tri,glycine,GCA,0.11538057774305344
A0A174MBD8,dopamine,Tri,taurine,TCA,0.09349897503852844
A0A174MBD8,gaba,Mono,glycine,GLCA,0.14631827175617218
A0A174MBD8,gaba,Mono,taurine,TLCA,0.200799822807312
A0A174MBD8,gaba,Di,glycine,GDCA,0.09158188104629517
A0A174MBD8,gaba,Di,taurine,TDCA,0.09280601143836975
A0A174MBD8,gaba,Tri,glycine,GCA,0.17113947868347168
A0A174MBD8,gaba,Tri,taurine,TCA,0.13857823610305786
A0A174MBD8,glyglycine,Mono,glycine,GLCA,0.13732299208641052
A0A174MBD8,glyglycine,Mono,taurine,TLCA,0.1563742458820343
A0A174MBD8,glyglycine,Di,glycine,GDCA,0.14018872380256653
A0A174MBD8,glyglycine,Di,taurine,TDCA,0.09598053991794586
A0A174MBD8,glyglycine,Tri,glycine,GCA,0.04914712905883789
A0A174MBD8,glyglycine,Tri,taurine,TCA,0.0321497917175293
A0A174MBD8,alanine,Mono,glycine,GLCA,0.20973417162895203
A0A174MBD8,alanine,Mono,taurine,TLCA,0.2970797121524811
A0A174MBD8,alanine,Di,glycine,GDCA,0.18925800919532776
A0A174MBD8,alanine,Di,taurine,TDCA,0.10666349530220032
A0A174MBD8,alanine,Tri,glycine,GCA,0.1673130989074707
A0A174MBD8,alanine,Tri,taurine,TCA,0.14804932475090027
A0A174MBD8,arginine,Mono,glycine,GLCA,0.17711907625198364
A0A174MBD8,arginine,Mono,taurine,TLCA,0.31525078415870667
A0A174MBD8,arginine,Di,glycine,GDCA,0.18380087614059448
A0A174MBD8,arginine,Di,taurine,TDCA,0.2499670386314392
A0A174MBD8,arginine,Tri,glycine,GCA,0.27483195066452026
A0A174MBD8,arginine,Tri,taurine,TCA,0.25406646728515625
A0A174MBD8,citrulline,Mono,glycine,GLCA,0.230106920003891
A0A174MBD8,citrulline,Mono,taurine,TLCA,0.40883907675743103
A0A174MBD8,citrulline,Di,glycine,GDCA,0.19735880196094513
A0A174MBD8,citrulline,Di,taurine,TDCA,0.2684418261051178
A0A174MBD8,citrulline,Tri,glycine,GCA,0.2148207724094391
A0A174MBD8,citrulline,Tri,taurine,TCA,0.23425033688545227
A0A174MBD8,glutamine,Mono,glycine,GLCA,0.2574174702167511
A0A174MBD8,glutamine,Mono,taurine,TLCA,0.438064306974411
A0A174MBD8,glutamine,Di,glycine,GDCA,0.241869255900383
A0A174MBD8,glutamine,Di,taurine,TDCA,0.32781264185905457
A0A174MBD8,glutamine,Tri,glycine,GCA,0.187336266040802
A0A174MBD8,glutamine,Tri,taurine,TCA,0.24486121535301208
A0A174MBD8,histidine,Mono,glycine,GLCA,0.25855010747909546
A0A174MBD8,histidine,Mono,taurine,TLCA,0.4779871106147766
A0A174MBD8,histidine,Di,glycine,GDCA,0.2010047882795334
A0A174MBD8,histidine,Di,taurine,TDCA,0.3092275857925415
A0A174MBD8,histidine,Tri,glycine,GCA,0.1894601732492447
A0A174MBD8,histidine,Tri,taurine,TCA,0.30820074677467346
A0A174MBD8,lysine,Mono,glycine,GLCA,0.18560722470283508
A0A174MBD8,lysine,Mono,taurine,TLCA,0.18534156680107117
A0A174MBD8,lysine,Di,glycine,GDCA,0.14146462082862854
A0A174MBD8,lysine,Di,taurine,TDCA,0.15021035075187683
A0A174MBD8,lysine,Tri,glycine,GCA,0.21985863149166107
A0A174MBD8,lysine,Tri,taurine,TCA,0.20758487284183502
A0A174MBD8,methionine,Mono,glycine,GLCA,0.20131075382232666
A0A174MBD8,methionine,Mono,taurine,TLCA,0.2894061803817749
A0A174MBD8,methionine,Di,glycine,GDCA,0.1363171935081482
A0A174MBD8,methionine,Di,taurine,TDCA,0.15449412167072296
A0A174MBD8,methionine,Tri,glycine,GCA,0.1255721151828766
A0A174MBD8,methionine,Tri,taurine,TCA,0.1772705316543579
A0A174MBD8,ornithine,Mono,glycine,GLCA,0.15264548361301422
A0A174MBD8,ornithine,Mono,taurine,TLCA,0.16628986597061157
A0A174MBD8,ornithine,Di,glycine,GDCA,0.15351815521717072
A0A174MBD8,ornithine,Di,taurine,TDCA,0.14750318229198456
A0A174MBD8,ornithine,Tri,glycine,GCA,0.2288629412651062
A0A174MBD8,ornithine,Tri,taurine,TCA,0.1963837742805481
A0A174MBD8,phenylalanine,Mono,glycine,GLCA,0.2747267484664917
A0A174MBD8,phenylalanine,Mono,taurine,TLCA,0.4581186771392822
A0A174MBD8,phenylalanine,Di,glycine,GDCA,0.25090643763542175
A0A174MBD8,phenylalanine,Di,taurine,TDCA,0.3466566503047943
A0A174MBD8,phenylalanine,Tri,glycine,GCA,0.24719402194023132
A0A174MBD8,phenylalanine,Tri,taurine,TCA,0.30402445793151855
A0A174MBD8,serine,Mono,glycine,GLCA,0.2974778711795807
A0A174MBD8,serine,Mono,taurine,TLCA,0.45353925228118896
A0A174MBD8,serine,Di,glycine,GDCA,0.20022565126419067
A0A174MBD8,serine,Di,taurine,TDCA,0.32739248871803284
A0A174MBD8,serine,Tri,glycine,GCA,0.23711007833480835
A0A174MBD8,serine,Tri,taurine,TCA,0.2931218147277832
A0A174MBD8,threonine,Mono,glycine,GLCA,0.23810982704162598
A0A174MBD8,threonine,Mono,taurine,TLCA,0.3878587484359741
A0A174MBD8,threonine,Di,glycine,GDCA,0.30280065536499023
A0A174MBD8,threonine,Di,taurine,TDCA,0.3919854760169983
A0A174MBD8,threonine,Tri,glycine,GCA,0.24585354328155518
A0A174MBD8,threonine,Tri,taurine,TCA,0.29212039709091187
A0A174MBD8,tryptamine,Mono,glycine,GLCA,0.11632128059864044
A0A174MBD8,tryptamine,Mono,taurine,TLCA,0.1369139850139618
A0A174MBD8,tryptamine,Di,glycine,GDCA,0.1102532148361206
A0A174MBD8,tryptamine,Di,taurine,TDCA,0.14184032380580902
A0A174MBD8,tryptamine,Tri,glycine,GCA,0.1819750964641571
A0A174MBD8,tryptamine,Tri,taurine,TCA,0.11373281478881836
A0A174MBD8,cadaverine,Mono,glycine,GLCA,0.19580867886543274
A0A174MBD8,cadaverine,Mono,taurine,TLCA,0.2391318529844284
A0A174MBD8,cadaverine,Di,glycine,GDCA,0.11562292277812958
A0A174MBD8,cadaverine,Di,taurine,TDCA,0.15847048163414001
A0A174MBD8,cadaverine,Tri,glycine,GCA,0.18670253455638885
A0A174MBD8,cadaverine,Tri,taurine,TCA,0.1837751865386963
A0A174MBD8,putrescine,Mono,glycine,GLCA,0.18008282780647278
A0A174MBD8,putrescine,Mono,taurine,TLCA,0.2690998315811157
A0A174MBD8,putrescine,Di,glycine,GDCA,0.10870058834552765
A0A174MBD8,putrescine,Di,taurine,TDCA,0.13778412342071533
A0A174MBD8,putrescine,Tri,glycine,GCA,0.16090670228004456
A0A174MBD8,putrescine,Tri,taurine,TCA,0.16829663515090942
A0A174MBD8,2_aminophenol,Mono,glycine,GLCA,0.23410595953464508
A0A174MBD8,2_aminophenol,Mono,taurine,TLCA,0.3596205711364746
A0A174MBD8,2_aminophenol,Di,glycine,GDCA,0.2081986367702484
A0A174MBD8,2_aminophenol,Di,taurine,TDCA,0.30127981305122375
A0A174MBD8,2_aminophenol,Tri,glycine,GCA,0.22976624965667725
A0A174MBD8,2_aminophenol,Tri,taurine,TCA,0.25227636098861694
A0A174MBD8,serotonin,Mono,glycine,GLCA,0.11962614953517914
A0A174MBD8,serotonin,Mono,taurine,TLCA,0.20975720882415771
A0A174MBD8,serotonin,Di,glycine,GDCA,0.1611798107624054
A0A174MBD8,serotonin,Di,taurine,TDCA,0.17965176701545715
A0A174MBD8,serotonin,Tri,glycine,GCA,0.19212418794631958
A0A174MBD8,serotonin,Tri,taurine,TCA,0.1724196970462799
A0A174MBD8,tyramine,Mono,glycine,GLCA,0.10160502791404724
A0A174MBD8,tyramine,Mono,taurine,TLCA,0.15728093683719635
A0A174MBD8,tyramine,Di,glycine,GDCA,0.19012264907360077
A0A174MBD8,tyramine,Di,taurine,TDCA,0.16697096824645996
A0A174MBD8,tyramine,Tri,glycine,GCA,0.16786973178386688
A0A174MBD8,tyramine,Tri,taurine,TCA,0.1520233452320099
A0A174MBD8,cystine,Mono,glycine,GLCA,0.13735979795455933
A0A174MBD8,cystine,Mono,taurine,TLCA,0.26260751485824585
A0A174MBD8,cystine,Di,glycine,GDCA,0.09001730382442474
A0A174MBD8,cystine,Di,taurine,TDCA,0.05935565382242203
A0A174MBD8,cystine,Tri,glycine,GCA,0.13487643003463745
A0A174MBD8,cystine,Tri,taurine,TCA,0.11252662539482117
A0A1C5S406,"2,3_diaminopropionic acid",Mono,glycine,GLCA,0.2085508108139038
A0A1C5S406,"2,3_diaminopropionic acid",Mono,taurine,TLCA,0.33810895681381226
A0A1C5S406,"2,3_diaminopropionic acid",Di,glycine,GDCA,0.3274626135826111
A0A1C5S406,"2,3_diaminopropionic acid",Di,taurine,TDCA,0.30439305305480957
A0A1C5S406,"2,3_diaminopropionic acid",Tri,glycine,GCA,0.34235936403274536
A0A1C5S406,"2,3_diaminopropionic acid",Tri,taurine,TCA,0.314752459526062
A0A1C5S406,3_methoxytyramine,Mono,glycine,GLCA,0.08223478496074677
A0A1C5S406,3_methoxytyramine,Mono,taurine,TLCA,0.12652964890003204
A0A1C5S406,3_methoxytyramine,Di,glycine,GDCA,0.12143111228942871
A0A1C5S406,3_methoxytyramine,Di,taurine,TDCA,0.024101497605443
A0A1C5S406,3_methoxytyramine,Tri,glycine,GCA,0.09984145313501358
A0A1C5S406,3_methoxytyramine,Tri,taurine,TCA,0.049676813185214996
A0A1C5S406,asparagine,Mono,glycine,GLCA,0.20306560397148132
A0A1C5S406,asparagine,Mono,taurine,TLCA,0.39176487922668457
A0A1C5S406,asparagine,Di,glycine,GDCA,0.2334347814321518
A0A1C5S406,asparagine,Di,taurine,TDCA,0.30063962936401367
A0A1C5S406,asparagine,Tri,glycine,GCA,0.25305259227752686
A0A1C5S406,asparagine,Tri,taurine,TCA,0.294162780046463
A0A1C5S406,proline,Mono,glycine,GLCA,0.29043781757354736
A0A1C5S406,proline,Mono,taurine,TLCA,0.4298734962940216
A0A1C5S406,proline,Di,glycine,GDCA,0.2473771572113037
A0A1C5S406,proline,Di,taurine,TDCA,0.2344922423362732
A0A1C5S406,proline,Tri,glycine,GCA,0.2611358165740967
A0A1C5S406,proline,Tri,taurine,TCA,0.18148364126682281
A0A1C5S406,dopamine,Mono,glycine,GLCA,0.16835497319698334
A0A1C5S406,dopamine,Mono,taurine,TLCA,0.2796764373779297
A0A1C5S406,dopamine,Di,glycine,GDCA,0.20835252106189728
A0A1C5S406,dopamine,Di,taurine,TDCA,0.18470968306064606
A0A1C5S406,dopamine,Tri,glycine,GCA,0.23614346981048584
A0A1C5S406,dopamine,Tri,taurine,TCA,0.17629176378250122
A0A1C5S406,gaba,Mono,glycine,GLCA,0.18244467675685883
A0A1C5S406,gaba,Mono,taurine,TLCA,0.21711373329162598
A0A1C5S406,gaba,Di,glycine,GDCA,0.17330357432365417
A0A1C5S406,gaba,Di,taurine,TDCA,0.12422637641429901
A0A1C5S406,gaba,Tri,glycine,GCA,0.221187025308609
A0A1C5S406,gaba,Tri,taurine,TCA,0.14861255884170532
A0A1C5S406,glyglycine,Mono,glycine,GLCA,0.14870589971542358
A0A1C5S406,glyglycine,Mono,taurine,TLCA,0.16293177008628845
A0A1C5S406,glyglycine,Di,glycine,GDCA,0.11215685307979584
A0A1C5S406,glyglycine,Di,taurine,TDCA,0.04695475846529007
A0A1C5S406,glyglycine,Tri,glycine,GCA,0.10921213030815125
A0A1C5S406,glyglycine,Tri,taurine,TCA,0.046999625861644745
A0A1C5S406,alanine,Mono,glycine,GLCA,0.2031412124633789
A0A1C5S406,alanine,Mono,taurine,TLCA,0.26269441843032837
A0A1C5S406,alanine,Di,glycine,GDCA,0.18275195360183716
A0A1C5S406,alanine,Di,taurine,TDCA,0.1043708324432373
A0A1C5S406,alanine,Tri,glycine,GCA,0.20822277665138245
A0A1C5S406,alanine,Tri,taurine,TCA,0.18495693802833557
A0A1C5S406,arginine,Mono,glycine,GLCA,0.143776535987854
A0A1C5S406,arginine,Mono,taurine,TLCA,0.32043007016181946
A0A1C5S406,arginine,Di,glycine,GDCA,0.18634261190891266
A0A1C5S406,arginine,Di,taurine,TDCA,0.20940986275672913
A0A1C5S406,arginine,Tri,glycine,GCA,0.2687664031982422
A0A1C5S406,arginine,Tri,taurine,TCA,0.21616271138191223
A0A1C5S406,citrulline,Mono,glycine,GLCA,0.2819686532020569
A0A1C5S406,citrulline,Mono,taurine,TLCA,0.43122923374176025
A0A1C5S406,citrulline,Di,glycine,GDCA,0.2896769642829895
A0A1C5S406,citrulline,Di,taurine,TDCA,0.334441214799881
A0A1C5S406,citrulline,Tri,glycine,GCA,0.3158908486366272
A0A1C5S406,citrulline,Tri,taurine,TCA,0.3172502815723419
A0A1C5S406,glutamine,Mono,glycine,GLCA,0.22064633667469025
A0A1C5S406,glutamine,Mono,taurine,TLCA,0.39849066734313965
A0A1C5S406,glutamine,Di,glycine,GDCA,0.31682631373405457
A0A1C5S406,glutamine,Di,taurine,TDCA,0.36718401312828064
A0A1C5S406,glutamine,Tri,glycine,GCA,0.27383953332901
A0A1C5S406,glutamine,Tri,taurine,TCA,0.3072880506515503
A0A1C5S406,histidine,Mono,glycine,GLCA,0.24524971842765808
A0A1C5S406,histidine,Mono,taurine,TLCA,0.44589531421661377
A0A1C5S406,histidine,Di,glycine,GDCA,0.2490180879831314
A0A1C5S406,histidine,Di,taurine,TDCA,0.33625784516334534
A0A1C5S406,histidine,Tri,glycine,GCA,0.2767581641674042
A0A1C5S406,histidine,Tri,taurine,TCA,0.36968177556991577
A0A1C5S406,lysine,Mono,glycine,GLCA,0.21202632784843445
A0A1C5S406,lysine,Mono,taurine,TLCA,0.21250994503498077
A0A1C5S406,lysine,Di,glycine,GDCA,0.22074107825756073
A0A1C5S406,lysine,Di,taurine,TDCA,0.18438176810741425
A0A1C5S406,lysine,Tri,glycine,GCA,0.25066807866096497
A0A1C5S406,lysine,Tri,taurine,TCA,0.18611747026443481
A0A1C5S406,methionine,Mono,glycine,GLCA,0.1552947759628296
A0A1C5S406,methionine,Mono,taurine,TLCA,0.21873421967029572
A0A1C5S406,methionine,Di,glycine,GDCA,0.1406908929347992
A0A1C5S406,methionine,Di,taurine,TDCA,0.11812258511781693
A0A1C5S406,methionine,Tri,glycine,GCA,0.15965835750102997
A0A1C5S406,methionine,Tri,taurine,TCA,0.17328591644763947
A0A1C5S406,ornithine,Mono,glycine,GLCA,0.20318381488323212
A0A1C5S406,ornithine,Mono,taurine,TLCA,0.21353179216384888
A0A1C5S406,ornithine,Di,glycine,GDCA,0.21206910908222198
A0A1C5S406,ornithine,Di,taurine,TDCA,0.17933803796768188
A0A1C5S406,ornithine,Tri,glycine,GCA,0.28486567735671997
A0A1C5S406,ornithine,Tri,taurine,TCA,0.2122722864151001
A0A1C5S406,phenylalanine,Mono,glycine,GLCA,0.2708163857460022
A0A1C5S406,phenylalanine,Mono,taurine,TLCA,0.45289450883865356
A0A1C5S406,phenylalanine,Di,glycine,GDCA,0.31308090686798096
A0A1C5S406,phenylalanine,Di,taurine,TDCA,0.3737946152687073
A0A1C5S406,phenylalanine,Tri,glycine,GCA,0.29296353459358215
A0A1C5S406,phenylalanine,Tri,taurine,TCA,0.3345910310745239
A0A1C5S406,serine,Mono,glycine,GLCA,0.27160778641700745
A0A1C5S406,serine,Mono,taurine,TLCA,0.39306172728538513
A0A1C5S406,serine,Di,glycine,GDCA,0.2881431579589844
A0A1C5S406,serine,Di,taurine,TDCA,0.3633373975753784
A0A1C5S406,serine,Tri,glycine,GCA,0.32612934708595276
A0A1C5S406,serine,Tri,taurine,TCA,0.31428399682044983
A0A1C5S406,threonine,Mono,glycine,GLCA,0.2833978831768036
A0A1C5S406,threonine,Mono,taurine,TLCA,0.47192034125328064
A0A1C5S406,threonine,Di,glycine,GDCA,0.3840106129646301
A0A1C5S406,threonine,Di,taurine,TDCA,0.4282205104827881
A0A1C5S406,threonine,Tri,glycine,GCA,0.34546059370040894
A0A1C5S406,threonine,Tri,taurine,TCA,0.37158602476119995
A0A1C5S406,tryptamine,Mono,glycine,GLCA,0.16993911564350128
A0A1C5S406,tryptamine,Mono,taurine,TLCA,0.21104422211647034
A0A1C5S406,tryptamine,Di,glycine,GDCA,0.21987172961235046
A0A1C5S406,tryptamine,Di,taurine,TDCA,0.20035263895988464
A0A1C5S406,tryptamine,Tri,glycine,GCA,0.2475176751613617
A0A1C5S406,tryptamine,Tri,taurine,TCA,0.18734681606292725
A0A1C5S406,cadaverine,Mono,glycine,GLCA,0.21480931341648102
A0A1C5S406,cadaverine,Mono,taurine,TLCA,0.1836683601140976
A0A1C5S406,cadaverine,Di,glycine,GDCA,0.20769914984703064
A0A1C5S406,cadaverine,Di,taurine,TDCA,0.15096837282180786
A0A1C5S406,cadaverine,Tri,glycine,GCA,0.24042031168937683
A0A1C5S406,cadaverine,Tri,taurine,TCA,0.1726437211036682
A0A1C5S406,putrescine,Mono,glycine,GLCA,0.2423718422651291
A0A1C5S406,putrescine,Mono,taurine,TLCA,0.2541844844818115
A0A1C5S406,putrescine,Di,glycine,GDCA,0.23878780007362366
A0A1C5S406,putrescine,Di,taurine,TDCA,0.18677808344364166
A0A1C5S406,putrescine,Tri,glycine,GCA,0.22233015298843384
A0A1C5S406,putrescine,Tri,taurine,TCA,0.17400094866752625
A0A1C5S406,2_aminophenol,Mono,glycine,GLCA,0.25351080298423767
A0A1C5S406,2_aminophenol,Mono,taurine,TLCA,0.34738969802856445
A0A1C5S406,2_aminophenol,Di,glycine,GDCA,0.32946351170539856
A0A1C5S406,2_aminophenol,Di,taurine,TDCA,0.34463828802108765
A0A1C5S406,2_aminophenol,Tri,glycine,GCA,0.29533571004867554
A0A1C5S406,2_aminophenol,Tri,taurine,TCA,0.28913286328315735
A0A1C5S406,serotonin,Mono,glycine,GLCA,0.16516202688217163
A0A1C5S406,serotonin,Mono,taurine,TLCA,0.2747606933116913
A0A1C5S406,serotonin,Di,glycine,GDCA,0.24760273098945618
A0A1C5S406,serotonin,Di,taurine,TDCA,0.21232280135154724
A0A1C5S406,serotonin,Tri,glycine,GCA,0.29209762811660767
A0A1C5S406,serotonin,Tri,taurine,TCA,0.24023473262786865
A0A1C5S406,tyramine,Mono,glycine,GLCA,0.2259979397058487
A0A1C5S406,tyramine,Mono,taurine,TLCA,0.2594413459300995
A0A1C5S406,tyramine,Di,glycine,GDCA,0.26222631335258484
A0A1C5S406,tyramine,Di,taurine,TDCA,0.20503805577754974
A0A1C5S406,tyramine,Tri,glycine,GCA,0.26204806566238403
A0A1C5S406,tyramine,Tri,taurine,TCA,0.21050229668617249
A0A1C5S406,cystine,Mono,glycine,GLCA,0.15458621084690094
A0A1C5S406,cystine,Mono,taurine,TLCA,0.2912737727165222
A0A1C5S406,cystine,Di,glycine,GDCA,0.15227501094341278
A0A1C5S406,cystine,Di,taurine,TDCA,0.0903710126876831
A0A1C5S406,cystine,Tri,glycine,GCA,0.21041733026504517
A0A1C5S406,cystine,Tri,taurine,TCA,0.15358944237232208
A0A1C6E707,"2,3_diaminopropionic acid",Mono,glycine,GLCA,0.00985327735543251
A0A1C6E707,"2,3_diaminopropionic acid",Mono,taurine,TLCA,0.1678406447172165
A0A1C6E707,"2,3_diaminopropionic acid",Di,glycine,GDCA,0.16016969084739685
A0A1C6E707,"2,3_diaminopropionic acid",Di,taurine,TDCA,0.20734916627407074
A0A1C6E707,"2,3_diaminopropionic acid",Tri,glycine,GCA,0.1963167041540146
A0A1C6E707,"2,3_diaminopropionic acid",Tri,taurine,TCA,0.15768985450267792
A0A1C6E707,3_methoxytyramine,Mono,glycine,GLCA,-0.09307414293289185
A0A1C6E707,3_methoxytyramine,Mono,taurine,TLCA,-0.04007945954799652
A0A1C6E707,3_methoxytyramine,Di,glycine,GDCA,0.08165009319782257
A0A1C6E707,3_methoxytyramine,Di,taurine,TDCA,0.031462281942367554
A0A1C6E707,3_methoxytyramine,Tri,glycine,GCA,0.013956175185739994
A0A1C6E707,3_methoxytyramine,Tri,taurine,TCA,-0.02623582072556019
A0A1C6E707,asparagine,Mono,glycine,GLCA,0.0353211984038353
A0A1C6E707,asparagine,Mono,taurine,TLCA,0.23100346326828003
A0A1C6E707,asparagine,Di,glycine,GDCA,0.09167340397834778
A0A1C6E707,asparagine,Di,taurine,TDCA,0.14694452285766602
A0A1C6E707,asparagine,Tri,glycine,GCA,0.13108372688293457
A0A1C6E707,asparagine,Tri,taurine,TCA,0.14646358788013458
A0A1C6E707,proline,Mono,glycine,GLCA,0.07288530468940735
A0A1C6E707,proline,Mono,taurine,TLCA,0.21941161155700684
A0A1C6E707,proline,Di,glycine,GDCA,0.03890607878565788
A0A1C6E707,proline,Di,taurine,TDCA,0.05182122439146042
A0A1C6E707,proline,Tri,glycine,GCA,0.0773712620139122
A0A1C6E707,proline,Tri,taurine,TCA,0.037815291434526443
A0A1C6E707,dopamine,Mono,glycine,GLCA,-0.007610647939145565
A0A1C6E707,dopamine,Mono,taurine,TLCA,0.08534526824951172
A0A1C6E707,dopamine,Di,glycine,GDCA,0.11215920001268387
A0A1C6E707,dopamine,Di,taurine,TDCA,0.08549859374761581
A0A1C6E707,dopamine,Tri,glycine,GCA,0.10964307934045792
A0A1C6E707,dopamine,Tri,taurine,TCA,0.06143591180443764
A0A1C6E707,gaba,Mono,glycine,GLCA,-0.036127347499132156
A0A1C6E707,gaba,Mono,taurine,TLCA,0.04122120141983032
A0A1C6E707,gaba,Di,glycine,GDCA,0.034794438630342484
A0A1C6E707,gaba,Di,taurine,TDCA,0.020830009132623672
A0A1C6E707,gaba,Tri,glycine,GCA,0.08540621399879456
A0A1C6E707,gaba,Tri,taurine,TCA,0.03953755646944046
A0A1C6E707,glyglycine,Mono,glycine,GLCA,-0.02344871312379837
A0A1C6E707,glyglycine,Mono,taurine,TLCA,0.022687586024403572
A0A1C6E707,glyglycine,Di,glycine,GDCA,0.1044614315032959
A0A1C6E707,glyglycine,Di,taurine,TDCA,0.08986968547105789
A0A1C6E707,glyglycine,Tri,glycine,GCA,0.024700192734599113
A0A1C6E707,glyglycine,Tri,taurine,TCA,-0.013708120211958885
A0A1C6E707,alanine,Mono,glycine,GLCA,0.020718932151794434
A0A1C6E707,alanine,Mono,taurine,TLCA,0.09011901915073395
A0A1C6E707,alanine,Di,glycine,GDCA,0.08952192962169647
A0A1C6E707,alanine,Di,taurine,TDCA,0.042293399572372437
A0A1C6E707,alanine,Tri,glycine,GCA,0.06499134004116058
A0A1C6E707,alanine,Tri,taurine,TCA,0.03555035591125488
A0A1C6E707,arginine,Mono,glycine,GLCA,-0.012932947836816311
A0A1C6E707,arginine,Mono,taurine,TLCA,0.14382244646549225
A0A1C6E707,arginine,Di,glycine,GDCA,0.08478490263223648
A0A1C6E707,arginine,Di,taurine,TDCA,0.17102307081222534
A0A1C6E707,arginine,Tri,glycine,GCA,0.12700702250003815
A0A1C6E707,arginine,Tri,taurine,TCA,0.11830402910709381
A0A1C6E707,citrulline,Mono,glycine,GLCA,0.05577016621828079
A0A1C6E707,citrulline,Mono,taurine,TLCA,0.22746166586875916
A0A1C6E707,citrulline,Di,glycine,GDCA,0.12095290422439575
A0A1C6E707,citrulline,Di,taurine,TDCA,0.15970687568187714
A0A1C6E707,citrulline,Tri,glycine,GCA,0.14406448602676392
A0A1C6E707,citrulline,Tri,taurine,TCA,0.12861362099647522
A0A1C6E707,glutamine,Mono,glycine,GLCA,0.04708770290017128
A0A1C6E707,glutamine,Mono,taurine,TLCA,0.23435544967651367
A0A1C6E707,glutamine,Di,glycine,GDCA,0.15519866347312927
A0A1C6E707,glutamine,Di,taurine,TDCA,0.20182129740715027
A0A1C6E707,glutamine,Tri,glycine,GCA,0.1382456123828888
A0A1C6E707,glutamine,Tri,taurine,TCA,0.15555055439472198
A0A1C6E707,histidine,Mono,glycine,GLCA,0.07723480463027954
A0A1C6E707,histidine,Mono,taurine,TLCA,0.2973708510398865
A0A1C6E707,histidine,Di,glycine,GDCA,0.13913440704345703
A0A1C6E707,histidine,Di,taurine,TDCA,0.23892958462238312
A0A1C6E707,histidine,Tri,glycine,GCA,0.13099876046180725
A0A1C6E707,histidine,Tri,taurine,TCA,0.1996040791273117
A0A1C6E707,lysine,Mono,glycine,GLCA,-0.017040494829416275
A0A1C6E707,lysine,Mono,taurine,TLCA,0.014081848785281181
A0A1C6E707,lysine,Di,glycine,GDCA,0.07604724168777466
A0A1C6E707,lysine,Di,taurine,TDCA,0.07886745780706406
A0A1C6E707,lysine,Tri,glycine,GCA,0.10042201727628708
A0A1C6E707,lysine,Tri,taurine,TCA,0.07580704987049103
A0A1C6E707,methionine,Mono,glycine,GLCA,0.019756680354475975
A0A1C6E707,methionine,Mono,taurine,TLCA,0.10705187916755676
A0A1C6E707,methionine,Di,glycine,GDCA,0.058322932571172714
A0A1C6E707,methionine,Di,taurine,TDCA,0.06780622899532318
A0A1C6E707,methionine,Tri,glycine,GCA,0.07957598567008972
A0A1C6E707,methionine,Tri,taurine,TCA,0.09112538397312164
A0A1C6E707,ornithine,Mono,glycine,GLCA,-0.04437827318906784
A0A1C6E707,ornithine,Mono,taurine,TLCA,-0.002064804080873728
A0A1C6E707,ornithine,Di,glycine,GDCA,0.06940466165542603
A0A1C6E707,ornithine,Di,taurine,TDCA,0.04044712334871292
A0A1C6E707,ornithine,Tri,glycine,GCA,0.11769281327724457
A0A1C6E707,ornithine,Tri,taurine,TCA,0.07402841001749039
A0A1C6E707,phenylalanine,Mono,glycine,GLCA,0.10126608610153198
A0A1C6E707,phenylalanine,Mono,taurine,TLCA,0.28393635153770447
A0A1C6E707,phenylalanine,Di,glycine,GDCA,0.19993086159229279
A0A1C6E707,phenylalanine,Di,taurine,TDCA,0.3187413215637207
A0A1C6E707,phenylalanine,Tri,glycine,GCA,0.17849911749362946
A0A1C6E707,phenylalanine,Tri,taurine,TCA,0.23214933276176453
A0A1C6E707,serine,Mono,glycine,GLCA,0.07180514931678772
A0A1C6E707,serine,Mono,taurine,TLCA,0.22802507877349854
A0A1C6E707,serine,Di,glycine,GDCA,0.1566276103258133
A0A1C6E707,serine,Di,taurine,TDCA,0.2439173460006714
A0A1C6E707,serine,Tri,glycine,GCA,0.1570243239402771
A0A1C6E707,serine,Tri,taurine,TCA,0.1654565930366516
A0A1C6E707,threonine,Mono,glycine,GLCA,0.03113277070224285
A0A1C6E707,threonine,Mono,taurine,TLCA,0.22048556804656982
A0A1C6E707,threonine,Di,glycine,GDCA,0.17728246748447418
A0A1C6E707,threonine,Di,taurine,TDCA,0.25023922324180603
A0A1C6E707,threonine,Tri,glycine,GCA,0.14485149085521698
A0A1C6E707,threonine,Tri,taurine,TCA,0.1745949685573578
A0A1C6E707,tryptamine,Mono,glycine,GLCA,0.04476241022348404
A0A1C6E707,tryptamine,Mono,taurine,TLCA,0.07542767375707626
A0A1C6E707,tryptamine,Di,glycine,GDCA,0.1458740234375
A0A1C6E707,tryptamine,Di,taurine,TDCA,0.1278603971004486
A0A1C6E707,tryptamine,Tri,glycine,GCA,0.16054098308086395
A0A1C6E707,tryptamine,Tri,taurine,TCA,0.09956513345241547
A0A1C6E707,cadaverine,Mono,glycine,GLCA,0.006969506852328777
A0A1C6E707,cadaverine,Mono,taurine,TLCA,0.0481189526617527
A0A1C6E707,cadaverine,Di,glycine,GDCA,0.0705033391714096
A0A1C6E707,cadaverine,Di,taurine,TDCA,0.07385964691638947
A0A1C6E707,cadaverine,Tri,glycine,GCA,0.1122480183839798
A0A1C6E707,cadaverine,Tri,taurine,TCA,0.06756819784641266
A0A1C6E707,putrescine,Mono,glycine,GLCA,0.0032741061877459288
A0A1C6E707,putrescine,Mono,taurine,TLCA,0.10075325518846512
A0A1C6E707,putrescine,Di,glycine,GDCA,0.08904137462377548
A0A1C6E707,putrescine,Di,taurine,TDCA,0.08003704994916916
A0A1C6E707,putrescine,Tri,glycine,GCA,0.10842831432819366
A0A1C6E707,putrescine,Tri,taurine,TCA,0.07118793576955795
A0A1C6E707,2_aminophenol,Mono,glycine,GLCA,0.03102273866534233
A0A1C6E707,2_aminophenol,Mono,taurine,TLCA,0.17851883172988892
A0A1C6E707,2_aminophenol,Di,glycine,GDCA,0.12559178471565247
A0A1C6E707,2_aminophenol,Di,taurine,TDCA,0.19131717085838318
A0A1C6E707,2_aminophenol,Tri,glycine,GCA,0.13755397498607635
A0A1C6E707,2_aminophenol,Tri,taurine,TCA,0.1349487006664276
A0A1C6E707,serotonin,Mono,glycine,GLCA,0.03948110342025757
A0A1C6E707,serotonin,Mono,taurine,TLCA,0.09087779372930527
A0A1C6E707,serotonin,Di,glycine,GDCA,0.1306563913822174
A0A1C6E707,serotonin,Di,taurine,TDCA,0.1073005348443985
A0A1C6E707,serotonin,Tri,glycine,GCA,0.16530533134937286
A0A1C6E707,serotonin,Tri,taurine,TCA,0.10891833901405334
A0A1C6E707,tyramine,Mono,glycine,GLCA,0.00625002384185791
A0A1C6E707,tyramine,Mono,taurine,TLCA,0.057501405477523804
A0A1C6E707,tyramine,Di,glycine,GDCA,0.15375806391239166
A0A1C6E707,tyramine,Di,taurine,TDCA,0.10227703303098679
A0A1C6E707,tyramine,Tri,glycine,GCA,0.12661151587963104
A0A1C6E707,tyramine,Tri,taurine,TCA,0.0820654034614563
A0A1C6E707,cystine,Mono,glycine,GLCA,-0.05555030703544617
A0A1C6E707,cystine,Mono,taurine,TLCA,0.09633095562458038
A0A1C6E707,cystine,Di,glycine,GDCA,0.009456700645387173
A0A1C6E707,cystine,Di,taurine,TDCA,-0.006632563192397356
A0A1C6E707,cystine,Tri,glycine,GCA,0.06661838293075562
A0A1C6E707,cystine,Tri,taurine,TCA,0.027948424220085144
A0A1C7H271,"2,3_diaminopropionic acid",Mono,glycine,GLCA,0.2055939882993698
A0A1C7H271,"2,3_diaminopropionic acid",Mono,taurine,TLCA,0.3489255905151367
A0A1C7H271,"2,3_diaminopropionic acid",Di,glycine,GDCA,0.33913737535476685
A0A1C7H271,"2,3_diaminopropionic acid",Di,taurine,TDCA,0.3205857276916504
A0A1C7H271,"2,3_diaminopropionic acid",Tri,glycine,GCA,0.3376740515232086
A0A1C7H271,"2,3_diaminopropionic acid",Tri,taurine,TCA,0.30933359265327454
A0A1C7H271,3_methoxytyramine,Mono,glycine,GLCA,0.04294764623045921
A0A1C7H271,3_methoxytyramine,Mono,taurine,TLCA,0.09315355867147446
A0A1C7H271,3_methoxytyramine,Di,glycine,GDCA,0.0903305932879448
A0A1C7H271,3_methoxytyramine,Di,taurine,TDCA,-0.00905468501150608
A0A1C7H271,3_methoxytyramine,Tri,glycine,GCA,0.057893846184015274
A0A1C7H271,3_methoxytyramine,Tri,taurine,TCA,0.012287143617868423
A0A1C7H271,asparagine,Mono,glycine,GLCA,0.20176248252391815
A0A1C7H271,asparagine,Mono,taurine,TLCA,0.4260491132736206
A0A1C7H271,asparagine,Di,glycine,GDCA,0.23907747864723206
A0A1C7H271,asparagine,Di,taurine,TDCA,0.31608736515045166
A0A1C7H271,asparagine,Tri,glycine,GCA,0.2492029368877411
A0A1C7H271,asparagine,Tri,taurine,TCA,0.297985315322876
A0A1C7H271,proline,Mono,glycine,GLCA,0.2804974913597107
A0A1C7H271,proline,Mono,taurine,TLCA,0.4311535954475403
A0A1C7H271,proline,Di,glycine,GDCA,0.22769393026828766
A0A1C7H271,proline,Di,taurine,TDCA,0.20897957682609558
A0A1C7H271,proline,Tri,glycine,GCA,0.2287045419216156
A0A1C7H271,proline,Tri,taurine,TCA,0.16466477513313293
A0A1C7H271,dopamine,Mono,glycine,GLCA,0.1454453319311142
A0A1C7H271,dopamine,Mono,taurine,TLCA,0.26101869344711304
A0A1C7H271,dopamine,Di,glycine,GDCA,0.19778507947921753
A0A1C7H271,dopamine,Di,taurine,TDCA,0.16997398436069489
A0A1C7H271,dopamine,Tri,glycine,GCA,0.20251332223415375
A0A1C7H271,dopamine,Tri,taurine,TCA,0.15720351040363312
A0A1C7H271,gaba,Mono,glycine,GLCA,0.16914695501327515
A0A1C7H271,gaba,Mono,taurine,TLCA,0.22699236869812012
A0A1C7H271,gaba,Di,glycine,GDCA,0.19205819070339203
A0A1C7H271,gaba,Di,taurine,TDCA,0.15530197322368622
A0A1C7H271,gaba,Tri,glycine,GCA,0.22102999687194824
A0A1C7H271,gaba,Tri,taurine,TCA,0.16625654697418213
A0A1C7H271,glyglycine,Mono,glycine,GLCA,0.13803726434707642
A0A1C7H271,glyglycine,Mono,taurine,TLCA,0.16055828332901
A0A1C7H271,glyglycine,Di,glycine,GDCA,0.12732183933258057
A0A1C7H271,glyglycine,Di,taurine,TDCA,0.05401536077260971
A0A1C7H271,glyglycine,Tri,glycine,GCA,0.07419237494468689
A0A1C7H271,glyglycine,Tri,taurine,TCA,0.03057156689465046
A0A1C7H271,alanine,Mono,glycine,GLCA,0.18473100662231445
A0A1C7H271,alanine,Mono,taurine,TLCA,0.26102447509765625
A0A1C7H271,alanine,Di,glycine,GDCA,0.19005811214447021
A0A1C7H271,alanine,Di,taurine,TDCA,0.10813356935977936
A0A1C7H271,alanine,Tri,glycine,GCA,0.17881262302398682
A0A1C7H271,alanine,Tri,taurine,TCA,0.15592673420906067
A0A1C7H271,arginine,Mono,glycine,GLCA,0.1315895915031433
A0A1C7H271,arginine,Mono,taurine,TLCA,0.3398316502571106
A0A1C7H271,arginine,Di,glycine,GDCA,0.19111400842666626
A0A1C7H271,arginine,Di,taurine,TDCA,0.22693292796611786
A0A1C7H271,arginine,Tri,glycine,GCA,0.2619747519493103
A0A1C7H271,arginine,Tri,taurine,TCA,0.23188219964504242
A0A1C7H271,citrulline,Mono,glycine,GLCA,0.26565203070640564
A0A1C7H271,citrulline,Mono,taurine,TLCA,0.4478875398635864
A0A1C7H271,citrulline,Di,glycine,GDCA,0.2914458215236664
A0A1C7H271,citrulline,Di,taurine,TDCA,0.3477962911128998
A0A1C7H271,citrulline,Tri,glycine,GCA,0.3024654984474182
A0A1C7H271,citrulline,Tri,taurine,TCA,0.3214993476867676
A0A1C7H271,glutamine,Mono,glycine,GLCA,0.23462414741516113
A0A1C7H271,glutamine,Mono,taurine,TLCA,0.4376760721206665
A0A1C7H271,glutamine,Di,glycine,GDCA,0.33622708916664124
A0A1C7H271,glutamine,Di,taurine,TDCA,0.3920138478279114
A0A1C7H271,glutamine,Tri,glycine,GCA,0.2775039076805115
A0A1C7H271,glutamine,Tri,taurine,TCA,0.31443291902542114
A0A1C7H271,histidine,Mono,glycine,GLCA,0.2546747922897339
A0A1C7H271,histidine,Mono,taurine,TLCA,0.489248126745224
A0A1C7H271,histidine,Di,glycine,GDCA,0.2682019770145416
A0A1C7H271,histidine,Di,taurine,TDCA,0.37583065032958984
A0A1C7H271,histidine,Tri,glycine,GCA,0.28425440192222595
A0A1C7H271,histidine,Tri,taurine,TCA,0.3908502161502838
A0A1C7H271,lysine,Mono,glycine,GLCA,0.18417268991470337
A0A1C7H271,lysine,Mono,taurine,TLCA,0.2167457938194275
A0A1C7H271,lysine,Di,glycine,GDCA,0.22855499386787415
A0A1C7H271,lysine,Di,taurine,TDCA,0.20712466537952423
A0A1C7H271,lysine,Tri,glycine,GCA,0.2588876187801361
A0A1C7H271,lysine,Tri,taurine,TCA,0.21357528865337372
A0A1C7H271,methionine,Mono,glycine,GLCA,0.15093228220939636
A0A1C7H271,methionine,Mono,taurine,TLCA,0.2384377419948578
A0A1C7H271,methionine,Di,glycine,GDCA,0.14272096753120422
A0A1C7H271,methionine,Di,taurine,TDCA,0.12303923070430756
A0A1C7H271,methionine,Tri,glycine,GCA,0.15902811288833618
A0A1C7H271,methionine,Tri,taurine,TCA,0.17839908599853516
A0A1C7H271,ornithine,Mono,glycine,GLCA,0.17826075851917267
A0A1C7H271,ornithine,Mono,taurine,TLCA,0.21408338844776154
A0A1C7H271,ornithine,Di,glycine,GDCA,0.21977010369300842
A0A1C7H271,ornithine,Di,taurine,TDCA,0.1935059279203415
A0A1C7H271,ornithine,Tri,glycine,GCA,0.28025612235069275
A0A1C7H271,ornithine,Tri,taurine,TCA,0.22886055707931519
A0A1C7H271,phenylalanine,Mono,glycine,GLCA,0.2738049328327179
A0A1C7H271,phenylalanine,Mono,taurine,TLCA,0.4817934036254883
A0A1C7H271,phenylalanine,Di,glycine,GDCA,0.326518177986145
A0A1C7H271,phenylalanine,Di,taurine,TDCA,0.411875456571579
A0A1C7H271,phenylalanine,Tri,glycine,GCA,0.2985370457172394
A0A1C7H271,phenylalanine,Tri,taurine,TCA,0.35555195808410645
A0A1C7H271,serine,Mono,glycine,GLCA,0.27949559688568115
A0A1C7H271,serine,Mono,taurine,TLCA,0.42527610063552856
A0A1C7H271,serine,Di,glycine,GDCA,0.2994813919067383
A0A1C7H271,serine,Di,taurine,TDCA,0.39032411575317383
A0A1C7H271,serine,Tri,glycine,GCA,0.3163696825504303
A0A1C7H271,serine,Tri,taurine,TCA,0.3230385184288025
A0A1C7H271,threonine,Mono,glycine,GLCA,0.28041747212409973
A0A1C7H271,threonine,Mono,taurine,TLCA,0.477051317691803
A0A1C7H271,threonine,Di,glycine,GDCA,0.3759010434150696
A0A1C7H271,threonine,Di,taurine,TDCA,0.4294787347316742
A0A1C7H271,threonine,Tri,glycine,GCA,0.3116503357887268
A0A1C7H271,threonine,Tri,taurine,TCA,0.35733044147491455
A0A1C7H271,tryptamine,Mono,glycine,GLCA,0.14496861398220062
A0A1C7H271,tryptamine,Mono,taurine,TLCA,0.1879362016916275
A0A1C7H271,tryptamine,Di,glycine,GDCA,0.20287173986434937
A0A1C7H271,tryptamine,Di,taurine,TDCA,0.1817384958267212
A0A1C7H271,tryptamine,Tri,glycine,GCA,0.22405460476875305
A0A1C7H271,tryptamine,Tri,taurine,TCA,0.16712261736392975
A0A1C7H271,cadaverine,Mono,glycine,GLCA,0.2050115466117859
A0A1C7H271,cadaverine,Mono,taurine,TLCA,0.21045565605163574
A0A1C7H271,cadaverine,Di,glycine,GDCA,0.22414039075374603
A0A1C7H271,cadaverine,Di,taurine,TDCA,0.18336403369903564
A0A1C7H271,cadaverine,Tri,glycine,GCA,0.2348722219467163
A0A1C7H271,cadaverine,Tri,taurine,TCA,0.18691152334213257
A0A1C7H271,putrescine,Mono,glycine,GLCA,0.2291165292263031
A0A1C7H271,putrescine,Mono,taurine,TLCA,0.2849050760269165
A0A1C7H271,putrescine,Di,glycine,GDCA,0.24172979593276978
A0A1C7H271,putrescine,Di,taurine,TDCA,0.21491703391075134
A0A1C7H271,putrescine,Tri,glycine,GCA,0.21689599752426147
A0A1C7H271,putrescine,Tri,taurine,TCA,0.187945157289505
A0A1C7H271,2_aminophenol,Mono,glycine,GLCA,0.24815091490745544
A0A1C7H271,2_aminophenol,Mono,taurine,TLCA,0.36230823397636414
A0A1C7H271,2_aminophenol,Di,glycine,GDCA,0.33028629422187805
A0A1C7H271,2_aminophenol,Di,taurine,TDCA,0.36710208654403687
A0A1C7H271,2_aminophenol,Tri,glycine,GCA,0.29481902718544006
A0A1C7H271,2_aminophenol,Tri,taurine,TCA,0.3031211197376251
A0A1C7H271,serotonin,Mono,glycine,GLCA,0.14653265476226807
A0A1C7H271,serotonin,Mono,taurine,TLCA,0.26594531536102295
A0A1C7H271,serotonin,Di,glycine,GDCA,0.2433599829673767
A0A1C7H271,serotonin,Di,taurine,TDCA,0.216680645942688
A0A1C7H271,serotonin,Tri,glycine,GCA,0.28230834007263184
A0A1C7H271,serotonin,Tri,taurine,TCA,0.23361951112747192
A0A1C7H271,tyramine,Mono,glycine,GLCA,0.2040081024169922
A0A1C7H271,tyramine,Mono,taurine,TLCA,0.24207380414009094
A0A1C7H271,tyramine,Di,glycine,GDCA,0.25737467408180237
A0A1C7H271,tyramine,Di,taurine,TDCA,0.2000458538532257
A0A1C7H271,tyramine,Tri,glycine,GCA,0.23825693130493164
A0A1C7H271,tyramine,Tri,taurine,TCA,0.19820527732372284
A0A1C7H271,cystine,Mono,glycine,GLCA,0.14499618113040924
A0A1C7H271,cystine,Mono,taurine,TLCA,0.31564557552337646
A0A1C7H271,cystine,Di,glycine,GDCA,0.18453168869018555
A0A1C7H271,cystine,Di,taurine,TDCA,0.1097860038280487
A0A1C7H271,cystine,Tri,glycine,GCA,0.216414213180542
A0A1C7H271,cystine,Tri,taurine,TCA,0.15600934624671936
A0A1E3ADP5,"2,3_diaminopropionic acid",Mono,glycine,GLCA,0.1620669960975647
A0A1E3ADP5,"2,3_diaminopropionic acid",Mono,taurine,TLCA,0.3120146691799164
A0A1E3ADP5,"2,3_diaminopropionic acid",Di,glycine,GDCA,0.17455735802650452
A0A1E3ADP5,"2,3_diaminopropionic acid",Di,taurine,TDCA,0.22498789429664612
A0A1E3ADP5,"2,3_diaminopropionic acid",Tri,glycine,GCA,0.18643493950366974
A0A1E3ADP5,"2,3_diaminopropionic acid",Tri,taurine,TCA,0.1622888743877411
A0A1E3ADP5,3_methoxytyramine,Mono,glycine,GLCA,-0.041172027587890625
A0A1E3ADP5,3_methoxytyramine,Mono,taurine,TLCA,0.016709117218852043
A0A1E3ADP5,3_methoxytyramine,Di,glycine,GDCA,0.05394840985536575
A0A1E3ADP5,3_methoxytyramine,Di,taurine,TDCA,0.00716147106140852
A0A1E3ADP5,3_methoxytyramine,Tri,glycine,GCA,-0.002455582842230797
A0A1E3ADP5,3_methoxytyramine,Tri,taurine,TCA,-0.0020359400659799576
A0A1E3ADP5,asparagine,Mono,glycine,GLCA,0.1957682967185974
A0A1E3ADP5,asparagine,Mono,taurine,TLCA,0.3899531364440918
A0A1E3ADP5,asparagine,Di,glycine,GDCA,0.1589098572731018
A0A1E3ADP5,asparagine,Di,taurine,TDCA,0.21771180629730225
A0A1E3ADP5,asparagine,Tri,glycine,GCA,0.19122371077537537
A0A1E3ADP5,asparagine,Tri,taurine,TCA,0.2202470898628235
A0A1E3ADP5,proline,Mono,glycine,GLCA,0.19383305311203003
A0A1E3ADP5,proline,Mono,taurine,TLCA,0.3519071340560913
A0A1E3ADP5,proline,Di,glycine,GDCA,0.05328164994716644
A0A1E3ADP5,proline,Di,taurine,TDCA,0.07048922777175903
A0A1E3ADP5,proline,Tri,glycine,GCA,0.13072684407234192
A0A1E3ADP5,proline,Tri,taurine,TCA,0.12575581669807434
A0A1E3ADP5,dopamine,Mono,glycine,GLCA,0.026391100138425827
A0A1E3ADP5,dopamine,Mono,taurine,TLCA,0.12944769859313965
A0A1E3ADP5,dopamine,Di,glycine,GDCA,0.09145370125770569
A0A1E3ADP5,dopamine,Di,taurine,TDCA,0.07917220145463943
A0A1E3ADP5,dopamine,Tri,glycine,GCA,0.060899339616298676
A0A1E3ADP5,dopamine,Tri,taurine,TCA,0.049028292298316956
A0A1E3ADP5,gaba,Mono,glycine,GLCA,0.10394913703203201
A0A1E3ADP5,gaba,Mono,taurine,TLCA,0.1974228173494339
A0A1E3ADP5,gaba,Di,glycine,GDCA,0.0673796683549881
A0A1E3ADP5,gaba,Di,taurine,TDCA,0.06121871992945671
A0A1E3ADP5,gaba,Tri,glycine,GCA,0.12066560238599777
A0A1E3ADP5,gaba,Tri,taurine,TCA,0.09553563594818115
A0A1E3ADP5,glyglycine,Mono,glycine,GLCA,0.12792684137821198
A0A1E3ADP5,glyglycine,Mono,taurine,TLCA,0.16069336235523224
A0A1E3ADP5,glyglycine,Di,glycine,GDCA,0.16230900585651398
A0A1E3ADP5,glyglycine,Di,taurine,TDCA,0.1363810896873474
A0A1E3ADP5,glyglycine,Tri,glycine,GCA,0.043784014880657196
A0A1E3ADP5,glyglycine,Tri,taurine,TCA,0.020818300545215607
A0A1E3ADP5,alanine,Mono,glycine,GLCA,0.1801498979330063
A0A1E3ADP5,alanine,Mono,taurine,TLCA,0.26822930574417114
A0A1E3ADP5,alanine,Di,glycine,GDCA,0.16866827011108398
A0A1E3ADP5,alanine,Di,taurine,TDCA,0.12740293145179749
A0A1E3ADP5,alanine,Tri,glycine,GCA,0.13873286545276642
A0A1E3ADP5,alanine,Tri,taurine,TCA,0.11842775344848633
A0A1E3ADP5,arginine,Mono,glycine,GLCA,0.14059512317180634
A0A1E3ADP5,arginine,Mono,taurine,TLCA,0.28981196880340576
A0A1E3ADP5,arginine,Di,glycine,GDCA,0.15958017110824585
A0A1E3ADP5,arginine,Di,taurine,TDCA,0.23923704028129578
A0A1E3ADP5,arginine,Tri,glycine,GCA,0.2039347141981125
A0A1E3ADP5,arginine,Tri,taurine,TCA,0.20321202278137207
A0A1E3ADP5,citrulline,Mono,glycine,GLCA,0.1740211546421051
A0A1E3ADP5,citrulline,Mono,taurine,TLCA,0.3575330674648285
A0A1E3ADP5,citrulline,Di,glycine,GDCA,0.11632706969976425
A0A1E3ADP5,citrulline,Di,taurine,TDCA,0.1791488528251648
A0A1E3ADP5,citrulline,Tri,glycine,GCA,0.14193323254585266
A0A1E3ADP5,citrulline,Tri,taurine,TCA,0.16115760803222656
A0A1E3ADP5,glutamine,Mono,glycine,GLCA,0.2133486568927765
A0A1E3ADP5,glutamine,Mono,taurine,TLCA,0.4096440076828003
A0A1E3ADP5,glutamine,Di,glycine,GDCA,0.21071757376194
A0A1E3ADP5,glutamine,Di,taurine,TDCA,0.26835063099861145
A0A1E3ADP5,glutamine,Tri,glycine,GCA,0.16708864271640778
A0A1E3ADP5,glutamine,Tri,taurine,TCA,0.23859891295433044
A0A1E3ADP5,histidine,Mono,glycine,GLCA,0.2094932645559311
A0A1E3ADP5,histidine,Mono,taurine,TLCA,0.45322185754776
A0A1E3ADP5,histidine,Di,glycine,GDCA,0.19915607571601868
A0A1E3ADP5,histidine,Di,taurine,TDCA,0.2934960424900055
A0A1E3ADP5,histidine,Tri,glycine,GCA,0.14935588836669922
A0A1E3ADP5,histidine,Tri,taurine,TCA,0.26303207874298096
A0A1E3ADP5,lysine,Mono,glycine,GLCA,0.1240583062171936
A0A1E3ADP5,lysine,Mono,taurine,TLCA,0.1742994785308838
A0A1E3ADP5,lysine,Di,glycine,GDCA,0.12628173828125
A0A1E3ADP5,lysine,Di,taurine,TDCA,0.14012794196605682
A0A1E3ADP5,lysine,Tri,glycine,GCA,0.15021173655986786
A0A1E3ADP5,lysine,Tri,taurine,TCA,0.15300950407981873
A0A1E3ADP5,methionine,Mono,glycine,GLCA,0.18329718708992004
A0A1E3ADP5,methionine,Mono,taurine,TLCA,0.2751794755458832
A0A1E3ADP5,methionine,Di,glycine,GDCA,0.11134348809719086
A0A1E3ADP5,methionine,Di,taurine,TDCA,0.13949161767959595
A0A1E3ADP5,methionine,Tri,glycine,GCA,0.11163002252578735
A0A1E3ADP5,methionine,Tri,taurine,TCA,0.15025216341018677
A0A1E3ADP5,ornithine,Mono,glycine,GLCA,0.09977926313877106
A0A1E3ADP5,ornithine,Mono,taurine,TLCA,0.15350255370140076
A0A1E3ADP5,ornithine,Di,glycine,GDCA,0.11317659914493561
A0A1E3ADP5,ornithine,Di,taurine,TDCA,0.11341036111116409
A0A1E3ADP5,ornithine,Tri,glycine,GCA,0.1501942276954651
A0A1E3ADP5,ornithine,Tri,taurine,TCA,0.132708340883255
A0A1E3ADP5,phenylalanine,Mono,glycine,GLCA,0.23594403266906738
A0A1E3ADP5,phenylalanine,Mono,taurine,TLCA,0.43537038564682007
A0A1E3ADP5,phenylalanine,Di,glycine,GDCA,0.23445141315460205
A0A1E3ADP5,phenylalanine,Di,taurine,TDCA,0.3419657349586487
A0A1E3ADP5,phenylalanine,Tri,glycine,GCA,0.21531376242637634
A0A1E3ADP5,phenylalanine,Tri,taurine,TCA,0.28746092319488525
A0A1E3ADP5,serine,Mono,glycine,GLCA,0.25291135907173157
A0A1E3ADP5,serine,Mono,taurine,TLCA,0.4128603935241699
A0A1E3ADP5,serine,Di,glycine,GDCA,0.17933404445648193
A0A1E3ADP5,serine,Di,taurine,TDCA,0.28390344977378845
A0A1E3ADP5,serine,Tri,glycine,GCA,0.1918039470911026
A0A1E3ADP5,serine,Tri,taurine,TCA,0.2429775893688202
A0A1E3ADP5,threonine,Mono,glycine,GLCA,0.16894608736038208
A0A1E3ADP5,threonine,Mono,taurine,TLCA,0.31095218658447266
A0A1E3ADP5,threonine,Di,glycine,GDCA,0.18521200120449066
A0A1E3ADP5,threonine,Di,taurine,TDCA,0.2781951427459717
A0A1E3ADP5,threonine,Tri,glycine,GCA,0.1459750086069107
A0A1E3ADP5,threonine,Tri,taurine,TCA,0.1975412666797638
A0A1E3ADP5,tryptamine,Mono,glycine,GLCA,0.09126350283622742
A0A1E3ADP5,tryptamine,Mono,taurine,TLCA,0.08697621524333954
A0A1E3ADP5,tryptamine,Di,glycine,GDCA,0.11387502402067184
A0A1E3ADP5,tryptamine,Di,taurine,TDCA,0.10667547583580017
A0A1E3ADP5,tryptamine,Tri,glycine,GCA,0.12087740004062653
A0A1E3ADP5,tryptamine,Tri,taurine,TCA,0.07384337484836578
A0A1E3ADP5,cadaverine,Mono,glycine,GLCA,0.1562284529209137
A0A1E3ADP5,cadaverine,Mono,taurine,TLCA,0.24470064043998718
A0A1E3ADP5,cadaverine,Di,glycine,GDCA,0.11276040971279144
A0A1E3ADP5,cadaverine,Di,taurine,TDCA,0.15159013867378235
A0A1E3ADP5,cadaverine,Tri,glycine,GCA,0.1655350774526596
A0A1E3ADP5,cadaverine,Tri,taurine,TCA,0.16139169037342072
A0A1E3ADP5,putrescine,Mono,glycine,GLCA,0.11971652507781982
A0A1E3ADP5,putrescine,Mono,taurine,TLCA,0.27318552136421204
A0A1E3ADP5,putrescine,Di,glycine,GDCA,0.09855622053146362
A0A1E3ADP5,putrescine,Di,taurine,TDCA,0.11648721992969513
A0A1E3ADP5,putrescine,Tri,glycine,GCA,0.1309863179922104
A0A1E3ADP5,putrescine,Tri,taurine,TCA,0.13279621303081512
A0A1E3ADP5,2_aminophenol,Mono,glycine,GLCA,0.1767701953649521
A0A1E3ADP5,2_aminophenol,Mono,taurine,TLCA,0.30583882331848145
A0A1E3ADP5,2_aminophenol,Di,glycine,GDCA,0.1552552580833435
A0A1E3ADP5,2_aminophenol,Di,taurine,TDCA,0.24549226462841034
A0A1E3ADP5,2_aminophenol,Tri,glycine,GCA,0.1788056492805481
A0A1E3ADP5,2_aminophenol,Tri,taurine,TCA,0.2096535861492157
A0A1E3ADP5,serotonin,Mono,glycine,GLCA,0.0899420902132988
A0A1E3ADP5,serotonin,Mono,taurine,TLCA,0.14595063030719757
A0A1E3ADP5,serotonin,Di,glycine,GDCA,0.1226297914981842
A0A1E3ADP5,serotonin,Di,taurine,TDCA,0.13320320844650269
A0A1E3ADP5,serotonin,Tri,glycine,GCA,0.1467055082321167
A0A1E3ADP5,serotonin,Tri,taurine,TCA,0.12257570028305054
A0A1E3ADP5,tyramine,Mono,glycine,GLCA,0.031224895268678665
A0A1E3ADP5,tyramine,Mono,taurine,TLCA,0.11820481717586517
A0A1E3ADP5,tyramine,Di,glycine,GDCA,0.13176791369915009
A0A1E3ADP5,tyramine,Di,taurine,TDCA,0.10127439349889755
A0A1E3ADP5,tyramine,Tri,glycine,GCA,0.09948791563510895
A0A1E3ADP5,tyramine,Tri,taurine,TCA,0.09158997237682343
A0A1E3ADP5,cystine,Mono,glycine,GLCA,0.0920572355389595
A0A1E3ADP5,cystine,Mono,taurine,TLCA,0.22986480593681335
A0A1E3ADP5,cystine,Di,glycine,GDCA,0.07320808619260788
A0A1E3ADP5,cystine,Di,taurine,TDCA,0.032314665615558624
A0A1E3ADP5,cystine,Tri,glycine,GCA,0.09246115386486053
A0A1E3ADP5,cystine,Tri,taurine,TCA,0.0734935849905014
A0A1I4P275,"2,3_diaminopropionic acid",Mono,glycine,GLCA,0.2991035580635071
A0A1I4P275,"2,3_diaminopropionic acid",Mono,taurine,TLCA,0.4041145443916321
A0A1I4P275,"2,3_diaminopropionic acid",Di,glycine,GDCA,0.30647653341293335
A0A1I4P275,"2,3_diaminopropionic acid",Di,taurine,TDCA,0.28600549697875977
A0A1I4P275,"2,3_diaminopropionic acid",Tri,glycine,GCA,0.32759639620780945
A0A1I4P275,"2,3_diaminopropionic acid",Tri,taurine,TCA,0.27848124504089355
A0A1I4P275,3_methoxytyramine,Mono,glycine,GLCA,0.061360858380794525
A0A1I4P275,3_methoxytyramine,Mono,taurine,TLCA,0.08391858637332916
A0A1I4P275,3_methoxytyramine,Di,glycine,GDCA,0.04441259056329727
A0A1I4P275,3_methoxytyramine,Di,taurine,TDCA,-0.06169353798031807
A0A1I4P275,3_methoxytyramine,Tri,glycine,GCA,0.024438560009002686
A0A1I4P275,3_methoxytyramine,Tri,taurine,TCA,-0.012053601443767548
A0A1I4P275,asparagine,Mono,glycine,GLCA,0.33212810754776
A0A1I4P275,asparagine,Mono,taurine,TLCA,0.5412046909332275
A0A1I4P275,asparagine,Di,glycine,GDCA,0.30385708808898926
A0A1I4P275,asparagine,Di,taurine,TDCA,0.3738854229450226
A0A1I4P275,asparagine,Tri,glycine,GCA,0.3202894926071167
A0A1I4P275,asparagine,Tri,taurine,TCA,0.3639000654220581
A0A1I4P275,proline,Mono,glycine,GLCA,0.33326858282089233
A0A1I4P275,proline,Mono,taurine,TLCA,0.47463279962539673
A0A1I4P275,proline,Di,glycine,GDCA,0.18187111616134644
A0A1I4P275,proline,Di,taurine,TDCA,0.16566964983940125
A0A1I4P275,proline,Tri,glycine,GCA,0.2494194656610489
A0A1I4P275,proline,Tri,taurine,TCA,0.2128659188747406
A0A1I4P275,dopamine,Mono,glycine,GLCA,0.11625365912914276
A0A1I4P275,dopamine,Mono,taurine,TLCA,0.20336517691612244
A0A1I4P275,dopamine,Di,glycine,GDCA,0.11206946521997452
A0A1I4P275,dopamine,Di,taurine,TDCA,0.08053107559680939
A0A1I4P275,dopamine,Tri,glycine,GCA,0.11851219087839127
A0A1I4P275,dopamine,Tri,taurine,TCA,0.0795823410153389
A0A1I4P275,gaba,Mono,glycine,GLCA,0.23448853194713593
A0A1I4P275,gaba,Mono,taurine,TLCA,0.311511754989624
A0A1I4P275,gaba,Di,glycine,GDCA,0.1986146867275238
A0A1I4P275,gaba,Di,taurine,TDCA,0.16930073499679565
A0A1I4P275,gaba,Tri,glycine,GCA,0.2509087026119232
A0A1I4P275,gaba,Tri,taurine,TCA,0.20127221941947937
A0A1I4P275,glyglycine,Mono,glycine,GLCA,0.21601596474647522
A0A1I4P275,glyglycine,Mono,taurine,TLCA,0.19121301174163818
A0A1I4P275,glyglycine,Di,glycine,GDCA,0.14320766925811768
A0A1I4P275,glyglycine,Di,taurine,TDCA,0.05889999121427536
A0A1I4P275,glyglycine,Tri,glycine,GCA,0.08551687002182007
A0A1I4P275,glyglycine,Tri,taurine,TCA,0.024443110451102257
A0A1I4P275,alanine,Mono,glycine,GLCA,0.3157092034816742
A0A1I4P275,alanine,Mono,taurine,TLCA,0.3843584656715393
A0A1I4P275,alanine,Di,glycine,GDCA,0.2507275342941284
A0A1I4P275,alanine,Di,taurine,TDCA,0.15471966564655304
A0A1I4P275,alanine,Tri,glycine,GCA,0.2556213140487671
A0A1I4P275,alanine,Tri,taurine,TCA,0.2109801322221756
A0A1I4P275,arginine,Mono,glycine,GLCA,0.20463687181472778
A0A1I4P275,arginine,Mono,taurine,TLCA,0.37738627195358276
A0A1I4P275,arginine,Di,glycine,GDCA,0.18842238187789917
A0A1I4P275,arginine,Di,taurine,TDCA,0.23308703303337097
A0A1I4P275,arginine,Tri,glycine,GCA,0.3053402602672577
A0A1I4P275,arginine,Tri,taurine,TCA,0.2874904274940491
A0A1I4P275,citrulline,Mono,glycine,GLCA,0.34099501371383667
A0A1I4P275,citrulline,Mono,taurine,TLCA,0.5185561180114746
A0A1I4P275,citrulline,Di,glycine,GDCA,0.2705821394920349
A0A1I4P275,citrulline,Di,taurine,TDCA,0.324678510427475
A0A1I4P275,citrulline,Tri,glycine,GCA,0.30266258120536804
A0A1I4P275,citrulline,Tri,taurine,TCA,0.31092000007629395
A0A1I4P275,glutamine,Mono,glycine,GLCA,0.3597646951675415
A0A1I4P275,glutamine,Mono,taurine,TLCA,0.5716061592102051
A0A1I4P275,glutamine,Di,glycine,GDCA,0.3648098111152649
A0A1I4P275,glutamine,Di,taurine,TDCA,0.41664186120033264
A0A1I4P275,glutamine,Tri,glycine,GCA,0.32347652316093445
A0A1I4P275,glutamine,Tri,taurine,TCA,0.38609838485717773
A0A1I4P275,histidine,Mono,glycine,GLCA,0.38034045696258545
A0A1I4P275,histidine,Mono,taurine,TLCA,0.609373927116394
A0A1I4P275,histidine,Di,glycine,GDCA,0.34768471121788025
A0A1I4P275,histidine,Di,taurine,TDCA,0.4389331340789795
A0A1I4P275,histidine,Tri,glycine,GCA,0.32701534032821655
A0A1I4P275,histidine,Tri,taurine,TCA,0.45539426803588867
A0A1I4P275,lysine,Mono,glycine,GLCA,0.23955672979354858
A0A1I4P275,lysine,Mono,taurine,TLCA,0.300895094871521
A0A1I4P275,lysine,Di,glycine,GDCA,0.2491181492805481
A0A1I4P275,lysine,Di,taurine,TDCA,0.2309914231300354
A0A1I4P275,lysine,Tri,glycine,GCA,0.2994358539581299
A0A1I4P275,lysine,Tri,taurine,TCA,0.27367979288101196
A0A1I4P275,methionine,Mono,glycine,GLCA,0.2904704213142395
A0A1I4P275,methionine,Mono,taurine,TLCA,0.3900880217552185
A0A1I4P275,methionine,Di,glycine,GDCA,0.18388581275939941
A0A1I4P275,methionine,Di,taurine,TDCA,0.17443853616714478
A0A1I4P275,methionine,Tri,glycine,GCA,0.22958996891975403
A0A1I4P275,methionine,Tri,taurine,TCA,0.24655857682228088
A0A1I4P275,ornithine,Mono,glycine,GLCA,0.25278106331825256
A0A1I4P275,ornithine,Mono,taurine,TLCA,0.31795355677604675
A0A1I4P275,ornithine,Di,glycine,GDCA,0.2404729425907135
A0A1I4P275,ornithine,Di,taurine,TDCA,0.20831483602523804
A0A1I4P275,ornithine,Tri,glycine,GCA,0.3105877637863159
A0A1I4P275,ornithine,Tri,taurine,TCA,0.2663893401622772
A0A1I4P275,phenylalanine,Mono,glycine,GLCA,0.40170222520828247
A0A1I4P275,phenylalanine,Mono,taurine,TLCA,0.5822287797927856
A0A1I4P275,phenylalanine,Di,glycine,GDCA,0.36709392070770264
A0A1I4P275,phenylalanine,Di,taurine,TDCA,0.43154919147491455
A0A1I4P275,phenylalanine,Tri,glycine,GCA,0.3471953868865967
A0A1I4P275,phenylalanine,Tri,taurine,TCA,0.3991597890853882
A0A1I4P275,serine,Mono,glycine,GLCA,0.42058706283569336
A0A1I4P275,serine,Mono,taurine,TLCA,0.5585157871246338
A0A1I4P275,serine,Di,glycine,GDCA,0.33469969034194946
A0A1I4P275,serine,Di,taurine,TDCA,0.42386800050735474
A0A1I4P275,serine,Tri,glycine,GCA,0.3506198227405548
A0A1I4P275,serine,Tri,taurine,TCA,0.3736352324485779
A0A1I4P275,threonine,Mono,glycine,GLCA,0.3644121289253235
A0A1I4P275,threonine,Mono,taurine,TLCA,0.4761585593223572
A0A1I4P275,threonine,Di,glycine,GDCA,0.3461298942565918
A0A1I4P275,threonine,Di,taurine,TDCA,0.39173460006713867
A0A1I4P275,threonine,Tri,glycine,GCA,0.30525773763656616
A0A1I4P275,threonine,Tri,taurine,TCA,0.3333309292793274
A0A1I4P275,tryptamine,Mono,glycine,GLCA,0.11862242221832275
A0A1I4P275,tryptamine,Mono,taurine,TLCA,0.10690643638372421
A0A1I4P275,tryptamine,Di,glycine,GDCA,0.10928159207105637
A0A1I4P275,tryptamine,Di,taurine,TDCA,0.08557555079460144
A0A1I4P275,tryptamine,Tri,glycine,GCA,0.14600177109241486
A0A1I4P275,tryptamine,Tri,taurine,TCA,0.08571448922157288
A0A1I4P275,cadaverine,Mono,glycine,GLCA,0.2820374369621277
A0A1I4P275,cadaverine,Mono,taurine,TLCA,0.3320348858833313
A0A1I4P275,cadaverine,Di,glycine,GDCA,0.24411556124687195
A0A1I4P275,cadaverine,Di,taurine,TDCA,0.21872198581695557
A0A1I4P275,cadaverine,Tri,glycine,GCA,0.27979087829589844
A0A1I4P275,cadaverine,Tri,taurine,TCA,0.2518553137779236
A0A1I4P275,putrescine,Mono,glycine,GLCA,0.25431978702545166
A0A1I4P275,putrescine,Mono,taurine,TLCA,0.398998498916626
A0A1I4P275,putrescine,Di,glycine,GDCA,0.23687312006950378
A0A1I4P275,putrescine,Di,taurine,TDCA,0.21434412896633148
A0A1I4P275,putrescine,Tri,glycine,GCA,0.24234238266944885
A0A1I4P275,putrescine,Tri,taurine,TCA,0.22535623610019684
A0A1I4P275,2_aminophenol,Mono,glycine,GLCA,0.36080557107925415
A0A1I4P275,2_aminophenol,Mono,taurine,TLCA,0.4475236237049103
A0A1I4P275,2_aminophenol,Di,glycine,GDCA,0.3481068015098572
A0A1I4P275,2_aminophenol,Di,taurine,TDCA,0.3882903456687927
A0A1I4P275,2_aminophenol,Tri,glycine,GCA,0.33883368968963623
A0A1I4P275,2_aminophenol,Tri,taurine,TCA,0.3475605249404907
A0A1I4P275,serotonin,Mono,glycine,GLCA,0.10810017585754395
A0A1I4P275,serotonin,Mono,taurine,TLCA,0.20738740265369415
A0A1I4P275,serotonin,Di,glycine,GDCA,0.14702080190181732
A0A1I4P275,serotonin,Di,taurine,TDCA,0.1477351188659668
A0A1I4P275,serotonin,Tri,glycine,GCA,0.20519131422042847
A0A1I4P275,serotonin,Tri,taurine,TCA,0.1766790747642517
A0A1I4P275,tyramine,Mono,glycine,GLCA,0.1661781668663025
A0A1I4P275,tyramine,Mono,taurine,TLCA,0.19477355480194092
A0A1I4P275,tyramine,Di,glycine,GDCA,0.15408730506896973
A0A1I4P275,tyramine,Di,taurine,TDCA,0.1008160412311554
A0A1I4P275,tyramine,Tri,glycine,GCA,0.15163353085517883
A0A1I4P275,tyramine,Tri,taurine,TCA,0.13133886456489563
A0A1I4P275,cystine,Mono,glycine,GLCA,0.2148335874080658
A0A1I4P275,cystine,Mono,taurine,TLCA,0.3543184697628021
A0A1I4P275,cystine,Di,glycine,GDCA,0.21083155274391174
A0A1I4P275,cystine,Di,taurine,TDCA,0.09209908545017242
A0A1I4P275,cystine,Tri,glycine,GCA,0.21824905276298523
A0A1I4P275,cystine,Tri,taurine,TCA,0.15603208541870117
A0A1M3L7G3,"2,3_diaminopropionic acid",Mono,glycine,GLCA,0.17433865368366241
A0A1M3L7G3,"2,3_diaminopropionic acid",Mono,taurine,TLCA,0.33775752782821655
A0A1M3L7G3,"2,3_diaminopropionic acid",Di,glycine,GDCA,0.32006052136421204
A0A1M3L7G3,"2,3_diaminopropionic acid",Di,taurine,TDCA,0.306972861289978
A0A1M3L7G3,"2,3_diaminopropionic acid",Tri,glycine,GCA,0.31407392024993896
A0A1M3L7G3,"2,3_diaminopropionic acid",Tri,taurine,TCA,0.2826678454875946
A0A1M3L7G3,3_methoxytyramine,Mono,glycine,GLCA,0.018945876508951187
A0A1M3L7G3,3_methoxytyramine,Mono,taurine,TLCA,0.07753842324018478
A0A1M3L7G3,3_methoxytyramine,Di,glycine,GDCA,0.1071569100022316
A0A1M3L7G3,3_methoxytyramine,Di,taurine,TDCA,0.010956153273582458
A0A1M3L7G3,3_methoxytyramine,Tri,glycine,GCA,0.07965029776096344
A0A1M3L7G3,3_methoxytyramine,Tri,taurine,TCA,0.029270220547914505
A0A1M3L7G3,asparagine,Mono,glycine,GLCA,0.17530810832977295
A0A1M3L7G3,asparagine,Mono,taurine,TLCA,0.4092816114425659
A0A1M3L7G3,asparagine,Di,glycine,GDCA,0.22666186094284058
A0A1M3L7G3,asparagine,Di,taurine,TDCA,0.30493730306625366
A0A1M3L7G3,asparagine,Tri,glycine,GCA,0.23362036049365997
A0A1M3L7G3,asparagine,Tri,taurine,TCA,0.27885574102401733
A0A1M3L7G3,proline,Mono,glycine,GLCA,0.2516496777534485
A0A1M3L7G3,proline,Mono,taurine,TLCA,0.41324812173843384
A0A1M3L7G3,proline,Di,glycine,GDCA,0.21900348365306854
A0A1M3L7G3,proline,Di,taurine,TDCA,0.1999439150094986
A0A1M3L7G3,proline,Tri,glycine,GCA,0.21381032466888428
A0A1M3L7G3,proline,Tri,taurine,TCA,0.15435098111629486
A0A1M3L7G3,dopamine,Mono,glycine,GLCA,0.11161154508590698
A0A1M3L7G3,dopamine,Mono,taurine,TLCA,0.24173349142074585
A0A1M3L7G3,dopamine,Di,glycine,GDCA,0.17861302196979523
A0A1M3L7G3,dopamine,Di,taurine,TDCA,0.15117202699184418
A0A1M3L7G3,dopamine,Tri,glycine,GCA,0.18624064326286316
A0A1M3L7G3,dopamine,Tri,taurine,TCA,0.14332321286201477
A0A1M3L7G3,gaba,Mono,glycine,GLCA,0.13346433639526367
A0A1M3L7G3,gaba,Mono,taurine,TLCA,0.21108511090278625
A0A1M3L7G3,gaba,Di,glycine,GDCA,0.17814870178699493
A0A1M3L7G3,gaba,Di,taurine,TDCA,0.13461607694625854
A0A1M3L7G3,gaba,Tri,glycine,GCA,0.19272953271865845
A0A1M3L7G3,gaba,Tri,taurine,TCA,0.13367074728012085
A0A1M3L7G3,glyglycine,Mono,glycine,GLCA,0.11633960157632828
A0A1M3L7G3,glyglycine,Mono,taurine,TLCA,0.1488269418478012
A0A1M3L7G3,glyglycine,Di,glycine,GDCA,0.12005270272493362
A0A1M3L7G3,glyglycine,Di,taurine,TDCA,0.06105427071452141
A0A1M3L7G3,glyglycine,Tri,glycine,GCA,0.07339613139629364
A0A1M3L7G3,glyglycine,Tri,taurine,TCA,0.02860857918858528
A0A1M3L7G3,alanine,Mono,glycine,GLCA,0.16413794457912445
A0A1M3L7G3,alanine,Mono,taurine,TLCA,0.25160080194473267
A0A1M3L7G3,alanine,Di,glycine,GDCA,0.1690114438533783
A0A1M3L7G3,alanine,Di,taurine,TDCA,0.10436800122261047
A0A1M3L7G3,alanine,Tri,glycine,GCA,0.16667284071445465
A0A1M3L7G3,alanine,Tri,taurine,TCA,0.14352628588676453
A0A1M3L7G3,arginine,Mono,glycine,GLCA,0.10619208216667175
A0A1M3L7G3,arginine,Mono,taurine,TLCA,0.31838545203208923
A0A1M3L7G3,arginine,Di,glycine,GDCA,0.17487195134162903
A0A1M3L7G3,arginine,Di,taurine,TDCA,0.218253493309021
A0A1M3L7G3,arginine,Tri,glycine,GCA,0.2197774201631546
A0A1M3L7G3,arginine,Tri,taurine,TCA,0.19540584087371826
A0A1M3L7G3,citrulline,Mono,glycine,GLCA,0.24344994127750397
A0A1M3L7G3,citrulline,Mono,taurine,TLCA,0.43626922369003296
A0A1M3L7G3,citrulline,Di,glycine,GDCA,0.2665154039859772
A0A1M3L7G3,citrulline,Di,taurine,TDCA,0.32564061880111694
A0A1M3L7G3,citrulline,Tri,glycine,GCA,0.2686581015586853
A0A1M3L7G3,citrulline,Tri,taurine,TCA,0.28742432594299316
A0A1M3L7G3,glutamine,Mono,glycine,GLCA,0.19946113228797913
A0A1M3L7G3,glutamine,Mono,taurine,TLCA,0.41589874029159546
A0A1M3L7G3,glutamine,Di,glycine,GDCA,0.31261301040649414
A0A1M3L7G3,glutamine,Di,taurine,TDCA,0.36721479892730713
A0A1M3L7G3,glutamine,Tri,glycine,GCA,0.25352588295936584
A0A1M3L7G3,glutamine,Tri,taurine,TCA,0.2931098937988281
A0A1M3L7G3,histidine,Mono,glycine,GLCA,0.22527308762073517
A0A1M3L7G3,histidine,Mono,taurine,TLCA,0.4749422073364258
A0A1M3L7G3,histidine,Di,glycine,GDCA,0.2598642408847809
A0A1M3L7G3,histidine,Di,taurine,TDCA,0.36449572443962097
A0A1M3L7G3,histidine,Tri,glycine,GCA,0.2601243555545807
A0A1M3L7G3,histidine,Tri,taurine,TCA,0.3641244173049927
A0A1M3L7G3,lysine,Mono,glycine,GLCA,0.1515582650899887
A0A1M3L7G3,lysine,Mono,taurine,TLCA,0.19791555404663086
A0A1M3L7G3,lysine,Di,glycine,GDCA,0.21038249135017395
A0A1M3L7G3,lysine,Di,taurine,TDCA,0.18569810688495636
A0A1M3L7G3,lysine,Tri,glycine,GCA,0.21089047193527222
A0A1M3L7G3,lysine,Tri,taurine,TCA,0.16948136687278748
A0A1M3L7G3,methionine,Mono,glycine,GLCA,0.12705634534358978
A0A1M3L7G3,methionine,Mono,taurine,TLCA,0.22369526326656342
A0A1M3L7G3,methionine,Di,glycine,GDCA,0.11771105229854584
A0A1M3L7G3,methionine,Di,taurine,TDCA,0.10462041944265366
A0A1M3L7G3,methionine,Tri,glycine,GCA,0.12908974289894104
A0A1M3L7G3,methionine,Tri,taurine,TCA,0.1476377248764038
A0A1M3L7G3,ornithine,Mono,glycine,GLCA,0.13865937292575836
A0A1M3L7G3,ornithine,Mono,taurine,TLCA,0.18914282321929932
A0A1M3L7G3,ornithine,Di,glycine,GDCA,0.1944337636232376
A0A1M3L7G3,ornithine,Di,taurine,TDCA,0.1697160303592682
A0A1M3L7G3,ornithine,Tri,glycine,GCA,0.24127967655658722
A0A1M3L7G3,ornithine,Tri,taurine,TCA,0.18759918212890625
A0A1M3L7G3,phenylalanine,Mono,glycine,GLCA,0.25730639696121216
A0A1M3L7G3,phenylalanine,Mono,taurine,TLCA,0.4693456292152405
A0A1M3L7G3,phenylalanine,Di,glycine,GDCA,0.3206422030925751
A0A1M3L7G3,phenylalanine,Di,taurine,TDCA,0.41120120882987976
A0A1M3L7G3,phenylalanine,Tri,glycine,GCA,0.2806089222431183
A0A1M3L7G3,phenylalanine,Tri,taurine,TCA,0.34258538484573364
A0A1M3L7G3,serine,Mono,glycine,GLCA,0.25371605157852173
A0A1M3L7G3,serine,Mono,taurine,TLCA,0.41235190629959106
A0A1M3L7G3,serine,Di,glycine,GDCA,0.29302072525024414
A0A1M3L7G3,serine,Di,taurine,TDCA,0.3791810870170593
A0A1M3L7G3,serine,Tri,glycine,GCA,0.2978816032409668
A0A1M3L7G3,serine,Tri,taurine,TCA,0.3000325858592987
A0A1M3L7G3,threonine,Mono,glycine,GLCA,0.24697166681289673
A0A1M3L7G3,threonine,Mono,taurine,TLCA,0.4615795612335205
A0A1M3L7G3,threonine,Di,glycine,GDCA,0.3507736623287201
A0A1M3L7G3,threonine,Di,taurine,TDCA,0.4106454849243164
A0A1M3L7G3,threonine,Tri,glycine,GCA,0.2964766025543213
A0A1M3L7G3,threonine,Tri,taurine,TCA,0.34251850843429565
A0A1M3L7G3,tryptamine,Mono,glycine,GLCA,0.11623860895633698
A0A1M3L7G3,tryptamine,Mono,taurine,TLCA,0.16500234603881836
A0A1M3L7G3,tryptamine,Di,glycine,GDCA,0.17954735457897186
A0A1M3L7G3,tryptamine,Di,taurine,TDCA,0.16451217234134674
A0A1M3L7G3,tryptamine,Tri,glycine,GCA,0.2003898024559021
A0A1M3L7G3,tryptamine,Tri,taurine,TCA,0.15494297444820404
A0A1M3L7G3,cadaverine,Mono,glycine,GLCA,0.1727587878704071
A0A1M3L7G3,cadaverine,Mono,taurine,TLCA,0.1903197467327118
A0A1M3L7G3,cadaverine,Di,glycine,GDCA,0.20519715547561646
A0A1M3L7G3,cadaverine,Di,taurine,TDCA,0.15950274467468262
A0A1M3L7G3,cadaverine,Tri,glycine,GCA,0.20946460962295532
A0A1M3L7G3,cadaverine,Tri,taurine,TCA,0.15713748335838318
A0A1M3L7G3,putrescine,Mono,glycine,GLCA,0.1900249421596527
A0A1M3L7G3,putrescine,Mono,taurine,TLCA,0.26226967573165894
A0A1M3L7G3,putrescine,Di,glycine,GDCA,0.22595202922821045
A0A1M3L7G3,putrescine,Di,taurine,TDCA,0.188825786113739
A0A1M3L7G3,putrescine,Tri,glycine,GCA,0.1848621964454651
A0A1M3L7G3,putrescine,Tri,taurine,TCA,0.15548604726791382
A0A1M3L7G3,2_aminophenol,Mono,glycine,GLCA,0.2110837996006012
A0A1M3L7G3,2_aminophenol,Mono,taurine,TLCA,0.34188589453697205
A0A1M3L7G3,2_aminophenol,Di,glycine,GDCA,0.3104827404022217
A0A1M3L7G3,2_aminophenol,Di,taurine,TDCA,0.34485799074172974
A0A1M3L7G3,2_aminophenol,Tri,glycine,GCA,0.27275338768959045
A0A1M3L7G3,2_aminophenol,Tri,taurine,TCA,0.274997353553772
A0A1M3L7G3,serotonin,Mono,glycine,GLCA,0.12022144347429276
A0A1M3L7G3,serotonin,Mono,taurine,TLCA,0.23435339331626892
A0A1M3L7G3,serotonin,Di,glycine,GDCA,0.21649587154388428
A0A1M3L7G3,serotonin,Di,taurine,TDCA,0.19011294841766357
A0A1M3L7G3,serotonin,Tri,glycine,GCA,0.25155842304229736
A0A1M3L7G3,serotonin,Tri,taurine,TCA,0.2063804268836975
A0A1M3L7G3,tyramine,Mono,glycine,GLCA,0.16728046536445618
A0A1M3L7G3,tyramine,Mono,taurine,TLCA,0.2207227200269699
A0A1M3L7G3,tyramine,Di,glycine,GDCA,0.23687011003494263
A0A1M3L7G3,tyramine,Di,taurine,TDCA,0.1770477294921875
A0A1M3L7G3,tyramine,Tri,glycine,GCA,0.2222738116979599
A0A1M3L7G3,tyramine,Tri,taurine,TCA,0.18409135937690735
A0A1M3L7G3,cystine,Mono,glycine,GLCA,0.11090496182441711
A0A1M3L7G3,cystine,Mono,taurine,TLCA,0.2922977805137634
A0A1M3L7G3,cystine,Di,glycine,GDCA,0.1729547679424286
A0A1M3L7G3,cystine,Di,taurine,TDCA,0.09613200277090073
A0A1M3L7G3,cystine,Tri,glycine,GCA,0.19918474555015564
A0A1M3L7G3,cystine,Tri,taurine,TCA,0.13534799218177795
A0A1N6ECR1,"2,3_diaminopropionic acid",Mono,glycine,GLCA,0.24190911650657654
A0A1N6ECR1,"2,3_diaminopropionic acid",Mono,taurine,TLCA,0.39723026752471924
A0A1N6ECR1,"2,3_diaminopropionic acid",Di,glycine,GDCA,0.3301912546157837
A0A1N6ECR1,"2,3_diaminopropionic acid",Di,taurine,TDCA,0.3326350748538971
A0A1N6ECR1,"2,3_diaminopropionic acid",Tri,glycine,GCA,0.31866908073425293
A0A1N6ECR1,"2,3_diaminopropionic acid",Tri,taurine,TCA,0.3080254793167114
A0A1N6ECR1,3_methoxytyramine,Mono,glycine,GLCA,0.09483655542135239
A0A1N6ECR1,3_methoxytyramine,Mono,taurine,TLCA,0.17713779211044312
A0A1N6ECR1,3_methoxytyramine,Di,glycine,GDCA,0.12219762057065964
A0A1N6ECR1,3_methoxytyramine,Di,taurine,TDCA,0.033517636358737946
A0A1N6ECR1,3_methoxytyramine,Tri,glycine,GCA,0.09364062547683716
A0A1N6ECR1,3_methoxytyramine,Tri,taurine,TCA,0.05820787698030472
A0A1N6ECR1,asparagine,Mono,glycine,GLCA,0.23814496397972107
A0A1N6ECR1,asparagine,Mono,taurine,TLCA,0.46688419580459595
A0A1N6ECR1,asparagine,Di,glycine,GDCA,0.26672840118408203
A0A1N6ECR1,asparagine,Di,taurine,TDCA,0.341347873210907
A0A1N6ECR1,asparagine,Tri,glycine,GCA,0.2511977553367615
A0A1N6ECR1,asparagine,Tri,taurine,TCA,0.3155473470687866
A0A1N6ECR1,proline,Mono,glycine,GLCA,0.314357727766037
A0A1N6ECR1,proline,Mono,taurine,TLCA,0.4865736663341522
A0A1N6ECR1,proline,Di,glycine,GDCA,0.2494308203458786
A0A1N6ECR1,proline,Di,taurine,TDCA,0.24574574828147888
A0A1N6ECR1,proline,Tri,glycine,GCA,0.24840179085731506
A0A1N6ECR1,proline,Tri,taurine,TCA,0.20582014322280884
A0A1N6ECR1,dopamine,Mono,glycine,GLCA,0.16693450510501862
A0A1N6ECR1,dopamine,Mono,taurine,TLCA,0.3204561769962311
A0A1N6ECR1,dopamine,Di,glycine,GDCA,0.20572109520435333
A0A1N6ECR1,dopamine,Di,taurine,TDCA,0.17493927478790283
A0A1N6ECR1,dopamine,Tri,glycine,GCA,0.1827235072851181
A0A1N6ECR1,dopamine,Tri,taurine,TCA,0.14899197220802307
A0A1N6ECR1,gaba,Mono,glycine,GLCA,0.19645550847053528
A0A1N6ECR1,gaba,Mono,taurine,TLCA,0.28279805183410645
A0A1N6ECR1,gaba,Di,glycine,GDCA,0.1969226896762848
A0A1N6ECR1,gaba,Di,taurine,TDCA,0.17211011052131653
A0A1N6ECR1,gaba,Tri,glycine,GCA,0.21595725417137146
A0A1N6ECR1,gaba,Tri,taurine,TCA,0.16894066333770752
A0A1N6ECR1,glyglycine,Mono,glycine,GLCA,0.18678294122219086
A0A1N6ECR1,glyglycine,Mono,taurine,TLCA,0.22521087527275085
A0A1N6ECR1,glyglycine,Di,glycine,GDCA,0.17210432887077332
A0A1N6ECR1,glyglycine,Di,taurine,TDCA,0.08964686095714569
A0A1N6ECR1,glyglycine,Tri,glycine,GCA,0.10816507041454315
A0A1N6ECR1,glyglycine,Tri,taurine,TCA,0.061252690851688385
A0A1N6ECR1,alanine,Mono,glycine,GLCA,0.22710080444812775
A0A1N6ECR1,alanine,Mono,taurine,TLCA,0.3302842974662781
A0A1N6ECR1,alanine,Di,glycine,GDCA,0.21995924413204193
A0A1N6ECR1,alanine,Di,taurine,TDCA,0.17361953854560852
A0A1N6ECR1,alanine,Tri,glycine,GCA,0.182160422205925
A0A1N6ECR1,alanine,Tri,taurine,TCA,0.1689784675836563
A0A1N6ECR1,arginine,Mono,glycine,GLCA,0.17043182253837585
A0A1N6ECR1,arginine,Mono,taurine,TLCA,0.3991639018058777
A0A1N6ECR1,arginine,Di,glycine,GDCA,0.21994400024414062
A0A1N6ECR1,arginine,Di,taurine,TDCA,0.26001742482185364
A0A1N6ECR1,arginine,Tri,glycine,GCA,0.22878217697143555
A0A1N6ECR1,arginine,Tri,taurine,TCA,0.22998081147670746
A0A1N6ECR1,citrulline,Mono,glycine,GLCA,0.2903189957141876
A0A1N6ECR1,citrulline,Mono,taurine,TLCA,0.49022871255874634
A0A1N6ECR1,citrulline,Di,glycine,GDCA,0.2869788706302643
A0A1N6ECR1,citrulline,Di,taurine,TDCA,0.3474705219268799
A0A1N6ECR1,citrulline,Tri,glycine,GCA,0.276546835899353
A0A1N6ECR1,citrulline,Tri,taurine,TCA,0.3181711435317993
A0A1N6ECR1,glutamine,Mono,glycine,GLCA,0.28255829215049744
A0A1N6ECR1,glutamine,Mono,taurine,TLCA,0.48292481899261475
A0A1N6ECR1,glutamine,Di,glycine,GDCA,0.3397752046585083
A0A1N6ECR1,glutamine,Di,taurine,TDCA,0.39756661653518677
A0A1N6ECR1,glutamine,Tri,glycine,GCA,0.2708965241909027
A0A1N6ECR1,glutamine,Tri,taurine,TCA,0.3336350619792938
A0A1N6ECR1,histidine,Mono,glycine,GLCA,0.27922454476356506
A0A1N6ECR1,histidine,Mono,taurine,TLCA,0.5233380794525146
A0A1N6ECR1,histidine,Di,glycine,GDCA,0.2754727900028229
A0A1N6ECR1,histidine,Di,taurine,TDCA,0.3757418394088745
A0A1N6ECR1,histidine,Tri,glycine,GCA,0.2716176509857178
A0A1N6ECR1,histidine,Tri,taurine,TCA,0.37877681851387024
A0A1N6ECR1,lysine,Mono,glycine,GLCA,0.2103409767150879
A0A1N6ECR1,lysine,Mono,taurine,TLCA,0.28729408979415894
A0A1N6ECR1,lysine,Di,glycine,GDCA,0.2419997751712799
A0A1N6ECR1,lysine,Di,taurine,TDCA,0.22965149581432343
A0A1N6ECR1,lysine,Tri,glycine,GCA,0.24331261217594147
A0A1N6ECR1,lysine,Tri,taurine,TCA,0.2163010835647583
A0A1N6ECR1,methionine,Mono,glycine,GLCA,0.2047518640756607
A0A1N6ECR1,methionine,Mono,taurine,TLCA,0.3120773732662201
A0A1N6ECR1,methionine,Di,glycine,GDCA,0.16737419366836548
A0A1N6ECR1,methionine,Di,taurine,TDCA,0.17230314016342163
A0A1N6ECR1,methionine,Tri,glycine,GCA,0.15904852747917175
A0A1N6ECR1,methionine,Tri,taurine,TCA,0.19761894643306732
A0A1N6ECR1,ornithine,Mono,glycine,GLCA,0.21506819128990173
A0A1N6ECR1,ornithine,Mono,taurine,TLCA,0.2770848274230957
A0A1N6ECR1,ornithine,Di,glycine,GDCA,0.23910017311573029
A0A1N6ECR1,ornithine,Di,taurine,TDCA,0.21880853176116943
A0A1N6ECR1,ornithine,Tri,glycine,GCA,0.2681539058685303
A0A1N6ECR1,ornithine,Tri,taurine,TCA,0.22930431365966797
A0A1N6ECR1,phenylalanine,Mono,glycine,GLCA,0.29889968037605286
A0A1N6ECR1,phenylalanine,Mono,taurine,TLCA,0.5245343446731567
A0A1N6ECR1,phenylalanine,Di,glycine,GDCA,0.3362131118774414
A0A1N6ECR1,phenylalanine,Di,taurine,TDCA,0.4386776089668274
A0A1N6ECR1,phenylalanine,Tri,glycine,GCA,0.28792041540145874
A0A1N6ECR1,phenylalanine,Tri,taurine,TCA,0.34260278940200806
A0A1N6ECR1,serine,Mono,glycine,GLCA,0.32817256450653076
A0A1N6ECR1,serine,Mono,taurine,TLCA,0.48279085755348206
A0A1N6ECR1,serine,Di,glycine,GDCA,0.3085353970527649
A0A1N6ECR1,serine,Di,taurine,TDCA,0.4061167538166046
A0A1N6ECR1,serine,Tri,glycine,GCA,0.31137239933013916
A0A1N6ECR1,serine,Tri,taurine,TCA,0.32737621665000916
A0A1N6ECR1,threonine,Mono,glycine,GLCA,0.300942063331604
A0A1N6ECR1,threonine,Mono,taurine,TLCA,0.5176336765289307
A0A1N6ECR1,threonine,Di,glycine,GDCA,0.3629855811595917
A0A1N6ECR1,threonine,Di,taurine,TDCA,0.42719098925590515
A0A1N6ECR1,threonine,Tri,glycine,GCA,0.3003913164138794
A0A1N6ECR1,threonine,Tri,taurine,TCA,0.36062562465667725
A0A1N6ECR1,tryptamine,Mono,glycine,GLCA,0.1594311147928238
A0A1N6ECR1,tryptamine,Mono,taurine,TLCA,0.24586662650108337
A0A1N6ECR1,tryptamine,Di,glycine,GDCA,0.22529588639736176
A0A1N6ECR1,tryptamine,Di,taurine,TDCA,0.2063559889793396
A0A1N6ECR1,tryptamine,Tri,glycine,GCA,0.1912490725517273
A0A1N6ECR1,tryptamine,Tri,taurine,TCA,0.17227628827095032
A0A1N6ECR1,cadaverine,Mono,glycine,GLCA,0.23364385962486267
A0A1N6ECR1,cadaverine,Mono,taurine,TLCA,0.2775150537490845
A0A1N6ECR1,cadaverine,Di,glycine,GDCA,0.23096305131912231
A0A1N6ECR1,cadaverine,Di,taurine,TDCA,0.20332708954811096
A0A1N6ECR1,cadaverine,Tri,glycine,GCA,0.23784348368644714
A0A1N6ECR1,cadaverine,Tri,taurine,TCA,0.19541585445404053
A0A1N6ECR1,putrescine,Mono,glycine,GLCA,0.24878466129302979
A0A1N6ECR1,putrescine,Mono,taurine,TLCA,0.34074947237968445
A0A1N6ECR1,putrescine,Di,glycine,GDCA,0.23799671232700348
A0A1N6ECR1,putrescine,Di,taurine,TDCA,0.22721907496452332
A0A1N6ECR1,putrescine,Tri,glycine,GCA,0.2162744551897049
A0A1N6ECR1,putrescine,Tri,taurine,TCA,0.18995016813278198
A0A1N6ECR1,2_aminophenol,Mono,glycine,GLCA,0.2820627987384796
A0A1N6ECR1,2_aminophenol,Mono,taurine,TLCA,0.43579500913619995
A0A1N6ECR1,2_aminophenol,Di,glycine,GDCA,0.36462098360061646
A0A1N6ECR1,2_aminophenol,Di,taurine,TDCA,0.41560500860214233
A0A1N6ECR1,2_aminophenol,Tri,glycine,GCA,0.3197302222251892
A0A1N6ECR1,2_aminophenol,Tri,taurine,TCA,0.3498334288597107
A0A1N6ECR1,serotonin,Mono,glycine,GLCA,0.17085950076580048
A0A1N6ECR1,serotonin,Mono,taurine,TLCA,0.31266576051712036
A0A1N6ECR1,serotonin,Di,glycine,GDCA,0.26549088954925537
A0A1N6ECR1,serotonin,Di,taurine,TDCA,0.23446844518184662
A0A1N6ECR1,serotonin,Tri,glycine,GCA,0.2802351713180542
A0A1N6ECR1,serotonin,Tri,taurine,TCA,0.23321059346199036
A0A1N6ECR1,tyramine,Mono,glycine,GLCA,0.21141640841960907
A0A1N6ECR1,tyramine,Mono,taurine,TLCA,0.29978692531585693
A0A1N6ECR1,tyramine,Di,glycine,GDCA,0.26262950897216797
A0A1N6ECR1,tyramine,Di,taurine,TDCA,0.21060135960578918
A0A1N6ECR1,tyramine,Tri,glycine,GCA,0.22005881369113922
A0A1N6ECR1,tyramine,Tri,taurine,TCA,0.20503801107406616
A0A1N6ECR1,cystine,Mono,glycine,GLCA,0.1810593605041504
A0A1N6ECR1,cystine,Mono,taurine,TLCA,0.3712715208530426
A0A1N6ECR1,cystine,Di,glycine,GDCA,0.20570749044418335
A0A1N6ECR1,cystine,Di,taurine,TDCA,0.1307741105556488
A0A1N6ECR1,cystine,Tri,glycine,GCA,0.24349857866764069
A0A1N6ECR1,cystine,Tri,taurine,TCA,0.1825963854789734
A0A1Q6E5Z9,"2,3_diaminopropionic acid",Mono,glycine,GLCA,0.21766448020935059
A0A1Q6E5Z9,"2,3_diaminopropionic acid",Mono,taurine,TLCA,0.3450656831264496
A0A1Q6E5Z9,"2,3_diaminopropionic acid",Di,glycine,GDCA,0.3380538821220398
A0A1Q6E5Z9,"2,3_diaminopropionic acid",Di,taurine,TDCA,0.31626591086387634
A0A1Q6E5Z9,"2,3_diaminopropionic acid",Tri,glycine,GCA,0.3434390127658844
A0A1Q6E5Z9,"2,3_diaminopropionic acid",Tri,taurine,TCA,0.30659496784210205
A0A1Q6E5Z9,3_methoxytyramine,Mono,glycine,GLCA,0.064776711165905
A0A1Q6E5Z9,3_methoxytyramine,Mono,taurine,TLCA,0.11032956838607788
A0A1Q6E5Z9,3_methoxytyramine,Di,glycine,GDCA,0.13876286149024963
A0A1Q6E5Z9,3_methoxytyramine,Di,taurine,TDCA,0.037803519517183304
A0A1Q6E5Z9,3_methoxytyramine,Tri,glycine,GCA,0.10108618438243866
A0A1Q6E5Z9,3_methoxytyramine,Tri,taurine,TCA,0.05501488596200943
A0A1Q6E5Z9,asparagine,Mono,glycine,GLCA,0.21663761138916016
A0A1Q6E5Z9,asparagine,Mono,taurine,TLCA,0.42430442571640015
A0A1Q6E5Z9,asparagine,Di,glycine,GDCA,0.25512370467185974
A0A1Q6E5Z9,asparagine,Di,taurine,TDCA,0.3218710124492645
A0A1Q6E5Z9,asparagine,Tri,glycine,GCA,0.26743146777153015
A0A1Q6E5Z9,asparagine,Tri,taurine,TCA,0.30722421407699585
A0A1Q6E5Z9,proline,Mono,glycine,GLCA,0.29747363924980164
A0A1Q6E5Z9,proline,Mono,taurine,TLCA,0.44321703910827637
A0A1Q6E5Z9,proline,Di,glycine,GDCA,0.256214439868927
A0A1Q6E5Z9,proline,Di,taurine,TDCA,0.24522888660430908
A0A1Q6E5Z9,proline,Tri,glycine,GCA,0.26369351148605347
A0A1Q6E5Z9,proline,Tri,taurine,TCA,0.20650288462638855
A0A1Q6E5Z9,dopamine,Mono,glycine,GLCA,0.1629076898097992
A0A1Q6E5Z9,dopamine,Mono,taurine,TLCA,0.2605319023132324
A0A1Q6E5Z9,dopamine,Di,glycine,GDCA,0.2133687287569046
A0A1Q6E5Z9,dopamine,Di,taurine,TDCA,0.18722385168075562
A0A1Q6E5Z9,dopamine,Tri,glycine,GCA,0.21479010581970215
A0A1Q6E5Z9,dopamine,Tri,taurine,TCA,0.16735994815826416
A0A1Q6E5Z9,gaba,Mono,glycine,GLCA,0.17385725677013397
A0A1Q6E5Z9,gaba,Mono,taurine,TLCA,0.22642824053764343
A0A1Q6E5Z9,gaba,Di,glycine,GDCA,0.19816701114177704
A0A1Q6E5Z9,gaba,Di,taurine,TDCA,0.1439647376537323
A0A1Q6E5Z9,gaba,Tri,glycine,GCA,0.22492942214012146
A0A1Q6E5Z9,gaba,Tri,taurine,TCA,0.16415515542030334
A0A1Q6E5Z9,glyglycine,Mono,glycine,GLCA,0.17135988175868988
A0A1Q6E5Z9,glyglycine,Mono,taurine,TLCA,0.18405234813690186
A0A1Q6E5Z9,glyglycine,Di,glycine,GDCA,0.15431103110313416
A0A1Q6E5Z9,glyglycine,Di,taurine,TDCA,0.08973869681358337
A0A1Q6E5Z9,glyglycine,Tri,glycine,GCA,0.10102793574333191
A0A1Q6E5Z9,glyglycine,Tri,taurine,TCA,0.04813126474618912
A0A1Q6E5Z9,alanine,Mono,glycine,GLCA,0.20984004437923431
A0A1Q6E5Z9,alanine,Mono,taurine,TLCA,0.27907609939575195
A0A1Q6E5Z9,alanine,Di,glycine,GDCA,0.20621547102928162
A0A1Q6E5Z9,alanine,Di,taurine,TDCA,0.1367710828781128
A0A1Q6E5Z9,alanine,Tri,glycine,GCA,0.21548140048980713
A0A1Q6E5Z9,alanine,Tri,taurine,TCA,0.18892933428287506
A0A1Q6E5Z9,arginine,Mono,glycine,GLCA,0.14385579526424408
A0A1Q6E5Z9,arginine,Mono,taurine,TLCA,0.324504554271698
A0A1Q6E5Z9,arginine,Di,glycine,GDCA,0.20490403473377228
A0A1Q6E5Z9,arginine,Di,taurine,TDCA,0.23974069952964783
A0A1Q6E5Z9,arginine,Tri,glycine,GCA,0.2572426497936249
A0A1Q6E5Z9,arginine,Tri,taurine,TCA,0.22042793035507202
A0A1Q6E5Z9,citrulline,Mono,glycine,GLCA,0.2873867452144623
A0A1Q6E5Z9,citrulline,Mono,taurine,TLCA,0.44903966784477234
A0A1Q6E5Z9,citrulline,Di,glycine,GDCA,0.29158294200897217
A0A1Q6E5Z9,citrulline,Di,taurine,TDCA,0.336574524641037
A0A1Q6E5Z9,citrulline,Tri,glycine,GCA,0.30546024441719055
A0A1Q6E5Z9,citrulline,Tri,taurine,TCA,0.3070400059223175
A0A1Q6E5Z9,glutamine,Mono,glycine,GLCA,0.23527005314826965
A0A1Q6E5Z9,glutamine,Mono,taurine,TLCA,0.42947036027908325
A0A1Q6E5Z9,glutamine,Di,glycine,GDCA,0.33952611684799194
A0A1Q6E5Z9,glutamine,Di,taurine,TDCA,0.38796690106391907
A0A1Q6E5Z9,glutamine,Tri,glycine,GCA,0.2799166142940521
A0A1Q6E5Z9,glutamine,Tri,taurine,TCA,0.3196583390235901
A0A1Q6E5Z9,histidine,Mono,glycine,GLCA,0.25242680311203003
A0A1Q6E5Z9,histidine,Mono,taurine,TLCA,0.4795553386211395
A0A1Q6E5Z9,histidine,Di,glycine,GDCA,0.28296270966529846
A0A1Q6E5Z9,histidine,Di,taurine,TDCA,0.37447500228881836
A0A1Q6E5Z9,histidine,Tri,glycine,GCA,0.28499776124954224
A0A1Q6E5Z9,histidine,Tri,taurine,TCA,0.3860931992530823
A0A1Q6E5Z9,lysine,Mono,glycine,GLCA,0.1948608160018921
A0A1Q6E5Z9,lysine,Mono,taurine,TLCA,0.22042959928512573
A0A1Q6E5Z9,lysine,Di,glycine,GDCA,0.23741835355758667
A0A1Q6E5Z9,lysine,Di,taurine,TDCA,0.20717310905456543
A0A1Q6E5Z9,lysine,Tri,glycine,GCA,0.24808529019355774
A0A1Q6E5Z9,lysine,Tri,taurine,TCA,0.19862377643585205
A0A1Q6E5Z9,methionine,Mono,glycine,GLCA,0.1706833839416504
A0A1Q6E5Z9,methionine,Mono,taurine,TLCA,0.24777278304100037
A0A1Q6E5Z9,methionine,Di,glycine,GDCA,0.15910884737968445
A0A1Q6E5Z9,methionine,Di,taurine,TDCA,0.13764287531375885
A0A1Q6E5Z9,methionine,Tri,glycine,GCA,0.17031633853912354
A0A1Q6E5Z9,methionine,Tri,taurine,TCA,0.18372976779937744
A0A1Q6E5Z9,ornithine,Mono,glycine,GLCA,0.17882239818572998
A0A1Q6E5Z9,ornithine,Mono,taurine,TLCA,0.2057400941848755
A0A1Q6E5Z9,ornithine,Di,glycine,GDCA,0.21969035267829895
A0A1Q6E5Z9,ornithine,Di,taurine,TDCA,0.19521163403987885
A0A1Q6E5Z9,ornithine,Tri,glycine,GCA,0.26966604590415955
A0A1Q6E5Z9,ornithine,Tri,taurine,TCA,0.2075926512479782
A0A1Q6E5Z9,phenylalanine,Mono,glycine,GLCA,0.280992329120636
A0A1Q6E5Z9,phenylalanine,Mono,taurine,TLCA,0.47495561838150024
A0A1Q6E5Z9,phenylalanine,Di,glycine,GDCA,0.34171220660209656
A0A1Q6E5Z9,phenylalanine,Di,taurine,TDCA,0.4155547022819519
A0A1Q6E5Z9,phenylalanine,Tri,glycine,GCA,0.3042910397052765
A0A1Q6E5Z9,phenylalanine,Tri,taurine,TCA,0.35614171624183655
A0A1Q6E5Z9,serine,Mono,glycine,GLCA,0.2761354446411133
A0A1Q6E5Z9,serine,Mono,taurine,TLCA,0.4112575054168701
A0A1Q6E5Z9,serine,Di,glycine,GDCA,0.30784696340560913
A0A1Q6E5Z9,serine,Di,taurine,TDCA,0.3839993476867676
A0A1Q6E5Z9,serine,Tri,glycine,GCA,0.32398706674575806
A0A1Q6E5Z9,serine,Tri,taurine,TCA,0.3211554288864136
A0A1Q6E5Z9,threonine,Mono,glycine,GLCA,0.2693108916282654
A0A1Q6E5Z9,threonine,Mono,taurine,TLCA,0.4599737524986267
A0A1Q6E5Z9,threonine,Di,glycine,GDCA,0.3658674359321594
A0A1Q6E5Z9,threonine,Di,taurine,TDCA,0.41709768772125244
A0A1Q6E5Z9,threonine,Tri,glycine,GCA,0.32202786207199097
A0A1Q6E5Z9,threonine,Tri,taurine,TCA,0.3573451638221741
A0A1Q6E5Z9,tryptamine,Mono,glycine,GLCA,0.1652778685092926
A0A1Q6E5Z9,tryptamine,Mono,taurine,TLCA,0.19365942478179932
A0A1Q6E5Z9,tryptamine,Di,glycine,GDCA,0.2163478136062622
A0A1Q6E5Z9,tryptamine,Di,taurine,TDCA,0.19739864766597748
A0A1Q6E5Z9,tryptamine,Tri,glycine,GCA,0.22430947422981262
A0A1Q6E5Z9,tryptamine,Tri,taurine,TCA,0.17404258251190186
A0A1Q6E5Z9,cadaverine,Mono,glycine,GLCA,0.21265104413032532
A0A1Q6E5Z9,cadaverine,Mono,taurine,TLCA,0.19729915261268616
A0A1Q6E5Z9,cadaverine,Di,glycine,GDCA,0.22495189309120178
A0A1Q6E5Z9,cadaverine,Di,taurine,TDCA,0.17267107963562012
A0A1Q6E5Z9,cadaverine,Tri,glycine,GCA,0.24491125345230103
A0A1Q6E5Z9,cadaverine,Tri,taurine,TCA,0.18454718589782715
A0A1Q6E5Z9,putrescine,Mono,glycine,GLCA,0.2281542718410492
A0A1Q6E5Z9,putrescine,Mono,taurine,TLCA,0.26753586530685425
A0A1Q6E5Z9,putrescine,Di,glycine,GDCA,0.24156999588012695
A0A1Q6E5Z9,putrescine,Di,taurine,TDCA,0.19758136570453644
A0A1Q6E5Z9,putrescine,Tri,glycine,GCA,0.213640958070755
A0A1Q6E5Z9,putrescine,Tri,taurine,TCA,0.18121588230133057
A0A1Q6E5Z9,2_aminophenol,Mono,glycine,GLCA,0.24277925491333008
A0A1Q6E5Z9,2_aminophenol,Mono,taurine,TLCA,0.3526953160762787
A0A1Q6E5Z9,2_aminophenol,Di,glycine,GDCA,0.3263814151287079
A0A1Q6E5Z9,2_aminophenol,Di,taurine,TDCA,0.35539710521698
A0A1Q6E5Z9,2_aminophenol,Tri,glycine,GCA,0.28326699137687683
A0A1Q6E5Z9,2_aminophenol,Tri,taurine,TCA,0.2874634265899658
A0A1Q6E5Z9,serotonin,Mono,glycine,GLCA,0.16051839292049408
A0A1Q6E5Z9,serotonin,Mono,taurine,TLCA,0.2613319158554077
A0A1Q6E5Z9,serotonin,Di,glycine,GDCA,0.24752002954483032
A0A1Q6E5Z9,serotonin,Di,taurine,TDCA,0.2229107916355133
A0A1Q6E5Z9,serotonin,Tri,glycine,GCA,0.27521175146102905
A0A1Q6E5Z9,serotonin,Tri,taurine,TCA,0.2317047417163849
A0A1Q6E5Z9,tyramine,Mono,glycine,GLCA,0.20642834901809692
A0A1Q6E5Z9,tyramine,Mono,taurine,TLCA,0.24496528506278992
A0A1Q6E5Z9,tyramine,Di,glycine,GDCA,0.2704768478870392
A0A1Q6E5Z9,tyramine,Di,taurine,TDCA,0.2156832218170166
A0A1Q6E5Z9,tyramine,Tri,glycine,GCA,0.24660883843898773
A0A1Q6E5Z9,tyramine,Tri,taurine,TCA,0.21046152710914612
A0A1Q6E5Z9,cystine,Mono,glycine,GLCA,0.14713218808174133
A0A1Q6E5Z9,cystine,Mono,taurine,TLCA,0.2929093837738037
A0A1Q6E5Z9,cystine,Di,glycine,GDCA,0.1705053448677063
A0A1Q6E5Z9,cystine,Di,taurine,TDCA,0.10001290589570999
A0A1Q6E5Z9,cystine,Tri,glycine,GCA,0.20823311805725098
A0A1Q6E5Z9,cystine,Tri,taurine,TCA,0.1484222412109375
A0A1Q6F0C9,"2,3_diaminopropionic acid",Mono,glycine,GLCA,0.22571566700935364
A0A1Q6F0C9,"2,3_diaminopropionic acid",Mono,taurine,TLCA,0.37627077102661133
A0A1Q6F0C9,"2,3_diaminopropionic acid",Di,glycine,GDCA,0.25711214542388916
A0A1Q6F0C9,"2,3_diaminopropionic acid",Di,taurine,TDCA,0.2911466360092163
A0A1Q6F0C9,"2,3_diaminopropionic acid",Tri,glycine,GCA,0.22691255807876587
A0A1Q6F0C9,"2,3_diaminopropionic acid",Tri,taurine,TCA,0.20421230792999268
A0A1Q6F0C9,3_methoxytyramine,Mono,glycine,GLCA,0.02339862659573555
A0A1Q6F0C9,3_methoxytyramine,Mono,taurine,TLCA,0.07069753110408783
A0A1Q6F0C9,3_methoxytyramine,Di,glycine,GDCA,0.0878181979060173
A0A1Q6F0C9,3_methoxytyramine,Di,taurine,TDCA,0.021700872108340263
A0A1Q6F0C9,3_methoxytyramine,Tri,glycine,GCA,0.009145181626081467
A0A1Q6F0C9,3_methoxytyramine,Tri,taurine,TCA,0.005353812128305435
A0A1Q6F0C9,asparagine,Mono,glycine,GLCA,0.23893523216247559
A0A1Q6F0C9,asparagine,Mono,taurine,TLCA,0.44163018465042114
A0A1Q6F0C9,asparagine,Di,glycine,GDCA,0.20056547224521637
A0A1Q6F0C9,asparagine,Di,taurine,TDCA,0.27645939588546753
A0A1Q6F0C9,asparagine,Tri,glycine,GCA,0.203592911362648
A0A1Q6F0C9,asparagine,Tri,taurine,TCA,0.25124627351760864
A0A1Q6F0C9,proline,Mono,glycine,GLCA,0.29540717601776123
A0A1Q6F0C9,proline,Mono,taurine,TLCA,0.44915705919265747
A0A1Q6F0C9,proline,Di,glycine,GDCA,0.1740420162677765
A0A1Q6F0C9,proline,Di,taurine,TDCA,0.1635449230670929
A0A1Q6F0C9,proline,Tri,glycine,GCA,0.16187222301959991
A0A1Q6F0C9,proline,Tri,taurine,TCA,0.1499418020248413
A0A1Q6F0C9,dopamine,Mono,glycine,GLCA,0.13447724282741547
A0A1Q6F0C9,dopamine,Mono,taurine,TLCA,0.24753478169441223
A0A1Q6F0C9,dopamine,Di,glycine,GDCA,0.18227063119411469
A0A1Q6F0C9,dopamine,Di,taurine,TDCA,0.17192211747169495
A0A1Q6F0C9,dopamine,Tri,glycine,GCA,0.10871292650699615
A0A1Q6F0C9,dopamine,Tri,taurine,TCA,0.11132422834634781
A0A1Q6F0C9,gaba,Mono,glycine,GLCA,0.20085832476615906
A0A1Q6F0C9,gaba,Mono,taurine,TLCA,0.2850707769393921
A0A1Q6F0C9,gaba,Di,glycine,GDCA,0.13427233695983887
A0A1Q6F0C9,gaba,Di,taurine,TDCA,0.13394248485565186
A0A1Q6F0C9,gaba,Tri,glycine,GCA,0.1399855762720108
A0A1Q6F0C9,gaba,Tri,taurine,TCA,0.12235429883003235
A0A1Q6F0C9,glyglycine,Mono,glycine,GLCA,0.21116094291210175
A0A1Q6F0C9,glyglycine,Mono,taurine,TLCA,0.24760571122169495
A0A1Q6F0C9,glyglycine,Di,glycine,GDCA,0.22079014778137207
A0A1Q6F0C9,glyglycine,Di,taurine,TDCA,0.1791532188653946
A0A1Q6F0C9,glyglycine,Tri,glycine,GCA,0.06524727493524551
A0A1Q6F0C9,glyglycine,Tri,taurine,TCA,0.041549451649188995
A0A1Q6F0C9,alanine,Mono,glycine,GLCA,0.2478441298007965
A0A1Q6F0C9,alanine,Mono,taurine,TLCA,0.3442947268486023
A0A1Q6F0C9,alanine,Di,glycine,GDCA,0.2210378646850586
A0A1Q6F0C9,alanine,Di,taurine,TDCA,0.169862762093544
A0A1Q6F0C9,alanine,Tri,glycine,GCA,0.15843868255615234
A0A1Q6F0C9,alanine,Tri,taurine,TCA,0.15933255851268768
A0A1Q6F0C9,arginine,Mono,glycine,GLCA,0.19581784307956696
A0A1Q6F0C9,arginine,Mono,taurine,TLCA,0.3484717905521393
A0A1Q6F0C9,arginine,Di,glycine,GDCA,0.19214674830436707
A0A1Q6F0C9,arginine,Di,taurine,TDCA,0.25764936208724976
A0A1Q6F0C9,arginine,Tri,glycine,GCA,0.19679765403270721
A0A1Q6F0C9,arginine,Tri,taurine,TCA,0.20047061145305634
A0A1Q6F0C9,citrulline,Mono,glycine,GLCA,0.25272995233535767
A0A1Q6F0C9,citrulline,Mono,taurine,TLCA,0.43996554613113403
A0A1Q6F0C9,citrulline,Di,glycine,GDCA,0.21334639191627502
A0A1Q6F0C9,citrulline,Di,taurine,TDCA,0.2827867865562439
A0A1Q6F0C9,citrulline,Tri,glycine,GCA,0.20216433703899384
A0A1Q6F0C9,citrulline,Tri,taurine,TCA,0.22983959317207336
A0A1Q6F0C9,glutamine,Mono,glycine,GLCA,0.2624897062778473
A0A1Q6F0C9,glutamine,Mono,taurine,TLCA,0.455685555934906
A0A1Q6F0C9,glutamine,Di,glycine,GDCA,0.2751453220844269
A0A1Q6F0C9,glutamine,Di,taurine,TDCA,0.3432318866252899
A0A1Q6F0C9,glutamine,Tri,glycine,GCA,0.18280331790447235
A0A1Q6F0C9,glutamine,Tri,taurine,TCA,0.2664650082588196
A0A1Q6F0C9,histidine,Mono,glycine,GLCA,0.23580750823020935
A0A1Q6F0C9,histidine,Mono,taurine,TLCA,0.5111278295516968
A0A1Q6F0C9,histidine,Di,glycine,GDCA,0.23672273755073547
A0A1Q6F0C9,histidine,Di,taurine,TDCA,0.34479448199272156
A0A1Q6F0C9,histidine,Tri,glycine,GCA,0.2018708884716034
A0A1Q6F0C9,histidine,Tri,taurine,TCA,0.3232003450393677
A0A1Q6F0C9,lysine,Mono,glycine,GLCA,0.22014006972312927
A0A1Q6F0C9,lysine,Mono,taurine,TLCA,0.2416360080242157
A0A1Q6F0C9,lysine,Di,glycine,GDCA,0.20148128271102905
A0A1Q6F0C9,lysine,Di,taurine,TDCA,0.20441511273384094
A0A1Q6F0C9,lysine,Tri,glycine,GCA,0.17621144652366638
A0A1Q6F0C9,lysine,Tri,taurine,TCA,0.18223658204078674
A0A1Q6F0C9,methionine,Mono,glycine,GLCA,0.22292238473892212
A0A1Q6F0C9,methionine,Mono,taurine,TLCA,0.30845677852630615
A0A1Q6F0C9,methionine,Di,glycine,GDCA,0.14980719983577728
A0A1Q6F0C9,methionine,Di,taurine,TDCA,0.15820138156414032
A0A1Q6F0C9,methionine,Tri,glycine,GCA,0.09904569387435913
A0A1Q6F0C9,methionine,Tri,taurine,TCA,0.14386801421642303
A0A1Q6F0C9,ornithine,Mono,glycine,GLCA,0.18104293942451477
A0A1Q6F0C9,ornithine,Mono,taurine,TLCA,0.20553429424762726
A0A1Q6F0C9,ornithine,Di,glycine,GDCA,0.16932852566242218
A0A1Q6F0C9,ornithine,Di,taurine,TDCA,0.1792622208595276
A0A1Q6F0C9,ornithine,Tri,glycine,GCA,0.17335321009159088
A0A1Q6F0C9,ornithine,Tri,taurine,TCA,0.15687483549118042
A0A1Q6F0C9,phenylalanine,Mono,glycine,GLCA,0.28114748001098633
A0A1Q6F0C9,phenylalanine,Mono,taurine,TLCA,0.48382848501205444
A0A1Q6F0C9,phenylalanine,Di,glycine,GDCA,0.29201337695121765
A0A1Q6F0C9,phenylalanine,Di,taurine,TDCA,0.3955463767051697
A0A1Q6F0C9,phenylalanine,Tri,glycine,GCA,0.24120309948921204
A0A1Q6F0C9,phenylalanine,Tri,taurine,TCA,0.3111940026283264
A0A1Q6F0C9,serine,Mono,glycine,GLCA,0.30480578541755676
A0A1Q6F0C9,serine,Mono,taurine,TLCA,0.4504566490650177
A0A1Q6F0C9,serine,Di,glycine,GDCA,0.22289039194583893
A0A1Q6F0C9,serine,Di,taurine,TDCA,0.33318236470222473
A0A1Q6F0C9,serine,Tri,glycine,GCA,0.21987999975681305
A0A1Q6F0C9,serine,Tri,taurine,TCA,0.2741014063358307
A0A1Q6F0C9,threonine,Mono,glycine,GLCA,0.23799845576286316
A0A1Q6F0C9,threonine,Mono,taurine,TLCA,0.4008803367614746
A0A1Q6F0C9,threonine,Di,glycine,GDCA,0.23355045914649963
A0A1Q6F0C9,threonine,Di,taurine,TDCA,0.3166958689689636
A0A1Q6F0C9,threonine,Tri,glycine,GCA,0.15941187739372253
A0A1Q6F0C9,threonine,Tri,taurine,TCA,0.2175884246826172
A0A1Q6F0C9,tryptamine,Mono,glycine,GLCA,0.1897861659526825
A0A1Q6F0C9,tryptamine,Mono,taurine,TLCA,0.17532622814178467
A0A1Q6F0C9,tryptamine,Di,glycine,GDCA,0.1603478044271469
A0A1Q6F0C9,tryptamine,Di,taurine,TDCA,0.19031083583831787
A0A1Q6F0C9,tryptamine,Tri,glycine,GCA,0.16904541850090027
A0A1Q6F0C9,tryptamine,Tri,taurine,TCA,0.12782247364521027
A0A1Q6F0C9,cadaverine,Mono,glycine,GLCA,0.23905707895755768
A0A1Q6F0C9,cadaverine,Mono,taurine,TLCA,0.2862289249897003
A0A1Q6F0C9,cadaverine,Di,glycine,GDCA,0.18383923172950745
A0A1Q6F0C9,cadaverine,Di,taurine,TDCA,0.18413470685482025
A0A1Q6F0C9,cadaverine,Tri,glycine,GCA,0.18397662043571472
A0A1Q6F0C9,cadaverine,Tri,taurine,TCA,0.16246551275253296
A0A1Q6F0C9,putrescine,Mono,glycine,GLCA,0.22708383202552795
A0A1Q6F0C9,putrescine,Mono,taurine,TLCA,0.32393717765808105
A0A1Q6F0C9,putrescine,Di,glycine,GDCA,0.1709332913160324
A0A1Q6F0C9,putrescine,Di,taurine,TDCA,0.17193153500556946
A0A1Q6F0C9,putrescine,Tri,glycine,GCA,0.14637130498886108
A0A1Q6F0C9,putrescine,Tri,taurine,TCA,0.1489059329032898
A0A1Q6F0C9,2_aminophenol,Mono,glycine,GLCA,0.2273501604795456
A0A1Q6F0C9,2_aminophenol,Mono,taurine,TLCA,0.3519246578216553
A0A1Q6F0C9,2_aminophenol,Di,glycine,GDCA,0.2063445746898651
A0A1Q6F0C9,2_aminophenol,Di,taurine,TDCA,0.2769375145435333
A0A1Q6F0C9,2_aminophenol,Tri,glycine,GCA,0.18074189126491547
A0A1Q6F0C9,2_aminophenol,Tri,taurine,TCA,0.21872606873512268
A0A1Q6F0C9,serotonin,Mono,glycine,GLCA,0.18530096113681793
A0A1Q6F0C9,serotonin,Mono,taurine,TLCA,0.2608911991119385
A0A1Q6F0C9,serotonin,Di,glycine,GDCA,0.23338177800178528
A0A1Q6F0C9,serotonin,Di,taurine,TDCA,0.2520257234573364
A0A1Q6F0C9,serotonin,Tri,glycine,GCA,0.21867473423480988
A0A1Q6F0C9,serotonin,Tri,taurine,TCA,0.2098110318183899
A0A1Q6F0C9,tyramine,Mono,glycine,GLCA,0.1550741195678711
A0A1Q6F0C9,tyramine,Mono,taurine,TLCA,0.2253262996673584
A0A1Q6F0C9,tyramine,Di,glycine,GDCA,0.2312995344400406
A0A1Q6F0C9,tyramine,Di,taurine,TDCA,0.19780957698822021
A0A1Q6F0C9,tyramine,Tri,glycine,GCA,0.16032183170318604
A0A1Q6F0C9,tyramine,Tri,taurine,TCA,0.15249162912368774
A0A1Q6F0C9,cystine,Mono,glycine,GLCA,0.17613889276981354
A0A1Q6F0C9,cystine,Mono,taurine,TLCA,0.31747186183929443
A0A1Q6F0C9,cystine,Di,glycine,GDCA,0.11652074754238129
A0A1Q6F0C9,cystine,Di,taurine,TDCA,0.09924368560314178
A0A1Q6F0C9,cystine,Tri,glycine,GCA,0.11950606107711792
A0A1Q6F0C9,cystine,Tri,taurine,TCA,0.10524670779705048
A0A1Q6RAM4,"2,3_diaminopropionic acid",Mono,glycine,GLCA,0.15888157486915588
A0A1Q6RAM4,"2,3_diaminopropionic acid",Mono,taurine,TLCA,0.33662793040275574
A0A1Q6RAM4,"2,3_diaminopropionic acid",Di,glycine,GDCA,0.1833168864250183
A0A1Q6RAM4,"2,3_diaminopropionic acid",Di,taurine,TDCA,0.21434488892555237
A0A1Q6RAM4,"2,3_diaminopropionic acid",Tri,glycine,GCA,0.18731680512428284
A0A1Q6RAM4,"2,3_diaminopropionic acid",Tri,taurine,TCA,0.14974014461040497
A0A1Q6RAM4,3_methoxytyramine,Mono,glycine,GLCA,-0.001580163836479187
A0A1Q6RAM4,3_methoxytyramine,Mono,taurine,TLCA,0.045220959931612015
A0A1Q6RAM4,3_methoxytyramine,Di,glycine,GDCA,0.15113958716392517
A0A1Q6RAM4,3_methoxytyramine,Di,taurine,TDCA,0.07446946203708649
A0A1Q6RAM4,3_methoxytyramine,Tri,glycine,GCA,0.028183281421661377
A0A1Q6RAM4,3_methoxytyramine,Tri,taurine,TCA,0.016878362745046616
A0A1Q6RAM4,asparagine,Mono,glycine,GLCA,0.21057620644569397
A0A1Q6RAM4,asparagine,Mono,taurine,TLCA,0.4203537106513977
A0A1Q6RAM4,asparagine,Di,glycine,GDCA,0.1791946142911911
A0A1Q6RAM4,asparagine,Di,taurine,TDCA,0.2728758454322815
A0A1Q6RAM4,asparagine,Tri,glycine,GCA,0.2098046839237213
A0A1Q6RAM4,asparagine,Tri,taurine,TCA,0.24842466413974762
A0A1Q6RAM4,proline,Mono,glycine,GLCA,0.21688880026340485
A0A1Q6RAM4,proline,Mono,taurine,TLCA,0.35078632831573486
A0A1Q6RAM4,proline,Di,glycine,GDCA,0.09354758262634277
A0A1Q6RAM4,proline,Di,taurine,TDCA,0.06791915744543076
A0A1Q6RAM4,proline,Tri,glycine,GCA,0.12324446439743042
A0A1Q6RAM4,proline,Tri,taurine,TCA,0.10260970890522003
A0A1Q6RAM4,dopamine,Mono,glycine,GLCA,0.06344431638717651
A0A1Q6RAM4,dopamine,Mono,taurine,TLCA,0.1926608383655548
A0A1Q6RAM4,dopamine,Di,glycine,GDCA,0.12608161568641663
A0A1Q6RAM4,dopamine,Di,taurine,TDCA,0.10990621149539948
A0A1Q6RAM4,dopamine,Tri,glycine,GCA,0.05521366000175476
A0A1Q6RAM4,dopamine,Tri,taurine,TCA,0.03711121156811714
A0A1Q6RAM4,gaba,Mono,glycine,GLCA,0.13531798124313354
A0A1Q6RAM4,gaba,Mono,taurine,TLCA,0.2555409371852875
A0A1Q6RAM4,gaba,Di,glycine,GDCA,0.11481773853302002
A0A1Q6RAM4,gaba,Di,taurine,TDCA,0.07429244369268417
A0A1Q6RAM4,gaba,Tri,glycine,GCA,0.09411661326885223
A0A1Q6RAM4,gaba,Tri,taurine,TCA,0.053287871181964874
A0A1Q6RAM4,glyglycine,Mono,glycine,GLCA,0.14160728454589844
A0A1Q6RAM4,glyglycine,Mono,taurine,TLCA,0.160709947347641
A0A1Q6RAM4,glyglycine,Di,glycine,GDCA,0.18206438422203064
A0A1Q6RAM4,glyglycine,Di,taurine,TDCA,0.15214157104492188
A0A1Q6RAM4,glyglycine,Tri,glycine,GCA,0.037050582468509674
A0A1Q6RAM4,glyglycine,Tri,taurine,TCA,-0.0009314343333244324
A0A1Q6RAM4,alanine,Mono,glycine,GLCA,0.19488710165023804
A0A1Q6RAM4,alanine,Mono,taurine,TLCA,0.2815943658351898
A0A1Q6RAM4,alanine,Di,glycine,GDCA,0.15821588039398193
A0A1Q6RAM4,alanine,Di,taurine,TDCA,0.1314098834991455
A0A1Q6RAM4,alanine,Tri,glycine,GCA,0.1276574283838272
A0A1Q6RAM4,alanine,Tri,taurine,TCA,0.12962070107460022
A0A1Q6RAM4,arginine,Mono,glycine,GLCA,0.14551366865634918
A0A1Q6RAM4,arginine,Mono,taurine,TLCA,0.2716767489910126
A0A1Q6RAM4,arginine,Di,glycine,GDCA,0.1466054618358612
A0A1Q6RAM4,arginine,Di,taurine,TDCA,0.21630911529064178
A0A1Q6RAM4,arginine,Tri,glycine,GCA,0.16922642290592194
A0A1Q6RAM4,arginine,Tri,taurine,TCA,0.16521501541137695
A0A1Q6RAM4,citrulline,Mono,glycine,GLCA,0.18879416584968567
A0A1Q6RAM4,citrulline,Mono,taurine,TLCA,0.3699861168861389
A0A1Q6RAM4,citrulline,Di,glycine,GDCA,0.13018064200878143
A0A1Q6RAM4,citrulline,Di,taurine,TDCA,0.19288170337677002
A0A1Q6RAM4,citrulline,Tri,glycine,GCA,0.13671018183231354
A0A1Q6RAM4,citrulline,Tri,taurine,TCA,0.13834089040756226
A0A1Q6RAM4,glutamine,Mono,glycine,GLCA,0.22475920617580414
A0A1Q6RAM4,glutamine,Mono,taurine,TLCA,0.434786319732666
A0A1Q6RAM4,glutamine,Di,glycine,GDCA,0.22610153257846832
A0A1Q6RAM4,glutamine,Di,taurine,TDCA,0.3009245991706848
A0A1Q6RAM4,glutamine,Tri,glycine,GCA,0.1828581988811493
A0A1Q6RAM4,glutamine,Tri,taurine,TCA,0.25664854049682617
A0A1Q6RAM4,histidine,Mono,glycine,GLCA,0.2114613950252533
A0A1Q6RAM4,histidine,Mono,taurine,TLCA,0.49943363666534424
A0A1Q6RAM4,histidine,Di,glycine,GDCA,0.23643523454666138
A0A1Q6RAM4,histidine,Di,taurine,TDCA,0.3237847089767456
A0A1Q6RAM4,histidine,Tri,glycine,GCA,0.18546506762504578
A0A1Q6RAM4,histidine,Tri,taurine,TCA,0.30873429775238037
A0A1Q6RAM4,lysine,Mono,glycine,GLCA,0.17191895842552185
A0A1Q6RAM4,lysine,Mono,taurine,TLCA,0.20897814631462097
A0A1Q6RAM4,lysine,Di,glycine,GDCA,0.16221535205841064
A0A1Q6RAM4,lysine,Di,taurine,TDCA,0.15911513566970825
A0A1Q6RAM4,lysine,Tri,glycine,GCA,0.11342191696166992
A0A1Q6RAM4,lysine,Tri,taurine,TCA,0.11943775415420532
A0A1Q6RAM4,methionine,Mono,glycine,GLCA,0.176115021109581
A0A1Q6RAM4,methionine,Mono,taurine,TLCA,0.25323477387428284
A0A1Q6RAM4,methionine,Di,glycine,GDCA,0.10435988008975983
A0A1Q6RAM4,methionine,Di,taurine,TDCA,0.12469307333230972
A0A1Q6RAM4,methionine,Tri,glycine,GCA,0.05540485307574272
A0A1Q6RAM4,methionine,Tri,taurine,TCA,0.08909853547811508
A0A1Q6RAM4,ornithine,Mono,glycine,GLCA,0.1329556256532669
A0A1Q6RAM4,ornithine,Mono,taurine,TLCA,0.1767749786376953
A0A1Q6RAM4,ornithine,Di,glycine,GDCA,0.13241711258888245
A0A1Q6RAM4,ornithine,Di,taurine,TDCA,0.11929573118686676
A0A1Q6RAM4,ornithine,Tri,glycine,GCA,0.12840276956558228
A0A1Q6RAM4,ornithine,Tri,taurine,TCA,0.09724467992782593
A0A1Q6RAM4,phenylalanine,Mono,glycine,GLCA,0.26118338108062744
A0A1Q6RAM4,phenylalanine,Mono,taurine,TLCA,0.4800524413585663
A0A1Q6RAM4,phenylalanine,Di,glycine,GDCA,0.2987338900566101
A0A1Q6RAM4,phenylalanine,Di,taurine,TDCA,0.39118316769599915
A0A1Q6RAM4,phenylalanine,Tri,glycine,GCA,0.25025492906570435
A0A1Q6RAM4,phenylalanine,Tri,taurine,TCA,0.316962331533432
A0A1Q6RAM4,serine,Mono,glycine,GLCA,0.27366548776626587
A0A1Q6RAM4,serine,Mono,taurine,TLCA,0.4643757939338684
A0A1Q6RAM4,serine,Di,glycine,GDCA,0.20517921447753906
A0A1Q6RAM4,serine,Di,taurine,TDCA,0.30578696727752686
A0A1Q6RAM4,serine,Tri,glycine,GCA,0.2056465446949005
A0A1Q6RAM4,serine,Tri,taurine,TCA,0.2423301488161087
A0A1Q6RAM4,threonine,Mono,glycine,GLCA,0.16719800233840942
A0A1Q6RAM4,threonine,Mono,taurine,TLCA,0.3345009386539459
A0A1Q6RAM4,threonine,Di,glycine,GDCA,0.19219765067100525
A0A1Q6RAM4,threonine,Di,taurine,TDCA,0.2640480697154999
A0A1Q6RAM4,threonine,Tri,glycine,GCA,0.16296453773975372
A0A1Q6RAM4,threonine,Tri,taurine,TCA,0.18245434761047363
A0A1Q6RAM4,tryptamine,Mono,glycine,GLCA,0.09679074585437775
A0A1Q6RAM4,tryptamine,Mono,taurine,TLCA,0.10071837902069092
A0A1Q6RAM4,tryptamine,Di,glycine,GDCA,0.08908180892467499
A0A1Q6RAM4,tryptamine,Di,taurine,TDCA,0.1093650609254837
A0A1Q6RAM4,tryptamine,Tri,glycine,GCA,0.0854450911283493
A0A1Q6RAM4,tryptamine,Tri,taurine,TCA,0.04015463963150978
A0A1Q6RAM4,cadaverine,Mono,glycine,GLCA,0.1592894196510315
A0A1Q6RAM4,cadaverine,Mono,taurine,TLCA,0.2546446919441223
A0A1Q6RAM4,cadaverine,Di,glycine,GDCA,0.1313534379005432
A0A1Q6RAM4,cadaverine,Di,taurine,TDCA,0.13145005702972412
A0A1Q6RAM4,cadaverine,Tri,glycine,GCA,0.13175229728221893
A0A1Q6RAM4,cadaverine,Tri,taurine,TCA,0.094977006316185
A0A1Q6RAM4,putrescine,Mono,glycine,GLCA,0.13323557376861572
A0A1Q6RAM4,putrescine,Mono,taurine,TLCA,0.27912890911102295
A0A1Q6RAM4,putrescine,Di,glycine,GDCA,0.11667370796203613
A0A1Q6RAM4,putrescine,Di,taurine,TDCA,0.08941404521465302
A0A1Q6RAM4,putrescine,Tri,glycine,GCA,0.08875756710767746
A0A1Q6RAM4,putrescine,Tri,taurine,TCA,0.07907471805810928
A0A1Q6RAM4,2_aminophenol,Mono,glycine,GLCA,0.19256460666656494
A0A1Q6RAM4,2_aminophenol,Mono,taurine,TLCA,0.3117939829826355
A0A1Q6RAM4,2_aminophenol,Di,glycine,GDCA,0.18660905957221985
A0A1Q6RAM4,2_aminophenol,Di,taurine,TDCA,0.22815090417861938
A0A1Q6RAM4,2_aminophenol,Tri,glycine,GCA,0.20440247654914856
A0A1Q6RAM4,2_aminophenol,Tri,taurine,TCA,0.1829296350479126
A0A1Q6RAM4,serotonin,Mono,glycine,GLCA,0.09035127609968185
A0A1Q6RAM4,serotonin,Mono,taurine,TLCA,0.17018744349479675
A0A1Q6RAM4,serotonin,Di,glycine,GDCA,0.12557756900787354
A0A1Q6RAM4,serotonin,Di,taurine,TDCA,0.13867107033729553
A0A1Q6RAM4,serotonin,Tri,glycine,GCA,0.11615289747714996
A0A1Q6RAM4,serotonin,Tri,taurine,TCA,0.1112070083618164
A0A1Q6RAM4,tyramine,Mono,glycine,GLCA,0.08922017365694046
A0A1Q6RAM4,tyramine,Mono,taurine,TLCA,0.1757695972919464
A0A1Q6RAM4,tyramine,Di,glycine,GDCA,0.15369224548339844
A0A1Q6RAM4,tyramine,Di,taurine,TDCA,0.10890133678913116
A0A1Q6RAM4,tyramine,Tri,glycine,GCA,0.08264593034982681
A0A1Q6RAM4,tyramine,Tri,taurine,TCA,0.08665542304515839
A0A1Q6RAM4,cystine,Mono,glycine,GLCA,0.11952802538871765
A0A1Q6RAM4,cystine,Mono,taurine,TLCA,0.28317975997924805
A0A1Q6RAM4,cystine,Di,glycine,GDCA,0.07567810267210007
A0A1Q6RAM4,cystine,Di,taurine,TDCA,0.055429648607969284
A0A1Q6RAM4,cystine,Tri,glycine,GCA,0.08002615720033646
A0A1Q6RAM4,cystine,Tri,taurine,TCA,0.06384377181529999
A0A1Y3QT37,"2,3_diaminopropionic acid",Mono,glycine,GLCA,0.24479857087135315
A0A1Y3QT37,"2,3_diaminopropionic acid",Mono,taurine,TLCA,0.4043657183647156
A0A1Y3QT37,"2,3_diaminopropionic acid",Di,glycine,GDCA,0.3409666121006012
A0A1Y3QT37,"2,3_diaminopropionic acid",Di,taurine,TDCA,0.3402247726917267
A0A1Y3QT37,"2,3_diaminopropionic acid",Tri,glycine,GCA,0.3405855894088745
A0A1Y3QT37,"2,3_diaminopropionic acid",Tri,taurine,TCA,0.31937795877456665
A0A1Y3QT37,3_methoxytyramine,Mono,glycine,GLCA,0.05638320744037628
A0A1Y3QT37,3_methoxytyramine,Mono,taurine,TLCA,0.10361895710229874
A0A1Y3QT37,3_methoxytyramine,Di,glycine,GDCA,0.10266687721014023
A0A1Y3QT37,3_methoxytyramine,Di,taurine,TDCA,0.00848548486828804
A0A1Y3QT37,3_methoxytyramine,Tri,glycine,GCA,0.07169967144727707
A0A1Y3QT37,3_methoxytyramine,Tri,taurine,TCA,0.03024282306432724
A0A1Y3QT37,asparagine,Mono,glycine,GLCA,0.22688131034374237
A0A1Y3QT37,asparagine,Mono,taurine,TLCA,0.4709318280220032
A0A1Y3QT37,asparagine,Di,glycine,GDCA,0.2491346299648285
A0A1Y3QT37,asparagine,Di,taurine,TDCA,0.3409697413444519
A0A1Y3QT37,asparagine,Tri,glycine,GCA,0.27033036947250366
A0A1Y3QT37,asparagine,Tri,taurine,TCA,0.323847234249115
A0A1Y3QT37,proline,Mono,glycine,GLCA,0.2881821393966675
A0A1Y3QT37,proline,Mono,taurine,TLCA,0.45832157135009766
A0A1Y3QT37,proline,Di,glycine,GDCA,0.18203267455101013
A0A1Y3QT37,proline,Di,taurine,TDCA,0.19129234552383423
A0A1Y3QT37,proline,Tri,glycine,GCA,0.22915902733802795
A0A1Y3QT37,proline,Tri,taurine,TCA,0.19319677352905273
A0A1Y3QT37,dopamine,Mono,glycine,GLCA,0.1326923966407776
A0A1Y3QT37,dopamine,Mono,taurine,TLCA,0.2561900019645691
A0A1Y3QT37,dopamine,Di,glycine,GDCA,0.1710532158613205
A0A1Y3QT37,dopamine,Di,taurine,TDCA,0.15781134366989136
A0A1Y3QT37,dopamine,Tri,glycine,GCA,0.18081429600715637
A0A1Y3QT37,dopamine,Tri,taurine,TCA,0.14000073075294495
A0A1Y3QT37,gaba,Mono,glycine,GLCA,0.20113742351531982
A0A1Y3QT37,gaba,Mono,taurine,TLCA,0.2895828187465668
A0A1Y3QT37,gaba,Di,glycine,GDCA,0.17864981293678284
A0A1Y3QT37,gaba,Di,taurine,TDCA,0.17448607087135315
A0A1Y3QT37,gaba,Tri,glycine,GCA,0.20962560176849365
A0A1Y3QT37,gaba,Tri,taurine,TCA,0.1724577248096466
A0A1Y3QT37,glyglycine,Mono,glycine,GLCA,0.165195494890213
A0A1Y3QT37,glyglycine,Mono,taurine,TLCA,0.1921444535255432
A0A1Y3QT37,glyglycine,Di,glycine,GDCA,0.13997775316238403
A0A1Y3QT37,glyglycine,Di,taurine,TDCA,0.08763357996940613
A0A1Y3QT37,glyglycine,Tri,glycine,GCA,0.07391829043626785
A0A1Y3QT37,glyglycine,Tri,taurine,TCA,0.03619839996099472
A0A1Y3QT37,alanine,Mono,glycine,GLCA,0.21837672591209412
A0A1Y3QT37,alanine,Mono,taurine,TLCA,0.3135609030723572
A0A1Y3QT37,alanine,Di,glycine,GDCA,0.21166115999221802
A0A1Y3QT37,alanine,Di,taurine,TDCA,0.14185325801372528
A0A1Y3QT37,alanine,Tri,glycine,GCA,0.19322612881660461
A0A1Y3QT37,alanine,Tri,taurine,TCA,0.16246259212493896
A0A1Y3QT37,arginine,Mono,glycine,GLCA,0.15302589535713196
A0A1Y3QT37,arginine,Mono,taurine,TLCA,0.36457309126853943
A0A1Y3QT37,arginine,Di,glycine,GDCA,0.1931939423084259
A0A1Y3QT37,arginine,Di,taurine,TDCA,0.2513589560985565
A0A1Y3QT37,arginine,Tri,glycine,GCA,0.2835876941680908
A0A1Y3QT37,arginine,Tri,taurine,TCA,0.2592279314994812
A0A1Y3QT37,citrulline,Mono,glycine,GLCA,0.28930503129959106
A0A1Y3QT37,citrulline,Mono,taurine,TLCA,0.5074270963668823
A0A1Y3QT37,citrulline,Di,glycine,GDCA,0.27550846338272095
A0A1Y3QT37,citrulline,Di,taurine,TDCA,0.35860639810562134
A0A1Y3QT37,citrulline,Tri,glycine,GCA,0.290382981300354
A0A1Y3QT37,citrulline,Tri,taurine,TCA,0.32257822155952454
A0A1Y3QT37,glutamine,Mono,glycine,GLCA,0.2621349096298218
A0A1Y3QT37,glutamine,Mono,taurine,TLCA,0.4969403147697449
A0A1Y3QT37,glutamine,Di,glycine,GDCA,0.33083778619766235
A0A1Y3QT37,glutamine,Di,taurine,TDCA,0.4039100408554077
A0A1Y3QT37,glutamine,Tri,glycine,GCA,0.27295881509780884
A0A1Y3QT37,glutamine,Tri,taurine,TCA,0.3365146517753601
A0A1Y3QT37,histidine,Mono,glycine,GLCA,0.26971420645713806
A0A1Y3QT37,histidine,Mono,taurine,TLCA,0.5378426313400269
A0A1Y3QT37,histidine,Di,glycine,GDCA,0.2891957759857178
A0A1Y3QT37,histidine,Di,taurine,TDCA,0.4019576907157898
A0A1Y3QT37,histidine,Tri,glycine,GCA,0.28709766268730164
A0A1Y3QT37,histidine,Tri,taurine,TCA,0.4113517701625824
A0A1Y3QT37,lysine,Mono,glycine,GLCA,0.22887076437473297
A0A1Y3QT37,lysine,Mono,taurine,TLCA,0.2848788797855377
A0A1Y3QT37,lysine,Di,glycine,GDCA,0.24910108745098114
A0A1Y3QT37,lysine,Di,taurine,TDCA,0.24718134105205536
A0A1Y3QT37,lysine,Tri,glycine,GCA,0.27413561940193176
A0A1Y3QT37,lysine,Tri,taurine,TCA,0.24391672015190125
A0A1Y3QT37,methionine,Mono,glycine,GLCA,0.1854674071073532
A0A1Y3QT37,methionine,Mono,taurine,TLCA,0.2927238643169403
A0A1Y3QT37,methionine,Di,glycine,GDCA,0.14151200652122498
A0A1Y3QT37,methionine,Di,taurine,TDCA,0.1506217122077942
A0A1Y3QT37,methionine,Tri,glycine,GCA,0.15911585092544556
A0A1Y3QT37,methionine,Tri,taurine,TCA,0.1824459582567215
A0A1Y3QT37,ornithine,Mono,glycine,GLCA,0.21617546677589417
A0A1Y3QT37,ornithine,Mono,taurine,TLCA,0.2910107374191284
A0A1Y3QT37,ornithine,Di,glycine,GDCA,0.2459908276796341
A0A1Y3QT37,ornithine,Di,taurine,TDCA,0.22755557298660278
A0A1Y3QT37,ornithine,Tri,glycine,GCA,0.2897375226020813
A0A1Y3QT37,ornithine,Tri,taurine,TCA,0.2485027015209198
A0A1Y3QT37,phenylalanine,Mono,glycine,GLCA,0.29451048374176025
A0A1Y3QT37,phenylalanine,Mono,taurine,TLCA,0.5308737754821777
A0A1Y3QT37,phenylalanine,Di,glycine,GDCA,0.33512982726097107
A0A1Y3QT37,phenylalanine,Di,taurine,TDCA,0.4252694249153137
A0A1Y3QT37,phenylalanine,Tri,glycine,GCA,0.3095458745956421
A0A1Y3QT37,phenylalanine,Tri,taurine,TCA,0.37896013259887695
A0A1Y3QT37,serine,Mono,glycine,GLCA,0.3235805034637451
A0A1Y3QT37,serine,Mono,taurine,TLCA,0.49465295672416687
A0A1Y3QT37,serine,Di,glycine,GDCA,0.29532575607299805
A0A1Y3QT37,serine,Di,taurine,TDCA,0.4032350182533264
A0A1Y3QT37,serine,Tri,glycine,GCA,0.32352524995803833
A0A1Y3QT37,serine,Tri,taurine,TCA,0.3393438458442688
A0A1Y3QT37,threonine,Mono,glycine,GLCA,0.302243173122406
A0A1Y3QT37,threonine,Mono,taurine,TLCA,0.49721288681030273
A0A1Y3QT37,threonine,Di,glycine,GDCA,0.36269164085388184
A0A1Y3QT37,threonine,Di,taurine,TDCA,0.43414804339408875
A0A1Y3QT37,threonine,Tri,glycine,GCA,0.2993376851081848
A0A1Y3QT37,threonine,Tri,taurine,TCA,0.34735554456710815
A0A1Y3QT37,tryptamine,Mono,glycine,GLCA,0.13415558636188507
A0A1Y3QT37,tryptamine,Mono,taurine,TLCA,0.16494742035865784
A0A1Y3QT37,tryptamine,Di,glycine,GDCA,0.1702338457107544
A0A1Y3QT37,tryptamine,Di,taurine,TDCA,0.17023222148418427
A0A1Y3QT37,tryptamine,Tri,glycine,GCA,0.19958898425102234
A0A1Y3QT37,tryptamine,Tri,taurine,TCA,0.14386752247810364
A0A1Y3QT37,cadaverine,Mono,glycine,GLCA,0.24478942155838013
A0A1Y3QT37,cadaverine,Mono,taurine,TLCA,0.2883758246898651
A0A1Y3QT37,cadaverine,Di,glycine,GDCA,0.2278883159160614
A0A1Y3QT37,cadaverine,Di,taurine,TDCA,0.23353925347328186
A0A1Y3QT37,cadaverine,Tri,glycine,GCA,0.23722657561302185
A0A1Y3QT37,cadaverine,Tri,taurine,TCA,0.21753975749015808
A0A1Y3QT37,putrescine,Mono,glycine,GLCA,0.24793919920921326
A0A1Y3QT37,putrescine,Mono,taurine,TLCA,0.36082836985588074
A0A1Y3QT37,putrescine,Di,glycine,GDCA,0.2258061319589615
A0A1Y3QT37,putrescine,Di,taurine,TDCA,0.23849749565124512
A0A1Y3QT37,putrescine,Tri,glycine,GCA,0.20505160093307495
A0A1Y3QT37,putrescine,Tri,taurine,TCA,0.20264007151126862
A0A1Y3QT37,2_aminophenol,Mono,glycine,GLCA,0.29666492342948914
A0A1Y3QT37,2_aminophenol,Mono,taurine,TLCA,0.41365936398506165
A0A1Y3QT37,2_aminophenol,Di,glycine,GDCA,0.33688557147979736
A0A1Y3QT37,2_aminophenol,Di,taurine,TDCA,0.406913697719574
A0A1Y3QT37,2_aminophenol,Tri,glycine,GCA,0.32412201166152954
A0A1Y3QT37,2_aminophenol,Tri,taurine,TCA,0.3468093276023865
A0A1Y3QT37,serotonin,Mono,glycine,GLCA,0.12962347269058228
A0A1Y3QT37,serotonin,Mono,taurine,TLCA,0.26427707076072693
A0A1Y3QT37,serotonin,Di,glycine,GDCA,0.19571970403194427
A0A1Y3QT37,serotonin,Di,taurine,TDCA,0.21378865838050842
A0A1Y3QT37,serotonin,Tri,glycine,GCA,0.25517502427101135
A0A1Y3QT37,serotonin,Tri,taurine,TCA,0.22321480512619019
A0A1Y3QT37,tyramine,Mono,glycine,GLCA,0.1886940747499466
A0A1Y3QT37,tyramine,Mono,taurine,TLCA,0.24797505140304565
A0A1Y3QT37,tyramine,Di,glycine,GDCA,0.21997782588005066
A0A1Y3QT37,tyramine,Di,taurine,TDCA,0.1800263226032257
A0A1Y3QT37,tyramine,Tri,glycine,GCA,0.21327440440654755
A0A1Y3QT37,tyramine,Tri,taurine,TCA,0.18641285598278046
A0A1Y3QT37,cystine,Mono,glycine,GLCA,0.16302946209907532
A0A1Y3QT37,cystine,Mono,taurine,TLCA,0.35229170322418213
A0A1Y3QT37,cystine,Di,glycine,GDCA,0.2019723802804947
A0A1Y3QT37,cystine,Di,taurine,TDCA,0.14209076762199402
A0A1Y3QT37,cystine,Tri,glycine,GCA,0.2144399881362915
A0A1Y3QT37,cystine,Tri,taurine,TCA,0.16803984344005585
A0A1Y3VSR9,"2,3_diaminopropionic acid",Mono,glycine,GLCA,0.18129712343215942
A0A1Y3VSR9,"2,3_diaminopropionic acid",Mono,taurine,TLCA,0.3117675185203552
A0A1Y3VSR9,"2,3_diaminopropionic acid",Di,glycine,GDCA,0.3084052801132202
A0A1Y3VSR9,"2,3_diaminopropionic acid",Di,taurine,TDCA,0.28595787286758423
A0A1Y3VSR9,"2,3_diaminopropionic acid",Tri,glycine,GCA,0.3218851685523987
A0A1Y3VSR9,"2,3_diaminopropionic acid",Tri,taurine,TCA,0.28595075011253357
A0A1Y3VSR9,3_methoxytyramine,Mono,glycine,GLCA,0.028963765129446983
A0A1Y3VSR9,3_methoxytyramine,Mono,taurine,TLCA,0.07048721611499786
A0A1Y3VSR9,3_methoxytyramine,Di,glycine,GDCA,0.08520735055208206
A0A1Y3VSR9,3_methoxytyramine,Di,taurine,TDCA,-0.017475495114922523
A0A1Y3VSR9,3_methoxytyramine,Tri,glycine,GCA,0.05640733614563942
A0A1Y3VSR9,3_methoxytyramine,Tri,taurine,TCA,0.006857827305793762
A0A1Y3VSR9,asparagine,Mono,glycine,GLCA,0.19844406843185425
A0A1Y3VSR9,asparagine,Mono,taurine,TLCA,0.4043307900428772
A0A1Y3VSR9,asparagine,Di,glycine,GDCA,0.23426203429698944
A0A1Y3VSR9,asparagine,Di,taurine,TDCA,0.30620861053466797
A0A1Y3VSR9,asparagine,Tri,glycine,GCA,0.24588514864444733
A0A1Y3VSR9,asparagine,Tri,taurine,TCA,0.28894492983818054
A0A1Y3VSR9,proline,Mono,glycine,GLCA,0.2647623121738434
A0A1Y3VSR9,proline,Mono,taurine,TLCA,0.40497827529907227
A0A1Y3VSR9,proline,Di,glycine,GDCA,0.22601181268692017
A0A1Y3VSR9,proline,Di,taurine,TDCA,0.20544582605361938
A0A1Y3VSR9,proline,Tri,glycine,GCA,0.23690737783908844
A0A1Y3VSR9,proline,Tri,taurine,TCA,0.1692069172859192
A0A1Y3VSR9,dopamine,Mono,glycine,GLCA,0.11788511276245117
A0A1Y3VSR9,dopamine,Mono,taurine,TLCA,0.22956547141075134
A0A1Y3VSR9,dopamine,Di,glycine,GDCA,0.16868388652801514
A0A1Y3VSR9,dopamine,Di,taurine,TDCA,0.14505600929260254
A0A1Y3VSR9,dopamine,Tri,glycine,GCA,0.18121688067913055
A0A1Y3VSR9,dopamine,Tri,taurine,TCA,0.13851149380207062
A0A1Y3VSR9,gaba,Mono,glycine,GLCA,0.14691083133220673
A0A1Y3VSR9,gaba,Mono,taurine,TLCA,0.1975518763065338
A0A1Y3VSR9,gaba,Di,glycine,GDCA,0.17960646748542786
A0A1Y3VSR9,gaba,Di,taurine,TDCA,0.1221846491098404
A0A1Y3VSR9,gaba,Tri,glycine,GCA,0.21428275108337402
A0A1Y3VSR9,gaba,Tri,taurine,TCA,0.14710915088653564
A0A1Y3VSR9,glyglycine,Mono,glycine,GLCA,0.12455357611179352
A0A1Y3VSR9,glyglycine,Mono,taurine,TLCA,0.1290106326341629
A0A1Y3VSR9,glyglycine,Di,glycine,GDCA,0.09970824420452118
A0A1Y3VSR9,glyglycine,Di,taurine,TDCA,0.02615857496857643
A0A1Y3VSR9,glyglycine,Tri,glycine,GCA,0.06959034502506256
A0A1Y3VSR9,glyglycine,Tri,taurine,TCA,0.010836739093065262
A0A1Y3VSR9,alanine,Mono,glycine,GLCA,0.18527038395404816
A0A1Y3VSR9,alanine,Mono,taurine,TLCA,0.2441052794456482
A0A1Y3VSR9,alanine,Di,glycine,GDCA,0.17035512626171112
A0A1Y3VSR9,alanine,Di,taurine,TDCA,0.08812546730041504
A0A1Y3VSR9,alanine,Tri,glycine,GCA,0.18618367612361908
A0A1Y3VSR9,alanine,Tri,taurine,TCA,0.15894651412963867
A0A1Y3VSR9,arginine,Mono,glycine,GLCA,0.1139361783862114
A0A1Y3VSR9,arginine,Mono,taurine,TLCA,0.30462706089019775
A0A1Y3VSR9,arginine,Di,glycine,GDCA,0.17531529068946838
A0A1Y3VSR9,arginine,Di,taurine,TDCA,0.20938622951507568
A0A1Y3VSR9,arginine,Tri,glycine,GCA,0.24789172410964966
A0A1Y3VSR9,arginine,Tri,taurine,TCA,0.21092981100082397
A0A1Y3VSR9,citrulline,Mono,glycine,GLCA,0.2543829679489136
A0A1Y3VSR9,citrulline,Mono,taurine,TLCA,0.42119327187538147
A0A1Y3VSR9,citrulline,Di,glycine,GDCA,0.27147698402404785
A0A1Y3VSR9,citrulline,Di,taurine,TDCA,0.3184899687767029
A0A1Y3VSR9,citrulline,Tri,glycine,GCA,0.29277709126472473
A0A1Y3VSR9,citrulline,Tri,taurine,TCA,0.2980659008026123
A0A1Y3VSR9,glutamine,Mono,glycine,GLCA,0.21482153236865997
A0A1Y3VSR9,glutamine,Mono,taurine,TLCA,0.4096885621547699
A0A1Y3VSR9,glutamine,Di,glycine,GDCA,0.3244348168373108
A0A1Y3VSR9,glutamine,Di,taurine,TDCA,0.37464573979377747
A0A1Y3VSR9,glutamine,Tri,glycine,GCA,0.27675092220306396
A0A1Y3VSR9,glutamine,Tri,taurine,TCA,0.31280049681663513
A0A1Y3VSR9,histidine,Mono,glycine,GLCA,0.24268685281276703
A0A1Y3VSR9,histidine,Mono,taurine,TLCA,0.46293264627456665
A0A1Y3VSR9,histidine,Di,glycine,GDCA,0.2622210681438446
A0A1Y3VSR9,histidine,Di,taurine,TDCA,0.3572700619697571
A0A1Y3VSR9,histidine,Tri,glycine,GCA,0.2764389216899872
A0A1Y3VSR9,histidine,Tri,taurine,TCA,0.37357622385025024
A0A1Y3VSR9,lysine,Mono,glycine,GLCA,0.16099274158477783
A0A1Y3VSR9,lysine,Mono,taurine,TLCA,0.18651354312896729
A0A1Y3VSR9,lysine,Di,glycine,GDCA,0.2093115746974945
A0A1Y3VSR9,lysine,Di,taurine,TDCA,0.1763010323047638
A0A1Y3VSR9,lysine,Tri,glycine,GCA,0.23278267681598663
A0A1Y3VSR9,lysine,Tri,taurine,TCA,0.18206776678562164
A0A1Y3VSR9,methionine,Mono,glycine,GLCA,0.14766168594360352
A0A1Y3VSR9,methionine,Mono,taurine,TLCA,0.22202613949775696
A0A1Y3VSR9,methionine,Di,glycine,GDCA,0.13600680232048035
A0A1Y3VSR9,methionine,Di,taurine,TDCA,0.10642827302217484
A0A1Y3VSR9,methionine,Tri,glycine,GCA,0.15785178542137146
A0A1Y3VSR9,methionine,Tri,taurine,TCA,0.16979816555976868
A0A1Y3VSR9,ornithine,Mono,glycine,GLCA,0.1561560183763504
A0A1Y3VSR9,ornithine,Mono,taurine,TLCA,0.18593686819076538
A0A1Y3VSR9,ornithine,Di,glycine,GDCA,0.19611331820487976
A0A1Y3VSR9,ornithine,Di,taurine,TDCA,0.16724584996700287
A0A1Y3VSR9,ornithine,Tri,glycine,GCA,0.2639888823032379
A0A1Y3VSR9,ornithine,Tri,taurine,TCA,0.20292606949806213
A0A1Y3VSR9,phenylalanine,Mono,glycine,GLCA,0.2666666507720947
A0A1Y3VSR9,phenylalanine,Mono,taurine,TLCA,0.45433247089385986
A0A1Y3VSR9,phenylalanine,Di,glycine,GDCA,0.31313765048980713
A0A1Y3VSR9,phenylalanine,Di,taurine,TDCA,0.3880196511745453
A0A1Y3VSR9,phenylalanine,Tri,glycine,GCA,0.2852495312690735
A0A1Y3VSR9,phenylalanine,Tri,taurine,TCA,0.33609405159950256
A0A1Y3VSR9,serine,Mono,glycine,GLCA,0.2648134231567383
A0A1Y3VSR9,serine,Mono,taurine,TLCA,0.39580637216567993
A0A1Y3VSR9,serine,Di,glycine,GDCA,0.2919297218322754
A0A1Y3VSR9,serine,Di,taurine,TDCA,0.3717885911464691
A0A1Y3VSR9,serine,Tri,glycine,GCA,0.3075551390647888
A0A1Y3VSR9,serine,Tri,taurine,TCA,0.30675405263900757
A0A1Y3VSR9,threonine,Mono,glycine,GLCA,0.2548050880432129
A0A1Y3VSR9,threonine,Mono,taurine,TLCA,0.4410460591316223
A0A1Y3VSR9,threonine,Di,glycine,GDCA,0.35770899057388306
A0A1Y3VSR9,threonine,Di,taurine,TDCA,0.40116333961486816
A0A1Y3VSR9,threonine,Tri,glycine,GCA,0.3067241311073303
A0A1Y3VSR9,threonine,Tri,taurine,TCA,0.34326013922691345
A0A1Y3VSR9,tryptamine,Mono,glycine,GLCA,0.12272633612155914
A0A1Y3VSR9,tryptamine,Mono,taurine,TLCA,0.1582125723361969
A0A1Y3VSR9,tryptamine,Di,glycine,GDCA,0.18124258518218994
A0A1Y3VSR9,tryptamine,Di,taurine,TDCA,0.15530583262443542
A0A1Y3VSR9,tryptamine,Tri,glycine,GCA,0.20014473795890808
A0A1Y3VSR9,tryptamine,Tri,taurine,TCA,0.14746791124343872
A0A1Y3VSR9,cadaverine,Mono,glycine,GLCA,0.17824934422969818
A0A1Y3VSR9,cadaverine,Mono,taurine,TLCA,0.1702529639005661
A0A1Y3VSR9,cadaverine,Di,glycine,GDCA,0.20136430859565735
A0A1Y3VSR9,cadaverine,Di,taurine,TDCA,0.14844611287117004
A0A1Y3VSR9,cadaverine,Tri,glycine,GCA,0.22904857993125916
A0A1Y3VSR9,cadaverine,Tri,taurine,TCA,0.16891372203826904
A0A1Y3VSR9,putrescine,Mono,glycine,GLCA,0.19812798500061035
A0A1Y3VSR9,putrescine,Mono,taurine,TLCA,0.24718651175498962
A0A1Y3VSR9,putrescine,Di,glycine,GDCA,0.22628019750118256
A0A1Y3VSR9,putrescine,Di,taurine,TDCA,0.18120655417442322
A0A1Y3VSR9,putrescine,Tri,glycine,GCA,0.20473776757717133
A0A1Y3VSR9,putrescine,Tri,taurine,TCA,0.16556769609451294
A0A1Y3VSR9,2_aminophenol,Mono,glycine,GLCA,0.23261383175849915
A0A1Y3VSR9,2_aminophenol,Mono,taurine,TLCA,0.33059990406036377
A0A1Y3VSR9,2_aminophenol,Di,glycine,GDCA,0.31412273645401
A0A1Y3VSR9,2_aminophenol,Di,taurine,TDCA,0.33302444219589233
A0A1Y3VSR9,2_aminophenol,Tri,glycine,GCA,0.2782159745693207
A0A1Y3VSR9,2_aminophenol,Tri,taurine,TCA,0.27347201108932495
A0A1Y3VSR9,serotonin,Mono,glycine,GLCA,0.12022390961647034
A0A1Y3VSR9,serotonin,Mono,taurine,TLCA,0.2324608415365219
A0A1Y3VSR9,serotonin,Di,glycine,GDCA,0.21947425603866577
A0A1Y3VSR9,serotonin,Di,taurine,TDCA,0.1866263598203659
A0A1Y3VSR9,serotonin,Tri,glycine,GCA,0.25795161724090576
A0A1Y3VSR9,serotonin,Tri,taurine,TCA,0.21224208176136017
A0A1Y3VSR9,tyramine,Mono,glycine,GLCA,0.17758691310882568
A0A1Y3VSR9,tyramine,Mono,taurine,TLCA,0.21057257056236267
A0A1Y3VSR9,tyramine,Di,glycine,GDCA,0.23225536942481995
A0A1Y3VSR9,tyramine,Di,taurine,TDCA,0.17470955848693848
A0A1Y3VSR9,tyramine,Tri,glycine,GCA,0.21775490045547485
A0A1Y3VSR9,tyramine,Tri,taurine,TCA,0.18252143263816833
A0A1Y3VSR9,cystine,Mono,glycine,GLCA,0.12443366646766663
A0A1Y3VSR9,cystine,Mono,taurine,TLCA,0.27487438917160034
A0A1Y3VSR9,cystine,Di,glycine,GDCA,0.15372520685195923
A0A1Y3VSR9,cystine,Di,taurine,TDCA,0.07642064243555069
A0A1Y3VSR9,cystine,Tri,glycine,GCA,0.19519808888435364
A0A1Y3VSR9,cystine,Tri,taurine,TCA,0.1336384415626526
A0A1Y3YYW1,"2,3_diaminopropionic acid",Mono,glycine,GLCA,0.19619601964950562
A0A1Y3YYW1,"2,3_diaminopropionic acid",Mono,taurine,TLCA,0.3376213312149048
A0A1Y3YYW1,"2,3_diaminopropionic acid",Di,glycine,GDCA,0.33359044790267944
A0A1Y3YYW1,"2,3_diaminopropionic acid",Di,taurine,TDCA,0.31461334228515625
A0A1Y3YYW1,"2,3_diaminopropionic acid",Tri,glycine,GCA,0.3364712595939636
A0A1Y3YYW1,"2,3_diaminopropionic acid",Tri,taurine,TCA,0.29372483491897583
A0A1Y3YYW1,3_methoxytyramine,Mono,glycine,GLCA,0.023188121616840363
A0A1Y3YYW1,3_methoxytyramine,Mono,taurine,TLCA,0.0911855697631836
A0A1Y3YYW1,3_methoxytyramine,Di,glycine,GDCA,0.07270639389753342
A0A1Y3YYW1,3_methoxytyramine,Di,taurine,TDCA,-0.011652249842882156
A0A1Y3YYW1,3_methoxytyramine,Tri,glycine,GCA,0.05482296645641327
A0A1Y3YYW1,3_methoxytyramine,Tri,taurine,TCA,0.01649463176727295
A0A1Y3YYW1,asparagine,Mono,glycine,GLCA,0.21283681690692902
A0A1Y3YYW1,asparagine,Mono,taurine,TLCA,0.44140976667404175
A0A1Y3YYW1,asparagine,Di,glycine,GDCA,0.26140719652175903
A0A1Y3YYW1,asparagine,Di,taurine,TDCA,0.3183860778808594
A0A1Y3YYW1,asparagine,Tri,glycine,GCA,0.2675115764141083
A0A1Y3YYW1,asparagine,Tri,taurine,TCA,0.30527806282043457
A0A1Y3YYW1,proline,Mono,glycine,GLCA,0.27392157912254333
A0A1Y3YYW1,proline,Mono,taurine,TLCA,0.4397842288017273
A0A1Y3YYW1,proline,Di,glycine,GDCA,0.2356092631816864
A0A1Y3YYW1,proline,Di,taurine,TDCA,0.22552573680877686
A0A1Y3YYW1,proline,Tri,glycine,GCA,0.23988822102546692
A0A1Y3YYW1,proline,Tri,taurine,TCA,0.18591180443763733
A0A1Y3YYW1,dopamine,Mono,glycine,GLCA,0.1176348328590393
A0A1Y3YYW1,dopamine,Mono,taurine,TLCA,0.23200902342796326
A0A1Y3YYW1,dopamine,Di,glycine,GDCA,0.18773943185806274
A0A1Y3YYW1,dopamine,Di,taurine,TDCA,0.15598678588867188
A0A1Y3YYW1,dopamine,Tri,glycine,GCA,0.18623751401901245
A0A1Y3YYW1,dopamine,Tri,taurine,TCA,0.14831531047821045
A0A1Y3YYW1,gaba,Mono,glycine,GLCA,0.13519175350666046
A0A1Y3YYW1,gaba,Mono,taurine,TLCA,0.2075989991426468
A0A1Y3YYW1,gaba,Di,glycine,GDCA,0.18807117640972137
A0A1Y3YYW1,gaba,Di,taurine,TDCA,0.15730951726436615
A0A1Y3YYW1,gaba,Tri,glycine,GCA,0.23143644630908966
A0A1Y3YYW1,gaba,Tri,taurine,TCA,0.18331459164619446
A0A1Y3YYW1,glyglycine,Mono,glycine,GLCA,0.13134634494781494
A0A1Y3YYW1,glyglycine,Mono,taurine,TLCA,0.15994539856910706
A0A1Y3YYW1,glyglycine,Di,glycine,GDCA,0.1415964812040329
A0A1Y3YYW1,glyglycine,Di,taurine,TDCA,0.07032470405101776
A0A1Y3YYW1,glyglycine,Tri,glycine,GCA,0.09133166074752808
A0A1Y3YYW1,glyglycine,Tri,taurine,TCA,0.04691837355494499
A0A1Y3YYW1,alanine,Mono,glycine,GLCA,0.18569284677505493
A0A1Y3YYW1,alanine,Mono,taurine,TLCA,0.259201318025589
A0A1Y3YYW1,alanine,Di,glycine,GDCA,0.20177710056304932
A0A1Y3YYW1,alanine,Di,taurine,TDCA,0.12253008782863617
A0A1Y3YYW1,alanine,Tri,glycine,GCA,0.18810683488845825
A0A1Y3YYW1,alanine,Tri,taurine,TCA,0.14596056938171387
A0A1Y3YYW1,arginine,Mono,glycine,GLCA,0.10510354489088058
A0A1Y3YYW1,arginine,Mono,taurine,TLCA,0.31884709000587463
A0A1Y3YYW1,arginine,Di,glycine,GDCA,0.1917133629322052
A0A1Y3YYW1,arginine,Di,taurine,TDCA,0.24300596117973328
A0A1Y3YYW1,arginine,Tri,glycine,GCA,0.23662304878234863
A0A1Y3YYW1,arginine,Tri,taurine,TCA,0.22325608134269714
A0A1Y3YYW1,citrulline,Mono,glycine,GLCA,0.2521324157714844
A0A1Y3YYW1,citrulline,Mono,taurine,TLCA,0.44277697801589966
A0A1Y3YYW1,citrulline,Di,glycine,GDCA,0.29375940561294556
A0A1Y3YYW1,citrulline,Di,taurine,TDCA,0.3452666401863098
A0A1Y3YYW1,citrulline,Tri,glycine,GCA,0.3046380579471588
A0A1Y3YYW1,citrulline,Tri,taurine,TCA,0.31703633069992065
A0A1Y3YYW1,glutamine,Mono,glycine,GLCA,0.23976671695709229
A0A1Y3YYW1,glutamine,Mono,taurine,TLCA,0.44534191489219666
A0A1Y3YYW1,glutamine,Di,glycine,GDCA,0.3490336239337921
A0A1Y3YYW1,glutamine,Di,taurine,TDCA,0.38895049691200256
A0A1Y3YYW1,glutamine,Tri,glycine,GCA,0.28667330741882324
A0A1Y3YYW1,glutamine,Tri,taurine,TCA,0.32283806800842285
A0A1Y3YYW1,histidine,Mono,glycine,GLCA,0.2621493935585022
A0A1Y3YYW1,histidine,Mono,taurine,TLCA,0.49337828159332275
A0A1Y3YYW1,histidine,Di,glycine,GDCA,0.29141905903816223
A0A1Y3YYW1,histidine,Di,taurine,TDCA,0.3885763883590698
A0A1Y3YYW1,histidine,Tri,glycine,GCA,0.2968062162399292
A0A1Y3YYW1,histidine,Tri,taurine,TCA,0.3873506784439087
A0A1Y3YYW1,lysine,Mono,glycine,GLCA,0.13828599452972412
A0A1Y3YYW1,lysine,Mono,taurine,TLCA,0.20687565207481384
A0A1Y3YYW1,lysine,Di,glycine,GDCA,0.22179412841796875
A0A1Y3YYW1,lysine,Di,taurine,TDCA,0.20206360518932343
A0A1Y3YYW1,lysine,Tri,glycine,GCA,0.2553611993789673
A0A1Y3YYW1,lysine,Tri,taurine,TCA,0.21125316619873047
A0A1Y3YYW1,methionine,Mono,glycine,GLCA,0.15733352303504944
A0A1Y3YYW1,methionine,Mono,taurine,TLCA,0.2578611969947815
A0A1Y3YYW1,methionine,Di,glycine,GDCA,0.1544230580329895
A0A1Y3YYW1,methionine,Di,taurine,TDCA,0.13146790862083435
A0A1Y3YYW1,methionine,Tri,glycine,GCA,0.1878080517053604
A0A1Y3YYW1,methionine,Tri,taurine,TCA,0.19456595182418823
A0A1Y3YYW1,ornithine,Mono,glycine,GLCA,0.14057059586048126
A0A1Y3YYW1,ornithine,Mono,taurine,TLCA,0.19940227270126343
A0A1Y3YYW1,ornithine,Di,glycine,GDCA,0.211870938539505
A0A1Y3YYW1,ornithine,Di,taurine,TDCA,0.19297295808792114
A0A1Y3YYW1,ornithine,Tri,glycine,GCA,0.27313539385795593
A0A1Y3YYW1,ornithine,Tri,taurine,TCA,0.22633501887321472
A0A1Y3YYW1,phenylalanine,Mono,glycine,GLCA,0.27303996682167053
A0A1Y3YYW1,phenylalanine,Mono,taurine,TLCA,0.4772537052631378
A0A1Y3YYW1,phenylalanine,Di,glycine,GDCA,0.33238786458969116
A0A1Y3YYW1,phenylalanine,Di,taurine,TDCA,0.42246463894844055
A0A1Y3YYW1,phenylalanine,Tri,glycine,GCA,0.30718693137168884
A0A1Y3YYW1,phenylalanine,Tri,taurine,TCA,0.35361412167549133
A0A1Y3YYW1,serine,Mono,glycine,GLCA,0.2682945132255554
A0A1Y3YYW1,serine,Mono,taurine,TLCA,0.4154506325721741
A0A1Y3YYW1,serine,Di,glycine,GDCA,0.31516045331954956
A0A1Y3YYW1,serine,Di,taurine,TDCA,0.39339137077331543
A0A1Y3YYW1,serine,Tri,glycine,GCA,0.3267535865306854
A0A1Y3YYW1,serine,Tri,taurine,TCA,0.3318507969379425
A0A1Y3YYW1,threonine,Mono,glycine,GLCA,0.26703178882598877
A0A1Y3YYW1,threonine,Mono,taurine,TLCA,0.46490412950515747
A0A1Y3YYW1,threonine,Di,glycine,GDCA,0.3625069260597229
A0A1Y3YYW1,threonine,Di,taurine,TDCA,0.4041764736175537
A0A1Y3YYW1,threonine,Tri,glycine,GCA,0.30399054288864136
A0A1Y3YYW1,threonine,Tri,taurine,TCA,0.34460949897766113
A0A1Y3YYW1,tryptamine,Mono,glycine,GLCA,0.10946054756641388
A0A1Y3YYW1,tryptamine,Mono,taurine,TLCA,0.1743663251399994
A0A1Y3YYW1,tryptamine,Di,glycine,GDCA,0.19693483412265778
A0A1Y3YYW1,tryptamine,Di,taurine,TDCA,0.1705940216779709
A0A1Y3YYW1,tryptamine,Tri,glycine,GCA,0.20726902782917023
A0A1Y3YYW1,tryptamine,Tri,taurine,TCA,0.1613142043352127
A0A1Y3YYW1,cadaverine,Mono,glycine,GLCA,0.17868658900260925
A0A1Y3YYW1,cadaverine,Mono,taurine,TLCA,0.2013474702835083
A0A1Y3YYW1,cadaverine,Di,glycine,GDCA,0.22619996964931488
A0A1Y3YYW1,cadaverine,Di,taurine,TDCA,0.18278411030769348
A0A1Y3YYW1,cadaverine,Tri,glycine,GCA,0.25391852855682373
A0A1Y3YYW1,cadaverine,Tri,taurine,TCA,0.1998404860496521
A0A1Y3YYW1,putrescine,Mono,glycine,GLCA,0.190757155418396
A0A1Y3YYW1,putrescine,Mono,taurine,TLCA,0.2831636667251587
A0A1Y3YYW1,putrescine,Di,glycine,GDCA,0.2472330629825592
A0A1Y3YYW1,putrescine,Di,taurine,TDCA,0.22042039036750793
A0A1Y3YYW1,putrescine,Tri,glycine,GCA,0.234933540225029
A0A1Y3YYW1,putrescine,Tri,taurine,TCA,0.20124322175979614
A0A1Y3YYW1,2_aminophenol,Mono,glycine,GLCA,0.22680488228797913
A0A1Y3YYW1,2_aminophenol,Mono,taurine,TLCA,0.357038676738739
A0A1Y3YYW1,2_aminophenol,Di,glycine,GDCA,0.3271242380142212
A0A1Y3YYW1,2_aminophenol,Di,taurine,TDCA,0.36186137795448303
A0A1Y3YYW1,2_aminophenol,Tri,glycine,GCA,0.28775346279144287
A0A1Y3YYW1,2_aminophenol,Tri,taurine,TCA,0.3017923831939697
A0A1Y3YYW1,serotonin,Mono,glycine,GLCA,0.11872006207704544
A0A1Y3YYW1,serotonin,Mono,taurine,TLCA,0.23739702999591827
A0A1Y3YYW1,serotonin,Di,glycine,GDCA,0.22462429106235504
A0A1Y3YYW1,serotonin,Di,taurine,TDCA,0.20049422979354858
A0A1Y3YYW1,serotonin,Tri,glycine,GCA,0.271779328584671
A0A1Y3YYW1,serotonin,Tri,taurine,TCA,0.2190777212381363
A0A1Y3YYW1,tyramine,Mono,glycine,GLCA,0.15686443448066711
A0A1Y3YYW1,tyramine,Mono,taurine,TLCA,0.21761858463287354
A0A1Y3YYW1,tyramine,Di,glycine,GDCA,0.23971174657344818
A0A1Y3YYW1,tyramine,Di,taurine,TDCA,0.1872820258140564
A0A1Y3YYW1,tyramine,Tri,glycine,GCA,0.22473645210266113
A0A1Y3YYW1,tyramine,Tri,taurine,TCA,0.18970796465873718
A0A1Y3YYW1,cystine,Mono,glycine,GLCA,0.1175994947552681
A0A1Y3YYW1,cystine,Mono,taurine,TLCA,0.2966916561126709
A0A1Y3YYW1,cystine,Di,glycine,GDCA,0.1907615065574646
A0A1Y3YYW1,cystine,Di,taurine,TDCA,0.09300258755683899
A0A1Y3YYW1,cystine,Tri,glycine,GCA,0.22725296020507812
A0A1Y3YYW1,cystine,Tri,taurine,TCA,0.1475573182106018
A0A1Y4QH48,"2,3_diaminopropionic acid",Mono,glycine,GLCA,0.17665091156959534
A0A1Y4QH48,"2,3_diaminopropionic acid",Mono,taurine,TLCA,0.2841392755508423
A0A1Y4QH48,"2,3_diaminopropionic acid",Di,glycine,GDCA,0.2797023057937622
A0A1Y4QH48,"2,3_diaminopropionic acid",Di,taurine,TDCA,0.307622492313385
A0A1Y4QH48,"2,3_diaminopropionic acid",Tri,glycine,GCA,0.29144784808158875
A0A1Y4QH48,"2,3_diaminopropionic acid",Tri,taurine,TCA,0.29608026146888733
A0A1Y4QH48,3_methoxytyramine,Mono,glycine,GLCA,0.12063395977020264
A0A1Y4QH48,3_methoxytyramine,Mono,taurine,TLCA,0.09532353281974792
A0A1Y4QH48,3_methoxytyramine,Di,glycine,GDCA,0.18068811297416687
A0A1Y4QH48,3_methoxytyramine,Di,taurine,TDCA,0.12836232781410217
A0A1Y4QH48,3_methoxytyramine,Tri,glycine,GCA,0.16462914645671844
A0A1Y4QH48,3_methoxytyramine,Tri,taurine,TCA,0.1470739245414734
A0A1Y4QH48,asparagine,Mono,glycine,GLCA,0.16274377703666687
A0A1Y4QH48,asparagine,Mono,taurine,TLCA,0.3084442615509033
A0A1Y4QH48,asparagine,Di,glycine,GDCA,0.18067622184753418
A0A1Y4QH48,asparagine,Di,taurine,TDCA,0.21862533688545227
A0A1Y4QH48,asparagine,Tri,glycine,GCA,0.20106811821460724
A0A1Y4QH48,asparagine,Tri,taurine,TCA,0.23350483179092407
A0A1Y4QH48,proline,Mono,glycine,GLCA,0.26250630617141724
A0A1Y4QH48,proline,Mono,taurine,TLCA,0.364933580160141
A0A1Y4QH48,proline,Di,glycine,GDCA,0.2224889099597931
A0A1Y4QH48,proline,Di,taurine,TDCA,0.26464423537254333
A0A1Y4QH48,proline,Tri,glycine,GCA,0.26874494552612305
A0A1Y4QH48,proline,Tri,taurine,TCA,0.30222952365875244
A0A1Y4QH48,dopamine,Mono,glycine,GLCA,0.15885218977928162
A0A1Y4QH48,dopamine,Mono,taurine,TLCA,0.26552286744117737
A0A1Y4QH48,dopamine,Di,glycine,GDCA,0.22721029818058014
A0A1Y4QH48,dopamine,Di,taurine,TDCA,0.24760286509990692
A0A1Y4QH48,dopamine,Tri,glycine,GCA,0.1909046769142151
A0A1Y4QH48,dopamine,Tri,taurine,TCA,0.2104991376399994
A0A1Y4QH48,gaba,Mono,glycine,GLCA,0.18506783246994019
A0A1Y4QH48,gaba,Mono,taurine,TLCA,0.2508561611175537
A0A1Y4QH48,gaba,Di,glycine,GDCA,0.2047174870967865
A0A1Y4QH48,gaba,Di,taurine,TDCA,0.18054649233818054
A0A1Y4QH48,gaba,Tri,glycine,GCA,0.1983976513147354
A0A1Y4QH48,gaba,Tri,taurine,TCA,0.18992199003696442
A0A1Y4QH48,glyglycine,Mono,glycine,GLCA,0.17051604390144348
A0A1Y4QH48,glyglycine,Mono,taurine,TLCA,0.19386471807956696
A0A1Y4QH48,glyglycine,Di,glycine,GDCA,0.18277232348918915
A0A1Y4QH48,glyglycine,Di,taurine,TDCA,0.14051604270935059
A0A1Y4QH48,glyglycine,Tri,glycine,GCA,0.11228938400745392
A0A1Y4QH48,glyglycine,Tri,taurine,TCA,0.08132244646549225
A0A1Y4QH48,alanine,Mono,glycine,GLCA,0.17435476183891296
A0A1Y4QH48,alanine,Mono,taurine,TLCA,0.20946958661079407
A0A1Y4QH48,alanine,Di,glycine,GDCA,0.195321187376976
A0A1Y4QH48,alanine,Di,taurine,TDCA,0.20109902322292328
A0A1Y4QH48,alanine,Tri,glycine,GCA,0.16076013445854187
A0A1Y4QH48,alanine,Tri,taurine,TCA,0.17806513607501984
A0A1Y4QH48,arginine,Mono,glycine,GLCA,0.1403924822807312
A0A1Y4QH48,arginine,Mono,taurine,TLCA,0.3312291204929352
A0A1Y4QH48,arginine,Di,glycine,GDCA,0.24524521827697754
A0A1Y4QH48,arginine,Di,taurine,TDCA,0.2988707721233368
A0A1Y4QH48,arginine,Tri,glycine,GCA,0.2742927670478821
A0A1Y4QH48,arginine,Tri,taurine,TCA,0.28865212202072144
A0A1Y4QH48,citrulline,Mono,glycine,GLCA,0.20907583832740784
A0A1Y4QH48,citrulline,Mono,taurine,TLCA,0.3784818649291992
A0A1Y4QH48,citrulline,Di,glycine,GDCA,0.19304589927196503
A0A1Y4QH48,citrulline,Di,taurine,TDCA,0.2412356436252594
A0A1Y4QH48,citrulline,Tri,glycine,GCA,0.22448118031024933
A0A1Y4QH48,citrulline,Tri,taurine,TCA,0.26192209124565125
A0A1Y4QH48,glutamine,Mono,glycine,GLCA,0.1478046327829361
A0A1Y4QH48,glutamine,Mono,taurine,TLCA,0.31716853380203247
A0A1Y4QH48,glutamine,Di,glycine,GDCA,0.2603725790977478
A0A1Y4QH48,glutamine,Di,taurine,TDCA,0.2958678901195526
A0A1Y4QH48,glutamine,Tri,glycine,GCA,0.23902595043182373
A0A1Y4QH48,glutamine,Tri,taurine,TCA,0.3300502300262451
A0A1Y4QH48,histidine,Mono,glycine,GLCA,0.1311543881893158
A0A1Y4QH48,histidine,Mono,taurine,TLCA,0.37787699699401855
A0A1Y4QH48,histidine,Di,glycine,GDCA,0.24870286881923676
A0A1Y4QH48,histidine,Di,taurine,TDCA,0.34292155504226685
A0A1Y4QH48,histidine,Tri,glycine,GCA,0.2127205729484558
A0A1Y4QH48,histidine,Tri,taurine,TCA,0.3301575779914856
A0A1Y4QH48,lysine,Mono,glycine,GLCA,0.18364450335502625
A0A1Y4QH48,lysine,Mono,taurine,TLCA,0.22723692655563354
A0A1Y4QH48,lysine,Di,glycine,GDCA,0.2691425383090973
A0A1Y4QH48,lysine,Di,taurine,TDCA,0.26062098145484924
A0A1Y4QH48,lysine,Tri,glycine,GCA,0.21850353479385376
A0A1Y4QH48,lysine,Tri,taurine,TCA,0.2163868248462677
A0A1Y4QH48,methionine,Mono,glycine,GLCA,0.1560656875371933
A0A1Y4QH48,methionine,Mono,taurine,TLCA,0.21170100569725037
A0A1Y4QH48,methionine,Di,glycine,GDCA,0.15712012350559235
A0A1Y4QH48,methionine,Di,taurine,TDCA,0.1948196291923523
A0A1Y4QH48,methionine,Tri,glycine,GCA,0.15796950459480286
A0A1Y4QH48,methionine,Tri,taurine,TCA,0.1962536871433258
A0A1Y4QH48,ornithine,Mono,glycine,GLCA,0.15791845321655273
A0A1Y4QH48,ornithine,Mono,taurine,TLCA,0.2333618402481079
A0A1Y4QH48,ornithine,Di,glycine,GDCA,0.1854982078075409
A0A1Y4QH48,ornithine,Di,taurine,TDCA,0.23844730854034424
A0A1Y4QH48,ornithine,Tri,glycine,GCA,0.2181311696767807
A0A1Y4QH48,ornithine,Tri,taurine,TCA,0.22705164551734924
A0A1Y4QH48,phenylalanine,Mono,glycine,GLCA,0.17584598064422607
A0A1Y4QH48,phenylalanine,Mono,taurine,TLCA,0.37974846363067627
A0A1Y4QH48,phenylalanine,Di,glycine,GDCA,0.2582215964794159
A0A1Y4QH48,phenylalanine,Di,taurine,TDCA,0.34949153661727905
A0A1Y4QH48,phenylalanine,Tri,glycine,GCA,0.23952874541282654
A0A1Y4QH48,phenylalanine,Tri,taurine,TCA,0.34018146991729736
A0A1Y4QH48,serine,Mono,glycine,GLCA,0.20511439442634583
A0A1Y4QH48,serine,Mono,taurine,TLCA,0.300876259803772
A0A1Y4QH48,serine,Di,glycine,GDCA,0.2455323338508606
A0A1Y4QH48,serine,Di,taurine,TDCA,0.3377312421798706
A0A1Y4QH48,serine,Tri,glycine,GCA,0.23815613985061646
A0A1Y4QH48,serine,Tri,taurine,TCA,0.2780868411064148
A0A1Y4QH48,threonine,Mono,glycine,GLCA,0.1873185932636261
A0A1Y4QH48,threonine,Mono,taurine,TLCA,0.3113686442375183
A0A1Y4QH48,threonine,Di,glycine,GDCA,0.205137237906456
A0A1Y4QH48,threonine,Di,taurine,TDCA,0.2854759991168976
A0A1Y4QH48,threonine,Tri,glycine,GCA,0.12170606851577759
A0A1Y4QH48,threonine,Tri,taurine,TCA,0.21891678869724274
A0A1Y4QH48,tryptamine,Mono,glycine,GLCA,0.21482816338539124
A0A1Y4QH48,tryptamine,Mono,taurine,TLCA,0.15397419035434723
A0A1Y4QH48,tryptamine,Di,glycine,GDCA,0.2855743169784546
A0A1Y4QH48,tryptamine,Di,taurine,TDCA,0.25132471323013306
A0A1Y4QH48,tryptamine,Tri,glycine,GCA,0.2568392753601074
A0A1Y4QH48,tryptamine,Tri,taurine,TCA,0.2471642792224884
A0A1Y4QH48,cadaverine,Mono,glycine,GLCA,0.23772461712360382
A0A1Y4QH48,cadaverine,Mono,taurine,TLCA,0.2285296618938446
A0A1Y4QH48,cadaverine,Di,glycine,GDCA,0.2500910758972168
A0A1Y4QH48,cadaverine,Di,taurine,TDCA,0.25018492341041565
A0A1Y4QH48,cadaverine,Tri,glycine,GCA,0.22989793121814728
A0A1Y4QH48,cadaverine,Tri,taurine,TCA,0.22005169093608856
A0A1Y4QH48,putrescine,Mono,glycine,GLCA,0.25074177980422974
A0A1Y4QH48,putrescine,Mono,taurine,TLCA,0.2939199209213257
A0A1Y4QH48,putrescine,Di,glycine,GDCA,0.24054868519306183
A0A1Y4QH48,putrescine,Di,taurine,TDCA,0.2437191903591156
A0A1Y4QH48,putrescine,Tri,glycine,GCA,0.205838143825531
A0A1Y4QH48,putrescine,Tri,taurine,TCA,0.2112058699131012
A0A1Y4QH48,2_aminophenol,Mono,glycine,GLCA,0.2469998449087143
A0A1Y4QH48,2_aminophenol,Mono,taurine,TLCA,0.2663629353046417
A0A1Y4QH48,2_aminophenol,Di,glycine,GDCA,0.2457943707704544
A0A1Y4QH48,2_aminophenol,Di,taurine,TDCA,0.3363855481147766
A0A1Y4QH48,2_aminophenol,Tri,glycine,GCA,0.22901874780654907
A0A1Y4QH48,2_aminophenol,Tri,taurine,TCA,0.3038102388381958
A0A1Y4QH48,serotonin,Mono,glycine,GLCA,0.24154146015644073
A0A1Y4QH48,serotonin,Mono,taurine,TLCA,0.2738863229751587
A0A1Y4QH48,serotonin,Di,glycine,GDCA,0.30481794476509094
A0A1Y4QH48,serotonin,Di,taurine,TDCA,0.3156849145889282
A0A1Y4QH48,serotonin,Tri,glycine,GCA,0.3136129081249237
A0A1Y4QH48,serotonin,Tri,taurine,TCA,0.3060203194618225
A0A1Y4QH48,tyramine,Mono,glycine,GLCA,0.18432368338108063
A0A1Y4QH48,tyramine,Mono,taurine,TLCA,0.2593719959259033
A0A1Y4QH48,tyramine,Di,glycine,GDCA,0.25780797004699707
A0A1Y4QH48,tyramine,Di,taurine,TDCA,0.23865444958209991
A0A1Y4QH48,tyramine,Tri,glycine,GCA,0.22167335450649261
A0A1Y4QH48,tyramine,Tri,taurine,TCA,0.22834907472133636
A0A1Y4QH48,cystine,Mono,glycine,GLCA,0.16904351115226746
A0A1Y4QH48,cystine,Mono,taurine,TLCA,0.2729278802871704
A0A1Y4QH48,cystine,Di,glycine,GDCA,0.23664820194244385
A0A1Y4QH48,cystine,Di,taurine,TDCA,0.22000652551651
A0A1Y4QH48,cystine,Tri,glycine,GCA,0.23091065883636475
A0A1Y4QH48,cystine,Tri,taurine,TCA,0.22500523924827576
A0A2S7KLN3,"2,3_diaminopropionic acid",Mono,glycine,GLCA,0.20404288172721863
A0A2S7KLN3,"2,3_diaminopropionic acid",Mono,taurine,TLCA,0.31055158376693726
A0A2S7KLN3,"2,3_diaminopropionic acid",Di,glycine,GDCA,0.19928774237632751
A0A2S7KLN3,"2,3_diaminopropionic acid",Di,taurine,TDCA,0.23847712576389313
A0A2S7KLN3,"2,3_diaminopropionic acid",Tri,glycine,GCA,0.2094983160495758
A0A2S7KLN3,"2,3_diaminopropionic acid",Tri,taurine,TCA,0.17433767020702362
A0A2S7KLN3,3_methoxytyramine,Mono,glycine,GLCA,-0.025096707046031952
A0A2S7KLN3,3_methoxytyramine,Mono,taurine,TLCA,-0.016367940232157707
A0A2S7KLN3,3_methoxytyramine,Di,glycine,GDCA,-0.011941254138946533
A0A2S7KLN3,3_methoxytyramine,Di,taurine,TDCA,-0.07253023236989975
A0A2S7KLN3,3_methoxytyramine,Tri,glycine,GCA,-0.04245176166296005
A0A2S7KLN3,3_methoxytyramine,Tri,taurine,TCA,-0.05433885008096695
A0A2S7KLN3,asparagine,Mono,glycine,GLCA,0.21467946469783783
A0A2S7KLN3,asparagine,Mono,taurine,TLCA,0.3514343500137329
A0A2S7KLN3,asparagine,Di,glycine,GDCA,0.1488838791847229
A0A2S7KLN3,asparagine,Di,taurine,TDCA,0.19080257415771484
A0A2S7KLN3,asparagine,Tri,glycine,GCA,0.20158177614212036
A0A2S7KLN3,asparagine,Tri,taurine,TCA,0.2170538753271103
A0A2S7KLN3,proline,Mono,glycine,GLCA,0.24131432175636292
A0A2S7KLN3,proline,Mono,taurine,TLCA,0.3693854510784149
A0A2S7KLN3,proline,Di,glycine,GDCA,0.09010830521583557
A0A2S7KLN3,proline,Di,taurine,TDCA,0.11770720034837723
A0A2S7KLN3,proline,Tri,glycine,GCA,0.17052602767944336
A0A2S7KLN3,proline,Tri,taurine,TCA,0.16025979816913605
A0A2S7KLN3,dopamine,Mono,glycine,GLCA,0.0716366097331047
A0A2S7KLN3,dopamine,Mono,taurine,TLCA,0.1432613730430603
A0A2S7KLN3,dopamine,Di,glycine,GDCA,0.10082754492759705
A0A2S7KLN3,dopamine,Di,taurine,TDCA,0.10497941076755524
A0A2S7KLN3,dopamine,Tri,glycine,GCA,0.060621798038482666
A0A2S7KLN3,dopamine,Tri,taurine,TCA,0.04928959906101227
A0A2S7KLN3,gaba,Mono,glycine,GLCA,0.1859358698129654
A0A2S7KLN3,gaba,Mono,taurine,TLCA,0.21688306331634521
A0A2S7KLN3,gaba,Di,glycine,GDCA,0.10843682289123535
A0A2S7KLN3,gaba,Di,taurine,TDCA,0.0931742861866951
A0A2S7KLN3,gaba,Tri,glycine,GCA,0.14219418168067932
A0A2S7KLN3,gaba,Tri,taurine,TCA,0.10780289769172668
A0A2S7KLN3,glyglycine,Mono,glycine,GLCA,0.14576297998428345
A0A2S7KLN3,glyglycine,Mono,taurine,TLCA,0.14701756834983826
A0A2S7KLN3,glyglycine,Di,glycine,GDCA,0.08854307234287262
A0A2S7KLN3,glyglycine,Di,taurine,TDCA,0.0593736432492733
A0A2S7KLN3,glyglycine,Tri,glycine,GCA,0.01326705887913704
A0A2S7KLN3,glyglycine,Tri,taurine,TCA,-0.042828649282455444
A0A2S7KLN3,alanine,Mono,glycine,GLCA,0.20259442925453186
A0A2S7KLN3,alanine,Mono,taurine,TLCA,0.2380969077348709
A0A2S7KLN3,alanine,Di,glycine,GDCA,0.14391955733299255
A0A2S7KLN3,alanine,Di,taurine,TDCA,0.07965511828660965
A0A2S7KLN3,alanine,Tri,glycine,GCA,0.1734602451324463
A0A2S7KLN3,alanine,Tri,taurine,TCA,0.12783999741077423
A0A2S7KLN3,arginine,Mono,glycine,GLCA,0.18470004200935364
A0A2S7KLN3,arginine,Mono,taurine,TLCA,0.30249539017677307
A0A2S7KLN3,arginine,Di,glycine,GDCA,0.18525820970535278
A0A2S7KLN3,arginine,Di,taurine,TDCA,0.2459074854850769
A0A2S7KLN3,arginine,Tri,glycine,GCA,0.2682584822177887
A0A2S7KLN3,arginine,Tri,taurine,TCA,0.23351652920246124
A0A2S7KLN3,citrulline,Mono,glycine,GLCA,0.22217020392417908
A0A2S7KLN3,citrulline,Mono,taurine,TLCA,0.3707590699195862
A0A2S7KLN3,citrulline,Di,glycine,GDCA,0.14892321825027466
A0A2S7KLN3,citrulline,Di,taurine,TDCA,0.20183797180652618
A0A2S7KLN3,citrulline,Tri,glycine,GCA,0.2128995805978775
A0A2S7KLN3,citrulline,Tri,taurine,TCA,0.1938679814338684
A0A2S7KLN3,glutamine,Mono,glycine,GLCA,0.22609949111938477
A0A2S7KLN3,glutamine,Mono,taurine,TLCA,0.3871183395385742
A0A2S7KLN3,glutamine,Di,glycine,GDCA,0.2374243140220642
A0A2S7KLN3,glutamine,Di,taurine,TDCA,0.29288503527641296
A0A2S7KLN3,glutamine,Tri,glycine,GCA,0.2102275937795639
A0A2S7KLN3,glutamine,Tri,taurine,TCA,0.2636694610118866
A0A2S7KLN3,histidine,Mono,glycine,GLCA,0.21392011642456055
A0A2S7KLN3,histidine,Mono,taurine,TLCA,0.4144276976585388
A0A2S7KLN3,histidine,Di,glycine,GDCA,0.21674330532550812
A0A2S7KLN3,histidine,Di,taurine,TDCA,0.2825097143650055
A0A2S7KLN3,histidine,Tri,glycine,GCA,0.19756482541561127
A0A2S7KLN3,histidine,Tri,taurine,TCA,0.268454372882843
A0A2S7KLN3,lysine,Mono,glycine,GLCA,0.20683008432388306
A0A2S7KLN3,lysine,Mono,taurine,TLCA,0.2079547941684723
A0A2S7KLN3,lysine,Di,glycine,GDCA,0.21057751774787903
A0A2S7KLN3,lysine,Di,taurine,TDCA,0.19817474484443665
A0A2S7KLN3,lysine,Tri,glycine,GCA,0.21025767922401428
A0A2S7KLN3,lysine,Tri,taurine,TCA,0.19570119678974152
A0A2S7KLN3,methionine,Mono,glycine,GLCA,0.19601845741271973
A0A2S7KLN3,methionine,Mono,taurine,TLCA,0.23854228854179382
A0A2S7KLN3,methionine,Di,glycine,GDCA,0.1222810298204422
A0A2S7KLN3,methionine,Di,taurine,TDCA,0.11977197229862213
A0A2S7KLN3,methionine,Tri,glycine,GCA,0.13684730231761932
A0A2S7KLN3,methionine,Tri,taurine,TCA,0.14620357751846313
A0A2S7KLN3,ornithine,Mono,glycine,GLCA,0.17477957904338837
A0A2S7KLN3,ornithine,Mono,taurine,TLCA,0.19652116298675537
A0A2S7KLN3,ornithine,Di,glycine,GDCA,0.15156659483909607
A0A2S7KLN3,ornithine,Di,taurine,TDCA,0.1581762135028839
A0A2S7KLN3,ornithine,Tri,glycine,GCA,0.1765405386686325
A0A2S7KLN3,ornithine,Tri,taurine,TCA,0.15218320488929749
A0A2S7KLN3,phenylalanine,Mono,glycine,GLCA,0.2234203964471817
A0A2S7KLN3,phenylalanine,Mono,taurine,TLCA,0.3797576427459717
A0A2S7KLN3,phenylalanine,Di,glycine,GDCA,0.21362942457199097
A0A2S7KLN3,phenylalanine,Di,taurine,TDCA,0.27748414874076843
A0A2S7KLN3,phenylalanine,Tri,glycine,GCA,0.2164696753025055
A0A2S7KLN3,phenylalanine,Tri,taurine,TCA,0.25217488408088684
A0A2S7KLN3,serine,Mono,glycine,GLCA,0.2738528847694397
A0A2S7KLN3,serine,Mono,taurine,TLCA,0.35935643315315247
A0A2S7KLN3,serine,Di,glycine,GDCA,0.16250395774841309
A0A2S7KLN3,serine,Di,taurine,TDCA,0.24529781937599182
A0A2S7KLN3,serine,Tri,glycine,GCA,0.20163273811340332
A0A2S7KLN3,serine,Tri,taurine,TCA,0.22596202790737152
A0A2S7KLN3,threonine,Mono,glycine,GLCA,0.20062506198883057
A0A2S7KLN3,threonine,Mono,taurine,TLCA,0.28698021173477173
A0A2S7KLN3,threonine,Di,glycine,GDCA,0.18201002478599548
A0A2S7KLN3,threonine,Di,taurine,TDCA,0.23884743452072144
A0A2S7KLN3,threonine,Tri,glycine,GCA,0.1679108887910843
A0A2S7KLN3,threonine,Tri,taurine,TCA,0.18514034152030945
A0A2S7KLN3,tryptamine,Mono,glycine,GLCA,0.13536237180233002
A0A2S7KLN3,tryptamine,Mono,taurine,TLCA,0.0731458067893982
A0A2S7KLN3,tryptamine,Di,glycine,GDCA,0.13096658885478973
A0A2S7KLN3,tryptamine,Di,taurine,TDCA,0.09829004108905792
A0A2S7KLN3,tryptamine,Tri,glycine,GCA,0.16185887157917023
A0A2S7KLN3,tryptamine,Tri,taurine,TCA,0.05508793145418167
A0A2S7KLN3,cadaverine,Mono,glycine,GLCA,0.1991426646709442
A0A2S7KLN3,cadaverine,Mono,taurine,TLCA,0.20946118235588074
A0A2S7KLN3,cadaverine,Di,glycine,GDCA,0.12936538457870483
A0A2S7KLN3,cadaverine,Di,taurine,TDCA,0.16033288836479187
A0A2S7KLN3,cadaverine,Tri,glycine,GCA,0.1796625256538391
A0A2S7KLN3,cadaverine,Tri,taurine,TCA,0.16245320439338684
A0A2S7KLN3,putrescine,Mono,glycine,GLCA,0.19602251052856445
A0A2S7KLN3,putrescine,Mono,taurine,TLCA,0.26754269003868103
A0A2S7KLN3,putrescine,Di,glycine,GDCA,0.1285395324230194
A0A2S7KLN3,putrescine,Di,taurine,TDCA,0.15130329132080078
A0A2S7KLN3,putrescine,Tri,glycine,GCA,0.14236770570278168
A0A2S7KLN3,putrescine,Tri,taurine,TCA,0.1384800374507904
A0A2S7KLN3,2_aminophenol,Mono,glycine,GLCA,0.237095445394516
A0A2S7KLN3,2_aminophenol,Mono,taurine,TLCA,0.2766895890235901
A0A2S7KLN3,2_aminophenol,Di,glycine,GDCA,0.16707322001457214
A0A2S7KLN3,2_aminophenol,Di,taurine,TDCA,0.23419688642024994
A0A2S7KLN3,2_aminophenol,Tri,glycine,GCA,0.18827961385250092
A0A2S7KLN3,2_aminophenol,Tri,taurine,TCA,0.19861221313476562
A0A2S7KLN3,serotonin,Mono,glycine,GLCA,0.11890489608049393
A0A2S7KLN3,serotonin,Mono,taurine,TLCA,0.16006115078926086
A0A2S7KLN3,serotonin,Di,glycine,GDCA,0.13745777308940887
A0A2S7KLN3,serotonin,Di,taurine,TDCA,0.14503534138202667
A0A2S7KLN3,serotonin,Tri,glycine,GCA,0.16203755140304565
A0A2S7KLN3,serotonin,Tri,taurine,TCA,0.12228259444236755
A0A2S7KLN3,tyramine,Mono,glycine,GLCA,0.10553000122308731
A0A2S7KLN3,tyramine,Mono,taurine,TLCA,0.14645281434059143
A0A2S7KLN3,tyramine,Di,glycine,GDCA,0.13442698121070862
A0A2S7KLN3,tyramine,Di,taurine,TDCA,0.11917121708393097
A0A2S7KLN3,tyramine,Tri,glycine,GCA,0.12333723157644272
A0A2S7KLN3,tyramine,Tri,taurine,TCA,0.09581390768289566
A0A2S7KLN3,cystine,Mono,glycine,GLCA,0.13653969764709473
A0A2S7KLN3,cystine,Mono,taurine,TLCA,0.23865780234336853
A0A2S7KLN3,cystine,Di,glycine,GDCA,0.08455667644739151
A0A2S7KLN3,cystine,Di,taurine,TDCA,0.07119956612586975
A0A2S7KLN3,cystine,Tri,glycine,GCA,0.07955728471279144
A0A2S7KLN3,cystine,Tri,taurine,TCA,0.06391225755214691
A0A2S8G2H3,"2,3_diaminopropionic acid",Mono,glycine,GLCA,0.30171406269073486
A0A2S8G2H3,"2,3_diaminopropionic acid",Mono,taurine,TLCA,0.417965292930603
A0A2S8G2H3,"2,3_diaminopropionic acid",Di,glycine,GDCA,0.3438960611820221
A0A2S8G2H3,"2,3_diaminopropionic acid",Di,taurine,TDCA,0.31611311435699463
A0A2S8G2H3,"2,3_diaminopropionic acid",Tri,glycine,GCA,0.3367566168308258
A0A2S8G2H3,"2,3_diaminopropionic acid",Tri,taurine,TCA,0.2876313328742981
A0A2S8G2H3,3_methoxytyramine,Mono,glycine,GLCA,0.07456574589014053
A0A2S8G2H3,3_methoxytyramine,Mono,taurine,TLCA,0.09259938448667526
A0A2S8G2H3,3_methoxytyramine,Di,glycine,GDCA,0.10429537296295166
A0A2S8G2H3,3_methoxytyramine,Di,taurine,TDCA,-0.010754678398370743
A0A2S8G2H3,3_methoxytyramine,Tri,glycine,GCA,0.05830514803528786
A0A2S8G2H3,3_methoxytyramine,Tri,taurine,TCA,0.02463190257549286
A0A2S8G2H3,asparagine,Mono,glycine,GLCA,0.324493408203125
A0A2S8G2H3,asparagine,Mono,taurine,TLCA,0.5391332507133484
A0A2S8G2H3,asparagine,Di,glycine,GDCA,0.3195311427116394
A0A2S8G2H3,asparagine,Di,taurine,TDCA,0.3960021734237671
A0A2S8G2H3,asparagine,Tri,glycine,GCA,0.3249353766441345
A0A2S8G2H3,asparagine,Tri,taurine,TCA,0.37109503149986267
A0A2S8G2H3,proline,Mono,glycine,GLCA,0.3585730493068695
A0A2S8G2H3,proline,Mono,taurine,TLCA,0.49405044317245483
A0A2S8G2H3,proline,Di,glycine,GDCA,0.23625904321670532
A0A2S8G2H3,proline,Di,taurine,TDCA,0.21031999588012695
A0A2S8G2H3,proline,Tri,glycine,GCA,0.26950469613075256
A0A2S8G2H3,proline,Tri,taurine,TCA,0.22797691822052002
A0A2S8G2H3,dopamine,Mono,glycine,GLCA,0.14713957905769348
A0A2S8G2H3,dopamine,Mono,taurine,TLCA,0.2493143528699875
A0A2S8G2H3,dopamine,Di,glycine,GDCA,0.1606750637292862
A0A2S8G2H3,dopamine,Di,taurine,TDCA,0.13328823447227478
A0A2S8G2H3,dopamine,Tri,glycine,GCA,0.14065717160701752
A0A2S8G2H3,dopamine,Tri,taurine,TCA,0.10879991948604584
A0A2S8G2H3,gaba,Mono,glycine,GLCA,0.2598420977592468
A0A2S8G2H3,gaba,Mono,taurine,TLCA,0.3192273676395416
A0A2S8G2H3,gaba,Di,glycine,GDCA,0.2208135724067688
A0A2S8G2H3,gaba,Di,taurine,TDCA,0.17001160979270935
A0A2S8G2H3,gaba,Tri,glycine,GCA,0.23875391483306885
A0A2S8G2H3,gaba,Tri,taurine,TCA,0.18593162298202515
A0A2S8G2H3,glyglycine,Mono,glycine,GLCA,0.24066442251205444
A0A2S8G2H3,glyglycine,Mono,taurine,TLCA,0.21573248505592346
A0A2S8G2H3,glyglycine,Di,glycine,GDCA,0.18618936836719513
A0A2S8G2H3,glyglycine,Di,taurine,TDCA,0.09868765622377396
A0A2S8G2H3,glyglycine,Tri,glycine,GCA,0.10138319432735443
A0A2S8G2H3,glyglycine,Tri,taurine,TCA,0.03595200181007385
A0A2S8G2H3,alanine,Mono,glycine,GLCA,0.31008580327033997
A0A2S8G2H3,alanine,Mono,taurine,TLCA,0.38011854887008667
A0A2S8G2H3,alanine,Di,glycine,GDCA,0.2716536819934845
A0A2S8G2H3,alanine,Di,taurine,TDCA,0.18823564052581787
A0A2S8G2H3,alanine,Tri,glycine,GCA,0.2535077929496765
A0A2S8G2H3,alanine,Tri,taurine,TCA,0.22702494263648987
A0A2S8G2H3,arginine,Mono,glycine,GLCA,0.21265769004821777
A0A2S8G2H3,arginine,Mono,taurine,TLCA,0.39056307077407837
A0A2S8G2H3,arginine,Di,glycine,GDCA,0.2341022491455078
A0A2S8G2H3,arginine,Di,taurine,TDCA,0.26953059434890747
A0A2S8G2H3,arginine,Tri,glycine,GCA,0.3059426248073578
A0A2S8G2H3,arginine,Tri,taurine,TCA,0.28185296058654785
A0A2S8G2H3,citrulline,Mono,glycine,GLCA,0.3523520827293396
A0A2S8G2H3,citrulline,Mono,taurine,TLCA,0.526803731918335
A0A2S8G2H3,citrulline,Di,glycine,GDCA,0.29749688506126404
A0A2S8G2H3,citrulline,Di,taurine,TDCA,0.34176933765411377
A0A2S8G2H3,citrulline,Tri,glycine,GCA,0.3180921673774719
A0A2S8G2H3,citrulline,Tri,taurine,TCA,0.32354435324668884
A0A2S8G2H3,glutamine,Mono,glycine,GLCA,0.3481356203556061
A0A2S8G2H3,glutamine,Mono,taurine,TLCA,0.5616147518157959
A0A2S8G2H3,glutamine,Di,glycine,GDCA,0.39215660095214844
A0A2S8G2H3,glutamine,Di,taurine,TDCA,0.44567009806632996
A0A2S8G2H3,glutamine,Tri,glycine,GCA,0.3261173367500305
A0A2S8G2H3,glutamine,Tri,taurine,TCA,0.3931477665901184
A0A2S8G2H3,histidine,Mono,glycine,GLCA,0.35488054156303406
A0A2S8G2H3,histidine,Mono,taurine,TLCA,0.6022402048110962
A0A2S8G2H3,histidine,Di,glycine,GDCA,0.3579998314380646
A0A2S8G2H3,histidine,Di,taurine,TDCA,0.44439002871513367
A0A2S8G2H3,histidine,Tri,glycine,GCA,0.32857418060302734
A0A2S8G2H3,histidine,Tri,taurine,TCA,0.4484139680862427
A0A2S8G2H3,lysine,Mono,glycine,GLCA,0.27488988637924194
A0A2S8G2H3,lysine,Mono,taurine,TLCA,0.30305489897727966
A0A2S8G2H3,lysine,Di,glycine,GDCA,0.2667900323867798
A0A2S8G2H3,lysine,Di,taurine,TDCA,0.23958104848861694
A0A2S8G2H3,lysine,Tri,glycine,GCA,0.2733285129070282
A0A2S8G2H3,lysine,Tri,taurine,TCA,0.24816252291202545
A0A2S8G2H3,methionine,Mono,glycine,GLCA,0.2823977470397949
A0A2S8G2H3,methionine,Mono,taurine,TLCA,0.3662312924861908
A0A2S8G2H3,methionine,Di,glycine,GDCA,0.21006394922733307
A0A2S8G2H3,methionine,Di,taurine,TDCA,0.19946694374084473
A0A2S8G2H3,methionine,Tri,glycine,GCA,0.20926272869110107
A0A2S8G2H3,methionine,Tri,taurine,TCA,0.2291804850101471
A0A2S8G2H3,ornithine,Mono,glycine,GLCA,0.2690984010696411
A0A2S8G2H3,ornithine,Mono,taurine,TLCA,0.3095093071460724
A0A2S8G2H3,ornithine,Di,glycine,GDCA,0.251769483089447
A0A2S8G2H3,ornithine,Di,taurine,TDCA,0.22753393650054932
A0A2S8G2H3,ornithine,Tri,glycine,GCA,0.29580023884773254
A0A2S8G2H3,ornithine,Tri,taurine,TCA,0.25080785155296326
A0A2S8G2H3,phenylalanine,Mono,glycine,GLCA,0.3868405222892761
A0A2S8G2H3,phenylalanine,Mono,taurine,TLCA,0.5841524600982666
A0A2S8G2H3,phenylalanine,Di,glycine,GDCA,0.3892675042152405
A0A2S8G2H3,phenylalanine,Di,taurine,TDCA,0.4584362804889679
A0A2S8G2H3,phenylalanine,Tri,glycine,GCA,0.34841346740722656
A0A2S8G2H3,phenylalanine,Tri,taurine,TCA,0.4083675742149353
A0A2S8G2H3,serine,Mono,glycine,GLCA,0.4207145869731903
A0A2S8G2H3,serine,Mono,taurine,TLCA,0.5632343292236328
A0A2S8G2H3,serine,Di,glycine,GDCA,0.3557567894458771
A0A2S8G2H3,serine,Di,taurine,TDCA,0.44585293531417847
A0A2S8G2H3,serine,Tri,glycine,GCA,0.3580368161201477
A0A2S8G2H3,serine,Tri,taurine,TCA,0.3772614002227783
A0A2S8G2H3,threonine,Mono,glycine,GLCA,0.3500290513038635
A0A2S8G2H3,threonine,Mono,taurine,TLCA,0.49382907152175903
A0A2S8G2H3,threonine,Di,glycine,GDCA,0.3634437918663025
A0A2S8G2H3,threonine,Di,taurine,TDCA,0.4132690131664276
A0A2S8G2H3,threonine,Tri,glycine,GCA,0.29282623529434204
A0A2S8G2H3,threonine,Tri,taurine,TCA,0.3316259980201721
A0A2S8G2H3,tryptamine,Mono,glycine,GLCA,0.17283184826374054
A0A2S8G2H3,tryptamine,Mono,taurine,TLCA,0.15337127447128296
A0A2S8G2H3,tryptamine,Di,glycine,GDCA,0.171804279088974
A0A2S8G2H3,tryptamine,Di,taurine,TDCA,0.15875262022018433
A0A2S8G2H3,tryptamine,Tri,glycine,GCA,0.16662511229515076
A0A2S8G2H3,tryptamine,Tri,taurine,TCA,0.12497802078723907
A0A2S8G2H3,cadaverine,Mono,glycine,GLCA,0.29706335067749023
A0A2S8G2H3,cadaverine,Mono,taurine,TLCA,0.3189266324043274
A0A2S8G2H3,cadaverine,Di,glycine,GDCA,0.2525523900985718
A0A2S8G2H3,cadaverine,Di,taurine,TDCA,0.22156283259391785
A0A2S8G2H3,cadaverine,Tri,glycine,GCA,0.27187514305114746
A0A2S8G2H3,cadaverine,Tri,taurine,TCA,0.2331552505493164
A0A2S8G2H3,putrescine,Mono,glycine,GLCA,0.282879501581192
A0A2S8G2H3,putrescine,Mono,taurine,TLCA,0.3800348937511444
A0A2S8G2H3,putrescine,Di,glycine,GDCA,0.23877374827861786
A0A2S8G2H3,putrescine,Di,taurine,TDCA,0.2115899622440338
A0A2S8G2H3,putrescine,Tri,glycine,GCA,0.2252754420042038
A0A2S8G2H3,putrescine,Tri,taurine,TCA,0.20777978003025055
A0A2S8G2H3,2_aminophenol,Mono,glycine,GLCA,0.3467441499233246
A0A2S8G2H3,2_aminophenol,Mono,taurine,TLCA,0.4448317587375641
A0A2S8G2H3,2_aminophenol,Di,glycine,GDCA,0.3682813048362732
A0A2S8G2H3,2_aminophenol,Di,taurine,TDCA,0.40668243169784546
A0A2S8G2H3,2_aminophenol,Tri,glycine,GCA,0.32629477977752686
A0A2S8G2H3,2_aminophenol,Tri,taurine,TCA,0.3427702486515045
A0A2S8G2H3,serotonin,Mono,glycine,GLCA,0.16367307305335999
A0A2S8G2H3,serotonin,Mono,taurine,TLCA,0.258195161819458
A0A2S8G2H3,serotonin,Di,glycine,GDCA,0.21118615567684174
A0A2S8G2H3,serotonin,Di,taurine,TDCA,0.20425671339035034
A0A2S8G2H3,serotonin,Tri,glycine,GCA,0.2405860424041748
A0A2S8G2H3,serotonin,Tri,taurine,TCA,0.2151688039302826
A0A2S8G2H3,tyramine,Mono,glycine,GLCA,0.19926437735557556
A0A2S8G2H3,tyramine,Mono,taurine,TLCA,0.23817843198776245
A0A2S8G2H3,tyramine,Di,glycine,GDCA,0.20448453724384308
A0A2S8G2H3,tyramine,Di,taurine,TDCA,0.1518593430519104
A0A2S8G2H3,tyramine,Tri,glycine,GCA,0.17512229084968567
A0A2S8G2H3,tyramine,Tri,taurine,TCA,0.16629523038864136
A0A2S8G2H3,cystine,Mono,glycine,GLCA,0.23495692014694214
A0A2S8G2H3,cystine,Mono,taurine,TLCA,0.3708263337612152
A0A2S8G2H3,cystine,Di,glycine,GDCA,0.22021640837192535
A0A2S8G2H3,cystine,Di,taurine,TDCA,0.13143381476402283
A0A2S8G2H3,cystine,Tri,glycine,GCA,0.21923929452896118
A0A2S8G2H3,cystine,Tri,taurine,TCA,0.1639162003993988
A0A2S8GTJ2,"2,3_diaminopropionic acid",Mono,glycine,GLCA,0.3250211775302887
A0A2S8GTJ2,"2,3_diaminopropionic acid",Mono,taurine,TLCA,0.45965248346328735
A0A2S8GTJ2,"2,3_diaminopropionic acid",Di,glycine,GDCA,0.3840585947036743
A0A2S8GTJ2,"2,3_diaminopropionic acid",Di,taurine,TDCA,0.370907187461853
A0A2S8GTJ2,"2,3_diaminopropionic acid",Tri,glycine,GCA,0.34336936473846436
A0A2S8GTJ2,"2,3_diaminopropionic acid",Tri,taurine,TCA,0.3153895139694214
A0A2S8GTJ2,3_methoxytyramine,Mono,glycine,GLCA,0.10388315469026566
A0A2S8GTJ2,3_methoxytyramine,Mono,taurine,TLCA,0.13854363560676575
A0A2S8GTJ2,3_methoxytyramine,Di,glycine,GDCA,0.11904686689376831
A0A2S8GTJ2,3_methoxytyramine,Di,taurine,TDCA,0.020690497010946274
A0A2S8GTJ2,3_methoxytyramine,Tri,glycine,GCA,0.08301999419927597
A0A2S8GTJ2,3_methoxytyramine,Tri,taurine,TCA,0.05155910551548004
A0A2S8GTJ2,asparagine,Mono,glycine,GLCA,0.29864582419395447
A0A2S8GTJ2,asparagine,Mono,taurine,TLCA,0.517017126083374
A0A2S8GTJ2,asparagine,Di,glycine,GDCA,0.30081379413604736
A0A2S8GTJ2,asparagine,Di,taurine,TDCA,0.3793328106403351
A0A2S8GTJ2,asparagine,Tri,glycine,GCA,0.2935451865196228
A0A2S8GTJ2,asparagine,Tri,taurine,TCA,0.3413620591163635
A0A2S8GTJ2,proline,Mono,glycine,GLCA,0.3651643395423889
A0A2S8GTJ2,proline,Mono,taurine,TLCA,0.5200984477996826
A0A2S8GTJ2,proline,Di,glycine,GDCA,0.2419104278087616
A0A2S8GTJ2,proline,Di,taurine,TDCA,0.24492770433425903
A0A2S8GTJ2,proline,Tri,glycine,GCA,0.2651338577270508
A0A2S8GTJ2,proline,Tri,taurine,TCA,0.22186477482318878
A0A2S8GTJ2,dopamine,Mono,glycine,GLCA,0.19416019320487976
A0A2S8GTJ2,dopamine,Mono,taurine,TLCA,0.29694831371307373
A0A2S8GTJ2,dopamine,Di,glycine,GDCA,0.21262836456298828
A0A2S8GTJ2,dopamine,Di,taurine,TDCA,0.18760794401168823
A0A2S8GTJ2,dopamine,Tri,glycine,GCA,0.19025370478630066
A0A2S8GTJ2,dopamine,Tri,taurine,TCA,0.1501147449016571
A0A2S8GTJ2,gaba,Mono,glycine,GLCA,0.2749781310558319
A0A2S8GTJ2,gaba,Mono,taurine,TLCA,0.34326696395874023
A0A2S8GTJ2,gaba,Di,glycine,GDCA,0.21870121359825134
A0A2S8GTJ2,gaba,Di,taurine,TDCA,0.20656903088092804
A0A2S8GTJ2,gaba,Tri,glycine,GCA,0.2274138331413269
A0A2S8GTJ2,gaba,Tri,taurine,TCA,0.19285759329795837
A0A2S8GTJ2,glyglycine,Mono,glycine,GLCA,0.26052504777908325
A0A2S8GTJ2,glyglycine,Mono,taurine,TLCA,0.26529639959335327
A0A2S8GTJ2,glyglycine,Di,glycine,GDCA,0.1980198621749878
A0A2S8GTJ2,glyglycine,Di,taurine,TDCA,0.1323401927947998
A0A2S8GTJ2,glyglycine,Tri,glycine,GCA,0.12294328212738037
A0A2S8GTJ2,glyglycine,Tri,taurine,TCA,0.07443094253540039
A0A2S8GTJ2,alanine,Mono,glycine,GLCA,0.30452761054039
A0A2S8GTJ2,alanine,Mono,taurine,TLCA,0.39589667320251465
A0A2S8GTJ2,alanine,Di,glycine,GDCA,0.2873234748840332
A0A2S8GTJ2,alanine,Di,taurine,TDCA,0.21251294016838074
A0A2S8GTJ2,alanine,Tri,glycine,GCA,0.25711172819137573
A0A2S8GTJ2,alanine,Tri,taurine,TCA,0.23390424251556396
A0A2S8GTJ2,arginine,Mono,glycine,GLCA,0.2319413125514984
A0A2S8GTJ2,arginine,Mono,taurine,TLCA,0.42000502347946167
A0A2S8GTJ2,arginine,Di,glycine,GDCA,0.24869243800640106
A0A2S8GTJ2,arginine,Di,taurine,TDCA,0.2773513197898865
A0A2S8GTJ2,arginine,Tri,glycine,GCA,0.31341832876205444
A0A2S8GTJ2,arginine,Tri,taurine,TCA,0.27877071499824524
A0A2S8GTJ2,citrulline,Mono,glycine,GLCA,0.3716137111186981
A0A2S8GTJ2,citrulline,Mono,taurine,TLCA,0.5550358891487122
A0A2S8GTJ2,citrulline,Di,glycine,GDCA,0.3305755853652954
A0A2S8GTJ2,citrulline,Di,taurine,TDCA,0.39017772674560547
A0A2S8GTJ2,citrulline,Tri,glycine,GCA,0.3313569128513336
A0A2S8GTJ2,citrulline,Tri,taurine,TCA,0.350103497505188
A0A2S8GTJ2,glutamine,Mono,glycine,GLCA,0.33835452795028687
A0A2S8GTJ2,glutamine,Mono,taurine,TLCA,0.5456909537315369
A0A2S8GTJ2,glutamine,Di,glycine,GDCA,0.38129812479019165
A0A2S8GTJ2,glutamine,Di,taurine,TDCA,0.4495542049407959
A0A2S8GTJ2,glutamine,Tri,glycine,GCA,0.2996847629547119
A0A2S8GTJ2,glutamine,Tri,taurine,TCA,0.36225461959838867
A0A2S8GTJ2,histidine,Mono,glycine,GLCA,0.3354209065437317
A0A2S8GTJ2,histidine,Mono,taurine,TLCA,0.5770928263664246
A0A2S8GTJ2,histidine,Di,glycine,GDCA,0.33006522059440613
A0A2S8GTJ2,histidine,Di,taurine,TDCA,0.4279937148094177
A0A2S8GTJ2,histidine,Tri,glycine,GCA,0.3084181547164917
A0A2S8GTJ2,histidine,Tri,taurine,TCA,0.42960840463638306
A0A2S8GTJ2,lysine,Mono,glycine,GLCA,0.3059232831001282
A0A2S8GTJ2,lysine,Mono,taurine,TLCA,0.3407248258590698
A0A2S8GTJ2,lysine,Di,glycine,GDCA,0.28366750478744507
A0A2S8GTJ2,lysine,Di,taurine,TDCA,0.27024123072624207
A0A2S8GTJ2,lysine,Tri,glycine,GCA,0.294662207365036
A0A2S8GTJ2,lysine,Tri,taurine,TCA,0.26346200704574585
A0A2S8GTJ2,methionine,Mono,glycine,GLCA,0.2683740556240082
A0A2S8GTJ2,methionine,Mono,taurine,TLCA,0.35921281576156616
A0A2S8GTJ2,methionine,Di,glycine,GDCA,0.21212375164031982
A0A2S8GTJ2,methionine,Di,taurine,TDCA,0.21508270502090454
A0A2S8GTJ2,methionine,Tri,glycine,GCA,0.20475809276103973
A0A2S8GTJ2,methionine,Tri,taurine,TCA,0.23143437504768372
A0A2S8GTJ2,ornithine,Mono,glycine,GLCA,0.2866000235080719
A0A2S8GTJ2,ornithine,Mono,taurine,TLCA,0.3325662612915039
A0A2S8GTJ2,ornithine,Di,glycine,GDCA,0.26948562264442444
A0A2S8GTJ2,ornithine,Di,taurine,TDCA,0.25762009620666504
A0A2S8GTJ2,ornithine,Tri,glycine,GCA,0.30232149362564087
A0A2S8GTJ2,ornithine,Tri,taurine,TCA,0.2626318037509918
A0A2S8GTJ2,phenylalanine,Mono,glycine,GLCA,0.3656376302242279
A0A2S8GTJ2,phenylalanine,Mono,taurine,TLCA,0.5700616240501404
A0A2S8GTJ2,phenylalanine,Di,glycine,GDCA,0.37199097871780396
A0A2S8GTJ2,phenylalanine,Di,taurine,TDCA,0.4400419294834137
A0A2S8GTJ2,phenylalanine,Tri,glycine,GCA,0.32791319489479065
A0A2S8GTJ2,phenylalanine,Tri,taurine,TCA,0.38806504011154175
A0A2S8GTJ2,serine,Mono,glycine,GLCA,0.39960598945617676
A0A2S8GTJ2,serine,Mono,taurine,TLCA,0.5459311604499817
A0A2S8GTJ2,serine,Di,glycine,GDCA,0.34372103214263916
A0A2S8GTJ2,serine,Di,taurine,TDCA,0.442688912153244
A0A2S8GTJ2,serine,Tri,glycine,GCA,0.3519026041030884
A0A2S8GTJ2,serine,Tri,taurine,TCA,0.36802974343299866
A0A2S8GTJ2,threonine,Mono,glycine,GLCA,0.3708264231681824
A0A2S8GTJ2,threonine,Mono,taurine,TLCA,0.5368456840515137
A0A2S8GTJ2,threonine,Di,glycine,GDCA,0.3989790081977844
A0A2S8GTJ2,threonine,Di,taurine,TDCA,0.45937803387641907
A0A2S8GTJ2,threonine,Tri,glycine,GCA,0.3127864897251129
A0A2S8GTJ2,threonine,Tri,taurine,TCA,0.35850054025650024
A0A2S8GTJ2,tryptamine,Mono,glycine,GLCA,0.22219517827033997
A0A2S8GTJ2,tryptamine,Mono,taurine,TLCA,0.21389134228229523
A0A2S8GTJ2,tryptamine,Di,glycine,GDCA,0.22279715538024902
A0A2S8GTJ2,tryptamine,Di,taurine,TDCA,0.21465246379375458
A0A2S8GTJ2,tryptamine,Tri,glycine,GCA,0.22113388776779175
A0A2S8GTJ2,tryptamine,Tri,taurine,TCA,0.168588787317276
A0A2S8GTJ2,cadaverine,Mono,glycine,GLCA,0.3238162696361542
A0A2S8GTJ2,cadaverine,Mono,taurine,TLCA,0.34415000677108765
A0A2S8GTJ2,cadaverine,Di,glycine,GDCA,0.27131956815719604
A0A2S8GTJ2,cadaverine,Di,taurine,TDCA,0.25415605306625366
A0A2S8GTJ2,cadaverine,Tri,glycine,GCA,0.26019203662872314
A0A2S8GTJ2,cadaverine,Tri,taurine,TCA,0.23816822469234467
A0A2S8GTJ2,putrescine,Mono,glycine,GLCA,0.3180592954158783
A0A2S8GTJ2,putrescine,Mono,taurine,TLCA,0.400734543800354
A0A2S8GTJ2,putrescine,Di,glycine,GDCA,0.26083824038505554
A0A2S8GTJ2,putrescine,Di,taurine,TDCA,0.25798875093460083
A0A2S8GTJ2,putrescine,Tri,glycine,GCA,0.21813422441482544
A0A2S8GTJ2,putrescine,Tri,taurine,TCA,0.2189248502254486
A0A2S8GTJ2,2_aminophenol,Mono,glycine,GLCA,0.35293442010879517
A0A2S8GTJ2,2_aminophenol,Mono,taurine,TLCA,0.4585844874382019
A0A2S8GTJ2,2_aminophenol,Di,glycine,GDCA,0.3765767216682434
A0A2S8GTJ2,2_aminophenol,Di,taurine,TDCA,0.43342891335487366
A0A2S8GTJ2,2_aminophenol,Tri,glycine,GCA,0.31990349292755127
A0A2S8GTJ2,2_aminophenol,Tri,taurine,TCA,0.35303038358688354
A0A2S8GTJ2,serotonin,Mono,glycine,GLCA,0.2141968309879303
A0A2S8GTJ2,serotonin,Mono,taurine,TLCA,0.31670287251472473
A0A2S8GTJ2,serotonin,Di,glycine,GDCA,0.2619234621524811
A0A2S8GTJ2,serotonin,Di,taurine,TDCA,0.26177310943603516
A0A2S8GTJ2,serotonin,Tri,glycine,GCA,0.276628702878952
A0A2S8GTJ2,serotonin,Tri,taurine,TCA,0.248274028301239
A0A2S8GTJ2,tyramine,Mono,glycine,GLCA,0.2464636117219925
A0A2S8GTJ2,tyramine,Mono,taurine,TLCA,0.28641360998153687
A0A2S8GTJ2,tyramine,Di,glycine,GDCA,0.2609978914260864
A0A2S8GTJ2,tyramine,Di,taurine,TDCA,0.21557046473026276
A0A2S8GTJ2,tyramine,Tri,glycine,GCA,0.22501535713672638
A0A2S8GTJ2,tyramine,Tri,taurine,TCA,0.19645464420318604
A0A2S8GTJ2,cystine,Mono,glycine,GLCA,0.2453385293483734
A0A2S8GTJ2,cystine,Mono,taurine,TLCA,0.3984653949737549
A0A2S8GTJ2,cystine,Di,glycine,GDCA,0.2346642017364502
A0A2S8GTJ2,cystine,Di,taurine,TDCA,0.17534956336021423
A0A2S8GTJ2,cystine,Tri,glycine,GCA,0.2260826826095581
A0A2S8GTJ2,cystine,Tri,taurine,TCA,0.18412163853645325
A0A349QN89,"2,3_diaminopropionic acid",Mono,glycine,GLCA,0.1976361721754074
A0A349QN89,"2,3_diaminopropionic acid",Mono,taurine,TLCA,0.3272245526313782
A0A349QN89,"2,3_diaminopropionic acid",Di,glycine,GDCA,0.3584255576133728
A0A349QN89,"2,3_diaminopropionic acid",Di,taurine,TDCA,0.324776291847229
A0A349QN89,"2,3_diaminopropionic acid",Tri,glycine,GCA,0.35880693793296814
A0A349QN89,"2,3_diaminopropionic acid",Tri,taurine,TCA,0.3269316554069519
A0A349QN89,3_methoxytyramine,Mono,glycine,GLCA,0.09442001581192017
A0A349QN89,3_methoxytyramine,Mono,taurine,TLCA,0.15435421466827393
A0A349QN89,3_methoxytyramine,Di,glycine,GDCA,0.1472248136997223
A0A349QN89,3_methoxytyramine,Di,taurine,TDCA,0.04690698906779289
A0A349QN89,3_methoxytyramine,Tri,glycine,GCA,0.10803191363811493
A0A349QN89,3_methoxytyramine,Tri,taurine,TCA,0.05066952109336853
A0A349QN89,asparagine,Mono,glycine,GLCA,0.18422293663024902
A0A349QN89,asparagine,Mono,taurine,TLCA,0.389690637588501
A0A349QN89,asparagine,Di,glycine,GDCA,0.25569164752960205
A0A349QN89,asparagine,Di,taurine,TDCA,0.32730603218078613
A0A349QN89,asparagine,Tri,glycine,GCA,0.2647152841091156
A0A349QN89,asparagine,Tri,taurine,TCA,0.305501252412796
A0A349QN89,proline,Mono,glycine,GLCA,0.27215951681137085
A0A349QN89,proline,Mono,taurine,TLCA,0.40467309951782227
A0A349QN89,proline,Di,glycine,GDCA,0.25861409306526184
A0A349QN89,proline,Di,taurine,TDCA,0.23476308584213257
A0A349QN89,proline,Tri,glycine,GCA,0.24893903732299805
A0A349QN89,proline,Tri,taurine,TCA,0.15867280960083008
A0A349QN89,dopamine,Mono,glycine,GLCA,0.18217729032039642
A0A349QN89,dopamine,Mono,taurine,TLCA,0.3032444715499878
A0A349QN89,dopamine,Di,glycine,GDCA,0.24050547182559967
A0A349QN89,dopamine,Di,taurine,TDCA,0.21170979738235474
A0A349QN89,dopamine,Tri,glycine,GCA,0.2689770460128784
A0A349QN89,dopamine,Tri,taurine,TCA,0.2032216489315033
A0A349QN89,gaba,Mono,glycine,GLCA,0.17789757251739502
A0A349QN89,gaba,Mono,taurine,TLCA,0.22281160950660706
A0A349QN89,gaba,Di,glycine,GDCA,0.21391794085502625
A0A349QN89,gaba,Di,taurine,TDCA,0.16863104701042175
A0A349QN89,gaba,Tri,glycine,GCA,0.24532434344291687
A0A349QN89,gaba,Tri,taurine,TCA,0.17077767848968506
A0A349QN89,glyglycine,Mono,glycine,GLCA,0.13959136605262756
A0A349QN89,glyglycine,Mono,taurine,TLCA,0.15619182586669922
A0A349QN89,glyglycine,Di,glycine,GDCA,0.12107603251934052
A0A349QN89,glyglycine,Di,taurine,TDCA,0.05158893018960953
A0A349QN89,glyglycine,Tri,glycine,GCA,0.12330969423055649
A0A349QN89,glyglycine,Tri,taurine,TCA,0.06109798327088356
A0A349QN89,alanine,Mono,glycine,GLCA,0.18059508502483368
A0A349QN89,alanine,Mono,taurine,TLCA,0.24219508469104767
A0A349QN89,alanine,Di,glycine,GDCA,0.1865134984254837
A0A349QN89,alanine,Di,taurine,TDCA,0.10976452380418777
A0A349QN89,alanine,Tri,glycine,GCA,0.18020951747894287
A0A349QN89,alanine,Tri,taurine,TCA,0.16427555680274963
A0A349QN89,arginine,Mono,glycine,GLCA,0.11129112541675568
A0A349QN89,arginine,Mono,taurine,TLCA,0.30991411209106445
A0A349QN89,arginine,Di,glycine,GDCA,0.17787212133407593
A0A349QN89,arginine,Di,taurine,TDCA,0.19132152199745178
A0A349QN89,arginine,Tri,glycine,GCA,0.2473081797361374
A0A349QN89,arginine,Tri,taurine,TCA,0.1970023214817047
A0A349QN89,citrulline,Mono,glycine,GLCA,0.25791552662849426
A0A349QN89,citrulline,Mono,taurine,TLCA,0.4208775758743286
A0A349QN89,citrulline,Di,glycine,GDCA,0.3104091286659241
A0A349QN89,citrulline,Di,taurine,TDCA,0.34739723801612854
A0A349QN89,citrulline,Tri,glycine,GCA,0.32049575448036194
A0A349QN89,citrulline,Tri,taurine,TCA,0.32754456996917725
A0A349QN89,glutamine,Mono,glycine,GLCA,0.20684900879859924
A0A349QN89,glutamine,Mono,taurine,TLCA,0.3904576301574707
A0A349QN89,glutamine,Di,glycine,GDCA,0.3388582468032837
A0A349QN89,glutamine,Di,taurine,TDCA,0.39294424653053284
A0A349QN89,glutamine,Tri,glycine,GCA,0.29314979910850525
A0A349QN89,glutamine,Tri,taurine,TCA,0.3151891827583313
A0A349QN89,histidine,Mono,glycine,GLCA,0.2338811457157135
A0A349QN89,histidine,Mono,taurine,TLCA,0.4328930675983429
A0A349QN89,histidine,Di,glycine,GDCA,0.26177239418029785
A0A349QN89,histidine,Di,taurine,TDCA,0.3511523902416229
A0A349QN89,histidine,Tri,glycine,GCA,0.3061870336532593
A0A349QN89,histidine,Tri,taurine,TCA,0.3801761865615845
A0A349QN89,lysine,Mono,glycine,GLCA,0.19768168032169342
A0A349QN89,lysine,Mono,taurine,TLCA,0.213274747133255
A0A349QN89,lysine,Di,glycine,GDCA,0.2415451556444168
A0A349QN89,lysine,Di,taurine,TDCA,0.20561647415161133
A0A349QN89,lysine,Tri,glycine,GCA,0.26522356271743774
A0A349QN89,lysine,Tri,taurine,TCA,0.19668152928352356
A0A349QN89,methionine,Mono,glycine,GLCA,0.13961337506771088
A0A349QN89,methionine,Mono,taurine,TLCA,0.20686647295951843
A0A349QN89,methionine,Di,glycine,GDCA,0.1465909332036972
A0A349QN89,methionine,Di,taurine,TDCA,0.1247897669672966
A0A349QN89,methionine,Tri,glycine,GCA,0.1598847210407257
A0A349QN89,methionine,Tri,taurine,TCA,0.17489321529865265
A0A349QN89,ornithine,Mono,glycine,GLCA,0.19723032414913177
A0A349QN89,ornithine,Mono,taurine,TLCA,0.2160356044769287
A0A349QN89,ornithine,Di,glycine,GDCA,0.23748433589935303
A0A349QN89,ornithine,Di,taurine,TDCA,0.19981169700622559
A0A349QN89,ornithine,Tri,glycine,GCA,0.3067915439605713
A0A349QN89,ornithine,Tri,taurine,TCA,0.22990690171718597
A0A349QN89,phenylalanine,Mono,glycine,GLCA,0.25430208444595337
A0A349QN89,phenylalanine,Mono,taurine,TLCA,0.44027167558670044
A0A349QN89,phenylalanine,Di,glycine,GDCA,0.33091986179351807
A0A349QN89,phenylalanine,Di,taurine,TDCA,0.4006522297859192
A0A349QN89,phenylalanine,Tri,glycine,GCA,0.3127424120903015
A0A349QN89,phenylalanine,Tri,taurine,TCA,0.34804075956344604
A0A349QN89,serine,Mono,glycine,GLCA,0.2560547888278961
A0A349QN89,serine,Mono,taurine,TLCA,0.38179266452789307
A0A349QN89,serine,Di,glycine,GDCA,0.3186969459056854
A0A349QN89,serine,Di,taurine,TDCA,0.3865415155887604
A0A349QN89,serine,Tri,glycine,GCA,0.3470340371131897
A0A349QN89,serine,Tri,taurine,TCA,0.31977224349975586
A0A349QN89,threonine,Mono,glycine,GLCA,0.2774830460548401
A0A349QN89,threonine,Mono,taurine,TLCA,0.484503835439682
A0A349QN89,threonine,Di,glycine,GDCA,0.40178802609443665
A0A349QN89,threonine,Di,taurine,TDCA,0.4305036962032318
A0A349QN89,threonine,Tri,glycine,GCA,0.3490146994590759
A0A349QN89,threonine,Tri,taurine,TCA,0.37433427572250366
A0A349QN89,tryptamine,Mono,glycine,GLCA,0.16983290016651154
A0A349QN89,tryptamine,Mono,taurine,TLCA,0.24229589104652405
A0A349QN89,tryptamine,Di,glycine,GDCA,0.25376424193382263
A0A349QN89,tryptamine,Di,taurine,TDCA,0.2280256450176239
A0A349QN89,tryptamine,Tri,glycine,GCA,0.2640727162361145
A0A349QN89,tryptamine,Tri,taurine,TCA,0.2076202630996704
A0A349QN89,cadaverine,Mono,glycine,GLCA,0.203616663813591
A0A349QN89,cadaverine,Mono,taurine,TLCA,0.1823691874742508
A0A349QN89,cadaverine,Di,glycine,GDCA,0.24253323674201965
A0A349QN89,cadaverine,Di,taurine,TDCA,0.1811198890209198
A0A349QN89,cadaverine,Tri,glycine,GCA,0.25172650814056396
A0A349QN89,cadaverine,Tri,taurine,TCA,0.1793125569820404
A0A349QN89,putrescine,Mono,glycine,GLCA,0.23991523683071136
A0A349QN89,putrescine,Mono,taurine,TLCA,0.2559770345687866
A0A349QN89,putrescine,Di,glycine,GDCA,0.2786938548088074
A0A349QN89,putrescine,Di,taurine,TDCA,0.22629116475582123
A0A349QN89,putrescine,Tri,glycine,GCA,0.2430591583251953
A0A349QN89,putrescine,Tri,taurine,TCA,0.1870802342891693
A0A349QN89,2_aminophenol,Mono,glycine,GLCA,0.2400210052728653
A0A349QN89,2_aminophenol,Mono,taurine,TLCA,0.34516170620918274
A0A349QN89,2_aminophenol,Di,glycine,GDCA,0.36691662669181824
A0A349QN89,2_aminophenol,Di,taurine,TDCA,0.3702603578567505
A0A349QN89,2_aminophenol,Tri,glycine,GCA,0.3182528018951416
A0A349QN89,2_aminophenol,Tri,taurine,TCA,0.30356329679489136
A0A349QN89,serotonin,Mono,glycine,GLCA,0.1709028035402298
A0A349QN89,serotonin,Mono,taurine,TLCA,0.30435115098953247
A0A349QN89,serotonin,Di,glycine,GDCA,0.28812435269355774
A0A349QN89,serotonin,Di,taurine,TDCA,0.24528168141841888
A0A349QN89,serotonin,Tri,glycine,GCA,0.3227353096008301
A0A349QN89,serotonin,Tri,taurine,TCA,0.2659534215927124
A0A349QN89,tyramine,Mono,glycine,GLCA,0.24764379858970642
A0A349QN89,tyramine,Mono,taurine,TLCA,0.2848316729068756
A0A349QN89,tyramine,Di,glycine,GDCA,0.30116575956344604
A0A349QN89,tyramine,Di,taurine,TDCA,0.23818626999855042
A0A349QN89,tyramine,Tri,glycine,GCA,0.29181304574012756
A0A349QN89,tyramine,Tri,taurine,TCA,0.23925387859344482
A0A349QN89,cystine,Mono,glycine,GLCA,0.15287713706493378
A0A349QN89,cystine,Mono,taurine,TLCA,0.31152719259262085
A0A349QN89,cystine,Di,glycine,GDCA,0.19202961027622223
A0A349QN89,cystine,Di,taurine,TDCA,0.12618917226791382
A0A349QN89,cystine,Tri,glycine,GCA,0.23690733313560486
A0A349QN89,cystine,Tri,taurine,TCA,0.16285821795463562
A0A357TLK7,"2,3_diaminopropionic acid",Mono,glycine,GLCA,0.21066437661647797
A0A357TLK7,"2,3_diaminopropionic acid",Mono,taurine,TLCA,0.3579477369785309
A0A357TLK7,"2,3_diaminopropionic acid",Di,glycine,GDCA,0.2683594822883606
A0A357TLK7,"2,3_diaminopropionic acid",Di,taurine,TDCA,0.3186824321746826
A0A357TLK7,"2,3_diaminopropionic acid",Tri,glycine,GCA,0.2513563334941864
A0A357TLK7,"2,3_diaminopropionic acid",Tri,taurine,TCA,0.22259408235549927
A0A357TLK7,3_methoxytyramine,Mono,glycine,GLCA,0.06738374382257462
A0A357TLK7,3_methoxytyramine,Mono,taurine,TLCA,0.1192329078912735
A0A357TLK7,3_methoxytyramine,Di,glycine,GDCA,0.17050801217556
A0A357TLK7,3_methoxytyramine,Di,taurine,TDCA,0.10798124223947525
A0A357TLK7,3_methoxytyramine,Tri,glycine,GCA,0.08340781182050705
A0A357TLK7,3_methoxytyramine,Tri,taurine,TCA,0.057608217000961304
A0A357TLK7,asparagine,Mono,glycine,GLCA,0.20271755754947662
A0A357TLK7,asparagine,Mono,taurine,TLCA,0.4028049111366272
A0A357TLK7,asparagine,Di,glycine,GDCA,0.20552122592926025
A0A357TLK7,asparagine,Di,taurine,TDCA,0.2668210566043854
A0A357TLK7,asparagine,Tri,glycine,GCA,0.21946251392364502
A0A357TLK7,asparagine,Tri,taurine,TCA,0.25372785329818726
A0A357TLK7,proline,Mono,glycine,GLCA,0.25884759426116943
A0A357TLK7,proline,Mono,taurine,TLCA,0.4054006040096283
A0A357TLK7,proline,Di,glycine,GDCA,0.14346957206726074
A0A357TLK7,proline,Di,taurine,TDCA,0.1584848165512085
A0A357TLK7,proline,Tri,glycine,GCA,0.1765640676021576
A0A357TLK7,proline,Tri,taurine,TCA,0.17097419500350952
A0A357TLK7,dopamine,Mono,glycine,GLCA,0.12597759068012238
A0A357TLK7,dopamine,Mono,taurine,TLCA,0.23577997088432312
A0A357TLK7,dopamine,Di,glycine,GDCA,0.2087041586637497
A0A357TLK7,dopamine,Di,taurine,TDCA,0.18584398925304413
A0A357TLK7,dopamine,Tri,glycine,GCA,0.13677453994750977
A0A357TLK7,dopamine,Tri,taurine,TCA,0.11150345206260681
A0A357TLK7,gaba,Mono,glycine,GLCA,0.16428375244140625
A0A357TLK7,gaba,Mono,taurine,TLCA,0.25653186440467834
A0A357TLK7,gaba,Di,glycine,GDCA,0.15332436561584473
A0A357TLK7,gaba,Di,taurine,TDCA,0.14068357646465302
A0A357TLK7,gaba,Tri,glycine,GCA,0.1511652171611786
A0A357TLK7,gaba,Tri,taurine,TCA,0.13631001114845276
A0A357TLK7,glyglycine,Mono,glycine,GLCA,0.19227281212806702
A0A357TLK7,glyglycine,Mono,taurine,TLCA,0.22731193900108337
A0A357TLK7,glyglycine,Di,glycine,GDCA,0.2593531906604767
A0A357TLK7,glyglycine,Di,taurine,TDCA,0.22715744376182556
A0A357TLK7,glyglycine,Tri,glycine,GCA,0.10147854685783386
A0A357TLK7,glyglycine,Tri,taurine,TCA,0.06586208939552307
A0A357TLK7,alanine,Mono,glycine,GLCA,0.21931950747966766
A0A357TLK7,alanine,Mono,taurine,TLCA,0.3196162283420563
A0A357TLK7,alanine,Di,glycine,GDCA,0.22881585359573364
A0A357TLK7,alanine,Di,taurine,TDCA,0.21366579830646515
A0A357TLK7,alanine,Tri,glycine,GCA,0.17355547845363617
A0A357TLK7,alanine,Tri,taurine,TCA,0.16473057866096497
A0A357TLK7,arginine,Mono,glycine,GLCA,0.16854816675186157
A0A357TLK7,arginine,Mono,taurine,TLCA,0.33157652616500854
A0A357TLK7,arginine,Di,glycine,GDCA,0.20129305124282837
A0A357TLK7,arginine,Di,taurine,TDCA,0.2929699420928955
A0A357TLK7,arginine,Tri,glycine,GCA,0.2117154598236084
A0A357TLK7,arginine,Tri,taurine,TCA,0.2281307876110077
A0A357TLK7,citrulline,Mono,glycine,GLCA,0.22310778498649597
A0A357TLK7,citrulline,Mono,taurine,TLCA,0.41112691164016724
A0A357TLK7,citrulline,Di,glycine,GDCA,0.204912468791008
A0A357TLK7,citrulline,Di,taurine,TDCA,0.2688943147659302
A0A357TLK7,citrulline,Tri,glycine,GCA,0.21383556723594666
A0A357TLK7,citrulline,Tri,taurine,TCA,0.2338876873254776
A0A357TLK7,glutamine,Mono,glycine,GLCA,0.2225852906703949
A0A357TLK7,glutamine,Mono,taurine,TLCA,0.4207988381385803
A0A357TLK7,glutamine,Di,glycine,GDCA,0.25924599170684814
A0A357TLK7,glutamine,Di,taurine,TDCA,0.3222506642341614
A0A357TLK7,glutamine,Tri,glycine,GCA,0.2031300812959671
A0A357TLK7,glutamine,Tri,taurine,TCA,0.27550289034843445
A0A357TLK7,histidine,Mono,glycine,GLCA,0.21679313480854034
A0A357TLK7,histidine,Mono,taurine,TLCA,0.47975853085517883
A0A357TLK7,histidine,Di,glycine,GDCA,0.25331059098243713
A0A357TLK7,histidine,Di,taurine,TDCA,0.3565686047077179
A0A357TLK7,histidine,Tri,glycine,GCA,0.20477592945098877
A0A357TLK7,histidine,Tri,taurine,TCA,0.31057071685791016
A0A357TLK7,lysine,Mono,glycine,GLCA,0.17317776381969452
A0A357TLK7,lysine,Mono,taurine,TLCA,0.23061878979206085
A0A357TLK7,lysine,Di,glycine,GDCA,0.21506467461585999
A0A357TLK7,lysine,Di,taurine,TDCA,0.22332808375358582
A0A357TLK7,lysine,Tri,glycine,GCA,0.1906338632106781
A0A357TLK7,lysine,Tri,taurine,TCA,0.1969848871231079
A0A357TLK7,methionine,Mono,glycine,GLCA,0.19656090438365936
A0A357TLK7,methionine,Mono,taurine,TLCA,0.30036166310310364
A0A357TLK7,methionine,Di,glycine,GDCA,0.16333340108394623
A0A357TLK7,methionine,Di,taurine,TDCA,0.19235724210739136
A0A357TLK7,methionine,Tri,glycine,GCA,0.13665594160556793
A0A357TLK7,methionine,Tri,taurine,TCA,0.18071536719799042
A0A357TLK7,ornithine,Mono,glycine,GLCA,0.1449034959077835
A0A357TLK7,ornithine,Mono,taurine,TLCA,0.20083564519882202
A0A357TLK7,ornithine,Di,glycine,GDCA,0.18580347299575806
A0A357TLK7,ornithine,Di,taurine,TDCA,0.1860586702823639
A0A357TLK7,ornithine,Tri,glycine,GCA,0.19009080529212952
A0A357TLK7,ornithine,Tri,taurine,TCA,0.17669817805290222
A0A357TLK7,phenylalanine,Mono,glycine,GLCA,0.247079998254776
A0A357TLK7,phenylalanine,Mono,taurine,TLCA,0.4633820652961731
A0A357TLK7,phenylalanine,Di,glycine,GDCA,0.31860077381134033
A0A357TLK7,phenylalanine,Di,taurine,TDCA,0.43444907665252686
A0A357TLK7,phenylalanine,Tri,glycine,GCA,0.2630835175514221
A0A357TLK7,phenylalanine,Tri,taurine,TCA,0.334671288728714
A0A357TLK7,serine,Mono,glycine,GLCA,0.2525729537010193
A0A357TLK7,serine,Mono,taurine,TLCA,0.40897470712661743
A0A357TLK7,serine,Di,glycine,GDCA,0.2472172975540161
A0A357TLK7,serine,Di,taurine,TDCA,0.3526764512062073
A0A357TLK7,serine,Tri,glycine,GCA,0.22576239705085754
A0A357TLK7,serine,Tri,taurine,TCA,0.2644815444946289
A0A357TLK7,threonine,Mono,glycine,GLCA,0.21112573146820068
A0A357TLK7,threonine,Mono,taurine,TLCA,0.38328123092651367
A0A357TLK7,threonine,Di,glycine,GDCA,0.2399080991744995
A0A357TLK7,threonine,Di,taurine,TDCA,0.33723974227905273
A0A357TLK7,threonine,Tri,glycine,GCA,0.17343148589134216
A0A357TLK7,threonine,Tri,taurine,TCA,0.23019716143608093
A0A357TLK7,tryptamine,Mono,glycine,GLCA,0.1935906708240509
A0A357TLK7,tryptamine,Mono,taurine,TLCA,0.1946014165878296
A0A357TLK7,tryptamine,Di,glycine,GDCA,0.21797150373458862
A0A357TLK7,tryptamine,Di,taurine,TDCA,0.21669012308120728
A0A357TLK7,tryptamine,Tri,glycine,GCA,0.18523499369621277
A0A357TLK7,tryptamine,Tri,taurine,TCA,0.15131425857543945
A0A357TLK7,cadaverine,Mono,glycine,GLCA,0.21347476541996002
A0A357TLK7,cadaverine,Mono,taurine,TLCA,0.27807745337486267
A0A357TLK7,cadaverine,Di,glycine,GDCA,0.2093714475631714
A0A357TLK7,cadaverine,Di,taurine,TDCA,0.22402386367321014
A0A357TLK7,cadaverine,Tri,glycine,GCA,0.19753292202949524
A0A357TLK7,cadaverine,Tri,taurine,TCA,0.17829468846321106
A0A357TLK7,putrescine,Mono,glycine,GLCA,0.18914732336997986
A0A357TLK7,putrescine,Mono,taurine,TLCA,0.3121073544025421
A0A357TLK7,putrescine,Di,glycine,GDCA,0.19412042200565338
A0A357TLK7,putrescine,Di,taurine,TDCA,0.20073863863945007
A0A357TLK7,putrescine,Tri,glycine,GCA,0.16448013484477997
A0A357TLK7,putrescine,Tri,taurine,TCA,0.15985776484012604
A0A357TLK7,2_aminophenol,Mono,glycine,GLCA,0.20543956756591797
A0A357TLK7,2_aminophenol,Mono,taurine,TLCA,0.35459721088409424
A0A357TLK7,2_aminophenol,Di,glycine,GDCA,0.2283911406993866
A0A357TLK7,2_aminophenol,Di,taurine,TDCA,0.3260423243045807
A0A357TLK7,2_aminophenol,Tri,glycine,GCA,0.20380310714244843
A0A357TLK7,2_aminophenol,Tri,taurine,TCA,0.2473459541797638
A0A357TLK7,serotonin,Mono,glycine,GLCA,0.18377700448036194
A0A357TLK7,serotonin,Mono,taurine,TLCA,0.25459012389183044
A0A357TLK7,serotonin,Di,glycine,GDCA,0.24461594223976135
A0A357TLK7,serotonin,Di,taurine,TDCA,0.24433214962482452
A0A357TLK7,serotonin,Tri,glycine,GCA,0.242948517203331
A0A357TLK7,serotonin,Tri,taurine,TCA,0.20337994396686554
A0A357TLK7,tyramine,Mono,glycine,GLCA,0.12828868627548218
A0A357TLK7,tyramine,Mono,taurine,TLCA,0.22012203931808472
A0A357TLK7,tyramine,Di,glycine,GDCA,0.23142118752002716
A0A357TLK7,tyramine,Di,taurine,TDCA,0.20086808502674103
A0A357TLK7,tyramine,Tri,glycine,GCA,0.16035783290863037
A0A357TLK7,tyramine,Tri,taurine,TCA,0.14231999218463898
A0A357TLK7,cystine,Mono,glycine,GLCA,0.14666855335235596
A0A357TLK7,cystine,Mono,taurine,TLCA,0.29624903202056885
A0A357TLK7,cystine,Di,glycine,GDCA,0.1406463384628296
A0A357TLK7,cystine,Di,taurine,TDCA,0.11333774775266647
A0A357TLK7,cystine,Tri,glycine,GCA,0.15250112116336823
A0A357TLK7,cystine,Tri,taurine,TCA,0.13078421354293823
A0A3D3YKZ5,"2,3_diaminopropionic acid",Mono,glycine,GLCA,0.2421412169933319
A0A3D3YKZ5,"2,3_diaminopropionic acid",Mono,taurine,TLCA,0.3568652868270874
A0A3D3YKZ5,"2,3_diaminopropionic acid",Di,glycine,GDCA,0.3250311017036438
A0A3D3YKZ5,"2,3_diaminopropionic acid",Di,taurine,TDCA,0.298871248960495
A0A3D3YKZ5,"2,3_diaminopropionic acid",Tri,glycine,GCA,0.34997111558914185
A0A3D3YKZ5,"2,3_diaminopropionic acid",Tri,taurine,TCA,0.30769920349121094
A0A3D3YKZ5,3_methoxytyramine,Mono,glycine,GLCA,0.04551336169242859
A0A3D3YKZ5,3_methoxytyramine,Mono,taurine,TLCA,0.0788954645395279
A0A3D3YKZ5,3_methoxytyramine,Di,glycine,GDCA,0.052933208644390106
A0A3D3YKZ5,3_methoxytyramine,Di,taurine,TDCA,-0.044044919312000275
A0A3D3YKZ5,3_methoxytyramine,Tri,glycine,GCA,0.040646031498909
A0A3D3YKZ5,3_methoxytyramine,Tri,taurine,TCA,0.0007504820823669434
A0A3D3YKZ5,asparagine,Mono,glycine,GLCA,0.2749648094177246
A0A3D3YKZ5,asparagine,Mono,taurine,TLCA,0.4758264124393463
A0A3D3YKZ5,asparagine,Di,glycine,GDCA,0.2845481336116791
A0A3D3YKZ5,asparagine,Di,taurine,TDCA,0.34647420048713684
A0A3D3YKZ5,asparagine,Tri,glycine,GCA,0.29465392231941223
A0A3D3YKZ5,asparagine,Tri,taurine,TCA,0.33780229091644287
A0A3D3YKZ5,proline,Mono,glycine,GLCA,0.3047182261943817
A0A3D3YKZ5,proline,Mono,taurine,TLCA,0.45016252994537354
A0A3D3YKZ5,proline,Di,glycine,GDCA,0.20970505475997925
A0A3D3YKZ5,proline,Di,taurine,TDCA,0.21082478761672974
A0A3D3YKZ5,proline,Tri,glycine,GCA,0.2700958251953125
A0A3D3YKZ5,proline,Tri,taurine,TCA,0.2278062105178833
A0A3D3YKZ5,dopamine,Mono,glycine,GLCA,0.12170015275478363
A0A3D3YKZ5,dopamine,Mono,taurine,TLCA,0.2211354672908783
A0A3D3YKZ5,dopamine,Di,glycine,GDCA,0.15019963681697845
A0A3D3YKZ5,dopamine,Di,taurine,TDCA,0.13129398226737976
A0A3D3YKZ5,dopamine,Tri,glycine,GCA,0.16794216632843018
A0A3D3YKZ5,dopamine,Tri,taurine,TCA,0.12657411396503448
A0A3D3YKZ5,gaba,Mono,glycine,GLCA,0.19137036800384521
A0A3D3YKZ5,gaba,Mono,taurine,TLCA,0.24517308175563812
A0A3D3YKZ5,gaba,Di,glycine,GDCA,0.18989115953445435
A0A3D3YKZ5,gaba,Di,taurine,TDCA,0.14795911312103271
A0A3D3YKZ5,gaba,Tri,glycine,GCA,0.25667643547058105
A0A3D3YKZ5,gaba,Tri,taurine,TCA,0.2006503939628601
A0A3D3YKZ5,glyglycine,Mono,glycine,GLCA,0.1652413010597229
A0A3D3YKZ5,glyglycine,Mono,taurine,TLCA,0.1520160287618637
A0A3D3YKZ5,glyglycine,Di,glycine,GDCA,0.11274798959493637
A0A3D3YKZ5,glyglycine,Di,taurine,TDCA,0.03241005912423134
A0A3D3YKZ5,glyglycine,Tri,glycine,GCA,0.0869777575135231
A0A3D3YKZ5,glyglycine,Tri,taurine,TCA,0.02203509956598282
A0A3D3YKZ5,alanine,Mono,glycine,GLCA,0.25418829917907715
A0A3D3YKZ5,alanine,Mono,taurine,TLCA,0.31006357073783875
A0A3D3YKZ5,alanine,Di,glycine,GDCA,0.23128528892993927
A0A3D3YKZ5,alanine,Di,taurine,TDCA,0.13481050729751587
A0A3D3YKZ5,alanine,Tri,glycine,GCA,0.24484321475028992
A0A3D3YKZ5,alanine,Tri,taurine,TCA,0.19712838530540466
A0A3D3YKZ5,arginine,Mono,glycine,GLCA,0.1468636691570282
A0A3D3YKZ5,arginine,Mono,taurine,TLCA,0.3329954743385315
A0A3D3YKZ5,arginine,Di,glycine,GDCA,0.19467787444591522
A0A3D3YKZ5,arginine,Di,taurine,TDCA,0.227902352809906
A0A3D3YKZ5,arginine,Tri,glycine,GCA,0.30101966857910156
A0A3D3YKZ5,arginine,Tri,taurine,TCA,0.267412930727005
A0A3D3YKZ5,citrulline,Mono,glycine,GLCA,0.30554133653640747
A0A3D3YKZ5,citrulline,Mono,taurine,TLCA,0.48473191261291504
A0A3D3YKZ5,citrulline,Di,glycine,GDCA,0.2905048131942749
A0A3D3YKZ5,citrulline,Di,taurine,TDCA,0.3461299538612366
A0A3D3YKZ5,citrulline,Tri,glycine,GCA,0.33290621638298035
A0A3D3YKZ5,citrulline,Tri,taurine,TCA,0.34231436252593994
A0A3D3YKZ5,glutamine,Mono,glycine,GLCA,0.2963024973869324
A0A3D3YKZ5,glutamine,Mono,taurine,TLCA,0.4976414442062378
A0A3D3YKZ5,glutamine,Di,glycine,GDCA,0.36859798431396484
A0A3D3YKZ5,glutamine,Di,taurine,TDCA,0.4158422648906708
A0A3D3YKZ5,glutamine,Tri,glycine,GCA,0.3211829662322998
A0A3D3YKZ5,glutamine,Tri,taurine,TCA,0.3740732967853546
A0A3D3YKZ5,histidine,Mono,glycine,GLCA,0.3172992765903473
A0A3D3YKZ5,histidine,Mono,taurine,TLCA,0.5338997840881348
A0A3D3YKZ5,histidine,Di,glycine,GDCA,0.32076919078826904
A0A3D3YKZ5,histidine,Di,taurine,TDCA,0.4103764593601227
A0A3D3YKZ5,histidine,Tri,glycine,GCA,0.32215097546577454
A0A3D3YKZ5,histidine,Tri,taurine,TCA,0.4320743978023529
A0A3D3YKZ5,lysine,Mono,glycine,GLCA,0.19583633542060852
A0A3D3YKZ5,lysine,Mono,taurine,TLCA,0.23987147212028503
A0A3D3YKZ5,lysine,Di,glycine,GDCA,0.23626375198364258
A0A3D3YKZ5,lysine,Di,taurine,TDCA,0.20174381136894226
A0A3D3YKZ5,lysine,Tri,glycine,GCA,0.2872552275657654
A0A3D3YKZ5,lysine,Tri,taurine,TCA,0.23746392130851746
A0A3D3YKZ5,methionine,Mono,glycine,GLCA,0.22413679957389832
A0A3D3YKZ5,methionine,Mono,taurine,TLCA,0.3085765540599823
A0A3D3YKZ5,methionine,Di,glycine,GDCA,0.1862015277147293
A0A3D3YKZ5,methionine,Di,taurine,TDCA,0.1648581624031067
A0A3D3YKZ5,methionine,Tri,glycine,GCA,0.22846505045890808
A0A3D3YKZ5,methionine,Tri,taurine,TCA,0.23498272895812988
A0A3D3YKZ5,ornithine,Mono,glycine,GLCA,0.20507724583148956
A0A3D3YKZ5,ornithine,Mono,taurine,TLCA,0.2621782720088959
A0A3D3YKZ5,ornithine,Di,glycine,GDCA,0.23016509413719177
A0A3D3YKZ5,ornithine,Di,taurine,TDCA,0.1975458264350891
A0A3D3YKZ5,ornithine,Tri,glycine,GCA,0.3084069788455963
A0A3D3YKZ5,ornithine,Tri,taurine,TCA,0.25902634859085083
A0A3D3YKZ5,phenylalanine,Mono,glycine,GLCA,0.3255673944950104
A0A3D3YKZ5,phenylalanine,Mono,taurine,TLCA,0.5128414034843445
A0A3D3YKZ5,phenylalanine,Di,glycine,GDCA,0.33744654059410095
A0A3D3YKZ5,phenylalanine,Di,taurine,TDCA,0.4027072787284851
A0A3D3YKZ5,phenylalanine,Tri,glycine,GCA,0.3258102834224701
A0A3D3YKZ5,phenylalanine,Tri,taurine,TCA,0.3726794123649597
A0A3D3YKZ5,serine,Mono,glycine,GLCA,0.34577035903930664
A0A3D3YKZ5,serine,Mono,taurine,TLCA,0.47864413261413574
A0A3D3YKZ5,serine,Di,glycine,GDCA,0.3267112076282501
A0A3D3YKZ5,serine,Di,taurine,TDCA,0.40975552797317505
A0A3D3YKZ5,serine,Tri,glycine,GCA,0.3484830856323242
A0A3D3YKZ5,serine,Tri,taurine,TCA,0.35883140563964844
A0A3D3YKZ5,threonine,Mono,glycine,GLCA,0.31387871503829956
A0A3D3YKZ5,threonine,Mono,taurine,TLCA,0.4687703251838684
A0A3D3YKZ5,threonine,Di,glycine,GDCA,0.3755561113357544
A0A3D3YKZ5,threonine,Di,taurine,TDCA,0.41990652680397034
A0A3D3YKZ5,threonine,Tri,glycine,GCA,0.3245346248149872
A0A3D3YKZ5,threonine,Tri,taurine,TCA,0.3599839210510254
A0A3D3YKZ5,tryptamine,Mono,glycine,GLCA,0.11661504209041595
A0A3D3YKZ5,tryptamine,Mono,taurine,TLCA,0.1384897381067276
A0A3D3YKZ5,tryptamine,Di,glycine,GDCA,0.16487254202365875
A0A3D3YKZ5,tryptamine,Di,taurine,TDCA,0.13808229565620422
A0A3D3YKZ5,tryptamine,Tri,glycine,GCA,0.195689857006073
A0A3D3YKZ5,tryptamine,Tri,taurine,TCA,0.13845938444137573
A0A3D3YKZ5,cadaverine,Mono,glycine,GLCA,0.2335972785949707
A0A3D3YKZ5,cadaverine,Mono,taurine,TLCA,0.24833200871944427
A0A3D3YKZ5,cadaverine,Di,glycine,GDCA,0.2283504754304886
A0A3D3YKZ5,cadaverine,Di,taurine,TDCA,0.19082587957382202
A0A3D3YKZ5,cadaverine,Tri,glycine,GCA,0.2785121500492096
A0A3D3YKZ5,cadaverine,Tri,taurine,TCA,0.2339252233505249
A0A3D3YKZ5,putrescine,Mono,glycine,GLCA,0.22938272356987
A0A3D3YKZ5,putrescine,Mono,taurine,TLCA,0.324903666973114
A0A3D3YKZ5,putrescine,Di,glycine,GDCA,0.2352924942970276
A0A3D3YKZ5,putrescine,Di,taurine,TDCA,0.20842388272285461
A0A3D3YKZ5,putrescine,Tri,glycine,GCA,0.2432764768600464
A0A3D3YKZ5,putrescine,Tri,taurine,TCA,0.22016975283622742
A0A3D3YKZ5,2_aminophenol,Mono,glycine,GLCA,0.31635573506355286
A0A3D3YKZ5,2_aminophenol,Mono,taurine,TLCA,0.3972814083099365
A0A3D3YKZ5,2_aminophenol,Di,glycine,GDCA,0.3507731854915619
A0A3D3YKZ5,2_aminophenol,Di,taurine,TDCA,0.3826172351837158
A0A3D3YKZ5,2_aminophenol,Tri,glycine,GCA,0.33075740933418274
A0A3D3YKZ5,2_aminophenol,Tri,taurine,TCA,0.33630919456481934
A0A3D3YKZ5,serotonin,Mono,glycine,GLCA,0.11846788227558136
A0A3D3YKZ5,serotonin,Mono,taurine,TLCA,0.23175838589668274
A0A3D3YKZ5,serotonin,Di,glycine,GDCA,0.1950746476650238
A0A3D3YKZ5,serotonin,Di,taurine,TDCA,0.1857852339744568
A0A3D3YKZ5,serotonin,Tri,glycine,GCA,0.26424556970596313
A0A3D3YKZ5,serotonin,Tri,taurine,TCA,0.22345630824565887
A0A3D3YKZ5,tyramine,Mono,glycine,GLCA,0.17761126160621643
A0A3D3YKZ5,tyramine,Mono,taurine,TLCA,0.2112056016921997
A0A3D3YKZ5,tyramine,Di,glycine,GDCA,0.2067221701145172
A0A3D3YKZ5,tyramine,Di,taurine,TDCA,0.1532304584980011
A0A3D3YKZ5,tyramine,Tri,glycine,GCA,0.20209115743637085
A0A3D3YKZ5,tyramine,Tri,taurine,TCA,0.17635390162467957
A0A3D3YKZ5,cystine,Mono,glycine,GLCA,0.1723872423171997
A0A3D3YKZ5,cystine,Mono,taurine,TLCA,0.318977415561676
A0A3D3YKZ5,cystine,Di,glycine,GDCA,0.19830329716205597
A0A3D3YKZ5,cystine,Di,taurine,TDCA,0.10312321782112122
A0A3D3YKZ5,cystine,Tri,glycine,GCA,0.2284087985754013
A0A3D3YKZ5,cystine,Tri,taurine,TCA,0.1645388901233673
A0A3E4KT54,"2,3_diaminopropionic acid",Mono,glycine,GLCA,0.1567295789718628
A0A3E4KT54,"2,3_diaminopropionic acid",Mono,taurine,TLCA,0.3006744682788849
A0A3E4KT54,"2,3_diaminopropionic acid",Di,glycine,GDCA,0.3117016851902008
A0A3E4KT54,"2,3_diaminopropionic acid",Di,taurine,TDCA,0.2949310839176178
A0A3E4KT54,"2,3_diaminopropionic acid",Tri,glycine,GCA,0.31674516201019287
A0A3E4KT54,"2,3_diaminopropionic acid",Tri,taurine,TCA,0.28314340114593506
A0A3E4KT54,3_methoxytyramine,Mono,glycine,GLCA,0.0037115123122930527
A0A3E4KT54,3_methoxytyramine,Mono,taurine,TLCA,0.07045550644397736
A0A3E4KT54,3_methoxytyramine,Di,glycine,GDCA,0.08033915609121323
A0A3E4KT54,3_methoxytyramine,Di,taurine,TDCA,-0.011530155315995216
A0A3E4KT54,3_methoxytyramine,Tri,glycine,GCA,0.04903923347592354
A0A3E4KT54,3_methoxytyramine,Tri,taurine,TCA,0.009867396205663681
A0A3E4KT54,asparagine,Mono,glycine,GLCA,0.187089204788208
A0A3E4KT54,asparagine,Mono,taurine,TLCA,0.406483918428421
A0A3E4KT54,asparagine,Di,glycine,GDCA,0.24207744002342224
A0A3E4KT54,asparagine,Di,taurine,TDCA,0.31790971755981445
A0A3E4KT54,asparagine,Tri,glycine,GCA,0.24481618404388428
A0A3E4KT54,asparagine,Tri,taurine,TCA,0.28752607107162476
A0A3E4KT54,proline,Mono,glycine,GLCA,0.24924537539482117
A0A3E4KT54,proline,Mono,taurine,TLCA,0.3956487476825714
A0A3E4KT54,proline,Di,glycine,GDCA,0.22832009196281433
A0A3E4KT54,proline,Di,taurine,TDCA,0.20574744045734406
A0A3E4KT54,proline,Tri,glycine,GCA,0.22058965265750885
A0A3E4KT54,proline,Tri,taurine,TCA,0.15476837754249573
A0A3E4KT54,dopamine,Mono,glycine,GLCA,0.10919947922229767
A0A3E4KT54,dopamine,Mono,taurine,TLCA,0.23422066867351532
A0A3E4KT54,dopamine,Di,glycine,GDCA,0.18414688110351562
A0A3E4KT54,dopamine,Di,taurine,TDCA,0.15688887238502502
A0A3E4KT54,dopamine,Tri,glycine,GCA,0.18471413850784302
A0A3E4KT54,dopamine,Tri,taurine,TCA,0.14596351981163025
A0A3E4KT54,gaba,Mono,glycine,GLCA,0.12089277803897858
A0A3E4KT54,gaba,Mono,taurine,TLCA,0.19348177313804626
A0A3E4KT54,gaba,Di,glycine,GDCA,0.18434028327465057
A0A3E4KT54,gaba,Di,taurine,TDCA,0.1373332291841507
A0A3E4KT54,gaba,Tri,glycine,GCA,0.2146909236907959
A0A3E4KT54,gaba,Tri,taurine,TCA,0.1531038135290146
A0A3E4KT54,glyglycine,Mono,glycine,GLCA,0.10787636041641235
A0A3E4KT54,glyglycine,Mono,taurine,TLCA,0.1283271163702011
A0A3E4KT54,glyglycine,Di,glycine,GDCA,0.11190687119960785
A0A3E4KT54,glyglycine,Di,taurine,TDCA,0.03721248358488083
A0A3E4KT54,glyglycine,Tri,glycine,GCA,0.07291451096534729
A0A3E4KT54,glyglycine,Tri,taurine,TCA,0.024562474340200424
A0A3E4KT54,alanine,Mono,glycine,GLCA,0.16037462651729584
A0A3E4KT54,alanine,Mono,taurine,TLCA,0.22534999251365662
A0A3E4KT54,alanine,Di,glycine,GDCA,0.1818811148405075
A0A3E4KT54,alanine,Di,taurine,TDCA,0.10431895405054092
A0A3E4KT54,alanine,Tri,glycine,GCA,0.16509395837783813
A0A3E4KT54,alanine,Tri,taurine,TCA,0.1388731300830841
A0A3E4KT54,arginine,Mono,glycine,GLCA,0.08709325641393661
A0A3E4KT54,arginine,Mono,taurine,TLCA,0.29406753182411194
A0A3E4KT54,arginine,Di,glycine,GDCA,0.17622902989387512
A0A3E4KT54,arginine,Di,taurine,TDCA,0.21900847554206848
A0A3E4KT54,arginine,Tri,glycine,GCA,0.22046445310115814
A0A3E4KT54,arginine,Tri,taurine,TCA,0.19461771845817566
A0A3E4KT54,citrulline,Mono,glycine,GLCA,0.23368939757347107
A0A3E4KT54,citrulline,Mono,taurine,TLCA,0.411734938621521
A0A3E4KT54,citrulline,Di,glycine,GDCA,0.27662622928619385
A0A3E4KT54,citrulline,Di,taurine,TDCA,0.323037713766098
A0A3E4KT54,citrulline,Tri,glycine,GCA,0.28189539909362793
A0A3E4KT54,citrulline,Tri,taurine,TCA,0.28949692845344543
A0A3E4KT54,glutamine,Mono,glycine,GLCA,0.20731595158576965
A0A3E4KT54,glutamine,Mono,taurine,TLCA,0.40528497099876404
A0A3E4KT54,glutamine,Di,glycine,GDCA,0.3310905694961548
A0A3E4KT54,glutamine,Di,taurine,TDCA,0.38081955909729004
A0A3E4KT54,glutamine,Tri,glycine,GCA,0.26993879675865173
A0A3E4KT54,glutamine,Tri,taurine,TCA,0.3007376790046692
A0A3E4KT54,histidine,Mono,glycine,GLCA,0.23185625672340393
A0A3E4KT54,histidine,Mono,taurine,TLCA,0.4610974192619324
A0A3E4KT54,histidine,Di,glycine,GDCA,0.25840938091278076
A0A3E4KT54,histidine,Di,taurine,TDCA,0.36004674434661865
A0A3E4KT54,histidine,Tri,glycine,GCA,0.2725529372692108
A0A3E4KT54,histidine,Tri,taurine,TCA,0.3637499511241913
A0A3E4KT54,lysine,Mono,glycine,GLCA,0.13132500648498535
A0A3E4KT54,lysine,Mono,taurine,TLCA,0.17713631689548492
A0A3E4KT54,lysine,Di,glycine,GDCA,0.20024189352989197
A0A3E4KT54,lysine,Di,taurine,TDCA,0.17380481958389282
A0A3E4KT54,lysine,Tri,glycine,GCA,0.22600245475769043
A0A3E4KT54,lysine,Tri,taurine,TCA,0.17651964724063873
A0A3E4KT54,methionine,Mono,glycine,GLCA,0.13594748079776764
A0A3E4KT54,methionine,Mono,taurine,TLCA,0.21485267579555511
A0A3E4KT54,methionine,Di,glycine,GDCA,0.13695377111434937
A0A3E4KT54,methionine,Di,taurine,TDCA,0.11290321499109268
A0A3E4KT54,methionine,Tri,glycine,GCA,0.14977534115314484
A0A3E4KT54,methionine,Tri,taurine,TCA,0.16113358736038208
A0A3E4KT54,ornithine,Mono,glycine,GLCA,0.12811054289340973
A0A3E4KT54,ornithine,Mono,taurine,TLCA,0.1695120483636856
A0A3E4KT54,ornithine,Di,glycine,GDCA,0.19425524771213531
A0A3E4KT54,ornithine,Di,taurine,TDCA,0.16899439692497253
A0A3E4KT54,ornithine,Tri,glycine,GCA,0.2555868625640869
A0A3E4KT54,ornithine,Tri,taurine,TCA,0.20018604397773743
A0A3E4KT54,phenylalanine,Mono,glycine,GLCA,0.2540830671787262
A0A3E4KT54,phenylalanine,Mono,taurine,TLCA,0.4514765739440918
A0A3E4KT54,phenylalanine,Di,glycine,GDCA,0.3154502213001251
A0A3E4KT54,phenylalanine,Di,taurine,TDCA,0.41012734174728394
A0A3E4KT54,phenylalanine,Tri,glycine,GCA,0.2828435003757477
A0A3E4KT54,phenylalanine,Tri,taurine,TCA,0.33535483479499817
A0A3E4KT54,serine,Mono,glycine,GLCA,0.24840492010116577
A0A3E4KT54,serine,Mono,taurine,TLCA,0.393133282661438
A0A3E4KT54,serine,Di,glycine,GDCA,0.299859881401062
A0A3E4KT54,serine,Di,taurine,TDCA,0.38393712043762207
A0A3E4KT54,serine,Tri,glycine,GCA,0.30385321378707886
A0A3E4KT54,serine,Tri,taurine,TCA,0.30605149269104004
A0A3E4KT54,threonine,Mono,glycine,GLCA,0.23481541872024536
A0A3E4KT54,threonine,Mono,taurine,TLCA,0.44945192337036133
A0A3E4KT54,threonine,Di,glycine,GDCA,0.36290642619132996
A0A3E4KT54,threonine,Di,taurine,TDCA,0.41149741411209106
A0A3E4KT54,threonine,Tri,glycine,GCA,0.2930329442024231
A0A3E4KT54,threonine,Tri,taurine,TCA,0.34123772382736206
A0A3E4KT54,tryptamine,Mono,glycine,GLCA,0.11078424751758575
A0A3E4KT54,tryptamine,Mono,taurine,TLCA,0.1748451292514801
A0A3E4KT54,tryptamine,Di,glycine,GDCA,0.1915610283613205
A0A3E4KT54,tryptamine,Di,taurine,TDCA,0.17844709753990173
A0A3E4KT54,tryptamine,Tri,glycine,GCA,0.18812522292137146
A0A3E4KT54,tryptamine,Tri,taurine,TCA,0.1537894606590271
A0A3E4KT54,cadaverine,Mono,glycine,GLCA,0.15129105746746063
A0A3E4KT54,cadaverine,Mono,taurine,TLCA,0.16575920581817627
A0A3E4KT54,cadaverine,Di,glycine,GDCA,0.19815830886363983
A0A3E4KT54,cadaverine,Di,taurine,TDCA,0.15292802453041077
A0A3E4KT54,cadaverine,Tri,glycine,GCA,0.2257918119430542
A0A3E4KT54,cadaverine,Tri,taurine,TCA,0.16666829586029053
A0A3E4KT54,putrescine,Mono,glycine,GLCA,0.17459532618522644
A0A3E4KT54,putrescine,Mono,taurine,TLCA,0.24113067984580994
A0A3E4KT54,putrescine,Di,glycine,GDCA,0.2226157933473587
A0A3E4KT54,putrescine,Di,taurine,TDCA,0.18771351873874664
A0A3E4KT54,putrescine,Tri,glycine,GCA,0.20575827360153198
A0A3E4KT54,putrescine,Tri,taurine,TCA,0.16888836026191711
A0A3E4KT54,2_aminophenol,Mono,glycine,GLCA,0.19989880919456482
A0A3E4KT54,2_aminophenol,Mono,taurine,TLCA,0.3359644412994385
A0A3E4KT54,2_aminophenol,Di,glycine,GDCA,0.31592005491256714
A0A3E4KT54,2_aminophenol,Di,taurine,TDCA,0.34282147884368896
A0A3E4KT54,2_aminophenol,Tri,glycine,GCA,0.2721498906612396
A0A3E4KT54,2_aminophenol,Tri,taurine,TCA,0.2769399583339691
A0A3E4KT54,serotonin,Mono,glycine,GLCA,0.11355427652597427
A0A3E4KT54,serotonin,Mono,taurine,TLCA,0.2339903712272644
A0A3E4KT54,serotonin,Di,glycine,GDCA,0.2277623414993286
A0A3E4KT54,serotonin,Di,taurine,TDCA,0.19749608635902405
A0A3E4KT54,serotonin,Tri,glycine,GCA,0.2548329532146454
A0A3E4KT54,serotonin,Tri,taurine,TCA,0.21091227233409882
A0A3E4KT54,tyramine,Mono,glycine,GLCA,0.16162976622581482
A0A3E4KT54,tyramine,Mono,taurine,TLCA,0.2107059359550476
A0A3E4KT54,tyramine,Di,glycine,GDCA,0.242180734872818
A0A3E4KT54,tyramine,Di,taurine,TDCA,0.18901017308235168
A0A3E4KT54,tyramine,Tri,glycine,GCA,0.22004584968090057
A0A3E4KT54,tyramine,Tri,taurine,TCA,0.19233238697052002
A0A3E4KT54,cystine,Mono,glycine,GLCA,0.10113799571990967
A0A3E4KT54,cystine,Mono,taurine,TLCA,0.27382636070251465
A0A3E4KT54,cystine,Di,glycine,GDCA,0.15832561254501343
A0A3E4KT54,cystine,Di,taurine,TDCA,0.08751147985458374
A0A3E4KT54,cystine,Tri,glycine,GCA,0.19915807247161865
A0A3E4KT54,cystine,Tri,taurine,TCA,0.12967273592948914
A0A3N2MZX6,"2,3_diaminopropionic acid",Mono,glycine,GLCA,0.2679172158241272
A0A3N2MZX6,"2,3_diaminopropionic acid",Mono,taurine,TLCA,0.3724800944328308
A0A3N2MZX6,"2,3_diaminopropionic acid",Di,glycine,GDCA,0.38332176208496094
A0A3N2MZX6,"2,3_diaminopropionic acid",Di,taurine,TDCA,0.3607558012008667
A0A3N2MZX6,"2,3_diaminopropionic acid",Tri,glycine,GCA,0.3347575068473816
A0A3N2MZX6,"2,3_diaminopropionic acid",Tri,taurine,TCA,0.29587194323539734
A0A3N2MZX6,3_methoxytyramine,Mono,glycine,GLCA,0.10234521329402924
A0A3N2MZX6,3_methoxytyramine,Mono,taurine,TLCA,0.13037796318531036
A0A3N2MZX6,3_methoxytyramine,Di,glycine,GDCA,0.09725404530763626
A0A3N2MZX6,3_methoxytyramine,Di,taurine,TDCA,0.011393368244171143
A0A3N2MZX6,3_methoxytyramine,Tri,glycine,GCA,0.07135435938835144
A0A3N2MZX6,3_methoxytyramine,Tri,taurine,TCA,0.011650707572698593
A0A3N2MZX6,asparagine,Mono,glycine,GLCA,0.2324908822774887
A0A3N2MZX6,asparagine,Mono,taurine,TLCA,0.4213820695877075
A0A3N2MZX6,asparagine,Di,glycine,GDCA,0.2737758755683899
A0A3N2MZX6,asparagine,Di,taurine,TDCA,0.32479721307754517
A0A3N2MZX6,asparagine,Tri,glycine,GCA,0.2548917829990387
A0A3N2MZX6,asparagine,Tri,taurine,TCA,0.28601503372192383
A0A3N2MZX6,proline,Mono,glycine,GLCA,0.3208208680152893
A0A3N2MZX6,proline,Mono,taurine,TLCA,0.46919047832489014
A0A3N2MZX6,proline,Di,glycine,GDCA,0.25623056292533875
A0A3N2MZX6,proline,Di,taurine,TDCA,0.2704773545265198
A0A3N2MZX6,proline,Tri,glycine,GCA,0.26547563076019287
A0A3N2MZX6,proline,Tri,taurine,TCA,0.20157311856746674
A0A3N2MZX6,dopamine,Mono,glycine,GLCA,0.1826051026582718
A0A3N2MZX6,dopamine,Mono,taurine,TLCA,0.2842842638492584
A0A3N2MZX6,dopamine,Di,glycine,GDCA,0.22110888361930847
A0A3N2MZX6,dopamine,Di,taurine,TDCA,0.20057174563407898
A0A3N2MZX6,dopamine,Tri,glycine,GCA,0.19839249551296234
A0A3N2MZX6,dopamine,Tri,taurine,TCA,0.1494244784116745
A0A3N2MZX6,gaba,Mono,glycine,GLCA,0.2096477448940277
A0A3N2MZX6,gaba,Mono,taurine,TLCA,0.24789375066757202
A0A3N2MZX6,gaba,Di,glycine,GDCA,0.2270091474056244
A0A3N2MZX6,gaba,Di,taurine,TDCA,0.19991426169872284
A0A3N2MZX6,gaba,Tri,glycine,GCA,0.23051238059997559
A0A3N2MZX6,gaba,Tri,taurine,TCA,0.17681823670864105
A0A3N2MZX6,glyglycine,Mono,glycine,GLCA,0.19722767174243927
A0A3N2MZX6,glyglycine,Mono,taurine,TLCA,0.2191038727760315
A0A3N2MZX6,glyglycine,Di,glycine,GDCA,0.17029832303524017
A0A3N2MZX6,glyglycine,Di,taurine,TDCA,0.10520593822002411
A0A3N2MZX6,glyglycine,Tri,glycine,GCA,0.1230451837182045
A0A3N2MZX6,glyglycine,Tri,taurine,TCA,0.046491704881191254
A0A3N2MZX6,alanine,Mono,glycine,GLCA,0.23720566928386688
A0A3N2MZX6,alanine,Mono,taurine,TLCA,0.3050464689731598
A0A3N2MZX6,alanine,Di,glycine,GDCA,0.26491934061050415
A0A3N2MZX6,alanine,Di,taurine,TDCA,0.19776740670204163
A0A3N2MZX6,alanine,Tri,glycine,GCA,0.2326301485300064
A0A3N2MZX6,alanine,Tri,taurine,TCA,0.18353447318077087
A0A3N2MZX6,arginine,Mono,glycine,GLCA,0.17458507418632507
A0A3N2MZX6,arginine,Mono,taurine,TLCA,0.3721553385257721
A0A3N2MZX6,arginine,Di,glycine,GDCA,0.23068520426750183
A0A3N2MZX6,arginine,Di,taurine,TDCA,0.25721049308776855
A0A3N2MZX6,arginine,Tri,glycine,GCA,0.2654987573623657
A0A3N2MZX6,arginine,Tri,taurine,TCA,0.23540112376213074
A0A3N2MZX6,citrulline,Mono,glycine,GLCA,0.3042895793914795
A0A3N2MZX6,citrulline,Mono,taurine,TLCA,0.4760138988494873
A0A3N2MZX6,citrulline,Di,glycine,GDCA,0.32519903779029846
A0A3N2MZX6,citrulline,Di,taurine,TDCA,0.3653981685638428
A0A3N2MZX6,citrulline,Tri,glycine,GCA,0.33352231979370117
A0A3N2MZX6,citrulline,Tri,taurine,TCA,0.3385917544364929
A0A3N2MZX6,glutamine,Mono,glycine,GLCA,0.2716808617115021
A0A3N2MZX6,glutamine,Mono,taurine,TLCA,0.44705575704574585
A0A3N2MZX6,glutamine,Di,glycine,GDCA,0.3700695037841797
A0A3N2MZX6,glutamine,Di,taurine,TDCA,0.42253682017326355
A0A3N2MZX6,glutamine,Tri,glycine,GCA,0.2993309795856476
A0A3N2MZX6,glutamine,Tri,taurine,TCA,0.33391743898391724
A0A3N2MZX6,histidine,Mono,glycine,GLCA,0.27892857789993286
A0A3N2MZX6,histidine,Mono,taurine,TLCA,0.47139275074005127
A0A3N2MZX6,histidine,Di,glycine,GDCA,0.30263736844062805
A0A3N2MZX6,histidine,Di,taurine,TDCA,0.3981896936893463
A0A3N2MZX6,histidine,Tri,glycine,GCA,0.3061531186103821
A0A3N2MZX6,histidine,Tri,taurine,TCA,0.3772474527359009
A0A3N2MZX6,lysine,Mono,glycine,GLCA,0.21899154782295227
A0A3N2MZX6,lysine,Mono,taurine,TLCA,0.25592178106307983
A0A3N2MZX6,lysine,Di,glycine,GDCA,0.27847057580947876
A0A3N2MZX6,lysine,Di,taurine,TDCA,0.24407538771629333
A0A3N2MZX6,lysine,Tri,glycine,GCA,0.2745000720024109
A0A3N2MZX6,lysine,Tri,taurine,TCA,0.2202358841896057
A0A3N2MZX6,methionine,Mono,glycine,GLCA,0.2119925320148468
A0A3N2MZX6,methionine,Mono,taurine,TLCA,0.2940540313720703
A0A3N2MZX6,methionine,Di,glycine,GDCA,0.22311393916606903
A0A3N2MZX6,methionine,Di,taurine,TDCA,0.21170127391815186
A0A3N2MZX6,methionine,Tri,glycine,GCA,0.22587387263774872
A0A3N2MZX6,methionine,Tri,taurine,TCA,0.2358310967683792
A0A3N2MZX6,ornithine,Mono,glycine,GLCA,0.22651520371437073
A0A3N2MZX6,ornithine,Mono,taurine,TLCA,0.26290613412857056
A0A3N2MZX6,ornithine,Di,glycine,GDCA,0.2695104479789734
A0A3N2MZX6,ornithine,Di,taurine,TDCA,0.24838651716709137
A0A3N2MZX6,ornithine,Tri,glycine,GCA,0.289814293384552
A0A3N2MZX6,ornithine,Tri,taurine,TCA,0.23740604519844055
A0A3N2MZX6,phenylalanine,Mono,glycine,GLCA,0.27561068534851074
A0A3N2MZX6,phenylalanine,Mono,taurine,TLCA,0.4497872591018677
A0A3N2MZX6,phenylalanine,Di,glycine,GDCA,0.31974077224731445
A0A3N2MZX6,phenylalanine,Di,taurine,TDCA,0.39608490467071533
A0A3N2MZX6,phenylalanine,Tri,glycine,GCA,0.29026827216148376
A0A3N2MZX6,phenylalanine,Tri,taurine,TCA,0.318408727645874
A0A3N2MZX6,serine,Mono,glycine,GLCA,0.3148031234741211
A0A3N2MZX6,serine,Mono,taurine,TLCA,0.41989004611968994
A0A3N2MZX6,serine,Di,glycine,GDCA,0.33649197220802307
A0A3N2MZX6,serine,Di,taurine,TDCA,0.4126218855381012
A0A3N2MZX6,serine,Tri,glycine,GCA,0.3275452256202698
A0A3N2MZX6,serine,Tri,taurine,TCA,0.31452035903930664
A0A3N2MZX6,threonine,Mono,glycine,GLCA,0.30234214663505554
A0A3N2MZX6,threonine,Mono,taurine,TLCA,0.4688149690628052
A0A3N2MZX6,threonine,Di,glycine,GDCA,0.38936322927474976
A0A3N2MZX6,threonine,Di,taurine,TDCA,0.4157133102416992
A0A3N2MZX6,threonine,Tri,glycine,GCA,0.29888445138931274
A0A3N2MZX6,threonine,Tri,taurine,TCA,0.33104291558265686
A0A3N2MZX6,tryptamine,Mono,glycine,GLCA,0.21028834581375122
A0A3N2MZX6,tryptamine,Mono,taurine,TLCA,0.2219454050064087
A0A3N2MZX6,tryptamine,Di,glycine,GDCA,0.2606886625289917
A0A3N2MZX6,tryptamine,Di,taurine,TDCA,0.22163590788841248
A0A3N2MZX6,tryptamine,Tri,glycine,GCA,0.24819765985012054
A0A3N2MZX6,tryptamine,Tri,taurine,TCA,0.1794108748435974
A0A3N2MZX6,cadaverine,Mono,glycine,GLCA,0.2579210102558136
A0A3N2MZX6,cadaverine,Mono,taurine,TLCA,0.238517165184021
A0A3N2MZX6,cadaverine,Di,glycine,GDCA,0.26288753747940063
A0A3N2MZX6,cadaverine,Di,taurine,TDCA,0.22402454912662506
A0A3N2MZX6,cadaverine,Tri,glycine,GCA,0.24998924136161804
A0A3N2MZX6,cadaverine,Tri,taurine,TCA,0.202410489320755
A0A3N2MZX6,putrescine,Mono,glycine,GLCA,0.2718982994556427
A0A3N2MZX6,putrescine,Mono,taurine,TLCA,0.30489858984947205
A0A3N2MZX6,putrescine,Di,glycine,GDCA,0.2755267322063446
A0A3N2MZX6,putrescine,Di,taurine,TDCA,0.2503565847873688
A0A3N2MZX6,putrescine,Tri,glycine,GCA,0.22473326325416565
A0A3N2MZX6,putrescine,Tri,taurine,TCA,0.18985053896903992
A0A3N2MZX6,2_aminophenol,Mono,glycine,GLCA,0.28492963314056396
A0A3N2MZX6,2_aminophenol,Mono,taurine,TLCA,0.3728685975074768
A0A3N2MZX6,2_aminophenol,Di,glycine,GDCA,0.36392587423324585
A0A3N2MZX6,2_aminophenol,Di,taurine,TDCA,0.40619388222694397
A0A3N2MZX6,2_aminophenol,Tri,glycine,GCA,0.30005526542663574
A0A3N2MZX6,2_aminophenol,Tri,taurine,TCA,0.31421998143196106
A0A3N2MZX6,serotonin,Mono,glycine,GLCA,0.21790260076522827
A0A3N2MZX6,serotonin,Mono,taurine,TLCA,0.30025485157966614
A0A3N2MZX6,serotonin,Di,glycine,GDCA,0.29905927181243896
A0A3N2MZX6,serotonin,Di,taurine,TDCA,0.2688482701778412
A0A3N2MZX6,serotonin,Tri,glycine,GCA,0.3029738664627075
A0A3N2MZX6,serotonin,Tri,taurine,TCA,0.24022847414016724
A0A3N2MZX6,tyramine,Mono,glycine,GLCA,0.23295380175113678
A0A3N2MZX6,tyramine,Mono,taurine,TLCA,0.26949071884155273
A0A3N2MZX6,tyramine,Di,glycine,GDCA,0.2902393341064453
A0A3N2MZX6,tyramine,Di,taurine,TDCA,0.23613986372947693
A0A3N2MZX6,tyramine,Tri,glycine,GCA,0.23212210834026337
A0A3N2MZX6,tyramine,Tri,taurine,TCA,0.18318936228752136
A0A3N2MZX6,cystine,Mono,glycine,GLCA,0.20154798030853271
A0A3N2MZX6,cystine,Mono,taurine,TLCA,0.339929461479187
A0A3N2MZX6,cystine,Di,glycine,GDCA,0.23868992924690247
A0A3N2MZX6,cystine,Di,taurine,TDCA,0.16287285089492798
A0A3N2MZX6,cystine,Tri,glycine,GCA,0.22205600142478943
A0A3N2MZX6,cystine,Tri,taurine,TCA,0.1526212990283966
A0A412TTM9,"2,3_diaminopropionic acid",Mono,glycine,GLCA,0.19240090250968933
A0A412TTM9,"2,3_diaminopropionic acid",Mono,taurine,TLCA,0.3160019516944885
A0A412TTM9,"2,3_diaminopropionic acid",Di,glycine,GDCA,0.345280259847641
A0A412TTM9,"2,3_diaminopropionic acid",Di,taurine,TDCA,0.3150351941585541
A0A412TTM9,"2,3_diaminopropionic acid",Tri,glycine,GCA,0.3355281352996826
A0A412TTM9,"2,3_diaminopropionic acid",Tri,taurine,TCA,0.2978854477405548
A0A412TTM9,3_methoxytyramine,Mono,glycine,GLCA,0.045747846364974976
A0A412TTM9,3_methoxytyramine,Mono,taurine,TLCA,0.09332689642906189
A0A412TTM9,3_methoxytyramine,Di,glycine,GDCA,0.10890117287635803
A0A412TTM9,3_methoxytyramine,Di,taurine,TDCA,0.004696603864431381
A0A412TTM9,3_methoxytyramine,Tri,glycine,GCA,0.07441779226064682
A0A412TTM9,3_methoxytyramine,Tri,taurine,TCA,0.01697789877653122
A0A412TTM9,asparagine,Mono,glycine,GLCA,0.1912854164838791
A0A412TTM9,asparagine,Mono,taurine,TLCA,0.3994147777557373
A0A412TTM9,asparagine,Di,glycine,GDCA,0.2504846155643463
A0A412TTM9,asparagine,Di,taurine,TDCA,0.32394132018089294
A0A412TTM9,asparagine,Tri,glycine,GCA,0.2503550946712494
A0A412TTM9,asparagine,Tri,taurine,TCA,0.2884957790374756
A0A412TTM9,proline,Mono,glycine,GLCA,0.26508402824401855
A0A412TTM9,proline,Mono,taurine,TLCA,0.39423641562461853
A0A412TTM9,proline,Di,glycine,GDCA,0.23618710041046143
A0A412TTM9,proline,Di,taurine,TDCA,0.20892715454101562
A0A412TTM9,proline,Tri,glycine,GCA,0.22947248816490173
A0A412TTM9,proline,Tri,taurine,TCA,0.14631521701812744
A0A412TTM9,dopamine,Mono,glycine,GLCA,0.14510388672351837
A0A412TTM9,dopamine,Mono,taurine,TLCA,0.2528236210346222
A0A412TTM9,dopamine,Di,glycine,GDCA,0.206674724817276
A0A412TTM9,dopamine,Di,taurine,TDCA,0.17438694834709167
A0A412TTM9,dopamine,Tri,glycine,GCA,0.2137397825717926
A0A412TTM9,dopamine,Tri,taurine,TCA,0.16046500205993652
A0A412TTM9,gaba,Mono,glycine,GLCA,0.1475551277399063
A0A412TTM9,gaba,Mono,taurine,TLCA,0.19588643312454224
A0A412TTM9,gaba,Di,glycine,GDCA,0.20100396871566772
A0A412TTM9,gaba,Di,taurine,TDCA,0.1501448154449463
A0A412TTM9,gaba,Tri,glycine,GCA,0.22426345944404602
A0A412TTM9,gaba,Tri,taurine,TCA,0.15944871306419373
A0A412TTM9,glyglycine,Mono,glycine,GLCA,0.11976073682308197
A0A412TTM9,glyglycine,Mono,taurine,TLCA,0.12749521434307098
A0A412TTM9,glyglycine,Di,glycine,GDCA,0.12045928835868835
A0A412TTM9,glyglycine,Di,taurine,TDCA,0.044721923768520355
A0A412TTM9,glyglycine,Tri,glycine,GCA,0.09134648740291595
A0A412TTM9,glyglycine,Tri,taurine,TCA,0.03518050163984299
A0A412TTM9,alanine,Mono,glycine,GLCA,0.1751088798046112
A0A412TTM9,alanine,Mono,taurine,TLCA,0.23697543144226074
A0A412TTM9,alanine,Di,glycine,GDCA,0.19566036760807037
A0A412TTM9,alanine,Di,taurine,TDCA,0.10957106202840805
A0A412TTM9,alanine,Tri,glycine,GCA,0.17726820707321167
A0A412TTM9,alanine,Tri,taurine,TCA,0.15315264463424683
A0A412TTM9,arginine,Mono,glycine,GLCA,0.10563258081674576
A0A412TTM9,arginine,Mono,taurine,TLCA,0.30154097080230713
A0A412TTM9,arginine,Di,glycine,GDCA,0.17861324548721313
A0A412TTM9,arginine,Di,taurine,TDCA,0.21054396033287048
A0A412TTM9,arginine,Tri,glycine,GCA,0.23588261008262634
A0A412TTM9,arginine,Tri,taurine,TCA,0.2028927505016327
A0A412TTM9,citrulline,Mono,glycine,GLCA,0.25643789768218994
A0A412TTM9,citrulline,Mono,taurine,TLCA,0.4247627556324005
A0A412TTM9,citrulline,Di,glycine,GDCA,0.3022051751613617
A0A412TTM9,citrulline,Di,taurine,TDCA,0.34268173575401306
A0A412TTM9,citrulline,Tri,glycine,GCA,0.3116030991077423
A0A412TTM9,citrulline,Tri,taurine,TCA,0.3166842460632324
A0A412TTM9,glutamine,Mono,glycine,GLCA,0.2155265063047409
A0A412TTM9,glutamine,Mono,taurine,TLCA,0.4051988422870636
A0A412TTM9,glutamine,Di,glycine,GDCA,0.3409682810306549
A0A412TTM9,glutamine,Di,taurine,TDCA,0.39351367950439453
A0A412TTM9,glutamine,Tri,glycine,GCA,0.2825269401073456
A0A412TTM9,glutamine,Tri,taurine,TCA,0.30576252937316895
A0A412TTM9,histidine,Mono,glycine,GLCA,0.2508205473423004
A0A412TTM9,histidine,Mono,taurine,TLCA,0.4597211480140686
A0A412TTM9,histidine,Di,glycine,GDCA,0.27184009552001953
A0A412TTM9,histidine,Di,taurine,TDCA,0.3715231418609619
A0A412TTM9,histidine,Tri,glycine,GCA,0.29474809765815735
A0A412TTM9,histidine,Tri,taurine,TCA,0.3771498501300812
A0A412TTM9,lysine,Mono,glycine,GLCA,0.16059544682502747
A0A412TTM9,lysine,Mono,taurine,TLCA,0.18469810485839844
A0A412TTM9,lysine,Di,glycine,GDCA,0.21623483300209045
A0A412TTM9,lysine,Di,taurine,TDCA,0.184666246175766
A0A412TTM9,lysine,Tri,glycine,GCA,0.2398453950881958
A0A412TTM9,lysine,Tri,taurine,TCA,0.18434874713420868
A0A412TTM9,methionine,Mono,glycine,GLCA,0.14525312185287476
A0A412TTM9,methionine,Mono,taurine,TLCA,0.21929317712783813
A0A412TTM9,methionine,Di,glycine,GDCA,0.1518528163433075
A0A412TTM9,methionine,Di,taurine,TDCA,0.1250658482313156
A0A412TTM9,methionine,Tri,glycine,GCA,0.1638660877943039
A0A412TTM9,methionine,Tri,taurine,TCA,0.17455515265464783
A0A412TTM9,ornithine,Mono,glycine,GLCA,0.15859661996364594
A0A412TTM9,ornithine,Mono,taurine,TLCA,0.18294841051101685
A0A412TTM9,ornithine,Di,glycine,GDCA,0.21617764234542847
A0A412TTM9,ornithine,Di,taurine,TDCA,0.1775934398174286
A0A412TTM9,ornithine,Tri,glycine,GCA,0.2763841152191162
A0A412TTM9,ornithine,Tri,taurine,TCA,0.21448859572410583
A0A412TTM9,phenylalanine,Mono,glycine,GLCA,0.2697772681713104
A0A412TTM9,phenylalanine,Mono,taurine,TLCA,0.4502188265323639
A0A412TTM9,phenylalanine,Di,glycine,GDCA,0.33173662424087524
A0A412TTM9,phenylalanine,Di,taurine,TDCA,0.4128261208534241
A0A412TTM9,phenylalanine,Tri,glycine,GCA,0.299564003944397
A0A412TTM9,phenylalanine,Tri,taurine,TCA,0.34369730949401855
A0A412TTM9,serine,Mono,glycine,GLCA,0.2680049538612366
A0A412TTM9,serine,Mono,taurine,TLCA,0.39596498012542725
A0A412TTM9,serine,Di,glycine,GDCA,0.3250194787979126
A0A412TTM9,serine,Di,taurine,TDCA,0.3990936577320099
A0A412TTM9,serine,Tri,glycine,GCA,0.3237757384777069
A0A412TTM9,serine,Tri,taurine,TCA,0.3122612237930298
A0A412TTM9,threonine,Mono,glycine,GLCA,0.2691299617290497
A0A412TTM9,threonine,Mono,taurine,TLCA,0.46992552280426025
A0A412TTM9,threonine,Di,glycine,GDCA,0.39473724365234375
A0A412TTM9,threonine,Di,taurine,TDCA,0.43570905923843384
A0A412TTM9,threonine,Tri,glycine,GCA,0.3229624629020691
A0A412TTM9,threonine,Tri,taurine,TCA,0.36255550384521484
A0A412TTM9,tryptamine,Mono,glycine,GLCA,0.14945153892040253
A0A412TTM9,tryptamine,Mono,taurine,TLCA,0.19968649744987488
A0A412TTM9,tryptamine,Di,glycine,GDCA,0.2180931121110916
A0A412TTM9,tryptamine,Di,taurine,TDCA,0.19636520743370056
A0A412TTM9,tryptamine,Tri,glycine,GCA,0.2240694761276245
A0A412TTM9,tryptamine,Tri,taurine,TCA,0.17305952310562134
A0A412TTM9,cadaverine,Mono,glycine,GLCA,0.18211187422275543
A0A412TTM9,cadaverine,Mono,taurine,TLCA,0.17137444019317627
A0A412TTM9,cadaverine,Di,glycine,GDCA,0.22315707802772522
A0A412TTM9,cadaverine,Di,taurine,TDCA,0.16770976781845093
A0A412TTM9,cadaverine,Tri,glycine,GCA,0.232053741812706
A0A412TTM9,cadaverine,Tri,taurine,TCA,0.17245155572891235
A0A412TTM9,putrescine,Mono,glycine,GLCA,0.20433387160301208
A0A412TTM9,putrescine,Mono,taurine,TLCA,0.24361369013786316
A0A412TTM9,putrescine,Di,glycine,GDCA,0.24765363335609436
A0A412TTM9,putrescine,Di,taurine,TDCA,0.20638182759284973
A0A412TTM9,putrescine,Tri,glycine,GCA,0.21328070759773254
A0A412TTM9,putrescine,Tri,taurine,TCA,0.17358851432800293
A0A412TTM9,2_aminophenol,Mono,glycine,GLCA,0.22929838299751282
A0A412TTM9,2_aminophenol,Mono,taurine,TLCA,0.34779465198516846
A0A412TTM9,2_aminophenol,Di,glycine,GDCA,0.3504068851470947
A0A412TTM9,2_aminophenol,Di,taurine,TDCA,0.36705517768859863
A0A412TTM9,2_aminophenol,Tri,glycine,GCA,0.29854315519332886
A0A412TTM9,2_aminophenol,Tri,taurine,TCA,0.2937297523021698
A0A412TTM9,serotonin,Mono,glycine,GLCA,0.14709123969078064
A0A412TTM9,serotonin,Mono,taurine,TLCA,0.2659471929073334
A0A412TTM9,serotonin,Di,glycine,GDCA,0.255107581615448
A0A412TTM9,serotonin,Di,taurine,TDCA,0.21658790111541748
A0A412TTM9,serotonin,Tri,glycine,GCA,0.286624014377594
A0A412TTM9,serotonin,Tri,taurine,TCA,0.2304639220237732
A0A412TTM9,tyramine,Mono,glycine,GLCA,0.2047223001718521
A0A412TTM9,tyramine,Mono,taurine,TLCA,0.22672457993030548
A0A412TTM9,tyramine,Di,glycine,GDCA,0.264778196811676
A0A412TTM9,tyramine,Di,taurine,TDCA,0.20323526859283447
A0A412TTM9,tyramine,Tri,glycine,GCA,0.24103868007659912
A0A412TTM9,tyramine,Tri,taurine,TCA,0.19690382480621338
A0A412TTM9,cystine,Mono,glycine,GLCA,0.13285258412361145
A0A412TTM9,cystine,Mono,taurine,TLCA,0.28480905294418335
A0A412TTM9,cystine,Di,glycine,GDCA,0.178268700838089
A0A412TTM9,cystine,Di,taurine,TDCA,0.0992293506860733
A0A412TTM9,cystine,Tri,glycine,GCA,0.20968210697174072
A0A412TTM9,cystine,Tri,taurine,TCA,0.13658460974693298
A0A414M9L3,"2,3_diaminopropionic acid",Mono,glycine,GLCA,0.265381395816803
A0A414M9L3,"2,3_diaminopropionic acid",Mono,taurine,TLCA,0.37757939100265503
A0A414M9L3,"2,3_diaminopropionic acid",Di,glycine,GDCA,0.3567476272583008
A0A414M9L3,"2,3_diaminopropionic acid",Di,taurine,TDCA,0.34263429045677185
A0A414M9L3,"2,3_diaminopropionic acid",Tri,glycine,GCA,0.32685327529907227
A0A414M9L3,"2,3_diaminopropionic acid",Tri,taurine,TCA,0.29367515444755554
A0A414M9L3,3_methoxytyramine,Mono,glycine,GLCA,0.05755539983510971
A0A414M9L3,3_methoxytyramine,Mono,taurine,TLCA,0.08767639845609665
A0A414M9L3,3_methoxytyramine,Di,glycine,GDCA,0.04978896677494049
A0A414M9L3,3_methoxytyramine,Di,taurine,TDCA,-0.03093130886554718
A0A414M9L3,3_methoxytyramine,Tri,glycine,GCA,0.04469136893749237
A0A414M9L3,3_methoxytyramine,Tri,taurine,TCA,0.007099233567714691
A0A414M9L3,asparagine,Mono,glycine,GLCA,0.2664812207221985
A0A414M9L3,asparagine,Mono,taurine,TLCA,0.4583582878112793
A0A414M9L3,asparagine,Di,glycine,GDCA,0.27688950300216675
A0A414M9L3,asparagine,Di,taurine,TDCA,0.331010103225708
A0A414M9L3,asparagine,Tri,glycine,GCA,0.256822407245636
A0A414M9L3,asparagine,Tri,taurine,TCA,0.2980186939239502
A0A414M9L3,proline,Mono,glycine,GLCA,0.32303476333618164
A0A414M9L3,proline,Mono,taurine,TLCA,0.46434450149536133
A0A414M9L3,proline,Di,glycine,GDCA,0.2617703676223755
A0A414M9L3,proline,Di,taurine,TDCA,0.254364550113678
A0A414M9L3,proline,Tri,glycine,GCA,0.26252973079681396
A0A414M9L3,proline,Tri,taurine,TCA,0.2188849300146103
A0A414M9L3,dopamine,Mono,glycine,GLCA,0.1473633050918579
A0A414M9L3,dopamine,Mono,taurine,TLCA,0.24437671899795532
A0A414M9L3,dopamine,Di,glycine,GDCA,0.1847032606601715
A0A414M9L3,dopamine,Di,taurine,TDCA,0.16289615631103516
A0A414M9L3,dopamine,Tri,glycine,GCA,0.16048020124435425
A0A414M9L3,dopamine,Tri,taurine,TCA,0.13397257030010223
A0A414M9L3,gaba,Mono,glycine,GLCA,0.1978236734867096
A0A414M9L3,gaba,Mono,taurine,TLCA,0.2448016107082367
A0A414M9L3,gaba,Di,glycine,GDCA,0.21198175847530365
A0A414M9L3,gaba,Di,taurine,TDCA,0.16968593001365662
A0A414M9L3,gaba,Tri,glycine,GCA,0.23066790401935577
A0A414M9L3,gaba,Tri,taurine,TCA,0.19079992175102234
A0A414M9L3,glyglycine,Mono,glycine,GLCA,0.19986006617546082
A0A414M9L3,glyglycine,Mono,taurine,TLCA,0.20817925035953522
A0A414M9L3,glyglycine,Di,glycine,GDCA,0.18050220608711243
A0A414M9L3,glyglycine,Di,taurine,TDCA,0.10396596789360046
A0A414M9L3,glyglycine,Tri,glycine,GCA,0.10617691278457642
A0A414M9L3,glyglycine,Tri,taurine,TCA,0.06034030020236969
A0A414M9L3,alanine,Mono,glycine,GLCA,0.2591085433959961
A0A414M9L3,alanine,Mono,taurine,TLCA,0.3254722058773041
A0A414M9L3,alanine,Di,glycine,GDCA,0.26076897978782654
A0A414M9L3,alanine,Di,taurine,TDCA,0.1827239841222763
A0A414M9L3,alanine,Tri,glycine,GCA,0.23615702986717224
A0A414M9L3,alanine,Tri,taurine,TCA,0.19781801104545593
A0A414M9L3,arginine,Mono,glycine,GLCA,0.17318664491176605
A0A414M9L3,arginine,Mono,taurine,TLCA,0.3644249439239502
A0A414M9L3,arginine,Di,glycine,GDCA,0.23245513439178467
A0A414M9L3,arginine,Di,taurine,TDCA,0.2766343951225281
A0A414M9L3,arginine,Tri,glycine,GCA,0.2586267590522766
A0A414M9L3,arginine,Tri,taurine,TCA,0.2559235990047455
A0A414M9L3,citrulline,Mono,glycine,GLCA,0.321442186832428
A0A414M9L3,citrulline,Mono,taurine,TLCA,0.4840278625488281
A0A414M9L3,citrulline,Di,glycine,GDCA,0.31387606263160706
A0A414M9L3,citrulline,Di,taurine,TDCA,0.3631838262081146
A0A414M9L3,citrulline,Tri,glycine,GCA,0.3251667022705078
A0A414M9L3,citrulline,Tri,taurine,TCA,0.3429078757762909
A0A414M9L3,glutamine,Mono,glycine,GLCA,0.29300886392593384
A0A414M9L3,glutamine,Mono,taurine,TLCA,0.47188231348991394
A0A414M9L3,glutamine,Di,glycine,GDCA,0.3691505193710327
A0A414M9L3,glutamine,Di,taurine,TDCA,0.414297491312027
A0A414M9L3,glutamine,Tri,glycine,GCA,0.28678447008132935
A0A414M9L3,glutamine,Tri,taurine,TCA,0.3402926027774811
A0A414M9L3,histidine,Mono,glycine,GLCA,0.3003019690513611
A0A414M9L3,histidine,Mono,taurine,TLCA,0.5152897834777832
A0A414M9L3,histidine,Di,glycine,GDCA,0.3071709871292114
A0A414M9L3,histidine,Di,taurine,TDCA,0.40701138973236084
A0A414M9L3,histidine,Tri,glycine,GCA,0.2939329743385315
A0A414M9L3,histidine,Tri,taurine,TCA,0.38871055841445923
A0A414M9L3,lysine,Mono,glycine,GLCA,0.19660867750644684
A0A414M9L3,lysine,Mono,taurine,TLCA,0.2433379590511322
A0A414M9L3,lysine,Di,glycine,GDCA,0.24410173296928406
A0A414M9L3,lysine,Di,taurine,TDCA,0.21539482474327087
A0A414M9L3,lysine,Tri,glycine,GCA,0.25429168343544006
A0A414M9L3,lysine,Tri,taurine,TCA,0.21756628155708313
A0A414M9L3,methionine,Mono,glycine,GLCA,0.22853125631809235
A0A414M9L3,methionine,Mono,taurine,TLCA,0.3141700029373169
A0A414M9L3,methionine,Di,glycine,GDCA,0.20389434695243835
A0A414M9L3,methionine,Di,taurine,TDCA,0.18420088291168213
A0A414M9L3,methionine,Tri,glycine,GCA,0.21378961205482483
A0A414M9L3,methionine,Tri,taurine,TCA,0.23176933825016022
A0A414M9L3,ornithine,Mono,glycine,GLCA,0.19565317034721375
A0A414M9L3,ornithine,Mono,taurine,TLCA,0.2407248169183731
A0A414M9L3,ornithine,Di,glycine,GDCA,0.22942057251930237
A0A414M9L3,ornithine,Di,taurine,TDCA,0.21952375769615173
A0A414M9L3,ornithine,Tri,glycine,GCA,0.26824086904525757
A0A414M9L3,ornithine,Tri,taurine,TCA,0.23379673063755035
A0A414M9L3,phenylalanine,Mono,glycine,GLCA,0.3187893331050873
A0A414M9L3,phenylalanine,Mono,taurine,TLCA,0.4897173047065735
A0A414M9L3,phenylalanine,Di,glycine,GDCA,0.33609235286712646
A0A414M9L3,phenylalanine,Di,taurine,TDCA,0.411081999540329
A0A414M9L3,phenylalanine,Tri,glycine,GCA,0.2929408550262451
A0A414M9L3,phenylalanine,Tri,taurine,TCA,0.339913934469223
A0A414M9L3,serine,Mono,glycine,GLCA,0.32722771167755127
A0A414M9L3,serine,Mono,taurine,TLCA,0.4385991096496582
A0A414M9L3,serine,Di,glycine,GDCA,0.32982370257377625
A0A414M9L3,serine,Di,taurine,TDCA,0.41226711869239807
A0A414M9L3,serine,Tri,glycine,GCA,0.31100738048553467
A0A414M9L3,serine,Tri,taurine,TCA,0.33261051774024963
A0A414M9L3,threonine,Mono,glycine,GLCA,0.32359641790390015
A0A414M9L3,threonine,Mono,taurine,TLCA,0.4774940013885498
A0A414M9L3,threonine,Di,glycine,GDCA,0.38050374388694763
A0A414M9L3,threonine,Di,taurine,TDCA,0.4301910102367401
A0A414M9L3,threonine,Tri,glycine,GCA,0.2923709452152252
A0A414M9L3,threonine,Tri,taurine,TCA,0.350077748298645
A0A414M9L3,tryptamine,Mono,glycine,GLCA,0.1700577735900879
A0A414M9L3,tryptamine,Mono,taurine,TLCA,0.18141697347164154
A0A414M9L3,tryptamine,Di,glycine,GDCA,0.20426377654075623
A0A414M9L3,tryptamine,Di,taurine,TDCA,0.18193882703781128
A0A414M9L3,tryptamine,Tri,glycine,GCA,0.20248296856880188
A0A414M9L3,tryptamine,Tri,taurine,TCA,0.1614043265581131
A0A414M9L3,cadaverine,Mono,glycine,GLCA,0.24894627928733826
A0A414M9L3,cadaverine,Mono,taurine,TLCA,0.24990314245224
A0A414M9L3,cadaverine,Di,glycine,GDCA,0.2518729567527771
A0A414M9L3,cadaverine,Di,taurine,TDCA,0.21016646921634674
A0A414M9L3,cadaverine,Tri,glycine,GCA,0.2580503225326538
A0A414M9L3,cadaverine,Tri,taurine,TCA,0.2211117148399353
A0A414M9L3,putrescine,Mono,glycine,GLCA,0.2475387454032898
A0A414M9L3,putrescine,Mono,taurine,TLCA,0.3176739811897278
A0A414M9L3,putrescine,Di,glycine,GDCA,0.25867146253585815
A0A414M9L3,putrescine,Di,taurine,TDCA,0.2364402711391449
A0A414M9L3,putrescine,Tri,glycine,GCA,0.22197917103767395
A0A414M9L3,putrescine,Tri,taurine,TCA,0.20583684742450714
A0A414M9L3,2_aminophenol,Mono,glycine,GLCA,0.28482115268707275
A0A414M9L3,2_aminophenol,Mono,taurine,TLCA,0.38200643658638
A0A414M9L3,2_aminophenol,Di,glycine,GDCA,0.3335168957710266
A0A414M9L3,2_aminophenol,Di,taurine,TDCA,0.3846432566642761
A0A414M9L3,2_aminophenol,Tri,glycine,GCA,0.27097490429878235
A0A414M9L3,2_aminophenol,Tri,taurine,TCA,0.3118216097354889
A0A414M9L3,serotonin,Mono,glycine,GLCA,0.17991241812705994
A0A414M9L3,serotonin,Mono,taurine,TLCA,0.2589554190635681
A0A414M9L3,serotonin,Di,glycine,GDCA,0.2557474672794342
A0A414M9L3,serotonin,Di,taurine,TDCA,0.23610380291938782
A0A414M9L3,serotonin,Tri,glycine,GCA,0.27622926235198975
A0A414M9L3,serotonin,Tri,taurine,TCA,0.22777564823627472
A0A414M9L3,tyramine,Mono,glycine,GLCA,0.18988542258739471
A0A414M9L3,tyramine,Mono,taurine,TLCA,0.22840532660484314
A0A414M9L3,tyramine,Di,glycine,GDCA,0.24920417368412018
A0A414M9L3,tyramine,Di,taurine,TDCA,0.20925354957580566
A0A414M9L3,tyramine,Tri,glycine,GCA,0.2068212479352951
A0A414M9L3,tyramine,Tri,taurine,TCA,0.1787516176700592
A0A414M9L3,cystine,Mono,glycine,GLCA,0.19034187495708466
A0A414M9L3,cystine,Mono,taurine,TLCA,0.3174903094768524
A0A414M9L3,cystine,Di,glycine,GDCA,0.20617994666099548
A0A414M9L3,cystine,Di,taurine,TDCA,0.11696383357048035
A0A414M9L3,cystine,Tri,glycine,GCA,0.21845205128192902
A0A414M9L3,cystine,Tri,taurine,TCA,0.15736649930477142
A0A414Q275,"2,3_diaminopropionic acid",Mono,glycine,GLCA,0.18676090240478516
A0A414Q275,"2,3_diaminopropionic acid",Mono,taurine,TLCA,0.3128550052642822
A0A414Q275,"2,3_diaminopropionic acid",Di,glycine,GDCA,0.3511432707309723
A0A414Q275,"2,3_diaminopropionic acid",Di,taurine,TDCA,0.30642589926719666
A0A414Q275,"2,3_diaminopropionic acid",Tri,glycine,GCA,0.3484121561050415
A0A414Q275,"2,3_diaminopropionic acid",Tri,taurine,TCA,0.3086574077606201
A0A414Q275,3_methoxytyramine,Mono,glycine,GLCA,0.06304314732551575
A0A414Q275,3_methoxytyramine,Mono,taurine,TLCA,0.1297454833984375
A0A414Q275,3_methoxytyramine,Di,glycine,GDCA,0.16836780309677124
A0A414Q275,3_methoxytyramine,Di,taurine,TDCA,0.06206813454627991
A0A414Q275,3_methoxytyramine,Tri,glycine,GCA,0.12222342193126678
A0A414Q275,3_methoxytyramine,Tri,taurine,TCA,0.06439937651157379
A0A414Q275,asparagine,Mono,glycine,GLCA,0.19081906974315643
A0A414Q275,asparagine,Mono,taurine,TLCA,0.42500007152557373
A0A414Q275,asparagine,Di,glycine,GDCA,0.28180333971977234
A0A414Q275,asparagine,Di,taurine,TDCA,0.3574654459953308
A0A414Q275,asparagine,Tri,glycine,GCA,0.2925325930118561
A0A414Q275,asparagine,Tri,taurine,TCA,0.3284725844860077
A0A414Q275,proline,Mono,glycine,GLCA,0.26613515615463257
A0A414Q275,proline,Mono,taurine,TLCA,0.40640655159950256
A0A414Q275,proline,Di,glycine,GDCA,0.2437853217124939
A0A414Q275,proline,Di,taurine,TDCA,0.21812386810779572
A0A414Q275,proline,Tri,glycine,GCA,0.24811097979545593
A0A414Q275,proline,Tri,taurine,TCA,0.16013365983963013
A0A414Q275,dopamine,Mono,glycine,GLCA,0.15336810052394867
A0A414Q275,dopamine,Mono,taurine,TLCA,0.2713628113269806
A0A414Q275,dopamine,Di,glycine,GDCA,0.22902020812034607
A0A414Q275,dopamine,Di,taurine,TDCA,0.1967601776123047
A0A414Q275,dopamine,Tri,glycine,GCA,0.2557121217250824
A0A414Q275,dopamine,Tri,taurine,TCA,0.19242426753044128
A0A414Q275,gaba,Mono,glycine,GLCA,0.1386445164680481
A0A414Q275,gaba,Mono,taurine,TLCA,0.1983126699924469
A0A414Q275,gaba,Di,glycine,GDCA,0.20358139276504517
A0A414Q275,gaba,Di,taurine,TDCA,0.14827945828437805
A0A414Q275,gaba,Tri,glycine,GCA,0.25119975209236145
A0A414Q275,gaba,Tri,taurine,TCA,0.16930440068244934
A0A414Q275,glyglycine,Mono,glycine,GLCA,0.127692312002182
A0A414Q275,glyglycine,Mono,taurine,TLCA,0.1392718106508255
A0A414Q275,glyglycine,Di,glycine,GDCA,0.14129698276519775
A0A414Q275,glyglycine,Di,taurine,TDCA,0.06376217305660248
A0A414Q275,glyglycine,Tri,glycine,GCA,0.12502506375312805
A0A414Q275,glyglycine,Tri,taurine,TCA,0.05973462760448456
A0A414Q275,alanine,Mono,glycine,GLCA,0.16388367116451263
A0A414Q275,alanine,Mono,taurine,TLCA,0.23533384501934052
A0A414Q275,alanine,Di,glycine,GDCA,0.1895173341035843
A0A414Q275,alanine,Di,taurine,TDCA,0.10815184563398361
A0A414Q275,alanine,Tri,glycine,GCA,0.1762085258960724
A0A414Q275,alanine,Tri,taurine,TCA,0.15027663111686707
A0A414Q275,arginine,Mono,glycine,GLCA,0.08349970728158951
A0A414Q275,arginine,Mono,taurine,TLCA,0.2812618613243103
A0A414Q275,arginine,Di,glycine,GDCA,0.15824905037879944
A0A414Q275,arginine,Di,taurine,TDCA,0.17785003781318665
A0A414Q275,arginine,Tri,glycine,GCA,0.21996617317199707
A0A414Q275,arginine,Tri,taurine,TCA,0.17404800653457642
A0A414Q275,citrulline,Mono,glycine,GLCA,0.2521613836288452
A0A414Q275,citrulline,Mono,taurine,TLCA,0.42871540784835815
A0A414Q275,citrulline,Di,glycine,GDCA,0.30517882108688354
A0A414Q275,citrulline,Di,taurine,TDCA,0.3367636203765869
A0A414Q275,citrulline,Tri,glycine,GCA,0.3109840750694275
A0A414Q275,citrulline,Tri,taurine,TCA,0.30948758125305176
A0A414Q275,glutamine,Mono,glycine,GLCA,0.21532613039016724
A0A414Q275,glutamine,Mono,taurine,TLCA,0.42472970485687256
A0A414Q275,glutamine,Di,glycine,GDCA,0.35612255334854126
A0A414Q275,glutamine,Di,taurine,TDCA,0.40605348348617554
A0A414Q275,glutamine,Tri,glycine,GCA,0.3060048818588257
A0A414Q275,glutamine,Tri,taurine,TCA,0.3199043273925781
A0A414Q275,histidine,Mono,glycine,GLCA,0.2567615509033203
A0A414Q275,histidine,Mono,taurine,TLCA,0.47005346417427063
A0A414Q275,histidine,Di,glycine,GDCA,0.2985289692878723
A0A414Q275,histidine,Di,taurine,TDCA,0.3851184844970703
A0A414Q275,histidine,Tri,glycine,GCA,0.33124688267707825
A0A414Q275,histidine,Tri,taurine,TCA,0.4122766852378845
A0A414Q275,lysine,Mono,glycine,GLCA,0.16480258107185364
A0A414Q275,lysine,Mono,taurine,TLCA,0.1912917196750641
A0A414Q275,lysine,Di,glycine,GDCA,0.22940906882286072
A0A414Q275,lysine,Di,taurine,TDCA,0.19098830223083496
A0A414Q275,lysine,Tri,glycine,GCA,0.2581460475921631
A0A414Q275,lysine,Tri,taurine,TCA,0.19390317797660828
A0A414Q275,methionine,Mono,glycine,GLCA,0.14308270812034607
A0A414Q275,methionine,Mono,taurine,TLCA,0.22396835684776306
A0A414Q275,methionine,Di,glycine,GDCA,0.14492452144622803
A0A414Q275,methionine,Di,taurine,TDCA,0.12243872135877609
A0A414Q275,methionine,Tri,glycine,GCA,0.1701490581035614
A0A414Q275,methionine,Tri,taurine,TCA,0.17537140846252441
A0A414Q275,ornithine,Mono,glycine,GLCA,0.16075566411018372
A0A414Q275,ornithine,Mono,taurine,TLCA,0.1880689412355423
A0A414Q275,ornithine,Di,glycine,GDCA,0.22837518155574799
A0A414Q275,ornithine,Di,taurine,TDCA,0.18344150483608246
A0A414Q275,ornithine,Tri,glycine,GCA,0.29586130380630493
A0A414Q275,ornithine,Tri,taurine,TCA,0.21824248135089874
A0A414Q275,phenylalanine,Mono,glycine,GLCA,0.28148165345191956
A0A414Q275,phenylalanine,Mono,taurine,TLCA,0.4739982783794403
A0A414Q275,phenylalanine,Di,glycine,GDCA,0.3651149570941925
A0A414Q275,phenylalanine,Di,taurine,TDCA,0.4434598982334137
A0A414Q275,phenylalanine,Tri,glycine,GCA,0.34905749559402466
A0A414Q275,phenylalanine,Tri,taurine,TCA,0.38286304473876953
A0A414Q275,serine,Mono,glycine,GLCA,0.2660219073295593
A0A414Q275,serine,Mono,taurine,TLCA,0.4170331656932831
A0A414Q275,serine,Di,glycine,GDCA,0.3501172363758087
A0A414Q275,serine,Di,taurine,TDCA,0.4154193699359894
A0A414Q275,serine,Tri,glycine,GCA,0.3715249300003052
A0A414Q275,serine,Tri,taurine,TCA,0.3385666012763977
A0A414Q275,threonine,Mono,glycine,GLCA,0.2557310163974762
A0A414Q275,threonine,Mono,taurine,TLCA,0.4767943322658539
A0A414Q275,threonine,Di,glycine,GDCA,0.3983697295188904
A0A414Q275,threonine,Di,taurine,TDCA,0.421578973531723
A0A414Q275,threonine,Tri,glycine,GCA,0.3513571321964264
A0A414Q275,threonine,Tri,taurine,TCA,0.36703920364379883
A0A414Q275,tryptamine,Mono,glycine,GLCA,0.14408253133296967
A0A414Q275,tryptamine,Mono,taurine,TLCA,0.21557334065437317
A0A414Q275,tryptamine,Di,glycine,GDCA,0.22667893767356873
A0A414Q275,tryptamine,Di,taurine,TDCA,0.20852476358413696
A0A414Q275,tryptamine,Tri,glycine,GCA,0.2477654665708542
A0A414Q275,tryptamine,Tri,taurine,TCA,0.19045764207839966
A0A414Q275,cadaverine,Mono,glycine,GLCA,0.17636211216449738
A0A414Q275,cadaverine,Mono,taurine,TLCA,0.173430398106575
A0A414Q275,cadaverine,Di,glycine,GDCA,0.23029139637947083
A0A414Q275,cadaverine,Di,taurine,TDCA,0.1685422956943512
A0A414Q275,cadaverine,Tri,glycine,GCA,0.25445371866226196
A0A414Q275,cadaverine,Tri,taurine,TCA,0.17844098806381226
A0A414Q275,putrescine,Mono,glycine,GLCA,0.19759581983089447
A0A414Q275,putrescine,Mono,taurine,TLCA,0.23821401596069336
A0A414Q275,putrescine,Di,glycine,GDCA,0.25236326456069946
A0A414Q275,putrescine,Di,taurine,TDCA,0.19532284140586853
A0A414Q275,putrescine,Tri,glycine,GCA,0.23580363392829895
A0A414Q275,putrescine,Tri,taurine,TCA,0.18262463808059692
A0A414Q275,2_aminophenol,Mono,glycine,GLCA,0.22328349947929382
A0A414Q275,2_aminophenol,Mono,taurine,TLCA,0.3570448160171509
A0A414Q275,2_aminophenol,Di,glycine,GDCA,0.37834200263023376
A0A414Q275,2_aminophenol,Di,taurine,TDCA,0.3736054301261902
A0A414Q275,2_aminophenol,Tri,glycine,GCA,0.33691200613975525
A0A414Q275,2_aminophenol,Tri,taurine,TCA,0.30546432733535767
A0A414Q275,serotonin,Mono,glycine,GLCA,0.14215582609176636
A0A414Q275,serotonin,Mono,taurine,TLCA,0.28097811341285706
A0A414Q275,serotonin,Di,glycine,GDCA,0.2570943832397461
A0A414Q275,serotonin,Di,taurine,TDCA,0.22679336369037628
A0A414Q275,serotonin,Tri,glycine,GCA,0.29733043909072876
A0A414Q275,serotonin,Tri,taurine,TCA,0.24790149927139282
A0A414Q275,tyramine,Mono,glycine,GLCA,0.2058049887418747
A0A414Q275,tyramine,Mono,taurine,TLCA,0.24511417746543884
A0A414Q275,tyramine,Di,glycine,GDCA,0.28887197375297546
A0A414Q275,tyramine,Di,taurine,TDCA,0.21825429797172546
A0A414Q275,tyramine,Tri,glycine,GCA,0.27745765447616577
A0A414Q275,tyramine,Tri,taurine,TCA,0.23092880845069885
A0A414Q275,cystine,Mono,glycine,GLCA,0.13089239597320557
A0A414Q275,cystine,Mono,taurine,TLCA,0.2923707067966461
A0A414Q275,cystine,Di,glycine,GDCA,0.19810838997364044
A0A414Q275,cystine,Di,taurine,TDCA,0.1125611811876297
A0A414Q275,cystine,Tri,glycine,GCA,0.2307465672492981
A0A414Q275,cystine,Tri,taurine,TCA,0.15030211210250854
A0A416W4H5,"2,3_diaminopropionic acid",Mono,glycine,GLCA,0.2666983902454376
A0A416W4H5,"2,3_diaminopropionic acid",Mono,taurine,TLCA,0.3630967438220978
A0A416W4H5,"2,3_diaminopropionic acid",Di,glycine,GDCA,0.31877994537353516
A0A416W4H5,"2,3_diaminopropionic acid",Di,taurine,TDCA,0.2897009253501892
A0A416W4H5,"2,3_diaminopropionic acid",Tri,glycine,GCA,0.3496416509151459
A0A416W4H5,"2,3_diaminopropionic acid",Tri,taurine,TCA,0.29709726572036743
A0A416W4H5,3_methoxytyramine,Mono,glycine,GLCA,0.04650825262069702
A0A416W4H5,3_methoxytyramine,Mono,taurine,TLCA,0.06685025990009308
A0A416W4H5,3_methoxytyramine,Di,glycine,GDCA,0.022924963384866714
A0A416W4H5,3_methoxytyramine,Di,taurine,TDCA,-0.07329916954040527
A0A416W4H5,3_methoxytyramine,Tri,glycine,GCA,0.024745650589466095
A0A416W4H5,3_methoxytyramine,Tri,taurine,TCA,-0.0063621848821640015
A0A416W4H5,asparagine,Mono,glycine,GLCA,0.33621495962142944
A0A416W4H5,asparagine,Mono,taurine,TLCA,0.5320796370506287
A0A416W4H5,asparagine,Di,glycine,GDCA,0.32460469007492065
A0A416W4H5,asparagine,Di,taurine,TDCA,0.36962613463401794
A0A416W4H5,asparagine,Tri,glycine,GCA,0.3363209366798401
A0A416W4H5,asparagine,Tri,taurine,TCA,0.3725373148918152
A0A416W4H5,proline,Mono,glycine,GLCA,0.3287315368652344
A0A416W4H5,proline,Mono,taurine,TLCA,0.46784430742263794
A0A416W4H5,proline,Di,glycine,GDCA,0.22903451323509216
A0A416W4H5,proline,Di,taurine,TDCA,0.2034020721912384
A0A416W4H5,proline,Tri,glycine,GCA,0.28949683904647827
A0A416W4H5,proline,Tri,taurine,TCA,0.25782179832458496
A0A416W4H5,dopamine,Mono,glycine,GLCA,0.09518763422966003
A0A416W4H5,dopamine,Mono,taurine,TLCA,0.19373467564582825
A0A416W4H5,dopamine,Di,glycine,GDCA,0.11779359728097916
A0A416W4H5,dopamine,Di,taurine,TDCA,0.07986316084861755
A0A416W4H5,dopamine,Tri,glycine,GCA,0.11881260573863983
A0A416W4H5,dopamine,Tri,taurine,TCA,0.09492656588554382
A0A416W4H5,gaba,Mono,glycine,GLCA,0.2071433812379837
A0A416W4H5,gaba,Mono,taurine,TLCA,0.2720579504966736
A0A416W4H5,gaba,Di,glycine,GDCA,0.21413779258728027
A0A416W4H5,gaba,Di,taurine,TDCA,0.1670791506767273
A0A416W4H5,gaba,Tri,glycine,GCA,0.27686458826065063
A0A416W4H5,gaba,Tri,taurine,TCA,0.2286709100008011
A0A416W4H5,glyglycine,Mono,glycine,GLCA,0.180063396692276
A0A416W4H5,glyglycine,Mono,taurine,TLCA,0.1491180658340454
A0A416W4H5,glyglycine,Di,glycine,GDCA,0.13448664546012878
A0A416W4H5,glyglycine,Di,taurine,TDCA,0.030828876420855522
A0A416W4H5,glyglycine,Tri,glycine,GCA,0.0932602733373642
A0A416W4H5,glyglycine,Tri,taurine,TCA,0.023964129388332367
A0A416W4H5,alanine,Mono,glycine,GLCA,0.2999049127101898
A0A416W4H5,alanine,Mono,taurine,TLCA,0.34017637372016907
A0A416W4H5,alanine,Di,glycine,GDCA,0.25806158781051636
A0A416W4H5,alanine,Di,taurine,TDCA,0.1539379060268402
A0A416W4H5,alanine,Tri,glycine,GCA,0.2552739381790161
A0A416W4H5,alanine,Tri,taurine,TCA,0.20218975841999054
A0A416W4H5,arginine,Mono,glycine,GLCA,0.1640552282333374
A0A416W4H5,arginine,Mono,taurine,TLCA,0.3549249768257141
A0A416W4H5,arginine,Di,glycine,GDCA,0.20811223983764648
A0A416W4H5,arginine,Di,taurine,TDCA,0.2559554874897003
A0A416W4H5,arginine,Tri,glycine,GCA,0.30613595247268677
A0A416W4H5,arginine,Tri,taurine,TCA,0.3070881962776184
A0A416W4H5,citrulline,Mono,glycine,GLCA,0.31388935446739197
A0A416W4H5,citrulline,Mono,taurine,TLCA,0.4810605049133301
A0A416W4H5,citrulline,Di,glycine,GDCA,0.2831299602985382
A0A416W4H5,citrulline,Di,taurine,TDCA,0.32192331552505493
A0A416W4H5,citrulline,Tri,glycine,GCA,0.325405478477478
A0A416W4H5,citrulline,Tri,taurine,TCA,0.3277738094329834
A0A416W4H5,glutamine,Mono,glycine,GLCA,0.3518811762332916
A0A416W4H5,glutamine,Mono,taurine,TLCA,0.54974365234375
A0A416W4H5,glutamine,Di,glycine,GDCA,0.39438995718955994
A0A416W4H5,glutamine,Di,taurine,TDCA,0.4205259084701538
A0A416W4H5,glutamine,Tri,glycine,GCA,0.3524717092514038
A0A416W4H5,glutamine,Tri,taurine,TCA,0.4115147590637207
A0A416W4H5,histidine,Mono,glycine,GLCA,0.36711570620536804
A0A416W4H5,histidine,Mono,taurine,TLCA,0.5870952606201172
A0A416W4H5,histidine,Di,glycine,GDCA,0.3635696470737457
A0A416W4H5,histidine,Di,taurine,TDCA,0.44600993394851685
A0A416W4H5,histidine,Tri,glycine,GCA,0.34538859128952026
A0A416W4H5,histidine,Tri,taurine,TCA,0.46035337448120117
A0A416W4H5,lysine,Mono,glycine,GLCA,0.18858987092971802
A0A416W4H5,lysine,Mono,taurine,TLCA,0.2601209282875061
A0A416W4H5,lysine,Di,glycine,GDCA,0.24858643114566803
A0A416W4H5,lysine,Di,taurine,TDCA,0.2150631546974182
A0A416W4H5,lysine,Tri,glycine,GCA,0.30680781602859497
A0A416W4H5,lysine,Tri,taurine,TCA,0.26615750789642334
A0A416W4H5,methionine,Mono,glycine,GLCA,0.2802857458591461
A0A416W4H5,methionine,Mono,taurine,TLCA,0.3673064708709717
A0A416W4H5,methionine,Di,glycine,GDCA,0.21104484796524048
A0A416W4H5,methionine,Di,taurine,TDCA,0.1885225772857666
A0A416W4H5,methionine,Tri,glycine,GCA,0.26672762632369995
A0A416W4H5,methionine,Tri,taurine,TCA,0.26985687017440796
A0A416W4H5,ornithine,Mono,glycine,GLCA,0.22174355387687683
A0A416W4H5,ornithine,Mono,taurine,TLCA,0.2990458011627197
A0A416W4H5,ornithine,Di,glycine,GDCA,0.24324625730514526
A0A416W4H5,ornithine,Di,taurine,TDCA,0.2094367891550064
A0A416W4H5,ornithine,Tri,glycine,GCA,0.32772040367126465
A0A416W4H5,ornithine,Tri,taurine,TCA,0.28810280561447144
A0A416W4H5,phenylalanine,Mono,glycine,GLCA,0.3769184947013855
A0A416W4H5,phenylalanine,Mono,taurine,TLCA,0.5603801608085632
A0A416W4H5,phenylalanine,Di,glycine,GDCA,0.36753007769584656
A0A416W4H5,phenylalanine,Di,taurine,TDCA,0.43271303176879883
A0A416W4H5,phenylalanine,Tri,glycine,GCA,0.34923264384269714
A0A416W4H5,phenylalanine,Tri,taurine,TCA,0.39590781927108765
A0A416W4H5,serine,Mono,glycine,GLCA,0.40235334634780884
A0A416W4H5,serine,Mono,taurine,TLCA,0.5254805088043213
A0A416W4H5,serine,Di,glycine,GDCA,0.3596120774745941
A0A416W4H5,serine,Di,taurine,TDCA,0.4285529851913452
A0A416W4H5,serine,Tri,glycine,GCA,0.3654034733772278
A0A416W4H5,serine,Tri,taurine,TCA,0.3873427212238312
A0A416W4H5,threonine,Mono,glycine,GLCA,0.3488185405731201
A0A416W4H5,threonine,Mono,taurine,TLCA,0.4550105035305023
A0A416W4H5,threonine,Di,glycine,GDCA,0.3514753580093384
A0A416W4H5,threonine,Di,taurine,TDCA,0.3859294056892395
A0A416W4H5,threonine,Tri,glycine,GCA,0.2959802448749542
A0A416W4H5,threonine,Tri,taurine,TCA,0.3326420187950134
A0A416W4H5,tryptamine,Mono,glycine,GLCA,0.08317498862743378
A0A416W4H5,tryptamine,Mono,taurine,TLCA,0.09817512333393097
A0A416W4H5,tryptamine,Di,glycine,GDCA,0.13988298177719116
A0A416W4H5,tryptamine,Di,taurine,TDCA,0.0978081077337265
A0A416W4H5,tryptamine,Tri,glycine,GCA,0.15610092878341675
A0A416W4H5,tryptamine,Tri,taurine,TCA,0.11710600554943085
A0A416W4H5,cadaverine,Mono,glycine,GLCA,0.24622580409049988
A0A416W4H5,cadaverine,Mono,taurine,TLCA,0.29145103693008423
A0A416W4H5,cadaverine,Di,glycine,GDCA,0.2585296332836151
A0A416W4H5,cadaverine,Di,taurine,TDCA,0.21619439125061035
A0A416W4H5,cadaverine,Tri,glycine,GCA,0.30723434686660767
A0A416W4H5,cadaverine,Tri,taurine,TCA,0.26750487089157104
A0A416W4H5,putrescine,Mono,glycine,GLCA,0.23119643330574036
A0A416W4H5,putrescine,Mono,taurine,TLCA,0.3776777982711792
A0A416W4H5,putrescine,Di,glycine,GDCA,0.2622290253639221
A0A416W4H5,putrescine,Di,taurine,TDCA,0.22737076878547668
A0A416W4H5,putrescine,Tri,glycine,GCA,0.27467310428619385
A0A416W4H5,putrescine,Tri,taurine,TCA,0.24630561470985413
A0A416W4H5,2_aminophenol,Mono,glycine,GLCA,0.35151389241218567
A0A416W4H5,2_aminophenol,Mono,taurine,TLCA,0.4182091951370239
A0A416W4H5,2_aminophenol,Di,glycine,GDCA,0.3630431890487671
A0A416W4H5,2_aminophenol,Di,taurine,TDCA,0.3916787803173065
A0A416W4H5,2_aminophenol,Tri,glycine,GCA,0.3585343360900879
A0A416W4H5,2_aminophenol,Tri,taurine,TCA,0.3742232322692871
A0A416W4H5,serotonin,Mono,glycine,GLCA,0.09319032728672028
A0A416W4H5,serotonin,Mono,taurine,TLCA,0.19453150033950806
A0A416W4H5,serotonin,Di,glycine,GDCA,0.1713877022266388
A0A416W4H5,serotonin,Di,taurine,TDCA,0.15532006323337555
A0A416W4H5,serotonin,Tri,glycine,GCA,0.2515478730201721
A0A416W4H5,serotonin,Tri,taurine,TCA,0.2095053791999817
A0A416W4H5,tyramine,Mono,glycine,GLCA,0.14553937315940857
A0A416W4H5,tyramine,Mono,taurine,TLCA,0.18994057178497314
A0A416W4H5,tyramine,Di,glycine,GDCA,0.16365832090377808
A0A416W4H5,tyramine,Di,taurine,TDCA,0.1068948432803154
A0A416W4H5,tyramine,Tri,glycine,GCA,0.1594529151916504
A0A416W4H5,tyramine,Tri,taurine,TCA,0.15071943402290344
A0A416W4H5,cystine,Mono,glycine,GLCA,0.19556456804275513
A0A416W4H5,cystine,Mono,taurine,TLCA,0.3275459408760071
A0A416W4H5,cystine,Di,glycine,GDCA,0.23082318902015686
A0A416W4H5,cystine,Di,taurine,TDCA,0.0933523029088974
A0A416W4H5,cystine,Tri,glycine,GCA,0.24765226244926453
A0A416W4H5,cystine,Tri,taurine,TCA,0.1765722632408142
A0A5C2BYC4,"2,3_diaminopropionic acid",Mono,glycine,GLCA,0.18090438842773438
A0A5C2BYC4,"2,3_diaminopropionic acid",Mono,taurine,TLCA,0.33734330534935
A0A5C2BYC4,"2,3_diaminopropionic acid",Di,glycine,GDCA,0.3255990743637085
A0A5C2BYC4,"2,3_diaminopropionic acid",Di,taurine,TDCA,0.3012089729309082
A0A5C2BYC4,"2,3_diaminopropionic acid",Tri,glycine,GCA,0.32155898213386536
A0A5C2BYC4,"2,3_diaminopropionic acid",Tri,taurine,TCA,0.2999759316444397
A0A5C2BYC4,3_methoxytyramine,Mono,glycine,GLCA,0.029019704088568687
A0A5C2BYC4,3_methoxytyramine,Mono,taurine,TLCA,0.099702388048172
A0A5C2BYC4,3_methoxytyramine,Di,glycine,GDCA,0.1035320907831192
A0A5C2BYC4,3_methoxytyramine,Di,taurine,TDCA,-0.0045820847153663635
A0A5C2BYC4,3_methoxytyramine,Tri,glycine,GCA,0.05726132169365883
A0A5C2BYC4,3_methoxytyramine,Tri,taurine,TCA,0.005705546587705612
A0A5C2BYC4,asparagine,Mono,glycine,GLCA,0.17645220458507538
A0A5C2BYC4,asparagine,Mono,taurine,TLCA,0.42029836773872375
A0A5C2BYC4,asparagine,Di,glycine,GDCA,0.23858314752578735
A0A5C2BYC4,asparagine,Di,taurine,TDCA,0.32538506388664246
A0A5C2BYC4,asparagine,Tri,glycine,GCA,0.24541307985782623
A0A5C2BYC4,asparagine,Tri,taurine,TCA,0.3013553023338318
A0A5C2BYC4,proline,Mono,glycine,GLCA,0.25338679552078247
A0A5C2BYC4,proline,Mono,taurine,TLCA,0.4182804822921753
A0A5C2BYC4,proline,Di,glycine,GDCA,0.21599997580051422
A0A5C2BYC4,proline,Di,taurine,TDCA,0.1910976767539978
A0A5C2BYC4,proline,Tri,glycine,GCA,0.20467349886894226
A0A5C2BYC4,proline,Tri,taurine,TCA,0.12739251554012299
A0A5C2BYC4,dopamine,Mono,glycine,GLCA,0.1199604868888855
A0A5C2BYC4,dopamine,Mono,taurine,TLCA,0.2586625814437866
A0A5C2BYC4,dopamine,Di,glycine,GDCA,0.17874470353126526
A0A5C2BYC4,dopamine,Di,taurine,TDCA,0.14799776673316956
A0A5C2BYC4,dopamine,Tri,glycine,GCA,0.1998637467622757
A0A5C2BYC4,dopamine,Tri,taurine,TCA,0.1468033790588379
A0A5C2BYC4,gaba,Mono,glycine,GLCA,0.14698563516139984
A0A5C2BYC4,gaba,Mono,taurine,TLCA,0.2172163426876068
A0A5C2BYC4,gaba,Di,glycine,GDCA,0.18817567825317383
A0A5C2BYC4,gaba,Di,taurine,TDCA,0.1536746323108673
A0A5C2BYC4,gaba,Tri,glycine,GCA,0.21391195058822632
A0A5C2BYC4,gaba,Tri,taurine,TCA,0.14483380317687988
A0A5C2BYC4,glyglycine,Mono,glycine,GLCA,0.10463587194681168
A0A5C2BYC4,glyglycine,Mono,taurine,TLCA,0.13654035329818726
A0A5C2BYC4,glyglycine,Di,glycine,GDCA,0.10384608805179596
A0A5C2BYC4,glyglycine,Di,taurine,TDCA,0.029994968324899673
A0A5C2BYC4,glyglycine,Tri,glycine,GCA,0.0637529045343399
A0A5C2BYC4,glyglycine,Tri,taurine,TCA,0.017206929624080658
A0A5C2BYC4,alanine,Mono,glycine,GLCA,0.15620145201683044
A0A5C2BYC4,alanine,Mono,taurine,TLCA,0.2515951991081238
A0A5C2BYC4,alanine,Di,glycine,GDCA,0.17345258593559265
A0A5C2BYC4,alanine,Di,taurine,TDCA,0.08896074444055557
A0A5C2BYC4,alanine,Tri,glycine,GCA,0.1420794576406479
A0A5C2BYC4,alanine,Tri,taurine,TCA,0.12436268478631973
A0A5C2BYC4,arginine,Mono,glycine,GLCA,0.1034521758556366
A0A5C2BYC4,arginine,Mono,taurine,TLCA,0.32043057680130005
A0A5C2BYC4,arginine,Di,glycine,GDCA,0.16432158648967743
A0A5C2BYC4,arginine,Di,taurine,TDCA,0.1898343861103058
A0A5C2BYC4,arginine,Tri,glycine,GCA,0.2322094440460205
A0A5C2BYC4,arginine,Tri,taurine,TCA,0.19205054640769958
A0A5C2BYC4,citrulline,Mono,glycine,GLCA,0.2374250590801239
A0A5C2BYC4,citrulline,Mono,taurine,TLCA,0.4369727671146393
A0A5C2BYC4,citrulline,Di,glycine,GDCA,0.29101860523223877
A0A5C2BYC4,citrulline,Di,taurine,TDCA,0.3475692570209503
A0A5C2BYC4,citrulline,Tri,glycine,GCA,0.2853623628616333
A0A5C2BYC4,citrulline,Tri,taurine,TCA,0.31327107548713684
A0A5C2BYC4,glutamine,Mono,glycine,GLCA,0.2176133096218109
A0A5C2BYC4,glutamine,Mono,taurine,TLCA,0.43464669585227966
A0A5C2BYC4,glutamine,Di,glycine,GDCA,0.3258737325668335
A0A5C2BYC4,glutamine,Di,taurine,TDCA,0.389262318611145
A0A5C2BYC4,glutamine,Tri,glycine,GCA,0.2655351758003235
A0A5C2BYC4,glutamine,Tri,taurine,TCA,0.29835939407348633
A0A5C2BYC4,histidine,Mono,glycine,GLCA,0.2365434169769287
A0A5C2BYC4,histidine,Mono,taurine,TLCA,0.47518664598464966
A0A5C2BYC4,histidine,Di,glycine,GDCA,0.25613370537757874
A0A5C2BYC4,histidine,Di,taurine,TDCA,0.3584668040275574
A0A5C2BYC4,histidine,Tri,glycine,GCA,0.280124306678772
A0A5C2BYC4,histidine,Tri,taurine,TCA,0.3781990110874176
A0A5C2BYC4,lysine,Mono,glycine,GLCA,0.1750841736793518
A0A5C2BYC4,lysine,Mono,taurine,TLCA,0.20935307443141937
A0A5C2BYC4,lysine,Di,glycine,GDCA,0.2204759269952774
A0A5C2BYC4,lysine,Di,taurine,TDCA,0.19675099849700928
A0A5C2BYC4,lysine,Tri,glycine,GCA,0.24758997559547424
A0A5C2BYC4,lysine,Tri,taurine,TCA,0.19624392688274384
A0A5C2BYC4,methionine,Mono,glycine,GLCA,0.12575149536132812
A0A5C2BYC4,methionine,Mono,taurine,TLCA,0.23137322068214417
A0A5C2BYC4,methionine,Di,glycine,GDCA,0.12455067038536072
A0A5C2BYC4,methionine,Di,taurine,TDCA,0.11459525674581528
A0A5C2BYC4,methionine,Tri,glycine,GCA,0.12499981373548508
A0A5C2BYC4,methionine,Tri,taurine,TCA,0.14627259969711304
A0A5C2BYC4,ornithine,Mono,glycine,GLCA,0.1684507429599762
A0A5C2BYC4,ornithine,Mono,taurine,TLCA,0.2122352123260498
A0A5C2BYC4,ornithine,Di,glycine,GDCA,0.22634011507034302
A0A5C2BYC4,ornithine,Di,taurine,TDCA,0.18742762506008148
A0A5C2BYC4,ornithine,Tri,glycine,GCA,0.2880252003669739
A0A5C2BYC4,ornithine,Tri,taurine,TCA,0.22292375564575195
A0A5C2BYC4,phenylalanine,Mono,glycine,GLCA,0.2568265497684479
A0A5C2BYC4,phenylalanine,Mono,taurine,TLCA,0.47019660472869873
A0A5C2BYC4,phenylalanine,Di,glycine,GDCA,0.3191646635532379
A0A5C2BYC4,phenylalanine,Di,taurine,TDCA,0.4055422246456146
A0A5C2BYC4,phenylalanine,Tri,glycine,GCA,0.29770222306251526
A0A5C2BYC4,phenylalanine,Tri,taurine,TCA,0.3486229479312897
A0A5C2BYC4,serine,Mono,glycine,GLCA,0.27210065722465515
A0A5C2BYC4,serine,Mono,taurine,TLCA,0.4394717216491699
A0A5C2BYC4,serine,Di,glycine,GDCA,0.29829639196395874
A0A5C2BYC4,serine,Di,taurine,TDCA,0.39157745242118835
A0A5C2BYC4,serine,Tri,glycine,GCA,0.3217383623123169
A0A5C2BYC4,serine,Tri,taurine,TCA,0.3179871737957001
A0A5C2BYC4,threonine,Mono,glycine,GLCA,0.2679896652698517
A0A5C2BYC4,threonine,Mono,taurine,TLCA,0.48784559965133667
A0A5C2BYC4,threonine,Di,glycine,GDCA,0.3849075734615326
A0A5C2BYC4,threonine,Di,taurine,TDCA,0.42829006910324097
A0A5C2BYC4,threonine,Tri,glycine,GCA,0.3186531066894531
A0A5C2BYC4,threonine,Tri,taurine,TCA,0.35438674688339233
A0A5C2BYC4,tryptamine,Mono,glycine,GLCA,0.10642816126346588
A0A5C2BYC4,tryptamine,Mono,taurine,TLCA,0.1855880469083786
A0A5C2BYC4,tryptamine,Di,glycine,GDCA,0.17985373735427856
A0A5C2BYC4,tryptamine,Di,taurine,TDCA,0.16444489359855652
A0A5C2BYC4,tryptamine,Tri,glycine,GCA,0.21259906888008118
A0A5C2BYC4,tryptamine,Tri,taurine,TCA,0.1545247733592987
A0A5C2BYC4,cadaverine,Mono,glycine,GLCA,0.17802225053310394
A0A5C2BYC4,cadaverine,Mono,taurine,TLCA,0.20012272894382477
A0A5C2BYC4,cadaverine,Di,glycine,GDCA,0.2114640474319458
A0A5C2BYC4,cadaverine,Di,taurine,TDCA,0.17128202319145203
A0A5C2BYC4,cadaverine,Tri,glycine,GCA,0.22083640098571777
A0A5C2BYC4,cadaverine,Tri,taurine,TCA,0.16575738787651062
A0A5C2BYC4,putrescine,Mono,glycine,GLCA,0.20561732351779938
A0A5C2BYC4,putrescine,Mono,taurine,TLCA,0.2699235677719116
A0A5C2BYC4,putrescine,Di,glycine,GDCA,0.23306894302368164
A0A5C2BYC4,putrescine,Di,taurine,TDCA,0.20538176596164703
A0A5C2BYC4,putrescine,Tri,glycine,GCA,0.20588579773902893
A0A5C2BYC4,putrescine,Tri,taurine,TCA,0.17015646398067474
A0A5C2BYC4,2_aminophenol,Mono,glycine,GLCA,0.22871804237365723
A0A5C2BYC4,2_aminophenol,Mono,taurine,TLCA,0.36952000856399536
A0A5C2BYC4,2_aminophenol,Di,glycine,GDCA,0.34115326404571533
A0A5C2BYC4,2_aminophenol,Di,taurine,TDCA,0.36908191442489624
A0A5C2BYC4,2_aminophenol,Tri,glycine,GCA,0.30909597873687744
A0A5C2BYC4,2_aminophenol,Tri,taurine,TCA,0.2987588047981262
A0A5C2BYC4,serotonin,Mono,glycine,GLCA,0.10887004435062408
A0A5C2BYC4,serotonin,Mono,taurine,TLCA,0.2609938383102417
A0A5C2BYC4,serotonin,Di,glycine,GDCA,0.221974715590477
A0A5C2BYC4,serotonin,Di,taurine,TDCA,0.19200345873832703
A0A5C2BYC4,serotonin,Tri,glycine,GCA,0.26997628808021545
A0A5C2BYC4,serotonin,Tri,taurine,TCA,0.2184280902147293
A0A5C2BYC4,tyramine,Mono,glycine,GLCA,0.185817688703537
A0A5C2BYC4,tyramine,Mono,taurine,TLCA,0.24044457077980042
A0A5C2BYC4,tyramine,Di,glycine,GDCA,0.24478501081466675
A0A5C2BYC4,tyramine,Di,taurine,TDCA,0.176876038312912
A0A5C2BYC4,tyramine,Tri,glycine,GCA,0.23839306831359863
A0A5C2BYC4,tyramine,Tri,taurine,TCA,0.19753466546535492
A0A5C2BYC4,cystine,Mono,glycine,GLCA,0.12559515237808228
A0A5C2BYC4,cystine,Mono,taurine,TLCA,0.3219519257545471
A0A5C2BYC4,cystine,Di,glycine,GDCA,0.18070602416992188
A0A5C2BYC4,cystine,Di,taurine,TDCA,0.10962435603141785
A0A5C2BYC4,cystine,Tri,glycine,GCA,0.21652716398239136
A0A5C2BYC4,cystine,Tri,taurine,TCA,0.1482512205839157
A0A5C2C0X5,"2,3_diaminopropionic acid",Mono,glycine,GLCA,0.2526777386665344
A0A5C2C0X5,"2,3_diaminopropionic acid",Mono,taurine,TLCA,0.39714714884757996
A0A5C2C0X5,"2,3_diaminopropionic acid",Di,glycine,GDCA,0.41878801584243774
A0A5C2C0X5,"2,3_diaminopropionic acid",Di,taurine,TDCA,0.38333582878112793
A0A5C2C0X5,"2,3_diaminopropionic acid",Tri,glycine,GCA,0.38246864080429077
A0A5C2C0X5,"2,3_diaminopropionic acid",Tri,taurine,TCA,0.35241907835006714
A0A5C2C0X5,3_methoxytyramine,Mono,glycine,GLCA,0.12450675666332245
A0A5C2C0X5,3_methoxytyramine,Mono,taurine,TLCA,0.18536783754825592
A0A5C2C0X5,3_methoxytyramine,Di,glycine,GDCA,0.19622737169265747
A0A5C2C0X5,3_methoxytyramine,Di,taurine,TDCA,0.09627312421798706
A0A5C2C0X5,3_methoxytyramine,Tri,glycine,GCA,0.14134185016155243
A0A5C2C0X5,3_methoxytyramine,Tri,taurine,TCA,0.08378226310014725
A0A5C2C0X5,asparagine,Mono,glycine,GLCA,0.22488754987716675
A0A5C2C0X5,asparagine,Mono,taurine,TLCA,0.47178488969802856
A0A5C2C0X5,asparagine,Di,glycine,GDCA,0.31132543087005615
A0A5C2C0X5,asparagine,Di,taurine,TDCA,0.3851594030857086
A0A5C2C0X5,asparagine,Tri,glycine,GCA,0.31517595052719116
A0A5C2C0X5,asparagine,Tri,taurine,TCA,0.3566758930683136
A0A5C2C0X5,proline,Mono,glycine,GLCA,0.32255983352661133
A0A5C2C0X5,proline,Mono,taurine,TLCA,0.4836634695529938
A0A5C2C0X5,proline,Di,glycine,GDCA,0.2883506119251251
A0A5C2C0X5,proline,Di,taurine,TDCA,0.27582111954689026
A0A5C2C0X5,proline,Tri,glycine,GCA,0.2837356626987457
A0A5C2C0X5,proline,Tri,taurine,TCA,0.20514392852783203
A0A5C2C0X5,dopamine,Mono,glycine,GLCA,0.20303602516651154
A0A5C2C0X5,dopamine,Mono,taurine,TLCA,0.3240833878517151
A0A5C2C0X5,dopamine,Di,glycine,GDCA,0.2712526321411133
A0A5C2C0X5,dopamine,Di,taurine,TDCA,0.2346898913383484
A0A5C2C0X5,dopamine,Tri,glycine,GCA,0.27715879678726196
A0A5C2C0X5,dopamine,Tri,taurine,TCA,0.20976713299751282
A0A5C2C0X5,gaba,Mono,glycine,GLCA,0.19575908780097961
A0A5C2C0X5,gaba,Mono,taurine,TLCA,0.2634199857711792
A0A5C2C0X5,gaba,Di,glycine,GDCA,0.2431844174861908
A0A5C2C0X5,gaba,Di,taurine,TDCA,0.2147808074951172
A0A5C2C0X5,gaba,Tri,glycine,GCA,0.26841872930526733
A0A5C2C0X5,gaba,Tri,taurine,TCA,0.20559686422348022
A0A5C2C0X5,glyglycine,Mono,glycine,GLCA,0.2022642344236374
A0A5C2C0X5,glyglycine,Mono,taurine,TLCA,0.22995179891586304
A0A5C2C0X5,glyglycine,Di,glycine,GDCA,0.2187703251838684
A0A5C2C0X5,glyglycine,Di,taurine,TDCA,0.14413703978061676
A0A5C2C0X5,glyglycine,Tri,glycine,GCA,0.17167048156261444
A0A5C2C0X5,glyglycine,Tri,taurine,TCA,0.10858365893363953
A0A5C2C0X5,alanine,Mono,glycine,GLCA,0.2234039604663849
A0A5C2C0X5,alanine,Mono,taurine,TLCA,0.31888484954833984
A0A5C2C0X5,alanine,Di,glycine,GDCA,0.27216845750808716
A0A5C2C0X5,alanine,Di,taurine,TDCA,0.20004230737686157
A0A5C2C0X5,alanine,Tri,glycine,GCA,0.23262882232666016
A0A5C2C0X5,alanine,Tri,taurine,TCA,0.20720793306827545
A0A5C2C0X5,arginine,Mono,glycine,GLCA,0.1454259753227234
A0A5C2C0X5,arginine,Mono,taurine,TLCA,0.3547179698944092
A0A5C2C0X5,arginine,Di,glycine,GDCA,0.2186550498008728
A0A5C2C0X5,arginine,Di,taurine,TDCA,0.2298707365989685
A0A5C2C0X5,arginine,Tri,glycine,GCA,0.2583538293838501
A0A5C2C0X5,arginine,Tri,taurine,TCA,0.21679449081420898
A0A5C2C0X5,citrulline,Mono,glycine,GLCA,0.31695684790611267
A0A5C2C0X5,citrulline,Mono,taurine,TLCA,0.5055868029594421
A0A5C2C0X5,citrulline,Di,glycine,GDCA,0.3693854510784149
A0A5C2C0X5,citrulline,Di,taurine,TDCA,0.4081929326057434
A0A5C2C0X5,citrulline,Tri,glycine,GCA,0.3569931089878082
A0A5C2C0X5,citrulline,Tri,taurine,TCA,0.3655857741832733
A0A5C2C0X5,glutamine,Mono,glycine,GLCA,0.2683752477169037
A0A5C2C0X5,glutamine,Mono,taurine,TLCA,0.487218976020813
A0A5C2C0X5,glutamine,Di,glycine,GDCA,0.39110344648361206
A0A5C2C0X5,glutamine,Di,taurine,TDCA,0.45185941457748413
A0A5C2C0X5,glutamine,Tri,glycine,GCA,0.3278135657310486
A0A5C2C0X5,glutamine,Tri,taurine,TCA,0.35114786028862
A0A5C2C0X5,histidine,Mono,glycine,GLCA,0.2885291576385498
A0A5C2C0X5,histidine,Mono,taurine,TLCA,0.5154596567153931
A0A5C2C0X5,histidine,Di,glycine,GDCA,0.32912126183509827
A0A5C2C0X5,histidine,Di,taurine,TDCA,0.427075058221817
A0A5C2C0X5,histidine,Tri,glycine,GCA,0.3504396975040436
A0A5C2C0X5,histidine,Tri,taurine,TCA,0.4413207173347473
A0A5C2C0X5,lysine,Mono,glycine,GLCA,0.23797796666622162
A0A5C2C0X5,lysine,Mono,taurine,TLCA,0.27437037229537964
A0A5C2C0X5,lysine,Di,glycine,GDCA,0.29557693004608154
A0A5C2C0X5,lysine,Di,taurine,TDCA,0.2578233480453491
A0A5C2C0X5,lysine,Tri,glycine,GCA,0.3070790767669678
A0A5C2C0X5,lysine,Tri,taurine,TCA,0.2466636300086975
A0A5C2C0X5,methionine,Mono,glycine,GLCA,0.1982278674840927
A0A5C2C0X5,methionine,Mono,taurine,TLCA,0.3019804358482361
A0A5C2C0X5,methionine,Di,glycine,GDCA,0.21657535433769226
A0A5C2C0X5,methionine,Di,taurine,TDCA,0.21467076241970062
A0A5C2C0X5,methionine,Tri,glycine,GCA,0.2189011424779892
A0A5C2C0X5,methionine,Tri,taurine,TCA,0.23849575221538544
A0A5C2C0X5,ornithine,Mono,glycine,GLCA,0.2266065776348114
A0A5C2C0X5,ornithine,Mono,taurine,TLCA,0.2687400281429291
A0A5C2C0X5,ornithine,Di,glycine,GDCA,0.29762694239616394
A0A5C2C0X5,ornithine,Di,taurine,TDCA,0.2541295886039734
A0A5C2C0X5,ornithine,Tri,glycine,GCA,0.33024704456329346
A0A5C2C0X5,ornithine,Tri,taurine,TCA,0.26304855942726135
A0A5C2C0X5,phenylalanine,Mono,glycine,GLCA,0.30962809920310974
A0A5C2C0X5,phenylalanine,Mono,taurine,TLCA,0.5210989713668823
A0A5C2C0X5,phenylalanine,Di,glycine,GDCA,0.39547502994537354
A0A5C2C0X5,phenylalanine,Di,taurine,TDCA,0.47347185015678406
A0A5C2C0X5,phenylalanine,Tri,glycine,GCA,0.36658260226249695
A0A5C2C0X5,phenylalanine,Tri,taurine,TCA,0.40569135546684265
A0A5C2C0X5,serine,Mono,glycine,GLCA,0.31495916843414307
A0A5C2C0X5,serine,Mono,taurine,TLCA,0.4827427566051483
A0A5C2C0X5,serine,Di,glycine,GDCA,0.3794722557067871
A0A5C2C0X5,serine,Di,taurine,TDCA,0.4615112245082855
A0A5C2C0X5,serine,Tri,glycine,GCA,0.3970157206058502
A0A5C2C0X5,serine,Tri,taurine,TCA,0.37348586320877075
A0A5C2C0X5,threonine,Mono,glycine,GLCA,0.322382390499115
A0A5C2C0X5,threonine,Mono,taurine,TLCA,0.54335618019104
A0A5C2C0X5,threonine,Di,glycine,GDCA,0.4488622546195984
A0A5C2C0X5,threonine,Di,taurine,TDCA,0.4828546941280365
A0A5C2C0X5,threonine,Tri,glycine,GCA,0.38373637199401855
A0A5C2C0X5,threonine,Tri,taurine,TCA,0.4061018228530884
A0A5C2C0X5,tryptamine,Mono,glycine,GLCA,0.2002011239528656
A0A5C2C0X5,tryptamine,Mono,taurine,TLCA,0.27386513352394104
A0A5C2C0X5,tryptamine,Di,glycine,GDCA,0.27191632986068726
A0A5C2C0X5,tryptamine,Di,taurine,TDCA,0.2575185298919678
A0A5C2C0X5,tryptamine,Tri,glycine,GCA,0.28030094504356384
A0A5C2C0X5,tryptamine,Tri,taurine,TCA,0.2193765789270401
A0A5C2C0X5,cadaverine,Mono,glycine,GLCA,0.2503068745136261
A0A5C2C0X5,cadaverine,Mono,taurine,TLCA,0.2532266676425934
A0A5C2C0X5,cadaverine,Di,glycine,GDCA,0.2909582257270813
A0A5C2C0X5,cadaverine,Di,taurine,TDCA,0.24024859070777893
A0A5C2C0X5,cadaverine,Tri,glycine,GCA,0.2763180732727051
A0A5C2C0X5,cadaverine,Tri,taurine,TCA,0.21338212490081787
A0A5C2C0X5,putrescine,Mono,glycine,GLCA,0.2705506682395935
A0A5C2C0X5,putrescine,Mono,taurine,TLCA,0.31356340646743774
A0A5C2C0X5,putrescine,Di,glycine,GDCA,0.3066926598548889
A0A5C2C0X5,putrescine,Di,taurine,TDCA,0.2630247473716736
A0A5C2C0X5,putrescine,Tri,glycine,GCA,0.25991761684417725
A0A5C2C0X5,putrescine,Tri,taurine,TCA,0.22060492634773254
A0A5C2C0X5,2_aminophenol,Mono,glycine,GLCA,0.2738388478755951
A0A5C2C0X5,2_aminophenol,Mono,taurine,TLCA,0.42980554699897766
A0A5C2C0X5,2_aminophenol,Di,glycine,GDCA,0.4202021360397339
A0A5C2C0X5,2_aminophenol,Di,taurine,TDCA,0.44786134362220764
A0A5C2C0X5,2_aminophenol,Tri,glycine,GCA,0.3638063669204712
A0A5C2C0X5,2_aminophenol,Tri,taurine,TCA,0.35368597507476807
A0A5C2C0X5,serotonin,Mono,glycine,GLCA,0.19804081320762634
A0A5C2C0X5,serotonin,Mono,taurine,TLCA,0.3344479501247406
A0A5C2C0X5,serotonin,Di,glycine,GDCA,0.30862483382225037
A0A5C2C0X5,serotonin,Di,taurine,TDCA,0.2845030725002289
A0A5C2C0X5,serotonin,Tri,glycine,GCA,0.3251979649066925
A0A5C2C0X5,serotonin,Tri,taurine,TCA,0.2765140235424042
A0A5C2C0X5,tyramine,Mono,glycine,GLCA,0.2532232999801636
A0A5C2C0X5,tyramine,Mono,taurine,TLCA,0.30120545625686646
A0A5C2C0X5,tyramine,Di,glycine,GDCA,0.3360402584075928
A0A5C2C0X5,tyramine,Di,taurine,TDCA,0.2698748707771301
A0A5C2C0X5,tyramine,Tri,glycine,GCA,0.30280643701553345
A0A5C2C0X5,tyramine,Tri,taurine,TCA,0.25132691860198975
A0A5C2C0X5,cystine,Mono,glycine,GLCA,0.18662697076797485
A0A5C2C0X5,cystine,Mono,taurine,TLCA,0.36751821637153625
A0A5C2C0X5,cystine,Di,glycine,GDCA,0.2530137896537781
A0A5C2C0X5,cystine,Di,taurine,TDCA,0.18441042304039001
A0A5C2C0X5,cystine,Tri,glycine,GCA,0.26320913434028625
A0A5C2C0X5,cystine,Tri,taurine,TCA,0.19790658354759216
A0A5C2C1U8,"2,3_diaminopropionic acid",Mono,glycine,GLCA,0.3201722502708435
A0A5C2C1U8,"2,3_diaminopropionic acid",Mono,taurine,TLCA,0.4517213702201843
A0A5C2C1U8,"2,3_diaminopropionic acid",Di,glycine,GDCA,0.39994287490844727
A0A5C2C1U8,"2,3_diaminopropionic acid",Di,taurine,TDCA,0.37356841564178467
A0A5C2C1U8,"2,3_diaminopropionic acid",Tri,glycine,GCA,0.3863803446292877
A0A5C2C1U8,"2,3_diaminopropionic acid",Tri,taurine,TCA,0.358458936214447
A0A5C2C1U8,3_methoxytyramine,Mono,glycine,GLCA,0.15244466066360474
A0A5C2C1U8,3_methoxytyramine,Mono,taurine,TLCA,0.2081148624420166
A0A5C2C1U8,3_methoxytyramine,Di,glycine,GDCA,0.16593170166015625
A0A5C2C1U8,3_methoxytyramine,Di,taurine,TDCA,0.0608331635594368
A0A5C2C1U8,3_methoxytyramine,Tri,glycine,GCA,0.11576071381568909
A0A5C2C1U8,3_methoxytyramine,Tri,taurine,TCA,0.08095549046993256
A0A5C2C1U8,asparagine,Mono,glycine,GLCA,0.3199261426925659
A0A5C2C1U8,asparagine,Mono,taurine,TLCA,0.5444020628929138
A0A5C2C1U8,asparagine,Di,glycine,GDCA,0.3409747779369354
A0A5C2C1U8,asparagine,Di,taurine,TDCA,0.41578978300094604
A0A5C2C1U8,asparagine,Tri,glycine,GCA,0.3458380699157715
A0A5C2C1U8,asparagine,Tri,taurine,TCA,0.4022448658943176
A0A5C2C1U8,proline,Mono,glycine,GLCA,0.38554269075393677
A0A5C2C1U8,proline,Mono,taurine,TLCA,0.5269398093223572
A0A5C2C1U8,proline,Di,glycine,GDCA,0.2941884696483612
A0A5C2C1U8,proline,Di,taurine,TDCA,0.2702391445636749
A0A5C2C1U8,proline,Tri,glycine,GCA,0.29966819286346436
A0A5C2C1U8,proline,Tri,taurine,TCA,0.24031664431095123
A0A5C2C1U8,dopamine,Mono,glycine,GLCA,0.2391698658466339
A0A5C2C1U8,dopamine,Mono,taurine,TLCA,0.36369025707244873
A0A5C2C1U8,dopamine,Di,glycine,GDCA,0.26502296328544617
A0A5C2C1U8,dopamine,Di,taurine,TDCA,0.22916051745414734
A0A5C2C1U8,dopamine,Tri,glycine,GCA,0.2476591318845749
A0A5C2C1U8,dopamine,Tri,taurine,TCA,0.20234620571136475
A0A5C2C1U8,gaba,Mono,glycine,GLCA,0.28800296783447266
A0A5C2C1U8,gaba,Mono,taurine,TLCA,0.3561690151691437
A0A5C2C1U8,gaba,Di,glycine,GDCA,0.27601680159568787
A0A5C2C1U8,gaba,Di,taurine,TDCA,0.2420588731765747
A0A5C2C1U8,gaba,Tri,glycine,GCA,0.29352593421936035
A0A5C2C1U8,gaba,Tri,taurine,TCA,0.23704110085964203
A0A5C2C1U8,glyglycine,Mono,glycine,GLCA,0.2713603377342224
A0A5C2C1U8,glyglycine,Mono,taurine,TLCA,0.2718856930732727
A0A5C2C1U8,glyglycine,Di,glycine,GDCA,0.23089316487312317
A0A5C2C1U8,glyglycine,Di,taurine,TDCA,0.13698187470436096
A0A5C2C1U8,glyglycine,Tri,glycine,GCA,0.16389942169189453
A0A5C2C1U8,glyglycine,Tri,taurine,TCA,0.10506842285394669
A0A5C2C1U8,alanine,Mono,glycine,GLCA,0.3072783052921295
A0A5C2C1U8,alanine,Mono,taurine,TLCA,0.3894716501235962
A0A5C2C1U8,alanine,Di,glycine,GDCA,0.280036985874176
A0A5C2C1U8,alanine,Di,taurine,TDCA,0.20502911508083344
A0A5C2C1U8,alanine,Tri,glycine,GCA,0.24562206864356995
A0A5C2C1U8,alanine,Tri,taurine,TCA,0.23739254474639893
A0A5C2C1U8,arginine,Mono,glycine,GLCA,0.22988426685333252
A0A5C2C1U8,arginine,Mono,taurine,TLCA,0.431326299905777
A0A5C2C1U8,arginine,Di,glycine,GDCA,0.2514442801475525
A0A5C2C1U8,arginine,Di,taurine,TDCA,0.2648765742778778
A0A5C2C1U8,arginine,Tri,glycine,GCA,0.3027173578739166
A0A5C2C1U8,arginine,Tri,taurine,TCA,0.2767429053783417
A0A5C2C1U8,citrulline,Mono,glycine,GLCA,0.36936795711517334
A0A5C2C1U8,citrulline,Mono,taurine,TLCA,0.5347153544425964
A0A5C2C1U8,citrulline,Di,glycine,GDCA,0.35309144854545593
A0A5C2C1U8,citrulline,Di,taurine,TDCA,0.3880789279937744
A0A5C2C1U8,citrulline,Tri,glycine,GCA,0.3496277630329132
A0A5C2C1U8,citrulline,Tri,taurine,TCA,0.36745303869247437
A0A5C2C1U8,glutamine,Mono,glycine,GLCA,0.35874754190444946
A0A5C2C1U8,glutamine,Mono,taurine,TLCA,0.5562897324562073
A0A5C2C1U8,glutamine,Di,glycine,GDCA,0.4156531095504761
A0A5C2C1U8,glutamine,Di,taurine,TDCA,0.4723000228404999
A0A5C2C1U8,glutamine,Tri,glycine,GCA,0.35315176844596863
A0A5C2C1U8,glutamine,Tri,taurine,TCA,0.4042004942893982
A0A5C2C1U8,histidine,Mono,glycine,GLCA,0.3570603132247925
A0A5C2C1U8,histidine,Mono,taurine,TLCA,0.5927839279174805
A0A5C2C1U8,histidine,Di,glycine,GDCA,0.35344696044921875
A0A5C2C1U8,histidine,Di,taurine,TDCA,0.44559964537620544
A0A5C2C1U8,histidine,Tri,glycine,GCA,0.36037448048591614
A0A5C2C1U8,histidine,Tri,taurine,TCA,0.4756009578704834
A0A5C2C1U8,lysine,Mono,glycine,GLCA,0.3076358139514923
A0A5C2C1U8,lysine,Mono,taurine,TLCA,0.34083396196365356
A0A5C2C1U8,lysine,Di,glycine,GDCA,0.3187362551689148
A0A5C2C1U8,lysine,Di,taurine,TDCA,0.29450368881225586
A0A5C2C1U8,lysine,Tri,glycine,GCA,0.33426570892333984
A0A5C2C1U8,lysine,Tri,taurine,TCA,0.2951241135597229
A0A5C2C1U8,methionine,Mono,glycine,GLCA,0.28492826223373413
A0A5C2C1U8,methionine,Mono,taurine,TLCA,0.3675476312637329
A0A5C2C1U8,methionine,Di,glycine,GDCA,0.2267819046974182
A0A5C2C1U8,methionine,Di,taurine,TDCA,0.21869699656963348
A0A5C2C1U8,methionine,Tri,glycine,GCA,0.22096961736679077
A0A5C2C1U8,methionine,Tri,taurine,TCA,0.2605774998664856
A0A5C2C1U8,ornithine,Mono,glycine,GLCA,0.30779194831848145
A0A5C2C1U8,ornithine,Mono,taurine,TLCA,0.33172738552093506
A0A5C2C1U8,ornithine,Di,glycine,GDCA,0.3039414882659912
A0A5C2C1U8,ornithine,Di,taurine,TDCA,0.27681928873062134
A0A5C2C1U8,ornithine,Tri,glycine,GCA,0.3575531840324402
A0A5C2C1U8,ornithine,Tri,taurine,TCA,0.30013006925582886
A0A5C2C1U8,phenylalanine,Mono,glycine,GLCA,0.386147677898407
A0A5C2C1U8,phenylalanine,Mono,taurine,TLCA,0.591914176940918
A0A5C2C1U8,phenylalanine,Di,glycine,GDCA,0.42071253061294556
A0A5C2C1U8,phenylalanine,Di,taurine,TDCA,0.49523627758026123
A0A5C2C1U8,phenylalanine,Tri,glycine,GCA,0.3837865889072418
A0A5C2C1U8,phenylalanine,Tri,taurine,TCA,0.42992404103279114
A0A5C2C1U8,serine,Mono,glycine,GLCA,0.41422876715660095
A0A5C2C1U8,serine,Mono,taurine,TLCA,0.5562621355056763
A0A5C2C1U8,serine,Di,glycine,GDCA,0.3849335014820099
A0A5C2C1U8,serine,Di,taurine,TDCA,0.4712359309196472
A0A5C2C1U8,serine,Tri,glycine,GCA,0.40967682003974915
A0A5C2C1U8,serine,Tri,taurine,TCA,0.41315221786499023
A0A5C2C1U8,threonine,Mono,glycine,GLCA,0.38857340812683105
A0A5C2C1U8,threonine,Mono,taurine,TLCA,0.5633075833320618
A0A5C2C1U8,threonine,Di,glycine,GDCA,0.4190385341644287
A0A5C2C1U8,threonine,Di,taurine,TDCA,0.46088850498199463
A0A5C2C1U8,threonine,Tri,glycine,GCA,0.3608245253562927
A0A5C2C1U8,threonine,Tri,taurine,TCA,0.39470356702804565
A0A5C2C1U8,tryptamine,Mono,glycine,GLCA,0.23111765086650848
A0A5C2C1U8,tryptamine,Mono,taurine,TLCA,0.27631545066833496
A0A5C2C1U8,tryptamine,Di,glycine,GDCA,0.26019546389579773
A0A5C2C1U8,tryptamine,Di,taurine,TDCA,0.24552102386951447
A0A5C2C1U8,tryptamine,Tri,glycine,GCA,0.2535485029220581
A0A5C2C1U8,tryptamine,Tri,taurine,TCA,0.20975305140018463
A0A5C2C1U8,cadaverine,Mono,glycine,GLCA,0.3229040801525116
A0A5C2C1U8,cadaverine,Mono,taurine,TLCA,0.3387705087661743
A0A5C2C1U8,cadaverine,Di,glycine,GDCA,0.31340640783309937
A0A5C2C1U8,cadaverine,Di,taurine,TDCA,0.2700441777706146
A0A5C2C1U8,cadaverine,Tri,glycine,GCA,0.3116072118282318
A0A5C2C1U8,cadaverine,Tri,taurine,TCA,0.2605813443660736
A0A5C2C1U8,putrescine,Mono,glycine,GLCA,0.3363429605960846
A0A5C2C1U8,putrescine,Mono,taurine,TLCA,0.4005216956138611
A0A5C2C1U8,putrescine,Di,glycine,GDCA,0.32212966680526733
A0A5C2C1U8,putrescine,Di,taurine,TDCA,0.2868539094924927
A0A5C2C1U8,putrescine,Tri,glycine,GCA,0.2887977957725525
A0A5C2C1U8,putrescine,Tri,taurine,TCA,0.25513964891433716
A0A5C2C1U8,2_aminophenol,Mono,glycine,GLCA,0.3576948642730713
A0A5C2C1U8,2_aminophenol,Mono,taurine,TLCA,0.47323715686798096
A0A5C2C1U8,2_aminophenol,Di,glycine,GDCA,0.4282571077346802
A0A5C2C1U8,2_aminophenol,Di,taurine,TDCA,0.44756385684013367
A0A5C2C1U8,2_aminophenol,Tri,glycine,GCA,0.3887470066547394
A0A5C2C1U8,2_aminophenol,Tri,taurine,TCA,0.390566349029541
A0A5C2C1U8,serotonin,Mono,glycine,GLCA,0.23261883854866028
A0A5C2C1U8,serotonin,Mono,taurine,TLCA,0.3665693402290344
A0A5C2C1U8,serotonin,Di,glycine,GDCA,0.3192635178565979
A0A5C2C1U8,serotonin,Di,taurine,TDCA,0.2924270033836365
A0A5C2C1U8,serotonin,Tri,glycine,GCA,0.3312353491783142
A0A5C2C1U8,serotonin,Tri,taurine,TCA,0.29313206672668457
A0A5C2C1U8,tyramine,Mono,glycine,GLCA,0.29453977942466736
A0A5C2C1U8,tyramine,Mono,taurine,TLCA,0.34756770730018616
A0A5C2C1U8,tyramine,Di,glycine,GDCA,0.3219568431377411
A0A5C2C1U8,tyramine,Di,taurine,TDCA,0.26067379117012024
A0A5C2C1U8,tyramine,Tri,glycine,GCA,0.28485238552093506
A0A5C2C1U8,tyramine,Tri,taurine,TCA,0.2572675347328186
A0A5C2C1U8,cystine,Mono,glycine,GLCA,0.27017179131507874
A0A5C2C1U8,cystine,Mono,taurine,TLCA,0.43702536821365356
A0A5C2C1U8,cystine,Di,glycine,GDCA,0.2673990726470947
A0A5C2C1U8,cystine,Di,taurine,TDCA,0.18981999158859253
A0A5C2C1U8,cystine,Tri,glycine,GCA,0.2856764793395996
A0A5C2C1U8,cystine,Tri,taurine,TCA,0.22931933403015137
A0A6B3M9R4,"2,3_diaminopropionic acid",Mono,glycine,GLCA,0.36371496319770813
A0A6B3M9R4,"2,3_diaminopropionic acid",Mono,taurine,TLCA,0.4759747385978699
A0A6B3M9R4,"2,3_diaminopropionic acid",Di,glycine,GDCA,0.3779084384441376
A0A6B3M9R4,"2,3_diaminopropionic acid",Di,taurine,TDCA,0.3703688383102417
A0A6B3M9R4,"2,3_diaminopropionic acid",Tri,glycine,GCA,0.3470022976398468
A0A6B3M9R4,"2,3_diaminopropionic acid",Tri,taurine,TCA,0.31432777643203735
A0A6B3M9R4,3_methoxytyramine,Mono,glycine,GLCA,0.12210574746131897
A0A6B3M9R4,3_methoxytyramine,Mono,taurine,TLCA,0.14933140575885773
A0A6B3M9R4,3_methoxytyramine,Di,glycine,GDCA,0.10388773679733276
A0A6B3M9R4,3_methoxytyramine,Di,taurine,TDCA,0.009904801845550537
A0A6B3M9R4,3_methoxytyramine,Tri,glycine,GCA,0.07480020821094513
A0A6B3M9R4,3_methoxytyramine,Tri,taurine,TCA,0.0474458672106266
A0A6B3M9R4,asparagine,Mono,glycine,GLCA,0.34406107664108276
A0A6B3M9R4,asparagine,Mono,taurine,TLCA,0.545002818107605
A0A6B3M9R4,asparagine,Di,glycine,GDCA,0.3181377649307251
A0A6B3M9R4,asparagine,Di,taurine,TDCA,0.38938575983047485
A0A6B3M9R4,asparagine,Tri,glycine,GCA,0.30337363481521606
A0A6B3M9R4,asparagine,Tri,taurine,TCA,0.35175710916519165
A0A6B3M9R4,proline,Mono,glycine,GLCA,0.3907536566257477
A0A6B3M9R4,proline,Mono,taurine,TLCA,0.5362480878829956
A0A6B3M9R4,proline,Di,glycine,GDCA,0.24496784806251526
A0A6B3M9R4,proline,Di,taurine,TDCA,0.24944040179252625
A0A6B3M9R4,proline,Tri,glycine,GCA,0.2814788222312927
A0A6B3M9R4,proline,Tri,taurine,TCA,0.25430870056152344
A0A6B3M9R4,dopamine,Mono,glycine,GLCA,0.20237374305725098
A0A6B3M9R4,dopamine,Mono,taurine,TLCA,0.294864684343338
A0A6B3M9R4,dopamine,Di,glycine,GDCA,0.19904720783233643
A0A6B3M9R4,dopamine,Di,taurine,TDCA,0.17537346482276917
A0A6B3M9R4,dopamine,Tri,glycine,GCA,0.1643514633178711
A0A6B3M9R4,dopamine,Tri,taurine,TCA,0.13025765120983124
A0A6B3M9R4,gaba,Mono,glycine,GLCA,0.30013519525527954
A0A6B3M9R4,gaba,Mono,taurine,TLCA,0.37011224031448364
A0A6B3M9R4,gaba,Di,glycine,GDCA,0.23975156247615814
A0A6B3M9R4,gaba,Di,taurine,TDCA,0.22645093500614166
A0A6B3M9R4,gaba,Tri,glycine,GCA,0.24780507385730743
A0A6B3M9R4,gaba,Tri,taurine,TCA,0.21895381808280945
A0A6B3M9R4,glyglycine,Mono,glycine,GLCA,0.2952233552932739
A0A6B3M9R4,glyglycine,Mono,taurine,TLCA,0.29221370816230774
A0A6B3M9R4,glyglycine,Di,glycine,GDCA,0.22337622940540314
A0A6B3M9R4,glyglycine,Di,taurine,TDCA,0.1544487476348877
A0A6B3M9R4,glyglycine,Tri,glycine,GCA,0.1172393411397934
A0A6B3M9R4,glyglycine,Tri,taurine,TCA,0.07927291840314865
A0A6B3M9R4,alanine,Mono,glycine,GLCA,0.3450045585632324
A0A6B3M9R4,alanine,Mono,taurine,TLCA,0.4358062446117401
A0A6B3M9R4,alanine,Di,glycine,GDCA,0.31227847933769226
A0A6B3M9R4,alanine,Di,taurine,TDCA,0.2474803328514099
A0A6B3M9R4,alanine,Tri,glycine,GCA,0.2712438106536865
A0A6B3M9R4,alanine,Tri,taurine,TCA,0.24724483489990234
A0A6B3M9R4,arginine,Mono,glycine,GLCA,0.2693665623664856
A0A6B3M9R4,arginine,Mono,taurine,TLCA,0.4517558813095093
A0A6B3M9R4,arginine,Di,glycine,GDCA,0.2678545415401459
A0A6B3M9R4,arginine,Di,taurine,TDCA,0.30555224418640137
A0A6B3M9R4,arginine,Tri,glycine,GCA,0.33047372102737427
A0A6B3M9R4,arginine,Tri,taurine,TCA,0.31000304222106934
A0A6B3M9R4,citrulline,Mono,glycine,GLCA,0.39216047525405884
A0A6B3M9R4,citrulline,Mono,taurine,TLCA,0.5775733590126038
A0A6B3M9R4,citrulline,Di,glycine,GDCA,0.3251625895500183
A0A6B3M9R4,citrulline,Di,taurine,TDCA,0.3922755718231201
A0A6B3M9R4,citrulline,Tri,glycine,GCA,0.33056360483169556
A0A6B3M9R4,citrulline,Tri,taurine,TCA,0.358137309551239
A0A6B3M9R4,glutamine,Mono,glycine,GLCA,0.3813078701496124
A0A6B3M9R4,glutamine,Mono,taurine,TLCA,0.5763492584228516
A0A6B3M9R4,glutamine,Di,glycine,GDCA,0.38864606618881226
A0A6B3M9R4,glutamine,Di,taurine,TDCA,0.4539271295070648
A0A6B3M9R4,glutamine,Tri,glycine,GCA,0.30317455530166626
A0A6B3M9R4,glutamine,Tri,taurine,TCA,0.38098084926605225
A0A6B3M9R4,histidine,Mono,glycine,GLCA,0.3705347776412964
A0A6B3M9R4,histidine,Mono,taurine,TLCA,0.6075782775878906
A0A6B3M9R4,histidine,Di,glycine,GDCA,0.3500884473323822
A0A6B3M9R4,histidine,Di,taurine,TDCA,0.44877615571022034
A0A6B3M9R4,histidine,Tri,glycine,GCA,0.31175097823143005
A0A6B3M9R4,histidine,Tri,taurine,TCA,0.43382546305656433
A0A6B3M9R4,lysine,Mono,glycine,GLCA,0.30824071168899536
A0A6B3M9R4,lysine,Mono,taurine,TLCA,0.3673010468482971
A0A6B3M9R4,lysine,Di,glycine,GDCA,0.2918865978717804
A0A6B3M9R4,lysine,Di,taurine,TDCA,0.28589707612991333
A0A6B3M9R4,lysine,Tri,glycine,GCA,0.30771100521087646
A0A6B3M9R4,lysine,Tri,taurine,TCA,0.28711992502212524
A0A6B3M9R4,methionine,Mono,glycine,GLCA,0.3137577772140503
A0A6B3M9R4,methionine,Mono,taurine,TLCA,0.4159442186355591
A0A6B3M9R4,methionine,Di,glycine,GDCA,0.2314911186695099
A0A6B3M9R4,methionine,Di,taurine,TDCA,0.23835709691047668
A0A6B3M9R4,methionine,Tri,glycine,GCA,0.2296910583972931
A0A6B3M9R4,methionine,Tri,taurine,TCA,0.2624729871749878
A0A6B3M9R4,ornithine,Mono,glycine,GLCA,0.30362582206726074
A0A6B3M9R4,ornithine,Mono,taurine,TLCA,0.36330726742744446
A0A6B3M9R4,ornithine,Di,glycine,GDCA,0.28166311979293823
A0A6B3M9R4,ornithine,Di,taurine,TDCA,0.2776457965373993
A0A6B3M9R4,ornithine,Tri,glycine,GCA,0.3154284358024597
A0A6B3M9R4,ornithine,Tri,taurine,TCA,0.2790367007255554
A0A6B3M9R4,phenylalanine,Mono,glycine,GLCA,0.3985021710395813
A0A6B3M9R4,phenylalanine,Mono,taurine,TLCA,0.5902979969978333
A0A6B3M9R4,phenylalanine,Di,glycine,GDCA,0.3810267448425293
A0A6B3M9R4,phenylalanine,Di,taurine,TDCA,0.451568603515625
A0A6B3M9R4,phenylalanine,Tri,glycine,GCA,0.33016151189804077
A0A6B3M9R4,phenylalanine,Tri,taurine,TCA,0.3890131115913391
A0A6B3M9R4,serine,Mono,glycine,GLCA,0.4394373595714569
A0A6B3M9R4,serine,Mono,taurine,TLCA,0.570376992225647
A0A6B3M9R4,serine,Di,glycine,GDCA,0.35195040702819824
A0A6B3M9R4,serine,Di,taurine,TDCA,0.4566320776939392
A0A6B3M9R4,serine,Tri,glycine,GCA,0.3457005023956299
A0A6B3M9R4,serine,Tri,taurine,TCA,0.3769644498825073
A0A6B3M9R4,threonine,Mono,glycine,GLCA,0.4007352590560913
A0A6B3M9R4,threonine,Mono,taurine,TLCA,0.5332422256469727
A0A6B3M9R4,threonine,Di,glycine,GDCA,0.3844749927520752
A0A6B3M9R4,threonine,Di,taurine,TDCA,0.4516258239746094
A0A6B3M9R4,threonine,Tri,glycine,GCA,0.29472029209136963
A0A6B3M9R4,threonine,Tri,taurine,TCA,0.35064536333084106
A0A6B3M9R4,tryptamine,Mono,glycine,GLCA,0.22841927409172058
A0A6B3M9R4,tryptamine,Mono,taurine,TLCA,0.20582345128059387
A0A6B3M9R4,tryptamine,Di,glycine,GDCA,0.20152780413627625
A0A6B3M9R4,tryptamine,Di,taurine,TDCA,0.1952875256538391
A0A6B3M9R4,tryptamine,Tri,glycine,GCA,0.19463956356048584
A0A6B3M9R4,tryptamine,Tri,taurine,TCA,0.15014882385730743
A0A6B3M9R4,cadaverine,Mono,glycine,GLCA,0.35188019275665283
A0A6B3M9R4,cadaverine,Mono,taurine,TLCA,0.3842357397079468
A0A6B3M9R4,cadaverine,Di,glycine,GDCA,0.28332579135894775
A0A6B3M9R4,cadaverine,Di,taurine,TDCA,0.27488601207733154
A0A6B3M9R4,cadaverine,Tri,glycine,GCA,0.27833399176597595
A0A6B3M9R4,cadaverine,Tri,taurine,TCA,0.26514682173728943
A0A6B3M9R4,putrescine,Mono,glycine,GLCA,0.3323488235473633
A0A6B3M9R4,putrescine,Mono,taurine,TLCA,0.43696683645248413
A0A6B3M9R4,putrescine,Di,glycine,GDCA,0.26588690280914307
A0A6B3M9R4,putrescine,Di,taurine,TDCA,0.2679942548274994
A0A6B3M9R4,putrescine,Tri,glycine,GCA,0.23072636127471924
A0A6B3M9R4,putrescine,Tri,taurine,TCA,0.23380687832832336
A0A6B3M9R4,2_aminophenol,Mono,glycine,GLCA,0.38810044527053833
A0A6B3M9R4,2_aminophenol,Mono,taurine,TLCA,0.490491658449173
A0A6B3M9R4,2_aminophenol,Di,glycine,GDCA,0.37422364950180054
A0A6B3M9R4,2_aminophenol,Di,taurine,TDCA,0.4498516619205475
A0A6B3M9R4,2_aminophenol,Tri,glycine,GCA,0.31860601902008057
A0A6B3M9R4,2_aminophenol,Tri,taurine,TCA,0.3657068908214569
A0A6B3M9R4,serotonin,Mono,glycine,GLCA,0.21901193261146545
A0A6B3M9R4,serotonin,Mono,taurine,TLCA,0.3127813935279846
A0A6B3M9R4,serotonin,Di,glycine,GDCA,0.2508538067340851
A0A6B3M9R4,serotonin,Di,taurine,TDCA,0.2624656856060028
A0A6B3M9R4,serotonin,Tri,glycine,GCA,0.26668083667755127
A0A6B3M9R4,serotonin,Tri,taurine,TCA,0.2388293743133545
A0A6B3M9R4,tyramine,Mono,glycine,GLCA,0.24124380946159363
A0A6B3M9R4,tyramine,Mono,taurine,TLCA,0.28421464562416077
A0A6B3M9R4,tyramine,Di,glycine,GDCA,0.23891691863536835
A0A6B3M9R4,tyramine,Di,taurine,TDCA,0.20419108867645264
A0A6B3M9R4,tyramine,Tri,glycine,GCA,0.19493228197097778
A0A6B3M9R4,tyramine,Tri,taurine,TCA,0.1806599199771881
A0A6B3M9R4,cystine,Mono,glycine,GLCA,0.2811359763145447
A0A6B3M9R4,cystine,Mono,taurine,TLCA,0.4154685139656067
A0A6B3M9R4,cystine,Di,glycine,GDCA,0.26048409938812256
A0A6B3M9R4,cystine,Di,taurine,TDCA,0.17887428402900696
A0A6B3M9R4,cystine,Tri,glycine,GCA,0.24505817890167236
A0A6B3M9R4,cystine,Tri,taurine,TCA,0.1943669319152832
A0A6B3MYR8,"2,3_diaminopropionic acid",Mono,glycine,GLCA,0.2203291356563568
A0A6B3MYR8,"2,3_diaminopropionic acid",Mono,taurine,TLCA,0.37031450867652893
A0A6B3MYR8,"2,3_diaminopropionic acid",Di,glycine,GDCA,0.31583738327026367
A0A6B3MYR8,"2,3_diaminopropionic acid",Di,taurine,TDCA,0.29592347145080566
A0A6B3MYR8,"2,3_diaminopropionic acid",Tri,glycine,GCA,0.33378535509109497
A0A6B3MYR8,"2,3_diaminopropionic acid",Tri,taurine,TCA,0.2775028944015503
A0A6B3MYR8,3_methoxytyramine,Mono,glycine,GLCA,0.07334575802087784
A0A6B3MYR8,3_methoxytyramine,Mono,taurine,TLCA,0.1282825469970703
A0A6B3MYR8,3_methoxytyramine,Di,glycine,GDCA,0.19447940587997437
A0A6B3MYR8,3_methoxytyramine,Di,taurine,TDCA,0.08856691420078278
A0A6B3MYR8,3_methoxytyramine,Tri,glycine,GCA,0.1205858439207077
A0A6B3MYR8,3_methoxytyramine,Tri,taurine,TCA,0.0814719945192337
A0A6B3MYR8,asparagine,Mono,glycine,GLCA,0.2414093166589737
A0A6B3MYR8,asparagine,Mono,taurine,TLCA,0.4886637032032013
A0A6B3MYR8,asparagine,Di,glycine,GDCA,0.2925024628639221
A0A6B3MYR8,asparagine,Di,taurine,TDCA,0.3727303445339203
A0A6B3MYR8,asparagine,Tri,glycine,GCA,0.3204907774925232
A0A6B3MYR8,asparagine,Tri,taurine,TCA,0.35706883668899536
A0A6B3MYR8,proline,Mono,glycine,GLCA,0.2987573444843292
A0A6B3MYR8,proline,Mono,taurine,TLCA,0.442724347114563
A0A6B3MYR8,proline,Di,glycine,GDCA,0.2233557254076004
A0A6B3MYR8,proline,Di,taurine,TDCA,0.1870088279247284
A0A6B3MYR8,proline,Tri,glycine,GCA,0.25324177742004395
A0A6B3MYR8,proline,Tri,taurine,TCA,0.1943606436252594
A0A6B3MYR8,dopamine,Mono,glycine,GLCA,0.1356208324432373
A0A6B3MYR8,dopamine,Mono,taurine,TLCA,0.25276362895965576
A0A6B3MYR8,dopamine,Di,glycine,GDCA,0.19059652090072632
A0A6B3MYR8,dopamine,Di,taurine,TDCA,0.14817026257514954
A0A6B3MYR8,dopamine,Tri,glycine,GCA,0.18281209468841553
A0A6B3MYR8,dopamine,Tri,taurine,TCA,0.13432559370994568
A0A6B3MYR8,gaba,Mono,glycine,GLCA,0.17492026090621948
A0A6B3MYR8,gaba,Mono,taurine,TLCA,0.2803739905357361
A0A6B3MYR8,gaba,Di,glycine,GDCA,0.20943346619606018
A0A6B3MYR8,gaba,Di,taurine,TDCA,0.1602817177772522
A0A6B3MYR8,gaba,Tri,glycine,GCA,0.2231215089559555
A0A6B3MYR8,gaba,Tri,taurine,TCA,0.16235990822315216
A0A6B3MYR8,glyglycine,Mono,glycine,GLCA,0.19424301385879517
A0A6B3MYR8,glyglycine,Mono,taurine,TLCA,0.2012765109539032
A0A6B3MYR8,glyglycine,Di,glycine,GDCA,0.18660691380500793
A0A6B3MYR8,glyglycine,Di,taurine,TDCA,0.12865789234638214
A0A6B3MYR8,glyglycine,Tri,glycine,GCA,0.11387908458709717
A0A6B3MYR8,glyglycine,Tri,taurine,TCA,0.05633702129125595
A0A6B3MYR8,alanine,Mono,glycine,GLCA,0.22911803424358368
A0A6B3MYR8,alanine,Mono,taurine,TLCA,0.31386688351631165
A0A6B3MYR8,alanine,Di,glycine,GDCA,0.21092262864112854
A0A6B3MYR8,alanine,Di,taurine,TDCA,0.1638634204864502
A0A6B3MYR8,alanine,Tri,glycine,GCA,0.2079908549785614
A0A6B3MYR8,alanine,Tri,taurine,TCA,0.18892066180706024
A0A6B3MYR8,arginine,Mono,glycine,GLCA,0.1382962167263031
A0A6B3MYR8,arginine,Mono,taurine,TLCA,0.33680862188339233
A0A6B3MYR8,arginine,Di,glycine,GDCA,0.1759875863790512
A0A6B3MYR8,arginine,Di,taurine,TDCA,0.2271343320608139
A0A6B3MYR8,arginine,Tri,glycine,GCA,0.23553374409675598
A0A6B3MYR8,arginine,Tri,taurine,TCA,0.20988373458385468
A0A6B3MYR8,citrulline,Mono,glycine,GLCA,0.2704034745693207
A0A6B3MYR8,citrulline,Mono,taurine,TLCA,0.45665493607521057
A0A6B3MYR8,citrulline,Di,glycine,GDCA,0.24856598675251007
A0A6B3MYR8,citrulline,Di,taurine,TDCA,0.29141679406166077
A0A6B3MYR8,citrulline,Tri,glycine,GCA,0.26250967383384705
A0A6B3MYR8,citrulline,Tri,taurine,TCA,0.26041242480278015
A0A6B3MYR8,glutamine,Mono,glycine,GLCA,0.25153014063835144
A0A6B3MYR8,glutamine,Mono,taurine,TLCA,0.48937052488327026
A0A6B3MYR8,glutamine,Di,glycine,GDCA,0.34107252955436707
A0A6B3MYR8,glutamine,Di,taurine,TDCA,0.3933244049549103
A0A6B3MYR8,glutamine,Tri,glycine,GCA,0.30007827281951904
A0A6B3MYR8,glutamine,Tri,taurine,TCA,0.346962571144104
A0A6B3MYR8,histidine,Mono,glycine,GLCA,0.27543991804122925
A0A6B3MYR8,histidine,Mono,taurine,TLCA,0.5395647287368774
A0A6B3MYR8,histidine,Di,glycine,GDCA,0.3224887251853943
A0A6B3MYR8,histidine,Di,taurine,TDCA,0.4092848598957062
A0A6B3MYR8,histidine,Tri,glycine,GCA,0.29822391271591187
A0A6B3MYR8,histidine,Tri,taurine,TCA,0.41133421659469604
A0A6B3MYR8,lysine,Mono,glycine,GLCA,0.1924629956483841
A0A6B3MYR8,lysine,Mono,taurine,TLCA,0.2625386118888855
A0A6B3MYR8,lysine,Di,glycine,GDCA,0.24483448266983032
A0A6B3MYR8,lysine,Di,taurine,TDCA,0.22397682070732117
A0A6B3MYR8,lysine,Tri,glycine,GCA,0.23995020985603333
A0A6B3MYR8,lysine,Tri,taurine,TCA,0.20897716283798218
A0A6B3MYR8,methionine,Mono,glycine,GLCA,0.19755366444587708
A0A6B3MYR8,methionine,Mono,taurine,TLCA,0.2984892725944519
A0A6B3MYR8,methionine,Di,glycine,GDCA,0.14300201833248138
A0A6B3MYR8,methionine,Di,taurine,TDCA,0.1426602452993393
A0A6B3MYR8,methionine,Tri,glycine,GCA,0.16672959923744202
A0A6B3MYR8,methionine,Tri,taurine,TCA,0.18442371487617493
A0A6B3MYR8,ornithine,Mono,glycine,GLCA,0.183900848031044
A0A6B3MYR8,ornithine,Mono,taurine,TLCA,0.24739345908164978
A0A6B3MYR8,ornithine,Di,glycine,GDCA,0.2186877578496933
A0A6B3MYR8,ornithine,Di,taurine,TDCA,0.1970432996749878
A0A6B3MYR8,ornithine,Tri,glycine,GCA,0.2654450833797455
A0A6B3MYR8,ornithine,Tri,taurine,TCA,0.20467332005500793
A0A6B3MYR8,phenylalanine,Mono,glycine,GLCA,0.3214806616306305
A0A6B3MYR8,phenylalanine,Mono,taurine,TLCA,0.5491564869880676
A0A6B3MYR8,phenylalanine,Di,glycine,GDCA,0.3848496973514557
A0A6B3MYR8,phenylalanine,Di,taurine,TDCA,0.4744306206703186
A0A6B3MYR8,phenylalanine,Tri,glycine,GCA,0.3464008867740631
A0A6B3MYR8,phenylalanine,Tri,taurine,TCA,0.40730464458465576
A0A6B3MYR8,serine,Mono,glycine,GLCA,0.3091157376766205
A0A6B3MYR8,serine,Mono,taurine,TLCA,0.48602139949798584
A0A6B3MYR8,serine,Di,glycine,GDCA,0.3317369818687439
A0A6B3MYR8,serine,Di,taurine,TDCA,0.41355717182159424
A0A6B3MYR8,serine,Tri,glycine,GCA,0.3426779806613922
A0A6B3MYR8,serine,Tri,taurine,TCA,0.33705753087997437
A0A6B3MYR8,threonine,Mono,glycine,GLCA,0.26589301228523254
A0A6B3MYR8,threonine,Mono,taurine,TLCA,0.45761144161224365
A0A6B3MYR8,threonine,Di,glycine,GDCA,0.3206028342247009
A0A6B3MYR8,threonine,Di,taurine,TDCA,0.37279754877090454
A0A6B3MYR8,threonine,Tri,glycine,GCA,0.29654279351234436
A0A6B3MYR8,threonine,Tri,taurine,TCA,0.3181101381778717
A0A6B3MYR8,tryptamine,Mono,glycine,GLCA,0.13843563199043274
A0A6B3MYR8,tryptamine,Mono,taurine,TLCA,0.16076785326004028
A0A6B3MYR8,tryptamine,Di,glycine,GDCA,0.17334780097007751
A0A6B3MYR8,tryptamine,Di,taurine,TDCA,0.16084858775138855
A0A6B3MYR8,tryptamine,Tri,glycine,GCA,0.16984540224075317
A0A6B3MYR8,tryptamine,Tri,taurine,TCA,0.1350400596857071
A0A6B3MYR8,cadaverine,Mono,glycine,GLCA,0.21972349286079407
A0A6B3MYR8,cadaverine,Mono,taurine,TLCA,0.2636733651161194
A0A6B3MYR8,cadaverine,Di,glycine,GDCA,0.23588183522224426
A0A6B3MYR8,cadaverine,Di,taurine,TDCA,0.19257578253746033
A0A6B3MYR8,cadaverine,Tri,glycine,GCA,0.25174984335899353
A0A6B3MYR8,cadaverine,Tri,taurine,TCA,0.19034206867218018
A0A6B3MYR8,putrescine,Mono,glycine,GLCA,0.21038444340229034
A0A6B3MYR8,putrescine,Mono,taurine,TLCA,0.32329678535461426
A0A6B3MYR8,putrescine,Di,glycine,GDCA,0.2391320765018463
A0A6B3MYR8,putrescine,Di,taurine,TDCA,0.18824292719364166
A0A6B3MYR8,putrescine,Tri,glycine,GCA,0.2160351574420929
A0A6B3MYR8,putrescine,Tri,taurine,TCA,0.17833009362220764
A0A6B3MYR8,2_aminophenol,Mono,glycine,GLCA,0.24601271748542786
A0A6B3MYR8,2_aminophenol,Mono,taurine,TLCA,0.39094433188438416
A0A6B3MYR8,2_aminophenol,Di,glycine,GDCA,0.33517104387283325
A0A6B3MYR8,2_aminophenol,Di,taurine,TDCA,0.3620055615901947
A0A6B3MYR8,2_aminophenol,Tri,glycine,GCA,0.30703258514404297
A0A6B3MYR8,2_aminophenol,Tri,taurine,TCA,0.2953783869743347
A0A6B3MYR8,serotonin,Mono,glycine,GLCA,0.1269690841436386
A0A6B3MYR8,serotonin,Mono,taurine,TLCA,0.23022152483463287
A0A6B3MYR8,serotonin,Di,glycine,GDCA,0.19781309366226196
A0A6B3MYR8,serotonin,Di,taurine,TDCA,0.18621432781219482
A0A6B3MYR8,serotonin,Tri,glycine,GCA,0.221457839012146
A0A6B3MYR8,serotonin,Tri,taurine,TCA,0.19523611664772034
A0A6B3MYR8,tyramine,Mono,glycine,GLCA,0.16390681266784668
A0A6B3MYR8,tyramine,Mono,taurine,TLCA,0.23317047953605652
A0A6B3MYR8,tyramine,Di,glycine,GDCA,0.21470287442207336
A0A6B3MYR8,tyramine,Di,taurine,TDCA,0.15370237827301025
A0A6B3MYR8,tyramine,Tri,glycine,GCA,0.19930274784564972
A0A6B3MYR8,tyramine,Tri,taurine,TCA,0.17526620626449585
A0A6B3MYR8,cystine,Mono,glycine,GLCA,0.15652476251125336
A0A6B3MYR8,cystine,Mono,taurine,TLCA,0.32857078313827515
A0A6B3MYR8,cystine,Di,glycine,GDCA,0.19877107441425323
A0A6B3MYR8,cystine,Di,taurine,TDCA,0.10681363940238953
A0A6B3MYR8,cystine,Tri,glycine,GCA,0.21375519037246704
A0A6B3MYR8,cystine,Tri,taurine,TCA,0.1485743373632431
A0A6B3PBB6,"2,3_diaminopropionic acid",Mono,glycine,GLCA,0.25311461091041565
A0A6B3PBB6,"2,3_diaminopropionic acid",Mono,taurine,TLCA,0.38261330127716064
A0A6B3PBB6,"2,3_diaminopropionic acid",Di,glycine,GDCA,0.33333706855773926
A0A6B3PBB6,"2,3_diaminopropionic acid",Di,taurine,TDCA,0.328230082988739
A0A6B3PBB6,"2,3_diaminopropionic acid",Tri,glycine,GCA,0.34486067295074463
A0A6B3PBB6,"2,3_diaminopropionic acid",Tri,taurine,TCA,0.30140453577041626
A0A6B3PBB6,3_methoxytyramine,Mono,glycine,GLCA,0.04046641290187836
A0A6B3PBB6,3_methoxytyramine,Mono,taurine,TLCA,0.07252711057662964
A0A6B3PBB6,3_methoxytyramine,Di,glycine,GDCA,0.09772051125764847
A0A6B3PBB6,3_methoxytyramine,Di,taurine,TDCA,0.0035032592713832855
A0A6B3PBB6,3_methoxytyramine,Tri,glycine,GCA,0.059835560619831085
A0A6B3PBB6,3_methoxytyramine,Tri,taurine,TCA,0.029428426176309586
A0A6B3PBB6,asparagine,Mono,glycine,GLCA,0.2796974778175354
A0A6B3PBB6,asparagine,Mono,taurine,TLCA,0.48581522703170776
A0A6B3PBB6,asparagine,Di,glycine,GDCA,0.28370851278305054
A0A6B3PBB6,asparagine,Di,taurine,TDCA,0.3507627844810486
A0A6B3PBB6,asparagine,Tri,glycine,GCA,0.3037215769290924
A0A6B3PBB6,asparagine,Tri,taurine,TCA,0.34020501375198364
A0A6B3PBB6,proline,Mono,glycine,GLCA,0.3214274048805237
A0A6B3PBB6,proline,Mono,taurine,TLCA,0.45875415205955505
A0A6B3PBB6,proline,Di,glycine,GDCA,0.23491638898849487
A0A6B3PBB6,proline,Di,taurine,TDCA,0.2050546109676361
A0A6B3PBB6,proline,Tri,glycine,GCA,0.25853902101516724
A0A6B3PBB6,proline,Tri,taurine,TCA,0.2170020341873169
A0A6B3PBB6,dopamine,Mono,glycine,GLCA,0.13029612600803375
A0A6B3PBB6,dopamine,Mono,taurine,TLCA,0.23209738731384277
A0A6B3PBB6,dopamine,Di,glycine,GDCA,0.18533560633659363
A0A6B3PBB6,dopamine,Di,taurine,TDCA,0.1485726237297058
A0A6B3PBB6,dopamine,Tri,glycine,GCA,0.16563016176223755
A0A6B3PBB6,dopamine,Tri,taurine,TCA,0.12899111211299896
A0A6B3PBB6,gaba,Mono,glycine,GLCA,0.20765988528728485
A0A6B3PBB6,gaba,Mono,taurine,TLCA,0.28008294105529785
A0A6B3PBB6,gaba,Di,glycine,GDCA,0.20737214386463165
A0A6B3PBB6,gaba,Di,taurine,TDCA,0.1669730544090271
A0A6B3PBB6,gaba,Tri,glycine,GCA,0.22794274985790253
A0A6B3PBB6,gaba,Tri,taurine,TCA,0.18238617479801178
A0A6B3PBB6,glyglycine,Mono,glycine,GLCA,0.2026064544916153
A0A6B3PBB6,glyglycine,Mono,taurine,TLCA,0.19126053154468536
A0A6B3PBB6,glyglycine,Di,glycine,GDCA,0.17245712876319885
A0A6B3PBB6,glyglycine,Di,taurine,TDCA,0.09974396228790283
A0A6B3PBB6,glyglycine,Tri,glycine,GCA,0.09686575829982758
A0A6B3PBB6,glyglycine,Tri,taurine,TCA,0.04294414445757866
A0A6B3PBB6,alanine,Mono,glycine,GLCA,0.2651989161968231
A0A6B3PBB6,alanine,Mono,taurine,TLCA,0.3245280385017395
A0A6B3PBB6,alanine,Di,glycine,GDCA,0.23697125911712646
A0A6B3PBB6,alanine,Di,taurine,TDCA,0.16073106229305267
A0A6B3PBB6,alanine,Tri,glycine,GCA,0.2299838364124298
A0A6B3PBB6,alanine,Tri,taurine,TCA,0.20419839024543762
A0A6B3PBB6,arginine,Mono,glycine,GLCA,0.16714777052402496
A0A6B3PBB6,arginine,Mono,taurine,TLCA,0.3489927351474762
A0A6B3PBB6,arginine,Di,glycine,GDCA,0.21566461026668549
A0A6B3PBB6,arginine,Di,taurine,TDCA,0.269595205783844
A0A6B3PBB6,arginine,Tri,glycine,GCA,0.27458515763282776
A0A6B3PBB6,arginine,Tri,taurine,TCA,0.2552720904350281
A0A6B3PBB6,citrulline,Mono,glycine,GLCA,0.3109644055366516
A0A6B3PBB6,citrulline,Mono,taurine,TLCA,0.4692877531051636
A0A6B3PBB6,citrulline,Di,glycine,GDCA,0.2776208519935608
A0A6B3PBB6,citrulline,Di,taurine,TDCA,0.3247446119785309
A0A6B3PBB6,citrulline,Tri,glycine,GCA,0.2967979311943054
A0A6B3PBB6,citrulline,Tri,taurine,TCA,0.29838308691978455
A0A6B3PBB6,glutamine,Mono,glycine,GLCA,0.292813241481781
A0A6B3PBB6,glutamine,Mono,taurine,TLCA,0.5013129115104675
A0A6B3PBB6,glutamine,Di,glycine,GDCA,0.36029893159866333
A0A6B3PBB6,glutamine,Di,taurine,TDCA,0.40858882665634155
A0A6B3PBB6,glutamine,Tri,glycine,GCA,0.3002147078514099
A0A6B3PBB6,glutamine,Tri,taurine,TCA,0.36220255494117737
A0A6B3PBB6,histidine,Mono,glycine,GLCA,0.2918190658092499
A0A6B3PBB6,histidine,Mono,taurine,TLCA,0.547892689704895
A0A6B3PBB6,histidine,Di,glycine,GDCA,0.3150990903377533
A0A6B3PBB6,histidine,Di,taurine,TDCA,0.4093608558177948
A0A6B3PBB6,histidine,Tri,glycine,GCA,0.29310381412506104
A0A6B3PBB6,histidine,Tri,taurine,TCA,0.4105167090892792
A0A6B3PBB6,lysine,Mono,glycine,GLCA,0.22087612748146057
A0A6B3PBB6,lysine,Mono,taurine,TLCA,0.2564442753791809
A0A6B3PBB6,lysine,Di,glycine,GDCA,0.2531881332397461
A0A6B3PBB6,lysine,Di,taurine,TDCA,0.232456773519516
A0A6B3PBB6,lysine,Tri,glycine,GCA,0.25920820236206055
A0A6B3PBB6,lysine,Tri,taurine,TCA,0.22720584273338318
A0A6B3PBB6,methionine,Mono,glycine,GLCA,0.23019886016845703
A0A6B3PBB6,methionine,Mono,taurine,TLCA,0.30574291944503784
A0A6B3PBB6,methionine,Di,glycine,GDCA,0.17160417139530182
A0A6B3PBB6,methionine,Di,taurine,TDCA,0.15702007710933685
A0A6B3PBB6,methionine,Tri,glycine,GCA,0.18799307942390442
A0A6B3PBB6,methionine,Tri,taurine,TCA,0.20487874746322632
A0A6B3PBB6,ornithine,Mono,glycine,GLCA,0.2119818925857544
A0A6B3PBB6,ornithine,Mono,taurine,TLCA,0.25316858291625977
A0A6B3PBB6,ornithine,Di,glycine,GDCA,0.23277585208415985
A0A6B3PBB6,ornithine,Di,taurine,TDCA,0.22054171562194824
A0A6B3PBB6,ornithine,Tri,glycine,GCA,0.2793630361557007
A0A6B3PBB6,ornithine,Tri,taurine,TCA,0.2340584695339203
A0A6B3PBB6,phenylalanine,Mono,glycine,GLCA,0.33131206035614014
A0A6B3PBB6,phenylalanine,Mono,taurine,TLCA,0.5332933068275452
A0A6B3PBB6,phenylalanine,Di,glycine,GDCA,0.36054369807243347
A0A6B3PBB6,phenylalanine,Di,taurine,TDCA,0.4386029839515686
A0A6B3PBB6,phenylalanine,Tri,glycine,GCA,0.3225793242454529
A0A6B3PBB6,phenylalanine,Tri,taurine,TCA,0.3846414089202881
A0A6B3PBB6,serine,Mono,glycine,GLCA,0.3454704284667969
A0A6B3PBB6,serine,Mono,taurine,TLCA,0.48120468854904175
A0A6B3PBB6,serine,Di,glycine,GDCA,0.31976813077926636
A0A6B3PBB6,serine,Di,taurine,TDCA,0.4059893786907196
A0A6B3PBB6,serine,Tri,glycine,GCA,0.32656583189964294
A0A6B3PBB6,serine,Tri,taurine,TCA,0.3476238250732422
A0A6B3PBB6,threonine,Mono,glycine,GLCA,0.31256234645843506
A0A6B3PBB6,threonine,Mono,taurine,TLCA,0.4646446704864502
A0A6B3PBB6,threonine,Di,glycine,GDCA,0.34250879287719727
A0A6B3PBB6,threonine,Di,taurine,TDCA,0.4024484157562256
A0A6B3PBB6,threonine,Tri,glycine,GCA,0.28360170125961304
A0A6B3PBB6,threonine,Tri,taurine,TCA,0.3293251395225525
A0A6B3PBB6,tryptamine,Mono,glycine,GLCA,0.15275336802005768
A0A6B3PBB6,tryptamine,Mono,taurine,TLCA,0.15080751478672028
A0A6B3PBB6,tryptamine,Di,glycine,GDCA,0.18695801496505737
A0A6B3PBB6,tryptamine,Di,taurine,TDCA,0.17110088467597961
A0A6B3PBB6,tryptamine,Tri,glycine,GCA,0.17934650182724
A0A6B3PBB6,tryptamine,Tri,taurine,TCA,0.1401224136352539
A0A6B3PBB6,cadaverine,Mono,glycine,GLCA,0.24660620093345642
A0A6B3PBB6,cadaverine,Mono,taurine,TLCA,0.27277857065200806
A0A6B3PBB6,cadaverine,Di,glycine,GDCA,0.24782240390777588
A0A6B3PBB6,cadaverine,Di,taurine,TDCA,0.21535265445709229
A0A6B3PBB6,cadaverine,Tri,glycine,GCA,0.26489973068237305
A0A6B3PBB6,cadaverine,Tri,taurine,TCA,0.22273191809654236
A0A6B3PBB6,putrescine,Mono,glycine,GLCA,0.24387341737747192
A0A6B3PBB6,putrescine,Mono,taurine,TLCA,0.3427744209766388
A0A6B3PBB6,putrescine,Di,glycine,GDCA,0.2525245249271393
A0A6B3PBB6,putrescine,Di,taurine,TDCA,0.2203865349292755
A0A6B3PBB6,putrescine,Tri,glycine,GCA,0.22941195964813232
A0A6B3PBB6,putrescine,Tri,taurine,TCA,0.2063300460577011
A0A6B3PBB6,2_aminophenol,Mono,glycine,GLCA,0.2807145416736603
A0A6B3PBB6,2_aminophenol,Mono,taurine,TLCA,0.3908047080039978
A0A6B3PBB6,2_aminophenol,Di,glycine,GDCA,0.31871700286865234
A0A6B3PBB6,2_aminophenol,Di,taurine,TDCA,0.36849942803382874
A0A6B3PBB6,2_aminophenol,Tri,glycine,GCA,0.28282660245895386
A0A6B3PBB6,2_aminophenol,Tri,taurine,TCA,0.30862581729888916
A0A6B3PBB6,serotonin,Mono,glycine,GLCA,0.14175254106521606
A0A6B3PBB6,serotonin,Mono,taurine,TLCA,0.22778259217739105
A0A6B3PBB6,serotonin,Di,glycine,GDCA,0.21342360973358154
A0A6B3PBB6,serotonin,Di,taurine,TDCA,0.2016420066356659
A0A6B3PBB6,serotonin,Tri,glycine,GCA,0.24426625669002533
A0A6B3PBB6,serotonin,Tri,taurine,TCA,0.21381711959838867
A0A6B3PBB6,tyramine,Mono,glycine,GLCA,0.1691630333662033
A0A6B3PBB6,tyramine,Mono,taurine,TLCA,0.2234678566455841
A0A6B3PBB6,tyramine,Di,glycine,GDCA,0.2221381962299347
A0A6B3PBB6,tyramine,Di,taurine,TDCA,0.17594945430755615
A0A6B3PBB6,tyramine,Tri,glycine,GCA,0.20183581113815308
A0A6B3PBB6,tyramine,Tri,taurine,TCA,0.18015466630458832
A0A6B3PBB6,cystine,Mono,glycine,GLCA,0.18191835284233093
A0A6B3PBB6,cystine,Mono,taurine,TLCA,0.328264445066452
A0A6B3PBB6,cystine,Di,glycine,GDCA,0.19013816118240356
A0A6B3PBB6,cystine,Di,taurine,TDCA,0.1139395534992218
A0A6B3PBB6,cystine,Tri,glycine,GCA,0.21174941956996918
A0A6B3PBB6,cystine,Tri,taurine,TCA,0.16141316294670105
A0A6B3PFJ7,"2,3_diaminopropionic acid",Mono,glycine,GLCA,0.31806331872940063
A0A6B3PFJ7,"2,3_diaminopropionic acid",Mono,taurine,TLCA,0.5006152391433716
A0A6B3PFJ7,"2,3_diaminopropionic acid",Di,glycine,GDCA,0.3372063934803009
A0A6B3PFJ7,"2,3_diaminopropionic acid",Di,taurine,TDCA,0.3739438056945801
A0A6B3PFJ7,"2,3_diaminopropionic acid",Tri,glycine,GCA,0.3448876738548279
A0A6B3PFJ7,"2,3_diaminopropionic acid",Tri,taurine,TCA,0.34442752599716187
A0A6B3PFJ7,3_methoxytyramine,Mono,glycine,GLCA,0.1272112876176834
A0A6B3PFJ7,3_methoxytyramine,Mono,taurine,TLCA,0.18293306231498718
A0A6B3PFJ7,3_methoxytyramine,Di,glycine,GDCA,0.1768028438091278
A0A6B3PFJ7,3_methoxytyramine,Di,taurine,TDCA,0.09148375689983368
A0A6B3PFJ7,3_methoxytyramine,Tri,glycine,GCA,0.13162317872047424
A0A6B3PFJ7,3_methoxytyramine,Tri,taurine,TCA,0.11817309260368347
A0A6B3PFJ7,asparagine,Mono,glycine,GLCA,0.2897961139678955
A0A6B3PFJ7,asparagine,Mono,taurine,TLCA,0.5163503885269165
A0A6B3PFJ7,asparagine,Di,glycine,GDCA,0.2708185911178589
A0A6B3PFJ7,asparagine,Di,taurine,TDCA,0.36631473898887634
A0A6B3PFJ7,asparagine,Tri,glycine,GCA,0.2907618284225464
A0A6B3PFJ7,asparagine,Tri,taurine,TCA,0.3670274615287781
A0A6B3PFJ7,proline,Mono,glycine,GLCA,0.37140709161758423
A0A6B3PFJ7,proline,Mono,taurine,TLCA,0.5351986885070801
A0A6B3PFJ7,proline,Di,glycine,GDCA,0.24113339185714722
A0A6B3PFJ7,proline,Di,taurine,TDCA,0.250694215297699
A0A6B3PFJ7,proline,Tri,glycine,GCA,0.2714061439037323
A0A6B3PFJ7,proline,Tri,taurine,TCA,0.2603427767753601
A0A6B3PFJ7,dopamine,Mono,glycine,GLCA,0.18914875388145447
A0A6B3PFJ7,dopamine,Mono,taurine,TLCA,0.33144038915634155
A0A6B3PFJ7,dopamine,Di,glycine,GDCA,0.20402546226978302
A0A6B3PFJ7,dopamine,Di,taurine,TDCA,0.18412849307060242
A0A6B3PFJ7,dopamine,Tri,glycine,GCA,0.17316469550132751
A0A6B3PFJ7,dopamine,Tri,taurine,TCA,0.1572730541229248
A0A6B3PFJ7,gaba,Mono,glycine,GLCA,0.29098087549209595
A0A6B3PFJ7,gaba,Mono,taurine,TLCA,0.4176067113876343
A0A6B3PFJ7,gaba,Di,glycine,GDCA,0.24043488502502441
A0A6B3PFJ7,gaba,Di,taurine,TDCA,0.23149897158145905
A0A6B3PFJ7,gaba,Tri,glycine,GCA,0.21065890789031982
A0A6B3PFJ7,gaba,Tri,taurine,TCA,0.19452352821826935
A0A6B3PFJ7,glyglycine,Mono,glycine,GLCA,0.27249807119369507
A0A6B3PFJ7,glyglycine,Mono,taurine,TLCA,0.311850905418396
A0A6B3PFJ7,glyglycine,Di,glycine,GDCA,0.22756147384643555
A0A6B3PFJ7,glyglycine,Di,taurine,TDCA,0.18646234273910522
A0A6B3PFJ7,glyglycine,Tri,glycine,GCA,0.11700515449047089
A0A6B3PFJ7,glyglycine,Tri,taurine,TCA,0.09780174493789673
A0A6B3PFJ7,alanine,Mono,glycine,GLCA,0.3005067706108093
A0A6B3PFJ7,alanine,Mono,taurine,TLCA,0.4189666509628296
A0A6B3PFJ7,alanine,Di,glycine,GDCA,0.24275082349777222
A0A6B3PFJ7,alanine,Di,taurine,TDCA,0.23013630509376526
A0A6B3PFJ7,alanine,Tri,glycine,GCA,0.2168768346309662
A0A6B3PFJ7,alanine,Tri,taurine,TCA,0.225784569978714
A0A6B3PFJ7,arginine,Mono,glycine,GLCA,0.28592729568481445
A0A6B3PFJ7,arginine,Mono,taurine,TLCA,0.4829888343811035
A0A6B3PFJ7,arginine,Di,glycine,GDCA,0.26884427666664124
A0A6B3PFJ7,arginine,Di,taurine,TDCA,0.32210397720336914
A0A6B3PFJ7,arginine,Tri,glycine,GCA,0.29745712876319885
A0A6B3PFJ7,arginine,Tri,taurine,TCA,0.296813428401947
A0A6B3PFJ7,citrulline,Mono,glycine,GLCA,0.34673434495925903
A0A6B3PFJ7,citrulline,Mono,taurine,TLCA,0.5399813055992126
A0A6B3PFJ7,citrulline,Di,glycine,GDCA,0.27106261253356934
A0A6B3PFJ7,citrulline,Di,taurine,TDCA,0.3595044016838074
A0A6B3PFJ7,citrulline,Tri,glycine,GCA,0.26311367750167847
A0A6B3PFJ7,citrulline,Tri,taurine,TCA,0.33060115575790405
A0A6B3PFJ7,glutamine,Mono,glycine,GLCA,0.31723499298095703
A0A6B3PFJ7,glutamine,Mono,taurine,TLCA,0.5327714681625366
A0A6B3PFJ7,glutamine,Di,glycine,GDCA,0.31987231969833374
A0A6B3PFJ7,glutamine,Di,taurine,TDCA,0.39868760108947754
A0A6B3PFJ7,glutamine,Tri,glycine,GCA,0.2658917009830475
A0A6B3PFJ7,glutamine,Tri,taurine,TCA,0.3792404234409332
A0A6B3PFJ7,histidine,Mono,glycine,GLCA,0.2859286069869995
A0A6B3PFJ7,histidine,Mono,taurine,TLCA,0.5817869305610657
A0A6B3PFJ7,histidine,Di,glycine,GDCA,0.2883063554763794
A0A6B3PFJ7,histidine,Di,taurine,TDCA,0.3980085849761963
A0A6B3PFJ7,histidine,Tri,glycine,GCA,0.2498469054698944
A0A6B3PFJ7,histidine,Tri,taurine,TCA,0.412361741065979
A0A6B3PFJ7,lysine,Mono,glycine,GLCA,0.31869399547576904
A0A6B3PFJ7,lysine,Mono,taurine,TLCA,0.38819363713264465
A0A6B3PFJ7,lysine,Di,glycine,GDCA,0.28135156631469727
A0A6B3PFJ7,lysine,Di,taurine,TDCA,0.3024243712425232
A0A6B3PFJ7,lysine,Tri,glycine,GCA,0.26392102241516113
A0A6B3PFJ7,lysine,Tri,taurine,TCA,0.2721908688545227
A0A6B3PFJ7,methionine,Mono,glycine,GLCA,0.24332503974437714
A0A6B3PFJ7,methionine,Mono,taurine,TLCA,0.35218188166618347
A0A6B3PFJ7,methionine,Di,glycine,GDCA,0.15809722244739532
A0A6B3PFJ7,methionine,Di,taurine,TDCA,0.1909552365541458
A0A6B3PFJ7,methionine,Tri,glycine,GCA,0.12614209949970245
A0A6B3PFJ7,methionine,Tri,taurine,TCA,0.18911077082157135
A0A6B3PFJ7,ornithine,Mono,glycine,GLCA,0.30786728858947754
A0A6B3PFJ7,ornithine,Mono,taurine,TLCA,0.368353009223938
A0A6B3PFJ7,ornithine,Di,glycine,GDCA,0.2631039023399353
A0A6B3PFJ7,ornithine,Di,taurine,TDCA,0.2844228148460388
A0A6B3PFJ7,ornithine,Tri,glycine,GCA,0.2852621376514435
A0A6B3PFJ7,ornithine,Tri,taurine,TCA,0.26464614272117615
A0A6B3PFJ7,phenylalanine,Mono,glycine,GLCA,0.339324414730072
A0A6B3PFJ7,phenylalanine,Mono,taurine,TLCA,0.5832778215408325
A0A6B3PFJ7,phenylalanine,Di,glycine,GDCA,0.3615293502807617
A0A6B3PFJ7,phenylalanine,Di,taurine,TDCA,0.44356685876846313
A0A6B3PFJ7,phenylalanine,Tri,glycine,GCA,0.304475873708725
A0A6B3PFJ7,phenylalanine,Tri,taurine,TCA,0.399795264005661
A0A6B3PFJ7,serine,Mono,glycine,GLCA,0.3842124342918396
A0A6B3PFJ7,serine,Mono,taurine,TLCA,0.5530962944030762
A0A6B3PFJ7,serine,Di,glycine,GDCA,0.28614547848701477
A0A6B3PFJ7,serine,Di,taurine,TDCA,0.4093386232852936
A0A6B3PFJ7,serine,Tri,glycine,GCA,0.3127886652946472
A0A6B3PFJ7,serine,Tri,taurine,TCA,0.3723256289958954
A0A6B3PFJ7,threonine,Mono,glycine,GLCA,0.37031543254852295
A0A6B3PFJ7,threonine,Mono,taurine,TLCA,0.5504312515258789
A0A6B3PFJ7,threonine,Di,glycine,GDCA,0.3293478190898895
A0A6B3PFJ7,threonine,Di,taurine,TDCA,0.42714571952819824
A0A6B3PFJ7,threonine,Tri,glycine,GCA,0.2766276001930237
A0A6B3PFJ7,threonine,Tri,taurine,TCA,0.35161709785461426
A0A6B3PFJ7,tryptamine,Mono,glycine,GLCA,0.19854414463043213
A0A6B3PFJ7,tryptamine,Mono,taurine,TLCA,0.20816710591316223
A0A6B3PFJ7,tryptamine,Di,glycine,GDCA,0.16342636942863464
A0A6B3PFJ7,tryptamine,Di,taurine,TDCA,0.17311352491378784
A0A6B3PFJ7,tryptamine,Tri,glycine,GCA,0.16711042821407318
A0A6B3PFJ7,tryptamine,Tri,taurine,TCA,0.1603895127773285
A0A6B3PFJ7,cadaverine,Mono,glycine,GLCA,0.3278694152832031
A0A6B3PFJ7,cadaverine,Mono,taurine,TLCA,0.40310734510421753
A0A6B3PFJ7,cadaverine,Di,glycine,GDCA,0.26755478978157043
A0A6B3PFJ7,cadaverine,Di,taurine,TDCA,0.28023114800453186
A0A6B3PFJ7,cadaverine,Tri,glycine,GCA,0.26014113426208496
A0A6B3PFJ7,cadaverine,Tri,taurine,TCA,0.25167936086654663
A0A6B3PFJ7,putrescine,Mono,glycine,GLCA,0.33248594403266907
A0A6B3PFJ7,putrescine,Mono,taurine,TLCA,0.45931756496429443
A0A6B3PFJ7,putrescine,Di,glycine,GDCA,0.26455190777778625
A0A6B3PFJ7,putrescine,Di,taurine,TDCA,0.2766975164413452
A0A6B3PFJ7,putrescine,Tri,glycine,GCA,0.21447041630744934
A0A6B3PFJ7,putrescine,Tri,taurine,TCA,0.22561229765415192
A0A6B3PFJ7,2_aminophenol,Mono,glycine,GLCA,0.3447684645652771
A0A6B3PFJ7,2_aminophenol,Mono,taurine,TLCA,0.4871877431869507
A0A6B3PFJ7,2_aminophenol,Di,glycine,GDCA,0.32866933941841125
A0A6B3PFJ7,2_aminophenol,Di,taurine,TDCA,0.4257040023803711
A0A6B3PFJ7,2_aminophenol,Tri,glycine,GCA,0.3171955943107605
A0A6B3PFJ7,2_aminophenol,Tri,taurine,TCA,0.3649740517139435
A0A6B3PFJ7,serotonin,Mono,glycine,GLCA,0.18957863748073578
A0A6B3PFJ7,serotonin,Mono,taurine,TLCA,0.31145721673965454
A0A6B3PFJ7,serotonin,Di,glycine,GDCA,0.2201642394065857
A0A6B3PFJ7,serotonin,Di,taurine,TDCA,0.22857554256916046
A0A6B3PFJ7,serotonin,Tri,glycine,GCA,0.25705769658088684
A0A6B3PFJ7,serotonin,Tri,taurine,TCA,0.2409193515777588
A0A6B3PFJ7,tyramine,Mono,glycine,GLCA,0.2225712239742279
A0A6B3PFJ7,tyramine,Mono,taurine,TLCA,0.3309100866317749
A0A6B3PFJ7,tyramine,Di,glycine,GDCA,0.22912392020225525
A0A6B3PFJ7,tyramine,Di,taurine,TDCA,0.20369340479373932
A0A6B3PFJ7,tyramine,Tri,glycine,GCA,0.20767268538475037
A0A6B3PFJ7,tyramine,Tri,taurine,TCA,0.21191763877868652
A0A6B3PFJ7,cystine,Mono,glycine,GLCA,0.25057339668273926
A0A6B3PFJ7,cystine,Mono,taurine,TLCA,0.45151326060295105
A0A6B3PFJ7,cystine,Di,glycine,GDCA,0.2209322154521942
A0A6B3PFJ7,cystine,Di,taurine,TDCA,0.17963483929634094
A0A6B3PFJ7,cystine,Tri,glycine,GCA,0.2639763057231903
A0A6B3PFJ7,cystine,Tri,taurine,TCA,0.24160361289978027
A0A6N3FX58,"2,3_diaminopropionic acid",Mono,glycine,GLCA,0.19886381924152374
A0A6N3FX58,"2,3_diaminopropionic acid",Mono,taurine,TLCA,0.3494473397731781
A0A6N3FX58,"2,3_diaminopropionic acid",Di,glycine,GDCA,0.33722469210624695
A0A6N3FX58,"2,3_diaminopropionic acid",Di,taurine,TDCA,0.3237415552139282
A0A6N3FX58,"2,3_diaminopropionic acid",Tri,glycine,GCA,0.33964085578918457
A0A6N3FX58,"2,3_diaminopropionic acid",Tri,taurine,TCA,0.31483620405197144
A0A6N3FX58,3_methoxytyramine,Mono,glycine,GLCA,0.049418579787015915
A0A6N3FX58,3_methoxytyramine,Mono,taurine,TLCA,0.11279043555259705
A0A6N3FX58,3_methoxytyramine,Di,glycine,GDCA,0.1132146343588829
A0A6N3FX58,3_methoxytyramine,Di,taurine,TDCA,0.021459413692355156
A0A6N3FX58,3_methoxytyramine,Tri,glycine,GCA,0.08565937727689743
A0A6N3FX58,3_methoxytyramine,Tri,taurine,TCA,0.04680800810456276
A0A6N3FX58,asparagine,Mono,glycine,GLCA,0.20223791897296906
A0A6N3FX58,asparagine,Mono,taurine,TLCA,0.4284302294254303
A0A6N3FX58,asparagine,Di,glycine,GDCA,0.24097700417041779
A0A6N3FX58,asparagine,Di,taurine,TDCA,0.3191799521446228
A0A6N3FX58,asparagine,Tri,glycine,GCA,0.25312185287475586
A0A6N3FX58,asparagine,Tri,taurine,TCA,0.3030851483345032
A0A6N3FX58,proline,Mono,glycine,GLCA,0.28426170349121094
A0A6N3FX58,proline,Mono,taurine,TLCA,0.43713173270225525
A0A6N3FX58,proline,Di,glycine,GDCA,0.2415747344493866
A0A6N3FX58,proline,Di,taurine,TDCA,0.22848331928253174
A0A6N3FX58,proline,Tri,glycine,GCA,0.24112677574157715
A0A6N3FX58,proline,Tri,taurine,TCA,0.18356020748615265
A0A6N3FX58,dopamine,Mono,glycine,GLCA,0.1504431962966919
A0A6N3FX58,dopamine,Mono,taurine,TLCA,0.2769336998462677
A0A6N3FX58,dopamine,Di,glycine,GDCA,0.20772895216941833
A0A6N3FX58,dopamine,Di,taurine,TDCA,0.1831584870815277
A0A6N3FX58,dopamine,Tri,glycine,GCA,0.21749526262283325
A0A6N3FX58,dopamine,Tri,taurine,TCA,0.17389234900474548
A0A6N3FX58,gaba,Mono,glycine,GLCA,0.16553854942321777
A0A6N3FX58,gaba,Mono,taurine,TLCA,0.23108920454978943
A0A6N3FX58,gaba,Di,glycine,GDCA,0.19297289848327637
A0A6N3FX58,gaba,Di,taurine,TDCA,0.15483573079109192
A0A6N3FX58,gaba,Tri,glycine,GCA,0.22547517716884613
A0A6N3FX58,gaba,Tri,taurine,TCA,0.16799920797348022
A0A6N3FX58,glyglycine,Mono,glycine,GLCA,0.14990773797035217
A0A6N3FX58,glyglycine,Mono,taurine,TLCA,0.18009056150913239
A0A6N3FX58,glyglycine,Di,glycine,GDCA,0.14634181559085846
A0A6N3FX58,glyglycine,Di,taurine,TDCA,0.08115838468074799
A0A6N3FX58,glyglycine,Tri,glycine,GCA,0.0946817547082901
A0A6N3FX58,glyglycine,Tri,taurine,TCA,0.05436301231384277
A0A6N3FX58,alanine,Mono,glycine,GLCA,0.1899404525756836
A0A6N3FX58,alanine,Mono,taurine,TLCA,0.2715485394001007
A0A6N3FX58,alanine,Di,glycine,GDCA,0.19888219237327576
A0A6N3FX58,alanine,Di,taurine,TDCA,0.12944504618644714
A0A6N3FX58,alanine,Tri,glycine,GCA,0.18285512924194336
A0A6N3FX58,alanine,Tri,taurine,TCA,0.16545496881008148
A0A6N3FX58,arginine,Mono,glycine,GLCA,0.13344362378120422
A0A6N3FX58,arginine,Mono,taurine,TLCA,0.3448816239833832
A0A6N3FX58,arginine,Di,glycine,GDCA,0.20467375218868256
A0A6N3FX58,arginine,Di,taurine,TDCA,0.24891099333763123
A0A6N3FX58,arginine,Tri,glycine,GCA,0.2557333707809448
A0A6N3FX58,arginine,Tri,taurine,TCA,0.22497962415218353
A0A6N3FX58,citrulline,Mono,glycine,GLCA,0.266340970993042
A0A6N3FX58,citrulline,Mono,taurine,TLCA,0.4508058428764343
A0A6N3FX58,citrulline,Di,glycine,GDCA,0.2884189188480377
A0A6N3FX58,citrulline,Di,taurine,TDCA,0.3445501923561096
A0A6N3FX58,citrulline,Tri,glycine,GCA,0.29510942101478577
A0A6N3FX58,citrulline,Tri,taurine,TCA,0.3132113218307495
A0A6N3FX58,glutamine,Mono,glycine,GLCA,0.2306932657957077
A0A6N3FX58,glutamine,Mono,taurine,TLCA,0.434566855430603
A0A6N3FX58,glutamine,Di,glycine,GDCA,0.3335995078086853
A0A6N3FX58,glutamine,Di,taurine,TDCA,0.38919469714164734
A0A6N3FX58,glutamine,Tri,glycine,GCA,0.2714898884296417
A0A6N3FX58,glutamine,Tri,taurine,TCA,0.31210651993751526
A0A6N3FX58,histidine,Mono,glycine,GLCA,0.24326346814632416
A0A6N3FX58,histidine,Mono,taurine,TLCA,0.4818938374519348
A0A6N3FX58,histidine,Di,glycine,GDCA,0.259842187166214
A0A6N3FX58,histidine,Di,taurine,TDCA,0.3630351722240448
A0A6N3FX58,histidine,Tri,glycine,GCA,0.2737707197666168
A0A6N3FX58,histidine,Tri,taurine,TCA,0.3771335780620575
A0A6N3FX58,lysine,Mono,glycine,GLCA,0.1826622188091278
A0A6N3FX58,lysine,Mono,taurine,TLCA,0.21939435601234436
A0A6N3FX58,lysine,Di,glycine,GDCA,0.2279694825410843
A0A6N3FX58,lysine,Di,taurine,TDCA,0.20421183109283447
A0A6N3FX58,lysine,Tri,glycine,GCA,0.25114935636520386
A0A6N3FX58,lysine,Tri,taurine,TCA,0.20399677753448486
A0A6N3FX58,methionine,Mono,glycine,GLCA,0.15824487805366516
A0A6N3FX58,methionine,Mono,taurine,TLCA,0.24572381377220154
A0A6N3FX58,methionine,Di,glycine,GDCA,0.14833298325538635
A0A6N3FX58,methionine,Di,taurine,TDCA,0.13497322797775269
A0A6N3FX58,methionine,Tri,glycine,GCA,0.1535835862159729
A0A6N3FX58,methionine,Tri,taurine,TCA,0.17713192105293274
A0A6N3FX58,ornithine,Mono,glycine,GLCA,0.174480602145195
A0A6N3FX58,ornithine,Mono,taurine,TLCA,0.20830538868904114
A0A6N3FX58,ornithine,Di,glycine,GDCA,0.22392334043979645
A0A6N3FX58,ornithine,Di,taurine,TDCA,0.19704800844192505
A0A6N3FX58,ornithine,Tri,glycine,GCA,0.27738678455352783
A0A6N3FX58,ornithine,Tri,taurine,TCA,0.22036287188529968
A0A6N3FX58,phenylalanine,Mono,glycine,GLCA,0.2704552114009857
A0A6N3FX58,phenylalanine,Mono,taurine,TLCA,0.48120957612991333
A0A6N3FX58,phenylalanine,Di,glycine,GDCA,0.3301904797554016
A0A6N3FX58,phenylalanine,Di,taurine,TDCA,0.4222021698951721
A0A6N3FX58,phenylalanine,Tri,glycine,GCA,0.2961750328540802
A0A6N3FX58,phenylalanine,Tri,taurine,TCA,0.35063251852989197
A0A6N3FX58,serine,Mono,glycine,GLCA,0.2746855318546295
A0A6N3FX58,serine,Mono,taurine,TLCA,0.4251532554626465
A0A6N3FX58,serine,Di,glycine,GDCA,0.29637372493743896
A0A6N3FX58,serine,Di,taurine,TDCA,0.3881921172142029
A0A6N3FX58,serine,Tri,glycine,GCA,0.31397178769111633
A0A6N3FX58,serine,Tri,taurine,TCA,0.32164013385772705
A0A6N3FX58,threonine,Mono,glycine,GLCA,0.27077165246009827
A0A6N3FX58,threonine,Mono,taurine,TLCA,0.4849395751953125
A0A6N3FX58,threonine,Di,glycine,GDCA,0.37810900807380676
A0A6N3FX58,threonine,Di,taurine,TDCA,0.43764665722846985
A0A6N3FX58,threonine,Tri,glycine,GCA,0.317541241645813
A0A6N3FX58,threonine,Tri,taurine,TCA,0.3665802478790283
A0A6N3FX58,tryptamine,Mono,glycine,GLCA,0.15229961276054382
A0A6N3FX58,tryptamine,Mono,taurine,TLCA,0.2113763988018036
A0A6N3FX58,tryptamine,Di,glycine,GDCA,0.21331875026226044
A0A6N3FX58,tryptamine,Di,taurine,TDCA,0.20283076167106628
A0A6N3FX58,tryptamine,Tri,glycine,GCA,0.22569549083709717
A0A6N3FX58,tryptamine,Tri,taurine,TCA,0.18220625817775726
A0A6N3FX58,cadaverine,Mono,glycine,GLCA,0.1997896134853363
A0A6N3FX58,cadaverine,Mono,taurine,TLCA,0.2065434753894806
A0A6N3FX58,cadaverine,Di,glycine,GDCA,0.2165478616952896
A0A6N3FX58,cadaverine,Di,taurine,TDCA,0.17871099710464478
A0A6N3FX58,cadaverine,Tri,glycine,GCA,0.24120649695396423
A0A6N3FX58,cadaverine,Tri,taurine,TCA,0.19008059799671173
A0A6N3FX58,putrescine,Mono,glycine,GLCA,0.22447113692760468
A0A6N3FX58,putrescine,Mono,taurine,TLCA,0.28045663237571716
A0A6N3FX58,putrescine,Di,glycine,GDCA,0.23702038824558258
A0A6N3FX58,putrescine,Di,taurine,TDCA,0.20989897847175598
A0A6N3FX58,putrescine,Tri,glycine,GCA,0.2197514772415161
A0A6N3FX58,putrescine,Tri,taurine,TCA,0.1895826756954193
A0A6N3FX58,2_aminophenol,Mono,glycine,GLCA,0.2320854365825653
A0A6N3FX58,2_aminophenol,Mono,taurine,TLCA,0.36644405126571655
A0A6N3FX58,2_aminophenol,Di,glycine,GDCA,0.32614243030548096
A0A6N3FX58,2_aminophenol,Di,taurine,TDCA,0.3714701533317566
A0A6N3FX58,2_aminophenol,Tri,glycine,GCA,0.2889639735221863
A0A6N3FX58,2_aminophenol,Tri,taurine,TCA,0.304807186126709
A0A6N3FX58,serotonin,Mono,glycine,GLCA,0.15160590410232544
A0A6N3FX58,serotonin,Mono,taurine,TLCA,0.27731916308403015
A0A6N3FX58,serotonin,Di,glycine,GDCA,0.251787394285202
A0A6N3FX58,serotonin,Di,taurine,TDCA,0.22745384275913239
A0A6N3FX58,serotonin,Tri,glycine,GCA,0.2872489094734192
A0A6N3FX58,serotonin,Tri,taurine,TCA,0.23950688540935516
A0A6N3FX58,tyramine,Mono,glycine,GLCA,0.20234858989715576
A0A6N3FX58,tyramine,Mono,taurine,TLCA,0.25729215145111084
A0A6N3FX58,tyramine,Di,glycine,GDCA,0.27041858434677124
A0A6N3FX58,tyramine,Di,taurine,TDCA,0.22204241156578064
A0A6N3FX58,tyramine,Tri,glycine,GCA,0.253302663564682
A0A6N3FX58,tyramine,Tri,taurine,TCA,0.2207915186882019
A0A6N3FX58,cystine,Mono,glycine,GLCA,0.14033427834510803
A0A6N3FX58,cystine,Mono,taurine,TLCA,0.3139870762825012
A0A6N3FX58,cystine,Di,glycine,GDCA,0.1773797571659088
A0A6N3FX58,cystine,Di,taurine,TDCA,0.11178179085254669
A0A6N3FX58,cystine,Tri,glycine,GCA,0.22368983924388885
A0A6N3FX58,cystine,Tri,taurine,TCA,0.16210538148880005
A0A7K1GNS5,"2,3_diaminopropionic acid",Mono,glycine,GLCA,0.2518464922904968
A0A7K1GNS5,"2,3_diaminopropionic acid",Mono,taurine,TLCA,0.4030664563179016
A0A7K1GNS5,"2,3_diaminopropionic acid",Di,glycine,GDCA,0.31709808111190796
A0A7K1GNS5,"2,3_diaminopropionic acid",Di,taurine,TDCA,0.30076414346694946
A0A7K1GNS5,"2,3_diaminopropionic acid",Tri,glycine,GCA,0.31872570514678955
A0A7K1GNS5,"2,3_diaminopropionic acid",Tri,taurine,TCA,0.27516427636146545
A0A7K1GNS5,3_methoxytyramine,Mono,glycine,GLCA,0.04916727915406227
A0A7K1GNS5,3_methoxytyramine,Mono,taurine,TLCA,0.09799420088529587
A0A7K1GNS5,3_methoxytyramine,Di,glycine,GDCA,0.10172715783119202
A0A7K1GNS5,3_methoxytyramine,Di,taurine,TDCA,-0.007492464035749435
A0A7K1GNS5,3_methoxytyramine,Tri,glycine,GCA,0.048192281275987625
A0A7K1GNS5,3_methoxytyramine,Tri,taurine,TCA,0.009720474481582642
A0A7K1GNS5,asparagine,Mono,glycine,GLCA,0.2614345848560333
A0A7K1GNS5,asparagine,Mono,taurine,TLCA,0.5087435841560364
A0A7K1GNS5,asparagine,Di,glycine,GDCA,0.2723366320133209
A0A7K1GNS5,asparagine,Di,taurine,TDCA,0.3485971689224243
A0A7K1GNS5,asparagine,Tri,glycine,GCA,0.28926026821136475
A0A7K1GNS5,asparagine,Tri,taurine,TCA,0.3325931429862976
A0A7K1GNS5,proline,Mono,glycine,GLCA,0.29709285497665405
A0A7K1GNS5,proline,Mono,taurine,TLCA,0.46619778871536255
A0A7K1GNS5,proline,Di,glycine,GDCA,0.17470653355121613
A0A7K1GNS5,proline,Di,taurine,TDCA,0.15527617931365967
A0A7K1GNS5,proline,Tri,glycine,GCA,0.2164011299610138
A0A7K1GNS5,proline,Tri,taurine,TCA,0.16717678308486938
A0A7K1GNS5,dopamine,Mono,glycine,GLCA,0.11993138492107391
A0A7K1GNS5,dopamine,Mono,taurine,TLCA,0.2364492416381836
A0A7K1GNS5,dopamine,Di,glycine,GDCA,0.1483093500137329
A0A7K1GNS5,dopamine,Di,taurine,TDCA,0.11077383160591125
A0A7K1GNS5,dopamine,Tri,glycine,GCA,0.14024309813976288
A0A7K1GNS5,dopamine,Tri,taurine,TCA,0.09892532229423523
A0A7K1GNS5,gaba,Mono,glycine,GLCA,0.19730177521705627
A0A7K1GNS5,gaba,Mono,taurine,TLCA,0.28842490911483765
A0A7K1GNS5,gaba,Di,glycine,GDCA,0.16642700135707855
A0A7K1GNS5,gaba,Di,taurine,TDCA,0.14334478974342346
A0A7K1GNS5,gaba,Tri,glycine,GCA,0.20905232429504395
A0A7K1GNS5,gaba,Tri,taurine,TCA,0.15686962008476257
A0A7K1GNS5,glyglycine,Mono,glycine,GLCA,0.1771250218153
A0A7K1GNS5,glyglycine,Mono,taurine,TLCA,0.19138103723526
A0A7K1GNS5,glyglycine,Di,glycine,GDCA,0.153741255402565
A0A7K1GNS5,glyglycine,Di,taurine,TDCA,0.08451958000659943
A0A7K1GNS5,glyglycine,Tri,glycine,GCA,0.0576414093375206
A0A7K1GNS5,glyglycine,Tri,taurine,TCA,0.01587652787566185
A0A7K1GNS5,alanine,Mono,glycine,GLCA,0.2343246191740036
A0A7K1GNS5,alanine,Mono,taurine,TLCA,0.32942715287208557
A0A7K1GNS5,alanine,Di,glycine,GDCA,0.21325477957725525
A0A7K1GNS5,alanine,Di,taurine,TDCA,0.13641642034053802
A0A7K1GNS5,alanine,Tri,glycine,GCA,0.18853585422039032
A0A7K1GNS5,alanine,Tri,taurine,TCA,0.15660661458969116
A0A7K1GNS5,arginine,Mono,glycine,GLCA,0.15613660216331482
A0A7K1GNS5,arginine,Mono,taurine,TLCA,0.3649267256259918
A0A7K1GNS5,arginine,Di,glycine,GDCA,0.1760420948266983
A0A7K1GNS5,arginine,Di,taurine,TDCA,0.22248487174510956
A0A7K1GNS5,arginine,Tri,glycine,GCA,0.2710956931114197
A0A7K1GNS5,arginine,Tri,taurine,TCA,0.24403762817382812
A0A7K1GNS5,citrulline,Mono,glycine,GLCA,0.2928014099597931
A0A7K1GNS5,citrulline,Mono,taurine,TLCA,0.5004063248634338
A0A7K1GNS5,citrulline,Di,glycine,GDCA,0.2526875138282776
A0A7K1GNS5,citrulline,Di,taurine,TDCA,0.31884413957595825
A0A7K1GNS5,citrulline,Tri,glycine,GCA,0.2633506953716278
A0A7K1GNS5,citrulline,Tri,taurine,TCA,0.28316730260849
A0A7K1GNS5,glutamine,Mono,glycine,GLCA,0.29589515924453735
A0A7K1GNS5,glutamine,Mono,taurine,TLCA,0.5341387391090393
A0A7K1GNS5,glutamine,Di,glycine,GDCA,0.3391113877296448
A0A7K1GNS5,glutamine,Di,taurine,TDCA,0.3966282904148102
A0A7K1GNS5,glutamine,Tri,glycine,GCA,0.2796381711959839
A0A7K1GNS5,glutamine,Tri,taurine,TCA,0.3318699300289154
A0A7K1GNS5,histidine,Mono,glycine,GLCA,0.3067266345024109
A0A7K1GNS5,histidine,Mono,taurine,TLCA,0.5780239105224609
A0A7K1GNS5,histidine,Di,glycine,GDCA,0.3116717040538788
A0A7K1GNS5,histidine,Di,taurine,TDCA,0.41457170248031616
A0A7K1GNS5,histidine,Tri,glycine,GCA,0.2917976975440979
A0A7K1GNS5,histidine,Tri,taurine,TCA,0.417250394821167
A0A7K1GNS5,lysine,Mono,glycine,GLCA,0.22397971153259277
A0A7K1GNS5,lysine,Mono,taurine,TLCA,0.2825177311897278
A0A7K1GNS5,lysine,Di,glycine,GDCA,0.23581697046756744
A0A7K1GNS5,lysine,Di,taurine,TDCA,0.22338783740997314
A0A7K1GNS5,lysine,Tri,glycine,GCA,0.26751771569252014
A0A7K1GNS5,lysine,Tri,taurine,TCA,0.23815420269966125
A0A7K1GNS5,methionine,Mono,glycine,GLCA,0.2164515256881714
A0A7K1GNS5,methionine,Mono,taurine,TLCA,0.33376646041870117
A0A7K1GNS5,methionine,Di,glycine,GDCA,0.14675962924957275
A0A7K1GNS5,methionine,Di,taurine,TDCA,0.15488770604133606
A0A7K1GNS5,methionine,Tri,glycine,GCA,0.1698000431060791
A0A7K1GNS5,methionine,Tri,taurine,TCA,0.19054776430130005
A0A7K1GNS5,ornithine,Mono,glycine,GLCA,0.21524333953857422
A0A7K1GNS5,ornithine,Mono,taurine,TLCA,0.28958752751350403
A0A7K1GNS5,ornithine,Di,glycine,GDCA,0.22416895627975464
A0A7K1GNS5,ornithine,Di,taurine,TDCA,0.20140469074249268
A0A7K1GNS5,ornithine,Tri,glycine,GCA,0.28161439299583435
A0A7K1GNS5,ornithine,Tri,taurine,TCA,0.22903773188591003
A0A7K1GNS5,phenylalanine,Mono,glycine,GLCA,0.3304918110370636
A0A7K1GNS5,phenylalanine,Mono,taurine,TLCA,0.5631768703460693
A0A7K1GNS5,phenylalanine,Di,glycine,GDCA,0.34649085998535156
A0A7K1GNS5,phenylalanine,Di,taurine,TDCA,0.42951440811157227
A0A7K1GNS5,phenylalanine,Tri,glycine,GCA,0.31830763816833496
A0A7K1GNS5,phenylalanine,Tri,taurine,TCA,0.3808111250400543
A0A7K1GNS5,serine,Mono,glycine,GLCA,0.35684242844581604
A0A7K1GNS5,serine,Mono,taurine,TLCA,0.5302766561508179
A0A7K1GNS5,serine,Di,glycine,GDCA,0.3069026470184326
A0A7K1GNS5,serine,Di,taurine,TDCA,0.4020240902900696
A0A7K1GNS5,serine,Tri,glycine,GCA,0.3249843716621399
A0A7K1GNS5,serine,Tri,taurine,TCA,0.3380858600139618
A0A7K1GNS5,threonine,Mono,glycine,GLCA,0.300919771194458
A0A7K1GNS5,threonine,Mono,taurine,TLCA,0.47511976957321167
A0A7K1GNS5,threonine,Di,glycine,GDCA,0.3249155282974243
A0A7K1GNS5,threonine,Di,taurine,TDCA,0.384936660528183
A0A7K1GNS5,threonine,Tri,glycine,GCA,0.2760336399078369
A0A7K1GNS5,threonine,Tri,taurine,TCA,0.309703528881073
A0A7K1GNS5,tryptamine,Mono,glycine,GLCA,0.12495695054531097
A0A7K1GNS5,tryptamine,Mono,taurine,TLCA,0.14152005314826965
A0A7K1GNS5,tryptamine,Di,glycine,GDCA,0.14021319150924683
A0A7K1GNS5,tryptamine,Di,taurine,TDCA,0.1202450692653656
A0A7K1GNS5,tryptamine,Tri,glycine,GCA,0.1645757108926773
A0A7K1GNS5,tryptamine,Tri,taurine,TCA,0.10055817663669586
A0A7K1GNS5,cadaverine,Mono,glycine,GLCA,0.2467624843120575
A0A7K1GNS5,cadaverine,Mono,taurine,TLCA,0.3057136535644531
A0A7K1GNS5,cadaverine,Di,glycine,GDCA,0.22386154532432556
A0A7K1GNS5,cadaverine,Di,taurine,TDCA,0.20789632201194763
A0A7K1GNS5,cadaverine,Tri,glycine,GCA,0.2429734766483307
A0A7K1GNS5,cadaverine,Tri,taurine,TCA,0.20770326256752014
A0A7K1GNS5,putrescine,Mono,glycine,GLCA,0.23393088579177856
A0A7K1GNS5,putrescine,Mono,taurine,TLCA,0.3653774857521057
A0A7K1GNS5,putrescine,Di,glycine,GDCA,0.21525157988071442
A0A7K1GNS5,putrescine,Di,taurine,TDCA,0.19851088523864746
A0A7K1GNS5,putrescine,Tri,glycine,GCA,0.21162182092666626
A0A7K1GNS5,putrescine,Tri,taurine,TCA,0.19093263149261475
A0A7K1GNS5,2_aminophenol,Mono,glycine,GLCA,0.30299580097198486
A0A7K1GNS5,2_aminophenol,Mono,taurine,TLCA,0.41919198632240295
A0A7K1GNS5,2_aminophenol,Di,glycine,GDCA,0.3233810067176819
A0A7K1GNS5,2_aminophenol,Di,taurine,TDCA,0.3751685619354248
A0A7K1GNS5,2_aminophenol,Tri,glycine,GCA,0.30769962072372437
A0A7K1GNS5,2_aminophenol,Tri,taurine,TCA,0.3150268793106079
A0A7K1GNS5,serotonin,Mono,glycine,GLCA,0.11804191768169403
A0A7K1GNS5,serotonin,Mono,taurine,TLCA,0.241482675075531
A0A7K1GNS5,serotonin,Di,glycine,GDCA,0.17058126628398895
A0A7K1GNS5,serotonin,Di,taurine,TDCA,0.1761995553970337
A0A7K1GNS5,serotonin,Tri,glycine,GCA,0.21118539571762085
A0A7K1GNS5,serotonin,Tri,taurine,TCA,0.18219512701034546
A0A7K1GNS5,tyramine,Mono,glycine,GLCA,0.16560253500938416
A0A7K1GNS5,tyramine,Mono,taurine,TLCA,0.22743138670921326
A0A7K1GNS5,tyramine,Di,glycine,GDCA,0.1916365772485733
A0A7K1GNS5,tyramine,Di,taurine,TDCA,0.1281808465719223
A0A7K1GNS5,tyramine,Tri,glycine,GCA,0.1706528514623642
A0A7K1GNS5,tyramine,Tri,taurine,TCA,0.14093048870563507
A0A7K1GNS5,cystine,Mono,glycine,GLCA,0.17318809032440186
A0A7K1GNS5,cystine,Mono,taurine,TLCA,0.3475484549999237
A0A7K1GNS5,cystine,Di,glycine,GDCA,0.19582992792129517
A0A7K1GNS5,cystine,Di,taurine,TDCA,0.10428047180175781
A0A7K1GNS5,cystine,Tri,glycine,GCA,0.19999143481254578
A0A7K1GNS5,cystine,Tri,taurine,TCA,0.1388733685016632
A0A7W2FPE8,"2,3_diaminopropionic acid",Mono,glycine,GLCA,0.2186894714832306
A0A7W2FPE8,"2,3_diaminopropionic acid",Mono,taurine,TLCA,0.34280213713645935
A0A7W2FPE8,"2,3_diaminopropionic acid",Di,glycine,GDCA,0.33468788862228394
A0A7W2FPE8,"2,3_diaminopropionic acid",Di,taurine,TDCA,0.306454598903656
A0A7W2FPE8,"2,3_diaminopropionic acid",Tri,glycine,GCA,0.30069097876548767
A0A7W2FPE8,"2,3_diaminopropionic acid",Tri,taurine,TCA,0.2759791612625122
A0A7W2FPE8,3_methoxytyramine,Mono,glycine,GLCA,0.07328586280345917
A0A7W2FPE8,3_methoxytyramine,Mono,taurine,TLCA,0.12230099737644196
A0A7W2FPE8,3_methoxytyramine,Di,glycine,GDCA,0.10551159083843231
A0A7W2FPE8,3_methoxytyramine,Di,taurine,TDCA,0.005738710984587669
A0A7W2FPE8,3_methoxytyramine,Tri,glycine,GCA,0.07182539999485016
A0A7W2FPE8,3_methoxytyramine,Tri,taurine,TCA,0.020335577428340912
A0A7W2FPE8,asparagine,Mono,glycine,GLCA,0.19876554608345032
A0A7W2FPE8,asparagine,Mono,taurine,TLCA,0.4064806401729584
A0A7W2FPE8,asparagine,Di,glycine,GDCA,0.24068686366081238
A0A7W2FPE8,asparagine,Di,taurine,TDCA,0.30764245986938477
A0A7W2FPE8,asparagine,Tri,glycine,GCA,0.2240644246339798
A0A7W2FPE8,asparagine,Tri,taurine,TCA,0.26686394214630127
A0A7W2FPE8,proline,Mono,glycine,GLCA,0.2826169729232788
A0A7W2FPE8,proline,Mono,taurine,TLCA,0.43473559617996216
A0A7W2FPE8,proline,Di,glycine,GDCA,0.233646422624588
A0A7W2FPE8,proline,Di,taurine,TDCA,0.2190539538860321
A0A7W2FPE8,proline,Tri,glycine,GCA,0.21118058264255524
A0A7W2FPE8,proline,Tri,taurine,TCA,0.13791421055793762
A0A7W2FPE8,dopamine,Mono,glycine,GLCA,0.16356727480888367
A0A7W2FPE8,dopamine,Mono,taurine,TLCA,0.26931899785995483
A0A7W2FPE8,dopamine,Di,glycine,GDCA,0.19420060515403748
A0A7W2FPE8,dopamine,Di,taurine,TDCA,0.16833281517028809
A0A7W2FPE8,dopamine,Tri,glycine,GCA,0.19221994280815125
A0A7W2FPE8,dopamine,Tri,taurine,TCA,0.14432939887046814
A0A7W2FPE8,gaba,Mono,glycine,GLCA,0.16424180567264557
A0A7W2FPE8,gaba,Mono,taurine,TLCA,0.21325871348381042
A0A7W2FPE8,gaba,Di,glycine,GDCA,0.1705639809370041
A0A7W2FPE8,gaba,Di,taurine,TDCA,0.14206522703170776
A0A7W2FPE8,gaba,Tri,glycine,GCA,0.19753332436084747
A0A7W2FPE8,gaba,Tri,taurine,TCA,0.14593929052352905
A0A7W2FPE8,glyglycine,Mono,glycine,GLCA,0.1489318311214447
A0A7W2FPE8,glyglycine,Mono,taurine,TLCA,0.16221649944782257
A0A7W2FPE8,glyglycine,Di,glycine,GDCA,0.1352739930152893
A0A7W2FPE8,glyglycine,Di,taurine,TDCA,0.057244673371315
A0A7W2FPE8,glyglycine,Tri,glycine,GCA,0.08488238602876663
A0A7W2FPE8,glyglycine,Tri,taurine,TCA,0.03509799391031265
A0A7W2FPE8,alanine,Mono,glycine,GLCA,0.18706190586090088
A0A7W2FPE8,alanine,Mono,taurine,TLCA,0.26536765694618225
A0A7W2FPE8,alanine,Di,glycine,GDCA,0.2079072743654251
A0A7W2FPE8,alanine,Di,taurine,TDCA,0.13078655302524567
A0A7W2FPE8,alanine,Tri,glycine,GCA,0.18674032390117645
A0A7W2FPE8,alanine,Tri,taurine,TCA,0.16209569573402405
A0A7W2FPE8,arginine,Mono,glycine,GLCA,0.12611354887485504
A0A7W2FPE8,arginine,Mono,taurine,TLCA,0.3178045153617859
A0A7W2FPE8,arginine,Di,glycine,GDCA,0.16677463054656982
A0A7W2FPE8,arginine,Di,taurine,TDCA,0.19815394282341003
A0A7W2FPE8,arginine,Tri,glycine,GCA,0.22523492574691772
A0A7W2FPE8,arginine,Tri,taurine,TCA,0.19396978616714478
A0A7W2FPE8,citrulline,Mono,glycine,GLCA,0.28402185440063477
A0A7W2FPE8,citrulline,Mono,taurine,TLCA,0.4552697539329529
A0A7W2FPE8,citrulline,Di,glycine,GDCA,0.30180999636650085
A0A7W2FPE8,citrulline,Di,taurine,TDCA,0.3490784764289856
A0A7W2FPE8,citrulline,Tri,glycine,GCA,0.2962149381637573
A0A7W2FPE8,citrulline,Tri,taurine,TCA,0.31036338210105896
A0A7W2FPE8,glutamine,Mono,glycine,GLCA,0.24022597074508667
A0A7W2FPE8,glutamine,Mono,taurine,TLCA,0.42831218242645264
A0A7W2FPE8,glutamine,Di,glycine,GDCA,0.3258686065673828
A0A7W2FPE8,glutamine,Di,taurine,TDCA,0.382167249917984
A0A7W2FPE8,glutamine,Tri,glycine,GCA,0.2512558400630951
A0A7W2FPE8,glutamine,Tri,taurine,TCA,0.28012239933013916
A0A7W2FPE8,histidine,Mono,glycine,GLCA,0.2551272213459015
A0A7W2FPE8,histidine,Mono,taurine,TLCA,0.46660950779914856
A0A7W2FPE8,histidine,Di,glycine,GDCA,0.25565022230148315
A0A7W2FPE8,histidine,Di,taurine,TDCA,0.35132908821105957
A0A7W2FPE8,histidine,Tri,glycine,GCA,0.26395779848098755
A0A7W2FPE8,histidine,Tri,taurine,TCA,0.3513701558113098
A0A7W2FPE8,lysine,Mono,glycine,GLCA,0.19165995717048645
A0A7W2FPE8,lysine,Mono,taurine,TLCA,0.2215908169746399
A0A7W2FPE8,lysine,Di,glycine,GDCA,0.21328237652778625
A0A7W2FPE8,lysine,Di,taurine,TDCA,0.1910034567117691
A0A7W2FPE8,lysine,Tri,glycine,GCA,0.23683157563209534
A0A7W2FPE8,lysine,Tri,taurine,TCA,0.19575895369052887
A0A7W2FPE8,methionine,Mono,glycine,GLCA,0.16823242604732513
A0A7W2FPE8,methionine,Mono,taurine,TLCA,0.25359734892845154
A0A7W2FPE8,methionine,Di,glycine,GDCA,0.15495416522026062
A0A7W2FPE8,methionine,Di,taurine,TDCA,0.14231279492378235
A0A7W2FPE8,methionine,Tri,glycine,GCA,0.16162127256393433
A0A7W2FPE8,methionine,Tri,taurine,TCA,0.17461395263671875
A0A7W2FPE8,ornithine,Mono,glycine,GLCA,0.1809861660003662
A0A7W2FPE8,ornithine,Mono,taurine,TLCA,0.21333855390548706
A0A7W2FPE8,ornithine,Di,glycine,GDCA,0.20759616792201996
A0A7W2FPE8,ornithine,Di,taurine,TDCA,0.18175186216831207
A0A7W2FPE8,ornithine,Tri,glycine,GCA,0.2607599198818207
A0A7W2FPE8,ornithine,Tri,taurine,TCA,0.20841026306152344
A0A7W2FPE8,phenylalanine,Mono,glycine,GLCA,0.2740194797515869
A0A7W2FPE8,phenylalanine,Mono,taurine,TLCA,0.45729130506515503
A0A7W2FPE8,phenylalanine,Di,glycine,GDCA,0.3048039674758911
A0A7W2FPE8,phenylalanine,Di,taurine,TDCA,0.38374561071395874
A0A7W2FPE8,phenylalanine,Tri,glycine,GCA,0.271875262260437
A0A7W2FPE8,phenylalanine,Tri,taurine,TCA,0.3164517879486084
A0A7W2FPE8,serine,Mono,glycine,GLCA,0.28686755895614624
A0A7W2FPE8,serine,Mono,taurine,TLCA,0.4202245771884918
A0A7W2FPE8,serine,Di,glycine,GDCA,0.30206504464149475
A0A7W2FPE8,serine,Di,taurine,TDCA,0.38866740465164185
A0A7W2FPE8,serine,Tri,glycine,GCA,0.3035486936569214
A0A7W2FPE8,serine,Tri,taurine,TCA,0.3032134473323822
A0A7W2FPE8,threonine,Mono,glycine,GLCA,0.28146958351135254
A0A7W2FPE8,threonine,Mono,taurine,TLCA,0.47140008211135864
A0A7W2FPE8,threonine,Di,glycine,GDCA,0.383819043636322
A0A7W2FPE8,threonine,Di,taurine,TDCA,0.4252358675003052
A0A7W2FPE8,threonine,Tri,glycine,GCA,0.30375730991363525
A0A7W2FPE8,threonine,Tri,taurine,TCA,0.34169089794158936
A0A7W2FPE8,tryptamine,Mono,glycine,GLCA,0.1772426813840866
A0A7W2FPE8,tryptamine,Mono,taurine,TLCA,0.21380355954170227
A0A7W2FPE8,tryptamine,Di,glycine,GDCA,0.21471133828163147
A0A7W2FPE8,tryptamine,Di,taurine,TDCA,0.19645652174949646
A0A7W2FPE8,tryptamine,Tri,glycine,GCA,0.2150844931602478
A0A7W2FPE8,tryptamine,Tri,taurine,TCA,0.16293880343437195
A0A7W2FPE8,cadaverine,Mono,glycine,GLCA,0.20673750340938568
A0A7W2FPE8,cadaverine,Mono,taurine,TLCA,0.2003130465745926
A0A7W2FPE8,cadaverine,Di,glycine,GDCA,0.21400609612464905
A0A7W2FPE8,cadaverine,Di,taurine,TDCA,0.16752903163433075
A0A7W2FPE8,cadaverine,Tri,glycine,GCA,0.2155008316040039
A0A7W2FPE8,cadaverine,Tri,taurine,TCA,0.16825458407402039
A0A7W2FPE8,putrescine,Mono,glycine,GLCA,0.22337251901626587
A0A7W2FPE8,putrescine,Mono,taurine,TLCA,0.26169800758361816
A0A7W2FPE8,putrescine,Di,glycine,GDCA,0.22592072188854218
A0A7W2FPE8,putrescine,Di,taurine,TDCA,0.19467602670192719
A0A7W2FPE8,putrescine,Tri,glycine,GCA,0.1966470628976822
A0A7W2FPE8,putrescine,Tri,taurine,TCA,0.17002372443675995
A0A7W2FPE8,2_aminophenol,Mono,glycine,GLCA,0.24230942130088806
A0A7W2FPE8,2_aminophenol,Mono,taurine,TLCA,0.3657936751842499
A0A7W2FPE8,2_aminophenol,Di,glycine,GDCA,0.33399370312690735
A0A7W2FPE8,2_aminophenol,Di,taurine,TDCA,0.36455652117729187
A0A7W2FPE8,2_aminophenol,Tri,glycine,GCA,0.26587027311325073
A0A7W2FPE8,2_aminophenol,Tri,taurine,TCA,0.2810806930065155
A0A7W2FPE8,serotonin,Mono,glycine,GLCA,0.1696854531764984
A0A7W2FPE8,serotonin,Mono,taurine,TLCA,0.2761799693107605
A0A7W2FPE8,serotonin,Di,glycine,GDCA,0.25324884057044983
A0A7W2FPE8,serotonin,Di,taurine,TDCA,0.22497975826263428
A0A7W2FPE8,serotonin,Tri,glycine,GCA,0.2541305720806122
A0A7W2FPE8,serotonin,Tri,taurine,TCA,0.21475863456726074
A0A7W2FPE8,tyramine,Mono,glycine,GLCA,0.2206726223230362
A0A7W2FPE8,tyramine,Mono,taurine,TLCA,0.24539399147033691
A0A7W2FPE8,tyramine,Di,glycine,GDCA,0.25634923577308655
A0A7W2FPE8,tyramine,Di,taurine,TDCA,0.19904346764087677
A0A7W2FPE8,tyramine,Tri,glycine,GCA,0.22696581482887268
A0A7W2FPE8,tyramine,Tri,taurine,TCA,0.1844840943813324
A0A7W2FPE8,cystine,Mono,glycine,GLCA,0.15204018354415894
A0A7W2FPE8,cystine,Mono,taurine,TLCA,0.3013512194156647
A0A7W2FPE8,cystine,Di,glycine,GDCA,0.17263436317443848
A0A7W2FPE8,cystine,Di,taurine,TDCA,0.10309372842311859
A0A7W2FPE8,cystine,Tri,glycine,GCA,0.1913931518793106
A0A7W2FPE8,cystine,Tri,taurine,TCA,0.12773087620735168
A0A848U0C2,"2,3_diaminopropionic acid",Mono,glycine,GLCA,0.10800016671419144
A0A848U0C2,"2,3_diaminopropionic acid",Mono,taurine,TLCA,0.2364310324192047
A0A848U0C2,"2,3_diaminopropionic acid",Di,glycine,GDCA,0.2505500316619873
A0A848U0C2,"2,3_diaminopropionic acid",Di,taurine,TDCA,0.27137091755867004
A0A848U0C2,"2,3_diaminopropionic acid",Tri,glycine,GCA,0.2535250782966614
A0A848U0C2,"2,3_diaminopropionic acid",Tri,taurine,TCA,0.20722927153110504
A0A848U0C2,3_methoxytyramine,Mono,glycine,GLCA,-0.06405292451381683
A0A848U0C2,3_methoxytyramine,Mono,taurine,TLCA,-0.012853095307946205
A0A848U0C2,3_methoxytyramine,Di,glycine,GDCA,-0.007760685868561268
A0A848U0C2,3_methoxytyramine,Di,taurine,TDCA,-0.054183296859264374
A0A848U0C2,3_methoxytyramine,Tri,glycine,GCA,-0.02386801317334175
A0A848U0C2,3_methoxytyramine,Tri,taurine,TCA,-0.061739303171634674
A0A848U0C2,asparagine,Mono,glycine,GLCA,0.1466173231601715
A0A848U0C2,asparagine,Mono,taurine,TLCA,0.3190355896949768
A0A848U0C2,asparagine,Di,glycine,GDCA,0.18082788586616516
A0A848U0C2,asparagine,Di,taurine,TDCA,0.22149671614170074
A0A848U0C2,asparagine,Tri,glycine,GCA,0.18343882262706757
A0A848U0C2,asparagine,Tri,taurine,TCA,0.1962624341249466
A0A848U0C2,proline,Mono,glycine,GLCA,0.17495355010032654
A0A848U0C2,proline,Mono,taurine,TLCA,0.30932897329330444
A0A848U0C2,proline,Di,glycine,GDCA,0.13822999596595764
A0A848U0C2,proline,Di,taurine,TDCA,0.1533544957637787
A0A848U0C2,proline,Tri,glycine,GCA,0.17934873700141907
A0A848U0C2,proline,Tri,taurine,TCA,0.1514410525560379
A0A848U0C2,dopamine,Mono,glycine,GLCA,0.031046975404024124
A0A848U0C2,dopamine,Mono,taurine,TLCA,0.1354755163192749
A0A848U0C2,dopamine,Di,glycine,GDCA,0.13650783896446228
A0A848U0C2,dopamine,Di,taurine,TDCA,0.10168460756540298
A0A848U0C2,dopamine,Tri,glycine,GCA,0.08700886368751526
A0A848U0C2,dopamine,Tri,taurine,TCA,0.05382722616195679
A0A848U0C2,gaba,Mono,glycine,GLCA,0.037086017429828644
A0A848U0C2,gaba,Mono,taurine,TLCA,0.1330692321062088
A0A848U0C2,gaba,Di,glycine,GDCA,0.15036949515342712
A0A848U0C2,gaba,Di,taurine,TDCA,0.1329423487186432
A0A848U0C2,gaba,Tri,glycine,GCA,0.1584179848432541
A0A848U0C2,gaba,Tri,taurine,TCA,0.1187899187207222
A0A848U0C2,glyglycine,Mono,glycine,GLCA,0.04389353096485138
A0A848U0C2,glyglycine,Mono,taurine,TLCA,0.08454954624176025
A0A848U0C2,glyglycine,Di,glycine,GDCA,0.10412156581878662
A0A848U0C2,glyglycine,Di,taurine,TDCA,0.050988685339689255
A0A848U0C2,glyglycine,Tri,glycine,GCA,0.02454860508441925
A0A848U0C2,glyglycine,Tri,taurine,TCA,-0.027183368802070618
A0A848U0C2,alanine,Mono,glycine,GLCA,0.11185237765312195
A0A848U0C2,alanine,Mono,taurine,TLCA,0.1586504727602005
A0A848U0C2,alanine,Di,glycine,GDCA,0.15262120962142944
A0A848U0C2,alanine,Di,taurine,TDCA,0.10629622638225555
A0A848U0C2,alanine,Tri,glycine,GCA,0.11665992438793182
A0A848U0C2,alanine,Tri,taurine,TCA,0.05571454390883446
A0A848U0C2,arginine,Mono,glycine,GLCA,0.032191742211580276
A0A848U0C2,arginine,Mono,taurine,TLCA,0.2319931983947754
A0A848U0C2,arginine,Di,glycine,GDCA,0.15394051373004913
A0A848U0C2,arginine,Di,taurine,TDCA,0.23729565739631653
A0A848U0C2,arginine,Tri,glycine,GCA,0.15644018352031708
A0A848U0C2,arginine,Tri,taurine,TCA,0.16428342461585999
A0A848U0C2,citrulline,Mono,glycine,GLCA,0.13847452402114868
A0A848U0C2,citrulline,Mono,taurine,TLCA,0.3165076971054077
A0A848U0C2,citrulline,Di,glycine,GDCA,0.19502419233322144
A0A848U0C2,citrulline,Di,taurine,TDCA,0.2517266869544983
A0A848U0C2,citrulline,Tri,glycine,GCA,0.21557025611400604
A0A848U0C2,citrulline,Tri,taurine,TCA,0.2246519923210144
A0A848U0C2,glutamine,Mono,glycine,GLCA,0.1572534292936325
A0A848U0C2,glutamine,Mono,taurine,TLCA,0.32874879240989685
A0A848U0C2,glutamine,Di,glycine,GDCA,0.25737491250038147
A0A848U0C2,glutamine,Di,taurine,TDCA,0.2916906476020813
A0A848U0C2,glutamine,Tri,glycine,GCA,0.21306273341178894
A0A848U0C2,glutamine,Tri,taurine,TCA,0.2454490214586258
A0A848U0C2,histidine,Mono,glycine,GLCA,0.16595923900604248
A0A848U0C2,histidine,Mono,taurine,TLCA,0.3694095015525818
A0A848U0C2,histidine,Di,glycine,GDCA,0.21132387220859528
A0A848U0C2,histidine,Di,taurine,TDCA,0.31704792380332947
A0A848U0C2,histidine,Tri,glycine,GCA,0.2027648538351059
A0A848U0C2,histidine,Tri,taurine,TCA,0.26843956112861633
A0A848U0C2,lysine,Mono,glycine,GLCA,0.017522044479846954
A0A848U0C2,lysine,Mono,taurine,TLCA,0.11991839110851288
A0A848U0C2,lysine,Di,glycine,GDCA,0.16625110805034637
A0A848U0C2,lysine,Di,taurine,TDCA,0.15543076395988464
A0A848U0C2,lysine,Tri,glycine,GCA,0.17360104620456696
A0A848U0C2,lysine,Tri,taurine,TCA,0.13170115649700165
A0A848U0C2,methionine,Mono,glycine,GLCA,0.1073131263256073
A0A848U0C2,methionine,Mono,taurine,TLCA,0.18950150907039642
A0A848U0C2,methionine,Di,glycine,GDCA,0.11442122608423233
A0A848U0C2,methionine,Di,taurine,TDCA,0.11054329574108124
A0A848U0C2,methionine,Tri,glycine,GCA,0.1367051750421524
A0A848U0C2,methionine,Tri,taurine,TCA,0.13628774881362915
A0A848U0C2,ornithine,Mono,glycine,GLCA,0.02999250218272209
A0A848U0C2,ornithine,Mono,taurine,TLCA,0.11786283552646637
A0A848U0C2,ornithine,Di,glycine,GDCA,0.16745512187480927
A0A848U0C2,ornithine,Di,taurine,TDCA,0.14847098290920258
A0A848U0C2,ornithine,Tri,glycine,GCA,0.18117837607860565
A0A848U0C2,ornithine,Tri,taurine,TCA,0.14347988367080688
A0A848U0C2,phenylalanine,Mono,glycine,GLCA,0.17054426670074463
A0A848U0C2,phenylalanine,Mono,taurine,TLCA,0.3350509703159332
A0A848U0C2,phenylalanine,Di,glycine,GDCA,0.22761422395706177
A0A848U0C2,phenylalanine,Di,taurine,TDCA,0.33751559257507324
A0A848U0C2,phenylalanine,Tri,glycine,GCA,0.19840796291828156
A0A848U0C2,phenylalanine,Tri,taurine,TCA,0.22894570231437683
A0A848U0C2,serine,Mono,glycine,GLCA,0.17323124408721924
A0A848U0C2,serine,Mono,taurine,TLCA,0.2870546579360962
A0A848U0C2,serine,Di,glycine,GDCA,0.22313544154167175
A0A848U0C2,serine,Di,taurine,TDCA,0.30318695306777954
A0A848U0C2,serine,Tri,glycine,GCA,0.1983402520418167
A0A848U0C2,serine,Tri,taurine,TCA,0.20673811435699463
A0A848U0C2,threonine,Mono,glycine,GLCA,0.1471230834722519
A0A848U0C2,threonine,Mono,taurine,TLCA,0.32336437702178955
A0A848U0C2,threonine,Di,glycine,GDCA,0.24707548320293427
A0A848U0C2,threonine,Di,taurine,TDCA,0.29549917578697205
A0A848U0C2,threonine,Tri,glycine,GCA,0.1695869266986847
A0A848U0C2,threonine,Tri,taurine,TCA,0.21723121404647827
A0A848U0C2,tryptamine,Mono,glycine,GLCA,0.05774778872728348
A0A848U0C2,tryptamine,Mono,taurine,TLCA,0.11047693341970444
A0A848U0C2,tryptamine,Di,glycine,GDCA,0.16466087102890015
A0A848U0C2,tryptamine,Di,taurine,TDCA,0.13739201426506042
A0A848U0C2,tryptamine,Tri,glycine,GCA,0.11379607021808624
A0A848U0C2,tryptamine,Tri,taurine,TCA,0.07961482554674149
A0A848U0C2,cadaverine,Mono,glycine,GLCA,0.0737442597746849
A0A848U0C2,cadaverine,Mono,taurine,TLCA,0.13737855851650238
A0A848U0C2,cadaverine,Di,glycine,GDCA,0.15597544610500336
A0A848U0C2,cadaverine,Di,taurine,TDCA,0.15455877780914307
A0A848U0C2,cadaverine,Tri,glycine,GCA,0.17425504326820374
A0A848U0C2,cadaverine,Tri,taurine,TCA,0.14116574823856354
A0A848U0C2,putrescine,Mono,glycine,GLCA,0.07890759408473969
A0A848U0C2,putrescine,Mono,taurine,TLCA,0.2080325037240982
A0A848U0C2,putrescine,Di,glycine,GDCA,0.176039457321167
A0A848U0C2,putrescine,Di,taurine,TDCA,0.18612587451934814
A0A848U0C2,putrescine,Tri,glycine,GCA,0.1593896746635437
A0A848U0C2,putrescine,Tri,taurine,TCA,0.1291043609380722
A0A848U0C2,2_aminophenol,Mono,glycine,GLCA,0.13483531773090363
A0A848U0C2,2_aminophenol,Mono,taurine,TLCA,0.2762849032878876
A0A848U0C2,2_aminophenol,Di,glycine,GDCA,0.2257174551486969
A0A848U0C2,2_aminophenol,Di,taurine,TDCA,0.296755313873291
A0A848U0C2,2_aminophenol,Tri,glycine,GCA,0.1950109899044037
A0A848U0C2,2_aminophenol,Tri,taurine,TCA,0.2237112671136856
A0A848U0C2,serotonin,Mono,glycine,GLCA,0.060688164085149765
A0A848U0C2,serotonin,Mono,taurine,TLCA,0.15411217510700226
A0A848U0C2,serotonin,Di,glycine,GDCA,0.17290621995925903
A0A848U0C2,serotonin,Di,taurine,TDCA,0.15055471658706665
A0A848U0C2,serotonin,Tri,glycine,GCA,0.19502153992652893
A0A848U0C2,serotonin,Tri,taurine,TCA,0.1257532835006714
A0A848U0C2,tyramine,Mono,glycine,GLCA,0.03937365859746933
A0A848U0C2,tyramine,Mono,taurine,TLCA,0.10990670323371887
A0A848U0C2,tyramine,Di,glycine,GDCA,0.1532042771577835
A0A848U0C2,tyramine,Di,taurine,TDCA,0.12486366182565689
A0A848U0C2,tyramine,Tri,glycine,GCA,0.11072461307048798
A0A848U0C2,tyramine,Tri,taurine,TCA,0.0850546583533287
A0A848U0C2,cystine,Mono,glycine,GLCA,0.030426781624555588
A0A848U0C2,cystine,Mono,taurine,TLCA,0.20078717172145844
A0A848U0C2,cystine,Di,glycine,GDCA,0.12687566876411438
A0A848U0C2,cystine,Di,taurine,TDCA,0.058056075125932693
A0A848U0C2,cystine,Tri,glycine,GCA,0.13681156933307648
A0A848U0C2,cystine,Tri,taurine,TCA,0.06703361868858337
A0A8D5FTP2,"2,3_diaminopropionic acid",Mono,glycine,GLCA,0.20044776797294617
A0A8D5FTP2,"2,3_diaminopropionic acid",Mono,taurine,TLCA,0.3496483564376831
A0A8D5FTP2,"2,3_diaminopropionic acid",Di,glycine,GDCA,0.32183387875556946
A0A8D5FTP2,"2,3_diaminopropionic acid",Di,taurine,TDCA,0.2967439889907837
A0A8D5FTP2,"2,3_diaminopropionic acid",Tri,glycine,GCA,0.35078608989715576
A0A8D5FTP2,"2,3_diaminopropionic acid",Tri,taurine,TCA,0.3139001727104187
A0A8D5FTP2,3_methoxytyramine,Mono,glycine,GLCA,0.042793434113264084
A0A8D5FTP2,3_methoxytyramine,Mono,taurine,TLCA,0.10316896438598633
A0A8D5FTP2,3_methoxytyramine,Di,glycine,GDCA,0.08978051692247391
A0A8D5FTP2,3_methoxytyramine,Di,taurine,TDCA,-0.0180282611399889
A0A8D5FTP2,3_methoxytyramine,Tri,glycine,GCA,0.058974917978048325
A0A8D5FTP2,3_methoxytyramine,Tri,taurine,TCA,0.014987349510192871
A0A8D5FTP2,asparagine,Mono,glycine,GLCA,0.22424517571926117
A0A8D5FTP2,asparagine,Mono,taurine,TLCA,0.4484690725803375
A0A8D5FTP2,asparagine,Di,glycine,GDCA,0.24752642214298248
A0A8D5FTP2,asparagine,Di,taurine,TDCA,0.31765758991241455
A0A8D5FTP2,asparagine,Tri,glycine,GCA,0.2798779010772705
A0A8D5FTP2,asparagine,Tri,taurine,TCA,0.3270264267921448
A0A8D5FTP2,proline,Mono,glycine,GLCA,0.28332167863845825
A0A8D5FTP2,proline,Mono,taurine,TLCA,0.43701741099357605
A0A8D5FTP2,proline,Di,glycine,GDCA,0.22626811265945435
A0A8D5FTP2,proline,Di,taurine,TDCA,0.19181978702545166
A0A8D5FTP2,proline,Tri,glycine,GCA,0.24176576733589172
A0A8D5FTP2,proline,Tri,taurine,TCA,0.17181289196014404
A0A8D5FTP2,dopamine,Mono,glycine,GLCA,0.13863110542297363
A0A8D5FTP2,dopamine,Mono,taurine,TLCA,0.2590470314025879
A0A8D5FTP2,dopamine,Di,glycine,GDCA,0.19328641891479492
A0A8D5FTP2,dopamine,Di,taurine,TDCA,0.1515573114156723
A0A8D5FTP2,dopamine,Tri,glycine,GCA,0.21343088150024414
A0A8D5FTP2,dopamine,Tri,taurine,TCA,0.1595560908317566
A0A8D5FTP2,gaba,Mono,glycine,GLCA,0.1667088121175766
A0A8D5FTP2,gaba,Mono,taurine,TLCA,0.22718515992164612
A0A8D5FTP2,gaba,Di,glycine,GDCA,0.18911372125148773
A0A8D5FTP2,gaba,Di,taurine,TDCA,0.1425754427909851
A0A8D5FTP2,gaba,Tri,glycine,GCA,0.24606198072433472
A0A8D5FTP2,gaba,Tri,taurine,TCA,0.1724132001399994
A0A8D5FTP2,glyglycine,Mono,glycine,GLCA,0.1339690089225769
A0A8D5FTP2,glyglycine,Mono,taurine,TLCA,0.1532142460346222
A0A8D5FTP2,glyglycine,Di,glycine,GDCA,0.1145317405462265
A0A8D5FTP2,glyglycine,Di,taurine,TDCA,0.025290783494710922
A0A8D5FTP2,glyglycine,Tri,glycine,GCA,0.08953900635242462
A0A8D5FTP2,glyglycine,Tri,taurine,TCA,0.03432781994342804
A0A8D5FTP2,alanine,Mono,glycine,GLCA,0.19882386922836304
A0A8D5FTP2,alanine,Mono,taurine,TLCA,0.26949232816696167
A0A8D5FTP2,alanine,Di,glycine,GDCA,0.16880716383457184
A0A8D5FTP2,alanine,Di,taurine,TDCA,0.07265405356884003
A0A8D5FTP2,alanine,Tri,glycine,GCA,0.17670822143554688
A0A8D5FTP2,alanine,Tri,taurine,TCA,0.15258492529392242
A0A8D5FTP2,arginine,Mono,glycine,GLCA,0.12903398275375366
A0A8D5FTP2,arginine,Mono,taurine,TLCA,0.3307497501373291
A0A8D5FTP2,arginine,Di,glycine,GDCA,0.18224167823791504
A0A8D5FTP2,arginine,Di,taurine,TDCA,0.2114449441432953
A0A8D5FTP2,arginine,Tri,glycine,GCA,0.26892709732055664
A0A8D5FTP2,arginine,Tri,taurine,TCA,0.22402799129486084
A0A8D5FTP2,citrulline,Mono,glycine,GLCA,0.25655561685562134
A0A8D5FTP2,citrulline,Mono,taurine,TLCA,0.4330769181251526
A0A8D5FTP2,citrulline,Di,glycine,GDCA,0.280387282371521
A0A8D5FTP2,citrulline,Di,taurine,TDCA,0.3268960118293762
A0A8D5FTP2,citrulline,Tri,glycine,GCA,0.2941761910915375
A0A8D5FTP2,citrulline,Tri,taurine,TCA,0.3061824142932892
A0A8D5FTP2,glutamine,Mono,glycine,GLCA,0.255087673664093
A0A8D5FTP2,glutamine,Mono,taurine,TLCA,0.4581904411315918
A0A8D5FTP2,glutamine,Di,glycine,GDCA,0.33859899640083313
A0A8D5FTP2,glutamine,Di,taurine,TDCA,0.3864187002182007
A0A8D5FTP2,glutamine,Tri,glycine,GCA,0.2981977164745331
A0A8D5FTP2,glutamine,Tri,taurine,TCA,0.3315906822681427
A0A8D5FTP2,histidine,Mono,glycine,GLCA,0.27280664443969727
A0A8D5FTP2,histidine,Mono,taurine,TLCA,0.507227897644043
A0A8D5FTP2,histidine,Di,glycine,GDCA,0.2722634971141815
A0A8D5FTP2,histidine,Di,taurine,TDCA,0.3717438578605652
A0A8D5FTP2,histidine,Tri,glycine,GCA,0.3022496700286865
A0A8D5FTP2,histidine,Tri,taurine,TCA,0.4117603302001953
A0A8D5FTP2,lysine,Mono,glycine,GLCA,0.1851813942193985
A0A8D5FTP2,lysine,Mono,taurine,TLCA,0.2138824462890625
A0A8D5FTP2,lysine,Di,glycine,GDCA,0.22941385209560394
A0A8D5FTP2,lysine,Di,taurine,TDCA,0.1948288083076477
A0A8D5FTP2,lysine,Tri,glycine,GCA,0.27526694536209106
A0A8D5FTP2,lysine,Tri,taurine,TCA,0.21828007698059082
A0A8D5FTP2,methionine,Mono,glycine,GLCA,0.1683730185031891
A0A8D5FTP2,methionine,Mono,taurine,TLCA,0.25280189514160156
A0A8D5FTP2,methionine,Di,glycine,GDCA,0.13854141533374786
A0A8D5FTP2,methionine,Di,taurine,TDCA,0.11211257427930832
A0A8D5FTP2,methionine,Tri,glycine,GCA,0.16476744413375854
A0A8D5FTP2,methionine,Tri,taurine,TCA,0.18655633926391602
A0A8D5FTP2,ornithine,Mono,glycine,GLCA,0.18503230810165405
A0A8D5FTP2,ornithine,Mono,taurine,TLCA,0.21373523771762848
A0A8D5FTP2,ornithine,Di,glycine,GDCA,0.22540685534477234
A0A8D5FTP2,ornithine,Di,taurine,TDCA,0.1814500093460083
A0A8D5FTP2,ornithine,Tri,glycine,GCA,0.307441771030426
A0A8D5FTP2,ornithine,Tri,taurine,TCA,0.2339600771665573
A0A8D5FTP2,phenylalanine,Mono,glycine,GLCA,0.2925539016723633
A0A8D5FTP2,phenylalanine,Mono,taurine,TLCA,0.5008751749992371
A0A8D5FTP2,phenylalanine,Di,glycine,GDCA,0.3350415527820587
A0A8D5FTP2,phenylalanine,Di,taurine,TDCA,0.4115326404571533
A0A8D5FTP2,phenylalanine,Tri,glycine,GCA,0.32151371240615845
A0A8D5FTP2,phenylalanine,Tri,taurine,TCA,0.36836162209510803
A0A8D5FTP2,serine,Mono,glycine,GLCA,0.30064988136291504
A0A8D5FTP2,serine,Mono,taurine,TLCA,0.4499649405479431
A0A8D5FTP2,serine,Di,glycine,GDCA,0.3015786111354828
A0A8D5FTP2,serine,Di,taurine,TDCA,0.3794209361076355
A0A8D5FTP2,serine,Tri,glycine,GCA,0.3402796685695648
A0A8D5FTP2,serine,Tri,taurine,TCA,0.33994802832603455
A0A8D5FTP2,threonine,Mono,glycine,GLCA,0.28712937235832214
A0A8D5FTP2,threonine,Mono,taurine,TLCA,0.47711730003356934
A0A8D5FTP2,threonine,Di,glycine,GDCA,0.3698846101760864
A0A8D5FTP2,threonine,Di,taurine,TDCA,0.40724360942840576
A0A8D5FTP2,threonine,Tri,glycine,GCA,0.3306499123573303
A0A8D5FTP2,threonine,Tri,taurine,TCA,0.3584789037704468
A0A8D5FTP2,tryptamine,Mono,glycine,GLCA,0.12908083200454712
A0A8D5FTP2,tryptamine,Mono,taurine,TLCA,0.18947210907936096
A0A8D5FTP2,tryptamine,Di,glycine,GDCA,0.19543370604515076
A0A8D5FTP2,tryptamine,Di,taurine,TDCA,0.16343724727630615
A0A8D5FTP2,tryptamine,Tri,glycine,GCA,0.2286817729473114
A0A8D5FTP2,tryptamine,Tri,taurine,TCA,0.16270509362220764
A0A8D5FTP2,cadaverine,Mono,glycine,GLCA,0.1961495280265808
A0A8D5FTP2,cadaverine,Mono,taurine,TLCA,0.21074947714805603
A0A8D5FTP2,cadaverine,Di,glycine,GDCA,0.21690315008163452
A0A8D5FTP2,cadaverine,Di,taurine,TDCA,0.16524219512939453
A0A8D5FTP2,cadaverine,Tri,glycine,GCA,0.2633276581764221
A0A8D5FTP2,cadaverine,Tri,taurine,TCA,0.19711583852767944
A0A8D5FTP2,putrescine,Mono,glycine,GLCA,0.22512413561344147
A0A8D5FTP2,putrescine,Mono,taurine,TLCA,0.29123014211654663
A0A8D5FTP2,putrescine,Di,glycine,GDCA,0.2503674626350403
A0A8D5FTP2,putrescine,Di,taurine,TDCA,0.20117202401161194
A0A8D5FTP2,putrescine,Tri,glycine,GCA,0.25140291452407837
A0A8D5FTP2,putrescine,Tri,taurine,TCA,0.19823545217514038
A0A8D5FTP2,2_aminophenol,Mono,glycine,GLCA,0.26295924186706543
A0A8D5FTP2,2_aminophenol,Mono,taurine,TLCA,0.3759891986846924
A0A8D5FTP2,2_aminophenol,Di,glycine,GDCA,0.3372158110141754
A0A8D5FTP2,2_aminophenol,Di,taurine,TDCA,0.3488977551460266
A0A8D5FTP2,2_aminophenol,Tri,glycine,GCA,0.3235812485218048
A0A8D5FTP2,2_aminophenol,Tri,taurine,TCA,0.3102114200592041
A0A8D5FTP2,serotonin,Mono,glycine,GLCA,0.12910319864749908
A0A8D5FTP2,serotonin,Mono,taurine,TLCA,0.2656595706939697
A0A8D5FTP2,serotonin,Di,glycine,GDCA,0.2340545356273651
A0A8D5FTP2,serotonin,Di,taurine,TDCA,0.19409099221229553
A0A8D5FTP2,serotonin,Tri,glycine,GCA,0.2905087172985077
A0A8D5FTP2,serotonin,Tri,taurine,TCA,0.23322737216949463
A0A8D5FTP2,tyramine,Mono,glycine,GLCA,0.2009928673505783
A0A8D5FTP2,tyramine,Mono,taurine,TLCA,0.2438613623380661
A0A8D5FTP2,tyramine,Di,glycine,GDCA,0.25373560190200806
A0A8D5FTP2,tyramine,Di,taurine,TDCA,0.18207481503486633
A0A8D5FTP2,tyramine,Tri,glycine,GCA,0.2536512017250061
A0A8D5FTP2,tyramine,Tri,taurine,TCA,0.20981313288211823
A0A8D5FTP2,cystine,Mono,glycine,GLCA,0.14777565002441406
A0A8D5FTP2,cystine,Mono,taurine,TLCA,0.32003337144851685
A0A8D5FTP2,cystine,Di,glycine,GDCA,0.17839092016220093
A0A8D5FTP2,cystine,Di,taurine,TDCA,0.08569251000881195
A0A8D5FTP2,cystine,Tri,glycine,GCA,0.22937986254692078
A0A8D5FTP2,cystine,Tri,taurine,TCA,0.15611830353736877
A0A8J7U9Z7,"2,3_diaminopropionic acid",Mono,glycine,GLCA,0.2383873462677002
A0A8J7U9Z7,"2,3_diaminopropionic acid",Mono,taurine,TLCA,0.36502203345298767
A0A8J7U9Z7,"2,3_diaminopropionic acid",Di,glycine,GDCA,0.3320729434490204
A0A8J7U9Z7,"2,3_diaminopropionic acid",Di,taurine,TDCA,0.3241739571094513
A0A8J7U9Z7,"2,3_diaminopropionic acid",Tri,glycine,GCA,0.3402051031589508
A0A8J7U9Z7,"2,3_diaminopropionic acid",Tri,taurine,TCA,0.29653021693229675
A0A8J7U9Z7,3_methoxytyramine,Mono,glycine,GLCA,0.057471685111522675
A0A8J7U9Z7,3_methoxytyramine,Mono,taurine,TLCA,0.09237699955701828
A0A8J7U9Z7,3_methoxytyramine,Di,glycine,GDCA,0.08400817215442657
A0A8J7U9Z7,3_methoxytyramine,Di,taurine,TDCA,-0.008657298982143402
A0A8J7U9Z7,3_methoxytyramine,Tri,glycine,GCA,0.06834135204553604
A0A8J7U9Z7,3_methoxytyramine,Tri,taurine,TCA,0.02167920023202896
A0A8J7U9Z7,asparagine,Mono,glycine,GLCA,0.2474338412284851
A0A8J7U9Z7,asparagine,Mono,taurine,TLCA,0.4589104652404785
A0A8J7U9Z7,asparagine,Di,glycine,GDCA,0.26726213097572327
A0A8J7U9Z7,asparagine,Di,taurine,TDCA,0.3327254056930542
A0A8J7U9Z7,asparagine,Tri,glycine,GCA,0.2701178193092346
A0A8J7U9Z7,asparagine,Tri,taurine,TCA,0.3110567629337311
A0A8J7U9Z7,proline,Mono,glycine,GLCA,0.29728055000305176
A0A8J7U9Z7,proline,Mono,taurine,TLCA,0.44456005096435547
A0A8J7U9Z7,proline,Di,glycine,GDCA,0.21952755749225616
A0A8J7U9Z7,proline,Di,taurine,TDCA,0.2203245759010315
A0A8J7U9Z7,proline,Tri,glycine,GCA,0.26048487424850464
A0A8J7U9Z7,proline,Tri,taurine,TCA,0.22412344813346863
A0A8J7U9Z7,dopamine,Mono,glycine,GLCA,0.11872145533561707
A0A8J7U9Z7,dopamine,Mono,taurine,TLCA,0.22685123980045319
A0A8J7U9Z7,dopamine,Di,glycine,GDCA,0.15840953588485718
A0A8J7U9Z7,dopamine,Di,taurine,TDCA,0.13444754481315613
A0A8J7U9Z7,dopamine,Tri,glycine,GCA,0.15202656388282776
A0A8J7U9Z7,dopamine,Tri,taurine,TCA,0.11415818333625793
A0A8J7U9Z7,gaba,Mono,glycine,GLCA,0.18138423562049866
A0A8J7U9Z7,gaba,Mono,taurine,TLCA,0.25583481788635254
A0A8J7U9Z7,gaba,Di,glycine,GDCA,0.20118531584739685
A0A8J7U9Z7,gaba,Di,taurine,TDCA,0.16248922049999237
A0A8J7U9Z7,gaba,Tri,glycine,GCA,0.2302989363670349
A0A8J7U9Z7,gaba,Tri,taurine,TCA,0.18578222393989563
A0A8J7U9Z7,glyglycine,Mono,glycine,GLCA,0.16777589917182922
A0A8J7U9Z7,glyglycine,Mono,taurine,TLCA,0.17453044652938843
A0A8J7U9Z7,glyglycine,Di,glycine,GDCA,0.14223626255989075
A0A8J7U9Z7,glyglycine,Di,taurine,TDCA,0.07414739578962326
A0A8J7U9Z7,glyglycine,Tri,glycine,GCA,0.0830647200345993
A0A8J7U9Z7,glyglycine,Tri,taurine,TCA,0.02793833799660206
A0A8J7U9Z7,alanine,Mono,glycine,GLCA,0.23407581448554993
A0A8J7U9Z7,alanine,Mono,taurine,TLCA,0.30498233437538147
A0A8J7U9Z7,alanine,Di,glycine,GDCA,0.22709251940250397
A0A8J7U9Z7,alanine,Di,taurine,TDCA,0.1664002537727356
A0A8J7U9Z7,alanine,Tri,glycine,GCA,0.2254437506198883
A0A8J7U9Z7,alanine,Tri,taurine,TCA,0.1837436854839325
A0A8J7U9Z7,arginine,Mono,glycine,GLCA,0.14584548771381378
A0A8J7U9Z7,arginine,Mono,taurine,TLCA,0.35268378257751465
A0A8J7U9Z7,arginine,Di,glycine,GDCA,0.20659205317497253
A0A8J7U9Z7,arginine,Di,taurine,TDCA,0.26548314094543457
A0A8J7U9Z7,arginine,Tri,glycine,GCA,0.2772827446460724
A0A8J7U9Z7,arginine,Tri,taurine,TCA,0.2712683379650116
A0A8J7U9Z7,citrulline,Mono,glycine,GLCA,0.2870994210243225
A0A8J7U9Z7,citrulline,Mono,taurine,TLCA,0.4792286455631256
A0A8J7U9Z7,citrulline,Di,glycine,GDCA,0.2743867039680481
A0A8J7U9Z7,citrulline,Di,taurine,TDCA,0.33365535736083984
A0A8J7U9Z7,citrulline,Tri,glycine,GCA,0.30104923248291016
A0A8J7U9Z7,citrulline,Tri,taurine,TCA,0.31874191761016846
A0A8J7U9Z7,glutamine,Mono,glycine,GLCA,0.2677000164985657
A0A8J7U9Z7,glutamine,Mono,taurine,TLCA,0.4758014380931854
A0A8J7U9Z7,glutamine,Di,glycine,GDCA,0.34275007247924805
A0A8J7U9Z7,glutamine,Di,taurine,TDCA,0.39416733384132385
A0A8J7U9Z7,glutamine,Tri,glycine,GCA,0.28961414098739624
A0A8J7U9Z7,glutamine,Tri,taurine,TCA,0.34701311588287354
A0A8J7U9Z7,histidine,Mono,glycine,GLCA,0.2797560691833496
A0A8J7U9Z7,histidine,Mono,taurine,TLCA,0.5157480239868164
A0A8J7U9Z7,histidine,Di,glycine,GDCA,0.3060726821422577
A0A8J7U9Z7,histidine,Di,taurine,TDCA,0.40480974316596985
A0A8J7U9Z7,histidine,Tri,glycine,GCA,0.2909775376319885
A0A8J7U9Z7,histidine,Tri,taurine,TCA,0.394523561000824
A0A8J7U9Z7,lysine,Mono,glycine,GLCA,0.17971694469451904
A0A8J7U9Z7,lysine,Mono,taurine,TLCA,0.2504199743270874
A0A8J7U9Z7,lysine,Di,glycine,GDCA,0.23882728815078735
A0A8J7U9Z7,lysine,Di,taurine,TDCA,0.21654435992240906
A0A8J7U9Z7,lysine,Tri,glycine,GCA,0.2619570195674896
A0A8J7U9Z7,lysine,Tri,taurine,TCA,0.22551138699054718
A0A8J7U9Z7,methionine,Mono,glycine,GLCA,0.20850300788879395
A0A8J7U9Z7,methionine,Mono,taurine,TLCA,0.30804696679115295
A0A8J7U9Z7,methionine,Di,glycine,GDCA,0.17137473821640015
A0A8J7U9Z7,methionine,Di,taurine,TDCA,0.16904544830322266
A0A8J7U9Z7,methionine,Tri,glycine,GCA,0.2015417516231537
A0A8J7U9Z7,methionine,Tri,taurine,TCA,0.2168220579624176
A0A8J7U9Z7,ornithine,Mono,glycine,GLCA,0.18508216738700867
A0A8J7U9Z7,ornithine,Mono,taurine,TLCA,0.26377609372138977
A0A8J7U9Z7,ornithine,Di,glycine,GDCA,0.22573110461235046
A0A8J7U9Z7,ornithine,Di,taurine,TDCA,0.21085119247436523
A0A8J7U9Z7,ornithine,Tri,glycine,GCA,0.28349822759628296
A0A8J7U9Z7,ornithine,Tri,taurine,TCA,0.23958095908164978
A0A8J7U9Z7,phenylalanine,Mono,glycine,GLCA,0.2988130450248718
A0A8J7U9Z7,phenylalanine,Mono,taurine,TLCA,0.5017694234848022
A0A8J7U9Z7,phenylalanine,Di,glycine,GDCA,0.3308183550834656
A0A8J7U9Z7,phenylalanine,Di,taurine,TDCA,0.4164022207260132
A0A8J7U9Z7,phenylalanine,Tri,glycine,GCA,0.2970542907714844
A0A8J7U9Z7,phenylalanine,Tri,taurine,TCA,0.35560256242752075
A0A8J7U9Z7,serine,Mono,glycine,GLCA,0.3174194395542145
A0A8J7U9Z7,serine,Mono,taurine,TLCA,0.45782893896102905
A0A8J7U9Z7,serine,Di,glycine,GDCA,0.31990259885787964
A0A8J7U9Z7,serine,Di,taurine,TDCA,0.41508933901786804
A0A8J7U9Z7,serine,Tri,glycine,GCA,0.31589269638061523
A0A8J7U9Z7,serine,Tri,taurine,TCA,0.33127865195274353
A0A8J7U9Z7,threonine,Mono,glycine,GLCA,0.2937670350074768
A0A8J7U9Z7,threonine,Mono,taurine,TLCA,0.45630741119384766
A0A8J7U9Z7,threonine,Di,glycine,GDCA,0.3493131399154663
A0A8J7U9Z7,threonine,Di,taurine,TDCA,0.4113784432411194
A0A8J7U9Z7,threonine,Tri,glycine,GCA,0.2859748303890228
A0A8J7U9Z7,threonine,Tri,taurine,TCA,0.33562833070755005
A0A8J7U9Z7,tryptamine,Mono,glycine,GLCA,0.125869482755661
A0A8J7U9Z7,tryptamine,Mono,taurine,TLCA,0.14317502081394196
A0A8J7U9Z7,tryptamine,Di,glycine,GDCA,0.17729444801807404
A0A8J7U9Z7,tryptamine,Di,taurine,TDCA,0.15197235345840454
A0A8J7U9Z7,tryptamine,Tri,glycine,GCA,0.17947036027908325
A0A8J7U9Z7,tryptamine,Tri,taurine,TCA,0.13662934303283691
A0A8J7U9Z7,cadaverine,Mono,glycine,GLCA,0.22762209177017212
A0A8J7U9Z7,cadaverine,Mono,taurine,TLCA,0.2557438015937805
A0A8J7U9Z7,cadaverine,Di,glycine,GDCA,0.23734477162361145
A0A8J7U9Z7,cadaverine,Di,taurine,TDCA,0.21141554415225983
A0A8J7U9Z7,cadaverine,Tri,glycine,GCA,0.2551153600215912
A0A8J7U9Z7,cadaverine,Tri,taurine,TCA,0.21709920465946198
A0A8J7U9Z7,putrescine,Mono,glycine,GLCA,0.22346404194831848
A0A8J7U9Z7,putrescine,Mono,taurine,TLCA,0.33143526315689087
A0A8J7U9Z7,putrescine,Di,glycine,GDCA,0.23872610926628113
A0A8J7U9Z7,putrescine,Di,taurine,TDCA,0.22245749831199646
A0A8J7U9Z7,putrescine,Tri,glycine,GCA,0.22130408883094788
A0A8J7U9Z7,putrescine,Tri,taurine,TCA,0.20133206248283386
A0A8J7U9Z7,2_aminophenol,Mono,glycine,GLCA,0.2876831591129303
A0A8J7U9Z7,2_aminophenol,Mono,taurine,TLCA,0.3932679295539856
A0A8J7U9Z7,2_aminophenol,Di,glycine,GDCA,0.3339631259441376
A0A8J7U9Z7,2_aminophenol,Di,taurine,TDCA,0.39623114466667175
A0A8J7U9Z7,2_aminophenol,Tri,glycine,GCA,0.30400291085243225
A0A8J7U9Z7,2_aminophenol,Tri,taurine,TCA,0.33005979657173157
A0A8J7U9Z7,serotonin,Mono,glycine,GLCA,0.12996940314769745
A0A8J7U9Z7,serotonin,Mono,taurine,TLCA,0.2288740873336792
A0A8J7U9Z7,serotonin,Di,glycine,GDCA,0.20410040020942688
A0A8J7U9Z7,serotonin,Di,taurine,TDCA,0.19742660224437714
A0A8J7U9Z7,serotonin,Tri,glycine,GCA,0.24791967868804932
A0A8J7U9Z7,serotonin,Tri,taurine,TCA,0.20684584975242615
A0A8J7U9Z7,tyramine,Mono,glycine,GLCA,0.16063204407691956
A0A8J7U9Z7,tyramine,Mono,taurine,TLCA,0.21713824570178986
A0A8J7U9Z7,tyramine,Di,glycine,GDCA,0.2018032819032669
A0A8J7U9Z7,tyramine,Di,taurine,TDCA,0.1577826589345932
A0A8J7U9Z7,tyramine,Tri,glycine,GCA,0.18371336162090302
A0A8J7U9Z7,tyramine,Tri,taurine,TCA,0.15935727953910828
A0A8J7U9Z7,cystine,Mono,glycine,GLCA,0.1678825467824936
A0A8J7U9Z7,cystine,Mono,taurine,TLCA,0.3179135322570801
A0A8J7U9Z7,cystine,Di,glycine,GDCA,0.21245524287223816
A0A8J7U9Z7,cystine,Di,taurine,TDCA,0.11962080001831055
A0A8J7U9Z7,cystine,Tri,glycine,GCA,0.22816897928714752
A0A8J7U9Z7,cystine,Tri,taurine,TCA,0.15807268023490906
A0A942AQR8,"2,3_diaminopropionic acid",Mono,glycine,GLCA,0.21157726645469666
A0A942AQR8,"2,3_diaminopropionic acid",Mono,taurine,TLCA,0.3460882008075714
A0A942AQR8,"2,3_diaminopropionic acid",Di,glycine,GDCA,0.32792162895202637
A0A942AQR8,"2,3_diaminopropionic acid",Di,taurine,TDCA,0.31225255131721497
A0A942AQR8,"2,3_diaminopropionic acid",Tri,glycine,GCA,0.33882391452789307
A0A942AQR8,"2,3_diaminopropionic acid",Tri,taurine,TCA,0.30108439922332764
A0A942AQR8,3_methoxytyramine,Mono,glycine,GLCA,0.04444475844502449
A0A942AQR8,3_methoxytyramine,Mono,taurine,TLCA,0.09644006192684174
A0A942AQR8,3_methoxytyramine,Di,glycine,GDCA,0.11588060855865479
A0A942AQR8,3_methoxytyramine,Di,taurine,TDCA,0.014261526986956596
A0A942AQR8,3_methoxytyramine,Tri,glycine,GCA,0.07055002450942993
A0A942AQR8,3_methoxytyramine,Tri,taurine,TCA,0.03040698915719986
A0A942AQR8,asparagine,Mono,glycine,GLCA,0.22842112183570862
A0A942AQR8,asparagine,Mono,taurine,TLCA,0.4477057456970215
A0A942AQR8,asparagine,Di,glycine,GDCA,0.2609694302082062
A0A942AQR8,asparagine,Di,taurine,TDCA,0.33491718769073486
A0A942AQR8,asparagine,Tri,glycine,GCA,0.2778048515319824
A0A942AQR8,asparagine,Tri,taurine,TCA,0.3214399218559265
A0A942AQR8,proline,Mono,glycine,GLCA,0.29165738821029663
A0A942AQR8,proline,Mono,taurine,TLCA,0.4332900047302246
A0A942AQR8,proline,Di,glycine,GDCA,0.23418061435222626
A0A942AQR8,proline,Di,taurine,TDCA,0.20956003665924072
A0A942AQR8,proline,Tri,glycine,GCA,0.25018438696861267
A0A942AQR8,proline,Tri,taurine,TCA,0.18730324506759644
A0A942AQR8,dopamine,Mono,glycine,GLCA,0.1429355889558792
A0A942AQR8,dopamine,Mono,taurine,TLCA,0.25494349002838135
A0A942AQR8,dopamine,Di,glycine,GDCA,0.19619646668434143
A0A942AQR8,dopamine,Di,taurine,TDCA,0.1647510528564453
A0A942AQR8,dopamine,Tri,glycine,GCA,0.19443824887275696
A0A942AQR8,dopamine,Tri,taurine,TCA,0.15105582773685455
A0A942AQR8,gaba,Mono,glycine,GLCA,0.17711451649665833
A0A942AQR8,gaba,Mono,taurine,TLCA,0.24661825597286224
A0A942AQR8,gaba,Di,glycine,GDCA,0.20318329334259033
A0A942AQR8,gaba,Di,taurine,TDCA,0.15317802131175995
A0A942AQR8,gaba,Tri,glycine,GCA,0.23073866963386536
A0A942AQR8,gaba,Tri,taurine,TCA,0.16923367977142334
A0A942AQR8,glyglycine,Mono,glycine,GLCA,0.16745582222938538
A0A942AQR8,glyglycine,Mono,taurine,TLCA,0.17289867997169495
A0A942AQR8,glyglycine,Di,glycine,GDCA,0.1461547315120697
A0A942AQR8,glyglycine,Di,taurine,TDCA,0.07757304608821869
A0A942AQR8,glyglycine,Tri,glycine,GCA,0.09287812560796738
A0A942AQR8,glyglycine,Tri,taurine,TCA,0.03959541395306587
A0A942AQR8,alanine,Mono,glycine,GLCA,0.2157004177570343
A0A942AQR8,alanine,Mono,taurine,TLCA,0.28124499320983887
A0A942AQR8,alanine,Di,glycine,GDCA,0.2026159167289734
A0A942AQR8,alanine,Di,taurine,TDCA,0.12955299019813538
A0A942AQR8,alanine,Tri,glycine,GCA,0.19619378447532654
A0A942AQR8,alanine,Tri,taurine,TCA,0.17814165353775024
A0A942AQR8,arginine,Mono,glycine,GLCA,0.14184817671775818
A0A942AQR8,arginine,Mono,taurine,TLCA,0.337549090385437
A0A942AQR8,arginine,Di,glycine,GDCA,0.19386272132396698
A0A942AQR8,arginine,Di,taurine,TDCA,0.2357696294784546
A0A942AQR8,arginine,Tri,glycine,GCA,0.2553514242172241
A0A942AQR8,arginine,Tri,taurine,TCA,0.22617611289024353
A0A942AQR8,citrulline,Mono,glycine,GLCA,0.2702788710594177
A0A942AQR8,citrulline,Mono,taurine,TLCA,0.443420946598053
A0A942AQR8,citrulline,Di,glycine,GDCA,0.2746000587940216
A0A942AQR8,citrulline,Di,taurine,TDCA,0.3172895908355713
A0A942AQR8,citrulline,Tri,glycine,GCA,0.2901691496372223
A0A942AQR8,citrulline,Tri,taurine,TCA,0.2945006191730499
A0A942AQR8,glutamine,Mono,glycine,GLCA,0.2455018162727356
A0A942AQR8,glutamine,Mono,taurine,TLCA,0.4513075351715088
A0A942AQR8,glutamine,Di,glycine,GDCA,0.34563225507736206
A0A942AQR8,glutamine,Di,taurine,TDCA,0.3972773253917694
A0A942AQR8,glutamine,Tri,glycine,GCA,0.29072487354278564
A0A942AQR8,glutamine,Tri,taurine,TCA,0.33625420928001404
A0A942AQR8,histidine,Mono,glycine,GLCA,0.2631321847438812
A0A942AQR8,histidine,Mono,taurine,TLCA,0.501647412776947
A0A942AQR8,histidine,Di,glycine,GDCA,0.2860088050365448
A0A942AQR8,histidine,Di,taurine,TDCA,0.37978243827819824
A0A942AQR8,histidine,Tri,glycine,GCA,0.28946059942245483
A0A942AQR8,histidine,Tri,taurine,TCA,0.39325860142707825
A0A942AQR8,lysine,Mono,glycine,GLCA,0.19062796235084534
A0A942AQR8,lysine,Mono,taurine,TLCA,0.22758665680885315
A0A942AQR8,lysine,Di,glycine,GDCA,0.2345791906118393
A0A942AQR8,lysine,Di,taurine,TDCA,0.21077102422714233
A0A942AQR8,lysine,Tri,glycine,GCA,0.25228503346443176
A0A942AQR8,lysine,Tri,taurine,TCA,0.21131497621536255
A0A942AQR8,methionine,Mono,glycine,GLCA,0.18269097805023193
A0A942AQR8,methionine,Mono,taurine,TLCA,0.2564050257205963
A0A942AQR8,methionine,Di,glycine,GDCA,0.1508082151412964
A0A942AQR8,methionine,Di,taurine,TDCA,0.1300186663866043
A0A942AQR8,methionine,Tri,glycine,GCA,0.16339220106601715
A0A942AQR8,methionine,Tri,taurine,TCA,0.18307188153266907
A0A942AQR8,ornithine,Mono,glycine,GLCA,0.18295280635356903
A0A942AQR8,ornithine,Mono,taurine,TLCA,0.21748149394989014
A0A942AQR8,ornithine,Di,glycine,GDCA,0.2159126102924347
A0A942AQR8,ornithine,Di,taurine,TDCA,0.19424250721931458
A0A942AQR8,ornithine,Tri,glycine,GCA,0.27753007411956787
A0A942AQR8,ornithine,Tri,taurine,TCA,0.2213975489139557
A0A942AQR8,phenylalanine,Mono,glycine,GLCA,0.29241830110549927
A0A942AQR8,phenylalanine,Mono,taurine,TLCA,0.49578243494033813
A0A942AQR8,phenylalanine,Di,glycine,GDCA,0.3446992039680481
A0A942AQR8,phenylalanine,Di,taurine,TDCA,0.4313090741634369
A0A942AQR8,phenylalanine,Tri,glycine,GCA,0.31263262033462524
A0A942AQR8,phenylalanine,Tri,taurine,TCA,0.3709888458251953
A0A942AQR8,serine,Mono,glycine,GLCA,0.2947976589202881
A0A942AQR8,serine,Mono,taurine,TLCA,0.436048686504364
A0A942AQR8,serine,Di,glycine,GDCA,0.310458779335022
A0A942AQR8,serine,Di,taurine,TDCA,0.39112693071365356
A0A942AQR8,serine,Tri,glycine,GCA,0.3251286447048187
A0A942AQR8,serine,Tri,taurine,TCA,0.3270875811576843
A0A942AQR8,threonine,Mono,glycine,GLCA,0.2720848619937897
A0A942AQR8,threonine,Mono,taurine,TLCA,0.4614909291267395
A0A942AQR8,threonine,Di,glycine,GDCA,0.3537434935569763
A0A942AQR8,threonine,Di,taurine,TDCA,0.406562864780426
A0A942AQR8,threonine,Tri,glycine,GCA,0.30135470628738403
A0A942AQR8,threonine,Tri,taurine,TCA,0.34453725814819336
A0A942AQR8,tryptamine,Mono,glycine,GLCA,0.14799313247203827
A0A942AQR8,tryptamine,Mono,taurine,TLCA,0.18280701339244843
A0A942AQR8,tryptamine,Di,glycine,GDCA,0.20423069596290588
A0A942AQR8,tryptamine,Di,taurine,TDCA,0.184565931558609
A0A942AQR8,tryptamine,Tri,glycine,GCA,0.2043893039226532
A0A942AQR8,tryptamine,Tri,taurine,TCA,0.15928548574447632
A0A942AQR8,cadaverine,Mono,glycine,GLCA,0.20802170038223267
A0A942AQR8,cadaverine,Mono,taurine,TLCA,0.2213042676448822
A0A942AQR8,cadaverine,Di,glycine,GDCA,0.2264367640018463
A0A942AQR8,cadaverine,Di,taurine,TDCA,0.18511962890625
A0A942AQR8,cadaverine,Tri,glycine,GCA,0.2523860037326813
A0A942AQR8,cadaverine,Tri,taurine,TCA,0.19517093896865845
A0A942AQR8,putrescine,Mono,glycine,GLCA,0.2234196960926056
A0A942AQR8,putrescine,Mono,taurine,TLCA,0.2935348451137543
A0A942AQR8,putrescine,Di,glycine,GDCA,0.24363434314727783
A0A942AQR8,putrescine,Di,taurine,TDCA,0.20553380250930786
A0A942AQR8,putrescine,Tri,glycine,GCA,0.22287197411060333
A0A942AQR8,putrescine,Tri,taurine,TCA,0.18677087128162384
A0A942AQR8,2_aminophenol,Mono,glycine,GLCA,0.24498611688613892
A0A942AQR8,2_aminophenol,Mono,taurine,TLCA,0.36516979336738586
A0A942AQR8,2_aminophenol,Di,glycine,GDCA,0.32778215408325195
A0A942AQR8,2_aminophenol,Di,taurine,TDCA,0.3597572445869446
A0A942AQR8,2_aminophenol,Tri,glycine,GCA,0.2946155071258545
A0A942AQR8,2_aminophenol,Tri,taurine,TCA,0.30041778087615967
A0A942AQR8,serotonin,Mono,glycine,GLCA,0.14269903302192688
A0A942AQR8,serotonin,Mono,taurine,TLCA,0.25506776571273804
A0A942AQR8,serotonin,Di,glycine,GDCA,0.23715712130069733
A0A942AQR8,serotonin,Di,taurine,TDCA,0.21132323145866394
A0A942AQR8,serotonin,Tri,glycine,GCA,0.2703401446342468
A0A942AQR8,serotonin,Tri,taurine,TCA,0.22746089100837708
A0A942AQR8,tyramine,Mono,glycine,GLCA,0.1889784336090088
A0A942AQR8,tyramine,Mono,taurine,TLCA,0.23675784468650818
A0A942AQR8,tyramine,Di,glycine,GDCA,0.24436941742897034
A0A942AQR8,tyramine,Di,taurine,TDCA,0.19245034456253052
A0A942AQR8,tyramine,Tri,glycine,GCA,0.2282974123954773
A0A942AQR8,tyramine,Tri,taurine,TCA,0.2001693993806839
A0A942AQR8,cystine,Mono,glycine,GLCA,0.14892540872097015
A0A942AQR8,cystine,Mono,taurine,TLCA,0.3119026720523834
A0A942AQR8,cystine,Di,glycine,GDCA,0.17292886972427368
A0A942AQR8,cystine,Di,taurine,TDCA,0.09951095283031464
A0A942AQR8,cystine,Tri,glycine,GCA,0.21066662669181824
A0A942AQR8,cystine,Tri,taurine,TCA,0.1493580937385559
A0A952U252,"2,3_diaminopropionic acid",Mono,glycine,GLCA,0.23023484647274017
A0A952U252,"2,3_diaminopropionic acid",Mono,taurine,TLCA,0.366046667098999
A0A952U252,"2,3_diaminopropionic acid",Di,glycine,GDCA,0.3913871943950653
A0A952U252,"2,3_diaminopropionic acid",Di,taurine,TDCA,0.3574727177619934
A0A952U252,"2,3_diaminopropionic acid",Tri,glycine,GCA,0.3530299663543701
A0A952U252,"2,3_diaminopropionic acid",Tri,taurine,TCA,0.321053147315979
A0A952U252,3_methoxytyramine,Mono,glycine,GLCA,0.08823014795780182
A0A952U252,3_methoxytyramine,Mono,taurine,TLCA,0.14505651593208313
A0A952U252,3_methoxytyramine,Di,glycine,GDCA,0.1475716233253479
A0A952U252,3_methoxytyramine,Di,taurine,TDCA,0.04005345702171326
A0A952U252,3_methoxytyramine,Tri,glycine,GCA,0.08907345682382584
A0A952U252,3_methoxytyramine,Tri,taurine,TCA,0.0363427996635437
A0A952U252,asparagine,Mono,glycine,GLCA,0.20483435690402985
A0A952U252,asparagine,Mono,taurine,TLCA,0.4237798750400543
A0A952U252,asparagine,Di,glycine,GDCA,0.27190542221069336
A0A952U252,asparagine,Di,taurine,TDCA,0.34382379055023193
A0A952U252,asparagine,Tri,glycine,GCA,0.27009549736976624
A0A952U252,asparagine,Tri,taurine,TCA,0.3114459216594696
A0A952U252,proline,Mono,glycine,GLCA,0.29980194568634033
A0A952U252,proline,Mono,taurine,TLCA,0.4411013722419739
A0A952U252,proline,Di,glycine,GDCA,0.27288392186164856
A0A952U252,proline,Di,taurine,TDCA,0.2424970418214798
A0A952U252,proline,Tri,glycine,GCA,0.23680701851844788
A0A952U252,proline,Tri,taurine,TCA,0.14780519902706146
A0A952U252,dopamine,Mono,glycine,GLCA,0.20556208491325378
A0A952U252,dopamine,Mono,taurine,TLCA,0.3205464482307434
A0A952U252,dopamine,Di,glycine,GDCA,0.2698191702365875
A0A952U252,dopamine,Di,taurine,TDCA,0.2271251082420349
A0A952U252,dopamine,Tri,glycine,GCA,0.2630631625652313
A0A952U252,dopamine,Tri,taurine,TCA,0.20277416706085205
A0A952U252,gaba,Mono,glycine,GLCA,0.20258581638336182
A0A952U252,gaba,Mono,taurine,TLCA,0.25921180844306946
A0A952U252,gaba,Di,glycine,GDCA,0.2442406266927719
A0A952U252,gaba,Di,taurine,TDCA,0.20401492714881897
A0A952U252,gaba,Tri,glycine,GCA,0.24630171060562134
A0A952U252,gaba,Tri,taurine,TCA,0.18075327575206757
A0A952U252,glyglycine,Mono,glycine,GLCA,0.1699318140745163
A0A952U252,glyglycine,Mono,taurine,TLCA,0.19276979565620422
A0A952U252,glyglycine,Di,glycine,GDCA,0.15781526267528534
A0A952U252,glyglycine,Di,taurine,TDCA,0.08411958068609238
A0A952U252,glyglycine,Tri,glycine,GCA,0.12185892462730408
A0A952U252,glyglycine,Tri,taurine,TCA,0.06598493456840515
A0A952U252,alanine,Mono,glycine,GLCA,0.19622428715229034
A0A952U252,alanine,Mono,taurine,TLCA,0.2687157690525055
A0A952U252,alanine,Di,glycine,GDCA,0.22394926846027374
A0A952U252,alanine,Di,taurine,TDCA,0.13650330901145935
A0A952U252,alanine,Tri,glycine,GCA,0.18074560165405273
A0A952U252,alanine,Tri,taurine,TCA,0.1626000851392746
A0A952U252,arginine,Mono,glycine,GLCA,0.14917992055416107
A0A952U252,arginine,Mono,taurine,TLCA,0.3559824228286743
A0A952U252,arginine,Di,glycine,GDCA,0.21955205500125885
A0A952U252,arginine,Di,taurine,TDCA,0.23435094952583313
A0A952U252,arginine,Tri,glycine,GCA,0.2596978545188904
A0A952U252,arginine,Tri,taurine,TCA,0.20605850219726562
A0A952U252,citrulline,Mono,glycine,GLCA,0.27629345655441284
A0A952U252,citrulline,Mono,taurine,TLCA,0.4481361508369446
A0A952U252,citrulline,Di,glycine,GDCA,0.338901162147522
A0A952U252,citrulline,Di,taurine,TDCA,0.3684775233268738
A0A952U252,citrulline,Tri,glycine,GCA,0.3267669677734375
A0A952U252,citrulline,Tri,taurine,TCA,0.33214688301086426
A0A952U252,glutamine,Mono,glycine,GLCA,0.24451938271522522
A0A952U252,glutamine,Mono,taurine,TLCA,0.4341322183609009
A0A952U252,glutamine,Di,glycine,GDCA,0.37209564447402954
A0A952U252,glutamine,Di,taurine,TDCA,0.4303574860095978
A0A952U252,glutamine,Tri,glycine,GCA,0.30140793323516846
A0A952U252,glutamine,Tri,taurine,TCA,0.3204718232154846
A0A952U252,histidine,Mono,glycine,GLCA,0.2541804909706116
A0A952U252,histidine,Mono,taurine,TLCA,0.4750800132751465
A0A952U252,histidine,Di,glycine,GDCA,0.2849994897842407
A0A952U252,histidine,Di,taurine,TDCA,0.3821108639240265
A0A952U252,histidine,Tri,glycine,GCA,0.3113616704940796
A0A952U252,histidine,Tri,taurine,TCA,0.38803690671920776
A0A952U252,lysine,Mono,glycine,GLCA,0.22557353973388672
A0A952U252,lysine,Mono,taurine,TLCA,0.2446611225605011
A0A952U252,lysine,Di,glycine,GDCA,0.279094934463501
A0A952U252,lysine,Di,taurine,TDCA,0.24180081486701965
A0A952U252,lysine,Tri,glycine,GCA,0.2852863669395447
A0A952U252,lysine,Tri,taurine,TCA,0.21848323941230774
A0A952U252,methionine,Mono,glycine,GLCA,0.16357141733169556
A0A952U252,methionine,Mono,taurine,TLCA,0.23711206018924713
A0A952U252,methionine,Di,glycine,GDCA,0.18021756410598755
A0A952U252,methionine,Di,taurine,TDCA,0.1552157700061798
A0A952U252,methionine,Tri,glycine,GCA,0.16463129222393036
A0A952U252,methionine,Tri,taurine,TCA,0.18055127561092377
A0A952U252,ornithine,Mono,glycine,GLCA,0.21391361951828003
A0A952U252,ornithine,Mono,taurine,TLCA,0.23288989067077637
A0A952U252,ornithine,Di,glycine,GDCA,0.26789364218711853
A0A952U252,ornithine,Di,taurine,TDCA,0.2279829978942871
A0A952U252,ornithine,Tri,glycine,GCA,0.31044405698776245
A0A952U252,ornithine,Tri,taurine,TCA,0.2384006828069687
A0A952U252,phenylalanine,Mono,glycine,GLCA,0.2745808959007263
A0A952U252,phenylalanine,Mono,taurine,TLCA,0.47198474407196045
A0A952U252,phenylalanine,Di,glycine,GDCA,0.3547266721725464
A0A952U252,phenylalanine,Di,taurine,TDCA,0.43693214654922485
A0A952U252,phenylalanine,Tri,glycine,GCA,0.3219382166862488
A0A952U252,phenylalanine,Tri,taurine,TCA,0.3632672429084778
A0A952U252,serine,Mono,glycine,GLCA,0.2866365313529968
A0A952U252,serine,Mono,taurine,TLCA,0.4212292432785034
A0A952U252,serine,Di,glycine,GDCA,0.3403466045856476
A0A952U252,serine,Di,taurine,TDCA,0.41332781314849854
A0A952U252,serine,Tri,glycine,GCA,0.3501182496547699
A0A952U252,serine,Tri,taurine,TCA,0.3327026963233948
A0A952U252,threonine,Mono,glycine,GLCA,0.29880791902542114
A0A952U252,threonine,Mono,taurine,TLCA,0.4993168115615845
A0A952U252,threonine,Di,glycine,GDCA,0.41699445247650146
A0A952U252,threonine,Di,taurine,TDCA,0.4401990473270416
A0A952U252,threonine,Tri,glycine,GCA,0.33196985721588135
A0A952U252,threonine,Tri,taurine,TCA,0.361819326877594
A0A952U252,tryptamine,Mono,glycine,GLCA,0.21147532761096954
A0A952U252,tryptamine,Mono,taurine,TLCA,0.26189500093460083
A0A952U252,tryptamine,Di,glycine,GDCA,0.286338210105896
A0A952U252,tryptamine,Di,taurine,TDCA,0.25477680563926697
A0A952U252,tryptamine,Tri,glycine,GCA,0.2798483967781067
A0A952U252,tryptamine,Tri,taurine,TCA,0.21218350529670715
A0A952U252,cadaverine,Mono,glycine,GLCA,0.23133306205272675
A0A952U252,cadaverine,Mono,taurine,TLCA,0.22002501785755157
A0A952U252,cadaverine,Di,glycine,GDCA,0.26874592900276184
A0A952U252,cadaverine,Di,taurine,TDCA,0.2122495472431183
A0A952U252,cadaverine,Tri,glycine,GCA,0.2532649040222168
A0A952U252,cadaverine,Tri,taurine,TCA,0.19408658146858215
A0A952U252,putrescine,Mono,glycine,GLCA,0.26606184244155884
A0A952U252,putrescine,Mono,taurine,TLCA,0.29250362515449524
A0A952U252,putrescine,Di,glycine,GDCA,0.29396116733551025
A0A952U252,putrescine,Di,taurine,TDCA,0.25283804535865784
A0A952U252,putrescine,Tri,glycine,GCA,0.2406565397977829
A0A952U252,putrescine,Tri,taurine,TCA,0.19891051948070526
A0A952U252,2_aminophenol,Mono,glycine,GLCA,0.2547086775302887
A0A952U252,2_aminophenol,Mono,taurine,TLCA,0.3725665211677551
A0A952U252,2_aminophenol,Di,glycine,GDCA,0.38117533922195435
A0A952U252,2_aminophenol,Di,taurine,TDCA,0.3900243937969208
A0A952U252,2_aminophenol,Tri,glycine,GCA,0.3163858652114868
A0A952U252,2_aminophenol,Tri,taurine,TCA,0.30869612097740173
A0A952U252,serotonin,Mono,glycine,GLCA,0.20853616297245026
A0A952U252,serotonin,Mono,taurine,TLCA,0.3338194191455841
A0A952U252,serotonin,Di,glycine,GDCA,0.3288240134716034
A0A952U252,serotonin,Di,taurine,TDCA,0.2807099223136902
A0A952U252,serotonin,Tri,glycine,GCA,0.33471232652664185
A0A952U252,serotonin,Tri,taurine,TCA,0.2752300798892975
A0A952U252,tyramine,Mono,glycine,GLCA,0.2719385623931885
A0A952U252,tyramine,Mono,taurine,TLCA,0.3018251359462738
A0A952U252,tyramine,Di,glycine,GDCA,0.33690813183784485
A0A952U252,tyramine,Di,taurine,TDCA,0.26546141505241394
A0A952U252,tyramine,Tri,glycine,GCA,0.2999527156352997
A0A952U252,tyramine,Tri,taurine,TCA,0.24453502893447876
A0A952U252,cystine,Mono,glycine,GLCA,0.17992478609085083
A0A952U252,cystine,Mono,taurine,TLCA,0.35337311029434204
A0A952U252,cystine,Di,glycine,GDCA,0.22404006123542786
A0A952U252,cystine,Di,taurine,TDCA,0.16223886609077454
A0A952U252,cystine,Tri,glycine,GCA,0.231512188911438
A0A952U252,cystine,Tri,taurine,TCA,0.16153977811336517
A6LC91,"2,3_diaminopropionic acid",Mono,glycine,GLCA,0.190347358584404
A6LC91,"2,3_diaminopropionic acid",Mono,taurine,TLCA,0.3151436448097229
A6LC91,"2,3_diaminopropionic acid",Di,glycine,GDCA,0.2939002513885498
A6LC91,"2,3_diaminopropionic acid",Di,taurine,TDCA,0.2892199754714966
A6LC91,"2,3_diaminopropionic acid",Tri,glycine,GCA,0.29922226071357727
A6LC91,"2,3_diaminopropionic acid",Tri,taurine,TCA,0.2601264417171478
A6LC91,3_methoxytyramine,Mono,glycine,GLCA,0.00775469746440649
A6LC91,3_methoxytyramine,Mono,taurine,TLCA,0.044806428253650665
A6LC91,3_methoxytyramine,Di,glycine,GDCA,0.028865281492471695
A6LC91,3_methoxytyramine,Di,taurine,TDCA,-0.05159708857536316
A6LC91,3_methoxytyramine,Tri,glycine,GCA,0.02365150861442089
A6LC91,3_methoxytyramine,Tri,taurine,TCA,-0.02050100266933441
A6LC91,asparagine,Mono,glycine,GLCA,0.1961490511894226
A6LC91,asparagine,Mono,taurine,TLCA,0.3849949240684509
A6LC91,asparagine,Di,glycine,GDCA,0.21685582399368286
A6LC91,asparagine,Di,taurine,TDCA,0.2676166296005249
A6LC91,asparagine,Tri,glycine,GCA,0.21303021907806396
A6LC91,asparagine,Tri,taurine,TCA,0.24732238054275513
A6LC91,proline,Mono,glycine,GLCA,0.2517768442630768
A6LC91,proline,Mono,taurine,TLCA,0.39882606267929077
A6LC91,proline,Di,glycine,GDCA,0.21510039269924164
A6LC91,proline,Di,taurine,TDCA,0.21190106868743896
A6LC91,proline,Tri,glycine,GCA,0.22616781294345856
A6LC91,proline,Tri,taurine,TCA,0.18187564611434937
A6LC91,dopamine,Mono,glycine,GLCA,0.08778534829616547
A6LC91,dopamine,Mono,taurine,TLCA,0.1970793902873993
A6LC91,dopamine,Di,glycine,GDCA,0.13662128150463104
A6LC91,dopamine,Di,taurine,TDCA,0.11668747663497925
A6LC91,dopamine,Tri,glycine,GCA,0.12876302003860474
A6LC91,dopamine,Tri,taurine,TCA,0.09857653081417084
A6LC91,gaba,Mono,glycine,GLCA,0.1362628936767578
A6LC91,gaba,Mono,taurine,TLCA,0.19275112450122833
A6LC91,gaba,Di,glycine,GDCA,0.174848735332489
A6LC91,gaba,Di,taurine,TDCA,0.1284896731376648
A6LC91,gaba,Tri,glycine,GCA,0.19378674030303955
A6LC91,gaba,Tri,taurine,TCA,0.14488783478736877
A6LC91,glyglycine,Mono,glycine,GLCA,0.12318291515111923
A6LC91,glyglycine,Mono,taurine,TLCA,0.14210140705108643
A6LC91,glyglycine,Di,glycine,GDCA,0.11068326234817505
A6LC91,glyglycine,Di,taurine,TDCA,0.04773920029401779
A6LC91,glyglycine,Tri,glycine,GCA,0.05646345019340515
A6LC91,glyglycine,Tri,taurine,TCA,0.008009810000658035
A6LC91,alanine,Mono,glycine,GLCA,0.18569445610046387
A6LC91,alanine,Mono,taurine,TLCA,0.24572259187698364
A6LC91,alanine,Di,glycine,GDCA,0.17908649146556854
A6LC91,alanine,Di,taurine,TDCA,0.11916519701480865
A6LC91,alanine,Tri,glycine,GCA,0.18710388243198395
A6LC91,alanine,Tri,taurine,TCA,0.1452389508485794
A6LC91,arginine,Mono,glycine,GLCA,0.12153171002864838
A6LC91,arginine,Mono,taurine,TLCA,0.32119327783584595
A6LC91,arginine,Di,glycine,GDCA,0.18858669698238373
A6LC91,arginine,Di,taurine,TDCA,0.2446996420621872
A6LC91,arginine,Tri,glycine,GCA,0.2297707349061966
A6LC91,arginine,Tri,taurine,TCA,0.22589507699012756
A6LC91,citrulline,Mono,glycine,GLCA,0.2425149381160736
A6LC91,citrulline,Mono,taurine,TLCA,0.41019177436828613
A6LC91,citrulline,Di,glycine,GDCA,0.2434197962284088
A6LC91,citrulline,Di,taurine,TDCA,0.29793429374694824
A6LC91,citrulline,Tri,glycine,GCA,0.267257422208786
A6LC91,citrulline,Tri,taurine,TCA,0.2852044105529785
A6LC91,glutamine,Mono,glycine,GLCA,0.211078941822052
A6LC91,glutamine,Mono,taurine,TLCA,0.3938112258911133
A6LC91,glutamine,Di,glycine,GDCA,0.30267423391342163
A6LC91,glutamine,Di,taurine,TDCA,0.3428892493247986
A6LC91,glutamine,Tri,glycine,GCA,0.24731944501399994
A6LC91,glutamine,Tri,taurine,TCA,0.29507237672805786
A6LC91,histidine,Mono,glycine,GLCA,0.22426530718803406
A6LC91,histidine,Mono,taurine,TLCA,0.44119662046432495
A6LC91,histidine,Di,glycine,GDCA,0.2502853572368622
A6LC91,histidine,Di,taurine,TDCA,0.3474484086036682
A6LC91,histidine,Tri,glycine,GCA,0.24285781383514404
A6LC91,histidine,Tri,taurine,TCA,0.3294324576854706
A6LC91,lysine,Mono,glycine,GLCA,0.12915544211864471
A6LC91,lysine,Mono,taurine,TLCA,0.1883741021156311
A6LC91,lysine,Di,glycine,GDCA,0.20089726150035858
A6LC91,lysine,Di,taurine,TDCA,0.17934022843837738
A6LC91,lysine,Tri,glycine,GCA,0.20947372913360596
A6LC91,lysine,Tri,taurine,TCA,0.17269203066825867
A6LC91,methionine,Mono,glycine,GLCA,0.15045776963233948
A6LC91,methionine,Mono,taurine,TLCA,0.23821155726909637
A6LC91,methionine,Di,glycine,GDCA,0.13538134098052979
A6LC91,methionine,Di,taurine,TDCA,0.11679962277412415
A6LC91,methionine,Tri,glycine,GCA,0.16176320612430573
A6LC91,methionine,Tri,taurine,TCA,0.1740703582763672
A6LC91,ornithine,Mono,glycine,GLCA,0.13252000510692596
A6LC91,ornithine,Mono,taurine,TLCA,0.18955838680267334
A6LC91,ornithine,Di,glycine,GDCA,0.18073900043964386
A6LC91,ornithine,Di,taurine,TDCA,0.17640188336372375
A6LC91,ornithine,Tri,glycine,GCA,0.22867634892463684
A6LC91,ornithine,Tri,taurine,TCA,0.1887550950050354
A6LC91,phenylalanine,Mono,glycine,GLCA,0.24062585830688477
A6LC91,phenylalanine,Mono,taurine,TLCA,0.4196985960006714
A6LC91,phenylalanine,Di,glycine,GDCA,0.2720419764518738
A6LC91,phenylalanine,Di,taurine,TDCA,0.3532496690750122
A6LC91,phenylalanine,Tri,glycine,GCA,0.24077178537845612
A6LC91,phenylalanine,Tri,taurine,TCA,0.28925439715385437
A6LC91,serine,Mono,glycine,GLCA,0.2490638792514801
A6LC91,serine,Mono,taurine,TLCA,0.3609195947647095
A6LC91,serine,Di,glycine,GDCA,0.2684255540370941
A6LC91,serine,Di,taurine,TDCA,0.34767431020736694
A6LC91,serine,Tri,glycine,GCA,0.26150020956993103
A6LC91,serine,Tri,taurine,TCA,0.2736996114253998
A6LC91,threonine,Mono,glycine,GLCA,0.24680158495903015
A6LC91,threonine,Mono,taurine,TLCA,0.4106573462486267
A6LC91,threonine,Di,glycine,GDCA,0.3168010115623474
A6LC91,threonine,Di,taurine,TDCA,0.36876025795936584
A6LC91,threonine,Tri,glycine,GCA,0.25557780265808105
A6LC91,threonine,Tri,taurine,TCA,0.3060038685798645
A6LC91,tryptamine,Mono,glycine,GLCA,0.1029893308877945
A6LC91,tryptamine,Mono,taurine,TLCA,0.12419072538614273
A6LC91,tryptamine,Di,glycine,GDCA,0.16116741299629211
A6LC91,tryptamine,Di,taurine,TDCA,0.1252490133047104
A6LC91,tryptamine,Tri,glycine,GCA,0.16693463921546936
A6LC91,tryptamine,Tri,taurine,TCA,0.12420061230659485
A6LC91,cadaverine,Mono,glycine,GLCA,0.17707328498363495
A6LC91,cadaverine,Mono,taurine,TLCA,0.18458497524261475
A6LC91,cadaverine,Di,glycine,GDCA,0.19840581715106964
A6LC91,cadaverine,Di,taurine,TDCA,0.16349145770072937
A6LC91,cadaverine,Tri,glycine,GCA,0.21507924795150757
A6LC91,cadaverine,Tri,taurine,TCA,0.17299869656562805
A6LC91,putrescine,Mono,glycine,GLCA,0.18474242091178894
A6LC91,putrescine,Mono,taurine,TLCA,0.26059600710868835
A6LC91,putrescine,Di,glycine,GDCA,0.21660299599170685
A6LC91,putrescine,Di,taurine,TDCA,0.19407951831817627
A6LC91,putrescine,Tri,glycine,GCA,0.19161830842494965
A6LC91,putrescine,Tri,taurine,TCA,0.16285856068134308
A6LC91,2_aminophenol,Mono,glycine,GLCA,0.22045758366584778
A6LC91,2_aminophenol,Mono,taurine,TLCA,0.3143046498298645
A6LC91,2_aminophenol,Di,glycine,GDCA,0.2746431827545166
A6LC91,2_aminophenol,Di,taurine,TDCA,0.32596850395202637
A6LC91,2_aminophenol,Tri,glycine,GCA,0.2306767702102661
A6LC91,2_aminophenol,Tri,taurine,TCA,0.25926443934440613
A6LC91,serotonin,Mono,glycine,GLCA,0.11137517541646957
A6LC91,serotonin,Mono,taurine,TLCA,0.19179219007492065
A6LC91,serotonin,Di,glycine,GDCA,0.19482137262821198
A6LC91,serotonin,Di,taurine,TDCA,0.16708186268806458
A6LC91,serotonin,Tri,glycine,GCA,0.22568270564079285
A6LC91,serotonin,Tri,taurine,TCA,0.17365263402462006
A6LC91,tyramine,Mono,glycine,GLCA,0.13041985034942627
A6LC91,tyramine,Mono,taurine,TLCA,0.18184351921081543
A6LC91,tyramine,Di,glycine,GDCA,0.19339214265346527
A6LC91,tyramine,Di,taurine,TDCA,0.1534828394651413
A6LC91,tyramine,Tri,glycine,GCA,0.16972191631793976
A6LC91,tyramine,Tri,taurine,TCA,0.13930806517601013
A6LC91,cystine,Mono,glycine,GLCA,0.1173987165093422
A6LC91,cystine,Mono,taurine,TLCA,0.26195454597473145
A6LC91,cystine,Di,glycine,GDCA,0.15995922684669495
A6LC91,cystine,Di,taurine,TDCA,0.07509930431842804
A6LC91,cystine,Tri,glycine,GCA,0.1895812451839447
A6LC91,cystine,Tri,taurine,TCA,0.12387578934431076
A7A5K1,"2,3_diaminopropionic acid",Mono,glycine,GLCA,0.2360565960407257
A7A5K1,"2,3_diaminopropionic acid",Mono,taurine,TLCA,0.3506045937538147
A7A5K1,"2,3_diaminopropionic acid",Di,glycine,GDCA,0.3705872893333435
A7A5K1,"2,3_diaminopropionic acid",Di,taurine,TDCA,0.3356034457683563
A7A5K1,"2,3_diaminopropionic acid",Tri,glycine,GCA,0.3506085276603699
A7A5K1,"2,3_diaminopropionic acid",Tri,taurine,TCA,0.33185049891471863
A7A5K1,3_methoxytyramine,Mono,glycine,GLCA,0.12127746641635895
A7A5K1,3_methoxytyramine,Mono,taurine,TLCA,0.17293496429920197
A7A5K1,3_methoxytyramine,Di,glycine,GDCA,0.1530100703239441
A7A5K1,3_methoxytyramine,Di,taurine,TDCA,0.056401923298835754
A7A5K1,3_methoxytyramine,Tri,glycine,GCA,0.13196784257888794
A7A5K1,3_methoxytyramine,Tri,taurine,TCA,0.07926693558692932
A7A5K1,asparagine,Mono,glycine,GLCA,0.20482172071933746
A7A5K1,asparagine,Mono,taurine,TLCA,0.39092057943344116
A7A5K1,asparagine,Di,glycine,GDCA,0.25636720657348633
A7A5K1,asparagine,Di,taurine,TDCA,0.3267221450805664
A7A5K1,asparagine,Tri,glycine,GCA,0.2528873383998871
A7A5K1,asparagine,Tri,taurine,TCA,0.298556387424469
A7A5K1,proline,Mono,glycine,GLCA,0.29909300804138184
A7A5K1,proline,Mono,taurine,TLCA,0.42788100242614746
A7A5K1,proline,Di,glycine,GDCA,0.274194598197937
A7A5K1,proline,Di,taurine,TDCA,0.2605088949203491
A7A5K1,proline,Tri,glycine,GCA,0.26038414239883423
A7A5K1,proline,Tri,taurine,TCA,0.17976394295692444
A7A5K1,dopamine,Mono,glycine,GLCA,0.20736908912658691
A7A5K1,dopamine,Mono,taurine,TLCA,0.3169471025466919
A7A5K1,dopamine,Di,glycine,GDCA,0.24793484807014465
A7A5K1,dopamine,Di,taurine,TDCA,0.22538094222545624
A7A5K1,dopamine,Tri,glycine,GCA,0.27277952432632446
A7A5K1,dopamine,Tri,taurine,TCA,0.21364539861679077
A7A5K1,gaba,Mono,glycine,GLCA,0.21107617020606995
A7A5K1,gaba,Mono,taurine,TLCA,0.23735186457633972
A7A5K1,gaba,Di,glycine,GDCA,0.22013089060783386
A7A5K1,gaba,Di,taurine,TDCA,0.17510107159614563
A7A5K1,gaba,Tri,glycine,GCA,0.25057464838027954
A7A5K1,gaba,Tri,taurine,TCA,0.18588316440582275
A7A5K1,glyglycine,Mono,glycine,GLCA,0.1736612617969513
A7A5K1,glyglycine,Mono,taurine,TLCA,0.18784140050411224
A7A5K1,glyglycine,Di,glycine,GDCA,0.13803096115589142
A7A5K1,glyglycine,Di,taurine,TDCA,0.06783881038427353
A7A5K1,glyglycine,Tri,glycine,GCA,0.14276054501533508
A7A5K1,glyglycine,Tri,taurine,TCA,0.08862067013978958
A7A5K1,alanine,Mono,glycine,GLCA,0.20871958136558533
A7A5K1,alanine,Mono,taurine,TLCA,0.2746441960334778
A7A5K1,alanine,Di,glycine,GDCA,0.21017393469810486
A7A5K1,alanine,Di,taurine,TDCA,0.13708068430423737
A7A5K1,alanine,Tri,glycine,GCA,0.21520419418811798
A7A5K1,alanine,Tri,taurine,TCA,0.19870956242084503
A7A5K1,arginine,Mono,glycine,GLCA,0.15609022974967957
A7A5K1,arginine,Mono,taurine,TLCA,0.33548566699028015
A7A5K1,arginine,Di,glycine,GDCA,0.20739030838012695
A7A5K1,arginine,Di,taurine,TDCA,0.21132206916809082
A7A5K1,arginine,Tri,glycine,GCA,0.27317604422569275
A7A5K1,arginine,Tri,taurine,TCA,0.2199770212173462
A7A5K1,citrulline,Mono,glycine,GLCA,0.296688050031662
A7A5K1,citrulline,Mono,taurine,TLCA,0.4489864110946655
A7A5K1,citrulline,Di,glycine,GDCA,0.32558369636535645
A7A5K1,citrulline,Di,taurine,TDCA,0.3671606481075287
A7A5K1,citrulline,Tri,glycine,GCA,0.3354584574699402
A7A5K1,citrulline,Tri,taurine,TCA,0.3472192585468292
A7A5K1,glutamine,Mono,glycine,GLCA,0.23375990986824036
A7A5K1,glutamine,Mono,taurine,TLCA,0.3997441232204437
A7A5K1,glutamine,Di,glycine,GDCA,0.33479273319244385
A7A5K1,glutamine,Di,taurine,TDCA,0.3931451439857483
A7A5K1,glutamine,Tri,glycine,GCA,0.2791588008403778
A7A5K1,glutamine,Tri,taurine,TCA,0.3043389916419983
A7A5K1,histidine,Mono,glycine,GLCA,0.25417324900627136
A7A5K1,histidine,Mono,taurine,TLCA,0.43177562952041626
A7A5K1,histidine,Di,glycine,GDCA,0.2584821581840515
A7A5K1,histidine,Di,taurine,TDCA,0.34349894523620605
A7A5K1,histidine,Tri,glycine,GCA,0.2924436330795288
A7A5K1,histidine,Tri,taurine,TCA,0.37107646465301514
A7A5K1,lysine,Mono,glycine,GLCA,0.2391541600227356
A7A5K1,lysine,Mono,taurine,TLCA,0.24291640520095825
A7A5K1,lysine,Di,glycine,GDCA,0.25291913747787476
A7A5K1,lysine,Di,taurine,TDCA,0.2156262844800949
A7A5K1,lysine,Tri,glycine,GCA,0.2798699140548706
A7A5K1,lysine,Tri,taurine,TCA,0.2139398455619812
A7A5K1,methionine,Mono,glycine,GLCA,0.1666497141122818
A7A5K1,methionine,Mono,taurine,TLCA,0.23216891288757324
A7A5K1,methionine,Di,glycine,GDCA,0.16175886988639832
A7A5K1,methionine,Di,taurine,TDCA,0.14060036838054657
A7A5K1,methionine,Tri,glycine,GCA,0.1745672971010208
A7A5K1,methionine,Tri,taurine,TCA,0.19136014580726624
A7A5K1,ornithine,Mono,glycine,GLCA,0.22991661727428436
A7A5K1,ornithine,Mono,taurine,TLCA,0.24338430166244507
A7A5K1,ornithine,Di,glycine,GDCA,0.25311651825904846
A7A5K1,ornithine,Di,taurine,TDCA,0.21671710908412933
A7A5K1,ornithine,Tri,glycine,GCA,0.31074684858322144
A7A5K1,ornithine,Tri,taurine,TCA,0.23997092247009277
A7A5K1,phenylalanine,Mono,glycine,GLCA,0.27865034341812134
A7A5K1,phenylalanine,Mono,taurine,TLCA,0.44474494457244873
A7A5K1,phenylalanine,Di,glycine,GDCA,0.3267974853515625
A7A5K1,phenylalanine,Di,taurine,TDCA,0.3840121030807495
A7A5K1,phenylalanine,Tri,glycine,GCA,0.30141645669937134
A7A5K1,phenylalanine,Tri,taurine,TCA,0.3368874490261078
A7A5K1,serine,Mono,glycine,GLCA,0.28223854303359985
A7A5K1,serine,Mono,taurine,TLCA,0.3963209390640259
A7A5K1,serine,Di,glycine,GDCA,0.31524571776390076
A7A5K1,serine,Di,taurine,TDCA,0.39016956090927124
A7A5K1,serine,Tri,glycine,GCA,0.34239131212234497
A7A5K1,serine,Tri,taurine,TCA,0.3297306299209595
A7A5K1,threonine,Mono,glycine,GLCA,0.31373530626296997
A7A5K1,threonine,Mono,taurine,TLCA,0.49818265438079834
A7A5K1,threonine,Di,glycine,GDCA,0.42156314849853516
A7A5K1,threonine,Di,taurine,TDCA,0.45018428564071655
A7A5K1,threonine,Tri,glycine,GCA,0.3625817894935608
A7A5K1,threonine,Tri,taurine,TCA,0.3913377821445465
A7A5K1,tryptamine,Mono,glycine,GLCA,0.20793795585632324
A7A5K1,tryptamine,Mono,taurine,TLCA,0.2606162130832672
A7A5K1,tryptamine,Di,glycine,GDCA,0.2587181627750397
A7A5K1,tryptamine,Di,taurine,TDCA,0.2417529821395874
A7A5K1,tryptamine,Tri,glycine,GCA,0.27891433238983154
A7A5K1,tryptamine,Tri,taurine,TCA,0.22184225916862488
A7A5K1,cadaverine,Mono,glycine,GLCA,0.2442030906677246
A7A5K1,cadaverine,Mono,taurine,TLCA,0.20483943819999695
A7A5K1,cadaverine,Di,glycine,GDCA,0.24784649908542633
A7A5K1,cadaverine,Di,taurine,TDCA,0.18739759922027588
A7A5K1,cadaverine,Tri,glycine,GCA,0.25392812490463257
A7A5K1,cadaverine,Tri,taurine,TCA,0.19720551371574402
A7A5K1,putrescine,Mono,glycine,GLCA,0.2735973596572876
A7A5K1,putrescine,Mono,taurine,TLCA,0.26837456226348877
A7A5K1,putrescine,Di,glycine,GDCA,0.2731006145477295
A7A5K1,putrescine,Di,taurine,TDCA,0.22559016942977905
A7A5K1,putrescine,Tri,glycine,GCA,0.2405761480331421
A7A5K1,putrescine,Tri,taurine,TCA,0.20401576161384583
A7A5K1,2_aminophenol,Mono,glycine,GLCA,0.276764839887619
A7A5K1,2_aminophenol,Mono,taurine,TLCA,0.3702712655067444
A7A5K1,2_aminophenol,Di,glycine,GDCA,0.3741069734096527
A7A5K1,2_aminophenol,Di,taurine,TDCA,0.3816412091255188
A7A5K1,2_aminophenol,Tri,glycine,GCA,0.31645867228507996
A7A5K1,2_aminophenol,Tri,taurine,TCA,0.3109658360481262
A7A5K1,serotonin,Mono,glycine,GLCA,0.2043381780385971
A7A5K1,serotonin,Mono,taurine,TLCA,0.3251282572746277
A7A5K1,serotonin,Di,glycine,GDCA,0.2977196276187897
A7A5K1,serotonin,Di,taurine,TDCA,0.26272115111351013
A7A5K1,serotonin,Tri,glycine,GCA,0.32034870982170105
A7A5K1,serotonin,Tri,taurine,TCA,0.27195271849632263
A7A5K1,tyramine,Mono,glycine,GLCA,0.2706722021102905
A7A5K1,tyramine,Mono,taurine,TLCA,0.2986568510532379
A7A5K1,tyramine,Di,glycine,GDCA,0.3087586462497711
A7A5K1,tyramine,Di,taurine,TDCA,0.2533872127532959
A7A5K1,tyramine,Tri,glycine,GCA,0.29636093974113464
A7A5K1,tyramine,Tri,taurine,TCA,0.2454758584499359
A7A5K1,cystine,Mono,glycine,GLCA,0.19419440627098083
A7A5K1,cystine,Mono,taurine,TLCA,0.3256855607032776
A7A5K1,cystine,Di,glycine,GDCA,0.20982827246189117
A7A5K1,cystine,Di,taurine,TDCA,0.14865854382514954
A7A5K1,cystine,Tri,glycine,GCA,0.24403655529022217
A7A5K1,cystine,Tri,taurine,TCA,0.1833598017692566
A7VQ44,"2,3_diaminopropionic acid",Mono,glycine,GLCA,0.1856526881456375
A7VQ44,"2,3_diaminopropionic acid",Mono,taurine,TLCA,0.3277979791164398
A7VQ44,"2,3_diaminopropionic acid",Di,glycine,GDCA,0.28085029125213623
A7VQ44,"2,3_diaminopropionic acid",Di,taurine,TDCA,0.2746429443359375
A7VQ44,"2,3_diaminopropionic acid",Tri,glycine,GCA,0.34181302785873413
A7VQ44,"2,3_diaminopropionic acid",Tri,taurine,TCA,0.30288952589035034
A7VQ44,3_methoxytyramine,Mono,glycine,GLCA,0.10237086564302444
A7VQ44,3_methoxytyramine,Mono,taurine,TLCA,0.12941689789295197
A7VQ44,3_methoxytyramine,Di,glycine,GDCA,0.15272624790668488
A7VQ44,3_methoxytyramine,Di,taurine,TDCA,0.04587817192077637
A7VQ44,3_methoxytyramine,Tri,glycine,GCA,0.10403497517108917
A7VQ44,3_methoxytyramine,Tri,taurine,TCA,0.05504176393151283
A7VQ44,asparagine,Mono,glycine,GLCA,0.20627984404563904
A7VQ44,asparagine,Mono,taurine,TLCA,0.40935206413269043
A7VQ44,asparagine,Di,glycine,GDCA,0.22194381058216095
A7VQ44,asparagine,Di,taurine,TDCA,0.293499231338501
A7VQ44,asparagine,Tri,glycine,GCA,0.2824360728263855
A7VQ44,asparagine,Tri,taurine,TCA,0.316653847694397
A7VQ44,proline,Mono,glycine,GLCA,0.28607380390167236
A7VQ44,proline,Mono,taurine,TLCA,0.42999589443206787
A7VQ44,proline,Di,glycine,GDCA,0.2129153609275818
A7VQ44,proline,Di,taurine,TDCA,0.19248628616333008
A7VQ44,proline,Tri,glycine,GCA,0.26184144616127014
A7VQ44,proline,Tri,taurine,TCA,0.18117636442184448
A7VQ44,dopamine,Mono,glycine,GLCA,0.16976520419120789
A7VQ44,dopamine,Mono,taurine,TLCA,0.2739335298538208
A7VQ44,dopamine,Di,glycine,GDCA,0.1962927281856537
A7VQ44,dopamine,Di,taurine,TDCA,0.16462188959121704
A7VQ44,dopamine,Tri,glycine,GCA,0.217870831489563
A7VQ44,dopamine,Tri,taurine,TCA,0.15897148847579956
A7VQ44,gaba,Mono,glycine,GLCA,0.1856931447982788
A7VQ44,gaba,Mono,taurine,TLCA,0.22117871046066284
A7VQ44,gaba,Di,glycine,GDCA,0.13460448384284973
A7VQ44,gaba,Di,taurine,TDCA,0.09452404081821442
A7VQ44,gaba,Tri,glycine,GCA,0.20149675011634827
A7VQ44,gaba,Tri,taurine,TCA,0.12526385486125946
A7VQ44,glyglycine,Mono,glycine,GLCA,0.15514527261257172
A7VQ44,glyglycine,Mono,taurine,TLCA,0.16064415872097015
A7VQ44,glyglycine,Di,glycine,GDCA,0.12097502499818802
A7VQ44,glyglycine,Di,taurine,TDCA,0.05594996362924576
A7VQ44,glyglycine,Tri,glycine,GCA,0.11485408246517181
A7VQ44,glyglycine,Tri,taurine,TCA,0.03993145376443863
A7VQ44,alanine,Mono,glycine,GLCA,0.2052546739578247
A7VQ44,alanine,Mono,taurine,TLCA,0.2518279254436493
A7VQ44,alanine,Di,glycine,GDCA,0.16036349534988403
A7VQ44,alanine,Di,taurine,TDCA,0.08762280642986298
A7VQ44,alanine,Tri,glycine,GCA,0.20555530488491058
A7VQ44,alanine,Tri,taurine,TCA,0.19676123559474945
A7VQ44,arginine,Mono,glycine,GLCA,0.1495472490787506
A7VQ44,arginine,Mono,taurine,TLCA,0.31423982977867126
A7VQ44,arginine,Di,glycine,GDCA,0.15997257828712463
A7VQ44,arginine,Di,taurine,TDCA,0.19395184516906738
A7VQ44,arginine,Tri,glycine,GCA,0.26356053352355957
A7VQ44,arginine,Tri,taurine,TCA,0.2137831449508667
A7VQ44,citrulline,Mono,glycine,GLCA,0.26260191202163696
A7VQ44,citrulline,Mono,taurine,TLCA,0.4089882969856262
A7VQ44,citrulline,Di,glycine,GDCA,0.24777956306934357
A7VQ44,citrulline,Di,taurine,TDCA,0.2838160991668701
A7VQ44,citrulline,Tri,glycine,GCA,0.2845149040222168
A7VQ44,citrulline,Tri,taurine,TCA,0.2711195945739746
A7VQ44,glutamine,Mono,glycine,GLCA,0.21897824108600616
A7VQ44,glutamine,Mono,taurine,TLCA,0.4159274995326996
A7VQ44,glutamine,Di,glycine,GDCA,0.3098289966583252
A7VQ44,glutamine,Di,taurine,TDCA,0.35532891750335693
A7VQ44,glutamine,Tri,glycine,GCA,0.30207952857017517
A7VQ44,glutamine,Tri,taurine,TCA,0.33795619010925293
A7VQ44,histidine,Mono,glycine,GLCA,0.23659949004650116
A7VQ44,histidine,Mono,taurine,TLCA,0.4708392024040222
A7VQ44,histidine,Di,glycine,GDCA,0.2520175576210022
A7VQ44,histidine,Di,taurine,TDCA,0.34381788969039917
A7VQ44,histidine,Tri,glycine,GCA,0.285614013671875
A7VQ44,histidine,Tri,taurine,TCA,0.40072816610336304
A7VQ44,lysine,Mono,glycine,GLCA,0.22177772223949432
A7VQ44,lysine,Mono,taurine,TLCA,0.20438338816165924
A7VQ44,lysine,Di,glycine,GDCA,0.21533405780792236
A7VQ44,lysine,Di,taurine,TDCA,0.1843906193971634
A7VQ44,lysine,Tri,glycine,GCA,0.2413579821586609
A7VQ44,lysine,Tri,taurine,TCA,0.18615677952766418
A7VQ44,methionine,Mono,glycine,GLCA,0.16686631739139557
A7VQ44,methionine,Mono,taurine,TLCA,0.22006383538246155
A7VQ44,methionine,Di,glycine,GDCA,0.14431118965148926
A7VQ44,methionine,Di,taurine,TDCA,0.12960532307624817
A7VQ44,methionine,Tri,glycine,GCA,0.16639015078544617
A7VQ44,methionine,Tri,taurine,TCA,0.18754635751247406
A7VQ44,ornithine,Mono,glycine,GLCA,0.21412090957164764
A7VQ44,ornithine,Mono,taurine,TLCA,0.21039871871471405
A7VQ44,ornithine,Di,glycine,GDCA,0.18345928192138672
A7VQ44,ornithine,Di,taurine,TDCA,0.16080118715763092
A7VQ44,ornithine,Tri,glycine,GCA,0.2660015821456909
A7VQ44,ornithine,Tri,taurine,TCA,0.19492270052433014
A7VQ44,phenylalanine,Mono,glycine,GLCA,0.2640015482902527
A7VQ44,phenylalanine,Mono,taurine,TLCA,0.47867250442504883
A7VQ44,phenylalanine,Di,glycine,GDCA,0.3137062191963196
A7VQ44,phenylalanine,Di,taurine,TDCA,0.38308557868003845
A7VQ44,phenylalanine,Tri,glycine,GCA,0.3130139708518982
A7VQ44,phenylalanine,Tri,taurine,TCA,0.36884498596191406
A7VQ44,serine,Mono,glycine,GLCA,0.28077825903892517
A7VQ44,serine,Mono,taurine,TLCA,0.41507649421691895
A7VQ44,serine,Di,glycine,GDCA,0.27150675654411316
A7VQ44,serine,Di,taurine,TDCA,0.3434711694717407
A7VQ44,serine,Tri,glycine,GCA,0.3390094041824341
A7VQ44,serine,Tri,taurine,TCA,0.320241242647171
A7VQ44,threonine,Mono,glycine,GLCA,0.24894484877586365
A7VQ44,threonine,Mono,taurine,TLCA,0.4286222457885742
A7VQ44,threonine,Di,glycine,GDCA,0.3125142455101013
A7VQ44,threonine,Di,taurine,TDCA,0.36893904209136963
A7VQ44,threonine,Tri,glycine,GCA,0.3169914782047272
A7VQ44,threonine,Tri,taurine,TCA,0.3290647268295288
A7VQ44,tryptamine,Mono,glycine,GLCA,0.16554635763168335
A7VQ44,tryptamine,Mono,taurine,TLCA,0.1845988929271698
A7VQ44,tryptamine,Di,glycine,GDCA,0.20396780967712402
A7VQ44,tryptamine,Di,taurine,TDCA,0.17410677671432495
A7VQ44,tryptamine,Tri,glycine,GCA,0.2366119921207428
A7VQ44,tryptamine,Tri,taurine,TCA,0.16225826740264893
A7VQ44,cadaverine,Mono,glycine,GLCA,0.20814083516597748
A7VQ44,cadaverine,Mono,taurine,TLCA,0.18135163187980652
A7VQ44,cadaverine,Di,glycine,GDCA,0.18628016114234924
A7VQ44,cadaverine,Di,taurine,TDCA,0.138950377702713
A7VQ44,cadaverine,Tri,glycine,GCA,0.2357436716556549
A7VQ44,cadaverine,Tri,taurine,TCA,0.15281635522842407
A7VQ44,putrescine,Mono,glycine,GLCA,0.24009916186332703
A7VQ44,putrescine,Mono,taurine,TLCA,0.2536800503730774
A7VQ44,putrescine,Di,glycine,GDCA,0.21469758450984955
A7VQ44,putrescine,Di,taurine,TDCA,0.15063311159610748
A7VQ44,putrescine,Tri,glycine,GCA,0.22387033700942993
A7VQ44,putrescine,Tri,taurine,TCA,0.1544911414384842
A7VQ44,2_aminophenol,Mono,glycine,GLCA,0.250448077917099
A7VQ44,2_aminophenol,Mono,taurine,TLCA,0.3225529193878174
A7VQ44,2_aminophenol,Di,glycine,GDCA,0.295164555311203
A7VQ44,2_aminophenol,Di,taurine,TDCA,0.3089820444583893
A7VQ44,2_aminophenol,Tri,glycine,GCA,0.3114670515060425
A7VQ44,2_aminophenol,Tri,taurine,TCA,0.2872173488140106
A7VQ44,serotonin,Mono,glycine,GLCA,0.1635672152042389
A7VQ44,serotonin,Mono,taurine,TLCA,0.25199267268180847
A7VQ44,serotonin,Di,glycine,GDCA,0.22263696789741516
A7VQ44,serotonin,Di,taurine,TDCA,0.18527209758758545
A7VQ44,serotonin,Tri,glycine,GCA,0.2700810730457306
A7VQ44,serotonin,Tri,taurine,TCA,0.23069903254508972
A7VQ44,tyramine,Mono,glycine,GLCA,0.22383202612400055
A7VQ44,tyramine,Mono,taurine,TLCA,0.25722676515579224
A7VQ44,tyramine,Di,glycine,GDCA,0.2406632900238037
A7VQ44,tyramine,Di,taurine,TDCA,0.17842988669872284
A7VQ44,tyramine,Tri,glycine,GCA,0.2510737478733063
A7VQ44,tyramine,Tri,taurine,TCA,0.20131650567054749
A7VQ44,cystine,Mono,glycine,GLCA,0.1464952677488327
A7VQ44,cystine,Mono,taurine,TLCA,0.28842228651046753
A7VQ44,cystine,Di,glycine,GDCA,0.11270588636398315
A7VQ44,cystine,Di,taurine,TDCA,0.07334436476230621
A7VQ44,cystine,Tri,glycine,GCA,0.19206133484840393
A7VQ44,cystine,Tri,taurine,TCA,0.14874374866485596
B0MC37,"2,3_diaminopropionic acid",Mono,glycine,GLCA,0.21233859658241272
B0MC37,"2,3_diaminopropionic acid",Mono,taurine,TLCA,0.33389467000961304
B0MC37,"2,3_diaminopropionic acid",Di,glycine,GDCA,0.33604511618614197
B0MC37,"2,3_diaminopropionic acid",Di,taurine,TDCA,0.31060361862182617
B0MC37,"2,3_diaminopropionic acid",Tri,glycine,GCA,0.358530730009079
B0MC37,"2,3_diaminopropionic acid",Tri,taurine,TCA,0.31832557916641235
B0MC37,3_methoxytyramine,Mono,glycine,GLCA,0.08568201959133148
B0MC37,3_methoxytyramine,Mono,taurine,TLCA,0.11697235703468323
B0MC37,3_methoxytyramine,Di,glycine,GDCA,0.11952167004346848
B0MC37,3_methoxytyramine,Di,taurine,TDCA,0.01776915043592453
B0MC37,3_methoxytyramine,Tri,glycine,GCA,0.0921514630317688
B0MC37,3_methoxytyramine,Tri,taurine,TCA,0.037734124809503555
B0MC37,asparagine,Mono,glycine,GLCA,0.22422672808170319
B0MC37,asparagine,Mono,taurine,TLCA,0.41880327463150024
B0MC37,asparagine,Di,glycine,GDCA,0.2582951784133911
B0MC37,asparagine,Di,taurine,TDCA,0.31859180331230164
B0MC37,asparagine,Tri,glycine,GCA,0.28817951679229736
B0MC37,asparagine,Tri,taurine,TCA,0.3148692846298218
B0MC37,proline,Mono,glycine,GLCA,0.29846712946891785
B0MC37,proline,Mono,taurine,TLCA,0.43333977460861206
B0MC37,proline,Di,glycine,GDCA,0.257865309715271
B0MC37,proline,Di,taurine,TDCA,0.23297074437141418
B0MC37,proline,Tri,glycine,GCA,0.28147709369659424
B0MC37,proline,Tri,taurine,TCA,0.1949065774679184
B0MC37,dopamine,Mono,glycine,GLCA,0.16549088060855865
B0MC37,dopamine,Mono,taurine,TLCA,0.2713286876678467
B0MC37,dopamine,Di,glycine,GDCA,0.20815809071063995
B0MC37,dopamine,Di,taurine,TDCA,0.17736420035362244
B0MC37,dopamine,Tri,glycine,GCA,0.2281155288219452
B0MC37,dopamine,Tri,taurine,TCA,0.17071664333343506
B0MC37,gaba,Mono,glycine,GLCA,0.18523205816745758
B0MC37,gaba,Mono,taurine,TLCA,0.22407835721969604
B0MC37,gaba,Di,glycine,GDCA,0.19877994060516357
B0MC37,gaba,Di,taurine,TDCA,0.14696678519248962
B0MC37,gaba,Tri,glycine,GCA,0.24491770565509796
B0MC37,gaba,Tri,taurine,TCA,0.16717639565467834
B0MC37,glyglycine,Mono,glycine,GLCA,0.16058896481990814
B0MC37,glyglycine,Mono,taurine,TLCA,0.1586247831583023
B0MC37,glyglycine,Di,glycine,GDCA,0.12097816914319992
B0MC37,glyglycine,Di,taurine,TDCA,0.03994128108024597
B0MC37,glyglycine,Tri,glycine,GCA,0.13139542937278748
B0MC37,glyglycine,Tri,taurine,TCA,0.04813356697559357
B0MC37,alanine,Mono,glycine,GLCA,0.22564835846424103
B0MC37,alanine,Mono,taurine,TLCA,0.26426440477371216
B0MC37,alanine,Di,glycine,GDCA,0.19864583015441895
B0MC37,alanine,Di,taurine,TDCA,0.11098678410053253
B0MC37,alanine,Tri,glycine,GCA,0.23042652010917664
B0MC37,alanine,Tri,taurine,TCA,0.2037360966205597
B0MC37,arginine,Mono,glycine,GLCA,0.1483556628227234
B0MC37,arginine,Mono,taurine,TLCA,0.3276463747024536
B0MC37,arginine,Di,glycine,GDCA,0.18665768206119537
B0MC37,arginine,Di,taurine,TDCA,0.21254244446754456
B0MC37,arginine,Tri,glycine,GCA,0.2737831771373749
B0MC37,arginine,Tri,taurine,TCA,0.22605755925178528
B0MC37,citrulline,Mono,glycine,GLCA,0.2799961268901825
B0MC37,citrulline,Mono,taurine,TLCA,0.4215337038040161
B0MC37,citrulline,Di,glycine,GDCA,0.28705477714538574
B0MC37,citrulline,Di,taurine,TDCA,0.3109479248523712
B0MC37,citrulline,Tri,glycine,GCA,0.3175816237926483
B0MC37,citrulline,Tri,taurine,TCA,0.3020715117454529
B0MC37,glutamine,Mono,glycine,GLCA,0.23621198534965515
B0MC37,glutamine,Mono,taurine,TLCA,0.42372655868530273
B0MC37,glutamine,Di,glycine,GDCA,0.34776565432548523
B0MC37,glutamine,Di,taurine,TDCA,0.3904199004173279
B0MC37,glutamine,Tri,glycine,GCA,0.32319802045822144
B0MC37,glutamine,Tri,taurine,TCA,0.3464229106903076
B0MC37,histidine,Mono,glycine,GLCA,0.2633333206176758
B0MC37,histidine,Mono,taurine,TLCA,0.46780306100845337
B0MC37,histidine,Di,glycine,GDCA,0.28254133462905884
B0MC37,histidine,Di,taurine,TDCA,0.369981586933136
B0MC37,histidine,Tri,glycine,GCA,0.3106452226638794
B0MC37,histidine,Tri,taurine,TCA,0.40389031171798706
B0MC37,lysine,Mono,glycine,GLCA,0.20525752007961273
B0MC37,lysine,Mono,taurine,TLCA,0.2135244756937027
B0MC37,lysine,Di,glycine,GDCA,0.24879448115825653
B0MC37,lysine,Di,taurine,TDCA,0.2064780592918396
B0MC37,lysine,Tri,glycine,GCA,0.272159218788147
B0MC37,lysine,Tri,taurine,TCA,0.2042681872844696
B0MC37,methionine,Mono,glycine,GLCA,0.18482241034507751
B0MC37,methionine,Mono,taurine,TLCA,0.2365461140871048
B0MC37,methionine,Di,glycine,GDCA,0.16826343536376953
B0MC37,methionine,Di,taurine,TDCA,0.13518479466438293
B0MC37,methionine,Tri,glycine,GCA,0.20006002485752106
B0MC37,methionine,Tri,taurine,TCA,0.21128877997398376
B0MC37,ornithine,Mono,glycine,GLCA,0.20941215753555298
B0MC37,ornithine,Mono,taurine,TLCA,0.21956685185432434
B0MC37,ornithine,Di,glycine,GDCA,0.22733205556869507
B0MC37,ornithine,Di,taurine,TDCA,0.19387149810791016
B0MC37,ornithine,Tri,glycine,GCA,0.3002265393733978
B0MC37,ornithine,Tri,taurine,TCA,0.22289642691612244
B0MC37,phenylalanine,Mono,glycine,GLCA,0.2891603708267212
B0MC37,phenylalanine,Mono,taurine,TLCA,0.47032594680786133
B0MC37,phenylalanine,Di,glycine,GDCA,0.334597110748291
B0MC37,phenylalanine,Di,taurine,TDCA,0.3994781970977783
B0MC37,phenylalanine,Tri,glycine,GCA,0.32235464453697205
B0MC37,phenylalanine,Tri,taurine,TCA,0.3628625273704529
B0MC37,serine,Mono,glycine,GLCA,0.29246458411216736
B0MC37,serine,Mono,taurine,TLCA,0.4041992127895355
B0MC37,serine,Di,glycine,GDCA,0.3192875385284424
B0MC37,serine,Di,taurine,TDCA,0.38241270184516907
B0MC37,serine,Tri,glycine,GCA,0.3561307489871979
B0MC37,serine,Tri,taurine,TCA,0.33361977338790894
B0MC37,threonine,Mono,glycine,GLCA,0.28804004192352295
B0MC37,threonine,Mono,taurine,TLCA,0.4544380307197571
B0MC37,threonine,Di,glycine,GDCA,0.37650665640830994
B0MC37,threonine,Di,taurine,TDCA,0.4083598852157593
B0MC37,threonine,Tri,glycine,GCA,0.34689900279045105
B0MC37,threonine,Tri,taurine,TCA,0.3654133081436157
B0MC37,tryptamine,Mono,glycine,GLCA,0.16950052976608276
B0MC37,tryptamine,Mono,taurine,TLCA,0.19905050098896027
B0MC37,tryptamine,Di,glycine,GDCA,0.23363934457302094
B0MC37,tryptamine,Di,taurine,TDCA,0.1896006315946579
B0MC37,tryptamine,Tri,glycine,GCA,0.25138407945632935
B0MC37,tryptamine,Tri,taurine,TCA,0.18273547291755676
B0MC37,cadaverine,Mono,glycine,GLCA,0.21838253736495972
B0MC37,cadaverine,Mono,taurine,TLCA,0.18849414587020874
B0MC37,cadaverine,Di,glycine,GDCA,0.23444624245166779
B0MC37,cadaverine,Di,taurine,TDCA,0.16864584386348724
B0MC37,cadaverine,Tri,glycine,GCA,0.26306432485580444
B0MC37,cadaverine,Tri,taurine,TCA,0.18649107217788696
B0MC37,putrescine,Mono,glycine,GLCA,0.24601364135742188
B0MC37,putrescine,Mono,taurine,TLCA,0.2667884826660156
B0MC37,putrescine,Di,glycine,GDCA,0.27021899819374084
B0MC37,putrescine,Di,taurine,TDCA,0.20137068629264832
B0MC37,putrescine,Tri,glycine,GCA,0.2484818398952484
B0MC37,putrescine,Tri,taurine,TCA,0.18504610657691956
B0MC37,2_aminophenol,Mono,glycine,GLCA,0.26875510811805725
B0MC37,2_aminophenol,Mono,taurine,TLCA,0.3394410312175751
B0MC37,2_aminophenol,Di,glycine,GDCA,0.3457999527454376
B0MC37,2_aminophenol,Di,taurine,TDCA,0.34552639722824097
B0MC37,2_aminophenol,Tri,glycine,GCA,0.324018657207489
B0MC37,2_aminophenol,Tri,taurine,TCA,0.3025197386741638
B0MC37,serotonin,Mono,glycine,GLCA,0.16743150353431702
B0MC37,serotonin,Mono,taurine,TLCA,0.26193493604660034
B0MC37,serotonin,Di,glycine,GDCA,0.2579890489578247
B0MC37,serotonin,Di,taurine,TDCA,0.20723003149032593
B0MC37,serotonin,Tri,glycine,GCA,0.29190659523010254
B0MC37,serotonin,Tri,taurine,TCA,0.23761406540870667
B0MC37,tyramine,Mono,glycine,GLCA,0.2307077944278717
B0MC37,tyramine,Mono,taurine,TLCA,0.2518197298049927
B0MC37,tyramine,Di,glycine,GDCA,0.2667677104473114
B0MC37,tyramine,Di,taurine,TDCA,0.20329341292381287
B0MC37,tyramine,Tri,glycine,GCA,0.2625606656074524
B0MC37,tyramine,Tri,taurine,TCA,0.2085268795490265
B0MC37,cystine,Mono,glycine,GLCA,0.16215509176254272
B0MC37,cystine,Mono,taurine,TLCA,0.29608309268951416
B0MC37,cystine,Di,glycine,GDCA,0.17411920428276062
B0MC37,cystine,Di,taurine,TDCA,0.10045437514781952
B0MC37,cystine,Tri,glycine,GCA,0.21797603368759155
B0MC37,cystine,Tri,taurine,TCA,0.15589763224124908
B5D243,"2,3_diaminopropionic acid",Mono,glycine,GLCA,0.21107137203216553
B5D243,"2,3_diaminopropionic acid",Mono,taurine,TLCA,0.34311380982398987
B5D243,"2,3_diaminopropionic acid",Di,glycine,GDCA,0.3432673513889313
B5D243,"2,3_diaminopropionic acid",Di,taurine,TDCA,0.3172990381717682
B5D243,"2,3_diaminopropionic acid",Tri,glycine,GCA,0.33739399909973145
B5D243,"2,3_diaminopropionic acid",Tri,taurine,TCA,0.31032612919807434
B5D243,3_methoxytyramine,Mono,glycine,GLCA,0.0605088546872139
B5D243,3_methoxytyramine,Mono,taurine,TLCA,0.10436775535345078
B5D243,3_methoxytyramine,Di,glycine,GDCA,0.09512683749198914
B5D243,3_methoxytyramine,Di,taurine,TDCA,0.00275302492082119
B5D243,3_methoxytyramine,Tri,glycine,GCA,0.08550442010164261
B5D243,3_methoxytyramine,Tri,taurine,TCA,0.03942309319972992
B5D243,asparagine,Mono,glycine,GLCA,0.20511022210121155
B5D243,asparagine,Mono,taurine,TLCA,0.41412627696990967
B5D243,asparagine,Di,glycine,GDCA,0.24747255444526672
B5D243,asparagine,Di,taurine,TDCA,0.3114951252937317
B5D243,asparagine,Tri,glycine,GCA,0.2511661648750305
B5D243,asparagine,Tri,taurine,TCA,0.29550647735595703
B5D243,proline,Mono,glycine,GLCA,0.28499501943588257
B5D243,proline,Mono,taurine,TLCA,0.43694543838500977
B5D243,proline,Di,glycine,GDCA,0.25392967462539673
B5D243,proline,Di,taurine,TDCA,0.24467864632606506
B5D243,proline,Tri,glycine,GCA,0.25972309708595276
B5D243,proline,Tri,taurine,TCA,0.20031148195266724
B5D243,dopamine,Mono,glycine,GLCA,0.14634928107261658
B5D243,dopamine,Mono,taurine,TLCA,0.25497886538505554
B5D243,dopamine,Di,glycine,GDCA,0.19301791489124298
B5D243,dopamine,Di,taurine,TDCA,0.17124560475349426
B5D243,dopamine,Tri,glycine,GCA,0.20856884121894836
B5D243,dopamine,Tri,taurine,TCA,0.166910320520401
B5D243,gaba,Mono,glycine,GLCA,0.16620418429374695
B5D243,gaba,Mono,taurine,TLCA,0.2142796814441681
B5D243,gaba,Di,glycine,GDCA,0.19152535498142242
B5D243,gaba,Di,taurine,TDCA,0.14219790697097778
B5D243,gaba,Tri,glycine,GCA,0.23150774836540222
B5D243,gaba,Tri,taurine,TCA,0.17398568987846375
B5D243,glyglycine,Mono,glycine,GLCA,0.15606749057769775
B5D243,glyglycine,Mono,taurine,TLCA,0.1754981428384781
B5D243,glyglycine,Di,glycine,GDCA,0.12885573506355286
B5D243,glyglycine,Di,taurine,TDCA,0.05644751712679863
B5D243,glyglycine,Tri,glycine,GCA,0.10309036821126938
B5D243,glyglycine,Tri,taurine,TCA,0.05412333458662033
B5D243,alanine,Mono,glycine,GLCA,0.19951075315475464
B5D243,alanine,Mono,taurine,TLCA,0.2688367962837219
B5D243,alanine,Di,glycine,GDCA,0.1993163675069809
B5D243,alanine,Di,taurine,TDCA,0.12379495799541473
B5D243,alanine,Tri,glycine,GCA,0.21251600980758667
B5D243,alanine,Tri,taurine,TCA,0.18288083374500275
B5D243,arginine,Mono,glycine,GLCA,0.13004638254642487
B5D243,arginine,Mono,taurine,TLCA,0.3273923099040985
B5D243,arginine,Di,glycine,GDCA,0.19228386878967285
B5D243,arginine,Di,taurine,TDCA,0.2187453955411911
B5D243,arginine,Tri,glycine,GCA,0.2552354335784912
B5D243,arginine,Tri,taurine,TCA,0.2242792397737503
B5D243,citrulline,Mono,glycine,GLCA,0.28194305300712585
B5D243,citrulline,Mono,taurine,TLCA,0.4500683546066284
B5D243,citrulline,Di,glycine,GDCA,0.29353803396224976
B5D243,citrulline,Di,taurine,TDCA,0.34280896186828613
B5D243,citrulline,Tri,glycine,GCA,0.31127405166625977
B5D243,citrulline,Tri,taurine,TCA,0.325580894947052
B5D243,glutamine,Mono,glycine,GLCA,0.228864848613739
B5D243,glutamine,Mono,taurine,TLCA,0.42204728722572327
B5D243,glutamine,Di,glycine,GDCA,0.3384546637535095
B5D243,glutamine,Di,taurine,TDCA,0.3856227695941925
B5D243,glutamine,Tri,glycine,GCA,0.28090980648994446
B5D243,glutamine,Tri,taurine,TCA,0.31918269395828247
B5D243,histidine,Mono,glycine,GLCA,0.2526528537273407
B5D243,histidine,Mono,taurine,TLCA,0.4645611047744751
B5D243,histidine,Di,glycine,GDCA,0.27434301376342773
B5D243,histidine,Di,taurine,TDCA,0.36991509795188904
B5D243,histidine,Tri,glycine,GCA,0.2880779206752777
B5D243,histidine,Tri,taurine,TCA,0.3871176838874817
B5D243,lysine,Mono,glycine,GLCA,0.18496011197566986
B5D243,lysine,Mono,taurine,TLCA,0.2149590402841568
B5D243,lysine,Di,glycine,GDCA,0.23256732523441315
B5D243,lysine,Di,taurine,TDCA,0.19438624382019043
B5D243,lysine,Tri,glycine,GCA,0.25771287083625793
B5D243,lysine,Tri,taurine,TCA,0.20530709624290466
B5D243,methionine,Mono,glycine,GLCA,0.1620122790336609
B5D243,methionine,Mono,taurine,TLCA,0.24376782774925232
B5D243,methionine,Di,glycine,GDCA,0.15474718809127808
B5D243,methionine,Di,taurine,TDCA,0.13194113969802856
B5D243,methionine,Tri,glycine,GCA,0.18539167940616608
B5D243,methionine,Tri,taurine,TCA,0.20196525752544403
B5D243,ornithine,Mono,glycine,GLCA,0.1767319142818451
B5D243,ornithine,Mono,taurine,TLCA,0.21458813548088074
B5D243,ornithine,Di,glycine,GDCA,0.21720775961875916
B5D243,ornithine,Di,taurine,TDCA,0.1932038813829422
B5D243,ornithine,Tri,glycine,GCA,0.27789071202278137
B5D243,ornithine,Tri,taurine,TCA,0.22376275062561035
B5D243,phenylalanine,Mono,glycine,GLCA,0.2733234465122223
B5D243,phenylalanine,Mono,taurine,TLCA,0.46228712797164917
B5D243,phenylalanine,Di,glycine,GDCA,0.3196675777435303
B5D243,phenylalanine,Di,taurine,TDCA,0.3899608254432678
B5D243,phenylalanine,Tri,glycine,GCA,0.2946780323982239
B5D243,phenylalanine,Tri,taurine,TCA,0.3471270501613617
B5D243,serine,Mono,glycine,GLCA,0.2728177011013031
B5D243,serine,Mono,taurine,TLCA,0.4010123610496521
B5D243,serine,Di,glycine,GDCA,0.30734145641326904
B5D243,serine,Di,taurine,TDCA,0.38415396213531494
B5D243,serine,Tri,glycine,GCA,0.32610589265823364
B5D243,serine,Tri,taurine,TCA,0.32633551955223083
B5D243,threonine,Mono,glycine,GLCA,0.28215062618255615
B5D243,threonine,Mono,taurine,TLCA,0.46737581491470337
B5D243,threonine,Di,glycine,GDCA,0.3781479001045227
B5D243,threonine,Di,taurine,TDCA,0.4210799038410187
B5D243,threonine,Tri,glycine,GCA,0.32354027032852173
B5D243,threonine,Tri,taurine,TCA,0.36529526114463806
B5D243,tryptamine,Mono,glycine,GLCA,0.15131212770938873
B5D243,tryptamine,Mono,taurine,TLCA,0.18521684408187866
B5D243,tryptamine,Di,glycine,GDCA,0.21041403710842133
B5D243,tryptamine,Di,taurine,TDCA,0.18086445331573486
B5D243,tryptamine,Tri,glycine,GCA,0.23686504364013672
B5D243,tryptamine,Tri,taurine,TCA,0.1856425553560257
B5D243,cadaverine,Mono,glycine,GLCA,0.21206972002983093
B5D243,cadaverine,Mono,taurine,TLCA,0.19763417541980743
B5D243,cadaverine,Di,glycine,GDCA,0.22946015000343323
B5D243,cadaverine,Di,taurine,TDCA,0.17428946495056152
B5D243,cadaverine,Tri,glycine,GCA,0.24748773872852325
B5D243,cadaverine,Tri,taurine,TCA,0.1945134997367859
B5D243,putrescine,Mono,glycine,GLCA,0.2314097285270691
B5D243,putrescine,Mono,taurine,TLCA,0.27155882120132446
B5D243,putrescine,Di,glycine,GDCA,0.250121146440506
B5D243,putrescine,Di,taurine,TDCA,0.20894673466682434
B5D243,putrescine,Tri,glycine,GCA,0.22559145092964172
B5D243,putrescine,Tri,taurine,TCA,0.19464349746704102
B5D243,2_aminophenol,Mono,glycine,GLCA,0.25423604249954224
B5D243,2_aminophenol,Mono,taurine,TLCA,0.34812143445014954
B5D243,2_aminophenol,Di,glycine,GDCA,0.3366590440273285
B5D243,2_aminophenol,Di,taurine,TDCA,0.3622909486293793
B5D243,2_aminophenol,Tri,glycine,GCA,0.29461026191711426
B5D243,2_aminophenol,Tri,taurine,TCA,0.3033921420574188
B5D243,serotonin,Mono,glycine,GLCA,0.15718618035316467
B5D243,serotonin,Mono,taurine,TLCA,0.2596997916698456
B5D243,serotonin,Di,glycine,GDCA,0.24882927536964417
B5D243,serotonin,Di,taurine,TDCA,0.222202330827713
B5D243,serotonin,Tri,glycine,GCA,0.2848113477230072
B5D243,serotonin,Tri,taurine,TCA,0.24066844582557678
B5D243,tyramine,Mono,glycine,GLCA,0.20260772109031677
B5D243,tyramine,Mono,taurine,TLCA,0.23997411131858826
B5D243,tyramine,Di,glycine,GDCA,0.26426732540130615
B5D243,tyramine,Di,taurine,TDCA,0.20866072177886963
B5D243,tyramine,Tri,glycine,GCA,0.2487059235572815
B5D243,tyramine,Tri,taurine,TCA,0.20942087471485138
B5D243,cystine,Mono,glycine,GLCA,0.147793710231781
B5D243,cystine,Mono,taurine,TLCA,0.29490041732788086
B5D243,cystine,Di,glycine,GDCA,0.1912195086479187
B5D243,cystine,Di,taurine,TDCA,0.11131608486175537
B5D243,cystine,Tri,glycine,GCA,0.2231903225183487
B5D243,cystine,Tri,taurine,TCA,0.16365115344524384
B7AVX6,"2,3_diaminopropionic acid",Mono,glycine,GLCA,0.21294604241847992
B7AVX6,"2,3_diaminopropionic acid",Mono,taurine,TLCA,0.32728105783462524
B7AVX6,"2,3_diaminopropionic acid",Di,glycine,GDCA,0.3588031828403473
B7AVX6,"2,3_diaminopropionic acid",Di,taurine,TDCA,0.32819557189941406
B7AVX6,"2,3_diaminopropionic acid",Tri,glycine,GCA,0.34530162811279297
B7AVX6,"2,3_diaminopropionic acid",Tri,taurine,TCA,0.3191479444503784
B7AVX6,3_methoxytyramine,Mono,glycine,GLCA,0.09009069204330444
B7AVX6,3_methoxytyramine,Mono,taurine,TLCA,0.1460927426815033
B7AVX6,3_methoxytyramine,Di,glycine,GDCA,0.11945652216672897
B7AVX6,3_methoxytyramine,Di,taurine,TDCA,0.03258413076400757
B7AVX6,3_methoxytyramine,Tri,glycine,GCA,0.10135595500469208
B7AVX6,3_methoxytyramine,Tri,taurine,TCA,0.046124137938022614
B7AVX6,asparagine,Mono,glycine,GLCA,0.17621085047721863
B7AVX6,asparagine,Mono,taurine,TLCA,0.3691096603870392
B7AVX6,asparagine,Di,glycine,GDCA,0.24031546711921692
B7AVX6,asparagine,Di,taurine,TDCA,0.30453622341156006
B7AVX6,asparagine,Tri,glycine,GCA,0.2411859929561615
B7AVX6,asparagine,Tri,taurine,TCA,0.2786937654018402
B7AVX6,proline,Mono,glycine,GLCA,0.27020561695098877
B7AVX6,proline,Mono,taurine,TLCA,0.4032176733016968
B7AVX6,proline,Di,glycine,GDCA,0.25640565156936646
B7AVX6,proline,Di,taurine,TDCA,0.24625791609287262
B7AVX6,proline,Tri,glycine,GCA,0.24731485545635223
B7AVX6,proline,Tri,taurine,TCA,0.1654050052165985
B7AVX6,dopamine,Mono,glycine,GLCA,0.1727832555770874
B7AVX6,dopamine,Mono,taurine,TLCA,0.2860754728317261
B7AVX6,dopamine,Di,glycine,GDCA,0.2245137095451355
B7AVX6,dopamine,Di,taurine,TDCA,0.20441299676895142
B7AVX6,dopamine,Tri,glycine,GCA,0.25394755601882935
B7AVX6,dopamine,Tri,taurine,TCA,0.19279250502586365
B7AVX6,gaba,Mono,glycine,GLCA,0.17502589523792267
B7AVX6,gaba,Mono,taurine,TLCA,0.20972596108913422
B7AVX6,gaba,Di,glycine,GDCA,0.20254865288734436
B7AVX6,gaba,Di,taurine,TDCA,0.1675194799900055
B7AVX6,gaba,Tri,glycine,GCA,0.23143243789672852
B7AVX6,gaba,Tri,taurine,TCA,0.1727662980556488
B7AVX6,glyglycine,Mono,glycine,GLCA,0.1325599104166031
B7AVX6,glyglycine,Mono,taurine,TLCA,0.15602660179138184
B7AVX6,glyglycine,Di,glycine,GDCA,0.10848434269428253
B7AVX6,glyglycine,Di,taurine,TDCA,0.04658088833093643
B7AVX6,glyglycine,Tri,glycine,GCA,0.10914205014705658
B7AVX6,glyglycine,Tri,taurine,TCA,0.05949782207608223
B7AVX6,alanine,Mono,glycine,GLCA,0.17500485479831696
B7AVX6,alanine,Mono,taurine,TLCA,0.23884205520153046
B7AVX6,alanine,Di,glycine,GDCA,0.1921655833721161
B7AVX6,alanine,Di,taurine,TDCA,0.12135026603937149
B7AVX6,alanine,Tri,glycine,GCA,0.18406876921653748
B7AVX6,alanine,Tri,taurine,TCA,0.1617533266544342
B7AVX6,arginine,Mono,glycine,GLCA,0.11402828991413116
B7AVX6,arginine,Mono,taurine,TLCA,0.31254464387893677
B7AVX6,arginine,Di,glycine,GDCA,0.1834411323070526
B7AVX6,arginine,Di,taurine,TDCA,0.20506763458251953
B7AVX6,arginine,Tri,glycine,GCA,0.24783653020858765
B7AVX6,arginine,Tri,taurine,TCA,0.20794260501861572
B7AVX6,citrulline,Mono,glycine,GLCA,0.2641049325466156
B7AVX6,citrulline,Mono,taurine,TLCA,0.42327794432640076
B7AVX6,citrulline,Di,glycine,GDCA,0.311531662940979
B7AVX6,citrulline,Di,taurine,TDCA,0.35797691345214844
B7AVX6,citrulline,Tri,glycine,GCA,0.321571946144104
B7AVX6,citrulline,Tri,taurine,TCA,0.3366728127002716
B7AVX6,glutamine,Mono,glycine,GLCA,0.20436535775661469
B7AVX6,glutamine,Mono,taurine,TLCA,0.37721556425094604
B7AVX6,glutamine,Di,glycine,GDCA,0.32442450523376465
B7AVX6,glutamine,Di,taurine,TDCA,0.3793773949146271
B7AVX6,glutamine,Tri,glycine,GCA,0.27136915922164917
B7AVX6,glutamine,Tri,taurine,TCA,0.2938694357872009
B7AVX6,histidine,Mono,glycine,GLCA,0.2318374514579773
B7AVX6,histidine,Mono,taurine,TLCA,0.4134325683116913
B7AVX6,histidine,Di,glycine,GDCA,0.25088071823120117
B7AVX6,histidine,Di,taurine,TDCA,0.34163686633110046
B7AVX6,histidine,Tri,glycine,GCA,0.28994494676589966
B7AVX6,histidine,Tri,taurine,TCA,0.3560464680194855
B7AVX6,lysine,Mono,glycine,GLCA,0.19105318188667297
B7AVX6,lysine,Mono,taurine,TLCA,0.2121339589357376
B7AVX6,lysine,Di,glycine,GDCA,0.22699055075645447
B7AVX6,lysine,Di,taurine,TDCA,0.19836394488811493
B7AVX6,lysine,Tri,glycine,GCA,0.2607962489128113
B7AVX6,lysine,Tri,taurine,TCA,0.1953081339597702
B7AVX6,methionine,Mono,glycine,GLCA,0.1362747997045517
B7AVX6,methionine,Mono,taurine,TLCA,0.2101096510887146
B7AVX6,methionine,Di,glycine,GDCA,0.14330486953258514
B7AVX6,methionine,Di,taurine,TDCA,0.13014359772205353
B7AVX6,methionine,Tri,glycine,GCA,0.1646100878715515
B7AVX6,methionine,Tri,taurine,TCA,0.1790372133255005
B7AVX6,ornithine,Mono,glycine,GLCA,0.1912946254014969
B7AVX6,ornithine,Mono,taurine,TLCA,0.21747294068336487
B7AVX6,ornithine,Di,glycine,GDCA,0.22957518696784973
B7AVX6,ornithine,Di,taurine,TDCA,0.20346012711524963
B7AVX6,ornithine,Tri,glycine,GCA,0.29630568623542786
B7AVX6,ornithine,Tri,taurine,TCA,0.22944499552249908
B7AVX6,phenylalanine,Mono,glycine,GLCA,0.24130965769290924
B7AVX6,phenylalanine,Mono,taurine,TLCA,0.41533541679382324
B7AVX6,phenylalanine,Di,glycine,GDCA,0.30502593517303467
B7AVX6,phenylalanine,Di,taurine,TDCA,0.3686385750770569
B7AVX6,phenylalanine,Tri,glycine,GCA,0.2883313298225403
B7AVX6,phenylalanine,Tri,taurine,TCA,0.3184579312801361
B7AVX6,serine,Mono,glycine,GLCA,0.24795112013816833
B7AVX6,serine,Mono,taurine,TLCA,0.3624061346054077
B7AVX6,serine,Di,glycine,GDCA,0.30607232451438904
B7AVX6,serine,Di,taurine,TDCA,0.3774418830871582
B7AVX6,serine,Tri,glycine,GCA,0.32821202278137207
B7AVX6,serine,Tri,taurine,TCA,0.31011682748794556
B7AVX6,threonine,Mono,glycine,GLCA,0.28336530923843384
B7AVX6,threonine,Mono,taurine,TLCA,0.4769170582294464
B7AVX6,threonine,Di,glycine,GDCA,0.40415507555007935
B7AVX6,threonine,Di,taurine,TDCA,0.43983060121536255
B7AVX6,threonine,Tri,glycine,GCA,0.3402228057384491
B7AVX6,threonine,Tri,taurine,TCA,0.37456953525543213
B7AVX6,tryptamine,Mono,glycine,GLCA,0.16519764065742493
B7AVX6,tryptamine,Mono,taurine,TLCA,0.2287922352552414
B7AVX6,tryptamine,Di,glycine,GDCA,0.24637028574943542
B7AVX6,tryptamine,Di,taurine,TDCA,0.22086358070373535
B7AVX6,tryptamine,Tri,glycine,GCA,0.26034557819366455
B7AVX6,tryptamine,Tri,taurine,TCA,0.20478151738643646
B7AVX6,cadaverine,Mono,glycine,GLCA,0.20774419605731964
B7AVX6,cadaverine,Mono,taurine,TLCA,0.179073303937912
B7AVX6,cadaverine,Di,glycine,GDCA,0.23063792288303375
B7AVX6,cadaverine,Di,taurine,TDCA,0.18244025111198425
B7AVX6,cadaverine,Tri,glycine,GCA,0.23489950597286224
B7AVX6,cadaverine,Tri,taurine,TCA,0.17894189059734344
B7AVX6,putrescine,Mono,glycine,GLCA,0.24081683158874512
B7AVX6,putrescine,Mono,taurine,TLCA,0.2520604729652405
B7AVX6,putrescine,Di,glycine,GDCA,0.2596758008003235
B7AVX6,putrescine,Di,taurine,TDCA,0.22880612313747406
B7AVX6,putrescine,Tri,glycine,GCA,0.22287696599960327
B7AVX6,putrescine,Tri,taurine,TCA,0.18446967005729675
B7AVX6,2_aminophenol,Mono,glycine,GLCA,0.24376730620861053
B7AVX6,2_aminophenol,Mono,taurine,TLCA,0.3451799750328064
B7AVX6,2_aminophenol,Di,glycine,GDCA,0.3561502993106842
B7AVX6,2_aminophenol,Di,taurine,TDCA,0.38279375433921814
B7AVX6,2_aminophenol,Tri,glycine,GCA,0.30046311020851135
B7AVX6,2_aminophenol,Tri,taurine,TCA,0.30773553252220154
B7AVX6,serotonin,Mono,glycine,GLCA,0.16983652114868164
B7AVX6,serotonin,Mono,taurine,TLCA,0.29282981157302856
B7AVX6,serotonin,Di,glycine,GDCA,0.2751597762107849
B7AVX6,serotonin,Di,taurine,TDCA,0.24183931946754456
B7AVX6,serotonin,Tri,glycine,GCA,0.3123074471950531
B7AVX6,serotonin,Tri,taurine,TCA,0.25522878766059875
B7AVX6,tyramine,Mono,glycine,GLCA,0.23470613360404968
B7AVX6,tyramine,Mono,taurine,TLCA,0.2715187668800354
B7AVX6,tyramine,Di,glycine,GDCA,0.28316664695739746
B7AVX6,tyramine,Di,taurine,TDCA,0.23362627625465393
B7AVX6,tyramine,Tri,glycine,GCA,0.27683836221694946
B7AVX6,tyramine,Tri,taurine,TCA,0.22362551093101501
B7AVX6,cystine,Mono,glycine,GLCA,0.1563919484615326
B7AVX6,cystine,Mono,taurine,TLCA,0.2956400513648987
B7AVX6,cystine,Di,glycine,GDCA,0.19808344542980194
B7AVX6,cystine,Di,taurine,TDCA,0.12875385582447052
B7AVX6,cystine,Tri,glycine,GCA,0.23448149859905243
B7AVX6,cystine,Tri,taurine,TCA,0.1597898304462433
C0CIF5,"2,3_diaminopropionic acid",Mono,glycine,GLCA,0.19439667463302612
C0CIF5,"2,3_diaminopropionic acid",Mono,taurine,TLCA,0.3339575231075287
C0CIF5,"2,3_diaminopropionic acid",Di,glycine,GDCA,0.31790798902511597
C0CIF5,"2,3_diaminopropionic acid",Di,taurine,TDCA,0.2989116609096527
C0CIF5,"2,3_diaminopropionic acid",Tri,glycine,GCA,0.3363856375217438
C0CIF5,"2,3_diaminopropionic acid",Tri,taurine,TCA,0.3079807758331299
C0CIF5,3_methoxytyramine,Mono,glycine,GLCA,0.07592364400625229
C0CIF5,3_methoxytyramine,Mono,taurine,TLCA,0.13129891455173492
C0CIF5,3_methoxytyramine,Di,glycine,GDCA,0.12873432040214539
C0CIF5,3_methoxytyramine,Di,taurine,TDCA,0.028105923905968666
C0CIF5,3_methoxytyramine,Tri,glycine,GCA,0.09556371718645096
C0CIF5,3_methoxytyramine,Tri,taurine,TCA,0.04238744080066681
C0CIF5,asparagine,Mono,glycine,GLCA,0.18578267097473145
C0CIF5,asparagine,Mono,taurine,TLCA,0.39179569482803345
C0CIF5,asparagine,Di,glycine,GDCA,0.22810232639312744
C0CIF5,asparagine,Di,taurine,TDCA,0.30199456214904785
C0CIF5,asparagine,Tri,glycine,GCA,0.2479383796453476
C0CIF5,asparagine,Tri,taurine,TCA,0.29076626896858215
C0CIF5,proline,Mono,glycine,GLCA,0.2684447765350342
C0CIF5,proline,Mono,taurine,TLCA,0.408352255821228
C0CIF5,proline,Di,glycine,GDCA,0.22714272141456604
C0CIF5,proline,Di,taurine,TDCA,0.20664501190185547
C0CIF5,proline,Tri,glycine,GCA,0.23648306727409363
C0CIF5,proline,Tri,taurine,TCA,0.15399521589279175
C0CIF5,dopamine,Mono,glycine,GLCA,0.16169780492782593
C0CIF5,dopamine,Mono,taurine,TLCA,0.28418153524398804
C0CIF5,dopamine,Di,glycine,GDCA,0.2036517858505249
C0CIF5,dopamine,Di,taurine,TDCA,0.17577117681503296
C0CIF5,dopamine,Tri,glycine,GCA,0.2291276752948761
C0CIF5,dopamine,Tri,taurine,TCA,0.17080484330654144
C0CIF5,gaba,Mono,glycine,GLCA,0.17287734150886536
C0CIF5,gaba,Mono,taurine,TLCA,0.21634240448474884
C0CIF5,gaba,Di,glycine,GDCA,0.17375752329826355
C0CIF5,gaba,Di,taurine,TDCA,0.1233980655670166
C0CIF5,gaba,Tri,glycine,GCA,0.21383404731750488
C0CIF5,gaba,Tri,taurine,TCA,0.13969144225120544
C0CIF5,glyglycine,Mono,glycine,GLCA,0.1413348764181137
C0CIF5,glyglycine,Mono,taurine,TLCA,0.1597907394170761
C0CIF5,glyglycine,Di,glycine,GDCA,0.11242029070854187
C0CIF5,glyglycine,Di,taurine,TDCA,0.04493430256843567
C0CIF5,glyglycine,Tri,glycine,GCA,0.10587738454341888
C0CIF5,glyglycine,Tri,taurine,TCA,0.04514048248529434
C0CIF5,alanine,Mono,glycine,GLCA,0.18787959218025208
C0CIF5,alanine,Mono,taurine,TLCA,0.2543710470199585
C0CIF5,alanine,Di,glycine,GDCA,0.16954052448272705
C0CIF5,alanine,Di,taurine,TDCA,0.09983011335134506
C0CIF5,alanine,Tri,glycine,GCA,0.18783937394618988
C0CIF5,alanine,Tri,taurine,TCA,0.17831958830356598
C0CIF5,arginine,Mono,glycine,GLCA,0.1334606409072876
C0CIF5,arginine,Mono,taurine,TLCA,0.322539746761322
C0CIF5,arginine,Di,glycine,GDCA,0.17088840901851654
C0CIF5,arginine,Di,taurine,TDCA,0.19318142533302307
C0CIF5,arginine,Tri,glycine,GCA,0.24223779141902924
C0CIF5,arginine,Tri,taurine,TCA,0.19944819808006287
C0CIF5,citrulline,Mono,glycine,GLCA,0.25672078132629395
C0CIF5,citrulline,Mono,taurine,TLCA,0.41352617740631104
C0CIF5,citrulline,Di,glycine,GDCA,0.26839902997016907
C0CIF5,citrulline,Di,taurine,TDCA,0.31015336513519287
C0CIF5,citrulline,Tri,glycine,GCA,0.28365612030029297
C0CIF5,citrulline,Tri,taurine,TCA,0.29295358061790466
C0CIF5,glutamine,Mono,glycine,GLCA,0.2069711983203888
C0CIF5,glutamine,Mono,taurine,TLCA,0.39742523431777954
C0CIF5,glutamine,Di,glycine,GDCA,0.3129179775714874
C0CIF5,glutamine,Di,taurine,TDCA,0.3681163191795349
C0CIF5,glutamine,Tri,glycine,GCA,0.27429094910621643
C0CIF5,glutamine,Tri,taurine,TCA,0.30647343397140503
C0CIF5,histidine,Mono,glycine,GLCA,0.22825202345848083
C0CIF5,histidine,Mono,taurine,TLCA,0.4452657699584961
C0CIF5,histidine,Di,glycine,GDCA,0.24116215109825134
C0CIF5,histidine,Di,taurine,TDCA,0.33504676818847656
C0CIF5,histidine,Tri,glycine,GCA,0.27555081248283386
C0CIF5,histidine,Tri,taurine,TCA,0.36970919370651245
C0CIF5,lysine,Mono,glycine,GLCA,0.19855418801307678
C0CIF5,lysine,Mono,taurine,TLCA,0.20110036432743073
C0CIF5,lysine,Di,glycine,GDCA,0.2124866247177124
C0CIF5,lysine,Di,taurine,TDCA,0.17712147533893585
C0CIF5,lysine,Tri,glycine,GCA,0.2326274812221527
C0CIF5,lysine,Tri,taurine,TCA,0.17890965938568115
C0CIF5,methionine,Mono,glycine,GLCA,0.14521189033985138
C0CIF5,methionine,Mono,taurine,TLCA,0.21309655904769897
C0CIF5,methionine,Di,glycine,GDCA,0.13467289507389069
C0CIF5,methionine,Di,taurine,TDCA,0.11617417633533478
C0CIF5,methionine,Tri,glycine,GCA,0.1419706493616104
C0CIF5,methionine,Tri,taurine,TCA,0.16978250443935394
C0CIF5,ornithine,Mono,glycine,GLCA,0.1953241378068924
C0CIF5,ornithine,Mono,taurine,TLCA,0.20068146288394928
C0CIF5,ornithine,Di,glycine,GDCA,0.20067869126796722
C0CIF5,ornithine,Di,taurine,TDCA,0.17299428582191467
C0CIF5,ornithine,Tri,glycine,GCA,0.2694961428642273
C0CIF5,ornithine,Tri,taurine,TCA,0.20169782638549805
C0CIF5,phenylalanine,Mono,glycine,GLCA,0.2524260878562927
C0CIF5,phenylalanine,Mono,taurine,TLCA,0.4444364905357361
C0CIF5,phenylalanine,Di,glycine,GDCA,0.30396586656570435
C0CIF5,phenylalanine,Di,taurine,TDCA,0.37441736459732056
C0CIF5,phenylalanine,Tri,glycine,GCA,0.28495997190475464
C0CIF5,phenylalanine,Tri,taurine,TCA,0.33101320266723633
C0CIF5,serine,Mono,glycine,GLCA,0.2652241885662079
C0CIF5,serine,Mono,taurine,TLCA,0.3949819803237915
C0CIF5,serine,Di,glycine,GDCA,0.28797948360443115
C0CIF5,serine,Di,taurine,TDCA,0.36315616965293884
C0CIF5,serine,Tri,glycine,GCA,0.3214654326438904
C0CIF5,serine,Tri,taurine,TCA,0.30867406725883484
C0CIF5,threonine,Mono,glycine,GLCA,0.2618713676929474
C0CIF5,threonine,Mono,taurine,TLCA,0.46485722064971924
C0CIF5,threonine,Di,glycine,GDCA,0.3648315668106079
C0CIF5,threonine,Di,taurine,TDCA,0.40970706939697266
C0CIF5,threonine,Tri,glycine,GCA,0.3271586000919342
C0CIF5,threonine,Tri,taurine,TCA,0.3573727011680603
C0CIF5,tryptamine,Mono,glycine,GLCA,0.1629016250371933
C0CIF5,tryptamine,Mono,taurine,TLCA,0.21061250567436218
C0CIF5,tryptamine,Di,glycine,GDCA,0.2146889567375183
C0CIF5,tryptamine,Di,taurine,TDCA,0.18889841437339783
C0CIF5,tryptamine,Tri,glycine,GCA,0.235296368598938
C0CIF5,tryptamine,Tri,taurine,TCA,0.17669126391410828
C0CIF5,cadaverine,Mono,glycine,GLCA,0.1999833881855011
C0CIF5,cadaverine,Mono,taurine,TLCA,0.18334342539310455
C0CIF5,cadaverine,Di,glycine,GDCA,0.20591716468334198
C0CIF5,cadaverine,Di,taurine,TDCA,0.15029555559158325
C0CIF5,cadaverine,Tri,glycine,GCA,0.23125354945659637
C0CIF5,cadaverine,Tri,taurine,TCA,0.16203120350837708
C0CIF5,putrescine,Mono,glycine,GLCA,0.23165678977966309
C0CIF5,putrescine,Mono,taurine,TLCA,0.24940341711044312
C0CIF5,putrescine,Di,glycine,GDCA,0.2357591986656189
C0CIF5,putrescine,Di,taurine,TDCA,0.1816791594028473
C0CIF5,putrescine,Tri,glycine,GCA,0.21679961681365967
C0CIF5,putrescine,Tri,taurine,TCA,0.16396743059158325
C0CIF5,2_aminophenol,Mono,glycine,GLCA,0.23442433774471283
C0CIF5,2_aminophenol,Mono,taurine,TLCA,0.33330368995666504
C0CIF5,2_aminophenol,Di,glycine,GDCA,0.3211929500102997
C0CIF5,2_aminophenol,Di,taurine,TDCA,0.33564695715904236
C0CIF5,2_aminophenol,Tri,glycine,GCA,0.29529160261154175
C0CIF5,2_aminophenol,Tri,taurine,TCA,0.2816654443740845
C0CIF5,serotonin,Mono,glycine,GLCA,0.16042715311050415
C0CIF5,serotonin,Mono,taurine,TLCA,0.27389100193977356
C0CIF5,serotonin,Di,glycine,GDCA,0.2499413937330246
C0CIF5,serotonin,Di,taurine,TDCA,0.20474857091903687
C0CIF5,serotonin,Tri,glycine,GCA,0.28123342990875244
C0CIF5,serotonin,Tri,taurine,TCA,0.23253276944160461
C0CIF5,tyramine,Mono,glycine,GLCA,0.22297850251197815
C0CIF5,tyramine,Mono,taurine,TLCA,0.2646057903766632
C0CIF5,tyramine,Di,glycine,GDCA,0.2628299593925476
C0CIF5,tyramine,Di,taurine,TDCA,0.20589986443519592
C0CIF5,tyramine,Tri,glycine,GCA,0.25939446687698364
C0CIF5,tyramine,Tri,taurine,TCA,0.2120441198348999
C0CIF5,cystine,Mono,glycine,GLCA,0.14833208918571472
C0CIF5,cystine,Mono,taurine,TLCA,0.2996320128440857
C0CIF5,cystine,Di,glycine,GDCA,0.14936380088329315
C0CIF5,cystine,Di,taurine,TDCA,0.09585302323102951
C0CIF5,cystine,Tri,glycine,GCA,0.211515411734581
C0CIF5,cystine,Tri,taurine,TCA,0.15135107934474945
C0ERS1,"2,3_diaminopropionic acid",Mono,glycine,GLCA,0.2043556571006775
C0ERS1,"2,3_diaminopropionic acid",Mono,taurine,TLCA,0.33230888843536377
C0ERS1,"2,3_diaminopropionic acid",Di,glycine,GDCA,0.3577021658420563
C0ERS1,"2,3_diaminopropionic acid",Di,taurine,TDCA,0.3272903263568878
C0ERS1,"2,3_diaminopropionic acid",Tri,glycine,GCA,0.3568683862686157
C0ERS1,"2,3_diaminopropionic acid",Tri,taurine,TCA,0.33244335651397705
C0ERS1,3_methoxytyramine,Mono,glycine,GLCA,0.09194187819957733
C0ERS1,3_methoxytyramine,Mono,taurine,TLCA,0.15212327241897583
C0ERS1,3_methoxytyramine,Di,glycine,GDCA,0.1392454206943512
C0ERS1,3_methoxytyramine,Di,taurine,TDCA,0.039469219744205475
C0ERS1,3_methoxytyramine,Tri,glycine,GCA,0.10926653444766998
C0ERS1,3_methoxytyramine,Tri,taurine,TCA,0.05355967953801155
C0ERS1,asparagine,Mono,glycine,GLCA,0.18713527917861938
C0ERS1,asparagine,Mono,taurine,TLCA,0.3890934884548187
C0ERS1,asparagine,Di,glycine,GDCA,0.24990421533584595
C0ERS1,asparagine,Di,taurine,TDCA,0.3245312571525574
C0ERS1,asparagine,Tri,glycine,GCA,0.25738975405693054
C0ERS1,asparagine,Tri,taurine,TCA,0.30292752385139465
C0ERS1,proline,Mono,glycine,GLCA,0.27288368344306946
C0ERS1,proline,Mono,taurine,TLCA,0.4066973924636841
C0ERS1,proline,Di,glycine,GDCA,0.2500703036785126
C0ERS1,proline,Di,taurine,TDCA,0.23481464385986328
C0ERS1,proline,Tri,glycine,GCA,0.24738693237304688
C0ERS1,proline,Tri,taurine,TCA,0.16358456015586853
C0ERS1,dopamine,Mono,glycine,GLCA,0.18170423805713654
C0ERS1,dopamine,Mono,taurine,TLCA,0.3022099435329437
C0ERS1,dopamine,Di,glycine,GDCA,0.23784780502319336
C0ERS1,dopamine,Di,taurine,TDCA,0.20926973223686218
C0ERS1,dopamine,Tri,glycine,GCA,0.27073872089385986
C0ERS1,dopamine,Tri,taurine,TCA,0.20488223433494568
C0ERS1,gaba,Mono,glycine,GLCA,0.1850070059299469
C0ERS1,gaba,Mono,taurine,TLCA,0.22669081389904022
C0ERS1,gaba,Di,glycine,GDCA,0.21210134029388428
C0ERS1,gaba,Di,taurine,TDCA,0.170601487159729
C0ERS1,gaba,Tri,glycine,GCA,0.24873515963554382
C0ERS1,gaba,Tri,taurine,TCA,0.174898162484169
C0ERS1,glyglycine,Mono,glycine,GLCA,0.14430032670497894
C0ERS1,glyglycine,Mono,taurine,TLCA,0.1603519320487976
C0ERS1,glyglycine,Di,glycine,GDCA,0.11465755105018616
C0ERS1,glyglycine,Di,taurine,TDCA,0.04814707487821579
C0ERS1,glyglycine,Tri,glycine,GCA,0.12414070963859558
C0ERS1,glyglycine,Tri,taurine,TCA,0.06749284267425537
C0ERS1,alanine,Mono,glycine,GLCA,0.18574848771095276
C0ERS1,alanine,Mono,taurine,TLCA,0.251325786113739
C0ERS1,alanine,Di,glycine,GDCA,0.19019590318202972
C0ERS1,alanine,Di,taurine,TDCA,0.11218703538179398
C0ERS1,alanine,Tri,glycine,GCA,0.18112018704414368
C0ERS1,alanine,Tri,taurine,TCA,0.16724318265914917
C0ERS1,arginine,Mono,glycine,GLCA,0.11759518086910248
C0ERS1,arginine,Mono,taurine,TLCA,0.31660196185112
C0ERS1,arginine,Di,glycine,GDCA,0.18345893919467926
C0ERS1,arginine,Di,taurine,TDCA,0.19538381695747375
C0ERS1,arginine,Tri,glycine,GCA,0.25533097982406616
C0ERS1,arginine,Tri,taurine,TCA,0.20396079123020172
C0ERS1,citrulline,Mono,glycine,GLCA,0.2632538080215454
C0ERS1,citrulline,Mono,taurine,TLCA,0.42997342348098755
C0ERS1,citrulline,Di,glycine,GDCA,0.308799147605896
C0ERS1,citrulline,Di,taurine,TDCA,0.35131311416625977
C0ERS1,citrulline,Tri,glycine,GCA,0.3207318186759949
C0ERS1,citrulline,Tri,taurine,TCA,0.33259403705596924
C0ERS1,glutamine,Mono,glycine,GLCA,0.21183450520038605
C0ERS1,glutamine,Mono,taurine,TLCA,0.3927030861377716
C0ERS1,glutamine,Di,glycine,GDCA,0.33362218737602234
C0ERS1,glutamine,Di,taurine,TDCA,0.39075973629951477
C0ERS1,glutamine,Tri,glycine,GCA,0.285502165555954
C0ERS1,glutamine,Tri,taurine,TCA,0.3103002905845642
C0ERS1,histidine,Mono,glycine,GLCA,0.23962652683258057
C0ERS1,histidine,Mono,taurine,TLCA,0.4313048720359802
C0ERS1,histidine,Di,glycine,GDCA,0.2541673183441162
C0ERS1,histidine,Di,taurine,TDCA,0.34321871399879456
C0ERS1,histidine,Tri,glycine,GCA,0.298966646194458
C0ERS1,histidine,Tri,taurine,TCA,0.37699854373931885
C0ERS1,lysine,Mono,glycine,GLCA,0.20614856481552124
C0ERS1,lysine,Mono,taurine,TLCA,0.21928226947784424
C0ERS1,lysine,Di,glycine,GDCA,0.24106737971305847
C0ERS1,lysine,Di,taurine,TDCA,0.205978125333786
C0ERS1,lysine,Tri,glycine,GCA,0.27115076780319214
C0ERS1,lysine,Tri,taurine,TCA,0.20285305380821228
C0ERS1,methionine,Mono,glycine,GLCA,0.14689640700817108
C0ERS1,methionine,Mono,taurine,TLCA,0.2126733362674713
C0ERS1,methionine,Di,glycine,GDCA,0.14727021753787994
C0ERS1,methionine,Di,taurine,TDCA,0.12600211799144745
C0ERS1,methionine,Tri,glycine,GCA,0.1599046140909195
C0ERS1,methionine,Tri,taurine,TCA,0.17787286639213562
C0ERS1,ornithine,Mono,glycine,GLCA,0.20466816425323486
C0ERS1,ornithine,Mono,taurine,TLCA,0.2258034646511078
C0ERS1,ornithine,Di,glycine,GDCA,0.24369338154792786
C0ERS1,ornithine,Di,taurine,TDCA,0.20476475358009338
C0ERS1,ornithine,Tri,glycine,GCA,0.3130963444709778
C0ERS1,ornithine,Tri,taurine,TCA,0.23753467202186584
C0ERS1,phenylalanine,Mono,glycine,GLCA,0.2598140835762024
C0ERS1,phenylalanine,Mono,taurine,TLCA,0.4404265880584717
C0ERS1,phenylalanine,Di,glycine,GDCA,0.3224126994609833
C0ERS1,phenylalanine,Di,taurine,TDCA,0.3901844918727875
C0ERS1,phenylalanine,Tri,glycine,GCA,0.30625033378601074
C0ERS1,phenylalanine,Tri,taurine,TCA,0.3419845998287201
C0ERS1,serine,Mono,glycine,GLCA,0.2649260461330414
C0ERS1,serine,Mono,taurine,TLCA,0.3909808397293091
C0ERS1,serine,Di,glycine,GDCA,0.3114573061466217
C0ERS1,serine,Di,taurine,TDCA,0.3827984929084778
C0ERS1,serine,Tri,glycine,GCA,0.3427245318889618
C0ERS1,serine,Tri,taurine,TCA,0.3212244212627411
C0ERS1,threonine,Mono,glycine,GLCA,0.28324615955352783
C0ERS1,threonine,Mono,taurine,TLCA,0.4885481595993042
C0ERS1,threonine,Di,glycine,GDCA,0.40640589594841003
C0ERS1,threonine,Di,taurine,TDCA,0.4355570077896118
C0ERS1,threonine,Tri,glycine,GCA,0.3510403037071228
C0ERS1,threonine,Tri,taurine,TCA,0.38146504759788513
C0ERS1,tryptamine,Mono,glycine,GLCA,0.17218023538589478
C0ERS1,tryptamine,Mono,taurine,TLCA,0.24228301644325256
C0ERS1,tryptamine,Di,glycine,GDCA,0.2516598403453827
C0ERS1,tryptamine,Di,taurine,TDCA,0.22599773108959198
C0ERS1,tryptamine,Tri,glycine,GCA,0.2676616311073303
C0ERS1,tryptamine,Tri,taurine,TCA,0.20878909528255463
C0ERS1,cadaverine,Mono,glycine,GLCA,0.21074789762496948
C0ERS1,cadaverine,Mono,taurine,TLCA,0.1900908648967743
C0ERS1,cadaverine,Di,glycine,GDCA,0.2389686554670334
C0ERS1,cadaverine,Di,taurine,TDCA,0.18237842619419098
C0ERS1,cadaverine,Tri,glycine,GCA,0.2522483766078949
C0ERS1,cadaverine,Tri,taurine,TCA,0.18770313262939453
C0ERS1,putrescine,Mono,glycine,GLCA,0.2443390190601349
C0ERS1,putrescine,Mono,taurine,TLCA,0.2603682279586792
C0ERS1,putrescine,Di,glycine,GDCA,0.269950270652771
C0ERS1,putrescine,Di,taurine,TDCA,0.22365164756774902
C0ERS1,putrescine,Tri,glycine,GCA,0.23891298472881317
C0ERS1,putrescine,Tri,taurine,TCA,0.19207105040550232
C0ERS1,2_aminophenol,Mono,glycine,GLCA,0.25023600459098816
C0ERS1,2_aminophenol,Mono,taurine,TLCA,0.35354098677635193
C0ERS1,2_aminophenol,Di,glycine,GDCA,0.36744001507759094
C0ERS1,2_aminophenol,Di,taurine,TDCA,0.37645864486694336
C0ERS1,2_aminophenol,Tri,glycine,GCA,0.322204053401947
C0ERS1,2_aminophenol,Tri,taurine,TCA,0.3121841847896576
C0ERS1,serotonin,Mono,glycine,GLCA,0.1735965460538864
C0ERS1,serotonin,Mono,taurine,TLCA,0.3066211938858032
C0ERS1,serotonin,Di,glycine,GDCA,0.2842247188091278
C0ERS1,serotonin,Di,taurine,TDCA,0.24472637474536896
C0ERS1,serotonin,Tri,glycine,GCA,0.32407382130622864
C0ERS1,serotonin,Tri,taurine,TCA,0.26723653078079224
C0ERS1,tyramine,Mono,glycine,GLCA,0.2502194046974182
C0ERS1,tyramine,Mono,taurine,TLCA,0.28417813777923584
C0ERS1,tyramine,Di,glycine,GDCA,0.2989477515220642
C0ERS1,tyramine,Di,taurine,TDCA,0.23811107873916626
C0ERS1,tyramine,Tri,glycine,GCA,0.2925437390804291
C0ERS1,tyramine,Tri,taurine,TCA,0.24230751395225525
C0ERS1,cystine,Mono,glycine,GLCA,0.15939712524414062
C0ERS1,cystine,Mono,taurine,TLCA,0.31495019793510437
C0ERS1,cystine,Di,glycine,GDCA,0.19512413442134857
C0ERS1,cystine,Di,taurine,TDCA,0.13452370464801788
C0ERS1,cystine,Tri,glycine,GCA,0.23962482810020447
C0ERS1,cystine,Tri,taurine,TCA,0.17258977890014648
G5H9U7,"2,3_diaminopropionic acid",Mono,glycine,GLCA,0.3025383949279785
G5H9U7,"2,3_diaminopropionic acid",Mono,taurine,TLCA,0.4257420003414154
G5H9U7,"2,3_diaminopropionic acid",Di,glycine,GDCA,0.35157063603401184
G5H9U7,"2,3_diaminopropionic acid",Di,taurine,TDCA,0.3472539186477661
G5H9U7,"2,3_diaminopropionic acid",Tri,glycine,GCA,0.3377256989479065
G5H9U7,"2,3_diaminopropionic acid",Tri,taurine,TCA,0.3062988519668579
G5H9U7,3_methoxytyramine,Mono,glycine,GLCA,0.09265423566102982
G5H9U7,3_methoxytyramine,Mono,taurine,TLCA,0.12908315658569336
G5H9U7,3_methoxytyramine,Di,glycine,GDCA,0.0914517417550087
G5H9U7,3_methoxytyramine,Di,taurine,TDCA,0.01641213893890381
G5H9U7,3_methoxytyramine,Tri,glycine,GCA,0.08191914856433868
G5H9U7,3_methoxytyramine,Tri,taurine,TCA,0.05487905442714691
G5H9U7,asparagine,Mono,glycine,GLCA,0.3007594048976898
G5H9U7,asparagine,Mono,taurine,TLCA,0.522720217704773
G5H9U7,asparagine,Di,glycine,GDCA,0.30132466554641724
G5H9U7,asparagine,Di,taurine,TDCA,0.36839258670806885
G5H9U7,asparagine,Tri,glycine,GCA,0.296719491481781
G5H9U7,asparagine,Tri,taurine,TCA,0.33998602628707886
G5H9U7,proline,Mono,glycine,GLCA,0.34358149766921997
G5H9U7,proline,Mono,taurine,TLCA,0.5028810501098633
G5H9U7,proline,Di,glycine,GDCA,0.2266031801700592
G5H9U7,proline,Di,taurine,TDCA,0.23750904202461243
G5H9U7,proline,Tri,glycine,GCA,0.2689306437969208
G5H9U7,proline,Tri,taurine,TCA,0.2568436563014984
G5H9U7,dopamine,Mono,glycine,GLCA,0.13957037031650543
G5H9U7,dopamine,Mono,taurine,TLCA,0.2422025352716446
G5H9U7,dopamine,Di,glycine,GDCA,0.1619889736175537
G5H9U7,dopamine,Di,taurine,TDCA,0.14004340767860413
G5H9U7,dopamine,Tri,glycine,GCA,0.14511078596115112
G5H9U7,dopamine,Tri,taurine,TCA,0.11596820503473282
G5H9U7,gaba,Mono,glycine,GLCA,0.2301427125930786
G5H9U7,gaba,Mono,taurine,TLCA,0.31806570291519165
G5H9U7,gaba,Di,glycine,GDCA,0.20069435238838196
G5H9U7,gaba,Di,taurine,TDCA,0.18935778737068176
G5H9U7,gaba,Tri,glycine,GCA,0.22510835528373718
G5H9U7,gaba,Tri,taurine,TCA,0.2063928246498108
G5H9U7,glyglycine,Mono,glycine,GLCA,0.23360735177993774
G5H9U7,glyglycine,Mono,taurine,TLCA,0.24271443486213684
G5H9U7,glyglycine,Di,glycine,GDCA,0.19182607531547546
G5H9U7,glyglycine,Di,taurine,TDCA,0.12893939018249512
G5H9U7,glyglycine,Tri,glycine,GCA,0.10651925206184387
G5H9U7,glyglycine,Tri,taurine,TCA,0.06824588775634766
G5H9U7,alanine,Mono,glycine,GLCA,0.2976168990135193
G5H9U7,alanine,Mono,taurine,TLCA,0.38691335916519165
G5H9U7,alanine,Di,glycine,GDCA,0.27989262342453003
G5H9U7,alanine,Di,taurine,TDCA,0.22502698004245758
G5H9U7,alanine,Tri,glycine,GCA,0.2548897862434387
G5H9U7,alanine,Tri,taurine,TCA,0.22147074341773987
G5H9U7,arginine,Mono,glycine,GLCA,0.1904381364583969
G5H9U7,arginine,Mono,taurine,TLCA,0.38801783323287964
G5H9U7,arginine,Di,glycine,GDCA,0.22714155912399292
G5H9U7,arginine,Di,taurine,TDCA,0.2861948013305664
G5H9U7,arginine,Tri,glycine,GCA,0.28409039974212646
G5H9U7,arginine,Tri,taurine,TCA,0.29116469621658325
G5H9U7,citrulline,Mono,glycine,GLCA,0.3493257761001587
G5H9U7,citrulline,Mono,taurine,TLCA,0.5434297919273376
G5H9U7,citrulline,Di,glycine,GDCA,0.29810693860054016
G5H9U7,citrulline,Di,taurine,TDCA,0.37007972598075867
G5H9U7,citrulline,Tri,glycine,GCA,0.30924099683761597
G5H9U7,citrulline,Tri,taurine,TCA,0.3358851671218872
G5H9U7,glutamine,Mono,glycine,GLCA,0.32881271839141846
G5H9U7,glutamine,Mono,taurine,TLCA,0.5478740334510803
G5H9U7,glutamine,Di,glycine,GDCA,0.36529189348220825
G5H9U7,glutamine,Di,taurine,TDCA,0.4209652841091156
G5H9U7,glutamine,Tri,glycine,GCA,0.2953717112541199
G5H9U7,glutamine,Tri,taurine,TCA,0.3721209764480591
G5H9U7,histidine,Mono,glycine,GLCA,0.33040380477905273
G5H9U7,histidine,Mono,taurine,TLCA,0.5832853317260742
G5H9U7,histidine,Di,glycine,GDCA,0.3413326144218445
G5H9U7,histidine,Di,taurine,TDCA,0.4425714313983917
G5H9U7,histidine,Tri,glycine,GCA,0.30525606870651245
G5H9U7,histidine,Tri,taurine,TCA,0.4328518211841583
G5H9U7,lysine,Mono,glycine,GLCA,0.2337874472141266
G5H9U7,lysine,Mono,taurine,TLCA,0.3172069191932678
G5H9U7,lysine,Di,glycine,GDCA,0.2642063498497009
G5H9U7,lysine,Di,taurine,TDCA,0.25194472074508667
G5H9U7,lysine,Tri,glycine,GCA,0.2787822186946869
G5H9U7,lysine,Tri,taurine,TCA,0.2579449415206909
G5H9U7,methionine,Mono,glycine,GLCA,0.26701322197914124
G5H9U7,methionine,Mono,taurine,TLCA,0.3818417191505432
G5H9U7,methionine,Di,glycine,GDCA,0.19643568992614746
G5H9U7,methionine,Di,taurine,TDCA,0.2129608392715454
G5H9U7,methionine,Tri,glycine,GCA,0.22484907507896423
G5H9U7,methionine,Tri,taurine,TCA,0.24845032393932343
G5H9U7,ornithine,Mono,glycine,GLCA,0.23349392414093018
G5H9U7,ornithine,Mono,taurine,TLCA,0.3211834132671356
G5H9U7,ornithine,Di,glycine,GDCA,0.24858245253562927
G5H9U7,ornithine,Di,taurine,TDCA,0.2443603277206421
G5H9U7,ornithine,Tri,glycine,GCA,0.2857530415058136
G5H9U7,ornithine,Tri,taurine,TCA,0.2618507444858551
G5H9U7,phenylalanine,Mono,glycine,GLCA,0.3535043001174927
G5H9U7,phenylalanine,Mono,taurine,TLCA,0.5645459890365601
G5H9U7,phenylalanine,Di,glycine,GDCA,0.3638603389263153
G5H9U7,phenylalanine,Di,taurine,TDCA,0.44144007563591003
G5H9U7,phenylalanine,Tri,glycine,GCA,0.3195931911468506
G5H9U7,phenylalanine,Tri,taurine,TCA,0.3834242522716522
G5H9U7,serine,Mono,glycine,GLCA,0.37613287568092346
G5H9U7,serine,Mono,taurine,TLCA,0.5278264880180359
G5H9U7,serine,Di,glycine,GDCA,0.34027186036109924
G5H9U7,serine,Di,taurine,TDCA,0.438662052154541
G5H9U7,serine,Tri,glycine,GCA,0.33172282576560974
G5H9U7,serine,Tri,taurine,TCA,0.3637281060218811
G5H9U7,threonine,Mono,glycine,GLCA,0.3492841124534607
G5H9U7,threonine,Mono,taurine,TLCA,0.4997090697288513
G5H9U7,threonine,Di,glycine,GDCA,0.3584364652633667
G5H9U7,threonine,Di,taurine,TDCA,0.43488121032714844
G5H9U7,threonine,Tri,glycine,GCA,0.28510552644729614
G5H9U7,threonine,Tri,taurine,TCA,0.3421432375907898
G5H9U7,tryptamine,Mono,glycine,GLCA,0.14370021224021912
G5H9U7,tryptamine,Mono,taurine,TLCA,0.15064580738544464
G5H9U7,tryptamine,Di,glycine,GDCA,0.1665133237838745
G5H9U7,tryptamine,Di,taurine,TDCA,0.16104350984096527
G5H9U7,tryptamine,Tri,glycine,GCA,0.17028957605361938
G5H9U7,tryptamine,Tri,taurine,TCA,0.14066362380981445
G5H9U7,cadaverine,Mono,glycine,GLCA,0.2886902391910553
G5H9U7,cadaverine,Mono,taurine,TLCA,0.33778733015060425
G5H9U7,cadaverine,Di,glycine,GDCA,0.26576414704322815
G5H9U7,cadaverine,Di,taurine,TDCA,0.25153595209121704
G5H9U7,cadaverine,Tri,glycine,GCA,0.2626964747905731
G5H9U7,cadaverine,Tri,taurine,TCA,0.24345923960208893
G5H9U7,putrescine,Mono,glycine,GLCA,0.26773321628570557
G5H9U7,putrescine,Mono,taurine,TLCA,0.4045448303222656
G5H9U7,putrescine,Di,glycine,GDCA,0.2510852515697479
G5H9U7,putrescine,Di,taurine,TDCA,0.25149887800216675
G5H9U7,putrescine,Tri,glycine,GCA,0.2182043343782425
G5H9U7,putrescine,Tri,taurine,TCA,0.2221764624118805
G5H9U7,2_aminophenol,Mono,glycine,GLCA,0.3385280966758728
G5H9U7,2_aminophenol,Mono,taurine,TLCA,0.44088464975357056
G5H9U7,2_aminophenol,Di,glycine,GDCA,0.3453308343887329
G5H9U7,2_aminophenol,Di,taurine,TDCA,0.42612424492836
G5H9U7,2_aminophenol,Tri,glycine,GCA,0.30982834100723267
G5H9U7,2_aminophenol,Tri,taurine,TCA,0.3603031635284424
G5H9U7,serotonin,Mono,glycine,GLCA,0.14936155080795288
G5H9U7,serotonin,Mono,taurine,TLCA,0.24545885622501373
G5H9U7,serotonin,Di,glycine,GDCA,0.1976650357246399
G5H9U7,serotonin,Di,taurine,TDCA,0.21817372739315033
G5H9U7,serotonin,Tri,glycine,GCA,0.2415744811296463
G5H9U7,serotonin,Tri,taurine,TCA,0.21862320601940155
G5H9U7,tyramine,Mono,glycine,GLCA,0.17455850541591644
G5H9U7,tyramine,Mono,taurine,TLCA,0.24080555140972137
G5H9U7,tyramine,Di,glycine,GDCA,0.19949887692928314
G5H9U7,tyramine,Di,taurine,TDCA,0.16897788643836975
G5H9U7,tyramine,Tri,glycine,GCA,0.17426687479019165
G5H9U7,tyramine,Tri,taurine,TCA,0.16275659203529358
G5H9U7,cystine,Mono,glycine,GLCA,0.21404272317886353
G5H9U7,cystine,Mono,taurine,TLCA,0.35746991634368896
G5H9U7,cystine,Di,glycine,GDCA,0.24009902775287628
G5H9U7,cystine,Di,taurine,TDCA,0.14833498001098633
G5H9U7,cystine,Tri,glycine,GCA,0.24070030450820923
G5H9U7,cystine,Tri,taurine,TCA,0.18672598898410797
H1DEM8,"2,3_diaminopropionic acid",Mono,glycine,GLCA,0.1860460340976715
H1DEM8,"2,3_diaminopropionic acid",Mono,taurine,TLCA,0.32181745767593384
H1DEM8,"2,3_diaminopropionic acid",Di,glycine,GDCA,0.3480013608932495
H1DEM8,"2,3_diaminopropionic acid",Di,taurine,TDCA,0.31875696778297424
H1DEM8,"2,3_diaminopropionic acid",Tri,glycine,GCA,0.34558385610580444
H1DEM8,"2,3_diaminopropionic acid",Tri,taurine,TCA,0.3099938631057739
H1DEM8,3_methoxytyramine,Mono,glycine,GLCA,0.06264731287956238
H1DEM8,3_methoxytyramine,Mono,taurine,TLCA,0.11328081786632538
H1DEM8,3_methoxytyramine,Di,glycine,GDCA,0.12937001883983612
H1DEM8,3_methoxytyramine,Di,taurine,TDCA,0.030937541276216507
H1DEM8,3_methoxytyramine,Tri,glycine,GCA,0.0960380882024765
H1DEM8,3_methoxytyramine,Tri,taurine,TCA,0.04104626178741455
H1DEM8,asparagine,Mono,glycine,GLCA,0.17854145169258118
H1DEM8,asparagine,Mono,taurine,TLCA,0.39076146483421326
H1DEM8,asparagine,Di,glycine,GDCA,0.2380737066268921
H1DEM8,asparagine,Di,taurine,TDCA,0.30752891302108765
H1DEM8,asparagine,Tri,glycine,GCA,0.2522938549518585
H1DEM8,asparagine,Tri,taurine,TCA,0.2864452004432678
H1DEM8,proline,Mono,glycine,GLCA,0.2697494626045227
H1DEM8,proline,Mono,taurine,TLCA,0.41276124119758606
H1DEM8,proline,Di,glycine,GDCA,0.2490004450082779
H1DEM8,proline,Di,taurine,TDCA,0.23480984568595886
H1DEM8,proline,Tri,glycine,GCA,0.25104522705078125
H1DEM8,proline,Tri,taurine,TCA,0.16990360617637634
H1DEM8,dopamine,Mono,glycine,GLCA,0.16519854962825775
H1DEM8,dopamine,Mono,taurine,TLCA,0.27466073632240295
H1DEM8,dopamine,Di,glycine,GDCA,0.22635002434253693
H1DEM8,dopamine,Di,taurine,TDCA,0.20203498005867004
H1DEM8,dopamine,Tri,glycine,GCA,0.23915499448776245
H1DEM8,dopamine,Tri,taurine,TCA,0.18423008918762207
H1DEM8,gaba,Mono,glycine,GLCA,0.153289794921875
H1DEM8,gaba,Mono,taurine,TLCA,0.2024301290512085
H1DEM8,gaba,Di,glycine,GDCA,0.19482676684856415
H1DEM8,gaba,Di,taurine,TDCA,0.14584174752235413
H1DEM8,gaba,Tri,glycine,GCA,0.22723527252674103
H1DEM8,gaba,Tri,taurine,TCA,0.15539205074310303
H1DEM8,glyglycine,Mono,glycine,GLCA,0.1353537142276764
H1DEM8,glyglycine,Mono,taurine,TLCA,0.15634383261203766
H1DEM8,glyglycine,Di,glycine,GDCA,0.12957462668418884
H1DEM8,glyglycine,Di,taurine,TDCA,0.06142629310488701
H1DEM8,glyglycine,Tri,glycine,GCA,0.10542634129524231
H1DEM8,glyglycine,Tri,taurine,TCA,0.04167145490646362
H1DEM8,alanine,Mono,glycine,GLCA,0.17069534957408905
H1DEM8,alanine,Mono,taurine,TLCA,0.23182225227355957
H1DEM8,alanine,Di,glycine,GDCA,0.18371571600437164
H1DEM8,alanine,Di,taurine,TDCA,0.103824183344841
H1DEM8,alanine,Tri,glycine,GCA,0.18222513794898987
H1DEM8,alanine,Tri,taurine,TCA,0.15690480172634125
H1DEM8,arginine,Mono,glycine,GLCA,0.11399374902248383
H1DEM8,arginine,Mono,taurine,TLCA,0.3076792359352112
H1DEM8,arginine,Di,glycine,GDCA,0.188600093126297
H1DEM8,arginine,Di,taurine,TDCA,0.21356254816055298
H1DEM8,arginine,Tri,glycine,GCA,0.24617666006088257
H1DEM8,arginine,Tri,taurine,TCA,0.19739985466003418
H1DEM8,citrulline,Mono,glycine,GLCA,0.25119876861572266
H1DEM8,citrulline,Mono,taurine,TLCA,0.4237199127674103
H1DEM8,citrulline,Di,glycine,GDCA,0.29961153864860535
H1DEM8,citrulline,Di,taurine,TDCA,0.33656173944473267
H1DEM8,citrulline,Tri,glycine,GCA,0.3102119565010071
H1DEM8,citrulline,Tri,taurine,TCA,0.3080165386199951
H1DEM8,glutamine,Mono,glycine,GLCA,0.20141521096229553
H1DEM8,glutamine,Mono,taurine,TLCA,0.39392563700675964
H1DEM8,glutamine,Di,glycine,GDCA,0.33595025539398193
H1DEM8,glutamine,Di,taurine,TDCA,0.3865857720375061
H1DEM8,glutamine,Tri,glycine,GCA,0.2835950255393982
H1DEM8,glutamine,Tri,taurine,TCA,0.3049880564212799
H1DEM8,histidine,Mono,glycine,GLCA,0.22742168605327606
H1DEM8,histidine,Mono,taurine,TLCA,0.44430848956108093
H1DEM8,histidine,Di,glycine,GDCA,0.26505884528160095
H1DEM8,histidine,Di,taurine,TDCA,0.3599707782268524
H1DEM8,histidine,Tri,glycine,GCA,0.29246851801872253
H1DEM8,histidine,Tri,taurine,TCA,0.37777891755104065
H1DEM8,lysine,Mono,glycine,GLCA,0.17677083611488342
H1DEM8,lysine,Mono,taurine,TLCA,0.19620460271835327
H1DEM8,lysine,Di,glycine,GDCA,0.23475268483161926
H1DEM8,lysine,Di,taurine,TDCA,0.19948187470436096
H1DEM8,lysine,Tri,glycine,GCA,0.2535087466239929
H1DEM8,lysine,Tri,taurine,TCA,0.18843013048171997
H1DEM8,methionine,Mono,glycine,GLCA,0.13523779809474945
H1DEM8,methionine,Mono,taurine,TLCA,0.20281442999839783
H1DEM8,methionine,Di,glycine,GDCA,0.15028271079063416
H1DEM8,methionine,Di,taurine,TDCA,0.12117263674736023
H1DEM8,methionine,Tri,glycine,GCA,0.16346023976802826
H1DEM8,methionine,Tri,taurine,TCA,0.17170456051826477
H1DEM8,ornithine,Mono,glycine,GLCA,0.16603070497512817
H1DEM8,ornithine,Mono,taurine,TLCA,0.18687626719474792
H1DEM8,ornithine,Di,glycine,GDCA,0.22184666991233826
H1DEM8,ornithine,Di,taurine,TDCA,0.18576182425022125
H1DEM8,ornithine,Tri,glycine,GCA,0.2790731191635132
H1DEM8,ornithine,Tri,taurine,TCA,0.20626601576805115
H1DEM8,phenylalanine,Mono,glycine,GLCA,0.2487020194530487
H1DEM8,phenylalanine,Mono,taurine,TLCA,0.444314569234848
H1DEM8,phenylalanine,Di,glycine,GDCA,0.32914477586746216
H1DEM8,phenylalanine,Di,taurine,TDCA,0.4074752628803253
H1DEM8,phenylalanine,Tri,glycine,GCA,0.3010816276073456
H1DEM8,phenylalanine,Tri,taurine,TCA,0.34564441442489624
H1DEM8,serine,Mono,glycine,GLCA,0.2450937181711197
H1DEM8,serine,Mono,taurine,TLCA,0.3782448470592499
H1DEM8,serine,Di,glycine,GDCA,0.30867496132850647
H1DEM8,serine,Di,taurine,TDCA,0.381226122379303
H1DEM8,serine,Tri,glycine,GCA,0.32959938049316406
H1DEM8,serine,Tri,taurine,TCA,0.30694448947906494
H1DEM8,threonine,Mono,glycine,GLCA,0.25095081329345703
H1DEM8,threonine,Mono,taurine,TLCA,0.4578736424446106
H1DEM8,threonine,Di,glycine,GDCA,0.3824385106563568
H1DEM8,threonine,Di,taurine,TDCA,0.42184025049209595
H1DEM8,threonine,Tri,glycine,GCA,0.3303556442260742
H1DEM8,threonine,Tri,taurine,TCA,0.35980504751205444
H1DEM8,tryptamine,Mono,glycine,GLCA,0.1659020483493805
H1DEM8,tryptamine,Mono,taurine,TLCA,0.22013410925865173
H1DEM8,tryptamine,Di,glycine,GDCA,0.24198436737060547
H1DEM8,tryptamine,Di,taurine,TDCA,0.22041168808937073
H1DEM8,tryptamine,Tri,glycine,GCA,0.25567227602005005
H1DEM8,tryptamine,Tri,taurine,TCA,0.1927938461303711
H1DEM8,cadaverine,Mono,glycine,GLCA,0.18605700135231018
H1DEM8,cadaverine,Mono,taurine,TLCA,0.16523048281669617
H1DEM8,cadaverine,Di,glycine,GDCA,0.21992118656635284
H1DEM8,cadaverine,Di,taurine,TDCA,0.1656632125377655
H1DEM8,cadaverine,Tri,glycine,GCA,0.23856770992279053
H1DEM8,cadaverine,Tri,taurine,TCA,0.1686811000108719
H1DEM8,putrescine,Mono,glycine,GLCA,0.21842151880264282
H1DEM8,putrescine,Mono,taurine,TLCA,0.24030742049217224
H1DEM8,putrescine,Di,glycine,GDCA,0.2499687522649765
H1DEM8,putrescine,Di,taurine,TDCA,0.20416030287742615
H1DEM8,putrescine,Tri,glycine,GCA,0.22089332342147827
H1DEM8,putrescine,Tri,taurine,TCA,0.17179234325885773
H1DEM8,2_aminophenol,Mono,glycine,GLCA,0.22112850844860077
H1DEM8,2_aminophenol,Mono,taurine,TLCA,0.3278091549873352
H1DEM8,2_aminophenol,Di,glycine,GDCA,0.33882907032966614
H1DEM8,2_aminophenol,Di,taurine,TDCA,0.3512454628944397
H1DEM8,2_aminophenol,Tri,glycine,GCA,0.29939261078834534
H1DEM8,2_aminophenol,Tri,taurine,TCA,0.28597307205200195
H1DEM8,serotonin,Mono,glycine,GLCA,0.16209328174591064
H1DEM8,serotonin,Mono,taurine,TLCA,0.28381311893463135
H1DEM8,serotonin,Di,glycine,GDCA,0.272036075592041
H1DEM8,serotonin,Di,taurine,TDCA,0.23589453101158142
H1DEM8,serotonin,Tri,glycine,GCA,0.3039729595184326
H1DEM8,serotonin,Tri,taurine,TCA,0.2483537495136261
H1DEM8,tyramine,Mono,glycine,GLCA,0.2202831506729126
H1DEM8,tyramine,Mono,taurine,TLCA,0.2513790428638458
H1DEM8,tyramine,Di,glycine,GDCA,0.29018378257751465
H1DEM8,tyramine,Di,taurine,TDCA,0.23224389553070068
H1DEM8,tyramine,Tri,glycine,GCA,0.2702321410179138
H1DEM8,tyramine,Tri,taurine,TCA,0.22096118330955505
H1DEM8,cystine,Mono,glycine,GLCA,0.1269676685333252
H1DEM8,cystine,Mono,taurine,TLCA,0.2876794934272766
H1DEM8,cystine,Di,glycine,GDCA,0.17335796356201172
H1DEM8,cystine,Di,taurine,TDCA,0.10914300382137299
H1DEM8,cystine,Tri,glycine,GCA,0.20966532826423645
H1DEM8,cystine,Tri,taurine,TCA,0.1424231231212616
M7X2M2,"2,3_diaminopropionic acid",Mono,glycine,GLCA,0.12702405452728271
M7X2M2,"2,3_diaminopropionic acid",Mono,taurine,TLCA,0.215504989027977
M7X2M2,"2,3_diaminopropionic acid",Di,glycine,GDCA,0.2653544545173645
M7X2M2,"2,3_diaminopropionic acid",Di,taurine,TDCA,0.29374271631240845
M7X2M2,"2,3_diaminopropionic acid",Tri,glycine,GCA,0.2454977184534073
M7X2M2,"2,3_diaminopropionic acid",Tri,taurine,TCA,0.21594148874282837
M7X2M2,3_methoxytyramine,Mono,glycine,GLCA,0.009288329631090164
M7X2M2,3_methoxytyramine,Mono,taurine,TLCA,0.027728013694286346
M7X2M2,3_methoxytyramine,Di,glycine,GDCA,0.06543831527233124
M7X2M2,3_methoxytyramine,Di,taurine,TDCA,0.009565768763422966
M7X2M2,3_methoxytyramine,Tri,glycine,GCA,0.0338703915476799
M7X2M2,3_methoxytyramine,Tri,taurine,TCA,-0.016108045354485512
M7X2M2,asparagine,Mono,glycine,GLCA,0.1125088483095169
M7X2M2,asparagine,Mono,taurine,TLCA,0.2387535274028778
M7X2M2,asparagine,Di,glycine,GDCA,0.15444529056549072
M7X2M2,asparagine,Di,taurine,TDCA,0.17985931038856506
M7X2M2,asparagine,Tri,glycine,GCA,0.17378473281860352
M7X2M2,asparagine,Tri,taurine,TCA,0.17665928602218628
M7X2M2,proline,Mono,glycine,GLCA,0.15286442637443542
M7X2M2,proline,Mono,taurine,TLCA,0.23810654878616333
M7X2M2,proline,Di,glycine,GDCA,0.10786855220794678
M7X2M2,proline,Di,taurine,TDCA,0.1417372077703476
M7X2M2,proline,Tri,glycine,GCA,0.17866405844688416
M7X2M2,proline,Tri,taurine,TCA,0.15693718194961548
M7X2M2,dopamine,Mono,glycine,GLCA,0.086110420525074
M7X2M2,dopamine,Mono,taurine,TLCA,0.15165406465530396
M7X2M2,dopamine,Di,glycine,GDCA,0.17380455136299133
M7X2M2,dopamine,Di,taurine,TDCA,0.12726788222789764
M7X2M2,dopamine,Tri,glycine,GCA,0.13870882987976074
M7X2M2,dopamine,Tri,taurine,TCA,0.08749301731586456
M7X2M2,gaba,Mono,glycine,GLCA,0.08015963435173035
M7X2M2,gaba,Mono,taurine,TLCA,0.13132163882255554
M7X2M2,gaba,Di,glycine,GDCA,0.17616784572601318
M7X2M2,gaba,Di,taurine,TDCA,0.1628243327140808
M7X2M2,gaba,Tri,glycine,GCA,0.16832441091537476
M7X2M2,gaba,Tri,taurine,TCA,0.1364479809999466
M7X2M2,glyglycine,Mono,glycine,GLCA,0.0952344760298729
M7X2M2,glyglycine,Mono,taurine,TLCA,0.1314277946949005
M7X2M2,glyglycine,Di,glycine,GDCA,0.15440697968006134
M7X2M2,glyglycine,Di,taurine,TDCA,0.11895760893821716
M7X2M2,glyglycine,Tri,glycine,GCA,0.08969395607709885
M7X2M2,glyglycine,Tri,taurine,TCA,0.028969567269086838
M7X2M2,alanine,Mono,glycine,GLCA,0.1134386882185936
M7X2M2,alanine,Mono,taurine,TLCA,0.15901774168014526
M7X2M2,alanine,Di,glycine,GDCA,0.17200560867786407
M7X2M2,alanine,Di,taurine,TDCA,0.151216521859169
M7X2M2,alanine,Tri,glycine,GCA,0.12555935978889465
M7X2M2,alanine,Tri,taurine,TCA,0.07719174772500992
M7X2M2,arginine,Mono,glycine,GLCA,0.07653756439685822
M7X2M2,arginine,Mono,taurine,TLCA,0.254309743642807
M7X2M2,arginine,Di,glycine,GDCA,0.1863785833120346
M7X2M2,arginine,Di,taurine,TDCA,0.2574690282344818
M7X2M2,arginine,Tri,glycine,GCA,0.1590886116027832
M7X2M2,arginine,Tri,taurine,TCA,0.17027580738067627
M7X2M2,citrulline,Mono,glycine,GLCA,0.11173573136329651
M7X2M2,citrulline,Mono,taurine,TLCA,0.2530820071697235
M7X2M2,citrulline,Di,glycine,GDCA,0.14962399005889893
M7X2M2,citrulline,Di,taurine,TDCA,0.1956145316362381
M7X2M2,citrulline,Tri,glycine,GCA,0.18857869505882263
M7X2M2,citrulline,Tri,taurine,TCA,0.20557183027267456
M7X2M2,glutamine,Mono,glycine,GLCA,0.12234162539243698
M7X2M2,glutamine,Mono,taurine,TLCA,0.25028109550476074
M7X2M2,glutamine,Di,glycine,GDCA,0.2215648889541626
M7X2M2,glutamine,Di,taurine,TDCA,0.24466384947299957
M7X2M2,glutamine,Tri,glycine,GCA,0.18940871953964233
M7X2M2,glutamine,Tri,taurine,TCA,0.21822667121887207
M7X2M2,histidine,Mono,glycine,GLCA,0.11868999898433685
M7X2M2,histidine,Mono,taurine,TLCA,0.26150834560394287
M7X2M2,histidine,Di,glycine,GDCA,0.16990680992603302
M7X2M2,histidine,Di,taurine,TDCA,0.24914918839931488
M7X2M2,histidine,Tri,glycine,GCA,0.16375088691711426
M7X2M2,histidine,Tri,taurine,TCA,0.1949307918548584
M7X2M2,lysine,Mono,glycine,GLCA,0.047036319971084595
M7X2M2,lysine,Mono,taurine,TLCA,0.1218123659491539
M7X2M2,lysine,Di,glycine,GDCA,0.1894996017217636
M7X2M2,lysine,Di,taurine,TDCA,0.177097350358963
M7X2M2,lysine,Tri,glycine,GCA,0.16846853494644165
M7X2M2,lysine,Tri,taurine,TCA,0.1290397047996521
M7X2M2,methionine,Mono,glycine,GLCA,0.10033848136663437
M7X2M2,methionine,Mono,taurine,TLCA,0.1725207269191742
M7X2M2,methionine,Di,glycine,GDCA,0.13226081430912018
M7X2M2,methionine,Di,taurine,TDCA,0.13392700254917145
M7X2M2,methionine,Tri,glycine,GCA,0.1354362517595291
M7X2M2,methionine,Tri,taurine,TCA,0.14953717589378357
M7X2M2,ornithine,Mono,glycine,GLCA,0.05480572581291199
M7X2M2,ornithine,Mono,taurine,TLCA,0.12020975351333618
M7X2M2,ornithine,Di,glycine,GDCA,0.20487810671329498
M7X2M2,ornithine,Di,taurine,TDCA,0.17845112085342407
M7X2M2,ornithine,Tri,glycine,GCA,0.16829568147659302
M7X2M2,ornithine,Tri,taurine,TCA,0.14066343009471893
M7X2M2,phenylalanine,Mono,glycine,GLCA,0.12699416279792786
M7X2M2,phenylalanine,Mono,taurine,TLCA,0.25179535150527954
M7X2M2,phenylalanine,Di,glycine,GDCA,0.20321223139762878
M7X2M2,phenylalanine,Di,taurine,TDCA,0.30806857347488403
M7X2M2,phenylalanine,Tri,glycine,GCA,0.18028566241264343
M7X2M2,phenylalanine,Tri,taurine,TCA,0.19890882074832916
M7X2M2,serine,Mono,glycine,GLCA,0.1303284764289856
M7X2M2,serine,Mono,taurine,TLCA,0.20258475840091705
M7X2M2,serine,Di,glycine,GDCA,0.19155023992061615
M7X2M2,serine,Di,taurine,TDCA,0.25162073969841003
M7X2M2,serine,Tri,glycine,GCA,0.16993066668510437
M7X2M2,serine,Tri,taurine,TCA,0.1498892456293106
M7X2M2,threonine,Mono,glycine,GLCA,0.12196806073188782
M7X2M2,threonine,Mono,taurine,TLCA,0.27157455682754517
M7X2M2,threonine,Di,glycine,GDCA,0.23003719747066498
M7X2M2,threonine,Di,taurine,TDCA,0.2754799723625183
M7X2M2,threonine,Tri,glycine,GCA,0.14349842071533203
M7X2M2,threonine,Tri,taurine,TCA,0.2007189691066742
M7X2M2,tryptamine,Mono,glycine,GLCA,0.13283200562000275
M7X2M2,tryptamine,Mono,taurine,TLCA,0.1596693992614746
M7X2M2,tryptamine,Di,glycine,GDCA,0.23689612746238708
M7X2M2,tryptamine,Di,taurine,TDCA,0.20106273889541626
M7X2M2,tryptamine,Tri,glycine,GCA,0.15446041524410248
M7X2M2,tryptamine,Tri,taurine,TCA,0.12780052423477173
M7X2M2,cadaverine,Mono,glycine,GLCA,0.10663643479347229
M7X2M2,cadaverine,Mono,taurine,TLCA,0.13935443758964539
M7X2M2,cadaverine,Di,glycine,GDCA,0.17793527245521545
M7X2M2,cadaverine,Di,taurine,TDCA,0.18585805594921112
M7X2M2,cadaverine,Tri,glycine,GCA,0.16650639474391937
M7X2M2,cadaverine,Tri,taurine,TCA,0.1525222510099411
M7X2M2,putrescine,Mono,glycine,GLCA,0.11353796720504761
M7X2M2,putrescine,Mono,taurine,TLCA,0.18972307443618774
M7X2M2,putrescine,Di,glycine,GDCA,0.18911190330982208
M7X2M2,putrescine,Di,taurine,TDCA,0.2012714147567749
M7X2M2,putrescine,Tri,glycine,GCA,0.15577112138271332
M7X2M2,putrescine,Tri,taurine,TCA,0.13430242240428925
M7X2M2,2_aminophenol,Mono,glycine,GLCA,0.10284803807735443
M7X2M2,2_aminophenol,Mono,taurine,TLCA,0.24079352617263794
M7X2M2,2_aminophenol,Di,glycine,GDCA,0.20796310901641846
M7X2M2,2_aminophenol,Di,taurine,TDCA,0.2878560423851013
M7X2M2,2_aminophenol,Tri,glycine,GCA,0.17187556624412537
M7X2M2,2_aminophenol,Tri,taurine,TCA,0.2064516842365265
M7X2M2,serotonin,Mono,glycine,GLCA,0.12179721891880035
M7X2M2,serotonin,Mono,taurine,TLCA,0.16562053561210632
M7X2M2,serotonin,Di,glycine,GDCA,0.2151513397693634
M7X2M2,serotonin,Di,taurine,TDCA,0.18101882934570312
M7X2M2,serotonin,Tri,glycine,GCA,0.2252415418624878
M7X2M2,serotonin,Tri,taurine,TCA,0.14877641201019287
M7X2M2,tyramine,Mono,glycine,GLCA,0.06355747580528259
M7X2M2,tyramine,Mono,taurine,TLCA,0.10948139429092407
M7X2M2,tyramine,Di,glycine,GDCA,0.18721246719360352
M7X2M2,tyramine,Di,taurine,TDCA,0.16534480452537537
M7X2M2,tyramine,Tri,glycine,GCA,0.14392860233783722
M7X2M2,tyramine,Tri,taurine,TCA,0.10698666423559189
M7X2M2,cystine,Mono,glycine,GLCA,0.06417381763458252
M7X2M2,cystine,Mono,taurine,TLCA,0.2008170783519745
M7X2M2,cystine,Di,glycine,GDCA,0.14914049208164215
M7X2M2,cystine,Di,taurine,TDCA,0.10143323242664337
M7X2M2,cystine,Tri,glycine,GCA,0.12815330922603607
M7X2M2,cystine,Tri,taurine,TCA,0.09070026874542236
P12256,"2,3_diaminopropionic acid",Mono,glycine,GLCA,0.2231985628604889
P12256,"2,3_diaminopropionic acid",Mono,taurine,TLCA,0.3645371198654175
P12256,"2,3_diaminopropionic acid",Di,glycine,GDCA,0.21188367903232574
P12256,"2,3_diaminopropionic acid",Di,taurine,TDCA,0.2105734944343567
P12256,"2,3_diaminopropionic acid",Tri,glycine,GCA,0.2762013375759125
P12256,"2,3_diaminopropionic acid",Tri,taurine,TCA,0.22450095415115356
P12256,3_methoxytyramine,Mono,glycine,GLCA,0.030997132882475853
P12256,3_methoxytyramine,Mono,taurine,TLCA,0.05944717675447464
P12256,3_methoxytyramine,Di,glycine,GDCA,0.05043615773320198
P12256,3_methoxytyramine,Di,taurine,TDCA,-0.05542854592204094
P12256,3_methoxytyramine,Tri,glycine,GCA,0.011345863342285156
P12256,3_methoxytyramine,Tri,taurine,TCA,-0.020363733172416687
P12256,asparagine,Mono,glycine,GLCA,0.2959064245223999
P12256,asparagine,Mono,taurine,TLCA,0.49945443868637085
P12256,asparagine,Di,glycine,GDCA,0.23609212040901184
P12256,asparagine,Di,taurine,TDCA,0.29524409770965576
P12256,asparagine,Tri,glycine,GCA,0.28281259536743164
P12256,asparagine,Tri,taurine,TCA,0.3180265724658966
P12256,proline,Mono,glycine,GLCA,0.2893061339855194
P12256,proline,Mono,taurine,TLCA,0.4441189169883728
P12256,proline,Di,glycine,GDCA,0.13215798139572144
P12256,proline,Di,taurine,TDCA,0.0996820330619812
P12256,proline,Tri,glycine,GCA,0.20147714018821716
P12256,proline,Tri,taurine,TCA,0.16451504826545715
P12256,dopamine,Mono,glycine,GLCA,0.0632331594824791
P12256,dopamine,Mono,taurine,TLCA,0.16775918006896973
P12256,dopamine,Di,glycine,GDCA,0.05857686325907707
P12256,dopamine,Di,taurine,TDCA,0.015249820426106453
P12256,dopamine,Tri,glycine,GCA,0.056813426315784454
P12256,dopamine,Tri,taurine,TCA,0.022694867104291916
P12256,gaba,Mono,glycine,GLCA,0.1754864752292633
P12256,gaba,Mono,taurine,TLCA,0.24239683151245117
P12256,gaba,Di,glycine,GDCA,0.1019887626171112
P12256,gaba,Di,taurine,TDCA,0.0763092041015625
P12256,gaba,Tri,glycine,GCA,0.17439952492713928
P12256,gaba,Tri,taurine,TCA,0.12015830725431442
P12256,glyglycine,Mono,glycine,GLCA,0.16085346043109894
P12256,glyglycine,Mono,taurine,TLCA,0.13787856698036194
P12256,glyglycine,Di,glycine,GDCA,0.12083917111158371
P12256,glyglycine,Di,taurine,TDCA,0.03714795410633087
P12256,glyglycine,Tri,glycine,GCA,0.0606873594224453
P12256,glyglycine,Tri,taurine,TCA,-0.007727213203907013
P12256,alanine,Mono,glycine,GLCA,0.26735934615135193
P12256,alanine,Mono,taurine,TLCA,0.331045538187027
P12256,alanine,Di,glycine,GDCA,0.17121173441410065
P12256,alanine,Di,taurine,TDCA,0.09213175624608994
P12256,alanine,Tri,glycine,GCA,0.21260574460029602
P12256,alanine,Tri,taurine,TCA,0.18164387345314026
P12256,arginine,Mono,glycine,GLCA,0.1677384376525879
P12256,arginine,Mono,taurine,TLCA,0.32219064235687256
P12256,arginine,Di,glycine,GDCA,0.13089889287948608
P12256,arginine,Di,taurine,TDCA,0.20104795694351196
P12256,arginine,Tri,glycine,GCA,0.24772855639457703
P12256,arginine,Tri,taurine,TCA,0.24250467121601105
P12256,citrulline,Mono,glycine,GLCA,0.28787150979042053
P12256,citrulline,Mono,taurine,TLCA,0.444257527589798
P12256,citrulline,Di,glycine,GDCA,0.19058291614055634
P12256,citrulline,Di,taurine,TDCA,0.244136780500412
P12256,citrulline,Tri,glycine,GCA,0.22216208279132843
P12256,citrulline,Tri,taurine,TCA,0.21680480241775513
P12256,glutamine,Mono,glycine,GLCA,0.3165687918663025
P12256,glutamine,Mono,taurine,TLCA,0.5304454565048218
P12256,glutamine,Di,glycine,GDCA,0.287049800157547
P12256,glutamine,Di,taurine,TDCA,0.32748109102249146
P12256,glutamine,Tri,glycine,GCA,0.2733142673969269
P12256,glutamine,Tri,taurine,TCA,0.33072397112846375
P12256,histidine,Mono,glycine,GLCA,0.32823416590690613
P12256,histidine,Mono,taurine,TLCA,0.5809198617935181
P12256,histidine,Di,glycine,GDCA,0.2847037613391876
P12256,histidine,Di,taurine,TDCA,0.3709219694137573
P12256,histidine,Tri,glycine,GCA,0.2581157386302948
P12256,histidine,Tri,taurine,TCA,0.39725613594055176
P12256,lysine,Mono,glycine,GLCA,0.19601620733737946
P12256,lysine,Mono,taurine,TLCA,0.23367774486541748
P12256,lysine,Di,glycine,GDCA,0.1814444661140442
P12256,lysine,Di,taurine,TDCA,0.1726514995098114
P12256,lysine,Tri,glycine,GCA,0.21684959530830383
P12256,lysine,Tri,taurine,TCA,0.20641857385635376
P12256,methionine,Mono,glycine,GLCA,0.25503551959991455
P12256,methionine,Mono,taurine,TLCA,0.34909799695014954
P12256,methionine,Di,glycine,GDCA,0.13402122259140015
P12256,methionine,Di,taurine,TDCA,0.13085295259952545
P12256,methionine,Tri,glycine,GCA,0.17779529094696045
P12256,methionine,Tri,taurine,TCA,0.19717295467853546
P12256,ornithine,Mono,glycine,GLCA,0.20624607801437378
P12256,ornithine,Mono,taurine,TLCA,0.24813756346702576
P12256,ornithine,Di,glycine,GDCA,0.16692060232162476
P12256,ornithine,Di,taurine,TDCA,0.14104309678077698
P12256,ornithine,Tri,glycine,GCA,0.2421530783176422
P12256,ornithine,Tri,taurine,TCA,0.196629136800766
P12256,phenylalanine,Mono,glycine,GLCA,0.35412704944610596
P12256,phenylalanine,Mono,taurine,TLCA,0.5591403245925903
P12256,phenylalanine,Di,glycine,GDCA,0.3161075711250305
P12256,phenylalanine,Di,taurine,TDCA,0.38280850648880005
P12256,phenylalanine,Tri,glycine,GCA,0.2921724319458008
P12256,phenylalanine,Tri,taurine,TCA,0.3492341637611389
P12256,serine,Mono,glycine,GLCA,0.3846605122089386
P12256,serine,Mono,taurine,TLCA,0.5415053963661194
P12256,serine,Di,glycine,GDCA,0.2612740397453308
P12256,serine,Di,taurine,TDCA,0.3529166579246521
P12256,serine,Tri,glycine,GCA,0.29645031690597534
P12256,serine,Tri,taurine,TCA,0.3223986029624939
P12256,threonine,Mono,glycine,GLCA,0.2975226044654846
P12256,threonine,Mono,taurine,TLCA,0.4120185077190399
P12256,threonine,Di,glycine,GDCA,0.2505934238433838
P12256,threonine,Di,taurine,TDCA,0.3177550435066223
P12256,threonine,Tri,glycine,GCA,0.2652750611305237
P12256,threonine,Tri,taurine,TCA,0.27694255113601685
P12256,tryptamine,Mono,glycine,GLCA,0.0658799335360527
P12256,tryptamine,Mono,taurine,TLCA,0.06915302574634552
P12256,tryptamine,Di,glycine,GDCA,0.054353855550289154
P12256,tryptamine,Di,taurine,TDCA,0.024392887949943542
P12256,tryptamine,Tri,glycine,GCA,0.08629584312438965
P12256,tryptamine,Tri,taurine,TCA,0.02965126559138298
P12256,cadaverine,Mono,glycine,GLCA,0.20530855655670166
P12256,cadaverine,Mono,taurine,TLCA,0.2640339434146881
P12256,cadaverine,Di,glycine,GDCA,0.162117600440979
P12256,cadaverine,Di,taurine,TDCA,0.1388239562511444
P12256,cadaverine,Tri,glycine,GCA,0.22071073949337006
P12256,cadaverine,Tri,taurine,TCA,0.17649605870246887
P12256,putrescine,Mono,glycine,GLCA,0.1903786063194275
P12256,putrescine,Mono,taurine,TLCA,0.3304775357246399
P12256,putrescine,Di,glycine,GDCA,0.16743111610412598
P12256,putrescine,Di,taurine,TDCA,0.12307456135749817
P12256,putrescine,Tri,glycine,GCA,0.19585508108139038
P12256,putrescine,Tri,taurine,TCA,0.16017256677150726
P12256,2_aminophenol,Mono,glycine,GLCA,0.2915026843547821
P12256,2_aminophenol,Mono,taurine,TLCA,0.39543649554252625
P12256,2_aminophenol,Di,glycine,GDCA,0.24765437841415405
P12256,2_aminophenol,Di,taurine,TDCA,0.29485636949539185
P12256,2_aminophenol,Tri,glycine,GCA,0.2768460512161255
P12256,2_aminophenol,Tri,taurine,TCA,0.2819783091545105
P12256,serotonin,Mono,glycine,GLCA,0.050876930356025696
P12256,serotonin,Mono,taurine,TLCA,0.13888666033744812
P12256,serotonin,Di,glycine,GDCA,0.07443955540657043
P12256,serotonin,Di,taurine,TDCA,0.05905529111623764
P12256,serotonin,Tri,glycine,GCA,0.1240815818309784
P12256,serotonin,Tri,taurine,TCA,0.10223136842250824
P12256,tyramine,Mono,glycine,GLCA,0.11149397492408752
P12256,tyramine,Mono,taurine,TLCA,0.15604877471923828
P12256,tyramine,Di,glycine,GDCA,0.09473508596420288
P12256,tyramine,Di,taurine,TDCA,0.0336010679602623
P12256,tyramine,Tri,glycine,GCA,0.1013069674372673
P12256,tyramine,Tri,taurine,TCA,0.08170357346534729
P12256,cystine,Mono,glycine,GLCA,0.14854618906974792
P12256,cystine,Mono,taurine,TLCA,0.2930455207824707
P12256,cystine,Di,glycine,GDCA,0.10461385548114777
P12256,cystine,Di,taurine,TDCA,0.006609383970499039
P12256,cystine,Tri,glycine,GCA,0.15129539370536804
P12256,cystine,Tri,taurine,TCA,0.10706682503223419
R7PBA0,"2,3_diaminopropionic acid",Mono,glycine,GLCA,0.17348498106002808
R7PBA0,"2,3_diaminopropionic acid",Mono,taurine,TLCA,0.32845568656921387
R7PBA0,"2,3_diaminopropionic acid",Di,glycine,GDCA,0.3112811744213104
R7PBA0,"2,3_diaminopropionic acid",Di,taurine,TDCA,0.2884048819541931
R7PBA0,"2,3_diaminopropionic acid",Tri,glycine,GCA,0.328035831451416
R7PBA0,"2,3_diaminopropionic acid",Tri,taurine,TCA,0.2951139807701111
R7PBA0,3_methoxytyramine,Mono,glycine,GLCA,0.011515498161315918
R7PBA0,3_methoxytyramine,Mono,taurine,TLCA,0.07040783762931824
R7PBA0,3_methoxytyramine,Di,glycine,GDCA,0.06039772182703018
R7PBA0,3_methoxytyramine,Di,taurine,TDCA,-0.03536420315504074
R7PBA0,3_methoxytyramine,Tri,glycine,GCA,0.04365488141775131
R7PBA0,3_methoxytyramine,Tri,taurine,TCA,-0.000464417040348053
R7PBA0,asparagine,Mono,glycine,GLCA,0.19652999937534332
R7PBA0,asparagine,Mono,taurine,TLCA,0.41849464178085327
R7PBA0,asparagine,Di,glycine,GDCA,0.2252553403377533
R7PBA0,asparagine,Di,taurine,TDCA,0.2935962975025177
R7PBA0,asparagine,Tri,glycine,GCA,0.24003979563713074
R7PBA0,asparagine,Tri,taurine,TCA,0.2856864035129547
R7PBA0,proline,Mono,glycine,GLCA,0.25963345170021057
R7PBA0,proline,Mono,taurine,TLCA,0.41869109869003296
R7PBA0,proline,Di,glycine,GDCA,0.21598336100578308
R7PBA0,proline,Di,taurine,TDCA,0.19572153687477112
R7PBA0,proline,Tri,glycine,GCA,0.221329927444458
R7PBA0,proline,Tri,taurine,TCA,0.15678121149539948
R7PBA0,dopamine,Mono,glycine,GLCA,0.11235468089580536
R7PBA0,dopamine,Mono,taurine,TLCA,0.2323867380619049
R7PBA0,dopamine,Di,glycine,GDCA,0.1642681509256363
R7PBA0,dopamine,Di,taurine,TDCA,0.13826757669448853
R7PBA0,dopamine,Tri,glycine,GCA,0.18431532382965088
R7PBA0,dopamine,Tri,taurine,TCA,0.14095935225486755
R7PBA0,gaba,Mono,glycine,GLCA,0.13313685357570648
R7PBA0,gaba,Mono,taurine,TLCA,0.19107112288475037
R7PBA0,gaba,Di,glycine,GDCA,0.16056953370571136
R7PBA0,gaba,Di,taurine,TDCA,0.11676323413848877
R7PBA0,gaba,Tri,glycine,GCA,0.21059313416481018
R7PBA0,gaba,Tri,taurine,TCA,0.1460510641336441
R7PBA0,glyglycine,Mono,glycine,GLCA,0.10678333044052124
R7PBA0,glyglycine,Mono,taurine,TLCA,0.12807795405387878
R7PBA0,glyglycine,Di,glycine,GDCA,0.10495409369468689
R7PBA0,glyglycine,Di,taurine,TDCA,0.024424659088253975
R7PBA0,glyglycine,Tri,glycine,GCA,0.06370574235916138
R7PBA0,glyglycine,Tri,taurine,TCA,0.012633683159947395
R7PBA0,alanine,Mono,glycine,GLCA,0.17071160674095154
R7PBA0,alanine,Mono,taurine,TLCA,0.23935098946094513
R7PBA0,alanine,Di,glycine,GDCA,0.16010548174381256
R7PBA0,alanine,Di,taurine,TDCA,0.07054349035024643
R7PBA0,alanine,Tri,glycine,GCA,0.1697399765253067
R7PBA0,alanine,Tri,taurine,TCA,0.136605903506279
R7PBA0,arginine,Mono,glycine,GLCA,0.10270435363054276
R7PBA0,arginine,Mono,taurine,TLCA,0.30561789870262146
R7PBA0,arginine,Di,glycine,GDCA,0.17005732655525208
R7PBA0,arginine,Di,taurine,TDCA,0.21030353009700775
R7PBA0,arginine,Tri,glycine,GCA,0.2426159381866455
R7PBA0,arginine,Tri,taurine,TCA,0.2118925154209137
R7PBA0,citrulline,Mono,glycine,GLCA,0.25106364488601685
R7PBA0,citrulline,Mono,taurine,TLCA,0.42816585302352905
R7PBA0,citrulline,Di,glycine,GDCA,0.2742583155632019
R7PBA0,citrulline,Di,taurine,TDCA,0.3274245858192444
R7PBA0,citrulline,Tri,glycine,GCA,0.28438475728034973
R7PBA0,citrulline,Tri,taurine,TCA,0.29753029346466064
R7PBA0,glutamine,Mono,glycine,GLCA,0.22532275319099426
R7PBA0,glutamine,Mono,taurine,TLCA,0.42814937233924866
R7PBA0,glutamine,Di,glycine,GDCA,0.3221726417541504
R7PBA0,glutamine,Di,taurine,TDCA,0.36709898710250854
R7PBA0,glutamine,Tri,glycine,GCA,0.26708751916885376
R7PBA0,glutamine,Tri,taurine,TCA,0.3007836937904358
R7PBA0,histidine,Mono,glycine,GLCA,0.24467580020427704
R7PBA0,histidine,Mono,taurine,TLCA,0.48357024788856506
R7PBA0,histidine,Di,glycine,GDCA,0.2559055984020233
R7PBA0,histidine,Di,taurine,TDCA,0.35795965790748596
R7PBA0,histidine,Tri,glycine,GCA,0.27256470918655396
R7PBA0,histidine,Tri,taurine,TCA,0.38071855902671814
R7PBA0,lysine,Mono,glycine,GLCA,0.15129181742668152
R7PBA0,lysine,Mono,taurine,TLCA,0.18309363722801208
R7PBA0,lysine,Di,glycine,GDCA,0.20556145906448364
R7PBA0,lysine,Di,taurine,TDCA,0.17702727019786835
R7PBA0,lysine,Tri,glycine,GCA,0.23668047785758972
R7PBA0,lysine,Tri,taurine,TCA,0.19157998263835907
R7PBA0,methionine,Mono,glycine,GLCA,0.13671912252902985
R7PBA0,methionine,Mono,taurine,TLCA,0.22145690023899078
R7PBA0,methionine,Di,glycine,GDCA,0.12454354763031006
R7PBA0,methionine,Di,taurine,TDCA,0.09838167577981949
R7PBA0,methionine,Tri,glycine,GCA,0.1498292237520218
R7PBA0,methionine,Tri,taurine,TCA,0.16106058657169342
R7PBA0,ornithine,Mono,glycine,GLCA,0.14710202813148499
R7PBA0,ornithine,Mono,taurine,TLCA,0.1791841983795166
R7PBA0,ornithine,Di,glycine,GDCA,0.19349294900894165
R7PBA0,ornithine,Di,taurine,TDCA,0.16163459420204163
R7PBA0,ornithine,Tri,glycine,GCA,0.26427292823791504
R7PBA0,ornithine,Tri,taurine,TCA,0.20897915959358215
R7PBA0,phenylalanine,Mono,glycine,GLCA,0.2657201290130615
R7PBA0,phenylalanine,Mono,taurine,TLCA,0.47043371200561523
R7PBA0,phenylalanine,Di,glycine,GDCA,0.3108847141265869
R7PBA0,phenylalanine,Di,taurine,TDCA,0.3933793902397156
R7PBA0,phenylalanine,Tri,glycine,GCA,0.28388023376464844
R7PBA0,phenylalanine,Tri,taurine,TCA,0.33752936124801636
R7PBA0,serine,Mono,glycine,GLCA,0.26507461071014404
R7PBA0,serine,Mono,taurine,TLCA,0.4146404564380646
R7PBA0,serine,Di,glycine,GDCA,0.2859779894351959
R7PBA0,serine,Di,taurine,TDCA,0.3695646822452545
R7PBA0,serine,Tri,glycine,GCA,0.30538275837898254
R7PBA0,serine,Tri,taurine,TCA,0.3091363310813904
R7PBA0,threonine,Mono,glycine,GLCA,0.2599044144153595
R7PBA0,threonine,Mono,taurine,TLCA,0.45928090810775757
R7PBA0,threonine,Di,glycine,GDCA,0.36373889446258545
R7PBA0,threonine,Di,taurine,TDCA,0.415496826171875
R7PBA0,threonine,Tri,glycine,GCA,0.31358659267425537
R7PBA0,threonine,Tri,taurine,TCA,0.3506612777709961
R7PBA0,tryptamine,Mono,glycine,GLCA,0.1046280562877655
R7PBA0,tryptamine,Mono,taurine,TLCA,0.16284573078155518
R7PBA0,tryptamine,Di,glycine,GDCA,0.17219489812850952
R7PBA0,tryptamine,Di,taurine,TDCA,0.1475362926721573
R7PBA0,tryptamine,Tri,glycine,GCA,0.20549672842025757
R7PBA0,tryptamine,Tri,taurine,TCA,0.14987555146217346
R7PBA0,cadaverine,Mono,glycine,GLCA,0.1682673990726471
R7PBA0,cadaverine,Mono,taurine,TLCA,0.1771318018436432
R7PBA0,cadaverine,Di,glycine,GDCA,0.19747212529182434
R7PBA0,cadaverine,Di,taurine,TDCA,0.1483091562986374
R7PBA0,cadaverine,Tri,glycine,GCA,0.23121289908885956
R7PBA0,cadaverine,Tri,taurine,TCA,0.17264077067375183
R7PBA0,putrescine,Mono,glycine,GLCA,0.19394446909427643
R7PBA0,putrescine,Mono,taurine,TLCA,0.2577090263366699
R7PBA0,putrescine,Di,glycine,GDCA,0.22704662382602692
R7PBA0,putrescine,Di,taurine,TDCA,0.18624639511108398
R7PBA0,putrescine,Tri,glycine,GCA,0.21670539677143097
R7PBA0,putrescine,Tri,taurine,TCA,0.1775778979063034
R7PBA0,2_aminophenol,Mono,glycine,GLCA,0.22515979409217834
R7PBA0,2_aminophenol,Mono,taurine,TLCA,0.3344303369522095
R7PBA0,2_aminophenol,Di,glycine,GDCA,0.30328860878944397
R7PBA0,2_aminophenol,Di,taurine,TDCA,0.3292814791202545
R7PBA0,2_aminophenol,Tri,glycine,GCA,0.2752610445022583
R7PBA0,2_aminophenol,Tri,taurine,TCA,0.27394092082977295
R7PBA0,serotonin,Mono,glycine,GLCA,0.10662823915481567
R7PBA0,serotonin,Mono,taurine,TLCA,0.2308768332004547
R7PBA0,serotonin,Di,glycine,GDCA,0.20840634405612946
R7PBA0,serotonin,Di,taurine,TDCA,0.1736171692609787
R7PBA0,serotonin,Tri,glycine,GCA,0.2593851685523987
R7PBA0,serotonin,Tri,taurine,TCA,0.20813007652759552
R7PBA0,tyramine,Mono,glycine,GLCA,0.1719163954257965
R7PBA0,tyramine,Mono,taurine,TLCA,0.2128835916519165
R7PBA0,tyramine,Di,glycine,GDCA,0.23469902575016022
R7PBA0,tyramine,Di,taurine,TDCA,0.1751914620399475
R7PBA0,tyramine,Tri,glycine,GCA,0.22907654941082
R7PBA0,tyramine,Tri,taurine,TCA,0.18950651586055756
R7PBA0,cystine,Mono,glycine,GLCA,0.1085398718714714
R7PBA0,cystine,Mono,taurine,TLCA,0.28271952271461487
R7PBA0,cystine,Di,glycine,GDCA,0.15259426832199097
R7PBA0,cystine,Di,taurine,TDCA,0.07074790447950363
R7PBA0,cystine,Tri,glycine,GCA,0.2033666968345642
R7PBA0,cystine,Tri,taurine,TCA,0.13545894622802734
U2D571,"2,3_diaminopropionic acid",Mono,glycine,GLCA,0.2127925306558609
U2D571,"2,3_diaminopropionic acid",Mono,taurine,TLCA,0.34193259477615356
U2D571,"2,3_diaminopropionic acid",Di,glycine,GDCA,0.3617836833000183
U2D571,"2,3_diaminopropionic acid",Di,taurine,TDCA,0.3307781517505646
U2D571,"2,3_diaminopropionic acid",Tri,glycine,GCA,0.35222992300987244
U2D571,"2,3_diaminopropionic acid",Tri,taurine,TCA,0.3259594440460205
U2D571,3_methoxytyramine,Mono,glycine,GLCA,0.09790267050266266
U2D571,3_methoxytyramine,Mono,taurine,TLCA,0.15130949020385742
U2D571,3_methoxytyramine,Di,glycine,GDCA,0.152013897895813
U2D571,3_methoxytyramine,Di,taurine,TDCA,0.04972228780388832
U2D571,3_methoxytyramine,Tri,glycine,GCA,0.10914593935012817
U2D571,3_methoxytyramine,Tri,taurine,TCA,0.05371064692735672
U2D571,asparagine,Mono,glycine,GLCA,0.19036690890789032
U2D571,asparagine,Mono,taurine,TLCA,0.39572978019714355
U2D571,asparagine,Di,glycine,GDCA,0.2580498456954956
U2D571,asparagine,Di,taurine,TDCA,0.3328746557235718
U2D571,asparagine,Tri,glycine,GCA,0.26599299907684326
U2D571,asparagine,Tri,taurine,TCA,0.3062889277935028
U2D571,proline,Mono,glycine,GLCA,0.2805089056491852
U2D571,proline,Mono,taurine,TLCA,0.41504812240600586
U2D571,proline,Di,glycine,GDCA,0.25343483686447144
U2D571,proline,Di,taurine,TDCA,0.23535354435443878
U2D571,proline,Tri,glycine,GCA,0.24514012038707733
U2D571,proline,Tri,taurine,TCA,0.1585247814655304
U2D571,dopamine,Mono,glycine,GLCA,0.19283398985862732
U2D571,dopamine,Mono,taurine,TLCA,0.306362509727478
U2D571,dopamine,Di,glycine,GDCA,0.24603988230228424
U2D571,dopamine,Di,taurine,TDCA,0.2166597843170166
U2D571,dopamine,Tri,glycine,GCA,0.2661249041557312
U2D571,dopamine,Tri,taurine,TCA,0.20242765545845032
U2D571,gaba,Mono,glycine,GLCA,0.1962786614894867
U2D571,gaba,Mono,taurine,TLCA,0.23950208723545074
U2D571,gaba,Di,glycine,GDCA,0.21289315819740295
U2D571,gaba,Di,taurine,TDCA,0.1737498641014099
U2D571,gaba,Tri,glycine,GCA,0.23806282877922058
U2D571,gaba,Tri,taurine,TCA,0.16899797320365906
U2D571,glyglycine,Mono,glycine,GLCA,0.1604311466217041
U2D571,glyglycine,Mono,taurine,TLCA,0.17420965433120728
U2D571,glyglycine,Di,glycine,GDCA,0.12985458970069885
U2D571,glyglycine,Di,taurine,TDCA,0.06606186181306839
U2D571,glyglycine,Tri,glycine,GCA,0.1267184317111969
U2D571,glyglycine,Tri,taurine,TCA,0.06823650747537613
U2D571,alanine,Mono,glycine,GLCA,0.19272372126579285
U2D571,alanine,Mono,taurine,TLCA,0.25926005840301514
U2D571,alanine,Di,glycine,GDCA,0.19822998344898224
U2D571,alanine,Di,taurine,TDCA,0.12140727043151855
U2D571,alanine,Tri,glycine,GCA,0.18439257144927979
U2D571,alanine,Tri,taurine,TCA,0.17287740111351013
U2D571,arginine,Mono,glycine,GLCA,0.12528058886528015
U2D571,arginine,Mono,taurine,TLCA,0.3163032531738281
U2D571,arginine,Di,glycine,GDCA,0.18267229199409485
U2D571,arginine,Di,taurine,TDCA,0.19313669204711914
U2D571,arginine,Tri,glycine,GCA,0.2511504888534546
U2D571,arginine,Tri,taurine,TCA,0.1940588802099228
U2D571,citrulline,Mono,glycine,GLCA,0.2731395363807678
U2D571,citrulline,Mono,taurine,TLCA,0.43717822432518005
U2D571,citrulline,Di,glycine,GDCA,0.31693756580352783
U2D571,citrulline,Di,taurine,TDCA,0.3547348082065582
U2D571,citrulline,Tri,glycine,GCA,0.32308316230773926
U2D571,citrulline,Tri,taurine,TCA,0.3289342522621155
U2D571,glutamine,Mono,glycine,GLCA,0.21506625413894653
U2D571,glutamine,Mono,taurine,TLCA,0.3996894955635071
U2D571,glutamine,Di,glycine,GDCA,0.34140118956565857
U2D571,glutamine,Di,taurine,TDCA,0.39890018105506897
U2D571,glutamine,Tri,glycine,GCA,0.2892453074455261
U2D571,glutamine,Tri,taurine,TCA,0.3143072724342346
U2D571,histidine,Mono,glycine,GLCA,0.23967143893241882
U2D571,histidine,Mono,taurine,TLCA,0.4420761168003082
U2D571,histidine,Di,glycine,GDCA,0.26561641693115234
U2D571,histidine,Di,taurine,TDCA,0.3548186719417572
U2D571,histidine,Tri,glycine,GCA,0.30457332730293274
U2D571,histidine,Tri,taurine,TCA,0.3834541440010071
U2D571,lysine,Mono,glycine,GLCA,0.22370660305023193
U2D571,lysine,Mono,taurine,TLCA,0.2280442714691162
U2D571,lysine,Di,glycine,GDCA,0.24755561351776123
U2D571,lysine,Di,taurine,TDCA,0.2141406089067459
U2D571,lysine,Tri,glycine,GCA,0.2658367455005646
U2D571,lysine,Tri,taurine,TCA,0.1995558738708496
U2D571,methionine,Mono,glycine,GLCA,0.1512652486562729
U2D571,methionine,Mono,taurine,TLCA,0.2176550030708313
U2D571,methionine,Di,glycine,GDCA,0.15265248715877533
U2D571,methionine,Di,taurine,TDCA,0.13369722664356232
U2D571,methionine,Tri,glycine,GCA,0.15767014026641846
U2D571,methionine,Tri,taurine,TCA,0.1740524172782898
U2D571,ornithine,Mono,glycine,GLCA,0.2131500542163849
U2D571,ornithine,Mono,taurine,TLCA,0.22870811820030212
U2D571,ornithine,Di,glycine,GDCA,0.24309955537319183
U2D571,ornithine,Di,taurine,TDCA,0.20883849263191223
U2D571,ornithine,Tri,glycine,GCA,0.3036358058452606
U2D571,ornithine,Tri,taurine,TCA,0.2287192940711975
U2D571,phenylalanine,Mono,glycine,GLCA,0.26449674367904663
U2D571,phenylalanine,Mono,taurine,TLCA,0.45008864998817444
U2D571,phenylalanine,Di,glycine,GDCA,0.33529093861579895
U2D571,phenylalanine,Di,taurine,TDCA,0.4012114107608795
U2D571,phenylalanine,Tri,glycine,GCA,0.3151378035545349
U2D571,phenylalanine,Tri,taurine,TCA,0.3538195788860321
U2D571,serine,Mono,glycine,GLCA,0.2695975601673126
U2D571,serine,Mono,taurine,TLCA,0.39694514870643616
U2D571,serine,Di,glycine,GDCA,0.31756460666656494
U2D571,serine,Di,taurine,TDCA,0.38797521591186523
U2D571,serine,Tri,glycine,GCA,0.347129225730896
U2D571,serine,Tri,taurine,TCA,0.32166504859924316
U2D571,threonine,Mono,glycine,GLCA,0.2868763208389282
U2D571,threonine,Mono,taurine,TLCA,0.48974961042404175
U2D571,threonine,Di,glycine,GDCA,0.4005272388458252
U2D571,threonine,Di,taurine,TDCA,0.4314303994178772
U2D571,threonine,Tri,glycine,GCA,0.34015995264053345
U2D571,threonine,Tri,taurine,TCA,0.3676385283470154
U2D571,tryptamine,Mono,glycine,GLCA,0.19011050462722778
U2D571,tryptamine,Mono,taurine,TLCA,0.24383409321308136
U2D571,tryptamine,Di,glycine,GDCA,0.25726205110549927
U2D571,tryptamine,Di,taurine,TDCA,0.2358231544494629
U2D571,tryptamine,Tri,glycine,GCA,0.26593393087387085
U2D571,tryptamine,Tri,taurine,TCA,0.2067553699016571
U2D571,cadaverine,Mono,glycine,GLCA,0.22298064827919006
U2D571,cadaverine,Mono,taurine,TLCA,0.19897863268852234
U2D571,cadaverine,Di,glycine,GDCA,0.24580785632133484
U2D571,cadaverine,Di,taurine,TDCA,0.19023998081684113
U2D571,cadaverine,Tri,glycine,GCA,0.24610635638237
U2D571,cadaverine,Tri,taurine,TCA,0.18139976263046265
U2D571,putrescine,Mono,glycine,GLCA,0.25461918115615845
U2D571,putrescine,Mono,taurine,TLCA,0.2657581865787506
U2D571,putrescine,Di,glycine,GDCA,0.27323228120803833
U2D571,putrescine,Di,taurine,TDCA,0.22707606852054596
U2D571,putrescine,Tri,glycine,GCA,0.23113030195236206
U2D571,putrescine,Tri,taurine,TCA,0.18550661206245422
U2D571,2_aminophenol,Mono,glycine,GLCA,0.25023671984672546
U2D571,2_aminophenol,Mono,taurine,TLCA,0.3568456768989563
U2D571,2_aminophenol,Di,glycine,GDCA,0.3680797219276428
U2D571,2_aminophenol,Di,taurine,TDCA,0.37694355845451355
U2D571,2_aminophenol,Tri,glycine,GCA,0.3164210021495819
U2D571,2_aminophenol,Tri,taurine,TCA,0.30698487162590027
U2D571,serotonin,Mono,glycine,GLCA,0.18672318756580353
U2D571,serotonin,Mono,taurine,TLCA,0.3135983645915985
U2D571,serotonin,Di,glycine,GDCA,0.2936971187591553
U2D571,serotonin,Di,taurine,TDCA,0.257678747177124
U2D571,serotonin,Tri,glycine,GCA,0.32063186168670654
U2D571,serotonin,Tri,taurine,TCA,0.27066487073898315
U2D571,tyramine,Mono,glycine,GLCA,0.25812390446662903
U2D571,tyramine,Mono,taurine,TLCA,0.28816089034080505
U2D571,tyramine,Di,glycine,GDCA,0.3064596354961395
U2D571,tyramine,Di,taurine,TDCA,0.24169212579727173
U2D571,tyramine,Tri,glycine,GCA,0.29090553522109985
U2D571,tyramine,Tri,taurine,TCA,0.2389633059501648
U2D571,cystine,Mono,glycine,GLCA,0.16587357223033905
U2D571,cystine,Mono,taurine,TLCA,0.32015669345855713
U2D571,cystine,Di,glycine,GDCA,0.19190484285354614
U2D571,cystine,Di,taurine,TDCA,0.13989052176475525
U2D571,cystine,Tri,glycine,GCA,0.2278713583946228
U2D571,cystine,Tri,taurine,TCA,0.16573534905910492
