accession,amine,core,horizyn,rank
A0A069S9I0,"2,3_diaminopropionic acid",Di,0.3601960390806198,14
A0A069S9I0,"2,3_diaminopropionic acid",Mono,0.29219798743724823,29
A0A069S9I0,"2,3_diaminopropionic acid",Tri,0.34506459534168243,20
A0A069S9I0,2_aminophenol,Di,0.389730766415596,6
A0A069S9I0,2_aminophenol,Mono,0.3209179490804672,25
A0A069S9I0,2_aminophenol,Tri,0.32825131714344025,24
A0A069S9I0,3_methoxytyramine,Di,0.09683984518051147,74
A0A069S9I0,3_methoxytyramine,Mono,0.10686098039150238,72
A0A069S9I0,3_methoxytyramine,Tri,0.08368131518363953,75
A0A069S9I0,alanine,Di,0.1877005249261856,67
A0A069S9I0,alanine,Mono,0.24613440036773682,41
A0A069S9I0,alanine,Tri,0.20014271140098572,66
A0A069S9I0,arginine,Di,0.21675735712051392,58
A0A069S9I0,arginine,Mono,0.23298682272434235,48
A0A069S9I0,arginine,Tri,0.2503412142395973,39
A0A069S9I0,asparagine,Di,0.3184102028608322,26
A0A069S9I0,asparagine,Mono,0.3283577784895897,23
A0A069S9I0,asparagine,Tri,0.3082880526781082,27
A0A069S9I0,cadaverine,Di,0.23003840446472168,51
A0A069S9I0,cadaverine,Mono,0.22211428731679916,56
A0A069S9I0,cadaverine,Tri,0.2386791706085205,46
A0A069S9I0,citrulline,Di,0.34660978615283966,18
A0A069S9I0,citrulline,Mono,0.37683960795402527,10
A0A069S9I0,citrulline,Tri,0.33981409668922424,21
A0A069S9I0,cystine,Di,0.18086793273687363,68
A0A069S9I0,cystine,Mono,0.24529802799224854,43
A0A069S9I0,cystine,Tri,0.20574917644262314,64
A0A069S9I0,dopamine,Di,0.2284734696149826,52
A0A069S9I0,dopamine,Mono,0.23178903758525848,50
A0A069S9I0,dopamine,Tri,0.223728746175766,55
A0A069S9I0,gaba,Di,0.2029060423374176,65
A0A069S9I0,gaba,Mono,0.2113332748413086,60
A0A069S9I0,gaba,Tri,0.22736437618732452,53
A0A069S9I0,glutamine,Di,0.4016522467136383,3
A0A069S9I0,glutamine,Mono,0.346023291349411,19
A0A069S9I0,glutamine,Tri,0.3293605297803879,22
A0A069S9I0,glyglycine,Di,0.12424024939537048,71
A0A069S9I0,glyglycine,Mono,0.17905960232019424,69
A0A069S9I0,glyglycine,Tri,0.10034149140119553,73
A0A069S9I0,histidine,Di,0.35906171798706055,16
A0A069S9I0,histidine,Mono,0.3835773319005966,8
A0A069S9I0,histidine,Tri,0.377995565533638,9
A0A069S9I0,lysine,Di,0.2453819364309311,42
A0A069S9I0,lysine,Mono,0.21958991140127182,57
A0A069S9I0,lysine,Tri,0.25596243143081665,35
A0A069S9I0,methionine,Di,0.17071790248155594,70
A0A069S9I0,methionine,Mono,0.21659621596336365,59
A0A069S9I0,methionine,Tri,0.2063092365860939,63
A0A069S9I0,ornithine,Di,0.2351343333721161,47
A0A069S9I0,ornithine,Mono,0.21089280396699905,61
A0A069S9I0,ornithine,Tri,0.2761988937854767,32
A0A069S9I0,phenylalanine,Di,0.40613916516304016,2
A0A069S9I0,phenylalanine,Mono,0.39172936975955963,4
A0A069S9I0,phenylalanine,Tri,0.3664979636669159,12
A0A069S9I0,proline,Di,0.25243473798036575,36
A0A069S9I0,proline,Mono,0.3739559054374695,11
A0A069S9I0,proline,Tri,0.23260950297117233,49
A0A069S9I0,putrescine,Di,0.25176723301410675,37
A0A069S9I0,putrescine,Mono,0.2662993371486664,33
A0A069S9I0,putrescine,Tri,0.22606920450925827,54
A0A069S9I0,serine,Di,0.3850284069776535,7
A0A069S9I0,serine,Mono,0.3590874671936035,15
A0A069S9I0,serine,Tri,0.355831116437912,17
A0A069S9I0,serotonin,Di,0.28010642528533936,30
A0A069S9I0,serotonin,Mono,0.24729517102241516,40
A0A069S9I0,serotonin,Tri,0.30076897144317627,28
A0A069S9I0,threonine,Di,0.4237361252307892,1
A0A069S9I0,threonine,Mono,0.3902737945318222,5
A0A069S9I0,threonine,Tri,0.36082351207733154,13
A0A069S9I0,tryptamine,Di,0.24225258082151413,44
A0A069S9I0,tryptamine,Mono,0.20798319578170776,62
A0A069S9I0,tryptamine,Tri,0.23949894309043884,45
A0A069S9I0,tyramine,Di,0.2766583114862442,31
A0A069S9I0,tyramine,Mono,0.25156935304403305,38
A0A069S9I0,tyramine,Tri,0.2591838240623474,34
A0A078S2R5,"2,3_diaminopropionic acid",Di,0.33727486431598663,18
A0A078S2R5,"2,3_diaminopropionic acid",Mono,0.30980977416038513,26
A0A078S2R5,"2,3_diaminopropionic acid",Tri,0.322617307305336,23
A0A078S2R5,2_aminophenol,Di,0.3645171821117401,15
A0A078S2R5,2_aminophenol,Mono,0.33421026170253754,19
A0A078S2R5,2_aminophenol,Tri,0.30654177069664,27
A0A078S2R5,3_methoxytyramine,Di,0.06998494267463684,74
A0A078S2R5,3_methoxytyramine,Mono,0.08167168125510216,72
A0A078S2R5,3_methoxytyramine,Tri,0.04866981878876686,75
A0A078S2R5,alanine,Di,0.1898619383573532,62
A0A078S2R5,alanine,Mono,0.27795833349227905,30
A0A078S2R5,alanine,Tri,0.19706031680107117,58
A0A078S2R5,arginine,Di,0.2106427550315857,55
A0A078S2R5,arginine,Mono,0.2524248734116554,33
A0A078S2R5,arginine,Tri,0.24358447641134262,38
A0A078S2R5,asparagine,Di,0.32597407698631287,20
A0A078S2R5,asparagine,Mono,0.36777225136756897,12
A0A078S2R5,asparagine,Tri,0.3147062361240387,25
A0A078S2R5,cadaverine,Di,0.22943778336048126,45
A0A078S2R5,cadaverine,Mono,0.25189177691936493,34
A0A078S2R5,cadaverine,Tri,0.2318713665008545,44
A0A078S2R5,citrulline,Di,0.3176283538341522,24
A0A078S2R5,citrulline,Mono,0.3885326087474823,8
A0A078S2R5,citrulline,Tri,0.3047810047864914,28
A0A078S2R5,cystine,Di,0.16328640282154083,69
A0A078S2R5,cystine,Mono,0.26436640322208405,31
A0A078S2R5,cystine,Tri,0.18871477246284485,63
A0A078S2R5,dopamine,Di,0.18480266630649567,64
A0A078S2R5,dopamine,Mono,0.21124905347824097,54
A0A078S2R5,dopamine,Tri,0.1738593727350235,68
A0A078S2R5,gaba,Di,0.1941889226436615,59
A0A078S2R5,gaba,Mono,0.23877422511577606,40
A0A078S2R5,gaba,Tri,0.2068028599023819,57
A0A078S2R5,glutamine,Di,0.39613786339759827,7
A0A078S2R5,glutamine,Mono,0.3848278820514679,9
A0A078S2R5,glutamine,Tri,0.3236570954322815,22
A0A078S2R5,glyglycine,Di,0.13211322575807571,71
A0A078S2R5,glyglycine,Mono,0.1941445916891098,60
A0A078S2R5,glyglycine,Tri,0.07354867085814476,73
A0A078S2R5,histidine,Di,0.36224257946014404,16
A0A078S2R5,histidine,Mono,0.4180905818939209,2
A0A078S2R5,histidine,Tri,0.3675011992454529,13
A0A078S2R5,lysine,Di,0.24034170806407928,39
A0A078S2R5,lysine,Mono,0.2381083145737648,41
A0A078S2R5,lysine,Tri,0.24444954097270966,37
A0A078S2R5,methionine,Di,0.15692045539617538,70
A0A078S2R5,methionine,Mono,0.24624408036470413,36
A0A078S2R5,methionine,Tri,0.18042442202568054,65
A0A078S2R5,ornithine,Di,0.2227579727768898,48
A0A078S2R5,ornithine,Mono,0.22824130207300186,46
A0A078S2R5,ornithine,Tri,0.26018641889095306,32
A0A078S2R5,phenylalanine,Di,0.4133060872554779,3
A0A078S2R5,phenylalanine,Mono,0.43186619877815247,1
A0A078S2R5,phenylalanine,Tri,0.36462217569351196,14
A0A078S2R5,proline,Di,0.22227151691913605,49
A0A078S2R5,proline,Mono,0.3809969872236252,10
A0A078S2R5,proline,Tri,0.2090708315372467,56
A0A078S2R5,putrescine,Di,0.2379823625087738,42
A0A078S2R5,putrescine,Mono,0.286689355969429,29
A0A078S2R5,putrescine,Tri,0.21167965233325958,53
A0A078S2R5,serine,Di,0.38033756613731384,11
A0A078S2R5,serine,Mono,0.407082736492157,4
A0A078S2R5,serine,Tri,0.3451695144176483,17
A0A078S2R5,serotonin,Di,0.23398884385824203,43
A0A078S2R5,serotonin,Mono,0.21392493695020676,51
A0A078S2R5,serotonin,Tri,0.2517319619655609,35
A0A078S2R5,threonine,Di,0.399106502532959,5
A0A078S2R5,threonine,Mono,0.3983062356710434,6
A0A078S2R5,threonine,Tri,0.3247862905263901,21
A0A078S2R5,tryptamine,Di,0.19303857535123825,61
A0A078S2R5,tryptamine,Mono,0.17600199580192566,67
A0A078S2R5,tryptamine,Tri,0.17992130666971207,66
A0A078S2R5,tyramine,Di,0.22057878226041794,50
A0A078S2R5,tyramine,Mono,0.2278616949915886,47
A0A078S2R5,tyramine,Tri,0.21229581534862518,52
A0A096B1U0,"2,3_diaminopropionic acid",Di,0.2524375095963478,16
A0A096B1U0,"2,3_diaminopropionic acid",Mono,0.2815227136015892,9
A0A096B1U0,"2,3_diaminopropionic acid",Tri,0.2210901379585266,26
A0A096B1U0,2_aminophenol,Di,0.24630781263113022,17
A0A096B1U0,2_aminophenol,Mono,0.26529504358768463,11
A0A096B1U0,2_aminophenol,Tri,0.20870241522789001,32
A0A096B1U0,3_methoxytyramine,Di,0.11765125766396523,68
A0A096B1U0,3_methoxytyramine,Mono,0.07281755656003952,73
A0A096B1U0,3_methoxytyramine,Tri,0.06533852778375149,74
A0A096B1U0,alanine,Di,0.17346902936697006,49
A0A096B1U0,alanine,Mono,0.244773231446743,19
A0A096B1U0,alanine,Tri,0.16565009206533432,52
A0A096B1U0,arginine,Di,0.22829197347164154,24
A0A096B1U0,arginine,Mono,0.25964516401290894,14
A0A096B1U0,arginine,Tri,0.23979373276233673,21
A0A096B1U0,asparagine,Di,0.19085510075092316,41
A0A096B1U0,asparagine,Mono,0.2602758929133415,13
A0A096B1U0,asparagine,Tri,0.18547066301107407,44
A0A096B1U0,cadaverine,Di,0.16957863420248032,50
A0A096B1U0,cadaverine,Mono,0.23552122712135315,23
A0A096B1U0,cadaverine,Tri,0.1529967039823532,58
A0A096B1U0,citrulline,Di,0.21447858959436417,27
A0A096B1U0,citrulline,Mono,0.3128689154982567,3
A0A096B1U0,citrulline,Tri,0.20447910577058792,34
A0A096B1U0,cystine,Di,0.10009479150176048,72
A0A096B1U0,cystine,Mono,0.20739421248435974,33
A0A096B1U0,cystine,Tri,0.13087734952569008,65
A0A096B1U0,dopamine,Di,0.15161460638046265,59
A0A096B1U0,dopamine,Mono,0.15740201994776726,55
A0A096B1U0,dopamine,Tri,0.11252221837639809,71
A0A096B1U0,gaba,Di,0.12401367723941803,67
A0A096B1U0,gaba,Mono,0.2038339525461197,35
A0A096B1U0,gaba,Tri,0.11449894681572914,70
A0A096B1U0,glutamine,Di,0.24271047115325928,20
A0A096B1U0,glutamine,Mono,0.28377822041511536,8
A0A096B1U0,glutamine,Tri,0.1930653378367424,38
A0A096B1U0,glyglycine,Di,0.19103029370307922,40
A0A096B1U0,glyglycine,Mono,0.187371164560318,42
A0A096B1U0,glyglycine,Tri,0.05542144551873207,75
A0A096B1U0,histidine,Di,0.24485884606838226,18
A0A096B1U0,histidine,Mono,0.30230890214443207,6
A0A096B1U0,histidine,Tri,0.20933736860752106,31
A0A096B1U0,lysine,Di,0.18048948049545288,45
A0A096B1U0,lysine,Mono,0.21193581074476242,29
A0A096B1U0,lysine,Tri,0.17467183619737625,48
A0A096B1U0,methionine,Di,0.13404317945241928,63
A0A096B1U0,methionine,Mono,0.21232253313064575,28
A0A096B1U0,methionine,Tri,0.11611494421958923,69
A0A096B1U0,ornithine,Di,0.15974359959363937,54
A0A096B1U0,ornithine,Mono,0.1757325828075409,46
A0A096B1U0,ornithine,Tri,0.17497476935386658,47
A0A096B1U0,phenylalanine,Di,0.3059164434671402,4
A0A096B1U0,phenylalanine,Mono,0.3177579343318939,2
A0A096B1U0,phenylalanine,Tri,0.25287896394729614,15
A0A096B1U0,proline,Di,0.13093044608831406,64
A0A096B1U0,proline,Mono,0.30287235975265503,5
A0A096B1U0,proline,Tri,0.1385231614112854,62
A0A096B1U0,putrescine,Di,0.1450396478176117,61
A0A096B1U0,putrescine,Mono,0.23948989808559418,22
A0A096B1U0,putrescine,Tri,0.12942136079072952,66
A0A096B1U0,serine,Di,0.2612573131918907,12
A0A096B1U0,serine,Mono,0.3190353065729141,1
A0A096B1U0,serine,Tri,0.22743114829063416,25
A0A096B1U0,serotonin,Di,0.20027460902929306,36
A0A096B1U0,serotonin,Mono,0.19180060923099518,39
A0A096B1U0,serotonin,Tri,0.18557070940732956,43
A0A096B1U0,threonine,Di,0.28594881296157837,7
A0A096B1U0,threonine,Mono,0.2778018042445183,10
A0A096B1U0,threonine,Tri,0.21186980605125427,30
A0A096B1U0,tryptamine,Di,0.16308939456939697,53
A0A096B1U0,tryptamine,Mono,0.15580451488494873,56
A0A096B1U0,tryptamine,Tri,0.1535465195775032,57
A0A096B1U0,tyramine,Di,0.1943085938692093,37
A0A096B1U0,tyramine,Mono,0.1672588288784027,51
A0A096B1U0,tyramine,Tri,0.14966635406017303,60
A0A096DGB7,"2,3_diaminopropionic acid",Di,0.3281809687614441,18
A0A096DGB7,"2,3_diaminopropionic acid",Mono,0.3066341131925583,23
A0A096DGB7,"2,3_diaminopropionic acid",Tri,0.33439891040325165,16
A0A096DGB7,2_aminophenol,Di,0.33601613342761993,15
A0A096DGB7,2_aminophenol,Mono,0.3130226284265518,22
A0A096DGB7,2_aminophenol,Tri,0.29946690797805786,26
A0A096DGB7,3_methoxytyramine,Di,0.10779030248522758,73
A0A096DGB7,3_methoxytyramine,Mono,0.12010275572538376,72
A0A096DGB7,3_methoxytyramine,Tri,0.08943172544240952,75
A0A096DGB7,alanine,Di,0.1659764125943184,67
A0A096DGB7,alanine,Mono,0.256379209458828,34
A0A096DGB7,alanine,Tri,0.21710439026355743,56
A0A096DGB7,arginine,Di,0.22474195063114166,51
A0A096DGB7,arginine,Mono,0.2695957124233246,30
A0A096DGB7,arginine,Tri,0.2620704621076584,33
A0A096DGB7,asparagine,Di,0.28310056775808334,28
A0A096DGB7,asparagine,Mono,0.3245907127857208,19
A0A096DGB7,asparagine,Tri,0.29793381690979004,27
A0A096DGB7,cadaverine,Di,0.20353950560092926,61
A0A096DGB7,cadaverine,Mono,0.23598562926054,48
A0A096DGB7,cadaverine,Tri,0.2166825458407402,57
A0A096DGB7,citrulline,Di,0.3006393760442734,25
A0A096DGB7,citrulline,Mono,0.37559908628463745,4
A0A096DGB7,citrulline,Tri,0.30151137709617615,24
A0A096DGB7,cystine,Di,0.14126358181238174,70
A0A096DGB7,cystine,Mono,0.25231944024562836,36
A0A096DGB7,cystine,Tri,0.17946574091911316,66
A0A096DGB7,dopamine,Di,0.21964945644140244,53
A0A096DGB7,dopamine,Mono,0.2451080158352852,40
A0A096DGB7,dopamine,Tri,0.21153686940670013,59
A0A096DGB7,gaba,Di,0.16403982043266296,68
A0A096DGB7,gaba,Mono,0.24014948308467865,45
A0A096DGB7,gaba,Tri,0.18878086656332016,64
A0A096DGB7,glutamine,Di,0.3665381520986557,6
A0A096DGB7,glutamine,Mono,0.3392346352338791,13
A0A096DGB7,glutamine,Tri,0.31782007217407227,21
A0A096DGB7,glyglycine,Di,0.12139065936207771,71
A0A096DGB7,glyglycine,Mono,0.19984278082847595,63
A0A096DGB7,glyglycine,Tri,0.09167441353201866,74
A0A096DGB7,histidine,Di,0.321955069899559,20
A0A096DGB7,histidine,Mono,0.3651697635650635,7
A0A096DGB7,histidine,Tri,0.3435232937335968,10
A0A096DGB7,lysine,Di,0.24293163418769836,43
A0A096DGB7,lysine,Mono,0.2543797940015793,35
A0A096DGB7,lysine,Tri,0.2390173152089119,47
A0A096DGB7,methionine,Di,0.15373021364212036,69
A0A096DGB7,methionine,Mono,0.21776166558265686,55
A0A096DGB7,methionine,Tri,0.1814027577638626,65
A0A096DGB7,ornithine,Di,0.21604664623737335,58
A0A096DGB7,ornithine,Mono,0.24077562987804413,44
A0A096DGB7,ornithine,Tri,0.2490442991256714,38
A0A096DGB7,phenylalanine,Di,0.362780824303627,8
A0A096DGB7,phenylalanine,Mono,0.38213109970092773,1
A0A096DGB7,phenylalanine,Tri,0.3412327617406845,11
A0A096DGB7,proline,Di,0.2390735000371933,46
A0A096DGB7,proline,Mono,0.37909913063049316,2
A0A096DGB7,proline,Tri,0.23559434711933136,49
A0A096DGB7,putrescine,Di,0.2190150022506714,54
A0A096DGB7,putrescine,Mono,0.2791247218847275,29
A0A096DGB7,putrescine,Tri,0.2028098702430725,62
A0A096DGB7,serine,Di,0.33686836063861847,14
A0A096DGB7,serine,Mono,0.3612867742776871,9
A0A096DGB7,serine,Tri,0.340023398399353,12
A0A096DGB7,serotonin,Di,0.2488342672586441,39
A0A096DGB7,serotonin,Mono,0.24353091418743134,42
A0A096DGB7,serotonin,Tri,0.2645770162343979,31
A0A096DGB7,threonine,Di,0.37679287791252136,3
A0A096DGB7,threonine,Mono,0.3703341782093048,5
A0A096DGB7,threonine,Tri,0.3339291512966156,17
A0A096DGB7,tryptamine,Di,0.2296915426850319,50
A0A096DGB7,tryptamine,Mono,0.20792128145694733,60
A0A096DGB7,tryptamine,Tri,0.22030632942914963,52
A0A096DGB7,tyramine,Di,0.2503429651260376,37
A0A096DGB7,tyramine,Mono,0.26402826607227325,32
A0A096DGB7,tyramine,Tri,0.24479705095291138,41
A0A096KTH7,"2,3_diaminopropionic acid",Di,0.3655707836151123,6
A0A096KTH7,"2,3_diaminopropionic acid",Mono,0.2815985828638077,32
A0A096KTH7,"2,3_diaminopropionic acid",Tri,0.35179145634174347,10
A0A096KTH7,2_aminophenol,Di,0.37308286130428314,5
A0A096KTH7,2_aminophenol,Mono,0.29723505675792694,26
A0A096KTH7,2_aminophenol,Tri,0.31187619268894196,22
A0A096KTH7,3_methoxytyramine,Di,0.11131257936358452,74
A0A096KTH7,3_methoxytyramine,Mono,0.13692349568009377,71
A0A096KTH7,3_methoxytyramine,Tri,0.09220914542675018,75
A0A096KTH7,alanine,Di,0.17199690639972687,69
A0A096KTH7,alanine,Mono,0.2231544554233551,55
A0A096KTH7,alanine,Tri,0.1951492354273796,64
A0A096KTH7,arginine,Di,0.20965364575386047,61
A0A096KTH7,arginine,Mono,0.2355651631951332,49
A0A096KTH7,arginine,Tri,0.23367301374673843,50
A0A096KTH7,asparagine,Di,0.2965414822101593,27
A0A096KTH7,asparagine,Mono,0.2931814417243004,29
A0A096KTH7,asparagine,Tri,0.29249075055122375,30
A0A096KTH7,cadaverine,Di,0.22976581752300262,51
A0A096KTH7,cadaverine,Mono,0.21206187456846237,60
A0A096KTH7,cadaverine,Tri,0.2233131229877472,54
A0A096KTH7,citrulline,Di,0.33549928665161133,16
A0A096KTH7,citrulline,Mono,0.350087434053421,11
A0A096KTH7,citrulline,Tri,0.3312002867460251,18
A0A096KTH7,cystine,Di,0.17718936502933502,68
A0A096KTH7,cystine,Mono,0.2478053718805313,44
A0A096KTH7,cystine,Tri,0.20393818616867065,63
A0A096KTH7,dopamine,Di,0.25358545780181885,42
A0A096KTH7,dopamine,Mono,0.26282258331775665,40
A0A096KTH7,dopamine,Tri,0.24771984666585922,45
A0A096KTH7,gaba,Di,0.20764054358005524,62
A0A096KTH7,gaba,Mono,0.22040779143571854,58
A0A096KTH7,gaba,Tri,0.2170289009809494,59
A0A096KTH7,glutamine,Di,0.3822816014289856,2
A0A096KTH7,glutamine,Mono,0.3061378598213196,24
A0A096KTH7,glutamine,Tri,0.3187762647867203,20
A0A096KTH7,glyglycine,Di,0.11529447883367538,72
A0A096KTH7,glyglycine,Mono,0.17919493466615677,67
A0A096KTH7,glyglycine,Tri,0.11248831078410149,73
A0A096KTH7,histidine,Di,0.31981904804706573,19
A0A096KTH7,histidine,Mono,0.33523085713386536,17
A0A096KTH7,histidine,Tri,0.34974122047424316,12
A0A096KTH7,lysine,Di,0.24919342249631882,43
A0A096KTH7,lysine,Mono,0.2260458767414093,52
A0A096KTH7,lysine,Tri,0.24412792921066284,46
A0A096KTH7,methionine,Di,0.15709106624126434,70
A0A096KTH7,methionine,Mono,0.1852710172533989,66
A0A096KTH7,methionine,Tri,0.18881643563508987,65
A0A096KTH7,ornithine,Di,0.23793886601924896,47
A0A096KTH7,ornithine,Mono,0.22186660766601562,56
A0A096KTH7,ornithine,Tri,0.268723264336586,35
A0A096KTH7,phenylalanine,Di,0.3745250105857849,4
A0A096KTH7,phenylalanine,Mono,0.34804801642894745,13
A0A096KTH7,phenylalanine,Tri,0.33696889877319336,15
A0A096KTH7,proline,Di,0.26689934730529785,36
A0A096KTH7,proline,Mono,0.3597990423440933,8
A0A096KTH7,proline,Tri,0.22370319068431854,53
A0A096KTH7,putrescine,Di,0.26549194753170013,39
A0A096KTH7,putrescine,Mono,0.2664679288864136,37
A0A096KTH7,putrescine,Tri,0.22155216336250305,57
A0A096KTH7,serine,Di,0.3607498109340668,7
A0A096KTH7,serine,Mono,0.3175504803657532,21
A0A096KTH7,serine,Tri,0.33955271542072296,14
A0A096KTH7,serotonin,Di,0.2972831279039383,25
A0A096KTH7,serotonin,Mono,0.2664457708597183,38
A0A096KTH7,serotonin,Tri,0.3105617016553879,23
A0A096KTH7,threonine,Di,0.41370417177677155,1
A0A096KTH7,threonine,Mono,0.3801390081644058,3
A0A096KTH7,threonine,Tri,0.35568967461586,9
A0A096KTH7,tryptamine,Di,0.2724108099937439,34
A0A096KTH7,tryptamine,Mono,0.23684152215719223,48
A0A096KTH7,tryptamine,Tri,0.25793009996414185,41
A0A096KTH7,tyramine,Di,0.296330064535141,28
A0A096KTH7,tyramine,Mono,0.2844858914613724,31
A0A096KTH7,tyramine,Tri,0.2760732173919678,33
A0A0B8QU93,"2,3_diaminopropionic acid",Di,0.32909710705280304,25
A0A0B8QU93,"2,3_diaminopropionic acid",Mono,0.2935209423303604,30
A0A0B8QU93,"2,3_diaminopropionic acid",Tri,0.3476698398590088,19
A0A0B8QU93,2_aminophenol,Di,0.373698890209198,10
A0A0B8QU93,2_aminophenol,Mono,0.34302954375743866,21
A0A0B8QU93,2_aminophenol,Tri,0.3536428362131119,17
A0A0B8QU93,3_methoxytyramine,Di,0.03769584186375141,75
A0A0B8QU93,3_methoxytyramine,Mono,0.10119341313838959,71
A0A0B8QU93,3_methoxytyramine,Tri,0.05925396829843521,74
A0A0B8QU93,alanine,Di,0.16966350376605988,69
A0A0B8QU93,alanine,Mono,0.2689920663833618,34
A0A0B8QU93,alanine,Tri,0.20836105942726135,63
A0A0B8QU93,arginine,Di,0.2162266969680786,61
A0A0B8QU93,arginine,Mono,0.25741492211818695,38
A0A0B8QU93,arginine,Tri,0.28013062477111816,32
A0A0B8QU93,asparagine,Di,0.3003820776939392,29
A0A0B8QU93,asparagine,Mono,0.35002413392066956,18
A0A0B8QU93,asparagine,Tri,0.30945517122745514,27
A0A0B8QU93,cadaverine,Di,0.20863361656665802,62
A0A0B8QU93,cadaverine,Mono,0.22927498817443848,54
A0A0B8QU93,cadaverine,Tri,0.2532859295606613,40
A0A0B8QU93,citrulline,Di,0.3306857943534851,24
A0A0B8QU93,citrulline,Mono,0.3759353905916214,9
A0A0B8QU93,citrulline,Tri,0.343425914645195,20
A0A0B8QU93,cystine,Di,0.15901394933462143,70
A0A0B8QU93,cystine,Mono,0.253140926361084,41
A0A0B8QU93,cystine,Tri,0.21701741218566895,60
A0A0B8QU93,dopamine,Di,0.19714736938476562,65
A0A0B8QU93,dopamine,Mono,0.2299550175666809,53
A0A0B8QU93,dopamine,Tri,0.2170313224196434,59
A0A0B8QU93,gaba,Di,0.17763244360685349,66
A0A0B8QU93,gaba,Mono,0.2196514904499054,58
A0A0B8QU93,gaba,Tri,0.23399397730827332,50
A0A0B8QU93,glutamine,Di,0.3920064717531204,6
A0A0B8QU93,glutamine,Mono,0.3713645190000534,11
A0A0B8QU93,glutamine,Tri,0.34274300932884216,22
A0A0B8QU93,glyglycine,Di,0.0771392360329628,73
A0A0B8QU93,glyglycine,Mono,0.1742667779326439,68
A0A0B8QU93,glyglycine,Tri,0.10107512027025223,72
A0A0B8QU93,histidine,Di,0.3325365036725998,23
A0A0B8QU93,histidine,Mono,0.3983302414417267,4
A0A0B8QU93,histidine,Tri,0.3782006949186325,8
A0A0B8QU93,lysine,Di,0.2311965972185135,52
A0A0B8QU93,lysine,Mono,0.22791273891925812,55
A0A0B8QU93,lysine,Tri,0.2773728370666504,33
A0A0B8QU93,methionine,Di,0.17704664915800095,67
A0A0B8QU93,methionine,Mono,0.2434408962726593,45
A0A0B8QU93,methionine,Tri,0.22746632248163223,56
A0A0B8QU93,ornithine,Di,0.2269771620631218,57
A0A0B8QU93,ornithine,Mono,0.23684048652648926,49
A0A0B8QU93,ornithine,Tri,0.30118033289909363,28
A0A0B8QU93,phenylalanine,Di,0.3712695688009262,12
A0A0B8QU93,phenylalanine,Mono,0.4054042845964432,2
A0A0B8QU93,phenylalanine,Tri,0.35893625020980835,15
A0A0B8QU93,proline,Di,0.24306932091712952,46
A0A0B8QU93,proline,Mono,0.39289823174476624,5
A0A0B8QU93,proline,Tri,0.24969975650310516,42
A0A0B8QU93,putrescine,Di,0.23882120847702026,48
A0A0B8QU93,putrescine,Mono,0.2825394719839096,31
A0A0B8QU93,putrescine,Tri,0.23978523910045624,47
A0A0B8QU93,serine,Di,0.35707589983940125,16
A0A0B8QU93,serine,Mono,0.3895376920700073,7
A0A0B8QU93,serine,Tri,0.36532315611839294,13
A0A0B8QU93,serotonin,Di,0.26392627507448196,36
A0A0B8QU93,serotonin,Mono,0.24765419960021973,44
A0A0B8QU93,serotonin,Tri,0.3175073266029358,26
A0A0B8QU93,threonine,Di,0.41402468085289,1
A0A0B8QU93,threonine,Mono,0.40093590319156647,3
A0A0B8QU93,threonine,Tri,0.35964086651802063,14
A0A0B8QU93,tryptamine,Di,0.23277266323566437,51
A0A0B8QU93,tryptamine,Mono,0.20287932455539703,64
A0A0B8QU93,tryptamine,Tri,0.24824799597263336,43
A0A0B8QU93,tyramine,Di,0.2572484165430069,39
A0A0B8QU93,tyramine,Mono,0.2583533525466919,37
A0A0B8QU93,tyramine,Tri,0.26779502630233765,35
A0A0D8IVP2,"2,3_diaminopropionic acid",Di,0.3445190340280533,11
A0A0D8IVP2,"2,3_diaminopropionic acid",Mono,0.2550627440214157,33
A0A0D8IVP2,"2,3_diaminopropionic acid",Tri,0.34523123502731323,10
A0A0D8IVP2,2_aminophenol,Di,0.37097397446632385,4
A0A0D8IVP2,2_aminophenol,Mono,0.2893880233168602,27
A0A0D8IVP2,2_aminophenol,Tri,0.3168158382177353,19
A0A0D8IVP2,3_methoxytyramine,Di,0.08200855925679207,73
A0A0D8IVP2,3_methoxytyramine,Mono,0.1099478080868721,71
A0A0D8IVP2,3_methoxytyramine,Tri,0.07156728208065033,75
A0A0D8IVP2,alanine,Di,0.14959339052438736,68
A0A0D8IVP2,alanine,Mono,0.20666111260652542,53
A0A0D8IVP2,alanine,Tri,0.17626899480819702,65
A0A0D8IVP2,arginine,Di,0.18284742534160614,63
A0A0D8IVP2,arginine,Mono,0.19919569045305252,56
A0A0D8IVP2,arginine,Tri,0.21857912838459015,48
A0A0D8IVP2,asparagine,Di,0.29665184020996094,24
A0A0D8IVP2,asparagine,Mono,0.2884158343076706,28
A0A0D8IVP2,asparagine,Tri,0.2920408844947815,26
A0A0D8IVP2,cadaverine,Di,0.20403383672237396,54
A0A0D8IVP2,cadaverine,Mono,0.18059193342924118,64
A0A0D8IVP2,cadaverine,Tri,0.2198520302772522,46
A0A0D8IVP2,citrulline,Di,0.3310246020555496,17
A0A0D8IVP2,citrulline,Mono,0.33496619760990143,15
A0A0D8IVP2,citrulline,Tri,0.33073024451732635,18
A0A0D8IVP2,cystine,Di,0.15706758946180344,67
A0A0D8IVP2,cystine,Mono,0.22082781791687012,45
A0A0D8IVP2,cystine,Tri,0.1950746774673462,58
A0A0D8IVP2,dopamine,Di,0.2242569848895073,44
A0A0D8IVP2,dopamine,Mono,0.2313106432557106,42
A0A0D8IVP2,dopamine,Tri,0.23469381034374237,40
A0A0D8IVP2,gaba,Di,0.1856451854109764,60
A0A0D8IVP2,gaba,Mono,0.18434973061084747,61
A0A0D8IVP2,gaba,Tri,0.21346630156040192,52
A0A0D8IVP2,glutamine,Di,0.3738715499639511,2
A0A0D8IVP2,glutamine,Mono,0.2985081300139427,23
A0A0D8IVP2,glutamine,Tri,0.31414301693439484,20
A0A0D8IVP2,glyglycine,Di,0.07549003139138222,74
A0A0D8IVP2,glyglycine,Mono,0.1391463726758957,70
A0A0D8IVP2,glyglycine,Tri,0.09297182038426399,72
A0A0D8IVP2,histidine,Di,0.3137953281402588,22
A0A0D8IVP2,histidine,Mono,0.3353734016418457,14
A0A0D8IVP2,histidine,Tri,0.35226021707057953,8
A0A0D8IVP2,lysine,Di,0.21931801736354828,47
A0A0D8IVP2,lysine,Mono,0.19199249148368835,59
A0A0D8IVP2,lysine,Tri,0.23279079794883728,41
A0A0D8IVP2,methionine,Di,0.1429603025317192,69
A0A0D8IVP2,methionine,Mono,0.17365282028913498,66
A0A0D8IVP2,methionine,Tri,0.18355664610862732,62
A0A0D8IVP2,ornithine,Di,0.21670027822256088,51
A0A0D8IVP2,ornithine,Mono,0.19633226841688156,57
A0A0D8IVP2,ornithine,Tri,0.2670314162969589,29
A0A0D8IVP2,phenylalanine,Di,0.364208921790123,6
A0A0D8IVP2,phenylalanine,Mono,0.34577514231204987,9
A0A0D8IVP2,phenylalanine,Tri,0.33286066353321075,16
A0A0D8IVP2,proline,Di,0.25115907937288284,35
A0A0D8IVP2,proline,Mono,0.33923380076885223,12
A0A0D8IVP2,proline,Tri,0.21727117151021957,50
A0A0D8IVP2,putrescine,Di,0.247733935713768,36
A0A0D8IVP2,putrescine,Mono,0.23554452508687973,39
A0A0D8IVP2,putrescine,Tri,0.21811293810606003,49
A0A0D8IVP2,serine,Di,0.35432957112789154,7
A0A0D8IVP2,serine,Mono,0.3140651732683182,21
A0A0D8IVP2,serine,Tri,0.3389947861433029,13
A0A0D8IVP2,serotonin,Di,0.2608613893389702,32
A0A0D8IVP2,serotonin,Mono,0.23041415214538574,43
A0A0D8IVP2,serotonin,Tri,0.29342953860759735,25
A0A0D8IVP2,threonine,Di,0.4190584272146225,1
A0A0D8IVP2,threonine,Mono,0.37363095581531525,3
A0A0D8IVP2,threonine,Tri,0.3680226802825928,5
A0A0D8IVP2,tryptamine,Di,0.2409643977880478,37
A0A0D8IVP2,tryptamine,Mono,0.20023290067911148,55
A0A0D8IVP2,tryptamine,Tri,0.23772373795509338,38
A0A0D8IVP2,tyramine,Di,0.2661653906106949,30
A0A0D8IVP2,tyramine,Mono,0.2539042830467224,34
A0A0D8IVP2,tyramine,Tri,0.2627381831407547,31
A0A0F0CI09,"2,3_diaminopropionic acid",Di,0.14980869740247726,18
A0A0F0CI09,"2,3_diaminopropionic acid",Mono,0.12061131745576859,26
A0A0F0CI09,"2,3_diaminopropionic acid",Tri,0.14359944313764572,23
A0A0F0CI09,2_aminophenol,Di,0.1712888479232788,12
A0A0F0CI09,2_aminophenol,Mono,0.14627790451049805,21
A0A0F0CI09,2_aminophenol,Tri,0.1376088410615921,24
A0A0F0CI09,3_methoxytyramine,Di,0.02486351039260626,65
A0A0F0CI09,3_methoxytyramine,Mono,-0.06263095140457153,75
A0A0F0CI09,3_methoxytyramine,Tri,-0.030757791362702847,74
A0A0F0CI09,alanine,Di,0.052676730789244175,53
A0A0F0CI09,alanine,Mono,0.0899183340370655,35
A0A0F0CI09,alanine,Tri,0.05780034139752388,47
A0A0F0CI09,arginine,Di,0.11630233749747276,29
A0A0F0CI09,arginine,Mono,0.08891893271356821,36
A0A0F0CI09,arginine,Tri,0.14837102591991425,19
A0A0F0CI09,asparagine,Di,0.1168491579592228,28
A0A0F0CI09,asparagine,Mono,0.15551172941923141,16
A0A0F0CI09,asparagine,Tri,0.11323679238557816,30
A0A0F0CI09,cadaverine,Di,0.04691723734140396,57
A0A0F0CI09,cadaverine,Mono,0.05672249011695385,48
A0A0F0CI09,cadaverine,Tri,0.07137753441929817,42
A0A0F0CI09,citrulline,Di,0.14579422399401665,22
A0A0F0CI09,citrulline,Mono,0.18134820088744164,9
A0A0F0CI09,citrulline,Tri,0.13566584140062332,25
A0A0F0CI09,cystine,Di,-0.012413155287504196,72
A0A0F0CI09,cystine,Mono,0.04846961051225662,56
A0A0F0CI09,cystine,Tri,0.030613182112574577,62
A0A0F0CI09,dopamine,Di,0.06085022911429405,45
A0A0F0CI09,dopamine,Mono,0.025550462305545807,64
A0A0F0CI09,dopamine,Tri,0.056342522613704205,50
A0A0F0CI09,gaba,Di,0.006037582526914775,70
A0A0F0CI09,gaba,Mono,0.02412710664793849,66
A0A0F0CI09,gaba,Tri,0.050532654859125614,54
A0A0F0CI09,glutamine,Di,0.17430128157138824,11
A0A0F0CI09,glutamine,Mono,0.17744151502847672,10
A0A0F0CI09,glutamine,Tri,0.11724364012479782,27
A0A0F0CI09,glyglycine,Di,0.05396602302789688,51
A0A0F0CI09,glyglycine,Mono,0.0019326242618262768,71
A0A0F0CI09,glyglycine,Tri,-0.021828480530530214,73
A0A0F0CI09,histidine,Di,0.16553115844726562,13
A0A0F0CI09,histidine,Mono,0.21974915266036987,4
A0A0F0CI09,histidine,Tri,0.14758985489606857,20
A0A0F0CI09,lysine,Di,0.052688322961330414,52
A0A0F0CI09,lysine,Mono,0.037340336479246616,61
A0A0F0CI09,lysine,Tri,0.08815208449959755,38
A0A0F0CI09,methionine,Di,0.04881305992603302,55
A0A0F0CI09,methionine,Mono,0.09223667532205582,34
A0A0F0CI09,methionine,Tri,0.0603777002543211,46
A0A0F0CI09,ornithine,Di,0.04454971291124821,58
A0A0F0CI09,ornithine,Mono,0.012778323609381914,69
A0A0F0CI09,ornithine,Tri,0.10200091451406479,31
A0A0F0CI09,phenylalanine,Di,0.22556422650814056,2
A0A0F0CI09,phenylalanine,Mono,0.2207711711525917,3
A0A0F0CI09,phenylalanine,Tri,0.18707990646362305,8
A0A0F0CI09,proline,Di,0.0176081582903862,68
A0A0F0CI09,proline,Mono,0.15277525782585144,17
A0A0F0CI09,proline,Tri,0.019135556649416685,67
A0A0F0CI09,putrescine,Di,0.039671992883086205,59
A0A0F0CI09,putrescine,Mono,0.06551355961710215,44
A0A0F0CI09,putrescine,Tri,0.06574449501931667,43
A0A0F0CI09,serine,Di,0.19753806293010712,6
A0A0F0CI09,serine,Mono,0.2095031552016735,5
A0A0F0CI09,serine,Tri,0.16055460274219513,15
A0A0F0CI09,serotonin,Di,0.08509917557239532,40
A0A0F0CI09,serotonin,Mono,0.05659426096826792,49
A0A0F0CI09,serotonin,Tri,0.09636720642447472,33
A0A0F0CI09,threonine,Di,0.25572048127651215,1
A0A0F0CI09,threonine,Mono,0.16335400193929672,14
A0A0F0CI09,threonine,Tri,0.1916099637746811,7
A0A0F0CI09,tryptamine,Di,0.07912301272153854,41
A0A0F0CI09,tryptamine,Mono,0.03805153537541628,60
A0A0F0CI09,tryptamine,Tri,0.08822061493992805,37
A0A0F0CI09,tyramine,Di,0.10178184136748314,32
A0A0F0CI09,tyramine,Mono,0.03008242230862379,63
A0A0F0CI09,tyramine,Tri,0.08532325550913811,39
A0A0F5JPH2,"2,3_diaminopropionic acid",Di,0.32247430086135864,19
A0A0F5JPH2,"2,3_diaminopropionic acid",Mono,0.2792058661580086,28
A0A0F5JPH2,"2,3_diaminopropionic acid",Tri,0.31981413066387177,20
A0A0F5JPH2,2_aminophenol,Di,0.36315691471099854,11
A0A0F5JPH2,2_aminophenol,Mono,0.31792815029621124,21
A0A0F5JPH2,2_aminophenol,Tri,0.31066714227199554,25
A0A0F5JPH2,3_methoxytyramine,Di,0.04877167381346226,74
A0A0F5JPH2,3_methoxytyramine,Mono,0.0595017047598958,73
A0A0F5JPH2,3_methoxytyramine,Tri,0.03364572674036026,75
A0A0F5JPH2,alanine,Di,0.16015444695949554,66
A0A0F5JPH2,alanine,Mono,0.23956796526908875,33
A0A0F5JPH2,alanine,Tri,0.17726357281208038,61
A0A0F5JPH2,arginine,Di,0.2036103531718254,50
A0A0F5JPH2,arginine,Mono,0.22202271223068237,38
A0A0F5JPH2,arginine,Tri,0.24496550858020782,31
A0A0F5JPH2,asparagine,Di,0.31221751868724823,24
A0A0F5JPH2,asparagine,Mono,0.34605783224105835,16
A0A0F5JPH2,asparagine,Tri,0.3056969493627548,27
A0A0F5JPH2,cadaverine,Di,0.2058127000927925,48
A0A0F5JPH2,cadaverine,Mono,0.21052315831184387,44
A0A0F5JPH2,cadaverine,Tri,0.22263209521770477,37
A0A0F5JPH2,citrulline,Di,0.31448042392730713,23
A0A0F5JPH2,citrulline,Mono,0.36609208583831787,9
A0A0F5JPH2,citrulline,Tri,0.3066539764404297,26
A0A0F5JPH2,cystine,Di,0.14443649351596832,69
A0A0F5JPH2,cystine,Mono,0.23313577473163605,35
A0A0F5JPH2,cystine,Tri,0.178525872528553,59
A0A0F5JPH2,dopamine,Di,0.17516496777534485,64
A0A0F5JPH2,dopamine,Mono,0.18948878347873688,57
A0A0F5JPH2,dopamine,Tri,0.17166613787412643,65
A0A0F5JPH2,gaba,Di,0.17825699597597122,60
A0A0F5JPH2,gaba,Mono,0.20227698981761932,52
A0A0F5JPH2,gaba,Tri,0.20350927114486694,51
A0A0F5JPH2,glutamine,Di,0.38427990674972534,6
A0A0F5JPH2,glutamine,Mono,0.36346422135829926,10
A0A0F5JPH2,glutamine,Tri,0.31785689294338226,22
A0A0F5JPH2,glyglycine,Di,0.09404603578150272,71
A0A0F5JPH2,glyglycine,Mono,0.14741521328687668,68
A0A0F5JPH2,glyglycine,Tri,0.06030668318271637,72
A0A0F5JPH2,histidine,Di,0.34671202301979065,15
A0A0F5JPH2,histidine,Mono,0.40263691544532776,2
A0A0F5JPH2,histidine,Tri,0.35917893052101135,12
A0A0F5JPH2,lysine,Di,0.2192741259932518,40
A0A0F5JPH2,lysine,Mono,0.20556676387786865,49
A0A0F5JPH2,lysine,Tri,0.23826316744089127,34
A0A0F5JPH2,methionine,Di,0.14115828275680542,70
A0A0F5JPH2,methionine,Mono,0.2220030203461647,39
A0A0F5JPH2,methionine,Tri,0.17662090808153152,63
A0A0F5JPH2,ornithine,Di,0.20729605108499527,47
A0A0F5JPH2,ornithine,Mono,0.1999019756913185,54
A0A0F5JPH2,ornithine,Tri,0.2598671615123749,29
A0A0F5JPH2,phenylalanine,Di,0.3992483764886856,4
A0A0F5JPH2,phenylalanine,Mono,0.4121297746896744,1
A0A0F5JPH2,phenylalanine,Tri,0.3556833565235138,13
A0A0F5JPH2,proline,Di,0.20118625462055206,53
A0A0F5JPH2,proline,Mono,0.3524654358625412,14
A0A0F5JPH2,proline,Tri,0.19437767565250397,55
A0A0F5JPH2,putrescine,Di,0.22332176566123962,36
A0A0F5JPH2,putrescine,Mono,0.2535720616579056,30
A0A0F5JPH2,putrescine,Tri,0.20965901017189026,45
A0A0F5JPH2,serine,Di,0.3682340383529663,8
A0A0F5JPH2,serine,Mono,0.388186514377594,5
A0A0F5JPH2,serine,Tri,0.3405282646417618,17
A0A0F5JPH2,serotonin,Di,0.21590666472911835,41
A0A0F5JPH2,serotonin,Mono,0.19135352224111557,56
A0A0F5JPH2,serotonin,Tri,0.24123726785182953,32
A0A0F5JPH2,threonine,Di,0.40080955624580383,3
A0A0F5JPH2,threonine,Mono,0.3835623115301132,7
A0A0F5JPH2,threonine,Tri,0.3401450514793396,18
A0A0F5JPH2,tryptamine,Di,0.18471752852201462,58
A0A0F5JPH2,tryptamine,Mono,0.15440158545970917,67
A0A0F5JPH2,tryptamine,Tri,0.17724473774433136,62
A0A0F5JPH2,tyramine,Di,0.21348035335540771,42
A0A0F5JPH2,tyramine,Mono,0.20935794711112976,46
A0A0F5JPH2,tyramine,Tri,0.21181268990039825,43
A0A0G8G768,"2,3_diaminopropionic acid",Di,0.35433097183704376,7
A0A0G8G768,"2,3_diaminopropionic acid",Mono,0.2807296887040138,33
A0A0G8G768,"2,3_diaminopropionic acid",Tri,0.35114240646362305,8
A0A0G8G768,2_aminophenol,Di,0.3650576174259186,4
A0A0G8G768,2_aminophenol,Mono,0.2942602187395096,27
A0A0G8G768,2_aminophenol,Tri,0.3168916255235672,19
A0A0G8G768,3_methoxytyramine,Di,0.12756383419036865,72
A0A0G8G768,3_methoxytyramine,Mono,0.1397179514169693,70
A0A0G8G768,3_methoxytyramine,Tri,0.10570962354540825,74
A0A0G8G768,alanine,Di,0.14887214079499245,69
A0A0G8G768,alanine,Mono,0.21636072546243668,58
A0A0G8G768,alanine,Tri,0.17212484031915665,66
A0A0G8G768,arginine,Di,0.19843200594186783,63
A0A0G8G768,arginine,Mono,0.237173929810524,47
A0A0G8G768,arginine,Tri,0.2336227297782898,51
A0A0G8G768,asparagine,Di,0.2874392792582512,31
A0A0G8G768,asparagine,Mono,0.2842315211892128,32
A0A0G8G768,asparagine,Tri,0.2885907292366028,30
A0A0G8G768,cadaverine,Di,0.22519029676914215,54
A0A0G8G768,cadaverine,Mono,0.21638943254947662,57
A0A0G8G768,cadaverine,Tri,0.22404003143310547,55
A0A0G8G768,citrulline,Di,0.32240092754364014,17
A0A0G8G768,citrulline,Mono,0.3420305550098419,11
A0A0G8G768,citrulline,Tri,0.31638748943805695,20
A0A0G8G768,cystine,Di,0.17863265424966812,64
A0A0G8G768,cystine,Mono,0.25385062396526337,43
A0A0G8G768,cystine,Tri,0.20978909730911255,60
A0A0G8G768,dopamine,Di,0.2573416233062744,42
A0A0G8G768,dopamine,Mono,0.27178531885147095,35
A0A0G8G768,dopamine,Tri,0.26501528173685074,39
A0A0G8G768,gaba,Di,0.20582584291696548,61
A0A0G8G768,gaba,Mono,0.23053545504808426,52
A0A0G8G768,gaba,Tri,0.21306318044662476,59
A0A0G8G768,glutamine,Di,0.36373481154441833,5
A0A0G8G768,glutamine,Mono,0.29625682532787323,24
A0A0G8G768,glutamine,Tri,0.29741132259368896,22
A0A0G8G768,glyglycine,Di,0.10368547216057777,75
A0A0G8G768,glyglycine,Mono,0.17326263338327408,65
A0A0G8G768,glyglycine,Tri,0.1100909486413002,73
A0A0G8G768,histidine,Di,0.29600709676742554,25
A0A0G8G768,histidine,Mono,0.32722965627908707,16
A0A0G8G768,histidine,Tri,0.33417414128780365,15
A0A0G8G768,lysine,Di,0.24297313392162323,45
A0A0G8G768,lysine,Mono,0.23687074333429337,48
A0A0G8G768,lysine,Tri,0.24493299424648285,44
A0A0G8G768,methionine,Di,0.1309049427509308,71
A0A0G8G768,methionine,Mono,0.16815268993377686,67
A0A0G8G768,methionine,Tri,0.15324149280786514,68
A0A0G8G768,ornithine,Di,0.23367034643888474,50
A0A0G8G768,ornithine,Mono,0.2274780049920082,53
A0A0G8G768,ornithine,Tri,0.2754560634493828,34
A0A0G8G768,phenylalanine,Di,0.36871737241744995,3
A0A0G8G768,phenylalanine,Mono,0.35066935420036316,9
A0A0G8G768,phenylalanine,Tri,0.33844996988773346,13
A0A0G8G768,proline,Di,0.24145445972681046,46
A0A0G8G768,proline,Mono,0.3417634814977646,12
A0A0G8G768,proline,Tri,0.19894151389598846,62
A0A0G8G768,putrescine,Di,0.2599431797862053,41
A0A0G8G768,putrescine,Mono,0.26907049119472504,36
A0A0G8G768,putrescine,Tri,0.21735746413469315,56
A0A0G8G768,serine,Di,0.34271374344825745,10
A0A0G8G768,serine,Mono,0.3216046094894409,18
A0A0G8G768,serine,Tri,0.33470138907432556,14
A0A0G8G768,serotonin,Di,0.2898198068141937,29
A0A0G8G768,serotonin,Mono,0.2670764699578285,38
A0A0G8G768,serotonin,Tri,0.31460702419281006,21
A0A0G8G768,threonine,Di,0.41558216512203217,1
A0A0G8G768,threonine,Mono,0.3861924260854721,2
A0A0G8G768,threonine,Tri,0.3604782223701477,6
A0A0G8G768,tryptamine,Di,0.2681742310523987,37
A0A0G8G768,tryptamine,Mono,0.23663582652807236,49
A0A0G8G768,tryptamine,Tri,0.26219169795513153,40
A0A0G8G768,tyramine,Di,0.295040562748909,26
A0A0G8G768,tyramine,Mono,0.2963448166847229,23
A0A0G8G768,tyramine,Tri,0.2917126715183258,28
A0A0M6WH75,"2,3_diaminopropionic acid",Di,0.32963182032108307,11
A0A0M6WH75,"2,3_diaminopropionic acid",Mono,0.24028156697750092,34
A0A0M6WH75,"2,3_diaminopropionic acid",Tri,0.3345532864332199,10
A0A0M6WH75,2_aminophenol,Di,0.36626799404621124,2
A0A0M6WH75,2_aminophenol,Mono,0.2788616269826889,27
A0A0M6WH75,2_aminophenol,Tri,0.3115864247083664,19
A0A0M6WH75,3_methoxytyramine,Di,0.08606989309191704,72
A0A0M6WH75,3_methoxytyramine,Mono,0.09913285821676254,71
A0A0M6WH75,3_methoxytyramine,Tri,0.07117168046534061,74
A0A0M6WH75,alanine,Di,0.13311203569173813,68
A0A0M6WH75,alanine,Mono,0.18911418318748474,54
A0A0M6WH75,alanine,Tri,0.15823788940906525,65
A0A0M6WH75,arginine,Di,0.1729741469025612,62
A0A0M6WH75,arginine,Mono,0.18520723283290863,57
A0A0M6WH75,arginine,Tri,0.21060426533222198,45
A0A0M6WH75,asparagine,Di,0.28610924631357193,23
A0A0M6WH75,asparagine,Mono,0.2730386257171631,28
A0A0M6WH75,asparagine,Tri,0.2814624756574631,26
A0A0M6WH75,cadaverine,Di,0.19518738240003586,53
A0A0M6WH75,cadaverine,Mono,0.16566704958677292,63
A0A0M6WH75,cadaverine,Tri,0.20005466789007187,50
A0A0M6WH75,citrulline,Di,0.32242341339588165,17
A0A0M6WH75,citrulline,Mono,0.3269084766507149,13
A0A0M6WH75,citrulline,Tri,0.3191758096218109,18
A0A0M6WH75,cystine,Di,0.1484406180679798,67
A0A0M6WH75,cystine,Mono,0.20740576833486557,48
A0A0M6WH75,cystine,Tri,0.18753983825445175,56
A0A0M6WH75,dopamine,Di,0.21591035276651382,44
A0A0M6WH75,dopamine,Mono,0.22000156342983246,41
A0A0M6WH75,dopamine,Tri,0.2260129749774933,39
A0A0M6WH75,gaba,Di,0.1785801574587822,60
A0A0M6WH75,gaba,Mono,0.17464686930179596,61
A0A0M6WH75,gaba,Tri,0.19685231149196625,52
A0A0M6WH75,glutamine,Di,0.3608514964580536,4
A0A0M6WH75,glutamine,Mono,0.28396598994731903,24
A0A0M6WH75,glutamine,Tri,0.3046371340751648,21
A0A0M6WH75,glyglycine,Di,0.06544975377619267,75
A0A0M6WH75,glyglycine,Mono,0.12361812591552734,70
A0A0M6WH75,glyglycine,Tri,0.07746186852455139,73
A0A0M6WH75,histidine,Di,0.30132918059825897,22
A0A0M6WH75,histidine,Mono,0.32339001446962357,15
A0A0M6WH75,histidine,Tri,0.3422146141529083,8
A0A0M6WH75,lysine,Di,0.21055929362773895,46
A0A0M6WH75,lysine,Mono,0.1815042644739151,59
A0A0M6WH75,lysine,Tri,0.2185428887605667,43
A0A0M6WH75,methionine,Di,0.13127562403678894,69
A0A0M6WH75,methionine,Mono,0.15732396394014359,66
A0A0M6WH75,methionine,Tri,0.16347450017929077,64
A0A0M6WH75,ornithine,Di,0.20806614309549332,47
A0A0M6WH75,ornithine,Mono,0.1847170740365982,58
A0A0M6WH75,ornithine,Tri,0.2569781020283699,29
A0A0M6WH75,phenylalanine,Di,0.3576831519603729,6
A0A0M6WH75,phenylalanine,Mono,0.3348105326294899,9
A0A0M6WH75,phenylalanine,Tri,0.32519109547138214,14
A0A0M6WH75,proline,Di,0.23599440604448318,36
A0A0M6WH75,proline,Mono,0.32322387397289276,16
A0A0M6WH75,proline,Tri,0.2019718885421753,49
A0A0M6WH75,putrescine,Di,0.2367554008960724,35
A0A0M6WH75,putrescine,Mono,0.22274313867092133,40
A0A0M6WH75,putrescine,Tri,0.1994159072637558,51
A0A0M6WH75,serine,Di,0.34579895436763763,7
A0A0M6WH75,serine,Mono,0.3064235597848892,20
A0A0M6WH75,serine,Tri,0.3272445350885391,12
A0A0M6WH75,serotonin,Di,0.2515248879790306,32
A0A0M6WH75,serotonin,Mono,0.21957877278327942,42
A0A0M6WH75,serotonin,Tri,0.28154146671295166,25
A0A0M6WH75,threonine,Di,0.4107942134141922,1
A0A0M6WH75,threonine,Mono,0.36116547882556915,3
A0A0M6WH75,threonine,Tri,0.3586786389350891,5
A0A0M6WH75,tryptamine,Di,0.2351715937256813,37
A0A0M6WH75,tryptamine,Mono,0.18758560717105865,55
A0A0M6WH75,tryptamine,Tri,0.22798864543437958,38
A0A0M6WH75,tyramine,Di,0.2547461837530136,30
A0A0M6WH75,tyramine,Mono,0.24282701313495636,33
A0A0M6WH75,tyramine,Tri,0.25393782556056976,31
A0A0M6WMX1,"2,3_diaminopropionic acid",Di,0.34267787635326385,10
A0A0M6WMX1,"2,3_diaminopropionic acid",Mono,0.2621576637029648,31
A0A0M6WMX1,"2,3_diaminopropionic acid",Tri,0.3399067521095276,11
A0A0M6WMX1,2_aminophenol,Di,0.3572385162115097,5
A0A0M6WMX1,2_aminophenol,Mono,0.2817959636449814,28
A0A0M6WMX1,2_aminophenol,Tri,0.3029722422361374,22
A0A0M6WMX1,3_methoxytyramine,Di,0.10466044768691063,72
A0A0M6WMX1,3_methoxytyramine,Mono,0.11779675632715225,71
A0A0M6WMX1,3_methoxytyramine,Tri,0.07832261361181736,75
A0A0M6WMX1,alanine,Di,0.14727269113063812,69
A0A0M6WMX1,alanine,Mono,0.21073991060256958,48
A0A0M6WMX1,alanine,Tri,0.17399336397647858,64
A0A0M6WMX1,arginine,Di,0.17916952073574066,63
A0A0M6WMX1,arginine,Mono,0.21037669479846954,49
A0A0M6WMX1,arginine,Tri,0.21025854349136353,50
A0A0M6WMX1,asparagine,Di,0.2911989092826843,24
A0A0M6WMX1,asparagine,Mono,0.2849927246570587,26
A0A0M6WMX1,asparagine,Tri,0.2901744991540909,25
A0A0M6WMX1,cadaverine,Di,0.20782949030399323,53
A0A0M6WMX1,cadaverine,Mono,0.1920430064201355,60
A0A0M6WMX1,cadaverine,Tri,0.20792961865663528,52
A0A0M6WMX1,citrulline,Di,0.3123020529747009,18
A0A0M6WMX1,citrulline,Mono,0.3331478089094162,14
A0A0M6WMX1,citrulline,Tri,0.3095102459192276,19
A0A0M6WMX1,cystine,Di,0.14987805485725403,68
A0A0M6WMX1,cystine,Mono,0.22734425961971283,44
A0A0M6WMX1,cystine,Tri,0.18608403950929642,61
A0A0M6WMX1,dopamine,Di,0.22981316596269608,42
A0A0M6WMX1,dopamine,Mono,0.24204622209072113,38
A0A0M6WMX1,dopamine,Tri,0.2314908802509308,41
A0A0M6WMX1,gaba,Di,0.1850878894329071,62
A0A0M6WMX1,gaba,Mono,0.20199312269687653,58
A0A0M6WMX1,gaba,Tri,0.19599256664514542,59
A0A0M6WMX1,glutamine,Di,0.3637760877609253,4
A0A0M6WMX1,glutamine,Mono,0.29306940734386444,23
A0A0M6WMX1,glutamine,Tri,0.3086840361356735,20
A0A0M6WMX1,glyglycine,Di,0.09482957050204277,73
A0A0M6WMX1,glyglycine,Mono,0.15525955706834793,67
A0A0M6WMX1,glyglycine,Tri,0.09208803251385689,74
A0A0M6WMX1,histidine,Di,0.30853480100631714,21
A0A0M6WMX1,histidine,Mono,0.3311735987663269,15
A0A0M6WMX1,histidine,Tri,0.3432450443506241,9
A0A0M6WMX1,lysine,Di,0.22368848323822021,45
A0A0M6WMX1,lysine,Mono,0.20694462209939957,54
A0A0M6WMX1,lysine,Tri,0.22149227559566498,46
A0A0M6WMX1,methionine,Di,0.13145698606967926,70
A0A0M6WMX1,methionine,Mono,0.17014362663030624,65
A0A0M6WMX1,methionine,Tri,0.16283953934907913,66
A0A0M6WMX1,ornithine,Di,0.21082120388746262,47
A0A0M6WMX1,ornithine,Mono,0.20211562514305115,57
A0A0M6WMX1,ornithine,Tri,0.24960364401340485,34
A0A0M6WMX1,phenylalanine,Di,0.36987508833408356,2
A0A0M6WMX1,phenylalanine,Mono,0.34724630415439606,7
A0A0M6WMX1,phenylalanine,Tri,0.3335870951414108,13
A0A0M6WMX1,proline,Di,0.2343938797712326,40
A0A0M6WMX1,proline,Mono,0.3356165438890457,12
A0A0M6WMX1,proline,Tri,0.20375599712133408,55
A0A0M6WMX1,putrescine,Di,0.24597596377134323,35
A0A0M6WMX1,putrescine,Mono,0.24490877985954285,36
A0A0M6WMX1,putrescine,Tri,0.20333682000637054,56
A0A0M6WMX1,serine,Di,0.34446200728416443,8
A0A0M6WMX1,serine,Mono,0.3126619905233383,17
A0A0M6WMX1,serine,Tri,0.3268299698829651,16
A0A0M6WMX1,serotonin,Di,0.26236800849437714,30
A0A0M6WMX1,serotonin,Mono,0.2369839996099472,39
A0A0M6WMX1,serotonin,Tri,0.28370630741119385,27
A0A0M6WMX1,threonine,Di,0.39933285117149353,1
A0A0M6WMX1,threonine,Mono,0.36805321276187897,3
A0A0M6WMX1,threonine,Tri,0.35034245252609253,6
A0A0M6WMX1,tryptamine,Di,0.2434038743376732,37
A0A0M6WMX1,tryptamine,Mono,0.20973248779773712,51
A0A0M6WMX1,tryptamine,Tri,0.22947905957698822,43
A0A0M6WMX1,tyramine,Di,0.26430945098400116,29
A0A0M6WMX1,tyramine,Mono,0.2613545060157776,32
A0A0M6WMX1,tyramine,Tri,0.25481005012989044,33
A0A0M6WSM3,"2,3_diaminopropionic acid",Di,0.3493393063545227,9
A0A0M6WSM3,"2,3_diaminopropionic acid",Mono,0.27582091093063354,30
A0A0M6WSM3,"2,3_diaminopropionic acid",Tri,0.3395296037197113,12
A0A0M6WSM3,2_aminophenol,Di,0.373965248465538,3
A0A0M6WSM3,2_aminophenol,Mono,0.29460518062114716,24
A0A0M6WSM3,2_aminophenol,Tri,0.3154156804084778,19
A0A0M6WSM3,3_methoxytyramine,Di,0.12225017696619034,72
A0A0M6WSM3,3_methoxytyramine,Mono,0.14107885211706161,70
A0A0M6WSM3,3_methoxytyramine,Tri,0.09782866016030312,75
A0A0M6WSM3,alanine,Di,0.1591421365737915,69
A0A0M6WSM3,alanine,Mono,0.2156636267900467,52
A0A0M6WSM3,alanine,Tri,0.17174642533063889,65
A0A0M6WSM3,arginine,Di,0.18687517940998077,63
A0A0M6WSM3,arginine,Mono,0.22022578492760658,48
A0A0M6WSM3,arginine,Tri,0.2169962227344513,51
A0A0M6WSM3,asparagine,Di,0.29598262906074524,23
A0A0M6WSM3,asparagine,Mono,0.2869320288300514,27
A0A0M6WSM3,asparagine,Tri,0.2840152084827423,28
A0A0M6WSM3,cadaverine,Di,0.2179483324289322,49
A0A0M6WSM3,cadaverine,Mono,0.20393643528223038,59
A0A0M6WSM3,cadaverine,Tri,0.212101548910141,55
A0A0M6WSM3,citrulline,Di,0.3268466293811798,17
A0A0M6WSM3,citrulline,Mono,0.3418373018503189,11
A0A0M6WSM3,citrulline,Tri,0.31422755122184753,20
A0A0M6WSM3,cystine,Di,0.17006631940603256,66
A0A0M6WSM3,cystine,Mono,0.2412835657596588,42
A0A0M6WSM3,cystine,Tri,0.20312152057886124,60
A0A0M6WSM3,dopamine,Di,0.23704440891742706,44
A0A0M6WSM3,dopamine,Mono,0.25428377091884613,36
A0A0M6WSM3,dopamine,Tri,0.24324438720941544,41
A0A0M6WSM3,gaba,Di,0.19638218730688095,62
A0A0M6WSM3,gaba,Mono,0.2081182524561882,57
A0A0M6WSM3,gaba,Tri,0.2044760286808014,58
A0A0M6WSM3,glutamine,Di,0.36320652067661285,6
A0A0M6WSM3,glutamine,Mono,0.3004592955112457,22
A0A0M6WSM3,glutamine,Tri,0.2927788943052292,25
A0A0M6WSM3,glyglycine,Di,0.10127728059887886,74
A0A0M6WSM3,glyglycine,Mono,0.16103196144104004,68
A0A0M6WSM3,glyglycine,Tri,0.10343214869499207,73
A0A0M6WSM3,histidine,Di,0.30370834469795227,21
A0A0M6WSM3,histidine,Mono,0.33394840359687805,14
A0A0M6WSM3,histidine,Tri,0.33538882434368134,13
A0A0M6WSM3,lysine,Di,0.22722845524549484,46
A0A0M6WSM3,lysine,Mono,0.21752195060253143,50
A0A0M6WSM3,lysine,Tri,0.23007215559482574,45
A0A0M6WSM3,methionine,Di,0.13885018229484558,71
A0A0M6WSM3,methionine,Mono,0.17566517740488052,64
A0A0M6WSM3,methionine,Tri,0.16161102801561356,67
A0A0M6WSM3,ornithine,Di,0.2214754819869995,47
A0A0M6WSM3,ornithine,Mono,0.2142997831106186,54
A0A0M6WSM3,ornithine,Tri,0.2641858160495758,34
A0A0M6WSM3,phenylalanine,Di,0.36721938848495483,4
A0A0M6WSM3,phenylalanine,Mono,0.35032081604003906,8
A0A0M6WSM3,phenylalanine,Tri,0.3283142000436783,16
A0A0M6WSM3,proline,Di,0.24637480825185776,39
A0A0M6WSM3,proline,Mono,0.34189900755882263,10
A0A0M6WSM3,proline,Tri,0.19675899296998978,61
A0A0M6WSM3,putrescine,Di,0.25454068183898926,35
A0A0M6WSM3,putrescine,Mono,0.25296173244714737,37
A0A0M6WSM3,putrescine,Tri,0.20877166092395782,56
A0A0M6WSM3,serine,Di,0.35538850724697113,7
A0A0M6WSM3,serine,Mono,0.3233556002378464,18
A0A0M6WSM3,serine,Tri,0.33305057883262634,15
A0A0M6WSM3,serotonin,Di,0.27027468383312225,32
A0A0M6WSM3,serotonin,Mono,0.24663425236940384,38
A0A0M6WSM3,serotonin,Tri,0.28938861191272736,26
A0A0M6WSM3,threonine,Di,0.41938434541225433,1
A0A0M6WSM3,threonine,Mono,0.3862322121858597,2
A0A0M6WSM3,threonine,Tri,0.36354726552963257,5
A0A0M6WSM3,tryptamine,Di,0.24547970294952393,40
A0A0M6WSM3,tryptamine,Mono,0.21463020890951157,53
A0A0M6WSM3,tryptamine,Tri,0.23851321637630463,43
A0A0M6WSM3,tyramine,Di,0.2755359783768654,31
A0A0M6WSM3,tyramine,Mono,0.2768961787223816,29
A0A0M6WSM3,tyramine,Tri,0.2677541673183441,33
A0A0P0FKS2,"2,3_diaminopropionic acid",Di,0.3232431560754776,28
A0A0P0FKS2,"2,3_diaminopropionic acid",Mono,0.36715686321258545,16
A0A0P0FKS2,"2,3_diaminopropionic acid",Tri,0.3087308704853058,30
A0A0P0FKS2,2_aminophenol,Di,0.3643440008163452,18
A0A0P0FKS2,2_aminophenol,Mono,0.3886425793170929,12
A0A0P0FKS2,2_aminophenol,Tri,0.3259459286928177,26
A0A0P0FKS2,3_methoxytyramine,Di,0.030641619116067886,74
A0A0P0FKS2,3_methoxytyramine,Mono,0.09092589095234871,72
A0A0P0FKS2,3_methoxytyramine,Tri,0.01558113843202591,75
A0A0P0FKS2,alanine,Di,0.22265507280826569,51
A0A0P0FKS2,alanine,Mono,0.3591545820236206,19
A0A0P0FKS2,alanine,Tri,0.2198142483830452,52
A0A0P0FKS2,arginine,Di,0.24128055572509766,48
A0A0P0FKS2,arginine,Mono,0.30882909893989563,29
A0A0P0FKS2,arginine,Tri,0.2853059321641922,37
A0A0P0FKS2,asparagine,Di,0.35029377043247223,20
A0A0P0FKS2,asparagine,Mono,0.44095876812934875,5
A0A0P0FKS2,asparagine,Tri,0.34955188632011414,21
A0A0P0FKS2,cadaverine,Di,0.26100392639636993,42
A0A0P0FKS2,cadaverine,Mono,0.32494252920150757,27
A0A0P0FKS2,cadaverine,Tri,0.25932343304157257,43
A0A0P0FKS2,citrulline,Di,0.28706642985343933,35
A0A0P0FKS2,citrulline,Mono,0.42624610662460327,6
A0A0P0FKS2,citrulline,Tri,0.2913907319307327,34
A0A0P0FKS2,cystine,Di,0.17040376737713814,63
A0A0P0FKS2,cystine,Mono,0.3002919405698776,31
A0A0P0FKS2,cystine,Tri,0.18813414871692657,59
A0A0P0FKS2,dopamine,Di,0.1225963868200779,69
A0A0P0FKS2,dopamine,Mono,0.17873021960258484,62
A0A0P0FKS2,dopamine,Tri,0.0923115611076355,71
A0A0P0FKS2,gaba,Di,0.2069372609257698,55
A0A0P0FKS2,gaba,Mono,0.29872117936611176,32
A0A0P0FKS2,gaba,Tri,0.2119508683681488,53
A0A0P0FKS2,glutamine,Di,0.4023178666830063,11
A0A0P0FKS2,glutamine,Mono,0.4600074142217636,4
A0A0P0FKS2,glutamine,Tri,0.3660319596529007,17
A0A0P0FKS2,glyglycine,Di,0.15875398367643356,64
A0A0P0FKS2,glyglycine,Mono,0.24762089550495148,46
A0A0P0FKS2,glyglycine,Tri,0.059865498915314674,73
A0A0P0FKS2,histidine,Di,0.40813933312892914,9
A0A0P0FKS2,histidine,Mono,0.47912728786468506,2
A0A0P0FKS2,histidine,Tri,0.38493712246418,13
A0A0P0FKS2,lysine,Di,0.27142052352428436,39
A0A0P0FKS2,lysine,Mono,0.2855225056409836,36
A0A0P0FKS2,lysine,Tri,0.2704165279865265,41
A0A0P0FKS2,methionine,Di,0.19348029792308807,58
A0A0P0FKS2,methionine,Mono,0.340909019112587,24
A0A0P0FKS2,methionine,Tri,0.2246389016509056,49
A0A0P0FKS2,ornithine,Di,0.24259087443351746,47
A0A0P0FKS2,ornithine,Mono,0.29227517545223236,33
A0A0P0FKS2,ornithine,Tri,0.2709479480981827,40
A0A0P0FKS2,phenylalanine,Di,0.4204108566045761,8
A0A0P0FKS2,phenylalanine,Mono,0.4818042814731598,1
A0A0P0FKS2,phenylalanine,Tri,0.37089958786964417,15
A0A0P0FKS2,proline,Di,0.21128320693969727,54
A0A0P0FKS2,proline,Mono,0.42441996932029724,7
A0A0P0FKS2,proline,Tri,0.2545176297426224,44
A0A0P0FKS2,putrescine,Di,0.2522024065256119,45
A0A0P0FKS2,putrescine,Mono,0.3464251309633255,22
A0A0P0FKS2,putrescine,Tri,0.2233062982559204,50
A0A0P0FKS2,serine,Di,0.38000747561454773,14
A0A0P0FKS2,serine,Mono,0.4720775783061981,3
A0A0P0FKS2,serine,Tri,0.3438278138637543,23
A0A0P0FKS2,serotonin,Di,0.18639729171991348,60
A0A0P0FKS2,serotonin,Mono,0.1795377880334854,61
A0A0P0FKS2,serotonin,Tri,0.20355646312236786,56
A0A0P0FKS2,threonine,Di,0.3377816528081894,25
A0A0P0FKS2,threonine,Mono,0.40656349062919617,10
A0A0P0FKS2,threonine,Tri,0.2790113687515259,38
A0A0P0FKS2,tryptamine,Di,0.12654288858175278,68
A0A0P0FKS2,tryptamine,Mono,0.1269550397992134,67
A0A0P0FKS2,tryptamine,Tri,0.11385052651166916,70
A0A0P0FKS2,tyramine,Di,0.15000448748469353,65
A0A0P0FKS2,tyramine,Mono,0.19356979429721832,57
A0A0P0FKS2,tyramine,Tri,0.13148795813322067,66
A0A0P0LK75,"2,3_diaminopropionic acid",Di,0.3046160042285919,27
A0A0P0LK75,"2,3_diaminopropionic acid",Mono,0.2914045825600624,31
A0A0P0LK75,"2,3_diaminopropionic acid",Tri,0.32748889923095703,24
A0A0P0LK75,2_aminophenol,Di,0.35742121934890747,18
A0A0P0LK75,2_aminophenol,Mono,0.3490245193243027,19
A0A0P0LK75,2_aminophenol,Tri,0.3321790546178818,23
A0A0P0LK75,3_methoxytyramine,Di,-0.026343967765569687,75
A0A0P0LK75,3_methoxytyramine,Mono,0.034505187533795834,73
A0A0P0LK75,3_methoxytyramine,Tri,-0.004343785345554352,74
A0A0P0LK75,alanine,Di,0.18528637290000916,56
A0A0P0LK75,alanine,Mono,0.29565367102622986,29
A0A0P0LK75,alanine,Tri,0.2218126654624939,46
A0A0P0LK75,arginine,Di,0.23490114510059357,42
A0A0P0LK75,arginine,Mono,0.23630504310131073,41
A0A0P0LK75,arginine,Tri,0.2960326373577118,28
A0A0P0LK75,asparagine,Di,0.3429383784532547,21
A0A0P0LK75,asparagine,Mono,0.41448913514614105,5
A0A0P0LK75,asparagine,Tri,0.3477381020784378,20
A0A0P0LK75,cadaverine,Di,0.21939650177955627,49
A0A0P0LK75,cadaverine,Mono,0.23399390280246735,44
A0A0P0LK75,cadaverine,Tri,0.2738683968782425,33
A0A0P0LK75,citrulline,Di,0.31010906398296356,26
A0A0P0LK75,citrulline,Mono,0.3835413455963135,11
A0A0P0LK75,citrulline,Tri,0.33794352412223816,22
A0A0P0LK75,cystine,Di,0.15212246030569077,63
A0A0P0LK75,cystine,Mono,0.247966468334198,38
A0A0P0LK75,cystine,Tri,0.20164358615875244,53
A0A0P0LK75,dopamine,Di,0.11445218324661255,68
A0A0P0LK75,dopamine,Mono,0.1352401301264763,66
A0A0P0LK75,dopamine,Tri,0.11233494058251381,69
A0A0P0LK75,gaba,Di,0.17608508467674255,57
A0A0P0LK75,gaba,Mono,0.21014858037233353,52
A0A0P0LK75,gaba,Tri,0.24246400594711304,40
A0A0P0LK75,glutamine,Di,0.4124428629875183,6
A0A0P0LK75,glutamine,Mono,0.4243033677339554,4
A0A0P0LK75,glutamine,Tri,0.3830433785915375,12
A0A0P0LK75,glyglycine,Di,0.08906804583966732,71
A0A0P0LK75,glyglycine,Mono,0.1566651090979576,62
A0A0P0LK75,glyglycine,Tri,0.05321124009788036,72
A0A0P0LK75,histidine,Di,0.4014282524585724,8
A0A0P0LK75,histidine,Mono,0.45450714230537415,1
A0A0P0LK75,histidine,Tri,0.4012643098831177,9
A0A0P0LK75,lysine,Di,0.21460842341184616,50
A0A0P0LK75,lysine,Mono,0.19371573626995087,54
A0A0P0LK75,lysine,Tri,0.2610679268836975,36
A0A0P0LK75,methionine,Di,0.19296622276306152,55
A0A0P0LK75,methionine,Mono,0.2919144183397293,30
A0A0P0LK75,methionine,Tri,0.2563912868499756,37
A0A0P0LK75,ornithine,Di,0.21289805322885513,51
A0A0P0LK75,ornithine,Mono,0.22128374129533768,47
A0A0P0LK75,ornithine,Tri,0.2890578657388687,32
A0A0P0LK75,phenylalanine,Di,0.40426215529441833,7
A0A0P0LK75,phenylalanine,Mono,0.44810207188129425,2
A0A0P0LK75,phenylalanine,Tri,0.37157925963401794,16
A0A0P0LK75,proline,Di,0.22025041282176971,48
A0A0P0LK75,proline,Mono,0.38144591450691223,13
A0A0P0LK75,proline,Tri,0.2698563188314438,35
A0A0P0LK75,putrescine,Di,0.22946876287460327,45
A0A0P0LK75,putrescine,Mono,0.27042625844478607,34
A0A0P0LK75,putrescine,Tri,0.24665457010269165,39
A0A0P0LK75,serine,Di,0.3956223726272583,10
A0A0P0LK75,serine,Mono,0.4309474378824234,3
A0A0P0LK75,serine,Tri,0.3626193106174469,17
A0A0P0LK75,serotonin,Di,0.17430230975151062,58
A0A0P0LK75,serotonin,Mono,0.14378122240304947,64
A0A0P0LK75,serotonin,Tri,0.23410344123840332,43
A0A0P0LK75,threonine,Di,0.3733129948377609,15
A0A0P0LK75,threonine,Mono,0.38023921847343445,14
A0A0P0LK75,threonine,Tri,0.318782776594162,25
A0A0P0LK75,tryptamine,Di,0.1282212920486927,67
A0A0P0LK75,tryptamine,Mono,0.09570802003145218,70
A0A0P0LK75,tryptamine,Tri,0.14084573835134506,65
A0A0P0LK75,tyramine,Di,0.1571332961320877,60
A0A0P0LK75,tyramine,Mono,0.1567593738436699,61
A0A0P0LK75,tyramine,Tri,0.15971024334430695,59
A0A0S2W269,"2,3_diaminopropionic acid",Di,0.24202068150043488,22
A0A0S2W269,"2,3_diaminopropionic acid",Mono,0.2826538011431694,9
A0A0S2W269,"2,3_diaminopropionic acid",Tri,0.2142624631524086,32
A0A0S2W269,2_aminophenol,Di,0.22466406226158142,28
A0A0S2W269,2_aminophenol,Mono,0.2743811458349228,10
A0A0S2W269,2_aminophenol,Tri,0.22154169529676437,29
A0A0S2W269,3_methoxytyramine,Di,0.12380673736333847,67
A0A0S2W269,3_methoxytyramine,Mono,0.07372628524899483,75
A0A0S2W269,3_methoxytyramine,Tri,0.07481969892978668,74
A0A0S2W269,alanine,Di,0.1901233121752739,39
A0A0S2W269,alanine,Mono,0.2598330080509186,13
A0A0S2W269,alanine,Tri,0.18044574558734894,46
A0A0S2W269,arginine,Di,0.24465546011924744,19
A0A0S2W269,arginine,Mono,0.2652551680803299,12
A0A0S2W269,arginine,Tri,0.24265752732753754,21
A0A0S2W269,asparagine,Di,0.18543964624404907,41
A0A0S2W269,asparagine,Mono,0.2874367833137512,8
A0A0S2W269,asparagine,Tri,0.21910719573497772,30
A0A0S2W269,cadaverine,Di,0.17186234891414642,53
A0A0S2W269,cadaverine,Mono,0.24799445271492004,18
A0A0S2W269,cadaverine,Tri,0.17488496005535126,49
A0A0S2W269,citrulline,Di,0.17189274728298187,52
A0A0S2W269,citrulline,Mono,0.2942569702863693,7
A0A0S2W269,citrulline,Tri,0.18013396114110947,47
A0A0S2W269,cystine,Di,0.0994669571518898,71
A0A0S2W269,cystine,Mono,0.21003653854131699,34
A0A0S2W269,cystine,Tri,0.1254579797387123,66
A0A0S2W269,dopamine,Di,0.14671534299850464,60
A0A0S2W269,dopamine,Mono,0.1453600749373436,63
A0A0S2W269,dopamine,Tri,0.09154976159334183,72
A0A0S2W269,gaba,Di,0.10877286642789841,70
A0A0S2W269,gaba,Mono,0.2069901078939438,35
A0A0S2W269,gaba,Tri,0.12261512130498886,68
A0A0S2W269,glutamine,Di,0.23533037304878235,24
A0A0S2W269,glutamine,Mono,0.3064100295305252,6
A0A0S2W269,glutamine,Tri,0.2255980148911476,27
A0A0S2W269,glyglycine,Di,0.21086038649082184,33
A0A0S2W269,glyglycine,Mono,0.20354529470205307,36
A0A0S2W269,glyglycine,Tri,0.07782736420631409,73
A0A0S2W269,histidine,Di,0.2582215517759323,14
A0A0S2W269,histidine,Mono,0.31935206055641174,4
A0A0S2W269,histidine,Tri,0.22576545178890228,26
A0A0S2W269,lysine,Di,0.19170533120632172,37
A0A0S2W269,lysine,Mono,0.2154914140701294,31
A0A0S2W269,lysine,Tri,0.1865355670452118,40
A0A0S2W269,methionine,Di,0.1697763204574585,54
A0A0S2W269,methionine,Mono,0.24909769743680954,16
A0A0S2W269,methionine,Tri,0.1649080365896225,57
A0A0S2W269,ornithine,Di,0.16651751101016998,55
A0A0S2W269,ornithine,Mono,0.19129937887191772,38
A0A0S2W269,ornithine,Tri,0.1742129549384117,50
A0A0S2W269,phenylalanine,Di,0.30776265263557434,5
A0A0S2W269,phenylalanine,Mono,0.33517495542764664,2
A0A0S2W269,phenylalanine,Tri,0.26987743377685547,11
A0A0S2W269,proline,Di,0.11895750090479851,69
A0A0S2W269,proline,Mono,0.32389920949935913,3
A0A0S2W269,proline,Tri,0.1845221370458603,43
A0A0S2W269,putrescine,Di,0.13847363740205765,64
A0A0S2W269,putrescine,Mono,0.24867552518844604,17
A0A0S2W269,putrescine,Tri,0.14657366275787354,61
A0A0S2W269,serine,Di,0.2446267157793045,20
A0A0S2W269,serine,Mono,0.3361531049013138,1
A0A0S2W269,serine,Tri,0.23806944489479065,23
A0A0S2W269,serotonin,Di,0.18414407968521118,44
A0A0S2W269,serotonin,Mono,0.18201079964637756,45
A0A0S2W269,serotonin,Tri,0.1771998032927513,48
A0A0S2W269,threonine,Di,0.23146431893110275,25
A0A0S2W269,threonine,Mono,0.25351332873106003,15
A0A0S2W269,threonine,Tri,0.1848353073000908,42
A0A0S2W269,tryptamine,Di,0.16551414132118225,56
A0A0S2W269,tryptamine,Mono,0.15049851685762405,58
A0A0S2W269,tryptamine,Tri,0.1458687074482441,62
A0A0S2W269,tyramine,Di,0.1738675907254219,51
A0A0S2W269,tyramine,Mono,0.1481587514281273,59
A0A0S2W269,tyramine,Tri,0.1314675658941269,65
A0A173ZD58,"2,3_diaminopropionic acid",Di,0.32609257102012634,24
A0A173ZD58,"2,3_diaminopropionic acid",Mono,0.31185728311538696,26
A0A173ZD58,"2,3_diaminopropionic acid",Tri,0.34098875522613525,20
A0A173ZD58,2_aminophenol,Di,0.3561799079179764,16
A0A173ZD58,2_aminophenol,Mono,0.33904503285884857,21
A0A173ZD58,2_aminophenol,Tri,0.3287131190299988,23
A0A173ZD58,3_methoxytyramine,Di,0.08443447109311819,74
A0A173ZD58,3_methoxytyramine,Mono,0.12108378112316132,71
A0A173ZD58,3_methoxytyramine,Tri,0.06602262705564499,75
A0A173ZD58,alanine,Di,0.17006222903728485,68
A0A173ZD58,alanine,Mono,0.28856223821640015,30
A0A173ZD58,alanine,Tri,0.22041119635105133,56
A0A173ZD58,arginine,Di,0.2069244384765625,58
A0A173ZD58,arginine,Mono,0.2736035883426666,33
A0A173ZD58,arginine,Tri,0.2633862569928169,35
A0A173ZD58,asparagine,Di,0.3249707520008087,25
A0A173ZD58,asparagine,Mono,0.3742956221103668,13
A0A173ZD58,asparagine,Tri,0.3361590653657913,22
A0A173ZD58,cadaverine,Di,0.22532109916210175,52
A0A173ZD58,cadaverine,Mono,0.2510589510202408,41
A0A173ZD58,cadaverine,Tri,0.24631061404943466,44
A0A173ZD58,citrulline,Di,0.3040856420993805,28
A0A173ZD58,citrulline,Mono,0.3819582909345627,10
A0A173ZD58,citrulline,Tri,0.30735552310943604,27
A0A173ZD58,cystine,Di,0.151030533015728,70
A0A173ZD58,cystine,Mono,0.27518829703330994,32
A0A173ZD58,cystine,Tri,0.20104096829891205,60
A0A173ZD58,dopamine,Di,0.19637612253427505,64
A0A173ZD58,dopamine,Mono,0.24069280922412872,46
A0A173ZD58,dopamine,Tri,0.19734545052051544,63
A0A173ZD58,gaba,Di,0.19194331020116806,67
A0A173ZD58,gaba,Mono,0.2519166022539139,39
A0A173ZD58,gaba,Tri,0.21930474042892456,57
A0A173ZD58,glutamine,Di,0.3885538578033447,6
A0A173ZD58,glutamine,Mono,0.3853890895843506,9
A0A173ZD58,glutamine,Tri,0.3491336852312088,19
A0A173ZD58,glyglycine,Di,0.11444101110100746,72
A0A173ZD58,glyglycine,Mono,0.19534273445606232,65
A0A173ZD58,glyglycine,Tri,0.09950299933552742,73
A0A173ZD58,histidine,Di,0.35420575737953186,17
A0A173ZD58,histidine,Mono,0.42143648862838745,2
A0A173ZD58,histidine,Tri,0.37801212072372437,11
A0A173ZD58,lysine,Di,0.2460494190454483,45
A0A173ZD58,lysine,Mono,0.24966007471084595,42
A0A173ZD58,lysine,Tri,0.2586766630411148,37
A0A173ZD58,methionine,Di,0.15974652767181396,69
A0A173ZD58,methionine,Mono,0.2548368498682976,38
A0A173ZD58,methionine,Tri,0.2007722482085228,61
A0A173ZD58,ornithine,Di,0.2241525575518608,54
A0A173ZD58,ornithine,Mono,0.2516612410545349,40
A0A173ZD58,ornithine,Tri,0.2791445776820183,31
A0A173ZD58,phenylalanine,Di,0.4069272130727768,4
A0A173ZD58,phenylalanine,Mono,0.4371638596057892,1
A0A173ZD58,phenylalanine,Tri,0.37573765218257904,12
A0A173ZD58,proline,Di,0.22445909678936005,53
A0A173ZD58,proline,Mono,0.388510525226593,7
A0A173ZD58,proline,Tri,0.2241002768278122,55
A0A173ZD58,putrescine,Di,0.24706043303012848,43
A0A173ZD58,putrescine,Mono,0.29348380863666534,29
A0A173ZD58,putrescine,Tri,0.23300709575414658,49
A0A173ZD58,serine,Di,0.37239818274974823,14
A0A173ZD58,serine,Mono,0.4143074303865433,3
A0A173ZD58,serine,Tri,0.367360457777977,15
A0A173ZD58,serotonin,Di,0.23483817279338837,47
A0A173ZD58,serotonin,Mono,0.22687678784132004,51
A0A173ZD58,serotonin,Tri,0.2638248801231384,34
A0A173ZD58,threonine,Di,0.38601233065128326,8
A0A173ZD58,threonine,Mono,0.4049249738454819,5
A0A173ZD58,threonine,Tri,0.353262796998024,18
A0A173ZD58,tryptamine,Di,0.20039789378643036,62
A0A173ZD58,tryptamine,Mono,0.19238640367984772,66
A0A173ZD58,tryptamine,Tri,0.2021692767739296,59
A0A173ZD58,tyramine,Di,0.22895127534866333,50
A0A173ZD58,tyramine,Mono,0.2616386041045189,36
A0A173ZD58,tyramine,Tri,0.2343129962682724,48
A0A174CW35,"2,3_diaminopropionic acid",Di,0.3896665573120117,18
A0A174CW35,"2,3_diaminopropionic acid",Mono,0.40690140426158905,15
A0A174CW35,"2,3_diaminopropionic acid",Tri,0.34300996363162994,30
A0A174CW35,2_aminophenol,Di,0.42270009219646454,13
A0A174CW35,2_aminophenol,Mono,0.4285069704055786,11
A0A174CW35,2_aminophenol,Tri,0.36331596970558167,26
A0A174CW35,3_methoxytyramine,Di,0.10015473887324333,74
A0A174CW35,3_methoxytyramine,Mono,0.15394917130470276,71
A0A174CW35,3_methoxytyramine,Tri,0.07880250550806522,75
A0A174CW35,alanine,Di,0.2883184552192688,45
A0A174CW35,alanine,Mono,0.37689028680324554,22
A0A174CW35,alanine,Tri,0.2505020499229431,53
A0A174CW35,arginine,Di,0.2655695900321007,49
A0A174CW35,arginine,Mono,0.32426001876592636,36
A0A174CW35,arginine,Tri,0.3006315529346466,43
A0A174CW35,asparagine,Di,0.37875625491142273,21
A0A174CW35,asparagine,Mono,0.44743891060352325,8
A0A174CW35,asparagine,Tri,0.36005282402038574,28
A0A174CW35,cadaverine,Di,0.3178534656763077,38
A0A174CW35,cadaverine,Mono,0.36918655037879944,24
A0A174CW35,cadaverine,Tri,0.2760014235973358,47
A0A174CW35,citrulline,Di,0.34543731808662415,29
A0A174CW35,citrulline,Mono,0.46973440051078796,5
A0A174CW35,citrulline,Tri,0.32474955916404724,35
A0A174CW35,cystine,Di,0.23071905970573425,61
A0A174CW35,cystine,Mono,0.33211593329906464,34
A0A174CW35,cystine,Tri,0.22535060346126556,63
A0A174CW35,dopamine,Di,0.19182376563549042,68
A0A174CW35,dopamine,Mono,0.23874200880527496,60
A0A174CW35,dopamine,Tri,0.14278754591941833,72
A0A174CW35,gaba,Di,0.2458638846874237,55
A0A174CW35,gaba,Mono,0.3323459029197693,33
A0A174CW35,gaba,Tri,0.2301468700170517,62
A0A174CW35,glutamine,Di,0.43106839060783386,10
A0A174CW35,glutamine,Mono,0.47724463045597076,4
A0A174CW35,glutamine,Tri,0.3681997209787369,25
A0A174CW35,glyglycine,Di,0.20331790298223495,66
A0A174CW35,glyglycine,Mono,0.280676931142807,46
A0A174CW35,glyglycine,Tri,0.1042833998799324,73
A0A174CW35,histidine,Di,0.42604203522205353,12
A0A174CW35,histidine,Mono,0.48403429985046387,3
A0A174CW35,histidine,Tri,0.39807265996932983,16
A0A174CW35,lysine,Di,0.3218635320663452,37
A0A174CW35,lysine,Mono,0.33734747767448425,32
A0A174CW35,lysine,Tri,0.3032308965921402,40
A0A174CW35,methionine,Di,0.2404436320066452,58
A0A174CW35,methionine,Mono,0.36177146434783936,27
A0A174CW35,methionine,Tri,0.2525351345539093,52
A0A174CW35,ornithine,Di,0.29819779098033905,44
A0A174CW35,ornithine,Mono,0.3393087089061737,31
A0A174CW35,ornithine,Tri,0.3011694550514221,42
A0A174CW35,phenylalanine,Di,0.44180622696876526,9
A0A174CW35,phenylalanine,Mono,0.49381065368652344,1
A0A174CW35,phenylalanine,Tri,0.3847477436065674,20
A0A174CW35,proline,Di,0.2409069761633873,57
A0A174CW35,proline,Mono,0.4535875618457794,6
A0A174CW35,proline,Tri,0.26881811022758484,48
A0A174CW35,putrescine,Di,0.3018760532140732,41
A0A174CW35,putrescine,Mono,0.38594479858875275,19
A0A174CW35,putrescine,Tri,0.2416013702750206,56
A0A174CW35,serine,Di,0.4187219589948654,14
A0A174CW35,serine,Mono,0.49350056052207947,2
A0A174CW35,serine,Tri,0.3712601512670517,23
A0A174CW35,serotonin,Di,0.25363875925540924,51
A0A174CW35,serotonin,Mono,0.2481001913547516,54
A0A174CW35,serotonin,Tri,0.24027527123689651,59
A0A174CW35,threonine,Di,0.3942902982234955,17
A0A174CW35,threonine,Mono,0.4532064348459244,7
A0A174CW35,threonine,Tri,0.30831244587898254,39
A0A174CW35,tryptamine,Di,0.2068861722946167,65
A0A174CW35,tryptamine,Mono,0.19428741931915283,67
A0A174CW35,tryptamine,Tri,0.16210730373859406,70
A0A174CW35,tyramine,Di,0.2107519656419754,64
A0A174CW35,tyramine,Mono,0.25592680275440216,50
A0A174CW35,tyramine,Tri,0.17428525537252426,69
A0A174DZA2,"2,3_diaminopropionic acid",Di,0.34205885231494904,10
A0A174DZA2,"2,3_diaminopropionic acid",Mono,0.25842153280973434,34
A0A174DZA2,"2,3_diaminopropionic acid",Tri,0.3385505676269531,11
A0A174DZA2,2_aminophenol,Di,0.3712750971317291,3
A0A174DZA2,2_aminophenol,Mono,0.2864977866411209,26
A0A174DZA2,2_aminophenol,Tri,0.311506986618042,20
A0A174DZA2,3_methoxytyramine,Di,0.10635360702872276,72
A0A174DZA2,3_methoxytyramine,Mono,0.1304318830370903,71
A0A174DZA2,3_methoxytyramine,Tri,0.08900706097483635,74
A0A174DZA2,alanine,Di,0.15122002735733986,68
A0A174DZA2,alanine,Mono,0.20812849700450897,54
A0A174DZA2,alanine,Tri,0.17713498324155807,63
A0A174DZA2,arginine,Di,0.17548273503780365,64
A0A174DZA2,arginine,Mono,0.20263952761888504,56
A0A174DZA2,arginine,Tri,0.21769379079341888,48
A0A174DZA2,asparagine,Di,0.29643093049526215,24
A0A174DZA2,asparagine,Mono,0.2805958539247513,30
A0A174DZA2,asparagine,Tri,0.284049391746521,27
A0A174DZA2,cadaverine,Di,0.2113504707813263,53
A0A174DZA2,cadaverine,Mono,0.188633494079113,62
A0A174DZA2,cadaverine,Tri,0.21589699387550354,50
A0A174DZA2,citrulline,Di,0.33395491540431976,14
A0A174DZA2,citrulline,Mono,0.33657293021678925,13
A0A174DZA2,citrulline,Tri,0.3314898759126663,16
A0A174DZA2,cystine,Di,0.16658110171556473,67
A0A174DZA2,cystine,Mono,0.23216567933559418,44
A0A174DZA2,cystine,Tri,0.20072444528341293,58
A0A174DZA2,dopamine,Di,0.23974084854125977,43
A0A174DZA2,dopamine,Mono,0.2506369352340698,39
A0A174DZA2,dopamine,Tri,0.2525097131729126,37
A0A174DZA2,gaba,Di,0.19536356627941132,61
A0A174DZA2,gaba,Mono,0.19778839498758316,60
A0A174DZA2,gaba,Tri,0.21563168615102768,51
A0A174DZA2,glutamine,Di,0.36898373067379,4
A0A174DZA2,glutamine,Mono,0.29033781588077545,25
A0A174DZA2,glutamine,Tri,0.3011160045862198,23
A0A174DZA2,glyglycine,Di,0.08575593493878841,75
A0A174DZA2,glyglycine,Mono,0.14768530428409576,69
A0A174DZA2,glyglycine,Tri,0.10509563237428665,73
A0A174DZA2,histidine,Di,0.30411937832832336,22
A0A174DZA2,histidine,Mono,0.32901469618082047,18
A0A174DZA2,histidine,Tri,0.34394460916519165,8
A0A174DZA2,lysine,Di,0.2184426560997963,47
A0A174DZA2,lysine,Mono,0.2034487947821617,55
A0A174DZA2,lysine,Tri,0.23145556449890137,45
A0A174DZA2,methionine,Di,0.13963104784488678,70
A0A174DZA2,methionine,Mono,0.16944871097803116,66
A0A174DZA2,methionine,Tri,0.17211346328258514,65
A0A174DZA2,ornithine,Di,0.21612853556871414,49
A0A174DZA2,ornithine,Mono,0.20208114385604858,57
A0A174DZA2,ornithine,Tri,0.2710716128349304,33
A0A174DZA2,phenylalanine,Di,0.36504611372947693,6
A0A174DZA2,phenylalanine,Mono,0.3428480476140976,9
A0A174DZA2,phenylalanine,Tri,0.3325005918741226,15
A0A174DZA2,proline,Di,0.24826382845640182,41
A0A174DZA2,proline,Mono,0.32954977452754974,17
A0A174DZA2,proline,Tri,0.19822460412979126,59
A0A174DZA2,putrescine,Di,0.25210805237293243,38
A0A174DZA2,putrescine,Mono,0.23997751623392105,42
A0A174DZA2,putrescine,Tri,0.2136710360646248,52
A0A174DZA2,serine,Di,0.3573990613222122,7
A0A174DZA2,serine,Mono,0.3119129091501236,19
A0A174DZA2,serine,Tri,0.3375399112701416,12
A0A174DZA2,serotonin,Di,0.28101612627506256,29
A0A174DZA2,serotonin,Mono,0.2497074082493782,40
A0A174DZA2,serotonin,Tri,0.30759844183921814,21
A0A174DZA2,threonine,Di,0.4247918576002121,1
A0A174DZA2,threonine,Mono,0.3797403872013092,2
A0A174DZA2,threonine,Tri,0.3681333661079407,5
A0A174DZA2,tryptamine,Di,0.2555687502026558,35
A0A174DZA2,tryptamine,Mono,0.21916847676038742,46
A0A174DZA2,tryptamine,Tri,0.25395816564559937,36
A0A174DZA2,tyramine,Di,0.2824423015117645,28
A0A174DZA2,tyramine,Mono,0.27535615861415863,32
A0A174DZA2,tyramine,Tri,0.27760810405015945,31
A0A174MBD8,"2,3_diaminopropionic acid",Di,0.22917434573173523,27
A0A174MBD8,"2,3_diaminopropionic acid",Mono,0.2642454728484154,17
A0A174MBD8,"2,3_diaminopropionic acid",Tri,0.2179710566997528,31
A0A174MBD8,2_aminophenol,Di,0.2547392249107361,20
A0A174MBD8,2_aminophenol,Mono,0.29686326533555984,11
A0A174MBD8,2_aminophenol,Tri,0.2410213053226471,25
A0A174MBD8,3_methoxytyramine,Di,0.0035987813025712967,73
A0A174MBD8,3_methoxytyramine,Mono,0.0007090810686349869,74
A0A174MBD8,3_methoxytyramine,Tri,-0.006100843660533428,75
A0A174MBD8,alanine,Di,0.14796075224876404,53
A0A174MBD8,alanine,Mono,0.25340694189071655,21
A0A174MBD8,alanine,Tri,0.15768121182918549,49
A0A174MBD8,arginine,Di,0.21688395738601685,33
A0A174MBD8,arginine,Mono,0.24618493020534515,23
A0A174MBD8,arginine,Tri,0.26444920897483826,16
A0A174MBD8,asparagine,Di,0.21181853115558624,37
A0A174MBD8,asparagine,Mono,0.3146742209792137,8
A0A174MBD8,asparagine,Tri,0.21831050515174866,30
A0A174MBD8,cadaverine,Di,0.1370467022061348,59
A0A174MBD8,cadaverine,Mono,0.21747026592493057,32
A0A174MBD8,cadaverine,Tri,0.18523886054754257,40
A0A174MBD8,citrulline,Di,0.23290031403303146,26
A0A174MBD8,citrulline,Mono,0.319472998380661,6
A0A174MBD8,citrulline,Tri,0.22453555464744568,29
A0A174MBD8,cystine,Di,0.07468647882342339,71
A0A174MBD8,cystine,Mono,0.1999836564064026,38
A0A174MBD8,cystine,Tri,0.12370152771472931,63
A0A174MBD8,dopamine,Di,0.11596125364303589,67
A0A174MBD8,dopamine,Mono,0.1163356639444828,66
A0A174MBD8,dopamine,Tri,0.10443977639079094,69
A0A174MBD8,gaba,Di,0.09219394624233246,70
A0A174MBD8,gaba,Mono,0.1735590472817421,43
A0A174MBD8,gaba,Tri,0.15485885739326477,50
A0A174MBD8,glutamine,Di,0.2848409488797188,12
A0A174MBD8,glutamine,Mono,0.34774088859558105,4
A0A174MBD8,glutamine,Tri,0.21609874069690704,34
A0A174MBD8,glyglycine,Di,0.1180846318602562,65
A0A174MBD8,glyglycine,Mono,0.1468486189842224,55
A0A174MBD8,glyglycine,Tri,0.040648460388183594,72
A0A174MBD8,histidine,Di,0.25511618703603745,19
A0A174MBD8,histidine,Mono,0.36826860904693604,2
A0A174MBD8,histidine,Tri,0.24883046001195908,22
A0A174MBD8,lysine,Di,0.14583748579025269,57
A0A174MBD8,lysine,Mono,0.18547439575195312,39
A0A174MBD8,lysine,Tri,0.21372175216674805,35
A0A174MBD8,methionine,Di,0.14540565758943558,58
A0A174MBD8,methionine,Mono,0.24535846710205078,24
A0A174MBD8,methionine,Tri,0.15142132341861725,51
A0A174MBD8,ornithine,Di,0.15051066875457764,52
A0A174MBD8,ornithine,Mono,0.1594676747918129,48
A0A174MBD8,ornithine,Tri,0.21262335777282715,36
A0A174MBD8,phenylalanine,Di,0.29878154397010803,10
A0A174MBD8,phenylalanine,Mono,0.36642271280288696,3
A0A174MBD8,phenylalanine,Tri,0.27560923993587494,13
A0A174MBD8,proline,Di,0.11058603227138519,68
A0A174MBD8,proline,Mono,0.31471913307905197,7
A0A174MBD8,proline,Tri,0.14638546109199524,56
A0A174MBD8,putrescine,Di,0.12324235588312149,64
A0A174MBD8,putrescine,Mono,0.22459132969379425,28
A0A174MBD8,putrescine,Tri,0.164601668715477,46
A0A174MBD8,serine,Di,0.26380906999111176,18
A0A174MBD8,serine,Mono,0.3755085617303848,1
A0A174MBD8,serine,Tri,0.2651159465312958,15
A0A174MBD8,serotonin,Di,0.17041578888893127,44
A0A174MBD8,serotonin,Mono,0.16469167917966843,45
A0A174MBD8,serotonin,Tri,0.18227194249629974,41
A0A174MBD8,threonine,Di,0.34739306569099426,5
A0A174MBD8,threonine,Mono,0.31298428773880005,9
A0A174MBD8,threonine,Tri,0.2689869701862335,14
A0A174MBD8,tryptamine,Di,0.1260467693209648,62
A0A174MBD8,tryptamine,Mono,0.12661763280630112,61
A0A174MBD8,tryptamine,Tri,0.14785395562648773,54
A0A174MBD8,tyramine,Di,0.17854680866003036,42
A0A174MBD8,tyramine,Mono,0.1294429823756218,60
A0A174MBD8,tyramine,Tri,0.15994653850793839,47
A0A174YG41,"2,3_diaminopropionic acid",Di,0.35450081527233124,9
A0A174YG41,"2,3_diaminopropionic acid",Mono,0.27077893912792206,34
A0A174YG41,"2,3_diaminopropionic acid",Tri,0.3476256728172302,11
A0A174YG41,2_aminophenol,Di,0.3835904896259308,3
A0A174YG41,2_aminophenol,Mono,0.3008008301258087,26
A0A174YG41,2_aminophenol,Tri,0.3254910856485367,19
A0A174YG41,3_methoxytyramine,Di,0.11709808185696602,72
A0A174YG41,3_methoxytyramine,Mono,0.14086972177028656,71
A0A174YG41,3_methoxytyramine,Tri,0.08875076100230217,75
A0A174YG41,alanine,Di,0.15993187576532364,68
A0A174YG41,alanine,Mono,0.2169368714094162,54
A0A174YG41,alanine,Tri,0.17510873824357986,67
A0A174YG41,arginine,Di,0.18603143841028214,63
A0A174YG41,arginine,Mono,0.21448449045419693,56
A0A174YG41,arginine,Tri,0.22208013385534286,52
A0A174YG41,asparagine,Di,0.30845311284065247,24
A0A174YG41,asparagine,Mono,0.29780347645282745,28
A0A174YG41,asparagine,Tri,0.29898281395435333,27
A0A174YG41,cadaverine,Di,0.2256316989660263,48
A0A174YG41,cadaverine,Mono,0.2021246999502182,62
A0A174YG41,cadaverine,Tri,0.2242652028799057,49
A0A174YG41,citrulline,Di,0.3324969559907913,17
A0A174YG41,citrulline,Mono,0.34148648381233215,16
A0A174YG41,citrulline,Tri,0.3248445391654968,20
A0A174YG41,cystine,Di,0.17553964257240295,66
A0A174YG41,cystine,Mono,0.24443045258522034,44
A0A174YG41,cystine,Tri,0.205061174929142,60
A0A174YG41,dopamine,Di,0.24597685039043427,42
A0A174YG41,dopamine,Mono,0.25900623202323914,37
A0A174YG41,dopamine,Tri,0.24866004288196564,40
A0A174YG41,gaba,Di,0.20884373784065247,59
A0A174YG41,gaba,Mono,0.2100384384393692,58
A0A174YG41,gaba,Tri,0.2200002521276474,53
A0A174YG41,glutamine,Di,0.37914180755615234,5
A0A174YG41,glutamine,Mono,0.3100130334496498,23
A0A174YG41,glutamine,Tri,0.31359580159187317,22
A0A174YG41,glyglycine,Di,0.09714972972869873,74
A0A174YG41,glyglycine,Mono,0.15730024874210358,69
A0A174YG41,glyglycine,Tri,0.1033664420247078,73
A0A174YG41,histidine,Di,0.31691382825374603,21
A0A174YG41,histidine,Mono,0.34437085688114166,13
A0A174YG41,histidine,Tri,0.3527667820453644,10
A0A174YG41,lysine,Di,0.23731986433267593,46
A0A174YG41,lysine,Mono,0.21444781124591827,57
A0A174YG41,lysine,Tri,0.24322742223739624,45
A0A174YG41,methionine,Di,0.14672216027975082,70
A0A174YG41,methionine,Mono,0.18311060965061188,64
A0A174YG41,methionine,Tri,0.17732469737529755,65
A0A174YG41,ornithine,Di,0.23066389560699463,47
A0A174YG41,ornithine,Mono,0.21570302546024323,55
A0A174YG41,ornithine,Tri,0.278133824467659,32
A0A174YG41,phenylalanine,Di,0.38119614124298096,4
A0A174YG41,phenylalanine,Mono,0.3586883246898651,8
A0A174YG41,phenylalanine,Tri,0.3426670730113983,15
A0A174YG41,proline,Di,0.248474583029747,41
A0A174YG41,proline,Mono,0.3439151793718338,14
A0A174YG41,proline,Tri,0.20349816232919693,61
A0A174YG41,putrescine,Di,0.26587672531604767,35
A0A174YG41,putrescine,Mono,0.2555539906024933,38
A0A174YG41,putrescine,Tri,0.22387883067131042,50
A0A174YG41,serine,Di,0.365771621465683,6
A0A174YG41,serine,Mono,0.3302140086889267,18
A0A174YG41,serine,Tri,0.34541504085063934,12
A0A174YG41,serotonin,Di,0.2833064943552017,29
A0A174YG41,serotonin,Mono,0.25299573689699173,39
A0A174YG41,serotonin,Tri,0.3021346181631088,25
A0A174YG41,threonine,Di,0.420600026845932,1
A0A174YG41,threonine,Mono,0.3877408057451248,2
A0A174YG41,threonine,Tri,0.36517465114593506,7
A0A174YG41,tryptamine,Di,0.2624114751815796,36
A0A174YG41,tryptamine,Mono,0.22288444638252258,51
A0A174YG41,tryptamine,Tri,0.24495979398488998,43
A0A174YG41,tyramine,Di,0.2826164811849594,30
A0A174YG41,tyramine,Mono,0.28197920322418213,31
A0A174YG41,tyramine,Tri,0.27332279086112976,33
A0A174Z2R4,"2,3_diaminopropionic acid",Di,0.35630935430526733,8
A0A174Z2R4,"2,3_diaminopropionic acid",Mono,0.277441069483757,33
A0A174Z2R4,"2,3_diaminopropionic acid",Tri,0.3418533056974411,11
A0A174Z2R4,2_aminophenol,Di,0.3721262663602829,4
A0A174Z2R4,2_aminophenol,Mono,0.29232193529605865,28
A0A174Z2R4,2_aminophenol,Tri,0.30827461183071136,21
A0A174Z2R4,3_methoxytyramine,Di,0.12418849766254425,72
A0A174Z2R4,3_methoxytyramine,Mono,0.14710436761379242,71
A0A174Z2R4,3_methoxytyramine,Tri,0.09995010495185852,75
A0A174Z2R4,alanine,Di,0.17060348391532898,68
A0A174Z2R4,alanine,Mono,0.2226433828473091,50
A0A174Z2R4,alanine,Tri,0.18403328210115433,64
A0A174Z2R4,arginine,Di,0.18517782539129257,63
A0A174Z2R4,arginine,Mono,0.22134515643119812,52
A0A174Z2R4,arginine,Tri,0.21962282061576843,54
A0A174Z2R4,asparagine,Di,0.3042101114988327,23
A0A174Z2R4,asparagine,Mono,0.2888847142457962,30
A0A174Z2R4,asparagine,Tri,0.2879830449819565,31
A0A174Z2R4,cadaverine,Di,0.22535379230976105,47
A0A174Z2R4,cadaverine,Mono,0.21302323043346405,59
A0A174Z2R4,cadaverine,Tri,0.22157643735408783,51
A0A174Z2R4,citrulline,Di,0.3391810357570648,14
A0A174Z2R4,citrulline,Mono,0.34541165828704834,10
A0A174Z2R4,citrulline,Tri,0.32889385521411896,18
A0A174Z2R4,cystine,Di,0.18253550678491592,65
A0A174Z2R4,cystine,Mono,0.25502029061317444,42
A0A174Z2R4,cystine,Tri,0.21133577823638916,60
A0A174Z2R4,dopamine,Di,0.2548750936985016,43
A0A174Z2R4,dopamine,Mono,0.267471581697464,37
A0A174Z2R4,dopamine,Tri,0.2624818980693817,39
A0A174Z2R4,gaba,Di,0.20313291251659393,61
A0A174Z2R4,gaba,Mono,0.21949351578950882,55
A0A174Z2R4,gaba,Tri,0.2165021449327469,58
A0A174Z2R4,glutamine,Di,0.37345992028713226,3
A0A174Z2R4,glutamine,Mono,0.2996746897697449,24
A0A174Z2R4,glutamine,Tri,0.29715219140052795,27
A0A174Z2R4,glyglycine,Di,0.10910377651453018,74
A0A174Z2R4,glyglycine,Mono,0.17361177504062653,67
A0A174Z2R4,glyglycine,Tri,0.1216343566775322,73
A0A174Z2R4,histidine,Di,0.3059283494949341,22
A0A174Z2R4,histidine,Mono,0.3341200351715088,17
A0A174Z2R4,histidine,Tri,0.33959345519542694,12
A0A174Z2R4,lysine,Di,0.22451189160346985,49
A0A174Z2R4,lysine,Mono,0.2251729592680931,48
A0A174Z2R4,lysine,Tri,0.23356245458126068,46
A0A174Z2R4,methionine,Di,0.14901095628738403,70
A0A174Z2R4,methionine,Mono,0.17813243716955185,66
A0A174Z2R4,methionine,Tri,0.16881170123815536,69
A0A174Z2R4,ornithine,Di,0.2211608737707138,53
A0A174Z2R4,ornithine,Mono,0.21790124475955963,56
A0A174Z2R4,ornithine,Tri,0.2719341516494751,34
A0A174Z2R4,phenylalanine,Di,0.3713584393262863,5
A0A174Z2R4,phenylalanine,Mono,0.35247838497161865,9
A0A174Z2R4,phenylalanine,Tri,0.33882036805152893,16
A0A174Z2R4,proline,Di,0.24867931008338928,44
A0A174Z2R4,proline,Mono,0.3391321003437042,15
A0A174Z2R4,proline,Tri,0.1922319009900093,62
A0A174Z2R4,putrescine,Di,0.260959729552269,40
A0A174Z2R4,putrescine,Mono,0.25987711548805237,41
A0A174Z2R4,putrescine,Tri,0.2174064815044403,57
A0A174Z2R4,serine,Di,0.3617235869169235,7
A0A174Z2R4,serine,Mono,0.3232513964176178,19
A0A174Z2R4,serine,Tri,0.3394097834825516,13
A0A174Z2R4,serotonin,Di,0.2986617684364319,25
A0A174Z2R4,serotonin,Mono,0.26770707964897156,36
A0A174Z2R4,serotonin,Tri,0.31713081896305084,20
A0A174Z2R4,threonine,Di,0.4308842867612839,1
A0A174Z2R4,threonine,Mono,0.3937382102012634,2
A0A174Z2R4,threonine,Tri,0.36427488923072815,6
A0A174Z2R4,tryptamine,Di,0.270480677485466,35
A0A174Z2R4,tryptamine,Mono,0.23855695128440857,45
A0A174Z2R4,tryptamine,Tri,0.2630864828824997,38
A0A174Z2R4,tyramine,Di,0.29783032834529877,26
A0A174Z2R4,tyramine,Mono,0.29140619933605194,29
A0A174Z2R4,tyramine,Tri,0.28601402044296265,32
A0A174ZD20,"2,3_diaminopropionic acid",Di,0.3499774634838104,13
A0A174ZD20,"2,3_diaminopropionic acid",Mono,0.2812591791152954,29
A0A174ZD20,"2,3_diaminopropionic acid",Tri,0.34509289264678955,14
A0A174ZD20,2_aminophenol,Di,0.38133351504802704,3
A0A174ZD20,2_aminophenol,Mono,0.3110770583152771,23
A0A174ZD20,2_aminophenol,Tri,0.32236282527446747,20
A0A174ZD20,3_methoxytyramine,Di,0.09468889608979225,74
A0A174ZD20,3_methoxytyramine,Mono,0.13374076783657074,71
A0A174ZD20,3_methoxytyramine,Tri,0.08268101699650288,75
A0A174ZD20,alanine,Di,0.16984973102808,68
A0A174ZD20,alanine,Mono,0.23184028267860413,46
A0A174ZD20,alanine,Tri,0.18896760046482086,65
A0A174ZD20,arginine,Di,0.19159778952598572,64
A0A174ZD20,arginine,Mono,0.22045587748289108,52
A0A174ZD20,arginine,Tri,0.23442713916301727,45
A0A174ZD20,asparagine,Di,0.3040657788515091,26
A0A174ZD20,asparagine,Mono,0.30496562272310257,25
A0A174ZD20,asparagine,Tri,0.2901112586259842,28
A0A174ZD20,cadaverine,Di,0.21719716489315033,54
A0A174ZD20,cadaverine,Mono,0.20738337934017181,60
A0A174ZD20,cadaverine,Tri,0.2262251377105713,48
A0A174ZD20,citrulline,Di,0.34179431200027466,16
A0A174ZD20,citrulline,Mono,0.3593902289867401,9
A0A174ZD20,citrulline,Tri,0.3379755765199661,18
A0A174ZD20,cystine,Di,0.17121557146310806,67
A0A174ZD20,cystine,Mono,0.24434377253055573,41
A0A174ZD20,cystine,Tri,0.20751705765724182,59
A0A174ZD20,dopamine,Di,0.23098041117191315,47
A0A174ZD20,dopamine,Mono,0.2484920546412468,39
A0A174ZD20,dopamine,Tri,0.23758524656295776,44
A0A174ZD20,gaba,Di,0.193876750767231,63
A0A174ZD20,gaba,Mono,0.20601490139961243,61
A0A174ZD20,gaba,Tri,0.21984513103961945,53
A0A174ZD20,glutamine,Di,0.3795308470726013,4
A0A174ZD20,glutamine,Mono,0.3211457133293152,21
A0A174ZD20,glutamine,Tri,0.30995121598243713,24
A0A174ZD20,glyglycine,Di,0.09841706231236458,73
A0A174ZD20,glyglycine,Mono,0.16448525339365005,69
A0A174ZD20,glyglycine,Tri,0.1010802760720253,72
A0A174ZD20,histidine,Di,0.3198518455028534,22
A0A174ZD20,histidine,Mono,0.3536570519208908,10
A0A174ZD20,histidine,Tri,0.35148288309574127,12
A0A174ZD20,lysine,Di,0.22584740817546844,49
A0A174ZD20,lysine,Mono,0.21342236548662186,58
A0A174ZD20,lysine,Tri,0.24334411323070526,42
A0A174ZD20,methionine,Di,0.15649812668561935,70
A0A174ZD20,methionine,Mono,0.1977946162223816,62
A0A174ZD20,methionine,Tri,0.18831051886081696,66
A0A174ZD20,ornithine,Di,0.22425175458192825,50
A0A174ZD20,ornithine,Mono,0.2155103236436844,56
A0A174ZD20,ornithine,Tri,0.2780736833810806,30
A0A174ZD20,phenylalanine,Di,0.3712220638990402,5
A0A174ZD20,phenylalanine,Mono,0.36377663910388947,8
A0A174ZD20,phenylalanine,Tri,0.3354434221982956,19
A0A174ZD20,proline,Di,0.25326938927173615,36
A0A174ZD20,proline,Mono,0.3527207523584366,11
A0A174ZD20,proline,Tri,0.21385151147842407,57
A0A174ZD20,putrescine,Di,0.2527192533016205,37
A0A174ZD20,putrescine,Mono,0.25663939118385315,35
A0A174ZD20,putrescine,Tri,0.22105611860752106,51
A0A174ZD20,serine,Di,0.36707010865211487,7
A0A174ZD20,serine,Mono,0.3396230489015579,17
A0A174ZD20,serine,Tri,0.3435544967651367,15
A0A174ZD20,serotonin,Di,0.2769645154476166,32
A0A174ZD20,serotonin,Mono,0.24973628669977188,38
A0A174ZD20,serotonin,Tri,0.3025095760822296,27
A0A174ZD20,threonine,Di,0.4300379455089569,1
A0A174ZD20,threonine,Mono,0.3943515419960022,2
A0A174ZD20,threonine,Tri,0.3694133907556534,6
A0A174ZD20,tryptamine,Di,0.2477884516119957,40
A0A174ZD20,tryptamine,Mono,0.21572856605052948,55
A0A174ZD20,tryptamine,Tri,0.24330130219459534,43
A0A174ZD20,tyramine,Di,0.27738791704177856,31
A0A174ZD20,tyramine,Mono,0.27231796085834503,33
A0A174ZD20,tyramine,Tri,0.2676543965935707,34
A0A1C5L0B6,"2,3_diaminopropionic acid",Di,0.3397774249315262,10
A0A1C5L0B6,"2,3_diaminopropionic acid",Mono,0.2596943974494934,34
A0A1C5L0B6,"2,3_diaminopropionic acid",Tri,0.3394131064414978,11
A0A1C5L0B6,2_aminophenol,Di,0.36247554421424866,5
A0A1C5L0B6,2_aminophenol,Mono,0.284368172287941,27
A0A1C5L0B6,2_aminophenol,Tri,0.3102814555168152,20
A0A1C5L0B6,3_methoxytyramine,Di,0.10775071568787098,72
A0A1C5L0B6,3_methoxytyramine,Mono,0.12215941026806831,71
A0A1C5L0B6,3_methoxytyramine,Tri,0.08612505719065666,74
A0A1C5L0B6,alanine,Di,0.14215197786688805,69
A0A1C5L0B6,alanine,Mono,0.2060847282409668,58
A0A1C5L0B6,alanine,Tri,0.16926199942827225,64
A0A1C5L0B6,arginine,Di,0.18112008273601532,63
A0A1C5L0B6,arginine,Mono,0.2113569639623165,50
A0A1C5L0B6,arginine,Tri,0.2200375720858574,47
A0A1C5L0B6,asparagine,Di,0.29148319363594055,25
A0A1C5L0B6,asparagine,Mono,0.28280116617679596,28
A0A1C5L0B6,asparagine,Tri,0.28692781925201416,26
A0A1C5L0B6,cadaverine,Di,0.2099410742521286,52
A0A1C5L0B6,cadaverine,Mono,0.19300802797079086,61
A0A1C5L0B6,cadaverine,Tri,0.21254795789718628,49
A0A1C5L0B6,citrulline,Di,0.315788671374321,17
A0A1C5L0B6,citrulline,Mono,0.33176712691783905,13
A0A1C5L0B6,citrulline,Tri,0.3129414916038513,19
A0A1C5L0B6,cystine,Di,0.16507042199373245,66
A0A1C5L0B6,cystine,Mono,0.23419323563575745,44
A0A1C5L0B6,cystine,Tri,0.19791830331087112,60
A0A1C5L0B6,dopamine,Di,0.23665127158164978,43
A0A1C5L0B6,dopamine,Mono,0.24696683883666992,37
A0A1C5L0B6,dopamine,Tri,0.24496795237064362,39
A0A1C5L0B6,gaba,Di,0.1921250820159912,62
A0A1C5L0B6,gaba,Mono,0.20617258548736572,57
A0A1C5L0B6,gaba,Tri,0.2069227695465088,55
A0A1C5L0B6,glutamine,Di,0.3645690679550171,4
A0A1C5L0B6,glutamine,Mono,0.2916412577033043,24
A0A1C5L0B6,glutamine,Tri,0.30366431176662445,21
A0A1C5L0B6,glyglycine,Di,0.08288620226085186,75
A0A1C5L0B6,glyglycine,Mono,0.1507914736866951,68
A0A1C5L0B6,glyglycine,Tri,0.09535869210958481,73
A0A1C5L0B6,histidine,Di,0.30092351138591766,22
A0A1C5L0B6,histidine,Mono,0.32788655161857605,16
A0A1C5L0B6,histidine,Tri,0.34131497144699097,9
A0A1C5L0B6,lysine,Di,0.2244347631931305,46
A0A1C5L0B6,lysine,Mono,0.20872987806797028,53
A0A1C5L0B6,lysine,Tri,0.22909660637378693,45
A0A1C5L0B6,methionine,Di,0.12996996939182281,70
A0A1C5L0B6,methionine,Mono,0.16528725624084473,65
A0A1C5L0B6,methionine,Tri,0.15955162793397903,67
A0A1C5L0B6,ornithine,Di,0.2158583402633667,48
A0A1C5L0B6,ornithine,Mono,0.20619184523820877,56
A0A1C5L0B6,ornithine,Tri,0.2638643607497215,33
A0A1C5L0B6,phenylalanine,Di,0.3647269010543823,3
A0A1C5L0B6,phenylalanine,Mono,0.3461482375860214,8
A0A1C5L0B6,phenylalanine,Tri,0.334054097533226,12
A0A1C5L0B6,proline,Di,0.23805046826601028,42
A0A1C5L0B6,proline,Mono,0.3314726948738098,15
A0A1C5L0B6,proline,Tri,0.19933270663022995,59
A0A1C5L0B6,putrescine,Di,0.24721720814704895,36
A0A1C5L0B6,putrescine,Mono,0.24667442589998245,38
A0A1C5L0B6,putrescine,Tri,0.20846082270145416,54
A0A1C5L0B6,serine,Di,0.34767720103263855,7
A0A1C5L0B6,serine,Mono,0.31576982140541077,18
A0A1C5L0B6,serine,Tri,0.33176615834236145,14
A0A1C5L0B6,serotonin,Di,0.272145539522171,30
A0A1C5L0B6,serotonin,Mono,0.24297737330198288,41
A0A1C5L0B6,serotonin,Tri,0.29875242710113525,23
A0A1C5L0B6,threonine,Di,0.4099649488925934,1
A0A1C5L0B6,threonine,Mono,0.3721328228712082,2
A0A1C5L0B6,threonine,Tri,0.3572692275047302,6
A0A1C5L0B6,tryptamine,Di,0.24967753887176514,35
A0A1C5L0B6,tryptamine,Mono,0.21105161309242249,51
A0A1C5L0B6,tryptamine,Tri,0.24367719888687134,40
A0A1C5L0B6,tyramine,Di,0.2733226418495178,29
A0A1C5L0B6,tyramine,Mono,0.2711606025695801,31
A0A1C5L0B6,tyramine,Tri,0.2711130678653717,32
A0A1C5LGL2,"2,3_diaminopropionic acid",Di,0.33640094101428986,10
A0A1C5LGL2,"2,3_diaminopropionic acid",Mono,0.2538027912378311,34
A0A1C5LGL2,"2,3_diaminopropionic acid",Tri,0.3306341618299484,12
A0A1C5LGL2,2_aminophenol,Di,0.36710458993911743,3
A0A1C5LGL2,2_aminophenol,Mono,0.28344564139842987,27
A0A1C5LGL2,2_aminophenol,Tri,0.3077845722436905,20
A0A1C5LGL2,3_methoxytyramine,Di,0.11329730972647667,72
A0A1C5LGL2,3_methoxytyramine,Mono,0.12387862056493759,71
A0A1C5LGL2,3_methoxytyramine,Tri,0.08417611569166183,75
A0A1C5LGL2,alanine,Di,0.145688034594059,69
A0A1C5LGL2,alanine,Mono,0.20114009827375412,56
A0A1C5LGL2,alanine,Tri,0.16396424919366837,66
A0A1C5LGL2,arginine,Di,0.1690976396203041,63
A0A1C5LGL2,arginine,Mono,0.19923695921897888,57
A0A1C5LGL2,arginine,Tri,0.20779771357774734,50
A0A1C5LGL2,asparagine,Di,0.29522697627544403,23
A0A1C5LGL2,asparagine,Mono,0.27828972041606903,28
A0A1C5LGL2,asparagine,Tri,0.285946860909462,26
A0A1C5LGL2,cadaverine,Di,0.20870162546634674,49
A0A1C5LGL2,cadaverine,Mono,0.18829013407230377,61
A0A1C5LGL2,cadaverine,Tri,0.20650891959667206,51
A0A1C5LGL2,citrulline,Di,0.32078270614147186,17
A0A1C5LGL2,citrulline,Mono,0.3293830007314682,14
A0A1C5LGL2,citrulline,Tri,0.3124336153268814,19
A0A1C5LGL2,cystine,Di,0.16411853581666946,65
A0A1C5LGL2,cystine,Mono,0.2304694801568985,44
A0A1C5LGL2,cystine,Tri,0.19183775037527084,59
A0A1C5LGL2,dopamine,Di,0.23275835812091827,42
A0A1C5LGL2,dopamine,Mono,0.24305683374404907,37
A0A1C5LGL2,dopamine,Tri,0.2421756237745285,39
A0A1C5LGL2,gaba,Di,0.19018028676509857,60
A0A1C5LGL2,gaba,Mono,0.19815754890441895,58
A0A1C5LGL2,gaba,Tri,0.20351791381835938,54
A0A1C5LGL2,glutamine,Di,0.3646549880504608,4
A0A1C5LGL2,glutamine,Mono,0.289876326918602,25
A0A1C5LGL2,glutamine,Tri,0.29978372156620026,21
A0A1C5LGL2,glyglycine,Di,0.08562857285141945,74
A0A1C5LGL2,glyglycine,Mono,0.14686644077301025,68
A0A1C5LGL2,glyglycine,Tri,0.0971883088350296,73
A0A1C5LGL2,histidine,Di,0.2996867597103119,22
A0A1C5LGL2,histidine,Mono,0.3258659392595291,15
A0A1C5LGL2,histidine,Tri,0.33928465843200684,9
A0A1C5LGL2,lysine,Di,0.21853917092084885,46
A0A1C5LGL2,lysine,Mono,0.20424851775169373,53
A0A1C5LGL2,lysine,Tri,0.22392673790454865,45
A0A1C5LGL2,methionine,Di,0.1340266615152359,70
A0A1C5LGL2,methionine,Mono,0.16503731906414032,64
A0A1C5LGL2,methionine,Tri,0.1592319905757904,67
A0A1C5LGL2,ornithine,Di,0.21545512974262238,47
A0A1C5LGL2,ornithine,Mono,0.20249223709106445,55
A0A1C5LGL2,ornithine,Tri,0.261331245303154,33
A0A1C5LGL2,phenylalanine,Di,0.3637699782848358,5
A0A1C5LGL2,phenylalanine,Mono,0.3440675884485245,8
A0A1C5LGL2,phenylalanine,Tri,0.3318599462509155,11
A0A1C5LGL2,proline,Di,0.23053468763828278,43
A0A1C5LGL2,proline,Mono,0.32306185364723206,16
A0A1C5LGL2,proline,Tri,0.1850966140627861,62
A0A1C5LGL2,putrescine,Di,0.2444692701101303,36
A0A1C5LGL2,putrescine,Mono,0.23953701555728912,41
A0A1C5LGL2,putrescine,Tri,0.20461390167474747,52
A0A1C5LGL2,serine,Di,0.35118235647678375,7
A0A1C5LGL2,serine,Mono,0.31572550535202026,18
A0A1C5LGL2,serine,Tri,0.33044470846652985,13
A0A1C5LGL2,serotonin,Di,0.2742236852645874,30
A0A1C5LGL2,serotonin,Mono,0.242646262049675,38
A0A1C5LGL2,serotonin,Tri,0.2942991554737091,24
A0A1C5LGL2,threonine,Di,0.41200971603393555,1
A0A1C5LGL2,threonine,Mono,0.37119458615779877,2
A0A1C5LGL2,threonine,Tri,0.35227198898792267,6
A0A1C5LGL2,tryptamine,Di,0.2515565901994705,35
A0A1C5LGL2,tryptamine,Mono,0.21327394992113113,48
A0A1C5LGL2,tryptamine,Tri,0.24118474125862122,40
A0A1C5LGL2,tyramine,Di,0.2745360881090164,29
A0A1C5LGL2,tyramine,Mono,0.26701512932777405,32
A0A1C5LGL2,tyramine,Tri,0.26814447343349457,31
A0A1C5M2J2,"2,3_diaminopropionic acid",Di,0.32514341175556183,11
A0A1C5M2J2,"2,3_diaminopropionic acid",Mono,0.24698065221309662,33
A0A1C5M2J2,"2,3_diaminopropionic acid",Tri,0.33146508038043976,8
A0A1C5M2J2,2_aminophenol,Di,0.3473450839519501,4
A0A1C5M2J2,2_aminophenol,Mono,0.2724567651748657,24
A0A1C5M2J2,2_aminophenol,Tri,0.29565373063087463,20
A0A1C5M2J2,3_methoxytyramine,Di,0.1290026679635048,70
A0A1C5M2J2,3_methoxytyramine,Mono,0.11836964637041092,72
A0A1C5M2J2,3_methoxytyramine,Tri,0.1045999675989151,73
A0A1C5M2J2,alanine,Di,0.13570444285869598,69
A0A1C5M2J2,alanine,Mono,0.1950051188468933,54
A0A1C5M2J2,alanine,Tri,0.16959692537784576,63
A0A1C5M2J2,arginine,Di,0.1750897318124771,62
A0A1C5M2J2,arginine,Mono,0.20102627202868462,52
A0A1C5M2J2,arginine,Tri,0.20879054814577103,46
A0A1C5M2J2,asparagine,Di,0.2699299231171608,26
A0A1C5M2J2,asparagine,Mono,0.2597901001572609,28
A0A1C5M2J2,asparagine,Tri,0.27209898829460144,25
A0A1C5M2J2,cadaverine,Di,0.19235575944185257,56
A0A1C5M2J2,cadaverine,Mono,0.17997024208307266,60
A0A1C5M2J2,cadaverine,Tri,0.1916312649846077,57
A0A1C5M2J2,citrulline,Di,0.3030480295419693,17
A0A1C5M2J2,citrulline,Mono,0.32746098190546036,9
A0A1C5M2J2,citrulline,Tri,0.30012451112270355,18
A0A1C5M2J2,cystine,Di,0.14660217612981796,67
A0A1C5M2J2,cystine,Mono,0.21329127997159958,45
A0A1C5M2J2,cystine,Tri,0.18570642173290253,58
A0A1C5M2J2,dopamine,Di,0.22566381841897964,42
A0A1C5M2J2,dopamine,Mono,0.2366282343864441,36
A0A1C5M2J2,dopamine,Tri,0.2321896106004715,40
A0A1C5M2J2,gaba,Di,0.16950859874486923,64
A0A1C5M2J2,gaba,Mono,0.19291046261787415,55
A0A1C5M2J2,gaba,Tri,0.1799405813217163,61
A0A1C5M2J2,glutamine,Di,0.33939602971076965,6
A0A1C5M2J2,glutamine,Mono,0.2678638994693756,27
A0A1C5M2J2,glutamine,Tri,0.2909593731164932,21
A0A1C5M2J2,glyglycine,Di,0.08811867237091064,74
A0A1C5M2J2,glyglycine,Mono,0.14683572947978973,65
A0A1C5M2J2,glyglycine,Tri,0.08630338124930859,75
A0A1C5M2J2,histidine,Di,0.28784550726413727,22
A0A1C5M2J2,histidine,Mono,0.3063497543334961,16
A0A1C5M2J2,histidine,Tri,0.32278288900852203,13
A0A1C5M2J2,lysine,Di,0.21637919545173645,44
A0A1C5M2J2,lysine,Mono,0.20218683779239655,50
A0A1C5M2J2,lysine,Tri,0.20629331469535828,48
A0A1C5M2J2,methionine,Di,0.11911683902144432,71
A0A1C5M2J2,methionine,Mono,0.14669768512248993,66
A0A1C5M2J2,methionine,Tri,0.14354977011680603,68
A0A1C5M2J2,ornithine,Di,0.20428027212619781,49
A0A1C5M2J2,ornithine,Mono,0.19519246369600296,53
A0A1C5M2J2,ornithine,Tri,0.2384161576628685,35
A0A1C5M2J2,phenylalanine,Di,0.3547820448875427,2
A0A1C5M2J2,phenylalanine,Mono,0.3315207064151764,7
A0A1C5M2J2,phenylalanine,Tri,0.3215903341770172,14
A0A1C5M2J2,proline,Di,0.23033007234334946,41
A0A1C5M2J2,proline,Mono,0.3248566836118698,12
A0A1C5M2J2,proline,Tri,0.20115572214126587,51
A0A1C5M2J2,putrescine,Di,0.22407159209251404,43
A0A1C5M2J2,putrescine,Mono,0.23242150992155075,39
A0A1C5M2J2,putrescine,Tri,0.18551114946603775,59
A0A1C5M2J2,serine,Di,0.32718275487422943,10
A0A1C5M2J2,serine,Mono,0.2977563664317131,19
A0A1C5M2J2,serine,Tri,0.3119504451751709,15
A0A1C5M2J2,serotonin,Di,0.25858016312122345,30
A0A1C5M2J2,serotonin,Mono,0.23372923582792282,38
A0A1C5M2J2,serotonin,Tri,0.28376880288124084,23
A0A1C5M2J2,threonine,Di,0.3886314183473587,1
A0A1C5M2J2,threonine,Mono,0.35064539313316345,3
A0A1C5M2J2,threonine,Tri,0.3418918251991272,5
A0A1C5M2J2,tryptamine,Di,0.24277566373348236,34
A0A1C5M2J2,tryptamine,Mono,0.20639867335557938,47
A0A1C5M2J2,tryptamine,Tri,0.2340451255440712,37
A0A1C5M2J2,tyramine,Di,0.25973550975322723,29
A0A1C5M2J2,tyramine,Mono,0.25786781311035156,32
A0A1C5M2J2,tyramine,Tri,0.2582387626171112,31
A0A1C5MIH1,"2,3_diaminopropionic acid",Di,0.3415890783071518,9
A0A1C5MIH1,"2,3_diaminopropionic acid",Mono,0.2681220695376396,32
A0A1C5MIH1,"2,3_diaminopropionic acid",Tri,0.3402367830276489,10
A0A1C5MIH1,2_aminophenol,Di,0.3614021837711334,4
A0A1C5MIH1,2_aminophenol,Mono,0.2871246933937073,26
A0A1C5MIH1,2_aminophenol,Tri,0.30913352966308594,20
A0A1C5MIH1,3_methoxytyramine,Di,0.11036705784499645,72
A0A1C5MIH1,3_methoxytyramine,Mono,0.13038675487041473,70
A0A1C5MIH1,3_methoxytyramine,Tri,0.09054175391793251,74
A0A1C5MIH1,alanine,Di,0.14432940259575844,69
A0A1C5MIH1,alanine,Mono,0.2108156383037567,52
A0A1C5MIH1,alanine,Tri,0.16998618841171265,64
A0A1C5MIH1,arginine,Di,0.17929072678089142,63
A0A1C5MIH1,arginine,Mono,0.21724415570497513,47
A0A1C5MIH1,arginine,Tri,0.21288500726222992,51
A0A1C5MIH1,asparagine,Di,0.2885935753583908,25
A0A1C5MIH1,asparagine,Mono,0.2821737974882126,28
A0A1C5MIH1,asparagine,Tri,0.28448814153671265,27
A0A1C5MIH1,cadaverine,Di,0.2093391865491867,55
A0A1C5MIH1,cadaverine,Mono,0.19822850078344345,61
A0A1C5MIH1,cadaverine,Tri,0.209695003926754,53
A0A1C5MIH1,citrulline,Di,0.31658951938152313,17
A0A1C5MIH1,citrulline,Mono,0.3353915512561798,13
A0A1C5MIH1,citrulline,Tri,0.3107779771089554,19
A0A1C5MIH1,cystine,Di,0.163831427693367,66
A0A1C5MIH1,cystine,Mono,0.2373431697487831,43
A0A1C5MIH1,cystine,Tri,0.2003432810306549,60
A0A1C5MIH1,dopamine,Di,0.23558101058006287,44
A0A1C5MIH1,dopamine,Mono,0.2518373727798462,35
A0A1C5MIH1,dopamine,Tri,0.24359309673309326,40
A0A1C5MIH1,gaba,Di,0.1902400553226471,62
A0A1C5MIH1,gaba,Mono,0.20837070047855377,56
A0A1C5MIH1,gaba,Tri,0.20269671827554703,59
A0A1C5MIH1,glutamine,Di,0.35896483063697815,5
A0A1C5MIH1,glutamine,Mono,0.290986031293869,24
A0A1C5MIH1,glutamine,Tri,0.29931502044200897,22
A0A1C5MIH1,glyglycine,Di,0.09022419713437557,75
A0A1C5MIH1,glyglycine,Mono,0.1585858389735222,67
A0A1C5MIH1,glyglycine,Tri,0.09746997058391571,73
A0A1C5MIH1,histidine,Di,0.30156464874744415,21
A0A1C5MIH1,histidine,Mono,0.3273318260908127,16
A0A1C5MIH1,histidine,Tri,0.33908407390117645,11
A0A1C5MIH1,lysine,Di,0.22321723401546478,46
A0A1C5MIH1,lysine,Mono,0.21310833096504211,50
A0A1C5MIH1,lysine,Tri,0.2248457446694374,45
A0A1C5MIH1,methionine,Di,0.12751397117972374,71
A0A1C5MIH1,methionine,Mono,0.1669677421450615,65
A0A1C5MIH1,methionine,Tri,0.1565568596124649,68
A0A1C5MIH1,ornithine,Di,0.2142346128821373,48
A0A1C5MIH1,ornithine,Mono,0.2094673588871956,54
A0A1C5MIH1,ornithine,Tri,0.25691046565771103,34
A0A1C5MIH1,phenylalanine,Di,0.36236804723739624,3
A0A1C5MIH1,phenylalanine,Mono,0.344426691532135,7
A0A1C5MIH1,phenylalanine,Tri,0.3294603228569031,15
A0A1C5MIH1,proline,Di,0.24359337985515594,39
A0A1C5MIH1,proline,Mono,0.3389267027378082,12
A0A1C5MIH1,proline,Tri,0.20389049500226974,58
A0A1C5MIH1,putrescine,Di,0.24777904152870178,37
A0A1C5MIH1,putrescine,Mono,0.25092802941799164,36
A0A1C5MIH1,putrescine,Tri,0.2063455581665039,57
A0A1C5MIH1,serine,Di,0.34411749243736267,8
A0A1C5MIH1,serine,Mono,0.31329259276390076,18
A0A1C5MIH1,serine,Tri,0.329611212015152,14
A0A1C5MIH1,serotonin,Di,0.2702479287981987,31
A0A1C5MIH1,serotonin,Mono,0.24561699479818344,38
A0A1C5MIH1,serotonin,Tri,0.2950228899717331,23
A0A1C5MIH1,threonine,Di,0.4056626260280609,1
A0A1C5MIH1,threonine,Mono,0.37622083723545074,2
A0A1C5MIH1,threonine,Tri,0.3570948541164398,6
A0A1C5MIH1,tryptamine,Di,0.2434442862868309,41
A0A1C5MIH1,tryptamine,Mono,0.21330952644348145,49
A0A1C5MIH1,tryptamine,Tri,0.24119038879871368,42
A0A1C5MIH1,tyramine,Di,0.27153633534908295,30
A0A1C5MIH1,tyramine,Mono,0.2739234119653702,29
A0A1C5MIH1,tyramine,Tri,0.2678524851799011,33
A0A1C5MV31,"2,3_diaminopropionic acid",Di,0.32742665708065033,14
A0A1C5MV31,"2,3_diaminopropionic acid",Mono,0.25792109221220016,29
A0A1C5MV31,"2,3_diaminopropionic acid",Tri,0.33199459314346313,12
A0A1C5MV31,2_aminophenol,Di,0.36100949347019196,3
A0A1C5MV31,2_aminophenol,Mono,0.29014037549495697,24
A0A1C5MV31,2_aminophenol,Tri,0.30816832184791565,20
A0A1C5MV31,3_methoxytyramine,Di,0.09139542654156685,72
A0A1C5MV31,3_methoxytyramine,Mono,0.11009062826633453,71
A0A1C5MV31,3_methoxytyramine,Tri,0.07123520597815514,75
A0A1C5MV31,alanine,Di,0.14025333151221275,69
A0A1C5MV31,alanine,Mono,0.20716127753257751,50
A0A1C5MV31,alanine,Tri,0.16299422085285187,65
A0A1C5MV31,arginine,Di,0.17359384149312973,63
A0A1C5MV31,arginine,Mono,0.20245330035686493,54
A0A1C5MV31,arginine,Tri,0.2128978669643402,46
A0A1C5MV31,asparagine,Di,0.28548528254032135,25
A0A1C5MV31,asparagine,Mono,0.2815984785556793,26
A0A1C5MV31,asparagine,Tri,0.27891628444194794,27
A0A1C5MV31,cadaverine,Di,0.20798073709011078,49
A0A1C5MV31,cadaverine,Mono,0.18991052359342575,60
A0A1C5MV31,cadaverine,Tri,0.20455224066972733,52
A0A1C5MV31,citrulline,Di,0.312374472618103,18
A0A1C5MV31,citrulline,Mono,0.3384393900632858,9
A0A1C5MV31,citrulline,Tri,0.3096734285354614,19
A0A1C5MV31,cystine,Di,0.15555789321660995,67
A0A1C5MV31,cystine,Mono,0.22436802834272385,42
A0A1C5MV31,cystine,Tri,0.19186269491910934,59
A0A1C5MV31,dopamine,Di,0.2093859165906906,48
A0A1C5MV31,dopamine,Mono,0.22649630904197693,38
A0A1C5MV31,dopamine,Tri,0.2126956284046173,47
A0A1C5MV31,gaba,Di,0.18666494637727737,62
A0A1C5MV31,gaba,Mono,0.19778072834014893,57
A0A1C5MV31,gaba,Tri,0.19430840760469437,58
A0A1C5MV31,glutamine,Di,0.35640616714954376,4
A0A1C5MV31,glutamine,Mono,0.2947324216365814,23
A0A1C5MV31,glutamine,Tri,0.3046029359102249,21
A0A1C5MV31,glyglycine,Di,0.07775719836354256,73
A0A1C5MV31,glyglycine,Mono,0.14430039376020432,68
A0A1C5MV31,glyglycine,Tri,0.07367859035730362,74
A0A1C5MV31,histidine,Di,0.3038119375705719,22
A0A1C5MV31,histidine,Mono,0.32751382887363434,13
A0A1C5MV31,histidine,Tri,0.33759358525276184,10
A0A1C5MV31,lysine,Di,0.2250903695821762,40
A0A1C5MV31,lysine,Mono,0.20163988322019577,55
A0A1C5MV31,lysine,Tri,0.221322163939476,43
A0A1C5MV31,methionine,Di,0.13047730922698975,70
A0A1C5MV31,methionine,Mono,0.17159146815538406,64
A0A1C5MV31,methionine,Tri,0.15777284651994705,66
A0A1C5MV31,ornithine,Di,0.21556169539690018,45
A0A1C5MV31,ornithine,Mono,0.20328167080879211,53
A0A1C5MV31,ornithine,Tri,0.25615358352661133,30
A0A1C5MV31,phenylalanine,Di,0.35262690484523773,5
A0A1C5MV31,phenylalanine,Mono,0.34050557762384415,7
A0A1C5MV31,phenylalanine,Tri,0.3209622949361801,16
A0A1C5MV31,proline,Di,0.23890145123004913,37
A0A1C5MV31,proline,Mono,0.33500316739082336,11
A0A1C5MV31,proline,Tri,0.20472131669521332,51
A0A1C5MV31,putrescine,Di,0.2422780990600586,36
A0A1C5MV31,putrescine,Mono,0.24289219081401825,35
A0A1C5MV31,putrescine,Tri,0.2004144936800003,56
A0A1C5MV31,serine,Di,0.34196150302886963,6
A0A1C5MV31,serine,Mono,0.31895382702350616,17
A0A1C5MV31,serine,Tri,0.3216325640678406,15
A0A1C5MV31,serotonin,Di,0.2553464323282242,31
A0A1C5MV31,serotonin,Mono,0.22496112436056137,41
A0A1C5MV31,serotonin,Tri,0.27773624658584595,28
A0A1C5MV31,threonine,Di,0.39223337173461914,1
A0A1C5MV31,threonine,Mono,0.36406512558460236,2
A0A1C5MV31,threonine,Tri,0.3395482301712036,8
A0A1C5MV31,tryptamine,Di,0.22563184797763824,39
A0A1C5MV31,tryptamine,Mono,0.188959538936615,61
A0A1C5MV31,tryptamine,Tri,0.21909216046333313,44
A0A1C5MV31,tyramine,Di,0.2507140412926674,32
A0A1C5MV31,tyramine,Mono,0.25062334537506104,33
A0A1C5MV31,tyramine,Tri,0.24578805267810822,34
A0A1C5PCN0,"2,3_diaminopropionic acid",Di,0.36208581924438477,11
A0A1C5PCN0,"2,3_diaminopropionic acid",Mono,0.2835594117641449,29
A0A1C5PCN0,"2,3_diaminopropionic acid",Tri,0.35352282226085663,15
A0A1C5PCN0,2_aminophenol,Di,0.38815848529338837,4
A0A1C5PCN0,2_aminophenol,Mono,0.3128439337015152,26
A0A1C5PCN0,2_aminophenol,Tri,0.3287341743707657,22
A0A1C5PCN0,3_methoxytyramine,Di,0.0879427120089531,74
A0A1C5PCN0,3_methoxytyramine,Mono,0.12501012533903122,71
A0A1C5PCN0,3_methoxytyramine,Tri,0.07198088988661766,75
A0A1C5PCN0,alanine,Di,0.17300166934728622,67
A0A1C5PCN0,alanine,Mono,0.23700489848852158,47
A0A1C5PCN0,alanine,Tri,0.19176843017339706,66
A0A1C5PCN0,arginine,Di,0.20157169550657272,64
A0A1C5PCN0,arginine,Mono,0.2241288498044014,54
A0A1C5PCN0,arginine,Tri,0.23521946370601654,49
A0A1C5PCN0,asparagine,Di,0.31905244290828705,25
A0A1C5PCN0,asparagine,Mono,0.3194342330098152,24
A0A1C5PCN0,asparagine,Tri,0.3102955222129822,27
A0A1C5PCN0,cadaverine,Di,0.22843585163354874,52
A0A1C5PCN0,cadaverine,Mono,0.21154729276895523,60
A0A1C5PCN0,cadaverine,Tri,0.23665575683116913,48
A0A1C5PCN0,citrulline,Di,0.34382492303848267,18
A0A1C5PCN0,citrulline,Mono,0.35809187591075897,13
A0A1C5PCN0,citrulline,Tri,0.3412577658891678,19
A0A1C5PCN0,cystine,Di,0.17229115962982178,68
A0A1C5PCN0,cystine,Mono,0.24884630739688873,42
A0A1C5PCN0,cystine,Tri,0.2053150311112404,62
A0A1C5PCN0,dopamine,Di,0.23774060606956482,45
A0A1C5PCN0,dopamine,Mono,0.25042158365249634,39
A0A1C5PCN0,dopamine,Tri,0.23911267518997192,44
A0A1C5PCN0,gaba,Di,0.2063136324286461,61
A0A1C5PCN0,gaba,Mono,0.2148553803563118,59
A0A1C5PCN0,gaba,Tri,0.22803381085395813,53
A0A1C5PCN0,glutamine,Di,0.39607204496860504,3
A0A1C5PCN0,glutamine,Mono,0.3311865031719208,21
A0A1C5PCN0,glutamine,Tri,0.32824328541755676,23
A0A1C5PCN0,glyglycine,Di,0.10207868367433548,73
A0A1C5PCN0,glyglycine,Mono,0.16669344902038574,69
A0A1C5PCN0,glyglycine,Tri,0.10662857443094254,72
A0A1C5PCN0,histidine,Di,0.3347611278295517,20
A0A1C5PCN0,histidine,Mono,0.36582550406455994,10
A0A1C5PCN0,histidine,Tri,0.3673310726881027,9
A0A1C5PCN0,lysine,Di,0.23742952942848206,46
A0A1C5PCN0,lysine,Mono,0.2189265340566635,57
A0A1C5PCN0,lysine,Tri,0.2502962425351143,40
A0A1C5PCN0,methionine,Di,0.1598847731947899,70
A0A1C5PCN0,methionine,Mono,0.20402365922927856,63
A0A1C5PCN0,methionine,Tri,0.19588453322649002,65
A0A1C5PCN0,ornithine,Di,0.23331231623888016,50
A0A1C5PCN0,ornithine,Mono,0.22151834517717361,55
A0A1C5PCN0,ornithine,Tri,0.2811283618211746,30
A0A1C5PCN0,phenylalanine,Di,0.38760775327682495,5
A0A1C5PCN0,phenylalanine,Mono,0.3739621788263321,6
A0A1C5PCN0,phenylalanine,Tri,0.3497585356235504,16
A0A1C5PCN0,proline,Di,0.255911685526371,37
A0A1C5PCN0,proline,Mono,0.35971012711524963,12
A0A1C5PCN0,proline,Tri,0.22032715380191803,56
A0A1C5PCN0,putrescine,Di,0.26708507537841797,35
A0A1C5PCN0,putrescine,Mono,0.26236338913440704,36
A0A1C5PCN0,putrescine,Tri,0.23153391480445862,51
A0A1C5PCN0,serine,Di,0.37340301275253296,7
A0A1C5PCN0,serine,Mono,0.34579312801361084,17
A0A1C5PCN0,serine,Tri,0.35467447340488434,14
A0A1C5PCN0,serotonin,Di,0.27978236973285675,31
A0A1C5PCN0,serotonin,Mono,0.24978643655776978,41
A0A1C5PCN0,serotonin,Tri,0.3018018305301666,28
A0A1C5PCN0,threonine,Di,0.42710790038108826,1
A0A1C5PCN0,threonine,Mono,0.39765891432762146,2
A0A1C5PCN0,threonine,Tri,0.37322044372558594,8
A0A1C5PCN0,tryptamine,Di,0.2558385208249092,38
A0A1C5PCN0,tryptamine,Mono,0.21826156973838806,58
A0A1C5PCN0,tryptamine,Tri,0.2409953474998474,43
A0A1C5PCN0,tyramine,Di,0.27822116017341614,32
A0A1C5PCN0,tyramine,Mono,0.27317896485328674,33
A0A1C5PCN0,tyramine,Tri,0.2672630697488785,34
A0A1C5QNJ0,"2,3_diaminopropionic acid",Di,0.3597058355808258,8
A0A1C5QNJ0,"2,3_diaminopropionic acid",Mono,0.2758132368326187,31
A0A1C5QNJ0,"2,3_diaminopropionic acid",Tri,0.3460245877504349,13
A0A1C5QNJ0,2_aminophenol,Di,0.3856483995914459,3
A0A1C5QNJ0,2_aminophenol,Mono,0.30459967255592346,24
A0A1C5QNJ0,2_aminophenol,Tri,0.3189179301261902,20
A0A1C5QNJ0,3_methoxytyramine,Di,0.1024561021476984,73
A0A1C5QNJ0,3_methoxytyramine,Mono,0.12821557745337486,71
A0A1C5QNJ0,3_methoxytyramine,Tri,0.08537108451128006,75
A0A1C5QNJ0,alanine,Di,0.1717267483472824,68
A0A1C5QNJ0,alanine,Mono,0.22093621641397476,51
A0A1C5QNJ0,alanine,Tri,0.1873738020658493,64
A0A1C5QNJ0,arginine,Di,0.1927480474114418,63
A0A1C5QNJ0,arginine,Mono,0.21358653903007507,55
A0A1C5QNJ0,arginine,Tri,0.2305505871772766,46
A0A1C5QNJ0,asparagine,Di,0.3009742200374603,26
A0A1C5QNJ0,asparagine,Mono,0.2910499572753906,27
A0A1C5QNJ0,asparagine,Tri,0.28607290983200073,28
A0A1C5QNJ0,cadaverine,Di,0.22147145867347717,49
A0A1C5QNJ0,cadaverine,Mono,0.2025170475244522,60
A0A1C5QNJ0,cadaverine,Tri,0.2208443433046341,52
A0A1C5QNJ0,citrulline,Di,0.34687675535678864,11
A0A1C5QNJ0,citrulline,Mono,0.35381266474723816,9
A0A1C5QNJ0,citrulline,Tri,0.3423828184604645,14
A0A1C5QNJ0,cystine,Di,0.17744509130716324,67
A0A1C5QNJ0,cystine,Mono,0.23924899846315384,44
A0A1C5QNJ0,cystine,Tri,0.20247697830200195,61
A0A1C5QNJ0,dopamine,Di,0.23913581669330597,45
A0A1C5QNJ0,dopamine,Mono,0.24874340742826462,40
A0A1C5QNJ0,dopamine,Tri,0.2427537739276886,42
A0A1C5QNJ0,gaba,Di,0.20191843807697296,62
A0A1C5QNJ0,gaba,Mono,0.2031855285167694,59
A0A1C5QNJ0,gaba,Tri,0.21654757857322693,53
A0A1C5QNJ0,glutamine,Di,0.3769775480031967,4
A0A1C5QNJ0,glutamine,Mono,0.3060121685266495,22
A0A1C5QNJ0,glutamine,Tri,0.30496275424957275,23
A0A1C5QNJ0,glyglycine,Di,0.10039852559566498,74
A0A1C5QNJ0,glyglycine,Mono,0.15813519805669785,69
A0A1C5QNJ0,glyglycine,Tri,0.1039820984005928,72
A0A1C5QNJ0,histidine,Di,0.3164820671081543,21
A0A1C5QNJ0,histidine,Mono,0.34010592848062515,16
A0A1C5QNJ0,histidine,Tri,0.34657807648181915,12
A0A1C5QNJ0,lysine,Di,0.22845140099525452,47
A0A1C5QNJ0,lysine,Mono,0.21161890774965286,56
A0A1C5QNJ0,lysine,Tri,0.23964431881904602,43
A0A1C5QNJ0,methionine,Di,0.15460283309221268,70
A0A1C5QNJ0,methionine,Mono,0.18640512228012085,65
A0A1C5QNJ0,methionine,Tri,0.18336621671915054,66
A0A1C5QNJ0,ornithine,Di,0.22843941301107407,48
A0A1C5QNJ0,ornithine,Mono,0.21017440408468246,57
A0A1C5QNJ0,ornithine,Tri,0.2750028520822525,32
A0A1C5QNJ0,phenylalanine,Di,0.37084440886974335,6
A0A1C5QNJ0,phenylalanine,Mono,0.3522118180990219,10
A0A1C5QNJ0,phenylalanine,Tri,0.33490797877311707,18
A0A1C5QNJ0,proline,Di,0.25156402587890625,38
A0A1C5QNJ0,proline,Mono,0.3414485603570938,15
A0A1C5QNJ0,proline,Tri,0.20799043774604797,58
A0A1C5QNJ0,putrescine,Di,0.2560437321662903,36
A0A1C5QNJ0,putrescine,Mono,0.25111065804958344,39
A0A1C5QNJ0,putrescine,Tri,0.21587977558374405,54
A0A1C5QNJ0,serine,Di,0.36509811878204346,7
A0A1C5QNJ0,serine,Mono,0.32625316083431244,19
A0A1C5QNJ0,serine,Tri,0.33904318511486053,17
A0A1C5QNJ0,serotonin,Di,0.2843554764986038,29
A0A1C5QNJ0,serotonin,Mono,0.253103107213974,37
A0A1C5QNJ0,serotonin,Tri,0.3039431869983673,25
A0A1C5QNJ0,threonine,Di,0.4368351697921753,1
A0A1C5QNJ0,threonine,Mono,0.3909717798233032,2
A0A1C5QNJ0,threonine,Tri,0.372233122587204,5
A0A1C5QNJ0,tryptamine,Di,0.2574738338589668,35
A0A1C5QNJ0,tryptamine,Mono,0.22135886549949646,50
A0A1C5QNJ0,tryptamine,Tri,0.24843888729810715,41
A0A1C5QNJ0,tyramine,Di,0.2841080278158188,30
A0A1C5QNJ0,tyramine,Mono,0.2721398174762726,33
A0A1C5QNJ0,tyramine,Tri,0.27045075595378876,34
A0A1C5S406,"2,3_diaminopropionic acid",Di,0.3159278333187103,17
A0A1C5S406,"2,3_diaminopropionic acid",Mono,0.27332988381385803,27
A0A1C5S406,"2,3_diaminopropionic acid",Tri,0.3285559117794037,12
A0A1C5S406,2_aminophenol,Di,0.3370508998632431,10
A0A1C5S406,2_aminophenol,Mono,0.30045025050640106,21
A0A1C5S406,2_aminophenol,Tri,0.29223428666591644,24
A0A1C5S406,3_methoxytyramine,Di,0.07276630494743586,75
A0A1C5S406,3_methoxytyramine,Mono,0.1043822169303894,71
A0A1C5S406,3_methoxytyramine,Tri,0.07475913316011429,74
A0A1C5S406,alanine,Di,0.14356139302253723,68
A0A1C5S406,alanine,Mono,0.23291781544685364,37
A0A1C5S406,alanine,Tri,0.196589857339859,57
A0A1C5S406,arginine,Di,0.1978762373328209,56
A0A1C5S406,arginine,Mono,0.23210330307483673,38
A0A1C5S406,arginine,Tri,0.2424645572900772,33
A0A1C5S406,asparagine,Di,0.26703720539808273,28
A0A1C5S406,asparagine,Mono,0.29741524159908295,22
A0A1C5S406,asparagine,Tri,0.27360768616199493,26
A0A1C5S406,cadaverine,Di,0.17933376133441925,64
A0A1C5S406,cadaverine,Mono,0.1992388367652893,54
A0A1C5S406,cadaverine,Tri,0.20653201639652252,50
A0A1C5S406,citrulline,Di,0.31205908954143524,19
A0A1C5S406,citrulline,Mono,0.35659894347190857,6
A0A1C5S406,citrulline,Tri,0.31657056510448456,16
A0A1C5S406,cystine,Di,0.12132301181554794,70
A0A1C5S406,cystine,Mono,0.22292999178171158,41
A0A1C5S406,cystine,Tri,0.18200338631868362,63
A0A1C5S406,dopamine,Di,0.19653110206127167,58
A0A1C5S406,dopamine,Mono,0.2240157052874565,40
A0A1C5S406,dopamine,Tri,0.20621761679649353,51
A0A1C5S406,gaba,Di,0.1487649753689766,67
A0A1C5S406,gaba,Mono,0.1997792050242424,53
A0A1C5S406,gaba,Tri,0.18489979207515717,62
A0A1C5S406,glutamine,Di,0.3420051634311676,9
A0A1C5S406,glutamine,Mono,0.30956850200891495,20
A0A1C5S406,glutamine,Tri,0.29056379199028015,25
A0A1C5S406,glyglycine,Di,0.07955580577254295,72
A0A1C5S406,glyglycine,Mono,0.15581883490085602,66
A0A1C5S406,glyglycine,Tri,0.078105878084898,73
A0A1C5S406,histidine,Di,0.2926379665732384,23
A0A1C5S406,histidine,Mono,0.3455725163221359,7
A0A1C5S406,histidine,Tri,0.32321996986866,14
A0A1C5S406,lysine,Di,0.2025614231824875,52
A0A1C5S406,lysine,Mono,0.2122681364417076,47
A0A1C5S406,lysine,Tri,0.2183927744626999,44
A0A1C5S406,methionine,Di,0.12940673902630806,69
A0A1C5S406,methionine,Mono,0.18701449781656265,61
A0A1C5S406,methionine,Tri,0.16647213697433472,65
A0A1C5S406,ornithine,Di,0.19570357352495193,59
A0A1C5S406,ornithine,Mono,0.2083578035235405,49
A0A1C5S406,ornithine,Tri,0.24856898188591003,30
A0A1C5S406,phenylalanine,Di,0.3434377610683441,8
A0A1C5S406,phenylalanine,Mono,0.3618554472923279,3
A0A1C5S406,phenylalanine,Tri,0.31377728283405304,18
A0A1C5S406,proline,Di,0.24093469977378845,34
A0A1C5S406,proline,Mono,0.3601556569337845,4
A0A1C5S406,proline,Tri,0.22130972892045975,42
A0A1C5S406,putrescine,Di,0.21278294175863266,46
A0A1C5S406,putrescine,Mono,0.2482781633734703,31
A0A1C5S406,putrescine,Tri,0.19816555082798004,55
A0A1C5S406,serine,Di,0.3257402777671814,13
A0A1C5S406,serine,Mono,0.3323347568511963,11
A0A1C5S406,serine,Tri,0.3202066719532013,15
A0A1C5S406,serotonin,Di,0.2299627661705017,39
A0A1C5S406,serotonin,Mono,0.21996136009693146,43
A0A1C5S406,serotonin,Tri,0.26616618037223816,29
A0A1C5S406,threonine,Di,0.4061155617237091,1
A0A1C5S406,threonine,Mono,0.3776591122150421,2
A0A1C5S406,threonine,Tri,0.35852330923080444,5
A0A1C5S406,tryptamine,Di,0.21011218428611755,48
A0A1C5S406,tryptamine,Mono,0.1904916688799858,60
A0A1C5S406,tryptamine,Tri,0.21743224561214447,45
A0A1C5S406,tyramine,Di,0.2336321845650673,36
A0A1C5S406,tyramine,Mono,0.2427196428179741,32
A0A1C5S406,tyramine,Tri,0.23627518117427826,35
A0A1C5V0T2,"2,3_diaminopropionic acid",Di,0.3488428294658661,10
A0A1C5V0T2,"2,3_diaminopropionic acid",Mono,0.27497003227472305,31
A0A1C5V0T2,"2,3_diaminopropionic acid",Tri,0.3380027860403061,16
A0A1C5V0T2,2_aminophenol,Di,0.38351619243621826,3
A0A1C5V0T2,2_aminophenol,Mono,0.30570806562900543,22
A0A1C5V0T2,2_aminophenol,Tri,0.3175599128007889,20
A0A1C5V0T2,3_methoxytyramine,Di,0.11906846985220909,72
A0A1C5V0T2,3_methoxytyramine,Mono,0.1442614495754242,71
A0A1C5V0T2,3_methoxytyramine,Tri,0.09958241879940033,75
A0A1C5V0T2,alanine,Di,0.17160534113645554,67
A0A1C5V0T2,alanine,Mono,0.22570537775754929,46
A0A1C5V0T2,alanine,Tri,0.18958089500665665,64
A0A1C5V0T2,arginine,Di,0.18433140963315964,65
A0A1C5V0T2,arginine,Mono,0.21232784539461136,55
A0A1C5V0T2,arginine,Tri,0.21854621917009354,50
A0A1C5V0T2,asparagine,Di,0.301508367061615,24
A0A1C5V0T2,asparagine,Mono,0.2907659411430359,27
A0A1C5V0T2,asparagine,Tri,0.28535738587379456,28
A0A1C5V0T2,cadaverine,Di,0.21442583203315735,52
A0A1C5V0T2,cadaverine,Mono,0.20105942338705063,60
A0A1C5V0T2,cadaverine,Tri,0.21417102962732315,53
A0A1C5V0T2,citrulline,Di,0.3451586365699768,11
A0A1C5V0T2,citrulline,Mono,0.35970136523246765,8
A0A1C5V0T2,citrulline,Tri,0.336672306060791,17
A0A1C5V0T2,cystine,Di,0.16532570868730545,69
A0A1C5V0T2,cystine,Mono,0.2357497364282608,44
A0A1C5V0T2,cystine,Tri,0.19905675947666168,61
A0A1C5V0T2,dopamine,Di,0.23770025372505188,43
A0A1C5V0T2,dopamine,Mono,0.25422118604183197,36
A0A1C5V0T2,dopamine,Tri,0.242740660905838,41
A0A1C5V0T2,gaba,Di,0.19120732694864273,62
A0A1C5V0T2,gaba,Mono,0.2025359719991684,59
A0A1C5V0T2,gaba,Tri,0.20832115411758423,58
A0A1C5V0T2,glutamine,Di,0.36909520626068115,5
A0A1C5V0T2,glutamine,Mono,0.3041555732488632,23
A0A1C5V0T2,glutamine,Tri,0.2984157055616379,25
A0A1C5V0T2,glyglycine,Di,0.10711632296442986,74
A0A1C5V0T2,glyglycine,Mono,0.16669725626707077,68
A0A1C5V0T2,glyglycine,Tri,0.11027571931481361,73
A0A1C5V0T2,histidine,Di,0.3115481585264206,21
A0A1C5V0T2,histidine,Mono,0.34089159965515137,14
A0A1C5V0T2,histidine,Tri,0.34344130754470825,13
A0A1C5V0T2,lysine,Di,0.22236285358667374,48
A0A1C5V0T2,lysine,Mono,0.21569890528917313,51
A0A1C5V0T2,lysine,Tri,0.2314879298210144,45
A0A1C5V0T2,methionine,Di,0.1533953994512558,70
A0A1C5V0T2,methionine,Mono,0.19023709744215012,63
A0A1C5V0T2,methionine,Tri,0.1815412938594818,66
A0A1C5V0T2,ornithine,Di,0.22065193206071854,49
A0A1C5V0T2,ornithine,Mono,0.21279771625995636,54
A0A1C5V0T2,ornithine,Tri,0.26574431359767914,34
A0A1C5V0T2,phenylalanine,Di,0.3685799241065979,6
A0A1C5V0T2,phenylalanine,Mono,0.35449860990047455,9
A0A1C5V0T2,phenylalanine,Tri,0.3309985548257828,18
A0A1C5V0T2,proline,Di,0.2566141337156296,35
A0A1C5V0T2,proline,Mono,0.3450988680124283,12
A0A1C5V0T2,proline,Tri,0.20951156318187714,56
A0A1C5V0T2,putrescine,Di,0.24811732023954391,39
A0A1C5V0T2,putrescine,Mono,0.24671590328216553,40
A0A1C5V0T2,putrescine,Tri,0.20903652906417847,57
A0A1C5V0T2,serine,Di,0.3615209311246872,7
A0A1C5V0T2,serine,Mono,0.32658298313617706,19
A0A1C5V0T2,serine,Tri,0.3383418023586273,15
A0A1C5V0T2,serotonin,Di,0.28013984858989716,30
A0A1C5V0T2,serotonin,Mono,0.2540208548307419,37
A0A1C5V0T2,serotonin,Tri,0.29747721552848816,26
A0A1C5V0T2,threonine,Di,0.42691493034362793,1
A0A1C5V0T2,threonine,Mono,0.38832856714725494,2
A0A1C5V0T2,threonine,Tri,0.37187807261943817,4
A0A1C5V0T2,tryptamine,Di,0.2522321343421936,38
A0A1C5V0T2,tryptamine,Mono,0.22345703095197678,47
A0A1C5V0T2,tryptamine,Tri,0.24229925870895386,42
A0A1C5V0T2,tyramine,Di,0.2804536521434784,29
A0A1C5V0T2,tyramine,Mono,0.2749369889497757,32
A0A1C5V0T2,tyramine,Tri,0.26842279732227325,33
A0A1C5VKY6,"2,3_diaminopropionic acid",Di,0.33272111415863037,10
A0A1C5VKY6,"2,3_diaminopropionic acid",Mono,0.23829302936792374,39
A0A1C5VKY6,"2,3_diaminopropionic acid",Tri,0.33685265481472015,8
A0A1C5VKY6,2_aminophenol,Di,0.3594192713499069,2
A0A1C5VKY6,2_aminophenol,Mono,0.26942189782857895,28
A0A1C5VKY6,2_aminophenol,Tri,0.30169427394866943,19
A0A1C5VKY6,3_methoxytyramine,Di,0.09918518736958504,72
A0A1C5VKY6,3_methoxytyramine,Mono,0.11382367461919785,71
A0A1C5VKY6,3_methoxytyramine,Tri,0.07953937351703644,74
A0A1C5VKY6,alanine,Di,0.1311340034008026,68
A0A1C5VKY6,alanine,Mono,0.1837904304265976,60
A0A1C5VKY6,alanine,Tri,0.15397997945547104,65
A0A1C5VKY6,arginine,Di,0.17012372612953186,62
A0A1C5VKY6,arginine,Mono,0.18721308559179306,56
A0A1C5VKY6,arginine,Tri,0.20666222274303436,48
A0A1C5VKY6,asparagine,Di,0.28081805258989334,24
A0A1C5VKY6,asparagine,Mono,0.26245978474617004,31
A0A1C5VKY6,asparagine,Tri,0.2742687612771988,25
A0A1C5VKY6,cadaverine,Di,0.20099058002233505,52
A0A1C5VKY6,cadaverine,Mono,0.16917909681797028,63
A0A1C5VKY6,cadaverine,Tri,0.2023269385099411,51
A0A1C5VKY6,citrulline,Di,0.3185122013092041,15
A0A1C5VKY6,citrulline,Mono,0.31684108823537827,16
A0A1C5VKY6,citrulline,Tri,0.3151562958955765,17
A0A1C5VKY6,cystine,Di,0.15456223115324974,64
A0A1C5VKY6,cystine,Mono,0.21329641342163086,46
A0A1C5VKY6,cystine,Tri,0.19259557873010635,55
A0A1C5VKY6,dopamine,Di,0.23046846687793732,42
A0A1C5VKY6,dopamine,Mono,0.23667848110198975,40
A0A1C5VKY6,dopamine,Tri,0.2401546910405159,38
A0A1C5VKY6,gaba,Di,0.1867794319987297,57
A0A1C5VKY6,gaba,Mono,0.1822599545121193,61
A0A1C5VKY6,gaba,Tri,0.19951879233121872,53
A0A1C5VKY6,glutamine,Di,0.3564453721046448,5
A0A1C5VKY6,glutamine,Mono,0.27140093594789505,26
A0A1C5VKY6,glutamine,Tri,0.29846133291721344,20
A0A1C5VKY6,glyglycine,Di,0.07284030318260193,75
A0A1C5VKY6,glyglycine,Mono,0.12886004522442818,69
A0A1C5VKY6,glyglycine,Tri,0.08548983559012413,73
A0A1C5VKY6,histidine,Di,0.2941732108592987,22
A0A1C5VKY6,histidine,Mono,0.3089832365512848,18
A0A1C5VKY6,histidine,Tri,0.33534523844718933,9
A0A1C5VKY6,lysine,Di,0.216713048517704,45
A0A1C5VKY6,lysine,Mono,0.1863456889986992,59
A0A1C5VKY6,lysine,Tri,0.21826884150505066,44
A0A1C5VKY6,methionine,Di,0.12320199236273766,70
A0A1C5VKY6,methionine,Mono,0.14513901248574257,67
A0A1C5VKY6,methionine,Tri,0.15320507436990738,66
A0A1C5VKY6,ornithine,Di,0.20897846668958664,47
A0A1C5VKY6,ornithine,Mono,0.1867782399058342,58
A0A1C5VKY6,ornithine,Tri,0.2571747303009033,33
A0A1C5VKY6,phenylalanine,Di,0.3566301763057709,4
A0A1C5VKY6,phenylalanine,Mono,0.32449866831302643,11
A0A1C5VKY6,phenylalanine,Tri,0.3226080536842346,12
A0A1C5VKY6,proline,Di,0.2418566644191742,36
A0A1C5VKY6,proline,Mono,0.3185651898384094,14
A0A1C5VKY6,proline,Tri,0.19362929463386536,54
A0A1C5VKY6,putrescine,Di,0.2458963543176651,35
A0A1C5VKY6,putrescine,Mono,0.2274256870150566,43
A0A1C5VKY6,putrescine,Tri,0.20470696687698364,49
A0A1C5VKY6,serine,Di,0.3415377289056778,7
A0A1C5VKY6,serine,Mono,0.29089049249887466,23
A0A1C5VKY6,serine,Tri,0.3215804249048233,13
A0A1C5VKY6,serotonin,Di,0.2676452547311783,29
A0A1C5VKY6,serotonin,Mono,0.23350998759269714,41
A0A1C5VKY6,serotonin,Tri,0.29472608864307404,21
A0A1C5VKY6,threonine,Di,0.4039899706840515,1
A0A1C5VKY6,threonine,Mono,0.3591008335351944,3
A0A1C5VKY6,threonine,Tri,0.34984415769577026,6
A0A1C5VKY6,tryptamine,Di,0.2488570213317871,34
A0A1C5VKY6,tryptamine,Mono,0.2029884159564972,50
A0A1C5VKY6,tryptamine,Tri,0.24113204330205917,37
A0A1C5VKY6,tyramine,Di,0.26956628262996674,27
A0A1C5VKY6,tyramine,Mono,0.2599107325077057,32
A0A1C5VKY6,tyramine,Tri,0.2659652531147003,30
A0A1C5X749,"2,3_diaminopropionic acid",Di,0.3513074666261673,8
A0A1C5X749,"2,3_diaminopropionic acid",Mono,0.26833056658506393,33
A0A1C5X749,"2,3_diaminopropionic acid",Tri,0.343135803937912,10
A0A1C5X749,2_aminophenol,Di,0.37292081117630005,3
A0A1C5X749,2_aminophenol,Mono,0.290610134601593,26
A0A1C5X749,2_aminophenol,Tri,0.3119463324546814,20
A0A1C5X749,3_methoxytyramine,Di,0.1150379553437233,72
A0A1C5X749,3_methoxytyramine,Mono,0.1320439651608467,71
A0A1C5X749,3_methoxytyramine,Tri,0.09074688330292702,75
A0A1C5X749,alanine,Di,0.15562434494495392,69
A0A1C5X749,alanine,Mono,0.20960798859596252,56
A0A1C5X749,alanine,Tri,0.16967365890741348,65
A0A1C5X749,arginine,Di,0.18708667159080505,63
A0A1C5X749,arginine,Mono,0.21740667894482613,51
A0A1C5X749,arginine,Tri,0.21835507452487946,50
A0A1C5X749,asparagine,Di,0.2921516001224518,24
A0A1C5X749,asparagine,Mono,0.2801611125469208,30
A0A1C5X749,asparagine,Tri,0.28221216797828674,28
A0A1C5X749,cadaverine,Di,0.21894903481006622,49
A0A1C5X749,cadaverine,Mono,0.1980694681406021,61
A0A1C5X749,cadaverine,Tri,0.21313580125570297,52
A0A1C5X749,citrulline,Di,0.32984890043735504,16
A0A1C5X749,citrulline,Mono,0.3370436280965805,12
A0A1C5X749,citrulline,Tri,0.32166437804698944,18
A0A1C5X749,cystine,Di,0.1730836033821106,64
A0A1C5X749,cystine,Mono,0.23920901864767075,44
A0A1C5X749,cystine,Tri,0.20272070169448853,60
A0A1C5X749,dopamine,Di,0.24278713762760162,43
A0A1C5X749,dopamine,Mono,0.25535424053668976,37
A0A1C5X749,dopamine,Tri,0.2488592118024826,40
A0A1C5X749,gaba,Di,0.20366652309894562,59
A0A1C5X749,gaba,Mono,0.2074233889579773,57
A0A1C5X749,gaba,Tri,0.20965319871902466,55
A0A1C5X749,glutamine,Di,0.36473381519317627,5
A0A1C5X749,glutamine,Mono,0.29163819551467896,25
A0A1C5X749,glutamine,Tri,0.29818321764469147,23
A0A1C5X749,glyglycine,Di,0.09851150214672089,74
A0A1C5X749,glyglycine,Mono,0.15795967727899551,68
A0A1C5X749,glyglycine,Tri,0.10061492770910263,73
A0A1C5X749,histidine,Di,0.30212636291980743,22
A0A1C5X749,histidine,Mono,0.32701425999403,17
A0A1C5X749,histidine,Tri,0.33743005990982056,11
A0A1C5X749,lysine,Di,0.22958000004291534,46
A0A1C5X749,lysine,Mono,0.21115267276763916,53
A0A1C5X749,lysine,Tri,0.23129553347826004,45
A0A1C5X749,methionine,Di,0.13684269040822983,70
A0A1C5X749,methionine,Mono,0.16901978105306625,66
A0A1C5X749,methionine,Tri,0.16109341382980347,67
A0A1C5X749,ornithine,Di,0.2239413931965828,47
A0A1C5X749,ornithine,Mono,0.20735781639814377,58
A0A1C5X749,ornithine,Tri,0.2655218094587326,34
A0A1C5X749,phenylalanine,Di,0.3679865300655365,4
A0A1C5X749,phenylalanine,Mono,0.34367991983890533,9
A0A1C5X749,phenylalanine,Tri,0.33036261796951294,15
A0A1C5X749,proline,Di,0.2442115694284439,42
A0A1C5X749,proline,Mono,0.3339627981185913,13
A0A1C5X749,proline,Tri,0.19799163192510605,62
A0A1C5X749,putrescine,Di,0.25827258080244064,35
A0A1C5X749,putrescine,Mono,0.25081005692481995,39
A0A1C5X749,putrescine,Tri,0.21063219755887985,54
A0A1C5X749,serine,Di,0.35137851536273956,7
A0A1C5X749,serine,Mono,0.31420452892780304,19
A0A1C5X749,serine,Tri,0.33038634061813354,14
A0A1C5X749,serotonin,Di,0.28217729926109314,29
A0A1C5X749,serotonin,Mono,0.2518227845430374,38
A0A1C5X749,serotonin,Tri,0.30342985689640045,21
A0A1C5X749,threonine,Di,0.42007529735565186,1
A0A1C5X749,threonine,Mono,0.3816397488117218,2
A0A1C5X749,threonine,Tri,0.36067114770412445,6
A0A1C5X749,tryptamine,Di,0.25614599883556366,36
A0A1C5X749,tryptamine,Mono,0.22127355635166168,48
A0A1C5X749,tryptamine,Tri,0.247287780046463,41
A0A1C5X749,tyramine,Di,0.284311980009079,27
A0A1C5X749,tyramine,Mono,0.27778148651123047,31
A0A1C5X749,tyramine,Tri,0.2752443477511406,32
A0A1C6A728,"2,3_diaminopropionic acid",Di,0.36023974418640137,9
A0A1C6A728,"2,3_diaminopropionic acid",Mono,0.2681964039802551,39
A0A1C6A728,"2,3_diaminopropionic acid",Tri,0.3654030114412308,8
A0A1C6A728,2_aminophenol,Di,0.38551658391952515,4
A0A1C6A728,2_aminophenol,Mono,0.29652146995067596,30
A0A1C6A728,2_aminophenol,Tri,0.333567276597023,20
A0A1C6A728,3_methoxytyramine,Di,0.13547563552856445,72
A0A1C6A728,3_methoxytyramine,Mono,0.14741992950439453,71
A0A1C6A728,3_methoxytyramine,Tri,0.11458886414766312,74
A0A1C6A728,alanine,Di,0.16007856652140617,69
A0A1C6A728,alanine,Mono,0.21442820876836777,57
A0A1C6A728,alanine,Tri,0.18033406883478165,66
A0A1C6A728,arginine,Di,0.19969747960567474,63
A0A1C6A728,arginine,Mono,0.21858186647295952,56
A0A1C6A728,arginine,Tri,0.23457665741443634,50
A0A1C6A728,asparagine,Di,0.3042348623275757,25
A0A1C6A728,asparagine,Mono,0.28973329067230225,32
A0A1C6A728,asparagine,Tri,0.30475078523159027,24
A0A1C6A728,cadaverine,Di,0.2306356579065323,53
A0A1C6A728,cadaverine,Mono,0.2007705718278885,62
A0A1C6A728,cadaverine,Tri,0.23580525070428848,47
A0A1C6A728,citrulline,Di,0.3436591774225235,16
A0A1C6A728,citrulline,Mono,0.3439785838127136,15
A0A1C6A728,citrulline,Tri,0.34259313344955444,17
A0A1C6A728,cystine,Di,0.18515891581773758,64
A0A1C6A728,cystine,Mono,0.24604041874408722,45
A0A1C6A728,cystine,Tri,0.2260570228099823,54
A0A1C6A728,dopamine,Di,0.2652265578508377,41
A0A1C6A728,dopamine,Mono,0.2703096941113472,38
A0A1C6A728,dopamine,Tri,0.2773111015558243,35
A0A1C6A728,gaba,Di,0.21310371160507202,58
A0A1C6A728,gaba,Mono,0.21112505346536636,61
A0A1C6A728,gaba,Tri,0.2335970178246498,52
A0A1C6A728,glutamine,Di,0.3775351047515869,5
A0A1C6A728,glutamine,Mono,0.2972612679004669,29
A0A1C6A728,glutamine,Tri,0.3201185315847397,21
A0A1C6A728,glyglycine,Di,0.11299146711826324,75
A0A1C6A728,glyglycine,Mono,0.1638508290052414,68
A0A1C6A728,glyglycine,Tri,0.12369541078805923,73
A0A1C6A728,histidine,Di,0.31951428949832916,22
A0A1C6A728,histidine,Mono,0.33725515753030777,18
A0A1C6A728,histidine,Tri,0.35951516032218933,10
A0A1C6A728,lysine,Di,0.24052861332893372,46
A0A1C6A728,lysine,Mono,0.2129695639014244,59
A0A1C6A728,lysine,Tri,0.24751043319702148,44
A0A1C6A728,methionine,Di,0.14833538234233856,70
A0A1C6A728,methionine,Mono,0.17234494537115097,67
A0A1C6A728,methionine,Tri,0.18059924989938736,65
A0A1C6A728,ornithine,Di,0.23441507667303085,51
A0A1C6A728,ornithine,Mono,0.21134966611862183,60
A0A1C6A728,ornithine,Tri,0.2878277823328972,33
A0A1C6A728,phenylalanine,Di,0.3907841593027115,2
A0A1C6A728,phenylalanine,Mono,0.35718780755996704,11
A0A1C6A728,phenylalanine,Tri,0.3558313548564911,12
A0A1C6A728,proline,Di,0.26088541746139526,42
A0A1C6A728,proline,Mono,0.34521330893039703,14
A0A1C6A728,proline,Tri,0.22090423107147217,55
A0A1C6A728,putrescine,Di,0.2726557105779648,37
A0A1C6A728,putrescine,Mono,0.2570425719022751,43
A0A1C6A728,putrescine,Tri,0.23544907569885254,49
A0A1C6A728,serine,Di,0.36930643022060394,7
A0A1C6A728,serine,Mono,0.31880006194114685,23
A0A1C6A728,serine,Tri,0.3521403670310974,13
A0A1C6A728,serotonin,Di,0.30148446559906006,27
A0A1C6A728,serotonin,Mono,0.26679761707782745,40
A0A1C6A728,serotonin,Tri,0.334169864654541,19
A0A1C6A728,threonine,Di,0.4269767105579376,1
A0A1C6A728,threonine,Mono,0.38999955356121063,3
A0A1C6A728,threonine,Tri,0.3759092688560486,6
A0A1C6A728,tryptamine,Di,0.27819110453128815,34
A0A1C6A728,tryptamine,Mono,0.23566891252994537,48
A0A1C6A728,tryptamine,Tri,0.27528589218854904,36
A0A1C6A728,tyramine,Di,0.3027702569961548,26
A0A1C6A728,tyramine,Mono,0.2901732474565506,31
A0A1C6A728,tyramine,Tri,0.30010539293289185,28
A0A1C6E6X3,"2,3_diaminopropionic acid",Di,0.35374806821346283,8
A0A1C6E6X3,"2,3_diaminopropionic acid",Mono,0.2680758386850357,34
A0A1C6E6X3,"2,3_diaminopropionic acid",Tri,0.34710177779197693,9
A0A1C6E6X3,2_aminophenol,Di,0.37585023045539856,3
A0A1C6E6X3,2_aminophenol,Mono,0.291644349694252,26
A0A1C6E6X3,2_aminophenol,Tri,0.3180554211139679,19
A0A1C6E6X3,3_methoxytyramine,Di,0.10855858772993088,72
A0A1C6E6X3,3_methoxytyramine,Mono,0.13692257553339005,71
A0A1C6E6X3,3_methoxytyramine,Tri,0.09056790173053741,75
A0A1C6E6X3,alanine,Di,0.15356609225273132,68
A0A1C6E6X3,alanine,Mono,0.20812849700450897,58
A0A1C6E6X3,alanine,Tri,0.17117422074079514,65
A0A1C6E6X3,arginine,Di,0.18199603259563446,63
A0A1C6E6X3,arginine,Mono,0.2120543271303177,54
A0A1C6E6X3,arginine,Tri,0.22290323674678802,48
A0A1C6E6X3,asparagine,Di,0.295379102230072,24
A0A1C6E6X3,asparagine,Mono,0.2834974601864815,29
A0A1C6E6X3,asparagine,Tri,0.2854067236185074,27
A0A1C6E6X3,cadaverine,Di,0.21914556622505188,52
A0A1C6E6X3,cadaverine,Mono,0.19670476019382477,62
A0A1C6E6X3,cadaverine,Tri,0.22078147530555725,50
A0A1C6E6X3,citrulline,Di,0.33358272910118103,16
A0A1C6E6X3,citrulline,Mono,0.33623261749744415,13
A0A1C6E6X3,citrulline,Tri,0.32962362468242645,18
A0A1C6E6X3,cystine,Di,0.1780191957950592,64
A0A1C6E6X3,cystine,Mono,0.2408783882856369,44
A0A1C6E6X3,cystine,Tri,0.20921500027179718,55
A0A1C6E6X3,dopamine,Di,0.24413253366947174,43
A0A1C6E6X3,dopamine,Mono,0.2561778202652931,39
A0A1C6E6X3,dopamine,Tri,0.25664880126714706,38
A0A1C6E6X3,gaba,Di,0.2027786523103714,60
A0A1C6E6X3,gaba,Mono,0.20376337319612503,59
A0A1C6E6X3,gaba,Tri,0.21909932792186737,53
A0A1C6E6X3,glutamine,Di,0.36833490431308746,4
A0A1C6E6X3,glutamine,Mono,0.295275554060936,25
A0A1C6E6X3,glutamine,Tri,0.30220817029476166,23
A0A1C6E6X3,glyglycine,Di,0.09169919043779373,74
A0A1C6E6X3,glyglycine,Mono,0.15323660522699356,69
A0A1C6E6X3,glyglycine,Tri,0.1058172956109047,73
A0A1C6E6X3,histidine,Di,0.30571359395980835,22
A0A1C6E6X3,histidine,Mono,0.33076728880405426,17
A0A1C6E6X3,histidine,Tri,0.34489797055721283,11
A0A1C6E6X3,lysine,Di,0.22711676359176636,46
A0A1C6E6X3,lysine,Mono,0.2089080810546875,56
A0A1C6E6X3,lysine,Tri,0.23917381465435028,45
A0A1C6E6X3,methionine,Di,0.13870730251073837,70
A0A1C6E6X3,methionine,Mono,0.17022962123155594,66
A0A1C6E6X3,methionine,Tri,0.1698962301015854,67
A0A1C6E6X3,ornithine,Di,0.22303491830825806,47
A0A1C6E6X3,ornithine,Mono,0.20875874161720276,57
A0A1C6E6X3,ornithine,Tri,0.2763715386390686,33
A0A1C6E6X3,phenylalanine,Di,0.3681301921606064,5
A0A1C6E6X3,phenylalanine,Mono,0.34542228281497955,10
A0A1C6E6X3,phenylalanine,Tri,0.3350980430841446,14
A0A1C6E6X3,proline,Di,0.2480870634317398,42
A0A1C6E6X3,proline,Mono,0.33466707170009613,15
A0A1C6E6X3,proline,Tri,0.19897101074457169,61
A0A1C6E6X3,putrescine,Di,0.2609785944223404,35
A0A1C6E6X3,putrescine,Mono,0.2506345212459564,41
A0A1C6E6X3,putrescine,Tri,0.22050152719020844,51
A0A1C6E6X3,serine,Di,0.3570716083049774,7
A0A1C6E6X3,serine,Mono,0.31551985442638397,20
A0A1C6E6X3,serine,Tri,0.33881875872612,12
A0A1C6E6X3,serotonin,Di,0.2828271687030792,30
A0A1C6E6X3,serotonin,Mono,0.2538846582174301,40
A0A1C6E6X3,serotonin,Tri,0.3114916831254959,21
A0A1C6E6X3,threonine,Di,0.4248599112033844,1
A0A1C6E6X3,threonine,Mono,0.3857075721025467,2
A0A1C6E6X3,threonine,Tri,0.366940975189209,6
A0A1C6E6X3,tryptamine,Di,0.25977909564971924,36
A0A1C6E6X3,tryptamine,Mono,0.22276537865400314,49
A0A1C6E6X3,tryptamine,Tri,0.2582927569746971,37
A0A1C6E6X3,tyramine,Di,0.2846967279911041,28
A0A1C6E6X3,tyramine,Mono,0.28149113059043884,32
A0A1C6E6X3,tyramine,Tri,0.28156645596027374,31
A0A1C6E707,"2,3_diaminopropionic acid",Di,0.1837594285607338,8
A0A1C6E707,"2,3_diaminopropionic acid",Mono,0.0888469610363245,41
A0A1C6E707,"2,3_diaminopropionic acid",Tri,0.17700327932834625,10
A0A1C6E707,2_aminophenol,Di,0.15845447778701782,14
A0A1C6E707,2_aminophenol,Mono,0.10477078519761562,34
A0A1C6E707,2_aminophenol,Tri,0.13625133782625198,25
A0A1C6E707,3_methoxytyramine,Di,0.05655618757009506,56
A0A1C6E707,3_methoxytyramine,Mono,-0.06657680124044418,75
A0A1C6E707,3_methoxytyramine,Tri,-0.006139822769910097,73
A0A1C6E707,alanine,Di,0.06590766459703445,48
A0A1C6E707,alanine,Mono,0.05541897565126419,57
A0A1C6E707,alanine,Tri,0.05027084797620773,60
A0A1C6E707,arginine,Di,0.1279039867222309,29
A0A1C6E707,arginine,Mono,0.06544474931433797,49
A0A1C6E707,arginine,Tri,0.12265552580356598,31
A0A1C6E707,asparagine,Di,0.1193089634180069,32
A0A1C6E707,asparagine,Mono,0.13316233083605766,26
A0A1C6E707,asparagine,Tri,0.13877365738153458,21
A0A1C6E707,cadaverine,Di,0.07218149304389954,47
A0A1C6E707,cadaverine,Mono,0.02754422975704074,66
A0A1C6E707,cadaverine,Tri,0.08990810811519623,39
A0A1C6E707,citrulline,Di,0.14032988995313644,20
A0A1C6E707,citrulline,Mono,0.14161591604351997,18
A0A1C6E707,citrulline,Tri,0.13633905351161957,24
A0A1C6E707,cystine,Di,0.0014120687264949083,70
A0A1C6E707,cystine,Mono,0.020390324294567108,67
A0A1C6E707,cystine,Tri,0.04728340357542038,61
A0A1C6E707,dopamine,Di,0.09882889688014984,36
A0A1C6E707,dopamine,Mono,0.03886731015518308,63
A0A1C6E707,dopamine,Tri,0.08553949557244778,43
A0A1C6E707,gaba,Di,0.027812223881483078,65
A0A1C6E707,gaba,Mono,0.002546926960349083,69
A0A1C6E707,gaba,Tri,0.06247188523411751,53
A0A1C6E707,glutamine,Di,0.17850998044013977,9
A0A1C6E707,glutamine,Mono,0.14072157628834248,19
A0A1C6E707,glutamine,Tri,0.1468980833888054,16
A0A1C6E707,glyglycine,Di,0.0971655584871769,37
A0A1C6E707,glyglycine,Mono,-0.00038056354969739914,71
A0A1C6E707,glyglycine,Tri,0.005496036261320114,68
A0A1C6E707,histidine,Di,0.18903199583292007,6
A0A1C6E707,histidine,Mono,0.187302827835083,7
A0A1C6E707,histidine,Tri,0.16530141979455948,11
A0A1C6E707,lysine,Di,0.07745734974741936,46
A0A1C6E707,lysine,Mono,-0.0014793230220675468,72
A0A1C6E707,lysine,Tri,0.08811453357338905,42
A0A1C6E707,methionine,Di,0.06306458078324795,52
A0A1C6E707,methionine,Mono,0.06340427976101637,51
A0A1C6E707,methionine,Tri,0.08535068482160568,44
A0A1C6E707,ornithine,Di,0.05492589250206947,58
A0A1C6E707,ornithine,Mono,-0.023221538634970784,74
A0A1C6E707,ornithine,Tri,0.09586061164736748,38
A0A1C6E707,phenylalanine,Di,0.25933609157800674,1
A0A1C6E707,phenylalanine,Mono,0.19260121881961823,5
A0A1C6E707,phenylalanine,Tri,0.205324225127697,3
A0A1C6E707,proline,Di,0.04536365158855915,62
A0A1C6E707,proline,Mono,0.1461484581232071,17
A0A1C6E707,proline,Tri,0.05759327672421932,55
A0A1C6E707,putrescine,Di,0.08453921228647232,45
A0A1C6E707,putrescine,Mono,0.052013680688105524,59
A0A1C6E707,putrescine,Tri,0.08980812504887581,40
A0A1C6E707,serine,Di,0.20027247816324234,4
A0A1C6E707,serine,Mono,0.14991511404514313,15
A0A1C6E707,serine,Tri,0.16124045848846436,12
A0A1C6E707,serotonin,Di,0.11897846311330795,33
A0A1C6E707,serotonin,Mono,0.06517944857478142,50
A0A1C6E707,serotonin,Tri,0.1371118351817131,22
A0A1C6E707,threonine,Di,0.2137608453631401,2
A0A1C6E707,threonine,Mono,0.12580916937440634,30
A0A1C6E707,threonine,Tri,0.15972322970628738,13
A0A1C6E707,tryptamine,Di,0.1368672102689743,23
A0A1C6E707,tryptamine,Mono,0.06009504199028015,54
A0A1C6E707,tryptamine,Tri,0.1300530582666397,27
A0A1C6E707,tyramine,Di,0.12801754847168922,28
A0A1C6E707,tyramine,Mono,0.03187571465969086,64
A0A1C6E707,tyramine,Tri,0.10433845967054367,35
A0A1C6FDU7,"2,3_diaminopropionic acid",Di,0.3495013564825058,10
A0A1C6FDU7,"2,3_diaminopropionic acid",Mono,0.27310819178819656,31
A0A1C6FDU7,"2,3_diaminopropionic acid",Tri,0.32523171603679657,18
A0A1C6FDU7,2_aminophenol,Di,0.37842288613319397,3
A0A1C6FDU7,2_aminophenol,Mono,0.298141747713089,24
A0A1C6FDU7,2_aminophenol,Tri,0.3061278164386749,21
A0A1C6FDU7,3_methoxytyramine,Di,0.1120063029229641,72
A0A1C6FDU7,3_methoxytyramine,Mono,0.13280296325683594,71
A0A1C6FDU7,3_methoxytyramine,Tri,0.08307037502527237,75
A0A1C6FDU7,alanine,Di,0.17472262680530548,67
A0A1C6FDU7,alanine,Mono,0.22142234444618225,48
A0A1C6FDU7,alanine,Tri,0.1858522742986679,64
A0A1C6FDU7,arginine,Di,0.1833586022257805,65
A0A1C6FDU7,arginine,Mono,0.21050643920898438,54
A0A1C6FDU7,arginine,Tri,0.2157108262181282,51
A0A1C6FDU7,asparagine,Di,0.3040130138397217,23
A0A1C6FDU7,asparagine,Mono,0.29040955752134323,26
A0A1C6FDU7,asparagine,Tri,0.27927248179912567,29
A0A1C6FDU7,cadaverine,Di,0.21786416321992874,50
A0A1C6FDU7,cadaverine,Mono,0.201621875166893,58
A0A1C6FDU7,cadaverine,Tri,0.20568592846393585,55
A0A1C6FDU7,citrulline,Di,0.339040145277977,12
A0A1C6FDU7,citrulline,Mono,0.3517037034034729,8
A0A1C6FDU7,citrulline,Tri,0.32526546716690063,17
A0A1C6FDU7,cystine,Di,0.17247413843870163,68
A0A1C6FDU7,cystine,Mono,0.23938700556755066,41
A0A1C6FDU7,cystine,Tri,0.18943388760089874,62
A0A1C6FDU7,dopamine,Di,0.23349866271018982,42
A0A1C6FDU7,dopamine,Mono,0.24701396375894547,39
A0A1C6FDU7,dopamine,Tri,0.22899837046861649,44
A0A1C6FDU7,gaba,Di,0.19787295907735825,60
A0A1C6FDU7,gaba,Mono,0.20441091805696487,56
A0A1C6FDU7,gaba,Tri,0.2021084874868393,57
A0A1C6FDU7,glutamine,Di,0.37440773844718933,4
A0A1C6FDU7,glutamine,Mono,0.30464767664670944,22
A0A1C6FDU7,glutamine,Tri,0.2962547093629837,25
A0A1C6FDU7,glyglycine,Di,0.10272973775863647,73
A0A1C6FDU7,glyglycine,Mono,0.15950995683670044,69
A0A1C6FDU7,glyglycine,Tri,0.1005716510117054,74
A0A1C6FDU7,histidine,Di,0.310971662402153,20
A0A1C6FDU7,histidine,Mono,0.3373846709728241,13
A0A1C6FDU7,histidine,Tri,0.3368210792541504,14
A0A1C6FDU7,lysine,Di,0.22677116096019745,45
A0A1C6FDU7,lysine,Mono,0.2150711938738823,52
A0A1C6FDU7,lysine,Tri,0.2259846329689026,46
A0A1C6FDU7,methionine,Di,0.15570693463087082,70
A0A1C6FDU7,methionine,Mono,0.1874767690896988,63
A0A1C6FDU7,methionine,Tri,0.17501625418663025,66
A0A1C6FDU7,ornithine,Di,0.2233632653951645,47
A0A1C6FDU7,ornithine,Mono,0.21171817183494568,53
A0A1C6FDU7,ornithine,Tri,0.2605683505535126,33
A0A1C6FDU7,phenylalanine,Di,0.36484256386756897,6
A0A1C6FDU7,phenylalanine,Mono,0.35098299384117126,9
A0A1C6FDU7,phenylalanine,Tri,0.3239585608243942,19
A0A1C6FDU7,proline,Di,0.25082075595855713,37
A0A1C6FDU7,proline,Mono,0.3397618681192398,11
A0A1C6FDU7,proline,Tri,0.19383832812309265,61
A0A1C6FDU7,putrescine,Di,0.24935932457447052,38
A0A1C6FDU7,putrescine,Mono,0.24688216298818588,40
A0A1C6FDU7,putrescine,Tri,0.20079103112220764,59
A0A1C6FDU7,serine,Di,0.36487770080566406,5
A0A1C6FDU7,serine,Mono,0.3273879140615463,16
A0A1C6FDU7,serine,Tri,0.3317723274230957,15
A0A1C6FDU7,serotonin,Di,0.28168831765651703,28
A0A1C6FDU7,serotonin,Mono,0.2512707933783531,36
A0A1C6FDU7,serotonin,Tri,0.2845749706029892,27
A0A1C6FDU7,threonine,Di,0.42551933228969574,1
A0A1C6FDU7,threonine,Mono,0.3837583661079407,2
A0A1C6FDU7,threonine,Tri,0.3592641204595566,7
A0A1C6FDU7,tryptamine,Di,0.25206219404935837,35
A0A1C6FDU7,tryptamine,Mono,0.21933163702487946,49
A0A1C6FDU7,tryptamine,Tri,0.23274560272693634,43
A0A1C6FDU7,tyramine,Di,0.276654988527298,30
A0A1C6FDU7,tyramine,Mono,0.2712383568286896,32
A0A1C6FDU7,tyramine,Tri,0.2560921534895897,34
A0A1C7H271,"2,3_diaminopropionic acid",Di,0.3298615515232086,15
A0A1C7H271,"2,3_diaminopropionic acid",Mono,0.27725978940725327,27
A0A1C7H271,"2,3_diaminopropionic acid",Tri,0.3235038220882416,17
A0A1C7H271,2_aminophenol,Di,0.34869419038295746,10
A0A1C7H271,2_aminophenol,Mono,0.3052295744419098,23
A0A1C7H271,2_aminophenol,Tri,0.2989700734615326,24
A0A1C7H271,3_methoxytyramine,Di,0.04063795413821936,74
A0A1C7H271,3_methoxytyramine,Mono,0.06805060245096684,72
A0A1C7H271,3_methoxytyramine,Tri,0.03509049490094185,75
A0A1C7H271,alanine,Di,0.1490958407521248,68
A0A1C7H271,alanine,Mono,0.22287774085998535,40
A0A1C7H271,alanine,Tri,0.16736967861652374,65
A0A1C7H271,arginine,Di,0.20902346819639206,45
A0A1C7H271,arginine,Mono,0.23571062088012695,34
A0A1C7H271,arginine,Tri,0.24692847579717636,32
A0A1C7H271,asparagine,Di,0.27758242189884186,26
A0A1C7H271,asparagine,Mono,0.3139057978987694,21
A0A1C7H271,asparagine,Tri,0.27359412610530853,28
A0A1C7H271,cadaverine,Di,0.20375221222639084,49
A0A1C7H271,cadaverine,Mono,0.20773360133171082,46
A0A1C7H271,cadaverine,Tri,0.21089187264442444,44
A0A1C7H271,citrulline,Di,0.3196210563182831,20
A0A1C7H271,citrulline,Mono,0.35676978528499603,7
A0A1C7H271,citrulline,Tri,0.3119824230670929,22
A0A1C7H271,cystine,Di,0.14715884625911713,69
A0A1C7H271,cystine,Mono,0.23032087832689285,35
A0A1C7H271,cystine,Tri,0.18621177971363068,60
A0A1C7H271,dopamine,Di,0.1838795319199562,61
A0A1C7H271,dopamine,Mono,0.20323201268911362,50
A0A1C7H271,dopamine,Tri,0.17985841631889343,62
A0A1C7H271,gaba,Di,0.17368008196353912,63
A0A1C7H271,gaba,Mono,0.19806966185569763,53
A0A1C7H271,gaba,Tri,0.19364327192306519,58
A0A1C7H271,glutamine,Di,0.3641204684972763,6
A0A1C7H271,glutamine,Mono,0.3361501097679138,13
A0A1C7H271,glutamine,Tri,0.2959684133529663,25
A0A1C7H271,glyglycine,Di,0.09066860005259514,71
A0A1C7H271,glyglycine,Mono,0.1492977738380432,67
A0A1C7H271,glyglycine,Tri,0.052381970919668674,73
A0A1C7H271,histidine,Di,0.32201631367206573,18
A0A1C7H271,histidine,Mono,0.37196145951747894,4
A0A1C7H271,histidine,Tri,0.3375523090362549,12
A0A1C7H271,lysine,Di,0.2178398296236992,43
A0A1C7H271,lysine,Mono,0.20045924186706543,52
A0A1C7H271,lysine,Tri,0.2362314537167549,33
A0A1C7H271,methionine,Di,0.1328800991177559,70
A0A1C7H271,methionine,Mono,0.19468501210212708,57
A0A1C7H271,methionine,Tri,0.16871359944343567,64
A0A1C7H271,ornithine,Di,0.20663801580667496,47
A0A1C7H271,ornithine,Mono,0.1961720734834671,55
A0A1C7H271,ornithine,Tri,0.25455833971500397,31
A0A1C7H271,phenylalanine,Di,0.369196817278862,5
A0A1C7H271,phenylalanine,Mono,0.3777991682291031,3
A0A1C7H271,phenylalanine,Tri,0.3270445019006729,16
A0A1C7H271,proline,Di,0.21833675354719162,41
A0A1C7H271,proline,Mono,0.3558255434036255,8
A0A1C7H271,proline,Tri,0.19668465852737427,54
A0A1C7H271,putrescine,Di,0.22832341492176056,38
A0A1C7H271,putrescine,Mono,0.2570108026266098,30
A0A1C7H271,putrescine,Tri,0.20242057740688324,51
A0A1C7H271,serine,Di,0.34490275382995605,11
A0A1C7H271,serine,Mono,0.35238584876060486,9
A0A1C7H271,serine,Tri,0.3197041004896164,19
A0A1C7H271,serotonin,Di,0.23002031445503235,36
A0A1C7H271,serotonin,Mono,0.2062389850616455,48
A0A1C7H271,serotonin,Tri,0.2579639256000519,29
A0A1C7H271,threonine,Di,0.4026898890733719,1
A0A1C7H271,threonine,Mono,0.37873439490795135,2
A0A1C7H271,threonine,Tri,0.3344903886318207,14
A0A1C7H271,tryptamine,Di,0.19230511784553528,59
A0A1C7H271,tryptamine,Mono,0.16645240783691406,66
A0A1C7H271,tryptamine,Tri,0.1955886110663414,56
A0A1C7H271,tyramine,Di,0.22871026396751404,37
A0A1C7H271,tyramine,Mono,0.22304095327854156,39
A0A1C7H271,tyramine,Tri,0.21823110431432724,42
A0A1D2WV04,"2,3_diaminopropionic acid",Di,0.3595862537622452,10
A0A1D2WV04,"2,3_diaminopropionic acid",Mono,0.2874091863632202,34
A0A1D2WV04,"2,3_diaminopropionic acid",Tri,0.3439280241727829,15
A0A1D2WV04,2_aminophenol,Di,0.3855152428150177,4
A0A1D2WV04,2_aminophenol,Mono,0.3094494044780731,25
A0A1D2WV04,2_aminophenol,Tri,0.32078656554222107,20
A0A1D2WV04,3_methoxytyramine,Di,0.10816211067140102,73
A0A1D2WV04,3_methoxytyramine,Mono,0.14028683677315712,71
A0A1D2WV04,3_methoxytyramine,Tri,0.09154104068875313,75
A0A1D2WV04,alanine,Di,0.17385441064834595,68
A0A1D2WV04,alanine,Mono,0.2324586808681488,55
A0A1D2WV04,alanine,Tri,0.18420350551605225,66
A0A1D2WV04,arginine,Di,0.20096135139465332,63
A0A1D2WV04,arginine,Mono,0.23582836985588074,52
A0A1D2WV04,arginine,Tri,0.23379138857126236,54
A0A1D2WV04,asparagine,Di,0.31211569905281067,23
A0A1D2WV04,asparagine,Mono,0.301869161427021,29
A0A1D2WV04,asparagine,Tri,0.2948158383369446,31
A0A1D2WV04,cadaverine,Di,0.2368800789117813,50
A0A1D2WV04,cadaverine,Mono,0.22432320564985275,58
A0A1D2WV04,cadaverine,Tri,0.22687280923128128,56
A0A1D2WV04,citrulline,Di,0.34787434339523315,14
A0A1D2WV04,citrulline,Mono,0.3600236773490906,9
A0A1D2WV04,citrulline,Tri,0.33891093730926514,18
A0A1D2WV04,cystine,Di,0.1939360499382019,64
A0A1D2WV04,cystine,Mono,0.2645876407623291,41
A0A1D2WV04,cystine,Tri,0.2143714725971222,61
A0A1D2WV04,dopamine,Di,0.2570197060704231,44
A0A1D2WV04,dopamine,Mono,0.2725115567445755,37
A0A1D2WV04,dopamine,Tri,0.2595672234892845,42
A0A1D2WV04,gaba,Di,0.22353670001029968,59
A0A1D2WV04,gaba,Mono,0.23629985004663467,51
A0A1D2WV04,gaba,Tri,0.22612112760543823,57
A0A1D2WV04,glutamine,Di,0.3873642086982727,3
A0A1D2WV04,glutamine,Mono,0.31358151137828827,22
A0A1D2WV04,glutamine,Tri,0.30654071271419525,26
A0A1D2WV04,glyglycine,Di,0.10556459426879883,74
A0A1D2WV04,glyglycine,Mono,0.18218939006328583,67
A0A1D2WV04,glyglycine,Tri,0.11212944239377975,72
A0A1D2WV04,histidine,Di,0.3115294873714447,24
A0A1D2WV04,histidine,Mono,0.3439226597547531,16
A0A1D2WV04,histidine,Tri,0.3479798585176468,12
A0A1D2WV04,lysine,Di,0.24249184131622314,47
A0A1D2WV04,lysine,Mono,0.2379518374800682,49
A0A1D2WV04,lysine,Tri,0.24842332303524017,45
A0A1D2WV04,methionine,Di,0.15494131296873093,70
A0A1D2WV04,methionine,Mono,0.19035904109477997,65
A0A1D2WV04,methionine,Tri,0.1734558492898941,69
A0A1D2WV04,ornithine,Di,0.24440334737300873,46
A0A1D2WV04,ornithine,Mono,0.23429522663354874,53
A0A1D2WV04,ornithine,Tri,0.28767573833465576,33
A0A1D2WV04,phenylalanine,Di,0.37331536412239075,5
A0A1D2WV04,phenylalanine,Mono,0.361161008477211,8
A0A1D2WV04,phenylalanine,Tri,0.34038591384887695,17
A0A1D2WV04,proline,Di,0.2647520899772644,40
A0A1D2WV04,proline,Mono,0.35199321806430817,11
A0A1D2WV04,proline,Tri,0.20490999519824982,62
A0A1D2WV04,putrescine,Di,0.27004820108413696,39
A0A1D2WV04,putrescine,Mono,0.2738425135612488,36
A0A1D2WV04,putrescine,Tri,0.21945933997631073,60
A0A1D2WV04,serine,Di,0.36822609603405,6
A0A1D2WV04,serine,Mono,0.338632270693779,19
A0A1D2WV04,serine,Tri,0.34791843593120575,13
A0A1D2WV04,serotonin,Di,0.3045850545167923,27
A0A1D2WV04,serotonin,Mono,0.2754283845424652,35
A0A1D2WV04,serotonin,Tri,0.3198062628507614,21
A0A1D2WV04,threonine,Di,0.4359673708677292,1
A0A1D2WV04,threonine,Mono,0.4012071043252945,2
A0A1D2WV04,threonine,Tri,0.36524100601673126,7
A0A1D2WV04,tryptamine,Di,0.2715928852558136,38
A0A1D2WV04,tryptamine,Mono,0.24030983448028564,48
A0A1D2WV04,tryptamine,Tri,0.25864243507385254,43
A0A1D2WV04,tyramine,Di,0.30235305428504944,28
A0A1D2WV04,tyramine,Mono,0.2975141257047653,30
A0A1D2WV04,tyramine,Tri,0.2897548973560333,32
A0A1E3ADP5,"2,3_diaminopropionic acid",Di,0.19977262616157532,27
A0A1E3ADP5,"2,3_diaminopropionic acid",Mono,0.23704083263874054,14
A0A1E3ADP5,"2,3_diaminopropionic acid",Tri,0.1743619069457054,32
A0A1E3ADP5,2_aminophenol,Di,0.20037376135587692,26
A0A1E3ADP5,2_aminophenol,Mono,0.24130450934171677,11
A0A1E3ADP5,2_aminophenol,Tri,0.1942296177148819,30
A0A1E3ADP5,3_methoxytyramine,Di,0.030554940458387136,73
A0A1E3ADP5,3_methoxytyramine,Mono,-0.012231455184519291,75
A0A1E3ADP5,3_methoxytyramine,Tri,-0.002245761454105377,74
A0A1E3ADP5,alanine,Di,0.14803560078144073,41
A0A1E3ADP5,alanine,Mono,0.22418960183858871,18
A0A1E3ADP5,alanine,Tri,0.12858030945062637,50
A0A1E3ADP5,arginine,Di,0.1994086056947708,28
A0A1E3ADP5,arginine,Mono,0.21520354598760605,20
A0A1E3ADP5,arginine,Tri,0.20357336848974228,23
A0A1E3ADP5,asparagine,Di,0.18831083178520203,31
A0A1E3ADP5,asparagine,Mono,0.2928607165813446,5
A0A1E3ADP5,asparagine,Tri,0.20573540031909943,22
A0A1E3ADP5,cadaverine,Di,0.1321752741932869,47
A0A1E3ADP5,cadaverine,Mono,0.20046454668045044,25
A0A1E3ADP5,cadaverine,Tri,0.16346338391304016,34
A0A1E3ADP5,citrulline,Di,0.14773796126246452,42
A0A1E3ADP5,citrulline,Mono,0.2657771110534668,8
A0A1E3ADP5,citrulline,Tri,0.1515454202890396,37
A0A1E3ADP5,cystine,Di,0.05276137590408325,71
A0A1E3ADP5,cystine,Mono,0.16096102073788643,35
A0A1E3ADP5,cystine,Tri,0.08297736942768097,65
A0A1E3ADP5,dopamine,Di,0.08531295135617256,64
A0A1E3ADP5,dopamine,Mono,0.07791939936578274,66
A0A1E3ADP5,dopamine,Tri,0.054963815957307816,70
A0A1E3ADP5,gaba,Di,0.0642991941422224,68
A0A1E3ADP5,gaba,Mono,0.15068597719073296,38
A0A1E3ADP5,gaba,Tri,0.10810061916708946,59
A0A1E3ADP5,glutamine,Di,0.23953410238027573,13
A0A1E3ADP5,glutamine,Mono,0.3114963322877884,4
A0A1E3ADP5,glutamine,Tri,0.2028437778353691,24
A0A1E3ADP5,glyglycine,Di,0.1493450477719307,39
A0A1E3ADP5,glyglycine,Mono,0.1443101018667221,43
A0A1E3ADP5,glyglycine,Tri,0.0323011577129364,72
A0A1E3ADP5,histidine,Di,0.24632605910301208,10
A0A1E3ADP5,histidine,Mono,0.33135756105184555,3
A0A1E3ADP5,histidine,Tri,0.2061939835548401,21
A0A1E3ADP5,lysine,Di,0.1332048401236534,46
A0A1E3ADP5,lysine,Mono,0.1491788923740387,40
A0A1E3ADP5,lysine,Tri,0.1516106203198433,36
A0A1E3ADP5,methionine,Di,0.1254175528883934,54
A0A1E3ADP5,methionine,Mono,0.2292383313179016,17
A0A1E3ADP5,methionine,Tri,0.13094109296798706,49
A0A1E3ADP5,ornithine,Di,0.11329348012804985,57
A0A1E3ADP5,ornithine,Mono,0.1266409084200859,53
A0A1E3ADP5,ornithine,Tri,0.14145128428936005,44
A0A1E3ADP5,phenylalanine,Di,0.28820857405662537,6
A0A1E3ADP5,phenylalanine,Mono,0.3356572091579437,1
A0A1E3ADP5,phenylalanine,Tri,0.2513873428106308,9
A0A1E3ADP5,proline,Di,0.06188543885946274,69
A0A1E3ADP5,proline,Mono,0.27287009358406067,7
A0A1E3ADP5,proline,Tri,0.12824133038520813,51
A0A1E3ADP5,putrescine,Di,0.10752172023057938,60
A0A1E3ADP5,putrescine,Mono,0.19645102322101593,29
A0A1E3ADP5,putrescine,Tri,0.13189126551151276,48
A0A1E3ADP5,serine,Di,0.2316187471151352,16
A0A1E3ADP5,serine,Mono,0.33288587629795074,2
A0A1E3ADP5,serine,Tri,0.2173907682299614,19
A0A1E3ADP5,serotonin,Di,0.12791649997234344,52
A0A1E3ADP5,serotonin,Mono,0.11794636026024818,55
A0A1E3ADP5,serotonin,Tri,0.13464060425758362,45
A0A1E3ADP5,threonine,Di,0.23170357197523117,15
A0A1E3ADP5,threonine,Mono,0.23994913697242737,12
A0A1E3ADP5,threonine,Tri,0.17175813764333725,33
A0A1E3ADP5,tryptamine,Di,0.11027524992823601,58
A0A1E3ADP5,tryptamine,Mono,0.08911985903978348,63
A0A1E3ADP5,tryptamine,Tri,0.09736038744449615,61
A0A1E3ADP5,tyramine,Di,0.11652115359902382,56
A0A1E3ADP5,tyramine,Mono,0.07471485622227192,67
A0A1E3ADP5,tyramine,Tri,0.09553894400596619,62
A0A1I4P275,"2,3_diaminopropionic acid",Di,0.29624101519584656,33
A0A1I4P275,"2,3_diaminopropionic acid",Mono,0.3516090512275696,20
A0A1I4P275,"2,3_diaminopropionic acid",Tri,0.3030388206243515,30
A0A1I4P275,2_aminophenol,Di,0.36819857358932495,17
A0A1I4P275,2_aminophenol,Mono,0.4041645973920822,8
A0A1I4P275,2_aminophenol,Tri,0.3431971073150635,22
A0A1I4P275,3_methoxytyramine,Di,-0.008640473708510399,75
A0A1I4P275,3_methoxytyramine,Mono,0.07263972237706184,72
A0A1I4P275,3_methoxytyramine,Tri,0.006192479282617569,74
A0A1I4P275,alanine,Di,0.20272359997034073,53
A0A1I4P275,alanine,Mono,0.35003383457660675,21
A0A1I4P275,alanine,Tri,0.23330072313547134,45
A0A1I4P275,arginine,Di,0.21075470745563507,51
A0A1I4P275,arginine,Mono,0.2910115718841553,34
A0A1I4P275,arginine,Tri,0.2964153438806534,32
A0A1I4P275,asparagine,Di,0.3388712555170059,25
A0A1I4P275,asparagine,Mono,0.4366663992404938,5
A0A1I4P275,asparagine,Tri,0.3420947790145874,23
A0A1I4P275,cadaverine,Di,0.23141877353191376,46
A0A1I4P275,cadaverine,Mono,0.3070361614227295,28
A0A1I4P275,cadaverine,Tri,0.265823096036911,41
A0A1I4P275,citrulline,Di,0.29763032495975494,31
A0A1I4P275,citrulline,Mono,0.42977556586265564,6
A0A1I4P275,citrulline,Tri,0.306791290640831,29
A0A1I4P275,cystine,Di,0.15146531909704208,62
A0A1I4P275,cystine,Mono,0.28457602858543396,38
A0A1I4P275,cystine,Tri,0.1871405690908432,55
A0A1I4P275,dopamine,Di,0.09630027040839195,71
A0A1I4P275,dopamine,Mono,0.1598094180226326,60
A0A1I4P275,dopamine,Tri,0.09904726594686508,69
A0A1I4P275,gaba,Di,0.18395771086215973,56
A0A1I4P275,gaba,Mono,0.27300014346838,39
A0A1I4P275,gaba,Tri,0.2260904610157013,48
A0A1I4P275,glutamine,Di,0.39072583615779877,13
A0A1I4P275,glutamine,Mono,0.4656854271888733,4
A0A1I4P275,glutamine,Tri,0.3547874540090561,19
A0A1I4P275,glyglycine,Di,0.10105383023619652,68
A0A1I4P275,glyglycine,Mono,0.2036144882440567,52
A0A1I4P275,glyglycine,Tri,0.05497999023646116,73
A0A1I4P275,histidine,Di,0.39330892264842987,11
A0A1I4P275,histidine,Mono,0.49485719203948975,1
A0A1I4P275,histidine,Tri,0.3912048041820526,12
A0A1I4P275,lysine,Di,0.24005478620529175,42
A0A1I4P275,lysine,Mono,0.2702259123325348,40
A0A1I4P275,lysine,Tri,0.2865578234195709,36
A0A1I4P275,methionine,Di,0.1791621744632721,58
A0A1I4P275,methionine,Mono,0.340279221534729,24
A0A1I4P275,methionine,Tri,0.23807427287101746,43
A0A1I4P275,ornithine,Di,0.22439388930797577,50
A0A1I4P275,ornithine,Mono,0.28536731004714966,37
A0A1I4P275,ornithine,Tri,0.28848855197429657,35
A0A1I4P275,phenylalanine,Di,0.3993215560913086,10
A0A1I4P275,phenylalanine,Mono,0.49196550250053406,2
A0A1I4P275,phenylalanine,Tri,0.37317758798599243,15
A0A1I4P275,proline,Di,0.17377038300037384,59
A0A1I4P275,proline,Mono,0.40395069122314453,9
A0A1I4P275,proline,Tri,0.23114269226789474,47
A0A1I4P275,putrescine,Di,0.22560862451791763,49
A0A1I4P275,putrescine,Mono,0.3266591429710388,26
A0A1I4P275,putrescine,Tri,0.23384930938482285,44
A0A1I4P275,serine,Di,0.3792838454246521,14
A0A1I4P275,serine,Mono,0.4895514249801636,3
A0A1I4P275,serine,Tri,0.36212752759456635,18
A0A1I4P275,serotonin,Di,0.14737796038389206,63
A0A1I4P275,serotonin,Mono,0.15774378925561905,61
A0A1I4P275,serotonin,Tri,0.1909351944923401,54
A0A1I4P275,threonine,Di,0.36893224716186523,16
A0A1I4P275,threonine,Mono,0.42028534412384033,7
A0A1I4P275,threonine,Tri,0.3192943334579468,27
A0A1I4P275,tryptamine,Di,0.0974285714328289,70
A0A1I4P275,tryptamine,Mono,0.11276442930102348,67
A0A1I4P275,tryptamine,Tri,0.11585813015699387,66
A0A1I4P275,tyramine,Di,0.12745167315006256,65
A0A1I4P275,tyramine,Mono,0.1804758608341217,57
A0A1I4P275,tyramine,Tri,0.14148619771003723,64
A0A1M3L7G3,"2,3_diaminopropionic acid",Di,0.31351669132709503,13
A0A1M3L7G3,"2,3_diaminopropionic acid",Mono,0.2560480907559395,28
A0A1M3L7G3,"2,3_diaminopropionic acid",Tri,0.2983708828687668,19
A0A1M3L7G3,2_aminophenol,Di,0.3276703655719757,11
A0A1M3L7G3,2_aminophenol,Mono,0.2764848470687866,23
A0A1M3L7G3,2_aminophenol,Tri,0.2738753706216812,24
A0A1M3L7G3,3_methoxytyramine,Di,0.05905653163790703,72
A0A1M3L7G3,3_methoxytyramine,Mono,0.048242149874567986,75
A0A1M3L7G3,3_methoxytyramine,Tri,0.05446025915443897,73
A0A1M3L7G3,alanine,Di,0.13668972253799438,67
A0A1M3L7G3,alanine,Mono,0.20786937326192856,34
A0A1M3L7G3,alanine,Tri,0.1550995633006096,64
A0A1M3L7G3,arginine,Di,0.196562722325325,42
A0A1M3L7G3,arginine,Mono,0.2122887670993805,32
A0A1M3L7G3,arginine,Tri,0.20759163051843643,35
A0A1M3L7G3,asparagine,Di,0.2657995820045471,26
A0A1M3L7G3,asparagine,Mono,0.29229485988616943,21
A0A1M3L7G3,asparagine,Tri,0.25623805075883865,27
A0A1M3L7G3,cadaverine,Di,0.18234995007514954,47
A0A1M3L7G3,cadaverine,Mono,0.18153926730155945,49
A0A1M3L7G3,cadaverine,Tri,0.18330104649066925,46
A0A1M3L7G3,citrulline,Di,0.29607801139354706,20
A0A1M3L7G3,citrulline,Mono,0.33985958248376846,7
A0A1M3L7G3,citrulline,Tri,0.27804121375083923,22
A0A1M3L7G3,cystine,Di,0.13454338535666466,68
A0A1M3L7G3,cystine,Mono,0.20160137116909027,40
A0A1M3L7G3,cystine,Tri,0.1672663688659668,58
A0A1M3L7G3,dopamine,Di,0.1648925244808197,59
A0A1M3L7G3,dopamine,Mono,0.17667251825332642,52
A0A1M3L7G3,dopamine,Tri,0.16478192806243896,60
A0A1M3L7G3,gaba,Di,0.15638238936662674,63
A0A1M3L7G3,gaba,Mono,0.17227472364902496,55
A0A1M3L7G3,gaba,Tri,0.16320013999938965,62
A0A1M3L7G3,glutamine,Di,0.33991390466690063,6
A0A1M3L7G3,glutamine,Mono,0.3076799362897873,17
A0A1M3L7G3,glutamine,Tri,0.273317888379097,25
A0A1M3L7G3,glyglycine,Di,0.09055348671972752,71
A0A1M3L7G3,glyglycine,Mono,0.13258327171206474,69
A0A1M3L7G3,glyglycine,Tri,0.05100235529243946,74
A0A1M3L7G3,histidine,Di,0.3121799826622009,14
A0A1M3L7G3,histidine,Mono,0.3501076474785805,5
A0A1M3L7G3,histidine,Tri,0.3121243864297867,15
A0A1M3L7G3,lysine,Di,0.19804029911756516,41
A0A1M3L7G3,lysine,Mono,0.17473690956830978,54
A0A1M3L7G3,lysine,Tri,0.19018591940402985,44
A0A1M3L7G3,methionine,Di,0.11116573587059975,70
A0A1M3L7G3,methionine,Mono,0.1753758043050766,53
A0A1M3L7G3,methionine,Tri,0.13836373388767242,66
A0A1M3L7G3,ornithine,Di,0.1820748969912529,48
A0A1M3L7G3,ornithine,Mono,0.16390109807252884,61
A0A1M3L7G3,ornithine,Tri,0.21443942934274673,31
A0A1M3L7G3,phenylalanine,Di,0.3659217059612274,2
A0A1M3L7G3,phenylalanine,Mono,0.3633260130882263,3
A0A1M3L7G3,phenylalanine,Tri,0.31159715354442596,16
A0A1M3L7G3,proline,Di,0.20947369933128357,33
A0A1M3L7G3,proline,Mono,0.33244889974594116,10
A0A1M3L7G3,proline,Tri,0.18408065289258957,45
A0A1M3L7G3,putrescine,Di,0.20738890767097473,36
A0A1M3L7G3,putrescine,Mono,0.22614730894565582,30
A0A1M3L7G3,putrescine,Tri,0.17017412185668945,57
A0A1M3L7G3,serine,Di,0.33610090613365173,8
A0A1M3L7G3,serine,Mono,0.3330339789390564,9
A0A1M3L7G3,serine,Tri,0.29895709455013275,18
A0A1M3L7G3,serotonin,Di,0.20330440998077393,38
A0A1M3L7G3,serotonin,Mono,0.17728741839528084,51
A0A1M3L7G3,serotonin,Tri,0.22896942496299744,29
A0A1M3L7G3,threonine,Di,0.38070957362651825,1
A0A1M3L7G3,threonine,Mono,0.3542756140232086,4
A0A1M3L7G3,threonine,Tri,0.31949755549430847,12
A0A1M3L7G3,tryptamine,Di,0.1720297634601593,56
A0A1M3L7G3,tryptamine,Mono,0.14062047749757767,65
A0A1M3L7G3,tryptamine,Tri,0.17766638845205307,50
A0A1M3L7G3,tyramine,Di,0.20695891976356506,37
A0A1M3L7G3,tyramine,Mono,0.19400159269571304,43
A0A1M3L7G3,tyramine,Tri,0.20318258553743362,39
A0A1N6ECR1,"2,3_diaminopropionic acid",Di,0.3314131647348404,16
A0A1N6ECR1,"2,3_diaminopropionic acid",Mono,0.3195696920156479,20
A0A1N6ECR1,"2,3_diaminopropionic acid",Tri,0.3133472800254822,24
A0A1N6ECR1,2_aminophenol,Di,0.3901129961013794,8
A0A1N6ECR1,2_aminophenol,Mono,0.3589289039373398,12
A0A1N6ECR1,2_aminophenol,Tri,0.33478182554244995,15
A0A1N6ECR1,3_methoxytyramine,Di,0.07785762846469879,74
A0A1N6ECR1,3_methoxytyramine,Mono,0.13598717376589775,71
A0A1N6ECR1,3_methoxytyramine,Tri,0.07592425122857094,75
A0A1N6ECR1,alanine,Di,0.19678939133882523,61
A0A1N6ECR1,alanine,Mono,0.2786925509572029,31
A0A1N6ECR1,alanine,Tri,0.17556944489479065,67
A0A1N6ECR1,arginine,Di,0.23998071253299713,44
A0A1N6ECR1,arginine,Mono,0.28479786217212677,29
A0A1N6ECR1,arginine,Tri,0.2293814942240715,50
A0A1N6ECR1,asparagine,Di,0.3040381371974945,25
A0A1N6ECR1,asparagine,Mono,0.3525145798921585,14
A0A1N6ECR1,asparagine,Tri,0.28337255120277405,30
A0A1N6ECR1,cadaverine,Di,0.21714507043361664,53
A0A1N6ECR1,cadaverine,Mono,0.25557945668697357,36
A0A1N6ECR1,cadaverine,Tri,0.21662966907024384,54
A0A1N6ECR1,citrulline,Di,0.3172246962785721,22
A0A1N6ECR1,citrulline,Mono,0.390273854136467,7
A0A1N6ECR1,citrulline,Tri,0.29735898971557617,27
A0A1N6ECR1,cystine,Di,0.16824080049991608,69
A0A1N6ECR1,cystine,Mono,0.2761654406785965,32
A0A1N6ECR1,cystine,Tri,0.21304748207330704,56
A0A1N6ECR1,dopamine,Di,0.19033018499612808,63
A0A1N6ECR1,dopamine,Mono,0.24369534105062485,42
A0A1N6ECR1,dopamine,Tri,0.1658577397465706,70
A0A1N6ECR1,gaba,Di,0.18451640009880066,64
A0A1N6ECR1,gaba,Mono,0.23962678015232086,45
A0A1N6ECR1,gaba,Tri,0.1924489587545395,62
A0A1N6ECR1,glutamine,Di,0.36867091059684753,11
A0A1N6ECR1,glutamine,Mono,0.3827415555715561,10
A0A1N6ECR1,glutamine,Tri,0.30226579308509827,26
A0A1N6ECR1,glyglycine,Di,0.1308755949139595,72
A0A1N6ECR1,glyglycine,Mono,0.20599690824747086,58
A0A1N6ECR1,glyglycine,Tri,0.08470888063311577,73
A0A1N6ECR1,histidine,Di,0.3256073147058487,18
A0A1N6ECR1,histidine,Mono,0.40128131210803986,4
A0A1N6ECR1,histidine,Tri,0.325197234749794,19
A0A1N6ECR1,lysine,Di,0.23582563549280167,47
A0A1N6ECR1,lysine,Mono,0.2488175332546234,38
A0A1N6ECR1,lysine,Tri,0.22980684787034988,49
A0A1N6ECR1,methionine,Di,0.16983866691589355,68
A0A1N6ECR1,methionine,Mono,0.2584146186709404,33
A0A1N6ECR1,methionine,Tri,0.17833373695611954,66
A0A1N6ECR1,ornithine,Di,0.22895435243844986,51
A0A1N6ECR1,ornithine,Mono,0.24607650935649872,41
A0A1N6ECR1,ornithine,Tri,0.24872910976409912,39
A0A1N6ECR1,phenylalanine,Di,0.3874453604221344,9
A0A1N6ECR1,phenylalanine,Mono,0.4117170125246048,1
A0A1N6ECR1,phenylalanine,Tri,0.3152616024017334,23
A0A1N6ECR1,proline,Di,0.24758828431367874,40
A0A1N6ECR1,proline,Mono,0.4004656970500946,5
A0A1N6ECR1,proline,Tri,0.22711096704006195,52
A0A1N6ECR1,putrescine,Di,0.2326078936457634,48
A0A1N6ECR1,putrescine,Mono,0.2947670668363571,28
A0A1N6ECR1,putrescine,Tri,0.20311231166124344,59
A0A1N6ECR1,serine,Di,0.35732607543468475,13
A0A1N6ECR1,serine,Mono,0.4054817110300064,3
A0A1N6ECR1,serine,Tri,0.31937430799007416,21
A0A1N6ECR1,serotonin,Di,0.249979667365551,37
A0A1N6ECR1,serotonin,Mono,0.24176263064146042,43
A0A1N6ECR1,serotonin,Tri,0.2567228823900223,34
A0A1N6ECR1,threonine,Di,0.3950882852077484,6
A0A1N6ECR1,threonine,Mono,0.40928786993026733,2
A0A1N6ECR1,threonine,Tri,0.3305084705352783,17
A0A1N6ECR1,tryptamine,Di,0.21582593768835068,55
A0A1N6ECR1,tryptamine,Mono,0.20264887064695358,60
A0A1N6ECR1,tryptamine,Tri,0.1817626804113388,65
A0A1N6ECR1,tyramine,Di,0.23661543428897858,46
A0A1N6ECR1,tyramine,Mono,0.255601666867733,35
A0A1N6ECR1,tyramine,Tri,0.2125484123826027,57
A0A1Q6E5Z9,"2,3_diaminopropionic acid",Di,0.32715989649295807,17
A0A1Q6E5Z9,"2,3_diaminopropionic acid",Mono,0.2813650816679001,28
A0A1Q6E5Z9,"2,3_diaminopropionic acid",Tri,0.3250169903039932,18
A0A1Q6E5Z9,2_aminophenol,Di,0.34088926017284393,11
A0A1Q6E5Z9,2_aminophenol,Mono,0.2977372854948044,24
A0A1Q6E5Z9,2_aminophenol,Tri,0.2853652089834213,27
A0A1Q6E5Z9,3_methoxytyramine,Di,0.08828319050371647,72
A0A1Q6E5Z9,3_methoxytyramine,Mono,0.08755313977599144,73
A0A1Q6E5Z9,3_methoxytyramine,Tri,0.07805053517222404,74
A0A1Q6E5Z9,alanine,Di,0.1714932769536972,67
A0A1Q6E5Z9,alanine,Mono,0.24445807188749313,32
A0A1Q6E5Z9,alanine,Tri,0.2022053673863411,54
A0A1Q6E5Z9,arginine,Di,0.22232236713171005,42
A0A1Q6E5Z9,arginine,Mono,0.23418017476797104,38
A0A1Q6E5Z9,arginine,Tri,0.23883529007434845,34
A0A1Q6E5Z9,asparagine,Di,0.28849735856056213,25
A0A1Q6E5Z9,asparagine,Mono,0.32047101855278015,20
A0A1Q6E5Z9,asparagine,Tri,0.287327840924263,26
A0A1Q6E5Z9,cadaverine,Di,0.19881148636341095,58
A0A1Q6E5Z9,cadaverine,Mono,0.20497509837150574,53
A0A1Q6E5Z9,cadaverine,Tri,0.2147292196750641,46
A0A1Q6E5Z9,citrulline,Di,0.3140787333250046,21
A0A1Q6E5Z9,citrulline,Mono,0.3682132065296173,5
A0A1Q6E5Z9,citrulline,Tri,0.30625012516975403,22
A0A1Q6E5Z9,cystine,Di,0.13525912538170815,70
A0A1Q6E5Z9,cystine,Mono,0.22002078592777252,44
A0A1Q6E5Z9,cystine,Tri,0.17832767963409424,64
A0A1Q6E5Z9,dopamine,Di,0.2002962902188301,55
A0A1Q6E5Z9,dopamine,Mono,0.2117197960615158,47
A0A1Q6E5Z9,dopamine,Tri,0.19107502698898315,62
A0A1Q6E5Z9,gaba,Di,0.17106587439775467,68
A0A1Q6E5Z9,gaba,Mono,0.2001427486538887,56
A0A1Q6E5Z9,gaba,Tri,0.1945422887802124,60
A0A1Q6E5Z9,glutamine,Di,0.3637465089559555,8
A0A1Q6E5Z9,glutamine,Mono,0.33237020671367645,14
A0A1Q6E5Z9,glutamine,Tri,0.2997874766588211,23
A0A1Q6E5Z9,glyglycine,Di,0.12202486395835876,71
A0A1Q6E5Z9,glyglycine,Mono,0.17770611494779587,65
A0A1Q6E5Z9,glyglycine,Tri,0.07457960024476051,75
A0A1Q6E5Z9,histidine,Di,0.3287188559770584,16
A0A1Q6E5Z9,histidine,Mono,0.3659910708665848,6
A0A1Q6E5Z9,histidine,Tri,0.33554548025131226,13
A0A1Q6E5Z9,lysine,Di,0.22229573130607605,43
A0A1Q6E5Z9,lysine,Mono,0.2076452076435089,50
A0A1Q6E5Z9,lysine,Tri,0.2233545333147049,41
A0A1Q6E5Z9,methionine,Di,0.14837586134672165,69
A0A1Q6E5Z9,methionine,Mono,0.20922808349132538,49
A0A1Q6E5Z9,methionine,Tri,0.1770230531692505,66
A0A1Q6E5Z9,ornithine,Di,0.2074509933590889,51
A0A1Q6E5Z9,ornithine,Mono,0.19228124618530273,61
A0A1Q6E5Z9,ornithine,Tri,0.23862934857606888,35
A0A1Q6E5Z9,phenylalanine,Di,0.37863345444202423,2
A0A1Q6E5Z9,phenylalanine,Mono,0.3779739737510681,3
A0A1Q6E5Z9,phenylalanine,Tri,0.3302163779735565,15
A0A1Q6E5Z9,proline,Di,0.25072166323661804,30
A0A1Q6E5Z9,proline,Mono,0.370345339179039,4
A0A1Q6E5Z9,proline,Tri,0.235098198056221,37
A0A1Q6E5Z9,putrescine,Di,0.2195756807923317,45
A0A1Q6E5Z9,putrescine,Mono,0.24784506857395172,31
A0A1Q6E5Z9,putrescine,Tri,0.19742842018604279,59
A0A1Q6E5Z9,serine,Di,0.34592315554618835,9
A0A1Q6E5Z9,serine,Mono,0.3436964750289917,10
A0A1Q6E5Z9,serine,Tri,0.3225712478160858,19
A0A1Q6E5Z9,serotonin,Di,0.23521541059017181,36
A0A1Q6E5Z9,serotonin,Mono,0.2109251543879509,48
A0A1Q6E5Z9,serotonin,Tri,0.25345824658870697,29
A0A1Q6E5Z9,threonine,Di,0.39148256182670593,1
A0A1Q6E5Z9,threonine,Mono,0.36464232206344604,7
A0A1Q6E5Z9,threonine,Tri,0.3396865129470825,12
A0A1Q6E5Z9,tryptamine,Di,0.20687323063611984,52
A0A1Q6E5Z9,tryptamine,Mono,0.17946864664554596,63
A0A1Q6E5Z9,tryptamine,Tri,0.19917602837085724,57
A0A1Q6E5Z9,tyramine,Di,0.2430800348520279,33
A0A1Q6E5Z9,tyramine,Mono,0.22569681704044342,40
A0A1Q6E5Z9,tyramine,Tri,0.22853518277406693,39
A0A1Q6F0C9,"2,3_diaminopropionic acid",Di,0.27412939071655273,19
A0A1Q6F0C9,"2,3_diaminopropionic acid",Mono,0.3009932190179825,11
A0A1Q6F0C9,"2,3_diaminopropionic acid",Tri,0.21556243300437927,38
A0A1Q6F0C9,2_aminophenol,Di,0.24164104461669922,29
A0A1Q6F0C9,2_aminophenol,Mono,0.28963740915060043,14
A0A1Q6F0C9,2_aminophenol,Tri,0.19973398000001907,43
A0A1Q6F0C9,3_methoxytyramine,Di,0.05475953500717878,72
A0A1Q6F0C9,3_methoxytyramine,Mono,0.04704807884991169,74
A0A1Q6F0C9,3_methoxytyramine,Tri,0.007249496877193451,75
A0A1Q6F0C9,alanine,Di,0.1954503133893013,45
A0A1Q6F0C9,alanine,Mono,0.2960694283246994,12
A0A1Q6F0C9,alanine,Tri,0.15888562053442,60
A0A1Q6F0C9,arginine,Di,0.2248980551958084,34
A0A1Q6F0C9,arginine,Mono,0.2721448168158531,20
A0A1Q6F0C9,arginine,Tri,0.19863413274288177,44
A0A1Q6F0C9,asparagine,Di,0.23851243406534195,30
A0A1Q6F0C9,asparagine,Mono,0.34028270840644836,8
A0A1Q6F0C9,asparagine,Tri,0.22741959244012833,33
A0A1Q6F0C9,cadaverine,Di,0.18398696929216385,50
A0A1Q6F0C9,cadaverine,Mono,0.262643001973629,22
A0A1Q6F0C9,cadaverine,Tri,0.17322106659412384,56
A0A1Q6F0C9,citrulline,Di,0.24806658923625946,24
A0A1Q6F0C9,citrulline,Mono,0.34634774923324585,6
A0A1Q6F0C9,citrulline,Tri,0.2160019651055336,37
A0A1Q6F0C9,cystine,Di,0.10788221657276154,71
A0A1Q6F0C9,cystine,Mono,0.24680537730455399,26
A0A1Q6F0C9,cystine,Tri,0.1123763844370842,69
A0A1Q6F0C9,dopamine,Di,0.17709637433290482,53
A0A1Q6F0C9,dopamine,Mono,0.19100601226091385,47
A0A1Q6F0C9,dopamine,Tri,0.11001857742667198,70
A0A1Q6F0C9,gaba,Di,0.13410741090774536,66
A0A1Q6F0C9,gaba,Mono,0.24296455085277557,27
A0A1Q6F0C9,gaba,Tri,0.13116993755102158,67
A0A1Q6F0C9,glutamine,Di,0.3091886043548584,10
A0A1Q6F0C9,glutamine,Mono,0.35908763110637665,5
A0A1Q6F0C9,glutamine,Tri,0.22463416308164597,35
A0A1Q6F0C9,glyglycine,Di,0.19997168332338333,42
A0A1Q6F0C9,glyglycine,Mono,0.22938332706689835,32
A0A1Q6F0C9,glyglycine,Tri,0.053398363292217255,73
A0A1Q6F0C9,histidine,Di,0.2907586097717285,13
A0A1Q6F0C9,histidine,Mono,0.37346766889095306,3
A0A1Q6F0C9,histidine,Tri,0.26253561675548553,23
A0A1Q6F0C9,lysine,Di,0.202948197722435,41
A0A1Q6F0C9,lysine,Mono,0.23088803887367249,31
A0A1Q6F0C9,lysine,Tri,0.17922401428222656,52
A0A1Q6F0C9,methionine,Di,0.1540042906999588,63
A0A1Q6F0C9,methionine,Mono,0.26568958163261414,21
A0A1Q6F0C9,methionine,Tri,0.12145685404539108,68
A0A1Q6F0C9,ornithine,Di,0.17429537326097488,55
A0A1Q6F0C9,ornithine,Mono,0.19328861683607101,46
A0A1Q6F0C9,ornithine,Tri,0.16511402279138565,59
A0A1Q6F0C9,phenylalanine,Di,0.34377987682819366,7
A0A1Q6F0C9,phenylalanine,Mono,0.3824879825115204,1
A0A1Q6F0C9,phenylalanine,Tri,0.2761985510587692,16
A0A1Q6F0C9,proline,Di,0.1687934696674347,58
A0A1Q6F0C9,proline,Mono,0.37228211760520935,4
A0A1Q6F0C9,proline,Tri,0.1559070125222206,62
A0A1Q6F0C9,putrescine,Di,0.17143241316080093,57
A0A1Q6F0C9,putrescine,Mono,0.2755105048418045,17
A0A1Q6F0C9,putrescine,Tri,0.14763861894607544,65
A0A1Q6F0C9,serine,Di,0.27803637832403183,15
A0A1Q6F0C9,serine,Mono,0.37763121724128723,2
A0A1Q6F0C9,serine,Tri,0.24699070304632187,25
A0A1Q6F0C9,serotonin,Di,0.24270375072956085,28
A0A1Q6F0C9,serotonin,Mono,0.2230960801243782,36
A0A1Q6F0C9,serotonin,Tri,0.21424288302659988,40
A0A1Q6F0C9,threonine,Di,0.27512316405773163,18
A0A1Q6F0C9,threonine,Mono,0.3194393962621689,9
A0A1Q6F0C9,threonine,Tri,0.18850015103816986,49
A0A1Q6F0C9,tryptamine,Di,0.1753293201327324,54
A0A1Q6F0C9,tryptamine,Mono,0.18255619704723358,51
A0A1Q6F0C9,tryptamine,Tri,0.14843394607305527,64
A0A1Q6F0C9,tyramine,Di,0.2145545557141304,39
A0A1Q6F0C9,tyramine,Mono,0.19020020961761475,48
A0A1Q6F0C9,tyramine,Tri,0.1564067304134369,61
A0A1Q6JXM9,"2,3_diaminopropionic acid",Di,0.3492271900177002,9
A0A1Q6JXM9,"2,3_diaminopropionic acid",Mono,0.2764311134815216,30
A0A1Q6JXM9,"2,3_diaminopropionic acid",Tri,0.334801122546196,14
A0A1Q6JXM9,2_aminophenol,Di,0.3787545710802078,3
A0A1Q6JXM9,2_aminophenol,Mono,0.30272524058818817,22
A0A1Q6JXM9,2_aminophenol,Tri,0.31525303423404694,20
A0A1Q6JXM9,3_methoxytyramine,Di,0.10211294144392014,72
A0A1Q6JXM9,3_methoxytyramine,Mono,0.13110126554965973,71
A0A1Q6JXM9,3_methoxytyramine,Tri,0.08153795450925827,75
A0A1Q6JXM9,alanine,Di,0.16035502403974533,69
A0A1Q6JXM9,alanine,Mono,0.2206203043460846,51
A0A1Q6JXM9,alanine,Tri,0.17453515529632568,65
A0A1Q6JXM9,arginine,Di,0.18428575992584229,63
A0A1Q6JXM9,arginine,Mono,0.21929852291941643,53
A0A1Q6JXM9,arginine,Tri,0.21880513429641724,54
A0A1Q6JXM9,asparagine,Di,0.29304006695747375,26
A0A1Q6JXM9,asparagine,Mono,0.28462453186511993,27
A0A1Q6JXM9,asparagine,Tri,0.27924787998199463,29
A0A1Q6JXM9,cadaverine,Di,0.22230999171733856,49
A0A1Q6JXM9,cadaverine,Mono,0.20765377581119537,57
A0A1Q6JXM9,cadaverine,Tri,0.20997751504182816,56
A0A1Q6JXM9,citrulline,Di,0.3353364169597626,13
A0A1Q6JXM9,citrulline,Mono,0.3510260730981827,8
A0A1Q6JXM9,citrulline,Tri,0.32520826160907745,18
A0A1Q6JXM9,cystine,Di,0.17155487090349197,66
A0A1Q6JXM9,cystine,Mono,0.24259427934885025,41
A0A1Q6JXM9,cystine,Tri,0.19354674220085144,62
A0A1Q6JXM9,dopamine,Di,0.23245686292648315,46
A0A1Q6JXM9,dopamine,Mono,0.25073809921741486,39
A0A1Q6JXM9,dopamine,Tri,0.2318475842475891,47
A0A1Q6JXM9,gaba,Di,0.20337367057800293,60
A0A1Q6JXM9,gaba,Mono,0.21617474406957626,55
A0A1Q6JXM9,gaba,Tri,0.20399606227874756,59
A0A1Q6JXM9,glutamine,Di,0.3691146969795227,4
A0A1Q6JXM9,glutamine,Mono,0.30251500755548477,23
A0A1Q6JXM9,glutamine,Tri,0.29919877648353577,24
A0A1Q6JXM9,glyglycine,Di,0.09095845557749271,74
A0A1Q6JXM9,glyglycine,Mono,0.16297943145036697,68
A0A1Q6JXM9,glyglycine,Tri,0.09322278015315533,73
A0A1Q6JXM9,histidine,Di,0.3049248307943344,21
A0A1Q6JXM9,histidine,Mono,0.3329489156603813,15
A0A1Q6JXM9,histidine,Tri,0.3392863869667053,12
A0A1Q6JXM9,lysine,Di,0.23672809451818466,44
A0A1Q6JXM9,lysine,Mono,0.22413372248411179,48
A0A1Q6JXM9,lysine,Tri,0.23687980324029922,42
A0A1Q6JXM9,methionine,Di,0.14451375603675842,70
A0A1Q6JXM9,methionine,Mono,0.18315159529447556,64
A0A1Q6JXM9,methionine,Tri,0.16809002310037613,67
A0A1Q6JXM9,ornithine,Di,0.2342841923236847,45
A0A1Q6JXM9,ornithine,Mono,0.22208786010742188,50
A0A1Q6JXM9,ornithine,Tri,0.27000463008880615,33
A0A1Q6JXM9,phenylalanine,Di,0.36053478717803955,5
A0A1Q6JXM9,phenylalanine,Mono,0.3463106006383896,10
A0A1Q6JXM9,phenylalanine,Tri,0.3247583955526352,19
A0A1Q6JXM9,proline,Di,0.24651187658309937,40
A0A1Q6JXM9,proline,Mono,0.3444807827472687,11
A0A1Q6JXM9,proline,Tri,0.19933661818504333,61
A0A1Q6JXM9,putrescine,Di,0.25587791949510574,36
A0A1Q6JXM9,putrescine,Mono,0.2589421421289444,35
A0A1Q6JXM9,putrescine,Tri,0.2046235203742981,58
A0A1Q6JXM9,serine,Di,0.3533471077680588,6
A0A1Q6JXM9,serine,Mono,0.3269490748643875,17
A0A1Q6JXM9,serine,Tri,0.33032578229904175,16
A0A1Q6JXM9,serotonin,Di,0.2792678773403168,28
A0A1Q6JXM9,serotonin,Mono,0.253231406211853,37
A0A1Q6JXM9,serotonin,Tri,0.29426147043704987,25
A0A1Q6JXM9,threonine,Di,0.41620273888111115,1
A0A1Q6JXM9,threonine,Mono,0.38463015854358673,2
A0A1Q6JXM9,threonine,Tri,0.35126249492168427,7
A0A1Q6JXM9,tryptamine,Di,0.25092434883117676,38
A0A1Q6JXM9,tryptamine,Mono,0.21962769329547882,52
A0A1Q6JXM9,tryptamine,Tri,0.23684892058372498,43
A0A1Q6JXM9,tyramine,Di,0.2743690311908722,32
A0A1Q6JXM9,tyramine,Mono,0.2753109633922577,31
A0A1Q6JXM9,tyramine,Tri,0.26168863475322723,34
A0A1Q6K9G3,"2,3_diaminopropionic acid",Di,0.329681396484375,12
A0A1Q6K9G3,"2,3_diaminopropionic acid",Mono,0.24376873672008514,36
A0A1Q6K9G3,"2,3_diaminopropionic acid",Tri,0.338388055562973,7
A0A1Q6K9G3,2_aminophenol,Di,0.35873329639434814,3
A0A1Q6K9G3,2_aminophenol,Mono,0.27658943086862564,26
A0A1Q6K9G3,2_aminophenol,Tri,0.30593979358673096,19
A0A1Q6K9G3,3_methoxytyramine,Di,0.10915922746062279,72
A0A1Q6K9G3,3_methoxytyramine,Mono,0.11608674377202988,71
A0A1Q6K9G3,3_methoxytyramine,Tri,0.09030856192111969,73
A0A1Q6K9G3,alanine,Di,0.1361900418996811,68
A0A1Q6K9G3,alanine,Mono,0.19135864078998566,59
A0A1Q6K9G3,alanine,Tri,0.16199785470962524,64
A0A1Q6K9G3,arginine,Di,0.17711332440376282,62
A0A1Q6K9G3,arginine,Mono,0.19897234067320824,53
A0A1Q6K9G3,arginine,Tri,0.2137777879834175,47
A0A1Q6K9G3,asparagine,Di,0.2774250879883766,24
A0A1Q6K9G3,asparagine,Mono,0.26600097119808197,30
A0A1Q6K9G3,asparagine,Tri,0.2751581519842148,27
A0A1Q6K9G3,cadaverine,Di,0.19791490584611893,54
A0A1Q6K9G3,cadaverine,Mono,0.17644185572862625,63
A0A1Q6K9G3,cadaverine,Tri,0.20272290706634521,51
A0A1Q6K9G3,citrulline,Di,0.31601010262966156,16
A0A1Q6K9G3,citrulline,Mono,0.32659055292606354,13
A0A1Q6K9G3,citrulline,Tri,0.3128354102373123,18
A0A1Q6K9G3,cystine,Di,0.15185898542404175,66
A0A1Q6K9G3,cystine,Mono,0.2161850482225418,46
A0A1Q6K9G3,cystine,Tri,0.19609765708446503,55
A0A1Q6K9G3,dopamine,Di,0.2276858240365982,43
A0A1Q6K9G3,dopamine,Mono,0.2374388575553894,40
A0A1Q6K9G3,dopamine,Tri,0.23866014182567596,39
A0A1Q6K9G3,gaba,Di,0.17883965373039246,61
A0A1Q6K9G3,gaba,Mono,0.18790091574192047,60
A0A1Q6K9G3,gaba,Tri,0.1954968422651291,56
A0A1Q6K9G3,glutamine,Di,0.3543558120727539,5
A0A1Q6K9G3,glutamine,Mono,0.277105487883091,25
A0A1Q6K9G3,glutamine,Tri,0.3005157858133316,20
A0A1Q6K9G3,glyglycine,Di,0.07571971789002419,75
A0A1Q6K9G3,glyglycine,Mono,0.13509653508663177,69
A0A1Q6K9G3,glyglycine,Tri,0.08374696224927902,74
A0A1Q6K9G3,histidine,Di,0.2938295304775238,23
A0A1Q6K9G3,histidine,Mono,0.31298330426216125,17
A0A1Q6K9G3,histidine,Tri,0.33249087631702423,9
A0A1Q6K9G3,lysine,Di,0.21816955506801605,45
A0A1Q6K9G3,lysine,Mono,0.19409803301095963,57
A0A1Q6K9G3,lysine,Tri,0.21846528351306915,44
A0A1Q6K9G3,methionine,Di,0.12728557735681534,70
A0A1Q6K9G3,methionine,Mono,0.15061886236071587,67
A0A1Q6K9G3,methionine,Tri,0.15471898019313812,65
A0A1Q6K9G3,ornithine,Di,0.20821432024240494,48
A0A1Q6K9G3,ornithine,Mono,0.19324563443660736,58
A0A1Q6K9G3,ornithine,Tri,0.2547651454806328,33
A0A1Q6K9G3,phenylalanine,Di,0.35583604872226715,4
A0A1Q6K9G3,phenylalanine,Mono,0.3312184438109398,10
A0A1Q6K9G3,phenylalanine,Tri,0.3224845975637436,14
A0A1Q6K9G3,proline,Di,0.2439158409833908,35
A0A1Q6K9G3,proline,Mono,0.33040665090084076,11
A0A1Q6K9G3,proline,Tri,0.2066105604171753,49
A0A1Q6K9G3,putrescine,Di,0.2388821691274643,38
A0A1Q6K9G3,putrescine,Mono,0.23414301872253418,42
A0A1Q6K9G3,putrescine,Tri,0.20149998366832733,52
A0A1Q6K9G3,serine,Di,0.33754102885723114,8
A0A1Q6K9G3,serine,Mono,0.2994346395134926,21
A0A1Q6K9G3,serine,Tri,0.32076358795166016,15
A0A1Q6K9G3,serotonin,Di,0.2658374086022377,31
A0A1Q6K9G3,serotonin,Mono,0.23432966321706772,41
A0A1Q6K9G3,serotonin,Tri,0.29525111615657806,22
A0A1Q6K9G3,threonine,Di,0.40458644926548004,1
A0A1Q6K9G3,threonine,Mono,0.36023247241973877,2
A0A1Q6K9G3,threonine,Tri,0.35295626521110535,6
A0A1Q6K9G3,tryptamine,Di,0.24735161662101746,34
A0A1Q6K9G3,tryptamine,Mono,0.20339832454919815,50
A0A1Q6K9G3,tryptamine,Tri,0.24214956909418106,37
A0A1Q6K9G3,tyramine,Di,0.26842162013053894,28
A0A1Q6K9G3,tyramine,Mono,0.2602953389286995,32
A0A1Q6K9G3,tyramine,Tri,0.266451820731163,29
A0A1Q6M5M7,"2,3_diaminopropionic acid",Di,0.3492056876420975,9
A0A1Q6M5M7,"2,3_diaminopropionic acid",Mono,0.2853384017944336,26
A0A1Q6M5M7,"2,3_diaminopropionic acid",Tri,0.3278580605983734,15
A0A1Q6M5M7,2_aminophenol,Di,0.38037480413913727,3
A0A1Q6M5M7,2_aminophenol,Mono,0.3104800432920456,20
A0A1Q6M5M7,2_aminophenol,Tri,0.308189257979393,21
A0A1Q6M5M7,3_methoxytyramine,Di,0.10878893360495567,72
A0A1Q6M5M7,3_methoxytyramine,Mono,0.14063475281000137,71
A0A1Q6M5M7,3_methoxytyramine,Tri,0.09181941673159599,75
A0A1Q6M5M7,alanine,Di,0.17846416682004929,67
A0A1Q6M5M7,alanine,Mono,0.2307080179452896,47
A0A1Q6M5M7,alanine,Tri,0.19110308587551117,64
A0A1Q6M5M7,arginine,Di,0.1885892152786255,65
A0A1Q6M5M7,arginine,Mono,0.22779345512390137,51
A0A1Q6M5M7,arginine,Tri,0.22264492511749268,53
A0A1Q6M5M7,asparagine,Di,0.2897499352693558,24
A0A1Q6M5M7,asparagine,Mono,0.2836162745952606,28
A0A1Q6M5M7,asparagine,Tri,0.266464963555336,33
A0A1Q6M5M7,cadaverine,Di,0.2225181981921196,54
A0A1Q6M5M7,cadaverine,Mono,0.21874738484621048,56
A0A1Q6M5M7,cadaverine,Tri,0.20600208640098572,57
A0A1Q6M5M7,citrulline,Di,0.33639855682849884,12
A0A1Q6M5M7,citrulline,Mono,0.35984861850738525,5
A0A1Q6M5M7,citrulline,Tri,0.3261121064424515,17
A0A1Q6M5M7,cystine,Di,0.17997394502162933,66
A0A1Q6M5M7,cystine,Mono,0.24966492503881454,38
A0A1Q6M5M7,cystine,Tri,0.19591794908046722,61
A0A1Q6M5M7,dopamine,Di,0.2285819947719574,49
A0A1Q6M5M7,dopamine,Mono,0.25121836364269257,37
A0A1Q6M5M7,dopamine,Tri,0.22918757796287537,48
A0A1Q6M5M7,gaba,Di,0.20184151828289032,59
A0A1Q6M5M7,gaba,Mono,0.22087273001670837,55
A0A1Q6M5M7,gaba,Tri,0.20263107866048813,58
A0A1Q6M5M7,glutamine,Di,0.360883891582489,4
A0A1Q6M5M7,glutamine,Mono,0.3035554140806198,22
A0A1Q6M5M7,glutamine,Tri,0.28524185717105865,27
A0A1Q6M5M7,glyglycine,Di,0.10158906877040863,74
A0A1Q6M5M7,glyglycine,Mono,0.17416225373744965,68
A0A1Q6M5M7,glyglycine,Tri,0.10273252800107002,73
A0A1Q6M5M7,histidine,Di,0.29966704547405243,23
A0A1Q6M5M7,histidine,Mono,0.33005601167678833,14
A0A1Q6M5M7,histidine,Tri,0.3272996097803116,16
A0A1Q6M5M7,lysine,Di,0.23207306116819382,45
A0A1Q6M5M7,lysine,Mono,0.23201482743024826,46
A0A1Q6M5M7,lysine,Tri,0.23311907052993774,44
A0A1Q6M5M7,methionine,Di,0.15095209330320358,70
A0A1Q6M5M7,methionine,Mono,0.19250626862049103,63
A0A1Q6M5M7,methionine,Tri,0.17051567137241364,69
A0A1Q6M5M7,ornithine,Di,0.23319672048091888,43
A0A1Q6M5M7,ornithine,Mono,0.22836152464151382,50
A0A1Q6M5M7,ornithine,Tri,0.26673591136932373,32
A0A1Q6M5M7,phenylalanine,Di,0.35174641013145447,8
A0A1Q6M5M7,phenylalanine,Mono,0.344915509223938,10
A0A1Q6M5M7,phenylalanine,Tri,0.3146265298128128,19
A0A1Q6M5M7,proline,Di,0.24559090286493301,41
A0A1Q6M5M7,proline,Mono,0.34164556860923767,11
A0A1Q6M5M7,proline,Tri,0.19501125067472458,62
A0A1Q6M5M7,putrescine,Di,0.24813902378082275,39
A0A1Q6M5M7,putrescine,Mono,0.2622828781604767,34
A0A1Q6M5M7,putrescine,Tri,0.1984289512038231,60
A0A1Q6M5M7,serine,Di,0.3551482707262039,6
A0A1Q6M5M7,serine,Mono,0.331297904253006,13
A0A1Q6M5M7,serine,Tri,0.323537677526474,18
A0A1Q6M5M7,serotonin,Di,0.2748053967952728,30
A0A1Q6M5M7,serotonin,Mono,0.2540367394685745,36
A0A1Q6M5M7,serotonin,Tri,0.28686730563640594,25
A0A1Q6M5M7,threonine,Di,0.4260150194168091,1
A0A1Q6M5M7,threonine,Mono,0.38941405713558197,2
A0A1Q6M5M7,threonine,Tri,0.3534979373216629,7
A0A1Q6M5M7,tryptamine,Di,0.24705027043819427,40
A0A1Q6M5M7,tryptamine,Mono,0.22368726134300232,52
A0A1Q6M5M7,tryptamine,Tri,0.23598256707191467,42
A0A1Q6M5M7,tyramine,Di,0.27466265112161636,31
A0A1Q6M5M7,tyramine,Mono,0.2767197787761688,29
A0A1Q6M5M7,tyramine,Tri,0.2597668990492821,35
A0A1Q6PYZ4,"2,3_diaminopropionic acid",Di,0.3438705950975418,11
A0A1Q6PYZ4,"2,3_diaminopropionic acid",Mono,0.268612265586853,32
A0A1Q6PYZ4,"2,3_diaminopropionic acid",Tri,0.3314305990934372,14
A0A1Q6PYZ4,2_aminophenol,Di,0.3653721511363983,5
A0A1Q6PYZ4,2_aminophenol,Mono,0.2902591750025749,25
A0A1Q6PYZ4,2_aminophenol,Tri,0.3024342954158783,22
A0A1Q6PYZ4,3_methoxytyramine,Di,0.11310076713562012,72
A0A1Q6PYZ4,3_methoxytyramine,Mono,0.12578192353248596,71
A0A1Q6PYZ4,3_methoxytyramine,Tri,0.08473115414381027,75
A0A1Q6PYZ4,alanine,Di,0.16124411672353745,68
A0A1Q6PYZ4,alanine,Mono,0.21719705313444138,48
A0A1Q6PYZ4,alanine,Tri,0.17629101127386093,65
A0A1Q6PYZ4,arginine,Di,0.18814603984355927,63
A0A1Q6PYZ4,arginine,Mono,0.2166881263256073,49
A0A1Q6PYZ4,arginine,Tri,0.21061504632234573,53
A0A1Q6PYZ4,asparagine,Di,0.2981373816728592,23
A0A1Q6PYZ4,asparagine,Mono,0.28951358050107956,26
A0A1Q6PYZ4,asparagine,Tri,0.2861267030239105,28
A0A1Q6PYZ4,cadaverine,Di,0.21422672271728516,52
A0A1Q6PYZ4,cadaverine,Mono,0.20046576857566833,58
A0A1Q6PYZ4,cadaverine,Tri,0.20381981134414673,57
A0A1Q6PYZ4,citrulline,Di,0.32716426253318787,17
A0A1Q6PYZ4,citrulline,Mono,0.34535692632198334,10
A0A1Q6PYZ4,citrulline,Tri,0.3153439909219742,19
A0A1Q6PYZ4,cystine,Di,0.16223783791065216,67
A0A1Q6PYZ4,cystine,Mono,0.23590821772813797,42
A0A1Q6PYZ4,cystine,Tri,0.18994910269975662,62
A0A1Q6PYZ4,dopamine,Di,0.23635545372962952,41
A0A1Q6PYZ4,dopamine,Mono,0.24859516322612762,38
A0A1Q6PYZ4,dopamine,Tri,0.23047394305467606,44
A0A1Q6PYZ4,gaba,Di,0.1926344409584999,61
A0A1Q6PYZ4,gaba,Mono,0.20952948182821274,54
A0A1Q6PYZ4,gaba,Tri,0.19641900062561035,60
A0A1Q6PYZ4,glutamine,Di,0.3697110712528229,4
A0A1Q6PYZ4,glutamine,Mono,0.297932505607605,24
A0A1Q6PYZ4,glutamine,Tri,0.30359111726284027,21
A0A1Q6PYZ4,glyglycine,Di,0.10364369302988052,73
A0A1Q6PYZ4,glyglycine,Mono,0.16290507465600967,66
A0A1Q6PYZ4,glyglycine,Tri,0.09508112631738186,74
A0A1Q6PYZ4,histidine,Di,0.31210722029209137,20
A0A1Q6PYZ4,histidine,Mono,0.3352997153997421,13
A0A1Q6PYZ4,histidine,Tri,0.34027889370918274,12
A0A1Q6PYZ4,lysine,Di,0.22883058339357376,45
A0A1Q6PYZ4,lysine,Mono,0.2150108590722084,51
A0A1Q6PYZ4,lysine,Tri,0.21811136603355408,46
A0A1Q6PYZ4,methionine,Di,0.14495961368083954,70
A0A1Q6PYZ4,methionine,Mono,0.17679432034492493,64
A0A1Q6PYZ4,methionine,Tri,0.16100627183914185,69
A0A1Q6PYZ4,ornithine,Di,0.21768410503864288,47
A0A1Q6PYZ4,ornithine,Mono,0.20804710686206818,55
A0A1Q6PYZ4,ornithine,Tri,0.25082238763570786,35
A0A1Q6PYZ4,phenylalanine,Di,0.3718377500772476,3
A0A1Q6PYZ4,phenylalanine,Mono,0.35241982340812683,7
A0A1Q6PYZ4,phenylalanine,Tri,0.3313801437616348,15
A0A1Q6PYZ4,proline,Di,0.2562151625752449,34
A0A1Q6PYZ4,proline,Mono,0.3481264263391495,9
A0A1Q6PYZ4,proline,Tri,0.20523755252361298,56
A0A1Q6PYZ4,putrescine,Di,0.24892199784517288,37
A0A1Q6PYZ4,putrescine,Mono,0.25070883333683014,36
A0A1Q6PYZ4,putrescine,Tri,0.19936583936214447,59
A0A1Q6PYZ4,serine,Di,0.35552069544792175,6
A0A1Q6PYZ4,serine,Mono,0.319777712225914,18
A0A1Q6PYZ4,serine,Tri,0.32898999750614166,16
A0A1Q6PYZ4,serotonin,Di,0.2777319997549057,29
A0A1Q6PYZ4,serotonin,Mono,0.24797393381595612,40
A0A1Q6PYZ4,serotonin,Tri,0.2890861928462982,27
A0A1Q6PYZ4,threonine,Di,0.4107418358325958,1
A0A1Q6PYZ4,threonine,Mono,0.3771062344312668,2
A0A1Q6PYZ4,threonine,Tri,0.34949278831481934,8
A0A1Q6PYZ4,tryptamine,Di,0.24803666770458221,39
A0A1Q6PYZ4,tryptamine,Mono,0.215426966547966,50
A0A1Q6PYZ4,tryptamine,Tri,0.23284274339675903,43
A0A1Q6PYZ4,tyramine,Di,0.2743253633379936,30
A0A1Q6PYZ4,tyramine,Mono,0.2694343328475952,31
A0A1Q6PYZ4,tyramine,Tri,0.25901123136281967,33
A0A1Q6RAM4,"2,3_diaminopropionic acid",Di,0.19883088767528534,29
A0A1Q6RAM4,"2,3_diaminopropionic acid",Mono,0.2477547526359558,15
A0A1Q6RAM4,"2,3_diaminopropionic acid",Tri,0.1685284748673439,35
A0A1Q6RAM4,2_aminophenol,Di,0.20737998187541962,25
A0A1Q6RAM4,2_aminophenol,Mono,0.2521792948246002,13
A0A1Q6RAM4,2_aminophenol,Tri,0.19366605579853058,31
A0A1Q6RAM4,3_methoxytyramine,Di,0.11280452460050583,59
A0A1Q6RAM4,3_methoxytyramine,Mono,0.021820398047566414,74
A0A1Q6RAM4,3_methoxytyramine,Tri,0.022530822083353996,73
A0A1Q6RAM4,alanine,Di,0.14481288194656372,42
A0A1Q6RAM4,alanine,Mono,0.23824073374271393,17
A0A1Q6RAM4,alanine,Tri,0.12863906472921371,49
A0A1Q6RAM4,arginine,Di,0.1814572885632515,33
A0A1Q6RAM4,arginine,Mono,0.20859520882368088,24
A0A1Q6RAM4,arginine,Tri,0.16722071915864944,36
A0A1Q6RAM4,asparagine,Di,0.2260352298617363,20
A0A1Q6RAM4,asparagine,Mono,0.31546495854854584,6
A0A1Q6RAM4,asparagine,Tri,0.22911467403173447,18
A0A1Q6RAM4,cadaverine,Di,0.13140174746513367,46
A0A1Q6RAM4,cadaverine,Mono,0.2069670557975769,26
A0A1Q6RAM4,cadaverine,Tri,0.11336465179920197,56
A0A1Q6RAM4,citrulline,Di,0.16153117269277573,38
A0A1Q6RAM4,citrulline,Mono,0.2793901413679123,10
A0A1Q6RAM4,citrulline,Tri,0.1375255361199379,43
A0A1Q6RAM4,cystine,Di,0.06555387564003468,70
A0A1Q6RAM4,cystine,Mono,0.20135389268398285,28
A0A1Q6RAM4,cystine,Tri,0.07193496450781822,69
A0A1Q6RAM4,dopamine,Di,0.11799391359090805,52
A0A1Q6RAM4,dopamine,Mono,0.12805257737636566,50
A0A1Q6RAM4,dopamine,Tri,0.04616243578493595,72
A0A1Q6RAM4,gaba,Di,0.0945550911128521,63
A0A1Q6RAM4,gaba,Mono,0.1954294592142105,30
A0A1Q6RAM4,gaba,Tri,0.07370224222540855,67
A0A1Q6RAM4,glutamine,Di,0.26351306587457657,11
A0A1Q6RAM4,glutamine,Mono,0.3297727629542351,5
A0A1Q6RAM4,glutamine,Tri,0.21975336968898773,22
A0A1Q6RAM4,glyglycine,Di,0.16710297763347626,37
A0A1Q6RAM4,glyglycine,Mono,0.15115861594676971,41
A0A1Q6RAM4,glyglycine,Tri,0.01805957406759262,75
A0A1Q6RAM4,histidine,Di,0.2801099717617035,9
A0A1Q6RAM4,histidine,Mono,0.35544751584529877,3
A0A1Q6RAM4,histidine,Tri,0.24709968268871307,16
A0A1Q6RAM4,lysine,Di,0.16066524386405945,39
A0A1Q6RAM4,lysine,Mono,0.1904485523700714,32
A0A1Q6RAM4,lysine,Tri,0.11642983555793762,53
A0A1Q6RAM4,methionine,Di,0.11452647671103477,54
A0A1Q6RAM4,methionine,Mono,0.21467489749193192,23
A0A1Q6RAM4,methionine,Tri,0.0722516942769289,68
A0A1Q6RAM4,ornithine,Di,0.1258564218878746,51
A0A1Q6RAM4,ornithine,Mono,0.1548653021454811,40
A0A1Q6RAM4,ornithine,Tri,0.1128237247467041,58
A0A1Q6RAM4,phenylalanine,Di,0.3449585288763046,4
A0A1Q6RAM4,phenylalanine,Mono,0.37061791121959686,1
A0A1Q6RAM4,phenylalanine,Tri,0.2836086302995682,8
A0A1Q6RAM4,proline,Di,0.08073337003588676,66
A0A1Q6RAM4,proline,Mono,0.28383756428956985,7
A0A1Q6RAM4,proline,Tri,0.11292708665132523,57
A0A1Q6RAM4,putrescine,Di,0.10304387658834457,60
A0A1Q6RAM4,putrescine,Mono,0.20618224143981934,27
A0A1Q6RAM4,putrescine,Tri,0.08391614258289337,65
A0A1Q6RAM4,serine,Di,0.25548309087753296,12
A0A1Q6RAM4,serine,Mono,0.36902064085006714,2
A0A1Q6RAM4,serine,Tri,0.2239883467555046,21
A0A1Q6RAM4,serotonin,Di,0.13212431967258453,45
A0A1Q6RAM4,serotonin,Mono,0.1302693597972393,48
A0A1Q6RAM4,serotonin,Tri,0.11367995291948318,55
A0A1Q6RAM4,threonine,Di,0.22812286019325256,19
A0A1Q6RAM4,threonine,Mono,0.2508494704961777,14
A0A1Q6RAM4,threonine,Tri,0.17270944267511368,34
A0A1Q6RAM4,tryptamine,Di,0.09922343492507935,61
A0A1Q6RAM4,tryptamine,Mono,0.09875456243753433,62
A0A1Q6RAM4,tryptamine,Tri,0.06279986537992954,71
A0A1Q6RAM4,tyramine,Di,0.1312967911362648,47
A0A1Q6RAM4,tyramine,Mono,0.13249488547444344,44
A0A1Q6RAM4,tyramine,Tri,0.0846506766974926,64
A0A1Q6SNA2,"2,3_diaminopropionic acid",Di,0.33536186814308167,12
A0A1Q6SNA2,"2,3_diaminopropionic acid",Mono,0.25692933052778244,35
A0A1Q6SNA2,"2,3_diaminopropionic acid",Tri,0.3472411185503006,6
A0A1Q6SNA2,2_aminophenol,Di,0.3557419180870056,4
A0A1Q6SNA2,2_aminophenol,Mono,0.28014759719371796,27
A0A1Q6SNA2,2_aminophenol,Tri,0.30946724116802216,18
A0A1Q6SNA2,3_methoxytyramine,Di,0.12700174748897552,72
A0A1Q6SNA2,3_methoxytyramine,Mono,0.1311992108821869,70
A0A1Q6SNA2,3_methoxytyramine,Tri,0.10262254253029823,73
A0A1Q6SNA2,alanine,Di,0.14265988394618034,69
A0A1Q6SNA2,alanine,Mono,0.2080737128853798,58
A0A1Q6SNA2,alanine,Tri,0.17769598215818405,64
A0A1Q6SNA2,arginine,Di,0.17998455464839935,63
A0A1Q6SNA2,arginine,Mono,0.21295759081840515,52
A0A1Q6SNA2,arginine,Tri,0.2219020575284958,47
A0A1Q6SNA2,asparagine,Di,0.28221386671066284,25
A0A1Q6SNA2,asparagine,Mono,0.27552537620067596,28
A0A1Q6SNA2,asparagine,Tri,0.2886444181203842,24
A0A1Q6SNA2,cadaverine,Di,0.21261437982320786,53
A0A1Q6SNA2,cadaverine,Mono,0.1953732892870903,61
A0A1Q6SNA2,cadaverine,Tri,0.2150593400001526,50
A0A1Q6SNA2,citrulline,Di,0.30296026170253754,21
A0A1Q6SNA2,citrulline,Mono,0.32868726551532745,14
A0A1Q6SNA2,citrulline,Tri,0.30682818591594696,19
A0A1Q6SNA2,cystine,Di,0.1559087112545967,68
A0A1Q6SNA2,cystine,Mono,0.22865496575832367,45
A0A1Q6SNA2,cystine,Tri,0.19943634420633316,60
A0A1Q6SNA2,dopamine,Di,0.2399379014968872,43
A0A1Q6SNA2,dopamine,Mono,0.2516032084822655,36
A0A1Q6SNA2,dopamine,Tri,0.24650035798549652,41
A0A1Q6SNA2,gaba,Di,0.19027356803417206,62
A0A1Q6SNA2,gaba,Mono,0.20939409732818604,56
A0A1Q6SNA2,gaba,Tri,0.20318734645843506,59
A0A1Q6SNA2,glutamine,Di,0.3540266454219818,5
A0A1Q6SNA2,glutamine,Mono,0.28208232671022415,26
A0A1Q6SNA2,glutamine,Tri,0.3112272769212723,17
A0A1Q6SNA2,glyglycine,Di,0.09324484691023827,75
A0A1Q6SNA2,glyglycine,Mono,0.15860900282859802,67
A0A1Q6SNA2,glyglycine,Tri,0.0986836738884449,74
A0A1Q6SNA2,histidine,Di,0.30079278349876404,22
A0A1Q6SNA2,histidine,Mono,0.31810616701841354,16
A0A1Q6SNA2,histidine,Tri,0.339964359998703,9
A0A1Q6SNA2,lysine,Di,0.2327258139848709,44
A0A1Q6SNA2,lysine,Mono,0.21231617033481598,54
A0A1Q6SNA2,lysine,Tri,0.22858086228370667,46
A0A1Q6SNA2,methionine,Di,0.12837737798690796,71
A0A1Q6SNA2,methionine,Mono,0.16235560923814774,65
A0A1Q6SNA2,methionine,Tri,0.1618206799030304,66
A0A1Q6SNA2,ornithine,Di,0.21585706621408463,49
A0A1Q6SNA2,ornithine,Mono,0.20877204090356827,57
A0A1Q6SNA2,ornithine,Tri,0.260542094707489,33
A0A1Q6SNA2,phenylalanine,Di,0.36598365008831024,2
A0A1Q6SNA2,phenylalanine,Mono,0.3414740115404129,8
A0A1Q6SNA2,phenylalanine,Tri,0.33597299456596375,11
A0A1Q6SNA2,proline,Di,0.24036499112844467,42
A0A1Q6SNA2,proline,Mono,0.3351691663265228,13
A0A1Q6SNA2,proline,Tri,0.2137991189956665,51
A0A1Q6SNA2,putrescine,Di,0.2496291846036911,38
A0A1Q6SNA2,putrescine,Mono,0.2508636862039566,37
A0A1Q6SNA2,putrescine,Tri,0.21114489436149597,55
A0A1Q6SNA2,serine,Di,0.339409276843071,10
A0A1Q6SNA2,serine,Mono,0.30580808222293854,20
A0A1Q6SNA2,serine,Tri,0.3262585550546646,15
A0A1Q6SNA2,serotonin,Di,0.27426403760910034,29
A0A1Q6SNA2,serotonin,Mono,0.24651587009429932,40
A0A1Q6SNA2,serotonin,Tri,0.3000997006893158,23
A0A1Q6SNA2,threonine,Di,0.39010825753211975,1
A0A1Q6SNA2,threonine,Mono,0.36112280189991,3
A0A1Q6SNA2,threonine,Tri,0.3450291156768799,7
A0A1Q6SNA2,tryptamine,Di,0.25831394642591476,34
A0A1Q6SNA2,tryptamine,Mono,0.21746467053890228,48
A0A1Q6SNA2,tryptamine,Tri,0.24850741028785706,39
A0A1Q6SNA2,tyramine,Di,0.2721523493528366,30
A0A1Q6SNA2,tyramine,Mono,0.271838441491127,31
A0A1Q6SNA2,tyramine,Tri,0.27025753259658813,32
A0A1Y3QT37,"2,3_diaminopropionic acid",Di,0.34059569239616394,18
A0A1Y3QT37,"2,3_diaminopropionic acid",Mono,0.32458214461803436,22
A0A1Y3QT37,"2,3_diaminopropionic acid",Tri,0.3299817740917206,21
A0A1Y3QT37,2_aminophenol,Di,0.37189963459968567,10
A0A1Y3QT37,2_aminophenol,Mono,0.3551621437072754,12
A0A1Y3QT37,2_aminophenol,Tri,0.335465669631958,19
A0A1Y3QT37,3_methoxytyramine,Di,0.055576181039214134,73
A0A1Y3QT37,3_methoxytyramine,Mono,0.08000108227133751,72
A0A1Y3QT37,3_methoxytyramine,Tri,0.050971247255802155,75
A0A1Y3QT37,alanine,Di,0.17675720900297165,61
A0A1Y3QT37,alanine,Mono,0.26596881449222565,33
A0A1Y3QT37,alanine,Tri,0.1778443604707718,60
A0A1Y3QT37,arginine,Di,0.2222764492034912,47
A0A1Y3QT37,arginine,Mono,0.2587994933128357,35
A0A1Y3QT37,arginine,Tri,0.271407812833786,30
A0A1Y3QT37,asparagine,Di,0.2950521856546402,29
A0A1Y3QT37,asparagine,Mono,0.34890656918287277,15
A0A1Y3QT37,asparagine,Tri,0.2970888018608093,28
A0A1Y3QT37,cadaverine,Di,0.23071378469467163,45
A0A1Y3QT37,cadaverine,Mono,0.2665826231241226,32
A0A1Y3QT37,cadaverine,Tri,0.22738316655158997,46
A0A1Y3QT37,citrulline,Di,0.31705743074417114,24
A0A1Y3QT37,citrulline,Mono,0.3983660638332367,6
A0A1Y3QT37,citrulline,Tri,0.30648060142993927,25
A0A1Y3QT37,cystine,Di,0.17203157395124435,63
A0A1Y3QT37,cystine,Mono,0.2576605826616287,36
A0A1Y3QT37,cystine,Tri,0.19123991578817368,56
A0A1Y3QT37,dopamine,Di,0.16443227976560593,67
A0A1Y3QT37,dopamine,Mono,0.19444119930267334,55
A0A1Y3QT37,dopamine,Tri,0.16040751338005066,68
A0A1Y3QT37,gaba,Di,0.176567941904068,62
A0A1Y3QT37,gaba,Mono,0.2453601211309433,40
A0A1Y3QT37,gaba,Tri,0.19104166328907013,57
A0A1Y3QT37,glutamine,Di,0.36737391352653503,11
A0A1Y3QT37,glutamine,Mono,0.3795376121997833,8
A0A1Y3QT37,glutamine,Tri,0.3047367334365845,26
A0A1Y3QT37,glyglycine,Di,0.11380566656589508,71
A0A1Y3QT37,glyglycine,Mono,0.1786699742078781,59
A0A1Y3QT37,glyglycine,Tri,0.05505834519863129,74
A0A1Y3QT37,histidine,Di,0.3455767333507538,16
A0A1Y3QT37,histidine,Mono,0.40377841889858246,3
A0A1Y3QT37,histidine,Tri,0.349224716424942,14
A0A1Y3QT37,lysine,Di,0.24814121425151825,39
A0A1Y3QT37,lysine,Mono,0.25687482208013535,37
A0A1Y3QT37,lysine,Tri,0.2590261697769165,34
A0A1Y3QT37,methionine,Di,0.14606685936450958,70
A0A1Y3QT37,methionine,Mono,0.23909563571214676,42
A0A1Y3QT37,methionine,Tri,0.17078090459108353,65
A0A1Y3QT37,ornithine,Di,0.23677320033311844,43
A0A1Y3QT37,ornithine,Mono,0.2535931020975113,38
A0A1Y3QT37,ornithine,Tri,0.26912011206150055,31
A0A1Y3QT37,phenylalanine,Di,0.3801996260881424,7
A0A1Y3QT37,phenylalanine,Mono,0.412692129611969,1
A0A1Y3QT37,phenylalanine,Tri,0.3442530035972595,17
A0A1Y3QT37,proline,Di,0.18666251003742218,58
A0A1Y3QT37,proline,Mono,0.37325185537338257,9
A0A1Y3QT37,proline,Tri,0.21117790043354034,49
A0A1Y3QT37,putrescine,Di,0.2321518138051033,44
A0A1Y3QT37,putrescine,Mono,0.304383784532547,27
A0A1Y3QT37,putrescine,Tri,0.20384583622217178,51
A0A1Y3QT37,serine,Di,0.34928038716316223,13
A0A1Y3QT37,serine,Mono,0.409116730093956,2
A0A1Y3QT37,serine,Tri,0.33143454790115356,20
A0A1Y3QT37,serotonin,Di,0.20475418120622635,50
A0A1Y3QT37,serotonin,Mono,0.1969502717256546,54
A0A1Y3QT37,serotonin,Tri,0.23919491469860077,41
A0A1Y3QT37,threonine,Di,0.3984198421239853,5
A0A1Y3QT37,threonine,Mono,0.39972802996635437,4
A0A1Y3QT37,threonine,Tri,0.3233466148376465,23
A0A1Y3QT37,tryptamine,Di,0.17023303359746933,66
A0A1Y3QT37,tryptamine,Mono,0.14955150336027145,69
A0A1Y3QT37,tryptamine,Tri,0.171728253364563,64
A0A1Y3QT37,tyramine,Di,0.20000207424163818,52
A0A1Y3QT37,tyramine,Mono,0.21833456307649612,48
A0A1Y3QT37,tyramine,Tri,0.199843630194664,53
A0A1Y3TDY5,"2,3_diaminopropionic acid",Di,0.3188777565956116,14
A0A1Y3TDY5,"2,3_diaminopropionic acid",Mono,0.24758216738700867,29
A0A1Y3TDY5,"2,3_diaminopropionic acid",Tri,0.31681104004383087,15
A0A1Y3TDY5,2_aminophenol,Di,0.35838840901851654,3
A0A1Y3TDY5,2_aminophenol,Mono,0.2844289541244507,25
A0A1Y3TDY5,2_aminophenol,Tri,0.2963184416294098,21
A0A1Y3TDY5,3_methoxytyramine,Di,0.09637108817696571,72
A0A1Y3TDY5,3_methoxytyramine,Mono,0.10897035896778107,71
A0A1Y3TDY5,3_methoxytyramine,Tri,0.07977424934506416,74
A0A1Y3TDY5,alanine,Di,0.1440887376666069,68
A0A1Y3TDY5,alanine,Mono,0.20433154702186584,47
A0A1Y3TDY5,alanine,Tri,0.17018065601587296,63
A0A1Y3TDY5,arginine,Di,0.1641526147723198,65
A0A1Y3TDY5,arginine,Mono,0.18515858426690102,57
A0A1Y3TDY5,arginine,Tri,0.2006039172410965,49
A0A1Y3TDY5,asparagine,Di,0.28528426587581635,23
A0A1Y3TDY5,asparagine,Mono,0.2733573168516159,26
A0A1Y3TDY5,asparagine,Tri,0.26678381115198135,27
A0A1Y3TDY5,cadaverine,Di,0.1966402530670166,50
A0A1Y3TDY5,cadaverine,Mono,0.17673083394765854,61
A0A1Y3TDY5,cadaverine,Tri,0.1918131709098816,52
A0A1Y3TDY5,citrulline,Di,0.31930479407310486,13
A0A1Y3TDY5,citrulline,Mono,0.3424428701400757,8
A0A1Y3TDY5,citrulline,Tri,0.3115525245666504,19
A0A1Y3TDY5,cystine,Di,0.1465318202972412,67
A0A1Y3TDY5,cystine,Mono,0.20855652540922165,42
A0A1Y3TDY5,cystine,Tri,0.18204082548618317,59
A0A1Y3TDY5,dopamine,Di,0.2010601907968521,48
A0A1Y3TDY5,dopamine,Mono,0.21573252230882645,39
A0A1Y3TDY5,dopamine,Tri,0.2069554477930069,43
A0A1Y3TDY5,gaba,Di,0.17217719554901123,62
A0A1Y3TDY5,gaba,Mono,0.18062862753868103,60
A0A1Y3TDY5,gaba,Tri,0.18599915504455566,56
A0A1Y3TDY5,glutamine,Di,0.3469608724117279,7
A0A1Y3TDY5,glutamine,Mono,0.28528209030628204,24
A0A1Y3TDY5,glutamine,Tri,0.28609004616737366,22
A0A1Y3TDY5,glyglycine,Di,0.07979907840490341,73
A0A1Y3TDY5,glyglycine,Mono,0.1363900676369667,69
A0A1Y3TDY5,glyglycine,Tri,0.07884744368493557,75
A0A1Y3TDY5,histidine,Di,0.2969287931919098,20
A0A1Y3TDY5,histidine,Mono,0.3226328417658806,11
A0A1Y3TDY5,histidine,Tri,0.32765205204486847,10
A0A1Y3TDY5,lysine,Di,0.20579303801059723,45
A0A1Y3TDY5,lysine,Mono,0.18891172111034393,53
A0A1Y3TDY5,lysine,Tri,0.2062842920422554,44
A0A1Y3TDY5,methionine,Di,0.13071443885564804,70
A0A1Y3TDY5,methionine,Mono,0.16960369050502777,64
A0A1Y3TDY5,methionine,Tri,0.15596408396959305,66
A0A1Y3TDY5,ornithine,Di,0.2048814296722412,46
A0A1Y3TDY5,ornithine,Mono,0.18741032481193542,54
A0A1Y3TDY5,ornithine,Tri,0.24555101245641708,30
A0A1Y3TDY5,phenylalanine,Di,0.3510851562023163,4
A0A1Y3TDY5,phenylalanine,Mono,0.33857461810112,9
A0A1Y3TDY5,phenylalanine,Tri,0.31211045384407043,18
A0A1Y3TDY5,proline,Di,0.23780790716409683,34
A0A1Y3TDY5,proline,Mono,0.32009562849998474,12
A0A1Y3TDY5,proline,Tri,0.19430413842201233,51
A0A1Y3TDY5,putrescine,Di,0.2277986705303192,36
A0A1Y3TDY5,putrescine,Mono,0.2236780971288681,37
A0A1Y3TDY5,putrescine,Tri,0.18658281862735748,55
A0A1Y3TDY5,serine,Di,0.34810003638267517,6
A0A1Y3TDY5,serine,Mono,0.31466446816921234,17
A0A1Y3TDY5,serine,Tri,0.3156214654445648,16
A0A1Y3TDY5,serotonin,Di,0.24192748963832855,32
A0A1Y3TDY5,serotonin,Mono,0.21367494761943817,40
A0A1Y3TDY5,serotonin,Tri,0.26320138573646545,28
A0A1Y3TDY5,threonine,Di,0.40830738842487335,1
A0A1Y3TDY5,threonine,Mono,0.3627632409334183,2
A0A1Y3TDY5,threonine,Tri,0.3489469736814499,5
A0A1Y3TDY5,tryptamine,Di,0.21732810139656067,38
A0A1Y3TDY5,tryptamine,Mono,0.1843896359205246,58
A0A1Y3TDY5,tryptamine,Tri,0.21121255308389664,41
A0A1Y3TDY5,tyramine,Di,0.2453126162290573,31
A0A1Y3TDY5,tyramine,Mono,0.23670421540737152,35
A0A1Y3TDY5,tyramine,Tri,0.2398957684636116,33
A0A1Y3VSR9,"2,3_diaminopropionic acid",Di,0.2971815764904022,20
A0A1Y3VSR9,"2,3_diaminopropionic acid",Mono,0.24653232097625732,28
A0A1Y3VSR9,"2,3_diaminopropionic acid",Tri,0.3039179593324661,18
A0A1Y3VSR9,2_aminophenol,Di,0.32357358932495117,13
A0A1Y3VSR9,2_aminophenol,Mono,0.28160686790943146,24
A0A1Y3VSR9,2_aminophenol,Tri,0.2758439928293228,25
A0A1Y3VSR9,3_methoxytyramine,Di,0.03386592771857977,74
A0A1Y3VSR9,3_methoxytyramine,Mono,0.049725490622222424,72
A0A1Y3VSR9,3_methoxytyramine,Tri,0.03163258172571659,75
A0A1Y3VSR9,alanine,Di,0.12924029678106308,67
A0A1Y3VSR9,alanine,Mono,0.21468783169984818,34
A0A1Y3VSR9,alanine,Tri,0.17256509512662888,57
A0A1Y3VSR9,arginine,Di,0.19235076010227203,46
A0A1Y3VSR9,arginine,Mono,0.20928161963820457,35
A0A1Y3VSR9,arginine,Tri,0.22941076755523682,31
A0A1Y3VSR9,asparagine,Di,0.2702353224158287,26
A0A1Y3VSR9,asparagine,Mono,0.3013874292373657,19
A0A1Y3VSR9,asparagine,Tri,0.26741503924131393,27
A0A1Y3VSR9,cadaverine,Di,0.1749052107334137,52
A0A1Y3VSR9,cadaverine,Mono,0.17425115406513214,53
A0A1Y3VSR9,cadaverine,Tri,0.1989811509847641,43
A0A1Y3VSR9,citrulline,Di,0.29498347640037537,22
A0A1Y3VSR9,citrulline,Mono,0.3377881199121475,7
A0A1Y3VSR9,citrulline,Tri,0.2954214960336685,21
A0A1Y3VSR9,cystine,Di,0.11507292464375496,70
A0A1Y3VSR9,cystine,Mono,0.19965402781963348,42
A0A1Y3VSR9,cystine,Tri,0.1644182652235031,61
A0A1Y3VSR9,dopamine,Di,0.15686994791030884,64
A0A1Y3VSR9,dopamine,Mono,0.17372529208660126,56
A0A1Y3VSR9,dopamine,Tri,0.15986418724060059,63
A0A1Y3VSR9,gaba,Di,0.15089555829763412,65
A0A1Y3VSR9,gaba,Mono,0.17223135381937027,58
A0A1Y3VSR9,gaba,Tri,0.18069595098495483,50
A0A1Y3VSR9,glutamine,Di,0.34954027831554413,5
A0A1Y3VSR9,glutamine,Mono,0.31225504726171494,14
A0A1Y3VSR9,glutamine,Tri,0.29477570950984955,23
A0A1Y3VSR9,glyglycine,Di,0.0629334095865488,71
A0A1Y3VSR9,glyglycine,Mono,0.1267821043729782,68
A0A1Y3VSR9,glyglycine,Tri,0.04021354205906391,73
A0A1Y3VSR9,histidine,Di,0.30974556505680084,16
A0A1Y3VSR9,histidine,Mono,0.35280974954366684,3
A0A1Y3VSR9,histidine,Tri,0.3250075727701187,11
A0A1Y3VSR9,lysine,Di,0.19280630350112915,45
A0A1Y3VSR9,lysine,Mono,0.17375314235687256,55
A0A1Y3VSR9,lysine,Tri,0.20742522180080414,36
A0A1Y3VSR9,methionine,Di,0.12121753767132759,69
A0A1Y3VSR9,methionine,Mono,0.18484391272068024,48
A0A1Y3VSR9,methionine,Tri,0.16382497549057007,62
A0A1Y3VSR9,ornithine,Di,0.18167958408594131,49
A0A1Y3VSR9,ornithine,Mono,0.1710464432835579,59
A0A1Y3VSR9,ornithine,Tri,0.23345747590065002,30
A0A1Y3VSR9,phenylalanine,Di,0.3505786508321762,4
A0A1Y3VSR9,phenylalanine,Mono,0.3604995608329773,2
A0A1Y3VSR9,phenylalanine,Tri,0.310671791434288,15
A0A1Y3VSR9,proline,Di,0.21572881937026978,33
A0A1Y3VSR9,proline,Mono,0.3348702937364578,8
A0A1Y3VSR9,proline,Tri,0.20305714756250381,39
A0A1Y3VSR9,putrescine,Di,0.2037433758378029,37
A0A1Y3VSR9,putrescine,Mono,0.2226572483778,32
A0A1Y3VSR9,putrescine,Tri,0.18515273183584213,47
A0A1Y3VSR9,serine,Di,0.33185915648937225,9
A0A1Y3VSR9,serine,Mono,0.3303098976612091,10
A0A1Y3VSR9,serine,Tri,0.3071545958518982,17
A0A1Y3VSR9,serotonin,Di,0.20305030792951584,40
A0A1Y3VSR9,serotonin,Mono,0.17634237557649612,51
A0A1Y3VSR9,serotonin,Tri,0.23509684950113297,29
A0A1Y3VSR9,threonine,Di,0.3794361650943756,1
A0A1Y3VSR9,threonine,Mono,0.3479255735874176,6
A0A1Y3VSR9,threonine,Tri,0.3249921351671219,12
A0A1Y3VSR9,tryptamine,Di,0.16827420890331268,60
A0A1Y3VSR9,tryptamine,Mono,0.14046945422887802,66
A0A1Y3VSR9,tryptamine,Tri,0.1738063246011734,54
A0A1Y3VSR9,tyramine,Di,0.2034824639558792,38
A0A1Y3VSR9,tyramine,Mono,0.19407974183559418,44
A0A1Y3VSR9,tyramine,Tri,0.2001381665468216,41
A0A1Y3YYW1,"2,3_diaminopropionic acid",Di,0.32410189509391785,19
A0A1Y3YYW1,"2,3_diaminopropionic acid",Mono,0.2669086754322052,28
A0A1Y3YYW1,"2,3_diaminopropionic acid",Tri,0.3150980472564697,21
A0A1Y3YYW1,2_aminophenol,Di,0.3444928079843521,10
A0A1Y3YYW1,2_aminophenol,Mono,0.29192177951335907,25
A0A1Y3YYW1,2_aminophenol,Tri,0.2947729229927063,24
A0A1Y3YYW1,3_methoxytyramine,Di,0.03052707202732563,75
A0A1Y3YYW1,3_methoxytyramine,Mono,0.05718684569001198,73
A0A1Y3YYW1,3_methoxytyramine,Tri,0.03565879911184311,74
A0A1Y3YYW1,alanine,Di,0.16215359419584274,66
A0A1Y3YYW1,alanine,Mono,0.22244708240032196,37
A0A1Y3YYW1,alanine,Tri,0.16703370213508606,65
A0A1Y3YYW1,arginine,Di,0.21735966205596924,39
A0A1Y3YYW1,arginine,Mono,0.2119753174483776,43
A0A1Y3YYW1,arginine,Tri,0.2299395650625229,35
A0A1Y3YYW1,asparagine,Di,0.2898966372013092,26
A0A1Y3YYW1,asparagine,Mono,0.3271232917904854,17
A0A1Y3YYW1,asparagine,Tri,0.2863948196172714,27
A0A1Y3YYW1,cadaverine,Di,0.20449203997850418,49
A0A1Y3YYW1,cadaverine,Mono,0.19001702964305878,52
A0A1Y3YYW1,cadaverine,Tri,0.22687950730323792,36
A0A1Y3YYW1,citrulline,Di,0.3195130228996277,20
A0A1Y3YYW1,citrulline,Mono,0.347454696893692,9
A0A1Y3YYW1,citrulline,Tri,0.31083719432353973,22
A0A1Y3YYW1,cystine,Di,0.1418820470571518,70
A0A1Y3YYW1,cystine,Mono,0.2071455754339695,48
A0A1Y3YYW1,cystine,Tri,0.18740513920783997,53
A0A1Y3YYW1,dopamine,Di,0.1718631088733673,61
A0A1Y3YYW1,dopamine,Mono,0.17482192814350128,58
A0A1Y3YYW1,dopamine,Tri,0.16727641224861145,64
A0A1Y3YYW1,gaba,Di,0.17269034683704376,59
A0A1Y3YYW1,gaba,Mono,0.17139537632465363,62
A0A1Y3YYW1,gaba,Tri,0.20737551897764206,46
A0A1Y3YYW1,glutamine,Di,0.36899206042289734,5
A0A1Y3YYW1,glutamine,Mono,0.34255431592464447,11
A0A1Y3YYW1,glutamine,Tri,0.30475568771362305,23
A0A1Y3YYW1,glyglycine,Di,0.10596059262752533,71
A0A1Y3YYW1,glyglycine,Mono,0.145645871758461,67
A0A1Y3YYW1,glyglycine,Tri,0.06912501715123653,72
A0A1Y3YYW1,histidine,Di,0.33999772369861603,14
A0A1Y3YYW1,histidine,Mono,0.3777638375759125,2
A0A1Y3YYW1,histidine,Tri,0.34207844734191895,12
A0A1Y3YYW1,lysine,Di,0.2119288668036461,44
A0A1Y3YYW1,lysine,Mono,0.17258082330226898,60
A0A1Y3YYW1,lysine,Tri,0.23330718278884888,33
A0A1Y3YYW1,methionine,Di,0.14294548332691193,68
A0A1Y3YYW1,methionine,Mono,0.20759736001491547,45
A0A1Y3YYW1,methionine,Tri,0.19118700176477432,51
A0A1Y3YYW1,ornithine,Di,0.20242194831371307,50
A0A1Y3YYW1,ornithine,Mono,0.16998643428087234,63
A0A1Y3YYW1,ornithine,Tri,0.24973520636558533,29
A0A1Y3YYW1,phenylalanine,Di,0.37742625176906586,3
A0A1Y3YYW1,phenylalanine,Mono,0.3751468360424042,4
A0A1Y3YYW1,phenylalanine,Tri,0.3304005265235901,15
A0A1Y3YYW1,proline,Di,0.23056749999523163,34
A0A1Y3YYW1,proline,Mono,0.3568529039621353,7
A0A1Y3YYW1,proline,Tri,0.21290001273155212,41
A0A1Y3YYW1,putrescine,Di,0.23382672667503357,32
A0A1Y3YYW1,putrescine,Mono,0.23696041107177734,31
A0A1Y3YYW1,putrescine,Tri,0.21808838099241257,38
A0A1Y3YYW1,serine,Di,0.3542759120464325,8
A0A1Y3YYW1,serine,Mono,0.34187257289886475,13
A0A1Y3YYW1,serine,Tri,0.32930219173431396,16
A0A1Y3YYW1,serotonin,Di,0.2125592604279518,42
A0A1Y3YYW1,serotonin,Mono,0.17805854603648186,57
A0A1Y3YYW1,serotonin,Tri,0.24542852491140366,30
A0A1Y3YYW1,threonine,Di,0.3833416998386383,1
A0A1Y3YYW1,threonine,Mono,0.3659679591655731,6
A0A1Y3YYW1,threonine,Tri,0.32430002093315125,18
A0A1Y3YYW1,tryptamine,Di,0.18376442790031433,56
A0A1Y3YYW1,tryptamine,Mono,0.14191343635320663,69
A0A1Y3YYW1,tryptamine,Tri,0.18429161608219147,55
A0A1Y3YYW1,tyramine,Di,0.2134968861937523,40
A0A1Y3YYW1,tyramine,Mono,0.18724150955677032,54
A0A1Y3YYW1,tyramine,Tri,0.20722220838069916,47
A0A1Y4QH48,"2,3_diaminopropionic acid",Di,0.2936623990535736,8
A0A1Y4QH48,"2,3_diaminopropionic acid",Mono,0.2303950935602188,41
A0A1Y4QH48,"2,3_diaminopropionic acid",Tri,0.29376405477523804,7
A0A1Y4QH48,2_aminophenol,Di,0.2910899594426155,10
A0A1Y4QH48,2_aminophenol,Mono,0.256681390106678,25
A0A1Y4QH48,2_aminophenol,Tri,0.26641449332237244,21
A0A1Y4QH48,3_methoxytyramine,Di,0.15452522039413452,73
A0A1Y4QH48,3_methoxytyramine,Mono,0.10797874629497528,74
A0A1Y4QH48,3_methoxytyramine,Tri,0.15585153549909592,72
A0A1Y4QH48,alanine,Di,0.19821010529994965,59
A0A1Y4QH48,alanine,Mono,0.19191217422485352,63
A0A1Y4QH48,alanine,Tri,0.16941263526678085,70
A0A1Y4QH48,arginine,Di,0.27205799520015717,18
A0A1Y4QH48,arginine,Mono,0.2358108013868332,37
A0A1Y4QH48,arginine,Tri,0.28147244453430176,14
A0A1Y4QH48,asparagine,Di,0.19965077936649323,58
A0A1Y4QH48,asparagine,Mono,0.2355940192937851,38
A0A1Y4QH48,asparagine,Tri,0.21728647500276566,51
A0A1Y4QH48,cadaverine,Di,0.2501379996538162,29
A0A1Y4QH48,cadaverine,Mono,0.2331271395087242,39
A0A1Y4QH48,cadaverine,Tri,0.22497481107711792,45
A0A1Y4QH48,citrulline,Di,0.2171407714486122,52
A0A1Y4QH48,citrulline,Mono,0.29377885162830353,6
A0A1Y4QH48,citrulline,Tri,0.2432016357779503,34
A0A1Y4QH48,cystine,Di,0.22832736372947693,42
A0A1Y4QH48,cystine,Mono,0.22098569571971893,48
A0A1Y4QH48,cystine,Tri,0.22795794904232025,43
A0A1Y4QH48,dopamine,Di,0.23740658164024353,36
A0A1Y4QH48,dopamine,Mono,0.2121875286102295,53
A0A1Y4QH48,dopamine,Tri,0.20070190727710724,57
A0A1Y4QH48,gaba,Di,0.19263198971748352,62
A0A1Y4QH48,gaba,Mono,0.21796199679374695,49
A0A1Y4QH48,gaba,Tri,0.19415982067584991,61
A0A1Y4QH48,glutamine,Di,0.2781202346086502,15
A0A1Y4QH48,glutamine,Mono,0.23248658329248428,40
A0A1Y4QH48,glutamine,Tri,0.2845380902290344,13
A0A1Y4QH48,glyglycine,Di,0.16164418309926987,71
A0A1Y4QH48,glyglycine,Mono,0.18219038099050522,66
A0A1Y4QH48,glyglycine,Tri,0.09680591523647308,75
A0A1Y4QH48,histidine,Di,0.2958122119307518,5
A0A1Y4QH48,histidine,Mono,0.2545156925916672,26
A0A1Y4QH48,histidine,Tri,0.2714390754699707,19
A0A1Y4QH48,lysine,Di,0.26488175988197327,22
A0A1Y4QH48,lysine,Mono,0.2054407149553299,56
A0A1Y4QH48,lysine,Tri,0.21744517982006073,50
A0A1Y4QH48,methionine,Di,0.17596987634897232,68
A0A1Y4QH48,methionine,Mono,0.18388334661722183,65
A0A1Y4QH48,methionine,Tri,0.17711159586906433,67
A0A1Y4QH48,ornithine,Di,0.21197275817394257,54
A0A1Y4QH48,ornithine,Mono,0.19564014673233032,60
A0A1Y4QH48,ornithine,Tri,0.22259140759706497,46
A0A1Y4QH48,phenylalanine,Di,0.3038565665483475,4
A0A1Y4QH48,phenylalanine,Mono,0.27779722213745117,16
A0A1Y4QH48,phenylalanine,Tri,0.28985510766506195,11
A0A1Y4QH48,proline,Di,0.2435665726661682,33
A0A1Y4QH48,proline,Mono,0.3137199431657791,1
A0A1Y4QH48,proline,Tri,0.28548723459243774,12
A0A1Y4QH48,putrescine,Di,0.24213393777608871,35
A0A1Y4QH48,putrescine,Mono,0.2723308503627777,17
A0A1Y4QH48,putrescine,Tri,0.2085220068693161,55
A0A1Y4QH48,serine,Di,0.2916317880153656,9
A0A1Y4QH48,serine,Mono,0.2529953271150589,27
A0A1Y4QH48,serine,Tri,0.2581214904785156,23
A0A1Y4QH48,serotonin,Di,0.3102514296770096,2
A0A1Y4QH48,serotonin,Mono,0.2577138915657997,24
A0A1Y4QH48,serotonin,Tri,0.3098166137933731,3
A0A1Y4QH48,threonine,Di,0.2453066185116768,32
A0A1Y4QH48,threonine,Mono,0.2493436187505722,30
A0A1Y4QH48,threonine,Tri,0.17031142860651016,69
A0A1Y4QH48,tryptamine,Di,0.2684495151042938,20
A0A1Y4QH48,tryptamine,Mono,0.18440117686986923,64
A0A1Y4QH48,tryptamine,Tri,0.2520017772912979,28
A0A1Y4QH48,tyramine,Di,0.2482312098145485,31
A0A1Y4QH48,tyramine,Mono,0.22184783965349197,47
A0A1Y4QH48,tyramine,Tri,0.2250112146139145,44
A0A2S7KLN3,"2,3_diaminopropionic acid",Di,0.21888243407011032,21
A0A2S7KLN3,"2,3_diaminopropionic acid",Mono,0.25729723274707794,9
A0A2S7KLN3,"2,3_diaminopropionic acid",Tri,0.1919179931282997,36
A0A2S7KLN3,2_aminophenol,Di,0.20063505321741104,34
A0A2S7KLN3,2_aminophenol,Mono,0.25689251720905304,10
A0A2S7KLN3,2_aminophenol,Tri,0.19344591349363327,35
A0A2S7KLN3,3_methoxytyramine,Di,-0.04223574325442314,74
A0A2S7KLN3,3_methoxytyramine,Mono,-0.02073232363909483,73
A0A2S7KLN3,3_methoxytyramine,Tri,-0.0483953058719635,75
A0A2S7KLN3,alanine,Di,0.1117873378098011,60
A0A2S7KLN3,alanine,Mono,0.22034566849470139,20
A0A2S7KLN3,alanine,Tri,0.15065012127161026,46
A0A2S7KLN3,arginine,Di,0.21558284759521484,23
A0A2S7KLN3,arginine,Mono,0.24359771609306335,15
A0A2S7KLN3,arginine,Tri,0.25088750571012497,11
A0A2S7KLN3,asparagine,Di,0.16984322667121887,42
A0A2S7KLN3,asparagine,Mono,0.28305690735578537,7
A0A2S7KLN3,asparagine,Tri,0.20931782573461533,26
A0A2S7KLN3,cadaverine,Di,0.14484913647174835,48
A0A2S7KLN3,cadaverine,Mono,0.20430192351341248,29
A0A2S7KLN3,cadaverine,Tri,0.17105786502361298,41
A0A2S7KLN3,citrulline,Di,0.17538059502840042,40
A0A2S7KLN3,citrulline,Mono,0.29646463692188263,6
A0A2S7KLN3,citrulline,Tri,0.20338378101587296,31
A0A2S7KLN3,cystine,Di,0.07787812128663063,68
A0A2S7KLN3,cystine,Mono,0.18759874999523163,37
A0A2S7KLN3,cystine,Tri,0.07173477113246918,70
A0A2S7KLN3,dopamine,Di,0.10290347784757614,66
A0A2S7KLN3,dopamine,Mono,0.1074489913880825,63
A0A2S7KLN3,dopamine,Tri,0.05495569854974747,71
A0A2S7KLN3,gaba,Di,0.10080555453896523,67
A0A2S7KLN3,gaba,Mono,0.2014094665646553,33
A0A2S7KLN3,gaba,Tri,0.124998539686203,57
A0A2S7KLN3,glutamine,Di,0.2651546746492386,8
A0A2S7KLN3,glutamine,Mono,0.3066089153289795,3
A0A2S7KLN3,glutamine,Tri,0.23694852739572525,16
A0A2S7KLN3,glyglycine,Di,0.07395835779607296,69
A0A2S7KLN3,glyglycine,Mono,0.14639027416706085,47
A0A2S7KLN3,glyglycine,Tri,-0.014780795201659203,72
A0A2S7KLN3,histidine,Di,0.2496265098452568,12
A0A2S7KLN3,histidine,Mono,0.3141739070415497,2
A0A2S7KLN3,histidine,Tri,0.23300959914922714,18
A0A2S7KLN3,lysine,Di,0.20437613129615784,28
A0A2S7KLN3,lysine,Mono,0.20739243924617767,27
A0A2S7KLN3,lysine,Tri,0.2029794380068779,32
A0A2S7KLN3,methionine,Di,0.12102650105953217,58
A0A2S7KLN3,methionine,Mono,0.21728037297725677,22
A0A2S7KLN3,methionine,Tri,0.14152543991804123,50
A0A2S7KLN3,ornithine,Di,0.15487140417099,45
A0A2S7KLN3,ornithine,Mono,0.18565037101507187,38
A0A2S7KLN3,ornithine,Tri,0.164361871778965,44
A0A2S7KLN3,phenylalanine,Di,0.2455567866563797,13
A0A2S7KLN3,phenylalanine,Mono,0.3015890195965767,5
A0A2S7KLN3,phenylalanine,Tri,0.23432227969169617,17
A0A2S7KLN3,proline,Di,0.1039077527821064,65
A0A2S7KLN3,proline,Mono,0.3053498864173889,4
A0A2S7KLN3,proline,Tri,0.1653929129242897,43
A0A2S7KLN3,putrescine,Di,0.1399214118719101,53
A0A2S7KLN3,putrescine,Mono,0.23178260028362274,19
A0A2S7KLN3,putrescine,Tri,0.14042387157678604,52
A0A2S7KLN3,serine,Di,0.20390088856220245,30
A0A2S7KLN3,serine,Mono,0.3166046589612961,1
A0A2S7KLN3,serine,Tri,0.21379738301038742,24
A0A2S7KLN3,serotonin,Di,0.14124655723571777,51
A0A2S7KLN3,serotonin,Mono,0.1394830234348774,54
A0A2S7KLN3,serotonin,Tri,0.1421600729227066,49
A0A2S7KLN3,threonine,Di,0.21042872965335846,25
A0A2S7KLN3,threonine,Mono,0.24380263686180115,14
A0A2S7KLN3,threonine,Tri,0.17652561515569687,39
A0A2S7KLN3,tryptamine,Di,0.11462831497192383,59
A0A2S7KLN3,tryptamine,Mono,0.1042540892958641,64
A0A2S7KLN3,tryptamine,Tri,0.10847340151667595,62
A0A2S7KLN3,tyramine,Di,0.1267990991473198,55
A0A2S7KLN3,tyramine,Mono,0.12599140778183937,56
A0A2S7KLN3,tyramine,Tri,0.10957556962966919,61
A0A2S8G2H3,"2,3_diaminopropionic acid",Di,0.33000458776950836,26
A0A2S8G2H3,"2,3_diaminopropionic acid",Mono,0.35983967781066895,19
A0A2S8G2H3,"2,3_diaminopropionic acid",Tri,0.31219397485256195,31
A0A2S8G2H3,2_aminophenol,Di,0.3874818682670593,16
A0A2S8G2H3,2_aminophenol,Mono,0.39578795433044434,13
A0A2S8G2H3,2_aminophenol,Tri,0.3345325142145157,24
A0A2S8G2H3,3_methoxytyramine,Di,0.04677034728229046,74
A0A2S8G2H3,3_methoxytyramine,Mono,0.0835825651884079,72
A0A2S8G2H3,3_methoxytyramine,Tri,0.04146852530539036,75
A0A2S8G2H3,alanine,Di,0.22994466125965118,48
A0A2S8G2H3,alanine,Mono,0.3451021760702133,23
A0A2S8G2H3,alanine,Tri,0.2402663677930832,45
A0A2S8G2H3,arginine,Di,0.25181642174720764,43
A0A2S8G2H3,arginine,Mono,0.30161038041114807,34
A0A2S8G2H3,arginine,Tri,0.2938977926969528,35
A0A2S8G2H3,asparagine,Di,0.35776665806770325,21
A0A2S8G2H3,asparagine,Mono,0.4318133294582367,6
A0A2S8G2H3,asparagine,Tri,0.3480152040719986,22
A0A2S8G2H3,cadaverine,Di,0.2370576113462448,47
A0A2S8G2H3,cadaverine,Mono,0.3079949915409088,32
A0A2S8G2H3,cadaverine,Tri,0.25251519680023193,42
A0A2S8G2H3,citrulline,Di,0.3196331113576889,29
A0A2S8G2H3,citrulline,Mono,0.4395779073238373,5
A0A2S8G2H3,citrulline,Tri,0.3208182603120804,28
A0A2S8G2H3,cystine,Di,0.1758251115679741,64
A0A2S8G2H3,cystine,Mono,0.3028916269540787,33
A0A2S8G2H3,cystine,Tri,0.19157774746418,62
A0A2S8G2H3,dopamine,Di,0.1469816491007805,68
A0A2S8G2H3,dopamine,Mono,0.19822696596384048,60
A0A2S8G2H3,dopamine,Tri,0.12472854554653168,71
A0A2S8G2H3,gaba,Di,0.19541259109973907,61
A0A2S8G2H3,gaba,Mono,0.2895347326993942,36
A0A2S8G2H3,gaba,Tri,0.212342768907547,56
A0A2S8G2H3,glutamine,Di,0.4189133495092392,10
A0A2S8G2H3,glutamine,Mono,0.454875186085701,4
A0A2S8G2H3,glutamine,Tri,0.35963255167007446,20
A0A2S8G2H3,glyglycine,Di,0.14243851229548454,70
A0A2S8G2H3,glyglycine,Mono,0.22819845378398895,49
A0A2S8G2H3,glyglycine,Tri,0.06866759806871414,73
A0A2S8G2H3,histidine,Di,0.4011949300765991,11
A0A2S8G2H3,histidine,Mono,0.4785603731870651,3
A0A2S8G2H3,histidine,Tri,0.388494074344635,14
A0A2S8G2H3,lysine,Di,0.25318554043769836,41
A0A2S8G2H3,lysine,Mono,0.2889723926782608,38
A0A2S8G2H3,lysine,Tri,0.2607455179095268,40
A0A2S8G2H3,methionine,Di,0.2047654464840889,59
A0A2S8G2H3,methionine,Mono,0.32431451976299286,27
A0A2S8G2H3,methionine,Tri,0.21922160685062408,53
A0A2S8G2H3,ornithine,Di,0.23965170979499817,46
A0A2S8G2H3,ornithine,Mono,0.28930385410785675,37
A0A2S8G2H3,ornithine,Tri,0.2733040452003479,39
A0A2S8G2H3,phenylalanine,Di,0.4238518923521042,8
A0A2S8G2H3,phenylalanine,Mono,0.48549649119377136,2
A0A2S8G2H3,phenylalanine,Tri,0.37839052081108093,17
A0A2S8G2H3,proline,Di,0.22328951954841614,52
A0A2S8G2H3,proline,Mono,0.42631174623966217,7
A0A2S8G2H3,proline,Tri,0.2487408071756363,44
A0A2S8G2H3,putrescine,Di,0.22518185526132584,51
A0A2S8G2H3,putrescine,Mono,0.3314571976661682,25
A0A2S8G2H3,putrescine,Tri,0.21652761101722717,55
A0A2S8G2H3,serine,Di,0.40080486238002777,12
A0A2S8G2H3,serine,Mono,0.49197445809841156,1
A0A2S8G2H3,serine,Tri,0.367649108171463,18
A0A2S8G2H3,serotonin,Di,0.20772143453359604,58
A0A2S8G2H3,serotonin,Mono,0.210934117436409,57
A0A2S8G2H3,serotonin,Tri,0.2278774231672287,50
A0A2S8G2H3,threonine,Di,0.38835640251636505,15
A0A2S8G2H3,threonine,Mono,0.4219290614128113,9
A0A2S8G2H3,threonine,Tri,0.3122261166572571,30
A0A2S8G2H3,tryptamine,Di,0.16527844965457916,66
A0A2S8G2H3,tryptamine,Mono,0.16310156136751175,67
A0A2S8G2H3,tryptamine,Tri,0.14580156654119492,69
A0A2S8G2H3,tyramine,Di,0.17817194014787674,63
A0A2S8G2H3,tyramine,Mono,0.218721404671669,54
A0A2S8G2H3,tyramine,Tri,0.1707087606191635,65
A0A2S8GTJ2,"2,3_diaminopropionic acid",Di,0.37748289108276367,17
A0A2S8GTJ2,"2,3_diaminopropionic acid",Mono,0.392336830496788,15
A0A2S8GTJ2,"2,3_diaminopropionic acid",Tri,0.32937943935394287,30
A0A2S8GTJ2,2_aminophenol,Di,0.40500281751155853,13
A0A2S8GTJ2,2_aminophenol,Mono,0.40575945377349854,12
A0A2S8GTJ2,2_aminophenol,Tri,0.3364669382572174,26
A0A2S8GTJ2,3_methoxytyramine,Di,0.06986868195235729,74
A0A2S8GTJ2,3_methoxytyramine,Mono,0.1212133951485157,72
A0A2S8GTJ2,3_methoxytyramine,Tri,0.067289549857378,75
A0A2S8GTJ2,alanine,Di,0.24991820752620697,51
A0A2S8GTJ2,alanine,Mono,0.35021214187145233,23
A0A2S8GTJ2,alanine,Tri,0.24550798535346985,54
A0A2S8GTJ2,arginine,Di,0.26302187889814377,45
A0A2S8GTJ2,arginine,Mono,0.32597316801548004,31
A0A2S8GTJ2,arginine,Tri,0.29609452188014984,38
A0A2S8GTJ2,asparagine,Di,0.3400733023881912,25
A0A2S8GTJ2,asparagine,Mono,0.40783147513866425,10
A0A2S8GTJ2,asparagine,Tri,0.31745362281799316,34
A0A2S8GTJ2,cadaverine,Di,0.26273781061172485,47
A0A2S8GTJ2,cadaverine,Mono,0.3339831382036209,28
A0A2S8GTJ2,cadaverine,Tri,0.2491801306605339,52
A0A2S8GTJ2,citrulline,Di,0.36037665605545044,19
A0A2S8GTJ2,citrulline,Mono,0.46332480013370514,3
A0A2S8GTJ2,citrulline,Tri,0.3407302051782608,24
A0A2S8GTJ2,cystine,Di,0.20500688254833221,67
A0A2S8GTJ2,cystine,Mono,0.32190196216106415,33
A0A2S8GTJ2,cystine,Tri,0.20510216057300568,66
A0A2S8GTJ2,dopamine,Di,0.20011815428733826,68
A0A2S8GTJ2,dopamine,Mono,0.24555425345897675,53
A0A2S8GTJ2,dopamine,Tri,0.17018422484397888,70
A0A2S8GTJ2,gaba,Di,0.2126351222395897,63
A0A2S8GTJ2,gaba,Mono,0.30912254750728607,37
A0A2S8GTJ2,gaba,Tri,0.21013571321964264,65
A0A2S8GTJ2,glutamine,Di,0.4154261648654938,9
A0A2S8GTJ2,glutamine,Mono,0.44202274084091187,7
A0A2S8GTJ2,glutamine,Tri,0.3309696912765503,29
A0A2S8GTJ2,glyglycine,Di,0.1651800274848938,71
A0A2S8GTJ2,glyglycine,Mono,0.26291072368621826,46
A0A2S8GTJ2,glyglycine,Tri,0.09868711233139038,73
A0A2S8GTJ2,histidine,Di,0.3790294677019119,16
A0A2S8GTJ2,histidine,Mono,0.4562568664550781,4
A0A2S8GTJ2,histidine,Tri,0.3690132796764374,18
A0A2S8GTJ2,lysine,Di,0.27695436775684357,41
A0A2S8GTJ2,lysine,Mono,0.323324054479599,32
A0A2S8GTJ2,lysine,Tri,0.27906210720539093,40
A0A2S8GTJ2,methionine,Di,0.21360322833061218,62
A0A2S8GTJ2,methionine,Mono,0.31379343569278717,35
A0A2S8GTJ2,methionine,Tri,0.21809623390436172,60
A0A2S8GTJ2,ornithine,Di,0.26355285942554474,44
A0A2S8GTJ2,ornithine,Mono,0.3095831423997879,36
A0A2S8GTJ2,ornithine,Tri,0.28247664868831635,39
A0A2S8GTJ2,phenylalanine,Di,0.4060164541006088,11
A0A2S8GTJ2,phenylalanine,Mono,0.46784962713718414,2
A0A2S8GTJ2,phenylalanine,Tri,0.3579891175031662,22
A0A2S8GTJ2,proline,Di,0.24341906607151031,56
A0A2S8GTJ2,proline,Mono,0.44263139367103577,6
A0A2S8GTJ2,proline,Tri,0.24349931627511978,55
A0A2S8GTJ2,putrescine,Di,0.2594134956598282,50
A0A2S8GTJ2,putrescine,Mono,0.35939691960811615,21
A0A2S8GTJ2,putrescine,Tri,0.21852953732013702,59
A0A2S8GTJ2,serine,Di,0.3932049721479416,14
A0A2S8GTJ2,serine,Mono,0.4727685749530792,1
A0A2S8GTJ2,serine,Tri,0.3599661737680435,20
A0A2S8GTJ2,serotonin,Di,0.2618482857942581,49
A0A2S8GTJ2,serotonin,Mono,0.2654498517513275,43
A0A2S8GTJ2,serotonin,Tri,0.2624513655900955,48
A0A2S8GTJ2,threonine,Di,0.42917852103710175,8
A0A2S8GTJ2,threonine,Mono,0.453836053609848,5
A0A2S8GTJ2,threonine,Tri,0.3356435149908066,27
A0A2S8GTJ2,tryptamine,Di,0.2187248095870018,58
A0A2S8GTJ2,tryptamine,Mono,0.2180432602763176,61
A0A2S8GTJ2,tryptamine,Tri,0.19486133754253387,69
A0A2S8GTJ2,tyramine,Di,0.2382841780781746,57
A0A2S8GTJ2,tyramine,Mono,0.2664386108517647,42
A0A2S8GTJ2,tyramine,Tri,0.2107350006699562,64
A0A2T3FKY8,"2,3_diaminopropionic acid",Di,0.3467603623867035,8
A0A2T3FKY8,"2,3_diaminopropionic acid",Mono,0.26268791407346725,34
A0A2T3FKY8,"2,3_diaminopropionic acid",Tri,0.3396388739347458,11
A0A2T3FKY8,2_aminophenol,Di,0.3719418942928314,3
A0A2T3FKY8,2_aminophenol,Mono,0.2887778654694557,26
A0A2T3FKY8,2_aminophenol,Tri,0.3125585913658142,20
A0A2T3FKY8,3_methoxytyramine,Di,0.10578317753970623,72
A0A2T3FKY8,3_methoxytyramine,Mono,0.12156300991773605,71
A0A2T3FKY8,3_methoxytyramine,Tri,0.08481674455106258,75
A0A2T3FKY8,alanine,Di,0.1517031453549862,68
A0A2T3FKY8,alanine,Mono,0.20861830562353134,53
A0A2T3FKY8,alanine,Tri,0.1695733517408371,64
A0A2T3FKY8,arginine,Di,0.18555716425180435,63
A0A2T3FKY8,arginine,Mono,0.20878862589597702,52
A0A2T3FKY8,arginine,Tri,0.21400179713964462,49
A0A2T3FKY8,asparagine,Di,0.29642055928707123,23
A0A2T3FKY8,asparagine,Mono,0.2830740362405777,28
A0A2T3FKY8,asparagine,Tri,0.2855336666107178,27
A0A2T3FKY8,cadaverine,Di,0.21483204513788223,48
A0A2T3FKY8,cadaverine,Mono,0.19216971099376678,62
A0A2T3FKY8,cadaverine,Tri,0.21173644810914993,51
A0A2T3FKY8,citrulline,Di,0.33017368614673615,17
A0A2T3FKY8,citrulline,Mono,0.338972344994545,12
A0A2T3FKY8,citrulline,Tri,0.32235874235630035,18
A0A2T3FKY8,cystine,Di,0.16357512027025223,66
A0A2T3FKY8,cystine,Mono,0.22982391715049744,44
A0A2T3FKY8,cystine,Tri,0.1953008621931076,61
A0A2T3FKY8,dopamine,Di,0.23659683763980865,43
A0A2T3FKY8,dopamine,Mono,0.24626007676124573,38
A0A2T3FKY8,dopamine,Tri,0.24083776772022247,41
A0A2T3FKY8,gaba,Di,0.19824669510126114,60
A0A2T3FKY8,gaba,Mono,0.20105811953544617,59
A0A2T3FKY8,gaba,Tri,0.205666184425354,57
A0A2T3FKY8,glutamine,Di,0.3696843534708023,4
A0A2T3FKY8,glutamine,Mono,0.2930021658539772,25
A0A2T3FKY8,glutamine,Tri,0.30189667642116547,22
A0A2T3FKY8,glyglycine,Di,0.0902405958622694,74
A0A2T3FKY8,glyglycine,Mono,0.15125348418951035,69
A0A2T3FKY8,glyglycine,Tri,0.09510716795921326,73
A0A2T3FKY8,histidine,Di,0.30716630816459656,21
A0A2T3FKY8,histidine,Mono,0.3301764279603958,16
A0A2T3FKY8,histidine,Tri,0.34216319024562836,10
A0A2T3FKY8,lysine,Di,0.22956930100917816,45
A0A2T3FKY8,lysine,Mono,0.20856915414333344,54
A0A2T3FKY8,lysine,Tri,0.22939005494117737,46
A0A2T3FKY8,methionine,Di,0.1378452032804489,70
A0A2T3FKY8,methionine,Mono,0.16784632205963135,65
A0A2T3FKY8,methionine,Tri,0.16258204728364944,67
A0A2T3FKY8,ornithine,Di,0.2241930216550827,47
A0A2T3FKY8,ornithine,Mono,0.20578771829605103,56
A0A2T3FKY8,ornithine,Tri,0.26451095938682556,33
A0A2T3FKY8,phenylalanine,Di,0.36846692860126495,5
A0A2T3FKY8,phenylalanine,Mono,0.3447190523147583,9
A0A2T3FKY8,phenylalanine,Tri,0.33057473599910736,15
A0A2T3FKY8,proline,Di,0.2507283613085747,37
A0A2T3FKY8,proline,Mono,0.33815591037273407,13
A0A2T3FKY8,proline,Tri,0.2034786194562912,58
A0A2T3FKY8,putrescine,Di,0.2548148036003113,35
A0A2T3FKY8,putrescine,Mono,0.2444152608513832,39
A0A2T3FKY8,putrescine,Tri,0.2073666825890541,55
A0A2T3FKY8,serine,Di,0.3551136553287506,7
A0A2T3FKY8,serine,Mono,0.3151949644088745,19
A0A2T3FKY8,serine,Tri,0.3336157500743866,14
A0A2T3FKY8,serotonin,Di,0.2731837332248688,30
A0A2T3FKY8,serotonin,Mono,0.24392836540937424,40
A0A2T3FKY8,serotonin,Tri,0.2933235466480255,24
A0A2T3FKY8,threonine,Di,0.4170738607645035,1
A0A2T3FKY8,threonine,Mono,0.3776727616786957,2
A0A2T3FKY8,threonine,Tri,0.3612979054450989,6
A0A2T3FKY8,tryptamine,Di,0.25077663362026215,36
A0A2T3FKY8,tryptamine,Mono,0.21261321753263474,50
A0A2T3FKY8,tryptamine,Tri,0.23888079822063446,42
A0A2T3FKY8,tyramine,Di,0.2755543813109398,29
A0A2T3FKY8,tyramine,Mono,0.26858648657798767,31
A0A2T3FKY8,tyramine,Tri,0.26723524928092957,32
A0A2V1JL81,"2,3_diaminopropionic acid",Di,0.3430407643318176,8
A0A2V1JL81,"2,3_diaminopropionic acid",Mono,0.2579539492726326,34
A0A2V1JL81,"2,3_diaminopropionic acid",Tri,0.33808091282844543,11
A0A2V1JL81,2_aminophenol,Di,0.37081122398376465,3
A0A2V1JL81,2_aminophenol,Mono,0.28777027875185013,25
A0A2V1JL81,2_aminophenol,Tri,0.31213419139385223,20
A0A2V1JL81,3_methoxytyramine,Di,0.09932133555412292,72
A0A2V1JL81,3_methoxytyramine,Mono,0.1180834174156189,71
A0A2V1JL81,3_methoxytyramine,Tri,0.07993731275200844,75
A0A2V1JL81,alanine,Di,0.1450234204530716,68
A0A2V1JL81,alanine,Mono,0.20456737279891968,54
A0A2V1JL81,alanine,Tri,0.16224166750907898,66
A0A2V1JL81,arginine,Di,0.18205513805150986,63
A0A2V1JL81,arginine,Mono,0.20618607103824615,52
A0A2V1JL81,arginine,Tri,0.2139502540230751,48
A0A2V1JL81,asparagine,Di,0.29096245765686035,24
A0A2V1JL81,asparagine,Mono,0.2795364558696747,28
A0A2V1JL81,asparagine,Tri,0.28168126940727234,27
A0A2V1JL81,cadaverine,Di,0.2124825417995453,49
A0A2V1JL81,cadaverine,Mono,0.18791912496089935,62
A0A2V1JL81,cadaverine,Tri,0.20945565402507782,50
A0A2V1JL81,citrulline,Di,0.3219580352306366,17
A0A2V1JL81,citrulline,Mono,0.3328108638525009,12
A0A2V1JL81,citrulline,Tri,0.31688234210014343,18
A0A2V1JL81,cystine,Di,0.16351789236068726,65
A0A2V1JL81,cystine,Mono,0.2271222025156021,44
A0A2V1JL81,cystine,Tri,0.19601044803857803,61
A0A2V1JL81,dopamine,Di,0.2266809195280075,45
A0A2V1JL81,dopamine,Mono,0.23817559331655502,39
A0A2V1JL81,dopamine,Tri,0.2330826222896576,41
A0A2V1JL81,gaba,Di,0.19744239747524261,58
A0A2V1JL81,gaba,Mono,0.19653145223855972,60
A0A2V1JL81,gaba,Tri,0.20570660382509232,53
A0A2V1JL81,glutamine,Di,0.36293013393878937,5
A0A2V1JL81,glutamine,Mono,0.2914205864071846,23
A0A2V1JL81,glutamine,Tri,0.2992791682481766,22
A0A2V1JL81,glyglycine,Di,0.0834424290806055,74
A0A2V1JL81,glyglycine,Mono,0.14409029483795166,69
A0A2V1JL81,glyglycine,Tri,0.08853288181126118,73
A0A2V1JL81,histidine,Di,0.30219195783138275,21
A0A2V1JL81,histidine,Mono,0.327253520488739,14
A0A2V1JL81,histidine,Tri,0.3381236791610718,10
A0A2V1JL81,lysine,Di,0.22464313358068466,46
A0A2V1JL81,lysine,Mono,0.20027326047420502,57
A0A2V1JL81,lysine,Tri,0.2276071161031723,43
A0A2V1JL81,methionine,Di,0.13143008202314377,70
A0A2V1JL81,methionine,Mono,0.16808828711509705,64
A0A2V1JL81,methionine,Tri,0.16100402176380157,67
A0A2V1JL81,ornithine,Di,0.22090553492307663,47
A0A2V1JL81,ornithine,Mono,0.20146789401769638,56
A0A2V1JL81,ornithine,Tri,0.26428304612636566,30
A0A2V1JL81,phenylalanine,Di,0.3633939176797867,4
A0A2V1JL81,phenylalanine,Mono,0.3405875265598297,9
A0A2V1JL81,phenylalanine,Tri,0.3258354216814041,16
A0A2V1JL81,proline,Di,0.23896189779043198,38
A0A2V1JL81,proline,Mono,0.32894642651081085,13
A0A2V1JL81,proline,Tri,0.19691241532564163,59
A0A2V1JL81,putrescine,Di,0.2515532076358795,35
A0A2V1JL81,putrescine,Mono,0.24100999534130096,36
A0A2V1JL81,putrescine,Tri,0.20676128566265106,51
A0A2V1JL81,serine,Di,0.3495923578739166,7
A0A2V1JL81,serine,Mono,0.31395669281482697,19
A0A2V1JL81,serine,Tri,0.3272359222173691,15
A0A2V1JL81,serotonin,Di,0.26360465586185455,31
A0A2V1JL81,serotonin,Mono,0.23429086059331894,40
A0A2V1JL81,serotonin,Tri,0.2874409109354019,26
A0A2V1JL81,threonine,Di,0.41210296750068665,1
A0A2V1JL81,threonine,Mono,0.3744102865457535,2
A0A2V1JL81,threonine,Tri,0.35847388207912445,6
A0A2V1JL81,tryptamine,Di,0.24063435196876526,37
A0A2V1JL81,tryptamine,Mono,0.20204292982816696,55
A0A2V1JL81,tryptamine,Tri,0.2317274957895279,42
A0A2V1JL81,tyramine,Di,0.26705922186374664,29
A0A2V1JL81,tyramine,Mono,0.26080285012722015,32
A0A2V1JL81,tyramine,Tri,0.26057517528533936,33
A0A316LWP8,"2,3_diaminopropionic acid",Di,0.33240076899528503,16
A0A316LWP8,"2,3_diaminopropionic acid",Mono,0.2601199150085449,32
A0A316LWP8,"2,3_diaminopropionic acid",Tri,0.34336651861667633,10
A0A316LWP8,2_aminophenol,Di,0.3655417710542679,5
A0A316LWP8,2_aminophenol,Mono,0.2921266555786133,26
A0A316LWP8,2_aminophenol,Tri,0.3211696743965149,18
A0A316LWP8,3_methoxytyramine,Di,0.1044204942882061,72
A0A316LWP8,3_methoxytyramine,Mono,0.11669054627418518,71
A0A316LWP8,3_methoxytyramine,Tri,0.08574014902114868,74
A0A316LWP8,alanine,Di,0.13482215628027916,69
A0A316LWP8,alanine,Mono,0.2073667049407959,55
A0A316LWP8,alanine,Tri,0.16832484304904938,65
A0A316LWP8,arginine,Di,0.18253940343856812,62
A0A316LWP8,arginine,Mono,0.21063422411680222,50
A0A316LWP8,arginine,Tri,0.22628644108772278,45
A0A316LWP8,asparagine,Di,0.2925252616405487,25
A0A316LWP8,asparagine,Mono,0.29116690158843994,27
A0A316LWP8,asparagine,Tri,0.297238364815712,24
A0A316LWP8,cadaverine,Di,0.20385616272687912,56
A0A316LWP8,cadaverine,Mono,0.19107086211442947,61
A0A316LWP8,cadaverine,Tri,0.21413369476795197,48
A0A316LWP8,citrulline,Di,0.3140307366847992,21
A0A316LWP8,citrulline,Mono,0.3383142501115799,14
A0A316LWP8,citrulline,Tri,0.31634071469306946,19
A0A316LWP8,cystine,Di,0.15347857773303986,67
A0A316LWP8,cystine,Mono,0.22824733704328537,44
A0A316LWP8,cystine,Tri,0.198090560734272,60
A0A316LWP8,dopamine,Di,0.22315259277820587,46
A0A316LWP8,dopamine,Mono,0.23704276978969574,38
A0A316LWP8,dopamine,Tri,0.23531940579414368,40
A0A316LWP8,gaba,Di,0.18036668747663498,63
A0A316LWP8,gaba,Mono,0.2016303613781929,58
A0A316LWP8,gaba,Tri,0.20328069478273392,57
A0A316LWP8,glutamine,Di,0.3661410063505173,4
A0A316LWP8,glutamine,Mono,0.30152931809425354,23
A0A316LWP8,glutamine,Tri,0.3155330419540405,20
A0A316LWP8,glyglycine,Di,0.0788789726793766,75
A0A316LWP8,glyglycine,Mono,0.14639420062303543,68
A0A316LWP8,glyglycine,Tri,0.08774141408503056,73
A0A316LWP8,histidine,Di,0.3086693435907364,22
A0A316LWP8,histidine,Mono,0.33980681002140045,13
A0A316LWP8,histidine,Tri,0.35083822906017303,8
A0A316LWP8,lysine,Di,0.22273163497447968,47
A0A316LWP8,lysine,Mono,0.20840100198984146,53
A0A316LWP8,lysine,Tri,0.23089154064655304,43
A0A316LWP8,methionine,Di,0.12859319150447845,70
A0A316LWP8,methionine,Mono,0.16876279562711716,64
A0A316LWP8,methionine,Tri,0.16351211071014404,66
A0A316LWP8,ornithine,Di,0.21218091249465942,49
A0A316LWP8,ornithine,Mono,0.20783687382936478,54
A0A316LWP8,ornithine,Tri,0.26440848410129547,29
A0A316LWP8,phenylalanine,Di,0.3711847960948944,3
A0A316LWP8,phenylalanine,Mono,0.3579420745372772,7
A0A316LWP8,phenylalanine,Tri,0.34333881735801697,11
A0A316LWP8,proline,Di,0.23601514101028442,39
A0A316LWP8,proline,Mono,0.340961754322052,12
A0A316LWP8,proline,Tri,0.20992779731750488,51
A0A316LWP8,putrescine,Di,0.2413390725851059,36
A0A316LWP8,putrescine,Mono,0.24620114266872406,35
A0A316LWP8,putrescine,Tri,0.2093414068222046,52
A0A316LWP8,serine,Di,0.3464161455631256,9
A0A316LWP8,serine,Mono,0.3260454535484314,17
A0A316LWP8,serine,Tri,0.3377154916524887,15
A0A316LWP8,serotonin,Di,0.25491782277822495,34
A0A316LWP8,serotonin,Mono,0.23112410306930542,42
A0A316LWP8,serotonin,Tri,0.2897234410047531,28
A0A316LWP8,threonine,Di,0.40403200685977936,1
A0A316LWP8,threonine,Mono,0.3716776371002197,2
A0A316LWP8,threonine,Tri,0.35895276069641113,6
A0A316LWP8,tryptamine,Di,0.23855790495872498,37
A0A316LWP8,tryptamine,Mono,0.19912059605121613,59
A0A316LWP8,tryptamine,Tri,0.2349487692117691,41
A0A316LWP8,tyramine,Di,0.25928740203380585,33
A0A316LWP8,tyramine,Mono,0.2609187737107277,31
A0A316LWP8,tyramine,Tri,0.26338817924261093,30
A0A316Q414,"2,3_diaminopropionic acid",Di,0.35213983058929443,8
A0A316Q414,"2,3_diaminopropionic acid",Mono,0.2749449536204338,31
A0A316Q414,"2,3_diaminopropionic acid",Tri,0.32748840749263763,13
A0A316Q414,2_aminophenol,Di,0.37192338705062866,3
A0A316Q414,2_aminophenol,Mono,0.2935643792152405,22
A0A316Q414,2_aminophenol,Tri,0.29894842207431793,20
A0A316Q414,3_methoxytyramine,Di,0.13001379370689392,72
A0A316Q414,3_methoxytyramine,Mono,0.14265041053295135,71
A0A316Q414,3_methoxytyramine,Tri,0.10831063240766525,75
A0A316Q414,alanine,Di,0.1761448010802269,68
A0A316Q414,alanine,Mono,0.2207251414656639,50
A0A316Q414,alanine,Tri,0.18824941664934158,64
A0A316Q414,arginine,Di,0.18951347470283508,63
A0A316Q414,arginine,Mono,0.22001347690820694,51
A0A316Q414,arginine,Tri,0.2086857110261917,55
A0A316Q414,asparagine,Di,0.2919556498527527,25
A0A316Q414,asparagine,Mono,0.27583274990320206,30
A0A316Q414,asparagine,Tri,0.2700401246547699,33
A0A316Q414,cadaverine,Di,0.21679258346557617,52
A0A316Q414,cadaverine,Mono,0.20828332751989365,56
A0A316Q414,cadaverine,Tri,0.20370278507471085,57
A0A316Q414,citrulline,Di,0.33259156346321106,12
A0A316Q414,citrulline,Mono,0.3492072522640228,9
A0A316Q414,citrulline,Tri,0.31778235733509064,17
A0A316Q414,cystine,Di,0.17896239459514618,66
A0A316Q414,cystine,Mono,0.24470746517181396,43
A0A316Q414,cystine,Tri,0.19683793187141418,61
A0A316Q414,dopamine,Di,0.24753998219966888,41
A0A316Q414,dopamine,Mono,0.26075879484415054,36
A0A316Q414,dopamine,Tri,0.24608667194843292,42
A0A316Q414,gaba,Di,0.20030920207500458,59
A0A316Q414,gaba,Mono,0.21539399772882462,54
A0A316Q414,gaba,Tri,0.20168829709291458,58
A0A316Q414,glutamine,Di,0.35977858304977417,4
A0A316Q414,glutamine,Mono,0.2897561341524124,27
A0A316Q414,glutamine,Tri,0.2813459634780884,29
A0A316Q414,glyglycine,Di,0.11257670819759369,74
A0A316Q414,glyglycine,Mono,0.17664884775877,67
A0A316Q414,glyglycine,Tri,0.11637087166309357,73
A0A316Q414,histidine,Di,0.2925492823123932,23
A0A316Q414,histidine,Mono,0.3192157670855522,16
A0A316Q414,histidine,Tri,0.3214382976293564,15
A0A316Q414,lysine,Di,0.22692448645830154,47
A0A316Q414,lysine,Mono,0.2246059775352478,48
A0A316Q414,lysine,Tri,0.2208004891872406,49
A0A316Q414,methionine,Di,0.14663860946893692,70
A0A316Q414,methionine,Mono,0.17931664735078812,65
A0A316Q414,methionine,Tri,0.16144917160272598,69
A0A316Q414,ornithine,Di,0.23070622235536575,46
A0A316Q414,ornithine,Mono,0.21633176505565643,53
A0A316Q414,ornithine,Tri,0.2549114003777504,38
A0A316Q414,phenylalanine,Di,0.356424018740654,5
A0A316Q414,phenylalanine,Mono,0.338505282998085,10
A0A316Q414,phenylalanine,Tri,0.313723623752594,19
A0A316Q414,proline,Di,0.2550360858440399,37
A0A316Q414,proline,Mono,0.33846887946128845,11
A0A316Q414,proline,Tri,0.19579796493053436,62
A0A316Q414,putrescine,Di,0.2429831475019455,44
A0A316Q414,putrescine,Mono,0.25158286839723587,39
A0A316Q414,putrescine,Tri,0.19732681661844254,60
A0A316Q414,serine,Di,0.35228365659713745,7
A0A316Q414,serine,Mono,0.3166906088590622,18
A0A316Q414,serine,Tri,0.32303203642368317,14
A0A316Q414,serotonin,Di,0.2925044298171997,24
A0A316Q414,serotonin,Mono,0.2657573074102402,35
A0A316Q414,serotonin,Tri,0.29588259756565094,21
A0A316Q414,threonine,Di,0.4241824448108673,1
A0A316Q414,threonine,Mono,0.38158024847507477,2
A0A316Q414,threonine,Tri,0.3554259240627289,6
A0A316Q414,tryptamine,Di,0.26742953062057495,34
A0A316Q414,tryptamine,Mono,0.2415156364440918,45
A0A316Q414,tryptamine,Tri,0.24784964323043823,40
A0A316Q414,tyramine,Di,0.29176950454711914,26
A0A316Q414,tyramine,Mono,0.28191936016082764,28
A0A316Q414,tyramine,Tri,0.2717601954936981,32
A0A316R4M9,"2,3_diaminopropionic acid",Di,0.3423624038696289,7
A0A316R4M9,"2,3_diaminopropionic acid",Mono,0.26185958087444305,29
A0A316R4M9,"2,3_diaminopropionic acid",Tri,0.32336029410362244,14
A0A316R4M9,2_aminophenol,Di,0.36529281735420227,2
A0A316R4M9,2_aminophenol,Mono,0.28341975808143616,25
A0A316R4M9,2_aminophenol,Tri,0.2973959147930145,21
A0A316R4M9,3_methoxytyramine,Di,0.10532678663730621,72
A0A316R4M9,3_methoxytyramine,Mono,0.11237452179193497,71
A0A316R4M9,3_methoxytyramine,Tri,0.0764573086053133,75
A0A316R4M9,alanine,Di,0.1624605879187584,67
A0A316R4M9,alanine,Mono,0.21018093824386597,48
A0A316R4M9,alanine,Tri,0.1671566516160965,65
A0A316R4M9,arginine,Di,0.18370430171489716,62
A0A316R4M9,arginine,Mono,0.20902033150196075,49
A0A316R4M9,arginine,Tri,0.20647172629833221,51
A0A316R4M9,asparagine,Di,0.29245425760746,24
A0A316R4M9,asparagine,Mono,0.2814299538731575,26
A0A316R4M9,asparagine,Tri,0.27554015815258026,27
A0A316R4M9,cadaverine,Di,0.20855600386857986,50
A0A316R4M9,cadaverine,Mono,0.19366872310638428,57
A0A316R4M9,cadaverine,Tri,0.20161008089780807,52
A0A316R4M9,citrulline,Di,0.3082417696714401,19
A0A316R4M9,citrulline,Mono,0.3336998075246811,10
A0A316R4M9,citrulline,Tri,0.3014555722475052,20
A0A316R4M9,cystine,Di,0.16141222417354584,68
A0A316R4M9,cystine,Mono,0.22523752599954605,41
A0A316R4M9,cystine,Tri,0.18333102762699127,63
A0A316R4M9,dopamine,Di,0.2201012670993805,42
A0A316R4M9,dopamine,Mono,0.22756606340408325,40
A0A316R4M9,dopamine,Tri,0.21510779857635498,44
A0A316R4M9,gaba,Di,0.18689973652362823,61
A0A316R4M9,gaba,Mono,0.19183513522148132,60
A0A316R4M9,gaba,Tri,0.19189578294754028,59
A0A316R4M9,glutamine,Di,0.36266179382801056,3
A0A316R4M9,glutamine,Mono,0.2933628261089325,23
A0A316R4M9,glutamine,Tri,0.2957279086112976,22
A0A316R4M9,glyglycine,Di,0.10070031136274338,73
A0A316R4M9,glyglycine,Mono,0.15351518243551254,69
A0A316R4M9,glyglycine,Tri,0.08240466006100178,74
A0A316R4M9,histidine,Di,0.30965767800807953,18
A0A316R4M9,histidine,Mono,0.32942353188991547,12
A0A316R4M9,histidine,Tri,0.330862432718277,11
A0A316R4M9,lysine,Di,0.21864493936300278,43
A0A316R4M9,lysine,Mono,0.19661880284547806,55
A0A316R4M9,lysine,Tri,0.21311943233013153,46
A0A316R4M9,methionine,Di,0.14276564121246338,70
A0A316R4M9,methionine,Mono,0.17628899216651917,64
A0A316R4M9,methionine,Tri,0.1626405343413353,66
A0A316R4M9,ornithine,Di,0.21104488521814346,47
A0A316R4M9,ornithine,Mono,0.19533946365118027,56
A0A316R4M9,ornithine,Tri,0.24257272481918335,33
A0A316R4M9,phenylalanine,Di,0.36183713376522064,5
A0A316R4M9,phenylalanine,Mono,0.3403651714324951,8
A0A316R4M9,phenylalanine,Tri,0.3179873526096344,15
A0A316R4M9,proline,Di,0.23103350400924683,38
A0A316R4M9,proline,Mono,0.32876501977443695,13
A0A316R4M9,proline,Tri,0.19663924723863602,54
A0A316R4M9,putrescine,Di,0.23947902023792267,34
A0A316R4M9,putrescine,Mono,0.23737403750419617,35
A0A316R4M9,putrescine,Tri,0.19355100393295288,58
A0A316R4M9,serine,Di,0.35303156077861786,6
A0A316R4M9,serine,Mono,0.31440673768520355,17
A0A316R4M9,serine,Tri,0.3157932013273239,16
A0A316R4M9,serotonin,Di,0.2564890533685684,30
A0A316R4M9,serotonin,Mono,0.22932568192481995,39
A0A316R4M9,serotonin,Tri,0.26708146184682846,28
A0A316R4M9,threonine,Di,0.40202027559280396,1
A0A316R4M9,threonine,Mono,0.36259084939956665,4
A0A316R4M9,threonine,Tri,0.3376310169696808,9
A0A316R4M9,tryptamine,Di,0.23362822830677032,37
A0A316R4M9,tryptamine,Mono,0.1974180042743683,53
A0A316R4M9,tryptamine,Tri,0.21497219800949097,45
A0A316R4M9,tyramine,Di,0.2542843669652939,31
A0A316R4M9,tyramine,Mono,0.24583454430103302,32
A0A316R4M9,tyramine,Tri,0.23672597855329514,36
A0A317T5Z6,"2,3_diaminopropionic acid",Di,0.3550982177257538,16
A0A317T5Z6,"2,3_diaminopropionic acid",Mono,0.3057488799095154,29
A0A317T5Z6,"2,3_diaminopropionic acid",Tri,0.3561159372329712,13
A0A317T5Z6,2_aminophenol,Di,0.35827337205410004,12
A0A317T5Z6,2_aminophenol,Mono,0.31643860042095184,24
A0A317T5Z6,2_aminophenol,Tri,0.3278897851705551,22
A0A317T5Z6,3_methoxytyramine,Di,0.12355789169669151,73
A0A317T5Z6,3_methoxytyramine,Mono,0.13349651545286179,71
A0A317T5Z6,3_methoxytyramine,Tri,0.09513864666223526,75
A0A317T5Z6,alanine,Di,0.16859755665063858,69
A0A317T5Z6,alanine,Mono,0.26041165739297867,45
A0A317T5Z6,alanine,Tri,0.2116943597793579,64
A0A317T5Z6,arginine,Di,0.21448517590761185,63
A0A317T5Z6,arginine,Mono,0.26003845036029816,46
A0A317T5Z6,arginine,Tri,0.25663894414901733,47
A0A317T5Z6,asparagine,Di,0.30935564637184143,28
A0A317T5Z6,asparagine,Mono,0.33459655940532684,20
A0A317T5Z6,asparagine,Tri,0.32582084834575653,23
A0A317T5Z6,cadaverine,Di,0.24933123588562012,52
A0A317T5Z6,cadaverine,Mono,0.25360263884067535,51
A0A317T5Z6,cadaverine,Tri,0.24003365635871887,57
A0A317T5Z6,citrulline,Di,0.315478578209877,25
A0A317T5Z6,citrulline,Mono,0.368912011384964,9
A0A317T5Z6,citrulline,Tri,0.31226202845573425,27
A0A317T5Z6,cystine,Di,0.18476282060146332,68
A0A317T5Z6,cystine,Mono,0.2745235934853554,38
A0A317T5Z6,cystine,Tri,0.20899052917957306,66
A0A317T5Z6,dopamine,Di,0.25617366284132004,49
A0A317T5Z6,dopamine,Mono,0.2706726863980293,42
A0A317T5Z6,dopamine,Tri,0.2373078688979149,58
A0A317T5Z6,gaba,Di,0.20973876863718033,65
A0A317T5Z6,gaba,Mono,0.26483193039894104,44
A0A317T5Z6,gaba,Tri,0.21660775691270828,60
A0A317T5Z6,glutamine,Di,0.3915093094110489,3
A0A317T5Z6,glutamine,Mono,0.3463103622198105,18
A0A317T5Z6,glutamine,Tri,0.3498543053865433,17
A0A317T5Z6,glyglycine,Di,0.1331392154097557,72
A0A317T5Z6,glyglycine,Mono,0.21509772539138794,62
A0A317T5Z6,glyglycine,Tri,0.11856287345290184,74
A0A317T5Z6,histidine,Di,0.34022437036037445,19
A0A317T5Z6,histidine,Mono,0.36830712854862213,10
A0A317T5Z6,histidine,Tri,0.3699393719434738,8
A0A317T5Z6,lysine,Di,0.28194759786129,34
A0A317T5Z6,lysine,Mono,0.27189163863658905,41
A0A317T5Z6,lysine,Tri,0.2656368464231491,43
A0A317T5Z6,methionine,Di,0.15853694081306458,70
A0A317T5Z6,methionine,Mono,0.21564656496047974,61
A0A317T5Z6,methionine,Tri,0.19069603085517883,67
A0A317T5Z6,ornithine,Di,0.24464773386716843,54
A0A317T5Z6,ornithine,Mono,0.2564210742712021,48
A0A317T5Z6,ornithine,Tri,0.2745669037103653,37
A0A317T5Z6,phenylalanine,Di,0.40029123425483704,1
A0A317T5Z6,phenylalanine,Mono,0.3963228613138199,2
A0A317T5Z6,phenylalanine,Tri,0.3742889016866684,7
A0A317T5Z6,proline,Di,0.24874275922775269,53
A0A317T5Z6,proline,Mono,0.3812876492738724,5
A0A317T5Z6,proline,Tri,0.24077966809272766,55
A0A317T5Z6,putrescine,Di,0.27384330332279205,39
A0A317T5Z6,putrescine,Mono,0.3054470121860504,30
A0A317T5Z6,putrescine,Tri,0.23123502731323242,59
A0A317T5Z6,serine,Di,0.35602056980133057,14
A0A317T5Z6,serine,Mono,0.36362893879413605,11
A0A317T5Z6,serine,Tri,0.3557509034872055,15
A0A317T5Z6,serotonin,Di,0.29986411333084106,31
A0A317T5Z6,serotonin,Mono,0.27465853095054626,36
A0A317T5Z6,serotonin,Tri,0.31328901648521423,26
A0A317T5Z6,threonine,Di,0.37802352011203766,6
A0A317T5Z6,threonine,Mono,0.38341835141181946,4
A0A317T5Z6,threonine,Tri,0.32806022465229034,21
A0A317T5Z6,tryptamine,Di,0.2781358063220978,35
A0A317T5Z6,tryptamine,Mono,0.24051715433597565,56
A0A317T5Z6,tryptamine,Tri,0.25431376695632935,50
A0A317T5Z6,tyramine,Di,0.286588579416275,33
A0A317T5Z6,tyramine,Mono,0.2944759279489517,32
A0A317T5Z6,tyramine,Tri,0.2737368419766426,40
A0A349QN89,"2,3_diaminopropionic acid",Di,0.3416009247303009,11
A0A349QN89,"2,3_diaminopropionic acid",Mono,0.2624303624033928,34
A0A349QN89,"2,3_diaminopropionic acid",Tri,0.34286929666996,10
A0A349QN89,2_aminophenol,Di,0.36858849227428436,3
A0A349QN89,2_aminophenol,Mono,0.292591355741024,25
A0A349QN89,2_aminophenol,Tri,0.3109080493450165,20
A0A349QN89,3_methoxytyramine,Di,0.09706590138375759,72
A0A349QN89,3_methoxytyramine,Mono,0.12438711524009705,71
A0A349QN89,3_methoxytyramine,Tri,0.07935071736574173,75
A0A349QN89,alanine,Di,0.14813901111483574,68
A0A349QN89,alanine,Mono,0.21139508485794067,52
A0A349QN89,alanine,Tri,0.17224253714084625,65
A0A349QN89,arginine,Di,0.18459682166576385,63
A0A349QN89,arginine,Mono,0.21060261875391006,53
A0A349QN89,arginine,Tri,0.22215525060892105,47
A0A349QN89,asparagine,Di,0.2914988398551941,26
A0A349QN89,asparagine,Mono,0.286956787109375,27
A0A349QN89,asparagine,Tri,0.2851082682609558,28
A0A349QN89,cadaverine,Di,0.21182656288146973,51
A0A349QN89,cadaverine,Mono,0.1929929256439209,61
A0A349QN89,cadaverine,Tri,0.21551953256130219,49
A0A349QN89,citrulline,Di,0.3289031833410263,17
A0A349QN89,citrulline,Mono,0.33939655125141144,12
A0A349QN89,citrulline,Tri,0.3240201622247696,18
A0A349QN89,cystine,Di,0.15910939127206802,67
A0A349QN89,cystine,Mono,0.2322021648287773,43
A0A349QN89,cystine,Tri,0.19988277554512024,60
A0A349QN89,dopamine,Di,0.2261076346039772,45
A0A349QN89,dopamine,Mono,0.2427108809351921,38
A0A349QN89,dopamine,Tri,0.23609934747219086,41
A0A349QN89,gaba,Di,0.191274493932724,62
A0A349QN89,gaba,Mono,0.20035459101200104,59
A0A349QN89,gaba,Tri,0.20805101096630096,54
A0A349QN89,glutamine,Di,0.36590124666690826,4
A0A349QN89,glutamine,Mono,0.298653319478035,23
A0A349QN89,glutamine,Tri,0.3041694909334183,22
A0A349QN89,glyglycine,Di,0.08633248135447502,74
A0A349QN89,glyglycine,Mono,0.1478915959596634,69
A0A349QN89,glyglycine,Tri,0.09220383875072002,73
A0A349QN89,histidine,Di,0.3064623922109604,21
A0A349QN89,histidine,Mono,0.3333871066570282,15
A0A349QN89,histidine,Tri,0.3431816101074219,9
A0A349QN89,lysine,Di,0.22358081489801407,46
A0A349QN89,lysine,Mono,0.2054782137274742,57
A0A349QN89,lysine,Tri,0.23095254600048065,44
A0A349QN89,methionine,Di,0.1356903500854969,70
A0A349QN89,methionine,Mono,0.17323992401361465,64
A0A349QN89,methionine,Tri,0.16738896816968918,66
A0A349QN89,ornithine,Di,0.2186480164527893,48
A0A349QN89,ornithine,Mono,0.20663296431303024,55
A0A349QN89,ornithine,Tri,0.26834922283887863,30
A0A349QN89,phenylalanine,Di,0.36578604578971863,5
A0A349QN89,phenylalanine,Mono,0.3472868800163269,8
A0A349QN89,phenylalanine,Tri,0.3303915858268738,16
A0A349QN89,proline,Di,0.2466885894536972,37
A0A349QN89,proline,Mono,0.33841630816459656,13
A0A349QN89,proline,Tri,0.20380592346191406,58
A0A349QN89,putrescine,Di,0.2524925097823143,35
A0A349QN89,putrescine,Mono,0.247946135699749,36
A0A349QN89,putrescine,Tri,0.2150696963071823,50
A0A349QN89,serine,Di,0.3526192307472229,7
A0A349QN89,serine,Mono,0.3189237266778946,19
A0A349QN89,serine,Tri,0.3334031403064728,14
A0A349QN89,serotonin,Di,0.2667030170559883,31
A0A349QN89,serotonin,Mono,0.23762697726488113,40
A0A349QN89,serotonin,Tri,0.29434436559677124,24
A0A349QN89,threonine,Di,0.41614586114883423,1
A0A349QN89,threonine,Mono,0.38099344074726105,2
A0A349QN89,threonine,Tri,0.3616744875907898,6
A0A349QN89,tryptamine,Di,0.24089494347572327,39
A0A349QN89,tryptamine,Mono,0.2060643956065178,56
A0A349QN89,tryptamine,Tri,0.23584648966789246,42
A0A349QN89,tyramine,Di,0.26967601478099823,29
A0A349QN89,tyramine,Mono,0.266237735748291,32
A0A349QN89,tyramine,Tri,0.2655334621667862,33
A0A350RPF7,"2,3_diaminopropionic acid",Di,0.3526085168123245,9
A0A350RPF7,"2,3_diaminopropionic acid",Mono,0.2633487805724144,38
A0A350RPF7,"2,3_diaminopropionic acid",Tri,0.3525584638118744,10
A0A350RPF7,2_aminophenol,Di,0.37285010516643524,5
A0A350RPF7,2_aminophenol,Mono,0.28637266159057617,31
A0A350RPF7,2_aminophenol,Tri,0.31875886023044586,20
A0A350RPF7,3_methoxytyramine,Di,0.1005378607660532,73
A0A350RPF7,3_methoxytyramine,Mono,0.13044005632400513,71
A0A350RPF7,3_methoxytyramine,Tri,0.08049244433641434,75
A0A350RPF7,alanine,Di,0.15184900537133217,69
A0A350RPF7,alanine,Mono,0.20904551446437836,56
A0A350RPF7,alanine,Tri,0.17028573155403137,67
A0A350RPF7,arginine,Di,0.18351192772388458,63
A0A350RPF7,arginine,Mono,0.21028946712613106,55
A0A350RPF7,arginine,Tri,0.22853678464889526,50
A0A350RPF7,asparagine,Di,0.3040623515844345,24
A0A350RPF7,asparagine,Mono,0.2906986325979233,29
A0A350RPF7,asparagine,Tri,0.2958953380584717,26
A0A350RPF7,cadaverine,Di,0.22279092669487,52
A0A350RPF7,cadaverine,Mono,0.19831548631191254,62
A0A350RPF7,cadaverine,Tri,0.2304067239165306,47
A0A350RPF7,citrulline,Di,0.3335227072238922,16
A0A350RPF7,citrulline,Mono,0.33234886825084686,18
A0A350RPF7,citrulline,Tri,0.3323570340871811,17
A0A350RPF7,cystine,Di,0.1800074428319931,64
A0A350RPF7,cystine,Mono,0.24532227963209152,44
A0A350RPF7,cystine,Tri,0.21381975710391998,54
A0A350RPF7,dopamine,Di,0.2513456791639328,42
A0A350RPF7,dopamine,Mono,0.25722019374370575,39
A0A350RPF7,dopamine,Tri,0.2642251253128052,37
A0A350RPF7,gaba,Di,0.20512700825929642,60
A0A350RPF7,gaba,Mono,0.20820210874080658,58
A0A350RPF7,gaba,Tri,0.22877492010593414,48
A0A350RPF7,glutamine,Di,0.3824637681245804,3
A0A350RPF7,glutamine,Mono,0.3005845546722412,25
A0A350RPF7,glutamine,Tri,0.3173481971025467,21
A0A350RPF7,glyglycine,Di,0.08724863827228546,74
A0A350RPF7,glyglycine,Mono,0.15674544125795364,68
A0A350RPF7,glyglycine,Tri,0.1087048389017582,72
A0A350RPF7,histidine,Di,0.31192149221897125,23
A0A350RPF7,histidine,Mono,0.33408959209918976,15
A0A350RPF7,histidine,Tri,0.3560131788253784,8
A0A350RPF7,lysine,Di,0.22865936160087585,49
A0A350RPF7,lysine,Mono,0.20844943821430206,57
A0A350RPF7,lysine,Tri,0.24525490403175354,45
A0A350RPF7,methionine,Di,0.14462915062904358,70
A0A350RPF7,methionine,Mono,0.1708090826869011,66
A0A350RPF7,methionine,Tri,0.1761024445295334,65
A0A350RPF7,ornithine,Di,0.22184635698795319,53
A0A350RPF7,ornithine,Mono,0.2072991207242012,59
A0A350RPF7,ornithine,Tri,0.28237664699554443,32
A0A350RPF7,phenylalanine,Di,0.373933881521225,4
A0A350RPF7,phenylalanine,Mono,0.34985634684562683,11
A0A350RPF7,phenylalanine,Tri,0.34716223180294037,12
A0A350RPF7,proline,Di,0.2502904161810875,43
A0A350RPF7,proline,Mono,0.33613210916519165,14
A0A350RPF7,proline,Tri,0.20366345345973969,61
A0A350RPF7,putrescine,Di,0.2660088390111923,36
A0A350RPF7,putrescine,Mono,0.25350965559482574,41
A0A350RPF7,putrescine,Tri,0.23073452711105347,46
A0A350RPF7,serine,Di,0.36013947427272797,7
A0A350RPF7,serine,Mono,0.3155822306871414,22
A0A350RPF7,serine,Tri,0.34529800713062286,13
A0A350RPF7,serotonin,Di,0.29489703476428986,27
A0A350RPF7,serotonin,Mono,0.25707779824733734,40
A0A350RPF7,serotonin,Tri,0.3251780867576599,19
A0A350RPF7,threonine,Di,0.42342206835746765,1
A0A350RPF7,threonine,Mono,0.3828333616256714,2
A0A350RPF7,threonine,Tri,0.363043949007988,6
A0A350RPF7,tryptamine,Di,0.27142997086048126,34
A0A350RPF7,tryptamine,Mono,0.22537270188331604,51
A0A350RPF7,tryptamine,Tri,0.26636579632759094,35
A0A350RPF7,tyramine,Di,0.2931755483150482,28
A0A350RPF7,tyramine,Mono,0.282155841588974,33
A0A350RPF7,tyramine,Tri,0.2897849678993225,30
A0A350THC0,"2,3_diaminopropionic acid",Di,0.3392893970012665,9
A0A350THC0,"2,3_diaminopropionic acid",Mono,0.26294799894094467,29
A0A350THC0,"2,3_diaminopropionic acid",Tri,0.322108194231987,16
A0A350THC0,2_aminophenol,Di,0.3632577955722809,4
A0A350THC0,2_aminophenol,Mono,0.2835288792848587,25
A0A350THC0,2_aminophenol,Tri,0.29132235050201416,22
A0A350THC0,3_methoxytyramine,Di,0.069423608481884,74
A0A350THC0,3_methoxytyramine,Mono,0.10697345808148384,71
A0A350THC0,3_methoxytyramine,Tri,0.06743717938661575,75
A0A350THC0,alanine,Di,0.1709340438246727,67
A0A350THC0,alanine,Mono,0.21460583060979843,46
A0A350THC0,alanine,Tri,0.18400659412145615,64
A0A350THC0,arginine,Di,0.19955238699913025,56
A0A350THC0,arginine,Mono,0.21580853685736656,45
A0A350THC0,arginine,Tri,0.22160087525844574,42
A0A350THC0,asparagine,Di,0.2893594652414322,24
A0A350THC0,asparagine,Mono,0.2821295037865639,26
A0A350THC0,asparagine,Tri,0.265069916844368,28
A0A350THC0,cadaverine,Di,0.20050586014986038,54
A0A350THC0,cadaverine,Mono,0.18750375509262085,62
A0A350THC0,cadaverine,Tri,0.206449493765831,52
A0A350THC0,citrulline,Di,0.33053623139858246,12
A0A350THC0,citrulline,Mono,0.3413577079772949,8
A0A350THC0,citrulline,Tri,0.32599616050720215,14
A0A350THC0,cystine,Di,0.16707344353199005,68
A0A350THC0,cystine,Mono,0.22933878004550934,39
A0A350THC0,cystine,Tri,0.19107122719287872,60
A0A350THC0,dopamine,Di,0.21272890269756317,48
A0A350THC0,dopamine,Mono,0.22307075560092926,41
A0A350THC0,dopamine,Tri,0.21409675478935242,47
A0A350THC0,gaba,Di,0.18826934695243835,61
A0A350THC0,gaba,Mono,0.1865030750632286,63
A0A350THC0,gaba,Tri,0.20408737659454346,53
A0A350THC0,glutamine,Di,0.36643086373806,3
A0A350THC0,glutamine,Mono,0.2952875941991806,21
A0A350THC0,glutamine,Tri,0.289816215634346,23
A0A350THC0,glyglycine,Di,0.08710423111915588,73
A0A350THC0,glyglycine,Mono,0.15115518867969513,70
A0A350THC0,glyglycine,Tri,0.08914371393620968,72
A0A350THC0,histidine,Di,0.30243149399757385,19
A0A350THC0,histidine,Mono,0.3271670788526535,13
A0A350THC0,histidine,Tri,0.3227405995130539,15
A0A350THC0,lysine,Di,0.20792599022388458,50
A0A350THC0,lysine,Mono,0.19256366789340973,59
A0A350THC0,lysine,Tri,0.2181118130683899,44
A0A350THC0,methionine,Di,0.15464738011360168,69
A0A350THC0,methionine,Mono,0.18276096880435944,65
A0A350THC0,methionine,Tri,0.17871499806642532,66
A0A350THC0,ornithine,Di,0.21190980821847916,49
A0A350THC0,ornithine,Mono,0.19425053894519806,58
A0A350THC0,ornithine,Tri,0.25104234367609024,33
A0A350THC0,phenylalanine,Di,0.342471107840538,7
A0A350THC0,phenylalanine,Mono,0.3312715217471123,11
A0A350THC0,phenylalanine,Tri,0.300921306014061,20
A0A350THC0,proline,Di,0.254895381629467,32
A0A350THC0,proline,Mono,0.3333244025707245,10
A0A350THC0,proline,Tri,0.2078051120042801,51
A0A350THC0,putrescine,Di,0.23701795935630798,36
A0A350THC0,putrescine,Mono,0.23326682299375534,37
A0A350THC0,putrescine,Tri,0.19981516897678375,55
A0A350THC0,serine,Di,0.3527580499649048,6
A0A350THC0,serine,Mono,0.31081774830818176,18
A0A350THC0,serine,Tri,0.31911395490169525,17
A0A350THC0,serotonin,Di,0.2561827301979065,31
A0A350THC0,serotonin,Mono,0.229452982544899,38
A0A350THC0,serotonin,Tri,0.26916763186454773,27
A0A350THC0,threonine,Di,0.4249015748500824,1
A0A350THC0,threonine,Mono,0.37213234603405,2
A0A350THC0,threonine,Tri,0.35593821108341217,5
A0A350THC0,tryptamine,Di,0.22719129920005798,40
A0A350THC0,tryptamine,Mono,0.1976802945137024,57
A0A350THC0,tryptamine,Tri,0.221290223300457,43
A0A350THC0,tyramine,Di,0.25855664908885956,30
A0A350THC0,tyramine,Mono,0.24530956149101257,34
A0A350THC0,tyramine,Tri,0.24221892654895782,35
A0A357TLK7,"2,3_diaminopropionic acid",Di,0.2935209572315216,13
A0A357TLK7,"2,3_diaminopropionic acid",Mono,0.2843060567975044,16
A0A357TLK7,"2,3_diaminopropionic acid",Tri,0.23697520792484283,30
A0A357TLK7,2_aminophenol,Di,0.27721673250198364,18
A0A357TLK7,2_aminophenol,Mono,0.2800183892250061,17
A0A357TLK7,2_aminophenol,Tri,0.2255745306611061,34
A0A357TLK7,3_methoxytyramine,Di,0.13924462720751762,70
A0A357TLK7,3_methoxytyramine,Mono,0.09330832585692406,73
A0A357TLK7,3_methoxytyramine,Tri,0.07050801441073418,75
A0A357TLK7,alanine,Di,0.2212408259510994,38
A0A357TLK7,alanine,Mono,0.26946786791086197,19
A0A357TLK7,alanine,Tri,0.16914302855730057,61
A0A357TLK7,arginine,Di,0.24713149666786194,24
A0A357TLK7,arginine,Mono,0.25006234645843506,22
A0A357TLK7,arginine,Tri,0.21992312371730804,39
A0A357TLK7,asparagine,Di,0.23617114126682281,33
A0A357TLK7,asparagine,Mono,0.3027612343430519,9
A0A357TLK7,asparagine,Tri,0.23659518361091614,32
A0A357TLK7,cadaverine,Di,0.21669765561819077,43
A0A357TLK7,cadaverine,Mono,0.24577610939741135,25
A0A357TLK7,cadaverine,Tri,0.18791380524635315,53
A0A357TLK7,citrulline,Di,0.23690339177846909,31
A0A357TLK7,citrulline,Mono,0.3171173483133316,7
A0A357TLK7,citrulline,Tri,0.22386162728071213,35
A0A357TLK7,cystine,Di,0.12699204310774803,71
A0A357TLK7,cystine,Mono,0.2214587926864624,37
A0A357TLK7,cystine,Tri,0.14164266735315323,69
A0A357TLK7,dopamine,Di,0.1972740739583969,50
A0A357TLK7,dopamine,Mono,0.18087878078222275,56
A0A357TLK7,dopamine,Tri,0.12413899600505829,72
A0A357TLK7,gaba,Di,0.14700397104024887,67
A0A357TLK7,gaba,Mono,0.2104078084230423,45
A0A357TLK7,gaba,Tri,0.14373761415481567,68
A0A357TLK7,glutamine,Di,0.29074832797050476,14
A0A357TLK7,glutamine,Mono,0.3216920644044876,6
A0A357TLK7,glutamine,Tri,0.23931648582220078,29
A0A357TLK7,glyglycine,Di,0.24325531721115112,28
A0A357TLK7,glyglycine,Mono,0.2097923755645752,46
A0A357TLK7,glyglycine,Tri,0.08367031812667847,74
A0A357TLK7,histidine,Di,0.3049395978450775,8
A0A357TLK7,histidine,Mono,0.3482758328318596,3
A0A357TLK7,histidine,Tri,0.25767332315444946,20
A0A357TLK7,lysine,Di,0.2191963791847229,40
A0A357TLK7,lysine,Mono,0.20189827680587769,47
A0A357TLK7,lysine,Tri,0.193809375166893,52
A0A357TLK7,methionine,Di,0.1778453215956688,57
A0A357TLK7,methionine,Mono,0.2484612837433815,23
A0A357TLK7,methionine,Tri,0.15868565440177917,64
A0A357TLK7,ornithine,Di,0.18593107163906097,54
A0A357TLK7,ornithine,Mono,0.17286957055330276,60
A0A357TLK7,ornithine,Tri,0.18339449167251587,55
A0A357TLK7,phenylalanine,Di,0.3765249252319336,1
A0A357TLK7,phenylalanine,Mono,0.35523103177547455,2
A0A357TLK7,phenylalanine,Tri,0.29887740314006805,11
A0A357TLK7,proline,Di,0.15097719430923462,66
A0A357TLK7,proline,Mono,0.33212409913539886,4
A0A357TLK7,proline,Tri,0.17376913130283356,59
A0A357TLK7,putrescine,Di,0.19742953032255173,49
A0A357TLK7,putrescine,Mono,0.250627338886261,21
A0A357TLK7,putrescine,Tri,0.162168949842453,63
A0A357TLK7,serine,Di,0.2999468743801117,10
A0A357TLK7,serine,Mono,0.33077383041381836,5
A0A357TLK7,serine,Tri,0.24512197077274323,26
A0A357TLK7,serotonin,Di,0.24447404593229294,27
A0A357TLK7,serotonin,Mono,0.2191835641860962,41
A0A357TLK7,serotonin,Tri,0.22316423058509827,36
A0A357TLK7,threonine,Di,0.2885739207267761,15
A0A357TLK7,threonine,Mono,0.2972034811973572,12
A0A357TLK7,threonine,Tri,0.20181432366371155,48
A0A357TLK7,tryptamine,Di,0.21733081340789795,42
A0A357TLK7,tryptamine,Mono,0.19409604370594025,51
A0A357TLK7,tryptamine,Tri,0.1682746261358261,62
A0A357TLK7,tyramine,Di,0.2161446362733841,44
A0A357TLK7,tyramine,Mono,0.17420536279678345,58
A0A357TLK7,tyramine,Tri,0.15133891254663467,65
A0A357TN00,"2,3_diaminopropionic acid",Di,0.3354639559984207,11
A0A357TN00,"2,3_diaminopropionic acid",Mono,0.2443559467792511,38
A0A357TN00,"2,3_diaminopropionic acid",Tri,0.3387136310338974,9
A0A357TN00,2_aminophenol,Di,0.3641453683376312,4
A0A357TN00,2_aminophenol,Mono,0.2768677622079849,29
A0A357TN00,2_aminophenol,Tri,0.3099138140678406,19
A0A357TN00,3_methoxytyramine,Di,0.10295438021421432,72
A0A357TN00,3_methoxytyramine,Mono,0.11748869717121124,71
A0A357TN00,3_methoxytyramine,Tri,0.08554385602474213,74
A0A357TN00,alanine,Di,0.13655387610197067,68
A0A357TN00,alanine,Mono,0.19299716502428055,57
A0A357TN00,alanine,Tri,0.1619907170534134,64
A0A357TN00,arginine,Di,0.17140508443117142,63
A0A357TN00,arginine,Mono,0.1923539787530899,58
A0A357TN00,arginine,Tri,0.2091165855526924,51
A0A357TN00,asparagine,Di,0.29123154282569885,24
A0A357TN00,asparagine,Mono,0.2731933370232582,30
A0A357TN00,asparagine,Tri,0.2851661592721939,25
A0A357TN00,cadaverine,Di,0.20381299406290054,53
A0A357TN00,cadaverine,Mono,0.1775241643190384,62
A0A357TN00,cadaverine,Tri,0.21150244772434235,48
A0A357TN00,citrulline,Di,0.32524441182613373,14
A0A357TN00,citrulline,Mono,0.3232611417770386,15
A0A357TN00,citrulline,Tri,0.320266455411911,18
A0A357TN00,cystine,Di,0.16187412291765213,65
A0A357TN00,cystine,Mono,0.2222905457019806,45
A0A357TN00,cystine,Tri,0.1985168531537056,54
A0A357TN00,dopamine,Di,0.23694591224193573,42
A0A357TN00,dopamine,Mono,0.2420659214258194,40
A0A357TN00,dopamine,Tri,0.25261344015598297,34
A0A357TN00,gaba,Di,0.19017641246318817,60
A0A357TN00,gaba,Mono,0.18925736099481583,61
A0A357TN00,gaba,Tri,0.21140018105506897,49
A0A357TN00,glutamine,Di,0.3637496083974838,5
A0A357TN00,glutamine,Mono,0.2810003310441971,26
A0A357TN00,glutamine,Tri,0.2997661828994751,22
A0A357TN00,glyglycine,Di,0.07311294600367546,75
A0A357TN00,glyglycine,Mono,0.1355867087841034,69
A0A357TN00,glyglycine,Tri,0.09795555099844933,73
A0A357TN00,histidine,Di,0.29759180545806885,23
A0A357TN00,histidine,Mono,0.32127545773983,17
A0A357TN00,histidine,Tri,0.34156328439712524,8
A0A357TN00,lysine,Di,0.21402262151241302,46
A0A357TN00,lysine,Mono,0.19330471754074097,56
A0A357TN00,lysine,Tri,0.22576603293418884,44
A0A357TN00,methionine,Di,0.1289343349635601,70
A0A357TN00,methionine,Mono,0.15449004620313644,67
A0A357TN00,methionine,Tri,0.16044177114963531,66
A0A357TN00,ornithine,Di,0.21072083711624146,50
A0A357TN00,ornithine,Mono,0.1919412910938263,59
A0A357TN00,ornithine,Tri,0.26548007130622864,33
A0A357TN00,phenylalanine,Di,0.36148010194301605,6
A0A357TN00,phenylalanine,Mono,0.3371511250734329,10
A0A357TN00,phenylalanine,Tri,0.331703782081604,13
A0A357TN00,proline,Di,0.24344006925821304,39
A0A357TN00,proline,Mono,0.3228290528059006,16
A0A357TN00,proline,Tri,0.1962382048368454,55
A0A357TN00,putrescine,Di,0.24722228944301605,37
A0A357TN00,putrescine,Mono,0.23257075995206833,43
A0A357TN00,putrescine,Tri,0.21211013197898865,47
A0A357TN00,serine,Di,0.34868375957012177,7
A0A357TN00,serine,Mono,0.30299822241067886,21
A0A357TN00,serine,Tri,0.33347897231578827,12
A0A357TN00,serotonin,Di,0.27287619560956955,31
A0A357TN00,serotonin,Mono,0.23922032862901688,41
A0A357TN00,serotonin,Tri,0.3032117784023285,20
A0A357TN00,threonine,Di,0.41837823390960693,1
A0A357TN00,threonine,Mono,0.37072041630744934,2
A0A357TN00,threonine,Tri,0.364343523979187,3
A0A357TN00,tryptamine,Di,0.24915876984596252,35
A0A357TN00,tryptamine,Mono,0.20841507613658905,52
A0A357TN00,tryptamine,Tri,0.24889935553073883,36
A0A357TN00,tyramine,Di,0.2773269861936569,28
A0A357TN00,tyramine,Mono,0.2662131190299988,32
A0A357TN00,tyramine,Tri,0.2774132937192917,27
A0A358VEZ8,"2,3_diaminopropionic acid",Di,0.34379051625728607,12
A0A358VEZ8,"2,3_diaminopropionic acid",Mono,0.25157390534877777,41
A0A358VEZ8,"2,3_diaminopropionic acid",Tri,0.35472090542316437,7
A0A358VEZ8,2_aminophenol,Di,0.3636096268892288,5
A0A358VEZ8,2_aminophenol,Mono,0.27798309177160263,31
A0A358VEZ8,2_aminophenol,Tri,0.3200937509536743,16
A0A358VEZ8,3_methoxytyramine,Di,0.12292137369513512,72
A0A358VEZ8,3_methoxytyramine,Mono,0.12816297262907028,71
A0A358VEZ8,3_methoxytyramine,Tri,0.10233037918806076,74
A0A358VEZ8,alanine,Di,0.13794511556625366,69
A0A358VEZ8,alanine,Mono,0.19827881455421448,60
A0A358VEZ8,alanine,Tri,0.17285826802253723,64
A0A358VEZ8,arginine,Di,0.1832554116845131,63
A0A358VEZ8,arginine,Mono,0.20614654570817947,57
A0A358VEZ8,arginine,Tri,0.2239503264427185,47
A0A358VEZ8,asparagine,Di,0.2911561280488968,25
A0A358VEZ8,asparagine,Mono,0.27721183747053146,32
A0A358VEZ8,asparagine,Tri,0.2979649007320404,24
A0A358VEZ8,cadaverine,Di,0.21450557559728622,54
A0A358VEZ8,cadaverine,Mono,0.1873455047607422,62
A0A358VEZ8,cadaverine,Tri,0.2209882289171219,49
A0A358VEZ8,citrulline,Di,0.3158736675977707,20
A0A358VEZ8,citrulline,Mono,0.3266782909631729,15
A0A358VEZ8,citrulline,Tri,0.3179127275943756,18
A0A358VEZ8,cystine,Di,0.16618574410676956,66
A0A358VEZ8,cystine,Mono,0.22916431725025177,46
A0A358VEZ8,cystine,Tri,0.20722700655460358,55
A0A358VEZ8,dopamine,Di,0.2516297772526741,40
A0A358VEZ8,dopamine,Mono,0.2566903084516525,37
A0A358VEZ8,dopamine,Tri,0.2621551752090454,36
A0A358VEZ8,gaba,Di,0.19574537128210068,61
A0A358VEZ8,gaba,Mono,0.20361096411943436,58
A0A358VEZ8,gaba,Tri,0.214915931224823,53
A0A358VEZ8,glutamine,Di,0.36626605689525604,3
A0A358VEZ8,glutamine,Mono,0.28284691274166107,29
A0A358VEZ8,glutamine,Tri,0.31750117242336273,19
A0A358VEZ8,glyglycine,Di,0.08674852550029755,75
A0A358VEZ8,glyglycine,Mono,0.1506994068622589,68
A0A358VEZ8,glyglycine,Tri,0.10675344616174698,73
A0A358VEZ8,histidine,Di,0.3046174496412277,22
A0A358VEZ8,histidine,Mono,0.3198675364255905,17
A0A358VEZ8,histidine,Tri,0.34930968284606934,8
A0A358VEZ8,lysine,Di,0.2335904762148857,45
A0A358VEZ8,lysine,Mono,0.20660702884197235,56
A0A358VEZ8,lysine,Tri,0.236016646027565,44
A0A358VEZ8,methionine,Di,0.13052496686577797,70
A0A358VEZ8,methionine,Mono,0.15613756328821182,67
A0A358VEZ8,methionine,Tri,0.16669218987226486,65
A0A358VEZ8,ornithine,Di,0.2188515141606331,51
A0A358VEZ8,ornithine,Mono,0.2023758813738823,59
A0A358VEZ8,ornithine,Tri,0.2689594551920891,34
A0A358VEZ8,phenylalanine,Di,0.3744387626647949,2
A0A358VEZ8,phenylalanine,Mono,0.34380513429641724,11
A0A358VEZ8,phenylalanine,Tri,0.3467237800359726,10
A0A358VEZ8,proline,Di,0.24980388581752777,42
A0A358VEZ8,proline,Mono,0.3343733251094818,14
A0A358VEZ8,proline,Tri,0.2167457640171051,52
A0A358VEZ8,putrescine,Di,0.2561064288020134,38
A0A358VEZ8,putrescine,Mono,0.24630755186080933,43
A0A358VEZ8,putrescine,Tri,0.22033709287643433,50
A0A358VEZ8,serine,Di,0.34723958373069763,9
A0A358VEZ8,serine,Mono,0.3038248270750046,23
A0A358VEZ8,serine,Tri,0.3389265090227127,13
A0A358VEZ8,serotonin,Di,0.28569869697093964,28
A0A358VEZ8,serotonin,Mono,0.2522498220205307,39
A0A358VEZ8,serotonin,Tri,0.3149804472923279,21
A0A358VEZ8,threonine,Di,0.4064229428768158,1
A0A358VEZ8,threonine,Mono,0.3657938838005066,4
A0A358VEZ8,threonine,Tri,0.3613310605287552,6
A0A358VEZ8,tryptamine,Di,0.271035373210907,33
A0A358VEZ8,tryptamine,Mono,0.22341784089803696,48
A0A358VEZ8,tryptamine,Tri,0.26394788920879364,35
A0A358VEZ8,tyramine,Di,0.2865148335695267,27
A0A358VEZ8,tyramine,Mono,0.27817463874816895,30
A0A358VEZ8,tyramine,Tri,0.287681519985199,26
A0A373HJM3,"2,3_diaminopropionic acid",Di,0.3378227651119232,8
A0A373HJM3,"2,3_diaminopropionic acid",Mono,0.2508533149957657,37
A0A373HJM3,"2,3_diaminopropionic acid",Tri,0.33180180191993713,9
A0A373HJM3,2_aminophenol,Di,0.36434702575206757,3
A0A373HJM3,2_aminophenol,Mono,0.27608710527420044,29
A0A373HJM3,2_aminophenol,Tri,0.30131445825099945,19
A0A373HJM3,3_methoxytyramine,Di,0.11848531663417816,72
A0A373HJM3,3_methoxytyramine,Mono,0.1314389556646347,70
A0A373HJM3,3_methoxytyramine,Tri,0.10171165317296982,74
A0A373HJM3,alanine,Di,0.1438274271786213,68
A0A373HJM3,alanine,Mono,0.1925075501203537,60
A0A373HJM3,alanine,Tri,0.16623330861330032,65
A0A373HJM3,arginine,Di,0.17047561705112457,64
A0A373HJM3,arginine,Mono,0.197383314371109,57
A0A373HJM3,arginine,Tri,0.20959578454494476,49
A0A373HJM3,asparagine,Di,0.28199243545532227,23
A0A373HJM3,asparagine,Mono,0.2598599046468735,33
A0A373HJM3,asparagine,Tri,0.2663291320204735,31
A0A373HJM3,cadaverine,Di,0.20607244968414307,50
A0A373HJM3,cadaverine,Mono,0.18361523747444153,61
A0A373HJM3,cadaverine,Tri,0.20080342888832092,54
A0A373HJM3,citrulline,Di,0.3277095705270767,12
A0A373HJM3,citrulline,Mono,0.3279098719358444,10
A0A373HJM3,citrulline,Tri,0.3185652941465378,16
A0A373HJM3,cystine,Di,0.17457342147827148,63
A0A373HJM3,cystine,Mono,0.22952041029930115,44
A0A373HJM3,cystine,Tri,0.20187052339315414,53
A0A373HJM3,dopamine,Di,0.23933152854442596,42
A0A373HJM3,dopamine,Mono,0.24945316463708878,38
A0A373HJM3,dopamine,Tri,0.2556334137916565,34
A0A373HJM3,gaba,Di,0.19279313832521439,59
A0A373HJM3,gaba,Mono,0.1957712396979332,58
A0A373HJM3,gaba,Tri,0.20315422117710114,52
A0A373HJM3,glutamine,Di,0.35103435814380646,6
A0A373HJM3,glutamine,Mono,0.27039384841918945,30
A0A373HJM3,glutamine,Tri,0.2796364277601242,25
A0A373HJM3,glyglycine,Di,0.08031689748167992,75
A0A373HJM3,glyglycine,Mono,0.14320927113294601,69
A0A373HJM3,glyglycine,Tri,0.10296203196048737,73
A0A373HJM3,histidine,Di,0.2848578318953514,22
A0A373HJM3,histidine,Mono,0.3070984184741974,18
A0A373HJM3,histidine,Tri,0.3245388865470886,13
A0A373HJM3,lysine,Di,0.2138676792383194,47
A0A373HJM3,lysine,Mono,0.2039562314748764,51
A0A373HJM3,lysine,Tri,0.21978218853473663,45
A0A373HJM3,methionine,Di,0.12486530467867851,71
A0A373HJM3,methionine,Mono,0.1493287868797779,67
A0A373HJM3,methionine,Tri,0.15000545978546143,66
A0A373HJM3,ornithine,Di,0.21292313933372498,48
A0A373HJM3,ornithine,Mono,0.19908494502305984,56
A0A373HJM3,ornithine,Tri,0.2624369412660599,32
A0A373HJM3,phenylalanine,Di,0.3510379195213318,5
A0A373HJM3,phenylalanine,Mono,0.3278345465660095,11
A0A373HJM3,phenylalanine,Tri,0.31869517266750336,15
A0A373HJM3,proline,Di,0.24246970564126968,41
A0A373HJM3,proline,Mono,0.3134591430425644,17
A0A373HJM3,proline,Tri,0.18258614838123322,62
A0A373HJM3,putrescine,Di,0.2432047501206398,40
A0A373HJM3,putrescine,Mono,0.23544752597808838,43
A0A373HJM3,putrescine,Tri,0.1994774267077446,55
A0A373HJM3,serine,Di,0.3450455963611603,7
A0A373HJM3,serine,Mono,0.2988830655813217,21
A0A373HJM3,serine,Tri,0.3236667811870575,14
A0A373HJM3,serotonin,Di,0.2763558477163315,27
A0A373HJM3,serotonin,Mono,0.24665585160255432,39
A0A373HJM3,serotonin,Tri,0.3012009263038635,20
A0A373HJM3,threonine,Di,0.42166873812675476,1
A0A373HJM3,threonine,Mono,0.37224164605140686,2
A0A373HJM3,threonine,Tri,0.36217132210731506,4
A0A373HJM3,tryptamine,Di,0.2528984695672989,35
A0A373HJM3,tryptamine,Mono,0.21747038513422012,46
A0A373HJM3,tryptamine,Tri,0.252470925450325,36
A0A373HJM3,tyramine,Di,0.2817525863647461,24
A0A373HJM3,tyramine,Mono,0.27621930837631226,28
A0A373HJM3,tyramine,Tri,0.2796241194009781,26
A0A395V718,"2,3_diaminopropionic acid",Di,0.34398478269577026,8
A0A395V718,"2,3_diaminopropionic acid",Mono,0.24954669177532196,36
A0A395V718,"2,3_diaminopropionic acid",Tri,0.3399426341056824,10
A0A395V718,2_aminophenol,Di,0.36879588663578033,5
A0A395V718,2_aminophenol,Mono,0.2773451432585716,28
A0A395V718,2_aminophenol,Tri,0.30951106548309326,19
A0A395V718,3_methoxytyramine,Di,0.10458124056458473,72
A0A395V718,3_methoxytyramine,Mono,0.11442872509360313,71
A0A395V718,3_methoxytyramine,Tri,0.07832852378487587,75
A0A395V718,alanine,Di,0.145899448543787,68
A0A395V718,alanine,Mono,0.1960720792412758,58
A0A395V718,alanine,Tri,0.1603943407535553,66
A0A395V718,arginine,Di,0.18190379440784454,63
A0A395V718,arginine,Mono,0.19808900356292725,56
A0A395V718,arginine,Tri,0.21132823079824448,51
A0A395V718,asparagine,Di,0.2960395812988281,24
A0A395V718,asparagine,Mono,0.2768760472536087,29
A0A395V718,asparagine,Tri,0.2886073440313339,25
A0A395V718,cadaverine,Di,0.2121904417872429,49
A0A395V718,cadaverine,Mono,0.18275029212236404,62
A0A395V718,cadaverine,Tri,0.2130780965089798,48
A0A395V718,citrulline,Di,0.3234957605600357,15
A0A395V718,citrulline,Mono,0.32331009954214096,16
A0A395V718,citrulline,Tri,0.3165155351161957,18
A0A395V718,cystine,Di,0.1605529710650444,64
A0A395V718,cystine,Mono,0.22425033152103424,45
A0A395V718,cystine,Tri,0.19336367398500443,60
A0A395V718,dopamine,Di,0.23855678737163544,42
A0A395V718,dopamine,Mono,0.24108491092920303,38
A0A395V718,dopamine,Tri,0.24500780552625656,37
A0A395V718,gaba,Di,0.19694986194372177,57
A0A395V718,gaba,Mono,0.19484752416610718,59
A0A395V718,gaba,Tri,0.2086493819952011,52
A0A395V718,glutamine,Di,0.3695037215948105,2
A0A395V718,glutamine,Mono,0.28510740399360657,26
A0A395V718,glutamine,Tri,0.30318304896354675,22
A0A395V718,glyglycine,Di,0.08425956964492798,74
A0A395V718,glyglycine,Mono,0.14086614549160004,69
A0A395V718,glyglycine,Tri,0.09488162770867348,73
A0A395V718,histidine,Di,0.30333612859249115,21
A0A395V718,histidine,Mono,0.32250113785266876,17
A0A395V718,histidine,Tri,0.34047284722328186,9
A0A395V718,lysine,Di,0.22405195981264114,46
A0A395V718,lysine,Mono,0.19955188035964966,54
A0A395V718,lysine,Tri,0.22676857560873032,44
A0A395V718,methionine,Di,0.1330609805881977,70
A0A395V718,methionine,Mono,0.15859351307153702,67
A0A395V718,methionine,Tri,0.1605508252978325,65
A0A395V718,ornithine,Di,0.22037021070718765,47
A0A395V718,ornithine,Mono,0.19843968749046326,55
A0A395V718,ornithine,Tri,0.26436400413513184,33
A0A395V718,phenylalanine,Di,0.36905062198638916,4
A0A395V718,phenylalanine,Mono,0.33795687556266785,11
A0A395V718,phenylalanine,Tri,0.3324591666460037,12
A0A395V718,proline,Di,0.23944079875946045,40
A0A395V718,proline,Mono,0.3237428665161133,14
A0A395V718,proline,Tri,0.19324789196252823,61
A0A395V718,putrescine,Di,0.25304098427295685,35
A0A395V718,putrescine,Mono,0.2366483137011528,43
A0A395V718,putrescine,Tri,0.21211624145507812,50
A0A395V718,serine,Di,0.3505890518426895,7
A0A395V718,serine,Mono,0.30534425377845764,20
A0A395V718,serine,Tri,0.3305470198392868,13
A0A395V718,serotonin,Di,0.2742129862308502,30
A0A395V718,serotonin,Mono,0.2388574182987213,41
A0A395V718,serotonin,Tri,0.2964564263820648,23
A0A395V718,threonine,Di,0.4134829342365265,1
A0A395V718,threonine,Mono,0.36938562989234924,3
A0A395V718,threonine,Tri,0.35648010671138763,6
A0A395V718,tryptamine,Di,0.25304195284843445,34
A0A395V718,tryptamine,Mono,0.20845016837120056,53
A0A395V718,tryptamine,Tri,0.23955649882555008,39
A0A395V718,tyramine,Di,0.27850762009620667,27
A0A395V718,tyramine,Mono,0.26492780447006226,32
A0A395V718,tyramine,Tri,0.2697037607431412,31
A0A395WCM1,"2,3_diaminopropionic acid",Di,0.34526824951171875,10
A0A395WCM1,"2,3_diaminopropionic acid",Mono,0.2732768580317497,34
A0A395WCM1,"2,3_diaminopropionic acid",Tri,0.3384934663772583,12
A0A395WCM1,2_aminophenol,Di,0.3805547207593918,3
A0A395WCM1,2_aminophenol,Mono,0.30361539125442505,22
A0A395WCM1,2_aminophenol,Tri,0.31444089114665985,20
A0A395WCM1,3_methoxytyramine,Di,0.11496646329760551,72
A0A395WCM1,3_methoxytyramine,Mono,0.14168166369199753,71
A0A395WCM1,3_methoxytyramine,Tri,0.10393840074539185,74
A0A395WCM1,alanine,Di,0.16579197347164154,69
A0A395WCM1,alanine,Mono,0.2225782573223114,51
A0A395WCM1,alanine,Tri,0.1890178620815277,63
A0A395WCM1,arginine,Di,0.1866479218006134,64
A0A395WCM1,arginine,Mono,0.2153574600815773,56
A0A395WCM1,arginine,Tri,0.228376567363739,47
A0A395WCM1,asparagine,Di,0.29462864995002747,25
A0A395WCM1,asparagine,Mono,0.2807665467262268,31
A0A395WCM1,asparagine,Tri,0.27681800723075867,32
A0A395WCM1,cadaverine,Di,0.2202417403459549,53
A0A395WCM1,cadaverine,Mono,0.207840234041214,60
A0A395WCM1,cadaverine,Tri,0.21607067435979843,54
A0A395WCM1,citrulline,Di,0.344746857881546,11
A0A395WCM1,citrulline,Mono,0.3565497547388077,8
A0A395WCM1,citrulline,Tri,0.3362426161766052,13
A0A395WCM1,cystine,Di,0.18139596283435822,65
A0A395WCM1,cystine,Mono,0.24407387524843216,43
A0A395WCM1,cystine,Tri,0.20858225226402283,59
A0A395WCM1,dopamine,Di,0.24228902906179428,44
A0A395WCM1,dopamine,Mono,0.2573826089501381,37
A0A395WCM1,dopamine,Tri,0.2525966912508011,41
A0A395WCM1,gaba,Di,0.20143688470125198,62
A0A395WCM1,gaba,Mono,0.21551630645990372,55
A0A395WCM1,gaba,Tri,0.2151859924197197,57
A0A395WCM1,glutamine,Di,0.36425814032554626,5
A0A395WCM1,glutamine,Mono,0.2955377846956253,24
A0A395WCM1,glutamine,Tri,0.29143430292606354,26
A0A395WCM1,glyglycine,Di,0.0934739038348198,75
A0A395WCM1,glyglycine,Mono,0.16740964353084564,68
A0A395WCM1,glyglycine,Tri,0.11440641060471535,73
A0A395WCM1,histidine,Di,0.29863275587558746,23
A0A395WCM1,histidine,Mono,0.3277081847190857,17
A0A395WCM1,histidine,Tri,0.33498434722423553,16
A0A395WCM1,lysine,Di,0.22781221568584442,49
A0A395WCM1,lysine,Mono,0.22717605531215668,50
A0A395WCM1,lysine,Tri,0.23806563764810562,45
A0A395WCM1,methionine,Di,0.14733059704303741,70
A0A395WCM1,methionine,Mono,0.18111475557088852,66
A0A395WCM1,methionine,Tri,0.17089441418647766,67
A0A395WCM1,ornithine,Di,0.22824162989854813,48
A0A395WCM1,ornithine,Mono,0.22110921889543533,52
A0A395WCM1,ornithine,Tri,0.2762521654367447,33
A0A395WCM1,phenylalanine,Di,0.35930217802524567,6
A0A395WCM1,phenylalanine,Mono,0.3470190465450287,9
A0A395WCM1,phenylalanine,Tri,0.32711197435855865,18
A0A395WCM1,proline,Di,0.2538454011082649,40
A0A395WCM1,proline,Mono,0.3359772264957428,14
A0A395WCM1,proline,Tri,0.20201513171195984,61
A0A395WCM1,putrescine,Di,0.25131508708000183,42
A0A395WCM1,putrescine,Mono,0.2551441043615341,39
A0A395WCM1,putrescine,Tri,0.21209559589624405,58
A0A395WCM1,serine,Di,0.3570430725812912,7
A0A395WCM1,serine,Mono,0.3242585361003876,19
A0A395WCM1,serine,Tri,0.33518899977207184,15
A0A395WCM1,serotonin,Di,0.2870105057954788,27
A0A395WCM1,serotonin,Mono,0.26096922904253006,36
A0A395WCM1,serotonin,Tri,0.30575478076934814,21
A0A395WCM1,threonine,Di,0.4318166524171829,1
A0A395WCM1,threonine,Mono,0.38884684443473816,2
A0A395WCM1,threonine,Tri,0.36793094873428345,4
A0A395WCM1,tryptamine,Di,0.2622920721769333,35
A0A395WCM1,tryptamine,Mono,0.23015015572309494,46
A0A395WCM1,tryptamine,Tri,0.25525951385498047,38
A0A395WCM1,tyramine,Di,0.28682178258895874,28
A0A395WCM1,tyramine,Mono,0.2827540934085846,29
A0A395WCM1,tyramine,Tri,0.2818613052368164,30
A0A396KEZ6,"2,3_diaminopropionic acid",Di,0.3495050370693207,10
A0A396KEZ6,"2,3_diaminopropionic acid",Mono,0.27051393687725067,33
A0A396KEZ6,"2,3_diaminopropionic acid",Tri,0.33976538479328156,16
A0A396KEZ6,2_aminophenol,Di,0.3766338527202606,5
A0A396KEZ6,2_aminophenol,Mono,0.29668690264225006,27
A0A396KEZ6,2_aminophenol,Tri,0.31847958266735077,20
A0A396KEZ6,3_methoxytyramine,Di,0.12056951597332954,72
A0A396KEZ6,3_methoxytyramine,Mono,0.13772349059581757,71
A0A396KEZ6,3_methoxytyramine,Tri,0.09470974281430244,75
A0A396KEZ6,alanine,Di,0.16275449842214584,68
A0A396KEZ6,alanine,Mono,0.21893665939569473,50
A0A396KEZ6,alanine,Tri,0.18702560663223267,63
A0A396KEZ6,arginine,Di,0.17914695292711258,65
A0A396KEZ6,arginine,Mono,0.21075518056750298,58
A0A396KEZ6,arginine,Tri,0.21565181016921997,54
A0A396KEZ6,asparagine,Di,0.308530256152153,23
A0A396KEZ6,asparagine,Mono,0.29579995572566986,28
A0A396KEZ6,asparagine,Tri,0.29796992242336273,25
A0A396KEZ6,cadaverine,Di,0.22143996506929398,49
A0A396KEZ6,cadaverine,Mono,0.20236564427614212,60
A0A396KEZ6,cadaverine,Tri,0.21627073734998703,53
A0A396KEZ6,citrulline,Di,0.3315204381942749,17
A0A396KEZ6,citrulline,Mono,0.3456639498472214,11
A0A396KEZ6,citrulline,Tri,0.32306255400180817,19
A0A396KEZ6,cystine,Di,0.17400352656841278,67
A0A396KEZ6,cystine,Mono,0.2426893562078476,43
A0A396KEZ6,cystine,Tri,0.19872848689556122,62
A0A396KEZ6,dopamine,Di,0.24107076227664948,44
A0A396KEZ6,dopamine,Mono,0.25448039174079895,37
A0A396KEZ6,dopamine,Tri,0.24331797659397125,42
A0A396KEZ6,gaba,Di,0.20213724672794342,61
A0A396KEZ6,gaba,Mono,0.21224621683359146,57
A0A396KEZ6,gaba,Tri,0.2123667076230049,56
A0A396KEZ6,glutamine,Di,0.3777049779891968,4
A0A396KEZ6,glutamine,Mono,0.3064237982034683,24
A0A396KEZ6,glutamine,Tri,0.313984677195549,22
A0A396KEZ6,glyglycine,Di,0.09752349182963371,74
A0A396KEZ6,glyglycine,Mono,0.15962211787700653,69
A0A396KEZ6,glyglycine,Tri,0.11041619628667831,73
A0A396KEZ6,histidine,Di,0.3176748752593994,21
A0A396KEZ6,histidine,Mono,0.34143049269914627,15
A0A396KEZ6,histidine,Tri,0.35252706706523895,9
A0A396KEZ6,lysine,Di,0.23375067114830017,45
A0A396KEZ6,lysine,Mono,0.2187107801437378,51
A0A396KEZ6,lysine,Tri,0.23352359980344772,46
A0A396KEZ6,methionine,Di,0.14875267446041107,70
A0A396KEZ6,methionine,Mono,0.18319032341241837,64
A0A396KEZ6,methionine,Tri,0.1775282546877861,66
A0A396KEZ6,ornithine,Di,0.22700464725494385,47
A0A396KEZ6,ornithine,Mono,0.2172132357954979,52
A0A396KEZ6,ornithine,Tri,0.2694021016359329,34
A0A396KEZ6,phenylalanine,Di,0.37811480462551117,3
A0A396KEZ6,phenylalanine,Mono,0.3593442887067795,8
A0A396KEZ6,phenylalanine,Tri,0.34263861179351807,14
A0A396KEZ6,proline,Di,0.25132764130830765,40
A0A396KEZ6,proline,Mono,0.34347474575042725,13
A0A396KEZ6,proline,Tri,0.20343894511461258,59
A0A396KEZ6,putrescine,Di,0.2565949857234955,36
A0A396KEZ6,putrescine,Mono,0.25333258509635925,38
A0A396KEZ6,putrescine,Tri,0.2131878286600113,55
A0A396KEZ6,serine,Di,0.36799678206443787,6
A0A396KEZ6,serine,Mono,0.33044353127479553,18
A0A396KEZ6,serine,Tri,0.345062717795372,12
A0A396KEZ6,serotonin,Di,0.2805224359035492,29
A0A396KEZ6,serotonin,Mono,0.2515772432088852,39
A0A396KEZ6,serotonin,Tri,0.2969144880771637,26
A0A396KEZ6,threonine,Di,0.4208681285381317,1
A0A396KEZ6,threonine,Mono,0.3843224048614502,2
A0A396KEZ6,threonine,Tri,0.3656674176454544,7
A0A396KEZ6,tryptamine,Di,0.2581948786973953,35
A0A396KEZ6,tryptamine,Mono,0.2232791930437088,48
A0A396KEZ6,tryptamine,Tri,0.24536025524139404,41
A0A396KEZ6,tyramine,Di,0.28002234548330307,30
A0A396KEZ6,tyramine,Mono,0.27898554503917694,31
A0A396KEZ6,tyramine,Tri,0.27081263810396194,32
A0A3D0HN78,"2,3_diaminopropionic acid",Di,0.3388088494539261,12
A0A3D0HN78,"2,3_diaminopropionic acid",Mono,0.2570815682411194,34
A0A3D0HN78,"2,3_diaminopropionic acid",Tri,0.3475465327501297,7
A0A3D0HN78,2_aminophenol,Di,0.3578251600265503,6
A0A3D0HN78,2_aminophenol,Mono,0.28327979147434235,28
A0A3D0HN78,2_aminophenol,Tri,0.31375592947006226,19
A0A3D0HN78,3_methoxytyramine,Di,0.08630726858973503,73
A0A3D0HN78,3_methoxytyramine,Mono,0.11500979959964752,71
A0A3D0HN78,3_methoxytyramine,Tri,0.08175834268331528,74
A0A3D0HN78,alanine,Di,0.13843685016036034,69
A0A3D0HN78,alanine,Mono,0.20510534942150116,56
A0A3D0HN78,alanine,Tri,0.1753498837351799,64
A0A3D0HN78,arginine,Di,0.1822606846690178,63
A0A3D0HN78,arginine,Mono,0.20966549590229988,54
A0A3D0HN78,arginine,Tri,0.22037851065397263,46
A0A3D0HN78,asparagine,Di,0.28751417994499207,26
A0A3D0HN78,asparagine,Mono,0.28541460633277893,27
A0A3D0HN78,asparagine,Tri,0.2892589271068573,25
A0A3D0HN78,cadaverine,Di,0.2023346796631813,57
A0A3D0HN78,cadaverine,Mono,0.18647686392068863,61
A0A3D0HN78,cadaverine,Tri,0.22012808918952942,47
A0A3D0HN78,citrulline,Di,0.32242895662784576,17
A0A3D0HN78,citrulline,Mono,0.3330633342266083,15
A0A3D0HN78,citrulline,Tri,0.32138384878635406,18
A0A3D0HN78,cystine,Di,0.15834158658981323,67
A0A3D0HN78,cystine,Mono,0.2295442670583725,45
A0A3D0HN78,cystine,Tri,0.20522913336753845,55
A0A3D0HN78,dopamine,Di,0.23446113616228104,43
A0A3D0HN78,dopamine,Mono,0.2447521761059761,40
A0A3D0HN78,dopamine,Tri,0.2482742890715599,37
A0A3D0HN78,gaba,Di,0.18468456715345383,62
A0A3D0HN78,gaba,Mono,0.19783776998519897,60
A0A3D0HN78,gaba,Tri,0.21347146481275558,51
A0A3D0HN78,glutamine,Di,0.3652825802564621,4
A0A3D0HN78,glutamine,Mono,0.29415663331747055,24
A0A3D0HN78,glutamine,Tri,0.30925314128398895,21
A0A3D0HN78,glyglycine,Di,0.07625823095440865,75
A0A3D0HN78,glyglycine,Mono,0.14694274216890335,68
A0A3D0HN78,glyglycine,Tri,0.10014746338129044,72
A0A3D0HN78,histidine,Di,0.3045329451560974,23
A0A3D0HN78,histidine,Mono,0.3311951458454132,16
A0A3D0HN78,histidine,Tri,0.3467753976583481,8
A0A3D0HN78,lysine,Di,0.21700359135866165,49
A0A3D0HN78,lysine,Mono,0.20081830024719238,58
A0A3D0HN78,lysine,Tri,0.23186060786247253,44
A0A3D0HN78,methionine,Di,0.1298871971666813,70
A0A3D0HN78,methionine,Mono,0.16658060997724533,66
A0A3D0HN78,methionine,Tri,0.17108596116304398,65
A0A3D0HN78,ornithine,Di,0.21037980914115906,53
A0A3D0HN78,ornithine,Mono,0.19998519867658615,59
A0A3D0HN78,ornithine,Tri,0.26377204060554504,33
A0A3D0HN78,phenylalanine,Di,0.3620336204767227,5
A0A3D0HN78,phenylalanine,Mono,0.3455064743757248,9
A0A3D0HN78,phenylalanine,Tri,0.33346694707870483,14
A0A3D0HN78,proline,Di,0.2495928257703781,36
A0A3D0HN78,proline,Mono,0.34011581540107727,11
A0A3D0HN78,proline,Tri,0.21381401270627975,50
A0A3D0HN78,putrescine,Di,0.24493682384490967,39
A0A3D0HN78,putrescine,Mono,0.24453750252723694,41
A0A3D0HN78,putrescine,Tri,0.21907181292772293,48
A0A3D0HN78,serine,Di,0.34366925060749054,10
A0A3D0HN78,serine,Mono,0.31132788956165314,20
A0A3D0HN78,serine,Tri,0.3375048190355301,13
A0A3D0HN78,serotonin,Di,0.2719961702823639,31
A0A3D0HN78,serotonin,Mono,0.24184097349643707,42
A0A3D0HN78,serotonin,Tri,0.30591487884521484,22
A0A3D0HN78,threonine,Di,0.4112903028726578,1
A0A3D0HN78,threonine,Mono,0.3743785470724106,2
A0A3D0HN78,threonine,Tri,0.3659221827983856,3
A0A3D0HN78,tryptamine,Di,0.24788252264261246,38
A0A3D0HN78,tryptamine,Mono,0.21112040430307388,52
A0A3D0HN78,tryptamine,Tri,0.2518799602985382,35
A0A3D0HN78,tyramine,Di,0.2757692337036133,30
A0A3D0HN78,tyramine,Mono,0.2686287611722946,32
A0A3D0HN78,tyramine,Tri,0.277124285697937,29
A0A3D3YKZ5,"2,3_diaminopropionic acid",Di,0.3119511753320694,27
A0A3D3YKZ5,"2,3_diaminopropionic acid",Mono,0.29950325191020966,28
A0A3D3YKZ5,"2,3_diaminopropionic acid",Tri,0.3288351595401764,23
A0A3D3YKZ5,2_aminophenol,Di,0.36669521033763885,14
A0A3D3YKZ5,2_aminophenol,Mono,0.3568185716867447,16
A0A3D3YKZ5,2_aminophenol,Tri,0.33353330194950104,22
A0A3D3YKZ5,3_methoxytyramine,Di,0.004444144666194916,75
A0A3D3YKZ5,3_methoxytyramine,Mono,0.06220441311597824,72
A0A3D3YKZ5,3_methoxytyramine,Tri,0.02069825679063797,74
A0A3D3YKZ5,alanine,Di,0.18304789811372757,58
A0A3D3YKZ5,alanine,Mono,0.28212593495845795,31
A0A3D3YKZ5,alanine,Tri,0.2209858000278473,46
A0A3D3YKZ5,arginine,Di,0.21129011362791061,51
A0A3D3YKZ5,arginine,Mono,0.23992957174777985,40
A0A3D3YKZ5,arginine,Tri,0.2842162996530533,29
A0A3D3YKZ5,asparagine,Di,0.31551116704940796,26
A0A3D3YKZ5,asparagine,Mono,0.37539561092853546,11
A0A3D3YKZ5,asparagine,Tri,0.31622810661792755,25
A0A3D3YKZ5,cadaverine,Di,0.2095881775021553,53
A0A3D3YKZ5,cadaverine,Mono,0.2409646436572075,39
A0A3D3YKZ5,cadaverine,Tri,0.25621868669986725,35
A0A3D3YKZ5,citrulline,Di,0.31831738352775574,24
A0A3D3YKZ5,citrulline,Mono,0.39513662457466125,6
A0A3D3YKZ5,citrulline,Tri,0.33761028945446014,21
A0A3D3YKZ5,cystine,Di,0.1507132574915886,67
A0A3D3YKZ5,cystine,Mono,0.24568232893943787,37
A0A3D3YKZ5,cystine,Tri,0.1964738443493843,54
A0A3D3YKZ5,dopamine,Di,0.1407468095421791,69
A0A3D3YKZ5,dopamine,Mono,0.17141781002283096,62
A0A3D3YKZ5,dopamine,Tri,0.14725814014673233,68
A0A3D3YKZ5,gaba,Di,0.16892513632774353,63
A0A3D3YKZ5,gaba,Mono,0.21827172487974167,48
A0A3D3YKZ5,gaba,Tri,0.22866341471672058,44
A0A3D3YKZ5,glutamine,Di,0.3922201246023178,7
A0A3D3YKZ5,glutamine,Mono,0.3969719707965851,5
A0A3D3YKZ5,glutamine,Tri,0.3476281315088272,19
A0A3D3YKZ5,glyglycine,Di,0.07257902435958385,71
A0A3D3YKZ5,glyglycine,Mono,0.1586286649107933,65
A0A3D3YKZ5,glyglycine,Tri,0.05450642853975296,73
A0A3D3YKZ5,histidine,Di,0.36557282507419586,15
A0A3D3YKZ5,histidine,Mono,0.42559953033924103,1
A0A3D3YKZ5,histidine,Tri,0.3771126866340637,10
A0A3D3YKZ5,lysine,Di,0.21900378167629242,47
A0A3D3YKZ5,lysine,Mono,0.21785390377044678,49
A0A3D3YKZ5,lysine,Tri,0.2623595744371414,34
A0A3D3YKZ5,methionine,Di,0.175529845058918,60
A0A3D3YKZ5,methionine,Mono,0.2663566768169403,33
A0A3D3YKZ5,methionine,Tri,0.23172388970851898,42
A0A3D3YKZ5,ornithine,Di,0.21385546028614044,50
A0A3D3YKZ5,ornithine,Mono,0.23362775892019272,41
A0A3D3YKZ5,ornithine,Tri,0.28371666371822357,30
A0A3D3YKZ5,phenylalanine,Di,0.37007690966129303,12
A0A3D3YKZ5,phenylalanine,Mono,0.41920439898967743,2
A0A3D3YKZ5,phenylalanine,Tri,0.3492448478937149,18
A0A3D3YKZ5,proline,Di,0.2102649211883545,52
A0A3D3YKZ5,proline,Mono,0.3774403780698776,9
A0A3D3YKZ5,proline,Tri,0.2489510178565979,36
A0A3D3YKZ5,putrescine,Di,0.2218581885099411,45
A0A3D3YKZ5,putrescine,Mono,0.277143195271492,32
A0A3D3YKZ5,putrescine,Tri,0.2317231148481369,43
A0A3D3YKZ5,serine,Di,0.3682333678007126,13
A0A3D3YKZ5,serine,Mono,0.4122072458267212,3
A0A3D3YKZ5,serine,Tri,0.35365724563598633,17
A0A3D3YKZ5,serotonin,Di,0.1904299408197403,56
A0A3D3YKZ5,serotonin,Mono,0.17511313408613205,61
A0A3D3YKZ5,serotonin,Tri,0.243850938975811,38
A0A3D3YKZ5,threonine,Di,0.39773131906986237,4
A0A3D3YKZ5,threonine,Mono,0.391324520111084,8
A0A3D3YKZ5,threonine,Tri,0.3422592729330063,20
A0A3D3YKZ5,tryptamine,Di,0.1514774188399315,66
A0A3D3YKZ5,tryptamine,Mono,0.12755239009857178,70
A0A3D3YKZ5,tryptamine,Tri,0.16707462072372437,64
A0A3D3YKZ5,tyramine,Di,0.17997631430625916,59
A0A3D3YKZ5,tyramine,Mono,0.19440843164920807,55
A0A3D3YKZ5,tyramine,Tri,0.1892225295305252,57
A0A3D4LSP0,"2,3_diaminopropionic acid",Di,0.34526965022087097,10
A0A3D4LSP0,"2,3_diaminopropionic acid",Mono,0.25683916360139847,34
A0A3D4LSP0,"2,3_diaminopropionic acid",Tri,0.34424029290676117,11
A0A3D4LSP0,2_aminophenol,Di,0.36725787818431854,5
A0A3D4LSP0,2_aminophenol,Mono,0.2858825996518135,27
A0A3D4LSP0,2_aminophenol,Tri,0.31449204683303833,19
A0A3D4LSP0,3_methoxytyramine,Di,0.10543285869061947,72
A0A3D4LSP0,3_methoxytyramine,Mono,0.11790840327739716,71
A0A3D4LSP0,3_methoxytyramine,Tri,0.08426405861973763,75
A0A3D4LSP0,alanine,Di,0.14614487439393997,69
A0A3D4LSP0,alanine,Mono,0.2039172723889351,56
A0A3D4LSP0,alanine,Tri,0.1690565124154091,64
A0A3D4LSP0,arginine,Di,0.18379773944616318,63
A0A3D4LSP0,arginine,Mono,0.20779698342084885,54
A0A3D4LSP0,arginine,Tri,0.21609066426753998,49
A0A3D4LSP0,asparagine,Di,0.29536497592926025,24
A0A3D4LSP0,asparagine,Mono,0.285610593855381,28
A0A3D4LSP0,asparagine,Tri,0.2938697338104248,25
A0A3D4LSP0,cadaverine,Di,0.21120788156986237,52
A0A3D4LSP0,cadaverine,Mono,0.18784920871257782,62
A0A3D4LSP0,cadaverine,Tri,0.21708990633487701,48
A0A3D4LSP0,citrulline,Di,0.32340721786022186,17
A0A3D4LSP0,citrulline,Mono,0.33139272034168243,16
A0A3D4LSP0,citrulline,Tri,0.3204362690448761,18
A0A3D4LSP0,cystine,Di,0.16074581444263458,67
A0A3D4LSP0,cystine,Mono,0.22843343764543533,45
A0A3D4LSP0,cystine,Tri,0.19750340282917023,60
A0A3D4LSP0,dopamine,Di,0.23811130225658417,43
A0A3D4LSP0,dopamine,Mono,0.2455843836069107,37
A0A3D4LSP0,dopamine,Tri,0.2435750737786293,40
A0A3D4LSP0,gaba,Di,0.19373513758182526,61
A0A3D4LSP0,gaba,Mono,0.19872988015413284,59
A0A3D4LSP0,gaba,Tri,0.2092883363366127,53
A0A3D4LSP0,glutamine,Di,0.3697555214166641,4
A0A3D4LSP0,glutamine,Mono,0.2936076670885086,26
A0A3D4LSP0,glutamine,Tri,0.3116237372159958,21
A0A3D4LSP0,glyglycine,Di,0.09090184420347214,74
A0A3D4LSP0,glyglycine,Mono,0.14718610793352127,68
A0A3D4LSP0,glyglycine,Tri,0.09566498175263405,73
A0A3D4LSP0,histidine,Di,0.3108917772769928,22
A0A3D4LSP0,histidine,Mono,0.33167310059070587,15
A0A3D4LSP0,histidine,Tri,0.3483448475599289,8
A0A3D4LSP0,lysine,Di,0.22625137865543365,46
A0A3D4LSP0,lysine,Mono,0.20223120599985123,57
A0A3D4LSP0,lysine,Tri,0.23086665570735931,44
A0A3D4LSP0,methionine,Di,0.13379275798797607,70
A0A3D4LSP0,methionine,Mono,0.16543008387088776,66
A0A3D4LSP0,methionine,Tri,0.16613581776618958,65
A0A3D4LSP0,ornithine,Di,0.21872010827064514,47
A0A3D4LSP0,ornithine,Mono,0.20131896436214447,58
A0A3D4LSP0,ornithine,Tri,0.26400235295295715,33
A0A3D4LSP0,phenylalanine,Di,0.3748708814382553,2
A0A3D4LSP0,phenylalanine,Mono,0.3474910110235214,9
A0A3D4LSP0,phenylalanine,Tri,0.3393872380256653,12
A0A3D4LSP0,proline,Di,0.24330305308103561,42
A0A3D4LSP0,proline,Mono,0.3389837294816971,13
A0A3D4LSP0,proline,Tri,0.20639176666736603,55
A0A3D4LSP0,putrescine,Di,0.25290706008672714,36
A0A3D4LSP0,putrescine,Mono,0.2437947392463684,39
A0A3D4LSP0,putrescine,Tri,0.2145732119679451,50
A0A3D4LSP0,serine,Di,0.3519470989704132,7
A0A3D4LSP0,serine,Mono,0.3132273703813553,20
A0A3D4LSP0,serine,Tri,0.3354116827249527,14
A0A3D4LSP0,serotonin,Di,0.2755480408668518,30
A0A3D4LSP0,serotonin,Mono,0.24350520223379135,41
A0A3D4LSP0,serotonin,Tri,0.3018280863761902,23
A0A3D4LSP0,threonine,Di,0.4101952165365219,1
A0A3D4LSP0,threonine,Mono,0.3734939992427826,3
A0A3D4LSP0,threonine,Tri,0.3576791286468506,6
A0A3D4LSP0,tryptamine,Di,0.2535511255264282,35
A0A3D4LSP0,tryptamine,Mono,0.2128564938902855,51
A0A3D4LSP0,tryptamine,Tri,0.24470391869544983,38
A0A3D4LSP0,tyramine,Di,0.2766176611185074,29
A0A3D4LSP0,tyramine,Mono,0.2673611342906952,32
A0A3D4LSP0,tyramine,Tri,0.27092188596725464,31
A0A3E2MNL2,"2,3_diaminopropionic acid",Di,0.4206032305955887,17
A0A3E2MNL2,"2,3_diaminopropionic acid",Mono,0.4320785403251648,14
A0A3E2MNL2,"2,3_diaminopropionic acid",Tri,0.37968096137046814,28
A0A3E2MNL2,2_aminophenol,Di,0.4475322514772415,13
A0A3E2MNL2,2_aminophenol,Mono,0.45262162387371063,8
A0A3E2MNL2,2_aminophenol,Tri,0.3801053315401077,27
A0A3E2MNL2,3_methoxytyramine,Di,0.10211252421140671,74
A0A3E2MNL2,3_methoxytyramine,Mono,0.16469921171665192,72
A0A3E2MNL2,3_methoxytyramine,Tri,0.08654234185814857,75
A0A3E2MNL2,alanine,Di,0.2890157103538513,49
A0A3E2MNL2,alanine,Mono,0.39465005695819855,23
A0A3E2MNL2,alanine,Tri,0.27633097767829895,55
A0A3E2MNL2,arginine,Di,0.28529591858386993,52
A0A3E2MNL2,arginine,Mono,0.34517037868499756,37
A0A3E2MNL2,arginine,Tri,0.32988908886909485,40
A0A3E2MNL2,asparagine,Di,0.3882259130477905,24
A0A3E2MNL2,asparagine,Mono,0.4490584433078766,12
A0A3E2MNL2,asparagine,Tri,0.37561866641044617,30
A0A3E2MNL2,cadaverine,Di,0.32956820726394653,42
A0A3E2MNL2,cadaverine,Mono,0.3859480172395706,25
A0A3E2MNL2,cadaverine,Tri,0.2947982847690582,46
A0A3E2MNL2,citrulline,Di,0.39822404086589813,21
A0A3E2MNL2,citrulline,Mono,0.502814456820488,2
A0A3E2MNL2,citrulline,Tri,0.37790146470069885,29
A0A3E2MNL2,cystine,Di,0.2477736622095108,63
A0A3E2MNL2,cystine,Mono,0.3552538603544235,35
A0A3E2MNL2,cystine,Tri,0.24645289778709412,64
A0A3E2MNL2,dopamine,Di,0.22660108655691147,68
A0A3E2MNL2,dopamine,Mono,0.2702660709619522,56
A0A3E2MNL2,dopamine,Tri,0.1964946687221527,71
A0A3E2MNL2,gaba,Di,0.2665832042694092,57
A0A3E2MNL2,gaba,Mono,0.3538729250431061,36
A0A3E2MNL2,gaba,Tri,0.2571069896221161,61
A0A3E2MNL2,glutamine,Di,0.45208579301834106,10
A0A3E2MNL2,glutamine,Mono,0.4799165725708008,6
A0A3E2MNL2,glutamine,Tri,0.38045601546764374,26
A0A3E2MNL2,glyglycine,Di,0.20115644484758377,70
A0A3E2MNL2,glyglycine,Mono,0.3010413646697998,45
A0A3E2MNL2,glyglycine,Tri,0.12246037274599075,73
A0A3E2MNL2,histidine,Di,0.4254150986671448,16
A0A3E2MNL2,histidine,Mono,0.487895205616951,5
A0A3E2MNL2,histidine,Tri,0.4155099391937256,18
A0A3E2MNL2,lysine,Di,0.3379259258508682,38
A0A3E2MNL2,lysine,Mono,0.36838752031326294,31
A0A3E2MNL2,lysine,Tri,0.32964394986629486,41
A0A3E2MNL2,methionine,Di,0.25192786753177643,62
A0A3E2MNL2,methionine,Mono,0.35571472346782684,34
A0A3E2MNL2,methionine,Tri,0.26317650079727173,59
A0A3E2MNL2,ornithine,Di,0.3209615796804428,44
A0A3E2MNL2,ornithine,Mono,0.36240261793136597,33
A0A3E2MNL2,ornithine,Tri,0.33204689621925354,39
A0A3E2MNL2,phenylalanine,Di,0.4500313997268677,11
A0A3E2MNL2,phenylalanine,Mono,0.5038051605224609,1
A0A3E2MNL2,phenylalanine,Tri,0.40626785159111023,20
A0A3E2MNL2,proline,Di,0.28608059883117676,50
A0A3E2MNL2,proline,Mono,0.4775930792093277,7
A0A3E2MNL2,proline,Tri,0.29098355770111084,48
A0A3E2MNL2,putrescine,Di,0.3240307718515396,43
A0A3E2MNL2,putrescine,Mono,0.4102368652820587,19
A0A3E2MNL2,putrescine,Tri,0.26460787653923035,58
A0A3E2MNL2,serine,Di,0.4279467314481735,15
A0A3E2MNL2,serine,Mono,0.5015824139118195,3
A0A3E2MNL2,serine,Tri,0.3978902995586395,22
A0A3E2MNL2,serotonin,Di,0.28435756266117096,53
A0A3E2MNL2,serotonin,Mono,0.2813839167356491,54
A0A3E2MNL2,serotonin,Tri,0.2856079190969467,51
A0A3E2MNL2,threonine,Di,0.45210815966129303,9
A0A3E2MNL2,threonine,Mono,0.491475448012352,4
A0A3E2MNL2,threonine,Tri,0.3644004762172699,32
A0A3E2MNL2,tryptamine,Di,0.23589041829109192,65
A0A3E2MNL2,tryptamine,Mono,0.2308570072054863,66
A0A3E2MNL2,tryptamine,Tri,0.20871363580226898,69
A0A3E2MNL2,tyramine,Di,0.2631082087755203,60
A0A3E2MNL2,tyramine,Mono,0.294403538107872,47
A0A3E2MNL2,tyramine,Tri,0.22860952466726303,67
A0A3E2XR62,"2,3_diaminopropionic acid",Di,0.34420838952064514,11
A0A3E2XR62,"2,3_diaminopropionic acid",Mono,0.2581653818488121,34
A0A3E2XR62,"2,3_diaminopropionic acid",Tri,0.34464380145072937,10
A0A3E2XR62,2_aminophenol,Di,0.3766845464706421,3
A0A3E2XR62,2_aminophenol,Mono,0.2934068441390991,26
A0A3E2XR62,2_aminophenol,Tri,0.32013848423957825,20
A0A3E2XR62,3_methoxytyramine,Di,0.10255098342895508,72
A0A3E2XR62,3_methoxytyramine,Mono,0.11962573602795601,71
A0A3E2XR62,3_methoxytyramine,Tri,0.08749506250023842,74
A0A3E2XR62,alanine,Di,0.15043023228645325,68
A0A3E2XR62,alanine,Mono,0.20657505095005035,54
A0A3E2XR62,alanine,Tri,0.1760874092578888,64
A0A3E2XR62,arginine,Di,0.17829985916614532,63
A0A3E2XR62,arginine,Mono,0.1996798925101757,59
A0A3E2XR62,arginine,Tri,0.2231501191854477,48
A0A3E2XR62,asparagine,Di,0.2968415915966034,24
A0A3E2XR62,asparagine,Mono,0.2824663445353508,28
A0A3E2XR62,asparagine,Tri,0.28848131000995636,27
A0A3E2XR62,cadaverine,Di,0.21143721044063568,53
A0A3E2XR62,cadaverine,Mono,0.18831098079681396,62
A0A3E2XR62,cadaverine,Tri,0.21594634652137756,49
A0A3E2XR62,citrulline,Di,0.34151841700077057,13
A0A3E2XR62,citrulline,Mono,0.3437948524951935,12
A0A3E2XR62,citrulline,Tri,0.33635085821151733,16
A0A3E2XR62,cystine,Di,0.17061247676610947,66
A0A3E2XR62,cystine,Mono,0.2298932448029518,45
A0A3E2XR62,cystine,Tri,0.20298022031784058,58
A0A3E2XR62,dopamine,Di,0.23494744300842285,44
A0A3E2XR62,dopamine,Mono,0.24349504709243774,41
A0A3E2XR62,dopamine,Tri,0.24863724410533905,38
A0A3E2XR62,gaba,Di,0.19274035841226578,61
A0A3E2XR62,gaba,Mono,0.19580185413360596,60
A0A3E2XR62,gaba,Tri,0.2133832648396492,52
A0A3E2XR62,glutamine,Di,0.37400777637958527,4
A0A3E2XR62,glutamine,Mono,0.29565414041280746,25
A0A3E2XR62,glutamine,Tri,0.3085497319698334,22
A0A3E2XR62,glyglycine,Di,0.08325803838670254,75
A0A3E2XR62,glyglycine,Mono,0.14460169523954391,69
A0A3E2XR62,glyglycine,Tri,0.09989473596215248,73
A0A3E2XR62,histidine,Di,0.31050996482372284,21
A0A3E2XR62,histidine,Mono,0.3327293246984482,18
A0A3E2XR62,histidine,Tri,0.35233959555625916,8
A0A3E2XR62,lysine,Di,0.2257373258471489,46
A0A3E2XR62,lysine,Mono,0.20544244349002838,55
A0A3E2XR62,lysine,Tri,0.2375492975115776,43
A0A3E2XR62,methionine,Di,0.14375272393226624,70
A0A3E2XR62,methionine,Mono,0.168504498898983,67
A0A3E2XR62,methionine,Tri,0.17312858998775482,65
A0A3E2XR62,ornithine,Di,0.22331202775239944,47
A0A3E2XR62,ornithine,Mono,0.20362576097249985,57
A0A3E2XR62,ornithine,Tri,0.2749098613858223,32
A0A3E2XR62,phenylalanine,Di,0.3712138384580612,6
A0A3E2XR62,phenylalanine,Mono,0.349190816283226,9
A0A3E2XR62,phenylalanine,Tri,0.3407867103815079,15
A0A3E2XR62,proline,Di,0.2454623058438301,39
A0A3E2XR62,proline,Mono,0.3337620049715042,17
A0A3E2XR62,proline,Tri,0.20482346415519714,56
A0A3E2XR62,putrescine,Di,0.24983875453472137,37
A0A3E2XR62,putrescine,Mono,0.24211426824331284,42
A0A3E2XR62,putrescine,Tri,0.21451693773269653,51
A0A3E2XR62,serine,Di,0.3590290993452072,7
A0A3E2XR62,serine,Mono,0.3205035328865051,19
A0A3E2XR62,serine,Tri,0.34136219322681427,14
A0A3E2XR62,serotonin,Di,0.2768222242593765,31
A0A3E2XR62,serotonin,Mono,0.24539531022310257,40
A0A3E2XR62,serotonin,Tri,0.3063472807407379,23
A0A3E2XR62,threonine,Di,0.42900165915489197,1
A0A3E2XR62,threonine,Mono,0.3812551498413086,2
A0A3E2XR62,threonine,Tri,0.3722378760576248,5
A0A3E2XR62,tryptamine,Di,0.25446224212646484,35
A0A3E2XR62,tryptamine,Mono,0.21461468935012817,50
A0A3E2XR62,tryptamine,Tri,0.25314298272132874,36
A0A3E2XR62,tyramine,Di,0.28147975355386734,29
A0A3E2XR62,tyramine,Mono,0.26935647428035736,33
A0A3E2XR62,tyramine,Tri,0.27882879972457886,30
A0A3E4KT54,"2,3_diaminopropionic acid",Di,0.3033163845539093,18
A0A3E4KT54,"2,3_diaminopropionic acid",Mono,0.22870202362537384,29
A0A3E4KT54,"2,3_diaminopropionic acid",Tri,0.29994428157806396,19
A0A3E4KT54,2_aminophenol,Di,0.32937076687812805,8
A0A3E4KT54,2_aminophenol,Mono,0.26793162524700165,26
A0A3E4KT54,2_aminophenol,Tri,0.27454492449760437,25
A0A3E4KT54,3_methoxytyramine,Di,0.034404500387609005,74
A0A3E4KT54,3_methoxytyramine,Mono,0.037083509378135204,73
A0A3E4KT54,3_methoxytyramine,Tri,0.02945331484079361,75
A0A3E4KT54,alanine,Di,0.14310003444552422,66
A0A3E4KT54,alanine,Mono,0.19286230951547623,41
A0A3E4KT54,alanine,Tri,0.15198354423046112,64
A0A3E4KT54,arginine,Di,0.1976187527179718,39
A0A3E4KT54,arginine,Mono,0.19058039411902428,42
A0A3E4KT54,arginine,Tri,0.2075410857796669,35
A0A3E4KT54,asparagine,Di,0.27999357879161835,24
A0A3E4KT54,asparagine,Mono,0.2967865616083145,21
A0A3E4KT54,asparagine,Tri,0.2661711275577545,27
A0A3E4KT54,cadaverine,Di,0.1755431666970253,51
A0A3E4KT54,cadaverine,Mono,0.15852513164281845,60
A0A3E4KT54,cadaverine,Tri,0.19623005390167236,40
A0A3E4KT54,citrulline,Di,0.29983197152614594,20
A0A3E4KT54,citrulline,Mono,0.32271216809749603,9
A0A3E4KT54,citrulline,Tri,0.2856961637735367,22
A0A3E4KT54,cystine,Di,0.12291854619979858,69
A0A3E4KT54,cystine,Mono,0.18748217821121216,44
A0A3E4KT54,cystine,Tri,0.1644154042005539,58
A0A3E4KT54,dopamine,Di,0.17051787674427032,56
A0A3E4KT54,dopamine,Mono,0.1717100739479065,54
A0A3E4KT54,dopamine,Tri,0.16533882915973663,57
A0A3E4KT54,gaba,Di,0.16083675622940063,59
A0A3E4KT54,gaba,Mono,0.15718727558851242,61
A0A3E4KT54,gaba,Tri,0.18389736860990524,49
A0A3E4KT54,glutamine,Di,0.3559550642967224,3
A0A3E4KT54,glutamine,Mono,0.30630046129226685,16
A0A3E4KT54,glutamine,Tri,0.28533823788166046,23
A0A3E4KT54,glyglycine,Di,0.07455967739224434,71
A0A3E4KT54,glyglycine,Mono,0.11810173839330673,70
A0A3E4KT54,glyglycine,Tri,0.04873849265277386,72
A0A3E4KT54,histidine,Di,0.3092280626296997,14
A0A3E4KT54,histidine,Mono,0.34647683799266815,5
A0A3E4KT54,histidine,Tri,0.31815144419670105,12
A0A3E4KT54,lysine,Di,0.1870233565568924,46
A0A3E4KT54,lysine,Mono,0.15423066169023514,63
A0A3E4KT54,lysine,Tri,0.20126105099916458,38
A0A3E4KT54,methionine,Di,0.12492849305272102,68
A0A3E4KT54,methionine,Mono,0.17540007829666138,52
A0A3E4KT54,methionine,Tri,0.15545446425676346,62
A0A3E4KT54,ornithine,Di,0.18162482231855392,50
A0A3E4KT54,ornithine,Mono,0.14881129562854767,65
A0A3E4KT54,ornithine,Tri,0.22788645327091217,30
A0A3E4KT54,phenylalanine,Di,0.36278878152370453,2
A0A3E4KT54,phenylalanine,Mono,0.352779820561409,4
A0A3E4KT54,phenylalanine,Tri,0.3090991675853729,15
A0A3E4KT54,proline,Di,0.2170337662100792,31
A0A3E4KT54,proline,Mono,0.3224470615386963,10
A0A3E4KT54,proline,Tri,0.1876790151000023,43
A0A3E4KT54,putrescine,Di,0.20516465604305267,37
A0A3E4KT54,putrescine,Mono,0.2078630030155182,34
A0A3E4KT54,putrescine,Tri,0.18732331693172455,45
A0A3E4KT54,serine,Di,0.34189850091934204,7
A0A3E4KT54,serine,Mono,0.3207691013813019,11
A0A3E4KT54,serine,Tri,0.30495235323905945,17
A0A3E4KT54,serotonin,Di,0.21262921392917633,33
A0A3E4KT54,serotonin,Mono,0.17377232387661934,53
A0A3E4KT54,serotonin,Tri,0.2328726127743721,28
A0A3E4KT54,threonine,Di,0.3872019201517105,1
A0A3E4KT54,threonine,Mono,0.34213367104530334,6
A0A3E4KT54,threonine,Tri,0.3171353340148926,13
A0A3E4KT54,tryptamine,Di,0.18500406295061111,48
A0A3E4KT54,tryptamine,Mono,0.14281468838453293,67
A0A3E4KT54,tryptamine,Tri,0.17095734179019928,55
A0A3E4KT54,tyramine,Di,0.21559545397758484,32
A0A3E4KT54,tyramine,Mono,0.1861678510904312,47
A0A3E4KT54,tyramine,Tri,0.2061891183257103,36
A0A3E4LQA4,"2,3_diaminopropionic acid",Di,0.3170105218887329,16
A0A3E4LQA4,"2,3_diaminopropionic acid",Mono,0.24427973479032516,33
A0A3E4LQA4,"2,3_diaminopropionic acid",Tri,0.33368511497974396,10
A0A3E4LQA4,2_aminophenol,Di,0.33760499954223633,6
A0A3E4LQA4,2_aminophenol,Mono,0.26918570697307587,28
A0A3E4LQA4,2_aminophenol,Tri,0.2961670458316803,20
A0A3E4LQA4,3_methoxytyramine,Di,0.10170953162014484,72
A0A3E4LQA4,3_methoxytyramine,Mono,0.10323654115200043,71
A0A3E4LQA4,3_methoxytyramine,Tri,0.08621330000460148,73
A0A3E4LQA4,alanine,Di,0.13015277311205864,69
A0A3E4LQA4,alanine,Mono,0.20223966240882874,51
A0A3E4LQA4,alanine,Tri,0.17396330088377,63
A0A3E4LQA4,arginine,Di,0.179390549659729,61
A0A3E4LQA4,arginine,Mono,0.20477363839745522,49
A0A3E4LQA4,arginine,Tri,0.2131054475903511,46
A0A3E4LQA4,asparagine,Di,0.2770715728402138,26
A0A3E4LQA4,asparagine,Mono,0.2784262150526047,25
A0A3E4LQA4,asparagine,Tri,0.28476832807064056,23
A0A3E4LQA4,cadaverine,Di,0.18985211104154587,58
A0A3E4LQA4,cadaverine,Mono,0.1784900724887848,62
A0A3E4LQA4,cadaverine,Tri,0.20233295112848282,50
A0A3E4LQA4,citrulline,Di,0.28891174495220184,22
A0A3E4LQA4,citrulline,Mono,0.3228555917739868,13
A0A3E4LQA4,citrulline,Tri,0.29291561245918274,21
A0A3E4LQA4,cystine,Di,0.13653089851140976,68
A0A3E4LQA4,cystine,Mono,0.2124582678079605,47
A0A3E4LQA4,cystine,Tri,0.18476028740406036,60
A0A3E4LQA4,dopamine,Di,0.21369369328022003,45
A0A3E4LQA4,dopamine,Mono,0.22615768760442734,39
A0A3E4LQA4,dopamine,Tri,0.2205847203731537,41
A0A3E4LQA4,gaba,Di,0.16860774159431458,64
A0A3E4LQA4,gaba,Mono,0.1935701072216034,55
A0A3E4LQA4,gaba,Tri,0.18832465261220932,59
A0A3E4LQA4,glutamine,Di,0.3487187772989273,3
A0A3E4LQA4,glutamine,Mono,0.28179584443569183,24
A0A3E4LQA4,glutamine,Tri,0.30851610004901886,17
A0A3E4LQA4,glyglycine,Di,0.07774518616497517,75
A0A3E4LQA4,glyglycine,Mono,0.14450470358133316,67
A0A3E4LQA4,glyglycine,Tri,0.08191832154989243,74
A0A3E4LQA4,histidine,Di,0.29876793920993805,19
A0A3E4LQA4,histidine,Mono,0.31924621760845184,14
A0A3E4LQA4,histidine,Tri,0.33413946628570557,9
A0A3E4LQA4,lysine,Di,0.21513213217258453,44
A0A3E4LQA4,lysine,Mono,0.19450544565916061,54
A0A3E4LQA4,lysine,Tri,0.20958314836025238,48
A0A3E4LQA4,methionine,Di,0.11799857765436172,70
A0A3E4LQA4,methionine,Mono,0.15924222767353058,65
A0A3E4LQA4,methionine,Tri,0.15392963588237762,66
A0A3E4LQA4,ornithine,Di,0.19903765618801117,52
A0A3E4LQA4,ornithine,Mono,0.19186213612556458,56
A0A3E4LQA4,ornithine,Tri,0.24162352085113525,34
A0A3E4LQA4,phenylalanine,Di,0.3589709550142288,2
A0A3E4LQA4,phenylalanine,Mono,0.3418200612068176,5
A0A3E4LQA4,phenylalanine,Tri,0.32638199627399445,12
A0A3E4LQA4,proline,Di,0.2395184189081192,35
A0A3E4LQA4,proline,Mono,0.3358621448278427,8
A0A3E4LQA4,proline,Tri,0.21875040978193283,42
A0A3E4LQA4,putrescine,Di,0.22667115926742554,38
A0A3E4LQA4,putrescine,Mono,0.2343176081776619,36
A0A3E4LQA4,putrescine,Tri,0.1954735442996025,53
A0A3E4LQA4,serine,Di,0.3321070820093155,11
A0A3E4LQA4,serine,Mono,0.30396725982427597,18
A0A3E4LQA4,serine,Tri,0.3185006231069565,15
A0A3E4LQA4,serotonin,Di,0.24451641738414764,32
A0A3E4LQA4,serotonin,Mono,0.21845737844705582,43
A0A3E4LQA4,serotonin,Tri,0.275217704474926,27
A0A3E4LQA4,threonine,Di,0.3796907812356949,1
A0A3E4LQA4,threonine,Mono,0.34711953997612,4
A0A3E4LQA4,threonine,Tri,0.33738505840301514,7
A0A3E4LQA4,tryptamine,Di,0.23198076337575912,37
A0A3E4LQA4,tryptamine,Mono,0.19090401381254196,57
A0A3E4LQA4,tryptamine,Tri,0.22495035827159882,40
A0A3E4LQA4,tyramine,Di,0.24596776068210602,30
A0A3E4LQA4,tyramine,Mono,0.24501454830169678,31
A0A3E4LQA4,tyramine,Tri,0.24887903034687042,29
A0A3N2MZX6,"2,3_diaminopropionic acid",Di,0.3720387816429138,9
A0A3N2MZX6,"2,3_diaminopropionic acid",Mono,0.320198655128479,21
A0A3N2MZX6,"2,3_diaminopropionic acid",Tri,0.31531472504138947,23
A0A3N2MZX6,2_aminophenol,Di,0.3850598782300949,6
A0A3N2MZX6,2_aminophenol,Mono,0.3288991153240204,18
A0A3N2MZX6,2_aminophenol,Tri,0.3071376234292984,25
A0A3N2MZX6,3_methoxytyramine,Di,0.0543237067759037,74
A0A3N2MZX6,3_methoxytyramine,Mono,0.1163615882396698,72
A0A3N2MZX6,3_methoxytyramine,Tri,0.04150253348052502,75
A0A3N2MZX6,alanine,Di,0.2313433736562729,54
A0A3N2MZX6,alanine,Mono,0.27112606912851334,32
A0A3N2MZX6,alanine,Tri,0.20808231085538864,64
A0A3N2MZX6,arginine,Di,0.2439478486776352,48
A0A3N2MZX6,arginine,Mono,0.2733702063560486,30
A0A3N2MZX6,arginine,Tri,0.25044994056224823,44
A0A3N2MZX6,asparagine,Di,0.29928654432296753,27
A0A3N2MZX6,asparagine,Mono,0.3269364759325981,19
A0A3N2MZX6,asparagine,Tri,0.27045340836048126,34
A0A3N2MZX6,cadaverine,Di,0.24345604330301285,49
A0A3N2MZX6,cadaverine,Mono,0.2482190877199173,45
A0A3N2MZX6,cadaverine,Tri,0.22619986534118652,57
A0A3N2MZX6,citrulline,Di,0.3452986031770706,15
A0A3N2MZX6,citrulline,Mono,0.3901517391204834,4
A0A3N2MZX6,citrulline,Tri,0.33605703711509705,17
A0A3N2MZX6,cystine,Di,0.20078139007091522,68
A0A3N2MZX6,cystine,Mono,0.27073872089385986,33
A0A3N2MZX6,cystine,Tri,0.18733865022659302,69
A0A3N2MZX6,dopamine,Di,0.21084031462669373,62
A0A3N2MZX6,dopamine,Mono,0.2334446832537651,53
A0A3N2MZX6,dopamine,Tri,0.17390848696231842,70
A0A3N2MZX6,gaba,Di,0.21346170455217361,61
A0A3N2MZX6,gaba,Mono,0.22877074778079987,56
A0A3N2MZX6,gaba,Tri,0.20366530865430832,67
A0A3N2MZX6,glutamine,Di,0.3963031619787216,2
A0A3N2MZX6,glutamine,Mono,0.35936830937862396,12
A0A3N2MZX6,glutamine,Tri,0.3166242092847824,22
A0A3N2MZX6,glyglycine,Di,0.13775213062763214,71
A0A3N2MZX6,glyglycine,Mono,0.20816577225923538,63
A0A3N2MZX6,glyglycine,Tri,0.08476844429969788,73
A0A3N2MZX6,histidine,Di,0.3504135310649872,14
A0A3N2MZX6,histidine,Mono,0.37516066431999207,7
A0A3N2MZX6,histidine,Tri,0.3417002856731415,16
A0A3N2MZX6,lysine,Di,0.26127298176288605,39
A0A3N2MZX6,lysine,Mono,0.23745666444301605,51
A0A3N2MZX6,lysine,Tri,0.2473679780960083,46
A0A3N2MZX6,methionine,Di,0.21740760654211044,58
A0A3N2MZX6,methionine,Mono,0.25302328169345856,42
A0A3N2MZX6,methionine,Tri,0.23085248470306396,55
A0A3N2MZX6,ornithine,Di,0.2589484825730324,41
A0A3N2MZX6,ornithine,Mono,0.24471066892147064,47
A0A3N2MZX6,ornithine,Tri,0.2636101692914963,35
A0A3N2MZX6,phenylalanine,Di,0.3579128384590149,13
A0A3N2MZX6,phenylalanine,Mono,0.3626989722251892,11
A0A3N2MZX6,phenylalanine,Tri,0.3043384999036789,26
A0A3N2MZX6,proline,Di,0.26335395872592926,36
A0A3N2MZX6,proline,Mono,0.3950056731700897,3
A0A3N2MZX6,proline,Tri,0.2335243746638298,52
A0A3N2MZX6,putrescine,Di,0.2629416584968567,38
A0A3N2MZX6,putrescine,Mono,0.2883984446525574,28
A0A3N2MZX6,putrescine,Tri,0.20729190111160278,66
A0A3N2MZX6,serine,Di,0.37455692887306213,8
A0A3N2MZX6,serine,Mono,0.3673465847969055,10
A0A3N2MZX6,serine,Tri,0.3210327923297882,20
A0A3N2MZX6,serotonin,Di,0.2839537709951401,29
A0A3N2MZX6,serotonin,Mono,0.2590787261724472,40
A0A3N2MZX6,serotonin,Tri,0.2716011703014374,31
A0A3N2MZX6,threonine,Di,0.4025382697582245,1
A0A3N2MZX6,threonine,Mono,0.38557855784893036,5
A0A3N2MZX6,threonine,Tri,0.3149636834859848,24
A0A3N2MZX6,tryptamine,Di,0.2411622852087021,50
A0A3N2MZX6,tryptamine,Mono,0.21611687541007996,59
A0A3N2MZX6,tryptamine,Tri,0.21380426734685898,60
A0A3N2MZX6,tyramine,Di,0.2631895989179611,37
A0A3N2MZX6,tyramine,Mono,0.25122226029634476,43
A0A3N2MZX6,tyramine,Tri,0.20765573531389236,65
A0A3Q0NGD6,"2,3_diaminopropionic acid",Di,0.3517712354660034,9
A0A3Q0NGD6,"2,3_diaminopropionic acid",Mono,0.2676087021827698,35
A0A3Q0NGD6,"2,3_diaminopropionic acid",Tri,0.3498232513666153,10
A0A3Q0NGD6,2_aminophenol,Di,0.37220971286296844,5
A0A3Q0NGD6,2_aminophenol,Mono,0.29088957607746124,29
A0A3Q0NGD6,2_aminophenol,Tri,0.3171489089727402,20
A0A3Q0NGD6,3_methoxytyramine,Di,0.11514288559556007,72
A0A3Q0NGD6,3_methoxytyramine,Mono,0.13076023757457733,71
A0A3Q0NGD6,3_methoxytyramine,Tri,0.0943654328584671,75
A0A3Q0NGD6,alanine,Di,0.15526990965008736,69
A0A3Q0NGD6,alanine,Mono,0.2128572016954422,58
A0A3Q0NGD6,alanine,Tri,0.17356352508068085,66
A0A3Q0NGD6,arginine,Di,0.1935475543141365,63
A0A3Q0NGD6,arginine,Mono,0.22048073261976242,53
A0A3Q0NGD6,arginine,Tri,0.22753439098596573,49
A0A3Q0NGD6,asparagine,Di,0.29738402366638184,25
A0A3Q0NGD6,asparagine,Mono,0.287049300968647,31
A0A3Q0NGD6,asparagine,Tri,0.2930906265974045,28
A0A3Q0NGD6,cadaverine,Di,0.22450094670057297,50
A0A3Q0NGD6,cadaverine,Mono,0.2034570500254631,62
A0A3Q0NGD6,cadaverine,Tri,0.22294645756483078,51
A0A3Q0NGD6,citrulline,Di,0.33134329319000244,16
A0A3Q0NGD6,citrulline,Mono,0.3411698639392853,14
A0A3Q0NGD6,citrulline,Tri,0.32435348629951477,18
A0A3Q0NGD6,cystine,Di,0.17637810111045837,64
A0A3Q0NGD6,cystine,Mono,0.24420803040266037,44
A0A3Q0NGD6,cystine,Tri,0.20951412618160248,59
A0A3Q0NGD6,dopamine,Di,0.25035640597343445,43
A0A3Q0NGD6,dopamine,Mono,0.26009099185466766,37
A0A3Q0NGD6,dopamine,Tri,0.258070170879364,40
A0A3Q0NGD6,gaba,Di,0.20609259605407715,60
A0A3Q0NGD6,gaba,Mono,0.2157011330127716,56
A0A3Q0NGD6,gaba,Tri,0.21799667179584503,55
A0A3Q0NGD6,glutamine,Di,0.3726438730955124,4
A0A3Q0NGD6,glutamine,Mono,0.29756199568510056,24
A0A3Q0NGD6,glutamine,Tri,0.30829159915447235,22
A0A3Q0NGD6,glyglycine,Di,0.10075811669230461,74
A0A3Q0NGD6,glyglycine,Mono,0.163978211581707,68
A0A3Q0NGD6,glyglycine,Tri,0.11106721684336662,73
A0A3Q0NGD6,histidine,Di,0.30636467039585114,23
A0A3Q0NGD6,histidine,Mono,0.3308376595377922,17
A0A3Q0NGD6,histidine,Tri,0.34482811391353607,11
A0A3Q0NGD6,lysine,Di,0.2363814413547516,46
A0A3Q0NGD6,lysine,Mono,0.22038250416517258,54
A0A3Q0NGD6,lysine,Tri,0.2404349446296692,45
A0A3Q0NGD6,methionine,Di,0.14304518699645996,70
A0A3Q0NGD6,methionine,Mono,0.17375118285417557,65
A0A3Q0NGD6,methionine,Tri,0.16683945059776306,67
A0A3Q0NGD6,ornithine,Di,0.23162202537059784,47
A0A3Q0NGD6,ornithine,Mono,0.2143818885087967,57
A0A3Q0NGD6,ornithine,Tri,0.27718016505241394,33
A0A3Q0NGD6,phenylalanine,Di,0.3760659396648407,3
A0A3Q0NGD6,phenylalanine,Mono,0.3527029752731323,8
A0A3Q0NGD6,phenylalanine,Tri,0.342313215136528,13
A0A3Q0NGD6,proline,Di,0.25321151316165924,42
A0A3Q0NGD6,proline,Mono,0.3426554352045059,12
A0A3Q0NGD6,proline,Tri,0.2046097368001938,61
A0A3Q0NGD6,putrescine,Di,0.2615594118833542,36
A0A3Q0NGD6,putrescine,Mono,0.2582041472196579,39
A0A3Q0NGD6,putrescine,Tri,0.2209182009100914,52
A0A3Q0NGD6,serine,Di,0.35589469969272614,7
A0A3Q0NGD6,serine,Mono,0.3202352523803711,19
A0A3Q0NGD6,serine,Tri,0.33886370062828064,15
A0A3Q0NGD6,serotonin,Di,0.2932956963777542,27
A0A3Q0NGD6,serotonin,Mono,0.25912249088287354,38
A0A3Q0NGD6,serotonin,Tri,0.3128519803285599,21
A0A3Q0NGD6,threonine,Di,0.42312978208065033,1
A0A3Q0NGD6,threonine,Mono,0.3846462666988373,2
A0A3Q0NGD6,threonine,Tri,0.3631320893764496,6
A0A3Q0NGD6,tryptamine,Di,0.26776015758514404,34
A0A3Q0NGD6,tryptamine,Mono,0.22897101193666458,48
A0A3Q0NGD6,tryptamine,Tri,0.2578597962856293,41
A0A3Q0NGD6,tyramine,Di,0.29528267681598663,26
A0A3Q0NGD6,tyramine,Mono,0.28225210309028625,32
A0A3Q0NGD6,tyramine,Tri,0.2877466380596161,30
A0A3R6IUG4,"2,3_diaminopropionic acid",Di,0.33344264328479767,11
A0A3R6IUG4,"2,3_diaminopropionic acid",Mono,0.2474328577518463,34
A0A3R6IUG4,"2,3_diaminopropionic acid",Tri,0.33472681045532227,9
A0A3R6IUG4,2_aminophenol,Di,0.3600015193223953,3
A0A3R6IUG4,2_aminophenol,Mono,0.27727439254522324,27
A0A3R6IUG4,2_aminophenol,Tri,0.3052371144294739,19
A0A3R6IUG4,3_methoxytyramine,Di,0.11286268942058086,72
A0A3R6IUG4,3_methoxytyramine,Mono,0.11682572215795517,71
A0A3R6IUG4,3_methoxytyramine,Tri,0.09167473763227463,74
A0A3R6IUG4,alanine,Di,0.1377486027777195,69
A0A3R6IUG4,alanine,Mono,0.1945900171995163,56
A0A3R6IUG4,alanine,Tri,0.1663266271352768,64
A0A3R6IUG4,arginine,Di,0.16919542849063873,63
A0A3R6IUG4,arginine,Mono,0.19334329664707184,58
A0A3R6IUG4,arginine,Tri,0.208814337849617,48
A0A3R6IUG4,asparagine,Di,0.2858526110649109,24
A0A3R6IUG4,asparagine,Mono,0.2690773457288742,28
A0A3R6IUG4,asparagine,Tri,0.2798756957054138,25
A0A3R6IUG4,cadaverine,Di,0.2024446427822113,50
A0A3R6IUG4,cadaverine,Mono,0.1797192022204399,62
A0A3R6IUG4,cadaverine,Tri,0.20523905009031296,49
A0A3R6IUG4,citrulline,Di,0.31441354751586914,17
A0A3R6IUG4,citrulline,Mono,0.3262849673628807,14
A0A3R6IUG4,citrulline,Tri,0.30968278646469116,18
A0A3R6IUG4,cystine,Di,0.15776221454143524,65
A0A3R6IUG4,cystine,Mono,0.21813896298408508,45
A0A3R6IUG4,cystine,Tri,0.19286371022462845,59
A0A3R6IUG4,dopamine,Di,0.22786864638328552,43
A0A3R6IUG4,dopamine,Mono,0.23377274721860886,40
A0A3R6IUG4,dopamine,Tri,0.23935668170452118,36
A0A3R6IUG4,gaba,Di,0.18373364210128784,61
A0A3R6IUG4,gaba,Mono,0.1894783228635788,60
A0A3R6IUG4,gaba,Tri,0.1996418759226799,53
A0A3R6IUG4,glutamine,Di,0.35607190430164337,6
A0A3R6IUG4,glutamine,Mono,0.27827491611242294,26
A0A3R6IUG4,glutamine,Tri,0.29554949700832367,22
A0A3R6IUG4,glyglycine,Di,0.07789318822324276,75
A0A3R6IUG4,glyglycine,Mono,0.1382724940776825,68
A0A3R6IUG4,glyglycine,Tri,0.09230313822627068,73
A0A3R6IUG4,histidine,Di,0.296294629573822,21
A0A3R6IUG4,histidine,Mono,0.3158757910132408,16
A0A3R6IUG4,histidine,Tri,0.33476683497428894,8
A0A3R6IUG4,lysine,Di,0.21647381037473679,46
A0A3R6IUG4,lysine,Mono,0.1965021714568138,54
A0A3R6IUG4,lysine,Tri,0.22057299315929413,44
A0A3R6IUG4,methionine,Di,0.1247124895453453,70
A0A3R6IUG4,methionine,Mono,0.1552252657711506,67
A0A3R6IUG4,methionine,Tri,0.1572106033563614,66
A0A3R6IUG4,ornithine,Di,0.2107602208852768,47
A0A3R6IUG4,ornithine,Mono,0.19452639669179916,57
A0A3R6IUG4,ornithine,Tri,0.25753845274448395,33
A0A3R6IUG4,phenylalanine,Di,0.35733044147491455,4
A0A3R6IUG4,phenylalanine,Mono,0.3343205749988556,10
A0A3R6IUG4,phenylalanine,Tri,0.3271772563457489,12
A0A3R6IUG4,proline,Di,0.23492112755775452,39
A0A3R6IUG4,proline,Mono,0.32067638635635376,15
A0A3R6IUG4,proline,Tri,0.19488610327243805,55
A0A3R6IUG4,putrescine,Di,0.23883289098739624,37
A0A3R6IUG4,putrescine,Mono,0.2315855324268341,41
A0A3R6IUG4,putrescine,Tri,0.20146095007658005,51
A0A3R6IUG4,serine,Di,0.3442118614912033,7
A0A3R6IUG4,serine,Mono,0.3031884580850601,20
A0A3R6IUG4,serine,Tri,0.3263239711523056,13
A0A3R6IUG4,serotonin,Di,0.26088032126426697,31
A0A3R6IUG4,serotonin,Mono,0.2306051403284073,42
A0A3R6IUG4,serotonin,Tri,0.28796902298927307,23
A0A3R6IUG4,threonine,Di,0.40700842440128326,1
A0A3R6IUG4,threonine,Mono,0.3625503182411194,2
A0A3R6IUG4,threonine,Tri,0.3562241941690445,5
A0A3R6IUG4,tryptamine,Di,0.23958531022071838,35
A0A3R6IUG4,tryptamine,Mono,0.20052705705165863,52
A0A3R6IUG4,tryptamine,Tri,0.23683007061481476,38
A0A3R6IUG4,tyramine,Di,0.26719094067811966,29
A0A3R6IUG4,tyramine,Mono,0.25847043842077255,32
A0A3R6IUG4,tyramine,Tri,0.26497940719127655,30
A0A412TTM9,"2,3_diaminopropionic acid",Di,0.33015772700309753,13
A0A412TTM9,"2,3_diaminopropionic acid",Mono,0.25420142710208893,29
A0A412TTM9,"2,3_diaminopropionic acid",Tri,0.3167067915201187,19
A0A412TTM9,2_aminophenol,Di,0.3587310314178467,7
A0A412TTM9,2_aminophenol,Mono,0.28854651749134064,25
A0A412TTM9,2_aminophenol,Tri,0.29613645374774933,22
A0A412TTM9,3_methoxytyramine,Di,0.05679888837039471,74
A0A412TTM9,3_methoxytyramine,Mono,0.06953737139701843,72
A0A412TTM9,3_methoxytyramine,Tri,0.04569784551858902,75
A0A412TTM9,alanine,Di,0.1526157148182392,67
A0A412TTM9,alanine,Mono,0.20604215562343597,43
A0A412TTM9,alanine,Tri,0.16521042585372925,66
A0A412TTM9,arginine,Di,0.1945786029100418,51
A0A412TTM9,arginine,Mono,0.20358677580952644,44
A0A412TTM9,arginine,Tri,0.21938768029212952,36
A0A412TTM9,asparagine,Di,0.28721296787261963,26
A0A412TTM9,asparagine,Mono,0.2953500971198082,23
A0A412TTM9,asparagine,Tri,0.2694254368543625,27
A0A412TTM9,cadaverine,Di,0.19543342292308807,50
A0A412TTM9,cadaverine,Mono,0.17674315720796585,58
A0A412TTM9,cadaverine,Tri,0.20225264877080917,45
A0A412TTM9,citrulline,Di,0.3224434554576874,15
A0A412TTM9,citrulline,Mono,0.3406003266572952,10
A0A412TTM9,citrulline,Tri,0.31414367258548737,20
A0A412TTM9,cystine,Di,0.13874902576208115,68
A0A412TTM9,cystine,Mono,0.2088308185338974,40
A0A412TTM9,cystine,Tri,0.17313335835933685,61
A0A412TTM9,dopamine,Di,0.19053083658218384,54
A0A412TTM9,dopamine,Mono,0.19896375387907028,47
A0A412TTM9,dopamine,Tri,0.18710239231586456,56
A0A412TTM9,gaba,Di,0.175574392080307,59
A0A412TTM9,gaba,Mono,0.17172078043222427,63
A0A412TTM9,gaba,Tri,0.19185608625411987,53
A0A412TTM9,glutamine,Di,0.3672409802675247,4
A0A412TTM9,glutamine,Mono,0.31036267429590225,21
A0A412TTM9,glutamine,Tri,0.29414473474025726,24
A0A412TTM9,glyglycine,Di,0.08259060606360435,71
A0A412TTM9,glyglycine,Mono,0.12362797558307648,70
A0A412TTM9,glyglycine,Tri,0.06326349452137947,73
A0A412TTM9,histidine,Di,0.3216816186904907,16
A0A412TTM9,histidine,Mono,0.3552708476781845,8
A0A412TTM9,histidine,Tri,0.33594897389411926,11
A0A412TTM9,lysine,Di,0.20045053958892822,46
A0A412TTM9,lysine,Mono,0.17264677584171295,62
A0A412TTM9,lysine,Tri,0.21209707111120224,39
A0A412TTM9,methionine,Di,0.13845933228731155,69
A0A412TTM9,methionine,Mono,0.18227314949035645,57
A0A412TTM9,methionine,Tri,0.16921062022447586,65
A0A412TTM9,ornithine,Di,0.19688554108142853,49
A0A412TTM9,ornithine,Mono,0.1707725152373314,64
A0A412TTM9,ornithine,Tri,0.24543635547161102,30
A0A412TTM9,phenylalanine,Di,0.37228137254714966,2
A0A412TTM9,phenylalanine,Mono,0.35999804735183716,6
A0A412TTM9,phenylalanine,Tri,0.32163065671920776,17
A0A412TTM9,proline,Di,0.22255712747573853,35
A0A412TTM9,proline,Mono,0.32966022193431854,14
A0A412TTM9,proline,Tri,0.1878938525915146,55
A0A412TTM9,putrescine,Di,0.22701773047447205,33
A0A412TTM9,putrescine,Mono,0.22397378087043762,34
A0A412TTM9,putrescine,Tri,0.19343461096286774,52
A0A412TTM9,serine,Di,0.36205656826496124,5
A0A412TTM9,serine,Mono,0.3319849669933319,12
A0A412TTM9,serine,Tri,0.31801848113536835,18
A0A412TTM9,serotonin,Di,0.23584774136543274,31
A0A412TTM9,serotonin,Mono,0.206519216299057,42
A0A412TTM9,serotonin,Tri,0.2585439682006836,28
A0A412TTM9,threonine,Di,0.4152231514453888,1
A0A412TTM9,threonine,Mono,0.36952774226665497,3
A0A412TTM9,threonine,Tri,0.34275898337364197,9
A0A412TTM9,tryptamine,Di,0.2072291597723961,41
A0A412TTM9,tryptamine,Mono,0.1745690181851387,60
A0A412TTM9,tryptamine,Tri,0.19856449961662292,48
A0A412TTM9,tyramine,Di,0.23400673270225525,32
A0A412TTM9,tyramine,Mono,0.2157234400510788,38
A0A412TTM9,tyramine,Tri,0.21897125244140625,37
A0A413RDG7,"2,3_diaminopropionic acid",Di,0.3420518636703491,9
A0A413RDG7,"2,3_diaminopropionic acid",Mono,0.26341263949871063,33
A0A413RDG7,"2,3_diaminopropionic acid",Tri,0.337396964430809,12
A0A413RDG7,2_aminophenol,Di,0.36430908739566803,4
A0A413RDG7,2_aminophenol,Mono,0.2866490036249161,26
A0A413RDG7,2_aminophenol,Tri,0.3087644875049591,20
A0A413RDG7,3_methoxytyramine,Di,0.12921805679798126,72
A0A413RDG7,3_methoxytyramine,Mono,0.1306512989103794,71
A0A413RDG7,3_methoxytyramine,Tri,0.1022150032222271,73
A0A413RDG7,alanine,Di,0.15453260391950607,69
A0A413RDG7,alanine,Mono,0.20910470187664032,55
A0A413RDG7,alanine,Tri,0.17883560061454773,64
A0A413RDG7,arginine,Di,0.1799868568778038,63
A0A413RDG7,arginine,Mono,0.21185946092009544,52
A0A413RDG7,arginine,Tri,0.2129732146859169,50
A0A413RDG7,asparagine,Di,0.2883496806025505,24
A0A413RDG7,asparagine,Mono,0.27653250098228455,31
A0A413RDG7,asparagine,Tri,0.28441667556762695,27
A0A413RDG7,cadaverine,Di,0.21041077375411987,53
A0A413RDG7,cadaverine,Mono,0.1982375755906105,58
A0A413RDG7,cadaverine,Tri,0.2041229009628296,56
A0A413RDG7,citrulline,Di,0.31788988411426544,17
A0A413RDG7,citrulline,Mono,0.3393268883228302,10
A0A413RDG7,citrulline,Tri,0.3095059096813202,19
A0A413RDG7,cystine,Di,0.1630382016301155,66
A0A413RDG7,cystine,Mono,0.2319759503006935,44
A0A413RDG7,cystine,Tri,0.19200736284255981,61
A0A413RDG7,dopamine,Di,0.24150002002716064,41
A0A413RDG7,dopamine,Mono,0.25461067259311676,36
A0A413RDG7,dopamine,Tri,0.24185407161712646,40
A0A413RDG7,gaba,Di,0.18935634940862656,62
A0A413RDG7,gaba,Mono,0.21022796630859375,54
A0A413RDG7,gaba,Tri,0.1932745948433876,60
A0A413RDG7,glutamine,Di,0.3615761995315552,5
A0A413RDG7,glutamine,Mono,0.2870684936642647,25
A0A413RDG7,glutamine,Tri,0.30117587745189667,22
A0A413RDG7,glyglycine,Di,0.09960034117102623,74
A0A413RDG7,glyglycine,Mono,0.1607820987701416,67
A0A413RDG7,glyglycine,Tri,0.09908829256892204,75
A0A413RDG7,histidine,Di,0.3026749789714813,21
A0A413RDG7,histidine,Mono,0.3222489282488823,16
A0A413RDG7,histidine,Tri,0.33769336342811584,11
A0A413RDG7,lysine,Di,0.2311950922012329,45
A0A413RDG7,lysine,Mono,0.21995849162340164,49
A0A413RDG7,lysine,Tri,0.22309108078479767,47
A0A413RDG7,methionine,Di,0.1363118290901184,70
A0A413RDG7,methionine,Mono,0.16617080569267273,65
A0A413RDG7,methionine,Tri,0.1594112068414688,68
A0A413RDG7,ornithine,Di,0.22112362831830978,48
A0A413RDG7,ornithine,Mono,0.21233252435922623,51
A0A413RDG7,ornithine,Tri,0.2545653209090233,37
A0A413RDG7,phenylalanine,Di,0.3668495863676071,3
A0A413RDG7,phenylalanine,Mono,0.3439645916223526,8
A0A413RDG7,phenylalanine,Tri,0.3327283561229706,14
A0A413RDG7,proline,Di,0.24137605726718903,43
A0A413RDG7,proline,Mono,0.33738255500793457,13
A0A413RDG7,proline,Tri,0.20302796363830566,57
A0A413RDG7,putrescine,Di,0.2414071187376976,42
A0A413RDG7,putrescine,Mono,0.25020137429237366,38
A0A413RDG7,putrescine,Tri,0.19747434556484222,59
A0A413RDG7,serine,Di,0.3463122546672821,7
A0A413RDG7,serine,Mono,0.3153318017721176,18
A0A413RDG7,serine,Tri,0.32768698036670685,15
A0A413RDG7,serotonin,Di,0.2804325520992279,28
A0A413RDG7,serotonin,Mono,0.25540073215961456,35
A0A413RDG7,serotonin,Tri,0.2958184778690338,23
A0A413RDG7,threonine,Di,0.4045780450105667,1
A0A413RDG7,threonine,Mono,0.36882777512073517,2
A0A413RDG7,threonine,Tri,0.34863923490047455,6
A0A413RDG7,tryptamine,Di,0.25936973094940186,34
A0A413RDG7,tryptamine,Mono,0.2245132476091385,46
A0A413RDG7,tryptamine,Tri,0.24393461644649506,39
A0A413RDG7,tyramine,Di,0.27770014107227325,29
A0A413RDG7,tyramine,Mono,0.27762262523174286,30
A0A413RDG7,tyramine,Tri,0.26852985471487045,32
A0A414M9L3,"2,3_diaminopropionic acid",Di,0.3496909588575363,15
A0A414M9L3,"2,3_diaminopropionic acid",Mono,0.321480393409729,21
A0A414M9L3,"2,3_diaminopropionic acid",Tri,0.3102642148733139,25
A0A414M9L3,2_aminophenol,Di,0.35908007621765137,13
A0A414M9L3,2_aminophenol,Mono,0.3334137946367264,19
A0A414M9L3,2_aminophenol,Tri,0.2913982570171356,28
A0A414M9L3,3_methoxytyramine,Di,0.009428828954696655,75
A0A414M9L3,3_methoxytyramine,Mono,0.07261589914560318,73
A0A414M9L3,3_methoxytyramine,Tri,0.02589530125260353,74
A0A414M9L3,alanine,Di,0.22174648195505142,50
A0A414M9L3,alanine,Mono,0.2922903746366501,27
A0A414M9L3,alanine,Tri,0.2169875204563141,55
A0A414M9L3,arginine,Di,0.25454476475715637,35
A0A414M9L3,arginine,Mono,0.2688057944178581,32
A0A414M9L3,arginine,Tri,0.25727517902851105,34
A0A414M9L3,asparagine,Di,0.3039498031139374,26
A0A414M9L3,asparagine,Mono,0.3624197542667389,12
A0A414M9L3,asparagine,Tri,0.2774205505847931,30
A0A414M9L3,cadaverine,Di,0.23101971298456192,45
A0A414M9L3,cadaverine,Mono,0.24942471086978912,39
A0A414M9L3,cadaverine,Tri,0.23958101868629456,43
A0A414M9L3,citrulline,Di,0.33852994441986084,17
A0A414M9L3,citrulline,Mono,0.40273502469062805,4
A0A414M9L3,citrulline,Tri,0.33403728902339935,18
A0A414M9L3,cystine,Di,0.16157189011573792,69
A0A414M9L3,cystine,Mono,0.25391609221696854,36
A0A414M9L3,cystine,Tri,0.18790927529335022,65
A0A414M9L3,dopamine,Di,0.17379970848560333,68
A0A414M9L3,dopamine,Mono,0.19587001204490662,60
A0A414M9L3,dopamine,Tri,0.14722638577222824,70
A0A414M9L3,gaba,Di,0.19083384424448013,64
A0A414M9L3,gaba,Mono,0.22131264209747314,51
A0A414M9L3,gaba,Tri,0.21073391288518906,57
A0A414M9L3,glutamine,Di,0.39172400534152985,7
A0A414M9L3,glutamine,Mono,0.3824455887079239,9
A0A414M9L3,glutamine,Tri,0.3135385364294052,24
A0A414M9L3,glyglycine,Di,0.14223408699035645,71
A0A414M9L3,glyglycine,Mono,0.20401965826749802,59
A0A414M9L3,glyglycine,Tri,0.08325860649347305,72
A0A414M9L3,histidine,Di,0.35709118843078613,14
A0A414M9L3,histidine,Mono,0.40779587626457214,1
A0A414M9L3,histidine,Tri,0.34132176637649536,16
A0A414M9L3,lysine,Di,0.22974827885627747,46
A0A414M9L3,lysine,Mono,0.21997331827878952,52
A0A414M9L3,lysine,Tri,0.2359289824962616,44
A0A414M9L3,methionine,Di,0.19404761493206024,61
A0A414M9L3,methionine,Mono,0.2713506296277046,31
A0A414M9L3,methionine,Tri,0.22277947515249252,49
A0A414M9L3,ornithine,Di,0.22447216510772705,48
A0A414M9L3,ornithine,Mono,0.21818899363279343,54
A0A414M9L3,ornithine,Tri,0.25101879984140396,38
A0A414M9L3,phenylalanine,Di,0.3735871762037277,10
A0A414M9L3,phenylalanine,Mono,0.4042533189058304,3
A0A414M9L3,phenylalanine,Tri,0.31642739474773407,23
A0A414M9L3,proline,Di,0.25806745886802673,33
A0A414M9L3,proline,Mono,0.3936896324157715,6
A0A414M9L3,proline,Tri,0.24070733040571213,42
A0A414M9L3,putrescine,Di,0.24755586683750153,40
A0A414M9L3,putrescine,Mono,0.2826063632965088,29
A0A414M9L3,putrescine,Tri,0.21390800923109055,56
A0A414M9L3,serine,Di,0.37104541063308716,11
A0A414M9L3,serine,Mono,0.38291341066360474,8
A0A414M9L3,serine,Tri,0.32180894911289215,20
A0A414M9L3,serotonin,Di,0.245925635099411,41
A0A414M9L3,serotonin,Mono,0.21943391859531403,53
A0A414M9L3,serotonin,Tri,0.25200245529413223,37
A0A414M9L3,threonine,Di,0.40534737706184387,2
A0A414M9L3,threonine,Mono,0.400545209646225,5
A0A414M9L3,threonine,Tri,0.3212243467569351,22
A0A414M9L3,tryptamine,Di,0.19310130178928375,62
A0A414M9L3,tryptamine,Mono,0.17573737353086472,67
A0A414M9L3,tryptamine,Tri,0.1819436475634575,66
A0A414M9L3,tyramine,Di,0.22922886162996292,47
A0A414M9L3,tyramine,Mono,0.20914537459611893,58
A0A414M9L3,tyramine,Tri,0.19278643280267715,63
A0A414Q275,"2,3_diaminopropionic acid",Di,0.3287845849990845,17
A0A414Q275,"2,3_diaminopropionic acid",Mono,0.2498079538345337,32
A0A414Q275,"2,3_diaminopropionic acid",Tri,0.3285347819328308,18
A0A414Q275,2_aminophenol,Di,0.375973716378212,6
A0A414Q275,2_aminophenol,Mono,0.29016415774822235,27
A0A414Q275,2_aminophenol,Tri,0.32118816673755646,19
A0A414Q275,3_methoxytyramine,Di,0.11521796882152557,71
A0A414Q275,3_methoxytyramine,Mono,0.09639431536197662,73
A0A414Q275,3_methoxytyramine,Tri,0.09331139922142029,74
A0A414Q275,alanine,Di,0.14883458986878395,68
A0A414Q275,alanine,Mono,0.19960875809192657,52
A0A414Q275,alanine,Tri,0.16324257850646973,66
A0A414Q275,arginine,Di,0.16804954409599304,65
A0A414Q275,arginine,Mono,0.1823807843029499,57
A0A414Q275,arginine,Tri,0.19700708985328674,54
A0A414Q275,asparagine,Di,0.3196343928575516,22
A0A414Q275,asparagine,Mono,0.3079095706343651,26
A0A414Q275,asparagine,Tri,0.3105025887489319,24
A0A414Q275,cadaverine,Di,0.199416846036911,53
A0A414Q275,cadaverine,Mono,0.1748962551355362,61
A0A414Q275,cadaverine,Tri,0.2164473533630371,42
A0A414Q275,citrulline,Di,0.32097122073173523,20
A0A414Q275,citrulline,Mono,0.3404383957386017,15
A0A414Q275,citrulline,Tri,0.3102358281612396,25
A0A414Q275,cystine,Di,0.15533478558063507,67
A0A414Q275,cystine,Mono,0.21163155138492584,45
A0A414Q275,cystine,Tri,0.19052433967590332,55
A0A414Q275,dopamine,Di,0.21289019286632538,43
A0A414Q275,dopamine,Mono,0.21236545592546463,44
A0A414Q275,dopamine,Tri,0.22406819462776184,37
A0A414Q275,gaba,Di,0.1759304255247116,60
A0A414Q275,gaba,Mono,0.1684785932302475,64
A0A414Q275,gaba,Tri,0.2102520763874054,47
A0A414Q275,glutamine,Di,0.3810880184173584,4
A0A414Q275,glutamine,Mono,0.3200279176235199,21
A0A414Q275,glutamine,Tri,0.3129546046257019,23
A0A414Q275,glyglycine,Di,0.10252957791090012,72
A0A414Q275,glyglycine,Mono,0.13348206132650375,70
A0A414Q275,glyglycine,Tri,0.0923798456788063,75
A0A414Q275,histidine,Di,0.3418237268924713,13
A0A414Q275,histidine,Mono,0.36340750753879547,10
A0A414Q275,histidine,Tri,0.3717617839574814,7
A0A414Q275,lysine,Di,0.21019868552684784,48
A0A414Q275,lysine,Mono,0.17804715037345886,59
A0A414Q275,lysine,Tri,0.22602461278438568,35
A0A414Q275,methionine,Di,0.13368162140250206,69
A0A414Q275,methionine,Mono,0.18352553248405457,56
A0A414Q275,methionine,Tri,0.1727602332830429,63
A0A414Q275,ornithine,Di,0.20590834319591522,50
A0A414Q275,ornithine,Mono,0.174412302672863,62
A0A414Q275,ornithine,Tri,0.25705189257860184,29
A0A414Q275,phenylalanine,Di,0.4042874276638031,2
A0A414Q275,phenylalanine,Mono,0.37773996591567993,5
A0A414Q275,phenylalanine,Tri,0.3659602701663971,9
A0A414Q275,proline,Di,0.2309545949101448,34
A0A414Q275,proline,Mono,0.33627085387706757,16
A0A414Q275,proline,Tri,0.20412231981754303,51
A0A414Q275,putrescine,Di,0.223843052983284,38
A0A414Q275,putrescine,Mono,0.21790491789579391,40
A0A414Q275,putrescine,Tri,0.20921413600444794,49
A0A414Q275,serine,Di,0.38276830315589905,3
A0A414Q275,serine,Mono,0.3415275365114212,14
A0A414Q275,serine,Tri,0.35504576563835144,12
A0A414Q275,serotonin,Di,0.2419438734650612,33
A0A414Q275,serotonin,Mono,0.2115669697523117,46
A0A414Q275,serotonin,Tri,0.2726159691810608,28
A0A414Q275,threonine,Di,0.4099743515253067,1
A0A414Q275,threonine,Mono,0.36626267433166504,8
A0A414Q275,threonine,Tri,0.3591981679201126,11
A0A414Q275,tryptamine,Di,0.21760185062885284,41
A0A414Q275,tryptamine,Mono,0.17982793599367142,58
A0A414Q275,tryptamine,Tri,0.21911155432462692,39
A0A414Q275,tyramine,Di,0.25356313586235046,31
A0A414Q275,tyramine,Mono,0.22545958310365677,36
A0A414Q275,tyramine,Tri,0.2541932314634323,30
A0A416W0A8,"2,3_diaminopropionic acid",Di,0.3393261283636093,8
A0A416W0A8,"2,3_diaminopropionic acid",Mono,0.2517956644296646,35
A0A416W0A8,"2,3_diaminopropionic acid",Tri,0.3387029767036438,11
A0A416W0A8,2_aminophenol,Di,0.368507519364357,3
A0A416W0A8,2_aminophenol,Mono,0.28155945986509323,27
A0A416W0A8,2_aminophenol,Tri,0.31170137226581573,19
A0A416W0A8,3_methoxytyramine,Di,0.1254332959651947,72
A0A416W0A8,3_methoxytyramine,Mono,0.1304272525012493,71
A0A416W0A8,3_methoxytyramine,Tri,0.09977012872695923,74
A0A416W0A8,alanine,Di,0.14964600652456284,68
A0A416W0A8,alanine,Mono,0.20210058242082596,56
A0A416W0A8,alanine,Tri,0.17361631244421005,63
A0A416W0A8,arginine,Di,0.17195147275924683,64
A0A416W0A8,arginine,Mono,0.19820458441972733,59
A0A416W0A8,arginine,Tri,0.20892947912216187,50
A0A416W0A8,asparagine,Di,0.2928867042064667,24
A0A416W0A8,asparagine,Mono,0.2722977325320244,31
A0A416W0A8,asparagine,Tri,0.2853822112083435,25
A0A416W0A8,cadaverine,Di,0.21156847476959229,49
A0A416W0A8,cadaverine,Mono,0.1869499534368515,62
A0A416W0A8,cadaverine,Tri,0.20771074295043945,51
A0A416W0A8,citrulline,Di,0.3205973505973816,16
A0A416W0A8,citrulline,Mono,0.329529345035553,14
A0A416W0A8,citrulline,Tri,0.31585825979709625,18
A0A416W0A8,cystine,Di,0.16535430401563644,65
A0A416W0A8,cystine,Mono,0.2283187061548233,44
A0A416W0A8,cystine,Tri,0.19821330904960632,58
A0A416W0A8,dopamine,Di,0.23793767392635345,42
A0A416W0A8,dopamine,Mono,0.24777905642986298,36
A0A416W0A8,dopamine,Tri,0.24774645268917084,37
A0A416W0A8,gaba,Di,0.1937624141573906,61
A0A416W0A8,gaba,Mono,0.19990652054548264,57
A0A416W0A8,gaba,Tri,0.2056727409362793,53
A0A416W0A8,glutamine,Di,0.3610418438911438,5
A0A416W0A8,glutamine,Mono,0.2821412682533264,26
A0A416W0A8,glutamine,Tri,0.300393745303154,21
A0A416W0A8,glyglycine,Di,0.08810621872544289,75
A0A416W0A8,glyglycine,Mono,0.14629199355840683,69
A0A416W0A8,glyglycine,Tri,0.104151651263237,73
A0A416W0A8,histidine,Di,0.2982020378112793,22
A0A416W0A8,histidine,Mono,0.3184538632631302,17
A0A416W0A8,histidine,Tri,0.3390440344810486,9
A0A416W0A8,lysine,Di,0.22247964143753052,46
A0A416W0A8,lysine,Mono,0.20580699294805527,52
A0A416W0A8,lysine,Tri,0.2242399901151657,45
A0A416W0A8,methionine,Di,0.13405117020010948,70
A0A416W0A8,methionine,Mono,0.16226401925086975,66
A0A416W0A8,methionine,Tri,0.1609339490532875,67
A0A416W0A8,ornithine,Di,0.21912039816379547,47
A0A416W0A8,ornithine,Mono,0.20327387005090714,55
A0A416W0A8,ornithine,Tri,0.26394693553447723,33
A0A416W0A8,phenylalanine,Di,0.3663109093904495,4
A0A416W0A8,phenylalanine,Mono,0.3390282168984413,10
A0A416W0A8,phenylalanine,Tri,0.33318495750427246,12
A0A416W0A8,proline,Di,0.2374078780412674,43
A0A416W0A8,proline,Mono,0.32201001048088074,15
A0A416W0A8,proline,Tri,0.19485166668891907,60
A0A416W0A8,putrescine,Di,0.24631589651107788,38
A0A416W0A8,putrescine,Mono,0.23841796815395355,41
A0A416W0A8,putrescine,Tri,0.20504878461360931,54
A0A416W0A8,serine,Di,0.35141392052173615,7
A0A416W0A8,serine,Mono,0.3097006678581238,20
A0A416W0A8,serine,Tri,0.33125562965869904,13
A0A416W0A8,serotonin,Di,0.27459201216697693,29
A0A416W0A8,serotonin,Mono,0.24449649453163147,40
A0A416W0A8,serotonin,Tri,0.29727183282375336,23
A0A416W0A8,threonine,Di,0.41366419196128845,1
A0A416W0A8,threonine,Mono,0.3699827641248703,2
A0A416W0A8,threonine,Tri,0.358403280377388,6
A0A416W0A8,tryptamine,Di,0.25812260806560516,34
A0A416W0A8,tryptamine,Mono,0.21787942945957184,48
A0A416W0A8,tryptamine,Tri,0.24532024562358856,39
A0A416W0A8,tyramine,Di,0.2773567661643028,28
A0A416W0A8,tyramine,Mono,0.2703074514865875,32
A0A416W0A8,tyramine,Tri,0.27324995398521423,30
A0A416W4H5,"2,3_diaminopropionic acid",Di,0.3042404353618622,32
A0A416W4H5,"2,3_diaminopropionic acid",Mono,0.3148975670337677,27
A0A416W4H5,"2,3_diaminopropionic acid",Tri,0.32336945831775665,25
A0A416W4H5,2_aminophenol,Di,0.3773609846830368,16
A0A416W4H5,2_aminophenol,Mono,0.3848615437746048,14
A0A416W4H5,2_aminophenol,Tri,0.3663787841796875,20
A0A416W4H5,3_methoxytyramine,Di,-0.02518710307776928,75
A0A416W4H5,3_methoxytyramine,Mono,0.05667925626039505,73
A0A416W4H5,3_methoxytyramine,Tri,0.009191732853651047,74
A0A416W4H5,alanine,Di,0.20599974691867828,55
A0A416W4H5,alanine,Mono,0.32004064321517944,26
A0A416W4H5,alanine,Tri,0.22873184829950333,50
A0A416W4H5,arginine,Di,0.2320338636636734,47
A0A416W4H5,arginine,Mono,0.25949010252952576,42
A0A416W4H5,arginine,Tri,0.3066120743751526,30
A0A416W4H5,asparagine,Di,0.3471154123544693,22
A0A416W4H5,asparagine,Mono,0.43414729833602905,5
A0A416W4H5,asparagine,Tri,0.35442912578582764,21
A0A416W4H5,cadaverine,Di,0.23736201226711273,46
A0A416W4H5,cadaverine,Mono,0.26883842051029205,37
A0A416W4H5,cadaverine,Tri,0.28736960887908936,34
A0A416W4H5,citrulline,Di,0.30252663791179657,33
A0A416W4H5,citrulline,Mono,0.397474929690361,12
A0A416W4H5,citrulline,Tri,0.3265896439552307,23
A0A416W4H5,cystine,Di,0.16208774596452713,61
A0A416W4H5,cystine,Mono,0.2615552544593811,39
A0A416W4H5,cystine,Tri,0.21211226284503937,54
A0A416W4H5,dopamine,Di,0.09882837906479836,69
A0A416W4H5,dopamine,Mono,0.14446115493774414,63
A0A416W4H5,dopamine,Tri,0.10686958581209183,68
A0A416W4H5,gaba,Di,0.19060847163200378,57
A0A416W4H5,gaba,Mono,0.23960066586732864,45
A0A416W4H5,gaba,Tri,0.25276774913072586,43
A0A416W4H5,glutamine,Di,0.4074579328298569,6
A0A416W4H5,glutamine,Mono,0.4508124142885208,4
A0A416W4H5,glutamine,Tri,0.38199323415756226,15
A0A416W4H5,glyglycine,Di,0.08265776094049215,71
A0A416W4H5,glyglycine,Mono,0.1645907312631607,59
A0A416W4H5,glyglycine,Tri,0.05861220136284828,72
A0A416W4H5,histidine,Di,0.4047897905111313,7
A0A416W4H5,histidine,Mono,0.4771054834127426,1
A0A416W4H5,histidine,Tri,0.4028709828853607,8
A0A416W4H5,lysine,Di,0.23182479292154312,48
A0A416W4H5,lysine,Mono,0.22435539960861206,52
A0A416W4H5,lysine,Tri,0.28648266196250916,35
A0A416W4H5,methionine,Di,0.19978371262550354,56
A0A416W4H5,methionine,Mono,0.3237961083650589,24
A0A416W4H5,methionine,Tri,0.26829224824905396,38
A0A416W4H5,ornithine,Di,0.22634152323007584,51
A0A416W4H5,ornithine,Mono,0.2603946775197983,41
A0A416W4H5,ornithine,Tri,0.30791160464286804,29
A0A416W4H5,phenylalanine,Di,0.4001215547323227,10
A0A416W4H5,phenylalanine,Mono,0.46864932775497437,2
A0A416W4H5,phenylalanine,Tri,0.3725702315568924,18
A0A416W4H5,proline,Di,0.21621829271316528,53
A0A416W4H5,proline,Mono,0.39828792214393616,11
A0A416W4H5,proline,Tri,0.2736593186855316,36
A0A416W4H5,putrescine,Di,0.2447998970746994,44
A0A416W4H5,putrescine,Mono,0.3044371157884598,31
A0A416W4H5,putrescine,Tri,0.260489359498024,40
A0A416W4H5,serine,Di,0.39408253133296967,13
A0A416W4H5,serine,Mono,0.46391692757606506,3
A0A416W4H5,serine,Tri,0.3763730973005295,17
A0A416W4H5,serotonin,Di,0.16335388273000717,60
A0A416W4H5,serotonin,Mono,0.14386091381311417,64
A0A416W4H5,serotonin,Tri,0.2305266261100769,49
A0A416W4H5,threonine,Di,0.36870238184928894,19
A0A416W4H5,threonine,Mono,0.4019145220518112,9
A0A416W4H5,threonine,Tri,0.3143111318349838,28
A0A416W4H5,tryptamine,Di,0.11884554475545883,67
A0A416W4H5,tryptamine,Mono,0.09067505598068237,70
A0A416W4H5,tryptamine,Tri,0.1366034671664238,65
A0A416W4H5,tyramine,Di,0.13527658209204674,66
A0A416W4H5,tyramine,Mono,0.16773997247219086,58
A0A416W4H5,tyramine,Tri,0.15508617460727692,62
A0A5C2BYC4,"2,3_diaminopropionic acid",Di,0.31340402364730835,18
A0A5C2BYC4,"2,3_diaminopropionic acid",Mono,0.2591238468885422,28
A0A5C2BYC4,"2,3_diaminopropionic acid",Tri,0.3107674568891525,19
A0A5C2BYC4,2_aminophenol,Di,0.3551175892353058,8
A0A5C2BYC4,2_aminophenol,Mono,0.2991190254688263,23
A0A5C2BYC4,2_aminophenol,Tri,0.30392739176750183,21
A0A5C2BYC4,3_methoxytyramine,Di,0.04947500303387642,73
A0A5C2BYC4,3_methoxytyramine,Mono,0.06436104606837034,72
A0A5C2BYC4,3_methoxytyramine,Tri,0.03148343414068222,75
A0A5C2BYC4,alanine,Di,0.1312066651880741,68
A0A5C2BYC4,alanine,Mono,0.2038983255624771,43
A0A5C2BYC4,alanine,Tri,0.1332210712134838,67
A0A5C2BYC4,arginine,Di,0.1770779862999916,58
A0A5C2BYC4,arginine,Mono,0.21194137632846832,38
A0A5C2BYC4,arginine,Tri,0.21212999522686005,37
A0A5C2BYC4,asparagine,Di,0.2819841057062149,25
A0A5C2BYC4,asparagine,Mono,0.29837528616189957,24
A0A5C2BYC4,asparagine,Tri,0.273384191095829,27
A0A5C2BYC4,cadaverine,Di,0.1913730353116989,47
A0A5C2BYC4,cadaverine,Mono,0.18907248973846436,50
A0A5C2BYC4,cadaverine,Tri,0.1932968944311142,45
A0A5C2BYC4,citrulline,Di,0.31929393112659454,17
A0A5C2BYC4,citrulline,Mono,0.3371989130973816,10
A0A5C2BYC4,citrulline,Tri,0.29931671917438507,22
A0A5C2BYC4,cystine,Di,0.14516519010066986,65
A0A5C2BYC4,cystine,Mono,0.2237735390663147,32
A0A5C2BYC4,cystine,Tri,0.18238919228315353,54
A0A5C2BYC4,dopamine,Di,0.1633712351322174,63
A0A5C2BYC4,dopamine,Mono,0.18931153416633606,49
A0A5C2BYC4,dopamine,Tri,0.1733335629105568,59
A0A5C2BYC4,gaba,Di,0.17092515528202057,61
A0A5C2BYC4,gaba,Mono,0.18210098892450333,55
A0A5C2BYC4,gaba,Tri,0.1793728768825531,56
A0A5C2BYC4,glutamine,Di,0.35756802558898926,5
A0A5C2BYC4,glutamine,Mono,0.3261300027370453,14
A0A5C2BYC4,glutamine,Tri,0.2819472849369049,26
A0A5C2BYC4,glyglycine,Di,0.06692052818834782,71
A0A5C2BYC4,glyglycine,Mono,0.12058811262249947,69
A0A5C2BYC4,glyglycine,Tri,0.04047991707921028,74
A0A5C2BYC4,histidine,Di,0.30730025470256805,20
A0A5C2BYC4,histidine,Mono,0.3558650314807892,6
A0A5C2BYC4,histidine,Tri,0.3291616588830948,13
A0A5C2BYC4,lysine,Di,0.20861346274614334,40
A0A5C2BYC4,lysine,Mono,0.1922186240553856,46
A0A5C2BYC4,lysine,Tri,0.22191695123910904,33
A0A5C2BYC4,methionine,Di,0.119572963565588,70
A0A5C2BYC4,methionine,Mono,0.17856235802173615,57
A0A5C2BYC4,methionine,Tri,0.13563620671629906,66
A0A5C2BYC4,ornithine,Di,0.20688387006521225,42
A0A5C2BYC4,ornithine,Mono,0.190342977643013,48
A0A5C2BYC4,ornithine,Tri,0.2554744780063629,29
A0A5C2BYC4,phenylalanine,Di,0.36235344409942627,4
A0A5C2BYC4,phenylalanine,Mono,0.3635115772485733,3
A0A5C2BYC4,phenylalanine,Tri,0.32316258549690247,15
A0A5C2BYC4,proline,Di,0.203548826277256,44
A0A5C2BYC4,proline,Mono,0.3358336389064789,12
A0A5C2BYC4,proline,Tri,0.16603300720453262,62
A0A5C2BYC4,putrescine,Di,0.21922535449266434,34
A0A5C2BYC4,putrescine,Mono,0.2377704456448555,31
A0A5C2BYC4,putrescine,Tri,0.18802113085985184,51
A0A5C2BYC4,serine,Di,0.34493692219257355,9
A0A5C2BYC4,serine,Mono,0.35578618943691254,7
A0A5C2BYC4,serine,Tri,0.3198627680540085,16
A0A5C2BYC4,serotonin,Di,0.206989087164402,41
A0A5C2BYC4,serotonin,Mono,0.1849319413304329,52
A0A5C2BYC4,serotonin,Tri,0.24420218914747238,30
A0A5C2BYC4,threonine,Di,0.4065988212823868,1
A0A5C2BYC4,threonine,Mono,0.3779176324605942,2
A0A5C2BYC4,threonine,Tri,0.33651992678642273,11
A0A5C2BYC4,tryptamine,Di,0.17214931547641754,60
A0A5C2BYC4,tryptamine,Mono,0.14600810408592224,64
A0A5C2BYC4,tryptamine,Tri,0.18356192111968994,53
A0A5C2BYC4,tyramine,Di,0.21083052456378937,39
A0A5C2BYC4,tyramine,Mono,0.2131311297416687,36
A0A5C2BYC4,tyramine,Tri,0.21796386688947678,35
A0A5C2C0X5,"2,3_diaminopropionic acid",Di,0.40106192231178284,11
A0A5C2C0X5,"2,3_diaminopropionic acid",Mono,0.3249124437570572,28
A0A5C2C0X5,"2,3_diaminopropionic acid",Tri,0.36744385957717896,20
A0A5C2C0X5,2_aminophenol,Di,0.43403173983097076,3
A0A5C2C0X5,2_aminophenol,Mono,0.3518221974372864,23
A0A5C2C0X5,2_aminophenol,Tri,0.35874617099761963,22
A0A5C2C0X5,3_methoxytyramine,Di,0.14625024795532227,73
A0A5C2C0X5,3_methoxytyramine,Mono,0.15493729710578918,72
A0A5C2C0X5,3_methoxytyramine,Tri,0.11256205663084984,75
A0A5C2C0X5,alanine,Di,0.23610538244247437,61
A0A5C2C0X5,alanine,Mono,0.27114440500736237,42
A0A5C2C0X5,alanine,Tri,0.2199183776974678,67
A0A5C2C0X5,arginine,Di,0.22426289319992065,66
A0A5C2C0X5,arginine,Mono,0.2500719726085663,51
A0A5C2C0X5,arginine,Tri,0.23757416009902954,58
A0A5C2C0X5,asparagine,Di,0.3482424169778824,25
A0A5C2C0X5,asparagine,Mono,0.34833621978759766,24
A0A5C2C0X5,asparagine,Tri,0.3359259217977524,27
A0A5C2C0X5,cadaverine,Di,0.2656034082174301,44
A0A5C2C0X5,cadaverine,Mono,0.25176677107810974,49
A0A5C2C0X5,cadaverine,Tri,0.24485009908676147,54
A0A5C2C0X5,citrulline,Di,0.38878919184207916,15
A0A5C2C0X5,citrulline,Mono,0.4112718254327774,8
A0A5C2C0X5,citrulline,Tri,0.36128944158554077,21
A0A5C2C0X5,cystine,Di,0.21871210634708405,68
A0A5C2C0X5,cystine,Mono,0.27707259356975555,37
A0A5C2C0X5,cystine,Tri,0.2305578589439392,62
A0A5C2C0X5,dopamine,Di,0.25297126173973083,48
A0A5C2C0X5,dopamine,Mono,0.2635597065091133,46
A0A5C2C0X5,dopamine,Tri,0.2434629648923874,56
A0A5C2C0X5,gaba,Di,0.228982612490654,64
A0A5C2C0X5,gaba,Mono,0.2295895367860794,63
A0A5C2C0X5,gaba,Tri,0.23700779676437378,60
A0A5C2C0X5,glutamine,Di,0.4214814305305481,5
A0A5C2C0X5,glutamine,Mono,0.37779711186885834,19
A0A5C2C0X5,glutamine,Tri,0.3394807130098343,26
A0A5C2C0X5,glyglycine,Di,0.18145368248224258,71
A0A5C2C0X5,glyglycine,Mono,0.2161080166697502,69
A0A5C2C0X5,glyglycine,Tri,0.14012707024812698,74
A0A5C2C0X5,histidine,Di,0.37809816002845764,18
A0A5C2C0X5,histidine,Mono,0.40199440717697144,10
A0A5C2C0X5,histidine,Tri,0.39588020741939545,13
A0A5C2C0X5,lysine,Di,0.27670013904571533,40
A0A5C2C0X5,lysine,Mono,0.25617416948080063,47
A0A5C2C0X5,lysine,Tri,0.27687135338783264,39
A0A5C2C0X5,methionine,Di,0.21562305837869644,70
A0A5C2C0X5,methionine,Mono,0.2501041516661644,50
A0A5C2C0X5,methionine,Tri,0.22869844734668732,65
A0A5C2C0X5,ornithine,Di,0.27587826550006866,41
A0A5C2C0X5,ornithine,Mono,0.24767330288887024,53
A0A5C2C0X5,ornithine,Tri,0.2966478019952774,31
A0A5C2C0X5,phenylalanine,Di,0.4344734400510788,2
A0A5C2C0X5,phenylalanine,Mono,0.41536353528499603,7
A0A5C2C0X5,phenylalanine,Tri,0.3861369788646698,16
A0A5C2C0X5,proline,Di,0.2820858657360077,35
A0A5C2C0X5,proline,Mono,0.40311165153980255,9
A0A5C2C0X5,proline,Tri,0.24443979561328888,55
A0A5C2C0X5,putrescine,Di,0.28485870361328125,34
A0A5C2C0X5,putrescine,Mono,0.2920570373535156,33
A0A5C2C0X5,putrescine,Tri,0.2402612715959549,57
A0A5C2C0X5,serine,Di,0.4204917401075363,6
A0A5C2C0X5,serine,Mono,0.3988509625196457,12
A0A5C2C0X5,serine,Tri,0.3852507919073105,17
A0A5C2C0X5,serotonin,Di,0.2965639531612396,32
A0A5C2C0X5,serotonin,Mono,0.26624438166618347,43
A0A5C2C0X5,serotonin,Tri,0.30085599422454834,30
A0A5C2C0X5,threonine,Di,0.46585847437381744,1
A0A5C2C0X5,threonine,Mono,0.4328692853450775,4
A0A5C2C0X5,threonine,Tri,0.39491909742355347,14
A0A5C2C0X5,tryptamine,Di,0.2647174298763275,45
A0A5C2C0X5,tryptamine,Mono,0.23703312873840332,59
A0A5C2C0X5,tryptamine,Tri,0.24983876198530197,52
A0A5C2C0X5,tyramine,Di,0.30295756459236145,29
A0A5C2C0X5,tyramine,Mono,0.277214378118515,36
A0A5C2C0X5,tyramine,Tri,0.2770666778087616,38
A0A5C2C1U8,"2,3_diaminopropionic acid",Di,0.38675564527511597,20
A0A5C2C1U8,"2,3_diaminopropionic acid",Mono,0.3859468102455139,21
A0A5C2C1U8,"2,3_diaminopropionic acid",Tri,0.37241964042186737,26
A0A5C2C1U8,2_aminophenol,Di,0.4379104822874069,11
A0A5C2C1U8,2_aminophenol,Mono,0.4154660105705261,15
A0A5C2C1U8,2_aminophenol,Tri,0.3896566778421402,19
A0A5C2C1U8,3_methoxytyramine,Di,0.11338243260979652,74
A0A5C2C1U8,3_methoxytyramine,Mono,0.18027976155281067,72
A0A5C2C1U8,3_methoxytyramine,Tri,0.09835810214281082,75
A0A5C2C1U8,alanine,Di,0.24253305047750473,64
A0A5C2C1U8,alanine,Mono,0.34837497770786285,31
A0A5C2C1U8,alanine,Tri,0.24150730669498444,65
A0A5C2C1U8,arginine,Di,0.25816042721271515,59
A0A5C2C1U8,arginine,Mono,0.33060528337955475,33
A0A5C2C1U8,arginine,Tri,0.28973013162612915,50
A0A5C2C1U8,asparagine,Di,0.37838228046894073,23
A0A5C2C1U8,asparagine,Mono,0.43216410279273987,12
A0A5C2C1U8,asparagine,Tri,0.37404146790504456,25
A0A5C2C1U8,cadaverine,Di,0.291725292801857,47
A0A5C2C1U8,cadaverine,Mono,0.33083729445934296,32
A0A5C2C1U8,cadaverine,Tri,0.2860942780971527,51
A0A5C2C1U8,citrulline,Di,0.3705851882696152,27
A0A5C2C1U8,citrulline,Mono,0.4520416557788849,8
A0A5C2C1U8,citrulline,Tri,0.3585404008626938,29
A0A5C2C1U8,cystine,Di,0.22860953211784363,68
A0A5C2C1U8,cystine,Mono,0.35359857976436615,30
A0A5C2C1U8,cystine,Tri,0.2574979066848755,60
A0A5C2C1U8,dopamine,Di,0.24709174036979675,63
A0A5C2C1U8,dopamine,Mono,0.3014300614595413,45
A0A5C2C1U8,dopamine,Tri,0.22500266879796982,69
A0A5C2C1U8,gaba,Di,0.2590378373861313,58
A0A5C2C1U8,gaba,Mono,0.32208599150180817,37
A0A5C2C1U8,gaba,Tri,0.2652835175395012,57
A0A5C2C1U8,glutamine,Di,0.443976566195488,9
A0A5C2C1U8,glutamine,Mono,0.45751863718032837,6
A0A5C2C1U8,glutamine,Tri,0.3786761313676834,22
A0A5C2C1U8,glyglycine,Di,0.18393751978874207,71
A0A5C2C1U8,glyglycine,Mono,0.27162301540374756,54
A0A5C2C1U8,glyglycine,Tri,0.1344839222729206,73
A0A5C2C1U8,histidine,Di,0.3995233029127121,18
A0A5C2C1U8,histidine,Mono,0.4749221205711365,4
A0A5C2C1U8,histidine,Tri,0.41798771917819977,14
A0A5C2C1U8,lysine,Di,0.3066199719905853,42
A0A5C2C1U8,lysine,Mono,0.32423488795757294,36
A0A5C2C1U8,lysine,Tri,0.31469491124153137,40
A0A5C2C1U8,methionine,Di,0.22273945063352585,70
A0A5C2C1U8,methionine,Mono,0.3262379467487335,35
A0A5C2C1U8,methionine,Tri,0.24077355861663818,66
A0A5C2C1U8,ornithine,Di,0.2903803884983063,49
A0A5C2C1U8,ornithine,Mono,0.31975966691970825,39
A0A5C2C1U8,ornithine,Tri,0.3288416266441345,34
A0A5C2C1U8,phenylalanine,Di,0.4579744040966034,5
A0A5C2C1U8,phenylalanine,Mono,0.4890309274196625,1
A0A5C2C1U8,phenylalanine,Tri,0.4068553149700165,17
A0A5C2C1U8,proline,Di,0.28221380710601807,52
A0A5C2C1U8,proline,Mono,0.456241250038147,7
A0A5C2C1U8,proline,Tri,0.2699924185872078,56
A0A5C2C1U8,putrescine,Di,0.30449178814888,44
A0A5C2C1U8,putrescine,Mono,0.36843232810497284,28
A0A5C2C1U8,putrescine,Tri,0.2719687223434448,53
A0A5C2C1U8,serine,Di,0.42808471620082855,13
A0A5C2C1U8,serine,Mono,0.4852454513311386,2
A0A5C2C1U8,serine,Tri,0.4114145189523697,16
A0A5C2C1U8,serotonin,Di,0.3058452606201172,43
A0A5C2C1U8,serotonin,Mono,0.29959408938884735,46
A0A5C2C1U8,serotonin,Tri,0.3121837079524994,41
A0A5C2C1U8,threonine,Di,0.43996351957321167,10
A0A5C2C1U8,threonine,Mono,0.4759404957294464,3
A0A5C2C1U8,threonine,Tri,0.3777640461921692,24
A0A5C2C1U8,tryptamine,Di,0.2528582438826561,62
A0A5C2C1U8,tryptamine,Mono,0.2537165507674217,61
A0A5C2C1U8,tryptamine,Tri,0.23165077716112137,67
A0A5C2C1U8,tyramine,Di,0.29131531715393066,48
A0A5C2C1U8,tyramine,Mono,0.32105374336242676,38
A0A5C2C1U8,tyramine,Tri,0.27105996012687683,55
A0A6B3M9R4,"2,3_diaminopropionic acid",Di,0.37413863837718964,19
A0A6B3M9R4,"2,3_diaminopropionic acid",Mono,0.419844850897789,11
A0A6B3M9R4,"2,3_diaminopropionic acid",Tri,0.3306650370359421,35
A0A6B3M9R4,2_aminophenol,Di,0.412037655711174,14
A0A6B3M9R4,2_aminophenol,Mono,0.43929605185985565,9
A0A6B3M9R4,2_aminophenol,Tri,0.34215645492076874,30
A0A6B3M9R4,3_methoxytyramine,Di,0.05689626932144165,75
A0A6B3M9R4,3_methoxytyramine,Mono,0.13571857661008835,72
A0A6B3M9R4,3_methoxytyramine,Tri,0.061123037710785866,74
A0A6B3M9R4,alanine,Di,0.2798794060945511,44
A0A6B3M9R4,alanine,Mono,0.39040540158748627,17
A0A6B3M9R4,alanine,Tri,0.25924432277679443,52
A0A6B3M9R4,arginine,Di,0.2867033928632736,43
A0A6B3M9R4,arginine,Mono,0.36056122183799744,24
A0A6B3M9R4,arginine,Tri,0.3202383816242218,38
A0A6B3M9R4,asparagine,Di,0.3537617623806,27
A0A6B3M9R4,asparagine,Mono,0.44453194737434387,8
A0A6B3M9R4,asparagine,Tri,0.32756537199020386,36
A0A6B3M9R4,cadaverine,Di,0.27910590171813965,46
A0A6B3M9R4,cadaverine,Mono,0.3680579662322998,21
A0A6B3M9R4,cadaverine,Tri,0.2717404067516327,47
A0A6B3M9R4,citrulline,Di,0.3587190806865692,26
A0A6B3M9R4,citrulline,Mono,0.4848669171333313,4
A0A6B3M9R4,citrulline,Tri,0.3443504571914673,29
A0A6B3M9R4,cystine,Di,0.21967919170856476,64
A0A6B3M9R4,cystine,Mono,0.3483022451400757,28
A0A6B3M9R4,cystine,Tri,0.21971255540847778,63
A0A6B3M9R4,dopamine,Di,0.1872103363275528,69
A0A6B3M9R4,dopamine,Mono,0.2486192137002945,55
A0A6B3M9R4,dopamine,Tri,0.14730455726385117,71
A0A6B3M9R4,gaba,Di,0.2331012487411499,60
A0A6B3M9R4,gaba,Mono,0.3351237177848816,33
A0A6B3M9R4,gaba,Tri,0.23337944597005844,59
A0A6B3M9R4,glutamine,Di,0.42128659784793854,10
A0A6B3M9R4,glutamine,Mono,0.478828564286232,5
A0A6B3M9R4,glutamine,Tri,0.34207770228385925,31
A0A6B3M9R4,glyglycine,Di,0.18891248852014542,67
A0A6B3M9R4,glyglycine,Mono,0.29371853172779083,41
A0A6B3M9R4,glyglycine,Tri,0.09825612977147102,73
A0A6B3M9R4,histidine,Di,0.39943230152130127,16
A0A6B3M9R4,histidine,Mono,0.4890565276145935,3
A0A6B3M9R4,histidine,Tri,0.3727882206439972,20
A0A6B3M9R4,lysine,Di,0.28889183700084686,42
A0A6B3M9R4,lysine,Mono,0.33777087926864624,32
A0A6B3M9R4,lysine,Tri,0.29741546511650085,39
A0A6B3M9R4,methionine,Di,0.2349241077899933,58
A0A6B3M9R4,methionine,Mono,0.3648509979248047,22
A0A6B3M9R4,methionine,Tri,0.24608202278614044,57
A0A6B3M9R4,ornithine,Di,0.27965445816516876,45
A0A6B3M9R4,ornithine,Mono,0.3334665447473526,34
A0A6B3M9R4,ornithine,Tri,0.29723256826400757,40
A0A6B3M9R4,phenylalanine,Di,0.41629767417907715,13
A0A6B3M9R4,phenylalanine,Mono,0.4944000840187073,2
A0A6B3M9R4,phenylalanine,Tri,0.35958731174468994,25
A0A6B3M9R4,proline,Di,0.24720412492752075,56
A0A6B3M9R4,proline,Mono,0.46350087225437164,7
A0A6B3M9R4,proline,Tri,0.2678937613964081,48
A0A6B3M9R4,putrescine,Di,0.26694057881832123,49
A0A6B3M9R4,putrescine,Mono,0.3846578299999237,18
A0A6B3M9R4,putrescine,Tri,0.2322666198015213,61
A0A6B3M9R4,serine,Di,0.4042912423610687,15
A0A6B3M9R4,serine,Mono,0.5049071758985519,1
A0A6B3M9R4,serine,Tri,0.3613324761390686,23
A0A6B3M9R4,serotonin,Di,0.25665974617004395,53
A0A6B3M9R4,serotonin,Mono,0.26589666306972504,50
A0A6B3M9R4,serotonin,Tri,0.2527551054954529,54
A0A6B3M9R4,threonine,Di,0.4180504083633423,12
A0A6B3M9R4,threonine,Mono,0.466988742351532,6
A0A6B3M9R4,threonine,Tri,0.32268282771110535,37
A0A6B3M9R4,tryptamine,Di,0.19840766489505768,66
A0A6B3M9R4,tryptamine,Mono,0.21712136268615723,65
A0A6B3M9R4,tryptamine,Tri,0.17239419370889664,70
A0A6B3M9R4,tyramine,Di,0.2215540036559105,62
A0A6B3M9R4,tyramine,Mono,0.2627292275428772,51
A0A6B3M9R4,tyramine,Tri,0.18779610097408295,68
A0A6B3MYR8,"2,3_diaminopropionic acid",Di,0.30588042736053467,23
A0A6B3MYR8,"2,3_diaminopropionic acid",Mono,0.29532182216644287,26
A0A6B3MYR8,"2,3_diaminopropionic acid",Tri,0.30564412474632263,24
A0A6B3MYR8,2_aminophenol,Di,0.348588302731514,15
A0A6B3MYR8,2_aminophenol,Mono,0.318478524684906,21
A0A6B3MYR8,2_aminophenol,Tri,0.30120548605918884,25
A0A6B3MYR8,3_methoxytyramine,Di,0.14152316004037857,72
A0A6B3MYR8,3_methoxytyramine,Mono,0.10081415250897408,74
A0A6B3MYR8,3_methoxytyramine,Tri,0.1010289192199707,73
A0A6B3MYR8,alanine,Di,0.18739302456378937,57
A0A6B3MYR8,alanine,Mono,0.27149245887994766,27
A0A6B3MYR8,alanine,Tri,0.19845575839281082,51
A0A6B3MYR8,arginine,Di,0.20156095921993256,49
A0A6B3MYR8,arginine,Mono,0.23755241930484772,34
A0A6B3MYR8,arginine,Tri,0.22270873934030533,41
A0A6B3MYR8,asparagine,Di,0.3326164036989212,19
A0A6B3MYR8,asparagine,Mono,0.3650365099310875,11
A0A6B3MYR8,asparagine,Tri,0.3387798070907593,18
A0A6B3MYR8,cadaverine,Di,0.2142288088798523,44
A0A6B3MYR8,cadaverine,Mono,0.24169842898845673,33
A0A6B3MYR8,cadaverine,Tri,0.22104595601558685,42
A0A6B3MYR8,citrulline,Di,0.2699913904070854,28
A0A6B3MYR8,citrulline,Mono,0.3635292053222656,12
A0A6B3MYR8,citrulline,Tri,0.2614610493183136,30
A0A6B3MYR8,cystine,Di,0.15279235690832138,68
A0A6B3MYR8,cystine,Mono,0.24254777282476425,32
A0A6B3MYR8,cystine,Tri,0.18116476386785507,61
A0A6B3MYR8,dopamine,Di,0.16938339173793793,64
A0A6B3MYR8,dopamine,Mono,0.19419223070144653,54
A0A6B3MYR8,dopamine,Tri,0.1585688441991806,66
A0A6B3MYR8,gaba,Di,0.1848575919866562,59
A0A6B3MYR8,gaba,Mono,0.22764712572097778,37
A0A6B3MYR8,gaba,Tri,0.19274070858955383,55
A0A6B3MYR8,glutamine,Di,0.36719846725463867,9
A0A6B3MYR8,glutamine,Mono,0.37045033276081085,8
A0A6B3MYR8,glutamine,Tri,0.3235204219818115,20
A0A6B3MYR8,glyglycine,Di,0.15763240307569504,67
A0A6B3MYR8,glyglycine,Mono,0.19775976240634918,52
A0A6B3MYR8,glyglycine,Tri,0.08510805293917656,75
A0A6B3MYR8,histidine,Di,0.36588679254055023,10
A0A6B3MYR8,histidine,Mono,0.40750232338905334,3
A0A6B3MYR8,histidine,Tri,0.35477906465530396,14
A0A6B3MYR8,lysine,Di,0.23440565168857574,36
A0A6B3MYR8,lysine,Mono,0.2275008037686348,38
A0A6B3MYR8,lysine,Tri,0.22446368634700775,39
A0A6B3MYR8,methionine,Di,0.14283113181591034,71
A0A6B3MYR8,methionine,Mono,0.2480214685201645,31
A0A6B3MYR8,methionine,Tri,0.17557665705680847,63
A0A6B3MYR8,ornithine,Di,0.20786552876234055,47
A0A6B3MYR8,ornithine,Mono,0.2156471535563469,43
A0A6B3MYR8,ornithine,Tri,0.2350592017173767,35
A0A6B3MYR8,phenylalanine,Di,0.42964015901088715,2
A0A6B3MYR8,phenylalanine,Mono,0.43531857430934906,1
A0A6B3MYR8,phenylalanine,Tri,0.37685276567935944,5
A0A6B3MYR8,proline,Di,0.2051822766661644,48
A0A6B3MYR8,proline,Mono,0.3707408457994461,7
A0A6B3MYR8,proline,Tri,0.22380121052265167,40
A0A6B3MYR8,putrescine,Di,0.213687501847744,45
A0A6B3MYR8,putrescine,Mono,0.2668406143784523,29
A0A6B3MYR8,putrescine,Tri,0.19718262553215027,53
A0A6B3MYR8,serine,Di,0.37264707684516907,6
A0A6B3MYR8,serine,Mono,0.39756856858730316,4
A0A6B3MYR8,serine,Tri,0.3398677557706833,17
A0A6B3MYR8,serotonin,Di,0.1920137107372284,56
A0A6B3MYR8,serotonin,Mono,0.17859530448913574,62
A0A6B3MYR8,serotonin,Tri,0.20834697782993317,46
A0A6B3MYR8,threonine,Di,0.34670019149780273,16
A0A6B3MYR8,threonine,Mono,0.3617522269487381,13
A0A6B3MYR8,threonine,Tri,0.30732646584510803,22
A0A6B3MYR8,tryptamine,Di,0.16709819436073303,65
A0A6B3MYR8,tryptamine,Mono,0.1496017426252365,70
A0A6B3MYR8,tryptamine,Tri,0.15244273096323013,69
A0A6B3MYR8,tyramine,Di,0.1842026263475418,60
A0A6B3MYR8,tyramine,Mono,0.1985386461019516,50
A0A6B3MYR8,tyramine,Tri,0.18728447705507278,58
A0A6B3PBB6,"2,3_diaminopropionic acid",Di,0.33078357577323914,20
A0A6B3PBB6,"2,3_diaminopropionic acid",Mono,0.31786395609378815,23
A0A6B3PBB6,"2,3_diaminopropionic acid",Tri,0.32313260436058044,21
A0A6B3PBB6,2_aminophenol,Di,0.34360821545124054,16
A0A6B3PBB6,2_aminophenol,Mono,0.33575962483882904,18
A0A6B3PBB6,2_aminophenol,Tri,0.2957262098789215,28
A0A6B3PBB6,3_methoxytyramine,Di,0.05061188526451588,74
A0A6B3PBB6,3_methoxytyramine,Mono,0.056496761739254,73
A0A6B3PBB6,3_methoxytyramine,Tri,0.044631993398070335,75
A0A6B3PBB6,alanine,Di,0.19885116070508957,55
A0A6B3PBB6,alanine,Mono,0.2948634773492813,29
A0A6B3PBB6,alanine,Tri,0.21709111332893372,51
A0A6B3PBB6,arginine,Di,0.24262990802526474,41
A0A6B3PBB6,arginine,Mono,0.2580702528357506,34
A0A6B3PBB6,arginine,Tri,0.2649286240339279,32
A0A6B3PBB6,asparagine,Di,0.31723564863204956,24
A0A6B3PBB6,asparagine,Mono,0.3827563524246216,10
A0A6B3PBB6,asparagine,Tri,0.321963295340538,22
A0A6B3PBB6,cadaverine,Di,0.23158752918243408,46
A0A6B3PBB6,cadaverine,Mono,0.25969238579273224,33
A0A6B3PBB6,cadaverine,Tri,0.2438158243894577,38
A0A6B3PBB6,citrulline,Di,0.30118273198604584,26
A0A6B3PBB6,citrulline,Mono,0.3901260793209076,6
A0A6B3PBB6,citrulline,Tri,0.297590509057045,27
A0A6B3PBB6,cystine,Di,0.15203885734081268,68
A0A6B3PBB6,cystine,Mono,0.2550913989543915,36
A0A6B3PBB6,cystine,Tri,0.1865812912583351,61
A0A6B3PBB6,dopamine,Di,0.16695411503314972,65
A0A6B3PBB6,dopamine,Mono,0.18119675666093826,63
A0A6B3PBB6,dopamine,Tri,0.14731063693761826,70
A0A6B3PBB6,gaba,Di,0.18717259913682938,60
A0A6B3PBB6,gaba,Mono,0.24387141317129135,37
A0A6B3PBB6,gaba,Tri,0.20516446232795715,53
A0A6B3PBB6,glutamine,Di,0.38444387912750244,9
A0A6B3PBB6,glutamine,Mono,0.39706307649612427,5
A0A6B3PBB6,glutamine,Tri,0.33120863139629364,19
A0A6B3PBB6,glyglycine,Di,0.13610054552555084,71
A0A6B3PBB6,glyglycine,Mono,0.19693349301815033,56
A0A6B3PBB6,glyglycine,Tri,0.06990495137870312,72
A0A6B3PBB6,histidine,Di,0.36222997307777405,13
A0A6B3PBB6,histidine,Mono,0.41985587775707245,2
A0A6B3PBB6,histidine,Tri,0.3518102616071701,15
A0A6B3PBB6,lysine,Di,0.24282245337963104,40
A0A6B3PBB6,lysine,Mono,0.23866020143032074,42
A0A6B3PBB6,lysine,Tri,0.24320702254772186,39
A0A6B3PBB6,methionine,Di,0.16431212425231934,66
A0A6B3PBB6,methionine,Mono,0.26797088980674744,31
A0A6B3PBB6,methionine,Tri,0.19643591344356537,57
A0A6B3PBB6,ornithine,Di,0.22665878385305405,48
A0A6B3PBB6,ornithine,Mono,0.23257523775100708,45
A0A6B3PBB6,ornithine,Tri,0.2567107528448105,35
A0A6B3PBB6,phenylalanine,Di,0.39957334101200104,4
A0A6B3PBB6,phenylalanine,Mono,0.43230268359184265,1
A0A6B3PBB6,phenylalanine,Tri,0.3536103665828705,14
A0A6B3PBB6,proline,Di,0.2199854999780655,49
A0A6B3PBB6,proline,Mono,0.39009077847003937,7
A0A6B3PBB6,proline,Tri,0.23777052760124207,43
A0A6B3PBB6,putrescine,Di,0.2364555299282074,44
A0A6B3PBB6,putrescine,Mono,0.29332391917705536,30
A0A6B3PBB6,putrescine,Tri,0.21787100285291672,50
A0A6B3PBB6,serine,Di,0.362878754734993,12
A0A6B3PBB6,serine,Mono,0.4133375585079193,3
A0A6B3PBB6,serine,Tri,0.33709482848644257,17
A0A6B3PBB6,serotonin,Di,0.20753280818462372,52
A0A6B3PBB6,serotonin,Mono,0.18476756662130356,62
A0A6B3PBB6,serotonin,Tri,0.229041688144207,47
A0A6B3PBB6,threonine,Di,0.3724786043167114,11
A0A6B3PBB6,threonine,Mono,0.3886035084724426,8
A0A6B3PBB6,threonine,Tri,0.30646342039108276,25
A0A6B3PBB6,tryptamine,Di,0.1790294498205185,64
A0A6B3PBB6,tryptamine,Mono,0.15178044140338898,69
A0A6B3PBB6,tryptamine,Tri,0.15973445773124695,67
A0A6B3PBB6,tyramine,Di,0.19904382526874542,54
A0A6B3PBB6,tyramine,Mono,0.1963154450058937,58
A0A6B3PBB6,tyramine,Tri,0.1909952387213707,59
A0A6B3PFJ7,"2,3_diaminopropionic acid",Di,0.3555750995874405,19
A0A6B3PFJ7,"2,3_diaminopropionic acid",Mono,0.4093392789363861,9
A0A6B3PFJ7,"2,3_diaminopropionic acid",Tri,0.3446575999259949,25
A0A6B3PFJ7,2_aminophenol,Di,0.3771866708993912,15
A0A6B3PFJ7,2_aminophenol,Mono,0.4159781038761139,8
A0A6B3PFJ7,2_aminophenol,Tri,0.341084823012352,28
A0A6B3PFJ7,3_methoxytyramine,Di,0.13414330035448074,73
A0A6B3PFJ7,3_methoxytyramine,Mono,0.1550721749663353,72
A0A6B3PFJ7,3_methoxytyramine,Tri,0.12489813566207886,74
A0A6B3PFJ7,alanine,Di,0.23644356429576874,55
A0A6B3PFJ7,alanine,Mono,0.35973671078681946,17
A0A6B3PFJ7,alanine,Tri,0.2213307023048401,58
A0A6B3PFJ7,arginine,Di,0.2954741269350052,39
A0A6B3PFJ7,arginine,Mono,0.384458065032959,13
A0A6B3PFJ7,arginine,Tri,0.29713527858257294,37
A0A6B3PFJ7,asparagine,Di,0.3185666650533676,33
A0A6B3PFJ7,asparagine,Mono,0.403073251247406,10
A0A6B3PFJ7,asparagine,Tri,0.32889464497566223,31
A0A6B3PFJ7,cadaverine,Di,0.27389296889305115,44
A0A6B3PFJ7,cadaverine,Mono,0.3654883801937103,16
A0A6B3PFJ7,cadaverine,Tri,0.2559102475643158,50
A0A6B3PFJ7,citrulline,Di,0.31528350710868835,34
A0A6B3PFJ7,citrulline,Mono,0.44335782527923584,5
A0A6B3PFJ7,citrulline,Tri,0.29685741662979126,38
A0A6B3PFJ7,cystine,Di,0.20028352737426758,65
A0A6B3PFJ7,cystine,Mono,0.35104332864284515,23
A0A6B3PFJ7,cystine,Tri,0.2527899593114853,51
A0A6B3PFJ7,dopamine,Di,0.19407697767019272,66
A0A6B3PFJ7,dopamine,Mono,0.260294571518898,49
A0A6B3PFJ7,dopamine,Tri,0.16521887481212616,69
A0A6B3PFJ7,gaba,Di,0.23596692830324173,56
A0A6B3PFJ7,gaba,Mono,0.3542937934398651,20
A0A6B3PFJ7,gaba,Tri,0.2025912180542946,64
A0A6B3PFJ7,glutamine,Di,0.35927996039390564,18
A0A6B3PFJ7,glutamine,Mono,0.4250032305717468,7
A0A6B3PFJ7,glutamine,Tri,0.32256606221199036,32
A0A6B3PFJ7,glyglycine,Di,0.20701190829277039,62
A0A6B3PFJ7,glyglycine,Mono,0.29217448830604553,40
A0A6B3PFJ7,glyglycine,Tri,0.10740344971418381,75
A0A6B3PFJ7,histidine,Di,0.34315747022628784,26
A0A6B3PFJ7,histidine,Mono,0.4338577687740326,6
A0A6B3PFJ7,histidine,Tri,0.3311043232679367,30
A0A6B3PFJ7,lysine,Di,0.29188796877861023,41
A0A6B3PFJ7,lysine,Mono,0.35344381630420685,21
A0A6B3PFJ7,lysine,Tri,0.2680559456348419,47
A0A6B3PFJ7,methionine,Di,0.17452622950077057,67
A0A6B3PFJ7,methionine,Mono,0.2977534607052803,36
A0A6B3PFJ7,methionine,Tri,0.1576264351606369,71
A0A6B3PFJ7,ornithine,Di,0.27376335859298706,45
A0A6B3PFJ7,ornithine,Mono,0.33811014890670776,29
A0A6B3PFJ7,ornithine,Tri,0.2749541401863098,43
A0A6B3PFJ7,phenylalanine,Di,0.4025481045246124,11
A0A6B3PFJ7,phenylalanine,Mono,0.46130111813545227,2
A0A6B3PFJ7,phenylalanine,Tri,0.352135568857193,22
A0A6B3PFJ7,proline,Di,0.2459138035774231,54
A0A6B3PFJ7,proline,Mono,0.45330289006233215,4
A0A6B3PFJ7,proline,Tri,0.2658744603395462,48
A0A6B3PFJ7,putrescine,Di,0.27062471210956573,46
A0A6B3PFJ7,putrescine,Mono,0.39590175449848175,12
A0A6B3PFJ7,putrescine,Tri,0.22004135698080063,59
A0A6B3PFJ7,serine,Di,0.3477420508861542,24
A0A6B3PFJ7,serine,Mono,0.4686543643474579,1
A0A6B3PFJ7,serine,Tri,0.3425571471452713,27
A0A6B3PFJ7,serotonin,Di,0.22436989098787308,57
A0A6B3PFJ7,serotonin,Mono,0.25051792711019516,52
A0A6B3PFJ7,serotonin,Tri,0.24898852407932281,53
A0A6B3PFJ7,threonine,Di,0.3782467693090439,14
A0A6B3PFJ7,threonine,Mono,0.4603733420372009,3
A0A6B3PFJ7,threonine,Tri,0.31412234902381897,35
A0A6B3PFJ7,tryptamine,Di,0.16826994717121124,68
A0A6B3PFJ7,tryptamine,Mono,0.20335562527179718,63
A0A6B3PFJ7,tryptamine,Tri,0.16374997049570084,70
A0A6B3PFJ7,tyramine,Di,0.21640866249799728,60
A0A6B3PFJ7,tyramine,Mono,0.2767406553030014,42
A0A6B3PFJ7,tyramine,Tri,0.20979516208171844,61
A0A6I3NAM9,"2,3_diaminopropionic acid",Di,0.3387908637523651,18
A0A6I3NAM9,"2,3_diaminopropionic acid",Mono,0.27775536477565765,28
A0A6I3NAM9,"2,3_diaminopropionic acid",Tri,0.33921200037002563,17
A0A6I3NAM9,2_aminophenol,Di,0.36111873388290405,11
A0A6I3NAM9,2_aminophenol,Mono,0.3026902452111244,25
A0A6I3NAM9,2_aminophenol,Tri,0.32475797832012177,21
A0A6I3NAM9,3_methoxytyramine,Di,0.06685988418757915,74
A0A6I3NAM9,3_methoxytyramine,Mono,0.09068451076745987,72
A0A6I3NAM9,3_methoxytyramine,Tri,0.05804472789168358,75
A0A6I3NAM9,alanine,Di,0.15574241429567337,68
A0A6I3NAM9,alanine,Mono,0.22814591228961945,41
A0A6I3NAM9,alanine,Tri,0.18096612393856049,63
A0A6I3NAM9,arginine,Di,0.19165822118520737,60
A0A6I3NAM9,arginine,Mono,0.22199296206235886,43
A0A6I3NAM9,arginine,Tri,0.22962462902069092,39
A0A6I3NAM9,asparagine,Di,0.298858642578125,27
A0A6I3NAM9,asparagine,Mono,0.3207675591111183,23
A0A6I3NAM9,asparagine,Tri,0.3024943768978119,26
A0A6I3NAM9,cadaverine,Di,0.20594904571771622,53
A0A6I3NAM9,cadaverine,Mono,0.2011907920241356,56
A0A6I3NAM9,cadaverine,Tri,0.20660603791475296,52
A0A6I3NAM9,citrulline,Di,0.3268118351697922,20
A0A6I3NAM9,citrulline,Mono,0.35750700533390045,12
A0A6I3NAM9,citrulline,Tri,0.310866579413414,24
A0A6I3NAM9,cystine,Di,0.15654001384973526,67
A0A6I3NAM9,cystine,Mono,0.23349535465240479,35
A0A6I3NAM9,cystine,Tri,0.194695882499218,59
A0A6I3NAM9,dopamine,Di,0.18832704424858093,62
A0A6I3NAM9,dopamine,Mono,0.2117278054356575,45
A0A6I3NAM9,dopamine,Tri,0.19502173364162445,58
A0A6I3NAM9,gaba,Di,0.17350435256958008,66
A0A6I3NAM9,gaba,Mono,0.19777760654687881,57
A0A6I3NAM9,gaba,Tri,0.19071684032678604,61
A0A6I3NAM9,glutamine,Di,0.377504825592041,5
A0A6I3NAM9,glutamine,Mono,0.341457761824131,16
A0A6I3NAM9,glutamine,Tri,0.3226633071899414,22
A0A6I3NAM9,glyglycine,Di,0.09548971801996231,71
A0A6I3NAM9,glyglycine,Mono,0.1556262969970703,69
A0A6I3NAM9,glyglycine,Tri,0.08823006227612495,73
A0A6I3NAM9,histidine,Di,0.3341139107942581,19
A0A6I3NAM9,histidine,Mono,0.37005460262298584,6
A0A6I3NAM9,histidine,Tri,0.3651055246591568,7
A0A6I3NAM9,lysine,Di,0.22668878734111786,42
A0A6I3NAM9,lysine,Mono,0.21106760203838348,47
A0A6I3NAM9,lysine,Tri,0.2332565039396286,37
A0A6I3NAM9,methionine,Di,0.1521962806582451,70
A0A6I3NAM9,methionine,Mono,0.20282811671495438,55
A0A6I3NAM9,methionine,Tri,0.1795937642455101,64
A0A6I3NAM9,ornithine,Di,0.2180943638086319,44
A0A6I3NAM9,ornithine,Mono,0.21063825488090515,48
A0A6I3NAM9,ornithine,Tri,0.2567024677991867,30
A0A6I3NAM9,phenylalanine,Di,0.3844626396894455,2
A0A6I3NAM9,phenylalanine,Mono,0.38409487903118134,3
A0A6I3NAM9,phenylalanine,Tri,0.3506145477294922,14
A0A6I3NAM9,proline,Di,0.22872307896614075,40
A0A6I3NAM9,proline,Mono,0.3614477813243866,10
A0A6I3NAM9,proline,Tri,0.20783711224794388,50
A0A6I3NAM9,putrescine,Di,0.23464110493659973,34
A0A6I3NAM9,putrescine,Mono,0.2544867992401123,31
A0A6I3NAM9,putrescine,Tri,0.20355090498924255,54
A0A6I3NAM9,serine,Di,0.3616759777069092,9
A0A6I3NAM9,serine,Mono,0.36374469101428986,8
A0A6I3NAM9,serine,Tri,0.34614427387714386,15
A0A6I3NAM9,serotonin,Di,0.23065175861120224,38
A0A6I3NAM9,serotonin,Mono,0.20783474296331406,51
A0A6I3NAM9,serotonin,Tri,0.26228539645671844,29
A0A6I3NAM9,threonine,Di,0.4087217301130295,1
A0A6I3NAM9,threonine,Mono,0.3837893456220627,4
A0A6I3NAM9,threonine,Tri,0.3537046015262604,13
A0A6I3NAM9,tryptamine,Di,0.20842190086841583,49
A0A6I3NAM9,tryptamine,Mono,0.17395509779453278,65
A0A6I3NAM9,tryptamine,Tri,0.2110683023929596,46
A0A6I3NAM9,tyramine,Di,0.23346498608589172,36
A0A6I3NAM9,tyramine,Mono,0.2356562316417694,33
A0A6I3NAM9,tyramine,Tri,0.23874013125896454,32
A0A6N3FX58,"2,3_diaminopropionic acid",Di,0.3304831236600876,14
A0A6N3FX58,"2,3_diaminopropionic acid",Mono,0.2741555795073509,28
A0A6N3FX58,"2,3_diaminopropionic acid",Tri,0.327238529920578,15
A0A6N3FX58,2_aminophenol,Di,0.3488062918186188,10
A0A6N3FX58,2_aminophenol,Mono,0.29926474392414093,23
A0A6N3FX58,2_aminophenol,Tri,0.29688557982444763,24
A0A6N3FX58,3_methoxytyramine,Di,0.06733702402561903,74
A0A6N3FX58,3_methoxytyramine,Mono,0.08110450766980648,72
A0A6N3FX58,3_methoxytyramine,Tri,0.0662336926907301,75
A0A6N3FX58,alanine,Di,0.16416361927986145,68
A0A6N3FX58,alanine,Mono,0.23074449598789215,38
A0A6N3FX58,alanine,Tri,0.17415504902601242,64
A0A6N3FX58,arginine,Di,0.2267923727631569,42
A0A6N3FX58,arginine,Mono,0.2391626238822937,35
A0A6N3FX58,arginine,Tri,0.24035649746656418,33
A0A6N3FX58,asparagine,Di,0.2800784781575203,26
A0A6N3FX58,asparagine,Mono,0.3153340741991997,20
A0A6N3FX58,asparagine,Tri,0.2781035006046295,27
A0A6N3FX58,cadaverine,Di,0.1976294293999672,57
A0A6N3FX58,cadaverine,Mono,0.20316654443740845,53
A0A6N3FX58,cadaverine,Tri,0.21564354747533798,45
A0A6N3FX58,citrulline,Di,0.31648455560207367,19
A0A6N3FX58,citrulline,Mono,0.35857340693473816,8
A0A6N3FX58,citrulline,Tri,0.30416037142276764,22
A0A6N3FX58,cystine,Di,0.14458077400922775,69
A0A6N3FX58,cystine,Mono,0.22716067731380463,41
A0A6N3FX58,cystine,Tri,0.19289761036634445,61
A0A6N3FX58,dopamine,Di,0.19544371962547302,60
A0A6N3FX58,dopamine,Mono,0.2136884480714798,47
A0A6N3FX58,dopamine,Tri,0.19569380581378937,59
A0A6N3FX58,gaba,Di,0.17390431463718414,65
A0A6N3FX58,gaba,Mono,0.1983138769865036,56
A0A6N3FX58,gaba,Tri,0.19673719257116318,58
A0A6N3FX58,glutamine,Di,0.3613971024751663,6
A0A6N3FX58,glutamine,Mono,0.33263006061315536,13
A0A6N3FX58,glutamine,Tri,0.2917982041835785,25
A0A6N3FX58,glyglycine,Di,0.11375010013580322,71
A0A6N3FX58,glyglycine,Mono,0.16499914973974228,67
A0A6N3FX58,glyglycine,Tri,0.07452238351106644,73
A0A6N3FX58,histidine,Di,0.3114386796951294,21
A0A6N3FX58,histidine,Mono,0.3625786527991295,5
A0A6N3FX58,histidine,Tri,0.32545214891433716,16
A0A6N3FX58,lysine,Di,0.21609065681695938,44
A0A6N3FX58,lysine,Mono,0.20102828741073608,55
A0A6N3FX58,lysine,Tri,0.22757306694984436,40
A0A6N3FX58,methionine,Di,0.14165310561656952,70
A0A6N3FX58,methionine,Mono,0.20198434591293335,54
A0A6N3FX58,methionine,Tri,0.16535775363445282,66
A0A6N3FX58,ornithine,Di,0.21048567444086075,49
A0A6N3FX58,ornithine,Mono,0.19139299541711807,62
A0A6N3FX58,ornithine,Tri,0.24887482821941376,31
A0A6N3FX58,phenylalanine,Di,0.37619632482528687,3
A0A6N3FX58,phenylalanine,Mono,0.3758323937654495,4
A0A6N3FX58,phenylalanine,Tri,0.3234037756919861,17
A0A6N3FX58,proline,Di,0.23502902686595917,37
A0A6N3FX58,proline,Mono,0.3606967180967331,7
A0A6N3FX58,proline,Tri,0.2123434916138649,48
A0A6N3FX58,putrescine,Di,0.22345968335866928,43
A0A6N3FX58,putrescine,Mono,0.2524638846516609,30
A0A6N3FX58,putrescine,Tri,0.2046670764684677,51
A0A6N3FX58,serine,Di,0.3422829210758209,11
A0A6N3FX58,serine,Mono,0.349919393658638,9
A0A6N3FX58,serine,Tri,0.3178059607744217,18
A0A6N3FX58,serotonin,Di,0.2396206185221672,34
A0A6N3FX58,serotonin,Mono,0.2144625335931778,46
A0A6N3FX58,serotonin,Tri,0.2633778974413872,29
A0A6N3FX58,threonine,Di,0.4078778326511383,1
A0A6N3FX58,threonine,Mono,0.3778556138277054,2
A0A6N3FX58,threonine,Tri,0.34206074476242065,12
A0A6N3FX58,tryptamine,Di,0.20807475596666336,50
A0A6N3FX58,tryptamine,Mono,0.1818380057811737,63
A0A6N3FX58,tryptamine,Tri,0.20395087450742722,52
A0A6N3FX58,tyramine,Di,0.24623049795627594,32
A0A6N3FX58,tyramine,Mono,0.2298203706741333,39
A0A6N3FX58,tyramine,Tri,0.23704709112644196,36
A0A7K1GNS5,"2,3_diaminopropionic acid",Di,0.3089311122894287,23
A0A7K1GNS5,"2,3_diaminopropionic acid",Mono,0.3274564743041992,19
A0A7K1GNS5,"2,3_diaminopropionic acid",Tri,0.2969449907541275,26
A0A7K1GNS5,2_aminophenol,Di,0.34927478432655334,17
A0A7K1GNS5,2_aminophenol,Mono,0.3610938936471939,12
A0A7K1GNS5,2_aminophenol,Tri,0.31136325001716614,20
A0A7K1GNS5,3_methoxytyramine,Di,0.04711734689772129,73
A0A7K1GNS5,3_methoxytyramine,Mono,0.07358074001967907,72
A0A7K1GNS5,3_methoxytyramine,Tri,0.028956377878785133,75
A0A7K1GNS5,alanine,Di,0.17483559995889664,56
A0A7K1GNS5,alanine,Mono,0.2818758860230446,29
A0A7K1GNS5,alanine,Tri,0.17257123440504074,58
A0A7K1GNS5,arginine,Di,0.19926348328590393,47
A0A7K1GNS5,arginine,Mono,0.2605316638946533,33
A0A7K1GNS5,arginine,Tri,0.2575666606426239,35
A0A7K1GNS5,asparagine,Di,0.3104669004678726,22
A0A7K1GNS5,asparagine,Mono,0.38508908450603485,8
A0A7K1GNS5,asparagine,Tri,0.3109267055988312,21
A0A7K1GNS5,cadaverine,Di,0.2158789336681366,43
A0A7K1GNS5,cadaverine,Mono,0.2762380689382553,30
A0A7K1GNS5,cadaverine,Tri,0.22533836960792542,42
A0A7K1GNS5,citrulline,Di,0.2857658267021179,28
A0A7K1GNS5,citrulline,Mono,0.39660386741161346,5
A0A7K1GNS5,citrulline,Tri,0.2732589989900589,32
A0A7K1GNS5,cystine,Di,0.1500551998615265,65
A0A7K1GNS5,cystine,Mono,0.2603682726621628,34
A0A7K1GNS5,cystine,Tri,0.1694324016571045,59
A0A7K1GNS5,dopamine,Di,0.12954159080982208,69
A0A7K1GNS5,dopamine,Mono,0.17819031327962875,55
A0A7K1GNS5,dopamine,Tri,0.11958421021699905,70
A0A7K1GNS5,gaba,Di,0.154885895550251,63
A0A7K1GNS5,gaba,Mono,0.24286334216594696,40
A0A7K1GNS5,gaba,Tri,0.18296097218990326,52
A0A7K1GNS5,glutamine,Di,0.3678698390722275,10
A0A7K1GNS5,glutamine,Mono,0.41501694917678833,4
A0A7K1GNS5,glutamine,Tri,0.30575405061244965,24
A0A7K1GNS5,glyglycine,Di,0.11913041770458221,71
A0A7K1GNS5,glyglycine,Mono,0.18425302952528,51
A0A7K1GNS5,glyglycine,Tri,0.036758968606591225,74
A0A7K1GNS5,histidine,Di,0.3631217032670975,11
A0A7K1GNS5,histidine,Mono,0.4423752725124359,3
A0A7K1GNS5,histidine,Tri,0.35452404618263245,14
A0A7K1GNS5,lysine,Di,0.2296024039387703,41
A0A7K1GNS5,lysine,Mono,0.2532487213611603,37
A0A7K1GNS5,lysine,Tri,0.2528359591960907,38
A0A7K1GNS5,methionine,Di,0.1508236676454544,64
A0A7K1GNS5,methionine,Mono,0.2751089930534363,31
A0A7K1GNS5,methionine,Tri,0.18017390370368958,53
A0A7K1GNS5,ornithine,Di,0.21278682351112366,44
A0A7K1GNS5,ornithine,Mono,0.2524154335260391,39
A0A7K1GNS5,ornithine,Tri,0.2553260624408722,36
A0A7K1GNS5,phenylalanine,Di,0.3880026340484619,7
A0A7K1GNS5,phenylalanine,Mono,0.44683434069156647,1
A0A7K1GNS5,phenylalanine,Tri,0.34955938160419464,16
A0A7K1GNS5,proline,Di,0.1649913564324379,60
A0A7K1GNS5,proline,Mono,0.3816453218460083,9
A0A7K1GNS5,proline,Tri,0.1917889565229416,50
A0A7K1GNS5,putrescine,Di,0.20688123255968094,45
A0A7K1GNS5,putrescine,Mono,0.29965418577194214,25
A0A7K1GNS5,putrescine,Tri,0.2012772262096405,46
A0A7K1GNS5,serine,Di,0.3544633686542511,15
A0A7K1GNS5,serine,Mono,0.44355954229831696,2
A0A7K1GNS5,serine,Tri,0.33153511583805084,18
A0A7K1GNS5,serotonin,Di,0.17339041084051132,57
A0A7K1GNS5,serotonin,Mono,0.17976229637861252,54
A0A7K1GNS5,serotonin,Tri,0.19669026136398315,48
A0A7K1GNS5,threonine,Di,0.35492609441280365,13
A0A7K1GNS5,threonine,Mono,0.38801977038383484,6
A0A7K1GNS5,threonine,Tri,0.29286858439445496,27
A0A7K1GNS5,tryptamine,Di,0.1302291303873062,68
A0A7K1GNS5,tryptamine,Mono,0.1332385018467903,66
A0A7K1GNS5,tryptamine,Tri,0.13256694376468658,67
A0A7K1GNS5,tyramine,Di,0.1599087119102478,61
A0A7K1GNS5,tyramine,Mono,0.1965169608592987,49
A0A7K1GNS5,tyramine,Tri,0.15579167008399963,62
A0A7W2FPE8,"2,3_diaminopropionic acid",Di,0.32057124376296997,15
A0A7W2FPE8,"2,3_diaminopropionic acid",Mono,0.28074580430984497,24
A0A7W2FPE8,"2,3_diaminopropionic acid",Tri,0.28833507001399994,23
A0A7W2FPE8,2_aminophenol,Di,0.3492751121520996,9
A0A7W2FPE8,2_aminophenol,Mono,0.30405154824256897,17
A0A7W2FPE8,2_aminophenol,Tri,0.2734754830598831,26
A0A7W2FPE8,3_methoxytyramine,Di,0.05562515091150999,74
A0A7W2FPE8,3_methoxytyramine,Mono,0.09779343008995056,71
A0A7W2FPE8,3_methoxytyramine,Tri,0.046080488711595535,75
A0A7W2FPE8,alanine,Di,0.1693469136953354,63
A0A7W2FPE8,alanine,Mono,0.22621478140354156,37
A0A7W2FPE8,alanine,Tri,0.17441800981760025,61
A0A7W2FPE8,arginine,Di,0.18246428668498993,58
A0A7W2FPE8,arginine,Mono,0.22195903211832047,39
A0A7W2FPE8,arginine,Tri,0.20960235595703125,44
A0A7W2FPE8,asparagine,Di,0.27416466176509857,25
A0A7W2FPE8,asparagine,Mono,0.30262309312820435,21
A0A7W2FPE8,asparagine,Tri,0.24546418339014053,28
A0A7W2FPE8,cadaverine,Di,0.1907675638794899,54
A0A7W2FPE8,cadaverine,Mono,0.20352527499198914,48
A0A7W2FPE8,cadaverine,Tri,0.19187770783901215,53
A0A7W2FPE8,citrulline,Di,0.3254442363977432,13
A0A7W2FPE8,citrulline,Mono,0.3696458041667938,3
A0A7W2FPE8,citrulline,Tri,0.30328916013240814,20
A0A7W2FPE8,cystine,Di,0.13786404579877853,70
A0A7W2FPE8,cystine,Mono,0.2266957014799118,35
A0A7W2FPE8,cystine,Tri,0.15956201404333115,66
A0A7W2FPE8,dopamine,Di,0.18126671016216278,59
A0A7W2FPE8,dopamine,Mono,0.21644313633441925,40
A0A7W2FPE8,dopamine,Tri,0.1682746708393097,64
A0A7W2FPE8,gaba,Di,0.15631460398435593,67
A0A7W2FPE8,gaba,Mono,0.188750259578228,56
A0A7W2FPE8,gaba,Tri,0.17173630744218826,62
A0A7W2FPE8,glutamine,Di,0.3540179282426834,7
A0A7W2FPE8,glutamine,Mono,0.33426907658576965,12
A0A7W2FPE8,glutamine,Tri,0.2656891196966171,27
A0A7W2FPE8,glyglycine,Di,0.09625933319330215,72
A0A7W2FPE8,glyglycine,Mono,0.15557416528463364,68
A0A7W2FPE8,glyglycine,Tri,0.05999018996953964,73
A0A7W2FPE8,histidine,Di,0.30348965525627136,18
A0A7W2FPE8,histidine,Mono,0.360868364572525,5
A0A7W2FPE8,histidine,Tri,0.3076639771461487,16
A0A7W2FPE8,lysine,Di,0.20214291661977768,49
A0A7W2FPE8,lysine,Mono,0.20662538707256317,45
A0A7W2FPE8,lysine,Tri,0.2162952646613121,41
A0A7W2FPE8,methionine,Di,0.14863348007202148,69
A0A7W2FPE8,methionine,Mono,0.21091488748788834,42
A0A7W2FPE8,methionine,Tri,0.16811761260032654,65
A0A7W2FPE8,ornithine,Di,0.19467401504516602,52
A0A7W2FPE8,ornithine,Mono,0.19716235995292664,50
A0A7W2FPE8,ornithine,Tri,0.23458509147167206,31
A0A7W2FPE8,phenylalanine,Di,0.3442747890949249,11
A0A7W2FPE8,phenylalanine,Mono,0.36565539240837097,4
A0A7W2FPE8,phenylalanine,Tri,0.2941635251045227,22
A0A7W2FPE8,proline,Di,0.22635018825531006,36
A0A7W2FPE8,proline,Mono,0.3586762845516205,6
A0A7W2FPE8,proline,Tri,0.17454739660024643,60
A0A7W2FPE8,putrescine,Di,0.21029837429523468,43
A0A7W2FPE8,putrescine,Mono,0.24253526329994202,29
A0A7W2FPE8,putrescine,Tri,0.18333539366722107,57
A0A7W2FPE8,serine,Di,0.3453662246465683,10
A0A7W2FPE8,serine,Mono,0.35354606807231903,8
A0A7W2FPE8,serine,Tri,0.3033810704946518,19
A0A7W2FPE8,serotonin,Di,0.23911429941654205,30
A0A7W2FPE8,serotonin,Mono,0.22293271124362946,38
A0A7W2FPE8,serotonin,Tri,0.23444460332393646,32
A0A7W2FPE8,threonine,Di,0.4045274555683136,1
A0A7W2FPE8,threonine,Mono,0.3764348328113556,2
A0A7W2FPE8,threonine,Tri,0.3227241039276123,14
A0A7W2FPE8,tryptamine,Di,0.20558393001556396,47
A0A7W2FPE8,tryptamine,Mono,0.19552312046289444,51
A0A7W2FPE8,tryptamine,Tri,0.18901164829730988,55
A0A7W2FPE8,tyramine,Di,0.22769635170698166,34
A0A7W2FPE8,tyramine,Mono,0.23303330689668655,33
A0A7W2FPE8,tyramine,Tri,0.20572495460510254,46
A0A848U0C2,"2,3_diaminopropionic acid",Di,0.2609604746103287,8
A0A848U0C2,"2,3_diaminopropionic acid",Mono,0.17221559956669807,30
A0A848U0C2,"2,3_diaminopropionic acid",Tri,0.2303771749138832,15
A0A848U0C2,2_aminophenol,Di,0.26123638451099396,7
A0A848U0C2,2_aminophenol,Mono,0.2055601105093956,23
A0A848U0C2,2_aminophenol,Tri,0.20936112850904465,22
A0A848U0C2,3_methoxytyramine,Di,-0.03097199136391282,73
A0A848U0C2,3_methoxytyramine,Mono,-0.03845300991088152,74
A0A848U0C2,3_methoxytyramine,Tri,-0.04280365817248821,75
A0A848U0C2,alanine,Di,0.1294587180018425,52
A0A848U0C2,alanine,Mono,0.13525142520666122,50
A0A848U0C2,alanine,Tri,0.08618723414838314,62
A0A848U0C2,arginine,Di,0.19561808556318283,26
A0A848U0C2,arginine,Mono,0.13209247030317783,51
A0A848U0C2,arginine,Tri,0.16036180406808853,36
A0A848U0C2,asparagine,Di,0.20116230100393295,25
A0A848U0C2,asparagine,Mono,0.23282645642757416,14
A0A848U0C2,asparagine,Tri,0.18985062837600708,28
A0A848U0C2,cadaverine,Di,0.1552671119570732,39
A0A848U0C2,cadaverine,Mono,0.10556140914559364,57
A0A848U0C2,cadaverine,Tri,0.15771039575338364,38
A0A848U0C2,citrulline,Di,0.22337543964385986,19
A0A848U0C2,citrulline,Mono,0.2274911105632782,18
A0A848U0C2,citrulline,Tri,0.22011112421751022,20
A0A848U0C2,cystine,Di,0.09246587194502354,61
A0A848U0C2,cystine,Mono,0.11560697667300701,54
A0A848U0C2,cystine,Tri,0.10192259401082993,58
A0A848U0C2,dopamine,Di,0.11909622326493263,53
A0A848U0C2,dopamine,Mono,0.08326124586164951,65
A0A848U0C2,dopamine,Tri,0.07041804492473602,69
A0A848U0C2,gaba,Di,0.14165592193603516,46
A0A848U0C2,gaba,Mono,0.08507762476801872,63
A0A848U0C2,gaba,Tri,0.13860395178198814,48
A0A848U0C2,glutamine,Di,0.2745327800512314,2
A0A848U0C2,glutamine,Mono,0.24300111085176468,10
A0A848U0C2,glutamine,Tri,0.22925587743520737,17
A0A848U0C2,glyglycine,Di,0.07755512557923794,66
A0A848U0C2,glyglycine,Mono,0.06422153860330582,71
A0A848U0C2,glyglycine,Tri,-0.0013173818588256836,72
A0A848U0C2,histidine,Di,0.26418589800596237,5
A0A848U0C2,histidine,Mono,0.26768437027931213,4
A0A848U0C2,histidine,Tri,0.23560220748186111,12
A0A848U0C2,lysine,Di,0.1608409360051155,34
A0A848U0C2,lysine,Mono,0.06872021779417992,70
A0A848U0C2,lysine,Tri,0.1526511013507843,40
A0A848U0C2,methionine,Di,0.11248226091265678,55
A0A848U0C2,methionine,Mono,0.14840731769800186,42
A0A848U0C2,methionine,Tri,0.13649646192789078,49
A0A848U0C2,ornithine,Di,0.15796305239200592,37
A0A848U0C2,ornithine,Mono,0.07392766885459423,68
A0A848U0C2,ornithine,Tri,0.16232912987470627,32
A0A848U0C2,phenylalanine,Di,0.2825649082660675,1
A0A848U0C2,phenylalanine,Mono,0.25279761850833893,9
A0A848U0C2,phenylalanine,Tri,0.2136768326163292,21
A0A848U0C2,proline,Di,0.14579224586486816,43
A0A848U0C2,proline,Mono,0.2421412616968155,11
A0A848U0C2,proline,Tri,0.16539489477872849,31
A0A848U0C2,putrescine,Di,0.18108266592025757,29
A0A848U0C2,putrescine,Mono,0.14347004890441895,45
A0A848U0C2,putrescine,Tri,0.14424701780080795,44
A0A848U0C2,serine,Di,0.26316119730472565,6
A0A848U0C2,serine,Mono,0.23014295101165771,16
A0A848U0C2,serine,Tri,0.20253918319940567,24
A0A848U0C2,serotonin,Di,0.16173046827316284,33
A0A848U0C2,serotonin,Mono,0.10740016959607601,56
A0A848U0C2,serotonin,Tri,0.16038741171360016,35
A0A848U0C2,threonine,Di,0.27128732949495316,3
A0A848U0C2,threonine,Mono,0.23524373024702072,13
A0A848U0C2,threonine,Tri,0.19340907037258148,27
A0A848U0C2,tryptamine,Di,0.15102644264698029,41
A0A848U0C2,tryptamine,Mono,0.08411236107349396,64
A0A848U0C2,tryptamine,Tri,0.09670544788241386,60
A0A848U0C2,tyramine,Di,0.1390339694917202,47
A0A848U0C2,tyramine,Mono,0.0746401809155941,67
A0A848U0C2,tyramine,Tri,0.09788963571190834,59
A0A8D5FTP2,"2,3_diaminopropionic acid",Di,0.3092889338731766,23
A0A8D5FTP2,"2,3_diaminopropionic acid",Mono,0.27504806220531464,28
A0A8D5FTP2,"2,3_diaminopropionic acid",Tri,0.33234313130378723,18
A0A8D5FTP2,2_aminophenol,Di,0.343056783080101,14
A0A8D5FTP2,2_aminophenol,Mono,0.3194742202758789,20
A0A8D5FTP2,2_aminophenol,Tri,0.31689633429050446,21
A0A8D5FTP2,3_methoxytyramine,Di,0.035876127891242504,75
A0A8D5FTP2,3_methoxytyramine,Mono,0.0729811992496252,71
A0A8D5FTP2,3_methoxytyramine,Tri,0.0369811337441206,74
A0A8D5FTP2,alanine,Di,0.12073060870170593,70
A0A8D5FTP2,alanine,Mono,0.23415809869766235,34
A0A8D5FTP2,alanine,Tri,0.16464657336473465,65
A0A8D5FTP2,arginine,Di,0.19684331119060516,56
A0A8D5FTP2,arginine,Mono,0.22989186644554138,38
A0A8D5FTP2,arginine,Tri,0.24647754430770874,33
A0A8D5FTP2,asparagine,Di,0.2825920060276985,27
A0A8D5FTP2,asparagine,Mono,0.33635712414979935,17
A0A8D5FTP2,asparagine,Tri,0.30345216393470764,25
A0A8D5FTP2,cadaverine,Di,0.19107267260551453,59
A0A8D5FTP2,cadaverine,Mono,0.20344950258731842,49
A0A8D5FTP2,cadaverine,Tri,0.23022174835205078,37
A0A8D5FTP2,citrulline,Di,0.3036416471004486,24
A0A8D5FTP2,citrulline,Mono,0.34481626749038696,12
A0A8D5FTP2,citrulline,Tri,0.30017930269241333,26
A0A8D5FTP2,cystine,Di,0.13204171508550644,68
A0A8D5FTP2,cystine,Mono,0.23390451073646545,35
A0A8D5FTP2,cystine,Tri,0.19274908304214478,58
A0A8D5FTP2,dopamine,Di,0.1724218651652336,63
A0A8D5FTP2,dopamine,Mono,0.19883906841278076,53
A0A8D5FTP2,dopamine,Tri,0.18649348616600037,60
A0A8D5FTP2,gaba,Di,0.16584458202123642,64
A0A8D5FTP2,gaba,Mono,0.19694698601961136,55
A0A8D5FTP2,gaba,Tri,0.20923759043216705,46
A0A8D5FTP2,glutamine,Di,0.3625088483095169,7
A0A8D5FTP2,glutamine,Mono,0.3566390573978424,10
A0A8D5FTP2,glutamine,Tri,0.3148941993713379,22
A0A8D5FTP2,glyglycine,Di,0.06991126202046871,72
A0A8D5FTP2,glyglycine,Mono,0.14359162747859955,67
A0A8D5FTP2,glyglycine,Tri,0.06193341314792633,73
A0A8D5FTP2,histidine,Di,0.32200367748737335,19
A0A8D5FTP2,histidine,Mono,0.3900172710418701,2
A0A8D5FTP2,histidine,Tri,0.3570050001144409,9
A0A8D5FTP2,lysine,Di,0.21212133020162582,44
A0A8D5FTP2,lysine,Mono,0.1995319202542305,51
A0A8D5FTP2,lysine,Tri,0.24677351117134094,32
A0A8D5FTP2,methionine,Di,0.1253269948065281,69
A0A8D5FTP2,methionine,Mono,0.21058745682239532,45
A0A8D5FTP2,methionine,Tri,0.17566189169883728,62
A0A8D5FTP2,ornithine,Di,0.20342843234539032,50
A0A8D5FTP2,ornithine,Mono,0.19938377290964127,52
A0A8D5FTP2,ornithine,Tri,0.27070092409849167,29
A0A8D5FTP2,phenylalanine,Di,0.373287096619606,6
A0A8D5FTP2,phenylalanine,Mono,0.39671453833580017,1
A0A8D5FTP2,phenylalanine,Tri,0.34493766725063324,11
A0A8D5FTP2,proline,Di,0.209043949842453,47
A0A8D5FTP2,proline,Mono,0.36016954481601715,8
A0A8D5FTP2,proline,Tri,0.20678932964801788,48
A0A8D5FTP2,putrescine,Di,0.2257697433233261,39
A0A8D5FTP2,putrescine,Mono,0.25817713886499405,31
A0A8D5FTP2,putrescine,Tri,0.22481918334960938,40
A0A8D5FTP2,serine,Di,0.34049977362155914,15
A0A8D5FTP2,serine,Mono,0.3753074109554291,5
A0A8D5FTP2,serine,Tri,0.3401138484477997,16
A0A8D5FTP2,serotonin,Di,0.21407276391983032,43
A0A8D5FTP2,serotonin,Mono,0.1973813846707344,54
A0A8D5FTP2,serotonin,Tri,0.26186804473400116,30
A0A8D5FTP2,threonine,Di,0.3885641098022461,3
A0A8D5FTP2,threonine,Mono,0.38212333619594574,4
A0A8D5FTP2,threonine,Tri,0.34456440806388855,13
A0A8D5FTP2,tryptamine,Di,0.17943547666072845,61
A0A8D5FTP2,tryptamine,Mono,0.15927647054195404,66
A0A8D5FTP2,tryptamine,Tri,0.19569343328475952,57
A0A8D5FTP2,tyramine,Di,0.2179052084684372,42
A0A8D5FTP2,tyramine,Mono,0.2224271148443222,41
A0A8D5FTP2,tyramine,Tri,0.23173216730356216,36
A0A8J7U9Z7,"2,3_diaminopropionic acid",Di,0.32812345027923584,17
A0A8J7U9Z7,"2,3_diaminopropionic acid",Mono,0.30170468986034393,26
A0A8J7U9Z7,"2,3_diaminopropionic acid",Tri,0.3183676600456238,20
A0A8J7U9Z7,2_aminophenol,Di,0.36509713530540466,12
A0A8J7U9Z7,2_aminophenol,Mono,0.34047554433345795,16
A0A8J7U9Z7,2_aminophenol,Tri,0.3170313537120819,22
A0A8J7U9Z7,3_methoxytyramine,Di,0.037675436586141586,75
A0A8J7U9Z7,3_methoxytyramine,Mono,0.07492434233427048,72
A0A8J7U9Z7,3_methoxytyramine,Tri,0.0450102761387825,74
A0A8J7U9Z7,alanine,Di,0.19674638658761978,55
A0A8J7U9Z7,alanine,Mono,0.2695290744304657,31
A0A8J7U9Z7,alanine,Tri,0.2045937180519104,53
A0A8J7U9Z7,arginine,Di,0.23603759706020355,40
A0A8J7U9Z7,arginine,Mono,0.24926463514566422,34
A0A8J7U9Z7,arginine,Tri,0.274275541305542,30
A0A8J7U9Z7,asparagine,Di,0.29999376833438873,27
A0A8J7U9Z7,asparagine,Mono,0.3531721532344818,14
A0A8J7U9Z7,asparagine,Tri,0.29058729112148285,28
A0A8J7U9Z7,cadaverine,Di,0.22438015788793564,45
A0A8J7U9Z7,cadaverine,Mono,0.24168294668197632,38
A0A8J7U9Z7,cadaverine,Tri,0.23610728234052658,39
A0A8J7U9Z7,citrulline,Di,0.30402103066444397,25
A0A8J7U9Z7,citrulline,Mono,0.38316403329372406,4
A0A8J7U9Z7,citrulline,Tri,0.3098955750465393,24
A0A8J7U9Z7,cystine,Di,0.16603802144527435,65
A0A8J7U9Z7,cystine,Mono,0.24289803951978683,36
A0A8J7U9Z7,cystine,Tri,0.1931208297610283,56
A0A8J7U9Z7,dopamine,Di,0.14642854034900665,68
A0A8J7U9Z7,dopamine,Mono,0.17278634756803513,61
A0A8J7U9Z7,dopamine,Tri,0.13309237360954285,70
A0A8J7U9Z7,gaba,Di,0.1818372681736946,58
A0A8J7U9Z7,gaba,Mono,0.2186095267534256,47
A0A8J7U9Z7,gaba,Tri,0.20804058015346527,52
A0A8J7U9Z7,glutamine,Di,0.36845870316028595,10
A0A8J7U9Z7,glutamine,Mono,0.37175072729587555,8
A0A8J7U9Z7,glutamine,Tri,0.3183136284351349,21
A0A8J7U9Z7,glyglycine,Di,0.108191829174757,71
A0A8J7U9Z7,glyglycine,Mono,0.17115317285060883,63
A0A8J7U9Z7,glyglycine,Tri,0.05550152901560068,73
A0A8J7U9Z7,histidine,Di,0.35544121265411377,13
A0A8J7U9Z7,histidine,Mono,0.397752046585083,2
A0A8J7U9Z7,histidine,Tri,0.34275054931640625,15
A0A8J7U9Z7,lysine,Di,0.2276858240365982,42
A0A8J7U9Z7,lysine,Mono,0.21506845951080322,49
A0A8J7U9Z7,lysine,Tri,0.2437342032790184,35
A0A8J7U9Z7,methionine,Di,0.1702100932598114,64
A0A8J7U9Z7,methionine,Mono,0.25827498733997345,33
A0A8J7U9Z7,methionine,Tri,0.20918190479278564,51
A0A8J7U9Z7,ornithine,Di,0.21829114854335785,48
A0A8J7U9Z7,ornithine,Mono,0.22442913055419922,44
A0A8J7U9Z7,ornithine,Tri,0.26153959333896637,32
A0A8J7U9Z7,phenylalanine,Di,0.3736102879047394,7
A0A8J7U9Z7,phenylalanine,Mono,0.40029123425483704,1
A0A8J7U9Z7,phenylalanine,Tri,0.32632842659950256,18
A0A8J7U9Z7,proline,Di,0.21992606669664383,46
A0A8J7U9Z7,proline,Mono,0.3709203004837036,9
A0A8J7U9Z7,proline,Tri,0.24230416119098663,37
A0A8J7U9Z7,putrescine,Di,0.2305918037891388,41
A0A8J7U9Z7,putrescine,Mono,0.2774496525526047,29
A0A8J7U9Z7,putrescine,Tri,0.21131807565689087,50
A0A8J7U9Z7,serine,Di,0.36749596893787384,11
A0A8J7U9Z7,serine,Mono,0.38762418925762177,3
A0A8J7U9Z7,serine,Tri,0.3235856741666794,19
A0A8J7U9Z7,serotonin,Di,0.200763501226902,54
A0A8J7U9Z7,serotonin,Mono,0.17942174524068832,60
A0A8J7U9Z7,serotonin,Tri,0.22738276422023773,43
A0A8J7U9Z7,threonine,Di,0.38034579157829285,5
A0A8J7U9Z7,threonine,Mono,0.37503722310066223,6
A0A8J7U9Z7,threonine,Tri,0.31080158054828644,23
A0A8J7U9Z7,tryptamine,Di,0.1646334007382393,66
A0A8J7U9Z7,tryptamine,Mono,0.13452225178480148,69
A0A8J7U9Z7,tryptamine,Tri,0.15804985165596008,67
A0A8J7U9Z7,tyramine,Di,0.17979297041893005,59
A0A8J7U9Z7,tyramine,Mono,0.1888851448893547,57
A0A8J7U9Z7,tyramine,Tri,0.17153532058000565,62
A0A942AQR8,"2,3_diaminopropionic acid",Di,0.32008709013462067,19
A0A942AQR8,"2,3_diaminopropionic acid",Mono,0.27883273363113403,28
A0A942AQR8,"2,3_diaminopropionic acid",Tri,0.31995415687561035,20
A0A942AQR8,2_aminophenol,Di,0.34376969933509827,12
A0A942AQR8,2_aminophenol,Mono,0.3050779551267624,22
A0A942AQR8,2_aminophenol,Tri,0.2975166440010071,25
A0A942AQR8,3_methoxytyramine,Di,0.06507106777280569,74
A0A942AQR8,3_methoxytyramine,Mono,0.07044241018593311,72
A0A942AQR8,3_methoxytyramine,Tri,0.050478506833314896,75
A0A942AQR8,alanine,Di,0.16608445346355438,67
A0A942AQR8,alanine,Mono,0.24847270548343658,32
A0A942AQR8,alanine,Tri,0.1871677190065384,59
A0A942AQR8,arginine,Di,0.21481617540121078,45
A0A942AQR8,arginine,Mono,0.2396986335515976,34
A0A942AQR8,arginine,Tri,0.24076376855373383,33
A0A942AQR8,asparagine,Di,0.2979433089494705,24
A0A942AQR8,asparagine,Mono,0.33806343376636505,15
A0A942AQR8,asparagine,Tri,0.29962238669395447,23
A0A942AQR8,cadaverine,Di,0.20577819645404816,51
A0A942AQR8,cadaverine,Mono,0.21466298401355743,46
A0A942AQR8,cadaverine,Tri,0.22377847135066986,39
A0A942AQR8,citrulline,Di,0.29594482481479645,26
A0A942AQR8,citrulline,Mono,0.35684990882873535,9
A0A942AQR8,citrulline,Tri,0.2923348844051361,27
A0A942AQR8,cystine,Di,0.13621991127729416,70
A0A942AQR8,cystine,Mono,0.2304140403866768,36
A0A942AQR8,cystine,Tri,0.18001236021518707,62
A0A942AQR8,dopamine,Di,0.18047375977039337,61
A0A942AQR8,dopamine,Mono,0.19893953949213028,56
A0A942AQR8,dopamine,Tri,0.17274703830480576,65
A0A942AQR8,gaba,Di,0.17818065732717514,63
A0A942AQR8,gaba,Mono,0.21186638623476028,49
A0A942AQR8,gaba,Tri,0.19998617470264435,55
A0A942AQR8,glutamine,Di,0.37145479023456573,5
A0A942AQR8,glutamine,Mono,0.3484046757221222,11
A0A942AQR8,glutamine,Tri,0.31348954141139984,21
A0A942AQR8,glyglycine,Di,0.1118638888001442,71
A0A942AQR8,glyglycine,Mono,0.17017725110054016,66
A0A942AQR8,glyglycine,Tri,0.06623676978051662,73
A0A942AQR8,histidine,Di,0.3328956216573715,16
A0A942AQR8,histidine,Mono,0.3823897987604141,3
A0A942AQR8,histidine,Tri,0.34135960042476654,14
A0A942AQR8,lysine,Di,0.22267510741949081,40
A0A942AQR8,lysine,Mono,0.20910730957984924,50
A0A942AQR8,lysine,Tri,0.23180000483989716,35
A0A942AQR8,methionine,Di,0.14041344076395035,69
A0A942AQR8,methionine,Mono,0.21954800188541412,42
A0A942AQR8,methionine,Tri,0.1732320412993431,64
A0A942AQR8,ornithine,Di,0.20507755875587463,52
A0A942AQR8,ornithine,Mono,0.20021715015172958,54
A0A942AQR8,ornithine,Tri,0.24946381151676178,30
A0A942AQR8,phenylalanine,Di,0.3880041390657425,2
A0A942AQR8,phenylalanine,Mono,0.3941003680229187,1
A0A942AQR8,phenylalanine,Tri,0.3418107330799103,13
A0A942AQR8,proline,Di,0.2218703255057335,41
A0A942AQR8,proline,Mono,0.3624736964702606,8
A0A942AQR8,proline,Tri,0.21874381601810455,43
A0A942AQR8,putrescine,Di,0.22458407282829285,37
A0A942AQR8,putrescine,Mono,0.25847727060317993,29
A0A942AQR8,putrescine,Tri,0.2048214226961136,53
A0A942AQR8,serine,Di,0.35079285502433777,10
A0A942AQR8,serine,Mono,0.36542317271232605,7
A0A942AQR8,serine,Tri,0.3261081129312515,17
A0A942AQR8,serotonin,Di,0.22424017637968063,38
A0A942AQR8,serotonin,Mono,0.19888339936733246,57
A0A942AQR8,serotonin,Tri,0.24890051782131195,31
A0A942AQR8,threonine,Di,0.38015317916870117,4
A0A942AQR8,threonine,Mono,0.3667878955602646,6
A0A942AQR8,threonine,Tri,0.3229459822177887,18
A0A942AQR8,tryptamine,Di,0.19439831376075745,58
A0A942AQR8,tryptamine,Mono,0.16540007293224335,68
A0A942AQR8,tryptamine,Tri,0.18183739483356476,60
A0A942AQR8,tyramine,Di,0.21840988099575043,44
A0A942AQR8,tyramine,Mono,0.21286813914775848,48
A0A942AQR8,tyramine,Tri,0.2142334058880806,47
A0A952U252,"2,3_diaminopropionic acid",Di,0.37442995607852936,7
A0A952U252,"2,3_diaminopropionic acid",Mono,0.2981407567858696,30
A0A952U252,"2,3_diaminopropionic acid",Tri,0.33704155683517456,19
A0A952U252,2_aminophenol,Di,0.38559986650943756,5
A0A952U252,2_aminophenol,Mono,0.3136375993490219,23
A0A952U252,2_aminophenol,Tri,0.3125409930944443,24
A0A952U252,3_methoxytyramine,Di,0.09381254017353058,74
A0A952U252,3_methoxytyramine,Mono,0.11664333194494247,72
A0A952U252,3_methoxytyramine,Tri,0.06270812824368477,75
A0A952U252,alanine,Di,0.18022628873586655,67
A0A952U252,alanine,Mono,0.23247002810239792,53
A0A952U252,alanine,Tri,0.17167284339666367,69
A0A952U252,arginine,Di,0.226951502263546,55
A0A952U252,arginine,Mono,0.2525811716914177,43
A0A952U252,arginine,Tri,0.232878178358078,52
A0A952U252,asparagine,Di,0.30786460638046265,26
A0A952U252,asparagine,Mono,0.3143071159720421,22
A0A952U252,asparagine,Tri,0.2907707095146179,31
A0A952U252,cadaverine,Di,0.24049773812294006,48
A0A952U252,cadaverine,Mono,0.22567903995513916,56
A0A952U252,cadaverine,Tri,0.22367574274539948,58
A0A952U252,citrulline,Di,0.3536893427371979,13
A0A952U252,citrulline,Mono,0.3622148036956787,11
A0A952U252,citrulline,Tri,0.3294569253921509,21
A0A952U252,cystine,Di,0.1931394636631012,64
A0A952U252,cystine,Mono,0.26664894819259644,39
A0A952U252,cystine,Tri,0.19652598351240158,63
A0A952U252,dopamine,Di,0.24847213923931122,45
A0A952U252,dopamine,Mono,0.2630542665719986,40
A0A952U252,dopamine,Tri,0.2329186648130417,51
A0A952U252,gaba,Di,0.22412777692079544,57
A0A952U252,gaba,Mono,0.23089881241321564,54
A0A952U252,gaba,Tri,0.21352749317884445,61
A0A952U252,glutamine,Di,0.40122656524181366,2
A0A952U252,glutamine,Mono,0.33932580053806305,18
A0A952U252,glutamine,Tri,0.31093987822532654,25
A0A952U252,glyglycine,Di,0.12096742168068886,71
A0A952U252,glyglycine,Mono,0.18135080486536026,66
A0A952U252,glyglycine,Tri,0.09392192959785461,73
A0A952U252,histidine,Di,0.3335551768541336,20
A0A952U252,histidine,Mono,0.36463025212287903,10
A0A952U252,histidine,Tri,0.3496992886066437,14
A0A952U252,lysine,Di,0.2604478746652603,41
A0A952U252,lysine,Mono,0.2351173311471939,50
A0A952U252,lysine,Tri,0.2518848031759262,44
A0A952U252,methionine,Di,0.16771666705608368,70
A0A952U252,methionine,Mono,0.20034173876047134,62
A0A952U252,methionine,Tri,0.17259128391742706,68
A0A952U252,ornithine,Di,0.24793832004070282,46
A0A952U252,ornithine,Mono,0.2234017550945282,59
A0A952U252,ornithine,Tri,0.27442236989736557,34
A0A952U252,phenylalanine,Di,0.3958294093608856,4
A0A952U252,phenylalanine,Mono,0.3732828199863434,8
A0A952U252,phenylalanine,Tri,0.3426027297973633,16
A0A952U252,proline,Di,0.2576904818415642,42
A0A952U252,proline,Mono,0.3704516589641571,9
A0A952U252,proline,Tri,0.19230610877275467,65
A0A952U252,putrescine,Di,0.27339960634708405,35
A0A952U252,putrescine,Mono,0.27928273379802704,33
A0A952U252,putrescine,Tri,0.21978352963924408,60
A0A952U252,serine,Di,0.37683720886707306,6
A0A952U252,serine,Mono,0.3539328873157501,12
A0A952U252,serine,Tri,0.34141047298908234,17
A0A952U252,serotonin,Di,0.3047669678926468,28
A0A952U252,serotonin,Mono,0.2711777910590172,37
A0A952U252,serotonin,Tri,0.30497120320796967,27
A0A952U252,threonine,Di,0.42859674990177155,1
A0A952U252,threonine,Mono,0.3990623652935028,3
A0A952U252,threonine,Tri,0.34689459204673767,15
A0A952U252,tryptamine,Di,0.2705575078725815,38
A0A952U252,tryptamine,Mono,0.2366851642727852,49
A0A952U252,tryptamine,Tri,0.24601595103740692,47
A0A952U252,tyramine,Di,0.3011847734451294,29
A0A952U252,tyramine,Mono,0.28688184916973114,32
A0A952U252,tyramine,Tri,0.2722438722848892,36
A6LC91,"2,3_diaminopropionic acid",Di,0.2915601134300232,14
A6LC91,"2,3_diaminopropionic acid",Mono,0.25274550169706345,25
A6LC91,"2,3_diaminopropionic acid",Tri,0.27967435121536255,18
A6LC91,2_aminophenol,Di,0.3003058433532715,12
A6LC91,2_aminophenol,Mono,0.26738111674785614,23
A6LC91,2_aminophenol,Tri,0.24497060477733612,26
A6LC91,3_methoxytyramine,Di,-0.011365903541445732,75
A6LC91,3_methoxytyramine,Mono,0.026280562859028578,73
A6LC91,3_methoxytyramine,Tri,0.0015752529725432396,74
A6LC91,alanine,Di,0.1491258442401886,61
A6LC91,alanine,Mono,0.21570852398872375,33
A6LC91,alanine,Tri,0.16617141664028168,52
A6LC91,arginine,Di,0.21664316952228546,32
A6LC91,arginine,Mono,0.22136249393224716,31
A6LC91,arginine,Tri,0.22783290594816208,29
A6LC91,asparagine,Di,0.24223622679710388,27
A6LC91,asparagine,Mono,0.29057198762893677,15
A6LC91,asparagine,Tri,0.23017629981040955,28
A6LC91,cadaverine,Di,0.1809486374258995,45
A6LC91,cadaverine,Mono,0.18082913011312485,46
A6LC91,cadaverine,Tri,0.1940389722585678,40
A6LC91,citrulline,Di,0.27067704498767853,21
A6LC91,citrulline,Mono,0.32635335624217987,5
A6LC91,citrulline,Tri,0.27623091638088226,19
A6LC91,cystine,Di,0.11752926558256149,68
A6LC91,cystine,Mono,0.18967663124203682,43
A6LC91,cystine,Tri,0.15672851726412773,56
A6LC91,dopamine,Di,0.12665437906980515,66
A6LC91,dopamine,Mono,0.14243236929178238,64
A6LC91,dopamine,Tri,0.11366977542638779,69
A6LC91,gaba,Di,0.1516692042350769,59
A6LC91,gaba,Mono,0.16450700908899307,53
A6LC91,gaba,Tri,0.16933728754520416,50
A6LC91,glutamine,Di,0.3227817416191101,7
A6LC91,glutamine,Mono,0.30244508385658264,11
A6LC91,glutamine,Tri,0.2711959108710289,20
A6LC91,glyglycine,Di,0.07921123132109642,71
A6LC91,glyglycine,Mono,0.13264216110110283,65
A6LC91,glyglycine,Tri,0.03223663009703159,72
A6LC91,histidine,Di,0.2988668829202652,13
A6LC91,histidine,Mono,0.3327309638261795,2
A6LC91,histidine,Tri,0.2861451357603073,16
A6LC91,lysine,Di,0.19011874496936798,42
A6LC91,lysine,Mono,0.1587647721171379,55
A6LC91,lysine,Tri,0.1910828799009323,41
A6LC91,methionine,Di,0.12609048187732697,67
A6LC91,methionine,Mono,0.19433466345071793,39
A6LC91,methionine,Tri,0.16791678220033646,51
A6LC91,ornithine,Di,0.1785704419016838,47
A6LC91,ornithine,Mono,0.16103919595479965,54
A6LC91,ornithine,Tri,0.20871572196483612,35
A6LC91,phenylalanine,Di,0.312645822763443,8
A6LC91,phenylalanine,Mono,0.3301622271537781,3
A6LC91,phenylalanine,Tri,0.26501309126615524,24
A6LC91,proline,Di,0.2135007306933403,34
A6LC91,proline,Mono,0.3253014534711838,6
A6LC91,proline,Tri,0.20402172952890396,37
A6LC91,putrescine,Di,0.20534125715494156,36
A6LC91,putrescine,Mono,0.22266921401023865,30
A6LC91,putrescine,Tri,0.17723843455314636,48
A6LC91,serine,Di,0.30804993212223053,9
A6LC91,serine,Mono,0.3049917370080948,10
A6LC91,serine,Tri,0.2675999104976654,22
A6LC91,serotonin,Di,0.18095161765813828,44
A6LC91,serotonin,Mono,0.15158368274569511,60
A6LC91,serotonin,Tri,0.19966766983270645,38
A6LC91,threonine,Di,0.34278063476085663,1
A6LC91,threonine,Mono,0.32872946560382843,4
A6LC91,threonine,Tri,0.2807908356189728,17
A6LC91,tryptamine,Di,0.14320821315050125,63
A6LC91,tryptamine,Mono,0.11359002813696861,70
A6LC91,tryptamine,Tri,0.1455676257610321,62
A6LC91,tyramine,Di,0.17343749105930328,49
A6LC91,tyramine,Mono,0.15613168478012085,57
A6LC91,tyramine,Tri,0.15451499074697495,58
A7A5K1,"2,3_diaminopropionic acid",Di,0.3530953675508499,10
A7A5K1,"2,3_diaminopropionic acid",Mono,0.2933305948972702,26
A7A5K1,"2,3_diaminopropionic acid",Tri,0.34122951328754425,15
A7A5K1,2_aminophenol,Di,0.37787409126758575,3
A7A5K1,2_aminophenol,Mono,0.3235180526971817,19
A7A5K1,2_aminophenol,Tri,0.3137122541666031,22
A7A5K1,3_methoxytyramine,Di,0.10470599681138992,74
A7A5K1,3_methoxytyramine,Mono,0.14710621535778046,71
A7A5K1,3_methoxytyramine,Tri,0.10561738908290863,73
A7A5K1,alanine,Di,0.1736273095011711,69
A7A5K1,alanine,Mono,0.24168188869953156,47
A7A5K1,alanine,Tri,0.2069568783044815,63
A7A5K1,arginine,Di,0.2093561887741089,62
A7A5K1,arginine,Mono,0.24578794836997986,45
A7A5K1,arginine,Tri,0.24657653272151947,44
A7A5K1,asparagine,Di,0.29154467582702637,28
A7A5K1,asparagine,Mono,0.2978711500763893,24
A7A5K1,asparagine,Tri,0.27572186291217804,32
A7A5K1,cadaverine,Di,0.2176220491528511,60
A7A5K1,cadaverine,Mono,0.22452126443386078,55
A7A5K1,cadaverine,Tri,0.2255668193101883,54
A7A5K1,citrulline,Di,0.34637217223644257,12
A7A5K1,citrulline,Mono,0.37283723056316376,5
A7A5K1,citrulline,Tri,0.3413388580083847,14
A7A5K1,cystine,Di,0.17924340814352036,68
A7A5K1,cystine,Mono,0.2599399834871292,39
A7A5K1,cystine,Tri,0.21369817852973938,61
A7A5K1,dopamine,Di,0.23665789514780045,49
A7A5K1,dopamine,Mono,0.2621580958366394,38
A7A5K1,dopamine,Tri,0.24321246147155762,46
A7A5K1,gaba,Di,0.19761598110198975,65
A7A5K1,gaba,Mono,0.22421401739120483,56
A7A5K1,gaba,Tri,0.21822890639305115,59
A7A5K1,glutamine,Di,0.36396893858909607,6
A7A5K1,glutamine,Mono,0.31675201654434204,21
A7A5K1,glutamine,Tri,0.29174889624118805,27
A7A5K1,glyglycine,Di,0.10293488577008247,75
A7A5K1,glyglycine,Mono,0.18075133115053177,67
A7A5K1,glyglycine,Tri,0.11569060757756233,72
A7A5K1,histidine,Di,0.3009905517101288,23
A7A5K1,histidine,Mono,0.3429744392633438,13
A7A5K1,histidine,Tri,0.331760048866272,18
A7A5K1,lysine,Di,0.23427271097898483,53
A7A5K1,lysine,Mono,0.24103528261184692,48
A7A5K1,lysine,Tri,0.2469048798084259,43
A7A5K1,methionine,Di,0.15117961913347244,70
A7A5K1,methionine,Mono,0.19940931349992752,64
A7A5K1,methionine,Tri,0.18296372145414352,66
A7A5K1,ornithine,Di,0.2349168136715889,51
A7A5K1,ornithine,Mono,0.23665045946836472,50
A7A5K1,ornithine,Tri,0.2753588855266571,33
A7A5K1,phenylalanine,Di,0.355404794216156,9
A7A5K1,phenylalanine,Mono,0.36169764399528503,8
A7A5K1,phenylalanine,Tri,0.31915195286273956,20
A7A5K1,proline,Di,0.26735174655914307,36
A7A5K1,proline,Mono,0.36348700523376465,7
A7A5K1,proline,Tri,0.22007404267787933,58
A7A5K1,putrescine,Di,0.24934539198875427,42
A7A5K1,putrescine,Mono,0.2709859609603882,34
A7A5K1,putrescine,Tri,0.22229595482349396,57
A7A5K1,serine,Di,0.352707639336586,11
A7A5K1,serine,Mono,0.33927974104881287,16
A7A5K1,serine,Tri,0.3360609710216522,17
A7A5K1,serotonin,Di,0.2802203893661499,31
A7A5K1,serotonin,Mono,0.2647332176566124,37
A7A5K1,serotonin,Tri,0.29615071415901184,25
A7A5K1,threonine,Di,0.43587371706962585,1
A7A5K1,threonine,Mono,0.40595898032188416,2
A7A5K1,threonine,Tri,0.37695978581905365,4
A7A5K1,tryptamine,Di,0.25023557245731354,41
A7A5K1,tryptamine,Mono,0.23427708446979523,52
A7A5K1,tryptamine,Tri,0.2503782957792282,40
A7A5K1,tyramine,Di,0.2810729295015335,30
A7A5K1,tyramine,Mono,0.2846645265817642,29
A7A5K1,tyramine,Tri,0.2709183990955353,35
A7VQ44,"2,3_diaminopropionic acid",Di,0.27774661779403687,25
A7VQ44,"2,3_diaminopropionic acid",Mono,0.25672533363103867,28
A7VQ44,"2,3_diaminopropionic acid",Tri,0.32235127687454224,14
A7VQ44,2_aminophenol,Di,0.30207329988479614,19
A7VQ44,2_aminophenol,Mono,0.2865004986524582,23
A7VQ44,2_aminophenol,Tri,0.29934220016002655,21
A7VQ44,3_methoxytyramine,Di,0.09930220991373062,71
A7VQ44,3_methoxytyramine,Mono,0.1158938817679882,69
A7VQ44,3_methoxytyramine,Tri,0.079538369551301,74
A7VQ44,alanine,Di,0.1239931508898735,68
A7VQ44,alanine,Mono,0.228541299700737,35
A7VQ44,alanine,Tri,0.20115827023983002,48
A7VQ44,arginine,Di,0.176962211728096,60
A7VQ44,arginine,Mono,0.23189353942871094,33
A7VQ44,arginine,Tri,0.23867183923721313,32
A7VQ44,asparagine,Di,0.25772152096033096,27
A7VQ44,asparagine,Mono,0.30781595408916473,17
A7VQ44,asparagine,Tri,0.29954496026039124,20
A7VQ44,cadaverine,Di,0.16261526942253113,65
A7VQ44,cadaverine,Mono,0.194746233522892,51
A7VQ44,cadaverine,Tri,0.1942800134420395,52
A7VQ44,citrulline,Di,0.26579783111810684,26
A7VQ44,citrulline,Mono,0.3357951045036316,10
A7VQ44,citrulline,Tri,0.2778172492980957,24
A7VQ44,cystine,Di,0.09302512556314468,72
A7VQ44,cystine,Mono,0.21745877712965012,39
A7VQ44,cystine,Tri,0.17040254175662994,63
A7VQ44,dopamine,Di,0.18045730888843536,58
A7VQ44,dopamine,Mono,0.22184936702251434,37
A7VQ44,dopamine,Tri,0.18842115998268127,56
A7VQ44,gaba,Di,0.11456426233053207,70
A7VQ44,gaba,Mono,0.20343592762947083,46
A7VQ44,gaba,Tri,0.16338030248880386,64
A7VQ44,glutamine,Di,0.33257895708084106,11
A7VQ44,glutamine,Mono,0.3174528703093529,16
A7VQ44,glutamine,Tri,0.32001785933971405,15
A7VQ44,glyglycine,Di,0.08846249431371689,73
A7VQ44,glyglycine,Mono,0.15789471566677094,66
A7VQ44,glyglycine,Tri,0.07739276811480522,75
A7VQ44,histidine,Di,0.2979177236557007,22
A7VQ44,histidine,Mono,0.3537193462252617,3
A7VQ44,histidine,Tri,0.343171089887619,6
A7VQ44,lysine,Di,0.19986233860254288,49
A7VQ44,lysine,Mono,0.21308055520057678,41
A7VQ44,lysine,Tri,0.21375738084316254,40
A7VQ44,methionine,Di,0.1369582563638687,67
A7VQ44,methionine,Mono,0.19346507638692856,53
A7VQ44,methionine,Tri,0.1769682541489601,59
A7VQ44,ornithine,Di,0.17213023453950882,62
A7VQ44,ornithine,Mono,0.21225981414318085,42
A7VQ44,ornithine,Tri,0.23046214133501053,34
A7VQ44,phenylalanine,Di,0.348395898938179,4
A7VQ44,phenylalanine,Mono,0.37133702635765076,1
A7VQ44,phenylalanine,Tri,0.34092947840690613,7
A7VQ44,proline,Di,0.20270082354545593,47
A7VQ44,proline,Mono,0.3580348491668701,2
A7VQ44,proline,Tri,0.2215089052915573,38
A7VQ44,putrescine,Di,0.18266534805297852,57
A7VQ44,putrescine,Mono,0.2468896061182022,30
A7VQ44,putrescine,Tri,0.18918073922395706,54
A7VQ44,serine,Di,0.30748896300792694,18
A7VQ44,serine,Mono,0.34792737662792206,5
A7VQ44,serine,Tri,0.32962532341480255,12
A7VQ44,serotonin,Di,0.2039545327425003,45
A7VQ44,serotonin,Mono,0.20777994394302368,44
A7VQ44,serotonin,Tri,0.25039005279541016,29
A7VQ44,threonine,Di,0.3407266438007355,8
A7VQ44,threonine,Mono,0.33878354728221893,9
A7VQ44,threonine,Tri,0.323028102517128,13
A7VQ44,tryptamine,Di,0.1890372931957245,55
A7VQ44,tryptamine,Mono,0.17507262527942657,61
A7VQ44,tryptamine,Tri,0.19943512976169586,50
A7VQ44,tyramine,Di,0.20954658836126328,43
A7VQ44,tyramine,Mono,0.2405293956398964,31
A7VQ44,tyramine,Tri,0.22619512677192688,36
B0MC37,"2,3_diaminopropionic acid",Di,0.32332436740398407,20
B0MC37,"2,3_diaminopropionic acid",Mono,0.2731166332960129,28
B0MC37,"2,3_diaminopropionic acid",Tri,0.33842815458774567,16
B0MC37,2_aminophenol,Di,0.3456631749868393,13
B0MC37,2_aminophenol,Mono,0.30409806966781616,24
B0MC37,2_aminophenol,Tri,0.3132691979408264,22
B0MC37,3_methoxytyramine,Di,0.0686454102396965,74
B0MC37,3_methoxytyramine,Mono,0.10132718831300735,71
B0MC37,3_methoxytyramine,Tri,0.06494279392063618,75
B0MC37,alanine,Di,0.15481630712747574,68
B0MC37,alanine,Mono,0.2449563816189766,34
B0MC37,alanine,Tri,0.21708130836486816,47
B0MC37,arginine,Di,0.19960006326436996,61
B0MC37,arginine,Mono,0.2380010187625885,38
B0MC37,arginine,Tri,0.24992036819458008,32
B0MC37,asparagine,Di,0.2884434908628464,27
B0MC37,asparagine,Mono,0.3215150013566017,21
B0MC37,asparagine,Tri,0.30152440071105957,25
B0MC37,cadaverine,Di,0.20154604315757751,60
B0MC37,cadaverine,Mono,0.20343834161758423,59
B0MC37,cadaverine,Tri,0.2247776985168457,45
B0MC37,citrulline,Di,0.2990013509988785,26
B0MC37,citrulline,Mono,0.3507649153470993,11
B0MC37,citrulline,Tri,0.3098265677690506,23
B0MC37,cystine,Di,0.13728678971529007,70
B0MC37,cystine,Mono,0.22911909222602844,43
B0MC37,cystine,Tri,0.18693683296442032,64
B0MC37,dopamine,Di,0.1927611455321312,63
B0MC37,dopamine,Mono,0.21840978413820267,46
B0MC37,dopamine,Tri,0.19941608607769012,62
B0MC37,gaba,Di,0.1728733628988266,66
B0MC37,gaba,Mono,0.2046552076935768,58
B0MC37,gaba,Tri,0.20604705065488815,56
B0MC37,glutamine,Di,0.36909277737140656,4
B0MC37,glutamine,Mono,0.32996927201747894,18
B0MC37,glutamine,Tri,0.3348104655742645,17
B0MC37,glyglycine,Di,0.08045972511172295,73
B0MC37,glyglycine,Mono,0.15960687398910522,67
B0MC37,glyglycine,Tri,0.08976449817419052,72
B0MC37,histidine,Di,0.3262614607810974,19
B0MC37,histidine,Mono,0.3655681908130646,7
B0MC37,histidine,Tri,0.3572677671909332,8
B0MC37,lysine,Di,0.22763627022504807,44
B0MC37,lysine,Mono,0.20939099788665771,55
B0MC37,lysine,Tri,0.2382137030363083,36
B0MC37,methionine,Di,0.15172411501407623,69
B0MC37,methionine,Mono,0.21068426221609116,53
B0MC37,methionine,Tri,0.2056744024157524,57
B0MC37,ornithine,Di,0.2106017768383026,54
B0MC37,ornithine,Mono,0.21448950469493866,51
B0MC37,ornithine,Tri,0.26156148314476013,30
B0MC37,phenylalanine,Di,0.36703765392303467,5
B0MC37,phenylalanine,Mono,0.37974315881729126,2
B0MC37,phenylalanine,Tri,0.34260858595371246,15
B0MC37,proline,Di,0.2454180270433426,33
B0MC37,proline,Mono,0.36590345203876495,6
B0MC37,proline,Tri,0.23819183558225632,37
B0MC37,putrescine,Di,0.23579484224319458,39
B0MC37,putrescine,Mono,0.25640106201171875,31
B0MC37,putrescine,Tri,0.21676397323608398,49
B0MC37,serine,Di,0.3508501201868057,10
B0MC37,serine,Mono,0.34833189845085144,12
B0MC37,serine,Tri,0.3448752611875534,14
B0MC37,serotonin,Di,0.23260954022407532,42
B0MC37,serotonin,Mono,0.21468321979045868,50
B0MC37,serotonin,Tri,0.2647603303194046,29
B0MC37,threonine,Di,0.3924332708120346,1
B0MC37,threonine,Mono,0.37123903632164,3
B0MC37,threonine,Tri,0.3561561554670334,9
B0MC37,tryptamine,Di,0.21161998808383942,52
B0MC37,tryptamine,Mono,0.18427551537752151,65
B0MC37,tryptamine,Tri,0.21705977618694305,48
B0MC37,tyramine,Di,0.23503056168556213,41
B0MC37,tyramine,Mono,0.2412637621164322,35
B0MC37,tyramine,Tri,0.23554377257823944,40
B5D243,"2,3_diaminopropionic acid",Di,0.33028319478034973,14
B5D243,"2,3_diaminopropionic acid",Mono,0.2770925909280777,27
B5D243,"2,3_diaminopropionic acid",Tri,0.3238600641489029,17
B5D243,2_aminophenol,Di,0.3494749963283539,9
B5D243,2_aminophenol,Mono,0.3011787384748459,23
B5D243,2_aminophenol,Tri,0.29900120198726654,25
B5D243,3_methoxytyramine,Di,0.04893993120640516,75
B5D243,3_methoxytyramine,Mono,0.08243830502033234,72
B5D243,3_methoxytyramine,Tri,0.062463756650686264,74
B5D243,alanine,Di,0.16155566275119781,68
B5D243,alanine,Mono,0.23417377471923828,36
B5D243,alanine,Tri,0.1976984217762947,57
B5D243,arginine,Di,0.20551463216543198,49
B5D243,arginine,Mono,0.2287193462252617,41
B5D243,arginine,Tri,0.23975733667612076,33
B5D243,asparagine,Di,0.2794838398694992,26
B5D243,asparagine,Mono,0.3096182495355606,22
B5D243,asparagine,Tri,0.2733363211154938,28
B5D243,cadaverine,Di,0.20187480747699738,54
B5D243,cadaverine,Mono,0.20485194772481918,51
B5D243,cadaverine,Tri,0.22100061923265457,44
B5D243,citrulline,Di,0.31817349791526794,21
B5D243,citrulline,Mono,0.36600570380687714,4
B5D243,citrulline,Tri,0.3184274733066559,20
B5D243,cystine,Di,0.15126779675483704,69
B5D243,cystine,Mono,0.22134706377983093,42
B5D243,cystine,Tri,0.19342073798179626,61
B5D243,dopamine,Di,0.18213175982236862,64
B5D243,dopamine,Mono,0.20066407322883606,55
B5D243,dopamine,Tri,0.18773958086967468,63
B5D243,gaba,Di,0.1668616309762001,66
B5D243,gaba,Mono,0.19024193286895752,62
B5D243,gaba,Tri,0.20274671912193298,53
B5D243,glutamine,Di,0.362038716673851,5
B5D243,glutamine,Mono,0.32545606791973114,16
B5D243,glutamine,Tri,0.30004625022411346,24
B5D243,glyglycine,Di,0.09265162609517574,71
B5D243,glyglycine,Mono,0.16578281670808792,67
B5D243,glyglycine,Tri,0.07860685139894485,73
B5D243,histidine,Di,0.3221290558576584,18
B5D243,histidine,Mono,0.3586069792509079,7
B5D243,histidine,Tri,0.3375978022813797,12
B5D243,lysine,Di,0.2134767845273018,45
B5D243,lysine,Mono,0.19995957612991333,56
B5D243,lysine,Tri,0.2315099835395813,37
B5D243,methionine,Di,0.14334416389465332,70
B5D243,methionine,Mono,0.2028900533914566,52
B5D243,methionine,Tri,0.19367846846580505,60
B5D243,ornithine,Di,0.20520582050085068,50
B5D243,ornithine,Mono,0.19566002488136292,58
B5D243,ornithine,Tri,0.25082673132419586,31
B5D243,phenylalanine,Di,0.35481420159339905,8
B5D243,phenylalanine,Mono,0.36780528724193573,3
B5D243,phenylalanine,Tri,0.3209025412797928,19
B5D243,proline,Di,0.2493041604757309,32
B5D243,proline,Mono,0.36097022891044617,6
B5D243,proline,Tri,0.23001728951931,38
B5D243,putrescine,Di,0.22953394055366516,39
B5D243,putrescine,Mono,0.2514842748641968,30
B5D243,putrescine,Tri,0.21011747419834137,47
B5D243,serine,Di,0.345747709274292,10
B5D243,serine,Mono,0.3369150310754776,13
B5D243,serine,Tri,0.32622070610523224,15
B5D243,serotonin,Di,0.2355158030986786,35
B5D243,serotonin,Mono,0.20844298601150513,48
B5D243,serotonin,Tri,0.262739896774292,29
B5D243,threonine,Di,0.3996139019727707,1
B5D243,threonine,Mono,0.37476322054862976,2
B5D243,threonine,Tri,0.3444177657365799,11
B5D243,tryptamine,Di,0.1956392452120781,59
B5D243,tryptamine,Mono,0.1682644858956337,65
B5D243,tryptamine,Tri,0.2112537994980812,46
B5D243,tyramine,Di,0.2364640235900879,34
B5D243,tyramine,Mono,0.22129091620445251,43
B5D243,tyramine,Tri,0.22906339913606644,40
B7AVX6,"2,3_diaminopropionic acid",Di,0.3434993773698807,7
B7AVX6,"2,3_diaminopropionic acid",Mono,0.2701135501265526,28
B7AVX6,"2,3_diaminopropionic acid",Tri,0.3322247862815857,12
B7AVX6,2_aminophenol,Di,0.36947202682495117,3
B7AVX6,2_aminophenol,Mono,0.29447364062070847,22
B7AVX6,2_aminophenol,Tri,0.30409932136535645,19
B7AVX6,3_methoxytyramine,Di,0.07602032646536827,74
B7AVX6,3_methoxytyramine,Mono,0.11809171736240387,71
B7AVX6,3_methoxytyramine,Tri,0.07374004647135735,75
B7AVX6,alanine,Di,0.1567579247057438,68
B7AVX6,alanine,Mono,0.2069234549999237,50
B7AVX6,alanine,Tri,0.17291104793548584,65
B7AVX6,arginine,Di,0.19425438344478607,60
B7AVX6,arginine,Mono,0.21328646689653397,48
B7AVX6,arginine,Tri,0.22788956761360168,43
B7AVX6,asparagine,Di,0.2724258452653885,27
B7AVX6,asparagine,Mono,0.2726602554321289,26
B7AVX6,asparagine,Tri,0.25993987917900085,30
B7AVX6,cadaverine,Di,0.206539086997509,52
B7AVX6,cadaverine,Mono,0.19340874999761581,61
B7AVX6,cadaverine,Tri,0.20692069828510284,51
B7AVX6,citrulline,Di,0.3347542881965637,11
B7AVX6,citrulline,Mono,0.3436914384365082,6
B7AVX6,citrulline,Tri,0.3291223794221878,13
B7AVX6,cystine,Di,0.16341865062713623,67
B7AVX6,cystine,Mono,0.22601599991321564,44
B7AVX6,cystine,Tri,0.19713566452264786,58
B7AVX6,dopamine,Di,0.21446335315704346,47
B7AVX6,dopamine,Mono,0.22942936420440674,41
B7AVX6,dopamine,Tri,0.2233700305223465,45
B7AVX6,gaba,Di,0.18503406643867493,63
B7AVX6,gaba,Mono,0.19237592816352844,62
B7AVX6,gaba,Tri,0.20209936797618866,56
B7AVX6,glutamine,Di,0.35190095007419586,5
B7AVX6,glutamine,Mono,0.29079046100378036,23
B7AVX6,glutamine,Tri,0.28261929750442505,25
B7AVX6,glyglycine,Di,0.07753261551260948,73
B7AVX6,glyglycine,Mono,0.14429325610399246,69
B7AVX6,glyglycine,Tri,0.0843199361115694,72
B7AVX6,histidine,Di,0.2962587922811508,21
B7AVX6,histidine,Mono,0.3226350098848343,16
B7AVX6,histidine,Tri,0.32299570739269257,15
B7AVX6,lysine,Di,0.2126772478222847,49
B7AVX6,lysine,Mono,0.2015935704112053,57
B7AVX6,lysine,Tri,0.22805219143629074,42
B7AVX6,methionine,Di,0.13672423362731934,70
B7AVX6,methionine,Mono,0.17319222539663315,64
B7AVX6,methionine,Tri,0.171823650598526,66
B7AVX6,ornithine,Di,0.21651765704154968,46
B7AVX6,ornithine,Mono,0.20438378304243088,54
B7AVX6,ornithine,Tri,0.26287534087896347,29
B7AVX6,phenylalanine,Di,0.3368322551250458,9
B7AVX6,phenylalanine,Mono,0.32832253724336624,14
B7AVX6,phenylalanine,Tri,0.3033946305513382,20
B7AVX6,proline,Di,0.25133178383111954,34
B7AVX6,proline,Mono,0.3367116451263428,10
B7AVX6,proline,Tri,0.20635993033647537,53
B7AVX6,putrescine,Di,0.24424096196889877,37
B7AVX6,putrescine,Mono,0.2464386522769928,36
B7AVX6,putrescine,Tri,0.20367331802845,55
B7AVX6,serine,Di,0.3417571038007736,8
B7AVX6,serine,Mono,0.305178627371788,18
B7AVX6,serine,Tri,0.3191644251346588,17
B7AVX6,serotonin,Di,0.25849954783916473,31
B7AVX6,serotonin,Mono,0.2313331663608551,40
B7AVX6,serotonin,Tri,0.2837681174278259,24
B7AVX6,threonine,Di,0.42199283838272095,1
B7AVX6,threonine,Mono,0.3801411837339401,2
B7AVX6,threonine,Tri,0.3573961704969406,4
B7AVX6,tryptamine,Di,0.2336169332265854,38
B7AVX6,tryptamine,Mono,0.19699493795633316,59
B7AVX6,tryptamine,Tri,0.2325635477900505,39
B7AVX6,tyramine,Di,0.2583964616060257,32
B7AVX6,tyramine,Mono,0.25311245024204254,33
B7AVX6,tyramine,Tri,0.25023193657398224,35
BBD47700,"2,3_diaminopropionic acid",Di,0.3613291531801224,8
BBD47700,"2,3_diaminopropionic acid",Mono,0.2807495966553688,34
BBD47700,"2,3_diaminopropionic acid",Tri,0.3470666706562042,11
BBD47700,2_aminophenol,Di,0.38316188752651215,3
BBD47700,2_aminophenol,Mono,0.3034345805644989,26
BBD47700,2_aminophenol,Tri,0.32273244857788086,20
BBD47700,3_methoxytyramine,Di,0.13124238327145576,72
BBD47700,3_methoxytyramine,Mono,0.15037746727466583,71
BBD47700,3_methoxytyramine,Tri,0.10926607251167297,74
BBD47700,alanine,Di,0.17023355513811111,69
BBD47700,alanine,Mono,0.224222831428051,57
BBD47700,alanine,Tri,0.1859196126461029,65
BBD47700,arginine,Di,0.1950068101286888,63
BBD47700,arginine,Mono,0.22978046536445618,52
BBD47700,arginine,Tri,0.22575493156909943,54
BBD47700,asparagine,Di,0.3076953738927841,22
BBD47700,asparagine,Mono,0.2914807051420212,32
BBD47700,asparagine,Tri,0.2942030131816864,31
BBD47700,cadaverine,Di,0.23277770727872849,50
BBD47700,cadaverine,Mono,0.21738801896572113,60
BBD47700,cadaverine,Tri,0.22555387020111084,55
BBD47700,citrulline,Di,0.34074753522872925,16
BBD47700,citrulline,Mono,0.3504176735877991,10
BBD47700,citrulline,Tri,0.33080556988716125,18
BBD47700,cystine,Di,0.1916104182600975,64
BBD47700,cystine,Mono,0.25933532416820526,44
BBD47700,cystine,Tri,0.214486762881279,61
BBD47700,dopamine,Di,0.26100198924541473,42
BBD47700,dopamine,Mono,0.2750963866710663,37
BBD47700,dopamine,Tri,0.26673130691051483,38
BBD47700,gaba,Di,0.2194410264492035,59
BBD47700,gaba,Mono,0.22970791161060333,53
BBD47700,gaba,Tri,0.22489535063505173,56
BBD47700,glutamine,Di,0.3784964829683304,4
BBD47700,glutamine,Mono,0.30289894342422485,27
BBD47700,glutamine,Tri,0.3047213703393936,25
BBD47700,glyglycine,Di,0.10703325271606445,75
BBD47700,glyglycine,Mono,0.17769882082939148,67
BBD47700,glyglycine,Tri,0.1224430501461029,73
BBD47700,histidine,Di,0.30702486634254456,23
BBD47700,histidine,Mono,0.33405398577451706,17
BBD47700,histidine,Tri,0.3462240397930145,13
BBD47700,lysine,Di,0.24222896993160248,48
BBD47700,lysine,Mono,0.23618388921022415,49
BBD47700,lysine,Tri,0.24705849587917328,46
BBD47700,methionine,Di,0.1516571119427681,70
BBD47700,methionine,Mono,0.18291006982326508,66
BBD47700,methionine,Tri,0.17145447432994843,68
BBD47700,ornithine,Di,0.24314632266759872,47
BBD47700,ornithine,Mono,0.22985628992319107,51
BBD47700,ornithine,Tri,0.28258317708969116,33
BBD47700,phenylalanine,Di,0.3760617524385452,5
BBD47700,phenylalanine,Mono,0.35614465177059174,9
BBD47700,phenylalanine,Tri,0.34157194197177887,15
BBD47700,proline,Di,0.25960852205753326,43
BBD47700,proline,Mono,0.3444809913635254,14
BBD47700,proline,Tri,0.2039467692375183,62
BBD47700,putrescine,Di,0.26577702164649963,40
BBD47700,putrescine,Mono,0.26668740808963776,39
BBD47700,putrescine,Tri,0.21982649713754654,58
BBD47700,serine,Di,0.3663620054721832,7
BBD47700,serine,Mono,0.32878321409225464,19
BBD47700,serine,Tri,0.3468770533800125,12
BBD47700,serotonin,Di,0.30245672166347504,28
BBD47700,serotonin,Mono,0.2757968008518219,36
BBD47700,serotonin,Tri,0.31817173957824707,21
BBD47700,threonine,Di,0.43561793863773346,1
BBD47700,threonine,Mono,0.3952881097793579,2
BBD47700,threonine,Tri,0.37067410349845886,6
BBD47700,tryptamine,Di,0.27780744433403015,35
BBD47700,tryptamine,Mono,0.24860797822475433,45
BBD47700,tryptamine,Tri,0.2654004842042923,41
BBD47700,tyramine,Di,0.3055446445941925,24
BBD47700,tyramine,Mono,0.29895035922527313,29
BBD47700,tyramine,Tri,0.2942923456430435,30
C0CIF5,"2,3_diaminopropionic acid",Di,0.30840982496738434,16
C0CIF5,"2,3_diaminopropionic acid",Mono,0.2641770988702774,28
C0CIF5,"2,3_diaminopropionic acid",Tri,0.32218320667743683,14
C0CIF5,2_aminophenol,Di,0.328419953584671,11
C0CIF5,2_aminophenol,Mono,0.28386401385068893,25
C0CIF5,2_aminophenol,Tri,0.2884785234928131,22
C0CIF5,3_methoxytyramine,Di,0.07842012215405703,73
C0CIF5,3_methoxytyramine,Mono,0.1036112792789936,71
C0CIF5,3_methoxytyramine,Tri,0.06897557899355888,75
C0CIF5,alanine,Di,0.13468531891703606,68
C0CIF5,alanine,Mono,0.22112531960010529,39
C0CIF5,alanine,Tri,0.18307948112487793,59
C0CIF5,arginine,Di,0.1820349171757698,60
C0CIF5,arginine,Mono,0.2280001938343048,35
C0CIF5,arginine,Tri,0.22084299474954605,40
C0CIF5,asparagine,Di,0.26504844427108765,27
C0CIF5,asparagine,Mono,0.28878918290138245,21
C0CIF5,asparagine,Tri,0.2693523243069649,26
C0CIF5,cadaverine,Di,0.17810636013746262,63
C0CIF5,cadaverine,Mono,0.19166340678930283,54
C0CIF5,cadaverine,Tri,0.19664237648248672,50
C0CIF5,citrulline,Di,0.28927619755268097,20
C0CIF5,citrulline,Mono,0.3351234793663025,9
C0CIF5,citrulline,Tri,0.2883048504590988,23
C0CIF5,cystine,Di,0.12260841205716133,70
C0CIF5,cystine,Mono,0.2239820510149002,37
C0CIF5,cystine,Tri,0.18143324553966522,61
C0CIF5,dopamine,Di,0.18971148133277893,56
C0CIF5,dopamine,Mono,0.22293967008590698,38
C0CIF5,dopamine,Tri,0.19996625930070877,47
C0CIF5,gaba,Di,0.14857779443264008,67
C0CIF5,gaba,Mono,0.1946098729968071,53
C0CIF5,gaba,Tri,0.17676274478435516,64
C0CIF5,glutamine,Di,0.34051714837551117,5
C0CIF5,glutamine,Mono,0.30219821631908417,18
C0CIF5,glutamine,Tri,0.29038219153881073,19
C0CIF5,glyglycine,Di,0.07867729663848877,72
C0CIF5,glyglycine,Mono,0.1505628079175949,66
C0CIF5,glyglycine,Tri,0.07550893351435661,74
C0CIF5,histidine,Di,0.28810445964336395,24
C0CIF5,histidine,Mono,0.33675889670848846,8
C0CIF5,histidine,Tri,0.32263000309467316,13
C0CIF5,lysine,Di,0.19480405002832413,52
C0CIF5,lysine,Mono,0.19982727617025375,48
C0CIF5,lysine,Tri,0.20576857030391693,45
C0CIF5,methionine,Di,0.12542353570461273,69
C0CIF5,methionine,Mono,0.17915422469377518,62
C0CIF5,methionine,Tri,0.15587657690048218,65
C0CIF5,ornithine,Di,0.18683648854494095,57
C0CIF5,ornithine,Mono,0.19800280034542084,49
C0CIF5,ornithine,Tri,0.23559698462486267,33
C0CIF5,phenylalanine,Di,0.33919161558151245,6
C0CIF5,phenylalanine,Mono,0.3484312891960144,3
C0CIF5,phenylalanine,Tri,0.3079865872859955,17
C0CIF5,proline,Di,0.21689386665821075,42
C0CIF5,proline,Mono,0.3383985161781311,7
C0CIF5,proline,Tri,0.1952391415834427,51
C0CIF5,putrescine,Di,0.2087191790342331,43
C0CIF5,putrescine,Mono,0.2405301034450531,31
C0CIF5,putrescine,Tri,0.19038352370262146,55
C0CIF5,serine,Di,0.325567826628685,12
C0CIF5,serine,Mono,0.3301030844449997,10
C0CIF5,serine,Tri,0.3150697499513626,15
C0CIF5,serotonin,Di,0.22734498232603073,36
C0CIF5,serotonin,Mono,0.21715907752513885,41
C0CIF5,serotonin,Tri,0.25688309967517853,29
C0CIF5,threonine,Di,0.3872693181037903,1
C0CIF5,threonine,Mono,0.3633642941713333,2
C0CIF5,threonine,Tri,0.34226565062999725,4
C0CIF5,tryptamine,Di,0.20179368555545807,46
C0CIF5,tryptamine,Mono,0.18675706535577774,58
C0CIF5,tryptamine,Tri,0.20599381625652313,44
C0CIF5,tyramine,Di,0.23436491191387177,34
C0CIF5,tyramine,Mono,0.24379214644432068,30
C0CIF5,tyramine,Tri,0.23571929335594177,32
C0ERS1,"2,3_diaminopropionic acid",Di,0.34249624609947205,11
C0ERS1,"2,3_diaminopropionic acid",Mono,0.26833227276802063,31
C0ERS1,"2,3_diaminopropionic acid",Tri,0.3446558713912964,10
C0ERS1,2_aminophenol,Di,0.37194932997226715,3
C0ERS1,2_aminophenol,Mono,0.30188849568367004,22
C0ERS1,2_aminophenol,Tri,0.3171941190958023,20
C0ERS1,3_methoxytyramine,Di,0.08935732021927834,73
C0ERS1,3_methoxytyramine,Mono,0.12203257530927658,71
C0ERS1,3_methoxytyramine,Tri,0.08141310699284077,74
C0ERS1,alanine,Di,0.15119146928191185,69
C0ERS1,alanine,Mono,0.2185371369123459,50
C0ERS1,alanine,Tri,0.17418168485164642,65
C0ERS1,arginine,Di,0.1894213780760765,63
C0ERS1,arginine,Mono,0.21709857136011124,51
C0ERS1,arginine,Tri,0.22964588552713394,45
C0ERS1,asparagine,Di,0.28721773624420166,27
C0ERS1,asparagine,Mono,0.28811438381671906,26
C0ERS1,asparagine,Tri,0.2801586389541626,28
C0ERS1,cadaverine,Di,0.21067354083061218,56
C0ERS1,cadaverine,Mono,0.2004193812608719,61
C0ERS1,cadaverine,Tri,0.21997575461864471,49
C0ERS1,citrulline,Di,0.3300561308860779,16
C0ERS1,citrulline,Mono,0.3466136157512665,9
C0ERS1,citrulline,Tri,0.32666292786598206,18
C0ERS1,cystine,Di,0.16482391953468323,67
C0ERS1,cystine,Mono,0.2371736615896225,43
C0ERS1,cystine,Tri,0.20610730350017548,58
C0ERS1,dopamine,Di,0.22355876863002777,47
C0ERS1,dopamine,Mono,0.24195709079504013,38
C0ERS1,dopamine,Tri,0.23781047761440277,42
C0ERS1,gaba,Di,0.19135141372680664,62
C0ERS1,gaba,Mono,0.20584890991449356,59
C0ERS1,gaba,Tri,0.21181666105985641,55
C0ERS1,glutamine,Di,0.36219096183776855,5
C0ERS1,glutamine,Mono,0.3022687956690788,21
C0ERS1,glutamine,Tri,0.2979012280702591,24
C0ERS1,glyglycine,Di,0.08140231296420097,75
C0ERS1,glyglycine,Mono,0.15232612937688828,68
C0ERS1,glyglycine,Tri,0.09581677615642548,72
C0ERS1,histidine,Di,0.2986930161714554,23
C0ERS1,histidine,Mono,0.3354656994342804,14
C0ERS1,histidine,Tri,0.3379825949668884,13
C0ERS1,lysine,Di,0.22352275252342224,48
C0ERS1,lysine,Mono,0.21271541714668274,54
C0ERS1,lysine,Tri,0.2370019108057022,44
C0ERS1,methionine,Di,0.1366361677646637,70
C0ERS1,methionine,Mono,0.1797848716378212,64
C0ERS1,methionine,Tri,0.16888874024152756,66
C0ERS1,ornithine,Di,0.22422906756401062,46
C0ERS1,ornithine,Mono,0.21523581445217133,53
C0ERS1,ornithine,Tri,0.2753155082464218,29
C0ERS1,phenylalanine,Di,0.3562985956668854,6
C0ERS1,phenylalanine,Mono,0.35012033581733704,7
C0ERS1,phenylalanine,Tri,0.3241174668073654,19
C0ERS1,proline,Di,0.24244247376918793,37
C0ERS1,proline,Mono,0.33979053795337677,12
C0ERS1,proline,Tri,0.2054857462644577,60
C0ERS1,putrescine,Di,0.24680095911026,36
C0ERS1,putrescine,Mono,0.25235362350940704,35
C0ERS1,putrescine,Tri,0.21549201756715775,52
C0ERS1,serine,Di,0.34712789952754974,8
C0ERS1,serine,Mono,0.32795344293117523,17
C0ERS1,serine,Tri,0.33197447657585144,15
C0ERS1,serotonin,Di,0.2644755467772484,34
C0ERS1,serotonin,Mono,0.24010886996984482,39
C0ERS1,serotonin,Tri,0.29565517604351044,25
C0ERS1,threonine,Di,0.4209814518690109,1
C0ERS1,threonine,Mono,0.385897159576416,2
C0ERS1,threonine,Tri,0.36625267565250397,4
C0ERS1,tryptamine,Di,0.23882878571748734,40
C0ERS1,tryptamine,Mono,0.20723162591457367,57
C0ERS1,tryptamine,Tri,0.23822536319494247,41
C0ERS1,tyramine,Di,0.26852941513061523,30
C0ERS1,tyramine,Mono,0.267198771238327,33
C0ERS1,tyramine,Tri,0.26742562651634216,32
G5H9N3,"2,3_diaminopropionic acid",Di,0.3977963775396347,24
G5H9N3,"2,3_diaminopropionic acid",Mono,0.46396777033805847,10
G5H9N3,"2,3_diaminopropionic acid",Tri,0.3485690504312515,37
G5H9N3,2_aminophenol,Di,0.41745565831661224,17
G5H9N3,2_aminophenol,Mono,0.46676982939243317,9
G5H9N3,2_aminophenol,Tri,0.3694451004266739,33
G5H9N3,3_methoxytyramine,Di,0.0862810555845499,74
G5H9N3,3_methoxytyramine,Mono,0.17855708301067352,70
G5H9N3,3_methoxytyramine,Tri,0.0804302729666233,75
G5H9N3,alanine,Di,0.30714233219623566,46
G5H9N3,alanine,Mono,0.4333023130893707,15
G5H9N3,alanine,Tri,0.2893875986337662,49
G5H9N3,arginine,Di,0.28567181527614594,51
G5H9N3,arginine,Mono,0.3806046098470688,28
G5H9N3,arginine,Tri,0.3365073800086975,41
G5H9N3,asparagine,Di,0.3796413093805313,29
G5H9N3,asparagine,Mono,0.47635969519615173,8
G5H9N3,asparagine,Tri,0.3707890212535858,32
G5H9N3,cadaverine,Di,0.33777453005313873,40
G5H9N3,cadaverine,Mono,0.4342825710773468,14
G5H9N3,cadaverine,Tri,0.29507648944854736,48
G5H9N3,citrulline,Di,0.36255234479904175,34
G5H9N3,citrulline,Mono,0.5210799276828766,3
G5H9N3,citrulline,Tri,0.3408515155315399,39
G5H9N3,cystine,Di,0.24227025359869003,62
G5H9N3,cystine,Mono,0.3743712455034256,31
G5H9N3,cystine,Tri,0.23353880643844604,64
G5H9N3,dopamine,Di,0.20329227298498154,68
G5H9N3,dopamine,Mono,0.2673262506723404,54
G5H9N3,dopamine,Tri,0.1495445817708969,72
G5H9N3,gaba,Di,0.2557520195841789,58
G5H9N3,gaba,Mono,0.3958818316459656,25
G5H9N3,gaba,Tri,0.2429022192955017,61
G5H9N3,glutamine,Di,0.4371227025985718,13
G5H9N3,glutamine,Mono,0.5132397264242172,4
G5H9N3,glutamine,Tri,0.37542714178562164,30
G5H9N3,glyglycine,Di,0.23474275320768356,63
G5H9N3,glyglycine,Mono,0.3542103171348572,36
G5H9N3,glyglycine,Tri,0.1302933320403099,73
G5H9N3,histidine,Di,0.43121400475502014,16
G5H9N3,histidine,Mono,0.5082537978887558,5
G5H9N3,histidine,Tri,0.406984880566597,19
G5H9N3,lysine,Di,0.3583615869283676,35
G5H9N3,lysine,Mono,0.41332030296325684,18
G5H9N3,lysine,Tri,0.3423297703266144,38
G5H9N3,methionine,Di,0.25513069331645966,59
G5H9N3,methionine,Mono,0.40139953792095184,21
G5H9N3,methionine,Tri,0.271274670958519,53
G5H9N3,ornithine,Di,0.32274799048900604,42
G5H9N3,ornithine,Mono,0.40120232105255127,22
G5H9N3,ornithine,Tri,0.3158505856990814,43
G5H9N3,phenylalanine,Di,0.4375252425670624,12
G5H9N3,phenylalanine,Mono,0.5252753049135208,2
G5H9N3,phenylalanine,Tri,0.39834603667259216,23
G5H9N3,proline,Di,0.2642083913087845,56
G5H9N3,proline,Mono,0.5033707320690155,6
G5H9N3,proline,Tri,0.2996330112218857,47
G5H9N3,putrescine,Di,0.31375831365585327,44
G5H9N3,putrescine,Mono,0.445142537355423,11
G5H9N3,putrescine,Tri,0.2568243592977524,57
G5H9N3,serine,Di,0.40293265879154205,20
G5H9N3,serine,Mono,0.5266323834657669,1
G5H9N3,serine,Tri,0.3850659430027008,27
G5H9N3,serotonin,Di,0.2644709348678589,55
G5H9N3,serotonin,Mono,0.27775780856609344,52
G5H9N3,serotonin,Tri,0.24817043542861938,60
G5H9N3,threonine,Di,0.3856499493122101,26
G5H9N3,threonine,Mono,0.48098115622997284,7
G5H9N3,threonine,Tri,0.31160466372966766,45
G5H9N3,tryptamine,Di,0.203877754509449,67
G5H9N3,tryptamine,Mono,0.21791048347949982,66
G5H9N3,tryptamine,Tri,0.17429833114147186,71
G5H9N3,tyramine,Di,0.21935376524925232,65
G5H9N3,tyramine,Mono,0.28567878901958466,50
G5H9N3,tyramine,Tri,0.18158362060785294,69
G5H9U7,"2,3_diaminopropionic acid",Di,0.349412277340889,19
G5H9U7,"2,3_diaminopropionic acid",Mono,0.36414019763469696,17
G5H9U7,"2,3_diaminopropionic acid",Tri,0.3220122754573822,29
G5H9U7,2_aminophenol,Di,0.38572753965854645,15
G5H9U7,2_aminophenol,Mono,0.3897063732147217,13
G5H9U7,2_aminophenol,Tri,0.3350657522678375,23
G5H9U7,3_methoxytyramine,Di,0.05393194034695625,75
G5H9U7,3_methoxytyramine,Mono,0.11086869612336159,72
G5H9U7,3_methoxytyramine,Tri,0.0683991014957428,74
G5H9U7,alanine,Di,0.2524598017334938,46
G5H9U7,alanine,Mono,0.34226512908935547,21
G5H9U7,alanine,Tri,0.2381802648305893,49
G5H9U7,arginine,Di,0.25666818022727966,44
G5H9U7,arginine,Mono,0.2892279848456383,33
G5H9U7,arginine,Tri,0.28762754797935486,34
G5H9U7,asparagine,Di,0.33485862612724304,24
G5H9U7,asparagine,Mono,0.4117398113012314,8
G5H9U7,asparagine,Tri,0.31835275888442993,30
G5H9U7,cadaverine,Di,0.2586500495672226,42
G5H9U7,cadaverine,Mono,0.3132387846708298,32
G5H9U7,cadaverine,Tri,0.253077857196331,45
G5H9U7,citrulline,Di,0.3340933322906494,25
G5H9U7,citrulline,Mono,0.44637778401374817,4
G5H9U7,citrulline,Tri,0.3225630819797516,28
G5H9U7,cystine,Di,0.1942170038819313,62
G5H9U7,cystine,Mono,0.28575631976127625,35
G5H9U7,cystine,Tri,0.2137131467461586,56
G5H9U7,dopamine,Di,0.15101619064807892,69
G5H9U7,dopamine,Mono,0.190886452794075,63
G5H9U7,dopamine,Tri,0.13053949549794197,71
G5H9U7,gaba,Di,0.19502606987953186,61
G5H9U7,gaba,Mono,0.27410420775413513,38
G5H9U7,gaba,Tri,0.215750589966774,55
G5H9U7,glutamine,Di,0.3931285887956619,11
G5H9U7,glutamine,Mono,0.4383433759212494,5
G5H9U7,glutamine,Tri,0.3337463438510895,26
G5H9U7,glyglycine,Di,0.1603827327489853,67
G5H9U7,glyglycine,Mono,0.2381608933210373,50
G5H9U7,glyglycine,Tri,0.08738256990909576,73
G5H9U7,histidine,Di,0.3919520229101181,12
G5H9U7,histidine,Mono,0.4568445682525635,2
G5H9U7,histidine,Tri,0.3690539449453354,16
G5H9U7,lysine,Di,0.2580755352973938,43
G5H9U7,lysine,Mono,0.2754971832036972,37
G5H9U7,lysine,Tri,0.2683635801076889,40
G5H9U7,methionine,Di,0.20469826459884644,59
G5H9U7,methionine,Mono,0.3244274705648422,27
G5H9U7,methionine,Tri,0.23664969950914383,51
G5H9U7,ornithine,Di,0.24647139012813568,48
G5H9U7,ornithine,Mono,0.2773386687040329,36
G5H9U7,ornithine,Tri,0.27380189299583435,39
G5H9U7,phenylalanine,Di,0.40265020728111267,9
G5H9U7,phenylalanine,Mono,0.45902514457702637,1
G5H9U7,phenylalanine,Tri,0.3515087217092514,18
G5H9U7,proline,Di,0.23205611109733582,52
G5H9U7,proline,Mono,0.4232312738895416,7
G5H9U7,proline,Tri,0.2628871500492096,41
G5H9U7,putrescine,Di,0.25129206478595734,47
G5H9U7,putrescine,Mono,0.3361390233039856,22
G5H9U7,putrescine,Tri,0.2201903983950615,54
G5H9U7,serine,Di,0.38946695625782013,14
G5H9U7,serine,Mono,0.4519796818494797,3
G5H9U7,serine,Tri,0.3477254658937454,20
G5H9U7,serotonin,Di,0.2079193815588951,57
G5H9U7,serotonin,Mono,0.1974102035164833,60
G5H9U7,serotonin,Tri,0.23009884357452393,53
G5H9U7,threonine,Di,0.39665883779525757,10
G5H9U7,threonine,Mono,0.424496591091156,6
G5H9U7,threonine,Tri,0.31362438201904297,31
G5H9U7,tryptamine,Di,0.1637784168124199,66
G5H9U7,tryptamine,Mono,0.14717300981283188,70
G5H9U7,tryptamine,Tri,0.15547659993171692,68
G5H9U7,tyramine,Di,0.18423838168382645,64
G5H9U7,tyramine,Mono,0.2076820284128189,58
G5H9U7,tyramine,Tri,0.16851173341274261,65
H1DEM8,"2,3_diaminopropionic acid",Di,0.3333791643381119,13
H1DEM8,"2,3_diaminopropionic acid",Mono,0.2539317458868027,31
H1DEM8,"2,3_diaminopropionic acid",Tri,0.3277888596057892,14
H1DEM8,2_aminophenol,Di,0.3450372666120529,7
H1DEM8,2_aminophenol,Mono,0.274468831717968,26
H1DEM8,2_aminophenol,Tri,0.29268284142017365,23
H1DEM8,3_methoxytyramine,Di,0.08015378005802631,73
H1DEM8,3_methoxytyramine,Mono,0.08796406537294388,72
H1DEM8,3_methoxytyramine,Tri,0.06854217499494553,75
H1DEM8,alanine,Di,0.14376994967460632,68
H1DEM8,alanine,Mono,0.2012588009238243,52
H1DEM8,alanine,Tri,0.16956496983766556,64
H1DEM8,arginine,Di,0.201081320643425,53
H1DEM8,arginine,Mono,0.2108364924788475,47
H1DEM8,arginine,Tri,0.22178825736045837,41
H1DEM8,asparagine,Di,0.27280130982398987,27
H1DEM8,asparagine,Mono,0.2846514582633972,24
H1DEM8,asparagine,Tri,0.26936952769756317,28
H1DEM8,cadaverine,Di,0.19279219955205917,56
H1DEM8,cadaverine,Mono,0.17564374208450317,62
H1DEM8,cadaverine,Tri,0.2036244049668312,51
H1DEM8,citrulline,Di,0.318086639046669,17
H1DEM8,citrulline,Mono,0.33745934069156647,10
H1DEM8,citrulline,Tri,0.3091142475605011,20
H1DEM8,cystine,Di,0.14125048369169235,69
H1DEM8,cystine,Mono,0.2073235809803009,49
H1DEM8,cystine,Tri,0.17604422569274902,61
H1DEM8,dopamine,Di,0.21419250220060349,45
H1DEM8,dopamine,Mono,0.21992964297533035,43
H1DEM8,dopamine,Tri,0.21169254183769226,46
H1DEM8,gaba,Di,0.17033425718545914,63
H1DEM8,gaba,Mono,0.17785996198654175,59
H1DEM8,gaba,Tri,0.19131366163492203,57
H1DEM8,glutamine,Di,0.361268013715744,3
H1DEM8,glutamine,Mono,0.2976704239845276,21
H1DEM8,glutamine,Tri,0.29429154098033905,22
H1DEM8,glyglycine,Di,0.09550045989453793,71
H1DEM8,glyglycine,Mono,0.14584877341985703,67
H1DEM8,glyglycine,Tri,0.07354889810085297,74
H1DEM8,histidine,Di,0.3125148117542267,18
H1DEM8,histidine,Mono,0.3358650878071785,11
H1DEM8,histidine,Tri,0.3351237177848816,12
H1DEM8,lysine,Di,0.2171172797679901,44
H1DEM8,lysine,Mono,0.18648771941661835,58
H1DEM8,lysine,Tri,0.22096943855285645,42
H1DEM8,methionine,Di,0.1357276737689972,70
H1DEM8,methionine,Mono,0.16902611404657364,65
H1DEM8,methionine,Tri,0.16758240014314651,66
H1DEM8,ornithine,Di,0.20380424708127975,50
H1DEM8,ornithine,Mono,0.17645348608493805,60
H1DEM8,ornithine,Tri,0.24266956746578217,33
H1DEM8,phenylalanine,Di,0.36831001937389374,2
H1DEM8,phenylalanine,Mono,0.34650829434394836,5
H1DEM8,phenylalanine,Tri,0.3233630210161209,15
H1DEM8,proline,Di,0.24190514534711838,34
H1DEM8,proline,Mono,0.3412553519010544,9
H1DEM8,proline,Tri,0.2104744166135788,48
H1DEM8,putrescine,Di,0.22706452757120132,38
H1DEM8,putrescine,Mono,0.22936446964740753,37
H1DEM8,putrescine,Tri,0.196342833340168,54
H1DEM8,serine,Di,0.3449505418539047,8
H1DEM8,serine,Mono,0.3116692826151848,19
H1DEM8,serine,Tri,0.3182719349861145,16
H1DEM8,serotonin,Di,0.2539653033018112,30
H1DEM8,serotonin,Mono,0.222953200340271,40
H1DEM8,serotonin,Tri,0.27616335451602936,25
H1DEM8,threonine,Di,0.4021393805742264,1
H1DEM8,threonine,Mono,0.3544122278690338,4
H1DEM8,threonine,Tri,0.34508034586906433,6
H1DEM8,tryptamine,Di,0.2311980277299881,36
H1DEM8,tryptamine,Mono,0.1930180788040161,55
H1DEM8,tryptamine,Tri,0.22423306107521057,39
H1DEM8,tyramine,Di,0.26121383905410767,29
H1DEM8,tyramine,Mono,0.2358310967683792,35
H1DEM8,tyramine,Tri,0.24559666216373444,32
M7X2M2,"2,3_diaminopropionic acid",Di,0.2795485854148865,1
M7X2M2,"2,3_diaminopropionic acid",Mono,0.17126452177762985,34
M7X2M2,"2,3_diaminopropionic acid",Tri,0.23071960359811783,6
M7X2M2,2_aminophenol,Di,0.2479095757007599,4
M7X2M2,2_aminophenol,Mono,0.17182078212499619,33
M7X2M2,2_aminophenol,Tri,0.18916362524032593,21
M7X2M2,3_methoxytyramine,Di,0.0375020420178771,73
M7X2M2,3_methoxytyramine,Mono,0.018508171662688255,74
M7X2M2,3_methoxytyramine,Tri,0.008881173096597195,75
M7X2M2,alanine,Di,0.16161106526851654,41
M7X2M2,alanine,Mono,0.13622821494936943,56
M7X2M2,alanine,Tri,0.10137555375695229,68
M7X2M2,arginine,Di,0.2219238057732582,7
M7X2M2,arginine,Mono,0.1654236540198326,39
M7X2M2,arginine,Tri,0.16468220949172974,40
M7X2M2,asparagine,Di,0.1671523004770279,37
M7X2M2,asparagine,Mono,0.17563118785619736,29
M7X2M2,asparagine,Tri,0.1752220094203949,30
M7X2M2,cadaverine,Di,0.1818966642022133,26
M7X2M2,cadaverine,Mono,0.12299543619155884,62
M7X2M2,cadaverine,Tri,0.15951432287693024,43
M7X2M2,citrulline,Di,0.1726192608475685,31
M7X2M2,citrulline,Mono,0.18240886926651,25
M7X2M2,citrulline,Tri,0.1970752626657486,13
M7X2M2,cystine,Di,0.12528686225414276,60
M7X2M2,cystine,Mono,0.1324954479932785,58
M7X2M2,cystine,Tri,0.10942678898572922,66
M7X2M2,dopamine,Di,0.1505362167954445,47
M7X2M2,dopamine,Mono,0.11888224259018898,63
M7X2M2,dopamine,Tri,0.11310092359781265,65
M7X2M2,gaba,Di,0.169496089220047,35
M7X2M2,gaba,Mono,0.10574063658714294,67
M7X2M2,gaba,Tri,0.15238619595766068,45
M7X2M2,glutamine,Di,0.23311436921358109,5
M7X2M2,glutamine,Mono,0.18631136044859886,23
M7X2M2,glutamine,Tri,0.2038176953792572,11
M7X2M2,glyglycine,Di,0.13668229430913925,54
M7X2M2,glyglycine,Mono,0.1133311353623867,64
M7X2M2,glyglycine,Tri,0.05933176167309284,72
M7X2M2,histidine,Di,0.20952799916267395,10
M7X2M2,histidine,Mono,0.19009917229413986,18
M7X2M2,histidine,Tri,0.17934083938598633,27
M7X2M2,lysine,Di,0.1832984760403633,24
M7X2M2,lysine,Mono,0.08442434296011925,71
M7X2M2,lysine,Tri,0.14875411987304688,48
M7X2M2,methionine,Di,0.1330939084291458,57
M7X2M2,methionine,Mono,0.13642960414290428,55
M7X2M2,methionine,Tri,0.14248671382665634,52
M7X2M2,ornithine,Di,0.19166461378335953,17
M7X2M2,ornithine,Mono,0.08750773966312408,69
M7X2M2,ornithine,Tri,0.15447955578565598,44
M7X2M2,phenylalanine,Di,0.2556404024362564,2
M7X2M2,phenylalanine,Mono,0.1893947571516037,20
M7X2M2,phenylalanine,Tri,0.1895972415804863,19
M7X2M2,proline,Di,0.12480287998914719,61
M7X2M2,proline,Mono,0.19548548758029938,15
M7X2M2,proline,Tri,0.16780062019824982,36
M7X2M2,putrescine,Di,0.1951916590332985,16
M7X2M2,putrescine,Mono,0.15163052082061768,46
M7X2M2,putrescine,Tri,0.14503677189350128,50
M7X2M2,serine,Di,0.2215854898095131,8
M7X2M2,serine,Mono,0.16645661741495132,38
M7X2M2,serine,Tri,0.1599099561572075,42
M7X2M2,serotonin,Di,0.19808508455753326,12
M7X2M2,serotonin,Mono,0.14370887726545334,51
M7X2M2,serotonin,Tri,0.18700897693634033,22
M7X2M2,threonine,Di,0.25275858491659164,3
M7X2M2,threonine,Mono,0.1967713087797165,14
M7X2M2,threonine,Tri,0.1721086949110031,32
M7X2M2,tryptamine,Di,0.21897943317890167,9
M7X2M2,tryptamine,Mono,0.14625070244073868,49
M7X2M2,tryptamine,Tri,0.1411304697394371,53
M7X2M2,tyramine,Di,0.17627863585948944,28
M7X2M2,tyramine,Mono,0.08651943504810333,70
M7X2M2,tyramine,Tri,0.12545763328671455,59
P12256,"2,3_diaminopropionic acid",Di,0.21122858673334122,39
P12256,"2,3_diaminopropionic acid",Mono,0.2938678413629532,21
P12256,"2,3_diaminopropionic acid",Tri,0.250351145863533,28
P12256,2_aminophenol,Di,0.27125537395477295,24
P12256,2_aminophenol,Mono,0.3434695899486542,10
P12256,2_aminophenol,Tri,0.279412180185318,23
P12256,3_methoxytyramine,Di,-0.0024961940944194794,74
P12256,3_methoxytyramine,Mono,0.045222154818475246,69
P12256,3_methoxytyramine,Tri,-0.004508934915065765,75
P12256,alanine,Di,0.1316717453300953,55
P12256,alanine,Mono,0.29920244216918945,20
P12256,alanine,Tri,0.19712480902671814,42
P12256,arginine,Di,0.16597342491149902,47
P12256,arginine,Mono,0.24496454000473022,30
P12256,arginine,Tri,0.24511661380529404,29
P12256,asparagine,Di,0.2656681090593338,26
P12256,asparagine,Mono,0.3976804316043854,5
P12256,asparagine,Tri,0.3004195839166641,19
P12256,cadaverine,Di,0.1504707783460617,49
P12256,cadaverine,Mono,0.23467124998569489,31
P12256,cadaverine,Tri,0.19860339909791946,41
P12256,citrulline,Di,0.21735984832048416,36
P12256,citrulline,Mono,0.36606451869010925,7
P12256,citrulline,Tri,0.21948344260454178,34
P12256,cystine,Di,0.0556116197258234,68
P12256,cystine,Mono,0.22079585492610931,33
P12256,cystine,Tri,0.12918110936880112,56
P12256,dopamine,Di,0.03691334184259176,72
P12256,dopamine,Mono,0.11549616977572441,58
P12256,dopamine,Tri,0.039754146710038185,70
P12256,gaba,Di,0.08914898335933685,62
P12256,gaba,Mono,0.20894165337085724,40
P12256,gaba,Tri,0.14727891609072685,51
P12256,glutamine,Di,0.3072654455900192,15
P12256,glutamine,Mono,0.42350712418556213,4
P12256,glutamine,Tri,0.3020191192626953,18
P12256,glyglycine,Di,0.07899356260895729,63
P12256,glyglycine,Mono,0.14936601370573044,50
P12256,glyglycine,Tri,0.026480073109269142,73
P12256,histidine,Di,0.3278128653764725,11
P12256,histidine,Mono,0.4545770138502121,3
P12256,histidine,Tri,0.3276859372854233,12
P12256,lysine,Di,0.1770479828119278,46
P12256,lysine,Mono,0.21484697610139847,37
P12256,lysine,Tri,0.2116340845823288,38
P12256,methionine,Di,0.1324370875954628,54
P12256,methionine,Mono,0.30206675827503204,17
P12256,methionine,Tri,0.18748412281274796,43
P12256,ornithine,Di,0.15398184955120087,48
P12256,ornithine,Mono,0.22719182074069977,32
P12256,ornithine,Tri,0.2193911075592041,35
P12256,phenylalanine,Di,0.3494580388069153,9
P12256,phenylalanine,Mono,0.45663368701934814,2
P12256,phenylalanine,Tri,0.32070329785346985,13
P12256,proline,Di,0.11592000722885132,57
P12256,proline,Mono,0.3667125254869461,6
P12256,proline,Tri,0.18299609422683716,44
P12256,putrescine,Di,0.14525283873081207,52
P12256,putrescine,Mono,0.2604280710220337,27
P12256,putrescine,Tri,0.17801382392644882,45
P12256,serine,Di,0.30709534883499146,16
P12256,serine,Mono,0.463082954287529,1
P12256,serine,Tri,0.3094244599342346,14
P12256,serotonin,Di,0.06674742326140404,65
P12256,serotonin,Mono,0.09488179534673691,60
P12256,serotonin,Tri,0.11315647512674332,59
P12256,threonine,Di,0.28417423367500305,22
P12256,threonine,Mono,0.35477055609226227,8
P12256,threonine,Tri,0.27110880613327026,25
P12256,tryptamine,Di,0.03937337175011635,71
P12256,tryptamine,Mono,0.06751647964119911,64
P12256,tryptamine,Tri,0.057973554357886314,67
P12256,tyramine,Di,0.06416807696223259,66
P12256,tyramine,Mono,0.1337713748216629,53
P12256,tyramine,Tri,0.0915052704513073,61
Q8Y5J3,"2,3_diaminopropionic acid",Di,0.3517712354660034,9
Q8Y5J3,"2,3_diaminopropionic acid",Mono,0.2676087021827698,35
Q8Y5J3,"2,3_diaminopropionic acid",Tri,0.3498232513666153,10
Q8Y5J3,2_aminophenol,Di,0.37220971286296844,5
Q8Y5J3,2_aminophenol,Mono,0.29088957607746124,29
Q8Y5J3,2_aminophenol,Tri,0.3171489089727402,20
Q8Y5J3,3_methoxytyramine,Di,0.11514288559556007,72
Q8Y5J3,3_methoxytyramine,Mono,0.13076023757457733,71
Q8Y5J3,3_methoxytyramine,Tri,0.0943654328584671,75
Q8Y5J3,alanine,Di,0.15526990965008736,69
Q8Y5J3,alanine,Mono,0.2128572016954422,58
Q8Y5J3,alanine,Tri,0.17356352508068085,66
Q8Y5J3,arginine,Di,0.1935475543141365,63
Q8Y5J3,arginine,Mono,0.22048073261976242,53
Q8Y5J3,arginine,Tri,0.22753439098596573,49
Q8Y5J3,asparagine,Di,0.29738402366638184,25
Q8Y5J3,asparagine,Mono,0.287049300968647,31
Q8Y5J3,asparagine,Tri,0.2930906265974045,28
Q8Y5J3,cadaverine,Di,0.22450094670057297,50
Q8Y5J3,cadaverine,Mono,0.2034570500254631,62
Q8Y5J3,cadaverine,Tri,0.22294645756483078,51
Q8Y5J3,citrulline,Di,0.33134329319000244,16
Q8Y5J3,citrulline,Mono,0.3411698639392853,14
Q8Y5J3,citrulline,Tri,0.32435348629951477,18
Q8Y5J3,cystine,Di,0.17637810111045837,64
Q8Y5J3,cystine,Mono,0.24420803040266037,44
Q8Y5J3,cystine,Tri,0.20951412618160248,59
Q8Y5J3,dopamine,Di,0.25035640597343445,43
Q8Y5J3,dopamine,Mono,0.26009099185466766,37
Q8Y5J3,dopamine,Tri,0.258070170879364,40
Q8Y5J3,gaba,Di,0.20609259605407715,60
Q8Y5J3,gaba,Mono,0.2157011330127716,56
Q8Y5J3,gaba,Tri,0.21799667179584503,55
Q8Y5J3,glutamine,Di,0.3726438730955124,4
Q8Y5J3,glutamine,Mono,0.29756199568510056,24
Q8Y5J3,glutamine,Tri,0.30829159915447235,22
Q8Y5J3,glyglycine,Di,0.10075811669230461,74
Q8Y5J3,glyglycine,Mono,0.163978211581707,68
Q8Y5J3,glyglycine,Tri,0.11106721684336662,73
Q8Y5J3,histidine,Di,0.30636467039585114,23
Q8Y5J3,histidine,Mono,0.3308376595377922,17
Q8Y5J3,histidine,Tri,0.34482811391353607,11
Q8Y5J3,lysine,Di,0.2363814413547516,46
Q8Y5J3,lysine,Mono,0.22038250416517258,54
Q8Y5J3,lysine,Tri,0.2404349446296692,45
Q8Y5J3,methionine,Di,0.14304518699645996,70
Q8Y5J3,methionine,Mono,0.17375118285417557,65
Q8Y5J3,methionine,Tri,0.16683945059776306,67
Q8Y5J3,ornithine,Di,0.23162202537059784,47
Q8Y5J3,ornithine,Mono,0.2143818885087967,57
Q8Y5J3,ornithine,Tri,0.27718016505241394,33
Q8Y5J3,phenylalanine,Di,0.3760659396648407,3
Q8Y5J3,phenylalanine,Mono,0.3527029752731323,8
Q8Y5J3,phenylalanine,Tri,0.342313215136528,13
Q8Y5J3,proline,Di,0.25321151316165924,42
Q8Y5J3,proline,Mono,0.3426554352045059,12
Q8Y5J3,proline,Tri,0.2046097368001938,61
Q8Y5J3,putrescine,Di,0.2615594118833542,36
Q8Y5J3,putrescine,Mono,0.2582041472196579,39
Q8Y5J3,putrescine,Tri,0.2209182009100914,52
Q8Y5J3,serine,Di,0.35589469969272614,7
Q8Y5J3,serine,Mono,0.3202352523803711,19
Q8Y5J3,serine,Tri,0.33886370062828064,15
Q8Y5J3,serotonin,Di,0.2932956963777542,27
Q8Y5J3,serotonin,Mono,0.25912249088287354,38
Q8Y5J3,serotonin,Tri,0.3128519803285599,21
Q8Y5J3,threonine,Di,0.42312978208065033,1
Q8Y5J3,threonine,Mono,0.3846462666988373,2
Q8Y5J3,threonine,Tri,0.3631320893764496,6
Q8Y5J3,tryptamine,Di,0.26776015758514404,34
Q8Y5J3,tryptamine,Mono,0.22897101193666458,48
Q8Y5J3,tryptamine,Tri,0.2578597962856293,41
Q8Y5J3,tyramine,Di,0.29528267681598663,26
Q8Y5J3,tyramine,Mono,0.28225210309028625,32
Q8Y5J3,tyramine,Tri,0.2877466380596161,30
Q8Y9S7,"2,3_diaminopropionic acid",Di,0.3344252109527588,23
Q8Y9S7,"2,3_diaminopropionic acid",Mono,0.30588895082473755,28
Q8Y9S7,"2,3_diaminopropionic acid",Tri,0.3457391709089279,19
Q8Y9S7,2_aminophenol,Di,0.37651321291923523,13
Q8Y9S7,2_aminophenol,Mono,0.3438212275505066,20
Q8Y9S7,2_aminophenol,Tri,0.340345174074173,22
Q8Y9S7,3_methoxytyramine,Di,0.08922551199793816,74
Q8Y9S7,3_methoxytyramine,Mono,0.11823742836713791,71
Q8Y9S7,3_methoxytyramine,Tri,0.07900782860815525,75
Q8Y9S7,alanine,Di,0.16372796148061752,69
Q8Y9S7,alanine,Mono,0.26544490456581116,33
Q8Y9S7,alanine,Tri,0.20292026549577713,61
Q8Y9S7,arginine,Di,0.20036710798740387,62
Q8Y9S7,arginine,Mono,0.247815802693367,39
Q8Y9S7,arginine,Tri,0.2544388175010681,36
Q8Y9S7,asparagine,Di,0.3247060626745224,26
Q8Y9S7,asparagine,Mono,0.3617943972349167,17
Q8Y9S7,asparagine,Tri,0.3311253786087036,25
Q8Y9S7,cadaverine,Di,0.22750622034072876,53
Q8Y9S7,cadaverine,Mono,0.23895200341939926,47
Q8Y9S7,cadaverine,Tri,0.24230407178401947,42
Q8Y9S7,citrulline,Di,0.3314354866743088,24
Q8Y9S7,citrulline,Mono,0.3862675875425339,9
Q8Y9S7,citrulline,Tri,0.3205519765615463,27
Q8Y9S7,cystine,Di,0.16670969128608704,68
Q8Y9S7,cystine,Mono,0.2668873816728592,32
Q8Y9S7,cystine,Tri,0.21028274297714233,58
Q8Y9S7,dopamine,Di,0.19887325912714005,63
Q8Y9S7,dopamine,Mono,0.23072656989097595,52
Q8Y9S7,dopamine,Tri,0.2034011334180832,60
Q8Y9S7,gaba,Di,0.191839337348938,65
Q8Y9S7,gaba,Mono,0.2338036596775055,50
Q8Y9S7,gaba,Tri,0.22076329588890076,56
Q8Y9S7,glutamine,Di,0.39103496074676514,7
Q8Y9S7,glutamine,Mono,0.3815114498138428,12
Q8Y9S7,glutamine,Tri,0.341183066368103,21
Q8Y9S7,glyglycine,Di,0.10759798437356949,72
Q8Y9S7,glyglycine,Mono,0.17435243725776672,67
Q8Y9S7,glyglycine,Tri,0.09953243285417557,73
Q8Y9S7,histidine,Di,0.3565462678670883,18
Q8Y9S7,histidine,Mono,0.41410762071609497,2
Q8Y9S7,histidine,Tri,0.38239917159080505,11
Q8Y9S7,lysine,Di,0.24936187267303467,37
Q8Y9S7,lysine,Mono,0.2420697957277298,43
Q8Y9S7,lysine,Tri,0.26128993928432465,34
Q8Y9S7,methionine,Di,0.1574360504746437,70
Q8Y9S7,methionine,Mono,0.24165311455726624,44
Q8Y9S7,methionine,Tri,0.1979411244392395,64
Q8Y9S7,ornithine,Di,0.23630475997924805,48
Q8Y9S7,ornithine,Mono,0.24328398704528809,41
Q8Y9S7,ornithine,Tri,0.2874120771884918,29
Q8Y9S7,phenylalanine,Di,0.4105941504240036,3
Q8Y9S7,phenylalanine,Mono,0.4317024052143097,1
Q8Y9S7,phenylalanine,Tri,0.3761514127254486,14
Q8Y9S7,proline,Di,0.23190650343894958,51
Q8Y9S7,proline,Mono,0.38722820580005646,8
Q8Y9S7,proline,Tri,0.22222934663295746,55
Q8Y9S7,putrescine,Di,0.2483455091714859,38
Q8Y9S7,putrescine,Mono,0.2854384630918503,30
Q8Y9S7,putrescine,Tri,0.23401159793138504,49
Q8Y9S7,serine,Di,0.3826500177383423,10
Q8Y9S7,serine,Mono,0.4104880839586258,4
Q8Y9S7,serine,Tri,0.37091033160686493,15
Q8Y9S7,serotonin,Di,0.24002165347337723,45
Q8Y9S7,serotonin,Mono,0.22437523305416107,54
Q8Y9S7,serotonin,Tri,0.270814448595047,31
Q8Y9S7,threonine,Di,0.40632909536361694,6
Q8Y9S7,threonine,Mono,0.4103828966617584,5
Q8Y9S7,threonine,Tri,0.364236518740654,16
Q8Y9S7,tryptamine,Di,0.2075352668762207,59
Q8Y9S7,tryptamine,Mono,0.1906367838382721,66
Q8Y9S7,tryptamine,Tri,0.21175400167703629,57
Q8Y9S7,tyramine,Di,0.2390182614326477,46
Q8Y9S7,tyramine,Mono,0.25688476860523224,35
Q8Y9S7,tyramine,Tri,0.24593260139226913,40
Q9KK62,"2,3_diaminopropionic acid",Di,0.35737840831279755,7
Q9KK62,"2,3_diaminopropionic acid",Mono,0.2760426104068756,33
Q9KK62,"2,3_diaminopropionic acid",Tri,0.34064705669879913,13
Q9KK62,2_aminophenol,Di,0.3794451653957367,3
Q9KK62,2_aminophenol,Mono,0.29801490157842636,25
Q9KK62,2_aminophenol,Tri,0.3133382499217987,20
Q9KK62,3_methoxytyramine,Di,0.1310923881828785,72
Q9KK62,3_methoxytyramine,Mono,0.14678072929382324,71
Q9KK62,3_methoxytyramine,Tri,0.10921462252736092,74
Q9KK62,alanine,Di,0.16826428472995758,68
Q9KK62,alanine,Mono,0.21805770695209503,55
Q9KK62,alanine,Tri,0.18545521795749664,65
Q9KK62,arginine,Di,0.1955457553267479,63
Q9KK62,arginine,Mono,0.22645942866802216,50
Q9KK62,arginine,Tri,0.2212260365486145,54
Q9KK62,asparagine,Di,0.2963594049215317,26
Q9KK62,asparagine,Mono,0.2787625566124916,32
Q9KK62,asparagine,Tri,0.28188079595565796,31
Q9KK62,cadaverine,Di,0.22580352425575256,51
Q9KK62,cadaverine,Mono,0.21068932116031647,59
Q9KK62,cadaverine,Tri,0.2130349799990654,56
Q9KK62,citrulline,Di,0.3417535573244095,11
Q9KK62,citrulline,Mono,0.3499375730752945,9
Q9KK62,citrulline,Tri,0.32973267138004303,17
Q9KK62,cystine,Di,0.18606147170066833,64
Q9KK62,cystine,Mono,0.2509620189666748,44
Q9KK62,cystine,Tri,0.2074246108531952,61
Q9KK62,dopamine,Di,0.25796426087617874,42
Q9KK62,dopamine,Mono,0.2710123583674431,36
Q9KK62,dopamine,Tri,0.2591804191470146,40
Q9KK62,gaba,Di,0.21134565770626068,58
Q9KK62,gaba,Mono,0.22200635820627213,53
Q9KK62,gaba,Tri,0.21148667484521866,57
Q9KK62,glutamine,Di,0.3696277439594269,4
Q9KK62,glutamine,Mono,0.2926688641309738,29
Q9KK62,glutamine,Tri,0.293968990445137,27
Q9KK62,glyglycine,Di,0.10845112055540085,75
Q9KK62,glyglycine,Mono,0.1755894348025322,66
Q9KK62,glyglycine,Tri,0.11788865178823471,73
Q9KK62,histidine,Di,0.2987113296985626,24
Q9KK62,histidine,Mono,0.3230833187699318,18
Q9KK62,histidine,Tri,0.3338876962661743,15
Q9KK62,lysine,Di,0.23720350116491318,47
Q9KK62,lysine,Mono,0.2321208417415619,49
Q9KK62,lysine,Tri,0.23543888330459595,48
Q9KK62,methionine,Di,0.1477363184094429,70
Q9KK62,methionine,Mono,0.17394964396953583,67
Q9KK62,methionine,Tri,0.16539359092712402,69
Q9KK62,ornithine,Di,0.23744863271713257,46
Q9KK62,ornithine,Mono,0.22356249392032623,52
Q9KK62,ornithine,Tri,0.2697303295135498,37
Q9KK62,phenylalanine,Di,0.36699187755584717,5
Q9KK62,phenylalanine,Mono,0.34444236755371094,10
Q9KK62,phenylalanine,Tri,0.3303558826446533,16
Q9KK62,proline,Di,0.26114219427108765,38
Q9KK62,proline,Mono,0.3417528569698334,12
Q9KK62,proline,Tri,0.20023789256811142,62
Q9KK62,putrescine,Di,0.2575247585773468,43
Q9KK62,putrescine,Mono,0.26023273169994354,39
Q9KK62,putrescine,Tri,0.20898225158452988,60
Q9KK62,serine,Di,0.3570014387369156,8
Q9KK62,serine,Mono,0.31835559010505676,19
Q9KK62,serine,Tri,0.33471783995628357,14
Q9KK62,serotonin,Di,0.30051979422569275,23
Q9KK62,serotonin,Mono,0.27300136536359787,35
Q9KK62,serotonin,Tri,0.3095514476299286,21
Q9KK62,threonine,Di,0.4309203773736954,1
Q9KK62,threonine,Mono,0.389286145567894,2
Q9KK62,threonine,Tri,0.3658834248781204,6
Q9KK62,tryptamine,Di,0.2738301604986191,34
Q9KK62,tryptamine,Mono,0.2447114661335945,45
Q9KK62,tryptamine,Tri,0.25823192298412323,41
Q9KK62,tyramine,Di,0.30086269974708557,22
Q9KK62,tyramine,Mono,0.2935543656349182,28
Q9KK62,tyramine,Tri,0.28641122579574585,30
R7PBA0,"2,3_diaminopropionic acid",Di,0.29984302818775177,21
R7PBA0,"2,3_diaminopropionic acid",Mono,0.25097033381462097,28
R7PBA0,"2,3_diaminopropionic acid",Tri,0.31157490611076355,15
R7PBA0,2_aminophenol,Di,0.31628504395484924,14
R7PBA0,2_aminophenol,Mono,0.2797950655221939,24
R7PBA0,2_aminophenol,Tri,0.2746009826660156,25
R7PBA0,3_methoxytyramine,Di,0.01251675933599472,75
R7PBA0,3_methoxytyramine,Mono,0.04096166789531708,72
R7PBA0,3_methoxytyramine,Tri,0.02159523218870163,74
R7PBA0,alanine,Di,0.1153244860470295,68
R7PBA0,alanine,Mono,0.20503129810094833,37
R7PBA0,alanine,Tri,0.15317294001579285,63
R7PBA0,arginine,Di,0.1901804283261299,46
R7PBA0,arginine,Mono,0.2041611261665821,39
R7PBA0,arginine,Tri,0.2272542268037796,31
R7PBA0,asparagine,Di,0.2594258189201355,27
R7PBA0,asparagine,Mono,0.3075123205780983,17
R7PBA0,asparagine,Tri,0.2628630995750427,26
R7PBA0,cadaverine,Di,0.17289064079523087,52
R7PBA0,cadaverine,Mono,0.17269960045814514,53
R7PBA0,cadaverine,Tri,0.2019268348813057,40
R7PBA0,citrulline,Di,0.30084145069122314,20
R7PBA0,citrulline,Mono,0.33961474895477295,8
R7PBA0,citrulline,Tri,0.2909575253725052,22
R7PBA0,cystine,Di,0.1116710864007473,69
R7PBA0,cystine,Mono,0.19562969729304314,42
R7PBA0,cystine,Tri,0.16941282153129578,55
R7PBA0,dopamine,Di,0.1512678638100624,64
R7PBA0,dopamine,Mono,0.17237070947885513,54
R7PBA0,dopamine,Tri,0.16263733804225922,59
R7PBA0,gaba,Di,0.13866638392210007,65
R7PBA0,gaba,Mono,0.16210398823022842,60
R7PBA0,gaba,Tri,0.17832209914922714,49
R7PBA0,glutamine,Di,0.34463581442832947,6
R7PBA0,glutamine,Mono,0.32673606276512146,12
R7PBA0,glutamine,Tri,0.2839356064796448,23
R7PBA0,glyglycine,Di,0.06468937639147043,71
R7PBA0,glyglycine,Mono,0.11743064224720001,67
R7PBA0,glyglycine,Tri,0.038169712759554386,73
R7PBA0,histidine,Di,0.30693262815475464,19
R7PBA0,histidine,Mono,0.36412302404642105,3
R7PBA0,histidine,Tri,0.32664163410663605,13
R7PBA0,lysine,Di,0.191294364631176,44
R7PBA0,lysine,Mono,0.1671927273273468,57
R7PBA0,lysine,Tri,0.2141302302479744,33
R7PBA0,methionine,Di,0.11146261170506477,70
R7PBA0,methionine,Mono,0.17908801138401031,48
R7PBA0,methionine,Tri,0.1554449051618576,62
R7PBA0,ornithine,Di,0.17756377160549164,51
R7PBA0,ornithine,Mono,0.1631431132555008,58
R7PBA0,ornithine,Tri,0.2366260439157486,29
R7PBA0,phenylalanine,Di,0.35213205218315125,5
R7PBA0,phenylalanine,Mono,0.3680769205093384,2
R7PBA0,phenylalanine,Tri,0.3107047975063324,16
R7PBA0,proline,Di,0.2058524489402771,36
R7PBA0,proline,Mono,0.33916227519512177,9
R7PBA0,proline,Tri,0.18905556946992874,47
R7PBA0,putrescine,Di,0.20664650946855545,35
R7PBA0,putrescine,Mono,0.22582674771547318,32
R7PBA0,putrescine,Tri,0.1971416473388672,41
R7PBA0,serine,Di,0.3277713358402252,11
R7PBA0,serine,Mono,0.3398575335741043,7
R7PBA0,serine,Tri,0.30725954473018646,18
R7PBA0,serotonin,Di,0.19101175665855408,45
R7PBA0,serotonin,Mono,0.1687525361776352,56
R7PBA0,serotonin,Tri,0.2337576225399971,30
R7PBA0,threonine,Di,0.3896178603172302,1
R7PBA0,threonine,Mono,0.35959266126155853,4
R7PBA0,threonine,Tri,0.33212393522262573,10
R7PBA0,tryptamine,Di,0.1598655954003334,61
R7PBA0,tryptamine,Mono,0.13373689353466034,66
R7PBA0,tryptamine,Tri,0.17768613994121552,50
R7PBA0,tyramine,Di,0.20494524389505386,38
R7PBA0,tyramine,Mono,0.1923999935388565,43
R7PBA0,tyramine,Tri,0.20929153263568878,34
U2D571,"2,3_diaminopropionic acid",Di,0.34628088772296906,11
U2D571,"2,3_diaminopropionic acid",Mono,0.2773625776171684,29
U2D571,"2,3_diaminopropionic acid",Tri,0.33909469842910767,14
U2D571,2_aminophenol,Di,0.3725115805864334,3
U2D571,2_aminophenol,Mono,0.3035411685705185,23
U2D571,2_aminophenol,Tri,0.3117029070854187,20
U2D571,3_methoxytyramine,Di,0.10086810775101185,72
U2D571,3_methoxytyramine,Mono,0.12460612133145332,71
U2D571,3_methoxytyramine,Tri,0.08142829686403275,75
U2D571,alanine,Di,0.1598186269402504,69
U2D571,alanine,Mono,0.22599192708730698,47
U2D571,alanine,Tri,0.17863499373197556,65
U2D571,arginine,Di,0.1879045069217682,63
U2D571,arginine,Mono,0.22079192101955414,52
U2D571,arginine,Tri,0.2226046323776245,50
U2D571,asparagine,Di,0.2954622656106949,26
U2D571,asparagine,Mono,0.29304835200309753,27
U2D571,asparagine,Tri,0.28614094853401184,28
U2D571,cadaverine,Di,0.21802394092082977,53
U2D571,cadaverine,Mono,0.2109796181321144,57
U2D571,cadaverine,Tri,0.21375300735235214,56
U2D571,citrulline,Di,0.3358362019062042,15
U2D571,citrulline,Mono,0.3551589101552963,7
U2D571,citrulline,Tri,0.32600873708724976,19
U2D571,cystine,Di,0.1658976748585701,67
U2D571,cystine,Mono,0.2430151104927063,41
U2D571,cystine,Tri,0.19680333137512207,61
U2D571,dopamine,Di,0.23134983330965042,45
U2D571,dopamine,Mono,0.2495982125401497,38
U2D571,dopamine,Tri,0.23427632451057434,43
U2D571,gaba,Di,0.19332151114940643,62
U2D571,gaba,Mono,0.21789035946130753,54
U2D571,gaba,Tri,0.20353040099143982,59
U2D571,glutamine,Di,0.37015071511268616,4
U2D571,glutamine,Mono,0.307377889752388,22
U2D571,glutamine,Tri,0.30177631974220276,24
U2D571,glyglycine,Di,0.09795822203159332,73
U2D571,glyglycine,Mono,0.1673203855752945,66
U2D571,glyglycine,Tri,0.09747746214270592,74
U2D571,histidine,Di,0.31021757423877716,21
U2D571,histidine,Mono,0.34087369590997696,13
U2D571,histidine,Tri,0.34401367604732513,12
U2D571,lysine,Di,0.23084813356399536,46
U2D571,lysine,Mono,0.22587545216083527,49
U2D571,lysine,Tri,0.2326963171362877,44
U2D571,methionine,Di,0.14317483454942703,70
U2D571,methionine,Mono,0.1844601184129715,64
U2D571,methionine,Tri,0.16586128622293472,68
U2D571,ornithine,Di,0.22596899420022964,48
U2D571,ornithine,Mono,0.2209290936589241,51
U2D571,ornithine,Tri,0.26617756485939026,33
U2D571,phenylalanine,Di,0.36825112998485565,5
U2D571,phenylalanine,Mono,0.35729266703128815,6
U2D571,phenylalanine,Tri,0.3344786614179611,16
U2D571,proline,Di,0.2443941980600357,40
U2D571,proline,Mono,0.34777848422527313,10
U2D571,proline,Tri,0.20183247327804565,60
U2D571,putrescine,Di,0.25015418231487274,37
U2D571,putrescine,Mono,0.26018868386745453,35
U2D571,putrescine,Tri,0.20831847190856934,58
U2D571,serine,Di,0.3527698963880539,9
U2D571,serine,Mono,0.33327144384384155,18
U2D571,serine,Tri,0.3343971371650696,17
U2D571,serotonin,Di,0.27568796277046204,30
U2D571,serotonin,Mono,0.2501607835292816,36
U2D571,serotonin,Tri,0.29564835131168365,25
U2D571,threonine,Di,0.4159787744283676,1
U2D571,threonine,Mono,0.3883129209280014,2
U2D571,threonine,Tri,0.3538992404937744,8
U2D571,tryptamine,Di,0.24654261767864227,39
U2D571,tryptamine,Mono,0.21697226911783218,55
U2D571,tryptamine,Tri,0.23634468764066696,42
U2D571,tyramine,Di,0.274075910449028,31
U2D571,tyramine,Mono,0.27314241230487823,32
U2D571,tyramine,Tri,0.26493439823389053,34
