accession,amine,core,horizyn,rank
A0A069S9I0,"2,3_diaminopropionic acid",Di,0.3601960390806198,14
A0A069S9I0,"2,3_diaminopropionic acid",Mono,0.29219798743724823,29
A0A069S9I0,"2,3_diaminopropionic acid",Tri,0.34506459534168243,20
A0A069S9I0,2_aminophenol,Di,0.389730766415596,6
A0A069S9I0,2_aminophenol,Mono,0.3209179490804672,25
A0A069S9I0,2_aminophenol,Tri,0.32825131714344025,24
A0A069S9I0,3_methoxytyramine,Di,0.09683984518051147,74
A0A069S9I0,3_methoxytyramine,Mono,0.10686098039150238,72
A0A069S9I0,3_methoxytyramine,Tri,0.08368131518363953,75
A0A069S9I0,alanine,Di,0.1877005249261856,67
A0A069S9I0,alanine,Mono,0.24613440036773682,41
A0A069S9I0,alanine,Tri,0.20014271140098572,66
A0A069S9I0,arginine,Di,0.21675735712051392,58
A0A069S9I0,arginine,Mono,0.23298682272434235,48
A0A069S9I0,arginine,Tri,0.2503412142395973,39
A0A069S9I0,asparagine,Di,0.3184102028608322,26
A0A069S9I0,asparagine,Mono,0.3283577784895897,23
A0A069S9I0,asparagine,Tri,0.3082880526781082,27
A0A069S9I0,cadaverine,Di,0.23003840446472168,51
A0A069S9I0,cadaverine,Mono,0.22211428731679916,56
A0A069S9I0,cadaverine,Tri,0.2386791706085205,46
A0A069S9I0,citrulline,Di,0.34660978615283966,18
A0A069S9I0,citrulline,Mono,0.37683960795402527,10
A0A069S9I0,citrulline,Tri,0.33981409668922424,21
A0A069S9I0,cystine,Di,0.18086793273687363,68
A0A069S9I0,cystine,Mono,0.24529802799224854,43
A0A069S9I0,cystine,Tri,0.20574917644262314,64
A0A069S9I0,dopamine,Di,0.2284734696149826,52
A0A069S9I0,dopamine,Mono,0.23178903758525848,50
A0A069S9I0,dopamine,Tri,0.223728746175766,55
A0A069S9I0,gaba,Di,0.2029060423374176,65
A0A069S9I0,gaba,Mono,0.2113332748413086,60
A0A069S9I0,gaba,Tri,0.22736437618732452,53
A0A069S9I0,glutamine,Di,0.4016522467136383,3
A0A069S9I0,glutamine,Mono,0.346023291349411,19
A0A069S9I0,glutamine,Tri,0.3293605297803879,22
A0A069S9I0,glyglycine,Di,0.12424024939537048,71
A0A069S9I0,glyglycine,Mono,0.17905960232019424,69
A0A069S9I0,glyglycine,Tri,0.10034149140119553,73
A0A069S9I0,histidine,Di,0.35906171798706055,16
A0A069S9I0,histidine,Mono,0.3835773319005966,8
A0A069S9I0,histidine,Tri,0.377995565533638,9
A0A069S9I0,lysine,Di,0.2453819364309311,42
A0A069S9I0,lysine,Mono,0.21958991140127182,57
A0A069S9I0,lysine,Tri,0.25596243143081665,35
A0A069S9I0,methionine,Di,0.17071790248155594,70
A0A069S9I0,methionine,Mono,0.21659621596336365,59
A0A069S9I0,methionine,Tri,0.2063092365860939,63
A0A069S9I0,ornithine,Di,0.2351343333721161,47
A0A069S9I0,ornithine,Mono,0.21089280396699905,61
A0A069S9I0,ornithine,Tri,0.2761988937854767,32
A0A069S9I0,phenylalanine,Di,0.40613916516304016,2
A0A069S9I0,phenylalanine,Mono,0.39172936975955963,4
A0A069S9I0,phenylalanine,Tri,0.3664979636669159,12
A0A069S9I0,proline,Di,0.25243473798036575,36
A0A069S9I0,proline,Mono,0.3739559054374695,11
A0A069S9I0,proline,Tri,0.23260950297117233,49
A0A069S9I0,putrescine,Di,0.25176723301410675,37
A0A069S9I0,putrescine,Mono,0.2662993371486664,33
A0A069S9I0,putrescine,Tri,0.22606920450925827,54
A0A069S9I0,serine,Di,0.3850284069776535,7
A0A069S9I0,serine,Mono,0.3590874671936035,15
A0A069S9I0,serine,Tri,0.355831116437912,17
A0A069S9I0,serotonin,Di,0.28010642528533936,30
A0A069S9I0,serotonin,Mono,0.24729517102241516,40
A0A069S9I0,serotonin,Tri,0.30076897144317627,28
A0A069S9I0,threonine,Di,0.4237361252307892,1
A0A069S9I0,threonine,Mono,0.3902737945318222,5
A0A069S9I0,threonine,Tri,0.36082351207733154,13
A0A069S9I0,tryptamine,Di,0.24225258082151413,44
A0A069S9I0,tryptamine,Mono,0.20798319578170776,62
A0A069S9I0,tryptamine,Tri,0.23949894309043884,45
A0A069S9I0,tyramine,Di,0.2766583114862442,31
A0A069S9I0,tyramine,Mono,0.25156935304403305,38
A0A069S9I0,tyramine,Tri,0.2591838240623474,34
A0A078S2R5,"2,3_diaminopropionic acid",Di,0.33727486431598663,18
A0A078S2R5,"2,3_diaminopropionic acid",Mono,0.30980977416038513,26
A0A078S2R5,"2,3_diaminopropionic acid",Tri,0.322617307305336,23
A0A078S2R5,2_aminophenol,Di,0.3645171821117401,15
A0A078S2R5,2_aminophenol,Mono,0.33421026170253754,19
A0A078S2R5,2_aminophenol,Tri,0.30654177069664,27
A0A078S2R5,3_methoxytyramine,Di,0.06998494267463684,74
A0A078S2R5,3_methoxytyramine,Mono,0.08167168125510216,72
A0A078S2R5,3_methoxytyramine,Tri,0.04866981878876686,75
A0A078S2R5,alanine,Di,0.1898619383573532,62
A0A078S2R5,alanine,Mono,0.27795833349227905,30
A0A078S2R5,alanine,Tri,0.19706031680107117,58
A0A078S2R5,arginine,Di,0.2106427550315857,55
A0A078S2R5,arginine,Mono,0.2524248734116554,33
A0A078S2R5,arginine,Tri,0.24358447641134262,38
A0A078S2R5,asparagine,Di,0.32597407698631287,20
A0A078S2R5,asparagine,Mono,0.36777225136756897,12
A0A078S2R5,asparagine,Tri,0.3147062361240387,25
A0A078S2R5,cadaverine,Di,0.22943778336048126,45
A0A078S2R5,cadaverine,Mono,0.25189177691936493,34
A0A078S2R5,cadaverine,Tri,0.2318713665008545,44
A0A078S2R5,citrulline,Di,0.3176283538341522,24
A0A078S2R5,citrulline,Mono,0.3885326087474823,8
A0A078S2R5,citrulline,Tri,0.3047810047864914,28
A0A078S2R5,cystine,Di,0.16328640282154083,69
A0A078S2R5,cystine,Mono,0.26436640322208405,31
A0A078S2R5,cystine,Tri,0.18871477246284485,63
A0A078S2R5,dopamine,Di,0.18480266630649567,64
A0A078S2R5,dopamine,Mono,0.21124905347824097,54
A0A078S2R5,dopamine,Tri,0.1738593727350235,68
A0A078S2R5,gaba,Di,0.1941889226436615,59
A0A078S2R5,gaba,Mono,0.23877422511577606,40
A0A078S2R5,gaba,Tri,0.2068028599023819,57
A0A078S2R5,glutamine,Di,0.39613786339759827,7
A0A078S2R5,glutamine,Mono,0.3848278820514679,9
A0A078S2R5,glutamine,Tri,0.3236570954322815,22
A0A078S2R5,glyglycine,Di,0.13211322575807571,71
A0A078S2R5,glyglycine,Mono,0.1941445916891098,60
A0A078S2R5,glyglycine,Tri,0.07354867085814476,73
A0A078S2R5,histidine,Di,0.36224257946014404,16
A0A078S2R5,histidine,Mono,0.4180905818939209,2
A0A078S2R5,histidine,Tri,0.3675011992454529,13
A0A078S2R5,lysine,Di,0.24034170806407928,39
A0A078S2R5,lysine,Mono,0.2381083145737648,41
A0A078S2R5,lysine,Tri,0.24444954097270966,37
A0A078S2R5,methionine,Di,0.15692045539617538,70
A0A078S2R5,methionine,Mono,0.24624408036470413,36
A0A078S2R5,methionine,Tri,0.18042442202568054,65
A0A078S2R5,ornithine,Di,0.2227579727768898,48
A0A078S2R5,ornithine,Mono,0.22824130207300186,46
A0A078S2R5,ornithine,Tri,0.26018641889095306,32
A0A078S2R5,phenylalanine,Di,0.4133060872554779,3
A0A078S2R5,phenylalanine,Mono,0.43186619877815247,1
A0A078S2R5,phenylalanine,Tri,0.36462217569351196,14
A0A078S2R5,proline,Di,0.22227151691913605,49
A0A078S2R5,proline,Mono,0.3809969872236252,10
A0A078S2R5,proline,Tri,0.2090708315372467,56
A0A078S2R5,putrescine,Di,0.2379823625087738,42
A0A078S2R5,putrescine,Mono,0.286689355969429,29
A0A078S2R5,putrescine,Tri,0.21167965233325958,53
A0A078S2R5,serine,Di,0.38033756613731384,11
A0A078S2R5,serine,Mono,0.407082736492157,4
A0A078S2R5,serine,Tri,0.3451695144176483,17
A0A078S2R5,serotonin,Di,0.23398884385824203,43
A0A078S2R5,serotonin,Mono,0.21392493695020676,51
A0A078S2R5,serotonin,Tri,0.2517319619655609,35
A0A078S2R5,threonine,Di,0.399106502532959,5
A0A078S2R5,threonine,Mono,0.3983062356710434,6
A0A078S2R5,threonine,Tri,0.3247862905263901,21
A0A078S2R5,tryptamine,Di,0.19303857535123825,61
A0A078S2R5,tryptamine,Mono,0.17600199580192566,67
A0A078S2R5,tryptamine,Tri,0.17992130666971207,66
A0A078S2R5,tyramine,Di,0.22057878226041794,50
A0A078S2R5,tyramine,Mono,0.2278616949915886,47
A0A078S2R5,tyramine,Tri,0.21229581534862518,52
A0A096B1U0,"2,3_diaminopropionic acid",Di,0.2524375095963478,16
A0A096B1U0,"2,3_diaminopropionic acid",Mono,0.2815227136015892,9
A0A096B1U0,"2,3_diaminopropionic acid",Tri,0.2210901379585266,26
A0A096B1U0,2_aminophenol,Di,0.24630781263113022,17
A0A096B1U0,2_aminophenol,Mono,0.26529504358768463,11
A0A096B1U0,2_aminophenol,Tri,0.20870241522789001,32
A0A096B1U0,3_methoxytyramine,Di,0.11765125766396523,68
A0A096B1U0,3_methoxytyramine,Mono,0.07281755656003952,73
A0A096B1U0,3_methoxytyramine,Tri,0.06533852778375149,74
A0A096B1U0,alanine,Di,0.17346902936697006,49
A0A096B1U0,alanine,Mono,0.244773231446743,19
A0A096B1U0,alanine,Tri,0.16565009206533432,52
A0A096B1U0,arginine,Di,0.22829197347164154,24
A0A096B1U0,arginine,Mono,0.25964516401290894,14
A0A096B1U0,arginine,Tri,0.23979373276233673,21
A0A096B1U0,asparagine,Di,0.19085510075092316,41
A0A096B1U0,asparagine,Mono,0.2602758929133415,13
A0A096B1U0,asparagine,Tri,0.18547066301107407,44
A0A096B1U0,cadaverine,Di,0.16957863420248032,50
A0A096B1U0,cadaverine,Mono,0.23552122712135315,23
A0A096B1U0,cadaverine,Tri,0.1529967039823532,58
A0A096B1U0,citrulline,Di,0.21447858959436417,27
A0A096B1U0,citrulline,Mono,0.3128689154982567,3
A0A096B1U0,citrulline,Tri,0.20447910577058792,34
A0A096B1U0,cystine,Di,0.10009479150176048,72
A0A096B1U0,cystine,Mono,0.20739421248435974,33
A0A096B1U0,cystine,Tri,0.13087734952569008,65
A0A096B1U0,dopamine,Di,0.15161460638046265,59
A0A096B1U0,dopamine,Mono,0.15740201994776726,55
A0A096B1U0,dopamine,Tri,0.11252221837639809,71
A0A096B1U0,gaba,Di,0.12401367723941803,67
A0A096B1U0,gaba,Mono,0.2038339525461197,35
A0A096B1U0,gaba,Tri,0.11449894681572914,70
A0A096B1U0,glutamine,Di,0.24271047115325928,20
A0A096B1U0,glutamine,Mono,0.28377822041511536,8
A0A096B1U0,glutamine,Tri,0.1930653378367424,38
A0A096B1U0,glyglycine,Di,0.19103029370307922,40
A0A096B1U0,glyglycine,Mono,0.187371164560318,42
A0A096B1U0,glyglycine,Tri,0.05542144551873207,75
A0A096B1U0,histidine,Di,0.24485884606838226,18
A0A096B1U0,histidine,Mono,0.30230890214443207,6
A0A096B1U0,histidine,Tri,0.20933736860752106,31
A0A096B1U0,lysine,Di,0.18048948049545288,45
A0A096B1U0,lysine,Mono,0.21193581074476242,29
A0A096B1U0,lysine,Tri,0.17467183619737625,48
A0A096B1U0,methionine,Di,0.13404317945241928,63
A0A096B1U0,methionine,Mono,0.21232253313064575,28
A0A096B1U0,methionine,Tri,0.11611494421958923,69
A0A096B1U0,ornithine,Di,0.15974359959363937,54
A0A096B1U0,ornithine,Mono,0.1757325828075409,46
A0A096B1U0,ornithine,Tri,0.17497476935386658,47
A0A096B1U0,phenylalanine,Di,0.3059164434671402,4
A0A096B1U0,phenylalanine,Mono,0.3177579343318939,2
A0A096B1U0,phenylalanine,Tri,0.25287896394729614,15
A0A096B1U0,proline,Di,0.13093044608831406,64
A0A096B1U0,proline,Mono,0.30287235975265503,5
A0A096B1U0,proline,Tri,0.1385231614112854,62
A0A096B1U0,putrescine,Di,0.1450396478176117,61
A0A096B1U0,putrescine,Mono,0.23948989808559418,22
A0A096B1U0,putrescine,Tri,0.12942136079072952,66
A0A096B1U0,serine,Di,0.2612573131918907,12
A0A096B1U0,serine,Mono,0.3190353065729141,1
A0A096B1U0,serine,Tri,0.22743114829063416,25
A0A096B1U0,serotonin,Di,0.20027460902929306,36
A0A096B1U0,serotonin,Mono,0.19180060923099518,39
A0A096B1U0,serotonin,Tri,0.18557070940732956,43
A0A096B1U0,threonine,Di,0.28594881296157837,7
A0A096B1U0,threonine,Mono,0.2778018042445183,10
A0A096B1U0,threonine,Tri,0.21186980605125427,30
A0A096B1U0,tryptamine,Di,0.16308939456939697,53
A0A096B1U0,tryptamine,Mono,0.15580451488494873,56
A0A096B1U0,tryptamine,Tri,0.1535465195775032,57
A0A096B1U0,tyramine,Di,0.1943085938692093,37
A0A096B1U0,tyramine,Mono,0.1672588288784027,51
A0A096B1U0,tyramine,Tri,0.14966635406017303,60
A0A096DGB7,"2,3_diaminopropionic acid",Di,0.3281809687614441,18
A0A096DGB7,"2,3_diaminopropionic acid",Mono,0.3066341131925583,23
A0A096DGB7,"2,3_diaminopropionic acid",Tri,0.33439891040325165,16
A0A096DGB7,2_aminophenol,Di,0.33601613342761993,15
A0A096DGB7,2_aminophenol,Mono,0.3130226284265518,22
A0A096DGB7,2_aminophenol,Tri,0.29946690797805786,26
A0A096DGB7,3_methoxytyramine,Di,0.10779030248522758,73
A0A096DGB7,3_methoxytyramine,Mono,0.12010275572538376,72
A0A096DGB7,3_methoxytyramine,Tri,0.08943172544240952,75
A0A096DGB7,alanine,Di,0.1659764125943184,67
A0A096DGB7,alanine,Mono,0.256379209458828,34
A0A096DGB7,alanine,Tri,0.21710439026355743,56
A0A096DGB7,arginine,Di,0.22474195063114166,51
A0A096DGB7,arginine,Mono,0.2695957124233246,30
A0A096DGB7,arginine,Tri,0.2620704621076584,33
A0A096DGB7,asparagine,Di,0.28310056775808334,28
A0A096DGB7,asparagine,Mono,0.3245907127857208,19
A0A096DGB7,asparagine,Tri,0.29793381690979004,27
A0A096DGB7,cadaverine,Di,0.20353950560092926,61
A0A096DGB7,cadaverine,Mono,0.23598562926054,48
A0A096DGB7,cadaverine,Tri,0.2166825458407402,57
A0A096DGB7,citrulline,Di,0.3006393760442734,25
A0A096DGB7,citrulline,Mono,0.37559908628463745,4
A0A096DGB7,citrulline,Tri,0.30151137709617615,24
A0A096DGB7,cystine,Di,0.14126358181238174,70
A0A096DGB7,cystine,Mono,0.25231944024562836,36
A0A096DGB7,cystine,Tri,0.17946574091911316,66
A0A096DGB7,dopamine,Di,0.21964945644140244,53
A0A096DGB7,dopamine,Mono,0.2451080158352852,40
A0A096DGB7,dopamine,Tri,0.21153686940670013,59
A0A096DGB7,gaba,Di,0.16403982043266296,68
A0A096DGB7,gaba,Mono,0.24014948308467865,45
A0A096DGB7,gaba,Tri,0.18878086656332016,64
A0A096DGB7,glutamine,Di,0.3665381520986557,6
A0A096DGB7,glutamine,Mono,0.3392346352338791,13
A0A096DGB7,glutamine,Tri,0.31782007217407227,21
A0A096DGB7,glyglycine,Di,0.12139065936207771,71
A0A096DGB7,glyglycine,Mono,0.19984278082847595,63
A0A096DGB7,glyglycine,Tri,0.09167441353201866,74
A0A096DGB7,histidine,Di,0.321955069899559,20
A0A096DGB7,histidine,Mono,0.3651697635650635,7
A0A096DGB7,histidine,Tri,0.3435232937335968,10
A0A096DGB7,lysine,Di,0.24293163418769836,43
A0A096DGB7,lysine,Mono,0.2543797940015793,35
A0A096DGB7,lysine,Tri,0.2390173152089119,47
A0A096DGB7,methionine,Di,0.15373021364212036,69
A0A096DGB7,methionine,Mono,0.21776166558265686,55
A0A096DGB7,methionine,Tri,0.1814027577638626,65
A0A096DGB7,ornithine,Di,0.21604664623737335,58
A0A096DGB7,ornithine,Mono,0.24077562987804413,44
A0A096DGB7,ornithine,Tri,0.2490442991256714,38
A0A096DGB7,phenylalanine,Di,0.362780824303627,8
A0A096DGB7,phenylalanine,Mono,0.38213109970092773,1
A0A096DGB7,phenylalanine,Tri,0.3412327617406845,11
A0A096DGB7,proline,Di,0.2390735000371933,46
A0A096DGB7,proline,Mono,0.37909913063049316,2
A0A096DGB7,proline,Tri,0.23559434711933136,49
A0A096DGB7,putrescine,Di,0.2190150022506714,54
A0A096DGB7,putrescine,Mono,0.2791247218847275,29
A0A096DGB7,putrescine,Tri,0.2028098702430725,62
A0A096DGB7,serine,Di,0.33686836063861847,14
A0A096DGB7,serine,Mono,0.3612867742776871,9
A0A096DGB7,serine,Tri,0.340023398399353,12
A0A096DGB7,serotonin,Di,0.2488342672586441,39
A0A096DGB7,serotonin,Mono,0.24353091418743134,42
A0A096DGB7,serotonin,Tri,0.2645770162343979,31
A0A096DGB7,threonine,Di,0.37679287791252136,3
A0A096DGB7,threonine,Mono,0.3703341782093048,5
A0A096DGB7,threonine,Tri,0.3339291512966156,17
A0A096DGB7,tryptamine,Di,0.2296915426850319,50
A0A096DGB7,tryptamine,Mono,0.20792128145694733,60
A0A096DGB7,tryptamine,Tri,0.22030632942914963,52
A0A096DGB7,tyramine,Di,0.2503429651260376,37
A0A096DGB7,tyramine,Mono,0.26402826607227325,32
A0A096DGB7,tyramine,Tri,0.24479705095291138,41
A0A0F0CI09,"2,3_diaminopropionic acid",Di,0.14980869740247726,18
A0A0F0CI09,"2,3_diaminopropionic acid",Mono,0.12061131745576859,26
A0A0F0CI09,"2,3_diaminopropionic acid",Tri,0.14359944313764572,23
A0A0F0CI09,2_aminophenol,Di,0.1712888479232788,12
A0A0F0CI09,2_aminophenol,Mono,0.14627790451049805,21
A0A0F0CI09,2_aminophenol,Tri,0.1376088410615921,24
A0A0F0CI09,3_methoxytyramine,Di,0.02486351039260626,65
A0A0F0CI09,3_methoxytyramine,Mono,-0.06263095140457153,75
A0A0F0CI09,3_methoxytyramine,Tri,-0.030757791362702847,74
A0A0F0CI09,alanine,Di,0.052676730789244175,53
A0A0F0CI09,alanine,Mono,0.0899183340370655,35
A0A0F0CI09,alanine,Tri,0.05780034139752388,47
A0A0F0CI09,arginine,Di,0.11630233749747276,29
A0A0F0CI09,arginine,Mono,0.08891893271356821,36
A0A0F0CI09,arginine,Tri,0.14837102591991425,19
A0A0F0CI09,asparagine,Di,0.1168491579592228,28
A0A0F0CI09,asparagine,Mono,0.15551172941923141,16
A0A0F0CI09,asparagine,Tri,0.11323679238557816,30
A0A0F0CI09,cadaverine,Di,0.04691723734140396,57
A0A0F0CI09,cadaverine,Mono,0.05672249011695385,48
A0A0F0CI09,cadaverine,Tri,0.07137753441929817,42
A0A0F0CI09,citrulline,Di,0.14579422399401665,22
A0A0F0CI09,citrulline,Mono,0.18134820088744164,9
A0A0F0CI09,citrulline,Tri,0.13566584140062332,25
A0A0F0CI09,cystine,Di,-0.012413155287504196,72
A0A0F0CI09,cystine,Mono,0.04846961051225662,56
A0A0F0CI09,cystine,Tri,0.030613182112574577,62
A0A0F0CI09,dopamine,Di,0.06085022911429405,45
A0A0F0CI09,dopamine,Mono,0.025550462305545807,64
A0A0F0CI09,dopamine,Tri,0.056342522613704205,50
A0A0F0CI09,gaba,Di,0.006037582526914775,70
A0A0F0CI09,gaba,Mono,0.02412710664793849,66
A0A0F0CI09,gaba,Tri,0.050532654859125614,54
A0A0F0CI09,glutamine,Di,0.17430128157138824,11
A0A0F0CI09,glutamine,Mono,0.17744151502847672,10
A0A0F0CI09,glutamine,Tri,0.11724364012479782,27
A0A0F0CI09,glyglycine,Di,0.05396602302789688,51
A0A0F0CI09,glyglycine,Mono,0.0019326242618262768,71
A0A0F0CI09,glyglycine,Tri,-0.021828480530530214,73
A0A0F0CI09,histidine,Di,0.16553115844726562,13
A0A0F0CI09,histidine,Mono,0.21974915266036987,4
A0A0F0CI09,histidine,Tri,0.14758985489606857,20
A0A0F0CI09,lysine,Di,0.052688322961330414,52
A0A0F0CI09,lysine,Mono,0.037340336479246616,61
A0A0F0CI09,lysine,Tri,0.08815208449959755,38
A0A0F0CI09,methionine,Di,0.04881305992603302,55
A0A0F0CI09,methionine,Mono,0.09223667532205582,34
A0A0F0CI09,methionine,Tri,0.0603777002543211,46
A0A0F0CI09,ornithine,Di,0.04454971291124821,58
A0A0F0CI09,ornithine,Mono,0.012778323609381914,69
A0A0F0CI09,ornithine,Tri,0.10200091451406479,31
A0A0F0CI09,phenylalanine,Di,0.22556422650814056,2
A0A0F0CI09,phenylalanine,Mono,0.2207711711525917,3
A0A0F0CI09,phenylalanine,Tri,0.18707990646362305,8
A0A0F0CI09,proline,Di,0.0176081582903862,68
A0A0F0CI09,proline,Mono,0.15277525782585144,17
A0A0F0CI09,proline,Tri,0.019135556649416685,67
A0A0F0CI09,putrescine,Di,0.039671992883086205,59
A0A0F0CI09,putrescine,Mono,0.06551355961710215,44
A0A0F0CI09,putrescine,Tri,0.06574449501931667,43
A0A0F0CI09,serine,Di,0.19753806293010712,6
A0A0F0CI09,serine,Mono,0.2095031552016735,5
A0A0F0CI09,serine,Tri,0.16055460274219513,15
A0A0F0CI09,serotonin,Di,0.08509917557239532,40
A0A0F0CI09,serotonin,Mono,0.05659426096826792,49
A0A0F0CI09,serotonin,Tri,0.09636720642447472,33
A0A0F0CI09,threonine,Di,0.25572048127651215,1
A0A0F0CI09,threonine,Mono,0.16335400193929672,14
A0A0F0CI09,threonine,Tri,0.1916099637746811,7
A0A0F0CI09,tryptamine,Di,0.07912301272153854,41
A0A0F0CI09,tryptamine,Mono,0.03805153537541628,60
A0A0F0CI09,tryptamine,Tri,0.08822061493992805,37
A0A0F0CI09,tyramine,Di,0.10178184136748314,32
A0A0F0CI09,tyramine,Mono,0.03008242230862379,63
A0A0F0CI09,tyramine,Tri,0.08532325550913811,39
A0A0F5JPH2,"2,3_diaminopropionic acid",Di,0.32247430086135864,19
A0A0F5JPH2,"2,3_diaminopropionic acid",Mono,0.2792058661580086,28
A0A0F5JPH2,"2,3_diaminopropionic acid",Tri,0.31981413066387177,20
A0A0F5JPH2,2_aminophenol,Di,0.36315691471099854,11
A0A0F5JPH2,2_aminophenol,Mono,0.31792815029621124,21
A0A0F5JPH2,2_aminophenol,Tri,0.31066714227199554,25
A0A0F5JPH2,3_methoxytyramine,Di,0.04877167381346226,74
A0A0F5JPH2,3_methoxytyramine,Mono,0.0595017047598958,73
A0A0F5JPH2,3_methoxytyramine,Tri,0.03364572674036026,75
A0A0F5JPH2,alanine,Di,0.16015444695949554,66
A0A0F5JPH2,alanine,Mono,0.23956796526908875,33
A0A0F5JPH2,alanine,Tri,0.17726357281208038,61
A0A0F5JPH2,arginine,Di,0.2036103531718254,50
A0A0F5JPH2,arginine,Mono,0.22202271223068237,38
A0A0F5JPH2,arginine,Tri,0.24496550858020782,31
A0A0F5JPH2,asparagine,Di,0.31221751868724823,24
A0A0F5JPH2,asparagine,Mono,0.34605783224105835,16
A0A0F5JPH2,asparagine,Tri,0.3056969493627548,27
A0A0F5JPH2,cadaverine,Di,0.2058127000927925,48
A0A0F5JPH2,cadaverine,Mono,0.21052315831184387,44
A0A0F5JPH2,cadaverine,Tri,0.22263209521770477,37
A0A0F5JPH2,citrulline,Di,0.31448042392730713,23
A0A0F5JPH2,citrulline,Mono,0.36609208583831787,9
A0A0F5JPH2,citrulline,Tri,0.3066539764404297,26
A0A0F5JPH2,cystine,Di,0.14443649351596832,69
A0A0F5JPH2,cystine,Mono,0.23313577473163605,35
A0A0F5JPH2,cystine,Tri,0.178525872528553,59
A0A0F5JPH2,dopamine,Di,0.17516496777534485,64
A0A0F5JPH2,dopamine,Mono,0.18948878347873688,57
A0A0F5JPH2,dopamine,Tri,0.17166613787412643,65
A0A0F5JPH2,gaba,Di,0.17825699597597122,60
A0A0F5JPH2,gaba,Mono,0.20227698981761932,52
A0A0F5JPH2,gaba,Tri,0.20350927114486694,51
A0A0F5JPH2,glutamine,Di,0.38427990674972534,6
A0A0F5JPH2,glutamine,Mono,0.36346422135829926,10
A0A0F5JPH2,glutamine,Tri,0.31785689294338226,22
A0A0F5JPH2,glyglycine,Di,0.09404603578150272,71
A0A0F5JPH2,glyglycine,Mono,0.14741521328687668,68
A0A0F5JPH2,glyglycine,Tri,0.06030668318271637,72
A0A0F5JPH2,histidine,Di,0.34671202301979065,15
A0A0F5JPH2,histidine,Mono,0.40263691544532776,2
A0A0F5JPH2,histidine,Tri,0.35917893052101135,12
A0A0F5JPH2,lysine,Di,0.2192741259932518,40
A0A0F5JPH2,lysine,Mono,0.20556676387786865,49
A0A0F5JPH2,lysine,Tri,0.23826316744089127,34
A0A0F5JPH2,methionine,Di,0.14115828275680542,70
A0A0F5JPH2,methionine,Mono,0.2220030203461647,39
A0A0F5JPH2,methionine,Tri,0.17662090808153152,63
A0A0F5JPH2,ornithine,Di,0.20729605108499527,47
A0A0F5JPH2,ornithine,Mono,0.1999019756913185,54
A0A0F5JPH2,ornithine,Tri,0.2598671615123749,29
A0A0F5JPH2,phenylalanine,Di,0.3992483764886856,4
A0A0F5JPH2,phenylalanine,Mono,0.4121297746896744,1
A0A0F5JPH2,phenylalanine,Tri,0.3556833565235138,13
A0A0F5JPH2,proline,Di,0.20118625462055206,53
A0A0F5JPH2,proline,Mono,0.3524654358625412,14
A0A0F5JPH2,proline,Tri,0.19437767565250397,55
A0A0F5JPH2,putrescine,Di,0.22332176566123962,36
A0A0F5JPH2,putrescine,Mono,0.2535720616579056,30
A0A0F5JPH2,putrescine,Tri,0.20965901017189026,45
A0A0F5JPH2,serine,Di,0.3682340383529663,8
A0A0F5JPH2,serine,Mono,0.388186514377594,5
A0A0F5JPH2,serine,Tri,0.3405282646417618,17
A0A0F5JPH2,serotonin,Di,0.21590666472911835,41
A0A0F5JPH2,serotonin,Mono,0.19135352224111557,56
A0A0F5JPH2,serotonin,Tri,0.24123726785182953,32
A0A0F5JPH2,threonine,Di,0.40080955624580383,3
A0A0F5JPH2,threonine,Mono,0.3835623115301132,7
A0A0F5JPH2,threonine,Tri,0.3401450514793396,18
A0A0F5JPH2,tryptamine,Di,0.18471752852201462,58
A0A0F5JPH2,tryptamine,Mono,0.15440158545970917,67
A0A0F5JPH2,tryptamine,Tri,0.17724473774433136,62
A0A0F5JPH2,tyramine,Di,0.21348035335540771,42
A0A0F5JPH2,tyramine,Mono,0.20935794711112976,46
A0A0F5JPH2,tyramine,Tri,0.21181268990039825,43
A0A0P0FKS2,"2,3_diaminopropionic acid",Di,0.3232431560754776,28
A0A0P0FKS2,"2,3_diaminopropionic acid",Mono,0.36715686321258545,16
A0A0P0FKS2,"2,3_diaminopropionic acid",Tri,0.3087308704853058,30
A0A0P0FKS2,2_aminophenol,Di,0.3643440008163452,18
A0A0P0FKS2,2_aminophenol,Mono,0.3886425793170929,12
A0A0P0FKS2,2_aminophenol,Tri,0.3259459286928177,26
A0A0P0FKS2,3_methoxytyramine,Di,0.030641619116067886,74
A0A0P0FKS2,3_methoxytyramine,Mono,0.09092589095234871,72
A0A0P0FKS2,3_methoxytyramine,Tri,0.01558113843202591,75
A0A0P0FKS2,alanine,Di,0.22265507280826569,51
A0A0P0FKS2,alanine,Mono,0.3591545820236206,19
A0A0P0FKS2,alanine,Tri,0.2198142483830452,52
A0A0P0FKS2,arginine,Di,0.24128055572509766,48
A0A0P0FKS2,arginine,Mono,0.30882909893989563,29
A0A0P0FKS2,arginine,Tri,0.2853059321641922,37
A0A0P0FKS2,asparagine,Di,0.35029377043247223,20
A0A0P0FKS2,asparagine,Mono,0.44095876812934875,5
A0A0P0FKS2,asparagine,Tri,0.34955188632011414,21
A0A0P0FKS2,cadaverine,Di,0.26100392639636993,42
A0A0P0FKS2,cadaverine,Mono,0.32494252920150757,27
A0A0P0FKS2,cadaverine,Tri,0.25932343304157257,43
A0A0P0FKS2,citrulline,Di,0.28706642985343933,35
A0A0P0FKS2,citrulline,Mono,0.42624610662460327,6
A0A0P0FKS2,citrulline,Tri,0.2913907319307327,34
A0A0P0FKS2,cystine,Di,0.17040376737713814,63
A0A0P0FKS2,cystine,Mono,0.3002919405698776,31
A0A0P0FKS2,cystine,Tri,0.18813414871692657,59
A0A0P0FKS2,dopamine,Di,0.1225963868200779,69
A0A0P0FKS2,dopamine,Mono,0.17873021960258484,62
A0A0P0FKS2,dopamine,Tri,0.0923115611076355,71
A0A0P0FKS2,gaba,Di,0.2069372609257698,55
A0A0P0FKS2,gaba,Mono,0.29872117936611176,32
A0A0P0FKS2,gaba,Tri,0.2119508683681488,53
A0A0P0FKS2,glutamine,Di,0.4023178666830063,11
A0A0P0FKS2,glutamine,Mono,0.4600074142217636,4
A0A0P0FKS2,glutamine,Tri,0.3660319596529007,17
A0A0P0FKS2,glyglycine,Di,0.15875398367643356,64
A0A0P0FKS2,glyglycine,Mono,0.24762089550495148,46
A0A0P0FKS2,glyglycine,Tri,0.059865498915314674,73
A0A0P0FKS2,histidine,Di,0.40813933312892914,9
A0A0P0FKS2,histidine,Mono,0.47912728786468506,2
A0A0P0FKS2,histidine,Tri,0.38493712246418,13
A0A0P0FKS2,lysine,Di,0.27142052352428436,39
A0A0P0FKS2,lysine,Mono,0.2855225056409836,36
A0A0P0FKS2,lysine,Tri,0.2704165279865265,41
A0A0P0FKS2,methionine,Di,0.19348029792308807,58
A0A0P0FKS2,methionine,Mono,0.340909019112587,24
A0A0P0FKS2,methionine,Tri,0.2246389016509056,49
A0A0P0FKS2,ornithine,Di,0.24259087443351746,47
A0A0P0FKS2,ornithine,Mono,0.29227517545223236,33
A0A0P0FKS2,ornithine,Tri,0.2709479480981827,40
A0A0P0FKS2,phenylalanine,Di,0.4204108566045761,8
A0A0P0FKS2,phenylalanine,Mono,0.4818042814731598,1
A0A0P0FKS2,phenylalanine,Tri,0.37089958786964417,15
A0A0P0FKS2,proline,Di,0.21128320693969727,54
A0A0P0FKS2,proline,Mono,0.42441996932029724,7
A0A0P0FKS2,proline,Tri,0.2545176297426224,44
A0A0P0FKS2,putrescine,Di,0.2522024065256119,45
A0A0P0FKS2,putrescine,Mono,0.3464251309633255,22
A0A0P0FKS2,putrescine,Tri,0.2233062982559204,50
A0A0P0FKS2,serine,Di,0.38000747561454773,14
A0A0P0FKS2,serine,Mono,0.4720775783061981,3
A0A0P0FKS2,serine,Tri,0.3438278138637543,23
A0A0P0FKS2,serotonin,Di,0.18639729171991348,60
A0A0P0FKS2,serotonin,Mono,0.1795377880334854,61
A0A0P0FKS2,serotonin,Tri,0.20355646312236786,56
A0A0P0FKS2,threonine,Di,0.3377816528081894,25
A0A0P0FKS2,threonine,Mono,0.40656349062919617,10
A0A0P0FKS2,threonine,Tri,0.2790113687515259,38
A0A0P0FKS2,tryptamine,Di,0.12654288858175278,68
A0A0P0FKS2,tryptamine,Mono,0.1269550397992134,67
A0A0P0FKS2,tryptamine,Tri,0.11385052651166916,70
A0A0P0FKS2,tyramine,Di,0.15000448748469353,65
A0A0P0FKS2,tyramine,Mono,0.19356979429721832,57
A0A0P0FKS2,tyramine,Tri,0.13148795813322067,66
A0A0P0LK75,"2,3_diaminopropionic acid",Di,0.3046160042285919,27
A0A0P0LK75,"2,3_diaminopropionic acid",Mono,0.2914045825600624,31
A0A0P0LK75,"2,3_diaminopropionic acid",Tri,0.32748889923095703,24
A0A0P0LK75,2_aminophenol,Di,0.35742121934890747,18
A0A0P0LK75,2_aminophenol,Mono,0.3490245193243027,19
A0A0P0LK75,2_aminophenol,Tri,0.3321790546178818,23
A0A0P0LK75,3_methoxytyramine,Di,-0.026343967765569687,75
A0A0P0LK75,3_methoxytyramine,Mono,0.034505187533795834,73
A0A0P0LK75,3_methoxytyramine,Tri,-0.004343785345554352,74
A0A0P0LK75,alanine,Di,0.18528637290000916,56
A0A0P0LK75,alanine,Mono,0.29565367102622986,29
A0A0P0LK75,alanine,Tri,0.2218126654624939,46
A0A0P0LK75,arginine,Di,0.23490114510059357,42
A0A0P0LK75,arginine,Mono,0.23630504310131073,41
A0A0P0LK75,arginine,Tri,0.2960326373577118,28
A0A0P0LK75,asparagine,Di,0.3429383784532547,21
A0A0P0LK75,asparagine,Mono,0.41448913514614105,5
A0A0P0LK75,asparagine,Tri,0.3477381020784378,20
A0A0P0LK75,cadaverine,Di,0.21939650177955627,49
A0A0P0LK75,cadaverine,Mono,0.23399390280246735,44
A0A0P0LK75,cadaverine,Tri,0.2738683968782425,33
A0A0P0LK75,citrulline,Di,0.31010906398296356,26
A0A0P0LK75,citrulline,Mono,0.3835413455963135,11
A0A0P0LK75,citrulline,Tri,0.33794352412223816,22
A0A0P0LK75,cystine,Di,0.15212246030569077,63
A0A0P0LK75,cystine,Mono,0.247966468334198,38
A0A0P0LK75,cystine,Tri,0.20164358615875244,53
A0A0P0LK75,dopamine,Di,0.11445218324661255,68
A0A0P0LK75,dopamine,Mono,0.1352401301264763,66
A0A0P0LK75,dopamine,Tri,0.11233494058251381,69
A0A0P0LK75,gaba,Di,0.17608508467674255,57
A0A0P0LK75,gaba,Mono,0.21014858037233353,52
A0A0P0LK75,gaba,Tri,0.24246400594711304,40
A0A0P0LK75,glutamine,Di,0.4124428629875183,6
A0A0P0LK75,glutamine,Mono,0.4243033677339554,4
A0A0P0LK75,glutamine,Tri,0.3830433785915375,12
A0A0P0LK75,glyglycine,Di,0.08906804583966732,71
A0A0P0LK75,glyglycine,Mono,0.1566651090979576,62
A0A0P0LK75,glyglycine,Tri,0.05321124009788036,72
A0A0P0LK75,histidine,Di,0.4014282524585724,8
A0A0P0LK75,histidine,Mono,0.45450714230537415,1
A0A0P0LK75,histidine,Tri,0.4012643098831177,9
A0A0P0LK75,lysine,Di,0.21460842341184616,50
A0A0P0LK75,lysine,Mono,0.19371573626995087,54
A0A0P0LK75,lysine,Tri,0.2610679268836975,36
A0A0P0LK75,methionine,Di,0.19296622276306152,55
A0A0P0LK75,methionine,Mono,0.2919144183397293,30
A0A0P0LK75,methionine,Tri,0.2563912868499756,37
A0A0P0LK75,ornithine,Di,0.21289805322885513,51
A0A0P0LK75,ornithine,Mono,0.22128374129533768,47
A0A0P0LK75,ornithine,Tri,0.2890578657388687,32
A0A0P0LK75,phenylalanine,Di,0.40426215529441833,7
A0A0P0LK75,phenylalanine,Mono,0.44810207188129425,2
A0A0P0LK75,phenylalanine,Tri,0.37157925963401794,16
A0A0P0LK75,proline,Di,0.22025041282176971,48
A0A0P0LK75,proline,Mono,0.38144591450691223,13
A0A0P0LK75,proline,Tri,0.2698563188314438,35
A0A0P0LK75,putrescine,Di,0.22946876287460327,45
A0A0P0LK75,putrescine,Mono,0.27042625844478607,34
A0A0P0LK75,putrescine,Tri,0.24665457010269165,39
A0A0P0LK75,serine,Di,0.3956223726272583,10
A0A0P0LK75,serine,Mono,0.4309474378824234,3
A0A0P0LK75,serine,Tri,0.3626193106174469,17
A0A0P0LK75,serotonin,Di,0.17430230975151062,58
A0A0P0LK75,serotonin,Mono,0.14378122240304947,64
A0A0P0LK75,serotonin,Tri,0.23410344123840332,43
A0A0P0LK75,threonine,Di,0.3733129948377609,15
A0A0P0LK75,threonine,Mono,0.38023921847343445,14
A0A0P0LK75,threonine,Tri,0.318782776594162,25
A0A0P0LK75,tryptamine,Di,0.1282212920486927,67
A0A0P0LK75,tryptamine,Mono,0.09570802003145218,70
A0A0P0LK75,tryptamine,Tri,0.14084573835134506,65
A0A0P0LK75,tyramine,Di,0.1571332961320877,60
A0A0P0LK75,tyramine,Mono,0.1567593738436699,61
A0A0P0LK75,tyramine,Tri,0.15971024334430695,59
A0A0S2W269,"2,3_diaminopropionic acid",Di,0.24202068150043488,22
A0A0S2W269,"2,3_diaminopropionic acid",Mono,0.2826538011431694,9
A0A0S2W269,"2,3_diaminopropionic acid",Tri,0.2142624631524086,32
A0A0S2W269,2_aminophenol,Di,0.22466406226158142,28
A0A0S2W269,2_aminophenol,Mono,0.2743811458349228,10
A0A0S2W269,2_aminophenol,Tri,0.22154169529676437,29
A0A0S2W269,3_methoxytyramine,Di,0.12380673736333847,67
A0A0S2W269,3_methoxytyramine,Mono,0.07372628524899483,75
A0A0S2W269,3_methoxytyramine,Tri,0.07481969892978668,74
A0A0S2W269,alanine,Di,0.1901233121752739,39
A0A0S2W269,alanine,Mono,0.2598330080509186,13
A0A0S2W269,alanine,Tri,0.18044574558734894,46
A0A0S2W269,arginine,Di,0.24465546011924744,19
A0A0S2W269,arginine,Mono,0.2652551680803299,12
A0A0S2W269,arginine,Tri,0.24265752732753754,21
A0A0S2W269,asparagine,Di,0.18543964624404907,41
A0A0S2W269,asparagine,Mono,0.2874367833137512,8
A0A0S2W269,asparagine,Tri,0.21910719573497772,30
A0A0S2W269,cadaverine,Di,0.17186234891414642,53
A0A0S2W269,cadaverine,Mono,0.24799445271492004,18
A0A0S2W269,cadaverine,Tri,0.17488496005535126,49
A0A0S2W269,citrulline,Di,0.17189274728298187,52
A0A0S2W269,citrulline,Mono,0.2942569702863693,7
A0A0S2W269,citrulline,Tri,0.18013396114110947,47
A0A0S2W269,cystine,Di,0.0994669571518898,71
A0A0S2W269,cystine,Mono,0.21003653854131699,34
A0A0S2W269,cystine,Tri,0.1254579797387123,66
A0A0S2W269,dopamine,Di,0.14671534299850464,60
A0A0S2W269,dopamine,Mono,0.1453600749373436,63
A0A0S2W269,dopamine,Tri,0.09154976159334183,72
A0A0S2W269,gaba,Di,0.10877286642789841,70
A0A0S2W269,gaba,Mono,0.2069901078939438,35
A0A0S2W269,gaba,Tri,0.12261512130498886,68
A0A0S2W269,glutamine,Di,0.23533037304878235,24
A0A0S2W269,glutamine,Mono,0.3064100295305252,6
A0A0S2W269,glutamine,Tri,0.2255980148911476,27
A0A0S2W269,glyglycine,Di,0.21086038649082184,33
A0A0S2W269,glyglycine,Mono,0.20354529470205307,36
A0A0S2W269,glyglycine,Tri,0.07782736420631409,73
A0A0S2W269,histidine,Di,0.2582215517759323,14
A0A0S2W269,histidine,Mono,0.31935206055641174,4
A0A0S2W269,histidine,Tri,0.22576545178890228,26
A0A0S2W269,lysine,Di,0.19170533120632172,37
A0A0S2W269,lysine,Mono,0.2154914140701294,31
A0A0S2W269,lysine,Tri,0.1865355670452118,40
A0A0S2W269,methionine,Di,0.1697763204574585,54
A0A0S2W269,methionine,Mono,0.24909769743680954,16
A0A0S2W269,methionine,Tri,0.1649080365896225,57
A0A0S2W269,ornithine,Di,0.16651751101016998,55
A0A0S2W269,ornithine,Mono,0.19129937887191772,38
A0A0S2W269,ornithine,Tri,0.1742129549384117,50
A0A0S2W269,phenylalanine,Di,0.30776265263557434,5
A0A0S2W269,phenylalanine,Mono,0.33517495542764664,2
A0A0S2W269,phenylalanine,Tri,0.26987743377685547,11
A0A0S2W269,proline,Di,0.11895750090479851,69
A0A0S2W269,proline,Mono,0.32389920949935913,3
A0A0S2W269,proline,Tri,0.1845221370458603,43
A0A0S2W269,putrescine,Di,0.13847363740205765,64
A0A0S2W269,putrescine,Mono,0.24867552518844604,17
A0A0S2W269,putrescine,Tri,0.14657366275787354,61
A0A0S2W269,serine,Di,0.2446267157793045,20
A0A0S2W269,serine,Mono,0.3361531049013138,1
A0A0S2W269,serine,Tri,0.23806944489479065,23
A0A0S2W269,serotonin,Di,0.18414407968521118,44
A0A0S2W269,serotonin,Mono,0.18201079964637756,45
A0A0S2W269,serotonin,Tri,0.1771998032927513,48
A0A0S2W269,threonine,Di,0.23146431893110275,25
A0A0S2W269,threonine,Mono,0.25351332873106003,15
A0A0S2W269,threonine,Tri,0.1848353073000908,42
A0A0S2W269,tryptamine,Di,0.16551414132118225,56
A0A0S2W269,tryptamine,Mono,0.15049851685762405,58
A0A0S2W269,tryptamine,Tri,0.1458687074482441,62
A0A0S2W269,tyramine,Di,0.1738675907254219,51
A0A0S2W269,tyramine,Mono,0.1481587514281273,59
A0A0S2W269,tyramine,Tri,0.1314675658941269,65
A0A174MBD8,"2,3_diaminopropionic acid",Di,0.22917434573173523,27
A0A174MBD8,"2,3_diaminopropionic acid",Mono,0.2642454728484154,17
A0A174MBD8,"2,3_diaminopropionic acid",Tri,0.2179710566997528,31
A0A174MBD8,2_aminophenol,Di,0.2547392249107361,20
A0A174MBD8,2_aminophenol,Mono,0.29686326533555984,11
A0A174MBD8,2_aminophenol,Tri,0.2410213053226471,25
A0A174MBD8,3_methoxytyramine,Di,0.0035987813025712967,73
A0A174MBD8,3_methoxytyramine,Mono,0.0007090810686349869,74
A0A174MBD8,3_methoxytyramine,Tri,-0.006100843660533428,75
A0A174MBD8,alanine,Di,0.14796075224876404,53
A0A174MBD8,alanine,Mono,0.25340694189071655,21
A0A174MBD8,alanine,Tri,0.15768121182918549,49
A0A174MBD8,arginine,Di,0.21688395738601685,33
A0A174MBD8,arginine,Mono,0.24618493020534515,23
A0A174MBD8,arginine,Tri,0.26444920897483826,16
A0A174MBD8,asparagine,Di,0.21181853115558624,37
A0A174MBD8,asparagine,Mono,0.3146742209792137,8
A0A174MBD8,asparagine,Tri,0.21831050515174866,30
A0A174MBD8,cadaverine,Di,0.1370467022061348,59
A0A174MBD8,cadaverine,Mono,0.21747026592493057,32
A0A174MBD8,cadaverine,Tri,0.18523886054754257,40
A0A174MBD8,citrulline,Di,0.23290031403303146,26
A0A174MBD8,citrulline,Mono,0.319472998380661,6
A0A174MBD8,citrulline,Tri,0.22453555464744568,29
A0A174MBD8,cystine,Di,0.07468647882342339,71
A0A174MBD8,cystine,Mono,0.1999836564064026,38
A0A174MBD8,cystine,Tri,0.12370152771472931,63
A0A174MBD8,dopamine,Di,0.11596125364303589,67
A0A174MBD8,dopamine,Mono,0.1163356639444828,66
A0A174MBD8,dopamine,Tri,0.10443977639079094,69
A0A174MBD8,gaba,Di,0.09219394624233246,70
A0A174MBD8,gaba,Mono,0.1735590472817421,43
A0A174MBD8,gaba,Tri,0.15485885739326477,50
A0A174MBD8,glutamine,Di,0.2848409488797188,12
A0A174MBD8,glutamine,Mono,0.34774088859558105,4
A0A174MBD8,glutamine,Tri,0.21609874069690704,34
A0A174MBD8,glyglycine,Di,0.1180846318602562,65
A0A174MBD8,glyglycine,Mono,0.1468486189842224,55
A0A174MBD8,glyglycine,Tri,0.040648460388183594,72
A0A174MBD8,histidine,Di,0.25511618703603745,19
A0A174MBD8,histidine,Mono,0.36826860904693604,2
A0A174MBD8,histidine,Tri,0.24883046001195908,22
A0A174MBD8,lysine,Di,0.14583748579025269,57
A0A174MBD8,lysine,Mono,0.18547439575195312,39
A0A174MBD8,lysine,Tri,0.21372175216674805,35
A0A174MBD8,methionine,Di,0.14540565758943558,58
A0A174MBD8,methionine,Mono,0.24535846710205078,24
A0A174MBD8,methionine,Tri,0.15142132341861725,51
A0A174MBD8,ornithine,Di,0.15051066875457764,52
A0A174MBD8,ornithine,Mono,0.1594676747918129,48
A0A174MBD8,ornithine,Tri,0.21262335777282715,36
A0A174MBD8,phenylalanine,Di,0.29878154397010803,10
A0A174MBD8,phenylalanine,Mono,0.36642271280288696,3
A0A174MBD8,phenylalanine,Tri,0.27560923993587494,13
A0A174MBD8,proline,Di,0.11058603227138519,68
A0A174MBD8,proline,Mono,0.31471913307905197,7
A0A174MBD8,proline,Tri,0.14638546109199524,56
A0A174MBD8,putrescine,Di,0.12324235588312149,64
A0A174MBD8,putrescine,Mono,0.22459132969379425,28
A0A174MBD8,putrescine,Tri,0.164601668715477,46
A0A174MBD8,serine,Di,0.26380906999111176,18
A0A174MBD8,serine,Mono,0.3755085617303848,1
A0A174MBD8,serine,Tri,0.2651159465312958,15
A0A174MBD8,serotonin,Di,0.17041578888893127,44
A0A174MBD8,serotonin,Mono,0.16469167917966843,45
A0A174MBD8,serotonin,Tri,0.18227194249629974,41
A0A174MBD8,threonine,Di,0.34739306569099426,5
A0A174MBD8,threonine,Mono,0.31298428773880005,9
A0A174MBD8,threonine,Tri,0.2689869701862335,14
A0A174MBD8,tryptamine,Di,0.1260467693209648,62
A0A174MBD8,tryptamine,Mono,0.12661763280630112,61
A0A174MBD8,tryptamine,Tri,0.14785395562648773,54
A0A174MBD8,tyramine,Di,0.17854680866003036,42
A0A174MBD8,tyramine,Mono,0.1294429823756218,60
A0A174MBD8,tyramine,Tri,0.15994653850793839,47
A0A1C5S406,"2,3_diaminopropionic acid",Di,0.3159278333187103,17
A0A1C5S406,"2,3_diaminopropionic acid",Mono,0.27332988381385803,27
A0A1C5S406,"2,3_diaminopropionic acid",Tri,0.3285559117794037,12
A0A1C5S406,2_aminophenol,Di,0.3370508998632431,10
A0A1C5S406,2_aminophenol,Mono,0.30045025050640106,21
A0A1C5S406,2_aminophenol,Tri,0.29223428666591644,24
A0A1C5S406,3_methoxytyramine,Di,0.07276630494743586,75
A0A1C5S406,3_methoxytyramine,Mono,0.1043822169303894,71
A0A1C5S406,3_methoxytyramine,Tri,0.07475913316011429,74
A0A1C5S406,alanine,Di,0.14356139302253723,68
A0A1C5S406,alanine,Mono,0.23291781544685364,37
A0A1C5S406,alanine,Tri,0.196589857339859,57
A0A1C5S406,arginine,Di,0.1978762373328209,56
A0A1C5S406,arginine,Mono,0.23210330307483673,38
A0A1C5S406,arginine,Tri,0.2424645572900772,33
A0A1C5S406,asparagine,Di,0.26703720539808273,28
A0A1C5S406,asparagine,Mono,0.29741524159908295,22
A0A1C5S406,asparagine,Tri,0.27360768616199493,26
A0A1C5S406,cadaverine,Di,0.17933376133441925,64
A0A1C5S406,cadaverine,Mono,0.1992388367652893,54
A0A1C5S406,cadaverine,Tri,0.20653201639652252,50
A0A1C5S406,citrulline,Di,0.31205908954143524,19
A0A1C5S406,citrulline,Mono,0.35659894347190857,6
A0A1C5S406,citrulline,Tri,0.31657056510448456,16
A0A1C5S406,cystine,Di,0.12132301181554794,70
A0A1C5S406,cystine,Mono,0.22292999178171158,41
A0A1C5S406,cystine,Tri,0.18200338631868362,63
A0A1C5S406,dopamine,Di,0.19653110206127167,58
A0A1C5S406,dopamine,Mono,0.2240157052874565,40
A0A1C5S406,dopamine,Tri,0.20621761679649353,51
A0A1C5S406,gaba,Di,0.1487649753689766,67
A0A1C5S406,gaba,Mono,0.1997792050242424,53
A0A1C5S406,gaba,Tri,0.18489979207515717,62
A0A1C5S406,glutamine,Di,0.3420051634311676,9
A0A1C5S406,glutamine,Mono,0.30956850200891495,20
A0A1C5S406,glutamine,Tri,0.29056379199028015,25
A0A1C5S406,glyglycine,Di,0.07955580577254295,72
A0A1C5S406,glyglycine,Mono,0.15581883490085602,66
A0A1C5S406,glyglycine,Tri,0.078105878084898,73
A0A1C5S406,histidine,Di,0.2926379665732384,23
A0A1C5S406,histidine,Mono,0.3455725163221359,7
A0A1C5S406,histidine,Tri,0.32321996986866,14
A0A1C5S406,lysine,Di,0.2025614231824875,52
A0A1C5S406,lysine,Mono,0.2122681364417076,47
A0A1C5S406,lysine,Tri,0.2183927744626999,44
A0A1C5S406,methionine,Di,0.12940673902630806,69
A0A1C5S406,methionine,Mono,0.18701449781656265,61
A0A1C5S406,methionine,Tri,0.16647213697433472,65
A0A1C5S406,ornithine,Di,0.19570357352495193,59
A0A1C5S406,ornithine,Mono,0.2083578035235405,49
A0A1C5S406,ornithine,Tri,0.24856898188591003,30
A0A1C5S406,phenylalanine,Di,0.3434377610683441,8
A0A1C5S406,phenylalanine,Mono,0.3618554472923279,3
A0A1C5S406,phenylalanine,Tri,0.31377728283405304,18
A0A1C5S406,proline,Di,0.24093469977378845,34
A0A1C5S406,proline,Mono,0.3601556569337845,4
A0A1C5S406,proline,Tri,0.22130972892045975,42
A0A1C5S406,putrescine,Di,0.21278294175863266,46
A0A1C5S406,putrescine,Mono,0.2482781633734703,31
A0A1C5S406,putrescine,Tri,0.19816555082798004,55
A0A1C5S406,serine,Di,0.3257402777671814,13
A0A1C5S406,serine,Mono,0.3323347568511963,11
A0A1C5S406,serine,Tri,0.3202066719532013,15
A0A1C5S406,serotonin,Di,0.2299627661705017,39
A0A1C5S406,serotonin,Mono,0.21996136009693146,43
A0A1C5S406,serotonin,Tri,0.26616618037223816,29
A0A1C5S406,threonine,Di,0.4061155617237091,1
A0A1C5S406,threonine,Mono,0.3776591122150421,2
A0A1C5S406,threonine,Tri,0.35852330923080444,5
A0A1C5S406,tryptamine,Di,0.21011218428611755,48
A0A1C5S406,tryptamine,Mono,0.1904916688799858,60
A0A1C5S406,tryptamine,Tri,0.21743224561214447,45
A0A1C5S406,tyramine,Di,0.2336321845650673,36
A0A1C5S406,tyramine,Mono,0.2427196428179741,32
A0A1C5S406,tyramine,Tri,0.23627518117427826,35
A0A1C6E707,"2,3_diaminopropionic acid",Di,0.1837594285607338,8
A0A1C6E707,"2,3_diaminopropionic acid",Mono,0.0888469610363245,41
A0A1C6E707,"2,3_diaminopropionic acid",Tri,0.17700327932834625,10
A0A1C6E707,2_aminophenol,Di,0.15845447778701782,14
A0A1C6E707,2_aminophenol,Mono,0.10477078519761562,34
A0A1C6E707,2_aminophenol,Tri,0.13625133782625198,25
A0A1C6E707,3_methoxytyramine,Di,0.05655618757009506,56
A0A1C6E707,3_methoxytyramine,Mono,-0.06657680124044418,75
A0A1C6E707,3_methoxytyramine,Tri,-0.006139822769910097,73
A0A1C6E707,alanine,Di,0.06590766459703445,48
A0A1C6E707,alanine,Mono,0.05541897565126419,57
A0A1C6E707,alanine,Tri,0.05027084797620773,60
A0A1C6E707,arginine,Di,0.1279039867222309,29
A0A1C6E707,arginine,Mono,0.06544474931433797,49
A0A1C6E707,arginine,Tri,0.12265552580356598,31
A0A1C6E707,asparagine,Di,0.1193089634180069,32
A0A1C6E707,asparagine,Mono,0.13316233083605766,26
A0A1C6E707,asparagine,Tri,0.13877365738153458,21
A0A1C6E707,cadaverine,Di,0.07218149304389954,47
A0A1C6E707,cadaverine,Mono,0.02754422975704074,66
A0A1C6E707,cadaverine,Tri,0.08990810811519623,39
A0A1C6E707,citrulline,Di,0.14032988995313644,20
A0A1C6E707,citrulline,Mono,0.14161591604351997,18
A0A1C6E707,citrulline,Tri,0.13633905351161957,24
A0A1C6E707,cystine,Di,0.0014120687264949083,70
A0A1C6E707,cystine,Mono,0.020390324294567108,67
A0A1C6E707,cystine,Tri,0.04728340357542038,61
A0A1C6E707,dopamine,Di,0.09882889688014984,36
A0A1C6E707,dopamine,Mono,0.03886731015518308,63
A0A1C6E707,dopamine,Tri,0.08553949557244778,43
A0A1C6E707,gaba,Di,0.027812223881483078,65
A0A1C6E707,gaba,Mono,0.002546926960349083,69
A0A1C6E707,gaba,Tri,0.06247188523411751,53
A0A1C6E707,glutamine,Di,0.17850998044013977,9
A0A1C6E707,glutamine,Mono,0.14072157628834248,19
A0A1C6E707,glutamine,Tri,0.1468980833888054,16
A0A1C6E707,glyglycine,Di,0.0971655584871769,37
A0A1C6E707,glyglycine,Mono,-0.00038056354969739914,71
A0A1C6E707,glyglycine,Tri,0.005496036261320114,68
A0A1C6E707,histidine,Di,0.18903199583292007,6
A0A1C6E707,histidine,Mono,0.187302827835083,7
A0A1C6E707,histidine,Tri,0.16530141979455948,11
A0A1C6E707,lysine,Di,0.07745734974741936,46
A0A1C6E707,lysine,Mono,-0.0014793230220675468,72
A0A1C6E707,lysine,Tri,0.08811453357338905,42
A0A1C6E707,methionine,Di,0.06306458078324795,52
A0A1C6E707,methionine,Mono,0.06340427976101637,51
A0A1C6E707,methionine,Tri,0.08535068482160568,44
A0A1C6E707,ornithine,Di,0.05492589250206947,58
A0A1C6E707,ornithine,Mono,-0.023221538634970784,74
A0A1C6E707,ornithine,Tri,0.09586061164736748,38
A0A1C6E707,phenylalanine,Di,0.25933609157800674,1
A0A1C6E707,phenylalanine,Mono,0.19260121881961823,5
A0A1C6E707,phenylalanine,Tri,0.205324225127697,3
A0A1C6E707,proline,Di,0.04536365158855915,62
A0A1C6E707,proline,Mono,0.1461484581232071,17
A0A1C6E707,proline,Tri,0.05759327672421932,55
A0A1C6E707,putrescine,Di,0.08453921228647232,45
A0A1C6E707,putrescine,Mono,0.052013680688105524,59
A0A1C6E707,putrescine,Tri,0.08980812504887581,40
A0A1C6E707,serine,Di,0.20027247816324234,4
A0A1C6E707,serine,Mono,0.14991511404514313,15
A0A1C6E707,serine,Tri,0.16124045848846436,12
A0A1C6E707,serotonin,Di,0.11897846311330795,33
A0A1C6E707,serotonin,Mono,0.06517944857478142,50
A0A1C6E707,serotonin,Tri,0.1371118351817131,22
A0A1C6E707,threonine,Di,0.2137608453631401,2
A0A1C6E707,threonine,Mono,0.12580916937440634,30
A0A1C6E707,threonine,Tri,0.15972322970628738,13
A0A1C6E707,tryptamine,Di,0.1368672102689743,23
A0A1C6E707,tryptamine,Mono,0.06009504199028015,54
A0A1C6E707,tryptamine,Tri,0.1300530582666397,27
A0A1C6E707,tyramine,Di,0.12801754847168922,28
A0A1C6E707,tyramine,Mono,0.03187571465969086,64
A0A1C6E707,tyramine,Tri,0.10433845967054367,35
A0A1C7H271,"2,3_diaminopropionic acid",Di,0.3298615515232086,15
A0A1C7H271,"2,3_diaminopropionic acid",Mono,0.27725978940725327,27
A0A1C7H271,"2,3_diaminopropionic acid",Tri,0.3235038220882416,17
A0A1C7H271,2_aminophenol,Di,0.34869419038295746,10
A0A1C7H271,2_aminophenol,Mono,0.3052295744419098,23
A0A1C7H271,2_aminophenol,Tri,0.2989700734615326,24
A0A1C7H271,3_methoxytyramine,Di,0.04063795413821936,74
A0A1C7H271,3_methoxytyramine,Mono,0.06805060245096684,72
A0A1C7H271,3_methoxytyramine,Tri,0.03509049490094185,75
A0A1C7H271,alanine,Di,0.1490958407521248,68
A0A1C7H271,alanine,Mono,0.22287774085998535,40
A0A1C7H271,alanine,Tri,0.16736967861652374,65
A0A1C7H271,arginine,Di,0.20902346819639206,45
A0A1C7H271,arginine,Mono,0.23571062088012695,34
A0A1C7H271,arginine,Tri,0.24692847579717636,32
A0A1C7H271,asparagine,Di,0.27758242189884186,26
A0A1C7H271,asparagine,Mono,0.3139057978987694,21
A0A1C7H271,asparagine,Tri,0.27359412610530853,28
A0A1C7H271,cadaverine,Di,0.20375221222639084,49
A0A1C7H271,cadaverine,Mono,0.20773360133171082,46
A0A1C7H271,cadaverine,Tri,0.21089187264442444,44
A0A1C7H271,citrulline,Di,0.3196210563182831,20
A0A1C7H271,citrulline,Mono,0.35676978528499603,7
A0A1C7H271,citrulline,Tri,0.3119824230670929,22
A0A1C7H271,cystine,Di,0.14715884625911713,69
A0A1C7H271,cystine,Mono,0.23032087832689285,35
A0A1C7H271,cystine,Tri,0.18621177971363068,60
A0A1C7H271,dopamine,Di,0.1838795319199562,61
A0A1C7H271,dopamine,Mono,0.20323201268911362,50
A0A1C7H271,dopamine,Tri,0.17985841631889343,62
A0A1C7H271,gaba,Di,0.17368008196353912,63
A0A1C7H271,gaba,Mono,0.19806966185569763,53
A0A1C7H271,gaba,Tri,0.19364327192306519,58
A0A1C7H271,glutamine,Di,0.3641204684972763,6
A0A1C7H271,glutamine,Mono,0.3361501097679138,13
A0A1C7H271,glutamine,Tri,0.2959684133529663,25
A0A1C7H271,glyglycine,Di,0.09066860005259514,71
A0A1C7H271,glyglycine,Mono,0.1492977738380432,67
A0A1C7H271,glyglycine,Tri,0.052381970919668674,73
A0A1C7H271,histidine,Di,0.32201631367206573,18
A0A1C7H271,histidine,Mono,0.37196145951747894,4
A0A1C7H271,histidine,Tri,0.3375523090362549,12
A0A1C7H271,lysine,Di,0.2178398296236992,43
A0A1C7H271,lysine,Mono,0.20045924186706543,52
A0A1C7H271,lysine,Tri,0.2362314537167549,33
A0A1C7H271,methionine,Di,0.1328800991177559,70
A0A1C7H271,methionine,Mono,0.19468501210212708,57
A0A1C7H271,methionine,Tri,0.16871359944343567,64
A0A1C7H271,ornithine,Di,0.20663801580667496,47
A0A1C7H271,ornithine,Mono,0.1961720734834671,55
A0A1C7H271,ornithine,Tri,0.25455833971500397,31
A0A1C7H271,phenylalanine,Di,0.369196817278862,5
A0A1C7H271,phenylalanine,Mono,0.3777991682291031,3
A0A1C7H271,phenylalanine,Tri,0.3270445019006729,16
A0A1C7H271,proline,Di,0.21833675354719162,41
A0A1C7H271,proline,Mono,0.3558255434036255,8
A0A1C7H271,proline,Tri,0.19668465852737427,54
A0A1C7H271,putrescine,Di,0.22832341492176056,38
A0A1C7H271,putrescine,Mono,0.2570108026266098,30
A0A1C7H271,putrescine,Tri,0.20242057740688324,51
A0A1C7H271,serine,Di,0.34490275382995605,11
A0A1C7H271,serine,Mono,0.35238584876060486,9
A0A1C7H271,serine,Tri,0.3197041004896164,19
A0A1C7H271,serotonin,Di,0.23002031445503235,36
A0A1C7H271,serotonin,Mono,0.2062389850616455,48
A0A1C7H271,serotonin,Tri,0.2579639256000519,29
A0A1C7H271,threonine,Di,0.4026898890733719,1
A0A1C7H271,threonine,Mono,0.37873439490795135,2
A0A1C7H271,threonine,Tri,0.3344903886318207,14
A0A1C7H271,tryptamine,Di,0.19230511784553528,59
A0A1C7H271,tryptamine,Mono,0.16645240783691406,66
A0A1C7H271,tryptamine,Tri,0.1955886110663414,56
A0A1C7H271,tyramine,Di,0.22871026396751404,37
A0A1C7H271,tyramine,Mono,0.22304095327854156,39
A0A1C7H271,tyramine,Tri,0.21823110431432724,42
A0A1E3ADP5,"2,3_diaminopropionic acid",Di,0.19977262616157532,27
A0A1E3ADP5,"2,3_diaminopropionic acid",Mono,0.23704083263874054,14
A0A1E3ADP5,"2,3_diaminopropionic acid",Tri,0.1743619069457054,32
A0A1E3ADP5,2_aminophenol,Di,0.20037376135587692,26
A0A1E3ADP5,2_aminophenol,Mono,0.24130450934171677,11
A0A1E3ADP5,2_aminophenol,Tri,0.1942296177148819,30
A0A1E3ADP5,3_methoxytyramine,Di,0.030554940458387136,73
A0A1E3ADP5,3_methoxytyramine,Mono,-0.012231455184519291,75
A0A1E3ADP5,3_methoxytyramine,Tri,-0.002245761454105377,74
A0A1E3ADP5,alanine,Di,0.14803560078144073,41
A0A1E3ADP5,alanine,Mono,0.22418960183858871,18
A0A1E3ADP5,alanine,Tri,0.12858030945062637,50
A0A1E3ADP5,arginine,Di,0.1994086056947708,28
A0A1E3ADP5,arginine,Mono,0.21520354598760605,20
A0A1E3ADP5,arginine,Tri,0.20357336848974228,23
A0A1E3ADP5,asparagine,Di,0.18831083178520203,31
A0A1E3ADP5,asparagine,Mono,0.2928607165813446,5
A0A1E3ADP5,asparagine,Tri,0.20573540031909943,22
A0A1E3ADP5,cadaverine,Di,0.1321752741932869,47
A0A1E3ADP5,cadaverine,Mono,0.20046454668045044,25
A0A1E3ADP5,cadaverine,Tri,0.16346338391304016,34
A0A1E3ADP5,citrulline,Di,0.14773796126246452,42
A0A1E3ADP5,citrulline,Mono,0.2657771110534668,8
A0A1E3ADP5,citrulline,Tri,0.1515454202890396,37
A0A1E3ADP5,cystine,Di,0.05276137590408325,71
A0A1E3ADP5,cystine,Mono,0.16096102073788643,35
A0A1E3ADP5,cystine,Tri,0.08297736942768097,65
A0A1E3ADP5,dopamine,Di,0.08531295135617256,64
A0A1E3ADP5,dopamine,Mono,0.07791939936578274,66
A0A1E3ADP5,dopamine,Tri,0.054963815957307816,70
A0A1E3ADP5,gaba,Di,0.0642991941422224,68
A0A1E3ADP5,gaba,Mono,0.15068597719073296,38
A0A1E3ADP5,gaba,Tri,0.10810061916708946,59
A0A1E3ADP5,glutamine,Di,0.23953410238027573,13
A0A1E3ADP5,glutamine,Mono,0.3114963322877884,4
A0A1E3ADP5,glutamine,Tri,0.2028437778353691,24
A0A1E3ADP5,glyglycine,Di,0.1493450477719307,39
A0A1E3ADP5,glyglycine,Mono,0.1443101018667221,43
A0A1E3ADP5,glyglycine,Tri,0.0323011577129364,72
A0A1E3ADP5,histidine,Di,0.24632605910301208,10
A0A1E3ADP5,histidine,Mono,0.33135756105184555,3
A0A1E3ADP5,histidine,Tri,0.2061939835548401,21
A0A1E3ADP5,lysine,Di,0.1332048401236534,46
A0A1E3ADP5,lysine,Mono,0.1491788923740387,40
A0A1E3ADP5,lysine,Tri,0.1516106203198433,36
A0A1E3ADP5,methionine,Di,0.1254175528883934,54
A0A1E3ADP5,methionine,Mono,0.2292383313179016,17
A0A1E3ADP5,methionine,Tri,0.13094109296798706,49
A0A1E3ADP5,ornithine,Di,0.11329348012804985,57
A0A1E3ADP5,ornithine,Mono,0.1266409084200859,53
A0A1E3ADP5,ornithine,Tri,0.14145128428936005,44
A0A1E3ADP5,phenylalanine,Di,0.28820857405662537,6
A0A1E3ADP5,phenylalanine,Mono,0.3356572091579437,1
A0A1E3ADP5,phenylalanine,Tri,0.2513873428106308,9
A0A1E3ADP5,proline,Di,0.06188543885946274,69
A0A1E3ADP5,proline,Mono,0.27287009358406067,7
A0A1E3ADP5,proline,Tri,0.12824133038520813,51
A0A1E3ADP5,putrescine,Di,0.10752172023057938,60
A0A1E3ADP5,putrescine,Mono,0.19645102322101593,29
A0A1E3ADP5,putrescine,Tri,0.13189126551151276,48
A0A1E3ADP5,serine,Di,0.2316187471151352,16
A0A1E3ADP5,serine,Mono,0.33288587629795074,2
A0A1E3ADP5,serine,Tri,0.2173907682299614,19
A0A1E3ADP5,serotonin,Di,0.12791649997234344,52
A0A1E3ADP5,serotonin,Mono,0.11794636026024818,55
A0A1E3ADP5,serotonin,Tri,0.13464060425758362,45
A0A1E3ADP5,threonine,Di,0.23170357197523117,15
A0A1E3ADP5,threonine,Mono,0.23994913697242737,12
A0A1E3ADP5,threonine,Tri,0.17175813764333725,33
A0A1E3ADP5,tryptamine,Di,0.11027524992823601,58
A0A1E3ADP5,tryptamine,Mono,0.08911985903978348,63
A0A1E3ADP5,tryptamine,Tri,0.09736038744449615,61
A0A1E3ADP5,tyramine,Di,0.11652115359902382,56
A0A1E3ADP5,tyramine,Mono,0.07471485622227192,67
A0A1E3ADP5,tyramine,Tri,0.09553894400596619,62
A0A1I4P275,"2,3_diaminopropionic acid",Di,0.29624101519584656,33
A0A1I4P275,"2,3_diaminopropionic acid",Mono,0.3516090512275696,20
A0A1I4P275,"2,3_diaminopropionic acid",Tri,0.3030388206243515,30
A0A1I4P275,2_aminophenol,Di,0.36819857358932495,17
A0A1I4P275,2_aminophenol,Mono,0.4041645973920822,8
A0A1I4P275,2_aminophenol,Tri,0.3431971073150635,22
A0A1I4P275,3_methoxytyramine,Di,-0.008640473708510399,75
A0A1I4P275,3_methoxytyramine,Mono,0.07263972237706184,72
A0A1I4P275,3_methoxytyramine,Tri,0.006192479282617569,74
A0A1I4P275,alanine,Di,0.20272359997034073,53
A0A1I4P275,alanine,Mono,0.35003383457660675,21
A0A1I4P275,alanine,Tri,0.23330072313547134,45
A0A1I4P275,arginine,Di,0.21075470745563507,51
A0A1I4P275,arginine,Mono,0.2910115718841553,34
A0A1I4P275,arginine,Tri,0.2964153438806534,32
A0A1I4P275,asparagine,Di,0.3388712555170059,25
A0A1I4P275,asparagine,Mono,0.4366663992404938,5
A0A1I4P275,asparagine,Tri,0.3420947790145874,23
A0A1I4P275,cadaverine,Di,0.23141877353191376,46
A0A1I4P275,cadaverine,Mono,0.3070361614227295,28
A0A1I4P275,cadaverine,Tri,0.265823096036911,41
A0A1I4P275,citrulline,Di,0.29763032495975494,31
A0A1I4P275,citrulline,Mono,0.42977556586265564,6
A0A1I4P275,citrulline,Tri,0.306791290640831,29
A0A1I4P275,cystine,Di,0.15146531909704208,62
A0A1I4P275,cystine,Mono,0.28457602858543396,38
A0A1I4P275,cystine,Tri,0.1871405690908432,55
A0A1I4P275,dopamine,Di,0.09630027040839195,71
A0A1I4P275,dopamine,Mono,0.1598094180226326,60
A0A1I4P275,dopamine,Tri,0.09904726594686508,69
A0A1I4P275,gaba,Di,0.18395771086215973,56
A0A1I4P275,gaba,Mono,0.27300014346838,39
A0A1I4P275,gaba,Tri,0.2260904610157013,48
A0A1I4P275,glutamine,Di,0.39072583615779877,13
A0A1I4P275,glutamine,Mono,0.4656854271888733,4
A0A1I4P275,glutamine,Tri,0.3547874540090561,19
A0A1I4P275,glyglycine,Di,0.10105383023619652,68
A0A1I4P275,glyglycine,Mono,0.2036144882440567,52
A0A1I4P275,glyglycine,Tri,0.05497999023646116,73
A0A1I4P275,histidine,Di,0.39330892264842987,11
A0A1I4P275,histidine,Mono,0.49485719203948975,1
A0A1I4P275,histidine,Tri,0.3912048041820526,12
A0A1I4P275,lysine,Di,0.24005478620529175,42
A0A1I4P275,lysine,Mono,0.2702259123325348,40
A0A1I4P275,lysine,Tri,0.2865578234195709,36
A0A1I4P275,methionine,Di,0.1791621744632721,58
A0A1I4P275,methionine,Mono,0.340279221534729,24
A0A1I4P275,methionine,Tri,0.23807427287101746,43
A0A1I4P275,ornithine,Di,0.22439388930797577,50
A0A1I4P275,ornithine,Mono,0.28536731004714966,37
A0A1I4P275,ornithine,Tri,0.28848855197429657,35
A0A1I4P275,phenylalanine,Di,0.3993215560913086,10
A0A1I4P275,phenylalanine,Mono,0.49196550250053406,2
A0A1I4P275,phenylalanine,Tri,0.37317758798599243,15
A0A1I4P275,proline,Di,0.17377038300037384,59
A0A1I4P275,proline,Mono,0.40395069122314453,9
A0A1I4P275,proline,Tri,0.23114269226789474,47
A0A1I4P275,putrescine,Di,0.22560862451791763,49
A0A1I4P275,putrescine,Mono,0.3266591429710388,26
A0A1I4P275,putrescine,Tri,0.23384930938482285,44
A0A1I4P275,serine,Di,0.3792838454246521,14
A0A1I4P275,serine,Mono,0.4895514249801636,3
A0A1I4P275,serine,Tri,0.36212752759456635,18
A0A1I4P275,serotonin,Di,0.14737796038389206,63
A0A1I4P275,serotonin,Mono,0.15774378925561905,61
A0A1I4P275,serotonin,Tri,0.1909351944923401,54
A0A1I4P275,threonine,Di,0.36893224716186523,16
A0A1I4P275,threonine,Mono,0.42028534412384033,7
A0A1I4P275,threonine,Tri,0.3192943334579468,27
A0A1I4P275,tryptamine,Di,0.0974285714328289,70
A0A1I4P275,tryptamine,Mono,0.11276442930102348,67
A0A1I4P275,tryptamine,Tri,0.11585813015699387,66
A0A1I4P275,tyramine,Di,0.12745167315006256,65
A0A1I4P275,tyramine,Mono,0.1804758608341217,57
A0A1I4P275,tyramine,Tri,0.14148619771003723,64
A0A1M3L7G3,"2,3_diaminopropionic acid",Di,0.31351669132709503,13
A0A1M3L7G3,"2,3_diaminopropionic acid",Mono,0.2560480907559395,28
A0A1M3L7G3,"2,3_diaminopropionic acid",Tri,0.2983708828687668,19
A0A1M3L7G3,2_aminophenol,Di,0.3276703655719757,11
A0A1M3L7G3,2_aminophenol,Mono,0.2764848470687866,23
A0A1M3L7G3,2_aminophenol,Tri,0.2738753706216812,24
A0A1M3L7G3,3_methoxytyramine,Di,0.05905653163790703,72
A0A1M3L7G3,3_methoxytyramine,Mono,0.048242149874567986,75
A0A1M3L7G3,3_methoxytyramine,Tri,0.05446025915443897,73
A0A1M3L7G3,alanine,Di,0.13668972253799438,67
A0A1M3L7G3,alanine,Mono,0.20786937326192856,34
A0A1M3L7G3,alanine,Tri,0.1550995633006096,64
A0A1M3L7G3,arginine,Di,0.196562722325325,42
A0A1M3L7G3,arginine,Mono,0.2122887670993805,32
A0A1M3L7G3,arginine,Tri,0.20759163051843643,35
A0A1M3L7G3,asparagine,Di,0.2657995820045471,26
A0A1M3L7G3,asparagine,Mono,0.29229485988616943,21
A0A1M3L7G3,asparagine,Tri,0.25623805075883865,27
A0A1M3L7G3,cadaverine,Di,0.18234995007514954,47
A0A1M3L7G3,cadaverine,Mono,0.18153926730155945,49
A0A1M3L7G3,cadaverine,Tri,0.18330104649066925,46
A0A1M3L7G3,citrulline,Di,0.29607801139354706,20
A0A1M3L7G3,citrulline,Mono,0.33985958248376846,7
A0A1M3L7G3,citrulline,Tri,0.27804121375083923,22
A0A1M3L7G3,cystine,Di,0.13454338535666466,68
A0A1M3L7G3,cystine,Mono,0.20160137116909027,40
A0A1M3L7G3,cystine,Tri,0.1672663688659668,58
A0A1M3L7G3,dopamine,Di,0.1648925244808197,59
A0A1M3L7G3,dopamine,Mono,0.17667251825332642,52
A0A1M3L7G3,dopamine,Tri,0.16478192806243896,60
A0A1M3L7G3,gaba,Di,0.15638238936662674,63
A0A1M3L7G3,gaba,Mono,0.17227472364902496,55
A0A1M3L7G3,gaba,Tri,0.16320013999938965,62
A0A1M3L7G3,glutamine,Di,0.33991390466690063,6
A0A1M3L7G3,glutamine,Mono,0.3076799362897873,17
A0A1M3L7G3,glutamine,Tri,0.273317888379097,25
A0A1M3L7G3,glyglycine,Di,0.09055348671972752,71
A0A1M3L7G3,glyglycine,Mono,0.13258327171206474,69
A0A1M3L7G3,glyglycine,Tri,0.05100235529243946,74
A0A1M3L7G3,histidine,Di,0.3121799826622009,14
A0A1M3L7G3,histidine,Mono,0.3501076474785805,5
A0A1M3L7G3,histidine,Tri,0.3121243864297867,15
A0A1M3L7G3,lysine,Di,0.19804029911756516,41
A0A1M3L7G3,lysine,Mono,0.17473690956830978,54
A0A1M3L7G3,lysine,Tri,0.19018591940402985,44
A0A1M3L7G3,methionine,Di,0.11116573587059975,70
A0A1M3L7G3,methionine,Mono,0.1753758043050766,53
A0A1M3L7G3,methionine,Tri,0.13836373388767242,66
A0A1M3L7G3,ornithine,Di,0.1820748969912529,48
A0A1M3L7G3,ornithine,Mono,0.16390109807252884,61
A0A1M3L7G3,ornithine,Tri,0.21443942934274673,31
A0A1M3L7G3,phenylalanine,Di,0.3659217059612274,2
A0A1M3L7G3,phenylalanine,Mono,0.3633260130882263,3
A0A1M3L7G3,phenylalanine,Tri,0.31159715354442596,16
A0A1M3L7G3,proline,Di,0.20947369933128357,33
A0A1M3L7G3,proline,Mono,0.33244889974594116,10
A0A1M3L7G3,proline,Tri,0.18408065289258957,45
A0A1M3L7G3,putrescine,Di,0.20738890767097473,36
A0A1M3L7G3,putrescine,Mono,0.22614730894565582,30
A0A1M3L7G3,putrescine,Tri,0.17017412185668945,57
A0A1M3L7G3,serine,Di,0.33610090613365173,8
A0A1M3L7G3,serine,Mono,0.3330339789390564,9
A0A1M3L7G3,serine,Tri,0.29895709455013275,18
A0A1M3L7G3,serotonin,Di,0.20330440998077393,38
A0A1M3L7G3,serotonin,Mono,0.17728741839528084,51
A0A1M3L7G3,serotonin,Tri,0.22896942496299744,29
A0A1M3L7G3,threonine,Di,0.38070957362651825,1
A0A1M3L7G3,threonine,Mono,0.3542756140232086,4
A0A1M3L7G3,threonine,Tri,0.31949755549430847,12
A0A1M3L7G3,tryptamine,Di,0.1720297634601593,56
A0A1M3L7G3,tryptamine,Mono,0.14062047749757767,65
A0A1M3L7G3,tryptamine,Tri,0.17766638845205307,50
A0A1M3L7G3,tyramine,Di,0.20695891976356506,37
A0A1M3L7G3,tyramine,Mono,0.19400159269571304,43
A0A1M3L7G3,tyramine,Tri,0.20318258553743362,39
A0A1N6ECR1,"2,3_diaminopropionic acid",Di,0.3314131647348404,16
A0A1N6ECR1,"2,3_diaminopropionic acid",Mono,0.3195696920156479,20
A0A1N6ECR1,"2,3_diaminopropionic acid",Tri,0.3133472800254822,24
A0A1N6ECR1,2_aminophenol,Di,0.3901129961013794,8
A0A1N6ECR1,2_aminophenol,Mono,0.3589289039373398,12
A0A1N6ECR1,2_aminophenol,Tri,0.33478182554244995,15
A0A1N6ECR1,3_methoxytyramine,Di,0.07785762846469879,74
A0A1N6ECR1,3_methoxytyramine,Mono,0.13598717376589775,71
A0A1N6ECR1,3_methoxytyramine,Tri,0.07592425122857094,75
A0A1N6ECR1,alanine,Di,0.19678939133882523,61
A0A1N6ECR1,alanine,Mono,0.2786925509572029,31
A0A1N6ECR1,alanine,Tri,0.17556944489479065,67
A0A1N6ECR1,arginine,Di,0.23998071253299713,44
A0A1N6ECR1,arginine,Mono,0.28479786217212677,29
A0A1N6ECR1,arginine,Tri,0.2293814942240715,50
A0A1N6ECR1,asparagine,Di,0.3040381371974945,25
A0A1N6ECR1,asparagine,Mono,0.3525145798921585,14
A0A1N6ECR1,asparagine,Tri,0.28337255120277405,30
A0A1N6ECR1,cadaverine,Di,0.21714507043361664,53
A0A1N6ECR1,cadaverine,Mono,0.25557945668697357,36
A0A1N6ECR1,cadaverine,Tri,0.21662966907024384,54
A0A1N6ECR1,citrulline,Di,0.3172246962785721,22
A0A1N6ECR1,citrulline,Mono,0.390273854136467,7
A0A1N6ECR1,citrulline,Tri,0.29735898971557617,27
A0A1N6ECR1,cystine,Di,0.16824080049991608,69
A0A1N6ECR1,cystine,Mono,0.2761654406785965,32
A0A1N6ECR1,cystine,Tri,0.21304748207330704,56
A0A1N6ECR1,dopamine,Di,0.19033018499612808,63
A0A1N6ECR1,dopamine,Mono,0.24369534105062485,42
A0A1N6ECR1,dopamine,Tri,0.1658577397465706,70
A0A1N6ECR1,gaba,Di,0.18451640009880066,64
A0A1N6ECR1,gaba,Mono,0.23962678015232086,45
A0A1N6ECR1,gaba,Tri,0.1924489587545395,62
A0A1N6ECR1,glutamine,Di,0.36867091059684753,11
A0A1N6ECR1,glutamine,Mono,0.3827415555715561,10
A0A1N6ECR1,glutamine,Tri,0.30226579308509827,26
A0A1N6ECR1,glyglycine,Di,0.1308755949139595,72
A0A1N6ECR1,glyglycine,Mono,0.20599690824747086,58
A0A1N6ECR1,glyglycine,Tri,0.08470888063311577,73
A0A1N6ECR1,histidine,Di,0.3256073147058487,18
A0A1N6ECR1,histidine,Mono,0.40128131210803986,4
A0A1N6ECR1,histidine,Tri,0.325197234749794,19
A0A1N6ECR1,lysine,Di,0.23582563549280167,47
A0A1N6ECR1,lysine,Mono,0.2488175332546234,38
A0A1N6ECR1,lysine,Tri,0.22980684787034988,49
A0A1N6ECR1,methionine,Di,0.16983866691589355,68
A0A1N6ECR1,methionine,Mono,0.2584146186709404,33
A0A1N6ECR1,methionine,Tri,0.17833373695611954,66
A0A1N6ECR1,ornithine,Di,0.22895435243844986,51
A0A1N6ECR1,ornithine,Mono,0.24607650935649872,41
A0A1N6ECR1,ornithine,Tri,0.24872910976409912,39
A0A1N6ECR1,phenylalanine,Di,0.3874453604221344,9
A0A1N6ECR1,phenylalanine,Mono,0.4117170125246048,1
A0A1N6ECR1,phenylalanine,Tri,0.3152616024017334,23
A0A1N6ECR1,proline,Di,0.24758828431367874,40
A0A1N6ECR1,proline,Mono,0.4004656970500946,5
A0A1N6ECR1,proline,Tri,0.22711096704006195,52
A0A1N6ECR1,putrescine,Di,0.2326078936457634,48
A0A1N6ECR1,putrescine,Mono,0.2947670668363571,28
A0A1N6ECR1,putrescine,Tri,0.20311231166124344,59
A0A1N6ECR1,serine,Di,0.35732607543468475,13
A0A1N6ECR1,serine,Mono,0.4054817110300064,3
A0A1N6ECR1,serine,Tri,0.31937430799007416,21
A0A1N6ECR1,serotonin,Di,0.249979667365551,37
A0A1N6ECR1,serotonin,Mono,0.24176263064146042,43
A0A1N6ECR1,serotonin,Tri,0.2567228823900223,34
A0A1N6ECR1,threonine,Di,0.3950882852077484,6
A0A1N6ECR1,threonine,Mono,0.40928786993026733,2
A0A1N6ECR1,threonine,Tri,0.3305084705352783,17
A0A1N6ECR1,tryptamine,Di,0.21582593768835068,55
A0A1N6ECR1,tryptamine,Mono,0.20264887064695358,60
A0A1N6ECR1,tryptamine,Tri,0.1817626804113388,65
A0A1N6ECR1,tyramine,Di,0.23661543428897858,46
A0A1N6ECR1,tyramine,Mono,0.255601666867733,35
A0A1N6ECR1,tyramine,Tri,0.2125484123826027,57
A0A1Q6E5Z9,"2,3_diaminopropionic acid",Di,0.32715989649295807,17
A0A1Q6E5Z9,"2,3_diaminopropionic acid",Mono,0.2813650816679001,28
A0A1Q6E5Z9,"2,3_diaminopropionic acid",Tri,0.3250169903039932,18
A0A1Q6E5Z9,2_aminophenol,Di,0.34088926017284393,11
A0A1Q6E5Z9,2_aminophenol,Mono,0.2977372854948044,24
A0A1Q6E5Z9,2_aminophenol,Tri,0.2853652089834213,27
A0A1Q6E5Z9,3_methoxytyramine,Di,0.08828319050371647,72
A0A1Q6E5Z9,3_methoxytyramine,Mono,0.08755313977599144,73
A0A1Q6E5Z9,3_methoxytyramine,Tri,0.07805053517222404,74
A0A1Q6E5Z9,alanine,Di,0.1714932769536972,67
A0A1Q6E5Z9,alanine,Mono,0.24445807188749313,32
A0A1Q6E5Z9,alanine,Tri,0.2022053673863411,54
A0A1Q6E5Z9,arginine,Di,0.22232236713171005,42
A0A1Q6E5Z9,arginine,Mono,0.23418017476797104,38
A0A1Q6E5Z9,arginine,Tri,0.23883529007434845,34
A0A1Q6E5Z9,asparagine,Di,0.28849735856056213,25
A0A1Q6E5Z9,asparagine,Mono,0.32047101855278015,20
A0A1Q6E5Z9,asparagine,Tri,0.287327840924263,26
A0A1Q6E5Z9,cadaverine,Di,0.19881148636341095,58
A0A1Q6E5Z9,cadaverine,Mono,0.20497509837150574,53
A0A1Q6E5Z9,cadaverine,Tri,0.2147292196750641,46
A0A1Q6E5Z9,citrulline,Di,0.3140787333250046,21
A0A1Q6E5Z9,citrulline,Mono,0.3682132065296173,5
A0A1Q6E5Z9,citrulline,Tri,0.30625012516975403,22
A0A1Q6E5Z9,cystine,Di,0.13525912538170815,70
A0A1Q6E5Z9,cystine,Mono,0.22002078592777252,44
A0A1Q6E5Z9,cystine,Tri,0.17832767963409424,64
A0A1Q6E5Z9,dopamine,Di,0.2002962902188301,55
A0A1Q6E5Z9,dopamine,Mono,0.2117197960615158,47
A0A1Q6E5Z9,dopamine,Tri,0.19107502698898315,62
A0A1Q6E5Z9,gaba,Di,0.17106587439775467,68
A0A1Q6E5Z9,gaba,Mono,0.2001427486538887,56
A0A1Q6E5Z9,gaba,Tri,0.1945422887802124,60
A0A1Q6E5Z9,glutamine,Di,0.3637465089559555,8
A0A1Q6E5Z9,glutamine,Mono,0.33237020671367645,14
A0A1Q6E5Z9,glutamine,Tri,0.2997874766588211,23
A0A1Q6E5Z9,glyglycine,Di,0.12202486395835876,71
A0A1Q6E5Z9,glyglycine,Mono,0.17770611494779587,65
A0A1Q6E5Z9,glyglycine,Tri,0.07457960024476051,75
A0A1Q6E5Z9,histidine,Di,0.3287188559770584,16
A0A1Q6E5Z9,histidine,Mono,0.3659910708665848,6
A0A1Q6E5Z9,histidine,Tri,0.33554548025131226,13
A0A1Q6E5Z9,lysine,Di,0.22229573130607605,43
A0A1Q6E5Z9,lysine,Mono,0.2076452076435089,50
A0A1Q6E5Z9,lysine,Tri,0.2233545333147049,41
A0A1Q6E5Z9,methionine,Di,0.14837586134672165,69
A0A1Q6E5Z9,methionine,Mono,0.20922808349132538,49
A0A1Q6E5Z9,methionine,Tri,0.1770230531692505,66
A0A1Q6E5Z9,ornithine,Di,0.2074509933590889,51
A0A1Q6E5Z9,ornithine,Mono,0.19228124618530273,61
A0A1Q6E5Z9,ornithine,Tri,0.23862934857606888,35
A0A1Q6E5Z9,phenylalanine,Di,0.37863345444202423,2
A0A1Q6E5Z9,phenylalanine,Mono,0.3779739737510681,3
A0A1Q6E5Z9,phenylalanine,Tri,0.3302163779735565,15
A0A1Q6E5Z9,proline,Di,0.25072166323661804,30
A0A1Q6E5Z9,proline,Mono,0.370345339179039,4
A0A1Q6E5Z9,proline,Tri,0.235098198056221,37
A0A1Q6E5Z9,putrescine,Di,0.2195756807923317,45
A0A1Q6E5Z9,putrescine,Mono,0.24784506857395172,31
A0A1Q6E5Z9,putrescine,Tri,0.19742842018604279,59
A0A1Q6E5Z9,serine,Di,0.34592315554618835,9
A0A1Q6E5Z9,serine,Mono,0.3436964750289917,10
A0A1Q6E5Z9,serine,Tri,0.3225712478160858,19
A0A1Q6E5Z9,serotonin,Di,0.23521541059017181,36
A0A1Q6E5Z9,serotonin,Mono,0.2109251543879509,48
A0A1Q6E5Z9,serotonin,Tri,0.25345824658870697,29
A0A1Q6E5Z9,threonine,Di,0.39148256182670593,1
A0A1Q6E5Z9,threonine,Mono,0.36464232206344604,7
A0A1Q6E5Z9,threonine,Tri,0.3396865129470825,12
A0A1Q6E5Z9,tryptamine,Di,0.20687323063611984,52
A0A1Q6E5Z9,tryptamine,Mono,0.17946864664554596,63
A0A1Q6E5Z9,tryptamine,Tri,0.19917602837085724,57
A0A1Q6E5Z9,tyramine,Di,0.2430800348520279,33
A0A1Q6E5Z9,tyramine,Mono,0.22569681704044342,40
A0A1Q6E5Z9,tyramine,Tri,0.22853518277406693,39
A0A1Q6F0C9,"2,3_diaminopropionic acid",Di,0.27412939071655273,19
A0A1Q6F0C9,"2,3_diaminopropionic acid",Mono,0.3009932190179825,11
A0A1Q6F0C9,"2,3_diaminopropionic acid",Tri,0.21556243300437927,38
A0A1Q6F0C9,2_aminophenol,Di,0.24164104461669922,29
A0A1Q6F0C9,2_aminophenol,Mono,0.28963740915060043,14
A0A1Q6F0C9,2_aminophenol,Tri,0.19973398000001907,43
A0A1Q6F0C9,3_methoxytyramine,Di,0.05475953500717878,72
A0A1Q6F0C9,3_methoxytyramine,Mono,0.04704807884991169,74
A0A1Q6F0C9,3_methoxytyramine,Tri,0.007249496877193451,75
A0A1Q6F0C9,alanine,Di,0.1954503133893013,45
A0A1Q6F0C9,alanine,Mono,0.2960694283246994,12
A0A1Q6F0C9,alanine,Tri,0.15888562053442,60
A0A1Q6F0C9,arginine,Di,0.2248980551958084,34
A0A1Q6F0C9,arginine,Mono,0.2721448168158531,20
A0A1Q6F0C9,arginine,Tri,0.19863413274288177,44
A0A1Q6F0C9,asparagine,Di,0.23851243406534195,30
A0A1Q6F0C9,asparagine,Mono,0.34028270840644836,8
A0A1Q6F0C9,asparagine,Tri,0.22741959244012833,33
A0A1Q6F0C9,cadaverine,Di,0.18398696929216385,50
A0A1Q6F0C9,cadaverine,Mono,0.262643001973629,22
A0A1Q6F0C9,cadaverine,Tri,0.17322106659412384,56
A0A1Q6F0C9,citrulline,Di,0.24806658923625946,24
A0A1Q6F0C9,citrulline,Mono,0.34634774923324585,6
A0A1Q6F0C9,citrulline,Tri,0.2160019651055336,37
A0A1Q6F0C9,cystine,Di,0.10788221657276154,71
A0A1Q6F0C9,cystine,Mono,0.24680537730455399,26
A0A1Q6F0C9,cystine,Tri,0.1123763844370842,69
A0A1Q6F0C9,dopamine,Di,0.17709637433290482,53
A0A1Q6F0C9,dopamine,Mono,0.19100601226091385,47
A0A1Q6F0C9,dopamine,Tri,0.11001857742667198,70
A0A1Q6F0C9,gaba,Di,0.13410741090774536,66
A0A1Q6F0C9,gaba,Mono,0.24296455085277557,27
A0A1Q6F0C9,gaba,Tri,0.13116993755102158,67
A0A1Q6F0C9,glutamine,Di,0.3091886043548584,10
A0A1Q6F0C9,glutamine,Mono,0.35908763110637665,5
A0A1Q6F0C9,glutamine,Tri,0.22463416308164597,35
A0A1Q6F0C9,glyglycine,Di,0.19997168332338333,42
A0A1Q6F0C9,glyglycine,Mono,0.22938332706689835,32
A0A1Q6F0C9,glyglycine,Tri,0.053398363292217255,73
A0A1Q6F0C9,histidine,Di,0.2907586097717285,13
A0A1Q6F0C9,histidine,Mono,0.37346766889095306,3
A0A1Q6F0C9,histidine,Tri,0.26253561675548553,23
A0A1Q6F0C9,lysine,Di,0.202948197722435,41
A0A1Q6F0C9,lysine,Mono,0.23088803887367249,31
A0A1Q6F0C9,lysine,Tri,0.17922401428222656,52
A0A1Q6F0C9,methionine,Di,0.1540042906999588,63
A0A1Q6F0C9,methionine,Mono,0.26568958163261414,21
A0A1Q6F0C9,methionine,Tri,0.12145685404539108,68
A0A1Q6F0C9,ornithine,Di,0.17429537326097488,55
A0A1Q6F0C9,ornithine,Mono,0.19328861683607101,46
A0A1Q6F0C9,ornithine,Tri,0.16511402279138565,59
A0A1Q6F0C9,phenylalanine,Di,0.34377987682819366,7
A0A1Q6F0C9,phenylalanine,Mono,0.3824879825115204,1
A0A1Q6F0C9,phenylalanine,Tri,0.2761985510587692,16
A0A1Q6F0C9,proline,Di,0.1687934696674347,58
A0A1Q6F0C9,proline,Mono,0.37228211760520935,4
A0A1Q6F0C9,proline,Tri,0.1559070125222206,62
A0A1Q6F0C9,putrescine,Di,0.17143241316080093,57
A0A1Q6F0C9,putrescine,Mono,0.2755105048418045,17
A0A1Q6F0C9,putrescine,Tri,0.14763861894607544,65
A0A1Q6F0C9,serine,Di,0.27803637832403183,15
A0A1Q6F0C9,serine,Mono,0.37763121724128723,2
A0A1Q6F0C9,serine,Tri,0.24699070304632187,25
A0A1Q6F0C9,serotonin,Di,0.24270375072956085,28
A0A1Q6F0C9,serotonin,Mono,0.2230960801243782,36
A0A1Q6F0C9,serotonin,Tri,0.21424288302659988,40
A0A1Q6F0C9,threonine,Di,0.27512316405773163,18
A0A1Q6F0C9,threonine,Mono,0.3194393962621689,9
A0A1Q6F0C9,threonine,Tri,0.18850015103816986,49
A0A1Q6F0C9,tryptamine,Di,0.1753293201327324,54
A0A1Q6F0C9,tryptamine,Mono,0.18255619704723358,51
A0A1Q6F0C9,tryptamine,Tri,0.14843394607305527,64
A0A1Q6F0C9,tyramine,Di,0.2145545557141304,39
A0A1Q6F0C9,tyramine,Mono,0.19020020961761475,48
A0A1Q6F0C9,tyramine,Tri,0.1564067304134369,61
A0A1Q6RAM4,"2,3_diaminopropionic acid",Di,0.19883088767528534,29
A0A1Q6RAM4,"2,3_diaminopropionic acid",Mono,0.2477547526359558,15
A0A1Q6RAM4,"2,3_diaminopropionic acid",Tri,0.1685284748673439,35
A0A1Q6RAM4,2_aminophenol,Di,0.20737998187541962,25
A0A1Q6RAM4,2_aminophenol,Mono,0.2521792948246002,13
A0A1Q6RAM4,2_aminophenol,Tri,0.19366605579853058,31
A0A1Q6RAM4,3_methoxytyramine,Di,0.11280452460050583,59
A0A1Q6RAM4,3_methoxytyramine,Mono,0.021820398047566414,74
A0A1Q6RAM4,3_methoxytyramine,Tri,0.022530822083353996,73
A0A1Q6RAM4,alanine,Di,0.14481288194656372,42
A0A1Q6RAM4,alanine,Mono,0.23824073374271393,17
A0A1Q6RAM4,alanine,Tri,0.12863906472921371,49
A0A1Q6RAM4,arginine,Di,0.1814572885632515,33
A0A1Q6RAM4,arginine,Mono,0.20859520882368088,24
A0A1Q6RAM4,arginine,Tri,0.16722071915864944,36
A0A1Q6RAM4,asparagine,Di,0.2260352298617363,20
A0A1Q6RAM4,asparagine,Mono,0.31546495854854584,6
A0A1Q6RAM4,asparagine,Tri,0.22911467403173447,18
A0A1Q6RAM4,cadaverine,Di,0.13140174746513367,46
A0A1Q6RAM4,cadaverine,Mono,0.2069670557975769,26
A0A1Q6RAM4,cadaverine,Tri,0.11336465179920197,56
A0A1Q6RAM4,citrulline,Di,0.16153117269277573,38
A0A1Q6RAM4,citrulline,Mono,0.2793901413679123,10
A0A1Q6RAM4,citrulline,Tri,0.1375255361199379,43
A0A1Q6RAM4,cystine,Di,0.06555387564003468,70
A0A1Q6RAM4,cystine,Mono,0.20135389268398285,28
A0A1Q6RAM4,cystine,Tri,0.07193496450781822,69
A0A1Q6RAM4,dopamine,Di,0.11799391359090805,52
A0A1Q6RAM4,dopamine,Mono,0.12805257737636566,50
A0A1Q6RAM4,dopamine,Tri,0.04616243578493595,72
A0A1Q6RAM4,gaba,Di,0.0945550911128521,63
A0A1Q6RAM4,gaba,Mono,0.1954294592142105,30
A0A1Q6RAM4,gaba,Tri,0.07370224222540855,67
A0A1Q6RAM4,glutamine,Di,0.26351306587457657,11
A0A1Q6RAM4,glutamine,Mono,0.3297727629542351,5
A0A1Q6RAM4,glutamine,Tri,0.21975336968898773,22
A0A1Q6RAM4,glyglycine,Di,0.16710297763347626,37
A0A1Q6RAM4,glyglycine,Mono,0.15115861594676971,41
A0A1Q6RAM4,glyglycine,Tri,0.01805957406759262,75
A0A1Q6RAM4,histidine,Di,0.2801099717617035,9
A0A1Q6RAM4,histidine,Mono,0.35544751584529877,3
A0A1Q6RAM4,histidine,Tri,0.24709968268871307,16
A0A1Q6RAM4,lysine,Di,0.16066524386405945,39
A0A1Q6RAM4,lysine,Mono,0.1904485523700714,32
A0A1Q6RAM4,lysine,Tri,0.11642983555793762,53
A0A1Q6RAM4,methionine,Di,0.11452647671103477,54
A0A1Q6RAM4,methionine,Mono,0.21467489749193192,23
A0A1Q6RAM4,methionine,Tri,0.0722516942769289,68
A0A1Q6RAM4,ornithine,Di,0.1258564218878746,51
A0A1Q6RAM4,ornithine,Mono,0.1548653021454811,40
A0A1Q6RAM4,ornithine,Tri,0.1128237247467041,58
A0A1Q6RAM4,phenylalanine,Di,0.3449585288763046,4
A0A1Q6RAM4,phenylalanine,Mono,0.37061791121959686,1
A0A1Q6RAM4,phenylalanine,Tri,0.2836086302995682,8
A0A1Q6RAM4,proline,Di,0.08073337003588676,66
A0A1Q6RAM4,proline,Mono,0.28383756428956985,7
A0A1Q6RAM4,proline,Tri,0.11292708665132523,57
A0A1Q6RAM4,putrescine,Di,0.10304387658834457,60
A0A1Q6RAM4,putrescine,Mono,0.20618224143981934,27
A0A1Q6RAM4,putrescine,Tri,0.08391614258289337,65
A0A1Q6RAM4,serine,Di,0.25548309087753296,12
A0A1Q6RAM4,serine,Mono,0.36902064085006714,2
A0A1Q6RAM4,serine,Tri,0.2239883467555046,21
A0A1Q6RAM4,serotonin,Di,0.13212431967258453,45
A0A1Q6RAM4,serotonin,Mono,0.1302693597972393,48
A0A1Q6RAM4,serotonin,Tri,0.11367995291948318,55
A0A1Q6RAM4,threonine,Di,0.22812286019325256,19
A0A1Q6RAM4,threonine,Mono,0.2508494704961777,14
A0A1Q6RAM4,threonine,Tri,0.17270944267511368,34
A0A1Q6RAM4,tryptamine,Di,0.09922343492507935,61
A0A1Q6RAM4,tryptamine,Mono,0.09875456243753433,62
A0A1Q6RAM4,tryptamine,Tri,0.06279986537992954,71
A0A1Q6RAM4,tyramine,Di,0.1312967911362648,47
A0A1Q6RAM4,tyramine,Mono,0.13249488547444344,44
A0A1Q6RAM4,tyramine,Tri,0.0846506766974926,64
A0A1Y3QT37,"2,3_diaminopropionic acid",Di,0.34059569239616394,18
A0A1Y3QT37,"2,3_diaminopropionic acid",Mono,0.32458214461803436,22
A0A1Y3QT37,"2,3_diaminopropionic acid",Tri,0.3299817740917206,21
A0A1Y3QT37,2_aminophenol,Di,0.37189963459968567,10
A0A1Y3QT37,2_aminophenol,Mono,0.3551621437072754,12
A0A1Y3QT37,2_aminophenol,Tri,0.335465669631958,19
A0A1Y3QT37,3_methoxytyramine,Di,0.055576181039214134,73
A0A1Y3QT37,3_methoxytyramine,Mono,0.08000108227133751,72
A0A1Y3QT37,3_methoxytyramine,Tri,0.050971247255802155,75
A0A1Y3QT37,alanine,Di,0.17675720900297165,61
A0A1Y3QT37,alanine,Mono,0.26596881449222565,33
A0A1Y3QT37,alanine,Tri,0.1778443604707718,60
A0A1Y3QT37,arginine,Di,0.2222764492034912,47
A0A1Y3QT37,arginine,Mono,0.2587994933128357,35
A0A1Y3QT37,arginine,Tri,0.271407812833786,30
A0A1Y3QT37,asparagine,Di,0.2950521856546402,29
A0A1Y3QT37,asparagine,Mono,0.34890656918287277,15
A0A1Y3QT37,asparagine,Tri,0.2970888018608093,28
A0A1Y3QT37,cadaverine,Di,0.23071378469467163,45
A0A1Y3QT37,cadaverine,Mono,0.2665826231241226,32
A0A1Y3QT37,cadaverine,Tri,0.22738316655158997,46
A0A1Y3QT37,citrulline,Di,0.31705743074417114,24
A0A1Y3QT37,citrulline,Mono,0.3983660638332367,6
A0A1Y3QT37,citrulline,Tri,0.30648060142993927,25
A0A1Y3QT37,cystine,Di,0.17203157395124435,63
A0A1Y3QT37,cystine,Mono,0.2576605826616287,36
A0A1Y3QT37,cystine,Tri,0.19123991578817368,56
A0A1Y3QT37,dopamine,Di,0.16443227976560593,67
A0A1Y3QT37,dopamine,Mono,0.19444119930267334,55
A0A1Y3QT37,dopamine,Tri,0.16040751338005066,68
A0A1Y3QT37,gaba,Di,0.176567941904068,62
A0A1Y3QT37,gaba,Mono,0.2453601211309433,40
A0A1Y3QT37,gaba,Tri,0.19104166328907013,57
A0A1Y3QT37,glutamine,Di,0.36737391352653503,11
A0A1Y3QT37,glutamine,Mono,0.3795376121997833,8
A0A1Y3QT37,glutamine,Tri,0.3047367334365845,26
A0A1Y3QT37,glyglycine,Di,0.11380566656589508,71
A0A1Y3QT37,glyglycine,Mono,0.1786699742078781,59
A0A1Y3QT37,glyglycine,Tri,0.05505834519863129,74
A0A1Y3QT37,histidine,Di,0.3455767333507538,16
A0A1Y3QT37,histidine,Mono,0.40377841889858246,3
A0A1Y3QT37,histidine,Tri,0.349224716424942,14
A0A1Y3QT37,lysine,Di,0.24814121425151825,39
A0A1Y3QT37,lysine,Mono,0.25687482208013535,37
A0A1Y3QT37,lysine,Tri,0.2590261697769165,34
A0A1Y3QT37,methionine,Di,0.14606685936450958,70
A0A1Y3QT37,methionine,Mono,0.23909563571214676,42
A0A1Y3QT37,methionine,Tri,0.17078090459108353,65
A0A1Y3QT37,ornithine,Di,0.23677320033311844,43
A0A1Y3QT37,ornithine,Mono,0.2535931020975113,38
A0A1Y3QT37,ornithine,Tri,0.26912011206150055,31
A0A1Y3QT37,phenylalanine,Di,0.3801996260881424,7
A0A1Y3QT37,phenylalanine,Mono,0.412692129611969,1
A0A1Y3QT37,phenylalanine,Tri,0.3442530035972595,17
A0A1Y3QT37,proline,Di,0.18666251003742218,58
A0A1Y3QT37,proline,Mono,0.37325185537338257,9
A0A1Y3QT37,proline,Tri,0.21117790043354034,49
A0A1Y3QT37,putrescine,Di,0.2321518138051033,44
A0A1Y3QT37,putrescine,Mono,0.304383784532547,27
A0A1Y3QT37,putrescine,Tri,0.20384583622217178,51
A0A1Y3QT37,serine,Di,0.34928038716316223,13
A0A1Y3QT37,serine,Mono,0.409116730093956,2
A0A1Y3QT37,serine,Tri,0.33143454790115356,20
A0A1Y3QT37,serotonin,Di,0.20475418120622635,50
A0A1Y3QT37,serotonin,Mono,0.1969502717256546,54
A0A1Y3QT37,serotonin,Tri,0.23919491469860077,41
A0A1Y3QT37,threonine,Di,0.3984198421239853,5
A0A1Y3QT37,threonine,Mono,0.39972802996635437,4
A0A1Y3QT37,threonine,Tri,0.3233466148376465,23
A0A1Y3QT37,tryptamine,Di,0.17023303359746933,66
A0A1Y3QT37,tryptamine,Mono,0.14955150336027145,69
A0A1Y3QT37,tryptamine,Tri,0.171728253364563,64
A0A1Y3QT37,tyramine,Di,0.20000207424163818,52
A0A1Y3QT37,tyramine,Mono,0.21833456307649612,48
A0A1Y3QT37,tyramine,Tri,0.199843630194664,53
A0A1Y3VSR9,"2,3_diaminopropionic acid",Di,0.2971815764904022,20
A0A1Y3VSR9,"2,3_diaminopropionic acid",Mono,0.24653232097625732,28
A0A1Y3VSR9,"2,3_diaminopropionic acid",Tri,0.3039179593324661,18
A0A1Y3VSR9,2_aminophenol,Di,0.32357358932495117,13
A0A1Y3VSR9,2_aminophenol,Mono,0.28160686790943146,24
A0A1Y3VSR9,2_aminophenol,Tri,0.2758439928293228,25
A0A1Y3VSR9,3_methoxytyramine,Di,0.03386592771857977,74
A0A1Y3VSR9,3_methoxytyramine,Mono,0.049725490622222424,72
A0A1Y3VSR9,3_methoxytyramine,Tri,0.03163258172571659,75
A0A1Y3VSR9,alanine,Di,0.12924029678106308,67
A0A1Y3VSR9,alanine,Mono,0.21468783169984818,34
A0A1Y3VSR9,alanine,Tri,0.17256509512662888,57
A0A1Y3VSR9,arginine,Di,0.19235076010227203,46
A0A1Y3VSR9,arginine,Mono,0.20928161963820457,35
A0A1Y3VSR9,arginine,Tri,0.22941076755523682,31
A0A1Y3VSR9,asparagine,Di,0.2702353224158287,26
A0A1Y3VSR9,asparagine,Mono,0.3013874292373657,19
A0A1Y3VSR9,asparagine,Tri,0.26741503924131393,27
A0A1Y3VSR9,cadaverine,Di,0.1749052107334137,52
A0A1Y3VSR9,cadaverine,Mono,0.17425115406513214,53
A0A1Y3VSR9,cadaverine,Tri,0.1989811509847641,43
A0A1Y3VSR9,citrulline,Di,0.29498347640037537,22
A0A1Y3VSR9,citrulline,Mono,0.3377881199121475,7
A0A1Y3VSR9,citrulline,Tri,0.2954214960336685,21
A0A1Y3VSR9,cystine,Di,0.11507292464375496,70
A0A1Y3VSR9,cystine,Mono,0.19965402781963348,42
A0A1Y3VSR9,cystine,Tri,0.1644182652235031,61
A0A1Y3VSR9,dopamine,Di,0.15686994791030884,64
A0A1Y3VSR9,dopamine,Mono,0.17372529208660126,56
A0A1Y3VSR9,dopamine,Tri,0.15986418724060059,63
A0A1Y3VSR9,gaba,Di,0.15089555829763412,65
A0A1Y3VSR9,gaba,Mono,0.17223135381937027,58
A0A1Y3VSR9,gaba,Tri,0.18069595098495483,50
A0A1Y3VSR9,glutamine,Di,0.34954027831554413,5
A0A1Y3VSR9,glutamine,Mono,0.31225504726171494,14
A0A1Y3VSR9,glutamine,Tri,0.29477570950984955,23
A0A1Y3VSR9,glyglycine,Di,0.0629334095865488,71
A0A1Y3VSR9,glyglycine,Mono,0.1267821043729782,68
A0A1Y3VSR9,glyglycine,Tri,0.04021354205906391,73
A0A1Y3VSR9,histidine,Di,0.30974556505680084,16
A0A1Y3VSR9,histidine,Mono,0.35280974954366684,3
A0A1Y3VSR9,histidine,Tri,0.3250075727701187,11
A0A1Y3VSR9,lysine,Di,0.19280630350112915,45
A0A1Y3VSR9,lysine,Mono,0.17375314235687256,55
A0A1Y3VSR9,lysine,Tri,0.20742522180080414,36
A0A1Y3VSR9,methionine,Di,0.12121753767132759,69
A0A1Y3VSR9,methionine,Mono,0.18484391272068024,48
A0A1Y3VSR9,methionine,Tri,0.16382497549057007,62
A0A1Y3VSR9,ornithine,Di,0.18167958408594131,49
A0A1Y3VSR9,ornithine,Mono,0.1710464432835579,59
A0A1Y3VSR9,ornithine,Tri,0.23345747590065002,30
A0A1Y3VSR9,phenylalanine,Di,0.3505786508321762,4
A0A1Y3VSR9,phenylalanine,Mono,0.3604995608329773,2
A0A1Y3VSR9,phenylalanine,Tri,0.310671791434288,15
A0A1Y3VSR9,proline,Di,0.21572881937026978,33
A0A1Y3VSR9,proline,Mono,0.3348702937364578,8
A0A1Y3VSR9,proline,Tri,0.20305714756250381,39
A0A1Y3VSR9,putrescine,Di,0.2037433758378029,37
A0A1Y3VSR9,putrescine,Mono,0.2226572483778,32
A0A1Y3VSR9,putrescine,Tri,0.18515273183584213,47
A0A1Y3VSR9,serine,Di,0.33185915648937225,9
A0A1Y3VSR9,serine,Mono,0.3303098976612091,10
A0A1Y3VSR9,serine,Tri,0.3071545958518982,17
A0A1Y3VSR9,serotonin,Di,0.20305030792951584,40
A0A1Y3VSR9,serotonin,Mono,0.17634237557649612,51
A0A1Y3VSR9,serotonin,Tri,0.23509684950113297,29
A0A1Y3VSR9,threonine,Di,0.3794361650943756,1
A0A1Y3VSR9,threonine,Mono,0.3479255735874176,6
A0A1Y3VSR9,threonine,Tri,0.3249921351671219,12
A0A1Y3VSR9,tryptamine,Di,0.16827420890331268,60
A0A1Y3VSR9,tryptamine,Mono,0.14046945422887802,66
A0A1Y3VSR9,tryptamine,Tri,0.1738063246011734,54
A0A1Y3VSR9,tyramine,Di,0.2034824639558792,38
A0A1Y3VSR9,tyramine,Mono,0.19407974183559418,44
A0A1Y3VSR9,tyramine,Tri,0.2001381665468216,41
A0A1Y3YYW1,"2,3_diaminopropionic acid",Di,0.32410189509391785,19
A0A1Y3YYW1,"2,3_diaminopropionic acid",Mono,0.2669086754322052,28
A0A1Y3YYW1,"2,3_diaminopropionic acid",Tri,0.3150980472564697,21
A0A1Y3YYW1,2_aminophenol,Di,0.3444928079843521,10
A0A1Y3YYW1,2_aminophenol,Mono,0.29192177951335907,25
A0A1Y3YYW1,2_aminophenol,Tri,0.2947729229927063,24
A0A1Y3YYW1,3_methoxytyramine,Di,0.03052707202732563,75
A0A1Y3YYW1,3_methoxytyramine,Mono,0.05718684569001198,73
A0A1Y3YYW1,3_methoxytyramine,Tri,0.03565879911184311,74
A0A1Y3YYW1,alanine,Di,0.16215359419584274,66
A0A1Y3YYW1,alanine,Mono,0.22244708240032196,37
A0A1Y3YYW1,alanine,Tri,0.16703370213508606,65
A0A1Y3YYW1,arginine,Di,0.21735966205596924,39
A0A1Y3YYW1,arginine,Mono,0.2119753174483776,43
A0A1Y3YYW1,arginine,Tri,0.2299395650625229,35
A0A1Y3YYW1,asparagine,Di,0.2898966372013092,26
A0A1Y3YYW1,asparagine,Mono,0.3271232917904854,17
A0A1Y3YYW1,asparagine,Tri,0.2863948196172714,27
A0A1Y3YYW1,cadaverine,Di,0.20449203997850418,49
A0A1Y3YYW1,cadaverine,Mono,0.19001702964305878,52
A0A1Y3YYW1,cadaverine,Tri,0.22687950730323792,36
A0A1Y3YYW1,citrulline,Di,0.3195130228996277,20
A0A1Y3YYW1,citrulline,Mono,0.347454696893692,9
A0A1Y3YYW1,citrulline,Tri,0.31083719432353973,22
A0A1Y3YYW1,cystine,Di,0.1418820470571518,70
A0A1Y3YYW1,cystine,Mono,0.2071455754339695,48
A0A1Y3YYW1,cystine,Tri,0.18740513920783997,53
A0A1Y3YYW1,dopamine,Di,0.1718631088733673,61
A0A1Y3YYW1,dopamine,Mono,0.17482192814350128,58
A0A1Y3YYW1,dopamine,Tri,0.16727641224861145,64
A0A1Y3YYW1,gaba,Di,0.17269034683704376,59
A0A1Y3YYW1,gaba,Mono,0.17139537632465363,62
A0A1Y3YYW1,gaba,Tri,0.20737551897764206,46
A0A1Y3YYW1,glutamine,Di,0.36899206042289734,5
A0A1Y3YYW1,glutamine,Mono,0.34255431592464447,11
A0A1Y3YYW1,glutamine,Tri,0.30475568771362305,23
A0A1Y3YYW1,glyglycine,Di,0.10596059262752533,71
A0A1Y3YYW1,glyglycine,Mono,0.145645871758461,67
A0A1Y3YYW1,glyglycine,Tri,0.06912501715123653,72
A0A1Y3YYW1,histidine,Di,0.33999772369861603,14
A0A1Y3YYW1,histidine,Mono,0.3777638375759125,2
A0A1Y3YYW1,histidine,Tri,0.34207844734191895,12
A0A1Y3YYW1,lysine,Di,0.2119288668036461,44
A0A1Y3YYW1,lysine,Mono,0.17258082330226898,60
A0A1Y3YYW1,lysine,Tri,0.23330718278884888,33
A0A1Y3YYW1,methionine,Di,0.14294548332691193,68
A0A1Y3YYW1,methionine,Mono,0.20759736001491547,45
A0A1Y3YYW1,methionine,Tri,0.19118700176477432,51
A0A1Y3YYW1,ornithine,Di,0.20242194831371307,50
A0A1Y3YYW1,ornithine,Mono,0.16998643428087234,63
A0A1Y3YYW1,ornithine,Tri,0.24973520636558533,29
A0A1Y3YYW1,phenylalanine,Di,0.37742625176906586,3
A0A1Y3YYW1,phenylalanine,Mono,0.3751468360424042,4
A0A1Y3YYW1,phenylalanine,Tri,0.3304005265235901,15
A0A1Y3YYW1,proline,Di,0.23056749999523163,34
A0A1Y3YYW1,proline,Mono,0.3568529039621353,7
A0A1Y3YYW1,proline,Tri,0.21290001273155212,41
A0A1Y3YYW1,putrescine,Di,0.23382672667503357,32
A0A1Y3YYW1,putrescine,Mono,0.23696041107177734,31
A0A1Y3YYW1,putrescine,Tri,0.21808838099241257,38
A0A1Y3YYW1,serine,Di,0.3542759120464325,8
A0A1Y3YYW1,serine,Mono,0.34187257289886475,13
A0A1Y3YYW1,serine,Tri,0.32930219173431396,16
A0A1Y3YYW1,serotonin,Di,0.2125592604279518,42
A0A1Y3YYW1,serotonin,Mono,0.17805854603648186,57
A0A1Y3YYW1,serotonin,Tri,0.24542852491140366,30
A0A1Y3YYW1,threonine,Di,0.3833416998386383,1
A0A1Y3YYW1,threonine,Mono,0.3659679591655731,6
A0A1Y3YYW1,threonine,Tri,0.32430002093315125,18
A0A1Y3YYW1,tryptamine,Di,0.18376442790031433,56
A0A1Y3YYW1,tryptamine,Mono,0.14191343635320663,69
A0A1Y3YYW1,tryptamine,Tri,0.18429161608219147,55
A0A1Y3YYW1,tyramine,Di,0.2134968861937523,40
A0A1Y3YYW1,tyramine,Mono,0.18724150955677032,54
A0A1Y3YYW1,tyramine,Tri,0.20722220838069916,47
A0A1Y4QH48,"2,3_diaminopropionic acid",Di,0.2936623990535736,8
A0A1Y4QH48,"2,3_diaminopropionic acid",Mono,0.2303950935602188,41
A0A1Y4QH48,"2,3_diaminopropionic acid",Tri,0.29376405477523804,7
A0A1Y4QH48,2_aminophenol,Di,0.2910899594426155,10
A0A1Y4QH48,2_aminophenol,Mono,0.256681390106678,25
A0A1Y4QH48,2_aminophenol,Tri,0.26641449332237244,21
A0A1Y4QH48,3_methoxytyramine,Di,0.15452522039413452,73
A0A1Y4QH48,3_methoxytyramine,Mono,0.10797874629497528,74
A0A1Y4QH48,3_methoxytyramine,Tri,0.15585153549909592,72
A0A1Y4QH48,alanine,Di,0.19821010529994965,59
A0A1Y4QH48,alanine,Mono,0.19191217422485352,63
A0A1Y4QH48,alanine,Tri,0.16941263526678085,70
A0A1Y4QH48,arginine,Di,0.27205799520015717,18
A0A1Y4QH48,arginine,Mono,0.2358108013868332,37
A0A1Y4QH48,arginine,Tri,0.28147244453430176,14
A0A1Y4QH48,asparagine,Di,0.19965077936649323,58
A0A1Y4QH48,asparagine,Mono,0.2355940192937851,38
A0A1Y4QH48,asparagine,Tri,0.21728647500276566,51
A0A1Y4QH48,cadaverine,Di,0.2501379996538162,29
A0A1Y4QH48,cadaverine,Mono,0.2331271395087242,39
A0A1Y4QH48,cadaverine,Tri,0.22497481107711792,45
A0A1Y4QH48,citrulline,Di,0.2171407714486122,52
A0A1Y4QH48,citrulline,Mono,0.29377885162830353,6
A0A1Y4QH48,citrulline,Tri,0.2432016357779503,34
A0A1Y4QH48,cystine,Di,0.22832736372947693,42
A0A1Y4QH48,cystine,Mono,0.22098569571971893,48
A0A1Y4QH48,cystine,Tri,0.22795794904232025,43
A0A1Y4QH48,dopamine,Di,0.23740658164024353,36
A0A1Y4QH48,dopamine,Mono,0.2121875286102295,53
A0A1Y4QH48,dopamine,Tri,0.20070190727710724,57
A0A1Y4QH48,gaba,Di,0.19263198971748352,62
A0A1Y4QH48,gaba,Mono,0.21796199679374695,49
A0A1Y4QH48,gaba,Tri,0.19415982067584991,61
A0A1Y4QH48,glutamine,Di,0.2781202346086502,15
A0A1Y4QH48,glutamine,Mono,0.23248658329248428,40
A0A1Y4QH48,glutamine,Tri,0.2845380902290344,13
A0A1Y4QH48,glyglycine,Di,0.16164418309926987,71
A0A1Y4QH48,glyglycine,Mono,0.18219038099050522,66
A0A1Y4QH48,glyglycine,Tri,0.09680591523647308,75
A0A1Y4QH48,histidine,Di,0.2958122119307518,5
A0A1Y4QH48,histidine,Mono,0.2545156925916672,26
A0A1Y4QH48,histidine,Tri,0.2714390754699707,19
A0A1Y4QH48,lysine,Di,0.26488175988197327,22
A0A1Y4QH48,lysine,Mono,0.2054407149553299,56
A0A1Y4QH48,lysine,Tri,0.21744517982006073,50
A0A1Y4QH48,methionine,Di,0.17596987634897232,68
A0A1Y4QH48,methionine,Mono,0.18388334661722183,65
A0A1Y4QH48,methionine,Tri,0.17711159586906433,67
A0A1Y4QH48,ornithine,Di,0.21197275817394257,54
A0A1Y4QH48,ornithine,Mono,0.19564014673233032,60
A0A1Y4QH48,ornithine,Tri,0.22259140759706497,46
A0A1Y4QH48,phenylalanine,Di,0.3038565665483475,4
A0A1Y4QH48,phenylalanine,Mono,0.27779722213745117,16
A0A1Y4QH48,phenylalanine,Tri,0.28985510766506195,11
A0A1Y4QH48,proline,Di,0.2435665726661682,33
A0A1Y4QH48,proline,Mono,0.3137199431657791,1
A0A1Y4QH48,proline,Tri,0.28548723459243774,12
A0A1Y4QH48,putrescine,Di,0.24213393777608871,35
A0A1Y4QH48,putrescine,Mono,0.2723308503627777,17
A0A1Y4QH48,putrescine,Tri,0.2085220068693161,55
A0A1Y4QH48,serine,Di,0.2916317880153656,9
A0A1Y4QH48,serine,Mono,0.2529953271150589,27
A0A1Y4QH48,serine,Tri,0.2581214904785156,23
A0A1Y4QH48,serotonin,Di,0.3102514296770096,2
A0A1Y4QH48,serotonin,Mono,0.2577138915657997,24
A0A1Y4QH48,serotonin,Tri,0.3098166137933731,3
A0A1Y4QH48,threonine,Di,0.2453066185116768,32
A0A1Y4QH48,threonine,Mono,0.2493436187505722,30
A0A1Y4QH48,threonine,Tri,0.17031142860651016,69
A0A1Y4QH48,tryptamine,Di,0.2684495151042938,20
A0A1Y4QH48,tryptamine,Mono,0.18440117686986923,64
A0A1Y4QH48,tryptamine,Tri,0.2520017772912979,28
A0A1Y4QH48,tyramine,Di,0.2482312098145485,31
A0A1Y4QH48,tyramine,Mono,0.22184783965349197,47
A0A1Y4QH48,tyramine,Tri,0.2250112146139145,44
A0A2S7KLN3,"2,3_diaminopropionic acid",Di,0.21888243407011032,21
A0A2S7KLN3,"2,3_diaminopropionic acid",Mono,0.25729723274707794,9
A0A2S7KLN3,"2,3_diaminopropionic acid",Tri,0.1919179931282997,36
A0A2S7KLN3,2_aminophenol,Di,0.20063505321741104,34
A0A2S7KLN3,2_aminophenol,Mono,0.25689251720905304,10
A0A2S7KLN3,2_aminophenol,Tri,0.19344591349363327,35
A0A2S7KLN3,3_methoxytyramine,Di,-0.04223574325442314,74
A0A2S7KLN3,3_methoxytyramine,Mono,-0.02073232363909483,73
A0A2S7KLN3,3_methoxytyramine,Tri,-0.0483953058719635,75
A0A2S7KLN3,alanine,Di,0.1117873378098011,60
A0A2S7KLN3,alanine,Mono,0.22034566849470139,20
A0A2S7KLN3,alanine,Tri,0.15065012127161026,46
A0A2S7KLN3,arginine,Di,0.21558284759521484,23
A0A2S7KLN3,arginine,Mono,0.24359771609306335,15
A0A2S7KLN3,arginine,Tri,0.25088750571012497,11
A0A2S7KLN3,asparagine,Di,0.16984322667121887,42
A0A2S7KLN3,asparagine,Mono,0.28305690735578537,7
A0A2S7KLN3,asparagine,Tri,0.20931782573461533,26
A0A2S7KLN3,cadaverine,Di,0.14484913647174835,48
A0A2S7KLN3,cadaverine,Mono,0.20430192351341248,29
A0A2S7KLN3,cadaverine,Tri,0.17105786502361298,41
A0A2S7KLN3,citrulline,Di,0.17538059502840042,40
A0A2S7KLN3,citrulline,Mono,0.29646463692188263,6
A0A2S7KLN3,citrulline,Tri,0.20338378101587296,31
A0A2S7KLN3,cystine,Di,0.07787812128663063,68
A0A2S7KLN3,cystine,Mono,0.18759874999523163,37
A0A2S7KLN3,cystine,Tri,0.07173477113246918,70
A0A2S7KLN3,dopamine,Di,0.10290347784757614,66
A0A2S7KLN3,dopamine,Mono,0.1074489913880825,63
A0A2S7KLN3,dopamine,Tri,0.05495569854974747,71
A0A2S7KLN3,gaba,Di,0.10080555453896523,67
A0A2S7KLN3,gaba,Mono,0.2014094665646553,33
A0A2S7KLN3,gaba,Tri,0.124998539686203,57
A0A2S7KLN3,glutamine,Di,0.2651546746492386,8
A0A2S7KLN3,glutamine,Mono,0.3066089153289795,3
A0A2S7KLN3,glutamine,Tri,0.23694852739572525,16
A0A2S7KLN3,glyglycine,Di,0.07395835779607296,69
A0A2S7KLN3,glyglycine,Mono,0.14639027416706085,47
A0A2S7KLN3,glyglycine,Tri,-0.014780795201659203,72
A0A2S7KLN3,histidine,Di,0.2496265098452568,12
A0A2S7KLN3,histidine,Mono,0.3141739070415497,2
A0A2S7KLN3,histidine,Tri,0.23300959914922714,18
A0A2S7KLN3,lysine,Di,0.20437613129615784,28
A0A2S7KLN3,lysine,Mono,0.20739243924617767,27
A0A2S7KLN3,lysine,Tri,0.2029794380068779,32
A0A2S7KLN3,methionine,Di,0.12102650105953217,58
A0A2S7KLN3,methionine,Mono,0.21728037297725677,22
A0A2S7KLN3,methionine,Tri,0.14152543991804123,50
A0A2S7KLN3,ornithine,Di,0.15487140417099,45
A0A2S7KLN3,ornithine,Mono,0.18565037101507187,38
A0A2S7KLN3,ornithine,Tri,0.164361871778965,44
A0A2S7KLN3,phenylalanine,Di,0.2455567866563797,13
A0A2S7KLN3,phenylalanine,Mono,0.3015890195965767,5
A0A2S7KLN3,phenylalanine,Tri,0.23432227969169617,17
A0A2S7KLN3,proline,Di,0.1039077527821064,65
A0A2S7KLN3,proline,Mono,0.3053498864173889,4
A0A2S7KLN3,proline,Tri,0.1653929129242897,43
A0A2S7KLN3,putrescine,Di,0.1399214118719101,53
A0A2S7KLN3,putrescine,Mono,0.23178260028362274,19
A0A2S7KLN3,putrescine,Tri,0.14042387157678604,52
A0A2S7KLN3,serine,Di,0.20390088856220245,30
A0A2S7KLN3,serine,Mono,0.3166046589612961,1
A0A2S7KLN3,serine,Tri,0.21379738301038742,24
A0A2S7KLN3,serotonin,Di,0.14124655723571777,51
A0A2S7KLN3,serotonin,Mono,0.1394830234348774,54
A0A2S7KLN3,serotonin,Tri,0.1421600729227066,49
A0A2S7KLN3,threonine,Di,0.21042872965335846,25
A0A2S7KLN3,threonine,Mono,0.24380263686180115,14
A0A2S7KLN3,threonine,Tri,0.17652561515569687,39
A0A2S7KLN3,tryptamine,Di,0.11462831497192383,59
A0A2S7KLN3,tryptamine,Mono,0.1042540892958641,64
A0A2S7KLN3,tryptamine,Tri,0.10847340151667595,62
A0A2S7KLN3,tyramine,Di,0.1267990991473198,55
A0A2S7KLN3,tyramine,Mono,0.12599140778183937,56
A0A2S7KLN3,tyramine,Tri,0.10957556962966919,61
A0A2S8G2H3,"2,3_diaminopropionic acid",Di,0.33000458776950836,26
A0A2S8G2H3,"2,3_diaminopropionic acid",Mono,0.35983967781066895,19
A0A2S8G2H3,"2,3_diaminopropionic acid",Tri,0.31219397485256195,31
A0A2S8G2H3,2_aminophenol,Di,0.3874818682670593,16
A0A2S8G2H3,2_aminophenol,Mono,0.39578795433044434,13
A0A2S8G2H3,2_aminophenol,Tri,0.3345325142145157,24
A0A2S8G2H3,3_methoxytyramine,Di,0.04677034728229046,74
A0A2S8G2H3,3_methoxytyramine,Mono,0.0835825651884079,72
A0A2S8G2H3,3_methoxytyramine,Tri,0.04146852530539036,75
A0A2S8G2H3,alanine,Di,0.22994466125965118,48
A0A2S8G2H3,alanine,Mono,0.3451021760702133,23
A0A2S8G2H3,alanine,Tri,0.2402663677930832,45
A0A2S8G2H3,arginine,Di,0.25181642174720764,43
A0A2S8G2H3,arginine,Mono,0.30161038041114807,34
A0A2S8G2H3,arginine,Tri,0.2938977926969528,35
A0A2S8G2H3,asparagine,Di,0.35776665806770325,21
A0A2S8G2H3,asparagine,Mono,0.4318133294582367,6
A0A2S8G2H3,asparagine,Tri,0.3480152040719986,22
A0A2S8G2H3,cadaverine,Di,0.2370576113462448,47
A0A2S8G2H3,cadaverine,Mono,0.3079949915409088,32
A0A2S8G2H3,cadaverine,Tri,0.25251519680023193,42
A0A2S8G2H3,citrulline,Di,0.3196331113576889,29
A0A2S8G2H3,citrulline,Mono,0.4395779073238373,5
A0A2S8G2H3,citrulline,Tri,0.3208182603120804,28
A0A2S8G2H3,cystine,Di,0.1758251115679741,64
A0A2S8G2H3,cystine,Mono,0.3028916269540787,33
A0A2S8G2H3,cystine,Tri,0.19157774746418,62
A0A2S8G2H3,dopamine,Di,0.1469816491007805,68
A0A2S8G2H3,dopamine,Mono,0.19822696596384048,60
A0A2S8G2H3,dopamine,Tri,0.12472854554653168,71
A0A2S8G2H3,gaba,Di,0.19541259109973907,61
A0A2S8G2H3,gaba,Mono,0.2895347326993942,36
A0A2S8G2H3,gaba,Tri,0.212342768907547,56
A0A2S8G2H3,glutamine,Di,0.4189133495092392,10
A0A2S8G2H3,glutamine,Mono,0.454875186085701,4
A0A2S8G2H3,glutamine,Tri,0.35963255167007446,20
A0A2S8G2H3,glyglycine,Di,0.14243851229548454,70
A0A2S8G2H3,glyglycine,Mono,0.22819845378398895,49
A0A2S8G2H3,glyglycine,Tri,0.06866759806871414,73
A0A2S8G2H3,histidine,Di,0.4011949300765991,11
A0A2S8G2H3,histidine,Mono,0.4785603731870651,3
A0A2S8G2H3,histidine,Tri,0.388494074344635,14
A0A2S8G2H3,lysine,Di,0.25318554043769836,41
A0A2S8G2H3,lysine,Mono,0.2889723926782608,38
A0A2S8G2H3,lysine,Tri,0.2607455179095268,40
A0A2S8G2H3,methionine,Di,0.2047654464840889,59
A0A2S8G2H3,methionine,Mono,0.32431451976299286,27
A0A2S8G2H3,methionine,Tri,0.21922160685062408,53
A0A2S8G2H3,ornithine,Di,0.23965170979499817,46
A0A2S8G2H3,ornithine,Mono,0.28930385410785675,37
A0A2S8G2H3,ornithine,Tri,0.2733040452003479,39
A0A2S8G2H3,phenylalanine,Di,0.4238518923521042,8
A0A2S8G2H3,phenylalanine,Mono,0.48549649119377136,2
A0A2S8G2H3,phenylalanine,Tri,0.37839052081108093,17
A0A2S8G2H3,proline,Di,0.22328951954841614,52
A0A2S8G2H3,proline,Mono,0.42631174623966217,7
A0A2S8G2H3,proline,Tri,0.2487408071756363,44
A0A2S8G2H3,putrescine,Di,0.22518185526132584,51
A0A2S8G2H3,putrescine,Mono,0.3314571976661682,25
A0A2S8G2H3,putrescine,Tri,0.21652761101722717,55
A0A2S8G2H3,serine,Di,0.40080486238002777,12
A0A2S8G2H3,serine,Mono,0.49197445809841156,1
A0A2S8G2H3,serine,Tri,0.367649108171463,18
A0A2S8G2H3,serotonin,Di,0.20772143453359604,58
A0A2S8G2H3,serotonin,Mono,0.210934117436409,57
A0A2S8G2H3,serotonin,Tri,0.2278774231672287,50
A0A2S8G2H3,threonine,Di,0.38835640251636505,15
A0A2S8G2H3,threonine,Mono,0.4219290614128113,9
A0A2S8G2H3,threonine,Tri,0.3122261166572571,30
A0A2S8G2H3,tryptamine,Di,0.16527844965457916,66
A0A2S8G2H3,tryptamine,Mono,0.16310156136751175,67
A0A2S8G2H3,tryptamine,Tri,0.14580156654119492,69
A0A2S8G2H3,tyramine,Di,0.17817194014787674,63
A0A2S8G2H3,tyramine,Mono,0.218721404671669,54
A0A2S8G2H3,tyramine,Tri,0.1707087606191635,65
A0A2S8GTJ2,"2,3_diaminopropionic acid",Di,0.37748289108276367,17
A0A2S8GTJ2,"2,3_diaminopropionic acid",Mono,0.392336830496788,15
A0A2S8GTJ2,"2,3_diaminopropionic acid",Tri,0.32937943935394287,30
A0A2S8GTJ2,2_aminophenol,Di,0.40500281751155853,13
A0A2S8GTJ2,2_aminophenol,Mono,0.40575945377349854,12
A0A2S8GTJ2,2_aminophenol,Tri,0.3364669382572174,26
A0A2S8GTJ2,3_methoxytyramine,Di,0.06986868195235729,74
A0A2S8GTJ2,3_methoxytyramine,Mono,0.1212133951485157,72
A0A2S8GTJ2,3_methoxytyramine,Tri,0.067289549857378,75
A0A2S8GTJ2,alanine,Di,0.24991820752620697,51
A0A2S8GTJ2,alanine,Mono,0.35021214187145233,23
A0A2S8GTJ2,alanine,Tri,0.24550798535346985,54
A0A2S8GTJ2,arginine,Di,0.26302187889814377,45
A0A2S8GTJ2,arginine,Mono,0.32597316801548004,31
A0A2S8GTJ2,arginine,Tri,0.29609452188014984,38
A0A2S8GTJ2,asparagine,Di,0.3400733023881912,25
A0A2S8GTJ2,asparagine,Mono,0.40783147513866425,10
A0A2S8GTJ2,asparagine,Tri,0.31745362281799316,34
A0A2S8GTJ2,cadaverine,Di,0.26273781061172485,47
A0A2S8GTJ2,cadaverine,Mono,0.3339831382036209,28
A0A2S8GTJ2,cadaverine,Tri,0.2491801306605339,52
A0A2S8GTJ2,citrulline,Di,0.36037665605545044,19
A0A2S8GTJ2,citrulline,Mono,0.46332480013370514,3
A0A2S8GTJ2,citrulline,Tri,0.3407302051782608,24
A0A2S8GTJ2,cystine,Di,0.20500688254833221,67
A0A2S8GTJ2,cystine,Mono,0.32190196216106415,33
A0A2S8GTJ2,cystine,Tri,0.20510216057300568,66
A0A2S8GTJ2,dopamine,Di,0.20011815428733826,68
A0A2S8GTJ2,dopamine,Mono,0.24555425345897675,53
A0A2S8GTJ2,dopamine,Tri,0.17018422484397888,70
A0A2S8GTJ2,gaba,Di,0.2126351222395897,63
A0A2S8GTJ2,gaba,Mono,0.30912254750728607,37
A0A2S8GTJ2,gaba,Tri,0.21013571321964264,65
A0A2S8GTJ2,glutamine,Di,0.4154261648654938,9
A0A2S8GTJ2,glutamine,Mono,0.44202274084091187,7
A0A2S8GTJ2,glutamine,Tri,0.3309696912765503,29
A0A2S8GTJ2,glyglycine,Di,0.1651800274848938,71
A0A2S8GTJ2,glyglycine,Mono,0.26291072368621826,46
A0A2S8GTJ2,glyglycine,Tri,0.09868711233139038,73
A0A2S8GTJ2,histidine,Di,0.3790294677019119,16
A0A2S8GTJ2,histidine,Mono,0.4562568664550781,4
A0A2S8GTJ2,histidine,Tri,0.3690132796764374,18
A0A2S8GTJ2,lysine,Di,0.27695436775684357,41
A0A2S8GTJ2,lysine,Mono,0.323324054479599,32
A0A2S8GTJ2,lysine,Tri,0.27906210720539093,40
A0A2S8GTJ2,methionine,Di,0.21360322833061218,62
A0A2S8GTJ2,methionine,Mono,0.31379343569278717,35
A0A2S8GTJ2,methionine,Tri,0.21809623390436172,60
A0A2S8GTJ2,ornithine,Di,0.26355285942554474,44
A0A2S8GTJ2,ornithine,Mono,0.3095831423997879,36
A0A2S8GTJ2,ornithine,Tri,0.28247664868831635,39
A0A2S8GTJ2,phenylalanine,Di,0.4060164541006088,11
A0A2S8GTJ2,phenylalanine,Mono,0.46784962713718414,2
A0A2S8GTJ2,phenylalanine,Tri,0.3579891175031662,22
A0A2S8GTJ2,proline,Di,0.24341906607151031,56
A0A2S8GTJ2,proline,Mono,0.44263139367103577,6
A0A2S8GTJ2,proline,Tri,0.24349931627511978,55
A0A2S8GTJ2,putrescine,Di,0.2594134956598282,50
A0A2S8GTJ2,putrescine,Mono,0.35939691960811615,21
A0A2S8GTJ2,putrescine,Tri,0.21852953732013702,59
A0A2S8GTJ2,serine,Di,0.3932049721479416,14
A0A2S8GTJ2,serine,Mono,0.4727685749530792,1
A0A2S8GTJ2,serine,Tri,0.3599661737680435,20
A0A2S8GTJ2,serotonin,Di,0.2618482857942581,49
A0A2S8GTJ2,serotonin,Mono,0.2654498517513275,43
A0A2S8GTJ2,serotonin,Tri,0.2624513655900955,48
A0A2S8GTJ2,threonine,Di,0.42917852103710175,8
A0A2S8GTJ2,threonine,Mono,0.453836053609848,5
A0A2S8GTJ2,threonine,Tri,0.3356435149908066,27
A0A2S8GTJ2,tryptamine,Di,0.2187248095870018,58
A0A2S8GTJ2,tryptamine,Mono,0.2180432602763176,61
A0A2S8GTJ2,tryptamine,Tri,0.19486133754253387,69
A0A2S8GTJ2,tyramine,Di,0.2382841780781746,57
A0A2S8GTJ2,tyramine,Mono,0.2664386108517647,42
A0A2S8GTJ2,tyramine,Tri,0.2107350006699562,64
A0A349QN89,"2,3_diaminopropionic acid",Di,0.3416009247303009,11
A0A349QN89,"2,3_diaminopropionic acid",Mono,0.2624303624033928,34
A0A349QN89,"2,3_diaminopropionic acid",Tri,0.34286929666996,10
A0A349QN89,2_aminophenol,Di,0.36858849227428436,3
A0A349QN89,2_aminophenol,Mono,0.292591355741024,25
A0A349QN89,2_aminophenol,Tri,0.3109080493450165,20
A0A349QN89,3_methoxytyramine,Di,0.09706590138375759,72
A0A349QN89,3_methoxytyramine,Mono,0.12438711524009705,71
A0A349QN89,3_methoxytyramine,Tri,0.07935071736574173,75
A0A349QN89,alanine,Di,0.14813901111483574,68
A0A349QN89,alanine,Mono,0.21139508485794067,52
A0A349QN89,alanine,Tri,0.17224253714084625,65
A0A349QN89,arginine,Di,0.18459682166576385,63
A0A349QN89,arginine,Mono,0.21060261875391006,53
A0A349QN89,arginine,Tri,0.22215525060892105,47
A0A349QN89,asparagine,Di,0.2914988398551941,26
A0A349QN89,asparagine,Mono,0.286956787109375,27
A0A349QN89,asparagine,Tri,0.2851082682609558,28
A0A349QN89,cadaverine,Di,0.21182656288146973,51
A0A349QN89,cadaverine,Mono,0.1929929256439209,61
A0A349QN89,cadaverine,Tri,0.21551953256130219,49
A0A349QN89,citrulline,Di,0.3289031833410263,17
A0A349QN89,citrulline,Mono,0.33939655125141144,12
A0A349QN89,citrulline,Tri,0.3240201622247696,18
A0A349QN89,cystine,Di,0.15910939127206802,67
A0A349QN89,cystine,Mono,0.2322021648287773,43
A0A349QN89,cystine,Tri,0.19988277554512024,60
A0A349QN89,dopamine,Di,0.2261076346039772,45
A0A349QN89,dopamine,Mono,0.2427108809351921,38
A0A349QN89,dopamine,Tri,0.23609934747219086,41
A0A349QN89,gaba,Di,0.191274493932724,62
A0A349QN89,gaba,Mono,0.20035459101200104,59
A0A349QN89,gaba,Tri,0.20805101096630096,54
A0A349QN89,glutamine,Di,0.36590124666690826,4
A0A349QN89,glutamine,Mono,0.298653319478035,23
A0A349QN89,glutamine,Tri,0.3041694909334183,22
A0A349QN89,glyglycine,Di,0.08633248135447502,74
A0A349QN89,glyglycine,Mono,0.1478915959596634,69
A0A349QN89,glyglycine,Tri,0.09220383875072002,73
A0A349QN89,histidine,Di,0.3064623922109604,21
A0A349QN89,histidine,Mono,0.3333871066570282,15
A0A349QN89,histidine,Tri,0.3431816101074219,9
A0A349QN89,lysine,Di,0.22358081489801407,46
A0A349QN89,lysine,Mono,0.2054782137274742,57
A0A349QN89,lysine,Tri,0.23095254600048065,44
A0A349QN89,methionine,Di,0.1356903500854969,70
A0A349QN89,methionine,Mono,0.17323992401361465,64
A0A349QN89,methionine,Tri,0.16738896816968918,66
A0A349QN89,ornithine,Di,0.2186480164527893,48
A0A349QN89,ornithine,Mono,0.20663296431303024,55
A0A349QN89,ornithine,Tri,0.26834922283887863,30
A0A349QN89,phenylalanine,Di,0.36578604578971863,5
A0A349QN89,phenylalanine,Mono,0.3472868800163269,8
A0A349QN89,phenylalanine,Tri,0.3303915858268738,16
A0A349QN89,proline,Di,0.2466885894536972,37
A0A349QN89,proline,Mono,0.33841630816459656,13
A0A349QN89,proline,Tri,0.20380592346191406,58
A0A349QN89,putrescine,Di,0.2524925097823143,35
A0A349QN89,putrescine,Mono,0.247946135699749,36
A0A349QN89,putrescine,Tri,0.2150696963071823,50
A0A349QN89,serine,Di,0.3526192307472229,7
A0A349QN89,serine,Mono,0.3189237266778946,19
A0A349QN89,serine,Tri,0.3334031403064728,14
A0A349QN89,serotonin,Di,0.2667030170559883,31
A0A349QN89,serotonin,Mono,0.23762697726488113,40
A0A349QN89,serotonin,Tri,0.29434436559677124,24
A0A349QN89,threonine,Di,0.41614586114883423,1
A0A349QN89,threonine,Mono,0.38099344074726105,2
A0A349QN89,threonine,Tri,0.3616744875907898,6
A0A349QN89,tryptamine,Di,0.24089494347572327,39
A0A349QN89,tryptamine,Mono,0.2060643956065178,56
A0A349QN89,tryptamine,Tri,0.23584648966789246,42
A0A349QN89,tyramine,Di,0.26967601478099823,29
A0A349QN89,tyramine,Mono,0.266237735748291,32
A0A349QN89,tyramine,Tri,0.2655334621667862,33
A0A357TLK7,"2,3_diaminopropionic acid",Di,0.2935209572315216,13
A0A357TLK7,"2,3_diaminopropionic acid",Mono,0.2843060567975044,16
A0A357TLK7,"2,3_diaminopropionic acid",Tri,0.23697520792484283,30
A0A357TLK7,2_aminophenol,Di,0.27721673250198364,18
A0A357TLK7,2_aminophenol,Mono,0.2800183892250061,17
A0A357TLK7,2_aminophenol,Tri,0.2255745306611061,34
A0A357TLK7,3_methoxytyramine,Di,0.13924462720751762,70
A0A357TLK7,3_methoxytyramine,Mono,0.09330832585692406,73
A0A357TLK7,3_methoxytyramine,Tri,0.07050801441073418,75
A0A357TLK7,alanine,Di,0.2212408259510994,38
A0A357TLK7,alanine,Mono,0.26946786791086197,19
A0A357TLK7,alanine,Tri,0.16914302855730057,61
A0A357TLK7,arginine,Di,0.24713149666786194,24
A0A357TLK7,arginine,Mono,0.25006234645843506,22
A0A357TLK7,arginine,Tri,0.21992312371730804,39
A0A357TLK7,asparagine,Di,0.23617114126682281,33
A0A357TLK7,asparagine,Mono,0.3027612343430519,9
A0A357TLK7,asparagine,Tri,0.23659518361091614,32
A0A357TLK7,cadaverine,Di,0.21669765561819077,43
A0A357TLK7,cadaverine,Mono,0.24577610939741135,25
A0A357TLK7,cadaverine,Tri,0.18791380524635315,53
A0A357TLK7,citrulline,Di,0.23690339177846909,31
A0A357TLK7,citrulline,Mono,0.3171173483133316,7
A0A357TLK7,citrulline,Tri,0.22386162728071213,35
A0A357TLK7,cystine,Di,0.12699204310774803,71
A0A357TLK7,cystine,Mono,0.2214587926864624,37
A0A357TLK7,cystine,Tri,0.14164266735315323,69
A0A357TLK7,dopamine,Di,0.1972740739583969,50
A0A357TLK7,dopamine,Mono,0.18087878078222275,56
A0A357TLK7,dopamine,Tri,0.12413899600505829,72
A0A357TLK7,gaba,Di,0.14700397104024887,67
A0A357TLK7,gaba,Mono,0.2104078084230423,45
A0A357TLK7,gaba,Tri,0.14373761415481567,68
A0A357TLK7,glutamine,Di,0.29074832797050476,14
A0A357TLK7,glutamine,Mono,0.3216920644044876,6
A0A357TLK7,glutamine,Tri,0.23931648582220078,29
A0A357TLK7,glyglycine,Di,0.24325531721115112,28
A0A357TLK7,glyglycine,Mono,0.2097923755645752,46
A0A357TLK7,glyglycine,Tri,0.08367031812667847,74
A0A357TLK7,histidine,Di,0.3049395978450775,8
A0A357TLK7,histidine,Mono,0.3482758328318596,3
A0A357TLK7,histidine,Tri,0.25767332315444946,20
A0A357TLK7,lysine,Di,0.2191963791847229,40
A0A357TLK7,lysine,Mono,0.20189827680587769,47
A0A357TLK7,lysine,Tri,0.193809375166893,52
A0A357TLK7,methionine,Di,0.1778453215956688,57
A0A357TLK7,methionine,Mono,0.2484612837433815,23
A0A357TLK7,methionine,Tri,0.15868565440177917,64
A0A357TLK7,ornithine,Di,0.18593107163906097,54
A0A357TLK7,ornithine,Mono,0.17286957055330276,60
A0A357TLK7,ornithine,Tri,0.18339449167251587,55
A0A357TLK7,phenylalanine,Di,0.3765249252319336,1
A0A357TLK7,phenylalanine,Mono,0.35523103177547455,2
A0A357TLK7,phenylalanine,Tri,0.29887740314006805,11
A0A357TLK7,proline,Di,0.15097719430923462,66
A0A357TLK7,proline,Mono,0.33212409913539886,4
A0A357TLK7,proline,Tri,0.17376913130283356,59
A0A357TLK7,putrescine,Di,0.19742953032255173,49
A0A357TLK7,putrescine,Mono,0.250627338886261,21
A0A357TLK7,putrescine,Tri,0.162168949842453,63
A0A357TLK7,serine,Di,0.2999468743801117,10
A0A357TLK7,serine,Mono,0.33077383041381836,5
A0A357TLK7,serine,Tri,0.24512197077274323,26
A0A357TLK7,serotonin,Di,0.24447404593229294,27
A0A357TLK7,serotonin,Mono,0.2191835641860962,41
A0A357TLK7,serotonin,Tri,0.22316423058509827,36
A0A357TLK7,threonine,Di,0.2885739207267761,15
A0A357TLK7,threonine,Mono,0.2972034811973572,12
A0A357TLK7,threonine,Tri,0.20181432366371155,48
A0A357TLK7,tryptamine,Di,0.21733081340789795,42
A0A357TLK7,tryptamine,Mono,0.19409604370594025,51
A0A357TLK7,tryptamine,Tri,0.1682746261358261,62
A0A357TLK7,tyramine,Di,0.2161446362733841,44
A0A357TLK7,tyramine,Mono,0.17420536279678345,58
A0A357TLK7,tyramine,Tri,0.15133891254663467,65
A0A3D3YKZ5,"2,3_diaminopropionic acid",Di,0.3119511753320694,27
A0A3D3YKZ5,"2,3_diaminopropionic acid",Mono,0.29950325191020966,28
A0A3D3YKZ5,"2,3_diaminopropionic acid",Tri,0.3288351595401764,23
A0A3D3YKZ5,2_aminophenol,Di,0.36669521033763885,14
A0A3D3YKZ5,2_aminophenol,Mono,0.3568185716867447,16
A0A3D3YKZ5,2_aminophenol,Tri,0.33353330194950104,22
A0A3D3YKZ5,3_methoxytyramine,Di,0.004444144666194916,75
A0A3D3YKZ5,3_methoxytyramine,Mono,0.06220441311597824,72
A0A3D3YKZ5,3_methoxytyramine,Tri,0.02069825679063797,74
A0A3D3YKZ5,alanine,Di,0.18304789811372757,58
A0A3D3YKZ5,alanine,Mono,0.28212593495845795,31
A0A3D3YKZ5,alanine,Tri,0.2209858000278473,46
A0A3D3YKZ5,arginine,Di,0.21129011362791061,51
A0A3D3YKZ5,arginine,Mono,0.23992957174777985,40
A0A3D3YKZ5,arginine,Tri,0.2842162996530533,29
A0A3D3YKZ5,asparagine,Di,0.31551116704940796,26
A0A3D3YKZ5,asparagine,Mono,0.37539561092853546,11
A0A3D3YKZ5,asparagine,Tri,0.31622810661792755,25
A0A3D3YKZ5,cadaverine,Di,0.2095881775021553,53
A0A3D3YKZ5,cadaverine,Mono,0.2409646436572075,39
A0A3D3YKZ5,cadaverine,Tri,0.25621868669986725,35
A0A3D3YKZ5,citrulline,Di,0.31831738352775574,24
A0A3D3YKZ5,citrulline,Mono,0.39513662457466125,6
A0A3D3YKZ5,citrulline,Tri,0.33761028945446014,21
A0A3D3YKZ5,cystine,Di,0.1507132574915886,67
A0A3D3YKZ5,cystine,Mono,0.24568232893943787,37
A0A3D3YKZ5,cystine,Tri,0.1964738443493843,54
A0A3D3YKZ5,dopamine,Di,0.1407468095421791,69
A0A3D3YKZ5,dopamine,Mono,0.17141781002283096,62
A0A3D3YKZ5,dopamine,Tri,0.14725814014673233,68
A0A3D3YKZ5,gaba,Di,0.16892513632774353,63
A0A3D3YKZ5,gaba,Mono,0.21827172487974167,48
A0A3D3YKZ5,gaba,Tri,0.22866341471672058,44
A0A3D3YKZ5,glutamine,Di,0.3922201246023178,7
A0A3D3YKZ5,glutamine,Mono,0.3969719707965851,5
A0A3D3YKZ5,glutamine,Tri,0.3476281315088272,19
A0A3D3YKZ5,glyglycine,Di,0.07257902435958385,71
A0A3D3YKZ5,glyglycine,Mono,0.1586286649107933,65
A0A3D3YKZ5,glyglycine,Tri,0.05450642853975296,73
A0A3D3YKZ5,histidine,Di,0.36557282507419586,15
A0A3D3YKZ5,histidine,Mono,0.42559953033924103,1
A0A3D3YKZ5,histidine,Tri,0.3771126866340637,10
A0A3D3YKZ5,lysine,Di,0.21900378167629242,47
A0A3D3YKZ5,lysine,Mono,0.21785390377044678,49
A0A3D3YKZ5,lysine,Tri,0.2623595744371414,34
A0A3D3YKZ5,methionine,Di,0.175529845058918,60
A0A3D3YKZ5,methionine,Mono,0.2663566768169403,33
A0A3D3YKZ5,methionine,Tri,0.23172388970851898,42
A0A3D3YKZ5,ornithine,Di,0.21385546028614044,50
A0A3D3YKZ5,ornithine,Mono,0.23362775892019272,41
A0A3D3YKZ5,ornithine,Tri,0.28371666371822357,30
A0A3D3YKZ5,phenylalanine,Di,0.37007690966129303,12
A0A3D3YKZ5,phenylalanine,Mono,0.41920439898967743,2
A0A3D3YKZ5,phenylalanine,Tri,0.3492448478937149,18
A0A3D3YKZ5,proline,Di,0.2102649211883545,52
A0A3D3YKZ5,proline,Mono,0.3774403780698776,9
A0A3D3YKZ5,proline,Tri,0.2489510178565979,36
A0A3D3YKZ5,putrescine,Di,0.2218581885099411,45
A0A3D3YKZ5,putrescine,Mono,0.277143195271492,32
A0A3D3YKZ5,putrescine,Tri,0.2317231148481369,43
A0A3D3YKZ5,serine,Di,0.3682333678007126,13
A0A3D3YKZ5,serine,Mono,0.4122072458267212,3
A0A3D3YKZ5,serine,Tri,0.35365724563598633,17
A0A3D3YKZ5,serotonin,Di,0.1904299408197403,56
A0A3D3YKZ5,serotonin,Mono,0.17511313408613205,61
A0A3D3YKZ5,serotonin,Tri,0.243850938975811,38
A0A3D3YKZ5,threonine,Di,0.39773131906986237,4
A0A3D3YKZ5,threonine,Mono,0.391324520111084,8
A0A3D3YKZ5,threonine,Tri,0.3422592729330063,20
A0A3D3YKZ5,tryptamine,Di,0.1514774188399315,66
A0A3D3YKZ5,tryptamine,Mono,0.12755239009857178,70
A0A3D3YKZ5,tryptamine,Tri,0.16707462072372437,64
A0A3D3YKZ5,tyramine,Di,0.17997631430625916,59
A0A3D3YKZ5,tyramine,Mono,0.19440843164920807,55
A0A3D3YKZ5,tyramine,Tri,0.1892225295305252,57
A0A3E4KT54,"2,3_diaminopropionic acid",Di,0.3033163845539093,18
A0A3E4KT54,"2,3_diaminopropionic acid",Mono,0.22870202362537384,29
A0A3E4KT54,"2,3_diaminopropionic acid",Tri,0.29994428157806396,19
A0A3E4KT54,2_aminophenol,Di,0.32937076687812805,8
A0A3E4KT54,2_aminophenol,Mono,0.26793162524700165,26
A0A3E4KT54,2_aminophenol,Tri,0.27454492449760437,25
A0A3E4KT54,3_methoxytyramine,Di,0.034404500387609005,74
A0A3E4KT54,3_methoxytyramine,Mono,0.037083509378135204,73
A0A3E4KT54,3_methoxytyramine,Tri,0.02945331484079361,75
A0A3E4KT54,alanine,Di,0.14310003444552422,66
A0A3E4KT54,alanine,Mono,0.19286230951547623,41
A0A3E4KT54,alanine,Tri,0.15198354423046112,64
A0A3E4KT54,arginine,Di,0.1976187527179718,39
A0A3E4KT54,arginine,Mono,0.19058039411902428,42
A0A3E4KT54,arginine,Tri,0.2075410857796669,35
A0A3E4KT54,asparagine,Di,0.27999357879161835,24
A0A3E4KT54,asparagine,Mono,0.2967865616083145,21
A0A3E4KT54,asparagine,Tri,0.2661711275577545,27
A0A3E4KT54,cadaverine,Di,0.1755431666970253,51
A0A3E4KT54,cadaverine,Mono,0.15852513164281845,60
A0A3E4KT54,cadaverine,Tri,0.19623005390167236,40
A0A3E4KT54,citrulline,Di,0.29983197152614594,20
A0A3E4KT54,citrulline,Mono,0.32271216809749603,9
A0A3E4KT54,citrulline,Tri,0.2856961637735367,22
A0A3E4KT54,cystine,Di,0.12291854619979858,69
A0A3E4KT54,cystine,Mono,0.18748217821121216,44
A0A3E4KT54,cystine,Tri,0.1644154042005539,58
A0A3E4KT54,dopamine,Di,0.17051787674427032,56
A0A3E4KT54,dopamine,Mono,0.1717100739479065,54
A0A3E4KT54,dopamine,Tri,0.16533882915973663,57
A0A3E4KT54,gaba,Di,0.16083675622940063,59
A0A3E4KT54,gaba,Mono,0.15718727558851242,61
A0A3E4KT54,gaba,Tri,0.18389736860990524,49
A0A3E4KT54,glutamine,Di,0.3559550642967224,3
A0A3E4KT54,glutamine,Mono,0.30630046129226685,16
A0A3E4KT54,glutamine,Tri,0.28533823788166046,23
A0A3E4KT54,glyglycine,Di,0.07455967739224434,71
A0A3E4KT54,glyglycine,Mono,0.11810173839330673,70
A0A3E4KT54,glyglycine,Tri,0.04873849265277386,72
A0A3E4KT54,histidine,Di,0.3092280626296997,14
A0A3E4KT54,histidine,Mono,0.34647683799266815,5
A0A3E4KT54,histidine,Tri,0.31815144419670105,12
A0A3E4KT54,lysine,Di,0.1870233565568924,46
A0A3E4KT54,lysine,Mono,0.15423066169023514,63
A0A3E4KT54,lysine,Tri,0.20126105099916458,38
A0A3E4KT54,methionine,Di,0.12492849305272102,68
A0A3E4KT54,methionine,Mono,0.17540007829666138,52
A0A3E4KT54,methionine,Tri,0.15545446425676346,62
A0A3E4KT54,ornithine,Di,0.18162482231855392,50
A0A3E4KT54,ornithine,Mono,0.14881129562854767,65
A0A3E4KT54,ornithine,Tri,0.22788645327091217,30
A0A3E4KT54,phenylalanine,Di,0.36278878152370453,2
A0A3E4KT54,phenylalanine,Mono,0.352779820561409,4
A0A3E4KT54,phenylalanine,Tri,0.3090991675853729,15
A0A3E4KT54,proline,Di,0.2170337662100792,31
A0A3E4KT54,proline,Mono,0.3224470615386963,10
A0A3E4KT54,proline,Tri,0.1876790151000023,43
A0A3E4KT54,putrescine,Di,0.20516465604305267,37
A0A3E4KT54,putrescine,Mono,0.2078630030155182,34
A0A3E4KT54,putrescine,Tri,0.18732331693172455,45
A0A3E4KT54,serine,Di,0.34189850091934204,7
A0A3E4KT54,serine,Mono,0.3207691013813019,11
A0A3E4KT54,serine,Tri,0.30495235323905945,17
A0A3E4KT54,serotonin,Di,0.21262921392917633,33
A0A3E4KT54,serotonin,Mono,0.17377232387661934,53
A0A3E4KT54,serotonin,Tri,0.2328726127743721,28
A0A3E4KT54,threonine,Di,0.3872019201517105,1
A0A3E4KT54,threonine,Mono,0.34213367104530334,6
A0A3E4KT54,threonine,Tri,0.3171353340148926,13
A0A3E4KT54,tryptamine,Di,0.18500406295061111,48
A0A3E4KT54,tryptamine,Mono,0.14281468838453293,67
A0A3E4KT54,tryptamine,Tri,0.17095734179019928,55
A0A3E4KT54,tyramine,Di,0.21559545397758484,32
A0A3E4KT54,tyramine,Mono,0.1861678510904312,47
A0A3E4KT54,tyramine,Tri,0.2061891183257103,36
A0A3N2MZX6,"2,3_diaminopropionic acid",Di,0.3720387816429138,9
A0A3N2MZX6,"2,3_diaminopropionic acid",Mono,0.320198655128479,21
A0A3N2MZX6,"2,3_diaminopropionic acid",Tri,0.31531472504138947,23
A0A3N2MZX6,2_aminophenol,Di,0.3850598782300949,6
A0A3N2MZX6,2_aminophenol,Mono,0.3288991153240204,18
A0A3N2MZX6,2_aminophenol,Tri,0.3071376234292984,25
A0A3N2MZX6,3_methoxytyramine,Di,0.0543237067759037,74
A0A3N2MZX6,3_methoxytyramine,Mono,0.1163615882396698,72
A0A3N2MZX6,3_methoxytyramine,Tri,0.04150253348052502,75
A0A3N2MZX6,alanine,Di,0.2313433736562729,54
A0A3N2MZX6,alanine,Mono,0.27112606912851334,32
A0A3N2MZX6,alanine,Tri,0.20808231085538864,64
A0A3N2MZX6,arginine,Di,0.2439478486776352,48
A0A3N2MZX6,arginine,Mono,0.2733702063560486,30
A0A3N2MZX6,arginine,Tri,0.25044994056224823,44
A0A3N2MZX6,asparagine,Di,0.29928654432296753,27
A0A3N2MZX6,asparagine,Mono,0.3269364759325981,19
A0A3N2MZX6,asparagine,Tri,0.27045340836048126,34
A0A3N2MZX6,cadaverine,Di,0.24345604330301285,49
A0A3N2MZX6,cadaverine,Mono,0.2482190877199173,45
A0A3N2MZX6,cadaverine,Tri,0.22619986534118652,57
A0A3N2MZX6,citrulline,Di,0.3452986031770706,15
A0A3N2MZX6,citrulline,Mono,0.3901517391204834,4
A0A3N2MZX6,citrulline,Tri,0.33605703711509705,17
A0A3N2MZX6,cystine,Di,0.20078139007091522,68
A0A3N2MZX6,cystine,Mono,0.27073872089385986,33
A0A3N2MZX6,cystine,Tri,0.18733865022659302,69
A0A3N2MZX6,dopamine,Di,0.21084031462669373,62
A0A3N2MZX6,dopamine,Mono,0.2334446832537651,53
A0A3N2MZX6,dopamine,Tri,0.17390848696231842,70
A0A3N2MZX6,gaba,Di,0.21346170455217361,61
A0A3N2MZX6,gaba,Mono,0.22877074778079987,56
A0A3N2MZX6,gaba,Tri,0.20366530865430832,67
A0A3N2MZX6,glutamine,Di,0.3963031619787216,2
A0A3N2MZX6,glutamine,Mono,0.35936830937862396,12
A0A3N2MZX6,glutamine,Tri,0.3166242092847824,22
A0A3N2MZX6,glyglycine,Di,0.13775213062763214,71
A0A3N2MZX6,glyglycine,Mono,0.20816577225923538,63
A0A3N2MZX6,glyglycine,Tri,0.08476844429969788,73
A0A3N2MZX6,histidine,Di,0.3504135310649872,14
A0A3N2MZX6,histidine,Mono,0.37516066431999207,7
A0A3N2MZX6,histidine,Tri,0.3417002856731415,16
A0A3N2MZX6,lysine,Di,0.26127298176288605,39
A0A3N2MZX6,lysine,Mono,0.23745666444301605,51
A0A3N2MZX6,lysine,Tri,0.2473679780960083,46
A0A3N2MZX6,methionine,Di,0.21740760654211044,58
A0A3N2MZX6,methionine,Mono,0.25302328169345856,42
A0A3N2MZX6,methionine,Tri,0.23085248470306396,55
A0A3N2MZX6,ornithine,Di,0.2589484825730324,41
A0A3N2MZX6,ornithine,Mono,0.24471066892147064,47
A0A3N2MZX6,ornithine,Tri,0.2636101692914963,35
A0A3N2MZX6,phenylalanine,Di,0.3579128384590149,13
A0A3N2MZX6,phenylalanine,Mono,0.3626989722251892,11
A0A3N2MZX6,phenylalanine,Tri,0.3043384999036789,26
A0A3N2MZX6,proline,Di,0.26335395872592926,36
A0A3N2MZX6,proline,Mono,0.3950056731700897,3
A0A3N2MZX6,proline,Tri,0.2335243746638298,52
A0A3N2MZX6,putrescine,Di,0.2629416584968567,38
A0A3N2MZX6,putrescine,Mono,0.2883984446525574,28
A0A3N2MZX6,putrescine,Tri,0.20729190111160278,66
A0A3N2MZX6,serine,Di,0.37455692887306213,8
A0A3N2MZX6,serine,Mono,0.3673465847969055,10
A0A3N2MZX6,serine,Tri,0.3210327923297882,20
A0A3N2MZX6,serotonin,Di,0.2839537709951401,29
A0A3N2MZX6,serotonin,Mono,0.2590787261724472,40
A0A3N2MZX6,serotonin,Tri,0.2716011703014374,31
A0A3N2MZX6,threonine,Di,0.4025382697582245,1
A0A3N2MZX6,threonine,Mono,0.38557855784893036,5
A0A3N2MZX6,threonine,Tri,0.3149636834859848,24
A0A3N2MZX6,tryptamine,Di,0.2411622852087021,50
A0A3N2MZX6,tryptamine,Mono,0.21611687541007996,59
A0A3N2MZX6,tryptamine,Tri,0.21380426734685898,60
A0A3N2MZX6,tyramine,Di,0.2631895989179611,37
A0A3N2MZX6,tyramine,Mono,0.25122226029634476,43
A0A3N2MZX6,tyramine,Tri,0.20765573531389236,65
A0A412TTM9,"2,3_diaminopropionic acid",Di,0.33015772700309753,13
A0A412TTM9,"2,3_diaminopropionic acid",Mono,0.25420142710208893,29
A0A412TTM9,"2,3_diaminopropionic acid",Tri,0.3167067915201187,19
A0A412TTM9,2_aminophenol,Di,0.3587310314178467,7
A0A412TTM9,2_aminophenol,Mono,0.28854651749134064,25
A0A412TTM9,2_aminophenol,Tri,0.29613645374774933,22
A0A412TTM9,3_methoxytyramine,Di,0.05679888837039471,74
A0A412TTM9,3_methoxytyramine,Mono,0.06953737139701843,72
A0A412TTM9,3_methoxytyramine,Tri,0.04569784551858902,75
A0A412TTM9,alanine,Di,0.1526157148182392,67
A0A412TTM9,alanine,Mono,0.20604215562343597,43
A0A412TTM9,alanine,Tri,0.16521042585372925,66
A0A412TTM9,arginine,Di,0.1945786029100418,51
A0A412TTM9,arginine,Mono,0.20358677580952644,44
A0A412TTM9,arginine,Tri,0.21938768029212952,36
A0A412TTM9,asparagine,Di,0.28721296787261963,26
A0A412TTM9,asparagine,Mono,0.2953500971198082,23
A0A412TTM9,asparagine,Tri,0.2694254368543625,27
A0A412TTM9,cadaverine,Di,0.19543342292308807,50
A0A412TTM9,cadaverine,Mono,0.17674315720796585,58
A0A412TTM9,cadaverine,Tri,0.20225264877080917,45
A0A412TTM9,citrulline,Di,0.3224434554576874,15
A0A412TTM9,citrulline,Mono,0.3406003266572952,10
A0A412TTM9,citrulline,Tri,0.31414367258548737,20
A0A412TTM9,cystine,Di,0.13874902576208115,68
A0A412TTM9,cystine,Mono,0.2088308185338974,40
A0A412TTM9,cystine,Tri,0.17313335835933685,61
A0A412TTM9,dopamine,Di,0.19053083658218384,54
A0A412TTM9,dopamine,Mono,0.19896375387907028,47
A0A412TTM9,dopamine,Tri,0.18710239231586456,56
A0A412TTM9,gaba,Di,0.175574392080307,59
A0A412TTM9,gaba,Mono,0.17172078043222427,63
A0A412TTM9,gaba,Tri,0.19185608625411987,53
A0A412TTM9,glutamine,Di,0.3672409802675247,4
A0A412TTM9,glutamine,Mono,0.31036267429590225,21
A0A412TTM9,glutamine,Tri,0.29414473474025726,24
A0A412TTM9,glyglycine,Di,0.08259060606360435,71
A0A412TTM9,glyglycine,Mono,0.12362797558307648,70
A0A412TTM9,glyglycine,Tri,0.06326349452137947,73
A0A412TTM9,histidine,Di,0.3216816186904907,16
A0A412TTM9,histidine,Mono,0.3552708476781845,8
A0A412TTM9,histidine,Tri,0.33594897389411926,11
A0A412TTM9,lysine,Di,0.20045053958892822,46
A0A412TTM9,lysine,Mono,0.17264677584171295,62
A0A412TTM9,lysine,Tri,0.21209707111120224,39
A0A412TTM9,methionine,Di,0.13845933228731155,69
A0A412TTM9,methionine,Mono,0.18227314949035645,57
A0A412TTM9,methionine,Tri,0.16921062022447586,65
A0A412TTM9,ornithine,Di,0.19688554108142853,49
A0A412TTM9,ornithine,Mono,0.1707725152373314,64
A0A412TTM9,ornithine,Tri,0.24543635547161102,30
A0A412TTM9,phenylalanine,Di,0.37228137254714966,2
A0A412TTM9,phenylalanine,Mono,0.35999804735183716,6
A0A412TTM9,phenylalanine,Tri,0.32163065671920776,17
A0A412TTM9,proline,Di,0.22255712747573853,35
A0A412TTM9,proline,Mono,0.32966022193431854,14
A0A412TTM9,proline,Tri,0.1878938525915146,55
A0A412TTM9,putrescine,Di,0.22701773047447205,33
A0A412TTM9,putrescine,Mono,0.22397378087043762,34
A0A412TTM9,putrescine,Tri,0.19343461096286774,52
A0A412TTM9,serine,Di,0.36205656826496124,5
A0A412TTM9,serine,Mono,0.3319849669933319,12
A0A412TTM9,serine,Tri,0.31801848113536835,18
A0A412TTM9,serotonin,Di,0.23584774136543274,31
A0A412TTM9,serotonin,Mono,0.206519216299057,42
A0A412TTM9,serotonin,Tri,0.2585439682006836,28
A0A412TTM9,threonine,Di,0.4152231514453888,1
A0A412TTM9,threonine,Mono,0.36952774226665497,3
A0A412TTM9,threonine,Tri,0.34275898337364197,9
A0A412TTM9,tryptamine,Di,0.2072291597723961,41
A0A412TTM9,tryptamine,Mono,0.1745690181851387,60
A0A412TTM9,tryptamine,Tri,0.19856449961662292,48
A0A412TTM9,tyramine,Di,0.23400673270225525,32
A0A412TTM9,tyramine,Mono,0.2157234400510788,38
A0A412TTM9,tyramine,Tri,0.21897125244140625,37
A0A414M9L3,"2,3_diaminopropionic acid",Di,0.3496909588575363,15
A0A414M9L3,"2,3_diaminopropionic acid",Mono,0.321480393409729,21
A0A414M9L3,"2,3_diaminopropionic acid",Tri,0.3102642148733139,25
A0A414M9L3,2_aminophenol,Di,0.35908007621765137,13
A0A414M9L3,2_aminophenol,Mono,0.3334137946367264,19
A0A414M9L3,2_aminophenol,Tri,0.2913982570171356,28
A0A414M9L3,3_methoxytyramine,Di,0.009428828954696655,75
A0A414M9L3,3_methoxytyramine,Mono,0.07261589914560318,73
A0A414M9L3,3_methoxytyramine,Tri,0.02589530125260353,74
A0A414M9L3,alanine,Di,0.22174648195505142,50
A0A414M9L3,alanine,Mono,0.2922903746366501,27
A0A414M9L3,alanine,Tri,0.2169875204563141,55
A0A414M9L3,arginine,Di,0.25454476475715637,35
A0A414M9L3,arginine,Mono,0.2688057944178581,32
A0A414M9L3,arginine,Tri,0.25727517902851105,34
A0A414M9L3,asparagine,Di,0.3039498031139374,26
A0A414M9L3,asparagine,Mono,0.3624197542667389,12
A0A414M9L3,asparagine,Tri,0.2774205505847931,30
A0A414M9L3,cadaverine,Di,0.23101971298456192,45
A0A414M9L3,cadaverine,Mono,0.24942471086978912,39
A0A414M9L3,cadaverine,Tri,0.23958101868629456,43
A0A414M9L3,citrulline,Di,0.33852994441986084,17
A0A414M9L3,citrulline,Mono,0.40273502469062805,4
A0A414M9L3,citrulline,Tri,0.33403728902339935,18
A0A414M9L3,cystine,Di,0.16157189011573792,69
A0A414M9L3,cystine,Mono,0.25391609221696854,36
A0A414M9L3,cystine,Tri,0.18790927529335022,65
A0A414M9L3,dopamine,Di,0.17379970848560333,68
A0A414M9L3,dopamine,Mono,0.19587001204490662,60
A0A414M9L3,dopamine,Tri,0.14722638577222824,70
A0A414M9L3,gaba,Di,0.19083384424448013,64
A0A414M9L3,gaba,Mono,0.22131264209747314,51
A0A414M9L3,gaba,Tri,0.21073391288518906,57
A0A414M9L3,glutamine,Di,0.39172400534152985,7
A0A414M9L3,glutamine,Mono,0.3824455887079239,9
A0A414M9L3,glutamine,Tri,0.3135385364294052,24
A0A414M9L3,glyglycine,Di,0.14223408699035645,71
A0A414M9L3,glyglycine,Mono,0.20401965826749802,59
A0A414M9L3,glyglycine,Tri,0.08325860649347305,72
A0A414M9L3,histidine,Di,0.35709118843078613,14
A0A414M9L3,histidine,Mono,0.40779587626457214,1
A0A414M9L3,histidine,Tri,0.34132176637649536,16
A0A414M9L3,lysine,Di,0.22974827885627747,46
A0A414M9L3,lysine,Mono,0.21997331827878952,52
A0A414M9L3,lysine,Tri,0.2359289824962616,44
A0A414M9L3,methionine,Di,0.19404761493206024,61
A0A414M9L3,methionine,Mono,0.2713506296277046,31
A0A414M9L3,methionine,Tri,0.22277947515249252,49
A0A414M9L3,ornithine,Di,0.22447216510772705,48
A0A414M9L3,ornithine,Mono,0.21818899363279343,54
A0A414M9L3,ornithine,Tri,0.25101879984140396,38
A0A414M9L3,phenylalanine,Di,0.3735871762037277,10
A0A414M9L3,phenylalanine,Mono,0.4042533189058304,3
A0A414M9L3,phenylalanine,Tri,0.31642739474773407,23
A0A414M9L3,proline,Di,0.25806745886802673,33
A0A414M9L3,proline,Mono,0.3936896324157715,6
A0A414M9L3,proline,Tri,0.24070733040571213,42
A0A414M9L3,putrescine,Di,0.24755586683750153,40
A0A414M9L3,putrescine,Mono,0.2826063632965088,29
A0A414M9L3,putrescine,Tri,0.21390800923109055,56
A0A414M9L3,serine,Di,0.37104541063308716,11
A0A414M9L3,serine,Mono,0.38291341066360474,8
A0A414M9L3,serine,Tri,0.32180894911289215,20
A0A414M9L3,serotonin,Di,0.245925635099411,41
A0A414M9L3,serotonin,Mono,0.21943391859531403,53
A0A414M9L3,serotonin,Tri,0.25200245529413223,37
A0A414M9L3,threonine,Di,0.40534737706184387,2
A0A414M9L3,threonine,Mono,0.400545209646225,5
A0A414M9L3,threonine,Tri,0.3212243467569351,22
A0A414M9L3,tryptamine,Di,0.19310130178928375,62
A0A414M9L3,tryptamine,Mono,0.17573737353086472,67
A0A414M9L3,tryptamine,Tri,0.1819436475634575,66
A0A414M9L3,tyramine,Di,0.22922886162996292,47
A0A414M9L3,tyramine,Mono,0.20914537459611893,58
A0A414M9L3,tyramine,Tri,0.19278643280267715,63
A0A414Q275,"2,3_diaminopropionic acid",Di,0.3287845849990845,17
A0A414Q275,"2,3_diaminopropionic acid",Mono,0.2498079538345337,32
A0A414Q275,"2,3_diaminopropionic acid",Tri,0.3285347819328308,18
A0A414Q275,2_aminophenol,Di,0.375973716378212,6
A0A414Q275,2_aminophenol,Mono,0.29016415774822235,27
A0A414Q275,2_aminophenol,Tri,0.32118816673755646,19
A0A414Q275,3_methoxytyramine,Di,0.11521796882152557,71
A0A414Q275,3_methoxytyramine,Mono,0.09639431536197662,73
A0A414Q275,3_methoxytyramine,Tri,0.09331139922142029,74
A0A414Q275,alanine,Di,0.14883458986878395,68
A0A414Q275,alanine,Mono,0.19960875809192657,52
A0A414Q275,alanine,Tri,0.16324257850646973,66
A0A414Q275,arginine,Di,0.16804954409599304,65
A0A414Q275,arginine,Mono,0.1823807843029499,57
A0A414Q275,arginine,Tri,0.19700708985328674,54
A0A414Q275,asparagine,Di,0.3196343928575516,22
A0A414Q275,asparagine,Mono,0.3079095706343651,26
A0A414Q275,asparagine,Tri,0.3105025887489319,24
A0A414Q275,cadaverine,Di,0.199416846036911,53
A0A414Q275,cadaverine,Mono,0.1748962551355362,61
A0A414Q275,cadaverine,Tri,0.2164473533630371,42
A0A414Q275,citrulline,Di,0.32097122073173523,20
A0A414Q275,citrulline,Mono,0.3404383957386017,15
A0A414Q275,citrulline,Tri,0.3102358281612396,25
A0A414Q275,cystine,Di,0.15533478558063507,67
A0A414Q275,cystine,Mono,0.21163155138492584,45
A0A414Q275,cystine,Tri,0.19052433967590332,55
A0A414Q275,dopamine,Di,0.21289019286632538,43
A0A414Q275,dopamine,Mono,0.21236545592546463,44
A0A414Q275,dopamine,Tri,0.22406819462776184,37
A0A414Q275,gaba,Di,0.1759304255247116,60
A0A414Q275,gaba,Mono,0.1684785932302475,64
A0A414Q275,gaba,Tri,0.2102520763874054,47
A0A414Q275,glutamine,Di,0.3810880184173584,4
A0A414Q275,glutamine,Mono,0.3200279176235199,21
A0A414Q275,glutamine,Tri,0.3129546046257019,23
A0A414Q275,glyglycine,Di,0.10252957791090012,72
A0A414Q275,glyglycine,Mono,0.13348206132650375,70
A0A414Q275,glyglycine,Tri,0.0923798456788063,75
A0A414Q275,histidine,Di,0.3418237268924713,13
A0A414Q275,histidine,Mono,0.36340750753879547,10
A0A414Q275,histidine,Tri,0.3717617839574814,7
A0A414Q275,lysine,Di,0.21019868552684784,48
A0A414Q275,lysine,Mono,0.17804715037345886,59
A0A414Q275,lysine,Tri,0.22602461278438568,35
A0A414Q275,methionine,Di,0.13368162140250206,69
A0A414Q275,methionine,Mono,0.18352553248405457,56
A0A414Q275,methionine,Tri,0.1727602332830429,63
A0A414Q275,ornithine,Di,0.20590834319591522,50
A0A414Q275,ornithine,Mono,0.174412302672863,62
A0A414Q275,ornithine,Tri,0.25705189257860184,29
A0A414Q275,phenylalanine,Di,0.4042874276638031,2
A0A414Q275,phenylalanine,Mono,0.37773996591567993,5
A0A414Q275,phenylalanine,Tri,0.3659602701663971,9
A0A414Q275,proline,Di,0.2309545949101448,34
A0A414Q275,proline,Mono,0.33627085387706757,16
A0A414Q275,proline,Tri,0.20412231981754303,51
A0A414Q275,putrescine,Di,0.223843052983284,38
A0A414Q275,putrescine,Mono,0.21790491789579391,40
A0A414Q275,putrescine,Tri,0.20921413600444794,49
A0A414Q275,serine,Di,0.38276830315589905,3
A0A414Q275,serine,Mono,0.3415275365114212,14
A0A414Q275,serine,Tri,0.35504576563835144,12
A0A414Q275,serotonin,Di,0.2419438734650612,33
A0A414Q275,serotonin,Mono,0.2115669697523117,46
A0A414Q275,serotonin,Tri,0.2726159691810608,28
A0A414Q275,threonine,Di,0.4099743515253067,1
A0A414Q275,threonine,Mono,0.36626267433166504,8
A0A414Q275,threonine,Tri,0.3591981679201126,11
A0A414Q275,tryptamine,Di,0.21760185062885284,41
A0A414Q275,tryptamine,Mono,0.17982793599367142,58
A0A414Q275,tryptamine,Tri,0.21911155432462692,39
A0A414Q275,tyramine,Di,0.25356313586235046,31
A0A414Q275,tyramine,Mono,0.22545958310365677,36
A0A414Q275,tyramine,Tri,0.2541932314634323,30
A0A416W4H5,"2,3_diaminopropionic acid",Di,0.3042404353618622,32
A0A416W4H5,"2,3_diaminopropionic acid",Mono,0.3148975670337677,27
A0A416W4H5,"2,3_diaminopropionic acid",Tri,0.32336945831775665,25
A0A416W4H5,2_aminophenol,Di,0.3773609846830368,16
A0A416W4H5,2_aminophenol,Mono,0.3848615437746048,14
A0A416W4H5,2_aminophenol,Tri,0.3663787841796875,20
A0A416W4H5,3_methoxytyramine,Di,-0.02518710307776928,75
A0A416W4H5,3_methoxytyramine,Mono,0.05667925626039505,73
A0A416W4H5,3_methoxytyramine,Tri,0.009191732853651047,74
A0A416W4H5,alanine,Di,0.20599974691867828,55
A0A416W4H5,alanine,Mono,0.32004064321517944,26
A0A416W4H5,alanine,Tri,0.22873184829950333,50
A0A416W4H5,arginine,Di,0.2320338636636734,47
A0A416W4H5,arginine,Mono,0.25949010252952576,42
A0A416W4H5,arginine,Tri,0.3066120743751526,30
A0A416W4H5,asparagine,Di,0.3471154123544693,22
A0A416W4H5,asparagine,Mono,0.43414729833602905,5
A0A416W4H5,asparagine,Tri,0.35442912578582764,21
A0A416W4H5,cadaverine,Di,0.23736201226711273,46
A0A416W4H5,cadaverine,Mono,0.26883842051029205,37
A0A416W4H5,cadaverine,Tri,0.28736960887908936,34
A0A416W4H5,citrulline,Di,0.30252663791179657,33
A0A416W4H5,citrulline,Mono,0.397474929690361,12
A0A416W4H5,citrulline,Tri,0.3265896439552307,23
A0A416W4H5,cystine,Di,0.16208774596452713,61
A0A416W4H5,cystine,Mono,0.2615552544593811,39
A0A416W4H5,cystine,Tri,0.21211226284503937,54
A0A416W4H5,dopamine,Di,0.09882837906479836,69
A0A416W4H5,dopamine,Mono,0.14446115493774414,63
A0A416W4H5,dopamine,Tri,0.10686958581209183,68
A0A416W4H5,gaba,Di,0.19060847163200378,57
A0A416W4H5,gaba,Mono,0.23960066586732864,45
A0A416W4H5,gaba,Tri,0.25276774913072586,43
A0A416W4H5,glutamine,Di,0.4074579328298569,6
A0A416W4H5,glutamine,Mono,0.4508124142885208,4
A0A416W4H5,glutamine,Tri,0.38199323415756226,15
A0A416W4H5,glyglycine,Di,0.08265776094049215,71
A0A416W4H5,glyglycine,Mono,0.1645907312631607,59
A0A416W4H5,glyglycine,Tri,0.05861220136284828,72
A0A416W4H5,histidine,Di,0.4047897905111313,7
A0A416W4H5,histidine,Mono,0.4771054834127426,1
A0A416W4H5,histidine,Tri,0.4028709828853607,8
A0A416W4H5,lysine,Di,0.23182479292154312,48
A0A416W4H5,lysine,Mono,0.22435539960861206,52
A0A416W4H5,lysine,Tri,0.28648266196250916,35
A0A416W4H5,methionine,Di,0.19978371262550354,56
A0A416W4H5,methionine,Mono,0.3237961083650589,24
A0A416W4H5,methionine,Tri,0.26829224824905396,38
A0A416W4H5,ornithine,Di,0.22634152323007584,51
A0A416W4H5,ornithine,Mono,0.2603946775197983,41
A0A416W4H5,ornithine,Tri,0.30791160464286804,29
A0A416W4H5,phenylalanine,Di,0.4001215547323227,10
A0A416W4H5,phenylalanine,Mono,0.46864932775497437,2
A0A416W4H5,phenylalanine,Tri,0.3725702315568924,18
A0A416W4H5,proline,Di,0.21621829271316528,53
A0A416W4H5,proline,Mono,0.39828792214393616,11
A0A416W4H5,proline,Tri,0.2736593186855316,36
A0A416W4H5,putrescine,Di,0.2447998970746994,44
A0A416W4H5,putrescine,Mono,0.3044371157884598,31
A0A416W4H5,putrescine,Tri,0.260489359498024,40
A0A416W4H5,serine,Di,0.39408253133296967,13
A0A416W4H5,serine,Mono,0.46391692757606506,3
A0A416W4H5,serine,Tri,0.3763730973005295,17
A0A416W4H5,serotonin,Di,0.16335388273000717,60
A0A416W4H5,serotonin,Mono,0.14386091381311417,64
A0A416W4H5,serotonin,Tri,0.2305266261100769,49
A0A416W4H5,threonine,Di,0.36870238184928894,19
A0A416W4H5,threonine,Mono,0.4019145220518112,9
A0A416W4H5,threonine,Tri,0.3143111318349838,28
A0A416W4H5,tryptamine,Di,0.11884554475545883,67
A0A416W4H5,tryptamine,Mono,0.09067505598068237,70
A0A416W4H5,tryptamine,Tri,0.1366034671664238,65
A0A416W4H5,tyramine,Di,0.13527658209204674,66
A0A416W4H5,tyramine,Mono,0.16773997247219086,58
A0A416W4H5,tyramine,Tri,0.15508617460727692,62
A0A5C2BYC4,"2,3_diaminopropionic acid",Di,0.31340402364730835,18
A0A5C2BYC4,"2,3_diaminopropionic acid",Mono,0.2591238468885422,28
A0A5C2BYC4,"2,3_diaminopropionic acid",Tri,0.3107674568891525,19
A0A5C2BYC4,2_aminophenol,Di,0.3551175892353058,8
A0A5C2BYC4,2_aminophenol,Mono,0.2991190254688263,23
A0A5C2BYC4,2_aminophenol,Tri,0.30392739176750183,21
A0A5C2BYC4,3_methoxytyramine,Di,0.04947500303387642,73
A0A5C2BYC4,3_methoxytyramine,Mono,0.06436104606837034,72
A0A5C2BYC4,3_methoxytyramine,Tri,0.03148343414068222,75
A0A5C2BYC4,alanine,Di,0.1312066651880741,68
A0A5C2BYC4,alanine,Mono,0.2038983255624771,43
A0A5C2BYC4,alanine,Tri,0.1332210712134838,67
A0A5C2BYC4,arginine,Di,0.1770779862999916,58
A0A5C2BYC4,arginine,Mono,0.21194137632846832,38
A0A5C2BYC4,arginine,Tri,0.21212999522686005,37
A0A5C2BYC4,asparagine,Di,0.2819841057062149,25
A0A5C2BYC4,asparagine,Mono,0.29837528616189957,24
A0A5C2BYC4,asparagine,Tri,0.273384191095829,27
A0A5C2BYC4,cadaverine,Di,0.1913730353116989,47
A0A5C2BYC4,cadaverine,Mono,0.18907248973846436,50
A0A5C2BYC4,cadaverine,Tri,0.1932968944311142,45
A0A5C2BYC4,citrulline,Di,0.31929393112659454,17
A0A5C2BYC4,citrulline,Mono,0.3371989130973816,10
A0A5C2BYC4,citrulline,Tri,0.29931671917438507,22
A0A5C2BYC4,cystine,Di,0.14516519010066986,65
A0A5C2BYC4,cystine,Mono,0.2237735390663147,32
A0A5C2BYC4,cystine,Tri,0.18238919228315353,54
A0A5C2BYC4,dopamine,Di,0.1633712351322174,63
A0A5C2BYC4,dopamine,Mono,0.18931153416633606,49
A0A5C2BYC4,dopamine,Tri,0.1733335629105568,59
A0A5C2BYC4,gaba,Di,0.17092515528202057,61
A0A5C2BYC4,gaba,Mono,0.18210098892450333,55
A0A5C2BYC4,gaba,Tri,0.1793728768825531,56
A0A5C2BYC4,glutamine,Di,0.35756802558898926,5
A0A5C2BYC4,glutamine,Mono,0.3261300027370453,14
A0A5C2BYC4,glutamine,Tri,0.2819472849369049,26
A0A5C2BYC4,glyglycine,Di,0.06692052818834782,71
A0A5C2BYC4,glyglycine,Mono,0.12058811262249947,69
A0A5C2BYC4,glyglycine,Tri,0.04047991707921028,74
A0A5C2BYC4,histidine,Di,0.30730025470256805,20
A0A5C2BYC4,histidine,Mono,0.3558650314807892,6
A0A5C2BYC4,histidine,Tri,0.3291616588830948,13
A0A5C2BYC4,lysine,Di,0.20861346274614334,40
A0A5C2BYC4,lysine,Mono,0.1922186240553856,46
A0A5C2BYC4,lysine,Tri,0.22191695123910904,33
A0A5C2BYC4,methionine,Di,0.119572963565588,70
A0A5C2BYC4,methionine,Mono,0.17856235802173615,57
A0A5C2BYC4,methionine,Tri,0.13563620671629906,66
A0A5C2BYC4,ornithine,Di,0.20688387006521225,42
A0A5C2BYC4,ornithine,Mono,0.190342977643013,48
A0A5C2BYC4,ornithine,Tri,0.2554744780063629,29
A0A5C2BYC4,phenylalanine,Di,0.36235344409942627,4
A0A5C2BYC4,phenylalanine,Mono,0.3635115772485733,3
A0A5C2BYC4,phenylalanine,Tri,0.32316258549690247,15
A0A5C2BYC4,proline,Di,0.203548826277256,44
A0A5C2BYC4,proline,Mono,0.3358336389064789,12
A0A5C2BYC4,proline,Tri,0.16603300720453262,62
A0A5C2BYC4,putrescine,Di,0.21922535449266434,34
A0A5C2BYC4,putrescine,Mono,0.2377704456448555,31
A0A5C2BYC4,putrescine,Tri,0.18802113085985184,51
A0A5C2BYC4,serine,Di,0.34493692219257355,9
A0A5C2BYC4,serine,Mono,0.35578618943691254,7
A0A5C2BYC4,serine,Tri,0.3198627680540085,16
A0A5C2BYC4,serotonin,Di,0.206989087164402,41
A0A5C2BYC4,serotonin,Mono,0.1849319413304329,52
A0A5C2BYC4,serotonin,Tri,0.24420218914747238,30
A0A5C2BYC4,threonine,Di,0.4065988212823868,1
A0A5C2BYC4,threonine,Mono,0.3779176324605942,2
A0A5C2BYC4,threonine,Tri,0.33651992678642273,11
A0A5C2BYC4,tryptamine,Di,0.17214931547641754,60
A0A5C2BYC4,tryptamine,Mono,0.14600810408592224,64
A0A5C2BYC4,tryptamine,Tri,0.18356192111968994,53
A0A5C2BYC4,tyramine,Di,0.21083052456378937,39
A0A5C2BYC4,tyramine,Mono,0.2131311297416687,36
A0A5C2BYC4,tyramine,Tri,0.21796386688947678,35
A0A5C2C0X5,"2,3_diaminopropionic acid",Di,0.40106192231178284,11
A0A5C2C0X5,"2,3_diaminopropionic acid",Mono,0.3249124437570572,28
A0A5C2C0X5,"2,3_diaminopropionic acid",Tri,0.36744385957717896,20
A0A5C2C0X5,2_aminophenol,Di,0.43403173983097076,3
A0A5C2C0X5,2_aminophenol,Mono,0.3518221974372864,23
A0A5C2C0X5,2_aminophenol,Tri,0.35874617099761963,22
A0A5C2C0X5,3_methoxytyramine,Di,0.14625024795532227,73
A0A5C2C0X5,3_methoxytyramine,Mono,0.15493729710578918,72
A0A5C2C0X5,3_methoxytyramine,Tri,0.11256205663084984,75
A0A5C2C0X5,alanine,Di,0.23610538244247437,61
A0A5C2C0X5,alanine,Mono,0.27114440500736237,42
A0A5C2C0X5,alanine,Tri,0.2199183776974678,67
A0A5C2C0X5,arginine,Di,0.22426289319992065,66
A0A5C2C0X5,arginine,Mono,0.2500719726085663,51
A0A5C2C0X5,arginine,Tri,0.23757416009902954,58
A0A5C2C0X5,asparagine,Di,0.3482424169778824,25
A0A5C2C0X5,asparagine,Mono,0.34833621978759766,24
A0A5C2C0X5,asparagine,Tri,0.3359259217977524,27
A0A5C2C0X5,cadaverine,Di,0.2656034082174301,44
A0A5C2C0X5,cadaverine,Mono,0.25176677107810974,49
A0A5C2C0X5,cadaverine,Tri,0.24485009908676147,54
A0A5C2C0X5,citrulline,Di,0.38878919184207916,15
A0A5C2C0X5,citrulline,Mono,0.4112718254327774,8
A0A5C2C0X5,citrulline,Tri,0.36128944158554077,21
A0A5C2C0X5,cystine,Di,0.21871210634708405,68
A0A5C2C0X5,cystine,Mono,0.27707259356975555,37
A0A5C2C0X5,cystine,Tri,0.2305578589439392,62
A0A5C2C0X5,dopamine,Di,0.25297126173973083,48
A0A5C2C0X5,dopamine,Mono,0.2635597065091133,46
A0A5C2C0X5,dopamine,Tri,0.2434629648923874,56
A0A5C2C0X5,gaba,Di,0.228982612490654,64
A0A5C2C0X5,gaba,Mono,0.2295895367860794,63
A0A5C2C0X5,gaba,Tri,0.23700779676437378,60
A0A5C2C0X5,glutamine,Di,0.4214814305305481,5
A0A5C2C0X5,glutamine,Mono,0.37779711186885834,19
A0A5C2C0X5,glutamine,Tri,0.3394807130098343,26
A0A5C2C0X5,glyglycine,Di,0.18145368248224258,71
A0A5C2C0X5,glyglycine,Mono,0.2161080166697502,69
A0A5C2C0X5,glyglycine,Tri,0.14012707024812698,74
A0A5C2C0X5,histidine,Di,0.37809816002845764,18
A0A5C2C0X5,histidine,Mono,0.40199440717697144,10
A0A5C2C0X5,histidine,Tri,0.39588020741939545,13
A0A5C2C0X5,lysine,Di,0.27670013904571533,40
A0A5C2C0X5,lysine,Mono,0.25617416948080063,47
A0A5C2C0X5,lysine,Tri,0.27687135338783264,39
A0A5C2C0X5,methionine,Di,0.21562305837869644,70
A0A5C2C0X5,methionine,Mono,0.2501041516661644,50
A0A5C2C0X5,methionine,Tri,0.22869844734668732,65
A0A5C2C0X5,ornithine,Di,0.27587826550006866,41
A0A5C2C0X5,ornithine,Mono,0.24767330288887024,53
A0A5C2C0X5,ornithine,Tri,0.2966478019952774,31
A0A5C2C0X5,phenylalanine,Di,0.4344734400510788,2
A0A5C2C0X5,phenylalanine,Mono,0.41536353528499603,7
A0A5C2C0X5,phenylalanine,Tri,0.3861369788646698,16
A0A5C2C0X5,proline,Di,0.2820858657360077,35
A0A5C2C0X5,proline,Mono,0.40311165153980255,9
A0A5C2C0X5,proline,Tri,0.24443979561328888,55
A0A5C2C0X5,putrescine,Di,0.28485870361328125,34
A0A5C2C0X5,putrescine,Mono,0.2920570373535156,33
A0A5C2C0X5,putrescine,Tri,0.2402612715959549,57
A0A5C2C0X5,serine,Di,0.4204917401075363,6
A0A5C2C0X5,serine,Mono,0.3988509625196457,12
A0A5C2C0X5,serine,Tri,0.3852507919073105,17
A0A5C2C0X5,serotonin,Di,0.2965639531612396,32
A0A5C2C0X5,serotonin,Mono,0.26624438166618347,43
A0A5C2C0X5,serotonin,Tri,0.30085599422454834,30
A0A5C2C0X5,threonine,Di,0.46585847437381744,1
A0A5C2C0X5,threonine,Mono,0.4328692853450775,4
A0A5C2C0X5,threonine,Tri,0.39491909742355347,14
A0A5C2C0X5,tryptamine,Di,0.2647174298763275,45
A0A5C2C0X5,tryptamine,Mono,0.23703312873840332,59
A0A5C2C0X5,tryptamine,Tri,0.24983876198530197,52
A0A5C2C0X5,tyramine,Di,0.30295756459236145,29
A0A5C2C0X5,tyramine,Mono,0.277214378118515,36
A0A5C2C0X5,tyramine,Tri,0.2770666778087616,38
A0A5C2C1U8,"2,3_diaminopropionic acid",Di,0.38675564527511597,20
A0A5C2C1U8,"2,3_diaminopropionic acid",Mono,0.3859468102455139,21
A0A5C2C1U8,"2,3_diaminopropionic acid",Tri,0.37241964042186737,26
A0A5C2C1U8,2_aminophenol,Di,0.4379104822874069,11
A0A5C2C1U8,2_aminophenol,Mono,0.4154660105705261,15
A0A5C2C1U8,2_aminophenol,Tri,0.3896566778421402,19
A0A5C2C1U8,3_methoxytyramine,Di,0.11338243260979652,74
A0A5C2C1U8,3_methoxytyramine,Mono,0.18027976155281067,72
A0A5C2C1U8,3_methoxytyramine,Tri,0.09835810214281082,75
A0A5C2C1U8,alanine,Di,0.24253305047750473,64
A0A5C2C1U8,alanine,Mono,0.34837497770786285,31
A0A5C2C1U8,alanine,Tri,0.24150730669498444,65
A0A5C2C1U8,arginine,Di,0.25816042721271515,59
A0A5C2C1U8,arginine,Mono,0.33060528337955475,33
A0A5C2C1U8,arginine,Tri,0.28973013162612915,50
A0A5C2C1U8,asparagine,Di,0.37838228046894073,23
A0A5C2C1U8,asparagine,Mono,0.43216410279273987,12
A0A5C2C1U8,asparagine,Tri,0.37404146790504456,25
A0A5C2C1U8,cadaverine,Di,0.291725292801857,47
A0A5C2C1U8,cadaverine,Mono,0.33083729445934296,32
A0A5C2C1U8,cadaverine,Tri,0.2860942780971527,51
A0A5C2C1U8,citrulline,Di,0.3705851882696152,27
A0A5C2C1U8,citrulline,Mono,0.4520416557788849,8
A0A5C2C1U8,citrulline,Tri,0.3585404008626938,29
A0A5C2C1U8,cystine,Di,0.22860953211784363,68
A0A5C2C1U8,cystine,Mono,0.35359857976436615,30
A0A5C2C1U8,cystine,Tri,0.2574979066848755,60
A0A5C2C1U8,dopamine,Di,0.24709174036979675,63
A0A5C2C1U8,dopamine,Mono,0.3014300614595413,45
A0A5C2C1U8,dopamine,Tri,0.22500266879796982,69
A0A5C2C1U8,gaba,Di,0.2590378373861313,58
A0A5C2C1U8,gaba,Mono,0.32208599150180817,37
A0A5C2C1U8,gaba,Tri,0.2652835175395012,57
A0A5C2C1U8,glutamine,Di,0.443976566195488,9
A0A5C2C1U8,glutamine,Mono,0.45751863718032837,6
A0A5C2C1U8,glutamine,Tri,0.3786761313676834,22
A0A5C2C1U8,glyglycine,Di,0.18393751978874207,71
A0A5C2C1U8,glyglycine,Mono,0.27162301540374756,54
A0A5C2C1U8,glyglycine,Tri,0.1344839222729206,73
A0A5C2C1U8,histidine,Di,0.3995233029127121,18
A0A5C2C1U8,histidine,Mono,0.4749221205711365,4
A0A5C2C1U8,histidine,Tri,0.41798771917819977,14
A0A5C2C1U8,lysine,Di,0.3066199719905853,42
A0A5C2C1U8,lysine,Mono,0.32423488795757294,36
A0A5C2C1U8,lysine,Tri,0.31469491124153137,40
A0A5C2C1U8,methionine,Di,0.22273945063352585,70
A0A5C2C1U8,methionine,Mono,0.3262379467487335,35
A0A5C2C1U8,methionine,Tri,0.24077355861663818,66
A0A5C2C1U8,ornithine,Di,0.2903803884983063,49
A0A5C2C1U8,ornithine,Mono,0.31975966691970825,39
A0A5C2C1U8,ornithine,Tri,0.3288416266441345,34
A0A5C2C1U8,phenylalanine,Di,0.4579744040966034,5
A0A5C2C1U8,phenylalanine,Mono,0.4890309274196625,1
A0A5C2C1U8,phenylalanine,Tri,0.4068553149700165,17
A0A5C2C1U8,proline,Di,0.28221380710601807,52
A0A5C2C1U8,proline,Mono,0.456241250038147,7
A0A5C2C1U8,proline,Tri,0.2699924185872078,56
A0A5C2C1U8,putrescine,Di,0.30449178814888,44
A0A5C2C1U8,putrescine,Mono,0.36843232810497284,28
A0A5C2C1U8,putrescine,Tri,0.2719687223434448,53
A0A5C2C1U8,serine,Di,0.42808471620082855,13
A0A5C2C1U8,serine,Mono,0.4852454513311386,2
A0A5C2C1U8,serine,Tri,0.4114145189523697,16
A0A5C2C1U8,serotonin,Di,0.3058452606201172,43
A0A5C2C1U8,serotonin,Mono,0.29959408938884735,46
A0A5C2C1U8,serotonin,Tri,0.3121837079524994,41
A0A5C2C1U8,threonine,Di,0.43996351957321167,10
A0A5C2C1U8,threonine,Mono,0.4759404957294464,3
A0A5C2C1U8,threonine,Tri,0.3777640461921692,24
A0A5C2C1U8,tryptamine,Di,0.2528582438826561,62
A0A5C2C1U8,tryptamine,Mono,0.2537165507674217,61
A0A5C2C1U8,tryptamine,Tri,0.23165077716112137,67
A0A5C2C1U8,tyramine,Di,0.29131531715393066,48
A0A5C2C1U8,tyramine,Mono,0.32105374336242676,38
A0A5C2C1U8,tyramine,Tri,0.27105996012687683,55
A0A6B3M9R4,"2,3_diaminopropionic acid",Di,0.37413863837718964,19
A0A6B3M9R4,"2,3_diaminopropionic acid",Mono,0.419844850897789,11
A0A6B3M9R4,"2,3_diaminopropionic acid",Tri,0.3306650370359421,35
A0A6B3M9R4,2_aminophenol,Di,0.412037655711174,14
A0A6B3M9R4,2_aminophenol,Mono,0.43929605185985565,9
A0A6B3M9R4,2_aminophenol,Tri,0.34215645492076874,30
A0A6B3M9R4,3_methoxytyramine,Di,0.05689626932144165,75
A0A6B3M9R4,3_methoxytyramine,Mono,0.13571857661008835,72
A0A6B3M9R4,3_methoxytyramine,Tri,0.061123037710785866,74
A0A6B3M9R4,alanine,Di,0.2798794060945511,44
A0A6B3M9R4,alanine,Mono,0.39040540158748627,17
A0A6B3M9R4,alanine,Tri,0.25924432277679443,52
A0A6B3M9R4,arginine,Di,0.2867033928632736,43
A0A6B3M9R4,arginine,Mono,0.36056122183799744,24
A0A6B3M9R4,arginine,Tri,0.3202383816242218,38
A0A6B3M9R4,asparagine,Di,0.3537617623806,27
A0A6B3M9R4,asparagine,Mono,0.44453194737434387,8
A0A6B3M9R4,asparagine,Tri,0.32756537199020386,36
A0A6B3M9R4,cadaverine,Di,0.27910590171813965,46
A0A6B3M9R4,cadaverine,Mono,0.3680579662322998,21
A0A6B3M9R4,cadaverine,Tri,0.2717404067516327,47
A0A6B3M9R4,citrulline,Di,0.3587190806865692,26
A0A6B3M9R4,citrulline,Mono,0.4848669171333313,4
A0A6B3M9R4,citrulline,Tri,0.3443504571914673,29
A0A6B3M9R4,cystine,Di,0.21967919170856476,64
A0A6B3M9R4,cystine,Mono,0.3483022451400757,28
A0A6B3M9R4,cystine,Tri,0.21971255540847778,63
A0A6B3M9R4,dopamine,Di,0.1872103363275528,69
A0A6B3M9R4,dopamine,Mono,0.2486192137002945,55
A0A6B3M9R4,dopamine,Tri,0.14730455726385117,71
A0A6B3M9R4,gaba,Di,0.2331012487411499,60
A0A6B3M9R4,gaba,Mono,0.3351237177848816,33
A0A6B3M9R4,gaba,Tri,0.23337944597005844,59
A0A6B3M9R4,glutamine,Di,0.42128659784793854,10
A0A6B3M9R4,glutamine,Mono,0.478828564286232,5
A0A6B3M9R4,glutamine,Tri,0.34207770228385925,31
A0A6B3M9R4,glyglycine,Di,0.18891248852014542,67
A0A6B3M9R4,glyglycine,Mono,0.29371853172779083,41
A0A6B3M9R4,glyglycine,Tri,0.09825612977147102,73
A0A6B3M9R4,histidine,Di,0.39943230152130127,16
A0A6B3M9R4,histidine,Mono,0.4890565276145935,3
A0A6B3M9R4,histidine,Tri,0.3727882206439972,20
A0A6B3M9R4,lysine,Di,0.28889183700084686,42
A0A6B3M9R4,lysine,Mono,0.33777087926864624,32
A0A6B3M9R4,lysine,Tri,0.29741546511650085,39
A0A6B3M9R4,methionine,Di,0.2349241077899933,58
A0A6B3M9R4,methionine,Mono,0.3648509979248047,22
A0A6B3M9R4,methionine,Tri,0.24608202278614044,57
A0A6B3M9R4,ornithine,Di,0.27965445816516876,45
A0A6B3M9R4,ornithine,Mono,0.3334665447473526,34
A0A6B3M9R4,ornithine,Tri,0.29723256826400757,40
A0A6B3M9R4,phenylalanine,Di,0.41629767417907715,13
A0A6B3M9R4,phenylalanine,Mono,0.4944000840187073,2
A0A6B3M9R4,phenylalanine,Tri,0.35958731174468994,25
A0A6B3M9R4,proline,Di,0.24720412492752075,56
A0A6B3M9R4,proline,Mono,0.46350087225437164,7
A0A6B3M9R4,proline,Tri,0.2678937613964081,48
A0A6B3M9R4,putrescine,Di,0.26694057881832123,49
A0A6B3M9R4,putrescine,Mono,0.3846578299999237,18
A0A6B3M9R4,putrescine,Tri,0.2322666198015213,61
A0A6B3M9R4,serine,Di,0.4042912423610687,15
A0A6B3M9R4,serine,Mono,0.5049071758985519,1
A0A6B3M9R4,serine,Tri,0.3613324761390686,23
A0A6B3M9R4,serotonin,Di,0.25665974617004395,53
A0A6B3M9R4,serotonin,Mono,0.26589666306972504,50
A0A6B3M9R4,serotonin,Tri,0.2527551054954529,54
A0A6B3M9R4,threonine,Di,0.4180504083633423,12
A0A6B3M9R4,threonine,Mono,0.466988742351532,6
A0A6B3M9R4,threonine,Tri,0.32268282771110535,37
A0A6B3M9R4,tryptamine,Di,0.19840766489505768,66
A0A6B3M9R4,tryptamine,Mono,0.21712136268615723,65
A0A6B3M9R4,tryptamine,Tri,0.17239419370889664,70
A0A6B3M9R4,tyramine,Di,0.2215540036559105,62
A0A6B3M9R4,tyramine,Mono,0.2627292275428772,51
A0A6B3M9R4,tyramine,Tri,0.18779610097408295,68
A0A6B3MYR8,"2,3_diaminopropionic acid",Di,0.30588042736053467,23
A0A6B3MYR8,"2,3_diaminopropionic acid",Mono,0.29532182216644287,26
A0A6B3MYR8,"2,3_diaminopropionic acid",Tri,0.30564412474632263,24
A0A6B3MYR8,2_aminophenol,Di,0.348588302731514,15
A0A6B3MYR8,2_aminophenol,Mono,0.318478524684906,21
A0A6B3MYR8,2_aminophenol,Tri,0.30120548605918884,25
A0A6B3MYR8,3_methoxytyramine,Di,0.14152316004037857,72
A0A6B3MYR8,3_methoxytyramine,Mono,0.10081415250897408,74
A0A6B3MYR8,3_methoxytyramine,Tri,0.1010289192199707,73
A0A6B3MYR8,alanine,Di,0.18739302456378937,57
A0A6B3MYR8,alanine,Mono,0.27149245887994766,27
A0A6B3MYR8,alanine,Tri,0.19845575839281082,51
A0A6B3MYR8,arginine,Di,0.20156095921993256,49
A0A6B3MYR8,arginine,Mono,0.23755241930484772,34
A0A6B3MYR8,arginine,Tri,0.22270873934030533,41
A0A6B3MYR8,asparagine,Di,0.3326164036989212,19
A0A6B3MYR8,asparagine,Mono,0.3650365099310875,11
A0A6B3MYR8,asparagine,Tri,0.3387798070907593,18
A0A6B3MYR8,cadaverine,Di,0.2142288088798523,44
A0A6B3MYR8,cadaverine,Mono,0.24169842898845673,33
A0A6B3MYR8,cadaverine,Tri,0.22104595601558685,42
A0A6B3MYR8,citrulline,Di,0.2699913904070854,28
A0A6B3MYR8,citrulline,Mono,0.3635292053222656,12
A0A6B3MYR8,citrulline,Tri,0.2614610493183136,30
A0A6B3MYR8,cystine,Di,0.15279235690832138,68
A0A6B3MYR8,cystine,Mono,0.24254777282476425,32
A0A6B3MYR8,cystine,Tri,0.18116476386785507,61
A0A6B3MYR8,dopamine,Di,0.16938339173793793,64
A0A6B3MYR8,dopamine,Mono,0.19419223070144653,54
A0A6B3MYR8,dopamine,Tri,0.1585688441991806,66
A0A6B3MYR8,gaba,Di,0.1848575919866562,59
A0A6B3MYR8,gaba,Mono,0.22764712572097778,37
A0A6B3MYR8,gaba,Tri,0.19274070858955383,55
A0A6B3MYR8,glutamine,Di,0.36719846725463867,9
A0A6B3MYR8,glutamine,Mono,0.37045033276081085,8
A0A6B3MYR8,glutamine,Tri,0.3235204219818115,20
A0A6B3MYR8,glyglycine,Di,0.15763240307569504,67
A0A6B3MYR8,glyglycine,Mono,0.19775976240634918,52
A0A6B3MYR8,glyglycine,Tri,0.08510805293917656,75
A0A6B3MYR8,histidine,Di,0.36588679254055023,10
A0A6B3MYR8,histidine,Mono,0.40750232338905334,3
A0A6B3MYR8,histidine,Tri,0.35477906465530396,14
A0A6B3MYR8,lysine,Di,0.23440565168857574,36
A0A6B3MYR8,lysine,Mono,0.2275008037686348,38
A0A6B3MYR8,lysine,Tri,0.22446368634700775,39
A0A6B3MYR8,methionine,Di,0.14283113181591034,71
A0A6B3MYR8,methionine,Mono,0.2480214685201645,31
A0A6B3MYR8,methionine,Tri,0.17557665705680847,63
A0A6B3MYR8,ornithine,Di,0.20786552876234055,47
A0A6B3MYR8,ornithine,Mono,0.2156471535563469,43
A0A6B3MYR8,ornithine,Tri,0.2350592017173767,35
A0A6B3MYR8,phenylalanine,Di,0.42964015901088715,2
A0A6B3MYR8,phenylalanine,Mono,0.43531857430934906,1
A0A6B3MYR8,phenylalanine,Tri,0.37685276567935944,5
A0A6B3MYR8,proline,Di,0.2051822766661644,48
A0A6B3MYR8,proline,Mono,0.3707408457994461,7
A0A6B3MYR8,proline,Tri,0.22380121052265167,40
A0A6B3MYR8,putrescine,Di,0.213687501847744,45
A0A6B3MYR8,putrescine,Mono,0.2668406143784523,29
A0A6B3MYR8,putrescine,Tri,0.19718262553215027,53
A0A6B3MYR8,serine,Di,0.37264707684516907,6
A0A6B3MYR8,serine,Mono,0.39756856858730316,4
A0A6B3MYR8,serine,Tri,0.3398677557706833,17
A0A6B3MYR8,serotonin,Di,0.1920137107372284,56
A0A6B3MYR8,serotonin,Mono,0.17859530448913574,62
A0A6B3MYR8,serotonin,Tri,0.20834697782993317,46
A0A6B3MYR8,threonine,Di,0.34670019149780273,16
A0A6B3MYR8,threonine,Mono,0.3617522269487381,13
A0A6B3MYR8,threonine,Tri,0.30732646584510803,22
A0A6B3MYR8,tryptamine,Di,0.16709819436073303,65
A0A6B3MYR8,tryptamine,Mono,0.1496017426252365,70
A0A6B3MYR8,tryptamine,Tri,0.15244273096323013,69
A0A6B3MYR8,tyramine,Di,0.1842026263475418,60
A0A6B3MYR8,tyramine,Mono,0.1985386461019516,50
A0A6B3MYR8,tyramine,Tri,0.18728447705507278,58
A0A6B3PBB6,"2,3_diaminopropionic acid",Di,0.33078357577323914,20
A0A6B3PBB6,"2,3_diaminopropionic acid",Mono,0.31786395609378815,23
A0A6B3PBB6,"2,3_diaminopropionic acid",Tri,0.32313260436058044,21
A0A6B3PBB6,2_aminophenol,Di,0.34360821545124054,16
A0A6B3PBB6,2_aminophenol,Mono,0.33575962483882904,18
A0A6B3PBB6,2_aminophenol,Tri,0.2957262098789215,28
A0A6B3PBB6,3_methoxytyramine,Di,0.05061188526451588,74
A0A6B3PBB6,3_methoxytyramine,Mono,0.056496761739254,73
A0A6B3PBB6,3_methoxytyramine,Tri,0.044631993398070335,75
A0A6B3PBB6,alanine,Di,0.19885116070508957,55
A0A6B3PBB6,alanine,Mono,0.2948634773492813,29
A0A6B3PBB6,alanine,Tri,0.21709111332893372,51
A0A6B3PBB6,arginine,Di,0.24262990802526474,41
A0A6B3PBB6,arginine,Mono,0.2580702528357506,34
A0A6B3PBB6,arginine,Tri,0.2649286240339279,32
A0A6B3PBB6,asparagine,Di,0.31723564863204956,24
A0A6B3PBB6,asparagine,Mono,0.3827563524246216,10
A0A6B3PBB6,asparagine,Tri,0.321963295340538,22
A0A6B3PBB6,cadaverine,Di,0.23158752918243408,46
A0A6B3PBB6,cadaverine,Mono,0.25969238579273224,33
A0A6B3PBB6,cadaverine,Tri,0.2438158243894577,38
A0A6B3PBB6,citrulline,Di,0.30118273198604584,26
A0A6B3PBB6,citrulline,Mono,0.3901260793209076,6
A0A6B3PBB6,citrulline,Tri,0.297590509057045,27
A0A6B3PBB6,cystine,Di,0.15203885734081268,68
A0A6B3PBB6,cystine,Mono,0.2550913989543915,36
A0A6B3PBB6,cystine,Tri,0.1865812912583351,61
A0A6B3PBB6,dopamine,Di,0.16695411503314972,65
A0A6B3PBB6,dopamine,Mono,0.18119675666093826,63
A0A6B3PBB6,dopamine,Tri,0.14731063693761826,70
A0A6B3PBB6,gaba,Di,0.18717259913682938,60
A0A6B3PBB6,gaba,Mono,0.24387141317129135,37
A0A6B3PBB6,gaba,Tri,0.20516446232795715,53
A0A6B3PBB6,glutamine,Di,0.38444387912750244,9
A0A6B3PBB6,glutamine,Mono,0.39706307649612427,5
A0A6B3PBB6,glutamine,Tri,0.33120863139629364,19
A0A6B3PBB6,glyglycine,Di,0.13610054552555084,71
A0A6B3PBB6,glyglycine,Mono,0.19693349301815033,56
A0A6B3PBB6,glyglycine,Tri,0.06990495137870312,72
A0A6B3PBB6,histidine,Di,0.36222997307777405,13
A0A6B3PBB6,histidine,Mono,0.41985587775707245,2
A0A6B3PBB6,histidine,Tri,0.3518102616071701,15
A0A6B3PBB6,lysine,Di,0.24282245337963104,40
A0A6B3PBB6,lysine,Mono,0.23866020143032074,42
A0A6B3PBB6,lysine,Tri,0.24320702254772186,39
A0A6B3PBB6,methionine,Di,0.16431212425231934,66
A0A6B3PBB6,methionine,Mono,0.26797088980674744,31
A0A6B3PBB6,methionine,Tri,0.19643591344356537,57
A0A6B3PBB6,ornithine,Di,0.22665878385305405,48
A0A6B3PBB6,ornithine,Mono,0.23257523775100708,45
A0A6B3PBB6,ornithine,Tri,0.2567107528448105,35
A0A6B3PBB6,phenylalanine,Di,0.39957334101200104,4
A0A6B3PBB6,phenylalanine,Mono,0.43230268359184265,1
A0A6B3PBB6,phenylalanine,Tri,0.3536103665828705,14
A0A6B3PBB6,proline,Di,0.2199854999780655,49
A0A6B3PBB6,proline,Mono,0.39009077847003937,7
A0A6B3PBB6,proline,Tri,0.23777052760124207,43
A0A6B3PBB6,putrescine,Di,0.2364555299282074,44
A0A6B3PBB6,putrescine,Mono,0.29332391917705536,30
A0A6B3PBB6,putrescine,Tri,0.21787100285291672,50
A0A6B3PBB6,serine,Di,0.362878754734993,12
A0A6B3PBB6,serine,Mono,0.4133375585079193,3
A0A6B3PBB6,serine,Tri,0.33709482848644257,17
A0A6B3PBB6,serotonin,Di,0.20753280818462372,52
A0A6B3PBB6,serotonin,Mono,0.18476756662130356,62
A0A6B3PBB6,serotonin,Tri,0.229041688144207,47
A0A6B3PBB6,threonine,Di,0.3724786043167114,11
A0A6B3PBB6,threonine,Mono,0.3886035084724426,8
A0A6B3PBB6,threonine,Tri,0.30646342039108276,25
A0A6B3PBB6,tryptamine,Di,0.1790294498205185,64
A0A6B3PBB6,tryptamine,Mono,0.15178044140338898,69
A0A6B3PBB6,tryptamine,Tri,0.15973445773124695,67
A0A6B3PBB6,tyramine,Di,0.19904382526874542,54
A0A6B3PBB6,tyramine,Mono,0.1963154450058937,58
A0A6B3PBB6,tyramine,Tri,0.1909952387213707,59
A0A6B3PFJ7,"2,3_diaminopropionic acid",Di,0.3555750995874405,19
A0A6B3PFJ7,"2,3_diaminopropionic acid",Mono,0.4093392789363861,9
A0A6B3PFJ7,"2,3_diaminopropionic acid",Tri,0.3446575999259949,25
A0A6B3PFJ7,2_aminophenol,Di,0.3771866708993912,15
A0A6B3PFJ7,2_aminophenol,Mono,0.4159781038761139,8
A0A6B3PFJ7,2_aminophenol,Tri,0.341084823012352,28
A0A6B3PFJ7,3_methoxytyramine,Di,0.13414330035448074,73
A0A6B3PFJ7,3_methoxytyramine,Mono,0.1550721749663353,72
A0A6B3PFJ7,3_methoxytyramine,Tri,0.12489813566207886,74
A0A6B3PFJ7,alanine,Di,0.23644356429576874,55
A0A6B3PFJ7,alanine,Mono,0.35973671078681946,17
A0A6B3PFJ7,alanine,Tri,0.2213307023048401,58
A0A6B3PFJ7,arginine,Di,0.2954741269350052,39
A0A6B3PFJ7,arginine,Mono,0.384458065032959,13
A0A6B3PFJ7,arginine,Tri,0.29713527858257294,37
A0A6B3PFJ7,asparagine,Di,0.3185666650533676,33
A0A6B3PFJ7,asparagine,Mono,0.403073251247406,10
A0A6B3PFJ7,asparagine,Tri,0.32889464497566223,31
A0A6B3PFJ7,cadaverine,Di,0.27389296889305115,44
A0A6B3PFJ7,cadaverine,Mono,0.3654883801937103,16
A0A6B3PFJ7,cadaverine,Tri,0.2559102475643158,50
A0A6B3PFJ7,citrulline,Di,0.31528350710868835,34
A0A6B3PFJ7,citrulline,Mono,0.44335782527923584,5
A0A6B3PFJ7,citrulline,Tri,0.29685741662979126,38
A0A6B3PFJ7,cystine,Di,0.20028352737426758,65
A0A6B3PFJ7,cystine,Mono,0.35104332864284515,23
A0A6B3PFJ7,cystine,Tri,0.2527899593114853,51
A0A6B3PFJ7,dopamine,Di,0.19407697767019272,66
A0A6B3PFJ7,dopamine,Mono,0.260294571518898,49
A0A6B3PFJ7,dopamine,Tri,0.16521887481212616,69
A0A6B3PFJ7,gaba,Di,0.23596692830324173,56
A0A6B3PFJ7,gaba,Mono,0.3542937934398651,20
A0A6B3PFJ7,gaba,Tri,0.2025912180542946,64
A0A6B3PFJ7,glutamine,Di,0.35927996039390564,18
A0A6B3PFJ7,glutamine,Mono,0.4250032305717468,7
A0A6B3PFJ7,glutamine,Tri,0.32256606221199036,32
A0A6B3PFJ7,glyglycine,Di,0.20701190829277039,62
A0A6B3PFJ7,glyglycine,Mono,0.29217448830604553,40
A0A6B3PFJ7,glyglycine,Tri,0.10740344971418381,75
A0A6B3PFJ7,histidine,Di,0.34315747022628784,26
A0A6B3PFJ7,histidine,Mono,0.4338577687740326,6
A0A6B3PFJ7,histidine,Tri,0.3311043232679367,30
A0A6B3PFJ7,lysine,Di,0.29188796877861023,41
A0A6B3PFJ7,lysine,Mono,0.35344381630420685,21
A0A6B3PFJ7,lysine,Tri,0.2680559456348419,47
A0A6B3PFJ7,methionine,Di,0.17452622950077057,67
A0A6B3PFJ7,methionine,Mono,0.2977534607052803,36
A0A6B3PFJ7,methionine,Tri,0.1576264351606369,71
A0A6B3PFJ7,ornithine,Di,0.27376335859298706,45
A0A6B3PFJ7,ornithine,Mono,0.33811014890670776,29
A0A6B3PFJ7,ornithine,Tri,0.2749541401863098,43
A0A6B3PFJ7,phenylalanine,Di,0.4025481045246124,11
A0A6B3PFJ7,phenylalanine,Mono,0.46130111813545227,2
A0A6B3PFJ7,phenylalanine,Tri,0.352135568857193,22
A0A6B3PFJ7,proline,Di,0.2459138035774231,54
A0A6B3PFJ7,proline,Mono,0.45330289006233215,4
A0A6B3PFJ7,proline,Tri,0.2658744603395462,48
A0A6B3PFJ7,putrescine,Di,0.27062471210956573,46
A0A6B3PFJ7,putrescine,Mono,0.39590175449848175,12
A0A6B3PFJ7,putrescine,Tri,0.22004135698080063,59
A0A6B3PFJ7,serine,Di,0.3477420508861542,24
A0A6B3PFJ7,serine,Mono,0.4686543643474579,1
A0A6B3PFJ7,serine,Tri,0.3425571471452713,27
A0A6B3PFJ7,serotonin,Di,0.22436989098787308,57
A0A6B3PFJ7,serotonin,Mono,0.25051792711019516,52
A0A6B3PFJ7,serotonin,Tri,0.24898852407932281,53
A0A6B3PFJ7,threonine,Di,0.3782467693090439,14
A0A6B3PFJ7,threonine,Mono,0.4603733420372009,3
A0A6B3PFJ7,threonine,Tri,0.31412234902381897,35
A0A6B3PFJ7,tryptamine,Di,0.16826994717121124,68
A0A6B3PFJ7,tryptamine,Mono,0.20335562527179718,63
A0A6B3PFJ7,tryptamine,Tri,0.16374997049570084,70
A0A6B3PFJ7,tyramine,Di,0.21640866249799728,60
A0A6B3PFJ7,tyramine,Mono,0.2767406553030014,42
A0A6B3PFJ7,tyramine,Tri,0.20979516208171844,61
A0A6N3FX58,"2,3_diaminopropionic acid",Di,0.3304831236600876,14
A0A6N3FX58,"2,3_diaminopropionic acid",Mono,0.2741555795073509,28
A0A6N3FX58,"2,3_diaminopropionic acid",Tri,0.327238529920578,15
A0A6N3FX58,2_aminophenol,Di,0.3488062918186188,10
A0A6N3FX58,2_aminophenol,Mono,0.29926474392414093,23
A0A6N3FX58,2_aminophenol,Tri,0.29688557982444763,24
A0A6N3FX58,3_methoxytyramine,Di,0.06733702402561903,74
A0A6N3FX58,3_methoxytyramine,Mono,0.08110450766980648,72
A0A6N3FX58,3_methoxytyramine,Tri,0.0662336926907301,75
A0A6N3FX58,alanine,Di,0.16416361927986145,68
A0A6N3FX58,alanine,Mono,0.23074449598789215,38
A0A6N3FX58,alanine,Tri,0.17415504902601242,64
A0A6N3FX58,arginine,Di,0.2267923727631569,42
A0A6N3FX58,arginine,Mono,0.2391626238822937,35
A0A6N3FX58,arginine,Tri,0.24035649746656418,33
A0A6N3FX58,asparagine,Di,0.2800784781575203,26
A0A6N3FX58,asparagine,Mono,0.3153340741991997,20
A0A6N3FX58,asparagine,Tri,0.2781035006046295,27
A0A6N3FX58,cadaverine,Di,0.1976294293999672,57
A0A6N3FX58,cadaverine,Mono,0.20316654443740845,53
A0A6N3FX58,cadaverine,Tri,0.21564354747533798,45
A0A6N3FX58,citrulline,Di,0.31648455560207367,19
A0A6N3FX58,citrulline,Mono,0.35857340693473816,8
A0A6N3FX58,citrulline,Tri,0.30416037142276764,22
A0A6N3FX58,cystine,Di,0.14458077400922775,69
A0A6N3FX58,cystine,Mono,0.22716067731380463,41
A0A6N3FX58,cystine,Tri,0.19289761036634445,61
A0A6N3FX58,dopamine,Di,0.19544371962547302,60
A0A6N3FX58,dopamine,Mono,0.2136884480714798,47
A0A6N3FX58,dopamine,Tri,0.19569380581378937,59
A0A6N3FX58,gaba,Di,0.17390431463718414,65
A0A6N3FX58,gaba,Mono,0.1983138769865036,56
A0A6N3FX58,gaba,Tri,0.19673719257116318,58
A0A6N3FX58,glutamine,Di,0.3613971024751663,6
A0A6N3FX58,glutamine,Mono,0.33263006061315536,13
A0A6N3FX58,glutamine,Tri,0.2917982041835785,25
A0A6N3FX58,glyglycine,Di,0.11375010013580322,71
A0A6N3FX58,glyglycine,Mono,0.16499914973974228,67
A0A6N3FX58,glyglycine,Tri,0.07452238351106644,73
A0A6N3FX58,histidine,Di,0.3114386796951294,21
A0A6N3FX58,histidine,Mono,0.3625786527991295,5
A0A6N3FX58,histidine,Tri,0.32545214891433716,16
A0A6N3FX58,lysine,Di,0.21609065681695938,44
A0A6N3FX58,lysine,Mono,0.20102828741073608,55
A0A6N3FX58,lysine,Tri,0.22757306694984436,40
A0A6N3FX58,methionine,Di,0.14165310561656952,70
A0A6N3FX58,methionine,Mono,0.20198434591293335,54
A0A6N3FX58,methionine,Tri,0.16535775363445282,66
A0A6N3FX58,ornithine,Di,0.21048567444086075,49
A0A6N3FX58,ornithine,Mono,0.19139299541711807,62
A0A6N3FX58,ornithine,Tri,0.24887482821941376,31
A0A6N3FX58,phenylalanine,Di,0.37619632482528687,3
A0A6N3FX58,phenylalanine,Mono,0.3758323937654495,4
A0A6N3FX58,phenylalanine,Tri,0.3234037756919861,17
A0A6N3FX58,proline,Di,0.23502902686595917,37
A0A6N3FX58,proline,Mono,0.3606967180967331,7
A0A6N3FX58,proline,Tri,0.2123434916138649,48
A0A6N3FX58,putrescine,Di,0.22345968335866928,43
A0A6N3FX58,putrescine,Mono,0.2524638846516609,30
A0A6N3FX58,putrescine,Tri,0.2046670764684677,51
A0A6N3FX58,serine,Di,0.3422829210758209,11
A0A6N3FX58,serine,Mono,0.349919393658638,9
A0A6N3FX58,serine,Tri,0.3178059607744217,18
A0A6N3FX58,serotonin,Di,0.2396206185221672,34
A0A6N3FX58,serotonin,Mono,0.2144625335931778,46
A0A6N3FX58,serotonin,Tri,0.2633778974413872,29
A0A6N3FX58,threonine,Di,0.4078778326511383,1
A0A6N3FX58,threonine,Mono,0.3778556138277054,2
A0A6N3FX58,threonine,Tri,0.34206074476242065,12
A0A6N3FX58,tryptamine,Di,0.20807475596666336,50
A0A6N3FX58,tryptamine,Mono,0.1818380057811737,63
A0A6N3FX58,tryptamine,Tri,0.20395087450742722,52
A0A6N3FX58,tyramine,Di,0.24623049795627594,32
A0A6N3FX58,tyramine,Mono,0.2298203706741333,39
A0A6N3FX58,tyramine,Tri,0.23704709112644196,36
A0A7K1GNS5,"2,3_diaminopropionic acid",Di,0.3089311122894287,23
A0A7K1GNS5,"2,3_diaminopropionic acid",Mono,0.3274564743041992,19
A0A7K1GNS5,"2,3_diaminopropionic acid",Tri,0.2969449907541275,26
A0A7K1GNS5,2_aminophenol,Di,0.34927478432655334,17
A0A7K1GNS5,2_aminophenol,Mono,0.3610938936471939,12
A0A7K1GNS5,2_aminophenol,Tri,0.31136325001716614,20
A0A7K1GNS5,3_methoxytyramine,Di,0.04711734689772129,73
A0A7K1GNS5,3_methoxytyramine,Mono,0.07358074001967907,72
A0A7K1GNS5,3_methoxytyramine,Tri,0.028956377878785133,75
A0A7K1GNS5,alanine,Di,0.17483559995889664,56
A0A7K1GNS5,alanine,Mono,0.2818758860230446,29
A0A7K1GNS5,alanine,Tri,0.17257123440504074,58
A0A7K1GNS5,arginine,Di,0.19926348328590393,47
A0A7K1GNS5,arginine,Mono,0.2605316638946533,33
A0A7K1GNS5,arginine,Tri,0.2575666606426239,35
A0A7K1GNS5,asparagine,Di,0.3104669004678726,22
A0A7K1GNS5,asparagine,Mono,0.38508908450603485,8
A0A7K1GNS5,asparagine,Tri,0.3109267055988312,21
A0A7K1GNS5,cadaverine,Di,0.2158789336681366,43
A0A7K1GNS5,cadaverine,Mono,0.2762380689382553,30
A0A7K1GNS5,cadaverine,Tri,0.22533836960792542,42
A0A7K1GNS5,citrulline,Di,0.2857658267021179,28
A0A7K1GNS5,citrulline,Mono,0.39660386741161346,5
A0A7K1GNS5,citrulline,Tri,0.2732589989900589,32
A0A7K1GNS5,cystine,Di,0.1500551998615265,65
A0A7K1GNS5,cystine,Mono,0.2603682726621628,34
A0A7K1GNS5,cystine,Tri,0.1694324016571045,59
A0A7K1GNS5,dopamine,Di,0.12954159080982208,69
A0A7K1GNS5,dopamine,Mono,0.17819031327962875,55
A0A7K1GNS5,dopamine,Tri,0.11958421021699905,70
A0A7K1GNS5,gaba,Di,0.154885895550251,63
A0A7K1GNS5,gaba,Mono,0.24286334216594696,40
A0A7K1GNS5,gaba,Tri,0.18296097218990326,52
A0A7K1GNS5,glutamine,Di,0.3678698390722275,10
A0A7K1GNS5,glutamine,Mono,0.41501694917678833,4
A0A7K1GNS5,glutamine,Tri,0.30575405061244965,24
A0A7K1GNS5,glyglycine,Di,0.11913041770458221,71
A0A7K1GNS5,glyglycine,Mono,0.18425302952528,51
A0A7K1GNS5,glyglycine,Tri,0.036758968606591225,74
A0A7K1GNS5,histidine,Di,0.3631217032670975,11
A0A7K1GNS5,histidine,Mono,0.4423752725124359,3
A0A7K1GNS5,histidine,Tri,0.35452404618263245,14
A0A7K1GNS5,lysine,Di,0.2296024039387703,41
A0A7K1GNS5,lysine,Mono,0.2532487213611603,37
A0A7K1GNS5,lysine,Tri,0.2528359591960907,38
A0A7K1GNS5,methionine,Di,0.1508236676454544,64
A0A7K1GNS5,methionine,Mono,0.2751089930534363,31
A0A7K1GNS5,methionine,Tri,0.18017390370368958,53
A0A7K1GNS5,ornithine,Di,0.21278682351112366,44
A0A7K1GNS5,ornithine,Mono,0.2524154335260391,39
A0A7K1GNS5,ornithine,Tri,0.2553260624408722,36
A0A7K1GNS5,phenylalanine,Di,0.3880026340484619,7
A0A7K1GNS5,phenylalanine,Mono,0.44683434069156647,1
A0A7K1GNS5,phenylalanine,Tri,0.34955938160419464,16
A0A7K1GNS5,proline,Di,0.1649913564324379,60
A0A7K1GNS5,proline,Mono,0.3816453218460083,9
A0A7K1GNS5,proline,Tri,0.1917889565229416,50
A0A7K1GNS5,putrescine,Di,0.20688123255968094,45
A0A7K1GNS5,putrescine,Mono,0.29965418577194214,25
A0A7K1GNS5,putrescine,Tri,0.2012772262096405,46
A0A7K1GNS5,serine,Di,0.3544633686542511,15
A0A7K1GNS5,serine,Mono,0.44355954229831696,2
A0A7K1GNS5,serine,Tri,0.33153511583805084,18
A0A7K1GNS5,serotonin,Di,0.17339041084051132,57
A0A7K1GNS5,serotonin,Mono,0.17976229637861252,54
A0A7K1GNS5,serotonin,Tri,0.19669026136398315,48
A0A7K1GNS5,threonine,Di,0.35492609441280365,13
A0A7K1GNS5,threonine,Mono,0.38801977038383484,6
A0A7K1GNS5,threonine,Tri,0.29286858439445496,27
A0A7K1GNS5,tryptamine,Di,0.1302291303873062,68
A0A7K1GNS5,tryptamine,Mono,0.1332385018467903,66
A0A7K1GNS5,tryptamine,Tri,0.13256694376468658,67
A0A7K1GNS5,tyramine,Di,0.1599087119102478,61
A0A7K1GNS5,tyramine,Mono,0.1965169608592987,49
A0A7K1GNS5,tyramine,Tri,0.15579167008399963,62
A0A7W2FPE8,"2,3_diaminopropionic acid",Di,0.32057124376296997,15
A0A7W2FPE8,"2,3_diaminopropionic acid",Mono,0.28074580430984497,24
A0A7W2FPE8,"2,3_diaminopropionic acid",Tri,0.28833507001399994,23
A0A7W2FPE8,2_aminophenol,Di,0.3492751121520996,9
A0A7W2FPE8,2_aminophenol,Mono,0.30405154824256897,17
A0A7W2FPE8,2_aminophenol,Tri,0.2734754830598831,26
A0A7W2FPE8,3_methoxytyramine,Di,0.05562515091150999,74
A0A7W2FPE8,3_methoxytyramine,Mono,0.09779343008995056,71
A0A7W2FPE8,3_methoxytyramine,Tri,0.046080488711595535,75
A0A7W2FPE8,alanine,Di,0.1693469136953354,63
A0A7W2FPE8,alanine,Mono,0.22621478140354156,37
A0A7W2FPE8,alanine,Tri,0.17441800981760025,61
A0A7W2FPE8,arginine,Di,0.18246428668498993,58
A0A7W2FPE8,arginine,Mono,0.22195903211832047,39
A0A7W2FPE8,arginine,Tri,0.20960235595703125,44
A0A7W2FPE8,asparagine,Di,0.27416466176509857,25
A0A7W2FPE8,asparagine,Mono,0.30262309312820435,21
A0A7W2FPE8,asparagine,Tri,0.24546418339014053,28
A0A7W2FPE8,cadaverine,Di,0.1907675638794899,54
A0A7W2FPE8,cadaverine,Mono,0.20352527499198914,48
A0A7W2FPE8,cadaverine,Tri,0.19187770783901215,53
A0A7W2FPE8,citrulline,Di,0.3254442363977432,13
A0A7W2FPE8,citrulline,Mono,0.3696458041667938,3
A0A7W2FPE8,citrulline,Tri,0.30328916013240814,20
A0A7W2FPE8,cystine,Di,0.13786404579877853,70
A0A7W2FPE8,cystine,Mono,0.2266957014799118,35
A0A7W2FPE8,cystine,Tri,0.15956201404333115,66
A0A7W2FPE8,dopamine,Di,0.18126671016216278,59
A0A7W2FPE8,dopamine,Mono,0.21644313633441925,40
A0A7W2FPE8,dopamine,Tri,0.1682746708393097,64
A0A7W2FPE8,gaba,Di,0.15631460398435593,67
A0A7W2FPE8,gaba,Mono,0.188750259578228,56
A0A7W2FPE8,gaba,Tri,0.17173630744218826,62
A0A7W2FPE8,glutamine,Di,0.3540179282426834,7
A0A7W2FPE8,glutamine,Mono,0.33426907658576965,12
A0A7W2FPE8,glutamine,Tri,0.2656891196966171,27
A0A7W2FPE8,glyglycine,Di,0.09625933319330215,72
A0A7W2FPE8,glyglycine,Mono,0.15557416528463364,68
A0A7W2FPE8,glyglycine,Tri,0.05999018996953964,73
A0A7W2FPE8,histidine,Di,0.30348965525627136,18
A0A7W2FPE8,histidine,Mono,0.360868364572525,5
A0A7W2FPE8,histidine,Tri,0.3076639771461487,16
A0A7W2FPE8,lysine,Di,0.20214291661977768,49
A0A7W2FPE8,lysine,Mono,0.20662538707256317,45
A0A7W2FPE8,lysine,Tri,0.2162952646613121,41
A0A7W2FPE8,methionine,Di,0.14863348007202148,69
A0A7W2FPE8,methionine,Mono,0.21091488748788834,42
A0A7W2FPE8,methionine,Tri,0.16811761260032654,65
A0A7W2FPE8,ornithine,Di,0.19467401504516602,52
A0A7W2FPE8,ornithine,Mono,0.19716235995292664,50
A0A7W2FPE8,ornithine,Tri,0.23458509147167206,31
A0A7W2FPE8,phenylalanine,Di,0.3442747890949249,11
A0A7W2FPE8,phenylalanine,Mono,0.36565539240837097,4
A0A7W2FPE8,phenylalanine,Tri,0.2941635251045227,22
A0A7W2FPE8,proline,Di,0.22635018825531006,36
A0A7W2FPE8,proline,Mono,0.3586762845516205,6
A0A7W2FPE8,proline,Tri,0.17454739660024643,60
A0A7W2FPE8,putrescine,Di,0.21029837429523468,43
A0A7W2FPE8,putrescine,Mono,0.24253526329994202,29
A0A7W2FPE8,putrescine,Tri,0.18333539366722107,57
A0A7W2FPE8,serine,Di,0.3453662246465683,10
A0A7W2FPE8,serine,Mono,0.35354606807231903,8
A0A7W2FPE8,serine,Tri,0.3033810704946518,19
A0A7W2FPE8,serotonin,Di,0.23911429941654205,30
A0A7W2FPE8,serotonin,Mono,0.22293271124362946,38
A0A7W2FPE8,serotonin,Tri,0.23444460332393646,32
A0A7W2FPE8,threonine,Di,0.4045274555683136,1
A0A7W2FPE8,threonine,Mono,0.3764348328113556,2
A0A7W2FPE8,threonine,Tri,0.3227241039276123,14
A0A7W2FPE8,tryptamine,Di,0.20558393001556396,47
A0A7W2FPE8,tryptamine,Mono,0.19552312046289444,51
A0A7W2FPE8,tryptamine,Tri,0.18901164829730988,55
A0A7W2FPE8,tyramine,Di,0.22769635170698166,34
A0A7W2FPE8,tyramine,Mono,0.23303330689668655,33
A0A7W2FPE8,tyramine,Tri,0.20572495460510254,46
A0A848U0C2,"2,3_diaminopropionic acid",Di,0.2609604746103287,8
A0A848U0C2,"2,3_diaminopropionic acid",Mono,0.17221559956669807,30
A0A848U0C2,"2,3_diaminopropionic acid",Tri,0.2303771749138832,15
A0A848U0C2,2_aminophenol,Di,0.26123638451099396,7
A0A848U0C2,2_aminophenol,Mono,0.2055601105093956,23
A0A848U0C2,2_aminophenol,Tri,0.20936112850904465,22
A0A848U0C2,3_methoxytyramine,Di,-0.03097199136391282,73
A0A848U0C2,3_methoxytyramine,Mono,-0.03845300991088152,74
A0A848U0C2,3_methoxytyramine,Tri,-0.04280365817248821,75
A0A848U0C2,alanine,Di,0.1294587180018425,52
A0A848U0C2,alanine,Mono,0.13525142520666122,50
A0A848U0C2,alanine,Tri,0.08618723414838314,62
A0A848U0C2,arginine,Di,0.19561808556318283,26
A0A848U0C2,arginine,Mono,0.13209247030317783,51
A0A848U0C2,arginine,Tri,0.16036180406808853,36
A0A848U0C2,asparagine,Di,0.20116230100393295,25
A0A848U0C2,asparagine,Mono,0.23282645642757416,14
A0A848U0C2,asparagine,Tri,0.18985062837600708,28
A0A848U0C2,cadaverine,Di,0.1552671119570732,39
A0A848U0C2,cadaverine,Mono,0.10556140914559364,57
A0A848U0C2,cadaverine,Tri,0.15771039575338364,38
A0A848U0C2,citrulline,Di,0.22337543964385986,19
A0A848U0C2,citrulline,Mono,0.2274911105632782,18
A0A848U0C2,citrulline,Tri,0.22011112421751022,20
A0A848U0C2,cystine,Di,0.09246587194502354,61
A0A848U0C2,cystine,Mono,0.11560697667300701,54
A0A848U0C2,cystine,Tri,0.10192259401082993,58
A0A848U0C2,dopamine,Di,0.11909622326493263,53
A0A848U0C2,dopamine,Mono,0.08326124586164951,65
A0A848U0C2,dopamine,Tri,0.07041804492473602,69
A0A848U0C2,gaba,Di,0.14165592193603516,46
A0A848U0C2,gaba,Mono,0.08507762476801872,63
A0A848U0C2,gaba,Tri,0.13860395178198814,48
A0A848U0C2,glutamine,Di,0.2745327800512314,2
A0A848U0C2,glutamine,Mono,0.24300111085176468,10
A0A848U0C2,glutamine,Tri,0.22925587743520737,17
A0A848U0C2,glyglycine,Di,0.07755512557923794,66
A0A848U0C2,glyglycine,Mono,0.06422153860330582,71
A0A848U0C2,glyglycine,Tri,-0.0013173818588256836,72
A0A848U0C2,histidine,Di,0.26418589800596237,5
A0A848U0C2,histidine,Mono,0.26768437027931213,4
A0A848U0C2,histidine,Tri,0.23560220748186111,12
A0A848U0C2,lysine,Di,0.1608409360051155,34
A0A848U0C2,lysine,Mono,0.06872021779417992,70
A0A848U0C2,lysine,Tri,0.1526511013507843,40
A0A848U0C2,methionine,Di,0.11248226091265678,55
A0A848U0C2,methionine,Mono,0.14840731769800186,42
A0A848U0C2,methionine,Tri,0.13649646192789078,49
A0A848U0C2,ornithine,Di,0.15796305239200592,37
A0A848U0C2,ornithine,Mono,0.07392766885459423,68
A0A848U0C2,ornithine,Tri,0.16232912987470627,32
A0A848U0C2,phenylalanine,Di,0.2825649082660675,1
A0A848U0C2,phenylalanine,Mono,0.25279761850833893,9
A0A848U0C2,phenylalanine,Tri,0.2136768326163292,21
A0A848U0C2,proline,Di,0.14579224586486816,43
A0A848U0C2,proline,Mono,0.2421412616968155,11
A0A848U0C2,proline,Tri,0.16539489477872849,31
A0A848U0C2,putrescine,Di,0.18108266592025757,29
A0A848U0C2,putrescine,Mono,0.14347004890441895,45
A0A848U0C2,putrescine,Tri,0.14424701780080795,44
A0A848U0C2,serine,Di,0.26316119730472565,6
A0A848U0C2,serine,Mono,0.23014295101165771,16
A0A848U0C2,serine,Tri,0.20253918319940567,24
A0A848U0C2,serotonin,Di,0.16173046827316284,33
A0A848U0C2,serotonin,Mono,0.10740016959607601,56
A0A848U0C2,serotonin,Tri,0.16038741171360016,35
A0A848U0C2,threonine,Di,0.27128732949495316,3
A0A848U0C2,threonine,Mono,0.23524373024702072,13
A0A848U0C2,threonine,Tri,0.19340907037258148,27
A0A848U0C2,tryptamine,Di,0.15102644264698029,41
A0A848U0C2,tryptamine,Mono,0.08411236107349396,64
A0A848U0C2,tryptamine,Tri,0.09670544788241386,60
A0A848U0C2,tyramine,Di,0.1390339694917202,47
A0A848U0C2,tyramine,Mono,0.0746401809155941,67
A0A848U0C2,tyramine,Tri,0.09788963571190834,59
A0A8D5FTP2,"2,3_diaminopropionic acid",Di,0.3092889338731766,23
A0A8D5FTP2,"2,3_diaminopropionic acid",Mono,0.27504806220531464,28
A0A8D5FTP2,"2,3_diaminopropionic acid",Tri,0.33234313130378723,18
A0A8D5FTP2,2_aminophenol,Di,0.343056783080101,14
A0A8D5FTP2,2_aminophenol,Mono,0.3194742202758789,20
A0A8D5FTP2,2_aminophenol,Tri,0.31689633429050446,21
A0A8D5FTP2,3_methoxytyramine,Di,0.035876127891242504,75
A0A8D5FTP2,3_methoxytyramine,Mono,0.0729811992496252,71
A0A8D5FTP2,3_methoxytyramine,Tri,0.0369811337441206,74
A0A8D5FTP2,alanine,Di,0.12073060870170593,70
A0A8D5FTP2,alanine,Mono,0.23415809869766235,34
A0A8D5FTP2,alanine,Tri,0.16464657336473465,65
A0A8D5FTP2,arginine,Di,0.19684331119060516,56
A0A8D5FTP2,arginine,Mono,0.22989186644554138,38
A0A8D5FTP2,arginine,Tri,0.24647754430770874,33
A0A8D5FTP2,asparagine,Di,0.2825920060276985,27
A0A8D5FTP2,asparagine,Mono,0.33635712414979935,17
A0A8D5FTP2,asparagine,Tri,0.30345216393470764,25
A0A8D5FTP2,cadaverine,Di,0.19107267260551453,59
A0A8D5FTP2,cadaverine,Mono,0.20344950258731842,49
A0A8D5FTP2,cadaverine,Tri,0.23022174835205078,37
A0A8D5FTP2,citrulline,Di,0.3036416471004486,24
A0A8D5FTP2,citrulline,Mono,0.34481626749038696,12
A0A8D5FTP2,citrulline,Tri,0.30017930269241333,26
A0A8D5FTP2,cystine,Di,0.13204171508550644,68
A0A8D5FTP2,cystine,Mono,0.23390451073646545,35
A0A8D5FTP2,cystine,Tri,0.19274908304214478,58
A0A8D5FTP2,dopamine,Di,0.1724218651652336,63
A0A8D5FTP2,dopamine,Mono,0.19883906841278076,53
A0A8D5FTP2,dopamine,Tri,0.18649348616600037,60
A0A8D5FTP2,gaba,Di,0.16584458202123642,64
A0A8D5FTP2,gaba,Mono,0.19694698601961136,55
A0A8D5FTP2,gaba,Tri,0.20923759043216705,46
A0A8D5FTP2,glutamine,Di,0.3625088483095169,7
A0A8D5FTP2,glutamine,Mono,0.3566390573978424,10
A0A8D5FTP2,glutamine,Tri,0.3148941993713379,22
A0A8D5FTP2,glyglycine,Di,0.06991126202046871,72
A0A8D5FTP2,glyglycine,Mono,0.14359162747859955,67
A0A8D5FTP2,glyglycine,Tri,0.06193341314792633,73
A0A8D5FTP2,histidine,Di,0.32200367748737335,19
A0A8D5FTP2,histidine,Mono,0.3900172710418701,2
A0A8D5FTP2,histidine,Tri,0.3570050001144409,9
A0A8D5FTP2,lysine,Di,0.21212133020162582,44
A0A8D5FTP2,lysine,Mono,0.1995319202542305,51
A0A8D5FTP2,lysine,Tri,0.24677351117134094,32
A0A8D5FTP2,methionine,Di,0.1253269948065281,69
A0A8D5FTP2,methionine,Mono,0.21058745682239532,45
A0A8D5FTP2,methionine,Tri,0.17566189169883728,62
A0A8D5FTP2,ornithine,Di,0.20342843234539032,50
A0A8D5FTP2,ornithine,Mono,0.19938377290964127,52
A0A8D5FTP2,ornithine,Tri,0.27070092409849167,29
A0A8D5FTP2,phenylalanine,Di,0.373287096619606,6
A0A8D5FTP2,phenylalanine,Mono,0.39671453833580017,1
A0A8D5FTP2,phenylalanine,Tri,0.34493766725063324,11
A0A8D5FTP2,proline,Di,0.209043949842453,47
A0A8D5FTP2,proline,Mono,0.36016954481601715,8
A0A8D5FTP2,proline,Tri,0.20678932964801788,48
A0A8D5FTP2,putrescine,Di,0.2257697433233261,39
A0A8D5FTP2,putrescine,Mono,0.25817713886499405,31
A0A8D5FTP2,putrescine,Tri,0.22481918334960938,40
A0A8D5FTP2,serine,Di,0.34049977362155914,15
A0A8D5FTP2,serine,Mono,0.3753074109554291,5
A0A8D5FTP2,serine,Tri,0.3401138484477997,16
A0A8D5FTP2,serotonin,Di,0.21407276391983032,43
A0A8D5FTP2,serotonin,Mono,0.1973813846707344,54
A0A8D5FTP2,serotonin,Tri,0.26186804473400116,30
A0A8D5FTP2,threonine,Di,0.3885641098022461,3
A0A8D5FTP2,threonine,Mono,0.38212333619594574,4
A0A8D5FTP2,threonine,Tri,0.34456440806388855,13
A0A8D5FTP2,tryptamine,Di,0.17943547666072845,61
A0A8D5FTP2,tryptamine,Mono,0.15927647054195404,66
A0A8D5FTP2,tryptamine,Tri,0.19569343328475952,57
A0A8D5FTP2,tyramine,Di,0.2179052084684372,42
A0A8D5FTP2,tyramine,Mono,0.2224271148443222,41
A0A8D5FTP2,tyramine,Tri,0.23173216730356216,36
A0A8J7U9Z7,"2,3_diaminopropionic acid",Di,0.32812345027923584,17
A0A8J7U9Z7,"2,3_diaminopropionic acid",Mono,0.30170468986034393,26
A0A8J7U9Z7,"2,3_diaminopropionic acid",Tri,0.3183676600456238,20
A0A8J7U9Z7,2_aminophenol,Di,0.36509713530540466,12
A0A8J7U9Z7,2_aminophenol,Mono,0.34047554433345795,16
A0A8J7U9Z7,2_aminophenol,Tri,0.3170313537120819,22
A0A8J7U9Z7,3_methoxytyramine,Di,0.037675436586141586,75
A0A8J7U9Z7,3_methoxytyramine,Mono,0.07492434233427048,72
A0A8J7U9Z7,3_methoxytyramine,Tri,0.0450102761387825,74
A0A8J7U9Z7,alanine,Di,0.19674638658761978,55
A0A8J7U9Z7,alanine,Mono,0.2695290744304657,31
A0A8J7U9Z7,alanine,Tri,0.2045937180519104,53
A0A8J7U9Z7,arginine,Di,0.23603759706020355,40
A0A8J7U9Z7,arginine,Mono,0.24926463514566422,34
A0A8J7U9Z7,arginine,Tri,0.274275541305542,30
A0A8J7U9Z7,asparagine,Di,0.29999376833438873,27
A0A8J7U9Z7,asparagine,Mono,0.3531721532344818,14
A0A8J7U9Z7,asparagine,Tri,0.29058729112148285,28
A0A8J7U9Z7,cadaverine,Di,0.22438015788793564,45
A0A8J7U9Z7,cadaverine,Mono,0.24168294668197632,38
A0A8J7U9Z7,cadaverine,Tri,0.23610728234052658,39
A0A8J7U9Z7,citrulline,Di,0.30402103066444397,25
A0A8J7U9Z7,citrulline,Mono,0.38316403329372406,4
A0A8J7U9Z7,citrulline,Tri,0.3098955750465393,24
A0A8J7U9Z7,cystine,Di,0.16603802144527435,65
A0A8J7U9Z7,cystine,Mono,0.24289803951978683,36
A0A8J7U9Z7,cystine,Tri,0.1931208297610283,56
A0A8J7U9Z7,dopamine,Di,0.14642854034900665,68
A0A8J7U9Z7,dopamine,Mono,0.17278634756803513,61
A0A8J7U9Z7,dopamine,Tri,0.13309237360954285,70
A0A8J7U9Z7,gaba,Di,0.1818372681736946,58
A0A8J7U9Z7,gaba,Mono,0.2186095267534256,47
A0A8J7U9Z7,gaba,Tri,0.20804058015346527,52
A0A8J7U9Z7,glutamine,Di,0.36845870316028595,10
A0A8J7U9Z7,glutamine,Mono,0.37175072729587555,8
A0A8J7U9Z7,glutamine,Tri,0.3183136284351349,21
A0A8J7U9Z7,glyglycine,Di,0.108191829174757,71
A0A8J7U9Z7,glyglycine,Mono,0.17115317285060883,63
A0A8J7U9Z7,glyglycine,Tri,0.05550152901560068,73
A0A8J7U9Z7,histidine,Di,0.35544121265411377,13
A0A8J7U9Z7,histidine,Mono,0.397752046585083,2
A0A8J7U9Z7,histidine,Tri,0.34275054931640625,15
A0A8J7U9Z7,lysine,Di,0.2276858240365982,42
A0A8J7U9Z7,lysine,Mono,0.21506845951080322,49
A0A8J7U9Z7,lysine,Tri,0.2437342032790184,35
A0A8J7U9Z7,methionine,Di,0.1702100932598114,64
A0A8J7U9Z7,methionine,Mono,0.25827498733997345,33
A0A8J7U9Z7,methionine,Tri,0.20918190479278564,51
A0A8J7U9Z7,ornithine,Di,0.21829114854335785,48
A0A8J7U9Z7,ornithine,Mono,0.22442913055419922,44
A0A8J7U9Z7,ornithine,Tri,0.26153959333896637,32
A0A8J7U9Z7,phenylalanine,Di,0.3736102879047394,7
A0A8J7U9Z7,phenylalanine,Mono,0.40029123425483704,1
A0A8J7U9Z7,phenylalanine,Tri,0.32632842659950256,18
A0A8J7U9Z7,proline,Di,0.21992606669664383,46
A0A8J7U9Z7,proline,Mono,0.3709203004837036,9
A0A8J7U9Z7,proline,Tri,0.24230416119098663,37
A0A8J7U9Z7,putrescine,Di,0.2305918037891388,41
A0A8J7U9Z7,putrescine,Mono,0.2774496525526047,29
A0A8J7U9Z7,putrescine,Tri,0.21131807565689087,50
A0A8J7U9Z7,serine,Di,0.36749596893787384,11
A0A8J7U9Z7,serine,Mono,0.38762418925762177,3
A0A8J7U9Z7,serine,Tri,0.3235856741666794,19
A0A8J7U9Z7,serotonin,Di,0.200763501226902,54
A0A8J7U9Z7,serotonin,Mono,0.17942174524068832,60
A0A8J7U9Z7,serotonin,Tri,0.22738276422023773,43
A0A8J7U9Z7,threonine,Di,0.38034579157829285,5
A0A8J7U9Z7,threonine,Mono,0.37503722310066223,6
A0A8J7U9Z7,threonine,Tri,0.31080158054828644,23
A0A8J7U9Z7,tryptamine,Di,0.1646334007382393,66
A0A8J7U9Z7,tryptamine,Mono,0.13452225178480148,69
A0A8J7U9Z7,tryptamine,Tri,0.15804985165596008,67
A0A8J7U9Z7,tyramine,Di,0.17979297041893005,59
A0A8J7U9Z7,tyramine,Mono,0.1888851448893547,57
A0A8J7U9Z7,tyramine,Tri,0.17153532058000565,62
A0A942AQR8,"2,3_diaminopropionic acid",Di,0.32008709013462067,19
A0A942AQR8,"2,3_diaminopropionic acid",Mono,0.27883273363113403,28
A0A942AQR8,"2,3_diaminopropionic acid",Tri,0.31995415687561035,20
A0A942AQR8,2_aminophenol,Di,0.34376969933509827,12
A0A942AQR8,2_aminophenol,Mono,0.3050779551267624,22
A0A942AQR8,2_aminophenol,Tri,0.2975166440010071,25
A0A942AQR8,3_methoxytyramine,Di,0.06507106777280569,74
A0A942AQR8,3_methoxytyramine,Mono,0.07044241018593311,72
A0A942AQR8,3_methoxytyramine,Tri,0.050478506833314896,75
A0A942AQR8,alanine,Di,0.16608445346355438,67
A0A942AQR8,alanine,Mono,0.24847270548343658,32
A0A942AQR8,alanine,Tri,0.1871677190065384,59
A0A942AQR8,arginine,Di,0.21481617540121078,45
A0A942AQR8,arginine,Mono,0.2396986335515976,34
A0A942AQR8,arginine,Tri,0.24076376855373383,33
A0A942AQR8,asparagine,Di,0.2979433089494705,24
A0A942AQR8,asparagine,Mono,0.33806343376636505,15
A0A942AQR8,asparagine,Tri,0.29962238669395447,23
A0A942AQR8,cadaverine,Di,0.20577819645404816,51
A0A942AQR8,cadaverine,Mono,0.21466298401355743,46
A0A942AQR8,cadaverine,Tri,0.22377847135066986,39
A0A942AQR8,citrulline,Di,0.29594482481479645,26
A0A942AQR8,citrulline,Mono,0.35684990882873535,9
A0A942AQR8,citrulline,Tri,0.2923348844051361,27
A0A942AQR8,cystine,Di,0.13621991127729416,70
A0A942AQR8,cystine,Mono,0.2304140403866768,36
A0A942AQR8,cystine,Tri,0.18001236021518707,62
A0A942AQR8,dopamine,Di,0.18047375977039337,61
A0A942AQR8,dopamine,Mono,0.19893953949213028,56
A0A942AQR8,dopamine,Tri,0.17274703830480576,65
A0A942AQR8,gaba,Di,0.17818065732717514,63
A0A942AQR8,gaba,Mono,0.21186638623476028,49
A0A942AQR8,gaba,Tri,0.19998617470264435,55
A0A942AQR8,glutamine,Di,0.37145479023456573,5
A0A942AQR8,glutamine,Mono,0.3484046757221222,11
A0A942AQR8,glutamine,Tri,0.31348954141139984,21
A0A942AQR8,glyglycine,Di,0.1118638888001442,71
A0A942AQR8,glyglycine,Mono,0.17017725110054016,66
A0A942AQR8,glyglycine,Tri,0.06623676978051662,73
A0A942AQR8,histidine,Di,0.3328956216573715,16
A0A942AQR8,histidine,Mono,0.3823897987604141,3
A0A942AQR8,histidine,Tri,0.34135960042476654,14
A0A942AQR8,lysine,Di,0.22267510741949081,40
A0A942AQR8,lysine,Mono,0.20910730957984924,50
A0A942AQR8,lysine,Tri,0.23180000483989716,35
A0A942AQR8,methionine,Di,0.14041344076395035,69
A0A942AQR8,methionine,Mono,0.21954800188541412,42
A0A942AQR8,methionine,Tri,0.1732320412993431,64
A0A942AQR8,ornithine,Di,0.20507755875587463,52
A0A942AQR8,ornithine,Mono,0.20021715015172958,54
A0A942AQR8,ornithine,Tri,0.24946381151676178,30
A0A942AQR8,phenylalanine,Di,0.3880041390657425,2
A0A942AQR8,phenylalanine,Mono,0.3941003680229187,1
A0A942AQR8,phenylalanine,Tri,0.3418107330799103,13
A0A942AQR8,proline,Di,0.2218703255057335,41
A0A942AQR8,proline,Mono,0.3624736964702606,8
A0A942AQR8,proline,Tri,0.21874381601810455,43
A0A942AQR8,putrescine,Di,0.22458407282829285,37
A0A942AQR8,putrescine,Mono,0.25847727060317993,29
A0A942AQR8,putrescine,Tri,0.2048214226961136,53
A0A942AQR8,serine,Di,0.35079285502433777,10
A0A942AQR8,serine,Mono,0.36542317271232605,7
A0A942AQR8,serine,Tri,0.3261081129312515,17
A0A942AQR8,serotonin,Di,0.22424017637968063,38
A0A942AQR8,serotonin,Mono,0.19888339936733246,57
A0A942AQR8,serotonin,Tri,0.24890051782131195,31
A0A942AQR8,threonine,Di,0.38015317916870117,4
A0A942AQR8,threonine,Mono,0.3667878955602646,6
A0A942AQR8,threonine,Tri,0.3229459822177887,18
A0A942AQR8,tryptamine,Di,0.19439831376075745,58
A0A942AQR8,tryptamine,Mono,0.16540007293224335,68
A0A942AQR8,tryptamine,Tri,0.18183739483356476,60
A0A942AQR8,tyramine,Di,0.21840988099575043,44
A0A942AQR8,tyramine,Mono,0.21286813914775848,48
A0A942AQR8,tyramine,Tri,0.2142334058880806,47
A0A952U252,"2,3_diaminopropionic acid",Di,0.37442995607852936,7
A0A952U252,"2,3_diaminopropionic acid",Mono,0.2981407567858696,30
A0A952U252,"2,3_diaminopropionic acid",Tri,0.33704155683517456,19
A0A952U252,2_aminophenol,Di,0.38559986650943756,5
A0A952U252,2_aminophenol,Mono,0.3136375993490219,23
A0A952U252,2_aminophenol,Tri,0.3125409930944443,24
A0A952U252,3_methoxytyramine,Di,0.09381254017353058,74
A0A952U252,3_methoxytyramine,Mono,0.11664333194494247,72
A0A952U252,3_methoxytyramine,Tri,0.06270812824368477,75
A0A952U252,alanine,Di,0.18022628873586655,67
A0A952U252,alanine,Mono,0.23247002810239792,53
A0A952U252,alanine,Tri,0.17167284339666367,69
A0A952U252,arginine,Di,0.226951502263546,55
A0A952U252,arginine,Mono,0.2525811716914177,43
A0A952U252,arginine,Tri,0.232878178358078,52
A0A952U252,asparagine,Di,0.30786460638046265,26
A0A952U252,asparagine,Mono,0.3143071159720421,22
A0A952U252,asparagine,Tri,0.2907707095146179,31
A0A952U252,cadaverine,Di,0.24049773812294006,48
A0A952U252,cadaverine,Mono,0.22567903995513916,56
A0A952U252,cadaverine,Tri,0.22367574274539948,58
A0A952U252,citrulline,Di,0.3536893427371979,13
A0A952U252,citrulline,Mono,0.3622148036956787,11
A0A952U252,citrulline,Tri,0.3294569253921509,21
A0A952U252,cystine,Di,0.1931394636631012,64
A0A952U252,cystine,Mono,0.26664894819259644,39
A0A952U252,cystine,Tri,0.19652598351240158,63
A0A952U252,dopamine,Di,0.24847213923931122,45
A0A952U252,dopamine,Mono,0.2630542665719986,40
A0A952U252,dopamine,Tri,0.2329186648130417,51
A0A952U252,gaba,Di,0.22412777692079544,57
A0A952U252,gaba,Mono,0.23089881241321564,54
A0A952U252,gaba,Tri,0.21352749317884445,61
A0A952U252,glutamine,Di,0.40122656524181366,2
A0A952U252,glutamine,Mono,0.33932580053806305,18
A0A952U252,glutamine,Tri,0.31093987822532654,25
A0A952U252,glyglycine,Di,0.12096742168068886,71
A0A952U252,glyglycine,Mono,0.18135080486536026,66
A0A952U252,glyglycine,Tri,0.09392192959785461,73
A0A952U252,histidine,Di,0.3335551768541336,20
A0A952U252,histidine,Mono,0.36463025212287903,10
A0A952U252,histidine,Tri,0.3496992886066437,14
A0A952U252,lysine,Di,0.2604478746652603,41
A0A952U252,lysine,Mono,0.2351173311471939,50
A0A952U252,lysine,Tri,0.2518848031759262,44
A0A952U252,methionine,Di,0.16771666705608368,70
A0A952U252,methionine,Mono,0.20034173876047134,62
A0A952U252,methionine,Tri,0.17259128391742706,68
A0A952U252,ornithine,Di,0.24793832004070282,46
A0A952U252,ornithine,Mono,0.2234017550945282,59
A0A952U252,ornithine,Tri,0.27442236989736557,34
A0A952U252,phenylalanine,Di,0.3958294093608856,4
A0A952U252,phenylalanine,Mono,0.3732828199863434,8
A0A952U252,phenylalanine,Tri,0.3426027297973633,16
A0A952U252,proline,Di,0.2576904818415642,42
A0A952U252,proline,Mono,0.3704516589641571,9
A0A952U252,proline,Tri,0.19230610877275467,65
A0A952U252,putrescine,Di,0.27339960634708405,35
A0A952U252,putrescine,Mono,0.27928273379802704,33
A0A952U252,putrescine,Tri,0.21978352963924408,60
A0A952U252,serine,Di,0.37683720886707306,6
A0A952U252,serine,Mono,0.3539328873157501,12
A0A952U252,serine,Tri,0.34141047298908234,17
A0A952U252,serotonin,Di,0.3047669678926468,28
A0A952U252,serotonin,Mono,0.2711777910590172,37
A0A952U252,serotonin,Tri,0.30497120320796967,27
A0A952U252,threonine,Di,0.42859674990177155,1
A0A952U252,threonine,Mono,0.3990623652935028,3
A0A952U252,threonine,Tri,0.34689459204673767,15
A0A952U252,tryptamine,Di,0.2705575078725815,38
A0A952U252,tryptamine,Mono,0.2366851642727852,49
A0A952U252,tryptamine,Tri,0.24601595103740692,47
A0A952U252,tyramine,Di,0.3011847734451294,29
A0A952U252,tyramine,Mono,0.28688184916973114,32
A0A952U252,tyramine,Tri,0.2722438722848892,36
A6LC91,"2,3_diaminopropionic acid",Di,0.2915601134300232,14
A6LC91,"2,3_diaminopropionic acid",Mono,0.25274550169706345,25
A6LC91,"2,3_diaminopropionic acid",Tri,0.27967435121536255,18
A6LC91,2_aminophenol,Di,0.3003058433532715,12
A6LC91,2_aminophenol,Mono,0.26738111674785614,23
A6LC91,2_aminophenol,Tri,0.24497060477733612,26
A6LC91,3_methoxytyramine,Di,-0.011365903541445732,75
A6LC91,3_methoxytyramine,Mono,0.026280562859028578,73
A6LC91,3_methoxytyramine,Tri,0.0015752529725432396,74
A6LC91,alanine,Di,0.1491258442401886,61
A6LC91,alanine,Mono,0.21570852398872375,33
A6LC91,alanine,Tri,0.16617141664028168,52
A6LC91,arginine,Di,0.21664316952228546,32
A6LC91,arginine,Mono,0.22136249393224716,31
A6LC91,arginine,Tri,0.22783290594816208,29
A6LC91,asparagine,Di,0.24223622679710388,27
A6LC91,asparagine,Mono,0.29057198762893677,15
A6LC91,asparagine,Tri,0.23017629981040955,28
A6LC91,cadaverine,Di,0.1809486374258995,45
A6LC91,cadaverine,Mono,0.18082913011312485,46
A6LC91,cadaverine,Tri,0.1940389722585678,40
A6LC91,citrulline,Di,0.27067704498767853,21
A6LC91,citrulline,Mono,0.32635335624217987,5
A6LC91,citrulline,Tri,0.27623091638088226,19
A6LC91,cystine,Di,0.11752926558256149,68
A6LC91,cystine,Mono,0.18967663124203682,43
A6LC91,cystine,Tri,0.15672851726412773,56
A6LC91,dopamine,Di,0.12665437906980515,66
A6LC91,dopamine,Mono,0.14243236929178238,64
A6LC91,dopamine,Tri,0.11366977542638779,69
A6LC91,gaba,Di,0.1516692042350769,59
A6LC91,gaba,Mono,0.16450700908899307,53
A6LC91,gaba,Tri,0.16933728754520416,50
A6LC91,glutamine,Di,0.3227817416191101,7
A6LC91,glutamine,Mono,0.30244508385658264,11
A6LC91,glutamine,Tri,0.2711959108710289,20
A6LC91,glyglycine,Di,0.07921123132109642,71
A6LC91,glyglycine,Mono,0.13264216110110283,65
A6LC91,glyglycine,Tri,0.03223663009703159,72
A6LC91,histidine,Di,0.2988668829202652,13
A6LC91,histidine,Mono,0.3327309638261795,2
A6LC91,histidine,Tri,0.2861451357603073,16
A6LC91,lysine,Di,0.19011874496936798,42
A6LC91,lysine,Mono,0.1587647721171379,55
A6LC91,lysine,Tri,0.1910828799009323,41
A6LC91,methionine,Di,0.12609048187732697,67
A6LC91,methionine,Mono,0.19433466345071793,39
A6LC91,methionine,Tri,0.16791678220033646,51
A6LC91,ornithine,Di,0.1785704419016838,47
A6LC91,ornithine,Mono,0.16103919595479965,54
A6LC91,ornithine,Tri,0.20871572196483612,35
A6LC91,phenylalanine,Di,0.312645822763443,8
A6LC91,phenylalanine,Mono,0.3301622271537781,3
A6LC91,phenylalanine,Tri,0.26501309126615524,24
A6LC91,proline,Di,0.2135007306933403,34
A6LC91,proline,Mono,0.3253014534711838,6
A6LC91,proline,Tri,0.20402172952890396,37
A6LC91,putrescine,Di,0.20534125715494156,36
A6LC91,putrescine,Mono,0.22266921401023865,30
A6LC91,putrescine,Tri,0.17723843455314636,48
A6LC91,serine,Di,0.30804993212223053,9
A6LC91,serine,Mono,0.3049917370080948,10
A6LC91,serine,Tri,0.2675999104976654,22
A6LC91,serotonin,Di,0.18095161765813828,44
A6LC91,serotonin,Mono,0.15158368274569511,60
A6LC91,serotonin,Tri,0.19966766983270645,38
A6LC91,threonine,Di,0.34278063476085663,1
A6LC91,threonine,Mono,0.32872946560382843,4
A6LC91,threonine,Tri,0.2807908356189728,17
A6LC91,tryptamine,Di,0.14320821315050125,63
A6LC91,tryptamine,Mono,0.11359002813696861,70
A6LC91,tryptamine,Tri,0.1455676257610321,62
A6LC91,tyramine,Di,0.17343749105930328,49
A6LC91,tyramine,Mono,0.15613168478012085,57
A6LC91,tyramine,Tri,0.15451499074697495,58
A7A5K1,"2,3_diaminopropionic acid",Di,0.3530953675508499,10
A7A5K1,"2,3_diaminopropionic acid",Mono,0.2933305948972702,26
A7A5K1,"2,3_diaminopropionic acid",Tri,0.34122951328754425,15
A7A5K1,2_aminophenol,Di,0.37787409126758575,3
A7A5K1,2_aminophenol,Mono,0.3235180526971817,19
A7A5K1,2_aminophenol,Tri,0.3137122541666031,22
A7A5K1,3_methoxytyramine,Di,0.10470599681138992,74
A7A5K1,3_methoxytyramine,Mono,0.14710621535778046,71
A7A5K1,3_methoxytyramine,Tri,0.10561738908290863,73
A7A5K1,alanine,Di,0.1736273095011711,69
A7A5K1,alanine,Mono,0.24168188869953156,47
A7A5K1,alanine,Tri,0.2069568783044815,63
A7A5K1,arginine,Di,0.2093561887741089,62
A7A5K1,arginine,Mono,0.24578794836997986,45
A7A5K1,arginine,Tri,0.24657653272151947,44
A7A5K1,asparagine,Di,0.29154467582702637,28
A7A5K1,asparagine,Mono,0.2978711500763893,24
A7A5K1,asparagine,Tri,0.27572186291217804,32
A7A5K1,cadaverine,Di,0.2176220491528511,60
A7A5K1,cadaverine,Mono,0.22452126443386078,55
A7A5K1,cadaverine,Tri,0.2255668193101883,54
A7A5K1,citrulline,Di,0.34637217223644257,12
A7A5K1,citrulline,Mono,0.37283723056316376,5
A7A5K1,citrulline,Tri,0.3413388580083847,14
A7A5K1,cystine,Di,0.17924340814352036,68
A7A5K1,cystine,Mono,0.2599399834871292,39
A7A5K1,cystine,Tri,0.21369817852973938,61
A7A5K1,dopamine,Di,0.23665789514780045,49
A7A5K1,dopamine,Mono,0.2621580958366394,38
A7A5K1,dopamine,Tri,0.24321246147155762,46
A7A5K1,gaba,Di,0.19761598110198975,65
A7A5K1,gaba,Mono,0.22421401739120483,56
A7A5K1,gaba,Tri,0.21822890639305115,59
A7A5K1,glutamine,Di,0.36396893858909607,6
A7A5K1,glutamine,Mono,0.31675201654434204,21
A7A5K1,glutamine,Tri,0.29174889624118805,27
A7A5K1,glyglycine,Di,0.10293488577008247,75
A7A5K1,glyglycine,Mono,0.18075133115053177,67
A7A5K1,glyglycine,Tri,0.11569060757756233,72
A7A5K1,histidine,Di,0.3009905517101288,23
A7A5K1,histidine,Mono,0.3429744392633438,13
A7A5K1,histidine,Tri,0.331760048866272,18
A7A5K1,lysine,Di,0.23427271097898483,53
A7A5K1,lysine,Mono,0.24103528261184692,48
A7A5K1,lysine,Tri,0.2469048798084259,43
A7A5K1,methionine,Di,0.15117961913347244,70
A7A5K1,methionine,Mono,0.19940931349992752,64
A7A5K1,methionine,Tri,0.18296372145414352,66
A7A5K1,ornithine,Di,0.2349168136715889,51
A7A5K1,ornithine,Mono,0.23665045946836472,50
A7A5K1,ornithine,Tri,0.2753588855266571,33
A7A5K1,phenylalanine,Di,0.355404794216156,9
A7A5K1,phenylalanine,Mono,0.36169764399528503,8
A7A5K1,phenylalanine,Tri,0.31915195286273956,20
A7A5K1,proline,Di,0.26735174655914307,36
A7A5K1,proline,Mono,0.36348700523376465,7
A7A5K1,proline,Tri,0.22007404267787933,58
A7A5K1,putrescine,Di,0.24934539198875427,42
A7A5K1,putrescine,Mono,0.2709859609603882,34
A7A5K1,putrescine,Tri,0.22229595482349396,57
A7A5K1,serine,Di,0.352707639336586,11
A7A5K1,serine,Mono,0.33927974104881287,16
A7A5K1,serine,Tri,0.3360609710216522,17
A7A5K1,serotonin,Di,0.2802203893661499,31
A7A5K1,serotonin,Mono,0.2647332176566124,37
A7A5K1,serotonin,Tri,0.29615071415901184,25
A7A5K1,threonine,Di,0.43587371706962585,1
A7A5K1,threonine,Mono,0.40595898032188416,2
A7A5K1,threonine,Tri,0.37695978581905365,4
A7A5K1,tryptamine,Di,0.25023557245731354,41
A7A5K1,tryptamine,Mono,0.23427708446979523,52
A7A5K1,tryptamine,Tri,0.2503782957792282,40
A7A5K1,tyramine,Di,0.2810729295015335,30
A7A5K1,tyramine,Mono,0.2846645265817642,29
A7A5K1,tyramine,Tri,0.2709183990955353,35
A7VQ44,"2,3_diaminopropionic acid",Di,0.27774661779403687,25
A7VQ44,"2,3_diaminopropionic acid",Mono,0.25672533363103867,28
A7VQ44,"2,3_diaminopropionic acid",Tri,0.32235127687454224,14
A7VQ44,2_aminophenol,Di,0.30207329988479614,19
A7VQ44,2_aminophenol,Mono,0.2865004986524582,23
A7VQ44,2_aminophenol,Tri,0.29934220016002655,21
A7VQ44,3_methoxytyramine,Di,0.09930220991373062,71
A7VQ44,3_methoxytyramine,Mono,0.1158938817679882,69
A7VQ44,3_methoxytyramine,Tri,0.079538369551301,74
A7VQ44,alanine,Di,0.1239931508898735,68
A7VQ44,alanine,Mono,0.228541299700737,35
A7VQ44,alanine,Tri,0.20115827023983002,48
A7VQ44,arginine,Di,0.176962211728096,60
A7VQ44,arginine,Mono,0.23189353942871094,33
A7VQ44,arginine,Tri,0.23867183923721313,32
A7VQ44,asparagine,Di,0.25772152096033096,27
A7VQ44,asparagine,Mono,0.30781595408916473,17
A7VQ44,asparagine,Tri,0.29954496026039124,20
A7VQ44,cadaverine,Di,0.16261526942253113,65
A7VQ44,cadaverine,Mono,0.194746233522892,51
A7VQ44,cadaverine,Tri,0.1942800134420395,52
A7VQ44,citrulline,Di,0.26579783111810684,26
A7VQ44,citrulline,Mono,0.3357951045036316,10
A7VQ44,citrulline,Tri,0.2778172492980957,24
A7VQ44,cystine,Di,0.09302512556314468,72
A7VQ44,cystine,Mono,0.21745877712965012,39
A7VQ44,cystine,Tri,0.17040254175662994,63
A7VQ44,dopamine,Di,0.18045730888843536,58
A7VQ44,dopamine,Mono,0.22184936702251434,37
A7VQ44,dopamine,Tri,0.18842115998268127,56
A7VQ44,gaba,Di,0.11456426233053207,70
A7VQ44,gaba,Mono,0.20343592762947083,46
A7VQ44,gaba,Tri,0.16338030248880386,64
A7VQ44,glutamine,Di,0.33257895708084106,11
A7VQ44,glutamine,Mono,0.3174528703093529,16
A7VQ44,glutamine,Tri,0.32001785933971405,15
A7VQ44,glyglycine,Di,0.08846249431371689,73
A7VQ44,glyglycine,Mono,0.15789471566677094,66
A7VQ44,glyglycine,Tri,0.07739276811480522,75
A7VQ44,histidine,Di,0.2979177236557007,22
A7VQ44,histidine,Mono,0.3537193462252617,3
A7VQ44,histidine,Tri,0.343171089887619,6
A7VQ44,lysine,Di,0.19986233860254288,49
A7VQ44,lysine,Mono,0.21308055520057678,41
A7VQ44,lysine,Tri,0.21375738084316254,40
A7VQ44,methionine,Di,0.1369582563638687,67
A7VQ44,methionine,Mono,0.19346507638692856,53
A7VQ44,methionine,Tri,0.1769682541489601,59
A7VQ44,ornithine,Di,0.17213023453950882,62
A7VQ44,ornithine,Mono,0.21225981414318085,42
A7VQ44,ornithine,Tri,0.23046214133501053,34
A7VQ44,phenylalanine,Di,0.348395898938179,4
A7VQ44,phenylalanine,Mono,0.37133702635765076,1
A7VQ44,phenylalanine,Tri,0.34092947840690613,7
A7VQ44,proline,Di,0.20270082354545593,47
A7VQ44,proline,Mono,0.3580348491668701,2
A7VQ44,proline,Tri,0.2215089052915573,38
A7VQ44,putrescine,Di,0.18266534805297852,57
A7VQ44,putrescine,Mono,0.2468896061182022,30
A7VQ44,putrescine,Tri,0.18918073922395706,54
A7VQ44,serine,Di,0.30748896300792694,18
A7VQ44,serine,Mono,0.34792737662792206,5
A7VQ44,serine,Tri,0.32962532341480255,12
A7VQ44,serotonin,Di,0.2039545327425003,45
A7VQ44,serotonin,Mono,0.20777994394302368,44
A7VQ44,serotonin,Tri,0.25039005279541016,29
A7VQ44,threonine,Di,0.3407266438007355,8
A7VQ44,threonine,Mono,0.33878354728221893,9
A7VQ44,threonine,Tri,0.323028102517128,13
A7VQ44,tryptamine,Di,0.1890372931957245,55
A7VQ44,tryptamine,Mono,0.17507262527942657,61
A7VQ44,tryptamine,Tri,0.19943512976169586,50
A7VQ44,tyramine,Di,0.20954658836126328,43
A7VQ44,tyramine,Mono,0.2405293956398964,31
A7VQ44,tyramine,Tri,0.22619512677192688,36
B0MC37,"2,3_diaminopropionic acid",Di,0.32332436740398407,20
B0MC37,"2,3_diaminopropionic acid",Mono,0.2731166332960129,28
B0MC37,"2,3_diaminopropionic acid",Tri,0.33842815458774567,16
B0MC37,2_aminophenol,Di,0.3456631749868393,13
B0MC37,2_aminophenol,Mono,0.30409806966781616,24
B0MC37,2_aminophenol,Tri,0.3132691979408264,22
B0MC37,3_methoxytyramine,Di,0.0686454102396965,74
B0MC37,3_methoxytyramine,Mono,0.10132718831300735,71
B0MC37,3_methoxytyramine,Tri,0.06494279392063618,75
B0MC37,alanine,Di,0.15481630712747574,68
B0MC37,alanine,Mono,0.2449563816189766,34
B0MC37,alanine,Tri,0.21708130836486816,47
B0MC37,arginine,Di,0.19960006326436996,61
B0MC37,arginine,Mono,0.2380010187625885,38
B0MC37,arginine,Tri,0.24992036819458008,32
B0MC37,asparagine,Di,0.2884434908628464,27
B0MC37,asparagine,Mono,0.3215150013566017,21
B0MC37,asparagine,Tri,0.30152440071105957,25
B0MC37,cadaverine,Di,0.20154604315757751,60
B0MC37,cadaverine,Mono,0.20343834161758423,59
B0MC37,cadaverine,Tri,0.2247776985168457,45
B0MC37,citrulline,Di,0.2990013509988785,26
B0MC37,citrulline,Mono,0.3507649153470993,11
B0MC37,citrulline,Tri,0.3098265677690506,23
B0MC37,cystine,Di,0.13728678971529007,70
B0MC37,cystine,Mono,0.22911909222602844,43
B0MC37,cystine,Tri,0.18693683296442032,64
B0MC37,dopamine,Di,0.1927611455321312,63
B0MC37,dopamine,Mono,0.21840978413820267,46
B0MC37,dopamine,Tri,0.19941608607769012,62
B0MC37,gaba,Di,0.1728733628988266,66
B0MC37,gaba,Mono,0.2046552076935768,58
B0MC37,gaba,Tri,0.20604705065488815,56
B0MC37,glutamine,Di,0.36909277737140656,4
B0MC37,glutamine,Mono,0.32996927201747894,18
B0MC37,glutamine,Tri,0.3348104655742645,17
B0MC37,glyglycine,Di,0.08045972511172295,73
B0MC37,glyglycine,Mono,0.15960687398910522,67
B0MC37,glyglycine,Tri,0.08976449817419052,72
B0MC37,histidine,Di,0.3262614607810974,19
B0MC37,histidine,Mono,0.3655681908130646,7
B0MC37,histidine,Tri,0.3572677671909332,8
B0MC37,lysine,Di,0.22763627022504807,44
B0MC37,lysine,Mono,0.20939099788665771,55
B0MC37,lysine,Tri,0.2382137030363083,36
B0MC37,methionine,Di,0.15172411501407623,69
B0MC37,methionine,Mono,0.21068426221609116,53
B0MC37,methionine,Tri,0.2056744024157524,57
B0MC37,ornithine,Di,0.2106017768383026,54
B0MC37,ornithine,Mono,0.21448950469493866,51
B0MC37,ornithine,Tri,0.26156148314476013,30
B0MC37,phenylalanine,Di,0.36703765392303467,5
B0MC37,phenylalanine,Mono,0.37974315881729126,2
B0MC37,phenylalanine,Tri,0.34260858595371246,15
B0MC37,proline,Di,0.2454180270433426,33
B0MC37,proline,Mono,0.36590345203876495,6
B0MC37,proline,Tri,0.23819183558225632,37
B0MC37,putrescine,Di,0.23579484224319458,39
B0MC37,putrescine,Mono,0.25640106201171875,31
B0MC37,putrescine,Tri,0.21676397323608398,49
B0MC37,serine,Di,0.3508501201868057,10
B0MC37,serine,Mono,0.34833189845085144,12
B0MC37,serine,Tri,0.3448752611875534,14
B0MC37,serotonin,Di,0.23260954022407532,42
B0MC37,serotonin,Mono,0.21468321979045868,50
B0MC37,serotonin,Tri,0.2647603303194046,29
B0MC37,threonine,Di,0.3924332708120346,1
B0MC37,threonine,Mono,0.37123903632164,3
B0MC37,threonine,Tri,0.3561561554670334,9
B0MC37,tryptamine,Di,0.21161998808383942,52
B0MC37,tryptamine,Mono,0.18427551537752151,65
B0MC37,tryptamine,Tri,0.21705977618694305,48
B0MC37,tyramine,Di,0.23503056168556213,41
B0MC37,tyramine,Mono,0.2412637621164322,35
B0MC37,tyramine,Tri,0.23554377257823944,40
B5D243,"2,3_diaminopropionic acid",Di,0.33028319478034973,14
B5D243,"2,3_diaminopropionic acid",Mono,0.2770925909280777,27
B5D243,"2,3_diaminopropionic acid",Tri,0.3238600641489029,17
B5D243,2_aminophenol,Di,0.3494749963283539,9
B5D243,2_aminophenol,Mono,0.3011787384748459,23
B5D243,2_aminophenol,Tri,0.29900120198726654,25
B5D243,3_methoxytyramine,Di,0.04893993120640516,75
B5D243,3_methoxytyramine,Mono,0.08243830502033234,72
B5D243,3_methoxytyramine,Tri,0.062463756650686264,74
B5D243,alanine,Di,0.16155566275119781,68
B5D243,alanine,Mono,0.23417377471923828,36
B5D243,alanine,Tri,0.1976984217762947,57
B5D243,arginine,Di,0.20551463216543198,49
B5D243,arginine,Mono,0.2287193462252617,41
B5D243,arginine,Tri,0.23975733667612076,33
B5D243,asparagine,Di,0.2794838398694992,26
B5D243,asparagine,Mono,0.3096182495355606,22
B5D243,asparagine,Tri,0.2733363211154938,28
B5D243,cadaverine,Di,0.20187480747699738,54
B5D243,cadaverine,Mono,0.20485194772481918,51
B5D243,cadaverine,Tri,0.22100061923265457,44
B5D243,citrulline,Di,0.31817349791526794,21
B5D243,citrulline,Mono,0.36600570380687714,4
B5D243,citrulline,Tri,0.3184274733066559,20
B5D243,cystine,Di,0.15126779675483704,69
B5D243,cystine,Mono,0.22134706377983093,42
B5D243,cystine,Tri,0.19342073798179626,61
B5D243,dopamine,Di,0.18213175982236862,64
B5D243,dopamine,Mono,0.20066407322883606,55
B5D243,dopamine,Tri,0.18773958086967468,63
B5D243,gaba,Di,0.1668616309762001,66
B5D243,gaba,Mono,0.19024193286895752,62
B5D243,gaba,Tri,0.20274671912193298,53
B5D243,glutamine,Di,0.362038716673851,5
B5D243,glutamine,Mono,0.32545606791973114,16
B5D243,glutamine,Tri,0.30004625022411346,24
B5D243,glyglycine,Di,0.09265162609517574,71
B5D243,glyglycine,Mono,0.16578281670808792,67
B5D243,glyglycine,Tri,0.07860685139894485,73
B5D243,histidine,Di,0.3221290558576584,18
B5D243,histidine,Mono,0.3586069792509079,7
B5D243,histidine,Tri,0.3375978022813797,12
B5D243,lysine,Di,0.2134767845273018,45
B5D243,lysine,Mono,0.19995957612991333,56
B5D243,lysine,Tri,0.2315099835395813,37
B5D243,methionine,Di,0.14334416389465332,70
B5D243,methionine,Mono,0.2028900533914566,52
B5D243,methionine,Tri,0.19367846846580505,60
B5D243,ornithine,Di,0.20520582050085068,50
B5D243,ornithine,Mono,0.19566002488136292,58
B5D243,ornithine,Tri,0.25082673132419586,31
B5D243,phenylalanine,Di,0.35481420159339905,8
B5D243,phenylalanine,Mono,0.36780528724193573,3
B5D243,phenylalanine,Tri,0.3209025412797928,19
B5D243,proline,Di,0.2493041604757309,32
B5D243,proline,Mono,0.36097022891044617,6
B5D243,proline,Tri,0.23001728951931,38
B5D243,putrescine,Di,0.22953394055366516,39
B5D243,putrescine,Mono,0.2514842748641968,30
B5D243,putrescine,Tri,0.21011747419834137,47
B5D243,serine,Di,0.345747709274292,10
B5D243,serine,Mono,0.3369150310754776,13
B5D243,serine,Tri,0.32622070610523224,15
B5D243,serotonin,Di,0.2355158030986786,35
B5D243,serotonin,Mono,0.20844298601150513,48
B5D243,serotonin,Tri,0.262739896774292,29
B5D243,threonine,Di,0.3996139019727707,1
B5D243,threonine,Mono,0.37476322054862976,2
B5D243,threonine,Tri,0.3444177657365799,11
B5D243,tryptamine,Di,0.1956392452120781,59
B5D243,tryptamine,Mono,0.1682644858956337,65
B5D243,tryptamine,Tri,0.2112537994980812,46
B5D243,tyramine,Di,0.2364640235900879,34
B5D243,tyramine,Mono,0.22129091620445251,43
B5D243,tyramine,Tri,0.22906339913606644,40
B7AVX6,"2,3_diaminopropionic acid",Di,0.3434993773698807,7
B7AVX6,"2,3_diaminopropionic acid",Mono,0.2701135501265526,28
B7AVX6,"2,3_diaminopropionic acid",Tri,0.3322247862815857,12
B7AVX6,2_aminophenol,Di,0.36947202682495117,3
B7AVX6,2_aminophenol,Mono,0.29447364062070847,22
B7AVX6,2_aminophenol,Tri,0.30409932136535645,19
B7AVX6,3_methoxytyramine,Di,0.07602032646536827,74
B7AVX6,3_methoxytyramine,Mono,0.11809171736240387,71
B7AVX6,3_methoxytyramine,Tri,0.07374004647135735,75
B7AVX6,alanine,Di,0.1567579247057438,68
B7AVX6,alanine,Mono,0.2069234549999237,50
B7AVX6,alanine,Tri,0.17291104793548584,65
B7AVX6,arginine,Di,0.19425438344478607,60
B7AVX6,arginine,Mono,0.21328646689653397,48
B7AVX6,arginine,Tri,0.22788956761360168,43
B7AVX6,asparagine,Di,0.2724258452653885,27
B7AVX6,asparagine,Mono,0.2726602554321289,26
B7AVX6,asparagine,Tri,0.25993987917900085,30
B7AVX6,cadaverine,Di,0.206539086997509,52
B7AVX6,cadaverine,Mono,0.19340874999761581,61
B7AVX6,cadaverine,Tri,0.20692069828510284,51
B7AVX6,citrulline,Di,0.3347542881965637,11
B7AVX6,citrulline,Mono,0.3436914384365082,6
B7AVX6,citrulline,Tri,0.3291223794221878,13
B7AVX6,cystine,Di,0.16341865062713623,67
B7AVX6,cystine,Mono,0.22601599991321564,44
B7AVX6,cystine,Tri,0.19713566452264786,58
B7AVX6,dopamine,Di,0.21446335315704346,47
B7AVX6,dopamine,Mono,0.22942936420440674,41
B7AVX6,dopamine,Tri,0.2233700305223465,45
B7AVX6,gaba,Di,0.18503406643867493,63
B7AVX6,gaba,Mono,0.19237592816352844,62
B7AVX6,gaba,Tri,0.20209936797618866,56
B7AVX6,glutamine,Di,0.35190095007419586,5
B7AVX6,glutamine,Mono,0.29079046100378036,23
B7AVX6,glutamine,Tri,0.28261929750442505,25
B7AVX6,glyglycine,Di,0.07753261551260948,73
B7AVX6,glyglycine,Mono,0.14429325610399246,69
B7AVX6,glyglycine,Tri,0.0843199361115694,72
B7AVX6,histidine,Di,0.2962587922811508,21
B7AVX6,histidine,Mono,0.3226350098848343,16
B7AVX6,histidine,Tri,0.32299570739269257,15
B7AVX6,lysine,Di,0.2126772478222847,49
B7AVX6,lysine,Mono,0.2015935704112053,57
B7AVX6,lysine,Tri,0.22805219143629074,42
B7AVX6,methionine,Di,0.13672423362731934,70
B7AVX6,methionine,Mono,0.17319222539663315,64
B7AVX6,methionine,Tri,0.171823650598526,66
B7AVX6,ornithine,Di,0.21651765704154968,46
B7AVX6,ornithine,Mono,0.20438378304243088,54
B7AVX6,ornithine,Tri,0.26287534087896347,29
B7AVX6,phenylalanine,Di,0.3368322551250458,9
B7AVX6,phenylalanine,Mono,0.32832253724336624,14
B7AVX6,phenylalanine,Tri,0.3033946305513382,20
B7AVX6,proline,Di,0.25133178383111954,34
B7AVX6,proline,Mono,0.3367116451263428,10
B7AVX6,proline,Tri,0.20635993033647537,53
B7AVX6,putrescine,Di,0.24424096196889877,37
B7AVX6,putrescine,Mono,0.2464386522769928,36
B7AVX6,putrescine,Tri,0.20367331802845,55
B7AVX6,serine,Di,0.3417571038007736,8
B7AVX6,serine,Mono,0.305178627371788,18
B7AVX6,serine,Tri,0.3191644251346588,17
B7AVX6,serotonin,Di,0.25849954783916473,31
B7AVX6,serotonin,Mono,0.2313331663608551,40
B7AVX6,serotonin,Tri,0.2837681174278259,24
B7AVX6,threonine,Di,0.42199283838272095,1
B7AVX6,threonine,Mono,0.3801411837339401,2
B7AVX6,threonine,Tri,0.3573961704969406,4
B7AVX6,tryptamine,Di,0.2336169332265854,38
B7AVX6,tryptamine,Mono,0.19699493795633316,59
B7AVX6,tryptamine,Tri,0.2325635477900505,39
B7AVX6,tyramine,Di,0.2583964616060257,32
B7AVX6,tyramine,Mono,0.25311245024204254,33
B7AVX6,tyramine,Tri,0.25023193657398224,35
C0CIF5,"2,3_diaminopropionic acid",Di,0.30840982496738434,16
C0CIF5,"2,3_diaminopropionic acid",Mono,0.2641770988702774,28
C0CIF5,"2,3_diaminopropionic acid",Tri,0.32218320667743683,14
C0CIF5,2_aminophenol,Di,0.328419953584671,11
C0CIF5,2_aminophenol,Mono,0.28386401385068893,25
C0CIF5,2_aminophenol,Tri,0.2884785234928131,22
C0CIF5,3_methoxytyramine,Di,0.07842012215405703,73
C0CIF5,3_methoxytyramine,Mono,0.1036112792789936,71
C0CIF5,3_methoxytyramine,Tri,0.06897557899355888,75
C0CIF5,alanine,Di,0.13468531891703606,68
C0CIF5,alanine,Mono,0.22112531960010529,39
C0CIF5,alanine,Tri,0.18307948112487793,59
C0CIF5,arginine,Di,0.1820349171757698,60
C0CIF5,arginine,Mono,0.2280001938343048,35
C0CIF5,arginine,Tri,0.22084299474954605,40
C0CIF5,asparagine,Di,0.26504844427108765,27
C0CIF5,asparagine,Mono,0.28878918290138245,21
C0CIF5,asparagine,Tri,0.2693523243069649,26
C0CIF5,cadaverine,Di,0.17810636013746262,63
C0CIF5,cadaverine,Mono,0.19166340678930283,54
C0CIF5,cadaverine,Tri,0.19664237648248672,50
C0CIF5,citrulline,Di,0.28927619755268097,20
C0CIF5,citrulline,Mono,0.3351234793663025,9
C0CIF5,citrulline,Tri,0.2883048504590988,23
C0CIF5,cystine,Di,0.12260841205716133,70
C0CIF5,cystine,Mono,0.2239820510149002,37
C0CIF5,cystine,Tri,0.18143324553966522,61
C0CIF5,dopamine,Di,0.18971148133277893,56
C0CIF5,dopamine,Mono,0.22293967008590698,38
C0CIF5,dopamine,Tri,0.19996625930070877,47
C0CIF5,gaba,Di,0.14857779443264008,67
C0CIF5,gaba,Mono,0.1946098729968071,53
C0CIF5,gaba,Tri,0.17676274478435516,64
C0CIF5,glutamine,Di,0.34051714837551117,5
C0CIF5,glutamine,Mono,0.30219821631908417,18
C0CIF5,glutamine,Tri,0.29038219153881073,19
C0CIF5,glyglycine,Di,0.07867729663848877,72
C0CIF5,glyglycine,Mono,0.1505628079175949,66
C0CIF5,glyglycine,Tri,0.07550893351435661,74
C0CIF5,histidine,Di,0.28810445964336395,24
C0CIF5,histidine,Mono,0.33675889670848846,8
C0CIF5,histidine,Tri,0.32263000309467316,13
C0CIF5,lysine,Di,0.19480405002832413,52
C0CIF5,lysine,Mono,0.19982727617025375,48
C0CIF5,lysine,Tri,0.20576857030391693,45
C0CIF5,methionine,Di,0.12542353570461273,69
C0CIF5,methionine,Mono,0.17915422469377518,62
C0CIF5,methionine,Tri,0.15587657690048218,65
C0CIF5,ornithine,Di,0.18683648854494095,57
C0CIF5,ornithine,Mono,0.19800280034542084,49
C0CIF5,ornithine,Tri,0.23559698462486267,33
C0CIF5,phenylalanine,Di,0.33919161558151245,6
C0CIF5,phenylalanine,Mono,0.3484312891960144,3
C0CIF5,phenylalanine,Tri,0.3079865872859955,17
C0CIF5,proline,Di,0.21689386665821075,42
C0CIF5,proline,Mono,0.3383985161781311,7
C0CIF5,proline,Tri,0.1952391415834427,51
C0CIF5,putrescine,Di,0.2087191790342331,43
C0CIF5,putrescine,Mono,0.2405301034450531,31
C0CIF5,putrescine,Tri,0.19038352370262146,55
C0CIF5,serine,Di,0.325567826628685,12
C0CIF5,serine,Mono,0.3301030844449997,10
C0CIF5,serine,Tri,0.3150697499513626,15
C0CIF5,serotonin,Di,0.22734498232603073,36
C0CIF5,serotonin,Mono,0.21715907752513885,41
C0CIF5,serotonin,Tri,0.25688309967517853,29
C0CIF5,threonine,Di,0.3872693181037903,1
C0CIF5,threonine,Mono,0.3633642941713333,2
C0CIF5,threonine,Tri,0.34226565062999725,4
C0CIF5,tryptamine,Di,0.20179368555545807,46
C0CIF5,tryptamine,Mono,0.18675706535577774,58
C0CIF5,tryptamine,Tri,0.20599381625652313,44
C0CIF5,tyramine,Di,0.23436491191387177,34
C0CIF5,tyramine,Mono,0.24379214644432068,30
C0CIF5,tyramine,Tri,0.23571929335594177,32
C0ERS1,"2,3_diaminopropionic acid",Di,0.34249624609947205,11
C0ERS1,"2,3_diaminopropionic acid",Mono,0.26833227276802063,31
C0ERS1,"2,3_diaminopropionic acid",Tri,0.3446558713912964,10
C0ERS1,2_aminophenol,Di,0.37194932997226715,3
C0ERS1,2_aminophenol,Mono,0.30188849568367004,22
C0ERS1,2_aminophenol,Tri,0.3171941190958023,20
C0ERS1,3_methoxytyramine,Di,0.08935732021927834,73
C0ERS1,3_methoxytyramine,Mono,0.12203257530927658,71
C0ERS1,3_methoxytyramine,Tri,0.08141310699284077,74
C0ERS1,alanine,Di,0.15119146928191185,69
C0ERS1,alanine,Mono,0.2185371369123459,50
C0ERS1,alanine,Tri,0.17418168485164642,65
C0ERS1,arginine,Di,0.1894213780760765,63
C0ERS1,arginine,Mono,0.21709857136011124,51
C0ERS1,arginine,Tri,0.22964588552713394,45
C0ERS1,asparagine,Di,0.28721773624420166,27
C0ERS1,asparagine,Mono,0.28811438381671906,26
C0ERS1,asparagine,Tri,0.2801586389541626,28
C0ERS1,cadaverine,Di,0.21067354083061218,56
C0ERS1,cadaverine,Mono,0.2004193812608719,61
C0ERS1,cadaverine,Tri,0.21997575461864471,49
C0ERS1,citrulline,Di,0.3300561308860779,16
C0ERS1,citrulline,Mono,0.3466136157512665,9
C0ERS1,citrulline,Tri,0.32666292786598206,18
C0ERS1,cystine,Di,0.16482391953468323,67
C0ERS1,cystine,Mono,0.2371736615896225,43
C0ERS1,cystine,Tri,0.20610730350017548,58
C0ERS1,dopamine,Di,0.22355876863002777,47
C0ERS1,dopamine,Mono,0.24195709079504013,38
C0ERS1,dopamine,Tri,0.23781047761440277,42
C0ERS1,gaba,Di,0.19135141372680664,62
C0ERS1,gaba,Mono,0.20584890991449356,59
C0ERS1,gaba,Tri,0.21181666105985641,55
C0ERS1,glutamine,Di,0.36219096183776855,5
C0ERS1,glutamine,Mono,0.3022687956690788,21
C0ERS1,glutamine,Tri,0.2979012280702591,24
C0ERS1,glyglycine,Di,0.08140231296420097,75
C0ERS1,glyglycine,Mono,0.15232612937688828,68
C0ERS1,glyglycine,Tri,0.09581677615642548,72
C0ERS1,histidine,Di,0.2986930161714554,23
C0ERS1,histidine,Mono,0.3354656994342804,14
C0ERS1,histidine,Tri,0.3379825949668884,13
C0ERS1,lysine,Di,0.22352275252342224,48
C0ERS1,lysine,Mono,0.21271541714668274,54
C0ERS1,lysine,Tri,0.2370019108057022,44
C0ERS1,methionine,Di,0.1366361677646637,70
C0ERS1,methionine,Mono,0.1797848716378212,64
C0ERS1,methionine,Tri,0.16888874024152756,66
C0ERS1,ornithine,Di,0.22422906756401062,46
C0ERS1,ornithine,Mono,0.21523581445217133,53
C0ERS1,ornithine,Tri,0.2753155082464218,29
C0ERS1,phenylalanine,Di,0.3562985956668854,6
C0ERS1,phenylalanine,Mono,0.35012033581733704,7
C0ERS1,phenylalanine,Tri,0.3241174668073654,19
C0ERS1,proline,Di,0.24244247376918793,37
C0ERS1,proline,Mono,0.33979053795337677,12
C0ERS1,proline,Tri,0.2054857462644577,60
C0ERS1,putrescine,Di,0.24680095911026,36
C0ERS1,putrescine,Mono,0.25235362350940704,35
C0ERS1,putrescine,Tri,0.21549201756715775,52
C0ERS1,serine,Di,0.34712789952754974,8
C0ERS1,serine,Mono,0.32795344293117523,17
C0ERS1,serine,Tri,0.33197447657585144,15
C0ERS1,serotonin,Di,0.2644755467772484,34
C0ERS1,serotonin,Mono,0.24010886996984482,39
C0ERS1,serotonin,Tri,0.29565517604351044,25
C0ERS1,threonine,Di,0.4209814518690109,1
C0ERS1,threonine,Mono,0.385897159576416,2
C0ERS1,threonine,Tri,0.36625267565250397,4
C0ERS1,tryptamine,Di,0.23882878571748734,40
C0ERS1,tryptamine,Mono,0.20723162591457367,57
C0ERS1,tryptamine,Tri,0.23822536319494247,41
C0ERS1,tyramine,Di,0.26852941513061523,30
C0ERS1,tyramine,Mono,0.267198771238327,33
C0ERS1,tyramine,Tri,0.26742562651634216,32
G5H9U7,"2,3_diaminopropionic acid",Di,0.349412277340889,19
G5H9U7,"2,3_diaminopropionic acid",Mono,0.36414019763469696,17
G5H9U7,"2,3_diaminopropionic acid",Tri,0.3220122754573822,29
G5H9U7,2_aminophenol,Di,0.38572753965854645,15
G5H9U7,2_aminophenol,Mono,0.3897063732147217,13
G5H9U7,2_aminophenol,Tri,0.3350657522678375,23
G5H9U7,3_methoxytyramine,Di,0.05393194034695625,75
G5H9U7,3_methoxytyramine,Mono,0.11086869612336159,72
G5H9U7,3_methoxytyramine,Tri,0.0683991014957428,74
G5H9U7,alanine,Di,0.2524598017334938,46
G5H9U7,alanine,Mono,0.34226512908935547,21
G5H9U7,alanine,Tri,0.2381802648305893,49
G5H9U7,arginine,Di,0.25666818022727966,44
G5H9U7,arginine,Mono,0.2892279848456383,33
G5H9U7,arginine,Tri,0.28762754797935486,34
G5H9U7,asparagine,Di,0.33485862612724304,24
G5H9U7,asparagine,Mono,0.4117398113012314,8
G5H9U7,asparagine,Tri,0.31835275888442993,30
G5H9U7,cadaverine,Di,0.2586500495672226,42
G5H9U7,cadaverine,Mono,0.3132387846708298,32
G5H9U7,cadaverine,Tri,0.253077857196331,45
G5H9U7,citrulline,Di,0.3340933322906494,25
G5H9U7,citrulline,Mono,0.44637778401374817,4
G5H9U7,citrulline,Tri,0.3225630819797516,28
G5H9U7,cystine,Di,0.1942170038819313,62
G5H9U7,cystine,Mono,0.28575631976127625,35
G5H9U7,cystine,Tri,0.2137131467461586,56
G5H9U7,dopamine,Di,0.15101619064807892,69
G5H9U7,dopamine,Mono,0.190886452794075,63
G5H9U7,dopamine,Tri,0.13053949549794197,71
G5H9U7,gaba,Di,0.19502606987953186,61
G5H9U7,gaba,Mono,0.27410420775413513,38
G5H9U7,gaba,Tri,0.215750589966774,55
G5H9U7,glutamine,Di,0.3931285887956619,11
G5H9U7,glutamine,Mono,0.4383433759212494,5
G5H9U7,glutamine,Tri,0.3337463438510895,26
G5H9U7,glyglycine,Di,0.1603827327489853,67
G5H9U7,glyglycine,Mono,0.2381608933210373,50
G5H9U7,glyglycine,Tri,0.08738256990909576,73
G5H9U7,histidine,Di,0.3919520229101181,12
G5H9U7,histidine,Mono,0.4568445682525635,2
G5H9U7,histidine,Tri,0.3690539449453354,16
G5H9U7,lysine,Di,0.2580755352973938,43
G5H9U7,lysine,Mono,0.2754971832036972,37
G5H9U7,lysine,Tri,0.2683635801076889,40
G5H9U7,methionine,Di,0.20469826459884644,59
G5H9U7,methionine,Mono,0.3244274705648422,27
G5H9U7,methionine,Tri,0.23664969950914383,51
G5H9U7,ornithine,Di,0.24647139012813568,48
G5H9U7,ornithine,Mono,0.2773386687040329,36
G5H9U7,ornithine,Tri,0.27380189299583435,39
G5H9U7,phenylalanine,Di,0.40265020728111267,9
G5H9U7,phenylalanine,Mono,0.45902514457702637,1
G5H9U7,phenylalanine,Tri,0.3515087217092514,18
G5H9U7,proline,Di,0.23205611109733582,52
G5H9U7,proline,Mono,0.4232312738895416,7
G5H9U7,proline,Tri,0.2628871500492096,41
G5H9U7,putrescine,Di,0.25129206478595734,47
G5H9U7,putrescine,Mono,0.3361390233039856,22
G5H9U7,putrescine,Tri,0.2201903983950615,54
G5H9U7,serine,Di,0.38946695625782013,14
G5H9U7,serine,Mono,0.4519796818494797,3
G5H9U7,serine,Tri,0.3477254658937454,20
G5H9U7,serotonin,Di,0.2079193815588951,57
G5H9U7,serotonin,Mono,0.1974102035164833,60
G5H9U7,serotonin,Tri,0.23009884357452393,53
G5H9U7,threonine,Di,0.39665883779525757,10
G5H9U7,threonine,Mono,0.424496591091156,6
G5H9U7,threonine,Tri,0.31362438201904297,31
G5H9U7,tryptamine,Di,0.1637784168124199,66
G5H9U7,tryptamine,Mono,0.14717300981283188,70
G5H9U7,tryptamine,Tri,0.15547659993171692,68
G5H9U7,tyramine,Di,0.18423838168382645,64
G5H9U7,tyramine,Mono,0.2076820284128189,58
G5H9U7,tyramine,Tri,0.16851173341274261,65
H1DEM8,"2,3_diaminopropionic acid",Di,0.3333791643381119,13
H1DEM8,"2,3_diaminopropionic acid",Mono,0.2539317458868027,31
H1DEM8,"2,3_diaminopropionic acid",Tri,0.3277888596057892,14
H1DEM8,2_aminophenol,Di,0.3450372666120529,7
H1DEM8,2_aminophenol,Mono,0.274468831717968,26
H1DEM8,2_aminophenol,Tri,0.29268284142017365,23
H1DEM8,3_methoxytyramine,Di,0.08015378005802631,73
H1DEM8,3_methoxytyramine,Mono,0.08796406537294388,72
H1DEM8,3_methoxytyramine,Tri,0.06854217499494553,75
H1DEM8,alanine,Di,0.14376994967460632,68
H1DEM8,alanine,Mono,0.2012588009238243,52
H1DEM8,alanine,Tri,0.16956496983766556,64
H1DEM8,arginine,Di,0.201081320643425,53
H1DEM8,arginine,Mono,0.2108364924788475,47
H1DEM8,arginine,Tri,0.22178825736045837,41
H1DEM8,asparagine,Di,0.27280130982398987,27
H1DEM8,asparagine,Mono,0.2846514582633972,24
H1DEM8,asparagine,Tri,0.26936952769756317,28
H1DEM8,cadaverine,Di,0.19279219955205917,56
H1DEM8,cadaverine,Mono,0.17564374208450317,62
H1DEM8,cadaverine,Tri,0.2036244049668312,51
H1DEM8,citrulline,Di,0.318086639046669,17
H1DEM8,citrulline,Mono,0.33745934069156647,10
H1DEM8,citrulline,Tri,0.3091142475605011,20
H1DEM8,cystine,Di,0.14125048369169235,69
H1DEM8,cystine,Mono,0.2073235809803009,49
H1DEM8,cystine,Tri,0.17604422569274902,61
H1DEM8,dopamine,Di,0.21419250220060349,45
H1DEM8,dopamine,Mono,0.21992964297533035,43
H1DEM8,dopamine,Tri,0.21169254183769226,46
H1DEM8,gaba,Di,0.17033425718545914,63
H1DEM8,gaba,Mono,0.17785996198654175,59
H1DEM8,gaba,Tri,0.19131366163492203,57
H1DEM8,glutamine,Di,0.361268013715744,3
H1DEM8,glutamine,Mono,0.2976704239845276,21
H1DEM8,glutamine,Tri,0.29429154098033905,22
H1DEM8,glyglycine,Di,0.09550045989453793,71
H1DEM8,glyglycine,Mono,0.14584877341985703,67
H1DEM8,glyglycine,Tri,0.07354889810085297,74
H1DEM8,histidine,Di,0.3125148117542267,18
H1DEM8,histidine,Mono,0.3358650878071785,11
H1DEM8,histidine,Tri,0.3351237177848816,12
H1DEM8,lysine,Di,0.2171172797679901,44
H1DEM8,lysine,Mono,0.18648771941661835,58
H1DEM8,lysine,Tri,0.22096943855285645,42
H1DEM8,methionine,Di,0.1357276737689972,70
H1DEM8,methionine,Mono,0.16902611404657364,65
H1DEM8,methionine,Tri,0.16758240014314651,66
H1DEM8,ornithine,Di,0.20380424708127975,50
H1DEM8,ornithine,Mono,0.17645348608493805,60
H1DEM8,ornithine,Tri,0.24266956746578217,33
H1DEM8,phenylalanine,Di,0.36831001937389374,2
H1DEM8,phenylalanine,Mono,0.34650829434394836,5
H1DEM8,phenylalanine,Tri,0.3233630210161209,15
H1DEM8,proline,Di,0.24190514534711838,34
H1DEM8,proline,Mono,0.3412553519010544,9
H1DEM8,proline,Tri,0.2104744166135788,48
H1DEM8,putrescine,Di,0.22706452757120132,38
H1DEM8,putrescine,Mono,0.22936446964740753,37
H1DEM8,putrescine,Tri,0.196342833340168,54
H1DEM8,serine,Di,0.3449505418539047,8
H1DEM8,serine,Mono,0.3116692826151848,19
H1DEM8,serine,Tri,0.3182719349861145,16
H1DEM8,serotonin,Di,0.2539653033018112,30
H1DEM8,serotonin,Mono,0.222953200340271,40
H1DEM8,serotonin,Tri,0.27616335451602936,25
H1DEM8,threonine,Di,0.4021393805742264,1
H1DEM8,threonine,Mono,0.3544122278690338,4
H1DEM8,threonine,Tri,0.34508034586906433,6
H1DEM8,tryptamine,Di,0.2311980277299881,36
H1DEM8,tryptamine,Mono,0.1930180788040161,55
H1DEM8,tryptamine,Tri,0.22423306107521057,39
H1DEM8,tyramine,Di,0.26121383905410767,29
H1DEM8,tyramine,Mono,0.2358310967683792,35
H1DEM8,tyramine,Tri,0.24559666216373444,32
M7X2M2,"2,3_diaminopropionic acid",Di,0.2795485854148865,1
M7X2M2,"2,3_diaminopropionic acid",Mono,0.17126452177762985,34
M7X2M2,"2,3_diaminopropionic acid",Tri,0.23071960359811783,6
M7X2M2,2_aminophenol,Di,0.2479095757007599,4
M7X2M2,2_aminophenol,Mono,0.17182078212499619,33
M7X2M2,2_aminophenol,Tri,0.18916362524032593,21
M7X2M2,3_methoxytyramine,Di,0.0375020420178771,73
M7X2M2,3_methoxytyramine,Mono,0.018508171662688255,74
M7X2M2,3_methoxytyramine,Tri,0.008881173096597195,75
M7X2M2,alanine,Di,0.16161106526851654,41
M7X2M2,alanine,Mono,0.13622821494936943,56
M7X2M2,alanine,Tri,0.10137555375695229,68
M7X2M2,arginine,Di,0.2219238057732582,7
M7X2M2,arginine,Mono,0.1654236540198326,39
M7X2M2,arginine,Tri,0.16468220949172974,40
M7X2M2,asparagine,Di,0.1671523004770279,37
M7X2M2,asparagine,Mono,0.17563118785619736,29
M7X2M2,asparagine,Tri,0.1752220094203949,30
M7X2M2,cadaverine,Di,0.1818966642022133,26
M7X2M2,cadaverine,Mono,0.12299543619155884,62
M7X2M2,cadaverine,Tri,0.15951432287693024,43
M7X2M2,citrulline,Di,0.1726192608475685,31
M7X2M2,citrulline,Mono,0.18240886926651,25
M7X2M2,citrulline,Tri,0.1970752626657486,13
M7X2M2,cystine,Di,0.12528686225414276,60
M7X2M2,cystine,Mono,0.1324954479932785,58
M7X2M2,cystine,Tri,0.10942678898572922,66
M7X2M2,dopamine,Di,0.1505362167954445,47
M7X2M2,dopamine,Mono,0.11888224259018898,63
M7X2M2,dopamine,Tri,0.11310092359781265,65
M7X2M2,gaba,Di,0.169496089220047,35
M7X2M2,gaba,Mono,0.10574063658714294,67
M7X2M2,gaba,Tri,0.15238619595766068,45
M7X2M2,glutamine,Di,0.23311436921358109,5
M7X2M2,glutamine,Mono,0.18631136044859886,23
M7X2M2,glutamine,Tri,0.2038176953792572,11
M7X2M2,glyglycine,Di,0.13668229430913925,54
M7X2M2,glyglycine,Mono,0.1133311353623867,64
M7X2M2,glyglycine,Tri,0.05933176167309284,72
M7X2M2,histidine,Di,0.20952799916267395,10
M7X2M2,histidine,Mono,0.19009917229413986,18
M7X2M2,histidine,Tri,0.17934083938598633,27
M7X2M2,lysine,Di,0.1832984760403633,24
M7X2M2,lysine,Mono,0.08442434296011925,71
M7X2M2,lysine,Tri,0.14875411987304688,48
M7X2M2,methionine,Di,0.1330939084291458,57
M7X2M2,methionine,Mono,0.13642960414290428,55
M7X2M2,methionine,Tri,0.14248671382665634,52
M7X2M2,ornithine,Di,0.19166461378335953,17
M7X2M2,ornithine,Mono,0.08750773966312408,69
M7X2M2,ornithine,Tri,0.15447955578565598,44
M7X2M2,phenylalanine,Di,0.2556404024362564,2
M7X2M2,phenylalanine,Mono,0.1893947571516037,20
M7X2M2,phenylalanine,Tri,0.1895972415804863,19
M7X2M2,proline,Di,0.12480287998914719,61
M7X2M2,proline,Mono,0.19548548758029938,15
M7X2M2,proline,Tri,0.16780062019824982,36
M7X2M2,putrescine,Di,0.1951916590332985,16
M7X2M2,putrescine,Mono,0.15163052082061768,46
M7X2M2,putrescine,Tri,0.14503677189350128,50
M7X2M2,serine,Di,0.2215854898095131,8
M7X2M2,serine,Mono,0.16645661741495132,38
M7X2M2,serine,Tri,0.1599099561572075,42
M7X2M2,serotonin,Di,0.19808508455753326,12
M7X2M2,serotonin,Mono,0.14370887726545334,51
M7X2M2,serotonin,Tri,0.18700897693634033,22
M7X2M2,threonine,Di,0.25275858491659164,3
M7X2M2,threonine,Mono,0.1967713087797165,14
M7X2M2,threonine,Tri,0.1721086949110031,32
M7X2M2,tryptamine,Di,0.21897943317890167,9
M7X2M2,tryptamine,Mono,0.14625070244073868,49
M7X2M2,tryptamine,Tri,0.1411304697394371,53
M7X2M2,tyramine,Di,0.17627863585948944,28
M7X2M2,tyramine,Mono,0.08651943504810333,70
M7X2M2,tyramine,Tri,0.12545763328671455,59
P12256,"2,3_diaminopropionic acid",Di,0.21122858673334122,39
P12256,"2,3_diaminopropionic acid",Mono,0.2938678413629532,21
P12256,"2,3_diaminopropionic acid",Tri,0.250351145863533,28
P12256,2_aminophenol,Di,0.27125537395477295,24
P12256,2_aminophenol,Mono,0.3434695899486542,10
P12256,2_aminophenol,Tri,0.279412180185318,23
P12256,3_methoxytyramine,Di,-0.0024961940944194794,74
P12256,3_methoxytyramine,Mono,0.045222154818475246,69
P12256,3_methoxytyramine,Tri,-0.004508934915065765,75
P12256,alanine,Di,0.1316717453300953,55
P12256,alanine,Mono,0.29920244216918945,20
P12256,alanine,Tri,0.19712480902671814,42
P12256,arginine,Di,0.16597342491149902,47
P12256,arginine,Mono,0.24496454000473022,30
P12256,arginine,Tri,0.24511661380529404,29
P12256,asparagine,Di,0.2656681090593338,26
P12256,asparagine,Mono,0.3976804316043854,5
P12256,asparagine,Tri,0.3004195839166641,19
P12256,cadaverine,Di,0.1504707783460617,49
P12256,cadaverine,Mono,0.23467124998569489,31
P12256,cadaverine,Tri,0.19860339909791946,41
P12256,citrulline,Di,0.21735984832048416,36
P12256,citrulline,Mono,0.36606451869010925,7
P12256,citrulline,Tri,0.21948344260454178,34
P12256,cystine,Di,0.0556116197258234,68
P12256,cystine,Mono,0.22079585492610931,33
P12256,cystine,Tri,0.12918110936880112,56
P12256,dopamine,Di,0.03691334184259176,72
P12256,dopamine,Mono,0.11549616977572441,58
P12256,dopamine,Tri,0.039754146710038185,70
P12256,gaba,Di,0.08914898335933685,62
P12256,gaba,Mono,0.20894165337085724,40
P12256,gaba,Tri,0.14727891609072685,51
P12256,glutamine,Di,0.3072654455900192,15
P12256,glutamine,Mono,0.42350712418556213,4
P12256,glutamine,Tri,0.3020191192626953,18
P12256,glyglycine,Di,0.07899356260895729,63
P12256,glyglycine,Mono,0.14936601370573044,50
P12256,glyglycine,Tri,0.026480073109269142,73
P12256,histidine,Di,0.3278128653764725,11
P12256,histidine,Mono,0.4545770138502121,3
P12256,histidine,Tri,0.3276859372854233,12
P12256,lysine,Di,0.1770479828119278,46
P12256,lysine,Mono,0.21484697610139847,37
P12256,lysine,Tri,0.2116340845823288,38
P12256,methionine,Di,0.1324370875954628,54
P12256,methionine,Mono,0.30206675827503204,17
P12256,methionine,Tri,0.18748412281274796,43
P12256,ornithine,Di,0.15398184955120087,48
P12256,ornithine,Mono,0.22719182074069977,32
P12256,ornithine,Tri,0.2193911075592041,35
P12256,phenylalanine,Di,0.3494580388069153,9
P12256,phenylalanine,Mono,0.45663368701934814,2
P12256,phenylalanine,Tri,0.32070329785346985,13
P12256,proline,Di,0.11592000722885132,57
P12256,proline,Mono,0.3667125254869461,6
P12256,proline,Tri,0.18299609422683716,44
P12256,putrescine,Di,0.14525283873081207,52
P12256,putrescine,Mono,0.2604280710220337,27
P12256,putrescine,Tri,0.17801382392644882,45
P12256,serine,Di,0.30709534883499146,16
P12256,serine,Mono,0.463082954287529,1
P12256,serine,Tri,0.3094244599342346,14
P12256,serotonin,Di,0.06674742326140404,65
P12256,serotonin,Mono,0.09488179534673691,60
P12256,serotonin,Tri,0.11315647512674332,59
P12256,threonine,Di,0.28417423367500305,22
P12256,threonine,Mono,0.35477055609226227,8
P12256,threonine,Tri,0.27110880613327026,25
P12256,tryptamine,Di,0.03937337175011635,71
P12256,tryptamine,Mono,0.06751647964119911,64
P12256,tryptamine,Tri,0.057973554357886314,67
P12256,tyramine,Di,0.06416807696223259,66
P12256,tyramine,Mono,0.1337713748216629,53
P12256,tyramine,Tri,0.0915052704513073,61
R7PBA0,"2,3_diaminopropionic acid",Di,0.29984302818775177,21
R7PBA0,"2,3_diaminopropionic acid",Mono,0.25097033381462097,28
R7PBA0,"2,3_diaminopropionic acid",Tri,0.31157490611076355,15
R7PBA0,2_aminophenol,Di,0.31628504395484924,14
R7PBA0,2_aminophenol,Mono,0.2797950655221939,24
R7PBA0,2_aminophenol,Tri,0.2746009826660156,25
R7PBA0,3_methoxytyramine,Di,0.01251675933599472,75
R7PBA0,3_methoxytyramine,Mono,0.04096166789531708,72
R7PBA0,3_methoxytyramine,Tri,0.02159523218870163,74
R7PBA0,alanine,Di,0.1153244860470295,68
R7PBA0,alanine,Mono,0.20503129810094833,37
R7PBA0,alanine,Tri,0.15317294001579285,63
R7PBA0,arginine,Di,0.1901804283261299,46
R7PBA0,arginine,Mono,0.2041611261665821,39
R7PBA0,arginine,Tri,0.2272542268037796,31
R7PBA0,asparagine,Di,0.2594258189201355,27
R7PBA0,asparagine,Mono,0.3075123205780983,17
R7PBA0,asparagine,Tri,0.2628630995750427,26
R7PBA0,cadaverine,Di,0.17289064079523087,52
R7PBA0,cadaverine,Mono,0.17269960045814514,53
R7PBA0,cadaverine,Tri,0.2019268348813057,40
R7PBA0,citrulline,Di,0.30084145069122314,20
R7PBA0,citrulline,Mono,0.33961474895477295,8
R7PBA0,citrulline,Tri,0.2909575253725052,22
R7PBA0,cystine,Di,0.1116710864007473,69
R7PBA0,cystine,Mono,0.19562969729304314,42
R7PBA0,cystine,Tri,0.16941282153129578,55
R7PBA0,dopamine,Di,0.1512678638100624,64
R7PBA0,dopamine,Mono,0.17237070947885513,54
R7PBA0,dopamine,Tri,0.16263733804225922,59
R7PBA0,gaba,Di,0.13866638392210007,65
R7PBA0,gaba,Mono,0.16210398823022842,60
R7PBA0,gaba,Tri,0.17832209914922714,49
R7PBA0,glutamine,Di,0.34463581442832947,6
R7PBA0,glutamine,Mono,0.32673606276512146,12
R7PBA0,glutamine,Tri,0.2839356064796448,23
R7PBA0,glyglycine,Di,0.06468937639147043,71
R7PBA0,glyglycine,Mono,0.11743064224720001,67
R7PBA0,glyglycine,Tri,0.038169712759554386,73
R7PBA0,histidine,Di,0.30693262815475464,19
R7PBA0,histidine,Mono,0.36412302404642105,3
R7PBA0,histidine,Tri,0.32664163410663605,13
R7PBA0,lysine,Di,0.191294364631176,44
R7PBA0,lysine,Mono,0.1671927273273468,57
R7PBA0,lysine,Tri,0.2141302302479744,33
R7PBA0,methionine,Di,0.11146261170506477,70
R7PBA0,methionine,Mono,0.17908801138401031,48
R7PBA0,methionine,Tri,0.1554449051618576,62
R7PBA0,ornithine,Di,0.17756377160549164,51
R7PBA0,ornithine,Mono,0.1631431132555008,58
R7PBA0,ornithine,Tri,0.2366260439157486,29
R7PBA0,phenylalanine,Di,0.35213205218315125,5
R7PBA0,phenylalanine,Mono,0.3680769205093384,2
R7PBA0,phenylalanine,Tri,0.3107047975063324,16
R7PBA0,proline,Di,0.2058524489402771,36
R7PBA0,proline,Mono,0.33916227519512177,9
R7PBA0,proline,Tri,0.18905556946992874,47
R7PBA0,putrescine,Di,0.20664650946855545,35
R7PBA0,putrescine,Mono,0.22582674771547318,32
R7PBA0,putrescine,Tri,0.1971416473388672,41
R7PBA0,serine,Di,0.3277713358402252,11
R7PBA0,serine,Mono,0.3398575335741043,7
R7PBA0,serine,Tri,0.30725954473018646,18
R7PBA0,serotonin,Di,0.19101175665855408,45
R7PBA0,serotonin,Mono,0.1687525361776352,56
R7PBA0,serotonin,Tri,0.2337576225399971,30
R7PBA0,threonine,Di,0.3896178603172302,1
R7PBA0,threonine,Mono,0.35959266126155853,4
R7PBA0,threonine,Tri,0.33212393522262573,10
R7PBA0,tryptamine,Di,0.1598655954003334,61
R7PBA0,tryptamine,Mono,0.13373689353466034,66
R7PBA0,tryptamine,Tri,0.17768613994121552,50
R7PBA0,tyramine,Di,0.20494524389505386,38
R7PBA0,tyramine,Mono,0.1923999935388565,43
R7PBA0,tyramine,Tri,0.20929153263568878,34
U2D571,"2,3_diaminopropionic acid",Di,0.34628091752529144,11
U2D571,"2,3_diaminopropionic acid",Mono,0.27736256271600723,29
U2D571,"2,3_diaminopropionic acid",Tri,0.33909468352794647,14
U2D571,2_aminophenol,Di,0.3725116401910782,3
U2D571,2_aminophenol,Mono,0.3035411983728409,23
U2D571,2_aminophenol,Tri,0.3117029368877411,20
U2D571,3_methoxytyramine,Di,0.10086809284985065,72
U2D571,3_methoxytyramine,Mono,0.12460608035326004,71
U2D571,3_methoxytyramine,Tri,0.08142829313874245,75
U2D571,alanine,Di,0.1598186269402504,69
U2D571,alanine,Mono,0.225991889834404,47
U2D571,alanine,Tri,0.17863498628139496,65
U2D571,arginine,Di,0.187904492020607,63
U2D571,arginine,Mono,0.22079192101955414,52
U2D571,arginine,Tri,0.2226046845316887,50
U2D571,asparagine,Di,0.2954622507095337,26
U2D571,asparagine,Mono,0.29304834455251694,27
U2D571,asparagine,Tri,0.28614096343517303,28
U2D571,cadaverine,Di,0.21802391856908798,53
U2D571,cadaverine,Mono,0.2109796404838562,57
U2D571,cadaverine,Tri,0.21375305950641632,56
U2D571,citrulline,Di,0.33583618700504303,15
U2D571,citrulline,Mono,0.35515888035297394,7
U2D571,citrulline,Tri,0.32600870728492737,19
U2D571,cystine,Di,0.1658976823091507,67
U2D571,cystine,Mono,0.2430151328444481,41
U2D571,cystine,Tri,0.19680335372686386,61
U2D571,dopamine,Di,0.23134983330965042,45
U2D571,dopamine,Mono,0.24959824979305267,38
U2D571,dopamine,Tri,0.23427627980709076,43
U2D571,gaba,Di,0.19332151114940643,62
U2D571,gaba,Mono,0.21789037436246872,54
U2D571,gaba,Tri,0.20353040099143982,59
U2D571,glutamine,Di,0.37015068531036377,4
U2D571,glutamine,Mono,0.3073778748512268,22
U2D571,glutamine,Tri,0.30177628993988037,24
U2D571,glyglycine,Di,0.09795822575688362,73
U2D571,glyglycine,Mono,0.1673204004764557,66
U2D571,glyglycine,Tri,0.09747746959328651,74
U2D571,histidine,Di,0.3102175444364548,21
U2D571,histidine,Mono,0.3408737778663635,13
U2D571,histidine,Tri,0.3440137356519699,12
U2D571,lysine,Di,0.23084811121225357,46
U2D571,lysine,Mono,0.22587543725967407,49
U2D571,lysine,Tri,0.2326963096857071,44
U2D571,methionine,Di,0.14317485690116882,70
U2D571,methionine,Mono,0.1844601258635521,64
U2D571,methionine,Tri,0.16586127877235413,68
U2D571,ornithine,Di,0.22596902400255203,48
U2D571,ornithine,Mono,0.2209290862083435,51
U2D571,ornithine,Tri,0.26617754995822906,33
U2D571,phenylalanine,Di,0.36825117468833923,5
U2D571,phenylalanine,Mono,0.35729269683361053,6
U2D571,phenylalanine,Tri,0.3344786912202835,16
U2D571,proline,Di,0.2443941906094551,40
U2D571,proline,Mono,0.3477785140275955,10
U2D571,proline,Tri,0.20183245092630386,60
U2D571,putrescine,Di,0.25015417486429214,37
U2D571,putrescine,Mono,0.26018868386745453,35
U2D571,putrescine,Tri,0.20831845700740814,58
U2D571,serine,Di,0.3527699112892151,9
U2D571,serine,Mono,0.3332713544368744,18
U2D571,serine,Tri,0.3343971371650696,17
U2D571,serotonin,Di,0.27568793296813965,30
U2D571,serotonin,Mono,0.250160776078701,36
U2D571,serotonin,Tri,0.29564836621284485,25
U2D571,threonine,Di,0.4159788191318512,1
U2D571,threonine,Mono,0.388312965631485,2
U2D571,threonine,Tri,0.3538992404937744,8
U2D571,tryptamine,Di,0.24654260277748108,39
U2D571,tryptamine,Mono,0.21697229892015457,55
U2D571,tryptamine,Tri,0.23634465038776398,42
U2D571,tyramine,Di,0.2740758806467056,31
U2D571,tyramine,Mono,0.27314239740371704,32
U2D571,tyramine,Tri,0.2649344205856323,34
