Enzyme,Amine,Hydroxyl
A0A078S2R5,"2,3_diaminopropionic acid",Di
A0A078S2R5,"2,3_diaminopropionic acid",Mono
A0A078S2R5,"2,3_diaminopropionic acid",Tri
A0A078S2R5,2_aminophenol,Di
A0A078S2R5,2_aminophenol,Mono
A0A078S2R5,2_aminophenol,Tri
A0A078S2R5,3_methoxytyramine,Di
A0A078S2R5,3_methoxytyramine,Mono
A0A078S2R5,3_methoxytyramine,Tri
A0A078S2R5,alanine,Di
A0A078S2R5,alanine,Mono
A0A078S2R5,alanine,Tri
A0A078S2R5,arginine,Di
A0A078S2R5,arginine,Mono
A0A078S2R5,arginine,Tri
A0A078S2R5,asparagine,Di
A0A078S2R5,asparagine,Mono
A0A078S2R5,asparagine,Tri
A0A078S2R5,cadaverine,Di
A0A078S2R5,cadaverine,Mono
A0A078S2R5,cadaverine,Tri
A0A078S2R5,citrulline,Di
A0A078S2R5,citrulline,Mono
A0A078S2R5,citrulline,Tri
A0A078S2R5,cystine,Di
A0A078S2R5,cystine,Mono
A0A078S2R5,cystine,Tri
A0A078S2R5,dopamine,Di
A0A078S2R5,dopamine,Mono
A0A078S2R5,dopamine,Tri
A0A078S2R5,gaba,Di
A0A078S2R5,gaba,Mono
A0A078S2R5,gaba,Tri
A0A078S2R5,glutamine,Di
A0A078S2R5,glutamine,Mono
A0A078S2R5,glutamine,Tri
A0A078S2R5,glyglycine,Di
A0A078S2R5,glyglycine,Mono
A0A078S2R5,glyglycine,Tri
A0A078S2R5,histidine,Di
A0A078S2R5,histidine,Mono
A0A078S2R5,histidine,Tri
A0A078S2R5,lysine,Di
A0A078S2R5,lysine,Mono
A0A078S2R5,lysine,Tri
A0A078S2R5,methionine,Di
A0A078S2R5,methionine,Mono
A0A078S2R5,methionine,Tri
A0A078S2R5,ornithine,Di
A0A078S2R5,ornithine,Mono
A0A078S2R5,ornithine,Tri
A0A078S2R5,phenylalanine,Di
A0A078S2R5,phenylalanine,Mono
A0A078S2R5,phenylalanine,Tri
A0A078S2R5,proline,Di
A0A078S2R5,proline,Mono
A0A078S2R5,proline,Tri
A0A078S2R5,putrescine,Di
A0A078S2R5,putrescine,Mono
A0A078S2R5,putrescine,Tri
A0A078S2R5,serine,Di
A0A078S2R5,serine,Mono
A0A078S2R5,serine,Tri
A0A078S2R5,serotonin,Di
A0A078S2R5,serotonin,Mono
A0A078S2R5,serotonin,Tri
A0A078S2R5,threonine,Di
A0A078S2R5,threonine,Mono
A0A078S2R5,threonine,Tri
A0A078S2R5,tryptamine,Di
A0A078S2R5,tryptamine,Mono
A0A078S2R5,tryptamine,Tri
A0A078S2R5,tyramine,Di
A0A078S2R5,tyramine,Mono
A0A078S2R5,tyramine,Tri
A0A096B1U0,"2,3_diaminopropionic acid",Di
A0A096B1U0,"2,3_diaminopropionic acid",Mono
A0A096B1U0,"2,3_diaminopropionic acid",Tri
A0A096B1U0,2_aminophenol,Di
A0A096B1U0,2_aminophenol,Mono
A0A096B1U0,2_aminophenol,Tri
A0A096B1U0,3_methoxytyramine,Di
A0A096B1U0,3_methoxytyramine,Mono
A0A096B1U0,3_methoxytyramine,Tri
A0A096B1U0,alanine,Di
A0A096B1U0,alanine,Mono
A0A096B1U0,alanine,Tri
A0A096B1U0,arginine,Di
A0A096B1U0,arginine,Mono
A0A096B1U0,arginine,Tri
A0A096B1U0,asparagine,Di
A0A096B1U0,asparagine,Mono
A0A096B1U0,asparagine,Tri
A0A096B1U0,cadaverine,Di
A0A096B1U0,cadaverine,Mono
A0A096B1U0,cadaverine,Tri
A0A096B1U0,citrulline,Di
A0A096B1U0,citrulline,Mono
A0A096B1U0,citrulline,Tri
A0A096B1U0,cystine,Di
A0A096B1U0,cystine,Mono
A0A096B1U0,cystine,Tri
A0A096B1U0,dopamine,Di
A0A096B1U0,dopamine,Mono
A0A096B1U0,dopamine,Tri
A0A096B1U0,gaba,Di
A0A096B1U0,gaba,Mono
A0A096B1U0,gaba,Tri
A0A096B1U0,glutamine,Di
A0A096B1U0,glutamine,Mono
A0A096B1U0,glutamine,Tri
A0A096B1U0,glyglycine,Di
A0A096B1U0,glyglycine,Mono
A0A096B1U0,glyglycine,Tri
A0A096B1U0,histidine,Di
A0A096B1U0,histidine,Mono
A0A096B1U0,histidine,Tri
A0A096B1U0,lysine,Di
A0A096B1U0,lysine,Mono
A0A096B1U0,lysine,Tri
A0A096B1U0,methionine,Di
A0A096B1U0,methionine,Mono
A0A096B1U0,methionine,Tri
A0A096B1U0,ornithine,Di
A0A096B1U0,ornithine,Mono
A0A096B1U0,ornithine,Tri
A0A096B1U0,phenylalanine,Di
A0A096B1U0,phenylalanine,Mono
A0A096B1U0,phenylalanine,Tri
A0A096B1U0,proline,Di
A0A096B1U0,proline,Mono
A0A096B1U0,proline,Tri
A0A096B1U0,putrescine,Di
A0A096B1U0,putrescine,Mono
A0A096B1U0,putrescine,Tri
A0A096B1U0,serine,Di
A0A096B1U0,serine,Mono
A0A096B1U0,serine,Tri
A0A096B1U0,serotonin,Di
A0A096B1U0,serotonin,Mono
A0A096B1U0,serotonin,Tri
A0A096B1U0,threonine,Di
A0A096B1U0,threonine,Mono
A0A096B1U0,threonine,Tri
A0A096B1U0,tryptamine,Di
A0A096B1U0,tryptamine,Mono
A0A096B1U0,tryptamine,Tri
A0A096B1U0,tyramine,Di
A0A096B1U0,tyramine,Mono
A0A096B1U0,tyramine,Tri
A0A096KTH7,"2,3_diaminopropionic acid",Di
A0A096KTH7,"2,3_diaminopropionic acid",Mono
A0A096KTH7,"2,3_diaminopropionic acid",Tri
A0A096KTH7,2_aminophenol,Di
A0A096KTH7,2_aminophenol,Mono
A0A096KTH7,2_aminophenol,Tri
A0A096KTH7,3_methoxytyramine,Di
A0A096KTH7,3_methoxytyramine,Mono
A0A096KTH7,3_methoxytyramine,Tri
A0A096KTH7,alanine,Di
A0A096KTH7,alanine,Mono
A0A096KTH7,alanine,Tri
A0A096KTH7,arginine,Di
A0A096KTH7,arginine,Mono
A0A096KTH7,arginine,Tri
A0A096KTH7,asparagine,Di
A0A096KTH7,asparagine,Mono
A0A096KTH7,asparagine,Tri
A0A096KTH7,cadaverine,Di
A0A096KTH7,cadaverine,Mono
A0A096KTH7,cadaverine,Tri
A0A096KTH7,citrulline,Di
A0A096KTH7,citrulline,Mono
A0A096KTH7,citrulline,Tri
A0A096KTH7,cystine,Di
A0A096KTH7,cystine,Mono
A0A096KTH7,cystine,Tri
A0A096KTH7,dopamine,Di
A0A096KTH7,dopamine,Mono
A0A096KTH7,dopamine,Tri
A0A096KTH7,gaba,Di
A0A096KTH7,gaba,Mono
A0A096KTH7,gaba,Tri
A0A096KTH7,glutamine,Di
A0A096KTH7,glutamine,Mono
A0A096KTH7,glutamine,Tri
A0A096KTH7,glyglycine,Di
A0A096KTH7,glyglycine,Mono
A0A096KTH7,glyglycine,Tri
A0A096KTH7,histidine,Di
A0A096KTH7,histidine,Mono
A0A096KTH7,histidine,Tri
A0A096KTH7,lysine,Di
A0A096KTH7,lysine,Mono
A0A096KTH7,lysine,Tri
A0A096KTH7,methionine,Di
A0A096KTH7,methionine,Mono
A0A096KTH7,methionine,Tri
A0A096KTH7,ornithine,Di
A0A096KTH7,ornithine,Mono
A0A096KTH7,ornithine,Tri
A0A096KTH7,phenylalanine,Di
A0A096KTH7,phenylalanine,Mono
A0A096KTH7,phenylalanine,Tri
A0A096KTH7,proline,Di
A0A096KTH7,proline,Mono
A0A096KTH7,proline,Tri
A0A096KTH7,putrescine,Di
A0A096KTH7,putrescine,Mono
A0A096KTH7,putrescine,Tri
A0A096KTH7,serine,Di
A0A096KTH7,serine,Mono
A0A096KTH7,serine,Tri
A0A096KTH7,serotonin,Di
A0A096KTH7,serotonin,Mono
A0A096KTH7,serotonin,Tri
A0A096KTH7,threonine,Di
A0A096KTH7,threonine,Mono
A0A096KTH7,threonine,Tri
A0A096KTH7,tryptamine,Di
A0A096KTH7,tryptamine,Mono
A0A096KTH7,tryptamine,Tri
A0A096KTH7,tyramine,Di
A0A096KTH7,tyramine,Mono
A0A096KTH7,tyramine,Tri
A0A0D8IVP2,"2,3_diaminopropionic acid",Di
A0A0D8IVP2,"2,3_diaminopropionic acid",Mono
A0A0D8IVP2,"2,3_diaminopropionic acid",Tri
A0A0D8IVP2,2_aminophenol,Di
A0A0D8IVP2,2_aminophenol,Mono
A0A0D8IVP2,2_aminophenol,Tri
A0A0D8IVP2,3_methoxytyramine,Di
A0A0D8IVP2,3_methoxytyramine,Mono
A0A0D8IVP2,3_methoxytyramine,Tri
A0A0D8IVP2,alanine,Di
A0A0D8IVP2,alanine,Mono
A0A0D8IVP2,alanine,Tri
A0A0D8IVP2,arginine,Di
A0A0D8IVP2,arginine,Mono
A0A0D8IVP2,arginine,Tri
A0A0D8IVP2,asparagine,Di
A0A0D8IVP2,asparagine,Mono
A0A0D8IVP2,asparagine,Tri
A0A0D8IVP2,cadaverine,Di
A0A0D8IVP2,cadaverine,Mono
A0A0D8IVP2,cadaverine,Tri
A0A0D8IVP2,citrulline,Di
A0A0D8IVP2,citrulline,Mono
A0A0D8IVP2,citrulline,Tri
A0A0D8IVP2,cystine,Di
A0A0D8IVP2,cystine,Mono
A0A0D8IVP2,cystine,Tri
A0A0D8IVP2,dopamine,Di
A0A0D8IVP2,dopamine,Mono
A0A0D8IVP2,dopamine,Tri
A0A0D8IVP2,gaba,Di
A0A0D8IVP2,gaba,Mono
A0A0D8IVP2,gaba,Tri
A0A0D8IVP2,glutamine,Di
A0A0D8IVP2,glutamine,Mono
A0A0D8IVP2,glutamine,Tri
A0A0D8IVP2,glyglycine,Di
A0A0D8IVP2,glyglycine,Mono
A0A0D8IVP2,glyglycine,Tri
A0A0D8IVP2,histidine,Di
A0A0D8IVP2,histidine,Mono
A0A0D8IVP2,histidine,Tri
A0A0D8IVP2,lysine,Di
A0A0D8IVP2,lysine,Mono
A0A0D8IVP2,lysine,Tri
A0A0D8IVP2,methionine,Di
A0A0D8IVP2,methionine,Mono
A0A0D8IVP2,methionine,Tri
A0A0D8IVP2,ornithine,Di
A0A0D8IVP2,ornithine,Mono
A0A0D8IVP2,ornithine,Tri
A0A0D8IVP2,phenylalanine,Di
A0A0D8IVP2,phenylalanine,Mono
A0A0D8IVP2,phenylalanine,Tri
A0A0D8IVP2,proline,Di
A0A0D8IVP2,proline,Mono
A0A0D8IVP2,proline,Tri
A0A0D8IVP2,putrescine,Di
A0A0D8IVP2,putrescine,Mono
A0A0D8IVP2,putrescine,Tri
A0A0D8IVP2,serine,Di
A0A0D8IVP2,serine,Mono
A0A0D8IVP2,serine,Tri
A0A0D8IVP2,serotonin,Di
A0A0D8IVP2,serotonin,Mono
A0A0D8IVP2,serotonin,Tri
A0A0D8IVP2,threonine,Di
A0A0D8IVP2,threonine,Mono
A0A0D8IVP2,threonine,Tri
A0A0D8IVP2,tryptamine,Di
A0A0D8IVP2,tryptamine,Mono
A0A0D8IVP2,tryptamine,Tri
A0A0D8IVP2,tyramine,Di
A0A0D8IVP2,tyramine,Mono
A0A0D8IVP2,tyramine,Tri
A0A0F0CI09,"2,3_diaminopropionic acid",Di
A0A0F0CI09,"2,3_diaminopropionic acid",Mono
A0A0F0CI09,"2,3_diaminopropionic acid",Tri
A0A0F0CI09,2_aminophenol,Di
A0A0F0CI09,2_aminophenol,Mono
A0A0F0CI09,2_aminophenol,Tri
A0A0F0CI09,3_methoxytyramine,Di
A0A0F0CI09,3_methoxytyramine,Mono
A0A0F0CI09,3_methoxytyramine,Tri
A0A0F0CI09,alanine,Di
A0A0F0CI09,alanine,Mono
A0A0F0CI09,alanine,Tri
A0A0F0CI09,arginine,Di
A0A0F0CI09,arginine,Mono
A0A0F0CI09,arginine,Tri
A0A0F0CI09,asparagine,Di
A0A0F0CI09,asparagine,Mono
A0A0F0CI09,asparagine,Tri
A0A0F0CI09,cadaverine,Di
A0A0F0CI09,cadaverine,Mono
A0A0F0CI09,cadaverine,Tri
A0A0F0CI09,citrulline,Di
A0A0F0CI09,citrulline,Mono
A0A0F0CI09,citrulline,Tri
A0A0F0CI09,cystine,Di
A0A0F0CI09,cystine,Mono
A0A0F0CI09,cystine,Tri
A0A0F0CI09,dopamine,Di
A0A0F0CI09,dopamine,Mono
A0A0F0CI09,dopamine,Tri
A0A0F0CI09,gaba,Di
A0A0F0CI09,gaba,Mono
A0A0F0CI09,gaba,Tri
A0A0F0CI09,glutamine,Di
A0A0F0CI09,glutamine,Mono
A0A0F0CI09,glutamine,Tri
A0A0F0CI09,glyglycine,Di
A0A0F0CI09,glyglycine,Mono
A0A0F0CI09,glyglycine,Tri
A0A0F0CI09,histidine,Di
A0A0F0CI09,histidine,Mono
A0A0F0CI09,histidine,Tri
A0A0F0CI09,lysine,Di
A0A0F0CI09,lysine,Mono
A0A0F0CI09,lysine,Tri
A0A0F0CI09,methionine,Di
A0A0F0CI09,methionine,Mono
A0A0F0CI09,methionine,Tri
A0A0F0CI09,ornithine,Di
A0A0F0CI09,ornithine,Mono
A0A0F0CI09,ornithine,Tri
A0A0F0CI09,phenylalanine,Di
A0A0F0CI09,phenylalanine,Mono
A0A0F0CI09,phenylalanine,Tri
A0A0F0CI09,proline,Di
A0A0F0CI09,proline,Mono
A0A0F0CI09,proline,Tri
A0A0F0CI09,putrescine,Di
A0A0F0CI09,putrescine,Mono
A0A0F0CI09,putrescine,Tri
A0A0F0CI09,serine,Di
A0A0F0CI09,serine,Mono
A0A0F0CI09,serine,Tri
A0A0F0CI09,serotonin,Di
A0A0F0CI09,serotonin,Mono
A0A0F0CI09,serotonin,Tri
A0A0F0CI09,threonine,Di
A0A0F0CI09,threonine,Mono
A0A0F0CI09,threonine,Tri
A0A0F0CI09,tryptamine,Di
A0A0F0CI09,tryptamine,Mono
A0A0F0CI09,tryptamine,Tri
A0A0F0CI09,tyramine,Di
A0A0F0CI09,tyramine,Mono
A0A0F0CI09,tyramine,Tri
A0A0F5JPH2,"2,3_diaminopropionic acid",Di
A0A0F5JPH2,"2,3_diaminopropionic acid",Mono
A0A0F5JPH2,"2,3_diaminopropionic acid",Tri
A0A0F5JPH2,2_aminophenol,Di
A0A0F5JPH2,2_aminophenol,Mono
A0A0F5JPH2,2_aminophenol,Tri
A0A0F5JPH2,3_methoxytyramine,Di
A0A0F5JPH2,3_methoxytyramine,Mono
A0A0F5JPH2,3_methoxytyramine,Tri
A0A0F5JPH2,alanine,Di
A0A0F5JPH2,alanine,Mono
A0A0F5JPH2,alanine,Tri
A0A0F5JPH2,arginine,Di
A0A0F5JPH2,arginine,Mono
A0A0F5JPH2,arginine,Tri
A0A0F5JPH2,asparagine,Di
A0A0F5JPH2,asparagine,Mono
A0A0F5JPH2,asparagine,Tri
A0A0F5JPH2,cadaverine,Di
A0A0F5JPH2,cadaverine,Mono
A0A0F5JPH2,cadaverine,Tri
A0A0F5JPH2,citrulline,Di
A0A0F5JPH2,citrulline,Mono
A0A0F5JPH2,citrulline,Tri
A0A0F5JPH2,cystine,Di
A0A0F5JPH2,cystine,Mono
A0A0F5JPH2,cystine,Tri
A0A0F5JPH2,dopamine,Di
A0A0F5JPH2,dopamine,Mono
A0A0F5JPH2,dopamine,Tri
A0A0F5JPH2,gaba,Di
A0A0F5JPH2,gaba,Mono
A0A0F5JPH2,gaba,Tri
A0A0F5JPH2,glutamine,Di
A0A0F5JPH2,glutamine,Mono
A0A0F5JPH2,glutamine,Tri
A0A0F5JPH2,glyglycine,Di
A0A0F5JPH2,glyglycine,Mono
A0A0F5JPH2,glyglycine,Tri
A0A0F5JPH2,histidine,Di
A0A0F5JPH2,histidine,Mono
A0A0F5JPH2,histidine,Tri
A0A0F5JPH2,lysine,Di
A0A0F5JPH2,lysine,Mono
A0A0F5JPH2,lysine,Tri
A0A0F5JPH2,methionine,Di
A0A0F5JPH2,methionine,Mono
A0A0F5JPH2,methionine,Tri
A0A0F5JPH2,ornithine,Di
A0A0F5JPH2,ornithine,Mono
A0A0F5JPH2,ornithine,Tri
A0A0F5JPH2,phenylalanine,Di
A0A0F5JPH2,phenylalanine,Mono
A0A0F5JPH2,phenylalanine,Tri
A0A0F5JPH2,proline,Di
A0A0F5JPH2,proline,Mono
A0A0F5JPH2,proline,Tri
A0A0F5JPH2,putrescine,Di
A0A0F5JPH2,putrescine,Mono
A0A0F5JPH2,putrescine,Tri
A0A0F5JPH2,serine,Di
A0A0F5JPH2,serine,Mono
A0A0F5JPH2,serine,Tri
A0A0F5JPH2,serotonin,Di
A0A0F5JPH2,serotonin,Mono
A0A0F5JPH2,serotonin,Tri
A0A0F5JPH2,threonine,Di
A0A0F5JPH2,threonine,Mono
A0A0F5JPH2,threonine,Tri
A0A0F5JPH2,tryptamine,Di
A0A0F5JPH2,tryptamine,Mono
A0A0F5JPH2,tryptamine,Tri
A0A0F5JPH2,tyramine,Di
A0A0F5JPH2,tyramine,Mono
A0A0F5JPH2,tyramine,Tri
A0A0G8G768,"2,3_diaminopropionic acid",Di
A0A0G8G768,"2,3_diaminopropionic acid",Mono
A0A0G8G768,"2,3_diaminopropionic acid",Tri
A0A0G8G768,2_aminophenol,Di
A0A0G8G768,2_aminophenol,Mono
A0A0G8G768,2_aminophenol,Tri
A0A0G8G768,3_methoxytyramine,Di
A0A0G8G768,3_methoxytyramine,Mono
A0A0G8G768,3_methoxytyramine,Tri
A0A0G8G768,alanine,Di
A0A0G8G768,alanine,Mono
A0A0G8G768,alanine,Tri
A0A0G8G768,arginine,Di
A0A0G8G768,arginine,Mono
A0A0G8G768,arginine,Tri
A0A0G8G768,asparagine,Di
A0A0G8G768,asparagine,Mono
A0A0G8G768,asparagine,Tri
A0A0G8G768,cadaverine,Di
A0A0G8G768,cadaverine,Mono
A0A0G8G768,cadaverine,Tri
A0A0G8G768,citrulline,Di
A0A0G8G768,citrulline,Mono
A0A0G8G768,citrulline,Tri
A0A0G8G768,cystine,Di
A0A0G8G768,cystine,Mono
A0A0G8G768,cystine,Tri
A0A0G8G768,dopamine,Di
A0A0G8G768,dopamine,Mono
A0A0G8G768,dopamine,Tri
A0A0G8G768,gaba,Di
A0A0G8G768,gaba,Mono
A0A0G8G768,gaba,Tri
A0A0G8G768,glutamine,Di
A0A0G8G768,glutamine,Mono
A0A0G8G768,glutamine,Tri
A0A0G8G768,glyglycine,Di
A0A0G8G768,glyglycine,Mono
A0A0G8G768,glyglycine,Tri
A0A0G8G768,histidine,Di
A0A0G8G768,histidine,Mono
A0A0G8G768,histidine,Tri
A0A0G8G768,lysine,Di
A0A0G8G768,lysine,Mono
A0A0G8G768,lysine,Tri
A0A0G8G768,methionine,Di
A0A0G8G768,methionine,Mono
A0A0G8G768,methionine,Tri
A0A0G8G768,ornithine,Di
A0A0G8G768,ornithine,Mono
A0A0G8G768,ornithine,Tri
A0A0G8G768,phenylalanine,Di
A0A0G8G768,phenylalanine,Mono
A0A0G8G768,phenylalanine,Tri
A0A0G8G768,proline,Di
A0A0G8G768,proline,Mono
A0A0G8G768,proline,Tri
A0A0G8G768,putrescine,Di
A0A0G8G768,putrescine,Mono
A0A0G8G768,putrescine,Tri
A0A0G8G768,serine,Di
A0A0G8G768,serine,Mono
A0A0G8G768,serine,Tri
A0A0G8G768,serotonin,Di
A0A0G8G768,serotonin,Mono
A0A0G8G768,serotonin,Tri
A0A0G8G768,threonine,Di
A0A0G8G768,threonine,Mono
A0A0G8G768,threonine,Tri
A0A0G8G768,tryptamine,Di
A0A0G8G768,tryptamine,Mono
A0A0G8G768,tryptamine,Tri
A0A0G8G768,tyramine,Di
A0A0G8G768,tyramine,Mono
A0A0G8G768,tyramine,Tri
A0A0M6WH75,"2,3_diaminopropionic acid",Di
A0A0M6WH75,"2,3_diaminopropionic acid",Mono
A0A0M6WH75,"2,3_diaminopropionic acid",Tri
A0A0M6WH75,2_aminophenol,Di
A0A0M6WH75,2_aminophenol,Mono
A0A0M6WH75,2_aminophenol,Tri
A0A0M6WH75,3_methoxytyramine,Di
A0A0M6WH75,3_methoxytyramine,Mono
A0A0M6WH75,3_methoxytyramine,Tri
A0A0M6WH75,alanine,Di
A0A0M6WH75,alanine,Mono
A0A0M6WH75,alanine,Tri
A0A0M6WH75,arginine,Di
A0A0M6WH75,arginine,Mono
A0A0M6WH75,arginine,Tri
A0A0M6WH75,asparagine,Di
A0A0M6WH75,asparagine,Mono
A0A0M6WH75,asparagine,Tri
A0A0M6WH75,cadaverine,Di
A0A0M6WH75,cadaverine,Mono
A0A0M6WH75,cadaverine,Tri
A0A0M6WH75,citrulline,Di
A0A0M6WH75,citrulline,Mono
A0A0M6WH75,citrulline,Tri
A0A0M6WH75,cystine,Di
A0A0M6WH75,cystine,Mono
A0A0M6WH75,cystine,Tri
A0A0M6WH75,dopamine,Di
A0A0M6WH75,dopamine,Mono
A0A0M6WH75,dopamine,Tri
A0A0M6WH75,gaba,Di
A0A0M6WH75,gaba,Mono
A0A0M6WH75,gaba,Tri
A0A0M6WH75,glutamine,Di
A0A0M6WH75,glutamine,Mono
A0A0M6WH75,glutamine,Tri
A0A0M6WH75,glyglycine,Di
A0A0M6WH75,glyglycine,Mono
A0A0M6WH75,glyglycine,Tri
A0A0M6WH75,histidine,Di
A0A0M6WH75,histidine,Mono
A0A0M6WH75,histidine,Tri
A0A0M6WH75,lysine,Di
A0A0M6WH75,lysine,Mono
A0A0M6WH75,lysine,Tri
A0A0M6WH75,methionine,Di
A0A0M6WH75,methionine,Mono
A0A0M6WH75,methionine,Tri
A0A0M6WH75,ornithine,Di
A0A0M6WH75,ornithine,Mono
A0A0M6WH75,ornithine,Tri
A0A0M6WH75,phenylalanine,Di
A0A0M6WH75,phenylalanine,Mono
A0A0M6WH75,phenylalanine,Tri
A0A0M6WH75,proline,Di
A0A0M6WH75,proline,Mono
A0A0M6WH75,proline,Tri
A0A0M6WH75,putrescine,Di
A0A0M6WH75,putrescine,Mono
A0A0M6WH75,putrescine,Tri
A0A0M6WH75,serine,Di
A0A0M6WH75,serine,Mono
A0A0M6WH75,serine,Tri
A0A0M6WH75,serotonin,Di
A0A0M6WH75,serotonin,Mono
A0A0M6WH75,serotonin,Tri
A0A0M6WH75,threonine,Di
A0A0M6WH75,threonine,Mono
A0A0M6WH75,threonine,Tri
A0A0M6WH75,tryptamine,Di
A0A0M6WH75,tryptamine,Mono
A0A0M6WH75,tryptamine,Tri
A0A0M6WH75,tyramine,Di
A0A0M6WH75,tyramine,Mono
A0A0M6WH75,tyramine,Tri
A0A0M6WMX1,"2,3_diaminopropionic acid",Di
A0A0M6WMX1,"2,3_diaminopropionic acid",Mono
A0A0M6WMX1,"2,3_diaminopropionic acid",Tri
A0A0M6WMX1,2_aminophenol,Di
A0A0M6WMX1,2_aminophenol,Mono
A0A0M6WMX1,2_aminophenol,Tri
A0A0M6WMX1,3_methoxytyramine,Di
A0A0M6WMX1,3_methoxytyramine,Mono
A0A0M6WMX1,3_methoxytyramine,Tri
A0A0M6WMX1,alanine,Di
A0A0M6WMX1,alanine,Mono
A0A0M6WMX1,alanine,Tri
A0A0M6WMX1,arginine,Di
A0A0M6WMX1,arginine,Mono
A0A0M6WMX1,arginine,Tri
A0A0M6WMX1,asparagine,Di
A0A0M6WMX1,asparagine,Mono
A0A0M6WMX1,asparagine,Tri
A0A0M6WMX1,cadaverine,Di
A0A0M6WMX1,cadaverine,Mono
A0A0M6WMX1,cadaverine,Tri
A0A0M6WMX1,citrulline,Di
A0A0M6WMX1,citrulline,Mono
A0A0M6WMX1,citrulline,Tri
A0A0M6WMX1,cystine,Di
A0A0M6WMX1,cystine,Mono
A0A0M6WMX1,cystine,Tri
A0A0M6WMX1,dopamine,Di
A0A0M6WMX1,dopamine,Mono
A0A0M6WMX1,dopamine,Tri
A0A0M6WMX1,gaba,Di
A0A0M6WMX1,gaba,Mono
A0A0M6WMX1,gaba,Tri
A0A0M6WMX1,glutamine,Di
A0A0M6WMX1,glutamine,Mono
A0A0M6WMX1,glutamine,Tri
A0A0M6WMX1,glyglycine,Di
A0A0M6WMX1,glyglycine,Mono
A0A0M6WMX1,glyglycine,Tri
A0A0M6WMX1,histidine,Di
A0A0M6WMX1,histidine,Mono
A0A0M6WMX1,histidine,Tri
A0A0M6WMX1,lysine,Di
A0A0M6WMX1,lysine,Mono
A0A0M6WMX1,lysine,Tri
A0A0M6WMX1,methionine,Di
A0A0M6WMX1,methionine,Mono
A0A0M6WMX1,methionine,Tri
A0A0M6WMX1,ornithine,Di
A0A0M6WMX1,ornithine,Mono
A0A0M6WMX1,ornithine,Tri
A0A0M6WMX1,phenylalanine,Di
A0A0M6WMX1,phenylalanine,Mono
A0A0M6WMX1,phenylalanine,Tri
A0A0M6WMX1,proline,Di
A0A0M6WMX1,proline,Mono
A0A0M6WMX1,proline,Tri
A0A0M6WMX1,putrescine,Di
A0A0M6WMX1,putrescine,Mono
A0A0M6WMX1,putrescine,Tri
A0A0M6WMX1,serine,Di
A0A0M6WMX1,serine,Mono
A0A0M6WMX1,serine,Tri
A0A0M6WMX1,serotonin,Di
A0A0M6WMX1,serotonin,Mono
A0A0M6WMX1,serotonin,Tri
A0A0M6WMX1,threonine,Di
A0A0M6WMX1,threonine,Mono
A0A0M6WMX1,threonine,Tri
A0A0M6WMX1,tryptamine,Di
A0A0M6WMX1,tryptamine,Mono
A0A0M6WMX1,tryptamine,Tri
A0A0M6WMX1,tyramine,Di
A0A0M6WMX1,tyramine,Mono
A0A0M6WMX1,tyramine,Tri
A0A0M6WSM3,"2,3_diaminopropionic acid",Di
A0A0M6WSM3,"2,3_diaminopropionic acid",Mono
A0A0M6WSM3,"2,3_diaminopropionic acid",Tri
A0A0M6WSM3,2_aminophenol,Di
A0A0M6WSM3,2_aminophenol,Mono
A0A0M6WSM3,2_aminophenol,Tri
A0A0M6WSM3,3_methoxytyramine,Di
A0A0M6WSM3,3_methoxytyramine,Mono
A0A0M6WSM3,3_methoxytyramine,Tri
A0A0M6WSM3,alanine,Di
A0A0M6WSM3,alanine,Mono
A0A0M6WSM3,alanine,Tri
A0A0M6WSM3,arginine,Di
A0A0M6WSM3,arginine,Mono
A0A0M6WSM3,arginine,Tri
A0A0M6WSM3,asparagine,Di
A0A0M6WSM3,asparagine,Mono
A0A0M6WSM3,asparagine,Tri
A0A0M6WSM3,cadaverine,Di
A0A0M6WSM3,cadaverine,Mono
A0A0M6WSM3,cadaverine,Tri
A0A0M6WSM3,citrulline,Di
A0A0M6WSM3,citrulline,Mono
A0A0M6WSM3,citrulline,Tri
A0A0M6WSM3,cystine,Di
A0A0M6WSM3,cystine,Mono
A0A0M6WSM3,cystine,Tri
A0A0M6WSM3,dopamine,Di
A0A0M6WSM3,dopamine,Mono
A0A0M6WSM3,dopamine,Tri
A0A0M6WSM3,gaba,Di
A0A0M6WSM3,gaba,Mono
A0A0M6WSM3,gaba,Tri
A0A0M6WSM3,glutamine,Di
A0A0M6WSM3,glutamine,Mono
A0A0M6WSM3,glutamine,Tri
A0A0M6WSM3,glyglycine,Di
A0A0M6WSM3,glyglycine,Mono
A0A0M6WSM3,glyglycine,Tri
A0A0M6WSM3,histidine,Di
A0A0M6WSM3,histidine,Mono
A0A0M6WSM3,histidine,Tri
A0A0M6WSM3,lysine,Di
A0A0M6WSM3,lysine,Mono
A0A0M6WSM3,lysine,Tri
A0A0M6WSM3,methionine,Di
A0A0M6WSM3,methionine,Mono
A0A0M6WSM3,methionine,Tri
A0A0M6WSM3,ornithine,Di
A0A0M6WSM3,ornithine,Mono
A0A0M6WSM3,ornithine,Tri
A0A0M6WSM3,phenylalanine,Di
A0A0M6WSM3,phenylalanine,Mono
A0A0M6WSM3,phenylalanine,Tri
A0A0M6WSM3,proline,Di
A0A0M6WSM3,proline,Mono
A0A0M6WSM3,proline,Tri
A0A0M6WSM3,putrescine,Di
A0A0M6WSM3,putrescine,Mono
A0A0M6WSM3,putrescine,Tri
A0A0M6WSM3,serine,Di
A0A0M6WSM3,serine,Mono
A0A0M6WSM3,serine,Tri
A0A0M6WSM3,serotonin,Di
A0A0M6WSM3,serotonin,Mono
A0A0M6WSM3,serotonin,Tri
A0A0M6WSM3,threonine,Di
A0A0M6WSM3,threonine,Mono
A0A0M6WSM3,threonine,Tri
A0A0M6WSM3,tryptamine,Di
A0A0M6WSM3,tryptamine,Mono
A0A0M6WSM3,tryptamine,Tri
A0A0M6WSM3,tyramine,Di
A0A0M6WSM3,tyramine,Mono
A0A0M6WSM3,tyramine,Tri
A0A0P0FKS2,"2,3_diaminopropionic acid",Di
A0A0P0FKS2,"2,3_diaminopropionic acid",Mono
A0A0P0FKS2,"2,3_diaminopropionic acid",Tri
A0A0P0FKS2,2_aminophenol,Di
A0A0P0FKS2,2_aminophenol,Mono
A0A0P0FKS2,2_aminophenol,Tri
A0A0P0FKS2,3_methoxytyramine,Di
A0A0P0FKS2,3_methoxytyramine,Mono
A0A0P0FKS2,3_methoxytyramine,Tri
A0A0P0FKS2,alanine,Di
A0A0P0FKS2,alanine,Mono
A0A0P0FKS2,alanine,Tri
A0A0P0FKS2,arginine,Di
A0A0P0FKS2,arginine,Mono
A0A0P0FKS2,arginine,Tri
A0A0P0FKS2,asparagine,Di
A0A0P0FKS2,asparagine,Mono
A0A0P0FKS2,asparagine,Tri
A0A0P0FKS2,cadaverine,Di
A0A0P0FKS2,cadaverine,Mono
A0A0P0FKS2,cadaverine,Tri
A0A0P0FKS2,citrulline,Di
A0A0P0FKS2,citrulline,Mono
A0A0P0FKS2,citrulline,Tri
A0A0P0FKS2,cystine,Di
A0A0P0FKS2,cystine,Mono
A0A0P0FKS2,cystine,Tri
A0A0P0FKS2,dopamine,Di
A0A0P0FKS2,dopamine,Mono
A0A0P0FKS2,dopamine,Tri
A0A0P0FKS2,gaba,Di
A0A0P0FKS2,gaba,Mono
A0A0P0FKS2,gaba,Tri
A0A0P0FKS2,glutamine,Di
A0A0P0FKS2,glutamine,Mono
A0A0P0FKS2,glutamine,Tri
A0A0P0FKS2,glyglycine,Di
A0A0P0FKS2,glyglycine,Mono
A0A0P0FKS2,glyglycine,Tri
A0A0P0FKS2,histidine,Di
A0A0P0FKS2,histidine,Mono
A0A0P0FKS2,histidine,Tri
A0A0P0FKS2,lysine,Di
A0A0P0FKS2,lysine,Mono
A0A0P0FKS2,lysine,Tri
A0A0P0FKS2,methionine,Di
A0A0P0FKS2,methionine,Mono
A0A0P0FKS2,methionine,Tri
A0A0P0FKS2,ornithine,Di
A0A0P0FKS2,ornithine,Mono
A0A0P0FKS2,ornithine,Tri
A0A0P0FKS2,phenylalanine,Di
A0A0P0FKS2,phenylalanine,Mono
A0A0P0FKS2,phenylalanine,Tri
A0A0P0FKS2,proline,Di
A0A0P0FKS2,proline,Mono
A0A0P0FKS2,proline,Tri
A0A0P0FKS2,putrescine,Di
A0A0P0FKS2,putrescine,Mono
A0A0P0FKS2,putrescine,Tri
A0A0P0FKS2,serine,Di
A0A0P0FKS2,serine,Mono
A0A0P0FKS2,serine,Tri
A0A0P0FKS2,serotonin,Di
A0A0P0FKS2,serotonin,Mono
A0A0P0FKS2,serotonin,Tri
A0A0P0FKS2,threonine,Di
A0A0P0FKS2,threonine,Mono
A0A0P0FKS2,threonine,Tri
A0A0P0FKS2,tryptamine,Di
A0A0P0FKS2,tryptamine,Mono
A0A0P0FKS2,tryptamine,Tri
A0A0P0FKS2,tyramine,Di
A0A0P0FKS2,tyramine,Mono
A0A0P0FKS2,tyramine,Tri
A0A0S2W269,"2,3_diaminopropionic acid",Di
A0A0S2W269,"2,3_diaminopropionic acid",Mono
A0A0S2W269,"2,3_diaminopropionic acid",Tri
A0A0S2W269,2_aminophenol,Di
A0A0S2W269,2_aminophenol,Mono
A0A0S2W269,2_aminophenol,Tri
A0A0S2W269,3_methoxytyramine,Di
A0A0S2W269,3_methoxytyramine,Mono
A0A0S2W269,3_methoxytyramine,Tri
A0A0S2W269,alanine,Di
A0A0S2W269,alanine,Mono
A0A0S2W269,alanine,Tri
A0A0S2W269,arginine,Di
A0A0S2W269,arginine,Mono
A0A0S2W269,arginine,Tri
A0A0S2W269,asparagine,Di
A0A0S2W269,asparagine,Mono
A0A0S2W269,asparagine,Tri
A0A0S2W269,cadaverine,Di
A0A0S2W269,cadaverine,Mono
A0A0S2W269,cadaverine,Tri
A0A0S2W269,citrulline,Di
A0A0S2W269,citrulline,Mono
A0A0S2W269,citrulline,Tri
A0A0S2W269,cystine,Di
A0A0S2W269,cystine,Mono
A0A0S2W269,cystine,Tri
A0A0S2W269,dopamine,Di
A0A0S2W269,dopamine,Mono
A0A0S2W269,dopamine,Tri
A0A0S2W269,gaba,Di
A0A0S2W269,gaba,Mono
A0A0S2W269,gaba,Tri
A0A0S2W269,glutamine,Di
A0A0S2W269,glutamine,Mono
A0A0S2W269,glutamine,Tri
A0A0S2W269,glyglycine,Di
A0A0S2W269,glyglycine,Mono
A0A0S2W269,glyglycine,Tri
A0A0S2W269,histidine,Di
A0A0S2W269,histidine,Mono
A0A0S2W269,histidine,Tri
A0A0S2W269,lysine,Di
A0A0S2W269,lysine,Mono
A0A0S2W269,lysine,Tri
A0A0S2W269,methionine,Di
A0A0S2W269,methionine,Mono
A0A0S2W269,methionine,Tri
A0A0S2W269,ornithine,Di
A0A0S2W269,ornithine,Mono
A0A0S2W269,ornithine,Tri
A0A0S2W269,phenylalanine,Di
A0A0S2W269,phenylalanine,Mono
A0A0S2W269,phenylalanine,Tri
A0A0S2W269,proline,Di
A0A0S2W269,proline,Mono
A0A0S2W269,proline,Tri
A0A0S2W269,putrescine,Di
A0A0S2W269,putrescine,Mono
A0A0S2W269,putrescine,Tri
A0A0S2W269,serine,Di
A0A0S2W269,serine,Mono
A0A0S2W269,serine,Tri
A0A0S2W269,serotonin,Di
A0A0S2W269,serotonin,Mono
A0A0S2W269,serotonin,Tri
A0A0S2W269,threonine,Di
A0A0S2W269,threonine,Mono
A0A0S2W269,threonine,Tri
A0A0S2W269,tryptamine,Di
A0A0S2W269,tryptamine,Mono
A0A0S2W269,tryptamine,Tri
A0A0S2W269,tyramine,Di
A0A0S2W269,tyramine,Mono
A0A0S2W269,tyramine,Tri
A0A173ZD58,"2,3_diaminopropionic acid",Di
A0A173ZD58,"2,3_diaminopropionic acid",Mono
A0A173ZD58,"2,3_diaminopropionic acid",Tri
A0A173ZD58,2_aminophenol,Di
A0A173ZD58,2_aminophenol,Mono
A0A173ZD58,2_aminophenol,Tri
A0A173ZD58,3_methoxytyramine,Di
A0A173ZD58,3_methoxytyramine,Mono
A0A173ZD58,3_methoxytyramine,Tri
A0A173ZD58,alanine,Di
A0A173ZD58,alanine,Mono
A0A173ZD58,alanine,Tri
A0A173ZD58,arginine,Di
A0A173ZD58,arginine,Mono
A0A173ZD58,arginine,Tri
A0A173ZD58,asparagine,Di
A0A173ZD58,asparagine,Mono
A0A173ZD58,asparagine,Tri
A0A173ZD58,cadaverine,Di
A0A173ZD58,cadaverine,Mono
A0A173ZD58,cadaverine,Tri
A0A173ZD58,citrulline,Di
A0A173ZD58,citrulline,Mono
A0A173ZD58,citrulline,Tri
A0A173ZD58,cystine,Di
A0A173ZD58,cystine,Mono
A0A173ZD58,cystine,Tri
A0A173ZD58,dopamine,Di
A0A173ZD58,dopamine,Mono
A0A173ZD58,dopamine,Tri
A0A173ZD58,gaba,Di
A0A173ZD58,gaba,Mono
A0A173ZD58,gaba,Tri
A0A173ZD58,glutamine,Di
A0A173ZD58,glutamine,Mono
A0A173ZD58,glutamine,Tri
A0A173ZD58,glyglycine,Di
A0A173ZD58,glyglycine,Mono
A0A173ZD58,glyglycine,Tri
A0A173ZD58,histidine,Di
A0A173ZD58,histidine,Mono
A0A173ZD58,histidine,Tri
A0A173ZD58,lysine,Di
A0A173ZD58,lysine,Mono
A0A173ZD58,lysine,Tri
A0A173ZD58,methionine,Di
A0A173ZD58,methionine,Mono
A0A173ZD58,methionine,Tri
A0A173ZD58,ornithine,Di
A0A173ZD58,ornithine,Mono
A0A173ZD58,ornithine,Tri
A0A173ZD58,phenylalanine,Di
A0A173ZD58,phenylalanine,Mono
A0A173ZD58,phenylalanine,Tri
A0A173ZD58,proline,Di
A0A173ZD58,proline,Mono
A0A173ZD58,proline,Tri
A0A173ZD58,putrescine,Di
A0A173ZD58,putrescine,Mono
A0A173ZD58,putrescine,Tri
A0A173ZD58,serine,Di
A0A173ZD58,serine,Mono
A0A173ZD58,serine,Tri
A0A173ZD58,serotonin,Di
A0A173ZD58,serotonin,Mono
A0A173ZD58,serotonin,Tri
A0A173ZD58,threonine,Di
A0A173ZD58,threonine,Mono
A0A173ZD58,threonine,Tri
A0A173ZD58,tryptamine,Di
A0A173ZD58,tryptamine,Mono
A0A173ZD58,tryptamine,Tri
A0A173ZD58,tyramine,Di
A0A173ZD58,tyramine,Mono
A0A173ZD58,tyramine,Tri
A0A174DZA2,"2,3_diaminopropionic acid",Di
A0A174DZA2,"2,3_diaminopropionic acid",Mono
A0A174DZA2,"2,3_diaminopropionic acid",Tri
A0A174DZA2,2_aminophenol,Di
A0A174DZA2,2_aminophenol,Mono
A0A174DZA2,2_aminophenol,Tri
A0A174DZA2,3_methoxytyramine,Di
A0A174DZA2,3_methoxytyramine,Mono
A0A174DZA2,3_methoxytyramine,Tri
A0A174DZA2,alanine,Di
A0A174DZA2,alanine,Mono
A0A174DZA2,alanine,Tri
A0A174DZA2,arginine,Di
A0A174DZA2,arginine,Mono
A0A174DZA2,arginine,Tri
A0A174DZA2,asparagine,Di
A0A174DZA2,asparagine,Mono
A0A174DZA2,asparagine,Tri
A0A174DZA2,cadaverine,Di
A0A174DZA2,cadaverine,Mono
A0A174DZA2,cadaverine,Tri
A0A174DZA2,citrulline,Di
A0A174DZA2,citrulline,Mono
A0A174DZA2,citrulline,Tri
A0A174DZA2,cystine,Di
A0A174DZA2,cystine,Mono
A0A174DZA2,cystine,Tri
A0A174DZA2,dopamine,Di
A0A174DZA2,dopamine,Mono
A0A174DZA2,dopamine,Tri
A0A174DZA2,gaba,Di
A0A174DZA2,gaba,Mono
A0A174DZA2,gaba,Tri
A0A174DZA2,glutamine,Di
A0A174DZA2,glutamine,Mono
A0A174DZA2,glutamine,Tri
A0A174DZA2,glyglycine,Di
A0A174DZA2,glyglycine,Mono
A0A174DZA2,glyglycine,Tri
A0A174DZA2,histidine,Di
A0A174DZA2,histidine,Mono
A0A174DZA2,histidine,Tri
A0A174DZA2,lysine,Di
A0A174DZA2,lysine,Mono
A0A174DZA2,lysine,Tri
A0A174DZA2,methionine,Di
A0A174DZA2,methionine,Mono
A0A174DZA2,methionine,Tri
A0A174DZA2,ornithine,Di
A0A174DZA2,ornithine,Mono
A0A174DZA2,ornithine,Tri
A0A174DZA2,phenylalanine,Di
A0A174DZA2,phenylalanine,Mono
A0A174DZA2,phenylalanine,Tri
A0A174DZA2,proline,Di
A0A174DZA2,proline,Mono
A0A174DZA2,proline,Tri
A0A174DZA2,putrescine,Di
A0A174DZA2,putrescine,Mono
A0A174DZA2,putrescine,Tri
A0A174DZA2,serine,Di
A0A174DZA2,serine,Mono
A0A174DZA2,serine,Tri
A0A174DZA2,serotonin,Di
A0A174DZA2,serotonin,Mono
A0A174DZA2,serotonin,Tri
A0A174DZA2,threonine,Di
A0A174DZA2,threonine,Mono
A0A174DZA2,threonine,Tri
A0A174DZA2,tryptamine,Di
A0A174DZA2,tryptamine,Mono
A0A174DZA2,tryptamine,Tri
A0A174DZA2,tyramine,Di
A0A174DZA2,tyramine,Mono
A0A174DZA2,tyramine,Tri
A0A174MBD8,"2,3_diaminopropionic acid",Di
A0A174MBD8,"2,3_diaminopropionic acid",Mono
A0A174MBD8,"2,3_diaminopropionic acid",Tri
A0A174MBD8,2_aminophenol,Di
A0A174MBD8,2_aminophenol,Mono
A0A174MBD8,2_aminophenol,Tri
A0A174MBD8,3_methoxytyramine,Di
A0A174MBD8,3_methoxytyramine,Mono
A0A174MBD8,3_methoxytyramine,Tri
A0A174MBD8,alanine,Di
A0A174MBD8,alanine,Mono
A0A174MBD8,alanine,Tri
A0A174MBD8,arginine,Di
A0A174MBD8,arginine,Mono
A0A174MBD8,arginine,Tri
A0A174MBD8,asparagine,Di
A0A174MBD8,asparagine,Mono
A0A174MBD8,asparagine,Tri
A0A174MBD8,cadaverine,Di
A0A174MBD8,cadaverine,Mono
A0A174MBD8,cadaverine,Tri
A0A174MBD8,citrulline,Di
A0A174MBD8,citrulline,Mono
A0A174MBD8,citrulline,Tri
A0A174MBD8,cystine,Di
A0A174MBD8,cystine,Mono
A0A174MBD8,cystine,Tri
A0A174MBD8,dopamine,Di
A0A174MBD8,dopamine,Mono
A0A174MBD8,dopamine,Tri
A0A174MBD8,gaba,Di
A0A174MBD8,gaba,Mono
A0A174MBD8,gaba,Tri
A0A174MBD8,glutamine,Di
A0A174MBD8,glutamine,Mono
A0A174MBD8,glutamine,Tri
A0A174MBD8,glyglycine,Di
A0A174MBD8,glyglycine,Mono
A0A174MBD8,glyglycine,Tri
A0A174MBD8,histidine,Di
A0A174MBD8,histidine,Mono
A0A174MBD8,histidine,Tri
A0A174MBD8,lysine,Di
A0A174MBD8,lysine,Mono
A0A174MBD8,lysine,Tri
A0A174MBD8,methionine,Di
A0A174MBD8,methionine,Mono
A0A174MBD8,methionine,Tri
A0A174MBD8,ornithine,Di
A0A174MBD8,ornithine,Mono
A0A174MBD8,ornithine,Tri
A0A174MBD8,phenylalanine,Di
A0A174MBD8,phenylalanine,Mono
A0A174MBD8,phenylalanine,Tri
A0A174MBD8,proline,Di
A0A174MBD8,proline,Mono
A0A174MBD8,proline,Tri
A0A174MBD8,putrescine,Di
A0A174MBD8,putrescine,Mono
A0A174MBD8,putrescine,Tri
A0A174MBD8,serine,Di
A0A174MBD8,serine,Mono
A0A174MBD8,serine,Tri
A0A174MBD8,serotonin,Di
A0A174MBD8,serotonin,Mono
A0A174MBD8,serotonin,Tri
A0A174MBD8,threonine,Di
A0A174MBD8,threonine,Mono
A0A174MBD8,threonine,Tri
A0A174MBD8,tryptamine,Di
A0A174MBD8,tryptamine,Mono
A0A174MBD8,tryptamine,Tri
A0A174MBD8,tyramine,Di
A0A174MBD8,tyramine,Mono
A0A174MBD8,tyramine,Tri
A0A174Z2R4,"2,3_diaminopropionic acid",Di
A0A174Z2R4,"2,3_diaminopropionic acid",Mono
A0A174Z2R4,"2,3_diaminopropionic acid",Tri
A0A174Z2R4,2_aminophenol,Di
A0A174Z2R4,2_aminophenol,Mono
A0A174Z2R4,2_aminophenol,Tri
A0A174Z2R4,3_methoxytyramine,Di
A0A174Z2R4,3_methoxytyramine,Mono
A0A174Z2R4,3_methoxytyramine,Tri
A0A174Z2R4,alanine,Di
A0A174Z2R4,alanine,Mono
A0A174Z2R4,alanine,Tri
A0A174Z2R4,arginine,Di
A0A174Z2R4,arginine,Mono
A0A174Z2R4,arginine,Tri
A0A174Z2R4,asparagine,Di
A0A174Z2R4,asparagine,Mono
A0A174Z2R4,asparagine,Tri
A0A174Z2R4,cadaverine,Di
A0A174Z2R4,cadaverine,Mono
A0A174Z2R4,cadaverine,Tri
A0A174Z2R4,citrulline,Di
A0A174Z2R4,citrulline,Mono
A0A174Z2R4,citrulline,Tri
A0A174Z2R4,cystine,Di
A0A174Z2R4,cystine,Mono
A0A174Z2R4,cystine,Tri
A0A174Z2R4,dopamine,Di
A0A174Z2R4,dopamine,Mono
A0A174Z2R4,dopamine,Tri
A0A174Z2R4,gaba,Di
A0A174Z2R4,gaba,Mono
A0A174Z2R4,gaba,Tri
A0A174Z2R4,glutamine,Di
A0A174Z2R4,glutamine,Mono
A0A174Z2R4,glutamine,Tri
A0A174Z2R4,glyglycine,Di
A0A174Z2R4,glyglycine,Mono
A0A174Z2R4,glyglycine,Tri
A0A174Z2R4,histidine,Di
A0A174Z2R4,histidine,Mono
A0A174Z2R4,histidine,Tri
A0A174Z2R4,lysine,Di
A0A174Z2R4,lysine,Mono
A0A174Z2R4,lysine,Tri
A0A174Z2R4,methionine,Di
A0A174Z2R4,methionine,Mono
A0A174Z2R4,methionine,Tri
A0A174Z2R4,ornithine,Di
A0A174Z2R4,ornithine,Mono
A0A174Z2R4,ornithine,Tri
A0A174Z2R4,phenylalanine,Di
A0A174Z2R4,phenylalanine,Mono
A0A174Z2R4,phenylalanine,Tri
A0A174Z2R4,proline,Di
A0A174Z2R4,proline,Mono
A0A174Z2R4,proline,Tri
A0A174Z2R4,putrescine,Di
A0A174Z2R4,putrescine,Mono
A0A174Z2R4,putrescine,Tri
A0A174Z2R4,serine,Di
A0A174Z2R4,serine,Mono
A0A174Z2R4,serine,Tri
A0A174Z2R4,serotonin,Di
A0A174Z2R4,serotonin,Mono
A0A174Z2R4,serotonin,Tri
A0A174Z2R4,threonine,Di
A0A174Z2R4,threonine,Mono
A0A174Z2R4,threonine,Tri
A0A174Z2R4,tryptamine,Di
A0A174Z2R4,tryptamine,Mono
A0A174Z2R4,tryptamine,Tri
A0A174Z2R4,tyramine,Di
A0A174Z2R4,tyramine,Mono
A0A174Z2R4,tyramine,Tri
A0A174ZD20,"2,3_diaminopropionic acid",Di
A0A174ZD20,"2,3_diaminopropionic acid",Mono
A0A174ZD20,"2,3_diaminopropionic acid",Tri
A0A174ZD20,2_aminophenol,Di
A0A174ZD20,2_aminophenol,Mono
A0A174ZD20,2_aminophenol,Tri
A0A174ZD20,3_methoxytyramine,Di
A0A174ZD20,3_methoxytyramine,Mono
A0A174ZD20,3_methoxytyramine,Tri
A0A174ZD20,alanine,Di
A0A174ZD20,alanine,Mono
A0A174ZD20,alanine,Tri
A0A174ZD20,arginine,Di
A0A174ZD20,arginine,Mono
A0A174ZD20,arginine,Tri
A0A174ZD20,asparagine,Di
A0A174ZD20,asparagine,Mono
A0A174ZD20,asparagine,Tri
A0A174ZD20,cadaverine,Di
A0A174ZD20,cadaverine,Mono
A0A174ZD20,cadaverine,Tri
A0A174ZD20,citrulline,Di
A0A174ZD20,citrulline,Mono
A0A174ZD20,citrulline,Tri
A0A174ZD20,cystine,Di
A0A174ZD20,cystine,Mono
A0A174ZD20,cystine,Tri
A0A174ZD20,dopamine,Di
A0A174ZD20,dopamine,Mono
A0A174ZD20,dopamine,Tri
A0A174ZD20,gaba,Di
A0A174ZD20,gaba,Mono
A0A174ZD20,gaba,Tri
A0A174ZD20,glutamine,Di
A0A174ZD20,glutamine,Mono
A0A174ZD20,glutamine,Tri
A0A174ZD20,glyglycine,Di
A0A174ZD20,glyglycine,Mono
A0A174ZD20,glyglycine,Tri
A0A174ZD20,histidine,Di
A0A174ZD20,histidine,Mono
A0A174ZD20,histidine,Tri
A0A174ZD20,lysine,Di
A0A174ZD20,lysine,Mono
A0A174ZD20,lysine,Tri
A0A174ZD20,methionine,Di
A0A174ZD20,methionine,Mono
A0A174ZD20,methionine,Tri
A0A174ZD20,ornithine,Di
A0A174ZD20,ornithine,Mono
A0A174ZD20,ornithine,Tri
A0A174ZD20,phenylalanine,Di
A0A174ZD20,phenylalanine,Mono
A0A174ZD20,phenylalanine,Tri
A0A174ZD20,proline,Di
A0A174ZD20,proline,Mono
A0A174ZD20,proline,Tri
A0A174ZD20,putrescine,Di
A0A174ZD20,putrescine,Mono
A0A174ZD20,putrescine,Tri
A0A174ZD20,serine,Di
A0A174ZD20,serine,Mono
A0A174ZD20,serine,Tri
A0A174ZD20,serotonin,Di
A0A174ZD20,serotonin,Mono
A0A174ZD20,serotonin,Tri
A0A174ZD20,threonine,Di
A0A174ZD20,threonine,Mono
A0A174ZD20,threonine,Tri
A0A174ZD20,tryptamine,Di
A0A174ZD20,tryptamine,Mono
A0A174ZD20,tryptamine,Tri
A0A174ZD20,tyramine,Di
A0A174ZD20,tyramine,Mono
A0A174ZD20,tyramine,Tri
A0A1C5L0B6,"2,3_diaminopropionic acid",Di
A0A1C5L0B6,"2,3_diaminopropionic acid",Mono
A0A1C5L0B6,"2,3_diaminopropionic acid",Tri
A0A1C5L0B6,2_aminophenol,Di
A0A1C5L0B6,2_aminophenol,Mono
A0A1C5L0B6,2_aminophenol,Tri
A0A1C5L0B6,3_methoxytyramine,Di
A0A1C5L0B6,3_methoxytyramine,Mono
A0A1C5L0B6,3_methoxytyramine,Tri
A0A1C5L0B6,alanine,Di
A0A1C5L0B6,alanine,Mono
A0A1C5L0B6,alanine,Tri
A0A1C5L0B6,arginine,Di
A0A1C5L0B6,arginine,Mono
A0A1C5L0B6,arginine,Tri
A0A1C5L0B6,asparagine,Di
A0A1C5L0B6,asparagine,Mono
A0A1C5L0B6,asparagine,Tri
A0A1C5L0B6,cadaverine,Di
A0A1C5L0B6,cadaverine,Mono
A0A1C5L0B6,cadaverine,Tri
A0A1C5L0B6,citrulline,Di
A0A1C5L0B6,citrulline,Mono
A0A1C5L0B6,citrulline,Tri
A0A1C5L0B6,cystine,Di
A0A1C5L0B6,cystine,Mono
A0A1C5L0B6,cystine,Tri
A0A1C5L0B6,dopamine,Di
A0A1C5L0B6,dopamine,Mono
A0A1C5L0B6,dopamine,Tri
A0A1C5L0B6,gaba,Di
A0A1C5L0B6,gaba,Mono
A0A1C5L0B6,gaba,Tri
A0A1C5L0B6,glutamine,Di
A0A1C5L0B6,glutamine,Mono
A0A1C5L0B6,glutamine,Tri
A0A1C5L0B6,glyglycine,Di
A0A1C5L0B6,glyglycine,Mono
A0A1C5L0B6,glyglycine,Tri
A0A1C5L0B6,histidine,Di
A0A1C5L0B6,histidine,Mono
A0A1C5L0B6,histidine,Tri
A0A1C5L0B6,lysine,Di
A0A1C5L0B6,lysine,Mono
A0A1C5L0B6,lysine,Tri
A0A1C5L0B6,methionine,Di
A0A1C5L0B6,methionine,Mono
A0A1C5L0B6,methionine,Tri
A0A1C5L0B6,ornithine,Di
A0A1C5L0B6,ornithine,Mono
A0A1C5L0B6,ornithine,Tri
A0A1C5L0B6,phenylalanine,Di
A0A1C5L0B6,phenylalanine,Mono
A0A1C5L0B6,phenylalanine,Tri
A0A1C5L0B6,proline,Di
A0A1C5L0B6,proline,Mono
A0A1C5L0B6,proline,Tri
A0A1C5L0B6,putrescine,Di
A0A1C5L0B6,putrescine,Mono
A0A1C5L0B6,putrescine,Tri
A0A1C5L0B6,serine,Di
A0A1C5L0B6,serine,Mono
A0A1C5L0B6,serine,Tri
A0A1C5L0B6,serotonin,Di
A0A1C5L0B6,serotonin,Mono
A0A1C5L0B6,serotonin,Tri
A0A1C5L0B6,threonine,Di
A0A1C5L0B6,threonine,Mono
A0A1C5L0B6,threonine,Tri
A0A1C5L0B6,tryptamine,Di
A0A1C5L0B6,tryptamine,Mono
A0A1C5L0B6,tryptamine,Tri
A0A1C5L0B6,tyramine,Di
A0A1C5L0B6,tyramine,Mono
A0A1C5L0B6,tyramine,Tri
A0A1C5LGL2,"2,3_diaminopropionic acid",Di
A0A1C5LGL2,"2,3_diaminopropionic acid",Mono
A0A1C5LGL2,"2,3_diaminopropionic acid",Tri
A0A1C5LGL2,2_aminophenol,Di
A0A1C5LGL2,2_aminophenol,Mono
A0A1C5LGL2,2_aminophenol,Tri
A0A1C5LGL2,3_methoxytyramine,Di
A0A1C5LGL2,3_methoxytyramine,Mono
A0A1C5LGL2,3_methoxytyramine,Tri
A0A1C5LGL2,alanine,Di
A0A1C5LGL2,alanine,Mono
A0A1C5LGL2,alanine,Tri
A0A1C5LGL2,arginine,Di
A0A1C5LGL2,arginine,Mono
A0A1C5LGL2,arginine,Tri
A0A1C5LGL2,asparagine,Di
A0A1C5LGL2,asparagine,Mono
A0A1C5LGL2,asparagine,Tri
A0A1C5LGL2,cadaverine,Di
A0A1C5LGL2,cadaverine,Mono
A0A1C5LGL2,cadaverine,Tri
A0A1C5LGL2,citrulline,Di
A0A1C5LGL2,citrulline,Mono
A0A1C5LGL2,citrulline,Tri
A0A1C5LGL2,cystine,Di
A0A1C5LGL2,cystine,Mono
A0A1C5LGL2,cystine,Tri
A0A1C5LGL2,dopamine,Di
A0A1C5LGL2,dopamine,Mono
A0A1C5LGL2,dopamine,Tri
A0A1C5LGL2,gaba,Di
A0A1C5LGL2,gaba,Mono
A0A1C5LGL2,gaba,Tri
A0A1C5LGL2,glutamine,Di
A0A1C5LGL2,glutamine,Mono
A0A1C5LGL2,glutamine,Tri
A0A1C5LGL2,glyglycine,Di
A0A1C5LGL2,glyglycine,Mono
A0A1C5LGL2,glyglycine,Tri
A0A1C5LGL2,histidine,Di
A0A1C5LGL2,histidine,Mono
A0A1C5LGL2,histidine,Tri
A0A1C5LGL2,lysine,Di
A0A1C5LGL2,lysine,Mono
A0A1C5LGL2,lysine,Tri
A0A1C5LGL2,methionine,Di
A0A1C5LGL2,methionine,Mono
A0A1C5LGL2,methionine,Tri
A0A1C5LGL2,ornithine,Di
A0A1C5LGL2,ornithine,Mono
A0A1C5LGL2,ornithine,Tri
A0A1C5LGL2,phenylalanine,Di
A0A1C5LGL2,phenylalanine,Mono
A0A1C5LGL2,phenylalanine,Tri
A0A1C5LGL2,proline,Di
A0A1C5LGL2,proline,Mono
A0A1C5LGL2,proline,Tri
A0A1C5LGL2,putrescine,Di
A0A1C5LGL2,putrescine,Mono
A0A1C5LGL2,putrescine,Tri
A0A1C5LGL2,serine,Di
A0A1C5LGL2,serine,Mono
A0A1C5LGL2,serine,Tri
A0A1C5LGL2,serotonin,Di
A0A1C5LGL2,serotonin,Mono
A0A1C5LGL2,serotonin,Tri
A0A1C5LGL2,threonine,Di
A0A1C5LGL2,threonine,Mono
A0A1C5LGL2,threonine,Tri
A0A1C5LGL2,tryptamine,Di
A0A1C5LGL2,tryptamine,Mono
A0A1C5LGL2,tryptamine,Tri
A0A1C5LGL2,tyramine,Di
A0A1C5LGL2,tyramine,Mono
A0A1C5LGL2,tyramine,Tri
A0A1C5M2J2,"2,3_diaminopropionic acid",Di
A0A1C5M2J2,"2,3_diaminopropionic acid",Mono
A0A1C5M2J2,"2,3_diaminopropionic acid",Tri
A0A1C5M2J2,2_aminophenol,Di
A0A1C5M2J2,2_aminophenol,Mono
A0A1C5M2J2,2_aminophenol,Tri
A0A1C5M2J2,3_methoxytyramine,Di
A0A1C5M2J2,3_methoxytyramine,Mono
A0A1C5M2J2,3_methoxytyramine,Tri
A0A1C5M2J2,alanine,Di
A0A1C5M2J2,alanine,Mono
A0A1C5M2J2,alanine,Tri
A0A1C5M2J2,arginine,Di
A0A1C5M2J2,arginine,Mono
A0A1C5M2J2,arginine,Tri
A0A1C5M2J2,asparagine,Di
A0A1C5M2J2,asparagine,Mono
A0A1C5M2J2,asparagine,Tri
A0A1C5M2J2,cadaverine,Di
A0A1C5M2J2,cadaverine,Mono
A0A1C5M2J2,cadaverine,Tri
A0A1C5M2J2,citrulline,Di
A0A1C5M2J2,citrulline,Mono
A0A1C5M2J2,citrulline,Tri
A0A1C5M2J2,cystine,Di
A0A1C5M2J2,cystine,Mono
A0A1C5M2J2,cystine,Tri
A0A1C5M2J2,dopamine,Di
A0A1C5M2J2,dopamine,Mono
A0A1C5M2J2,dopamine,Tri
A0A1C5M2J2,gaba,Di
A0A1C5M2J2,gaba,Mono
A0A1C5M2J2,gaba,Tri
A0A1C5M2J2,glutamine,Di
A0A1C5M2J2,glutamine,Mono
A0A1C5M2J2,glutamine,Tri
A0A1C5M2J2,glyglycine,Di
A0A1C5M2J2,glyglycine,Mono
A0A1C5M2J2,glyglycine,Tri
A0A1C5M2J2,histidine,Di
A0A1C5M2J2,histidine,Mono
A0A1C5M2J2,histidine,Tri
A0A1C5M2J2,lysine,Di
A0A1C5M2J2,lysine,Mono
A0A1C5M2J2,lysine,Tri
A0A1C5M2J2,methionine,Di
A0A1C5M2J2,methionine,Mono
A0A1C5M2J2,methionine,Tri
A0A1C5M2J2,ornithine,Di
A0A1C5M2J2,ornithine,Mono
A0A1C5M2J2,ornithine,Tri
A0A1C5M2J2,phenylalanine,Di
A0A1C5M2J2,phenylalanine,Mono
A0A1C5M2J2,phenylalanine,Tri
A0A1C5M2J2,proline,Di
A0A1C5M2J2,proline,Mono
A0A1C5M2J2,proline,Tri
A0A1C5M2J2,putrescine,Di
A0A1C5M2J2,putrescine,Mono
A0A1C5M2J2,putrescine,Tri
A0A1C5M2J2,serine,Di
A0A1C5M2J2,serine,Mono
A0A1C5M2J2,serine,Tri
A0A1C5M2J2,serotonin,Di
A0A1C5M2J2,serotonin,Mono
A0A1C5M2J2,serotonin,Tri
A0A1C5M2J2,threonine,Di
A0A1C5M2J2,threonine,Mono
A0A1C5M2J2,threonine,Tri
A0A1C5M2J2,tryptamine,Di
A0A1C5M2J2,tryptamine,Mono
A0A1C5M2J2,tryptamine,Tri
A0A1C5M2J2,tyramine,Di
A0A1C5M2J2,tyramine,Mono
A0A1C5M2J2,tyramine,Tri
A0A1C5MIH1,"2,3_diaminopropionic acid",Di
A0A1C5MIH1,"2,3_diaminopropionic acid",Mono
A0A1C5MIH1,"2,3_diaminopropionic acid",Tri
A0A1C5MIH1,2_aminophenol,Di
A0A1C5MIH1,2_aminophenol,Mono
A0A1C5MIH1,2_aminophenol,Tri
A0A1C5MIH1,3_methoxytyramine,Di
A0A1C5MIH1,3_methoxytyramine,Mono
A0A1C5MIH1,3_methoxytyramine,Tri
A0A1C5MIH1,alanine,Di
A0A1C5MIH1,alanine,Mono
A0A1C5MIH1,alanine,Tri
A0A1C5MIH1,arginine,Di
A0A1C5MIH1,arginine,Mono
A0A1C5MIH1,arginine,Tri
A0A1C5MIH1,asparagine,Di
A0A1C5MIH1,asparagine,Mono
A0A1C5MIH1,asparagine,Tri
A0A1C5MIH1,cadaverine,Di
A0A1C5MIH1,cadaverine,Mono
A0A1C5MIH1,cadaverine,Tri
A0A1C5MIH1,citrulline,Di
A0A1C5MIH1,citrulline,Mono
A0A1C5MIH1,citrulline,Tri
A0A1C5MIH1,cystine,Di
A0A1C5MIH1,cystine,Mono
A0A1C5MIH1,cystine,Tri
A0A1C5MIH1,dopamine,Di
A0A1C5MIH1,dopamine,Mono
A0A1C5MIH1,dopamine,Tri
A0A1C5MIH1,gaba,Di
A0A1C5MIH1,gaba,Mono
A0A1C5MIH1,gaba,Tri
A0A1C5MIH1,glutamine,Di
A0A1C5MIH1,glutamine,Mono
A0A1C5MIH1,glutamine,Tri
A0A1C5MIH1,glyglycine,Di
A0A1C5MIH1,glyglycine,Mono
A0A1C5MIH1,glyglycine,Tri
A0A1C5MIH1,histidine,Di
A0A1C5MIH1,histidine,Mono
A0A1C5MIH1,histidine,Tri
A0A1C5MIH1,lysine,Di
A0A1C5MIH1,lysine,Mono
A0A1C5MIH1,lysine,Tri
A0A1C5MIH1,methionine,Di
A0A1C5MIH1,methionine,Mono
A0A1C5MIH1,methionine,Tri
A0A1C5MIH1,ornithine,Di
A0A1C5MIH1,ornithine,Mono
A0A1C5MIH1,ornithine,Tri
A0A1C5MIH1,phenylalanine,Di
A0A1C5MIH1,phenylalanine,Mono
A0A1C5MIH1,phenylalanine,Tri
A0A1C5MIH1,proline,Di
A0A1C5MIH1,proline,Mono
A0A1C5MIH1,proline,Tri
A0A1C5MIH1,putrescine,Di
A0A1C5MIH1,putrescine,Mono
A0A1C5MIH1,putrescine,Tri
A0A1C5MIH1,serine,Di
A0A1C5MIH1,serine,Mono
A0A1C5MIH1,serine,Tri
A0A1C5MIH1,serotonin,Di
A0A1C5MIH1,serotonin,Mono
A0A1C5MIH1,serotonin,Tri
A0A1C5MIH1,threonine,Di
A0A1C5MIH1,threonine,Mono
A0A1C5MIH1,threonine,Tri
A0A1C5MIH1,tryptamine,Di
A0A1C5MIH1,tryptamine,Mono
A0A1C5MIH1,tryptamine,Tri
A0A1C5MIH1,tyramine,Di
A0A1C5MIH1,tyramine,Mono
A0A1C5MIH1,tyramine,Tri
A0A1C5MV31,"2,3_diaminopropionic acid",Di
A0A1C5MV31,"2,3_diaminopropionic acid",Mono
A0A1C5MV31,"2,3_diaminopropionic acid",Tri
A0A1C5MV31,2_aminophenol,Di
A0A1C5MV31,2_aminophenol,Mono
A0A1C5MV31,2_aminophenol,Tri
A0A1C5MV31,3_methoxytyramine,Di
A0A1C5MV31,3_methoxytyramine,Mono
A0A1C5MV31,3_methoxytyramine,Tri
A0A1C5MV31,alanine,Di
A0A1C5MV31,alanine,Mono
A0A1C5MV31,alanine,Tri
A0A1C5MV31,arginine,Di
A0A1C5MV31,arginine,Mono
A0A1C5MV31,arginine,Tri
A0A1C5MV31,asparagine,Di
A0A1C5MV31,asparagine,Mono
A0A1C5MV31,asparagine,Tri
A0A1C5MV31,cadaverine,Di
A0A1C5MV31,cadaverine,Mono
A0A1C5MV31,cadaverine,Tri
A0A1C5MV31,citrulline,Di
A0A1C5MV31,citrulline,Mono
A0A1C5MV31,citrulline,Tri
A0A1C5MV31,cystine,Di
A0A1C5MV31,cystine,Mono
A0A1C5MV31,cystine,Tri
A0A1C5MV31,dopamine,Di
A0A1C5MV31,dopamine,Mono
A0A1C5MV31,dopamine,Tri
A0A1C5MV31,gaba,Di
A0A1C5MV31,gaba,Mono
A0A1C5MV31,gaba,Tri
A0A1C5MV31,glutamine,Di
A0A1C5MV31,glutamine,Mono
A0A1C5MV31,glutamine,Tri
A0A1C5MV31,glyglycine,Di
A0A1C5MV31,glyglycine,Mono
A0A1C5MV31,glyglycine,Tri
A0A1C5MV31,histidine,Di
A0A1C5MV31,histidine,Mono
A0A1C5MV31,histidine,Tri
A0A1C5MV31,lysine,Di
A0A1C5MV31,lysine,Mono
A0A1C5MV31,lysine,Tri
A0A1C5MV31,methionine,Di
A0A1C5MV31,methionine,Mono
A0A1C5MV31,methionine,Tri
A0A1C5MV31,ornithine,Di
A0A1C5MV31,ornithine,Mono
A0A1C5MV31,ornithine,Tri
A0A1C5MV31,phenylalanine,Di
A0A1C5MV31,phenylalanine,Mono
A0A1C5MV31,phenylalanine,Tri
A0A1C5MV31,proline,Di
A0A1C5MV31,proline,Mono
A0A1C5MV31,proline,Tri
A0A1C5MV31,putrescine,Di
A0A1C5MV31,putrescine,Mono
A0A1C5MV31,putrescine,Tri
A0A1C5MV31,serine,Di
A0A1C5MV31,serine,Mono
A0A1C5MV31,serine,Tri
A0A1C5MV31,serotonin,Di
A0A1C5MV31,serotonin,Mono
A0A1C5MV31,serotonin,Tri
A0A1C5MV31,threonine,Di
A0A1C5MV31,threonine,Mono
A0A1C5MV31,threonine,Tri
A0A1C5MV31,tryptamine,Di
A0A1C5MV31,tryptamine,Mono
A0A1C5MV31,tryptamine,Tri
A0A1C5MV31,tyramine,Di
A0A1C5MV31,tyramine,Mono
A0A1C5MV31,tyramine,Tri
A0A1C5PCN0,"2,3_diaminopropionic acid",Di
A0A1C5PCN0,"2,3_diaminopropionic acid",Mono
A0A1C5PCN0,"2,3_diaminopropionic acid",Tri
A0A1C5PCN0,2_aminophenol,Di
A0A1C5PCN0,2_aminophenol,Mono
A0A1C5PCN0,2_aminophenol,Tri
A0A1C5PCN0,3_methoxytyramine,Di
A0A1C5PCN0,3_methoxytyramine,Mono
A0A1C5PCN0,3_methoxytyramine,Tri
A0A1C5PCN0,alanine,Di
A0A1C5PCN0,alanine,Mono
A0A1C5PCN0,alanine,Tri
A0A1C5PCN0,arginine,Di
A0A1C5PCN0,arginine,Mono
A0A1C5PCN0,arginine,Tri
A0A1C5PCN0,asparagine,Di
A0A1C5PCN0,asparagine,Mono
A0A1C5PCN0,asparagine,Tri
A0A1C5PCN0,cadaverine,Di
A0A1C5PCN0,cadaverine,Mono
A0A1C5PCN0,cadaverine,Tri
A0A1C5PCN0,citrulline,Di
A0A1C5PCN0,citrulline,Mono
A0A1C5PCN0,citrulline,Tri
A0A1C5PCN0,cystine,Di
A0A1C5PCN0,cystine,Mono
A0A1C5PCN0,cystine,Tri
A0A1C5PCN0,dopamine,Di
A0A1C5PCN0,dopamine,Mono
A0A1C5PCN0,dopamine,Tri
A0A1C5PCN0,gaba,Di
A0A1C5PCN0,gaba,Mono
A0A1C5PCN0,gaba,Tri
A0A1C5PCN0,glutamine,Di
A0A1C5PCN0,glutamine,Mono
A0A1C5PCN0,glutamine,Tri
A0A1C5PCN0,glyglycine,Di
A0A1C5PCN0,glyglycine,Mono
A0A1C5PCN0,glyglycine,Tri
A0A1C5PCN0,histidine,Di
A0A1C5PCN0,histidine,Mono
A0A1C5PCN0,histidine,Tri
A0A1C5PCN0,lysine,Di
A0A1C5PCN0,lysine,Mono
A0A1C5PCN0,lysine,Tri
A0A1C5PCN0,methionine,Di
A0A1C5PCN0,methionine,Mono
A0A1C5PCN0,methionine,Tri
A0A1C5PCN0,ornithine,Di
A0A1C5PCN0,ornithine,Mono
A0A1C5PCN0,ornithine,Tri
A0A1C5PCN0,phenylalanine,Di
A0A1C5PCN0,phenylalanine,Mono
A0A1C5PCN0,phenylalanine,Tri
A0A1C5PCN0,proline,Di
A0A1C5PCN0,proline,Mono
A0A1C5PCN0,proline,Tri
A0A1C5PCN0,putrescine,Di
A0A1C5PCN0,putrescine,Mono
A0A1C5PCN0,putrescine,Tri
A0A1C5PCN0,serine,Di
A0A1C5PCN0,serine,Mono
A0A1C5PCN0,serine,Tri
A0A1C5PCN0,serotonin,Di
A0A1C5PCN0,serotonin,Mono
A0A1C5PCN0,serotonin,Tri
A0A1C5PCN0,threonine,Di
A0A1C5PCN0,threonine,Mono
A0A1C5PCN0,threonine,Tri
A0A1C5PCN0,tryptamine,Di
A0A1C5PCN0,tryptamine,Mono
A0A1C5PCN0,tryptamine,Tri
A0A1C5PCN0,tyramine,Di
A0A1C5PCN0,tyramine,Mono
A0A1C5PCN0,tyramine,Tri
A0A1C5QNJ0,"2,3_diaminopropionic acid",Di
A0A1C5QNJ0,"2,3_diaminopropionic acid",Mono
A0A1C5QNJ0,"2,3_diaminopropionic acid",Tri
A0A1C5QNJ0,2_aminophenol,Di
A0A1C5QNJ0,2_aminophenol,Mono
A0A1C5QNJ0,2_aminophenol,Tri
A0A1C5QNJ0,3_methoxytyramine,Di
A0A1C5QNJ0,3_methoxytyramine,Mono
A0A1C5QNJ0,3_methoxytyramine,Tri
A0A1C5QNJ0,alanine,Di
A0A1C5QNJ0,alanine,Mono
A0A1C5QNJ0,alanine,Tri
A0A1C5QNJ0,arginine,Di
A0A1C5QNJ0,arginine,Mono
A0A1C5QNJ0,arginine,Tri
A0A1C5QNJ0,asparagine,Di
A0A1C5QNJ0,asparagine,Mono
A0A1C5QNJ0,asparagine,Tri
A0A1C5QNJ0,cadaverine,Di
A0A1C5QNJ0,cadaverine,Mono
A0A1C5QNJ0,cadaverine,Tri
A0A1C5QNJ0,citrulline,Di
A0A1C5QNJ0,citrulline,Mono
A0A1C5QNJ0,citrulline,Tri
A0A1C5QNJ0,cystine,Di
A0A1C5QNJ0,cystine,Mono
A0A1C5QNJ0,cystine,Tri
A0A1C5QNJ0,dopamine,Di
A0A1C5QNJ0,dopamine,Mono
A0A1C5QNJ0,dopamine,Tri
A0A1C5QNJ0,gaba,Di
A0A1C5QNJ0,gaba,Mono
A0A1C5QNJ0,gaba,Tri
A0A1C5QNJ0,glutamine,Di
A0A1C5QNJ0,glutamine,Mono
A0A1C5QNJ0,glutamine,Tri
A0A1C5QNJ0,glyglycine,Di
A0A1C5QNJ0,glyglycine,Mono
A0A1C5QNJ0,glyglycine,Tri
A0A1C5QNJ0,histidine,Di
A0A1C5QNJ0,histidine,Mono
A0A1C5QNJ0,histidine,Tri
A0A1C5QNJ0,lysine,Di
A0A1C5QNJ0,lysine,Mono
A0A1C5QNJ0,lysine,Tri
A0A1C5QNJ0,methionine,Di
A0A1C5QNJ0,methionine,Mono
A0A1C5QNJ0,methionine,Tri
A0A1C5QNJ0,ornithine,Di
A0A1C5QNJ0,ornithine,Mono
A0A1C5QNJ0,ornithine,Tri
A0A1C5QNJ0,phenylalanine,Di
A0A1C5QNJ0,phenylalanine,Mono
A0A1C5QNJ0,phenylalanine,Tri
A0A1C5QNJ0,proline,Di
A0A1C5QNJ0,proline,Mono
A0A1C5QNJ0,proline,Tri
A0A1C5QNJ0,putrescine,Di
A0A1C5QNJ0,putrescine,Mono
A0A1C5QNJ0,putrescine,Tri
A0A1C5QNJ0,serine,Di
A0A1C5QNJ0,serine,Mono
A0A1C5QNJ0,serine,Tri
A0A1C5QNJ0,serotonin,Di
A0A1C5QNJ0,serotonin,Mono
A0A1C5QNJ0,serotonin,Tri
A0A1C5QNJ0,threonine,Di
A0A1C5QNJ0,threonine,Mono
A0A1C5QNJ0,threonine,Tri
A0A1C5QNJ0,tryptamine,Di
A0A1C5QNJ0,tryptamine,Mono
A0A1C5QNJ0,tryptamine,Tri
A0A1C5QNJ0,tyramine,Di
A0A1C5QNJ0,tyramine,Mono
A0A1C5QNJ0,tyramine,Tri
A0A1C5S406,"2,3_diaminopropionic acid",Di
A0A1C5S406,"2,3_diaminopropionic acid",Mono
A0A1C5S406,"2,3_diaminopropionic acid",Tri
A0A1C5S406,2_aminophenol,Di
A0A1C5S406,2_aminophenol,Mono
A0A1C5S406,2_aminophenol,Tri
A0A1C5S406,3_methoxytyramine,Di
A0A1C5S406,3_methoxytyramine,Mono
A0A1C5S406,3_methoxytyramine,Tri
A0A1C5S406,alanine,Di
A0A1C5S406,alanine,Mono
A0A1C5S406,alanine,Tri
A0A1C5S406,arginine,Di
A0A1C5S406,arginine,Mono
A0A1C5S406,arginine,Tri
A0A1C5S406,asparagine,Di
A0A1C5S406,asparagine,Mono
A0A1C5S406,asparagine,Tri
A0A1C5S406,cadaverine,Di
A0A1C5S406,cadaverine,Mono
A0A1C5S406,cadaverine,Tri
A0A1C5S406,citrulline,Di
A0A1C5S406,citrulline,Mono
A0A1C5S406,citrulline,Tri
A0A1C5S406,cystine,Di
A0A1C5S406,cystine,Mono
A0A1C5S406,cystine,Tri
A0A1C5S406,dopamine,Di
A0A1C5S406,dopamine,Mono
A0A1C5S406,dopamine,Tri
A0A1C5S406,gaba,Di
A0A1C5S406,gaba,Mono
A0A1C5S406,gaba,Tri
A0A1C5S406,glutamine,Di
A0A1C5S406,glutamine,Mono
A0A1C5S406,glutamine,Tri
A0A1C5S406,glyglycine,Di
A0A1C5S406,glyglycine,Mono
A0A1C5S406,glyglycine,Tri
A0A1C5S406,histidine,Di
A0A1C5S406,histidine,Mono
A0A1C5S406,histidine,Tri
A0A1C5S406,lysine,Di
A0A1C5S406,lysine,Mono
A0A1C5S406,lysine,Tri
A0A1C5S406,methionine,Di
A0A1C5S406,methionine,Mono
A0A1C5S406,methionine,Tri
A0A1C5S406,ornithine,Di
A0A1C5S406,ornithine,Mono
A0A1C5S406,ornithine,Tri
A0A1C5S406,phenylalanine,Di
A0A1C5S406,phenylalanine,Mono
A0A1C5S406,phenylalanine,Tri
A0A1C5S406,proline,Di
A0A1C5S406,proline,Mono
A0A1C5S406,proline,Tri
A0A1C5S406,putrescine,Di
A0A1C5S406,putrescine,Mono
A0A1C5S406,putrescine,Tri
A0A1C5S406,serine,Di
A0A1C5S406,serine,Mono
A0A1C5S406,serine,Tri
A0A1C5S406,serotonin,Di
A0A1C5S406,serotonin,Mono
A0A1C5S406,serotonin,Tri
A0A1C5S406,threonine,Di
A0A1C5S406,threonine,Mono
A0A1C5S406,threonine,Tri
A0A1C5S406,tryptamine,Di
A0A1C5S406,tryptamine,Mono
A0A1C5S406,tryptamine,Tri
A0A1C5S406,tyramine,Di
A0A1C5S406,tyramine,Mono
A0A1C5S406,tyramine,Tri
A0A1C5V0T2,"2,3_diaminopropionic acid",Di
A0A1C5V0T2,"2,3_diaminopropionic acid",Mono
A0A1C5V0T2,"2,3_diaminopropionic acid",Tri
A0A1C5V0T2,2_aminophenol,Di
A0A1C5V0T2,2_aminophenol,Mono
A0A1C5V0T2,2_aminophenol,Tri
A0A1C5V0T2,3_methoxytyramine,Di
A0A1C5V0T2,3_methoxytyramine,Mono
A0A1C5V0T2,3_methoxytyramine,Tri
A0A1C5V0T2,alanine,Di
A0A1C5V0T2,alanine,Mono
A0A1C5V0T2,alanine,Tri
A0A1C5V0T2,arginine,Di
A0A1C5V0T2,arginine,Mono
A0A1C5V0T2,arginine,Tri
A0A1C5V0T2,asparagine,Di
A0A1C5V0T2,asparagine,Mono
A0A1C5V0T2,asparagine,Tri
A0A1C5V0T2,cadaverine,Di
A0A1C5V0T2,cadaverine,Mono
A0A1C5V0T2,cadaverine,Tri
A0A1C5V0T2,citrulline,Di
A0A1C5V0T2,citrulline,Mono
A0A1C5V0T2,citrulline,Tri
A0A1C5V0T2,cystine,Di
A0A1C5V0T2,cystine,Mono
A0A1C5V0T2,cystine,Tri
A0A1C5V0T2,dopamine,Di
A0A1C5V0T2,dopamine,Mono
A0A1C5V0T2,dopamine,Tri
A0A1C5V0T2,gaba,Di
A0A1C5V0T2,gaba,Mono
A0A1C5V0T2,gaba,Tri
A0A1C5V0T2,glutamine,Di
A0A1C5V0T2,glutamine,Mono
A0A1C5V0T2,glutamine,Tri
A0A1C5V0T2,glyglycine,Di
A0A1C5V0T2,glyglycine,Mono
A0A1C5V0T2,glyglycine,Tri
A0A1C5V0T2,histidine,Di
A0A1C5V0T2,histidine,Mono
A0A1C5V0T2,histidine,Tri
A0A1C5V0T2,lysine,Di
A0A1C5V0T2,lysine,Mono
A0A1C5V0T2,lysine,Tri
A0A1C5V0T2,methionine,Di
A0A1C5V0T2,methionine,Mono
A0A1C5V0T2,methionine,Tri
A0A1C5V0T2,ornithine,Di
A0A1C5V0T2,ornithine,Mono
A0A1C5V0T2,ornithine,Tri
A0A1C5V0T2,phenylalanine,Di
A0A1C5V0T2,phenylalanine,Mono
A0A1C5V0T2,phenylalanine,Tri
A0A1C5V0T2,proline,Di
A0A1C5V0T2,proline,Mono
A0A1C5V0T2,proline,Tri
A0A1C5V0T2,putrescine,Di
A0A1C5V0T2,putrescine,Mono
A0A1C5V0T2,putrescine,Tri
A0A1C5V0T2,serine,Di
A0A1C5V0T2,serine,Mono
A0A1C5V0T2,serine,Tri
A0A1C5V0T2,serotonin,Di
A0A1C5V0T2,serotonin,Mono
A0A1C5V0T2,serotonin,Tri
A0A1C5V0T2,threonine,Di
A0A1C5V0T2,threonine,Mono
A0A1C5V0T2,threonine,Tri
A0A1C5V0T2,tryptamine,Di
A0A1C5V0T2,tryptamine,Mono
A0A1C5V0T2,tryptamine,Tri
A0A1C5V0T2,tyramine,Di
A0A1C5V0T2,tyramine,Mono
A0A1C5V0T2,tyramine,Tri
A0A1C5VKY6,"2,3_diaminopropionic acid",Di
A0A1C5VKY6,"2,3_diaminopropionic acid",Mono
A0A1C5VKY6,"2,3_diaminopropionic acid",Tri
A0A1C5VKY6,2_aminophenol,Di
A0A1C5VKY6,2_aminophenol,Mono
A0A1C5VKY6,2_aminophenol,Tri
A0A1C5VKY6,3_methoxytyramine,Di
A0A1C5VKY6,3_methoxytyramine,Mono
A0A1C5VKY6,3_methoxytyramine,Tri
A0A1C5VKY6,alanine,Di
A0A1C5VKY6,alanine,Mono
A0A1C5VKY6,alanine,Tri
A0A1C5VKY6,arginine,Di
A0A1C5VKY6,arginine,Mono
A0A1C5VKY6,arginine,Tri
A0A1C5VKY6,asparagine,Di
A0A1C5VKY6,asparagine,Mono
A0A1C5VKY6,asparagine,Tri
A0A1C5VKY6,cadaverine,Di
A0A1C5VKY6,cadaverine,Mono
A0A1C5VKY6,cadaverine,Tri
A0A1C5VKY6,citrulline,Di
A0A1C5VKY6,citrulline,Mono
A0A1C5VKY6,citrulline,Tri
A0A1C5VKY6,cystine,Di
A0A1C5VKY6,cystine,Mono
A0A1C5VKY6,cystine,Tri
A0A1C5VKY6,dopamine,Di
A0A1C5VKY6,dopamine,Mono
A0A1C5VKY6,dopamine,Tri
A0A1C5VKY6,gaba,Di
A0A1C5VKY6,gaba,Mono
A0A1C5VKY6,gaba,Tri
A0A1C5VKY6,glutamine,Di
A0A1C5VKY6,glutamine,Mono
A0A1C5VKY6,glutamine,Tri
A0A1C5VKY6,glyglycine,Di
A0A1C5VKY6,glyglycine,Mono
A0A1C5VKY6,glyglycine,Tri
A0A1C5VKY6,histidine,Di
A0A1C5VKY6,histidine,Mono
A0A1C5VKY6,histidine,Tri
A0A1C5VKY6,lysine,Di
A0A1C5VKY6,lysine,Mono
A0A1C5VKY6,lysine,Tri
A0A1C5VKY6,methionine,Di
A0A1C5VKY6,methionine,Mono
A0A1C5VKY6,methionine,Tri
A0A1C5VKY6,ornithine,Di
A0A1C5VKY6,ornithine,Mono
A0A1C5VKY6,ornithine,Tri
A0A1C5VKY6,phenylalanine,Di
A0A1C5VKY6,phenylalanine,Mono
A0A1C5VKY6,phenylalanine,Tri
A0A1C5VKY6,proline,Di
A0A1C5VKY6,proline,Mono
A0A1C5VKY6,proline,Tri
A0A1C5VKY6,putrescine,Di
A0A1C5VKY6,putrescine,Mono
A0A1C5VKY6,putrescine,Tri
A0A1C5VKY6,serine,Di
A0A1C5VKY6,serine,Mono
A0A1C5VKY6,serine,Tri
A0A1C5VKY6,serotonin,Di
A0A1C5VKY6,serotonin,Mono
A0A1C5VKY6,serotonin,Tri
A0A1C5VKY6,threonine,Di
A0A1C5VKY6,threonine,Mono
A0A1C5VKY6,threonine,Tri
A0A1C5VKY6,tryptamine,Di
A0A1C5VKY6,tryptamine,Mono
A0A1C5VKY6,tryptamine,Tri
A0A1C5VKY6,tyramine,Di
A0A1C5VKY6,tyramine,Mono
A0A1C5VKY6,tyramine,Tri
A0A1C5X749,"2,3_diaminopropionic acid",Di
A0A1C5X749,"2,3_diaminopropionic acid",Mono
A0A1C5X749,"2,3_diaminopropionic acid",Tri
A0A1C5X749,2_aminophenol,Di
A0A1C5X749,2_aminophenol,Mono
A0A1C5X749,2_aminophenol,Tri
A0A1C5X749,3_methoxytyramine,Di
A0A1C5X749,3_methoxytyramine,Mono
A0A1C5X749,3_methoxytyramine,Tri
A0A1C5X749,alanine,Di
A0A1C5X749,alanine,Mono
A0A1C5X749,alanine,Tri
A0A1C5X749,arginine,Di
A0A1C5X749,arginine,Mono
A0A1C5X749,arginine,Tri
A0A1C5X749,asparagine,Di
A0A1C5X749,asparagine,Mono
A0A1C5X749,asparagine,Tri
A0A1C5X749,cadaverine,Di
A0A1C5X749,cadaverine,Mono
A0A1C5X749,cadaverine,Tri
A0A1C5X749,citrulline,Di
A0A1C5X749,citrulline,Mono
A0A1C5X749,citrulline,Tri
A0A1C5X749,cystine,Di
A0A1C5X749,cystine,Mono
A0A1C5X749,cystine,Tri
A0A1C5X749,dopamine,Di
A0A1C5X749,dopamine,Mono
A0A1C5X749,dopamine,Tri
A0A1C5X749,gaba,Di
A0A1C5X749,gaba,Mono
A0A1C5X749,gaba,Tri
A0A1C5X749,glutamine,Di
A0A1C5X749,glutamine,Mono
A0A1C5X749,glutamine,Tri
A0A1C5X749,glyglycine,Di
A0A1C5X749,glyglycine,Mono
A0A1C5X749,glyglycine,Tri
A0A1C5X749,histidine,Di
A0A1C5X749,histidine,Mono
A0A1C5X749,histidine,Tri
A0A1C5X749,lysine,Di
A0A1C5X749,lysine,Mono
A0A1C5X749,lysine,Tri
A0A1C5X749,methionine,Di
A0A1C5X749,methionine,Mono
A0A1C5X749,methionine,Tri
A0A1C5X749,ornithine,Di
A0A1C5X749,ornithine,Mono
A0A1C5X749,ornithine,Tri
A0A1C5X749,phenylalanine,Di
A0A1C5X749,phenylalanine,Mono
A0A1C5X749,phenylalanine,Tri
A0A1C5X749,proline,Di
A0A1C5X749,proline,Mono
A0A1C5X749,proline,Tri
A0A1C5X749,putrescine,Di
A0A1C5X749,putrescine,Mono
A0A1C5X749,putrescine,Tri
A0A1C5X749,serine,Di
A0A1C5X749,serine,Mono
A0A1C5X749,serine,Tri
A0A1C5X749,serotonin,Di
A0A1C5X749,serotonin,Mono
A0A1C5X749,serotonin,Tri
A0A1C5X749,threonine,Di
A0A1C5X749,threonine,Mono
A0A1C5X749,threonine,Tri
A0A1C5X749,tryptamine,Di
A0A1C5X749,tryptamine,Mono
A0A1C5X749,tryptamine,Tri
A0A1C5X749,tyramine,Di
A0A1C5X749,tyramine,Mono
A0A1C5X749,tyramine,Tri
A0A1C6A728,"2,3_diaminopropionic acid",Di
A0A1C6A728,"2,3_diaminopropionic acid",Mono
A0A1C6A728,"2,3_diaminopropionic acid",Tri
A0A1C6A728,2_aminophenol,Di
A0A1C6A728,2_aminophenol,Mono
A0A1C6A728,2_aminophenol,Tri
A0A1C6A728,3_methoxytyramine,Di
A0A1C6A728,3_methoxytyramine,Mono
A0A1C6A728,3_methoxytyramine,Tri
A0A1C6A728,alanine,Di
A0A1C6A728,alanine,Mono
A0A1C6A728,alanine,Tri
A0A1C6A728,arginine,Di
A0A1C6A728,arginine,Mono
A0A1C6A728,arginine,Tri
A0A1C6A728,asparagine,Di
A0A1C6A728,asparagine,Mono
A0A1C6A728,asparagine,Tri
A0A1C6A728,cadaverine,Di
A0A1C6A728,cadaverine,Mono
A0A1C6A728,cadaverine,Tri
A0A1C6A728,citrulline,Di
A0A1C6A728,citrulline,Mono
A0A1C6A728,citrulline,Tri
A0A1C6A728,cystine,Di
A0A1C6A728,cystine,Mono
A0A1C6A728,cystine,Tri
A0A1C6A728,dopamine,Di
A0A1C6A728,dopamine,Mono
A0A1C6A728,dopamine,Tri
A0A1C6A728,gaba,Di
A0A1C6A728,gaba,Mono
A0A1C6A728,gaba,Tri
A0A1C6A728,glutamine,Di
A0A1C6A728,glutamine,Mono
A0A1C6A728,glutamine,Tri
A0A1C6A728,glyglycine,Di
A0A1C6A728,glyglycine,Mono
A0A1C6A728,glyglycine,Tri
A0A1C6A728,histidine,Di
A0A1C6A728,histidine,Mono
A0A1C6A728,histidine,Tri
A0A1C6A728,lysine,Di
A0A1C6A728,lysine,Mono
A0A1C6A728,lysine,Tri
A0A1C6A728,methionine,Di
A0A1C6A728,methionine,Mono
A0A1C6A728,methionine,Tri
A0A1C6A728,ornithine,Di
A0A1C6A728,ornithine,Mono
A0A1C6A728,ornithine,Tri
A0A1C6A728,phenylalanine,Di
A0A1C6A728,phenylalanine,Mono
A0A1C6A728,phenylalanine,Tri
A0A1C6A728,proline,Di
A0A1C6A728,proline,Mono
A0A1C6A728,proline,Tri
A0A1C6A728,putrescine,Di
A0A1C6A728,putrescine,Mono
A0A1C6A728,putrescine,Tri
A0A1C6A728,serine,Di
A0A1C6A728,serine,Mono
A0A1C6A728,serine,Tri
A0A1C6A728,serotonin,Di
A0A1C6A728,serotonin,Mono
A0A1C6A728,serotonin,Tri
A0A1C6A728,threonine,Di
A0A1C6A728,threonine,Mono
A0A1C6A728,threonine,Tri
A0A1C6A728,tryptamine,Di
A0A1C6A728,tryptamine,Mono
A0A1C6A728,tryptamine,Tri
A0A1C6A728,tyramine,Di
A0A1C6A728,tyramine,Mono
A0A1C6A728,tyramine,Tri
A0A1C6E6X3,"2,3_diaminopropionic acid",Di
A0A1C6E6X3,"2,3_diaminopropionic acid",Mono
A0A1C6E6X3,"2,3_diaminopropionic acid",Tri
A0A1C6E6X3,2_aminophenol,Di
A0A1C6E6X3,2_aminophenol,Mono
A0A1C6E6X3,2_aminophenol,Tri
A0A1C6E6X3,3_methoxytyramine,Di
A0A1C6E6X3,3_methoxytyramine,Mono
A0A1C6E6X3,3_methoxytyramine,Tri
A0A1C6E6X3,alanine,Di
A0A1C6E6X3,alanine,Mono
A0A1C6E6X3,alanine,Tri
A0A1C6E6X3,arginine,Di
A0A1C6E6X3,arginine,Mono
A0A1C6E6X3,arginine,Tri
A0A1C6E6X3,asparagine,Di
A0A1C6E6X3,asparagine,Mono
A0A1C6E6X3,asparagine,Tri
A0A1C6E6X3,cadaverine,Di
A0A1C6E6X3,cadaverine,Mono
A0A1C6E6X3,cadaverine,Tri
A0A1C6E6X3,citrulline,Di
A0A1C6E6X3,citrulline,Mono
A0A1C6E6X3,citrulline,Tri
A0A1C6E6X3,cystine,Di
A0A1C6E6X3,cystine,Mono
A0A1C6E6X3,cystine,Tri
A0A1C6E6X3,dopamine,Di
A0A1C6E6X3,dopamine,Mono
A0A1C6E6X3,dopamine,Tri
A0A1C6E6X3,gaba,Di
A0A1C6E6X3,gaba,Mono
A0A1C6E6X3,gaba,Tri
A0A1C6E6X3,glutamine,Di
A0A1C6E6X3,glutamine,Mono
A0A1C6E6X3,glutamine,Tri
A0A1C6E6X3,glyglycine,Di
A0A1C6E6X3,glyglycine,Mono
A0A1C6E6X3,glyglycine,Tri
A0A1C6E6X3,histidine,Di
A0A1C6E6X3,histidine,Mono
A0A1C6E6X3,histidine,Tri
A0A1C6E6X3,lysine,Di
A0A1C6E6X3,lysine,Mono
A0A1C6E6X3,lysine,Tri
A0A1C6E6X3,methionine,Di
A0A1C6E6X3,methionine,Mono
A0A1C6E6X3,methionine,Tri
A0A1C6E6X3,ornithine,Di
A0A1C6E6X3,ornithine,Mono
A0A1C6E6X3,ornithine,Tri
A0A1C6E6X3,phenylalanine,Di
A0A1C6E6X3,phenylalanine,Mono
A0A1C6E6X3,phenylalanine,Tri
A0A1C6E6X3,proline,Di
A0A1C6E6X3,proline,Mono
A0A1C6E6X3,proline,Tri
A0A1C6E6X3,putrescine,Di
A0A1C6E6X3,putrescine,Mono
A0A1C6E6X3,putrescine,Tri
A0A1C6E6X3,serine,Di
A0A1C6E6X3,serine,Mono
A0A1C6E6X3,serine,Tri
A0A1C6E6X3,serotonin,Di
A0A1C6E6X3,serotonin,Mono
A0A1C6E6X3,serotonin,Tri
A0A1C6E6X3,threonine,Di
A0A1C6E6X3,threonine,Mono
A0A1C6E6X3,threonine,Tri
A0A1C6E6X3,tryptamine,Di
A0A1C6E6X3,tryptamine,Mono
A0A1C6E6X3,tryptamine,Tri
A0A1C6E6X3,tyramine,Di
A0A1C6E6X3,tyramine,Mono
A0A1C6E6X3,tyramine,Tri
A0A1C6E707,"2,3_diaminopropionic acid",Di
A0A1C6E707,"2,3_diaminopropionic acid",Mono
A0A1C6E707,"2,3_diaminopropionic acid",Tri
A0A1C6E707,2_aminophenol,Di
A0A1C6E707,2_aminophenol,Mono
A0A1C6E707,2_aminophenol,Tri
A0A1C6E707,3_methoxytyramine,Di
A0A1C6E707,3_methoxytyramine,Mono
A0A1C6E707,3_methoxytyramine,Tri
A0A1C6E707,alanine,Di
A0A1C6E707,alanine,Mono
A0A1C6E707,alanine,Tri
A0A1C6E707,arginine,Di
A0A1C6E707,arginine,Mono
A0A1C6E707,arginine,Tri
A0A1C6E707,asparagine,Di
A0A1C6E707,asparagine,Mono
A0A1C6E707,asparagine,Tri
A0A1C6E707,cadaverine,Di
A0A1C6E707,cadaverine,Mono
A0A1C6E707,cadaverine,Tri
A0A1C6E707,citrulline,Di
A0A1C6E707,citrulline,Mono
A0A1C6E707,citrulline,Tri
A0A1C6E707,cystine,Di
A0A1C6E707,cystine,Mono
A0A1C6E707,cystine,Tri
A0A1C6E707,dopamine,Di
A0A1C6E707,dopamine,Mono
A0A1C6E707,dopamine,Tri
A0A1C6E707,gaba,Di
A0A1C6E707,gaba,Mono
A0A1C6E707,gaba,Tri
A0A1C6E707,glutamine,Di
A0A1C6E707,glutamine,Mono
A0A1C6E707,glutamine,Tri
A0A1C6E707,glyglycine,Di
A0A1C6E707,glyglycine,Mono
A0A1C6E707,glyglycine,Tri
A0A1C6E707,histidine,Di
A0A1C6E707,histidine,Mono
A0A1C6E707,histidine,Tri
A0A1C6E707,lysine,Di
A0A1C6E707,lysine,Mono
A0A1C6E707,lysine,Tri
A0A1C6E707,methionine,Di
A0A1C6E707,methionine,Mono
A0A1C6E707,methionine,Tri
A0A1C6E707,ornithine,Di
A0A1C6E707,ornithine,Mono
A0A1C6E707,ornithine,Tri
A0A1C6E707,phenylalanine,Di
A0A1C6E707,phenylalanine,Mono
A0A1C6E707,phenylalanine,Tri
A0A1C6E707,proline,Di
A0A1C6E707,proline,Mono
A0A1C6E707,proline,Tri
A0A1C6E707,putrescine,Di
A0A1C6E707,putrescine,Mono
A0A1C6E707,putrescine,Tri
A0A1C6E707,serine,Di
A0A1C6E707,serine,Mono
A0A1C6E707,serine,Tri
A0A1C6E707,serotonin,Di
A0A1C6E707,serotonin,Mono
A0A1C6E707,serotonin,Tri
A0A1C6E707,threonine,Di
A0A1C6E707,threonine,Mono
A0A1C6E707,threonine,Tri
A0A1C6E707,tryptamine,Di
A0A1C6E707,tryptamine,Mono
A0A1C6E707,tryptamine,Tri
A0A1C6E707,tyramine,Di
A0A1C6E707,tyramine,Mono
A0A1C6E707,tyramine,Tri
A0A1C6FDU7,"2,3_diaminopropionic acid",Di
A0A1C6FDU7,"2,3_diaminopropionic acid",Mono
A0A1C6FDU7,"2,3_diaminopropionic acid",Tri
A0A1C6FDU7,2_aminophenol,Di
A0A1C6FDU7,2_aminophenol,Mono
A0A1C6FDU7,2_aminophenol,Tri
A0A1C6FDU7,3_methoxytyramine,Di
A0A1C6FDU7,3_methoxytyramine,Mono
A0A1C6FDU7,3_methoxytyramine,Tri
A0A1C6FDU7,alanine,Di
A0A1C6FDU7,alanine,Mono
A0A1C6FDU7,alanine,Tri
A0A1C6FDU7,arginine,Di
A0A1C6FDU7,arginine,Mono
A0A1C6FDU7,arginine,Tri
A0A1C6FDU7,asparagine,Di
A0A1C6FDU7,asparagine,Mono
A0A1C6FDU7,asparagine,Tri
A0A1C6FDU7,cadaverine,Di
A0A1C6FDU7,cadaverine,Mono
A0A1C6FDU7,cadaverine,Tri
A0A1C6FDU7,citrulline,Di
A0A1C6FDU7,citrulline,Mono
A0A1C6FDU7,citrulline,Tri
A0A1C6FDU7,cystine,Di
A0A1C6FDU7,cystine,Mono
A0A1C6FDU7,cystine,Tri
A0A1C6FDU7,dopamine,Di
A0A1C6FDU7,dopamine,Mono
A0A1C6FDU7,dopamine,Tri
A0A1C6FDU7,gaba,Di
A0A1C6FDU7,gaba,Mono
A0A1C6FDU7,gaba,Tri
A0A1C6FDU7,glutamine,Di
A0A1C6FDU7,glutamine,Mono
A0A1C6FDU7,glutamine,Tri
A0A1C6FDU7,glyglycine,Di
A0A1C6FDU7,glyglycine,Mono
A0A1C6FDU7,glyglycine,Tri
A0A1C6FDU7,histidine,Di
A0A1C6FDU7,histidine,Mono
A0A1C6FDU7,histidine,Tri
A0A1C6FDU7,lysine,Di
A0A1C6FDU7,lysine,Mono
A0A1C6FDU7,lysine,Tri
A0A1C6FDU7,methionine,Di
A0A1C6FDU7,methionine,Mono
A0A1C6FDU7,methionine,Tri
A0A1C6FDU7,ornithine,Di
A0A1C6FDU7,ornithine,Mono
A0A1C6FDU7,ornithine,Tri
A0A1C6FDU7,phenylalanine,Di
A0A1C6FDU7,phenylalanine,Mono
A0A1C6FDU7,phenylalanine,Tri
A0A1C6FDU7,proline,Di
A0A1C6FDU7,proline,Mono
A0A1C6FDU7,proline,Tri
A0A1C6FDU7,putrescine,Di
A0A1C6FDU7,putrescine,Mono
A0A1C6FDU7,putrescine,Tri
A0A1C6FDU7,serine,Di
A0A1C6FDU7,serine,Mono
A0A1C6FDU7,serine,Tri
A0A1C6FDU7,serotonin,Di
A0A1C6FDU7,serotonin,Mono
A0A1C6FDU7,serotonin,Tri
A0A1C6FDU7,threonine,Di
A0A1C6FDU7,threonine,Mono
A0A1C6FDU7,threonine,Tri
A0A1C6FDU7,tryptamine,Di
A0A1C6FDU7,tryptamine,Mono
A0A1C6FDU7,tryptamine,Tri
A0A1C6FDU7,tyramine,Di
A0A1C6FDU7,tyramine,Mono
A0A1C6FDU7,tyramine,Tri
A0A1E3ADP5,"2,3_diaminopropionic acid",Di
A0A1E3ADP5,"2,3_diaminopropionic acid",Mono
A0A1E3ADP5,"2,3_diaminopropionic acid",Tri
A0A1E3ADP5,2_aminophenol,Di
A0A1E3ADP5,2_aminophenol,Mono
A0A1E3ADP5,2_aminophenol,Tri
A0A1E3ADP5,3_methoxytyramine,Di
A0A1E3ADP5,3_methoxytyramine,Mono
A0A1E3ADP5,3_methoxytyramine,Tri
A0A1E3ADP5,alanine,Di
A0A1E3ADP5,alanine,Mono
A0A1E3ADP5,alanine,Tri
A0A1E3ADP5,arginine,Di
A0A1E3ADP5,arginine,Mono
A0A1E3ADP5,arginine,Tri
A0A1E3ADP5,asparagine,Di
A0A1E3ADP5,asparagine,Mono
A0A1E3ADP5,asparagine,Tri
A0A1E3ADP5,cadaverine,Di
A0A1E3ADP5,cadaverine,Mono
A0A1E3ADP5,cadaverine,Tri
A0A1E3ADP5,citrulline,Di
A0A1E3ADP5,citrulline,Mono
A0A1E3ADP5,citrulline,Tri
A0A1E3ADP5,cystine,Di
A0A1E3ADP5,cystine,Mono
A0A1E3ADP5,cystine,Tri
A0A1E3ADP5,dopamine,Di
A0A1E3ADP5,dopamine,Mono
A0A1E3ADP5,dopamine,Tri
A0A1E3ADP5,gaba,Di
A0A1E3ADP5,gaba,Mono
A0A1E3ADP5,gaba,Tri
A0A1E3ADP5,glutamine,Di
A0A1E3ADP5,glutamine,Mono
A0A1E3ADP5,glutamine,Tri
A0A1E3ADP5,glyglycine,Di
A0A1E3ADP5,glyglycine,Mono
A0A1E3ADP5,glyglycine,Tri
A0A1E3ADP5,histidine,Di
A0A1E3ADP5,histidine,Mono
A0A1E3ADP5,histidine,Tri
A0A1E3ADP5,lysine,Di
A0A1E3ADP5,lysine,Mono
A0A1E3ADP5,lysine,Tri
A0A1E3ADP5,methionine,Di
A0A1E3ADP5,methionine,Mono
A0A1E3ADP5,methionine,Tri
A0A1E3ADP5,ornithine,Di
A0A1E3ADP5,ornithine,Mono
A0A1E3ADP5,ornithine,Tri
A0A1E3ADP5,phenylalanine,Di
A0A1E3ADP5,phenylalanine,Mono
A0A1E3ADP5,phenylalanine,Tri
A0A1E3ADP5,proline,Di
A0A1E3ADP5,proline,Mono
A0A1E3ADP5,proline,Tri
A0A1E3ADP5,putrescine,Di
A0A1E3ADP5,putrescine,Mono
A0A1E3ADP5,putrescine,Tri
A0A1E3ADP5,serine,Di
A0A1E3ADP5,serine,Mono
A0A1E3ADP5,serine,Tri
A0A1E3ADP5,serotonin,Di
A0A1E3ADP5,serotonin,Mono
A0A1E3ADP5,serotonin,Tri
A0A1E3ADP5,threonine,Di
A0A1E3ADP5,threonine,Mono
A0A1E3ADP5,threonine,Tri
A0A1E3ADP5,tryptamine,Di
A0A1E3ADP5,tryptamine,Mono
A0A1E3ADP5,tryptamine,Tri
A0A1E3ADP5,tyramine,Di
A0A1E3ADP5,tyramine,Mono
A0A1E3ADP5,tyramine,Tri
A0A1I4P275,"2,3_diaminopropionic acid",Di
A0A1I4P275,"2,3_diaminopropionic acid",Mono
A0A1I4P275,"2,3_diaminopropionic acid",Tri
A0A1I4P275,2_aminophenol,Di
A0A1I4P275,2_aminophenol,Mono
A0A1I4P275,2_aminophenol,Tri
A0A1I4P275,3_methoxytyramine,Di
A0A1I4P275,3_methoxytyramine,Mono
A0A1I4P275,3_methoxytyramine,Tri
A0A1I4P275,alanine,Di
A0A1I4P275,alanine,Mono
A0A1I4P275,alanine,Tri
A0A1I4P275,arginine,Di
A0A1I4P275,arginine,Mono
A0A1I4P275,arginine,Tri
A0A1I4P275,asparagine,Di
A0A1I4P275,asparagine,Mono
A0A1I4P275,asparagine,Tri
A0A1I4P275,cadaverine,Di
A0A1I4P275,cadaverine,Mono
A0A1I4P275,cadaverine,Tri
A0A1I4P275,citrulline,Di
A0A1I4P275,citrulline,Mono
A0A1I4P275,citrulline,Tri
A0A1I4P275,cystine,Di
A0A1I4P275,cystine,Mono
A0A1I4P275,cystine,Tri
A0A1I4P275,dopamine,Di
A0A1I4P275,dopamine,Mono
A0A1I4P275,dopamine,Tri
A0A1I4P275,gaba,Di
A0A1I4P275,gaba,Mono
A0A1I4P275,gaba,Tri
A0A1I4P275,glutamine,Di
A0A1I4P275,glutamine,Mono
A0A1I4P275,glutamine,Tri
A0A1I4P275,glyglycine,Di
A0A1I4P275,glyglycine,Mono
A0A1I4P275,glyglycine,Tri
A0A1I4P275,histidine,Di
A0A1I4P275,histidine,Mono
A0A1I4P275,histidine,Tri
A0A1I4P275,lysine,Di
A0A1I4P275,lysine,Mono
A0A1I4P275,lysine,Tri
A0A1I4P275,methionine,Di
A0A1I4P275,methionine,Mono
A0A1I4P275,methionine,Tri
A0A1I4P275,ornithine,Di
A0A1I4P275,ornithine,Mono
A0A1I4P275,ornithine,Tri
A0A1I4P275,phenylalanine,Di
A0A1I4P275,phenylalanine,Mono
A0A1I4P275,phenylalanine,Tri
A0A1I4P275,proline,Di
A0A1I4P275,proline,Mono
A0A1I4P275,proline,Tri
A0A1I4P275,putrescine,Di
A0A1I4P275,putrescine,Mono
A0A1I4P275,putrescine,Tri
A0A1I4P275,serine,Di
A0A1I4P275,serine,Mono
A0A1I4P275,serine,Tri
A0A1I4P275,serotonin,Di
A0A1I4P275,serotonin,Mono
A0A1I4P275,serotonin,Tri
A0A1I4P275,threonine,Di
A0A1I4P275,threonine,Mono
A0A1I4P275,threonine,Tri
A0A1I4P275,tryptamine,Di
A0A1I4P275,tryptamine,Mono
A0A1I4P275,tryptamine,Tri
A0A1I4P275,tyramine,Di
A0A1I4P275,tyramine,Mono
A0A1I4P275,tyramine,Tri
A0A1M3L7G3,"2,3_diaminopropionic acid",Di
A0A1M3L7G3,"2,3_diaminopropionic acid",Mono
A0A1M3L7G3,"2,3_diaminopropionic acid",Tri
A0A1M3L7G3,2_aminophenol,Di
A0A1M3L7G3,2_aminophenol,Mono
A0A1M3L7G3,2_aminophenol,Tri
A0A1M3L7G3,3_methoxytyramine,Di
A0A1M3L7G3,3_methoxytyramine,Mono
A0A1M3L7G3,3_methoxytyramine,Tri
A0A1M3L7G3,alanine,Di
A0A1M3L7G3,alanine,Mono
A0A1M3L7G3,alanine,Tri
A0A1M3L7G3,arginine,Di
A0A1M3L7G3,arginine,Mono
A0A1M3L7G3,arginine,Tri
A0A1M3L7G3,asparagine,Di
A0A1M3L7G3,asparagine,Mono
A0A1M3L7G3,asparagine,Tri
A0A1M3L7G3,cadaverine,Di
A0A1M3L7G3,cadaverine,Mono
A0A1M3L7G3,cadaverine,Tri
A0A1M3L7G3,citrulline,Di
A0A1M3L7G3,citrulline,Mono
A0A1M3L7G3,citrulline,Tri
A0A1M3L7G3,cystine,Di
A0A1M3L7G3,cystine,Mono
A0A1M3L7G3,cystine,Tri
A0A1M3L7G3,dopamine,Di
A0A1M3L7G3,dopamine,Mono
A0A1M3L7G3,dopamine,Tri
A0A1M3L7G3,gaba,Di
A0A1M3L7G3,gaba,Mono
A0A1M3L7G3,gaba,Tri
A0A1M3L7G3,glutamine,Di
A0A1M3L7G3,glutamine,Mono
A0A1M3L7G3,glutamine,Tri
A0A1M3L7G3,glyglycine,Di
A0A1M3L7G3,glyglycine,Mono
A0A1M3L7G3,glyglycine,Tri
A0A1M3L7G3,histidine,Di
A0A1M3L7G3,histidine,Mono
A0A1M3L7G3,histidine,Tri
A0A1M3L7G3,lysine,Di
A0A1M3L7G3,lysine,Mono
A0A1M3L7G3,lysine,Tri
A0A1M3L7G3,methionine,Di
A0A1M3L7G3,methionine,Mono
A0A1M3L7G3,methionine,Tri
A0A1M3L7G3,ornithine,Di
A0A1M3L7G3,ornithine,Mono
A0A1M3L7G3,ornithine,Tri
A0A1M3L7G3,phenylalanine,Di
A0A1M3L7G3,phenylalanine,Mono
A0A1M3L7G3,phenylalanine,Tri
A0A1M3L7G3,proline,Di
A0A1M3L7G3,proline,Mono
A0A1M3L7G3,proline,Tri
A0A1M3L7G3,putrescine,Di
A0A1M3L7G3,putrescine,Mono
A0A1M3L7G3,putrescine,Tri
A0A1M3L7G3,serine,Di
A0A1M3L7G3,serine,Mono
A0A1M3L7G3,serine,Tri
A0A1M3L7G3,serotonin,Di
A0A1M3L7G3,serotonin,Mono
A0A1M3L7G3,serotonin,Tri
A0A1M3L7G3,threonine,Di
A0A1M3L7G3,threonine,Mono
A0A1M3L7G3,threonine,Tri
A0A1M3L7G3,tryptamine,Di
A0A1M3L7G3,tryptamine,Mono
A0A1M3L7G3,tryptamine,Tri
A0A1M3L7G3,tyramine,Di
A0A1M3L7G3,tyramine,Mono
A0A1M3L7G3,tyramine,Tri
A0A1Q6E5Z9,"2,3_diaminopropionic acid",Di
A0A1Q6E5Z9,"2,3_diaminopropionic acid",Mono
A0A1Q6E5Z9,"2,3_diaminopropionic acid",Tri
A0A1Q6E5Z9,2_aminophenol,Di
A0A1Q6E5Z9,2_aminophenol,Mono
A0A1Q6E5Z9,2_aminophenol,Tri
A0A1Q6E5Z9,3_methoxytyramine,Di
A0A1Q6E5Z9,3_methoxytyramine,Mono
A0A1Q6E5Z9,3_methoxytyramine,Tri
A0A1Q6E5Z9,alanine,Di
A0A1Q6E5Z9,alanine,Mono
A0A1Q6E5Z9,alanine,Tri
A0A1Q6E5Z9,arginine,Di
A0A1Q6E5Z9,arginine,Mono
A0A1Q6E5Z9,arginine,Tri
A0A1Q6E5Z9,asparagine,Di
A0A1Q6E5Z9,asparagine,Mono
A0A1Q6E5Z9,asparagine,Tri
A0A1Q6E5Z9,cadaverine,Di
A0A1Q6E5Z9,cadaverine,Mono
A0A1Q6E5Z9,cadaverine,Tri
A0A1Q6E5Z9,citrulline,Di
A0A1Q6E5Z9,citrulline,Mono
A0A1Q6E5Z9,citrulline,Tri
A0A1Q6E5Z9,cystine,Di
A0A1Q6E5Z9,cystine,Mono
A0A1Q6E5Z9,cystine,Tri
A0A1Q6E5Z9,dopamine,Di
A0A1Q6E5Z9,dopamine,Mono
A0A1Q6E5Z9,dopamine,Tri
A0A1Q6E5Z9,gaba,Di
A0A1Q6E5Z9,gaba,Mono
A0A1Q6E5Z9,gaba,Tri
A0A1Q6E5Z9,glutamine,Di
A0A1Q6E5Z9,glutamine,Mono
A0A1Q6E5Z9,glutamine,Tri
A0A1Q6E5Z9,glyglycine,Di
A0A1Q6E5Z9,glyglycine,Mono
A0A1Q6E5Z9,glyglycine,Tri
A0A1Q6E5Z9,histidine,Di
A0A1Q6E5Z9,histidine,Mono
A0A1Q6E5Z9,histidine,Tri
A0A1Q6E5Z9,lysine,Di
A0A1Q6E5Z9,lysine,Mono
A0A1Q6E5Z9,lysine,Tri
A0A1Q6E5Z9,methionine,Di
A0A1Q6E5Z9,methionine,Mono
A0A1Q6E5Z9,methionine,Tri
A0A1Q6E5Z9,ornithine,Di
A0A1Q6E5Z9,ornithine,Mono
A0A1Q6E5Z9,ornithine,Tri
A0A1Q6E5Z9,phenylalanine,Di
A0A1Q6E5Z9,phenylalanine,Mono
A0A1Q6E5Z9,phenylalanine,Tri
A0A1Q6E5Z9,proline,Di
A0A1Q6E5Z9,proline,Mono
A0A1Q6E5Z9,proline,Tri
A0A1Q6E5Z9,putrescine,Di
A0A1Q6E5Z9,putrescine,Mono
A0A1Q6E5Z9,putrescine,Tri
A0A1Q6E5Z9,serine,Di
A0A1Q6E5Z9,serine,Mono
A0A1Q6E5Z9,serine,Tri
A0A1Q6E5Z9,serotonin,Di
A0A1Q6E5Z9,serotonin,Mono
A0A1Q6E5Z9,serotonin,Tri
A0A1Q6E5Z9,threonine,Di
A0A1Q6E5Z9,threonine,Mono
A0A1Q6E5Z9,threonine,Tri
A0A1Q6E5Z9,tryptamine,Di
A0A1Q6E5Z9,tryptamine,Mono
A0A1Q6E5Z9,tryptamine,Tri
A0A1Q6E5Z9,tyramine,Di
A0A1Q6E5Z9,tyramine,Mono
A0A1Q6E5Z9,tyramine,Tri
A0A1Q6F0C9,"2,3_diaminopropionic acid",Di
A0A1Q6F0C9,"2,3_diaminopropionic acid",Mono
A0A1Q6F0C9,"2,3_diaminopropionic acid",Tri
A0A1Q6F0C9,2_aminophenol,Di
A0A1Q6F0C9,2_aminophenol,Mono
A0A1Q6F0C9,2_aminophenol,Tri
A0A1Q6F0C9,3_methoxytyramine,Di
A0A1Q6F0C9,3_methoxytyramine,Mono
A0A1Q6F0C9,3_methoxytyramine,Tri
A0A1Q6F0C9,alanine,Di
A0A1Q6F0C9,alanine,Mono
A0A1Q6F0C9,alanine,Tri
A0A1Q6F0C9,arginine,Di
A0A1Q6F0C9,arginine,Mono
A0A1Q6F0C9,arginine,Tri
A0A1Q6F0C9,asparagine,Di
A0A1Q6F0C9,asparagine,Mono
A0A1Q6F0C9,asparagine,Tri
A0A1Q6F0C9,cadaverine,Di
A0A1Q6F0C9,cadaverine,Mono
A0A1Q6F0C9,cadaverine,Tri
A0A1Q6F0C9,citrulline,Di
A0A1Q6F0C9,citrulline,Mono
A0A1Q6F0C9,citrulline,Tri
A0A1Q6F0C9,cystine,Di
A0A1Q6F0C9,cystine,Mono
A0A1Q6F0C9,cystine,Tri
A0A1Q6F0C9,dopamine,Di
A0A1Q6F0C9,dopamine,Mono
A0A1Q6F0C9,dopamine,Tri
A0A1Q6F0C9,gaba,Di
A0A1Q6F0C9,gaba,Mono
A0A1Q6F0C9,gaba,Tri
A0A1Q6F0C9,glutamine,Di
A0A1Q6F0C9,glutamine,Mono
A0A1Q6F0C9,glutamine,Tri
A0A1Q6F0C9,glyglycine,Di
A0A1Q6F0C9,glyglycine,Mono
A0A1Q6F0C9,glyglycine,Tri
A0A1Q6F0C9,histidine,Di
A0A1Q6F0C9,histidine,Mono
A0A1Q6F0C9,histidine,Tri
A0A1Q6F0C9,lysine,Di
A0A1Q6F0C9,lysine,Mono
A0A1Q6F0C9,lysine,Tri
A0A1Q6F0C9,methionine,Di
A0A1Q6F0C9,methionine,Mono
A0A1Q6F0C9,methionine,Tri
A0A1Q6F0C9,ornithine,Di
A0A1Q6F0C9,ornithine,Mono
A0A1Q6F0C9,ornithine,Tri
A0A1Q6F0C9,phenylalanine,Di
A0A1Q6F0C9,phenylalanine,Mono
A0A1Q6F0C9,phenylalanine,Tri
A0A1Q6F0C9,proline,Di
A0A1Q6F0C9,proline,Mono
A0A1Q6F0C9,proline,Tri
A0A1Q6F0C9,putrescine,Di
A0A1Q6F0C9,putrescine,Mono
A0A1Q6F0C9,putrescine,Tri
A0A1Q6F0C9,serine,Di
A0A1Q6F0C9,serine,Mono
A0A1Q6F0C9,serine,Tri
A0A1Q6F0C9,serotonin,Di
A0A1Q6F0C9,serotonin,Mono
A0A1Q6F0C9,serotonin,Tri
A0A1Q6F0C9,threonine,Di
A0A1Q6F0C9,threonine,Mono
A0A1Q6F0C9,threonine,Tri
A0A1Q6F0C9,tryptamine,Di
A0A1Q6F0C9,tryptamine,Mono
A0A1Q6F0C9,tryptamine,Tri
A0A1Q6F0C9,tyramine,Di
A0A1Q6F0C9,tyramine,Mono
A0A1Q6F0C9,tyramine,Tri
A0A1Q6JXM9,"2,3_diaminopropionic acid",Di
A0A1Q6JXM9,"2,3_diaminopropionic acid",Mono
A0A1Q6JXM9,"2,3_diaminopropionic acid",Tri
A0A1Q6JXM9,2_aminophenol,Di
A0A1Q6JXM9,2_aminophenol,Mono
A0A1Q6JXM9,2_aminophenol,Tri
A0A1Q6JXM9,3_methoxytyramine,Di
A0A1Q6JXM9,3_methoxytyramine,Mono
A0A1Q6JXM9,3_methoxytyramine,Tri
A0A1Q6JXM9,alanine,Di
A0A1Q6JXM9,alanine,Mono
A0A1Q6JXM9,alanine,Tri
A0A1Q6JXM9,arginine,Di
A0A1Q6JXM9,arginine,Mono
A0A1Q6JXM9,arginine,Tri
A0A1Q6JXM9,asparagine,Di
A0A1Q6JXM9,asparagine,Mono
A0A1Q6JXM9,asparagine,Tri
A0A1Q6JXM9,cadaverine,Di
A0A1Q6JXM9,cadaverine,Mono
A0A1Q6JXM9,cadaverine,Tri
A0A1Q6JXM9,citrulline,Di
A0A1Q6JXM9,citrulline,Mono
A0A1Q6JXM9,citrulline,Tri
A0A1Q6JXM9,cystine,Di
A0A1Q6JXM9,cystine,Mono
A0A1Q6JXM9,cystine,Tri
A0A1Q6JXM9,dopamine,Di
A0A1Q6JXM9,dopamine,Mono
A0A1Q6JXM9,dopamine,Tri
A0A1Q6JXM9,gaba,Di
A0A1Q6JXM9,gaba,Mono
A0A1Q6JXM9,gaba,Tri
A0A1Q6JXM9,glutamine,Di
A0A1Q6JXM9,glutamine,Mono
A0A1Q6JXM9,glutamine,Tri
A0A1Q6JXM9,glyglycine,Di
A0A1Q6JXM9,glyglycine,Mono
A0A1Q6JXM9,glyglycine,Tri
A0A1Q6JXM9,histidine,Di
A0A1Q6JXM9,histidine,Mono
A0A1Q6JXM9,histidine,Tri
A0A1Q6JXM9,lysine,Di
A0A1Q6JXM9,lysine,Mono
A0A1Q6JXM9,lysine,Tri
A0A1Q6JXM9,methionine,Di
A0A1Q6JXM9,methionine,Mono
A0A1Q6JXM9,methionine,Tri
A0A1Q6JXM9,ornithine,Di
A0A1Q6JXM9,ornithine,Mono
A0A1Q6JXM9,ornithine,Tri
A0A1Q6JXM9,phenylalanine,Di
A0A1Q6JXM9,phenylalanine,Mono
A0A1Q6JXM9,phenylalanine,Tri
A0A1Q6JXM9,proline,Di
A0A1Q6JXM9,proline,Mono
A0A1Q6JXM9,proline,Tri
A0A1Q6JXM9,putrescine,Di
A0A1Q6JXM9,putrescine,Mono
A0A1Q6JXM9,putrescine,Tri
A0A1Q6JXM9,serine,Di
A0A1Q6JXM9,serine,Mono
A0A1Q6JXM9,serine,Tri
A0A1Q6JXM9,serotonin,Di
A0A1Q6JXM9,serotonin,Mono
A0A1Q6JXM9,serotonin,Tri
A0A1Q6JXM9,threonine,Di
A0A1Q6JXM9,threonine,Mono
A0A1Q6JXM9,threonine,Tri
A0A1Q6JXM9,tryptamine,Di
A0A1Q6JXM9,tryptamine,Mono
A0A1Q6JXM9,tryptamine,Tri
A0A1Q6JXM9,tyramine,Di
A0A1Q6JXM9,tyramine,Mono
A0A1Q6JXM9,tyramine,Tri
A0A1Q6K9G3,"2,3_diaminopropionic acid",Di
A0A1Q6K9G3,"2,3_diaminopropionic acid",Mono
A0A1Q6K9G3,"2,3_diaminopropionic acid",Tri
A0A1Q6K9G3,2_aminophenol,Di
A0A1Q6K9G3,2_aminophenol,Mono
A0A1Q6K9G3,2_aminophenol,Tri
A0A1Q6K9G3,3_methoxytyramine,Di
A0A1Q6K9G3,3_methoxytyramine,Mono
A0A1Q6K9G3,3_methoxytyramine,Tri
A0A1Q6K9G3,alanine,Di
A0A1Q6K9G3,alanine,Mono
A0A1Q6K9G3,alanine,Tri
A0A1Q6K9G3,arginine,Di
A0A1Q6K9G3,arginine,Mono
A0A1Q6K9G3,arginine,Tri
A0A1Q6K9G3,asparagine,Di
A0A1Q6K9G3,asparagine,Mono
A0A1Q6K9G3,asparagine,Tri
A0A1Q6K9G3,cadaverine,Di
A0A1Q6K9G3,cadaverine,Mono
A0A1Q6K9G3,cadaverine,Tri
A0A1Q6K9G3,citrulline,Di
A0A1Q6K9G3,citrulline,Mono
A0A1Q6K9G3,citrulline,Tri
A0A1Q6K9G3,cystine,Di
A0A1Q6K9G3,cystine,Mono
A0A1Q6K9G3,cystine,Tri
A0A1Q6K9G3,dopamine,Di
A0A1Q6K9G3,dopamine,Mono
A0A1Q6K9G3,dopamine,Tri
A0A1Q6K9G3,gaba,Di
A0A1Q6K9G3,gaba,Mono
A0A1Q6K9G3,gaba,Tri
A0A1Q6K9G3,glutamine,Di
A0A1Q6K9G3,glutamine,Mono
A0A1Q6K9G3,glutamine,Tri
A0A1Q6K9G3,glyglycine,Di
A0A1Q6K9G3,glyglycine,Mono
A0A1Q6K9G3,glyglycine,Tri
A0A1Q6K9G3,histidine,Di
A0A1Q6K9G3,histidine,Mono
A0A1Q6K9G3,histidine,Tri
A0A1Q6K9G3,lysine,Di
A0A1Q6K9G3,lysine,Mono
A0A1Q6K9G3,lysine,Tri
A0A1Q6K9G3,methionine,Di
A0A1Q6K9G3,methionine,Mono
A0A1Q6K9G3,methionine,Tri
A0A1Q6K9G3,ornithine,Di
A0A1Q6K9G3,ornithine,Mono
A0A1Q6K9G3,ornithine,Tri
A0A1Q6K9G3,phenylalanine,Di
A0A1Q6K9G3,phenylalanine,Mono
A0A1Q6K9G3,phenylalanine,Tri
A0A1Q6K9G3,proline,Di
A0A1Q6K9G3,proline,Mono
A0A1Q6K9G3,proline,Tri
A0A1Q6K9G3,putrescine,Di
A0A1Q6K9G3,putrescine,Mono
A0A1Q6K9G3,putrescine,Tri
A0A1Q6K9G3,serine,Di
A0A1Q6K9G3,serine,Mono
A0A1Q6K9G3,serine,Tri
A0A1Q6K9G3,serotonin,Di
A0A1Q6K9G3,serotonin,Mono
A0A1Q6K9G3,serotonin,Tri
A0A1Q6K9G3,threonine,Di
A0A1Q6K9G3,threonine,Mono
A0A1Q6K9G3,threonine,Tri
A0A1Q6K9G3,tryptamine,Di
A0A1Q6K9G3,tryptamine,Mono
A0A1Q6K9G3,tryptamine,Tri
A0A1Q6K9G3,tyramine,Di
A0A1Q6K9G3,tyramine,Mono
A0A1Q6K9G3,tyramine,Tri
A0A1Q6PYZ4,"2,3_diaminopropionic acid",Di
A0A1Q6PYZ4,"2,3_diaminopropionic acid",Mono
A0A1Q6PYZ4,"2,3_diaminopropionic acid",Tri
A0A1Q6PYZ4,2_aminophenol,Di
A0A1Q6PYZ4,2_aminophenol,Mono
A0A1Q6PYZ4,2_aminophenol,Tri
A0A1Q6PYZ4,3_methoxytyramine,Di
A0A1Q6PYZ4,3_methoxytyramine,Mono
A0A1Q6PYZ4,3_methoxytyramine,Tri
A0A1Q6PYZ4,alanine,Di
A0A1Q6PYZ4,alanine,Mono
A0A1Q6PYZ4,alanine,Tri
A0A1Q6PYZ4,arginine,Di
A0A1Q6PYZ4,arginine,Mono
A0A1Q6PYZ4,arginine,Tri
A0A1Q6PYZ4,asparagine,Di
A0A1Q6PYZ4,asparagine,Mono
A0A1Q6PYZ4,asparagine,Tri
A0A1Q6PYZ4,cadaverine,Di
A0A1Q6PYZ4,cadaverine,Mono
A0A1Q6PYZ4,cadaverine,Tri
A0A1Q6PYZ4,citrulline,Di
A0A1Q6PYZ4,citrulline,Mono
A0A1Q6PYZ4,citrulline,Tri
A0A1Q6PYZ4,cystine,Di
A0A1Q6PYZ4,cystine,Mono
A0A1Q6PYZ4,cystine,Tri
A0A1Q6PYZ4,dopamine,Di
A0A1Q6PYZ4,dopamine,Mono
A0A1Q6PYZ4,dopamine,Tri
A0A1Q6PYZ4,gaba,Di
A0A1Q6PYZ4,gaba,Mono
A0A1Q6PYZ4,gaba,Tri
A0A1Q6PYZ4,glutamine,Di
A0A1Q6PYZ4,glutamine,Mono
A0A1Q6PYZ4,glutamine,Tri
A0A1Q6PYZ4,glyglycine,Di
A0A1Q6PYZ4,glyglycine,Mono
A0A1Q6PYZ4,glyglycine,Tri
A0A1Q6PYZ4,histidine,Di
A0A1Q6PYZ4,histidine,Mono
A0A1Q6PYZ4,histidine,Tri
A0A1Q6PYZ4,lysine,Di
A0A1Q6PYZ4,lysine,Mono
A0A1Q6PYZ4,lysine,Tri
A0A1Q6PYZ4,methionine,Di
A0A1Q6PYZ4,methionine,Mono
A0A1Q6PYZ4,methionine,Tri
A0A1Q6PYZ4,ornithine,Di
A0A1Q6PYZ4,ornithine,Mono
A0A1Q6PYZ4,ornithine,Tri
A0A1Q6PYZ4,phenylalanine,Di
A0A1Q6PYZ4,phenylalanine,Mono
A0A1Q6PYZ4,phenylalanine,Tri
A0A1Q6PYZ4,proline,Di
A0A1Q6PYZ4,proline,Mono
A0A1Q6PYZ4,proline,Tri
A0A1Q6PYZ4,putrescine,Di
A0A1Q6PYZ4,putrescine,Mono
A0A1Q6PYZ4,putrescine,Tri
A0A1Q6PYZ4,serine,Di
A0A1Q6PYZ4,serine,Mono
A0A1Q6PYZ4,serine,Tri
A0A1Q6PYZ4,serotonin,Di
A0A1Q6PYZ4,serotonin,Mono
A0A1Q6PYZ4,serotonin,Tri
A0A1Q6PYZ4,threonine,Di
A0A1Q6PYZ4,threonine,Mono
A0A1Q6PYZ4,threonine,Tri
A0A1Q6PYZ4,tryptamine,Di
A0A1Q6PYZ4,tryptamine,Mono
A0A1Q6PYZ4,tryptamine,Tri
A0A1Q6PYZ4,tyramine,Di
A0A1Q6PYZ4,tyramine,Mono
A0A1Q6PYZ4,tyramine,Tri
A0A1Q6RAM4,"2,3_diaminopropionic acid",Di
A0A1Q6RAM4,"2,3_diaminopropionic acid",Mono
A0A1Q6RAM4,"2,3_diaminopropionic acid",Tri
A0A1Q6RAM4,2_aminophenol,Di
A0A1Q6RAM4,2_aminophenol,Mono
A0A1Q6RAM4,2_aminophenol,Tri
A0A1Q6RAM4,3_methoxytyramine,Di
A0A1Q6RAM4,3_methoxytyramine,Mono
A0A1Q6RAM4,3_methoxytyramine,Tri
A0A1Q6RAM4,alanine,Di
A0A1Q6RAM4,alanine,Mono
A0A1Q6RAM4,alanine,Tri
A0A1Q6RAM4,arginine,Di
A0A1Q6RAM4,arginine,Mono
A0A1Q6RAM4,arginine,Tri
A0A1Q6RAM4,asparagine,Di
A0A1Q6RAM4,asparagine,Mono
A0A1Q6RAM4,asparagine,Tri
A0A1Q6RAM4,cadaverine,Di
A0A1Q6RAM4,cadaverine,Mono
A0A1Q6RAM4,cadaverine,Tri
A0A1Q6RAM4,citrulline,Di
A0A1Q6RAM4,citrulline,Mono
A0A1Q6RAM4,citrulline,Tri
A0A1Q6RAM4,cystine,Di
A0A1Q6RAM4,cystine,Mono
A0A1Q6RAM4,cystine,Tri
A0A1Q6RAM4,dopamine,Di
A0A1Q6RAM4,dopamine,Mono
A0A1Q6RAM4,dopamine,Tri
A0A1Q6RAM4,gaba,Di
A0A1Q6RAM4,gaba,Mono
A0A1Q6RAM4,gaba,Tri
A0A1Q6RAM4,glutamine,Di
A0A1Q6RAM4,glutamine,Mono
A0A1Q6RAM4,glutamine,Tri
A0A1Q6RAM4,glyglycine,Di
A0A1Q6RAM4,glyglycine,Mono
A0A1Q6RAM4,glyglycine,Tri
A0A1Q6RAM4,histidine,Di
A0A1Q6RAM4,histidine,Mono
A0A1Q6RAM4,histidine,Tri
A0A1Q6RAM4,lysine,Di
A0A1Q6RAM4,lysine,Mono
A0A1Q6RAM4,lysine,Tri
A0A1Q6RAM4,methionine,Di
A0A1Q6RAM4,methionine,Mono
A0A1Q6RAM4,methionine,Tri
A0A1Q6RAM4,ornithine,Di
A0A1Q6RAM4,ornithine,Mono
A0A1Q6RAM4,ornithine,Tri
A0A1Q6RAM4,phenylalanine,Di
A0A1Q6RAM4,phenylalanine,Mono
A0A1Q6RAM4,phenylalanine,Tri
A0A1Q6RAM4,proline,Di
A0A1Q6RAM4,proline,Mono
A0A1Q6RAM4,proline,Tri
A0A1Q6RAM4,putrescine,Di
A0A1Q6RAM4,putrescine,Mono
A0A1Q6RAM4,putrescine,Tri
A0A1Q6RAM4,serine,Di
A0A1Q6RAM4,serine,Mono
A0A1Q6RAM4,serine,Tri
A0A1Q6RAM4,serotonin,Di
A0A1Q6RAM4,serotonin,Mono
A0A1Q6RAM4,serotonin,Tri
A0A1Q6RAM4,threonine,Di
A0A1Q6RAM4,threonine,Mono
A0A1Q6RAM4,threonine,Tri
A0A1Q6RAM4,tryptamine,Di
A0A1Q6RAM4,tryptamine,Mono
A0A1Q6RAM4,tryptamine,Tri
A0A1Q6RAM4,tyramine,Di
A0A1Q6RAM4,tyramine,Mono
A0A1Q6RAM4,tyramine,Tri
A0A1Y3QT37,"2,3_diaminopropionic acid",Di
A0A1Y3QT37,"2,3_diaminopropionic acid",Mono
A0A1Y3QT37,"2,3_diaminopropionic acid",Tri
A0A1Y3QT37,2_aminophenol,Di
A0A1Y3QT37,2_aminophenol,Mono
A0A1Y3QT37,2_aminophenol,Tri
A0A1Y3QT37,3_methoxytyramine,Di
A0A1Y3QT37,3_methoxytyramine,Mono
A0A1Y3QT37,3_methoxytyramine,Tri
A0A1Y3QT37,alanine,Di
A0A1Y3QT37,alanine,Mono
A0A1Y3QT37,alanine,Tri
A0A1Y3QT37,arginine,Di
A0A1Y3QT37,arginine,Mono
A0A1Y3QT37,arginine,Tri
A0A1Y3QT37,asparagine,Di
A0A1Y3QT37,asparagine,Mono
A0A1Y3QT37,asparagine,Tri
A0A1Y3QT37,cadaverine,Di
A0A1Y3QT37,cadaverine,Mono
A0A1Y3QT37,cadaverine,Tri
A0A1Y3QT37,citrulline,Di
A0A1Y3QT37,citrulline,Mono
A0A1Y3QT37,citrulline,Tri
A0A1Y3QT37,cystine,Di
A0A1Y3QT37,cystine,Mono
A0A1Y3QT37,cystine,Tri
A0A1Y3QT37,dopamine,Di
A0A1Y3QT37,dopamine,Mono
A0A1Y3QT37,dopamine,Tri
A0A1Y3QT37,gaba,Di
A0A1Y3QT37,gaba,Mono
A0A1Y3QT37,gaba,Tri
A0A1Y3QT37,glutamine,Di
A0A1Y3QT37,glutamine,Mono
A0A1Y3QT37,glutamine,Tri
A0A1Y3QT37,glyglycine,Di
A0A1Y3QT37,glyglycine,Mono
A0A1Y3QT37,glyglycine,Tri
A0A1Y3QT37,histidine,Di
A0A1Y3QT37,histidine,Mono
A0A1Y3QT37,histidine,Tri
A0A1Y3QT37,lysine,Di
A0A1Y3QT37,lysine,Mono
A0A1Y3QT37,lysine,Tri
A0A1Y3QT37,methionine,Di
A0A1Y3QT37,methionine,Mono
A0A1Y3QT37,methionine,Tri
A0A1Y3QT37,ornithine,Di
A0A1Y3QT37,ornithine,Mono
A0A1Y3QT37,ornithine,Tri
A0A1Y3QT37,phenylalanine,Di
A0A1Y3QT37,phenylalanine,Mono
A0A1Y3QT37,phenylalanine,Tri
A0A1Y3QT37,proline,Di
A0A1Y3QT37,proline,Mono
A0A1Y3QT37,proline,Tri
A0A1Y3QT37,putrescine,Di
A0A1Y3QT37,putrescine,Mono
A0A1Y3QT37,putrescine,Tri
A0A1Y3QT37,serine,Di
A0A1Y3QT37,serine,Mono
A0A1Y3QT37,serine,Tri
A0A1Y3QT37,serotonin,Di
A0A1Y3QT37,serotonin,Mono
A0A1Y3QT37,serotonin,Tri
A0A1Y3QT37,threonine,Di
A0A1Y3QT37,threonine,Mono
A0A1Y3QT37,threonine,Tri
A0A1Y3QT37,tryptamine,Di
A0A1Y3QT37,tryptamine,Mono
A0A1Y3QT37,tryptamine,Tri
A0A1Y3QT37,tyramine,Di
A0A1Y3QT37,tyramine,Mono
A0A1Y3QT37,tyramine,Tri
A0A1Y3TDY5,"2,3_diaminopropionic acid",Di
A0A1Y3TDY5,"2,3_diaminopropionic acid",Mono
A0A1Y3TDY5,"2,3_diaminopropionic acid",Tri
A0A1Y3TDY5,2_aminophenol,Di
A0A1Y3TDY5,2_aminophenol,Mono
A0A1Y3TDY5,2_aminophenol,Tri
A0A1Y3TDY5,3_methoxytyramine,Di
A0A1Y3TDY5,3_methoxytyramine,Mono
A0A1Y3TDY5,3_methoxytyramine,Tri
A0A1Y3TDY5,alanine,Di
A0A1Y3TDY5,alanine,Mono
A0A1Y3TDY5,alanine,Tri
A0A1Y3TDY5,arginine,Di
A0A1Y3TDY5,arginine,Mono
A0A1Y3TDY5,arginine,Tri
A0A1Y3TDY5,asparagine,Di
A0A1Y3TDY5,asparagine,Mono
A0A1Y3TDY5,asparagine,Tri
A0A1Y3TDY5,cadaverine,Di
A0A1Y3TDY5,cadaverine,Mono
A0A1Y3TDY5,cadaverine,Tri
A0A1Y3TDY5,citrulline,Di
A0A1Y3TDY5,citrulline,Mono
A0A1Y3TDY5,citrulline,Tri
A0A1Y3TDY5,cystine,Di
A0A1Y3TDY5,cystine,Mono
A0A1Y3TDY5,cystine,Tri
A0A1Y3TDY5,dopamine,Di
A0A1Y3TDY5,dopamine,Mono
A0A1Y3TDY5,dopamine,Tri
A0A1Y3TDY5,gaba,Di
A0A1Y3TDY5,gaba,Mono
A0A1Y3TDY5,gaba,Tri
A0A1Y3TDY5,glutamine,Di
A0A1Y3TDY5,glutamine,Mono
A0A1Y3TDY5,glutamine,Tri
A0A1Y3TDY5,glyglycine,Di
A0A1Y3TDY5,glyglycine,Mono
A0A1Y3TDY5,glyglycine,Tri
A0A1Y3TDY5,histidine,Di
A0A1Y3TDY5,histidine,Mono
A0A1Y3TDY5,histidine,Tri
A0A1Y3TDY5,lysine,Di
A0A1Y3TDY5,lysine,Mono
A0A1Y3TDY5,lysine,Tri
A0A1Y3TDY5,methionine,Di
A0A1Y3TDY5,methionine,Mono
A0A1Y3TDY5,methionine,Tri
A0A1Y3TDY5,ornithine,Di
A0A1Y3TDY5,ornithine,Mono
A0A1Y3TDY5,ornithine,Tri
A0A1Y3TDY5,phenylalanine,Di
A0A1Y3TDY5,phenylalanine,Mono
A0A1Y3TDY5,phenylalanine,Tri
A0A1Y3TDY5,proline,Di
A0A1Y3TDY5,proline,Mono
A0A1Y3TDY5,proline,Tri
A0A1Y3TDY5,putrescine,Di
A0A1Y3TDY5,putrescine,Mono
A0A1Y3TDY5,putrescine,Tri
A0A1Y3TDY5,serine,Di
A0A1Y3TDY5,serine,Mono
A0A1Y3TDY5,serine,Tri
A0A1Y3TDY5,serotonin,Di
A0A1Y3TDY5,serotonin,Mono
A0A1Y3TDY5,serotonin,Tri
A0A1Y3TDY5,threonine,Di
A0A1Y3TDY5,threonine,Mono
A0A1Y3TDY5,threonine,Tri
A0A1Y3TDY5,tryptamine,Di
A0A1Y3TDY5,tryptamine,Mono
A0A1Y3TDY5,tryptamine,Tri
A0A1Y3TDY5,tyramine,Di
A0A1Y3TDY5,tyramine,Mono
A0A1Y3TDY5,tyramine,Tri
A0A1Y3VSR9,"2,3_diaminopropionic acid",Di
A0A1Y3VSR9,"2,3_diaminopropionic acid",Mono
A0A1Y3VSR9,"2,3_diaminopropionic acid",Tri
A0A1Y3VSR9,2_aminophenol,Di
A0A1Y3VSR9,2_aminophenol,Mono
A0A1Y3VSR9,2_aminophenol,Tri
A0A1Y3VSR9,3_methoxytyramine,Di
A0A1Y3VSR9,3_methoxytyramine,Mono
A0A1Y3VSR9,3_methoxytyramine,Tri
A0A1Y3VSR9,alanine,Di
A0A1Y3VSR9,alanine,Mono
A0A1Y3VSR9,alanine,Tri
A0A1Y3VSR9,arginine,Di
A0A1Y3VSR9,arginine,Mono
A0A1Y3VSR9,arginine,Tri
A0A1Y3VSR9,asparagine,Di
A0A1Y3VSR9,asparagine,Mono
A0A1Y3VSR9,asparagine,Tri
A0A1Y3VSR9,cadaverine,Di
A0A1Y3VSR9,cadaverine,Mono
A0A1Y3VSR9,cadaverine,Tri
A0A1Y3VSR9,citrulline,Di
A0A1Y3VSR9,citrulline,Mono
A0A1Y3VSR9,citrulline,Tri
A0A1Y3VSR9,cystine,Di
A0A1Y3VSR9,cystine,Mono
A0A1Y3VSR9,cystine,Tri
A0A1Y3VSR9,dopamine,Di
A0A1Y3VSR9,dopamine,Mono
A0A1Y3VSR9,dopamine,Tri
A0A1Y3VSR9,gaba,Di
A0A1Y3VSR9,gaba,Mono
A0A1Y3VSR9,gaba,Tri
A0A1Y3VSR9,glutamine,Di
A0A1Y3VSR9,glutamine,Mono
A0A1Y3VSR9,glutamine,Tri
A0A1Y3VSR9,glyglycine,Di
A0A1Y3VSR9,glyglycine,Mono
A0A1Y3VSR9,glyglycine,Tri
A0A1Y3VSR9,histidine,Di
A0A1Y3VSR9,histidine,Mono
A0A1Y3VSR9,histidine,Tri
A0A1Y3VSR9,lysine,Di
A0A1Y3VSR9,lysine,Mono
A0A1Y3VSR9,lysine,Tri
A0A1Y3VSR9,methionine,Di
A0A1Y3VSR9,methionine,Mono
A0A1Y3VSR9,methionine,Tri
A0A1Y3VSR9,ornithine,Di
A0A1Y3VSR9,ornithine,Mono
A0A1Y3VSR9,ornithine,Tri
A0A1Y3VSR9,phenylalanine,Di
A0A1Y3VSR9,phenylalanine,Mono
A0A1Y3VSR9,phenylalanine,Tri
A0A1Y3VSR9,proline,Di
A0A1Y3VSR9,proline,Mono
A0A1Y3VSR9,proline,Tri
A0A1Y3VSR9,putrescine,Di
A0A1Y3VSR9,putrescine,Mono
A0A1Y3VSR9,putrescine,Tri
A0A1Y3VSR9,serine,Di
A0A1Y3VSR9,serine,Mono
A0A1Y3VSR9,serine,Tri
A0A1Y3VSR9,serotonin,Di
A0A1Y3VSR9,serotonin,Mono
A0A1Y3VSR9,serotonin,Tri
A0A1Y3VSR9,threonine,Di
A0A1Y3VSR9,threonine,Mono
A0A1Y3VSR9,threonine,Tri
A0A1Y3VSR9,tryptamine,Di
A0A1Y3VSR9,tryptamine,Mono
A0A1Y3VSR9,tryptamine,Tri
A0A1Y3VSR9,tyramine,Di
A0A1Y3VSR9,tyramine,Mono
A0A1Y3VSR9,tyramine,Tri
A0A2S7KLN3,"2,3_diaminopropionic acid",Di
A0A2S7KLN3,"2,3_diaminopropionic acid",Mono
A0A2S7KLN3,"2,3_diaminopropionic acid",Tri
A0A2S7KLN3,2_aminophenol,Di
A0A2S7KLN3,2_aminophenol,Mono
A0A2S7KLN3,2_aminophenol,Tri
A0A2S7KLN3,3_methoxytyramine,Di
A0A2S7KLN3,3_methoxytyramine,Mono
A0A2S7KLN3,3_methoxytyramine,Tri
A0A2S7KLN3,alanine,Di
A0A2S7KLN3,alanine,Mono
A0A2S7KLN3,alanine,Tri
A0A2S7KLN3,arginine,Di
A0A2S7KLN3,arginine,Mono
A0A2S7KLN3,arginine,Tri
A0A2S7KLN3,asparagine,Di
A0A2S7KLN3,asparagine,Mono
A0A2S7KLN3,asparagine,Tri
A0A2S7KLN3,cadaverine,Di
A0A2S7KLN3,cadaverine,Mono
A0A2S7KLN3,cadaverine,Tri
A0A2S7KLN3,citrulline,Di
A0A2S7KLN3,citrulline,Mono
A0A2S7KLN3,citrulline,Tri
A0A2S7KLN3,cystine,Di
A0A2S7KLN3,cystine,Mono
A0A2S7KLN3,cystine,Tri
A0A2S7KLN3,dopamine,Di
A0A2S7KLN3,dopamine,Mono
A0A2S7KLN3,dopamine,Tri
A0A2S7KLN3,gaba,Di
A0A2S7KLN3,gaba,Mono
A0A2S7KLN3,gaba,Tri
A0A2S7KLN3,glutamine,Di
A0A2S7KLN3,glutamine,Mono
A0A2S7KLN3,glutamine,Tri
A0A2S7KLN3,glyglycine,Di
A0A2S7KLN3,glyglycine,Mono
A0A2S7KLN3,glyglycine,Tri
A0A2S7KLN3,histidine,Di
A0A2S7KLN3,histidine,Mono
A0A2S7KLN3,histidine,Tri
A0A2S7KLN3,lysine,Di
A0A2S7KLN3,lysine,Mono
A0A2S7KLN3,lysine,Tri
A0A2S7KLN3,methionine,Di
A0A2S7KLN3,methionine,Mono
A0A2S7KLN3,methionine,Tri
A0A2S7KLN3,ornithine,Di
A0A2S7KLN3,ornithine,Mono
A0A2S7KLN3,ornithine,Tri
A0A2S7KLN3,phenylalanine,Di
A0A2S7KLN3,phenylalanine,Mono
A0A2S7KLN3,phenylalanine,Tri
A0A2S7KLN3,proline,Di
A0A2S7KLN3,proline,Mono
A0A2S7KLN3,proline,Tri
A0A2S7KLN3,putrescine,Di
A0A2S7KLN3,putrescine,Mono
A0A2S7KLN3,putrescine,Tri
A0A2S7KLN3,serine,Di
A0A2S7KLN3,serine,Mono
A0A2S7KLN3,serine,Tri
A0A2S7KLN3,serotonin,Di
A0A2S7KLN3,serotonin,Mono
A0A2S7KLN3,serotonin,Tri
A0A2S7KLN3,threonine,Di
A0A2S7KLN3,threonine,Mono
A0A2S7KLN3,threonine,Tri
A0A2S7KLN3,tryptamine,Di
A0A2S7KLN3,tryptamine,Mono
A0A2S7KLN3,tryptamine,Tri
A0A2S7KLN3,tyramine,Di
A0A2S7KLN3,tyramine,Mono
A0A2S7KLN3,tyramine,Tri
A0A2S8GTJ2,"2,3_diaminopropionic acid",Di
A0A2S8GTJ2,"2,3_diaminopropionic acid",Mono
A0A2S8GTJ2,"2,3_diaminopropionic acid",Tri
A0A2S8GTJ2,2_aminophenol,Di
A0A2S8GTJ2,2_aminophenol,Mono
A0A2S8GTJ2,2_aminophenol,Tri
A0A2S8GTJ2,3_methoxytyramine,Di
A0A2S8GTJ2,3_methoxytyramine,Mono
A0A2S8GTJ2,3_methoxytyramine,Tri
A0A2S8GTJ2,alanine,Di
A0A2S8GTJ2,alanine,Mono
A0A2S8GTJ2,alanine,Tri
A0A2S8GTJ2,arginine,Di
A0A2S8GTJ2,arginine,Mono
A0A2S8GTJ2,arginine,Tri
A0A2S8GTJ2,asparagine,Di
A0A2S8GTJ2,asparagine,Mono
A0A2S8GTJ2,asparagine,Tri
A0A2S8GTJ2,cadaverine,Di
A0A2S8GTJ2,cadaverine,Mono
A0A2S8GTJ2,cadaverine,Tri
A0A2S8GTJ2,citrulline,Di
A0A2S8GTJ2,citrulline,Mono
A0A2S8GTJ2,citrulline,Tri
A0A2S8GTJ2,cystine,Di
A0A2S8GTJ2,cystine,Mono
A0A2S8GTJ2,cystine,Tri
A0A2S8GTJ2,dopamine,Di
A0A2S8GTJ2,dopamine,Mono
A0A2S8GTJ2,dopamine,Tri
A0A2S8GTJ2,gaba,Di
A0A2S8GTJ2,gaba,Mono
A0A2S8GTJ2,gaba,Tri
A0A2S8GTJ2,glutamine,Di
A0A2S8GTJ2,glutamine,Mono
A0A2S8GTJ2,glutamine,Tri
A0A2S8GTJ2,glyglycine,Di
A0A2S8GTJ2,glyglycine,Mono
A0A2S8GTJ2,glyglycine,Tri
A0A2S8GTJ2,histidine,Di
A0A2S8GTJ2,histidine,Mono
A0A2S8GTJ2,histidine,Tri
A0A2S8GTJ2,lysine,Di
A0A2S8GTJ2,lysine,Mono
A0A2S8GTJ2,lysine,Tri
A0A2S8GTJ2,methionine,Di
A0A2S8GTJ2,methionine,Mono
A0A2S8GTJ2,methionine,Tri
A0A2S8GTJ2,ornithine,Di
A0A2S8GTJ2,ornithine,Mono
A0A2S8GTJ2,ornithine,Tri
A0A2S8GTJ2,phenylalanine,Di
A0A2S8GTJ2,phenylalanine,Mono
A0A2S8GTJ2,phenylalanine,Tri
A0A2S8GTJ2,proline,Di
A0A2S8GTJ2,proline,Mono
A0A2S8GTJ2,proline,Tri
A0A2S8GTJ2,putrescine,Di
A0A2S8GTJ2,putrescine,Mono
A0A2S8GTJ2,putrescine,Tri
A0A2S8GTJ2,serine,Di
A0A2S8GTJ2,serine,Mono
A0A2S8GTJ2,serine,Tri
A0A2S8GTJ2,serotonin,Di
A0A2S8GTJ2,serotonin,Mono
A0A2S8GTJ2,serotonin,Tri
A0A2S8GTJ2,threonine,Di
A0A2S8GTJ2,threonine,Mono
A0A2S8GTJ2,threonine,Tri
A0A2S8GTJ2,tryptamine,Di
A0A2S8GTJ2,tryptamine,Mono
A0A2S8GTJ2,tryptamine,Tri
A0A2S8GTJ2,tyramine,Di
A0A2S8GTJ2,tyramine,Mono
A0A2S8GTJ2,tyramine,Tri
A0A2T3FKY8,"2,3_diaminopropionic acid",Di
A0A2T3FKY8,"2,3_diaminopropionic acid",Mono
A0A2T3FKY8,"2,3_diaminopropionic acid",Tri
A0A2T3FKY8,2_aminophenol,Di
A0A2T3FKY8,2_aminophenol,Mono
A0A2T3FKY8,2_aminophenol,Tri
A0A2T3FKY8,3_methoxytyramine,Di
A0A2T3FKY8,3_methoxytyramine,Mono
A0A2T3FKY8,3_methoxytyramine,Tri
A0A2T3FKY8,alanine,Di
A0A2T3FKY8,alanine,Mono
A0A2T3FKY8,alanine,Tri
A0A2T3FKY8,arginine,Di
A0A2T3FKY8,arginine,Mono
A0A2T3FKY8,arginine,Tri
A0A2T3FKY8,asparagine,Di
A0A2T3FKY8,asparagine,Mono
A0A2T3FKY8,asparagine,Tri
A0A2T3FKY8,cadaverine,Di
A0A2T3FKY8,cadaverine,Mono
A0A2T3FKY8,cadaverine,Tri
A0A2T3FKY8,citrulline,Di
A0A2T3FKY8,citrulline,Mono
A0A2T3FKY8,citrulline,Tri
A0A2T3FKY8,cystine,Di
A0A2T3FKY8,cystine,Mono
A0A2T3FKY8,cystine,Tri
A0A2T3FKY8,dopamine,Di
A0A2T3FKY8,dopamine,Mono
A0A2T3FKY8,dopamine,Tri
A0A2T3FKY8,gaba,Di
A0A2T3FKY8,gaba,Mono
A0A2T3FKY8,gaba,Tri
A0A2T3FKY8,glutamine,Di
A0A2T3FKY8,glutamine,Mono
A0A2T3FKY8,glutamine,Tri
A0A2T3FKY8,glyglycine,Di
A0A2T3FKY8,glyglycine,Mono
A0A2T3FKY8,glyglycine,Tri
A0A2T3FKY8,histidine,Di
A0A2T3FKY8,histidine,Mono
A0A2T3FKY8,histidine,Tri
A0A2T3FKY8,lysine,Di
A0A2T3FKY8,lysine,Mono
A0A2T3FKY8,lysine,Tri
A0A2T3FKY8,methionine,Di
A0A2T3FKY8,methionine,Mono
A0A2T3FKY8,methionine,Tri
A0A2T3FKY8,ornithine,Di
A0A2T3FKY8,ornithine,Mono
A0A2T3FKY8,ornithine,Tri
A0A2T3FKY8,phenylalanine,Di
A0A2T3FKY8,phenylalanine,Mono
A0A2T3FKY8,phenylalanine,Tri
A0A2T3FKY8,proline,Di
A0A2T3FKY8,proline,Mono
A0A2T3FKY8,proline,Tri
A0A2T3FKY8,putrescine,Di
A0A2T3FKY8,putrescine,Mono
A0A2T3FKY8,putrescine,Tri
A0A2T3FKY8,serine,Di
A0A2T3FKY8,serine,Mono
A0A2T3FKY8,serine,Tri
A0A2T3FKY8,serotonin,Di
A0A2T3FKY8,serotonin,Mono
A0A2T3FKY8,serotonin,Tri
A0A2T3FKY8,threonine,Di
A0A2T3FKY8,threonine,Mono
A0A2T3FKY8,threonine,Tri
A0A2T3FKY8,tryptamine,Di
A0A2T3FKY8,tryptamine,Mono
A0A2T3FKY8,tryptamine,Tri
A0A2T3FKY8,tyramine,Di
A0A2T3FKY8,tyramine,Mono
A0A2T3FKY8,tyramine,Tri
A0A2V1JL81,"2,3_diaminopropionic acid",Di
A0A2V1JL81,"2,3_diaminopropionic acid",Mono
A0A2V1JL81,"2,3_diaminopropionic acid",Tri
A0A2V1JL81,2_aminophenol,Di
A0A2V1JL81,2_aminophenol,Mono
A0A2V1JL81,2_aminophenol,Tri
A0A2V1JL81,3_methoxytyramine,Di
A0A2V1JL81,3_methoxytyramine,Mono
A0A2V1JL81,3_methoxytyramine,Tri
A0A2V1JL81,alanine,Di
A0A2V1JL81,alanine,Mono
A0A2V1JL81,alanine,Tri
A0A2V1JL81,arginine,Di
A0A2V1JL81,arginine,Mono
A0A2V1JL81,arginine,Tri
A0A2V1JL81,asparagine,Di
A0A2V1JL81,asparagine,Mono
A0A2V1JL81,asparagine,Tri
A0A2V1JL81,cadaverine,Di
A0A2V1JL81,cadaverine,Mono
A0A2V1JL81,cadaverine,Tri
A0A2V1JL81,citrulline,Di
A0A2V1JL81,citrulline,Mono
A0A2V1JL81,citrulline,Tri
A0A2V1JL81,cystine,Di
A0A2V1JL81,cystine,Mono
A0A2V1JL81,cystine,Tri
A0A2V1JL81,dopamine,Di
A0A2V1JL81,dopamine,Mono
A0A2V1JL81,dopamine,Tri
A0A2V1JL81,gaba,Di
A0A2V1JL81,gaba,Mono
A0A2V1JL81,gaba,Tri
A0A2V1JL81,glutamine,Di
A0A2V1JL81,glutamine,Mono
A0A2V1JL81,glutamine,Tri
A0A2V1JL81,glyglycine,Di
A0A2V1JL81,glyglycine,Mono
A0A2V1JL81,glyglycine,Tri
A0A2V1JL81,histidine,Di
A0A2V1JL81,histidine,Mono
A0A2V1JL81,histidine,Tri
A0A2V1JL81,lysine,Di
A0A2V1JL81,lysine,Mono
A0A2V1JL81,lysine,Tri
A0A2V1JL81,methionine,Di
A0A2V1JL81,methionine,Mono
A0A2V1JL81,methionine,Tri
A0A2V1JL81,ornithine,Di
A0A2V1JL81,ornithine,Mono
A0A2V1JL81,ornithine,Tri
A0A2V1JL81,phenylalanine,Di
A0A2V1JL81,phenylalanine,Mono
A0A2V1JL81,phenylalanine,Tri
A0A2V1JL81,proline,Di
A0A2V1JL81,proline,Mono
A0A2V1JL81,proline,Tri
A0A2V1JL81,putrescine,Di
A0A2V1JL81,putrescine,Mono
A0A2V1JL81,putrescine,Tri
A0A2V1JL81,serine,Di
A0A2V1JL81,serine,Mono
A0A2V1JL81,serine,Tri
A0A2V1JL81,serotonin,Di
A0A2V1JL81,serotonin,Mono
A0A2V1JL81,serotonin,Tri
A0A2V1JL81,threonine,Di
A0A2V1JL81,threonine,Mono
A0A2V1JL81,threonine,Tri
A0A2V1JL81,tryptamine,Di
A0A2V1JL81,tryptamine,Mono
A0A2V1JL81,tryptamine,Tri
A0A2V1JL81,tyramine,Di
A0A2V1JL81,tyramine,Mono
A0A2V1JL81,tyramine,Tri
A0A316LWP8,"2,3_diaminopropionic acid",Di
A0A316LWP8,"2,3_diaminopropionic acid",Mono
A0A316LWP8,"2,3_diaminopropionic acid",Tri
A0A316LWP8,2_aminophenol,Di
A0A316LWP8,2_aminophenol,Mono
A0A316LWP8,2_aminophenol,Tri
A0A316LWP8,3_methoxytyramine,Di
A0A316LWP8,3_methoxytyramine,Mono
A0A316LWP8,3_methoxytyramine,Tri
A0A316LWP8,alanine,Di
A0A316LWP8,alanine,Mono
A0A316LWP8,alanine,Tri
A0A316LWP8,arginine,Di
A0A316LWP8,arginine,Mono
A0A316LWP8,arginine,Tri
A0A316LWP8,asparagine,Di
A0A316LWP8,asparagine,Mono
A0A316LWP8,asparagine,Tri
A0A316LWP8,cadaverine,Di
A0A316LWP8,cadaverine,Mono
A0A316LWP8,cadaverine,Tri
A0A316LWP8,citrulline,Di
A0A316LWP8,citrulline,Mono
A0A316LWP8,citrulline,Tri
A0A316LWP8,cystine,Di
A0A316LWP8,cystine,Mono
A0A316LWP8,cystine,Tri
A0A316LWP8,dopamine,Di
A0A316LWP8,dopamine,Mono
A0A316LWP8,dopamine,Tri
A0A316LWP8,gaba,Di
A0A316LWP8,gaba,Mono
A0A316LWP8,gaba,Tri
A0A316LWP8,glutamine,Di
A0A316LWP8,glutamine,Mono
A0A316LWP8,glutamine,Tri
A0A316LWP8,glyglycine,Di
A0A316LWP8,glyglycine,Mono
A0A316LWP8,glyglycine,Tri
A0A316LWP8,histidine,Di
A0A316LWP8,histidine,Mono
A0A316LWP8,histidine,Tri
A0A316LWP8,lysine,Di
A0A316LWP8,lysine,Mono
A0A316LWP8,lysine,Tri
A0A316LWP8,methionine,Di
A0A316LWP8,methionine,Mono
A0A316LWP8,methionine,Tri
A0A316LWP8,ornithine,Di
A0A316LWP8,ornithine,Mono
A0A316LWP8,ornithine,Tri
A0A316LWP8,phenylalanine,Di
A0A316LWP8,phenylalanine,Mono
A0A316LWP8,phenylalanine,Tri
A0A316LWP8,proline,Di
A0A316LWP8,proline,Mono
A0A316LWP8,proline,Tri
A0A316LWP8,putrescine,Di
A0A316LWP8,putrescine,Mono
A0A316LWP8,putrescine,Tri
A0A316LWP8,serine,Di
A0A316LWP8,serine,Mono
A0A316LWP8,serine,Tri
A0A316LWP8,serotonin,Di
A0A316LWP8,serotonin,Mono
A0A316LWP8,serotonin,Tri
A0A316LWP8,threonine,Di
A0A316LWP8,threonine,Mono
A0A316LWP8,threonine,Tri
A0A316LWP8,tryptamine,Di
A0A316LWP8,tryptamine,Mono
A0A316LWP8,tryptamine,Tri
A0A316LWP8,tyramine,Di
A0A316LWP8,tyramine,Mono
A0A316LWP8,tyramine,Tri
A0A316Q414,"2,3_diaminopropionic acid",Di
A0A316Q414,"2,3_diaminopropionic acid",Mono
A0A316Q414,"2,3_diaminopropionic acid",Tri
A0A316Q414,2_aminophenol,Di
A0A316Q414,2_aminophenol,Mono
A0A316Q414,2_aminophenol,Tri
A0A316Q414,3_methoxytyramine,Di
A0A316Q414,3_methoxytyramine,Mono
A0A316Q414,3_methoxytyramine,Tri
A0A316Q414,alanine,Di
A0A316Q414,alanine,Mono
A0A316Q414,alanine,Tri
A0A316Q414,arginine,Di
A0A316Q414,arginine,Mono
A0A316Q414,arginine,Tri
A0A316Q414,asparagine,Di
A0A316Q414,asparagine,Mono
A0A316Q414,asparagine,Tri
A0A316Q414,cadaverine,Di
A0A316Q414,cadaverine,Mono
A0A316Q414,cadaverine,Tri
A0A316Q414,citrulline,Di
A0A316Q414,citrulline,Mono
A0A316Q414,citrulline,Tri
A0A316Q414,cystine,Di
A0A316Q414,cystine,Mono
A0A316Q414,cystine,Tri
A0A316Q414,dopamine,Di
A0A316Q414,dopamine,Mono
A0A316Q414,dopamine,Tri
A0A316Q414,gaba,Di
A0A316Q414,gaba,Mono
A0A316Q414,gaba,Tri
A0A316Q414,glutamine,Di
A0A316Q414,glutamine,Mono
A0A316Q414,glutamine,Tri
A0A316Q414,glyglycine,Di
A0A316Q414,glyglycine,Mono
A0A316Q414,glyglycine,Tri
A0A316Q414,histidine,Di
A0A316Q414,histidine,Mono
A0A316Q414,histidine,Tri
A0A316Q414,lysine,Di
A0A316Q414,lysine,Mono
A0A316Q414,lysine,Tri
A0A316Q414,methionine,Di
A0A316Q414,methionine,Mono
A0A316Q414,methionine,Tri
A0A316Q414,ornithine,Di
A0A316Q414,ornithine,Mono
A0A316Q414,ornithine,Tri
A0A316Q414,phenylalanine,Di
A0A316Q414,phenylalanine,Mono
A0A316Q414,phenylalanine,Tri
A0A316Q414,proline,Di
A0A316Q414,proline,Mono
A0A316Q414,proline,Tri
A0A316Q414,putrescine,Di
A0A316Q414,putrescine,Mono
A0A316Q414,putrescine,Tri
A0A316Q414,serine,Di
A0A316Q414,serine,Mono
A0A316Q414,serine,Tri
A0A316Q414,serotonin,Di
A0A316Q414,serotonin,Mono
A0A316Q414,serotonin,Tri
A0A316Q414,threonine,Di
A0A316Q414,threonine,Mono
A0A316Q414,threonine,Tri
A0A316Q414,tryptamine,Di
A0A316Q414,tryptamine,Mono
A0A316Q414,tryptamine,Tri
A0A316Q414,tyramine,Di
A0A316Q414,tyramine,Mono
A0A316Q414,tyramine,Tri
A0A317T5Z6,"2,3_diaminopropionic acid",Di
A0A317T5Z6,"2,3_diaminopropionic acid",Mono
A0A317T5Z6,"2,3_diaminopropionic acid",Tri
A0A317T5Z6,2_aminophenol,Di
A0A317T5Z6,2_aminophenol,Mono
A0A317T5Z6,2_aminophenol,Tri
A0A317T5Z6,3_methoxytyramine,Di
A0A317T5Z6,3_methoxytyramine,Mono
A0A317T5Z6,3_methoxytyramine,Tri
A0A317T5Z6,alanine,Di
A0A317T5Z6,alanine,Mono
A0A317T5Z6,alanine,Tri
A0A317T5Z6,arginine,Di
A0A317T5Z6,arginine,Mono
A0A317T5Z6,arginine,Tri
A0A317T5Z6,asparagine,Di
A0A317T5Z6,asparagine,Mono
A0A317T5Z6,asparagine,Tri
A0A317T5Z6,cadaverine,Di
A0A317T5Z6,cadaverine,Mono
A0A317T5Z6,cadaverine,Tri
A0A317T5Z6,citrulline,Di
A0A317T5Z6,citrulline,Mono
A0A317T5Z6,citrulline,Tri
A0A317T5Z6,cystine,Di
A0A317T5Z6,cystine,Mono
A0A317T5Z6,cystine,Tri
A0A317T5Z6,dopamine,Di
A0A317T5Z6,dopamine,Mono
A0A317T5Z6,dopamine,Tri
A0A317T5Z6,gaba,Di
A0A317T5Z6,gaba,Mono
A0A317T5Z6,gaba,Tri
A0A317T5Z6,glutamine,Di
A0A317T5Z6,glutamine,Mono
A0A317T5Z6,glutamine,Tri
A0A317T5Z6,glyglycine,Di
A0A317T5Z6,glyglycine,Mono
A0A317T5Z6,glyglycine,Tri
A0A317T5Z6,histidine,Di
A0A317T5Z6,histidine,Mono
A0A317T5Z6,histidine,Tri
A0A317T5Z6,lysine,Di
A0A317T5Z6,lysine,Mono
A0A317T5Z6,lysine,Tri
A0A317T5Z6,methionine,Di
A0A317T5Z6,methionine,Mono
A0A317T5Z6,methionine,Tri
A0A317T5Z6,ornithine,Di
A0A317T5Z6,ornithine,Mono
A0A317T5Z6,ornithine,Tri
A0A317T5Z6,phenylalanine,Di
A0A317T5Z6,phenylalanine,Mono
A0A317T5Z6,phenylalanine,Tri
A0A317T5Z6,proline,Di
A0A317T5Z6,proline,Mono
A0A317T5Z6,proline,Tri
A0A317T5Z6,putrescine,Di
A0A317T5Z6,putrescine,Mono
A0A317T5Z6,putrescine,Tri
A0A317T5Z6,serine,Di
A0A317T5Z6,serine,Mono
A0A317T5Z6,serine,Tri
A0A317T5Z6,serotonin,Di
A0A317T5Z6,serotonin,Mono
A0A317T5Z6,serotonin,Tri
A0A317T5Z6,threonine,Di
A0A317T5Z6,threonine,Mono
A0A317T5Z6,threonine,Tri
A0A317T5Z6,tryptamine,Di
A0A317T5Z6,tryptamine,Mono
A0A317T5Z6,tryptamine,Tri
A0A317T5Z6,tyramine,Di
A0A317T5Z6,tyramine,Mono
A0A317T5Z6,tyramine,Tri
A0A349QN89,"2,3_diaminopropionic acid",Di
A0A349QN89,"2,3_diaminopropionic acid",Mono
A0A349QN89,"2,3_diaminopropionic acid",Tri
A0A349QN89,2_aminophenol,Di
A0A349QN89,2_aminophenol,Mono
A0A349QN89,2_aminophenol,Tri
A0A349QN89,3_methoxytyramine,Di
A0A349QN89,3_methoxytyramine,Mono
A0A349QN89,3_methoxytyramine,Tri
A0A349QN89,alanine,Di
A0A349QN89,alanine,Mono
A0A349QN89,alanine,Tri
A0A349QN89,arginine,Di
A0A349QN89,arginine,Mono
A0A349QN89,arginine,Tri
A0A349QN89,asparagine,Di
A0A349QN89,asparagine,Mono
A0A349QN89,asparagine,Tri
A0A349QN89,cadaverine,Di
A0A349QN89,cadaverine,Mono
A0A349QN89,cadaverine,Tri
A0A349QN89,citrulline,Di
A0A349QN89,citrulline,Mono
A0A349QN89,citrulline,Tri
A0A349QN89,cystine,Di
A0A349QN89,cystine,Mono
A0A349QN89,cystine,Tri
A0A349QN89,dopamine,Di
A0A349QN89,dopamine,Mono
A0A349QN89,dopamine,Tri
A0A349QN89,gaba,Di
A0A349QN89,gaba,Mono
A0A349QN89,gaba,Tri
A0A349QN89,glutamine,Di
A0A349QN89,glutamine,Mono
A0A349QN89,glutamine,Tri
A0A349QN89,glyglycine,Di
A0A349QN89,glyglycine,Mono
A0A349QN89,glyglycine,Tri
A0A349QN89,histidine,Di
A0A349QN89,histidine,Mono
A0A349QN89,histidine,Tri
A0A349QN89,lysine,Di
A0A349QN89,lysine,Mono
A0A349QN89,lysine,Tri
A0A349QN89,methionine,Di
A0A349QN89,methionine,Mono
A0A349QN89,methionine,Tri
A0A349QN89,ornithine,Di
A0A349QN89,ornithine,Mono
A0A349QN89,ornithine,Tri
A0A349QN89,phenylalanine,Di
A0A349QN89,phenylalanine,Mono
A0A349QN89,phenylalanine,Tri
A0A349QN89,proline,Di
A0A349QN89,proline,Mono
A0A349QN89,proline,Tri
A0A349QN89,putrescine,Di
A0A349QN89,putrescine,Mono
A0A349QN89,putrescine,Tri
A0A349QN89,serine,Di
A0A349QN89,serine,Mono
A0A349QN89,serine,Tri
A0A349QN89,serotonin,Di
A0A349QN89,serotonin,Mono
A0A349QN89,serotonin,Tri
A0A349QN89,threonine,Di
A0A349QN89,threonine,Mono
A0A349QN89,threonine,Tri
A0A349QN89,tryptamine,Di
A0A349QN89,tryptamine,Mono
A0A349QN89,tryptamine,Tri
A0A349QN89,tyramine,Di
A0A349QN89,tyramine,Mono
A0A349QN89,tyramine,Tri
A0A350RPF7,"2,3_diaminopropionic acid",Di
A0A350RPF7,"2,3_diaminopropionic acid",Mono
A0A350RPF7,"2,3_diaminopropionic acid",Tri
A0A350RPF7,2_aminophenol,Di
A0A350RPF7,2_aminophenol,Mono
A0A350RPF7,2_aminophenol,Tri
A0A350RPF7,3_methoxytyramine,Di
A0A350RPF7,3_methoxytyramine,Mono
A0A350RPF7,3_methoxytyramine,Tri
A0A350RPF7,alanine,Di
A0A350RPF7,alanine,Mono
A0A350RPF7,alanine,Tri
A0A350RPF7,arginine,Di
A0A350RPF7,arginine,Mono
A0A350RPF7,arginine,Tri
A0A350RPF7,asparagine,Di
A0A350RPF7,asparagine,Mono
A0A350RPF7,asparagine,Tri
A0A350RPF7,cadaverine,Di
A0A350RPF7,cadaverine,Mono
A0A350RPF7,cadaverine,Tri
A0A350RPF7,citrulline,Di
A0A350RPF7,citrulline,Mono
A0A350RPF7,citrulline,Tri
A0A350RPF7,cystine,Di
A0A350RPF7,cystine,Mono
A0A350RPF7,cystine,Tri
A0A350RPF7,dopamine,Di
A0A350RPF7,dopamine,Mono
A0A350RPF7,dopamine,Tri
A0A350RPF7,gaba,Di
A0A350RPF7,gaba,Mono
A0A350RPF7,gaba,Tri
A0A350RPF7,glutamine,Di
A0A350RPF7,glutamine,Mono
A0A350RPF7,glutamine,Tri
A0A350RPF7,glyglycine,Di
A0A350RPF7,glyglycine,Mono
A0A350RPF7,glyglycine,Tri
A0A350RPF7,histidine,Di
A0A350RPF7,histidine,Mono
A0A350RPF7,histidine,Tri
A0A350RPF7,lysine,Di
A0A350RPF7,lysine,Mono
A0A350RPF7,lysine,Tri
A0A350RPF7,methionine,Di
A0A350RPF7,methionine,Mono
A0A350RPF7,methionine,Tri
A0A350RPF7,ornithine,Di
A0A350RPF7,ornithine,Mono
A0A350RPF7,ornithine,Tri
A0A350RPF7,phenylalanine,Di
A0A350RPF7,phenylalanine,Mono
A0A350RPF7,phenylalanine,Tri
A0A350RPF7,proline,Di
A0A350RPF7,proline,Mono
A0A350RPF7,proline,Tri
A0A350RPF7,putrescine,Di
A0A350RPF7,putrescine,Mono
A0A350RPF7,putrescine,Tri
A0A350RPF7,serine,Di
A0A350RPF7,serine,Mono
A0A350RPF7,serine,Tri
A0A350RPF7,serotonin,Di
A0A350RPF7,serotonin,Mono
A0A350RPF7,serotonin,Tri
A0A350RPF7,threonine,Di
A0A350RPF7,threonine,Mono
A0A350RPF7,threonine,Tri
A0A350RPF7,tryptamine,Di
A0A350RPF7,tryptamine,Mono
A0A350RPF7,tryptamine,Tri
A0A350RPF7,tyramine,Di
A0A350RPF7,tyramine,Mono
A0A350RPF7,tyramine,Tri
A0A357TLK7,"2,3_diaminopropionic acid",Di
A0A357TLK7,"2,3_diaminopropionic acid",Mono
A0A357TLK7,"2,3_diaminopropionic acid",Tri
A0A357TLK7,2_aminophenol,Di
A0A357TLK7,2_aminophenol,Mono
A0A357TLK7,2_aminophenol,Tri
A0A357TLK7,3_methoxytyramine,Di
A0A357TLK7,3_methoxytyramine,Mono
A0A357TLK7,3_methoxytyramine,Tri
A0A357TLK7,alanine,Di
A0A357TLK7,alanine,Mono
A0A357TLK7,alanine,Tri
A0A357TLK7,arginine,Di
A0A357TLK7,arginine,Mono
A0A357TLK7,arginine,Tri
A0A357TLK7,asparagine,Di
A0A357TLK7,asparagine,Mono
A0A357TLK7,asparagine,Tri
A0A357TLK7,cadaverine,Di
A0A357TLK7,cadaverine,Mono
A0A357TLK7,cadaverine,Tri
A0A357TLK7,citrulline,Di
A0A357TLK7,citrulline,Mono
A0A357TLK7,citrulline,Tri
A0A357TLK7,cystine,Di
A0A357TLK7,cystine,Mono
A0A357TLK7,cystine,Tri
A0A357TLK7,dopamine,Di
A0A357TLK7,dopamine,Mono
A0A357TLK7,dopamine,Tri
A0A357TLK7,gaba,Di
A0A357TLK7,gaba,Mono
A0A357TLK7,gaba,Tri
A0A357TLK7,glutamine,Di
A0A357TLK7,glutamine,Mono
A0A357TLK7,glutamine,Tri
A0A357TLK7,glyglycine,Di
A0A357TLK7,glyglycine,Mono
A0A357TLK7,glyglycine,Tri
A0A357TLK7,histidine,Di
A0A357TLK7,histidine,Mono
A0A357TLK7,histidine,Tri
A0A357TLK7,lysine,Di
A0A357TLK7,lysine,Mono
A0A357TLK7,lysine,Tri
A0A357TLK7,methionine,Di
A0A357TLK7,methionine,Mono
A0A357TLK7,methionine,Tri
A0A357TLK7,ornithine,Di
A0A357TLK7,ornithine,Mono
A0A357TLK7,ornithine,Tri
A0A357TLK7,phenylalanine,Di
A0A357TLK7,phenylalanine,Mono
A0A357TLK7,phenylalanine,Tri
A0A357TLK7,proline,Di
A0A357TLK7,proline,Mono
A0A357TLK7,proline,Tri
A0A357TLK7,putrescine,Di
A0A357TLK7,putrescine,Mono
A0A357TLK7,putrescine,Tri
A0A357TLK7,serine,Di
A0A357TLK7,serine,Mono
A0A357TLK7,serine,Tri
A0A357TLK7,serotonin,Di
A0A357TLK7,serotonin,Mono
A0A357TLK7,serotonin,Tri
A0A357TLK7,threonine,Di
A0A357TLK7,threonine,Mono
A0A357TLK7,threonine,Tri
A0A357TLK7,tryptamine,Di
A0A357TLK7,tryptamine,Mono
A0A357TLK7,tryptamine,Tri
A0A357TLK7,tyramine,Di
A0A357TLK7,tyramine,Mono
A0A357TLK7,tyramine,Tri
A0A357TN00,"2,3_diaminopropionic acid",Di
A0A357TN00,"2,3_diaminopropionic acid",Mono
A0A357TN00,"2,3_diaminopropionic acid",Tri
A0A357TN00,2_aminophenol,Di
A0A357TN00,2_aminophenol,Mono
A0A357TN00,2_aminophenol,Tri
A0A357TN00,3_methoxytyramine,Di
A0A357TN00,3_methoxytyramine,Mono
A0A357TN00,3_methoxytyramine,Tri
A0A357TN00,alanine,Di
A0A357TN00,alanine,Mono
A0A357TN00,alanine,Tri
A0A357TN00,arginine,Di
A0A357TN00,arginine,Mono
A0A357TN00,arginine,Tri
A0A357TN00,asparagine,Di
A0A357TN00,asparagine,Mono
A0A357TN00,asparagine,Tri
A0A357TN00,cadaverine,Di
A0A357TN00,cadaverine,Mono
A0A357TN00,cadaverine,Tri
A0A357TN00,citrulline,Di
A0A357TN00,citrulline,Mono
A0A357TN00,citrulline,Tri
A0A357TN00,cystine,Di
A0A357TN00,cystine,Mono
A0A357TN00,cystine,Tri
A0A357TN00,dopamine,Di
A0A357TN00,dopamine,Mono
A0A357TN00,dopamine,Tri
A0A357TN00,gaba,Di
A0A357TN00,gaba,Mono
A0A357TN00,gaba,Tri
A0A357TN00,glutamine,Di
A0A357TN00,glutamine,Mono
A0A357TN00,glutamine,Tri
A0A357TN00,glyglycine,Di
A0A357TN00,glyglycine,Mono
A0A357TN00,glyglycine,Tri
A0A357TN00,histidine,Di
A0A357TN00,histidine,Mono
A0A357TN00,histidine,Tri
A0A357TN00,lysine,Di
A0A357TN00,lysine,Mono
A0A357TN00,lysine,Tri
A0A357TN00,methionine,Di
A0A357TN00,methionine,Mono
A0A357TN00,methionine,Tri
A0A357TN00,ornithine,Di
A0A357TN00,ornithine,Mono
A0A357TN00,ornithine,Tri
A0A357TN00,phenylalanine,Di
A0A357TN00,phenylalanine,Mono
A0A357TN00,phenylalanine,Tri
A0A357TN00,proline,Di
A0A357TN00,proline,Mono
A0A357TN00,proline,Tri
A0A357TN00,putrescine,Di
A0A357TN00,putrescine,Mono
A0A357TN00,putrescine,Tri
A0A357TN00,serine,Di
A0A357TN00,serine,Mono
A0A357TN00,serine,Tri
A0A357TN00,serotonin,Di
A0A357TN00,serotonin,Mono
A0A357TN00,serotonin,Tri
A0A357TN00,threonine,Di
A0A357TN00,threonine,Mono
A0A357TN00,threonine,Tri
A0A357TN00,tryptamine,Di
A0A357TN00,tryptamine,Mono
A0A357TN00,tryptamine,Tri
A0A357TN00,tyramine,Di
A0A357TN00,tyramine,Mono
A0A357TN00,tyramine,Tri
A0A358VEZ8,"2,3_diaminopropionic acid",Di
A0A358VEZ8,"2,3_diaminopropionic acid",Mono
A0A358VEZ8,"2,3_diaminopropionic acid",Tri
A0A358VEZ8,2_aminophenol,Di
A0A358VEZ8,2_aminophenol,Mono
A0A358VEZ8,2_aminophenol,Tri
A0A358VEZ8,3_methoxytyramine,Di
A0A358VEZ8,3_methoxytyramine,Mono
A0A358VEZ8,3_methoxytyramine,Tri
A0A358VEZ8,alanine,Di
A0A358VEZ8,alanine,Mono
A0A358VEZ8,alanine,Tri
A0A358VEZ8,arginine,Di
A0A358VEZ8,arginine,Mono
A0A358VEZ8,arginine,Tri
A0A358VEZ8,asparagine,Di
A0A358VEZ8,asparagine,Mono
A0A358VEZ8,asparagine,Tri
A0A358VEZ8,cadaverine,Di
A0A358VEZ8,cadaverine,Mono
A0A358VEZ8,cadaverine,Tri
A0A358VEZ8,citrulline,Di
A0A358VEZ8,citrulline,Mono
A0A358VEZ8,citrulline,Tri
A0A358VEZ8,cystine,Di
A0A358VEZ8,cystine,Mono
A0A358VEZ8,cystine,Tri
A0A358VEZ8,dopamine,Di
A0A358VEZ8,dopamine,Mono
A0A358VEZ8,dopamine,Tri
A0A358VEZ8,gaba,Di
A0A358VEZ8,gaba,Mono
A0A358VEZ8,gaba,Tri
A0A358VEZ8,glutamine,Di
A0A358VEZ8,glutamine,Mono
A0A358VEZ8,glutamine,Tri
A0A358VEZ8,glyglycine,Di
A0A358VEZ8,glyglycine,Mono
A0A358VEZ8,glyglycine,Tri
A0A358VEZ8,histidine,Di
A0A358VEZ8,histidine,Mono
A0A358VEZ8,histidine,Tri
A0A358VEZ8,lysine,Di
A0A358VEZ8,lysine,Mono
A0A358VEZ8,lysine,Tri
A0A358VEZ8,methionine,Di
A0A358VEZ8,methionine,Mono
A0A358VEZ8,methionine,Tri
A0A358VEZ8,ornithine,Di
A0A358VEZ8,ornithine,Mono
A0A358VEZ8,ornithine,Tri
A0A358VEZ8,phenylalanine,Di
A0A358VEZ8,phenylalanine,Mono
A0A358VEZ8,phenylalanine,Tri
A0A358VEZ8,proline,Di
A0A358VEZ8,proline,Mono
A0A358VEZ8,proline,Tri
A0A358VEZ8,putrescine,Di
A0A358VEZ8,putrescine,Mono
A0A358VEZ8,putrescine,Tri
A0A358VEZ8,serine,Di
A0A358VEZ8,serine,Mono
A0A358VEZ8,serine,Tri
A0A358VEZ8,serotonin,Di
A0A358VEZ8,serotonin,Mono
A0A358VEZ8,serotonin,Tri
A0A358VEZ8,threonine,Di
A0A358VEZ8,threonine,Mono
A0A358VEZ8,threonine,Tri
A0A358VEZ8,tryptamine,Di
A0A358VEZ8,tryptamine,Mono
A0A358VEZ8,tryptamine,Tri
A0A358VEZ8,tyramine,Di
A0A358VEZ8,tyramine,Mono
A0A358VEZ8,tyramine,Tri
A0A395V718,"2,3_diaminopropionic acid",Di
A0A395V718,"2,3_diaminopropionic acid",Mono
A0A395V718,"2,3_diaminopropionic acid",Tri
A0A395V718,2_aminophenol,Di
A0A395V718,2_aminophenol,Mono
A0A395V718,2_aminophenol,Tri
A0A395V718,3_methoxytyramine,Di
A0A395V718,3_methoxytyramine,Mono
A0A395V718,3_methoxytyramine,Tri
A0A395V718,alanine,Di
A0A395V718,alanine,Mono
A0A395V718,alanine,Tri
A0A395V718,arginine,Di
A0A395V718,arginine,Mono
A0A395V718,arginine,Tri
A0A395V718,asparagine,Di
A0A395V718,asparagine,Mono
A0A395V718,asparagine,Tri
A0A395V718,cadaverine,Di
A0A395V718,cadaverine,Mono
A0A395V718,cadaverine,Tri
A0A395V718,citrulline,Di
A0A395V718,citrulline,Mono
A0A395V718,citrulline,Tri
A0A395V718,cystine,Di
A0A395V718,cystine,Mono
A0A395V718,cystine,Tri
A0A395V718,dopamine,Di
A0A395V718,dopamine,Mono
A0A395V718,dopamine,Tri
A0A395V718,gaba,Di
A0A395V718,gaba,Mono
A0A395V718,gaba,Tri
A0A395V718,glutamine,Di
A0A395V718,glutamine,Mono
A0A395V718,glutamine,Tri
A0A395V718,glyglycine,Di
A0A395V718,glyglycine,Mono
A0A395V718,glyglycine,Tri
A0A395V718,histidine,Di
A0A395V718,histidine,Mono
A0A395V718,histidine,Tri
A0A395V718,lysine,Di
A0A395V718,lysine,Mono
A0A395V718,lysine,Tri
A0A395V718,methionine,Di
A0A395V718,methionine,Mono
A0A395V718,methionine,Tri
A0A395V718,ornithine,Di
A0A395V718,ornithine,Mono
A0A395V718,ornithine,Tri
A0A395V718,phenylalanine,Di
A0A395V718,phenylalanine,Mono
A0A395V718,phenylalanine,Tri
A0A395V718,proline,Di
A0A395V718,proline,Mono
A0A395V718,proline,Tri
A0A395V718,putrescine,Di
A0A395V718,putrescine,Mono
A0A395V718,putrescine,Tri
A0A395V718,serine,Di
A0A395V718,serine,Mono
A0A395V718,serine,Tri
A0A395V718,serotonin,Di
A0A395V718,serotonin,Mono
A0A395V718,serotonin,Tri
A0A395V718,threonine,Di
A0A395V718,threonine,Mono
A0A395V718,threonine,Tri
A0A395V718,tryptamine,Di
A0A395V718,tryptamine,Mono
A0A395V718,tryptamine,Tri
A0A395V718,tyramine,Di
A0A395V718,tyramine,Mono
A0A395V718,tyramine,Tri
A0A395WCM1,"2,3_diaminopropionic acid",Di
A0A395WCM1,"2,3_diaminopropionic acid",Mono
A0A395WCM1,"2,3_diaminopropionic acid",Tri
A0A395WCM1,2_aminophenol,Di
A0A395WCM1,2_aminophenol,Mono
A0A395WCM1,2_aminophenol,Tri
A0A395WCM1,3_methoxytyramine,Di
A0A395WCM1,3_methoxytyramine,Mono
A0A395WCM1,3_methoxytyramine,Tri
A0A395WCM1,alanine,Di
A0A395WCM1,alanine,Mono
A0A395WCM1,alanine,Tri
A0A395WCM1,arginine,Di
A0A395WCM1,arginine,Mono
A0A395WCM1,arginine,Tri
A0A395WCM1,asparagine,Di
A0A395WCM1,asparagine,Mono
A0A395WCM1,asparagine,Tri
A0A395WCM1,cadaverine,Di
A0A395WCM1,cadaverine,Mono
A0A395WCM1,cadaverine,Tri
A0A395WCM1,citrulline,Di
A0A395WCM1,citrulline,Mono
A0A395WCM1,citrulline,Tri
A0A395WCM1,cystine,Di
A0A395WCM1,cystine,Mono
A0A395WCM1,cystine,Tri
A0A395WCM1,dopamine,Di
A0A395WCM1,dopamine,Mono
A0A395WCM1,dopamine,Tri
A0A395WCM1,gaba,Di
A0A395WCM1,gaba,Mono
A0A395WCM1,gaba,Tri
A0A395WCM1,glutamine,Di
A0A395WCM1,glutamine,Mono
A0A395WCM1,glutamine,Tri
A0A395WCM1,glyglycine,Di
A0A395WCM1,glyglycine,Mono
A0A395WCM1,glyglycine,Tri
A0A395WCM1,histidine,Di
A0A395WCM1,histidine,Mono
A0A395WCM1,histidine,Tri
A0A395WCM1,lysine,Di
A0A395WCM1,lysine,Mono
A0A395WCM1,lysine,Tri
A0A395WCM1,methionine,Di
A0A395WCM1,methionine,Mono
A0A395WCM1,methionine,Tri
A0A395WCM1,ornithine,Di
A0A395WCM1,ornithine,Mono
A0A395WCM1,ornithine,Tri
A0A395WCM1,phenylalanine,Di
A0A395WCM1,phenylalanine,Mono
A0A395WCM1,phenylalanine,Tri
A0A395WCM1,proline,Di
A0A395WCM1,proline,Mono
A0A395WCM1,proline,Tri
A0A395WCM1,putrescine,Di
A0A395WCM1,putrescine,Mono
A0A395WCM1,putrescine,Tri
A0A395WCM1,serine,Di
A0A395WCM1,serine,Mono
A0A395WCM1,serine,Tri
A0A395WCM1,serotonin,Di
A0A395WCM1,serotonin,Mono
A0A395WCM1,serotonin,Tri
A0A395WCM1,threonine,Di
A0A395WCM1,threonine,Mono
A0A395WCM1,threonine,Tri
A0A395WCM1,tryptamine,Di
A0A395WCM1,tryptamine,Mono
A0A395WCM1,tryptamine,Tri
A0A395WCM1,tyramine,Di
A0A395WCM1,tyramine,Mono
A0A395WCM1,tyramine,Tri
A0A396KEZ6,"2,3_diaminopropionic acid",Di
A0A396KEZ6,"2,3_diaminopropionic acid",Mono
A0A396KEZ6,"2,3_diaminopropionic acid",Tri
A0A396KEZ6,2_aminophenol,Di
A0A396KEZ6,2_aminophenol,Mono
A0A396KEZ6,2_aminophenol,Tri
A0A396KEZ6,3_methoxytyramine,Di
A0A396KEZ6,3_methoxytyramine,Mono
A0A396KEZ6,3_methoxytyramine,Tri
A0A396KEZ6,alanine,Di
A0A396KEZ6,alanine,Mono
A0A396KEZ6,alanine,Tri
A0A396KEZ6,arginine,Di
A0A396KEZ6,arginine,Mono
A0A396KEZ6,arginine,Tri
A0A396KEZ6,asparagine,Di
A0A396KEZ6,asparagine,Mono
A0A396KEZ6,asparagine,Tri
A0A396KEZ6,cadaverine,Di
A0A396KEZ6,cadaverine,Mono
A0A396KEZ6,cadaverine,Tri
A0A396KEZ6,citrulline,Di
A0A396KEZ6,citrulline,Mono
A0A396KEZ6,citrulline,Tri
A0A396KEZ6,cystine,Di
A0A396KEZ6,cystine,Mono
A0A396KEZ6,cystine,Tri
A0A396KEZ6,dopamine,Di
A0A396KEZ6,dopamine,Mono
A0A396KEZ6,dopamine,Tri
A0A396KEZ6,gaba,Di
A0A396KEZ6,gaba,Mono
A0A396KEZ6,gaba,Tri
A0A396KEZ6,glutamine,Di
A0A396KEZ6,glutamine,Mono
A0A396KEZ6,glutamine,Tri
A0A396KEZ6,glyglycine,Di
A0A396KEZ6,glyglycine,Mono
A0A396KEZ6,glyglycine,Tri
A0A396KEZ6,histidine,Di
A0A396KEZ6,histidine,Mono
A0A396KEZ6,histidine,Tri
A0A396KEZ6,lysine,Di
A0A396KEZ6,lysine,Mono
A0A396KEZ6,lysine,Tri
A0A396KEZ6,methionine,Di
A0A396KEZ6,methionine,Mono
A0A396KEZ6,methionine,Tri
A0A396KEZ6,ornithine,Di
A0A396KEZ6,ornithine,Mono
A0A396KEZ6,ornithine,Tri
A0A396KEZ6,phenylalanine,Di
A0A396KEZ6,phenylalanine,Mono
A0A396KEZ6,phenylalanine,Tri
A0A396KEZ6,proline,Di
A0A396KEZ6,proline,Mono
A0A396KEZ6,proline,Tri
A0A396KEZ6,putrescine,Di
A0A396KEZ6,putrescine,Mono
A0A396KEZ6,putrescine,Tri
A0A396KEZ6,serine,Di
A0A396KEZ6,serine,Mono
A0A396KEZ6,serine,Tri
A0A396KEZ6,serotonin,Di
A0A396KEZ6,serotonin,Mono
A0A396KEZ6,serotonin,Tri
A0A396KEZ6,threonine,Di
A0A396KEZ6,threonine,Mono
A0A396KEZ6,threonine,Tri
A0A396KEZ6,tryptamine,Di
A0A396KEZ6,tryptamine,Mono
A0A396KEZ6,tryptamine,Tri
A0A396KEZ6,tyramine,Di
A0A396KEZ6,tyramine,Mono
A0A396KEZ6,tyramine,Tri
A0A3D3YKZ5,"2,3_diaminopropionic acid",Di
A0A3D3YKZ5,"2,3_diaminopropionic acid",Mono
A0A3D3YKZ5,"2,3_diaminopropionic acid",Tri
A0A3D3YKZ5,2_aminophenol,Di
A0A3D3YKZ5,2_aminophenol,Mono
A0A3D3YKZ5,2_aminophenol,Tri
A0A3D3YKZ5,3_methoxytyramine,Di
A0A3D3YKZ5,3_methoxytyramine,Mono
A0A3D3YKZ5,3_methoxytyramine,Tri
A0A3D3YKZ5,alanine,Di
A0A3D3YKZ5,alanine,Mono
A0A3D3YKZ5,alanine,Tri
A0A3D3YKZ5,arginine,Di
A0A3D3YKZ5,arginine,Mono
A0A3D3YKZ5,arginine,Tri
A0A3D3YKZ5,asparagine,Di
A0A3D3YKZ5,asparagine,Mono
A0A3D3YKZ5,asparagine,Tri
A0A3D3YKZ5,cadaverine,Di
A0A3D3YKZ5,cadaverine,Mono
A0A3D3YKZ5,cadaverine,Tri
A0A3D3YKZ5,citrulline,Di
A0A3D3YKZ5,citrulline,Mono
A0A3D3YKZ5,citrulline,Tri
A0A3D3YKZ5,cystine,Di
A0A3D3YKZ5,cystine,Mono
A0A3D3YKZ5,cystine,Tri
A0A3D3YKZ5,dopamine,Di
A0A3D3YKZ5,dopamine,Mono
A0A3D3YKZ5,dopamine,Tri
A0A3D3YKZ5,gaba,Di
A0A3D3YKZ5,gaba,Mono
A0A3D3YKZ5,gaba,Tri
A0A3D3YKZ5,glutamine,Di
A0A3D3YKZ5,glutamine,Mono
A0A3D3YKZ5,glutamine,Tri
A0A3D3YKZ5,glyglycine,Di
A0A3D3YKZ5,glyglycine,Mono
A0A3D3YKZ5,glyglycine,Tri
A0A3D3YKZ5,histidine,Di
A0A3D3YKZ5,histidine,Mono
A0A3D3YKZ5,histidine,Tri
A0A3D3YKZ5,lysine,Di
A0A3D3YKZ5,lysine,Mono
A0A3D3YKZ5,lysine,Tri
A0A3D3YKZ5,methionine,Di
A0A3D3YKZ5,methionine,Mono
A0A3D3YKZ5,methionine,Tri
A0A3D3YKZ5,ornithine,Di
A0A3D3YKZ5,ornithine,Mono
A0A3D3YKZ5,ornithine,Tri
A0A3D3YKZ5,phenylalanine,Di
A0A3D3YKZ5,phenylalanine,Mono
A0A3D3YKZ5,phenylalanine,Tri
A0A3D3YKZ5,proline,Di
A0A3D3YKZ5,proline,Mono
A0A3D3YKZ5,proline,Tri
A0A3D3YKZ5,putrescine,Di
A0A3D3YKZ5,putrescine,Mono
A0A3D3YKZ5,putrescine,Tri
A0A3D3YKZ5,serine,Di
A0A3D3YKZ5,serine,Mono
A0A3D3YKZ5,serine,Tri
A0A3D3YKZ5,serotonin,Di
A0A3D3YKZ5,serotonin,Mono
A0A3D3YKZ5,serotonin,Tri
A0A3D3YKZ5,threonine,Di
A0A3D3YKZ5,threonine,Mono
A0A3D3YKZ5,threonine,Tri
A0A3D3YKZ5,tryptamine,Di
A0A3D3YKZ5,tryptamine,Mono
A0A3D3YKZ5,tryptamine,Tri
A0A3D3YKZ5,tyramine,Di
A0A3D3YKZ5,tyramine,Mono
A0A3D3YKZ5,tyramine,Tri
A0A3D4LSP0,"2,3_diaminopropionic acid",Di
A0A3D4LSP0,"2,3_diaminopropionic acid",Mono
A0A3D4LSP0,"2,3_diaminopropionic acid",Tri
A0A3D4LSP0,2_aminophenol,Di
A0A3D4LSP0,2_aminophenol,Mono
A0A3D4LSP0,2_aminophenol,Tri
A0A3D4LSP0,3_methoxytyramine,Di
A0A3D4LSP0,3_methoxytyramine,Mono
A0A3D4LSP0,3_methoxytyramine,Tri
A0A3D4LSP0,alanine,Di
A0A3D4LSP0,alanine,Mono
A0A3D4LSP0,alanine,Tri
A0A3D4LSP0,arginine,Di
A0A3D4LSP0,arginine,Mono
A0A3D4LSP0,arginine,Tri
A0A3D4LSP0,asparagine,Di
A0A3D4LSP0,asparagine,Mono
A0A3D4LSP0,asparagine,Tri
A0A3D4LSP0,cadaverine,Di
A0A3D4LSP0,cadaverine,Mono
A0A3D4LSP0,cadaverine,Tri
A0A3D4LSP0,citrulline,Di
A0A3D4LSP0,citrulline,Mono
A0A3D4LSP0,citrulline,Tri
A0A3D4LSP0,cystine,Di
A0A3D4LSP0,cystine,Mono
A0A3D4LSP0,cystine,Tri
A0A3D4LSP0,dopamine,Di
A0A3D4LSP0,dopamine,Mono
A0A3D4LSP0,dopamine,Tri
A0A3D4LSP0,gaba,Di
A0A3D4LSP0,gaba,Mono
A0A3D4LSP0,gaba,Tri
A0A3D4LSP0,glutamine,Di
A0A3D4LSP0,glutamine,Mono
A0A3D4LSP0,glutamine,Tri
A0A3D4LSP0,glyglycine,Di
A0A3D4LSP0,glyglycine,Mono
A0A3D4LSP0,glyglycine,Tri
A0A3D4LSP0,histidine,Di
A0A3D4LSP0,histidine,Mono
A0A3D4LSP0,histidine,Tri
A0A3D4LSP0,lysine,Di
A0A3D4LSP0,lysine,Mono
A0A3D4LSP0,lysine,Tri
A0A3D4LSP0,methionine,Di
A0A3D4LSP0,methionine,Mono
A0A3D4LSP0,methionine,Tri
A0A3D4LSP0,ornithine,Di
A0A3D4LSP0,ornithine,Mono
A0A3D4LSP0,ornithine,Tri
A0A3D4LSP0,phenylalanine,Di
A0A3D4LSP0,phenylalanine,Mono
A0A3D4LSP0,phenylalanine,Tri
A0A3D4LSP0,proline,Di
A0A3D4LSP0,proline,Mono
A0A3D4LSP0,proline,Tri
A0A3D4LSP0,putrescine,Di
A0A3D4LSP0,putrescine,Mono
A0A3D4LSP0,putrescine,Tri
A0A3D4LSP0,serine,Di
A0A3D4LSP0,serine,Mono
A0A3D4LSP0,serine,Tri
A0A3D4LSP0,serotonin,Di
A0A3D4LSP0,serotonin,Mono
A0A3D4LSP0,serotonin,Tri
A0A3D4LSP0,threonine,Di
A0A3D4LSP0,threonine,Mono
A0A3D4LSP0,threonine,Tri
A0A3D4LSP0,tryptamine,Di
A0A3D4LSP0,tryptamine,Mono
A0A3D4LSP0,tryptamine,Tri
A0A3D4LSP0,tyramine,Di
A0A3D4LSP0,tyramine,Mono
A0A3D4LSP0,tyramine,Tri
A0A3E2XR62,"2,3_diaminopropionic acid",Di
A0A3E2XR62,"2,3_diaminopropionic acid",Mono
A0A3E2XR62,"2,3_diaminopropionic acid",Tri
A0A3E2XR62,2_aminophenol,Di
A0A3E2XR62,2_aminophenol,Mono
A0A3E2XR62,2_aminophenol,Tri
A0A3E2XR62,3_methoxytyramine,Di
A0A3E2XR62,3_methoxytyramine,Mono
A0A3E2XR62,3_methoxytyramine,Tri
A0A3E2XR62,alanine,Di
A0A3E2XR62,alanine,Mono
A0A3E2XR62,alanine,Tri
A0A3E2XR62,arginine,Di
A0A3E2XR62,arginine,Mono
A0A3E2XR62,arginine,Tri
A0A3E2XR62,asparagine,Di
A0A3E2XR62,asparagine,Mono
A0A3E2XR62,asparagine,Tri
A0A3E2XR62,cadaverine,Di
A0A3E2XR62,cadaverine,Mono
A0A3E2XR62,cadaverine,Tri
A0A3E2XR62,citrulline,Di
A0A3E2XR62,citrulline,Mono
A0A3E2XR62,citrulline,Tri
A0A3E2XR62,cystine,Di
A0A3E2XR62,cystine,Mono
A0A3E2XR62,cystine,Tri
A0A3E2XR62,dopamine,Di
A0A3E2XR62,dopamine,Mono
A0A3E2XR62,dopamine,Tri
A0A3E2XR62,gaba,Di
A0A3E2XR62,gaba,Mono
A0A3E2XR62,gaba,Tri
A0A3E2XR62,glutamine,Di
A0A3E2XR62,glutamine,Mono
A0A3E2XR62,glutamine,Tri
A0A3E2XR62,glyglycine,Di
A0A3E2XR62,glyglycine,Mono
A0A3E2XR62,glyglycine,Tri
A0A3E2XR62,histidine,Di
A0A3E2XR62,histidine,Mono
A0A3E2XR62,histidine,Tri
A0A3E2XR62,lysine,Di
A0A3E2XR62,lysine,Mono
A0A3E2XR62,lysine,Tri
A0A3E2XR62,methionine,Di
A0A3E2XR62,methionine,Mono
A0A3E2XR62,methionine,Tri
A0A3E2XR62,ornithine,Di
A0A3E2XR62,ornithine,Mono
A0A3E2XR62,ornithine,Tri
A0A3E2XR62,phenylalanine,Di
A0A3E2XR62,phenylalanine,Mono
A0A3E2XR62,phenylalanine,Tri
A0A3E2XR62,proline,Di
A0A3E2XR62,proline,Mono
A0A3E2XR62,proline,Tri
A0A3E2XR62,putrescine,Di
A0A3E2XR62,putrescine,Mono
A0A3E2XR62,putrescine,Tri
A0A3E2XR62,serine,Di
A0A3E2XR62,serine,Mono
A0A3E2XR62,serine,Tri
A0A3E2XR62,serotonin,Di
A0A3E2XR62,serotonin,Mono
A0A3E2XR62,serotonin,Tri
A0A3E2XR62,threonine,Di
A0A3E2XR62,threonine,Mono
A0A3E2XR62,threonine,Tri
A0A3E2XR62,tryptamine,Di
A0A3E2XR62,tryptamine,Mono
A0A3E2XR62,tryptamine,Tri
A0A3E2XR62,tyramine,Di
A0A3E2XR62,tyramine,Mono
A0A3E2XR62,tyramine,Tri
A0A3E4KT54,"2,3_diaminopropionic acid",Di
A0A3E4KT54,"2,3_diaminopropionic acid",Mono
A0A3E4KT54,"2,3_diaminopropionic acid",Tri
A0A3E4KT54,2_aminophenol,Di
A0A3E4KT54,2_aminophenol,Mono
A0A3E4KT54,2_aminophenol,Tri
A0A3E4KT54,3_methoxytyramine,Di
A0A3E4KT54,3_methoxytyramine,Mono
A0A3E4KT54,3_methoxytyramine,Tri
A0A3E4KT54,alanine,Di
A0A3E4KT54,alanine,Mono
A0A3E4KT54,alanine,Tri
A0A3E4KT54,arginine,Di
A0A3E4KT54,arginine,Mono
A0A3E4KT54,arginine,Tri
A0A3E4KT54,asparagine,Di
A0A3E4KT54,asparagine,Mono
A0A3E4KT54,asparagine,Tri
A0A3E4KT54,cadaverine,Di
A0A3E4KT54,cadaverine,Mono
A0A3E4KT54,cadaverine,Tri
A0A3E4KT54,citrulline,Di
A0A3E4KT54,citrulline,Mono
A0A3E4KT54,citrulline,Tri
A0A3E4KT54,cystine,Di
A0A3E4KT54,cystine,Mono
A0A3E4KT54,cystine,Tri
A0A3E4KT54,dopamine,Di
A0A3E4KT54,dopamine,Mono
A0A3E4KT54,dopamine,Tri
A0A3E4KT54,gaba,Di
A0A3E4KT54,gaba,Mono
A0A3E4KT54,gaba,Tri
A0A3E4KT54,glutamine,Di
A0A3E4KT54,glutamine,Mono
A0A3E4KT54,glutamine,Tri
A0A3E4KT54,glyglycine,Di
A0A3E4KT54,glyglycine,Mono
A0A3E4KT54,glyglycine,Tri
A0A3E4KT54,histidine,Di
A0A3E4KT54,histidine,Mono
A0A3E4KT54,histidine,Tri
A0A3E4KT54,lysine,Di
A0A3E4KT54,lysine,Mono
A0A3E4KT54,lysine,Tri
A0A3E4KT54,methionine,Di
A0A3E4KT54,methionine,Mono
A0A3E4KT54,methionine,Tri
A0A3E4KT54,ornithine,Di
A0A3E4KT54,ornithine,Mono
A0A3E4KT54,ornithine,Tri
A0A3E4KT54,phenylalanine,Di
A0A3E4KT54,phenylalanine,Mono
A0A3E4KT54,phenylalanine,Tri
A0A3E4KT54,proline,Di
A0A3E4KT54,proline,Mono
A0A3E4KT54,proline,Tri
A0A3E4KT54,putrescine,Di
A0A3E4KT54,putrescine,Mono
A0A3E4KT54,putrescine,Tri
A0A3E4KT54,serine,Di
A0A3E4KT54,serine,Mono
A0A3E4KT54,serine,Tri
A0A3E4KT54,serotonin,Di
A0A3E4KT54,serotonin,Mono
A0A3E4KT54,serotonin,Tri
A0A3E4KT54,threonine,Di
A0A3E4KT54,threonine,Mono
A0A3E4KT54,threonine,Tri
A0A3E4KT54,tryptamine,Di
A0A3E4KT54,tryptamine,Mono
A0A3E4KT54,tryptamine,Tri
A0A3E4KT54,tyramine,Di
A0A3E4KT54,tyramine,Mono
A0A3E4KT54,tyramine,Tri
A0A3E4LQA4,"2,3_diaminopropionic acid",Di
A0A3E4LQA4,"2,3_diaminopropionic acid",Mono
A0A3E4LQA4,"2,3_diaminopropionic acid",Tri
A0A3E4LQA4,2_aminophenol,Di
A0A3E4LQA4,2_aminophenol,Mono
A0A3E4LQA4,2_aminophenol,Tri
A0A3E4LQA4,3_methoxytyramine,Di
A0A3E4LQA4,3_methoxytyramine,Mono
A0A3E4LQA4,3_methoxytyramine,Tri
A0A3E4LQA4,alanine,Di
A0A3E4LQA4,alanine,Mono
A0A3E4LQA4,alanine,Tri
A0A3E4LQA4,arginine,Di
A0A3E4LQA4,arginine,Mono
A0A3E4LQA4,arginine,Tri
A0A3E4LQA4,asparagine,Di
A0A3E4LQA4,asparagine,Mono
A0A3E4LQA4,asparagine,Tri
A0A3E4LQA4,cadaverine,Di
A0A3E4LQA4,cadaverine,Mono
A0A3E4LQA4,cadaverine,Tri
A0A3E4LQA4,citrulline,Di
A0A3E4LQA4,citrulline,Mono
A0A3E4LQA4,citrulline,Tri
A0A3E4LQA4,cystine,Di
A0A3E4LQA4,cystine,Mono
A0A3E4LQA4,cystine,Tri
A0A3E4LQA4,dopamine,Di
A0A3E4LQA4,dopamine,Mono
A0A3E4LQA4,dopamine,Tri
A0A3E4LQA4,gaba,Di
A0A3E4LQA4,gaba,Mono
A0A3E4LQA4,gaba,Tri
A0A3E4LQA4,glutamine,Di
A0A3E4LQA4,glutamine,Mono
A0A3E4LQA4,glutamine,Tri
A0A3E4LQA4,glyglycine,Di
A0A3E4LQA4,glyglycine,Mono
A0A3E4LQA4,glyglycine,Tri
A0A3E4LQA4,histidine,Di
A0A3E4LQA4,histidine,Mono
A0A3E4LQA4,histidine,Tri
A0A3E4LQA4,lysine,Di
A0A3E4LQA4,lysine,Mono
A0A3E4LQA4,lysine,Tri
A0A3E4LQA4,methionine,Di
A0A3E4LQA4,methionine,Mono
A0A3E4LQA4,methionine,Tri
A0A3E4LQA4,ornithine,Di
A0A3E4LQA4,ornithine,Mono
A0A3E4LQA4,ornithine,Tri
A0A3E4LQA4,phenylalanine,Di
A0A3E4LQA4,phenylalanine,Mono
A0A3E4LQA4,phenylalanine,Tri
A0A3E4LQA4,proline,Di
A0A3E4LQA4,proline,Mono
A0A3E4LQA4,proline,Tri
A0A3E4LQA4,putrescine,Di
A0A3E4LQA4,putrescine,Mono
A0A3E4LQA4,putrescine,Tri
A0A3E4LQA4,serine,Di
A0A3E4LQA4,serine,Mono
A0A3E4LQA4,serine,Tri
A0A3E4LQA4,serotonin,Di
A0A3E4LQA4,serotonin,Mono
A0A3E4LQA4,serotonin,Tri
A0A3E4LQA4,threonine,Di
A0A3E4LQA4,threonine,Mono
A0A3E4LQA4,threonine,Tri
A0A3E4LQA4,tryptamine,Di
A0A3E4LQA4,tryptamine,Mono
A0A3E4LQA4,tryptamine,Tri
A0A3E4LQA4,tyramine,Di
A0A3E4LQA4,tyramine,Mono
A0A3E4LQA4,tyramine,Tri
A0A3N2MZX6,"2,3_diaminopropionic acid",Di
A0A3N2MZX6,"2,3_diaminopropionic acid",Mono
A0A3N2MZX6,"2,3_diaminopropionic acid",Tri
A0A3N2MZX6,2_aminophenol,Di
A0A3N2MZX6,2_aminophenol,Mono
A0A3N2MZX6,2_aminophenol,Tri
A0A3N2MZX6,3_methoxytyramine,Di
A0A3N2MZX6,3_methoxytyramine,Mono
A0A3N2MZX6,3_methoxytyramine,Tri
A0A3N2MZX6,alanine,Di
A0A3N2MZX6,alanine,Mono
A0A3N2MZX6,alanine,Tri
A0A3N2MZX6,arginine,Di
A0A3N2MZX6,arginine,Mono
A0A3N2MZX6,arginine,Tri
A0A3N2MZX6,asparagine,Di
A0A3N2MZX6,asparagine,Mono
A0A3N2MZX6,asparagine,Tri
A0A3N2MZX6,cadaverine,Di
A0A3N2MZX6,cadaverine,Mono
A0A3N2MZX6,cadaverine,Tri
A0A3N2MZX6,citrulline,Di
A0A3N2MZX6,citrulline,Mono
A0A3N2MZX6,citrulline,Tri
A0A3N2MZX6,cystine,Di
A0A3N2MZX6,cystine,Mono
A0A3N2MZX6,cystine,Tri
A0A3N2MZX6,dopamine,Di
A0A3N2MZX6,dopamine,Mono
A0A3N2MZX6,dopamine,Tri
A0A3N2MZX6,gaba,Di
A0A3N2MZX6,gaba,Mono
A0A3N2MZX6,gaba,Tri
A0A3N2MZX6,glutamine,Di
A0A3N2MZX6,glutamine,Mono
A0A3N2MZX6,glutamine,Tri
A0A3N2MZX6,glyglycine,Di
A0A3N2MZX6,glyglycine,Mono
A0A3N2MZX6,glyglycine,Tri
A0A3N2MZX6,histidine,Di
A0A3N2MZX6,histidine,Mono
A0A3N2MZX6,histidine,Tri
A0A3N2MZX6,lysine,Di
A0A3N2MZX6,lysine,Mono
A0A3N2MZX6,lysine,Tri
A0A3N2MZX6,methionine,Di
A0A3N2MZX6,methionine,Mono
A0A3N2MZX6,methionine,Tri
A0A3N2MZX6,ornithine,Di
A0A3N2MZX6,ornithine,Mono
A0A3N2MZX6,ornithine,Tri
A0A3N2MZX6,phenylalanine,Di
A0A3N2MZX6,phenylalanine,Mono
A0A3N2MZX6,phenylalanine,Tri
A0A3N2MZX6,proline,Di
A0A3N2MZX6,proline,Mono
A0A3N2MZX6,proline,Tri
A0A3N2MZX6,putrescine,Di
A0A3N2MZX6,putrescine,Mono
A0A3N2MZX6,putrescine,Tri
A0A3N2MZX6,serine,Di
A0A3N2MZX6,serine,Mono
A0A3N2MZX6,serine,Tri
A0A3N2MZX6,serotonin,Di
A0A3N2MZX6,serotonin,Mono
A0A3N2MZX6,serotonin,Tri
A0A3N2MZX6,threonine,Di
A0A3N2MZX6,threonine,Mono
A0A3N2MZX6,threonine,Tri
A0A3N2MZX6,tryptamine,Di
A0A3N2MZX6,tryptamine,Mono
A0A3N2MZX6,tryptamine,Tri
A0A3N2MZX6,tyramine,Di
A0A3N2MZX6,tyramine,Mono
A0A3N2MZX6,tyramine,Tri
A0A3R6IUG4,"2,3_diaminopropionic acid",Di
A0A3R6IUG4,"2,3_diaminopropionic acid",Mono
A0A3R6IUG4,"2,3_diaminopropionic acid",Tri
A0A3R6IUG4,2_aminophenol,Di
A0A3R6IUG4,2_aminophenol,Mono
A0A3R6IUG4,2_aminophenol,Tri
A0A3R6IUG4,3_methoxytyramine,Di
A0A3R6IUG4,3_methoxytyramine,Mono
A0A3R6IUG4,3_methoxytyramine,Tri
A0A3R6IUG4,alanine,Di
A0A3R6IUG4,alanine,Mono
A0A3R6IUG4,alanine,Tri
A0A3R6IUG4,arginine,Di
A0A3R6IUG4,arginine,Mono
A0A3R6IUG4,arginine,Tri
A0A3R6IUG4,asparagine,Di
A0A3R6IUG4,asparagine,Mono
A0A3R6IUG4,asparagine,Tri
A0A3R6IUG4,cadaverine,Di
A0A3R6IUG4,cadaverine,Mono
A0A3R6IUG4,cadaverine,Tri
A0A3R6IUG4,citrulline,Di
A0A3R6IUG4,citrulline,Mono
A0A3R6IUG4,citrulline,Tri
A0A3R6IUG4,cystine,Di
A0A3R6IUG4,cystine,Mono
A0A3R6IUG4,cystine,Tri
A0A3R6IUG4,dopamine,Di
A0A3R6IUG4,dopamine,Mono
A0A3R6IUG4,dopamine,Tri
A0A3R6IUG4,gaba,Di
A0A3R6IUG4,gaba,Mono
A0A3R6IUG4,gaba,Tri
A0A3R6IUG4,glutamine,Di
A0A3R6IUG4,glutamine,Mono
A0A3R6IUG4,glutamine,Tri
A0A3R6IUG4,glyglycine,Di
A0A3R6IUG4,glyglycine,Mono
A0A3R6IUG4,glyglycine,Tri
A0A3R6IUG4,histidine,Di
A0A3R6IUG4,histidine,Mono
A0A3R6IUG4,histidine,Tri
A0A3R6IUG4,lysine,Di
A0A3R6IUG4,lysine,Mono
A0A3R6IUG4,lysine,Tri
A0A3R6IUG4,methionine,Di
A0A3R6IUG4,methionine,Mono
A0A3R6IUG4,methionine,Tri
A0A3R6IUG4,ornithine,Di
A0A3R6IUG4,ornithine,Mono
A0A3R6IUG4,ornithine,Tri
A0A3R6IUG4,phenylalanine,Di
A0A3R6IUG4,phenylalanine,Mono
A0A3R6IUG4,phenylalanine,Tri
A0A3R6IUG4,proline,Di
A0A3R6IUG4,proline,Mono
A0A3R6IUG4,proline,Tri
A0A3R6IUG4,putrescine,Di
A0A3R6IUG4,putrescine,Mono
A0A3R6IUG4,putrescine,Tri
A0A3R6IUG4,serine,Di
A0A3R6IUG4,serine,Mono
A0A3R6IUG4,serine,Tri
A0A3R6IUG4,serotonin,Di
A0A3R6IUG4,serotonin,Mono
A0A3R6IUG4,serotonin,Tri
A0A3R6IUG4,threonine,Di
A0A3R6IUG4,threonine,Mono
A0A3R6IUG4,threonine,Tri
A0A3R6IUG4,tryptamine,Di
A0A3R6IUG4,tryptamine,Mono
A0A3R6IUG4,tryptamine,Tri
A0A3R6IUG4,tyramine,Di
A0A3R6IUG4,tyramine,Mono
A0A3R6IUG4,tyramine,Tri
A0A412TTM9,"2,3_diaminopropionic acid",Di
A0A412TTM9,"2,3_diaminopropionic acid",Mono
A0A412TTM9,"2,3_diaminopropionic acid",Tri
A0A412TTM9,2_aminophenol,Di
A0A412TTM9,2_aminophenol,Mono
A0A412TTM9,2_aminophenol,Tri
A0A412TTM9,3_methoxytyramine,Di
A0A412TTM9,3_methoxytyramine,Mono
A0A412TTM9,3_methoxytyramine,Tri
A0A412TTM9,alanine,Di
A0A412TTM9,alanine,Mono
A0A412TTM9,alanine,Tri
A0A412TTM9,arginine,Di
A0A412TTM9,arginine,Mono
A0A412TTM9,arginine,Tri
A0A412TTM9,asparagine,Di
A0A412TTM9,asparagine,Mono
A0A412TTM9,asparagine,Tri
A0A412TTM9,cadaverine,Di
A0A412TTM9,cadaverine,Mono
A0A412TTM9,cadaverine,Tri
A0A412TTM9,citrulline,Di
A0A412TTM9,citrulline,Mono
A0A412TTM9,citrulline,Tri
A0A412TTM9,cystine,Di
A0A412TTM9,cystine,Mono
A0A412TTM9,cystine,Tri
A0A412TTM9,dopamine,Di
A0A412TTM9,dopamine,Mono
A0A412TTM9,dopamine,Tri
A0A412TTM9,gaba,Di
A0A412TTM9,gaba,Mono
A0A412TTM9,gaba,Tri
A0A412TTM9,glutamine,Di
A0A412TTM9,glutamine,Mono
A0A412TTM9,glutamine,Tri
A0A412TTM9,glyglycine,Di
A0A412TTM9,glyglycine,Mono
A0A412TTM9,glyglycine,Tri
A0A412TTM9,histidine,Di
A0A412TTM9,histidine,Mono
A0A412TTM9,histidine,Tri
A0A412TTM9,lysine,Di
A0A412TTM9,lysine,Mono
A0A412TTM9,lysine,Tri
A0A412TTM9,methionine,Di
A0A412TTM9,methionine,Mono
A0A412TTM9,methionine,Tri
A0A412TTM9,ornithine,Di
A0A412TTM9,ornithine,Mono
A0A412TTM9,ornithine,Tri
A0A412TTM9,phenylalanine,Di
A0A412TTM9,phenylalanine,Mono
A0A412TTM9,phenylalanine,Tri
A0A412TTM9,proline,Di
A0A412TTM9,proline,Mono
A0A412TTM9,proline,Tri
A0A412TTM9,putrescine,Di
A0A412TTM9,putrescine,Mono
A0A412TTM9,putrescine,Tri
A0A412TTM9,serine,Di
A0A412TTM9,serine,Mono
A0A412TTM9,serine,Tri
A0A412TTM9,serotonin,Di
A0A412TTM9,serotonin,Mono
A0A412TTM9,serotonin,Tri
A0A412TTM9,threonine,Di
A0A412TTM9,threonine,Mono
A0A412TTM9,threonine,Tri
A0A412TTM9,tryptamine,Di
A0A412TTM9,tryptamine,Mono
A0A412TTM9,tryptamine,Tri
A0A412TTM9,tyramine,Di
A0A412TTM9,tyramine,Mono
A0A412TTM9,tyramine,Tri
A0A413RDG7,"2,3_diaminopropionic acid",Di
A0A413RDG7,"2,3_diaminopropionic acid",Mono
A0A413RDG7,"2,3_diaminopropionic acid",Tri
A0A413RDG7,2_aminophenol,Di
A0A413RDG7,2_aminophenol,Mono
A0A413RDG7,2_aminophenol,Tri
A0A413RDG7,3_methoxytyramine,Di
A0A413RDG7,3_methoxytyramine,Mono
A0A413RDG7,3_methoxytyramine,Tri
A0A413RDG7,alanine,Di
A0A413RDG7,alanine,Mono
A0A413RDG7,alanine,Tri
A0A413RDG7,arginine,Di
A0A413RDG7,arginine,Mono
A0A413RDG7,arginine,Tri
A0A413RDG7,asparagine,Di
A0A413RDG7,asparagine,Mono
A0A413RDG7,asparagine,Tri
A0A413RDG7,cadaverine,Di
A0A413RDG7,cadaverine,Mono
A0A413RDG7,cadaverine,Tri
A0A413RDG7,citrulline,Di
A0A413RDG7,citrulline,Mono
A0A413RDG7,citrulline,Tri
A0A413RDG7,cystine,Di
A0A413RDG7,cystine,Mono
A0A413RDG7,cystine,Tri
A0A413RDG7,dopamine,Di
A0A413RDG7,dopamine,Mono
A0A413RDG7,dopamine,Tri
A0A413RDG7,gaba,Di
A0A413RDG7,gaba,Mono
A0A413RDG7,gaba,Tri
A0A413RDG7,glutamine,Di
A0A413RDG7,glutamine,Mono
A0A413RDG7,glutamine,Tri
A0A413RDG7,glyglycine,Di
A0A413RDG7,glyglycine,Mono
A0A413RDG7,glyglycine,Tri
A0A413RDG7,histidine,Di
A0A413RDG7,histidine,Mono
A0A413RDG7,histidine,Tri
A0A413RDG7,lysine,Di
A0A413RDG7,lysine,Mono
A0A413RDG7,lysine,Tri
A0A413RDG7,methionine,Di
A0A413RDG7,methionine,Mono
A0A413RDG7,methionine,Tri
A0A413RDG7,ornithine,Di
A0A413RDG7,ornithine,Mono
A0A413RDG7,ornithine,Tri
A0A413RDG7,phenylalanine,Di
A0A413RDG7,phenylalanine,Mono
A0A413RDG7,phenylalanine,Tri
A0A413RDG7,proline,Di
A0A413RDG7,proline,Mono
A0A413RDG7,proline,Tri
A0A413RDG7,putrescine,Di
A0A413RDG7,putrescine,Mono
A0A413RDG7,putrescine,Tri
A0A413RDG7,serine,Di
A0A413RDG7,serine,Mono
A0A413RDG7,serine,Tri
A0A413RDG7,serotonin,Di
A0A413RDG7,serotonin,Mono
A0A413RDG7,serotonin,Tri
A0A413RDG7,threonine,Di
A0A413RDG7,threonine,Mono
A0A413RDG7,threonine,Tri
A0A413RDG7,tryptamine,Di
A0A413RDG7,tryptamine,Mono
A0A413RDG7,tryptamine,Tri
A0A413RDG7,tyramine,Di
A0A413RDG7,tyramine,Mono
A0A413RDG7,tyramine,Tri
A0A414M9L3,"2,3_diaminopropionic acid",Di
A0A414M9L3,"2,3_diaminopropionic acid",Mono
A0A414M9L3,"2,3_diaminopropionic acid",Tri
A0A414M9L3,2_aminophenol,Di
A0A414M9L3,2_aminophenol,Mono
A0A414M9L3,2_aminophenol,Tri
A0A414M9L3,3_methoxytyramine,Di
A0A414M9L3,3_methoxytyramine,Mono
A0A414M9L3,3_methoxytyramine,Tri
A0A414M9L3,alanine,Di
A0A414M9L3,alanine,Mono
A0A414M9L3,alanine,Tri
A0A414M9L3,arginine,Di
A0A414M9L3,arginine,Mono
A0A414M9L3,arginine,Tri
A0A414M9L3,asparagine,Di
A0A414M9L3,asparagine,Mono
A0A414M9L3,asparagine,Tri
A0A414M9L3,cadaverine,Di
A0A414M9L3,cadaverine,Mono
A0A414M9L3,cadaverine,Tri
A0A414M9L3,citrulline,Di
A0A414M9L3,citrulline,Mono
A0A414M9L3,citrulline,Tri
A0A414M9L3,cystine,Di
A0A414M9L3,cystine,Mono
A0A414M9L3,cystine,Tri
A0A414M9L3,dopamine,Di
A0A414M9L3,dopamine,Mono
A0A414M9L3,dopamine,Tri
A0A414M9L3,gaba,Di
A0A414M9L3,gaba,Mono
A0A414M9L3,gaba,Tri
A0A414M9L3,glutamine,Di
A0A414M9L3,glutamine,Mono
A0A414M9L3,glutamine,Tri
A0A414M9L3,glyglycine,Di
A0A414M9L3,glyglycine,Mono
A0A414M9L3,glyglycine,Tri
A0A414M9L3,histidine,Di
A0A414M9L3,histidine,Mono
A0A414M9L3,histidine,Tri
A0A414M9L3,lysine,Di
A0A414M9L3,lysine,Mono
A0A414M9L3,lysine,Tri
A0A414M9L3,methionine,Di
A0A414M9L3,methionine,Mono
A0A414M9L3,methionine,Tri
A0A414M9L3,ornithine,Di
A0A414M9L3,ornithine,Mono
A0A414M9L3,ornithine,Tri
A0A414M9L3,phenylalanine,Di
A0A414M9L3,phenylalanine,Mono
A0A414M9L3,phenylalanine,Tri
A0A414M9L3,proline,Di
A0A414M9L3,proline,Mono
A0A414M9L3,proline,Tri
A0A414M9L3,putrescine,Di
A0A414M9L3,putrescine,Mono
A0A414M9L3,putrescine,Tri
A0A414M9L3,serine,Di
A0A414M9L3,serine,Mono
A0A414M9L3,serine,Tri
A0A414M9L3,serotonin,Di
A0A414M9L3,serotonin,Mono
A0A414M9L3,serotonin,Tri
A0A414M9L3,threonine,Di
A0A414M9L3,threonine,Mono
A0A414M9L3,threonine,Tri
A0A414M9L3,tryptamine,Di
A0A414M9L3,tryptamine,Mono
A0A414M9L3,tryptamine,Tri
A0A414M9L3,tyramine,Di
A0A414M9L3,tyramine,Mono
A0A414M9L3,tyramine,Tri
A0A414Q275,"2,3_diaminopropionic acid",Di
A0A414Q275,"2,3_diaminopropionic acid",Mono
A0A414Q275,"2,3_diaminopropionic acid",Tri
A0A414Q275,2_aminophenol,Di
A0A414Q275,2_aminophenol,Mono
A0A414Q275,2_aminophenol,Tri
A0A414Q275,3_methoxytyramine,Di
A0A414Q275,3_methoxytyramine,Mono
A0A414Q275,3_methoxytyramine,Tri
A0A414Q275,alanine,Di
A0A414Q275,alanine,Mono
A0A414Q275,alanine,Tri
A0A414Q275,arginine,Di
A0A414Q275,arginine,Mono
A0A414Q275,arginine,Tri
A0A414Q275,asparagine,Di
A0A414Q275,asparagine,Mono
A0A414Q275,asparagine,Tri
A0A414Q275,cadaverine,Di
A0A414Q275,cadaverine,Mono
A0A414Q275,cadaverine,Tri
A0A414Q275,citrulline,Di
A0A414Q275,citrulline,Mono
A0A414Q275,citrulline,Tri
A0A414Q275,cystine,Di
A0A414Q275,cystine,Mono
A0A414Q275,cystine,Tri
A0A414Q275,dopamine,Di
A0A414Q275,dopamine,Mono
A0A414Q275,dopamine,Tri
A0A414Q275,gaba,Di
A0A414Q275,gaba,Mono
A0A414Q275,gaba,Tri
A0A414Q275,glutamine,Di
A0A414Q275,glutamine,Mono
A0A414Q275,glutamine,Tri
A0A414Q275,glyglycine,Di
A0A414Q275,glyglycine,Mono
A0A414Q275,glyglycine,Tri
A0A414Q275,histidine,Di
A0A414Q275,histidine,Mono
A0A414Q275,histidine,Tri
A0A414Q275,lysine,Di
A0A414Q275,lysine,Mono
A0A414Q275,lysine,Tri
A0A414Q275,methionine,Di
A0A414Q275,methionine,Mono
A0A414Q275,methionine,Tri
A0A414Q275,ornithine,Di
A0A414Q275,ornithine,Mono
A0A414Q275,ornithine,Tri
A0A414Q275,phenylalanine,Di
A0A414Q275,phenylalanine,Mono
A0A414Q275,phenylalanine,Tri
A0A414Q275,proline,Di
A0A414Q275,proline,Mono
A0A414Q275,proline,Tri
A0A414Q275,putrescine,Di
A0A414Q275,putrescine,Mono
A0A414Q275,putrescine,Tri
A0A414Q275,serine,Di
A0A414Q275,serine,Mono
A0A414Q275,serine,Tri
A0A414Q275,serotonin,Di
A0A414Q275,serotonin,Mono
A0A414Q275,serotonin,Tri
A0A414Q275,threonine,Di
A0A414Q275,threonine,Mono
A0A414Q275,threonine,Tri
A0A414Q275,tryptamine,Di
A0A414Q275,tryptamine,Mono
A0A414Q275,tryptamine,Tri
A0A414Q275,tyramine,Di
A0A414Q275,tyramine,Mono
A0A414Q275,tyramine,Tri
A0A5C2C0X5,"2,3_diaminopropionic acid",Di
A0A5C2C0X5,"2,3_diaminopropionic acid",Mono
A0A5C2C0X5,"2,3_diaminopropionic acid",Tri
A0A5C2C0X5,2_aminophenol,Di
A0A5C2C0X5,2_aminophenol,Mono
A0A5C2C0X5,2_aminophenol,Tri
A0A5C2C0X5,3_methoxytyramine,Di
A0A5C2C0X5,3_methoxytyramine,Mono
A0A5C2C0X5,3_methoxytyramine,Tri
A0A5C2C0X5,alanine,Di
A0A5C2C0X5,alanine,Mono
A0A5C2C0X5,alanine,Tri
A0A5C2C0X5,arginine,Di
A0A5C2C0X5,arginine,Mono
A0A5C2C0X5,arginine,Tri
A0A5C2C0X5,asparagine,Di
A0A5C2C0X5,asparagine,Mono
A0A5C2C0X5,asparagine,Tri
A0A5C2C0X5,cadaverine,Di
A0A5C2C0X5,cadaverine,Mono
A0A5C2C0X5,cadaverine,Tri
A0A5C2C0X5,citrulline,Di
A0A5C2C0X5,citrulline,Mono
A0A5C2C0X5,citrulline,Tri
A0A5C2C0X5,cystine,Di
A0A5C2C0X5,cystine,Mono
A0A5C2C0X5,cystine,Tri
A0A5C2C0X5,dopamine,Di
A0A5C2C0X5,dopamine,Mono
A0A5C2C0X5,dopamine,Tri
A0A5C2C0X5,gaba,Di
A0A5C2C0X5,gaba,Mono
A0A5C2C0X5,gaba,Tri
A0A5C2C0X5,glutamine,Di
A0A5C2C0X5,glutamine,Mono
A0A5C2C0X5,glutamine,Tri
A0A5C2C0X5,glyglycine,Di
A0A5C2C0X5,glyglycine,Mono
A0A5C2C0X5,glyglycine,Tri
A0A5C2C0X5,histidine,Di
A0A5C2C0X5,histidine,Mono
A0A5C2C0X5,histidine,Tri
A0A5C2C0X5,lysine,Di
A0A5C2C0X5,lysine,Mono
A0A5C2C0X5,lysine,Tri
A0A5C2C0X5,methionine,Di
A0A5C2C0X5,methionine,Mono
A0A5C2C0X5,methionine,Tri
A0A5C2C0X5,ornithine,Di
A0A5C2C0X5,ornithine,Mono
A0A5C2C0X5,ornithine,Tri
A0A5C2C0X5,phenylalanine,Di
A0A5C2C0X5,phenylalanine,Mono
A0A5C2C0X5,phenylalanine,Tri
A0A5C2C0X5,proline,Di
A0A5C2C0X5,proline,Mono
A0A5C2C0X5,proline,Tri
A0A5C2C0X5,putrescine,Di
A0A5C2C0X5,putrescine,Mono
A0A5C2C0X5,putrescine,Tri
A0A5C2C0X5,serine,Di
A0A5C2C0X5,serine,Mono
A0A5C2C0X5,serine,Tri
A0A5C2C0X5,serotonin,Di
A0A5C2C0X5,serotonin,Mono
A0A5C2C0X5,serotonin,Tri
A0A5C2C0X5,threonine,Di
A0A5C2C0X5,threonine,Mono
A0A5C2C0X5,threonine,Tri
A0A5C2C0X5,tryptamine,Di
A0A5C2C0X5,tryptamine,Mono
A0A5C2C0X5,tryptamine,Tri
A0A5C2C0X5,tyramine,Di
A0A5C2C0X5,tyramine,Mono
A0A5C2C0X5,tyramine,Tri
A0A5C2C1U8,"2,3_diaminopropionic acid",Di
A0A5C2C1U8,"2,3_diaminopropionic acid",Mono
A0A5C2C1U8,"2,3_diaminopropionic acid",Tri
A0A5C2C1U8,2_aminophenol,Di
A0A5C2C1U8,2_aminophenol,Mono
A0A5C2C1U8,2_aminophenol,Tri
A0A5C2C1U8,3_methoxytyramine,Di
A0A5C2C1U8,3_methoxytyramine,Mono
A0A5C2C1U8,3_methoxytyramine,Tri
A0A5C2C1U8,alanine,Di
A0A5C2C1U8,alanine,Mono
A0A5C2C1U8,alanine,Tri
A0A5C2C1U8,arginine,Di
A0A5C2C1U8,arginine,Mono
A0A5C2C1U8,arginine,Tri
A0A5C2C1U8,asparagine,Di
A0A5C2C1U8,asparagine,Mono
A0A5C2C1U8,asparagine,Tri
A0A5C2C1U8,cadaverine,Di
A0A5C2C1U8,cadaverine,Mono
A0A5C2C1U8,cadaverine,Tri
A0A5C2C1U8,citrulline,Di
A0A5C2C1U8,citrulline,Mono
A0A5C2C1U8,citrulline,Tri
A0A5C2C1U8,cystine,Di
A0A5C2C1U8,cystine,Mono
A0A5C2C1U8,cystine,Tri
A0A5C2C1U8,dopamine,Di
A0A5C2C1U8,dopamine,Mono
A0A5C2C1U8,dopamine,Tri
A0A5C2C1U8,gaba,Di
A0A5C2C1U8,gaba,Mono
A0A5C2C1U8,gaba,Tri
A0A5C2C1U8,glutamine,Di
A0A5C2C1U8,glutamine,Mono
A0A5C2C1U8,glutamine,Tri
A0A5C2C1U8,glyglycine,Di
A0A5C2C1U8,glyglycine,Mono
A0A5C2C1U8,glyglycine,Tri
A0A5C2C1U8,histidine,Di
A0A5C2C1U8,histidine,Mono
A0A5C2C1U8,histidine,Tri
A0A5C2C1U8,lysine,Di
A0A5C2C1U8,lysine,Mono
A0A5C2C1U8,lysine,Tri
A0A5C2C1U8,methionine,Di
A0A5C2C1U8,methionine,Mono
A0A5C2C1U8,methionine,Tri
A0A5C2C1U8,ornithine,Di
A0A5C2C1U8,ornithine,Mono
A0A5C2C1U8,ornithine,Tri
A0A5C2C1U8,phenylalanine,Di
A0A5C2C1U8,phenylalanine,Mono
A0A5C2C1U8,phenylalanine,Tri
A0A5C2C1U8,proline,Di
A0A5C2C1U8,proline,Mono
A0A5C2C1U8,proline,Tri
A0A5C2C1U8,putrescine,Di
A0A5C2C1U8,putrescine,Mono
A0A5C2C1U8,putrescine,Tri
A0A5C2C1U8,serine,Di
A0A5C2C1U8,serine,Mono
A0A5C2C1U8,serine,Tri
A0A5C2C1U8,serotonin,Di
A0A5C2C1U8,serotonin,Mono
A0A5C2C1U8,serotonin,Tri
A0A5C2C1U8,threonine,Di
A0A5C2C1U8,threonine,Mono
A0A5C2C1U8,threonine,Tri
A0A5C2C1U8,tryptamine,Di
A0A5C2C1U8,tryptamine,Mono
A0A5C2C1U8,tryptamine,Tri
A0A5C2C1U8,tyramine,Di
A0A5C2C1U8,tyramine,Mono
A0A5C2C1U8,tyramine,Tri
A0A6B3MYR8,"2,3_diaminopropionic acid",Di
A0A6B3MYR8,"2,3_diaminopropionic acid",Mono
A0A6B3MYR8,"2,3_diaminopropionic acid",Tri
A0A6B3MYR8,2_aminophenol,Di
A0A6B3MYR8,2_aminophenol,Mono
A0A6B3MYR8,2_aminophenol,Tri
A0A6B3MYR8,3_methoxytyramine,Di
A0A6B3MYR8,3_methoxytyramine,Mono
A0A6B3MYR8,3_methoxytyramine,Tri
A0A6B3MYR8,alanine,Di
A0A6B3MYR8,alanine,Mono
A0A6B3MYR8,alanine,Tri
A0A6B3MYR8,arginine,Di
A0A6B3MYR8,arginine,Mono
A0A6B3MYR8,arginine,Tri
A0A6B3MYR8,asparagine,Di
A0A6B3MYR8,asparagine,Mono
A0A6B3MYR8,asparagine,Tri
A0A6B3MYR8,cadaverine,Di
A0A6B3MYR8,cadaverine,Mono
A0A6B3MYR8,cadaverine,Tri
A0A6B3MYR8,citrulline,Di
A0A6B3MYR8,citrulline,Mono
A0A6B3MYR8,citrulline,Tri
A0A6B3MYR8,cystine,Di
A0A6B3MYR8,cystine,Mono
A0A6B3MYR8,cystine,Tri
A0A6B3MYR8,dopamine,Di
A0A6B3MYR8,dopamine,Mono
A0A6B3MYR8,dopamine,Tri
A0A6B3MYR8,gaba,Di
A0A6B3MYR8,gaba,Mono
A0A6B3MYR8,gaba,Tri
A0A6B3MYR8,glutamine,Di
A0A6B3MYR8,glutamine,Mono
A0A6B3MYR8,glutamine,Tri
A0A6B3MYR8,glyglycine,Di
A0A6B3MYR8,glyglycine,Mono
A0A6B3MYR8,glyglycine,Tri
A0A6B3MYR8,histidine,Di
A0A6B3MYR8,histidine,Mono
A0A6B3MYR8,histidine,Tri
A0A6B3MYR8,lysine,Di
A0A6B3MYR8,lysine,Mono
A0A6B3MYR8,lysine,Tri
A0A6B3MYR8,methionine,Di
A0A6B3MYR8,methionine,Mono
A0A6B3MYR8,methionine,Tri
A0A6B3MYR8,ornithine,Di
A0A6B3MYR8,ornithine,Mono
A0A6B3MYR8,ornithine,Tri
A0A6B3MYR8,phenylalanine,Di
A0A6B3MYR8,phenylalanine,Mono
A0A6B3MYR8,phenylalanine,Tri
A0A6B3MYR8,proline,Di
A0A6B3MYR8,proline,Mono
A0A6B3MYR8,proline,Tri
A0A6B3MYR8,putrescine,Di
A0A6B3MYR8,putrescine,Mono
A0A6B3MYR8,putrescine,Tri
A0A6B3MYR8,serine,Di
A0A6B3MYR8,serine,Mono
A0A6B3MYR8,serine,Tri
A0A6B3MYR8,serotonin,Di
A0A6B3MYR8,serotonin,Mono
A0A6B3MYR8,serotonin,Tri
A0A6B3MYR8,threonine,Di
A0A6B3MYR8,threonine,Mono
A0A6B3MYR8,threonine,Tri
A0A6B3MYR8,tryptamine,Di
A0A6B3MYR8,tryptamine,Mono
A0A6B3MYR8,tryptamine,Tri
A0A6B3MYR8,tyramine,Di
A0A6B3MYR8,tyramine,Mono
A0A6B3MYR8,tyramine,Tri
A0A6B3PBB6,"2,3_diaminopropionic acid",Di
A0A6B3PBB6,"2,3_diaminopropionic acid",Mono
A0A6B3PBB6,"2,3_diaminopropionic acid",Tri
A0A6B3PBB6,2_aminophenol,Di
A0A6B3PBB6,2_aminophenol,Mono
A0A6B3PBB6,2_aminophenol,Tri
A0A6B3PBB6,3_methoxytyramine,Di
A0A6B3PBB6,3_methoxytyramine,Mono
A0A6B3PBB6,3_methoxytyramine,Tri
A0A6B3PBB6,alanine,Di
A0A6B3PBB6,alanine,Mono
A0A6B3PBB6,alanine,Tri
A0A6B3PBB6,arginine,Di
A0A6B3PBB6,arginine,Mono
A0A6B3PBB6,arginine,Tri
A0A6B3PBB6,asparagine,Di
A0A6B3PBB6,asparagine,Mono
A0A6B3PBB6,asparagine,Tri
A0A6B3PBB6,cadaverine,Di
A0A6B3PBB6,cadaverine,Mono
A0A6B3PBB6,cadaverine,Tri
A0A6B3PBB6,citrulline,Di
A0A6B3PBB6,citrulline,Mono
A0A6B3PBB6,citrulline,Tri
A0A6B3PBB6,cystine,Di
A0A6B3PBB6,cystine,Mono
A0A6B3PBB6,cystine,Tri
A0A6B3PBB6,dopamine,Di
A0A6B3PBB6,dopamine,Mono
A0A6B3PBB6,dopamine,Tri
A0A6B3PBB6,gaba,Di
A0A6B3PBB6,gaba,Mono
A0A6B3PBB6,gaba,Tri
A0A6B3PBB6,glutamine,Di
A0A6B3PBB6,glutamine,Mono
A0A6B3PBB6,glutamine,Tri
A0A6B3PBB6,glyglycine,Di
A0A6B3PBB6,glyglycine,Mono
A0A6B3PBB6,glyglycine,Tri
A0A6B3PBB6,histidine,Di
A0A6B3PBB6,histidine,Mono
A0A6B3PBB6,histidine,Tri
A0A6B3PBB6,lysine,Di
A0A6B3PBB6,lysine,Mono
A0A6B3PBB6,lysine,Tri
A0A6B3PBB6,methionine,Di
A0A6B3PBB6,methionine,Mono
A0A6B3PBB6,methionine,Tri
A0A6B3PBB6,ornithine,Di
A0A6B3PBB6,ornithine,Mono
A0A6B3PBB6,ornithine,Tri
A0A6B3PBB6,phenylalanine,Di
A0A6B3PBB6,phenylalanine,Mono
A0A6B3PBB6,phenylalanine,Tri
A0A6B3PBB6,proline,Di
A0A6B3PBB6,proline,Mono
A0A6B3PBB6,proline,Tri
A0A6B3PBB6,putrescine,Di
A0A6B3PBB6,putrescine,Mono
A0A6B3PBB6,putrescine,Tri
A0A6B3PBB6,serine,Di
A0A6B3PBB6,serine,Mono
A0A6B3PBB6,serine,Tri
A0A6B3PBB6,serotonin,Di
A0A6B3PBB6,serotonin,Mono
A0A6B3PBB6,serotonin,Tri
A0A6B3PBB6,threonine,Di
A0A6B3PBB6,threonine,Mono
A0A6B3PBB6,threonine,Tri
A0A6B3PBB6,tryptamine,Di
A0A6B3PBB6,tryptamine,Mono
A0A6B3PBB6,tryptamine,Tri
A0A6B3PBB6,tyramine,Di
A0A6B3PBB6,tyramine,Mono
A0A6B3PBB6,tyramine,Tri
A0A6B3PFJ7,"2,3_diaminopropionic acid",Di
A0A6B3PFJ7,"2,3_diaminopropionic acid",Mono
A0A6B3PFJ7,"2,3_diaminopropionic acid",Tri
A0A6B3PFJ7,2_aminophenol,Di
A0A6B3PFJ7,2_aminophenol,Mono
A0A6B3PFJ7,2_aminophenol,Tri
A0A6B3PFJ7,3_methoxytyramine,Di
A0A6B3PFJ7,3_methoxytyramine,Mono
A0A6B3PFJ7,3_methoxytyramine,Tri
A0A6B3PFJ7,alanine,Di
A0A6B3PFJ7,alanine,Mono
A0A6B3PFJ7,alanine,Tri
A0A6B3PFJ7,arginine,Di
A0A6B3PFJ7,arginine,Mono
A0A6B3PFJ7,arginine,Tri
A0A6B3PFJ7,asparagine,Di
A0A6B3PFJ7,asparagine,Mono
A0A6B3PFJ7,asparagine,Tri
A0A6B3PFJ7,cadaverine,Di
A0A6B3PFJ7,cadaverine,Mono
A0A6B3PFJ7,cadaverine,Tri
A0A6B3PFJ7,citrulline,Di
A0A6B3PFJ7,citrulline,Mono
A0A6B3PFJ7,citrulline,Tri
A0A6B3PFJ7,cystine,Di
A0A6B3PFJ7,cystine,Mono
A0A6B3PFJ7,cystine,Tri
A0A6B3PFJ7,dopamine,Di
A0A6B3PFJ7,dopamine,Mono
A0A6B3PFJ7,dopamine,Tri
A0A6B3PFJ7,gaba,Di
A0A6B3PFJ7,gaba,Mono
A0A6B3PFJ7,gaba,Tri
A0A6B3PFJ7,glutamine,Di
A0A6B3PFJ7,glutamine,Mono
A0A6B3PFJ7,glutamine,Tri
A0A6B3PFJ7,glyglycine,Di
A0A6B3PFJ7,glyglycine,Mono
A0A6B3PFJ7,glyglycine,Tri
A0A6B3PFJ7,histidine,Di
A0A6B3PFJ7,histidine,Mono
A0A6B3PFJ7,histidine,Tri
A0A6B3PFJ7,lysine,Di
A0A6B3PFJ7,lysine,Mono
A0A6B3PFJ7,lysine,Tri
A0A6B3PFJ7,methionine,Di
A0A6B3PFJ7,methionine,Mono
A0A6B3PFJ7,methionine,Tri
A0A6B3PFJ7,ornithine,Di
A0A6B3PFJ7,ornithine,Mono
A0A6B3PFJ7,ornithine,Tri
A0A6B3PFJ7,phenylalanine,Di
A0A6B3PFJ7,phenylalanine,Mono
A0A6B3PFJ7,phenylalanine,Tri
A0A6B3PFJ7,proline,Di
A0A6B3PFJ7,proline,Mono
A0A6B3PFJ7,proline,Tri
A0A6B3PFJ7,putrescine,Di
A0A6B3PFJ7,putrescine,Mono
A0A6B3PFJ7,putrescine,Tri
A0A6B3PFJ7,serine,Di
A0A6B3PFJ7,serine,Mono
A0A6B3PFJ7,serine,Tri
A0A6B3PFJ7,serotonin,Di
A0A6B3PFJ7,serotonin,Mono
A0A6B3PFJ7,serotonin,Tri
A0A6B3PFJ7,threonine,Di
A0A6B3PFJ7,threonine,Mono
A0A6B3PFJ7,threonine,Tri
A0A6B3PFJ7,tryptamine,Di
A0A6B3PFJ7,tryptamine,Mono
A0A6B3PFJ7,tryptamine,Tri
A0A6B3PFJ7,tyramine,Di
A0A6B3PFJ7,tyramine,Mono
A0A6B3PFJ7,tyramine,Tri
A0A6I3NAM9,"2,3_diaminopropionic acid",Di
A0A6I3NAM9,"2,3_diaminopropionic acid",Mono
A0A6I3NAM9,"2,3_diaminopropionic acid",Tri
A0A6I3NAM9,2_aminophenol,Di
A0A6I3NAM9,2_aminophenol,Mono
A0A6I3NAM9,2_aminophenol,Tri
A0A6I3NAM9,3_methoxytyramine,Di
A0A6I3NAM9,3_methoxytyramine,Mono
A0A6I3NAM9,3_methoxytyramine,Tri
A0A6I3NAM9,alanine,Di
A0A6I3NAM9,alanine,Mono
A0A6I3NAM9,alanine,Tri
A0A6I3NAM9,arginine,Di
A0A6I3NAM9,arginine,Mono
A0A6I3NAM9,arginine,Tri
A0A6I3NAM9,asparagine,Di
A0A6I3NAM9,asparagine,Mono
A0A6I3NAM9,asparagine,Tri
A0A6I3NAM9,cadaverine,Di
A0A6I3NAM9,cadaverine,Mono
A0A6I3NAM9,cadaverine,Tri
A0A6I3NAM9,citrulline,Di
A0A6I3NAM9,citrulline,Mono
A0A6I3NAM9,citrulline,Tri
A0A6I3NAM9,cystine,Di
A0A6I3NAM9,cystine,Mono
A0A6I3NAM9,cystine,Tri
A0A6I3NAM9,dopamine,Di
A0A6I3NAM9,dopamine,Mono
A0A6I3NAM9,dopamine,Tri
A0A6I3NAM9,gaba,Di
A0A6I3NAM9,gaba,Mono
A0A6I3NAM9,gaba,Tri
A0A6I3NAM9,glutamine,Di
A0A6I3NAM9,glutamine,Mono
A0A6I3NAM9,glutamine,Tri
A0A6I3NAM9,glyglycine,Di
A0A6I3NAM9,glyglycine,Mono
A0A6I3NAM9,glyglycine,Tri
A0A6I3NAM9,histidine,Di
A0A6I3NAM9,histidine,Mono
A0A6I3NAM9,histidine,Tri
A0A6I3NAM9,lysine,Di
A0A6I3NAM9,lysine,Mono
A0A6I3NAM9,lysine,Tri
A0A6I3NAM9,methionine,Di
A0A6I3NAM9,methionine,Mono
A0A6I3NAM9,methionine,Tri
A0A6I3NAM9,ornithine,Di
A0A6I3NAM9,ornithine,Mono
A0A6I3NAM9,ornithine,Tri
A0A6I3NAM9,phenylalanine,Di
A0A6I3NAM9,phenylalanine,Mono
A0A6I3NAM9,phenylalanine,Tri
A0A6I3NAM9,proline,Di
A0A6I3NAM9,proline,Mono
A0A6I3NAM9,proline,Tri
A0A6I3NAM9,putrescine,Di
A0A6I3NAM9,putrescine,Mono
A0A6I3NAM9,putrescine,Tri
A0A6I3NAM9,serine,Di
A0A6I3NAM9,serine,Mono
A0A6I3NAM9,serine,Tri
A0A6I3NAM9,serotonin,Di
A0A6I3NAM9,serotonin,Mono
A0A6I3NAM9,serotonin,Tri
A0A6I3NAM9,threonine,Di
A0A6I3NAM9,threonine,Mono
A0A6I3NAM9,threonine,Tri
A0A6I3NAM9,tryptamine,Di
A0A6I3NAM9,tryptamine,Mono
A0A6I3NAM9,tryptamine,Tri
A0A6I3NAM9,tyramine,Di
A0A6I3NAM9,tyramine,Mono
A0A6I3NAM9,tyramine,Tri
A0A7W2FPE8,"2,3_diaminopropionic acid",Di
A0A7W2FPE8,"2,3_diaminopropionic acid",Mono
A0A7W2FPE8,"2,3_diaminopropionic acid",Tri
A0A7W2FPE8,2_aminophenol,Di
A0A7W2FPE8,2_aminophenol,Mono
A0A7W2FPE8,2_aminophenol,Tri
A0A7W2FPE8,3_methoxytyramine,Di
A0A7W2FPE8,3_methoxytyramine,Mono
A0A7W2FPE8,3_methoxytyramine,Tri
A0A7W2FPE8,alanine,Di
A0A7W2FPE8,alanine,Mono
A0A7W2FPE8,alanine,Tri
A0A7W2FPE8,arginine,Di
A0A7W2FPE8,arginine,Mono
A0A7W2FPE8,arginine,Tri
A0A7W2FPE8,asparagine,Di
A0A7W2FPE8,asparagine,Mono
A0A7W2FPE8,asparagine,Tri
A0A7W2FPE8,cadaverine,Di
A0A7W2FPE8,cadaverine,Mono
A0A7W2FPE8,cadaverine,Tri
A0A7W2FPE8,citrulline,Di
A0A7W2FPE8,citrulline,Mono
A0A7W2FPE8,citrulline,Tri
A0A7W2FPE8,cystine,Di
A0A7W2FPE8,cystine,Mono
A0A7W2FPE8,cystine,Tri
A0A7W2FPE8,dopamine,Di
A0A7W2FPE8,dopamine,Mono
A0A7W2FPE8,dopamine,Tri
A0A7W2FPE8,gaba,Di
A0A7W2FPE8,gaba,Mono
A0A7W2FPE8,gaba,Tri
A0A7W2FPE8,glutamine,Di
A0A7W2FPE8,glutamine,Mono
A0A7W2FPE8,glutamine,Tri
A0A7W2FPE8,glyglycine,Di
A0A7W2FPE8,glyglycine,Mono
A0A7W2FPE8,glyglycine,Tri
A0A7W2FPE8,histidine,Di
A0A7W2FPE8,histidine,Mono
A0A7W2FPE8,histidine,Tri
A0A7W2FPE8,lysine,Di
A0A7W2FPE8,lysine,Mono
A0A7W2FPE8,lysine,Tri
A0A7W2FPE8,methionine,Di
A0A7W2FPE8,methionine,Mono
A0A7W2FPE8,methionine,Tri
A0A7W2FPE8,ornithine,Di
A0A7W2FPE8,ornithine,Mono
A0A7W2FPE8,ornithine,Tri
A0A7W2FPE8,phenylalanine,Di
A0A7W2FPE8,phenylalanine,Mono
A0A7W2FPE8,phenylalanine,Tri
A0A7W2FPE8,proline,Di
A0A7W2FPE8,proline,Mono
A0A7W2FPE8,proline,Tri
A0A7W2FPE8,putrescine,Di
A0A7W2FPE8,putrescine,Mono
A0A7W2FPE8,putrescine,Tri
A0A7W2FPE8,serine,Di
A0A7W2FPE8,serine,Mono
A0A7W2FPE8,serine,Tri
A0A7W2FPE8,serotonin,Di
A0A7W2FPE8,serotonin,Mono
A0A7W2FPE8,serotonin,Tri
A0A7W2FPE8,threonine,Di
A0A7W2FPE8,threonine,Mono
A0A7W2FPE8,threonine,Tri
A0A7W2FPE8,tryptamine,Di
A0A7W2FPE8,tryptamine,Mono
A0A7W2FPE8,tryptamine,Tri
A0A7W2FPE8,tyramine,Di
A0A7W2FPE8,tyramine,Mono
A0A7W2FPE8,tyramine,Tri
A0A848U0C2,"2,3_diaminopropionic acid",Di
A0A848U0C2,"2,3_diaminopropionic acid",Mono
A0A848U0C2,"2,3_diaminopropionic acid",Tri
A0A848U0C2,2_aminophenol,Di
A0A848U0C2,2_aminophenol,Mono
A0A848U0C2,2_aminophenol,Tri
A0A848U0C2,3_methoxytyramine,Di
A0A848U0C2,3_methoxytyramine,Mono
A0A848U0C2,3_methoxytyramine,Tri
A0A848U0C2,alanine,Di
A0A848U0C2,alanine,Mono
A0A848U0C2,alanine,Tri
A0A848U0C2,arginine,Di
A0A848U0C2,arginine,Mono
A0A848U0C2,arginine,Tri
A0A848U0C2,asparagine,Di
A0A848U0C2,asparagine,Mono
A0A848U0C2,asparagine,Tri
A0A848U0C2,cadaverine,Di
A0A848U0C2,cadaverine,Mono
A0A848U0C2,cadaverine,Tri
A0A848U0C2,citrulline,Di
A0A848U0C2,citrulline,Mono
A0A848U0C2,citrulline,Tri
A0A848U0C2,cystine,Di
A0A848U0C2,cystine,Mono
A0A848U0C2,cystine,Tri
A0A848U0C2,dopamine,Di
A0A848U0C2,dopamine,Mono
A0A848U0C2,dopamine,Tri
A0A848U0C2,gaba,Di
A0A848U0C2,gaba,Mono
A0A848U0C2,gaba,Tri
A0A848U0C2,glutamine,Di
A0A848U0C2,glutamine,Mono
A0A848U0C2,glutamine,Tri
A0A848U0C2,glyglycine,Di
A0A848U0C2,glyglycine,Mono
A0A848U0C2,glyglycine,Tri
A0A848U0C2,histidine,Di
A0A848U0C2,histidine,Mono
A0A848U0C2,histidine,Tri
A0A848U0C2,lysine,Di
A0A848U0C2,lysine,Mono
A0A848U0C2,lysine,Tri
A0A848U0C2,methionine,Di
A0A848U0C2,methionine,Mono
A0A848U0C2,methionine,Tri
A0A848U0C2,ornithine,Di
A0A848U0C2,ornithine,Mono
A0A848U0C2,ornithine,Tri
A0A848U0C2,phenylalanine,Di
A0A848U0C2,phenylalanine,Mono
A0A848U0C2,phenylalanine,Tri
A0A848U0C2,proline,Di
A0A848U0C2,proline,Mono
A0A848U0C2,proline,Tri
A0A848U0C2,putrescine,Di
A0A848U0C2,putrescine,Mono
A0A848U0C2,putrescine,Tri
A0A848U0C2,serine,Di
A0A848U0C2,serine,Mono
A0A848U0C2,serine,Tri
A0A848U0C2,serotonin,Di
A0A848U0C2,serotonin,Mono
A0A848U0C2,serotonin,Tri
A0A848U0C2,threonine,Di
A0A848U0C2,threonine,Mono
A0A848U0C2,threonine,Tri
A0A848U0C2,tryptamine,Di
A0A848U0C2,tryptamine,Mono
A0A848U0C2,tryptamine,Tri
A0A848U0C2,tyramine,Di
A0A848U0C2,tyramine,Mono
A0A848U0C2,tyramine,Tri
A0A8D5FTP2,"2,3_diaminopropionic acid",Di
A0A8D5FTP2,"2,3_diaminopropionic acid",Mono
A0A8D5FTP2,"2,3_diaminopropionic acid",Tri
A0A8D5FTP2,2_aminophenol,Di
A0A8D5FTP2,2_aminophenol,Mono
A0A8D5FTP2,2_aminophenol,Tri
A0A8D5FTP2,3_methoxytyramine,Di
A0A8D5FTP2,3_methoxytyramine,Mono
A0A8D5FTP2,3_methoxytyramine,Tri
A0A8D5FTP2,alanine,Di
A0A8D5FTP2,alanine,Mono
A0A8D5FTP2,alanine,Tri
A0A8D5FTP2,arginine,Di
A0A8D5FTP2,arginine,Mono
A0A8D5FTP2,arginine,Tri
A0A8D5FTP2,asparagine,Di
A0A8D5FTP2,asparagine,Mono
A0A8D5FTP2,asparagine,Tri
A0A8D5FTP2,cadaverine,Di
A0A8D5FTP2,cadaverine,Mono
A0A8D5FTP2,cadaverine,Tri
A0A8D5FTP2,citrulline,Di
A0A8D5FTP2,citrulline,Mono
A0A8D5FTP2,citrulline,Tri
A0A8D5FTP2,cystine,Di
A0A8D5FTP2,cystine,Mono
A0A8D5FTP2,cystine,Tri
A0A8D5FTP2,dopamine,Di
A0A8D5FTP2,dopamine,Mono
A0A8D5FTP2,dopamine,Tri
A0A8D5FTP2,gaba,Di
A0A8D5FTP2,gaba,Mono
A0A8D5FTP2,gaba,Tri
A0A8D5FTP2,glutamine,Di
A0A8D5FTP2,glutamine,Mono
A0A8D5FTP2,glutamine,Tri
A0A8D5FTP2,glyglycine,Di
A0A8D5FTP2,glyglycine,Mono
A0A8D5FTP2,glyglycine,Tri
A0A8D5FTP2,histidine,Di
A0A8D5FTP2,histidine,Mono
A0A8D5FTP2,histidine,Tri
A0A8D5FTP2,lysine,Di
A0A8D5FTP2,lysine,Mono
A0A8D5FTP2,lysine,Tri
A0A8D5FTP2,methionine,Di
A0A8D5FTP2,methionine,Mono
A0A8D5FTP2,methionine,Tri
A0A8D5FTP2,ornithine,Di
A0A8D5FTP2,ornithine,Mono
A0A8D5FTP2,ornithine,Tri
A0A8D5FTP2,phenylalanine,Di
A0A8D5FTP2,phenylalanine,Mono
A0A8D5FTP2,phenylalanine,Tri
A0A8D5FTP2,proline,Di
A0A8D5FTP2,proline,Mono
A0A8D5FTP2,proline,Tri
A0A8D5FTP2,putrescine,Di
A0A8D5FTP2,putrescine,Mono
A0A8D5FTP2,putrescine,Tri
A0A8D5FTP2,serine,Di
A0A8D5FTP2,serine,Mono
A0A8D5FTP2,serine,Tri
A0A8D5FTP2,serotonin,Di
A0A8D5FTP2,serotonin,Mono
A0A8D5FTP2,serotonin,Tri
A0A8D5FTP2,threonine,Di
A0A8D5FTP2,threonine,Mono
A0A8D5FTP2,threonine,Tri
A0A8D5FTP2,tryptamine,Di
A0A8D5FTP2,tryptamine,Mono
A0A8D5FTP2,tryptamine,Tri
A0A8D5FTP2,tyramine,Di
A0A8D5FTP2,tyramine,Mono
A0A8D5FTP2,tyramine,Tri
A0A942AQR8,"2,3_diaminopropionic acid",Di
A0A942AQR8,"2,3_diaminopropionic acid",Mono
A0A942AQR8,"2,3_diaminopropionic acid",Tri
A0A942AQR8,2_aminophenol,Di
A0A942AQR8,2_aminophenol,Mono
A0A942AQR8,2_aminophenol,Tri
A0A942AQR8,3_methoxytyramine,Di
A0A942AQR8,3_methoxytyramine,Mono
A0A942AQR8,3_methoxytyramine,Tri
A0A942AQR8,alanine,Di
A0A942AQR8,alanine,Mono
A0A942AQR8,alanine,Tri
A0A942AQR8,arginine,Di
A0A942AQR8,arginine,Mono
A0A942AQR8,arginine,Tri
A0A942AQR8,asparagine,Di
A0A942AQR8,asparagine,Mono
A0A942AQR8,asparagine,Tri
A0A942AQR8,cadaverine,Di
A0A942AQR8,cadaverine,Mono
A0A942AQR8,cadaverine,Tri
A0A942AQR8,citrulline,Di
A0A942AQR8,citrulline,Mono
A0A942AQR8,citrulline,Tri
A0A942AQR8,cystine,Di
A0A942AQR8,cystine,Mono
A0A942AQR8,cystine,Tri
A0A942AQR8,dopamine,Di
A0A942AQR8,dopamine,Mono
A0A942AQR8,dopamine,Tri
A0A942AQR8,gaba,Di
A0A942AQR8,gaba,Mono
A0A942AQR8,gaba,Tri
A0A942AQR8,glutamine,Di
A0A942AQR8,glutamine,Mono
A0A942AQR8,glutamine,Tri
A0A942AQR8,glyglycine,Di
A0A942AQR8,glyglycine,Mono
A0A942AQR8,glyglycine,Tri
A0A942AQR8,histidine,Di
A0A942AQR8,histidine,Mono
A0A942AQR8,histidine,Tri
A0A942AQR8,lysine,Di
A0A942AQR8,lysine,Mono
A0A942AQR8,lysine,Tri
A0A942AQR8,methionine,Di
A0A942AQR8,methionine,Mono
A0A942AQR8,methionine,Tri
A0A942AQR8,ornithine,Di
A0A942AQR8,ornithine,Mono
A0A942AQR8,ornithine,Tri
A0A942AQR8,phenylalanine,Di
A0A942AQR8,phenylalanine,Mono
A0A942AQR8,phenylalanine,Tri
A0A942AQR8,proline,Di
A0A942AQR8,proline,Mono
A0A942AQR8,proline,Tri
A0A942AQR8,putrescine,Di
A0A942AQR8,putrescine,Mono
A0A942AQR8,putrescine,Tri
A0A942AQR8,serine,Di
A0A942AQR8,serine,Mono
A0A942AQR8,serine,Tri
A0A942AQR8,serotonin,Di
A0A942AQR8,serotonin,Mono
A0A942AQR8,serotonin,Tri
A0A942AQR8,threonine,Di
A0A942AQR8,threonine,Mono
A0A942AQR8,threonine,Tri
A0A942AQR8,tryptamine,Di
A0A942AQR8,tryptamine,Mono
A0A942AQR8,tryptamine,Tri
A0A942AQR8,tyramine,Di
A0A942AQR8,tyramine,Mono
A0A942AQR8,tyramine,Tri
A0A952U252,"2,3_diaminopropionic acid",Di
A0A952U252,"2,3_diaminopropionic acid",Mono
A0A952U252,"2,3_diaminopropionic acid",Tri
A0A952U252,2_aminophenol,Di
A0A952U252,2_aminophenol,Mono
A0A952U252,2_aminophenol,Tri
A0A952U252,3_methoxytyramine,Di
A0A952U252,3_methoxytyramine,Mono
A0A952U252,3_methoxytyramine,Tri
A0A952U252,alanine,Di
A0A952U252,alanine,Mono
A0A952U252,alanine,Tri
A0A952U252,arginine,Di
A0A952U252,arginine,Mono
A0A952U252,arginine,Tri
A0A952U252,asparagine,Di
A0A952U252,asparagine,Mono
A0A952U252,asparagine,Tri
A0A952U252,cadaverine,Di
A0A952U252,cadaverine,Mono
A0A952U252,cadaverine,Tri
A0A952U252,citrulline,Di
A0A952U252,citrulline,Mono
A0A952U252,citrulline,Tri
A0A952U252,cystine,Di
A0A952U252,cystine,Mono
A0A952U252,cystine,Tri
A0A952U252,dopamine,Di
A0A952U252,dopamine,Mono
A0A952U252,dopamine,Tri
A0A952U252,gaba,Di
A0A952U252,gaba,Mono
A0A952U252,gaba,Tri
A0A952U252,glutamine,Di
A0A952U252,glutamine,Mono
A0A952U252,glutamine,Tri
A0A952U252,glyglycine,Di
A0A952U252,glyglycine,Mono
A0A952U252,glyglycine,Tri
A0A952U252,histidine,Di
A0A952U252,histidine,Mono
A0A952U252,histidine,Tri
A0A952U252,lysine,Di
A0A952U252,lysine,Mono
A0A952U252,lysine,Tri
A0A952U252,methionine,Di
A0A952U252,methionine,Mono
A0A952U252,methionine,Tri
A0A952U252,ornithine,Di
A0A952U252,ornithine,Mono
A0A952U252,ornithine,Tri
A0A952U252,phenylalanine,Di
A0A952U252,phenylalanine,Mono
A0A952U252,phenylalanine,Tri
A0A952U252,proline,Di
A0A952U252,proline,Mono
A0A952U252,proline,Tri
A0A952U252,putrescine,Di
A0A952U252,putrescine,Mono
A0A952U252,putrescine,Tri
A0A952U252,serine,Di
A0A952U252,serine,Mono
A0A952U252,serine,Tri
A0A952U252,serotonin,Di
A0A952U252,serotonin,Mono
A0A952U252,serotonin,Tri
A0A952U252,threonine,Di
A0A952U252,threonine,Mono
A0A952U252,threonine,Tri
A0A952U252,tryptamine,Di
A0A952U252,tryptamine,Mono
A0A952U252,tryptamine,Tri
A0A952U252,tyramine,Di
A0A952U252,tyramine,Mono
A0A952U252,tyramine,Tri
A6LC91,"2,3_diaminopropionic acid",Di
A6LC91,"2,3_diaminopropionic acid",Mono
A6LC91,"2,3_diaminopropionic acid",Tri
A6LC91,2_aminophenol,Di
A6LC91,2_aminophenol,Mono
A6LC91,2_aminophenol,Tri
A6LC91,3_methoxytyramine,Di
A6LC91,3_methoxytyramine,Mono
A6LC91,3_methoxytyramine,Tri
A6LC91,alanine,Di
A6LC91,alanine,Mono
A6LC91,alanine,Tri
A6LC91,arginine,Di
A6LC91,arginine,Mono
A6LC91,arginine,Tri
A6LC91,asparagine,Di
A6LC91,asparagine,Mono
A6LC91,asparagine,Tri
A6LC91,cadaverine,Di
A6LC91,cadaverine,Mono
A6LC91,cadaverine,Tri
A6LC91,citrulline,Di
A6LC91,citrulline,Mono
A6LC91,citrulline,Tri
A6LC91,cystine,Di
A6LC91,cystine,Mono
A6LC91,cystine,Tri
A6LC91,dopamine,Di
A6LC91,dopamine,Mono
A6LC91,dopamine,Tri
A6LC91,gaba,Di
A6LC91,gaba,Mono
A6LC91,gaba,Tri
A6LC91,glutamine,Di
A6LC91,glutamine,Mono
A6LC91,glutamine,Tri
A6LC91,glyglycine,Di
A6LC91,glyglycine,Mono
A6LC91,glyglycine,Tri
A6LC91,histidine,Di
A6LC91,histidine,Mono
A6LC91,histidine,Tri
A6LC91,lysine,Di
A6LC91,lysine,Mono
A6LC91,lysine,Tri
A6LC91,methionine,Di
A6LC91,methionine,Mono
A6LC91,methionine,Tri
A6LC91,ornithine,Di
A6LC91,ornithine,Mono
A6LC91,ornithine,Tri
A6LC91,phenylalanine,Di
A6LC91,phenylalanine,Mono
A6LC91,phenylalanine,Tri
A6LC91,proline,Di
A6LC91,proline,Mono
A6LC91,proline,Tri
A6LC91,putrescine,Di
A6LC91,putrescine,Mono
A6LC91,putrescine,Tri
A6LC91,serine,Di
A6LC91,serine,Mono
A6LC91,serine,Tri
A6LC91,serotonin,Di
A6LC91,serotonin,Mono
A6LC91,serotonin,Tri
A6LC91,threonine,Di
A6LC91,threonine,Mono
A6LC91,threonine,Tri
A6LC91,tryptamine,Di
A6LC91,tryptamine,Mono
A6LC91,tryptamine,Tri
A6LC91,tyramine,Di
A6LC91,tyramine,Mono
A6LC91,tyramine,Tri
B0MC37,"2,3_diaminopropionic acid",Di
B0MC37,"2,3_diaminopropionic acid",Mono
B0MC37,"2,3_diaminopropionic acid",Tri
B0MC37,2_aminophenol,Di
B0MC37,2_aminophenol,Mono
B0MC37,2_aminophenol,Tri
B0MC37,3_methoxytyramine,Di
B0MC37,3_methoxytyramine,Mono
B0MC37,3_methoxytyramine,Tri
B0MC37,alanine,Di
B0MC37,alanine,Mono
B0MC37,alanine,Tri
B0MC37,arginine,Di
B0MC37,arginine,Mono
B0MC37,arginine,Tri
B0MC37,asparagine,Di
B0MC37,asparagine,Mono
B0MC37,asparagine,Tri
B0MC37,cadaverine,Di
B0MC37,cadaverine,Mono
B0MC37,cadaverine,Tri
B0MC37,citrulline,Di
B0MC37,citrulline,Mono
B0MC37,citrulline,Tri
B0MC37,cystine,Di
B0MC37,cystine,Mono
B0MC37,cystine,Tri
B0MC37,dopamine,Di
B0MC37,dopamine,Mono
B0MC37,dopamine,Tri
B0MC37,gaba,Di
B0MC37,gaba,Mono
B0MC37,gaba,Tri
B0MC37,glutamine,Di
B0MC37,glutamine,Mono
B0MC37,glutamine,Tri
B0MC37,glyglycine,Di
B0MC37,glyglycine,Mono
B0MC37,glyglycine,Tri
B0MC37,histidine,Di
B0MC37,histidine,Mono
B0MC37,histidine,Tri
B0MC37,lysine,Di
B0MC37,lysine,Mono
B0MC37,lysine,Tri
B0MC37,methionine,Di
B0MC37,methionine,Mono
B0MC37,methionine,Tri
B0MC37,ornithine,Di
B0MC37,ornithine,Mono
B0MC37,ornithine,Tri
B0MC37,phenylalanine,Di
B0MC37,phenylalanine,Mono
B0MC37,phenylalanine,Tri
B0MC37,proline,Di
B0MC37,proline,Mono
B0MC37,proline,Tri
B0MC37,putrescine,Di
B0MC37,putrescine,Mono
B0MC37,putrescine,Tri
B0MC37,serine,Di
B0MC37,serine,Mono
B0MC37,serine,Tri
B0MC37,serotonin,Di
B0MC37,serotonin,Mono
B0MC37,serotonin,Tri
B0MC37,threonine,Di
B0MC37,threonine,Mono
B0MC37,threonine,Tri
B0MC37,tryptamine,Di
B0MC37,tryptamine,Mono
B0MC37,tryptamine,Tri
B0MC37,tyramine,Di
B0MC37,tyramine,Mono
B0MC37,tyramine,Tri
B5D243,"2,3_diaminopropionic acid",Di
B5D243,"2,3_diaminopropionic acid",Mono
B5D243,"2,3_diaminopropionic acid",Tri
B5D243,2_aminophenol,Di
B5D243,2_aminophenol,Mono
B5D243,2_aminophenol,Tri
B5D243,3_methoxytyramine,Di
B5D243,3_methoxytyramine,Mono
B5D243,3_methoxytyramine,Tri
B5D243,alanine,Di
B5D243,alanine,Mono
B5D243,alanine,Tri
B5D243,arginine,Di
B5D243,arginine,Mono
B5D243,arginine,Tri
B5D243,asparagine,Di
B5D243,asparagine,Mono
B5D243,asparagine,Tri
B5D243,cadaverine,Di
B5D243,cadaverine,Mono
B5D243,cadaverine,Tri
B5D243,citrulline,Di
B5D243,citrulline,Mono
B5D243,citrulline,Tri
B5D243,cystine,Di
B5D243,cystine,Mono
B5D243,cystine,Tri
B5D243,dopamine,Di
B5D243,dopamine,Mono
B5D243,dopamine,Tri
B5D243,gaba,Di
B5D243,gaba,Mono
B5D243,gaba,Tri
B5D243,glutamine,Di
B5D243,glutamine,Mono
B5D243,glutamine,Tri
B5D243,glyglycine,Di
B5D243,glyglycine,Mono
B5D243,glyglycine,Tri
B5D243,histidine,Di
B5D243,histidine,Mono
B5D243,histidine,Tri
B5D243,lysine,Di
B5D243,lysine,Mono
B5D243,lysine,Tri
B5D243,methionine,Di
B5D243,methionine,Mono
B5D243,methionine,Tri
B5D243,ornithine,Di
B5D243,ornithine,Mono
B5D243,ornithine,Tri
B5D243,phenylalanine,Di
B5D243,phenylalanine,Mono
B5D243,phenylalanine,Tri
B5D243,proline,Di
B5D243,proline,Mono
B5D243,proline,Tri
B5D243,putrescine,Di
B5D243,putrescine,Mono
B5D243,putrescine,Tri
B5D243,serine,Di
B5D243,serine,Mono
B5D243,serine,Tri
B5D243,serotonin,Di
B5D243,serotonin,Mono
B5D243,serotonin,Tri
B5D243,threonine,Di
B5D243,threonine,Mono
B5D243,threonine,Tri
B5D243,tryptamine,Di
B5D243,tryptamine,Mono
B5D243,tryptamine,Tri
B5D243,tyramine,Di
B5D243,tyramine,Mono
B5D243,tyramine,Tri
B7AVX6,"2,3_diaminopropionic acid",Di
B7AVX6,"2,3_diaminopropionic acid",Mono
B7AVX6,"2,3_diaminopropionic acid",Tri
B7AVX6,2_aminophenol,Di
B7AVX6,2_aminophenol,Mono
B7AVX6,2_aminophenol,Tri
B7AVX6,3_methoxytyramine,Di
B7AVX6,3_methoxytyramine,Mono
B7AVX6,3_methoxytyramine,Tri
B7AVX6,alanine,Di
B7AVX6,alanine,Mono
B7AVX6,alanine,Tri
B7AVX6,arginine,Di
B7AVX6,arginine,Mono
B7AVX6,arginine,Tri
B7AVX6,asparagine,Di
B7AVX6,asparagine,Mono
B7AVX6,asparagine,Tri
B7AVX6,cadaverine,Di
B7AVX6,cadaverine,Mono
B7AVX6,cadaverine,Tri
B7AVX6,citrulline,Di
B7AVX6,citrulline,Mono
B7AVX6,citrulline,Tri
B7AVX6,cystine,Di
B7AVX6,cystine,Mono
B7AVX6,cystine,Tri
B7AVX6,dopamine,Di
B7AVX6,dopamine,Mono
B7AVX6,dopamine,Tri
B7AVX6,gaba,Di
B7AVX6,gaba,Mono
B7AVX6,gaba,Tri
B7AVX6,glutamine,Di
B7AVX6,glutamine,Mono
B7AVX6,glutamine,Tri
B7AVX6,glyglycine,Di
B7AVX6,glyglycine,Mono
B7AVX6,glyglycine,Tri
B7AVX6,histidine,Di
B7AVX6,histidine,Mono
B7AVX6,histidine,Tri
B7AVX6,lysine,Di
B7AVX6,lysine,Mono
B7AVX6,lysine,Tri
B7AVX6,methionine,Di
B7AVX6,methionine,Mono
B7AVX6,methionine,Tri
B7AVX6,ornithine,Di
B7AVX6,ornithine,Mono
B7AVX6,ornithine,Tri
B7AVX6,phenylalanine,Di
B7AVX6,phenylalanine,Mono
B7AVX6,phenylalanine,Tri
B7AVX6,proline,Di
B7AVX6,proline,Mono
B7AVX6,proline,Tri
B7AVX6,putrescine,Di
B7AVX6,putrescine,Mono
B7AVX6,putrescine,Tri
B7AVX6,serine,Di
B7AVX6,serine,Mono
B7AVX6,serine,Tri
B7AVX6,serotonin,Di
B7AVX6,serotonin,Mono
B7AVX6,serotonin,Tri
B7AVX6,threonine,Di
B7AVX6,threonine,Mono
B7AVX6,threonine,Tri
B7AVX6,tryptamine,Di
B7AVX6,tryptamine,Mono
B7AVX6,tryptamine,Tri
B7AVX6,tyramine,Di
B7AVX6,tyramine,Mono
B7AVX6,tyramine,Tri
C0ERS1,"2,3_diaminopropionic acid",Di
C0ERS1,"2,3_diaminopropionic acid",Mono
C0ERS1,"2,3_diaminopropionic acid",Tri
C0ERS1,2_aminophenol,Di
C0ERS1,2_aminophenol,Mono
C0ERS1,2_aminophenol,Tri
C0ERS1,3_methoxytyramine,Di
C0ERS1,3_methoxytyramine,Mono
C0ERS1,3_methoxytyramine,Tri
C0ERS1,alanine,Di
C0ERS1,alanine,Mono
C0ERS1,alanine,Tri
C0ERS1,arginine,Di
C0ERS1,arginine,Mono
C0ERS1,arginine,Tri
C0ERS1,asparagine,Di
C0ERS1,asparagine,Mono
C0ERS1,asparagine,Tri
C0ERS1,cadaverine,Di
C0ERS1,cadaverine,Mono
C0ERS1,cadaverine,Tri
C0ERS1,citrulline,Di
C0ERS1,citrulline,Mono
C0ERS1,citrulline,Tri
C0ERS1,cystine,Di
C0ERS1,cystine,Mono
C0ERS1,cystine,Tri
C0ERS1,dopamine,Di
C0ERS1,dopamine,Mono
C0ERS1,dopamine,Tri
C0ERS1,gaba,Di
C0ERS1,gaba,Mono
C0ERS1,gaba,Tri
C0ERS1,glutamine,Di
C0ERS1,glutamine,Mono
C0ERS1,glutamine,Tri
C0ERS1,glyglycine,Di
C0ERS1,glyglycine,Mono
C0ERS1,glyglycine,Tri
C0ERS1,histidine,Di
C0ERS1,histidine,Mono
C0ERS1,histidine,Tri
C0ERS1,lysine,Di
C0ERS1,lysine,Mono
C0ERS1,lysine,Tri
C0ERS1,methionine,Di
C0ERS1,methionine,Mono
C0ERS1,methionine,Tri
C0ERS1,ornithine,Di
C0ERS1,ornithine,Mono
C0ERS1,ornithine,Tri
C0ERS1,phenylalanine,Di
C0ERS1,phenylalanine,Mono
C0ERS1,phenylalanine,Tri
C0ERS1,proline,Di
C0ERS1,proline,Mono
C0ERS1,proline,Tri
C0ERS1,putrescine,Di
C0ERS1,putrescine,Mono
C0ERS1,putrescine,Tri
C0ERS1,serine,Di
C0ERS1,serine,Mono
C0ERS1,serine,Tri
C0ERS1,serotonin,Di
C0ERS1,serotonin,Mono
C0ERS1,serotonin,Tri
C0ERS1,threonine,Di
C0ERS1,threonine,Mono
C0ERS1,threonine,Tri
C0ERS1,tryptamine,Di
C0ERS1,tryptamine,Mono
C0ERS1,tryptamine,Tri
C0ERS1,tyramine,Di
C0ERS1,tyramine,Mono
C0ERS1,tyramine,Tri
G5H9N3,"2,3_diaminopropionic acid",Di
G5H9N3,"2,3_diaminopropionic acid",Mono
G5H9N3,"2,3_diaminopropionic acid",Tri
G5H9N3,2_aminophenol,Di
G5H9N3,2_aminophenol,Mono
G5H9N3,2_aminophenol,Tri
G5H9N3,3_methoxytyramine,Di
G5H9N3,3_methoxytyramine,Mono
G5H9N3,3_methoxytyramine,Tri
G5H9N3,alanine,Di
G5H9N3,alanine,Mono
G5H9N3,alanine,Tri
G5H9N3,arginine,Di
G5H9N3,arginine,Mono
G5H9N3,arginine,Tri
G5H9N3,asparagine,Di
G5H9N3,asparagine,Mono
G5H9N3,asparagine,Tri
G5H9N3,cadaverine,Di
G5H9N3,cadaverine,Mono
G5H9N3,cadaverine,Tri
G5H9N3,citrulline,Di
G5H9N3,citrulline,Mono
G5H9N3,citrulline,Tri
G5H9N3,cystine,Di
G5H9N3,cystine,Mono
G5H9N3,cystine,Tri
G5H9N3,dopamine,Di
G5H9N3,dopamine,Mono
G5H9N3,dopamine,Tri
G5H9N3,gaba,Di
G5H9N3,gaba,Mono
G5H9N3,gaba,Tri
G5H9N3,glutamine,Di
G5H9N3,glutamine,Mono
G5H9N3,glutamine,Tri
G5H9N3,glyglycine,Di
G5H9N3,glyglycine,Mono
G5H9N3,glyglycine,Tri
G5H9N3,histidine,Di
G5H9N3,histidine,Mono
G5H9N3,histidine,Tri
G5H9N3,lysine,Di
G5H9N3,lysine,Mono
G5H9N3,lysine,Tri
G5H9N3,methionine,Di
G5H9N3,methionine,Mono
G5H9N3,methionine,Tri
G5H9N3,ornithine,Di
G5H9N3,ornithine,Mono
G5H9N3,ornithine,Tri
G5H9N3,phenylalanine,Di
G5H9N3,phenylalanine,Mono
G5H9N3,phenylalanine,Tri
G5H9N3,proline,Di
G5H9N3,proline,Mono
G5H9N3,proline,Tri
G5H9N3,putrescine,Di
G5H9N3,putrescine,Mono
G5H9N3,putrescine,Tri
G5H9N3,serine,Di
G5H9N3,serine,Mono
G5H9N3,serine,Tri
G5H9N3,serotonin,Di
G5H9N3,serotonin,Mono
G5H9N3,serotonin,Tri
G5H9N3,threonine,Di
G5H9N3,threonine,Mono
G5H9N3,threonine,Tri
G5H9N3,tryptamine,Di
G5H9N3,tryptamine,Mono
G5H9N3,tryptamine,Tri
G5H9N3,tyramine,Di
G5H9N3,tyramine,Mono
G5H9N3,tyramine,Tri
G5H9U7,"2,3_diaminopropionic acid",Di
G5H9U7,"2,3_diaminopropionic acid",Mono
G5H9U7,"2,3_diaminopropionic acid",Tri
G5H9U7,2_aminophenol,Di
G5H9U7,2_aminophenol,Mono
G5H9U7,2_aminophenol,Tri
G5H9U7,3_methoxytyramine,Di
G5H9U7,3_methoxytyramine,Mono
G5H9U7,3_methoxytyramine,Tri
G5H9U7,alanine,Di
G5H9U7,alanine,Mono
G5H9U7,alanine,Tri
G5H9U7,arginine,Di
G5H9U7,arginine,Mono
G5H9U7,arginine,Tri
G5H9U7,asparagine,Di
G5H9U7,asparagine,Mono
G5H9U7,asparagine,Tri
G5H9U7,cadaverine,Di
G5H9U7,cadaverine,Mono
G5H9U7,cadaverine,Tri
G5H9U7,citrulline,Di
G5H9U7,citrulline,Mono
G5H9U7,citrulline,Tri
G5H9U7,cystine,Di
G5H9U7,cystine,Mono
G5H9U7,cystine,Tri
G5H9U7,dopamine,Di
G5H9U7,dopamine,Mono
G5H9U7,dopamine,Tri
G5H9U7,gaba,Di
G5H9U7,gaba,Mono
G5H9U7,gaba,Tri
G5H9U7,glutamine,Di
G5H9U7,glutamine,Mono
G5H9U7,glutamine,Tri
G5H9U7,glyglycine,Di
G5H9U7,glyglycine,Mono
G5H9U7,glyglycine,Tri
G5H9U7,histidine,Di
G5H9U7,histidine,Mono
G5H9U7,histidine,Tri
G5H9U7,lysine,Di
G5H9U7,lysine,Mono
G5H9U7,lysine,Tri
G5H9U7,methionine,Di
G5H9U7,methionine,Mono
G5H9U7,methionine,Tri
G5H9U7,ornithine,Di
G5H9U7,ornithine,Mono
G5H9U7,ornithine,Tri
G5H9U7,phenylalanine,Di
G5H9U7,phenylalanine,Mono
G5H9U7,phenylalanine,Tri
G5H9U7,proline,Di
G5H9U7,proline,Mono
G5H9U7,proline,Tri
G5H9U7,putrescine,Di
G5H9U7,putrescine,Mono
G5H9U7,putrescine,Tri
G5H9U7,serine,Di
G5H9U7,serine,Mono
G5H9U7,serine,Tri
G5H9U7,serotonin,Di
G5H9U7,serotonin,Mono
G5H9U7,serotonin,Tri
G5H9U7,threonine,Di
G5H9U7,threonine,Mono
G5H9U7,threonine,Tri
G5H9U7,tryptamine,Di
G5H9U7,tryptamine,Mono
G5H9U7,tryptamine,Tri
G5H9U7,tyramine,Di
G5H9U7,tyramine,Mono
G5H9U7,tyramine,Tri
P12256,"2,3_diaminopropionic acid",Di
P12256,"2,3_diaminopropionic acid",Mono
P12256,"2,3_diaminopropionic acid",Tri
P12256,2_aminophenol,Di
P12256,2_aminophenol,Mono
P12256,2_aminophenol,Tri
P12256,3_methoxytyramine,Di
P12256,3_methoxytyramine,Mono
P12256,3_methoxytyramine,Tri
P12256,alanine,Di
P12256,alanine,Mono
P12256,alanine,Tri
P12256,arginine,Di
P12256,arginine,Mono
P12256,arginine,Tri
P12256,asparagine,Di
P12256,asparagine,Mono
P12256,asparagine,Tri
P12256,cadaverine,Di
P12256,cadaverine,Mono
P12256,cadaverine,Tri
P12256,citrulline,Di
P12256,citrulline,Mono
P12256,citrulline,Tri
P12256,cystine,Di
P12256,cystine,Mono
P12256,cystine,Tri
P12256,dopamine,Di
P12256,dopamine,Mono
P12256,dopamine,Tri
P12256,gaba,Di
P12256,gaba,Mono
P12256,gaba,Tri
P12256,glutamine,Di
P12256,glutamine,Mono
P12256,glutamine,Tri
P12256,glyglycine,Di
P12256,glyglycine,Mono
P12256,glyglycine,Tri
P12256,histidine,Di
P12256,histidine,Mono
P12256,histidine,Tri
P12256,lysine,Di
P12256,lysine,Mono
P12256,lysine,Tri
P12256,methionine,Di
P12256,methionine,Mono
P12256,methionine,Tri
P12256,ornithine,Di
P12256,ornithine,Mono
P12256,ornithine,Tri
P12256,phenylalanine,Di
P12256,phenylalanine,Mono
P12256,phenylalanine,Tri
P12256,proline,Di
P12256,proline,Mono
P12256,proline,Tri
P12256,putrescine,Di
P12256,putrescine,Mono
P12256,putrescine,Tri
P12256,serine,Di
P12256,serine,Mono
P12256,serine,Tri
P12256,serotonin,Di
P12256,serotonin,Mono
P12256,serotonin,Tri
P12256,threonine,Di
P12256,threonine,Mono
P12256,threonine,Tri
P12256,tryptamine,Di
P12256,tryptamine,Mono
P12256,tryptamine,Tri
P12256,tyramine,Di
P12256,tyramine,Mono
P12256,tyramine,Tri
Q8Y9S7,"2,3_diaminopropionic acid",Di
Q8Y9S7,"2,3_diaminopropionic acid",Mono
Q8Y9S7,"2,3_diaminopropionic acid",Tri
Q8Y9S7,2_aminophenol,Di
Q8Y9S7,2_aminophenol,Mono
Q8Y9S7,2_aminophenol,Tri
Q8Y9S7,3_methoxytyramine,Di
Q8Y9S7,3_methoxytyramine,Mono
Q8Y9S7,3_methoxytyramine,Tri
Q8Y9S7,alanine,Di
Q8Y9S7,alanine,Mono
Q8Y9S7,alanine,Tri
Q8Y9S7,arginine,Di
Q8Y9S7,arginine,Mono
Q8Y9S7,arginine,Tri
Q8Y9S7,asparagine,Di
Q8Y9S7,asparagine,Mono
Q8Y9S7,asparagine,Tri
Q8Y9S7,cadaverine,Di
Q8Y9S7,cadaverine,Mono
Q8Y9S7,cadaverine,Tri
Q8Y9S7,citrulline,Di
Q8Y9S7,citrulline,Mono
Q8Y9S7,citrulline,Tri
Q8Y9S7,cystine,Di
Q8Y9S7,cystine,Mono
Q8Y9S7,cystine,Tri
Q8Y9S7,dopamine,Di
Q8Y9S7,dopamine,Mono
Q8Y9S7,dopamine,Tri
Q8Y9S7,gaba,Di
Q8Y9S7,gaba,Mono
Q8Y9S7,gaba,Tri
Q8Y9S7,glutamine,Di
Q8Y9S7,glutamine,Mono
Q8Y9S7,glutamine,Tri
Q8Y9S7,glyglycine,Di
Q8Y9S7,glyglycine,Mono
Q8Y9S7,glyglycine,Tri
Q8Y9S7,histidine,Di
Q8Y9S7,histidine,Mono
Q8Y9S7,histidine,Tri
Q8Y9S7,lysine,Di
Q8Y9S7,lysine,Mono
Q8Y9S7,lysine,Tri
Q8Y9S7,methionine,Di
Q8Y9S7,methionine,Mono
Q8Y9S7,methionine,Tri
Q8Y9S7,ornithine,Di
Q8Y9S7,ornithine,Mono
Q8Y9S7,ornithine,Tri
Q8Y9S7,phenylalanine,Di
Q8Y9S7,phenylalanine,Mono
Q8Y9S7,phenylalanine,Tri
Q8Y9S7,proline,Di
Q8Y9S7,proline,Mono
Q8Y9S7,proline,Tri
Q8Y9S7,putrescine,Di
Q8Y9S7,putrescine,Mono
Q8Y9S7,putrescine,Tri
Q8Y9S7,serine,Di
Q8Y9S7,serine,Mono
Q8Y9S7,serine,Tri
Q8Y9S7,serotonin,Di
Q8Y9S7,serotonin,Mono
Q8Y9S7,serotonin,Tri
Q8Y9S7,threonine,Di
Q8Y9S7,threonine,Mono
Q8Y9S7,threonine,Tri
Q8Y9S7,tryptamine,Di
Q8Y9S7,tryptamine,Mono
Q8Y9S7,tryptamine,Tri
Q8Y9S7,tyramine,Di
Q8Y9S7,tyramine,Mono
Q8Y9S7,tyramine,Tri
R7PBA0,"2,3_diaminopropionic acid",Di
R7PBA0,"2,3_diaminopropionic acid",Mono
R7PBA0,"2,3_diaminopropionic acid",Tri
R7PBA0,2_aminophenol,Di
R7PBA0,2_aminophenol,Mono
R7PBA0,2_aminophenol,Tri
R7PBA0,3_methoxytyramine,Di
R7PBA0,3_methoxytyramine,Mono
R7PBA0,3_methoxytyramine,Tri
R7PBA0,alanine,Di
R7PBA0,alanine,Mono
R7PBA0,alanine,Tri
R7PBA0,arginine,Di
R7PBA0,arginine,Mono
R7PBA0,arginine,Tri
R7PBA0,asparagine,Di
R7PBA0,asparagine,Mono
R7PBA0,asparagine,Tri
R7PBA0,cadaverine,Di
R7PBA0,cadaverine,Mono
R7PBA0,cadaverine,Tri
R7PBA0,citrulline,Di
R7PBA0,citrulline,Mono
R7PBA0,citrulline,Tri
R7PBA0,cystine,Di
R7PBA0,cystine,Mono
R7PBA0,cystine,Tri
R7PBA0,dopamine,Di
R7PBA0,dopamine,Mono
R7PBA0,dopamine,Tri
R7PBA0,gaba,Di
R7PBA0,gaba,Mono
R7PBA0,gaba,Tri
R7PBA0,glutamine,Di
R7PBA0,glutamine,Mono
R7PBA0,glutamine,Tri
R7PBA0,glyglycine,Di
R7PBA0,glyglycine,Mono
R7PBA0,glyglycine,Tri
R7PBA0,histidine,Di
R7PBA0,histidine,Mono
R7PBA0,histidine,Tri
R7PBA0,lysine,Di
R7PBA0,lysine,Mono
R7PBA0,lysine,Tri
R7PBA0,methionine,Di
R7PBA0,methionine,Mono
R7PBA0,methionine,Tri
R7PBA0,ornithine,Di
R7PBA0,ornithine,Mono
R7PBA0,ornithine,Tri
R7PBA0,phenylalanine,Di
R7PBA0,phenylalanine,Mono
R7PBA0,phenylalanine,Tri
R7PBA0,proline,Di
R7PBA0,proline,Mono
R7PBA0,proline,Tri
R7PBA0,putrescine,Di
R7PBA0,putrescine,Mono
R7PBA0,putrescine,Tri
R7PBA0,serine,Di
R7PBA0,serine,Mono
R7PBA0,serine,Tri
R7PBA0,serotonin,Di
R7PBA0,serotonin,Mono
R7PBA0,serotonin,Tri
R7PBA0,threonine,Di
R7PBA0,threonine,Mono
R7PBA0,threonine,Tri
R7PBA0,tryptamine,Di
R7PBA0,tryptamine,Mono
R7PBA0,tryptamine,Tri
R7PBA0,tyramine,Di
R7PBA0,tyramine,Mono
R7PBA0,tyramine,Tri
U2D571,"2,3_diaminopropionic acid",Di
U2D571,"2,3_diaminopropionic acid",Mono
U2D571,"2,3_diaminopropionic acid",Tri
U2D571,2_aminophenol,Di
U2D571,2_aminophenol,Mono
U2D571,2_aminophenol,Tri
U2D571,3_methoxytyramine,Di
U2D571,3_methoxytyramine,Mono
U2D571,3_methoxytyramine,Tri
U2D571,alanine,Di
U2D571,alanine,Mono
U2D571,alanine,Tri
U2D571,arginine,Di
U2D571,arginine,Mono
U2D571,arginine,Tri
U2D571,asparagine,Di
U2D571,asparagine,Mono
U2D571,asparagine,Tri
U2D571,cadaverine,Di
U2D571,cadaverine,Mono
U2D571,cadaverine,Tri
U2D571,citrulline,Di
U2D571,citrulline,Mono
U2D571,citrulline,Tri
U2D571,cystine,Di
U2D571,cystine,Mono
U2D571,cystine,Tri
U2D571,dopamine,Di
U2D571,dopamine,Mono
U2D571,dopamine,Tri
U2D571,gaba,Di
U2D571,gaba,Mono
U2D571,gaba,Tri
U2D571,glutamine,Di
U2D571,glutamine,Mono
U2D571,glutamine,Tri
U2D571,glyglycine,Di
U2D571,glyglycine,Mono
U2D571,glyglycine,Tri
U2D571,histidine,Di
U2D571,histidine,Mono
U2D571,histidine,Tri
U2D571,lysine,Di
U2D571,lysine,Mono
U2D571,lysine,Tri
U2D571,methionine,Di
U2D571,methionine,Mono
U2D571,methionine,Tri
U2D571,ornithine,Di
U2D571,ornithine,Mono
U2D571,ornithine,Tri
U2D571,phenylalanine,Di
U2D571,phenylalanine,Mono
U2D571,phenylalanine,Tri
U2D571,proline,Di
U2D571,proline,Mono
U2D571,proline,Tri
U2D571,putrescine,Di
U2D571,putrescine,Mono
U2D571,putrescine,Tri
U2D571,serine,Di
U2D571,serine,Mono
U2D571,serine,Tri
U2D571,serotonin,Di
U2D571,serotonin,Mono
U2D571,serotonin,Tri
U2D571,threonine,Di
U2D571,threonine,Mono
U2D571,threonine,Tri
U2D571,tryptamine,Di
U2D571,tryptamine,Mono
U2D571,tryptamine,Tri
U2D571,tyramine,Di
U2D571,tyramine,Mono
U2D571,tyramine,Tri
