Enzyme,Amine,Hydroxyl,active,raw,calibrated,was
A0A069S9I0,"2,3_diaminopropionic acid",Di,0,0.3064,0.22,test
A0A069S9I0,"2,3_diaminopropionic acid",Mono,0,0.102,0.0758,test
A0A069S9I0,"2,3_diaminopropionic acid",Tri,0,0.7899,0.7234,test
A0A069S9I0,2_aminophenol,Di,0,0.896,0.7547,test
A0A069S9I0,2_aminophenol,Mono,0,0.2895,0.1867,test
A0A069S9I0,2_aminophenol,Tri,0,0.9029,0.7921,test
A0A069S9I0,3_methoxytyramine,Di,0,0.5944,0.566,test
A0A069S9I0,3_methoxytyramine,Mono,0,0.0272,0.0264,test
A0A069S9I0,3_methoxytyramine,Tri,0,0.2457,0.1466,test
A0A069S9I0,alanine,Di,0,0.9833,0.8343,test
A0A069S9I0,alanine,Mono,0,0.8323,0.7547,test
A0A069S9I0,alanine,Tri,0,0.1918,0.1317,test
A0A069S9I0,arginine,Di,0,0.0031,0.0096,test
A0A069S9I0,arginine,Mono,0,0.0007,0.0069,test
A0A069S9I0,arginine,Tri,0,0.0039,0.0096,test
A0A069S9I0,asparagine,Di,0,0.1394,0.1192,test
A0A069S9I0,asparagine,Mono,0,0.0729,0.0679,test
A0A069S9I0,asparagine,Tri,0,0.9654,0.8273,test
A0A069S9I0,cadaverine,Di,0,0.0069,0.0157,test
A0A069S9I0,cadaverine,Mono,0,0.0024,0.0096,test
A0A069S9I0,cadaverine,Tri,0,0.0198,0.0264,test
A0A069S9I0,citrulline,Di,0,0.0102,0.0179,test
A0A069S9I0,citrulline,Mono,0,0.0017,0.0096,test
A0A069S9I0,citrulline,Tri,0,0.0046,0.0097,test
A0A069S9I0,cystine,Di,0,0.017,0.0264,test
A0A069S9I0,cystine,Mono,0,0.0019,0.0096,test
A0A069S9I0,cystine,Tri,0,0.0146,0.0264,test
A0A069S9I0,dopamine,Di,0,0.4745,0.37,test
A0A069S9I0,dopamine,Mono,0,0.0832,0.0741,test
A0A069S9I0,dopamine,Tri,0,0.9615,0.7921,test
A0A069S9I0,gaba,Di,0,0.9851,0.8343,test
A0A069S9I0,gaba,Mono,0,0.9737,0.8273,test
A0A069S9I0,gaba,Tri,0,0.9905,0.8873,test
A0A069S9I0,glutamine,Di,0,0.0283,0.0264,test
A0A069S9I0,glutamine,Mono,0,0.0128,0.0264,test
A0A069S9I0,glutamine,Tri,0,0.0171,0.0264,test
A0A069S9I0,glyglycine,Di,0,0.0231,0.0264,test
A0A069S9I0,glyglycine,Mono,0,0.0064,0.0157,test
A0A069S9I0,glyglycine,Tri,0,0.0348,0.046,test
A0A069S9I0,histidine,Di,0,0.0013,0.0096,test
A0A069S9I0,histidine,Mono,0,0.0007,0.0069,test
A0A069S9I0,histidine,Tri,0,0.0034,0.0096,test
A0A069S9I0,lysine,Di,0,0.1057,0.0758,test
A0A069S9I0,lysine,Mono,0,0.0173,0.0264,test
A0A069S9I0,lysine,Tri,0,0.0175,0.0264,test
A0A069S9I0,methionine,Di,0,0.0527,0.0679,test
A0A069S9I0,methionine,Mono,0,0.013,0.0264,test
A0A069S9I0,methionine,Tri,0,0.0267,0.0264,test
A0A069S9I0,ornithine,Di,0,0.0699,0.0679,test
A0A069S9I0,ornithine,Mono,0,0.0154,0.0264,test
A0A069S9I0,ornithine,Tri,0,0.0197,0.0264,test
A0A069S9I0,phenylalanine,Di,0,0.9903,0.8873,test
A0A069S9I0,phenylalanine,Mono,0,0.1722,0.1317,test
A0A069S9I0,phenylalanine,Tri,0,0.9925,0.8962,test
A0A069S9I0,proline,Di,0,0.0065,0.0157,test
A0A069S9I0,proline,Mono,0,0.007,0.0157,test
A0A069S9I0,proline,Tri,0,0.0483,0.0679,test
A0A069S9I0,putrescine,Di,0,0.0105,0.0179,test
A0A069S9I0,putrescine,Mono,0,0.0035,0.0096,test
A0A069S9I0,putrescine,Tri,0,0.0295,0.0264,test
A0A069S9I0,serine,Di,0,0.0536,0.0679,test
A0A069S9I0,serine,Mono,0,0.1145,0.0758,test
A0A069S9I0,serine,Tri,0,0.058,0.0679,test
A0A069S9I0,serotonin,Di,0,0.005,0.0097,test
A0A069S9I0,serotonin,Mono,0,0.0607,0.0679,test
A0A069S9I0,serotonin,Tri,0,0.012,0.0264,test
A0A069S9I0,threonine,Di,0,0.0082,0.0167,test
A0A069S9I0,threonine,Mono,0,0.0177,0.0264,test
A0A069S9I0,threonine,Tri,0,0.0018,0.0096,test
A0A069S9I0,tryptamine,Di,0,0.0061,0.0157,test
A0A069S9I0,tryptamine,Mono,0,0.0016,0.0096,test
A0A069S9I0,tryptamine,Tri,0,0.0191,0.0264,test
A0A069S9I0,tyramine,Di,0,0.037,0.046,test
A0A069S9I0,tyramine,Mono,0,0.3252,0.2642,test
A0A069S9I0,tyramine,Tri,0,0.069,0.0679,test
A0A078S2R5,"2,3_diaminopropionic acid",Di,1,0.1688,0.1317,dev
A0A078S2R5,"2,3_diaminopropionic acid",Mono,0,0.0295,0.0264,dev
A0A078S2R5,"2,3_diaminopropionic acid",Tri,1,0.5774,0.566,dev
A0A078S2R5,2_aminophenol,Di,1,0.8322,0.7547,dev
A0A078S2R5,2_aminophenol,Mono,1,0.1212,0.0781,dev
A0A078S2R5,2_aminophenol,Tri,1,0.8524,0.7547,dev
A0A078S2R5,3_methoxytyramine,Di,1,0.6592,0.5862,dev
A0A078S2R5,3_methoxytyramine,Mono,0,0.017,0.0264,dev
A0A078S2R5,3_methoxytyramine,Tri,0,0.2283,0.1466,dev
A0A078S2R5,alanine,Di,1,0.952,0.7921,dev
A0A078S2R5,alanine,Mono,1,0.5072,0.4048,dev
A0A078S2R5,alanine,Tri,0,0.0655,0.0679,dev
A0A078S2R5,arginine,Di,0,0.0026,0.0096,dev
A0A078S2R5,arginine,Mono,0,0.0005,0.0069,dev
A0A078S2R5,arginine,Tri,0,0.0031,0.0096,dev
A0A078S2R5,asparagine,Di,0,0.0478,0.0679,dev
A0A078S2R5,asparagine,Mono,0,0.0146,0.0264,dev
A0A078S2R5,asparagine,Tri,1,0.9254,0.7921,dev
A0A078S2R5,cadaverine,Di,0,0.0021,0.0096,dev
A0A078S2R5,cadaverine,Mono,0,0.0005,0.0069,dev
A0A078S2R5,cadaverine,Tri,0,0.0061,0.0157,dev
A0A078S2R5,citrulline,Di,0,0.0063,0.0157,dev
A0A078S2R5,citrulline,Mono,0,0.0008,0.0069,dev
A0A078S2R5,citrulline,Tri,0,0.0032,0.0096,dev
A0A078S2R5,cystine,Di,0,0.0187,0.0264,dev
A0A078S2R5,cystine,Mono,0,0.0012,0.0096,dev
A0A078S2R5,cystine,Tri,0,0.0176,0.0264,dev
A0A078S2R5,dopamine,Di,1,0.3479,0.2642,dev
A0A078S2R5,dopamine,Mono,0,0.033,0.0264,dev
A0A078S2R5,dopamine,Tri,1,0.9384,0.7921,dev
A0A078S2R5,gaba,Di,1,0.6731,0.5862,dev
A0A078S2R5,gaba,Mono,1,0.4652,0.37,dev
A0A078S2R5,gaba,Tri,1,0.7936,0.7547,dev
A0A078S2R5,glutamine,Di,0,0.0122,0.0264,dev
A0A078S2R5,glutamine,Mono,1,0.004,0.0096,dev
A0A078S2R5,glutamine,Tri,0,0.0099,0.0179,dev
A0A078S2R5,glyglycine,Di,0,0.0167,0.0264,dev
A0A078S2R5,glyglycine,Mono,0,0.0028,0.0096,dev
A0A078S2R5,glyglycine,Tri,0,0.0245,0.0264,dev
A0A078S2R5,histidine,Di,0,0.0007,0.0069,dev
A0A078S2R5,histidine,Mono,0,0.0003,0.0069,dev
A0A078S2R5,histidine,Tri,0,0.0017,0.0096,dev
A0A078S2R5,lysine,Di,0,0.076,0.0679,dev
A0A078S2R5,lysine,Mono,0,0.0081,0.0167,dev
A0A078S2R5,lysine,Tri,0,0.0119,0.0264,dev
A0A078S2R5,methionine,Di,0,0.0278,0.0264,dev
A0A078S2R5,methionine,Mono,0,0.0049,0.0097,dev
A0A078S2R5,methionine,Tri,0,0.0167,0.0264,dev
A0A078S2R5,ornithine,Di,1,0.0818,0.0741,dev
A0A078S2R5,ornithine,Mono,1,0.0125,0.0264,dev
A0A078S2R5,ornithine,Tri,0,0.0219,0.0264,dev
A0A078S2R5,phenylalanine,Di,1,0.9324,0.7921,dev
A0A078S2R5,phenylalanine,Mono,0,0.0556,0.0679,dev
A0A078S2R5,phenylalanine,Tri,1,0.9526,0.7921,dev
A0A078S2R5,proline,Di,0,0.0044,0.0096,dev
A0A078S2R5,proline,Mono,0,0.0027,0.0096,dev
A0A078S2R5,proline,Tri,0,0.0262,0.0264,dev
A0A078S2R5,putrescine,Di,0,0.0031,0.0096,dev
A0A078S2R5,putrescine,Mono,0,0.0007,0.0069,dev
A0A078S2R5,putrescine,Tri,0,0.0088,0.0179,dev
A0A078S2R5,serine,Di,0,0.0249,0.0264,dev
A0A078S2R5,serine,Mono,0,0.0338,0.0264,dev
A0A078S2R5,serine,Tri,0,0.0291,0.0264,dev
A0A078S2R5,serotonin,Di,0,0.003,0.0096,dev
A0A078S2R5,serotonin,Mono,1,0.0186,0.0264,dev
A0A078S2R5,serotonin,Tri,0,0.008,0.0167,dev
A0A078S2R5,threonine,Di,0,0.0059,0.0157,dev
A0A078S2R5,threonine,Mono,0,0.0096,0.0179,dev
A0A078S2R5,threonine,Tri,0,0.0011,0.0096,dev
A0A078S2R5,tryptamine,Di,0,0.0031,0.0096,dev
A0A078S2R5,tryptamine,Mono,0,0.0004,0.0069,dev
A0A078S2R5,tryptamine,Tri,0,0.0087,0.0179,dev
A0A078S2R5,tyramine,Di,0,0.0127,0.0264,dev
A0A078S2R5,tyramine,Mono,1,0.0817,0.0741,dev
A0A078S2R5,tyramine,Tri,0,0.0295,0.0264,dev
A0A096B1U0,"2,3_diaminopropionic acid",Di,0,0.0148,0.0264,dev
A0A096B1U0,"2,3_diaminopropionic acid",Mono,0,0.0032,0.0096,dev
A0A096B1U0,"2,3_diaminopropionic acid",Tri,0,0.1044,0.0758,dev
A0A096B1U0,2_aminophenol,Di,0,0.0651,0.0679,dev
A0A096B1U0,2_aminophenol,Mono,0,0.0026,0.0096,dev
A0A096B1U0,2_aminophenol,Tri,0,0.1466,0.1192,dev
A0A096B1U0,3_methoxytyramine,Di,0,0.018,0.0264,dev
A0A096B1U0,3_methoxytyramine,Mono,0,0.0008,0.0069,dev
A0A096B1U0,3_methoxytyramine,Tri,0,0.0201,0.0264,dev
A0A096B1U0,alanine,Di,1,0.9697,0.8273,dev
A0A096B1U0,alanine,Mono,1,0.7632,0.7234,dev
A0A096B1U0,alanine,Tri,0,0.117,0.0758,dev
A0A096B1U0,arginine,Di,0,0.0002,0.0069,dev
A0A096B1U0,arginine,Mono,0,0.0,0.0,dev
A0A096B1U0,arginine,Tri,0,0.0003,0.0069,dev
A0A096B1U0,asparagine,Di,0,0.0564,0.0679,dev
A0A096B1U0,asparagine,Mono,0,0.0199,0.0264,dev
A0A096B1U0,asparagine,Tri,1,0.9724,0.8273,dev
A0A096B1U0,cadaverine,Di,0,0.0007,0.0069,dev
A0A096B1U0,cadaverine,Mono,0,0.0002,0.0069,dev
A0A096B1U0,cadaverine,Tri,0,0.0021,0.0096,dev
A0A096B1U0,citrulline,Di,0,0.0011,0.0096,dev
A0A096B1U0,citrulline,Mono,0,0.0002,0.0069,dev
A0A096B1U0,citrulline,Tri,0,0.0007,0.0069,dev
A0A096B1U0,cystine,Di,0,0.001,0.0069,dev
A0A096B1U0,cystine,Mono,0,0.0001,0.0058,dev
A0A096B1U0,cystine,Tri,0,0.0016,0.0096,dev
A0A096B1U0,dopamine,Di,0,0.0964,0.0758,dev
A0A096B1U0,dopamine,Mono,0,0.0136,0.0264,dev
A0A096B1U0,dopamine,Tri,1,0.9377,0.7921,dev
A0A096B1U0,gaba,Di,1,0.9926,0.8962,dev
A0A096B1U0,gaba,Mono,1,0.9854,0.8343,dev
A0A096B1U0,gaba,Tri,1,0.9952,0.8962,dev
A0A096B1U0,glutamine,Di,0,0.01,0.0179,dev
A0A096B1U0,glutamine,Mono,0,0.0052,0.0157,dev
A0A096B1U0,glutamine,Tri,0,0.0097,0.0179,dev
A0A096B1U0,glyglycine,Di,0,0.0043,0.0096,dev
A0A096B1U0,glyglycine,Mono,0,0.0009,0.0069,dev
A0A096B1U0,glyglycine,Tri,0,0.0065,0.0157,dev
A0A096B1U0,histidine,Di,0,0.0005,0.0069,dev
A0A096B1U0,histidine,Mono,0,0.0002,0.0069,dev
A0A096B1U0,histidine,Tri,0,0.0014,0.0096,dev
A0A096B1U0,lysine,Di,0,0.0081,0.0167,dev
A0A096B1U0,lysine,Mono,0,0.001,0.0069,dev
A0A096B1U0,lysine,Tri,0,0.0018,0.0096,dev
A0A096B1U0,methionine,Di,0,0.0026,0.0096,dev
A0A096B1U0,methionine,Mono,0,0.0008,0.0069,dev
A0A096B1U0,methionine,Tri,0,0.0035,0.0096,dev
A0A096B1U0,ornithine,Di,0,0.0086,0.0167,dev
A0A096B1U0,ornithine,Mono,0,0.0017,0.0096,dev
A0A096B1U0,ornithine,Tri,0,0.0042,0.0096,dev
A0A096B1U0,phenylalanine,Di,1,0.973,0.8273,dev
A0A096B1U0,phenylalanine,Mono,0,0.0677,0.0679,dev
A0A096B1U0,phenylalanine,Tri,1,0.9892,0.8873,dev
A0A096B1U0,proline,Di,0,0.0008,0.0069,dev
A0A096B1U0,proline,Mono,0,0.0004,0.0069,dev
A0A096B1U0,proline,Tri,0,0.0048,0.0097,dev
A0A096B1U0,putrescine,Di,0,0.0008,0.0069,dev
A0A096B1U0,putrescine,Mono,0,0.0002,0.0069,dev
A0A096B1U0,putrescine,Tri,0,0.0022,0.0096,dev
A0A096B1U0,serine,Di,0,0.015,0.0264,dev
A0A096B1U0,serine,Mono,0,0.0163,0.0264,dev
A0A096B1U0,serine,Tri,0,0.02,0.0264,dev
A0A096B1U0,serotonin,Di,0,0.0006,0.0069,dev
A0A096B1U0,serotonin,Mono,0,0.0034,0.0096,dev
A0A096B1U0,serotonin,Tri,0,0.0024,0.0096,dev
A0A096B1U0,threonine,Di,0,0.0007,0.0069,dev
A0A096B1U0,threonine,Mono,0,0.0019,0.0096,dev
A0A096B1U0,threonine,Tri,0,0.0003,0.0069,dev
A0A096B1U0,tryptamine,Di,0,0.0004,0.0069,dev
A0A096B1U0,tryptamine,Mono,0,0.0,0.0,dev
A0A096B1U0,tryptamine,Tri,0,0.0013,0.0096,dev
A0A096B1U0,tyramine,Di,0,0.0037,0.0096,dev
A0A096B1U0,tyramine,Mono,0,0.0383,0.046,dev
A0A096B1U0,tyramine,Tri,0,0.0155,0.0264,dev
A0A096DGB7,"2,3_diaminopropionic acid",Di,0,0.0343,0.0264,test
A0A096DGB7,"2,3_diaminopropionic acid",Mono,0,0.0031,0.0096,test
A0A096DGB7,"2,3_diaminopropionic acid",Tri,1,0.2993,0.22,test
A0A096DGB7,2_aminophenol,Di,1,0.3257,0.2642,test
A0A096DGB7,2_aminophenol,Mono,0,0.0059,0.0157,test
A0A096DGB7,2_aminophenol,Tri,1,0.5185,0.4048,test
A0A096DGB7,3_methoxytyramine,Di,0,0.0313,0.0264,test
A0A096DGB7,3_methoxytyramine,Mono,0,0.0005,0.0069,test
A0A096DGB7,3_methoxytyramine,Tri,0,0.0251,0.0264,test
A0A096DGB7,alanine,Di,1,0.927,0.7921,test
A0A096DGB7,alanine,Mono,1,0.3407,0.2642,test
A0A096DGB7,alanine,Tri,0,0.114,0.0758,test
A0A096DGB7,arginine,Di,0,0.0006,0.0069,test
A0A096DGB7,arginine,Mono,0,0.0001,0.0058,test
A0A096DGB7,arginine,Tri,0,0.0016,0.0096,test
A0A096DGB7,asparagine,Di,0,0.0588,0.0679,test
A0A096DGB7,asparagine,Mono,0,0.0098,0.0179,test
A0A096DGB7,asparagine,Tri,1,0.9761,0.8343,test
A0A096DGB7,cadaverine,Di,0,0.0009,0.0069,test
A0A096DGB7,cadaverine,Mono,0,0.0001,0.0058,test
A0A096DGB7,cadaverine,Tri,0,0.0028,0.0096,test
A0A096DGB7,citrulline,Di,0,0.0024,0.0096,test
A0A096DGB7,citrulline,Mono,0,0.0002,0.0069,test
A0A096DGB7,citrulline,Tri,0,0.0018,0.0096,test
A0A096DGB7,cystine,Di,0,0.0021,0.0096,test
A0A096DGB7,cystine,Mono,0,0.0001,0.0058,test
A0A096DGB7,cystine,Tri,0,0.0033,0.0096,test
A0A096DGB7,dopamine,Di,0,0.094,0.0758,test
A0A096DGB7,dopamine,Mono,0,0.0045,0.0096,test
A0A096DGB7,dopamine,Tri,1,0.8783,0.7547,test
A0A096DGB7,gaba,Di,1,0.9754,0.8333,test
A0A096DGB7,gaba,Mono,1,0.9194,0.7921,test
A0A096DGB7,gaba,Tri,1,0.9868,0.8343,test
A0A096DGB7,glutamine,Di,0,0.0195,0.0264,test
A0A096DGB7,glutamine,Mono,0,0.0042,0.0096,test
A0A096DGB7,glutamine,Tri,0,0.0133,0.0264,test
A0A096DGB7,glyglycine,Di,0,0.0099,0.0179,test
A0A096DGB7,glyglycine,Mono,0,0.001,0.0069,test
A0A096DGB7,glyglycine,Tri,0,0.0175,0.0264,test
A0A096DGB7,histidine,Di,0,0.0007,0.0069,test
A0A096DGB7,histidine,Mono,0,0.0001,0.0069,test
A0A096DGB7,histidine,Tri,0,0.002,0.0096,test
A0A096DGB7,lysine,Di,0,0.0145,0.0264,test
A0A096DGB7,lysine,Mono,0,0.001,0.0096,test
A0A096DGB7,lysine,Tri,0,0.0033,0.0096,test
A0A096DGB7,methionine,Di,0,0.006,0.0157,test
A0A096DGB7,methionine,Mono,0,0.0011,0.0096,test
A0A096DGB7,methionine,Tri,0,0.0063,0.0157,test
A0A096DGB7,ornithine,Di,0,0.0072,0.0167,test
A0A096DGB7,ornithine,Mono,0,0.0008,0.0069,test
A0A096DGB7,ornithine,Tri,0,0.0045,0.0096,test
A0A096DGB7,phenylalanine,Di,1,0.9717,0.8273,test
A0A096DGB7,phenylalanine,Mono,0,0.0412,0.046,test
A0A096DGB7,phenylalanine,Tri,1,0.9876,0.8343,test
A0A096DGB7,proline,Di,0,0.0014,0.0096,test
A0A096DGB7,proline,Mono,0,0.0003,0.0069,test
A0A096DGB7,proline,Tri,0,0.0084,0.0167,test
A0A096DGB7,putrescine,Di,0,0.001,0.0069,test
A0A096DGB7,putrescine,Mono,0,0.0001,0.0058,test
A0A096DGB7,putrescine,Tri,0,0.0029,0.0096,test
A0A096DGB7,serine,Di,0,0.0278,0.0264,test
A0A096DGB7,serine,Mono,0,0.0243,0.0264,test
A0A096DGB7,serine,Tri,0,0.0291,0.0264,test
A0A096DGB7,serotonin,Di,0,0.0006,0.0069,test
A0A096DGB7,serotonin,Mono,0,0.0011,0.0096,test
A0A096DGB7,serotonin,Tri,0,0.0025,0.0096,test
A0A096DGB7,threonine,Di,0,0.0013,0.0096,test
A0A096DGB7,threonine,Mono,0,0.0038,0.0096,test
A0A096DGB7,threonine,Tri,0,0.0003,0.0069,test
A0A096DGB7,tryptamine,Di,0,0.0007,0.0069,test
A0A096DGB7,tryptamine,Mono,0,0.0,0.0,test
A0A096DGB7,tryptamine,Tri,0,0.0024,0.0096,test
A0A096DGB7,tyramine,Di,0,0.0041,0.0096,test
A0A096DGB7,tyramine,Mono,0,0.0128,0.0264,test
A0A096DGB7,tyramine,Tri,0,0.0177,0.0264,test
A0A096KTH7,"2,3_diaminopropionic acid",Di,0,0.0114,0.0264,dev
A0A096KTH7,"2,3_diaminopropionic acid",Mono,0,0.0026,0.0096,dev
A0A096KTH7,"2,3_diaminopropionic acid",Tri,1,0.1751,0.1317,dev
A0A096KTH7,2_aminophenol,Di,1,0.4147,0.37,dev
A0A096KTH7,2_aminophenol,Mono,0,0.028,0.0264,dev
A0A096KTH7,2_aminophenol,Tri,1,0.691,0.6364,dev
A0A096KTH7,3_methoxytyramine,Di,0,0.0162,0.0264,dev
A0A096KTH7,3_methoxytyramine,Mono,0,0.0006,0.0069,dev
A0A096KTH7,3_methoxytyramine,Tri,0,0.0197,0.0264,dev
A0A096KTH7,alanine,Di,1,0.9215,0.7921,dev
A0A096KTH7,alanine,Mono,1,0.5443,0.4048,dev
A0A096KTH7,alanine,Tri,1,0.1773,0.1317,dev
A0A096KTH7,arginine,Di,0,0.0003,0.0069,dev
A0A096KTH7,arginine,Mono,0,0.0,0.0,dev
A0A096KTH7,arginine,Tri,0,0.0006,0.0069,dev
A0A096KTH7,asparagine,Di,0,0.0234,0.0264,dev
A0A096KTH7,asparagine,Mono,0,0.0077,0.0167,dev
A0A096KTH7,asparagine,Tri,1,0.8946,0.7547,dev
A0A096KTH7,cadaverine,Di,0,0.0004,0.0069,dev
A0A096KTH7,cadaverine,Mono,0,0.0001,0.0058,dev
A0A096KTH7,cadaverine,Tri,0,0.0012,0.0096,dev
A0A096KTH7,citrulline,Di,0,0.0008,0.0069,dev
A0A096KTH7,citrulline,Mono,0,0.0001,0.0058,dev
A0A096KTH7,citrulline,Tri,0,0.0007,0.0069,dev
A0A096KTH7,cystine,Di,0,0.0022,0.0096,dev
A0A096KTH7,cystine,Mono,0,0.0002,0.0069,dev
A0A096KTH7,cystine,Tri,0,0.0041,0.0096,dev
A0A096KTH7,dopamine,Di,0,0.0504,0.0679,dev
A0A096KTH7,dopamine,Mono,0,0.006,0.0157,dev
A0A096KTH7,dopamine,Tri,0,0.8925,0.7547,dev
A0A096KTH7,gaba,Di,1,0.9681,0.8273,dev
A0A096KTH7,gaba,Mono,1,0.8807,0.7547,dev
A0A096KTH7,gaba,Tri,1,0.9832,0.8343,dev
A0A096KTH7,glutamine,Di,0,0.011,0.0264,dev
A0A096KTH7,glutamine,Mono,0,0.004,0.0096,dev
A0A096KTH7,glutamine,Tri,0,0.0165,0.0264,dev
A0A096KTH7,glyglycine,Di,0,0.0089,0.0179,dev
A0A096KTH7,glyglycine,Mono,0,0.0019,0.0096,dev
A0A096KTH7,glyglycine,Tri,1,0.0363,0.046,dev
A0A096KTH7,histidine,Di,0,0.0003,0.0069,dev
A0A096KTH7,histidine,Mono,0,0.0002,0.0069,dev
A0A096KTH7,histidine,Tri,0,0.0017,0.0096,dev
A0A096KTH7,lysine,Di,1,0.0183,0.0264,dev
A0A096KTH7,lysine,Mono,0,0.0006,0.0069,dev
A0A096KTH7,lysine,Tri,0,0.0023,0.0096,dev
A0A096KTH7,methionine,Di,0,0.0033,0.0096,dev
A0A096KTH7,methionine,Mono,0,0.0009,0.0069,dev
A0A096KTH7,methionine,Tri,0,0.0085,0.0167,dev
A0A096KTH7,ornithine,Di,0,0.0057,0.0157,dev
A0A096KTH7,ornithine,Mono,0,0.0004,0.0069,dev
A0A096KTH7,ornithine,Tri,0,0.0029,0.0096,dev
A0A096KTH7,phenylalanine,Di,0,0.9352,0.7921,dev
A0A096KTH7,phenylalanine,Mono,0,0.0566,0.0679,dev
A0A096KTH7,phenylalanine,Tri,1,0.9715,0.8273,dev
A0A096KTH7,proline,Di,0,0.0003,0.0069,dev
A0A096KTH7,proline,Mono,0,0.0001,0.0058,dev
A0A096KTH7,proline,Tri,0,0.0062,0.0157,dev
A0A096KTH7,putrescine,Di,0,0.0007,0.0069,dev
A0A096KTH7,putrescine,Mono,0,0.0001,0.0058,dev
A0A096KTH7,putrescine,Tri,0,0.0022,0.0096,dev
A0A096KTH7,serine,Di,0,0.0182,0.0264,dev
A0A096KTH7,serine,Mono,1,0.0349,0.046,dev
A0A096KTH7,serine,Tri,0,0.024,0.0264,dev
A0A096KTH7,serotonin,Di,0,0.0003,0.0069,dev
A0A096KTH7,serotonin,Mono,0,0.0033,0.0096,dev
A0A096KTH7,serotonin,Tri,0,0.0014,0.0096,dev
A0A096KTH7,threonine,Di,0,0.0008,0.0069,dev
A0A096KTH7,threonine,Mono,0,0.0027,0.0096,dev
A0A096KTH7,threonine,Tri,0,0.0003,0.0069,dev
A0A096KTH7,tryptamine,Di,0,0.0002,0.0069,dev
A0A096KTH7,tryptamine,Mono,0,0.0001,0.0058,dev
A0A096KTH7,tryptamine,Tri,0,0.0011,0.0096,dev
A0A096KTH7,tyramine,Di,0,0.0039,0.0096,dev
A0A096KTH7,tyramine,Mono,0,0.0487,0.0679,dev
A0A096KTH7,tyramine,Tri,0,0.0153,0.0264,dev
A0A0B8QU93,"2,3_diaminopropionic acid",Di,0,0.0031,0.0096,test
A0A0B8QU93,"2,3_diaminopropionic acid",Mono,0,0.0004,0.0069,test
A0A0B8QU93,"2,3_diaminopropionic acid",Tri,0,0.053,0.0679,test
A0A0B8QU93,2_aminophenol,Di,0,0.0407,0.046,test
A0A0B8QU93,2_aminophenol,Mono,0,0.0016,0.0096,test
A0A0B8QU93,2_aminophenol,Tri,0,0.1242,0.0781,test
A0A0B8QU93,3_methoxytyramine,Di,0,0.0024,0.0096,test
A0A0B8QU93,3_methoxytyramine,Mono,0,0.0001,0.0058,test
A0A0B8QU93,3_methoxytyramine,Tri,0,0.0064,0.0157,test
A0A0B8QU93,alanine,Di,1,0.7271,0.7234,test
A0A0B8QU93,alanine,Mono,1,0.1622,0.1192,test
A0A0B8QU93,alanine,Tri,0,0.028,0.0264,test
A0A0B8QU93,arginine,Di,0,0.0001,0.0058,test
A0A0B8QU93,arginine,Mono,0,0.0,0.0,test
A0A0B8QU93,arginine,Tri,0,0.0002,0.0069,test
A0A0B8QU93,asparagine,Di,0,0.0108,0.0264,test
A0A0B8QU93,asparagine,Mono,0,0.003,0.0096,test
A0A0B8QU93,asparagine,Tri,1,0.8587,0.7547,test
A0A0B8QU93,cadaverine,Di,0,0.0001,0.0058,test
A0A0B8QU93,cadaverine,Mono,0,0.0,0.0,test
A0A0B8QU93,cadaverine,Tri,0,0.0005,0.0069,test
A0A0B8QU93,citrulline,Di,0,0.0002,0.0069,test
A0A0B8QU93,citrulline,Mono,0,0.0,0.0,test
A0A0B8QU93,citrulline,Tri,0,0.0002,0.0069,test
A0A0B8QU93,cystine,Di,0,0.0003,0.0069,test
A0A0B8QU93,cystine,Mono,0,0.0,0.0,test
A0A0B8QU93,cystine,Tri,0,0.0011,0.0096,test
A0A0B8QU93,dopamine,Di,0,0.0222,0.0264,test
A0A0B8QU93,dopamine,Mono,0,0.0022,0.0096,test
A0A0B8QU93,dopamine,Tri,1,0.833,0.7547,test
A0A0B8QU93,gaba,Di,1,0.7305,0.7234,test
A0A0B8QU93,gaba,Mono,1,0.4357,0.37,test
A0A0B8QU93,gaba,Tri,1,0.9051,0.7921,test
A0A0B8QU93,glutamine,Di,0,0.0008,0.0069,test
A0A0B8QU93,glutamine,Mono,0,0.0003,0.0069,test
A0A0B8QU93,glutamine,Tri,0,0.0015,0.0096,test
A0A0B8QU93,glyglycine,Di,0,0.0009,0.0069,test
A0A0B8QU93,glyglycine,Mono,0,0.0001,0.0058,test
A0A0B8QU93,glyglycine,Tri,0,0.0043,0.0096,test
A0A0B8QU93,histidine,Di,0,0.0001,0.0058,test
A0A0B8QU93,histidine,Mono,0,0.0,0.0,test
A0A0B8QU93,histidine,Tri,0,0.0006,0.0069,test
A0A0B8QU93,lysine,Di,0,0.0019,0.0096,test
A0A0B8QU93,lysine,Mono,0,0.0001,0.0058,test
A0A0B8QU93,lysine,Tri,0,0.0005,0.0069,test
A0A0B8QU93,methionine,Di,0,0.0003,0.0069,test
A0A0B8QU93,methionine,Mono,0,0.0001,0.0058,test
A0A0B8QU93,methionine,Tri,0,0.0008,0.0069,test
A0A0B8QU93,ornithine,Di,0,0.0022,0.0096,test
A0A0B8QU93,ornithine,Mono,0,0.0002,0.0069,test
A0A0B8QU93,ornithine,Tri,0,0.0015,0.0096,test
A0A0B8QU93,phenylalanine,Di,1,0.761,0.7234,test
A0A0B8QU93,phenylalanine,Mono,0,0.007,0.0157,test
A0A0B8QU93,phenylalanine,Tri,1,0.9038,0.7921,test
A0A0B8QU93,proline,Di,0,0.0002,0.0069,test
A0A0B8QU93,proline,Mono,0,0.0,0.0,test
A0A0B8QU93,proline,Tri,0,0.0029,0.0096,test
A0A0B8QU93,putrescine,Di,0,0.0001,0.0058,test
A0A0B8QU93,putrescine,Mono,0,0.0,0.0,test
A0A0B8QU93,putrescine,Tri,0,0.0009,0.0069,test
A0A0B8QU93,serine,Di,0,0.0045,0.0096,test
A0A0B8QU93,serine,Mono,0,0.0031,0.0096,test
A0A0B8QU93,serine,Tri,0,0.0073,0.0167,test
A0A0B8QU93,serotonin,Di,0,0.0001,0.0058,test
A0A0B8QU93,serotonin,Mono,0,0.0003,0.0069,test
A0A0B8QU93,serotonin,Tri,0,0.0005,0.0069,test
A0A0B8QU93,threonine,Di,0,0.0002,0.0069,test
A0A0B8QU93,threonine,Mono,0,0.0002,0.0069,test
A0A0B8QU93,threonine,Tri,0,0.0001,0.0058,test
A0A0B8QU93,tryptamine,Di,0,0.0001,0.0058,test
A0A0B8QU93,tryptamine,Mono,0,0.0,0.0,test
A0A0B8QU93,tryptamine,Tri,0,0.0006,0.0069,test
A0A0B8QU93,tyramine,Di,0,0.0005,0.0069,test
A0A0B8QU93,tyramine,Mono,0,0.0027,0.0096,test
A0A0B8QU93,tyramine,Tri,0,0.0041,0.0096,test
A0A0D8IVP2,"2,3_diaminopropionic acid",Di,0,0.19,0.1317,dev
A0A0D8IVP2,"2,3_diaminopropionic acid",Mono,0,0.0711,0.0679,dev
A0A0D8IVP2,"2,3_diaminopropionic acid",Tri,1,0.7506,0.7234,dev
A0A0D8IVP2,2_aminophenol,Di,0,0.8103,0.7547,dev
A0A0D8IVP2,2_aminophenol,Mono,0,0.2389,0.1466,dev
A0A0D8IVP2,2_aminophenol,Tri,1,0.9186,0.7921,dev
A0A0D8IVP2,3_methoxytyramine,Di,0,0.0594,0.0679,dev
A0A0D8IVP2,3_methoxytyramine,Mono,0,0.0063,0.0157,dev
A0A0D8IVP2,3_methoxytyramine,Tri,0,0.0775,0.0679,dev
A0A0D8IVP2,alanine,Di,1,0.9848,0.8343,dev
A0A0D8IVP2,alanine,Mono,1,0.9427,0.7921,dev
A0A0D8IVP2,alanine,Tri,0,0.8832,0.7547,dev
A0A0D8IVP2,arginine,Di,0,0.0073,0.0167,dev
A0A0D8IVP2,arginine,Mono,0,0.0028,0.0096,dev
A0A0D8IVP2,arginine,Tri,0,0.019,0.0264,dev
A0A0D8IVP2,asparagine,Di,0,0.1597,0.1192,dev
A0A0D8IVP2,asparagine,Mono,0,0.0751,0.0679,dev
A0A0D8IVP2,asparagine,Tri,1,0.9565,0.7921,dev
A0A0D8IVP2,cadaverine,Di,0,0.0071,0.0157,dev
A0A0D8IVP2,cadaverine,Mono,0,0.0027,0.0096,dev
A0A0D8IVP2,cadaverine,Tri,0,0.0215,0.0264,dev
A0A0D8IVP2,citrulline,Di,0,0.0555,0.0679,dev
A0A0D8IVP2,citrulline,Mono,0,0.0153,0.0264,dev
A0A0D8IVP2,citrulline,Tri,0,0.0404,0.046,dev
A0A0D8IVP2,cystine,Di,0,0.0156,0.0264,dev
A0A0D8IVP2,cystine,Mono,0,0.003,0.0096,dev
A0A0D8IVP2,cystine,Tri,0,0.0215,0.0264,dev
A0A0D8IVP2,dopamine,Di,0,0.1601,0.1192,dev
A0A0D8IVP2,dopamine,Mono,0,0.0363,0.046,dev
A0A0D8IVP2,dopamine,Tri,1,0.9382,0.7921,dev
A0A0D8IVP2,gaba,Di,1,0.9642,0.8273,dev
A0A0D8IVP2,gaba,Mono,1,0.9249,0.7921,dev
A0A0D8IVP2,gaba,Tri,1,0.9804,0.8343,dev
A0A0D8IVP2,glutamine,Di,0,0.2294,0.1466,dev
A0A0D8IVP2,glutamine,Mono,0,0.1499,0.1192,dev
A0A0D8IVP2,glutamine,Tri,0,0.3302,0.2642,dev
A0A0D8IVP2,glyglycine,Di,0,0.0926,0.0758,dev
A0A0D8IVP2,glyglycine,Mono,0,0.0372,0.046,dev
A0A0D8IVP2,glyglycine,Tri,0,0.211,0.1317,dev
A0A0D8IVP2,histidine,Di,0,0.0041,0.0096,dev
A0A0D8IVP2,histidine,Mono,0,0.0033,0.0096,dev
A0A0D8IVP2,histidine,Tri,0,0.0119,0.0264,dev
A0A0D8IVP2,lysine,Di,0,0.5269,0.4048,dev
A0A0D8IVP2,lysine,Mono,0,0.1501,0.1192,dev
A0A0D8IVP2,lysine,Tri,0,0.2045,0.1317,dev
A0A0D8IVP2,methionine,Di,0,0.2655,0.1538,dev
A0A0D8IVP2,methionine,Mono,0,0.1199,0.0758,dev
A0A0D8IVP2,methionine,Tri,0,0.3906,0.2642,dev
A0A0D8IVP2,ornithine,Di,0,0.1262,0.0781,dev
A0A0D8IVP2,ornithine,Mono,0,0.0374,0.046,dev
A0A0D8IVP2,ornithine,Tri,0,0.0767,0.0679,dev
A0A0D8IVP2,phenylalanine,Di,1,0.9781,0.8343,dev
A0A0D8IVP2,phenylalanine,Mono,0,0.3122,0.22,dev
A0A0D8IVP2,phenylalanine,Tri,1,0.9897,0.8873,dev
A0A0D8IVP2,proline,Di,0,0.0056,0.0157,dev
A0A0D8IVP2,proline,Mono,0,0.0038,0.0096,dev
A0A0D8IVP2,proline,Tri,0,0.0492,0.0679,dev
A0A0D8IVP2,putrescine,Di,0,0.0097,0.0179,dev
A0A0D8IVP2,putrescine,Mono,0,0.0035,0.0096,dev
A0A0D8IVP2,putrescine,Tri,0,0.0286,0.0264,dev
A0A0D8IVP2,serine,Di,1,0.5499,0.4048,dev
A0A0D8IVP2,serine,Mono,1,0.6321,0.5862,dev
A0A0D8IVP2,serine,Tri,0,0.4444,0.37,dev
A0A0D8IVP2,serotonin,Di,0,0.0028,0.0096,dev
A0A0D8IVP2,serotonin,Mono,0,0.0134,0.0264,dev
A0A0D8IVP2,serotonin,Tri,0,0.0061,0.0157,dev
A0A0D8IVP2,threonine,Di,0,0.1323,0.1192,dev
A0A0D8IVP2,threonine,Mono,0,0.3522,0.2642,dev
A0A0D8IVP2,threonine,Tri,0,0.0733,0.0679,dev
A0A0D8IVP2,tryptamine,Di,0,0.0013,0.0096,dev
A0A0D8IVP2,tryptamine,Mono,0,0.0003,0.0069,dev
A0A0D8IVP2,tryptamine,Tri,0,0.0045,0.0096,dev
A0A0D8IVP2,tyramine,Di,0,0.0381,0.046,dev
A0A0D8IVP2,tyramine,Mono,0,0.2015,0.1317,dev
A0A0D8IVP2,tyramine,Tri,0,0.0854,0.0758,dev
A0A0F0CI09,"2,3_diaminopropionic acid",Di,0,0.0236,0.0264,dev
A0A0F0CI09,"2,3_diaminopropionic acid",Mono,0,0.0039,0.0096,dev
A0A0F0CI09,"2,3_diaminopropionic acid",Tri,0,0.1905,0.1317,dev
A0A0F0CI09,2_aminophenol,Di,0,0.0919,0.0758,dev
A0A0F0CI09,2_aminophenol,Mono,0,0.0042,0.0096,dev
A0A0F0CI09,2_aminophenol,Tri,0,0.1958,0.1317,dev
A0A0F0CI09,3_methoxytyramine,Di,0,0.0303,0.0264,dev
A0A0F0CI09,3_methoxytyramine,Mono,0,0.0013,0.0096,dev
A0A0F0CI09,3_methoxytyramine,Tri,0,0.0417,0.0526,dev
A0A0F0CI09,alanine,Di,1,0.9192,0.7921,dev
A0A0F0CI09,alanine,Mono,0,0.61,0.566,dev
A0A0F0CI09,alanine,Tri,0,0.2028,0.1317,dev
A0A0F0CI09,arginine,Di,0,0.0007,0.0069,dev
A0A0F0CI09,arginine,Mono,0,0.0001,0.0058,dev
A0A0F0CI09,arginine,Tri,0,0.0013,0.0096,dev
A0A0F0CI09,asparagine,Di,0,0.0619,0.0679,dev
A0A0F0CI09,asparagine,Mono,0,0.0166,0.0264,dev
A0A0F0CI09,asparagine,Tri,1,0.9446,0.7921,dev
A0A0F0CI09,cadaverine,Di,0,0.0013,0.0096,dev
A0A0F0CI09,cadaverine,Mono,0,0.0003,0.0069,dev
A0A0F0CI09,cadaverine,Tri,0,0.0043,0.0096,dev
A0A0F0CI09,citrulline,Di,0,0.0023,0.0096,dev
A0A0F0CI09,citrulline,Mono,0,0.0003,0.0069,dev
A0A0F0CI09,citrulline,Tri,0,0.0017,0.0096,dev
A0A0F0CI09,cystine,Di,0,0.0022,0.0096,dev
A0A0F0CI09,cystine,Mono,0,0.0002,0.0069,dev
A0A0F0CI09,cystine,Tri,0,0.0024,0.0096,dev
A0A0F0CI09,dopamine,Di,0,0.138,0.1192,dev
A0A0F0CI09,dopamine,Mono,0,0.0137,0.0264,dev
A0A0F0CI09,dopamine,Tri,1,0.9148,0.7921,dev
A0A0F0CI09,gaba,Di,1,0.9905,0.8873,dev
A0A0F0CI09,gaba,Mono,1,0.974,0.8273,dev
A0A0F0CI09,gaba,Tri,1,0.9948,0.8962,dev
A0A0F0CI09,glutamine,Di,0,0.0106,0.0264,dev
A0A0F0CI09,glutamine,Mono,0,0.0042,0.0096,dev
A0A0F0CI09,glutamine,Tri,0,0.0165,0.0264,dev
A0A0F0CI09,glyglycine,Di,0,0.0065,0.0157,dev
A0A0F0CI09,glyglycine,Mono,0,0.0013,0.0096,dev
A0A0F0CI09,glyglycine,Tri,0,0.0218,0.0264,dev
A0A0F0CI09,histidine,Di,0,0.0009,0.0069,dev
A0A0F0CI09,histidine,Mono,0,0.0003,0.0069,dev
A0A0F0CI09,histidine,Tri,0,0.003,0.0096,dev
A0A0F0CI09,lysine,Di,0,0.0264,0.0264,dev
A0A0F0CI09,lysine,Mono,0,0.0021,0.0096,dev
A0A0F0CI09,lysine,Tri,0,0.0063,0.0157,dev
A0A0F0CI09,methionine,Di,0,0.0048,0.0097,dev
A0A0F0CI09,methionine,Mono,0,0.0014,0.0096,dev
A0A0F0CI09,methionine,Tri,0,0.0099,0.0179,dev
A0A0F0CI09,ornithine,Di,0,0.0103,0.0179,dev
A0A0F0CI09,ornithine,Mono,0,0.0015,0.0096,dev
A0A0F0CI09,ornithine,Tri,0,0.006,0.0157,dev
A0A0F0CI09,phenylalanine,Di,1,0.955,0.7921,dev
A0A0F0CI09,phenylalanine,Mono,0,0.0694,0.0679,dev
A0A0F0CI09,phenylalanine,Tri,1,0.9838,0.8343,dev
A0A0F0CI09,proline,Di,0,0.0017,0.0096,dev
A0A0F0CI09,proline,Mono,0,0.0007,0.0069,dev
A0A0F0CI09,proline,Tri,0,0.0104,0.0179,dev
A0A0F0CI09,putrescine,Di,0,0.0017,0.0096,dev
A0A0F0CI09,putrescine,Mono,0,0.0004,0.0069,dev
A0A0F0CI09,putrescine,Tri,0,0.0059,0.0157,dev
A0A0F0CI09,serine,Di,0,0.0227,0.0264,dev
A0A0F0CI09,serine,Mono,0,0.0278,0.0264,dev
A0A0F0CI09,serine,Tri,0,0.0288,0.0264,dev
A0A0F0CI09,serotonin,Di,0,0.001,0.0069,dev
A0A0F0CI09,serotonin,Mono,0,0.0023,0.0096,dev
A0A0F0CI09,serotonin,Tri,0,0.0032,0.0096,dev
A0A0F0CI09,threonine,Di,0,0.0022,0.0096,dev
A0A0F0CI09,threonine,Mono,0,0.0054,0.0157,dev
A0A0F0CI09,threonine,Tri,0,0.0011,0.0096,dev
A0A0F0CI09,tryptamine,Di,0,0.0006,0.0069,dev
A0A0F0CI09,tryptamine,Mono,0,0.0001,0.0058,dev
A0A0F0CI09,tryptamine,Tri,0,0.0027,0.0096,dev
A0A0F0CI09,tyramine,Di,0,0.0066,0.0157,dev
A0A0F0CI09,tyramine,Mono,0,0.0196,0.0264,dev
A0A0F0CI09,tyramine,Tri,0,0.0255,0.0264,dev
A0A0F5JPH2,"2,3_diaminopropionic acid",Di,1,0.0276,0.0264,dev
A0A0F5JPH2,"2,3_diaminopropionic acid",Mono,0,0.0026,0.0096,dev
A0A0F5JPH2,"2,3_diaminopropionic acid",Tri,1,0.1363,0.1192,dev
A0A0F5JPH2,2_aminophenol,Di,1,0.622,0.5862,dev
A0A0F5JPH2,2_aminophenol,Mono,0,0.0317,0.0264,dev
A0A0F5JPH2,2_aminophenol,Tri,1,0.4702,0.37,dev
A0A0F5JPH2,3_methoxytyramine,Di,1,0.0749,0.0679,dev
A0A0F5JPH2,3_methoxytyramine,Mono,0,0.0009,0.0069,dev
A0A0F5JPH2,3_methoxytyramine,Tri,0,0.0155,0.0264,dev
A0A0F5JPH2,alanine,Di,1,0.8815,0.7547,dev
A0A0F5JPH2,alanine,Mono,0,0.2033,0.1317,dev
A0A0F5JPH2,alanine,Tri,0,0.0149,0.0264,dev
A0A0F5JPH2,arginine,Di,0,0.0002,0.0069,dev
A0A0F5JPH2,arginine,Mono,0,0.0,0.0,dev
A0A0F5JPH2,arginine,Tri,0,0.0002,0.0069,dev
A0A0F5JPH2,asparagine,Di,0,0.0121,0.0264,dev
A0A0F5JPH2,asparagine,Mono,0,0.0023,0.0096,dev
A0A0F5JPH2,asparagine,Tri,1,0.7501,0.7234,dev
A0A0F5JPH2,cadaverine,Di,0,0.0005,0.0069,dev
A0A0F5JPH2,cadaverine,Mono,0,0.0001,0.0058,dev
A0A0F5JPH2,cadaverine,Tri,0,0.0006,0.0069,dev
A0A0F5JPH2,citrulline,Di,0,0.0003,0.0069,dev
A0A0F5JPH2,citrulline,Mono,0,0.0,0.0,dev
A0A0F5JPH2,citrulline,Tri,0,0.0001,0.0058,dev
A0A0F5JPH2,cystine,Di,0,0.0025,0.0096,dev
A0A0F5JPH2,cystine,Mono,0,0.0001,0.0058,dev
A0A0F5JPH2,cystine,Tri,0,0.0014,0.0096,dev
A0A0F5JPH2,dopamine,Di,0,0.0858,0.0758,dev
A0A0F5JPH2,dopamine,Mono,0,0.0041,0.0096,dev
A0A0F5JPH2,dopamine,Tri,1,0.7612,0.7234,dev
A0A0F5JPH2,gaba,Di,0,0.8756,0.7547,dev
A0A0F5JPH2,gaba,Mono,1,0.583,0.566,dev
A0A0F5JPH2,gaba,Tri,1,0.8558,0.7547,dev
A0A0F5JPH2,glutamine,Di,0,0.003,0.0096,dev
A0A0F5JPH2,glutamine,Mono,0,0.0009,0.0069,dev
A0A0F5JPH2,glutamine,Tri,0,0.0012,0.0096,dev
A0A0F5JPH2,glyglycine,Di,0,0.0026,0.0096,dev
A0A0F5JPH2,glyglycine,Mono,0,0.0002,0.0069,dev
A0A0F5JPH2,glyglycine,Tri,0,0.0017,0.0096,dev
A0A0F5JPH2,histidine,Di,0,0.0001,0.0069,dev
A0A0F5JPH2,histidine,Mono,0,0.0,0.0,dev
A0A0F5JPH2,histidine,Tri,0,0.0002,0.0069,dev
A0A0F5JPH2,lysine,Di,0,0.0055,0.0157,dev
A0A0F5JPH2,lysine,Mono,0,0.0004,0.0069,dev
A0A0F5JPH2,lysine,Tri,0,0.0005,0.0069,dev
A0A0F5JPH2,methionine,Di,0,0.0018,0.0096,dev
A0A0F5JPH2,methionine,Mono,0,0.0002,0.0069,dev
A0A0F5JPH2,methionine,Tri,0,0.0008,0.0069,dev
A0A0F5JPH2,ornithine,Di,0,0.0254,0.0264,dev
A0A0F5JPH2,ornithine,Mono,0,0.0028,0.0096,dev
A0A0F5JPH2,ornithine,Tri,0,0.0044,0.0096,dev
A0A0F5JPH2,phenylalanine,Di,1,0.8732,0.7547,dev
A0A0F5JPH2,phenylalanine,Mono,0,0.0079,0.0167,dev
A0A0F5JPH2,phenylalanine,Tri,1,0.8504,0.7547,dev
A0A0F5JPH2,proline,Di,0,0.0004,0.0069,dev
A0A0F5JPH2,proline,Mono,0,0.0001,0.0058,dev
A0A0F5JPH2,proline,Tri,0,0.0018,0.0096,dev
A0A0F5JPH2,putrescine,Di,0,0.0008,0.0069,dev
A0A0F5JPH2,putrescine,Mono,0,0.0001,0.0058,dev
A0A0F5JPH2,putrescine,Tri,0,0.0011,0.0096,dev
A0A0F5JPH2,serine,Di,0,0.0042,0.0096,dev
A0A0F5JPH2,serine,Mono,0,0.0023,0.0096,dev
A0A0F5JPH2,serine,Tri,0,0.0025,0.0096,dev
A0A0F5JPH2,serotonin,Di,0,0.0005,0.0069,dev
A0A0F5JPH2,serotonin,Mono,0,0.0044,0.0096,dev
A0A0F5JPH2,serotonin,Tri,0,0.0005,0.0069,dev
A0A0F5JPH2,threonine,Di,0,0.0005,0.0069,dev
A0A0F5JPH2,threonine,Mono,0,0.0005,0.0069,dev
A0A0F5JPH2,threonine,Tri,0,0.0,0.0,dev
A0A0F5JPH2,tryptamine,Di,0,0.0006,0.0069,dev
A0A0F5JPH2,tryptamine,Mono,0,0.0001,0.0058,dev
A0A0F5JPH2,tryptamine,Tri,0,0.0008,0.0069,dev
A0A0F5JPH2,tyramine,Di,0,0.0027,0.0096,dev
A0A0F5JPH2,tyramine,Mono,0,0.022,0.0264,dev
A0A0F5JPH2,tyramine,Tri,0,0.003,0.0096,dev
A0A0G8G768,"2,3_diaminopropionic acid",Di,0,0.0699,0.0679,dev
A0A0G8G768,"2,3_diaminopropionic acid",Mono,0,0.027,0.0264,dev
A0A0G8G768,"2,3_diaminopropionic acid",Tri,1,0.6472,0.5862,dev
A0A0G8G768,2_aminophenol,Di,1,0.5938,0.566,dev
A0A0G8G768,2_aminophenol,Mono,0,0.1044,0.0758,dev
A0A0G8G768,2_aminophenol,Tri,1,0.8709,0.7547,dev
A0A0G8G768,3_methoxytyramine,Di,0,0.0191,0.0264,dev
A0A0G8G768,3_methoxytyramine,Mono,0,0.0011,0.0096,dev
A0A0G8G768,3_methoxytyramine,Tri,0,0.0369,0.046,dev
A0A0G8G768,alanine,Di,1,0.9856,0.8343,dev
A0A0G8G768,alanine,Mono,1,0.9299,0.7921,dev
A0A0G8G768,alanine,Tri,1,0.642,0.5862,dev
A0A0G8G768,arginine,Di,0,0.0011,0.0096,dev
A0A0G8G768,arginine,Mono,0,0.0004,0.0069,dev
A0A0G8G768,arginine,Tri,0,0.0036,0.0096,dev
A0A0G8G768,asparagine,Di,0,0.0781,0.0679,dev
A0A0G8G768,asparagine,Mono,0,0.0443,0.0679,dev
A0A0G8G768,asparagine,Tri,1,0.9737,0.8273,dev
A0A0G8G768,cadaverine,Di,0,0.0035,0.0096,dev
A0A0G8G768,cadaverine,Mono,0,0.0015,0.0096,dev
A0A0G8G768,cadaverine,Tri,0,0.0252,0.0264,dev
A0A0G8G768,citrulline,Di,1,0.0105,0.0264,dev
A0A0G8G768,citrulline,Mono,0,0.002,0.0096,dev
A0A0G8G768,citrulline,Tri,0,0.0109,0.0264,dev
A0A0G8G768,cystine,Di,0,0.0045,0.0096,dev
A0A0G8G768,cystine,Mono,0,0.0009,0.0069,dev
A0A0G8G768,cystine,Tri,0,0.0135,0.0264,dev
A0A0G8G768,dopamine,Di,0,0.1076,0.0758,dev
A0A0G8G768,dopamine,Mono,0,0.024,0.0264,dev
A0A0G8G768,dopamine,Tri,1,0.9485,0.7921,dev
A0A0G8G768,gaba,Di,1,0.9941,0.8962,dev
A0A0G8G768,gaba,Mono,1,0.9917,0.8962,dev
A0A0G8G768,gaba,Tri,1,0.9977,1.0,dev
A0A0G8G768,glutamine,Di,1,0.018,0.0264,dev
A0A0G8G768,glutamine,Mono,1,0.0124,0.0264,dev
A0A0G8G768,glutamine,Tri,0,0.0333,0.0264,dev
A0A0G8G768,glyglycine,Di,0,0.0454,0.0679,dev
A0A0G8G768,glyglycine,Mono,0,0.0163,0.0264,dev
A0A0G8G768,glyglycine,Tri,0,0.2344,0.1466,dev
A0A0G8G768,histidine,Di,0,0.0011,0.0096,dev
A0A0G8G768,histidine,Mono,0,0.0006,0.0069,dev
A0A0G8G768,histidine,Tri,0,0.0071,0.0157,dev
A0A0G8G768,lysine,Di,1,0.1231,0.0781,dev
A0A0G8G768,lysine,Mono,1,0.0121,0.0264,dev
A0A0G8G768,lysine,Tri,0,0.0205,0.0264,dev
A0A0G8G768,methionine,Di,0,0.027,0.0264,dev
A0A0G8G768,methionine,Mono,1,0.0097,0.0179,dev
A0A0G8G768,methionine,Tri,1,0.0591,0.0679,dev
A0A0G8G768,ornithine,Di,1,0.0184,0.0264,dev
A0A0G8G768,ornithine,Mono,0,0.0042,0.0096,dev
A0A0G8G768,ornithine,Tri,0,0.0096,0.0179,dev
A0A0G8G768,phenylalanine,Di,1,0.979,0.8343,dev
A0A0G8G768,phenylalanine,Mono,1,0.1289,0.1,dev
A0A0G8G768,phenylalanine,Tri,1,0.9948,0.8962,dev
A0A0G8G768,proline,Di,0,0.002,0.0096,dev
A0A0G8G768,proline,Mono,0,0.0022,0.0096,dev
A0A0G8G768,proline,Tri,0,0.0324,0.0264,dev
A0A0G8G768,putrescine,Di,0,0.0053,0.0157,dev
A0A0G8G768,putrescine,Mono,0,0.0021,0.0096,dev
A0A0G8G768,putrescine,Tri,0,0.0376,0.046,dev
A0A0G8G768,serine,Di,1,0.1209,0.0781,dev
A0A0G8G768,serine,Mono,1,0.4119,0.37,dev
A0A0G8G768,serine,Tri,0,0.1567,0.1192,dev
A0A0G8G768,serotonin,Di,0,0.0008,0.0069,dev
A0A0G8G768,serotonin,Mono,0,0.0101,0.0179,dev
A0A0G8G768,serotonin,Tri,0,0.0047,0.0097,dev
A0A0G8G768,threonine,Di,0,0.0066,0.0157,dev
A0A0G8G768,threonine,Mono,1,0.0424,0.0679,dev
A0A0G8G768,threonine,Tri,0,0.004,0.0096,dev
A0A0G8G768,tryptamine,Di,0,0.0009,0.0069,dev
A0A0G8G768,tryptamine,Mono,0,0.0003,0.0069,dev
A0A0G8G768,tryptamine,Tri,0,0.0081,0.0167,dev
A0A0G8G768,tyramine,Di,0,0.0084,0.0167,dev
A0A0G8G768,tyramine,Mono,1,0.1979,0.1317,dev
A0A0G8G768,tyramine,Tri,0,0.0496,0.0679,dev
A0A0M6WH75,"2,3_diaminopropionic acid",Di,0,0.2878,0.1867,dev
A0A0M6WH75,"2,3_diaminopropionic acid",Mono,0,0.1606,0.1192,dev
A0A0M6WH75,"2,3_diaminopropionic acid",Tri,0,0.8422,0.7547,dev
A0A0M6WH75,2_aminophenol,Di,0,0.8972,0.7547,dev
A0A0M6WH75,2_aminophenol,Mono,0,0.4683,0.37,dev
A0A0M6WH75,2_aminophenol,Tri,0,0.9505,0.7921,dev
A0A0M6WH75,3_methoxytyramine,Di,0,0.0784,0.0679,dev
A0A0M6WH75,3_methoxytyramine,Mono,0,0.0093,0.0179,dev
A0A0M6WH75,3_methoxytyramine,Tri,0,0.088,0.0758,dev
A0A0M6WH75,alanine,Di,1,0.9929,0.8962,dev
A0A0M6WH75,alanine,Mono,1,0.9805,0.8343,dev
A0A0M6WH75,alanine,Tri,0,0.8877,0.7547,dev
A0A0M6WH75,arginine,Di,0,0.0111,0.0264,dev
A0A0M6WH75,arginine,Mono,0,0.0057,0.0157,dev
A0A0M6WH75,arginine,Tri,0,0.0245,0.0264,dev
A0A0M6WH75,asparagine,Di,0,0.2178,0.1317,dev
A0A0M6WH75,asparagine,Mono,0,0.1571,0.1192,dev
A0A0M6WH75,asparagine,Tri,1,0.9643,0.8273,dev
A0A0M6WH75,cadaverine,Di,0,0.0104,0.0179,dev
A0A0M6WH75,cadaverine,Mono,0,0.0054,0.0157,dev
A0A0M6WH75,cadaverine,Tri,0,0.0354,0.046,dev
A0A0M6WH75,citrulline,Di,0,0.0987,0.0758,dev
A0A0M6WH75,citrulline,Mono,0,0.0399,0.046,dev
A0A0M6WH75,citrulline,Tri,0,0.0657,0.0679,dev
A0A0M6WH75,cystine,Di,0,0.0352,0.046,dev
A0A0M6WH75,cystine,Mono,0,0.0087,0.0179,dev
A0A0M6WH75,cystine,Tri,0,0.0396,0.046,dev
A0A0M6WH75,dopamine,Di,0,0.2565,0.1466,dev
A0A0M6WH75,dopamine,Mono,0,0.0792,0.0679,dev
A0A0M6WH75,dopamine,Tri,1,0.9459,0.7921,dev
A0A0M6WH75,gaba,Di,1,0.9929,0.8962,dev
A0A0M6WH75,gaba,Mono,1,0.9888,0.8873,dev
A0A0M6WH75,gaba,Tri,1,0.9963,0.9,dev
A0A0M6WH75,glutamine,Di,0,0.2602,0.1538,dev
A0A0M6WH75,glutamine,Mono,0,0.2175,0.1317,dev
A0A0M6WH75,glutamine,Tri,0,0.3118,0.22,dev
A0A0M6WH75,glyglycine,Di,0,0.0867,0.0758,dev
A0A0M6WH75,glyglycine,Mono,0,0.0482,0.0679,dev
A0A0M6WH75,glyglycine,Tri,0,0.1961,0.1317,dev
A0A0M6WH75,histidine,Di,0,0.0047,0.0097,dev
A0A0M6WH75,histidine,Mono,0,0.0054,0.0157,dev
A0A0M6WH75,histidine,Tri,0,0.012,0.0264,dev
A0A0M6WH75,lysine,Di,0,0.655,0.5862,dev
A0A0M6WH75,lysine,Mono,0,0.2958,0.1867,dev
A0A0M6WH75,lysine,Tri,0,0.2487,0.1466,dev
A0A0M6WH75,methionine,Di,0,0.4099,0.2642,dev
A0A0M6WH75,methionine,Mono,0,0.2819,0.1867,dev
A0A0M6WH75,methionine,Tri,0,0.4882,0.37,dev
A0A0M6WH75,ornithine,Di,0,0.217,0.1317,dev
A0A0M6WH75,ornithine,Mono,0,0.103,0.0758,dev
A0A0M6WH75,ornithine,Tri,0,0.1223,0.0781,dev
A0A0M6WH75,phenylalanine,Di,1,0.9866,0.8343,dev
A0A0M6WH75,phenylalanine,Mono,0,0.5722,0.566,dev
A0A0M6WH75,phenylalanine,Tri,1,0.9933,0.8962,dev
A0A0M6WH75,proline,Di,0,0.0078,0.0167,dev
A0A0M6WH75,proline,Mono,0,0.0068,0.0157,dev
A0A0M6WH75,proline,Tri,0,0.0574,0.0679,dev
A0A0M6WH75,putrescine,Di,0,0.0132,0.0264,dev
A0A0M6WH75,putrescine,Mono,0,0.0068,0.0157,dev
A0A0M6WH75,putrescine,Tri,0,0.0443,0.0679,dev
A0A0M6WH75,serine,Di,0,0.563,0.4048,dev
A0A0M6WH75,serine,Mono,0,0.7761,0.7234,dev
A0A0M6WH75,serine,Tri,0,0.5638,0.4048,dev
A0A0M6WH75,serotonin,Di,0,0.0055,0.0157,dev
A0A0M6WH75,serotonin,Mono,0,0.044,0.0679,dev
A0A0M6WH75,serotonin,Tri,0,0.0123,0.0264,dev
A0A0M6WH75,threonine,Di,0,0.1419,0.1192,dev
A0A0M6WH75,threonine,Mono,0,0.574,0.566,dev
A0A0M6WH75,threonine,Tri,0,0.0746,0.0679,dev
A0A0M6WH75,tryptamine,Di,0,0.0018,0.0096,dev
A0A0M6WH75,tryptamine,Mono,0,0.0005,0.0069,dev
A0A0M6WH75,tryptamine,Tri,0,0.0064,0.0157,dev
A0A0M6WH75,tyramine,Di,0,0.0726,0.0679,dev
A0A0M6WH75,tyramine,Mono,0,0.4859,0.37,dev
A0A0M6WH75,tyramine,Tri,0,0.1712,0.1317,dev
A0A0M6WMX1,"2,3_diaminopropionic acid",Di,0,0.2791,0.1867,dev
A0A0M6WMX1,"2,3_diaminopropionic acid",Mono,0,0.1757,0.1317,dev
A0A0M6WMX1,"2,3_diaminopropionic acid",Tri,1,0.8042,0.7547,dev
A0A0M6WMX1,2_aminophenol,Di,1,0.8522,0.7547,dev
A0A0M6WMX1,2_aminophenol,Mono,0,0.3919,0.2642,dev
A0A0M6WMX1,2_aminophenol,Tri,1,0.9296,0.7921,dev
A0A0M6WMX1,3_methoxytyramine,Di,0,0.0569,0.0679,dev
A0A0M6WMX1,3_methoxytyramine,Mono,0,0.0072,0.0167,dev
A0A0M6WMX1,3_methoxytyramine,Tri,0,0.0667,0.0679,dev
A0A0M6WMX1,alanine,Di,1,0.9938,0.8962,dev
A0A0M6WMX1,alanine,Mono,1,0.9846,0.8343,dev
A0A0M6WMX1,alanine,Tri,1,0.9282,0.7921,dev
A0A0M6WMX1,arginine,Di,0,0.0119,0.0264,dev
A0A0M6WMX1,arginine,Mono,0,0.0074,0.0167,dev
A0A0M6WMX1,arginine,Tri,0,0.0254,0.0264,dev
A0A0M6WMX1,asparagine,Di,0,0.2005,0.1317,dev
A0A0M6WMX1,asparagine,Mono,0,0.163,0.1192,dev
A0A0M6WMX1,asparagine,Tri,1,0.9622,0.7921,dev
A0A0M6WMX1,cadaverine,Di,0,0.0119,0.0264,dev
A0A0M6WMX1,cadaverine,Mono,0,0.0079,0.0167,dev
A0A0M6WMX1,cadaverine,Tri,0,0.0302,0.0264,dev
A0A0M6WMX1,citrulline,Di,0,0.1143,0.0758,dev
A0A0M6WMX1,citrulline,Mono,0,0.0562,0.0679,dev
A0A0M6WMX1,citrulline,Tri,0,0.0857,0.0758,dev
A0A0M6WMX1,cystine,Di,0,0.0303,0.0264,dev
A0A0M6WMX1,cystine,Mono,0,0.0097,0.0179,dev
A0A0M6WMX1,cystine,Tri,0,0.0331,0.0264,dev
A0A0M6WMX1,dopamine,Di,0,0.1598,0.1192,dev
A0A0M6WMX1,dopamine,Mono,0,0.0491,0.0679,dev
A0A0M6WMX1,dopamine,Tri,1,0.9059,0.7921,dev
A0A0M6WMX1,gaba,Di,1,0.988,0.8873,dev
A0A0M6WMX1,gaba,Mono,0,0.985,0.8343,dev
A0A0M6WMX1,gaba,Tri,1,0.9923,0.8962,dev
A0A0M6WMX1,glutamine,Di,0,0.3671,0.2642,dev
A0A0M6WMX1,glutamine,Mono,0,0.3715,0.2642,dev
A0A0M6WMX1,glutamine,Tri,0,0.4502,0.37,dev
A0A0M6WMX1,glyglycine,Di,0,0.1216,0.0781,dev
A0A0M6WMX1,glyglycine,Mono,0,0.0787,0.0679,dev
A0A0M6WMX1,glyglycine,Tri,1,0.2922,0.1867,dev
A0A0M6WMX1,histidine,Di,0,0.0066,0.0157,dev
A0A0M6WMX1,histidine,Mono,0,0.0074,0.0167,dev
A0A0M6WMX1,histidine,Tri,0,0.0188,0.0264,dev
A0A0M6WMX1,lysine,Di,1,0.6849,0.5862,dev
A0A0M6WMX1,lysine,Mono,0,0.366,0.2642,dev
A0A0M6WMX1,lysine,Tri,0,0.2901,0.1867,dev
A0A0M6WMX1,methionine,Di,0,0.491,0.37,dev
A0A0M6WMX1,methionine,Mono,0,0.4082,0.2642,dev
A0A0M6WMX1,methionine,Tri,1,0.6278,0.5862,dev
A0A0M6WMX1,ornithine,Di,0,0.2422,0.1466,dev
A0A0M6WMX1,ornithine,Mono,0,0.1304,0.1192,dev
A0A0M6WMX1,ornithine,Tri,0,0.1335,0.1192,dev
A0A0M6WMX1,phenylalanine,Di,1,0.9853,0.8343,dev
A0A0M6WMX1,phenylalanine,Mono,1,0.5443,0.4048,dev
A0A0M6WMX1,phenylalanine,Tri,1,0.9926,0.8962,dev
A0A0M6WMX1,proline,Di,0,0.0093,0.0179,dev
A0A0M6WMX1,proline,Mono,0,0.0103,0.0179,dev
A0A0M6WMX1,proline,Tri,0,0.0648,0.0679,dev
A0A0M6WMX1,putrescine,Di,0,0.015,0.0264,dev
A0A0M6WMX1,putrescine,Mono,0,0.0094,0.0179,dev
A0A0M6WMX1,putrescine,Tri,0,0.0377,0.046,dev
A0A0M6WMX1,serine,Di,1,0.5979,0.566,dev
A0A0M6WMX1,serine,Mono,1,0.8321,0.7547,dev
A0A0M6WMX1,serine,Tri,0,0.5186,0.4048,dev
A0A0M6WMX1,serotonin,Di,0,0.0039,0.0096,dev
A0A0M6WMX1,serotonin,Mono,0,0.036,0.046,dev
A0A0M6WMX1,serotonin,Tri,0,0.0071,0.0157,dev
A0A0M6WMX1,threonine,Di,0,0.1668,0.1192,dev
A0A0M6WMX1,threonine,Mono,1,0.5834,0.566,dev
A0A0M6WMX1,threonine,Tri,0,0.1031,0.0758,dev
A0A0M6WMX1,tryptamine,Di,0,0.0017,0.0096,dev
A0A0M6WMX1,tryptamine,Mono,0,0.0006,0.0069,dev
A0A0M6WMX1,tryptamine,Tri,0,0.0049,0.0097,dev
A0A0M6WMX1,tyramine,Di,0,0.0464,0.0679,dev
A0A0M6WMX1,tyramine,Mono,1,0.4141,0.37,dev
A0A0M6WMX1,tyramine,Tri,0,0.0886,0.0758,dev
A0A0M6WSM3,"2,3_diaminopropionic acid",Di,0,0.1036,0.0758,dev
A0A0M6WSM3,"2,3_diaminopropionic acid",Mono,0,0.03,0.0264,dev
A0A0M6WSM3,"2,3_diaminopropionic acid",Tri,1,0.5429,0.4048,dev
A0A0M6WSM3,2_aminophenol,Di,1,0.4512,0.37,dev
A0A0M6WSM3,2_aminophenol,Mono,0,0.0634,0.0679,dev
A0A0M6WSM3,2_aminophenol,Tri,1,0.6347,0.5862,dev
A0A0M6WSM3,3_methoxytyramine,Di,0,0.0197,0.0264,dev
A0A0M6WSM3,3_methoxytyramine,Mono,0,0.0023,0.0096,dev
A0A0M6WSM3,3_methoxytyramine,Tri,0,0.0276,0.0264,dev
A0A0M6WSM3,alanine,Di,1,0.9554,0.7921,dev
A0A0M6WSM3,alanine,Mono,1,0.8309,0.7547,dev
A0A0M6WSM3,alanine,Tri,1,0.6203,0.5862,dev
A0A0M6WSM3,arginine,Di,0,0.0028,0.0096,dev
A0A0M6WSM3,arginine,Mono,0,0.0009,0.0069,dev
A0A0M6WSM3,arginine,Tri,0,0.0062,0.0157,dev
A0A0M6WSM3,asparagine,Di,0,0.0614,0.0679,dev
A0A0M6WSM3,asparagine,Mono,0,0.0244,0.0264,dev
A0A0M6WSM3,asparagine,Tri,1,0.9105,0.7921,dev
A0A0M6WSM3,cadaverine,Di,0,0.0042,0.0096,dev
A0A0M6WSM3,cadaverine,Mono,0,0.0016,0.0096,dev
A0A0M6WSM3,cadaverine,Tri,0,0.0125,0.0264,dev
A0A0M6WSM3,citrulline,Di,0,0.017,0.0264,dev
A0A0M6WSM3,citrulline,Mono,0,0.0039,0.0096,dev
A0A0M6WSM3,citrulline,Tri,0,0.0117,0.0264,dev
A0A0M6WSM3,cystine,Di,0,0.0058,0.0157,dev
A0A0M6WSM3,cystine,Mono,0,0.0009,0.0069,dev
A0A0M6WSM3,cystine,Tri,0,0.0071,0.0157,dev
A0A0M6WSM3,dopamine,Di,0,0.0765,0.0679,dev
A0A0M6WSM3,dopamine,Mono,0,0.0177,0.0264,dev
A0A0M6WSM3,dopamine,Tri,1,0.8528,0.7547,dev
A0A0M6WSM3,gaba,Di,1,0.963,0.8273,dev
A0A0M6WSM3,gaba,Mono,0,0.9445,0.7921,dev
A0A0M6WSM3,gaba,Tri,1,0.9803,0.8343,dev
A0A0M6WSM3,glutamine,Di,0,0.0558,0.0679,dev
A0A0M6WSM3,glutamine,Mono,0,0.0298,0.0264,dev
A0A0M6WSM3,glutamine,Tri,0,0.0741,0.0679,dev
A0A0M6WSM3,glyglycine,Di,0,0.0189,0.0264,dev
A0A0M6WSM3,glyglycine,Mono,0,0.0069,0.0157,dev
A0A0M6WSM3,glyglycine,Tri,1,0.046,0.0679,dev
A0A0M6WSM3,histidine,Di,0,0.0011,0.0096,dev
A0A0M6WSM3,histidine,Mono,0,0.0008,0.0069,dev
A0A0M6WSM3,histidine,Tri,0,0.0027,0.0096,dev
A0A0M6WSM3,lysine,Di,1,0.1535,0.1192,dev
A0A0M6WSM3,lysine,Mono,0,0.0291,0.0264,dev
A0A0M6WSM3,lysine,Tri,0,0.0402,0.046,dev
A0A0M6WSM3,methionine,Di,0,0.0474,0.0679,dev
A0A0M6WSM3,methionine,Mono,0,0.0166,0.0264,dev
A0A0M6WSM3,methionine,Tri,0,0.0673,0.0679,dev
A0A0M6WSM3,ornithine,Di,0,0.0368,0.046,dev
A0A0M6WSM3,ornithine,Mono,0,0.0102,0.0179,dev
A0A0M6WSM3,ornithine,Tri,0,0.0214,0.0264,dev
A0A0M6WSM3,phenylalanine,Di,1,0.9271,0.7921,dev
A0A0M6WSM3,phenylalanine,Mono,0,0.1143,0.0758,dev
A0A0M6WSM3,phenylalanine,Tri,1,0.9643,0.8273,dev
A0A0M6WSM3,proline,Di,0,0.0023,0.0096,dev
A0A0M6WSM3,proline,Mono,0,0.0014,0.0096,dev
A0A0M6WSM3,proline,Tri,0,0.0171,0.0264,dev
A0A0M6WSM3,putrescine,Di,0,0.0053,0.0157,dev
A0A0M6WSM3,putrescine,Mono,0,0.002,0.0096,dev
A0A0M6WSM3,putrescine,Tri,0,0.0158,0.0264,dev
A0A0M6WSM3,serine,Di,0,0.1152,0.0758,dev
A0A0M6WSM3,serine,Mono,1,0.1464,0.1192,dev
A0A0M6WSM3,serine,Tri,0,0.1117,0.0758,dev
A0A0M6WSM3,serotonin,Di,0,0.001,0.0069,dev
A0A0M6WSM3,serotonin,Mono,0,0.0049,0.0097,dev
A0A0M6WSM3,serotonin,Tri,0,0.0023,0.0096,dev
A0A0M6WSM3,threonine,Di,0,0.0107,0.0264,dev
A0A0M6WSM3,threonine,Mono,1,0.0352,0.046,dev
A0A0M6WSM3,threonine,Tri,0,0.0055,0.0157,dev
A0A0M6WSM3,tryptamine,Di,0,0.0006,0.0069,dev
A0A0M6WSM3,tryptamine,Mono,0,0.0002,0.0069,dev
A0A0M6WSM3,tryptamine,Tri,0,0.0021,0.0096,dev
A0A0M6WSM3,tyramine,Di,0,0.0139,0.0264,dev
A0A0M6WSM3,tyramine,Mono,1,0.0703,0.0679,dev
A0A0M6WSM3,tyramine,Tri,0,0.0371,0.046,dev
A0A0P0FKS2,"2,3_diaminopropionic acid",Di,0,0.0295,0.0264,dev
A0A0P0FKS2,"2,3_diaminopropionic acid",Mono,0,0.0056,0.0157,dev
A0A0P0FKS2,"2,3_diaminopropionic acid",Tri,0,0.2508,0.1466,dev
A0A0P0FKS2,2_aminophenol,Di,0,0.169,0.1317,dev
A0A0P0FKS2,2_aminophenol,Mono,0,0.0102,0.0179,dev
A0A0P0FKS2,2_aminophenol,Tri,0,0.2647,0.1538,dev
A0A0P0FKS2,3_methoxytyramine,Di,0,0.0593,0.0679,dev
A0A0P0FKS2,3_methoxytyramine,Mono,0,0.0025,0.0096,dev
A0A0P0FKS2,3_methoxytyramine,Tri,0,0.0641,0.0679,dev
A0A0P0FKS2,alanine,Di,0,0.9578,0.7921,dev
A0A0P0FKS2,alanine,Mono,0,0.8472,0.7547,dev
A0A0P0FKS2,alanine,Tri,0,0.3345,0.2642,dev
A0A0P0FKS2,arginine,Di,0,0.0007,0.0069,dev
A0A0P0FKS2,arginine,Mono,0,0.0001,0.0069,dev
A0A0P0FKS2,arginine,Tri,0,0.0012,0.0096,dev
A0A0P0FKS2,asparagine,Di,0,0.0737,0.0679,dev
A0A0P0FKS2,asparagine,Mono,0,0.0225,0.0264,dev
A0A0P0FKS2,asparagine,Tri,0,0.9376,0.7921,dev
A0A0P0FKS2,cadaverine,Di,0,0.0026,0.0096,dev
A0A0P0FKS2,cadaverine,Mono,0,0.0007,0.0069,dev
A0A0P0FKS2,cadaverine,Tri,0,0.0074,0.0167,dev
A0A0P0FKS2,citrulline,Di,0,0.0031,0.0096,dev
A0A0P0FKS2,citrulline,Mono,0,0.0005,0.0069,dev
A0A0P0FKS2,citrulline,Tri,0,0.0017,0.0096,dev
A0A0P0FKS2,cystine,Di,0,0.0038,0.0096,dev
A0A0P0FKS2,cystine,Mono,0,0.0004,0.0069,dev
A0A0P0FKS2,cystine,Tri,0,0.0037,0.0096,dev
A0A0P0FKS2,dopamine,Di,0,0.1669,0.1192,dev
A0A0P0FKS2,dopamine,Mono,0,0.0175,0.0264,dev
A0A0P0FKS2,dopamine,Tri,0,0.9171,0.7921,dev
A0A0P0FKS2,gaba,Di,0,0.9838,0.8343,dev
A0A0P0FKS2,gaba,Mono,0,0.9628,0.7921,dev
A0A0P0FKS2,gaba,Tri,0,0.9903,0.8873,dev
A0A0P0FKS2,glutamine,Di,0,0.0077,0.0167,dev
A0A0P0FKS2,glutamine,Mono,0,0.0035,0.0096,dev
A0A0P0FKS2,glutamine,Tri,0,0.0084,0.0167,dev
A0A0P0FKS2,glyglycine,Di,0,0.0168,0.0264,dev
A0A0P0FKS2,glyglycine,Mono,0,0.0049,0.0097,dev
A0A0P0FKS2,glyglycine,Tri,0,0.0586,0.0679,dev
A0A0P0FKS2,histidine,Di,0,0.0008,0.0069,dev
A0A0P0FKS2,histidine,Mono,0,0.0003,0.0069,dev
A0A0P0FKS2,histidine,Tri,0,0.0025,0.0096,dev
A0A0P0FKS2,lysine,Di,0,0.035,0.046,dev
A0A0P0FKS2,lysine,Mono,0,0.0044,0.0096,dev
A0A0P0FKS2,lysine,Tri,0,0.0072,0.0167,dev
A0A0P0FKS2,methionine,Di,0,0.003,0.0096,dev
A0A0P0FKS2,methionine,Mono,0,0.001,0.0069,dev
A0A0P0FKS2,methionine,Tri,0,0.0044,0.0096,dev
A0A0P0FKS2,ornithine,Di,0,0.0303,0.0264,dev
A0A0P0FKS2,ornithine,Mono,0,0.006,0.0157,dev
A0A0P0FKS2,ornithine,Tri,0,0.0116,0.0264,dev
A0A0P0FKS2,phenylalanine,Di,0,0.9491,0.7921,dev
A0A0P0FKS2,phenylalanine,Mono,0,0.0894,0.0758,dev
A0A0P0FKS2,phenylalanine,Tri,0,0.9793,0.8343,dev
A0A0P0FKS2,proline,Di,0,0.0033,0.0096,dev
A0A0P0FKS2,proline,Mono,0,0.0013,0.0096,dev
A0A0P0FKS2,proline,Tri,0,0.0157,0.0264,dev
A0A0P0FKS2,putrescine,Di,0,0.0035,0.0096,dev
A0A0P0FKS2,putrescine,Mono,0,0.0009,0.0069,dev
A0A0P0FKS2,putrescine,Tri,0,0.01,0.0179,dev
A0A0P0FKS2,serine,Di,0,0.0423,0.0526,dev
A0A0P0FKS2,serine,Mono,0,0.043,0.0679,dev
A0A0P0FKS2,serine,Tri,0,0.0491,0.0679,dev
A0A0P0FKS2,serotonin,Di,0,0.0012,0.0096,dev
A0A0P0FKS2,serotonin,Mono,0,0.0038,0.0096,dev
A0A0P0FKS2,serotonin,Tri,0,0.0029,0.0096,dev
A0A0P0FKS2,threonine,Di,0,0.0045,0.0096,dev
A0A0P0FKS2,threonine,Mono,0,0.0115,0.0264,dev
A0A0P0FKS2,threonine,Tri,0,0.0016,0.0096,dev
A0A0P0FKS2,tryptamine,Di,0,0.0015,0.0096,dev
A0A0P0FKS2,tryptamine,Mono,0,0.0002,0.0069,dev
A0A0P0FKS2,tryptamine,Tri,0,0.0045,0.0096,dev
A0A0P0FKS2,tyramine,Di,0,0.0122,0.0264,dev
A0A0P0FKS2,tyramine,Mono,0,0.0616,0.0679,dev
A0A0P0FKS2,tyramine,Tri,0,0.0342,0.0264,dev
A0A0S2W269,"2,3_diaminopropionic acid",Di,0,0.0129,0.0264,dev
A0A0S2W269,"2,3_diaminopropionic acid",Mono,0,0.0028,0.0096,dev
A0A0S2W269,"2,3_diaminopropionic acid",Tri,0,0.0974,0.0758,dev
A0A0S2W269,2_aminophenol,Di,0,0.0541,0.0679,dev
A0A0S2W269,2_aminophenol,Mono,0,0.0024,0.0096,dev
A0A0S2W269,2_aminophenol,Tri,0,0.1271,0.0781,dev
A0A0S2W269,3_methoxytyramine,Di,0,0.0185,0.0264,dev
A0A0S2W269,3_methoxytyramine,Mono,0,0.0008,0.0069,dev
A0A0S2W269,3_methoxytyramine,Tri,0,0.024,0.0264,dev
A0A0S2W269,alanine,Di,1,0.9747,0.8273,dev
A0A0S2W269,alanine,Mono,0,0.8151,0.7547,dev
A0A0S2W269,alanine,Tri,0,0.1587,0.1192,dev
A0A0S2W269,arginine,Di,0,0.0002,0.0069,dev
A0A0S2W269,arginine,Mono,0,0.0,0.0,dev
A0A0S2W269,arginine,Tri,0,0.0004,0.0069,dev
A0A0S2W269,asparagine,Di,0,0.0462,0.0679,dev
A0A0S2W269,asparagine,Mono,0,0.015,0.0264,dev
A0A0S2W269,asparagine,Tri,1,0.9673,0.8273,dev
A0A0S2W269,cadaverine,Di,0,0.0007,0.0069,dev
A0A0S2W269,cadaverine,Mono,0,0.0002,0.0069,dev
A0A0S2W269,cadaverine,Tri,0,0.0021,0.0096,dev
A0A0S2W269,citrulline,Di,0,0.001,0.0069,dev
A0A0S2W269,citrulline,Mono,0,0.0001,0.0058,dev
A0A0S2W269,citrulline,Tri,0,0.0007,0.0069,dev
A0A0S2W269,cystine,Di,0,0.001,0.0096,dev
A0A0S2W269,cystine,Mono,0,0.0001,0.0058,dev
A0A0S2W269,cystine,Tri,0,0.0016,0.0096,dev
A0A0S2W269,dopamine,Di,0,0.0871,0.0758,dev
A0A0S2W269,dopamine,Mono,0,0.0118,0.0264,dev
A0A0S2W269,dopamine,Tri,1,0.937,0.7921,dev
A0A0S2W269,gaba,Di,1,0.9944,0.8962,dev
A0A0S2W269,gaba,Mono,1,0.9882,0.8873,dev
A0A0S2W269,gaba,Tri,1,0.9967,0.9,dev
A0A0S2W269,glutamine,Di,0,0.008,0.0167,dev
A0A0S2W269,glutamine,Mono,0,0.0037,0.0096,dev
A0A0S2W269,glutamine,Tri,0,0.0099,0.0179,dev
A0A0S2W269,glyglycine,Di,0,0.004,0.0096,dev
A0A0S2W269,glyglycine,Mono,0,0.0009,0.0069,dev
A0A0S2W269,glyglycine,Tri,0,0.0073,0.0167,dev
A0A0S2W269,histidine,Di,0,0.0004,0.0069,dev
A0A0S2W269,histidine,Mono,0,0.0002,0.0069,dev
A0A0S2W269,histidine,Tri,0,0.0013,0.0096,dev
A0A0S2W269,lysine,Di,0,0.008,0.0167,dev
A0A0S2W269,lysine,Mono,0,0.0007,0.0069,dev
A0A0S2W269,lysine,Tri,0,0.002,0.0096,dev
A0A0S2W269,methionine,Di,0,0.0024,0.0096,dev
A0A0S2W269,methionine,Mono,0,0.0006,0.0069,dev
A0A0S2W269,methionine,Tri,0,0.0036,0.0096,dev
A0A0S2W269,ornithine,Di,0,0.0077,0.0167,dev
A0A0S2W269,ornithine,Mono,0,0.0012,0.0096,dev
A0A0S2W269,ornithine,Tri,0,0.0046,0.0097,dev
A0A0S2W269,phenylalanine,Di,1,0.9745,0.8273,dev
A0A0S2W269,phenylalanine,Mono,0,0.0815,0.0679,dev
A0A0S2W269,phenylalanine,Tri,1,0.9911,0.8962,dev
A0A0S2W269,proline,Di,0,0.0007,0.0069,dev
A0A0S2W269,proline,Mono,0,0.0004,0.0069,dev
A0A0S2W269,proline,Tri,0,0.0043,0.0096,dev
A0A0S2W269,putrescine,Di,0,0.0007,0.0069,dev
A0A0S2W269,putrescine,Mono,0,0.0002,0.0069,dev
A0A0S2W269,putrescine,Tri,0,0.0021,0.0096,dev
A0A0S2W269,serine,Di,0,0.0131,0.0264,dev
A0A0S2W269,serine,Mono,0,0.0147,0.0264,dev
A0A0S2W269,serine,Tri,0,0.0129,0.0264,dev
A0A0S2W269,serotonin,Di,0,0.0006,0.0069,dev
A0A0S2W269,serotonin,Mono,0,0.0026,0.0096,dev
A0A0S2W269,serotonin,Tri,0,0.0028,0.0096,dev
A0A0S2W269,threonine,Di,0,0.0006,0.0069,dev
A0A0S2W269,threonine,Mono,0,0.0018,0.0096,dev
A0A0S2W269,threonine,Tri,0,0.0003,0.0069,dev
A0A0S2W269,tryptamine,Di,0,0.0004,0.0069,dev
A0A0S2W269,tryptamine,Mono,0,0.0,0.0058,dev
A0A0S2W269,tryptamine,Tri,0,0.0015,0.0096,dev
A0A0S2W269,tyramine,Di,0,0.0039,0.0096,dev
A0A0S2W269,tyramine,Mono,0,0.0278,0.0264,dev
A0A0S2W269,tyramine,Tri,0,0.0176,0.0264,dev
A0A173ZD58,"2,3_diaminopropionic acid",Di,0,0.0278,0.0264,dev
A0A173ZD58,"2,3_diaminopropionic acid",Mono,0,0.006,0.0157,dev
A0A173ZD58,"2,3_diaminopropionic acid",Tri,0,0.2974,0.22,dev
A0A173ZD58,2_aminophenol,Di,1,0.3206,0.2642,dev
A0A173ZD58,2_aminophenol,Mono,0,0.0205,0.0264,dev
A0A173ZD58,2_aminophenol,Tri,1,0.4873,0.37,dev
A0A173ZD58,3_methoxytyramine,Di,1,0.0305,0.0264,dev
A0A173ZD58,3_methoxytyramine,Mono,0,0.0015,0.0096,dev
A0A173ZD58,3_methoxytyramine,Tri,0,0.03,0.0264,dev
A0A173ZD58,alanine,Di,1,0.9623,0.7921,dev
A0A173ZD58,alanine,Mono,0,0.6465,0.5862,dev
A0A173ZD58,alanine,Tri,0,0.1398,0.1192,dev
A0A173ZD58,arginine,Di,0,0.0006,0.0069,dev
A0A173ZD58,arginine,Mono,0,0.0001,0.0058,dev
A0A173ZD58,arginine,Tri,0,0.0013,0.0096,dev
A0A173ZD58,asparagine,Di,0,0.0378,0.046,dev
A0A173ZD58,asparagine,Mono,0,0.0134,0.0264,dev
A0A173ZD58,asparagine,Tri,1,0.9456,0.7921,dev
A0A173ZD58,cadaverine,Di,0,0.001,0.0069,dev
A0A173ZD58,cadaverine,Mono,0,0.0003,0.0069,dev
A0A173ZD58,cadaverine,Tri,0,0.0046,0.0097,dev
A0A173ZD58,citrulline,Di,0,0.0026,0.0096,dev
A0A173ZD58,citrulline,Mono,0,0.0003,0.0069,dev
A0A173ZD58,citrulline,Tri,0,0.0019,0.0096,dev
A0A173ZD58,cystine,Di,0,0.0018,0.0096,dev
A0A173ZD58,cystine,Mono,0,0.0002,0.0069,dev
A0A173ZD58,cystine,Tri,0,0.0039,0.0096,dev
A0A173ZD58,dopamine,Di,0,0.0633,0.0679,dev
A0A173ZD58,dopamine,Mono,0,0.0103,0.0179,dev
A0A173ZD58,dopamine,Tri,1,0.8731,0.7547,dev
A0A173ZD58,gaba,Di,1,0.9802,0.8343,dev
A0A173ZD58,gaba,Mono,1,0.9537,0.7921,dev
A0A173ZD58,gaba,Tri,1,0.9903,0.8873,dev
A0A173ZD58,glutamine,Di,0,0.0052,0.0157,dev
A0A173ZD58,glutamine,Mono,0,0.0023,0.0096,dev
A0A173ZD58,glutamine,Tri,0,0.0084,0.0167,dev
A0A173ZD58,glyglycine,Di,0,0.0062,0.0157,dev
A0A173ZD58,glyglycine,Mono,0,0.0013,0.0096,dev
A0A173ZD58,glyglycine,Tri,0,0.0173,0.0264,dev
A0A173ZD58,histidine,Di,0,0.0003,0.0069,dev
A0A173ZD58,histidine,Mono,0,0.0001,0.0058,dev
A0A173ZD58,histidine,Tri,0,0.001,0.0069,dev
A0A173ZD58,lysine,Di,0,0.0301,0.0264,dev
A0A173ZD58,lysine,Mono,0,0.0025,0.0096,dev
A0A173ZD58,lysine,Tri,0,0.0058,0.0157,dev
A0A173ZD58,methionine,Di,0,0.0085,0.0167,dev
A0A173ZD58,methionine,Mono,0,0.0019,0.0096,dev
A0A173ZD58,methionine,Tri,0,0.0109,0.0264,dev
A0A173ZD58,ornithine,Di,0,0.015,0.0264,dev
A0A173ZD58,ornithine,Mono,0,0.0022,0.0096,dev
A0A173ZD58,ornithine,Tri,0,0.0058,0.0157,dev
A0A173ZD58,phenylalanine,Di,1,0.9612,0.7921,dev
A0A173ZD58,phenylalanine,Mono,0,0.0364,0.046,dev
A0A173ZD58,phenylalanine,Tri,1,0.9825,0.8343,dev
A0A173ZD58,proline,Di,0,0.0009,0.0069,dev
A0A173ZD58,proline,Mono,0,0.0004,0.0069,dev
A0A173ZD58,proline,Tri,0,0.0067,0.0157,dev
A0A173ZD58,putrescine,Di,0,0.0014,0.0096,dev
A0A173ZD58,putrescine,Mono,0,0.0004,0.0069,dev
A0A173ZD58,putrescine,Tri,0,0.0064,0.0157,dev
A0A173ZD58,serine,Di,0,0.0173,0.0264,dev
A0A173ZD58,serine,Mono,0,0.031,0.0264,dev
A0A173ZD58,serine,Tri,0,0.0246,0.0264,dev
A0A173ZD58,serotonin,Di,0,0.0004,0.0069,dev
A0A173ZD58,serotonin,Mono,0,0.0024,0.0096,dev
A0A173ZD58,serotonin,Tri,0,0.0018,0.0096,dev
A0A173ZD58,threonine,Di,0,0.0027,0.0096,dev
A0A173ZD58,threonine,Mono,0,0.0063,0.0157,dev
A0A173ZD58,threonine,Tri,0,0.001,0.0096,dev
A0A173ZD58,tryptamine,Di,0,0.0005,0.0069,dev
A0A173ZD58,tryptamine,Mono,0,0.0001,0.0058,dev
A0A173ZD58,tryptamine,Tri,0,0.0022,0.0096,dev
A0A173ZD58,tyramine,Di,0,0.0032,0.0096,dev
A0A173ZD58,tyramine,Mono,0,0.0284,0.0264,dev
A0A173ZD58,tyramine,Tri,0,0.0146,0.0264,dev
A0A174CW35,"2,3_diaminopropionic acid",Di,0,0.0205,0.0264,test
A0A174CW35,"2,3_diaminopropionic acid",Mono,0,0.0059,0.0157,test
A0A174CW35,"2,3_diaminopropionic acid",Tri,0,0.202,0.1317,test
A0A174CW35,2_aminophenol,Di,0,0.1977,0.1317,test
A0A174CW35,2_aminophenol,Mono,0,0.0167,0.0264,test
A0A174CW35,2_aminophenol,Tri,0,0.3055,0.22,test
A0A174CW35,3_methoxytyramine,Di,0,0.0411,0.046,test
A0A174CW35,3_methoxytyramine,Mono,0,0.003,0.0096,test
A0A174CW35,3_methoxytyramine,Tri,0,0.0663,0.0679,test
A0A174CW35,alanine,Di,1,0.8951,0.7547,test
A0A174CW35,alanine,Mono,0,0.7173,0.6364,test
A0A174CW35,alanine,Tri,0,0.3123,0.22,test
A0A174CW35,arginine,Di,0,0.0005,0.0069,test
A0A174CW35,arginine,Mono,0,0.0001,0.0058,test
A0A174CW35,arginine,Tri,0,0.0009,0.0069,test
A0A174CW35,asparagine,Di,0,0.0685,0.0679,test
A0A174CW35,asparagine,Mono,0,0.0259,0.0264,test
A0A174CW35,asparagine,Tri,0,0.8787,0.7547,test
A0A174CW35,cadaverine,Di,0,0.0034,0.0096,test
A0A174CW35,cadaverine,Mono,0,0.0012,0.0096,test
A0A174CW35,cadaverine,Tri,0,0.0123,0.0264,test
A0A174CW35,citrulline,Di,0,0.0022,0.0096,test
A0A174CW35,citrulline,Mono,0,0.0004,0.0069,test
A0A174CW35,citrulline,Tri,0,0.0013,0.0096,test
A0A174CW35,cystine,Di,0,0.0022,0.0096,test
A0A174CW35,cystine,Mono,0,0.0004,0.0069,test
A0A174CW35,cystine,Tri,0,0.0028,0.0096,test
A0A174CW35,dopamine,Di,0,0.1245,0.0781,test
A0A174CW35,dopamine,Mono,0,0.02,0.0264,test
A0A174CW35,dopamine,Tri,0,0.8842,0.7547,test
A0A174CW35,gaba,Di,0,0.9109,0.7921,test
A0A174CW35,gaba,Mono,0,0.8597,0.7547,test
A0A174CW35,gaba,Tri,0,0.9545,0.7921,test
A0A174CW35,glutamine,Di,0,0.0123,0.0264,test
A0A174CW35,glutamine,Mono,0,0.007,0.0157,test
A0A174CW35,glutamine,Tri,0,0.0129,0.0264,test
A0A174CW35,glyglycine,Di,0,0.0106,0.0264,test
A0A174CW35,glyglycine,Mono,0,0.0045,0.0096,test
A0A174CW35,glyglycine,Tri,0,0.0431,0.0679,test
A0A174CW35,histidine,Di,0,0.0005,0.0069,test
A0A174CW35,histidine,Mono,0,0.0003,0.0069,test
A0A174CW35,histidine,Tri,0,0.0019,0.0096,test
A0A174CW35,lysine,Di,0,0.0315,0.0264,test
A0A174CW35,lysine,Mono,0,0.0036,0.0096,test
A0A174CW35,lysine,Tri,0,0.0059,0.0157,test
A0A174CW35,methionine,Di,0,0.0047,0.0097,test
A0A174CW35,methionine,Mono,0,0.002,0.0096,test
A0A174CW35,methionine,Tri,0,0.0068,0.0157,test
A0A174CW35,ornithine,Di,0,0.0108,0.0264,test
A0A174CW35,ornithine,Mono,0,0.0024,0.0096,test
A0A174CW35,ornithine,Tri,0,0.0042,0.0096,test
A0A174CW35,phenylalanine,Di,0,0.9226,0.7921,test
A0A174CW35,phenylalanine,Mono,0,0.0986,0.0758,test
A0A174CW35,phenylalanine,Tri,0,0.9687,0.8273,test
A0A174CW35,proline,Di,0,0.0022,0.0096,test
A0A174CW35,proline,Mono,0,0.0011,0.0096,test
A0A174CW35,proline,Tri,0,0.0116,0.0264,test
A0A174CW35,putrescine,Di,0,0.0044,0.0096,test
A0A174CW35,putrescine,Mono,0,0.0015,0.0096,test
A0A174CW35,putrescine,Tri,0,0.0157,0.0264,test
A0A174CW35,serine,Di,0,0.0656,0.0679,test
A0A174CW35,serine,Mono,0,0.0722,0.0679,test
A0A174CW35,serine,Tri,0,0.0698,0.0679,test
A0A174CW35,serotonin,Di,0,0.0008,0.0069,test
A0A174CW35,serotonin,Mono,0,0.003,0.0096,test
A0A174CW35,serotonin,Tri,0,0.0023,0.0096,test
A0A174CW35,threonine,Di,0,0.0069,0.0157,test
A0A174CW35,threonine,Mono,0,0.019,0.0264,test
A0A174CW35,threonine,Tri,0,0.0024,0.0096,test
A0A174CW35,tryptamine,Di,0,0.0013,0.0096,test
A0A174CW35,tryptamine,Mono,0,0.0003,0.0069,test
A0A174CW35,tryptamine,Tri,0,0.0054,0.0157,test
A0A174CW35,tyramine,Di,0,0.0142,0.0264,test
A0A174CW35,tyramine,Mono,0,0.0648,0.0679,test
A0A174CW35,tyramine,Tri,0,0.0452,0.0679,test
A0A174DZA2,"2,3_diaminopropionic acid",Di,0,0.2834,0.1867,dev
A0A174DZA2,"2,3_diaminopropionic acid",Mono,0,0.1473,0.1192,dev
A0A174DZA2,"2,3_diaminopropionic acid",Tri,1,0.7995,0.7547,dev
A0A174DZA2,2_aminophenol,Di,1,0.9021,0.7921,dev
A0A174DZA2,2_aminophenol,Mono,0,0.5018,0.4048,dev
A0A174DZA2,2_aminophenol,Tri,1,0.9441,0.7921,dev
A0A174DZA2,3_methoxytyramine,Di,0,0.1384,0.1192,dev
A0A174DZA2,3_methoxytyramine,Mono,0,0.02,0.0264,dev
A0A174DZA2,3_methoxytyramine,Tri,0,0.1603,0.1192,dev
A0A174DZA2,alanine,Di,1,0.9902,0.8873,dev
A0A174DZA2,alanine,Mono,1,0.9703,0.8273,dev
A0A174DZA2,alanine,Tri,1,0.8664,0.7547,dev
A0A174DZA2,arginine,Di,0,0.0088,0.0179,dev
A0A174DZA2,arginine,Mono,0,0.0043,0.0096,dev
A0A174DZA2,arginine,Tri,0,0.0174,0.0264,dev
A0A174DZA2,asparagine,Di,0,0.2604,0.1538,dev
A0A174DZA2,asparagine,Mono,0,0.1673,0.1192,dev
A0A174DZA2,asparagine,Tri,1,0.9613,0.7921,dev
A0A174DZA2,cadaverine,Di,0,0.0105,0.0179,dev
A0A174DZA2,cadaverine,Mono,0,0.0057,0.0157,dev
A0A174DZA2,cadaverine,Tri,0,0.028,0.0264,dev
A0A174DZA2,citrulline,Di,0,0.0682,0.0679,dev
A0A174DZA2,citrulline,Mono,0,0.0267,0.0264,dev
A0A174DZA2,citrulline,Tri,0,0.0346,0.046,dev
A0A174DZA2,cystine,Di,0,0.0281,0.0264,dev
A0A174DZA2,cystine,Mono,0,0.0072,0.0167,dev
A0A174DZA2,cystine,Tri,0,0.0276,0.0264,dev
A0A174DZA2,dopamine,Di,0,0.3353,0.2642,dev
A0A174DZA2,dopamine,Mono,0,0.1201,0.0758,dev
A0A174DZA2,dopamine,Tri,1,0.9559,0.7921,dev
A0A174DZA2,gaba,Di,1,0.9951,0.8962,dev
A0A174DZA2,gaba,Mono,1,0.9932,0.8962,dev
A0A174DZA2,gaba,Tri,1,0.9971,0.9,dev
A0A174DZA2,glutamine,Di,0,0.2732,0.1867,dev
A0A174DZA2,glutamine,Mono,0,0.2252,0.1466,dev
A0A174DZA2,glutamine,Tri,0,0.2422,0.1466,dev
A0A174DZA2,glyglycine,Di,0,0.0625,0.0679,dev
A0A174DZA2,glyglycine,Mono,0,0.0322,0.0264,dev
A0A174DZA2,glyglycine,Tri,0,0.1031,0.0758,dev
A0A174DZA2,histidine,Di,0,0.0031,0.0096,dev
A0A174DZA2,histidine,Mono,0,0.0036,0.0096,dev
A0A174DZA2,histidine,Tri,0,0.0062,0.0157,dev
A0A174DZA2,lysine,Di,0,0.4717,0.37,dev
A0A174DZA2,lysine,Mono,0,0.1834,0.1317,dev
A0A174DZA2,lysine,Tri,0,0.1479,0.1192,dev
A0A174DZA2,methionine,Di,0,0.2803,0.1867,dev
A0A174DZA2,methionine,Mono,0,0.1767,0.1317,dev
A0A174DZA2,methionine,Tri,0,0.2836,0.1867,dev
A0A174DZA2,ornithine,Di,0,0.1869,0.1317,dev
A0A174DZA2,ornithine,Mono,0,0.089,0.0758,dev
A0A174DZA2,ornithine,Tri,0,0.089,0.0758,dev
A0A174DZA2,phenylalanine,Di,1,0.9897,0.8873,dev
A0A174DZA2,phenylalanine,Mono,0,0.6838,0.5862,dev
A0A174DZA2,phenylalanine,Tri,1,0.9941,0.8962,dev
A0A174DZA2,proline,Di,0,0.0075,0.0167,dev
A0A174DZA2,proline,Mono,0,0.0067,0.0157,dev
A0A174DZA2,proline,Tri,0,0.0401,0.046,dev
A0A174DZA2,putrescine,Di,0,0.0135,0.0264,dev
A0A174DZA2,putrescine,Mono,0,0.0071,0.0157,dev
A0A174DZA2,putrescine,Tri,0,0.036,0.046,dev
A0A174DZA2,serine,Di,1,0.4289,0.37,dev
A0A174DZA2,serine,Mono,0,0.6363,0.5862,dev
A0A174DZA2,serine,Tri,0,0.4041,0.2642,dev
A0A174DZA2,serotonin,Di,0,0.0047,0.0097,dev
A0A174DZA2,serotonin,Mono,0,0.0381,0.046,dev
A0A174DZA2,serotonin,Tri,0,0.0088,0.0179,dev
A0A174DZA2,threonine,Di,0,0.0662,0.0679,dev
A0A174DZA2,threonine,Mono,0,0.3013,0.22,dev
A0A174DZA2,threonine,Tri,0,0.0282,0.0264,dev
A0A174DZA2,tryptamine,Di,0,0.0022,0.0096,dev
A0A174DZA2,tryptamine,Mono,0,0.0008,0.0069,dev
A0A174DZA2,tryptamine,Tri,0,0.0071,0.0157,dev
A0A174DZA2,tyramine,Di,0,0.0655,0.0679,dev
A0A174DZA2,tyramine,Mono,0,0.402,0.2642,dev
A0A174DZA2,tyramine,Tri,0,0.1374,0.1192,dev
A0A174MBD8,"2,3_diaminopropionic acid",Di,0,0.0284,0.0264,dev
A0A174MBD8,"2,3_diaminopropionic acid",Mono,0,0.0045,0.0096,dev
A0A174MBD8,"2,3_diaminopropionic acid",Tri,0,0.1772,0.1317,dev
A0A174MBD8,2_aminophenol,Di,0,0.0888,0.0758,dev
A0A174MBD8,2_aminophenol,Mono,0,0.0032,0.0096,dev
A0A174MBD8,2_aminophenol,Tri,0,0.1722,0.1317,dev
A0A174MBD8,3_methoxytyramine,Di,0,0.0265,0.0264,dev
A0A174MBD8,3_methoxytyramine,Mono,0,0.001,0.0069,dev
A0A174MBD8,3_methoxytyramine,Tri,0,0.0304,0.0264,dev
A0A174MBD8,alanine,Di,1,0.9378,0.7921,dev
A0A174MBD8,alanine,Mono,1,0.6572,0.5862,dev
A0A174MBD8,alanine,Tri,0,0.2094,0.1317,dev
A0A174MBD8,arginine,Di,0,0.0008,0.0069,dev
A0A174MBD8,arginine,Mono,0,0.0001,0.0058,dev
A0A174MBD8,arginine,Tri,0,0.0012,0.0096,dev
A0A174MBD8,asparagine,Di,0,0.0879,0.0758,dev
A0A174MBD8,asparagine,Mono,0,0.022,0.0264,dev
A0A174MBD8,asparagine,Tri,1,0.9507,0.7921,dev
A0A174MBD8,cadaverine,Di,0,0.0016,0.0096,dev
A0A174MBD8,cadaverine,Mono,0,0.0003,0.0069,dev
A0A174MBD8,cadaverine,Tri,0,0.0046,0.0097,dev
A0A174MBD8,citrulline,Di,0,0.0033,0.0096,dev
A0A174MBD8,citrulline,Mono,0,0.0004,0.0069,dev
A0A174MBD8,citrulline,Tri,0,0.0021,0.0096,dev
A0A174MBD8,cystine,Di,0,0.0022,0.0096,dev
A0A174MBD8,cystine,Mono,0,0.0002,0.0069,dev
A0A174MBD8,cystine,Tri,0,0.002,0.0096,dev
A0A174MBD8,dopamine,Di,0,0.1325,0.1192,dev
A0A174MBD8,dopamine,Mono,0,0.0122,0.0264,dev
A0A174MBD8,dopamine,Tri,0,0.8923,0.7547,dev
A0A174MBD8,gaba,Di,1,0.9935,0.8962,dev
A0A174MBD8,gaba,Mono,1,0.98,0.8343,dev
A0A174MBD8,gaba,Tri,1,0.9957,0.8962,dev
A0A174MBD8,glutamine,Di,0,0.0117,0.0264,dev
A0A174MBD8,glutamine,Mono,0,0.0044,0.0096,dev
A0A174MBD8,glutamine,Tri,0,0.0147,0.0264,dev
A0A174MBD8,glyglycine,Di,0,0.0082,0.0167,dev
A0A174MBD8,glyglycine,Mono,0,0.0016,0.0096,dev
A0A174MBD8,glyglycine,Tri,0,0.0257,0.0264,dev
A0A174MBD8,histidine,Di,0,0.0011,0.0096,dev
A0A174MBD8,histidine,Mono,0,0.0003,0.0069,dev
A0A174MBD8,histidine,Tri,0,0.003,0.0096,dev
A0A174MBD8,lysine,Di,0,0.0309,0.0264,dev
A0A174MBD8,lysine,Mono,0,0.0024,0.0096,dev
A0A174MBD8,lysine,Tri,0,0.0073,0.0167,dev
A0A174MBD8,methionine,Di,0,0.0059,0.0157,dev
A0A174MBD8,methionine,Mono,0,0.0015,0.0096,dev
A0A174MBD8,methionine,Tri,0,0.0101,0.0179,dev
A0A174MBD8,ornithine,Di,0,0.0188,0.0264,dev
A0A174MBD8,ornithine,Mono,0,0.0025,0.0096,dev
A0A174MBD8,ornithine,Tri,0,0.0089,0.0179,dev
A0A174MBD8,phenylalanine,Di,1,0.9661,0.8273,dev
A0A174MBD8,phenylalanine,Mono,0,0.0844,0.0741,dev
A0A174MBD8,phenylalanine,Tri,1,0.986,0.8343,dev
A0A174MBD8,proline,Di,0,0.0019,0.0096,dev
A0A174MBD8,proline,Mono,0,0.0007,0.0069,dev
A0A174MBD8,proline,Tri,0,0.0112,0.0264,dev
A0A174MBD8,putrescine,Di,0,0.0022,0.0096,dev
A0A174MBD8,putrescine,Mono,0,0.0004,0.0069,dev
A0A174MBD8,putrescine,Tri,0,0.0063,0.0157,dev
A0A174MBD8,serine,Di,0,0.03,0.0264,dev
A0A174MBD8,serine,Mono,0,0.0337,0.0264,dev
A0A174MBD8,serine,Tri,0,0.0306,0.0264,dev
A0A174MBD8,serotonin,Di,0,0.0009,0.0069,dev
A0A174MBD8,serotonin,Mono,0,0.0021,0.0096,dev
A0A174MBD8,serotonin,Tri,0,0.0023,0.0096,dev
A0A174MBD8,threonine,Di,0,0.0023,0.0096,dev
A0A174MBD8,threonine,Mono,0,0.0057,0.0157,dev
A0A174MBD8,threonine,Tri,0,0.001,0.0096,dev
A0A174MBD8,tryptamine,Di,0,0.0007,0.0069,dev
A0A174MBD8,tryptamine,Mono,0,0.0001,0.0058,dev
A0A174MBD8,tryptamine,Tri,0,0.0022,0.0096,dev
A0A174MBD8,tyramine,Di,0,0.0074,0.0167,dev
A0A174MBD8,tyramine,Mono,0,0.0225,0.0264,dev
A0A174MBD8,tyramine,Tri,0,0.0241,0.0264,dev
A0A174Z2R4,"2,3_diaminopropionic acid",Di,0,0.0972,0.0758,dev
A0A174Z2R4,"2,3_diaminopropionic acid",Mono,0,0.0306,0.0264,dev
A0A174Z2R4,"2,3_diaminopropionic acid",Tri,1,0.6063,0.566,dev
A0A174Z2R4,2_aminophenol,Di,0,0.5906,0.566,dev
A0A174Z2R4,2_aminophenol,Mono,0,0.1071,0.0758,dev
A0A174Z2R4,2_aminophenol,Tri,1,0.7601,0.7234,dev
A0A174Z2R4,3_methoxytyramine,Di,0,0.0331,0.0264,dev
A0A174Z2R4,3_methoxytyramine,Mono,0,0.0038,0.0096,dev
A0A174Z2R4,3_methoxytyramine,Tri,0,0.039,0.046,dev
A0A174Z2R4,alanine,Di,1,0.9783,0.8343,dev
A0A174Z2R4,alanine,Mono,0,0.9045,0.7921,dev
A0A174Z2R4,alanine,Tri,0,0.5366,0.4048,dev
A0A174Z2R4,arginine,Di,0,0.0025,0.0096,dev
A0A174Z2R4,arginine,Mono,0,0.0008,0.0069,dev
A0A174Z2R4,arginine,Tri,0,0.0067,0.0157,dev
A0A174Z2R4,asparagine,Di,0,0.0907,0.0758,dev
A0A174Z2R4,asparagine,Mono,0,0.0409,0.046,dev
A0A174Z2R4,asparagine,Tri,1,0.9254,0.7921,dev
A0A174Z2R4,cadaverine,Di,0,0.0049,0.0097,dev
A0A174Z2R4,cadaverine,Mono,0,0.0019,0.0096,dev
A0A174Z2R4,cadaverine,Tri,0,0.0172,0.0264,dev
A0A174Z2R4,citrulline,Di,0,0.0167,0.0264,dev
A0A174Z2R4,citrulline,Mono,0,0.0041,0.0096,dev
A0A174Z2R4,citrulline,Tri,0,0.0129,0.0264,dev
A0A174Z2R4,cystine,Di,0,0.0086,0.0179,dev
A0A174Z2R4,cystine,Mono,0,0.0017,0.0096,dev
A0A174Z2R4,cystine,Tri,0,0.0126,0.0264,dev
A0A174Z2R4,dopamine,Di,0,0.1138,0.0758,dev
A0A174Z2R4,dopamine,Mono,0,0.0258,0.0264,dev
A0A174Z2R4,dopamine,Tri,0,0.8888,0.7547,dev
A0A174Z2R4,gaba,Di,0,0.9827,0.8343,dev
A0A174Z2R4,gaba,Mono,0,0.9748,0.8273,dev
A0A174Z2R4,gaba,Tri,0,0.9923,0.8962,dev
A0A174Z2R4,glutamine,Di,0,0.0542,0.0679,dev
A0A174Z2R4,glutamine,Mono,0,0.0301,0.0264,dev
A0A174Z2R4,glutamine,Tri,0,0.0753,0.0679,dev
A0A174Z2R4,glyglycine,Di,0,0.0282,0.0264,dev
A0A174Z2R4,glyglycine,Mono,0,0.0106,0.0264,dev
A0A174Z2R4,glyglycine,Tri,1,0.0649,0.0679,dev
A0A174Z2R4,histidine,Di,0,0.0014,0.0096,dev
A0A174Z2R4,histidine,Mono,0,0.0013,0.0096,dev
A0A174Z2R4,histidine,Tri,0,0.0041,0.0096,dev
A0A174Z2R4,lysine,Di,0,0.1391,0.1192,dev
A0A174Z2R4,lysine,Mono,0,0.0231,0.0264,dev
A0A174Z2R4,lysine,Tri,0,0.0376,0.046,dev
A0A174Z2R4,methionine,Di,0,0.0518,0.0679,dev
A0A174Z2R4,methionine,Mono,0,0.0198,0.0264,dev
A0A174Z2R4,methionine,Tri,0,0.0713,0.0679,dev
A0A174Z2R4,ornithine,Di,0,0.0483,0.0679,dev
A0A174Z2R4,ornithine,Mono,0,0.0128,0.0264,dev
A0A174Z2R4,ornithine,Tri,0,0.0252,0.0264,dev
A0A174Z2R4,phenylalanine,Di,0,0.9659,0.8273,dev
A0A174Z2R4,phenylalanine,Mono,0,0.1984,0.1317,dev
A0A174Z2R4,phenylalanine,Tri,0,0.9862,0.8343,dev
A0A174Z2R4,proline,Di,0,0.0036,0.0096,dev
A0A174Z2R4,proline,Mono,0,0.0023,0.0096,dev
A0A174Z2R4,proline,Tri,0,0.0265,0.0264,dev
A0A174Z2R4,putrescine,Di,0,0.0062,0.0157,dev
A0A174Z2R4,putrescine,Mono,0,0.0024,0.0096,dev
A0A174Z2R4,putrescine,Tri,0,0.0221,0.0264,dev
A0A174Z2R4,serine,Di,0,0.1391,0.1192,dev
A0A174Z2R4,serine,Mono,0,0.219,0.1466,dev
A0A174Z2R4,serine,Tri,0,0.1479,0.1192,dev
A0A174Z2R4,serotonin,Di,0,0.0016,0.0096,dev
A0A174Z2R4,serotonin,Mono,0,0.0074,0.0167,dev
A0A174Z2R4,serotonin,Tri,0,0.0035,0.0096,dev
A0A174Z2R4,threonine,Di,0,0.0102,0.0179,dev
A0A174Z2R4,threonine,Mono,0,0.0387,0.046,dev
A0A174Z2R4,threonine,Tri,0,0.0051,0.0157,dev
A0A174Z2R4,tryptamine,Di,0,0.0008,0.0069,dev
A0A174Z2R4,tryptamine,Mono,0,0.0002,0.0069,dev
A0A174Z2R4,tryptamine,Tri,0,0.003,0.0096,dev
A0A174Z2R4,tyramine,Di,0,0.018,0.0264,dev
A0A174Z2R4,tyramine,Mono,0,0.1045,0.0758,dev
A0A174Z2R4,tyramine,Tri,0,0.045,0.0679,dev
A0A174ZD20,"2,3_diaminopropionic acid",Di,0,0.3137,0.22,dev
A0A174ZD20,"2,3_diaminopropionic acid",Mono,0,0.135,0.1192,dev
A0A174ZD20,"2,3_diaminopropionic acid",Tri,1,0.846,0.7547,dev
A0A174ZD20,2_aminophenol,Di,1,0.9009,0.7921,dev
A0A174ZD20,2_aminophenol,Mono,0,0.4453,0.37,dev
A0A174ZD20,2_aminophenol,Tri,1,0.9487,0.7921,dev
A0A174ZD20,3_methoxytyramine,Di,0,0.0813,0.0679,dev
A0A174ZD20,3_methoxytyramine,Mono,0,0.0085,0.0167,dev
A0A174ZD20,3_methoxytyramine,Tri,0,0.0894,0.0758,dev
A0A174ZD20,alanine,Di,1,0.9901,0.8873,dev
A0A174ZD20,alanine,Mono,1,0.9653,0.8273,dev
A0A174ZD20,alanine,Tri,1,0.9162,0.7921,dev
A0A174ZD20,arginine,Di,0,0.0199,0.0264,dev
A0A174ZD20,arginine,Mono,0,0.0084,0.0167,dev
A0A174ZD20,arginine,Tri,0,0.0445,0.0679,dev
A0A174ZD20,asparagine,Di,0,0.2467,0.1466,dev
A0A174ZD20,asparagine,Mono,0,0.1403,0.1192,dev
A0A174ZD20,asparagine,Tri,1,0.9778,0.8343,dev
A0A174ZD20,cadaverine,Di,0,0.0151,0.0264,dev
A0A174ZD20,cadaverine,Mono,0,0.0063,0.0157,dev
A0A174ZD20,cadaverine,Tri,0,0.0405,0.046,dev
A0A174ZD20,citrulline,Di,0,0.0867,0.0758,dev
A0A174ZD20,citrulline,Mono,0,0.0311,0.0264,dev
A0A174ZD20,citrulline,Tri,0,0.0584,0.0679,dev
A0A174ZD20,cystine,Di,0,0.0344,0.046,dev
A0A174ZD20,cystine,Mono,0,0.007,0.0157,dev
A0A174ZD20,cystine,Tri,0,0.0413,0.046,dev
A0A174ZD20,dopamine,Di,0,0.2756,0.1867,dev
A0A174ZD20,dopamine,Mono,0,0.0694,0.0679,dev
A0A174ZD20,dopamine,Tri,1,0.9577,0.7921,dev
A0A174ZD20,gaba,Di,1,0.9912,0.8962,dev
A0A174ZD20,gaba,Mono,1,0.9837,0.8343,dev
A0A174ZD20,gaba,Tri,1,0.996,0.9,dev
A0A174ZD20,glutamine,Di,0,0.3236,0.2642,dev
A0A174ZD20,glutamine,Mono,0,0.267,0.1867,dev
A0A174ZD20,glutamine,Tri,0,0.4114,0.2642,dev
A0A174ZD20,glyglycine,Di,0,0.0609,0.0679,dev
A0A174ZD20,glyglycine,Mono,0,0.0266,0.0264,dev
A0A174ZD20,glyglycine,Tri,1,0.1327,0.1192,dev
A0A174ZD20,histidine,Di,0,0.0041,0.0096,dev
A0A174ZD20,histidine,Mono,0,0.0039,0.0096,dev
A0A174ZD20,histidine,Tri,0,0.0106,0.0264,dev
A0A174ZD20,lysine,Di,1,0.5974,0.566,dev
A0A174ZD20,lysine,Mono,0,0.2215,0.1466,dev
A0A174ZD20,lysine,Tri,0,0.2574,0.1466,dev
A0A174ZD20,methionine,Di,0,0.3266,0.2642,dev
A0A174ZD20,methionine,Mono,0,0.1869,0.1317,dev
A0A174ZD20,methionine,Tri,1,0.4259,0.37,dev
A0A174ZD20,ornithine,Di,0,0.1827,0.1317,dev
A0A174ZD20,ornithine,Mono,0,0.0655,0.0679,dev
A0A174ZD20,ornithine,Tri,0,0.1016,0.0758,dev
A0A174ZD20,phenylalanine,Di,1,0.9881,0.8873,dev
A0A174ZD20,phenylalanine,Mono,0,0.5643,0.4048,dev
A0A174ZD20,phenylalanine,Tri,1,0.9947,0.8962,dev
A0A174ZD20,proline,Di,0,0.0082,0.0167,dev
A0A174ZD20,proline,Mono,0,0.0059,0.0157,dev
A0A174ZD20,proline,Tri,0,0.0609,0.0679,dev
A0A174ZD20,putrescine,Di,0,0.0196,0.0264,dev
A0A174ZD20,putrescine,Mono,0,0.008,0.0167,dev
A0A174ZD20,putrescine,Tri,0,0.0524,0.0679,dev
A0A174ZD20,serine,Di,1,0.6176,0.5862,dev
A0A174ZD20,serine,Mono,1,0.7818,0.7234,dev
A0A174ZD20,serine,Tri,0,0.5649,0.5,dev
A0A174ZD20,serotonin,Di,0,0.0055,0.0157,dev
A0A174ZD20,serotonin,Mono,0,0.0269,0.0264,dev
A0A174ZD20,serotonin,Tri,0,0.0102,0.0179,dev
A0A174ZD20,threonine,Di,0,0.1465,0.1192,dev
A0A174ZD20,threonine,Mono,1,0.4943,0.4048,dev
A0A174ZD20,threonine,Tri,0,0.0753,0.0679,dev
A0A174ZD20,tryptamine,Di,0,0.0027,0.0096,dev
A0A174ZD20,tryptamine,Mono,0,0.0007,0.0069,dev
A0A174ZD20,tryptamine,Tri,0,0.0076,0.0167,dev
A0A174ZD20,tyramine,Di,0,0.0698,0.0679,dev
A0A174ZD20,tyramine,Mono,0,0.3552,0.2642,dev
A0A174ZD20,tyramine,Tri,0,0.1437,0.1192,dev
A0A1C5L0B6,"2,3_diaminopropionic acid",Di,0,0.1859,0.1317,dev
A0A1C5L0B6,"2,3_diaminopropionic acid",Mono,0,0.0896,0.0758,dev
A0A1C5L0B6,"2,3_diaminopropionic acid",Tri,1,0.7018,0.6364,dev
A0A1C5L0B6,2_aminophenol,Di,1,0.8524,0.7547,dev
A0A1C5L0B6,2_aminophenol,Mono,0,0.3503,0.2642,dev
A0A1C5L0B6,2_aminophenol,Tri,1,0.9011,0.7921,dev
A0A1C5L0B6,3_methoxytyramine,Di,0,0.0665,0.0679,dev
A0A1C5L0B6,3_methoxytyramine,Mono,0,0.0073,0.0167,dev
A0A1C5L0B6,3_methoxytyramine,Tri,0,0.0615,0.0679,dev
A0A1C5L0B6,alanine,Di,1,0.9775,0.8343,dev
A0A1C5L0B6,alanine,Mono,1,0.9397,0.7921,dev
A0A1C5L0B6,alanine,Tri,1,0.7517,0.7234,dev
A0A1C5L0B6,arginine,Di,0,0.0079,0.0167,dev
A0A1C5L0B6,arginine,Mono,0,0.0038,0.0096,dev
A0A1C5L0B6,arginine,Tri,0,0.0163,0.0264,dev
A0A1C5L0B6,asparagine,Di,0,0.1273,0.0781,dev
A0A1C5L0B6,asparagine,Mono,0,0.088,0.0758,dev
A0A1C5L0B6,asparagine,Tri,1,0.9361,0.7921,dev
A0A1C5L0B6,cadaverine,Di,0,0.0107,0.0264,dev
A0A1C5L0B6,cadaverine,Mono,0,0.0054,0.0157,dev
A0A1C5L0B6,cadaverine,Tri,0,0.022,0.0264,dev
A0A1C5L0B6,citrulline,Di,0,0.0529,0.0679,dev
A0A1C5L0B6,citrulline,Mono,0,0.0202,0.0264,dev
A0A1C5L0B6,citrulline,Tri,0,0.0357,0.046,dev
A0A1C5L0B6,cystine,Di,0,0.0165,0.0264,dev
A0A1C5L0B6,cystine,Mono,0,0.0043,0.0096,dev
A0A1C5L0B6,cystine,Tri,0,0.0164,0.0264,dev
A0A1C5L0B6,dopamine,Di,0,0.2307,0.1466,dev
A0A1C5L0B6,dopamine,Mono,0,0.0575,0.0679,dev
A0A1C5L0B6,dopamine,Tri,1,0.8983,0.7921,dev
A0A1C5L0B6,gaba,Di,1,0.9656,0.8273,dev
A0A1C5L0B6,gaba,Mono,0,0.9458,0.7921,dev
A0A1C5L0B6,gaba,Tri,1,0.9764,0.8343,dev
A0A1C5L0B6,glutamine,Di,0,0.1514,0.1192,dev
A0A1C5L0B6,glutamine,Mono,0,0.1154,0.0758,dev
A0A1C5L0B6,glutamine,Tri,0,0.1745,0.1317,dev
A0A1C5L0B6,glyglycine,Di,0,0.0424,0.0679,dev
A0A1C5L0B6,glyglycine,Mono,0,0.0239,0.0264,dev
A0A1C5L0B6,glyglycine,Tri,1,0.0943,0.0758,dev
A0A1C5L0B6,histidine,Di,0,0.0021,0.0096,dev
A0A1C5L0B6,histidine,Mono,0,0.0022,0.0096,dev
A0A1C5L0B6,histidine,Tri,0,0.0052,0.0157,dev
A0A1C5L0B6,lysine,Di,1,0.4962,0.4048,dev
A0A1C5L0B6,lysine,Mono,0,0.1845,0.1317,dev
A0A1C5L0B6,lysine,Tri,0,0.1512,0.1192,dev
A0A1C5L0B6,methionine,Di,0,0.1965,0.1317,dev
A0A1C5L0B6,methionine,Mono,0,0.1198,0.0758,dev
A0A1C5L0B6,methionine,Tri,1,0.2816,0.1867,dev
A0A1C5L0B6,ornithine,Di,0,0.1261,0.0781,dev
A0A1C5L0B6,ornithine,Mono,0,0.0511,0.0679,dev
A0A1C5L0B6,ornithine,Tri,0,0.0619,0.0679,dev
A0A1C5L0B6,phenylalanine,Di,1,0.9685,0.8273,dev
A0A1C5L0B6,phenylalanine,Mono,0,0.3643,0.2642,dev
A0A1C5L0B6,phenylalanine,Tri,1,0.9842,0.8343,dev
A0A1C5L0B6,proline,Di,0,0.0045,0.0096,dev
A0A1C5L0B6,proline,Mono,0,0.0041,0.0096,dev
A0A1C5L0B6,proline,Tri,0,0.0257,0.0264,dev
A0A1C5L0B6,putrescine,Di,0,0.013,0.0264,dev
A0A1C5L0B6,putrescine,Mono,0,0.0064,0.0157,dev
A0A1C5L0B6,putrescine,Tri,0,0.0269,0.0264,dev
A0A1C5L0B6,serine,Di,1,0.3525,0.2642,dev
A0A1C5L0B6,serine,Mono,1,0.5747,0.566,dev
A0A1C5L0B6,serine,Tri,0,0.3278,0.2642,dev
A0A1C5L0B6,serotonin,Di,0,0.0034,0.0096,dev
A0A1C5L0B6,serotonin,Mono,0,0.0275,0.0264,dev
A0A1C5L0B6,serotonin,Tri,0,0.0047,0.0097,dev
A0A1C5L0B6,threonine,Di,0,0.0672,0.0679,dev
A0A1C5L0B6,threonine,Mono,1,0.2715,0.1867,dev
A0A1C5L0B6,threonine,Tri,0,0.0365,0.046,dev
A0A1C5L0B6,tryptamine,Di,0,0.0018,0.0096,dev
A0A1C5L0B6,tryptamine,Mono,0,0.0005,0.0069,dev
A0A1C5L0B6,tryptamine,Tri,0,0.0038,0.0096,dev
A0A1C5L0B6,tyramine,Di,0,0.0434,0.0679,dev
A0A1C5L0B6,tyramine,Mono,0,0.3509,0.2642,dev
A0A1C5L0B6,tyramine,Tri,0,0.0686,0.0679,dev
A0A1C5LGL2,"2,3_diaminopropionic acid",Di,0,0.2121,0.1317,dev
A0A1C5LGL2,"2,3_diaminopropionic acid",Mono,0,0.1249,0.0781,dev
A0A1C5LGL2,"2,3_diaminopropionic acid",Tri,1,0.7428,0.7234,dev
A0A1C5LGL2,2_aminophenol,Di,0,0.8786,0.7547,dev
A0A1C5LGL2,2_aminophenol,Mono,0,0.5229,0.4048,dev
A0A1C5LGL2,2_aminophenol,Tri,1,0.9353,0.7921,dev
A0A1C5LGL2,3_methoxytyramine,Di,0,0.0863,0.0758,dev
A0A1C5LGL2,3_methoxytyramine,Mono,0,0.0122,0.0264,dev
A0A1C5LGL2,3_methoxytyramine,Tri,0,0.0959,0.0758,dev
A0A1C5LGL2,alanine,Di,1,0.9889,0.8873,dev
A0A1C5LGL2,alanine,Mono,1,0.9716,0.8273,dev
A0A1C5LGL2,alanine,Tri,1,0.8552,0.7547,dev
A0A1C5LGL2,arginine,Di,0,0.0091,0.0179,dev
A0A1C5LGL2,arginine,Mono,0,0.0046,0.0097,dev
A0A1C5LGL2,arginine,Tri,0,0.0202,0.0264,dev
A0A1C5LGL2,asparagine,Di,0,0.1621,0.1192,dev
A0A1C5LGL2,asparagine,Mono,0,0.1273,0.0781,dev
A0A1C5LGL2,asparagine,Tri,1,0.9599,0.7921,dev
A0A1C5LGL2,cadaverine,Di,0,0.0101,0.0179,dev
A0A1C5LGL2,cadaverine,Mono,0,0.0065,0.0157,dev
A0A1C5LGL2,cadaverine,Tri,0,0.0252,0.0264,dev
A0A1C5LGL2,citrulline,Di,0,0.0792,0.0679,dev
A0A1C5LGL2,citrulline,Mono,0,0.0302,0.0264,dev
A0A1C5LGL2,citrulline,Tri,0,0.0504,0.0679,dev
A0A1C5LGL2,cystine,Di,0,0.0209,0.0264,dev
A0A1C5LGL2,cystine,Mono,0,0.0061,0.0157,dev
A0A1C5LGL2,cystine,Tri,0,0.0225,0.0264,dev
A0A1C5LGL2,dopamine,Di,0,0.2759,0.1867,dev
A0A1C5LGL2,dopamine,Mono,0,0.0961,0.0758,dev
A0A1C5LGL2,dopamine,Tri,1,0.9508,0.7921,dev
A0A1C5LGL2,gaba,Di,1,0.9888,0.8873,dev
A0A1C5LGL2,gaba,Mono,1,0.9866,0.8343,dev
A0A1C5LGL2,gaba,Tri,1,0.9933,0.8962,dev
A0A1C5LGL2,glutamine,Di,0,0.1839,0.1317,dev
A0A1C5LGL2,glutamine,Mono,0,0.1615,0.1192,dev
A0A1C5LGL2,glutamine,Tri,0,0.2442,0.1466,dev
A0A1C5LGL2,glyglycine,Di,0,0.0717,0.0679,dev
A0A1C5LGL2,glyglycine,Mono,0,0.0489,0.0679,dev
A0A1C5LGL2,glyglycine,Tri,0,0.1723,0.1317,dev
A0A1C5LGL2,histidine,Di,0,0.0031,0.0096,dev
A0A1C5LGL2,histidine,Mono,0,0.0037,0.0096,dev
A0A1C5LGL2,histidine,Tri,0,0.0069,0.0157,dev
A0A1C5LGL2,lysine,Di,1,0.4728,0.37,dev
A0A1C5LGL2,lysine,Mono,0,0.1592,0.1192,dev
A0A1C5LGL2,lysine,Tri,0,0.1269,0.0781,dev
A0A1C5LGL2,methionine,Di,0,0.2172,0.1317,dev
A0A1C5LGL2,methionine,Mono,0,0.1377,0.1192,dev
A0A1C5LGL2,methionine,Tri,0,0.2779,0.1867,dev
A0A1C5LGL2,ornithine,Di,0,0.1465,0.1192,dev
A0A1C5LGL2,ornithine,Mono,0,0.0613,0.0679,dev
A0A1C5LGL2,ornithine,Tri,0,0.0681,0.0679,dev
A0A1C5LGL2,phenylalanine,Di,1,0.9848,0.8343,dev
A0A1C5LGL2,phenylalanine,Mono,0,0.5626,0.4048,dev
A0A1C5LGL2,phenylalanine,Tri,1,0.9918,0.8962,dev
A0A1C5LGL2,proline,Di,0,0.0067,0.0157,dev
A0A1C5LGL2,proline,Mono,0,0.0076,0.0167,dev
A0A1C5LGL2,proline,Tri,0,0.0521,0.0679,dev
A0A1C5LGL2,putrescine,Di,0,0.0131,0.0264,dev
A0A1C5LGL2,putrescine,Mono,0,0.0081,0.0167,dev
A0A1C5LGL2,putrescine,Tri,0,0.032,0.0264,dev
A0A1C5LGL2,serine,Di,1,0.3632,0.2642,dev
A0A1C5LGL2,serine,Mono,1,0.6312,0.5862,dev
A0A1C5LGL2,serine,Tri,0,0.3517,0.2642,dev
A0A1C5LGL2,serotonin,Di,0,0.0046,0.0097,dev
A0A1C5LGL2,serotonin,Mono,0,0.0384,0.046,dev
A0A1C5LGL2,serotonin,Tri,0,0.0087,0.0179,dev
A0A1C5LGL2,threonine,Di,0,0.0618,0.0679,dev
A0A1C5LGL2,threonine,Mono,0,0.2993,0.22,dev
A0A1C5LGL2,threonine,Tri,0,0.0361,0.046,dev
A0A1C5LGL2,tryptamine,Di,0,0.0021,0.0096,dev
A0A1C5LGL2,tryptamine,Mono,0,0.001,0.0069,dev
A0A1C5LGL2,tryptamine,Tri,0,0.0059,0.0157,dev
A0A1C5LGL2,tyramine,Di,0,0.0642,0.0679,dev
A0A1C5LGL2,tyramine,Mono,1,0.4607,0.37,dev
A0A1C5LGL2,tyramine,Tri,0,0.1217,0.0781,dev
A0A1C5M2J2,"2,3_diaminopropionic acid",Di,0,0.2336,0.1466,dev
A0A1C5M2J2,"2,3_diaminopropionic acid",Mono,0,0.1495,0.1192,dev
A0A1C5M2J2,"2,3_diaminopropionic acid",Tri,1,0.7884,0.7234,dev
A0A1C5M2J2,2_aminophenol,Di,1,0.8165,0.7547,dev
A0A1C5M2J2,2_aminophenol,Mono,0,0.3778,0.2642,dev
A0A1C5M2J2,2_aminophenol,Tri,1,0.9022,0.7921,dev
A0A1C5M2J2,3_methoxytyramine,Di,0,0.0659,0.0679,dev
A0A1C5M2J2,3_methoxytyramine,Mono,0,0.0117,0.0264,dev
A0A1C5M2J2,3_methoxytyramine,Tri,0,0.086,0.0758,dev
A0A1C5M2J2,alanine,Di,1,0.9844,0.8343,dev
A0A1C5M2J2,alanine,Mono,1,0.9662,0.8273,dev
A0A1C5M2J2,alanine,Tri,1,0.8966,0.7547,dev
A0A1C5M2J2,arginine,Di,0,0.0054,0.0157,dev
A0A1C5M2J2,arginine,Mono,0,0.0031,0.0096,dev
A0A1C5M2J2,arginine,Tri,0,0.0133,0.0264,dev
A0A1C5M2J2,asparagine,Di,0,0.1314,0.1192,dev
A0A1C5M2J2,asparagine,Mono,0,0.1015,0.0758,dev
A0A1C5M2J2,asparagine,Tri,1,0.9484,0.7921,dev
A0A1C5M2J2,cadaverine,Di,0,0.011,0.0264,dev
A0A1C5M2J2,cadaverine,Mono,0,0.0076,0.0167,dev
A0A1C5M2J2,cadaverine,Tri,0,0.03,0.0264,dev
A0A1C5M2J2,citrulline,Di,0,0.063,0.0679,dev
A0A1C5M2J2,citrulline,Mono,0,0.0262,0.0264,dev
A0A1C5M2J2,citrulline,Tri,0,0.0466,0.0679,dev
A0A1C5M2J2,cystine,Di,0,0.0221,0.0264,dev
A0A1C5M2J2,cystine,Mono,0,0.0069,0.0157,dev
A0A1C5M2J2,cystine,Tri,0,0.0271,0.0264,dev
A0A1C5M2J2,dopamine,Di,0,0.1718,0.1317,dev
A0A1C5M2J2,dopamine,Mono,0,0.0618,0.0679,dev
A0A1C5M2J2,dopamine,Tri,1,0.9197,0.7921,dev
A0A1C5M2J2,gaba,Di,1,0.9793,0.8343,dev
A0A1C5M2J2,gaba,Mono,0,0.9745,0.8273,dev
A0A1C5M2J2,gaba,Tri,1,0.9876,0.8343,dev
A0A1C5M2J2,glutamine,Di,0,0.202,0.1317,dev
A0A1C5M2J2,glutamine,Mono,0,0.1731,0.1317,dev
A0A1C5M2J2,glutamine,Tri,0,0.2686,0.1867,dev
A0A1C5M2J2,glyglycine,Di,0,0.1062,0.0758,dev
A0A1C5M2J2,glyglycine,Mono,0,0.0828,0.0741,dev
A0A1C5M2J2,glyglycine,Tri,1,0.2711,0.1867,dev
A0A1C5M2J2,histidine,Di,0,0.003,0.0096,dev
A0A1C5M2J2,histidine,Mono,0,0.0037,0.0096,dev
A0A1C5M2J2,histidine,Tri,1,0.0086,0.0179,dev
A0A1C5M2J2,lysine,Di,1,0.5828,0.566,dev
A0A1C5M2J2,lysine,Mono,0,0.2684,0.1867,dev
A0A1C5M2J2,lysine,Tri,0,0.1919,0.1317,dev
A0A1C5M2J2,methionine,Di,0,0.3173,0.22,dev
A0A1C5M2J2,methionine,Mono,0,0.2094,0.1317,dev
A0A1C5M2J2,methionine,Tri,1,0.4028,0.2642,dev
A0A1C5M2J2,ornithine,Di,0,0.176,0.1317,dev
A0A1C5M2J2,ornithine,Mono,0,0.0846,0.0741,dev
A0A1C5M2J2,ornithine,Tri,0,0.0857,0.0758,dev
A0A1C5M2J2,phenylalanine,Di,1,0.9706,0.8273,dev
A0A1C5M2J2,phenylalanine,Mono,0,0.4311,0.37,dev
A0A1C5M2J2,phenylalanine,Tri,1,0.9855,0.8343,dev
A0A1C5M2J2,proline,Di,0,0.0073,0.0167,dev
A0A1C5M2J2,proline,Mono,0,0.0074,0.0167,dev
A0A1C5M2J2,proline,Tri,0,0.058,0.0679,dev
A0A1C5M2J2,putrescine,Di,0,0.0138,0.0264,dev
A0A1C5M2J2,putrescine,Mono,0,0.0092,0.0179,dev
A0A1C5M2J2,putrescine,Tri,0,0.0371,0.046,dev
A0A1C5M2J2,serine,Di,1,0.4528,0.37,dev
A0A1C5M2J2,serine,Mono,1,0.7036,0.6364,dev
A0A1C5M2J2,serine,Tri,0,0.4129,0.37,dev
A0A1C5M2J2,serotonin,Di,0,0.004,0.0096,dev
A0A1C5M2J2,serotonin,Mono,0,0.0308,0.0264,dev
A0A1C5M2J2,serotonin,Tri,0,0.0075,0.0167,dev
A0A1C5M2J2,threonine,Di,1,0.0924,0.0758,dev
A0A1C5M2J2,threonine,Mono,1,0.4081,0.2642,dev
A0A1C5M2J2,threonine,Tri,0,0.0485,0.0679,dev
A0A1C5M2J2,tryptamine,Di,0,0.0011,0.0096,dev
A0A1C5M2J2,tryptamine,Mono,0,0.0005,0.0069,dev
A0A1C5M2J2,tryptamine,Tri,0,0.0034,0.0096,dev
A0A1C5M2J2,tyramine,Di,0,0.0596,0.0679,dev
A0A1C5M2J2,tyramine,Mono,0,0.4831,0.37,dev
A0A1C5M2J2,tyramine,Tri,0,0.1216,0.0781,dev
A0A1C5MIH1,"2,3_diaminopropionic acid",Di,0,0.2813,0.1867,dev
A0A1C5MIH1,"2,3_diaminopropionic acid",Mono,0,0.1358,0.1192,dev
A0A1C5MIH1,"2,3_diaminopropionic acid",Tri,1,0.7826,0.7234,dev
A0A1C5MIH1,2_aminophenol,Di,1,0.8939,0.7547,dev
A0A1C5MIH1,2_aminophenol,Mono,0,0.4586,0.37,dev
A0A1C5MIH1,2_aminophenol,Tri,1,0.9504,0.7921,dev
A0A1C5MIH1,3_methoxytyramine,Di,0,0.0951,0.0758,dev
A0A1C5MIH1,3_methoxytyramine,Mono,0,0.0147,0.0264,dev
A0A1C5MIH1,3_methoxytyramine,Tri,0,0.1106,0.0758,dev
A0A1C5MIH1,alanine,Di,1,0.9913,0.8962,dev
A0A1C5MIH1,alanine,Mono,1,0.9733,0.8273,dev
A0A1C5MIH1,alanine,Tri,1,0.9193,0.7921,dev
A0A1C5MIH1,arginine,Di,0,0.009,0.0179,dev
A0A1C5MIH1,arginine,Mono,0,0.0046,0.0097,dev
A0A1C5MIH1,arginine,Tri,0,0.0182,0.0264,dev
A0A1C5MIH1,asparagine,Di,0,0.2347,0.1466,dev
A0A1C5MIH1,asparagine,Mono,0,0.1592,0.1192,dev
A0A1C5MIH1,asparagine,Tri,1,0.9695,0.8273,dev
A0A1C5MIH1,cadaverine,Di,0,0.0095,0.0179,dev
A0A1C5MIH1,cadaverine,Mono,0,0.0051,0.0157,dev
A0A1C5MIH1,cadaverine,Tri,0,0.0255,0.0264,dev
A0A1C5MIH1,citrulline,Di,0,0.0604,0.0679,dev
A0A1C5MIH1,citrulline,Mono,0,0.0262,0.0264,dev
A0A1C5MIH1,citrulline,Tri,0,0.0453,0.0679,dev
A0A1C5MIH1,cystine,Di,0,0.0296,0.0264,dev
A0A1C5MIH1,cystine,Mono,0,0.0071,0.0157,dev
A0A1C5MIH1,cystine,Tri,0,0.0334,0.0264,dev
A0A1C5MIH1,dopamine,Di,0,0.2462,0.1466,dev
A0A1C5MIH1,dopamine,Mono,0,0.0866,0.0758,dev
A0A1C5MIH1,dopamine,Tri,1,0.9262,0.7921,dev
A0A1C5MIH1,gaba,Di,1,0.9933,0.8962,dev
A0A1C5MIH1,gaba,Mono,1,0.9893,0.8873,dev
A0A1C5MIH1,gaba,Tri,1,0.9958,0.8962,dev
A0A1C5MIH1,glutamine,Di,0,0.3122,0.22,dev
A0A1C5MIH1,glutamine,Mono,0,0.2871,0.1867,dev
A0A1C5MIH1,glutamine,Tri,0,0.3775,0.2642,dev
A0A1C5MIH1,glyglycine,Di,0,0.066,0.0679,dev
A0A1C5MIH1,glyglycine,Mono,0,0.0359,0.046,dev
A0A1C5MIH1,glyglycine,Tri,0,0.1518,0.1192,dev
A0A1C5MIH1,histidine,Di,0,0.0033,0.0096,dev
A0A1C5MIH1,histidine,Mono,0,0.0041,0.0096,dev
A0A1C5MIH1,histidine,Tri,0,0.0091,0.0179,dev
A0A1C5MIH1,lysine,Di,0,0.534,0.4048,dev
A0A1C5MIH1,lysine,Mono,0,0.2085,0.1317,dev
A0A1C5MIH1,lysine,Tri,0,0.1975,0.1317,dev
A0A1C5MIH1,methionine,Di,0,0.3618,0.2642,dev
A0A1C5MIH1,methionine,Mono,0,0.2501,0.1466,dev
A0A1C5MIH1,methionine,Tri,0,0.4809,0.37,dev
A0A1C5MIH1,ornithine,Di,0,0.159,0.1192,dev
A0A1C5MIH1,ornithine,Mono,0,0.0666,0.0679,dev
A0A1C5MIH1,ornithine,Tri,0,0.0873,0.0758,dev
A0A1C5MIH1,phenylalanine,Di,1,0.9839,0.8343,dev
A0A1C5MIH1,phenylalanine,Mono,0,0.4847,0.37,dev
A0A1C5MIH1,phenylalanine,Tri,1,0.9923,0.8962,dev
A0A1C5MIH1,proline,Di,0,0.0081,0.0167,dev
A0A1C5MIH1,proline,Mono,0,0.0072,0.0167,dev
A0A1C5MIH1,proline,Tri,0,0.0664,0.0679,dev
A0A1C5MIH1,putrescine,Di,0,0.0127,0.0264,dev
A0A1C5MIH1,putrescine,Mono,0,0.0065,0.0157,dev
A0A1C5MIH1,putrescine,Tri,0,0.0337,0.0264,dev
A0A1C5MIH1,serine,Di,1,0.5156,0.4048,dev
A0A1C5MIH1,serine,Mono,1,0.7443,0.7234,dev
A0A1C5MIH1,serine,Tri,0,0.4671,0.37,dev
A0A1C5MIH1,serotonin,Di,0,0.0045,0.0096,dev
A0A1C5MIH1,serotonin,Mono,0,0.0293,0.0264,dev
A0A1C5MIH1,serotonin,Tri,0,0.0083,0.0167,dev
A0A1C5MIH1,threonine,Di,0,0.0989,0.0758,dev
A0A1C5MIH1,threonine,Mono,0,0.444,0.37,dev
A0A1C5MIH1,threonine,Tri,0,0.0559,0.0679,dev
A0A1C5MIH1,tryptamine,Di,0,0.0018,0.0096,dev
A0A1C5MIH1,tryptamine,Mono,0,0.0006,0.0069,dev
A0A1C5MIH1,tryptamine,Tri,0,0.006,0.0157,dev
A0A1C5MIH1,tyramine,Di,0,0.0603,0.0679,dev
A0A1C5MIH1,tyramine,Mono,1,0.3704,0.2642,dev
A0A1C5MIH1,tyramine,Tri,0,0.121,0.0781,dev
A0A1C5MV31,"2,3_diaminopropionic acid",Di,0,0.2095,0.1317,dev
A0A1C5MV31,"2,3_diaminopropionic acid",Mono,0,0.0876,0.0758,dev
A0A1C5MV31,"2,3_diaminopropionic acid",Tri,1,0.7011,0.6364,dev
A0A1C5MV31,2_aminophenol,Di,1,0.796,0.7547,dev
A0A1C5MV31,2_aminophenol,Mono,0,0.2865,0.1867,dev
A0A1C5MV31,2_aminophenol,Tri,1,0.8837,0.7547,dev
A0A1C5MV31,3_methoxytyramine,Di,0,0.0621,0.0679,dev
A0A1C5MV31,3_methoxytyramine,Mono,0,0.009,0.0179,dev
A0A1C5MV31,3_methoxytyramine,Tri,0,0.0632,0.0679,dev
A0A1C5MV31,alanine,Di,1,0.9743,0.8273,dev
A0A1C5MV31,alanine,Mono,1,0.9177,0.7921,dev
A0A1C5MV31,alanine,Tri,1,0.77,0.7234,dev
A0A1C5MV31,arginine,Di,0,0.0098,0.0179,dev
A0A1C5MV31,arginine,Mono,0,0.0046,0.0097,dev
A0A1C5MV31,arginine,Tri,0,0.0168,0.0264,dev
A0A1C5MV31,asparagine,Di,0,0.1227,0.0781,dev
A0A1C5MV31,asparagine,Mono,0,0.0692,0.0679,dev
A0A1C5MV31,asparagine,Tri,1,0.9198,0.7921,dev
A0A1C5MV31,cadaverine,Di,0,0.0125,0.0264,dev
A0A1C5MV31,cadaverine,Mono,0,0.0061,0.0157,dev
A0A1C5MV31,cadaverine,Tri,0,0.0388,0.046,dev
A0A1C5MV31,citrulline,Di,0,0.0668,0.0679,dev
A0A1C5MV31,citrulline,Mono,0,0.0227,0.0264,dev
A0A1C5MV31,citrulline,Tri,0,0.0384,0.046,dev
A0A1C5MV31,cystine,Di,0,0.0153,0.0264,dev
A0A1C5MV31,cystine,Mono,0,0.0038,0.0096,dev
A0A1C5MV31,cystine,Tri,0,0.0174,0.0264,dev
A0A1C5MV31,dopamine,Di,0,0.1561,0.1192,dev
A0A1C5MV31,dopamine,Mono,0,0.0513,0.0679,dev
A0A1C5MV31,dopamine,Tri,1,0.889,0.7547,dev
A0A1C5MV31,gaba,Di,1,0.9437,0.7921,dev
A0A1C5MV31,gaba,Mono,0,0.9175,0.7921,dev
A0A1C5MV31,gaba,Tri,1,0.9649,0.8273,dev
A0A1C5MV31,glutamine,Di,0,0.1756,0.1317,dev
A0A1C5MV31,glutamine,Mono,0,0.1258,0.0781,dev
A0A1C5MV31,glutamine,Tri,0,0.1578,0.1192,dev
A0A1C5MV31,glyglycine,Di,0,0.0406,0.046,dev
A0A1C5MV31,glyglycine,Mono,0,0.0185,0.0264,dev
A0A1C5MV31,glyglycine,Tri,1,0.0871,0.0758,dev
A0A1C5MV31,histidine,Di,0,0.0023,0.0096,dev
A0A1C5MV31,histidine,Mono,0,0.0025,0.0096,dev
A0A1C5MV31,histidine,Tri,0,0.0061,0.0157,dev
A0A1C5MV31,lysine,Di,1,0.5452,0.4048,dev
A0A1C5MV31,lysine,Mono,0,0.2048,0.1317,dev
A0A1C5MV31,lysine,Tri,0,0.1562,0.1192,dev
A0A1C5MV31,methionine,Di,0,0.2945,0.1867,dev
A0A1C5MV31,methionine,Mono,0,0.1691,0.1317,dev
A0A1C5MV31,methionine,Tri,1,0.3022,0.22,dev
A0A1C5MV31,ornithine,Di,0,0.1727,0.1317,dev
A0A1C5MV31,ornithine,Mono,0,0.0727,0.0679,dev
A0A1C5MV31,ornithine,Tri,0,0.0705,0.0679,dev
A0A1C5MV31,phenylalanine,Di,1,0.9645,0.8273,dev
A0A1C5MV31,phenylalanine,Mono,0,0.3255,0.2642,dev
A0A1C5MV31,phenylalanine,Tri,1,0.9808,0.8343,dev
A0A1C5MV31,proline,Di,0,0.0061,0.0157,dev
A0A1C5MV31,proline,Mono,0,0.005,0.0097,dev
A0A1C5MV31,proline,Tri,0,0.0447,0.0679,dev
A0A1C5MV31,putrescine,Di,0,0.016,0.0264,dev
A0A1C5MV31,putrescine,Mono,0,0.0077,0.0167,dev
A0A1C5MV31,putrescine,Tri,0,0.0491,0.0679,dev
A0A1C5MV31,serine,Di,1,0.3056,0.22,dev
A0A1C5MV31,serine,Mono,1,0.4874,0.37,dev
A0A1C5MV31,serine,Tri,0,0.285,0.1867,dev
A0A1C5MV31,serotonin,Di,0,0.0026,0.0096,dev
A0A1C5MV31,serotonin,Mono,0,0.0241,0.0264,dev
A0A1C5MV31,serotonin,Tri,0,0.0046,0.0097,dev
A0A1C5MV31,threonine,Di,0,0.1169,0.0758,dev
A0A1C5MV31,threonine,Mono,0,0.4112,0.2642,dev
A0A1C5MV31,threonine,Tri,0,0.0463,0.0679,dev
A0A1C5MV31,tryptamine,Di,0,0.0017,0.0096,dev
A0A1C5MV31,tryptamine,Mono,0,0.0006,0.0069,dev
A0A1C5MV31,tryptamine,Tri,0,0.0066,0.0157,dev
A0A1C5MV31,tyramine,Di,0,0.0369,0.046,dev
A0A1C5MV31,tyramine,Mono,0,0.354,0.2642,dev
A0A1C5MV31,tyramine,Tri,0,0.0721,0.0679,dev
A0A1C5PCN0,"2,3_diaminopropionic acid",Di,0,0.2315,0.1466,dev
A0A1C5PCN0,"2,3_diaminopropionic acid",Mono,0,0.128,0.0781,dev
A0A1C5PCN0,"2,3_diaminopropionic acid",Tri,1,0.7871,0.7234,dev
A0A1C5PCN0,2_aminophenol,Di,1,0.8232,0.7547,dev
A0A1C5PCN0,2_aminophenol,Mono,0,0.3329,0.2642,dev
A0A1C5PCN0,2_aminophenol,Tri,1,0.9068,0.7921,dev
A0A1C5PCN0,3_methoxytyramine,Di,0,0.0688,0.0679,dev
A0A1C5PCN0,3_methoxytyramine,Mono,0,0.0081,0.0167,dev
A0A1C5PCN0,3_methoxytyramine,Tri,0,0.0786,0.0679,dev
A0A1C5PCN0,alanine,Di,1,0.9856,0.8343,dev
A0A1C5PCN0,alanine,Mono,1,0.9656,0.8273,dev
A0A1C5PCN0,alanine,Tri,1,0.8829,0.7547,dev
A0A1C5PCN0,arginine,Di,0,0.0093,0.0179,dev
A0A1C5PCN0,arginine,Mono,0,0.0053,0.0157,dev
A0A1C5PCN0,arginine,Tri,1,0.0196,0.0264,dev
A0A1C5PCN0,asparagine,Di,0,0.1772,0.1317,dev
A0A1C5PCN0,asparagine,Mono,0,0.1249,0.0781,dev
A0A1C5PCN0,asparagine,Tri,1,0.9459,0.7921,dev
A0A1C5PCN0,cadaverine,Di,0,0.0075,0.0167,dev
A0A1C5PCN0,cadaverine,Mono,0,0.0043,0.0096,dev
A0A1C5PCN0,cadaverine,Tri,0,0.0195,0.0264,dev
A0A1C5PCN0,citrulline,Di,1,0.0857,0.0758,dev
A0A1C5PCN0,citrulline,Mono,0,0.0382,0.046,dev
A0A1C5PCN0,citrulline,Tri,1,0.0515,0.0679,dev
A0A1C5PCN0,cystine,Di,0,0.0207,0.0264,dev
A0A1C5PCN0,cystine,Mono,0,0.0056,0.0157,dev
A0A1C5PCN0,cystine,Tri,0,0.0218,0.0264,dev
A0A1C5PCN0,dopamine,Di,0,0.1787,0.1317,dev
A0A1C5PCN0,dopamine,Mono,0,0.0506,0.0679,dev
A0A1C5PCN0,dopamine,Tri,1,0.9098,0.7921,dev
A0A1C5PCN0,gaba,Di,1,0.9695,0.8273,dev
A0A1C5PCN0,gaba,Mono,0,0.952,0.7921,dev
A0A1C5PCN0,gaba,Tri,1,0.9822,0.8343,dev
A0A1C5PCN0,glutamine,Di,1,0.2874,0.1867,dev
A0A1C5PCN0,glutamine,Mono,0,0.2408,0.1466,dev
A0A1C5PCN0,glutamine,Tri,0,0.3035,0.22,dev
A0A1C5PCN0,glyglycine,Di,0,0.0543,0.0679,dev
A0A1C5PCN0,glyglycine,Mono,0,0.0338,0.0264,dev
A0A1C5PCN0,glyglycine,Tri,1,0.1227,0.0781,dev
A0A1C5PCN0,histidine,Di,0,0.0029,0.0096,dev
A0A1C5PCN0,histidine,Mono,0,0.0036,0.0096,dev
A0A1C5PCN0,histidine,Tri,1,0.0072,0.0167,dev
A0A1C5PCN0,lysine,Di,1,0.5858,0.566,dev
A0A1C5PCN0,lysine,Mono,0,0.2775,0.1867,dev
A0A1C5PCN0,lysine,Tri,0,0.2005,0.1317,dev
A0A1C5PCN0,methionine,Di,0,0.3085,0.22,dev
A0A1C5PCN0,methionine,Mono,1,0.219,0.1466,dev
A0A1C5PCN0,methionine,Tri,1,0.3771,0.2642,dev
A0A1C5PCN0,ornithine,Di,0,0.1774,0.1317,dev
A0A1C5PCN0,ornithine,Mono,0,0.0908,0.0758,dev
A0A1C5PCN0,ornithine,Tri,0,0.0873,0.0758,dev
A0A1C5PCN0,phenylalanine,Di,1,0.9768,0.8343,dev
A0A1C5PCN0,phenylalanine,Mono,1,0.3828,0.2642,dev
A0A1C5PCN0,phenylalanine,Tri,1,0.9879,0.8873,dev
A0A1C5PCN0,proline,Di,0,0.0065,0.0157,dev
A0A1C5PCN0,proline,Mono,0,0.006,0.0157,dev
A0A1C5PCN0,proline,Tri,0,0.041,0.046,dev
A0A1C5PCN0,putrescine,Di,0,0.0095,0.0179,dev
A0A1C5PCN0,putrescine,Mono,0,0.0053,0.0157,dev
A0A1C5PCN0,putrescine,Tri,0,0.0247,0.0264,dev
A0A1C5PCN0,serine,Di,1,0.5102,0.4048,dev
A0A1C5PCN0,serine,Mono,1,0.702,0.6364,dev
A0A1C5PCN0,serine,Tri,0,0.4454,0.37,dev
A0A1C5PCN0,serotonin,Di,0,0.0033,0.0096,dev
A0A1C5PCN0,serotonin,Mono,0,0.0287,0.0264,dev
A0A1C5PCN0,serotonin,Tri,0,0.0064,0.0157,dev
A0A1C5PCN0,threonine,Di,0,0.1413,0.1192,dev
A0A1C5PCN0,threonine,Mono,1,0.5086,0.4048,dev
A0A1C5PCN0,threonine,Tri,0,0.0652,0.0679,dev
A0A1C5PCN0,tryptamine,Di,0,0.0011,0.0096,dev
A0A1C5PCN0,tryptamine,Mono,0,0.0004,0.0069,dev
A0A1C5PCN0,tryptamine,Tri,0,0.0034,0.0096,dev
A0A1C5PCN0,tyramine,Di,0,0.0397,0.046,dev
A0A1C5PCN0,tyramine,Mono,1,0.3254,0.2642,dev
A0A1C5PCN0,tyramine,Tri,0,0.0807,0.0679,dev
A0A1C5QNJ0,"2,3_diaminopropionic acid",Di,0,0.3056,0.22,dev
A0A1C5QNJ0,"2,3_diaminopropionic acid",Mono,0,0.1392,0.1192,dev
A0A1C5QNJ0,"2,3_diaminopropionic acid",Tri,1,0.7976,0.7547,dev
A0A1C5QNJ0,2_aminophenol,Di,1,0.8224,0.7547,dev
A0A1C5QNJ0,2_aminophenol,Mono,0,0.2839,0.1867,dev
A0A1C5QNJ0,2_aminophenol,Tri,1,0.906,0.7921,dev
A0A1C5QNJ0,3_methoxytyramine,Di,0,0.1186,0.0758,dev
A0A1C5QNJ0,3_methoxytyramine,Mono,0,0.0151,0.0264,dev
A0A1C5QNJ0,3_methoxytyramine,Tri,0,0.1191,0.0758,dev
A0A1C5QNJ0,alanine,Di,1,0.986,0.8343,dev
A0A1C5QNJ0,alanine,Mono,1,0.9559,0.7921,dev
A0A1C5QNJ0,alanine,Tri,1,0.8669,0.7547,dev
A0A1C5QNJ0,arginine,Di,0,0.0189,0.0264,dev
A0A1C5QNJ0,arginine,Mono,0,0.0076,0.0167,dev
A0A1C5QNJ0,arginine,Tri,0,0.0294,0.0264,dev
A0A1C5QNJ0,asparagine,Di,0,0.1997,0.1317,dev
A0A1C5QNJ0,asparagine,Mono,0,0.1237,0.0781,dev
A0A1C5QNJ0,asparagine,Tri,1,0.9649,0.8273,dev
A0A1C5QNJ0,cadaverine,Di,0,0.0109,0.0264,dev
A0A1C5QNJ0,cadaverine,Mono,0,0.0051,0.0157,dev
A0A1C5QNJ0,cadaverine,Tri,0,0.0297,0.0264,dev
A0A1C5QNJ0,citrulline,Di,0,0.1477,0.1192,dev
A0A1C5QNJ0,citrulline,Mono,0,0.0456,0.0679,dev
A0A1C5QNJ0,citrulline,Tri,0,0.0852,0.0758,dev
A0A1C5QNJ0,cystine,Di,0,0.0283,0.0264,dev
A0A1C5QNJ0,cystine,Mono,0,0.0061,0.0157,dev
A0A1C5QNJ0,cystine,Tri,0,0.0313,0.0264,dev
A0A1C5QNJ0,dopamine,Di,0,0.2932,0.1867,dev
A0A1C5QNJ0,dopamine,Mono,0,0.0907,0.0758,dev
A0A1C5QNJ0,dopamine,Tri,1,0.9515,0.7921,dev
A0A1C5QNJ0,gaba,Di,1,0.9761,0.8343,dev
A0A1C5QNJ0,gaba,Mono,1,0.9611,0.7921,dev
A0A1C5QNJ0,gaba,Tri,1,0.9876,0.8343,dev
A0A1C5QNJ0,glutamine,Di,0,0.2817,0.1867,dev
A0A1C5QNJ0,glutamine,Mono,0,0.217,0.1317,dev
A0A1C5QNJ0,glutamine,Tri,0,0.3382,0.2642,dev
A0A1C5QNJ0,glyglycine,Di,0,0.0798,0.0679,dev
A0A1C5QNJ0,glyglycine,Mono,0,0.0355,0.046,dev
A0A1C5QNJ0,glyglycine,Tri,1,0.131,0.1192,dev
A0A1C5QNJ0,histidine,Di,0,0.0031,0.0096,dev
A0A1C5QNJ0,histidine,Mono,0,0.0028,0.0096,dev
A0A1C5QNJ0,histidine,Tri,0,0.007,0.0157,dev
A0A1C5QNJ0,lysine,Di,1,0.572,0.566,dev
A0A1C5QNJ0,lysine,Mono,0,0.2181,0.1317,dev
A0A1C5QNJ0,lysine,Tri,0,0.2129,0.1317,dev
A0A1C5QNJ0,methionine,Di,0,0.2526,0.1466,dev
A0A1C5QNJ0,methionine,Mono,0,0.125,0.0781,dev
A0A1C5QNJ0,methionine,Tri,1,0.3002,0.22,dev
A0A1C5QNJ0,ornithine,Di,0,0.2717,0.1867,dev
A0A1C5QNJ0,ornithine,Mono,0,0.1097,0.0758,dev
A0A1C5QNJ0,ornithine,Tri,0,0.1329,0.1192,dev
A0A1C5QNJ0,phenylalanine,Di,1,0.9805,0.8343,dev
A0A1C5QNJ0,phenylalanine,Mono,0,0.4541,0.37,dev
A0A1C5QNJ0,phenylalanine,Tri,1,0.9902,0.8873,dev
A0A1C5QNJ0,proline,Di,0,0.0082,0.0167,dev
A0A1C5QNJ0,proline,Mono,0,0.0074,0.0167,dev
A0A1C5QNJ0,proline,Tri,0,0.0567,0.0679,dev
A0A1C5QNJ0,putrescine,Di,0,0.0144,0.0264,dev
A0A1C5QNJ0,putrescine,Mono,0,0.0066,0.0157,dev
A0A1C5QNJ0,putrescine,Tri,0,0.0386,0.046,dev
A0A1C5QNJ0,serine,Di,0,0.4517,0.37,dev
A0A1C5QNJ0,serine,Mono,1,0.6696,0.5862,dev
A0A1C5QNJ0,serine,Tri,0,0.4021,0.2642,dev
A0A1C5QNJ0,serotonin,Di,0,0.0056,0.0157,dev
A0A1C5QNJ0,serotonin,Mono,0,0.0318,0.0264,dev
A0A1C5QNJ0,serotonin,Tri,0,0.0094,0.0179,dev
A0A1C5QNJ0,threonine,Di,0,0.0904,0.0758,dev
A0A1C5QNJ0,threonine,Mono,1,0.3847,0.2642,dev
A0A1C5QNJ0,threonine,Tri,0,0.0395,0.046,dev
A0A1C5QNJ0,tryptamine,Di,0,0.0019,0.0096,dev
A0A1C5QNJ0,tryptamine,Mono,0,0.0005,0.0069,dev
A0A1C5QNJ0,tryptamine,Tri,0,0.0057,0.0157,dev
A0A1C5QNJ0,tyramine,Di,0,0.066,0.0679,dev
A0A1C5QNJ0,tyramine,Mono,0,0.363,0.2642,dev
A0A1C5QNJ0,tyramine,Tri,0,0.1278,0.0781,dev
A0A1C5S406,"2,3_diaminopropionic acid",Di,0,0.0756,0.0679,dev
A0A1C5S406,"2,3_diaminopropionic acid",Mono,0,0.0174,0.0264,dev
A0A1C5S406,"2,3_diaminopropionic acid",Tri,1,0.3983,0.2642,dev
A0A1C5S406,2_aminophenol,Di,0,0.3879,0.2642,dev
A0A1C5S406,2_aminophenol,Mono,0,0.034,0.0264,dev
A0A1C5S406,2_aminophenol,Tri,1,0.57,0.566,dev
A0A1C5S406,3_methoxytyramine,Di,0,0.0408,0.046,dev
A0A1C5S406,3_methoxytyramine,Mono,0,0.0031,0.0096,dev
A0A1C5S406,3_methoxytyramine,Tri,0,0.0278,0.0264,dev
A0A1C5S406,alanine,Di,1,0.9477,0.7921,dev
A0A1C5S406,alanine,Mono,1,0.7264,0.7234,dev
A0A1C5S406,alanine,Tri,1,0.2463,0.1466,dev
A0A1C5S406,arginine,Di,0,0.0016,0.0096,dev
A0A1C5S406,arginine,Mono,0,0.0004,0.0069,dev
A0A1C5S406,arginine,Tri,0,0.0027,0.0096,dev
A0A1C5S406,asparagine,Di,0,0.0478,0.0679,dev
A0A1C5S406,asparagine,Mono,0,0.0167,0.0264,dev
A0A1C5S406,asparagine,Tri,1,0.9049,0.7921,dev
A0A1C5S406,cadaverine,Di,0,0.0023,0.0096,dev
A0A1C5S406,cadaverine,Mono,0,0.0006,0.0069,dev
A0A1C5S406,cadaverine,Tri,0,0.0062,0.0157,dev
A0A1C5S406,citrulline,Di,0,0.009,0.0179,dev
A0A1C5S406,citrulline,Mono,0,0.0018,0.0096,dev
A0A1C5S406,citrulline,Tri,0,0.0058,0.0157,dev
A0A1C5S406,cystine,Di,0,0.0061,0.0157,dev
A0A1C5S406,cystine,Mono,0,0.0007,0.0069,dev
A0A1C5S406,cystine,Tri,0,0.0065,0.0157,dev
A0A1C5S406,dopamine,Di,0,0.1089,0.0758,dev
A0A1C5S406,dopamine,Mono,0,0.0184,0.0264,dev
A0A1C5S406,dopamine,Tri,0,0.8351,0.7547,dev
A0A1C5S406,gaba,Di,1,0.9716,0.8273,dev
A0A1C5S406,gaba,Mono,1,0.9385,0.7921,dev
A0A1C5S406,gaba,Tri,1,0.9825,0.8343,dev
A0A1C5S406,glutamine,Di,0,0.0433,0.0679,dev
A0A1C5S406,glutamine,Mono,0,0.0157,0.0264,dev
A0A1C5S406,glutamine,Tri,0,0.0396,0.046,dev
A0A1C5S406,glyglycine,Di,0,0.0122,0.0264,dev
A0A1C5S406,glyglycine,Mono,0,0.0034,0.0096,dev
A0A1C5S406,glyglycine,Tri,0,0.018,0.0264,dev
A0A1C5S406,histidine,Di,0,0.001,0.0069,dev
A0A1C5S406,histidine,Mono,0,0.0006,0.0069,dev
A0A1C5S406,histidine,Tri,0,0.0022,0.0096,dev
A0A1C5S406,lysine,Di,1,0.0623,0.0679,dev
A0A1C5S406,lysine,Mono,0,0.0088,0.0179,dev
A0A1C5S406,lysine,Tri,0,0.0164,0.0264,dev
A0A1C5S406,methionine,Di,0,0.0343,0.0264,dev
A0A1C5S406,methionine,Mono,0,0.0088,0.0179,dev
A0A1C5S406,methionine,Tri,0,0.0324,0.0264,dev
A0A1C5S406,ornithine,Di,0,0.0261,0.0264,dev
A0A1C5S406,ornithine,Mono,0,0.005,0.0097,dev
A0A1C5S406,ornithine,Tri,0,0.0117,0.0264,dev
A0A1C5S406,phenylalanine,Di,1,0.9501,0.7921,dev
A0A1C5S406,phenylalanine,Mono,0,0.0736,0.0679,dev
A0A1C5S406,phenylalanine,Tri,1,0.9724,0.8273,dev
A0A1C5S406,proline,Di,0,0.002,0.0096,dev
A0A1C5S406,proline,Mono,0,0.001,0.0069,dev
A0A1C5S406,proline,Tri,0,0.0149,0.0264,dev
A0A1C5S406,putrescine,Di,0,0.0028,0.0096,dev
A0A1C5S406,putrescine,Mono,0,0.0008,0.0069,dev
A0A1C5S406,putrescine,Tri,0,0.0076,0.0167,dev
A0A1C5S406,serine,Di,1,0.0898,0.0758,dev
A0A1C5S406,serine,Mono,1,0.1033,0.0758,dev
A0A1C5S406,serine,Tri,0,0.0879,0.0758,dev
A0A1C5S406,serotonin,Di,0,0.002,0.0096,dev
A0A1C5S406,serotonin,Mono,0,0.0069,0.0157,dev
A0A1C5S406,serotonin,Tri,0,0.0029,0.0096,dev
A0A1C5S406,threonine,Di,0,0.0067,0.0157,dev
A0A1C5S406,threonine,Mono,0,0.0197,0.0264,dev
A0A1C5S406,threonine,Tri,0,0.0026,0.0096,dev
A0A1C5S406,tryptamine,Di,0,0.0006,0.0069,dev
A0A1C5S406,tryptamine,Mono,0,0.0001,0.0058,dev
A0A1C5S406,tryptamine,Tri,0,0.0014,0.0096,dev
A0A1C5S406,tyramine,Di,0,0.0121,0.0264,dev
A0A1C5S406,tyramine,Mono,0,0.0532,0.0679,dev
A0A1C5S406,tyramine,Tri,0,0.0213,0.0264,dev
A0A1C5V0T2,"2,3_diaminopropionic acid",Di,0,0.1431,0.1192,dev
A0A1C5V0T2,"2,3_diaminopropionic acid",Mono,0,0.0618,0.0679,dev
A0A1C5V0T2,"2,3_diaminopropionic acid",Tri,0,0.6696,0.5862,dev
A0A1C5V0T2,2_aminophenol,Di,1,0.7514,0.7234,dev
A0A1C5V0T2,2_aminophenol,Mono,0,0.2019,0.1317,dev
A0A1C5V0T2,2_aminophenol,Tri,1,0.8771,0.7547,dev
A0A1C5V0T2,3_methoxytyramine,Di,0,0.0449,0.0679,dev
A0A1C5V0T2,3_methoxytyramine,Mono,0,0.0062,0.0157,dev
A0A1C5V0T2,3_methoxytyramine,Tri,0,0.0611,0.0679,dev
A0A1C5V0T2,alanine,Di,1,0.9803,0.8343,dev
A0A1C5V0T2,alanine,Mono,1,0.9337,0.7921,dev
A0A1C5V0T2,alanine,Tri,1,0.7956,0.7547,dev
A0A1C5V0T2,arginine,Di,0,0.0047,0.0097,dev
A0A1C5V0T2,arginine,Mono,0,0.0023,0.0096,dev
A0A1C5V0T2,arginine,Tri,0,0.014,0.0264,dev
A0A1C5V0T2,asparagine,Di,0,0.1396,0.1192,dev
A0A1C5V0T2,asparagine,Mono,0,0.0786,0.0679,dev
A0A1C5V0T2,asparagine,Tri,1,0.9494,0.7921,dev
A0A1C5V0T2,cadaverine,Di,0,0.0051,0.0157,dev
A0A1C5V0T2,cadaverine,Mono,0,0.0025,0.0096,dev
A0A1C5V0T2,cadaverine,Tri,0,0.0167,0.0264,dev
A0A1C5V0T2,citrulline,Di,0,0.0468,0.0679,dev
A0A1C5V0T2,citrulline,Mono,0,0.015,0.0264,dev
A0A1C5V0T2,citrulline,Tri,0,0.038,0.046,dev
A0A1C5V0T2,cystine,Di,0,0.0161,0.0264,dev
A0A1C5V0T2,cystine,Mono,0,0.0033,0.0096,dev
A0A1C5V0T2,cystine,Tri,0,0.0202,0.0264,dev
A0A1C5V0T2,dopamine,Di,0,0.1643,0.1192,dev
A0A1C5V0T2,dopamine,Mono,0,0.0515,0.0679,dev
A0A1C5V0T2,dopamine,Tri,1,0.9263,0.7921,dev
A0A1C5V0T2,gaba,Di,1,0.9849,0.8343,dev
A0A1C5V0T2,gaba,Mono,1,0.9771,0.8343,dev
A0A1C5V0T2,gaba,Tri,1,0.9928,0.8962,dev
A0A1C5V0T2,glutamine,Di,0,0.1738,0.1317,dev
A0A1C5V0T2,glutamine,Mono,0,0.1289,0.1,dev
A0A1C5V0T2,glutamine,Tri,0,0.241,0.1466,dev
A0A1C5V0T2,glyglycine,Di,0,0.0466,0.0679,dev
A0A1C5V0T2,glyglycine,Mono,0,0.0205,0.0264,dev
A0A1C5V0T2,glyglycine,Tri,0,0.1013,0.0758,dev
A0A1C5V0T2,histidine,Di,0,0.003,0.0096,dev
A0A1C5V0T2,histidine,Mono,0,0.0033,0.0096,dev
A0A1C5V0T2,histidine,Tri,0,0.0081,0.0167,dev
A0A1C5V0T2,lysine,Di,0,0.3177,0.22,dev
A0A1C5V0T2,lysine,Mono,0,0.1006,0.0758,dev
A0A1C5V0T2,lysine,Tri,0,0.1211,0.0781,dev
A0A1C5V0T2,methionine,Di,0,0.126,0.0781,dev
A0A1C5V0T2,methionine,Mono,0,0.0614,0.0679,dev
A0A1C5V0T2,methionine,Tri,0,0.1973,0.1317,dev
A0A1C5V0T2,ornithine,Di,0,0.0779,0.0679,dev
A0A1C5V0T2,ornithine,Mono,0,0.0333,0.0264,dev
A0A1C5V0T2,ornithine,Tri,0,0.0583,0.0679,dev
A0A1C5V0T2,phenylalanine,Di,1,0.9701,0.8273,dev
A0A1C5V0T2,phenylalanine,Mono,0,0.3589,0.2642,dev
A0A1C5V0T2,phenylalanine,Tri,1,0.9874,0.8343,dev
A0A1C5V0T2,proline,Di,0,0.0065,0.0157,dev
A0A1C5V0T2,proline,Mono,0,0.0054,0.0157,dev
A0A1C5V0T2,proline,Tri,0,0.0453,0.0679,dev
A0A1C5V0T2,putrescine,Di,0,0.0071,0.0157,dev
A0A1C5V0T2,putrescine,Mono,0,0.0034,0.0096,dev
A0A1C5V0T2,putrescine,Tri,0,0.0228,0.0264,dev
A0A1C5V0T2,serine,Di,1,0.3407,0.2642,dev
A0A1C5V0T2,serine,Mono,1,0.5113,0.4048,dev
A0A1C5V0T2,serine,Tri,0,0.3236,0.2642,dev
A0A1C5V0T2,serotonin,Di,0,0.0029,0.0096,dev
A0A1C5V0T2,serotonin,Mono,0,0.0193,0.0264,dev
A0A1C5V0T2,serotonin,Tri,0,0.0065,0.0157,dev
A0A1C5V0T2,threonine,Di,0,0.0411,0.046,dev
A0A1C5V0T2,threonine,Mono,0,0.1907,0.1317,dev
A0A1C5V0T2,threonine,Tri,0,0.021,0.0264,dev
A0A1C5V0T2,tryptamine,Di,0,0.0013,0.0096,dev
A0A1C5V0T2,tryptamine,Mono,0,0.0004,0.0069,dev
A0A1C5V0T2,tryptamine,Tri,0,0.005,0.0097,dev
A0A1C5V0T2,tyramine,Di,0,0.0282,0.0264,dev
A0A1C5V0T2,tyramine,Mono,1,0.1782,0.1317,dev
A0A1C5V0T2,tyramine,Tri,0,0.0692,0.0679,dev
A0A1C5VKY6,"2,3_diaminopropionic acid",Di,0,0.2241,0.1466,dev
A0A1C5VKY6,"2,3_diaminopropionic acid",Mono,0,0.091,0.0758,dev
A0A1C5VKY6,"2,3_diaminopropionic acid",Tri,1,0.7558,0.7234,dev
A0A1C5VKY6,2_aminophenol,Di,1,0.8667,0.7547,dev
A0A1C5VKY6,2_aminophenol,Mono,0,0.4008,0.2642,dev
A0A1C5VKY6,2_aminophenol,Tri,1,0.9208,0.7921,dev
A0A1C5VKY6,3_methoxytyramine,Di,0,0.1095,0.0758,dev
A0A1C5VKY6,3_methoxytyramine,Mono,0,0.0128,0.0264,dev
A0A1C5VKY6,3_methoxytyramine,Tri,0,0.0981,0.0758,dev
A0A1C5VKY6,alanine,Di,1,0.9903,0.8873,dev
A0A1C5VKY6,alanine,Mono,1,0.967,0.8273,dev
A0A1C5VKY6,alanine,Tri,1,0.8447,0.7547,dev
A0A1C5VKY6,arginine,Di,0,0.008,0.0167,dev
A0A1C5VKY6,arginine,Mono,0,0.0033,0.0096,dev
A0A1C5VKY6,arginine,Tri,0,0.0157,0.0264,dev
A0A1C5VKY6,asparagine,Di,0,0.1623,0.1192,dev
A0A1C5VKY6,asparagine,Mono,0,0.1053,0.0758,dev
A0A1C5VKY6,asparagine,Tri,1,0.9499,0.7921,dev
A0A1C5VKY6,cadaverine,Di,0,0.0131,0.0264,dev
A0A1C5VKY6,cadaverine,Mono,0,0.006,0.0157,dev
A0A1C5VKY6,cadaverine,Tri,0,0.0284,0.0264,dev
A0A1C5VKY6,citrulline,Di,0,0.0676,0.0679,dev
A0A1C5VKY6,citrulline,Mono,0,0.0224,0.0264,dev
A0A1C5VKY6,citrulline,Tri,0,0.0361,0.046,dev
A0A1C5VKY6,cystine,Di,0,0.0317,0.0264,dev
A0A1C5VKY6,cystine,Mono,0,0.0065,0.0157,dev
A0A1C5VKY6,cystine,Tri,0,0.0286,0.0264,dev
A0A1C5VKY6,dopamine,Di,0,0.2943,0.1867,dev
A0A1C5VKY6,dopamine,Mono,0,0.0901,0.0758,dev
A0A1C5VKY6,dopamine,Tri,1,0.9245,0.7921,dev
A0A1C5VKY6,gaba,Di,1,0.989,0.8873,dev
A0A1C5VKY6,gaba,Mono,0,0.98,0.8343,dev
A0A1C5VKY6,gaba,Tri,1,0.9923,0.8962,dev
A0A1C5VKY6,glutamine,Di,0,0.2169,0.1317,dev
A0A1C5VKY6,glutamine,Mono,0,0.1655,0.1192,dev
A0A1C5VKY6,glutamine,Tri,0,0.2415,0.1466,dev
A0A1C5VKY6,glyglycine,Di,0,0.0713,0.0679,dev
A0A1C5VKY6,glyglycine,Mono,0,0.0349,0.046,dev
A0A1C5VKY6,glyglycine,Tri,1,0.1338,0.1192,dev
A0A1C5VKY6,histidine,Di,0,0.0034,0.0096,dev
A0A1C5VKY6,histidine,Mono,0,0.0036,0.0096,dev
A0A1C5VKY6,histidine,Tri,0,0.0072,0.0167,dev
A0A1C5VKY6,lysine,Di,1,0.5919,0.566,dev
A0A1C5VKY6,lysine,Mono,0,0.2181,0.1317,dev
A0A1C5VKY6,lysine,Tri,0,0.1957,0.1317,dev
A0A1C5VKY6,methionine,Di,0,0.3303,0.2642,dev
A0A1C5VKY6,methionine,Mono,0,0.1831,0.1317,dev
A0A1C5VKY6,methionine,Tri,1,0.3805,0.2642,dev
A0A1C5VKY6,ornithine,Di,0,0.2579,0.1466,dev
A0A1C5VKY6,ornithine,Mono,0,0.0989,0.0758,dev
A0A1C5VKY6,ornithine,Tri,0,0.121,0.0781,dev
A0A1C5VKY6,phenylalanine,Di,1,0.9758,0.8333,dev
A0A1C5VKY6,phenylalanine,Mono,0,0.382,0.2642,dev
A0A1C5VKY6,phenylalanine,Tri,1,0.9869,0.8343,dev
A0A1C5VKY6,proline,Di,0,0.0073,0.0167,dev
A0A1C5VKY6,proline,Mono,0,0.0062,0.0157,dev
A0A1C5VKY6,proline,Tri,0,0.0467,0.0679,dev
A0A1C5VKY6,putrescine,Di,0,0.016,0.0264,dev
A0A1C5VKY6,putrescine,Mono,0,0.007,0.0157,dev
A0A1C5VKY6,putrescine,Tri,0,0.0344,0.046,dev
A0A1C5VKY6,serine,Di,1,0.5258,0.4048,dev
A0A1C5VKY6,serine,Mono,1,0.7137,0.6364,dev
A0A1C5VKY6,serine,Tri,0,0.432,0.37,dev
A0A1C5VKY6,serotonin,Di,0,0.0067,0.0157,dev
A0A1C5VKY6,serotonin,Mono,0,0.0336,0.0264,dev
A0A1C5VKY6,serotonin,Tri,0,0.0105,0.0179,dev
A0A1C5VKY6,threonine,Di,0,0.1077,0.0758,dev
A0A1C5VKY6,threonine,Mono,1,0.4127,0.37,dev
A0A1C5VKY6,threonine,Tri,0,0.045,0.0679,dev
A0A1C5VKY6,tryptamine,Di,0,0.0019,0.0096,dev
A0A1C5VKY6,tryptamine,Mono,0,0.0006,0.0069,dev
A0A1C5VKY6,tryptamine,Tri,0,0.0048,0.0097,dev
A0A1C5VKY6,tyramine,Di,0,0.0723,0.0679,dev
A0A1C5VKY6,tyramine,Mono,1,0.3502,0.2642,dev
A0A1C5VKY6,tyramine,Tri,0,0.1237,0.0781,dev
A0A1C5X749,"2,3_diaminopropionic acid",Di,0,0.2417,0.1466,dev
A0A1C5X749,"2,3_diaminopropionic acid",Mono,0,0.1399,0.1192,dev
A0A1C5X749,"2,3_diaminopropionic acid",Tri,0,0.755,0.7234,dev
A0A1C5X749,2_aminophenol,Di,0,0.8607,0.7547,dev
A0A1C5X749,2_aminophenol,Mono,0,0.4434,0.37,dev
A0A1C5X749,2_aminophenol,Tri,0,0.924,0.7921,dev
A0A1C5X749,3_methoxytyramine,Di,0,0.0665,0.0679,dev
A0A1C5X749,3_methoxytyramine,Mono,0,0.0094,0.0179,dev
A0A1C5X749,3_methoxytyramine,Tri,0,0.0694,0.0679,dev
A0A1C5X749,alanine,Di,0,0.9877,0.8343,dev
A0A1C5X749,alanine,Mono,0,0.9677,0.8273,dev
A0A1C5X749,alanine,Tri,0,0.8701,0.7547,dev
A0A1C5X749,arginine,Di,0,0.0086,0.0167,dev
A0A1C5X749,arginine,Mono,0,0.0048,0.0097,dev
A0A1C5X749,arginine,Tri,0,0.0172,0.0264,dev
A0A1C5X749,asparagine,Di,0,0.1632,0.1192,dev
A0A1C5X749,asparagine,Mono,0,0.1091,0.0758,dev
A0A1C5X749,asparagine,Tri,0,0.9474,0.7921,dev
A0A1C5X749,cadaverine,Di,0,0.0083,0.0167,dev
A0A1C5X749,cadaverine,Mono,0,0.0053,0.0157,dev
A0A1C5X749,cadaverine,Tri,0,0.0239,0.0264,dev
A0A1C5X749,citrulline,Di,0,0.0776,0.0679,dev
A0A1C5X749,citrulline,Mono,0,0.0324,0.0264,dev
A0A1C5X749,citrulline,Tri,0,0.052,0.0679,dev
A0A1C5X749,cystine,Di,0,0.0164,0.0264,dev
A0A1C5X749,cystine,Mono,0,0.0046,0.0096,dev
A0A1C5X749,cystine,Tri,0,0.0168,0.0264,dev
A0A1C5X749,dopamine,Di,0,0.2008,0.1317,dev
A0A1C5X749,dopamine,Mono,0,0.0695,0.0679,dev
A0A1C5X749,dopamine,Tri,0,0.9392,0.7921,dev
A0A1C5X749,gaba,Di,0,0.9877,0.8343,dev
A0A1C5X749,gaba,Mono,0,0.9852,0.8343,dev
A0A1C5X749,gaba,Tri,0,0.9936,0.8962,dev
A0A1C5X749,glutamine,Di,0,0.1789,0.1317,dev
A0A1C5X749,glutamine,Mono,0,0.1515,0.1192,dev
A0A1C5X749,glutamine,Tri,0,0.2197,0.1466,dev
A0A1C5X749,glyglycine,Di,0,0.0651,0.0679,dev
A0A1C5X749,glyglycine,Mono,0,0.0399,0.046,dev
A0A1C5X749,glyglycine,Tri,0,0.1274,0.0781,dev
A0A1C5X749,histidine,Di,0,0.0023,0.0096,dev
A0A1C5X749,histidine,Mono,0,0.0027,0.0096,dev
A0A1C5X749,histidine,Tri,0,0.0052,0.0157,dev
A0A1C5X749,lysine,Di,0,0.4834,0.37,dev
A0A1C5X749,lysine,Mono,0,0.1998,0.1317,dev
A0A1C5X749,lysine,Tri,0,0.163,0.1192,dev
A0A1C5X749,methionine,Di,0,0.2457,0.1466,dev
A0A1C5X749,methionine,Mono,0,0.161,0.1192,dev
A0A1C5X749,methionine,Tri,0,0.3247,0.2642,dev
A0A1C5X749,ornithine,Di,0,0.1485,0.1192,dev
A0A1C5X749,ornithine,Mono,0,0.0762,0.0679,dev
A0A1C5X749,ornithine,Tri,0,0.0821,0.0741,dev
A0A1C5X749,phenylalanine,Di,0,0.976,0.8333,dev
A0A1C5X749,phenylalanine,Mono,0,0.6071,0.566,dev
A0A1C5X749,phenylalanine,Tri,0,0.9877,0.8343,dev
A0A1C5X749,proline,Di,0,0.0068,0.0157,dev
A0A1C5X749,proline,Mono,0,0.0063,0.0157,dev
A0A1C5X749,proline,Tri,0,0.0377,0.046,dev
A0A1C5X749,putrescine,Di,0,0.0108,0.0264,dev
A0A1C5X749,putrescine,Mono,0,0.0067,0.0157,dev
A0A1C5X749,putrescine,Tri,0,0.0307,0.0264,dev
A0A1C5X749,serine,Di,0,0.4632,0.37,dev
A0A1C5X749,serine,Mono,0,0.6993,0.6364,dev
A0A1C5X749,serine,Tri,0,0.3717,0.2642,dev
A0A1C5X749,serotonin,Di,0,0.0025,0.0096,dev
A0A1C5X749,serotonin,Mono,0,0.0197,0.0264,dev
A0A1C5X749,serotonin,Tri,0,0.0043,0.0096,dev
A0A1C5X749,threonine,Di,0,0.0783,0.0679,dev
A0A1C5X749,threonine,Mono,0,0.3464,0.2642,dev
A0A1C5X749,threonine,Tri,0,0.0338,0.0264,dev
A0A1C5X749,tryptamine,Di,0,0.0012,0.0096,dev
A0A1C5X749,tryptamine,Mono,0,0.0005,0.0069,dev
A0A1C5X749,tryptamine,Tri,0,0.0036,0.0096,dev
A0A1C5X749,tyramine,Di,0,0.0456,0.0679,dev
A0A1C5X749,tyramine,Mono,0,0.3435,0.2642,dev
A0A1C5X749,tyramine,Tri,0,0.0858,0.0758,dev
A0A1C6A728,"2,3_diaminopropionic acid",Di,0,0.2528,0.1466,dev
A0A1C6A728,"2,3_diaminopropionic acid",Mono,0,0.1188,0.0758,dev
A0A1C6A728,"2,3_diaminopropionic acid",Tri,1,0.8014,0.7547,dev
A0A1C6A728,2_aminophenol,Di,1,0.8687,0.7547,dev
A0A1C6A728,2_aminophenol,Mono,0,0.3619,0.2642,dev
A0A1C6A728,2_aminophenol,Tri,1,0.9237,0.7921,dev
A0A1C6A728,3_methoxytyramine,Di,0,0.0742,0.0679,dev
A0A1C6A728,3_methoxytyramine,Mono,0,0.0096,0.0179,dev
A0A1C6A728,3_methoxytyramine,Tri,0,0.0733,0.0679,dev
A0A1C6A728,alanine,Di,1,0.9901,0.8873,dev
A0A1C6A728,alanine,Mono,1,0.9681,0.8273,dev
A0A1C6A728,alanine,Tri,0,0.8485,0.7547,dev
A0A1C6A728,arginine,Di,0,0.0116,0.0264,dev
A0A1C6A728,arginine,Mono,0,0.0048,0.0097,dev
A0A1C6A728,arginine,Tri,0,0.0336,0.0264,dev
A0A1C6A728,asparagine,Di,0,0.1894,0.1317,dev
A0A1C6A728,asparagine,Mono,0,0.1185,0.0758,dev
A0A1C6A728,asparagine,Tri,1,0.9603,0.7921,dev
A0A1C6A728,cadaverine,Di,0,0.0086,0.0167,dev
A0A1C6A728,cadaverine,Mono,0,0.0043,0.0096,dev
A0A1C6A728,cadaverine,Tri,0,0.0285,0.0264,dev
A0A1C6A728,citrulline,Di,0,0.0792,0.0679,dev
A0A1C6A728,citrulline,Mono,0,0.0248,0.0264,dev
A0A1C6A728,citrulline,Tri,0,0.0608,0.0679,dev
A0A1C6A728,cystine,Di,0,0.0191,0.0264,dev
A0A1C6A728,cystine,Mono,0,0.0043,0.0096,dev
A0A1C6A728,cystine,Tri,0,0.0218,0.0264,dev
A0A1C6A728,dopamine,Di,0,0.2685,0.1867,dev
A0A1C6A728,dopamine,Mono,0,0.0921,0.0758,dev
A0A1C6A728,dopamine,Tri,1,0.9417,0.7921,dev
A0A1C6A728,gaba,Di,1,0.9856,0.8343,dev
A0A1C6A728,gaba,Mono,1,0.9798,0.8343,dev
A0A1C6A728,gaba,Tri,1,0.9931,0.8962,dev
A0A1C6A728,glutamine,Di,0,0.2325,0.1466,dev
A0A1C6A728,glutamine,Mono,0,0.156,0.1192,dev
A0A1C6A728,glutamine,Tri,0,0.3089,0.22,dev
A0A1C6A728,glyglycine,Di,0,0.0556,0.0679,dev
A0A1C6A728,glyglycine,Mono,0,0.0295,0.0264,dev
A0A1C6A728,glyglycine,Tri,0,0.0968,0.0758,dev
A0A1C6A728,histidine,Di,0,0.0033,0.0096,dev
A0A1C6A728,histidine,Mono,0,0.0033,0.0096,dev
A0A1C6A728,histidine,Tri,0,0.0078,0.0167,dev
A0A1C6A728,lysine,Di,1,0.47,0.37,dev
A0A1C6A728,lysine,Mono,0,0.1507,0.1192,dev
A0A1C6A728,lysine,Tri,0,0.1871,0.1317,dev
A0A1C6A728,methionine,Di,0,0.2753,0.1867,dev
A0A1C6A728,methionine,Mono,0,0.1429,0.1192,dev
A0A1C6A728,methionine,Tri,0,0.3409,0.2642,dev
A0A1C6A728,ornithine,Di,0,0.1473,0.1192,dev
A0A1C6A728,ornithine,Mono,0,0.0564,0.0679,dev
A0A1C6A728,ornithine,Tri,0,0.1007,0.0758,dev
A0A1C6A728,phenylalanine,Di,1,0.9865,0.8343,dev
A0A1C6A728,phenylalanine,Mono,0,0.4346,0.37,dev
A0A1C6A728,phenylalanine,Tri,1,0.9933,0.8962,dev
A0A1C6A728,proline,Di,0,0.0073,0.0167,dev
A0A1C6A728,proline,Mono,0,0.0056,0.0157,dev
A0A1C6A728,proline,Tri,0,0.0424,0.0679,dev
A0A1C6A728,putrescine,Di,0,0.0111,0.0264,dev
A0A1C6A728,putrescine,Mono,0,0.0054,0.0157,dev
A0A1C6A728,putrescine,Tri,0,0.0361,0.046,dev
A0A1C6A728,serine,Di,0,0.4863,0.37,dev
A0A1C6A728,serine,Mono,1,0.6658,0.5862,dev
A0A1C6A728,serine,Tri,0,0.4535,0.37,dev
A0A1C6A728,serotonin,Di,0,0.0056,0.0157,dev
A0A1C6A728,serotonin,Mono,0,0.0316,0.0264,dev
A0A1C6A728,serotonin,Tri,0,0.0111,0.0264,dev
A0A1C6A728,threonine,Di,0,0.0934,0.0758,dev
A0A1C6A728,threonine,Mono,1,0.3659,0.2642,dev
A0A1C6A728,threonine,Tri,0,0.0436,0.0679,dev
A0A1C6A728,tryptamine,Di,0,0.002,0.0096,dev
A0A1C6A728,tryptamine,Mono,0,0.0006,0.0069,dev
A0A1C6A728,tryptamine,Tri,0,0.0061,0.0157,dev
A0A1C6A728,tyramine,Di,0,0.0599,0.0679,dev
A0A1C6A728,tyramine,Mono,1,0.3298,0.2642,dev
A0A1C6A728,tyramine,Tri,0,0.1313,0.1192,dev
A0A1C6E6X3,"2,3_diaminopropionic acid",Di,0,0.2011,0.1317,dev
A0A1C6E6X3,"2,3_diaminopropionic acid",Mono,0,0.0893,0.0758,dev
A0A1C6E6X3,"2,3_diaminopropionic acid",Tri,1,0.7097,0.6364,dev
A0A1C6E6X3,2_aminophenol,Di,0,0.8683,0.7547,dev
A0A1C6E6X3,2_aminophenol,Mono,0,0.4486,0.37,dev
A0A1C6E6X3,2_aminophenol,Tri,1,0.936,0.7921,dev
A0A1C6E6X3,3_methoxytyramine,Di,0,0.0811,0.0679,dev
A0A1C6E6X3,3_methoxytyramine,Mono,0,0.0118,0.0264,dev
A0A1C6E6X3,3_methoxytyramine,Tri,0,0.099,0.0758,dev
A0A1C6E6X3,alanine,Di,1,0.9899,0.8873,dev
A0A1C6E6X3,alanine,Mono,1,0.9681,0.8273,dev
A0A1C6E6X3,alanine,Tri,1,0.8187,0.7547,dev
A0A1C6E6X3,arginine,Di,0,0.0057,0.0157,dev
A0A1C6E6X3,arginine,Mono,0,0.0022,0.0096,dev
A0A1C6E6X3,arginine,Tri,0,0.0113,0.0264,dev
A0A1C6E6X3,asparagine,Di,0,0.1698,0.1317,dev
A0A1C6E6X3,asparagine,Mono,0,0.1017,0.0758,dev
A0A1C6E6X3,asparagine,Tri,1,0.9578,0.7921,dev
A0A1C6E6X3,cadaverine,Di,0,0.0119,0.0264,dev
A0A1C6E6X3,cadaverine,Mono,0,0.0057,0.0157,dev
A0A1C6E6X3,cadaverine,Tri,0,0.0415,0.0526,dev
A0A1C6E6X3,citrulline,Di,0,0.0369,0.046,dev
A0A1C6E6X3,citrulline,Mono,0,0.0121,0.0264,dev
A0A1C6E6X3,citrulline,Tri,0,0.0259,0.0264,dev
A0A1C6E6X3,cystine,Di,0,0.0186,0.0264,dev
A0A1C6E6X3,cystine,Mono,0,0.0043,0.0096,dev
A0A1C6E6X3,cystine,Tri,0,0.0248,0.0264,dev
A0A1C6E6X3,dopamine,Di,0,0.2628,0.1538,dev
A0A1C6E6X3,dopamine,Mono,0,0.0899,0.0758,dev
A0A1C6E6X3,dopamine,Tri,1,0.9423,0.7921,dev
A0A1C6E6X3,gaba,Di,1,0.9907,0.8873,dev
A0A1C6E6X3,gaba,Mono,1,0.9844,0.8343,dev
A0A1C6E6X3,gaba,Tri,1,0.9954,0.8962,dev
A0A1C6E6X3,glutamine,Di,0,0.1805,0.1317,dev
A0A1C6E6X3,glutamine,Mono,0,0.1214,0.0781,dev
A0A1C6E6X3,glutamine,Tri,0,0.2323,0.1466,dev
A0A1C6E6X3,glyglycine,Di,0,0.0555,0.0679,dev
A0A1C6E6X3,glyglycine,Mono,0,0.0267,0.0264,dev
A0A1C6E6X3,glyglycine,Tri,0,0.1164,0.0758,dev
A0A1C6E6X3,histidine,Di,0,0.0025,0.0096,dev
A0A1C6E6X3,histidine,Mono,0,0.0029,0.0096,dev
A0A1C6E6X3,histidine,Tri,0,0.0074,0.0167,dev
A0A1C6E6X3,lysine,Di,0,0.3863,0.2642,dev
A0A1C6E6X3,lysine,Mono,0,0.1274,0.0781,dev
A0A1C6E6X3,lysine,Tri,0,0.1433,0.1192,dev
A0A1C6E6X3,methionine,Di,0,0.2517,0.1466,dev
A0A1C6E6X3,methionine,Mono,0,0.1375,0.1192,dev
A0A1C6E6X3,methionine,Tri,0,0.351,0.2642,dev
A0A1C6E6X3,ornithine,Di,0,0.1254,0.0781,dev
A0A1C6E6X3,ornithine,Mono,0,0.0446,0.0679,dev
A0A1C6E6X3,ornithine,Tri,0,0.0708,0.0679,dev
A0A1C6E6X3,phenylalanine,Di,1,0.9795,0.8343,dev
A0A1C6E6X3,phenylalanine,Mono,0,0.5609,0.4048,dev
A0A1C6E6X3,phenylalanine,Tri,1,0.9914,0.8962,dev
A0A1C6E6X3,proline,Di,0,0.0064,0.0157,dev
A0A1C6E6X3,proline,Mono,0,0.0052,0.0157,dev
A0A1C6E6X3,proline,Tri,0,0.0504,0.0679,dev
A0A1C6E6X3,putrescine,Di,0,0.0148,0.0264,dev
A0A1C6E6X3,putrescine,Mono,0,0.0069,0.0157,dev
A0A1C6E6X3,putrescine,Tri,0,0.0507,0.0679,dev
A0A1C6E6X3,serine,Di,1,0.379,0.2642,dev
A0A1C6E6X3,serine,Mono,1,0.5749,0.566,dev
A0A1C6E6X3,serine,Tri,0,0.388,0.2642,dev
A0A1C6E6X3,serotonin,Di,0,0.0036,0.0096,dev
A0A1C6E6X3,serotonin,Mono,0,0.0198,0.0264,dev
A0A1C6E6X3,serotonin,Tri,0,0.0084,0.0167,dev
A0A1C6E6X3,threonine,Di,0,0.0681,0.0679,dev
A0A1C6E6X3,threonine,Mono,0,0.2867,0.1867,dev
A0A1C6E6X3,threonine,Tri,0,0.036,0.046,dev
A0A1C6E6X3,tryptamine,Di,0,0.0022,0.0096,dev
A0A1C6E6X3,tryptamine,Mono,0,0.0008,0.0069,dev
A0A1C6E6X3,tryptamine,Tri,0,0.0081,0.0167,dev
A0A1C6E6X3,tyramine,Di,0,0.0524,0.0679,dev
A0A1C6E6X3,tyramine,Mono,0,0.2925,0.1867,dev
A0A1C6E6X3,tyramine,Tri,0,0.1333,0.1192,dev
A0A1C6E707,"2,3_diaminopropionic acid",Di,0,0.0161,0.0264,dev
A0A1C6E707,"2,3_diaminopropionic acid",Mono,0,0.0024,0.0096,dev
A0A1C6E707,"2,3_diaminopropionic acid",Tri,0,0.1271,0.0781,dev
A0A1C6E707,2_aminophenol,Di,0,0.0527,0.0679,dev
A0A1C6E707,2_aminophenol,Mono,0,0.0024,0.0096,dev
A0A1C6E707,2_aminophenol,Tri,0,0.1251,0.0781,dev
A0A1C6E707,3_methoxytyramine,Di,0,0.0101,0.0179,dev
A0A1C6E707,3_methoxytyramine,Mono,0,0.0004,0.0069,dev
A0A1C6E707,3_methoxytyramine,Tri,0,0.0179,0.0264,dev
A0A1C6E707,alanine,Di,1,0.8826,0.7547,dev
A0A1C6E707,alanine,Mono,1,0.4671,0.37,dev
A0A1C6E707,alanine,Tri,0,0.1274,0.0781,dev
A0A1C6E707,arginine,Di,0,0.0004,0.0069,dev
A0A1C6E707,arginine,Mono,0,0.0001,0.0058,dev
A0A1C6E707,arginine,Tri,0,0.0008,0.0069,dev
A0A1C6E707,asparagine,Di,0,0.05,0.0679,dev
A0A1C6E707,asparagine,Mono,0,0.0109,0.0264,dev
A0A1C6E707,asparagine,Tri,1,0.9131,0.7921,dev
A0A1C6E707,cadaverine,Di,0,0.0013,0.0096,dev
A0A1C6E707,cadaverine,Mono,0,0.0003,0.0069,dev
A0A1C6E707,cadaverine,Tri,0,0.0046,0.0097,dev
A0A1C6E707,citrulline,Di,0,0.0021,0.0096,dev
A0A1C6E707,citrulline,Mono,0,0.0002,0.0069,dev
A0A1C6E707,citrulline,Tri,0,0.0018,0.0096,dev
A0A1C6E707,cystine,Di,0,0.0012,0.0096,dev
A0A1C6E707,cystine,Mono,0,0.0001,0.0058,dev
A0A1C6E707,cystine,Tri,0,0.0016,0.0096,dev
A0A1C6E707,dopamine,Di,0,0.0835,0.0741,dev
A0A1C6E707,dopamine,Mono,0,0.0072,0.0167,dev
A0A1C6E707,dopamine,Tri,1,0.8883,0.7547,dev
A0A1C6E707,gaba,Di,1,0.9912,0.8962,dev
A0A1C6E707,gaba,Mono,1,0.9737,0.8273,dev
A0A1C6E707,gaba,Tri,1,0.9949,0.8962,dev
A0A1C6E707,glutamine,Di,0,0.0074,0.0167,dev
A0A1C6E707,glutamine,Mono,0,0.0024,0.0096,dev
A0A1C6E707,glutamine,Tri,0,0.0091,0.0179,dev
A0A1C6E707,glyglycine,Di,0,0.0059,0.0157,dev
A0A1C6E707,glyglycine,Mono,0,0.0011,0.0096,dev
A0A1C6E707,glyglycine,Tri,0,0.0186,0.0264,dev
A0A1C6E707,histidine,Di,0,0.0009,0.0069,dev
A0A1C6E707,histidine,Mono,0,0.0002,0.0069,dev
A0A1C6E707,histidine,Tri,0,0.003,0.0096,dev
A0A1C6E707,lysine,Di,0,0.0228,0.0264,dev
A0A1C6E707,lysine,Mono,0,0.0017,0.0096,dev
A0A1C6E707,lysine,Tri,0,0.0058,0.0157,dev
A0A1C6E707,methionine,Di,0,0.0026,0.0096,dev
A0A1C6E707,methionine,Mono,0,0.0006,0.0069,dev
A0A1C6E707,methionine,Tri,0,0.005,0.0097,dev
A0A1C6E707,ornithine,Di,0,0.0091,0.0179,dev
A0A1C6E707,ornithine,Mono,0,0.0012,0.0096,dev
A0A1C6E707,ornithine,Tri,0,0.0047,0.0097,dev
A0A1C6E707,phenylalanine,Di,1,0.9498,0.7921,dev
A0A1C6E707,phenylalanine,Mono,0,0.0581,0.0679,dev
A0A1C6E707,phenylalanine,Tri,1,0.9837,0.8343,dev
A0A1C6E707,proline,Di,0,0.0015,0.0096,dev
A0A1C6E707,proline,Mono,0,0.0005,0.0069,dev
A0A1C6E707,proline,Tri,0,0.0085,0.0167,dev
A0A1C6E707,putrescine,Di,0,0.0018,0.0096,dev
A0A1C6E707,putrescine,Mono,0,0.0004,0.0069,dev
A0A1C6E707,putrescine,Tri,0,0.0066,0.0157,dev
A0A1C6E707,serine,Di,0,0.0162,0.0264,dev
A0A1C6E707,serine,Mono,0,0.0201,0.0264,dev
A0A1C6E707,serine,Tri,0,0.0207,0.0264,dev
A0A1C6E707,serotonin,Di,0,0.0005,0.0069,dev
A0A1C6E707,serotonin,Mono,0,0.001,0.0069,dev
A0A1C6E707,serotonin,Tri,0,0.0018,0.0096,dev
A0A1C6E707,threonine,Di,0,0.0012,0.0096,dev
A0A1C6E707,threonine,Mono,0,0.003,0.0096,dev
A0A1C6E707,threonine,Tri,0,0.0006,0.0069,dev
A0A1C6E707,tryptamine,Di,0,0.0005,0.0069,dev
A0A1C6E707,tryptamine,Mono,0,0.0001,0.0058,dev
A0A1C6E707,tryptamine,Tri,0,0.0022,0.0096,dev
A0A1C6E707,tyramine,Di,0,0.0066,0.0157,dev
A0A1C6E707,tyramine,Mono,0,0.0148,0.0264,dev
A0A1C6E707,tyramine,Tri,0,0.0282,0.0264,dev
A0A1C6FDU7,"2,3_diaminopropionic acid",Di,0,0.0851,0.0741,dev
A0A1C6FDU7,"2,3_diaminopropionic acid",Mono,0,0.0311,0.0264,dev
A0A1C6FDU7,"2,3_diaminopropionic acid",Tri,0,0.4777,0.37,dev
A0A1C6FDU7,2_aminophenol,Di,0,0.6873,0.5862,dev
A0A1C6FDU7,2_aminophenol,Mono,0,0.1903,0.1317,dev
A0A1C6FDU7,2_aminophenol,Tri,0,0.8186,0.7547,dev
A0A1C6FDU7,3_methoxytyramine,Di,0,0.0241,0.0264,dev
A0A1C6FDU7,3_methoxytyramine,Mono,0,0.0031,0.0096,dev
A0A1C6FDU7,3_methoxytyramine,Tri,0,0.032,0.0264,dev
A0A1C6FDU7,alanine,Di,0,0.9704,0.8273,dev
A0A1C6FDU7,alanine,Mono,0,0.903,0.7921,dev
A0A1C6FDU7,alanine,Tri,0,0.7538,0.7234,dev
A0A1C6FDU7,arginine,Di,0,0.0047,0.0097,dev
A0A1C6FDU7,arginine,Mono,0,0.002,0.0096,dev
A0A1C6FDU7,arginine,Tri,0,0.0119,0.0264,dev
A0A1C6FDU7,asparagine,Di,0,0.0618,0.0679,dev
A0A1C6FDU7,asparagine,Mono,0,0.0315,0.0264,dev
A0A1C6FDU7,asparagine,Tri,0,0.8901,0.7547,dev
A0A1C6FDU7,cadaverine,Di,0,0.0043,0.0096,dev
A0A1C6FDU7,cadaverine,Mono,0,0.0022,0.0096,dev
A0A1C6FDU7,cadaverine,Tri,0,0.0128,0.0264,dev
A0A1C6FDU7,citrulline,Di,0,0.0294,0.0264,dev
A0A1C6FDU7,citrulline,Mono,0,0.0089,0.0179,dev
A0A1C6FDU7,citrulline,Tri,0,0.0247,0.0264,dev
A0A1C6FDU7,cystine,Di,0,0.0079,0.0167,dev
A0A1C6FDU7,cystine,Mono,0,0.0017,0.0096,dev
A0A1C6FDU7,cystine,Tri,0,0.0096,0.0179,dev
A0A1C6FDU7,dopamine,Di,0,0.0813,0.0679,dev
A0A1C6FDU7,dopamine,Mono,0,0.0221,0.0264,dev
A0A1C6FDU7,dopamine,Tri,0,0.8656,0.7547,dev
A0A1C6FDU7,gaba,Di,0,0.7647,0.7234,dev
A0A1C6FDU7,gaba,Mono,0,0.6503,0.5862,dev
A0A1C6FDU7,gaba,Tri,0,0.8747,0.7547,dev
A0A1C6FDU7,glutamine,Di,0,0.0766,0.0679,dev
A0A1C6FDU7,glutamine,Mono,0,0.0471,0.0679,dev
A0A1C6FDU7,glutamine,Tri,0,0.129,0.1,dev
A0A1C6FDU7,glyglycine,Di,0,0.0256,0.0264,dev
A0A1C6FDU7,glyglycine,Mono,0,0.0114,0.0264,dev
A0A1C6FDU7,glyglycine,Tri,0,0.0629,0.0679,dev
A0A1C6FDU7,histidine,Di,0,0.0011,0.0096,dev
A0A1C6FDU7,histidine,Mono,0,0.0009,0.0069,dev
A0A1C6FDU7,histidine,Tri,0,0.0032,0.0096,dev
A0A1C6FDU7,lysine,Di,0,0.1958,0.1317,dev
A0A1C6FDU7,lysine,Mono,0,0.0551,0.0679,dev
A0A1C6FDU7,lysine,Tri,0,0.0709,0.0679,dev
A0A1C6FDU7,methionine,Di,0,0.058,0.0679,dev
A0A1C6FDU7,methionine,Mono,0,0.0269,0.0264,dev
A0A1C6FDU7,methionine,Tri,0,0.0976,0.0758,dev
A0A1C6FDU7,ornithine,Di,0,0.0694,0.0679,dev
A0A1C6FDU7,ornithine,Mono,0,0.0253,0.0264,dev
A0A1C6FDU7,ornithine,Tri,0,0.0395,0.046,dev
A0A1C6FDU7,phenylalanine,Di,0,0.8966,0.7547,dev
A0A1C6FDU7,phenylalanine,Mono,0,0.182,0.1317,dev
A0A1C6FDU7,phenylalanine,Tri,0,0.9535,0.7921,dev
A0A1C6FDU7,proline,Di,0,0.0032,0.0096,dev
A0A1C6FDU7,proline,Mono,0,0.0023,0.0096,dev
A0A1C6FDU7,proline,Tri,0,0.023,0.0264,dev
A0A1C6FDU7,putrescine,Di,0,0.0056,0.0157,dev
A0A1C6FDU7,putrescine,Mono,0,0.0028,0.0096,dev
A0A1C6FDU7,putrescine,Tri,0,0.0166,0.0264,dev
A0A1C6FDU7,serine,Di,0,0.2015,0.1317,dev
A0A1C6FDU7,serine,Mono,0,0.3712,0.2642,dev
A0A1C6FDU7,serine,Tri,0,0.1854,0.1317,dev
A0A1C6FDU7,serotonin,Di,0,0.0018,0.0096,dev
A0A1C6FDU7,serotonin,Mono,0,0.0109,0.0264,dev
A0A1C6FDU7,serotonin,Tri,0,0.0038,0.0096,dev
A0A1C6FDU7,threonine,Di,0,0.0267,0.0264,dev
A0A1C6FDU7,threonine,Mono,0,0.1287,0.0781,dev
A0A1C6FDU7,threonine,Tri,0,0.0147,0.0264,dev
A0A1C6FDU7,tryptamine,Di,0,0.0011,0.0096,dev
A0A1C6FDU7,tryptamine,Mono,0,0.0004,0.0069,dev
A0A1C6FDU7,tryptamine,Tri,0,0.0041,0.0096,dev
A0A1C6FDU7,tyramine,Di,0,0.0203,0.0264,dev
A0A1C6FDU7,tyramine,Mono,0,0.1359,0.1192,dev
A0A1C6FDU7,tyramine,Tri,0,0.0453,0.0679,dev
A0A1C7H271,"2,3_diaminopropionic acid",Di,1,0.0142,0.0264,test
A0A1C7H271,"2,3_diaminopropionic acid",Mono,0,0.0013,0.0096,test
A0A1C7H271,"2,3_diaminopropionic acid",Tri,1,0.0756,0.0679,test
A0A1C7H271,2_aminophenol,Di,1,0.3051,0.22,test
A0A1C7H271,2_aminophenol,Mono,1,0.0069,0.0157,test
A0A1C7H271,2_aminophenol,Tri,1,0.208,0.1317,test
A0A1C7H271,3_methoxytyramine,Di,1,0.0273,0.0264,test
A0A1C7H271,3_methoxytyramine,Mono,0,0.0004,0.0069,test
A0A1C7H271,3_methoxytyramine,Tri,1,0.0077,0.0167,test
A0A1C7H271,alanine,Di,1,0.7837,0.7234,test
A0A1C7H271,alanine,Mono,1,0.1426,0.1192,test
A0A1C7H271,alanine,Tri,0,0.0128,0.0264,test
A0A1C7H271,arginine,Di,0,0.0001,0.0058,test
A0A1C7H271,arginine,Mono,0,0.0,0.0,test
A0A1C7H271,arginine,Tri,0,0.0002,0.0069,test
A0A1C7H271,asparagine,Di,0,0.0091,0.0179,test
A0A1C7H271,asparagine,Mono,0,0.0017,0.0096,test
A0A1C7H271,asparagine,Tri,1,0.6909,0.6364,test
A0A1C7H271,cadaverine,Di,0,0.0004,0.0069,test
A0A1C7H271,cadaverine,Mono,0,0.0,0.0,test
A0A1C7H271,cadaverine,Tri,0,0.0005,0.0069,test
A0A1C7H271,citrulline,Di,1,0.0002,0.0069,test
A0A1C7H271,citrulline,Mono,0,0.0,0.0,test
A0A1C7H271,citrulline,Tri,0,0.0001,0.0058,test
A0A1C7H271,cystine,Di,0,0.0017,0.0096,test
A0A1C7H271,cystine,Mono,0,0.0001,0.0058,test
A0A1C7H271,cystine,Tri,0,0.0009,0.0069,test
A0A1C7H271,dopamine,Di,1,0.0557,0.0679,test
A0A1C7H271,dopamine,Mono,0,0.0025,0.0096,test
A0A1C7H271,dopamine,Tri,1,0.6221,0.5862,test
A0A1C7H271,gaba,Di,1,0.8981,0.7921,test
A0A1C7H271,gaba,Mono,1,0.5754,0.566,test
A0A1C7H271,gaba,Tri,1,0.8936,0.7547,test
A0A1C7H271,glutamine,Di,1,0.0019,0.0096,test
A0A1C7H271,glutamine,Mono,1,0.0005,0.0069,test
A0A1C7H271,glutamine,Tri,0,0.0011,0.0096,test
A0A1C7H271,glyglycine,Di,0,0.0022,0.0096,test
A0A1C7H271,glyglycine,Mono,0,0.0002,0.0069,test
A0A1C7H271,glyglycine,Tri,0,0.0018,0.0096,test
A0A1C7H271,histidine,Di,0,0.0002,0.0069,test
A0A1C7H271,histidine,Mono,0,0.0,0.0,test
A0A1C7H271,histidine,Tri,0,0.0002,0.0069,test
A0A1C7H271,lysine,Di,0,0.0046,0.0097,test
A0A1C7H271,lysine,Mono,1,0.0002,0.0069,test
A0A1C7H271,lysine,Tri,0,0.0005,0.0069,test
A0A1C7H271,methionine,Di,1,0.001,0.0096,test
A0A1C7H271,methionine,Mono,1,0.0001,0.0069,test
A0A1C7H271,methionine,Tri,0,0.0007,0.0069,test
A0A1C7H271,ornithine,Di,1,0.0122,0.0264,test
A0A1C7H271,ornithine,Mono,1,0.001,0.0096,test
A0A1C7H271,ornithine,Tri,0,0.0024,0.0096,test
A0A1C7H271,phenylalanine,Di,1,0.8736,0.7547,test
A0A1C7H271,phenylalanine,Mono,1,0.0052,0.0157,test
A0A1C7H271,phenylalanine,Tri,1,0.854,0.7547,test
A0A1C7H271,proline,Di,0,0.0003,0.0069,test
A0A1C7H271,proline,Mono,1,0.0,0.0058,test
A0A1C7H271,proline,Tri,1,0.0011,0.0096,test
A0A1C7H271,putrescine,Di,0,0.0007,0.0069,test
A0A1C7H271,putrescine,Mono,0,0.0001,0.0058,test
A0A1C7H271,putrescine,Tri,0,0.0009,0.0069,test
A0A1C7H271,serine,Di,0,0.0027,0.0096,test
A0A1C7H271,serine,Mono,1,0.0021,0.0096,test
A0A1C7H271,serine,Tri,0,0.0017,0.0096,test
A0A1C7H271,serotonin,Di,0,0.0002,0.0069,test
A0A1C7H271,serotonin,Mono,1,0.002,0.0096,test
A0A1C7H271,serotonin,Tri,0,0.0003,0.0069,test
A0A1C7H271,threonine,Di,0,0.0003,0.0069,test
A0A1C7H271,threonine,Mono,1,0.0004,0.0069,test
A0A1C7H271,threonine,Tri,0,0.0,0.0,test
A0A1C7H271,tryptamine,Di,0,0.0004,0.0069,test
A0A1C7H271,tryptamine,Mono,0,0.0,0.0,test
A0A1C7H271,tryptamine,Tri,1,0.0005,0.0069,test
A0A1C7H271,tyramine,Di,0,0.0015,0.0096,test
A0A1C7H271,tyramine,Mono,1,0.0129,0.0264,test
A0A1C7H271,tyramine,Tri,0,0.002,0.0096,test
A0A1D2WV04,"2,3_diaminopropionic acid",Di,0,0.0388,0.046,test
A0A1D2WV04,"2,3_diaminopropionic acid",Mono,0,0.0121,0.0264,test
A0A1D2WV04,"2,3_diaminopropionic acid",Tri,0,0.5388,0.4048,test
A0A1D2WV04,2_aminophenol,Di,0,0.5387,0.4048,test
A0A1D2WV04,2_aminophenol,Mono,0,0.0663,0.0679,test
A0A1D2WV04,2_aminophenol,Tri,0,0.814,0.7547,test
A0A1D2WV04,3_methoxytyramine,Di,0,0.0179,0.0264,test
A0A1D2WV04,3_methoxytyramine,Mono,0,0.0012,0.0096,test
A0A1D2WV04,3_methoxytyramine,Tri,0,0.0413,0.046,test
A0A1D2WV04,alanine,Di,1,0.9842,0.8343,test
A0A1D2WV04,alanine,Mono,1,0.9285,0.7921,test
A0A1D2WV04,alanine,Tri,0,0.6023,0.566,test
A0A1D2WV04,arginine,Di,0,0.0018,0.0096,test
A0A1D2WV04,arginine,Mono,0,0.0002,0.0069,test
A0A1D2WV04,arginine,Tri,0,0.0041,0.0096,test
A0A1D2WV04,asparagine,Di,0,0.0567,0.0679,test
A0A1D2WV04,asparagine,Mono,0,0.0235,0.0264,test
A0A1D2WV04,asparagine,Tri,1,0.9609,0.7921,test
A0A1D2WV04,cadaverine,Di,0,0.0013,0.0096,test
A0A1D2WV04,cadaverine,Mono,0,0.0003,0.0069,test
A0A1D2WV04,cadaverine,Tri,0,0.0051,0.0157,test
A0A1D2WV04,citrulline,Di,0,0.0079,0.0167,test
A0A1D2WV04,citrulline,Mono,0,0.0007,0.0069,test
A0A1D2WV04,citrulline,Tri,0,0.0051,0.0157,test
A0A1D2WV04,cystine,Di,0,0.0033,0.0096,test
A0A1D2WV04,cystine,Mono,0,0.0006,0.0069,test
A0A1D2WV04,cystine,Tri,0,0.0102,0.0179,test
A0A1D2WV04,dopamine,Di,0,0.0886,0.0758,test
A0A1D2WV04,dopamine,Mono,0,0.0169,0.0264,test
A0A1D2WV04,dopamine,Tri,1,0.9495,0.7921,test
A0A1D2WV04,gaba,Di,1,0.9882,0.8873,test
A0A1D2WV04,gaba,Mono,1,0.9699,0.8273,test
A0A1D2WV04,gaba,Tri,1,0.9959,0.9,test
A0A1D2WV04,glutamine,Di,0,0.0575,0.0679,test
A0A1D2WV04,glutamine,Mono,0,0.0253,0.0264,test
A0A1D2WV04,glutamine,Tri,0,0.0658,0.0679,test
A0A1D2WV04,glyglycine,Di,0,0.0262,0.0264,test
A0A1D2WV04,glyglycine,Mono,0,0.0096,0.0179,test
A0A1D2WV04,glyglycine,Tri,0,0.1668,0.1192,test
A0A1D2WV04,histidine,Di,0,0.0007,0.0069,test
A0A1D2WV04,histidine,Mono,0,0.0005,0.0069,test
A0A1D2WV04,histidine,Tri,0,0.005,0.0097,test
A0A1D2WV04,lysine,Di,0,0.2346,0.1466,test
A0A1D2WV04,lysine,Mono,0,0.0146,0.0264,test
A0A1D2WV04,lysine,Tri,0,0.034,0.0264,test
A0A1D2WV04,methionine,Di,0,0.0245,0.0264,test
A0A1D2WV04,methionine,Mono,0,0.0088,0.0179,test
A0A1D2WV04,methionine,Tri,0,0.0557,0.0679,test
A0A1D2WV04,ornithine,Di,0,0.0628,0.0679,test
A0A1D2WV04,ornithine,Mono,0,0.0071,0.0157,test
A0A1D2WV04,ornithine,Tri,0,0.0275,0.0264,test
A0A1D2WV04,phenylalanine,Di,1,0.9728,0.8273,test
A0A1D2WV04,phenylalanine,Mono,0,0.145,0.1192,test
A0A1D2WV04,phenylalanine,Tri,1,0.9903,0.8873,test
A0A1D2WV04,proline,Di,0,0.001,0.0096,test
A0A1D2WV04,proline,Mono,0,0.0005,0.0069,test
A0A1D2WV04,proline,Tri,0,0.0257,0.0264,test
A0A1D2WV04,putrescine,Di,0,0.0026,0.0096,test
A0A1D2WV04,putrescine,Mono,0,0.0006,0.0069,test
A0A1D2WV04,putrescine,Tri,0,0.0098,0.0179,test
A0A1D2WV04,serine,Di,0,0.1621,0.1192,test
A0A1D2WV04,serine,Mono,0,0.3521,0.2642,test
A0A1D2WV04,serine,Tri,0,0.2308,0.1466,test
A0A1D2WV04,serotonin,Di,0,0.0005,0.0069,test
A0A1D2WV04,serotonin,Mono,0,0.0063,0.0157,test
A0A1D2WV04,serotonin,Tri,0,0.0034,0.0096,test
A0A1D2WV04,threonine,Di,0,0.0091,0.0179,test
A0A1D2WV04,threonine,Mono,0,0.0487,0.0679,test
A0A1D2WV04,threonine,Tri,0,0.0037,0.0096,test
A0A1D2WV04,tryptamine,Di,0,0.0005,0.0069,test
A0A1D2WV04,tryptamine,Mono,0,0.0001,0.0058,test
A0A1D2WV04,tryptamine,Tri,0,0.0026,0.0096,test
A0A1D2WV04,tyramine,Di,0,0.0081,0.0167,test
A0A1D2WV04,tyramine,Mono,0,0.1057,0.0758,test
A0A1D2WV04,tyramine,Tri,0,0.0412,0.046,test
A0A1E3ADP5,"2,3_diaminopropionic acid",Di,0,0.0062,0.0157,dev
A0A1E3ADP5,"2,3_diaminopropionic acid",Mono,0,0.0012,0.0096,dev
A0A1E3ADP5,"2,3_diaminopropionic acid",Tri,0,0.0581,0.0679,dev
A0A1E3ADP5,2_aminophenol,Di,0,0.0432,0.0679,dev
A0A1E3ADP5,2_aminophenol,Mono,0,0.0016,0.0096,dev
A0A1E3ADP5,2_aminophenol,Tri,0,0.096,0.0758,dev
A0A1E3ADP5,3_methoxytyramine,Di,0,0.0107,0.0264,dev
A0A1E3ADP5,3_methoxytyramine,Mono,0,0.0004,0.0069,dev
A0A1E3ADP5,3_methoxytyramine,Tri,0,0.0172,0.0264,dev
A0A1E3ADP5,alanine,Di,1,0.9693,0.8273,dev
A0A1E3ADP5,alanine,Mono,0,0.7684,0.7234,dev
A0A1E3ADP5,alanine,Tri,0,0.1104,0.0758,dev
A0A1E3ADP5,arginine,Di,0,0.0001,0.0058,dev
A0A1E3ADP5,arginine,Mono,0,0.0,0.0,dev
A0A1E3ADP5,arginine,Tri,0,0.0002,0.0069,dev
A0A1E3ADP5,asparagine,Di,0,0.0418,0.0526,dev
A0A1E3ADP5,asparagine,Mono,0,0.0133,0.0264,dev
A0A1E3ADP5,asparagine,Tri,1,0.9689,0.8273,dev
A0A1E3ADP5,cadaverine,Di,0,0.0003,0.0069,dev
A0A1E3ADP5,cadaverine,Mono,0,0.0001,0.0058,dev
A0A1E3ADP5,cadaverine,Tri,0,0.0014,0.0096,dev
A0A1E3ADP5,citrulline,Di,0,0.0004,0.0069,dev
A0A1E3ADP5,citrulline,Mono,0,0.0001,0.0058,dev
A0A1E3ADP5,citrulline,Tri,0,0.0003,0.0069,dev
A0A1E3ADP5,cystine,Di,0,0.0011,0.0096,dev
A0A1E3ADP5,cystine,Mono,0,0.0001,0.0058,dev
A0A1E3ADP5,cystine,Tri,0,0.0017,0.0096,dev
A0A1E3ADP5,dopamine,Di,0,0.0687,0.0679,dev
A0A1E3ADP5,dopamine,Mono,0,0.0075,0.0167,dev
A0A1E3ADP5,dopamine,Tri,1,0.9207,0.7921,dev
A0A1E3ADP5,gaba,Di,1,0.9947,0.8962,dev
A0A1E3ADP5,gaba,Mono,1,0.9857,0.8343,dev
A0A1E3ADP5,gaba,Tri,1,0.9974,0.9,dev
A0A1E3ADP5,glutamine,Di,0,0.0018,0.0096,dev
A0A1E3ADP5,glutamine,Mono,0,0.0012,0.0096,dev
A0A1E3ADP5,glutamine,Tri,0,0.0029,0.0096,dev
A0A1E3ADP5,glyglycine,Di,0,0.0026,0.0096,dev
A0A1E3ADP5,glyglycine,Mono,0,0.0005,0.0069,dev
A0A1E3ADP5,glyglycine,Tri,0,0.0071,0.0157,dev
A0A1E3ADP5,histidine,Di,0,0.0005,0.0069,dev
A0A1E3ADP5,histidine,Mono,0,0.0002,0.0069,dev
A0A1E3ADP5,histidine,Tri,0,0.0019,0.0096,dev
A0A1E3ADP5,lysine,Di,0,0.0041,0.0096,dev
A0A1E3ADP5,lysine,Mono,0,0.0004,0.0069,dev
A0A1E3ADP5,lysine,Tri,0,0.001,0.0069,dev
A0A1E3ADP5,methionine,Di,0,0.0004,0.0069,dev
A0A1E3ADP5,methionine,Mono,0,0.0001,0.0058,dev
A0A1E3ADP5,methionine,Tri,0,0.0009,0.0069,dev
A0A1E3ADP5,ornithine,Di,0,0.0042,0.0096,dev
A0A1E3ADP5,ornithine,Mono,0,0.0006,0.0069,dev
A0A1E3ADP5,ornithine,Tri,0,0.0023,0.0096,dev
A0A1E3ADP5,phenylalanine,Di,1,0.9801,0.8343,dev
A0A1E3ADP5,phenylalanine,Mono,0,0.0434,0.0679,dev
A0A1E3ADP5,phenylalanine,Tri,1,0.9893,0.8873,dev
A0A1E3ADP5,proline,Di,0,0.0006,0.0069,dev
A0A1E3ADP5,proline,Mono,0,0.0002,0.0069,dev
A0A1E3ADP5,proline,Tri,0,0.0075,0.0167,dev
A0A1E3ADP5,putrescine,Di,0,0.0005,0.0069,dev
A0A1E3ADP5,putrescine,Mono,0,0.0001,0.0058,dev
A0A1E3ADP5,putrescine,Tri,0,0.0022,0.0096,dev
A0A1E3ADP5,serine,Di,0,0.0088,0.0179,dev
A0A1E3ADP5,serine,Mono,0,0.0089,0.0179,dev
A0A1E3ADP5,serine,Tri,0,0.0132,0.0264,dev
A0A1E3ADP5,serotonin,Di,0,0.0002,0.0069,dev
A0A1E3ADP5,serotonin,Mono,0,0.002,0.0096,dev
A0A1E3ADP5,serotonin,Tri,0,0.0013,0.0096,dev
A0A1E3ADP5,threonine,Di,0,0.0005,0.0069,dev
A0A1E3ADP5,threonine,Mono,0,0.0012,0.0096,dev
A0A1E3ADP5,threonine,Tri,0,0.0002,0.0069,dev
A0A1E3ADP5,tryptamine,Di,0,0.0002,0.0069,dev
A0A1E3ADP5,tryptamine,Mono,0,0.0,0.0,dev
A0A1E3ADP5,tryptamine,Tri,0,0.0011,0.0096,dev
A0A1E3ADP5,tyramine,Di,0,0.0017,0.0096,dev
A0A1E3ADP5,tyramine,Mono,0,0.0096,0.0179,dev
A0A1E3ADP5,tyramine,Tri,0,0.009,0.0179,dev
A0A1I4P275,"2,3_diaminopropionic acid",Di,0,0.0126,0.0264,dev
A0A1I4P275,"2,3_diaminopropionic acid",Mono,0,0.0023,0.0096,dev
A0A1I4P275,"2,3_diaminopropionic acid",Tri,0,0.0476,0.0679,dev
A0A1I4P275,2_aminophenol,Di,0,0.0577,0.0679,dev
A0A1I4P275,2_aminophenol,Mono,0,0.0029,0.0096,dev
A0A1I4P275,2_aminophenol,Tri,0,0.0767,0.0679,dev
A0A1I4P275,3_methoxytyramine,Di,0,0.0299,0.0264,dev
A0A1I4P275,3_methoxytyramine,Mono,0,0.0011,0.0096,dev
A0A1I4P275,3_methoxytyramine,Tri,0,0.0158,0.0264,dev
A0A1I4P275,alanine,Di,1,0.9532,0.7921,dev
A0A1I4P275,alanine,Mono,0,0.6812,0.5862,dev
A0A1I4P275,alanine,Tri,0,0.0828,0.0741,dev
A0A1I4P275,arginine,Di,0,0.0002,0.0069,dev
A0A1I4P275,arginine,Mono,0,0.0,0.0,dev
A0A1I4P275,arginine,Tri,0,0.0002,0.0069,dev
A0A1I4P275,asparagine,Di,0,0.0257,0.0264,dev
A0A1I4P275,asparagine,Mono,0,0.0087,0.0179,dev
A0A1I4P275,asparagine,Tri,1,0.9034,0.7921,dev
A0A1I4P275,cadaverine,Di,0,0.0006,0.0069,dev
A0A1I4P275,cadaverine,Mono,0,0.0002,0.0069,dev
A0A1I4P275,cadaverine,Tri,0,0.001,0.0096,dev
A0A1I4P275,citrulline,Di,0,0.001,0.0069,dev
A0A1I4P275,citrulline,Mono,0,0.0001,0.0058,dev
A0A1I4P275,citrulline,Tri,0,0.0004,0.0069,dev
A0A1I4P275,cystine,Di,0,0.0011,0.0096,dev
A0A1I4P275,cystine,Mono,0,0.0001,0.0058,dev
A0A1I4P275,cystine,Tri,0,0.0007,0.0069,dev
A0A1I4P275,dopamine,Di,0,0.1048,0.0758,dev
A0A1I4P275,dopamine,Mono,0,0.0148,0.0264,dev
A0A1I4P275,dopamine,Tri,1,0.9123,0.7921,dev
A0A1I4P275,gaba,Di,1,0.9863,0.8343,dev
A0A1I4P275,gaba,Mono,1,0.9711,0.8273,dev
A0A1I4P275,gaba,Tri,1,0.9858,0.8343,dev
A0A1I4P275,glutamine,Di,0,0.0068,0.0157,dev
A0A1I4P275,glutamine,Mono,0,0.0047,0.0097,dev
A0A1I4P275,glutamine,Tri,0,0.0041,0.0096,dev
A0A1I4P275,glyglycine,Di,0,0.0032,0.0096,dev
A0A1I4P275,glyglycine,Mono,0,0.0008,0.0069,dev
A0A1I4P275,glyglycine,Tri,0,0.0041,0.0096,dev
A0A1I4P275,histidine,Di,0,0.0003,0.0069,dev
A0A1I4P275,histidine,Mono,0,0.0001,0.0058,dev
A0A1I4P275,histidine,Tri,0,0.0005,0.0069,dev
A0A1I4P275,lysine,Di,0,0.0037,0.0096,dev
A0A1I4P275,lysine,Mono,0,0.0007,0.0069,dev
A0A1I4P275,lysine,Tri,0,0.0009,0.0069,dev
A0A1I4P275,methionine,Di,0,0.0018,0.0096,dev
A0A1I4P275,methionine,Mono,0,0.0006,0.0069,dev
A0A1I4P275,methionine,Tri,0,0.0014,0.0096,dev
A0A1I4P275,ornithine,Di,0,0.0075,0.0167,dev
A0A1I4P275,ornithine,Mono,0,0.0017,0.0096,dev
A0A1I4P275,ornithine,Tri,0,0.0023,0.0096,dev
A0A1I4P275,phenylalanine,Di,1,0.9394,0.7921,dev
A0A1I4P275,phenylalanine,Mono,0,0.0335,0.0264,dev
A0A1I4P275,phenylalanine,Tri,1,0.9564,0.7921,dev
A0A1I4P275,proline,Di,0,0.0008,0.0069,dev
A0A1I4P275,proline,Mono,0,0.0004,0.0069,dev
A0A1I4P275,proline,Tri,0,0.0025,0.0096,dev
A0A1I4P275,putrescine,Di,0,0.0006,0.0069,dev
A0A1I4P275,putrescine,Mono,0,0.0002,0.0069,dev
A0A1I4P275,putrescine,Tri,0,0.0011,0.0096,dev
A0A1I4P275,serine,Di,0,0.0104,0.0179,dev
A0A1I4P275,serine,Mono,0,0.0084,0.0167,dev
A0A1I4P275,serine,Tri,0,0.007,0.0157,dev
A0A1I4P275,serotonin,Di,0,0.001,0.0096,dev
A0A1I4P275,serotonin,Mono,0,0.005,0.0097,dev
A0A1I4P275,serotonin,Tri,0,0.002,0.0096,dev
A0A1I4P275,threonine,Di,0,0.0004,0.0069,dev
A0A1I4P275,threonine,Mono,0,0.0014,0.0096,dev
A0A1I4P275,threonine,Tri,0,0.0001,0.0058,dev
A0A1I4P275,tryptamine,Di,0,0.0004,0.0069,dev
A0A1I4P275,tryptamine,Mono,0,0.0001,0.0058,dev
A0A1I4P275,tryptamine,Tri,0,0.0009,0.0069,dev
A0A1I4P275,tyramine,Di,0,0.0048,0.0097,dev
A0A1I4P275,tyramine,Mono,0,0.0401,0.046,dev
A0A1I4P275,tyramine,Tri,0,0.0099,0.0179,dev
A0A1M3L7G3,"2,3_diaminopropionic acid",Di,0,0.1888,0.1317,dev
A0A1M3L7G3,"2,3_diaminopropionic acid",Mono,0,0.0302,0.0264,dev
A0A1M3L7G3,"2,3_diaminopropionic acid",Tri,0,0.5326,0.4048,dev
A0A1M3L7G3,2_aminophenol,Di,1,0.7878,0.7234,dev
A0A1M3L7G3,2_aminophenol,Mono,0,0.1038,0.0758,dev
A0A1M3L7G3,2_aminophenol,Tri,1,0.8149,0.7547,dev
A0A1M3L7G3,3_methoxytyramine,Di,1,0.4372,0.37,dev
A0A1M3L7G3,3_methoxytyramine,Mono,0,0.0227,0.0264,dev
A0A1M3L7G3,3_methoxytyramine,Tri,0,0.2519,0.1466,dev
A0A1M3L7G3,alanine,Di,1,0.9727,0.8273,dev
A0A1M3L7G3,alanine,Mono,1,0.8157,0.7547,dev
A0A1M3L7G3,alanine,Tri,0,0.2903,0.1867,dev
A0A1M3L7G3,arginine,Di,0,0.005,0.0097,dev
A0A1M3L7G3,arginine,Mono,0,0.0009,0.0069,dev
A0A1M3L7G3,arginine,Tri,0,0.006,0.0157,dev
A0A1M3L7G3,asparagine,Di,0,0.1423,0.1192,dev
A0A1M3L7G3,asparagine,Mono,0,0.0344,0.046,dev
A0A1M3L7G3,asparagine,Tri,1,0.9212,0.7921,dev
A0A1M3L7G3,cadaverine,Di,0,0.0046,0.0096,dev
A0A1M3L7G3,cadaverine,Mono,0,0.0011,0.0096,dev
A0A1M3L7G3,cadaverine,Tri,0,0.007,0.0157,dev
A0A1M3L7G3,citrulline,Di,0,0.0177,0.0264,dev
A0A1M3L7G3,citrulline,Mono,0,0.0022,0.0096,dev
A0A1M3L7G3,citrulline,Tri,0,0.0088,0.0179,dev
A0A1M3L7G3,cystine,Di,0,0.0209,0.0264,dev
A0A1M3L7G3,cystine,Mono,0,0.0016,0.0096,dev
A0A1M3L7G3,cystine,Tri,0,0.0128,0.0264,dev
A0A1M3L7G3,dopamine,Di,0,0.5466,0.4048,dev
A0A1M3L7G3,dopamine,Mono,0,0.0761,0.0679,dev
A0A1M3L7G3,dopamine,Tri,1,0.9514,0.7921,dev
A0A1M3L7G3,gaba,Di,1,0.9915,0.8962,dev
A0A1M3L7G3,gaba,Mono,1,0.9793,0.8343,dev
A0A1M3L7G3,gaba,Tri,1,0.9919,0.8962,dev
A0A1M3L7G3,glutamine,Di,0,0.0674,0.0679,dev
A0A1M3L7G3,glutamine,Mono,0,0.0309,0.0264,dev
A0A1M3L7G3,glutamine,Tri,0,0.0466,0.0679,dev
A0A1M3L7G3,glyglycine,Di,0,0.0166,0.0264,dev
A0A1M3L7G3,glyglycine,Mono,0,0.0034,0.0096,dev
A0A1M3L7G3,glyglycine,Tri,0,0.0291,0.0264,dev
A0A1M3L7G3,histidine,Di,0,0.0022,0.0096,dev
A0A1M3L7G3,histidine,Mono,0,0.0005,0.0069,dev
A0A1M3L7G3,histidine,Tri,0,0.0042,0.0096,dev
A0A1M3L7G3,lysine,Di,0,0.1049,0.0758,dev
A0A1M3L7G3,lysine,Mono,0,0.013,0.0264,dev
A0A1M3L7G3,lysine,Tri,0,0.0234,0.0264,dev
A0A1M3L7G3,methionine,Di,0,0.0376,0.046,dev
A0A1M3L7G3,methionine,Mono,0,0.01,0.0179,dev
A0A1M3L7G3,methionine,Tri,0,0.0299,0.0264,dev
A0A1M3L7G3,ornithine,Di,0,0.1798,0.1317,dev
A0A1M3L7G3,ornithine,Mono,0,0.0354,0.046,dev
A0A1M3L7G3,ornithine,Tri,0,0.0659,0.0679,dev
A0A1M3L7G3,phenylalanine,Di,1,0.9805,0.8343,dev
A0A1M3L7G3,phenylalanine,Mono,0,0.1464,0.1192,dev
A0A1M3L7G3,phenylalanine,Tri,1,0.9861,0.8343,dev
A0A1M3L7G3,proline,Di,0,0.01,0.0179,dev
A0A1M3L7G3,proline,Mono,0,0.0038,0.0096,dev
A0A1M3L7G3,proline,Tri,0,0.0373,0.046,dev
A0A1M3L7G3,putrescine,Di,0,0.0065,0.0157,dev
A0A1M3L7G3,putrescine,Mono,0,0.0014,0.0096,dev
A0A1M3L7G3,putrescine,Tri,0,0.0098,0.0179,dev
A0A1M3L7G3,serine,Di,0,0.0544,0.0679,dev
A0A1M3L7G3,serine,Mono,0,0.056,0.0679,dev
A0A1M3L7G3,serine,Tri,0,0.0409,0.046,dev
A0A1M3L7G3,serotonin,Di,0,0.0111,0.0264,dev
A0A1M3L7G3,serotonin,Mono,0,0.0317,0.0264,dev
A0A1M3L7G3,serotonin,Tri,0,0.0176,0.0264,dev
A0A1M3L7G3,threonine,Di,0,0.0062,0.0157,dev
A0A1M3L7G3,threonine,Mono,0,0.0163,0.0264,dev
A0A1M3L7G3,threonine,Tri,0,0.0017,0.0096,dev
A0A1M3L7G3,tryptamine,Di,0,0.0068,0.0157,dev
A0A1M3L7G3,tryptamine,Mono,0,0.0006,0.0069,dev
A0A1M3L7G3,tryptamine,Tri,0,0.0135,0.0264,dev
A0A1M3L7G3,tyramine,Di,0,0.0432,0.0679,dev
A0A1M3L7G3,tyramine,Mono,0,0.151,0.1192,dev
A0A1M3L7G3,tyramine,Tri,0,0.0632,0.0679,dev
A0A1Q6E5Z9,"2,3_diaminopropionic acid",Di,0,0.1305,0.1192,dev
A0A1Q6E5Z9,"2,3_diaminopropionic acid",Mono,0,0.026,0.0264,dev
A0A1Q6E5Z9,"2,3_diaminopropionic acid",Tri,0,0.3292,0.2642,dev
A0A1Q6E5Z9,2_aminophenol,Di,0,0.8604,0.7547,dev
A0A1Q6E5Z9,2_aminophenol,Mono,0,0.1334,0.1192,dev
A0A1Q6E5Z9,2_aminophenol,Tri,0,0.8321,0.7547,dev
A0A1Q6E5Z9,3_methoxytyramine,Di,0,0.3014,0.22,dev
A0A1Q6E5Z9,3_methoxytyramine,Mono,0,0.008,0.0167,dev
A0A1Q6E5Z9,3_methoxytyramine,Tri,0,0.0855,0.0758,dev
A0A1Q6E5Z9,alanine,Di,0,0.943,0.7921,dev
A0A1Q6E5Z9,alanine,Mono,0,0.6028,0.566,dev
A0A1Q6E5Z9,alanine,Tri,0,0.0902,0.0758,dev
A0A1Q6E5Z9,arginine,Di,0,0.0033,0.0096,dev
A0A1Q6E5Z9,arginine,Mono,0,0.0007,0.0069,dev
A0A1Q6E5Z9,arginine,Tri,0,0.0018,0.0096,dev
A0A1Q6E5Z9,asparagine,Di,0,0.0713,0.0679,dev
A0A1Q6E5Z9,asparagine,Mono,0,0.0319,0.0264,dev
A0A1Q6E5Z9,asparagine,Tri,0,0.9162,0.7921,dev
A0A1Q6E5Z9,cadaverine,Di,0,0.0014,0.0096,dev
A0A1Q6E5Z9,cadaverine,Mono,0,0.0004,0.0069,dev
A0A1Q6E5Z9,cadaverine,Tri,0,0.0016,0.0096,dev
A0A1Q6E5Z9,citrulline,Di,0,0.01,0.0179,dev
A0A1Q6E5Z9,citrulline,Mono,0,0.0015,0.0096,dev
A0A1Q6E5Z9,citrulline,Tri,0,0.002,0.0096,dev
A0A1Q6E5Z9,cystine,Di,0,0.0192,0.0264,dev
A0A1Q6E5Z9,cystine,Mono,0,0.0014,0.0096,dev
A0A1Q6E5Z9,cystine,Tri,0,0.0067,0.0157,dev
A0A1Q6E5Z9,dopamine,Di,0,0.251,0.1466,dev
A0A1Q6E5Z9,dopamine,Mono,0,0.0299,0.0264,dev
A0A1Q6E5Z9,dopamine,Tri,0,0.8987,0.7921,dev
A0A1Q6E5Z9,gaba,Di,0,0.972,0.8273,dev
A0A1Q6E5Z9,gaba,Mono,0,0.946,0.7921,dev
A0A1Q6E5Z9,gaba,Tri,0,0.9712,0.8273,dev
A0A1Q6E5Z9,glutamine,Di,0,0.0751,0.0679,dev
A0A1Q6E5Z9,glutamine,Mono,0,0.0487,0.0679,dev
A0A1Q6E5Z9,glutamine,Tri,0,0.0229,0.0264,dev
A0A1Q6E5Z9,glyglycine,Di,0,0.0075,0.0167,dev
A0A1Q6E5Z9,glyglycine,Mono,0,0.0016,0.0096,dev
A0A1Q6E5Z9,glyglycine,Tri,0,0.0067,0.0157,dev
A0A1Q6E5Z9,histidine,Di,0,0.0009,0.0069,dev
A0A1Q6E5Z9,histidine,Mono,0,0.0004,0.0069,dev
A0A1Q6E5Z9,histidine,Tri,0,0.001,0.0069,dev
A0A1Q6E5Z9,lysine,Di,0,0.0482,0.0679,dev
A0A1Q6E5Z9,lysine,Mono,0,0.0088,0.0179,dev
A0A1Q6E5Z9,lysine,Tri,0,0.0057,0.0157,dev
A0A1Q6E5Z9,methionine,Di,0,0.0557,0.0679,dev
A0A1Q6E5Z9,methionine,Mono,0,0.0144,0.0264,dev
A0A1Q6E5Z9,methionine,Tri,0,0.0237,0.0264,dev
A0A1Q6E5Z9,ornithine,Di,0,0.1384,0.1192,dev
A0A1Q6E5Z9,ornithine,Mono,0,0.0348,0.046,dev
A0A1Q6E5Z9,ornithine,Tri,0,0.0245,0.0264,dev
A0A1Q6E5Z9,phenylalanine,Di,0,0.9621,0.7921,dev
A0A1Q6E5Z9,phenylalanine,Mono,0,0.0764,0.0679,dev
A0A1Q6E5Z9,phenylalanine,Tri,0,0.9539,0.7921,dev
A0A1Q6E5Z9,proline,Di,0,0.0035,0.0096,dev
A0A1Q6E5Z9,proline,Mono,0,0.002,0.0096,dev
A0A1Q6E5Z9,proline,Tri,0,0.0088,0.0179,dev
A0A1Q6E5Z9,putrescine,Di,0,0.0014,0.0096,dev
A0A1Q6E5Z9,putrescine,Mono,0,0.0004,0.0069,dev
A0A1Q6E5Z9,putrescine,Tri,0,0.0017,0.0096,dev
A0A1Q6E5Z9,serine,Di,0,0.033,0.0264,dev
A0A1Q6E5Z9,serine,Mono,0,0.0435,0.0679,dev
A0A1Q6E5Z9,serine,Tri,0,0.0212,0.0264,dev
A0A1Q6E5Z9,serotonin,Di,0,0.0033,0.0096,dev
A0A1Q6E5Z9,serotonin,Mono,0,0.0248,0.0264,dev
A0A1Q6E5Z9,serotonin,Tri,0,0.0045,0.0096,dev
A0A1Q6E5Z9,threonine,Di,0,0.0047,0.0097,dev
A0A1Q6E5Z9,threonine,Mono,0,0.0151,0.0264,dev
A0A1Q6E5Z9,threonine,Tri,0,0.0007,0.0069,dev
A0A1Q6E5Z9,tryptamine,Di,0,0.0022,0.0096,dev
A0A1Q6E5Z9,tryptamine,Mono,0,0.0002,0.0069,dev
A0A1Q6E5Z9,tryptamine,Tri,0,0.0028,0.0096,dev
A0A1Q6E5Z9,tyramine,Di,0,0.0137,0.0264,dev
A0A1Q6E5Z9,tyramine,Mono,0,0.1208,0.0758,dev
A0A1Q6E5Z9,tyramine,Tri,0,0.0193,0.0264,dev
A0A1Q6F0C9,"2,3_diaminopropionic acid",Di,0,0.0094,0.0179,dev
A0A1Q6F0C9,"2,3_diaminopropionic acid",Mono,0,0.0012,0.0096,dev
A0A1Q6F0C9,"2,3_diaminopropionic acid",Tri,0,0.0745,0.0679,dev
A0A1Q6F0C9,2_aminophenol,Di,0,0.04,0.046,dev
A0A1Q6F0C9,2_aminophenol,Mono,0,0.0013,0.0096,dev
A0A1Q6F0C9,2_aminophenol,Tri,0,0.0876,0.0758,dev
A0A1Q6F0C9,3_methoxytyramine,Di,0,0.0054,0.0157,dev
A0A1Q6F0C9,3_methoxytyramine,Mono,0,0.0002,0.0069,dev
A0A1Q6F0C9,3_methoxytyramine,Tri,0,0.0093,0.0179,dev
A0A1Q6F0C9,alanine,Di,1,0.8465,0.7547,dev
A0A1Q6F0C9,alanine,Mono,1,0.3823,0.2642,dev
A0A1Q6F0C9,alanine,Tri,0,0.0882,0.0758,dev
A0A1Q6F0C9,arginine,Di,0,0.0003,0.0069,dev
A0A1Q6F0C9,arginine,Mono,0,0.0,0.0,dev
A0A1Q6F0C9,arginine,Tri,0,0.0005,0.0069,dev
A0A1Q6F0C9,asparagine,Di,0,0.0363,0.046,dev
A0A1Q6F0C9,asparagine,Mono,0,0.0067,0.0157,dev
A0A1Q6F0C9,asparagine,Tri,1,0.8378,0.7547,dev
A0A1Q6F0C9,cadaverine,Di,0,0.0007,0.0069,dev
A0A1Q6F0C9,cadaverine,Mono,0,0.0001,0.0058,dev
A0A1Q6F0C9,cadaverine,Tri,0,0.0023,0.0096,dev
A0A1Q6F0C9,citrulline,Di,0,0.0014,0.0096,dev
A0A1Q6F0C9,citrulline,Mono,0,0.0002,0.0069,dev
A0A1Q6F0C9,citrulline,Tri,0,0.0011,0.0096,dev
A0A1Q6F0C9,cystine,Di,0,0.0009,0.0069,dev
A0A1Q6F0C9,cystine,Mono,0,0.0001,0.0058,dev
A0A1Q6F0C9,cystine,Tri,0,0.0013,0.0096,dev
A0A1Q6F0C9,dopamine,Di,0,0.0453,0.0679,dev
A0A1Q6F0C9,dopamine,Mono,0,0.0032,0.0096,dev
A0A1Q6F0C9,dopamine,Tri,1,0.7175,0.6364,dev
A0A1Q6F0C9,gaba,Di,1,0.9739,0.8273,dev
A0A1Q6F0C9,gaba,Mono,1,0.9144,0.7921,dev
A0A1Q6F0C9,gaba,Tri,1,0.9826,0.8343,dev
A0A1Q6F0C9,glutamine,Di,0,0.0065,0.0157,dev
A0A1Q6F0C9,glutamine,Mono,0,0.0019,0.0096,dev
A0A1Q6F0C9,glutamine,Tri,0,0.0065,0.0157,dev
A0A1Q6F0C9,glyglycine,Di,0,0.0058,0.0157,dev
A0A1Q6F0C9,glyglycine,Mono,0,0.0009,0.0069,dev
A0A1Q6F0C9,glyglycine,Tri,0,0.0182,0.0264,dev
A0A1Q6F0C9,histidine,Di,0,0.0005,0.0069,dev
A0A1Q6F0C9,histidine,Mono,0,0.0001,0.0058,dev
A0A1Q6F0C9,histidine,Tri,0,0.0016,0.0096,dev
A0A1Q6F0C9,lysine,Di,0,0.008,0.0167,dev
A0A1Q6F0C9,lysine,Mono,0,0.0008,0.0069,dev
A0A1Q6F0C9,lysine,Tri,0,0.0031,0.0096,dev
A0A1Q6F0C9,methionine,Di,0,0.002,0.0096,dev
A0A1Q6F0C9,methionine,Mono,0,0.0004,0.0069,dev
A0A1Q6F0C9,methionine,Tri,0,0.0034,0.0096,dev
A0A1Q6F0C9,ornithine,Di,0,0.0051,0.0157,dev
A0A1Q6F0C9,ornithine,Mono,0,0.0007,0.0069,dev
A0A1Q6F0C9,ornithine,Tri,0,0.003,0.0096,dev
A0A1Q6F0C9,phenylalanine,Di,1,0.8988,0.7921,dev
A0A1Q6F0C9,phenylalanine,Mono,0,0.0298,0.0264,dev
A0A1Q6F0C9,phenylalanine,Tri,1,0.9631,0.8273,dev
A0A1Q6F0C9,proline,Di,0,0.0009,0.0069,dev
A0A1Q6F0C9,proline,Mono,0,0.0003,0.0069,dev
A0A1Q6F0C9,proline,Tri,0,0.0054,0.0157,dev
A0A1Q6F0C9,putrescine,Di,0,0.001,0.0069,dev
A0A1Q6F0C9,putrescine,Mono,0,0.0002,0.0069,dev
A0A1Q6F0C9,putrescine,Tri,0,0.0032,0.0096,dev
A0A1Q6F0C9,serine,Di,0,0.0088,0.0179,dev
A0A1Q6F0C9,serine,Mono,0,0.0118,0.0264,dev
A0A1Q6F0C9,serine,Tri,0,0.0105,0.0264,dev
A0A1Q6F0C9,serotonin,Di,0,0.0003,0.0069,dev
A0A1Q6F0C9,serotonin,Mono,0,0.0005,0.0069,dev
A0A1Q6F0C9,serotonin,Tri,0,0.0008,0.0069,dev
A0A1Q6F0C9,threonine,Di,0,0.0007,0.0069,dev
A0A1Q6F0C9,threonine,Mono,0,0.0016,0.0096,dev
A0A1Q6F0C9,threonine,Tri,0,0.0003,0.0069,dev
A0A1Q6F0C9,tryptamine,Di,0,0.0003,0.0069,dev
A0A1Q6F0C9,tryptamine,Mono,0,0.0,0.0,dev
A0A1Q6F0C9,tryptamine,Tri,0,0.0013,0.0096,dev
A0A1Q6F0C9,tyramine,Di,0,0.0029,0.0096,dev
A0A1Q6F0C9,tyramine,Mono,0,0.0066,0.0157,dev
A0A1Q6F0C9,tyramine,Tri,0,0.0103,0.0179,dev
A0A1Q6JXM9,"2,3_diaminopropionic acid",Di,0,0.2822,0.1867,dev
A0A1Q6JXM9,"2,3_diaminopropionic acid",Mono,0,0.1722,0.1317,dev
A0A1Q6JXM9,"2,3_diaminopropionic acid",Tri,1,0.7847,0.7234,dev
A0A1Q6JXM9,2_aminophenol,Di,1,0.9037,0.7921,dev
A0A1Q6JXM9,2_aminophenol,Mono,0,0.5485,0.4048,dev
A0A1Q6JXM9,2_aminophenol,Tri,1,0.937,0.7921,dev
A0A1Q6JXM9,3_methoxytyramine,Di,0,0.151,0.1192,dev
A0A1Q6JXM9,3_methoxytyramine,Mono,0,0.0238,0.0264,dev
A0A1Q6JXM9,3_methoxytyramine,Tri,0,0.1207,0.0758,dev
A0A1Q6JXM9,alanine,Di,1,0.9914,0.8962,dev
A0A1Q6JXM9,alanine,Mono,1,0.98,0.8343,dev
A0A1Q6JXM9,alanine,Tri,1,0.8387,0.7547,dev
A0A1Q6JXM9,arginine,Di,0,0.0167,0.0264,dev
A0A1Q6JXM9,arginine,Mono,0,0.009,0.0179,dev
A0A1Q6JXM9,arginine,Tri,0,0.025,0.0264,dev
A0A1Q6JXM9,asparagine,Di,0,0.2464,0.1466,dev
A0A1Q6JXM9,asparagine,Mono,0,0.1856,0.1317,dev
A0A1Q6JXM9,asparagine,Tri,1,0.962,0.7921,dev
A0A1Q6JXM9,cadaverine,Di,0,0.0148,0.0264,dev
A0A1Q6JXM9,cadaverine,Mono,0,0.0087,0.0179,dev
A0A1Q6JXM9,cadaverine,Tri,0,0.0311,0.0264,dev
A0A1Q6JXM9,citrulline,Di,1,0.0993,0.0758,dev
A0A1Q6JXM9,citrulline,Mono,0,0.0435,0.0679,dev
A0A1Q6JXM9,citrulline,Tri,0,0.047,0.0679,dev
A0A1Q6JXM9,cystine,Di,0,0.037,0.046,dev
A0A1Q6JXM9,cystine,Mono,0,0.0102,0.0179,dev
A0A1Q6JXM9,cystine,Tri,0,0.0309,0.0264,dev
A0A1Q6JXM9,dopamine,Di,0,0.3662,0.2642,dev
A0A1Q6JXM9,dopamine,Mono,0,0.1421,0.1192,dev
A0A1Q6JXM9,dopamine,Tri,1,0.9612,0.7921,dev
A0A1Q6JXM9,gaba,Di,1,0.9935,0.8962,dev
A0A1Q6JXM9,gaba,Mono,0,0.992,0.8962,dev
A0A1Q6JXM9,gaba,Tri,1,0.9959,0.8962,dev
A0A1Q6JXM9,glutamine,Di,0,0.2756,0.1867,dev
A0A1Q6JXM9,glutamine,Mono,1,0.246,0.1466,dev
A0A1Q6JXM9,glutamine,Tri,0,0.2528,0.1466,dev
A0A1Q6JXM9,glyglycine,Di,0,0.0692,0.0679,dev
A0A1Q6JXM9,glyglycine,Mono,0,0.0473,0.0679,dev
A0A1Q6JXM9,glyglycine,Tri,1,0.1262,0.0781,dev
A0A1Q6JXM9,histidine,Di,0,0.0028,0.0096,dev
A0A1Q6JXM9,histidine,Mono,0,0.0039,0.0096,dev
A0A1Q6JXM9,histidine,Tri,0,0.0055,0.0157,dev
A0A1Q6JXM9,lysine,Di,1,0.5403,0.4048,dev
A0A1Q6JXM9,lysine,Mono,0,0.2336,0.1466,dev
A0A1Q6JXM9,lysine,Tri,0,0.1757,0.1317,dev
A0A1Q6JXM9,methionine,Di,0,0.3268,0.2642,dev
A0A1Q6JXM9,methionine,Mono,1,0.2253,0.1466,dev
A0A1Q6JXM9,methionine,Tri,1,0.3208,0.2642,dev
A0A1Q6JXM9,ornithine,Di,0,0.2256,0.1466,dev
A0A1Q6JXM9,ornithine,Mono,0,0.1155,0.0758,dev
A0A1Q6JXM9,ornithine,Tri,0,0.09,0.0758,dev
A0A1Q6JXM9,phenylalanine,Di,1,0.9896,0.8873,dev
A0A1Q6JXM9,phenylalanine,Mono,1,0.7284,0.7234,dev
A0A1Q6JXM9,phenylalanine,Tri,1,0.9937,0.8962,dev
A0A1Q6JXM9,proline,Di,0,0.0102,0.0179,dev
A0A1Q6JXM9,proline,Mono,0,0.0113,0.0264,dev
A0A1Q6JXM9,proline,Tri,0,0.0586,0.0679,dev
A0A1Q6JXM9,putrescine,Di,0,0.0193,0.0264,dev
A0A1Q6JXM9,putrescine,Mono,0,0.0112,0.0264,dev
A0A1Q6JXM9,putrescine,Tri,0,0.0396,0.046,dev
A0A1Q6JXM9,serine,Di,1,0.4825,0.37,dev
A0A1Q6JXM9,serine,Mono,1,0.6966,0.6364,dev
A0A1Q6JXM9,serine,Tri,1,0.4402,0.37,dev
A0A1Q6JXM9,serotonin,Di,0,0.0071,0.0157,dev
A0A1Q6JXM9,serotonin,Mono,0,0.0563,0.0679,dev
A0A1Q6JXM9,serotonin,Tri,0,0.0095,0.0179,dev
A0A1Q6JXM9,threonine,Di,0,0.0968,0.0758,dev
A0A1Q6JXM9,threonine,Mono,1,0.436,0.37,dev
A0A1Q6JXM9,threonine,Tri,0,0.0424,0.0526,dev
A0A1Q6JXM9,tryptamine,Di,0,0.0032,0.0096,dev
A0A1Q6JXM9,tryptamine,Mono,0,0.0012,0.0096,dev
A0A1Q6JXM9,tryptamine,Tri,0,0.0074,0.0167,dev
A0A1Q6JXM9,tyramine,Di,0,0.0929,0.0758,dev
A0A1Q6JXM9,tyramine,Mono,0,0.5232,0.4048,dev
A0A1Q6JXM9,tyramine,Tri,0,0.1355,0.1192,dev
A0A1Q6K9G3,"2,3_diaminopropionic acid",Di,0,0.0756,0.0679,dev
A0A1Q6K9G3,"2,3_diaminopropionic acid",Mono,0,0.0454,0.0679,dev
A0A1Q6K9G3,"2,3_diaminopropionic acid",Tri,1,0.7034,0.6364,dev
A0A1Q6K9G3,2_aminophenol,Di,1,0.804,0.7547,dev
A0A1Q6K9G3,2_aminophenol,Mono,0,0.1657,0.1192,dev
A0A1Q6K9G3,2_aminophenol,Tri,1,0.9356,0.7921,dev
A0A1Q6K9G3,3_methoxytyramine,Di,0,0.0064,0.0157,dev
A0A1Q6K9G3,3_methoxytyramine,Mono,0,0.0008,0.0069,dev
A0A1Q6K9G3,3_methoxytyramine,Tri,0,0.0116,0.0264,dev
A0A1Q6K9G3,alanine,Di,1,0.984,0.8343,dev
A0A1Q6K9G3,alanine,Mono,1,0.9569,0.7921,dev
A0A1Q6K9G3,alanine,Tri,1,0.8608,0.7547,dev
A0A1Q6K9G3,arginine,Di,0,0.0013,0.0096,dev
A0A1Q6K9G3,arginine,Mono,0,0.0005,0.0069,dev
A0A1Q6K9G3,arginine,Tri,0,0.0044,0.0096,dev
A0A1Q6K9G3,asparagine,Di,0,0.0298,0.0264,dev
A0A1Q6K9G3,asparagine,Mono,0,0.0243,0.0264,dev
A0A1Q6K9G3,asparagine,Tri,1,0.9003,0.7921,dev
A0A1Q6K9G3,cadaverine,Di,0,0.0037,0.0096,dev
A0A1Q6K9G3,cadaverine,Mono,0,0.0016,0.0096,dev
A0A1Q6K9G3,cadaverine,Tri,0,0.0126,0.0264,dev
A0A1Q6K9G3,citrulline,Di,0,0.014,0.0264,dev
A0A1Q6K9G3,citrulline,Mono,0,0.0022,0.0096,dev
A0A1Q6K9G3,citrulline,Tri,0,0.0086,0.0167,dev
A0A1Q6K9G3,cystine,Di,0,0.0033,0.0096,dev
A0A1Q6K9G3,cystine,Mono,0,0.0009,0.0069,dev
A0A1Q6K9G3,cystine,Tri,0,0.009,0.0179,dev
A0A1Q6K9G3,dopamine,Di,0,0.025,0.0264,dev
A0A1Q6K9G3,dopamine,Mono,0,0.0101,0.0179,dev
A0A1Q6K9G3,dopamine,Tri,1,0.7734,0.7234,dev
A0A1Q6K9G3,gaba,Di,1,0.956,0.7921,dev
A0A1Q6K9G3,gaba,Mono,1,0.9397,0.7921,dev
A0A1Q6K9G3,gaba,Tri,1,0.984,0.8343,dev
A0A1Q6K9G3,glutamine,Di,0,0.0807,0.0679,dev
A0A1Q6K9G3,glutamine,Mono,0,0.0783,0.0679,dev
A0A1Q6K9G3,glutamine,Tri,0,0.0955,0.0758,dev
A0A1Q6K9G3,glyglycine,Di,0,0.0146,0.0264,dev
A0A1Q6K9G3,glyglycine,Mono,0,0.0088,0.0179,dev
A0A1Q6K9G3,glyglycine,Tri,1,0.0547,0.0679,dev
A0A1Q6K9G3,histidine,Di,0,0.0008,0.0069,dev
A0A1Q6K9G3,histidine,Mono,0,0.0009,0.0069,dev
A0A1Q6K9G3,histidine,Tri,0,0.0038,0.0096,dev
A0A1Q6K9G3,lysine,Di,1,0.4539,0.37,dev
A0A1Q6K9G3,lysine,Mono,0,0.0613,0.0679,dev
A0A1Q6K9G3,lysine,Tri,0,0.0603,0.0679,dev
A0A1Q6K9G3,methionine,Di,0,0.0928,0.0758,dev
A0A1Q6K9G3,methionine,Mono,0,0.0556,0.0679,dev
A0A1Q6K9G3,methionine,Tri,1,0.219,0.1466,dev
A0A1Q6K9G3,ornithine,Di,0,0.0317,0.0264,dev
A0A1Q6K9G3,ornithine,Mono,0,0.0092,0.0179,dev
A0A1Q6K9G3,ornithine,Tri,0,0.0204,0.0264,dev
A0A1Q6K9G3,phenylalanine,Di,1,0.9376,0.7921,dev
A0A1Q6K9G3,phenylalanine,Mono,0,0.17,0.1317,dev
A0A1Q6K9G3,phenylalanine,Tri,1,0.9799,0.8343,dev
A0A1Q6K9G3,proline,Di,0,0.0021,0.0096,dev
A0A1Q6K9G3,proline,Mono,0,0.0024,0.0096,dev
A0A1Q6K9G3,proline,Tri,0,0.0167,0.0264,dev
A0A1Q6K9G3,putrescine,Di,0,0.004,0.0096,dev
A0A1Q6K9G3,putrescine,Mono,0,0.0018,0.0096,dev
A0A1Q6K9G3,putrescine,Tri,0,0.0138,0.0264,dev
A0A1Q6K9G3,serine,Di,0,0.4471,0.37,dev
A0A1Q6K9G3,serine,Mono,1,0.6882,0.6364,dev
A0A1Q6K9G3,serine,Tri,0,0.3553,0.2642,dev
A0A1Q6K9G3,serotonin,Di,0,0.0006,0.0069,dev
A0A1Q6K9G3,serotonin,Mono,0,0.0062,0.0157,dev
A0A1Q6K9G3,serotonin,Tri,0,0.0033,0.0096,dev
A0A1Q6K9G3,threonine,Di,0,0.0728,0.0679,dev
A0A1Q6K9G3,threonine,Mono,0,0.3646,0.2642,dev
A0A1Q6K9G3,threonine,Tri,0,0.0315,0.0264,dev
A0A1Q6K9G3,tryptamine,Di,0,0.0005,0.0069,dev
A0A1Q6K9G3,tryptamine,Mono,0,0.0001,0.0058,dev
A0A1Q6K9G3,tryptamine,Tri,0,0.003,0.0096,dev
A0A1Q6K9G3,tyramine,Di,0,0.0085,0.0167,dev
A0A1Q6K9G3,tyramine,Mono,1,0.1614,0.1192,dev
A0A1Q6K9G3,tyramine,Tri,0,0.0451,0.0679,dev
A0A1Q6M5M7,"2,3_diaminopropionic acid",Di,0,0.056,0.0679,test
A0A1Q6M5M7,"2,3_diaminopropionic acid",Mono,0,0.0232,0.0264,test
A0A1Q6M5M7,"2,3_diaminopropionic acid",Tri,0,0.79,0.7234,test
A0A1Q6M5M7,2_aminophenol,Di,0,0.7124,0.6364,test
A0A1Q6M5M7,2_aminophenol,Mono,0,0.1154,0.0758,test
A0A1Q6M5M7,2_aminophenol,Tri,0,0.9166,0.7921,test
A0A1Q6M5M7,3_methoxytyramine,Di,0,0.0115,0.0264,test
A0A1Q6M5M7,3_methoxytyramine,Mono,0,0.0011,0.0096,test
A0A1Q6M5M7,3_methoxytyramine,Tri,0,0.031,0.0264,test
A0A1Q6M5M7,alanine,Di,0,0.9908,0.8873,test
A0A1Q6M5M7,alanine,Mono,0,0.9625,0.7921,test
A0A1Q6M5M7,alanine,Tri,0,0.8363,0.7547,test
A0A1Q6M5M7,arginine,Di,0,0.0012,0.0096,test
A0A1Q6M5M7,arginine,Mono,0,0.0003,0.0069,test
A0A1Q6M5M7,arginine,Tri,0,0.006,0.0157,test
A0A1Q6M5M7,asparagine,Di,0,0.0466,0.0679,test
A0A1Q6M5M7,asparagine,Mono,0,0.0238,0.0264,test
A0A1Q6M5M7,asparagine,Tri,0,0.9623,0.7921,test
A0A1Q6M5M7,cadaverine,Di,0,0.0027,0.0096,test
A0A1Q6M5M7,cadaverine,Mono,0,0.0011,0.0096,test
A0A1Q6M5M7,cadaverine,Tri,0,0.0158,0.0264,test
A0A1Q6M5M7,citrulline,Di,0,0.0138,0.0264,test
A0A1Q6M5M7,citrulline,Mono,0,0.0018,0.0096,test
A0A1Q6M5M7,citrulline,Tri,0,0.0111,0.0264,test
A0A1Q6M5M7,cystine,Di,0,0.0042,0.0096,test
A0A1Q6M5M7,cystine,Mono,0,0.0009,0.0069,test
A0A1Q6M5M7,cystine,Tri,0,0.0146,0.0264,test
A0A1Q6M5M7,dopamine,Di,0,0.0565,0.0679,test
A0A1Q6M5M7,dopamine,Mono,0,0.0144,0.0264,test
A0A1Q6M5M7,dopamine,Tri,0,0.9453,0.7921,test
A0A1Q6M5M7,gaba,Di,0,0.9892,0.8873,test
A0A1Q6M5M7,gaba,Mono,0,0.9846,0.8343,test
A0A1Q6M5M7,gaba,Tri,0,0.9976,0.9,test
A0A1Q6M5M7,glutamine,Di,0,0.0518,0.0679,test
A0A1Q6M5M7,glutamine,Mono,0,0.0303,0.0264,test
A0A1Q6M5M7,glutamine,Tri,0,0.0743,0.0679,test
A0A1Q6M5M7,glyglycine,Di,0,0.0225,0.0264,test
A0A1Q6M5M7,glyglycine,Mono,0,0.0098,0.0179,test
A0A1Q6M5M7,glyglycine,Tri,0,0.1342,0.1192,test
A0A1Q6M5M7,histidine,Di,0,0.0012,0.0096,test
A0A1Q6M5M7,histidine,Mono,0,0.0011,0.0096,test
A0A1Q6M5M7,histidine,Tri,0,0.0087,0.0179,test
A0A1Q6M5M7,lysine,Di,0,0.2629,0.1538,test
A0A1Q6M5M7,lysine,Mono,0,0.0293,0.0264,test
A0A1Q6M5M7,lysine,Tri,0,0.042,0.0526,test
A0A1Q6M5M7,methionine,Di,0,0.0541,0.0679,test
A0A1Q6M5M7,methionine,Mono,0,0.0232,0.0264,test
A0A1Q6M5M7,methionine,Tri,0,0.1269,0.0781,test
A0A1Q6M5M7,ornithine,Di,0,0.0206,0.0264,test
A0A1Q6M5M7,ornithine,Mono,0,0.0044,0.0096,test
A0A1Q6M5M7,ornithine,Tri,0,0.0147,0.0264,test
A0A1Q6M5M7,phenylalanine,Di,0,0.9718,0.8273,test
A0A1Q6M5M7,phenylalanine,Mono,0,0.182,0.1317,test
A0A1Q6M5M7,phenylalanine,Tri,0,0.9942,0.8962,test
A0A1Q6M5M7,proline,Di,0,0.003,0.0096,test
A0A1Q6M5M7,proline,Mono,0,0.0025,0.0096,test
A0A1Q6M5M7,proline,Tri,0,0.0345,0.046,test
A0A1Q6M5M7,putrescine,Di,0,0.0029,0.0096,test
A0A1Q6M5M7,putrescine,Mono,0,0.0012,0.0096,test
A0A1Q6M5M7,putrescine,Tri,0,0.017,0.0264,test
A0A1Q6M5M7,serine,Di,0,0.2819,0.1867,test
A0A1Q6M5M7,serine,Mono,0,0.4878,0.37,test
A0A1Q6M5M7,serine,Tri,0,0.3198,0.22,test
A0A1Q6M5M7,serotonin,Di,0,0.0011,0.0096,test
A0A1Q6M5M7,serotonin,Mono,0,0.0101,0.0179,test
A0A1Q6M5M7,serotonin,Tri,0,0.0081,0.0167,test
A0A1Q6M5M7,threonine,Di,0,0.0158,0.0264,test
A0A1Q6M5M7,threonine,Mono,0,0.101,0.0758,test
A0A1Q6M5M7,threonine,Tri,0,0.0079,0.0167,test
A0A1Q6M5M7,tryptamine,Di,0,0.001,0.0069,test
A0A1Q6M5M7,tryptamine,Mono,0,0.0002,0.0069,test
A0A1Q6M5M7,tryptamine,Tri,0,0.0085,0.0167,test
A0A1Q6M5M7,tyramine,Di,0,0.0103,0.0179,test
A0A1Q6M5M7,tyramine,Mono,0,0.1847,0.1317,test
A0A1Q6M5M7,tyramine,Tri,0,0.0704,0.0679,test
A0A1Q6PYZ4,"2,3_diaminopropionic acid",Di,0,0.0666,0.0679,dev
A0A1Q6PYZ4,"2,3_diaminopropionic acid",Mono,0,0.0448,0.0679,dev
A0A1Q6PYZ4,"2,3_diaminopropionic acid",Tri,1,0.5666,0.566,dev
A0A1Q6PYZ4,2_aminophenol,Di,1,0.5584,0.4048,dev
A0A1Q6PYZ4,2_aminophenol,Mono,0,0.1644,0.1192,dev
A0A1Q6PYZ4,2_aminophenol,Tri,1,0.8179,0.7547,dev
A0A1Q6PYZ4,3_methoxytyramine,Di,0,0.0208,0.0264,dev
A0A1Q6PYZ4,3_methoxytyramine,Mono,0,0.0026,0.0096,dev
A0A1Q6PYZ4,3_methoxytyramine,Tri,0,0.0306,0.0264,dev
A0A1Q6PYZ4,alanine,Di,1,0.9887,0.8873,dev
A0A1Q6PYZ4,alanine,Mono,1,0.9718,0.8273,dev
A0A1Q6PYZ4,alanine,Tri,1,0.7932,0.7547,dev
A0A1Q6PYZ4,arginine,Di,0,0.0012,0.0096,dev
A0A1Q6PYZ4,arginine,Mono,0,0.0006,0.0069,dev
A0A1Q6PYZ4,arginine,Tri,0,0.0035,0.0096,dev
A0A1Q6PYZ4,asparagine,Di,0,0.0792,0.0679,dev
A0A1Q6PYZ4,asparagine,Mono,0,0.0776,0.0679,dev
A0A1Q6PYZ4,asparagine,Tri,1,0.968,0.8273,dev
A0A1Q6PYZ4,cadaverine,Di,0,0.0018,0.0096,dev
A0A1Q6PYZ4,cadaverine,Mono,0,0.0014,0.0096,dev
A0A1Q6PYZ4,cadaverine,Tri,0,0.0086,0.0179,dev
A0A1Q6PYZ4,citrulline,Di,0,0.0125,0.0264,dev
A0A1Q6PYZ4,citrulline,Mono,0,0.0042,0.0096,dev
A0A1Q6PYZ4,citrulline,Tri,0,0.0123,0.0264,dev
A0A1Q6PYZ4,cystine,Di,0,0.0048,0.0097,dev
A0A1Q6PYZ4,cystine,Mono,0,0.0014,0.0096,dev
A0A1Q6PYZ4,cystine,Tri,0,0.0109,0.0264,dev
A0A1Q6PYZ4,dopamine,Di,0,0.1033,0.0758,dev
A0A1Q6PYZ4,dopamine,Mono,0,0.043,0.0679,dev
A0A1Q6PYZ4,dopamine,Tri,1,0.9162,0.7921,dev
A0A1Q6PYZ4,gaba,Di,1,0.9947,0.8962,dev
A0A1Q6PYZ4,gaba,Mono,0,0.9944,0.8962,dev
A0A1Q6PYZ4,gaba,Tri,1,0.9975,0.9,dev
A0A1Q6PYZ4,glutamine,Di,1,0.0346,0.046,dev
A0A1Q6PYZ4,glutamine,Mono,0,0.04,0.046,dev
A0A1Q6PYZ4,glutamine,Tri,1,0.0568,0.0679,dev
A0A1Q6PYZ4,glyglycine,Di,0,0.0276,0.0264,dev
A0A1Q6PYZ4,glyglycine,Mono,0,0.021,0.0264,dev
A0A1Q6PYZ4,glyglycine,Tri,1,0.1183,0.0758,dev
A0A1Q6PYZ4,histidine,Di,0,0.0011,0.0096,dev
A0A1Q6PYZ4,histidine,Mono,0,0.001,0.0069,dev
A0A1Q6PYZ4,histidine,Tri,0,0.006,0.0157,dev
A0A1Q6PYZ4,lysine,Di,1,0.2284,0.1466,dev
A0A1Q6PYZ4,lysine,Mono,0,0.0406,0.046,dev
A0A1Q6PYZ4,lysine,Tri,0,0.0414,0.046,dev
A0A1Q6PYZ4,methionine,Di,0,0.0483,0.0679,dev
A0A1Q6PYZ4,methionine,Mono,0,0.0318,0.0264,dev
A0A1Q6PYZ4,methionine,Tri,0,0.101,0.0758,dev
A0A1Q6PYZ4,ornithine,Di,0,0.0212,0.0264,dev
A0A1Q6PYZ4,ornithine,Mono,0,0.0081,0.0167,dev
A0A1Q6PYZ4,ornithine,Tri,1,0.0108,0.0264,dev
A0A1Q6PYZ4,phenylalanine,Di,1,0.9683,0.8273,dev
A0A1Q6PYZ4,phenylalanine,Mono,0,0.2909,0.1867,dev
A0A1Q6PYZ4,phenylalanine,Tri,1,0.9896,0.8873,dev
A0A1Q6PYZ4,proline,Di,0,0.0037,0.0096,dev
A0A1Q6PYZ4,proline,Mono,0,0.0051,0.0157,dev
A0A1Q6PYZ4,proline,Tri,0,0.0333,0.0264,dev
A0A1Q6PYZ4,putrescine,Di,0,0.0031,0.0096,dev
A0A1Q6PYZ4,putrescine,Mono,0,0.0023,0.0096,dev
A0A1Q6PYZ4,putrescine,Tri,0,0.0151,0.0264,dev
A0A1Q6PYZ4,serine,Di,0,0.1908,0.1317,dev
A0A1Q6PYZ4,serine,Mono,1,0.5777,0.566,dev
A0A1Q6PYZ4,serine,Tri,0,0.2394,0.1466,dev
A0A1Q6PYZ4,serotonin,Di,0,0.0011,0.0096,dev
A0A1Q6PYZ4,serotonin,Mono,0,0.0106,0.0264,dev
A0A1Q6PYZ4,serotonin,Tri,0,0.0065,0.0157,dev
A0A1Q6PYZ4,threonine,Di,0,0.0253,0.0264,dev
A0A1Q6PYZ4,threonine,Mono,0,0.1731,0.1317,dev
A0A1Q6PYZ4,threonine,Tri,0,0.0142,0.0264,dev
A0A1Q6PYZ4,tryptamine,Di,0,0.0006,0.0069,dev
A0A1Q6PYZ4,tryptamine,Mono,0,0.0003,0.0069,dev
A0A1Q6PYZ4,tryptamine,Tri,0,0.0036,0.0096,dev
A0A1Q6PYZ4,tyramine,Di,0,0.0118,0.0264,dev
A0A1Q6PYZ4,tyramine,Mono,0,0.1741,0.1317,dev
A0A1Q6PYZ4,tyramine,Tri,0,0.071,0.0679,dev
A0A1Q6RAM4,"2,3_diaminopropionic acid",Di,0,0.032,0.0264,dev
A0A1Q6RAM4,"2,3_diaminopropionic acid",Mono,0,0.0056,0.0157,dev
A0A1Q6RAM4,"2,3_diaminopropionic acid",Tri,0,0.1613,0.1192,dev
A0A1Q6RAM4,2_aminophenol,Di,0,0.1148,0.0758,dev
A0A1Q6RAM4,2_aminophenol,Mono,0,0.0044,0.0096,dev
A0A1Q6RAM4,2_aminophenol,Tri,0,0.2156,0.1317,dev
A0A1Q6RAM4,3_methoxytyramine,Di,0,0.0211,0.0264,dev
A0A1Q6RAM4,3_methoxytyramine,Mono,0,0.0007,0.0069,dev
A0A1Q6RAM4,3_methoxytyramine,Tri,0,0.0299,0.0264,dev
A0A1Q6RAM4,alanine,Di,1,0.9175,0.7921,dev
A0A1Q6RAM4,alanine,Mono,0,0.5873,0.566,dev
A0A1Q6RAM4,alanine,Tri,0,0.1562,0.1192,dev
A0A1Q6RAM4,arginine,Di,0,0.0008,0.0069,dev
A0A1Q6RAM4,arginine,Mono,0,0.0001,0.0058,dev
A0A1Q6RAM4,arginine,Tri,0,0.0009,0.0069,dev
A0A1Q6RAM4,asparagine,Di,0,0.0635,0.0679,dev
A0A1Q6RAM4,asparagine,Mono,0,0.0194,0.0264,dev
A0A1Q6RAM4,asparagine,Tri,1,0.9298,0.7921,dev
A0A1Q6RAM4,cadaverine,Di,0,0.0012,0.0096,dev
A0A1Q6RAM4,cadaverine,Mono,0,0.0003,0.0069,dev
A0A1Q6RAM4,cadaverine,Tri,0,0.0036,0.0096,dev
A0A1Q6RAM4,citrulline,Di,0,0.0026,0.0096,dev
A0A1Q6RAM4,citrulline,Mono,0,0.0003,0.0069,dev
A0A1Q6RAM4,citrulline,Tri,0,0.0017,0.0096,dev
A0A1Q6RAM4,cystine,Di,0,0.0018,0.0096,dev
A0A1Q6RAM4,cystine,Mono,0,0.0002,0.0069,dev
A0A1Q6RAM4,cystine,Tri,0,0.0018,0.0096,dev
A0A1Q6RAM4,dopamine,Di,0,0.1093,0.0758,dev
A0A1Q6RAM4,dopamine,Mono,0,0.0083,0.0167,dev
A0A1Q6RAM4,dopamine,Tri,1,0.8808,0.7547,dev
A0A1Q6RAM4,gaba,Di,1,0.9863,0.8343,dev
A0A1Q6RAM4,gaba,Mono,1,0.9618,0.7921,dev
A0A1Q6RAM4,gaba,Tri,1,0.9913,0.8962,dev
A0A1Q6RAM4,glutamine,Di,0,0.0109,0.0264,dev
A0A1Q6RAM4,glutamine,Mono,0,0.0047,0.0097,dev
A0A1Q6RAM4,glutamine,Tri,0,0.0143,0.0264,dev
A0A1Q6RAM4,glyglycine,Di,0,0.0091,0.0179,dev
A0A1Q6RAM4,glyglycine,Mono,0,0.0017,0.0096,dev
A0A1Q6RAM4,glyglycine,Tri,0,0.0283,0.0264,dev
A0A1Q6RAM4,histidine,Di,0,0.0008,0.0069,dev
A0A1Q6RAM4,histidine,Mono,0,0.0002,0.0069,dev
A0A1Q6RAM4,histidine,Tri,0,0.0024,0.0096,dev
A0A1Q6RAM4,lysine,Di,0,0.0215,0.0264,dev
A0A1Q6RAM4,lysine,Mono,0,0.002,0.0096,dev
A0A1Q6RAM4,lysine,Tri,0,0.0052,0.0157,dev
A0A1Q6RAM4,methionine,Di,0,0.0035,0.0096,dev
A0A1Q6RAM4,methionine,Mono,0,0.0009,0.0069,dev
A0A1Q6RAM4,methionine,Tri,0,0.006,0.0157,dev
A0A1Q6RAM4,ornithine,Di,0,0.0121,0.0264,dev
A0A1Q6RAM4,ornithine,Mono,0,0.0018,0.0096,dev
A0A1Q6RAM4,ornithine,Tri,0,0.0057,0.0157,dev
A0A1Q6RAM4,phenylalanine,Di,1,0.9449,0.7921,dev
A0A1Q6RAM4,phenylalanine,Mono,0,0.0651,0.0679,dev
A0A1Q6RAM4,phenylalanine,Tri,1,0.9785,0.8343,dev
A0A1Q6RAM4,proline,Di,0,0.0013,0.0096,dev
A0A1Q6RAM4,proline,Mono,0,0.0006,0.0069,dev
A0A1Q6RAM4,proline,Tri,0,0.0079,0.0167,dev
A0A1Q6RAM4,putrescine,Di,0,0.0016,0.0096,dev
A0A1Q6RAM4,putrescine,Mono,0,0.0003,0.0069,dev
A0A1Q6RAM4,putrescine,Tri,0,0.0049,0.0097,dev
A0A1Q6RAM4,serine,Di,0,0.0171,0.0264,dev
A0A1Q6RAM4,serine,Mono,0,0.0284,0.0264,dev
A0A1Q6RAM4,serine,Tri,0,0.0213,0.0264,dev
A0A1Q6RAM4,serotonin,Di,0,0.0006,0.0069,dev
A0A1Q6RAM4,serotonin,Mono,0,0.0019,0.0096,dev
A0A1Q6RAM4,serotonin,Tri,0,0.0018,0.0096,dev
A0A1Q6RAM4,threonine,Di,0,0.0018,0.0096,dev
A0A1Q6RAM4,threonine,Mono,0,0.0056,0.0157,dev
A0A1Q6RAM4,threonine,Tri,0,0.0008,0.0069,dev
A0A1Q6RAM4,tryptamine,Di,0,0.0006,0.0069,dev
A0A1Q6RAM4,tryptamine,Mono,0,0.0,0.0058,dev
A0A1Q6RAM4,tryptamine,Tri,0,0.0019,0.0096,dev
A0A1Q6RAM4,tyramine,Di,0,0.0059,0.0157,dev
A0A1Q6RAM4,tyramine,Mono,0,0.023,0.0264,dev
A0A1Q6RAM4,tyramine,Tri,0,0.0238,0.0264,dev
A0A1Y3QT37,"2,3_diaminopropionic acid",Di,0,0.007,0.0157,dev
A0A1Y3QT37,"2,3_diaminopropionic acid",Mono,0,0.0012,0.0096,dev
A0A1Y3QT37,"2,3_diaminopropionic acid",Tri,1,0.0324,0.0264,dev
A0A1Y3QT37,2_aminophenol,Di,1,0.0496,0.0679,dev
A0A1Y3QT37,2_aminophenol,Mono,0,0.0022,0.0096,dev
A0A1Y3QT37,2_aminophenol,Tri,1,0.0601,0.0679,dev
A0A1Y3QT37,3_methoxytyramine,Di,0,0.0168,0.0264,dev
A0A1Y3QT37,3_methoxytyramine,Mono,0,0.0006,0.0069,dev
A0A1Y3QT37,3_methoxytyramine,Tri,0,0.0078,0.0167,dev
A0A1Y3QT37,alanine,Di,1,0.9407,0.7921,dev
A0A1Y3QT37,alanine,Mono,1,0.6293,0.5862,dev
A0A1Y3QT37,alanine,Tri,1,0.0375,0.046,dev
A0A1Y3QT37,arginine,Di,0,0.0002,0.0069,dev
A0A1Y3QT37,arginine,Mono,0,0.0,0.0,dev
A0A1Y3QT37,arginine,Tri,0,0.0002,0.0069,dev
A0A1Y3QT37,asparagine,Di,0,0.0144,0.0264,dev
A0A1Y3QT37,asparagine,Mono,0,0.0047,0.0097,dev
A0A1Y3QT37,asparagine,Tri,1,0.8662,0.7547,dev
A0A1Y3QT37,cadaverine,Di,0,0.0004,0.0069,dev
A0A1Y3QT37,cadaverine,Mono,0,0.0001,0.0058,dev
A0A1Y3QT37,cadaverine,Tri,0,0.0008,0.0069,dev
A0A1Y3QT37,citrulline,Di,0,0.001,0.0069,dev
A0A1Y3QT37,citrulline,Mono,0,0.0002,0.0069,dev
A0A1Y3QT37,citrulline,Tri,0,0.0003,0.0069,dev
A0A1Y3QT37,cystine,Di,0,0.0008,0.0069,dev
A0A1Y3QT37,cystine,Mono,0,0.0001,0.0058,dev
A0A1Y3QT37,cystine,Tri,0,0.0005,0.0069,dev
A0A1Y3QT37,dopamine,Di,0,0.0637,0.0679,dev
A0A1Y3QT37,dopamine,Mono,0,0.0065,0.0157,dev
A0A1Y3QT37,dopamine,Tri,1,0.8147,0.7547,dev
A0A1Y3QT37,gaba,Di,1,0.9815,0.8343,dev
A0A1Y3QT37,gaba,Mono,0,0.9607,0.7921,dev
A0A1Y3QT37,gaba,Tri,1,0.9827,0.8343,dev
A0A1Y3QT37,glutamine,Di,0,0.005,0.0097,dev
A0A1Y3QT37,glutamine,Mono,0,0.0031,0.0096,dev
A0A1Y3QT37,glutamine,Tri,0,0.002,0.0096,dev
A0A1Y3QT37,glyglycine,Di,0,0.0027,0.0096,dev
A0A1Y3QT37,glyglycine,Mono,0,0.0006,0.0069,dev
A0A1Y3QT37,glyglycine,Tri,1,0.0027,0.0096,dev
A0A1Y3QT37,histidine,Di,0,0.0003,0.0069,dev
A0A1Y3QT37,histidine,Mono,0,0.0001,0.0058,dev
A0A1Y3QT37,histidine,Tri,0,0.0004,0.0069,dev
A0A1Y3QT37,lysine,Di,1,0.0025,0.0096,dev
A0A1Y3QT37,lysine,Mono,0,0.0005,0.0069,dev
A0A1Y3QT37,lysine,Tri,0,0.0005,0.0069,dev
A0A1Y3QT37,methionine,Di,0,0.0016,0.0096,dev
A0A1Y3QT37,methionine,Mono,0,0.0005,0.0069,dev
A0A1Y3QT37,methionine,Tri,0,0.001,0.0096,dev
A0A1Y3QT37,ornithine,Di,0,0.0045,0.0096,dev
A0A1Y3QT37,ornithine,Mono,0,0.0009,0.0069,dev
A0A1Y3QT37,ornithine,Tri,0,0.0014,0.0096,dev
A0A1Y3QT37,phenylalanine,Di,1,0.934,0.7921,dev
A0A1Y3QT37,phenylalanine,Mono,0,0.0286,0.0264,dev
A0A1Y3QT37,phenylalanine,Tri,1,0.9472,0.7921,dev
A0A1Y3QT37,proline,Di,0,0.0007,0.0069,dev
A0A1Y3QT37,proline,Mono,0,0.0003,0.0069,dev
A0A1Y3QT37,proline,Tri,0,0.0017,0.0096,dev
A0A1Y3QT37,putrescine,Di,0,0.0004,0.0069,dev
A0A1Y3QT37,putrescine,Mono,0,0.0001,0.0058,dev
A0A1Y3QT37,putrescine,Tri,0,0.0008,0.0069,dev
A0A1Y3QT37,serine,Di,1,0.0072,0.0167,dev
A0A1Y3QT37,serine,Mono,1,0.0051,0.0157,dev
A0A1Y3QT37,serine,Tri,0,0.0054,0.0157,dev
A0A1Y3QT37,serotonin,Di,0,0.0005,0.0069,dev
A0A1Y3QT37,serotonin,Mono,0,0.0027,0.0096,dev
A0A1Y3QT37,serotonin,Tri,0,0.001,0.0096,dev
A0A1Y3QT37,threonine,Di,0,0.0004,0.0069,dev
A0A1Y3QT37,threonine,Mono,1,0.001,0.0096,dev
A0A1Y3QT37,threonine,Tri,0,0.0001,0.0058,dev
A0A1Y3QT37,tryptamine,Di,0,0.0004,0.0069,dev
A0A1Y3QT37,tryptamine,Mono,0,0.0001,0.0058,dev
A0A1Y3QT37,tryptamine,Tri,0,0.0009,0.0069,dev
A0A1Y3QT37,tyramine,Di,0,0.0025,0.0096,dev
A0A1Y3QT37,tyramine,Mono,1,0.0212,0.0264,dev
A0A1Y3QT37,tyramine,Tri,0,0.0057,0.0157,dev
A0A1Y3TDY5,"2,3_diaminopropionic acid",Di,0,0.0816,0.0679,dev
A0A1Y3TDY5,"2,3_diaminopropionic acid",Mono,0,0.0385,0.046,dev
A0A1Y3TDY5,"2,3_diaminopropionic acid",Tri,1,0.6259,0.5862,dev
A0A1Y3TDY5,2_aminophenol,Di,1,0.4602,0.37,dev
A0A1Y3TDY5,2_aminophenol,Mono,1,0.0852,0.0758,dev
A0A1Y3TDY5,2_aminophenol,Tri,1,0.7227,0.7234,dev
A0A1Y3TDY5,3_methoxytyramine,Di,0,0.0193,0.0264,dev
A0A1Y3TDY5,3_methoxytyramine,Mono,0,0.0023,0.0096,dev
A0A1Y3TDY5,3_methoxytyramine,Tri,0,0.0311,0.0264,dev
A0A1Y3TDY5,alanine,Di,1,0.9379,0.7921,dev
A0A1Y3TDY5,alanine,Mono,1,0.8505,0.7547,dev
A0A1Y3TDY5,alanine,Tri,0,0.562,0.4048,dev
A0A1Y3TDY5,arginine,Di,0,0.0027,0.0096,dev
A0A1Y3TDY5,arginine,Mono,0,0.0009,0.0069,dev
A0A1Y3TDY5,arginine,Tri,0,0.0072,0.0167,dev
A0A1Y3TDY5,asparagine,Di,0,0.0789,0.0679,dev
A0A1Y3TDY5,asparagine,Mono,0,0.0476,0.0679,dev
A0A1Y3TDY5,asparagine,Tri,1,0.8977,0.7921,dev
A0A1Y3TDY5,cadaverine,Di,0,0.0048,0.0097,dev
A0A1Y3TDY5,cadaverine,Mono,0,0.0026,0.0096,dev
A0A1Y3TDY5,cadaverine,Tri,0,0.0163,0.0264,dev
A0A1Y3TDY5,citrulline,Di,0,0.0194,0.0264,dev
A0A1Y3TDY5,citrulline,Mono,0,0.0047,0.0097,dev
A0A1Y3TDY5,citrulline,Tri,0,0.0118,0.0264,dev
A0A1Y3TDY5,cystine,Di,0,0.0062,0.0157,dev
A0A1Y3TDY5,cystine,Mono,0,0.0015,0.0096,dev
A0A1Y3TDY5,cystine,Tri,0,0.01,0.0179,dev
A0A1Y3TDY5,dopamine,Di,0,0.0999,0.0758,dev
A0A1Y3TDY5,dopamine,Mono,0,0.0305,0.0264,dev
A0A1Y3TDY5,dopamine,Tri,1,0.8559,0.7547,dev
A0A1Y3TDY5,gaba,Di,1,0.9718,0.8273,dev
A0A1Y3TDY5,gaba,Mono,1,0.9635,0.8273,dev
A0A1Y3TDY5,gaba,Tri,1,0.9822,0.8343,dev
A0A1Y3TDY5,glutamine,Di,0,0.0591,0.0679,dev
A0A1Y3TDY5,glutamine,Mono,0,0.0606,0.0679,dev
A0A1Y3TDY5,glutamine,Tri,0,0.0807,0.0679,dev
A0A1Y3TDY5,glyglycine,Di,0,0.0234,0.0264,dev
A0A1Y3TDY5,glyglycine,Mono,0,0.0135,0.0264,dev
A0A1Y3TDY5,glyglycine,Tri,0,0.1005,0.0758,dev
A0A1Y3TDY5,histidine,Di,0,0.001,0.0069,dev
A0A1Y3TDY5,histidine,Mono,0,0.001,0.0096,dev
A0A1Y3TDY5,histidine,Tri,0,0.0039,0.0096,dev
A0A1Y3TDY5,lysine,Di,0,0.3009,0.22,dev
A0A1Y3TDY5,lysine,Mono,0,0.0593,0.0679,dev
A0A1Y3TDY5,lysine,Tri,0,0.069,0.0679,dev
A0A1Y3TDY5,methionine,Di,0,0.0749,0.0679,dev
A0A1Y3TDY5,methionine,Mono,0,0.0561,0.0679,dev
A0A1Y3TDY5,methionine,Tri,0,0.1656,0.1192,dev
A0A1Y3TDY5,ornithine,Di,0,0.0468,0.0679,dev
A0A1Y3TDY5,ornithine,Mono,0,0.0141,0.0264,dev
A0A1Y3TDY5,ornithine,Tri,0,0.0237,0.0264,dev
A0A1Y3TDY5,phenylalanine,Di,1,0.9274,0.7921,dev
A0A1Y3TDY5,phenylalanine,Mono,0,0.2165,0.1317,dev
A0A1Y3TDY5,phenylalanine,Tri,1,0.9713,0.8273,dev
A0A1Y3TDY5,proline,Di,0,0.0019,0.0096,dev
A0A1Y3TDY5,proline,Mono,0,0.0016,0.0096,dev
A0A1Y3TDY5,proline,Tri,0,0.0118,0.0264,dev
A0A1Y3TDY5,putrescine,Di,0,0.0063,0.0157,dev
A0A1Y3TDY5,putrescine,Mono,0,0.0032,0.0096,dev
A0A1Y3TDY5,putrescine,Tri,0,0.0216,0.0264,dev
A0A1Y3TDY5,serine,Di,0,0.2298,0.1466,dev
A0A1Y3TDY5,serine,Mono,0,0.4568,0.37,dev
A0A1Y3TDY5,serine,Tri,0,0.2124,0.1317,dev
A0A1Y3TDY5,serotonin,Di,0,0.001,0.0069,dev
A0A1Y3TDY5,serotonin,Mono,0,0.0064,0.0157,dev
A0A1Y3TDY5,serotonin,Tri,0,0.0034,0.0096,dev
A0A1Y3TDY5,threonine,Di,0,0.0244,0.0264,dev
A0A1Y3TDY5,threonine,Mono,0,0.152,0.1192,dev
A0A1Y3TDY5,threonine,Tri,0,0.0149,0.0264,dev
A0A1Y3TDY5,tryptamine,Di,0,0.0008,0.0069,dev
A0A1Y3TDY5,tryptamine,Mono,0,0.0002,0.0069,dev
A0A1Y3TDY5,tryptamine,Tri,0,0.0033,0.0096,dev
A0A1Y3TDY5,tyramine,Di,0,0.0193,0.0264,dev
A0A1Y3TDY5,tyramine,Mono,1,0.1858,0.1317,dev
A0A1Y3TDY5,tyramine,Tri,0,0.0698,0.0679,dev
A0A1Y3VSR9,"2,3_diaminopropionic acid",Di,0,0.1262,0.0781,dev
A0A1Y3VSR9,"2,3_diaminopropionic acid",Mono,0,0.0266,0.0264,dev
A0A1Y3VSR9,"2,3_diaminopropionic acid",Tri,0,0.3664,0.2642,dev
A0A1Y3VSR9,2_aminophenol,Di,1,0.8042,0.7547,dev
A0A1Y3VSR9,2_aminophenol,Mono,0,0.117,0.0758,dev
A0A1Y3VSR9,2_aminophenol,Tri,0,0.7894,0.7234,dev
A0A1Y3VSR9,3_methoxytyramine,Di,0,0.5934,0.566,dev
A0A1Y3VSR9,3_methoxytyramine,Mono,0,0.02,0.0264,dev
A0A1Y3VSR9,3_methoxytyramine,Tri,0,0.2175,0.1317,dev
A0A1Y3VSR9,alanine,Di,1,0.9517,0.7921,dev
A0A1Y3VSR9,alanine,Mono,1,0.6071,0.566,dev
A0A1Y3VSR9,alanine,Tri,0,0.093,0.0758,dev
A0A1Y3VSR9,arginine,Di,0,0.0023,0.0096,dev
A0A1Y3VSR9,arginine,Mono,0,0.0005,0.0069,dev
A0A1Y3VSR9,arginine,Tri,0,0.0021,0.0096,dev
A0A1Y3VSR9,asparagine,Di,0,0.0595,0.0679,dev
A0A1Y3VSR9,asparagine,Mono,0,0.0237,0.0264,dev
A0A1Y3VSR9,asparagine,Tri,1,0.9432,0.7921,dev
A0A1Y3VSR9,cadaverine,Di,0,0.0026,0.0096,dev
A0A1Y3VSR9,cadaverine,Mono,0,0.0008,0.0069,dev
A0A1Y3VSR9,cadaverine,Tri,0,0.006,0.0157,dev
A0A1Y3VSR9,citrulline,Di,0,0.0085,0.0167,dev
A0A1Y3VSR9,citrulline,Mono,0,0.0013,0.0096,dev
A0A1Y3VSR9,citrulline,Tri,0,0.0038,0.0096,dev
A0A1Y3VSR9,cystine,Di,0,0.0162,0.0264,dev
A0A1Y3VSR9,cystine,Mono,0,0.0014,0.0096,dev
A0A1Y3VSR9,cystine,Tri,0,0.0114,0.0264,dev
A0A1Y3VSR9,dopamine,Di,0,0.3697,0.2642,dev
A0A1Y3VSR9,dopamine,Mono,0,0.0364,0.046,dev
A0A1Y3VSR9,dopamine,Tri,1,0.9396,0.7921,dev
A0A1Y3VSR9,gaba,Di,1,0.9449,0.7921,dev
A0A1Y3VSR9,gaba,Mono,1,0.8848,0.7547,dev
A0A1Y3VSR9,gaba,Tri,1,0.9572,0.7921,dev
A0A1Y3VSR9,glutamine,Di,0,0.025,0.0264,dev
A0A1Y3VSR9,glutamine,Mono,0,0.0107,0.0264,dev
A0A1Y3VSR9,glutamine,Tri,0,0.0154,0.0264,dev
A0A1Y3VSR9,glyglycine,Di,0,0.01,0.0179,dev
A0A1Y3VSR9,glyglycine,Mono,0,0.0024,0.0096,dev
A0A1Y3VSR9,glyglycine,Tri,0,0.0127,0.0264,dev
A0A1Y3VSR9,histidine,Di,0,0.0021,0.0096,dev
A0A1Y3VSR9,histidine,Mono,0,0.0008,0.0069,dev
A0A1Y3VSR9,histidine,Tri,0,0.004,0.0096,dev
A0A1Y3VSR9,lysine,Di,0,0.0677,0.0679,dev
A0A1Y3VSR9,lysine,Mono,0,0.0098,0.0179,dev
A0A1Y3VSR9,lysine,Tri,0,0.0095,0.0179,dev
A0A1Y3VSR9,methionine,Di,0,0.0324,0.0264,dev
A0A1Y3VSR9,methionine,Mono,0,0.007,0.0157,dev
A0A1Y3VSR9,methionine,Tri,0,0.0177,0.0264,dev
A0A1Y3VSR9,ornithine,Di,0,0.0901,0.0758,dev
A0A1Y3VSR9,ornithine,Mono,0,0.0189,0.0264,dev
A0A1Y3VSR9,ornithine,Tri,0,0.0213,0.0264,dev
A0A1Y3VSR9,phenylalanine,Di,1,0.9847,0.8343,dev
A0A1Y3VSR9,phenylalanine,Mono,0,0.1327,0.1192,dev
A0A1Y3VSR9,phenylalanine,Tri,1,0.984,0.8343,dev
A0A1Y3VSR9,proline,Di,0,0.0099,0.0179,dev
A0A1Y3VSR9,proline,Mono,0,0.0087,0.0179,dev
A0A1Y3VSR9,proline,Tri,0,0.0605,0.0679,dev
A0A1Y3VSR9,putrescine,Di,0,0.0038,0.0096,dev
A0A1Y3VSR9,putrescine,Mono,0,0.0011,0.0096,dev
A0A1Y3VSR9,putrescine,Tri,0,0.0086,0.0167,dev
A0A1Y3VSR9,serine,Di,0,0.0246,0.0264,dev
A0A1Y3VSR9,serine,Mono,0,0.0415,0.0526,dev
A0A1Y3VSR9,serine,Tri,0,0.0191,0.0264,dev
A0A1Y3VSR9,serotonin,Di,0,0.0115,0.0264,dev
A0A1Y3VSR9,serotonin,Mono,0,0.0806,0.0679,dev
A0A1Y3VSR9,serotonin,Tri,0,0.0264,0.0264,dev
A0A1Y3VSR9,threonine,Di,0,0.0059,0.0157,dev
A0A1Y3VSR9,threonine,Mono,0,0.0132,0.0264,dev
A0A1Y3VSR9,threonine,Tri,0,0.0009,0.0069,dev
A0A1Y3VSR9,tryptamine,Di,0,0.013,0.0264,dev
A0A1Y3VSR9,tryptamine,Mono,0,0.0021,0.0096,dev
A0A1Y3VSR9,tryptamine,Tri,0,0.0374,0.046,dev
A0A1Y3VSR9,tyramine,Di,0,0.013,0.0264,dev
A0A1Y3VSR9,tyramine,Mono,0,0.1022,0.0758,dev
A0A1Y3VSR9,tyramine,Tri,0,0.0251,0.0264,dev
A0A2S7KLN3,"2,3_diaminopropionic acid",Di,0,0.008,0.0167,dev
A0A2S7KLN3,"2,3_diaminopropionic acid",Mono,0,0.0011,0.0096,dev
A0A2S7KLN3,"2,3_diaminopropionic acid",Tri,0,0.0689,0.0679,dev
A0A2S7KLN3,2_aminophenol,Di,0,0.017,0.0264,dev
A0A2S7KLN3,2_aminophenol,Mono,0,0.0006,0.0069,dev
A0A2S7KLN3,2_aminophenol,Tri,0,0.0496,0.0679,dev
A0A2S7KLN3,3_methoxytyramine,Di,0,0.0035,0.0096,dev
A0A2S7KLN3,3_methoxytyramine,Mono,0,0.0002,0.0069,dev
A0A2S7KLN3,3_methoxytyramine,Tri,0,0.0058,0.0157,dev
A0A2S7KLN3,alanine,Di,1,0.7754,0.7234,dev
A0A2S7KLN3,alanine,Mono,1,0.2829,0.1867,dev
A0A2S7KLN3,alanine,Tri,0,0.1115,0.0758,dev
A0A2S7KLN3,arginine,Di,0,0.0003,0.0069,dev
A0A2S7KLN3,arginine,Mono,0,0.0,0.0,dev
A0A2S7KLN3,arginine,Tri,0,0.0006,0.0069,dev
A0A2S7KLN3,asparagine,Di,0,0.029,0.0264,dev
A0A2S7KLN3,asparagine,Mono,0,0.0059,0.0157,dev
A0A2S7KLN3,asparagine,Tri,1,0.8162,0.7547,dev
A0A2S7KLN3,cadaverine,Di,0,0.0006,0.0069,dev
A0A2S7KLN3,cadaverine,Mono,0,0.0001,0.0058,dev
A0A2S7KLN3,cadaverine,Tri,0,0.0021,0.0096,dev
A0A2S7KLN3,citrulline,Di,0,0.0017,0.0096,dev
A0A2S7KLN3,citrulline,Mono,0,0.0002,0.0069,dev
A0A2S7KLN3,citrulline,Tri,0,0.0015,0.0096,dev
A0A2S7KLN3,cystine,Di,0,0.0006,0.0069,dev
A0A2S7KLN3,cystine,Mono,0,0.0,0.0,dev
A0A2S7KLN3,cystine,Tri,0,0.001,0.0069,dev
A0A2S7KLN3,dopamine,Di,0,0.0203,0.0264,dev
A0A2S7KLN3,dopamine,Mono,0,0.0019,0.0096,dev
A0A2S7KLN3,dopamine,Tri,1,0.5303,0.4048,dev
A0A2S7KLN3,gaba,Di,1,0.938,0.7921,dev
A0A2S7KLN3,gaba,Mono,1,0.8169,0.7547,dev
A0A2S7KLN3,gaba,Tri,1,0.9628,0.7921,dev
A0A2S7KLN3,glutamine,Di,0,0.0062,0.0157,dev
A0A2S7KLN3,glutamine,Mono,0,0.0019,0.0096,dev
A0A2S7KLN3,glutamine,Tri,0,0.0078,0.0167,dev
A0A2S7KLN3,glyglycine,Di,0,0.0056,0.0157,dev
A0A2S7KLN3,glyglycine,Mono,0,0.0009,0.0069,dev
A0A2S7KLN3,glyglycine,Tri,0,0.0236,0.0264,dev
A0A2S7KLN3,histidine,Di,0,0.0003,0.0069,dev
A0A2S7KLN3,histidine,Mono,0,0.0001,0.0058,dev
A0A2S7KLN3,histidine,Tri,0,0.0012,0.0096,dev
A0A2S7KLN3,lysine,Di,0,0.016,0.0264,dev
A0A2S7KLN3,lysine,Mono,0,0.0012,0.0096,dev
A0A2S7KLN3,lysine,Tri,0,0.0046,0.0096,dev
A0A2S7KLN3,methionine,Di,0,0.0019,0.0096,dev
A0A2S7KLN3,methionine,Mono,0,0.0004,0.0069,dev
A0A2S7KLN3,methionine,Tri,0,0.0034,0.0096,dev
A0A2S7KLN3,ornithine,Di,0,0.0044,0.0096,dev
A0A2S7KLN3,ornithine,Mono,0,0.0006,0.0069,dev
A0A2S7KLN3,ornithine,Tri,0,0.0031,0.0096,dev
A0A2S7KLN3,phenylalanine,Di,1,0.7358,0.7234,dev
A0A2S7KLN3,phenylalanine,Mono,0,0.0171,0.0264,dev
A0A2S7KLN3,phenylalanine,Tri,1,0.8924,0.7547,dev
A0A2S7KLN3,proline,Di,0,0.0006,0.0069,dev
A0A2S7KLN3,proline,Mono,0,0.0002,0.0069,dev
A0A2S7KLN3,proline,Tri,0,0.0043,0.0096,dev
A0A2S7KLN3,putrescine,Di,0,0.0008,0.0069,dev
A0A2S7KLN3,putrescine,Mono,0,0.0001,0.0058,dev
A0A2S7KLN3,putrescine,Tri,0,0.0029,0.0096,dev
A0A2S7KLN3,serine,Di,0,0.0131,0.0264,dev
A0A2S7KLN3,serine,Mono,0,0.0167,0.0264,dev
A0A2S7KLN3,serine,Tri,0,0.0147,0.0264,dev
A0A2S7KLN3,serotonin,Di,0,0.0002,0.0069,dev
A0A2S7KLN3,serotonin,Mono,0,0.0003,0.0069,dev
A0A2S7KLN3,serotonin,Tri,0,0.0006,0.0069,dev
A0A2S7KLN3,threonine,Di,0,0.0011,0.0096,dev
A0A2S7KLN3,threonine,Mono,0,0.0028,0.0096,dev
A0A2S7KLN3,threonine,Tri,0,0.0006,0.0069,dev
A0A2S7KLN3,tryptamine,Di,0,0.0001,0.0058,dev
A0A2S7KLN3,tryptamine,Mono,0,0.0,0.0,dev
A0A2S7KLN3,tryptamine,Tri,0,0.0005,0.0069,dev
A0A2S7KLN3,tyramine,Di,0,0.0015,0.0096,dev
A0A2S7KLN3,tyramine,Mono,0,0.0036,0.0096,dev
A0A2S7KLN3,tyramine,Tri,0,0.0064,0.0157,dev
A0A2S8G2H3,"2,3_diaminopropionic acid",Di,0,0.0543,0.0679,test
A0A2S8G2H3,"2,3_diaminopropionic acid",Mono,0,0.0105,0.0264,test
A0A2S8G2H3,"2,3_diaminopropionic acid",Tri,0,0.2482,0.1466,test
A0A2S8G2H3,2_aminophenol,Di,0,0.1647,0.1192,test
A0A2S8G2H3,2_aminophenol,Mono,0,0.0127,0.0264,test
A0A2S8G2H3,2_aminophenol,Tri,0,0.2266,0.1466,test
A0A2S8G2H3,3_methoxytyramine,Di,0,0.039,0.046,test
A0A2S8G2H3,3_methoxytyramine,Mono,0,0.0022,0.0096,test
A0A2S8G2H3,3_methoxytyramine,Tri,0,0.0375,0.046,test
A0A2S8G2H3,alanine,Di,1,0.9454,0.7921,test
A0A2S8G2H3,alanine,Mono,1,0.7689,0.7234,test
A0A2S8G2H3,alanine,Tri,0,0.2535,0.1466,test
A0A2S8G2H3,arginine,Di,0,0.0017,0.0096,test
A0A2S8G2H3,arginine,Mono,0,0.0003,0.0069,test
A0A2S8G2H3,arginine,Tri,0,0.0019,0.0096,test
A0A2S8G2H3,asparagine,Di,0,0.0891,0.0758,test
A0A2S8G2H3,asparagine,Mono,0,0.0289,0.0264,test
A0A2S8G2H3,asparagine,Tri,1,0.8987,0.7921,test
A0A2S8G2H3,cadaverine,Di,0,0.0015,0.0096,test
A0A2S8G2H3,cadaverine,Mono,0,0.0004,0.0069,test
A0A2S8G2H3,cadaverine,Tri,0,0.0032,0.0096,test
A0A2S8G2H3,citrulline,Di,0,0.0088,0.0179,test
A0A2S8G2H3,citrulline,Mono,0,0.0016,0.0096,test
A0A2S8G2H3,citrulline,Tri,0,0.0046,0.0096,test
A0A2S8G2H3,cystine,Di,0,0.0028,0.0096,test
A0A2S8G2H3,cystine,Mono,0,0.0003,0.0069,test
A0A2S8G2H3,cystine,Tri,0,0.0023,0.0096,test
A0A2S8G2H3,dopamine,Di,0,0.2342,0.1466,test
A0A2S8G2H3,dopamine,Mono,0,0.0277,0.0264,test
A0A2S8G2H3,dopamine,Tri,1,0.8908,0.7547,test
A0A2S8G2H3,gaba,Di,1,0.9832,0.8343,test
A0A2S8G2H3,gaba,Mono,1,0.9609,0.7921,test
A0A2S8G2H3,gaba,Tri,1,0.9883,0.8873,test
A0A2S8G2H3,glutamine,Di,0,0.0303,0.0264,test
A0A2S8G2H3,glutamine,Mono,0,0.0122,0.0264,test
A0A2S8G2H3,glutamine,Tri,0,0.0271,0.0264,test
A0A2S8G2H3,glyglycine,Di,0,0.0172,0.0264,test
A0A2S8G2H3,glyglycine,Mono,0,0.0052,0.0157,test
A0A2S8G2H3,glyglycine,Tri,0,0.0462,0.0679,test
A0A2S8G2H3,histidine,Di,0,0.001,0.0096,test
A0A2S8G2H3,histidine,Mono,0,0.0004,0.0069,test
A0A2S8G2H3,histidine,Tri,0,0.0026,0.0096,test
A0A2S8G2H3,lysine,Di,0,0.0558,0.0679,test
A0A2S8G2H3,lysine,Mono,0,0.0068,0.0157,test
A0A2S8G2H3,lysine,Tri,0,0.0122,0.0264,test
A0A2S8G2H3,methionine,Di,0,0.0126,0.0264,test
A0A2S8G2H3,methionine,Mono,0,0.0038,0.0096,test
A0A2S8G2H3,methionine,Tri,0,0.0138,0.0264,test
A0A2S8G2H3,ornithine,Di,0,0.0521,0.0679,test
A0A2S8G2H3,ornithine,Mono,0,0.0098,0.0179,test
A0A2S8G2H3,ornithine,Tri,0,0.0181,0.0264,test
A0A2S8G2H3,phenylalanine,Di,1,0.9567,0.7921,test
A0A2S8G2H3,phenylalanine,Mono,0,0.1395,0.1192,test
A0A2S8G2H3,phenylalanine,Tri,1,0.9745,0.8273,test
A0A2S8G2H3,proline,Di,0,0.004,0.0096,test
A0A2S8G2H3,proline,Mono,0,0.0022,0.0096,test
A0A2S8G2H3,proline,Tri,0,0.0152,0.0264,test
A0A2S8G2H3,putrescine,Di,0,0.002,0.0096,test
A0A2S8G2H3,putrescine,Mono,0,0.0005,0.0069,test
A0A2S8G2H3,putrescine,Tri,0,0.0044,0.0096,test
A0A2S8G2H3,serine,Di,0,0.0374,0.046,test
A0A2S8G2H3,serine,Mono,0,0.0588,0.0679,test
A0A2S8G2H3,serine,Tri,0,0.0278,0.0264,test
A0A2S8G2H3,serotonin,Di,0,0.0015,0.0096,test
A0A2S8G2H3,serotonin,Mono,0,0.0069,0.0157,test
A0A2S8G2H3,serotonin,Tri,0,0.0032,0.0096,test
A0A2S8G2H3,threonine,Di,0,0.0057,0.0157,test
A0A2S8G2H3,threonine,Mono,0,0.0174,0.0264,test
A0A2S8G2H3,threonine,Tri,0,0.0015,0.0096,test
A0A2S8G2H3,tryptamine,Di,0,0.0009,0.0069,test
A0A2S8G2H3,tryptamine,Mono,0,0.0002,0.0069,test
A0A2S8G2H3,tryptamine,Tri,0,0.0026,0.0096,test
A0A2S8G2H3,tyramine,Di,0,0.011,0.0264,test
A0A2S8G2H3,tyramine,Mono,0,0.0731,0.0679,test
A0A2S8G2H3,tyramine,Tri,0,0.0231,0.0264,test
A0A2S8GTJ2,"2,3_diaminopropionic acid",Di,0,0.0132,0.0264,dev
A0A2S8GTJ2,"2,3_diaminopropionic acid",Mono,0,0.0023,0.0096,dev
A0A2S8GTJ2,"2,3_diaminopropionic acid",Tri,0,0.0931,0.0758,dev
A0A2S8GTJ2,2_aminophenol,Di,0,0.1392,0.1192,dev
A0A2S8GTJ2,2_aminophenol,Mono,0,0.0048,0.0097,dev
A0A2S8GTJ2,2_aminophenol,Tri,0,0.2273,0.1466,dev
A0A2S8GTJ2,3_methoxytyramine,Di,0,0.0402,0.046,dev
A0A2S8GTJ2,3_methoxytyramine,Mono,0,0.0015,0.0096,dev
A0A2S8GTJ2,3_methoxytyramine,Tri,0,0.033,0.0264,dev
A0A2S8GTJ2,alanine,Di,1,0.9806,0.8343,dev
A0A2S8GTJ2,alanine,Mono,1,0.7952,0.7547,dev
A0A2S8GTJ2,alanine,Tri,0,0.196,0.1317,dev
A0A2S8GTJ2,arginine,Di,0,0.0003,0.0069,dev
A0A2S8GTJ2,arginine,Mono,0,0.0001,0.0058,dev
A0A2S8GTJ2,arginine,Tri,0,0.0005,0.0069,dev
A0A2S8GTJ2,asparagine,Di,0,0.0325,0.0264,dev
A0A2S8GTJ2,asparagine,Mono,0,0.009,0.0179,dev
A0A2S8GTJ2,asparagine,Tri,1,0.9534,0.7921,dev
A0A2S8GTJ2,cadaverine,Di,0,0.0012,0.0096,dev
A0A2S8GTJ2,cadaverine,Mono,0,0.0003,0.0069,dev
A0A2S8GTJ2,cadaverine,Tri,0,0.0023,0.0096,dev
A0A2S8GTJ2,citrulline,Di,0,0.0021,0.0096,dev
A0A2S8GTJ2,citrulline,Mono,0,0.0003,0.0069,dev
A0A2S8GTJ2,citrulline,Tri,0,0.001,0.0069,dev
A0A2S8GTJ2,cystine,Di,0,0.0018,0.0096,dev
A0A2S8GTJ2,cystine,Mono,0,0.0002,0.0069,dev
A0A2S8GTJ2,cystine,Tri,0,0.002,0.0096,dev
A0A2S8GTJ2,dopamine,Di,0,0.1458,0.1192,dev
A0A2S8GTJ2,dopamine,Mono,0,0.0164,0.0264,dev
A0A2S8GTJ2,dopamine,Tri,1,0.9416,0.7921,dev
A0A2S8GTJ2,gaba,Di,1,0.9923,0.8962,dev
A0A2S8GTJ2,gaba,Mono,1,0.9847,0.8343,dev
A0A2S8GTJ2,gaba,Tri,1,0.9947,0.8962,dev
A0A2S8GTJ2,glutamine,Di,0,0.0158,0.0264,dev
A0A2S8GTJ2,glutamine,Mono,0,0.0096,0.0179,dev
A0A2S8GTJ2,glutamine,Tri,0,0.0126,0.0264,dev
A0A2S8GTJ2,glyglycine,Di,0,0.009,0.0179,dev
A0A2S8GTJ2,glyglycine,Mono,0,0.0018,0.0096,dev
A0A2S8GTJ2,glyglycine,Tri,0,0.0162,0.0264,dev
A0A2S8GTJ2,histidine,Di,0,0.0007,0.0069,dev
A0A2S8GTJ2,histidine,Mono,0,0.0002,0.0069,dev
A0A2S8GTJ2,histidine,Tri,0,0.0015,0.0096,dev
A0A2S8GTJ2,lysine,Di,0,0.0144,0.0264,dev
A0A2S8GTJ2,lysine,Mono,0,0.0018,0.0096,dev
A0A2S8GTJ2,lysine,Tri,0,0.0025,0.0096,dev
A0A2S8GTJ2,methionine,Di,0,0.0062,0.0157,dev
A0A2S8GTJ2,methionine,Mono,0,0.0021,0.0096,dev
A0A2S8GTJ2,methionine,Tri,0,0.0068,0.0157,dev
A0A2S8GTJ2,ornithine,Di,0,0.0123,0.0264,dev
A0A2S8GTJ2,ornithine,Mono,0,0.0024,0.0096,dev
A0A2S8GTJ2,ornithine,Tri,0,0.0053,0.0157,dev
A0A2S8GTJ2,phenylalanine,Di,1,0.9791,0.8343,dev
A0A2S8GTJ2,phenylalanine,Mono,0,0.0577,0.0679,dev
A0A2S8GTJ2,phenylalanine,Tri,1,0.9886,0.8873,dev
A0A2S8GTJ2,proline,Di,0,0.0013,0.0096,dev
A0A2S8GTJ2,proline,Mono,0,0.0004,0.0069,dev
A0A2S8GTJ2,proline,Tri,0,0.0056,0.0157,dev
A0A2S8GTJ2,putrescine,Di,0,0.0013,0.0096,dev
A0A2S8GTJ2,putrescine,Mono,0,0.0003,0.0069,dev
A0A2S8GTJ2,putrescine,Tri,0,0.0025,0.0096,dev
A0A2S8GTJ2,serine,Di,0,0.0433,0.0679,dev
A0A2S8GTJ2,serine,Mono,0,0.0301,0.0264,dev
A0A2S8GTJ2,serine,Tri,0,0.0334,0.0264,dev
A0A2S8GTJ2,serotonin,Di,0,0.0014,0.0096,dev
A0A2S8GTJ2,serotonin,Mono,0,0.0052,0.0157,dev
A0A2S8GTJ2,serotonin,Tri,0,0.003,0.0096,dev
A0A2S8GTJ2,threonine,Di,0,0.0018,0.0096,dev
A0A2S8GTJ2,threonine,Mono,0,0.0052,0.0157,dev
A0A2S8GTJ2,threonine,Tri,0,0.0005,0.0069,dev
A0A2S8GTJ2,tryptamine,Di,0,0.0009,0.0069,dev
A0A2S8GTJ2,tryptamine,Mono,0,0.0001,0.0058,dev
A0A2S8GTJ2,tryptamine,Tri,0,0.002,0.0096,dev
A0A2S8GTJ2,tyramine,Di,0,0.0079,0.0167,dev
A0A2S8GTJ2,tyramine,Mono,0,0.0461,0.0679,dev
A0A2S8GTJ2,tyramine,Tri,0,0.0164,0.0264,dev
A0A2T3FKY8,"2,3_diaminopropionic acid",Di,0,0.198,0.1317,dev
A0A2T3FKY8,"2,3_diaminopropionic acid",Mono,0,0.1115,0.0758,dev
A0A2T3FKY8,"2,3_diaminopropionic acid",Tri,1,0.7548,0.7234,dev
A0A2T3FKY8,2_aminophenol,Di,1,0.8378,0.7547,dev
A0A2T3FKY8,2_aminophenol,Mono,0,0.3899,0.2642,dev
A0A2T3FKY8,2_aminophenol,Tri,1,0.9101,0.7921,dev
A0A2T3FKY8,3_methoxytyramine,Di,0,0.0582,0.0679,dev
A0A2T3FKY8,3_methoxytyramine,Mono,0,0.0087,0.0179,dev
A0A2T3FKY8,3_methoxytyramine,Tri,0,0.0762,0.0679,dev
A0A2T3FKY8,alanine,Di,1,0.9917,0.8962,dev
A0A2T3FKY8,alanine,Mono,1,0.9741,0.8273,dev
A0A2T3FKY8,alanine,Tri,1,0.9082,0.7921,dev
A0A2T3FKY8,arginine,Di,0,0.0075,0.0167,dev
A0A2T3FKY8,arginine,Mono,0,0.0036,0.0096,dev
A0A2T3FKY8,arginine,Tri,0,0.0172,0.0264,dev
A0A2T3FKY8,asparagine,Di,0,0.2183,0.1317,dev
A0A2T3FKY8,asparagine,Mono,0,0.1467,0.1192,dev
A0A2T3FKY8,asparagine,Tri,1,0.9604,0.7921,dev
A0A2T3FKY8,cadaverine,Di,0,0.0112,0.0264,dev
A0A2T3FKY8,cadaverine,Mono,0,0.0061,0.0157,dev
A0A2T3FKY8,cadaverine,Tri,0,0.0328,0.0264,dev
A0A2T3FKY8,citrulline,Di,0,0.0851,0.0741,dev
A0A2T3FKY8,citrulline,Mono,0,0.0344,0.046,dev
A0A2T3FKY8,citrulline,Tri,0,0.0586,0.0679,dev
A0A2T3FKY8,cystine,Di,0,0.0258,0.0264,dev
A0A2T3FKY8,cystine,Mono,0,0.0067,0.0157,dev
A0A2T3FKY8,cystine,Tri,0,0.0278,0.0264,dev
A0A2T3FKY8,dopamine,Di,0,0.1969,0.1317,dev
A0A2T3FKY8,dopamine,Mono,0,0.0591,0.0679,dev
A0A2T3FKY8,dopamine,Tri,0,0.9191,0.7921,dev
A0A2T3FKY8,gaba,Di,1,0.9909,0.8962,dev
A0A2T3FKY8,gaba,Mono,0,0.9866,0.8343,dev
A0A2T3FKY8,gaba,Tri,1,0.9949,0.8962,dev
A0A2T3FKY8,glutamine,Di,0,0.3128,0.22,dev
A0A2T3FKY8,glutamine,Mono,0,0.2504,0.1466,dev
A0A2T3FKY8,glutamine,Tri,0,0.3744,0.2642,dev
A0A2T3FKY8,glyglycine,Di,0,0.0573,0.0679,dev
A0A2T3FKY8,glyglycine,Mono,0,0.0336,0.0264,dev
A0A2T3FKY8,glyglycine,Tri,1,0.1424,0.1192,dev
A0A2T3FKY8,histidine,Di,0,0.0036,0.0096,dev
A0A2T3FKY8,histidine,Mono,0,0.0042,0.0096,dev
A0A2T3FKY8,histidine,Tri,0,0.0091,0.0179,dev
A0A2T3FKY8,lysine,Di,1,0.6136,0.5862,dev
A0A2T3FKY8,lysine,Mono,0,0.2533,0.1466,dev
A0A2T3FKY8,lysine,Tri,0,0.2514,0.1466,dev
A0A2T3FKY8,methionine,Di,0,0.3815,0.2642,dev
A0A2T3FKY8,methionine,Mono,0,0.2483,0.1466,dev
A0A2T3FKY8,methionine,Tri,1,0.5065,0.4048,dev
A0A2T3FKY8,ornithine,Di,0,0.2047,0.1317,dev
A0A2T3FKY8,ornithine,Mono,0,0.0905,0.0758,dev
A0A2T3FKY8,ornithine,Tri,0,0.1161,0.0758,dev
A0A2T3FKY8,phenylalanine,Di,0,0.987,0.8343,dev
A0A2T3FKY8,phenylalanine,Mono,0,0.6272,0.5862,dev
A0A2T3FKY8,phenylalanine,Tri,1,0.9936,0.8962,dev
A0A2T3FKY8,proline,Di,0,0.0086,0.0179,dev
A0A2T3FKY8,proline,Mono,0,0.0071,0.0157,dev
A0A2T3FKY8,proline,Tri,0,0.0489,0.0679,dev
A0A2T3FKY8,putrescine,Di,0,0.0135,0.0264,dev
A0A2T3FKY8,putrescine,Mono,0,0.0072,0.0167,dev
A0A2T3FKY8,putrescine,Tri,0,0.0394,0.046,dev
A0A2T3FKY8,serine,Di,1,0.6078,0.566,dev
A0A2T3FKY8,serine,Mono,1,0.7715,0.7234,dev
A0A2T3FKY8,serine,Tri,0,0.5326,0.4048,dev
A0A2T3FKY8,serotonin,Di,0,0.0047,0.0097,dev
A0A2T3FKY8,serotonin,Mono,0,0.0236,0.0264,dev
A0A2T3FKY8,serotonin,Tri,0,0.0088,0.0179,dev
A0A2T3FKY8,threonine,Di,0,0.1186,0.0758,dev
A0A2T3FKY8,threonine,Mono,1,0.4262,0.37,dev
A0A2T3FKY8,threonine,Tri,0,0.0549,0.0679,dev
A0A2T3FKY8,tryptamine,Di,0,0.0015,0.0096,dev
A0A2T3FKY8,tryptamine,Mono,0,0.0006,0.0069,dev
A0A2T3FKY8,tryptamine,Tri,0,0.0048,0.0097,dev
A0A2T3FKY8,tyramine,Di,0,0.0577,0.0679,dev
A0A2T3FKY8,tyramine,Mono,1,0.3094,0.22,dev
A0A2T3FKY8,tyramine,Tri,0,0.1126,0.0758,dev
A0A2V1JL81,"2,3_diaminopropionic acid",Di,0,0.2938,0.1867,dev
A0A2V1JL81,"2,3_diaminopropionic acid",Mono,0,0.1752,0.1317,dev
A0A2V1JL81,"2,3_diaminopropionic acid",Tri,0,0.8471,0.7547,dev
A0A2V1JL81,2_aminophenol,Di,0,0.8958,0.7547,dev
A0A2V1JL81,2_aminophenol,Mono,0,0.4954,0.4048,dev
A0A2V1JL81,2_aminophenol,Tri,0,0.9497,0.7921,dev
A0A2V1JL81,3_methoxytyramine,Di,0,0.0925,0.0758,dev
A0A2V1JL81,3_methoxytyramine,Mono,0,0.0135,0.0264,dev
A0A2V1JL81,3_methoxytyramine,Tri,0,0.1152,0.0758,dev
A0A2V1JL81,alanine,Di,0,0.9948,0.8962,dev
A0A2V1JL81,alanine,Mono,0,0.9864,0.8343,dev
A0A2V1JL81,alanine,Tri,0,0.9387,0.7921,dev
A0A2V1JL81,arginine,Di,0,0.0099,0.0179,dev
A0A2V1JL81,arginine,Mono,0,0.0048,0.0097,dev
A0A2V1JL81,arginine,Tri,0,0.0245,0.0264,dev
A0A2V1JL81,asparagine,Di,0,0.2813,0.1867,dev
A0A2V1JL81,asparagine,Mono,0,0.2059,0.1317,dev
A0A2V1JL81,asparagine,Tri,0,0.9738,0.8273,dev
A0A2V1JL81,cadaverine,Di,0,0.0161,0.0264,dev
A0A2V1JL81,cadaverine,Mono,0,0.0097,0.0179,dev
A0A2V1JL81,cadaverine,Tri,0,0.0485,0.0679,dev
A0A2V1JL81,citrulline,Di,0,0.1088,0.0758,dev
A0A2V1JL81,citrulline,Mono,0,0.0445,0.0679,dev
A0A2V1JL81,citrulline,Tri,0,0.0702,0.0679,dev
A0A2V1JL81,cystine,Di,0,0.0314,0.0264,dev
A0A2V1JL81,cystine,Mono,0,0.0089,0.0179,dev
A0A2V1JL81,cystine,Tri,0,0.0341,0.0264,dev
A0A2V1JL81,dopamine,Di,0,0.3053,0.22,dev
A0A2V1JL81,dopamine,Mono,0,0.1139,0.0758,dev
A0A2V1JL81,dopamine,Tri,0,0.9545,0.7921,dev
A0A2V1JL81,gaba,Di,0,0.9959,0.8962,dev
A0A2V1JL81,gaba,Mono,0,0.9945,0.8962,dev
A0A2V1JL81,gaba,Tri,0,0.9976,0.9,dev
A0A2V1JL81,glutamine,Di,0,0.3288,0.2642,dev
A0A2V1JL81,glutamine,Mono,0,0.2971,0.1867,dev
A0A2V1JL81,glutamine,Tri,0,0.3779,0.2642,dev
A0A2V1JL81,glyglycine,Di,0,0.0931,0.0758,dev
A0A2V1JL81,glyglycine,Mono,0,0.0577,0.0679,dev
A0A2V1JL81,glyglycine,Tri,0,0.1991,0.1317,dev
A0A2V1JL81,histidine,Di,0,0.0041,0.0096,dev
A0A2V1JL81,histidine,Mono,0,0.0046,0.0097,dev
A0A2V1JL81,histidine,Tri,0,0.0102,0.0179,dev
A0A2V1JL81,lysine,Di,0,0.6933,0.6364,dev
A0A2V1JL81,lysine,Mono,0,0.3491,0.2642,dev
A0A2V1JL81,lysine,Tri,0,0.3005,0.22,dev
A0A2V1JL81,methionine,Di,0,0.3828,0.2642,dev
A0A2V1JL81,methionine,Mono,0,0.2698,0.1867,dev
A0A2V1JL81,methionine,Tri,0,0.4606,0.37,dev
A0A2V1JL81,ornithine,Di,0,0.2291,0.1466,dev
A0A2V1JL81,ornithine,Mono,0,0.1124,0.0758,dev
A0A2V1JL81,ornithine,Tri,0,0.1268,0.0781,dev
A0A2V1JL81,phenylalanine,Di,0,0.989,0.8873,dev
A0A2V1JL81,phenylalanine,Mono,0,0.5567,0.4048,dev
A0A2V1JL81,phenylalanine,Tri,0,0.9943,0.8962,dev
A0A2V1JL81,proline,Di,0,0.0086,0.0167,dev
A0A2V1JL81,proline,Mono,0,0.008,0.0167,dev
A0A2V1JL81,proline,Tri,0,0.0555,0.0679,dev
A0A2V1JL81,putrescine,Di,0,0.0201,0.0264,dev
A0A2V1JL81,putrescine,Mono,0,0.0118,0.0264,dev
A0A2V1JL81,putrescine,Tri,0,0.0596,0.0679,dev
A0A2V1JL81,serine,Di,0,0.5556,0.4048,dev
A0A2V1JL81,serine,Mono,0,0.7908,0.7234,dev
A0A2V1JL81,serine,Tri,0,0.5338,0.4048,dev
A0A2V1JL81,serotonin,Di,0,0.0052,0.0157,dev
A0A2V1JL81,serotonin,Mono,0,0.0423,0.0526,dev
A0A2V1JL81,serotonin,Tri,0,0.011,0.0264,dev
A0A2V1JL81,threonine,Di,0,0.1546,0.1192,dev
A0A2V1JL81,threonine,Mono,0,0.531,0.4048,dev
A0A2V1JL81,threonine,Tri,0,0.0782,0.0679,dev
A0A2V1JL81,tryptamine,Di,0,0.002,0.0096,dev
A0A2V1JL81,tryptamine,Mono,0,0.0007,0.0069,dev
A0A2V1JL81,tryptamine,Tri,0,0.007,0.0157,dev
A0A2V1JL81,tyramine,Di,0,0.0778,0.0679,dev
A0A2V1JL81,tyramine,Mono,0,0.4654,0.37,dev
A0A2V1JL81,tyramine,Tri,0,0.1767,0.1317,dev
A0A316LWP8,"2,3_diaminopropionic acid",Di,0,0.2882,0.1867,dev
A0A316LWP8,"2,3_diaminopropionic acid",Mono,0,0.156,0.1192,dev
A0A316LWP8,"2,3_diaminopropionic acid",Tri,1,0.8375,0.7547,dev
A0A316LWP8,2_aminophenol,Di,1,0.8811,0.7547,dev
A0A316LWP8,2_aminophenol,Mono,0,0.4532,0.37,dev
A0A316LWP8,2_aminophenol,Tri,1,0.94,0.7921,dev
A0A316LWP8,3_methoxytyramine,Di,0,0.0767,0.0679,dev
A0A316LWP8,3_methoxytyramine,Mono,0,0.0129,0.0264,dev
A0A316LWP8,3_methoxytyramine,Tri,0,0.0896,0.0758,dev
A0A316LWP8,alanine,Di,1,0.9936,0.8962,dev
A0A316LWP8,alanine,Mono,1,0.9845,0.8343,dev
A0A316LWP8,alanine,Tri,1,0.9173,0.7921,dev
A0A316LWP8,arginine,Di,0,0.0108,0.0264,dev
A0A316LWP8,arginine,Mono,0,0.0059,0.0157,dev
A0A316LWP8,arginine,Tri,0,0.0296,0.0264,dev
A0A316LWP8,asparagine,Di,0,0.2036,0.1317,dev
A0A316LWP8,asparagine,Mono,0,0.1513,0.1192,dev
A0A316LWP8,asparagine,Tri,1,0.9632,0.8273,dev
A0A316LWP8,cadaverine,Di,0,0.0086,0.0167,dev
A0A316LWP8,cadaverine,Mono,0,0.0054,0.0157,dev
A0A316LWP8,cadaverine,Tri,0,0.0263,0.0264,dev
A0A316LWP8,citrulline,Di,0,0.0998,0.0758,dev
A0A316LWP8,citrulline,Mono,0,0.0449,0.0679,dev
A0A316LWP8,citrulline,Tri,0,0.0884,0.0758,dev
A0A316LWP8,cystine,Di,0,0.0223,0.0264,dev
A0A316LWP8,cystine,Mono,0,0.0063,0.0157,dev
A0A316LWP8,cystine,Tri,0,0.0277,0.0264,dev
A0A316LWP8,dopamine,Di,0,0.2341,0.1466,dev
A0A316LWP8,dopamine,Mono,0,0.087,0.0758,dev
A0A316LWP8,dopamine,Tri,1,0.9362,0.7921,dev
A0A316LWP8,gaba,Di,1,0.9873,0.8343,dev
A0A316LWP8,gaba,Mono,1,0.9823,0.8343,dev
A0A316LWP8,gaba,Tri,1,0.9933,0.8962,dev
A0A316LWP8,glutamine,Di,0,0.2912,0.1867,dev
A0A316LWP8,glutamine,Mono,0,0.2575,0.1466,dev
A0A316LWP8,glutamine,Tri,0,0.3923,0.2642,dev
A0A316LWP8,glyglycine,Di,0,0.0982,0.0758,dev
A0A316LWP8,glyglycine,Mono,0,0.0679,0.0679,dev
A0A316LWP8,glyglycine,Tri,1,0.2616,0.1538,dev
A0A316LWP8,histidine,Di,0,0.0032,0.0096,dev
A0A316LWP8,histidine,Mono,0,0.0041,0.0096,dev
A0A316LWP8,histidine,Tri,0,0.0096,0.0179,dev
A0A316LWP8,lysine,Di,1,0.5825,0.566,dev
A0A316LWP8,lysine,Mono,0,0.2784,0.1867,dev
A0A316LWP8,lysine,Tri,0,0.2524,0.1466,dev
A0A316LWP8,methionine,Di,0,0.3638,0.2642,dev
A0A316LWP8,methionine,Mono,0,0.2736,0.1867,dev
A0A316LWP8,methionine,Tri,1,0.5111,0.4048,dev
A0A316LWP8,ornithine,Di,0,0.1739,0.1317,dev
A0A316LWP8,ornithine,Mono,0,0.0846,0.0741,dev
A0A316LWP8,ornithine,Tri,0,0.1061,0.0758,dev
A0A316LWP8,phenylalanine,Di,1,0.9836,0.8343,dev
A0A316LWP8,phenylalanine,Mono,0,0.4882,0.37,dev
A0A316LWP8,phenylalanine,Tri,1,0.993,0.8962,dev
A0A316LWP8,proline,Di,0,0.0083,0.0167,dev
A0A316LWP8,proline,Mono,0,0.0093,0.0179,dev
A0A316LWP8,proline,Tri,0,0.0638,0.0679,dev
A0A316LWP8,putrescine,Di,0,0.0111,0.0264,dev
A0A316LWP8,putrescine,Mono,0,0.0068,0.0157,dev
A0A316LWP8,putrescine,Tri,0,0.0338,0.0264,dev
A0A316LWP8,serine,Di,1,0.5698,0.566,dev
A0A316LWP8,serine,Mono,1,0.7849,0.7234,dev
A0A316LWP8,serine,Tri,0,0.5541,0.4048,dev
A0A316LWP8,serotonin,Di,0,0.0038,0.0096,dev
A0A316LWP8,serotonin,Mono,0,0.0276,0.0264,dev
A0A316LWP8,serotonin,Tri,0,0.0074,0.0167,dev
A0A316LWP8,threonine,Di,0,0.1232,0.0781,dev
A0A316LWP8,threonine,Mono,1,0.5327,0.4048,dev
A0A316LWP8,threonine,Tri,0,0.082,0.0741,dev
A0A316LWP8,tryptamine,Di,0,0.0017,0.0096,dev
A0A316LWP8,tryptamine,Mono,0,0.0005,0.0069,dev
A0A316LWP8,tryptamine,Tri,0,0.0057,0.0157,dev
A0A316LWP8,tyramine,Di,0,0.0557,0.0679,dev
A0A316LWP8,tyramine,Mono,1,0.4185,0.37,dev
A0A316LWP8,tyramine,Tri,0,0.1283,0.0781,dev
A0A316Q414,"2,3_diaminopropionic acid",Di,0,0.0642,0.0679,dev
A0A316Q414,"2,3_diaminopropionic acid",Mono,0,0.0191,0.0264,dev
A0A316Q414,"2,3_diaminopropionic acid",Tri,0,0.5979,0.566,dev
A0A316Q414,2_aminophenol,Di,0,0.5693,0.566,dev
A0A316Q414,2_aminophenol,Mono,0,0.0527,0.0679,dev
A0A316Q414,2_aminophenol,Tri,0,0.778,0.7234,dev
A0A316Q414,3_methoxytyramine,Di,0,0.0121,0.0264,dev
A0A316Q414,3_methoxytyramine,Mono,0,0.0012,0.0096,dev
A0A316Q414,3_methoxytyramine,Tri,0,0.0252,0.0264,dev
A0A316Q414,alanine,Di,1,0.9814,0.8343,dev
A0A316Q414,alanine,Mono,1,0.919,0.7921,dev
A0A316Q414,alanine,Tri,0,0.7158,0.6364,dev
A0A316Q414,arginine,Di,0,0.0011,0.0096,dev
A0A316Q414,arginine,Mono,0,0.0003,0.0069,dev
A0A316Q414,arginine,Tri,0,0.0029,0.0096,dev
A0A316Q414,asparagine,Di,0,0.0545,0.0679,dev
A0A316Q414,asparagine,Mono,0,0.0247,0.0264,dev
A0A316Q414,asparagine,Tri,1,0.9567,0.7921,dev
A0A316Q414,cadaverine,Di,0,0.0029,0.0096,dev
A0A316Q414,cadaverine,Mono,0,0.0009,0.0069,dev
A0A316Q414,cadaverine,Tri,0,0.0089,0.0179,dev
A0A316Q414,citrulline,Di,0,0.009,0.0179,dev
A0A316Q414,citrulline,Mono,0,0.0014,0.0096,dev
A0A316Q414,citrulline,Tri,0,0.0069,0.0157,dev
A0A316Q414,cystine,Di,0,0.0025,0.0096,dev
A0A316Q414,cystine,Mono,0,0.0005,0.0069,dev
A0A316Q414,cystine,Tri,0,0.0061,0.0157,dev
A0A316Q414,dopamine,Di,0,0.0468,0.0679,dev
A0A316Q414,dopamine,Mono,0,0.0133,0.0264,dev
A0A316Q414,dopamine,Tri,1,0.9038,0.7921,dev
A0A316Q414,gaba,Di,1,0.9799,0.8343,dev
A0A316Q414,gaba,Mono,1,0.9638,0.8273,dev
A0A316Q414,gaba,Tri,1,0.991,0.8962,dev
A0A316Q414,glutamine,Di,0,0.0453,0.0679,dev
A0A316Q414,glutamine,Mono,0,0.03,0.0264,dev
A0A316Q414,glutamine,Tri,0,0.05,0.0679,dev
A0A316Q414,glyglycine,Di,0,0.025,0.0264,dev
A0A316Q414,glyglycine,Mono,0,0.0078,0.0167,dev
A0A316Q414,glyglycine,Tri,0,0.1069,0.0758,dev
A0A316Q414,histidine,Di,0,0.0006,0.0069,dev
A0A316Q414,histidine,Mono,0,0.0005,0.0069,dev
A0A316Q414,histidine,Tri,0,0.003,0.0096,dev
A0A316Q414,lysine,Di,0,0.1767,0.1317,dev
A0A316Q414,lysine,Mono,0,0.0183,0.0264,dev
A0A316Q414,lysine,Tri,0,0.0188,0.0264,dev
A0A316Q414,methionine,Di,0,0.0273,0.0264,dev
A0A316Q414,methionine,Mono,0,0.0123,0.0264,dev
A0A316Q414,methionine,Tri,0,0.0559,0.0679,dev
A0A316Q414,ornithine,Di,0,0.0314,0.0264,dev
A0A316Q414,ornithine,Mono,0,0.0078,0.0167,dev
A0A316Q414,ornithine,Tri,0,0.0178,0.0264,dev
A0A316Q414,phenylalanine,Di,1,0.9517,0.7921,dev
A0A316Q414,phenylalanine,Mono,0,0.1012,0.0758,dev
A0A316Q414,phenylalanine,Tri,1,0.9853,0.8343,dev
A0A316Q414,proline,Di,0,0.0015,0.0096,dev
A0A316Q414,proline,Mono,0,0.0009,0.0069,dev
A0A316Q414,proline,Tri,0,0.0108,0.0264,dev
A0A316Q414,putrescine,Di,0,0.003,0.0096,dev
A0A316Q414,putrescine,Mono,0,0.0009,0.0069,dev
A0A316Q414,putrescine,Tri,0,0.0093,0.0179,dev
A0A316Q414,serine,Di,0,0.2059,0.1317,dev
A0A316Q414,serine,Mono,0,0.3345,0.2642,dev
A0A316Q414,serine,Tri,0,0.1671,0.1192,dev
A0A316Q414,serotonin,Di,0,0.0007,0.0069,dev
A0A316Q414,serotonin,Mono,0,0.0062,0.0157,dev
A0A316Q414,serotonin,Tri,0,0.0032,0.0096,dev
A0A316Q414,threonine,Di,0,0.0082,0.0167,dev
A0A316Q414,threonine,Mono,0,0.0484,0.0679,dev
A0A316Q414,threonine,Tri,0,0.0027,0.0096,dev
A0A316Q414,tryptamine,Di,0,0.0006,0.0069,dev
A0A316Q414,tryptamine,Mono,0,0.0001,0.0058,dev
A0A316Q414,tryptamine,Tri,0,0.0027,0.0096,dev
A0A316Q414,tyramine,Di,0,0.0087,0.0179,dev
A0A316Q414,tyramine,Mono,0,0.1216,0.0781,dev
A0A316Q414,tyramine,Tri,0,0.0394,0.046,dev
A0A316R4M9,"2,3_diaminopropionic acid",Di,0,0.0221,0.0264,test
A0A316R4M9,"2,3_diaminopropionic acid",Mono,0,0.0078,0.0167,test
A0A316R4M9,"2,3_diaminopropionic acid",Tri,1,0.3136,0.22,test
A0A316R4M9,2_aminophenol,Di,1,0.4511,0.37,test
A0A316R4M9,2_aminophenol,Mono,0,0.046,0.0679,test
A0A316R4M9,2_aminophenol,Tri,1,0.7275,0.7234,test
A0A316R4M9,3_methoxytyramine,Di,0,0.0048,0.0097,test
A0A316R4M9,3_methoxytyramine,Mono,0,0.0004,0.0069,test
A0A316R4M9,3_methoxytyramine,Tri,0,0.0106,0.0264,test
A0A316R4M9,alanine,Di,1,0.9656,0.8273,test
A0A316R4M9,alanine,Mono,1,0.876,0.7547,test
A0A316R4M9,alanine,Tri,1,0.4147,0.37,test
A0A316R4M9,arginine,Di,0,0.0003,0.0069,test
A0A316R4M9,arginine,Mono,0,0.0,0.0058,test
A0A316R4M9,arginine,Tri,0,0.0006,0.0069,test
A0A316R4M9,asparagine,Di,0,0.0181,0.0264,test
A0A316R4M9,asparagine,Mono,0,0.0114,0.0264,test
A0A316R4M9,asparagine,Tri,1,0.9262,0.7921,test
A0A316R4M9,cadaverine,Di,0,0.0006,0.0069,test
A0A316R4M9,cadaverine,Mono,0,0.0002,0.0069,test
A0A316R4M9,cadaverine,Tri,0,0.0016,0.0096,test
A0A316R4M9,citrulline,Di,0,0.0014,0.0096,test
A0A316R4M9,citrulline,Mono,0,0.0002,0.0069,test
A0A316R4M9,citrulline,Tri,0,0.0008,0.0069,test
A0A316R4M9,cystine,Di,0,0.0023,0.0096,test
A0A316R4M9,cystine,Mono,0,0.0004,0.0069,test
A0A316R4M9,cystine,Tri,0,0.0043,0.0096,test
A0A316R4M9,dopamine,Di,0,0.0295,0.0264,test
A0A316R4M9,dopamine,Mono,0,0.008,0.0167,test
A0A316R4M9,dopamine,Tri,0,0.8883,0.7547,test
A0A316R4M9,gaba,Di,1,0.9764,0.8343,test
A0A316R4M9,gaba,Mono,1,0.9452,0.7921,test
A0A316R4M9,gaba,Tri,1,0.9892,0.8873,test
A0A316R4M9,glutamine,Di,0,0.0128,0.0264,test
A0A316R4M9,glutamine,Mono,0,0.0068,0.0157,test
A0A316R4M9,glutamine,Tri,0,0.0171,0.0264,test
A0A316R4M9,glyglycine,Di,0,0.0119,0.0264,test
A0A316R4M9,glyglycine,Mono,0,0.0045,0.0096,test
A0A316R4M9,glyglycine,Tri,0,0.0484,0.0679,test
A0A316R4M9,histidine,Di,0,0.0006,0.0069,test
A0A316R4M9,histidine,Mono,0,0.0004,0.0069,test
A0A316R4M9,histidine,Tri,0,0.0021,0.0096,test
A0A316R4M9,lysine,Di,1,0.0607,0.0679,test
A0A316R4M9,lysine,Mono,0,0.0027,0.0096,test
A0A316R4M9,lysine,Tri,0,0.005,0.0097,test
A0A316R4M9,methionine,Di,0,0.0076,0.0167,test
A0A316R4M9,methionine,Mono,1,0.0033,0.0096,test
A0A316R4M9,methionine,Tri,1,0.0201,0.0264,test
A0A316R4M9,ornithine,Di,0,0.0119,0.0264,test
A0A316R4M9,ornithine,Mono,0,0.0014,0.0096,test
A0A316R4M9,ornithine,Tri,0,0.0043,0.0096,test
A0A316R4M9,phenylalanine,Di,1,0.9693,0.8273,test
A0A316R4M9,phenylalanine,Mono,1,0.1557,0.1192,test
A0A316R4M9,phenylalanine,Tri,1,0.984,0.8343,test
A0A316R4M9,proline,Di,0,0.0004,0.0069,test
A0A316R4M9,proline,Mono,0,0.0002,0.0069,test
A0A316R4M9,proline,Tri,0,0.0068,0.0157,test
A0A316R4M9,putrescine,Di,0,0.001,0.0096,test
A0A316R4M9,putrescine,Mono,0,0.0003,0.0069,test
A0A316R4M9,putrescine,Tri,0,0.0029,0.0096,test
A0A316R4M9,serine,Di,1,0.0923,0.0758,test
A0A316R4M9,serine,Mono,1,0.2026,0.1317,test
A0A316R4M9,serine,Tri,0,0.0787,0.0679,test
A0A316R4M9,serotonin,Di,0,0.0003,0.0069,test
A0A316R4M9,serotonin,Mono,0,0.0027,0.0096,test
A0A316R4M9,serotonin,Tri,0,0.0015,0.0096,test
A0A316R4M9,threonine,Di,0,0.0032,0.0096,test
A0A316R4M9,threonine,Mono,1,0.0142,0.0264,test
A0A316R4M9,threonine,Tri,0,0.0012,0.0096,test
A0A316R4M9,tryptamine,Di,0,0.0002,0.0069,test
A0A316R4M9,tryptamine,Mono,0,0.0001,0.0058,test
A0A316R4M9,tryptamine,Tri,0,0.001,0.0096,test
A0A316R4M9,tyramine,Di,0,0.0065,0.0157,test
A0A316R4M9,tyramine,Mono,1,0.0609,0.0679,test
A0A316R4M9,tyramine,Tri,0,0.0281,0.0264,test
A0A317T5Z6,"2,3_diaminopropionic acid",Di,0,0.0331,0.0264,dev
A0A317T5Z6,"2,3_diaminopropionic acid",Mono,0,0.0027,0.0096,dev
A0A317T5Z6,"2,3_diaminopropionic acid",Tri,0,0.4363,0.37,dev
A0A317T5Z6,2_aminophenol,Di,0,0.4157,0.37,dev
A0A317T5Z6,2_aminophenol,Mono,0,0.0107,0.0264,dev
A0A317T5Z6,2_aminophenol,Tri,0,0.604,0.566,dev
A0A317T5Z6,3_methoxytyramine,Di,0,0.0206,0.0264,dev
A0A317T5Z6,3_methoxytyramine,Mono,0,0.0004,0.0069,dev
A0A317T5Z6,3_methoxytyramine,Tri,0,0.028,0.0264,dev
A0A317T5Z6,alanine,Di,0,0.9869,0.8343,dev
A0A317T5Z6,alanine,Mono,0,0.7651,0.7234,dev
A0A317T5Z6,alanine,Tri,0,0.2743,0.1867,dev
A0A317T5Z6,arginine,Di,0,0.0004,0.0069,dev
A0A317T5Z6,arginine,Mono,0,0.0,0.0,dev
A0A317T5Z6,arginine,Tri,0,0.0016,0.0096,dev
A0A317T5Z6,asparagine,Di,0,0.0501,0.0679,dev
A0A317T5Z6,asparagine,Mono,0,0.0095,0.0179,dev
A0A317T5Z6,asparagine,Tri,0,0.9513,0.7921,dev
A0A317T5Z6,cadaverine,Di,0,0.0008,0.0069,dev
A0A317T5Z6,cadaverine,Mono,0,0.0001,0.0058,dev
A0A317T5Z6,cadaverine,Tri,0,0.0039,0.0096,dev
A0A317T5Z6,citrulline,Di,0,0.0013,0.0096,dev
A0A317T5Z6,citrulline,Mono,0,0.0001,0.0058,dev
A0A317T5Z6,citrulline,Tri,0,0.0017,0.0096,dev
A0A317T5Z6,cystine,Di,0,0.0028,0.0096,dev
A0A317T5Z6,cystine,Mono,0,0.0001,0.0058,dev
A0A317T5Z6,cystine,Tri,0,0.0073,0.0167,dev
A0A317T5Z6,dopamine,Di,0,0.124,0.0781,dev
A0A317T5Z6,dopamine,Mono,0,0.008,0.0167,dev
A0A317T5Z6,dopamine,Tri,0,0.9507,0.7921,dev
A0A317T5Z6,gaba,Di,0,0.9504,0.7921,dev
A0A317T5Z6,gaba,Mono,0,0.7071,0.6364,dev
A0A317T5Z6,gaba,Tri,0,0.9781,0.8343,dev
A0A317T5Z6,glutamine,Di,0,0.0094,0.0179,dev
A0A317T5Z6,glutamine,Mono,0,0.0018,0.0096,dev
A0A317T5Z6,glutamine,Tri,0,0.0174,0.0264,dev
A0A317T5Z6,glyglycine,Di,0,0.0198,0.0264,dev
A0A317T5Z6,glyglycine,Mono,0,0.0016,0.0096,dev
A0A317T5Z6,glyglycine,Tri,0,0.0853,0.0758,dev
A0A317T5Z6,histidine,Di,0,0.0008,0.0069,dev
A0A317T5Z6,histidine,Mono,0,0.0002,0.0069,dev
A0A317T5Z6,histidine,Tri,0,0.0056,0.0157,dev
A0A317T5Z6,lysine,Di,0,0.0238,0.0264,dev
A0A317T5Z6,lysine,Mono,0,0.0006,0.0069,dev
A0A317T5Z6,lysine,Tri,0,0.0055,0.0157,dev
A0A317T5Z6,methionine,Di,0,0.0046,0.0097,dev
A0A317T5Z6,methionine,Mono,0,0.0005,0.0069,dev
A0A317T5Z6,methionine,Tri,0,0.0092,0.0179,dev
A0A317T5Z6,ornithine,Di,0,0.0147,0.0264,dev
A0A317T5Z6,ornithine,Mono,0,0.0006,0.0069,dev
A0A317T5Z6,ornithine,Tri,0,0.0075,0.0167,dev
A0A317T5Z6,phenylalanine,Di,0,0.9629,0.7921,dev
A0A317T5Z6,phenylalanine,Mono,0,0.0577,0.0679,dev
A0A317T5Z6,phenylalanine,Tri,0,0.9871,0.8343,dev
A0A317T5Z6,proline,Di,0,0.0011,0.0096,dev
A0A317T5Z6,proline,Mono,0,0.0002,0.0069,dev
A0A317T5Z6,proline,Tri,0,0.0148,0.0264,dev
A0A317T5Z6,putrescine,Di,0,0.0015,0.0096,dev
A0A317T5Z6,putrescine,Mono,0,0.0001,0.0058,dev
A0A317T5Z6,putrescine,Tri,0,0.0071,0.0157,dev
A0A317T5Z6,serine,Di,0,0.0445,0.0679,dev
A0A317T5Z6,serine,Mono,0,0.0353,0.046,dev
A0A317T5Z6,serine,Tri,0,0.0587,0.0679,dev
A0A317T5Z6,serotonin,Di,0,0.0004,0.0069,dev
A0A317T5Z6,serotonin,Mono,0,0.002,0.0096,dev
A0A317T5Z6,serotonin,Tri,0,0.0019,0.0096,dev
A0A317T5Z6,threonine,Di,0,0.0031,0.0096,dev
A0A317T5Z6,threonine,Mono,0,0.0033,0.0096,dev
A0A317T5Z6,threonine,Tri,0,0.0008,0.0069,dev
A0A317T5Z6,tryptamine,Di,0,0.0004,0.0069,dev
A0A317T5Z6,tryptamine,Mono,0,0.0,0.0,dev
A0A317T5Z6,tryptamine,Tri,0,0.0022,0.0096,dev
A0A317T5Z6,tyramine,Di,0,0.0056,0.0157,dev
A0A317T5Z6,tyramine,Mono,0,0.0328,0.0264,dev
A0A317T5Z6,tyramine,Tri,0,0.024,0.0264,dev
A0A349QN89,"2,3_diaminopropionic acid",Di,0,0.3164,0.22,dev
A0A349QN89,"2,3_diaminopropionic acid",Mono,0,0.1461,0.1192,dev
A0A349QN89,"2,3_diaminopropionic acid",Tri,1,0.8033,0.7547,dev
A0A349QN89,2_aminophenol,Di,1,0.8704,0.7547,dev
A0A349QN89,2_aminophenol,Mono,0,0.395,0.2642,dev
A0A349QN89,2_aminophenol,Tri,1,0.925,0.7921,dev
A0A349QN89,3_methoxytyramine,Di,0,0.1229,0.0781,dev
A0A349QN89,3_methoxytyramine,Mono,0,0.0125,0.0264,dev
A0A349QN89,3_methoxytyramine,Tri,0,0.1156,0.0758,dev
A0A349QN89,alanine,Di,1,0.9931,0.8962,dev
A0A349QN89,alanine,Mono,1,0.9769,0.8343,dev
A0A349QN89,alanine,Tri,1,0.9049,0.7921,dev
A0A349QN89,arginine,Di,0,0.0151,0.0264,dev
A0A349QN89,arginine,Mono,0,0.0061,0.0157,dev
A0A349QN89,arginine,Tri,0,0.028,0.0264,dev
A0A349QN89,asparagine,Di,0,0.2357,0.1466,dev
A0A349QN89,asparagine,Mono,0,0.1272,0.0781,dev
A0A349QN89,asparagine,Tri,1,0.9618,0.7921,dev
A0A349QN89,cadaverine,Di,0,0.0154,0.0264,dev
A0A349QN89,cadaverine,Mono,0,0.0063,0.0157,dev
A0A349QN89,cadaverine,Tri,0,0.0348,0.046,dev
A0A349QN89,citrulline,Di,0,0.0852,0.0758,dev
A0A349QN89,citrulline,Mono,0,0.0269,0.0264,dev
A0A349QN89,citrulline,Tri,0,0.0494,0.0679,dev
A0A349QN89,cystine,Di,0,0.0325,0.0264,dev
A0A349QN89,cystine,Mono,0,0.0069,0.0157,dev
A0A349QN89,cystine,Tri,0,0.0342,0.0264,dev
A0A349QN89,dopamine,Di,0,0.2959,0.1867,dev
A0A349QN89,dopamine,Mono,0,0.0744,0.0679,dev
A0A349QN89,dopamine,Tri,1,0.9423,0.7921,dev
A0A349QN89,gaba,Di,1,0.9947,0.8962,dev
A0A349QN89,gaba,Mono,1,0.9897,0.8873,dev
A0A349QN89,gaba,Tri,1,0.9963,0.9,dev
A0A349QN89,glutamine,Di,0,0.3065,0.22,dev
A0A349QN89,glutamine,Mono,0,0.2118,0.1317,dev
A0A349QN89,glutamine,Tri,0,0.3086,0.22,dev
A0A349QN89,glyglycine,Di,0,0.0802,0.0679,dev
A0A349QN89,glyglycine,Mono,0,0.0361,0.046,dev
A0A349QN89,glyglycine,Tri,1,0.1428,0.1192,dev
A0A349QN89,histidine,Di,0,0.0044,0.0096,dev
A0A349QN89,histidine,Mono,0,0.0043,0.0096,dev
A0A349QN89,histidine,Tri,0,0.0107,0.0264,dev
A0A349QN89,lysine,Di,1,0.5739,0.566,dev
A0A349QN89,lysine,Mono,0,0.2024,0.1317,dev
A0A349QN89,lysine,Tri,0,0.2132,0.1317,dev
A0A349QN89,methionine,Di,0,0.3489,0.2642,dev
A0A349QN89,methionine,Mono,0,0.1911,0.1317,dev
A0A349QN89,methionine,Tri,1,0.4156,0.37,dev
A0A349QN89,ornithine,Di,0,0.2522,0.1466,dev
A0A349QN89,ornithine,Mono,0,0.0914,0.0758,dev
A0A349QN89,ornithine,Tri,0,0.1189,0.0758,dev
A0A349QN89,phenylalanine,Di,1,0.986,0.8343,dev
A0A349QN89,phenylalanine,Mono,0,0.4949,0.4048,dev
A0A349QN89,phenylalanine,Tri,1,0.9926,0.8962,dev
A0A349QN89,proline,Di,0,0.0102,0.0179,dev
A0A349QN89,proline,Mono,0,0.0068,0.0157,dev
A0A349QN89,proline,Tri,0,0.0599,0.0679,dev
A0A349QN89,putrescine,Di,0,0.0188,0.0264,dev
A0A349QN89,putrescine,Mono,0,0.0074,0.0167,dev
A0A349QN89,putrescine,Tri,0,0.0426,0.0679,dev
A0A349QN89,serine,Di,1,0.5345,0.4048,dev
A0A349QN89,serine,Mono,1,0.7299,0.7234,dev
A0A349QN89,serine,Tri,0,0.471,0.37,dev
A0A349QN89,serotonin,Di,0,0.0062,0.0157,dev
A0A349QN89,serotonin,Mono,0,0.0341,0.0264,dev
A0A349QN89,serotonin,Tri,0,0.0095,0.0179,dev
A0A349QN89,threonine,Di,0,0.1194,0.0758,dev
A0A349QN89,threonine,Mono,0,0.4792,0.37,dev
A0A349QN89,threonine,Tri,0,0.059,0.0679,dev
A0A349QN89,tryptamine,Di,0,0.0022,0.0096,dev
A0A349QN89,tryptamine,Mono,0,0.0006,0.0069,dev
A0A349QN89,tryptamine,Tri,0,0.0058,0.0157,dev
A0A349QN89,tyramine,Di,0,0.0717,0.0679,dev
A0A349QN89,tyramine,Mono,0,0.3777,0.2642,dev
A0A349QN89,tyramine,Tri,0,0.1348,0.1192,dev
A0A350RPF7,"2,3_diaminopropionic acid",Di,0,0.0716,0.0679,dev
A0A350RPF7,"2,3_diaminopropionic acid",Mono,0,0.044,0.0679,dev
A0A350RPF7,"2,3_diaminopropionic acid",Tri,1,0.6417,0.5862,dev
A0A350RPF7,2_aminophenol,Di,1,0.4857,0.37,dev
A0A350RPF7,2_aminophenol,Mono,0,0.116,0.0758,dev
A0A350RPF7,2_aminophenol,Tri,1,0.8048,0.7547,dev
A0A350RPF7,3_methoxytyramine,Di,0,0.0135,0.0264,dev
A0A350RPF7,3_methoxytyramine,Mono,0,0.0016,0.0096,dev
A0A350RPF7,3_methoxytyramine,Tri,0,0.0253,0.0264,dev
A0A350RPF7,alanine,Di,1,0.9806,0.8343,dev
A0A350RPF7,alanine,Mono,1,0.9495,0.7921,dev
A0A350RPF7,alanine,Tri,1,0.4737,0.37,dev
A0A350RPF7,arginine,Di,0,0.0013,0.0096,dev
A0A350RPF7,arginine,Mono,0,0.0006,0.0069,dev
A0A350RPF7,arginine,Tri,0,0.0041,0.0096,dev
A0A350RPF7,asparagine,Di,0,0.0441,0.0679,dev
A0A350RPF7,asparagine,Mono,0,0.0419,0.0526,dev
A0A350RPF7,asparagine,Tri,1,0.9461,0.7921,dev
A0A350RPF7,cadaverine,Di,0,0.0027,0.0096,dev
A0A350RPF7,cadaverine,Mono,0,0.0017,0.0096,dev
A0A350RPF7,cadaverine,Tri,0,0.0143,0.0264,dev
A0A350RPF7,citrulline,Di,0,0.0107,0.0264,dev
A0A350RPF7,citrulline,Mono,0,0.0029,0.0096,dev
A0A350RPF7,citrulline,Tri,0,0.0124,0.0264,dev
A0A350RPF7,cystine,Di,0,0.0037,0.0096,dev
A0A350RPF7,cystine,Mono,0,0.0011,0.0096,dev
A0A350RPF7,cystine,Tri,0,0.01,0.0179,dev
A0A350RPF7,dopamine,Di,0,0.0887,0.0758,dev
A0A350RPF7,dopamine,Mono,0,0.0312,0.0264,dev
A0A350RPF7,dopamine,Tri,1,0.9174,0.7921,dev
A0A350RPF7,gaba,Di,1,0.9869,0.8343,dev
A0A350RPF7,gaba,Mono,1,0.9866,0.8343,dev
A0A350RPF7,gaba,Tri,1,0.9943,0.8962,dev
A0A350RPF7,glutamine,Di,0,0.0155,0.0264,dev
A0A350RPF7,glutamine,Mono,0,0.016,0.0264,dev
A0A350RPF7,glutamine,Tri,0,0.0324,0.0264,dev
A0A350RPF7,glyglycine,Di,0,0.03,0.0264,dev
A0A350RPF7,glyglycine,Mono,0,0.0187,0.0264,dev
A0A350RPF7,glyglycine,Tri,1,0.1314,0.1192,dev
A0A350RPF7,histidine,Di,0,0.0006,0.0069,dev
A0A350RPF7,histidine,Mono,0,0.0005,0.0069,dev
A0A350RPF7,histidine,Tri,0,0.0033,0.0096,dev
A0A350RPF7,lysine,Di,1,0.2203,0.1466,dev
A0A350RPF7,lysine,Mono,0,0.0375,0.046,dev
A0A350RPF7,lysine,Tri,0,0.0376,0.046,dev
A0A350RPF7,methionine,Di,0,0.0391,0.046,dev
A0A350RPF7,methionine,Mono,0,0.0215,0.0264,dev
A0A350RPF7,methionine,Tri,1,0.0783,0.0679,dev
A0A350RPF7,ornithine,Di,0,0.0239,0.0264,dev
A0A350RPF7,ornithine,Mono,0,0.0081,0.0167,dev
A0A350RPF7,ornithine,Tri,0,0.012,0.0264,dev
A0A350RPF7,phenylalanine,Di,1,0.9608,0.7921,dev
A0A350RPF7,phenylalanine,Mono,0,0.1388,0.1192,dev
A0A350RPF7,phenylalanine,Tri,1,0.9882,0.8873,dev
A0A350RPF7,proline,Di,0,0.0021,0.0096,dev
A0A350RPF7,proline,Mono,0,0.0034,0.0096,dev
A0A350RPF7,proline,Tri,0,0.0229,0.0264,dev
A0A350RPF7,putrescine,Di,0,0.0041,0.0096,dev
A0A350RPF7,putrescine,Mono,0,0.0024,0.0096,dev
A0A350RPF7,putrescine,Tri,0,0.0214,0.0264,dev
A0A350RPF7,serine,Di,1,0.1365,0.1192,dev
A0A350RPF7,serine,Mono,1,0.4662,0.37,dev
A0A350RPF7,serine,Tri,1,0.1471,0.1192,dev
A0A350RPF7,serotonin,Di,0,0.001,0.0096,dev
A0A350RPF7,serotonin,Mono,0,0.0094,0.0179,dev
A0A350RPF7,serotonin,Tri,0,0.0058,0.0157,dev
A0A350RPF7,threonine,Di,0,0.0078,0.0167,dev
A0A350RPF7,threonine,Mono,1,0.05,0.0679,dev
A0A350RPF7,threonine,Tri,0,0.0058,0.0157,dev
A0A350RPF7,tryptamine,Di,0,0.0006,0.0069,dev
A0A350RPF7,tryptamine,Mono,0,0.0003,0.0069,dev
A0A350RPF7,tryptamine,Tri,0,0.0039,0.0096,dev
A0A350RPF7,tyramine,Di,0,0.0111,0.0264,dev
A0A350RPF7,tyramine,Mono,1,0.1749,0.1317,dev
A0A350RPF7,tyramine,Tri,0,0.0667,0.0679,dev
A0A350THC0,"2,3_diaminopropionic acid",Di,0,0.0108,0.0264,test
A0A350THC0,"2,3_diaminopropionic acid",Mono,0,0.0031,0.0096,test
A0A350THC0,"2,3_diaminopropionic acid",Tri,1,0.2079,0.1317,test
A0A350THC0,2_aminophenol,Di,1,0.3647,0.2642,test
A0A350THC0,2_aminophenol,Mono,0,0.0245,0.0264,test
A0A350THC0,2_aminophenol,Tri,1,0.5565,0.4048,test
A0A350THC0,3_methoxytyramine,Di,0,0.005,0.0097,test
A0A350THC0,3_methoxytyramine,Mono,0,0.0003,0.0069,test
A0A350THC0,3_methoxytyramine,Tri,0,0.0061,0.0157,test
A0A350THC0,alanine,Di,1,0.9216,0.7921,test
A0A350THC0,alanine,Mono,1,0.7091,0.6364,test
A0A350THC0,alanine,Tri,1,0.2345,0.1466,test
A0A350THC0,arginine,Di,0,0.0003,0.0069,test
A0A350THC0,arginine,Mono,0,0.0,0.0,test
A0A350THC0,arginine,Tri,0,0.0006,0.0069,test
A0A350THC0,asparagine,Di,0,0.0164,0.0264,test
A0A350THC0,asparagine,Mono,0,0.0068,0.0157,test
A0A350THC0,asparagine,Tri,1,0.8719,0.7547,test
A0A350THC0,cadaverine,Di,0,0.0005,0.0069,test
A0A350THC0,cadaverine,Mono,0,0.0001,0.0058,test
A0A350THC0,cadaverine,Tri,0,0.0012,0.0096,test
A0A350THC0,citrulline,Di,0,0.0019,0.0096,test
A0A350THC0,citrulline,Mono,0,0.0002,0.0069,test
A0A350THC0,citrulline,Tri,0,0.0009,0.0069,test
A0A350THC0,cystine,Di,0,0.0015,0.0096,test
A0A350THC0,cystine,Mono,0,0.0002,0.0069,test
A0A350THC0,cystine,Tri,0,0.0022,0.0096,test
A0A350THC0,dopamine,Di,0,0.0353,0.046,test
A0A350THC0,dopamine,Mono,0,0.0052,0.0157,test
A0A350THC0,dopamine,Tri,1,0.8032,0.7547,test
A0A350THC0,gaba,Di,1,0.907,0.7921,test
A0A350THC0,gaba,Mono,1,0.746,0.7234,test
A0A350THC0,gaba,Tri,1,0.9456,0.7921,test
A0A350THC0,glutamine,Di,0,0.0232,0.0264,test
A0A350THC0,glutamine,Mono,1,0.0087,0.0179,test
A0A350THC0,glutamine,Tri,0,0.0158,0.0264,test
A0A350THC0,glyglycine,Di,0,0.0104,0.0179,test
A0A350THC0,glyglycine,Mono,0,0.0032,0.0096,test
A0A350THC0,glyglycine,Tri,0,0.0307,0.0264,test
A0A350THC0,histidine,Di,0,0.0004,0.0069,test
A0A350THC0,histidine,Mono,0,0.0002,0.0069,test
A0A350THC0,histidine,Tri,0,0.0015,0.0096,test
A0A350THC0,lysine,Di,1,0.0436,0.0679,test
A0A350THC0,lysine,Mono,0,0.0021,0.0096,test
A0A350THC0,lysine,Tri,0,0.0038,0.0096,test
A0A350THC0,methionine,Di,0,0.0045,0.0096,test
A0A350THC0,methionine,Mono,0,0.0017,0.0096,test
A0A350THC0,methionine,Tri,1,0.0053,0.0157,test
A0A350THC0,ornithine,Di,0,0.0124,0.0264,test
A0A350THC0,ornithine,Mono,0,0.0012,0.0096,test
A0A350THC0,ornithine,Tri,0,0.0035,0.0096,test
A0A350THC0,phenylalanine,Di,1,0.9394,0.7921,test
A0A350THC0,phenylalanine,Mono,0,0.0792,0.0679,test
A0A350THC0,phenylalanine,Tri,1,0.965,0.8273,test
A0A350THC0,proline,Di,0,0.0004,0.0069,test
A0A350THC0,proline,Mono,0,0.0002,0.0069,test
A0A350THC0,proline,Tri,0,0.0062,0.0157,test
A0A350THC0,putrescine,Di,0,0.0008,0.0069,test
A0A350THC0,putrescine,Mono,0,0.0002,0.0069,test
A0A350THC0,putrescine,Tri,0,0.002,0.0096,test
A0A350THC0,serine,Di,1,0.0428,0.0679,test
A0A350THC0,serine,Mono,1,0.1687,0.1317,test
A0A350THC0,serine,Tri,0,0.0346,0.046,test
A0A350THC0,serotonin,Di,0,0.0002,0.0069,test
A0A350THC0,serotonin,Mono,0,0.0023,0.0096,test
A0A350THC0,serotonin,Tri,0,0.0007,0.0069,test
A0A350THC0,threonine,Di,0,0.002,0.0096,test
A0A350THC0,threonine,Mono,1,0.016,0.0264,test
A0A350THC0,threonine,Tri,0,0.0005,0.0069,test
A0A350THC0,tryptamine,Di,0,0.0002,0.0069,test
A0A350THC0,tryptamine,Mono,0,0.0,0.0,test
A0A350THC0,tryptamine,Tri,0,0.0007,0.0069,test
A0A350THC0,tyramine,Di,0,0.0026,0.0096,test
A0A350THC0,tyramine,Mono,0,0.0509,0.0679,test
A0A350THC0,tyramine,Tri,0,0.0088,0.0179,test
A0A357TLK7,"2,3_diaminopropionic acid",Di,0,0.0108,0.0264,dev
A0A357TLK7,"2,3_diaminopropionic acid",Mono,0,0.0015,0.0096,dev
A0A357TLK7,"2,3_diaminopropionic acid",Tri,0,0.1023,0.0758,dev
A0A357TLK7,2_aminophenol,Di,0,0.0671,0.0679,dev
A0A357TLK7,2_aminophenol,Mono,0,0.0021,0.0096,dev
A0A357TLK7,2_aminophenol,Tri,0,0.1415,0.1192,dev
A0A357TLK7,3_methoxytyramine,Di,0,0.0173,0.0264,dev
A0A357TLK7,3_methoxytyramine,Mono,0,0.0005,0.0069,dev
A0A357TLK7,3_methoxytyramine,Tri,0,0.0238,0.0264,dev
A0A357TLK7,alanine,Di,1,0.988,0.8873,dev
A0A357TLK7,alanine,Mono,0,0.8652,0.7547,dev
A0A357TLK7,alanine,Tri,0,0.1896,0.1317,dev
A0A357TLK7,arginine,Di,0,0.0002,0.0069,dev
A0A357TLK7,arginine,Mono,0,0.0,0.0,dev
A0A357TLK7,arginine,Tri,0,0.0004,0.0069,dev
A0A357TLK7,asparagine,Di,0,0.0747,0.0679,dev
A0A357TLK7,asparagine,Mono,0,0.0219,0.0264,dev
A0A357TLK7,asparagine,Tri,1,0.9821,0.8343,dev
A0A357TLK7,cadaverine,Di,0,0.0005,0.0069,dev
A0A357TLK7,cadaverine,Mono,0,0.0001,0.0058,dev
A0A357TLK7,cadaverine,Tri,0,0.002,0.0096,dev
A0A357TLK7,citrulline,Di,0,0.0007,0.0069,dev
A0A357TLK7,citrulline,Mono,0,0.0001,0.0058,dev
A0A357TLK7,citrulline,Tri,0,0.0006,0.0069,dev
A0A357TLK7,cystine,Di,0,0.0014,0.0096,dev
A0A357TLK7,cystine,Mono,0,0.0001,0.0058,dev
A0A357TLK7,cystine,Tri,0,0.0025,0.0096,dev
A0A357TLK7,dopamine,Di,0,0.1185,0.0758,dev
A0A357TLK7,dopamine,Mono,0,0.0103,0.0179,dev
A0A357TLK7,dopamine,Tri,1,0.9607,0.7921,dev
A0A357TLK7,gaba,Di,1,0.9978,1.0,dev
A0A357TLK7,gaba,Mono,1,0.9923,0.8962,dev
A0A357TLK7,gaba,Tri,1,0.9988,1.0,dev
A0A357TLK7,glutamine,Di,0,0.0065,0.0157,dev
A0A357TLK7,glutamine,Mono,0,0.0029,0.0096,dev
A0A357TLK7,glutamine,Tri,0,0.0088,0.0179,dev
A0A357TLK7,glyglycine,Di,0,0.006,0.0157,dev
A0A357TLK7,glyglycine,Mono,0,0.0009,0.0069,dev
A0A357TLK7,glyglycine,Tri,0,0.0155,0.0264,dev
A0A357TLK7,histidine,Di,0,0.0008,0.0069,dev
A0A357TLK7,histidine,Mono,0,0.0002,0.0069,dev
A0A357TLK7,histidine,Tri,0,0.0032,0.0096,dev
A0A357TLK7,lysine,Di,0,0.0078,0.0167,dev
A0A357TLK7,lysine,Mono,0,0.0005,0.0069,dev
A0A357TLK7,lysine,Tri,0,0.002,0.0096,dev
A0A357TLK7,methionine,Di,0,0.0009,0.0069,dev
A0A357TLK7,methionine,Mono,0,0.0002,0.0069,dev
A0A357TLK7,methionine,Tri,0,0.0015,0.0096,dev
A0A357TLK7,ornithine,Di,0,0.0074,0.0167,dev
A0A357TLK7,ornithine,Mono,0,0.0008,0.0069,dev
A0A357TLK7,ornithine,Tri,0,0.0038,0.0096,dev
A0A357TLK7,phenylalanine,Di,1,0.9906,0.8873,dev
A0A357TLK7,phenylalanine,Mono,0,0.0695,0.0679,dev
A0A357TLK7,phenylalanine,Tri,1,0.9959,0.9,dev
A0A357TLK7,proline,Di,0,0.0008,0.0069,dev
A0A357TLK7,proline,Mono,0,0.0002,0.0069,dev
A0A357TLK7,proline,Tri,0,0.0082,0.0167,dev
A0A357TLK7,putrescine,Di,0,0.0008,0.0069,dev
A0A357TLK7,putrescine,Mono,0,0.0001,0.0058,dev
A0A357TLK7,putrescine,Tri,0,0.0032,0.0096,dev
A0A357TLK7,serine,Di,0,0.0159,0.0264,dev
A0A357TLK7,serine,Mono,0,0.0168,0.0264,dev
A0A357TLK7,serine,Tri,0,0.0255,0.0264,dev
A0A357TLK7,serotonin,Di,0,0.0004,0.0069,dev
A0A357TLK7,serotonin,Mono,0,0.0028,0.0096,dev
A0A357TLK7,serotonin,Tri,0,0.0015,0.0096,dev
A0A357TLK7,threonine,Di,0,0.0011,0.0096,dev
A0A357TLK7,threonine,Mono,0,0.0027,0.0096,dev
A0A357TLK7,threonine,Tri,0,0.0003,0.0069,dev
A0A357TLK7,tryptamine,Di,0,0.0003,0.0069,dev
A0A357TLK7,tryptamine,Mono,0,0.0,0.0,dev
A0A357TLK7,tryptamine,Tri,0,0.0015,0.0096,dev
A0A357TLK7,tyramine,Di,0,0.0034,0.0096,dev
A0A357TLK7,tyramine,Mono,0,0.0273,0.0264,dev
A0A357TLK7,tyramine,Tri,0,0.0125,0.0264,dev
A0A357TN00,"2,3_diaminopropionic acid",Di,0,0.1114,0.0758,dev
A0A357TN00,"2,3_diaminopropionic acid",Mono,0,0.0626,0.0679,dev
A0A357TN00,"2,3_diaminopropionic acid",Tri,1,0.7081,0.6364,dev
A0A357TN00,2_aminophenol,Di,1,0.7477,0.7234,dev
A0A357TN00,2_aminophenol,Mono,0,0.2185,0.1317,dev
A0A357TN00,2_aminophenol,Tri,1,0.9298,0.7921,dev
A0A357TN00,3_methoxytyramine,Di,0,0.0311,0.0264,dev
A0A357TN00,3_methoxytyramine,Mono,0,0.0029,0.0096,dev
A0A357TN00,3_methoxytyramine,Tri,0,0.0439,0.0679,dev
A0A357TN00,alanine,Di,1,0.9859,0.8343,dev
A0A357TN00,alanine,Mono,1,0.9585,0.7921,dev
A0A357TN00,alanine,Tri,1,0.7556,0.7234,dev
A0A357TN00,arginine,Di,0,0.0016,0.0096,dev
A0A357TN00,arginine,Mono,0,0.0008,0.0069,dev
A0A357TN00,arginine,Tri,0,0.0045,0.0096,dev
A0A357TN00,asparagine,Di,0,0.0592,0.0679,dev
A0A357TN00,asparagine,Mono,0,0.0453,0.0679,dev
A0A357TN00,asparagine,Tri,1,0.9654,0.8273,dev
A0A357TN00,cadaverine,Di,0,0.0037,0.0096,dev
A0A357TN00,cadaverine,Mono,0,0.0022,0.0096,dev
A0A357TN00,cadaverine,Tri,0,0.0174,0.0264,dev
A0A357TN00,citrulline,Di,0,0.0074,0.0167,dev
A0A357TN00,citrulline,Mono,0,0.0027,0.0096,dev
A0A357TN00,citrulline,Tri,0,0.0073,0.0167,dev
A0A357TN00,cystine,Di,0,0.0062,0.0157,dev
A0A357TN00,cystine,Mono,0,0.0017,0.0096,dev
A0A357TN00,cystine,Tri,0,0.0182,0.0264,dev
A0A357TN00,dopamine,Di,0,0.1276,0.0781,dev
A0A357TN00,dopamine,Mono,0,0.0378,0.046,dev
A0A357TN00,dopamine,Tri,1,0.9296,0.7921,dev
A0A357TN00,gaba,Di,1,0.9905,0.8873,dev
A0A357TN00,gaba,Mono,1,0.9889,0.8873,dev
A0A357TN00,gaba,Tri,1,0.9965,0.9,dev
A0A357TN00,glutamine,Di,1,0.0186,0.0264,dev
A0A357TN00,glutamine,Mono,1,0.0193,0.0264,dev
A0A357TN00,glutamine,Tri,0,0.0349,0.046,dev
A0A357TN00,glyglycine,Di,0,0.0343,0.0264,dev
A0A357TN00,glyglycine,Mono,0,0.0179,0.0264,dev
A0A357TN00,glyglycine,Tri,0,0.1407,0.1192,dev
A0A357TN00,histidine,Di,0,0.0009,0.0069,dev
A0A357TN00,histidine,Mono,0,0.0007,0.0069,dev
A0A357TN00,histidine,Tri,0,0.0045,0.0096,dev
A0A357TN00,lysine,Di,1,0.3069,0.22,dev
A0A357TN00,lysine,Mono,0,0.0532,0.0679,dev
A0A357TN00,lysine,Tri,0,0.0446,0.0679,dev
A0A357TN00,methionine,Di,0,0.0606,0.0679,dev
A0A357TN00,methionine,Mono,1,0.0353,0.046,dev
A0A357TN00,methionine,Tri,1,0.1127,0.0758,dev
A0A357TN00,ornithine,Di,0,0.0475,0.0679,dev
A0A357TN00,ornithine,Mono,0,0.017,0.0264,dev
A0A357TN00,ornithine,Tri,0,0.0195,0.0264,dev
A0A357TN00,phenylalanine,Di,1,0.9745,0.8273,dev
A0A357TN00,phenylalanine,Mono,1,0.1675,0.1317,dev
A0A357TN00,phenylalanine,Tri,1,0.9918,0.8962,dev
A0A357TN00,proline,Di,0,0.002,0.0096,dev
A0A357TN00,proline,Mono,0,0.0028,0.0096,dev
A0A357TN00,proline,Tri,0,0.0265,0.0264,dev
A0A357TN00,putrescine,Di,0,0.0056,0.0157,dev
A0A357TN00,putrescine,Mono,0,0.0032,0.0096,dev
A0A357TN00,putrescine,Tri,0,0.0266,0.0264,dev
A0A357TN00,serine,Di,1,0.1848,0.1317,dev
A0A357TN00,serine,Mono,1,0.5647,0.5,dev
A0A357TN00,serine,Tri,0,0.1939,0.1317,dev
A0A357TN00,serotonin,Di,0,0.0015,0.0096,dev
A0A357TN00,serotonin,Mono,0,0.0148,0.0264,dev
A0A357TN00,serotonin,Tri,0,0.0075,0.0167,dev
A0A357TN00,threonine,Di,0,0.0129,0.0264,dev
A0A357TN00,threonine,Mono,1,0.0851,0.0758,dev
A0A357TN00,threonine,Tri,0,0.007,0.0157,dev
A0A357TN00,tryptamine,Di,0,0.0009,0.0069,dev
A0A357TN00,tryptamine,Mono,0,0.0003,0.0069,dev
A0A357TN00,tryptamine,Tri,0,0.0047,0.0097,dev
A0A357TN00,tyramine,Di,0,0.017,0.0264,dev
A0A357TN00,tyramine,Mono,1,0.2662,0.1867,dev
A0A357TN00,tyramine,Tri,0,0.0846,0.0741,dev
A0A358VEZ8,"2,3_diaminopropionic acid",Di,0,0.3429,0.2642,dev
A0A358VEZ8,"2,3_diaminopropionic acid",Mono,0,0.1819,0.1317,dev
A0A358VEZ8,"2,3_diaminopropionic acid",Tri,1,0.8605,0.7547,dev
A0A358VEZ8,2_aminophenol,Di,1,0.9063,0.7921,dev
A0A358VEZ8,2_aminophenol,Mono,0,0.4793,0.37,dev
A0A358VEZ8,2_aminophenol,Tri,1,0.9534,0.7921,dev
A0A358VEZ8,3_methoxytyramine,Di,0,0.1106,0.0758,dev
A0A358VEZ8,3_methoxytyramine,Mono,0,0.0123,0.0264,dev
A0A358VEZ8,3_methoxytyramine,Tri,0,0.128,0.0781,dev
A0A358VEZ8,alanine,Di,1,0.9934,0.8962,dev
A0A358VEZ8,alanine,Mono,1,0.9815,0.8343,dev
A0A358VEZ8,alanine,Tri,1,0.9036,0.7921,dev
A0A358VEZ8,arginine,Di,0,0.0152,0.0264,dev
A0A358VEZ8,arginine,Mono,0,0.0072,0.0157,dev
A0A358VEZ8,arginine,Tri,0,0.0274,0.0264,dev
A0A358VEZ8,asparagine,Di,0,0.2871,0.1867,dev
A0A358VEZ8,asparagine,Mono,0,0.2009,0.1317,dev
A0A358VEZ8,asparagine,Tri,1,0.9681,0.8273,dev
A0A358VEZ8,cadaverine,Di,0,0.0188,0.0264,dev
A0A358VEZ8,cadaverine,Mono,0,0.0102,0.0179,dev
A0A358VEZ8,cadaverine,Tri,0,0.0535,0.0679,dev
A0A358VEZ8,citrulline,Di,0,0.1221,0.0781,dev
A0A358VEZ8,citrulline,Mono,0,0.0495,0.0679,dev
A0A358VEZ8,citrulline,Tri,0,0.0676,0.0679,dev
A0A358VEZ8,cystine,Di,0,0.0459,0.0679,dev
A0A358VEZ8,cystine,Mono,0,0.0113,0.0264,dev
A0A358VEZ8,cystine,Tri,0,0.0466,0.0679,dev
A0A358VEZ8,dopamine,Di,0,0.3337,0.2642,dev
A0A358VEZ8,dopamine,Mono,0,0.0951,0.0758,dev
A0A358VEZ8,dopamine,Tri,1,0.9576,0.7921,dev
A0A358VEZ8,gaba,Di,1,0.9942,0.8962,dev
A0A358VEZ8,gaba,Mono,1,0.9907,0.8873,dev
A0A358VEZ8,gaba,Tri,1,0.9968,0.9,dev
A0A358VEZ8,glutamine,Di,0,0.3651,0.2642,dev
A0A358VEZ8,glutamine,Mono,0,0.2822,0.1867,dev
A0A358VEZ8,glutamine,Tri,0,0.3844,0.2642,dev
A0A358VEZ8,glyglycine,Di,0,0.1334,0.1192,dev
A0A358VEZ8,glyglycine,Mono,0,0.0695,0.0679,dev
A0A358VEZ8,glyglycine,Tri,0,0.2796,0.1867,dev
A0A358VEZ8,histidine,Di,0,0.0072,0.0157,dev
A0A358VEZ8,histidine,Mono,0,0.0081,0.0167,dev
A0A358VEZ8,histidine,Tri,0,0.0193,0.0264,dev
A0A358VEZ8,lysine,Di,1,0.7356,0.7234,dev
A0A358VEZ8,lysine,Mono,0,0.3847,0.2642,dev
A0A358VEZ8,lysine,Tri,0,0.3204,0.22,dev
A0A358VEZ8,methionine,Di,0,0.5386,0.4048,dev
A0A358VEZ8,methionine,Mono,0,0.3931,0.2642,dev
A0A358VEZ8,methionine,Tri,0,0.5775,0.566,dev
A0A358VEZ8,ornithine,Di,0,0.3574,0.2642,dev
A0A358VEZ8,ornithine,Mono,0,0.1719,0.1317,dev
A0A358VEZ8,ornithine,Tri,0,0.1665,0.1192,dev
A0A358VEZ8,phenylalanine,Di,1,0.9872,0.8343,dev
A0A358VEZ8,phenylalanine,Mono,0,0.5506,0.4048,dev
A0A358VEZ8,phenylalanine,Tri,1,0.9933,0.8962,dev
A0A358VEZ8,proline,Di,0,0.013,0.0264,dev
A0A358VEZ8,proline,Mono,0,0.0118,0.0264,dev
A0A358VEZ8,proline,Tri,0,0.077,0.0679,dev
A0A358VEZ8,putrescine,Di,0,0.0243,0.0264,dev
A0A358VEZ8,putrescine,Mono,0,0.0126,0.0264,dev
A0A358VEZ8,putrescine,Tri,0,0.0678,0.0679,dev
A0A358VEZ8,serine,Di,1,0.6082,0.566,dev
A0A358VEZ8,serine,Mono,1,0.8043,0.7547,dev
A0A358VEZ8,serine,Tri,0,0.5814,0.566,dev
A0A358VEZ8,serotonin,Di,0,0.0087,0.0179,dev
A0A358VEZ8,serotonin,Mono,0,0.0672,0.0679,dev
A0A358VEZ8,serotonin,Tri,0,0.0168,0.0264,dev
A0A358VEZ8,threonine,Di,0,0.1578,0.1192,dev
A0A358VEZ8,threonine,Mono,0,0.5618,0.4048,dev
A0A358VEZ8,threonine,Tri,0,0.075,0.0679,dev
A0A358VEZ8,tryptamine,Di,0,0.0025,0.0096,dev
A0A358VEZ8,tryptamine,Mono,0,0.0007,0.0069,dev
A0A358VEZ8,tryptamine,Tri,0,0.0075,0.0167,dev
A0A358VEZ8,tyramine,Di,0,0.0965,0.0758,dev
A0A358VEZ8,tyramine,Mono,0,0.5613,0.4048,dev
A0A358VEZ8,tyramine,Tri,0,0.1888,0.1317,dev
A0A373HJM3,"2,3_diaminopropionic acid",Di,0,0.1183,0.0758,test
A0A373HJM3,"2,3_diaminopropionic acid",Mono,0,0.0715,0.0679,test
A0A373HJM3,"2,3_diaminopropionic acid",Tri,1,0.7303,0.7234,test
A0A373HJM3,2_aminophenol,Di,0,0.817,0.7547,test
A0A373HJM3,2_aminophenol,Mono,0,0.2164,0.1317,test
A0A373HJM3,2_aminophenol,Tri,1,0.9088,0.7921,test
A0A373HJM3,3_methoxytyramine,Di,0,0.0195,0.0264,test
A0A373HJM3,3_methoxytyramine,Mono,0,0.0028,0.0096,test
A0A373HJM3,3_methoxytyramine,Tri,0,0.0214,0.0264,test
A0A373HJM3,alanine,Di,1,0.9889,0.8873,test
A0A373HJM3,alanine,Mono,1,0.9778,0.8343,test
A0A373HJM3,alanine,Tri,1,0.8083,0.7547,test
A0A373HJM3,arginine,Di,0,0.003,0.0096,test
A0A373HJM3,arginine,Mono,0,0.0014,0.0096,test
A0A373HJM3,arginine,Tri,0,0.0074,0.0167,test
A0A373HJM3,asparagine,Di,0,0.072,0.0679,test
A0A373HJM3,asparagine,Mono,0,0.0494,0.0679,test
A0A373HJM3,asparagine,Tri,1,0.9464,0.7921,test
A0A373HJM3,cadaverine,Di,0,0.0047,0.0097,test
A0A373HJM3,cadaverine,Mono,0,0.0031,0.0096,test
A0A373HJM3,cadaverine,Tri,0,0.0119,0.0264,test
A0A373HJM3,citrulline,Di,0,0.0321,0.0264,test
A0A373HJM3,citrulline,Mono,0,0.0086,0.0167,test
A0A373HJM3,citrulline,Tri,0,0.0146,0.0264,test
A0A373HJM3,cystine,Di,0,0.0108,0.0264,test
A0A373HJM3,cystine,Mono,0,0.0033,0.0096,test
A0A373HJM3,cystine,Tri,0,0.016,0.0264,test
A0A373HJM3,dopamine,Di,0,0.0638,0.0679,test
A0A373HJM3,dopamine,Mono,0,0.0261,0.0264,test
A0A373HJM3,dopamine,Tri,1,0.9024,0.7921,test
A0A373HJM3,gaba,Di,1,0.9933,0.8962,test
A0A373HJM3,gaba,Mono,1,0.9933,0.8962,test
A0A373HJM3,gaba,Tri,1,0.996,0.9,test
A0A373HJM3,glutamine,Di,0,0.1345,0.1192,test
A0A373HJM3,glutamine,Mono,0,0.1468,0.1192,test
A0A373HJM3,glutamine,Tri,0,0.0909,0.0758,test
A0A373HJM3,glyglycine,Di,0,0.0315,0.0264,test
A0A373HJM3,glyglycine,Mono,0,0.02,0.0264,test
A0A373HJM3,glyglycine,Tri,1,0.0683,0.0679,test
A0A373HJM3,histidine,Di,0,0.0017,0.0096,test
A0A373HJM3,histidine,Mono,0,0.002,0.0096,test
A0A373HJM3,histidine,Tri,0,0.0054,0.0157,test
A0A373HJM3,lysine,Di,1,0.4369,0.37,test
A0A373HJM3,lysine,Mono,0,0.1428,0.1192,test
A0A373HJM3,lysine,Tri,0,0.0665,0.0679,test
A0A373HJM3,methionine,Di,0,0.1776,0.1317,test
A0A373HJM3,methionine,Mono,0,0.1469,0.1192,test
A0A373HJM3,methionine,Tri,0,0.2384,0.1466,test
A0A373HJM3,ornithine,Di,0,0.0704,0.0679,test
A0A373HJM3,ornithine,Mono,0,0.0334,0.0264,test
A0A373HJM3,ornithine,Tri,0,0.0247,0.0264,test
A0A373HJM3,phenylalanine,Di,1,0.9823,0.8343,test
A0A373HJM3,phenylalanine,Mono,0,0.3474,0.2642,test
A0A373HJM3,phenylalanine,Tri,1,0.9925,0.8962,test
A0A373HJM3,proline,Di,0,0.0035,0.0096,test
A0A373HJM3,proline,Mono,0,0.0037,0.0096,test
A0A373HJM3,proline,Tri,0,0.0158,0.0264,test
A0A373HJM3,putrescine,Di,0,0.0051,0.0157,test
A0A373HJM3,putrescine,Mono,0,0.0034,0.0096,test
A0A373HJM3,putrescine,Tri,0,0.0129,0.0264,test
A0A373HJM3,serine,Di,0,0.5247,0.4048,test
A0A373HJM3,serine,Mono,1,0.7627,0.7234,test
A0A373HJM3,serine,Tri,0,0.4134,0.37,test
A0A373HJM3,serotonin,Di,0,0.0018,0.0096,test
A0A373HJM3,serotonin,Mono,0,0.0237,0.0264,test
A0A373HJM3,serotonin,Tri,0,0.005,0.0097,test
A0A373HJM3,threonine,Di,0,0.0714,0.0679,test
A0A373HJM3,threonine,Mono,0,0.4379,0.37,test
A0A373HJM3,threonine,Tri,0,0.017,0.0264,test
A0A373HJM3,tryptamine,Di,0,0.001,0.0069,test
A0A373HJM3,tryptamine,Mono,0,0.0002,0.0069,test
A0A373HJM3,tryptamine,Tri,0,0.0034,0.0096,test
A0A373HJM3,tyramine,Di,0,0.0281,0.0264,test
A0A373HJM3,tyramine,Mono,0,0.4992,0.4048,test
A0A373HJM3,tyramine,Tri,0,0.0782,0.0679,test
A0A395V718,"2,3_diaminopropionic acid",Di,0,0.1553,0.1192,dev
A0A395V718,"2,3_diaminopropionic acid",Mono,0,0.0691,0.0679,dev
A0A395V718,"2,3_diaminopropionic acid",Tri,1,0.6962,0.6364,dev
A0A395V718,2_aminophenol,Di,1,0.7234,0.7234,dev
A0A395V718,2_aminophenol,Mono,0,0.2259,0.1466,dev
A0A395V718,2_aminophenol,Tri,1,0.8387,0.7547,dev
A0A395V718,3_methoxytyramine,Di,0,0.0438,0.0679,dev
A0A395V718,3_methoxytyramine,Mono,0,0.0056,0.0157,dev
A0A395V718,3_methoxytyramine,Tri,0,0.0485,0.0679,dev
A0A395V718,alanine,Di,1,0.9821,0.8343,dev
A0A395V718,alanine,Mono,1,0.9504,0.7921,dev
A0A395V718,alanine,Tri,1,0.8282,0.7547,dev
A0A395V718,arginine,Di,0,0.0063,0.0157,dev
A0A395V718,arginine,Mono,0,0.0035,0.0096,dev
A0A395V718,arginine,Tri,0,0.0141,0.0264,dev
A0A395V718,asparagine,Di,0,0.1022,0.0758,dev
A0A395V718,asparagine,Mono,0,0.0675,0.0679,dev
A0A395V718,asparagine,Tri,1,0.9345,0.7921,dev
A0A395V718,cadaverine,Di,0,0.0067,0.0157,dev
A0A395V718,cadaverine,Mono,0,0.0034,0.0096,dev
A0A395V718,cadaverine,Tri,0,0.0165,0.0264,dev
A0A395V718,citrulline,Di,0,0.0414,0.046,dev
A0A395V718,citrulline,Mono,0,0.0186,0.0264,dev
A0A395V718,citrulline,Tri,0,0.0237,0.0264,dev
A0A395V718,cystine,Di,0,0.0183,0.0264,dev
A0A395V718,cystine,Mono,0,0.0045,0.0096,dev
A0A395V718,cystine,Tri,0,0.0189,0.0264,dev
A0A395V718,dopamine,Di,0,0.125,0.0781,dev
A0A395V718,dopamine,Mono,0,0.0326,0.0264,dev
A0A395V718,dopamine,Tri,1,0.8594,0.7547,dev
A0A395V718,gaba,Di,1,0.9648,0.8273,dev
A0A395V718,gaba,Mono,1,0.9452,0.7921,dev
A0A395V718,gaba,Tri,1,0.9757,0.8333,dev
A0A395V718,glutamine,Di,0,0.1369,0.1192,dev
A0A395V718,glutamine,Mono,0,0.1249,0.0781,dev
A0A395V718,glutamine,Tri,0,0.1447,0.1192,dev
A0A395V718,glyglycine,Di,0,0.0517,0.0679,dev
A0A395V718,glyglycine,Mono,0,0.0277,0.0264,dev
A0A395V718,glyglycine,Tri,0,0.1234,0.0781,dev
A0A395V718,histidine,Di,0,0.0028,0.0096,dev
A0A395V718,histidine,Mono,0,0.0035,0.0096,dev
A0A395V718,histidine,Tri,0,0.0073,0.0167,dev
A0A395V718,lysine,Di,1,0.4118,0.37,dev
A0A395V718,lysine,Mono,0,0.1585,0.1192,dev
A0A395V718,lysine,Tri,0,0.1178,0.0758,dev
A0A395V718,methionine,Di,0,0.2086,0.1317,dev
A0A395V718,methionine,Mono,0,0.1479,0.1192,dev
A0A395V718,methionine,Tri,0,0.261,0.1538,dev
A0A395V718,ornithine,Di,0,0.1212,0.0781,dev
A0A395V718,ornithine,Mono,0,0.0524,0.0679,dev
A0A395V718,ornithine,Tri,0,0.0476,0.0679,dev
A0A395V718,phenylalanine,Di,1,0.9538,0.7921,dev
A0A395V718,phenylalanine,Mono,0,0.3578,0.2642,dev
A0A395V718,phenylalanine,Tri,1,0.9774,0.8343,dev
A0A395V718,proline,Di,0,0.0043,0.0096,dev
A0A395V718,proline,Mono,0,0.0039,0.0096,dev
A0A395V718,proline,Tri,0,0.03,0.0264,dev
A0A395V718,putrescine,Di,0,0.0086,0.0167,dev
A0A395V718,putrescine,Mono,0,0.0041,0.0096,dev
A0A395V718,putrescine,Tri,0,0.0209,0.0264,dev
A0A395V718,serine,Di,1,0.3527,0.2642,dev
A0A395V718,serine,Mono,1,0.5678,0.566,dev
A0A395V718,serine,Tri,0,0.3055,0.22,dev
A0A395V718,serotonin,Di,0,0.0024,0.0096,dev
A0A395V718,serotonin,Mono,0,0.0131,0.0264,dev
A0A395V718,serotonin,Tri,0,0.0039,0.0096,dev
A0A395V718,threonine,Di,0,0.062,0.0679,dev
A0A395V718,threonine,Mono,0,0.3405,0.2642,dev
A0A395V718,threonine,Tri,0,0.0264,0.0264,dev
A0A395V718,tryptamine,Di,0,0.0009,0.0069,dev
A0A395V718,tryptamine,Mono,0,0.0003,0.0069,dev
A0A395V718,tryptamine,Tri,0,0.0027,0.0096,dev
A0A395V718,tyramine,Di,0,0.031,0.0264,dev
A0A395V718,tyramine,Mono,0,0.1763,0.1317,dev
A0A395V718,tyramine,Tri,0,0.0564,0.0679,dev
A0A395WCM1,"2,3_diaminopropionic acid",Di,0,0.0977,0.0758,dev
A0A395WCM1,"2,3_diaminopropionic acid",Mono,0,0.0501,0.0679,dev
A0A395WCM1,"2,3_diaminopropionic acid",Tri,0,0.7581,0.7234,dev
A0A395WCM1,2_aminophenol,Di,0,0.5331,0.4048,dev
A0A395WCM1,2_aminophenol,Mono,0,0.132,0.1192,dev
A0A395WCM1,2_aminophenol,Tri,1,0.8065,0.7547,dev
A0A395WCM1,3_methoxytyramine,Di,0,0.0172,0.0264,dev
A0A395WCM1,3_methoxytyramine,Mono,0,0.0026,0.0096,dev
A0A395WCM1,3_methoxytyramine,Tri,0,0.035,0.046,dev
A0A395WCM1,alanine,Di,1,0.9803,0.8343,dev
A0A395WCM1,alanine,Mono,1,0.9615,0.7921,dev
A0A395WCM1,alanine,Tri,0,0.8087,0.7547,dev
A0A395WCM1,arginine,Di,0,0.0037,0.0096,dev
A0A395WCM1,arginine,Mono,0,0.0013,0.0096,dev
A0A395WCM1,arginine,Tri,0,0.0176,0.0264,dev
A0A395WCM1,asparagine,Di,0,0.106,0.0758,dev
A0A395WCM1,asparagine,Mono,0,0.0579,0.0679,dev
A0A395WCM1,asparagine,Tri,1,0.9329,0.7921,dev
A0A395WCM1,cadaverine,Di,0,0.0049,0.0097,dev
A0A395WCM1,cadaverine,Mono,0,0.0029,0.0096,dev
A0A395WCM1,cadaverine,Tri,0,0.0192,0.0264,dev
A0A395WCM1,citrulline,Di,0,0.0258,0.0264,dev
A0A395WCM1,citrulline,Mono,0,0.0075,0.0167,dev
A0A395WCM1,citrulline,Tri,0,0.0346,0.046,dev
A0A395WCM1,cystine,Di,0,0.0061,0.0157,dev
A0A395WCM1,cystine,Mono,0,0.0015,0.0096,dev
A0A395WCM1,cystine,Tri,0,0.0143,0.0264,dev
A0A395WCM1,dopamine,Di,0,0.1056,0.0758,dev
A0A395WCM1,dopamine,Mono,0,0.0364,0.046,dev
A0A395WCM1,dopamine,Tri,1,0.9151,0.7921,dev
A0A395WCM1,gaba,Di,1,0.9822,0.8343,dev
A0A395WCM1,gaba,Mono,1,0.975,0.8333,dev
A0A395WCM1,gaba,Tri,1,0.9925,0.8962,dev
A0A395WCM1,glutamine,Di,0,0.1385,0.1192,dev
A0A395WCM1,glutamine,Mono,0,0.1058,0.0758,dev
A0A395WCM1,glutamine,Tri,0,0.2287,0.1466,dev
A0A395WCM1,glyglycine,Di,0,0.0623,0.0679,dev
A0A395WCM1,glyglycine,Mono,0,0.0419,0.0526,dev
A0A395WCM1,glyglycine,Tri,0,0.4001,0.2642,dev
A0A395WCM1,histidine,Di,0,0.0021,0.0096,dev
A0A395WCM1,histidine,Mono,0,0.0023,0.0096,dev
A0A395WCM1,histidine,Tri,0,0.0187,0.0264,dev
A0A395WCM1,lysine,Di,0,0.5539,0.4048,dev
A0A395WCM1,lysine,Mono,0,0.1326,0.1192,dev
A0A395WCM1,lysine,Tri,0,0.2184,0.1317,dev
A0A395WCM1,methionine,Di,0,0.1428,0.1192,dev
A0A395WCM1,methionine,Mono,0,0.0938,0.0758,dev
A0A395WCM1,methionine,Tri,0,0.4094,0.2642,dev
A0A395WCM1,ornithine,Di,0,0.0827,0.0741,dev
A0A395WCM1,ornithine,Mono,0,0.0292,0.0264,dev
A0A395WCM1,ornithine,Tri,0,0.0788,0.0679,dev
A0A395WCM1,phenylalanine,Di,1,0.9429,0.7921,dev
A0A395WCM1,phenylalanine,Mono,0,0.2881,0.1867,dev
A0A395WCM1,phenylalanine,Tri,1,0.9853,0.8343,dev
A0A395WCM1,proline,Di,0,0.0029,0.0096,dev
A0A395WCM1,proline,Mono,0,0.0024,0.0096,dev
A0A395WCM1,proline,Tri,0,0.0247,0.0264,dev
A0A395WCM1,putrescine,Di,0,0.0066,0.0157,dev
A0A395WCM1,putrescine,Mono,0,0.0038,0.0096,dev
A0A395WCM1,putrescine,Tri,0,0.0262,0.0264,dev
A0A395WCM1,serine,Di,0,0.3163,0.22,dev
A0A395WCM1,serine,Mono,1,0.6611,0.5862,dev
A0A395WCM1,serine,Tri,0,0.4117,0.2642,dev
A0A395WCM1,serotonin,Di,0,0.0016,0.0096,dev
A0A395WCM1,serotonin,Mono,0,0.0074,0.0167,dev
A0A395WCM1,serotonin,Tri,0,0.0065,0.0157,dev
A0A395WCM1,threonine,Di,0,0.0516,0.0679,dev
A0A395WCM1,threonine,Mono,0,0.3282,0.2642,dev
A0A395WCM1,threonine,Tri,0,0.033,0.0264,dev
A0A395WCM1,tryptamine,Di,0,0.0007,0.0069,dev
A0A395WCM1,tryptamine,Mono,0,0.0003,0.0069,dev
A0A395WCM1,tryptamine,Tri,0,0.0041,0.0096,dev
A0A395WCM1,tyramine,Di,0,0.0254,0.0264,dev
A0A395WCM1,tyramine,Mono,0,0.1913,0.1317,dev
A0A395WCM1,tyramine,Tri,0,0.0923,0.0758,dev
A0A396KEZ6,"2,3_diaminopropionic acid",Di,0,0.2002,0.1317,dev
A0A396KEZ6,"2,3_diaminopropionic acid",Mono,0,0.0693,0.0679,dev
A0A396KEZ6,"2,3_diaminopropionic acid",Tri,1,0.6778,0.5862,dev
A0A396KEZ6,2_aminophenol,Di,1,0.7382,0.7234,dev
A0A396KEZ6,2_aminophenol,Mono,0,0.173,0.1317,dev
A0A396KEZ6,2_aminophenol,Tri,1,0.8561,0.7547,dev
A0A396KEZ6,3_methoxytyramine,Di,0,0.0498,0.0679,dev
A0A396KEZ6,3_methoxytyramine,Mono,0,0.0057,0.0157,dev
A0A396KEZ6,3_methoxytyramine,Tri,0,0.0646,0.0679,dev
A0A396KEZ6,alanine,Di,1,0.9839,0.8343,dev
A0A396KEZ6,alanine,Mono,1,0.9392,0.7921,dev
A0A396KEZ6,alanine,Tri,1,0.8425,0.7547,dev
A0A396KEZ6,arginine,Di,0,0.0065,0.0157,dev
A0A396KEZ6,arginine,Mono,0,0.0023,0.0096,dev
A0A396KEZ6,arginine,Tri,0,0.0109,0.0264,dev
A0A396KEZ6,asparagine,Di,0,0.1892,0.1317,dev
A0A396KEZ6,asparagine,Mono,0,0.1053,0.0758,dev
A0A396KEZ6,asparagine,Tri,1,0.9555,0.7921,dev
A0A396KEZ6,cadaverine,Di,0,0.0073,0.0167,dev
A0A396KEZ6,cadaverine,Mono,0,0.0029,0.0096,dev
A0A396KEZ6,cadaverine,Tri,0,0.0197,0.0264,dev
A0A396KEZ6,citrulline,Di,0,0.0415,0.046,dev
A0A396KEZ6,citrulline,Mono,0,0.0122,0.0264,dev
A0A396KEZ6,citrulline,Tri,0,0.0259,0.0264,dev
A0A396KEZ6,cystine,Di,0,0.0117,0.0264,dev
A0A396KEZ6,cystine,Mono,0,0.0022,0.0096,dev
A0A396KEZ6,cystine,Tri,0,0.0127,0.0264,dev
A0A396KEZ6,dopamine,Di,0,0.1679,0.1317,dev
A0A396KEZ6,dopamine,Mono,0,0.0432,0.0679,dev
A0A396KEZ6,dopamine,Tri,1,0.8996,0.7921,dev
A0A396KEZ6,gaba,Di,1,0.9909,0.8962,dev
A0A396KEZ6,gaba,Mono,1,0.9843,0.8343,dev
A0A396KEZ6,gaba,Tri,1,0.9941,0.8962,dev
A0A396KEZ6,glutamine,Di,0,0.1818,0.1317,dev
A0A396KEZ6,glutamine,Mono,0,0.1281,0.0781,dev
A0A396KEZ6,glutamine,Tri,0,0.2397,0.1466,dev
A0A396KEZ6,glyglycine,Di,0,0.0414,0.046,dev
A0A396KEZ6,glyglycine,Mono,0,0.0169,0.0264,dev
A0A396KEZ6,glyglycine,Tri,1,0.1096,0.0758,dev
A0A396KEZ6,histidine,Di,0,0.0025,0.0096,dev
A0A396KEZ6,histidine,Mono,0,0.002,0.0096,dev
A0A396KEZ6,histidine,Tri,0,0.0061,0.0157,dev
A0A396KEZ6,lysine,Di,1,0.3519,0.2642,dev
A0A396KEZ6,lysine,Mono,0,0.0777,0.0679,dev
A0A396KEZ6,lysine,Tri,0,0.0985,0.0758,dev
A0A396KEZ6,methionine,Di,1,0.1361,0.1192,dev
A0A396KEZ6,methionine,Mono,1,0.0592,0.0679,dev
A0A396KEZ6,methionine,Tri,1,0.2023,0.1317,dev
A0A396KEZ6,ornithine,Di,0,0.0856,0.0758,dev
A0A396KEZ6,ornithine,Mono,0,0.0244,0.0264,dev
A0A396KEZ6,ornithine,Tri,0,0.043,0.0679,dev
A0A396KEZ6,phenylalanine,Di,1,0.9783,0.8343,dev
A0A396KEZ6,phenylalanine,Mono,1,0.3643,0.2642,dev
A0A396KEZ6,phenylalanine,Tri,1,0.9884,0.8873,dev
A0A396KEZ6,proline,Di,0,0.0052,0.0157,dev
A0A396KEZ6,proline,Mono,0,0.0037,0.0096,dev
A0A396KEZ6,proline,Tri,0,0.042,0.0526,dev
A0A396KEZ6,putrescine,Di,0,0.0098,0.0179,dev
A0A396KEZ6,putrescine,Mono,0,0.0036,0.0096,dev
A0A396KEZ6,putrescine,Tri,0,0.0263,0.0264,dev
A0A396KEZ6,serine,Di,1,0.3858,0.2642,dev
A0A396KEZ6,serine,Mono,1,0.5018,0.4048,dev
A0A396KEZ6,serine,Tri,1,0.3535,0.2642,dev
A0A396KEZ6,serotonin,Di,0,0.0022,0.0096,dev
A0A396KEZ6,serotonin,Mono,0,0.013,0.0264,dev
A0A396KEZ6,serotonin,Tri,0,0.0044,0.0096,dev
A0A396KEZ6,threonine,Di,1,0.0508,0.0679,dev
A0A396KEZ6,threonine,Mono,1,0.1906,0.1317,dev
A0A396KEZ6,threonine,Tri,0,0.033,0.0264,dev
A0A396KEZ6,tryptamine,Di,0,0.0011,0.0096,dev
A0A396KEZ6,tryptamine,Mono,0,0.0003,0.0069,dev
A0A396KEZ6,tryptamine,Tri,0,0.003,0.0096,dev
A0A396KEZ6,tyramine,Di,0,0.0325,0.0264,dev
A0A396KEZ6,tyramine,Mono,1,0.2172,0.1317,dev
A0A396KEZ6,tyramine,Tri,0,0.0678,0.0679,dev
A0A3D0HN78,"2,3_diaminopropionic acid",Di,0,0.0891,0.0758,test
A0A3D0HN78,"2,3_diaminopropionic acid",Mono,0,0.0525,0.0679,test
A0A3D0HN78,"2,3_diaminopropionic acid",Tri,0,0.6844,0.5862,test
A0A3D0HN78,2_aminophenol,Di,0,0.6142,0.5862,test
A0A3D0HN78,2_aminophenol,Mono,0,0.1849,0.1317,test
A0A3D0HN78,2_aminophenol,Tri,0,0.8907,0.7547,test
A0A3D0HN78,3_methoxytyramine,Di,0,0.0153,0.0264,test
A0A3D0HN78,3_methoxytyramine,Mono,0,0.002,0.0096,test
A0A3D0HN78,3_methoxytyramine,Tri,0,0.0254,0.0264,test
A0A3D0HN78,alanine,Di,0,0.9802,0.8343,test
A0A3D0HN78,alanine,Mono,0,0.9562,0.7921,test
A0A3D0HN78,alanine,Tri,0,0.7278,0.7234,test
A0A3D0HN78,arginine,Di,0,0.0023,0.0096,test
A0A3D0HN78,arginine,Mono,0,0.0012,0.0096,test
A0A3D0HN78,arginine,Tri,0,0.0067,0.0157,test
A0A3D0HN78,asparagine,Di,0,0.0443,0.0679,test
A0A3D0HN78,asparagine,Mono,0,0.0352,0.046,test
A0A3D0HN78,asparagine,Tri,0,0.9396,0.7921,test
A0A3D0HN78,cadaverine,Di,0,0.003,0.0096,test
A0A3D0HN78,cadaverine,Mono,0,0.0015,0.0096,test
A0A3D0HN78,cadaverine,Tri,0,0.0135,0.0264,test
A0A3D0HN78,citrulline,Di,0,0.0155,0.0264,test
A0A3D0HN78,citrulline,Mono,0,0.0054,0.0157,test
A0A3D0HN78,citrulline,Tri,0,0.0158,0.0264,test
A0A3D0HN78,cystine,Di,0,0.006,0.0157,test
A0A3D0HN78,cystine,Mono,0,0.0018,0.0096,test
A0A3D0HN78,cystine,Tri,0,0.019,0.0264,test
A0A3D0HN78,dopamine,Di,0,0.0763,0.0679,test
A0A3D0HN78,dopamine,Mono,0,0.0271,0.0264,test
A0A3D0HN78,dopamine,Tri,0,0.8963,0.7547,test
A0A3D0HN78,gaba,Di,0,0.9884,0.8873,test
A0A3D0HN78,gaba,Mono,0,0.9882,0.8873,test
A0A3D0HN78,gaba,Tri,0,0.9955,0.8962,test
A0A3D0HN78,glutamine,Di,0,0.0302,0.0264,test
A0A3D0HN78,glutamine,Mono,0,0.0334,0.0264,test
A0A3D0HN78,glutamine,Tri,0,0.0525,0.0679,test
A0A3D0HN78,glyglycine,Di,0,0.0497,0.0679,test
A0A3D0HN78,glyglycine,Mono,0,0.0326,0.0264,test
A0A3D0HN78,glyglycine,Tri,0,0.2523,0.1466,test
A0A3D0HN78,histidine,Di,0,0.0012,0.0096,test
A0A3D0HN78,histidine,Mono,0,0.001,0.0096,test
A0A3D0HN78,histidine,Tri,0,0.0076,0.0167,test
A0A3D0HN78,lysine,Di,0,0.5161,0.4048,test
A0A3D0HN78,lysine,Mono,0,0.0974,0.0758,test
A0A3D0HN78,lysine,Tri,0,0.0759,0.0679,test
A0A3D0HN78,methionine,Di,0,0.1023,0.0758,test
A0A3D0HN78,methionine,Mono,0,0.066,0.0679,test
A0A3D0HN78,methionine,Tri,0,0.225,0.1466,test
A0A3D0HN78,ornithine,Di,0,0.0513,0.0679,test
A0A3D0HN78,ornithine,Mono,0,0.0181,0.0264,test
A0A3D0HN78,ornithine,Tri,0,0.019,0.0264,test
A0A3D0HN78,phenylalanine,Di,0,0.9377,0.7921,test
A0A3D0HN78,phenylalanine,Mono,0,0.147,0.1192,test
A0A3D0HN78,phenylalanine,Tri,0,0.9821,0.8343,test
A0A3D0HN78,proline,Di,0,0.0031,0.0096,test
A0A3D0HN78,proline,Mono,0,0.0048,0.0097,test
A0A3D0HN78,proline,Tri,0,0.0374,0.046,test
A0A3D0HN78,putrescine,Di,0,0.0048,0.0097,test
A0A3D0HN78,putrescine,Mono,0,0.0023,0.0096,test
A0A3D0HN78,putrescine,Tri,0,0.0215,0.0264,test
A0A3D0HN78,serine,Di,0,0.1991,0.1317,test
A0A3D0HN78,serine,Mono,0,0.6035,0.566,test
A0A3D0HN78,serine,Tri,0,0.256,0.1466,test
A0A3D0HN78,serotonin,Di,0,0.0013,0.0096,test
A0A3D0HN78,serotonin,Mono,0,0.011,0.0264,test
A0A3D0HN78,serotonin,Tri,0,0.0064,0.0157,test
A0A3D0HN78,threonine,Di,0,0.0256,0.0264,test
A0A3D0HN78,threonine,Mono,0,0.204,0.1317,test
A0A3D0HN78,threonine,Tri,0,0.0135,0.0264,test
A0A3D0HN78,tryptamine,Di,0,0.0006,0.0069,test
A0A3D0HN78,tryptamine,Mono,0,0.0003,0.0069,test
A0A3D0HN78,tryptamine,Tri,0,0.0042,0.0096,test
A0A3D0HN78,tyramine,Di,0,0.0112,0.0264,test
A0A3D0HN78,tyramine,Mono,0,0.1541,0.1192,test
A0A3D0HN78,tyramine,Tri,0,0.0604,0.0679,test
A0A3D3YKZ5,"2,3_diaminopropionic acid",Di,0,0.0177,0.0264,dev
A0A3D3YKZ5,"2,3_diaminopropionic acid",Mono,0,0.0028,0.0096,dev
A0A3D3YKZ5,"2,3_diaminopropionic acid",Tri,0,0.0909,0.0758,dev
A0A3D3YKZ5,2_aminophenol,Di,0,0.2745,0.1867,dev
A0A3D3YKZ5,2_aminophenol,Mono,0,0.0146,0.0264,dev
A0A3D3YKZ5,2_aminophenol,Tri,0,0.4098,0.2642,dev
A0A3D3YKZ5,3_methoxytyramine,Di,0,0.1227,0.0781,dev
A0A3D3YKZ5,3_methoxytyramine,Mono,0,0.0021,0.0096,dev
A0A3D3YKZ5,3_methoxytyramine,Tri,0,0.0572,0.0679,dev
A0A3D3YKZ5,alanine,Di,0,0.9581,0.7921,dev
A0A3D3YKZ5,alanine,Mono,0,0.5363,0.4048,dev
A0A3D3YKZ5,alanine,Tri,0,0.1065,0.0758,dev
A0A3D3YKZ5,arginine,Di,0,0.0004,0.0069,dev
A0A3D3YKZ5,arginine,Mono,0,0.0001,0.0058,dev
A0A3D3YKZ5,arginine,Tri,0,0.0004,0.0069,dev
A0A3D3YKZ5,asparagine,Di,0,0.0711,0.0679,dev
A0A3D3YKZ5,asparagine,Mono,0,0.0198,0.0264,dev
A0A3D3YKZ5,asparagine,Tri,0,0.9278,0.7921,dev
A0A3D3YKZ5,cadaverine,Di,0,0.0011,0.0096,dev
A0A3D3YKZ5,cadaverine,Mono,0,0.0002,0.0069,dev
A0A3D3YKZ5,cadaverine,Tri,0,0.0031,0.0096,dev
A0A3D3YKZ5,citrulline,Di,0,0.003,0.0096,dev
A0A3D3YKZ5,citrulline,Mono,0,0.0004,0.0069,dev
A0A3D3YKZ5,citrulline,Tri,0,0.0013,0.0096,dev
A0A3D3YKZ5,cystine,Di,0,0.0045,0.0096,dev
A0A3D3YKZ5,cystine,Mono,0,0.0003,0.0069,dev
A0A3D3YKZ5,cystine,Tri,0,0.0036,0.0096,dev
A0A3D3YKZ5,dopamine,Di,0,0.2229,0.1466,dev
A0A3D3YKZ5,dopamine,Mono,0,0.0198,0.0264,dev
A0A3D3YKZ5,dopamine,Tri,0,0.9334,0.7921,dev
A0A3D3YKZ5,gaba,Di,0,0.9611,0.7921,dev
A0A3D3YKZ5,gaba,Mono,0,0.9163,0.7921,dev
A0A3D3YKZ5,gaba,Tri,0,0.974,0.8273,dev
A0A3D3YKZ5,glutamine,Di,0,0.0095,0.0179,dev
A0A3D3YKZ5,glutamine,Mono,0,0.0029,0.0096,dev
A0A3D3YKZ5,glutamine,Tri,0,0.0046,0.0097,dev
A0A3D3YKZ5,glyglycine,Di,0,0.0102,0.0179,dev
A0A3D3YKZ5,glyglycine,Mono,0,0.0018,0.0096,dev
A0A3D3YKZ5,glyglycine,Tri,0,0.0142,0.0264,dev
A0A3D3YKZ5,histidine,Di,0,0.0013,0.0096,dev
A0A3D3YKZ5,histidine,Mono,0,0.0003,0.0069,dev
A0A3D3YKZ5,histidine,Tri,0,0.0027,0.0096,dev
A0A3D3YKZ5,lysine,Di,0,0.0336,0.0264,dev
A0A3D3YKZ5,lysine,Mono,0,0.0027,0.0096,dev
A0A3D3YKZ5,lysine,Tri,0,0.0044,0.0096,dev
A0A3D3YKZ5,methionine,Di,0,0.0092,0.0179,dev
A0A3D3YKZ5,methionine,Mono,0,0.0015,0.0096,dev
A0A3D3YKZ5,methionine,Tri,0,0.0045,0.0096,dev
A0A3D3YKZ5,ornithine,Di,0,0.0078,0.0167,dev
A0A3D3YKZ5,ornithine,Mono,0,0.0011,0.0096,dev
A0A3D3YKZ5,ornithine,Tri,0,0.0022,0.0096,dev
A0A3D3YKZ5,phenylalanine,Di,0,0.9724,0.8273,dev
A0A3D3YKZ5,phenylalanine,Mono,0,0.0562,0.0679,dev
A0A3D3YKZ5,phenylalanine,Tri,0,0.9822,0.8343,dev
A0A3D3YKZ5,proline,Di,0,0.0029,0.0096,dev
A0A3D3YKZ5,proline,Mono,0,0.0013,0.0096,dev
A0A3D3YKZ5,proline,Tri,0,0.016,0.0264,dev
A0A3D3YKZ5,putrescine,Di,0,0.0017,0.0096,dev
A0A3D3YKZ5,putrescine,Mono,0,0.0003,0.0069,dev
A0A3D3YKZ5,putrescine,Tri,0,0.0047,0.0097,dev
A0A3D3YKZ5,serine,Di,0,0.0384,0.046,dev
A0A3D3YKZ5,serine,Mono,0,0.0423,0.0526,dev
A0A3D3YKZ5,serine,Tri,0,0.0395,0.046,dev
A0A3D3YKZ5,serotonin,Di,0,0.0017,0.0096,dev
A0A3D3YKZ5,serotonin,Mono,0,0.0091,0.0179,dev
A0A3D3YKZ5,serotonin,Tri,0,0.0041,0.0096,dev
A0A3D3YKZ5,threonine,Di,0,0.0079,0.0167,dev
A0A3D3YKZ5,threonine,Mono,0,0.012,0.0264,dev
A0A3D3YKZ5,threonine,Tri,0,0.0015,0.0096,dev
A0A3D3YKZ5,tryptamine,Di,0,0.001,0.0096,dev
A0A3D3YKZ5,tryptamine,Mono,0,0.0001,0.0058,dev
A0A3D3YKZ5,tryptamine,Tri,0,0.0036,0.0096,dev
A0A3D3YKZ5,tyramine,Di,0,0.0067,0.0157,dev
A0A3D3YKZ5,tyramine,Mono,0,0.0649,0.0679,dev
A0A3D3YKZ5,tyramine,Tri,0,0.0202,0.0264,dev
A0A3D4LSP0,"2,3_diaminopropionic acid",Di,0,0.2331,0.1466,dev
A0A3D4LSP0,"2,3_diaminopropionic acid",Mono,0,0.1187,0.0758,dev
A0A3D4LSP0,"2,3_diaminopropionic acid",Tri,0,0.7553,0.7234,dev
A0A3D4LSP0,2_aminophenol,Di,0,0.859,0.7547,dev
A0A3D4LSP0,2_aminophenol,Mono,0,0.3688,0.2642,dev
A0A3D4LSP0,2_aminophenol,Tri,0,0.9197,0.7921,dev
A0A3D4LSP0,3_methoxytyramine,Di,0,0.0595,0.0679,dev
A0A3D4LSP0,3_methoxytyramine,Mono,0,0.0074,0.0167,dev
A0A3D4LSP0,3_methoxytyramine,Tri,0,0.065,0.0679,dev
A0A3D4LSP0,alanine,Di,1,0.9885,0.8873,dev
A0A3D4LSP0,alanine,Mono,0,0.9699,0.8273,dev
A0A3D4LSP0,alanine,Tri,0,0.8569,0.7547,dev
A0A3D4LSP0,arginine,Di,0,0.0066,0.0157,dev
A0A3D4LSP0,arginine,Mono,0,0.0033,0.0096,dev
A0A3D4LSP0,arginine,Tri,0,0.0133,0.0264,dev
A0A3D4LSP0,asparagine,Di,0,0.1985,0.1317,dev
A0A3D4LSP0,asparagine,Mono,0,0.1291,0.1,dev
A0A3D4LSP0,asparagine,Tri,1,0.957,0.7921,dev
A0A3D4LSP0,cadaverine,Di,0,0.0086,0.0167,dev
A0A3D4LSP0,cadaverine,Mono,0,0.0046,0.0096,dev
A0A3D4LSP0,cadaverine,Tri,0,0.0199,0.0264,dev
A0A3D4LSP0,citrulline,Di,0,0.0547,0.0679,dev
A0A3D4LSP0,citrulline,Mono,0,0.0204,0.0264,dev
A0A3D4LSP0,citrulline,Tri,0,0.0296,0.0264,dev
A0A3D4LSP0,cystine,Di,0,0.0238,0.0264,dev
A0A3D4LSP0,cystine,Mono,0,0.0061,0.0157,dev
A0A3D4LSP0,cystine,Tri,0,0.0234,0.0264,dev
A0A3D4LSP0,dopamine,Di,0,0.1945,0.1317,dev
A0A3D4LSP0,dopamine,Mono,0,0.0539,0.0679,dev
A0A3D4LSP0,dopamine,Tri,1,0.9117,0.7921,dev
A0A3D4LSP0,gaba,Di,1,0.9882,0.8873,dev
A0A3D4LSP0,gaba,Mono,1,0.9821,0.8343,dev
A0A3D4LSP0,gaba,Tri,1,0.9928,0.8962,dev
A0A3D4LSP0,glutamine,Di,0,0.1881,0.1317,dev
A0A3D4LSP0,glutamine,Mono,0,0.1579,0.1192,dev
A0A3D4LSP0,glutamine,Tri,0,0.2126,0.1317,dev
A0A3D4LSP0,glyglycine,Di,0,0.0733,0.0679,dev
A0A3D4LSP0,glyglycine,Mono,0,0.0421,0.0526,dev
A0A3D4LSP0,glyglycine,Tri,0,0.142,0.1192,dev
A0A3D4LSP0,histidine,Di,0,0.0025,0.0096,dev
A0A3D4LSP0,histidine,Mono,0,0.0026,0.0096,dev
A0A3D4LSP0,histidine,Tri,0,0.0051,0.0157,dev
A0A3D4LSP0,lysine,Di,0,0.4602,0.37,dev
A0A3D4LSP0,lysine,Mono,0,0.1648,0.1192,dev
A0A3D4LSP0,lysine,Tri,0,0.1291,0.1,dev
A0A3D4LSP0,methionine,Di,0,0.241,0.1466,dev
A0A3D4LSP0,methionine,Mono,0,0.1546,0.1192,dev
A0A3D4LSP0,methionine,Tri,0,0.2718,0.1867,dev
A0A3D4LSP0,ornithine,Di,0,0.1481,0.1192,dev
A0A3D4LSP0,ornithine,Mono,0,0.0623,0.0679,dev
A0A3D4LSP0,ornithine,Tri,0,0.0594,0.0679,dev
A0A3D4LSP0,phenylalanine,Di,1,0.9777,0.8343,dev
A0A3D4LSP0,phenylalanine,Mono,0,0.5492,0.4048,dev
A0A3D4LSP0,phenylalanine,Tri,1,0.9869,0.8343,dev
A0A3D4LSP0,proline,Di,0,0.0068,0.0157,dev
A0A3D4LSP0,proline,Mono,0,0.0058,0.0157,dev
A0A3D4LSP0,proline,Tri,0,0.0435,0.0679,dev
A0A3D4LSP0,putrescine,Di,0,0.0116,0.0264,dev
A0A3D4LSP0,putrescine,Mono,0,0.0059,0.0157,dev
A0A3D4LSP0,putrescine,Tri,0,0.0262,0.0264,dev
A0A3D4LSP0,serine,Di,0,0.4308,0.37,dev
A0A3D4LSP0,serine,Mono,0,0.6788,0.5862,dev
A0A3D4LSP0,serine,Tri,0,0.368,0.2642,dev
A0A3D4LSP0,serotonin,Di,0,0.0029,0.0096,dev
A0A3D4LSP0,serotonin,Mono,0,0.0194,0.0264,dev
A0A3D4LSP0,serotonin,Tri,0,0.0048,0.0097,dev
A0A3D4LSP0,threonine,Di,0,0.0619,0.0679,dev
A0A3D4LSP0,threonine,Mono,0,0.3369,0.2642,dev
A0A3D4LSP0,threonine,Tri,0,0.0302,0.0264,dev
A0A3D4LSP0,tryptamine,Di,0,0.0013,0.0096,dev
A0A3D4LSP0,tryptamine,Mono,0,0.0004,0.0069,dev
A0A3D4LSP0,tryptamine,Tri,0,0.0033,0.0096,dev
A0A3D4LSP0,tyramine,Di,0,0.0447,0.0679,dev
A0A3D4LSP0,tyramine,Mono,0,0.2888,0.1867,dev
A0A3D4LSP0,tyramine,Tri,0,0.0802,0.0679,dev
A0A3E2XR62,"2,3_diaminopropionic acid",Di,0,0.1708,0.1317,dev
A0A3E2XR62,"2,3_diaminopropionic acid",Mono,0,0.1072,0.0758,dev
A0A3E2XR62,"2,3_diaminopropionic acid",Tri,1,0.8094,0.7547,dev
A0A3E2XR62,2_aminophenol,Di,1,0.8074,0.7547,dev
A0A3E2XR62,2_aminophenol,Mono,0,0.3196,0.22,dev
A0A3E2XR62,2_aminophenol,Tri,1,0.9521,0.7921,dev
A0A3E2XR62,3_methoxytyramine,Di,0,0.0446,0.0679,dev
A0A3E2XR62,3_methoxytyramine,Mono,0,0.0056,0.0157,dev
A0A3E2XR62,3_methoxytyramine,Tri,0,0.0921,0.0758,dev
A0A3E2XR62,alanine,Di,1,0.9935,0.8962,dev
A0A3E2XR62,alanine,Mono,1,0.9805,0.8343,dev
A0A3E2XR62,alanine,Tri,1,0.8056,0.7547,dev
A0A3E2XR62,arginine,Di,0,0.004,0.0096,dev
A0A3E2XR62,arginine,Mono,0,0.0021,0.0096,dev
A0A3E2XR62,arginine,Tri,0,0.0157,0.0264,dev
A0A3E2XR62,asparagine,Di,0,0.1164,0.0758,dev
A0A3E2XR62,asparagine,Mono,0,0.1027,0.0758,dev
A0A3E2XR62,asparagine,Tri,1,0.9776,0.8343,dev
A0A3E2XR62,cadaverine,Di,0,0.0059,0.0157,dev
A0A3E2XR62,cadaverine,Mono,0,0.004,0.0096,dev
A0A3E2XR62,cadaverine,Tri,0,0.0333,0.0264,dev
A0A3E2XR62,citrulline,Di,0,0.0485,0.0679,dev
A0A3E2XR62,citrulline,Mono,0,0.0174,0.0264,dev
A0A3E2XR62,citrulline,Tri,0,0.0568,0.0679,dev
A0A3E2XR62,cystine,Di,0,0.0096,0.0179,dev
A0A3E2XR62,cystine,Mono,0,0.0032,0.0096,dev
A0A3E2XR62,cystine,Tri,0,0.0264,0.0264,dev
A0A3E2XR62,dopamine,Di,0,0.2122,0.1317,dev
A0A3E2XR62,dopamine,Mono,0,0.0832,0.0741,dev
A0A3E2XR62,dopamine,Tri,1,0.9669,0.8273,dev
A0A3E2XR62,gaba,Di,1,0.9948,0.8962,dev
A0A3E2XR62,gaba,Mono,1,0.9949,0.8962,dev
A0A3E2XR62,gaba,Tri,1,0.9985,1.0,dev
A0A3E2XR62,glutamine,Di,0,0.1004,0.0758,dev
A0A3E2XR62,glutamine,Mono,0,0.1116,0.0758,dev
A0A3E2XR62,glutamine,Tri,0,0.2161,0.1317,dev
A0A3E2XR62,glyglycine,Di,0,0.0795,0.0679,dev
A0A3E2XR62,glyglycine,Mono,0,0.0564,0.0679,dev
A0A3E2XR62,glyglycine,Tri,0,0.35,0.2642,dev
A0A3E2XR62,histidine,Di,0,0.0017,0.0096,dev
A0A3E2XR62,histidine,Mono,0,0.0015,0.0096,dev
A0A3E2XR62,histidine,Tri,0,0.0097,0.0179,dev
A0A3E2XR62,lysine,Di,1,0.6305,0.5862,dev
A0A3E2XR62,lysine,Mono,0,0.2138,0.1317,dev
A0A3E2XR62,lysine,Tri,0,0.1977,0.1317,dev
A0A3E2XR62,methionine,Di,0,0.1989,0.1317,dev
A0A3E2XR62,methionine,Mono,0,0.1365,0.1192,dev
A0A3E2XR62,methionine,Tri,0,0.411,0.2642,dev
A0A3E2XR62,ornithine,Di,0,0.1039,0.0758,dev
A0A3E2XR62,ornithine,Mono,0,0.0481,0.0679,dev
A0A3E2XR62,ornithine,Tri,0,0.0544,0.0679,dev
A0A3E2XR62,phenylalanine,Di,1,0.987,0.8343,dev
A0A3E2XR62,phenylalanine,Mono,0,0.4027,0.2642,dev
A0A3E2XR62,phenylalanine,Tri,1,0.9965,0.9,dev
A0A3E2XR62,proline,Di,0,0.005,0.0097,dev
A0A3E2XR62,proline,Mono,0,0.0084,0.0167,dev
A0A3E2XR62,proline,Tri,0,0.065,0.0679,dev
A0A3E2XR62,putrescine,Di,0,0.0099,0.0179,dev
A0A3E2XR62,putrescine,Mono,0,0.0063,0.0157,dev
A0A3E2XR62,putrescine,Tri,0,0.0539,0.0679,dev
A0A3E2XR62,serine,Di,1,0.3271,0.2642,dev
A0A3E2XR62,serine,Mono,1,0.7862,0.7234,dev
A0A3E2XR62,serine,Tri,0,0.3598,0.2642,dev
A0A3E2XR62,serotonin,Di,0,0.0024,0.0096,dev
A0A3E2XR62,serotonin,Mono,0,0.0269,0.0264,dev
A0A3E2XR62,serotonin,Tri,0,0.0133,0.0264,dev
A0A3E2XR62,threonine,Di,0,0.0412,0.046,dev
A0A3E2XR62,threonine,Mono,1,0.276,0.1867,dev
A0A3E2XR62,threonine,Tri,0,0.0279,0.0264,dev
A0A3E2XR62,tryptamine,Di,0,0.0015,0.0096,dev
A0A3E2XR62,tryptamine,Mono,0,0.0006,0.0069,dev
A0A3E2XR62,tryptamine,Tri,0,0.0114,0.0264,dev
A0A3E2XR62,tyramine,Di,0,0.0452,0.0679,dev
A0A3E2XR62,tyramine,Mono,0,0.4935,0.4048,dev
A0A3E2XR62,tyramine,Tri,0,0.2206,0.1466,dev
A0A3E4KT54,"2,3_diaminopropionic acid",Di,0,0.0158,0.0264,dev
A0A3E4KT54,"2,3_diaminopropionic acid",Mono,0,0.0022,0.0096,dev
A0A3E4KT54,"2,3_diaminopropionic acid",Tri,0,0.1294,0.1,dev
A0A3E4KT54,2_aminophenol,Di,1,0.4936,0.4048,dev
A0A3E4KT54,2_aminophenol,Mono,0,0.0365,0.046,dev
A0A3E4KT54,2_aminophenol,Tri,1,0.5289,0.4048,dev
A0A3E4KT54,3_methoxytyramine,Di,1,0.0399,0.046,dev
A0A3E4KT54,3_methoxytyramine,Mono,0,0.0011,0.0096,dev
A0A3E4KT54,3_methoxytyramine,Tri,0,0.0219,0.0264,dev
A0A3E4KT54,alanine,Di,1,0.8818,0.7547,dev
A0A3E4KT54,alanine,Mono,1,0.3741,0.2642,dev
A0A3E4KT54,alanine,Tri,0,0.0315,0.0264,dev
A0A3E4KT54,arginine,Di,0,0.0001,0.0058,dev
A0A3E4KT54,arginine,Mono,0,0.0,0.0,dev
A0A3E4KT54,arginine,Tri,0,0.0002,0.0069,dev
A0A3E4KT54,asparagine,Di,0,0.009,0.0179,dev
A0A3E4KT54,asparagine,Mono,0,0.0029,0.0096,dev
A0A3E4KT54,asparagine,Tri,1,0.7275,0.7234,dev
A0A3E4KT54,cadaverine,Di,0,0.0009,0.0069,dev
A0A3E4KT54,cadaverine,Mono,0,0.0002,0.0069,dev
A0A3E4KT54,cadaverine,Tri,0,0.0019,0.0096,dev
A0A3E4KT54,citrulline,Di,0,0.0002,0.0069,dev
A0A3E4KT54,citrulline,Mono,0,0.0,0.0,dev
A0A3E4KT54,citrulline,Tri,0,0.0001,0.0058,dev
A0A3E4KT54,cystine,Di,0,0.0019,0.0096,dev
A0A3E4KT54,cystine,Mono,0,0.0001,0.0058,dev
A0A3E4KT54,cystine,Tri,0,0.0015,0.0096,dev
A0A3E4KT54,dopamine,Di,0,0.0796,0.0679,dev
A0A3E4KT54,dopamine,Mono,0,0.0066,0.0157,dev
A0A3E4KT54,dopamine,Tri,1,0.7846,0.7234,dev
A0A3E4KT54,gaba,Di,1,0.8755,0.7547,dev
A0A3E4KT54,gaba,Mono,1,0.6585,0.5862,dev
A0A3E4KT54,gaba,Tri,1,0.9071,0.7921,dev
A0A3E4KT54,glutamine,Di,0,0.0015,0.0096,dev
A0A3E4KT54,glutamine,Mono,0,0.0008,0.0069,dev
A0A3E4KT54,glutamine,Tri,0,0.0012,0.0096,dev
A0A3E4KT54,glyglycine,Di,0,0.0026,0.0096,dev
A0A3E4KT54,glyglycine,Mono,0,0.0004,0.0069,dev
A0A3E4KT54,glyglycine,Tri,0,0.0033,0.0096,dev
A0A3E4KT54,histidine,Di,0,0.0002,0.0069,dev
A0A3E4KT54,histidine,Mono,0,0.0001,0.0058,dev
A0A3E4KT54,histidine,Tri,0,0.0005,0.0069,dev
A0A3E4KT54,lysine,Di,0,0.0065,0.0157,dev
A0A3E4KT54,lysine,Mono,0,0.0005,0.0069,dev
A0A3E4KT54,lysine,Tri,0,0.0007,0.0069,dev
A0A3E4KT54,methionine,Di,0,0.0011,0.0096,dev
A0A3E4KT54,methionine,Mono,0,0.0003,0.0069,dev
A0A3E4KT54,methionine,Tri,0,0.001,0.0069,dev
A0A3E4KT54,ornithine,Di,0,0.0159,0.0264,dev
A0A3E4KT54,ornithine,Mono,0,0.002,0.0096,dev
A0A3E4KT54,ornithine,Tri,0,0.003,0.0096,dev
A0A3E4KT54,phenylalanine,Di,1,0.8716,0.7547,dev
A0A3E4KT54,phenylalanine,Mono,0,0.0119,0.0264,dev
A0A3E4KT54,phenylalanine,Tri,1,0.8861,0.7547,dev
A0A3E4KT54,proline,Di,0,0.0009,0.0069,dev
A0A3E4KT54,proline,Mono,0,0.0003,0.0069,dev
A0A3E4KT54,proline,Tri,0,0.0071,0.0157,dev
A0A3E4KT54,putrescine,Di,0,0.0016,0.0096,dev
A0A3E4KT54,putrescine,Mono,0,0.0004,0.0069,dev
A0A3E4KT54,putrescine,Tri,0,0.0034,0.0096,dev
A0A3E4KT54,serine,Di,0,0.0072,0.0167,dev
A0A3E4KT54,serine,Mono,0,0.0074,0.0167,dev
A0A3E4KT54,serine,Tri,0,0.005,0.0097,dev
A0A3E4KT54,serotonin,Di,0,0.0004,0.0069,dev
A0A3E4KT54,serotonin,Mono,0,0.0037,0.0096,dev
A0A3E4KT54,serotonin,Tri,0,0.0008,0.0069,dev
A0A3E4KT54,threonine,Di,0,0.0005,0.0069,dev
A0A3E4KT54,threonine,Mono,0,0.0012,0.0096,dev
A0A3E4KT54,threonine,Tri,0,0.0001,0.0058,dev
A0A3E4KT54,tryptamine,Di,0,0.0015,0.0096,dev
A0A3E4KT54,tryptamine,Mono,0,0.0003,0.0069,dev
A0A3E4KT54,tryptamine,Tri,0,0.0032,0.0096,dev
A0A3E4KT54,tyramine,Di,0,0.0028,0.0096,dev
A0A3E4KT54,tyramine,Mono,0,0.0208,0.0264,dev
A0A3E4KT54,tyramine,Tri,0,0.0051,0.0157,dev
A0A3E4LQA4,"2,3_diaminopropionic acid",Di,0,0.1609,0.1192,dev
A0A3E4LQA4,"2,3_diaminopropionic acid",Mono,0,0.0718,0.0679,dev
A0A3E4LQA4,"2,3_diaminopropionic acid",Tri,1,0.6888,0.6364,dev
A0A3E4LQA4,2_aminophenol,Di,1,0.7572,0.7234,dev
A0A3E4LQA4,2_aminophenol,Mono,0,0.2719,0.1867,dev
A0A3E4LQA4,2_aminophenol,Tri,1,0.8649,0.7547,dev
A0A3E4LQA4,3_methoxytyramine,Di,0,0.0643,0.0679,dev
A0A3E4LQA4,3_methoxytyramine,Mono,0,0.0074,0.0167,dev
A0A3E4LQA4,3_methoxytyramine,Tri,0,0.0763,0.0679,dev
A0A3E4LQA4,alanine,Di,1,0.9878,0.8873,dev
A0A3E4LQA4,alanine,Mono,1,0.9628,0.7921,dev
A0A3E4LQA4,alanine,Tri,1,0.8128,0.7547,dev
A0A3E4LQA4,arginine,Di,0,0.0075,0.0167,dev
A0A3E4LQA4,arginine,Mono,0,0.0033,0.0096,dev
A0A3E4LQA4,arginine,Tri,0,0.0142,0.0264,dev
A0A3E4LQA4,asparagine,Di,0,0.1287,0.0781,dev
A0A3E4LQA4,asparagine,Mono,0,0.0742,0.0679,dev
A0A3E4LQA4,asparagine,Tri,1,0.9442,0.7921,dev
A0A3E4LQA4,cadaverine,Di,0,0.0076,0.0167,dev
A0A3E4LQA4,cadaverine,Mono,0,0.0037,0.0096,dev
A0A3E4LQA4,cadaverine,Tri,0,0.0193,0.0264,dev
A0A3E4LQA4,citrulline,Di,1,0.0453,0.0679,dev
A0A3E4LQA4,citrulline,Mono,0,0.015,0.0264,dev
A0A3E4LQA4,citrulline,Tri,0,0.0292,0.0264,dev
A0A3E4LQA4,cystine,Di,0,0.0174,0.0264,dev
A0A3E4LQA4,cystine,Mono,0,0.0041,0.0096,dev
A0A3E4LQA4,cystine,Tri,0,0.0196,0.0264,dev
A0A3E4LQA4,dopamine,Di,0,0.1891,0.1317,dev
A0A3E4LQA4,dopamine,Mono,0,0.0461,0.0679,dev
A0A3E4LQA4,dopamine,Tri,1,0.9116,0.7921,dev
A0A3E4LQA4,gaba,Di,1,0.9788,0.8343,dev
A0A3E4LQA4,gaba,Mono,1,0.9652,0.8273,dev
A0A3E4LQA4,gaba,Tri,1,0.9867,0.8343,dev
A0A3E4LQA4,glutamine,Di,0,0.131,0.1192,dev
A0A3E4LQA4,glutamine,Mono,0,0.0911,0.0758,dev
A0A3E4LQA4,glutamine,Tri,0,0.1534,0.1192,dev
A0A3E4LQA4,glyglycine,Di,0,0.05,0.0679,dev
A0A3E4LQA4,glyglycine,Mono,0,0.0277,0.0264,dev
A0A3E4LQA4,glyglycine,Tri,1,0.1335,0.1192,dev
A0A3E4LQA4,histidine,Di,0,0.0026,0.0096,dev
A0A3E4LQA4,histidine,Mono,0,0.003,0.0096,dev
A0A3E4LQA4,histidine,Tri,1,0.008,0.0167,dev
A0A3E4LQA4,lysine,Di,1,0.4668,0.37,dev
A0A3E4LQA4,lysine,Mono,0,0.1444,0.1192,dev
A0A3E4LQA4,lysine,Tri,0,0.1155,0.0758,dev
A0A3E4LQA4,methionine,Di,1,0.1919,0.1317,dev
A0A3E4LQA4,methionine,Mono,0,0.107,0.0758,dev
A0A3E4LQA4,methionine,Tri,1,0.2475,0.1466,dev
A0A3E4LQA4,ornithine,Di,0,0.1259,0.0781,dev
A0A3E4LQA4,ornithine,Mono,0,0.0492,0.0679,dev
A0A3E4LQA4,ornithine,Tri,0,0.0581,0.0679,dev
A0A3E4LQA4,phenylalanine,Di,1,0.9656,0.8273,dev
A0A3E4LQA4,phenylalanine,Mono,1,0.2833,0.1867,dev
A0A3E4LQA4,phenylalanine,Tri,1,0.9838,0.8343,dev
A0A3E4LQA4,proline,Di,0,0.0053,0.0157,dev
A0A3E4LQA4,proline,Mono,0,0.0043,0.0096,dev
A0A3E4LQA4,proline,Tri,0,0.0337,0.0264,dev
A0A3E4LQA4,putrescine,Di,0,0.0091,0.0179,dev
A0A3E4LQA4,putrescine,Mono,0,0.0043,0.0096,dev
A0A3E4LQA4,putrescine,Tri,0,0.0232,0.0264,dev
A0A3E4LQA4,serine,Di,1,0.3399,0.2642,dev
A0A3E4LQA4,serine,Mono,1,0.5487,0.4048,dev
A0A3E4LQA4,serine,Tri,0,0.2954,0.1867,dev
A0A3E4LQA4,serotonin,Di,0,0.0024,0.0096,dev
A0A3E4LQA4,serotonin,Mono,0,0.0219,0.0264,dev
A0A3E4LQA4,serotonin,Tri,0,0.0046,0.0096,dev
A0A3E4LQA4,threonine,Di,0,0.0669,0.0679,dev
A0A3E4LQA4,threonine,Mono,1,0.3027,0.22,dev
A0A3E4LQA4,threonine,Tri,0,0.0322,0.0264,dev
A0A3E4LQA4,tryptamine,Di,0,0.0011,0.0096,dev
A0A3E4LQA4,tryptamine,Mono,0,0.0004,0.0069,dev
A0A3E4LQA4,tryptamine,Tri,0,0.0032,0.0096,dev
A0A3E4LQA4,tyramine,Di,0,0.0296,0.0264,dev
A0A3E4LQA4,tyramine,Mono,1,0.2656,0.1867,dev
A0A3E4LQA4,tyramine,Tri,0,0.0598,0.0679,dev
A0A3N2MZX6,"2,3_diaminopropionic acid",Di,0,0.0102,0.0179,dev
A0A3N2MZX6,"2,3_diaminopropionic acid",Mono,0,0.0023,0.0096,dev
A0A3N2MZX6,"2,3_diaminopropionic acid",Tri,0,0.0826,0.0741,dev
A0A3N2MZX6,2_aminophenol,Di,1,0.0594,0.0679,dev
A0A3N2MZX6,2_aminophenol,Mono,0,0.0032,0.0096,dev
A0A3N2MZX6,2_aminophenol,Tri,1,0.1095,0.0758,dev
A0A3N2MZX6,3_methoxytyramine,Di,1,0.0106,0.0264,dev
A0A3N2MZX6,3_methoxytyramine,Mono,0,0.0006,0.0069,dev
A0A3N2MZX6,3_methoxytyramine,Tri,0,0.0144,0.0264,dev
A0A3N2MZX6,alanine,Di,1,0.8283,0.7547,dev
A0A3N2MZX6,alanine,Mono,0,0.5014,0.4048,dev
A0A3N2MZX6,alanine,Tri,0,0.1396,0.1192,dev
A0A3N2MZX6,arginine,Di,0,0.0005,0.0069,dev
A0A3N2MZX6,arginine,Mono,0,0.0001,0.0058,dev
A0A3N2MZX6,arginine,Tri,0,0.0007,0.0069,dev
A0A3N2MZX6,asparagine,Di,0,0.0342,0.0264,dev
A0A3N2MZX6,asparagine,Mono,0,0.012,0.0264,dev
A0A3N2MZX6,asparagine,Tri,1,0.8013,0.7547,dev
A0A3N2MZX6,cadaverine,Di,0,0.0006,0.0069,dev
A0A3N2MZX6,cadaverine,Mono,0,0.0002,0.0069,dev
A0A3N2MZX6,cadaverine,Tri,0,0.0015,0.0096,dev
A0A3N2MZX6,citrulline,Di,0,0.002,0.0096,dev
A0A3N2MZX6,citrulline,Mono,0,0.0003,0.0069,dev
A0A3N2MZX6,citrulline,Tri,0,0.0012,0.0096,dev
A0A3N2MZX6,cystine,Di,0,0.0009,0.0069,dev
A0A3N2MZX6,cystine,Mono,0,0.0001,0.0058,dev
A0A3N2MZX6,cystine,Tri,0,0.0009,0.0069,dev
A0A3N2MZX6,dopamine,Di,1,0.0475,0.0679,dev
A0A3N2MZX6,dopamine,Mono,0,0.0055,0.0157,dev
A0A3N2MZX6,dopamine,Tri,1,0.7335,0.7234,dev
A0A3N2MZX6,gaba,Di,1,0.9448,0.7921,dev
A0A3N2MZX6,gaba,Mono,1,0.8804,0.7547,dev
A0A3N2MZX6,gaba,Tri,1,0.9646,0.8273,dev
A0A3N2MZX6,glutamine,Di,0,0.0061,0.0157,dev
A0A3N2MZX6,glutamine,Mono,0,0.0024,0.0096,dev
A0A3N2MZX6,glutamine,Tri,0,0.0061,0.0157,dev
A0A3N2MZX6,glyglycine,Di,0,0.0101,0.0179,dev
A0A3N2MZX6,glyglycine,Mono,0,0.0026,0.0096,dev
A0A3N2MZX6,glyglycine,Tri,0,0.0377,0.046,dev
A0A3N2MZX6,histidine,Di,0,0.0004,0.0069,dev
A0A3N2MZX6,histidine,Mono,0,0.0002,0.0069,dev
A0A3N2MZX6,histidine,Tri,0,0.0012,0.0096,dev
A0A3N2MZX6,lysine,Di,0,0.0188,0.0264,dev
A0A3N2MZX6,lysine,Mono,0,0.0021,0.0096,dev
A0A3N2MZX6,lysine,Tri,0,0.004,0.0096,dev
A0A3N2MZX6,methionine,Di,0,0.0022,0.0096,dev
A0A3N2MZX6,methionine,Mono,0,0.0007,0.0069,dev
A0A3N2MZX6,methionine,Tri,0,0.0037,0.0096,dev
A0A3N2MZX6,ornithine,Di,0,0.0081,0.0167,dev
A0A3N2MZX6,ornithine,Mono,0,0.0013,0.0096,dev
A0A3N2MZX6,ornithine,Tri,0,0.0035,0.0096,dev
A0A3N2MZX6,phenylalanine,Di,1,0.8101,0.7547,dev
A0A3N2MZX6,phenylalanine,Mono,0,0.0288,0.0264,dev
A0A3N2MZX6,phenylalanine,Tri,1,0.9158,0.7921,dev
A0A3N2MZX6,proline,Di,0,0.0007,0.0069,dev
A0A3N2MZX6,proline,Mono,0,0.0003,0.0069,dev
A0A3N2MZX6,proline,Tri,0,0.004,0.0096,dev
A0A3N2MZX6,putrescine,Di,0,0.0008,0.0069,dev
A0A3N2MZX6,putrescine,Mono,0,0.0002,0.0069,dev
A0A3N2MZX6,putrescine,Tri,0,0.0021,0.0096,dev
A0A3N2MZX6,serine,Di,0,0.0137,0.0264,dev
A0A3N2MZX6,serine,Mono,0,0.0285,0.0264,dev
A0A3N2MZX6,serine,Tri,0,0.0141,0.0264,dev
A0A3N2MZX6,serotonin,Di,0,0.0003,0.0069,dev
A0A3N2MZX6,serotonin,Mono,1,0.0008,0.0069,dev
A0A3N2MZX6,serotonin,Tri,0,0.0007,0.0069,dev
A0A3N2MZX6,threonine,Di,0,0.0023,0.0096,dev
A0A3N2MZX6,threonine,Mono,0,0.0097,0.0179,dev
A0A3N2MZX6,threonine,Tri,0,0.0009,0.0069,dev
A0A3N2MZX6,tryptamine,Di,0,0.0003,0.0069,dev
A0A3N2MZX6,tryptamine,Mono,0,0.0,0.0,dev
A0A3N2MZX6,tryptamine,Tri,0,0.001,0.0069,dev
A0A3N2MZX6,tyramine,Di,0,0.0029,0.0096,dev
A0A3N2MZX6,tyramine,Mono,1,0.0138,0.0264,dev
A0A3N2MZX6,tyramine,Tri,0,0.0087,0.0179,dev
A0A3Q0NGD6,"2,3_diaminopropionic acid",Di,0,0.0845,0.0741,test
A0A3Q0NGD6,"2,3_diaminopropionic acid",Mono,0,0.0383,0.046,test
A0A3Q0NGD6,"2,3_diaminopropionic acid",Tri,1,0.7328,0.7234,test
A0A3Q0NGD6,2_aminophenol,Di,1,0.6684,0.5862,test
A0A3Q0NGD6,2_aminophenol,Mono,0,0.1296,0.1,test
A0A3Q0NGD6,2_aminophenol,Tri,1,0.8644,0.7547,test
A0A3Q0NGD6,3_methoxytyramine,Di,0,0.0174,0.0264,test
A0A3Q0NGD6,3_methoxytyramine,Mono,0,0.0016,0.0096,test
A0A3Q0NGD6,3_methoxytyramine,Tri,0,0.0234,0.0264,test
A0A3Q0NGD6,alanine,Di,1,0.9881,0.8873,test
A0A3Q0NGD6,alanine,Mono,1,0.964,0.8273,test
A0A3Q0NGD6,alanine,Tri,1,0.6869,0.5862,test
A0A3Q0NGD6,arginine,Di,0,0.0022,0.0096,test
A0A3Q0NGD6,arginine,Mono,0,0.0003,0.0069,test
A0A3Q0NGD6,arginine,Tri,0,0.0041,0.0096,test
A0A3Q0NGD6,asparagine,Di,0,0.0697,0.0679,test
A0A3Q0NGD6,asparagine,Mono,0,0.0484,0.0679,test
A0A3Q0NGD6,asparagine,Tri,1,0.9704,0.8273,test
A0A3Q0NGD6,cadaverine,Di,0,0.0015,0.0096,test
A0A3Q0NGD6,cadaverine,Mono,0,0.0005,0.0069,test
A0A3Q0NGD6,cadaverine,Tri,0,0.004,0.0096,test
A0A3Q0NGD6,citrulline,Di,1,0.0126,0.0264,test
A0A3Q0NGD6,citrulline,Mono,0,0.0013,0.0096,test
A0A3Q0NGD6,citrulline,Tri,1,0.0051,0.0157,test
A0A3Q0NGD6,cystine,Di,0,0.0066,0.0157,test
A0A3Q0NGD6,cystine,Mono,0,0.0016,0.0096,test
A0A3Q0NGD6,cystine,Tri,0,0.0126,0.0264,test
A0A3Q0NGD6,dopamine,Di,0,0.0912,0.0758,test
A0A3Q0NGD6,dopamine,Mono,0,0.0266,0.0264,test
A0A3Q0NGD6,dopamine,Tri,1,0.9462,0.7921,test
A0A3Q0NGD6,gaba,Di,1,0.992,0.8962,test
A0A3Q0NGD6,gaba,Mono,1,0.9837,0.8343,test
A0A3Q0NGD6,gaba,Tri,1,0.9957,0.8962,test
A0A3Q0NGD6,glutamine,Di,1,0.0654,0.0679,test
A0A3Q0NGD6,glutamine,Mono,1,0.0462,0.0679,test
A0A3Q0NGD6,glutamine,Tri,1,0.0643,0.0679,test
A0A3Q0NGD6,glyglycine,Di,0,0.0388,0.046,test
A0A3Q0NGD6,glyglycine,Mono,0,0.0181,0.0264,test
A0A3Q0NGD6,glyglycine,Tri,1,0.1442,0.1192,test
A0A3Q0NGD6,histidine,Di,0,0.0011,0.0096,test
A0A3Q0NGD6,histidine,Mono,0,0.001,0.0069,test
A0A3Q0NGD6,histidine,Tri,0,0.0053,0.0157,test
A0A3Q0NGD6,lysine,Di,1,0.4082,0.2642,test
A0A3Q0NGD6,lysine,Mono,1,0.0288,0.0264,test
A0A3Q0NGD6,lysine,Tri,0,0.0324,0.0264,test
A0A3Q0NGD6,methionine,Di,1,0.0496,0.0679,test
A0A3Q0NGD6,methionine,Mono,0,0.0252,0.0264,test
A0A3Q0NGD6,methionine,Tri,1,0.0715,0.0679,test
A0A3Q0NGD6,ornithine,Di,0,0.1265,0.0781,test
A0A3Q0NGD6,ornithine,Mono,0,0.0156,0.0264,test
A0A3Q0NGD6,ornithine,Tri,0,0.027,0.0264,test
A0A3Q0NGD6,phenylalanine,Di,1,0.9838,0.8343,test
A0A3Q0NGD6,phenylalanine,Mono,1,0.2143,0.1317,test
A0A3Q0NGD6,phenylalanine,Tri,1,0.9922,0.8962,test
A0A3Q0NGD6,proline,Di,0,0.0019,0.0096,test
A0A3Q0NGD6,proline,Mono,0,0.0013,0.0096,test
A0A3Q0NGD6,proline,Tri,0,0.0406,0.046,test
A0A3Q0NGD6,putrescine,Di,0,0.0029,0.0096,test
A0A3Q0NGD6,putrescine,Mono,0,0.001,0.0069,test
A0A3Q0NGD6,putrescine,Tri,0,0.0076,0.0167,test
A0A3Q0NGD6,serine,Di,1,0.2602,0.1538,test
A0A3Q0NGD6,serine,Mono,1,0.6322,0.5862,test
A0A3Q0NGD6,serine,Tri,0,0.2347,0.1466,test
A0A3Q0NGD6,serotonin,Di,0,0.0009,0.0069,test
A0A3Q0NGD6,serotonin,Mono,0,0.0115,0.0264,test
A0A3Q0NGD6,serotonin,Tri,0,0.0045,0.0096,test
A0A3Q0NGD6,threonine,Di,0,0.017,0.0264,test
A0A3Q0NGD6,threonine,Mono,1,0.1302,0.1192,test
A0A3Q0NGD6,threonine,Tri,0,0.0052,0.0157,test
A0A3Q0NGD6,tryptamine,Di,0,0.0006,0.0069,test
A0A3Q0NGD6,tryptamine,Mono,0,0.0002,0.0069,test
A0A3Q0NGD6,tryptamine,Tri,0,0.0027,0.0096,test
A0A3Q0NGD6,tyramine,Di,0,0.0137,0.0264,test
A0A3Q0NGD6,tyramine,Mono,1,0.174,0.1317,test
A0A3Q0NGD6,tyramine,Tri,0,0.0586,0.0679,test
A0A3R6IUG4,"2,3_diaminopropionic acid",Di,0,0.2277,0.1466,dev
A0A3R6IUG4,"2,3_diaminopropionic acid",Mono,0,0.1369,0.1192,dev
A0A3R6IUG4,"2,3_diaminopropionic acid",Tri,1,0.74,0.7234,dev
A0A3R6IUG4,2_aminophenol,Di,1,0.815,0.7547,dev
A0A3R6IUG4,2_aminophenol,Mono,0,0.3885,0.2642,dev
A0A3R6IUG4,2_aminophenol,Tri,1,0.8953,0.7547,dev
A0A3R6IUG4,3_methoxytyramine,Di,0,0.1003,0.0758,dev
A0A3R6IUG4,3_methoxytyramine,Mono,0,0.014,0.0264,dev
A0A3R6IUG4,3_methoxytyramine,Tri,0,0.0897,0.0758,dev
A0A3R6IUG4,alanine,Di,1,0.9897,0.8873,dev
A0A3R6IUG4,alanine,Mono,1,0.9743,0.8273,dev
A0A3R6IUG4,alanine,Tri,1,0.8258,0.7547,dev
A0A3R6IUG4,arginine,Di,0,0.0087,0.0179,dev
A0A3R6IUG4,arginine,Mono,0,0.0044,0.0096,dev
A0A3R6IUG4,arginine,Tri,0,0.0156,0.0264,dev
A0A3R6IUG4,asparagine,Di,0,0.1871,0.1317,dev
A0A3R6IUG4,asparagine,Mono,0,0.1301,0.1,dev
A0A3R6IUG4,asparagine,Tri,1,0.9448,0.7921,dev
A0A3R6IUG4,cadaverine,Di,0,0.0115,0.0264,dev
A0A3R6IUG4,cadaverine,Mono,0,0.0075,0.0167,dev
A0A3R6IUG4,cadaverine,Tri,0,0.03,0.0264,dev
A0A3R6IUG4,citrulline,Di,0,0.0733,0.0679,dev
A0A3R6IUG4,citrulline,Mono,0,0.0302,0.0264,dev
A0A3R6IUG4,citrulline,Tri,0,0.0425,0.0679,dev
A0A3R6IUG4,cystine,Di,0,0.0302,0.0264,dev
A0A3R6IUG4,cystine,Mono,0,0.0083,0.0167,dev
A0A3R6IUG4,cystine,Tri,0,0.0291,0.0264,dev
A0A3R6IUG4,dopamine,Di,0,0.2453,0.1466,dev
A0A3R6IUG4,dopamine,Mono,0,0.0875,0.0758,dev
A0A3R6IUG4,dopamine,Tri,1,0.9104,0.7921,dev
A0A3R6IUG4,gaba,Di,1,0.9887,0.8873,dev
A0A3R6IUG4,gaba,Mono,1,0.9864,0.8343,dev
A0A3R6IUG4,gaba,Tri,1,0.9936,0.8962,dev
A0A3R6IUG4,glutamine,Di,0,0.2196,0.1466,dev
A0A3R6IUG4,glutamine,Mono,0,0.1693,0.1317,dev
A0A3R6IUG4,glutamine,Tri,0,0.2287,0.1466,dev
A0A3R6IUG4,glyglycine,Di,0,0.0852,0.0758,dev
A0A3R6IUG4,glyglycine,Mono,0,0.0534,0.0679,dev
A0A3R6IUG4,glyglycine,Tri,0,0.1639,0.1192,dev
A0A3R6IUG4,histidine,Di,0,0.0032,0.0096,dev
A0A3R6IUG4,histidine,Mono,0,0.0044,0.0096,dev
A0A3R6IUG4,histidine,Tri,0,0.0085,0.0167,dev
A0A3R6IUG4,lysine,Di,1,0.557,0.4048,dev
A0A3R6IUG4,lysine,Mono,0,0.2509,0.1466,dev
A0A3R6IUG4,lysine,Tri,0,0.1834,0.1317,dev
A0A3R6IUG4,methionine,Di,0,0.2957,0.1867,dev
A0A3R6IUG4,methionine,Mono,0,0.2071,0.1317,dev
A0A3R6IUG4,methionine,Tri,0,0.3501,0.2642,dev
A0A3R6IUG4,ornithine,Di,0,0.2368,0.1466,dev
A0A3R6IUG4,ornithine,Mono,0,0.1243,0.0781,dev
A0A3R6IUG4,ornithine,Tri,0,0.1168,0.0758,dev
A0A3R6IUG4,phenylalanine,Di,1,0.9808,0.8343,dev
A0A3R6IUG4,phenylalanine,Mono,0,0.5605,0.4048,dev
A0A3R6IUG4,phenylalanine,Tri,1,0.9894,0.8873,dev
A0A3R6IUG4,proline,Di,0,0.0066,0.0157,dev
A0A3R6IUG4,proline,Mono,0,0.007,0.0157,dev
A0A3R6IUG4,proline,Tri,0,0.0424,0.0526,dev
A0A3R6IUG4,putrescine,Di,0,0.0148,0.0264,dev
A0A3R6IUG4,putrescine,Mono,0,0.0094,0.0179,dev
A0A3R6IUG4,putrescine,Tri,0,0.0383,0.046,dev
A0A3R6IUG4,serine,Di,1,0.4926,0.4048,dev
A0A3R6IUG4,serine,Mono,1,0.6905,0.6364,dev
A0A3R6IUG4,serine,Tri,0,0.4303,0.37,dev
A0A3R6IUG4,serotonin,Di,0,0.0051,0.0157,dev
A0A3R6IUG4,serotonin,Mono,0,0.0399,0.046,dev
A0A3R6IUG4,serotonin,Tri,0,0.0091,0.0179,dev
A0A3R6IUG4,threonine,Di,0,0.0897,0.0758,dev
A0A3R6IUG4,threonine,Mono,0,0.3762,0.2642,dev
A0A3R6IUG4,threonine,Tri,0,0.0396,0.046,dev
A0A3R6IUG4,tryptamine,Di,0,0.0014,0.0096,dev
A0A3R6IUG4,tryptamine,Mono,0,0.0007,0.0069,dev
A0A3R6IUG4,tryptamine,Tri,0,0.0041,0.0096,dev
A0A3R6IUG4,tyramine,Di,0,0.06,0.0679,dev
A0A3R6IUG4,tyramine,Mono,0,0.4006,0.2642,dev
A0A3R6IUG4,tyramine,Tri,0,0.117,0.0758,dev
A0A412TTM9,"2,3_diaminopropionic acid",Di,0,0.0907,0.0758,dev
A0A412TTM9,"2,3_diaminopropionic acid",Mono,0,0.0256,0.0264,dev
A0A412TTM9,"2,3_diaminopropionic acid",Tri,1,0.3467,0.2642,dev
A0A412TTM9,2_aminophenol,Di,1,0.7594,0.7234,dev
A0A412TTM9,2_aminophenol,Mono,0,0.1193,0.0758,dev
A0A412TTM9,2_aminophenol,Tri,0,0.7668,0.7234,dev
A0A412TTM9,3_methoxytyramine,Di,1,0.2512,0.1466,dev
A0A412TTM9,3_methoxytyramine,Mono,0,0.0082,0.0167,dev
A0A412TTM9,3_methoxytyramine,Tri,0,0.0626,0.0679,dev
A0A412TTM9,alanine,Di,1,0.9124,0.7921,dev
A0A412TTM9,alanine,Mono,0,0.5995,0.566,dev
A0A412TTM9,alanine,Tri,0,0.0505,0.0679,dev
A0A412TTM9,arginine,Di,0,0.0019,0.0096,dev
A0A412TTM9,arginine,Mono,0,0.0006,0.0069,dev
A0A412TTM9,arginine,Tri,0,0.0015,0.0096,dev
A0A412TTM9,asparagine,Di,0,0.0338,0.0264,dev
A0A412TTM9,asparagine,Mono,0,0.018,0.0264,dev
A0A412TTM9,asparagine,Tri,1,0.8342,0.7547,dev
A0A412TTM9,cadaverine,Di,0,0.0022,0.0096,dev
A0A412TTM9,cadaverine,Mono,0,0.001,0.0069,dev
A0A412TTM9,cadaverine,Tri,0,0.0033,0.0096,dev
A0A412TTM9,citrulline,Di,0,0.0035,0.0096,dev
A0A412TTM9,citrulline,Mono,0,0.0008,0.0069,dev
A0A412TTM9,citrulline,Tri,0,0.0011,0.0096,dev
A0A412TTM9,cystine,Di,0,0.0095,0.0179,dev
A0A412TTM9,cystine,Mono,0,0.0011,0.0096,dev
A0A412TTM9,cystine,Tri,0,0.0063,0.0157,dev
A0A412TTM9,dopamine,Di,0,0.1847,0.1317,dev
A0A412TTM9,dopamine,Mono,0,0.0307,0.0264,dev
A0A412TTM9,dopamine,Tri,0,0.9113,0.7921,dev
A0A412TTM9,gaba,Di,1,0.9576,0.7921,dev
A0A412TTM9,gaba,Mono,0,0.9401,0.7921,dev
A0A412TTM9,gaba,Tri,1,0.9652,0.8273,dev
A0A412TTM9,glutamine,Di,0,0.0244,0.0264,dev
A0A412TTM9,glutamine,Mono,0,0.0251,0.0264,dev
A0A412TTM9,glutamine,Tri,0,0.0091,0.0179,dev
A0A412TTM9,glyglycine,Di,0,0.0081,0.0167,dev
A0A412TTM9,glyglycine,Mono,0,0.0026,0.0096,dev
A0A412TTM9,glyglycine,Tri,0,0.0087,0.0179,dev
A0A412TTM9,histidine,Di,0,0.0009,0.0069,dev
A0A412TTM9,histidine,Mono,0,0.0008,0.0069,dev
A0A412TTM9,histidine,Tri,0,0.0017,0.0096,dev
A0A412TTM9,lysine,Di,0,0.0173,0.0264,dev
A0A412TTM9,lysine,Mono,0,0.0051,0.0157,dev
A0A412TTM9,lysine,Tri,0,0.0029,0.0096,dev
A0A412TTM9,methionine,Di,0,0.0144,0.0264,dev
A0A412TTM9,methionine,Mono,0,0.0069,0.0157,dev
A0A412TTM9,methionine,Tri,0,0.0092,0.0179,dev
A0A412TTM9,ornithine,Di,0,0.0683,0.0679,dev
A0A412TTM9,ornithine,Mono,0,0.0276,0.0264,dev
A0A412TTM9,ornithine,Tri,0,0.0159,0.0264,dev
A0A412TTM9,phenylalanine,Di,1,0.9379,0.7921,dev
A0A412TTM9,phenylalanine,Mono,0,0.0659,0.0679,dev
A0A412TTM9,phenylalanine,Tri,1,0.9537,0.7921,dev
A0A412TTM9,proline,Di,0,0.0034,0.0096,dev
A0A412TTM9,proline,Mono,0,0.0031,0.0096,dev
A0A412TTM9,proline,Tri,0,0.011,0.0264,dev
A0A412TTM9,putrescine,Di,0,0.0023,0.0096,dev
A0A412TTM9,putrescine,Mono,0,0.001,0.0069,dev
A0A412TTM9,putrescine,Tri,0,0.0034,0.0096,dev
A0A412TTM9,serine,Di,0,0.015,0.0264,dev
A0A412TTM9,serine,Mono,0,0.0173,0.0264,dev
A0A412TTM9,serine,Tri,0,0.0146,0.0264,dev
A0A412TTM9,serotonin,Di,0,0.0061,0.0157,dev
A0A412TTM9,serotonin,Mono,0,0.0964,0.0758,dev
A0A412TTM9,serotonin,Tri,0,0.0122,0.0264,dev
A0A412TTM9,threonine,Di,0,0.0026,0.0096,dev
A0A412TTM9,threonine,Mono,0,0.0084,0.0167,dev
A0A412TTM9,threonine,Tri,0,0.0005,0.0069,dev
A0A412TTM9,tryptamine,Di,0,0.0072,0.0157,dev
A0A412TTM9,tryptamine,Mono,0,0.0016,0.0096,dev
A0A412TTM9,tryptamine,Tri,0,0.0115,0.0264,dev
A0A412TTM9,tyramine,Di,0,0.0135,0.0264,dev
A0A412TTM9,tyramine,Mono,0,0.1974,0.1317,dev
A0A412TTM9,tyramine,Tri,0,0.0257,0.0264,dev
A0A413RDG7,"2,3_diaminopropionic acid",Di,0,0.2832,0.1867,dev
A0A413RDG7,"2,3_diaminopropionic acid",Mono,0,0.1561,0.1192,dev
A0A413RDG7,"2,3_diaminopropionic acid",Tri,1,0.8107,0.7547,dev
A0A413RDG7,2_aminophenol,Di,1,0.8845,0.7547,dev
A0A413RDG7,2_aminophenol,Mono,0,0.4815,0.37,dev
A0A413RDG7,2_aminophenol,Tri,1,0.9378,0.7921,dev
A0A413RDG7,3_methoxytyramine,Di,0,0.0913,0.0758,dev
A0A413RDG7,3_methoxytyramine,Mono,0,0.0126,0.0264,dev
A0A413RDG7,3_methoxytyramine,Tri,0,0.0972,0.0758,dev
A0A413RDG7,alanine,Di,1,0.9933,0.8962,dev
A0A413RDG7,alanine,Mono,1,0.9818,0.8343,dev
A0A413RDG7,alanine,Tri,1,0.9129,0.7921,dev
A0A413RDG7,arginine,Di,0,0.0146,0.0264,dev
A0A413RDG7,arginine,Mono,0,0.0073,0.0167,dev
A0A413RDG7,arginine,Tri,0,0.0248,0.0264,dev
A0A413RDG7,asparagine,Di,0,0.2285,0.1466,dev
A0A413RDG7,asparagine,Mono,0,0.1648,0.1192,dev
A0A413RDG7,asparagine,Tri,1,0.9642,0.8273,dev
A0A413RDG7,cadaverine,Di,0,0.0182,0.0264,dev
A0A413RDG7,cadaverine,Mono,0,0.0091,0.0179,dev
A0A413RDG7,cadaverine,Tri,0,0.0416,0.0526,dev
A0A413RDG7,citrulline,Di,0,0.138,0.1192,dev
A0A413RDG7,citrulline,Mono,0,0.0508,0.0679,dev
A0A413RDG7,citrulline,Tri,0,0.07,0.0679,dev
A0A413RDG7,cystine,Di,0,0.0353,0.046,dev
A0A413RDG7,cystine,Mono,0,0.009,0.0179,dev
A0A413RDG7,cystine,Tri,0,0.0351,0.046,dev
A0A413RDG7,dopamine,Di,0,0.2714,0.1867,dev
A0A413RDG7,dopamine,Mono,0,0.0974,0.0758,dev
A0A413RDG7,dopamine,Tri,1,0.9377,0.7921,dev
A0A413RDG7,gaba,Di,1,0.9939,0.8962,dev
A0A413RDG7,gaba,Mono,1,0.99,0.8873,dev
A0A413RDG7,gaba,Tri,1,0.996,0.9,dev
A0A413RDG7,glutamine,Di,0,0.3583,0.2642,dev
A0A413RDG7,glutamine,Mono,0,0.305,0.22,dev
A0A413RDG7,glutamine,Tri,0,0.3699,0.2642,dev
A0A413RDG7,glyglycine,Di,0,0.1036,0.0758,dev
A0A413RDG7,glyglycine,Mono,0,0.0596,0.0679,dev
A0A413RDG7,glyglycine,Tri,0,0.2239,0.1466,dev
A0A413RDG7,histidine,Di,0,0.006,0.0157,dev
A0A413RDG7,histidine,Mono,0,0.007,0.0157,dev
A0A413RDG7,histidine,Tri,0,0.0142,0.0264,dev
A0A413RDG7,lysine,Di,0,0.718,0.6364,dev
A0A413RDG7,lysine,Mono,0,0.3386,0.2642,dev
A0A413RDG7,lysine,Tri,0,0.2587,0.1466,dev
A0A413RDG7,methionine,Di,0,0.5144,0.4048,dev
A0A413RDG7,methionine,Mono,0,0.3779,0.2642,dev
A0A413RDG7,methionine,Tri,0,0.5476,0.4048,dev
A0A413RDG7,ornithine,Di,0,0.2592,0.1466,dev
A0A413RDG7,ornithine,Mono,0,0.1101,0.0758,dev
A0A413RDG7,ornithine,Tri,0,0.104,0.0758,dev
A0A413RDG7,phenylalanine,Di,1,0.9884,0.8873,dev
A0A413RDG7,phenylalanine,Mono,0,0.6638,0.5862,dev
A0A413RDG7,phenylalanine,Tri,1,0.9932,0.8962,dev
A0A413RDG7,proline,Di,0,0.0089,0.0179,dev
A0A413RDG7,proline,Mono,0,0.0086,0.0167,dev
A0A413RDG7,proline,Tri,0,0.0611,0.0679,dev
A0A413RDG7,putrescine,Di,0,0.022,0.0264,dev
A0A413RDG7,putrescine,Mono,0,0.0104,0.0179,dev
A0A413RDG7,putrescine,Tri,0,0.0495,0.0679,dev
A0A413RDG7,serine,Di,1,0.6018,0.566,dev
A0A413RDG7,serine,Mono,1,0.779,0.7234,dev
A0A413RDG7,serine,Tri,0,0.5669,0.566,dev
A0A413RDG7,serotonin,Di,0,0.0053,0.0157,dev
A0A413RDG7,serotonin,Mono,0,0.0412,0.046,dev
A0A413RDG7,serotonin,Tri,0,0.0093,0.0179,dev
A0A413RDG7,threonine,Di,0,0.1974,0.1317,dev
A0A413RDG7,threonine,Mono,0,0.6126,0.566,dev
A0A413RDG7,threonine,Tri,0,0.1028,0.0758,dev
A0A413RDG7,tryptamine,Di,0,0.0022,0.0096,dev
A0A413RDG7,tryptamine,Mono,0,0.0008,0.0069,dev
A0A413RDG7,tryptamine,Tri,0,0.0062,0.0157,dev
A0A413RDG7,tyramine,Di,0,0.071,0.0679,dev
A0A413RDG7,tyramine,Mono,1,0.4495,0.37,dev
A0A413RDG7,tyramine,Tri,0,0.1265,0.0781,dev
A0A414M9L3,"2,3_diaminopropionic acid",Di,1,0.0953,0.0758,dev
A0A414M9L3,"2,3_diaminopropionic acid",Mono,0,0.0117,0.0264,dev
A0A414M9L3,"2,3_diaminopropionic acid",Tri,1,0.2665,0.1867,dev
A0A414M9L3,2_aminophenol,Di,1,0.7696,0.7234,dev
A0A414M9L3,2_aminophenol,Mono,1,0.0574,0.0679,dev
A0A414M9L3,2_aminophenol,Tri,1,0.7556,0.7234,dev
A0A414M9L3,3_methoxytyramine,Di,1,0.5664,0.566,dev
A0A414M9L3,3_methoxytyramine,Mono,0,0.0075,0.0167,dev
A0A414M9L3,3_methoxytyramine,Tri,0,0.1665,0.1192,dev
A0A414M9L3,alanine,Di,1,0.8918,0.7547,dev
A0A414M9L3,alanine,Mono,1,0.1918,0.1317,dev
A0A414M9L3,alanine,Tri,0,0.042,0.0526,dev
A0A414M9L3,arginine,Di,0,0.0019,0.0096,dev
A0A414M9L3,arginine,Mono,0,0.0002,0.0069,dev
A0A414M9L3,arginine,Tri,0,0.0012,0.0096,dev
A0A414M9L3,asparagine,Di,0,0.0333,0.0264,dev
A0A414M9L3,asparagine,Mono,0,0.0074,0.0167,dev
A0A414M9L3,asparagine,Tri,1,0.8576,0.7547,dev
A0A414M9L3,cadaverine,Di,0,0.0011,0.0096,dev
A0A414M9L3,cadaverine,Mono,0,0.0002,0.0069,dev
A0A414M9L3,cadaverine,Tri,0,0.0026,0.0096,dev
A0A414M9L3,citrulline,Di,0,0.0057,0.0157,dev
A0A414M9L3,citrulline,Mono,0,0.0005,0.0069,dev
A0A414M9L3,citrulline,Tri,0,0.0021,0.0096,dev
A0A414M9L3,cystine,Di,0,0.0099,0.0179,dev
A0A414M9L3,cystine,Mono,0,0.0005,0.0069,dev
A0A414M9L3,cystine,Tri,0,0.0057,0.0157,dev
A0A414M9L3,dopamine,Di,1,0.2269,0.1466,dev
A0A414M9L3,dopamine,Mono,0,0.0127,0.0264,dev
A0A414M9L3,dopamine,Tri,1,0.9013,0.7921,dev
A0A414M9L3,gaba,Di,1,0.893,0.7547,dev
A0A414M9L3,gaba,Mono,1,0.7121,0.6364,dev
A0A414M9L3,gaba,Tri,1,0.9108,0.7921,dev
A0A414M9L3,glutamine,Di,0,0.0146,0.0264,dev
A0A414M9L3,glutamine,Mono,0,0.003,0.0096,dev
A0A414M9L3,glutamine,Tri,0,0.0064,0.0157,dev
A0A414M9L3,glyglycine,Di,0,0.0072,0.0167,dev
A0A414M9L3,glyglycine,Mono,0,0.0007,0.0069,dev
A0A414M9L3,glyglycine,Tri,0,0.0057,0.0157,dev
A0A414M9L3,histidine,Di,0,0.0005,0.0069,dev
A0A414M9L3,histidine,Mono,0,0.0001,0.0058,dev
A0A414M9L3,histidine,Tri,0,0.001,0.0096,dev
A0A414M9L3,lysine,Di,0,0.0431,0.0679,dev
A0A414M9L3,lysine,Mono,0,0.0039,0.0096,dev
A0A414M9L3,lysine,Tri,0,0.0055,0.0157,dev
A0A414M9L3,methionine,Di,0,0.0199,0.0264,dev
A0A414M9L3,methionine,Mono,0,0.0025,0.0096,dev
A0A414M9L3,methionine,Tri,0,0.0073,0.0167,dev
A0A414M9L3,ornithine,Di,1,0.0415,0.0526,dev
A0A414M9L3,ornithine,Mono,1,0.005,0.0157,dev
A0A414M9L3,ornithine,Tri,0,0.0087,0.0179,dev
A0A414M9L3,phenylalanine,Di,1,0.9521,0.7921,dev
A0A414M9L3,phenylalanine,Mono,0,0.0312,0.0264,dev
A0A414M9L3,phenylalanine,Tri,1,0.9557,0.7921,dev
A0A414M9L3,proline,Di,0,0.0031,0.0096,dev
A0A414M9L3,proline,Mono,0,0.0015,0.0096,dev
A0A414M9L3,proline,Tri,0,0.0166,0.0264,dev
A0A414M9L3,putrescine,Di,0,0.0015,0.0096,dev
A0A414M9L3,putrescine,Mono,0,0.0003,0.0069,dev
A0A414M9L3,putrescine,Tri,0,0.0036,0.0096,dev
A0A414M9L3,serine,Di,0,0.0134,0.0264,dev
A0A414M9L3,serine,Mono,0,0.0128,0.0264,dev
A0A414M9L3,serine,Tri,0,0.0118,0.0264,dev
A0A414M9L3,serotonin,Di,0,0.0024,0.0096,dev
A0A414M9L3,serotonin,Mono,1,0.0163,0.0264,dev
A0A414M9L3,serotonin,Tri,0,0.0053,0.0157,dev
A0A414M9L3,threonine,Di,0,0.0041,0.0096,dev
A0A414M9L3,threonine,Mono,0,0.0045,0.0096,dev
A0A414M9L3,threonine,Tri,0,0.0006,0.0069,dev
A0A414M9L3,tryptamine,Di,0,0.0026,0.0096,dev
A0A414M9L3,tryptamine,Mono,0,0.0002,0.0069,dev
A0A414M9L3,tryptamine,Tri,0,0.008,0.0167,dev
A0A414M9L3,tyramine,Di,0,0.0103,0.0179,dev
A0A414M9L3,tyramine,Mono,1,0.0591,0.0679,dev
A0A414M9L3,tyramine,Tri,0,0.0168,0.0264,dev
A0A414Q275,"2,3_diaminopropionic acid",Di,0,0.0205,0.0264,dev
A0A414Q275,"2,3_diaminopropionic acid",Mono,0,0.0031,0.0096,dev
A0A414Q275,"2,3_diaminopropionic acid",Tri,1,0.091,0.0758,dev
A0A414Q275,2_aminophenol,Di,1,0.3092,0.22,dev
A0A414Q275,2_aminophenol,Mono,0,0.014,0.0264,dev
A0A414Q275,2_aminophenol,Tri,1,0.3256,0.2642,dev
A0A414Q275,3_methoxytyramine,Di,1,0.0503,0.0679,dev
A0A414Q275,3_methoxytyramine,Mono,0,0.001,0.0069,dev
A0A414Q275,3_methoxytyramine,Tri,0,0.0146,0.0264,dev
A0A414Q275,alanine,Di,1,0.8694,0.7547,dev
A0A414Q275,alanine,Mono,1,0.3663,0.2642,dev
A0A414Q275,alanine,Tri,0,0.029,0.0264,dev
A0A414Q275,arginine,Di,0,0.0003,0.0069,dev
A0A414Q275,arginine,Mono,0,0.0001,0.0058,dev
A0A414Q275,arginine,Tri,0,0.0002,0.0069,dev
A0A414Q275,asparagine,Di,0,0.0136,0.0264,dev
A0A414Q275,asparagine,Mono,0,0.0045,0.0096,dev
A0A414Q275,asparagine,Tri,1,0.7858,0.7234,dev
A0A414Q275,cadaverine,Di,0,0.0009,0.0069,dev
A0A414Q275,cadaverine,Mono,0,0.0002,0.0069,dev
A0A414Q275,cadaverine,Tri,0,0.0015,0.0096,dev
A0A414Q275,citrulline,Di,0,0.0012,0.0096,dev
A0A414Q275,citrulline,Mono,0,0.0001,0.0058,dev
A0A414Q275,citrulline,Tri,0,0.0003,0.0069,dev
A0A414Q275,cystine,Di,0,0.0017,0.0096,dev
A0A414Q275,cystine,Mono,0,0.0001,0.0058,dev
A0A414Q275,cystine,Tri,0,0.001,0.0096,dev
A0A414Q275,dopamine,Di,1,0.0715,0.0679,dev
A0A414Q275,dopamine,Mono,0,0.0069,0.0157,dev
A0A414Q275,dopamine,Tri,1,0.7928,0.7547,dev
A0A414Q275,gaba,Di,1,0.8595,0.7547,dev
A0A414Q275,gaba,Mono,1,0.7746,0.7234,dev
A0A414Q275,gaba,Tri,1,0.8704,0.7547,dev
A0A414Q275,glutamine,Di,0,0.0048,0.0097,dev
A0A414Q275,glutamine,Mono,0,0.0023,0.0096,dev
A0A414Q275,glutamine,Tri,0,0.0015,0.0096,dev
A0A414Q275,glyglycine,Di,0,0.0022,0.0096,dev
A0A414Q275,glyglycine,Mono,0,0.0004,0.0069,dev
A0A414Q275,glyglycine,Tri,0,0.0022,0.0096,dev
A0A414Q275,histidine,Di,0,0.0002,0.0069,dev
A0A414Q275,histidine,Mono,0,0.0001,0.0058,dev
A0A414Q275,histidine,Tri,0,0.0003,0.0069,dev
A0A414Q275,lysine,Di,0,0.0047,0.0097,dev
A0A414Q275,lysine,Mono,0,0.0008,0.0069,dev
A0A414Q275,lysine,Tri,0,0.0007,0.0069,dev
A0A414Q275,methionine,Di,0,0.0046,0.0097,dev
A0A414Q275,methionine,Mono,0,0.0011,0.0096,dev
A0A414Q275,methionine,Tri,0,0.0021,0.0096,dev
A0A414Q275,ornithine,Di,1,0.0171,0.0264,dev
A0A414Q275,ornithine,Mono,0,0.0037,0.0096,dev
A0A414Q275,ornithine,Tri,0,0.0034,0.0096,dev
A0A414Q275,phenylalanine,Di,1,0.8885,0.7547,dev
A0A414Q275,phenylalanine,Mono,0,0.018,0.0264,dev
A0A414Q275,phenylalanine,Tri,1,0.9092,0.7921,dev
A0A414Q275,proline,Di,0,0.0008,0.0069,dev
A0A414Q275,proline,Mono,0,0.0004,0.0069,dev
A0A414Q275,proline,Tri,0,0.0024,0.0096,dev
A0A414Q275,putrescine,Di,0,0.001,0.0069,dev
A0A414Q275,putrescine,Mono,0,0.0002,0.0069,dev
A0A414Q275,putrescine,Tri,1,0.0015,0.0096,dev
A0A414Q275,serine,Di,0,0.0054,0.0157,dev
A0A414Q275,serine,Mono,0,0.0044,0.0096,dev
A0A414Q275,serine,Tri,0,0.0041,0.0096,dev
A0A414Q275,serotonin,Di,0,0.0006,0.0069,dev
A0A414Q275,serotonin,Mono,1,0.0059,0.0157,dev
A0A414Q275,serotonin,Tri,0,0.0012,0.0096,dev
A0A414Q275,threonine,Di,0,0.0005,0.0069,dev
A0A414Q275,threonine,Mono,0,0.0013,0.0096,dev
A0A414Q275,threonine,Tri,0,0.0001,0.0058,dev
A0A414Q275,tryptamine,Di,0,0.001,0.0096,dev
A0A414Q275,tryptamine,Mono,0,0.0001,0.0058,dev
A0A414Q275,tryptamine,Tri,0,0.0023,0.0096,dev
A0A414Q275,tyramine,Di,0,0.0048,0.0097,dev
A0A414Q275,tyramine,Mono,0,0.0527,0.0679,dev
A0A414Q275,tyramine,Tri,0,0.0079,0.0167,dev
A0A416W4H5,"2,3_diaminopropionic acid",Di,0,0.0057,0.0157,test
A0A416W4H5,"2,3_diaminopropionic acid",Mono,0,0.0006,0.0069,test
A0A416W4H5,"2,3_diaminopropionic acid",Tri,0,0.0334,0.0264,test
A0A416W4H5,2_aminophenol,Di,0,0.0405,0.046,test
A0A416W4H5,2_aminophenol,Mono,0,0.0018,0.0096,test
A0A416W4H5,2_aminophenol,Tri,0,0.0697,0.0679,test
A0A416W4H5,3_methoxytyramine,Di,0,0.0181,0.0264,test
A0A416W4H5,3_methoxytyramine,Mono,0,0.0003,0.0069,test
A0A416W4H5,3_methoxytyramine,Tri,0,0.0125,0.0264,test
A0A416W4H5,alanine,Di,1,0.8591,0.7547,test
A0A416W4H5,alanine,Mono,1,0.1477,0.1192,test
A0A416W4H5,alanine,Tri,0,0.0299,0.0264,test
A0A416W4H5,arginine,Di,0,0.0001,0.0058,test
A0A416W4H5,arginine,Mono,0,0.0,0.0,test
A0A416W4H5,arginine,Tri,0,0.0001,0.0069,test
A0A416W4H5,asparagine,Di,0,0.0187,0.0264,test
A0A416W4H5,asparagine,Mono,0,0.0042,0.0096,test
A0A416W4H5,asparagine,Tri,1,0.882,0.7547,test
A0A416W4H5,cadaverine,Di,0,0.0005,0.0069,test
A0A416W4H5,cadaverine,Mono,0,0.0001,0.0058,test
A0A416W4H5,cadaverine,Tri,0,0.0021,0.0096,test
A0A416W4H5,citrulline,Di,0,0.0008,0.0069,test
A0A416W4H5,citrulline,Mono,0,0.0001,0.0058,test
A0A416W4H5,citrulline,Tri,0,0.0005,0.0069,test
A0A416W4H5,cystine,Di,0,0.001,0.0096,test
A0A416W4H5,cystine,Mono,0,0.0,0.0058,test
A0A416W4H5,cystine,Tri,0,0.001,0.0069,test
A0A416W4H5,dopamine,Di,0,0.0716,0.0679,test
A0A416W4H5,dopamine,Mono,0,0.006,0.0157,test
A0A416W4H5,dopamine,Tri,1,0.8733,0.7547,test
A0A416W4H5,gaba,Di,1,0.9244,0.7921,test
A0A416W4H5,gaba,Mono,1,0.7959,0.7547,test
A0A416W4H5,gaba,Tri,1,0.956,0.7921,test
A0A416W4H5,glutamine,Di,0,0.0017,0.0096,test
A0A416W4H5,glutamine,Mono,0,0.0004,0.0069,test
A0A416W4H5,glutamine,Tri,0,0.0013,0.0096,test
A0A416W4H5,glyglycine,Di,0,0.0032,0.0096,test
A0A416W4H5,glyglycine,Mono,0,0.0003,0.0069,test
A0A416W4H5,glyglycine,Tri,0,0.0051,0.0157,test
A0A416W4H5,histidine,Di,0,0.0004,0.0069,test
A0A416W4H5,histidine,Mono,0,0.0001,0.0058,test
A0A416W4H5,histidine,Tri,0,0.0009,0.0069,test
A0A416W4H5,lysine,Di,0,0.0069,0.0157,test
A0A416W4H5,lysine,Mono,0,0.0004,0.0069,test
A0A416W4H5,lysine,Tri,0,0.0011,0.0096,test
A0A416W4H5,methionine,Di,0,0.0017,0.0096,test
A0A416W4H5,methionine,Mono,0,0.0002,0.0069,test
A0A416W4H5,methionine,Tri,0,0.0009,0.0069,test
A0A416W4H5,ornithine,Di,0,0.0032,0.0096,test
A0A416W4H5,ornithine,Mono,0,0.0003,0.0069,test
A0A416W4H5,ornithine,Tri,0,0.001,0.0069,test
A0A416W4H5,phenylalanine,Di,1,0.92,0.7921,test
A0A416W4H5,phenylalanine,Mono,0,0.0127,0.0264,test
A0A416W4H5,phenylalanine,Tri,1,0.9437,0.7921,test
A0A416W4H5,proline,Di,0,0.0006,0.0069,test
A0A416W4H5,proline,Mono,0,0.0002,0.0069,test
A0A416W4H5,proline,Tri,0,0.0053,0.0157,test
A0A416W4H5,putrescine,Di,0,0.0008,0.0069,test
A0A416W4H5,putrescine,Mono,0,0.0001,0.0058,test
A0A416W4H5,putrescine,Tri,0,0.0032,0.0096,test
A0A416W4H5,serine,Di,0,0.0065,0.0157,test
A0A416W4H5,serine,Mono,0,0.0046,0.0097,test
A0A416W4H5,serine,Tri,0,0.0074,0.0167,test
A0A416W4H5,serotonin,Di,0,0.0004,0.0069,test
A0A416W4H5,serotonin,Mono,0,0.0018,0.0096,test
A0A416W4H5,serotonin,Tri,0,0.0014,0.0096,test
A0A416W4H5,threonine,Di,0,0.001,0.0096,test
A0A416W4H5,threonine,Mono,0,0.001,0.0069,test
A0A416W4H5,threonine,Tri,0,0.0002,0.0069,test
A0A416W4H5,tryptamine,Di,0,0.0003,0.0069,test
A0A416W4H5,tryptamine,Mono,0,0.0001,0.0058,test
A0A416W4H5,tryptamine,Tri,0,0.0016,0.0096,test
A0A416W4H5,tyramine,Di,0,0.0021,0.0096,test
A0A416W4H5,tyramine,Mono,0,0.0138,0.0264,test
A0A416W4H5,tyramine,Tri,0,0.0092,0.0179,test
A0A5C2BYC4,"2,3_diaminopropionic acid",Di,0,0.0158,0.0264,test
A0A5C2BYC4,"2,3_diaminopropionic acid",Mono,0,0.0019,0.0096,test
A0A5C2BYC4,"2,3_diaminopropionic acid",Tri,0,0.1315,0.1192,test
A0A5C2BYC4,2_aminophenol,Di,0,0.1489,0.1192,test
A0A5C2BYC4,2_aminophenol,Mono,0,0.0039,0.0096,test
A0A5C2BYC4,2_aminophenol,Tri,0,0.2239,0.1466,test
A0A5C2BYC4,3_methoxytyramine,Di,0,0.0294,0.0264,test
A0A5C2BYC4,3_methoxytyramine,Mono,0,0.0007,0.0069,test
A0A5C2BYC4,3_methoxytyramine,Tri,0,0.0299,0.0264,test
A0A5C2BYC4,alanine,Di,1,0.9311,0.7921,test
A0A5C2BYC4,alanine,Mono,0,0.3889,0.2642,test
A0A5C2BYC4,alanine,Tri,0,0.0589,0.0679,test
A0A5C2BYC4,arginine,Di,0,0.0003,0.0069,test
A0A5C2BYC4,arginine,Mono,0,0.0,0.0,test
A0A5C2BYC4,arginine,Tri,0,0.0005,0.0069,test
A0A5C2BYC4,asparagine,Di,0,0.0302,0.0264,test
A0A5C2BYC4,asparagine,Mono,0,0.0055,0.0157,test
A0A5C2BYC4,asparagine,Tri,1,0.9331,0.7921,test
A0A5C2BYC4,cadaverine,Di,0,0.0012,0.0096,test
A0A5C2BYC4,cadaverine,Mono,0,0.0002,0.0069,test
A0A5C2BYC4,cadaverine,Tri,0,0.0028,0.0096,test
A0A5C2BYC4,citrulline,Di,0,0.0026,0.0096,test
A0A5C2BYC4,citrulline,Mono,0,0.0002,0.0069,test
A0A5C2BYC4,citrulline,Tri,0,0.0013,0.0096,test
A0A5C2BYC4,cystine,Di,0,0.0015,0.0096,test
A0A5C2BYC4,cystine,Mono,0,0.0001,0.0058,test
A0A5C2BYC4,cystine,Tri,0,0.0024,0.0096,test
A0A5C2BYC4,dopamine,Di,0,0.1018,0.0758,test
A0A5C2BYC4,dopamine,Mono,0,0.0074,0.0167,test
A0A5C2BYC4,dopamine,Tri,1,0.9222,0.7921,test
A0A5C2BYC4,gaba,Di,1,0.9857,0.8343,test
A0A5C2BYC4,gaba,Mono,1,0.9718,0.8273,test
A0A5C2BYC4,gaba,Tri,1,0.9899,0.8873,test
A0A5C2BYC4,glutamine,Di,0,0.0092,0.0179,test
A0A5C2BYC4,glutamine,Mono,0,0.0024,0.0096,test
A0A5C2BYC4,glutamine,Tri,0,0.0044,0.0096,test
A0A5C2BYC4,glyglycine,Di,0,0.0106,0.0264,test
A0A5C2BYC4,glyglycine,Mono,0,0.0012,0.0096,test
A0A5C2BYC4,glyglycine,Tri,0,0.0125,0.0264,test
A0A5C2BYC4,histidine,Di,0,0.0005,0.0069,test
A0A5C2BYC4,histidine,Mono,0,0.0001,0.0058,test
A0A5C2BYC4,histidine,Tri,0,0.0014,0.0096,test
A0A5C2BYC4,lysine,Di,0,0.0086,0.0167,test
A0A5C2BYC4,lysine,Mono,0,0.0009,0.0069,test
A0A5C2BYC4,lysine,Tri,0,0.0015,0.0096,test
A0A5C2BYC4,methionine,Di,0,0.0029,0.0096,test
A0A5C2BYC4,methionine,Mono,0,0.0006,0.0069,test
A0A5C2BYC4,methionine,Tri,0,0.0022,0.0096,test
A0A5C2BYC4,ornithine,Di,0,0.0069,0.0157,test
A0A5C2BYC4,ornithine,Mono,0,0.0011,0.0096,test
A0A5C2BYC4,ornithine,Tri,0,0.0028,0.0096,test
A0A5C2BYC4,phenylalanine,Di,1,0.9627,0.7921,test
A0A5C2BYC4,phenylalanine,Mono,0,0.0302,0.0264,test
A0A5C2BYC4,phenylalanine,Tri,1,0.9839,0.8343,test
A0A5C2BYC4,proline,Di,0,0.0027,0.0096,test
A0A5C2BYC4,proline,Mono,0,0.0006,0.0069,test
A0A5C2BYC4,proline,Tri,0,0.0086,0.0167,test
A0A5C2BYC4,putrescine,Di,0,0.0013,0.0096,test
A0A5C2BYC4,putrescine,Mono,0,0.0002,0.0069,test
A0A5C2BYC4,putrescine,Tri,0,0.003,0.0096,test
A0A5C2BYC4,serine,Di,0,0.0102,0.0179,test
A0A5C2BYC4,serine,Mono,0,0.0074,0.0167,test
A0A5C2BYC4,serine,Tri,0,0.0112,0.0264,test
A0A5C2BYC4,serotonin,Di,0,0.001,0.0096,test
A0A5C2BYC4,serotonin,Mono,0,0.0024,0.0096,test
A0A5C2BYC4,serotonin,Tri,0,0.0033,0.0096,test
A0A5C2BYC4,threonine,Di,0,0.0008,0.0069,test
A0A5C2BYC4,threonine,Mono,0,0.0018,0.0096,test
A0A5C2BYC4,threonine,Tri,0,0.0002,0.0069,test
A0A5C2BYC4,tryptamine,Di,0,0.0014,0.0096,test
A0A5C2BYC4,tryptamine,Mono,0,0.0001,0.0058,test
A0A5C2BYC4,tryptamine,Tri,0,0.0048,0.0097,test
A0A5C2BYC4,tyramine,Di,0,0.0051,0.0157,test
A0A5C2BYC4,tyramine,Mono,0,0.0207,0.0264,test
A0A5C2BYC4,tyramine,Tri,0,0.0162,0.0264,test
A0A5C2C0X5,"2,3_diaminopropionic acid",Di,0,0.0214,0.0264,dev
A0A5C2C0X5,"2,3_diaminopropionic acid",Mono,0,0.0018,0.0096,dev
A0A5C2C0X5,"2,3_diaminopropionic acid",Tri,0,0.2603,0.1538,dev
A0A5C2C0X5,2_aminophenol,Di,0,0.2268,0.1466,dev
A0A5C2C0X5,2_aminophenol,Mono,0,0.0046,0.0097,dev
A0A5C2C0X5,2_aminophenol,Tri,0,0.3749,0.2642,dev
A0A5C2C0X5,3_methoxytyramine,Di,0,0.0383,0.046,dev
A0A5C2C0X5,3_methoxytyramine,Mono,0,0.0005,0.0069,dev
A0A5C2C0X5,3_methoxytyramine,Tri,0,0.0297,0.0264,dev
A0A5C2C0X5,alanine,Di,1,0.9388,0.7921,dev
A0A5C2C0X5,alanine,Mono,0,0.3578,0.2642,dev
A0A5C2C0X5,alanine,Tri,0,0.0792,0.0679,dev
A0A5C2C0X5,arginine,Di,0,0.0003,0.0069,dev
A0A5C2C0X5,arginine,Mono,0,0.0,0.0,dev
A0A5C2C0X5,arginine,Tri,0,0.0009,0.0069,dev
A0A5C2C0X5,asparagine,Di,0,0.0322,0.0264,dev
A0A5C2C0X5,asparagine,Mono,0,0.0071,0.0157,dev
A0A5C2C0X5,asparagine,Tri,1,0.9276,0.7921,dev
A0A5C2C0X5,cadaverine,Di,0,0.0005,0.0069,dev
A0A5C2C0X5,cadaverine,Mono,0,0.0001,0.0058,dev
A0A5C2C0X5,cadaverine,Tri,0,0.0016,0.0096,dev
A0A5C2C0X5,citrulline,Di,0,0.0006,0.0069,dev
A0A5C2C0X5,citrulline,Mono,0,0.0,0.0,dev
A0A5C2C0X5,citrulline,Tri,0,0.0005,0.0069,dev
A0A5C2C0X5,cystine,Di,0,0.002,0.0096,dev
A0A5C2C0X5,cystine,Mono,0,0.0001,0.0058,dev
A0A5C2C0X5,cystine,Tri,0,0.003,0.0096,dev
A0A5C2C0X5,dopamine,Di,0,0.1205,0.0758,dev
A0A5C2C0X5,dopamine,Mono,0,0.0071,0.0157,dev
A0A5C2C0X5,dopamine,Tri,1,0.9345,0.7921,dev
A0A5C2C0X5,gaba,Di,1,0.9791,0.8343,dev
A0A5C2C0X5,gaba,Mono,1,0.865,0.7547,dev
A0A5C2C0X5,gaba,Tri,1,0.9894,0.8873,dev
A0A5C2C0X5,glutamine,Di,0,0.0054,0.0157,dev
A0A5C2C0X5,glutamine,Mono,0,0.0013,0.0096,dev
A0A5C2C0X5,glutamine,Tri,0,0.0051,0.0157,dev
A0A5C2C0X5,glyglycine,Di,0,0.0045,0.0096,dev
A0A5C2C0X5,glyglycine,Mono,0,0.0004,0.0069,dev
A0A5C2C0X5,glyglycine,Tri,0,0.0098,0.0179,dev
A0A5C2C0X5,histidine,Di,0,0.0006,0.0069,dev
A0A5C2C0X5,histidine,Mono,0,0.0001,0.0058,dev
A0A5C2C0X5,histidine,Tri,0,0.002,0.0096,dev
A0A5C2C0X5,lysine,Di,0,0.0095,0.0179,dev
A0A5C2C0X5,lysine,Mono,0,0.0003,0.0069,dev
A0A5C2C0X5,lysine,Tri,0,0.0015,0.0096,dev
A0A5C2C0X5,methionine,Di,0,0.0022,0.0096,dev
A0A5C2C0X5,methionine,Mono,0,0.0002,0.0069,dev
A0A5C2C0X5,methionine,Tri,0,0.0024,0.0096,dev
A0A5C2C0X5,ornithine,Di,0,0.0186,0.0264,dev
A0A5C2C0X5,ornithine,Mono,0,0.001,0.0069,dev
A0A5C2C0X5,ornithine,Tri,0,0.0062,0.0157,dev
A0A5C2C0X5,phenylalanine,Di,1,0.9372,0.7921,dev
A0A5C2C0X5,phenylalanine,Mono,0,0.012,0.0264,dev
A0A5C2C0X5,phenylalanine,Tri,1,0.97,0.8273,dev
A0A5C2C0X5,proline,Di,0,0.0011,0.0096,dev
A0A5C2C0X5,proline,Mono,0,0.0002,0.0069,dev
A0A5C2C0X5,proline,Tri,0,0.0109,0.0264,dev
A0A5C2C0X5,putrescine,Di,0,0.0007,0.0069,dev
A0A5C2C0X5,putrescine,Mono,0,0.0001,0.0058,dev
A0A5C2C0X5,putrescine,Tri,0,0.0025,0.0096,dev
A0A5C2C0X5,serine,Di,0,0.0113,0.0264,dev
A0A5C2C0X5,serine,Mono,0,0.0086,0.0167,dev
A0A5C2C0X5,serine,Tri,0,0.0118,0.0264,dev
A0A5C2C0X5,serotonin,Di,0,0.001,0.0096,dev
A0A5C2C0X5,serotonin,Mono,0,0.0057,0.0157,dev
A0A5C2C0X5,serotonin,Tri,0,0.0034,0.0096,dev
A0A5C2C0X5,threonine,Di,0,0.0008,0.0069,dev
A0A5C2C0X5,threonine,Mono,0,0.001,0.0069,dev
A0A5C2C0X5,threonine,Tri,0,0.0002,0.0069,dev
A0A5C2C0X5,tryptamine,Di,0,0.0006,0.0069,dev
A0A5C2C0X5,tryptamine,Mono,0,0.0,0.0,dev
A0A5C2C0X5,tryptamine,Tri,0,0.0026,0.0096,dev
A0A5C2C0X5,tyramine,Di,0,0.0036,0.0096,dev
A0A5C2C0X5,tyramine,Mono,0,0.0207,0.0264,dev
A0A5C2C0X5,tyramine,Tri,0,0.0121,0.0264,dev
A0A5C2C1U8,"2,3_diaminopropionic acid",Di,0,0.0395,0.046,dev
A0A5C2C1U8,"2,3_diaminopropionic acid",Mono,0,0.0072,0.0157,dev
A0A5C2C1U8,"2,3_diaminopropionic acid",Tri,0,0.229,0.1466,dev
A0A5C2C1U8,2_aminophenol,Di,0,0.1127,0.0758,dev
A0A5C2C1U8,2_aminophenol,Mono,0,0.0068,0.0157,dev
A0A5C2C1U8,2_aminophenol,Tri,0,0.1641,0.1192,dev
A0A5C2C1U8,3_methoxytyramine,Di,0,0.0241,0.0264,dev
A0A5C2C1U8,3_methoxytyramine,Mono,0,0.0012,0.0096,dev
A0A5C2C1U8,3_methoxytyramine,Tri,0,0.0248,0.0264,dev
A0A5C2C1U8,alanine,Di,1,0.9464,0.7921,dev
A0A5C2C1U8,alanine,Mono,0,0.7356,0.7234,dev
A0A5C2C1U8,alanine,Tri,0,0.2377,0.1466,dev
A0A5C2C1U8,arginine,Di,0,0.0013,0.0096,dev
A0A5C2C1U8,arginine,Mono,0,0.0002,0.0069,dev
A0A5C2C1U8,arginine,Tri,0,0.002,0.0096,dev
A0A5C2C1U8,asparagine,Di,0,0.0794,0.0679,dev
A0A5C2C1U8,asparagine,Mono,0,0.023,0.0264,dev
A0A5C2C1U8,asparagine,Tri,1,0.9042,0.7921,dev
A0A5C2C1U8,cadaverine,Di,0,0.0015,0.0096,dev
A0A5C2C1U8,cadaverine,Mono,0,0.0003,0.0069,dev
A0A5C2C1U8,cadaverine,Tri,0,0.0034,0.0096,dev
A0A5C2C1U8,citrulline,Di,0,0.0078,0.0167,dev
A0A5C2C1U8,citrulline,Mono,0,0.0011,0.0096,dev
A0A5C2C1U8,citrulline,Tri,0,0.006,0.0157,dev
A0A5C2C1U8,cystine,Di,0,0.002,0.0096,dev
A0A5C2C1U8,cystine,Mono,0,0.0002,0.0069,dev
A0A5C2C1U8,cystine,Tri,0,0.0021,0.0096,dev
A0A5C2C1U8,dopamine,Di,0,0.1362,0.1192,dev
A0A5C2C1U8,dopamine,Mono,0,0.0152,0.0264,dev
A0A5C2C1U8,dopamine,Tri,1,0.8432,0.7547,dev
A0A5C2C1U8,gaba,Di,1,0.9787,0.8343,dev
A0A5C2C1U8,gaba,Mono,0,0.934,0.7921,dev
A0A5C2C1U8,gaba,Tri,1,0.9839,0.8343,dev
A0A5C2C1U8,glutamine,Di,0,0.0265,0.0264,dev
A0A5C2C1U8,glutamine,Mono,0,0.009,0.0179,dev
A0A5C2C1U8,glutamine,Tri,0,0.0305,0.0264,dev
A0A5C2C1U8,glyglycine,Di,0,0.0111,0.0264,dev
A0A5C2C1U8,glyglycine,Mono,0,0.0024,0.0096,dev
A0A5C2C1U8,glyglycine,Tri,0,0.0392,0.046,dev
A0A5C2C1U8,histidine,Di,0,0.0006,0.0069,dev
A0A5C2C1U8,histidine,Mono,0,0.0003,0.0069,dev
A0A5C2C1U8,histidine,Tri,0,0.0022,0.0096,dev
A0A5C2C1U8,lysine,Di,0,0.0511,0.0679,dev
A0A5C2C1U8,lysine,Mono,0,0.0056,0.0157,dev
A0A5C2C1U8,lysine,Tri,0,0.016,0.0264,dev
A0A5C2C1U8,methionine,Di,0,0.01,0.0179,dev
A0A5C2C1U8,methionine,Mono,0,0.0027,0.0096,dev
A0A5C2C1U8,methionine,Tri,0,0.0164,0.0264,dev
A0A5C2C1U8,ornithine,Di,0,0.0291,0.0264,dev
A0A5C2C1U8,ornithine,Mono,0,0.0042,0.0096,dev
A0A5C2C1U8,ornithine,Tri,0,0.0164,0.0264,dev
A0A5C2C1U8,phenylalanine,Di,1,0.9341,0.7921,dev
A0A5C2C1U8,phenylalanine,Mono,0,0.0865,0.0758,dev
A0A5C2C1U8,phenylalanine,Tri,1,0.9732,0.8273,dev
A0A5C2C1U8,proline,Di,0,0.0035,0.0096,dev
A0A5C2C1U8,proline,Mono,0,0.0014,0.0096,dev
A0A5C2C1U8,proline,Tri,0,0.0153,0.0264,dev
A0A5C2C1U8,putrescine,Di,0,0.002,0.0096,dev
A0A5C2C1U8,putrescine,Mono,0,0.0004,0.0069,dev
A0A5C2C1U8,putrescine,Tri,0,0.0048,0.0097,dev
A0A5C2C1U8,serine,Di,0,0.0299,0.0264,dev
A0A5C2C1U8,serine,Mono,0,0.0412,0.046,dev
A0A5C2C1U8,serine,Tri,0,0.0348,0.046,dev
A0A5C2C1U8,serotonin,Di,0,0.0008,0.0069,dev
A0A5C2C1U8,serotonin,Mono,0,0.0021,0.0096,dev
A0A5C2C1U8,serotonin,Tri,0,0.0021,0.0096,dev
A0A5C2C1U8,threonine,Di,0,0.005,0.0097,dev
A0A5C2C1U8,threonine,Mono,0,0.0172,0.0264,dev
A0A5C2C1U8,threonine,Tri,0,0.0017,0.0096,dev
A0A5C2C1U8,tryptamine,Di,0,0.0005,0.0069,dev
A0A5C2C1U8,tryptamine,Mono,0,0.0001,0.0058,dev
A0A5C2C1U8,tryptamine,Tri,0,0.0017,0.0096,dev
A0A5C2C1U8,tyramine,Di,0,0.0087,0.0179,dev
A0A5C2C1U8,tyramine,Mono,0,0.0313,0.0264,dev
A0A5C2C1U8,tyramine,Tri,0,0.0223,0.0264,dev
A0A6B3M9R4,"2,3_diaminopropionic acid",Di,0,0.0127,0.0264,test
A0A6B3M9R4,"2,3_diaminopropionic acid",Mono,0,0.0025,0.0096,test
A0A6B3M9R4,"2,3_diaminopropionic acid",Tri,0,0.0608,0.0679,test
A0A6B3M9R4,2_aminophenol,Di,0,0.0474,0.0679,test
A0A6B3M9R4,2_aminophenol,Mono,0,0.0027,0.0096,test
A0A6B3M9R4,2_aminophenol,Tri,0,0.0664,0.0679,test
A0A6B3M9R4,3_methoxytyramine,Di,0,0.0185,0.0264,test
A0A6B3M9R4,3_methoxytyramine,Mono,0,0.0007,0.0069,test
A0A6B3M9R4,3_methoxytyramine,Tri,0,0.0129,0.0264,test
A0A6B3M9R4,alanine,Di,1,0.8288,0.7547,test
A0A6B3M9R4,alanine,Mono,0,0.4464,0.37,test
A0A6B3M9R4,alanine,Tri,0,0.1045,0.0758,test
A0A6B3M9R4,arginine,Di,0,0.0004,0.0069,test
A0A6B3M9R4,arginine,Mono,0,0.0001,0.0058,test
A0A6B3M9R4,arginine,Tri,0,0.0004,0.0069,test
A0A6B3M9R4,asparagine,Di,0,0.0367,0.046,test
A0A6B3M9R4,asparagine,Mono,0,0.0131,0.0264,test
A0A6B3M9R4,asparagine,Tri,1,0.7657,0.7234,test
A0A6B3M9R4,cadaverine,Di,0,0.0007,0.0069,test
A0A6B3M9R4,cadaverine,Mono,0,0.0002,0.0069,test
A0A6B3M9R4,cadaverine,Tri,0,0.0011,0.0096,test
A0A6B3M9R4,citrulline,Di,0,0.0017,0.0096,test
A0A6B3M9R4,citrulline,Mono,0,0.0003,0.0069,test
A0A6B3M9R4,citrulline,Tri,0,0.0008,0.0069,test
A0A6B3M9R4,cystine,Di,0,0.001,0.0096,test
A0A6B3M9R4,cystine,Mono,0,0.0001,0.0058,test
A0A6B3M9R4,cystine,Tri,0,0.0007,0.0069,test
A0A6B3M9R4,dopamine,Di,0,0.0845,0.0741,test
A0A6B3M9R4,dopamine,Mono,0,0.0074,0.0167,test
A0A6B3M9R4,dopamine,Tri,1,0.7205,0.7234,test
A0A6B3M9R4,gaba,Di,1,0.8078,0.7547,test
A0A6B3M9R4,gaba,Mono,1,0.624,0.5862,test
A0A6B3M9R4,gaba,Tri,1,0.8236,0.7547,test
A0A6B3M9R4,glutamine,Di,0,0.0059,0.0157,test
A0A6B3M9R4,glutamine,Mono,0,0.0024,0.0096,test
A0A6B3M9R4,glutamine,Tri,0,0.0055,0.0157,test
A0A6B3M9R4,glyglycine,Di,0,0.0085,0.0167,test
A0A6B3M9R4,glyglycine,Mono,0,0.0019,0.0096,test
A0A6B3M9R4,glyglycine,Tri,0,0.015,0.0264,test
A0A6B3M9R4,histidine,Di,0,0.0004,0.0069,test
A0A6B3M9R4,histidine,Mono,0,0.0002,0.0069,test
A0A6B3M9R4,histidine,Tri,0,0.0007,0.0069,test
A0A6B3M9R4,lysine,Di,0,0.0139,0.0264,test
A0A6B3M9R4,lysine,Mono,0,0.0014,0.0096,test
A0A6B3M9R4,lysine,Tri,0,0.0025,0.0096,test
A0A6B3M9R4,methionine,Di,0,0.0023,0.0096,test
A0A6B3M9R4,methionine,Mono,0,0.0006,0.0069,test
A0A6B3M9R4,methionine,Tri,0,0.0022,0.0096,test
A0A6B3M9R4,ornithine,Di,0,0.0096,0.0179,test
A0A6B3M9R4,ornithine,Mono,0,0.0016,0.0096,test
A0A6B3M9R4,ornithine,Tri,0,0.0031,0.0096,test
A0A6B3M9R4,phenylalanine,Di,1,0.7345,0.7234,test
A0A6B3M9R4,phenylalanine,Mono,0,0.0237,0.0264,test
A0A6B3M9R4,phenylalanine,Tri,1,0.8162,0.7547,test
A0A6B3M9R4,proline,Di,0,0.0011,0.0096,test
A0A6B3M9R4,proline,Mono,0,0.0006,0.0069,test
A0A6B3M9R4,proline,Tri,0,0.0049,0.0097,test
A0A6B3M9R4,putrescine,Di,0,0.0009,0.0069,test
A0A6B3M9R4,putrescine,Mono,0,0.0002,0.0069,test
A0A6B3M9R4,putrescine,Tri,0,0.0014,0.0096,test
A0A6B3M9R4,serine,Di,0,0.0138,0.0264,test
A0A6B3M9R4,serine,Mono,0,0.0197,0.0264,test
A0A6B3M9R4,serine,Tri,0,0.0091,0.0179,test
A0A6B3M9R4,serotonin,Di,0,0.0008,0.0069,test
A0A6B3M9R4,serotonin,Mono,0,0.0018,0.0096,test
A0A6B3M9R4,serotonin,Tri,0,0.0012,0.0096,test
A0A6B3M9R4,threonine,Di,0,0.0016,0.0096,test
A0A6B3M9R4,threonine,Mono,0,0.004,0.0096,test
A0A6B3M9R4,threonine,Tri,0,0.0005,0.0069,test
A0A6B3M9R4,tryptamine,Di,0,0.0004,0.0069,test
A0A6B3M9R4,tryptamine,Mono,0,0.0001,0.0058,test
A0A6B3M9R4,tryptamine,Tri,0,0.0008,0.0069,test
A0A6B3M9R4,tyramine,Di,0,0.0042,0.0096,test
A0A6B3M9R4,tyramine,Mono,0,0.0129,0.0264,test
A0A6B3M9R4,tyramine,Tri,0,0.0074,0.0167,test
A0A6B3MYR8,"2,3_diaminopropionic acid",Di,0,0.0678,0.0679,dev
A0A6B3MYR8,"2,3_diaminopropionic acid",Mono,0,0.0075,0.0167,dev
A0A6B3MYR8,"2,3_diaminopropionic acid",Tri,0,0.2855,0.1867,dev
A0A6B3MYR8,2_aminophenol,Di,0,0.4825,0.37,dev
A0A6B3MYR8,2_aminophenol,Mono,0,0.0261,0.0264,dev
A0A6B3MYR8,2_aminophenol,Tri,0,0.5095,0.4048,dev
A0A6B3MYR8,3_methoxytyramine,Di,0,0.2182,0.1317,dev
A0A6B3MYR8,3_methoxytyramine,Mono,0,0.0027,0.0096,dev
A0A6B3MYR8,3_methoxytyramine,Tri,0,0.0644,0.0679,dev
A0A6B3MYR8,alanine,Di,0,0.9545,0.7921,dev
A0A6B3MYR8,alanine,Mono,0,0.453,0.37,dev
A0A6B3MYR8,alanine,Tri,0,0.0815,0.0679,dev
A0A6B3MYR8,arginine,Di,0,0.0015,0.0096,dev
A0A6B3MYR8,arginine,Mono,0,0.0002,0.0069,dev
A0A6B3MYR8,arginine,Tri,0,0.0013,0.0096,dev
A0A6B3MYR8,asparagine,Di,0,0.0428,0.0679,dev
A0A6B3MYR8,asparagine,Mono,0,0.0093,0.0179,dev
A0A6B3MYR8,asparagine,Tri,0,0.9342,0.7921,dev
A0A6B3MYR8,cadaverine,Di,0,0.0021,0.0096,dev
A0A6B3MYR8,cadaverine,Mono,0,0.0003,0.0069,dev
A0A6B3MYR8,cadaverine,Tri,0,0.0045,0.0096,dev
A0A6B3MYR8,citrulline,Di,0,0.0037,0.0096,dev
A0A6B3MYR8,citrulline,Mono,0,0.0003,0.0069,dev
A0A6B3MYR8,citrulline,Tri,0,0.0016,0.0096,dev
A0A6B3MYR8,cystine,Di,0,0.0034,0.0096,dev
A0A6B3MYR8,cystine,Mono,0,0.0001,0.0069,dev
A0A6B3MYR8,cystine,Tri,0,0.0026,0.0096,dev
A0A6B3MYR8,dopamine,Di,0,0.2193,0.1466,dev
A0A6B3MYR8,dopamine,Mono,0,0.0143,0.0264,dev
A0A6B3MYR8,dopamine,Tri,0,0.9082,0.7921,dev
A0A6B3MYR8,gaba,Di,0,0.9808,0.8343,dev
A0A6B3MYR8,gaba,Mono,0,0.9456,0.7921,dev
A0A6B3MYR8,gaba,Tri,0,0.9823,0.8343,dev
A0A6B3MYR8,glutamine,Di,0,0.0089,0.0179,dev
A0A6B3MYR8,glutamine,Mono,0,0.0018,0.0096,dev
A0A6B3MYR8,glutamine,Tri,0,0.0058,0.0157,dev
A0A6B3MYR8,glyglycine,Di,0,0.0059,0.0157,dev
A0A6B3MYR8,glyglycine,Mono,0,0.0006,0.0069,dev
A0A6B3MYR8,glyglycine,Tri,0,0.0081,0.0167,dev
A0A6B3MYR8,histidine,Di,0,0.0005,0.0069,dev
A0A6B3MYR8,histidine,Mono,0,0.0001,0.0058,dev
A0A6B3MYR8,histidine,Tri,0,0.0012,0.0096,dev
A0A6B3MYR8,lysine,Di,0,0.0302,0.0264,dev
A0A6B3MYR8,lysine,Mono,0,0.0024,0.0096,dev
A0A6B3MYR8,lysine,Tri,0,0.0056,0.0157,dev
A0A6B3MYR8,methionine,Di,0,0.0066,0.0157,dev
A0A6B3MYR8,methionine,Mono,0,0.0007,0.0069,dev
A0A6B3MYR8,methionine,Tri,0,0.0035,0.0096,dev
A0A6B3MYR8,ornithine,Di,0,0.0254,0.0264,dev
A0A6B3MYR8,ornithine,Mono,0,0.0025,0.0096,dev
A0A6B3MYR8,ornithine,Tri,0,0.0069,0.0157,dev
A0A6B3MYR8,phenylalanine,Di,0,0.9511,0.7921,dev
A0A6B3MYR8,phenylalanine,Mono,0,0.0258,0.0264,dev
A0A6B3MYR8,phenylalanine,Tri,0,0.9694,0.8273,dev
A0A6B3MYR8,proline,Di,0,0.0019,0.0096,dev
A0A6B3MYR8,proline,Mono,0,0.0007,0.0069,dev
A0A6B3MYR8,proline,Tri,0,0.0139,0.0264,dev
A0A6B3MYR8,putrescine,Di,0,0.0031,0.0096,dev
A0A6B3MYR8,putrescine,Mono,0,0.0004,0.0069,dev
A0A6B3MYR8,putrescine,Tri,0,0.0068,0.0157,dev
A0A6B3MYR8,serine,Di,0,0.0154,0.0264,dev
A0A6B3MYR8,serine,Mono,0,0.0104,0.0179,dev
A0A6B3MYR8,serine,Tri,0,0.0142,0.0264,dev
A0A6B3MYR8,serotonin,Di,0,0.0022,0.0096,dev
A0A6B3MYR8,serotonin,Mono,0,0.0071,0.0157,dev
A0A6B3MYR8,serotonin,Tri,0,0.0042,0.0096,dev
A0A6B3MYR8,threonine,Di,0,0.0024,0.0096,dev
A0A6B3MYR8,threonine,Mono,0,0.0022,0.0096,dev
A0A6B3MYR8,threonine,Tri,0,0.0005,0.0069,dev
A0A6B3MYR8,tryptamine,Di,0,0.0013,0.0096,dev
A0A6B3MYR8,tryptamine,Mono,0,0.0002,0.0069,dev
A0A6B3MYR8,tryptamine,Tri,0,0.0037,0.0096,dev
A0A6B3MYR8,tyramine,Di,0,0.008,0.0167,dev
A0A6B3MYR8,tyramine,Mono,0,0.0225,0.0264,dev
A0A6B3MYR8,tyramine,Tri,0,0.0148,0.0264,dev
A0A6B3PBB6,"2,3_diaminopropionic acid",Di,0,0.1777,0.1317,dev
A0A6B3PBB6,"2,3_diaminopropionic acid",Mono,0,0.0388,0.046,dev
A0A6B3PBB6,"2,3_diaminopropionic acid",Tri,0,0.6741,0.5862,dev
A0A6B3PBB6,2_aminophenol,Di,0,0.7096,0.6364,dev
A0A6B3PBB6,2_aminophenol,Mono,0,0.1163,0.0758,dev
A0A6B3PBB6,2_aminophenol,Tri,0,0.7897,0.7234,dev
A0A6B3PBB6,3_methoxytyramine,Di,0,0.1976,0.1317,dev
A0A6B3PBB6,3_methoxytyramine,Mono,0,0.0079,0.0167,dev
A0A6B3PBB6,3_methoxytyramine,Tri,0,0.1101,0.0758,dev
A0A6B3PBB6,alanine,Di,1,0.9879,0.8873,dev
A0A6B3PBB6,alanine,Mono,0,0.8813,0.7547,dev
A0A6B3PBB6,alanine,Tri,0,0.3658,0.2642,dev
A0A6B3PBB6,arginine,Di,0,0.0026,0.0096,dev
A0A6B3PBB6,arginine,Mono,0,0.0004,0.0069,dev
A0A6B3PBB6,arginine,Tri,0,0.0045,0.0096,dev
A0A6B3PBB6,asparagine,Di,0,0.1001,0.0758,dev
A0A6B3PBB6,asparagine,Mono,0,0.0369,0.046,dev
A0A6B3PBB6,asparagine,Tri,1,0.9739,0.8273,dev
A0A6B3PBB6,cadaverine,Di,0,0.0038,0.0096,dev
A0A6B3PBB6,cadaverine,Mono,0,0.001,0.0069,dev
A0A6B3PBB6,cadaverine,Tri,0,0.0129,0.0264,dev
A0A6B3PBB6,citrulline,Di,0,0.008,0.0167,dev
A0A6B3PBB6,citrulline,Mono,0,0.0009,0.0069,dev
A0A6B3PBB6,citrulline,Tri,0,0.005,0.0097,dev
A0A6B3PBB6,cystine,Di,0,0.008,0.0167,dev
A0A6B3PBB6,cystine,Mono,0,0.0008,0.0069,dev
A0A6B3PBB6,cystine,Tri,0,0.0102,0.0179,dev
A0A6B3PBB6,dopamine,Di,0,0.3051,0.22,dev
A0A6B3PBB6,dopamine,Mono,0,0.0442,0.0679,dev
A0A6B3PBB6,dopamine,Tri,1,0.9553,0.7921,dev
A0A6B3PBB6,gaba,Di,1,0.9911,0.8962,dev
A0A6B3PBB6,gaba,Mono,1,0.981,0.8343,dev
A0A6B3PBB6,gaba,Tri,1,0.9944,0.8962,dev
A0A6B3PBB6,glutamine,Di,0,0.0167,0.0264,dev
A0A6B3PBB6,glutamine,Mono,0,0.0078,0.0167,dev
A0A6B3PBB6,glutamine,Tri,0,0.0235,0.0264,dev
A0A6B3PBB6,glyglycine,Di,0,0.024,0.0264,dev
A0A6B3PBB6,glyglycine,Mono,0,0.0057,0.0157,dev
A0A6B3PBB6,glyglycine,Tri,0,0.0566,0.0679,dev
A0A6B3PBB6,histidine,Di,0,0.0013,0.0096,dev
A0A6B3PBB6,histidine,Mono,0,0.0004,0.0069,dev
A0A6B3PBB6,histidine,Tri,0,0.0034,0.0096,dev
A0A6B3PBB6,lysine,Di,0,0.0791,0.0679,dev
A0A6B3PBB6,lysine,Mono,0,0.007,0.0157,dev
A0A6B3PBB6,lysine,Tri,0,0.0139,0.0264,dev
A0A6B3PBB6,methionine,Di,0,0.0174,0.0264,dev
A0A6B3PBB6,methionine,Mono,0,0.004,0.0096,dev
A0A6B3PBB6,methionine,Tri,0,0.0177,0.0264,dev
A0A6B3PBB6,ornithine,Di,0,0.0466,0.0679,dev
A0A6B3PBB6,ornithine,Mono,0,0.0059,0.0157,dev
A0A6B3PBB6,ornithine,Tri,0,0.0149,0.0264,dev
A0A6B3PBB6,phenylalanine,Di,1,0.9855,0.8343,dev
A0A6B3PBB6,phenylalanine,Mono,0,0.1276,0.0781,dev
A0A6B3PBB6,phenylalanine,Tri,1,0.9926,0.8962,dev
A0A6B3PBB6,proline,Di,0,0.0053,0.0157,dev
A0A6B3PBB6,proline,Mono,0,0.0037,0.0096,dev
A0A6B3PBB6,proline,Tri,0,0.0418,0.0526,dev
A0A6B3PBB6,putrescine,Di,0,0.0055,0.0157,dev
A0A6B3PBB6,putrescine,Mono,0,0.0013,0.0096,dev
A0A6B3PBB6,putrescine,Tri,0,0.0187,0.0264,dev
A0A6B3PBB6,serine,Di,0,0.0619,0.0679,dev
A0A6B3PBB6,serine,Mono,0,0.0818,0.0741,dev
A0A6B3PBB6,serine,Tri,0,0.0662,0.0679,dev
A0A6B3PBB6,serotonin,Di,0,0.0038,0.0096,dev
A0A6B3PBB6,serotonin,Mono,0,0.02,0.0264,dev
A0A6B3PBB6,serotonin,Tri,0,0.0102,0.0179,dev
A0A6B3PBB6,threonine,Di,0,0.0098,0.0179,dev
A0A6B3PBB6,threonine,Mono,0,0.0194,0.0264,dev
A0A6B3PBB6,threonine,Tri,0,0.0029,0.0096,dev
A0A6B3PBB6,tryptamine,Di,0,0.0027,0.0096,dev
A0A6B3PBB6,tryptamine,Mono,0,0.0006,0.0069,dev
A0A6B3PBB6,tryptamine,Tri,0,0.0103,0.0179,dev
A0A6B3PBB6,tyramine,Di,0,0.0152,0.0264,dev
A0A6B3PBB6,tyramine,Mono,0,0.1023,0.0758,dev
A0A6B3PBB6,tyramine,Tri,0,0.0437,0.0679,dev
A0A6B3PFJ7,"2,3_diaminopropionic acid",Di,0,0.0075,0.0167,dev
A0A6B3PFJ7,"2,3_diaminopropionic acid",Mono,0,0.0008,0.0069,dev
A0A6B3PFJ7,"2,3_diaminopropionic acid",Tri,0,0.0561,0.0679,dev
A0A6B3PFJ7,2_aminophenol,Di,0,0.0366,0.046,dev
A0A6B3PFJ7,2_aminophenol,Mono,0,0.0014,0.0096,dev
A0A6B3PFJ7,2_aminophenol,Tri,0,0.1151,0.0758,dev
A0A6B3PFJ7,3_methoxytyramine,Di,0,0.0098,0.0179,dev
A0A6B3PFJ7,3_methoxytyramine,Mono,0,0.0002,0.0069,dev
A0A6B3PFJ7,3_methoxytyramine,Tri,0,0.0111,0.0264,dev
A0A6B3PFJ7,alanine,Di,1,0.8595,0.7547,dev
A0A6B3PFJ7,alanine,Mono,0,0.1888,0.1317,dev
A0A6B3PFJ7,alanine,Tri,0,0.0749,0.0679,dev
A0A6B3PFJ7,arginine,Di,0,0.0002,0.0069,dev
A0A6B3PFJ7,arginine,Mono,0,0.0,0.0,dev
A0A6B3PFJ7,arginine,Tri,0,0.0004,0.0069,dev
A0A6B3PFJ7,asparagine,Di,0,0.0145,0.0264,dev
A0A6B3PFJ7,asparagine,Mono,0,0.0025,0.0096,dev
A0A6B3PFJ7,asparagine,Tri,1,0.864,0.7547,dev
A0A6B3PFJ7,cadaverine,Di,0,0.0003,0.0069,dev
A0A6B3PFJ7,cadaverine,Mono,0,0.0,0.0,dev
A0A6B3PFJ7,cadaverine,Tri,0,0.0017,0.0096,dev
A0A6B3PFJ7,citrulline,Di,0,0.0008,0.0069,dev
A0A6B3PFJ7,citrulline,Mono,0,0.0001,0.0058,dev
A0A6B3PFJ7,citrulline,Tri,0,0.0007,0.0069,dev
A0A6B3PFJ7,cystine,Di,0,0.0007,0.0069,dev
A0A6B3PFJ7,cystine,Mono,0,0.0,0.0058,dev
A0A6B3PFJ7,cystine,Tri,0,0.0014,0.0096,dev
A0A6B3PFJ7,dopamine,Di,0,0.0261,0.0264,dev
A0A6B3PFJ7,dopamine,Mono,0,0.0015,0.0096,dev
A0A6B3PFJ7,dopamine,Tri,1,0.8378,0.7547,dev
A0A6B3PFJ7,gaba,Di,1,0.7742,0.7234,dev
A0A6B3PFJ7,gaba,Mono,1,0.5512,0.4048,dev
A0A6B3PFJ7,gaba,Tri,1,0.8763,0.7547,dev
A0A6B3PFJ7,glutamine,Di,0,0.0015,0.0096,dev
A0A6B3PFJ7,glutamine,Mono,0,0.0003,0.0069,dev
A0A6B3PFJ7,glutamine,Tri,0,0.0016,0.0096,dev
A0A6B3PFJ7,glyglycine,Di,0,0.002,0.0096,dev
A0A6B3PFJ7,glyglycine,Mono,0,0.0002,0.0069,dev
A0A6B3PFJ7,glyglycine,Tri,0,0.004,0.0096,dev
A0A6B3PFJ7,histidine,Di,0,0.0003,0.0069,dev
A0A6B3PFJ7,histidine,Mono,0,0.0001,0.0058,dev
A0A6B3PFJ7,histidine,Tri,0,0.0012,0.0096,dev
A0A6B3PFJ7,lysine,Di,0,0.0048,0.0097,dev
A0A6B3PFJ7,lysine,Mono,0,0.0003,0.0069,dev
A0A6B3PFJ7,lysine,Tri,0,0.0014,0.0096,dev
A0A6B3PFJ7,methionine,Di,0,0.0014,0.0096,dev
A0A6B3PFJ7,methionine,Mono,0,0.0001,0.0069,dev
A0A6B3PFJ7,methionine,Tri,0,0.0012,0.0096,dev
A0A6B3PFJ7,ornithine,Di,0,0.002,0.0096,dev
A0A6B3PFJ7,ornithine,Mono,0,0.0002,0.0069,dev
A0A6B3PFJ7,ornithine,Tri,0,0.0011,0.0096,dev
A0A6B3PFJ7,phenylalanine,Di,1,0.8122,0.7547,dev
A0A6B3PFJ7,phenylalanine,Mono,0,0.0076,0.0167,dev
A0A6B3PFJ7,phenylalanine,Tri,1,0.9241,0.7921,dev
A0A6B3PFJ7,proline,Di,0,0.0007,0.0069,dev
A0A6B3PFJ7,proline,Mono,0,0.0002,0.0069,dev
A0A6B3PFJ7,proline,Tri,0,0.0067,0.0157,dev
A0A6B3PFJ7,putrescine,Di,0,0.0004,0.0069,dev
A0A6B3PFJ7,putrescine,Mono,0,0.0001,0.0058,dev
A0A6B3PFJ7,putrescine,Tri,0,0.0024,0.0096,dev
A0A6B3PFJ7,serine,Di,0,0.006,0.0157,dev
A0A6B3PFJ7,serine,Mono,0,0.0056,0.0157,dev
A0A6B3PFJ7,serine,Tri,0,0.0086,0.0167,dev
A0A6B3PFJ7,serotonin,Di,0,0.0002,0.0069,dev
A0A6B3PFJ7,serotonin,Mono,0,0.0004,0.0069,dev
A0A6B3PFJ7,serotonin,Tri,0,0.0008,0.0069,dev
A0A6B3PFJ7,threonine,Di,0,0.0011,0.0096,dev
A0A6B3PFJ7,threonine,Mono,0,0.0012,0.0096,dev
A0A6B3PFJ7,threonine,Tri,0,0.0003,0.0069,dev
A0A6B3PFJ7,tryptamine,Di,0,0.0002,0.0069,dev
A0A6B3PFJ7,tryptamine,Mono,0,0.0,0.0,dev
A0A6B3PFJ7,tryptamine,Tri,0,0.0018,0.0096,dev
A0A6B3PFJ7,tyramine,Di,0,0.001,0.0069,dev
A0A6B3PFJ7,tyramine,Mono,0,0.0026,0.0096,dev
A0A6B3PFJ7,tyramine,Tri,0,0.0049,0.0097,dev
A0A6I3NAM9,"2,3_diaminopropionic acid",Di,0,0.0135,0.0264,dev
A0A6I3NAM9,"2,3_diaminopropionic acid",Mono,0,0.0033,0.0096,dev
A0A6I3NAM9,"2,3_diaminopropionic acid",Tri,1,0.2295,0.1466,dev
A0A6I3NAM9,2_aminophenol,Di,1,0.4938,0.4048,dev
A0A6I3NAM9,2_aminophenol,Mono,0,0.0446,0.0679,dev
A0A6I3NAM9,2_aminophenol,Tri,1,0.714,0.6364,dev
A0A6I3NAM9,3_methoxytyramine,Di,0,0.0188,0.0264,dev
A0A6I3NAM9,3_methoxytyramine,Mono,0,0.0011,0.0096,dev
A0A6I3NAM9,3_methoxytyramine,Tri,0,0.0281,0.0264,dev
A0A6I3NAM9,alanine,Di,1,0.8945,0.7547,dev
A0A6I3NAM9,alanine,Mono,0,0.5326,0.4048,dev
A0A6I3NAM9,alanine,Tri,0,0.1376,0.1192,dev
A0A6I3NAM9,arginine,Di,0,0.0003,0.0069,dev
A0A6I3NAM9,arginine,Mono,0,0.0001,0.0058,dev
A0A6I3NAM9,arginine,Tri,0,0.0006,0.0069,dev
A0A6I3NAM9,asparagine,Di,0,0.0104,0.0179,dev
A0A6I3NAM9,asparagine,Mono,0,0.0033,0.0096,dev
A0A6I3NAM9,asparagine,Tri,1,0.7824,0.7234,dev
A0A6I3NAM9,cadaverine,Di,0,0.0003,0.0069,dev
A0A6I3NAM9,cadaverine,Mono,0,0.0001,0.0058,dev
A0A6I3NAM9,cadaverine,Tri,1,0.0013,0.0096,dev
A0A6I3NAM9,citrulline,Di,0,0.0007,0.0069,dev
A0A6I3NAM9,citrulline,Mono,0,0.0001,0.0058,dev
A0A6I3NAM9,citrulline,Tri,0,0.0004,0.0069,dev
A0A6I3NAM9,cystine,Di,0,0.0012,0.0096,dev
A0A6I3NAM9,cystine,Mono,0,0.0002,0.0069,dev
A0A6I3NAM9,cystine,Tri,0,0.0023,0.0096,dev
A0A6I3NAM9,dopamine,Di,0,0.049,0.0679,dev
A0A6I3NAM9,dopamine,Mono,0,0.007,0.0157,dev
A0A6I3NAM9,dopamine,Tri,1,0.8692,0.7547,dev
A0A6I3NAM9,gaba,Di,1,0.9394,0.7921,dev
A0A6I3NAM9,gaba,Mono,1,0.8851,0.7547,dev
A0A6I3NAM9,gaba,Tri,1,0.9765,0.8343,dev
A0A6I3NAM9,glutamine,Di,0,0.0048,0.0097,dev
A0A6I3NAM9,glutamine,Mono,0,0.0021,0.0096,dev
A0A6I3NAM9,glutamine,Tri,0,0.0034,0.0096,dev
A0A6I3NAM9,glyglycine,Di,0,0.0042,0.0096,dev
A0A6I3NAM9,glyglycine,Mono,0,0.0011,0.0096,dev
A0A6I3NAM9,glyglycine,Tri,0,0.0149,0.0264,dev
A0A6I3NAM9,histidine,Di,0,0.0003,0.0069,dev
A0A6I3NAM9,histidine,Mono,0,0.0001,0.0058,dev
A0A6I3NAM9,histidine,Tri,0,0.0014,0.0096,dev
A0A6I3NAM9,lysine,Di,0,0.0181,0.0264,dev
A0A6I3NAM9,lysine,Mono,0,0.0015,0.0096,dev
A0A6I3NAM9,lysine,Tri,0,0.0027,0.0096,dev
A0A6I3NAM9,methionine,Di,0,0.0039,0.0096,dev
A0A6I3NAM9,methionine,Mono,0,0.0013,0.0096,dev
A0A6I3NAM9,methionine,Tri,0,0.0048,0.0097,dev
A0A6I3NAM9,ornithine,Di,0,0.0125,0.0264,dev
A0A6I3NAM9,ornithine,Mono,0,0.0017,0.0096,dev
A0A6I3NAM9,ornithine,Tri,0,0.0038,0.0096,dev
A0A6I3NAM9,phenylalanine,Di,1,0.8716,0.7547,dev
A0A6I3NAM9,phenylalanine,Mono,0,0.0166,0.0264,dev
A0A6I3NAM9,phenylalanine,Tri,1,0.9356,0.7921,dev
A0A6I3NAM9,proline,Di,0,0.0005,0.0069,dev
A0A6I3NAM9,proline,Mono,0,0.0002,0.0069,dev
A0A6I3NAM9,proline,Tri,0,0.0082,0.0167,dev
A0A6I3NAM9,putrescine,Di,0,0.0006,0.0069,dev
A0A6I3NAM9,putrescine,Mono,0,0.0002,0.0069,dev
A0A6I3NAM9,putrescine,Tri,1,0.0024,0.0096,dev
A0A6I3NAM9,serine,Di,0,0.0102,0.0179,dev
A0A6I3NAM9,serine,Mono,0,0.0191,0.0264,dev
A0A6I3NAM9,serine,Tri,0,0.0148,0.0264,dev
A0A6I3NAM9,serotonin,Di,0,0.0003,0.0069,dev
A0A6I3NAM9,serotonin,Mono,0,0.0033,0.0096,dev
A0A6I3NAM9,serotonin,Tri,0,0.0015,0.0096,dev
A0A6I3NAM9,threonine,Di,0,0.0021,0.0096,dev
A0A6I3NAM9,threonine,Mono,0,0.0059,0.0157,dev
A0A6I3NAM9,threonine,Tri,0,0.0005,0.0069,dev
A0A6I3NAM9,tryptamine,Di,0,0.0004,0.0069,dev
A0A6I3NAM9,tryptamine,Mono,0,0.0001,0.0058,dev
A0A6I3NAM9,tryptamine,Tri,0,0.0017,0.0096,dev
A0A6I3NAM9,tyramine,Di,0,0.0033,0.0096,dev
A0A6I3NAM9,tyramine,Mono,1,0.0343,0.046,dev
A0A6I3NAM9,tyramine,Tri,0,0.0133,0.0264,dev
A0A7K1GNS5,"2,3_diaminopropionic acid",Di,0,0.0123,0.0264,test
A0A7K1GNS5,"2,3_diaminopropionic acid",Mono,0,0.0018,0.0096,test
A0A7K1GNS5,"2,3_diaminopropionic acid",Tri,0,0.078,0.0679,test
A0A7K1GNS5,2_aminophenol,Di,0,0.0529,0.0679,test
A0A7K1GNS5,2_aminophenol,Mono,0,0.0026,0.0096,test
A0A7K1GNS5,2_aminophenol,Tri,0,0.0888,0.0758,test
A0A7K1GNS5,3_methoxytyramine,Di,0,0.0185,0.0264,test
A0A7K1GNS5,3_methoxytyramine,Mono,0,0.0008,0.0069,test
A0A7K1GNS5,3_methoxytyramine,Tri,0,0.0211,0.0264,test
A0A7K1GNS5,alanine,Di,1,0.8063,0.7547,test
A0A7K1GNS5,alanine,Mono,0,0.4192,0.37,test
A0A7K1GNS5,alanine,Tri,0,0.1197,0.0758,test
A0A7K1GNS5,arginine,Di,0,0.0004,0.0069,test
A0A7K1GNS5,arginine,Mono,0,0.0001,0.0058,test
A0A7K1GNS5,arginine,Tri,0,0.0004,0.0069,test
A0A7K1GNS5,asparagine,Di,0,0.0396,0.046,test
A0A7K1GNS5,asparagine,Mono,0,0.0085,0.0167,test
A0A7K1GNS5,asparagine,Tri,1,0.7865,0.7234,test
A0A7K1GNS5,cadaverine,Di,0,0.0011,0.0096,test
A0A7K1GNS5,cadaverine,Mono,0,0.0002,0.0069,test
A0A7K1GNS5,cadaverine,Tri,0,0.0024,0.0096,test
A0A7K1GNS5,citrulline,Di,0,0.0014,0.0096,test
A0A7K1GNS5,citrulline,Mono,0,0.0002,0.0069,test
A0A7K1GNS5,citrulline,Tri,0,0.0006,0.0069,test
A0A7K1GNS5,cystine,Di,0,0.0012,0.0096,test
A0A7K1GNS5,cystine,Mono,0,0.0001,0.0058,test
A0A7K1GNS5,cystine,Tri,0,0.001,0.0096,test
A0A7K1GNS5,dopamine,Di,0,0.0666,0.0679,test
A0A7K1GNS5,dopamine,Mono,0,0.0048,0.0097,test
A0A7K1GNS5,dopamine,Tri,1,0.7469,0.7234,test
A0A7K1GNS5,gaba,Di,1,0.9303,0.7921,test
A0A7K1GNS5,gaba,Mono,1,0.8467,0.7547,test
A0A7K1GNS5,gaba,Tri,1,0.9507,0.7921,test
A0A7K1GNS5,glutamine,Di,0,0.0037,0.0096,test
A0A7K1GNS5,glutamine,Mono,0,0.0015,0.0096,test
A0A7K1GNS5,glutamine,Tri,0,0.0025,0.0096,test
A0A7K1GNS5,glyglycine,Di,0,0.0085,0.0167,test
A0A7K1GNS5,glyglycine,Mono,0,0.0019,0.0096,test
A0A7K1GNS5,glyglycine,Tri,0,0.0169,0.0264,test
A0A7K1GNS5,histidine,Di,0,0.0005,0.0069,test
A0A7K1GNS5,histidine,Mono,0,0.0002,0.0069,test
A0A7K1GNS5,histidine,Tri,0,0.0012,0.0096,test
A0A7K1GNS5,lysine,Di,0,0.0136,0.0264,test
A0A7K1GNS5,lysine,Mono,0,0.0018,0.0096,test
A0A7K1GNS5,lysine,Tri,0,0.0022,0.0096,test
A0A7K1GNS5,methionine,Di,0,0.0012,0.0096,test
A0A7K1GNS5,methionine,Mono,0,0.0003,0.0069,test
A0A7K1GNS5,methionine,Tri,0,0.0011,0.0096,test
A0A7K1GNS5,ornithine,Di,0,0.0061,0.0157,test
A0A7K1GNS5,ornithine,Mono,0,0.0013,0.0096,test
A0A7K1GNS5,ornithine,Tri,0,0.0023,0.0096,test
A0A7K1GNS5,phenylalanine,Di,1,0.8492,0.7547,test
A0A7K1GNS5,phenylalanine,Mono,0,0.0279,0.0264,test
A0A7K1GNS5,phenylalanine,Tri,1,0.9268,0.7921,test
A0A7K1GNS5,proline,Di,0,0.0011,0.0096,test
A0A7K1GNS5,proline,Mono,0,0.0004,0.0069,test
A0A7K1GNS5,proline,Tri,0,0.0044,0.0096,test
A0A7K1GNS5,putrescine,Di,0,0.0014,0.0096,test
A0A7K1GNS5,putrescine,Mono,0,0.0003,0.0069,test
A0A7K1GNS5,putrescine,Tri,0,0.0032,0.0096,test
A0A7K1GNS5,serine,Di,0,0.0212,0.0264,test
A0A7K1GNS5,serine,Mono,0,0.0263,0.0264,test
A0A7K1GNS5,serine,Tri,0,0.0187,0.0264,test
A0A7K1GNS5,serotonin,Di,0,0.0004,0.0069,test
A0A7K1GNS5,serotonin,Mono,0,0.0012,0.0096,test
A0A7K1GNS5,serotonin,Tri,0,0.0008,0.0069,test
A0A7K1GNS5,threonine,Di,0,0.003,0.0096,test
A0A7K1GNS5,threonine,Mono,0,0.0105,0.0179,test
A0A7K1GNS5,threonine,Tri,0,0.0007,0.0069,test
A0A7K1GNS5,tryptamine,Di,0,0.0005,0.0069,test
A0A7K1GNS5,tryptamine,Mono,0,0.0001,0.0058,test
A0A7K1GNS5,tryptamine,Tri,0,0.0014,0.0096,test
A0A7K1GNS5,tyramine,Di,0,0.0042,0.0096,test
A0A7K1GNS5,tyramine,Mono,0,0.018,0.0264,test
A0A7K1GNS5,tyramine,Tri,0,0.0115,0.0264,test
A0A7W2FPE8,"2,3_diaminopropionic acid",Di,0,0.0463,0.0679,dev
A0A7W2FPE8,"2,3_diaminopropionic acid",Mono,0,0.0106,0.0264,dev
A0A7W2FPE8,"2,3_diaminopropionic acid",Tri,1,0.144,0.1192,dev
A0A7W2FPE8,2_aminophenol,Di,1,0.6865,0.5862,dev
A0A7W2FPE8,2_aminophenol,Mono,1,0.0853,0.0758,dev
A0A7W2FPE8,2_aminophenol,Tri,1,0.6062,0.566,dev
A0A7W2FPE8,3_methoxytyramine,Di,1,0.2339,0.1466,dev
A0A7W2FPE8,3_methoxytyramine,Mono,0,0.0079,0.0167,dev
A0A7W2FPE8,3_methoxytyramine,Tri,1,0.045,0.0679,dev
A0A7W2FPE8,alanine,Di,1,0.9283,0.7921,dev
A0A7W2FPE8,alanine,Mono,1,0.6137,0.5862,dev
A0A7W2FPE8,alanine,Tri,0,0.0641,0.0679,dev
A0A7W2FPE8,arginine,Di,0,0.0007,0.0069,dev
A0A7W2FPE8,arginine,Mono,0,0.0002,0.0069,dev
A0A7W2FPE8,arginine,Tri,0,0.0005,0.0069,dev
A0A7W2FPE8,asparagine,Di,0,0.0354,0.046,dev
A0A7W2FPE8,asparagine,Mono,0,0.0174,0.0264,dev
A0A7W2FPE8,asparagine,Tri,1,0.8982,0.7921,dev
A0A7W2FPE8,cadaverine,Di,0,0.0019,0.0096,dev
A0A7W2FPE8,cadaverine,Mono,0,0.0007,0.0069,dev
A0A7W2FPE8,cadaverine,Tri,0,0.0017,0.0096,dev
A0A7W2FPE8,citrulline,Di,0,0.0058,0.0157,dev
A0A7W2FPE8,citrulline,Mono,0,0.001,0.0069,dev
A0A7W2FPE8,citrulline,Tri,0,0.0012,0.0096,dev
A0A7W2FPE8,cystine,Di,0,0.0113,0.0264,dev
A0A7W2FPE8,cystine,Mono,0,0.0009,0.0069,dev
A0A7W2FPE8,cystine,Tri,0,0.0032,0.0096,dev
A0A7W2FPE8,dopamine,Di,1,0.2411,0.1466,dev
A0A7W2FPE8,dopamine,Mono,0,0.0465,0.0679,dev
A0A7W2FPE8,dopamine,Tri,1,0.9073,0.7921,dev
A0A7W2FPE8,gaba,Di,0,0.9629,0.7921,dev
A0A7W2FPE8,gaba,Mono,1,0.9318,0.7921,dev
A0A7W2FPE8,gaba,Tri,1,0.9527,0.7921,dev
A0A7W2FPE8,glutamine,Di,0,0.0185,0.0264,dev
A0A7W2FPE8,glutamine,Mono,0,0.0148,0.0264,dev
A0A7W2FPE8,glutamine,Tri,0,0.0046,0.0097,dev
A0A7W2FPE8,glyglycine,Di,0,0.0052,0.0157,dev
A0A7W2FPE8,glyglycine,Mono,0,0.0014,0.0096,dev
A0A7W2FPE8,glyglycine,Tri,0,0.0034,0.0096,dev
A0A7W2FPE8,histidine,Di,0,0.0008,0.0069,dev
A0A7W2FPE8,histidine,Mono,0,0.0003,0.0069,dev
A0A7W2FPE8,histidine,Tri,0,0.0007,0.0069,dev
A0A7W2FPE8,lysine,Di,0,0.0194,0.0264,dev
A0A7W2FPE8,lysine,Mono,0,0.0052,0.0157,dev
A0A7W2FPE8,lysine,Tri,0,0.0024,0.0096,dev
A0A7W2FPE8,methionine,Di,0,0.0155,0.0264,dev
A0A7W2FPE8,methionine,Mono,0,0.0061,0.0157,dev
A0A7W2FPE8,methionine,Tri,0,0.0059,0.0157,dev
A0A7W2FPE8,ornithine,Di,1,0.0521,0.0679,dev
A0A7W2FPE8,ornithine,Mono,0,0.0164,0.0264,dev
A0A7W2FPE8,ornithine,Tri,0,0.0083,0.0167,dev
A0A7W2FPE8,phenylalanine,Di,1,0.9636,0.8273,dev
A0A7W2FPE8,phenylalanine,Mono,0,0.0783,0.0679,dev
A0A7W2FPE8,phenylalanine,Tri,1,0.9517,0.7921,dev
A0A7W2FPE8,proline,Di,0,0.0023,0.0096,dev
A0A7W2FPE8,proline,Mono,0,0.0015,0.0096,dev
A0A7W2FPE8,proline,Tri,1,0.0046,0.0097,dev
A0A7W2FPE8,putrescine,Di,0,0.002,0.0096,dev
A0A7W2FPE8,putrescine,Mono,0,0.0007,0.0069,dev
A0A7W2FPE8,putrescine,Tri,0,0.0018,0.0096,dev
A0A7W2FPE8,serine,Di,0,0.0245,0.0264,dev
A0A7W2FPE8,serine,Mono,0,0.0265,0.0264,dev
A0A7W2FPE8,serine,Tri,0,0.01,0.0179,dev
A0A7W2FPE8,serotonin,Di,0,0.0034,0.0096,dev
A0A7W2FPE8,serotonin,Mono,0,0.029,0.0264,dev
A0A7W2FPE8,serotonin,Tri,0,0.0038,0.0096,dev
A0A7W2FPE8,threonine,Di,0,0.0025,0.0096,dev
A0A7W2FPE8,threonine,Mono,0,0.0097,0.0179,dev
A0A7W2FPE8,threonine,Tri,0,0.0003,0.0069,dev
A0A7W2FPE8,tryptamine,Di,0,0.0022,0.0096,dev
A0A7W2FPE8,tryptamine,Mono,0,0.0004,0.0069,dev
A0A7W2FPE8,tryptamine,Tri,1,0.0025,0.0096,dev
A0A7W2FPE8,tyramine,Di,0,0.0186,0.0264,dev
A0A7W2FPE8,tyramine,Mono,0,0.2249,0.1466,dev
A0A7W2FPE8,tyramine,Tri,0,0.0212,0.0264,dev
A0A848U0C2,"2,3_diaminopropionic acid",Di,0,0.0097,0.0179,dev
A0A848U0C2,"2,3_diaminopropionic acid",Mono,0,0.0019,0.0096,dev
A0A848U0C2,"2,3_diaminopropionic acid",Tri,0,0.0791,0.0679,dev
A0A848U0C2,2_aminophenol,Di,0,0.1067,0.0758,dev
A0A848U0C2,2_aminophenol,Mono,0,0.0059,0.0157,dev
A0A848U0C2,2_aminophenol,Tri,0,0.2073,0.1317,dev
A0A848U0C2,3_methoxytyramine,Di,0,0.0141,0.0264,dev
A0A848U0C2,3_methoxytyramine,Mono,0,0.0005,0.0069,dev
A0A848U0C2,3_methoxytyramine,Tri,0,0.0143,0.0264,dev
A0A848U0C2,alanine,Di,1,0.8623,0.7547,dev
A0A848U0C2,alanine,Mono,1,0.3243,0.2642,dev
A0A848U0C2,alanine,Tri,0,0.0885,0.0758,dev
A0A848U0C2,arginine,Di,0,0.0002,0.0069,dev
A0A848U0C2,arginine,Mono,0,0.0,0.0,dev
A0A848U0C2,arginine,Tri,0,0.0003,0.0069,dev
A0A848U0C2,asparagine,Di,0,0.0176,0.0264,dev
A0A848U0C2,asparagine,Mono,0,0.0056,0.0157,dev
A0A848U0C2,asparagine,Tri,1,0.7501,0.7234,dev
A0A848U0C2,cadaverine,Di,0,0.001,0.0069,dev
A0A848U0C2,cadaverine,Mono,0,0.0002,0.0069,dev
A0A848U0C2,cadaverine,Tri,0,0.0034,0.0096,dev
A0A848U0C2,citrulline,Di,0,0.001,0.0096,dev
A0A848U0C2,citrulline,Mono,0,0.0001,0.0058,dev
A0A848U0C2,citrulline,Tri,0,0.0006,0.0069,dev
A0A848U0C2,cystine,Di,0,0.0006,0.0069,dev
A0A848U0C2,cystine,Mono,0,0.0001,0.0058,dev
A0A848U0C2,cystine,Tri,0,0.0008,0.0069,dev
A0A848U0C2,dopamine,Di,0,0.0592,0.0679,dev
A0A848U0C2,dopamine,Mono,0,0.0073,0.0167,dev
A0A848U0C2,dopamine,Tri,1,0.8201,0.7547,dev
A0A848U0C2,gaba,Di,1,0.7786,0.7234,dev
A0A848U0C2,gaba,Mono,1,0.6664,0.5862,dev
A0A848U0C2,gaba,Tri,1,0.8649,0.7547,dev
A0A848U0C2,glutamine,Di,0,0.0019,0.0096,dev
A0A848U0C2,glutamine,Mono,0,0.0006,0.0069,dev
A0A848U0C2,glutamine,Tri,0,0.0018,0.0096,dev
A0A848U0C2,glyglycine,Di,0,0.0042,0.0096,dev
A0A848U0C2,glyglycine,Mono,0,0.001,0.0069,dev
A0A848U0C2,glyglycine,Tri,0,0.0092,0.0179,dev
A0A848U0C2,histidine,Di,0,0.0005,0.0069,dev
A0A848U0C2,histidine,Mono,0,0.0002,0.0069,dev
A0A848U0C2,histidine,Tri,0,0.0016,0.0096,dev
A0A848U0C2,lysine,Di,0,0.0081,0.0167,dev
A0A848U0C2,lysine,Mono,0,0.0006,0.0069,dev
A0A848U0C2,lysine,Tri,0,0.0013,0.0096,dev
A0A848U0C2,methionine,Di,0,0.0015,0.0096,dev
A0A848U0C2,methionine,Mono,0,0.0002,0.0069,dev
A0A848U0C2,methionine,Tri,0,0.0011,0.0096,dev
A0A848U0C2,ornithine,Di,0,0.0027,0.0096,dev
A0A848U0C2,ornithine,Mono,0,0.0003,0.0069,dev
A0A848U0C2,ornithine,Tri,0,0.001,0.0069,dev
A0A848U0C2,phenylalanine,Di,1,0.8591,0.7547,dev
A0A848U0C2,phenylalanine,Mono,0,0.0148,0.0264,dev
A0A848U0C2,phenylalanine,Tri,1,0.9159,0.7921,dev
A0A848U0C2,proline,Di,0,0.0009,0.0069,dev
A0A848U0C2,proline,Mono,0,0.0005,0.0069,dev
A0A848U0C2,proline,Tri,0,0.0065,0.0157,dev
A0A848U0C2,putrescine,Di,0,0.0013,0.0096,dev
A0A848U0C2,putrescine,Mono,0,0.0003,0.0069,dev
A0A848U0C2,putrescine,Tri,0,0.0045,0.0096,dev
A0A848U0C2,serine,Di,0,0.0122,0.0264,dev
A0A848U0C2,serine,Mono,0,0.0189,0.0264,dev
A0A848U0C2,serine,Tri,0,0.0133,0.0264,dev
A0A848U0C2,serotonin,Di,0,0.0008,0.0069,dev
A0A848U0C2,serotonin,Mono,0,0.0042,0.0096,dev
A0A848U0C2,serotonin,Tri,0,0.0027,0.0096,dev
A0A848U0C2,threonine,Di,0,0.0012,0.0096,dev
A0A848U0C2,threonine,Mono,0,0.0021,0.0096,dev
A0A848U0C2,threonine,Tri,0,0.0005,0.0069,dev
A0A848U0C2,tryptamine,Di,0,0.0005,0.0069,dev
A0A848U0C2,tryptamine,Mono,0,0.0001,0.0058,dev
A0A848U0C2,tryptamine,Tri,0,0.0024,0.0096,dev
A0A848U0C2,tyramine,Di,0,0.0044,0.0096,dev
A0A848U0C2,tyramine,Mono,0,0.0396,0.046,dev
A0A848U0C2,tyramine,Tri,0,0.0178,0.0264,dev
A0A8D5FTP2,"2,3_diaminopropionic acid",Di,0,0.0743,0.0679,dev
A0A8D5FTP2,"2,3_diaminopropionic acid",Mono,0,0.0116,0.0264,dev
A0A8D5FTP2,"2,3_diaminopropionic acid",Tri,0,0.32,0.22,dev
A0A8D5FTP2,2_aminophenol,Di,0,0.6494,0.5862,dev
A0A8D5FTP2,2_aminophenol,Mono,0,0.0644,0.0679,dev
A0A8D5FTP2,2_aminophenol,Tri,0,0.6855,0.5862,dev
A0A8D5FTP2,3_methoxytyramine,Di,0,0.1845,0.1317,dev
A0A8D5FTP2,3_methoxytyramine,Mono,0,0.0039,0.0096,dev
A0A8D5FTP2,3_methoxytyramine,Tri,0,0.0841,0.0741,dev
A0A8D5FTP2,alanine,Di,1,0.9641,0.8273,dev
A0A8D5FTP2,alanine,Mono,0,0.608,0.566,dev
A0A8D5FTP2,alanine,Tri,0,0.1232,0.0781,dev
A0A8D5FTP2,arginine,Di,0,0.0013,0.0096,dev
A0A8D5FTP2,arginine,Mono,0,0.0002,0.0069,dev
A0A8D5FTP2,arginine,Tri,0,0.0014,0.0096,dev
A0A8D5FTP2,asparagine,Di,0,0.0703,0.0679,dev
A0A8D5FTP2,asparagine,Mono,0,0.0184,0.0264,dev
A0A8D5FTP2,asparagine,Tri,1,0.9472,0.7921,dev
A0A8D5FTP2,cadaverine,Di,0,0.0025,0.0096,dev
A0A8D5FTP2,cadaverine,Mono,0,0.0006,0.0069,dev
A0A8D5FTP2,cadaverine,Tri,0,0.0079,0.0167,dev
A0A8D5FTP2,citrulline,Di,0,0.0039,0.0096,dev
A0A8D5FTP2,citrulline,Mono,0,0.0004,0.0069,dev
A0A8D5FTP2,citrulline,Tri,0,0.0019,0.0096,dev
A0A8D5FTP2,cystine,Di,0,0.0056,0.0157,dev
A0A8D5FTP2,cystine,Mono,0,0.0004,0.0069,dev
A0A8D5FTP2,cystine,Tri,0,0.0049,0.0097,dev
A0A8D5FTP2,dopamine,Di,0,0.2161,0.1317,dev
A0A8D5FTP2,dopamine,Mono,0,0.0184,0.0264,dev
A0A8D5FTP2,dopamine,Tri,0,0.9182,0.7921,dev
A0A8D5FTP2,gaba,Di,1,0.9864,0.8343,dev
A0A8D5FTP2,gaba,Mono,1,0.9683,0.8273,dev
A0A8D5FTP2,gaba,Tri,1,0.9902,0.8873,dev
A0A8D5FTP2,glutamine,Di,0,0.0108,0.0264,dev
A0A8D5FTP2,glutamine,Mono,0,0.0027,0.0096,dev
A0A8D5FTP2,glutamine,Tri,0,0.0069,0.0157,dev
A0A8D5FTP2,glyglycine,Di,0,0.0145,0.0264,dev
A0A8D5FTP2,glyglycine,Mono,0,0.0023,0.0096,dev
A0A8D5FTP2,glyglycine,Tri,0,0.0245,0.0264,dev
A0A8D5FTP2,histidine,Di,0,0.0011,0.0096,dev
A0A8D5FTP2,histidine,Mono,0,0.0003,0.0069,dev
A0A8D5FTP2,histidine,Tri,0,0.0023,0.0096,dev
A0A8D5FTP2,lysine,Di,0,0.0271,0.0264,dev
A0A8D5FTP2,lysine,Mono,0,0.0024,0.0096,dev
A0A8D5FTP2,lysine,Tri,0,0.0052,0.0157,dev
A0A8D5FTP2,methionine,Di,0,0.0112,0.0264,dev
A0A8D5FTP2,methionine,Mono,0,0.0017,0.0096,dev
A0A8D5FTP2,methionine,Tri,0,0.0062,0.0157,dev
A0A8D5FTP2,ornithine,Di,0,0.0269,0.0264,dev
A0A8D5FTP2,ornithine,Mono,0,0.0033,0.0096,dev
A0A8D5FTP2,ornithine,Tri,0,0.0077,0.0167,dev
A0A8D5FTP2,phenylalanine,Di,1,0.9807,0.8343,dev
A0A8D5FTP2,phenylalanine,Mono,0,0.0652,0.0679,dev
A0A8D5FTP2,phenylalanine,Tri,1,0.987,0.8343,dev
A0A8D5FTP2,proline,Di,0,0.0047,0.0097,dev
A0A8D5FTP2,proline,Mono,0,0.0019,0.0096,dev
A0A8D5FTP2,proline,Tri,0,0.0274,0.0264,dev
A0A8D5FTP2,putrescine,Di,0,0.0036,0.0096,dev
A0A8D5FTP2,putrescine,Mono,0,0.0008,0.0069,dev
A0A8D5FTP2,putrescine,Tri,0,0.0115,0.0264,dev
A0A8D5FTP2,serine,Di,0,0.0188,0.0264,dev
A0A8D5FTP2,serine,Mono,0,0.0183,0.0264,dev
A0A8D5FTP2,serine,Tri,0,0.0201,0.0264,dev
A0A8D5FTP2,serotonin,Di,0,0.0021,0.0096,dev
A0A8D5FTP2,serotonin,Mono,0,0.0093,0.0179,dev
A0A8D5FTP2,serotonin,Tri,0,0.0046,0.0096,dev
A0A8D5FTP2,threonine,Di,0,0.0033,0.0096,dev
A0A8D5FTP2,threonine,Mono,0,0.0035,0.0096,dev
A0A8D5FTP2,threonine,Tri,0,0.0007,0.0069,dev
A0A8D5FTP2,tryptamine,Di,0,0.0029,0.0096,dev
A0A8D5FTP2,tryptamine,Mono,0,0.0003,0.0069,dev
A0A8D5FTP2,tryptamine,Tri,0,0.0088,0.0179,dev
A0A8D5FTP2,tyramine,Di,0,0.0111,0.0264,dev
A0A8D5FTP2,tyramine,Mono,0,0.0678,0.0679,dev
A0A8D5FTP2,tyramine,Tri,0,0.0263,0.0264,dev
A0A8J7U9Z7,"2,3_diaminopropionic acid",Di,0,0.0082,0.0167,test
A0A8J7U9Z7,"2,3_diaminopropionic acid",Mono,0,0.0009,0.0069,test
A0A8J7U9Z7,"2,3_diaminopropionic acid",Tri,0,0.0535,0.0679,test
A0A8J7U9Z7,2_aminophenol,Di,0,0.1034,0.0758,test
A0A8J7U9Z7,2_aminophenol,Mono,0,0.0041,0.0096,test
A0A8J7U9Z7,2_aminophenol,Tri,0,0.2022,0.1317,test
A0A8J7U9Z7,3_methoxytyramine,Di,0,0.0342,0.0264,test
A0A8J7U9Z7,3_methoxytyramine,Mono,0,0.0007,0.0069,test
A0A8J7U9Z7,3_methoxytyramine,Tri,0,0.0291,0.0264,test
A0A8J7U9Z7,alanine,Di,1,0.9303,0.7921,test
A0A8J7U9Z7,alanine,Mono,1,0.3461,0.2642,test
A0A8J7U9Z7,alanine,Tri,0,0.0824,0.0741,test
A0A8J7U9Z7,arginine,Di,0,0.0001,0.0058,test
A0A8J7U9Z7,arginine,Mono,0,0.0,0.0,test
A0A8J7U9Z7,arginine,Tri,0,0.0001,0.0058,test
A0A8J7U9Z7,asparagine,Di,0,0.0343,0.0264,test
A0A8J7U9Z7,asparagine,Mono,0,0.007,0.0157,test
A0A8J7U9Z7,asparagine,Tri,1,0.9122,0.7921,test
A0A8J7U9Z7,cadaverine,Di,0,0.0007,0.0069,test
A0A8J7U9Z7,cadaverine,Mono,0,0.0001,0.0058,test
A0A8J7U9Z7,cadaverine,Tri,0,0.0028,0.0096,test
A0A8J7U9Z7,citrulline,Di,0,0.0008,0.0069,test
A0A8J7U9Z7,citrulline,Mono,0,0.0001,0.0058,test
A0A8J7U9Z7,citrulline,Tri,0,0.0005,0.0069,test
A0A8J7U9Z7,cystine,Di,0,0.0013,0.0096,test
A0A8J7U9Z7,cystine,Mono,0,0.0001,0.0058,test
A0A8J7U9Z7,cystine,Tri,0,0.0015,0.0096,test
A0A8J7U9Z7,dopamine,Di,0,0.0877,0.0758,test
A0A8J7U9Z7,dopamine,Mono,0,0.0078,0.0167,test
A0A8J7U9Z7,dopamine,Tri,1,0.9003,0.7921,test
A0A8J7U9Z7,gaba,Di,1,0.9037,0.7921,test
A0A8J7U9Z7,gaba,Mono,1,0.7689,0.7234,test
A0A8J7U9Z7,gaba,Tri,1,0.9517,0.7921,test
A0A8J7U9Z7,glutamine,Di,0,0.002,0.0096,test
A0A8J7U9Z7,glutamine,Mono,0,0.0005,0.0069,test
A0A8J7U9Z7,glutamine,Tri,0,0.0017,0.0096,test
A0A8J7U9Z7,glyglycine,Di,0,0.0054,0.0157,test
A0A8J7U9Z7,glyglycine,Mono,0,0.0006,0.0069,test
A0A8J7U9Z7,glyglycine,Tri,0,0.011,0.0264,test
A0A8J7U9Z7,histidine,Di,0,0.0005,0.0069,test
A0A8J7U9Z7,histidine,Mono,0,0.0001,0.0058,test
A0A8J7U9Z7,histidine,Tri,0,0.0013,0.0096,test
A0A8J7U9Z7,lysine,Di,0,0.0079,0.0167,test
A0A8J7U9Z7,lysine,Mono,0,0.0005,0.0069,test
A0A8J7U9Z7,lysine,Tri,0,0.0017,0.0096,test
A0A8J7U9Z7,methionine,Di,0,0.0017,0.0096,test
A0A8J7U9Z7,methionine,Mono,0,0.0002,0.0069,test
A0A8J7U9Z7,methionine,Tri,0,0.0011,0.0096,test
A0A8J7U9Z7,ornithine,Di,0,0.0029,0.0096,test
A0A8J7U9Z7,ornithine,Mono,0,0.0003,0.0069,test
A0A8J7U9Z7,ornithine,Tri,0,0.0012,0.0096,test
A0A8J7U9Z7,phenylalanine,Di,1,0.9577,0.7921,test
A0A8J7U9Z7,phenylalanine,Mono,0,0.0236,0.0264,test
A0A8J7U9Z7,phenylalanine,Tri,1,0.9739,0.8273,test
A0A8J7U9Z7,proline,Di,0,0.0007,0.0069,test
A0A8J7U9Z7,proline,Mono,0,0.0002,0.0069,test
A0A8J7U9Z7,proline,Tri,0,0.0066,0.0157,test
A0A8J7U9Z7,putrescine,Di,0,0.001,0.0069,test
A0A8J7U9Z7,putrescine,Mono,0,0.0001,0.0069,test
A0A8J7U9Z7,putrescine,Tri,0,0.0042,0.0096,test
A0A8J7U9Z7,serine,Di,0,0.0157,0.0264,test
A0A8J7U9Z7,serine,Mono,0,0.0085,0.0167,test
A0A8J7U9Z7,serine,Tri,0,0.022,0.0264,test
A0A8J7U9Z7,serotonin,Di,0,0.0005,0.0069,test
A0A8J7U9Z7,serotonin,Mono,0,0.002,0.0096,test
A0A8J7U9Z7,serotonin,Tri,0,0.0017,0.0096,test
A0A8J7U9Z7,threonine,Di,0,0.0018,0.0096,test
A0A8J7U9Z7,threonine,Mono,0,0.0017,0.0096,test
A0A8J7U9Z7,threonine,Tri,0,0.0006,0.0069,test
A0A8J7U9Z7,tryptamine,Di,0,0.0004,0.0069,test
A0A8J7U9Z7,tryptamine,Mono,0,0.0,0.0,test
A0A8J7U9Z7,tryptamine,Tri,0,0.0016,0.0096,test
A0A8J7U9Z7,tyramine,Di,0,0.0034,0.0096,test
A0A8J7U9Z7,tyramine,Mono,0,0.0206,0.0264,test
A0A8J7U9Z7,tyramine,Tri,0,0.0152,0.0264,test
A0A942AQR8,"2,3_diaminopropionic acid",Di,0,0.1068,0.0758,dev
A0A942AQR8,"2,3_diaminopropionic acid",Mono,0,0.0135,0.0264,dev
A0A942AQR8,"2,3_diaminopropionic acid",Tri,1,0.3379,0.2642,dev
A0A942AQR8,2_aminophenol,Di,1,0.7354,0.7234,dev
A0A942AQR8,2_aminophenol,Mono,1,0.0752,0.0679,dev
A0A942AQR8,2_aminophenol,Tri,1,0.5799,0.566,dev
A0A942AQR8,3_methoxytyramine,Di,1,0.4168,0.37,dev
A0A942AQR8,3_methoxytyramine,Mono,0,0.0062,0.0157,dev
A0A942AQR8,3_methoxytyramine,Tri,0,0.0722,0.0679,dev
A0A942AQR8,alanine,Di,1,0.9583,0.7921,dev
A0A942AQR8,alanine,Mono,1,0.537,0.4048,dev
A0A942AQR8,alanine,Tri,0,0.0293,0.0264,dev
A0A942AQR8,arginine,Di,0,0.0013,0.0096,dev
A0A942AQR8,arginine,Mono,0,0.0002,0.0069,dev
A0A942AQR8,arginine,Tri,0,0.0009,0.0069,dev
A0A942AQR8,asparagine,Di,0,0.0397,0.046,dev
A0A942AQR8,asparagine,Mono,0,0.0111,0.0264,dev
A0A942AQR8,asparagine,Tri,1,0.9196,0.7921,dev
A0A942AQR8,cadaverine,Di,0,0.0018,0.0096,dev
A0A942AQR8,cadaverine,Mono,0,0.0003,0.0069,dev
A0A942AQR8,cadaverine,Tri,0,0.0019,0.0096,dev
A0A942AQR8,citrulline,Di,0,0.0013,0.0096,dev
A0A942AQR8,citrulline,Mono,0,0.0002,0.0069,dev
A0A942AQR8,citrulline,Tri,0,0.0004,0.0069,dev
A0A942AQR8,cystine,Di,0,0.0092,0.0179,dev
A0A942AQR8,cystine,Mono,0,0.0004,0.0069,dev
A0A942AQR8,cystine,Tri,0,0.0029,0.0096,dev
A0A942AQR8,dopamine,Di,1,0.2094,0.1317,dev
A0A942AQR8,dopamine,Mono,0,0.0164,0.0264,dev
A0A942AQR8,dopamine,Tri,1,0.8851,0.7547,dev
A0A942AQR8,gaba,Di,1,0.9791,0.8343,dev
A0A942AQR8,gaba,Mono,1,0.8987,0.7921,dev
A0A942AQR8,gaba,Tri,1,0.9715,0.8273,dev
A0A942AQR8,glutamine,Di,0,0.0146,0.0264,dev
A0A942AQR8,glutamine,Mono,0,0.0045,0.0096,dev
A0A942AQR8,glutamine,Tri,0,0.0042,0.0096,dev
A0A942AQR8,glyglycine,Di,0,0.0085,0.0167,dev
A0A942AQR8,glyglycine,Mono,0,0.001,0.0069,dev
A0A942AQR8,glyglycine,Tri,0,0.0046,0.0097,dev
A0A942AQR8,histidine,Di,0,0.0006,0.0069,dev
A0A942AQR8,histidine,Mono,0,0.0002,0.0069,dev
A0A942AQR8,histidine,Tri,0,0.0008,0.0069,dev
A0A942AQR8,lysine,Di,0,0.0371,0.046,dev
A0A942AQR8,lysine,Mono,0,0.0026,0.0096,dev
A0A942AQR8,lysine,Tri,0,0.0032,0.0096,dev
A0A942AQR8,methionine,Di,0,0.0074,0.0167,dev
A0A942AQR8,methionine,Mono,0,0.001,0.0096,dev
A0A942AQR8,methionine,Tri,0,0.0024,0.0096,dev
A0A942AQR8,ornithine,Di,1,0.178,0.1317,dev
A0A942AQR8,ornithine,Mono,1,0.0186,0.0264,dev
A0A942AQR8,ornithine,Tri,0,0.0232,0.0264,dev
A0A942AQR8,phenylalanine,Di,1,0.9566,0.7921,dev
A0A942AQR8,phenylalanine,Mono,0,0.0318,0.0264,dev
A0A942AQR8,phenylalanine,Tri,1,0.9241,0.7921,dev
A0A942AQR8,proline,Di,0,0.0015,0.0096,dev
A0A942AQR8,proline,Mono,0,0.0005,0.0069,dev
A0A942AQR8,proline,Tri,0,0.0071,0.0157,dev
A0A942AQR8,putrescine,Di,0,0.0032,0.0096,dev
A0A942AQR8,putrescine,Mono,0,0.0005,0.0069,dev
A0A942AQR8,putrescine,Tri,0,0.0033,0.0096,dev
A0A942AQR8,serine,Di,0,0.0134,0.0264,dev
A0A942AQR8,serine,Mono,0,0.0111,0.0264,dev
A0A942AQR8,serine,Tri,0,0.0061,0.0157,dev
A0A942AQR8,serotonin,Di,0,0.0041,0.0096,dev
A0A942AQR8,serotonin,Mono,1,0.047,0.0679,dev
A0A942AQR8,serotonin,Tri,0,0.0053,0.0157,dev
A0A942AQR8,threonine,Di,0,0.0025,0.0096,dev
A0A942AQR8,threonine,Mono,0,0.0037,0.0096,dev
A0A942AQR8,threonine,Tri,0,0.0001,0.0058,dev
A0A942AQR8,tryptamine,Di,0,0.0032,0.0096,dev
A0A942AQR8,tryptamine,Mono,0,0.0006,0.0069,dev
A0A942AQR8,tryptamine,Tri,0,0.0039,0.0096,dev
A0A942AQR8,tyramine,Di,0,0.0137,0.0264,dev
A0A942AQR8,tyramine,Mono,1,0.1055,0.0758,dev
A0A942AQR8,tyramine,Tri,0,0.0133,0.0264,dev
A0A952U252,"2,3_diaminopropionic acid",Di,0,0.0313,0.0264,dev
A0A952U252,"2,3_diaminopropionic acid",Mono,0,0.0057,0.0157,dev
A0A952U252,"2,3_diaminopropionic acid",Tri,0,0.1979,0.1317,dev
A0A952U252,2_aminophenol,Di,0,0.3773,0.2642,dev
A0A952U252,2_aminophenol,Mono,0,0.0186,0.0264,dev
A0A952U252,2_aminophenol,Tri,0,0.4557,0.37,dev
A0A952U252,3_methoxytyramine,Di,0,0.1195,0.0758,dev
A0A952U252,3_methoxytyramine,Mono,0,0.0017,0.0096,dev
A0A952U252,3_methoxytyramine,Tri,0,0.0312,0.0264,dev
A0A952U252,alanine,Di,1,0.8229,0.7547,dev
A0A952U252,alanine,Mono,0,0.3476,0.2642,dev
A0A952U252,alanine,Tri,0,0.0476,0.0679,dev
A0A952U252,arginine,Di,0,0.0006,0.0069,dev
A0A952U252,arginine,Mono,0,0.0002,0.0069,dev
A0A952U252,arginine,Tri,0,0.0007,0.0069,dev
A0A952U252,asparagine,Di,0,0.0172,0.0264,dev
A0A952U252,asparagine,Mono,0,0.0059,0.0157,dev
A0A952U252,asparagine,Tri,1,0.834,0.7547,dev
A0A952U252,cadaverine,Di,0,0.0013,0.0096,dev
A0A952U252,cadaverine,Mono,0,0.0003,0.0069,dev
A0A952U252,cadaverine,Tri,0,0.0023,0.0096,dev
A0A952U252,citrulline,Di,0,0.0034,0.0096,dev
A0A952U252,citrulline,Mono,0,0.0006,0.0069,dev
A0A952U252,citrulline,Tri,0,0.0012,0.0096,dev
A0A952U252,cystine,Di,0,0.0035,0.0096,dev
A0A952U252,cystine,Mono,0,0.0003,0.0069,dev
A0A952U252,cystine,Tri,0,0.0024,0.0096,dev
A0A952U252,dopamine,Di,0,0.0889,0.0758,dev
A0A952U252,dopamine,Mono,0,0.007,0.0157,dev
A0A952U252,dopamine,Tri,1,0.8234,0.7547,dev
A0A952U252,gaba,Di,1,0.8927,0.7547,dev
A0A952U252,gaba,Mono,1,0.8021,0.7547,dev
A0A952U252,gaba,Tri,1,0.9085,0.7921,dev
A0A952U252,glutamine,Di,0,0.0152,0.0264,dev
A0A952U252,glutamine,Mono,0,0.0092,0.0179,dev
A0A952U252,glutamine,Tri,0,0.0053,0.0157,dev
A0A952U252,glyglycine,Di,0,0.0063,0.0157,dev
A0A952U252,glyglycine,Mono,0,0.0012,0.0096,dev
A0A952U252,glyglycine,Tri,0,0.0085,0.0167,dev
A0A952U252,histidine,Di,0,0.0005,0.0069,dev
A0A952U252,histidine,Mono,0,0.0003,0.0069,dev
A0A952U252,histidine,Tri,0,0.0012,0.0096,dev
A0A952U252,lysine,Di,0,0.0139,0.0264,dev
A0A952U252,lysine,Mono,0,0.0026,0.0096,dev
A0A952U252,lysine,Tri,0,0.0021,0.0096,dev
A0A952U252,methionine,Di,0,0.0061,0.0157,dev
A0A952U252,methionine,Mono,0,0.0023,0.0096,dev
A0A952U252,methionine,Tri,0,0.0044,0.0096,dev
A0A952U252,ornithine,Di,0,0.0324,0.0264,dev
A0A952U252,ornithine,Mono,0,0.008,0.0167,dev
A0A952U252,ornithine,Tri,0,0.0086,0.0167,dev
A0A952U252,phenylalanine,Di,1,0.8986,0.7921,dev
A0A952U252,phenylalanine,Mono,0,0.0372,0.046,dev
A0A952U252,phenylalanine,Tri,1,0.9409,0.7921,dev
A0A952U252,proline,Di,0,0.0019,0.0096,dev
A0A952U252,proline,Mono,0,0.0011,0.0096,dev
A0A952U252,proline,Tri,0,0.0077,0.0167,dev
A0A952U252,putrescine,Di,0,0.0014,0.0096,dev
A0A952U252,putrescine,Mono,0,0.0003,0.0069,dev
A0A952U252,putrescine,Tri,0,0.0024,0.0096,dev
A0A952U252,serine,Di,0,0.0081,0.0167,dev
A0A952U252,serine,Mono,0,0.0086,0.0167,dev
A0A952U252,serine,Tri,0,0.0074,0.0167,dev
A0A952U252,serotonin,Di,0,0.0026,0.0096,dev
A0A952U252,serotonin,Mono,0,0.0346,0.046,dev
A0A952U252,serotonin,Tri,0,0.0058,0.0157,dev
A0A952U252,threonine,Di,0,0.0009,0.0069,dev
A0A952U252,threonine,Mono,0,0.0033,0.0096,dev
A0A952U252,threonine,Tri,0,0.0002,0.0069,dev
A0A952U252,tryptamine,Di,0,0.003,0.0096,dev
A0A952U252,tryptamine,Mono,0,0.0004,0.0069,dev
A0A952U252,tryptamine,Tri,0,0.0067,0.0157,dev
A0A952U252,tyramine,Di,0,0.0061,0.0157,dev
A0A952U252,tyramine,Mono,0,0.0795,0.0679,dev
A0A952U252,tyramine,Tri,0,0.0139,0.0264,dev
A6LC91,"2,3_diaminopropionic acid",Di,0,0.0213,0.0264,dev
A6LC91,"2,3_diaminopropionic acid",Mono,0,0.0036,0.0096,dev
A6LC91,"2,3_diaminopropionic acid",Tri,0,0.0785,0.0679,dev
A6LC91,2_aminophenol,Di,0,0.4664,0.37,dev
A6LC91,2_aminophenol,Mono,0,0.036,0.046,dev
A6LC91,2_aminophenol,Tri,0,0.3561,0.2642,dev
A6LC91,3_methoxytyramine,Di,0,0.0626,0.0679,dev
A6LC91,3_methoxytyramine,Mono,0,0.0012,0.0096,dev
A6LC91,3_methoxytyramine,Tri,0,0.0149,0.0264,dev
A6LC91,alanine,Di,0,0.742,0.7234,dev
A6LC91,alanine,Mono,0,0.1987,0.1317,dev
A6LC91,alanine,Tri,0,0.0158,0.0264,dev
A6LC91,arginine,Di,0,0.0003,0.0069,dev
A6LC91,arginine,Mono,0,0.0001,0.0058,dev
A6LC91,arginine,Tri,0,0.0002,0.0069,dev
A6LC91,asparagine,Di,0,0.015,0.0264,dev
A6LC91,asparagine,Mono,0,0.0047,0.0097,dev
A6LC91,asparagine,Tri,0,0.7753,0.7234,dev
A6LC91,cadaverine,Di,0,0.0004,0.0069,dev
A6LC91,cadaverine,Mono,0,0.0001,0.0058,dev
A6LC91,cadaverine,Tri,0,0.0004,0.0069,dev
A6LC91,citrulline,Di,0,0.0005,0.0069,dev
A6LC91,citrulline,Mono,0,0.0001,0.0058,dev
A6LC91,citrulline,Tri,0,0.0001,0.0058,dev
A6LC91,cystine,Di,0,0.0023,0.0096,dev
A6LC91,cystine,Mono,0,0.0001,0.0058,dev
A6LC91,cystine,Tri,0,0.0009,0.0069,dev
A6LC91,dopamine,Di,0,0.0826,0.0741,dev
A6LC91,dopamine,Mono,0,0.0069,0.0157,dev
A6LC91,dopamine,Tri,0,0.7467,0.7234,dev
A6LC91,gaba,Di,0,0.7103,0.6364,dev
A6LC91,gaba,Mono,0,0.4667,0.37,dev
A6LC91,gaba,Tri,0,0.6867,0.5862,dev
A6LC91,glutamine,Di,0,0.0024,0.0096,dev
A6LC91,glutamine,Mono,0,0.0017,0.0096,dev
A6LC91,glutamine,Tri,0,0.0015,0.0096,dev
A6LC91,glyglycine,Di,0,0.0022,0.0096,dev
A6LC91,glyglycine,Mono,0,0.0004,0.0069,dev
A6LC91,glyglycine,Tri,0,0.0018,0.0096,dev
A6LC91,histidine,Di,0,0.0003,0.0069,dev
A6LC91,histidine,Mono,0,0.0001,0.0058,dev
A6LC91,histidine,Tri,0,0.0005,0.0069,dev
A6LC91,lysine,Di,0,0.0085,0.0167,dev
A6LC91,lysine,Mono,0,0.0007,0.0069,dev
A6LC91,lysine,Tri,0,0.0005,0.0069,dev
A6LC91,methionine,Di,0,0.0016,0.0096,dev
A6LC91,methionine,Mono,0,0.0005,0.0069,dev
A6LC91,methionine,Tri,0,0.001,0.0069,dev
A6LC91,ornithine,Di,0,0.0465,0.0679,dev
A6LC91,ornithine,Mono,0,0.0059,0.0157,dev
A6LC91,ornithine,Tri,0,0.0054,0.0157,dev
A6LC91,phenylalanine,Di,0,0.8673,0.7547,dev
A6LC91,phenylalanine,Mono,0,0.0201,0.0264,dev
A6LC91,phenylalanine,Tri,0,0.8321,0.7547,dev
A6LC91,proline,Di,0,0.0006,0.0069,dev
A6LC91,proline,Mono,0,0.0002,0.0069,dev
A6LC91,proline,Tri,0,0.0039,0.0096,dev
A6LC91,putrescine,Di,0,0.0007,0.0069,dev
A6LC91,putrescine,Mono,0,0.0001,0.0058,dev
A6LC91,putrescine,Tri,0,0.0008,0.0069,dev
A6LC91,serine,Di,0,0.0044,0.0096,dev
A6LC91,serine,Mono,0,0.005,0.0157,dev
A6LC91,serine,Tri,0,0.0025,0.0096,dev
A6LC91,serotonin,Di,0,0.0006,0.0069,dev
A6LC91,serotonin,Mono,0,0.0093,0.0179,dev
A6LC91,serotonin,Tri,0,0.001,0.0096,dev
A6LC91,threonine,Di,0,0.0004,0.0069,dev
A6LC91,threonine,Mono,0,0.001,0.0069,dev
A6LC91,threonine,Tri,0,0.0,0.0,dev
A6LC91,tryptamine,Di,0,0.0007,0.0069,dev
A6LC91,tryptamine,Mono,0,0.0002,0.0069,dev
A6LC91,tryptamine,Tri,0,0.0011,0.0096,dev
A6LC91,tyramine,Di,0,0.0033,0.0096,dev
A6LC91,tyramine,Mono,0,0.0321,0.0264,dev
A6LC91,tyramine,Tri,0,0.0041,0.0096,dev
A7A5K1,"2,3_diaminopropionic acid",Di,0,0.0643,0.0679,test
A7A5K1,"2,3_diaminopropionic acid",Mono,0,0.0138,0.0264,test
A7A5K1,"2,3_diaminopropionic acid",Tri,0,0.4201,0.37,test
A7A5K1,2_aminophenol,Di,0,0.5545,0.4048,test
A7A5K1,2_aminophenol,Mono,0,0.04,0.046,test
A7A5K1,2_aminophenol,Tri,0,0.7062,0.6364,test
A7A5K1,3_methoxytyramine,Di,0,0.0273,0.0264,test
A7A5K1,3_methoxytyramine,Mono,0,0.0013,0.0096,test
A7A5K1,3_methoxytyramine,Tri,0,0.0198,0.0264,test
A7A5K1,alanine,Di,0,0.9418,0.7921,test
A7A5K1,alanine,Mono,0,0.7029,0.6364,test
A7A5K1,alanine,Tri,0,0.461,0.37,test
A7A5K1,arginine,Di,0,0.0013,0.0096,test
A7A5K1,arginine,Mono,0,0.0003,0.0069,test
A7A5K1,arginine,Tri,0,0.0027,0.0096,test
A7A5K1,asparagine,Di,0,0.04,0.046,test
A7A5K1,asparagine,Mono,0,0.0153,0.0264,test
A7A5K1,asparagine,Tri,0,0.9497,0.7921,test
A7A5K1,cadaverine,Di,0,0.0017,0.0096,test
A7A5K1,cadaverine,Mono,0,0.0004,0.0069,test
A7A5K1,cadaverine,Tri,0,0.004,0.0096,test
A7A5K1,citrulline,Di,0,0.0044,0.0096,test
A7A5K1,citrulline,Mono,0,0.0008,0.0069,test
A7A5K1,citrulline,Tri,0,0.0026,0.0096,test
A7A5K1,cystine,Di,0,0.0038,0.0096,test
A7A5K1,cystine,Mono,0,0.0005,0.0069,test
A7A5K1,cystine,Tri,0,0.0049,0.0097,test
A7A5K1,dopamine,Di,0,0.0792,0.0679,test
A7A5K1,dopamine,Mono,0,0.0135,0.0264,test
A7A5K1,dopamine,Tri,0,0.8625,0.7547,test
A7A5K1,gaba,Di,0,0.969,0.8273,test
A7A5K1,gaba,Mono,0,0.9313,0.7921,test
A7A5K1,gaba,Tri,0,0.9814,0.8343,test
A7A5K1,glutamine,Di,0,0.0218,0.0264,test
A7A5K1,glutamine,Mono,0,0.0133,0.0264,test
A7A5K1,glutamine,Tri,0,0.0137,0.0264,test
A7A5K1,glyglycine,Di,0,0.014,0.0264,test
A7A5K1,glyglycine,Mono,0,0.0031,0.0096,test
A7A5K1,glyglycine,Tri,0,0.0265,0.0264,test
A7A5K1,histidine,Di,0,0.0009,0.0069,test
A7A5K1,histidine,Mono,0,0.0005,0.0069,test
A7A5K1,histidine,Tri,0,0.0023,0.0096,test
A7A5K1,lysine,Di,0,0.0438,0.0679,test
A7A5K1,lysine,Mono,0,0.0069,0.0157,test
A7A5K1,lysine,Tri,0,0.0077,0.0167,test
A7A5K1,methionine,Di,0,0.0186,0.0264,test
A7A5K1,methionine,Mono,0,0.0073,0.0167,test
A7A5K1,methionine,Tri,0,0.0183,0.0264,test
A7A5K1,ornithine,Di,0,0.0227,0.0264,test
A7A5K1,ornithine,Mono,0,0.0048,0.0097,test
A7A5K1,ornithine,Tri,0,0.0105,0.0264,test
A7A5K1,phenylalanine,Di,0,0.9553,0.7921,test
A7A5K1,phenylalanine,Mono,0,0.0955,0.0758,test
A7A5K1,phenylalanine,Tri,0,0.9776,0.8343,test
A7A5K1,proline,Di,0,0.0021,0.0096,test
A7A5K1,proline,Mono,0,0.001,0.0069,test
A7A5K1,proline,Tri,0,0.0109,0.0264,test
A7A5K1,putrescine,Di,0,0.0017,0.0096,test
A7A5K1,putrescine,Mono,0,0.0004,0.0069,test
A7A5K1,putrescine,Tri,0,0.0041,0.0096,test
A7A5K1,serine,Di,0,0.0362,0.046,test
A7A5K1,serine,Mono,0,0.0615,0.0679,test
A7A5K1,serine,Tri,0,0.0329,0.0264,test
A7A5K1,serotonin,Di,0,0.0016,0.0096,test
A7A5K1,serotonin,Mono,0,0.0105,0.0179,test
A7A5K1,serotonin,Tri,0,0.0046,0.0097,test
A7A5K1,threonine,Di,0,0.0019,0.0096,test
A7A5K1,threonine,Mono,0,0.0107,0.0264,test
A7A5K1,threonine,Tri,0,0.0006,0.0069,test
A7A5K1,tryptamine,Di,0,0.0013,0.0096,test
A7A5K1,tryptamine,Mono,0,0.0002,0.0069,test
A7A5K1,tryptamine,Tri,0,0.004,0.0096,test
A7A5K1,tyramine,Di,0,0.0074,0.0167,test
A7A5K1,tyramine,Mono,0,0.0624,0.0679,test
A7A5K1,tyramine,Tri,0,0.0217,0.0264,test
A7VQ44,"2,3_diaminopropionic acid",Di,0,0.0232,0.0264,test
A7VQ44,"2,3_diaminopropionic acid",Mono,0,0.0037,0.0096,test
A7VQ44,"2,3_diaminopropionic acid",Tri,1,0.1722,0.1317,test
A7VQ44,2_aminophenol,Di,1,0.1419,0.1192,test
A7VQ44,2_aminophenol,Mono,0,0.0061,0.0157,test
A7VQ44,2_aminophenol,Tri,1,0.2312,0.1466,test
A7VQ44,3_methoxytyramine,Di,0,0.0114,0.0264,test
A7VQ44,3_methoxytyramine,Mono,0,0.0006,0.0069,test
A7VQ44,3_methoxytyramine,Tri,0,0.0115,0.0264,test
A7VQ44,alanine,Di,1,0.9073,0.7921,test
A7VQ44,alanine,Mono,0,0.5935,0.566,test
A7VQ44,alanine,Tri,0,0.1147,0.0758,test
A7VQ44,arginine,Di,0,0.0007,0.0069,test
A7VQ44,arginine,Mono,0,0.0001,0.0058,test
A7VQ44,arginine,Tri,0,0.0013,0.0096,test
A7VQ44,asparagine,Di,0,0.0337,0.0264,test
A7VQ44,asparagine,Mono,0,0.0115,0.0264,test
A7VQ44,asparagine,Tri,1,0.858,0.7547,test
A7VQ44,cadaverine,Di,0,0.0011,0.0096,test
A7VQ44,cadaverine,Mono,0,0.0002,0.0069,test
A7VQ44,cadaverine,Tri,0,0.0032,0.0096,test
A7VQ44,citrulline,Di,0,0.0026,0.0096,test
A7VQ44,citrulline,Mono,0,0.0004,0.0069,test
A7VQ44,citrulline,Tri,0,0.0023,0.0096,test
A7VQ44,cystine,Di,0,0.0018,0.0096,test
A7VQ44,cystine,Mono,0,0.0002,0.0069,test
A7VQ44,cystine,Tri,0,0.0024,0.0096,test
A7VQ44,dopamine,Di,0,0.0476,0.0679,test
A7VQ44,dopamine,Mono,0,0.0051,0.0157,test
A7VQ44,dopamine,Tri,1,0.6695,0.5862,test
A7VQ44,gaba,Di,1,0.9471,0.7921,test
A7VQ44,gaba,Mono,0,0.8624,0.7547,test
A7VQ44,gaba,Tri,1,0.9639,0.8273,test
A7VQ44,glutamine,Di,0,0.0081,0.0167,test
A7VQ44,glutamine,Mono,0,0.0037,0.0096,test
A7VQ44,glutamine,Tri,0,0.0089,0.0179,test
A7VQ44,glyglycine,Di,0,0.0073,0.0167,test
A7VQ44,glyglycine,Mono,0,0.0015,0.0096,test
A7VQ44,glyglycine,Tri,0,0.023,0.0264,test
A7VQ44,histidine,Di,0,0.0007,0.0069,test
A7VQ44,histidine,Mono,0,0.0002,0.0069,test
A7VQ44,histidine,Tri,0,0.0025,0.0096,test
A7VQ44,lysine,Di,0,0.0213,0.0264,test
A7VQ44,lysine,Mono,0,0.0022,0.0096,test
A7VQ44,lysine,Tri,0,0.0066,0.0157,test
A7VQ44,methionine,Di,0,0.0058,0.0157,test
A7VQ44,methionine,Mono,0,0.0016,0.0096,test
A7VQ44,methionine,Tri,0,0.0086,0.0167,test
A7VQ44,ornithine,Di,0,0.0059,0.0157,test
A7VQ44,ornithine,Mono,0,0.0009,0.0069,test
A7VQ44,ornithine,Tri,0,0.0041,0.0096,test
A7VQ44,phenylalanine,Di,1,0.8204,0.7547,test
A7VQ44,phenylalanine,Mono,0,0.03,0.0264,test
A7VQ44,phenylalanine,Tri,1,0.913,0.7921,test
A7VQ44,proline,Di,0,0.0013,0.0096,test
A7VQ44,proline,Mono,0,0.0007,0.0069,test
A7VQ44,proline,Tri,0,0.0069,0.0157,test
A7VQ44,putrescine,Di,0,0.0015,0.0096,test
A7VQ44,putrescine,Mono,0,0.0003,0.0069,test
A7VQ44,putrescine,Tri,0,0.0045,0.0096,test
A7VQ44,serine,Di,0,0.0195,0.0264,test
A7VQ44,serine,Mono,0,0.0317,0.0264,test
A7VQ44,serine,Tri,0,0.0192,0.0264,test
A7VQ44,serotonin,Di,0,0.0004,0.0069,test
A7VQ44,serotonin,Mono,0,0.001,0.0069,test
A7VQ44,serotonin,Tri,0,0.0012,0.0096,test
A7VQ44,threonine,Di,0,0.0016,0.0096,test
A7VQ44,threonine,Mono,0,0.0062,0.0157,test
A7VQ44,threonine,Tri,0,0.0005,0.0069,test
A7VQ44,tryptamine,Di,0,0.0004,0.0069,test
A7VQ44,tryptamine,Mono,0,0.0,0.0,test
A7VQ44,tryptamine,Tri,0,0.0013,0.0096,test
A7VQ44,tyramine,Di,0,0.0037,0.0096,test
A7VQ44,tyramine,Mono,0,0.015,0.0264,test
A7VQ44,tyramine,Tri,0,0.0119,0.0264,test
B0MC37,"2,3_diaminopropionic acid",Di,0,0.0549,0.0679,dev
B0MC37,"2,3_diaminopropionic acid",Mono,0,0.0078,0.0167,dev
B0MC37,"2,3_diaminopropionic acid",Tri,0,0.301,0.22,dev
B0MC37,2_aminophenol,Di,0,0.6406,0.5862,dev
B0MC37,2_aminophenol,Mono,0,0.0434,0.0679,dev
B0MC37,2_aminophenol,Tri,0,0.748,0.7234,dev
B0MC37,3_methoxytyramine,Di,0,0.1134,0.0758,dev
B0MC37,3_methoxytyramine,Mono,0,0.0041,0.0096,dev
B0MC37,3_methoxytyramine,Tri,0,0.0978,0.0758,dev
B0MC37,alanine,Di,1,0.9133,0.7921,dev
B0MC37,alanine,Mono,0,0.5627,0.4048,dev
B0MC37,alanine,Tri,0,0.4462,0.37,dev
B0MC37,arginine,Di,0,0.0007,0.0069,dev
B0MC37,arginine,Mono,0,0.0001,0.0069,dev
B0MC37,arginine,Tri,0,0.0013,0.0096,dev
B0MC37,asparagine,Di,0,0.0775,0.0679,dev
B0MC37,asparagine,Mono,0,0.0166,0.0264,dev
B0MC37,asparagine,Tri,1,0.9042,0.7921,dev
B0MC37,cadaverine,Di,0,0.0034,0.0096,dev
B0MC37,cadaverine,Mono,0,0.0007,0.0069,dev
B0MC37,cadaverine,Tri,0,0.0074,0.0167,dev
B0MC37,citrulline,Di,0,0.0036,0.0096,dev
B0MC37,citrulline,Mono,0,0.0006,0.0069,dev
B0MC37,citrulline,Tri,0,0.0021,0.0096,dev
B0MC37,cystine,Di,0,0.0102,0.0179,dev
B0MC37,cystine,Mono,0,0.0009,0.0069,dev
B0MC37,cystine,Tri,0,0.0105,0.0264,dev
B0MC37,dopamine,Di,0,0.1636,0.1192,dev
B0MC37,dopamine,Mono,0,0.0145,0.0264,dev
B0MC37,dopamine,Tri,1,0.8643,0.7547,dev
B0MC37,gaba,Di,1,0.9851,0.8343,dev
B0MC37,gaba,Mono,1,0.9612,0.7921,dev
B0MC37,gaba,Tri,1,0.9887,0.8873,dev
B0MC37,glutamine,Di,0,0.0222,0.0264,dev
B0MC37,glutamine,Mono,0,0.0076,0.0167,dev
B0MC37,glutamine,Tri,0,0.0168,0.0264,dev
B0MC37,glyglycine,Di,0,0.0103,0.0179,dev
B0MC37,glyglycine,Mono,0,0.002,0.0096,dev
B0MC37,glyglycine,Tri,0,0.029,0.0264,dev
B0MC37,histidine,Di,0,0.0008,0.0069,dev
B0MC37,histidine,Mono,0,0.0002,0.0069,dev
B0MC37,histidine,Tri,0,0.0021,0.0096,dev
B0MC37,lysine,Di,0,0.0345,0.046,dev
B0MC37,lysine,Mono,0,0.0034,0.0096,dev
B0MC37,lysine,Tri,0,0.0068,0.0157,dev
B0MC37,methionine,Di,0,0.0117,0.0264,dev
B0MC37,methionine,Mono,0,0.0028,0.0096,dev
B0MC37,methionine,Tri,0,0.0138,0.0264,dev
B0MC37,ornithine,Di,0,0.0156,0.0264,dev
B0MC37,ornithine,Mono,0,0.0028,0.0096,dev
B0MC37,ornithine,Tri,0,0.0063,0.0157,dev
B0MC37,phenylalanine,Di,1,0.9508,0.7921,dev
B0MC37,phenylalanine,Mono,0,0.073,0.0679,dev
B0MC37,phenylalanine,Tri,1,0.9723,0.8273,dev
B0MC37,proline,Di,0,0.0032,0.0096,dev
B0MC37,proline,Mono,0,0.0009,0.0069,dev
B0MC37,proline,Tri,0,0.0171,0.0264,dev
B0MC37,putrescine,Di,0,0.0046,0.0096,dev
B0MC37,putrescine,Mono,0,0.0009,0.0069,dev
B0MC37,putrescine,Tri,0,0.0098,0.0179,dev
B0MC37,serine,Di,0,0.0565,0.0679,dev
B0MC37,serine,Mono,0,0.0641,0.0679,dev
B0MC37,serine,Tri,0,0.0429,0.0679,dev
B0MC37,serotonin,Di,0,0.0022,0.0096,dev
B0MC37,serotonin,Mono,0,0.0042,0.0096,dev
B0MC37,serotonin,Tri,0,0.0048,0.0097,dev
B0MC37,threonine,Di,0,0.003,0.0096,dev
B0MC37,threonine,Mono,0,0.0072,0.0167,dev
B0MC37,threonine,Tri,0,0.001,0.0096,dev
B0MC37,tryptamine,Di,0,0.0017,0.0096,dev
B0MC37,tryptamine,Mono,0,0.0001,0.0058,dev
B0MC37,tryptamine,Tri,0,0.0044,0.0096,dev
B0MC37,tyramine,Di,0,0.0147,0.0264,dev
B0MC37,tyramine,Mono,0,0.045,0.0679,dev
B0MC37,tyramine,Tri,0,0.0325,0.0264,dev
B5D243,"2,3_diaminopropionic acid",Di,0,0.2027,0.1317,dev
B5D243,"2,3_diaminopropionic acid",Mono,0,0.064,0.0679,dev
B5D243,"2,3_diaminopropionic acid",Tri,0,0.5606,0.4048,dev
B5D243,2_aminophenol,Di,0,0.9434,0.7921,dev
B5D243,2_aminophenol,Mono,0,0.3528,0.2642,dev
B5D243,2_aminophenol,Tri,0,0.9466,0.7921,dev
B5D243,3_methoxytyramine,Di,0,0.7352,0.7234,dev
B5D243,3_methoxytyramine,Mono,0,0.0342,0.0264,dev
B5D243,3_methoxytyramine,Tri,0,0.3135,0.22,dev
B5D243,alanine,Di,0,0.9555,0.7921,dev
B5D243,alanine,Mono,0,0.5839,0.566,dev
B5D243,alanine,Tri,0,0.0732,0.0679,dev
B5D243,arginine,Di,0,0.0017,0.0096,dev
B5D243,arginine,Mono,0,0.0005,0.0069,dev
B5D243,arginine,Tri,0,0.0017,0.0096,dev
B5D243,asparagine,Di,0,0.0482,0.0679,dev
B5D243,asparagine,Mono,0,0.0251,0.0264,dev
B5D243,asparagine,Tri,0,0.9143,0.7921,dev
B5D243,cadaverine,Di,0,0.007,0.0157,dev
B5D243,cadaverine,Mono,0,0.0023,0.0096,dev
B5D243,cadaverine,Tri,0,0.0242,0.0264,dev
B5D243,citrulline,Di,0,0.0047,0.0097,dev
B5D243,citrulline,Mono,0,0.0009,0.0069,dev
B5D243,citrulline,Tri,0,0.0023,0.0096,dev
B5D243,cystine,Di,0,0.0279,0.0264,dev
B5D243,cystine,Mono,0,0.0028,0.0096,dev
B5D243,cystine,Tri,0,0.0189,0.0264,dev
B5D243,dopamine,Di,0,0.4087,0.2642,dev
B5D243,dopamine,Mono,0,0.06,0.0679,dev
B5D243,dopamine,Tri,0,0.9396,0.7921,dev
B5D243,gaba,Di,0,0.9488,0.7921,dev
B5D243,gaba,Mono,0,0.9251,0.7921,dev
B5D243,gaba,Tri,0,0.9676,0.8273,dev
B5D243,glutamine,Di,0,0.0136,0.0264,dev
B5D243,glutamine,Mono,0,0.0062,0.0157,dev
B5D243,glutamine,Tri,0,0.0072,0.0157,dev
B5D243,glyglycine,Di,0,0.0168,0.0264,dev
B5D243,glyglycine,Mono,0,0.0042,0.0096,dev
B5D243,glyglycine,Tri,0,0.0173,0.0264,dev
B5D243,histidine,Di,0,0.0006,0.0069,dev
B5D243,histidine,Mono,0,0.0003,0.0069,dev
B5D243,histidine,Tri,0,0.0013,0.0096,dev
B5D243,lysine,Di,0,0.0425,0.0679,dev
B5D243,lysine,Mono,0,0.0071,0.0157,dev
B5D243,lysine,Tri,0,0.0064,0.0157,dev
B5D243,methionine,Di,0,0.0379,0.046,dev
B5D243,methionine,Mono,0,0.0092,0.0179,dev
B5D243,methionine,Tri,0,0.0152,0.0264,dev
B5D243,ornithine,Di,0,0.0635,0.0679,dev
B5D243,ornithine,Mono,0,0.0146,0.0264,dev
B5D243,ornithine,Tri,0,0.0152,0.0264,dev
B5D243,phenylalanine,Di,0,0.9815,0.8343,dev
B5D243,phenylalanine,Mono,0,0.0864,0.0758,dev
B5D243,phenylalanine,Tri,0,0.9846,0.8343,dev
B5D243,proline,Di,0,0.0047,0.0097,dev
B5D243,proline,Mono,0,0.0045,0.0096,dev
B5D243,proline,Tri,0,0.0266,0.0264,dev
B5D243,putrescine,Di,0,0.01,0.0179,dev
B5D243,putrescine,Mono,0,0.0032,0.0096,dev
B5D243,putrescine,Tri,0,0.0338,0.0264,dev
B5D243,serine,Di,0,0.0305,0.0264,dev
B5D243,serine,Mono,0,0.0796,0.0679,dev
B5D243,serine,Tri,0,0.0303,0.0264,dev
B5D243,serotonin,Di,0,0.0029,0.0096,dev
B5D243,serotonin,Mono,0,0.031,0.0264,dev
B5D243,serotonin,Tri,0,0.007,0.0157,dev
B5D243,threonine,Di,0,0.0063,0.0157,dev
B5D243,threonine,Mono,0,0.0166,0.0264,dev
B5D243,threonine,Tri,0,0.0009,0.0069,dev
B5D243,tryptamine,Di,0,0.0086,0.0167,dev
B5D243,tryptamine,Mono,0,0.0014,0.0096,dev
B5D243,tryptamine,Tri,0,0.0362,0.046,dev
B5D243,tyramine,Di,0,0.0203,0.0264,dev
B5D243,tyramine,Mono,0,0.2298,0.1466,dev
B5D243,tyramine,Tri,0,0.0403,0.046,dev
B7AVX6,"2,3_diaminopropionic acid",Di,0,0.1715,0.1317,dev
B7AVX6,"2,3_diaminopropionic acid",Mono,0,0.056,0.0679,dev
B7AVX6,"2,3_diaminopropionic acid",Tri,0,0.647,0.5862,dev
B7AVX6,2_aminophenol,Di,0,0.7914,0.7234,dev
B7AVX6,2_aminophenol,Mono,0,0.1826,0.1317,dev
B7AVX6,2_aminophenol,Tri,1,0.8886,0.7547,dev
B7AVX6,3_methoxytyramine,Di,0,0.0681,0.0679,dev
B7AVX6,3_methoxytyramine,Mono,0,0.0058,0.0157,dev
B7AVX6,3_methoxytyramine,Tri,0,0.0693,0.0679,dev
B7AVX6,alanine,Di,1,0.9812,0.8343,dev
B7AVX6,alanine,Mono,1,0.9087,0.7921,dev
B7AVX6,alanine,Tri,0,0.6233,0.5862,dev
B7AVX6,arginine,Di,0,0.0027,0.0096,dev
B7AVX6,arginine,Mono,0,0.0009,0.0069,dev
B7AVX6,arginine,Tri,0,0.0051,0.0157,dev
B7AVX6,asparagine,Di,0,0.132,0.1192,dev
B7AVX6,asparagine,Mono,0,0.0739,0.0679,dev
B7AVX6,asparagine,Tri,1,0.9589,0.7921,dev
B7AVX6,cadaverine,Di,0,0.0052,0.0157,dev
B7AVX6,cadaverine,Mono,0,0.002,0.0096,dev
B7AVX6,cadaverine,Tri,0,0.015,0.0264,dev
B7AVX6,citrulline,Di,0,0.0166,0.0264,dev
B7AVX6,citrulline,Mono,0,0.0041,0.0096,dev
B7AVX6,citrulline,Tri,0,0.0109,0.0264,dev
B7AVX6,cystine,Di,0,0.0129,0.0264,dev
B7AVX6,cystine,Mono,0,0.0018,0.0096,dev
B7AVX6,cystine,Tri,0,0.0132,0.0264,dev
B7AVX6,dopamine,Di,0,0.265,0.1538,dev
B7AVX6,dopamine,Mono,0,0.0617,0.0679,dev
B7AVX6,dopamine,Tri,1,0.9446,0.7921,dev
B7AVX6,gaba,Di,1,0.9925,0.8962,dev
B7AVX6,gaba,Mono,1,0.986,0.8343,dev
B7AVX6,gaba,Tri,1,0.9962,0.9,dev
B7AVX6,glutamine,Di,0,0.0567,0.0679,dev
B7AVX6,glutamine,Mono,0,0.0298,0.0264,dev
B7AVX6,glutamine,Tri,0,0.0762,0.0679,dev
B7AVX6,glyglycine,Di,0,0.0271,0.0264,dev
B7AVX6,glyglycine,Mono,0,0.0097,0.0179,dev
B7AVX6,glyglycine,Tri,0,0.0453,0.0679,dev
B7AVX6,histidine,Di,0,0.0019,0.0096,dev
B7AVX6,histidine,Mono,0,0.0014,0.0096,dev
B7AVX6,histidine,Tri,0,0.0044,0.0096,dev
B7AVX6,lysine,Di,0,0.1329,0.1192,dev
B7AVX6,lysine,Mono,0,0.0256,0.0264,dev
B7AVX6,lysine,Tri,0,0.0441,0.0679,dev
B7AVX6,methionine,Di,0,0.0637,0.0679,dev
B7AVX6,methionine,Mono,0,0.0211,0.0264,dev
B7AVX6,methionine,Tri,0,0.0818,0.0741,dev
B7AVX6,ornithine,Di,0,0.0583,0.0679,dev
B7AVX6,ornithine,Mono,0,0.0153,0.0264,dev
B7AVX6,ornithine,Tri,0,0.0281,0.0264,dev
B7AVX6,phenylalanine,Di,1,0.9814,0.8343,dev
B7AVX6,phenylalanine,Mono,0,0.2646,0.1538,dev
B7AVX6,phenylalanine,Tri,1,0.9911,0.8962,dev
B7AVX6,proline,Di,0,0.0043,0.0096,dev
B7AVX6,proline,Mono,0,0.0033,0.0096,dev
B7AVX6,proline,Tri,0,0.0369,0.046,dev
B7AVX6,putrescine,Di,0,0.007,0.0157,dev
B7AVX6,putrescine,Mono,0,0.0026,0.0096,dev
B7AVX6,putrescine,Tri,0,0.0201,0.0264,dev
B7AVX6,serine,Di,0,0.1996,0.1317,dev
B7AVX6,serine,Mono,0,0.3023,0.22,dev
B7AVX6,serine,Tri,0,0.1797,0.1317,dev
B7AVX6,serotonin,Di,0,0.0032,0.0096,dev
B7AVX6,serotonin,Mono,0,0.0158,0.0264,dev
B7AVX6,serotonin,Tri,0,0.0057,0.0157,dev
B7AVX6,threonine,Di,0,0.0188,0.0264,dev
B7AVX6,threonine,Mono,0,0.0687,0.0679,dev
B7AVX6,threonine,Tri,0,0.0076,0.0167,dev
B7AVX6,tryptamine,Di,0,0.0015,0.0096,dev
B7AVX6,tryptamine,Mono,0,0.0003,0.0069,dev
B7AVX6,tryptamine,Tri,0,0.0049,0.0097,dev
B7AVX6,tyramine,Di,0,0.0366,0.046,dev
B7AVX6,tyramine,Mono,1,0.1969,0.1317,dev
B7AVX6,tyramine,Tri,0,0.0773,0.0679,dev
C0CIF5,"2,3_diaminopropionic acid",Di,0,0.0189,0.0264,test
C0CIF5,"2,3_diaminopropionic acid",Mono,0,0.0018,0.0096,test
C0CIF5,"2,3_diaminopropionic acid",Tri,0,0.2391,0.1466,test
C0CIF5,2_aminophenol,Di,0,0.4761,0.37,test
C0CIF5,2_aminophenol,Mono,0,0.0114,0.0264,test
C0CIF5,2_aminophenol,Tri,0,0.4319,0.37,test
C0CIF5,3_methoxytyramine,Di,0,0.0273,0.0264,test
C0CIF5,3_methoxytyramine,Mono,0,0.0005,0.0069,test
C0CIF5,3_methoxytyramine,Tri,0,0.0193,0.0264,test
C0CIF5,alanine,Di,1,0.9074,0.7921,test
C0CIF5,alanine,Mono,1,0.2783,0.1867,test
C0CIF5,alanine,Tri,0,0.0616,0.0679,test
C0CIF5,arginine,Di,0,0.0002,0.0069,test
C0CIF5,arginine,Mono,0,0.0,0.0,test
C0CIF5,arginine,Tri,0,0.0006,0.0069,test
C0CIF5,asparagine,Di,0,0.026,0.0264,test
C0CIF5,asparagine,Mono,0,0.0054,0.0157,test
C0CIF5,asparagine,Tri,1,0.9151,0.7921,test
C0CIF5,cadaverine,Di,0,0.0005,0.0069,test
C0CIF5,cadaverine,Mono,0,0.0001,0.0058,test
C0CIF5,cadaverine,Tri,0,0.0013,0.0096,test
C0CIF5,citrulline,Di,0,0.0004,0.0069,test
C0CIF5,citrulline,Mono,0,0.0,0.0,test
C0CIF5,citrulline,Tri,0,0.0003,0.0069,test
C0CIF5,cystine,Di,0,0.0014,0.0096,test
C0CIF5,cystine,Mono,0,0.0001,0.0058,test
C0CIF5,cystine,Tri,0,0.0019,0.0096,test
C0CIF5,dopamine,Di,0,0.0729,0.0679,test
C0CIF5,dopamine,Mono,0,0.0044,0.0096,test
C0CIF5,dopamine,Tri,1,0.8452,0.7547,test
C0CIF5,gaba,Di,1,0.982,0.8343,test
C0CIF5,gaba,Mono,1,0.9043,0.7921,test
C0CIF5,gaba,Tri,1,0.9857,0.8343,test
C0CIF5,glutamine,Di,0,0.0036,0.0096,test
C0CIF5,glutamine,Mono,0,0.0009,0.0069,test
C0CIF5,glutamine,Tri,0,0.0046,0.0096,test
C0CIF5,glyglycine,Di,0,0.0038,0.0096,test
C0CIF5,glyglycine,Mono,0,0.0004,0.0069,test
C0CIF5,glyglycine,Tri,0,0.0088,0.0179,test
C0CIF5,histidine,Di,0,0.0002,0.0069,test
C0CIF5,histidine,Mono,0,0.0,0.0,test
C0CIF5,histidine,Tri,0,0.0007,0.0069,test
C0CIF5,lysine,Di,0,0.0061,0.0157,test
C0CIF5,lysine,Mono,0,0.0002,0.0069,test
C0CIF5,lysine,Tri,0,0.0011,0.0096,test
C0CIF5,methionine,Di,0,0.0008,0.0069,test
C0CIF5,methionine,Mono,0,0.0001,0.0058,test
C0CIF5,methionine,Tri,0,0.0014,0.0096,test
C0CIF5,ornithine,Di,0,0.0055,0.0157,test
C0CIF5,ornithine,Mono,0,0.0003,0.0069,test
C0CIF5,ornithine,Tri,0,0.0021,0.0096,test
C0CIF5,phenylalanine,Di,1,0.9505,0.7921,test
C0CIF5,phenylalanine,Mono,0,0.0137,0.0264,test
C0CIF5,phenylalanine,Tri,1,0.9661,0.8273,test
C0CIF5,proline,Di,0,0.0005,0.0069,test
C0CIF5,proline,Mono,0,0.0001,0.0058,test
C0CIF5,proline,Tri,0,0.0038,0.0096,test
C0CIF5,putrescine,Di,0,0.0009,0.0069,test
C0CIF5,putrescine,Mono,0,0.0001,0.0058,test
C0CIF5,putrescine,Tri,0,0.0022,0.0096,test
C0CIF5,serine,Di,0,0.0077,0.0167,test
C0CIF5,serine,Mono,0,0.0075,0.0167,test
C0CIF5,serine,Tri,0,0.0079,0.0167,test
C0CIF5,serotonin,Di,0,0.0003,0.0069,test
C0CIF5,serotonin,Mono,0,0.0028,0.0096,test
C0CIF5,serotonin,Tri,0,0.0008,0.0069,test
C0CIF5,threonine,Di,0,0.0004,0.0069,test
C0CIF5,threonine,Mono,0,0.0006,0.0069,test
C0CIF5,threonine,Tri,0,0.0001,0.0058,test
C0CIF5,tryptamine,Di,0,0.0004,0.0069,test
C0CIF5,tryptamine,Mono,0,0.0,0.0,test
C0CIF5,tryptamine,Tri,0,0.0009,0.0069,test
C0CIF5,tyramine,Di,0,0.0029,0.0096,test
C0CIF5,tyramine,Mono,0,0.02,0.0264,test
C0CIF5,tyramine,Tri,0,0.0064,0.0157,test
C0ERS1,"2,3_diaminopropionic acid",Di,0,0.1558,0.1192,dev
C0ERS1,"2,3_diaminopropionic acid",Mono,0,0.0729,0.0679,dev
C0ERS1,"2,3_diaminopropionic acid",Tri,1,0.6971,0.6364,dev
C0ERS1,2_aminophenol,Di,1,0.6944,0.6364,dev
C0ERS1,2_aminophenol,Mono,0,0.1887,0.1317,dev
C0ERS1,2_aminophenol,Tri,1,0.8482,0.7547,dev
C0ERS1,3_methoxytyramine,Di,1,0.0487,0.0679,dev
C0ERS1,3_methoxytyramine,Mono,0,0.0056,0.0157,dev
C0ERS1,3_methoxytyramine,Tri,0,0.0661,0.0679,dev
C0ERS1,alanine,Di,1,0.975,0.8333,dev
C0ERS1,alanine,Mono,1,0.9278,0.7921,dev
C0ERS1,alanine,Tri,1,0.7496,0.7234,dev
C0ERS1,arginine,Di,0,0.0051,0.0157,dev
C0ERS1,arginine,Mono,0,0.0025,0.0096,dev
C0ERS1,arginine,Tri,1,0.0113,0.0264,dev
C0ERS1,asparagine,Di,0,0.1077,0.0758,dev
C0ERS1,asparagine,Mono,0,0.0667,0.0679,dev
C0ERS1,asparagine,Tri,1,0.9427,0.7921,dev
C0ERS1,cadaverine,Di,0,0.0052,0.0157,dev
C0ERS1,cadaverine,Mono,0,0.0028,0.0096,dev
C0ERS1,cadaverine,Tri,0,0.0152,0.0264,dev
C0ERS1,citrulline,Di,1,0.0434,0.0679,dev
C0ERS1,citrulline,Mono,0,0.0156,0.0264,dev
C0ERS1,citrulline,Tri,1,0.0286,0.0264,dev
C0ERS1,cystine,Di,0,0.0131,0.0264,dev
C0ERS1,cystine,Mono,0,0.0033,0.0096,dev
C0ERS1,cystine,Tri,1,0.0167,0.0264,dev
C0ERS1,dopamine,Di,0,0.1793,0.1317,dev
C0ERS1,dopamine,Mono,0,0.0412,0.046,dev
C0ERS1,dopamine,Tri,1,0.8968,0.7547,dev
C0ERS1,gaba,Di,1,0.9878,0.8873,dev
C0ERS1,gaba,Mono,0,0.9805,0.8343,dev
C0ERS1,gaba,Tri,1,0.9922,0.8962,dev
C0ERS1,glutamine,Di,1,0.1585,0.1192,dev
C0ERS1,glutamine,Mono,1,0.1069,0.0758,dev
C0ERS1,glutamine,Tri,1,0.1866,0.1317,dev
C0ERS1,glyglycine,Di,0,0.0358,0.046,dev
C0ERS1,glyglycine,Mono,0,0.0207,0.0264,dev
C0ERS1,glyglycine,Tri,1,0.1001,0.0758,dev
C0ERS1,histidine,Di,0,0.0031,0.0096,dev
C0ERS1,histidine,Mono,0,0.0031,0.0096,dev
C0ERS1,histidine,Tri,1,0.0089,0.0179,dev
C0ERS1,lysine,Di,1,0.4252,0.37,dev
C0ERS1,lysine,Mono,0,0.1444,0.1192,dev
C0ERS1,lysine,Tri,0,0.1305,0.1192,dev
C0ERS1,methionine,Di,1,0.182,0.1317,dev
C0ERS1,methionine,Mono,1,0.0992,0.0758,dev
C0ERS1,methionine,Tri,1,0.2721,0.1867,dev
C0ERS1,ornithine,Di,0,0.1449,0.1192,dev
C0ERS1,ornithine,Mono,0,0.0603,0.0679,dev
C0ERS1,ornithine,Tri,0,0.067,0.0679,dev
C0ERS1,phenylalanine,Di,1,0.9789,0.8343,dev
C0ERS1,phenylalanine,Mono,1,0.3659,0.2642,dev
C0ERS1,phenylalanine,Tri,1,0.99,0.8873,dev
C0ERS1,proline,Di,0,0.0039,0.0096,dev
C0ERS1,proline,Mono,0,0.0035,0.0096,dev
C0ERS1,proline,Tri,0,0.0311,0.0264,dev
C0ERS1,putrescine,Di,0,0.0066,0.0157,dev
C0ERS1,putrescine,Mono,0,0.0035,0.0096,dev
C0ERS1,putrescine,Tri,0,0.0192,0.0264,dev
C0ERS1,serine,Di,1,0.3244,0.2642,dev
C0ERS1,serine,Mono,1,0.5205,0.4048,dev
C0ERS1,serine,Tri,0,0.302,0.22,dev
C0ERS1,serotonin,Di,0,0.0037,0.0096,dev
C0ERS1,serotonin,Mono,0,0.0205,0.0264,dev
C0ERS1,serotonin,Tri,0,0.0072,0.0157,dev
C0ERS1,threonine,Di,1,0.0602,0.0679,dev
C0ERS1,threonine,Mono,1,0.2304,0.1466,dev
C0ERS1,threonine,Tri,0,0.0329,0.0264,dev
C0ERS1,tryptamine,Di,0,0.0013,0.0096,dev
C0ERS1,tryptamine,Mono,0,0.0003,0.0069,dev
C0ERS1,tryptamine,Tri,0,0.0042,0.0096,dev
C0ERS1,tyramine,Di,0,0.0333,0.0264,dev
C0ERS1,tyramine,Mono,1,0.2465,0.1466,dev
C0ERS1,tyramine,Tri,0,0.0761,0.0679,dev
G5H9N3,"2,3_diaminopropionic acid",Di,0,0.0268,0.0264,dev
G5H9N3,"2,3_diaminopropionic acid",Mono,0,0.0074,0.0167,dev
G5H9N3,"2,3_diaminopropionic acid",Tri,0,0.2546,0.1466,dev
G5H9N3,2_aminophenol,Di,0,0.2445,0.1466,dev
G5H9N3,2_aminophenol,Mono,0,0.0218,0.0264,dev
G5H9N3,2_aminophenol,Tri,0,0.3737,0.2642,dev
G5H9N3,3_methoxytyramine,Di,0,0.0623,0.0679,dev
G5H9N3,3_methoxytyramine,Mono,0,0.0043,0.0096,dev
G5H9N3,3_methoxytyramine,Tri,0,0.0869,0.0758,dev
G5H9N3,alanine,Di,1,0.9232,0.7921,dev
G5H9N3,alanine,Mono,0,0.7729,0.7234,dev
G5H9N3,alanine,Tri,0,0.3613,0.2642,dev
G5H9N3,arginine,Di,0,0.0006,0.0069,dev
G5H9N3,arginine,Mono,0,0.0002,0.0069,dev
G5H9N3,arginine,Tri,0,0.0012,0.0096,dev
G5H9N3,asparagine,Di,0,0.0737,0.0679,dev
G5H9N3,asparagine,Mono,0,0.032,0.0264,dev
G5H9N3,asparagine,Tri,1,0.8954,0.7547,dev
G5H9N3,cadaverine,Di,0,0.0031,0.0096,dev
G5H9N3,cadaverine,Mono,0,0.0012,0.0096,dev
G5H9N3,cadaverine,Tri,0,0.0105,0.0264,dev
G5H9N3,citrulline,Di,0,0.0032,0.0096,dev
G5H9N3,citrulline,Mono,0,0.0006,0.0069,dev
G5H9N3,citrulline,Tri,0,0.0018,0.0096,dev
G5H9N3,cystine,Di,0,0.0037,0.0096,dev
G5H9N3,cystine,Mono,0,0.0006,0.0069,dev
G5H9N3,cystine,Tri,0,0.004,0.0096,dev
G5H9N3,dopamine,Di,0,0.1663,0.1192,dev
G5H9N3,dopamine,Mono,0,0.026,0.0264,dev
G5H9N3,dopamine,Tri,1,0.9229,0.7921,dev
G5H9N3,gaba,Di,1,0.9385,0.7921,dev
G5H9N3,gaba,Mono,1,0.9083,0.7921,dev
G5H9N3,gaba,Tri,1,0.964,0.8273,dev
G5H9N3,glutamine,Di,0,0.0119,0.0264,dev
G5H9N3,glutamine,Mono,0,0.0072,0.0157,dev
G5H9N3,glutamine,Tri,0,0.0119,0.0264,dev
G5H9N3,glyglycine,Di,0,0.0156,0.0264,dev
G5H9N3,glyglycine,Mono,0,0.0066,0.0157,dev
G5H9N3,glyglycine,Tri,0,0.0671,0.0679,dev
G5H9N3,histidine,Di,0,0.0009,0.0069,dev
G5H9N3,histidine,Mono,0,0.0005,0.0069,dev
G5H9N3,histidine,Tri,0,0.0035,0.0096,dev
G5H9N3,lysine,Di,0,0.0482,0.0679,dev
G5H9N3,lysine,Mono,0,0.0052,0.0157,dev
G5H9N3,lysine,Tri,0,0.0069,0.0157,dev
G5H9N3,methionine,Di,0,0.0047,0.0097,dev
G5H9N3,methionine,Mono,0,0.002,0.0096,dev
G5H9N3,methionine,Tri,0,0.0063,0.0157,dev
G5H9N3,ornithine,Di,0,0.0149,0.0264,dev
G5H9N3,ornithine,Mono,0,0.0032,0.0096,dev
G5H9N3,ornithine,Tri,0,0.0053,0.0157,dev
G5H9N3,phenylalanine,Di,1,0.9533,0.7921,dev
G5H9N3,phenylalanine,Mono,0,0.1467,0.1192,dev
G5H9N3,phenylalanine,Tri,1,0.978,0.8343,dev
G5H9N3,proline,Di,0,0.0034,0.0096,dev
G5H9N3,proline,Mono,0,0.0022,0.0096,dev
G5H9N3,proline,Tri,0,0.0206,0.0264,dev
G5H9N3,putrescine,Di,0,0.004,0.0096,dev
G5H9N3,putrescine,Mono,0,0.0014,0.0096,dev
G5H9N3,putrescine,Tri,0,0.0135,0.0264,dev
G5H9N3,serine,Di,0,0.0794,0.0679,dev
G5H9N3,serine,Mono,0,0.1143,0.0758,dev
G5H9N3,serine,Tri,0,0.0801,0.0679,dev
G5H9N3,serotonin,Di,0,0.0012,0.0096,dev
G5H9N3,serotonin,Mono,0,0.0048,0.0097,dev
G5H9N3,serotonin,Tri,0,0.0033,0.0096,dev
G5H9N3,threonine,Di,0,0.0091,0.0179,dev
G5H9N3,threonine,Mono,0,0.0327,0.0264,dev
G5H9N3,threonine,Tri,0,0.0031,0.0096,dev
G5H9N3,tryptamine,Di,0,0.0018,0.0096,dev
G5H9N3,tryptamine,Mono,0,0.0003,0.0069,dev
G5H9N3,tryptamine,Tri,0,0.007,0.0157,dev
G5H9N3,tyramine,Di,0,0.0174,0.0264,dev
G5H9N3,tyramine,Mono,0,0.0841,0.0741,dev
G5H9N3,tyramine,Tri,0,0.0525,0.0679,dev
G5H9U7,"2,3_diaminopropionic acid",Di,0,0.0464,0.0679,dev
G5H9U7,"2,3_diaminopropionic acid",Mono,0,0.0124,0.0264,dev
G5H9U7,"2,3_diaminopropionic acid",Tri,0,0.304,0.22,dev
G5H9U7,2_aminophenol,Di,0,0.2246,0.1466,dev
G5H9U7,2_aminophenol,Mono,0,0.0208,0.0264,dev
G5H9U7,2_aminophenol,Tri,0,0.3475,0.2642,dev
G5H9U7,3_methoxytyramine,Di,0,0.0506,0.0679,dev
G5H9U7,3_methoxytyramine,Mono,0,0.003,0.0096,dev
G5H9U7,3_methoxytyramine,Tri,0,0.063,0.0679,dev
G5H9U7,alanine,Di,1,0.9511,0.7921,dev
G5H9U7,alanine,Mono,1,0.8372,0.7547,dev
G5H9U7,alanine,Tri,0,0.4072,0.2642,dev
G5H9U7,arginine,Di,0,0.001,0.0096,dev
G5H9U7,arginine,Mono,0,0.0002,0.0069,dev
G5H9U7,arginine,Tri,0,0.0013,0.0096,dev
G5H9U7,asparagine,Di,0,0.1033,0.0758,dev
G5H9U7,asparagine,Mono,0,0.0364,0.046,dev
G5H9U7,asparagine,Tri,1,0.9228,0.7921,dev
G5H9U7,cadaverine,Di,0,0.0027,0.0096,dev
G5H9U7,cadaverine,Mono,0,0.001,0.0096,dev
G5H9U7,cadaverine,Tri,0,0.0088,0.0179,dev
G5H9U7,citrulline,Di,0,0.0039,0.0096,dev
G5H9U7,citrulline,Mono,0,0.0007,0.0069,dev
G5H9U7,citrulline,Tri,0,0.0021,0.0096,dev
G5H9U7,cystine,Di,0,0.003,0.0096,dev
G5H9U7,cystine,Mono,0,0.0004,0.0069,dev
G5H9U7,cystine,Tri,0,0.003,0.0096,dev
G5H9U7,dopamine,Di,0,0.1906,0.1317,dev
G5H9U7,dopamine,Mono,0,0.028,0.0264,dev
G5H9U7,dopamine,Tri,1,0.919,0.7921,dev
G5H9U7,gaba,Di,1,0.9632,0.8273,dev
G5H9U7,gaba,Mono,1,0.9419,0.7921,dev
G5H9U7,gaba,Tri,1,0.9824,0.8343,dev
G5H9U7,glutamine,Di,0,0.0144,0.0264,dev
G5H9U7,glutamine,Mono,0,0.0075,0.0167,dev
G5H9U7,glutamine,Tri,0,0.0146,0.0264,dev
G5H9U7,glyglycine,Di,0,0.0165,0.0264,dev
G5H9U7,glyglycine,Mono,0,0.0066,0.0157,dev
G5H9U7,glyglycine,Tri,0,0.0659,0.0679,dev
G5H9U7,histidine,Di,0,0.0008,0.0069,dev
G5H9U7,histidine,Mono,0,0.0004,0.0069,dev
G5H9U7,histidine,Tri,0,0.0028,0.0096,dev
G5H9U7,lysine,Di,0,0.0477,0.0679,dev
G5H9U7,lysine,Mono,0,0.0053,0.0157,dev
G5H9U7,lysine,Tri,0,0.0081,0.0167,dev
G5H9U7,methionine,Di,0,0.0063,0.0157,dev
G5H9U7,methionine,Mono,0,0.0024,0.0096,dev
G5H9U7,methionine,Tri,0,0.0089,0.0179,dev
G5H9U7,ornithine,Di,0,0.0245,0.0264,dev
G5H9U7,ornithine,Mono,0,0.005,0.0097,dev
G5H9U7,ornithine,Tri,0,0.0088,0.0179,dev
G5H9U7,phenylalanine,Di,1,0.9552,0.7921,dev
G5H9U7,phenylalanine,Mono,0,0.1315,0.1192,dev
G5H9U7,phenylalanine,Tri,1,0.9814,0.8343,dev
G5H9U7,proline,Di,0,0.0024,0.0096,dev
G5H9U7,proline,Mono,0,0.0014,0.0096,dev
G5H9U7,proline,Tri,0,0.014,0.0264,dev
G5H9U7,putrescine,Di,0,0.0035,0.0096,dev
G5H9U7,putrescine,Mono,0,0.0012,0.0096,dev
G5H9U7,putrescine,Tri,0,0.0116,0.0264,dev
G5H9U7,serine,Di,0,0.052,0.0679,dev
G5H9U7,serine,Mono,0,0.0785,0.0679,dev
G5H9U7,serine,Tri,0,0.0666,0.0679,dev
G5H9U7,serotonin,Di,0,0.0011,0.0096,dev
G5H9U7,serotonin,Mono,0,0.0054,0.0157,dev
G5H9U7,serotonin,Tri,0,0.0033,0.0096,dev
G5H9U7,threonine,Di,0,0.0092,0.0179,dev
G5H9U7,threonine,Mono,0,0.0316,0.0264,dev
G5H9U7,threonine,Tri,0,0.0035,0.0096,dev
G5H9U7,tryptamine,Di,0,0.0014,0.0096,dev
G5H9U7,tryptamine,Mono,0,0.0003,0.0069,dev
G5H9U7,tryptamine,Tri,0,0.0054,0.0157,dev
G5H9U7,tyramine,Di,0,0.0169,0.0264,dev
G5H9U7,tyramine,Mono,0,0.0996,0.0758,dev
G5H9U7,tyramine,Tri,0,0.0571,0.0679,dev
P12256,"2,3_diaminopropionic acid",Di,0,0.0631,0.0679,dev
P12256,"2,3_diaminopropionic acid",Mono,0,0.0142,0.0264,dev
P12256,"2,3_diaminopropionic acid",Tri,0,0.505,0.4048,dev
P12256,2_aminophenol,Di,0,0.8214,0.7547,dev
P12256,2_aminophenol,Mono,0,0.1289,0.1,dev
P12256,2_aminophenol,Tri,0,0.8869,0.7547,dev
P12256,3_methoxytyramine,Di,0,0.0716,0.0679,dev
P12256,3_methoxytyramine,Mono,0,0.0023,0.0096,dev
P12256,3_methoxytyramine,Tri,0,0.0674,0.0679,dev
P12256,alanine,Di,1,0.9878,0.8873,dev
P12256,alanine,Mono,1,0.875,0.7547,dev
P12256,alanine,Tri,0,0.4621,0.37,dev
P12256,arginine,Di,0,0.0015,0.0096,dev
P12256,arginine,Mono,0,0.0002,0.0069,dev
P12256,arginine,Tri,0,0.002,0.0096,dev
P12256,asparagine,Di,0,0.0968,0.0758,dev
P12256,asparagine,Mono,0,0.0321,0.0264,dev
P12256,asparagine,Tri,1,0.9723,0.8273,dev
P12256,cadaverine,Di,0,0.0018,0.0096,dev
P12256,cadaverine,Mono,0,0.0005,0.0069,dev
P12256,cadaverine,Tri,0,0.0045,0.0096,dev
P12256,citrulline,Di,0,0.0039,0.0096,dev
P12256,citrulline,Mono,0,0.0004,0.0069,dev
P12256,citrulline,Tri,0,0.0016,0.0096,dev
P12256,cystine,Di,0,0.0082,0.0167,dev
P12256,cystine,Mono,0,0.0008,0.0069,dev
P12256,cystine,Tri,0,0.0112,0.0264,dev
P12256,dopamine,Di,0,0.2454,0.1466,dev
P12256,dopamine,Mono,0,0.0316,0.0264,dev
P12256,dopamine,Tri,1,0.9664,0.8273,dev
P12256,gaba,Di,1,0.9965,0.9,dev
P12256,gaba,Mono,1,0.9879,0.8873,dev
P12256,gaba,Tri,1,0.998,1.0,dev
P12256,glutamine,Di,0,0.0487,0.0679,dev
P12256,glutamine,Mono,0,0.0161,0.0264,dev
P12256,glutamine,Tri,0,0.0298,0.0264,dev
P12256,glyglycine,Di,0,0.0242,0.0264,dev
P12256,glyglycine,Mono,0,0.0047,0.0097,dev
P12256,glyglycine,Tri,0,0.0564,0.0679,dev
P12256,histidine,Di,0,0.0012,0.0096,dev
P12256,histidine,Mono,0,0.0005,0.0069,dev
P12256,histidine,Tri,0,0.0035,0.0096,dev
P12256,lysine,Di,0,0.0874,0.0758,dev
P12256,lysine,Mono,0,0.0055,0.0157,dev
P12256,lysine,Tri,0,0.0105,0.0179,dev
P12256,methionine,Di,0,0.0201,0.0264,dev
P12256,methionine,Mono,0,0.0046,0.0097,dev
P12256,methionine,Tri,0,0.0222,0.0264,dev
P12256,ornithine,Di,0,0.0804,0.0679,dev
P12256,ornithine,Mono,0,0.0077,0.0167,dev
P12256,ornithine,Tri,0,0.0205,0.0264,dev
P12256,phenylalanine,Di,1,0.9909,0.8962,dev
P12256,phenylalanine,Mono,0,0.163,0.1192,dev
P12256,phenylalanine,Tri,1,0.9943,0.8962,dev
P12256,proline,Di,0,0.0034,0.0096,dev
P12256,proline,Mono,0,0.0011,0.0096,dev
P12256,proline,Tri,0,0.0291,0.0264,dev
P12256,putrescine,Di,0,0.0035,0.0096,dev
P12256,putrescine,Mono,0,0.0008,0.0069,dev
P12256,putrescine,Tri,0,0.0083,0.0167,dev
P12256,serine,Di,0,0.1169,0.0758,dev
P12256,serine,Mono,0,0.1603,0.1192,dev
P12256,serine,Tri,0,0.1077,0.0758,dev
P12256,serotonin,Di,0,0.0013,0.0096,dev
P12256,serotonin,Mono,0,0.0159,0.0264,dev
P12256,serotonin,Tri,0,0.004,0.0096,dev
P12256,threonine,Di,0,0.0089,0.0179,dev
P12256,threonine,Mono,0,0.0236,0.0264,dev
P12256,threonine,Tri,0,0.0019,0.0096,dev
P12256,tryptamine,Di,0,0.0012,0.0096,dev
P12256,tryptamine,Mono,0,0.0002,0.0069,dev
P12256,tryptamine,Tri,0,0.0038,0.0096,dev
P12256,tyramine,Di,0,0.0192,0.0264,dev
P12256,tyramine,Mono,0,0.1948,0.1317,dev
P12256,tyramine,Tri,0,0.049,0.0679,dev
Q8Y5J3,"2,3_diaminopropionic acid",Di,0,0.0845,0.0741,test
Q8Y5J3,"2,3_diaminopropionic acid",Mono,0,0.0383,0.046,test
Q8Y5J3,"2,3_diaminopropionic acid",Tri,1,0.7328,0.7234,test
Q8Y5J3,2_aminophenol,Di,0,0.6684,0.5862,test
Q8Y5J3,2_aminophenol,Mono,0,0.1296,0.1,test
Q8Y5J3,2_aminophenol,Tri,1,0.8644,0.7547,test
Q8Y5J3,3_methoxytyramine,Di,0,0.0174,0.0264,test
Q8Y5J3,3_methoxytyramine,Mono,0,0.0016,0.0096,test
Q8Y5J3,3_methoxytyramine,Tri,0,0.0234,0.0264,test
Q8Y5J3,alanine,Di,1,0.9881,0.8873,test
Q8Y5J3,alanine,Mono,1,0.964,0.8273,test
Q8Y5J3,alanine,Tri,0,0.6869,0.5862,test
Q8Y5J3,arginine,Di,0,0.0022,0.0096,test
Q8Y5J3,arginine,Mono,0,0.0003,0.0069,test
Q8Y5J3,arginine,Tri,0,0.0041,0.0096,test
Q8Y5J3,asparagine,Di,0,0.0697,0.0679,test
Q8Y5J3,asparagine,Mono,0,0.0484,0.0679,test
Q8Y5J3,asparagine,Tri,1,0.9704,0.8273,test
Q8Y5J3,cadaverine,Di,0,0.0015,0.0096,test
Q8Y5J3,cadaverine,Mono,0,0.0005,0.0069,test
Q8Y5J3,cadaverine,Tri,0,0.004,0.0096,test
Q8Y5J3,citrulline,Di,0,0.0126,0.0264,test
Q8Y5J3,citrulline,Mono,0,0.0013,0.0096,test
Q8Y5J3,citrulline,Tri,0,0.0051,0.0157,test
Q8Y5J3,cystine,Di,0,0.0066,0.0157,test
Q8Y5J3,cystine,Mono,0,0.0016,0.0096,test
Q8Y5J3,cystine,Tri,0,0.0126,0.0264,test
Q8Y5J3,dopamine,Di,0,0.0912,0.0758,test
Q8Y5J3,dopamine,Mono,0,0.0266,0.0264,test
Q8Y5J3,dopamine,Tri,1,0.9462,0.7921,test
Q8Y5J3,gaba,Di,1,0.992,0.8962,test
Q8Y5J3,gaba,Mono,1,0.9837,0.8343,test
Q8Y5J3,gaba,Tri,1,0.9957,0.8962,test
Q8Y5J3,glutamine,Di,0,0.0654,0.0679,test
Q8Y5J3,glutamine,Mono,0,0.0462,0.0679,test
Q8Y5J3,glutamine,Tri,0,0.0643,0.0679,test
Q8Y5J3,glyglycine,Di,0,0.0388,0.046,test
Q8Y5J3,glyglycine,Mono,0,0.0181,0.0264,test
Q8Y5J3,glyglycine,Tri,0,0.1442,0.1192,test
Q8Y5J3,histidine,Di,0,0.0011,0.0096,test
Q8Y5J3,histidine,Mono,0,0.001,0.0069,test
Q8Y5J3,histidine,Tri,0,0.0053,0.0157,test
Q8Y5J3,lysine,Di,1,0.4082,0.2642,test
Q8Y5J3,lysine,Mono,0,0.0288,0.0264,test
Q8Y5J3,lysine,Tri,0,0.0324,0.0264,test
Q8Y5J3,methionine,Di,0,0.0496,0.0679,test
Q8Y5J3,methionine,Mono,0,0.0252,0.0264,test
Q8Y5J3,methionine,Tri,1,0.0715,0.0679,test
Q8Y5J3,ornithine,Di,0,0.1265,0.0781,test
Q8Y5J3,ornithine,Mono,0,0.0156,0.0264,test
Q8Y5J3,ornithine,Tri,0,0.027,0.0264,test
Q8Y5J3,phenylalanine,Di,1,0.9838,0.8343,test
Q8Y5J3,phenylalanine,Mono,0,0.2143,0.1317,test
Q8Y5J3,phenylalanine,Tri,1,0.9922,0.8962,test
Q8Y5J3,proline,Di,0,0.0019,0.0096,test
Q8Y5J3,proline,Mono,0,0.0013,0.0096,test
Q8Y5J3,proline,Tri,0,0.0406,0.046,test
Q8Y5J3,putrescine,Di,0,0.0029,0.0096,test
Q8Y5J3,putrescine,Mono,0,0.001,0.0069,test
Q8Y5J3,putrescine,Tri,0,0.0076,0.0167,test
Q8Y5J3,serine,Di,0,0.2602,0.1538,test
Q8Y5J3,serine,Mono,1,0.6322,0.5862,test
Q8Y5J3,serine,Tri,0,0.2347,0.1466,test
Q8Y5J3,serotonin,Di,0,0.0009,0.0069,test
Q8Y5J3,serotonin,Mono,0,0.0115,0.0264,test
Q8Y5J3,serotonin,Tri,0,0.0045,0.0096,test
Q8Y5J3,threonine,Di,0,0.017,0.0264,test
Q8Y5J3,threonine,Mono,0,0.1302,0.1192,test
Q8Y5J3,threonine,Tri,0,0.0052,0.0157,test
Q8Y5J3,tryptamine,Di,0,0.0006,0.0069,test
Q8Y5J3,tryptamine,Mono,0,0.0002,0.0069,test
Q8Y5J3,tryptamine,Tri,0,0.0027,0.0096,test
Q8Y5J3,tyramine,Di,0,0.0137,0.0264,test
Q8Y5J3,tyramine,Mono,0,0.174,0.1317,test
Q8Y5J3,tyramine,Tri,0,0.0586,0.0679,test
Q8Y9S7,"2,3_diaminopropionic acid",Di,0,0.0871,0.0758,dev
Q8Y9S7,"2,3_diaminopropionic acid",Mono,0,0.0197,0.0264,dev
Q8Y9S7,"2,3_diaminopropionic acid",Tri,0,0.4376,0.37,dev
Q8Y9S7,2_aminophenol,Di,0,0.8147,0.7547,dev
Q8Y9S7,2_aminophenol,Mono,0,0.0989,0.0758,dev
Q8Y9S7,2_aminophenol,Tri,0,0.8226,0.7547,dev
Q8Y9S7,3_methoxytyramine,Di,0,0.1472,0.1192,dev
Q8Y9S7,3_methoxytyramine,Mono,0,0.0068,0.0157,dev
Q8Y9S7,3_methoxytyramine,Tri,0,0.0769,0.0679,dev
Q8Y9S7,alanine,Di,1,0.9839,0.8343,dev
Q8Y9S7,alanine,Mono,0,0.9035,0.7921,dev
Q8Y9S7,alanine,Tri,0,0.2927,0.1867,dev
Q8Y9S7,arginine,Di,0,0.0028,0.0096,dev
Q8Y9S7,arginine,Mono,0,0.0005,0.0069,dev
Q8Y9S7,arginine,Tri,0,0.0042,0.0096,dev
Q8Y9S7,asparagine,Di,0,0.0992,0.0758,dev
Q8Y9S7,asparagine,Mono,0,0.0318,0.0264,dev
Q8Y9S7,asparagine,Tri,1,0.9481,0.7921,dev
Q8Y9S7,cadaverine,Di,0,0.0071,0.0157,dev
Q8Y9S7,cadaverine,Mono,0,0.0018,0.0096,dev
Q8Y9S7,cadaverine,Tri,0,0.0136,0.0264,dev
Q8Y9S7,citrulline,Di,0,0.0158,0.0264,dev
Q8Y9S7,citrulline,Mono,0,0.002,0.0096,dev
Q8Y9S7,citrulline,Tri,0,0.0071,0.0157,dev
Q8Y9S7,cystine,Di,0,0.0067,0.0157,dev
Q8Y9S7,cystine,Mono,0,0.0007,0.0069,dev
Q8Y9S7,cystine,Tri,0,0.0065,0.0157,dev
Q8Y9S7,dopamine,Di,0,0.2196,0.1466,dev
Q8Y9S7,dopamine,Mono,0,0.0449,0.0679,dev
Q8Y9S7,dopamine,Tri,1,0.937,0.7921,dev
Q8Y9S7,gaba,Di,1,0.9955,0.8962,dev
Q8Y9S7,gaba,Mono,1,0.9902,0.8873,dev
Q8Y9S7,gaba,Tri,1,0.9961,0.9,dev
Q8Y9S7,glutamine,Di,0,0.0889,0.0758,dev
Q8Y9S7,glutamine,Mono,0,0.0433,0.0679,dev
Q8Y9S7,glutamine,Tri,0,0.061,0.0679,dev
Q8Y9S7,glyglycine,Di,0,0.0129,0.0264,dev
Q8Y9S7,glyglycine,Mono,0,0.0029,0.0096,dev
Q8Y9S7,glyglycine,Tri,0,0.0224,0.0264,dev
Q8Y9S7,histidine,Di,0,0.001,0.0069,dev
Q8Y9S7,histidine,Mono,0,0.0006,0.0069,dev
Q8Y9S7,histidine,Tri,0,0.0022,0.0096,dev
Q8Y9S7,lysine,Di,0,0.1385,0.1192,dev
Q8Y9S7,lysine,Mono,0,0.0165,0.0264,dev
Q8Y9S7,lysine,Tri,0,0.0216,0.0264,dev
Q8Y9S7,methionine,Di,0,0.0489,0.0679,dev
Q8Y9S7,methionine,Mono,0,0.0134,0.0264,dev
Q8Y9S7,methionine,Tri,0,0.0459,0.0679,dev
Q8Y9S7,ornithine,Di,0,0.1013,0.0758,dev
Q8Y9S7,ornithine,Mono,0,0.0208,0.0264,dev
Q8Y9S7,ornithine,Tri,0,0.037,0.046,dev
Q8Y9S7,phenylalanine,Di,1,0.9881,0.8873,dev
Q8Y9S7,phenylalanine,Mono,0,0.2057,0.1317,dev
Q8Y9S7,phenylalanine,Tri,1,0.9924,0.8962,dev
Q8Y9S7,proline,Di,0,0.0036,0.0096,dev
Q8Y9S7,proline,Mono,0,0.0017,0.0096,dev
Q8Y9S7,proline,Tri,0,0.0117,0.0264,dev
Q8Y9S7,putrescine,Di,0,0.0074,0.0167,dev
Q8Y9S7,putrescine,Mono,0,0.0019,0.0096,dev
Q8Y9S7,putrescine,Tri,0,0.0143,0.0264,dev
Q8Y9S7,serine,Di,0,0.098,0.0758,dev
Q8Y9S7,serine,Mono,0,0.0991,0.0758,dev
Q8Y9S7,serine,Tri,0,0.0696,0.0679,dev
Q8Y9S7,serotonin,Di,0,0.0036,0.0096,dev
Q8Y9S7,serotonin,Mono,0,0.0214,0.0264,dev
Q8Y9S7,serotonin,Tri,0,0.0075,0.0167,dev
Q8Y9S7,threonine,Di,0,0.0084,0.0167,dev
Q8Y9S7,threonine,Mono,0,0.0273,0.0264,dev
Q8Y9S7,threonine,Tri,0,0.0023,0.0096,dev
Q8Y9S7,tryptamine,Di,0,0.0042,0.0096,dev
Q8Y9S7,tryptamine,Mono,0,0.0004,0.0069,dev
Q8Y9S7,tryptamine,Tri,0,0.0097,0.0179,dev
Q8Y9S7,tyramine,Di,0,0.0281,0.0264,dev
Q8Y9S7,tyramine,Mono,0,0.2093,0.1317,dev
Q8Y9S7,tyramine,Tri,0,0.0611,0.0679,dev
Q9KK62,"2,3_diaminopropionic acid",Di,0,0.0379,0.046,test
Q9KK62,"2,3_diaminopropionic acid",Mono,0,0.0105,0.0264,test
Q9KK62,"2,3_diaminopropionic acid",Tri,0,0.325,0.2642,test
Q9KK62,2_aminophenol,Di,0,0.6087,0.566,test
Q9KK62,2_aminophenol,Mono,1,0.0688,0.0679,test
Q9KK62,2_aminophenol,Tri,1,0.7434,0.7234,test
Q9KK62,3_methoxytyramine,Di,0,0.0242,0.0264,test
Q9KK62,3_methoxytyramine,Mono,0,0.0016,0.0096,test
Q9KK62,3_methoxytyramine,Tri,0,0.0203,0.0264,test
Q9KK62,alanine,Di,1,0.9393,0.7921,test
Q9KK62,alanine,Mono,0,0.7642,0.7234,test
Q9KK62,alanine,Tri,0,0.5029,0.4048,test
Q9KK62,arginine,Di,0,0.0015,0.0096,test
Q9KK62,arginine,Mono,0,0.0004,0.0069,test
Q9KK62,arginine,Tri,0,0.0022,0.0096,test
Q9KK62,asparagine,Di,0,0.0244,0.0264,test
Q9KK62,asparagine,Mono,0,0.0111,0.0264,test
Q9KK62,asparagine,Tri,1,0.8681,0.7547,test
Q9KK62,cadaverine,Di,0,0.0045,0.0096,test
Q9KK62,cadaverine,Mono,0,0.0013,0.0096,test
Q9KK62,cadaverine,Tri,0,0.0091,0.0179,test
Q9KK62,citrulline,Di,0,0.0082,0.0167,test
Q9KK62,citrulline,Mono,0,0.0015,0.0096,test
Q9KK62,citrulline,Tri,0,0.0035,0.0096,test
Q9KK62,cystine,Di,0,0.0038,0.0096,test
Q9KK62,cystine,Mono,0,0.0006,0.0069,test
Q9KK62,cystine,Tri,0,0.006,0.0157,test
Q9KK62,dopamine,Di,0,0.0449,0.0679,test
Q9KK62,dopamine,Mono,0,0.0097,0.0179,test
Q9KK62,dopamine,Tri,1,0.7928,0.7547,test
Q9KK62,gaba,Di,1,0.9826,0.8343,test
Q9KK62,gaba,Mono,1,0.9692,0.8273,test
Q9KK62,gaba,Tri,1,0.9884,0.8873,test
Q9KK62,glutamine,Di,0,0.0338,0.0264,test
Q9KK62,glutamine,Mono,0,0.0221,0.0264,test
Q9KK62,glutamine,Tri,0,0.0209,0.0264,test
Q9KK62,glyglycine,Di,0,0.0219,0.0264,test
Q9KK62,glyglycine,Mono,0,0.0062,0.0157,test
Q9KK62,glyglycine,Tri,0,0.0511,0.0679,test
Q9KK62,histidine,Di,0,0.0005,0.0069,test
Q9KK62,histidine,Mono,0,0.0005,0.0069,test
Q9KK62,histidine,Tri,0,0.0016,0.0096,test
Q9KK62,lysine,Di,0,0.1738,0.1317,test
Q9KK62,lysine,Mono,0,0.0223,0.0264,test
Q9KK62,lysine,Tri,0,0.0174,0.0264,test
Q9KK62,methionine,Di,0,0.0283,0.0264,test
Q9KK62,methionine,Mono,0,0.0128,0.0264,test
Q9KK62,methionine,Tri,0,0.0347,0.046,test
Q9KK62,ornithine,Di,0,0.0423,0.0526,test
Q9KK62,ornithine,Mono,0,0.0095,0.0179,test
Q9KK62,ornithine,Tri,0,0.0145,0.0264,test
Q9KK62,phenylalanine,Di,1,0.903,0.7921,test
Q9KK62,phenylalanine,Mono,0,0.0735,0.0679,test
Q9KK62,phenylalanine,Tri,1,0.9518,0.7921,test
Q9KK62,proline,Di,0,0.0012,0.0096,test
Q9KK62,proline,Mono,0,0.0007,0.0069,test
Q9KK62,proline,Tri,0,0.0049,0.0097,test
Q9KK62,putrescine,Di,0,0.0046,0.0097,test
Q9KK62,putrescine,Mono,0,0.0013,0.0096,test
Q9KK62,putrescine,Tri,0,0.0095,0.0179,test
Q9KK62,serine,Di,0,0.0823,0.0741,test
Q9KK62,serine,Mono,0,0.1303,0.1192,test
Q9KK62,serine,Tri,0,0.0468,0.0679,test
Q9KK62,serotonin,Di,0,0.0009,0.0069,test
Q9KK62,serotonin,Mono,0,0.0079,0.0167,test
Q9KK62,serotonin,Tri,0,0.0023,0.0096,test
Q9KK62,threonine,Di,0,0.0075,0.0167,test
Q9KK62,threonine,Mono,0,0.0405,0.046,test
Q9KK62,threonine,Tri,0,0.0014,0.0096,test
Q9KK62,tryptamine,Di,0,0.0012,0.0096,test
Q9KK62,tryptamine,Mono,0,0.0002,0.0069,test
Q9KK62,tryptamine,Tri,0,0.003,0.0096,test
Q9KK62,tyramine,Di,0,0.008,0.0167,test
Q9KK62,tyramine,Mono,0,0.1106,0.0758,test
Q9KK62,tyramine,Tri,0,0.0216,0.0264,test
R7PBA0,"2,3_diaminopropionic acid",Di,0,0.0059,0.0157,dev
R7PBA0,"2,3_diaminopropionic acid",Mono,0,0.0007,0.0069,dev
R7PBA0,"2,3_diaminopropionic acid",Tri,0,0.029,0.0264,dev
R7PBA0,2_aminophenol,Di,1,0.2952,0.1867,dev
R7PBA0,2_aminophenol,Mono,0,0.0107,0.0264,dev
R7PBA0,2_aminophenol,Tri,1,0.1874,0.1317,dev
R7PBA0,3_methoxytyramine,Di,1,0.0285,0.0264,dev
R7PBA0,3_methoxytyramine,Mono,0,0.0004,0.0069,dev
R7PBA0,3_methoxytyramine,Tri,0,0.0059,0.0157,dev
R7PBA0,alanine,Di,1,0.5967,0.566,dev
R7PBA0,alanine,Mono,0,0.0764,0.0679,dev
R7PBA0,alanine,Tri,0,0.0034,0.0096,dev
R7PBA0,arginine,Di,0,0.0001,0.0058,dev
R7PBA0,arginine,Mono,0,0.0,0.0,dev
R7PBA0,arginine,Tri,0,0.0001,0.0058,dev
R7PBA0,asparagine,Di,0,0.0026,0.0096,dev
R7PBA0,asparagine,Mono,0,0.0007,0.0069,dev
R7PBA0,asparagine,Tri,1,0.2974,0.22,dev
R7PBA0,cadaverine,Di,0,0.0003,0.0069,dev
R7PBA0,cadaverine,Mono,0,0.0001,0.0058,dev
R7PBA0,cadaverine,Tri,0,0.0003,0.0069,dev
R7PBA0,citrulline,Di,0,0.0001,0.0058,dev
R7PBA0,citrulline,Mono,0,0.0,0.0,dev
R7PBA0,citrulline,Tri,0,0.0,0.0,dev
R7PBA0,cystine,Di,0,0.0007,0.0069,dev
R7PBA0,cystine,Mono,0,0.0,0.0,dev
R7PBA0,cystine,Tri,0,0.0004,0.0069,dev
R7PBA0,dopamine,Di,0,0.0405,0.046,dev
R7PBA0,dopamine,Mono,0,0.0025,0.0096,dev
R7PBA0,dopamine,Tri,1,0.4964,0.4048,dev
R7PBA0,gaba,Di,0,0.6918,0.6364,dev
R7PBA0,gaba,Mono,1,0.3376,0.2642,dev
R7PBA0,gaba,Tri,1,0.6627,0.5862,dev
R7PBA0,glutamine,Di,0,0.0008,0.0069,dev
R7PBA0,glutamine,Mono,0,0.0004,0.0069,dev
R7PBA0,glutamine,Tri,0,0.0003,0.0069,dev
R7PBA0,glyglycine,Di,0,0.0011,0.0096,dev
R7PBA0,glyglycine,Mono,0,0.0001,0.0058,dev
R7PBA0,glyglycine,Tri,0,0.0008,0.0069,dev
R7PBA0,histidine,Di,0,0.0001,0.0058,dev
R7PBA0,histidine,Mono,0,0.0,0.0,dev
R7PBA0,histidine,Tri,0,0.0002,0.0069,dev
R7PBA0,lysine,Di,0,0.0016,0.0096,dev
R7PBA0,lysine,Mono,0,0.0001,0.0058,dev
R7PBA0,lysine,Tri,0,0.0002,0.0069,dev
R7PBA0,methionine,Di,0,0.0004,0.0069,dev
R7PBA0,methionine,Mono,0,0.0001,0.0058,dev
R7PBA0,methionine,Tri,0,0.0002,0.0069,dev
R7PBA0,ornithine,Di,0,0.0107,0.0264,dev
R7PBA0,ornithine,Mono,0,0.0011,0.0096,dev
R7PBA0,ornithine,Tri,0,0.0012,0.0096,dev
R7PBA0,phenylalanine,Di,1,0.5862,0.566,dev
R7PBA0,phenylalanine,Mono,0,0.0023,0.0096,dev
R7PBA0,phenylalanine,Tri,1,0.5059,0.4048,dev
R7PBA0,proline,Di,0,0.0004,0.0069,dev
R7PBA0,proline,Mono,0,0.0001,0.0058,dev
R7PBA0,proline,Tri,0,0.0019,0.0096,dev
R7PBA0,putrescine,Di,0,0.0004,0.0069,dev
R7PBA0,putrescine,Mono,0,0.0001,0.0058,dev
R7PBA0,putrescine,Tri,0,0.0006,0.0069,dev
R7PBA0,serine,Di,0,0.0009,0.0069,dev
R7PBA0,serine,Mono,0,0.0005,0.0069,dev
R7PBA0,serine,Tri,0,0.0005,0.0069,dev
R7PBA0,serotonin,Di,0,0.0006,0.0069,dev
R7PBA0,serotonin,Mono,0,0.0055,0.0157,dev
R7PBA0,serotonin,Tri,0,0.0008,0.0069,dev
R7PBA0,threonine,Di,0,0.0001,0.0058,dev
R7PBA0,threonine,Mono,0,0.0001,0.0069,dev
R7PBA0,threonine,Tri,0,0.0,0.0,dev
R7PBA0,tryptamine,Di,0,0.0007,0.0069,dev
R7PBA0,tryptamine,Mono,0,0.0001,0.0058,dev
R7PBA0,tryptamine,Tri,0,0.001,0.0096,dev
R7PBA0,tyramine,Di,0,0.0012,0.0096,dev
R7PBA0,tyramine,Mono,0,0.0071,0.0157,dev
R7PBA0,tyramine,Tri,0,0.0013,0.0096,dev
U2D571,"2,3_diaminopropionic acid",Di,0,0.3038,0.22,dev
U2D571,"2,3_diaminopropionic acid",Mono,0,0.1666,0.1192,dev
U2D571,"2,3_diaminopropionic acid",Tri,0,0.776,0.7234,dev
U2D571,2_aminophenol,Di,0,0.8385,0.7547,dev
U2D571,2_aminophenol,Mono,0,0.3952,0.2642,dev
U2D571,2_aminophenol,Tri,0,0.9094,0.7921,dev
U2D571,3_methoxytyramine,Di,0,0.0746,0.0679,dev
U2D571,3_methoxytyramine,Mono,0,0.0087,0.0179,dev
U2D571,3_methoxytyramine,Tri,0,0.0753,0.0679,dev
U2D571,alanine,Di,1,0.9899,0.8873,dev
U2D571,alanine,Mono,0,0.968,0.8273,dev
U2D571,alanine,Tri,0,0.8634,0.7547,dev
U2D571,arginine,Di,0,0.0065,0.0157,dev
U2D571,arginine,Mono,0,0.0032,0.0096,dev
U2D571,arginine,Tri,0,0.0122,0.0264,dev
U2D571,asparagine,Di,0,0.1969,0.1317,dev
U2D571,asparagine,Mono,0,0.1339,0.1192,dev
U2D571,asparagine,Tri,1,0.953,0.7921,dev
U2D571,cadaverine,Di,0,0.015,0.0264,dev
U2D571,cadaverine,Mono,0,0.0074,0.0167,dev
U2D571,cadaverine,Tri,0,0.0389,0.046,dev
U2D571,citrulline,Di,0,0.0563,0.0679,dev
U2D571,citrulline,Mono,0,0.0205,0.0264,dev
U2D571,citrulline,Tri,0,0.0384,0.046,dev
U2D571,cystine,Di,0,0.0268,0.0264,dev
U2D571,cystine,Mono,0,0.0068,0.0157,dev
U2D571,cystine,Tri,0,0.0271,0.0264,dev
U2D571,dopamine,Di,0,0.3152,0.22,dev
U2D571,dopamine,Mono,0,0.0992,0.0758,dev
U2D571,dopamine,Tri,0,0.95,0.7921,dev
U2D571,gaba,Di,1,0.9933,0.8962,dev
U2D571,gaba,Mono,1,0.9885,0.8873,dev
U2D571,gaba,Tri,1,0.9963,0.9,dev
U2D571,glutamine,Di,0,0.193,0.1317,dev
U2D571,glutamine,Mono,0,0.1343,0.1192,dev
U2D571,glutamine,Tri,0,0.2411,0.1466,dev
U2D571,glyglycine,Di,0,0.0613,0.0679,dev
U2D571,glyglycine,Mono,0,0.0295,0.0264,dev
U2D571,glyglycine,Tri,0,0.1198,0.0758,dev
U2D571,histidine,Di,0,0.0028,0.0096,dev
U2D571,histidine,Mono,0,0.0032,0.0096,dev
U2D571,histidine,Tri,0,0.0065,0.0157,dev
U2D571,lysine,Di,0,0.515,0.4048,dev
U2D571,lysine,Mono,0,0.1983,0.1317,dev
U2D571,lysine,Tri,0,0.2007,0.1317,dev
U2D571,methionine,Di,0,0.2543,0.1466,dev
U2D571,methionine,Mono,0,0.1525,0.1192,dev
U2D571,methionine,Tri,0,0.3268,0.2642,dev
U2D571,ornithine,Di,0,0.2213,0.1466,dev
U2D571,ornithine,Mono,0,0.0946,0.0758,dev
U2D571,ornithine,Tri,0,0.1125,0.0758,dev
U2D571,phenylalanine,Di,1,0.9842,0.8343,dev
U2D571,phenylalanine,Mono,0,0.6179,0.5862,dev
U2D571,phenylalanine,Tri,1,0.9921,0.8962,dev
U2D571,proline,Di,0,0.0075,0.0167,dev
U2D571,proline,Mono,0,0.0065,0.0157,dev
U2D571,proline,Tri,0,0.044,0.0679,dev
U2D571,putrescine,Di,0,0.0179,0.0264,dev
U2D571,putrescine,Mono,0,0.0086,0.0167,dev
U2D571,putrescine,Tri,0,0.0463,0.0679,dev
U2D571,serine,Di,0,0.41,0.2642,dev
U2D571,serine,Mono,0,0.6368,0.5862,dev
U2D571,serine,Tri,0,0.4261,0.37,dev
U2D571,serotonin,Di,0,0.0064,0.0157,dev
U2D571,serotonin,Mono,0,0.046,0.0679,dev
U2D571,serotonin,Tri,0,0.0103,0.0179,dev
U2D571,threonine,Di,0,0.0655,0.0679,dev
U2D571,threonine,Mono,0,0.2859,0.1867,dev
U2D571,threonine,Tri,0,0.04,0.046,dev
U2D571,tryptamine,Di,0,0.0016,0.0096,dev
U2D571,tryptamine,Mono,0,0.0006,0.0069,dev
U2D571,tryptamine,Tri,0,0.0044,0.0096,dev
U2D571,tyramine,Di,0,0.0731,0.0679,dev
U2D571,tyramine,Mono,0,0.4922,0.37,dev
U2D571,tyramine,Tri,0,0.142,0.1192,dev
